comparison,control,candidate,filename,patient_id,delta_dice,delta_iou,delta_sensitivity,delta_precision,delta_specificity,delta_accuracy,delta_hd95,delta_cldice,delta_boundary_f1
DecoderKD_V2_vs_pretrained_F0,F0_pretrained_seed42,DecoderDistillV2_seed42,ANFC_000085.png,8_140724,0.014329965965951708,0.021809747561600257,-0.057943531390789116,0.08081426522767232,0.031131818003993672,0.011779785156070255,-1.7516263956694704,0.04010978110309593,0.09642133337671688
DecoderKD_V2_vs_pretrained_F0,F0_pretrained_seed42,DecoderDistillV2_seed42,ANFC_000086.png,8_140724,-0.055855744737763446,-0.07737320431727046,-0.01911009697116084,-0.08548247224165495,-0.006722553602986903,-0.007385253906137312,159.68880309938868,-0.2513051278036581,-0.12252978704898115
DecoderKD_V2_vs_pretrained_F0,F0_pretrained_seed42,DecoderDistillV2_seed42,ANFC_000089.png,8_140724,0.009655172388359334,0.013477483640090604,-0.03164437746923665,0.038550169855227634,0.01422120251986203,0.006790161132708805,-0.9944904829834726,0.014906643825845833,0.05693987243352183
DecoderKD_V2_vs_pretrained_F0,F0_pretrained_seed42,DecoderDistillV2_seed42,ANFC_000090.png,8_140724,-0.060900520853647055,-0.09509856619663071,0.01456040902361222,-0.11101746902974485,-0.027821503740288578,-0.02200317382778927,11.260517471854516,-0.08881120385982444,-0.07604417653527873
DecoderKD_V2_vs_pretrained_F0,F0_pretrained_seed42,DecoderDistillV2_seed42,ANFC_000091.png,8_140724,-0.025656300597176163,-0.03748452172392702,-0.019845644981030808,-0.029482359761726085,-0.005629825876185213,-0.00740051269519959,3.293193716829995,-0.021564684388142963,-0.046025076170084445
DecoderKD_V2_vs_pretrained_F0,F0_pretrained_seed42,DecoderDistillV2_seed42,ANFC_000092.png,8_140724,-0.15532940934435302,-0.18012632750520136,-0.003429996880751518,-0.2673794264172136,-0.025301224148866486,-0.024230957030880296,160.69197582868424,-0.2540752949690843,-0.12761547754550245
DecoderKD_V2_vs_pretrained_F0,F0_pretrained_seed42,DecoderDistillV2_seed42,ANFC_000093.png,8_140724,-0.031119388653728874,-0.043651976198153974,-0.014504360205151778,-0.045041030141899085,-0.012247228258642218,-0.012634277343557265,8.529638997931672,-0.056665058626381604,-0.03745577837876124
DecoderKD_V2_vs_pretrained_F0,F0_pretrained_seed42,DecoderDistillV2_seed42,ANFC_000094.png,8_140724,-0.008001805774137671,-0.011176939488169668,0.002829544345513746,-0.017718648520389846,-0.0045761209686802085,-0.0034179687499478195,1.287174198247639,-0.009307954076556935,0.01304697434831914
DecoderKD_V2_vs_pretrained_F0,F0_pretrained_seed42,DecoderDistillV2_seed42,ANFC_000095.png,8_140724,0.0007197564404162193,0.0010055405223495795,0.028583944800286476,-0.02530490881937797,-0.006595160003428857,-0.0016937255859116318,5.660196210052757,-0.002774684879790379,0.020767298906635756
DecoderKD_V2_vs_pretrained_F0,F0_pretrained_seed42,DecoderDistillV2_seed42,ANFC_000096.png,8_140724,-0.04995821842603454,-0.05710253368508922,-0.052908841032315856,-0.047077015066639416,-0.0032205329409314976,-0.006530761718650413,18.52707102897577,-0.05342109365292158,-0.004468587404123148
DecoderKD_V2_vs_pretrained_F0,F0_pretrained_seed42,DecoderDistillV2_seed42,ANFC_000097.png,8_140724,0.02752077224753413,0.03278775859779792,0.07896120280948782,-0.024578599452486305,-0.011423471664231521,0.0016937255859116318,-23.45269472169304,0.06712708010464075,0.08155653496692428
DecoderKD_V2_vs_pretrained_F0,F0_pretrained_seed42,DecoderDistillV2_seed42,ANFC_000098.png,8_140724,0.025548583271024716,0.04008211855230892,0.053790285967568074,-0.004185468186492458,-0.001833439108634205,0.005645751953038847,-1.0803630269509052,0.02569835312023705,0.04741853073284097
DecoderKD_V2_vs_pretrained_F0,F0_pretrained_seed42,DecoderDistillV2_seed42,ANFC_000099.png,8_140724,0.02399706553684411,0.03674193531300218,0.03139388865305637,0.01732914646525341,0.0026795284029532684,0.006866455078020195,-0.8377223398316205,-0.003673285734933973,0.09112421896291933
DecoderKD_V2_vs_pretrained_F0,F0_pretrained_seed42,DecoderDistillV2_seed42,ANFC_000100.png,8_140724,-0.0008397060849468785,-0.0012482501841626359,0.024719791183061668,-0.021787119316470815,-0.003998441285532839,-0.0011444091796699585,0.0,0.006760001864528742,-0.03822505637512141
DecoderKD_V2_vs_pretrained_F0,F0_pretrained_seed42,DecoderDistillV2_seed42,ANFC_000101.png,8_140724,-0.027692152944695625,-0.03750690976939175,-0.0713505926332384,0.01938069214208571,0.01001669449062803,-0.00590515136709735,9.18236665650385,-0.02597598553325009,-0.013005895901261222
DecoderKD_V2_vs_pretrained_F0,F0_pretrained_seed42,DecoderDistillV2_seed42,ANFC_000102.png,8_140724,-0.05268407838450606,-0.06571116349054762,-0.01798561150848077,-0.07843635479146316,-0.016657431776966103,-0.016815185546618316,29.512865613056693,-0.10211720358250564,-0.10322334745893569
DecoderKD_V2_vs_pretrained_F0,F0_pretrained_seed42,DecoderDistillV2_seed42,ANFC_000103.png,8_140724,0.03406376466735461,0.047811850818542445,-0.0033395671916458536,0.05529396088036809,0.01317829457341646,0.011291503906077693,-9.10460601397904,0.04197415597613219,0.04240124307821724
DecoderKD_V2_vs_pretrained_F0,F0_pretrained_seed42,DecoderDistillV2_seed42,ANFC_000104.png,8_140724,0.008978197579150526,0.01333718495362779,0.012237937605352744,0.005333340924723817,0.0007018554177713465,0.0024566650390250855,0.0,-0.0038630801650149094,0.07284806646671915
DecoderKD_V2_vs_pretrained_F0,F0_pretrained_seed42,DecoderDistillV2_seed42,ANFC_000105.png,8_140724,-0.011025855053091504,-0.013882218134883662,-0.00777096114413478,-0.01437452927996119,-0.0020618202436029076,-0.0027008056640213107,8.799626767285034,-0.04539875636122559,0.04401738326846749
DecoderKD_V2_vs_pretrained_F0,F0_pretrained_seed42,DecoderDistillV2_seed42,ANFC_000106.png,8_140724,0.018128140214617616,0.02544240186186797,-0.004130386246469109,0.03526811993422563,0.00857223655822803,0.00683593749989575,-0.8309518948453007,-0.0043870767903654295,0.04128381293621741
DecoderKD_V2_vs_pretrained_F0,F0_pretrained_seed42,DecoderDistillV2_seed42,ANFC_000107.png,8_140724,0.2920922455268603,0.20374846655458645,0.2453544390493196,0.21659925983879924,-0.005743084856912772,0.01652526855443537,-111.43122564477392,0.3594048485093168,0.0920118848785782
DecoderKD_V2_vs_pretrained_F0,F0_pretrained_seed42,DecoderDistillV2_seed42,ANFC_000108.png,8_140724,-0.010752044541325056,-0.015560701062008575,0.017779197272673408,-0.035958432757779546,-0.008745524820391704,-0.004943847656174505,2.469989443278055,-0.0036954168441513113,-0.06516970856699333
DecoderKD_V2_vs_pretrained_F0,F0_pretrained_seed42,DecoderDistillV2_seed42,ANFC_000109.png,8_140724,0.04404502129491805,0.06312710779343311,0.021018746445556014,0.0579468644212453,0.007949547755241149,0.009002685546737665,-18.02379604162864,0.06430267731761452,0.10965420099871459
DecoderKD_V2_vs_pretrained_F0,F0_pretrained_seed42,DecoderDistillV2_seed42,ANFC_000110.png,8_140724,0.02922673519278507,0.044591607577001424,0.01444444444215165,0.03997330054594872,0.005790397731011754,0.00662231445302397,-1.1649428971432183,0.02382694078349612,0.066319494790957
DecoderKD_V2_vs_pretrained_F0,F0_pretrained_seed42,DecoderDistillV2_seed42,ANFC_000111.png,8_140724,-0.0005275317213123687,-0.0008614469875861674,0.011192423587776057,-0.011499910887121989,-0.001149614058118753,-0.00027465820312078115,-0.8377223398316205,-0.00360367148916918,0.03172913588214543
DecoderKD_V2_vs_pretrained_F0,F0_pretrained_seed42,DecoderDistillV2_seed42,ANFC_000112.png,8_140724,0.04226950668648033,0.05230386159948819,-0.011222869241797495,0.06905037074268039,0.026528320050872245,0.021087646484053257,-16.18938099097448,0.028232043843658072,0.06960161929795017
DecoderKD_V2_vs_pretrained_F0,F0_pretrained_seed42,DecoderDistillV2_seed42,ANFC_000113.png,8_140724,0.007930839516686494,0.011789486659219306,0.017890611687008784,0.00018545491403731962,-0.0009851667348045323,0.0023956298827759737,-1.0,0.04417944525760964,0.002289481917245817
DecoderKD_V2_vs_pretrained_F0,F0_pretrained_seed42,DecoderDistillV2_seed42,ANFC_000115.png,8_1621490,0.021667282988417247,0.028686499257504883,0.024301143579367745,0.019503694744658073,0.0028696826468118664,0.004928588867112338,-17.62646419610616,0.06373270035064393,0.0037497831775896717
DecoderKD_V2_vs_pretrained_F0,F0_pretrained_seed42,DecoderDistillV2_seed42,ANFC_000116.png,8_1621490,-0.0237106706304272,-0.01981664499417457,-0.08991825611637794,0.004040821225147484,0.018011029225458053,0.007736206054569483,1.493253660514256,-0.14244662491014048,-0.11869729593109352
DecoderKD_V2_vs_pretrained_F0,F0_pretrained_seed42,DecoderDistillV2_seed42,ANFC_000117.png,8_1621490,-0.021722935492704987,-0.03408987252665563,-0.00510844237272734,-0.03942213205214573,-0.008716760454435257,-0.008102416992063932,4.055385138137417,-0.017191036250668867,-0.04957523401337416
DecoderKD_V2_vs_pretrained_F0,F0_pretrained_seed42,DecoderDistillV2_seed42,ANFC_000118.png,8_1621490,0.0010476799200755949,0.001309782096809764,0.07486153295071263,-0.047336169612738566,-0.011728590733717126,-0.004333496093683942,-19.08234026810318,-0.03329089739684443,-0.034480402928421916
DecoderKD_V2_vs_pretrained_F0,F0_pretrained_seed42,DecoderDistillV2_seed42,ANFC_000119.png,8_1621490,-0.0030402319818191303,-0.004356788096383513,0.0375626043342967,-0.04445065062978981,-0.006196889799378713,-0.0021972656249664713,0.6568542494923806,-0.01232190458752025,-0.025024379582021417
DecoderKD_V2_vs_pretrained_F0,F0_pretrained_seed42,DecoderDistillV2_seed42,ANFC_000120.png,8_1621490,-0.021244165290544847,-0.028870294358359305,-0.03429177468367994,-0.004892916768561406,0.0002453987730018925,-0.004226684570247996,1.100584389899737,-0.012095527318020216,-0.05501092150348441
DecoderKD_V2_vs_pretrained_F0,F0_pretrained_seed42,DecoderDistillV2_seed42,ANFC_000123.png,8_1621490,0.010573063974746666,0.013742866801545905,0.06824146980573698,-0.03328077692137943,-0.008940212329891506,-0.001312255859355016,0.7111749162287033,0.007933683203008801,0.030331539765404036
DecoderKD_V2_vs_pretrained_F0,F0_pretrained_seed42,DecoderDistillV2_seed42,ANFC_000124.png,8_1621490,0.0014266760245511545,0.0018023743986442797,0.0526526526421115,-0.04167462492878726,-0.007036553740324081,-0.0024871826171495304,-10.313579528000396,0.026945498425491654,-0.019696220311925527
DecoderKD_V2_vs_pretrained_F0,F0_pretrained_seed42,DecoderDistillV2_seed42,ANFC_000125.png,8_1621490,0.024672076495367623,0.027999139926163097,0.17921359411594284,-0.11717344272070007,-0.023265812318755463,-0.007629394531133538,16.817701313211266,-0.085548373959625,-0.08608959483663953
DecoderKD_V2_vs_pretrained_F0,F0_pretrained_seed42,DecoderDistillV2_seed42,ANFC_000127.png,8_1621490,-0.0189366214922706,-0.022986216226507095,-0.07360805282365279,0.026656286277934038,0.0038969161440752798,0.00013732910156039058,30.199843660176747,0.005889468076275994,-0.019045116174098875
DecoderKD_V2_vs_pretrained_F0,F0_pretrained_seed42,DecoderDistillV2_seed42,ANFC_000128.png,8_1621490,0.0036447525237763845,0.0051086265789100915,-0.04008494822934894,0.0451708851843865,0.008913485741717353,0.003280639648387429,2.3728466346824337,0.005837960625568739,0.03887304805081415
DecoderKD_V2_vs_pretrained_F0,F0_pretrained_seed42,DecoderDistillV2_seed42,ANFC_000129.png,8_1621490,0.001824285787319746,0.0025473816258825277,0.07476893363570569,-0.05891133525634007,-0.0132619623584459,-0.003524780273383765,1.7082039324993694,-0.016304067506626052,-0.006605629646923239
DecoderKD_V2_vs_pretrained_F0,F0_pretrained_seed42,DecoderDistillV2_seed42,ANFC_000130.png,8_1621490,-0.03728150335359259,-0.04042391118341726,0.035176675640124055,-0.14165033233601387,-0.01931616715881268,-0.014068603515410283,8.715628186121506,-0.09152045348161109,-0.10897673101389749
DecoderKD_V2_vs_pretrained_F0,F0_pretrained_seed42,DecoderDistillV2_seed42,ANFC_000131.png,8_1621490,-0.03044549688654219,-0.0326095334589499,-0.07331628301932736,0.04660320944409446,0.0056866741173214885,3.051757812455591e-05,5.5927190608925486,-0.01915971355863122,-0.07286825680931969
DecoderKD_V2_vs_pretrained_F0,F0_pretrained_seed42,DecoderDistillV2_seed42,ANFC_000133.png,8_1621490,-0.004796080365574662,-0.0055506368585968024,0.013570194913996914,-0.013755453368557657,-0.0028300505830419764,-0.0018157958984097444,0.002663881685769809,0.011814536261413044,-0.006576720233545719
DecoderKD_V2_vs_pretrained_F0,F0_pretrained_seed42,DecoderDistillV2_seed42,ANFC_000135.png,8_1621490,-0.04320861794579334,-0.05838665858319414,0.06395772593586768,-0.10435397145458825,-0.020783373301012875,-0.013687133788853667,2.0,-0.04814578587246732,-0.08106783943710072
DecoderKD_V2_vs_pretrained_F0,F0_pretrained_seed42,DecoderDistillV2_seed42,ANFC_000136.png,8_1621490,0.012098373844291466,0.018318685839318283,0.067284882452602,-0.03626510882878853,-0.004679879800905007,0.00041198730468128275,-0.3944487245360109,0.004946228184313783,-0.0183744226528193
DecoderKD_V2_vs_pretrained_F0,F0_pretrained_seed42,DecoderDistillV2_seed42,ANFC_000137.png,8_1621490,0.007864202835421774,0.011428071839213572,-0.0009655616347069573,0.012950018586558532,0.0011533101603236062,0.0010528564452964018,-6.077837319191463,0.011782348218182692,0.0120484278377182
DecoderKD_V2_vs_pretrained_F0,F0_pretrained_seed42,DecoderDistillV2_seed42,ANFC_000361.png,8_55896,-0.018691138138794083,-0.020320724835276027,0.13674633349582477,-0.07508878723935919,-0.04625936876768444,-0.02569580078085787,16.691888778717058,-0.13468032333529123,-0.04061584667385765
DecoderKD_V2_vs_pretrained_F0,F0_pretrained_seed42,DecoderDistillV2_seed42,ANFC_000362.png,8_55896,-0.015965192324781774,-0.023119513540110437,-0.022567287780006717,-0.011684429271299757,-0.001004843013853618,-0.002593994140585476,-1.304104723840064,-0.003254898153411956,-0.12335318922043803
DecoderKD_V2_vs_pretrained_F0,F0_pretrained_seed42,DecoderDistillV2_seed42,ANFC_000363.png,8_55896,-0.024089237180769718,-0.029531059164825235,-0.039544235919632076,-0.005385519397858696,0.0007920655692404965,-0.0037994384765045464,-4.256692239328139,-0.0356134770112545,-0.04289323607870332
DecoderKD_V2_vs_pretrained_F0,F0_pretrained_seed42,DecoderDistillV2_seed42,ANFC_000364.png,8_55896,-0.025669385927361565,-0.02387106667406602,-0.2092855424081584,0.14301536467498943,0.032144544550544274,0.016830444335680705,-15.504316678799142,-0.05697842142778753,0.004989239881942331
DecoderKD_V2_vs_pretrained_F0,F0_pretrained_seed42,DecoderDistillV2_seed42,ANFC_000365.png,8_55896,0.13891799429628138,0.126568116333934,-0.024458032226538085,0.2759544568011274,0.01838806344794408,0.017211914062237432,110.4344867912602,0.08883413268277274,0.039115324993806544
DecoderKD_V2_vs_pretrained_F0,F0_pretrained_seed42,DecoderDistillV2_seed42,ANFC_000366.png,8_55896,0.005021631628171819,0.006791053116583234,0.02175264138946509,-0.007395081309763185,-0.0027830443025381735,0.0002288818359340583,-1.0633211246495389,-0.01842671862340739,0.05985202299168735
DecoderKD_V2_vs_pretrained_F0,F0_pretrained_seed42,DecoderDistillV2_seed42,ANFC_000367.png,8_55896,-0.014171271176907141,-0.011517882835877069,-0.03751065643009194,0.042389820015869106,0.008060867087730017,0.003982543945251771,7.846972642209494,-0.0351414598241514,-0.004623662731988387
DecoderKD_V2_vs_pretrained_F0,F0_pretrained_seed42,DecoderDistillV2_seed42,ANFC_000368.png,8_55896,0.004295201881954869,0.0058496149323797875,0.03593786227267126,-0.026572757675006553,-0.006712352837696112,-0.0010986328124832356,-30.210228656488255,-0.0002977020714899359,-0.019249420704155473
DecoderKD_V2_vs_pretrained_F0,F0_pretrained_seed42,DecoderDistillV2_seed42,ANFC_000369.png,8_55896,0.002357477373129524,0.0029824210442439547,0.05263157892638293,-0.03294227611900957,-0.0032683886526104766,-0.0011291503906077915,11.494190060311748,-0.029045994689570587,-0.025934931393303162
DecoderKD_V2_vs_pretrained_F0,F0_pretrained_seed42,DecoderDistillV2_seed42,ANFC_000370.png,8_55896,0.062307688232511316,0.07459955228705972,0.19384203475399142,-0.050379646138669854,-0.010274914645227784,0.0013580322265417388,-0.5166391409675981,0.034409738266321654,0.021028068689872836
DecoderKD_V2_vs_pretrained_F0,F0_pretrained_seed42,DecoderDistillV2_seed42,ANFC_000371.png,8_55896,-0.011610403435710737,-0.01430502975665271,0.004037232252547152,-0.03181896804232076,-0.005846094067259222,-0.004501342773368888,-30.59435337406584,0.019803574864077467,0.016330875826144564
DecoderKD_V2_vs_pretrained_F0,F0_pretrained_seed42,DecoderDistillV2_seed42,ANFC_000372.png,8_55896,-0.00669575877098294,-0.009640902189388512,-0.004186102140391612,-0.00899852432969206,-0.0015566243987484851,-0.0018920898437211342,1.0,-0.0033665695854788735,-0.005446463054742612
DecoderKD_V2_vs_pretrained_F0,F0_pretrained_seed42,DecoderDistillV2_seed42,ANFC_000373.png,8_55896,-0.02208442569712321,-0.028431839332191955,-0.009228665830098182,-0.04040313199237533,-0.005919766028190776,-0.0063629150389654665,5.045970642982688,-0.014779925612061762,-0.005539442225995228
DecoderKD_V2_vs_pretrained_F0,F0_pretrained_seed42,DecoderDistillV2_seed42,ANFC_000374.png,8_55896,0.01588906750345187,0.020453093466073824,0.0017101812790206727,0.031217761588944293,0.005954373293297732,0.0053863525389803435,-1.454824434689085,0.016561756986622433,0.021942227869594155
DecoderKD_V2_vs_pretrained_F0,F0_pretrained_seed42,DecoderDistillV2_seed42,ANFC_000375.png,8_55896,-0.03325746262200435,-0.04318714989374817,-0.08107751220373993,0.009557766520523536,0.0055380156305654404,-0.004470825195244221,25.169517733266957,-0.03286889812239657,-0.00649375724798773
DecoderKD_V2_vs_pretrained_F0,F0_pretrained_seed42,DecoderDistillV2_seed42,ANFC_000376.png,8_55896,0.0053022221820809845,0.00662967127165115,-0.0008368200835419115,0.01015473430901237,0.0016789509913923695,0.0014495849609152955,-11.786404553114274,0.04607005557331889,0.006483361346156569
DecoderKD_V2_vs_pretrained_F0,F0_pretrained_seed42,DecoderDistillV2_seed42,ANFC_000377.png,8_55896,-0.003926762956636298,-0.0055782022777361995,0.010475423044242538,-0.013712701522606174,-0.002713589860229737,-0.0014648437499776845,1.0,0.006359815741327712,0.0019458262937652737
DecoderKD_V2_vs_pretrained_F0,F0_pretrained_seed42,DecoderDistillV2_seed42,ANFC_000378.png,8_55896,0.02999642231529187,0.03925647735750004,0.035362935384822825,0.025660859402784064,0.003499155376228247,0.007156372070203254,-5.533954111775348,0.06002176739020626,0.06461515217181169
DecoderKD_V2_vs_pretrained_F0,F0_pretrained_seed42,DecoderDistillV2_seed42,ANFC_000379.png,8_55896,0.042290306565375246,0.05277709740141878,0.013647642677784178,0.05722349202597188,0.012083671811330854,0.01223754882793826,-21.2651327560696,0.054133974589840816,0.04721868664141249
DecoderKD_V2_vs_pretrained_F0,F0_pretrained_seed42,DecoderDistillV2_seed42,ANFC_000380.png,8_55896,0.009424503919426175,0.012463857537114653,-0.014301280303146036,0.023817660729054557,0.006392411588713842,0.0040740966796253275,-12.520193472397718,-0.012547957667608522,0.02987125699287896
DecoderKD_V2_vs_pretrained_F0,F0_pretrained_seed42,DecoderDistillV2_seed42,ANFC_000381.png,8_55896,0.0003337159064513706,0.0004357535296668491,0.0021167221043064677,-0.0015304991350927333,-0.0002885170224994349,-4.5776367186833866e-05,-7.645233189872153,0.027302233139913756,-0.04680706317126926
DecoderKD_V2_vs_pretrained_F0,F0_pretrained_seed42,DecoderDistillV2_seed42,ANFC_000382.png,8_55896,-0.04190577160476261,-0.04925862109480039,-0.06445400996098172,-0.0040859068094346584,0.002045566763030804,-0.006912231445207029,4.592596034295255,-0.06486514694959367,-0.011971715194798338
DecoderKD_V2_vs_pretrained_F0,F0_pretrained_seed42,DecoderDistillV2_seed42,ANFC_000383.png,8_55896,0.02050355391940417,0.021978423963356142,-0.007117437721602893,0.03774610653754895,0.013515178178380771,0.010772705077960687,41.48286485610167,-0.011288472139702965,-0.02447870496212179
DecoderKD_V2_vs_pretrained_F0,F0_pretrained_seed42,DecoderDistillV2_seed42,ANFC_000384.png,8_55896,-0.07823767199094434,-0.08736713379390565,0.02826086956082907,-0.1462049294784693,-0.03533234059775059,-0.029083251952681244,25.104420440744292,-0.15814165258925883,-0.13346640847932495
DecoderKD_V2_vs_pretrained_F0,F0_pretrained_seed42,DecoderDistillV2_seed42,ANFC_000385.png,8_55896,0.003921412286329917,0.0035912185328226265,0.04308897591321259,-0.0038435298478874946,-0.0027137680590643143,-0.0014648437499776845,-7.338230846918776,-0.034453757856599876,-0.04043407468533694
DecoderKD_V2_vs_pretrained_F0,F0_pretrained_seed42,DecoderDistillV2_seed42,ANFC_000386.png,8_55896,0.06928996341103943,0.08960549261305728,0.09956961729678149,0.045794680681103705,0.005005356609617206,0.017410278320046824,-18.103763181717486,0.07334861411002924,0.01598512133250285
DecoderKD_V2_vs_pretrained_F0,F0_pretrained_seed42,DecoderDistillV2_seed42,ANFC_000387.png,8_55896,0.043628303879804986,0.04975802323733425,0.05762711862453318,0.035095079638715054,0.0028281085226276037,0.005294799804606676,0.688781638529683,0.03921820958302358,0.014095536176554568
DecoderKD_V2_vs_pretrained_F0,F0_pretrained_seed42,DecoderDistillV2_seed42,ANFC_000388.png,8_55896,0.07400803506304487,0.09991755502989896,0.0387355298221872,0.09014970103149678,0.012073258632919304,0.013900756835725336,-13.63501843392055,0.04917924673226237,0.04954168286573035
DecoderKD_V2_vs_pretrained_F0,F0_pretrained_seed42,DecoderDistillV2_seed42,ANFC_000389.png,8_55896,-0.22293896477988845,-0.17803948312508902,-0.15532994915973097,-0.1994615816901049,-0.039282006103274036,-0.04277038574153491,1.3009644943383876,-0.17509342968523867,-0.13655252274173543
DecoderKD_V2_vs_pretrained_F0,F0_pretrained_seed42,DecoderDistillV2_seed42,ANFC_000423.png,8_56826,-0.004529509735428094,-0.005333548439423796,-0.05537629719583359,0.017437172969477888,0.018476391277469917,0.00555419921866529,-14.846032341347588,0.03908393187178005,-0.03009468223280709
DecoderKD_V2_vs_pretrained_F0,F0_pretrained_seed42,DecoderDistillV2_seed42,ANFC_000425.png,8_56826,-0.0014488586150793736,-0.0021359867394762366,-0.022193548385951334,0.017678750898327045,0.011503217001115562,0.0015411376952889633,0.6568542494923806,-0.0036492106450076722,0.047502770461737676
DecoderKD_V2_vs_pretrained_F0,F0_pretrained_seed42,DecoderDistillV2_seed42,ANFC_000426.png,8_56826,-0.07175456216361498,-0.07702903628451319,-0.11623391033531766,0.01625024869665881,0.020500084188825873,-0.017105102538801487,25.55883931634665,-0.0477330578259626,0.0154008869723673
DecoderKD_V2_vs_pretrained_F0,F0_pretrained_seed42,DecoderDistillV2_seed42,ANFC_000427.png,8_56826,0.007838280223484984,0.010191369291175034,-0.0020822862064994174,0.018748077479612046,0.006355480633099653,0.004562377929617889,3.507896391308364,0.043508627088498675,0.021672247596271288
DecoderKD_V2_vs_pretrained_F0,F0_pretrained_seed42,DecoderDistillV2_seed42,ANFC_000428.png,8_56826,-0.1244443921375964,-0.14700163462141508,-0.14454248040601347,-0.10269929563657842,-0.014589983588259692,-0.0345916748041597,28.985554772709065,-0.13185262919671836,-0.07940891788102089
DecoderKD_V2_vs_pretrained_F0,F0_pretrained_seed42,DecoderDistillV2_seed42,ANFC_000429.png,8_56826,-0.06647815206710062,-0.09336406144138443,0.008460413619337692,-0.12961361605538935,-0.03168221292963658,-0.025817871093355982,5.34626686976023,-0.07490869506515152,-0.048222682429535424
DecoderKD_V2_vs_pretrained_F0,F0_pretrained_seed42,DecoderDistillV2_seed42,ANFC_000430.png,8_56826,0.000632039321918354,0.0009382708522527317,0.009724047305324168,-0.010103117389103966,-0.0025313649045189957,-0.0003967285156190048,-0.21954445729288707,-0.024907942935272653,-0.040652259915987865
DecoderKD_V2_vs_pretrained_F0,F0_pretrained_seed42,DecoderDistillV2_seed42,ANFC_000433.png,8_56826,-0.011327493213840634,-0.016865362592436206,0.007650643195148965,-0.031026220358714718,-0.010834022770932594,-0.0066680908202106925,1.1287746051397534,-0.00101413422997787,-0.03819052661394118
DecoderKD_V2_vs_pretrained_F0,F0_pretrained_seed42,DecoderDistillV2_seed42,ANFC_000434.png,8_56826,0.0035151895154797996,0.003462443871689147,0.028466599186681818,-0.00417443518436128,-0.007287617989879092,-0.002975463867142092,-11.163310662399198,0.04097535218314019,0.050515304411960615
DecoderKD_V2_vs_pretrained_F0,F0_pretrained_seed42,DecoderDistillV2_seed42,ANFC_000435.png,8_56826,0.0317593964639411,0.032146716179072,-0.05618106617001595,0.053848207732613174,0.04383094031454415,0.03054809570265893,-6.098338844672384,0.027820374683797944,0.0403891031400585
DecoderKD_V2_vs_pretrained_F0,F0_pretrained_seed42,DecoderDistillV2_seed42,ANFC_000436.png,8_56826,0.015185737803789512,0.02237416872850595,-0.03809638264402737,0.0566099145412996,0.031312635496557606,0.013687133788853667,-2.0,0.01941486363885714,0.0484834112034781
DecoderKD_V2_vs_pretrained_F0,F0_pretrained_seed42,DecoderDistillV2_seed42,ANFC_000438.png,8_56826,-0.007552706622442895,-0.010994014965999499,-0.01820120325807617,-0.0008928021306350287,0.0012403396622223672,-0.002655029296834477,-0.2417927900385397,-0.010238263624020472,0.021846816983712714
DecoderKD_V2_vs_pretrained_F0,F0_pretrained_seed42,DecoderDistillV2_seed42,ANFC_000439.png,8_56826,-0.005036646297848613,-0.007465529374804936,0.02696728558627215,-0.030683060108353533,-0.015955092350087408,-0.005584716796789846,-5.597614516891708,0.00801461453874508,-0.004110621546663418
DecoderKD_V2_vs_pretrained_F0,F0_pretrained_seed42,DecoderDistillV2_seed42,ANFC_000440.png,8_56826,0.011591034181590243,0.01739071205234599,0.0033037993690265832,0.017660906256705133,0.00639626182530173,0.005767822265536959,-0.9562305898748793,0.009247795797759473,0.016669772348075873
DecoderKD_V2_vs_pretrained_F0,F0_pretrained_seed42,DecoderDistillV2_seed42,ANFC_000441.png,8_56826,0.027305636327288663,0.040330546285567315,0.04502290988478497,0.00980643055537822,0.000851873130319758,0.011001586913894634,-2.0498466243236546,0.04224463422817104,0.027504215956084654
DecoderKD_V2_vs_pretrained_F0,F0_pretrained_seed42,DecoderDistillV2_seed42,ANFC_000445.png,8_56826,-0.16412664221693274,-0.1286892672384107,-0.22413793092713707,-0.1231415622556275,-0.021198461732108154,-0.027664184569890393,4.012132252662127,-0.11096281849142908,-0.10413224518833875
DecoderKD_V2_vs_pretrained_F0,F0_pretrained_seed42,DecoderDistillV2_seed42,ANFC_000446.png,8_56826,0.05696557309809125,0.06961330845720393,-0.006614149821149384,0.09857409229102565,0.04855990783316899,0.03723144531193179,-8.439780221438964,0.0768498996997582,-0.02455036413134104
DecoderKD_V2_vs_pretrained_F0,F0_pretrained_seed42,DecoderDistillV2_seed42,ANFC_000447.png,8_56826,0.0022751075737728055,0.0035655821597398996,-0.009747706421219915,0.01191015440289056,0.0041629162915510776,0.0015716552734135192,-3.2002228755011277,0.026140147798195734,-0.059111564263068295
DecoderKD_V2_vs_pretrained_F0,F0_pretrained_seed42,DecoderDistillV2_seed42,ANFC_000448.png,8_56826,0.028240411400011323,0.03817414156199894,0.015022951729722789,0.03589990545713151,0.0071811746960909195,0.00804138183581482,-5.233789475932295,0.10176106331449752,0.080671090277461
DecoderKD_V2_vs_pretrained_F0,F0_pretrained_seed42,DecoderDistillV2_seed42,ANFC_000449.png,8_56826,0.10248331260227372,0.14356870179780046,0.01339243610172658,0.15750677360569298,0.05175395481674494,0.0455474853508675,-34.0,0.0854587069100583,0.06284774577433427
DecoderKD_V2_vs_pretrained_F0,F0_pretrained_seed42,DecoderDistillV2_seed42,ANFC_000450.png,8_56826,0.01791131590225392,0.024547966469062765,0.02293577981460082,0.013794755501323253,0.0028947073543701407,0.006561279296774858,-10.80462259140214,0.010431392310136678,0.025407005524421433
DecoderKD_V2_vs_pretrained_F0,F0_pretrained_seed42,DecoderDistillV2_seed42,ANFC_000451.png,8_56826,-0.003179849105567123,-0.004656627803862223,0.029901010304122733,-0.02874244343510801,-0.008827170461115141,-0.0030364990233912037,1.2620591815168432,-0.008836358003410982,0.005468131530273923
DecoderKD_V2_vs_pretrained_F0,F0_pretrained_seed42,DecoderDistillV2_seed42,ANFC_000452.png,8_56826,0.006963794307081939,0.009210499957110763,0.0347371656896468,-0.011066113272980793,-0.0061494881401625845,-6.103515624911182e-05,-0.48970922205744394,0.014925535630449294,0.006752844681298664
DecoderKD_V2_vs_pretrained_F0,F0_pretrained_seed42,DecoderDistillV2_seed42,ANFC_000453.png,8_56826,-0.06447073763175937,-0.08268256041262156,0.016539812643949103,-0.10002756964429704,-0.02774938675341121,-0.02313232421839695,24.727612994117415,-0.04499209822581551,-0.06939900817923195
DecoderKD_V2_vs_pretrained_F0,F0_pretrained_seed42,DecoderDistillV2_seed42,ANFC_000454.png,8_56826,-0.09780999249630329,-0.1068138634908784,0.14866032840348742,-0.22623609760238678,-0.051799435212914524,-0.03764343261661307,4.6257794340243805,-0.009183236796293182,0.0006467893934383184
DecoderKD_V2_vs_pretrained_F0,F0_pretrained_seed42,DecoderDistillV2_seed42,ANFC_000455.png,8_56826,-0.12770259252083588,-0.10407008951001556,-0.16688160944883113,-0.09306930372974082,-0.00029192818566159406,-0.010147094726407624,53.28743814137357,-0.12871918574629804,-0.0609362609779906
DecoderKD_V2_vs_pretrained_F0,F0_pretrained_seed42,DecoderDistillV2_seed42,ANFC_000456.png,8_56826,0.03016133635684959,0.04069907567165165,-0.023692122667024473,0.05790836598519389,0.018629524125432506,0.013259887695110217,-6.210642683946995,0.01977621106420302,0.0500787497937929
DecoderKD_V2_vs_pretrained_F0,F0_pretrained_seed42,DecoderDistillV2_seed42,ANFC_000457.png,8_56826,-0.03420204920365688,-0.04687343209997774,-0.1308195459624446,0.034733657702393006,0.014167200678671832,-0.0030822753905779265,48.42352987663611,-0.01918341379856492,-0.038246283583844964
DecoderKD_V2_vs_pretrained_F0,F0_pretrained_seed42,DecoderDistillV2_seed42,ANFC_000458.png,8_56826,-0.1810902904949987,-0.21856326872575527,-0.25943872395327294,-0.06746917184380741,9.903768383712208e-05,-0.019515991210639738,46.45599625468247,-0.17305700906752652,-0.11297399386871809
DecoderKD_V2_vs_pretrained_F0,F0_pretrained_seed42,DecoderDistillV2_seed42,ANFC_000459.png,8_56826,-0.013491427534717326,-0.01698048956401288,-0.004615155574718588,-0.020602779480987654,-0.0035022696747054605,-0.003616333007757322,7.970212087172982,-0.017264278838351466,0.008069679529133511
DecoderKD_V2_vs_pretrained_F0,F0_pretrained_seed42,DecoderDistillV2_seed42,ANFC_000460.png,8_56826,-0.0007369813726574304,-0.001094526760174186,0.028952380949623602,-0.028271166207274323,-0.007976597136274854,-0.0020599365234060807,0.349030329381919,0.00997729530334146,-0.006577157996189742
DecoderKD_V2_vs_pretrained_F0,F0_pretrained_seed42,DecoderDistillV2_seed42,ANFC_000461.png,8_56826,-0.0181738398547705,-0.022890913511477762,0.018572700671851794,-0.03578437996147654,-0.01239705244885303,-0.00868225097642994,16.877179416289252,0.022271239334179183,-0.037328808208041186
DecoderKD_V2_vs_pretrained_F0,F0_pretrained_seed42,DecoderDistillV2_seed42,ANFC_000462.png,8_56826,0.011440522790445273,0.01592142342589753,0.035672879690031856,-0.003838983752566305,-0.00432597610580554,0.0025177001952740863,1.0,0.009298673406607949,5.8625741681694876e-05
DecoderKD_V2_vs_pretrained_F0,F0_pretrained_seed42,DecoderDistillV2_seed42,ANFC_000463.png,8_56826,0.012479429891866567,0.01809010482435336,0.01438996112566393,0.010914250984796037,0.0034202818783358735,0.005874633788972794,-0.5596934910894493,0.015669290839827044,0.06356169902113129
DecoderKD_V2_vs_pretrained_F0,F0_pretrained_seed42,DecoderDistillV2_seed42,ANFC_000464.png,8_56826,0.005370240482220234,0.007886640319211158,0.02096557029996482,-0.008401160003597474,-0.0030287641916095787,0.0007781982421756206,-2.8951590686619895,0.03829750445193958,-0.002773812922642893
DecoderKD_V2_vs_pretrained_F0,F0_pretrained_seed42,DecoderDistillV2_seed42,ANFC_000465.png,8_56826,0.01821372420082812,0.02608358869504135,-0.0038651685389783363,0.032969831685146445,0.011210968370160224,0.008651733398305494,-1.8223299044753674,0.014032964565319772,-0.0401228246311377
DecoderKD_V2_vs_pretrained_F0,F0_pretrained_seed42,DecoderDistillV2_seed42,ANFC_000466.png,8_56826,0.003980005291488564,0.006440741943477324,0.013292536114902997,-0.003878088938712776,-0.0031798245613338105,0.0018310546874720224,0.6568542494923806,0.012833354356563631,0.0015439156925241004
DecoderKD_V2_vs_pretrained_F0,F0_pretrained_seed42,DecoderDistillV2_seed42,ANFC_000467.png,8_56826,0.02316509674116307,0.02343624386924953,-0.052847139641584495,0.03992271796337943,0.03150068142164508,0.021759033202792932,-0.4696781343665606,0.02027405660072157,0.0038507403744266755
DecoderKD_V2_vs_pretrained_F0,F0_pretrained_seed42,DecoderDistillV2_seed42,ANFC_000468.png,8_56826,0.009731348487349245,0.014528637502174924,-0.0018355768160064345,0.019026876056660424,0.010177046974007009,0.006881713867082473,-2.0,0.023119577379431377,0.020134799918253954
DecoderKD_V2_vs_pretrained_F0,F0_pretrained_seed42,DecoderDistillV2_seed42,ANFC_000470.png,8_56826,0.009326946152744653,0.014126279454216295,0.06098311341621776,-0.034003607114997614,-0.017069673338367064,0.00035095214843217093,-6.401754250991379,0.027895031512497948,0.026441481745454798
DecoderKD_V2_vs_pretrained_F0,F0_pretrained_seed42,DecoderDistillV2_seed42,ANFC_000471.png,8_56826,-0.006311895434346626,-0.010274434217367068,0.025188916874708256,-0.03527345662900805,-0.011875936815175847,-0.004241943359310274,2.324555320336759,-0.03528492578482889,-0.0071409172639133045
DecoderKD_V2_vs_pretrained_F0,F0_pretrained_seed42,DecoderDistillV2_seed42,ANFC_000472.png,8_58452,-0.031682180591866005,-0.032591655130043584,0.030737704913187613,-0.043132979586621156,-0.02449655358790892,-0.01914978027314529,-2.728829902699232,-0.008782833628602216,-0.07184764659404957
DecoderKD_V2_vs_pretrained_F0,F0_pretrained_seed42,DecoderDistillV2_seed42,ANFC_000473.png,8_58452,-0.014281408265272133,-0.018327313024282255,-0.03083523260077281,-0.002971424216306473,0.0011536408560849365,-0.0024871826171495304,2.326376241364194,0.018149906636319102,-0.04072447152304581
DecoderKD_V2_vs_pretrained_F0,F0_pretrained_seed42,DecoderDistillV2_seed42,ANFC_000474.png,8_58452,0.003335570428601775,0.004248940510595101,0.06410256408762172,-0.029509964292698143,-0.006792280312072685,-0.0021514892577796374,-0.38516480713450374,0.028525833578182835,-0.06910095909327507
DecoderKD_V2_vs_pretrained_F0,F0_pretrained_seed42,DecoderDistillV2_seed42,ANFC_000475.png,8_58452,0.01735204048693817,0.016433449936396116,0.008606652707930595,0.027122898506970583,0.0027271094272625085,0.0031127929687024825,-2.457871098581279,0.03484124849291803,-0.010527950923354512
DecoderKD_V2_vs_pretrained_F0,F0_pretrained_seed42,DecoderDistillV2_seed42,ANFC_000476.png,8_58452,0.04928186492111669,0.036470295387509594,0.19361096738313358,-0.4265364331742772,-0.0882810878124648,-0.05502319335853534,-4.4492361098007365,-0.01080217745790052,-0.11162826588941828
DecoderKD_V2_vs_pretrained_F0,F0_pretrained_seed42,DecoderDistillV2_seed42,ANFC_000477.png,8_58452,0.03781618962612282,0.029275668473662836,0.006169212689139503,0.02894750553916836,0.025478014549258354,0.02447509765587652,-12.195826560451337,0.025497906899331957,-0.03558572710315007
DecoderKD_V2_vs_pretrained_F0,F0_pretrained_seed42,DecoderDistillV2_seed42,ANFC_000478.png,8_58452,0.09416915326875208,0.11925778480062288,0.05337436332201029,0.1335951632577932,0.027855004276663542,0.03152465820264394,-35.64734527202343,0.15573126721114472,0.03866339508304767
DecoderKD_V2_vs_pretrained_F0,F0_pretrained_seed42,DecoderDistillV2_seed42,ANFC_000479.png,8_58452,0.008849705190910218,0.012255672474885126,0.000621393697237349,0.013898463647932235,0.004993458753201674,0.004241943359310274,-0.5649823420741598,0.033787290651409285,0.02887921960934481
DecoderKD_V2_vs_pretrained_F0,F0_pretrained_seed42,DecoderDistillV2_seed42,ANFC_000480.png,8_58452,-0.024618640124196345,-0.03220460501013522,0.019102080542754418,-0.05807373918017367,-0.014341294903530533,-0.010147094726407735,3.0,-0.02135202880357623,0.0176586854044255
DecoderKD_V2_vs_pretrained_F0,F0_pretrained_seed42,DecoderDistillV2_seed42,ANFC_000481.png,8_58452,-0.016770079929853687,-0.021613523725289907,0.0028513238285334808,-0.029437058992773935,-0.006876278557926163,-0.005783081054599237,-15.102454284922878,0.00816567242271049,-0.09999603487329611
DecoderKD_V2_vs_pretrained_F0,F0_pretrained_seed42,DecoderDistillV2_seed42,ANFC_000482.png,8_58452,-0.38581917378931274,-0.3423655630167025,-0.47526928990159717,-0.23200298617810494,0.009869237038699574,-0.057479858397560424,37.03170829068391,-0.24079442287884106,-0.16298386668379827
DecoderKD_V2_vs_pretrained_F0,F0_pretrained_seed42,DecoderDistillV2_seed42,ANFC_000483.png,8_58452,-0.03701606016639403,-0.04341924835323341,0.052577319560527136,-0.07027378556238173,-0.007233159318082438,-0.005462646484291622,24.615807560313648,-0.0563551141348968,-0.11341205230822105
DecoderKD_V2_vs_pretrained_F0,F0_pretrained_seed42,DecoderDistillV2_seed42,ANFC_000484.png,8_58452,0.01440190098302263,0.021440175029020514,0.0415270585804115,-0.012938312838071564,-0.004076355343184623,0.0027770996093327005,-3.0710678118654755,0.01916814255612931,0.028269283715825932
DecoderKD_V2_vs_pretrained_F0,F0_pretrained_seed42,DecoderDistillV2_seed42,ANFC_000485.png,8_58452,0.02927975987134257,0.03925616227564854,0.04455377886503298,0.016029798920084604,0.001030591387673585,0.005889892578035183,-2.4403065089105507,0.026749665429907643,0.02715265348424578
DecoderKD_V2_vs_pretrained_F0,F0_pretrained_seed42,DecoderDistillV2_seed42,ANFC_000486.png,8_58452,0.023222967788698035,0.02978410203825832,0.013924455823635551,0.03202475126997828,0.004166104439276674,0.005096435546797284,-1.9042068944266255,0.003053452962186398,0.06366512233549637
DecoderKD_V2_vs_pretrained_F0,F0_pretrained_seed42,DecoderDistillV2_seed42,ANFC_000487.png,8_58452,-0.028884787747429308,-0.03233271600357657,-0.03262602722523911,-0.025714647357881426,-0.0037293275011113236,-0.0073242187498882005,6.997720918424999,-0.04412125324218985,0.0014190529911536354
DecoderKD_V2_vs_pretrained_F0,F0_pretrained_seed42,DecoderDistillV2_seed42,ANFC_000488.png,8_58452,-0.012665959284092976,-0.018898856885616322,-0.003087248321733238,-0.021823302579831227,-0.003357091209528096,-0.003326416015574152,-0.24264068711928477,0.00538930805508353,-0.0027442607831409394
DecoderKD_V2_vs_pretrained_F0,F0_pretrained_seed42,DecoderDistillV2_seed42,ANFC_000489.png,8_58452,0.0169235175516409,0.022961402958360688,0.02125100240293365,0.01384410145445325,0.0020498156888061336,0.004241943359310274,0.0,0.008415520810089783,0.01680372780845485
DecoderKD_V2_vs_pretrained_F0,F0_pretrained_seed42,DecoderDistillV2_seed42,ANFC_000491.png,8_58452,-0.01632445937283955,-0.018483802576914177,0.09704641348430632,-0.12025343509061104,-0.02198552051224123,-0.012084960937315592,-29.645778517701633,-0.05606245364684581,-0.10016163150513202
DecoderKD_V2_vs_pretrained_F0,F0_pretrained_seed42,DecoderDistillV2_seed42,ANFC_000493.png,8_58452,0.014594324830113248,0.020311535640658462,0.06970580439044449,-0.025085137127945467,-0.008397999654968125,0.0005950927734283962,-40.67822488212627,0.03606519542837805,0.03543406821120165
DecoderKD_V2_vs_pretrained_F0,F0_pretrained_seed42,DecoderDistillV2_seed42,ANFC_000494.png,8_58452,-0.15323773833126708,-0.1895145870704309,-0.10945273629571883,-0.17820819068715144,-0.022598497825428332,-0.028991699218307687,43.592334198026634,-0.1578029404724507,-0.24491989434363248
DecoderKD_V2_vs_pretrained_F0,F0_pretrained_seed42,DecoderDistillV2_seed42,ANFC_000495.png,8_58452,-0.01704273993844152,-0.023745292049751066,0.024166545345149726,-0.04811222118836389,-0.009579491025455855,-0.0060424804686577405,7.169048105154699,-0.030965547591175757,0.0046165856807836025
DecoderKD_V2_vs_pretrained_F0,F0_pretrained_seed42,DecoderDistillV2_seed42,ANFC_000496.png,8_58452,0.08427698997824506,0.09294191698591009,0.11713253468014218,0.06390081203757059,0.005773346384097211,0.014709472656025624,-26.761389428109702,0.08277439354231153,0.020320618698566828
DecoderKD_V2_vs_pretrained_F0,F0_pretrained_seed42,DecoderDistillV2_seed42,ANFC_000497.png,8_58452,-0.019290312089470407,-0.0280985006867146,-0.028502784751719745,-0.011561486145592492,-0.0013834938540699948,-0.005172729492108563,4.062257748298549,-0.02719432985421666,-0.012727196717052247
DecoderKD_V2_vs_pretrained_F0,F0_pretrained_seed42,DecoderDistillV2_seed42,ANFC_000498.png,8_58452,-0.01988050008578912,-0.02974703788489441,-0.024102460667194237,-0.015737124862397645,-0.002553038475322733,-0.005813598632723793,0.06770809408973566,0.014048716272135109,-0.01183960863664224
DecoderKD_V2_vs_pretrained_F0,F0_pretrained_seed42,DecoderDistillV2_seed42,ANFC_000499.png,8_58452,-0.019146592458993972,-0.029234052417046796,-0.0014794582904882336,-0.037934919627349184,-0.006519938677218673,-0.005844116210848349,1.973091749925401,-0.009858688777971247,-0.04032588228311129
DecoderKD_V2_vs_pretrained_F0,F0_pretrained_seed42,DecoderDistillV2_seed42,ANFC_000500.png,8_58452,0.01392750767187545,0.014779260924098203,-0.006451612901883119,0.03523662156400276,0.004594029408298894,0.0037841796874422684,-46.260040470777355,0.019716992733027072,-0.024924219128625302
DecoderKD_V2_vs_pretrained_F0,F0_pretrained_seed42,DecoderDistillV2_seed42,ANFC_000501.png,8_58452,-0.07536671669637407,-0.07349040977821536,-0.10404326548955878,-0.05607555879585563,-0.002530290496771781,-0.008544921874869549,37.95336006801114,-0.12514894390615738,-0.062344212188467585
DecoderKD_V2_vs_pretrained_F0,F0_pretrained_seed42,DecoderDistillV2_seed42,ANFC_000502.png,8_58452,-0.06616631673992845,-0.07255633431650804,-0.19570260039119736,0.0024632834397876335,0.023105763361703557,-0.004241943359310274,14.733918037705727,-0.07376525686020652,-0.03264427407951043
DecoderKD_V2_vs_pretrained_F0,F0_pretrained_seed42,DecoderDistillV2_seed42,ANFC_000503.png,8_58452,0.008292899735971027,0.010613015730103537,0.023198198192973307,0.001200364090011008,-0.0008020164986120015,0.0008239746093624545,-0.2917960675006306,0.030811858643467138,-0.0023835823594052785
DecoderKD_V2_vs_pretrained_F0,F0_pretrained_seed42,DecoderDistillV2_seed42,ANFC_000504.png,8_58452,0.012478243804086242,0.013865211939724675,-0.09208614082546085,0.06377204603503406,0.03051736332688393,0.016357421874750422,-4.124515496597098,9.553358218861163e-05,0.014319404530982238
DecoderKD_V2_vs_pretrained_F0,F0_pretrained_seed42,DecoderDistillV2_seed42,ANFC_000505.png,8_58452,0.004800377894679575,0.007072969071405644,-0.0075400565486474225,0.012912979273051794,0.0016152189518759963,0.0010223388671718459,0.07749502722233004,0.017055111406167556,0.036158053030171056
DecoderKD_V2_vs_pretrained_F0,F0_pretrained_seed42,DecoderDistillV2_seed42,ANFC_000506.png,8_58452,0.015899310543769918,0.018453613586039697,-0.006936602676732351,0.02559005759476629,0.007364713416462498,0.006011962890533296,13.307390611186136,0.0058075407812870905,-0.008838062102944688
DecoderKD_V2_vs_pretrained_F0,F0_pretrained_seed42,DecoderDistillV2_seed42,ANFC_000507.png,8_58452,0.005498688047469336,0.0047137463608344365,-0.0729064039169437,0.019720074357229278,0.013345921812527473,0.009338378906107447,0.17306110544083708,-0.024262471049848022,0.008579651701685231
DecoderKD_V2_vs_pretrained_F0,F0_pretrained_seed42,DecoderDistillV2_seed42,ANFC_000508.png,8_58452,0.01749230027616233,0.02299888951782736,-0.018477920448093044,0.04568847885970151,0.008453085376019409,0.005828857421786071,-55.576585688695396,0.022089589402312537,0.036535214863185006
DecoderKD_V2_vs_pretrained_F0,F0_pretrained_seed42,DecoderDistillV2_seed42,ANFC_000509.png,8_58452,-7.092905645722514e-05,-0.00010465973586182287,-0.01597267103536404,0.011705396551350278,0.004368887670151311,0.001007080078109568,2.5709180697194904,-0.014882295658750766,0.00420413576328571
DecoderKD_V2_vs_pretrained_F0,F0_pretrained_seed42,DecoderDistillV2_seed42,ANFC_000510.png,8_58452,0.0008610229072782971,0.0013475223874465092,0.0017499726564857987,9.198770473173301e-05,-3.546539464049925e-05,0.00021362304687178035,0.0,-0.0022479154624553965,0.023666666957121496
DecoderKD_V2_vs_pretrained_F0,F0_pretrained_seed42,DecoderDistillV2_seed42,ANFC_000592.png,8_58646,0.0021582650820614058,0.002469054383341329,0.012008005335289118,-0.004682222991901797,-0.0021191916058972415,-0.0005035400390548395,-3.3948075310983583,0.03060544534103904,0.045935953415713104
DecoderKD_V2_vs_pretrained_F0,F0_pretrained_seed42,DecoderDistillV2_seed42,ANFC_000593.png,8_58646,-0.0030625119200665685,-0.004711409434882241,0.014618865295902284,-0.0164833384147397,-0.004093680271200273,-0.001632690429662631,0.0,-0.0059657986546302055,0.0007745261867960762
DecoderKD_V2_vs_pretrained_F0,F0_pretrained_seed42,DecoderDistillV2_seed42,ANFC_000594.png,8_58646,0.00497817749836893,0.0069524201946276065,-0.000986290561101999,0.008618712774379644,0.002834088488495201,0.002243041992153305,-2.246211251235321,0.03284351066180835,0.004764216196512461
DecoderKD_V2_vs_pretrained_F0,F0_pretrained_seed42,DecoderDistillV2_seed42,ANFC_000598.png,8_58646,0.017157784594802772,0.02379761061822172,0.017941608217592275,0.016278525976000435,0.0022557023819164135,0.0037231445311931566,-0.8865472305912192,0.02145139442796118,0.0685173456759387
DecoderKD_V2_vs_pretrained_F0,F0_pretrained_seed42,DecoderDistillV2_seed42,ANFC_000599.png,8_58646,0.001868561326972884,0.0028791299193229314,0.02076709061796833,-0.014067005624879392,-0.004164263051554595,-0.00033569335936978195,3.3407881018495367,-0.008897657711274154,-0.016034025680491726
DecoderKD_V2_vs_pretrained_F0,F0_pretrained_seed42,DecoderDistillV2_seed42,ANFC_000600.png,8_58646,0.032206527247994776,0.04067686743645704,0.018245484701599257,0.03841446874312482,0.014318630677815913,0.014968872070084127,-24.54623709667919,0.04091989164821219,0.06084128173044667
DecoderKD_V2_vs_pretrained_F0,F0_pretrained_seed42,DecoderDistillV2_seed42,ANFC_000601.png,8_58646,-0.08569470707164306,-0.107002282600001,-0.20825065271976495,0.010533739532462949,0.01876306713570597,-0.014404296874780287,31.98869403470335,-0.060028645947623804,-0.0535110670236737
DecoderKD_V2_vs_pretrained_F0,F0_pretrained_seed42,DecoderDistillV2_seed42,ANFC_000602.png,8_58646,0.04404663563303929,0.037100647497359474,0.051315503359139925,0.03837949029567067,0.005070810837339068,0.008316040038935602,-27.866263366177215,0.02231694242721949,0.021825307633373203
DecoderKD_V2_vs_pretrained_F0,F0_pretrained_seed42,DecoderDistillV2_seed42,ANFC_000603.png,8_58646,-0.0735114883714788,-0.09669140677317567,0.009413560614500271,-0.11841758000597657,-0.0325964455997817,-0.027557373046454448,8.924858845171276,-0.022734300666581553,-0.1061153669973055
DecoderKD_V2_vs_pretrained_F0,F0_pretrained_seed42,DecoderDistillV2_seed42,ANFC_000607.png,8_58646,0.008726676417784351,0.011117218247674865,0.045578986308133285,-0.016026828950200023,-0.01311009015564657,-0.001007080078109568,-19.110904387143282,0.0224810486912026,0.03281885638355386
DecoderKD_V2_vs_pretrained_F0,F0_pretrained_seed42,DecoderDistillV2_seed42,ANFC_000608.png,8_58646,-0.017576438650617865,-0.0258531705661188,-0.00461116649992388,-0.027560015070086985,-0.005372791765103413,-0.005279541015544398,14.104942302071077,-0.05277394498449384,-0.039352872388286886
DecoderKD_V2_vs_pretrained_F0,F0_pretrained_seed42,DecoderDistillV2_seed42,ANFC_000609.png,8_58646,0.013538419574729899,0.014237958729138911,0.018258426962628804,0.010704617625033552,0.0018991940810889618,0.0031433105468270384,1.9039226569992138,0.02113808240746251,-0.023756099234259254
DecoderKD_V2_vs_pretrained_F0,F0_pretrained_seed42,DecoderDistillV2_seed42,ANFC_000610.png,8_58646,-0.08463633147224692,-0.11395655628273182,-0.06109690252044664,-0.11443651316951886,-0.013008991760179667,-0.018173217773160277,129.01760018017004,-0.07717667733804323,-0.15964463928941663
DecoderKD_V2_vs_pretrained_F0,F0_pretrained_seed42,DecoderDistillV2_seed42,ANFC_000611.png,8_58646,-0.03395382155467935,-0.03064189582883392,0.030360205826696407,-0.06854717973729829,-0.023883696780492958,-0.019058227538771733,-4.373951270816448,0.014917559379499845,0.03562133861808073
DecoderKD_V2_vs_pretrained_F0,F0_pretrained_seed42,DecoderDistillV2_seed42,ANFC_000612.png,8_58646,0.0003005225222765251,0.0004315797949854261,0.0011109347720820173,-0.00026862383672932033,-8.44095551602031e-05,3.051757812455591e-05,-4.9234245159116075,0.003973611830784263,-0.03279266344773735
DecoderKD_V2_vs_pretrained_F0,F0_pretrained_seed42,DecoderDistillV2_seed42,ANFC_000614.png,8_58646,0.05174699224922663,0.06243325797205257,0.1256135653632594,-0.03968658665661662,-0.02290266845799771,0.007568359374884537,4.787516535713937,0.07009786745110025,0.017185642443489968
DecoderKD_V2_vs_pretrained_F0,F0_pretrained_seed42,DecoderDistillV2_seed42,ANFC_000615.png,8_58646,0.016549685052868468,0.024189909016839373,0.00891330891222053,0.020608451121337135,0.004760576151697449,0.005279541015544398,-0.09901951359278449,0.001397362721144213,0.03403818725663632
DecoderKD_V2_vs_pretrained_F0,F0_pretrained_seed42,DecoderDistillV2_seed42,ANFC_000616.png,8_58646,0.003858057022554151,0.005060670543983958,-0.021171051464153545,0.022794260882099127,0.00936457315594652,0.004104614257749772,-4.969491347345853,0.001738414996123483,0.005386595019601703
DecoderKD_V2_vs_pretrained_F0,F0_pretrained_seed42,DecoderDistillV2_seed42,ANFC_000617.png,8_58646,0.007255618802444075,0.01051436390630145,0.03998968007740067,-0.01539231756075865,-0.005035996123407327,0.0002899169921830591,-0.26721055367786306,0.004461600292534396,0.028560632646049577
DecoderKD_V2_vs_pretrained_F0,F0_pretrained_seed42,DecoderDistillV2_seed42,ANFC_000619.png,8_58646,0.0564040636905182,0.0755278213623205,0.08498410368244258,0.029978552391956015,0.00205725443700866,0.012405395507623207,4.865372186071983,0.039186625163809996,0.08823086939113511
DecoderKD_V2_vs_pretrained_F0,F0_pretrained_seed42,DecoderDistillV2_seed42,ANFC_000620.png,8_58646,0.010184444559826589,0.012132832418174089,-0.0024281667338700297,0.026106011324241063,0.0056422051317897015,0.0044250488280574984,4.810761959860592,0.009261266854921346,0.0727435920067756
DecoderKD_V2_vs_pretrained_F0,F0_pretrained_seed42,DecoderDistillV2_seed42,ANFC_000621.png,8_58646,-0.0014432246038604823,-0.0016855703338829464,0.005296610168981419,-0.007853803943716375,-0.002683492892321504,-0.0014190673827908507,7.757320692436727,-0.024914612620653753,0.07513073736980003
DecoderKD_V2_vs_pretrained_F0,F0_pretrained_seed42,DecoderDistillV2_seed42,ANFC_000622.png,8_58646,-0.016199664285756366,-0.02196318631798988,-0.005431754873895245,-0.023030535635756966,-0.004626773596466127,-0.0047149658202405575,1.157286708994338,-0.02972438206953798,-0.021076572172623043
DecoderKD_V2_vs_pretrained_F0,F0_pretrained_seed42,DecoderDistillV2_seed42,ANFC_000623.png,8_58646,0.007108591821104793,0.008843655861493493,0.07231482641028764,-0.04279825076711685,-0.01447260976050746,-0.003906249999940381,-5.305703012659659,0.018208535523966063,-0.0010599217259337212
DecoderKD_V2_vs_pretrained_F0,F0_pretrained_seed42,DecoderDistillV2_seed42,ANFC_000624.png,8_58646,0.015043298065684718,0.017034809705894105,0.09144460026767964,-0.03664091694697447,-0.016025750778755232,-0.004333496093683831,2.7940187387810553,-0.008158549709079255,3.1176159912549295e-06
DecoderKD_V2_vs_pretrained_F0,F0_pretrained_seed42,DecoderDistillV2_seed42,ANFC_000625.png,8_58646,0.056576181105036816,0.06063180758233161,0.16205731445850868,-0.0007434362474527667,-0.018924320096986302,0.0031433105468270384,-7.395855917048383,0.019361915068367375,0.04772921925318041
DecoderKD_V2_vs_pretrained_F0,F0_pretrained_seed42,DecoderDistillV2_seed42,ANFC_000627.png,8_58646,-0.06857823905357752,-0.09537035998797483,-0.07474315067853221,-0.0626503913302281,-0.013257575757329554,-0.024215698241818018,37.377256246608155,-0.08192457993516067,-0.04381004576797409
DecoderKD_V2_vs_pretrained_F0,F0_pretrained_seed42,DecoderDistillV2_seed42,ANFC_000628.png,8_58646,0.010983597543603119,0.01382304719976224,0.03983409660072279,-0.015938332663200327,-0.008079610103069235,0.00038146972655672684,-2.6677621332617143,0.002282024345014677,-0.014078649970289514
DecoderKD_V2_vs_pretrained_F0,F0_pretrained_seed42,DecoderDistillV2_seed42,ANFC_000630.png,8_58646,-0.021898320275572036,-0.030574665892197928,0.0054339388285307155,-0.042797587031125905,-0.0072425755138803005,-0.005996704101471018,46.556126007140776,-0.05065928291853783,-0.01787642856490046
DecoderKD_V2_vs_pretrained_F0,F0_pretrained_seed42,DecoderDistillV2_seed42,ANFC_000631.png,8_58646,-0.0006556609202299502,-0.0008201245884985608,-0.021828742737321716,0.01831158326806892,0.006944697604773009,0.002258300781215583,3.531338848958942,0.006988429704810839,-0.01271418930065138
DecoderKD_V2_vs_pretrained_F0,F0_pretrained_seed42,DecoderDistillV2_seed42,ANFC_000632.png,8_58646,0.01521454845013226,0.017934621839234777,-0.03224543080518982,0.030721314836785862,0.01572327043998001,0.010116577148283179,-7.998146110261935,0.016496437396632757,-0.0008076803264492338
DecoderKD_V2_vs_pretrained_F0,F0_pretrained_seed42,DecoderDistillV2_seed42,ANFC_000633.png,8_58646,0.019220310123776785,0.027560392549476398,0.03636363635877493,0.0032061615855800696,-0.0006028661981432037,0.003616333007757322,0.0,-0.0018245397549359055,0.03556792256780206
DecoderKD_V2_vs_pretrained_F0,F0_pretrained_seed42,DecoderDistillV2_seed42,ANFC_000634.png,8_58646,0.05233025884792086,0.06051394266579846,0.12705559904786068,-0.018323416872897513,-0.016395516991749903,0.005966186523346462,-15.585803796290094,0.050573416150374695,0.03512125436956759
DecoderKD_V2_vs_pretrained_F0,F0_pretrained_seed42,DecoderDistillV2_seed42,ANFC_000635.png,8_58646,-0.007519876492044664,-0.008673305993468494,0.028296058318510342,-0.04231436154086765,-0.010810716710289991,-0.00598144531240874,7.494611027679392,-0.036608841902199596,0.0070210606435408
DecoderKD_V2_vs_pretrained_F0,F0_pretrained_seed42,DecoderDistillV2_seed42,ANFC_000636.png,8_58646,-0.0637932050049167,-0.07103803668468728,-0.0752383406273951,-0.038436702343801366,-0.003210064386780953,-0.01600646972631825,29.952527594671068,-0.07601659465644006,-0.03336168267693945
DecoderKD_V2_vs_pretrained_F0,F0_pretrained_seed42,DecoderDistillV2_seed42,ANFC_000637.png,8_58646,-0.020711881907378604,-0.026368354586062237,-0.029480295813040236,-0.008721425234443969,-0.00039522141380765596,-0.004776000976489669,4.57911417422687,-0.04463028574799388,-0.027162180608581776
DecoderKD_V2_vs_pretrained_F0,F0_pretrained_seed42,DecoderDistillV2_seed42,ANFC_000638.png,8_58646,-0.006535116311866207,-0.008861227716195574,-0.01721587087981058,0.00837009614219053,0.003296096001198179,-0.0013580322265418499,-8.015770098166783,0.011191607836788187,0.0007041472630301415
DecoderKD_V2_vs_pretrained_F0,F0_pretrained_seed42,DecoderDistillV2_seed42,ANFC_000639.png,8_58646,-0.03484341650788336,-0.048726603087516196,0.011270745602472654,-0.07697902490862152,-0.03450230825231826,-0.023223876952770617,6.611858448186512,-0.018343986834690296,-0.052826456683099154
DecoderKD_V2_vs_pretrained_F0,F0_pretrained_seed42,DecoderDistillV2_seed42,ANFC_000640.png,8_58646,0.03209886045085408,0.047681673865170415,-0.007854688266095478,0.06384007217983723,0.013051509026049901,0.010452270507653072,-0.6148351928654963,-0.0022459068790123826,0.0624599751579451
DecoderKD_V2_vs_pretrained_F0,F0_pretrained_seed42,DecoderDistillV2_seed42,ANFC_000641.png,8_58646,0.019485275080816877,0.02723678868942392,-0.013908058178797367,0.03907053949914008,0.012794696793969829,0.008956909179550832,5.3598131840867875,-0.017833613487879374,0.05294260488761837
DecoderKD_V2_vs_pretrained_F0,F0_pretrained_seed42,DecoderDistillV2_seed42,ANFC_000997.png,8_62573,-0.010945364957579473,-0.01629706588596369,-0.027950310552329105,0.00158778511280655,0.000700896495506087,-0.0011291503906077915,-1.609184418906585,-0.014872287331908818,0.013413859920661464
DecoderKD_V2_vs_pretrained_F0,F0_pretrained_seed42,DecoderDistillV2_seed42,ANFC_000998.png,8_62573,-0.012660057381724932,-0.01881957021684466,0.003216229588516528,-0.022574382587771558,-0.002520571112587966,-0.0021667480468419154,0.32296403087736714,0.01490866334452734,-0.05649960648318475
DecoderKD_V2_vs_pretrained_F0,F0_pretrained_seed42,DecoderDistillV2_seed42,ANFC_000999.png,8_62573,-0.020169258045211746,-0.03001942258750212,-0.04514073286508402,-0.00021544265294659581,0.0010686793460840116,-0.00291442871089298,-1.8954953341340133,0.002925479354145666,-0.0234123819819001
DecoderKD_V2_vs_pretrained_F0,F0_pretrained_seed42,DecoderDistillV2_seed42,ANFC_001003.png,8_62573,0.1516987275364099,0.1964634847590161,0.23506067311035173,-0.009283198420593886,-0.009154540079546192,0.039672851561894595,-30.152471461206552,0.08598533223498217,0.010298424212459967
DecoderKD_V2_vs_pretrained_F0,F0_pretrained_seed42,DecoderDistillV2_seed42,ANFC_001005.png,8_62573,-0.01851951627491455,-0.025348424604433428,-0.053208137708240955,0.0070620101256583245,0.00404368562929347,-0.002655029296834477,-1.7463587554423459,-0.0051096299345456675,-0.07447385811740148
DecoderKD_V2_vs_pretrained_F0,F0_pretrained_seed42,DecoderDistillV2_seed42,ANFC_001006.png,8_62573,-0.012651690123873904,-0.019769870098151343,0.0070384889516181826,-0.031842805973110844,-0.007954043305200442,-0.0053863525389802325,1.0,-0.003972809615423567,-0.01313285936161368
DecoderKD_V2_vs_pretrained_F0,F0_pretrained_seed42,DecoderDistillV2_seed42,ANFC_001007.png,8_62573,0.007006198532620411,0.011125670330833781,0.01569874820278072,-0.0006746426899100211,-0.0006273525721343098,0.0018005371093474665,0.349030329381919,-0.0070778201463792545,0.018610355712450732
DecoderKD_V2_vs_pretrained_F0,F0_pretrained_seed42,DecoderDistillV2_seed42,ANFC_001008.png,8_62573,0.017952515028172522,0.026832911347744903,0.030044949134134136,0.005072717838901508,0.00017027717339568316,0.005950927734284184,1.0365870075507289,0.005619312993458525,0.040811983990551415
DecoderKD_V2_vs_pretrained_F0,F0_pretrained_seed42,DecoderDistillV2_seed42,ANFC_001009.png,8_62573,0.00492664644286811,0.007298841953200075,-0.02189218921771774,0.029198714873233667,0.01628093588951174,0.0056915283202256806,-3.0,0.010013534474614838,-0.040615466079632956
DecoderKD_V2_vs_pretrained_F0,F0_pretrained_seed42,DecoderDistillV2_seed42,ANFC_001010.png,8_62573,-0.006046301035792401,-0.009285027209843477,-0.009063146487137907,-0.0032131827753305586,-0.00041527489391679495,-0.0017547607421606326,-0.675444679663241,0.0033165481548621534,-0.026616652953914244
DecoderKD_V2_vs_pretrained_F0,F0_pretrained_seed42,DecoderDistillV2_seed42,ANFC_001011.png,8_62573,0.004112780715290643,0.0051517052184932854,0.005330102967252559,0.0030790649663872127,0.0003666137113463863,0.00099182128904729,-3.280219595392115,0.02551108982911865,0.014895443328926783
DecoderKD_V2_vs_pretrained_F0,F0_pretrained_seed42,DecoderDistillV2_seed42,ANFC_001012.png,8_62573,-0.013412549031995402,-0.020415656892084688,0.028433879941562545,-0.04629509312567226,-0.008083003616837003,-0.004379272460870665,-0.5278640450004204,0.001386217167678172,-0.10051324171751408
DecoderKD_V2_vs_pretrained_F0,F0_pretrained_seed42,DecoderDistillV2_seed42,ANFC_001013.png,8_62573,0.004059075937239975,0.005339247456018326,0.01682539682361639,-0.005277586941902834,-0.0026209749313087505,0.00018310546874722444,1.3976747329573733,-0.0017826576495966195,-0.01999864124003914
DecoderKD_V2_vs_pretrained_F0,F0_pretrained_seed42,DecoderDistillV2_seed42,ANFC_001014.png,8_62573,-0.01647725143872414,-0.0235186756034651,0.05259271414074551,-0.06912502414446398,-0.02732998425381772,-0.012466430663872208,8.956896127670184,-0.053364511722029384,-0.034114446511068985
DecoderKD_V2_vs_pretrained_F0,F0_pretrained_seed42,DecoderDistillV2_seed42,ANFC_001015.png,8_62573,-0.02063732977657695,-0.029517535301206266,-0.04630757981588207,0.002746308846761414,0.0035320420086886184,-0.005828857421786071,4.101283551781385,-0.01753184944569497,-0.03226023196325367
DecoderKD_V2_vs_pretrained_F0,F0_pretrained_seed42,DecoderDistillV2_seed42,ANFC_001016.png,8_62573,-0.012597159599077812,-0.018051547790959077,0.01572369304989607,-0.027719197274777452,-0.007539375161243811,-0.004898071288987782,0.38422689413609135,0.01937163876099668,-0.07278658642315872
DecoderKD_V2_vs_pretrained_F0,F0_pretrained_seed42,DecoderDistillV2_seed42,ANFC_001017.png,8_62573,-0.004636792126048617,-0.00541079957961732,0.011915367481969308,-0.013429969901986527,-0.00610014852524754,-0.0036315917968196,-0.1513535155611052,-0.0035060785386863413,0.020224002048900735
DecoderKD_V2_vs_pretrained_F0,F0_pretrained_seed42,DecoderDistillV2_seed42,ANFC_001018.png,8_62573,-0.027249364276010657,-0.035336926949494196,-0.02466236053780957,-0.02853742299887585,-0.0072851513068570295,-0.009994506835785066,2.2027750116940936,-0.044528596412604315,-0.055035371174121495
DecoderKD_V2_vs_pretrained_F0,F0_pretrained_seed42,DecoderDistillV2_seed42,ANFC_001019.png,8_62573,-0.0010381790679292457,-0.0013493235992947383,-0.07720085886422012,0.04581568515770651,0.02278893109020097,0.007156372070203365,2.095647357266465,-0.03151929513017615,-0.04765569706277284
DecoderKD_V2_vs_pretrained_F0,F0_pretrained_seed42,DecoderDistillV2_seed42,ANFC_001020.png,8_62573,-0.043959376161759045,-0.04429967848776328,0.07838580180046795,-0.07200520438594848,-0.03157738927303633,-0.02363586425745179,0.945740761477289,-0.010230996208633769,-0.10102405946346565
DecoderKD_V2_vs_pretrained_F0,F0_pretrained_seed42,DecoderDistillV2_seed42,ANFC_001021.png,8_62573,0.046081874356374786,0.06291820361435285,-0.007485730325864526,0.08297772311319085,0.027238418202205406,0.02157592773404582,-5.35415011670019,0.04644993660730978,0.07299208754291586
DecoderKD_V2_vs_pretrained_F0,F0_pretrained_seed42,DecoderDistillV2_seed42,ANFC_001022.png,8_62573,-0.0235225786210701,-0.03448921958072737,0.03315497802091005,-0.06947920044859446,-0.0201924822948939,-0.01167297363263431,1.0,-0.007686091904093195,-0.04905550680516346
DecoderKD_V2_vs_pretrained_F0,F0_pretrained_seed42,DecoderDistillV2_seed42,ANFC_001023.png,8_62573,-0.005902018634166728,-0.00814464865228881,-0.006864456078317094,-0.004736708487992014,-0.0005795472506527899,-0.0014038085937285727,-2.402083688836946,0.0008548756651292067,-0.030202172421477602
DecoderKD_V2_vs_pretrained_F0,F0_pretrained_seed42,DecoderDistillV2_seed42,ANFC_001024.png,8_62573,0.0032538436574680585,0.004691681675074055,-0.0068430056577387655,0.010483103036189823,0.0024164178331219643,0.001342773437479572,-0.3684424053812183,0.020789008648890772,-0.005639706572007186
DecoderKD_V2_vs_pretrained_F0,F0_pretrained_seed42,DecoderDistillV2_seed42,ANFC_001026.png,8_62573,-0.008096517973467998,-0.011500868882599824,-0.0016181229771082828,-0.013128783381944453,-0.0021791685109778802,-0.0021209716796551925,0.11695034433675477,-0.014086449902737552,0.0018486570895202004
DecoderKD_V2_vs_pretrained_F0,F0_pretrained_seed42,DecoderDistillV2_seed42,ANFC_001027.png,8_62573,-0.008189036304039665,-0.01185887270561814,-0.006641366223278822,-0.009189162045879495,-0.0023456251363308533,-0.0030364990233910927,-0.09901951359278449,0.007535309574710047,0.029701318270189736
DecoderKD_V2_vs_pretrained_F0,F0_pretrained_seed42,DecoderDistillV2_seed42,ANFC_001028.png,8_62573,0.009602668442447504,0.011600734862123985,-0.0075379798205336135,0.015547831668878631,0.007379684781906093,0.005416870117104788,-1.7586879627001757,0.033960114257291174,0.06874227418576201
DecoderKD_V2_vs_pretrained_F0,F0_pretrained_seed42,DecoderDistillV2_seed42,ANFC_001029.png,8_62573,0.028264406221950478,0.03333751227513648,0.005066572404257452,0.036227376290822066,0.013935388875985,0.012786865234179823,-10.683243543562746,0.027952602395395765,0.07396683926147757
DecoderKD_V2_vs_pretrained_F0,F0_pretrained_seed42,DecoderDistillV2_seed42,ANFC_001030.png,8_62573,0.02462470746757539,0.036262720857125785,0.054869457102787456,-0.0037892541552756454,-0.0037590469599640963,0.007034301757705141,-2.0,0.043508899463290285,0.06159981324063801
DecoderKD_V2_vs_pretrained_F0,F0_pretrained_seed42,DecoderDistillV2_seed42,ANFC_001032.png,8_62573,0.015098970072297824,0.013221008997090222,0.07123287667980238,-0.0063618068844669695,-0.004767467559044447,-0.002227783203091027,23.24860548068017,-0.008612117249210238,0.01675714599192135
DecoderKD_V2_vs_pretrained_F0,F0_pretrained_seed42,DecoderDistillV2_seed42,ANFC_001033.png,8_62573,-0.02472299309220649,-0.033772512619708595,-0.01297977384830551,-0.037687815603288044,-0.009758767790219336,-0.010375976562341682,20.313736693262413,-0.08137859802653657,-0.013310064583789694
DecoderKD_V2_vs_pretrained_F0,F0_pretrained_seed42,DecoderDistillV2_seed42,ANFC_001034.png,8_62573,-0.012844759404768036,-0.01514571305835899,-0.10076759756642706,0.07418328260196272,0.015568983218898769,0.00469970703117828,-4.803946190430448,-0.08147638748262598,0.07982170861732485
DecoderKD_V2_vs_pretrained_F0,F0_pretrained_seed42,DecoderDistillV2_seed42,ANFC_001035.png,8_62573,0.02124688854547685,0.025147288274184332,0.0675324675149267,-0.02069614834664313,-0.003939305514963909,0.0002593994140585032,-49.127601510140686,0.016928907697147277,0.04290050817643687
DecoderKD_V2_vs_pretrained_F0,F0_pretrained_seed42,DecoderDistillV2_seed42,ANFC_001036.png,8_62573,-0.028439141042670535,-0.03892533888002703,0.022419315096718573,-0.054871813622414334,-0.007872863021815113,-0.005996704101471018,3.132556354375067,-0.025973299354969837,-0.07040699093437908
DecoderKD_V2_vs_pretrained_F0,F0_pretrained_seed42,DecoderDistillV2_seed42,ANFC_001037.png,8_62573,-0.015465116589942318,-0.021158410947551,-0.0107431609247155,-0.020231058434967197,-0.0036101721909921336,-0.004592895507742334,2.9632382347057646,-0.026148477797676373,-0.001479460179920511
DecoderKD_V2_vs_pretrained_F0,F0_pretrained_seed42,DecoderDistillV2_seed42,ANFC_001038.png,8_62573,0.05099850252014748,0.05629537955054381,-0.00021358393844228551,0.05850563492781047,0.017747395405104838,0.016464233398186257,2.155649056924055,0.036089918869920856,0.07785646343219049
DecoderKD_V2_vs_pretrained_F0,F0_pretrained_seed42,DecoderDistillV2_seed42,ANFC_001039.png,8_62573,-0.08506471881802335,-0.10609474622216442,0.013164080858879101,-0.17380805404826705,-0.00880001261636676,-0.008087158203001543,-8.513626267111079,0.02013590092648465,-0.23551626151845007
DecoderKD_V2_vs_pretrained_F0,F0_pretrained_seed42,DecoderDistillV2_seed42,ANFC_001135.png,8_84237,-0.06045767587544337,-0.06682299849571927,0.02025242147923323,-0.07613141535290613,-0.017012989103043497,-0.015075683593519962,13.157223815019318,-0.03426810072712583,-0.10924245200342586
DecoderKD_V2_vs_pretrained_F0,F0_pretrained_seed42,DecoderDistillV2_seed42,ANFC_001137.png,8_84237,-0.019069491319058995,-0.02126363706052925,0.1189353099329733,-0.08262927367022121,-0.014831862932891737,-0.008773803710803607,0.967981405082698,-0.015301819011032225,-0.04047992563750169
DecoderKD_V2_vs_pretrained_F0,F0_pretrained_seed42,DecoderDistillV2_seed42,ANFC_001138.png,8_84237,-0.020935417037651893,-0.01929349399813718,0.11792666362201754,-0.14565771486636797,-0.02984390850437113,-0.019882202148134076,31.54237368756032,0.0212820535964926,-0.06964329087838483
DecoderKD_V2_vs_pretrained_F0,F0_pretrained_seed42,DecoderDistillV2_seed42,ANFC_001139.png,8_84237,-0.05660486932732156,-0.06758270429861157,0.065524625253635,-0.14002010993819813,-0.022902770019010532,-0.016601562499746647,-25.244988667565394,-0.03816711120993466,-0.07381432592405857
DecoderKD_V2_vs_pretrained_F0,F0_pretrained_seed42,DecoderDistillV2_seed42,ANFC_001140.png,8_84237,-0.03588005234539027,-0.05146521607747023,-0.0018543046352703652,-0.05652069880216748,-0.005893686954455135,-0.005661010742101125,1.0803630269509052,-0.0192984786450745,-0.05135531356123246
DecoderKD_V2_vs_pretrained_F0,F0_pretrained_seed42,DecoderDistillV2_seed42,ANFC_001143.png,8_84237,0.14588968424907878,0.15999863290770588,0.2914561322252053,-0.03495855554462057,-0.012585400934709834,0.00761413574207126,-61.16403832399437,0.20028507117658512,0.19977723126432484
DecoderKD_V2_vs_pretrained_F0,F0_pretrained_seed42,DecoderDistillV2_seed42,ANFC_001144.png,8_84237,-0.01842706591252652,-0.01695548056547458,-0.0053803339507643155,-0.03000834810311237,-0.00512087254339233,-0.005142211913984007,13.924841535952531,-0.016419553397816755,-0.020149670404527864
DecoderKD_V2_vs_pretrained_F0,F0_pretrained_seed42,DecoderDistillV2_seed42,ANFC_001145.png,8_84237,-0.09137537210525104,-0.09633527900079558,-0.1708992505889052,-0.0005560915698804569,0.007393137061065147,-0.005676269531163403,35.19936093440195,-0.04463846223781176,-0.10220589093304744
DecoderKD_V2_vs_pretrained_F0,F0_pretrained_seed42,DecoderDistillV2_seed42,ANFC_001146.png,8_84237,-0.06153086431542265,-0.06200469918491891,0.09383080897900598,-0.11395569313049375,-0.021677887599330203,-0.016906738280991984,15.217313610086915,-0.05907976485180999,-0.11543225768961674
DecoderKD_V2_vs_pretrained_F0,F0_pretrained_seed42,DecoderDistillV2_seed42,ANFC_001147.png,8_84237,-0.08537155129672958,-0.0957217420457685,0.00791484715941193,-0.12338415260048385,-0.019960563744182203,-0.018402099609094225,11.262246162620418,-0.11599198168070113,-0.1571075456627442
DecoderKD_V2_vs_pretrained_F0,F0_pretrained_seed42,DecoderDistillV2_seed42,ANFC_001148.png,8_84237,-0.044123750603109746,-0.036151102559203285,0.15934065926770113,-0.1062591469346818,-0.029486046217491402,-0.02319335937464606,-54.59919557637245,0.034399668813222484,-0.0749885118777851
DecoderKD_V2_vs_pretrained_F0,F0_pretrained_seed42,DecoderDistillV2_seed42,ANFC_001149.png,8_84237,0.013200711595735215,0.011568870946392584,0.12113174171429553,-0.008261940695770242,-0.00496855834166654,-0.0027923583983948674,-26.043671457752737,0.09152476919573738,0.06165233749485205
DecoderKD_V2_vs_pretrained_F0,F0_pretrained_seed42,DecoderDistillV2_seed42,ANFC_001150.png,8_84237,-0.004422469788394889,-0.006248977558344304,0.027509751585401365,-0.025521907539237443,-0.004219896150923663,-0.0018615722655965783,-0.349030329381919,0.022523266191311064,-0.06052001816388719
DecoderKD_V2_vs_pretrained_F0,F0_pretrained_seed42,DecoderDistillV2_seed42,ANFC_001151.png,8_84237,-0.0036324122644221246,-0.005162469643893441,0.009082102202823683,-0.01399704096202381,-0.0032647787980853993,-0.0017089843749739098,5.76587620919043,0.003562432417005157,-0.03206166027827717
DecoderKD_V2_vs_pretrained_F0,F0_pretrained_seed42,DecoderDistillV2_seed42,ANFC_001152.png,8_84237,0.09832934106504065,0.12657618981967733,0.13450704215879783,0.07612694676885468,0.0020743652130189583,0.004943847656174616,-69.21019705798822,0.09154531449506043,0.032396812043893886
DecoderKD_V2_vs_pretrained_F0,F0_pretrained_seed42,DecoderDistillV2_seed42,ANFC_001155.png,8_84237,0.008273139008554753,0.008728420122208536,0.09105304826165761,-0.046136101514184014,-0.006871925091146314,-0.0030975341796402045,-5.094430051599765,0.09715966306236545,-0.007001083187665513
DecoderKD_V2_vs_pretrained_F0,F0_pretrained_seed42,DecoderDistillV2_seed42,ANFC_001156.png,8_84237,0.015118648515438649,0.01681778295929065,0.18609587826179108,-0.14856352991452682,-0.031294357329604505,-0.012542724609183598,-39.988756486352,-0.0009694948155698491,-0.04095218995395811
DecoderKD_V2_vs_pretrained_F0,F0_pretrained_seed42,DecoderDistillV2_seed42,ANFC_001157.png,8_84237,0.058490574848834465,0.06304420326530136,0.18174250827365634,-0.05286520075144441,-0.011577213718084733,-0.0009460449218605671,-11.3285424521485,0.07619827877574104,0.07343470114439077
DecoderKD_V2_vs_pretrained_F0,F0_pretrained_seed42,DecoderDistillV2_seed42,ANFC_001158.png,8_84237,0.018104580222810918,0.018618934082721472,0.051123160330921125,-0.031585759774602096,-0.005416418207026208,-0.0009613037109228451,-26.185068352200556,-0.025020215622154174,0.08626050122729911
DecoderKD_V2_vs_pretrained_F0,F0_pretrained_seed42,DecoderDistillV2_seed42,ANFC_001159.png,8_84237,-0.023096158273460787,-0.02950032380973322,-0.0323399558463201,-0.011611968040230347,-0.000743678730775188,-0.005111694335859451,22.349642724347433,-0.037535147515414535,-0.03225269286206578
DecoderKD_V2_vs_pretrained_F0,F0_pretrained_seed42,DecoderDistillV2_seed42,ANFC_001160.png,8_84237,-0.006195027243585116,-0.0072600652085209605,0.020870736081492258,-0.04785935896952587,-0.004043876882710462,-0.00234985351558914,-2.3342742968133017,-0.0220487491826431,-0.030024766915003553
DecoderKD_V2_vs_pretrained_F0,F0_pretrained_seed42,DecoderDistillV2_seed42,ANFC_001161.png,8_84237,0.4534514195624957,0.46423467575849264,0.4678414095885811,0.30012716280955987,0.006918486458014961,0.03884887695253225,-64.10949464348843,0.19833795734977777,0.11759627491592642
DecoderKD_V2_vs_pretrained_F0,F0_pretrained_seed42,DecoderDistillV2_seed42,ANFC_001162.png,8_84237,-0.011027666366468458,-0.015447582643419944,0.004494382021461907,-0.028540256691479637,-0.002422813737969043,-0.001953124999970135,4.45670647283456,-0.035984495467406785,0.011332192152359366
DecoderKD_V2_vs_pretrained_F0,F0_pretrained_seed42,DecoderDistillV2_seed42,ANFC_001163.png,8_84237,0.09852176385396105,0.13649028592912849,0.1927565391966285,-0.05855656719264435,-0.005696265231223907,0.009353637695169725,-9.538420457723767,0.1133609585157811,0.22262986564414816
DecoderKD_V2_vs_pretrained_F0,F0_pretrained_seed42,DecoderDistillV2_seed42,ANFC_001164.png,8_84237,0.030856011706472564,0.04601594544030241,0.04197477163071439,0.019798099561683657,0.0011815287669240115,0.004043579101500883,-0.4397556130883391,0.0320708003195711,0.07977903095691674
DecoderKD_V2_vs_pretrained_F0,F0_pretrained_seed42,DecoderDistillV2_seed42,ANFC_001165.png,8_84237,0.004272924132978528,0.005373185631811772,0.014258095694959394,-0.005845411528899169,-0.0008632203003214878,9.155273437355671e-05,-0.10829566454528816,-0.023601169633407193,0.011322794847008155
DecoderKD_V2_vs_pretrained_F0,F0_pretrained_seed42,DecoderDistillV2_seed42,ANFC_001166.png,8_84237,0.12197792341224722,0.1367874804779825,0.18660647096064453,0.07599144168193595,0.0012723050987424322,0.008789062499865885,-40.5340425321589,0.15177643056430123,0.035308994271077254
DecoderKD_V2_vs_pretrained_F0,F0_pretrained_seed42,DecoderDistillV2_seed42,ANFC_001167.png,8_84237,0.025353843250912056,0.027778654947219816,0.1371788656962727,-0.08927630743749981,-0.013939097866569883,-0.0044250488280574984,-26.15709115921984,0.07748978901237757,0.06467429752297937
DecoderKD_V2_vs_pretrained_F0,F0_pretrained_seed42,DecoderDistillV2_seed42,ANFC_001169.png,8_84237,-0.03255597287793688,-0.041794607702613895,-0.03651115617920664,-0.02726579796004036,-0.0017160017159734142,-0.004333496093683831,44.12679129230209,-0.04436612795699191,-0.04533465216521171
DecoderKD_V2_vs_pretrained_F0,F0_pretrained_seed42,DecoderDistillV2_seed42,ANFC_001170.png,8_84237,0.020318015608165707,0.02229659877823098,0.12231672737046706,-0.035961981960546674,-0.007055988076061115,-0.0021820068359041933,-7.089055670283712,0.06398876932389974,0.04607306505463049
DecoderKD_V2_vs_pretrained_F0,F0_pretrained_seed42,DecoderDistillV2_seed42,ANFC_001171.png,8_84237,0.009491920295037093,0.008207389672175769,0.02429906540542115,0.0046353582040427055,-0.0004379721887590726,0.0001678466796849465,-0.9790383586402065,0.02093917718184235,-0.062005924091443676
DecoderKD_V2_vs_pretrained_F0,F0_pretrained_seed42,DecoderDistillV2_seed42,ANFC_001172.png,8_84237,0.024326577721118903,0.031880714680662225,0.005437893530212401,0.03899537915875051,0.003320331388360742,0.0034332275390100975,2.1656892993979824,0.01568275434351829,0.023170608416980043
DecoderKD_V2_vs_pretrained_F0,F0_pretrained_seed42,DecoderDistillV2_seed42,ANFC_001178.png,8_84237,-0.10199300747477852,-0.09598079022556477,0.0029211295024598183,-0.1468931697923906,-0.02345688895967568,-0.02221679687466105,7.10450153563778,-0.033924802809189414,-0.15356072665510012
DecoderKD_V2_vs_pretrained_F0,F0_pretrained_seed42,DecoderDistillV2_seed42,ANFC_001179.png,8_84237,0.014728338626341264,0.015993096916360194,0.08939610076586013,-0.019911914412282572,-0.004366812227005412,-0.0013580322265417388,-9.763688877073072,0.03612384856606876,0.016585024449753627
DecoderKD_V2_vs_pretrained_F0,F0_pretrained_seed42,DecoderDistillV2_seed42,ANFC_001298.png,8_92229,-0.0342960183239952,-0.05602736872699687,-0.09384229178279369,0.030254912865713357,0.010655485459096448,-0.010940551757645522,4.054703738587155,-0.032679221679381865,-0.054112022169772844
DecoderKD_V2_vs_pretrained_F0,F0_pretrained_seed42,DecoderDistillV2_seed42,ANFC_001299.png,8_92229,-0.03723578026044272,-0.050175720797451806,0.002884722067803769,-0.05726053685990584,-0.018735735894790828,-0.015762329101321915,-11.428433499646093,0.02370268821347854,-0.07517435147306284
DecoderKD_V2_vs_pretrained_F0,F0_pretrained_seed42,DecoderDistillV2_seed42,ANFC_001300.png,8_92229,-0.04506122483785735,-0.05755827485497389,-0.05555555554572611,-0.03551583398750069,-0.0028889185758651514,-0.007431030273324035,-0.6293345221507725,-0.03609647484078615,-0.07917332741931993
DecoderKD_V2_vs_pretrained_F0,F0_pretrained_seed42,DecoderDistillV2_seed42,ANFC_001301.png,8_92229,-0.09002233501514512,-0.08953162660163355,0.10278098166054334,-0.3730332257107616,-0.07358010150046623,-0.05258178710857264,20.680476453163948,-0.014191227261785677,-0.1392527250927271
DecoderKD_V2_vs_pretrained_F0,F0_pretrained_seed42,DecoderDistillV2_seed42,ANFC_001302.png,8_92229,0.020923630886862943,0.01827126574975041,0.07018035696942532,-0.13654248049075324,-0.029342573173532505,-0.013092041015425271,11.084088078038164,0.0028292088962371675,0.01349045500490284
DecoderKD_V2_vs_pretrained_F0,F0_pretrained_seed42,DecoderDistillV2_seed42,ANFC_001303.png,8_92229,-0.10007467859852925,-0.08353223023487266,-0.0992998999715245,-0.08909500144507176,-0.0033653928284099743,-0.013610839843542277,-18.12716287147358,-0.06735121198304017,0.005474432936216966
DecoderKD_V2_vs_pretrained_F0,F0_pretrained_seed42,DecoderDistillV2_seed42,ANFC_001304.png,8_92229,0.2534346609075714,0.2084255467647397,0.10092307686097035,0.24072164768968493,0.04352928290836422,0.044952392577439104,-54.8478113226229,0.2084480644196945,0.16183096908597774
DecoderKD_V2_vs_pretrained_F0,F0_pretrained_seed42,DecoderDistillV2_seed42,ANFC_001305.png,8_92229,-0.26656068023982593,-0.359610675496102,-0.011855794819294552,-0.43270987675990036,-0.052228718465673896,-0.04968261718674194,134.68683923614444,-0.4124999084011498,-0.29844617329461687
DecoderKD_V2_vs_pretrained_F0,F0_pretrained_seed42,DecoderDistillV2_seed42,ANFC_001306.png,8_92229,-0.004036358820840746,-0.0054237602947730945,-0.012603461246688541,0.002227918232258652,0.0007472600464838441,-0.000335693359369893,-20.313299039886417,-0.016984731149759957,-0.014369432296318041
DecoderKD_V2_vs_pretrained_F0,F0_pretrained_seed42,DecoderDistillV2_seed42,ANFC_001307.png,8_92229,-0.010628860470099921,-0.014362727367028927,0.011983681793474865,-0.03451149115677332,-0.0061706995769574835,-0.003997802734313938,-43.224059199970824,-0.00612165118790986,-0.003457786970031962
DecoderKD_V2_vs_pretrained_F0,F0_pretrained_seed42,DecoderDistillV2_seed42,ANFC_001308.png,8_92229,-0.0029611969338033672,-0.0042389921041926515,0.04241645243610159,-0.047972650794243954,-0.008200362182522958,-0.0027923583983948674,5.425204704031336,-0.031439481211823495,0.03776270043639374
DecoderKD_V2_vs_pretrained_F0,F0_pretrained_seed42,DecoderDistillV2_seed42,ANFC_001309.png,8_92229,-0.0469675805509121,-0.06226523004364881,0.007460890491585825,-0.08775500401005121,-0.009677261693200157,-0.008590698242056383,4.017905906950803,-0.026410490692120425,-0.048671934493668134
DecoderKD_V2_vs_pretrained_F0,F0_pretrained_seed42,DecoderDistillV2_seed42,ANFC_001310.png,8_92229,0.1775136358008217,0.21240945733018612,0.030781531075198654,0.23558452409016445,0.047792113391905366,0.04649353027272807,-32.98173431397517,0.1975808597785077,0.16849333512125952
DecoderKD_V2_vs_pretrained_F0,F0_pretrained_seed42,DecoderDistillV2_seed42,ANFC_001311.png,8_92229,-0.06768662417465965,-0.06987759617451733,0.05118515972133797,-0.10067534995457067,-0.019768463073536524,-0.016616821288808925,17.4948631892098,-0.05451722057424546,-0.10260483242995755
DecoderKD_V2_vs_pretrained_F0,F0_pretrained_seed42,DecoderDistillV2_seed42,ANFC_001312.png,8_92229,-0.04572539694302291,-0.051966530348391105,0.22140957441901377,-0.2544997897164971,-0.04334360251633218,-0.02511596679649175,44.10468167627859,-0.027880379121571375,-0.02534204296495346
DecoderKD_V2_vs_pretrained_F0,F0_pretrained_seed42,DecoderDistillV2_seed42,ANFC_001313.png,8_92229,-0.008727622580655292,-0.010722443280629657,0.05574112733700598,-0.058644590799378005,-0.009778421624308198,-0.004989624023361339,0.2518106354529186,0.0030245950394278687,-0.021355052047020595
DecoderKD_V2_vs_pretrained_F0,F0_pretrained_seed42,DecoderDistillV2_seed42,ANFC_001314.png,8_92229,-0.00515641967719771,-0.0061016641037114905,0.016020671826345922,-0.029997758617239745,-0.0013364569739259258,-0.0008239746093624545,2.920323813391322,-0.02988080157835582,-0.010995005418558357
DecoderKD_V2_vs_pretrained_F0,F0_pretrained_seed42,DecoderDistillV2_seed42,ANFC_001315.png,8_92229,0.015892618488277166,0.025417002273660283,0.02053732885294013,0.011471813927628083,0.001401529570519422,0.0036621093749441558,2.353792806586739,-0.005180307168772935,0.011162220756701924
DecoderKD_V2_vs_pretrained_F0,F0_pretrained_seed42,DecoderDistillV2_seed42,ANFC_001316.png,8_92229,-0.002164953905430589,-0.0027367440653642827,0.02261564819844475,-0.020249288416064215,-0.006886106267820491,-0.002944946289017647,0.8309518948453007,-0.015186939305898317,0.027835574634772153
DecoderKD_V2_vs_pretrained_F0,F0_pretrained_seed42,DecoderDistillV2_seed42,ANFC_001317.png,8_92229,0.04114365035675216,0.05012478115787955,0.13148936164617464,-0.015130067635610867,-0.003861614914635214,0.000991821289047401,-1.7078462692276402,0.020278136567883798,0.042784072283344465
DecoderKD_V2_vs_pretrained_F0,F0_pretrained_seed42,DecoderDistillV2_seed42,ANFC_001318.png,8_92229,-0.01960666458603033,-0.022854741568204218,0.020494785347987543,-0.044581166840343744,-0.014836795251966572,-0.01039123535140396,5.517524160650261,-0.05619444410287311,0.008200833452136125
DecoderKD_V2_vs_pretrained_F0,F0_pretrained_seed42,DecoderDistillV2_seed42,ANFC_001319.png,8_92229,-0.01629709155215786,-0.01952380416166466,0.017470509180607663,-0.047227879694946795,-0.008990635462720498,-0.006286621093654077,-8.327594297072707,-0.008821215293301155,-0.05908485228535959
DecoderKD_V2_vs_pretrained_F0,F0_pretrained_seed42,DecoderDistillV2_seed42,ANFC_001321.png,8_92229,0.012482540028802447,0.01787216565184946,0.04712041884291862,-0.013322391160352942,-0.0055694053995727355,0.001647949218724798,-0.48910336586345515,0.00765812623218598,0.032763945209662304
DecoderKD_V2_vs_pretrained_F0,F0_pretrained_seed42,DecoderDistillV2_seed42,ANFC_001322.png,8_92229,-0.033741951877641285,-0.04484644989616915,0.05823918970427755,-0.08153184082731935,-0.01667163338934685,-0.010803222656085243,11.702842683500556,-0.054779199749240504,-0.05863290862151571
DecoderKD_V2_vs_pretrained_F0,F0_pretrained_seed42,DecoderDistillV2_seed42,ANFC_001324.png,8_92229,0.015202869809789687,0.017673933749965287,0.012927368597903222,0.018421135128301458,0.0013577618720123086,0.0023956298827759737,4.497580326372514,0.08020265548337102,-0.04650020128185933
DecoderKD_V2_vs_pretrained_F0,F0_pretrained_seed42,DecoderDistillV2_seed42,ANFC_001325.png,8_92229,0.013532633939883687,0.01957136926320402,0.055890270470979275,-0.026382365181819023,-0.006270026846691423,0.0011291503906077915,-0.25847404171011235,-0.013211899281224904,0.048463502662272506
DecoderKD_V2_vs_pretrained_F0,F0_pretrained_seed42,DecoderDistillV2_seed42,ANFC_001326.png,8_92229,-0.03260866919259342,-0.04496584994624464,0.0023300970870769877,-0.05383489398365893,-0.01286952310091738,-0.011077880859206024,10.596875762567151,-0.035122373140350494,-0.055409257542500256
DecoderKD_V2_vs_pretrained_F0,F0_pretrained_seed42,DecoderDistillV2_seed42,ANFC_001327.png,8_92229,0.01923467303410553,0.028780783134521593,0.04391504017739456,-0.001540898583759498,-0.0014854528069682127,0.0033416748046364297,-0.3944487245360109,0.02311644122840051,0.09044692397172094
DecoderKD_V2_vs_pretrained_F0,F0_pretrained_seed42,DecoderDistillV2_seed42,ANFC_001328.png,8_92229,-0.0286885684532876,-0.03829861002151258,-0.01637090727113588,-0.04170141185445719,-0.006552647130278588,-0.007751464843631761,21.312506096564825,-0.021961919196675672,-0.010610832992698604
DecoderKD_V2_vs_pretrained_F0,F0_pretrained_seed42,DecoderDistillV2_seed42,ANFC_001329.png,8_92229,-0.08504743290266836,-0.10093604860208716,0.004252029377109556,-0.11918008924651868,-0.04221549112865053,-0.03671264648381478,46.13856764160167,-0.11964636099001047,-0.06183308118241976
DecoderKD_V2_vs_pretrained_F0,F0_pretrained_seed42,DecoderDistillV2_seed42,ANFC_001330.png,8_92229,0.1393545051767081,0.14697838718412004,-0.03583939638428457,0.1985949286237521,0.08615824069783251,0.0723419189442086,-6.420119152848464,0.08919424028702694,0.06612328054178002
DecoderKD_V2_vs_pretrained_F0,F0_pretrained_seed42,DecoderDistillV2_seed42,ANFC_001333.png,8_92229,0.08299350874529088,0.10506866979809848,0.05986937588538843,0.09908654051213628,0.006196240840933509,0.008453369140495992,-40.96822942823615,0.09766415825550856,0.009328313051331916
DecoderKD_V2_vs_pretrained_F0,F0_pretrained_seed42,DecoderDistillV2_seed42,ANFC_001334.png,8_92229,0.037407685273025515,0.04981118818520425,0.08631288419441563,-0.008497428225136772,-0.005315730044205491,0.005828857421786071,-3.675444679663241,0.08610162303600366,0.015947064596161686
DecoderKD_V2_vs_pretrained_F0,F0_pretrained_seed42,DecoderDistillV2_seed42,ANFC_001335.png,8_92229,-0.009498588266630636,-0.011707474760828562,-0.0008789277080029079,-0.01498488364364814,-0.0020660818233653178,-0.001983642578094691,2.635888835820703,0.007560335129822349,-0.021172637303829234
DecoderKD_V2_vs_pretrained_F0,F0_pretrained_seed42,DecoderDistillV2_seed42,ANFC_001336.png,8_92229,0.01973081433700985,0.027940304164408958,0.02972355019128592,0.012956576315773405,0.000889254837367015,0.003005981445266648,0.0,0.0010820793206790524,0.07460230497282028
DecoderKD_V2_vs_pretrained_F0,F0_pretrained_seed42,DecoderDistillV2_seed42,ANFC_001337.png,8_92229,0.0005420264709957712,0.0006262555049717511,0.02368164061921829,-0.008344982209616325,-0.002897135416619512,-0.0012359619140436262,-1.162977892558274,0.008718959947476068,-0.04132258334490213
DecoderKD_V2_vs_pretrained_F0,F0_pretrained_seed42,DecoderDistillV2_seed42,ANFC_001338.png,8_92229,0.02144868286193291,0.030564459457315563,0.016224772454249248,0.024997820318478747,0.0028107536125986377,0.003845214843691269,-0.09901951359278449,0.027174412309759588,0.038015825585320795
DecoderKD_V2_vs_pretrained_F0,F0_pretrained_seed42,DecoderDistillV2_seed42,ANFC_001339.png,8_92229,0.04531718413791852,0.05741441301663819,0.021243449933261105,0.06250747334385376,0.011628901239647216,0.01266479492168171,-11.354537150727465,0.05662092706086819,0.1015371629623133
DecoderKD_V2_vs_pretrained_F0,F0_pretrained_seed42,DecoderDistillV2_seed42,ANFC_001340.png,8_92229,-0.021503554380285617,-0.0239056333855191,0.005756578946579438,-0.026270476905950357,-0.013478708790977345,-0.011337280273264527,3.320623967050235,0.006871071650488281,-0.05522535410230067
DecoderKD_V2_vs_pretrained_F0,F0_pretrained_seed42,DecoderDistillV2_seed42,ANFC_001341.png,8_92229,-0.042982695580036534,-0.06061210375407289,-0.049520272353834716,-0.037784186643344375,-0.004689034092753341,-0.0091094970701735,1.7082039324993694,-0.046284790579601776,-0.08575291674903518
DecoderKD_V2_vs_pretrained_F0,F0_pretrained_seed42,DecoderDistillV2_seed42,ANFC_001342.png,8_92229,0.014895396434912112,0.02098856374257363,0.014357053680655874,0.014880015697160465,0.00224935732644016,0.0034332275390100975,-0.8377223398316205,0.02087521045768792,0.06749741782657226
DecoderKD_V2_vs_pretrained_F0,F0_pretrained_seed42,DecoderDistillV2_seed42,ANFC_001343.png,8_92229,-0.06014068335968992,-0.057692658100179595,-0.09007009344742178,-0.021738232353583742,0.00445801741076135,-0.007888793945192152,36.25403982268716,-0.029380132914842982,0.02338578719900647
DecoderKD_V2_vs_pretrained_F0,F0_pretrained_seed42,DecoderDistillV2_seed42,ANFC_001347.png,8_92229,0.028330487694653628,0.03667522221770447,0.08565380229837916,-0.016808685729346573,-0.006296826332076733,0.002319335937464584,-16.520732092975862,0.025530231990575913,0.04169412563516117
DecoderKD_V2_vs_pretrained_F0,F0_pretrained_seed42,DecoderDistillV2_seed42,ANFC_001971.png,9_60031,0.04498510880019568,0.06706192534566158,-0.016009852197032215,0.0979440093355719,0.0016686236944307709,0.0014495849609152955,0.0,0.0329635616067413,0.07012921340709644
DecoderKD_V2_vs_pretrained_F0,F0_pretrained_seed42,DecoderDistillV2_seed42,ANFC_001972.png,9_60031,0.04582292919000841,0.053126080051539626,0.056296296275445856,0.022584278662019508,0.0003182888789814431,0.002624511718709921,-2.633420066095166,0.04952887450893306,0.06104938502649426
DecoderKD_V2_vs_pretrained_F0,F0_pretrained_seed42,DecoderDistillV2_seed42,ANFC_001973.png,9_60031,-0.009655513093029588,-0.013325692570965164,-0.005861664710487768,-0.01330232882842508,-0.0006351525159878912,-0.0008392333984247324,-0.11079506305587739,-0.017239814913486806,-0.05005410761543372
DecoderKD_V2_vs_pretrained_F0,F0_pretrained_seed42,DecoderDistillV2_seed42,ANFC_001976.png,9_60031,-0.0006547112881715167,-0.0009112974045616395,-0.013074842194285563,0.015907191920954356,0.0006317318929746074,0.0001678466796849465,-0.3944487245360109,-0.008355174994505887,-0.0002863395974892491
DecoderKD_V2_vs_pretrained_F0,F0_pretrained_seed42,DecoderDistillV2_seed42,ANFC_001977.png,9_60031,0.005368226538234988,0.005673817891860611,0.0295320308816302,-0.07889193006337514,-0.001799952632797086,-0.0007476806640511757,-0.414059086724599,-0.0028444714300857044,0.03563346448203186
DecoderKD_V2_vs_pretrained_F0,F0_pretrained_seed42,DecoderDistillV2_seed42,ANFC_001980.png,9_60031,0.04033449642742937,0.047031457036845414,0.0285179990516512,0.058849665213462576,0.0016404561729791434,0.0025177001952740863,-2.041506895606652,0.05462916084625524,0.05346618192195052
DecoderKD_V2_vs_pretrained_F0,F0_pretrained_seed42,DecoderDistillV2_seed42,ANFC_001981.png,9_60031,-0.041702890804541926,-0.057327940483542394,0.03038936370826717,-0.08159418323357581,-0.0055967207944884745,-0.004440307617119776,0.6613078487752704,-0.011955839380165867,-0.10753709934583977
DecoderKD_V2_vs_pretrained_F0,F0_pretrained_seed42,DecoderDistillV2_seed42,ANFC_002454.png,frame_000001,0.0007594555645976664,0.0012195526649709798,-0.009736747203437313,0.010055843814359533,0.001300216702762147,0.0003662109374944489,-1.0,0.0032814601519066677,-0.019491423741599512
DecoderKD_V2_vs_pretrained_F0,F0_pretrained_seed42,DecoderDistillV2_seed42,ANFC_002455.png,frame_000001,-0.04500532227843057,-0.05571749929341796,-0.1310133060197377,0.039760079340882326,0.012147128473139257,-0.0027923583983948674,69.25308428715091,-0.0820735685533972,-0.10662986425059562
DecoderKD_V2_vs_pretrained_F0,F0_pretrained_seed42,DecoderDistillV2_seed42,ANFC_002456.png,frame_000001,-0.00322348592524746,-0.004923227714416889,0.00011657729073022427,-0.0065570132778393075,-0.0011587485515439644,-0.000991821289047401,-0.3260808025939106,-0.006761103760151821,-0.01113010957844085
DecoderKD_V2_vs_pretrained_F0,F0_pretrained_seed42,DecoderDistillV2_seed42,ANFC_002457.png,frame_000001,-0.009425332354731641,-0.012681199708346247,-0.05321205229639436,0.05102996254267689,0.009411184152387064,0.001007080078109679,6.690534364540495,-0.02876792719292387,0.04829363453110935
DecoderKD_V2_vs_pretrained_F0,F0_pretrained_seed42,DecoderDistillV2_seed42,ANFC_002458.png,frame_000001,-0.04202356359340165,-0.06071665326806719,-0.08697729985974256,0.023271862858599834,0.0020863555605925566,-0.003601074218695044,11.180339887498949,-0.06268570136760987,-0.08271340138971983
DecoderKD_V2_vs_pretrained_F0,F0_pretrained_seed42,DecoderDistillV2_seed42,ANFC_002459.png,frame_000001,-0.034112002828123655,-0.053005396181069586,-0.09005497250474215,0.043390747012059916,0.00810358178300219,-0.006881713867082584,2.037718501910448,-0.03171698518713828,-0.053399018113033936
DecoderKD_V2_vs_pretrained_F0,F0_pretrained_seed42,DecoderDistillV2_seed42,ANFC_002460.png,frame_000001,-0.023609902892513968,-0.03441951339753779,-0.0623799413545264,0.025014414472094515,0.006074220504877825,-0.004257202148372552,0.0,0.0019884978093920314,-0.030506000687363977
DecoderKD_V2_vs_pretrained_F0,F0_pretrained_seed42,DecoderDistillV2_seed42,ANFC_002461.png,frame_000001,-0.06054078430262577,-0.08819660588095368,-0.08303249095167109,-0.04174328239183189,-0.002098974731539527,-0.00654602050771258,2.5251561154594153,-0.053556342860928696,-0.0778821504396251
DecoderKD_V2_vs_pretrained_F0,F0_pretrained_seed42,DecoderDistillV2_seed42,ANFC_002462.png,frame_000001,0.01411117890487934,0.022125030157673753,0.0048004800472846165,0.023352808708627215,0.0029726516051813423,0.0031585693358893163,0.0,0.012695536366333582,0.04796145679301378
DecoderKD_V2_vs_pretrained_F0,F0_pretrained_seed42,DecoderDistillV2_seed42,ANFC_002463.png,frame_000001,0.011845555040600253,0.01890781279142173,0.00268216361158069,0.01982243802309336,0.0027879303016949963,0.0027770996093325895,0.0,0.009842562134515065,0.0401947395528075
DecoderKD_V2_vs_pretrained_F0,F0_pretrained_seed42,DecoderDistillV2_seed42,ANFC_002464.png,frame_000001,-0.017642409154044136,-0.022947732569566837,-0.00782472613213625,-0.02209523721477802,-0.0021815498628160457,-0.0024566650390250855,-1.0090873073154683,0.01496840709702818,0.015075743899655158
DecoderKD_V2_vs_pretrained_F0,F0_pretrained_seed42,DecoderDistillV2_seed42,ANFC_002465.png,frame_000001,0.0006772079699232103,0.0010374261574940258,-0.017114587509411083,0.015317309478143581,0.003152074685168871,0.0008392333984246214,-0.8701778718653408,0.008242770815185319,-0.0036355062810622396
DecoderKD_V2_vs_pretrained_F0,F0_pretrained_seed42,DecoderDistillV2_seed42,ANFC_002466.png,frame_000001,-0.0062456589152263264,-0.009831607172505641,0.015949222880954572,-0.027474588527493626,-0.008094352733335364,-0.003585815429632766,0.11953506150162418,-0.016448195648068875,-0.02268452813933841
DecoderKD_V2_vs_pretrained_F0,F0_pretrained_seed42,DecoderDistillV2_seed42,ANFC_002467.png,frame_000001,-0.004721881491961288,-0.007151766740120302,-0.015803108804195998,0.0049344326884707135,0.0006161229651627798,-0.00035095214843217093,0.0,-0.0069562147119693885,-0.01640129145146474
DecoderKD_V2_vs_pretrained_F0,F0_pretrained_seed42,DecoderDistillV2_seed42,ANFC_002468.png,frame_000001,-0.015999020170438305,-0.02606609329258558,-0.020221020451394067,-0.012009941963966986,-0.0007832514726631157,-0.0020446777343438027,0.3944487245360109,-0.012881443291788641,-0.04392558809759195
DecoderKD_V2_vs_pretrained_F0,F0_pretrained_seed42,DecoderDistillV2_seed42,ANFC_002469.png,frame_000001,0.0021956010109643875,0.0034737289592720044,-0.012863459732967542,0.01676487376163971,0.0027723727032739065,0.000991821289047401,0.0,-0.009083406177732622,0.024097656096249254
DecoderKD_V2_vs_pretrained_F0,F0_pretrained_seed42,DecoderDistillV2_seed42,ANFC_002470.png,frame_000001,-0.025194938439953574,-0.03703726870617308,-0.04854368931056963,-0.0051104458305868405,0.00041259572220075924,-0.003280639648387429,0.4721359549995796,0.008015938854713522,-0.013038316977372122
DecoderKD_V2_vs_pretrained_F0,F0_pretrained_seed42,DecoderDistillV2_seed42,ANFC_002471.png,frame_000001,0.0019711126718408023,0.0033105004843035912,0.009209744501125994,-0.004179478188305441,-0.0003538684252798463,0.00013732910156039058,0.0,-0.009031463264378758,0.03160767903973882
DecoderKD_V2_vs_pretrained_F0,F0_pretrained_seed42,DecoderDistillV2_seed42,ANFC_002472.png,frame_000001,0.007299166430977833,0.01070326469701166,-0.021252371913820012,0.031794595332008346,0.006593673543638157,0.003234863281200706,0.0,0.01798841490939629,0.02760359297133186
DecoderKD_V2_vs_pretrained_F0,F0_pretrained_seed42,DecoderDistillV2_seed42,ANFC_002473.png,frame_000001,-0.03775527769117748,-0.055320045852896294,-0.07341269840359466,-0.004385955691698973,0.0015137806235816509,-0.007705688476444927,3.7737180076032475,-0.05266348028009893,-0.08059710111016072
DecoderKD_V2_vs_pretrained_F0,F0_pretrained_seed42,DecoderDistillV2_seed42,ANFC_002476.png,frame_000001,-0.14049203678655475,-0.18561608996718548,-0.22971724261139959,0.024855974226892674,0.004224532224461952,-0.01509094238258224,27.92111625488304,-0.16834249340792728,-0.22282967417478383
DecoderKD_V2_vs_pretrained_F0,F0_pretrained_seed42,DecoderDistillV2_seed42,ANFC_002477.png,frame_000001,-0.000632705072768025,-0.0009668832432075947,0.008077879037266311,-0.010761969084905565,-0.0009718653225114782,-0.00030517578124533706,0.0,-0.008943984415214712,-0.03266523423553169
DecoderKD_V2_vs_pretrained_F0,F0_pretrained_seed42,DecoderDistillV2_seed42,ANFC_002478.png,frame_000001,-0.03575004925969305,-0.049444042549273926,-0.07121474711340559,0.015660204584802773,0.002686309956196564,-0.004470825195244332,4.802936084314054,-0.0427005975868846,-0.07468716409498877
DecoderKD_V2_vs_pretrained_F0,F0_pretrained_seed42,DecoderDistillV2_seed42,ANFC_002479.png,frame_000001,0.0015894119558848008,0.0022557604793855823,-0.008428544670497362,0.015516169229218169,0.0030989099128094777,0.0012207031249814593,0.5906609626975907,0.00026049374861625285,-0.006694056733025144
DecoderKD_V2_vs_pretrained_F0,F0_pretrained_seed42,DecoderDistillV2_seed42,ANFC_002480.png,frame_000001,-0.04122924110638959,-0.054742513186620934,-0.046078586074470795,-0.03565170644388216,-0.0032432980286281055,-0.007385253906137312,10.948156980406486,-0.06917490438834029,-0.05193551104800431
DecoderKD_V2_vs_pretrained_F0,F0_pretrained_seed42,DecoderDistillV2_seed42,ANFC_002481.png,frame_000001,0.0034244372229936815,0.00503661460772864,-0.006762931821099882,0.01652367084658235,0.001564971281086125,0.0008697509765491773,0.0,-0.011727138296174444,-0.009702828774149186
DecoderKD_V2_vs_pretrained_F0,F0_pretrained_seed42,DecoderDistillV2_seed42,ANFC_002482.png,frame_000001,-0.029358631643113142,-0.041727207631182206,-0.03590847303625866,-0.020878221416526177,-0.002468787472623468,-0.006973266601456141,10.67740445955007,-0.03547518415017881,-0.0626721871053747
DecoderKD_V2_vs_pretrained_F0,F0_pretrained_seed42,DecoderDistillV2_seed42,ANFC_002483.png,frame_000001,0.023865874747468374,0.03608217206882247,0.03424657533795483,0.008641734863728212,0.0006903216898955788,0.004577636718680167,-2.585098306881709,0.020227572993480325,0.018973268318251413
DecoderKD_V2_vs_pretrained_F0,F0_pretrained_seed42,DecoderDistillV2_seed42,ANFC_002484.png,frame_000001,0.024529135445913175,0.035794377537252675,0.03512999365439062,0.013706001369425569,0.0012662399611236275,0.00534057617179351,-0.8309518948453007,0.026968598234742958,0.05917829488314319
DecoderKD_V2_vs_pretrained_F0,F0_pretrained_seed42,DecoderDistillV2_seed42,ANFC_002485.png,frame_000001,-0.019123347091309473,-0.024735521750622547,-0.05246652996593093,0.03320210845244753,0.00588697702845864,-0.0014953613281022404,3.0,-0.05253233687544334,-0.008095350211832164
DecoderKD_V2_vs_pretrained_F0,F0_pretrained_seed42,DecoderDistillV2_seed42,ANFC_002486.png,frame_000001,-0.013880254518182533,-0.021053255833528572,-0.04014204106219832,0.014277725896150839,0.002421307506012327,-0.0017852783202852995,1.8686917696247027,-0.023637292412878597,-0.020170010180601605
DecoderKD_V2_vs_pretrained_F0,F0_pretrained_seed42,DecoderDistillV2_seed42,ANFC_002487.png,frame_000001,0.02118642600846521,0.03554308112289928,0.04420642647629869,-0.0024944457856445057,-0.0005794606049472906,0.002929687499955369,-1.0,0.01986501335119306,0.07047922826469033
DecoderKD_V2_vs_pretrained_F0,F0_pretrained_seed42,DecoderDistillV2_seed42,ANFC_002488.png,frame_000001,-0.06948233127932757,-0.09404282427091315,-0.10852090030409622,-0.019197830781866543,0.0001180120035046972,-0.010192871093594458,4.077299664669354,-0.11680638239118313,-0.10301292618176994
DecoderKD_V2_vs_pretrained_F0,F0_pretrained_seed42,DecoderDistillV2_seed42,ANFC_002489.png,frame_000001,-0.020091442310305907,-0.02636696928691784,-0.03102938761598595,-0.006054742222370346,5.046681806619713e-05,-0.0028381347655817013,1.5898990019184982,-0.04227984197640422,-0.027316974917244274
DecoderKD_V2_vs_pretrained_F0,F0_pretrained_seed42,DecoderDistillV2_seed42,ANFC_002490.png,frame_000001,0.0024731287871140317,0.004058525462544149,-0.0034246575325711515,0.008182215026841466,0.00031500031499531733,0.0001983642578095024,0.0,0.0002480727761893231,0.004390272620954594
DecoderKD_V2_vs_pretrained_F0,F0_pretrained_seed42,DecoderDistillV2_seed42,ANFC_002491.png,frame_000001,-0.0018716036525793234,-0.002786547091944036,0.003268536039348291,-0.006333936799858164,-0.0008874303032183617,-0.0005187988281170064,-0.5175543501536715,0.011321572636831534,0.016116747067634885
DecoderKD_V2_vs_pretrained_F0,F0_pretrained_seed42,DecoderDistillV2_seed42,ANFC_002492.png,frame_000001,-0.015975457990475728,-0.01933280798273329,-0.023304562265930362,0.005480616210299494,0.0007836171768749178,-0.0021972656249664713,13.675423686477743,-0.008847288694335154,0.0006573389444033406
DecoderKD_V2_vs_pretrained_F0,F0_pretrained_seed42,DecoderDistillV2_seed42,ANFC_002493.png,frame_000001,-0.038192254370560175,-0.04541298799319993,-0.10222984559100168,0.03045594396241924,0.0038006419571101624,-0.0009155273437360112,-1.0368796716795714,-0.05506602259388871,-0.02104450931445201
DecoderKD_V2_vs_pretrained_F0,F0_pretrained_seed42,DecoderDistillV2_seed42,ANFC_002494.png,frame_000001,-0.008244881792188963,-0.011367561755086242,-0.01831884057758626,0.0009109544807709424,0.000983992549753454,-0.0015563964843512412,0.35158370441155995,-0.06262743624096911,0.0424545626384345
DecoderKD_V2_vs_pretrained_F0,F0_pretrained_seed42,DecoderDistillV2_seed42,ANFC_002495.png,frame_000001,0.004687491787067066,0.007102069673026845,0.017034700313308004,-0.006632375023731707,-0.0016142750516113802,0.00064086914061523,1.1690481051546993,-0.016049290582947684,-0.014377526708840405
DecoderKD_V2_vs_pretrained_F0,F0_pretrained_seed42,DecoderDistillV2_seed42,ANFC_002496.png,frame_000001,0.005587741872490226,0.008418389254592706,0.01681166235400755,-0.005552387607984599,-0.001437839733448354,0.0009307861327982891,0.0,-0.0017844453464196386,0.018643163798191753
DecoderKD_V2_vs_pretrained_F0,F0_pretrained_seed42,DecoderDistillV2_seed42,ANFC_002497.png,frame_000001,0.007357800555857663,0.011882656842030936,0.009114304095586778,0.00519285463876451,0.0017489975257710677,0.0038452148436913802,0.0,-0.005879504694285664,0.04921802232392891
DecoderKD_V2_vs_pretrained_F0,F0_pretrained_seed42,DecoderDistillV2_seed42,ANFC_002498.png,frame_000001,0.011283779439355879,0.017788618474099405,-0.002177205603731802,0.02287092901558707,0.0056938077565725775,0.0044250488280574984,0.0,0.00572917678299012,0.05317603736083132
DecoderKD_V2_vs_pretrained_F0,F0_pretrained_seed42,DecoderDistillV2_seed42,ANFC_002499.png,frame_000001,-0.03176876734729328,-0.04445862145802504,-0.08170731706320644,0.029232413448625705,0.006592716617716765,-0.004455566406181943,0.0,-0.01596707004279052,-0.05630284312982892
DecoderKD_V2_vs_pretrained_F0,F0_pretrained_seed42,DecoderDistillV2_seed42,ANFC_002500.png,frame_000001,0.0028746951626247297,0.004233105398364301,0.021171746665236024,-0.011768371535536781,-0.002031403499974438,-9.155273437355671e-05,-0.11953506150162418,-0.0001549721372976487,0.0016080249041043881
DecoderKD_V2_vs_pretrained_F0,F0_pretrained_seed42,DecoderDistillV2_seed42,ANFC_002501.png,frame_000001,-0.012896548024286525,-0.01811577899319805,-0.024273255810425387,0.0009243568771620803,0.0006307965084453304,-0.001983642578094691,0.38516480713450374,-0.04363021690250335,-0.027839901087495456
DecoderKD_V2_vs_pretrained_F0,F0_pretrained_seed42,DecoderDistillV2_seed42,ANFC_002502.png,frame_000001,-0.03090474962892864,-0.042850069560909865,-0.07646976286821461,0.024751908904466102,0.011446511446288277,-0.0076751708983204825,3.566018867943397,-0.009885467595358244,-0.05910392892945948
DecoderKD_V2_vs_pretrained_F0,F0_pretrained_seed42,DecoderDistillV2_seed42,ANFC_002503.png,frame_000001,-0.01597275576917634,-0.022155533652766346,-0.054743390353441335,0.0306855455264885,0.01074493127779741,-0.0021057128905929146,1.3540538157991797,-0.02308517377504604,-0.02023463154227989
DecoderKD_V2_vs_pretrained_F0,F0_pretrained_seed42,DecoderDistillV2_seed42,ANFC_002504.png,frame_000001,-0.0038390489912134562,-0.005697103161683259,-0.003005581794439105,-0.004772459550854591,-0.0007826396300110172,-0.0010986328124832356,38.482391266328435,0.0046799026782363695,-0.014869572537455022
DecoderKD_V2_vs_pretrained_F0,F0_pretrained_seed42,DecoderDistillV2_seed42,ANFC_002505.png,frame_000001,-0.02721003155663837,-0.04066488102523391,-0.07416142556680272,0.03652849550617032,0.005491848576860137,-0.0037841796874422684,3.649110640673518,-0.015537241016624792,-0.022071051587082224
DecoderKD_V2_vs_pretrained_F0,F0_pretrained_seed42,DecoderDistillV2_seed42,ANFC_002506.png,frame_000001,0.004599166230009777,0.007263522300017922,-0.006514164519540344,0.017686788864164416,0.0020700772036639226,0.0012054443359191813,0.0,-0.028181309576375546,0.012432467920297174
DecoderKD_V2_vs_pretrained_F0,F0_pretrained_seed42,DecoderDistillV2_seed42,ANFC_002507.png,frame_000001,-0.002784582609175801,-0.004508736068021935,-0.02399817156605233,0.021022294371325856,0.005991223048922079,-1.5258789062277955e-05,0.16227766016837952,-0.0015733474172704431,0.007821459184768953
DecoderKD_V2_vs_pretrained_F0,F0_pretrained_seed42,DecoderDistillV2_seed42,ANFC_002508.png,frame_000001,-0.011015939053935608,-0.01599855801534955,-0.03193795863642945,0.008635266556678234,0.004090094128117228,-0.0025024414062118083,0.7888974490720218,-0.02853796728648239,-0.04160442711022094
DecoderKD_V2_vs_pretrained_F0,F0_pretrained_seed42,DecoderDistillV2_seed42,ANFC_002509.png,frame_000001,-0.006948779619902257,-0.009690182481778664,-0.019202722406610917,0.014286433032288048,0.0008954446289456408,-0.00036621093749433786,1.2703887565349223,-0.01523613069850882,-0.007656343208331862
DecoderKD_V2_vs_pretrained_F0,F0_pretrained_seed42,DecoderDistillV2_seed42,ANFC_002510.png,frame_000001,-0.009881167655355183,-0.014860036764680618,-0.029850746262199745,0.015438862175521262,0.0014118496872356223,-0.0007934570312378986,0.0,0.0009984049141406048,-0.020595985599695665
DecoderKD_V2_vs_pretrained_F0,F0_pretrained_seed42,DecoderDistillV2_seed42,ANFC_002511.png,frame_000001,-0.03745367368288455,-0.05619634921253647,-0.04717871296025866,-0.02728648489779173,-0.004477774946221591,-0.011383056640451361,3.3431457505076194,-0.05557096021860575,-0.05976446095496002
DecoderKD_V2_vs_pretrained_F0,F0_pretrained_seed42,DecoderDistillV2_seed42,ANFC_002512.png,frame_000001,0.010412006595055256,0.012338198077720075,-0.016490116848696057,0.043299058661711354,0.009560297273638052,0.005920410156159628,4.267622843560165,-0.004703973283843865,0.0458774271906881
DecoderKD_V2_vs_pretrained_F0,F0_pretrained_seed42,DecoderDistillV2_seed42,ANFC_002513.png,frame_000001,-0.020331267766780514,-0.030467308620044098,-0.05276443285947685,0.026723390211907727,0.006459487371956452,-0.004638671874929279,1.3801506560826775,-0.014731204436912226,-0.0084524760913397
DecoderKD_V2_vs_pretrained_F0,F0_pretrained_seed42,DecoderDistillV2_seed42,ANFC_002514.png,frame_000001,-0.0015830836206488508,-0.002438968006393538,-0.0015406624846989736,-0.0016279069765549048,-0.0002480114793840249,-0.0004272460937434497,-0.12310562561766059,0.00583873574688043,-0.0340059541580876
DecoderKD_V2_vs_pretrained_F0,F0_pretrained_seed42,DecoderDistillV2_seed42,ANFC_002515.png,frame_000001,-0.0007413116024704847,-0.0010988766105144432,-0.0008122377147945503,-0.0006750113861040408,-8.598600147746716e-05,-0.0001678466796849465,0.38516480713450374,-1.2343983054829977e-05,0.027232065939296723
DecoderKD_V2_vs_pretrained_F0,F0_pretrained_seed42,DecoderDistillV2_seed42,ANFC_002516.png,frame_000001,-0.0054549612827676786,-0.008096122011016504,-0.004684755025437304,-0.006150635433197826,-0.0005793455050968621,-0.0009002685546737332,0.38516480713450374,0.010416268077208635,-0.027750454542633807
DecoderKD_V2_vs_pretrained_F0,F0_pretrained_seed42,DecoderDistillV2_seed42,ANFC_002517.png,frame_000001,-0.010469067608826155,-0.01618817246563886,0.008577052867185464,-0.03093155885006571,-0.004279063398530014,-0.002883911132768424,-0.3431457505076194,-0.0024588163802540253,-0.06289925885965975
DecoderKD_V2_vs_pretrained_F0,F0_pretrained_seed42,DecoderDistillV2_seed42,ANFC_002518.png,frame_000001,-0.012997849689020957,-0.02062298694121356,0.012163656466611994,-0.03712550356235744,-0.00410913325562956,-0.0027618408202703115,1.0990195135927845,0.001388275347989687,-0.0059888276455438705
DecoderKD_V2_vs_pretrained_F0,F0_pretrained_seed42,DecoderDistillV2_seed42,ANFC_002519.png,frame_000001,-0.02212428686411616,-0.03288153216433454,-0.0509953409529017,0.005243978433872587,0.0037408572331848466,-0.00611877441396913,0.3944487245360109,-0.007092093673584432,-0.04755862527526977
DecoderKD_V2_vs_pretrained_F0,F0_pretrained_seed42,DecoderDistillV2_seed42,ANFC_002520.png,frame_000001,-0.03019076845332147,-0.045256119039660314,-0.05664388761478456,0.0008357740327206153,0.0009669047174608592,-0.004821777343676392,17.571512181992173,-0.0738091800841173,-0.036973435858661974
DecoderKD_V2_vs_pretrained_F0,F0_pretrained_seed42,DecoderDistillV2_seed42,ANFC_002521.png,frame_000001,0.01480683528451332,0.0231363311874615,0.0019752573030487053,0.028487896935827428,0.005329327395866557,0.00483703613273867,-0.3944487245360109,0.008716965641233143,0.08765146370481414
DecoderKD_V2_vs_pretrained_F0,F0_pretrained_seed42,DecoderDistillV2_seed42,ANFC_002522.png,frame_000001,0.02638190454058198,0.03764356885373343,-0.008720024911641255,0.06539143104859912,0.0038989169674463753,0.00328063964838754,-4.219544457292887,0.05126909882847552,0.0408364912403445
DecoderKD_V2_vs_pretrained_F0,F0_pretrained_seed42,DecoderDistillV2_seed42,ANFC_002523.png,frame_000001,-0.040495466110555656,-0.0533260570109495,-0.05853405851889826,-0.011555849718252187,-8.10701256573898e-05,-0.003524780273383654,0.8309518948453007,-0.05842517813884707,-0.12116543129747359
DecoderKD_V2_vs_pretrained_F0,F0_pretrained_seed42,DecoderDistillV2_seed42,ANFC_002524.png,frame_000001,-0.03223281624808527,-0.04707104387922034,-0.059052247859282536,-0.0032628464578837724,0.0004721512186308674,-0.003265380859325151,0.349030329381919,-0.022993666292322024,-0.04106765462952633
DecoderKD_V2_vs_pretrained_F0,F0_pretrained_seed42,DecoderDistillV2_seed42,ANFC_002525.png,frame_000001,-0.002783624974446175,-0.004304617265905808,-0.009388374981445735,0.006032491820316954,0.0007891170466302055,-0.000335693359369893,-0.24264068711928477,-0.0036668609828058862,0.003426555976455248
DecoderKD_V2_vs_pretrained_F0,F0_pretrained_seed42,DecoderDistillV2_seed42,ANFC_002526.png,frame_000001,-0.0007551089684363355,-0.0011319437533457988,-0.005516290293825832,0.005402513430519007,0.0005691805474081768,3.051757812455591e-05,1.0,0.003513451394992262,-0.009251217494627206
DecoderKD_V2_vs_pretrained_F0,F0_pretrained_seed42,DecoderDistillV2_seed42,ANFC_002527.png,frame_000001,-0.008849957348849524,-0.013827471226600108,-0.00857888847124988,-0.009013217171136234,-0.00044546973191561534,-0.0007781982421756206,0.7639320225002102,-0.013663531681512131,-0.047531873964551274
DecoderKD_V2_vs_pretrained_F0,F0_pretrained_seed42,DecoderDistillV2_seed42,ANFC_002528.png,frame_000001,0.01793107847944697,0.02328646719563854,-0.01906880660748944,0.042346591964473546,0.008895565720694498,0.006210327148342687,0.7204539931481175,0.02176387669620261,0.02469377192876454
DecoderKD_V2_vs_pretrained_F0,F0_pretrained_seed42,DecoderDistillV2_seed42,ANFC_002529.png,frame_000001,0.007643503931705764,0.011244610995929327,-0.003880266074312577,0.013799506216808366,0.0015663350987992208,0.0012664794921681821,0.0,0.009928075963492877,-0.002787255035620273
DecoderKD_V2_vs_pretrained_F0,F0_pretrained_seed42,DecoderDistillV2_seed42,ANFC_002530.png,frame_000001,0.01947106539130683,0.028287394783391817,-0.02074435630849769,0.04337408235224394,0.0043849786372130994,0.0031280517577647604,-3.0369351807628853,-0.0007260176698136167,0.008633875057859286
DecoderKD_V2_vs_pretrained_F0,F0_pretrained_seed42,DecoderDistillV2_seed42,ANFC_002531.png,frame_000001,0.032298844022845996,0.04912839516407619,0.008585994094825411,0.04653819258927294,0.004465369120929541,0.00469970703117828,-1.5717581706542951,0.02467440244297303,0.05938096152565264
DecoderKD_V2_vs_pretrained_F0,F0_pretrained_seed42,DecoderDistillV2_seed42,ANFC_002532.png,frame_000001,-0.037241912373716546,-0.051515767811060265,-0.018006148433023283,-0.044733448687342414,-0.0031299894085721203,-0.003646850585881878,110.65604576510749,-0.06675355041496678,-0.08656935368466112
DecoderKD_V2_vs_pretrained_F0,F0_pretrained_seed42,DecoderDistillV2_seed42,ANFC_002533.png,frame_000001,0.017150044098381945,0.023976389354853578,-0.024202034369659398,0.03739876001781095,0.008323027041342246,0.005493164062416178,0.760354490044838,-0.0015561206870535749,0.028900099075179764
DecoderKD_V2_vs_pretrained_F0,F0_pretrained_seed42,DecoderDistillV2_seed42,ANFC_002534.png,frame_000001,0.015548191792657096,0.022130789068240397,-0.029689191274209215,0.04243392115091271,0.009514296839128522,0.005645751953038847,-0.22949526788029484,-0.003219054766159135,0.061324143042271295
DecoderKD_V2_vs_pretrained_F0,F0_pretrained_seed42,DecoderDistillV2_seed42,ANFC_002624.png,frame_000013,-0.006692685669102416,-0.008943858797142434,-0.023875432521820894,0.005035901123843778,0.0017906151683213523,-0.00047302246093028355,-0.8309518948453007,-0.01662216017790419,0.006088905272303102
DecoderKD_V2_vs_pretrained_F0,F0_pretrained_seed42,DecoderDistillV2_seed42,ANFC_002625.png,frame_000013,-0.0030278729756822997,-0.004300076778501083,-0.03572284822926808,0.015159386068824054,0.002949564083713052,0.0004882812499925615,-0.2518106354529186,0.0038490971127970175,0.03216766730827997
DecoderKD_V2_vs_pretrained_F0,F0_pretrained_seed42,DecoderDistillV2_seed42,ANFC_002636.png,frame_000045,0.0163996694810028,0.02313515553298706,0.02354356418224035,0.007575050763551694,0.000385149957292219,0.0024414062499626965,6.973829226598783,0.0037316268843059497,-0.011894022399242532
DecoderKD_V2_vs_pretrained_F0,F0_pretrained_seed42,DecoderDistillV2_seed42,ANFC_002637.png,frame_000045,-0.0017660370324208419,-0.0026023331849188702,0.011398434839843707,-0.010682549131464047,-0.00202822756374621,-0.0008239746093624545,-1.2401159170201748,0.026868672788071812,0.028586902548970228
DecoderKD_V2_vs_pretrained_F0,F0_pretrained_seed42,DecoderDistillV2_seed42,ANFC_002638.png,frame_000045,-0.012599240154313684,-0.017239717415244327,0.006454215406835773,-0.023678455911844254,-0.00182374676876762,-0.0015106201171645184,4.16208869558845,-0.036266307036385004,-0.04025270650931423
DecoderKD_V2_vs_pretrained_F0,F0_pretrained_seed42,DecoderDistillV2_seed42,ANFC_002651.png,frame_000053,-0.02314401512143971,-0.034929679741373953,-0.048718633202253225,3.131118384969156e-05,0.0013093515264056554,-0.0044097900389951095,10.07754641723379,-0.06397479548387286,-0.021052772261921482
DecoderKD_V2_vs_pretrained_F0,F0_pretrained_seed42,DecoderDistillV2_seed42,ANFC_002652.png,frame_000053,0.00025310235129394343,0.00038412494394646224,-0.00625880143854507,0.005059760713822303,0.00098064079802207,0.00027465820312078115,-0.38516480713450374,-0.0005385509406119482,0.0030776510965435655
DecoderKD_V2_vs_pretrained_F0,F0_pretrained_seed42,DecoderDistillV2_seed42,ANFC_002653.png,frame_000053,0.09308489459101366,0.11416873562307828,-0.07869025611864533,0.20639059633418877,0.02638099402376748,0.020309448241877526,-19.280024783137947,0.0934147271164375,0.1339361333266328
DecoderKD_V2_vs_pretrained_F0,F0_pretrained_seed42,DecoderDistillV2_seed42,ANFC_002668.png,frame_000075,0.017296202872398636,0.023838998257025845,0.0077306304745351495,0.02906927836561879,0.002880348321144144,0.003311157226511985,1.1690481051546993,0.03095175704680686,-0.0004436511413732358
DecoderKD_V2_vs_pretrained_F0,F0_pretrained_seed42,DecoderDistillV2_seed42,ANFC_002669.png,frame_000075,-0.004024536988394667,-0.006228399477016366,0.0023829548636973286,-0.009082123760204563,-0.0015924112187665207,-0.0011596679687323475,1.3851648071345037,-0.02422320311471826,-0.024165248609979817
DecoderKD_V2_vs_pretrained_F0,F0_pretrained_seed42,DecoderDistillV2_seed42,ANFC_002709.png,frame_26,-0.006807952059201816,-0.010323646653350282,-0.08189571621613723,0.06955625123796227,0.017657285667397216,0.001983642578094691,2.3279046354255017,-0.016258742304977924,-0.020776378169234277
DecoderKD_V2_vs_pretrained_F0,F0_pretrained_seed42,DecoderDistillV2_seed42,ANFC_002710.png,frame_26,0.0067688776761337666,0.009572731909675891,-0.10171154473981125,0.07508785206817592,0.02735837340050462,0.009292602538920725,-7.22018434468475,0.08954338284038188,0.0770427055802867
DecoderKD_V2_vs_pretrained_F0,F0_pretrained_seed42,DecoderDistillV2_seed42,ANFC_002711.png,frame_26,-0.0034544847662938416,-0.005058371157107389,-0.09654132096794077,0.06849041061084526,0.020922584658769394,0.004287719726497108,-1.6157731058639087,0.005685009931307938,0.0242406785235878
DecoderKD_V2_vs_pretrained_F0,F0_pretrained_seed42,DecoderDistillV2_seed42,ANFC_002712.png,frame_26,0.046424743374574584,0.06268327317646882,-0.020985063569808005,0.07399785141030046,0.02552450596281841,0.01977539062469824,-5.373549153277194,0.04831906960585486,0.15952028479972508
DecoderKD_V2_vs_pretrained_F0,F0_pretrained_seed42,DecoderDistillV2_seed42,ANFC_002713.png,frame_26,0.005113395902428652,0.0073065633286409915,-0.09677419353673877,0.07608494385855857,0.022349199692067723,0.007247924804576922,-0.08218546416899475,0.007341260258281079,0.013564112580661924
DecoderKD_V2_vs_pretrained_F0,F0_pretrained_seed42,DecoderDistillV2_seed42,ANFC_002714.png,frame_26,0.05579945096356542,0.0792013085779647,-0.049815717506858204,0.11189880775620853,0.03457330415694404,0.023742675780887734,-6.169048105154699,0.07934513543379151,0.22827853366045636
DecoderKD_V2_vs_pretrained_F0,F0_pretrained_seed42,DecoderDistillV2_seed42,ANFC_002730.png,frame_52,0.0006820466945618442,0.0009510243177089928,-0.040962288673289216,0.026670510074309206,0.003105987832162982,0.0010375976562342348,0.09901951359278449,0.011369456120969512,-0.042577278763805015
DecoderKD_V2_vs_pretrained_F0,F0_pretrained_seed42,DecoderDistillV2_seed42,ANFC_002731.png,frame_52,-0.0009036484421325319,-0.0012144203869394188,-0.010355695630266615,0.004550667363207639,0.0009820931678892197,0.00021362304687166933,-1.0,0.012175890072089746,-0.005769285653088541
DecoderKD_V2_vs_pretrained_F0,F0_pretrained_seed42,DecoderDistillV2_seed42,ANFC_002732.png,frame_52,0.007901656463140672,0.01207065416718589,0.01041666666395391,0.005876711032602233,0.0003565871369236584,0.0009460449218605671,-0.7573593128807152,0.011350357887923046,0.007046600486600552
DecoderKD_V2_vs_pretrained_F0,F0_pretrained_seed42,DecoderDistillV2_seed42,ANFC_002733.png,frame_52,-0.008659774047055757,-0.012611986172584855,0.00246360582251659,-0.014764607054657986,-0.0020304236052786084,-0.0017242431640361877,1.1702966615462156,0.023183140067970842,-0.030999661288819813
DecoderKD_V2_vs_pretrained_F0,F0_pretrained_seed42,DecoderDistillV2_seed42,ANFC_002734.png,frame_52,0.00686119506988303,0.009399375104365948,-0.008900373238903136,0.018180030360977595,0.001821023963356816,0.0012512207031059042,1.0,0.01425695493394652,-0.0037041458372482072
DecoderKD_V2_vs_pretrained_F0,F0_pretrained_seed42,DecoderDistillV2_seed42,ANFC_002735.png,frame_52,-0.008642627943978964,-0.013298822621272577,-0.005474452553634546,-0.010843180946065734,-0.0011880403933538508,-0.0015106201171644074,-1.2579093336274632,0.039328498551079005,-0.019708047595410894
DecoderKD_V2_vs_pretrained_F0,F0_pretrained_seed42,DecoderDistillV2_seed42,ANFC_002754.png,frame_8,-0.02880644345347816,-0.04026702438394525,-0.035436473628511544,-0.020567381764901138,-0.0008700555868706994,-0.0027008056640211997,2.743258867645867,-0.011821950391721625,-0.048501093230499115
DecoderKD_V2_vs_pretrained_F0,F0_pretrained_seed42,DecoderDistillV2_seed42,ANFC_002755.png,frame_8,-0.019187779481374623,-0.027445564381371468,-0.06361085123310994,0.03265954038750141,0.0015773368244805797,-0.0005493164062415623,0.28614529354171925,-0.02047012957736516,-0.04215326491400995
DecoderKD_V2_vs_pretrained_F0,F0_pretrained_seed42,DecoderDistillV2_seed42,ANFC_002756.png,frame_8,-0.01778035230360464,-0.023271915748023564,-0.026677445425309143,-0.004957121068033032,1.617468661518906e-05,-0.0014953613281021294,0.39088989028208054,-0.01569085255943936,-0.007833935843693962
DecoderKD_V2_vs_pretrained_F0,F0_pretrained_seed42,DecoderDistillV2_seed42,ANFC_002758.png,frame_8,0.009639292211451322,0.011713559335806867,-0.018499486119047837,0.035252422095371716,0.0028267084018266386,0.0018768310546588562,2.3927961529602157,0.021401024962417692,0.0440806039492917
DecoderKD_V2_vs_pretrained_F0,F0_pretrained_seed42,DecoderDistillV2_seed42,ANFC_002759.png,frame_8,-0.03885357354023222,-0.04411566874153716,-0.07897885916275271,0.06828846878149109,0.002443319741667449,-0.000671386718739786,39.90570030109696,-0.15002452837379343,-0.08079474729879321
DecoderKD_V2_vs_pretrained_F0,F0_pretrained_seed42,DecoderDistillV2_seed42,ANFC_002760.png,frame_8,0.0026629941879310337,0.0034847093128840267,0.0013818516806164416,0.003264013972317348,0.00020516057760266992,0.00024414062499633626,0.7030570835376224,-0.006131313626694834,0.02063780391301906
DecoderKD_V2_vs_pretrained_F0,F0_pretrained_seed42,DecoderDistillV2_seed42,ANFC_002761.png,frame_8,0.03873259040940902,0.05529319998937965,-0.02751263333660159,0.07998859453298834,0.004109481609221088,0.003250122070262984,-0.6055512754639891,0.05485158973642312,0.08388823487789032
DecoderKD_V2_vs_pretrained_F0,F0_pretrained_seed42,DecoderDistillV2_seed42,ANFC_002762.png,frame_8,0.00482248055001111,0.006185593255933819,-0.00046490004627386394,0.006955286673930305,0.0005679577186942231,0.0005340576171793954,1.8293354613156243,-0.021602448365210192,0.021409509319516906
DecoderKD_V2_vs_pretrained_F0,F0_pretrained_seed42,DecoderDistillV2_seed42,ANFC_002763.png,frame_8,0.020931899172886292,0.026589192782052073,-0.04206935756562291,0.054688242462453296,0.00377879172736606,0.002548217773398642,-1.7328682476936272,-0.043850176494255155,0.06829879992761123
DecoderKD_V2_vs_pretrained_F0,F0_pretrained_seed42,DecoderDistillV2_seed42,ANFC_002764.png,frame_8,-0.028171349626444964,-0.03907454270715993,-0.030112359537028066,-0.026291567708828567,-0.0012478084376925658,-0.002227783203090916,0.8350571028567817,-0.024171095274854837,-0.04214037504585033
DecoderKD_V2_vs_pretrained_F0,F0_pretrained_seed42,DecoderDistillV2_seed42,ANFC_002765.png,frame_8,0.03955049626112406,0.05133501095369264,-0.02305051494700805,0.07607983981116218,0.005055356945917855,0.004180908203061273,-0.48156390219165246,0.02618526415776845,0.0852340731835054
DecoderKD_V2_vs_pretrained_F0,F0_pretrained_seed42,DecoderDistillV2_seed42,ANFC_002766.png,frame_8,0.01948334554286002,0.027208358227235774,0.05099910526364482,-0.017247688750963275,-0.0015759934386958552,0.0011138916015455136,-0.7342164969694522,0.006674715123920705,0.025923827985370296
DecoderKD_V2_vs_pretrained_F0,F0_pretrained_seed42,DecoderDistillV2_seed42,ANFC_002767.png,frame_8,0.014468273039137003,0.01625682888182889,-0.022857142849459833,0.0718106142078947,0.004044053004203185,0.0028228759765195344,0.9285709567757863,0.035993306580896944,0.01986935217601482
DecoderKD_V2_vs_pretrained_F0,F0_pretrained_seed42,DecoderDistillV2_seed42,ANFC_002768.png,frame_A,0.01306366814922899,0.01824474050604652,-0.02792275573384062,0.03247406277651943,0.005040191883750711,0.0031127929687024825,-2.348926799787396,0.047046704246345716,0.03691838705020023
DecoderKD_V2_vs_pretrained_F0,F0_pretrained_seed42,DecoderDistillV2_seed42,ANFC_002769.png,frame_A,0.032748662985816135,0.0377081066902758,-0.04854545453662806,0.055405319089830374,0.020837497501151936,0.01501464843727085,-5.589390356731634,0.08065655181596076,0.016766141341260588
DecoderKD_V2_vs_pretrained_F0,F0_pretrained_seed42,DecoderDistillV2_seed42,ANFC_002770.png,frame_A,0.01773989225156858,0.023690860592225582,-0.02233902759037698,0.03530774939702175,0.006872232245253906,0.00483703613273867,-1.1040868935288053,-0.002636807512837125,0.03193341230373731
DecoderKD_V2_vs_pretrained_F0,F0_pretrained_seed42,DecoderDistillV2_seed42,ANFC_002771.png,frame_A,-0.023468266701439755,-0.032094926983130545,-0.02419928825048656,-0.02262299553003666,-0.001956915249230251,-0.0033874511718232636,-1.263468096511085,-0.014849253985537048,-0.030823687540460942
DecoderKD_V2_vs_pretrained_F0,F0_pretrained_seed42,DecoderDistillV2_seed42,ANFC_002772.png,frame_A,0.03634687845420559,0.0368850436406154,0.00045095828625685286,0.03814735737587688,0.014189620464244657,0.013259887695110106,-5.0,0.31057715920078244,0.09534195991964556
DecoderKD_V2_vs_pretrained_F0,F0_pretrained_seed42,DecoderDistillV2_seed42,ANFC_002773.png,frame_A,0.05530722634161367,0.06362674401336083,-0.02331743507596251,0.07446637778884607,0.016644538712855095,0.014343261718531175,-5.973665961010276,0.08709352202730547,0.05536181826634079
DecoderKD_V2_vs_pretrained_F0,F0_pretrained_seed42,DecoderDistillV2_seed42,ANFC_002774.png,frame_A,0.0067434138280009215,0.009010407807844678,-0.013589743586258973,0.017724544484880478,0.002644558374932715,0.0016784667968493538,-1.8863071416643375,0.03034557897900081,0.01681219235114695
DecoderKD_V2_vs_pretrained_F0,F0_pretrained_seed42,DecoderDistillV2_seed42,ANFC_002775.png,frame_A,0.0053015947559952314,0.0058702829061831885,-0.02256153144426587,0.012104505392734388,0.0050206057433600515,0.0031738281249515943,1.0,-0.02452350212383725,0.03463063917345621
DecoderKD_V2_vs_pretrained_F0,F0_pretrained_seed42,DecoderDistillV2_seed42,ANFC_002776.png,frame_A,0.004901272338818763,0.006041053386233952,-0.04735172075973837,0.026219949387786268,0.006689562004481009,0.003311157226511985,-2.8586911128934744,-0.007462535441809859,0.013531790015403666
