comparison,control,candidate,filename,patient_id,delta_dice,delta_iou,delta_sensitivity,delta_precision,delta_specificity,delta_accuracy,delta_hd95,delta_cldice,delta_boundary_f1
Ensemble_vs_pretrained_F0,F0_pretrained_seed42,F0_F3_probability_ensemble,ANFC_000085.png,8_140724,0.0006029117183374844,0.0009066868667766403,-0.05590672846917355,0.05065470368063241,0.021540800810527894,0.0047149658202405575,-0.9903110137886078,0.006072181535739407,-0.03523783839867345
Ensemble_vs_pretrained_F0,F0_pretrained_seed42,F0_F3_probability_ensemble,ANFC_000086.png,8_140724,-0.020038324360586723,-0.028590402286126193,-0.013405590412605362,-0.025792985803497315,-0.0017733354828022296,-0.0023956298827759737,21.566249328282147,-0.12242379826549765,-0.08022430111168233
Ensemble_vs_pretrained_F0,F0_pretrained_seed42,F0_F3_probability_ensemble,ANFC_000089.png,8_140724,-0.0028337697105210724,-0.003914600291840653,-0.022508947068891616,0.010381839868920495,0.005043883608196964,0.0005798339843661182,-0.049875621120889946,0.014742946497969367,0.025022659588898155
Ensemble_vs_pretrained_F0,F0_pretrained_seed42,F0_F3_probability_ensemble,ANFC_000090.png,8_140724,0.009268492512044424,0.015402772017135136,0.0045570745799091705,0.01296904988867753,0.002582288331902216,0.0028533935546439793,-0.4432736152956096,0.010218251104717413,0.06674749552192594
Ensemble_vs_pretrained_F0,F0_pretrained_seed42,F0_F3_probability_ensemble,ANFC_000091.png,8_140724,0.003857874997035049,0.0057806879032031855,-0.008820286658235976,0.0132483270113547,0.0031199344638920268,0.001632690429662631,-2.4325584593484484,0.01418778224660211,0.008243685674387602
Ensemble_vs_pretrained_F0,F0_pretrained_seed42,F0_F3_probability_ensemble,ANFC_000092.png,8_140724,0.0018576880696669074,0.00242820692821899,-0.048331774228770885,0.0661316852611461,0.004267676362459394,0.0016937255859116318,1.1618862790929256,-0.0009060018407081039,0.05194632060860088
Ensemble_vs_pretrained_F0,F0_pretrained_seed42,F0_F3_probability_ensemble,ANFC_000093.png,8_140724,-0.006870100453634009,-0.009833993473086333,0.011745862252024786,-0.022532871855990178,-0.007145751224591268,-0.003906249999940381,3.8207951780404397,-0.02111508670026252,-0.013970838562662458
Ensemble_vs_pretrained_F0,F0_pretrained_seed42,F0_F3_probability_ensemble,ANFC_000094.png,8_140724,-0.004355499250498607,-0.0061023037753250575,-0.010440042929999005,0.0013369200343267273,0.0008320219943055429,-0.0009307861327982891,-0.0929764578350385,-0.02543773145890349,0.021042030309231352
Ensemble_vs_pretrained_F0,F0_pretrained_seed42,F0_F3_probability_ensemble,ANFC_000095.png,8_140724,0.0016933323237338094,0.002367608277938249,0.011389771108160196,-0.007762707835298532,-0.002056555269886351,-0.00018310546874722444,0.6148351928654963,-0.0041033545931498105,0.0007276850435213866
Ensemble_vs_pretrained_F0,F0_pretrained_seed42,F0_F3_probability_ensemble,ANFC_000096.png,8_140724,0.0482897173619079,0.05953454154193005,0.08657810350742601,0.014541817333296958,-0.001029916625780114,0.004806518554614114,-2.444732263471998,0.06465242224386791,0.07753729690615507
Ensemble_vs_pretrained_F0,F0_pretrained_seed42,F0_F3_probability_ensemble,ANFC_000097.png,8_140724,0.018077101345252977,0.02137924591766127,0.011565555671163352,0.025788338642170228,0.00474788041044627,0.005737304687412403,-13.359718334373689,0.027470870104254863,0.012339868245857644
Ensemble_vs_pretrained_F0,F0_pretrained_seed42,F0_F3_probability_ensemble,ANFC_000098.png,8_140724,0.007896888775780098,0.012196260270419867,0.01395823876373603,0.0011623140870731241,-8.814611099206004e-05,0.0018005371093474665,0.0,-0.003727543203249528,0.004000387907605707
Ensemble_vs_pretrained_F0,F0_pretrained_seed42,F0_F3_probability_ensemble,ANFC_000099.png,8_140724,0.0036355494682643874,0.005467951949254091,0.003767266638366795,0.0035118149449613334,0.0006252232940224811,0.0010833740234209577,0.0,0.008287300686521282,0.014241499995102935
Ensemble_vs_pretrained_F0,F0_pretrained_seed42,F0_F3_probability_ensemble,ANFC_000100.png,8_140724,-0.005055408333513589,-0.007487823089010526,-0.011208352523996878,0.0003559514990224555,0.0003388509564010711,-0.0008087158203001765,0.0,0.0027343129693403467,-0.010294101797930444
Ensemble_vs_pretrained_F0,F0_pretrained_seed42,F0_F3_probability_ensemble,ANFC_000101.png,8_140724,0.005606217557851401,0.007804635375495583,-0.0008577666873941237,0.01191105598648734,0.0037372894216926023,0.0028381347655817013,-0.7319323812525163,0.015065220280738645,0.01923708743432273
Ensemble_vs_pretrained_F0,F0_pretrained_seed42,F0_F3_probability_ensemble,ANFC_000102.png,8_140724,0.02727259861888376,0.03625855230750963,0.021711202463808865,0.0318483501385638,0.005298517800157554,0.007247924804576922,-0.15390744208193752,0.011886065919418431,0.024380664087878756
Ensemble_vs_pretrained_F0,F0_pretrained_seed42,F0_F3_probability_ensemble,ANFC_000103.png,8_140724,-0.007721321301639605,-0.010466010091187639,0.014293347580244031,-0.018921073205901306,-0.005874246339261369,-0.003570556640570488,5.796374472428175,-0.015303491702055583,-0.03757668624417765
Ensemble_vs_pretrained_F0,F0_pretrained_seed42,F0_F3_probability_ensemble,ANFC_000104.png,8_140724,0.009815480723187275,0.014591545854338972,0.018055973516094226,0.0007376660962659098,-0.0003779221480306738,0.0024261474609005296,0.0,0.01144771560067448,0.04439108477540421
Ensemble_vs_pretrained_F0,F0_pretrained_seed42,F0_F3_probability_ensemble,ANFC_000105.png,8_140724,0.0033388752408566313,0.00425209712753194,0.004226312201196181,0.0024193736355065942,0.00022336385972365758,0.000671386718739786,-1.0266456549053373,0.018871510755797738,0.04384023820734806
Ensemble_vs_pretrained_F0,F0_pretrained_seed42,F0_F3_probability_ensemble,ANFC_000106.png,8_140724,0.007004771898554196,0.009739580874057685,-0.012391158739407104,0.021881076639798325,0.005903354660717897,0.0034027099608855416,-0.8309518948453007,0.01023141974980013,0.0206681710125739
Ensemble_vs_pretrained_F0,F0_pretrained_seed42,F0_F3_probability_ensemble,ANFC_000107.png,8_140724,0.03876517374740768,0.02324938043968726,0.023743977972514804,0.10536477402685251,0.00210970464131488,0.004028320312438494,-18.46165662620328,0.09979716193994581,0.03990975846300726
Ensemble_vs_pretrained_F0,F0_pretrained_seed42,F0_F3_probability_ensemble,ANFC_000108.png,8_140724,0.0072289580869062675,0.010623733714516637,-0.00010646225911781215,0.014275032257244025,0.002956735478992001,0.0025177001952740863,-1.0778115546186076,0.004294382516537243,0.008132777552964043
Ensemble_vs_pretrained_F0,F0_pretrained_seed42,F0_F3_probability_ensemble,ANFC_000109.png,8_140724,0.021170944167311356,0.029756026027629945,0.0005680742282583306,0.03381896160434661,0.00511160899501939,0.0047454833983651135,-12.96153829333009,0.028272251002424142,0.046587711476953175
Ensemble_vs_pretrained_F0,F0_pretrained_seed42,F0_F3_probability_ensemble,ANFC_000110.png,8_140724,0.002834647642049326,0.004226188119839103,-0.0007936507935247805,0.005436218206179899,0.0008947261800105188,0.0007324218749887867,-0.13416649073880293,-0.0008751879585242595,0.0061845503832639315
Ensemble_vs_pretrained_F0,F0_pretrained_seed42,F0_F3_probability_ensemble,ANFC_000111.png,8_140724,0.0038569211579945195,0.006323307810383816,-0.0034438226423926244,0.01098207626462111,0.0009853834783875026,0.000671386718739786,-0.3944487245360109,-0.0023174673550417912,0.02221687033372899
Ensemble_vs_pretrained_F0,F0_pretrained_seed42,F0_F3_probability_ensemble,ANFC_000112.png,8_140724,0.04176564800959348,0.05165957499446572,-0.05272631021146368,0.09533509926088568,0.03793835018027958,0.024871826171495526,-9.68349247583901,0.013434289980182812,0.04889115481416251
Ensemble_vs_pretrained_F0,F0_pretrained_seed42,F0_F3_probability_ensemble,ANFC_000113.png,8_140724,0.017748563809716678,0.026609899091169287,-0.00323734878145876,0.03499369359684612,0.010595189412048844,0.00811767578112621,-0.9584054212077042,0.025939731207336836,0.07636181284279486
Ensemble_vs_pretrained_F0,F0_pretrained_seed42,F0_F3_probability_ensemble,ANFC_000115.png,8_1621490,-0.033249910866786414,-0.04212259972424315,0.008418043200696057,-0.053031947015501846,-0.012947332882968454,-0.010894775390458689,32.94674742263173,-0.03455264594541618,-0.010420036309046643
Ensemble_vs_pretrained_F0,F0_pretrained_seed42,F0_F3_probability_ensemble,ANFC_000116.png,8_1621490,0.01570622506974212,0.013467313182293161,-0.04071165250188946,0.03691147770968978,0.02291852876160816,0.01686096191380526,-0.4506672771653655,-0.028150360701563626,-0.022075931667518228
Ensemble_vs_pretrained_F0,F0_pretrained_seed42,F0_F3_probability_ensemble,ANFC_000117.png,8_1621490,-0.010656000540949506,-0.01688645135959621,-0.005198064168740135,-0.01661549916135263,-0.0035124498877576737,-0.0037994384765045464,1.0,-0.001737815159299716,-0.020886227115368583
Ensemble_vs_pretrained_F0,F0_pretrained_seed42,F0_F3_probability_ensemble,ANFC_000118.png,8_1621490,0.029809182210371654,0.038134174819779876,0.07128819008910336,0.00014386792004428273,-0.0029696858472285648,0.0033721923827609857,-20.866750975442944,0.03752083320578492,0.01681832464801769
Ensemble_vs_pretrained_F0,F0_pretrained_seed42,F0_F3_probability_ensemble,ANFC_000119.png,8_1621490,-0.022909695435771815,-0.03228825696288806,-0.005008347244572886,-0.042191191881031376,-0.004853390655881973,-0.004867553710863226,7.9321869662030124,-0.039858010473470595,-0.04212576893262532
Ensemble_vs_pretrained_F0,F0_pretrained_seed42,F0_F3_probability_ensemble,ANFC_000120.png,8_1621490,0.000553077840737104,0.0007652489794076622,0.004949328304861056,-0.004635394447571883,-0.0009114811568639025,-0.00015258789062266853,-0.8115195626822835,-0.005142924244846525,-0.003437731058145821
Ensemble_vs_pretrained_F0,F0_pretrained_seed42,F0_F3_probability_ensemble,ANFC_000123.png,8_1621490,-0.0017593557027850704,-0.002264203514879992,0.007410838349944271,-0.009509183951371236,-0.001879476455715845,-0.0009613037109228451,3.6827383738775445,-0.011095293500571257,0.0052673326819030475
Ensemble_vs_pretrained_F0,F0_pretrained_seed42,F0_F3_probability_ensemble,ANFC_000124.png,8_1621490,-0.006372551820821193,-0.008001064655210999,-0.020420420416332297,0.007556297649123689,0.0014535603970622368,-0.00021362304687166933,4.962975655574816,-0.0029124124853517896,-0.005218292320188667
Ensemble_vs_pretrained_F0,F0_pretrained_seed42,F0_F3_probability_ensemble,ANFC_000125.png,8_1621490,-0.04865331297596043,-0.052298632989744354,-0.09563327403761435,0.03715002750520213,0.005936337329376817,-0.0019073486327834122,-1.7148999137007337,-0.019774342097073405,-0.01449228107002587
Ensemble_vs_pretrained_F0,F0_pretrained_seed42,F0_F3_probability_ensemble,ANFC_000127.png,8_1621490,-0.0013212078075752753,-0.0016258967523554713,-0.04781377790254371,0.03661209173110125,0.004089356447486425,0.0015716552734135192,-0.948597937439807,0.03016219771627804,0.006677036971004191
Ensemble_vs_pretrained_F0,F0_pretrained_seed42,F0_F3_probability_ensemble,ANFC_000128.png,8_1621490,0.004516701491166564,0.006335415696428814,-0.008760286699129205,0.01620925302316345,0.003189545188041931,0.0018157958984098554,0.13677865718264393,0.0006764566802067717,0.032257750937486285
Ensemble_vs_pretrained_F0,F0_pretrained_seed42,F0_F3_probability_ensemble,ANFC_000129.png,8_1621490,-0.00214302454075721,-0.0029825648039626396,0.0008277003723509146,-0.005039641078738333,-0.0008235112460613925,-0.00064086914061523,0.0,-0.00010533581195770747,0.004185765675067898
Ensemble_vs_pretrained_F0,F0_pretrained_seed42,F0_F3_probability_ensemble,ANFC_000130.png,8_1621490,0.014769948445155445,0.01664408900287845,0.029789256848393397,-0.01232621770908593,-0.0021950189953195975,0.0008850097656115663,-7.356390182177549,0.012891458605786,0.010572012648348506
Ensemble_vs_pretrained_F0,F0_pretrained_seed42,F0_F3_probability_ensemble,ANFC_000131.png,8_1621490,-0.03205126193354091,-0.03428958715190561,-0.05456095480508083,0.005288349221817423,0.0021037407139223863,-0.001953124999970246,-13.064619242952475,-0.01283668094831436,-0.03348112760218608
Ensemble_vs_pretrained_F0,F0_pretrained_seed42,F0_F3_probability_ensemble,ANFC_000133.png,8_1621490,0.05303819124689957,0.06420195569322573,0.010856155931197597,0.07597312788921107,0.010051558967355989,0.010101318359220901,-8.613704553355198,0.038909726268476,0.02719841534942613
Ensemble_vs_pretrained_F0,F0_pretrained_seed42,F0_F3_probability_ensemble,ANFC_000135.png,8_1621490,-0.005663503221780997,-0.007892216515141603,-0.007106413992874261,-0.004554531516976268,-0.0004329869437711409,-0.00099182128904729,-0.5278640450004204,0.011357401854140137,0.010376511222051299
Ensemble_vs_pretrained_F0,F0_pretrained_seed42,F0_F3_probability_ensemble,ANFC_000136.png,8_1621490,-0.008032295067210593,-0.011951609901476257,0.025231830919725695,-0.03849993132285179,-0.004137998981852853,-0.0020599365234060807,0.24264068711928477,-0.006786245071899066,-0.017138031128422715
Ensemble_vs_pretrained_F0,F0_pretrained_seed42,F0_F3_probability_ensemble,ANFC_000137.png,8_1621490,-0.017603757265701514,-0.025036029855934783,0.00032185387823557843,-0.02720136959814634,-0.0025308750740437036,-0.0023956298827759737,11.916415356641316,-0.030476652116117386,0.009535838758648829
Ensemble_vs_pretrained_F0,F0_pretrained_seed42,F0_F3_probability_ensemble,ANFC_000361.png,8_55896,0.043118128827538404,0.04909954252964194,0.042775665393430695,0.041559192321892535,0.008749914047845198,0.012573242187308153,-1.3908525140275145,0.039360348082522756,0.03277565565975765
Ensemble_vs_pretrained_F0,F0_pretrained_seed42,F0_F3_probability_ensemble,ANFC_000362.png,8_55896,-0.002798882734983965,-0.004098726913507544,-0.012008281571012747,0.0026612869709196074,0.0007248047968779758,-0.00021362304687178035,-0.3203617071346292,-0.017496375402674014,0.023245445796492015
Ensemble_vs_pretrained_F0,F0_pretrained_seed42,F0_F3_probability_ensemble,ANFC_000363.png,8_55896,-0.004984885387571025,-0.006202890147117279,-0.00951742627218266,0.00029005290417694063,0.00043047041806543174,-0.0007019042968643419,0.16788083796660302,-0.0039137314797080824,-0.005011919897146
Ensemble_vs_pretrained_F0,F0_pretrained_seed42,F0_F3_probability_ensemble,ANFC_000364.png,8_55896,-0.0227428208435132,-0.021191448822783177,-0.0964637959835305,0.021513265399624337,0.011257922090433858,0.0044250488280574984,-0.32249617431022415,-0.041519894660546286,-0.010719213063894228
Ensemble_vs_pretrained_F0,F0_pretrained_seed42,F0_F3_probability_ensemble,ANFC_000365.png,8_55896,0.0365371868291921,0.03104111565250589,-0.013896609219623879,0.06210978457188082,0.006558200103447653,0.005996704101471018,-0.4918568695732688,0.0014594666403406342,-0.01507492107525188
Ensemble_vs_pretrained_F0,F0_pretrained_seed42,F0_F3_probability_ensemble,ANFC_000366.png,8_55896,-0.014820211245430759,-0.01971984544130778,-0.01963952765448862,-0.010987578124221131,-0.0013741281243782044,-0.003616333007757322,21.150966285862427,-0.05468836008662392,0.01864943089919624
Ensemble_vs_pretrained_F0,F0_pretrained_seed42,F0_F3_probability_ensemble,ANFC_000367.png,8_55896,0.0027407606016921493,0.0022517553877817176,-0.002387041772824061,0.012815065282808402,0.0018769586566024232,0.0014953613281022404,-24.5544209245813,-0.012323593907150099,-0.008986639085189041
Ensemble_vs_pretrained_F0,F0_pretrained_seed42,F0_F3_probability_ensemble,ANFC_000368.png,8_55896,0.0084253312287621,0.011513728649807264,-0.0066079295146525,0.024930446865134792,0.004691618344672466,0.003204345703076039,-11.121595847808074,0.000618747433297373,0.020972381471326407
Ensemble_vs_pretrained_F0,F0_pretrained_seed42,F0_F3_probability_ensemble,ANFC_000369.png,8_55896,0.006953787986187399,0.008829474670634774,0.01874003189045459,-0.002115034328496468,-0.0004601129656588432,0.00027465820312078115,2.4248474018031425,-0.001931792369004648,-0.0010758697196723288
Ensemble_vs_pretrained_F0,F0_pretrained_seed42,F0_F3_probability_ensemble,ANFC_000370.png,8_55896,0.03330255868457499,0.03897634612429812,0.0741633199265962,-0.010216952512930644,-0.0027345835827456977,0.001647949218724798,-0.753501016729512,0.03804157167132349,0.0011331021647021933
Ensemble_vs_pretrained_F0,F0_pretrained_seed42,F0_F3_probability_ensemble,ANFC_000371.png,8_55896,-0.007187623835589685,-0.008886487567363432,-0.003140069529758871,-0.012541761875219493,-0.0020311202952713048,-0.0021820068359043043,-30.64318038403482,-0.016653378165601973,0.003060986445471703
Ensemble_vs_pretrained_F0,F0_pretrained_seed42,F0_F3_probability_ensemble,ANFC_000372.png,8_55896,-0.0010996442296139497,-0.0015908573387406477,-0.026193039107021532,0.023568620576909338,0.005072146917270315,0.0010833740234209577,0.32455532033675905,-0.009445819992418225,0.012358913510631009
Ensemble_vs_pretrained_F0,F0_pretrained_seed42,F0_F3_probability_ensemble,ANFC_000373.png,8_55896,0.008886193634895623,0.011729102477679554,0.0050131024262261015,0.014560605855415742,0.0019908736940046357,0.0023956298827759737,-0.1353332174719455,0.014877112994327923,0.048136068002087806
Ensemble_vs_pretrained_F0,F0_pretrained_seed42,F0_F3_probability_ensemble,ANFC_000374.png,8_55896,0.0026956853624531263,0.003433428963173113,-0.02006612700717514,0.027957850769583015,0.006289086584932879,0.0027618408202704225,-1.9461965826640508,-0.01979483620602851,0.026028385510194874
Ensemble_vs_pretrained_F0,F0_pretrained_seed42,F0_F3_probability_ensemble,ANFC_000375.png,8_55896,0.018561718546661554,0.025139419704244714,0.009507460714445082,0.025858537945154247,0.004589134447758214,0.005157470703046285,-0.20904207741504255,0.018045200053224075,0.01615175574765948
Ensemble_vs_pretrained_F0,F0_pretrained_seed42,F0_F3_probability_ensemble,ANFC_000376.png,8_55896,0.006600308965267643,0.00826124024486663,-0.02594142258980059,0.03425249902868255,0.006346434747463214,0.0034027099608855416,-11.718409505182457,0.012134952559420209,0.00886843438294227
Ensemble_vs_pretrained_F0,F0_pretrained_seed42,F0_F3_probability_ensemble,ANFC_000377.png,8_55896,-0.03434988112649373,-0.0475781772460514,-0.09975825945209371,0.018911937482757657,0.00620249110909632,-0.0038299560546291023,1.8309518948453007,-0.035858519103929676,-0.003605648400779815
Ensemble_vs_pretrained_F0,F0_pretrained_seed42,F0_F3_probability_ensemble,ANFC_000378.png,8_55896,0.03314690672116927,0.043491724247125885,0.012762563146402228,0.049507572994629045,0.009187437514924235,0.009597778320166062,-8.594996452231445,0.0610988751577628,0.04511423055574548
Ensemble_vs_pretrained_F0,F0_pretrained_seed42,F0_F3_probability_ensemble,ANFC_000379.png,8_55896,0.006521612729103565,0.007911485389532014,-0.002171215880556576,0.01095534545747856,0.002775521256384139,0.002288818359340028,-0.042343103394337334,0.016884242018664786,0.011878572076364224
Ensemble_vs_pretrained_F0,F0_pretrained_seed42,F0_F3_probability_ensemble,ANFC_000380.png,8_55896,0.018847907500514793,0.025119485487261284,-0.003949877417059322,0.032460580578301146,0.007767123758329664,0.006454467773339023,-3.8740743138229163,-0.0001958901624765641,0.03606593354478327
Ensemble_vs_pretrained_F0,F0_pretrained_seed42,F0_F3_probability_ensemble,ANFC_000381.png,8_55896,-0.03672253324654062,-0.046556704990791786,-0.07680677349912202,0.010905054785856572,0.00392043718808055,-0.004226684570247996,12.837219568247544,-0.028908578333240786,0.001994951387457422
Ensemble_vs_pretrained_F0,F0_pretrained_seed42,F0_F3_probability_ensemble,ANFC_000382.png,8_55896,0.017545722766977523,0.021592788609096192,0.023221567736381732,0.009112568863337334,0.0005642942794567007,0.003616333007757322,-11.245516981006848,0.026059245967618105,0.006601823119778749
Ensemble_vs_pretrained_F0,F0_pretrained_seed42,F0_F3_probability_ensemble,ANFC_000383.png,8_55896,0.018746381961552316,0.02006884292838107,0.018826770747465638,0.01821093539223928,0.004188297404237873,0.006134033203031408,0.7503718866740705,0.01956040918426305,0.0487876951214436
Ensemble_vs_pretrained_F0,F0_pretrained_seed42,F0_F3_probability_ensemble,ANFC_000384.png,8_55896,0.004815198312789759,0.005721949292987083,-0.009006211178725687,0.017111473765558882,0.003350480573924619,0.0021362304687173594,9.767850562332946,-0.0025545218648527213,0.008954793256277904
Ensemble_vs_pretrained_F0,F0_pretrained_seed42,F0_F3_probability_ensemble,ANFC_000385.png,8_55896,0.04287834147575975,0.040332501678714494,0.008953553436511719,0.04393474831537664,0.006353040831913348,0.006423950195214467,-2.5398163992990845,-0.022453785876881516,0.005438627256470541
Ensemble_vs_pretrained_F0,F0_pretrained_seed42,F0_F3_probability_ensemble,ANFC_000386.png,8_55896,0.011467678291376404,0.014153298879552412,-0.014074677211344033,0.033346984338927355,0.008675951456669884,0.0056915283202255695,-3.967679033570178,0.014222888715982096,0.01887202593992998
Ensemble_vs_pretrained_F0,F0_pretrained_seed42,F0_F3_probability_ensemble,ANFC_000387.png,8_55896,0.021767113982775088,0.024415606841639792,0.019661016942487786,0.020788989242124356,0.0022529000095508067,0.0030364990233912037,0.19381424507395195,-0.009691230241655302,0.032146411527021246
Ensemble_vs_pretrained_F0,F0_pretrained_seed42,F0_F3_probability_ensemble,ANFC_000388.png,8_55896,0.007004175242901867,0.008948444586733384,-0.003784505787225112,0.012066866890603212,0.00212961142778767,0.0017242431640361877,1.2818802369879165,0.002317050190922876,0.027194478217513973
Ensemble_vs_pretrained_F0,F0_pretrained_seed42,F0_F3_probability_ensemble,ANFC_000389.png,8_55896,-0.016485645987919795,-0.014987881150694549,0.09999999994923858,-0.03988422294412891,-0.012003272189346381,-0.008636474609243217,-2.4052736801626224,0.023470554797187626,-0.019514325220508832
Ensemble_vs_pretrained_F0,F0_pretrained_seed42,F0_F3_probability_ensemble,ANFC_000423.png,8_56826,0.0008312798138503386,0.0009828771955585625,-0.06714921077290059,0.030875875706383837,0.027113503115886783,0.010620117187337907,7.827985376829098,0.0024635780626601766,-0.044781333762246134
Ensemble_vs_pretrained_F0,F0_pretrained_seed42,F0_F3_probability_ensemble,ANFC_000425.png,8_56826,-0.006701711284401224,-0.00983569950088381,-0.0236387096761993,0.008778376343184902,0.006997248759623931,-0.0020599365234060807,0.0,0.006124003404543998,0.02632932864877502
Ensemble_vs_pretrained_F0,F0_pretrained_seed42,F0_F3_probability_ensemble,ANFC_000426.png,8_56826,-0.0017155810978085606,-0.0019385827401169342,-0.01714380825470796,0.022728007460649513,0.0111761239263517,0.0033874511718233746,4.724019497416798,0.037662432058493844,0.0424747051546559
Ensemble_vs_pretrained_F0,F0_pretrained_seed42,F0_F3_probability_ensemble,ANFC_000427.png,8_56826,0.016155574320990684,0.021147823931180976,0.004379981330912663,0.029154070713464098,0.009223197504132474,0.008193969726437489,-1.4051887669391316,0.007999354525158875,0.02272738256986684
Ensemble_vs_pretrained_F0,F0_pretrained_seed42,F0_F3_probability_ensemble,ANFC_000428.png,8_56826,0.010050777400145483,0.013170408238986409,-0.01328442549684894,0.03516551821139302,0.00860249959406656,0.005233764648357675,-3.780455542707113,-0.005261524677790619,0.01475997878164892
Ensemble_vs_pretrained_F0,F0_pretrained_seed42,F0_F3_probability_ensemble,ANFC_000429.png,8_56826,0.010242771618189206,0.015344707489423293,0.022874451637468707,-0.00209438313303989,-0.0011793717165009543,0.002334594726526862,0.38516480713450374,-0.01511495268010532,0.030185180325600247
Ensemble_vs_pretrained_F0,F0_pretrained_seed42,F0_F3_probability_ensemble,ANFC_000430.png,8_56826,0.005055657230068289,0.007533911576107277,0.015067893121763598,-0.006749125744429096,-0.0019400971895948693,0.0010223388671718459,-0.2084674296654132,-0.020194516720796862,0.026820951179054475
Ensemble_vs_pretrained_F0,F0_pretrained_seed42,F0_F3_probability_ensemble,ANFC_000433.png,8_56826,-0.004502536818031144,-0.006743285888172523,-0.013134732565122875,0.005089393446251922,0.0022062010006262955,-0.0012512207031059042,0.3030269083592323,-0.011061480810000468,-0.003941742873403653
Ensemble_vs_pretrained_F0,F0_pretrained_seed42,F0_F3_probability_ensemble,ANFC_000434.png,8_56826,0.025583670501851175,0.025596697739174945,-0.012525303642139995,0.03618344066222512,0.020457384785874888,0.016479492187248534,1.815913175265564,0.012342973592411766,0.00870742893977472
Ensemble_vs_pretrained_F0,F0_pretrained_seed42,F0_F3_probability_ensemble,ANFC_000435.png,8_56826,0.022686593948731848,0.02281434014803113,-0.009995404410616304,0.0284357829648757,0.021132460585213786,0.016998291015365652,1.3007924664232036,0.011213240764855859,0.023957686107016762
Ensemble_vs_pretrained_F0,F0_pretrained_seed42,F0_F3_probability_ensemble,ANFC_000436.png,8_56826,0.004338190266371722,0.006332404256096491,-0.007571205383513302,0.012767008374828026,0.007526485867232702,0.0036926269530687117,-1.0,0.00043157923139469645,-0.006334097738635802
Ensemble_vs_pretrained_F0,F0_pretrained_seed42,F0_F3_probability_ensemble,ANFC_000438.png,8_56826,0.0022480496992349774,0.0032998511593995694,-0.010281014392637178,0.009862461868572092,0.005152180135384987,0.0020599365234060807,-0.32455532033675905,-0.008087004543367637,0.015060303576220013
Ensemble_vs_pretrained_F0,F0_pretrained_seed42,F0_F3_probability_ensemble,ANFC_000439.png,8_56826,0.006390955326928904,0.009566856648420607,-0.0032840722493820973,0.014878282931201192,0.006418252786479117,0.0040740966796253275,-0.20953469830406135,-0.003509071178478429,0.01165905312158233
Ensemble_vs_pretrained_F0,F0_pretrained_seed42,F0_F3_probability_ensemble,ANFC_000440.png,8_56826,0.013384168385989437,0.02011245057855393,-0.002552935876066087,0.025345463317573813,0.00955609176893879,0.007095336913954253,-0.5648916900064513,0.002546066180085571,0.019723267112099596
Ensemble_vs_pretrained_F0,F0_pretrained_seed42,F0_F3_probability_ensemble,ANFC_000441.png,8_56826,0.009478423131379698,0.013785979124647962,0.02476924098381239,-0.0057049065626636475,-0.00362541355461643,0.002899169921830813,0.4369863561814835,0.001184306425913828,0.023185953293882622
Ensemble_vs_pretrained_F0,F0_pretrained_seed42,F0_F3_probability_ensemble,ANFC_000445.png,8_56826,-0.16914100263308962,-0.13222659037314813,-0.4568965515053179,-0.0779323241411955,0.017888664733042958,0.0027618408202703115,1.0209375327383157,-0.17647373918776016,-0.11231071299955037
Ensemble_vs_pretrained_F0,F0_pretrained_seed42,F0_F3_probability_ensemble,ANFC_000446.png,8_56826,0.05504339334921293,0.0671611759034042,-0.011964922710169024,0.0993660964580183,0.04946236559044814,0.03684997558537517,-5.279954853330651,0.04098654799437951,-0.013758000419533123
Ensemble_vs_pretrained_F0,F0_pretrained_seed42,F0_F3_probability_ensemble,ANFC_000447.png,8_56826,0.019146484733190916,0.030462056865013576,0.003112712974843279,0.03204897082221869,0.009619711971016742,0.00840759277330927,-1.8756675551643687,-0.0009211972573346383,0.029508496147891417
Ensemble_vs_pretrained_F0,F0_pretrained_seed42,F0_F3_probability_ensemble,ANFC_000448.png,8_56826,0.03425714177563721,0.04654018926769066,-0.005564056196193601,0.060057136165060476,0.01302551973515298,0.010986328124832356,-6.513899365212813,0.0735604588359926,0.10068350361046607
Ensemble_vs_pretrained_F0,F0_pretrained_seed42,F0_F3_probability_ensemble,ANFC_000449.png,8_56826,0.10147265008266693,0.14202746966250102,-0.015844572289366754,0.17986356922639313,0.058835308465606584,0.04675292968678657,-34.0,0.07914903066525769,0.07527370576616033
Ensemble_vs_pretrained_F0,F0_pretrained_seed42,F0_F3_probability_ensemble,ANFC_000450.png,8_56826,0.002352454093790146,0.003182806329786736,-0.00016680567137894453,0.004385103452858585,0.0014753669741628395,0.0011749267577946254,-11.566772378919868,0.0047409510790893394,0.00023733724399976897
Ensemble_vs_pretrained_F0,F0_pretrained_seed42,F0_F3_probability_ensemble,ANFC_000451.png,8_56826,0.008813234687978566,0.013039896755866809,0.01010307174098346,0.007709281130174328,0.0014173708667236662,0.0027160644530834777,0.349030329381919,0.017702363844426028,0.016013033745376104
Ensemble_vs_pretrained_F0,F0_pretrained_seed42,F0_F3_probability_ensemble,ANFC_000452.png,8_56826,0.016912177754899616,0.022551458896531762,0.012193872321734411,0.019932276086040757,0.005037918855351875,0.006103515624906852,-0.9193385722785532,0.02309785535751141,0.013615101200738278
Ensemble_vs_pretrained_F0,F0_pretrained_seed42,F0_F3_probability_ensemble,ANFC_000453.png,8_56826,0.006668935276157084,0.009055509322978383,-0.005122950818922223,0.01332745915285416,0.0032025074951758103,0.002334594726526862,0.18975032409334602,-0.003804277966741876,-0.004160964616482188
Ensemble_vs_pretrained_F0,F0_pretrained_seed42,F0_F3_probability_ensemble,ANFC_000454.png,8_56826,0.008809994052597192,0.010412216985181355,0.01577355228699795,0.0023359752708934645,-0.0002791094765830504,0.0008544921874870104,-8.464774631469176,0.007475948165442947,0.014157310599825168
Ensemble_vs_pretrained_F0,F0_pretrained_seed42,F0_F3_probability_ensemble,ANFC_000455.png,8_56826,0.025239047527873926,0.022695589291718277,-0.02192416816561149,0.06829242887239811,0.010444541753670267,0.008529663085807382,-9.116609366548708,0.054733279112703204,0.020022778941400254
Ensemble_vs_pretrained_F0,F0_pretrained_seed42,F0_F3_probability_ensemble,ANFC_000456.png,8_56826,0.02514082897986969,0.033783454867161944,-0.022730006010495574,0.04949378772068569,0.01630520263511115,0.011352539062326805,-6.041594578792296,0.03827253549394016,0.0738201660091291
Ensemble_vs_pretrained_F0,F0_pretrained_seed42,F0_F3_probability_ensemble,ANFC_000457.png,8_56826,0.01880083139881994,0.026931291885556208,-0.02308580222866674,0.04503434401128603,0.011500025978775197,0.007385253906137312,-1.0513496830069888,0.03194940737280483,0.08420312388861928
Ensemble_vs_pretrained_F0,F0_pretrained_seed42,F0_F3_probability_ensemble,ANFC_000458.png,8_56826,-0.18249854902738172,-0.22003855755881063,-0.30123157676130996,0.028503143817486754,0.007427826287779937,-0.015899658202882416,18.455996254682468,-0.18760566427789027,-0.12413214248782733
Ensemble_vs_pretrained_F0,F0_pretrained_seed42,F0_F3_probability_ensemble,ANFC_000459.png,8_56826,-0.00769287991924994,-0.009726864676289915,-0.017418490394905617,0.000573001168554188,0.0009010693823270355,-0.000976562499985123,1.0415372266889449,-0.016851464856774023,0.02284899658950379
Ensemble_vs_pretrained_F0,F0_pretrained_seed42,F0_F3_probability_ensemble,ANFC_000460.png,8_56826,0.008394371619420804,0.012565733254601752,0.007238095237405928,0.009545478834878218,0.0019078421396556688,0.0027618408202704225,-0.12310562561766059,0.010505762086019943,0.0316962852756979
Ensemble_vs_pretrained_F0,F0_pretrained_seed42,F0_F3_probability_ensemble,ANFC_000461.png,8_56826,-0.002336696844571051,-0.0029803820248029966,-0.021752957636210102,0.008637749078237222,0.003970524490611749,0.0008850097656115663,7.909806424321161,-0.003877011500777905,-0.025845091846486423
Ensemble_vs_pretrained_F0,F0_pretrained_seed42,F0_F3_probability_ensemble,ANFC_000462.png,8_56826,0.013823500441317638,0.01927624068512568,0.008026397930257168,0.017391930768412056,0.00546729746137975,0.005905151367097461,-1.0,0.020598476506191288,0.004531540477885954
Ensemble_vs_pretrained_F0,F0_pretrained_seed42,F0_F3_probability_ensemble,ANFC_000463.png,8_56826,0.006331595235633425,0.009130199891457025,0.01152560867411001,0.002311405286982593,0.0,0.002578735351523087,-1.0,0.014853649917885847,0.0240408701692989
Ensemble_vs_pretrained_F0,F0_pretrained_seed42,F0_F3_probability_ensemble,ANFC_000464.png,8_56826,0.0023750927084121853,0.0034790693716916232,-0.006058857472008183,0.010233006495549812,0.0027023105661666547,0.001312255859354905,1.3289502289620803,0.021002554958109765,0.02321859175800145
Ensemble_vs_pretrained_F0,F0_pretrained_seed42,F0_F3_probability_ensemble,ANFC_000465.png,8_56826,-0.02774005174250871,-0.0382280662744382,-0.011146067414728345,-0.0374660368941403,-0.012718016577296543,-0.01245117187480993,27.806938703236327,-0.05113965835274181,-0.04245037866692414
Ensemble_vs_pretrained_F0,F0_pretrained_seed42,F0_F3_probability_ensemble,ANFC_000466.png,8_56826,-0.002470532223786681,-0.003974894622020497,-0.013142054573979656,0.006902836222171027,0.004714912280598282,-0.0007171630859266198,0.0,-0.002396092788688131,0.0017526346997660536
Ensemble_vs_pretrained_F0,F0_pretrained_seed42,F0_F3_probability_ensemble,ANFC_000467.png,8_56826,0.03362279963067827,0.034273383453115536,-0.01123001717383676,0.040370258603926124,0.025566270463788676,0.021316528319987205,2.344576261767429,0.03638215196465244,0.025899072511117338
Ensemble_vs_pretrained_F0,F0_pretrained_seed42,F0_F3_probability_ensemble,ANFC_000468.png,8_56826,0.010843489685412933,0.016204670336150473,-0.005506730448019415,0.024142121018299156,0.013099793935550275,0.007995605468627986,0.44719409416873646,0.01679820888688288,0.0232524420208281
Ensemble_vs_pretrained_F0,F0_pretrained_seed42,F0_F3_probability_ensemble,ANFC_000470.png,8_56826,0.0015535153805429358,0.0023370288853896692,-0.009229507075324439,0.011902635852768073,0.004675008348137388,0.0015716552734135192,2.7119542479933436,-0.0037536333117731413,0.014909871155503351
Ensemble_vs_pretrained_F0,F0_pretrained_seed42,F0_F3_probability_ensemble,ANFC_000471.png,8_56826,0.0029452132588482227,0.004834445478454463,0.0019262112904189221,0.003950326323640896,0.0010953533955745387,0.0012664794921681821,-0.3944487245360109,6.752955008337835e-05,0.009788064863363921
Ensemble_vs_pretrained_F0,F0_pretrained_seed42,F0_F3_probability_ensemble,ANFC_000472.png,8_58452,-0.026084123880038,-0.02693983682028883,0.01655107187633187,-0.03384818961628516,-0.01773888363262366,-0.014419555663842454,0.40411331419966245,-0.01940014925266298,-0.032644747604286595
Ensemble_vs_pretrained_F0,F0_pretrained_seed42,F0_F3_probability_ensemble,ANFC_000473.png,8_58452,0.003095480426048791,0.004028176131690375,0.04544845152896526,-0.022176241301295585,-0.008316545275955711,-0.0021972656249664713,0.0,-0.008241631981582898,-0.020819540183698138
Ensemble_vs_pretrained_F0,F0_pretrained_seed42,F0_F3_probability_ensemble,ANFC_000474.png,8_58452,0.007097723703676673,0.009068538037542595,0.024242424236773252,-0.0031531901968535614,-0.0013062077523215976,0.0003662109374944489,-0.38516480713450374,0.018515764988298766,0.003351161658796342
Ensemble_vs_pretrained_F0,F0_pretrained_seed42,F0_F3_probability_ensemble,ANFC_000475.png,8_58452,-0.02858118940684784,-0.026233968406509378,-0.004187020236290473,-0.052731814779383046,-0.006858598559582263,-0.0066833496092729705,12.97764597284781,-0.0412206508392412,-0.024756147203525702
Ensemble_vs_pretrained_F0,F0_pretrained_seed42,F0_F3_probability_ensemble,ANFC_000476.png,8_58452,0.12407523946855531,0.09626585621024142,0.13502327985837773,-0.11659734461507731,-0.015102761054336944,0.002609252929647754,-13.323798017827919,0.11950597866675539,0.06853452926337311
Ensemble_vs_pretrained_F0,F0_pretrained_seed42,F0_F3_probability_ensemble,ANFC_000477.png,8_58452,0.01757424030255278,0.013434035823886026,0.006169212689139503,0.013105872889391551,0.011700894868800216,0.011413574218575806,-0.013122437364245343,-0.00929786757265072,-0.0001457241109673324
Ensemble_vs_pretrained_F0,F0_pretrained_seed42,F0_F3_probability_ensemble,ANFC_000478.png,8_58452,0.0917838946152072,0.11600844812505118,0.03236417656702417,0.15228706148880455,0.03229255774108408,0.03230285644481956,-29.525192437270164,0.11795570236794495,0.01195485454869366
Ensemble_vs_pretrained_F0,F0_pretrained_seed42,F0_F3_probability_ensemble,ANFC_000479.png,8_58452,0.007995123847657881,0.01106429316246682,0.022902796269604675,-0.0012526862441379905,-0.002413812164831719,0.001937866210907968,-1.2465325347534773,0.0006506591265442729,-0.003778986134771678
Ensemble_vs_pretrained_F0,F0_pretrained_seed42,F0_F3_probability_ensemble,ANFC_000480.png,8_58452,-0.0006025644146563369,-0.0008036934830270015,0.017763718211733392,-0.01561543757150241,-0.0042570267110236815,-0.0014953613281022404,3.0,-0.02339969883105064,0.01855409808764419
Ensemble_vs_pretrained_F0,F0_pretrained_seed42,F0_F3_probability_ensemble,ANFC_000481.png,8_58452,0.009953779466866042,0.013107887754330916,-0.02606924643230557,0.03695222222810579,0.008836017946935115,0.00491333007805006,-14.30110528619116,0.026643728784315646,5.95127495094383e-05
Ensemble_vs_pretrained_F0,F0_pretrained_seed42,F0_F3_probability_ensemble,ANFC_000482.png,8_58452,-0.017586985388342136,-0.01990025230376008,0.01428885469176866,-0.04370479011430928,-0.013466104397507617,-0.00961303710922834,9.29638333676921,0.0025992712275021423,0.006519906354557792
Ensemble_vs_pretrained_F0,F0_pretrained_seed42,F0_F3_probability_ensemble,ANFC_000483.png,8_58452,0.02487832676815982,0.0306125053415347,0.00876288659342117,0.03183530515113142,0.0020598779797147415,0.002258300781215583,-5.666904755831205,0.031248293349826817,0.011048983793017553
Ensemble_vs_pretrained_F0,F0_pretrained_seed42,F0_F3_probability_ensemble,ANFC_000484.png,8_58452,0.012257984007365552,0.018214614926018835,0.02406335668351478,-7.936841743538814e-05,-0.0007721730385767955,0.002960205078079925,-3.0710678118654755,0.01321091882186276,0.03765504851109147
Ensemble_vs_pretrained_F0,F0_pretrained_seed42,F0_F3_probability_ensemble,ANFC_000485.png,8_58452,0.01931426283423998,0.025683068765651296,0.0010933442666265503,0.03634344528660627,0.006166371802913684,0.005599975585852124,-3.1601966196300326,0.030291819847692247,0.053691072127006745
Ensemble_vs_pretrained_F0,F0_pretrained_seed42,F0_F3_probability_ensemble,ANFC_000486.png,8_58452,0.00855241681138974,0.010840172152070005,0.001600512163636214,0.015092064179344944,0.002175819727395556,0.0021209716796551925,-0.779348126946374,-0.0002935798256943345,0.01889810637585354
Ensemble_vs_pretrained_F0,F0_pretrained_seed42,F0_F3_probability_ensemble,ANFC_000487.png,8_58452,-0.03127804069903484,-0.03494974449536048,-0.06611063411430018,-0.00045755645348621865,0.005123468623022043,-0.0037384033202554345,1.148627707896697,-0.022063263825144674,-0.02784508571569433
Ensemble_vs_pretrained_F0,F0_pretrained_seed42,F0_F3_probability_ensemble,ANFC_000488.png,8_58452,0.0026996489057254935,0.0040820223679435275,-0.004026845637043364,0.009383500190937588,0.0015149950073767293,0.0008850097656115663,-0.24264068711928477,0.008550801947571518,0.016355956639347413
Ensemble_vs_pretrained_F0,F0_pretrained_seed42,F0_F3_probability_ensemble,ANFC_000489.png,8_58452,0.007267101532173137,0.009781480101261675,0.007217321570807678,0.007144517070823864,0.0012574499603600353,0.001937866210907857,0.0,0.01287875128950855,0.014325307297197165
Ensemble_vs_pretrained_F0,F0_pretrained_seed42,F0_F3_probability_ensemble,ANFC_000491.png,8_58452,0.015897055790978443,0.018444292154135677,0.005136672169301693,0.02979030456404297,0.003045685279137067,0.003219604492138428,-43.47422147653569,0.042351945943682856,0.0038454541311041535
Ensemble_vs_pretrained_F0,F0_pretrained_seed42,F0_F3_probability_ensemble,ANFC_000493.png,8_58452,0.009591370049052528,0.013292897643829571,0.01749271136794417,0.0032859693888525054,-0.000103466114845574,0.001922607421845579,-39.79953454324466,0.02422639437608265,0.03768022778373159
Ensemble_vs_pretrained_F0,F0_pretrained_seed42,F0_F3_probability_ensemble,ANFC_000494.png,8_58452,0.008753995950096849,0.012301871920352592,0.01513266998027929,0.004050056456630258,9.882724996534975e-05,0.0012054443359190703,-0.4721359549995796,0.0288787578620342,0.011810157646313768
Ensemble_vs_pretrained_F0,F0_pretrained_seed42,F0_F3_probability_ensemble,ANFC_000495.png,8_58452,0.0035525075221042313,0.005035581434256642,-0.0013102343861827181,0.007622984573976366,0.0012954471849371263,0.0010223388671719569,0.2518106354529186,-0.003528364874175405,-0.004224465444935155
Ensemble_vs_pretrained_F0,F0_pretrained_seed42,F0_F3_probability_ensemble,ANFC_000496.png,8_58452,0.022647482501191418,0.023849827247213407,0.051340559031880506,0.007053288022470405,-0.002306020538475617,0.00199890136715708,-1.3509313491338446,0.019611443598562484,0.021516678831423275
Ensemble_vs_pretrained_F0,F0_pretrained_seed42,F0_F3_probability_ensemble,ANFC_000497.png,8_58452,0.004031175888948413,0.005990101539791293,0.0027301517961416666,0.005077764552834596,0.0010287518402060103,0.0012664794921681821,0.0,-0.0015138284144179392,0.011719298478423679
Ensemble_vs_pretrained_F0,F0_pretrained_seed42,F0_F3_probability_ensemble,ANFC_000498.png,8_58452,0.0005157747420769798,0.0007854885784981391,-0.003529649051681183,0.004484060849509808,0.0010607695073523438,0.00036621093749433786,-0.055397531527924926,0.010732757281684657,-0.0009404804003138034
Ensemble_vs_pretrained_F0,F0_pretrained_seed42,F0_F3_probability_ensemble,ANFC_000499.png,8_58452,-0.0014275375840253623,-0.0022136272497648157,-0.00011380448388376152,-0.0028783960346071558,-0.00047577930887809927,-0.0004272460937435607,-1.8561329583905701,0.00531900088849635,0.008036399906964697
Ensemble_vs_pretrained_F0,F0_pretrained_seed42,F0_F3_probability_ensemble,ANFC_000500.png,8_58452,0.021766155592617298,0.02323060573398228,0.033506763780747795,0.010667769644204239,-0.0002140587179494391,0.002258300781215583,-1.6403421484974672,0.013784545051543695,0.02466595832467533
Ensemble_vs_pretrained_F0,F0_pretrained_seed42,F0_F3_probability_ensemble,ANFC_000501.png,8_58452,-0.004616808720849241,-0.004729442876006129,0.003862992530552889,-0.009289513813991124,-0.0016868603311811503,-0.0013580322265417388,-0.8501669099302731,-0.03704659154432588,-0.009434885669913573
Ensemble_vs_pretrained_F0,F0_pretrained_seed42,F0_F3_probability_ensemble,ANFC_000502.png,8_58452,0.028474415636264516,0.03351625756643273,-0.02380661701577258,0.05016942532347335,0.02097828930122969,0.015380859374765299,-1.8917100463157297,0.018186917020309945,0.010925686717876415
Ensemble_vs_pretrained_F0,F0_pretrained_seed42,F0_F3_probability_ensemble,ANFC_000503.png,8_58452,0.022459042856873723,0.02907298705944783,-0.026801801795765523,0.046345633788997476,0.00839662170995814,0.006011962890533296,-1.6148351928654963,0.025991437143355278,0.047486398780008376
Ensemble_vs_pretrained_F0,F0_pretrained_seed42,F0_F3_probability_ensemble,ANFC_000504.png,8_58452,0.017814500189332172,0.01987401506802805,0.009644602984589246,0.019935353291533287,0.0065037003811392324,0.006866455078020306,-1.1245154965970983,0.01334666957367725,0.01814299858700197
Ensemble_vs_pretrained_F0,F0_pretrained_seed42,F0_F3_probability_ensemble,ANFC_000505.png,8_58452,0.005367341550895799,0.007912202516982214,-0.0030631479728879807,0.010828519185155816,0.0012889120929111542,0.001007080078109568,-1.4848300946830406,0.005799096668601678,0.009486057271775983
Ensemble_vs_pretrained_F0,F0_pretrained_seed42,F0_F3_probability_ensemble,ANFC_000506.png,8_58452,-0.016534198749181273,-0.018725038726617127,-0.03371511533574534,-0.0079311971469469,0.0005561454067350979,-0.0026855468749590328,0.6877986018297406,-0.012912522464816445,-0.04337959535847158
Ensemble_vs_pretrained_F0,F0_pretrained_seed42,F0_F3_probability_ensemble,ANFC_000507.png,8_58452,0.016231876370766563,0.014013413356430915,0.016748768467405917,0.013323758274437436,0.003088444735992568,0.0037231445311931566,1.4509865660029533,-0.010042307711448206,-0.008781994923890701
Ensemble_vs_pretrained_F0,F0_pretrained_seed42,F0_F3_probability_ensemble,ANFC_000508.png,8_58452,-0.00025972542224883544,-0.0003366077762058106,0.006420294392981418,-0.005007502324157143,-0.0012172442941467132,-0.00047302246093028355,-53.97833993968678,0.005167406140905384,0.009313851048624033
Ensemble_vs_pretrained_F0,F0_pretrained_seed42,F0_F3_probability_ensemble,ANFC_000509.png,8_58452,0.007080236238543369,0.010511845403255782,-0.008309482041518934,0.01840867550412828,0.005886116442630707,0.003540039062445932,0.0,-0.002188029693152016,0.022483252175263813
Ensemble_vs_pretrained_F0,F0_pretrained_seed42,F0_F3_probability_ensemble,ANFC_000510.png,8_58452,-0.0013456119412481593,-0.00210181208214566,0.001640599365455464,-0.003906080800651024,-0.0008689021686933973,-0.0005187988281170064,0.0,-0.019051789721712842,0.014973874815495392
Ensemble_vs_pretrained_F0,F0_pretrained_seed42,F0_F3_probability_ensemble,ANFC_000592.png,8_58646,-0.01685552910658894,-0.01900913895630213,-0.0129419613058116,-0.019360061353079216,-0.003824882410643826,-0.004867553710863226,-0.48643553484275515,-0.007748301756893339,-0.014494659717248337
Ensemble_vs_pretrained_F0,F0_pretrained_seed42,F0_F3_probability_ensemble,ANFC_000593.png,8_58646,-0.0038361542679477,-0.005897594946955631,-0.0024364775493169732,-0.00491143595375354,-0.0009487499340978811,-0.0011444091796700695,0.0,-0.008257690786154126,-0.011849672395269017
Ensemble_vs_pretrained_F0,F0_pretrained_seed42,F0_F3_probability_ensemble,ANFC_000594.png,8_58646,0.01694134769311495,0.02389935359330375,0.008580727881587924,0.021881867654718556,0.0063360831812853124,0.0066833496092730815,-3.5893228804858825,0.04007471213725755,0.0281956994054251
Ensemble_vs_pretrained_F0,F0_pretrained_seed42,F0_F3_probability_ensemble,ANFC_000598.png,8_58646,0.012659328814564996,0.01749231592254319,-0.0063611156407827885,0.024591342698481178,0.004679740762483231,0.003646850585881878,-0.7317083897284995,0.010797330385677428,-0.0007015768154696733
Ensemble_vs_pretrained_F0,F0_pretrained_seed42,F0_F3_probability_ensemble,ANFC_000599.png,8_58646,0.0032681134121117505,0.005041796275462862,-0.0028815580283304554,0.00873310295915053,0.0021091721949432207,0.001342773437479572,-3.4624274942968905,0.009340339071648884,0.010358399963854459
Ensemble_vs_pretrained_F0,F0_pretrained_seed42,F0_F3_probability_ensemble,ANFC_000600.png,8_58646,0.013089016244030138,0.01628091024020628,0.002580169553761502,0.018079947001706898,0.007570770243442881,0.006744384765522082,-18.121806961384582,0.01719324511400866,0.016942478537589456
Ensemble_vs_pretrained_F0,F0_pretrained_seed42,F0_F3_probability_ensemble,ANFC_000601.png,8_58646,0.012236469798481031,0.016514349066803047,-0.018276762400180058,0.03133694345866889,0.010900448526457773,0.006637573242086137,-3.9122071755887333,0.023812300013987597,-0.008455717524293305
Ensemble_vs_pretrained_F0,F0_pretrained_seed42,F0_F3_probability_ensemble,ANFC_000602.png,8_58646,0.05823232331265754,0.049511669985859985,0.14394433569385867,0.02208450267847878,-0.01079803731705209,6.10351562490008e-05,-28.198440984751613,0.05854121794476164,0.048264587793574065
Ensemble_vs_pretrained_F0,F0_pretrained_seed42,F0_F3_probability_ensemble,ANFC_000603.png,8_58646,0.019251326531364965,0.027316319113105392,0.000254420557148638,0.032547156943710576,0.0070047680969742565,0.00619506835928052,-1.9446148618625827,0.011863715171481548,0.05078357915343101
Ensemble_vs_pretrained_F0,F0_pretrained_seed42,F0_F3_probability_ensemble,ANFC_000607.png,8_58646,0.01891001599849873,0.024288218055221522,0.002293747687584724,0.03126296325295008,0.01307164414345996,0.010848999023271966,-1.8818929072516042,0.01592572984907148,0.032043703815344826
Ensemble_vs_pretrained_F0,F0_pretrained_seed42,F0_F3_probability_ensemble,ANFC_000608.png,8_58646,0.007799450991475387,0.011725459635850366,0.01620139581054325,0.00111669458353858,-0.0003477535123044273,0.0016784667968494649,0.0,0.003830712243643286,0.03368915195798783
Ensemble_vs_pretrained_F0,F0_pretrained_seed42,F0_F3_probability_ensemble,ANFC_000609.png,8_58646,0.052540563391823114,0.05687174268508799,-0.06520866772367395,0.08938879338051736,0.029676971858408008,0.022460937499657274,23.55518235782089,0.05283298746245568,0.048184051566279085
Ensemble_vs_pretrained_F0,F0_pretrained_seed42,F0_F3_probability_ensemble,ANFC_000610.png,8_58646,-0.022743493708590523,-0.03220194032633439,-0.05882352940340674,0.03349611228665583,0.0042736503811365845,-0.0025024414062118083,1.0089172119045493,-0.01960161017999673,-0.0356542403670993
Ensemble_vs_pretrained_F0,F0_pretrained_seed42,F0_F3_probability_ensemble,ANFC_000611.png,8_58646,0.06847929677349984,0.06631065141029374,-0.03927958832945455,0.17688820328047106,0.033832445649786824,0.0273284912105205,-1.7624793516486221,0.011253013604715145,0.06991502535992289
Ensemble_vs_pretrained_F0,F0_pretrained_seed42,F0_F3_probability_ensemble,ANFC_000612.png,8_58646,0.027552182188575913,0.04050306804650594,0.0004761149023208011,0.047387284718734435,0.007529332320291515,0.006851196288958028,-5.899338403886731,0.013303283518282583,0.056391826220522856
Ensemble_vs_pretrained_F0,F0_pretrained_seed42,F0_F3_probability_ensemble,ANFC_000614.png,8_58646,0.037461550982232694,0.04469179205507179,0.03956567008481593,0.03313409908459608,0.006008830869533299,0.012893676757615768,4.881875023656356,0.029432359460154323,0.05185531333742266
Ensemble_vs_pretrained_F0,F0_pretrained_seed42,F0_F3_probability_ensemble,ANFC_000615.png,8_58646,0.008100433686417996,0.011754521983921795,-0.0053724053717494336,0.015904110777650415,0.004307187946773872,0.0030975341796402045,-0.09901951359278449,0.0005359188967180017,0.028197264834946556
Ensemble_vs_pretrained_F0,F0_pretrained_seed42,F0_F3_probability_ensemble,ANFC_000616.png,8_58646,0.012021868186740003,0.01587437955684534,0.007795198865462316,0.014947417677086627,0.004479510387588537,0.0050506591796103395,-7.4829132957268545,0.02168041663654352,0.03473853664557891
Ensemble_vs_pretrained_F0,F0_pretrained_seed42,F0_F3_probability_ensemble,ANFC_000617.png,8_58646,0.0048033024235564215,0.0069460844220718965,0.007868937047488478,0.002513180842661167,0.0001903641146304702,0.0010986328124832356,-8.18945774092461,0.01463646130436802,0.029263580112671272
Ensemble_vs_pretrained_F0,F0_pretrained_seed42,F0_F3_probability_ensemble,ANFC_000619.png,8_58646,0.0055836542144214185,0.007171606253789431,0.007214477866567037,0.003977319432587834,0.00041842463125596474,0.0012664794921681821,-0.1702966615462156,0.001509420393072336,-0.015624076173718082
Ensemble_vs_pretrained_F0,F0_pretrained_seed42,F0_F3_probability_ensemble,ANFC_000620.png,8_58646,0.007790722370604186,0.009263984737904352,-0.015074868472776726,0.03773664658825937,0.008625026953054227,0.0050506591796104505,1.604584915896087,-0.017353421342087505,0.027382767249791162
Ensemble_vs_pretrained_F0,F0_pretrained_seed42,F0_F3_probability_ensemble,ANFC_000621.png,8_58646,0.012719494380853735,0.015017791452461404,0.008474576270370293,0.016885245476626842,0.00391644908609079,0.004638671874929168,5.450180800093266,0.03662509560690852,0.05098553580779919
Ensemble_vs_pretrained_F0,F0_pretrained_seed42,F0_F3_probability_ensemble,ANFC_000622.png,8_58646,0.008563775083529901,0.011850611072469652,0.005292479107897985,0.010673393072372916,0.0019363904311134883,0.002304077148402306,-1.3540538157991797,-0.0012980699517913807,0.021428546983688235
Ensemble_vs_pretrained_F0,F0_pretrained_seed42,F0_F3_probability_ensemble,ANFC_000623.png,8_58646,0.013620984739883712,0.017033326421808548,0.003509211680221891,0.02288254045988225,0.004413016661667268,0.004302978515559386,3.648091821056884,-3.9574801112274294e-05,0.019661340296556418
Ensemble_vs_pretrained_F0,F0_pretrained_seed42,F0_F3_probability_ensemble,ANFC_000624.png,8_58646,0.0008852990092099722,0.000991872901863422,-0.012622720895845263,0.012227127145117866,0.0034414272505659538,0.0016937255859116318,8.67267394891946,-0.029867736561158043,-0.022796992601292088
Ensemble_vs_pretrained_F0,F0_pretrained_seed42,F0_F3_probability_ensemble,ANFC_000625.png,8_58646,0.01575768793847454,0.01638737432937354,0.002753097234044155,0.024334054678817774,0.007037970284003103,0.006515502929588024,0.23270423647264593,0.008788444248813088,0.01556134855896496
Ensemble_vs_pretrained_F0,F0_pretrained_seed42,F0_F3_probability_ensemble,ANFC_000627.png,8_58646,-0.00360467435548395,-0.005291561312814497,-0.016780821916371536,0.009265232746182295,0.0032122697563277125,-0.00035095214843217093,33.06861440036614,-0.0021960925054410607,0.013874829900909824
Ensemble_vs_pretrained_F0,F0_pretrained_seed42,F0_F3_probability_ensemble,ANFC_000628.png,8_58646,0.017703580232430904,0.022400191083334686,0.03966128056340945,-0.0031548007736971195,-0.004039805051534562,0.0036773681640064337,-4.899833640409009,0.022390352057956475,0.017183218184464888
Ensemble_vs_pretrained_F0,F0_pretrained_seed42,F0_F3_probability_ensemble,ANFC_000630.png,8_58646,-0.0036720907849240314,-0.00520556295978436,0.006831237384438582,-0.012068250988244822,-0.002132160081188994,-0.0012512207031059042,3.1374811757774044,-0.03208757609325219,-0.015046022025275274
Ensemble_vs_pretrained_F0,F0_pretrained_seed42,F0_F3_probability_ensemble,ANFC_000631.png,8_58646,0.022916291677296252,0.029208889649404046,0.06576728498540685,-0.010229474946183092,-0.008676315117774114,0.0034484863280723754,-4.0,0.01687842134191897,0.01728623691174247
Ensemble_vs_pretrained_F0,F0_pretrained_seed42,F0_F3_probability_ensemble,ANFC_000632.png,8_58646,0.04104670425278256,0.049369907524079104,-0.012663185376936892,0.057248671691304875,0.023429400787486565,0.0192108154293944,3.2590764944939252,0.03716595781931398,0.05271232103428808
Ensemble_vs_pretrained_F0,F0_pretrained_seed42,F0_F3_probability_ensemble,ANFC_000633.png,8_58646,0.0045461306479871455,0.006438140557664229,-0.0005347593582172294,0.009543956522621189,0.001550227366653667,0.001312255859355016,0.0,0.004665272801571585,0.023976565420374185
Ensemble_vs_pretrained_F0,F0_pretrained_seed42,F0_F3_probability_ensemble,ANFC_000634.png,8_58646,0.011205352217414699,0.012557140642835307,0.0004894283476419847,0.024126935961244822,0.005766449746822722,0.004943847656174616,0.37620136357030276,0.009370002195176363,0.01085279826927188
Ensemble_vs_pretrained_F0,F0_pretrained_seed42,F0_F3_probability_ensemble,ANFC_000635.png,8_58646,0.03394174056257193,0.040416801100707,0.06561225749837984,0.0027637901564679934,-0.0033772609368699635,0.005142211913984118,-3.2041649576279045,0.025796769790014662,-0.010334273923253368
Ensemble_vs_pretrained_F0,F0_pretrained_seed42,F0_F3_probability_ensemble,ANFC_000636.png,8_58646,-0.015822287625298248,-0.018257335108710304,-0.021214463624391056,-0.0054985044965676355,5.566585641825217e-05,-0.0037231445311931566,5.279730600924374,-0.027009225912345336,0.007815351786932934
Ensemble_vs_pretrained_F0,F0_pretrained_seed42,F0_F3_probability_ensemble,ANFC_000637.png,8_58646,8.892099467461279e-05,0.00011510001925152391,0.019754837400490888,-0.023995344069091318,-0.005712745890492865,-0.0018768310546588562,4.14051334291295,-0.020126734156673987,2.7744963175257986e-05
Ensemble_vs_pretrained_F0,F0_pretrained_seed42,F0_F3_probability_ensemble,ANFC_000638.png,8_58646,0.013463141619112995,0.018560011156970146,0.0232010759903698,0.000669423966131566,-0.0009868550901790396,0.004501342773368777,-12.339959628755446,0.02168788951898093,-0.010172215109026661
Ensemble_vs_pretrained_F0,F0_pretrained_seed42,F0_F3_probability_ensemble,ANFC_000639.png,8_58646,0.012698328180799412,0.018482026264428852,0.0023532325983184332,0.023529484052526528,0.008828055397893664,0.007232666015514644,-1.5968757625671515,0.021989769588829033,-0.0022735575728618507
Ensemble_vs_pretrained_F0,F0_pretrained_seed42,F0_F3_probability_ensemble,ANFC_000640.png,8_58646,0.01061238749767146,0.015473784760756448,0.012027491407458513,0.009467147446985402,0.0015334216212181673,0.0028381347655817013,0.0496575181789245,-0.0020987863983237265,0.008257019223843365
Ensemble_vs_pretrained_F0,F0_pretrained_seed42,F0_F3_probability_ensemble,ANFC_000641.png,8_58646,0.018132201672456882,0.025316572092500267,-0.006157766216566829,0.03198458354101952,0.010264269294326778,0.00790405273425443,-2.116831281055866,-0.00032902839824622276,0.030180978879691955
Ensemble_vs_pretrained_F0,F0_pretrained_seed42,F0_F3_probability_ensemble,ANFC_000997.png,8_62573,-0.0004355222239277312,-0.0006543754617840403,0.0074056378386513355,-0.00588641962002423,-0.0007660961695066248,-0.00024414062499633626,0.2917960675006306,0.004122804874379105,0.0034531100215973165
Ensemble_vs_pretrained_F0,F0_pretrained_seed42,F0_F3_probability_ensemble,ANFC_000998.png,8_62573,-0.0015040078922791134,-0.002257347539958876,-0.0027214250364370196,-0.0006706089604506804,-1.626174911351086e-05,-0.00018310546874711342,0.0,-0.0005168293846522509,-0.009656623571083989
Ensemble_vs_pretrained_F0,F0_pretrained_seed42,F0_F3_probability_ensemble,ANFC_000999.png,8_62573,-0.00315861629436176,-0.004770605667943295,-0.00407151708194875,-0.0024411720561559047,-0.00023377360695586713,-0.0005645751953038403,0.03343685400051122,0.010569448318441421,-0.02914016985308643
Ensemble_vs_pretrained_F0,F0_pretrained_seed42,F0_F3_probability_ensemble,ANFC_001003.png,8_62573,0.08887384970677326,0.10923013319450314,0.12073570937031708,0.008317060765794526,-0.0018118360574101988,0.02268981933559122,-27.152471461206552,0.07127837135525517,-0.022468459385648232
Ensemble_vs_pretrained_F0,F0_pretrained_seed42,F0_F3_probability_ensemble,ANFC_001005.png,8_62573,0.01547068339262303,0.02178320871934314,0.0013041210222608512,0.025246823048590716,0.005305177299970487,0.00483703613273867,-1.3188228019989552,0.010504369595001006,0.03517213543195852
Ensemble_vs_pretrained_F0,F0_pretrained_seed42,F0_F3_probability_ensemble,ANFC_001006.png,8_62573,-9.58070430041591e-05,-0.00015138137451298217,-0.005434782608211397,0.005414351704714271,0.001399322433322303,0.0002288818359340583,-0.5278640450004204,0.0039057821270295223,0.002013402552982546
Ensemble_vs_pretrained_F0,F0_pretrained_seed42,F0_F3_probability_ensemble,ANFC_001007.png,8_62573,-0.0016794265972294165,-0.0026463428139922307,-0.0019495177506720918,-0.0014344204941439953,-0.00025094102885370173,-0.0005035400390548395,0.0,-0.007627812581892601,0.01059475253738107
Ensemble_vs_pretrained_F0,F0_pretrained_seed42,F0_F3_probability_ensemble,ANFC_001008.png,8_62573,0.01795053016915582,0.0268298982625762,0.012301868936810845,0.024203358476620807,0.0059029420110509045,0.007141113281141087,-7.287719878533567,0.02148746586619843,0.056322548113084014
Ensemble_vs_pretrained_F0,F0_pretrained_seed42,F0_F3_probability_ensemble,ANFC_001009.png,8_62573,-0.0010747932244503655,-0.0015841097921860392,-0.02799779977843797,0.02329860898947722,0.013979221217713111,0.002334594726526862,-4.0,0.011528946477316726,-0.009159006626182853
Ensemble_vs_pretrained_F0,F0_pretrained_seed42,F0_F3_probability_ensemble,ANFC_001010.png,8_62573,-0.011304309567472304,-0.01728010458245688,-0.02709092699959692,0.0039476850511339645,0.0017513767265189273,-0.0027160644530834777,1.0,-0.016596978742760005,0.001388007551097914
Ensemble_vs_pretrained_F0,F0_pretrained_seed42,F0_F3_probability_ensemble,ANFC_001011.png,8_62573,-0.014492796456015533,-0.017889957159701098,0.0069049061166680525,-0.031411457925200836,-0.007838550304501646,-0.00598144531240874,-0.5811839909682526,-0.005919923298125296,-0.030124180626942443
Ensemble_vs_pretrained_F0,F0_pretrained_seed42,F0_F3_probability_ensemble,ANFC_001012.png,8_62573,0.0029973756951751085,0.004628269693897513,0.000451331427643864,0.0051939464912797995,0.0007471684015564195,0.0007171630859266198,0.0,0.002644884156402183,0.012551622508271021
Ensemble_vs_pretrained_F0,F0_pretrained_seed42,F0_F3_probability_ensemble,ANFC_001013.png,8_62573,-0.01648143687983794,-0.021323640048832915,-0.018835978833985578,-0.014567414926439981,-0.002692293977058613,-0.005020141601485895,17.350514811244818,-0.02582760004196938,-0.015876774066347243
Ensemble_vs_pretrained_F0,F0_pretrained_seed42,F0_F3_probability_ensemble,ANFC_001014.png,8_62573,0.010714528634310994,0.01565031394196703,0.028552674759718344,-0.004543101349176237,-0.0030554097622581544,0.0028228759765194233,-0.38516480713450374,0.003905574699603065,0.005499654037836033
Ensemble_vs_pretrained_F0,F0_pretrained_seed42,F0_F3_probability_ensemble,ANFC_001015.png,8_62573,0.004896271613909486,0.0071563111690451375,0.02112275570549005,-0.00857265958156106,-0.004020515903507271,0.0007019042968643419,3.2346826244265072,-0.024141641296511862,-0.0014409524449510158
Ensemble_vs_pretrained_F0,F0_pretrained_seed42,F0_F3_probability_ensemble,ANFC_001016.png,8_62573,0.02002114545699074,0.029500183114158363,-0.012498320116583916,0.03973156339771178,0.009209054135309258,0.006744384765522082,-1.6157731058639087,0.034416604180342425,0.027961823377806505
Ensemble_vs_pretrained_F0,F0_pretrained_seed42,F0_F3_probability_ensemble,ANFC_001017.png,8_62573,0.015108473179670234,0.017899987413945273,-0.006458797326674981,0.027468219571335495,0.009777919230324339,0.007553100585822259,-2.208809399468887,0.007385565935797311,0.0416817723318611
Ensemble_vs_pretrained_F0,F0_pretrained_seed42,F0_F3_probability_ensemble,ANFC_001018.png,8_62573,0.0036880563533833177,0.004903486821408953,0.003816793892756132,0.003543554777315494,0.0008315557322963185,0.001296997070292627,-0.3900183659568697,0.005456992156914198,0.012622497926197851
Ensemble_vs_pretrained_F0,F0_pretrained_seed42,F0_F3_probability_ensemble,ANFC_001019.png,8_62573,0.018127170774630996,0.023929475044583537,-0.013371071636407272,0.03527784268961742,0.014161692891767719,0.009857177734224676,2.0,0.0007103180652214824,-0.008089159234412335
Ensemble_vs_pretrained_F0,F0_pretrained_seed42,F0_F3_probability_ensemble,ANFC_001020.png,8_62573,0.021262725370725932,0.022450636693356008,0.04605958165094881,0.011067083711435388,-0.000674308833434667,0.0027008056640213107,0.6048154619007207,0.04471802240906275,0.035309613525249806
Ensemble_vs_pretrained_F0,F0_pretrained_seed42,F0_F3_probability_ensemble,ANFC_001021.png,8_62573,0.023703790024998228,0.03176550844654835,-0.006269299147911522,0.043137591094208116,0.015150686429740712,0.011657714843572142,-2.23606797749979,0.016363269103576994,0.025620809303941727
Ensemble_vs_pretrained_F0,F0_pretrained_seed42,F0_F3_probability_ensemble,ANFC_001022.png,8_62573,0.005912086882588263,0.008890216645478732,0.026657748898656797,-0.012349726499073066,-0.004158343925837027,0.0007629394531133427,0.0,0.0001789863592379648,0.015532550967496506
Ensemble_vs_pretrained_F0,F0_pretrained_seed42,F0_F3_probability_ensemble,ANFC_001023.png,8_62573,0.0027379483845425545,0.0038055501263517533,0.02385107620432214,-0.020872554635627316,-0.004390509474642368,-0.0006866455078020639,-2.478054254954955,0.01533913548641852,0.033735616066459584
Ensemble_vs_pretrained_F0,F0_pretrained_seed42,F0_F3_probability_ensemble,ANFC_001024.png,8_62573,0.003242305961228875,0.004674999734684326,0.004474272930059975,0.002333833206187963,0.0002934221654505853,0.0007781982421756206,-0.4282099361320304,0.015368980022518963,0.014456277052743216
Ensemble_vs_pretrained_F0,F0_pretrained_seed42,F0_F3_probability_ensemble,ANFC_001026.png,8_62573,0.0013510328253144577,0.001934452522935337,0.017210944392878624,-0.010877801016239919,-0.0024685893288421967,-0.0004272460937435607,0.0,-0.001876317753677248,-0.0025564132410861307
Ensemble_vs_pretrained_F0,F0_pretrained_seed42,F0_F3_probability_ensemble,ANFC_001027.png,8_62573,0.002135480186435723,0.0031197878741958673,0.00749525616627178,-0.0016814079871085852,-0.0009455233107690253,0.00041198730468128275,-0.09901951359278449,0.009360037162760237,0.025143077271943426
Ensemble_vs_pretrained_F0,F0_pretrained_seed42,F0_F3_probability_ensemble,ANFC_001028.png,8_62573,-0.0011143012104907202,-0.0013349973681688887,-0.006842166298638208,0.001128267732287802,0.001265088819755289,0.00019836425780939138,0.16826108967038067,-0.011557128508680514,0.005917569705069403
Ensemble_vs_pretrained_F0,F0_pretrained_seed42,F0_F3_probability_ensemble,ANFC_001029.png,8_62573,0.0028397944500221373,0.003284669677275698,-0.004006127017319949,0.005394854650674574,0.0027344914020801525,0.0018615722655965783,-2.7058728430298657,-0.03460281372920804,0.035274771747729805
Ensemble_vs_pretrained_F0,F0_pretrained_seed42,F0_F3_probability_ensemble,ANFC_001030.png,8_62573,0.008935853522308634,0.012982444118460501,0.007542478242226092,0.010343557694859173,0.002449926128135882,0.0033874511718232636,0.0,0.016139017149388923,0.021220894404556434
Ensemble_vs_pretrained_F0,F0_pretrained_seed42,F0_F3_probability_ensemble,ANFC_001032.png,8_62573,0.09253444300442659,0.08542410024806868,0.0753424657190217,0.09546799000466516,0.007814226628235166,0.010070800781096345,20.923291318427047,0.08383308424520985,0.09607978151376922
Ensemble_vs_pretrained_F0,F0_pretrained_seed42,F0_F3_probability_ensemble,ANFC_001033.png,8_62573,-0.01945481856752007,-0.02669102189569894,-0.051441312306781284,0.0206798720848842,0.007550303899589439,-0.0037536621093177125,1.867694125620318,-0.043924267060643785,-0.029415452100131245
Ensemble_vs_pretrained_F0,F0_pretrained_seed42,F0_F3_probability_ensemble,ANFC_001034.png,8_62573,0.05345286111441738,0.06639122558244592,0.06451086067866874,0.044619799132057825,0.004645447965855198,0.010238647460781292,-11.943577194375345,0.07776853724484944,0.00999473260620165
Ensemble_vs_pretrained_F0,F0_pretrained_seed42,F0_F3_probability_ensemble,ANFC_001035.png,8_62573,0.011023129126575548,0.012944061970504794,0.026233766226952282,-0.003927207133150312,-0.0010861459650312044,0.0005187988281170064,-49.42290159942106,0.0011548868613391328,0.008654970053377231
Ensemble_vs_pretrained_F0,F0_pretrained_seed42,F0_F3_probability_ensemble,ANFC_001036.png,8_62573,-0.0006528727360987086,-0.0009143751859890248,0.009361911798629774,-0.006509467109966249,-0.001041039738421845,-0.0003967285156188938,8.847677613461766,-0.03034595506266813,0.022405016183718818
Ensemble_vs_pretrained_F0,F0_pretrained_seed42,F0_F3_probability_ensemble,ANFC_001037.png,8_62573,0.007248575291339043,0.010105686629925947,0.005648466053201018,0.008888759921177547,0.001521935335418223,0.0020904541015306366,0.0,-0.006620914433844827,0.02006550548066477
Ensemble_vs_pretrained_F0,F0_pretrained_seed42,F0_F3_probability_ensemble,ANFC_001038.png,8_62573,0.013121176997622941,0.014080195127834816,-0.0040580948304019815,0.015610200397828178,0.005488546356763879,0.004806518554614114,-0.13049963544835919,0.016749051045237273,0.03706560645022433
Ensemble_vs_pretrained_F0,F0_pretrained_seed42,F0_F3_probability_ensemble,ANFC_001039.png,8_62573,0.013558634044035789,0.018287915405969968,0.05312646918047648,-0.027954726243554773,-0.0016243750886841823,0.00015258789062266853,-3.754714128653262,-0.00923045972135772,0.0006948211491951684
Ensemble_vs_pretrained_F0,F0_pretrained_seed42,F0_F3_probability_ensemble,ANFC_001135.png,8_84237,0.021032252397078288,0.02471032510049853,-0.02025242147923323,0.034120946119994944,0.0065186949732569666,0.00512695312492184,-1.0317579769559515,0.008310820608082081,0.04354945448481573
Ensemble_vs_pretrained_F0,F0_pretrained_seed42,F0_F3_probability_ensemble,ANFC_001137.png,8_84237,0.007057121909466502,0.008024552158171994,0.0714285714045052,-0.028254073848096417,-0.005498018156158135,-0.002014160156219247,2.1877440787301783,-0.022097781659867533,-0.021254742466353393
Ensemble_vs_pretrained_F0,F0_pretrained_seed42,F0_F3_probability_ensemble,ANFC_001138.png,8_84237,0.014945820136391674,0.014115008976672061,0.054323223165612666,-0.034182817214696515,-0.006724696488649373,-0.002609252929647643,1.2432091558388123,-0.017592962468047868,-0.06403586498022396
Ensemble_vs_pretrained_F0,F0_pretrained_seed42,F0_F3_probability_ensemble,ANFC_001139.png,8_84237,-0.000808616140536289,-0.0010079507609292992,0.017773019268142787,-0.017206252871932892,-0.0025301481943527104,-0.0010833740234209577,-0.9035696263357309,0.0074323481196091334,-0.023600575366583665
Ensemble_vs_pretrained_F0,F0_pretrained_seed42,F0_F3_probability_ensemble,ANFC_001140.png,8_84237,0.0009955802408563308,0.001473345970251616,0.0013245033109074988,0.0007572038927871061,4.857434303129349e-05,0.00012207031249822364,0.0,-0.002117134299326917,0.016449754746613365
Ensemble_vs_pretrained_F0,F0_pretrained_seed42,F0_F3_probability_ensemble,ANFC_001143.png,8_84237,0.001345207004667559,0.0013255485527957633,0.007349563617972066,-0.011277906689210582,-0.0010133699453922507,-0.0004577636718680056,-9.062057268420702,-0.010315027158105061,0.0047625921473127275
Ensemble_vs_pretrained_F0,F0_pretrained_seed42,F0_F3_probability_ensemble,ANFC_001144.png,8_84237,0.05086703612455745,0.049098083585423,0.02300556585844049,0.07967638338461225,0.01085691484037421,0.011856079101381645,8.343541714825399,0.08280199049635673,0.05676027581455673
Ensemble_vs_pretrained_F0,F0_pretrained_seed42,F0_F3_probability_ensemble,ANFC_001145.png,8_84237,-0.02986334708247429,-0.032906003368450065,-0.07410491255743024,0.013998348470354749,0.004840940525508097,-0.0009460449218605671,6.285357344355033,-0.021806245620316633,-0.032887030522822935
Ensemble_vs_pretrained_F0,F0_pretrained_seed42,F0_F3_probability_ensemble,ANFC_001146.png,8_84237,-0.007070832170700148,-0.007405369410402096,0.0417436276166443,-0.029512971408066968,-0.005236435403949802,-0.003295898437449707,1.1439712813882021,-0.00996473907167994,-0.028397786390763624
Ensemble_vs_pretrained_F0,F0_pretrained_seed42,F0_F3_probability_ensemble,ANFC_001147.png,8_84237,-0.015509519209306988,-0.018317899366826818,0.018558951960000347,-0.032927635097657615,-0.005171967933715216,-0.0038452148436913802,-2.1554679105865233,-0.024528800112702642,-0.022033337730789193
Ensemble_vs_pretrained_F0,F0_pretrained_seed42,F0_F3_probability_ensemble,ANFC_001148.png,8_84237,0.08977992892082232,0.08034729171061561,0.006868131864987137,0.15410435293062386,0.012501578481934228,0.01231384277324965,0.05382359608891818,0.12803204932589135,0.09464092913710204
Ensemble_vs_pretrained_F0,F0_pretrained_seed42,F0_F3_probability_ensemble,ANFC_001149.png,8_84237,0.024605302808578755,0.02172840805387022,0.01503094605213895,0.023282328390803853,0.0019253163573957899,0.0021514892577797484,-12.504561313496936,0.039991085084121414,0.05228445837945028
Ensemble_vs_pretrained_F0,F0_pretrained_seed42,F0_F3_probability_ensemble,ANFC_001150.png,8_84237,0.0033896579995067455,0.004821207139941386,-0.0012317799217343994,0.006653780351514982,0.0008736503749958713,0.0007171630859266198,0.5278640450004204,0.005386594387531973,-0.0035032013674843876
Ensemble_vs_pretrained_F0,F0_pretrained_seed42,F0_F3_probability_ensemble,ANFC_001151.png,8_84237,-0.0062285795353280715,-0.008832902222535854,-0.023613465727341576,0.008979396277258078,0.002688641363129185,-0.0006256103515529521,0.07856891709608949,0.006598879068999364,-0.00989467805030353
Ensemble_vs_pretrained_F0,F0_pretrained_seed42,F0_F3_probability_ensemble,ANFC_001152.png,8_84237,-0.00850352324650272,-0.010050270787380411,0.027464788713052912,-0.02505642327261437,-0.0017936240563697359,-0.0011596679687322364,0.8398330591241461,0.019781809057075717,0.013184616497477264
Ensemble_vs_pretrained_F0,F0_pretrained_seed42,F0_F3_probability_ensemble,ANFC_001155.png,8_84237,0.022622502382266152,0.024119576950225097,0.02692003165996837,0.019046430865538033,0.000698301856837058,0.0017089843749739098,15.77129293502579,0.05714399980496976,0.0607992600610312
Ensemble_vs_pretrained_F0,F0_pretrained_seed42,F0_F3_probability_ensemble,ANFC_001156.png,8_84237,-0.009837822746450176,-0.01074239363597923,0.00229966389487013,-0.02801711666231055,-0.003055959120233598,-0.002593994140585365,-1.311928571043886,-0.0007368278744538381,-0.008023900247553395
Ensemble_vs_pretrained_F0,F0_pretrained_seed42,F0_F3_probability_ensemble,ANFC_001157.png,8_84237,0.04479708296340734,0.047793763108120835,0.04217536069861949,0.04776433581467732,0.002422011238093047,0.004608154296804723,-6.302244861708054,0.025091438011639933,0.06279670969341722
Ensemble_vs_pretrained_F0,F0_pretrained_seed42,F0_F3_probability_ensemble,ANFC_001158.png,8_84237,0.01508935035878256,0.015484343367601794,0.013361735086490745,0.017329043261998023,0.0011263499635405516,0.0020904541015306366,-4.794639113114108,0.001018168591161217,0.0400386687264187
Ensemble_vs_pretrained_F0,F0_pretrained_seed42,F0_F3_probability_ensemble,ANFC_001159.png,8_84237,0.01322052936330087,0.017386312616308075,0.02218543046112742,0.0027852526074858552,-0.0003895460018346064,0.0027313232421458666,-8.233949410653828,0.01777239951063969,0.006422377133394219
Ensemble_vs_pretrained_F0,F0_pretrained_seed42,F0_F3_probability_ensemble,ANFC_001160.png,8_84237,0.0046079303402016825,0.005445038255120549,0.010996409333259294,-0.006166975479659165,-0.0006385068762174706,0.00015258789062266853,-0.46407823579784946,-0.0001503639100842724,0.010863236973221446
Ensemble_vs_pretrained_F0,F0_pretrained_seed42,F0_F3_probability_ensemble,ANFC_001161.png,8_84237,0.006492564820959834,0.004831212747916425,0.010572687222340837,-0.024582146911686475,-0.0016886353203212634,-0.0008392333984247324,-6.352554967110422,-0.008758930591101777,-0.042160113200787386
Ensemble_vs_pretrained_F0,F0_pretrained_seed42,F0_F3_probability_ensemble,ANFC_001162.png,8_84237,-0.009324743054051288,-0.013080679851929511,0.002471910111804032,-0.022757685656637827,-0.0018989621189486883,-0.001602172851537964,0.6370894116552956,-0.0135469472062556,-0.03543867439854487
Ensemble_vs_pretrained_F0,F0_pretrained_seed42,F0_F3_probability_ensemble,ANFC_001163.png,8_84237,0.034814704359994786,0.045706799027964706,0.05110663982875119,-0.003201810403091865,-0.00046230558398341337,0.0034484863280723754,-0.7276693293347662,0.03660317540828295,0.041288659532011496
Ensemble_vs_pretrained_F0,F0_pretrained_seed42,F0_F3_probability_ensemble,ANFC_001164.png,8_84237,-0.02727653735876734,-0.0387086651697397,-0.05980861242718394,0.008952858355118054,0.0016574222980462183,-0.002655029296834477,3.1859210863736767,-0.022397614658939746,-0.026477577056560175
Ensemble_vs_pretrained_F0,F0_pretrained_seed42,F0_F3_probability_ensemble,ANFC_001165.png,8_84237,0.02016208994332802,0.02567781624694021,0.020782986945195092,0.019513189699613354,0.0012541125117877527,0.0024871826171495304,-1.5935770387838577,0.013106202521217414,0.001608080059145145
Ensemble_vs_pretrained_F0,F0_pretrained_seed42,F0_F3_probability_ensemble,ANFC_001166.png,8_84237,0.04714582036087489,0.0499407567656886,-0.013167795329884213,0.10437417925218251,0.007697445847391737,0.006851196288957917,17.728894416852327,0.026253364771175902,0.024885199231488353
Ensemble_vs_pretrained_F0,F0_pretrained_seed42,F0_F3_probability_ensemble,ANFC_001167.png,8_84237,0.026229010721573687,0.028756325020273088,0.02205525932572583,0.03176643041709171,0.001872659175999547,0.0031433105468270384,-0.7702327665348108,0.04705290884089364,-0.0015831608628800176
Ensemble_vs_pretrained_F0,F0_pretrained_seed42,F0_F3_probability_ensemble,ANFC_001169.png,8_84237,0.009870313599916636,0.013111169534026246,0.027180527377853814,-0.010735800919352778,-0.0015180015179765416,0.00064086914061523,-1.8430870138024726,0.019629208054578795,0.008871870305730445
Ensemble_vs_pretrained_F0,F0_pretrained_seed42,F0_F3_probability_ensemble,ANFC_001170.png,8_84237,0.016107607385593026,0.01762080701574381,0.033211826637014275,0.004586004823704415,-0.0005391092013170562,0.0007324218749887867,-4.1829638185821025,0.02708899931632658,0.02302900200286362
Ensemble_vs_pretrained_F0,F0_pretrained_seed42,F0_F3_probability_ensemble,ANFC_001171.png,8_84237,-0.01850644660422146,-0.01571183861965153,-0.04174454826059526,-0.010241807947323878,0.000500539644296194,-0.0005340576171792843,0.8267458552814411,-0.006578442794898609,-0.05102368909280919
Ensemble_vs_pretrained_F0,F0_pretrained_seed42,F0_F3_probability_ensemble,ANFC_001172.png,8_84237,0.017751808435378824,0.023139907841831397,-0.002575844303784769,0.03363529119990305,0.0030302053447176514,0.0027313232421458666,2.635501273700541,0.01661878126309524,0.014031764676470493
Ensemble_vs_pretrained_F0,F0_pretrained_seed42,F0_F3_probability_ensemble,ANFC_001178.png,8_84237,-0.01820755035483612,-0.0181410419113881,-0.017526777014759243,-0.01828685294188248,-0.0013609799055102068,-0.0021209716796551925,-3.825389367897131,-0.006281607103311493,-0.015481402223614493
Ensemble_vs_pretrained_F0,F0_pretrained_seed42,F0_F3_probability_ensemble,ANFC_001179.png,8_84237,0.01381154860556899,0.014987400392640626,0.03185924867719481,0.004059066746483819,-0.0005202339476215734,0.0005187988281171174,-20.88331202628556,0.005259428533258781,0.0483689820610953
Ensemble_vs_pretrained_F0,F0_pretrained_seed42,F0_F3_probability_ensemble,ANFC_001298.png,8_92229,-0.00794101019218063,-0.013284312060391601,-0.06667158889052927,0.05542515856659824,0.01646407139528261,-0.0007171630859266198,2.6197165896624,-0.01032825918688296,0.06716819127164442
Ensemble_vs_pretrained_F0,F0_pretrained_seed42,F0_F3_probability_ensemble,ANFC_001299.png,8_92229,0.006750983832206292,0.009432441056899221,-0.04027515810049087,0.03668639401496676,0.012578950161658553,0.005310058593669065,-9.440339970071754,0.014058456074696135,0.020463434100606692
Ensemble_vs_pretrained_F0,F0_pretrained_seed42,F0_F3_probability_ensemble,ANFC_001300.png,8_92229,-0.0033771209712784023,-0.004459625059151429,-0.003892427458617731,-0.002915385788506364,-0.0002671832208892555,-0.0005798339843661182,0.46063608313375504,-0.003322256600846174,-0.0018412099611979649
Ensemble_vs_pretrained_F0,F0_pretrained_seed42,F0_F3_probability_ensemble,ANFC_001301.png,8_92229,-0.032441024455452494,-0.033585322867516365,-0.00935537613618409,-0.08974333524929001,-0.008608594737695818,-0.008697509765492217,1.5177379308675185,-0.007966066205755795,-0.03984215179270417
Ensemble_vs_pretrained_F0,F0_pretrained_seed42,F0_F3_probability_ensemble,ANFC_001302.png,8_92229,-0.03614366244428602,-0.030407376584395185,-0.03195962993814039,-0.030674655377610716,-0.0014406856934177092,-0.006423950195214467,3.0721236188024577,-0.03387954218526934,0.03161094840900727
Ensemble_vs_pretrained_F0,F0_pretrained_seed42,F0_F3_probability_ensemble,ANFC_001303.png,8_92229,-0.07986287503783879,-0.06751498902232306,-0.09901414486369281,-0.016213484858851324,0.005842458615818336,-0.005355834960855788,20.486569715468775,-0.012185509732327016,-0.014461099157095314
Ensemble_vs_pretrained_F0,F0_pretrained_seed42,F0_F3_probability_ensemble,ANFC_001304.png,8_92229,0.09972508146963055,0.07409361598158717,0.0006153846150058762,0.09262145537592739,0.027068892678458023,0.02641296386678449,-31.857229584910215,0.06661944232543993,0.04700485586939926
Ensemble_vs_pretrained_F0,F0_pretrained_seed42,F0_F3_probability_ensemble,ANFC_001305.png,8_92229,-0.015476440207669806,-0.025614344498358865,-0.031454149520577235,0.0038827455090296725,0.00037457453218292525,-0.001632690429662631,0.19801499075907802,-2.264491927306267e-10,-0.058388568674152375
Ensemble_vs_pretrained_F0,F0_pretrained_seed42,F0_F3_probability_ensemble,ANFC_001306.png,8_92229,0.01345758040234779,0.018345933735100628,-0.00752445447563499,0.029042775971656276,0.004267685154362932,0.003311157226511985,29.699602664696123,0.014416529292166747,0.046243032208237556
Ensemble_vs_pretrained_F0,F0_pretrained_seed42,F0_F3_probability_ensemble,ANFC_001307.png,8_92229,0.002611990599187153,0.0035682364598068617,-0.014660887300527614,0.02288717199679613,0.00391735422582129,0.0016937255859116318,-0.5715860294185404,0.019674466174933847,0.03818877240788743
Ensemble_vs_pretrained_F0,F0_pretrained_seed42,F0_F3_probability_ensemble,ANFC_001308.png,8_92229,0.005055706900425672,0.0072866704089846746,0.006283918879422479,0.0036934688543757144,0.00035876584548544255,0.000991821289047401,-0.24264068711928477,0.013406296523201133,0.026722253303371413
Ensemble_vs_pretrained_F0,F0_pretrained_seed42,F0_F3_probability_ensemble,ANFC_001309.png,8_92229,-0.02730240013540619,-0.036772571817946464,0.03417569192919956,-0.07306946250119617,-0.008716052198421087,-0.005996704101471018,1.2401159170201748,0.004916558286868433,-0.06473299138425503
Ensemble_vs_pretrained_F0,F0_pretrained_seed42,F0_F3_probability_ensemble,ANFC_001310.png,8_92229,0.020025329228019584,0.021196511291412867,-0.030781531075198543,0.03599229057258885,0.012736854277621501,0.009414672851418837,1.0378417825477726,-0.06267010109486293,0.02269953626778376
Ensemble_vs_pretrained_F0,F0_pretrained_seed42,F0_F3_probability_ensemble,ANFC_001311.png,8_92229,-0.0011116327922797709,-0.0012038126983193176,-0.03572655443637007,0.014904217490503191,0.003321357285376192,0.0015869140624757971,-5.818976196672605,0.012252909881040774,-0.009769241872397139
Ensemble_vs_pretrained_F0,F0_pretrained_seed42,F0_F3_probability_ensemble,ANFC_001312.png,8_92229,0.008898177741078706,0.010539258255079842,0.061613475163649456,-0.05993177460940635,-0.006685894074352938,-0.001983642578094691,-3.2407360021828726,0.026961068422047707,0.008705808471512144
Ensemble_vs_pretrained_F0,F0_pretrained_seed42,F0_F3_probability_ensemble,ANFC_001313.png,8_92229,-0.007156585697239759,-0.00880312629296276,-0.015240083504125312,0.00034080932391478136,0.0005267836565283623,-0.0006256103515529521,1.784821211018608,-0.014286121645208039,-0.01486281073718998
Ensemble_vs_pretrained_F0,F0_pretrained_seed42,F0_F3_probability_ensemble,ANFC_001314.png,8_92229,0.04872124897092933,0.060139940291820015,0.08320413432392548,0.009805764391212057,-0.0004716906966797385,0.001998901367156969,-1.0859556093944889,0.040243414024584645,0.06216924436537774
Ensemble_vs_pretrained_F0,F0_pretrained_seed42,F0_F3_probability_ensemble,ANFC_001315.png,8_92229,0.0011905506565960122,0.001879161405806462,0.00012916559027009722,0.002211890670022587,0.0003460566840788326,0.000320434570307615,-0.16904810515469926,-0.0016247376704581207,0.01899314523137996
Ensemble_vs_pretrained_F0,F0_pretrained_seed42,F0_F3_probability_ensemble,ANFC_001316.png,8_92229,-0.012664120332762763,-0.015876458162682572,-0.03643632209749448,0.0068601113495071475,0.004050650745776707,-0.0013580322265418499,0.0,0.008406472378395313,-0.0022242426104882584
Ensemble_vs_pretrained_F0,F0_pretrained_seed42,F0_F3_probability_ensemble,ANFC_001317.png,8_92229,-0.0037220488710980604,-0.004378714985070475,0.008085106379538187,-0.012135592410786322,-0.000997056309926303,-0.000671386718739786,0.0,-0.0013687038368327409,-0.016035503039701138
Ensemble_vs_pretrained_F0,F0_pretrained_seed42,F0_F3_probability_ensemble,ANFC_001318.png,8_92229,-0.030291122641939228,-0.03502563755642507,-0.02243512005548931,-0.03516376246426012,-0.007889684063398628,-0.009719848632664174,1.2821400989789176,-0.033552469819953634,-0.01752064845513046
Ensemble_vs_pretrained_F0,F0_pretrained_seed42,F0_F3_probability_ensemble,ANFC_001319.png,8_92229,0.024558875114786827,0.030375822329820945,0.04703598625548222,0.0032785363841507653,-0.0015635887761252798,0.0034027099608855416,-7.57424938301094,0.005139091703894705,0.02101352256894684
Ensemble_vs_pretrained_F0,F0_pretrained_seed42,F0_F3_probability_ensemble,ANFC_001321.png,8_92229,0.017107175319194368,0.02459032340560663,0.007797705245873088,0.024606856595064674,0.005198111706267827,0.00555419921866529,-5.433375275862614,0.023808895927645124,0.028600149698222
Ensemble_vs_pretrained_F0,F0_pretrained_seed42,F0_F3_probability_ensemble,ANFC_001322.png,8_92229,0.003933674036196488,0.00539157932266543,0.0023373587841182264,0.004882497414961939,0.0006456739842944925,0.0007781982421756206,0.445787087710797,-0.003907824912223412,-0.00016361091968164487
Ensemble_vs_pretrained_F0,F0_pretrained_seed42,F0_F3_probability_ensemble,ANFC_001324.png,8_92229,0.009636827572395035,0.01115557581114257,0.013607756418845485,0.0019713275011814524,-0.00015086243022366386,0.0010833740234209577,-4.817478606750555,0.030468913246056606,0.030482340358584492
Ensemble_vs_pretrained_F0,F0_pretrained_seed42,F0_F3_probability_ensemble,ANFC_001325.png,8_92229,-0.0014261315061824265,-0.0020364672200479106,0.003973849505964133,-0.006972455534155264,-0.0012470771628778632,-0.0006256103515529521,-0.9584054212077042,-0.010060102294663698,0.016359144046348528
Ensemble_vs_pretrained_F0,F0_pretrained_seed42,F0_F3_probability_ensemble,ANFC_001326.png,8_92229,-0.019370429555567448,-0.02700377160565448,-0.06355987054193402,0.01363554739403372,0.005708256214116525,-0.0024566650390250855,2.5968757625671515,-0.0384861673843625,0.02497779282500201
Ensemble_vs_pretrained_F0,F0_pretrained_seed42,F0_F3_probability_ensemble,ANFC_001327.png,8_92229,0.010957346727840434,0.01627792912156989,0.01779563719606836,0.004975738023176524,0.0002902608933156303,0.0021514892577796374,-1.0,0.010555123547251966,0.043464663887677
Ensemble_vs_pretrained_F0,F0_pretrained_seed42,F0_F3_probability_ensemble,ANFC_001328.png,8_92229,-0.00019646195542932787,-0.0002684485588483332,-0.01549612596657135,0.017199833275261533,0.0032328709979624337,0.0009460449218605671,-11.687493903435175,0.005490791669897299,0.012255833854936227
Ensemble_vs_pretrained_F0,F0_pretrained_seed42,F0_F3_probability_ensemble,ANFC_001329.png,8_92229,-0.010351335655178429,-0.013009643190739939,-0.039556758144626114,0.006499403827860961,0.004690610125405614,-0.0005493164062415623,-0.6709288739026231,-0.02413039026757635,0.012421119851382945
Ensemble_vs_pretrained_F0,F0_pretrained_seed42,F0_F3_probability_ensemble,ANFC_001330.png,8_92229,0.0647998218749003,0.06466241838811643,-0.02519536512729781,0.08648260702455318,0.04761331176570849,0.03936767578064926,-2.2329487461883417,0.01642278082369153,0.020221048912042516
Ensemble_vs_pretrained_F0,F0_pretrained_seed42,F0_F3_probability_ensemble,ANFC_001333.png,8_92229,0.03585075651275027,0.043692785839242076,0.0058055152373709396,0.05770903872736055,0.004284804077663518,0.004348754882746109,-12.031056171874702,0.04800665263257886,0.007978989778724466
Ensemble_vs_pretrained_F0,F0_pretrained_seed42,F0_F3_probability_ensemble,ANFC_001334.png,8_92229,0.013570119412075532,0.01771969340892987,-0.00037636432061516345,0.028908987064076852,0.004898810040738222,0.004257202148372552,5.723281790613143,0.032231711107508,0.025974054461177287
Ensemble_vs_pretrained_F0,F0_pretrained_seed42,F0_F3_probability_ensemble,ANFC_001335.png,8_92229,0.009464970495138947,0.01184167001523373,0.0035157108320115205,0.013373835906632991,0.001672542428438617,0.0018005371093475775,0.0,0.012797927524993091,0.016975248182449887
Ensemble_vs_pretrained_F0,F0_pretrained_seed42,F0_F3_probability_ensemble,ANFC_001336.png,8_92229,0.011218096989810578,0.01577174664412795,0.0031178549151698043,0.016365585894963175,0.0020913956360297803,0.0021667480468419154,0.0,0.013525756592739135,0.02734300999027639
Ensemble_vs_pretrained_F0,F0_pretrained_seed42,F0_F3_probability_ensemble,ANFC_001337.png,8_92229,-0.004066765220593127,-0.004682320985290422,-0.019531249995231703,0.0025281730245408918,0.0014973958333089898,0.00018310546874722444,-0.21311517261753465,-0.01431451344053336,-0.019562050455703917
Ensemble_vs_pretrained_F0,F0_pretrained_seed42,F0_F3_probability_ensemble,ANFC_001338.png,8_92229,0.006432872853343596,0.009051105386283287,-0.00019786307871028086,0.011168990377421917,0.0014715121854192992,0.0013427734374794609,-0.09901951359278449,0.020648132282705678,0.015441832394590294
Ensemble_vs_pretrained_F0,F0_pretrained_seed42,F0_F3_probability_ensemble,ANFC_001339.png,8_92229,0.00771444374707575,0.009484752693986298,-0.00778926497552912,0.018686621368048884,0.004463445916982223,0.0031433105468270384,56.30251144361662,0.010690184091796229,-0.004094688430098525
Ensemble_vs_pretrained_F0,F0_pretrained_seed42,F0_F3_probability_ensemble,ANFC_001340.png,8_92229,0.04974539101150588,0.05837857013976866,-0.015899122804838406,0.06655441101659065,0.028502747252257876,0.02355957031214051,-3.247923011436505,0.02931397933729285,0.07840412573962152
Ensemble_vs_pretrained_F0,F0_pretrained_seed42,F0_F3_probability_ensemble,ANFC_001341.png,8_92229,-0.0024438793453279706,-0.003565436463544236,-0.006190034044229353,0.0002834369296436101,0.0002539188136870818,-0.0003814697265566158,0.019803902718538602,-0.017217776998744716,0.00017847733089559892
Ensemble_vs_pretrained_F0,F0_pretrained_seed42,F0_F3_probability_ensemble,ANFC_001342.png,8_92229,0.0020249352479899674,0.0028225793906608843,-0.004837702870655769,0.006238800888014762,0.0014037342713874024,0.0007934570312378986,0.0,0.006999576905882154,0.018702909568524273
Ensemble_vs_pretrained_F0,F0_pretrained_seed42,F0_F3_probability_ensemble,ANFC_001343.png,8_92229,-0.1750430556290722,-0.1557770626979365,-0.2653037382867637,0.02522383621628488,0.029450996910463156,-0.009048461913924388,52.10549422180821,-0.06944871504964767,-0.05197016228879747
Ensemble_vs_pretrained_F0,F0_pretrained_seed42,F0_F3_probability_ensemble,ANFC_001347.png,8_92229,-0.00954299328523922,-0.01198451871186379,0.0014655593549152135,-0.019084836697760843,-0.0030305581277374483,-0.002609252929647754,40.55977770979301,-0.010578583624344828,-0.01132129969414064
Ensemble_vs_pretrained_F0,F0_pretrained_seed42,F0_F3_probability_ensemble,ANFC_001971.png,9_60031,-0.00026131770931336895,-0.0003746397967243631,0.0012315270920794097,-0.0013837501335884905,-3.0900438785730344e-05,-1.5258789062277955e-05,0.8377223398316205,-0.004790664654681365,-0.001574866055569668
Ensemble_vs_pretrained_F0,F0_pretrained_seed42,F0_F3_probability_ensemble,ANFC_001972.png,9_60031,-0.03898407234567447,-0.042410631450061465,-0.055925925905212615,0.004523383937517833,0.0007320644216574079,-0.001602172851538075,1.819660112501051,-0.05934327148661278,-0.0708035095990669
Ensemble_vs_pretrained_F0,F0_pretrained_seed42,F0_F3_probability_ensemble,ANFC_001973.png,9_60031,0.000927574674734033,0.0012914654944189419,0.0023446658841951296,-0.0004437199662594704,-4.763643869909462e-05,4.5776367186722844e-05,-0.11079506305587739,-0.013796685835866018,-0.011896583105508451
Ensemble_vs_pretrained_F0,F0_pretrained_seed42,F0_F3_probability_ensemble,ANFC_001976.png,9_60031,-0.07189262078640768,-0.09445593548810383,-0.09873760139822474,-0.03245336274935273,-0.0004737989197309833,-0.0037994384765044353,5.137464797715152,-0.060070416870571464,-0.084764302297762
Ensemble_vs_pretrained_F0,F0_pretrained_seed42,F0_F3_probability_ensemble,ANFC_001977.png,9_60031,-0.022015935011602594,-0.022814163336233317,-0.019536574275539953,-0.02080400096708268,-0.0003315702218310568,-0.000976562499985123,0.5609943282828169,-0.028182178060401908,0.004291714619438891
Ensemble_vs_pretrained_F0,F0_pretrained_seed42,F0_F3_probability_ensemble,ANFC_001980.png,9_60031,0.003235603610863169,0.003667332024859027,-0.0028050490870477063,0.013541637860982392,0.00047320851143628495,0.0003662109374944489,-0.10497462962411674,-0.014231901090618893,-0.01754918522930371
Ensemble_vs_pretrained_F0,F0_pretrained_seed42,F0_F3_probability_ensemble,ANFC_001981.png,9_60031,-0.018387147559966954,-0.025765882316910127,0.0023741690397083293,-0.031129003055938798,-0.00182878763988914,-0.0016937255859117428,0.5622883351824859,-0.024254461142230288,-0.03359821785630879
Ensemble_vs_pretrained_F0,F0_pretrained_seed42,F0_F3_probability_ensemble,ANFC_002454.png,frame_000001,0.016684693428864583,0.02718069331245032,0.001803101333969881,0.029979565631253813,0.003350558426348571,0.003219604492138428,-1.0,0.015157651807822359,0.007257467162414932
Ensemble_vs_pretrained_F0,F0_pretrained_seed42,F0_F3_probability_ensemble,ANFC_002455.png,frame_000001,0.017759457251942723,0.023107634969182556,-0.0016084222837243756,0.03360684570815231,0.006030972622007469,0.005233764648357675,-0.5047036459826497,0.0031357811946137737,0.001409339279238364
Ensemble_vs_pretrained_F0,F0_pretrained_seed42,F0_F3_probability_ensemble,ANFC_002456.png,frame_000001,-0.0017167968523792432,-0.0026255146079559033,-0.01014222429352507,0.006928844215589369,0.0014396572913122352,-7.629394531138978e-05,-0.2065457410922864,0.0012118977909487683,0.011699562980291622
Ensemble_vs_pretrained_F0,F0_pretrained_seed42,F0_F3_probability_ensemble,ANFC_002457.png,frame_000001,-0.004238214487751413,-0.005726523745569256,-0.029675952242219972,0.028848474585539963,0.005569165153846978,0.0008392333984247324,0.0,-0.004337410107770334,0.021376843664025147
Ensemble_vs_pretrained_F0,F0_pretrained_seed42,F0_F3_probability_ensemble,ANFC_002458.png,frame_000001,0.0066308472433592724,0.009986058841733092,0.0019115890079064446,0.012538858621406024,0.0008312822936736852,0.0009002685546737332,-0.22949526788029484,0.0017874395279867672,0.03924138646590569
Ensemble_vs_pretrained_F0,F0_pretrained_seed42,F0_F3_probability_ensemble,ANFC_002459.png,frame_000001,0.001661397700319478,0.0026643438391744656,-0.009095452272953941,0.014649903061933367,0.0027192018871852186,0.0009155273437360112,-0.4432736152956096,0.0020004900383402413,-0.0029386927496393156
Ensemble_vs_pretrained_F0,F0_pretrained_seed42,F0_F3_probability_ensemble,ANFC_002460.png,frame_000001,-0.003972723686227808,-0.0058893527957607494,-0.023354564753477414,0.018935691612083083,0.004133345313970138,-1.5258789062277955e-05,0.0,-0.003907869371027162,0.008006561381848187
Ensemble_vs_pretrained_F0,F0_pretrained_seed42,F0_F3_probability_ensemble,ANFC_002461.png,frame_000001,0.009178828688846008,0.014194945879140608,-0.006387114688590101,0.0218648406623555,0.001792201501545243,0.001342773437479572,0.0,0.008596941489365406,0.01104198962026337
Ensemble_vs_pretrained_F0,F0_pretrained_seed42,F0_F3_probability_ensemble,ANFC_002462.png,frame_000001,0.008539216089984869,0.013322566619821896,0.006900690067971671,0.010136575319975583,0.001223033803274598,0.0018005371093475775,-0.4432736152956096,0.010226807959438866,0.03301816809912095
Ensemble_vs_pretrained_F0,F0_pretrained_seed42,F0_F3_probability_ensemble,ANFC_002463.png,frame_000001,0.003159754728396802,0.005004544771555985,-0.0025331545220483864,0.008083908755035285,0.001223969400744207,0.0008392333984247324,0.0,0.00302807331863586,0.021533573696335462
Ensemble_vs_pretrained_F0,F0_pretrained_seed42,F0_F3_probability_ensemble,ANFC_002464.png,frame_000001,-0.0005729055879942768,-0.0007555128550117418,-0.003442879498139928,0.0009931498358478619,0.0001924896937779419,1.5258789062277955e-05,-1.0183883754859693,-0.008862662320485382,0.00723951250796806
Ensemble_vs_pretrained_F0,F0_pretrained_seed42,F0_F3_probability_ensemble,ANFC_002465.png,frame_000001,0.008160569029441622,0.012583751503191465,-0.01296964834697556,0.0256569650553935,0.004771173157332109,0.0027465820312080336,-0.8377223398316205,0.01290864153980531,0.040572138158500026
Ensemble_vs_pretrained_F0,F0_pretrained_seed42,F0_F3_probability_ensemble,ANFC_002466.png,frame_000001,-0.005875011003174557,-0.009251185210844781,-0.01000895109366029,-0.0016786222123991168,-0.00011268240464046286,-0.001968383789032524,0.349030329381919,-0.010581509315419013,-0.003789824981350276
Ensemble_vs_pretrained_F0,F0_pretrained_seed42,F0_F3_probability_ensemble,ANFC_002467.png,frame_000001,0.006250207187931123,0.009557641847013132,-0.007512953365929276,0.018298391607404207,0.0015727349373892974,0.0010375976562341238,0.0,0.01770631862107641,0.010371076056745143
Ensemble_vs_pretrained_F0,F0_pretrained_seed42,F0_F3_probability_ensemble,ANFC_002468.png,frame_000001,-0.004789038623059683,-0.007881618349126596,-0.01434281683180283,0.004332812711319356,0.0004732144314006925,-0.0004882812499925615,0.3944487245360109,-0.011304893215705936,-0.0082123734829872
Ensemble_vs_pretrained_F0,F0_pretrained_seed42,F0_F3_probability_ensemble,ANFC_002469.png,frame_000001,0.004534459124057366,0.007189078960188611,-0.00375184242211557,0.01242843475613098,0.0019630465103926964,0.001312255859355016,0.0,0.001046129912195437,0.01653551895110783
Ensemble_vs_pretrained_F0,F0_pretrained_seed42,F0_F3_probability_ensemble,ANFC_002470.png,frame_000001,0.0022261556636126167,0.0033504303932362367,-0.011124595467005505,0.013434993894957947,0.0016833905465790666,0.0007171630859265088,0.0,0.0069762754101710955,0.019279234125130107
Ensemble_vs_pretrained_F0,F0_pretrained_seed42,F0_F3_probability_ensemble,ANFC_002471.png,frame_000001,0.008454055498188562,0.01428359134828372,-0.005644682113593369,0.02094886664394713,0.0013993887726975185,0.0010375976562341238,-0.1715728752538097,0.005893909579277046,0.017995327114137427
Ensemble_vs_pretrained_F0,F0_pretrained_seed42,F0_F3_probability_ensemble,ANFC_002472.png,frame_000001,-0.0071424566404271195,-0.010345144000536877,-0.02365591397550204,0.00666315016368646,0.00213426801544081,-0.000976562499985012,0.0,5.39947507088856e-05,0.0036936185988865056
Ensemble_vs_pretrained_F0,F0_pretrained_seed42,F0_F3_probability_ensemble,ANFC_002473.png,frame_000001,-0.002756658688163216,-0.0041618044114704045,-0.024305555552541436,0.01675743487460979,0.003688752783900129,0.00024414062499633626,-0.16543411507764105,0.0005657466730966121,0.0082644244792075
Ensemble_vs_pretrained_F0,F0_pretrained_seed42,F0_F3_probability_ensemble,ANFC_002476.png,frame_000001,0.018470451985890146,0.02779480024008829,0.032711143959949784,0.0013634144123251257,-0.00024948024947613057,0.0024719238280872524,-0.9384471871911693,0.02016330310615322,0.042346278769024526
Ensemble_vs_pretrained_F0,F0_pretrained_seed42,F0_F3_probability_ensemble,ANFC_002477.png,frame_000001,0.0015784539207811532,0.002416821734792629,-0.003106876552794846,0.007207334412015598,0.0006094748632698987,0.000335693359369893,0.04239427795275219,-0.0023991720704099606,-9.1573003435097e-05
Ensemble_vs_pretrained_F0,F0_pretrained_seed42,F0_F3_probability_ensemble,ANFC_002478.png,frame_000001,0.003054727916642519,0.0043635676044887495,-0.0004726642507527634,0.007571205790212754,0.0008278565273813765,0.0007019042968642308,-1.1973473589822987,0.006971851489023573,0.002734557851640451
Ensemble_vs_pretrained_F0,F0_pretrained_seed42,F0_F3_probability_ensemble,ANFC_002479.png,frame_000001,0.006271545036502735,0.008936110464494273,0.008053942685142035,0.0037947113296443735,0.0005104086915216355,0.0017395019530984657,-0.7888974490720218,0.003980879609162158,0.011242055862511258
Ensemble_vs_pretrained_F0,F0_pretrained_seed42,F0_F3_probability_ensemble,ANFC_002480.png,frame_000001,0.0030258771315405664,0.0041653310535619825,-0.001262427015738865,0.007851315112401225,0.0009966384567139386,0.0007781982421756206,0.7537887487646788,-0.0019469025094849268,0.027035731482240366
Ensemble_vs_pretrained_F0,F0_pretrained_seed42,F0_F3_probability_ensemble,ANFC_002481.png,frame_000001,0.007462620929578612,0.011014116345381852,0.0076768415266538215,0.007141486980614231,0.000566053442094927,0.0011596679687322364,-0.5278640450004204,0.009719840625316056,0.03155640793844838
Ensemble_vs_pretrained_F0,F0_pretrained_seed42,F0_F3_probability_ensemble,ANFC_002482.png,frame_000001,0.0033567215172423115,0.0049044808373875926,-0.0020389669231944962,0.010080848778745155,0.00163998024967138,0.0011444091796699585,-0.042640687119279264,0.005862522301671724,-0.009994635001721486
Ensemble_vs_pretrained_F0,F0_pretrained_seed42,F0_F3_probability_ensemble,ANFC_002483.png,frame_000001,0.022630843071330342,0.0341778782805261,0.02726554267291026,0.015459355017154897,0.0015532238022650802,0.004531860351493333,-2.7082039324993694,0.03885624069361171,0.034088940039542104
Ensemble_vs_pretrained_F0,F0_pretrained_seed42,F0_F3_probability_ensemble,ANFC_002484.png,frame_000001,0.006810291490413012,0.009788276399684381,-0.0006341154089239964,0.014754694363293464,0.0023590223933260823,0.001998901367156969,-0.445787087710797,0.006071598845238335,0.023637392956450953
Ensemble_vs_pretrained_F0,F0_pretrained_seed42,F0_F3_probability_ensemble,ANFC_002485.png,frame_000001,-0.0013419546375447178,-0.0017607670064608838,-0.016644554334019457,0.020902428410786933,0.0034238798147712135,0.0008850097656114553,-0.16904810515469926,-0.004837858323255562,0.002672702057194387
Ensemble_vs_pretrained_F0,F0_pretrained_seed42,F0_F3_probability_ensemble,ANFC_002486.png,frame_000001,0.0014504769372778448,0.0022296387807407836,-0.0029334568468529776,0.005902979863356861,0.0007958143551229924,0.0004272460937434497,0.024754878398196567,0.004401618444545674,0.006516787148476921
Ensemble_vs_pretrained_F0,F0_pretrained_seed42,F0_F3_probability_ensemble,ANFC_002487.png,frame_000001,-0.004012430361092334,-0.006578096876067363,-0.01324245374620392,0.006215992180773067,0.0006456846740841016,-0.00044250488280572764,0.0,-0.006285104372915962,0.016374092841463073
Ensemble_vs_pretrained_F0,F0_pretrained_seed42,F0_F3_probability_ensemble,ANFC_002488.png,frame_000001,0.004811753007165298,0.006923849591987663,-0.005787781349551713,0.0170878311224556,0.0020567806325096916,0.001312255859354905,-0.3515002440404693,0.0032159168122787296,0.027865997717887003
Ensemble_vs_pretrained_F0,F0_pretrained_seed42,F0_F3_probability_ensemble,ANFC_002489.png,frame_000001,-0.01784046953028895,-0.02345533071014072,-0.0505664094482734,0.026813990965742218,0.0039027672637916844,-0.0011596679687323475,1.3077467862603438,-0.023488564421870528,-0.0030806198113879635
Ensemble_vs_pretrained_F0,F0_pretrained_seed42,F0_F3_probability_ensemble,ANFC_002490.png,frame_000001,0.00464489852687211,0.007637547773387654,0.0073385518555094675,0.002084198905632717,4.725004724925874e-05,0.0002746582031208922,0.0,0.005852504958997251,0.006857273352915083
Ensemble_vs_pretrained_F0,F0_pretrained_seed42,F0_F3_probability_ensemble,ANFC_002491.png,frame_000001,0.005910326969998714,0.008859055928340132,-0.003956648889737346,0.014773842337082455,0.0019255563183041557,0.0014038085937286837,-0.12310562561766059,0.005412704818343772,0.01718468394775796
Ensemble_vs_pretrained_F0,F0_pretrained_seed42,F0_F3_probability_ensemble,ANFC_002492.png,frame_000001,-0.0025580353238456865,-0.003128069036281933,0.004069050554368792,-0.017864394897343705,-0.0018458537944163744,-0.0011138916015455136,1.960795430206062,-0.00348210857715725,-0.009733715398799525
Ensemble_vs_pretrained_F0,F0_pretrained_seed42,F0_F3_probability_ensemble,ANFC_002493.png,frame_000001,-0.044793544311631406,-0.052996527443635366,0.00274442538499331,-0.0817389993738914,-0.006595231631456033,-0.006179809570218131,-1.0246903474457127,-0.08005613568723713,-0.08457313846842807
Ensemble_vs_pretrained_F0,F0_pretrained_seed42,F0_F3_probability_ensemble,ANFC_002494.png,frame_000001,0.0005863324299364425,0.000814351688927295,-0.003710144927106085,0.0044346698290272935,0.0010718490274099768,0.00044250488280572764,-1.2076372425963058,-0.030612852011404512,0.026161976096346073
Ensemble_vs_pretrained_F0,F0_pretrained_seed42,F0_F3_probability_ensemble,ANFC_002495.png,frame_000001,0.008071743207482385,0.01226578928359523,-0.011482649840822368,0.027354933452739427,0.004738678377311012,0.0027770996093327005,-0.7319323812525163,0.001498910412813137,0.027938974686748108
Ensemble_vs_pretrained_F0,F0_pretrained_seed42,F0_F3_probability_ensemble,ANFC_002496.png,frame_000001,0.004518799625983894,0.006801614918003573,0.0003526922172168989,0.008806210145459792,0.001507978257031306,0.0013580322265417388,-0.22949526788029484,0.0009114767252837996,0.026274659657107846
Ensemble_vs_pretrained_F0,F0_pretrained_seed42,F0_F3_probability_ensemble,ANFC_002497.png,frame_000001,0.004240222230059709,0.006828655215371127,0.0014475659445931655,0.007638506273568879,0.0029007763842057166,0.0024871826171496414,0.0,-0.0021768771950689825,0.009907981423605383
Ensemble_vs_pretrained_F0,F0_pretrained_seed42,F0_F3_probability_ensemble,ANFC_002498.png,frame_000001,0.013940315702804296,0.022028803599109192,-0.004449072320669267,0.029951167369654974,0.007440151349642821,0.005523681640540734,0.0,0.019399566937130408,0.03277371726774869
Ensemble_vs_pretrained_F0,F0_pretrained_seed42,F0_F3_probability_ensemble,ANFC_002499.png,frame_000001,0.001048665731978593,0.001508411046443503,-0.006829268291850155,0.009561126586191016,0.0017615459745751183,0.0006866455078020639,-0.4046705549359304,-0.004890236536424619,-0.0025095273917586924
Ensemble_vs_pretrained_F0,F0_pretrained_seed42,F0_F3_probability_ensemble,ANFC_002500.png,frame_000001,0.006809849898811948,0.010061797254707128,0.004380361379014319,0.008816240312411683,0.0009990509016268856,0.00128173828123046,0.0,0.00331203444313255,0.01568087791101669
Ensemble_vs_pretrained_F0,F0_pretrained_seed42,F0_F3_probability_ensemble,ANFC_002501.png,frame_000001,-0.007781865796902654,-0.010977988405010186,-0.018023255811333794,0.0045918457071845165,0.0009547190398091487,-0.0010375976562341238,0.0,-0.008941476748057342,-0.007476002378201563
Ensemble_vs_pretrained_F0,F0_pretrained_seed42,F0_F3_probability_ensemble,ANFC_002502.png,frame_000001,-0.007456230276918108,-0.01054139308602664,-0.027992142554511545,0.01577873141738595,0.006454506454380615,-0.0010375976562342348,0.6158944890642868,-0.0059702648563386695,0.020767093620158494
Ensemble_vs_pretrained_F0,F0_pretrained_seed42,F0_F3_probability_ensemble,ANFC_002503.png,frame_000001,-0.0024689290690822485,-0.0034632984923955723,-0.01625194401117791,0.012955398378866612,0.004423266762768163,0.00036621093749433786,-0.8772520376540687,0.0005116791777757257,0.010067083573016777
Ensemble_vs_pretrained_F0,F0_pretrained_seed42,F0_F3_probability_ensemble,ANFC_002504.png,frame_000001,0.0012068590661661327,0.0017987699724403283,-0.009768140831927008,0.013968298128669399,0.002685876912083107,0.0009155273437360112,-1.3925986079290702,0.004028840894763075,0.019174057500272235
Ensemble_vs_pretrained_F0,F0_pretrained_seed42,F0_F3_probability_ensemble,ANFC_002505.png,frame_000001,0.011981280185265675,0.01852609043995379,0.000917190775561183,0.02534615358004977,0.0033331030670880057,0.0030517578124534817,0.0,0.005920834225045746,0.030668441910532085
Ensemble_vs_pretrained_F0,F0_pretrained_seed42,F0_F3_probability_ensemble,ANFC_002506.png,frame_000001,0.009791586913913686,0.015535809714915083,-0.0007574609906442209,0.022171141207645295,0.0025112411978873705,0.0021820068359041933,-0.3944487245360109,0.0009868622943518535,0.0033671364620776467
Ensemble_vs_pretrained_F0,F0_pretrained_seed42,F0_F3_probability_ensemble,ANFC_002507.png,frame_000001,-0.001360847467870685,-0.002206277636312093,-0.007770836507102641,0.005580434011779212,0.0016790688799527276,-0.00021362304687178035,0.16227766016837952,0.0010083945023056096,-0.0030478185268976166
Ensemble_vs_pretrained_F0,F0_pretrained_seed42,F0_F3_probability_ensemble,ANFC_002508.png,frame_000001,-0.015554082367800315,-0.022502734420742465,-0.04803202134355966,0.015819664483174734,0.006816823546862083,-0.003219604492138428,-2.7389665959283986,-0.013475661359809377,0.0009492148512655341
Ensemble_vs_pretrained_F0,F0_pretrained_seed42,F0_F3_probability_ensemble,ANFC_002509.png,frame_000001,0.0016893787576874875,0.00237293169920072,0.001701507048687101,0.0016040715659341176,8.140405717682597e-05,0.00018310546874722444,0.6852883319355119,-0.004657689269492393,-0.007875759043439734
Ensemble_vs_pretrained_F0,F0_pretrained_seed42,F0_F3_probability_ensemble,ANFC_002510.png,frame_000001,0.005164504212089804,0.00786899245157835,-0.0017304780441855794,0.01353529279899468,0.0010506788370125975,0.0008544921874870104,-1.0,0.026168511146306694,0.007623742660298083
Ensemble_vs_pretrained_F0,F0_pretrained_seed42,F0_F3_probability_ensemble,ANFC_002511.png,frame_000001,-0.00943350697309775,-0.014500509336035083,-0.016040762406487996,-0.0025884366931611114,-9.101168589875641e-05,-0.002670288085896755,0.17409764535292016,-0.006658747855195157,-0.01648088571003692
Ensemble_vs_pretrained_F0,F0_pretrained_seed42,F0_F3_probability_ensemble,ANFC_002512.png,frame_000001,0.01062060449183222,0.012587415215585263,-0.008081249316579497,0.032878633454808015,0.007148051579362047,0.005020141601485895,-0.8017468584870784,0.009643616532491461,0.03934089839220922
Ensemble_vs_pretrained_F0,F0_pretrained_seed42,F0_F3_probability_ensemble,ANFC_002513.png,frame_000001,-0.004560856808233704,-0.00692839730389716,-0.025323670708792156,0.02425808765001325,0.005576941132183322,-0.00021362304687178035,0.16904810515469926,0.00329260110724805,-0.006978779829491244
Ensemble_vs_pretrained_F0,F0_pretrained_seed42,F0_F3_probability_ensemble,ANFC_002514.png,frame_000001,0.001811062772595129,0.0027985336483771217,-0.005172224055774999,0.009738447740892164,0.001753795461358898,0.0007934570312378986,-0.12310562561766059,3.19213191946055e-06,0.004601815423002087
Ensemble_vs_pretrained_F0,F0_pretrained_seed42,F0_F3_probability_ensemble,ANFC_002515.png,frame_000001,0.005151499901059564,0.007675205106894012,-0.004061188573972974,0.01388091670585645,0.002287227639301004,0.0015716552734135192,0.0,4.452163979096202e-05,0.02958659571773925
Ensemble_vs_pretrained_F0,F0_pretrained_seed42,F0_F3_probability_ensemble,ANFC_002516.png,frame_000001,0.009154619387213625,0.013759831313149284,-0.006246340033916331,0.023716482857801813,0.0025822256798606613,0.0018920898437211342,-0.5278640450004204,0.014447553421156334,0.010056087570646022
Ensemble_vs_pretrained_F0,F0_pretrained_seed42,F0_F3_probability_ensemble,ANFC_002517.png,frame_000001,0.005878101895939292,0.009221161299639902,-0.008295838019080959,0.022359009514451134,0.0028926468574063113,0.0016784667968494649,-0.3431457505076194,0.004134609608388851,0.054540373916975415
Ensemble_vs_pretrained_F0,F0_pretrained_seed42,F0_F3_probability_ensemble,ANFC_002518.png,frame_000001,0.007176775332734087,0.011594138026052914,-0.003685956505033894,0.018473341305518254,0.0018632507070061033,0.0014038085937285727,-0.3944487245360109,0.0029184875095349394,0.06347218278039402
Ensemble_vs_pretrained_F0,F0_pretrained_seed42,F0_F3_probability_ensemble,ANFC_002519.png,frame_000001,0.005045325146429969,0.007676545173908145,-0.006183820414554453,0.015260549949819069,0.004485306433818725,0.00256347656246092,-0.6055512754639891,0.00864306481574284,0.02114749220163681
Ensemble_vs_pretrained_F0,F0_pretrained_seed42,F0_F3_probability_ensemble,ANFC_002520.png,frame_000001,-0.002319436054955659,-0.003561671485860729,-0.016400911159240583,0.013581880375849065,0.001848993231635676,1.5258789062277955e-05,0.0,0.00649928115810372,0.0036747918040069827
Ensemble_vs_pretrained_F0,F0_pretrained_seed42,F0_F3_probability_ensemble,ANFC_002521.png,frame_000001,0.01274751468894586,0.019882124670900225,-0.008940638319062222,0.036379116319933735,0.006956739452993577,0.004623413085867001,-0.3944487245360109,0.017697098500666586,0.0611162537889427
Ensemble_vs_pretrained_F0,F0_pretrained_seed42,F0_F3_probability_ensemble,ANFC_002522.png,frame_000001,0.027767125022997496,0.03966703101135627,0.007474307067121044,0.0494617240629277,0.0028880866425529117,0.0031127929687025935,-2.8164202198600385,0.03993423995216461,0.04196940257384085
Ensemble_vs_pretrained_F0,F0_pretrained_seed42,F0_F3_probability_ensemble,ANFC_002523.png,frame_000001,0.01134365779190638,0.015582566858389768,0.005957005955463002,0.018938076750316557,0.0010701256586773678,0.0013580322265417388,0.0,-0.001563061854616965,0.038136605324652906
Ensemble_vs_pretrained_F0,F0_pretrained_seed42,F0_F3_probability_ensemble,ANFC_002524.png,frame_000001,-0.0009026843776870352,-0.0013539835554153834,-0.0031591737537887132,0.0013848637717004397,0.00014652968854056425,-6.103515624911182e-05,0.0,-0.0010839488446178214,0.027928830163356233
Ensemble_vs_pretrained_F0,F0_pretrained_seed42,F0_F3_probability_ensemble,ANFC_002525.png,frame_000001,-0.0016987932663007355,-0.0026295311506639996,-0.012011597402732055,0.01217308455149313,0.0015096152196403256,1.5258789062277955e-05,-0.24264068711928477,-0.004019448527267877,-0.008566737249123935
Ensemble_vs_pretrained_F0,F0_pretrained_seed42,F0_F3_probability_ensemble,ANFC_002526.png,frame_000001,0.005660812355039235,0.008533206106891678,0.0077572832256925794,0.0029597538087541286,0.0002008872520263827,0.0008697509765492883,0.0,0.0008718283695382523,0.001094821886544639
Ensemble_vs_pretrained_F0,F0_pretrained_seed42,F0_F3_probability_ensemble,ANFC_002527.png,frame_000001,0.007494852878016545,0.011881183107513849,0.015665796338804272,0.001041950614058429,-7.954816641342344e-05,0.0005645751953039513,0.0,0.00012400161686620947,0.011951856895011215
Ensemble_vs_pretrained_F0,F0_pretrained_seed42,F0_F3_probability_ensemble,ANFC_002528.png,frame_000001,0.0014260066608632327,0.0018274242594958912,-0.005720641982246866,0.0058497203497577255,0.0014685279273253249,0.0007781982421756206,0.9954853960663712,0.0014867000546606723,-0.005219146167179667
Ensemble_vs_pretrained_F0,F0_pretrained_seed42,F0_F3_probability_ensemble,ANFC_002529.png,frame_000001,0.020994355368795237,0.031244424472084975,0.0013858093122545156,0.03145111811856294,0.0032780002583115975,0.0031738281249515943,-0.3958980337503153,0.0017210411238959278,0.046630644223847106
Ensemble_vs_pretrained_F0,F0_pretrained_seed42,F0_F3_probability_ensemble,ANFC_002530.png,frame_000001,0.029782747828801637,0.043654977159688246,-0.018913971928336215,0.05919364239673308,0.00568601625484777,0.004455566406182054,-1.5352261608225994,-0.011688324670326988,0.06155616197094593
Ensemble_vs_pretrained_F0,F0_pretrained_seed42,F0_F3_probability_ensemble,ANFC_002531.png,frame_000001,0.0207335377307154,0.03121757750820131,0.00456130936287602,0.030272101413861274,0.0029769127472863977,0.0030670166015157596,-1.0,0.01464876196794207,0.037431654241607326
Ensemble_vs_pretrained_F0,F0_pretrained_seed42,F0_F3_probability_ensemble,ANFC_002532.png,frame_000001,0.004018481168233778,0.005753037170832975,0.0008783487040499027,0.00544503461892043,0.0003793926555845095,0.0003967285156188938,0.13658639270263873,-0.0025103421024255113,-0.011120498740929241
Ensemble_vs_pretrained_F0,F0_pretrained_seed42,F0_F3_probability_ensemble,ANFC_002533.png,frame_000001,0.017784690066143916,0.02487694258633133,-0.024026657309009658,0.03826429617044391,0.008473443192691832,0.005645751953038847,0.02963268121290774,0.001479309288627606,0.05660437143921271
Ensemble_vs_pretrained_F0,F0_pretrained_seed42,F0_F3_probability_ensemble,ANFC_002534.png,frame_000001,0.013575692150079477,0.019290885636529587,-0.0030926240910634784,0.022673382022228794,0.004740219065757945,0.003967285156189493,0.0,-0.0035537624287403924,0.05324973436026714
Ensemble_vs_pretrained_F0,F0_pretrained_seed42,F0_F3_probability_ensemble,ANFC_002624.png,frame_000013,0.005497664034473604,0.007420617975027133,-0.009342560552016876,0.015425286759684576,0.0029118414886720734,0.0018310546874721334,-0.8309518948453007,-0.007356435990546584,0.02698436593602782
Ensemble_vs_pretrained_F0,F0_pretrained_seed42,F0_F3_probability_ensemble,ANFC_002625.png,frame_000013,0.009644752355079556,0.013844788641061756,-0.005993766481420804,0.017719036945801014,0.0024769819929524317,0.001937866210907968,-1.0778115546185845,-0.003595711062033602,0.09125053432121638
Ensemble_vs_pretrained_F0,F0_pretrained_seed42,F0_F3_probability_ensemble,ANFC_002636.png,frame_000045,0.0068201443458904,0.009543921321190307,0.006530331670986378,0.007134962161692404,0.0006195890617308741,0.0011444091796700695,-3.5749396162749063,0.022188618180685515,-0.0011318914560554116
Ensemble_vs_pretrained_F0,F0_pretrained_seed42,F0_F3_probability_ensemble,ANFC_002637.png,frame_000045,-0.0035605159305490686,-0.005238513946480339,-0.0030622660763759413,-0.0038586880939266432,-0.0005028663381189125,-0.0007324218749887867,-1.6859030047309718,0.005232834557975408,0.0003512988292614372
Ensemble_vs_pretrained_F0,F0_pretrained_seed42,F0_F3_probability_ensemble,ANFC_002638.png,frame_000045,-0.004160617342094053,-0.005732837896750498,-0.00887454618439909,-0.0011086157019528642,6.343467021796556e-05,-0.0002746582031208922,0.0,0.009187075005502532,0.021690868188018353
Ensemble_vs_pretrained_F0,F0_pretrained_seed42,F0_F3_probability_ensemble,ANFC_002651.png,frame_000053,-0.00252048738459143,-0.0038726859745785713,-0.014014949277360467,0.0075732321690423765,0.0016194610984491264,-0.00016784667968483546,0.0,-0.002501070764872937,-0.01552727601290349
Ensemble_vs_pretrained_F0,F0_pretrained_seed42,F0_F3_probability_ensemble,ANFC_002652.png,frame_000053,-0.0020453187408390194,-0.0030979083579060207,-0.018776404315635098,0.010586183426014473,0.002181080395600943,0.00013732910156039058,0.0,-0.0034738128610132257,0.013175937442445496
Ensemble_vs_pretrained_F0,F0_pretrained_seed42,F0_F3_probability_ensemble,ANFC_002653.png,frame_000053,0.010406530302081829,0.011960492803271938,-0.003960918932146562,0.01635265568729194,0.0028016648042429315,0.0024108886718381406,36.00351094081206,0.022214113244801825,0.0329604093850272
Ensemble_vs_pretrained_F0,F0_pretrained_seed42,F0_F3_probability_ensemble,ANFC_002668.png,frame_000075,0.006564364894711017,0.008967065261742402,-0.012884384124225323,0.03141916728306371,0.003449719500905224,0.001998901367156969,1.3801506560826775,0.02290004745849361,-0.002000098777515169
Ensemble_vs_pretrained_F0,F0_pretrained_seed42,F0_F3_probability_ensemble,ANFC_002669.png,frame_000075,0.00044890048944001837,0.0006974610318937202,-0.00911129800825472,0.008289436475545031,0.0015924112187666317,0.0004272460937434497,0.0,-0.0071356012593011275,0.007763680571345688
Ensemble_vs_pretrained_F0,F0_pretrained_seed42,F0_F3_probability_ensemble,ANFC_002709.png,frame_26,-0.008863043210471377,-0.013416070845784223,-0.06745493312003725,0.04828330742573972,0.013111666485328799,0.0004272460937434497,-0.03500868476562591,-0.023944793551263666,-0.020679599693708917
Ensemble_vs_pretrained_F0,F0_pretrained_seed42,F0_F3_probability_ensemble,ANFC_002710.png,frame_26,0.01212221403809477,0.01722131138369687,-0.07282241359720676,0.06288020858127785,0.022851870907814487,0.009460449218605671,-7.22018434468475,0.09977271870922633,0.11004517902054134
Ensemble_vs_pretrained_F0,F0_pretrained_seed42,F0_F3_probability_ensemble,ANFC_002711.png,frame_26,0.00640969354744203,0.009465430361952687,-0.05667492726466172,0.05195428279250203,0.015767487334178876,0.005508422851478456,-1.3395763435349233,0.021714721449057506,0.029351504795877226
Ensemble_vs_pretrained_F0,F0_pretrained_seed42,F0_F3_probability_ensemble,ANFC_002712.png,frame_26,0.03268476493417871,0.04362934695283449,-0.04197012713961601,0.06453450335152555,0.024166449028916848,0.015991210937256084,-5.373549153277194,0.039677026286585315,0.12136918104100597
Ensemble_vs_pretrained_F0,F0_pretrained_seed42,F0_F3_probability_ensemble,ANFC_002713.png,frame_26,0.021544333736002397,0.03121935488440264,-0.030091478089781964,0.05352831869788943,0.014800447333214506,0.0091094970701735,-1.339836928037836,0.0108347433655257,0.06035970474715879
Ensemble_vs_pretrained_F0,F0_pretrained_seed42,F0_F3_probability_ensemble,ANFC_002714.png,frame_26,0.03221690031932822,0.0448168799403863,-0.06503388419153089,0.08320629057062345,0.028393873084842203,0.016403198241937256,-5.675444679663241,0.049593115729190784,0.14697828727493145
Ensemble_vs_pretrained_F0,F0_pretrained_seed42,F0_F3_probability_ensemble,ANFC_002730.png,frame_52,0.0034184841160386226,0.00477754513813633,-0.005201560466449484,0.008369035212166143,0.0008645533141072859,0.0005798339843661182,0.0,0.015060722625752088,-0.009484185435861603
Ensemble_vs_pretrained_F0,F0_pretrained_seed42,F0_F3_probability_ensemble,ANFC_002731.png,frame_52,0.005935684305328981,0.00802197140035299,-0.006978838359527506,0.013248618481966457,0.0020623956525671616,0.0014495849609154066,-1.0,0.006932001378814889,0.042051369658825055
Ensemble_vs_pretrained_F0,F0_pretrained_seed42,F0_F3_probability_ensemble,ANFC_002732.png,frame_52,0.0006955852741020729,0.0010559105083538523,-0.01380208332973909,0.012472193245251284,0.001264263485456718,0.0003814697265566158,0.0,-0.007963632337507742,0.0008864084144035722
Ensemble_vs_pretrained_F0,F0_pretrained_seed42,F0_F3_probability_ensemble,ANFC_002733.png,frame_52,0.0004486968546255632,0.0006585764682195405,-0.00918253079301623,0.0061749329961887645,0.0010315861865528575,0.000335693359369893,-0.10436267825137513,0.013392783375870687,-0.0006833868931598319
Ensemble_vs_pretrained_F0,F0_pretrained_seed42,F0_F3_probability_ensemble,ANFC_002734.png,frame_52,-0.0018508592989545658,-0.002517350038252153,-0.0100488084955358,0.003993137196200203,0.0005801492272641262,1.5258789062277955e-05,0.0,0.002046027824820884,0.006306234983773695
Ensemble_vs_pretrained_F0,F0_pretrained_seed42,F0_F3_probability_ensemble,ANFC_002735.png,frame_52,0.00736266484198278,0.01148997864718826,-0.0004055150039729005,0.013061132005178222,0.0015345521747486268,0.0013885498046662947,-0.8382811440429911,0.024813055339752754,0.04590879056118513
Ensemble_vs_pretrained_F0,F0_pretrained_seed42,F0_F3_probability_ensemble,ANFC_002754.png,frame_8,0.000990314574979445,0.0014192400312655895,0.007202535290347867,-0.006302031198668567,-0.0004511399339329758,-4.5776367186722844e-05,0.7074530062379267,0.00010493999425642553,0.006258422319490142
Ensemble_vs_pretrained_F0,F0_pretrained_seed42,F0_F3_probability_ensemble,ANFC_002755.png,frame_8,-0.06937950903707002,-0.09522869891175578,-0.14125350788528834,0.023200423534386005,0.0016877504021942658,-0.002975463867142092,17.025085300788234,-0.12815203730115243,-0.193561669004908
Ensemble_vs_pretrained_F0,F0_pretrained_seed42,F0_F3_probability_ensemble,ANFC_002756.png,frame_8,0.008194489766663926,0.010953927988457623,0.014551333868350502,-0.0003902730320940462,-0.00019409623938226872,0.00064086914061523,-0.46458310388849533,0.007339917533486284,-0.005031438199811555
Ensemble_vs_pretrained_F0,F0_pretrained_seed42,F0_F3_probability_ensemble,ANFC_002758.png,frame_8,-0.007875984144834924,-0.009441419608537616,0.00034258307627865747,-0.014629859626068775,-0.0011179072775584498,-0.0010528564452964018,-1.427017287357332,-0.0013078179918794008,-0.024673795562316414
Ensemble_vs_pretrained_F0,F0_pretrained_seed42,F0_F3_probability_ensemble,ANFC_002759.png,frame_8,-0.018088293533098154,-0.020859692395078455,-0.04028719583554552,0.03403742011680955,0.0013327198590913358,-0.0002593994140586142,1.3603596088166157,-0.07049527673852785,-0.03952726121911121
Ensemble_vs_pretrained_F0,F0_pretrained_seed42,F0_F3_probability_ensemble,ANFC_002760.png,frame_8,-0.014973871526442029,-0.01931843571182068,0.01520036848678008,-0.02965643800653217,-0.0024934900970173812,-0.0019073486327834122,1.364466094067259,-0.021408127140373656,-0.032579044460517625
Ensemble_vs_pretrained_F0,F0_pretrained_seed42,F0_F3_probability_ensemble,ANFC_002761.png,frame_8,0.015567763333999673,0.021790463196602272,0.006176305442910479,0.020383546339668435,0.0010038428358403184,0.0011444091796700695,0.0,0.038511005037606405,0.02784983049046763
Ensemble_vs_pretrained_F0,F0_pretrained_seed42,F0_F3_probability_ensemble,ANFC_002762.png,frame_8,-0.014475454242423025,-0.018283944203048685,-0.012087401203120685,-0.014719618750267949,-0.00096237280112077,-0.001327514648417294,2.5440561115333598,-0.003927593935529883,-0.019662059257070874
Ensemble_vs_pretrained_F0,F0_pretrained_seed42,F0_F3_probability_ensemble,ANFC_002763.png,frame_8,-0.005875648171299375,-0.007306266540579198,-0.00739056281558248,-0.004871484520463598,-0.00018815560468210535,-0.00038146972655672684,-0.7801418471225556,-0.04678408205380491,-0.019547307019468607
Ensemble_vs_pretrained_F0,F0_pretrained_seed42,F0_F3_probability_ensemble,ANFC_002764.png,frame_8,-0.018274560727851274,-0.025555554859278407,0.013033707859310684,-0.03541544118433915,-0.0025430020059303837,-0.002014160156219247,1.4919113523491623,-0.014630772461646568,-0.031940590485467046
Ensemble_vs_pretrained_F0,F0_pretrained_seed42,F0_F3_probability_ensemble,ANFC_002765.png,frame_8,0.015764974493841843,0.02007154981030257,0.0004904364882342138,0.023451495888766827,0.0015748775532454795,0.0015411376952890743,-2.4423593323977144,0.011310224013889147,0.0298366005246139
Ensemble_vs_pretrained_F0,F0_pretrained_seed42,F0_F3_probability_ensemble,ANFC_002766.png,frame_8,0.00884961865054057,0.012248704211857198,0.02833283625758043,-0.014605870185861347,-0.0011578727304704106,0.00035095214843217093,-2.6559619604582974,0.004079300582447876,0.00010058566611370612
Ensemble_vs_pretrained_F0,F0_pretrained_seed42,F0_F3_probability_ensemble,ANFC_002767.png,frame_8,-0.002796789748337525,-0.003102163669311153,-0.00403361344402231,-0.001076786719964029,1.598439922612105e-05,-0.00016784667968483546,1.4049265984481565,-0.004639186865194933,-0.01309391517780567
Ensemble_vs_pretrained_F0,F0_pretrained_seed42,F0_F3_probability_ensemble,ANFC_002768.png,frame_A,0.041358650469796254,0.05916822138665656,-0.00991649269052286,0.06535039130951847,0.008475949695182172,0.00740051269519959,-3.5775724378893,0.10583636989797862,0.16882820888308886
Ensemble_vs_pretrained_F0,F0_pretrained_seed42,F0_F3_probability_ensemble,ANFC_002769.png,frame_A,0.05859099892546349,0.06883050867600793,-0.024181818177421488,0.07986952959927207,0.025551335864721914,0.021377563476236316,-6.798772426581536,0.21514279933023672,0.1628743153243138
Ensemble_vs_pretrained_F0,F0_pretrained_seed42,F0_F3_probability_ensemble,ANFC_002770.png,frame_A,0.036652753420583606,0.049722195981455664,-0.024310118260116087,0.06436618527643678,0.011349844185478908,0.008865356445177275,-9.488313787664897,0.017167112873467394,0.11809757432802687
Ensemble_vs_pretrained_F0,F0_pretrained_seed42,F0_F3_probability_ensemble,ANFC_002771.png,frame_A,0.014763065479970083,0.020842347116837745,-0.028706998806949713,0.047658704335482915,0.005593516087382899,0.0033874511718233746,-1.2456681787013757,0.10685670329025676,0.016021904449894653
Ensemble_vs_pretrained_F0,F0_pretrained_seed42,F0_F3_probability_ensemble,ANFC_002772.png,frame_A,0.060635982427830415,0.06263152996396065,-0.01600901916211739,0.06910006161945997,0.025367833586596555,0.02256774902309311,-8.0,0.5585828192064162,0.1354910730120798
Ensemble_vs_pretrained_F0,F0_pretrained_seed42,F0_F3_probability_ensemble,ANFC_002773.png,frame_A,0.06758277025015536,0.0784951063993678,-0.008479067300349974,0.08484867355721665,0.017794112884657265,0.016281127929439143,-8.973665961010276,0.14100635599195088,0.06252458323817778
Ensemble_vs_pretrained_F0,F0_pretrained_seed42,F0_F3_probability_ensemble,ANFC_002774.png,frame_A,0.027770694747877966,0.03775734548649046,-0.014358974355292542,0.051370958037565195,0.006570835226059946,0.005325317382731232,-4.56616417678743,0.08492154883695513,0.0943261231205903
Ensemble_vs_pretrained_F0,F0_pretrained_seed42,F0_F3_probability_ensemble,ANFC_002775.png,frame_A,0.07489009488673681,0.08746088536410129,-0.005925250682332406,0.09201595018936742,0.022764440373801875,0.02084350585905692,-3.0,0.13649760419659984,0.1432335241014402
Ensemble_vs_pretrained_F0,F0_pretrained_seed42,F0_F3_probability_ensemble,ANFC_002776.png,frame_A,0.03234204442040345,0.04074248096846955,-0.014400781055796674,0.049701376326921065,0.009082179071777108,0.007614135742071371,-5.3936557889652015,0.06328776966720384,0.08616875905727617
