comparison,control,candidate,filename,patient_id,delta_dice,delta_iou,delta_sensitivity,delta_precision,delta_specificity,delta_accuracy,delta_hd95,delta_cldice,delta_boundary_f1
F3_vs_scratch_baseline,TransUNet_scratch_seed42,F3_directional_multiscale_scratch_seed42,ANFC_000085.png,8_140724,-0.029849588830264562,-0.04350457631223925,-0.05703048180523729,0.0032313663863128284,0.003294475418080811,-0.009811401367037842,-1.3239558596657197,0.0010068972165055978,-0.06813472842639218
F3_vs_scratch_baseline,TransUNet_scratch_seed42,F3_directional_multiscale_scratch_seed42,ANFC_000086.png,8_140724,0.03147761389568782,0.03834529303622258,0.02281802623422191,0.03621909008865554,0.003304852490677024,0.004348754882746109,-3.1335089896846,-0.0787207629914708,0.06255386263057694
F3_vs_scratch_baseline,TransUNet_scratch_seed42,F3_directional_multiscale_scratch_seed42,ANFC_000089.png,8_140724,0.001241799723511794,0.0016812380130843962,0.003484648709409899,-0.00043394884513747733,-0.0003823882879860907,0.00024414062499622524,-0.8871591001581827,-0.005696221830175263,0.002954161877115724
F3_vs_scratch_baseline,TransUNet_scratch_seed42,F3_directional_multiscale_scratch_seed42,ANFC_000090.png,8_140724,0.008930392548192723,0.01476858506146228,0.0195620762454638,0.00020386192512167334,-0.0004775464723379974,0.00227355957027775,-0.4432736152956096,0.027026386878143405,0.06906878920863213
F3_vs_scratch_baseline,TransUNet_scratch_seed42,F3_directional_multiscale_scratch_seed42,ANFC_000091.png,8_140724,0.014246197012144801,0.020904076672533134,0.02780840376971594,0.003247846138717425,-0.0004008854339079271,0.0031127929687024825,-4.0,0.012559876996599884,0.033013738104281765
F3_vs_scratch_baseline,TransUNet_scratch_seed42,F3_directional_multiscale_scratch_seed42,ANFC_000092.png,8_140724,0.1670981822972742,0.15832129721025784,0.14405986899156226,0.18964864402254872,0.012000834282404726,0.018463134765343225,-7.094255196288827,0.23097117472585815,0.11143782370843858
F3_vs_scratch_baseline,TransUNet_scratch_seed42,F3_directional_multiscale_scratch_seed42,ANFC_000093.png,8_140724,-0.040532974509528086,-0.057453505866557175,0.02189001601513696,-0.09129730321725427,-0.0284356698215692,-0.019805908202822797,14.015745976181382,-0.06239096011920153,-0.07727855204418577
F3_vs_scratch_baseline,TransUNet_scratch_seed42,F3_directional_multiscale_scratch_seed42,ANFC_000094.png,8_140724,0.003958810183248396,0.005404377899938084,0.02731973850840863,-0.019938711759180383,-0.005914591133432512,-0.0007171630859265088,-1.7628507959430033,0.0018009784122556827,0.008334531352329089
F3_vs_scratch_baseline,TransUNet_scratch_seed42,F3_directional_multiscale_scratch_seed42,ANFC_000095.png,8_140724,-0.002142394322684038,-0.0029600819698711867,0.019603548349621747,-0.02280564532936369,-0.005673255916928022,-0.0021514892577796374,-1.237013576088449,0.009675457344976102,-0.015164288933479653
F3_vs_scratch_baseline,TransUNet_scratch_seed42,F3_directional_multiscale_scratch_seed42,ANFC_000096.png,8_140724,0.01240625994678679,0.015131416945673881,0.06733852495022019,-0.02468922724686895,-0.005819846329805145,-0.0009460449218605671,2.598694345138611,0.02878062602126008,0.003453019878806751
F3_vs_scratch_baseline,TransUNet_scratch_seed42,F3_directional_multiscale_scratch_seed42,ANFC_000097.png,8_140724,0.013997240182590631,0.016803154537264442,0.029544737669062737,-0.0037872452480421925,-0.002641677822353583,0.0020294189452815248,-3.0041634565979827,0.055326334077171246,-0.02688772943510931
F3_vs_scratch_baseline,TransUNet_scratch_seed42,F3_directional_multiscale_scratch_seed42,ANFC_000098.png,8_140724,0.014817151267263684,0.022714368852457256,0.03960508397190132,-0.012721105652747866,-0.0029617093293321517,0.0027618408202703115,-1.3834820081588264,0.022918139793075443,0.009075189166997455
F3_vs_scratch_baseline,TransUNet_scratch_seed42,F3_directional_multiscale_scratch_seed42,ANFC_000099.png,8_140724,-0.003343159180294264,-0.004979343019212434,0.036312264542035066,-0.041007533451089095,-0.009914255090926805,-0.0031738281249515943,-0.38516480713450374,0.0035030589529178036,-0.020318675094775807
F3_vs_scratch_baseline,TransUNet_scratch_seed42,F3_directional_multiscale_scratch_seed42,ANFC_000100.png,8_140724,-0.016612931601619918,-0.024446485624149528,-0.0181176109292005,-0.01521439152877302,-0.0016942547820053555,-0.003326416015574263,0.0,-0.004838359086471455,-0.034094300976575176
F3_vs_scratch_baseline,TransUNet_scratch_seed42,F3_directional_multiscale_scratch_seed42,ANFC_000101.png,8_140724,-0.021241316049388614,-0.029839396163791165,-0.012632563941622488,-0.029836159195344436,-0.008271361359685203,-0.009124755859235778,0.8309518948453007,-0.012655587625947318,-0.023990675864490774
F3_vs_scratch_baseline,TransUNet_scratch_seed42,F3_directional_multiscale_scratch_seed42,ANFC_000102.png,8_140724,0.022454993444971705,0.030553716834148315,0.08671634120160376,-0.04142409824474669,-0.010285358082658957,0.0012359619140437372,1.3397336999758807,-0.0015781663863493334,0.03431939812204132
F3_vs_scratch_baseline,TransUNet_scratch_seed42,F3_directional_multiscale_scratch_seed42,ANFC_000103.png,8_140724,-0.024516012878709526,-0.032698070341921515,0.0032059845039799084,-0.03652350942016669,-0.010645994831858019,-0.009063720702986666,6.751986644376043,-0.02857827722224593,-0.07412262092700539
F3_vs_scratch_baseline,TransUNet_scratch_seed42,F3_directional_multiscale_scratch_seed42,ANFC_000104.png,8_140724,-0.00793966381534661,-0.011871051002667388,0.0052161701268717,-0.021098345269804253,-0.004661039825711977,-0.0031585693358893163,0.4721359549995796,0.0017367100469559693,-0.00995856141971041
F3_vs_scratch_baseline,TransUNet_scratch_seed42,F3_directional_multiscale_scratch_seed42,ANFC_000105.png,8_140724,0.0012795410463086743,0.0015993457457503801,0.04608043625820302,-0.050622462763094234,-0.009570282297390653,-0.0033416748046365408,-2.7671202311796463,0.04267819137536699,0.03456260956071733
F3_vs_scratch_baseline,TransUNet_scratch_seed42,F3_directional_multiscale_scratch_seed42,ANFC_000106.png,8_140724,-0.014483397443010748,-0.020281929811848176,0.0025675373964537673,-0.029145223879952775,-0.006521969670074568,-0.005279541015544398,0.38516480713450374,-0.015966633836779875,-0.033162936420348066
F3_vs_scratch_baseline,TransUNet_scratch_seed42,F3_directional_multiscale_scratch_seed42,ANFC_000107.png,8_140724,0.01992524952119301,0.015274537212073641,-0.003097040605110679,0.12531568393892256,0.008505793315777499,0.007476806640510869,-28.5333899043032,0.05518598120059548,0.02915056264125343
F3_vs_scratch_baseline,TransUNet_scratch_seed42,F3_directional_multiscale_scratch_seed42,ANFC_000108.png,8_140724,0.01758680674702373,0.025724727175699402,0.03630363035917139,-0.0012674976997485432,-0.001478367739495945,0.003936767578064937,-1.9009804864072155,0.025985031844038997,0.0022886841426131843
F3_vs_scratch_baseline,TransUNet_scratch_seed42,F3_directional_multiscale_scratch_seed42,ANFC_000109.png,8_140724,-0.020760203032948232,-0.030666237717059786,-0.0039765195978078705,-0.032675753816077235,-0.0042486100737823,-0.004226684570247996,2.3851648071345037,-0.02954804847776804,-0.06245778491620457
F3_vs_scratch_baseline,TransUNet_scratch_seed42,F3_directional_multiscale_scratch_seed42,ANFC_000110.png,8_140724,-0.031393300501113997,-0.04820634068237084,0.01253968253769211,-0.06644491497766036,-0.010010804240495386,-0.007843017578005318,2.0,-0.047631091115089896,-0.06986288388619999
F3_vs_scratch_baseline,TransUNet_scratch_seed42,F3_directional_multiscale_scratch_seed42,ANFC_000111.png,8_140724,0.0029308579642775,0.004817133214842784,0.003013344812093588,0.0028466309445418503,0.00021349975365070328,0.00041198730468117173,-0.16227766016837952,-0.014650042516018313,-0.0014946294103225233
F3_vs_scratch_baseline,TransUNet_scratch_seed42,F3_directional_multiscale_scratch_seed42,ANFC_000112.png,8_140724,-0.008079119647250388,-0.010172106401098224,0.019057702486071193,-0.03812498395346131,-0.009056711415217134,-0.005004882812423617,-19.092666033954703,-0.01954348842367537,-0.02114548674077682
F3_vs_scratch_baseline,TransUNet_scratch_seed42,F3_directional_multiscale_scratch_seed42,ANFC_000113.png,8_140724,0.007402274857052027,0.011356312530481194,-0.00161867439072938,0.01570798259043371,0.00431242797121989,0.003250122070262984,-0.4017651320207918,0.03536619174825095,0.045782557293784
F3_vs_scratch_baseline,TransUNet_scratch_seed42,F3_directional_multiscale_scratch_seed42,ANFC_000115.png,8_1621490,0.015662117393422048,0.017294167553061845,0.020171537480912938,0.01277835403136729,0.002430790006711203,0.004135131835874439,1.0009865408319882,0.015594484170555534,0.0391606198904102
F3_vs_scratch_baseline,TransUNet_scratch_seed42,F3_directional_multiscale_scratch_seed42,ANFC_000116.png,8_1621490,-0.03644353073918072,-0.03243191843443893,-0.04295560185238734,-0.03157868836843791,-0.005312241765935699,-0.00889587402330172,0.07609504861154903,-0.04444014605628299,0.04995639954561312
F3_vs_scratch_baseline,TransUNet_scratch_seed42,F3_directional_multiscale_scratch_seed42,ANFC_000117.png,8_1621490,-0.036525021035201166,-0.0538645162342164,-0.008424448825199438,-0.06330342217927809,-0.015760050019938965,-0.014511108398216122,5.445889231813966,-0.035531820427006866,-0.030256697321074943
F3_vs_scratch_baseline,TransUNet_scratch_seed42,F3_directional_multiscale_scratch_seed42,ANFC_000118.png,8_1621490,0.0114454576434877,0.014356576242803731,-0.045560121485517246,0.03932950951664016,0.010794307545825,0.00598144531240874,-3.564778130443301,0.04987010445150175,-0.007175196219257218
F3_vs_scratch_baseline,TransUNet_scratch_seed42,F3_directional_multiscale_scratch_seed42,ANFC_000119.png,8_1621490,0.04682113327583537,0.05567142781953327,0.08564273788219656,0.013056213789788274,-0.0019984549759514136,0.006011962890533296,4.158740652402081,0.004731889146840751,0.01386793995405744
F3_vs_scratch_baseline,TransUNet_scratch_seed42,F3_directional_multiscale_scratch_seed42,ANFC_000120.png,8_1621490,0.011821054127266084,0.015782292685532773,0.009073768558911843,0.014744263469299912,0.002331288343517479,0.003204345703076039,2.954319002587429,0.009265225144738265,0.0022937451216112903
F3_vs_scratch_baseline,TransUNet_scratch_seed42,F3_directional_multiscale_scratch_seed42,ANFC_000123.png,8_1621490,0.02641296389042025,0.032509902441743344,0.05434614789959147,0.004086073117273159,-0.0019980019979681796,0.003570556640570488,0.031921062464860483,0.052095107026809195,0.01233535940600583
F3_vs_scratch_baseline,TransUNet_scratch_seed42,F3_directional_multiscale_scratch_seed42,ANFC_000124.png,8_1621490,0.04091715371762328,0.04884306436685559,0.040040040032024105,0.04180246451023084,0.003485241406592454,0.006271362304591799,0.5491246732177899,0.021100266579091587,0.07287764693769627
F3_vs_scratch_baseline,TransUNet_scratch_seed42,F3_directional_multiscale_scratch_seed42,ANFC_000125.png,8_1621490,-0.03845229205388023,-0.03843848022922142,-0.13692946055385702,0.12446152363108776,0.017809011988130452,0.005859374999910627,-5.723558175814475,0.04427564605176304,0.030808270372259083
F3_vs_scratch_baseline,TransUNet_scratch_seed42,F3_directional_multiscale_scratch_seed42,ANFC_000127.png,8_1621490,-0.03023644844802631,-0.03662695107056435,-0.0028310789547558723,-0.057583719810317846,-0.004057283063584549,-0.003997802734314049,-9.720389589636042,-0.04478588175990161,-0.009205848762973368
F3_vs_scratch_baseline,TransUNet_scratch_seed42,F3_directional_multiscale_scratch_seed42,ANFC_000128.png,8_1621490,-0.0029298096623354697,-0.00409779822347156,-0.0009291213165742995,-0.004857188993677153,-0.0007758353160102205,-0.0007934570312378986,-2.009016994374898,0.0007653234453128821,-0.0020413066866030727
F3_vs_scratch_baseline,TransUNet_scratch_seed42,F3_directional_multiscale_scratch_seed42,ANFC_000129.png,8_1621490,0.006483487819775036,0.008814213007301452,-0.0053800524202815,0.0170707330292994,0.003139636625608788,0.0021972656249664713,-1.0,0.02042968703927306,0.03776586699089535
F3_vs_scratch_baseline,TransUNet_scratch_seed42,F3_directional_multiscale_scratch_seed42,ANFC_000130.png,8_1621490,0.07336397772007319,0.08005950339004919,0.11614641100995948,0.014308880977676242,-0.003444491346501599,0.008071899413939376,-51.21040955705679,0.06560499847598456,0.08826468295739048
F3_vs_scratch_baseline,TransUNet_scratch_seed42,F3_directional_multiscale_scratch_seed42,ANFC_000131.png,8_1621490,0.0055396120491524314,0.005864394362170455,-0.03005115088873589,0.04691406012653765,0.006409834987732399,0.0037994384765045464,28.077162224655964,0.007227821283011471,-0.0027596718308273704
F3_vs_scratch_baseline,TransUNet_scratch_seed42,F3_directional_multiscale_scratch_seed42,ANFC_000133.png,8_1621490,0.05629285482934865,0.06654254147121363,0.07821366886794623,0.04164377847564271,0.0025372867296238333,0.007217407226452366,-7.97589723588051,0.003882184842798897,0.004805304492522922
F3_vs_scratch_baseline,TransUNet_scratch_seed42,F3_directional_multiscale_scratch_seed42,ANFC_000135.png,8_1621490,0.008738729818118074,0.011686627713155873,-0.026603498537426384,0.03223630371649244,0.006111777244768968,0.0033721923827610967,-2.011637490677318,0.020324759369027334,0.04660745810148381
F3_vs_scratch_baseline,TransUNet_scratch_seed42,F3_directional_multiscale_scratch_seed42,ANFC_000136.png,8_1621490,-0.020339437231725155,-0.027694086056071487,0.01833081733484343,-0.046609618608632,-0.006486149197745594,-0.0047302246093028355,2.4802318340403495,-0.011452160077653595,-0.009300109480371188
F3_vs_scratch_baseline,TransUNet_scratch_seed42,F3_directional_multiscale_scratch_seed42,ANFC_000137.png,8_1621490,-0.12202038619783329,-0.1621698873794054,-0.007402639199419858,-0.16959202601504197,-0.01893350846531361,-0.018386840820031947,62.04841327934297,-0.1753802866326698,-0.12715962213187093
F3_vs_scratch_baseline,TransUNet_scratch_seed42,F3_directional_multiscale_scratch_seed42,ANFC_000361.png,8_55896,0.014619185870547557,0.016493504908762335,-0.017517653446833537,0.0305126855110347,0.011053427765745472,0.007843017578005318,4.420500609966723,0.029574018017476944,0.07581113807617751
F3_vs_scratch_baseline,TransUNet_scratch_seed42,F3_directional_multiscale_scratch_seed42,ANFC_000362.png,8_55896,0.013110197169843296,0.01787693134292323,-0.004347826086056328,0.02183721947626449,0.0036734424932679532,0.0030822753905780376,-5.293996255858058,0.004449647450973759,0.0775438462504221
F3_vs_scratch_baseline,TransUNet_scratch_seed42,F3_directional_multiscale_scratch_seed42,ANFC_000363.png,8_55896,-0.051502204651017625,-0.062178751981891045,-0.03217158176512447,-0.07055964967007444,-0.011175012052979327,-0.013565063476355443,26.869984306432457,-0.05627200656322706,-0.10044373036943899
F3_vs_scratch_baseline,TransUNet_scratch_seed42,F3_directional_multiscale_scratch_seed42,ANFC_000364.png,8_55896,-0.04453293154046478,-0.041965462999868086,-0.03872985325024547,-0.04985135458560519,-0.004301145342799573,-0.006484985351463579,26.052915909931528,-0.03148256697037599,-0.017630082170021488
F3_vs_scratch_baseline,TransUNet_scratch_seed42,F3_directional_multiscale_scratch_seed42,ANFC_000365.png,8_55896,0.05428124393053502,0.04434854035480407,0.1723179543233363,-0.06082086434033618,-0.010307984373122303,-0.005294799804606676,-31.240671058687937,0.019213278389902666,0.015264282784339389
F3_vs_scratch_baseline,TransUNet_scratch_seed42,F3_directional_multiscale_scratch_seed42,ANFC_000366.png,8_55896,-0.03046786409212654,-0.03408445615166983,0.004972032317592023,-0.05072615035515127,-0.01619383903539351,-0.01359558105448,9.64994886653502,-0.03313744860102785,-0.047371094267295744
F3_vs_scratch_baseline,TransUNet_scratch_seed42,F3_directional_multiscale_scratch_seed42,ANFC_000367.png,8_55896,0.1329296716310514,0.1087720341343997,0.14168797951548368,0.11916036127960972,0.0056141174103732094,0.01779174804660355,-27.714565830023574,0.0808827133711052,0.03366505496287758
F3_vs_scratch_baseline,TransUNet_scratch_seed42,F3_directional_multiscale_scratch_seed42,ANFC_000368.png,8_55896,-0.025066854089959012,-0.03499450713825902,-0.014838859260973947,-0.03734458932272755,-0.005675628184753534,-0.006881713867082473,1.8144379426726776,-0.014696647618105962,-0.04652107613902179
F3_vs_scratch_baseline,TransUNet_scratch_seed42,F3_directional_multiscale_scratch_seed42,ANFC_000369.png,8_55896,0.007332045127604325,0.00927523528542984,0.027511961711518262,-0.00739924135432668,-0.000999555752982828,9.155273437355671e-05,0.48984038884804093,0.00445593608370487,-0.012740553665412269
F3_vs_scratch_baseline,TransUNet_scratch_seed42,F3_directional_multiscale_scratch_seed42,ANFC_000370.png,8_55896,0.009545109461804535,0.010827266458278029,0.04283801873016391,-0.02034297245233041,-0.003349460364664769,-0.0007171630859265088,1.129190239286963,0.0504322541401806,0.026718679541769874
F3_vs_scratch_baseline,TransUNet_scratch_seed42,F3_directional_multiscale_scratch_seed42,ANFC_000371.png,8_55896,0.03475040201595214,0.04150175913081333,0.07872602892466907,-0.024545761328604865,-0.00826577650597382,0.003570556640570488,-42.60752507122184,0.05675521473811074,0.03759134170601253
F3_vs_scratch_baseline,TransUNet_scratch_seed42,F3_directional_multiscale_scratch_seed42,ANFC_000372.png,8_55896,0.023784193570990375,0.03221670509909158,0.049037196501729774,-0.009559561264857575,-0.0027984258853904764,0.0038146972655668243,-1.6508260701071116,0.007134066668485706,0.02501129440579475
F3_vs_scratch_baseline,TransUNet_scratch_seed42,F3_directional_multiscale_scratch_seed42,ANFC_000373.png,8_55896,0.059585225445743295,0.07517556020543315,0.08647601685240103,0.011042769207167735,-0.0007575891047982841,0.010925292968583356,-9.511194479973227,0.02778276234908461,0.02243480613941029
F3_vs_scratch_baseline,TransUNet_scratch_seed42,F3_directional_multiscale_scratch_seed42,ANFC_000374.png,8_55896,0.02322765756800116,0.029039481133471656,0.017671873216546397,0.029894537059635518,0.0045979036377240545,0.0063476562499031886,-10.047414448823066,0.016601442228074692,-0.012570518076691461
F3_vs_scratch_baseline,TransUNet_scratch_seed42,F3_directional_multiscale_scratch_seed42,ANFC_000375.png,8_55896,0.05297872232911416,0.07096449178935049,0.10286544300767653,0.002889002438584032,-0.003329710332396041,0.008941650390488554,-13.29033065615289,0.05352208537348935,0.02039966327901832
F3_vs_scratch_baseline,TransUNet_scratch_seed42,F3_directional_multiscale_scratch_seed42,ANFC_000376.png,8_55896,-0.018817587889520593,-0.02326166408301522,-0.022928870289049663,-0.015136975087992721,-0.0013263712832000119,-0.003295898437449707,13.786077530713113,-0.022866264985952456,-0.03847798397977786
F3_vs_scratch_baseline,TransUNet_scratch_seed42,F3_directional_multiscale_scratch_seed42,ANFC_000377.png,8_55896,-0.08131687448912117,-0.10752972815394102,-0.12264302979490038,-0.04162419148606389,-0.0018202963037565745,-0.013259887695110106,21.714592441526605,-0.07927884387187378,-0.04516782389370211
F3_vs_scratch_baseline,TransUNet_scratch_seed42,F3_directional_multiscale_scratch_seed42,ANFC_000378.png,8_55896,0.003141354863620771,0.004289305944565669,0.08734379153319016,-0.08803058650628703,-0.01634088323479943,-0.004440307617119776,2.8758384024499843,0.0063492491191502465,0.006888531001969844
F3_vs_scratch_baseline,TransUNet_scratch_seed42,F3_directional_multiscale_scratch_seed42,ANFC_000379.png,8_55896,-0.03521121238399194,-0.0439969083614723,0.009770471462504648,-0.06339230064788415,-0.01360682372032207,-0.011306762695139971,21.63876961001146,-0.03515472680682219,-0.02118130516680461
F3_vs_scratch_baseline,TransUNet_scratch_seed42,F3_directional_multiscale_scratch_seed42,ANFC_000380.png,8_55896,-0.006457087302491504,-0.008728890361913932,0.10242440750443693,-0.10455496524103292,-0.022201601539296068,-0.008239746093624212,13.851436707543144,0.011907906611624441,-0.004747323519250668
F3_vs_scratch_baseline,TransUNet_scratch_seed42,F3_directional_multiscale_scratch_seed42,ANFC_000381.png,8_55896,-0.05726819990048271,-0.07036038790136434,-0.06108255215284508,-0.050088734059368756,-0.0040392383149919775,-0.009796142577975564,38.295314974309555,-0.06697927092872347,-0.06681728460326097
F3_vs_scratch_baseline,TransUNet_scratch_seed42,F3_directional_multiscale_scratch_seed42,ANFC_000382.png,8_55896,0.07525179447380459,0.09494308881916957,0.140122337999533,-0.016766030232054585,-0.007864851519928995,0.012069702148253314,-7.397860461094545,0.09093242042252903,0.015879952406181674
F3_vs_scratch_baseline,TransUNet_scratch_seed42,F3_directional_multiscale_scratch_seed42,ANFC_000383.png,8_55896,0.02450259037672653,0.02598954616330723,0.03845712317317673,0.015558101364309906,0.0008446986361487774,0.005844116210848238,-7.344319829456921,0.06541383795000688,-0.007863550494046578
F3_vs_scratch_baseline,TransUNet_scratch_seed42,F3_directional_multiscale_scratch_seed42,ANFC_000384.png,8_55896,0.11686072142217829,0.126046220461345,0.10698757762313871,0.12318487185857185,0.01819074048974223,0.026916503905839217,-16.79213030820149,0.16475124773835226,0.11107402364123525
F3_vs_scratch_baseline,TransUNet_scratch_seed42,F3_directional_multiscale_scratch_seed42,ANFC_000385.png,8_55896,-0.09375908074367334,-0.09926724696678602,0.05372132061907031,-0.14138123275697606,-0.014572777611969179,-0.012710571288868544,20.580535611164507,-0.1958798835148267,-0.04923730235988294
F3_vs_scratch_baseline,TransUNet_scratch_seed42,F3_directional_multiscale_scratch_seed42,ANFC_000386.png,8_55896,-0.01379014243792176,-0.017028805324466934,-0.009305571709979588,-0.018113006158433254,-0.0033193417516408363,-0.004104614257749883,0.07978443523004586,-0.0072714310816253125,-0.0012230269200129706
F3_vs_scratch_baseline,TransUNet_scratch_seed42,F3_directional_multiscale_scratch_seed42,ANFC_000387.png,8_55896,0.025271026596913382,0.02723045968789861,0.03762711863131285,0.018946028915297508,0.0014060652541877383,0.0030364990233910927,2.2882409905591317,0.0032023995081458256,-0.0378991574294299
F3_vs_scratch_baseline,TransUNet_scratch_seed42,F3_directional_multiscale_scratch_seed42,ANFC_000388.png,8_55896,-0.01657866881820691,-0.02048694044400623,-0.009349955474321048,-0.019169273278121235,-0.0029159294934323343,-0.0033569335936987077,-3.8619627622503288,0.0010193600786858603,-0.05664212508674049
F3_vs_scratch_baseline,TransUNet_scratch_seed42,F3_directional_multiscale_scratch_seed42,ANFC_000389.png,8_55896,0.013847569950614536,0.010236520502433288,0.07969543143162672,0.005514539601891522,-0.005647673284371435,-0.0030822753905779265,-2.970502974613595,0.03792353604227838,0.013855737714186772
F3_vs_scratch_baseline,TransUNet_scratch_seed42,F3_directional_multiscale_scratch_seed42,ANFC_000423.png,8_56826,-0.04906276778475993,-0.05906569761439828,-0.03802215051556457,-0.0554062684422586,-0.018106493554197245,-0.021591186523107986,43.78598327807054,-0.06456801797323486,-0.061602122324445396
F3_vs_scratch_baseline,TransUNet_scratch_seed42,F3_directional_multiscale_scratch_seed42,ANFC_000425.png,8_56826,-0.0025799279720783996,-0.003694848934541972,-0.00609032258033082,0.000903147847143515,0.0010398388249596158,-0.0010681152343586797,0.0,0.002082323491899074,0.01881026763054716
F3_vs_scratch_baseline,TransUNet_scratch_seed42,F3_directional_multiscale_scratch_seed42,ANFC_000426.png,8_56826,-9.33512889149668e-05,-0.00010163015650332952,-0.005159786950446166,0.009124989976979858,0.004020037043188651,0.0014953613281022404,18.48899668962628,0.014276013043815206,-0.0043728356304857385
F3_vs_scratch_baseline,TransUNet_scratch_seed42,F3_directional_multiscale_scratch_seed42,ANFC_000427.png,8_56826,0.00983562715517905,0.01309463634154262,-0.016586486679357693,0.039004586634217575,0.013776666860164322,0.0073242187498882005,0.2797937638205372,-0.00822048601829839,0.003711150193917323
F3_vs_scratch_baseline,TransUNet_scratch_seed42,F3_directional_multiscale_scratch_seed42,ANFC_000428.png,8_56826,0.035206059483795404,0.044743463045182064,0.07504709030682588,-0.017118456480667232,-0.006853144330702943,0.005752563476474792,-3.9779464476737676,0.0356150406685799,0.016239594906360844
F3_vs_scratch_baseline,TransUNet_scratch_seed42,F3_directional_multiscale_scratch_seed42,ANFC_000429.png,8_56826,0.03430566849907568,0.04845016787717793,0.007415918110777575,0.05444085064586435,0.01370572888721433,0.012786865234179934,1.19295358770108,0.03688584772577519,0.0520243280864654
F3_vs_scratch_baseline,TransUNet_scratch_seed42,F3_directional_multiscale_scratch_seed42,ANFC_000430.png,8_56826,-0.026364155072283957,-0.038774341908300536,-0.03661848444707683,-0.016783937056518372,-0.002771567413706877,-0.008666992187367661,-1.2594213484055103,-0.0375246936129644,-0.04573672117838978
F3_vs_scratch_baseline,TransUNet_scratch_seed42,F3_directional_multiscale_scratch_seed42,ANFC_000433.png,8_56826,-0.013866792777915693,-0.02074166639263786,-0.03188896411429332,0.006455110458134183,0.003427490840258729,-0.004531860351493333,16.05274400718016,-0.04334775339816177,-0.06937949790798248
F3_vs_scratch_baseline,TransUNet_scratch_seed42,F3_directional_multiscale_scratch_seed42,ANFC_000434.png,8_56826,0.025957938825602378,0.026578881332604498,-0.042130566796289126,0.04992297168843485,0.02894225430266273,0.020370483398126638,0.8125171513554079,0.017450694749358897,-0.0031900822598528444
F3_vs_scratch_baseline,TransUNet_scratch_seed42,F3_directional_multiscale_scratch_seed42,ANFC_000435.png,8_56826,0.003331930059632948,0.003443410593601648,0.07617187499124867,-0.022763460252865797,-0.024405264639210222,-0.011047363281081468,8.276700776473326,0.004365152309613762,0.0220943118192769
F3_vs_scratch_baseline,TransUNet_scratch_seed42,F3_directional_multiscale_scratch_seed42,ANFC_000436.png,8_56826,-0.0033541213849304086,-0.004914539365591275,0.030224732602438187,-0.030794427760302945,-0.017343641346231786,-0.005264282226482231,-0.675444679663241,0.007401356732616549,-0.045846173876041174
F3_vs_scratch_baseline,TransUNet_scratch_seed42,F3_directional_multiscale_scratch_seed42,ANFC_000438.png,8_56826,-0.0022453212293805924,-0.0032797195373233112,-0.002741603838036566,-0.0018816759344567613,-0.0005533823108376801,-0.000991821289047401,1.0179594302983448,-0.007839539742728885,-0.019038528852130976
F3_vs_scratch_baseline,TransUNet_scratch_seed42,F3_directional_multiscale_scratch_seed42,ANFC_000439.png,8_56826,-0.00415539215100702,-0.006239025480830662,-0.010294303397101578,0.0015618262657278725,0.0012876745402340406,-0.0015106201171644074,-0.3178210632763534,-0.012791238274682759,0.0007188277004200883
F3_vs_scratch_baseline,TransUNet_scratch_seed42,F3_directional_multiscale_scratch_seed42,ANFC_000440.png,8_56826,0.0005671384479459807,0.0008989577486524514,-0.004355008259171345,0.005004956912741054,0.0017618445746339084,0.0005187988281171174,1.142524120015219,-0.005826670580017179,0.006439032291275293
F3_vs_scratch_baseline,TransUNet_scratch_seed42,F3_directional_multiscale_scratch_seed42,ANFC_000441.png,8_56826,-0.004220941607236406,-0.006132860847038457,-0.006839763596066195,-0.001925563401577679,-0.0002575430393989553,-0.0017700195312230216,3.1569029197646774,-0.01792207889369346,-0.010483352331058682
F3_vs_scratch_baseline,TransUNet_scratch_seed42,F3_directional_multiscale_scratch_seed42,ANFC_000445.png,8_56826,-0.3586819913455918,-0.22402279422000768,-0.3855363982827891,-0.33494726083655896,-0.0061625267934976025,-0.018249511718471445,2.8733809951991987,-0.3676746224203874,-0.16552174999362174
F3_vs_scratch_baseline,TransUNet_scratch_seed42,F3_directional_multiscale_scratch_seed42,ANFC_000446.png,8_56826,0.11715153943145917,0.1416882794059477,0.024747324611716137,0.1906313857015428,0.07895545314748553,0.06782531738177755,-9.720562748477143,0.07141026334271061,0.0007785467406764557
F3_vs_scratch_baseline,TransUNet_scratch_seed42,F3_directional_multiscale_scratch_seed42,ANFC_000447.png,8_56826,-0.019131422018063837,-0.025805208111010836,0.024000655306028795,-0.04256552645828138,-0.021658415841178003,-0.013153076171674272,8.442358807800588,-0.03686396780011947,-0.017186745022969685
F3_vs_scratch_baseline,TransUNet_scratch_seed42,F3_directional_multiscale_scratch_seed42,ANFC_000448.png,8_56826,0.005781364220910357,0.00808767480946826,0.0018083182637629314,0.008942396728825353,0.0015424957581101628,0.0015716552734135192,-2.7130518504722296,0.03977270174249736,0.014936065888443317
F3_vs_scratch_baseline,TransUNet_scratch_seed42,F3_directional_multiscale_scratch_seed42,ANFC_000449.png,8_56826,0.045800444251055894,0.06602216356144075,-0.014241252474371358,0.09374356542727047,0.026741667121279677,0.020111083984068134,-30.205262752974143,0.05481439783342734,0.020624568100474527
F3_vs_scratch_baseline,TransUNet_scratch_seed42,F3_directional_multiscale_scratch_seed42,ANFC_000450.png,8_56826,-0.013059116705929852,-0.01803798161437864,-0.03577981651077733,0.0033463333844797605,0.004089941358755289,-0.003204345703076039,7.827237682966855,-0.0027406838985819526,-0.03345771111421758
F3_vs_scratch_baseline,TransUNet_scratch_seed42,F3_directional_multiscale_scratch_seed42,ANFC_000451.png,8_56826,-0.015125990083828866,-0.022495715432489294,-0.010919481578638646,-0.01870050720288352,-0.0039291673393987425,-0.004974365234299061,0.8768943743823394,-0.01577918561597158,-0.021074777136227185
F3_vs_scratch_baseline,TransUNet_scratch_seed42,F3_directional_multiscale_scratch_seed42,ANFC_000452.png,8_56826,-0.00281305765408002,-0.003863269816942738,-0.0025617378827172965,-0.002968150028279659,-0.0006633558635160686,-0.0009460449218605671,1.36985418726535,-0.021796776572018173,-0.010942058759977669
F3_vs_scratch_baseline,TransUNet_scratch_seed42,F3_directional_multiscale_scratch_seed42,ANFC_000453.png,8_56826,0.07059930981359663,0.09132571207104945,-0.02327283372024691,0.11730145549018589,0.030423821204169643,0.024826049804308692,-15.80047907374167,0.043297766177994856,0.030602874016085413
F3_vs_scratch_baseline,TransUNet_scratch_seed42,F3_directional_multiscale_scratch_seed42,ANFC_000454.png,8_56826,0.07303111703722487,0.08394376870636278,-0.0051858254094239165,0.1236927277865183,0.019012280816657734,0.017303466796610878,-30.75649864112573,0.0633689832077422,0.05692833190675484
F3_vs_scratch_baseline,TransUNet_scratch_seed42,F3_directional_multiscale_scratch_seed42,ANFC_000455.png,8_56826,-0.07104828909162064,-0.07584708556513159,-0.038689708527549826,-0.10167552688538983,-0.0090984284531197,-0.010848999023271855,17.340032774262305,-0.008819972639105167,-0.14209247035413985
F3_vs_scratch_baseline,TransUNet_scratch_seed42,F3_directional_multiscale_scratch_seed42,ANFC_000456.png,8_56826,0.029780996437669627,0.04008619232759514,0.036079374619834126,0.024977690541875486,0.003984551126265168,0.008056640624877098,-4.78970195269811,0.0658680334495213,0.021200555257028242
F3_vs_scratch_baseline,TransUNet_scratch_seed42,F3_directional_multiscale_scratch_seed42,ANFC_000457.png,8_56826,0.026404705622005253,0.03639090740207007,0.03988713607286298,0.014823295645493673,0.0011777135038504305,0.005783081054599237,-16.98789039260059,0.041425248997672526,0.07112227845065933
F3_vs_scratch_baseline,TransUNet_scratch_seed42,F3_directional_multiscale_scratch_seed42,ANFC_000458.png,8_56826,-0.07792282946247298,-0.0737164113605277,-0.044215626883865156,-0.1692991675223976,-0.008137596355278887,-0.010864257812334244,15.767306454062854,-0.0683630918973892,-0.1083229945544375
F3_vs_scratch_baseline,TransUNet_scratch_seed42,F3_directional_multiscale_scratch_seed42,ANFC_000459.png,8_56826,-0.04647879854652592,-0.053473446992312657,0.010570195025968454,-0.08767094979652967,-0.019279484519980294,-0.01622009277319003,0.4430234146220968,-0.03168511186564216,0.0028392381056401295
F3_vs_scratch_baseline,TransUNet_scratch_seed42,F3_directional_multiscale_scratch_seed42,ANFC_000460.png,8_56826,-0.0077570280191870955,-0.011704099041419003,-0.003142857142557909,-0.012485903847438307,-0.002652809070378459,-0.0027313232421457556,0.0,-0.005659440028555673,-0.013330223104404348
F3_vs_scratch_baseline,TransUNet_scratch_seed42,F3_directional_multiscale_scratch_seed42,ANFC_000461.png,8_56826,0.018202823997817252,0.0223884541527396,-0.001780943900040577,0.02862316435014778,0.008461205028028385,0.007232666015514644,-6.521993020924317,0.020492159391288456,-0.0011226632892202826
F3_vs_scratch_baseline,TransUNet_scratch_seed42,F3_directional_multiscale_scratch_seed42,ANFC_000462.png,8_56826,0.0016300589603868154,0.0022578438015278257,-0.007848033531806964,0.007646651518595449,0.003387147248800848,0.0014648437499776845,-5.416487838947599,0.009553130644216923,-0.026433864336973367
F3_vs_scratch_baseline,TransUNet_scratch_seed42,F3_directional_multiscale_scratch_seed42,ANFC_000463.png,8_56826,-0.006783363682226318,-0.009779312634842996,0.008183864147296993,-0.017883230604002875,-0.008511391111031164,-0.004776000976489669,-0.819660112501051,0.03469412243389547,-0.010387929354062853
F3_vs_scratch_baseline,TransUNet_scratch_seed42,F3_directional_multiscale_scratch_seed42,ANFC_000464.png,8_56826,0.07011245849870829,0.09239213354581621,0.03250625119902806,0.09866360527436169,0.027023105661666658,0.02789306640582445,2.0532470007899803,0.01999251888725828,0.04274925515952266
F3_vs_scratch_baseline,TransUNet_scratch_seed42,F3_directional_multiscale_scratch_seed42,ANFC_000465.png,8_56826,0.05265587871232014,0.062297000775411004,0.010157303369873416,0.06820729404775783,0.034864273767531206,0.03067016601515704,-0.4457861432217669,0.027682568555426834,0.018502742634843306
F3_vs_scratch_baseline,TransUNet_scratch_seed42,F3_directional_multiscale_scratch_seed42,ANFC_000466.png,8_56826,0.005241249741685827,0.008286194374302447,0.006571027286989772,0.003985519698022522,0.0016228070175082765,0.0031280517577647604,0.0,0.02895840083913459,0.004509199938921071
F3_vs_scratch_baseline,TransUNet_scratch_seed42,F3_directional_multiscale_scratch_seed42,ANFC_000467.png,8_56826,0.03751645989164476,0.03765291218101979,0.06420927466452508,0.0257552486835525,0.0036054996807907136,0.01060485839827574,6.273229978879989,0.07372700887419747,0.04343357270889925
F3_vs_scratch_baseline,TransUNet_scratch_seed42,F3_directional_multiscale_scratch_seed42,ANFC_000468.png,8_56826,0.01168948496710931,0.01777056398187804,0.01090221381628087,0.012371190725365855,0.0051305774001191295,0.0067138671873976374,-2.23606797749979,0.0029572394548068592,0.009997788138900732
F3_vs_scratch_baseline,TransUNet_scratch_seed42,F3_directional_multiscale_scratch_seed42,ANFC_000470.png,8_56826,-0.0024347361338861173,-0.0036399312970218922,-0.00779380597471846,0.002952465333436405,0.001414288239772632,-0.000640869140615119,4.986391694843833,-0.007476000070755107,0.013841185005895595
F3_vs_scratch_baseline,TransUNet_scratch_seed42,F3_directional_multiscale_scratch_seed42,ANFC_000471.png,8_56826,0.007060707013417766,0.01153683486075685,0.00733441991351802,0.006788345824211617,0.001748722087671517,0.002899169921830813,-0.5175543501536715,0.005716701067233765,0.022551935363016584
F3_vs_scratch_baseline,TransUNet_scratch_seed42,F3_directional_multiscale_scratch_seed42,ANFC_000472.png,8_58452,-0.0016597481093771904,-0.0016807937504141335,0.0332597730086287,-0.0083734303109127,-0.009393161237846392,-0.00526428222648212,-0.3474491066461667,-0.010968864213433682,0.04537986751382095
F3_vs_scratch_baseline,TransUNet_scratch_seed42,F3_directional_multiscale_scratch_seed42,ANFC_000473.png,8_58452,-0.03439542438837939,-0.04324354726754076,0.009652768466328898,-0.051373361563986086,-0.017218520240074087,-0.01416015624978395,17.933327779106165,-0.07645906794055612,-0.008576339260329191
F3_vs_scratch_baseline,TransUNet_scratch_seed42,F3_directional_multiscale_scratch_seed42,ANFC_000474.png,8_58452,-0.0029874831666397705,-0.0035632090231807467,0.006526806525285145,-0.006692830679877804,-0.0016001044965940903,-0.0010681152343587907,-27.090612016777566,-0.00454452449004239,-0.029468267477149812
F3_vs_scratch_baseline,TransUNet_scratch_seed42,F3_directional_multiscale_scratch_seed42,ANFC_000475.png,8_58452,0.025905644833628005,0.024321293142161915,0.18818329839772419,-0.06929828864530763,-0.02780998415944913,-0.013641357421666833,10.071218272923318,0.04881045725999433,0.04602557160411508
F3_vs_scratch_baseline,TransUNet_scratch_seed42,F3_directional_multiscale_scratch_seed42,ANFC_000476.png,8_58452,-0.03130250220528419,-0.03161462144611393,0.05018106569449288,-0.07547513999407385,-0.03255830046307251,-0.022796630859027167,-8.624665957095338,-0.025942491503070597,-0.04020674437740607
F3_vs_scratch_baseline,TransUNet_scratch_seed42,F3_directional_multiscale_scratch_seed42,ANFC_000477.png,8_58452,-0.02829870510527016,-0.022560145860220593,0.00029377203281621966,-0.022582215417059126,-0.017993948367701074,-0.017044067382552486,-1.2814350441356908,-0.019813263993806174,0.04557246511072499
F3_vs_scratch_baseline,TransUNet_scratch_seed42,F3_directional_multiscale_scratch_seed42,ANFC_000478.png,8_58452,0.006798197916673021,0.009131904840597893,-0.055072156191100174,0.06676103363410024,0.01742942686025406,0.0070037841795805855,-16.193721917079642,0.005325390415436115,-0.051610020002619494
F3_vs_scratch_baseline,TransUNet_scratch_seed42,F3_directional_multiscale_scratch_seed42,ANFC_000479.png,8_58452,-0.00014514939697485296,-0.0001951805448342503,0.04846870838451223,-0.029740437668138275,-0.0158095483772952,-0.00476074218742728,-0.7431510378545934,-0.011022157637603724,-0.024571579914019814
F3_vs_scratch_baseline,TransUNet_scratch_seed42,F3_directional_multiscale_scratch_seed42,ANFC_000480.png,8_58452,-0.010416244796526364,-0.013529629908780372,0.004015086993063077,-0.020466825119755505,-0.00525149606564812,-0.0040893554686876055,1.670447838542227,-0.011679296384510374,-0.023341962154063478
F3_vs_scratch_baseline,TransUNet_scratch_seed42,F3_directional_multiscale_scratch_seed42,ANFC_000481.png,8_58452,0.014727621486584908,0.018342600413256305,-0.02294636795343563,0.043348403594962726,0.010486324800837443,0.006729125976459804,36.82840897511784,0.025132776520239597,0.01936871897157022
F3_vs_scratch_baseline,TransUNet_scratch_seed42,F3_directional_multiscale_scratch_seed42,ANFC_000482.png,8_58452,-0.05507510778377156,-0.058119371197460024,-0.021433282037652934,-0.08032392498061347,-0.02296325170943403,-0.022750854491840333,8.026863168837497,-0.013449782738078842,-0.06602207644092961
F3_vs_scratch_baseline,TransUNet_scratch_seed42,F3_directional_multiscale_scratch_seed42,ANFC_000483.png,8_58452,0.03669435567340662,0.03381700438255508,0.018041237104102548,0.033979723992849764,0.005597836341820317,0.005966186523346462,-22.391039071923814,0.039666684538957275,0.00887864646276193
F3_vs_scratch_baseline,TransUNet_scratch_seed42,F3_directional_multiscale_scratch_seed42,ANFC_000484.png,8_58452,0.008056497092306714,0.012031384250270949,0.024469489285768198,-0.008141800871161342,-0.002549966778556123,0.0015106201171644074,0.0,0.017182861513104775,-0.005445026965937183
F3_vs_scratch_baseline,TransUNet_scratch_seed42,F3_directional_multiscale_scratch_seed42,ANFC_000485.png,8_58452,0.018968936613407927,0.025389099454514397,0.02077354106590501,0.017142904977130113,0.0020096532059634686,0.004104614257749883,-5.083041367769033,0.032225202739138314,0.029826282330313703
F3_vs_scratch_baseline,TransUNet_scratch_seed42,F3_directional_multiscale_scratch_seed42,ANFC_000486.png,8_58452,0.030719057325518717,0.03818089293850335,0.041293213821816055,0.02050714067483539,0.001383079206561444,0.005187988281170841,-0.951167502105033,0.018642468137440193,0.03922345429883978
F3_vs_scratch_baseline,TransUNet_scratch_seed42,F3_directional_multiscale_scratch_seed42,ANFC_000487.png,8_58452,-0.05280728528922929,-0.05884274982728954,-0.08549000366914139,-0.02195711026083491,0.001585835526173529,-0.00924682617173389,9.751537770720738,-0.06708270259616367,-0.04862714176804961
F3_vs_scratch_baseline,TransUNet_scratch_seed42,F3_directional_multiscale_scratch_seed42,ANFC_000488.png,8_58452,0.00514483850410985,0.007690657061929507,0.009127516777298395,0.0010486049213519477,-5.164755706965618e-05,0.000991821289047401,-0.5175543501536715,0.0022884113454723076,0.01232025489446864
F3_vs_scratch_baseline,TransUNet_scratch_seed42,F3_directional_multiscale_scratch_seed42,ANFC_000489.png,8_58452,-0.0031915848814700887,-0.004271019887598371,0.044239508146987516,-0.034485661201539286,-0.010145726392494114,-0.003936767578064937,0.0,0.00474125965903982,-0.016427363651264848
F3_vs_scratch_baseline,TransUNet_scratch_seed42,F3_directional_multiscale_scratch_seed42,ANFC_000491.png,8_58452,-0.0036636908395109025,-0.004291738423570668,-0.008071913408902565,0.0026939716481669818,0.000499292668711071,-0.00021362304687178035,-33.60420853243727,0.00628489927689746,-0.03148923352309596
F3_vs_scratch_baseline,TransUNet_scratch_seed42,F3_directional_multiscale_scratch_seed42,ANFC_000493.png,8_58452,-0.006036924951120293,-0.008290357435284057,0.018155314071275463,-0.02316812575963234,-0.0057596137264053215,-0.003005981445266648,6.169048105154699,-0.01198957091098618,-0.020428510384706722
F3_vs_scratch_baseline,TransUNet_scratch_seed42,F3_directional_multiscale_scratch_seed42,ANFC_000494.png,8_58452,0.015994217133929123,0.021805754136638655,0.008913764508931665,0.020405676710219534,0.0025036236657909328,0.002975463867142092,-4.003570564116036,0.016754152945559375,0.0037540148791500583
F3_vs_scratch_baseline,TransUNet_scratch_seed42,F3_directional_multiscale_scratch_seed42,ANFC_000495.png,8_58452,-0.004329513073354607,-0.006188816800384855,0.01761537341423569,-0.023995886837660407,-0.004261339424135202,-0.001968383789032524,-2.0770515108505867,-0.012944208056092088,0.0016670207555140593
F3_vs_scratch_baseline,TransUNet_scratch_seed42,F3_directional_multiscale_scratch_seed42,ANFC_000496.png,8_58452,0.012256134812693054,0.012949123237321891,0.026811180827759906,0.005148575447518455,-0.0008626839424512589,0.0013580322265418499,-4.057398438483972,-0.008654477683654571,-0.018038435908147465
F3_vs_scratch_baseline,TransUNet_scratch_seed42,F3_directional_multiscale_scratch_seed42,ANFC_000497.png,8_58452,0.002594326704978722,0.0038573647984608828,0.024352954021584217,-0.016060523608610877,-0.004416538072608223,-0.0003967285156188938,-1.0,0.009966992632647442,0.006250022256122256
F3_vs_scratch_baseline,TransUNet_scratch_seed42,F3_directional_multiscale_scratch_seed42,ANFC_000498.png,8_58452,0.009566961332554302,0.014406419526574621,0.03600242032714773,-0.01859045971385953,-0.004764473210989495,0.0014038085937285727,-5.8812817050411486,0.04417987050941263,0.012210317184946473
F3_vs_scratch_baseline,TransUNet_scratch_seed42,F3_directional_multiscale_scratch_seed42,ANFC_000499.png,8_58452,0.02120482983223615,0.032320340349714094,0.04506657561795069,-0.0056270067695411985,-0.0018854957796280436,0.0044097900389952205,-55.83772233983162,0.026846558861519765,0.0574634429883516
F3_vs_scratch_baseline,TransUNet_scratch_seed42,F3_directional_multiscale_scratch_seed42,ANFC_000500.png,8_58452,0.023745216878165443,0.024784552299210505,0.06493236210927533,-0.013517500534888205,-0.005285603727827937,-0.00013732910156039058,-2.1628685842988773,0.01720942475631093,0.023307539969810054
F3_vs_scratch_baseline,TransUNet_scratch_seed42,F3_directional_multiscale_scratch_seed42,ANFC_000501.png,8_58452,0.04408781250707072,0.040945153985884164,0.07185166106828433,0.03023292688525553,0.0011516065722486646,0.00534057617179351,-33.29134628185854,0.05607324311293149,0.03536479398304837
F3_vs_scratch_baseline,TransUNet_scratch_seed42,F3_directional_multiscale_scratch_seed42,ANFC_000502.png,8_58452,-0.03058609141794333,-0.03751082756616997,-0.024050787446703636,-0.034212975727826556,-0.007498474147571654,-0.009567260742041506,0.0,-0.01907072586185743,-0.03919719986888204
F3_vs_scratch_baseline,TransUNet_scratch_seed42,F3_directional_multiscale_scratch_seed42,ANFC_000503.png,8_58452,0.011425996878654199,0.01429379601868852,-0.03693693692861777,0.037651493018476034,0.00726725153844332,0.00427246093743483,-42.619545259823376,0.046770944670645576,0.040910001904742144
F3_vs_scratch_baseline,TransUNet_scratch_seed42,F3_directional_multiscale_scratch_seed42,ANFC_000504.png,8_58452,0.04302157185331679,0.04801417397087021,-0.0006605892455198159,0.05777301564663995,0.022081529145512424,0.019454956054390626,-5.741453399421854,0.022801565147414826,0.0424759994229843
F3_vs_scratch_baseline,TransUNet_scratch_seed42,F3_directional_multiscale_scratch_seed42,ANFC_000505.png,8_58452,-0.006759783686948295,-0.0100895248885281,0.013195098960133156,-0.02115912973824441,-0.002463616785184586,-0.0014495849609154066,4.353188718899013,-0.012456327069959694,-0.023761168305383107
F3_vs_scratch_baseline,TransUNet_scratch_seed42,F3_directional_multiscale_scratch_seed42,ANFC_000506.png,8_58452,0.016764597418932325,0.017973342752361676,0.019841909982280748,0.014486416957036452,0.002342551864732978,0.003997802734313938,-10.479227459408918,0.02995543422138036,-0.03932193327522049
F3_vs_scratch_baseline,TransUNet_scratch_seed42,F3_directional_multiscale_scratch_seed42,ANFC_000507.png,8_58452,-0.00979682858064962,-0.008449281783796836,0.12906403936648136,-0.03644557270427501,-0.02331535741109414,-0.016235351562252198,1.1971954644311396,-0.03401601086261008,-0.015683992401936797
F3_vs_scratch_baseline,TransUNet_scratch_seed42,F3_directional_multiscale_scratch_seed42,ANFC_000508.png,8_58452,-0.0006214138909987899,-0.0008129496308363349,0.04509865329704055,-0.030457565430915046,-0.008081149619474592,-0.002899169921830702,-1.8710598746412295,0.017587849660123722,-0.030008320349612205
F3_vs_scratch_baseline,TransUNet_scratch_seed42,F3_directional_multiscale_scratch_seed42,ANFC_000509.png,8_58452,0.0045390361358687015,0.006668170528332573,0.009879050871583583,9.802227127342356e-05,-0.0004752764829453193,0.0012359619140436262,-1.016301722681015,0.014917528463874286,0.006273841921709655
F3_vs_scratch_baseline,TransUNet_scratch_seed42,F3_directional_multiscale_scratch_seed42,ANFC_000510.png,8_58452,-0.004932174461474759,-0.00767686813813051,-0.0004374931641214497,-0.008775478237156409,-0.0018264678239883203,-0.00163269042966252,0.0,-0.0046085787552949675,-0.01955330107342612
F3_vs_scratch_baseline,TransUNet_scratch_seed42,F3_directional_multiscale_scratch_seed42,ANFC_000592.png,8_58646,-0.05156099664124336,-0.05756239715286121,0.016010673780385454,-0.09482883435690215,-0.02677417687450634,-0.021881103515291156,1.0393431503411747,0.017582985920461813,0.0010780171351431056
F3_vs_scratch_baseline,TransUNet_scratch_seed42,F3_directional_multiscale_scratch_seed42,ANFC_000593.png,8_58646,-0.009558267277828048,-0.014548999353816483,0.004756932358190413,-0.020837949259339905,-0.0045680552382492134,-0.0033416748046365408,0.0,-0.016770057072156952,-0.020999929732382516
F3_vs_scratch_baseline,TransUNet_scratch_seed42,F3_directional_multiscale_scratch_seed42,ANFC_000594.png,8_58646,0.0222365241995377,0.03136747640569948,0.032350330404147254,0.015286122357851428,0.002581367222005082,0.00718688964832781,-0.5278640450004204,0.01353412886399541,0.040622792579792955
F3_vs_scratch_baseline,TransUNet_scratch_seed42,F3_directional_multiscale_scratch_seed42,ANFC_000598.png,8_58646,-0.00032446185189694,-0.0004538987226951896,-0.030011417382154404,0.019094816632463818,0.004511404763832827,0.00128173828123046,-1.0,0.013906366076401167,-0.09051033182242119
F3_vs_scratch_baseline,TransUNet_scratch_seed42,F3_directional_multiscale_scratch_seed42,ANFC_000599.png,8_58646,-0.005552720524964805,-0.00865662642188536,0.019077901428946942,-0.027777215905409713,-0.006904384193703095,-0.00291442871089298,-6.52786404500042,0.03300045902374871,0.002816542774795927
F3_vs_scratch_baseline,TransUNet_scratch_seed42,F3_directional_multiscale_scratch_seed42,ANFC_000600.png,8_58646,-0.02495940134097485,-0.031323087564044894,-0.01667895318681545,-0.0285890280405251,-0.010167507863174552,-0.01124572753889097,0.22612150864090808,-0.038066034646402236,-0.04602654668912454
F3_vs_scratch_baseline,TransUNet_scratch_seed42,F3_directional_multiscale_scratch_seed42,ANFC_000601.png,8_58646,-0.03597418673689923,-0.048064555077724114,0.027571801563700093,-0.08487397922841267,-0.024409856864165858,-0.016815185546618427,14.600847442411894,-0.010258274285537272,-0.024785229523249352
F3_vs_scratch_baseline,TransUNet_scratch_seed42,F3_directional_multiscale_scratch_seed42,ANFC_000602.png,8_58646,-0.012111310748566195,-0.010380021073975843,0.01761252445800998,-0.01619100444495747,-0.010568291842221189,-0.008590698242056494,-0.8872632862558234,-0.039441584865336554,-0.08955777637373308
F3_vs_scratch_baseline,TransUNet_scratch_seed42,F3_directional_multiscale_scratch_seed42,ANFC_000603.png,8_58646,0.024178643675266565,0.03348724304719253,0.06945681210158283,-0.013414772838207578,-0.005583008235707232,0.0034179687499478195,-1.1201640434091775,0.0026691407740166984,-0.019027916220868635
F3_vs_scratch_baseline,TransUNet_scratch_seed42,F3_directional_multiscale_scratch_seed42,ANFC_000607.png,8_58646,-0.010351822337869576,-0.013612504412662707,-0.06459489455681866,0.02764837456788627,0.019280675111603363,0.001983642578094802,21.006518926769708,-0.015540015728626067,0.005845474523089811
F3_vs_scratch_baseline,TransUNet_scratch_seed42,F3_directional_multiscale_scratch_seed42,ANFC_000608.png,8_58646,0.0015068400898613499,0.0022648710893362622,0.03240279162108639,-0.02306362403456641,-0.005633606899331678,-0.000976562499985123,0.15562741995341067,-0.0023714977957026706,0.020145437976221148
F3_vs_scratch_baseline,TransUNet_scratch_seed42,F3_directional_multiscale_scratch_seed42,ANFC_000609.png,8_58646,0.0947288896689038,0.10008311669682635,0.0740369181231868,0.10171761900517018,0.016481701677624527,0.02085876464811931,-2.485666826552972,0.06208981516870471,0.035038540466515056
F3_vs_scratch_baseline,TransUNet_scratch_seed42,F3_directional_multiscale_scratch_seed42,ANFC_000610.png,8_58646,0.021695403522962398,0.027536689571421413,-0.04305200340394255,0.13660017231074928,0.01487230332635514,0.008651733398305494,-70.51492978161617,0.09084958995228898,0.042661648082232995
F3_vs_scratch_baseline,TransUNet_scratch_seed42,F3_directional_multiscale_scratch_seed42,ANFC_000611.png,8_58646,-0.03699359313982187,-0.036025787038101664,-0.10651801027332447,0.062059025624072395,0.014521153652655938,0.0037536621093177125,6.636817956431216,-0.016559410538348862,-0.04709677038986895
F3_vs_scratch_baseline,TransUNet_scratch_seed42,F3_directional_multiscale_scratch_seed42,ANFC_000612.png,8_58646,0.00197943801303635,0.0030074042771370824,0.00841136327433556,-0.0036167494973732284,-0.000692158352313843,0.00018310546874722444,-0.24264068711928477,-0.009236448769473715,0.007473006588290643
F3_vs_scratch_baseline,TransUNet_scratch_seed42,F3_directional_multiscale_scratch_seed42,ANFC_000614.png,8_58646,-0.05222344770847531,-0.06840413170963788,-0.11497843223895743,0.018266262879476303,0.013668650412484773,-0.012725830077930822,12.718413022766907,-0.06421501430282017,0.020035996835012893
F3_vs_scratch_baseline,TransUNet_scratch_seed42,F3_directional_multiscale_scratch_seed42,ANFC_000615.png,8_58646,-0.010952524359604698,-0.016259457590090065,0.016727716725674302,-0.02961155196415932,-0.007428591357593772,-0.0044097900389952205,1.0,-0.010756601746007677,-0.024153081588815573
F3_vs_scratch_baseline,TransUNet_scratch_seed42,F3_directional_multiscale_scratch_seed42,ANFC_000616.png,8_58646,-0.012758977817773909,-0.017149658324015826,-0.05004871998848004,0.010611108153339432,0.00855346839440796,-0.0015411376952889633,-1.9526228740236267,-0.0004417683779271986,-0.022783363781936017
F3_vs_scratch_baseline,TransUNet_scratch_seed42,F3_directional_multiscale_scratch_seed42,ANFC_000617.png,8_58646,-0.0020111274668911383,-0.0029104740584872113,0.005030959751673003,-0.0069707608518685404,-0.001678665374469035,-0.0008850097656115663,1.906560037735261,0.00715249634739612,-0.017792802239824046
F3_vs_scratch_baseline,TransUNet_scratch_seed42,F3_directional_multiscale_scratch_seed42,ANFC_000619.png,8_58646,-0.02203488471196402,-0.028554398411339887,-0.028491073608646222,-0.016217042842859852,-0.001865476481016315,-0.005187988281170841,6.434013979914513,-0.03303792063209565,-0.04591068493905637
F3_vs_scratch_baseline,TransUNet_scratch_seed42,F3_directional_multiscale_scratch_seed42,ANFC_000620.png,8_58646,0.011253887584258382,0.013500269885872385,0.04087414002014622,-0.033636661537588264,-0.00810393157464051,-0.0007171630859265088,3.109202471650761,0.0012041441698208422,-0.004913770783295912
F3_vs_scratch_baseline,TransUNet_scratch_seed42,F3_directional_multiscale_scratch_seed42,ANFC_000621.png,8_58646,-0.0010324182392043024,-0.0011878349188120252,0.03149075500467147,-0.02679514342087219,-0.012075718015446824,-0.005172729492108563,8.46150908788164,0.01010603148104805,-0.008770314139323832
F3_vs_scratch_baseline,TransUNet_scratch_seed42,F3_directional_multiscale_scratch_seed42,ANFC_000622.png,8_58646,-7.971837833908868e-05,-0.00011129476136972904,0.0009749303619812633,-0.0008116069623452793,-0.0002056343820652229,-7.629394531138978e-05,-4.8334679118964905,0.007363743577257442,-0.010459678214794765
F3_vs_scratch_baseline,TransUNet_scratch_seed42,F3_directional_multiscale_scratch_seed42,ANFC_000623.png,8_58646,-0.016777020432122924,-0.021056353951605655,0.021932573001387068,-0.05333864219686546,-0.011605886338558191,-0.007522583007697703,18.07735130396819,-0.005344098943582454,-0.01238560908419628
F3_vs_scratch_baseline,TransUNet_scratch_seed42,F3_directional_multiscale_scratch_seed42,ANFC_000624.png,8_58646,0.0002638676071401447,0.000292925741286032,0.013323983167836784,-0.011630966325702374,-0.003218847378638867,-0.0014190673827908507,2.3275690227753074,0.006285019716793516,-0.030507068370747015
F3_vs_scratch_baseline,TransUNet_scratch_seed42,F3_directional_multiscale_scratch_seed42,ANFC_000625.png,8_58646,-0.04371232613310849,-0.04619346777186806,-0.01464147165378038,-0.06677650883545871,-0.016126509687789947,-0.01594543457006914,-2.4460656313361255,-0.024013671810032333,0.003468311109159128
F3_vs_scratch_baseline,TransUNet_scratch_seed42,F3_directional_multiscale_scratch_seed42,ANFC_000627.png,8_58646,0.01694842505314975,0.02453686044532466,0.0414383561608358,-0.008232449069300984,-0.0039549910872705984,0.004135131835874439,-2.5137325262941843,0.01207315447774937,0.023867512194109985
F3_vs_scratch_baseline,TransUNet_scratch_seed42,F3_directional_multiscale_scratch_seed42,ANFC_000628.png,8_58646,0.018667899813085365,0.02444263196290042,0.058411820611905974,-0.013352079144693052,-0.009172951837200016,0.0027618408202703115,-1.4729359334520549,0.021190556685189432,0.005849526144457107
F3_vs_scratch_baseline,TransUNet_scratch_seed42,F3_directional_multiscale_scratch_seed42,ANFC_000630.png,8_58646,-0.0065809209540959035,-0.009171075838580234,0.030274802044670812,-0.03435380115762787,-0.006853371689536258,-0.003204345703076039,49.28926141622388,-0.016048674131095564,-0.044019065198785956
F3_vs_scratch_baseline,TransUNet_scratch_seed42,F3_directional_multiscale_scratch_seed42,ANFC_000631.png,8_58646,-0.0026153574983915906,-0.00326768849558412,0.043844856656937936,-0.031514999389430365,-0.016258977069442238,-0.006469726562401301,0.2865698031614059,0.015011657043970006,-0.032895222520257006
F3_vs_scratch_baseline,TransUNet_scratch_seed42,F3_directional_multiscale_scratch_seed42,ANFC_000632.png,8_58646,-0.016678850589419758,-0.02152987207683643,-0.037989556130810787,-0.005884145191523915,0.0010885341073831878,-0.0034790039061969313,5.563376275520984,-0.03943501945165295,-0.05660084354820766
F3_vs_scratch_baseline,TransUNet_scratch_seed42,F3_directional_multiscale_scratch_seed42,ANFC_000633.png,8_58646,0.016885637298082568,0.023584452911212805,-0.017780748660724432,0.04893865242762396,0.008939644481036568,0.005889892578035072,-1.7082039324993694,0.011579875652639737,0.03489355684271733
F3_vs_scratch_baseline,TransUNet_scratch_seed42,F3_directional_multiscale_scratch_seed42,ANFC_000634.png,8_58646,0.02351568272685023,0.026204082958898367,-0.0006851996866987786,0.05288618520349475,0.012798264641851076,0.010696411132649297,3.7657946347974516,0.042375455131374196,0.021918906961217566
F3_vs_scratch_baseline,TransUNet_scratch_seed42,F3_directional_multiscale_scratch_seed42,ANFC_000635.png,8_58646,0.01276453888517537,0.014854121454701996,0.053008773007165555,-0.02085810105243946,-0.008739097888189384,-0.0011138916015455136,0.5602197785610361,-0.001598547413040774,-0.05679561970964131
F3_vs_scratch_baseline,TransUNet_scratch_seed42,F3_directional_multiscale_scratch_seed42,ANFC_000636.png,8_58646,0.03658261262680851,0.03984746530727096,0.07111569182589406,-0.030028304782232174,-0.011021839570797276,0.003570556640570488,-23.861034356152803,0.054599344985954645,0.007334575935182164
F3_vs_scratch_baseline,TransUNet_scratch_seed42,F3_directional_multiscale_scratch_seed42,ANFC_000637.png,8_58646,-0.020359994055857866,-0.02588411536871138,0.018133927665066052,-0.06048902060503225,-0.015000449114973446,-0.010009765624847344,4.200156530777669,-0.016919619202811487,-0.044409577353593854
F3_vs_scratch_baseline,TransUNet_scratch_seed42,F3_directional_multiscale_scratch_seed42,ANFC_000638.png,8_58646,0.018313990079425024,0.026396057313405663,0.05305985204754138,-0.022160352116096682,-0.009710654087362158,0.004531860351493333,-2.7938850111841065,0.02298539621229234,0.0037783686197115918
F3_vs_scratch_baseline,TransUNet_scratch_seed42,F3_directional_multiscale_scratch_seed42,ANFC_000639.png,8_58646,0.018836657503921828,0.026843089504514306,0.03536041614841712,0.00019692126931381004,-0.002126022515547832,0.007110595703016531,-2.9289321881345245,0.01902246573003452,0.026474362163114273
F3_vs_scratch_baseline,TransUNet_scratch_seed42,F3_directional_multiscale_scratch_seed42,ANFC_000640.png,8_58646,-0.009891216625997123,-0.014606520239854537,0.013132056944878179,-0.0272707414205684,-0.0062033874676551415,-0.0037994384765045464,1.0,-0.012366395117097917,-0.03916073185823843
F3_vs_scratch_baseline,TransUNet_scratch_seed42,F3_directional_multiscale_scratch_seed42,ANFC_000641.png,8_58646,0.012162232218418834,0.01741766560965896,0.02855929503890442,0.0002837349182434057,-0.0014790526934533865,0.0028381347655817013,-4.292874725731121,0.008108178615598427,-0.011505339107571455
F3_vs_scratch_baseline,TransUNet_scratch_seed42,F3_directional_multiscale_scratch_seed42,ANFC_000997.png,8_62573,0.014717585526549448,0.02173676966132465,0.0074056378386513355,0.019182667985093493,0.0019885900570173476,0.002334594726526862,-4.291796067500631,0.04100343590766642,0.0664358796850022
F3_vs_scratch_baseline,TransUNet_scratch_seed42,F3_directional_multiscale_scratch_seed42,ANFC_000998.png,8_62573,-0.0006766091080376846,-0.0010097893173915962,-0.005442850072874039,0.0024958773453840344,0.00037402022960975057,1.5258789062277955e-05,-0.12310562561766059,0.00646125196488978,-0.021193628870411763
F3_vs_scratch_baseline,TransUNet_scratch_seed42,F3_directional_multiscale_scratch_seed42,ANFC_000999.png,8_62573,0.015592503962409854,0.0229031379980702,-0.00354044963647715,0.02928079533034955,0.004308113613901043,0.0036315917968196,-0.019504831500301023,0.0246403063177828,0.019244981776596226
F3_vs_scratch_baseline,TransUNet_scratch_seed42,F3_directional_multiscale_scratch_seed42,ANFC_001003.png,8_62573,0.024556880674829418,0.034103404852494745,0.05014118903685105,-0.01228866123209571,-0.004691701790767389,0.006271362304591799,-0.9214718124729036,-0.004694823303423856,0.07539028498711531
F3_vs_scratch_baseline,TransUNet_scratch_seed42,F3_directional_multiscale_scratch_seed42,ANFC_001005.png,8_62573,0.016539443003455334,0.023266266681262415,0.06416275429523177,-0.02453234306573937,-0.006912283126997432,0.0014038085937285727,-7.302543536831813,0.02781682426527432,-0.015526822044065525
F3_vs_scratch_baseline,TransUNet_scratch_seed42,F3_directional_multiscale_scratch_seed42,ANFC_001006.png,8_62573,0.006928889874132538,0.01076227766211979,0.011315039200702537,0.0022073549528196512,0.00018412137280554575,0.0020904541015306366,0.0,-0.007285418865459747,0.00868904477584953
F3_vs_scratch_baseline,TransUNet_scratch_seed42,F3_directional_multiscale_scratch_seed42,ANFC_001007.png,8_62573,-0.010937523508974478,-0.017052507096376734,0.010055407345571976,-0.030253277154902003,-0.006793332138254282,-0.004287719726497108,-0.11953506150162418,-0.012359354960279734,-0.02337732550429228
F3_vs_scratch_baseline,TransUNet_scratch_seed42,F3_directional_multiscale_scratch_seed42,ANFC_001008.png,8_62573,0.011487247760816333,0.017401546498979292,0.02460373787362169,-0.003346463978505576,-0.001683852048024126,0.0034027099608855416,-2.0,0.01778444917202071,-0.0031580843080589727
F3_vs_scratch_baseline,TransUNet_scratch_seed42,F3_directional_multiscale_scratch_seed42,ANFC_001009.png,8_62573,0.000793423506042723,0.0011380045510124281,0.012156215620893529,-0.011435528499636693,-0.00599712813569564,-0.0009613037109228451,-2.7046999107196257,0.01955061143249226,-0.009043077465326066
F3_vs_scratch_baseline,TransUNet_scratch_seed42,F3_directional_multiscale_scratch_seed42,ANFC_001010.png,8_62573,0.010728916814511935,0.015711092150393458,0.03920795980305303,-0.021372279934196103,-0.005506906201940831,0.0014190673827908507,-1.1000039032598732,0.008213357902659979,0.04793389944830617
F3_vs_scratch_baseline,TransUNet_scratch_seed42,F3_directional_multiscale_scratch_seed42,ANFC_001011.png,8_62573,-0.06929839633490165,-0.08388857610351852,-0.02568140520585327,-0.09866778214118599,-0.024144131561527504,-0.02433776855431613,67.05017029275973,-0.05202653313832517,-0.08497247102621985
F3_vs_scratch_baseline,TransUNet_scratch_seed42,F3_directional_multiscale_scratch_seed42,ANFC_001012.png,8_62573,-0.019426713427441622,-0.029603349007256807,0.009628403789735396,-0.04470369953227393,-0.006775458914113464,-0.005111694335859562,7.0,-0.04090188300809894,-0.024457376275199838
F3_vs_scratch_baseline,TransUNet_scratch_seed42,F3_directional_multiscale_scratch_seed42,ANFC_001013.png,8_62573,-0.023772945483321872,-0.02987183179888231,-0.05693121692519243,-0.0021391780174359054,0.004172164176368898,-0.004638671874929279,1.9867987903839044,-0.0058821725653904755,-0.011001258247132384
F3_vs_scratch_baseline,TransUNet_scratch_seed42,F3_directional_multiscale_scratch_seed42,ANFC_001014.png,8_62573,0.013580513107119718,0.01968967115681286,0.02280932064138419,0.006456663788993788,0.0006560695808529582,0.004776000976489558,-1.8259377437934745,0.03039686161396249,0.000566189272685258
F3_vs_scratch_baseline,TransUNet_scratch_seed42,F3_directional_multiscale_scratch_seed42,ANFC_001015.png,8_62573,-0.005637851161955254,-0.007884426064967975,0.03899585668705863,-0.038348417626952735,-0.016927499201214946,-0.006423950195214467,4.860179782327435,-0.0062481572734408575,-0.01420546402890921
F3_vs_scratch_baseline,TransUNet_scratch_seed42,F3_directional_multiscale_scratch_seed42,ANFC_001016.png,8_62573,0.0027844394049725274,0.004191590362436215,0.0024190296999840877,0.0030089271860734845,0.0004991823736897327,0.0007171630859265088,-0.4936034254914583,0.008485429087557228,0.015993738852535966
F3_vs_scratch_baseline,TransUNet_scratch_seed42,F3_directional_multiscale_scratch_seed42,ANFC_001017.png,8_62573,0.010046080514428457,0.012055715880846085,0.008017817371044789,0.011255578685310463,0.0026699200791663324,0.0034027099608855416,-4.094241526487373,-0.006578348903724995,-0.019474418477632427
F3_vs_scratch_baseline,TransUNet_scratch_seed42,F3_directional_multiscale_scratch_seed42,ANFC_001018.png,8_62573,-0.01519624165991973,-0.020673841422852113,-0.0031317283222614956,-0.023651792345580125,-0.006887450739237022,-0.006301879882716355,37.0,-0.04504228426356183,-0.049677709627708344
F3_vs_scratch_baseline,TransUNet_scratch_seed42,F3_directional_multiscale_scratch_seed42,ANFC_001019.png,8_62573,-0.018683355435281657,-0.025498442221718376,-0.019519812607893816,-0.01778010021517673,-0.004304575872593586,-0.0066833496092730815,33.70238297063096,-0.040533164179203496,-0.054173131263567154
F3_vs_scratch_baseline,TransUNet_scratch_seed42,F3_directional_multiscale_scratch_seed42,ANFC_001020.png,8_62573,0.04487338997858892,0.04724439677477549,-0.04394675680457494,0.06165362344124076,0.024472476686603017,0.019531249999701905,4.445762741954802,0.06945135751550191,0.10702404271613414
F3_vs_scratch_baseline,TransUNet_scratch_seed42,F3_directional_multiscale_scratch_seed42,ANFC_001021.png,8_62573,-0.023009506588424822,-0.032601617287952744,0.00037428651629323184,-0.04201184999649432,-0.011741326186225032,-0.009765624999851008,1.280109889280518,-0.022323092997117544,-0.028951598092939235
F3_vs_scratch_baseline,TransUNet_scratch_seed42,F3_directional_multiscale_scratch_seed42,ANFC_001022.png,8_62573,-0.00950277334070726,-0.014399071174488243,0.008885916299552266,-0.02417714183789932,-0.0067731977481974015,-0.00427246093743483,0.0,-0.012696757671277203,-0.051490050905886764
F3_vs_scratch_baseline,TransUNet_scratch_seed42,F3_directional_multiscale_scratch_seed42,ANFC_001023.png,8_62573,0.006278554771359635,0.008771074255053746,0.07422920301637825,-0.06262277103246783,-0.014330622925232683,-0.0027160644530835887,-19.032834947517834,0.025305846678001176,0.006898255628738248
F3_vs_scratch_baseline,TransUNet_scratch_seed42,F3_directional_multiscale_scratch_seed42,ANFC_001024.png,8_62573,0.000753515430527929,0.0010895009581869397,0.0206606132358651,-0.013672644596137595,-0.0036073666223034317,-0.0007934570312378986,0.24264068711928477,-0.01299724725326934,0.033680172131070996
F3_vs_scratch_baseline,TransUNet_scratch_seed42,F3_directional_multiscale_scratch_seed42,ANFC_001026.png,8_62573,0.008778581134211705,0.01226918973407809,0.04560164753668705,-0.01869952623653559,-0.005124450951596415,0.00013732910156039058,0.12310562561766059,-0.0015512727820793382,-0.007513302131039956
F3_vs_scratch_baseline,TransUNet_scratch_seed42,F3_directional_multiscale_scratch_seed42,ANFC_001027.png,8_62573,-0.016335585465040103,-0.024094974682406956,0.001802656546318504,-0.02903231307752263,-0.008673358062246783,-0.006988525390518308,1.0,-0.015590058423367803,-0.046790262458293985
F3_vs_scratch_baseline,TransUNet_scratch_seed42,F3_directional_multiscale_scratch_seed42,ANFC_001028.png,8_62573,-0.02899992927398143,-0.034962322685459846,-0.006494259537690561,-0.036029137467545325,-0.01416196651003876,-0.013153076171674272,7.369829282741087,-0.04871413855409745,-0.019718494464536218
F3_vs_scratch_baseline,TransUNet_scratch_seed42,F3_directional_multiscale_scratch_seed42,ANFC_001029.png,8_62573,-0.06651684266226143,-0.08151073924783736,0.012254035582390244,-0.101535703114909,-0.03675787480873005,-0.030410766601098427,11.433966898638424,-0.11074569684811031,-0.0030625360796360246
F3_vs_scratch_baseline,TransUNet_scratch_seed42,F3_directional_multiscale_scratch_seed42,ANFC_001030.png,8_62573,-0.018087318858913126,-0.026511173423461987,-0.0033982594278161304,-0.032683090891596156,-0.008752407847080645,-0.007766723632693928,0.9009804864072155,-0.02075083752302853,-0.034399821699840016
F3_vs_scratch_baseline,TransUNet_scratch_seed42,F3_directional_multiscale_scratch_seed42,ANFC_001032.png,8_62573,0.05829118046555193,0.05897143007510841,0.06484018261879443,0.052318812680360205,0.0030467590691907187,0.005111694335859562,0.21206331261305422,0.07238788224312309,0.049740899850160336
F3_vs_scratch_baseline,TransUNet_scratch_seed42,F3_directional_multiscale_scratch_seed42,ANFC_001033.png,8_62573,-0.0009814387055216978,-0.0012428860153934629,0.013696448477966583,-0.0262933412960642,-0.006040243119671662,-0.002258300781215472,5.702785375476907,-0.016809947704477968,0.01708769729505938
F3_vs_scratch_baseline,TransUNet_scratch_seed42,F3_directional_multiscale_scratch_seed42,ANFC_001034.png,8_62573,-0.0038963390387261043,-0.005169141785714926,-0.03282704556053784,0.01560545595682361,0.004224664635614661,0.0007629394531133427,-1.5440037453175304,0.05548655289606097,-0.029296012224787726
F3_vs_scratch_baseline,TransUNet_scratch_seed42,F3_directional_multiscale_scratch_seed42,ANFC_001035.png,8_62573,-0.002825125409871232,-0.003447922524832059,0.027012987005970546,-0.026558443168628765,-0.003517816035996546,-0.0017242431640361877,0.4559962546824696,-0.008732663524385731,-0.02844130086360175
F3_vs_scratch_baseline,TransUNet_scratch_seed42,F3_directional_multiscale_scratch_seed42,ANFC_001036.png,8_62573,0.002058866773740453,0.00263603043725702,-0.023651145596538248,0.013097378841687268,0.0030580542316140935,0.0014038085937285727,-19.48578083411597,-0.05171318681469439,0.007610922904461859
F3_vs_scratch_baseline,TransUNet_scratch_seed42,F3_directional_multiscale_scratch_seed42,ANFC_001037.png,8_62573,0.00750104964010867,0.010468910190448155,0.04297264369886222,-0.032901023530279794,-0.0073442228395181886,-0.00041198730468128275,0.32689870989530156,-0.009169029190151723,0.024808145380126767
F3_vs_scratch_baseline,TransUNet_scratch_seed42,F3_directional_multiscale_scratch_seed42,ANFC_001038.png,8_62573,-0.020177089101973134,-0.021974563156449578,-0.02584365655150711,-0.01630600927889536,-0.002892168140091189,-0.004531860351493333,4.743701563663983,-0.025397296292983707,-0.03452777810889335
F3_vs_scratch_baseline,TransUNet_scratch_seed42,F3_directional_multiscale_scratch_seed42,ANFC_001039.png,8_62573,0.028655481096946378,0.03580687155051032,0.16784203095070893,-0.09638466858617245,-0.006986389944534932,-0.001312255859355016,-9.329632900785029,0.049335241440445654,-0.050503488679341846
F3_vs_scratch_baseline,TransUNet_scratch_seed42,F3_directional_multiscale_scratch_seed42,ANFC_001135.png,8_84237,0.031645343642910384,0.037298189256952274,-0.09568535365550768,0.08018065437146049,0.01627259411842663,0.010452270507652961,-14.119262358421729,0.06565084262223697,0.07436167473153221
F3_vs_scratch_baseline,TransUNet_scratch_seed42,F3_directional_multiscale_scratch_seed42,ANFC_001137.png,8_84237,-0.004523117641178964,-0.0050427629216850955,0.005390835577698594,-0.007887162926524804,-0.0013745045390395338,-0.0010681152343587907,15.142589696714602,-0.05502155341414583,-0.0484151823890443
F3_vs_scratch_baseline,TransUNet_scratch_seed42,F3_directional_multiscale_scratch_seed42,ANFC_001138.png,8_84237,0.07662691530649046,0.0655756569851329,0.15934812128579712,0.034141682844689936,-0.008426322850740742,0.002883911132768424,-10.007488481127751,0.04199506706737338,-0.12994495716912413
F3_vs_scratch_baseline,TransUNet_scratch_seed42,F3_directional_multiscale_scratch_seed42,ANFC_001139.png,8_84237,-0.09182360786484722,-0.1174612038218793,-0.11199143466552652,-0.0771629681677628,-0.006900404166416352,-0.014389038085717898,13.187456418463006,-0.082659644843039,-0.11295067199936237
F3_vs_scratch_baseline,TransUNet_scratch_seed42,F3_directional_multiscale_scratch_seed42,ANFC_001140.png,8_84237,0.011955071904459325,0.017336280307379548,-0.009801324500714914,0.025488669728950697,0.002849694791165147,0.0021209716796551925,-0.3944487245360109,0.005752302294654177,0.03361461757157658
F3_vs_scratch_baseline,TransUNet_scratch_seed42,F3_directional_multiscale_scratch_seed42,ANFC_001143.png,8_84237,-0.005685601905268678,-0.005603862802481208,-0.024575103347594163,0.02511105089358545,0.0030727991892538498,0.0012359619140436262,9.0,-0.0005883779714245252,-0.05384155325302731
F3_vs_scratch_baseline,TransUNet_scratch_seed42,F3_directional_multiscale_scratch_seed42,ANFC_001144.png,8_84237,0.057448436947291626,0.05445316531187594,0.07384044525531719,0.042733491546010804,0.0017956306320986437,0.007720947265507205,2.0154341282964054,0.04084795940574737,0.12627189110964965
F3_vs_scratch_baseline,TransUNet_scratch_seed42,F3_directional_multiscale_scratch_seed42,ANFC_001145.png,8_84237,0.014375861409327784,0.014435343014482793,-0.005203996668358801,0.035227574749114976,0.004791543173207069,0.0040588378905630496,22.61912038066527,-0.009754760868818324,0.02616233406293489
F3_vs_scratch_baseline,TransUNet_scratch_seed42,F3_directional_multiscale_scratch_seed42,ANFC_001146.png,8_84237,0.02548097998411092,0.024205859688999187,0.032508311772254106,0.02068382156222548,0.0020850244313599386,0.0033416748046365408,-6.904948200077577,0.028573820875443356,0.04178458408795577
F3_vs_scratch_baseline,TransUNet_scratch_seed42,F3_directional_multiscale_scratch_seed42,ANFC_001147.png,8_84237,0.008324071023074975,0.008763531933783597,0.020196506544706172,0.0034803051093900694,-0.0005171967933714772,0.00064086914061523,-5.405873514411404,-0.010867213802577158,0.003924325502088655
F3_vs_scratch_baseline,TransUNet_scratch_seed42,F3_directional_multiscale_scratch_seed42,ANFC_001148.png,8_84237,-0.057229292810205945,-0.05751508828861507,-0.12316849811210229,-0.004337957004014403,0.003062255335221198,-0.0011444091796700695,87.61967146130618,-0.05938455539851428,-0.07554342678425063
F3_vs_scratch_baseline,TransUNet_scratch_seed42,F3_directional_multiscale_scratch_seed42,ANFC_001149.png,8_84237,-0.07262663431862726,-0.06692703803577588,-0.046861184750785934,-0.06785354502982888,-0.005341200217291453,-0.006057739257720018,20.604985938739887,-0.08273929130768565,-0.1228867745066754
F3_vs_scratch_baseline,TransUNet_scratch_seed42,F3_directional_multiscale_scratch_seed42,ANFC_001150.png,8_84237,0.01554986244076606,0.021599162347452183,0.051324163405599754,-0.012952880623919194,-0.002868210665080806,0.0011596679687323475,-1.4031242374328485,0.03071846944693224,0.014958282947169388
F3_vs_scratch_baseline,TransUNet_scratch_seed42,F3_directional_multiscale_scratch_seed42,ANFC_001151.png,8_84237,-0.014978313422387202,-0.020789269643627706,-0.019617340758099067,-0.01060884406455287,-0.0012395684206634172,-0.00355529785150821,-0.5722905870834385,-0.004124241239655602,-0.017005257704701626
F3_vs_scratch_baseline,TransUNet_scratch_seed42,F3_directional_multiscale_scratch_seed42,ANFC_001152.png,8_84237,-0.08088707138124396,-0.09458341470336995,-0.0669014084035906,-0.08016570570050363,-0.004008359847713416,-0.0053710937499180655,-2.7694665505147213,-0.04781135093384825,-0.027985084422608053
F3_vs_scratch_baseline,TransUNet_scratch_seed42,F3_directional_multiscale_scratch_seed42,ANFC_001155.png,8_84237,-0.01506953030807745,-0.01617655679543817,-0.026920031659968258,-0.007396691337086536,0.0001587049674629526,-0.0008850097656115663,-3.3808931524270065,0.004886004998899018,0.008475292728654882
F3_vs_scratch_baseline,TransUNet_scratch_seed42,F3_directional_multiscale_scratch_seed42,ANFC_001156.png,8_84237,-0.05021739839418937,-0.05228532411847081,-0.03148770563745129,-0.069395885549836,-0.008650201225579024,-0.010620117187337907,4.157434455939143,-0.04163845590518345,-0.030433125905556246
F3_vs_scratch_baseline,TransUNet_scratch_seed42,F3_directional_multiscale_scratch_seed42,ANFC_001157.png,8_84237,-0.031171262388294818,-0.033810793500876735,-0.03718091008957236,-0.025054840439330373,-0.00104953820317355,-0.0030364990233912037,8.997777740048894,-0.09887855444054561,-0.02782756883055071
F3_vs_scratch_baseline,TransUNet_scratch_seed42,F3_directional_multiscale_scratch_seed42,ANFC_001158.png,8_84237,-0.020021290850772866,-0.020602248982646287,0.011618900075209382,-0.061882796505494775,-0.00756973431379504,-0.006057739257720018,4.075180330385649,0.006483163303820039,-0.03101518870452613
F3_vs_scratch_baseline,TransUNet_scratch_seed42,F3_directional_multiscale_scratch_seed42,ANFC_001159.png,8_84237,0.023589832823621593,0.03123253197760545,0.06545253862412226,-0.02446913357469349,-0.0072420143068339105,0.0028076171874571454,-9.61585555861571,0.05737868197632123,0.017779615683566896
F3_vs_scratch_baseline,TransUNet_scratch_seed42,F3_directional_multiscale_scratch_seed42,ANFC_001160.png,8_84237,-0.004090887220491779,-0.004841377821111936,0.006732495510158865,-0.020252961637794664,-0.0016863130320614594,-0.0011138916015455136,0.4844490018133705,-0.012207975641441604,-0.017540209148378727
F3_vs_scratch_baseline,TransUNet_scratch_seed42,F3_directional_multiscale_scratch_seed42,ANFC_001161.png,8_84237,-0.2996642126092336,-0.2782609300628845,-0.31629955940169613,-0.1995877706276168,-0.0024591776509531593,-0.02420043945275574,9.222028071360256,-0.15297259497013405,-0.113919454267814
F3_vs_scratch_baseline,TransUNet_scratch_seed42,F3_directional_multiscale_scratch_seed42,ANFC_001162.png,8_84237,-0.011369268670945676,-0.015508517588639803,-0.004269662920388884,-0.01848588496829051,-0.0016206659463441353,-0.0018005371093474665,-0.8595396038345582,0.010755977449312115,-0.03188757639752682
F3_vs_scratch_baseline,TransUNet_scratch_seed42,F3_directional_multiscale_scratch_seed42,ANFC_001163.png,8_84237,0.046375776442039274,0.059249547723798535,0.05010060361164981,0.03942131568258567,0.00232803883363053,0.005950927734284295,0.23026111445910757,0.08655824132016043,0.0785223517684519
F3_vs_scratch_baseline,TransUNet_scratch_seed42,F3_directional_multiscale_scratch_seed42,ANFC_001164.png,8_84237,-0.04225028640085671,-0.05661856171446322,-0.06394084383124388,-0.015794357825514305,-0.0002461518264424978,-0.0047149658202405575,40.56372068416013,-0.08150998337043247,-0.0500062328954875
F3_vs_scratch_baseline,TransUNet_scratch_seed42,F3_directional_multiscale_scratch_seed42,ANFC_001165.png,8_84237,-0.010064817908506996,-0.013349783231911605,-0.0053165780557475895,-0.014974387740602002,-0.001172676634398906,-0.0014343261718531286,-0.32455532033675905,0.013597071158321317,-0.03267406526629857
F3_vs_scratch_baseline,TransUNet_scratch_seed42,F3_directional_multiscale_scratch_seed42,ANFC_001166.png,8_84237,0.02079257391519429,0.025682988370450577,0.049285176806137976,-0.0005687016827334856,-0.001033747892728254,0.001007080078109679,-2.061992246764772,0.013648772689878852,0.028814019030587
F3_vs_scratch_baseline,TransUNet_scratch_seed42,F3_directional_multiscale_scratch_seed42,ANFC_001167.png,8_84237,-0.02603779765039904,-0.03328182377280542,-0.09112942314805395,0.03263360870238041,0.005422569613981132,-0.000656127929677508,2.7080718659704583,-0.024996183774876446,-0.034439036511678345
F3_vs_scratch_baseline,TransUNet_scratch_seed42,F3_directional_multiscale_scratch_seed42,ANFC_001169.png,8_84237,0.021015217046774115,0.028442462691571246,0.04320486814539459,-0.0018924470471983756,-0.0011220011219825743,0.0022125244140287492,-0.856309110618521,0.010838681819858365,0.026980849543599028
F3_vs_scratch_baseline,TransUNet_scratch_seed42,F3_directional_multiscale_scratch_seed42,ANFC_001170.png,8_84237,0.019223769131873625,0.021378078571340775,-0.03969218305399269,0.04704016913648479,0.005946057367467228,0.004226684570247996,-2.274830264791478,0.03523726633138713,0.05004718119005336
F3_vs_scratch_baseline,TransUNet_scratch_seed42,F3_directional_multiscale_scratch_seed42,ANFC_001171.png,8_84237,0.03745639304306175,0.030688715928526178,0.06105918999310955,0.02680039735596157,0.0008603025136340037,0.002334594726526862,-8.20323082549616,0.025874568132815967,0.09091906132604943
F3_vs_scratch_baseline,TransUNet_scratch_seed42,F3_directional_multiscale_scratch_seed42,ANFC_001172.png,8_84237,-0.011977705495132218,-0.016350139038247335,0.021465369198206852,-0.044247666626544224,-0.0035782212049325635,-0.002243041992153305,-4.183507978818,-0.0007238837565936018,-0.01803004221383142
F3_vs_scratch_baseline,TransUNet_scratch_seed42,F3_directional_multiscale_scratch_seed42,ANFC_001178.png,8_84237,-0.029393625626814024,-0.028156706913716245,-0.0019474196683065825,-0.04539730523005969,-0.005716115603142891,-0.005538940429603012,-3.5774622029930043,-0.00856524125920688,-0.08196300559603131
F3_vs_scratch_baseline,TransUNet_scratch_seed42,F3_directional_multiscale_scratch_seed42,ANFC_001179.png,8_84237,-0.007630185798189415,-0.00860559718170495,0.019971469320032575,-0.02001831502032314,-0.0022543471063601883,-0.0015411376952890743,6.140478123189286,-0.01811179352021086,0.017479022160475255
F3_vs_scratch_baseline,TransUNet_scratch_seed42,F3_directional_multiscale_scratch_seed42,ANFC_001298.png,8_92229,0.03365433355339387,0.05061814966710898,0.043783225041067464,0.01571694875289764,0.002904292968093136,0.011352539062326805,-2.2031490720600484,0.01686185399198714,-0.0009731402084687257
F3_vs_scratch_baseline,TransUNet_scratch_seed42,F3_directional_multiscale_scratch_seed42,ANFC_001299.png,8_92229,-0.021183936381343527,-0.02853198824590053,0.07799844667946321,-0.11976267643569338,-0.02809475788567317,-0.013504028320106443,17.999693089440626,-0.07152559154672933,-0.08465090335133563
F3_vs_scratch_baseline,TransUNet_scratch_seed42,F3_directional_multiscale_scratch_seed42,ANFC_001300.png,8_92229,0.019409361956352456,0.024965985591573703,0.0536093418164173,-0.01286843979443375,-0.0034399839689492895,0.0014801025390398515,3.0837087430722896,0.024118705982636324,0.023567916188161453
F3_vs_scratch_baseline,TransUNet_scratch_seed42,F3_directional_multiscale_scratch_seed42,ANFC_001301.png,8_92229,-0.01730589190750842,-0.017193882046374176,0.0038446751244592403,-0.06312285174601362,-0.007967713439316015,-0.006561279296774858,-25.199700837329935,0.009342281220702575,-0.03196511979699282
F3_vs_scratch_baseline,TransUNet_scratch_seed42,F3_directional_multiscale_scratch_seed42,ANFC_001302.png,8_92229,0.2093397035999649,0.15654961067429027,0.19297261936333307,0.03009328288443658,-0.01504513540594421,0.018920898437211342,-44.62847542341966,0.2871831865553731,0.18210708037636897
F3_vs_scratch_baseline,TransUNet_scratch_seed42,F3_directional_multiscale_scratch_seed42,ANFC_001303.png,8_92229,0.05816669376583461,0.043919655051113476,0.0658665523552126,-0.021444175708694835,-0.007243282026628606,0.0005645751953038403,1.537654131539469,0.06311797110147044,0.06478542334182685
F3_vs_scratch_baseline,TransUNet_scratch_seed42,F3_directional_multiscale_scratch_seed42,ANFC_001304.png,8_92229,0.05833647470896702,0.045339788536324505,0.11630769223611848,0.03751137076658123,-0.00014082082896305081,0.0027465820312081446,9.905518638228614,0.004488661661831483,0.011526748996618597
F3_vs_scratch_baseline,TransUNet_scratch_seed42,F3_directional_multiscale_scratch_seed42,ANFC_001305.png,8_92229,-0.02933858204007911,-0.04741700573466756,-0.04524558431036885,-0.008350411558615267,-0.00035828868295750826,-0.0031890869140138722,-126.0,0.07692307193559567,-0.16631277208114437
F3_vs_scratch_baseline,TransUNet_scratch_seed42,F3_directional_multiscale_scratch_seed42,ANFC_001306.png,8_92229,-0.032904243629673924,-0.0450651624544145,0.06828442436638749,-0.12998262166111207,-0.016655596147182705,-0.009765624999851008,-12.608959482394567,-0.06751756502903328,0.009083396236509778
F3_vs_scratch_baseline,TransUNet_scratch_seed42,F3_directional_multiscale_scratch_seed42,ANFC_001307.png,8_92229,0.007683941241380388,0.010384632680575545,0.027409484953160423,-0.021094407316088137,-0.0033453511751483367,0.000335693359369893,51.17339381725722,0.02100705917121437,0.02086511454272366
F3_vs_scratch_baseline,TransUNet_scratch_seed42,F3_directional_multiscale_scratch_seed42,ANFC_001308.png,8_92229,0.03789854388624847,0.05314776251330755,0.07669237359658776,-0.00857580767925914,-0.0028188745002423188,0.005676269531163403,-8.36931687685298,0.061882476127927966,0.03731247726744713
F3_vs_scratch_baseline,TransUNet_scratch_seed42,F3_directional_multiscale_scratch_seed42,ANFC_001309.png,8_92229,-0.06559225008033875,-0.08158484216097162,0.03441636581602492,-0.1147396220866792,-0.018621397500551917,-0.015258789062267186,11.573149885603675,-0.06281156450059266,-0.06380736724727754
F3_vs_scratch_baseline,TransUNet_scratch_seed42,F3_directional_multiscale_scratch_seed42,ANFC_001310.png,8_92229,-0.057918633280510945,-0.06726914527929767,0.03537877272928669,-0.13149418801793433,-0.020451654469125113,-0.016189575195065475,18.702025854396336,-0.10137141307441844,-0.0711783340831027
F3_vs_scratch_baseline,TransUNet_scratch_seed42,F3_directional_multiscale_scratch_seed42,ANFC_001311.png,8_92229,-0.0493884431154602,-0.04925083966033894,-0.014771556161191524,-0.059649254958843434,-0.0085429141715202,-0.008819580077990441,-75.76016845356409,0.014495582781105631,-0.029131491427663914
F3_vs_scratch_baseline,TransUNet_scratch_seed42,F3_directional_multiscale_scratch_seed42,ANFC_001312.png,8_92229,-0.021641603473158688,-0.023093556614952826,0.11923758862605549,-0.13979531148645707,-0.0244985579440139,-0.014602661132589678,34.81405963591497,-0.014791989756367419,0.009432631001859537
F3_vs_scratch_baseline,TransUNet_scratch_seed42,F3_directional_multiscale_scratch_seed42,ANFC_001313.png,8_92229,0.014248860388999973,0.0171094881136854,0.015240083504125201,0.013284161752519119,0.00100418134525726,0.0020446777343438027,-2.398657795069324,0.008284647781750976,0.026267110903657187
F3_vs_scratch_baseline,TransUNet_scratch_seed42,F3_directional_multiscale_scratch_seed42,ANFC_001314.png,8_92229,0.054989527644274006,0.06887616383433537,0.09664082682344144,0.01495952258505806,-0.00045596767345701394,0.0024108886718381406,-0.5377002994914779,0.054702531996300596,0.08133348049562472
F3_vs_scratch_baseline,TransUNet_scratch_seed42,F3_directional_multiscale_scratch_seed42,ANFC_001315.png,8_92229,-0.017830578135566655,-0.02872697591433282,-0.013045724617276488,-0.022532812349602915,-0.0032183271619334874,-0.004379272460870665,2.7526079544364395,-0.03248362718010933,-0.014717984712468324
F3_vs_scratch_baseline,TransUNet_scratch_seed42,F3_directional_multiscale_scratch_seed42,ANFC_001316.png,8_92229,0.019971680460719732,0.02315529487309831,0.08440890918510469,-0.05259766995433146,-0.016167379933143655,-0.0027313232421457556,-3.848857801796104,0.038579343926994025,-0.02659088756037964
F3_vs_scratch_baseline,TransUNet_scratch_seed42,F3_directional_multiscale_scratch_seed42,ANFC_001317.png,8_92229,-0.012665871277823038,-0.014868669783329236,0.008085106379538298,-0.026887599928729577,-0.0020574177823876605,-0.0016937255859116318,-3.1359161683112227,0.02233243618579306,-0.06592395220157565
F3_vs_scratch_baseline,TransUNet_scratch_seed42,F3_directional_multiscale_scratch_seed42,ANFC_001318.png,8_92229,-0.009713321162042488,-0.010250890801312973,0.16796022311812264,-0.1686951998154813,-0.05809041717475838,-0.029647827147985084,-10.004282799190207,-0.016194060629112217,-0.05039773353001564
F3_vs_scratch_baseline,TransUNet_scratch_seed42,F3_directional_multiscale_scratch_seed42,ANFC_001319.png,8_92229,0.09681641188383006,0.1157966475899721,0.2115872778540262,-0.05389657036156592,-0.014701133601612959,0.008422851562371547,-37.19920340566993,-0.004372492395117611,-0.04189706049290348
F3_vs_scratch_baseline,TransUNet_scratch_seed42,F3_directional_multiscale_scratch_seed42,ANFC_001321.png,8_92229,0.00046230031332994415,0.0006752567868902881,0.01938286732545591,-0.016057900770670264,-0.00415495323460191,-0.0009307861327982891,-1.3851648071345037,0.0054402442184234845,-0.012915826834152044
F3_vs_scratch_baseline,TransUNet_scratch_seed42,F3_directional_multiscale_scratch_seed42,ANFC_001322.png,8_92229,0.011120797371989677,0.01475498322664115,0.0177249707795627,0.006546246184487625,0.00033111486374082233,0.0016937255859117428,-5.170101900578245,0.02857403173292239,-0.01123247335669153
F3_vs_scratch_baseline,TransUNet_scratch_seed42,F3_directional_multiscale_scratch_seed42,ANFC_001324.png,8_92229,0.28844074529236124,0.27027482354076043,0.3194420819323963,0.17668416585817348,0.0014415743332476527,0.0299682617182927,-14.622046409685865,0.2522399893454432,0.10640319240060514
F3_vs_scratch_baseline,TransUNet_scratch_seed42,F3_directional_multiscale_scratch_seed42,ANFC_001325.png,8_92229,-0.011383767555929292,-0.01646340412949321,0.015895398023856422,-0.03845186913893073,-0.00680696284737492,-0.004104614257749772,0.09901951359278449,-0.00011739221106454867,-0.018651447400903187
F3_vs_scratch_baseline,TransUNet_scratch_seed42,F3_directional_multiscale_scratch_seed42,ANFC_001326.png,8_92229,-0.03902145429652737,-0.0533183515109682,-0.0699029126123103,-0.012959810441449893,0.0005016346369981495,-0.007797241210818484,9.361676909286192,-0.04724373600682141,-0.035924769018599756
F3_vs_scratch_baseline,TransUNet_scratch_seed42,F3_directional_multiscale_scratch_seed42,ANFC_001327.png,8_92229,0.0032733058620830757,0.0049332520718224915,0.04247990814545344,-0.03247375449313605,-0.00592473705767782,-0.0007781982421756206,-0.16227766016837952,0.019825081093889696,-0.020844249812967952
F3_vs_scratch_baseline,TransUNet_scratch_seed42,F3_directional_multiscale_scratch_seed42,ANFC_001328.png,8_92229,-0.020958045765739786,-0.027733114849625373,-0.0347413146669906,-0.0038153477496403188,0.0005214308061229911,-0.0037841796874422684,-25.782318304272074,0.0123203057990251,-0.005395217124234519
F3_vs_scratch_baseline,TransUNet_scratch_seed42,F3_directional_multiscale_scratch_seed42,ANFC_001329.png,8_92229,0.09948043053224032,0.10983207444150406,0.22226517198527695,-0.011982125786992981,-0.019437472955094015,0.009185791015484779,-11.120724510307028,0.08414943132265229,0.07567828213362454
F3_vs_scratch_baseline,TransUNet_scratch_seed42,F3_directional_multiscale_scratch_seed42,ANFC_001330.png,8_92229,-0.09432283517059104,-0.10827100736047301,-0.04311506331944015,-0.12421180742249716,-0.029596999001452406,-0.031127929687025047,33.72367956700254,-0.09822937718118518,-0.0758245658893294
F3_vs_scratch_baseline,TransUNet_scratch_seed42,F3_directional_multiscale_scratch_seed42,ANFC_001333.png,8_92229,0.015401880539593682,0.019831397114545513,-0.018867924521455692,0.04304759989848905,0.0032653711372528926,0.002334594726526862,-6.295854616928668,0.07006071876200892,0.04102054221594231
F3_vs_scratch_baseline,TransUNet_scratch_seed42,F3_directional_multiscale_scratch_seed42,ANFC_001334.png,8_92229,0.057991740793691404,0.07201123374284091,0.1326056956300834,-0.062264864533675524,-0.012125423434167892,0.005477905273354011,-0.5056593125142257,0.02959062921419331,0.035016903142505384
F3_vs_scratch_baseline,TransUNet_scratch_seed42,F3_directional_multiscale_scratch_seed42,ANFC_001335.png,8_92229,0.0036149351938691288,0.004537988647365987,0.025928367386084727,-0.012146459803951126,-0.00250881364265787,-0.0005340576171792843,2.0,-0.0022617071963252355,0.007430763586363298
F3_vs_scratch_baseline,TransUNet_scratch_seed42,F3_directional_multiscale_scratch_seed42,ANFC_001336.png,8_92229,0.0015286405716600227,0.002181612555934076,0.02702140926480534,-0.017131961208365354,-0.002783038287315187,-0.0005950927734283962,0.4432736152956096,0.005631436648131372,-0.02336477382913682
F3_vs_scratch_baseline,TransUNet_scratch_seed42,F3_directional_multiscale_scratch_seed42,ANFC_001337.png,8_92229,0.004746162378778118,0.005701195405752091,0.00854492187291378,0.0026061918032460607,3.255208333285964e-05,0.0005645751953038403,-3.8227960827596803,-0.015608389680045742,-0.046246412690626904
F3_vs_scratch_baseline,TransUNet_scratch_seed42,F3_directional_multiscale_scratch_seed42,ANFC_001338.png,8_92229,-0.0026129080322845333,-0.003683350080614267,0.014246141667145551,-0.01551634417548775,-0.002331272113978766,-0.0010528564452965128,-2.6157731058639087,0.015906980774735846,-0.0048813544795736075
F3_vs_scratch_baseline,TransUNet_scratch_seed42,F3_directional_multiscale_scratch_seed42,ANFC_001339.png,8_92229,0.026183708059675626,0.03144970434278993,0.09332955670679377,-0.03408313192758483,-0.011321077383303568,-4.5776367186722844e-05,-4.820348406794224,0.05587366081409528,0.02723415678204355
F3_vs_scratch_baseline,TransUNet_scratch_seed42,F3_directional_multiscale_scratch_seed42,ANFC_001340.png,8_92229,-0.014205555181451057,-0.01773919537015911,-0.01658442982228836,-0.012387072317572523,-0.0023695054944647964,-0.003952026367127215,-0.39917087474126234,-0.03739557775739322,-0.010680175608933473
F3_vs_scratch_baseline,TransUNet_scratch_seed42,F3_directional_multiscale_scratch_seed42,ANFC_001341.png,8_92229,0.01038665815498252,0.014618059385831161,0.04193748064965375,-0.013946538744133541,-0.003757998442567634,0.0007476806640511757,0.0,-0.009788110239067116,0.009550462945556726
F3_vs_scratch_baseline,TransUNet_scratch_seed42,F3_directional_multiscale_scratch_seed42,ANFC_001342.png,8_92229,-0.011667102493964743,-0.016457405607539055,0.022627965040164177,-0.035185369766896235,-0.0070524962791392865,-0.004150390624936717,0.3944487245360109,0.00304545325442529,0.0020932913804130315
F3_vs_scratch_baseline,TransUNet_scratch_seed42,F3_directional_multiscale_scratch_seed42,ANFC_001343.png,8_92229,0.01483171667254135,0.011167323063845713,0.014953271026290516,0.002386759466188715,-0.001211036225758022,0.0009002685546737332,-8.612886973900828,0.020794221701496474,-0.018873850108198698
F3_vs_scratch_baseline,TransUNet_scratch_seed42,F3_directional_multiscale_scratch_seed42,ANFC_001347.png,8_92229,0.022911392926035612,0.02630439775879212,0.08744504150994226,-0.03938526751085902,-0.010505934842823361,-0.001327514648417294,-0.701944965798802,0.015752624181641695,-0.024529227904047213
F3_vs_scratch_baseline,TransUNet_scratch_seed42,F3_directional_multiscale_scratch_seed42,ANFC_001971.png,9_60031,-0.0004828144712450966,-0.0006895371788867566,-0.046798029499017235,0.030561023965357315,0.0008343118472152744,0.00024414062499622524,-1.0,-0.014888019837863142,0.02514621370194503
F3_vs_scratch_baseline,TransUNet_scratch_seed42,F3_directional_multiscale_scratch_seed42,ANFC_001972.png,9_60031,0.004597682725751562,0.004707913320183832,0.005555555553497904,0.0007664775012015124,-3.18288878980999e-05,0.00019836425780939138,-14.477383186425119,0.06806708015734741,0.059193007226257977
F3_vs_scratch_baseline,TransUNet_scratch_seed42,F3_directional_multiscale_scratch_seed42,ANFC_001973.png,9_60031,2.9901781334329414e-05,4.016809896167928e-05,-0.019929660015658546,0.018177652814384992,0.0012703050319756715,0.00044250488280572764,0.349030329381919,-0.024297800177532358,-0.01827783758510393
F3_vs_scratch_baseline,TransUNet_scratch_seed42,F3_directional_multiscale_scratch_seed42,ANFC_001976.png,9_60031,0.025905988702151106,0.029791265245011966,0.03336339042679737,0.012154387697057234,9.475978394624107e-05,0.0012207031249814593,-3.280411565530507,0.031918106532414,0.0023139235319518114
F3_vs_scratch_baseline,TransUNet_scratch_seed42,F3_directional_multiscale_scratch_seed42,ANFC_001977.png,9_60031,0.01178247328212867,0.01136046601161439,0.021808268958742216,-0.03907569473963168,-0.0008683982000337043,-0.00010681152343594569,0.7701212614556923,0.020403161801822778,0.031095214497245838
F3_vs_scratch_baseline,TransUNet_scratch_seed42,F3_directional_multiscale_scratch_seed42,ANFC_001980.png,9_60031,-0.010149243301861066,-0.011647250948038423,-0.02898550723282589,0.01984078897562236,0.0009937378740161318,1.5258789062166933e-05,-1.0687237102588085,-0.000792741270509878,-0.05494264390151893
F3_vs_scratch_baseline,TransUNet_scratch_seed42,F3_directional_multiscale_scratch_seed42,ANFC_001981.png,9_60031,-0.01726948322269084,-0.023299592697152538,-0.025166191820908734,-0.012376572203835479,-0.0004256660885949559,-0.0012207031249813483,0.38516480713450374,-0.024992032886596238,-0.04596492996727919
F3_vs_scratch_baseline,TransUNet_scratch_seed42,F3_directional_multiscale_scratch_seed42,ANFC_002454.png,frame_000001,0.009415370361160802,0.01558168864415399,0.028849621343517873,-0.009799911795639216,-0.0013168861476693383,0.0012359619140436262,-1.3944487245360109,0.01488965114400187,0.051859833571509584
F3_vs_scratch_baseline,TransUNet_scratch_seed42,F3_directional_multiscale_scratch_seed42,ANFC_002455.png,frame_000001,0.0014898023907135016,0.0019505483862126693,0.03918701563983229,-0.03713671952856801,-0.006933914850726031,-0.0021209716796550815,-67.42378358816792,0.009937772351863883,-0.01159799231398062
F3_vs_scratch_baseline,TransUNet_scratch_seed42,F3_directional_multiscale_scratch_seed42,ANFC_002456.png,frame_000001,-0.005714998684966166,-0.00868863071706405,0.010608533456445746,-0.024081146939147424,-0.004108290319110419,-0.0021820068359041933,0.12310562561766059,-0.010213780019116214,-0.01767542462159688
F3_vs_scratch_baseline,TransUNet_scratch_seed42,F3_directional_multiscale_scratch_seed42,ANFC_002457.png,frame_000001,0.0076249390329286015,0.010099254494106535,0.01046048891296636,0.002967249334105748,0.00017623940360278478,0.0015563964843512412,-4.639099862484791,0.010690684556822427,0.018934349668279782
F3_vs_scratch_baseline,TransUNet_scratch_seed42,F3_directional_multiscale_scratch_seed42,ANFC_002458.png,frame_000001,0.011514737563715016,0.017411863170045727,0.031063321378479447,-0.015718706859159992,-0.0011572753500161959,0.0009002685546737332,-0.8768943743823394,0.00537559522983333,0.030233777014052055
F3_vs_scratch_baseline,TransUNet_scratch_seed42,F3_directional_multiscale_scratch_seed42,ANFC_002459.png,frame_000001,0.005198836458665257,0.008219518014379035,0.016491754121290225,-0.009843533702787899,-0.001818803911296074,0.000976562499985012,0.0,0.005572996890256365,0.02845308987132611
F3_vs_scratch_baseline,TransUNet_scratch_seed42,F3_directional_multiscale_scratch_seed42,ANFC_002460.png,frame_000001,0.028156829261539174,0.03973005725951828,0.051359822055266346,-0.006510730218262983,-0.0021385569233149937,0.005935668945221906,-1.0,0.014321828366097966,0.042480524643405904
F3_vs_scratch_baseline,TransUNet_scratch_seed42,F3_directional_multiscale_scratch_seed42,ANFC_002461.png,frame_000001,0.023933818791494144,0.03612841202319805,0.04109969451788409,0.007918975878812406,9.687575684036442e-05,0.00234985351558914,0.0,0.010278372170495986,0.03380434005477351
F3_vs_scratch_baseline,TransUNet_scratch_seed42,F3_directional_multiscale_scratch_seed42,ANFC_002462.png,frame_000001,0.0163148435269731,0.025452788657835623,0.052805280520131226,-0.022918988617038227,-0.003618141668020769,0.0021209716796550815,-1.0,0.008232631167588655,0.03524479869925301
F3_vs_scratch_baseline,TransUNet_scratch_seed42,F3_directional_multiscale_scratch_seed42,ANFC_002463.png,frame_000001,0.0012887525406225508,0.0020606302115653286,0.03039785426458086,-0.026823351220409353,-0.004062898427470318,-0.0005340576171793954,0.0,-0.00687663565286234,0.012401801857866546
F3_vs_scratch_baseline,TransUNet_scratch_seed42,F3_directional_multiscale_scratch_seed42,ANFC_002464.png,frame_000001,0.009091011200236476,0.012003385115192167,0.03004694834740307,-0.00320816303605187,-0.0010586933157784584,0.0004577636718680056,-0.07234984819986323,0.0037398771971293154,0.00846134946350574
F3_vs_scratch_baseline,TransUNet_scratch_seed42,F3_directional_multiscale_scratch_seed42,ANFC_002465.png,frame_000001,0.0026664221787169318,0.004172197501838726,0.020056157237591132,-0.014460723702146905,-0.0025664433228970163,1.5258789062277955e-05,0.0,0.002669687806711285,0.03130527287435758
F3_vs_scratch_baseline,TransUNet_scratch_seed42,F3_directional_multiscale_scratch_seed42,ANFC_002466.png,frame_000001,-0.007407979407435095,-0.01147673406913352,-0.007404996337586067,-0.007410624171520386,-0.0016902360696060548,-0.0027618408202704225,0.0,-0.009517241023420664,0.007959498262014031
F3_vs_scratch_baseline,TransUNet_scratch_seed42,F3_directional_multiscale_scratch_seed42,ANFC_002467.png,frame_000001,-0.022424150544869348,-0.03359668989548881,0.02176165802545038,-0.061871950103298046,-0.005285686490607566,-0.0036926269530687117,63.45932290035835,-0.051238314122459494,-0.0407902742007058
F3_vs_scratch_baseline,TransUNet_scratch_seed42,F3_directional_multiscale_scratch_seed42,ANFC_002468.png,frame_000001,-0.006741845362633669,-0.011018404508651325,0.0007053844343509752,-0.014132318592716464,-0.0011096062529394324,-0.000991821289047401,0.25411545051328943,-0.024568379737227142,-0.010007631209956291
F3_vs_scratch_baseline,TransUNet_scratch_seed42,F3_directional_multiscale_scratch_seed42,ANFC_002469.png,frame_000001,0.0024214783569845855,0.0038515585177782974,0.014873375316243664,-0.010631612102558474,-0.001739190329382967,0.00015258789062266853,0.0,-0.0014439500680506479,0.010590659287306625
F3_vs_scratch_baseline,TransUNet_scratch_seed42,F3_directional_multiscale_scratch_seed42,ANFC_002470.png,frame_000001,0.016851011867816568,0.025088340680525345,0.0048543689310569516,0.027505333887404837,0.0028221547398530333,0.002975463867142092,-0.3944487245360109,-6.839954476123289e-05,0.011672612444882824
F3_vs_scratch_baseline,TransUNet_scratch_seed42,F3_directional_multiscale_scratch_seed42,ANFC_002471.png,frame_000001,-0.04257079773463679,-0.06476980864639803,-0.0032679738552382487,-0.07145234881937867,-0.005597555090789741,-0.005477905273354011,-47.27063962184889,-0.04666655715134094,-0.0632331589573133
F3_vs_scratch_baseline,TransUNet_scratch_seed42,F3_directional_multiscale_scratch_seed42,ANFC_002472.png,frame_000001,0.00956587714266377,0.013481310465611518,0.04566729917195855,-0.027576609642582572,-0.0060037132792072345,0.0002288818359340583,-1.7078462692276402,0.022814733369379447,-0.00937028027459208
F3_vs_scratch_baseline,TransUNet_scratch_seed42,F3_directional_multiscale_scratch_seed42,ANFC_002473.png,frame_000001,0.021208961568642937,0.030823589015217978,0.04749503967664992,-0.007650505885466008,-0.00241856904227411,0.0037231445311931566,-3.0,0.04801909728203624,0.03310445289841979
F3_vs_scratch_baseline,TransUNet_scratch_seed42,F3_directional_multiscale_scratch_seed42,ANFC_002476.png,frame_000001,0.019805767040263378,0.029668924807670582,0.050083163916081475,-0.014763831067557853,-0.0020790020789674957,0.002227783203091027,-1.0990195135927845,0.023185827472887333,0.0050106459996818176
F3_vs_scratch_baseline,TransUNet_scratch_seed42,F3_directional_multiscale_scratch_seed42,ANFC_002477.png,frame_000001,0.00958963327522,0.014556425506898285,0.034589892287781754,-0.02307594824715098,-0.002026092113032507,0.000671386718739786,-4.19854567972817,0.015836566064778235,0.042590707520998916
F3_vs_scratch_baseline,TransUNet_scratch_seed42,F3_directional_multiscale_scratch_seed42,ANFC_002478.png,frame_000001,0.038726022833297735,0.053773167607014005,0.07483850636917622,-0.01578283359223609,-0.0025849397691702913,0.00491333007805006,-1.0827625302982193,0.04630096707394882,0.07724448955912189
F3_vs_scratch_baseline,TransUNet_scratch_seed42,F3_directional_multiscale_scratch_seed42,ANFC_002479.png,frame_000001,0.008328540171860688,0.01187971614787009,0.021165012172582487,-0.009431383194867804,-0.002296839111846971,0.0015258789062266853,-0.6456326979609877,-0.007261298311792785,0.023677491311823395
F3_vs_scratch_baseline,TransUNet_scratch_seed42,F3_directional_multiscale_scratch_seed42,ANFC_002480.png,frame_000001,0.006482633830256046,0.008786666810174482,0.03534795644068989,-0.029082229076132227,-0.004172367776412278,-0.00035095214843217093,-0.06600462107178195,0.005069402748066887,-0.006668338488874603
F3_vs_scratch_baseline,TransUNet_scratch_seed42,F3_directional_multiscale_scratch_seed42,ANFC_002481.png,frame_000001,0.0016778938001958954,0.0025054452129096294,0.014439773347753593,-0.014760021632130194,-0.001465079497186994,-0.00013732910156039058,-0.793219831331224,-0.007220260437262871,0.023382122137911576
F3_vs_scratch_baseline,TransUNet_scratch_seed42,F3_directional_multiscale_scratch_seed42,ANFC_002482.png,frame_000001,0.022051494790321535,0.0315325422547863,0.04349796102814929,-0.007673210463729929,-0.002010298370564767,0.004119873046812161,-2.219544457292887,0.01655086250442883,0.029911075395509967
F3_vs_scratch_baseline,TransUNet_scratch_seed42,F3_directional_multiscale_scratch_seed42,ANFC_002483.png,frame_000001,0.038474819923949966,0.0582789898822873,0.07204952580715884,-0.014077162600199422,-0.002036448985192063,0.006546020507712691,-1.3098582948312,0.018748592070264802,0.10186028550125781
F3_vs_scratch_baseline,TransUNet_scratch_seed42,F3_directional_multiscale_scratch_seed42,ANFC_002484.png,frame_000001,0.004178372035801736,0.006054297353669913,0.01318960050561957,-0.006243503859840405,-0.0012315484553392375,0.0005035400390548395,0.0,-0.0029605835250264834,0.014464945773077442
F3_vs_scratch_baseline,TransUNet_scratch_seed42,F3_directional_multiscale_scratch_seed42,ANFC_002485.png,frame_000001,-0.022154112246346003,-0.029403998537690046,-0.032082981542385425,-0.00568621346271958,-6.98750982607299e-05,-0.004119873046812161,3.221427778881356,-0.0391699282374548,-0.0049197355193915104
F3_vs_scratch_baseline,TransUNet_scratch_seed42,F3_directional_multiscale_scratch_seed42,ANFC_002486.png,frame_000001,0.006505429837548982,0.009894652461247211,0.0026246719156053366,0.010533075868125574,0.0012699165241323307,0.0014038085937285727,-0.445787087710797,0.022994666471312653,0.03489567233686752
F3_vs_scratch_baseline,TransUNet_scratch_seed42,F3_directional_multiscale_scratch_seed42,ANFC_002487.png,frame_000001,-0.005673558517324984,-0.00925677092863264,0.005452775071966287,-0.0191260996156839,-0.0016059336765681387,-0.0010528564452965128,0.12310562561766059,-0.011218283483510838,0.0003472659880208173
F3_vs_scratch_baseline,TransUNet_scratch_seed42,F3_directional_multiscale_scratch_seed42,ANFC_002488.png,frame_000001,0.019760555398021573,0.02800934453820647,0.03810289388454935,-0.004451672430175968,-0.0010621080315418308,0.002655029296834477,-4.900249812626583,0.058373846283541475,0.08006805889869073
F3_vs_scratch_baseline,TransUNet_scratch_seed42,F3_directional_multiscale_scratch_seed42,ANFC_002489.png,frame_000001,0.006095270882768844,0.007682465793373616,0.010835659167487188,-0.0023964309498661907,-0.00040373454453024316,0.000640869140615119,-2.658880513836813,0.01909528802417948,0.015161374425876173
F3_vs_scratch_baseline,TransUNet_scratch_seed42,F3_directional_multiscale_scratch_seed42,ANFC_002490.png,frame_000001,0.07729225720162258,0.1172961001554561,0.008806262226611405,0.12930790134565961,0.005890505890413178,0.00598144531240874,4.956821471144565,0.0636127421980639,0.063247485768685
F3_vs_scratch_baseline,TransUNet_scratch_seed42,F3_directional_multiscale_scratch_seed42,ANFC_002491.png,frame_000001,0.01731393286681504,0.025998808891307124,0.05453294339333692,-0.021556074967121308,-0.003298561693094837,0.0018310546874720224,-0.3944487245360109,0.017927877789186586,0.007588536211950214
F3_vs_scratch_baseline,TransUNet_scratch_seed42,F3_directional_multiscale_scratch_seed42,ANFC_002492.png,frame_000001,0.06513715736867454,0.07450457507336189,0.09938347717640161,-0.042061568373915614,-0.005572388813332441,0.007415771484261757,-34.936579875007496,0.07608456915922601,0.006228418613200004
F3_vs_scratch_baseline,TransUNet_scratch_seed42,F3_directional_multiscale_scratch_seed42,ANFC_002493.png,frame_000001,-0.08093134911621258,-0.08869707870588744,0.06792452827858497,-0.1849898293457236,-0.019498251385006715,-0.015609741210699246,0.32912801155549687,-0.09468610594599247,-0.06409190710757828
F3_vs_scratch_baseline,TransUNet_scratch_seed42,F3_directional_multiscale_scratch_seed42,ANFC_002494.png,frame_000001,0.016565823346168296,0.02266193288792473,0.03779710144489312,-0.003109189549409419,-0.0022842684190703677,0.00299072265620437,0.6253028873133477,0.025518190949743613,-0.012896718571467347
F3_vs_scratch_baseline,TransUNet_scratch_seed42,F3_directional_multiscale_scratch_seed42,ANFC_002495.png,frame_000001,0.008169336507219627,0.012579007645182938,0.019179810723131907,-0.0045408010692260525,-0.0009720365902176065,0.0014648437499776845,0.0,-0.011976472505139557,0.0023822049690410685
F3_vs_scratch_baseline,TransUNet_scratch_seed42,F3_directional_multiscale_scratch_seed42,ANFC_002496.png,frame_000001,0.008255951563901909,0.012459839133222572,0.014460380905894521,0.0016293659690768125,-7.013852358284112e-05,0.0018157958984097444,-0.5278640450004204,0.005301297842228769,0.024761426694412392
F3_vs_scratch_baseline,TransUNet_scratch_seed42,F3_directional_multiscale_scratch_seed42,ANFC_002497.png,frame_000001,0.001442025820581283,0.00232807719716166,-0.005736650224869355,0.01022195016889238,0.004095213718878665,0.001296997070292738,0.0,0.0016944705153391082,0.013592473983071174
F3_vs_scratch_baseline,TransUNet_scratch_seed42,F3_directional_multiscale_scratch_seed42,ANFC_002498.png,frame_000001,0.003619523373822209,0.00578676845896664,0.004165088981052056,0.0030989851385511136,0.0005821145310233033,0.0011596679687322364,0.0,0.0024057309044221986,0.01301872471394705
F3_vs_scratch_baseline,TransUNet_scratch_seed42,F3_directional_multiscale_scratch_seed42,ANFC_002499.png,frame_000001,0.026417573744594858,0.03691882114725842,0.042317073165571095,0.007371910586451591,0.0,0.005294799804606787,-1.7454060456565177,0.0170300397428248,0.001129798785338032
F3_vs_scratch_baseline,TransUNet_scratch_seed42,F3_directional_multiscale_scratch_seed42,ANFC_002500.png,frame_000001,-0.019300241948492447,-0.028578493874669375,0.013506114251961021,-0.04751169977503289,-0.006077559651563091,-0.004440307617119776,3.280109889280518,-0.0284978518216632,-0.04137406698194801
F3_vs_scratch_baseline,TransUNet_scratch_seed42,F3_directional_multiscale_scratch_seed42,ANFC_002501.png,frame_000001,0.026725523028368614,0.03594779632603595,0.04840116278366269,-0.0038938673360109366,-0.0014491271139960293,0.0037841796874422684,-1.7082039324993694,0.05129287159249052,0.06519042446148815
F3_vs_scratch_baseline,TransUNet_scratch_seed42,F3_directional_multiscale_scratch_seed42,ANFC_002502.png,frame_000001,0.029514918112007682,0.0402975214181881,0.05359898975350086,-0.003446257893425786,-0.0035100035099351334,0.008911132812363998,-5.033296378372908,0.03784614701396727,0.03787449502453488
F3_vs_scratch_baseline,TransUNet_scratch_seed42,F3_directional_multiscale_scratch_seed42,ANFC_002503.png,frame_000001,0.0022116864671235525,0.003073642228022644,-0.0040435458783791844,0.009671510869192268,0.00277166071830115,0.0014343261718531286,-0.9031215946964526,0.0001985359941004683,0.011703400118625584
F3_vs_scratch_baseline,TransUNet_scratch_seed42,F3_directional_multiscale_scratch_seed42,ANFC_002504.png,frame_000001,0.0028643582918848054,0.004240897002719124,0.003434950622216104,0.002134510677437418,0.0002845962290948245,0.0007324218749887867,-0.03075877198349275,0.005052792736023992,0.019483449716395818
F3_vs_scratch_baseline,TransUNet_scratch_seed42,F3_directional_multiscale_scratch_seed42,ANFC_002505.png,frame_000001,0.004216522521058974,0.0065867937504716645,0.014281970648023834,-0.009372324144849897,-0.0012607073777068933,0.0005493164062416733,4.976903770173602,-0.0032735836619647296,0.011029005481902443
F3_vs_scratch_baseline,TransUNet_scratch_seed42,F3_directional_multiscale_scratch_seed42,ANFC_002506.png,frame_000001,0.005152263852259309,0.008237163167615469,0.020451446747394186,-0.014952984843449202,-0.0016798167472353853,0.0005493164062416733,-0.4432736152956096,0.009973403979031015,-0.011828115089492441
F3_vs_scratch_baseline,TransUNet_scratch_seed42,F3_directional_multiscale_scratch_seed42,ANFC_002507.png,frame_000001,-0.003738594595725453,-0.0060077240646689845,0.0028188328506156823,-0.01124335864563053,-0.002938370539917301,-0.0017852783202851885,0.4432736152956096,0.001033299927361453,-1.072600141216462e-05
F3_vs_scratch_baseline,TransUNet_scratch_seed42,F3_directional_multiscale_scratch_seed42,ANFC_002508.png,frame_000001,0.01097555116953386,0.01512556603106563,0.012258172113721044,0.009268733552093678,0.0016808606005961346,0.003616333007757322,-0.4721359549995796,0.020975809246909005,0.046752094325524185
F3_vs_scratch_baseline,TransUNet_scratch_seed42,F3_directional_multiscale_scratch_seed42,ANFC_002509.png,frame_000001,-0.03407537320336829,-0.04665982763337728,0.0068060281947481815,-0.0952481334844989,-0.005926215362477172,-0.005126953124921729,15.194015752617481,-0.05622914667493861,-0.051361409685230175
F3_vs_scratch_baseline,TransUNet_scratch_seed42,F3_directional_multiscale_scratch_seed42,ANFC_002510.png,frame_000001,0.003560289295267416,0.005377173591704976,0.01665585117528534,-0.013590763224406222,-0.0011163462643258848,0.00013732910156039058,-0.8377223398316205,0.008181616577325301,0.021409533058611485
F3_vs_scratch_baseline,TransUNet_scratch_seed42,F3_directional_multiscale_scratch_seed42,ANFC_002511.png,frame_000001,-0.0047254781633557785,-0.006999476683134609,0.0250047178689371,-0.040145605299019116,-0.008773526520645558,-0.003311157226511985,0.0,0.002121769169412646,0.010427506915719364
F3_vs_scratch_baseline,TransUNet_scratch_seed42,F3_directional_multiscale_scratch_seed42,ANFC_002512.png,frame_000001,0.029984134131785467,0.03491546849308225,0.046740198749946504,0.004477334019346801,-0.0015608648610020426,0.005187988281170841,-2.817397698968371,0.039130370600355846,0.029965891500340902
F3_vs_scratch_baseline,TransUNet_scratch_seed42,F3_directional_multiscale_scratch_seed42,ANFC_002513.png,frame_000001,-0.01217839810092769,-0.018268288042501357,-0.018728116601357536,-0.0016825625332670402,-9.388789784814389e-05,-0.003585815429632766,0.3124656808347881,0.0051579895597670955,-0.04637678958516822
F3_vs_scratch_baseline,TransUNet_scratch_seed42,F3_directional_multiscale_scratch_seed42,ANFC_002514.png,frame_000001,-0.003582811354141513,-0.005567660127749674,0.002200946406712867,-0.010573432265101435,-0.0017360803556886184,-0.0011901855468569034,0.0,0.0008590619824859758,-0.012705857002544452
F3_vs_scratch_baseline,TransUNet_scratch_seed42,F3_directional_multiscale_scratch_seed42,ANFC_002515.png,frame_000001,-0.004488356234662705,-0.0067712252194970235,-0.00500879924123343,-0.003969525107342942,-0.0004815216082738605,-0.00099182128904729,0.349030329381919,-0.0034325058418211984,-0.000894723067698111
F3_vs_scratch_baseline,TransUNet_scratch_seed42,F3_directional_multiscale_scratch_seed42,ANFC_002516.png,frame_000001,0.007215529701730672,0.010906805750609205,0.027327737648384254,-0.014359922541603454,-0.0017214837865737742,0.0005493164062415623,-0.11079506305587739,0.005028675424034401,0.0054609162437497805
F3_vs_scratch_baseline,TransUNet_scratch_seed42,F3_directional_multiscale_scratch_seed42,ANFC_002517.png,frame_000001,-0.00011133375848748628,-0.00017539690934142982,-0.018278965126788616,0.021968603269143405,0.002841298096624034,0.0005493164062415623,0.29972976565960074,0.005311560946223759,0.03685122955108244
F3_vs_scratch_baseline,TransUNet_scratch_seed42,F3_directional_multiscale_scratch_seed42,ANFC_002518.png,frame_000001,0.0032783883235185662,0.005348204033293058,0.007556210835319543,-0.0014684541599686574,-0.00019963400432210232,0.00044250488280572764,-0.3944487245360109,0.010395088433440947,0.019005517556729856
F3_vs_scratch_baseline,TransUNet_scratch_seed42,F3_directional_multiscale_scratch_seed42,ANFC_002519.png,frame_000001,0.005770703735820781,0.00879997956725087,0.026090639557298623,-0.015477920265985268,-0.004745863654040616,0.0008087158203001765,-0.09736659610093934,-0.0011072678501420352,0.002864452135597606
F3_vs_scratch_baseline,TransUNet_scratch_seed42,F3_directional_multiscale_scratch_seed42,ANFC_002520.png,frame_000001,-0.008512650581411152,-0.012974089546112566,-0.020956719814585134,0.006198252110149127,0.0010008311987752538,-0.0012054443359190703,0.4721359549995796,-0.014632410891114334,0.025319245470579954
F3_vs_scratch_baseline,TransUNet_scratch_seed42,F3_directional_multiscale_scratch_seed42,ANFC_002521.png,frame_000001,-0.0023830868109684378,-0.0036648295197050373,0.014346605674774193,-0.022607899804756415,-0.004184773861183877,-0.0014648437499776845,0.17689640329336953,-0.023654218585641873,-0.00023126576573484492
F3_vs_scratch_baseline,TransUNet_scratch_seed42,F3_directional_multiscale_scratch_seed42,ANFC_002522.png,frame_000001,0.03202962588486835,0.04654757330796655,0.06571161629843925,-0.011365110738115303,-0.0010429201764774465,0.002227783203091027,-0.27168944235787684,0.02880898653672348,0.06875430884597022
F3_vs_scratch_baseline,TransUNet_scratch_seed42,F3_directional_multiscale_scratch_seed42,ANFC_002523.png,frame_000001,0.08490883612463795,0.11113588630662008,0.14348614344898047,-0.03488519345007879,-0.002561815970773207,0.0060424804686577405,-3.062257748298549,0.07768393307014887,0.11584496261026644
F3_vs_scratch_baseline,TransUNet_scratch_seed42,F3_directional_multiscale_scratch_seed42,ANFC_002524.png,frame_000001,0.030940221209852847,0.04536965411227123,0.07509112999390244,-0.020000980649480304,-0.0022467885576228364,0.002609252929647643,-0.5278640450004204,0.022621895687423788,0.05757041369701987
F3_vs_scratch_baseline,TransUNet_scratch_seed42,F3_directional_multiscale_scratch_seed42,ANFC_002525.png,frame_000001,0.008953714543490476,0.013644667491581997,0.01642965621753012,-0.0022182749043938577,-0.00036024908650511556,0.0014953613281021294,0.0,0.01575686777886709,0.012289617254295782
F3_vs_scratch_baseline,TransUNet_scratch_seed42,F3_directional_multiscale_scratch_seed42,ANFC_002526.png,frame_000001,0.024258525726385094,0.03598447112853598,0.06067919323208426,-0.027445320464421163,-0.0029798275717254352,0.002655029296834477,-0.3944487245360109,0.004389863912751868,0.02492725331752288
F3_vs_scratch_baseline,TransUNet_scratch_seed42,F3_directional_multiscale_scratch_seed42,ANFC_002527.png,frame_000001,0.0009656774301080029,0.0015452958972803632,0.051846325978423646,-0.04084987420592634,-0.0027046376580589504,-0.00047302246093028355,-0.7639320225002102,0.013670859856417916,0.02137788428794085
F3_vs_scratch_baseline,TransUNet_scratch_seed42,F3_directional_multiscale_scratch_seed42,ANFC_002528.png,frame_000001,-0.028168068242602762,-0.03703691333388992,0.02081678054650926,-0.06341377005547855,-0.012052056782876464,-0.00889587402330183,4.465994424450656,-0.03662453523326792,-0.040357901473489055
F3_vs_scratch_baseline,TransUNet_scratch_seed42,F3_directional_multiscale_scratch_seed42,ANFC_002529.png,frame_000001,0.019999220241823212,0.030536307454557265,0.010254988910683216,0.02558622614470507,0.002292985402365777,0.0027313232421457556,-0.8768943743823394,0.008483972403489193,0.03887894162880079
F3_vs_scratch_baseline,TransUNet_scratch_seed42,F3_directional_multiscale_scratch_seed42,ANFC_002530.png,frame_000001,-0.09053108585443248,-0.12538938059123628,-0.04636973763075969,-0.11616163547665659,-0.0098782485783373,-0.011703491210758865,84.14469275274178,-0.200746725951075,-0.13275400594832254
F3_vs_scratch_baseline,TransUNet_scratch_seed42,F3_directional_multiscale_scratch_seed42,ANFC_002531.png,frame_000001,-0.00514161184959161,-0.008046011034608447,0.027636168492719104,-0.028588411677538117,-0.002944555000033211,-0.0012054443359190703,0.8377223398316205,-0.004120817092688189,-0.01700142928999282
F3_vs_scratch_baseline,TransUNet_scratch_seed42,F3_directional_multiscale_scratch_seed42,ANFC_002532.png,frame_000001,-0.021770140812675254,-0.03172272412553423,0.009661835744549041,-0.03818622181359377,-0.002718980698355744,-0.002288818359340028,0.3756355658342567,-0.0014599102340113745,-0.04640524174087757
F3_vs_scratch_baseline,TransUNet_scratch_seed42,F3_directional_multiscale_scratch_seed42,ANFC_002533.png,frame_000001,-0.012034305837937298,-0.017405252993653697,-0.0005261311819492187,-0.019173817242520208,-0.003058461744107732,-0.0028381347655817013,0.63014581273465,-0.010563068463247172,-0.01540918958341686
F3_vs_scratch_baseline,TransUNet_scratch_seed42,F3_directional_multiscale_scratch_seed42,ANFC_002534.png,frame_000001,-0.005036525185423413,-0.007260206059321761,-0.00479356734114833,-0.005062392546844707,-0.0007787502750887798,-0.0011749267577945144,2.259205681539033,-0.012382421431023527,0.02027261317555018
F3_vs_scratch_baseline,TransUNet_scratch_seed42,F3_directional_multiscale_scratch_seed42,ANFC_002624.png,frame_000013,-0.0022850516332992843,-0.0030771302292823544,0.04775086504364179,-0.04375963417447737,-0.007798380078857359,-0.002899169921830813,-4.52786404500042,-0.005575523649877345,-0.009107295595771059
F3_vs_scratch_baseline,TransUNet_scratch_seed42,F3_directional_multiscale_scratch_seed42,ANFC_002625.png,frame_000013,-0.010573536498618696,-0.01549878386028769,0.002157755933311467,-0.017969006646102792,-0.0021836551779974567,-0.0019073486327834122,0.5278640450004204,-6.18902048743486e-05,0.008446509956624215
F3_vs_scratch_baseline,TransUNet_scratch_seed42,F3_directional_multiscale_scratch_seed42,ANFC_002636.png,frame_000045,0.00901524895156025,0.0128467292697656,0.027324282518074616,-0.01382616585330243,-0.001825275884558386,0.0007629394531134537,-0.5968757625671515,0.036744843570168495,-0.020509720334710546
F3_vs_scratch_baseline,TransUNet_scratch_seed42,F3_directional_multiscale_scratch_seed42,ANFC_002637.png,frame_000045,-0.024476653594634468,-0.036583111137901136,0.03215379380194727,-0.06924659652755094,-0.010426095410331793,-0.006607055663961692,-0.37085754245736613,0.008834966671183775,-0.026579602552426307
F3_vs_scratch_baseline,TransUNet_scratch_seed42,F3_directional_multiscale_scratch_seed42,ANFC_002638.png,frame_000045,-0.018568979398585705,-0.025504904610922474,0.0016135538517089154,-0.03138675731067697,-0.0021567787874120503,-0.002014160156219247,1.5278640450004204,-0.010656198445166964,-0.029872067518247558
F3_vs_scratch_baseline,TransUNet_scratch_seed42,F3_directional_multiscale_scratch_seed42,ANFC_002651.png,frame_000053,-0.0031959752120146456,-0.0048058474047596444,0.009343299518240311,-0.014814090832465321,-0.0026359313623692815,-0.0012664794921681821,-0.04521811301177259,0.008372891985870323,-0.01869026169440058
F3_vs_scratch_baseline,TransUNet_scratch_seed42,F3_directional_multiscale_scratch_seed42,ANFC_002652.png,frame_000053,-0.005661729295660556,-0.008574688124410312,0.00046941010789081083,-0.010788152265937767,-0.0015724067968286848,-0.0013732910156040168,0.38516480713450374,0.005893540739587033,-0.03440387498607278
F3_vs_scratch_baseline,TransUNet_scratch_seed42,F3_directional_multiscale_scratch_seed42,ANFC_002653.png,frame_000053,-0.01138711509447643,-0.013173702593871073,0.014523369417870802,-0.02402721902597571,-0.00416201072075395,-0.0030822753905779265,-27.944525384808074,-0.025848326297986057,-0.0007827006304109707
F3_vs_scratch_baseline,TransUNet_scratch_seed42,F3_directional_multiscale_scratch_seed42,ANFC_002668.png,frame_000075,0.044488247393066116,0.058507800944119226,0.06699879744597181,0.007396760357180954,-0.0003516704345583044,0.00563049316397668,-2.457693712691186,0.042385839067279885,0.0107952185920559
F3_vs_scratch_baseline,TransUNet_scratch_seed42,F3_directional_multiscale_scratch_seed42,ANFC_002669.png,frame_000075,-0.008640001334201508,-0.012967129853230341,-0.03069806559704258,0.008411571358620917,0.0024485462826195903,-0.0011596679687322364,40.768816201753985,-0.03188685615241671,0.04835215921255209
F3_vs_scratch_baseline,TransUNet_scratch_seed42,F3_directional_multiscale_scratch_seed42,ANFC_002709.png,frame_26,-0.0007648213625980338,-0.001114258573657656,-0.003682884279542331,0.003161552336061857,0.0006519613169500005,-3.051757812444489e-05,0.08577466990550597,0.011940024678798622,-0.015395291651613241
F3_vs_scratch_baseline,TransUNet_scratch_seed42,F3_directional_multiscale_scratch_seed42,ANFC_002710.png,frame_26,0.009202885290693907,0.012737975641061383,0.01907772811304065,3.466960495990268e-05,-0.0008516225183036186,0.001937866210907968,-0.21110255092797825,0.01528382162867481,0.006603908393612912
F3_vs_scratch_baseline,TransUNet_scratch_seed42,F3_directional_multiscale_scratch_seed42,ANFC_002711.png,frame_26,-0.019062080197866926,-0.0271624988559509,-0.03760370649309297,-0.0010440547048325977,0.0012443338369702017,-0.004257202148372552,0.11671842700027835,-0.019400877803731786,-0.039217425536245076
F3_vs_scratch_baseline,TransUNet_scratch_seed42,F3_directional_multiscale_scratch_seed42,ANFC_002712.png,frame_26,-0.016164172171621916,-0.02271097527401489,-0.02752746574157172,-0.008773226221583386,-0.0006790284669508928,-0.003997802734314049,-1.419018609888406,0.014703319691571237,-0.016448588087871974
F3_vs_scratch_baseline,TransUNet_scratch_seed42,F3_directional_multiscale_scratch_seed42,ANFC_002713.png,frame_26,-0.012106553154079602,-0.017964515998893593,-0.015406836781968414,-0.009341477319762537,-0.001310547284523178,-0.0030975341796402045,0.746269987940468,-0.01417165649279406,-0.02381565124743179
F3_vs_scratch_baseline,TransUNet_scratch_seed42,F3_directional_multiscale_scratch_seed42,ANFC_002714.png,frame_26,-0.013828698099173975,-0.019987016120487366,-0.011889192722400521,-0.015339103347285388,-0.0027133479211778333,-0.003890991210878214,0.6148351928654963,-0.01744500399250659,-0.02384595954949864
F3_vs_scratch_baseline,TransUNet_scratch_seed42,F3_directional_multiscale_scratch_seed42,ANFC_002730.png,frame_52,-0.015835242715325215,-0.022409291938107923,0.027308192448859514,-0.044164489221420355,-0.004114633365287945,-0.00263977050777231,1.0,-0.006188957627361935,-0.05403075685555858
F3_vs_scratch_baseline,TransUNet_scratch_seed42,F3_directional_multiscale_scratch_seed42,ANFC_002731.png,frame_52,-0.009992533598221609,-0.01380579052267239,0.007203962177576795,-0.021027909608501538,-0.002831701967413558,-0.0021514892577796374,-0.3262409399921262,-0.023192560688591435,-0.009361687320042833
F3_vs_scratch_baseline,TransUNet_scratch_seed42,F3_directional_multiscale_scratch_seed42,ANFC_002732.png,frame_52,-0.005238395492397241,-0.007903792252540232,0.018749999995117173,-0.027483107168617682,-0.0023664419086754096,-0.0011291503906077915,0.11953506150162418,-0.01142169160519202,-0.017715973736757817
F3_vs_scratch_baseline,TransUNet_scratch_seed42,F3_directional_multiscale_scratch_seed42,ANFC_002733.png,frame_52,-0.011595472790072892,-0.01714665934710402,0.008062709964599568,-0.024378777871841506,-0.003078384175744908,-0.002319335937464584,0.10069896497500164,-0.00449816446381246,-0.03179057406155672
F3_vs_scratch_baseline,TransUNet_scratch_seed42,F3_directional_multiscale_scratch_seed42,ANFC_002734.png,frame_52,-0.03738550086043113,-0.05115432651676155,0.0200976169910716,-0.08438860450978569,-0.00731632636605295,-0.005859374999910627,2.6157731058639087,-0.036539661234183174,-0.05316419265901773
F3_vs_scratch_baseline,TransUNet_scratch_seed42,F3_directional_multiscale_scratch_seed42,ANFC_002735.png,frame_52,0.012059081070287192,0.018380581013068942,0.02331711272844339,0.002929214483892828,-0.000115503927131555,0.001647949218724798,0.653588440843694,-0.0068549219001728945,0.02247857024379729
F3_vs_scratch_baseline,TransUNet_scratch_seed42,F3_directional_multiscale_scratch_seed42,ANFC_002754.png,frame_8,0.008264315197457628,0.011694981313256636,0.031979256689144475,-0.020194558236080073,-0.001530653347272537,0.00024414062499622524,-2.681864980709353,0.012786399368464929,-0.0064730567759251345
F3_vs_scratch_baseline,TransUNet_scratch_seed42,F3_directional_multiscale_scratch_seed42,ANFC_002755.png,frame_8,0.06045164883361753,0.07279219485080657,0.08559401305631709,0.0032173012965929226,-0.0003627874696305877,0.0024414062499628075,-35.03081341572492,0.14031177514903626,0.16056691759420177
F3_vs_scratch_baseline,TransUNet_scratch_seed42,F3_directional_multiscale_scratch_seed42,ANFC_002756.png,frame_8,0.012404646962228871,0.016583400072609167,0.03125842090238251,-0.011843646824086007,-0.0011484027496780902,0.0006866455078019529,-1.9020838198555818,0.0038239597737725894,-0.003568132416320813
F3_vs_scratch_baseline,TransUNet_scratch_seed42,F3_directional_multiscale_scratch_seed42,ANFC_002758.png,frame_8,0.00025118912833532736,0.0002963703539455853,0.027406646102293042,-0.02192077288144889,-0.002347605282872922,-0.0010223388671718459,-3.8557487527960266,0.019752446023768022,-0.030869968930011815
F3_vs_scratch_baseline,TransUNet_scratch_seed42,F3_directional_multiscale_scratch_seed42,ANFC_002759.png,frame_8,0.0015308613872155874,0.0016996849126070246,0.011567610685453644,-0.029707974853365293,-0.0007932856304114777,-0.000320434570307615,-32.02138492716165,0.0036908930597127076,0.03246811486152612
F3_vs_scratch_baseline,TransUNet_scratch_seed42,F3_directional_multiscale_scratch_seed42,ANFC_002760.png,frame_8,-0.05111031615802597,-0.06542866183145535,0.029940119746688088,-0.0872105873320912,-0.007448907125267024,-0.006210327148342798,6.1914106056735605,-0.08492462757008701,-0.06012776200054171
F3_vs_scratch_baseline,TransUNet_scratch_seed42,F3_directional_multiscale_scratch_seed42,ANFC_002761.png,frame_8,-0.030960967049555754,-0.045169819391021604,0.028635597962585302,-0.06936135304686164,-0.003466394792510874,-0.002593994140585365,1.0,-0.04286436764201118,-0.11353918220814907
F3_vs_scratch_baseline,TransUNet_scratch_seed42,F3_directional_multiscale_scratch_seed42,ANFC_002762.png,frame_8,-0.01908464093228235,-0.023639502962614523,0.021385402128598185,-0.036481239116942676,-0.0034708527253535237,-0.002655029296834477,4.722800061003447,-0.010793664923097968,-0.030872928839751124
F3_vs_scratch_baseline,TransUNet_scratch_seed42,F3_directional_multiscale_scratch_seed42,ANFC_002763.png,frame_8,-0.09275624313191999,-0.11304578992825753,0.033541785086104725,-0.15500126670739034,-0.010223121187728723,-0.0090484619139245,23.31380027942854,-0.1541862721109155,-0.17153508418443209
F3_vs_scratch_baseline,TransUNet_scratch_seed42,F3_directional_multiscale_scratch_seed42,ANFC_002764.png,frame_8,-0.036880815261905786,-0.05019149299093717,0.014831460667491525,-0.061825751600386725,-0.004754308098043669,-0.0040893554686876055,2.242155853186624,-0.03272250953710454,-0.07062830596018377
F3_vs_scratch_baseline,TransUNet_scratch_seed42,F3_directional_multiscale_scratch_seed42,ANFC_002765.png,frame_8,0.012301834044883164,0.015196216448352229,0.2363903873288915,-0.18165172183306222,-0.012126557159989781,-0.0043945312499329425,-2.676977495068881,0.07663219582614844,0.010231546063732111
F3_vs_scratch_baseline,TransUNet_scratch_seed42,F3_directional_multiscale_scratch_seed42,ANFC_002766.png,frame_8,0.02331385566093458,0.03174751167311163,0.05487623022520838,-0.012080998744025018,-0.0014473409130880688,0.0014343261718531286,-3.600078215115259,0.0010751987884544123,0.020248097244560337
F3_vs_scratch_baseline,TransUNet_scratch_seed42,F3_directional_multiscale_scratch_seed42,ANFC_002767.png,frame_8,0.025552197091707196,0.02702087487655419,0.12067226886700089,-0.1425892223319728,-0.00919102955500728,-0.003295898437449707,-27.425643086125472,0.027631983188039277,0.045317055233014325
F3_vs_scratch_baseline,TransUNet_scratch_seed42,F3_directional_multiscale_scratch_seed42,ANFC_002768.png,frame_A,0.014500094454969581,0.021746142676577707,0.019311064713123383,0.011040756311154531,0.0007292882146905377,0.0018157958984097444,-2.629142457542569,0.033867393591821116,0.1486397983650113
F3_vs_scratch_baseline,TransUNet_scratch_seed42,F3_directional_multiscale_scratch_seed42,ANFC_002769.png,frame_A,-0.029653702734897425,-0.038381897290174494,-0.03527272726631414,-0.025544115888796792,-0.002964887733976851,-0.005676269531163403,0.22967038573099252,-0.0069014138954058835,0.03260529910307475
F3_vs_scratch_baseline,TransUNet_scratch_seed42,F3_directional_multiscale_scratch_seed42,ANFC_002770.png,frame_A,-0.005288779633323082,-0.007654082818385866,-0.027376259301932437,0.00871146509824483,0.0018369690011179607,-0.00019836425780939138,-1.6157731058639087,-0.0005744804226447409,0.0030806123172009148
F3_vs_scratch_baseline,TransUNet_scratch_seed42,F3_directional_multiscale_scratch_seed42,ANFC_002771.png,frame_A,0.0032582108644171326,0.004591350232860725,-0.033214709363412864,0.03664669146396793,0.003930138125537219,0.0015411376952889633,-0.9377422517014509,0.019132480586100065,0.0803791350053854
F3_vs_scratch_baseline,TransUNet_scratch_seed42,F3_directional_multiscale_scratch_seed42,ANFC_002772.png,frame_A,0.001467075448389643,0.001711546269648756,-0.025028184887254,0.011605302191515787,0.003846090898613097,0.0018920898437211342,-0.5982457490086208,-0.021461295070180908,0.009125887237486918
F3_vs_scratch_baseline,TransUNet_scratch_seed42,F3_directional_multiscale_scratch_seed42,ANFC_002773.png,frame_A,0.00956258098986229,0.012319324481898875,-0.0010598834125438161,0.013796724609295596,0.0020400893753109717,0.0018615722655965783,-0.9931273898388682,-0.019491659184629917,0.0527661526423836
F3_vs_scratch_baseline,TransUNet_scratch_seed42,F3_directional_multiscale_scratch_seed42,ANFC_002774.png,frame_A,-1.0924853504512555e-05,-1.5588619529882664e-05,-0.00461538461420119,0.0034050813808774727,0.0004218313972285115,0.00012207031249811262,0.3050796950665209,0.017550803582598862,0.026856363206037792
F3_vs_scratch_baseline,TransUNet_scratch_seed42,F3_directional_multiscale_scratch_seed42,ANFC_002775.png,frame_A,-0.012618488311677667,-0.016366948235056022,-0.010027347308562695,-0.01323618019989481,-0.0017498528160896365,-0.002304077148402306,3.0,-0.04365844566997423,-0.01843306533958411
F3_vs_scratch_baseline,TransUNet_scratch_seed42,F3_directional_multiscale_scratch_seed42,ANFC_002776.png,frame_A,0.008273651394101633,0.010882066544182223,-0.010007322428604581,0.017272121306237787,0.0027995247318022276,0.001998901367156969,-1.6427394646840217,0.018195115775767712,-0.049469249040801966
