comparison,control,candidate,filename,patient_id,delta_dice,delta_iou,delta_sensitivity,delta_precision,delta_specificity,delta_accuracy,delta_hd95,delta_cldice,delta_boundary_f1
Green_MSE_vs_scratch_baseline,TransUNet_scratch_seed42,Ours_green_MSE_scratch_seed42,ANFC_000085.png,8_140724,0.014246717343192716,0.021565534999566482,0.0707964601720188,-0.041429365038599286,-0.01721314671103713,0.0019073486327834122,7.264190454377626,-0.05908843598561464,0.08888426284408507
Green_MSE_vs_scratch_baseline,TransUNet_scratch_seed42,Ours_green_MSE_scratch_seed42,ANFC_000086.png,8_140724,0.03472646773561816,0.042411836678556414,-0.004563605246844293,0.06058648449925397,0.006512977591382918,0.005920410156159628,0.07280031816912924,0.018657485125379347,0.14801334077446993
Green_MSE_vs_scratch_baseline,TransUNet_scratch_seed42,Ours_green_MSE_scratch_seed42,ANFC_000089.png,8_140724,-0.012835491830388013,-0.017178546534245998,-0.008005274062158119,-0.016259383469453215,-0.00447940565926519,-0.0050506591796104505,0.049875621120889946,-0.008742305041605891,-0.059773121342435176
Green_MSE_vs_scratch_baseline,TransUNet_scratch_seed42,Ours_green_MSE_scratch_seed42,ANFC_000090.png,8_140724,-0.002124054629637717,-0.0034775442696721726,-0.036345448478787845,0.028549837530053135,0.006367286297841113,0.0005035400390548395,1.3944487245360109,-0.001287158680374878,0.07384785138806294
Green_MSE_vs_scratch_baseline,TransUNet_scratch_seed42,Ours_green_MSE_scratch_seed42,ANFC_000091.png,8_140724,0.011035623370234893,0.016148379668546542,0.018498101186022575,0.0048970052920292995,0.0002788768235880701,0.002548217773398531,0.0,-0.015173103433032908,0.06368472635903077
Green_MSE_vs_scratch_baseline,TransUNet_scratch_seed42,Ours_green_MSE_scratch_seed42,ANFC_000092.png,8_140724,0.102025555611092,0.09228862861405679,0.27128157147761717,0.004072625850131573,-0.016412905709759285,-0.002334594726526862,-1.190418319682351,0.10558386596864433,0.025471195115816803
Green_MSE_vs_scratch_baseline,TransUNet_scratch_seed42,Ours_green_MSE_scratch_seed42,ANFC_000093.png,8_140724,-0.009958665939069133,-0.014482380894742852,-8.89838049396019e-05,-0.019020404550030623,-0.005064643264852009,-0.004211425781185718,1.7082039324993694,-0.019879716835464523,-0.03317547579944824
Green_MSE_vs_scratch_baseline,TransUNet_scratch_seed42,Ours_green_MSE_scratch_seed42,ANFC_000094.png,8_140724,0.029619854851629213,0.041312901272301694,0.06956776270176912,-0.009669414690122613,-0.005498580136279796,0.006240844726467354,-3.1588389381830266,0.03978796182828004,0.02433385065776894
Green_MSE_vs_scratch_baseline,TransUNet_scratch_seed42,Ours_green_MSE_scratch_seed42,ANFC_000095.png,8_140724,0.015006897406783959,0.021034131318821037,0.0056948855540800425,0.024557997138537457,0.004627249357244456,0.004776000976489669,-3.237013576088449,0.03200696100070388,0.015065213478550943
Green_MSE_vs_scratch_baseline,TransUNet_scratch_seed42,Ours_green_MSE_scratch_seed42,ANFC_000096.png,8_140724,-0.029618071610951424,-0.0349707477940312,-0.05153458542108691,-0.011942082109685392,0.00044139283961996956,-0.0030212402343289257,3.048705756910131,-0.031249154600916706,-0.032672812017073394
Green_MSE_vs_scratch_baseline,TransUNet_scratch_seed42,Ours_green_MSE_scratch_seed42,ANFC_000097.png,8_140724,0.009163634873695425,0.010959331378580517,0.024287666909443062,-0.008154603273167083,-0.0032842481034666138,0.0007171630859266198,0.34793268609825745,0.024123732464624292,-0.00656816114255554
Green_MSE_vs_scratch_baseline,TransUNet_scratch_seed42,Ours_green_MSE_scratch_seed42,ANFC_000098.png,8_140724,0.022206858382950223,0.0342657579809863,0.04142078982734665,0.0005599761446581919,-0.0007227981101346481,0.004943847656174505,-2.3834820081588264,0.03393951237315418,0.01296263311367929
Green_MSE_vs_scratch_baseline,TransUNet_scratch_seed42,Ours_green_MSE_scratch_seed42,ANFC_000099.png,8_140724,-0.0011214602319379319,-0.0016735207948903597,0.017475931350201312,-0.019650515400111535,-0.004555198285020379,-0.001342773437479572,0.0,-0.0029232249221362583,-0.008042401873520788
Green_MSE_vs_scratch_baseline,TransUNet_scratch_seed42,Ours_green_MSE_scratch_seed42,ANFC_000100.png,8_140724,0.007142316949249827,0.01072718951565721,0.01903884538322753,-0.0035059120369077545,-0.0009487826779229769,0.0010375976562341238,-0.4432736152956096,0.012399039410632917,0.01375287349297083
Green_MSE_vs_scratch_baseline,TransUNet_scratch_seed42,Ours_green_MSE_scratch_seed42,ANFC_000101.png,8_140724,-0.01056089321260445,-0.014968539621249555,-0.005224578914127753,-0.015931899252591863,-0.00445818788882113,-0.004608154296804723,1.0,-0.01732926846756333,-0.02764476957932016
Green_MSE_vs_scratch_baseline,TransUNet_scratch_seed42,Ours_green_MSE_scratch_seed42,ANFC_000102.png,8_140724,-0.00910262450547572,-0.012068559399032508,0.0436793422348819,-0.06295671838812678,-0.012536362376843524,-0.005859374999910516,8.06947159211337,-0.022564499287768713,-0.002172906141994835
Green_MSE_vs_scratch_baseline,TransUNet_scratch_seed42,Ours_green_MSE_scratch_seed42,ANFC_000103.png,8_140724,-0.03180921091517619,-0.04217663196422783,-0.011087363076264012,-0.0402592610269531,-0.010714900947274564,-0.010757446288898409,10.220968342353281,-0.030677526257139154,-0.04989246986331952
Green_MSE_vs_scratch_baseline,TransUNet_scratch_seed42,Ours_green_MSE_scratch_seed42,ANFC_000104.png,8_140724,-0.017862953967244022,-0.02648150540362748,-0.0073227003704160465,-0.028469942356255107,-0.005812802562567443,-0.0060424804686577405,2.7082039324993694,-0.019972073941387225,-0.023875569850881462
Green_MSE_vs_scratch_baseline,TransUNet_scratch_seed42,Ours_green_MSE_scratch_seed42,ANFC_000105.png,8_140724,-0.040029391504231016,-0.048451160900360835,0.05548738922215568,-0.13688433184216064,-0.026734935825385553,-0.017532348632545047,12.621467255601715,-0.04034399905657471,0.006328061728012702
Green_MSE_vs_scratch_baseline,TransUNet_scratch_seed42,Ours_green_MSE_scratch_seed42,ANFC_000106.png,8_140724,-0.005615275998026914,-0.007921821277285912,-0.0016744809107307468,-0.009109853891617559,-0.0018735197426230643,-0.0018463134765343003,0.0,-0.0014928394519391208,-0.023229148583664205
Green_MSE_vs_scratch_baseline,TransUNet_scratch_seed42,Ours_green_MSE_scratch_seed42,ANFC_000107.png,8_140724,-0.01693972052262288,-0.012694333657582019,-0.0043014452848759155,-0.05846455013795093,-0.004905900475438596,-0.004852294921800948,-0.42473131784560536,-0.06875029672990296,-0.05068048882583548
Green_MSE_vs_scratch_baseline,TransUNet_scratch_seed42,Ours_green_MSE_scratch_seed42,ANFC_000108.png,8_140724,-0.004420424131580503,-0.006345553022290673,-0.028425423184453735,0.022521394032619324,0.005094134620431845,0.0002899169921830591,0.0,-0.012237929884727716,0.0038538921989905717
Green_MSE_vs_scratch_baseline,TransUNet_scratch_seed42,Ours_green_MSE_scratch_seed42,ANFC_000109.png,8_140724,0.015563011591246845,0.023723105009928358,0.005491384206496641,0.023189881449607097,0.0027715542278188288,0.00299072265620437,0.0,0.012968159940415225,0.02946392334543213
Green_MSE_vs_scratch_baseline,TransUNet_scratch_seed42,Ours_green_MSE_scratch_seed42,ANFC_000110.png,8_140724,-0.01389450940576853,-0.021663501339670765,0.013650793648626869,-0.03672252738951853,-0.00546964683629092,-0.0036315917968196,0.6055512754639891,-0.0347244785796903,-0.02612982565237265
Green_MSE_vs_scratch_baseline,TransUNet_scratch_seed42,Ours_green_MSE_scratch_seed42,ANFC_000111.png,8_140724,0.004510037425985325,0.007423300264026156,0.010977184672626539,-0.0019894803241033987,-0.0002627689275699341,0.0005340576171793954,-0.16227766016837952,0.0013436491983616072,0.016724358872499123
Green_MSE_vs_scratch_baseline,TransUNet_scratch_seed42,Ours_green_MSE_scratch_seed42,ANFC_000112.png,8_140724,-0.03608318477024619,-0.044446530716078736,0.0763366860692073,-0.13649990990012284,-0.039917277280848595,-0.023162841796521505,-1.2259150969652524,-0.040480595301061295,-0.021450792496435167
Green_MSE_vs_scratch_baseline,TransUNet_scratch_seed42,Ours_green_MSE_scratch_seed42,ANFC_000113.png,8_140724,-0.01033563618550204,-0.015613227522431883,0.008774919065532849,-0.02684090937900141,-0.008104390497637337,-0.005081176757734895,-1.1201640434091775,0.013911258277357508,-0.06625935168324604
Green_MSE_vs_scratch_baseline,TransUNet_scratch_seed42,Ours_green_MSE_scratch_seed42,ANFC_000115.png,8_1621490,0.07788589433092885,0.09019641048855181,0.036372299867158064,0.08894270049426933,0.023936529371641924,0.02513122558555403,-20.719826766698418,0.06654707719418285,0.08057784120352685
Green_MSE_vs_scratch_baseline,TransUNet_scratch_seed42,Ours_green_MSE_scratch_seed42,ANFC_000116.png,8_1621490,0.035509969921039275,0.03317414087999759,0.07757653468863979,0.01518946961088935,-0.0047219926808317325,0.0031127929687024825,-0.5328597235901498,0.003999773987823363,0.04814062262120003
Green_MSE_vs_scratch_baseline,TransUNet_scratch_seed42,Ours_green_MSE_scratch_seed42,ANFC_000117.png,8_1621490,0.01447127602019338,0.022302662603198686,-0.0010754615521531008,0.030891398043867646,0.007098458935468455,0.0057067871092879585,-0.8079783134951297,0.012882237944568997,0.05334094029775183
Green_MSE_vs_scratch_baseline,TransUNet_scratch_seed42,Ours_green_MSE_scratch_seed42,ANFC_000118.png,8_1621490,0.008714782725729564,0.010907666769478075,-0.06574950865360918,0.04675622679914149,0.013196750028976134,0.006454467773339023,-5.845796117690616,0.04772658354551029,0.0440402665916354
Green_MSE_vs_scratch_baseline,TransUNet_scratch_seed42,Ours_green_MSE_scratch_seed42,ANFC_000119.png,8_1621490,0.0696222582840309,0.08429139484221582,0.11202003337028044,0.03290598289587743,8.396869646853933e-05,0.01031494140609257,0.5801421105487563,0.05285514229924371,0.0651664886687533
Green_MSE_vs_scratch_baseline,TransUNet_scratch_seed42,Ours_green_MSE_scratch_seed42,ANFC_000120.png,8_1621490,-0.0034257541214454124,-0.004517181401313741,-0.01602639641574055,0.010391361929595666,0.0025241016651617043,0.00012207031249811262,-0.7936738539845329,0.014814542536989106,-0.03860090521829207
Green_MSE_vs_scratch_baseline,TransUNet_scratch_seed42,Ours_green_MSE_scratch_seed42,ANFC_000123.png,8_1621490,0.04890336889668323,0.06128431878446794,0.06916782459948001,0.03222779008739707,0.0023535786247251833,0.008956909179550832,-10.424020225760206,0.07785201400451547,0.008960834263756379
Green_MSE_vs_scratch_baseline,TransUNet_scratch_seed42,Ours_green_MSE_scratch_seed42,ANFC_000124.png,8_1621490,0.0264455940281616,0.03121373755531609,0.07567567566052547,-0.017098728807662833,-0.0051865677804266985,0.000976562499985123,-1.460639345205756,0.0025232418779457255,0.04005112281657541
Green_MSE_vs_scratch_baseline,TransUNet_scratch_seed42,Ours_green_MSE_scratch_seed42,ANFC_000125.png,8_1621490,0.0671473561151622,0.07245982659208144,0.13119936768796692,0.010796660390419488,-0.005208763951960127,0.005325317382731343,4.781742780089537,0.07357654940954117,0.08475586995410772
Green_MSE_vs_scratch_baseline,TransUNet_scratch_seed42,Ours_green_MSE_scratch_seed42,ANFC_000127.png,8_1621490,0.028913781194479515,0.036694148904312884,0.0415224913364195,0.01581037015044051,0.0003528072229204149,0.00234985351558914,-38.73878869205813,0.017598816226047753,0.01583989852773282
Green_MSE_vs_scratch_baseline,TransUNet_scratch_seed42,Ours_green_MSE_scratch_seed42,ANFC_000128.png,8_1621490,-0.00029954825507172433,-0.00041988765079359336,0.0011945845498811947,-0.0017411228367752996,-0.00032757491120427584,-0.00015258789062266853,-2.009016994374898,0.0075521836690116695,-0.021557736624902457
Green_MSE_vs_scratch_baseline,TransUNet_scratch_seed42,Ours_green_MSE_scratch_seed42,ANFC_000129.png,8_1621490,0.02469187106181725,0.03408126436629977,0.03641881638344335,0.014686729164597456,0.0012009539005061187,0.005096435546797173,-1.0,0.03223861025245167,0.07237272249405802
Green_MSE_vs_scratch_baseline,TransUNet_scratch_seed42,Ours_green_MSE_scratch_seed42,ANFC_000130.png,8_1621490,0.03751355727900496,0.039852861689016306,0.05894469972128913,0.0051220962634278555,-0.002110595187807429,0.0037689208983799904,-33.931604873330215,0.09868716637044728,0.05066451429425761
Green_MSE_vs_scratch_baseline,TransUNet_scratch_seed42,Ours_green_MSE_scratch_seed42,ANFC_000131.png,8_1621490,0.08199946866580232,0.09193125276934982,0.14982949698426484,0.023768317432842245,-0.00341857866012385,0.007553100585822259,25.383311031954534,0.10868737766986358,-0.012983283777318166
Green_MSE_vs_scratch_baseline,TransUNet_scratch_seed42,Ours_green_MSE_scratch_seed42,ANFC_000133.png,8_1621490,-0.005384923120745011,-0.006071221150013961,0.0740192449854381,-0.046835982124435516,-0.010994909161703315,-0.005737304687412514,0.9584992225406026,-0.030453087832077008,-0.024632900970374294
Green_MSE_vs_scratch_baseline,TransUNet_scratch_seed42,Ours_green_MSE_scratch_seed42,ANFC_000135.png,8_1621490,-0.027662421667142056,-0.03592093333822244,0.01421282798574841,-0.05049712192299005,-0.009892086330770544,-0.007873535156129874,10.551929167990675,-0.0841809965592848,0.0355125756939314
Green_MSE_vs_scratch_baseline,TransUNet_scratch_seed42,Ours_green_MSE_scratch_seed42,ANFC_000136.png,8_1621490,0.024691629008357086,0.03490612260159154,0.0015095967216929296,0.042856783913262975,0.004761982955306943,0.004531860351493333,-5.830951894845301,0.02679793650515372,0.017558952942899886
Green_MSE_vs_scratch_baseline,TransUNet_scratch_seed42,Ours_green_MSE_scratch_seed42,ANFC_000137.png,8_1621490,-0.020350497811514323,-0.029362101308114785,-0.01641454779001783,-0.022120917217312352,-0.001665892453800888,-0.0023651123046514178,17.24830748869824,-0.052730406393185714,-0.017732779237418783
Green_MSE_vs_scratch_baseline,TransUNet_scratch_seed42,Ours_green_MSE_scratch_seed42,ANFC_000361.png,8_55896,-0.01813144807777045,-0.0199623361306015,0.051059206945809454,-0.0454332392037371,-0.02238190194556855,-0.014129638671659395,11.604602857009482,-0.011061722633746163,0.037497430728634706
Green_MSE_vs_scratch_baseline,TransUNet_scratch_seed42,Ours_green_MSE_scratch_seed42,ANFC_000362.png,8_55896,0.06629262577126871,0.09457142170706767,-0.006832298135231452,0.10825778738970204,0.01566566731434016,0.014007568359161282,-30.71510887921109,0.07107621912433382,0.21043150581752978
Green_MSE_vs_scratch_baseline,TransUNet_scratch_seed42,Ours_green_MSE_scratch_seed42,ANFC_000363.png,8_55896,-0.027295392275255015,-0.033572713088309,-0.018498659514946558,-0.03622702216967044,-0.00545836490106999,-0.006942749023331474,4.406547496069006,-0.020518168565784034,-0.05500610054999211
Green_MSE_vs_scratch_baseline,TransUNet_scratch_seed42,Ours_green_MSE_scratch_seed42,ANFC_000364.png,8_55896,0.005415054416811227,0.0052811795734279965,0.028145297082476484,-0.014518016113813537,-0.003470242265213308,-0.0014648437499775735,4.178423131060093,0.04052823491695656,0.03315047461077647
Green_MSE_vs_scratch_baseline,TransUNet_scratch_seed42,Ours_green_MSE_scratch_seed42,ANFC_000365.png,8_55896,0.09725083151232428,0.08173945523644904,0.15675375199735753,0.02448434621514395,-0.003467373738904156,0.0009307861327982891,-34.5442830882826,0.04668041087294422,0.0668728110100556
Green_MSE_vs_scratch_baseline,TransUNet_scratch_seed42,Ours_green_MSE_scratch_seed42,ANFC_000366.png,8_55896,-0.008707529536712943,-0.009900428726529187,0.013673088873378147,-0.02230822041410596,-0.007879494181560975,-0.005233764648357564,-0.42805000715164,0.035443343498949176,-0.041438559611383874
Green_MSE_vs_scratch_baseline,TransUNet_scratch_seed42,Ours_green_MSE_scratch_seed42,ANFC_000367.png,8_55896,0.0547800441282128,0.04260267945095167,0.07979539640583194,0.022247690745019255,-0.006150391312259806,0.0015411376952889633,-21.92593794202282,0.04995785581701995,0.03360423861748146
Green_MSE_vs_scratch_baseline,TransUNet_scratch_seed42,Ours_green_MSE_scratch_seed42,ANFC_000368.png,8_55896,0.006396741196859401,0.009168658787476858,0.0437050776670872,-0.03569603143217903,-0.007257072570598266,-0.0005493164062415623,-3.283061217767317,0.011242962218377284,0.00950481184671037
Green_MSE_vs_scratch_baseline,TransUNet_scratch_seed42,Ours_green_MSE_scratch_seed42,ANFC_000369.png,8_55896,-0.007988373692724093,-0.009983510012548713,0.01036682615216633,-0.02123963153838826,-0.0016500602906383,-0.0011901855468569034,1.631102776362921,0.003972986823080005,-0.05135133887540433
Green_MSE_vs_scratch_baseline,TransUNet_scratch_seed42,Ours_green_MSE_scratch_seed42,ANFC_000370.png,8_55896,0.09237107915040543,0.11177622913324126,0.1568942435992251,0.0378814828452686,-0.0007281435575358097,0.0082550048826866,-13.147196032671935,0.14872002279341334,0.05666561689273342
Green_MSE_vs_scratch_baseline,TransUNet_scratch_seed42,Ours_green_MSE_scratch_seed42,ANFC_000371.png,8_55896,0.03956323200505385,0.047428408165690605,0.08410900526139853,-0.020401031550635218,-0.007735919037642147,0.004760742187427391,-30.493576910093232,0.0799928726428909,0.06814460492430285
Green_MSE_vs_scratch_baseline,TransUNet_scratch_seed42,Ours_green_MSE_scratch_seed42,ANFC_000372.png,8_55896,0.04852338767903941,0.0671066939394045,0.09950962802302243,-0.013967318553484764,-0.004984696108351838,0.008346557617060157,-11.6449077282801,0.05550231649068338,0.03682124132446041
Green_MSE_vs_scratch_baseline,TransUNet_scratch_seed42,Ours_green_MSE_scratch_seed42,ANFC_000373.png,8_55896,-0.03693917672565139,-0.043212098811273414,-0.07428506322498751,0.05493755744416118,0.008016349829841674,-0.0030059814452665368,21.269550197980116,-0.04636059088385658,0.0007836446050115686
Green_MSE_vs_scratch_baseline,TransUNet_scratch_seed42,Ours_green_MSE_scratch_seed42,ANFC_000374.png,8_55896,0.0025416002182105935,0.0031259406196335604,0.022460380797804103,-0.020133621905031096,-0.005055932352593051,-0.0013732910156040168,-9.856783591940758,-0.010350750920611773,-0.03405095691486648
Green_MSE_vs_scratch_baseline,TransUNet_scratch_seed42,Ours_green_MSE_scratch_seed42,ANFC_000375.png,8_55896,0.004246675052137827,0.005465627612510904,0.004357586160787297,0.004109605485087986,0.0004830667839745839,0.0009307861327982891,2.1714874517557448,-0.0012732247280717868,0.003661762822654402
Green_MSE_vs_scratch_baseline,TransUNet_scratch_seed42,Ours_green_MSE_scratch_seed42,ANFC_000376.png,8_55896,-0.031780156013858085,-0.03889212470067949,-0.08786610877190537,0.025905933099915845,0.0068333305349669304,-0.0018005371093475775,7.881540484638206,-0.021987716604856877,-0.026996888890520543
Green_MSE_vs_scratch_baseline,TransUNet_scratch_seed42,Ours_green_MSE_scratch_seed42,ANFC_000377.png,8_55896,-0.022125725052006717,-0.030686992416752545,-0.03900080579548737,-0.0068708815301326,0.0001854005494567046,-0.003524780273383654,7.876894374382339,-0.022154717357048437,-0.026996029087494433
Green_MSE_vs_scratch_baseline,TransUNet_scratch_seed42,Ours_green_MSE_scratch_seed42,ANFC_000378.png,8_55896,-0.020776978334794194,-0.027819048361959586,0.03336878489319739,-0.08388178988291173,-0.013479504946849352,-0.008102416992063932,3.820707730131245,-0.016123953946234226,-0.019468717211150177
Green_MSE_vs_scratch_baseline,TransUNet_scratch_seed42,Ours_green_MSE_scratch_seed42,ANFC_000379.png,8_55896,-0.02713260884813329,-0.03411742363914594,-0.02962158808473614,-0.02502948499213342,-0.003232466829081404,-0.005828857421786071,12.690611295430354,-0.033794364829876966,-0.04908238784088659
Green_MSE_vs_scratch_baseline,TransUNet_scratch_seed42,Ours_green_MSE_scratch_seed42,ANFC_000380.png,8_55896,-0.002056569734912417,-0.002790202347260462,0.021111413780834698,-0.02758108128103609,-0.004759940887294922,-0.0018615722655965783,4.163255831822575,-0.011446054831216412,0.021074352852305633
Green_MSE_vs_scratch_baseline,TransUNet_scratch_seed42,Ours_green_MSE_scratch_seed42,ANFC_000381.png,8_55896,-0.06942665904571954,-0.0845109376623947,-0.10039310551853764,-0.014762065233789756,0.0008655510674983047,-0.009353637695169836,27.54115024656749,-0.07175000688836564,-0.04966966510619841
Green_MSE_vs_scratch_baseline,TransUNet_scratch_seed42,Ours_green_MSE_scratch_seed42,ANFC_000382.png,8_55896,-0.05695643252578786,-0.06484469185870267,-0.08053919346618277,-0.0045331367637728714,0.00222190872536121,-0.008926391601426276,21.705313802709835,-0.031740007737689147,-0.03649899923252464
Green_MSE_vs_scratch_baseline,TransUNet_scratch_seed42,Ours_green_MSE_scratch_seed42,ANFC_000383.png,8_55896,0.013388700437151124,0.014086172243952644,0.008954195843306811,0.01583782759776131,0.004452265728034255,0.0050506591796103395,4.633950634426917,0.02384712639285924,-0.06233064617819134
Green_MSE_vs_scratch_baseline,TransUNet_scratch_seed42,Ours_green_MSE_scratch_seed42,ANFC_000384.png,8_55896,0.061760346152760714,0.06391521049875037,0.1673913043218337,0.0008260048525139396,-0.015737105726009615,0.002258300781215472,4.6662688963743975,-0.013882840500623828,0.054460295772413625
Green_MSE_vs_scratch_baseline,TransUNet_scratch_seed42,Ours_green_MSE_scratch_seed42,ANFC_000385.png,8_55896,-0.14940535984061865,-0.1522260695988205,-0.017907106873023437,-0.18612573315430997,-0.017741454767639553,-0.017745971679416717,19.60204007760271,-0.18856468985945196,-0.16512584571118016
Green_MSE_vs_scratch_baseline,TransUNet_scratch_seed42,Ours_green_MSE_scratch_seed42,ANFC_000386.png,8_55896,0.029068221177537046,0.03713894980720989,0.08584389902456158,-0.019308616370540266,-0.009431145611805025,0.0030670166015156486,-5.7753010180941615,0.02118126854900848,0.04928197285438596
Green_MSE_vs_scratch_baseline,TransUNet_scratch_seed42,Ours_green_MSE_scratch_seed42,ANFC_000387.png,8_55896,-0.012482400813077943,-0.013084284154179504,0.016610169485894888,-0.019867919988493465,-0.004441887962093105,-0.0034942626952592093,-0.6132240792489441,-0.05232269751069574,-0.15683611618116106
Green_MSE_vs_scratch_baseline,TransUNet_scratch_seed42,Ours_green_MSE_scratch_seed42,ANFC_000388.png,8_55896,0.049216237237301286,0.06411276507230634,-0.014470169186449278,0.08297650664381484,0.01290872157766687,0.01103210449201919,-22.98959822495826,0.0638897550069768,-0.013004898580549984
Green_MSE_vs_scratch_baseline,TransUNet_scratch_seed42,Ours_green_MSE_scratch_seed42,ANFC_000389.png,8_55896,-0.047320541922384884,-0.03372138942766684,-0.042639593886984906,-0.034615305637527544,-0.015259730044123287,-0.01608276367162953,44.13467884959876,-0.06042223610595304,-0.06306340681613092
Green_MSE_vs_scratch_baseline,TransUNet_scratch_seed42,Ours_green_MSE_scratch_seed42,ANFC_000423.png,8_56826,-0.045893617040220214,-0.05538402955466659,0.08921252288399639,-0.11321774708286614,-0.06719192143248087,-0.039825439452517264,27.257279124479787,-0.021677674218657184,-0.0027505099936353528
Green_MSE_vs_scratch_baseline,TransUNet_scratch_seed42,Ours_green_MSE_scratch_seed42,ANFC_000425.png,8_56826,0.023267038895915526,0.03406622023382544,0.06394838709347361,-0.013273951289540786,-0.013582894651034794,0.009338378906107558,-0.38516480713450374,0.023042184005006572,0.016794350769988697
Green_MSE_vs_scratch_baseline,TransUNet_scratch_seed42,Ours_green_MSE_scratch_seed42,ANFC_000426.png,8_56826,0.012380546181466445,0.013603709253367458,-0.009875721259993586,0.054692634750185265,0.02016332715903002,0.011901855468568479,27.698556217906653,0.014726394895979933,0.03650648282186286
Green_MSE_vs_scratch_baseline,TransUNet_scratch_seed42,Ours_green_MSE_scratch_seed42,ANFC_000427.png,8_56826,-0.02939180154029608,-0.037912424586611815,-0.03245494363233614,-0.026208198733837063,-0.006374857098444542,-0.011917114257630756,1.084307170220729,-0.031115921909886213,0.02041590516605374
Green_MSE_vs_scratch_baseline,TransUNet_scratch_seed42,Ours_green_MSE_scratch_seed42,ANFC_000428.png,8_56826,0.02864837520848318,0.036217286719400166,0.044711014172230557,0.005663047624168915,-0.0008295911558219293,0.006179809570218242,-3.742941118747721,0.07505877707499287,0.030699338318891267
Green_MSE_vs_scratch_baseline,TransUNet_scratch_seed42,Ours_green_MSE_scratch_seed42,ANFC_000429.png,8_56826,-0.04613715242456151,-0.06097800250195362,-0.02872362648540594,-0.0572574996110935,-0.014849362066851723,-0.016876220702867428,10.639657376463362,-0.045245008661904174,-0.029459615475097567
Green_MSE_vs_scratch_baseline,TransUNet_scratch_seed42,Ours_green_MSE_scratch_seed42,ANFC_000430.png,8_56826,-0.03063642269720135,-0.04489503079668655,-0.06307490143994088,0.001297267240673805,0.00308567838726026,-0.008438110351433714,1.3833993197517884,-0.03329297819878374,-0.05808499960846414
Green_MSE_vs_scratch_baseline,TransUNet_scratch_seed42,Ours_green_MSE_scratch_seed42,ANFC_000433.png,8_56826,-0.0170641200113667,-0.02545420153074629,-0.0296547054820816,-0.003053215142048815,0.0003742662411776454,-0.006393432617089911,2.6363361421814187,-0.03196369079551575,-0.05244941996663677
Green_MSE_vs_scratch_baseline,TransUNet_scratch_seed42,Ours_green_MSE_scratch_seed42,ANFC_000434.png,8_56826,0.05286503735570558,0.05520232051858076,-0.0027834008093644558,0.06984210192002538,0.03190935591282784,0.027725219726139394,-5.449384516080244,0.04788238320709082,0.04691239654188417
Green_MSE_vs_scratch_baseline,TransUNet_scratch_seed42,Ours_green_MSE_scratch_seed42,ANFC_000435.png,8_56826,0.03302915530296413,0.03487974095623586,0.06686580881584725,0.017536139573230414,-0.0014780405405145913,0.007598876953009093,-1.8800255864162807,0.04207067072099813,0.03822089214162283
Green_MSE_vs_scratch_baseline,TransUNet_scratch_seed42,Ours_green_MSE_scratch_seed42,ANFC_000436.png,8_56826,-0.022418380980946173,-0.03232130090836538,-0.029323398628210318,-0.01622149481950963,-0.004806315703260067,-0.01103210449201919,3.246834584086285,-0.0057247615914217675,-0.03589301338611506
Green_MSE_vs_scratch_baseline,TransUNet_scratch_seed42,Ours_green_MSE_scratch_seed42,ANFC_000438.png,8_56826,0.0008225859721080475,0.0012046990695914195,-0.007691721878935964,0.006390990254070528,0.0032630474190771253,0.0010681152343586797,0.6148351928654963,-0.002100528297029891,0.012599656571738338
Green_MSE_vs_scratch_baseline,TransUNet_scratch_seed42,Ours_green_MSE_scratch_seed42,ANFC_000439.png,8_56826,-0.0030235986606482745,-0.004544166255409432,-0.004610332196247957,-0.001559314410396695,-0.0003219186350584824,-0.0013580322265417388,-3.1374811757774044,-0.004870875013086029,0.005736499442443921
Green_MSE_vs_scratch_baseline,TransUNet_scratch_seed42,Ours_green_MSE_scratch_seed42,ANFC_000440.png,8_56826,-0.025532529169772555,-0.03955178564839412,-0.003153626670434395,-0.04445091915104271,-0.014669271132278783,-0.012329101562311817,3.0374692021612333,-0.03184038638843245,-0.01277194459292097
Green_MSE_vs_scratch_baseline,TransUNet_scratch_seed42,Ours_green_MSE_scratch_seed42,ANFC_000441.png,8_56826,0.012351139904092312,0.018202363302087576,-0.005910086990775665,0.02887875545278218,0.011510192760831428,0.007507324218635425,-1.6026465505607828,0.02473292333391619,0.011556656732686355
Green_MSE_vs_scratch_baseline,TransUNet_scratch_seed42,Ours_green_MSE_scratch_seed42,ANFC_000445.png,8_56826,0.03902750363242791,0.030510923363892217,0.10536398462386787,-0.002176651791892914,-0.006509267431494936,-0.002944946289017536,-5.17241927892411,0.02456424700046933,0.08487927822910163
Green_MSE_vs_scratch_baseline,TransUNet_scratch_seed42,Ours_green_MSE_scratch_seed42,ANFC_000446.png,8_56826,0.03841535968580434,0.043663266562669,0.02690249702534908,0.045069750751381754,0.019431643624818862,0.020965576171555034,-5.028756735523011,0.05631201168644451,0.03295314556901496
Green_MSE_vs_scratch_baseline,TransUNet_scratch_seed42,Ours_green_MSE_scratch_seed42,ANFC_000447.png,8_56826,-0.032404503549556374,-0.04324081018263681,-0.0012287024900696775,-0.049113816453284276,-0.021827182717862548,-0.017990112304412942,4.77866821298953,-0.045701732693259944,-0.03161281392868487
Green_MSE_vs_scratch_baseline,TransUNet_scratch_seed42,Ours_green_MSE_scratch_seed42,ANFC_000448.png,8_56826,0.007115478914322293,0.009965142284339645,0.04381694254502477,-0.01999222017485003,-0.00565581777973756,-0.00022888183593394729,-1.4729359334520549,0.021939962336002816,0.008212658573319431
Green_MSE_vs_scratch_baseline,TransUNet_scratch_seed42,Ours_green_MSE_scratch_seed42,ANFC_000449.png,8_56826,-0.012783182168531027,-0.017537802737869645,-0.005658775817630968,-0.017487085835240723,-0.0052063422713996,-0.005279541015544509,-5.58359776018245,-0.0077018207115751025,-0.03000679642736237
Green_MSE_vs_scratch_baseline,TransUNet_scratch_seed42,Ours_green_MSE_scratch_seed42,ANFC_000450.png,8_56826,-0.03342267194943538,-0.04540109984347196,-0.05721434528296798,-0.01603017995552314,-0.00100847869119991,-0.011291503906077693,13.693217619176918,-0.02449301586299346,0.00032666279552973077
Green_MSE_vs_scratch_baseline,TransUNet_scratch_seed42,Ours_green_MSE_scratch_seed42,ANFC_000451.png,8_56826,-0.008741142817738301,-0.013071527690366902,0.03071742014177803,-0.04018437567464983,-0.011267201320285136,-0.004989624023361339,0.8768943743823394,-0.012370701358136227,-0.010707693693529974
Green_MSE_vs_scratch_baseline,TransUNet_scratch_seed42,Ours_green_MSE_scratch_seed42,ANFC_000452.png,8_56826,0.006206558215555713,0.008587793653455855,0.042012501276563974,-0.01831188229214953,-0.008067841583303648,-0.0006103515624906741,-2.5865653889256777,-0.012064272862314152,0.0035578697649157887
Green_MSE_vs_scratch_baseline,TransUNet_scratch_seed42,Ours_green_MSE_scratch_seed42,ANFC_000453.png,8_56826,0.0914210203289113,0.12033327410005545,-0.0021955503509667462,0.1375566824524953,0.03354115562766513,0.02981567382767003,-15.132535499309043,0.04043698778428073,0.06965995610267217
Green_MSE_vs_scratch_baseline,TransUNet_scratch_seed42,Ours_green_MSE_scratch_seed42,ANFC_000454.png,8_56826,0.09504815706654579,0.11115811716306079,0.061149524619457774,0.11294736939533556,0.01518683916701935,0.01843261718721867,-31.409965261070262,0.08323505071933812,0.09664642213666264
Green_MSE_vs_scratch_baseline,TransUNet_scratch_seed42,Ours_green_MSE_scratch_seed42,ANFC_000455.png,8_56826,-0.18585482983158597,-0.18341752219135538,-0.2527727623799915,-0.08564526426102015,0.0021732431599251756,-0.012908935546677935,60.58215145997551,-0.24239626939865883,-0.16429112816701374
Green_MSE_vs_scratch_baseline,TransUNet_scratch_seed42,Ours_green_MSE_scratch_seed42,ANFC_000456.png,8_56826,0.0360673330746446,0.04880258233582413,0.06542393264396584,0.015863435223821054,0.0001223327100169369,0.00840759277330927,-4.6206538475434105,0.04525599287453863,0.05181805327947964
Green_MSE_vs_scratch_baseline,TransUNet_scratch_seed42,Ours_green_MSE_scratch_seed42,ANFC_000457.png,8_56826,0.021914339168844887,0.030088900623263415,0.05399512632371484,-0.004434426812331971,-0.003238712135588795,0.003570556640570488,-16.494286967109133,0.060817585800040264,0.029156799146699774
Green_MSE_vs_scratch_baseline,TransUNet_scratch_seed42,Ours_green_MSE_scratch_seed42,ANFC_000458.png,8_56826,-0.07200140557864898,-0.06838577506632149,-0.03735110033568517,-0.16836400770511528,-0.008302659161674053,-0.010498046874839795,40.57418347842825,-0.04840470110885575,-0.09527571003342983
Green_MSE_vs_scratch_baseline,TransUNet_scratch_seed42,Ours_green_MSE_scratch_seed42,ANFC_000459.png,8_56826,0.056462146873164865,0.07035633995149404,0.007146047341499817,0.10445721564621946,0.016338258045591747,0.015396118163827577,23.205083747595268,0.043887685050606806,0.08844981688471898
Green_MSE_vs_scratch_baseline,TransUNet_scratch_seed42,Ours_green_MSE_scratch_seed42,ANFC_000460.png,8_56826,-0.006876595300821409,-0.010383582483418863,0.0012380952379772436,-0.015125127664234683,-0.003397776001101138,-0.002655029296834477,0.12310562561766059,-0.012986918234828893,0.0038585945543198052
Green_MSE_vs_scratch_baseline,TransUNet_scratch_seed42,Ours_green_MSE_scratch_seed42,ANFC_000461.png,8_56826,0.054537353780424125,0.0690597460250355,0.008777509221628566,0.08002660480038448,0.021048981360709984,0.01957702636688885,-10.728933042930663,0.017314511668578003,0.0338573855784966
Green_MSE_vs_scratch_baseline,TransUNet_scratch_seed42,Ours_green_MSE_scratch_seed42,ANFC_000462.png,8_56826,0.017515320785507882,0.024586244392815315,-0.005796842949630121,0.03256690689250441,0.011781381734959684,0.008773803710803607,4.612102862066298,0.018068333240258694,0.023097364792076802
Green_MSE_vs_scratch_baseline,TransUNet_scratch_seed42,Ours_green_MSE_scratch_seed42,ANFC_000463.png,8_56826,0.011315062914728169,0.016566311858106753,-0.003478142262601236,0.023033796201793577,0.009730112240093458,0.006774902343646527,-3.4268354938199224,0.02998698843477343,0.009446982478610866
Green_MSE_vs_scratch_baseline,TransUNet_scratch_seed42,Ours_green_MSE_scratch_seed42,ANFC_000464.png,8_56826,0.09176123788725965,0.12314673210128724,0.017022504326118182,0.1548130445931647,0.041514019368828814,0.037628173827550904,-9.374363642716492,0.024834169843355958,0.0035025983749321643
Green_MSE_vs_scratch_baseline,TransUNet_scratch_seed42,Ours_green_MSE_scratch_seed42,ANFC_000465.png,8_56826,0.06583106333700184,0.07869830649879794,0.015011235953706792,0.08492715931732919,0.042050320706437105,0.037460327147865846,-1.599168779233608,0.05813420068245145,0.052390887498302674
Green_MSE_vs_scratch_baseline,TransUNet_scratch_seed42,Ours_green_MSE_scratch_seed42,ANFC_000466.png,8_56826,0.009817700709585875,0.015584930978093103,0.028792134830016414,-0.007412627466561794,-0.006074561403375589,0.004531860351493444,0.38516480713450374,0.0277367780522908,0.004453742580858067
Green_MSE_vs_scratch_baseline,TransUNet_scratch_seed42,Ours_green_MSE_scratch_seed42,ANFC_000467.png,8_56826,0.05220216481098883,0.05295025301503459,0.1005416831681144,0.032761909701704395,0.001932133800232383,0.013320922851359218,0.04900548477153421,0.08795520515230026,0.07708107124741848
Green_MSE_vs_scratch_baseline,TransUNet_scratch_seed42,Ours_green_MSE_scratch_seed42,ANFC_000468.png,8_56826,0.008042590112230186,0.012187540782038542,0.012570920012650477,0.004045524683825685,0.0009672400016618177,0.004150390624936717,0.0,0.00875825597393931,-0.0037715337320437525
Green_MSE_vs_scratch_baseline,TransUNet_scratch_seed42,Ours_green_MSE_scratch_seed42,ANFC_000470.png,8_56826,-0.01450303494396088,-0.02145838021344426,-0.02823545497858515,-0.0004104912729729904,0.0013750024553345064,-0.005233764648357564,2.9863916948438334,-0.020517348346099862,-0.0025379233914858412
Green_MSE_vs_scratch_baseline,TransUNet_scratch_seed42,Ours_green_MSE_scratch_seed42,ANFC_000471.png,8_56826,-0.015284060418430556,-0.02447743160095106,-0.027485553413284514,-0.002789789150936084,9.608363119073537e-05,-0.005584716796789735,6.17252451536934,-0.0433777182289421,-0.021527899928799443
Green_MSE_vs_scratch_baseline,TransUNet_scratch_seed42,Ours_green_MSE_scratch_seed42,ANFC_000472.png,8_58452,-0.0025064228547458933,-0.0025366769712414916,0.02569356872230555,-0.007803949923194775,-0.007974050547236544,-0.0047149658202405575,-0.4570607950791299,-0.022099142694469442,0.06856226908982749
Green_MSE_vs_scratch_baseline,TransUNet_scratch_seed42,Ours_green_MSE_scratch_seed42,ANFC_000473.png,8_58452,0.010062576689218283,0.01310689183441871,-0.018769272017861716,0.024099700341740138,0.00802383043187449,0.004974365234299061,0.6366820207504027,0.003670903641057266,0.08778036140830348
Green_MSE_vs_scratch_baseline,TransUNet_scratch_seed42,Ours_green_MSE_scratch_seed42,ANFC_000474.png,8_58452,0.01779306205808351,0.021567721510333038,0.004428904427872027,0.022515602288987857,0.003836985272444915,0.003875732421815825,-41.186648848261186,0.018206302964645427,0.042467338396643184
Green_MSE_vs_scratch_baseline,TransUNet_scratch_seed42,Ours_green_MSE_scratch_seed42,ANFC_000475.png,8_58452,-0.06637702283621205,-0.05858061877666637,-0.019306815534006372,-0.10179379202313082,-0.01616669660472969,-0.0163726806638127,35.55200697748224,-0.04521308008233704,-0.03092660022429594
Green_MSE_vs_scratch_baseline,TransUNet_scratch_seed42,Ours_green_MSE_scratch_seed42,ANFC_000476.png,8_58452,-0.033487600264495376,-0.033769650325862044,-0.06764097257273138,-0.007460861656347961,0.005241851774873019,-0.0033569335936988187,12.107892064204293,-0.08376454794060928,-0.028805139520181544
Green_MSE_vs_scratch_baseline,TransUNet_scratch_seed42,Ours_green_MSE_scratch_seed42,ANFC_000477.png,8_58452,0.028642944458903585,0.023678248715972627,-0.00029377203281610864,0.02370829573435973,0.015949913088006973,0.015106201171644518,-12.497180092289057,0.018711070423405363,0.06573394022101636
Green_MSE_vs_scratch_baseline,TransUNet_scratch_seed42,Ours_green_MSE_scratch_seed42,ANFC_000478.png,8_58452,-0.0031956706837643623,-0.004257721140902282,0.013794567061354623,-0.01671189003111828,-0.005132591958847743,-0.0024108886718382516,-5.494950457561647,0.03757457155184918,-0.0689033248107856
Green_MSE_vs_scratch_baseline,TransUNet_scratch_seed42,Ours_green_MSE_scratch_seed42,ANFC_000479.png,8_58452,0.04211369711068913,0.058662327479618304,0.02423435419225617,0.054132373281591484,0.016399181883208325,0.017745971679416717,-5.741781051413124,0.05848046919744199,0.06746013832408138
Green_MSE_vs_scratch_baseline,TransUNet_scratch_seed42,Ours_green_MSE_scratch_seed42,ANFC_000480.png,8_58452,0.005329808360106769,0.007011471834692862,0.006205134443824645,0.0046345748069240855,0.0007327668928810427,0.0014190673827908507,2.182209793698492,-0.010939039666408523,0.006636302983919484
Green_MSE_vs_scratch_baseline,TransUNet_scratch_seed42,Ours_green_MSE_scratch_seed42,ANFC_000481.png,8_58452,0.005123603978882008,0.006332945850798133,-0.03448744059273767,0.03540399124090143,0.009540836499122629,0.004592895507742445,9.089238057722309,-0.033547722050137896,0.04194881095433356
Green_MSE_vs_scratch_baseline,TransUNet_scratch_seed42,Ours_green_MSE_scratch_seed42,ANFC_000482.png,8_58452,-0.014849597723262886,-0.016132449411834726,0.018465596832439535,-0.04043340664023698,-0.014245720967889564,-0.009704589843601896,4.729529283712257,0.05590677334399807,-0.011976025326202788
Green_MSE_vs_scratch_baseline,TransUNet_scratch_seed42,Ours_green_MSE_scratch_seed42,ANFC_000483.png,8_58452,-0.029299747341228033,-0.025830578699018225,0.013917525766021899,-0.030375562642283582,-0.007767784137244993,-0.007125854492078809,-2.2154071414180123,-0.06171553718903078,-0.050925499771258764
Green_MSE_vs_scratch_baseline,TransUNet_scratch_seed42,Ours_green_MSE_scratch_seed42,ANFC_000484.png,8_58452,0.011206892915652023,0.016781956355575223,0.012387044368729172,0.009999096143462616,0.0016700486648288937,0.003280639648387429,0.0,0.004209195246426933,0.016944718061942865
Green_MSE_vs_scratch_baseline,TransUNet_scratch_seed42,Ours_green_MSE_scratch_seed42,ANFC_000485.png,8_58452,0.009659228174804357,0.012829984822152474,0.003826704933193037,0.01567806827252527,0.0023531836685213303,0.0025177001952740863,-5.3758352525492015,0.02002784477055508,-0.006967064136736978
Green_MSE_vs_scratch_baseline,TransUNet_scratch_seed42,Ours_green_MSE_scratch_seed42,ANFC_000486.png,8_58452,-0.012134213324306198,-0.014583035103588493,-0.049615877072724746,0.029484094342184464,0.005987720955235587,0.0006866455078020639,-2.5584757047860727,-0.0037989080423787014,-0.03118104652453857
Green_MSE_vs_scratch_baseline,TransUNet_scratch_seed42,Ours_green_MSE_scratch_seed42,ANFC_000487.png,8_58452,-0.01768184764106473,-0.020222604175963887,-0.06623328835198905,0.030437570154023597,0.010926581042975725,0.001327514648417294,3.372152460354684,-0.04509864346815706,-0.0033202336137536648
Green_MSE_vs_scratch_baseline,TransUNet_scratch_seed42,Ours_green_MSE_scratch_seed42,ANFC_000488.png,8_58452,0.01244726772639726,0.018725022309259653,0.012617449662735924,0.01226850662407164,0.0015322108597333184,0.0027923583983949785,-0.12310562561766059,0.008370846736812543,0.008949998578048124
Green_MSE_vs_scratch_baseline,TransUNet_scratch_seed42,Ours_green_MSE_scratch_seed42,ANFC_000489.png,8_58452,-0.00796134411892313,-0.010612620656947236,-0.02018176957762874,0.0012691978822163552,0.0012574499603600353,-0.0011901855468567923,1.0990195135927845,-0.024237036111120935,0.0058902352299669
Green_MSE_vs_scratch_baseline,TransUNet_scratch_seed42,Ours_green_MSE_scratch_seed42,ANFC_000491.png,8_58452,-0.021023222904430816,-0.024304676213084186,-0.024949550536607967,-0.01499755891015675,-0.0007655820920234868,-0.0027770996093327005,-5.240596949834448,-0.029741098241994113,0.01170746607341977
Green_MSE_vs_scratch_baseline,TransUNet_scratch_seed42,Ours_green_MSE_scratch_seed42,ANFC_000493.png,8_58452,-0.018601616519809294,-0.02528255966426196,-0.0027829313539912137,-0.029812019785317445,-0.00613898948083913,-0.005752563476474681,8.774580589965575,-0.030906382230423968,-0.021527889836051806
Green_MSE_vs_scratch_baseline,TransUNet_scratch_seed42,Ours_green_MSE_scratch_seed42,ANFC_000494.png,8_58452,-0.03115174402457621,-0.040869406249575024,-0.06861525703386917,-0.004497846314095111,0.0016965344577398733,-0.0034790039061969313,4.12310562561766,-0.04422553867227963,-0.05252765559766426
Green_MSE_vs_scratch_baseline,TransUNet_scratch_seed42,Ours_green_MSE_scratch_seed42,ANFC_000495.png,8_58452,-0.0062164238907437275,-0.00887193219094562,-0.008734895907885454,-0.0038245502618385885,-0.0003238617962343371,-0.0012054443359191813,0.5426650788118135,-0.03575556865554497,-0.006976507013441435
Green_MSE_vs_scratch_baseline,TransUNet_scratch_seed42,Ours_green_MSE_scratch_seed42,ANFC_000496.png,8_58452,0.045693917746680524,0.04948558429884198,0.0254801292973037,0.053328142218265984,0.010468337840130237,0.01167297363263442,-8.75722941336145,0.015534615768546867,0.05585062522793138
Green_MSE_vs_scratch_baseline,TransUNet_scratch_seed42,Ours_green_MSE_scratch_seed42,ANFC_000497.png,8_58452,0.002107828799356559,0.003132701698254081,-0.007753631101042546,0.011173864004619727,0.0025718796005149702,0.0011291503906077915,-0.7872430782561217,-0.001885109439467736,-0.0012017838279121396
Green_MSE_vs_scratch_baseline,TransUNet_scratch_seed42,Ours_green_MSE_scratch_seed42,ANFC_000498.png,8_58452,0.01078799617593007,0.016262418045204896,0.05697862040571,-0.03622086803653768,-0.009277238403285204,0.0007476806640510647,-5.486832980505138,0.04010910557376146,0.00397266316215561
Green_MSE_vs_scratch_baseline,TransUNet_scratch_seed42,Ours_green_MSE_scratch_seed42,ANFC_000499.png,8_58452,-0.008830369710447816,-0.0131122219488774,0.027654489583742503,-0.04861847519172613,-0.009110292692221633,-0.004180908203061162,-15.0,-0.039895130844669335,-0.007002284450356
Green_MSE_vs_scratch_baseline,TransUNet_scratch_seed42,Ours_green_MSE_scratch_seed42,ANFC_000500.png,8_58452,0.0391801130029511,0.04136019457811141,-0.01727367325342899,0.10949810631213963,0.012464803806746638,0.010284423827968125,-40.02044266984654,0.05687601036734424,0.0446689555706995
Green_MSE_vs_scratch_baseline,TransUNet_scratch_seed42,Ours_green_MSE_scratch_seed42,ANFC_000501.png,8_58452,0.08131243457043569,0.07751229619944466,0.03656966262256767,0.0982198085115516,0.016901042933565202,0.01806640624972433,-35.90853167474005,0.1307472419152842,0.15571014310122094
Green_MSE_vs_scratch_baseline,TransUNet_scratch_seed42,Ours_green_MSE_scratch_seed42,ANFC_000502.png,8_58452,0.008997550970224255,0.011383254193418901,0.04077646196547724,-0.010868746049731204,-0.0059290260701729824,-9.155273437366773e-05,0.12478373637688378,0.0056143118822690186,0.02245273841666895
Green_MSE_vs_scratch_baseline,TransUNet_scratch_seed42,Ours_green_MSE_scratch_seed42,ANFC_000503.png,8_58452,0.040228538857531304,0.051504002234114,0.016216216212563972,0.051424249909533315,0.007299986905733635,0.007904052734254319,-59.86448822765674,0.056313148982307215,0.033354679446311764
Green_MSE_vs_scratch_baseline,TransUNet_scratch_seed42,Ours_green_MSE_scratch_seed42,ANFC_000504.png,8_58452,0.040929969610072225,0.04560743027578734,-0.05667855726559934,0.08278541953426322,0.03526144185424007,0.024642944335561467,-8.110770276274835,0.02200414046359267,0.06369543971290603
Green_MSE_vs_scratch_baseline,TransUNet_scratch_seed42,Ours_green_MSE_scratch_seed42,ANFC_000505.png,8_58452,-0.008392725438736481,-0.012509227855169391,-0.019085768138763948,-7.472252577567229e-05,0.0003426222019130565,-0.0009155273437360112,7.877188724235683,-0.005182774143143498,-0.016252865864775812
Green_MSE_vs_scratch_baseline,TransUNet_scratch_seed42,Ours_green_MSE_scratch_seed42,ANFC_000506.png,8_58452,0.008061963300018515,0.008588181481919976,0.036780125820813026,-0.005025139722890093,-0.0050053086606164365,-0.0010528564452965128,-5.465951728836146,0.013399752459414271,0.015488417465776894
Green_MSE_vs_scratch_baseline,TransUNet_scratch_seed42,Ours_green_MSE_scratch_seed42,ANFC_000507.png,8_58452,-0.03349381869551654,-0.02844554029121088,0.019704433491065876,-0.041187948315599854,-0.014018018594453285,-0.01245117187480993,1.7922734034677532,-0.05062032343265488,-0.018414378317359703
Green_MSE_vs_scratch_baseline,TransUNet_scratch_seed42,Ours_green_MSE_scratch_seed42,ANFC_000508.png,8_58452,0.018166915455125277,0.024133047060607704,0.03210147196490731,0.008165243563827529,6.76246830081384e-05,0.0031890869140138722,-0.9428292351876078,0.007521287543338806,0.02889411387076235
Green_MSE_vs_scratch_baseline,TransUNet_scratch_seed42,Ours_green_MSE_scratch_seed42,ANFC_000509.png,8_58452,0.01423589861018526,0.021089165931798215,0.038500600125704,-0.005176278329049766,-0.00343661456898936,0.0034942626952592093,-0.7546696386347023,0.012412435989377801,0.01765078524146968
Green_MSE_vs_scratch_baseline,TransUNet_scratch_seed42,Ours_green_MSE_scratch_seed42,ANFC_000510.png,8_58452,-0.0017627793024328486,-0.0027514202364555818,0.007656130372125647,-0.009757840679328389,-0.002305250651635782,-0.0009155273437360112,0.0,-0.0016398178823869847,-0.008902148391038311
Green_MSE_vs_scratch_baseline,TransUNet_scratch_seed42,Ours_green_MSE_scratch_seed42,ANFC_000592.png,8_58646,-0.06399889795056413,-0.07080260296857804,-0.05096731153422718,-0.07310962145525546,-0.01373167243821205,-0.017990112304413053,-2.655598307479906,-0.010334906084332074,-0.012468577691520433
Green_MSE_vs_scratch_baseline,TransUNet_scratch_seed42,Ours_green_MSE_scratch_seed42,ANFC_000593.png,8_58646,0.001022413947402545,0.001570692826819875,0.0012762501448803087,0.0008103903731851991,0.0001229861025682233,0.00027465820312078115,-0.3944487245360109,0.008564027490574722,0.013586591371356871
Green_MSE_vs_scratch_baseline,TransUNet_scratch_seed42,Ours_green_MSE_scratch_seed42,ANFC_000594.png,8_58646,0.003947058944023807,0.005482827636970278,-0.02446000591533093,0.023621747282195238,0.008700832174870388,0.003570556640570488,0.0,-0.003699375074684763,0.02561138724526124
Green_MSE_vs_scratch_baseline,TransUNet_scratch_seed42,Ours_green_MSE_scratch_seed42,ANFC_000598.png,8_58646,0.005520639899866175,0.007760910937084198,-0.015984341866582263,0.019260522209842756,0.004023230367746433,0.0021514892577796374,-2.0,0.017394742534026064,-0.018398894117758968
Green_MSE_vs_scratch_baseline,TransUNet_scratch_seed42,Ours_green_MSE_scratch_seed42,ANFC_000599.png,8_58646,0.005816652170539838,0.009159812972787562,0.02851748807347798,-0.014780135288248508,-0.004200317277109122,0.0008239746093624545,-7.0,0.03637299744475475,0.020367779054491164
Green_MSE_vs_scratch_baseline,TransUNet_scratch_seed42,Ours_green_MSE_scratch_seed42,ANFC_000600.png,8_58646,-0.008504989312778988,-0.01081298573945133,-0.03308145963572784,0.006078492069980568,0.005815229317427062,-0.0006256103515529521,-1.9457581059909614,-0.011629437094004547,-0.02395635773568483
Green_MSE_vs_scratch_baseline,TransUNet_scratch_seed42,Ours_green_MSE_scratch_seed42,ANFC_000601.png,8_58646,-0.007547520306889655,-0.010320412576944715,-0.02328981722994361,0.007121495934464539,0.0027697861009852165,-0.0010375976562341238,6.296506806603004,-0.014518193354036146,0.0017385695636745746
Green_MSE_vs_scratch_baseline,TransUNet_scratch_seed42,Ours_green_MSE_scratch_seed42,ANFC_000602.png,8_58646,0.03829254345741201,0.033933925445636226,-0.07458143072959733,0.06615899779440904,0.03383822636437894,0.026229858398037265,-6.544199104153428,0.046553389243063625,0.05358217709245877
Green_MSE_vs_scratch_baseline,TransUNet_scratch_seed42,Ours_green_MSE_scratch_seed42,ANFC_000603.png,8_58646,-0.00033032188268955487,-0.00044825849038354626,0.06983844293730579,-0.05523961322618798,-0.01482444733394317,-0.004669189453053724,1.7269189288533653,-0.018762433553366042,-0.018344998425576353
Green_MSE_vs_scratch_baseline,TransUNet_scratch_seed42,Ours_green_MSE_scratch_seed42,ANFC_000607.png,8_58646,0.009021512016320732,0.012051692351361942,-0.04165741768097242,0.04410958628252004,0.023701966513067774,0.010223388671719014,-3.464249196572979,0.03135178462518318,0.038090962884932855
Green_MSE_vs_scratch_baseline,TransUNet_scratch_seed42,Ours_green_MSE_scratch_seed42,ANFC_000608.png,8_58646,-0.0007200557698904264,-0.0010802003326171317,0.025049850445532207,-0.02141280521603539,-0.005025038252798986,-0.001342773437479572,0.24742552710554921,-0.013057334429453005,-0.001964512412742647
Green_MSE_vs_scratch_baseline,TransUNet_scratch_seed42,Ours_green_MSE_scratch_seed42,ANFC_000609.png,8_58646,0.027797265163872376,0.02796058295518844,0.17375601922677453,-0.026500859005774924,-0.023764698110322224,-0.008743286132679051,-3.2395859975134726,-0.010277754118666382,-0.0045888387001646325
Green_MSE_vs_scratch_baseline,TransUNet_scratch_seed42,Ours_green_MSE_scratch_seed42,ANFC_000610.png,8_58646,-0.06430127828403753,-0.0763386357170206,0.016339869278724106,-0.1557307620580216,-0.025111969639558418,-0.020660400390309808,8.796724327275712,-0.07681248364864457,-0.023023083488744933
Green_MSE_vs_scratch_baseline,TransUNet_scratch_seed42,Ours_green_MSE_scratch_seed42,ANFC_000611.png,8_58646,-0.04636995086670659,-0.044867054621701485,0.052315608910408984,-0.12198890485044672,-0.030449201084808086,-0.023086547851210226,-2.6549357502293844,0.03026729152765084,0.08745630316303599
Green_MSE_vs_scratch_baseline,TransUNet_scratch_seed42,Ours_green_MSE_scratch_seed42,ANFC_000612.png,8_58646,-0.002875014420638866,-0.004349653895851624,0.013331217264984763,-0.016656057295150295,-0.002667341943062951,-0.0011291503906076805,-0.11953506150162418,-0.0036590224420586237,-0.000619209054775749
Green_MSE_vs_scratch_baseline,TransUNet_scratch_seed42,Ours_green_MSE_scratch_seed42,ANFC_000614.png,8_58646,0.030414561830946485,0.04262937028662739,0.036888293913662995,0.024383516273054795,0.005740065271535033,0.012130737304502315,-1.959197140171625,0.03151684003380406,0.06853652759708884
Green_MSE_vs_scratch_baseline,TransUNet_scratch_seed42,Ours_green_MSE_scratch_seed42,ANFC_000615.png,8_58646,-0.01324637449441568,-0.019626165250586802,0.012576312574777093,-0.03066357098165373,-0.0074809053812388004,-0.004974365234299061,1.0,-0.013035294218507465,-0.048935394464807325
Green_MSE_vs_scratch_baseline,TransUNet_scratch_seed42,Ours_green_MSE_scratch_seed42,ANFC_000616.png,8_58646,-0.0015563159694611528,-0.0021111704615388582,-0.02568872353391005,0.013062449872141002,0.007318377052974001,0.001632690429662631,-1.229420372752502,0.004447456815766304,-0.020648562729717046
Green_MSE_vs_scratch_baseline,TransUNet_scratch_seed42,Ours_green_MSE_scratch_seed42,ANFC_000617.png,8_58646,0.0016824135905457727,0.002442431448843485,0.011222910215270443,-0.005063652391321227,-0.0015402187456469152,-3.051757812455591e-05,4.691228709680306,0.0002360649958871308,0.0001333258564920614
Green_MSE_vs_scratch_baseline,TransUNet_scratch_seed42,Ours_green_MSE_scratch_seed42,ANFC_000619.png,8_58646,0.00965161796096159,0.012831658308555594,-0.0020787478598582876,0.020315253513392806,0.00411450887401732,0.0033416748046365408,-0.8865472305912192,0.012538201826280182,0.013221423565007995
Green_MSE_vs_scratch_baseline,TransUNet_scratch_seed42,Ours_green_MSE_scratch_seed42,ANFC_000620.png,8_58646,-0.005157662062807988,-0.006109191590102592,0.01011736139112529,-0.029249394163709197,-0.00567814274409395,-0.003295898437449707,0.8823153698623578,0.00813107913840927,-0.027043796026097744
Green_MSE_vs_scratch_baseline,TransUNet_scratch_seed42,Ours_green_MSE_scratch_seed42,ANFC_000621.png,8_58646,-0.01915357021940689,-0.021738223972585013,-0.06259630199705357,0.02338061224408705,0.0124746156075487,0.0005798339843661182,3.439780221438964,-0.042526185395381555,0.0019251450604628184
Green_MSE_vs_scratch_baseline,TransUNet_scratch_seed42,Ours_green_MSE_scratch_seed42,ANFC_000622.png,8_58646,-0.0008318041342512128,-0.001160551832975032,-0.002646239553948937,0.00044777324045364164,0.00020563438206511186,-0.00010681152343594569,-3.5085937028473477,0.013918573834722059,-0.00026974925331413324
Green_MSE_vs_scratch_baseline,TransUNet_scratch_seed42,Ours_green_MSE_scratch_seed42,ANFC_000623.png,8_58646,-0.010933208069299316,-0.013785347644869606,0.008397042234816743,-0.030133156198551947,-0.006080928470801439,-0.004318237304621553,-0.5999316645247674,0.006650831435198734,-0.03460308709805937
Green_MSE_vs_scratch_baseline,TransUNet_scratch_seed42,Ours_green_MSE_scratch_seed42,ANFC_000624.png,8_58646,-0.012200761707457763,-0.013419723437830933,0.006591865356719295,-0.029002565331220254,-0.006369208642838631,-0.004959106445236894,0.26425924224266595,0.011319952016725754,-0.021264678272081228
Green_MSE_vs_scratch_baseline,TransUNet_scratch_seed42,Ours_green_MSE_scratch_seed42,ANFC_000625.png,8_58646,-0.010913924710211576,-0.01181054484323546,0.06870229006773831,-0.06728907709241316,-0.025440959248841044,-0.013961791991974448,-4.898032090135008,0.023903817853414,0.08379803133991837
Green_MSE_vs_scratch_baseline,TransUNet_scratch_seed42,Ours_green_MSE_scratch_seed42,ANFC_000627.png,8_58646,0.0026727137143355284,0.0038226213772611928,0.038613013695324216,-0.033288313005515935,-0.010695187165576825,-0.0019073486327834122,-1.6448896953775431,-0.008863766966740738,0.008460391384011112
Green_MSE_vs_scratch_baseline,TransUNet_scratch_seed42,Ours_green_MSE_scratch_seed42,ANFC_000628.png,8_58646,0.008471242155196568,0.011000294437538694,-0.02514473342908974,0.040742244061452215,0.013657506068720071,0.006805419921771083,8.467720531544776,-0.01381934410171859,0.035586684560868886
Green_MSE_vs_scratch_baseline,TransUNet_scratch_seed42,Ours_green_MSE_scratch_seed42,ANFC_000630.png,8_58646,-0.01665543722107443,-0.023017736045186976,0.013507219373776191,-0.03958163617874888,-0.007107200270630276,-0.005081176757734895,50.945970002767034,-0.04341883746375608,-0.023805920633299893
Green_MSE_vs_scratch_baseline,TransUNet_scratch_seed42,Ours_green_MSE_scratch_seed42,ANFC_000631.png,8_58646,0.004679127854391618,0.005880077552514407,-0.02360876896912034,0.025472176102902755,0.010517297947385873,0.004959106445236894,-3.3618389221818425,0.013965012424337231,0.018639027107776318
Green_MSE_vs_scratch_baseline,TransUNet_scratch_seed42,Ours_green_MSE_scratch_seed42,ANFC_000632.png,8_58646,-0.05827566051974398,-0.07280818886639673,-0.17767624018568196,0.010898393479971014,0.01598244522745207,-0.006652832031148415,55.917759835448436,-0.09627811915485596,-0.03140351033059713
Green_MSE_vs_scratch_baseline,TransUNet_scratch_seed42,Ours_green_MSE_scratch_seed42,ANFC_000633.png,8_58646,-0.0032769602471983683,-0.0045006155464628606,-0.015374331548746678,0.007310192181292474,0.0019119470855396559,-6.103515624911182e-05,0.0,-0.004900397295790615,-0.019760853958752045
Green_MSE_vs_scratch_baseline,TransUNet_scratch_seed42,Ours_green_MSE_scratch_seed42,ANFC_000634.png,8_58646,0.04094882530182353,0.04623722048727924,0.11736491776454927,-0.028406712556107716,-0.01990238611677686,0.0014953613281022404,1.8831754945439485,0.031795637139392485,0.029003418977683992
Green_MSE_vs_scratch_baseline,TransUNet_scratch_seed42,Ours_green_MSE_scratch_seed42,ANFC_000635.png,8_58646,0.049758166275076565,0.05959352798364448,0.10058074878282697,0.00796317337754715,-0.0050136657207142665,0.008026123046752542,3.0,0.029928613729641507,0.0170304479617841
Green_MSE_vs_scratch_baseline,TransUNet_scratch_seed42,Ours_green_MSE_scratch_seed42,ANFC_000636.png,8_58646,0.050948834762164275,0.05609866013106857,0.08820750664878407,-0.020331323836070503,-0.010001298869797504,0.007446289062386424,-27.650867860782736,0.05509545415945538,0.03958789226154358
Green_MSE_vs_scratch_baseline,TransUNet_scratch_seed42,Ours_green_MSE_scratch_seed42,ANFC_000637.png,8_58646,-0.002000997030594198,-0.0025813914794352577,0.006584945800163666,-0.011695195434710093,-0.0028384083355278422,-0.0014190673827908507,-2.3380962103093985,0.02449832236374605,0.01233014490006279
Green_MSE_vs_scratch_baseline,TransUNet_scratch_seed42,Ours_green_MSE_scratch_seed42,ANFC_000638.png,8_58646,0.0014324649330522687,0.0020352254906276235,0.008742434431153856,-0.007725755887952768,-0.0027631942525014885,-0.00015258789062266853,9.146761911066882,-0.0003773340872254005,0.034227613588183936
Green_MSE_vs_scratch_baseline,TransUNet_scratch_seed42,Ours_green_MSE_scratch_seed42,ANFC_000639.png,8_58646,0.009326078229223822,0.013183402729955884,0.07976219964826836,-0.06041723205512761,-0.03071596339129523,-0.0034942626952592093,2.0,-0.008519058538438928,0.02536396952960529
Green_MSE_vs_scratch_baseline,TransUNet_scratch_seed42,Ours_green_MSE_scratch_seed42,ANFC_000640.png,8_58646,0.010081705987970313,0.015146668075106007,0.02233676975670873,0.00048008381972164393,-0.0007144350735220906,0.0021514892577796374,0.0,-0.01143521020138527,-0.012663781907962135
Green_MSE_vs_scratch_baseline,TransUNet_scratch_seed42,Ours_green_MSE_scratch_seed42,ANFC_000641.png,8_58646,0.007643290973990413,0.010904128742647123,-0.009661322857027144,0.020868104949197774,0.005720191742150882,0.0035095214843214873,-1.4984240387312848,0.0033165669570812684,-0.0020348242458494425
Green_MSE_vs_scratch_baseline,TransUNet_scratch_seed42,Ours_green_MSE_scratch_seed42,ANFC_000997.png,8_62573,0.010345634128605563,0.015222173166571706,-0.045389393204636974,0.05008948499918353,0.0061776691115538185,0.002883911132768424,-5.347362940239059,0.01658370945687182,0.10653951907464254
Green_MSE_vs_scratch_baseline,TransUNet_scratch_seed42,Ours_green_MSE_scratch_seed42,ANFC_000998.png,8_62573,-0.002098448890134774,-0.003127939862011875,-0.038842157338237926,0.023903045029384562,0.003154779328013224,0.0005645751953038403,0.0,0.0017797624317009708,0.05231448026838004
Green_MSE_vs_scratch_baseline,TransUNet_scratch_seed42,Ours_green_MSE_scratch_seed42,ANFC_000999.png,8_62573,-0.002777466541920237,-0.0040160496537073875,-0.08284652149356575,0.06356839720272134,0.010486416083449135,0.0024414062499626965,-1.3842268941360913,-0.0099928251722734,0.024772487238420904
Green_MSE_vs_scratch_baseline,TransUNet_scratch_seed42,Ours_green_MSE_scratch_seed42,ANFC_001003.png,8_62573,-0.006545492573064249,-0.008858122490955522,-0.01717164008111327,0.010714575453325548,0.00291800965035538,-0.0010986328124832356,0.22967038573099252,-0.007430896687673383,0.006210104814675765
Green_MSE_vs_scratch_baseline,TransUNet_scratch_seed42,Ours_green_MSE_scratch_seed42,ANFC_001005.png,8_62573,-0.006510680777933486,-0.008983789034540557,-0.032994261863198426,0.02069447101658428,0.004458422616913316,7.629394531138978e-05,-7.059277231121488,-0.03292207963704852,-0.017324320842368346
Green_MSE_vs_scratch_baseline,TransUNet_scratch_seed42,Ours_green_MSE_scratch_seed42,ANFC_001006.png,8_62573,-0.005385453144024499,-0.008274864329591347,-0.012295081966117616,0.0022635635925043474,0.0008469583149055548,-0.0014038085937285727,1.781152949374527,-0.025882187528838085,-0.014276269776613004
Green_MSE_vs_scratch_baseline,TransUNet_scratch_seed42,Ours_green_MSE_scratch_seed42,ANFC_001007.png,8_62573,-0.01093962254417491,-0.01705574820954625,-0.010773650727398554,-0.011097831181969275,-0.0019896038716258335,-0.003295898437449707,0.7573593128807152,-0.00978048960820399,-0.03933671401278671
Green_MSE_vs_scratch_baseline,TransUNet_scratch_seed42,Ours_green_MSE_scratch_seed42,ANFC_001008.png,8_62573,-0.012470953321094269,-0.018503962500785787,-0.03879820203148032,0.020656643275454356,0.00612997824224526,-0.00256347656246092,0.04738184006483692,0.0007032910913853385,-0.000496366299692852
Green_MSE_vs_scratch_baseline,TransUNet_scratch_seed42,Ours_green_MSE_scratch_seed42,ANFC_001009.png,8_62573,-0.011201286097373364,-0.01590435978972371,-0.025247524751086492,0.0049878755860314206,0.003927696595913299,-0.004165649413998884,0.460825149876813,-0.024515570682431265,0.000747301003534262
Green_MSE_vs_scratch_baseline,TransUNet_scratch_seed42,Ours_green_MSE_scratch_seed42,ANFC_001010.png,8_62573,-0.030974819785407504,-0.04378877306034845,-0.08225790561695812,0.042302242692971115,0.009226324817022125,-0.004943847656174505,3.6934598389893143,-0.025565390114823283,-0.06374413113516686
Green_MSE_vs_scratch_baseline,TransUNet_scratch_seed42,Ours_green_MSE_scratch_seed42,ANFC_001011.png,8_62573,-0.05281722637219144,-0.06474554137820643,-0.09993943063598554,-0.011455481339522122,0.003666137113463974,-0.009384155273294281,64.72877022515709,-0.04967153677624103,-0.05256314525221417
Green_MSE_vs_scratch_baseline,TransUNet_scratch_seed42,Ours_green_MSE_scratch_seed42,ANFC_001012.png,8_62573,-0.006688945503069865,-0.01030655975670347,-0.005716864750155426,-0.007585817893235425,-0.0009339605019454966,-0.0014190673827908507,0.4721359549995796,-0.02325466180161906,-0.0027607395254013456
Green_MSE_vs_scratch_baseline,TransUNet_scratch_seed42,Ours_green_MSE_scratch_seed42,ANFC_001013.png,8_62573,0.013180137066122644,0.01705636926610621,-0.023703703701195344,0.03687611212182096,0.013140534179418406,0.00782775878894304,0.820643375971656,0.018698779133039856,0.04059586768797807
Green_MSE_vs_scratch_baseline,TransUNet_scratch_seed42,Ours_green_MSE_scratch_seed42,ANFC_001014.png,8_62573,0.002626056837877311,0.003771996599683747,-0.014276337379859227,0.016176825134082806,0.006242033440686745,0.0024261474609004186,-0.5028986184286088,0.006486959988635466,-0.009187056255301695
Green_MSE_vs_scratch_baseline,TransUNet_scratch_seed42,Ours_green_MSE_scratch_seed42,ANFC_001015.png,8_62573,0.008505230543620512,0.012036414656291239,-0.016654480460097876,0.030033764806446928,0.01069006331353095,0.005554199218665179,-11.409487568999044,0.017656574339879105,0.0169083550652116
Green_MSE_vs_scratch_baseline,TransUNet_scratch_seed42,Ours_green_MSE_scratch_seed42,ANFC_001016.png,8_62573,0.01743606685581478,0.02658595084794446,0.004166106705528083,0.02693370915345117,0.0049573973662973,0.004867553710863226,-0.9393905132022553,0.008513946170124576,0.07060954422636057
Green_MSE_vs_scratch_baseline,TransUNet_scratch_seed42,Ours_green_MSE_scratch_seed42,ANFC_001017.png,8_62573,0.02688180122241679,0.03268722318314843,-0.012138084631164947,0.055515056183726874,0.016320107503778214,0.012420654296685485,-11.675308122875627,0.01940093380001251,0.014299889231876528
Green_MSE_vs_scratch_baseline,TransUNet_scratch_seed42,Ours_green_MSE_scratch_seed42,ANFC_001018.png,8_62573,-0.003425797471931613,-0.0047060519386650235,-0.01761597181272112,0.007380626681637192,0.003235836436544459,-1.5258789062277955e-05,4.0,-0.022663217628849597,-0.032945790629818394
Green_MSE_vs_scratch_baseline,TransUNet_scratch_seed42,Ours_green_MSE_scratch_seed42,ANFC_001019.png,8_62573,0.007682156473978963,0.010715955443057368,-0.02479016201202522,0.030043387356504248,0.010761439681483798,0.005203247070233008,1.4403065089105507,0.0033757882529013017,-0.01232118726192366
Green_MSE_vs_scratch_baseline,TransUNet_scratch_seed42,Ours_green_MSE_scratch_seed42,ANFC_001020.png,8_62573,0.08592207548016373,0.09328590840181167,0.005070779631297095,0.09615327985819394,0.030327450947645218,0.028503417968315015,-1.5330528964557075,0.0722622545024385,0.13875510576995315
Green_MSE_vs_scratch_baseline,TransUNet_scratch_seed42,Ours_green_MSE_scratch_seed42,ANFC_001021.png,8_62573,-0.0019574873573744433,-0.00282305716349307,-0.01955647047632103,0.013856894197110448,0.004503272621114274,0.0005798339843661182,0.0,0.011674584595258386,0.02820699831518192
Green_MSE_vs_scratch_baseline,TransUNet_scratch_seed42,Ours_green_MSE_scratch_seed42,ANFC_001022.png,8_62573,0.005707463997172035,0.00876377804515538,-0.031435123253254815,0.03932243824032777,0.010532050117840308,0.0038299560546291023,-1.3944487245360109,0.00917168997561213,0.008530270757167502
Green_MSE_vs_scratch_baseline,TransUNet_scratch_seed42,Ours_green_MSE_scratch_seed42,ANFC_001023.png,8_62573,0.04206018543055856,0.060573842630714414,0.08970331587088964,-0.008632395291713002,-0.0041973270577581046,0.008117675781126099,-25.284929026267108,0.04905303056920707,0.058632469982422
Green_MSE_vs_scratch_baseline,TransUNet_scratch_seed42,Ours_green_MSE_scratch_seed42,ANFC_001024.png,8_62573,0.019453057880280733,0.028581574207242832,0.014212396366072744,0.02331069834060029,0.003952569169892173,0.005142211913984118,0.12310562561766059,0.006010714148810159,0.04768947091806064
Green_MSE_vs_scratch_baseline,TransUNet_scratch_seed42,Ours_green_MSE_scratch_seed42,ANFC_001026.png,8_62573,0.015328005768742159,0.021541219859900762,0.030891438653884773,0.003101270734997552,-0.0005958663897205341,0.002670288085896755,0.0,0.010888710379633681,0.01717694076785037
Green_MSE_vs_scratch_baseline,TransUNet_scratch_seed42,Ours_green_MSE_scratch_seed42,ANFC_001027.png,8_62573,-0.005638372847606377,-0.008393160245655062,-0.01850094876484809,0.0041709544244864505,0.0021274274492303347,-0.0011901855468567923,0.006155281280905811,-0.003974935565902227,0.007527535580373557
Green_MSE_vs_scratch_baseline,TransUNet_scratch_seed42,Ours_green_MSE_scratch_seed42,ANFC_001028.png,8_62573,0.012167650133924957,0.01514807403277485,-0.013800301517592484,0.023044804562867283,0.00990986242141667,0.006790161132708916,5.119037853867557,0.010578568830560742,0.09515400251947753
Green_MSE_vs_scratch_baseline,TransUNet_scratch_seed42,Ours_green_MSE_scratch_seed42,ANFC_001029.png,8_62573,-0.009005827802217148,-0.011542119041754284,-0.05290444208166556,0.018882626943796277,0.00906238496714995,0.0010375976562342348,-1.4902650111375735,-0.03402138567030044,0.016774318504417796
Green_MSE_vs_scratch_baseline,TransUNet_scratch_seed42,Ours_green_MSE_scratch_seed42,ANFC_001030.png,8_62573,-0.011024864873672158,-0.01625703616504115,-0.037049316200824745,0.017590203262388138,0.005834938564720393,-0.0020599365234060807,0.9009804864072155,0.006225556425425771,-0.00206313775503586
Green_MSE_vs_scratch_baseline,TransUNet_scratch_seed42,Ours_green_MSE_scratch_seed42,ANFC_001032.png,8_62573,0.013127518342657352,0.012859015075739721,0.016894977161235114,0.010715014401498635,0.0005051621254617,0.0010528564452964018,8.063055849313244,0.04931661970559731,0.006933062752011443
Green_MSE_vs_scratch_baseline,TransUNet_scratch_seed42,Ours_green_MSE_scratch_seed42,ANFC_001033.png,8_62573,0.03027762891600727,0.03932103190949121,0.06171364866525619,-0.02169487232309486,-0.007021782626618234,0.006149291992093686,13.240996834429232,0.0293808169235662,0.03453687245546039
Green_MSE_vs_scratch_baseline,TransUNet_scratch_seed42,Ours_green_MSE_scratch_seed42,ANFC_001034.png,8_62573,-0.04515063033910227,-0.05795561850118558,-0.08018944960310481,-0.020783343291520096,0.0,-0.007492065429573147,3.4559962546824696,-0.0760446307538506,-0.08979401782894503
Green_MSE_vs_scratch_baseline,TransUNet_scratch_seed42,Ours_green_MSE_scratch_seed42,ANFC_001035.png,8_62573,0.008077946208120301,0.009943319590121513,0.018441558436768424,-0.0006153512267891292,-0.0005673896832252279,0.0005493164062415623,-1.0698653336812525,0.020214394694439197,0.02017066526925615
Green_MSE_vs_scratch_baseline,TransUNet_scratch_seed42,Ours_green_MSE_scratch_seed42,ANFC_001036.png,8_62573,0.03365096267152723,0.0442025891354586,-0.0401576742941222,0.06756108253338777,0.011370105893075966,0.0081787109373751,-45.047421121768984,-0.008222092581987028,0.02410117706611592
Green_MSE_vs_scratch_baseline,TransUNet_scratch_seed42,Ours_green_MSE_scratch_seed42,ANFC_001037.png,8_62573,-0.009841331639666606,-0.013538398200362733,-0.010410898215703734,-0.009054272635760308,-0.001221087652835462,-0.0024871826171496414,0.5839493827024711,-0.0030605974530737434,0.0177598462313987
Green_MSE_vs_scratch_baseline,TransUNet_scratch_seed42,Ours_green_MSE_scratch_seed42,ANFC_001038.png,8_62573,-0.013898594573841239,-0.015206681017706725,-0.024134985043969492,-0.009532016642266716,-0.0009531008643482997,-0.002609252929647643,4.476540178690101,-0.016093395274569544,-0.04317099698873067
Green_MSE_vs_scratch_baseline,TransUNet_scratch_seed42,Ours_green_MSE_scratch_seed42,ANFC_001039.png,8_62573,-0.021078576570515484,-0.025331868433552285,0.06582040429439562,-0.10866506016241739,-0.006008610764938527,-0.0036773681640064337,3.246828174426607,-0.013473295989907985,0.02866917128417079
Green_MSE_vs_scratch_baseline,TransUNet_scratch_seed42,Ours_green_MSE_scratch_seed42,ANFC_001135.png,8_84237,0.02560162527136922,0.030033827211424557,0.008805400643144834,0.028671177810027593,0.004667707511714858,0.004882812499925504,-10.348494391971322,0.046366194625804824,0.05540244304466746
Green_MSE_vs_scratch_baseline,TransUNet_scratch_seed42,Ours_green_MSE_scratch_seed42,ANFC_001137.png,8_84237,-0.0024579379992937245,-0.0027445466561120124,-0.022911051205218635,0.0058160595609013654,0.0017421045901780952,0.0006256103515529521,-1.4999988611879385,-0.0011676735331320742,-0.05334318374396607
Green_MSE_vs_scratch_baseline,TransUNet_scratch_seed42,Ours_green_MSE_scratch_seed42,ANFC_001138.png,8_84237,0.1330853544442392,0.1183742182063357,0.18447261199989295,0.10107560896073409,0.005742988972058272,0.01779174804660344,-1.4952774280569514,0.12682679519305928,-0.04767951487444938
Green_MSE_vs_scratch_baseline,TransUNet_scratch_seed42,Ours_green_MSE_scratch_seed42,ANFC_001139.png,8_84237,-0.07284551342529966,-0.09456792750541898,-0.07002141326123745,-0.07273343543982702,-0.008066901061215326,-0.012481689452934486,6.252094078749272,-0.08433864626664855,-0.07171696950098994
Green_MSE_vs_scratch_baseline,TransUNet_scratch_seed42,Ours_green_MSE_scratch_seed42,ANFC_001140.png,8_84237,-0.004774293117076889,-0.006825567286745771,-0.014304635757800166,0.0012066868857346646,0.0004533605349580361,-0.0003967285156188938,1.0990195135927845,-0.011535245436377628,-0.006664804893487419
Green_MSE_vs_scratch_baseline,TransUNet_scratch_seed42,Ours_green_MSE_scratch_seed42,ANFC_001143.png,8_84237,0.03725895531929713,0.037862478066795824,0.05604042258703712,0.01110971792968285,-0.0011277826811623148,0.002670288085896755,0.0,0.08271366930746982,0.011481196194422782
Green_MSE_vs_scratch_baseline,TransUNet_scratch_seed42,Ours_green_MSE_scratch_seed42,ANFC_001144.png,8_84237,-0.01605527269474738,-0.014471278379027397,0.009276437846145291,-0.03770094761461473,-0.008296478568677879,-0.006851196288957917,4.806613342102466,-0.09118062241217828,0.0025499259686246334
Green_MSE_vs_scratch_baseline,TransUNet_scratch_seed42,Ours_green_MSE_scratch_seed42,ANFC_001145.png,8_84237,-0.014307314309917052,-0.014078911657585458,0.04246461281380842,-0.061388555401878375,-0.012481064348078719,-0.008453369140495992,22.954251457457357,0.0020949541753209067,-0.010228148164622586
Green_MSE_vs_scratch_baseline,TransUNet_scratch_seed42,Ours_green_MSE_scratch_seed42,ANFC_001146.png,8_84237,0.031153044842220923,0.029711251815466244,-0.01034355374571716,0.04088743651756821,0.007989940950707597,0.007232666015514644,-14.75851226973796,0.04349420137555482,0.06902849602954653
Green_MSE_vs_scratch_baseline,TransUNet_scratch_seed42,Ours_green_MSE_scratch_seed42,ANFC_001147.png,8_84237,-0.010198166135136577,-0.010593773251843297,0.020742358072941447,-0.01958984330759206,-0.005479053529779621,-0.004013061523376216,-1.2536569832971907,0.02479898839333783,0.02657617727482553
Green_MSE_vs_scratch_baseline,TransUNet_scratch_seed42,Ours_green_MSE_scratch_seed42,ANFC_001148.png,8_84237,-0.03788845232887417,-0.03859619702855793,-0.05402930400456529,-0.026269371862527535,-0.00045775981815165956,-0.002243041992153305,2.106717934608735,-0.06385280896774614,-0.04775894513639417
Green_MSE_vs_scratch_baseline,TransUNet_scratch_seed42,Ours_green_MSE_scratch_seed42,ANFC_001149.png,8_84237,-0.05089360282389632,-0.04758446004791478,0.03271441199583158,-0.06005623985347969,-0.006955981678333112,-0.006271362304591799,4.439615045900872,-0.009616135258572411,-0.12334984237858987
Green_MSE_vs_scratch_baseline,TransUNet_scratch_seed42,Ours_green_MSE_scratch_seed42,ANFC_001150.png,8_84237,0.03043201380602334,0.04280519503131053,0.08889345101849866,-0.014225987289087527,-0.004038572488188619,0.002868652343706257,-2.280018611815188,0.05843928330254444,0.024541742083396656
Green_MSE_vs_scratch_baseline,TransUNet_scratch_seed42,Ours_green_MSE_scratch_seed42,ANFC_001151.png,8_84237,0.014312408675887123,0.02035869985398009,0.020343908934325028,0.00876309540155773,0.0009078529278098157,0.0033569335936988187,-3.7703296142690075,0.017403357524194862,0.0484198939952033
Green_MSE_vs_scratch_baseline,TransUNet_scratch_seed42,Ours_green_MSE_scratch_seed42,ANFC_001152.png,8_84237,-0.05309726871396481,-0.06339410346373009,-0.016901408438801835,-0.06238987234467119,-0.003727618691064194,-0.004013061523376216,-5.543763234437179,-0.06397535349662431,-0.01677318897547675
Green_MSE_vs_scratch_baseline,TransUNet_scratch_seed42,Ours_green_MSE_scratch_seed42,ANFC_001155.png,8_84237,-0.07549242082166985,-0.07762105518641305,0.005938242277934158,-0.11153470087468748,-0.01280749087426114,-0.012084960937315592,-9.573993555219133,-0.00018526546337982452,-0.020029477691395847
Green_MSE_vs_scratch_baseline,TransUNet_scratch_seed42,Ours_green_MSE_scratch_seed42,ANFC_001156.png,8_84237,0.05342952841090087,0.060039036796625145,0.1117990447352204,-0.00025081611406152504,-0.005661039026006343,0.004470825195244332,-10.71747588437741,0.05562846150499212,0.04335251290588349
Green_MSE_vs_scratch_baseline,TransUNet_scratch_seed42,Ours_green_MSE_scratch_seed42,ANFC_001157.png,8_84237,-0.013984366021388972,-0.015360742232710112,0.0008324084348412253,-0.028125436511744484,-0.0026319188787277126,-0.0024414062499628075,-0.6378601500631529,-0.038569018791768106,-0.04601638321625967
Green_MSE_vs_scratch_baseline,TransUNet_scratch_seed42,Ours_green_MSE_scratch_seed42,ANFC_001158.png,8_84237,0.012591386856818154,0.01326483316070326,0.07552285048886087,-0.06253814705635641,-0.010981912144521044,-0.004165649413998884,-4.501135711304295,0.05085835523506177,-0.01416822395015116
Green_MSE_vs_scratch_baseline,TransUNet_scratch_seed42,Ours_green_MSE_scratch_seed42,ANFC_001159.png,8_84237,0.020125622902525064,0.026570364913849565,0.04944812361485118,-0.014718022801797681,-0.00463913874912103,0.0028381347655815903,-8.874020316001129,0.06278490638180079,0.018233681083837827
Green_MSE_vs_scratch_baseline,TransUNet_scratch_seed42,Ours_green_MSE_scratch_seed42,ANFC_001160.png,8_84237,-0.005919279324842042,-0.006995372900607144,-0.015484739673365167,0.009772775175372672,0.0009986902422888244,-0.00012207031249811262,0.7065938177961684,-0.0043117652330169065,-0.002663715481123763
Green_MSE_vs_scratch_baseline,TransUNet_scratch_seed42,Ours_green_MSE_scratch_seed42,ANFC_001161.png,8_84237,-0.2752132941417918,-0.25946029078378213,-0.3017621144709775,-0.14543383318979608,-8.19725883650646e-05,-0.02098083496061731,1.488388633068169,-0.12139682419787756,-0.05122892350416566
Green_MSE_vs_scratch_baseline,TransUNet_scratch_seed42,Ours_green_MSE_scratch_seed42,ANFC_001162.png,8_84237,-0.021641516375292214,-0.029273443132969645,-0.0397752808899382,-0.0022022325344376315,0.0005402219821146748,-0.0021972656249664713,0.5638962257685387,0.005403857407557777,-0.03035983859692526
Green_MSE_vs_scratch_baseline,TransUNet_scratch_seed42,Ours_green_MSE_scratch_seed42,ANFC_001163.png,8_84237,0.02549511989783726,0.03202797836653759,0.0474849094471862,-0.006847772516502926,-0.0014694713205186671,0.002243041992153305,5.663841819015296,0.06867085660790706,0.0620239024366922
Green_MSE_vs_scratch_baseline,TransUNet_scratch_seed42,Ours_green_MSE_scratch_seed42,ANFC_001164.png,8_84237,-0.022118446063889352,-0.03012835802813829,-0.0408873423138566,0.00042787286280909775,0.000689225114039016,-0.002227783203091027,4.009046243138627,-0.05026996552744478,0.008582360794540667
Green_MSE_vs_scratch_baseline,TransUNet_scratch_seed42,Ours_green_MSE_scratch_seed42,ANFC_001165.png,8_84237,-0.034900559851136936,-0.04537741829617503,-0.0437409376404686,-0.02538223915735105,-0.0012703996872655,-0.003952026367127215,3.125281366254403,-0.0027898771486555285,-0.07526363352169951
Green_MSE_vs_scratch_baseline,TransUNet_scratch_seed42,Ours_green_MSE_scratch_seed42,ANFC_001166.png,8_84237,-0.0013333612767834069,-0.001618592582370404,0.04665161774016113,-0.035258448493089234,-0.003705588600087295,-0.001663208007787076,-0.6017348483217972,-0.016988033494892085,0.001332132889601212
Green_MSE_vs_scratch_baseline,TransUNet_scratch_seed42,Ours_green_MSE_scratch_seed42,ANFC_001167.png,8_84237,-0.05710946822438723,-0.07124656514233252,0.029810954912794285,-0.11043083809500465,-0.015339521250360866,-0.012496948241996764,11.292262136777257,-0.03626132992050379,-0.049768227178042634
Green_MSE_vs_scratch_baseline,TransUNet_scratch_seed42,Ours_green_MSE_scratch_seed42,ANFC_001169.png,8_84237,-0.01560744699310801,-0.02050049245926644,-0.005882352939983293,-0.025973132902129548,-0.0024915024914613504,-0.0027465820312081446,3.430057477477429,-0.029329800267290262,-0.02501798232214414
Green_MSE_vs_scratch_baseline,TransUNet_scratch_seed42,Ours_green_MSE_scratch_seed42,ANFC_001170.png,8_84237,0.023131065760380154,0.025798953844790695,0.01417577966214012,0.025741382314032446,0.0023149983350672088,0.0027618408202703115,-0.9911899364330736,0.0090450438651275,0.03213210421405899
Green_MSE_vs_scratch_baseline,TransUNet_scratch_seed42,Ours_green_MSE_scratch_seed42,ANFC_001171.png,8_84237,0.04202673797488865,0.0345355267740613,0.042990654178822085,0.037086450263710435,0.0031127309129668213,0.0040893554686876055,-8.234192058950779,0.051773696163736393,0.11064845396394812
Green_MSE_vs_scratch_baseline,TransUNet_scratch_seed42,Ours_green_MSE_scratch_seed42,ANFC_001172.png,8_84237,-0.008238522747893495,-0.011280651688842624,0.030051516877489526,-0.044769069780947746,-0.0037716385673612907,-0.001968383789032413,-3.9343194475931185,-0.017705399826912882,-0.007138774971428896
Green_MSE_vs_scratch_baseline,TransUNet_scratch_seed42,Ours_green_MSE_scratch_seed42,ANFC_001178.png,8_84237,-0.04915237869172473,-0.046455169084049674,0.02629016552213881,-0.0875618866907083,-0.014058121847505323,-0.012161254882626982,2.0740372293155502,-0.046046273121246206,-0.07594017709494322
Green_MSE_vs_scratch_baseline,TransUNet_scratch_seed42,Ours_green_MSE_scratch_seed42,ANFC_001179.png,8_84237,-0.032108640737657734,-0.03556145711550884,-0.0038040893942918874,-0.043347260906726914,-0.003767754953986624,-0.0037689208983799904,13.286681262132834,-0.0363567725709264,-0.015030217715843897
Green_MSE_vs_scratch_baseline,TransUNet_scratch_seed42,Ours_green_MSE_scratch_seed42,ANFC_001298.png,8_92229,0.06576906540543481,0.10179735236312515,0.11628765504162086,-0.00928201763036074,-0.0035967071856516375,0.021179199218426814,-7.148448671425971,0.02286371421256539,0.13860588956460235
Green_MSE_vs_scratch_baseline,TransUNet_scratch_seed42,Ours_green_MSE_scratch_seed42,ANFC_001299.png,8_92229,0.007570130514349738,0.010440194166739691,0.06523909907186964,-0.055681138719523626,-0.012773561204947104,-0.0020446777343438027,2.589351478706515,0.015481882760968402,-0.014694296124614037
Green_MSE_vs_scratch_baseline,TransUNet_scratch_seed42,Ours_green_MSE_scratch_seed42,ANFC_001300.png,8_92229,0.027639065066914825,0.03578979023607176,0.04741684358679821,0.008286253666118792,-0.0004174737826394548,0.0037078857421308786,1.6591335108657006,0.014957688092283372,0.03604923017317585
Green_MSE_vs_scratch_baseline,TransUNet_scratch_seed42,Ours_green_MSE_scratch_seed42,ANFC_001301.png,8_92229,0.012472758255402505,0.012656045627065793,0.0179418172474764,-0.002510499463143079,-0.0010565880865179844,0.0012054443359190703,-4.537516974357914,-0.004999253567866013,-0.023205434712873785
Green_MSE_vs_scratch_baseline,TransUNet_scratch_seed42,Ours_green_MSE_scratch_seed42,ANFC_001302.png,8_92229,0.15753612077995355,0.11396116628216299,0.13587515184226936,0.035716347493174094,-0.009300629160038265,0.014404296874780176,-51.67399297647174,0.20987569179414933,0.09994345538794286
Green_MSE_vs_scratch_baseline,TransUNet_scratch_seed42,Ours_green_MSE_scratch_seed42,ANFC_001303.png,8_92229,0.0729231022266546,0.05557468172776256,0.07843977709980854,-0.004860631494925105,-0.006525787108896508,0.002548217773398642,-56.00414494085665,-0.0009054101963847372,0.06945062455933776
Green_MSE_vs_scratch_baseline,TransUNet_scratch_seed42,Ours_green_MSE_scratch_seed42,ANFC_001304.png,8_92229,0.16897977879439152,0.14125458558521006,0.11384615377609475,0.1702953352902224,0.01696108651066386,0.01936340332001707,4.72014067024341,0.10391835020886597,0.07940966204109445
Green_MSE_vs_scratch_baseline,TransUNet_scratch_seed42,Ours_green_MSE_scratch_seed42,ANFC_001305.png,8_92229,-0.11155905964863277,-0.16804401899807464,-0.017420759734473545,-0.20596429345670741,-0.016220705828441262,-0.01629638671850142,6.0,-0.27355917557249276,-0.1828515513096548
Green_MSE_vs_scratch_baseline,TransUNet_scratch_seed42,Ours_green_MSE_scratch_seed42,ANFC_001306.png,8_92229,0.003263683738015999,0.004605881559785252,0.02088036116988712,-0.01740447225163788,-0.002025905014911511,-0.0001678466796849465,0.844870926344754,-0.0034520823891955876,0.013807901251881805
Green_MSE_vs_scratch_baseline,TransUNet_scratch_seed42,Ours_green_MSE_scratch_seed42,ANFC_001307.png,8_92229,-3.69943051601318e-05,-4.968046317155306e-05,0.05915349310821605,-0.0769590159607988,-0.012601400540584451,-0.004013061523376216,-34.409458223684354,-0.00809390700629442,-0.0049954044136066855
Green_MSE_vs_scratch_baseline,TransUNet_scratch_seed42,Ours_green_MSE_scratch_seed42,ANFC_001308.png,8_92229,0.0453075654590378,0.06394098770990364,0.08397600684319106,-0.0010370050196196745,-0.0019475860183492122,0.007232666015514644,-8.763765601388991,0.07226211118718195,0.04828353678926922
Green_MSE_vs_scratch_baseline,TransUNet_scratch_seed42,Ours_green_MSE_scratch_seed42,ANFC_001309.png,8_92229,-0.0028099329161354047,-0.0036722193603165865,-0.01516245486999701,0.005380734278870758,0.0011078346719488597,7.629394531127875e-05,3.117900044373071,0.018328706425572272,0.02861859317212867
Green_MSE_vs_scratch_baseline,TransUNet_scratch_seed42,Ours_green_MSE_scratch_seed42,ANFC_001310.png,8_92229,0.0011986291143784022,0.0014563140080781078,0.06416150308531654,-0.05298327041633544,-0.009201592519630597,-0.003601074218695044,-5.248235824793024,-0.024933569825089652,0.013104163578138872
Green_MSE_vs_scratch_baseline,TransUNet_scratch_seed42,Ours_green_MSE_scratch_seed42,ANFC_001311.png,8_92229,-0.029222228490584423,-0.029554384863561156,0.054620405340219724,-0.057375761821146065,-0.01211976047884833,-0.009155273437360334,-15.0,3.501661019589264e-05,-0.01357908901895416
Green_MSE_vs_scratch_baseline,TransUNet_scratch_seed42,Ours_green_MSE_scratch_seed42,ANFC_001312.png,8_92229,0.07339625111772574,0.08411363424092938,0.14849290776850776,-0.0019054179698234641,-0.005374934451930824,0.005218505859295397,7.277926181209921,0.02480582744358506,0.11336555741393883
Green_MSE_vs_scratch_baseline,TransUNet_scratch_seed42,Ours_green_MSE_scratch_seed42,ANFC_001313.png,8_92229,0.022098839189581332,0.02669873720751037,0.046137787046735323,0.00010113550032742058,-0.0015638889803185618,0.0019226074218456901,-5.4130305019400655,0.006403199618394639,0.08002796591809025
Green_MSE_vs_scratch_baseline,TransUNet_scratch_seed42,Ours_green_MSE_scratch_seed42,ANFC_001314.png,8_92229,0.05055738125449394,0.06309857292966059,0.044961240286841675,0.05660091119135202,0.001745255577715099,0.0030212402343288147,-0.5377002994914779,0.05900705216101565,0.0313954880714602
Green_MSE_vs_scratch_baseline,TransUNet_scratch_seed42,Ours_green_MSE_scratch_seed42,ANFC_001315.png,8_92229,-0.007187443398978144,-0.011690526748517449,-0.02221648152645106,0.008265928374496134,0.0015572550783549133,-0.0012512207031059042,1.0,-0.02010983849953496,-0.008047648949942032
Green_MSE_vs_scratch_baseline,TransUNet_scratch_seed42,Ours_green_MSE_scratch_seed42,ANFC_001316.png,8_92229,0.06408683518841041,0.07690554585911202,0.13569388919066894,-0.01503806589965151,-0.01086631091367063,0.008712768554554606,-4.848857801796104,0.07617903173868013,0.03872085717314133
Green_MSE_vs_scratch_baseline,TransUNet_scratch_seed42,Ours_green_MSE_scratch_seed42,ANFC_001317.png,8_92229,0.02274342581999711,0.027439658335160044,0.09489361698089638,-0.022950296856049546,-0.003687525717663953,-0.00015258789062266853,1.7999999999999545,0.027980676135786364,0.004324530822398809
Green_MSE_vs_scratch_baseline,TransUNet_scratch_seed42,Ours_green_MSE_scratch_seed42,ANFC_001318.png,8_92229,0.04602699015233469,0.05061655015430783,0.15449915108482903,-0.07019607920773152,-0.02593820911108502,-0.003234863281200595,-20.96861395157201,0.07032626605717651,0.021695854957202443
Green_MSE_vs_scratch_baseline,TransUNet_scratch_seed42,Ours_green_MSE_scratch_seed42,ANFC_001319.png,8_92229,0.026707169835583744,0.030240851760489407,0.07451097505233528,-0.051162836498786946,-0.008684715919565544,-0.00018310546874722444,-36.258939083359635,-0.07148852292883456,-0.11248934012412731
Green_MSE_vs_scratch_baseline,TransUNet_scratch_seed42,Ours_green_MSE_scratch_seed42,ANFC_001321.png,8_92229,-0.012472161032843876,-0.01801819738534094,0.0075749136674195805,-0.029882289784650684,-0.006700967131549329,-0.0047454833983651135,-0.28614529354171925,-0.0033728429677152283,-0.02776715870990698
Green_MSE_vs_scratch_baseline,TransUNet_scratch_seed42,Ours_green_MSE_scratch_seed42,ANFC_001322.png,8_92229,0.0131490419763306,0.017475041207308695,0.01421893260338547,0.012216430774781628,0.001291347968588985,0.002304077148402417,-6.210642683946995,0.028325713616149995,0.010910739947725179
Green_MSE_vs_scratch_baseline,TransUNet_scratch_seed42,Ours_green_MSE_scratch_seed42,ANFC_001324.png,8_92229,0.29033303995815,0.27243736111268385,0.2599081475999475,0.3005710251879494,0.013376468813158904,0.03549194335883343,14.617725813122718,0.31155896926511295,0.05005917797198123
Green_MSE_vs_scratch_baseline,TransUNet_scratch_seed42,Ours_green_MSE_scratch_seed42,ANFC_001325.png,8_92229,-0.011221411697713513,-0.016230832260906047,0.009870529418039897,-0.03245861939869665,-0.005577206200648166,-0.0037384033202554345,0.0,-0.006214836128526913,-0.025968083370956685
Green_MSE_vs_scratch_baseline,TransUNet_scratch_seed42,Ours_green_MSE_scratch_seed42,ANFC_001326.png,8_92229,-0.01621675758899921,-0.022577098946031438,0.060582524264002235,-0.0673694228790771,-0.018128037916345874,-0.008850097656114886,32.5135464249592,-0.022389571597236646,-0.022868875255381282
Green_MSE_vs_scratch_baseline,TransUNet_scratch_seed42,Ours_green_MSE_scratch_seed42,ANFC_001327.png,8_92229,-0.002827398122638103,-0.004238737555459671,0.035304247985748494,-0.03765317053194406,-0.0065564813548941725,-0.0021057128905928035,0.9608279654492811,0.003603944803687753,-0.039332133581251316
Green_MSE_vs_scratch_baseline,TransUNet_scratch_seed42,Ours_green_MSE_scratch_seed42,ANFC_001328.png,8_92229,-0.026172936373743294,-0.03448875951707586,-0.051862034484896014,0.006960619594725936,0.002641916084356377,-0.004013061523376327,-26.080110798354283,-0.0008261093225485627,0.0031942143058173444
Green_MSE_vs_scratch_baseline,TransUNet_scratch_seed42,Ours_green_MSE_scratch_seed42,ANFC_001329.png,8_92229,0.08614951758348655,0.09414639716506018,0.23064038136443232,-0.03833645761169224,-0.02739939420116999,0.0031585693358893163,19.16326107565331,0.04659640195870596,0.0524256203584173
Green_MSE_vs_scratch_baseline,TransUNet_scratch_seed42,Ours_green_MSE_scratch_seed42,ANFC_001330.png,8_92229,-0.05138875326162662,-0.06089928516476106,-0.03354890864543936,-0.06279267040928371,-0.012768007708766071,-0.015121459960706796,12.541921081030356,-0.0367116497814014,-0.09154108926273019
Green_MSE_vs_scratch_baseline,TransUNet_scratch_seed42,Ours_green_MSE_scratch_seed42,ANFC_001333.png,8_92229,-0.025801819789294522,-0.03215273752760306,0.013425253986420471,-0.051964514292711206,-0.004444090474602591,-0.0036926269530687117,92.7988424820644,-0.09350633142723963,0.0036787826588399186
Green_MSE_vs_scratch_baseline,TransUNet_scratch_seed42,Ours_green_MSE_scratch_seed42,ANFC_001334.png,8_92229,0.01318374939535949,0.015800174793518584,0.06874921589904037,-0.08206775631246865,-0.012802918439801858,-0.002883911132768424,-13.748123363845341,0.0034115753756199796,0.012887482500616665
Green_MSE_vs_scratch_baseline,TransUNet_scratch_seed42,Ours_green_MSE_scratch_seed42,ANFC_001335.png,8_92229,0.003168278846349293,0.0039758721588916135,-0.008349813226027236,0.011911183661456826,0.0017545298023816658,0.0010528564452965128,2.58966920436181,-0.008382547932390905,0.02678065050578926
Green_MSE_vs_scratch_baseline,TransUNet_scratch_seed42,Ours_green_MSE_scratch_seed42,ANFC_001336.png,8_92229,-0.012578175635235889,-0.017739521456896168,0.004572853875582372,-0.025186289748598045,-0.0031947303416517414,-0.002624511718709921,0.8377223398316205,-0.014626718067321298,-0.04727589567389234
Green_MSE_vs_scratch_baseline,TransUNet_scratch_seed42,Ours_green_MSE_scratch_seed42,ANFC_001337.png,8_92229,-0.03592927069615415,-0.041837752788533966,0.015869140621125655,-0.05783727849636555,-0.010628255208160353,-0.00897216796861311,0.49226887038332734,-0.027409069183450208,-0.04058198717073469
Green_MSE_vs_scratch_baseline,TransUNet_scratch_seed42,Ours_green_MSE_scratch_seed42,ANFC_001338.png,8_92229,-0.0022780524713670314,-0.003212214751803999,0.026117926389766954,-0.023504798521056247,-0.003720115075498076,-0.0014190673827908507,-1.6157731058639087,-0.007244961263873084,-0.000774103951694971
Green_MSE_vs_scratch_baseline,TransUNet_scratch_seed42,Ours_green_MSE_scratch_seed42,ANFC_001339.png,8_92229,0.035588547530422954,0.0430630787445202,0.10692536466408087,-0.02789375545481798,-0.010825138948083346,0.0018615722655965783,-53.518958510874626,0.0573810004771782,0.029811055393179187
Green_MSE_vs_scratch_baseline,TransUNet_scratch_seed42,Ours_green_MSE_scratch_seed42,ANFC_001340.png,8_92229,-0.04613656064059468,-0.05620293415885347,0.036458333328336257,-0.07610057749975763,-0.02896634615334881,-0.021682739257481654,4.807861614034461,-0.02990107150819643,-0.051926443978327075
Green_MSE_vs_scratch_baseline,TransUNet_scratch_seed42,Ours_green_MSE_scratch_seed42,ANFC_001341.png,8_92229,0.005955677822253369,0.008350774972798347,0.042865985756288194,-0.022131281340470932,-0.005213799641039851,-0.00047302246093028355,-0.3431457505076194,-0.007584562611377188,0.01257160643811317
Green_MSE_vs_scratch_baseline,TransUNet_scratch_seed42,Ours_green_MSE_scratch_seed42,ANFC_001342.png,8_92229,-0.03379688929039515,-0.04680762018487905,0.03292759050672167,-0.07617566106904639,-0.015694763901777598,-0.010940551757645633,1.3944487245360109,-0.022975469268092685,-0.0401520728940421
Green_MSE_vs_scratch_baseline,TransUNet_scratch_seed42,Ours_green_MSE_scratch_seed42,ANFC_001343.png,8_92229,0.05425641615681198,0.041868992362134955,0.05946261681548337,-0.00046353877296578805,-0.0059498736308981615,0.002593994140585365,-40.49172156499455,0.043083044983936,0.01274164096136049
Green_MSE_vs_scratch_baseline,TransUNet_scratch_seed42,Ours_green_MSE_scratch_seed42,ANFC_001347.png,8_92229,0.06751124561762423,0.08024436379133826,0.13043478258745578,0.006301562669006389,-0.004882565872465938,0.007797241210818484,-42.19091270648693,0.025012075887692164,0.0589395836396861
Green_MSE_vs_scratch_baseline,TransUNet_scratch_seed42,Ours_green_MSE_scratch_seed42,ANFC_001971.png,9_60031,0.05424021452746486,0.0812188197149416,0.013546798012873396,0.0805964638739064,0.0015604721586804926,0.0017089843749739098,-2.76393202250021,0.0498016964044099,0.10670210701128646
Green_MSE_vs_scratch_baseline,TransUNet_scratch_seed42,Ours_green_MSE_scratch_seed42,ANFC_001972.png,9_60031,0.10270893233923639,0.11312614285715633,0.14925925920397803,-0.00861571719665244,-0.0018619899420417863,0.004364013671808387,-19.127220135220597,0.14582288230250495,0.1776575932352482
Green_MSE_vs_scratch_baseline,TransUNet_scratch_seed42,Ours_green_MSE_scratch_seed42,ANFC_001973.png,9_60031,0.0025755462685208563,0.0034670537981180694,-0.041813208268146385,0.04556471587809585,0.002921701573543989,0.0011749267577945144,0.0,0.03506613946851189,-0.004311365649254273
Green_MSE_vs_scratch_baseline,TransUNet_scratch_seed42,Ours_green_MSE_scratch_seed42,ANFC_001976.png,9_60031,0.05635581718449134,0.06635506362704158,0.06086564469753575,0.046245952097013654,0.0010265643260838342,0.0030517578124534817,-5.516479543030297,0.0393785863542212,0.08393119174430597
Green_MSE_vs_scratch_baseline,TransUNet_scratch_seed42,Ours_green_MSE_scratch_seed42,ANFC_001977.png,9_60031,0.04439496861602299,0.0438007753061716,0.0631531121930245,-0.050404479873083385,-0.0013894371200539046,0.0007781982421756206,-0.8921190815669178,0.05651478067339488,0.06693614299294193
Green_MSE_vs_scratch_baseline,TransUNet_scratch_seed42,Ours_green_MSE_scratch_seed42,ANFC_001980.png,9_60031,0.03306534778584147,0.039224817875862295,0.0023375409058730146,0.08153976078269354,0.002697288515186802,0.0026855468749589217,-3.762990446951825,0.07903250088043012,0.04203376040316098
Green_MSE_vs_scratch_baseline,TransUNet_scratch_seed42,Ours_green_MSE_scratch_seed42,ANFC_001981.png,9_60031,-0.004266656314115713,-0.005818172312997194,-0.016619183277958527,0.0026870398743287227,0.0004256660885948449,-0.00012207031249811262,0.0,-0.004627604457129841,-0.006756632791516504
Green_MSE_vs_scratch_baseline,TransUNet_scratch_seed42,Ours_green_MSE_scratch_seed42,ANFC_002454.png,frame_000001,-0.004410067575237542,-0.007207281046306857,-0.015146051205346955,0.00695114326344104,0.0008334722453603449,-0.0005187988281170064,-0.8768943743823394,0.00875054431996991,0.00381482594152327
Green_MSE_vs_scratch_baseline,TransUNet_scratch_seed42,Ours_green_MSE_scratch_seed42,ANFC_002455.png,frame_000001,0.022232706069385544,0.029605708644828033,0.07135546131432147,-0.026733875531958384,-0.0064568887676293985,0.001663208007787076,-68.90129956413048,0.008666587971796758,0.03129516547343547
Green_MSE_vs_scratch_baseline,TransUNet_scratch_seed42,Ours_green_MSE_scratch_seed42,ANFC_002456.png,frame_000001,-0.0022046634609985682,-0.0033620596526764412,0.02121706691289149,-0.028116354741969163,-0.005038800519592712,-0.001602172851538075,0.0,0.0025763121798025868,-0.04802793136809269
Green_MSE_vs_scratch_baseline,TransUNet_scratch_seed42,Ours_green_MSE_scratch_seed42,ANFC_002457.png,frame_000001,-0.006113447545164186,-0.008007476622468257,-0.011938601476755184,0.0034985939060567794,0.0007754533758520532,-0.0009307861327982891,-0.42848834967221094,0.0033375157597628213,-0.010006718666977887
Green_MSE_vs_scratch_baseline,TransUNet_scratch_seed42,Ours_green_MSE_scratch_seed42,ANFC_002458.png,frame_000001,-0.002886612076710593,-0.004310702757803542,-0.010274790917497056,0.00824988139985905,0.0005378885429652147,-0.00015258789062266853,0.0,-0.003618769756686291,-0.007546878755409603
Green_MSE_vs_scratch_baseline,TransUNet_scratch_seed42,Ours_green_MSE_scratch_seed42,ANFC_002459.png,frame_000001,-0.01215519969830614,-0.018925056801053053,-0.023788105944648863,0.004536761154629643,0.0009544218544424998,-0.0028228759765194233,0.0,0.0013603660983189103,-0.03885989681092772
Green_MSE_vs_scratch_baseline,TransUNet_scratch_seed42,Ours_green_MSE_scratch_seed42,ANFC_002460.png,frame_000001,0.010018903263606882,0.013922318408678636,0.013547669597255285,0.0041906424059861,0.00039536346481450213,0.0023803710937136957,-1.0,0.0032659255614991833,0.028527812549945963
Green_MSE_vs_scratch_baseline,TransUNet_scratch_seed42,Ours_green_MSE_scratch_seed42,ANFC_002461.png,frame_000001,-0.029425002765867347,-0.04242997032031259,-0.035267981106562596,-0.02368687312001827,-0.0012432388794503257,-0.0031127929687024825,45.01020301937138,-0.061996629097981315,-0.06462544894214606
Green_MSE_vs_scratch_baseline,TransUNet_scratch_seed42,Ours_green_MSE_scratch_seed42,ANFC_002462.png,frame_000001,0.009333773793949951,0.014471747423961956,0.007800780076837599,0.011105096280955462,0.0011890606420725813,0.0018615722655965783,-0.3944487245360109,0.0029047623154800917,0.027637561151666268
Green_MSE_vs_scratch_baseline,TransUNet_scratch_seed42,Ours_green_MSE_scratch_seed42,ANFC_002463.png,frame_000001,0.000633097491650636,0.0010116876497828775,0.0025331545220483864,-0.0013163757737323367,-0.000203994900124016,7.629394531138978e-05,0.0,1.745302686817496e-07,-0.006464764154613278
Green_MSE_vs_scratch_baseline,TransUNet_scratch_seed42,Ours_green_MSE_scratch_seed42,ANFC_002464.png,frame_000001,-0.0016117079185654637,-0.0021096173508726723,-0.0012519561811418223,-0.0017842404371993803,-0.00014436727033351193,-0.0001983642578095024,0.5370606142000156,0.019351521072748845,-0.0198256909958634
Green_MSE_vs_scratch_baseline,TransUNet_scratch_seed42,Ours_green_MSE_scratch_seed42,ANFC_002465.png,frame_000001,-0.00186624977543004,-0.002908479300895994,-0.003476400587849149,-0.00020972611275682507,3.444890366310904e-05,-0.00036621093749433786,0.0,-0.000661014732189158,0.009476699904161667
Green_MSE_vs_scratch_baseline,TransUNet_scratch_seed42,Ours_green_MSE_scratch_seed42,ANFC_002466.png,frame_000001,0.0010207832899086222,0.001593218365963489,-0.013508015297135079,0.01637060963335646,0.004601198189482902,0.0012054443359190703,-0.7573593128807152,0.009754987348637667,0.024607940738938905
Green_MSE_vs_scratch_baseline,TransUNet_scratch_seed42,Ours_green_MSE_scratch_seed42,ANFC_002467.png,frame_000001,-0.026148291606360674,-0.03905167561479306,-0.031606217608392106,-0.020690685091576344,-0.0011673908813611966,-0.002960205078079925,62.5661622840963,-0.05349027281839702,-0.03286189623999136
Green_MSE_vs_scratch_baseline,TransUNet_scratch_seed42,Ours_green_MSE_scratch_seed42,ANFC_002468.png,frame_000001,-0.024538093857457643,-0.03947031955387281,-0.024688455202283466,-0.02438603508865056,-0.0016807271184230421,-0.0031738281249515943,6.278566207812268,-0.03538871328630744,-0.028519054201963545
Green_MSE_vs_scratch_baseline,TransUNet_scratch_seed42,Ours_green_MSE_scratch_seed42,ANFC_002469.png,frame_000001,0.0009653355123426799,0.0015334512915509135,-0.005761758005391693,0.008341103756266954,0.0012225991424376081,0.0004272460937435607,0.0,-0.011499687620715626,0.0031317540715689596
Green_MSE_vs_scratch_baseline,TransUNet_scratch_seed42,Ours_green_MSE_scratch_seed42,ANFC_002470.png,frame_000001,-0.0017917925840218452,-0.002625146356357244,-0.024878640771667015,0.01927963570141833,0.0024920781620925148,0.0004272460937434497,0.0,-0.008716933097204671,-0.009992829410436
Green_MSE_vs_scratch_baseline,TransUNet_scratch_seed42,Ours_green_MSE_scratch_seed42,ANFC_002471.png,frame_000001,0.0168585188697421,0.027024612847230345,-0.015448603679308226,0.044927751824952344,0.0032009007559401503,0.002243041992153194,-52.64888971665907,0.049207429688733595,-0.0031968816953573675
Green_MSE_vs_scratch_baseline,TransUNet_scratch_seed42,Ours_green_MSE_scratch_seed42,ANFC_002472.png,frame_000001,0.015766962024276077,0.022337320118390736,0.0351676154288213,-0.00502875921352397,-0.0018219361107421062,0.00263977050777231,-1.8309518948453007,0.035619571201796485,-0.008981663812660301
Green_MSE_vs_scratch_baseline,TransUNet_scratch_seed42,Ours_green_MSE_scratch_seed42,ANFC_002473.png,frame_000001,0.02244058228803847,0.03264812675375828,0.039930555550603875,0.002797095769870417,-0.000539393095759011,0.004440307617119665,-3.7573593128807152,0.055707928930348816,0.0240030931156886
Green_MSE_vs_scratch_baseline,TransUNet_scratch_seed42,Ours_green_MSE_scratch_seed42,ANFC_002476.png,frame_000001,0.004436251826049897,0.006557504330440556,-0.013306228051505054,0.027345856769887766,0.0025613305612879333,0.0012512207031059042,-0.9759138879751239,0.012425012074407604,-0.0060129912836873745
Green_MSE_vs_scratch_baseline,TransUNet_scratch_seed42,Ours_green_MSE_scratch_seed42,ANFC_002477.png,frame_000001,0.004160129734108509,0.006284947296606336,0.016362883178052456,-0.01235026330308786,-0.0010377544969191188,0.00024414062499633626,-0.6016699171610185,0.005657405053698716,0.01958687698627426
Green_MSE_vs_scratch_baseline,TransUNet_scratch_seed42,Ours_green_MSE_scratch_seed42,ANFC_002478.png,frame_000001,0.01496218519210013,0.020365978131148044,0.028044745544659744,-0.0064815736823573555,-0.0009799118079207858,0.0018310546874720224,5.0503347525916515,0.0018650927952114094,0.02348427207305326
Green_MSE_vs_scratch_baseline,TransUNet_scratch_seed42,Ours_green_MSE_scratch_seed42,ANFC_002479.png,frame_000001,0.006452215421621221,0.009188740603357393,0.00899044764853063,0.0027431741100126805,0.0002916621094408711,0.0017089843749739098,-1.231804752433721,-0.008457971797515507,0.027751796821497976
Green_MSE_vs_scratch_baseline,TransUNet_scratch_seed42,Ours_green_MSE_scratch_seed42,ANFC_002480.png,frame_000001,-0.0254580139029138,-0.03361982527838714,0.01136184314165034,-0.06982031035566727,-0.008716363451938158,-0.006774902343646638,6.2296703857309925,-0.02748837684612726,-0.04922456514818285
Green_MSE_vs_scratch_baseline,TransUNet_scratch_seed42,Ours_green_MSE_scratch_seed42,ANFC_002481.png,frame_000001,-0.0052549435973042735,-0.007799967371081351,0.0027417291166620394,-0.015635352370157896,-0.001415133605237484,-0.0010681152343586797,0.0,-0.013315192366335493,-0.03978050086846774
Green_MSE_vs_scratch_baseline,TransUNet_scratch_seed42,Ours_green_MSE_scratch_seed42,ANFC_002482.png,frame_000001,0.018598522024720898,0.026516816329754778,0.027072949702415805,0.006194732780397616,0.0004055865133595349,0.003997802734314049,-2.1484766454274116,0.012588331651232854,0.03599635789306532
Green_MSE_vs_scratch_baseline,TransUNet_scratch_seed42,Ours_green_MSE_scratch_seed42,ANFC_002483.png,frame_000001,-0.01243586420395637,-0.018024893687743626,-0.018308746046060587,-0.0015003701921729728,-5.177412674217674e-05,-0.0021667480468419154,0.5278640450004204,-0.0029204072493618227,-0.015792218755434573
Green_MSE_vs_scratch_baseline,TransUNet_scratch_seed42,Ours_green_MSE_scratch_seed42,ANFC_002484.png,frame_000001,0.00816105649157739,0.011865345211112044,0.003931515535328889,0.013181508153038424,0.0018213040536708691,0.0020751953124683586,0.0,0.014870322197275243,0.016571874410901355
Green_MSE_vs_scratch_baseline,TransUNet_scratch_seed42,Ours_green_MSE_scratch_seed42,ANFC_002485.png,frame_000001,-0.011810686341694132,-0.01580770888800942,-0.0009649017005228799,-0.027555169972319882,-0.003790724080639518,-0.0034332275390100975,0.5278640450004204,-0.020667192548342483,-0.03262106431000822
Green_MSE_vs_scratch_baseline,TransUNet_scratch_seed42,Ours_green_MSE_scratch_seed42,ANFC_002486.png,frame_000001,0.0052714663153560215,0.008009171020302519,0.01883588080610843,-0.008245576260023424,-0.001422306507028126,0.0005798339843662292,-0.445787087710797,0.00803991372714119,0.017317387044163746
Green_MSE_vs_scratch_baseline,TransUNet_scratch_seed42,Ours_green_MSE_scratch_seed42,ANFC_002487.png,frame_000001,0.0025640797797765735,0.004214737565007898,0.005842259005678141,-0.0014971129011529527,-0.0001490041555578525,0.000320434570307615,0.24264068711928477,0.017069794440134456,-0.01213275356768495
Green_MSE_vs_scratch_baseline,TransUNet_scratch_seed42,Ours_green_MSE_scratch_seed42,ANFC_002488.png,frame_000001,0.03530444365244034,0.050710958895678004,0.07090032153200965,-0.009361075288217058,-0.0021410749207272373,0.004791259765551947,-25.0,0.09259043334539252,0.10397556030485733
Green_MSE_vs_scratch_baseline,TransUNet_scratch_seed42,Ours_green_MSE_scratch_seed42,ANFC_002489.png,frame_000001,0.0286334546073318,0.03674863974702813,0.044656049902371486,0.0010584761230697515,-0.0006560686348615619,0.00355529785150821,-7.13094082694014,0.01573148340886643,0.03083506632268951
Green_MSE_vs_scratch_baseline,TransUNet_scratch_seed42,Ours_green_MSE_scratch_seed42,ANFC_002490.png,frame_000001,0.08766183012355078,0.13428711309362984,-0.007827788645876854,0.16520978794496877,0.0073080073078922725,0.00683593749989575,-73.10519036176179,0.10796163691017546,0.10177805645001747
Green_MSE_vs_scratch_baseline,TransUNet_scratch_seed42,Ours_green_MSE_scratch_seed42,ANFC_002491.png,frame_000001,-0.015000083004244158,-0.02190631374641583,0.009461551692850345,-0.04132689238078302,-0.004755286907811795,-0.0034942626952592093,6.638320372125595,-0.03294632040651779,-0.020497103911902848
Green_MSE_vs_scratch_baseline,TransUNet_scratch_seed42,Ours_green_MSE_scratch_seed42,ANFC_002492.png,frame_000001,0.08682825961805052,0.10101340393417463,0.10246609123274164,0.01987015662743319,0.0006965486016664579,0.013290405273234662,-36.131507101646264,0.12556081995630197,0.025372166329864276
Green_MSE_vs_scratch_baseline,TransUNet_scratch_seed42,Ours_green_MSE_scratch_seed42,ANFC_002493.png,frame_000001,-0.08060613334515032,-0.08836130165491124,-0.045626072025514164,-0.11344099885760883,-0.00734577857256602,-0.009048461913924388,-0.3465336305425808,-0.14357220526356884,-0.08093350243877345
Green_MSE_vs_scratch_baseline,TransUNet_scratch_seed42,Ours_green_MSE_scratch_seed42,ANFC_002494.png,frame_000001,0.010868341131746728,0.014797609864418027,-0.01785507246169793,0.04103199256249879,0.008293651490778764,0.004852294921800948,0.5968757625671515,-0.01425571403186332,0.013086889812055746
Green_MSE_vs_scratch_baseline,TransUNet_scratch_seed42,Ours_green_MSE_scratch_seed42,ANFC_002495.png,frame_000001,0.0043152114367477346,0.006622015997260977,0.0012618296528376094,0.00794263224924241,0.001093541163994849,0.0011138916015455136,0.0,0.014514611001579802,0.008076562507211005
Green_MSE_vs_scratch_baseline,TransUNet_scratch_seed42,Ours_green_MSE_scratch_seed42,ANFC_002496.png,frame_000001,0.0049097740750694285,0.0073882525839128466,-0.01681166235400766,0.029762230763152764,0.005085042959756536,0.002243041992153194,-0.5278640450004204,-0.0026990288079298264,0.02392102162196519
Green_MSE_vs_scratch_baseline,TransUNet_scratch_seed42,Ours_green_MSE_scratch_seed42,ANFC_002497.png,frame_000001,-0.002810440265803571,-0.004520031898523125,-0.02589534634216728,0.026672719493942454,0.010600631345222267,0.00021362304687178035,0.0,0.002784801425346206,-0.004321462027792822
Green_MSE_vs_scratch_baseline,TransUNet_scratch_seed42,Ours_green_MSE_scratch_seed42,ANFC_002498.png,frame_000001,0.0006498572158465388,0.0010362134507618803,-0.03246876182956571,0.03472381891600185,0.008222367750705395,0.001663208007787076,-0.8768943743823394,-0.0024448272982940944,0.02701512236469339
Green_MSE_vs_scratch_baseline,TransUNet_scratch_seed42,Ours_green_MSE_scratch_seed42,ANFC_002499.png,frame_000001,-0.003525078156634609,-0.004804736192917769,-0.014999999998170699,0.011314594681150925,0.002092925910386345,-4.5776367186722844e-05,-1.219544457292887,-0.0033546324255552262,-0.06710977996041734
Green_MSE_vs_scratch_baseline,TransUNet_scratch_seed42,Ours_green_MSE_scratch_seed42,ANFC_002500.png,frame_000001,0.0086606732025859,0.01313760138678266,-0.0010950903447535243,0.017913725261593627,0.0020147526516139935,0.0017547607421606326,0.0,0.011310833998398606,0.021208402692899697
Green_MSE_vs_scratch_baseline,TransUNet_scratch_seed42,Ours_green_MSE_scratch_seed42,ANFC_002501.png,frame_000001,0.007451705102937911,0.009865439362832018,0.005813953487527002,0.009721679134714223,0.000971767594091455,0.0014801025390398515,-0.7082039324993694,0.030259286846403,0.004005764637844744
Green_MSE_vs_scratch_baseline,TransUNet_scratch_seed42,Ours_green_MSE_scratch_seed42,ANFC_002502.png,frame_000001,0.01082012687099343,0.014545582477570762,0.01718815770891069,0.0015106053710146616,-0.0003900003899928173,0.0034332275390100975,-1.4687874850528981,0.003830707063395833,0.01660811699261655
Green_MSE_vs_scratch_baseline,TransUNet_scratch_seed42,Ours_green_MSE_scratch_seed42,ANFC_002503.png,frame_000001,-0.015569311183813328,-0.02132079728470726,-0.04821150854990586,0.026763593177053457,0.008941453413149447,-0.00227355957027775,4.383036280830454,-0.01742803305010554,-0.02299385604882498
Green_MSE_vs_scratch_baseline,TransUNet_scratch_seed42,Ours_green_MSE_scratch_seed42,ANFC_002504.png,frame_000001,-0.011147677002479539,-0.016308118533924998,0.0021468441388851067,-0.02713194229325,-0.004749199573021223,-0.0037689208983799904,44.23763334883587,-0.010728070443465354,-0.0023714512812684774
Green_MSE_vs_scratch_baseline,TransUNet_scratch_seed42,Ours_green_MSE_scratch_seed42,ANFC_002505.png,frame_000001,-0.008833789845531959,-0.013641971748519333,-0.021488469598861637,0.009494881524525267,0.0012607073777068933,-0.0013885498046662947,5.757359312880715,-0.009138988196477627,-0.007763688533758861
Green_MSE_vs_scratch_baseline,TransUNet_scratch_seed42,Ours_green_MSE_scratch_seed42,ANFC_002506.png,frame_000001,-0.010855078356434622,-0.017109090815557004,-0.023026814115584382,0.006551496374400001,0.0007635530669252155,-0.001632690429662631,0.3944487245360109,-0.011198173287332525,-0.013222600994132305
Green_MSE_vs_scratch_baseline,TransUNet_scratch_seed42,Ours_green_MSE_scratch_seed42,ANFC_002507.png,frame_000001,-0.007572787623975952,-0.012127459359165815,-0.023998171566052218,0.012398777902622893,0.003510780385355572,-0.001998901367156969,0.4432736152956096,-0.007239560740824991,-0.02076690558307326
Green_MSE_vs_scratch_baseline,TransUNet_scratch_seed42,Ours_green_MSE_scratch_seed42,ANFC_002508.png,frame_000001,0.0036741676518744493,0.005032781504757278,-0.017178118744398008,0.03178817986826532,0.007806663678324277,0.003234863281200595,-0.349030329381919,0.013387093610462864,0.035008384975017126
Green_MSE_vs_scratch_baseline,TransUNet_scratch_seed42,Ours_green_MSE_scratch_seed42,ANFC_002509.png,frame_000001,0.004695146929925009,0.006639125901097165,0.018473505100030763,-0.017951200708462012,-0.0011233759890409978,0.00010681152343594569,0.9534735284054126,-0.004206204813714254,0.019815797574114447
Green_MSE_vs_scratch_baseline,TransUNet_scratch_seed42,Ours_green_MSE_scratch_seed42,ANFC_002510.png,frame_000001,-0.0046624414432852035,-0.006991738103843459,-0.008436080465404339,0.0005758414325188754,9.85011409698755e-05,-0.0005035400390547284,0.0,0.0013486090357717195,0.002726238273917825
Green_MSE_vs_scratch_baseline,TransUNet_scratch_seed42,Ours_green_MSE_scratch_seed42,ANFC_002511.png,frame_000001,-0.028964414665494487,-0.042027787236128766,-0.058407246644800126,0.013027040676013457,0.0035494557500537205,-0.006469726562401301,2.1120830373351938,-0.0325869210032973,-0.061336833002359814
Green_MSE_vs_scratch_baseline,TransUNet_scratch_seed42,Ours_green_MSE_scratch_seed42,ANFC_002512.png,frame_000001,0.03354177017191129,0.03916575391636645,0.044774489456724464,0.015748846990407905,0.0005321130207962543,0.006713867187397526,0.2974527663966562,0.025286988484069073,0.07258201843782053
Green_MSE_vs_scratch_baseline,TransUNet_scratch_seed42,Ours_green_MSE_scratch_seed42,ANFC_002513.png,frame_000001,-0.032119577679106226,-0.04736746015542481,-0.056102923210153754,0.008600435509519277,0.0022533095483568966,-0.00868225097642994,2.062257748298549,-0.01330859358670411,-0.09168333051069866
Green_MSE_vs_scratch_baseline,TransUNet_scratch_seed42,Ours_green_MSE_scratch_seed42,ANFC_002514.png,frame_000001,-0.010249762124115547,-0.01583513600747599,-0.01243534719792716,-0.0074794425614979065,-0.0009920459175363217,-0.002578735351523198,0.0,-3.626101633502632e-05,-0.008454071109218031
Green_MSE_vs_scratch_baseline,TransUNet_scratch_seed42,Ours_green_MSE_scratch_seed42,ANFC_002515.png,frame_000001,-0.004653996316617448,-0.007020105258525922,-0.025450115063564427,0.017119748749120034,0.0030095100517117945,-0.00019836425780939138,0.0,-0.00018638754907962518,-0.0025352925874477794
Green_MSE_vs_scratch_baseline,TransUNet_scratch_seed42,Ours_green_MSE_scratch_seed42,ANFC_002516.png,frame_000001,-0.004634878728318692,-0.006934297879963136,0.008393519420575202,-0.018849625399757652,-0.001887011073744338,-0.0010833740234209577,0.8892049369441226,-0.005275468316367826,-0.0019713237177059195
Green_MSE_vs_scratch_baseline,TransUNet_scratch_seed42,Ours_green_MSE_scratch_seed42,ANFC_002517.png,frame_000001,-0.008539172941540052,-0.013352870057187882,-0.0222159730002508,0.007948691724668944,0.0012323702587766494,-0.001312255859355016,1.2255358067439746,0.006775469295476122,-0.02564489658093272
Green_MSE_vs_scratch_baseline,TransUNet_scratch_seed42,Ours_green_MSE_scratch_seed42,ANFC_002518.png,frame_000001,-0.028231854049522664,-0.04477982977436579,-0.000737191301006801,-0.05713846871684736,-0.005656296789125714,-0.005249023437419953,1.0,-0.019621731213701032,-0.06697082523319664
Green_MSE_vs_scratch_baseline,TransUNet_scratch_seed42,Ours_green_MSE_scratch_seed42,ANFC_002519.png,frame_000001,0.006854670531870721,0.01046289264989786,-0.003049555272930937,0.017982224676968972,0.004317805363676097,0.00299072265620437,-0.09736659610093934,0.00041677141127816064,0.02048779645303378
Green_MSE_vs_scratch_baseline,TransUNet_scratch_seed42,Ours_green_MSE_scratch_seed42,ANFC_002520.png,frame_000001,0.005228900976831596,0.008065738286938684,0.0015186028851148503,0.009489526081851052,0.001085647402061296,0.0011291503906077915,0.12310562561766059,0.010321800799445113,0.021460453832014337
Green_MSE_vs_scratch_baseline,TransUNet_scratch_seed42,Ours_green_MSE_scratch_seed42,ANFC_002521.png,frame_000001,-0.002885831480465062,-0.00443602172538593,-0.00883667740837546,0.004772381171804341,0.0009299497469297258,-0.0005035400390548395,0.0,0.003502004626927957,-0.009551360568081702
Green_MSE_vs_scratch_baseline,TransUNet_scratch_seed42,Ours_green_MSE_scratch_seed42,ANFC_002522.png,frame_000001,0.010805376847216941,0.015420268942616722,0.010588601678421461,0.010921461666798193,0.00046530284796686416,0.0009613037109228451,-1.184718294492801,0.032262372587076316,0.009846787324358064
Green_MSE_vs_scratch_baseline,TransUNet_scratch_seed42,Ours_green_MSE_scratch_seed42,ANFC_002523.png,frame_000001,0.04951869836577083,0.06294909472220789,0.07407407405488886,-0.010493569784611134,-0.0008431293068367207,0.003570556640570488,-2.2313058534532484,0.04220511405233629,0.003449226622327717
Green_MSE_vs_scratch_baseline,TransUNet_scratch_seed42,Ours_green_MSE_scratch_seed42,ANFC_002524.png,frame_000001,0.005044644479260119,0.00723473214616166,0.007533414335957778,0.0017993924565492536,4.884322951359543e-05,0.0005187988281170064,0.0,-0.0014538952726067533,0.005481706632667005
Green_MSE_vs_scratch_baseline,TransUNet_scratch_seed42,Ours_green_MSE_scratch_seed42,ANFC_002525.png,frame_000001,0.002257181742171155,0.003419677266647936,-0.0016567720555491494,0.008140310502285919,0.0008748906386550903,0.0005950927734283962,0.0,0.005178650043357491,-0.010964940558914726
Green_MSE_vs_scratch_baseline,TransUNet_scratch_seed42,Ours_green_MSE_scratch_seed42,ANFC_002526.png,frame_000001,-0.006909332947402591,-0.009978470132090633,-0.007412515082328541,-0.005890688382938825,-0.0004352557127239587,-0.0010528564452965128,0.0,-0.008066924269991671,-0.010700341944762326
Green_MSE_vs_scratch_baseline,TransUNet_scratch_seed42,Ours_green_MSE_scratch_seed42,ANFC_002527.png,frame_000001,0.0027571435404466493,0.004419119444175945,0.011562849678641296,-0.005130779444112443,-0.00035001193221928517,0.00013732910156039058,-1.0,0.01900987519268804,0.029359308316871613
Green_MSE_vs_scratch_baseline,TransUNet_scratch_seed42,Ours_green_MSE_scratch_seed42,ANFC_002528.png,frame_000001,-0.016729695728036842,-0.02220067811639659,0.006515175590892208,-0.03448372416449663,-0.006026028391438176,-0.004821777343676503,3.9416344012299795,-0.03805325005296001,-0.01693282674569163
Green_MSE_vs_scratch_baseline,TransUNet_scratch_seed42,Ours_green_MSE_scratch_seed42,ANFC_002529.png,frame_000001,0.0027724954377851274,0.0041699377021660045,0.006929046561272467,0.00020239502588415004,-0.00011303449166599755,0.00027465820312078115,0.0,0.0002559805579269714,-0.002066577841924544
Green_MSE_vs_scratch_baseline,TransUNet_scratch_seed42,Ours_green_MSE_scratch_seed42,ANFC_002530.png,frame_000001,-0.043178835978031294,-0.06216356471161455,-0.020134228181777236,-0.0576190003718523,-0.004658035914988368,-0.005432128906167066,84.38780837103204,-0.1510994206705557,-0.08333957688103766
Green_MSE_vs_scratch_baseline,TransUNet_scratch_seed42,Ours_green_MSE_scratch_seed42,ANFC_002531.png,frame_000001,0.006592466745702796,0.010424380033989489,0.0018781862082430933,0.010188808420172224,0.0008251225549543717,0.0008850097656115663,-0.16227766016837952,0.0004672112813759455,0.020149828620673715
Green_MSE_vs_scratch_baseline,TransUNet_scratch_seed42,Ours_green_MSE_scratch_seed42,ANFC_002532.png,frame_000001,-0.014927959763316068,-0.021879124430501218,-0.018884497137073186,-0.012204216925819189,-0.0005374729287447311,-0.0011749267577945144,4.0,-0.019484946746338938,-0.005975794550479474
Green_MSE_vs_scratch_baseline,TransUNet_scratch_seed42,Ours_green_MSE_scratch_seed42,ANFC_002533.png,frame_000001,-0.006799598965626097,-0.009878028267562677,-0.0070150824259882505,-0.006535868496371,-0.0008022194738642741,-0.0013427734374794609,0.8507142492748336,-0.009848327094654441,0.004991901608720539
Green_MSE_vs_scratch_baseline,TransUNet_scratch_seed42,Ours_green_MSE_scratch_seed42,ANFC_002534.png,frame_000001,0.009800139284114606,0.014306830788166303,-0.02211226225110363,0.030360475516898133,0.006314648969741987,0.0035095214843214873,-1.0,0.01563558172144197,0.046036260584483624
Green_MSE_vs_scratch_baseline,TransUNet_scratch_seed42,Ours_green_MSE_scratch_seed42,ANFC_002624.png,frame_000013,-0.0018084924967474159,-0.0024363308947912277,-0.01608996539514007,0.01198403962668304,0.001974697101513212,0.0003814697265566158,-0.2950907400705063,-0.009059242329771955,0.023348327372888722
Green_MSE_vs_scratch_baseline,TransUNet_scratch_seed42,Ours_green_MSE_scratch_seed42,ANFC_002625.png,frame_000013,0.002993052299715915,0.004438560826843796,0.0004795013185135977,0.004487716716431556,0.0005051739590890003,0.0005035400390548395,0.5278640450004204,0.0038599265816545714,0.004198323328800324
Green_MSE_vs_scratch_baseline,TransUNet_scratch_seed42,Ours_green_MSE_scratch_seed42,ANFC_002636.png,frame_000045,0.015861413122117862,0.022734391802186282,0.02835538751875666,-3.505760130217972e-05,-0.0004186412579262333,0.0021362304687174705,-1.6148351928654963,0.025611977142775078,-0.004713482699308935
Green_MSE_vs_scratch_baseline,TransUNet_scratch_seed42,Ours_green_MSE_scratch_seed42,ANFC_002637.png,frame_000045,-0.013481720857759782,-0.020341252210583582,0.017863218778859657,-0.039652785791257306,-0.005665627409472851,-0.003555297851508321,-1.2477519168397055,0.03806262125449633,0.0018630840585346364
Green_MSE_vs_scratch_baseline,TransUNet_scratch_seed42,Ours_green_MSE_scratch_seed42,ANFC_002638.png,frame_000045,-0.015339804677795055,-0.02112566163168117,-0.0028237192404906297,-0.023370634810365165,-0.0015224320852320616,-0.0015716552734135192,3.3381137209070744,-0.039915791362324815,-0.06656739142504253
Green_MSE_vs_scratch_baseline,TransUNet_scratch_seed42,Ours_green_MSE_scratch_seed42,ANFC_002651.png,frame_000053,-0.003258349444574815,-0.00489937608471136,-0.020555258940128773,0.013921019750700814,0.002618703052811422,-3.051757812444489e-05,-0.07928163617573603,0.013031146784288183,-0.028176135325126472
Green_MSE_vs_scratch_baseline,TransUNet_scratch_seed42,Ours_green_MSE_scratch_seed42,ANFC_002652.png,frame_000053,-0.010255414083957248,-0.015470134391610046,-0.028634016581343458,0.006039455276398931,0.0015047763969650019,-0.0014343261718531286,1.0,-0.004008570454462235,0.003944135545743022
Green_MSE_vs_scratch_baseline,TransUNet_scratch_seed42,Ours_green_MSE_scratch_seed42,ANFC_002653.png,frame_000053,0.0073672079767450604,0.008645879733981676,0.0029046738835741825,0.009536423438834207,0.0011983999740692308,0.001296997070292738,-0.8951407703550984,-0.01969619751678031,0.043659148058858066
Green_MSE_vs_scratch_baseline,TransUNet_scratch_seed42,Ours_green_MSE_scratch_seed42,ANFC_002668.png,frame_000075,0.02949956106379714,0.03832148802232416,0.04483765675230411,0.0034459063919485278,-0.0003851628568971588,0.0036315917968196,-2.03990049689671,0.041331553743574556,-0.004152850196001978
Green_MSE_vs_scratch_baseline,TransUNet_scratch_seed42,Ours_green_MSE_scratch_seed42,ANFC_002669.png,frame_000075,-0.0011775353996305027,-0.0017787301288552104,-0.026913372578229122,0.018825200506202844,0.0040923256052173285,0.0007171630859266198,-0.7810781904002244,-0.002433666243791155,0.05265108191460033
Green_MSE_vs_scratch_baseline,TransUNet_scratch_seed42,Ours_green_MSE_scratch_seed42,ANFC_002709.png,frame_26,-0.008653715220473757,-0.01252319606880481,-0.03207986043496025,0.024946350803384365,0.004944039986871207,-0.0008850097656114553,-0.8629250879125276,0.02687476828558233,-0.021823988723331134
Green_MSE_vs_scratch_baseline,TransUNet_scratch_seed42,Ours_green_MSE_scratch_seed42,ANFC_002710.png,frame_26,0.016853328967783243,0.02347716457130944,0.03433991060347319,0.0008922912691849971,-0.0013484023206473683,0.003646850585881878,-1.128340020629759,0.002869642784511517,0.00911815933122051
Green_MSE_vs_scratch_baseline,TransUNet_scratch_seed42,Ours_green_MSE_scratch_seed42,ANFC_002711.png,frame_26,-0.03718574093710658,-0.05219571281818858,-0.08802930717724067,0.016628686932789405,0.0064883121499157426,-0.006896972656144751,0.5719059567811486,-0.05096282672439345,-0.018486412636024685
Green_MSE_vs_scratch_baseline,TransUNet_scratch_seed42,Ours_green_MSE_scratch_seed42,ANFC_002712.png,frame_26,-0.016219470103955302,-0.022787620900945882,-0.020244414267344135,-0.013377096526416943,-0.002246017236837372,-0.004470825195244332,-2.008441906364909,0.010387279534768812,-0.023778319475803444
Green_MSE_vs_scratch_baseline,TransUNet_scratch_seed42,Ours_green_MSE_scratch_seed42,ANFC_002713.png,frame_26,-0.013247003119270406,-0.019637601843358832,-0.05199807413914326,0.021279422489106747,0.005731460124314469,-0.0015869140624757971,0.3431457505076194,-0.03484086794991703,0.017040797446077005
Green_MSE_vs_scratch_baseline,TransUNet_scratch_seed42,Ours_green_MSE_scratch_seed42,ANFC_002714.png,frame_26,-0.01564557378739373,-0.02257833063395398,0.0143859231941047,-0.03852047468703346,-0.009032822756953385,-0.0060272216795955735,1.8259377437934745,-0.028614730209561845,-0.025556198726059742
Green_MSE_vs_scratch_baseline,TransUNet_scratch_seed42,Ours_green_MSE_scratch_seed42,ANFC_002730.png,frame_52,-0.012908982291597426,-0.01831296371339175,0.01007802340374575,-0.02859015784678076,-0.002449567723303736,-0.0018615722655966893,1.7613128367041169,-0.03801484098746921,-0.012264750278776049
Green_MSE_vs_scratch_baseline,TransUNet_scratch_seed42,Ours_green_MSE_scratch_seed42,ANFC_002731.png,frame_52,0.0002022408287583044,0.00028179593942945225,-0.017109410171744832,0.012354713125099615,0.0018987134579190323,0.0006103515624907851,-0.9830951894845068,0.020954285928193483,-0.043873507628448105
Green_MSE_vs_scratch_baseline,TransUNet_scratch_seed42,Ours_green_MSE_scratch_seed42,ANFC_002732.png,frame_52,-0.019985271029299145,-0.02977366861490227,0.00026041666659892826,-0.03889345050874027,-0.003030990663851374,-0.0028381347655817013,2.2014496947190985,-0.02575961274986438,-0.028795925276484446
Green_MSE_vs_scratch_baseline,TransUNet_scratch_seed42,Ours_green_MSE_scratch_seed42,ANFC_002733.png,frame_52,-0.009391963377868406,-0.013914480520052508,-0.01903695408308259,-0.002514567493518749,0.00013099507130831523,-0.0011749267577945144,4.066290770837754,-0.00942906294765189,-0.027849565865008308
Green_MSE_vs_scratch_baseline,TransUNet_scratch_seed42,Ours_green_MSE_scratch_seed42,ANFC_002734.png,frame_52,-0.03300985711254234,-0.04532870116279164,-0.0014355440707908285,-0.06039628535507513,-0.004721770099677336,-0.004547119140555611,2.664392248374595,-0.03237054533647565,-0.05033267062513458
Green_MSE_vs_scratch_baseline,TransUNet_scratch_seed42,Ours_green_MSE_scratch_seed42,ANFC_002735.png,frame_52,-0.003792619591994284,-0.0057014368562250395,-0.026763990262213322,0.016105069086699286,0.002211075176519528,3.051757812444489e-05,1.908087267593757,-0.01959702000955965,0.007655660250328711
Green_MSE_vs_scratch_baseline,TransUNet_scratch_seed42,Ours_green_MSE_scratch_seed42,ANFC_002754.png,frame_8,-0.013632467386835101,-0.01894145629044064,-0.019014693166518493,-0.006489546399912838,-0.0001933456859712912,-0.0011901855468569034,0.782384215863626,-0.013237317823677097,-0.046751028192536404
Green_MSE_vs_scratch_baseline,TransUNet_scratch_seed42,Ours_green_MSE_scratch_seed42,ANFC_002755.png,frame_8,0.15192658851853413,0.19727525339954544,0.24883068276481257,-0.007605151308152425,-0.0016088835609702201,0.006561279296774969,-56.0,0.31783020086236147,0.3920683157176515
Green_MSE_vs_scratch_baseline,TransUNet_scratch_seed42,Ours_green_MSE_scratch_seed42,ANFC_002756.png,frame_8,-0.019130363302582665,-0.024928817278640825,-0.03691727296229663,0.006880750749369224,0.0008410837039897201,-0.001296997070292738,1.2294496603263347,-0.03126511386495545,-0.019789690274753302
Green_MSE_vs_scratch_baseline,TransUNet_scratch_seed42,Ours_green_MSE_scratch_seed42,ANFC_002758.png,frame_8,0.03683523765038266,0.04471741234390736,0.031175059941358385,0.04182589317048946,0.002331635178907776,0.003616333007757322,-3.0770032676954386,0.046058164020646664,0.0508918499780604
Green_MSE_vs_scratch_baseline,TransUNet_scratch_seed42,Ours_green_MSE_scratch_seed42,ANFC_002759.png,frame_8,0.07280733067172152,0.08537297333360161,0.09373753486488334,0.0002028243529613727,-0.0003173142521646355,0.003280639648387429,-47.766334415748524,0.14897551228963446,0.11936499601597206
Green_MSE_vs_scratch_baseline,TransUNet_scratch_seed42,Ours_green_MSE_scratch_seed42,ANFC_002760.png,frame_8,0.014077404571502194,0.018991557880498666,0.018424689074884926,0.01119665464509123,0.00045766590388296446,0.0010528564452964018,0.0,0.005991966229325962,0.057010759028294
Green_MSE_vs_scratch_baseline,TransUNet_scratch_seed42,Ours_green_MSE_scratch_seed42,ANFC_002761.png,frame_8,-0.019030051369841372,-0.02804550445642684,0.024143739458650337,-0.04792481695222539,-0.0023527566465005867,-0.00163269042966252,0.16227766016837952,-0.03103012053102605,-0.06152592117163802
Green_MSE_vs_scratch_baseline,TransUNet_scratch_seed42,Ours_green_MSE_scratch_seed42,ANFC_002762.png,frame_8,0.012802273662716579,0.016262795791555984,0.01952580194350273,0.008929953207887142,0.00029975546264415787,0.0009307861327982891,1.987348657074925,-0.028878635921127382,0.017772033453203773
Green_MSE_vs_scratch_baseline,TransUNet_scratch_seed42,Ours_green_MSE_scratch_seed42,ANFC_002763.png,frame_8,-0.008471183826887052,-0.011023692389846462,0.029562251262329586,-0.03247008490894143,-0.0020226727503328545,-0.0011749267577946254,-1.4031242374328485,-0.007307191161284643,-0.04497897613955604
Green_MSE_vs_scratch_baseline,TransUNet_scratch_seed42,Ours_green_MSE_scratch_seed42,ANFC_002764.png,frame_8,0.009498389772654048,0.013432607364726401,-0.02157303369816932,0.028065079795251302,0.002053355656962408,0.0012512207031059042,-0.5278640450004204,0.0010424619615204689,0.003110821350994386
Green_MSE_vs_scratch_baseline,TransUNet_scratch_seed42,Ours_green_MSE_scratch_seed42,ANFC_002765.png,frame_8,0.09448360176770476,0.12481415751905978,0.21333987238188334,-0.03499903461077403,-0.0032127502086206627,0.003524780273383654,-12.071698353854124,0.1864384419634625,0.15017736746565435
Green_MSE_vs_scratch_baseline,TransUNet_scratch_seed42,Ours_green_MSE_scratch_seed42,ANFC_002766.png,frame_8,0.001126498696327416,0.0015061620948740861,-0.011333134503032194,0.016902137545135143,0.001109628033367449,0.00047302246093028355,1.8755966629834742,0.00025748411095150026,0.01036463997603998
Green_MSE_vs_scratch_baseline,TransUNet_scratch_seed42,Ours_green_MSE_scratch_seed42,ANFC_002767.png,frame_8,0.06376950038050344,0.06938086946915256,0.10218487391523201,-0.024649304902870983,-0.0022857690893323124,0.0024566650390249745,-5.278953002166766,0.05399612831725642,0.10640614489730527
Green_MSE_vs_scratch_baseline,TransUNet_scratch_seed42,Ours_green_MSE_scratch_seed42,ANFC_002768.png,frame_A,-0.001837896148792706,-0.002717646445788091,0.016179540705589912,-0.01351617328668342,-0.001701672500944884,-0.000656127929677508,-1.5968757625671515,0.010782300928460886,0.03650248089664643
Green_MSE_vs_scratch_baseline,TransUNet_scratch_seed42,Ours_green_MSE_scratch_seed42,ANFC_002769.png,frame_A,-0.011736361935880124,-0.015410301847946117,0.006363636362479275,-0.02157333927763916,-0.004214138183686211,-0.003326416015574263,0.41001027322994155,-0.020775029308145565,-0.007920312610612656
Green_MSE_vs_scratch_baseline,TransUNet_scratch_seed42,Ours_green_MSE_scratch_seed42,ANFC_002770.png,frame_A,-0.001267387491424521,-0.0018404835589542756,-0.0503723171155559,0.03138703191102066,0.0051008692798900634,0.0012359619140437372,-1.5826680937446325,0.011177799312479086,0.020438099555950773
Green_MSE_vs_scratch_baseline,TransUNet_scratch_seed42,Ours_green_MSE_scratch_seed42,ANFC_002771.png,frame_A,0.011189357950656897,0.015873449107080773,0.01684460260573084,0.0064511441874016695,0.00029353728738445994,0.0013580322265418499,-0.790579449352041,0.016941968498115023,0.11791986535436294
Green_MSE_vs_scratch_baseline,TransUNet_scratch_seed42,Ours_green_MSE_scratch_seed42,ANFC_002772.png,frame_A,-0.016223172326445323,-0.018674125429555155,-0.05907553549964473,0.0018186399702097011,0.0038133582101141927,-0.00044250488280583866,-0.9546389828127388,-0.046471528425948594,-0.015437665954192936
Green_MSE_vs_scratch_baseline,TransUNet_scratch_seed42,Ours_green_MSE_scratch_seed42,ANFC_002773.png,frame_A,0.02574254709485657,0.03360174635142421,-0.020137784838331285,0.046604742137478006,0.007043165700478582,0.0054779052733539,-0.8367669123426289,-0.027839162310200893,0.0994230113255763
Green_MSE_vs_scratch_baseline,TransUNet_scratch_seed42,Ours_green_MSE_scratch_seed42,ANFC_002774.png,frame_A,-0.007431278599595248,-0.010537608979704016,-0.01769230768777119,0.00033107570119450536,0.00038938282821099346,-0.0006866455078020639,-0.07856891709608949,-0.007371681672004637,0.03316804503989812
Green_MSE_vs_scratch_baseline,TransUNet_scratch_seed42,Ours_green_MSE_scratch_seed42,ANFC_002775.png,frame_A,-0.015196251083169687,-0.01966983778781617,0.010711030079600947,-0.02616609023873928,-0.004840714332360219,-0.0037994384765044353,-1.4811784565940176,0.007584494679322096,-0.06693740083685318
Green_MSE_vs_scratch_baseline,TransUNet_scratch_seed42,Ours_green_MSE_scratch_seed42,ANFC_002776.png,frame_A,0.011850113835122134,0.015631560978682346,-0.054918232839902825,0.049063327485692865,0.00826836374276485,0.004318237304621664,0.28627090325840854,0.030734619122235296,-0.060705099789129635
