comparison,control,candidate,filename,patient_id,delta_dice,delta_iou,delta_sensitivity,delta_precision,delta_specificity,delta_accuracy,delta_hd95,delta_cldice,delta_boundary_f1
K2_vs_pretrained_F0,F0_pretrained_seed42,K2_dual_teacher_KD_seed42,ANFC_000085.png,8_140724,0.01152961932583918,0.017504680306281384,-0.07367607809568222,0.09246748809815242,0.035167063042708,0.01152038574201164,-0.09759111380143182,0.04809223708680577,0.058302317031002526
K2_vs_pretrained_F0,F0_pretrained_seed42,K2_dual_teacher_KD_seed42,ANFC_000086.png,8_140724,-0.0957344729385502,-0.12844941184537495,-0.021677124922510838,-0.15005577433766482,-0.013138803804398802,-0.01359558105448,159.22717686366445,-0.26598181533186405,-0.1441530310414496
K2_vs_pretrained_F0,F0_pretrained_seed42,K2_dual_teacher_KD_seed42,ANFC_000089.png,8_140724,-0.0015224420096647817,-0.0021054097793854476,-0.01874175927493482,0.009972627122945776,0.0046432863541162606,0.0008544921874868994,-0.049875621120889946,0.01082970724030663,0.023676049439185665
K2_vs_pretrained_F0,F0_pretrained_seed42,K2_dual_teacher_KD_seed42,ANFC_000090.png,8_140724,0.0014070776913678307,0.0023216336893369105,0.00444592641942354,-0.0009844345678065025,-0.0003360512212748912,0.000320434570307615,1.3944487245360109,-0.0010246051847023763,0.04960823947556425
K2_vs_pretrained_F0,F0_pretrained_seed42,K2_dual_teacher_KD_seed42,ANFC_000091.png,8_140724,-0.007145582509989645,-0.010605848422916453,-0.010535342397337333,-0.0046003815610252685,-0.0005577536471762512,-0.0018005371093474665,1.0990043349063132,-0.01605849100029444,0.002972626730292527
K2_vs_pretrained_F0,F0_pretrained_seed42,K2_dual_teacher_KD_seed42,ANFC_000092.png,8_140724,-0.07999487107190328,-0.09806805406558117,-0.009042719049253911,-0.1448700768857848,-0.010877761555441623,-0.010787963867022965,157.0950393475639,-0.21051008190160136,-0.07620276365894713
K2_vs_pretrained_F0,F0_pretrained_seed42,K2_dual_teacher_KD_seed42,ANFC_000093.png,8_140724,0.0058403041661474475,0.008450527783046335,-0.003203416977824891,0.01395280717636016,0.003959630188884233,0.0027313232421458666,1.0501369124402684,-0.008178339512695088,0.02349773494334495
K2_vs_pretrained_F0,F0_pretrained_seed42,K2_dual_teacher_KD_seed42,ANFC_000094.png,8_140724,-0.002936385878571146,-0.00411892810982073,-0.0008781344520559786,-0.004821470317025178,-0.0011395083835054054,-0.0010986328124832356,0.1588341776178801,-0.019720509796155028,0.011304940658490303
K2_vs_pretrained_F0,F0_pretrained_seed42,K2_dual_teacher_KD_seed42,ANFC_000095.png,8_140724,0.003178823207485748,0.00445014497013263,0.005475851494307737,0.0008977858032948038,-3.545784948078001e-05,0.0007324218749888978,1.6999064786372093,-0.00715427072427588,0.014503636624869976
K2_vs_pretrained_F0,F0_pretrained_seed42,K2_dual_teacher_KD_seed42,ANFC_000096.png,8_140724,0.0013835117317972934,0.0016439764133725498,-0.007787448463630886,0.010493430089103972,0.0013078306359113334,0.0007019042968642308,-8.105198801704319,0.023582270327972332,0.05001493958679404
K2_vs_pretrained_F0,F0_pretrained_seed42,K2_dual_teacher_KD_seed42,ANFC_000097.png,8_140724,0.018961985602975573,0.02244114883852011,0.008306171800199103,0.031780705674560594,0.006157965193999915,0.006469726562401301,2.981488994517928,0.02738481800489523,0.04119752410112787
K2_vs_pretrained_F0,F0_pretrained_seed42,K2_dual_teacher_KD_seed42,ANFC_000098.png,8_140724,0.014926268020596822,0.02319649125140244,0.025987290056061374,0.0027913344461361067,-5.2887666595280436e-05,0.0034484863280723754,-0.24264068711928477,0.011473418014755654,0.016589059452909005
K2_vs_pretrained_F0,F0_pretrained_seed42,K2_dual_teacher_KD_seed42,ANFC_000099.png,8_140724,0.0033439012647985544,0.005028032526135151,-0.0008371703640814854,0.007184545290590982,0.0015719899963992923,0.0012207031249813483,0.12310562561766059,-0.00016781183193981253,0.009608085876586903
K2_vs_pretrained_F0,F0_pretrained_seed42,K2_dual_teacher_KD_seed42,ANFC_000100.png,8_140724,0.007312817785527281,0.010947657593359805,0.0032243205890950533,0.010873193399085768,0.0014909442081647573,0.001663208007787187,-0.4432736152956096,0.008426334192588203,0.021485559990635172
K2_vs_pretrained_F0,F0_pretrained_seed42,K2_dual_teacher_KD_seed42,ANFC_000101.png,8_140724,0.0004959299255983263,0.0006874655944240082,-0.011462882095175986,0.012322413901324714,0.0044961299134068655,0.0013732910156040168,-0.8309518948453007,0.012095418937112523,0.002904299296803803
K2_vs_pretrained_F0,F0_pretrained_seed42,K2_dual_teacher_KD_seed42,ANFC_000102.png,8_140724,-0.002913284682732553,-0.0037791245386034067,-0.0021839671117441783,-0.003502369918355619,-0.0006060396176651439,-0.0007934570312377875,12.34573339340929,-0.0272451436235418,-0.02366694602491004
K2_vs_pretrained_F0,F0_pretrained_seed42,K2_dual_teacher_KD_seed42,ANFC_000103.png,8_140724,0.01747932856529899,0.02419300814703207,-0.015629174456902373,0.03633506459207214,0.009560723514047242,0.0066833496092729705,-5.957414276336504,0.029243037452163723,0.02510977463185926
K2_vs_pretrained_F0,F0_pretrained_seed42,K2_dual_teacher_KD_seed42,ANFC_000104.png,8_140724,-0.008719529755149114,-0.012757592813811058,0.026181161598336722,-0.044744880832126244,-0.010347868338935862,-0.004791259765551836,4.062257748298549,-0.024617804383742947,0.0333841260916562
K2_vs_pretrained_F0,F0_pretrained_seed42,K2_dual_teacher_KD_seed42,ANFC_000105.png,8_140724,-0.00629759672887642,-0.007958782402540332,-0.023312883432404563,0.01224368301873524,0.0028865483410442927,-4.5776367186833866e-05,5.5730203115313195,-0.0035351344020592146,0.030600581869624444
K2_vs_pretrained_F0,F0_pretrained_seed42,K2_dual_teacher_KD_seed42,ANFC_000106.png,8_140724,0.01704667430259188,0.023902771314085802,-0.0026791694571691727,0.03213598853871713,0.007794549117893901,0.0063629150389654665,-0.8309518948453007,0.00836294732330467,0.04940057409578902
K2_vs_pretrained_F0,F0_pretrained_seed42,K2_dual_teacher_KD_seed42,ANFC_000107.png,8_140724,0.08828343575515854,0.05443989319158858,0.057983482440126716,0.1686547478968622,0.0021431920165738694,0.007095336913954253,-89.67013234847214,0.17980977237678158,0.08012355815464028
K2_vs_pretrained_F0,F0_pretrained_seed42,K2_dual_teacher_KD_seed42,ANFC_000108.png,8_140724,0.003174896386082815,0.004649644276195963,-0.015756414349434977,0.02187698279838879,0.004987264663359858,0.002014160156219247,0.9172374697017807,0.0013283304702964571,0.01499919028758423
K2_vs_pretrained_F0,F0_pretrained_seed42,K2_dual_teacher_KD_seed42,ANFC_000109.png,8_140724,0.0307220255210775,0.043531844149709675,0.0022722969130331006,0.04853006680312433,0.007152933366406877,0.00675964355458436,-16.900690416010978,0.04751959119646154,0.08390633998983532
K2_vs_pretrained_F0,F0_pretrained_seed42,K2_dual_teacher_KD_seed42,ANFC_000110.png,8_140724,0.021940533987406696,0.03326057081043654,0.005079365078558884,0.034348614344967054,0.005182659193646022,0.005172729492108563,-1.1649428971432183,0.018708602469532543,0.068143594522308
K2_vs_pretrained_F0,F0_pretrained_seed42,K2_dual_teacher_KD_seed42,ANFC_000111.png,8_140724,0.008184264414740405,0.013470728474091365,-0.009685751181729318,0.026043754818189324,0.002299228116237506,0.0014495849609154066,-1.0,0.0022338721367061165,0.057380432801830916
K2_vs_pretrained_F0,F0_pretrained_seed42,K2_dual_teacher_KD_seed42,ANFC_000112.png,8_140724,0.06254517816832272,0.07866842861130485,-0.030280571727868688,0.11467525594569472,0.04182489169310899,0.031433105468270384,-13.483150090453968,0.0567813326229234,0.12871941120353247
K2_vs_pretrained_F0,F0_pretrained_seed42,K2_dual_teacher_KD_seed42,ANFC_000113.png,8_140724,0.0012840684592484441,0.0018979023700684827,-0.037229510986775405,0.03429861389408795,0.011989293282055336,0.0031738281249515943,-0.9584054212077042,0.014712349492410626,0.03951522198527446
K2_vs_pretrained_F0,F0_pretrained_seed42,K2_dual_teacher_KD_seed42,ANFC_000115.png,8_1621490,-0.017174915728029205,-0.022036236939428133,-0.0001588310037866636,-0.025662497474528978,-0.005722484807465844,-0.00518798828117073,10.524141872522627,-0.015861152019897573,-0.021878164090676666
K2_vs_pretrained_F0,F0_pretrained_seed42,K2_dual_teacher_KD_seed42,ANFC_000116.png,8_1621490,-0.10039024689785969,-0.07996934579962348,-0.14585670778235993,-0.07616061460970575,-0.010152284263788225,-0.02307128906214795,1.1073153995048273,-0.17190577806235452,-0.06296557551476492
K2_vs_pretrained_F0,F0_pretrained_seed42,K2_dual_teacher_KD_seed42,ANFC_000117.png,8_1621490,-0.0018640541519729936,-0.0029771358494419253,0.0006273525720893458,-0.004605317995785896,-0.0010114384493542516,-0.0007324218749888978,0.6568542494923806,-0.011316092737294947,-0.018660838750608533
K2_vs_pretrained_F0,F0_pretrained_seed42,K2_dual_teacher_KD_seed42,ANFC_000118.png,8_1621490,0.023742324550070082,0.03022457707319892,0.043416115768551644,0.008961167609214837,-0.0003837234521699706,0.0033569335936987077,-22.541707902979063,0.034898208852061186,0.018780674138516695
K2_vs_pretrained_F0,F0_pretrained_seed42,K2_dual_teacher_KD_seed42,ANFC_000119.png,8_1621490,-0.047700377432269625,-0.06586984376607552,-0.053923205333234914,-0.040412292611768375,-0.0034427165552104455,-0.008056640624876987,21.03634021994006,-0.06586345294335039,-0.02243960097050146
K2_vs_pretrained_F0,F0_pretrained_seed42,K2_dual_teacher_KD_seed42,ANFC_000120.png,8_1621490,0.008391525327108074,0.011686885192654706,0.004949328304861056,0.012496612794678619,0.0018755477650854724,0.00227355957027775,-4.306160468677323,0.018006921975658896,0.020729489245018606
K2_vs_pretrained_F0,F0_pretrained_seed42,K2_dual_teacher_KD_seed42,ANFC_000123.png,8_1621490,0.0026310522670253134,0.0033979925270648526,0.020842982859218262,-0.01246147159739086,-0.0029631385563088086,-0.0006103515624906741,0.3320835770650321,0.005615147122066677,-0.0008392568614236096
K2_vs_pretrained_F0,F0_pretrained_seed42,K2_dual_teacher_KD_seed42,ANFC_000124.png,8_1621490,0.002423164618142959,0.003063704346726981,0.025225225220175118,-0.01811970011243169,-0.002973191721263646,-0.0008239746093624545,3.962975655574816,0.012164428272730676,0.00018985071418908817
K2_vs_pretrained_F0,F0_pretrained_seed42,K2_dual_teacher_KD_seed42,ANFC_000125.png,8_1621490,0.02544497459275652,0.028893243264138446,0.0640189685706345,-0.02279106085516658,-0.004563869367431805,0.0007324218749887867,-5.35189201988868,0.00025082996254865986,0.013184060504344619
K2_vs_pretrained_F0,F0_pretrained_seed42,K2_dual_teacher_KD_seed42,ANFC_000127.png,8_1621490,0.04280720206048816,0.054566997400591344,-0.011638880147329722,0.08816977700978024,0.007120291226211606,0.006210327148342687,0.36754944174011683,0.05962736201260177,0.07925502117097194
K2_vs_pretrained_F0,F0_pretrained_seed42,K2_dual_teacher_KD_seed42,ANFC_000128.png,8_1621490,0.0024064329474748902,0.0033694515012506754,-0.027077249797308522,0.029421111396391142,0.006017033895279189,0.0022125244140287492,1.09200168379515,0.008651668180607142,0.04381873740930298
K2_vs_pretrained_F0,F0_pretrained_seed42,K2_dual_teacher_KD_seed42,ANFC_000129.png,8_1621490,0.012451612267414203,0.01754298220525441,0.012001655399089262,0.012893727478800354,0.001647022492122674,0.0027923583983948674,-0.7573593128807152,0.00996490052829846,0.010101017807004231
K2_vs_pretrained_F0,F0_pretrained_seed42,K2_dual_teacher_KD_seed42,ANFC_000130.png,8_1621490,-0.023162445793244335,-0.025374977785225128,0.03660275708499394,-0.11281272090180972,-0.015044322498690699,-0.010070800781096345,-2.88648580167893,-0.02832979487969034,-0.02830470645092875
K2_vs_pretrained_F0,F0_pretrained_seed42,K2_dual_teacher_KD_seed42,ANFC_000131.png,8_1621490,0.03873037757657849,0.043669499319096694,0.04518329069795746,0.02902245257836067,0.0012984024718739606,0.004440307617119776,-21.435541784198662,0.05576695603963111,0.054988389663583326
K2_vs_pretrained_F0,F0_pretrained_seed42,K2_dual_teacher_KD_seed42,ANFC_000133.png,8_1621490,-0.010173665099926898,-0.01172638285448735,0.011596348381051946,-0.020490334970276414,-0.003854724070005422,-0.002899169921830702,0.09294543782755937,-0.009732977577326607,-0.030746162184369985
K2_vs_pretrained_F0,F0_pretrained_seed42,K2_dual_teacher_KD_seed42,ANFC_000135.png,8_1621490,0.012535234911207782,0.01773692962422424,-0.00200437317747737,0.023302772806183758,0.0033140154542480316,0.002868652343706257,0.0,-0.000973756142686022,0.02336637563373567
K2_vs_pretrained_F0,F0_pretrained_seed42,K2_dual_teacher_KD_seed42,ANFC_000136.png,8_1621490,0.0106312728465624,0.016076652460804586,0.011861117099016383,0.00941874234896889,0.0006896664969755495,0.0014801025390399625,-0.3944487245360109,0.00030704046904717064,0.010085679953424909
K2_vs_pretrained_F0,F0_pretrained_seed42,K2_dual_teacher_KD_seed42,ANFC_000137.png,8_1621490,0.03262315638435298,0.04843277655530687,0.0019311232694138036,0.05120165190399717,0.004244822117857927,0.004135131835874439,-6.954731693573803,0.011378372255485991,0.05531732041097703
K2_vs_pretrained_F0,F0_pretrained_seed42,K2_dual_teacher_KD_seed42,ANFC_000361.png,8_55896,0.03803087724937737,0.043138271681044504,0.06871265615579669,0.02149853930318324,0.00030942721583737676,0.007995605468627986,0.04344511665335915,0.03714341119179754,0.044924323163590185
K2_vs_pretrained_F0,F0_pretrained_seed42,K2_dual_teacher_KD_seed42,ANFC_000362.png,8_55896,0.003731858631721985,0.005495665831576679,-0.003726708073762519,0.007981042855417897,0.001235462721951075,0.0008697509765491773,-0.5721723425875478,-0.0016037329891259722,-0.0015922180850228562
K2_vs_pretrained_F0,F0_pretrained_seed42,K2_dual_teacher_KD_seed42,ANFC_000363.png,8_55896,-0.008507348016509653,-0.01055675609209672,-0.0026809651470937057,-0.015053082954557206,-0.0023073214408307896,-0.00234985351558914,-10.56262449315865,-0.015070283156217057,-0.03402585651592005
K2_vs_pretrained_F0,F0_pretrained_seed42,K2_dual_teacher_KD_seed42,ANFC_000364.png,8_55896,-0.09241044529088083,-0.08222691528325632,-0.2359874909223027,0.01794521276763572,0.020854038025695187,0.004562377929617889,1.5736743453771567,-0.10325264783142485,-0.06240943113707509
K2_vs_pretrained_F0,F0_pretrained_seed42,K2_dual_teacher_KD_seed42,ANFC_000365.png,8_55896,-0.02401569561117689,-0.019619580937583925,-0.017787659801118627,-0.02524580330383558,-0.0021337684547101388,-0.002563476562460809,-1.0695492817402084,-2.6542665862661075e-05,-0.009809400867222817
K2_vs_pretrained_F0,F0_pretrained_seed42,K2_dual_teacher_KD_seed42,ANFC_000366.png,8_55896,0.002675677170442481,0.003611497167810729,0.010565568674883008,-0.003290445634712702,-0.0012697639630330215,0.00018310546874722444,6.5631024218867715,-0.007347446526631551,0.009892710402473193
K2_vs_pretrained_F0,F0_pretrained_seed42,K2_dual_teacher_KD_seed42,ANFC_000367.png,8_55896,-0.03408708442656755,-0.027358934037241878,-0.03682864449499934,-0.025237521983842548,6.703423773579686e-05,-0.003234863281200595,-3.547815717039569,-0.03451098360984983,0.003570114212440245
K2_vs_pretrained_F0,F0_pretrained_seed42,K2_dual_teacher_KD_seed42,ANFC_000368.png,8_55896,0.004574551412179995,0.00623149874477702,0.0038256434032197806,0.005364981601439056,0.0008434370057838203,0.0012359619140436262,-12.203994441639061,0.007926222284245332,0.020665917426197278
K2_vs_pretrained_F0,F0_pretrained_seed42,K2_dual_teacher_KD_seed42,ANFC_000369.png,8_55896,0.0533659779704827,0.07037025379099904,0.034290271118703974,0.06893588042755272,0.0036174398679377218,0.004791259765551947,-4.723872145375587,0.053518517914599495,0.052515587679511255
K2_vs_pretrained_F0,F0_pretrained_seed42,K2_dual_teacher_KD_seed42,ANFC_000370.png,8_55896,-0.0846582948212583,-0.09078447307899062,-0.14056224895835012,0.0036793329865477675,0.0037054416594601847,-0.004516601562431166,20.647546807402534,-0.013197021111613694,0.020225998960482494
K2_vs_pretrained_F0,F0_pretrained_seed42,K2_dual_teacher_KD_seed42,ANFC_000371.png,8_55896,0.0006598226298254461,0.0008208282550531409,-0.005382976336729461,0.009032619756707994,0.0017308677298835118,0.0007629394531133427,-26.827684758229033,-0.002445160265656998,0.014603582244741009
K2_vs_pretrained_F0,F0_pretrained_seed42,K2_dual_teacher_KD_seed42,ANFC_000372.png,8_55896,-0.001636038310278587,-0.0023657808743078323,-0.0035880875489070485,0.00017977371021982158,0.0001574114560531914,-0.000320434570307615,0.0,-0.0008868060552943424,0.006029781428924741
K2_vs_pretrained_F0,F0_pretrained_seed42,K2_dual_teacher_KD_seed42,ANFC_000373.png,8_55896,0.024590534337739722,0.03287862157809196,0.04728267061099656,-0.007692973236564482,-0.002484187529687265,0.004180908203061162,-9.255806083520042,0.03460464197325652,0.08632521443272878
K2_vs_pretrained_F0,F0_pretrained_seed42,K2_dual_teacher_KD_seed42,ANFC_000374.png,8_55896,0.004144535266260352,0.005284910948211596,0.0010261087674123814,0.007417427462824366,0.0014269356117074805,0.0013732910156041278,-1.3426773934616367,0.037284113229274385,-0.013961778432367067
K2_vs_pretrained_F0,F0_pretrained_seed42,K2_dual_teacher_KD_seed42,ANFC_000375.png,8_55896,-0.028640594329777502,-0.03732884445414264,-0.048065495834138994,-0.012375033544401615,-8.626192570970748e-05,-0.005630493163976569,11.74618770115993,-0.02502983987014451,-0.007500605460085796
K2_vs_pretrained_F0,F0_pretrained_seed42,K2_dual_teacher_KD_seed42,ANFC_000376.png,8_55896,-0.02380253791895759,-0.02909081224816057,-0.023096234305757912,-0.0241881530514374,-0.0029549537448505525,-0.004791259765551947,0.40372790095418765,-0.02329617920552729,0.005934647278770577
K2_vs_pretrained_F0,F0_pretrained_seed42,K2_dual_teacher_KD_seed42,ANFC_000377.png,8_55896,0.013251416421360962,0.019100501007948245,0.01966156325227053,0.008602116657570269,0.000758456793231832,0.002548217773398642,0.0,0.01416492068020514,0.06370599644937869
K2_vs_pretrained_F0,F0_pretrained_seed42,K2_dual_teacher_KD_seed42,ANFC_000378.png,8_55896,0.004218383765254852,0.0054065066023385455,0.023132145702854046,-0.009762169301837376,-0.0034129692832175484,-0.0003662109374944489,-3.6242355220707516,0.022035470916382804,-0.0038969536264618077
K2_vs_pretrained_F0,F0_pretrained_seed42,K2_dual_teacher_KD_seed42,ANFC_000379.png,8_55896,0.03812240968928404,0.04741693898193544,0.01349255582917308,0.050739774029859075,0.010729759003338613,0.011001586913894634,-19.417536035092382,0.05200809311186938,0.04227361834138754
K2_vs_pretrained_F0,F0_pretrained_seed42,K2_dual_teacher_KD_seed42,ANFC_000380.png,8_55896,-0.03426686485071506,-0.043757153648710245,-0.0062653227994734495,-0.04843876372297484,-0.012269306113821488,-0.01159667968732303,5.99863645548815,-0.017552865959982955,-0.039334001634305005
K2_vs_pretrained_F0,F0_pretrained_seed42,K2_dual_teacher_KD_seed42,ANFC_000381.png,8_55896,0.037018116912636456,0.04981359091392368,0.04581191411463381,0.027993443257502748,0.0025457384338185562,0.006912231445207029,-10.996451791630538,0.04795669638008959,0.027836163464483588
K2_vs_pretrained_F0,F0_pretrained_seed42,K2_dual_teacher_KD_seed42,ANFC_000382.png,8_55896,0.029365850998640974,0.03647990636045273,0.046216583592408655,0.0057778403580383,-0.0008993440078842729,0.005447387695229455,-11.488337434974703,0.031078095957732588,0.04227929261459551
K2_vs_pretrained_F0,F0_pretrained_seed42,K2_dual_teacher_KD_seed42,ANFC_000383.png,8_55896,0.013492206120322092,0.014388321560563688,-0.0073470324868158965,0.026260047420318622,0.009872415309989058,0.007583618163946815,16.08929060819769,0.007437334963674047,0.02176957735896784
K2_vs_pretrained_F0,F0_pretrained_seed42,K2_dual_teacher_KD_seed42,ANFC_000384.png,8_55896,0.007349461975537541,0.008750566187213371,-0.0027950310554665236,0.01627844080436125,0.00291051847835877,0.00234985351558914,-1.0,0.003262330011689629,0.008731838466851105
K2_vs_pretrained_F0,F0_pretrained_seed42,K2_dual_teacher_KD_seed42,ANFC_000385.png,8_55896,-0.00025211154914484,-0.00023023199106131376,0.04308897591321259,-0.008001201925549983,-0.003482407567122925,-0.0022125244140287492,-6.7110623497493975,0.03599697240576255,-0.13692291224203537
K2_vs_pretrained_F0,F0_pretrained_seed42,K2_dual_teacher_KD_seed42,ANFC_000386.png,8_55896,0.021724233052638597,0.027030611615064704,0.06909386994659839,-0.012710473984728132,-0.008307135706487445,0.0018463134765343003,-2.8082116147002907,0.018174360042015447,-0.0046435529206577675
K2_vs_pretrained_F0,F0_pretrained_seed42,K2_dual_teacher_KD_seed42,ANFC_000387.png,8_55896,0.018293153376928162,0.020465276863296356,0.025762711855673692,0.014148927131319544,0.0010385709263885934,0.0021514892577796374,-0.09192801300125097,0.00958920432372623,0.06950608193060576
K2_vs_pretrained_F0,F0_pretrained_seed42,K2_dual_teacher_KD_seed42,ANFC_000388.png,8_55896,0.09431502362937016,0.1295622251116878,0.038067675859735695,0.12277789638284087,0.016250573356656584,0.017745971679416717,-21.86298907803308,0.0784583926379343,0.0879207031031971
K2_vs_pretrained_F0,F0_pretrained_seed42,K2_dual_teacher_KD_seed42,ANFC_000389.png,8_55896,-0.12623572550937917,-0.10690052401637418,-0.1588832486503131,-0.10262445520056268,-0.008683887612738195,-0.013198852538861106,-5.485458257464131,-0.2221844176070592,-0.11962284104712234
K2_vs_pretrained_F0,F0_pretrained_seed42,K2_dual_teacher_KD_seed42,ANFC_000423.png,8_56826,0.059070689023361656,0.07311843280776942,-0.00880788349099082,0.08674689335024022,0.046089256319774896,0.036483764647880834,-16.14226487588858,0.052289383680510726,0.008362606767575498
K2_vs_pretrained_F0,F0_pretrained_seed42,K2_dual_teacher_KD_seed42,ANFC_000425.png,8_56826,-0.008434395936286254,-0.012360363202009395,-0.03839999999801813,0.019807835902451165,0.013994497519247973,-0.0014953613281022404,0.0,0.009774679101339334,0.024975867201383006
K2_vs_pretrained_F0,F0_pretrained_seed42,K2_dual_teacher_KD_seed42,ANFC_000426.png,8_56826,-0.05869060866963027,-0.0635976995397533,-0.0884931202791559,-0.0042962775830890365,0.009976427007703736,-0.017105102538801487,19.63160491450941,0.017351161019914185,-0.007934330035106907
K2_vs_pretrained_F0,F0_pretrained_seed42,K2_dual_teacher_KD_seed42,ANFC_000427.png,8_56826,0.0026769755636788517,0.0034661463462415387,-0.031162490124853615,0.042609375949982375,0.015636807533266683,0.0056915283202256806,-0.8645236519436246,0.03500121855996141,0.028855268287301672
K2_vs_pretrained_F0,F0_pretrained_seed42,K2_dual_teacher_KD_seed42,ANFC_000428.png,8_56826,-0.006385335179898033,-0.008256961539851781,-0.030336076134595436,0.019480215342161933,0.006059622355568894,0.0004577636718680056,4.0,0.00095600152888764,0.016109710974963165
K2_vs_pretrained_F0,F0_pretrained_seed42,K2_dual_teacher_KD_seed42,ANFC_000429.png,8_56826,-0.0007724313184783727,-0.0011462044391905568,0.004177982034240801,-0.005693683194932242,-0.0013044565955236953,-0.0005035400390548395,1.324555320336759,-0.02923715882550737,0.00946572397512857
K2_vs_pretrained_F0,F0_pretrained_seed42,K2_dual_teacher_KD_seed42,ANFC_000430.png,8_56826,0.01599723751258675,0.024066791390454312,0.047218572050177876,-0.018886773628635667,-0.0058018144526930104,0.0034332275390100975,-1.409294781386233,-0.01005068990500435,-0.01660198541640634
K2_vs_pretrained_F0,F0_pretrained_seed42,K2_dual_teacher_KD_seed42,ANFC_000433.png,8_56826,-0.005534568065841627,-0.008281540019034361,-0.01333784698623297,0.003120594988100689,0.0015955560808100788,-0.0017700195312230216,1.9667252977024248,-0.0034188251998348296,0.006437648320357425
K2_vs_pretrained_F0,F0_pretrained_seed42,K2_dual_teacher_KD_seed42,ANFC_000434.png,8_56826,0.10110666952234426,0.10692141982445019,-0.02492408906567256,0.14897871610585922,0.06440866185340766,0.053634643553869155,-16.400180175289634,0.0622727407226753,0.07404206837065541
K2_vs_pretrained_F0,F0_pretrained_seed42,K2_dual_teacher_KD_seed42,ANFC_000435.png,8_56826,0.03425160790526671,0.03473159897904449,0.004365808823027839,0.03793753677941192,0.024510838963532677,0.021835327148104322,-1.7516441337535156,0.027544235478099033,0.03094929391038692
K2_vs_pretrained_F0,F0_pretrained_seed42,K2_dual_teacher_KD_seed42,ANFC_000436.png,8_56826,0.012367268754058691,0.018177268610176545,-0.008772984015817054,0.027600830757496864,0.015155233770704934,0.009078979492048944,-2.1690481051546993,0.013749034231959167,0.04018718029949242
K2_vs_pretrained_F0,F0_pretrained_seed42,K2_dual_teacher_KD_seed42,ANFC_000438.png,8_56826,0.0011418736033337318,0.0016745368573564123,-0.031604599799588406,0.021954475117025085,0.011888178608684519,0.0031738281249514833,-0.2417927900385397,-0.006479788386978824,0.0316788408282519
K2_vs_pretrained_F0,F0_pretrained_seed42,K2_dual_teacher_KD_seed42,ANFC_000439.png,8_56826,0.00010084743870475421,0.00015014293516990573,-0.016546671718040473,0.014953150204818688,0.007343768862272282,0.0015716552734135192,0.6260087123242126,-0.0016130030694773145,-0.004163097366866597
K2_vs_pretrained_F0,F0_pretrained_seed42,K2_dual_teacher_KD_seed42,ANFC_000440.png,8_56826,0.010038306043049228,0.015040732953906177,-0.0037543174648030364,0.020348575602787355,0.007832548163318576,0.0054779052733539,-0.9562305898748793,0.008937423624129304,0.02473843322418534
K2_vs_pretrained_F0,F0_pretrained_seed42,K2_dual_teacher_KD_seed42,ANFC_000441.png,8_56826,0.018421608292028768,0.027000228924555114,0.03140978816445905,0.005453183914146953,5.9433009092058064e-05,0.0072631835936392,-1.2395969484170006,0.020345752416694562,0.013368039221504646
K2_vs_pretrained_F0,F0_pretrained_seed42,K2_dual_teacher_KD_seed42,ANFC_000445.png,8_56826,0.05754881066476242,0.0519762132252205,-0.10680076623237511,0.08629957594467086,0.021923464884284427,0.017822265624728106,-1.992104959397338,0.039189024248728443,-0.02502051055664528
K2_vs_pretrained_F0,F0_pretrained_seed42,K2_dual_teacher_KD_seed42,ANFC_000446.png,8_56826,0.016722519846948614,0.019798503907382914,0.021997621877081097,0.013223600029185434,0.0038210445467776744,0.007553100585822148,0.7697286480094263,0.03931759635711518,0.020617037764124713
K2_vs_pretrained_F0,F0_pretrained_seed42,K2_dual_teacher_KD_seed42,ANFC_000447.png,8_56826,0.02366731448206738,0.03780845406354383,-0.007372214940418398,0.04956082207266521,0.015020252024920855,0.010848999023271966,-3.2002228755011277,0.023054283288866606,0.052419667824951
K2_vs_pretrained_F0,F0_pretrained_seed42,K2_dual_teacher_KD_seed42,ANFC_000448.png,8_56826,0.013042033002221287,0.01740957447954028,-0.030045903459445578,0.04144736726967324,0.010454693471635967,0.006011962890533296,60.883294441414954,0.05630653352680348,0.008511479501521202
K2_vs_pretrained_F0,F0_pretrained_seed42,K2_dual_teacher_KD_seed42,ANFC_000449.png,8_56826,0.08426717119817972,0.11620058897954122,-0.01933415071023914,0.1510265055806398,0.05157191487718549,0.040100097655638156,-33.87689437438234,0.07728186145617,0.05162797625043014
K2_vs_pretrained_F0,F0_pretrained_seed42,K2_dual_teacher_KD_seed42,ANFC_000450.png,8_56826,0.04551940103701313,0.06385586165105006,0.04336947455851803,0.047056408768712976,0.012269824076265756,0.017959594726288497,-18.41441006391016,0.025422981661153865,0.049287398721303166
K2_vs_pretrained_F0,F0_pretrained_seed42,K2_dual_teacher_KD_seed42,ANFC_000451.png,8_56826,0.012594547581047166,0.01869569219332623,0.01653229921251842,0.009296589677769806,0.001525019286981233,0.0037689208983799904,0.0,0.01422337776740068,0.03998611041809719
K2_vs_pretrained_F0,F0_pretrained_seed42,K2_dual_teacher_KD_seed42,ANFC_000452.png,8_56826,-0.006137369992358366,-0.008031637269349301,-0.017932165179021187,0.002183187173268486,0.0019900675905483167,-0.000976562499985123,2.6696846132884353,-0.015626595489018014,0.00467956902265243
K2_vs_pretrained_F0,F0_pretrained_seed42,K2_dual_teacher_KD_seed42,ANFC_000453.png,8_56826,-0.04127782030339655,-0.05391385304207874,0.003073770491353378,-0.06241185836884344,-0.015688879803493982,-0.01373291015604039,15.720066554105951,-0.03913723438212158,-0.018953476103715006
K2_vs_pretrained_F0,F0_pretrained_seed42,K2_dual_teacher_KD_seed42,ANFC_000454.png,8_56826,-0.028908549241521864,-0.033200077976631104,0.029386343986735897,-0.07593927612623219,-0.011164379063322238,-0.008300781249873324,-1.2506282952719872,-0.018503372773753135,-0.009762584397061902
K2_vs_pretrained_F0,F0_pretrained_seed42,K2_dual_teacher_KD_seed42,ANFC_000455.png,8_56826,0.07489258324431453,0.06968513397547227,0.06577250449683458,0.08175240961750269,0.007346859339150025,0.010803222656085243,-10.424311922055193,0.05509075082223336,0.047255795840375814
K2_vs_pretrained_F0,F0_pretrained_seed42,K2_dual_teacher_KD_seed42,ANFC_000456.png,8_56826,0.006969696407815973,0.009226805670843885,-0.004329524954380104,0.012191290667847299,0.004194264343436949,0.0031127929687025935,0.11155861875385575,-0.0010383718824067412,0.018487679630220466
K2_vs_pretrained_F0,F0_pretrained_seed42,K2_dual_teacher_KD_seed42,ANFC_000457.png,8_56826,0.011156938875646394,0.01587824401906257,-0.010516865459725966,0.024095644034345276,0.0062869117926135365,0.004287719726497108,-0.8772520376540687,0.033567617438574615,0.05742450900223328
K2_vs_pretrained_F0,F0_pretrained_seed42,K2_dual_teacher_KD_seed42,ANFC_000458.png,8_56826,-0.2401031811475175,-0.27791202193491105,-0.3666464768086722,0.01686809950778767,0.00787349586504682,-0.02043151855437575,51.586270151674626,-0.23581073830485677,-0.19556516320493977
K2_vs_pretrained_F0,F0_pretrained_seed42,K2_dual_teacher_KD_seed42,ANFC_000459.png,8_56826,0.019560390209625522,0.0252782145236482,-0.010421319039687127,0.046338851600790765,0.00804161920454205,0.006149291992093686,14.87024806596797,0.007624533535797395,0.0674259756914567
K2_vs_pretrained_F0,F0_pretrained_seed42,K2_dual_teacher_KD_seed42,ANFC_000460.png,8_56826,-0.00023495162877396059,-0.0003490890250952283,0.006761904761260817,-0.007067956397541986,-0.0018896722145161915,-0.0005035400390548395,0.0,0.003436454017163748,0.005405011763998657
K2_vs_pretrained_F0,F0_pretrained_seed42,K2_dual_teacher_KD_seed42,ANFC_000461.png,8_56826,0.012166037316222233,0.015699042076116276,0.003561887800081154,0.016513744586153956,0.004351972258268777,0.004257202148372552,-3.237448236850817,0.024703112295579976,0.013738523079361853
K2_vs_pretrained_F0,F0_pretrained_seed42,K2_dual_teacher_KD_seed42,ANFC_000462.png,8_56826,0.01651545648509778,0.02308223481739302,-0.006867029340331121,0.03223109816467906,0.01148684719158577,0.008346557617060157,0.0,0.010935647067362275,0.0075866581742342065
K2_vs_pretrained_F0,F0_pretrained_seed42,K2_dual_teacher_KD_seed42,ANFC_000463.png,8_56826,0.0018392645680264108,0.002642125421465802,-0.014662756597240478,0.015041321494391968,0.007449924321202839,0.0025024414062118083,0.0,0.008740971370618245,0.016809616094695112
K2_vs_pretrained_F0,F0_pretrained_seed42,K2_dual_teacher_KD_seed42,ANFC_000464.png,8_56826,0.025422345089303966,0.03798906948518943,0.01000192344585471,0.04002958228836839,0.008941202074632004,0.0091094970701735,-5.795992127008944,0.03787380496613191,0.05272259079749042
K2_vs_pretrained_F0,F0_pretrained_seed42,K2_dual_teacher_KD_seed42,ANFC_000465.png,8_56826,0.017147089601829535,0.02453376307290145,0.0033258426963302945,0.026115949425684182,0.00854606605266306,0.0076599121092582045,0.4700015228031731,0.01175785499263915,0.07702436197406304
K2_vs_pretrained_F0,F0_pretrained_seed42,K2_dual_teacher_KD_seed42,ANFC_000466.png,8_56826,-0.002189846359962555,-0.003524179086806689,-0.016201845906089418,0.010203980583338934,0.006688596491081333,-0.00027465820312078115,0.09901951359278449,-0.011979383613652583,0.007917800279991116
K2_vs_pretrained_F0,F0_pretrained_seed42,K2_dual_teacher_KD_seed42,ANFC_000467.png,8_56826,-0.013870106388583214,-0.01366941596134913,-0.036992997749109136,-0.006716926278497626,0.0022081529145513423,-0.002319335937464695,1.501761330104081,-0.00773656692518232,-0.0003189832098019485
K2_vs_pretrained_F0,F0_pretrained_seed42,K2_dual_teacher_KD_seed42,ANFC_000468.png,8_56826,0.013425212787037566,0.020107920348980346,-0.006174212926567169,0.029486919619770235,0.015833298288072783,0.009796142577975453,-1.7888974490720218,0.013697713751131158,0.055071417109053056
K2_vs_pretrained_F0,F0_pretrained_seed42,K2_dual_teacher_KD_seed42,ANFC_000470.png,8_56826,0.0011434987733661695,0.0017196090207961534,-0.019894715251254858,0.02183254499570486,0.008564301007512154,0.0022125244140287492,-2.053547788840282,-0.009688190135811237,0.03633643480546789
K2_vs_pretrained_F0,F0_pretrained_seed42,K2_dual_teacher_KD_seed42,ANFC_000471.png,8_56826,0.0005143432074121712,0.0008424153893150654,-0.0026670617867338153,0.003667690039001581,0.0011530035742889355,0.0003662109374944489,0.0,-0.0011357233210530504,-0.005944946666746387
K2_vs_pretrained_F0,F0_pretrained_seed42,K2_dual_teacher_KD_seed42,ANFC_000472.png,8_58452,-0.038994617415734956,-0.03990708107262564,0.06904161411269838,-0.05851421843342414,-0.038721448843784256,-0.028289794921443345,-1.1085154666917987,-0.03366672109679014,-0.060390158364272306
K2_vs_pretrained_F0,F0_pretrained_seed42,K2_dual_teacher_KD_seed42,ANFC_000473.png,8_58452,0.00946460686563022,0.012380059339955451,0.026679179511103435,-0.0015249032654011119,-0.0019456927871283058,0.001312255859355016,-1.4559962546824696,0.06669921437909376,-0.0351337666992545
K2_vs_pretrained_F0,F0_pretrained_seed42,K2_dual_teacher_KD_seed42,ANFC_000474.png,8_58452,0.0131369794604137,0.016866350086703785,0.041258741249123765,-0.0034183039019904937,-0.0019593116284825074,0.0008697509765492883,-1.142524120015219,0.027181410084903046,0.002559800403145518
K2_vs_pretrained_F0,F0_pretrained_seed42,K2_dual_teacher_KD_seed42,ANFC_000475.png,8_58452,0.0196658016321124,0.01865460347022807,0.008374040472581057,0.032403127938642085,0.0033313193003685626,0.0036621093749441558,-2.2492455890365903,0.04742112489580852,0.02139642271502673
K2_vs_pretrained_F0,F0_pretrained_seed42,K2_dual_teacher_KD_seed42,ANFC_000476.png,8_58452,0.1301787541774087,0.10140203611753124,0.227366787347728,-0.2981050367093662,-0.053612206766770254,-0.020462036132500194,-7.613270548602813,0.1884209381400863,0.06617979903545629
K2_vs_pretrained_F0,F0_pretrained_seed42,K2_dual_teacher_KD_seed42,ANFC_000477.png,8_58452,0.04953375172822411,0.03863186623459483,0.004994124557874846,0.03838847676844981,0.03309083885867037,0.031631469726079775,-3.513455985644015,0.06786289604044393,0.0026957719246040734
K2_vs_pretrained_F0,F0_pretrained_seed42,K2_dual_teacher_KD_seed42,ANFC_000478.png,8_58452,0.08799363816514216,0.11087135050674912,0.015598471984762385,0.1645464858853244,0.035108354718507484,0.03230285644481956,-26.868498063156437,0.1704447905552292,0.00344181919384412
K2_vs_pretrained_F0,F0_pretrained_seed42,K2_dual_teacher_KD_seed42,ANFC_000479.png,8_58452,-0.010853360497425135,-0.01478713450937763,-0.0030181979580099494,-0.015395550418501824,-0.005546240164995164,-0.005111694335859451,0.5914487071144467,0.0192276791293694,-0.024419685186372553
K2_vs_pretrained_F0,F0_pretrained_seed42,K2_dual_teacher_KD_seed42,ANFC_000480.png,8_58452,-0.011342840220268657,-0.014997441141831547,0.0031634018733224245,-0.023243141429186154,-0.005164261911733692,-0.004119873046812161,1.7082039324993694,-0.027639335397693587,-0.009946687581114166
K2_vs_pretrained_F0,F0_pretrained_seed42,K2_dual_teacher_KD_seed42,ANFC_000481.png,8_58452,0.003645293276497097,0.004775850839874751,-0.019551934824229233,0.020520039660838596,0.00531192518599799,0.0025177001952740863,-14.29799239877622,0.015714848322424202,-0.02529773626161047
K2_vs_pretrained_F0,F0_pretrained_seed42,K2_dual_teacher_KD_seed42,ANFC_000482.png,8_58452,-0.0716655900498463,-0.0779424430669502,-0.12585183555442392,-0.013834812943228192,0.007406357418629161,-0.011093139648268302,3.580944784230706,0.0003853759613469121,0.0056923246726694465
K2_vs_pretrained_F0,F0_pretrained_seed42,K2_dual_teacher_KD_seed42,ANFC_000483.png,8_58452,-0.02018463501094081,-0.02398101934099628,0.020103092773142706,-0.036722910926268004,-0.003333542990072824,-0.002639770507772199,4.5139139208637715,-0.02218888933944896,-0.019771913100098626
K2_vs_pretrained_F0,F0_pretrained_seed42,K2_dual_teacher_KD_seed42,ANFC_000484.png,8_58452,0.016703998458851954,0.024917115586775118,0.04934511117378981,-0.015785100192761914,-0.0049742309694368325,0.0031890869140138722,-2.947962186247815,0.02574497479047322,0.011485972904279329
K2_vs_pretrained_F0,F0_pretrained_seed42,K2_dual_teacher_KD_seed42,ANFC_000485.png,8_58452,0.005712066293465767,0.007511627226101658,0.02186688533253156,-0.008176388311310179,-0.0024734193304166707,0.00024414062499633626,0.9614477420808285,-0.0006073101357652044,0.017020213689474928
K2_vs_pretrained_F0,F0_pretrained_seed42,K2_dual_teacher_KD_seed42,ANFC_000486.png,8_58452,-0.003739763750567615,-0.0046940527169052615,0.008962868116363154,-0.01509231456262583,-0.0027155579543463038,-0.001602172851537964,-0.18108331815639644,0.009214204270715287,-0.011318896805305845
K2_vs_pretrained_F0,F0_pretrained_seed42,K2_dual_teacher_KD_seed42,ANFC_000487.png,8_58452,0.0009230646382401009,0.0010565571890200909,0.008217833925154183,-0.004832099566099091,-0.0018646637505557173,-0.0006103515624906741,-0.030193838940643758,-0.00046712810390392434,0.000607573205847256
K2_vs_pretrained_F0,F0_pretrained_seed42,K2_dual_teacher_KD_seed42,ANFC_000488.png,8_58452,0.004945680702096555,0.007492799960284513,0.015570469796567732,-0.005198118173613375,-0.0011878938126023142,0.0007171630859266198,-0.24264068711928477,0.004585089062593806,0.024603239186803294
K2_vs_pretrained_F0,F0_pretrained_seed42,K2_dual_teacher_KD_seed42,ANFC_000489.png,8_58452,0.005413388710943434,0.00727529576739705,0.008420208499275605,0.0034120562928184883,0.0003272814965320503,0.0012512207031059042,0.0,0.005449153829508613,0.009706339787545648
K2_vs_pretrained_F0,F0_pretrained_seed42,K2_dual_teacher_KD_seed42,ANFC_000491.png,8_58452,0.0012935158539904013,0.0014841716070844724,0.007338103099002402,-0.00620505085272538,-0.0009652991595079374,-0.00027465820312078115,-2.4773377607305846,0.01691618389885141,-0.018217867771211038
K2_vs_pretrained_F0,F0_pretrained_seed42,K2_dual_teacher_KD_seed42,ANFC_000493.png,8_58452,0.023811154588385897,0.033397330992135155,0.039491121118540695,0.011433196017179847,0.0005863079841250673,0.0050659179686726175,-41.91161758057985,0.03546496845210245,0.05412851970354082
K2_vs_pretrained_F0,F0_pretrained_seed42,K2_dual_teacher_KD_seed42,ANFC_000494.png,8_58452,-0.010539117879628468,-0.01457392053807649,0.018449419564998015,-0.03028232613785653,-0.004529582290082268,-0.0028381347655817013,2.7389665959283986,-0.007334462302617473,-0.02705589525719665
K2_vs_pretrained_F0,F0_pretrained_seed42,K2_dual_teacher_KD_seed42,ANFC_000495.png,8_58452,-0.006724500035761749,-0.009449911767157593,0.0007279079923238063,-0.012772633400058186,-0.0021818057851572537,-0.0018768310546588562,4.218923726275589,-0.019473060091209193,-0.00832766569057608
K2_vs_pretrained_F0,F0_pretrained_seed42,K2_dual_teacher_KD_seed42,ANFC_000496.png,8_58452,0.036348904157953554,0.038666251358366766,0.06065791974507362,0.02230012492664657,0.0004977022744910853,0.005325317382731343,-0.32264378738459953,0.04265863567661188,0.055547766662556675
K2_vs_pretrained_F0,F0_pretrained_seed42,K2_dual_teacher_KD_seed42,ANFC_000497.png,8_58452,-0.0038493597248583367,-0.005681274649236179,0.015070437914702306,-0.018646037588048503,-0.005001862395484058,-0.0021972656249664713,0.0,-0.0005856085502374819,-0.012419975389933668
K2_vs_pretrained_F0,F0_pretrained_seed42,K2_dual_teacher_KD_seed42,ANFC_000498.png,8_58452,-0.0017905915536079453,-0.0027214663268161354,0.007260992334886973,-0.010405491726636296,-0.002499101042745422,-0.0010223388671719569,0.06770809408973566,0.001039441577723621,-0.025189199595252898
K2_vs_pretrained_F0,F0_pretrained_seed42,K2_dual_teacher_KD_seed42,ANFC_000499.png,8_58452,-0.0047375651093439775,-0.007325022844606011,0.004438374871464812,-0.014691513190357774,-0.002572732559118718,-0.001632690429662631,51.335200222027666,-0.0034305173591813176,-0.011155489828566068
K2_vs_pretrained_F0,F0_pretrained_seed42,K2_dual_teacher_KD_seed42,ANFC_000500.png,8_58452,0.015618359260990533,0.016594060220195217,-0.04661810612973605,0.0912043051933028,0.011822627652898432,0.007537841796760092,-57.19559231107813,0.041765090057747756,-0.0031202953833291414
K2_vs_pretrained_F0,F0_pretrained_seed42,K2_dual_teacher_KD_seed42,ANFC_000501.png,8_58452,0.019159378198639443,0.01996598404133254,0.023435488018687778,0.01613595260430678,0.001216485815755619,0.0025329589843363642,0.4551993322224348,0.01691147644705482,0.055815325728410525
K2_vs_pretrained_F0,F0_pretrained_seed42,K2_dual_teacher_KD_seed42,ANFC_000502.png,8_58452,0.005183076068935422,0.005992568917790098,-0.07410572578755881,0.04186666571164499,0.02300113348987698,0.010864257812334244,-0.4195560645372609,0.011150838699288013,0.0007210592945841032
K2_vs_pretrained_F0,F0_pretrained_seed42,K2_dual_teacher_KD_seed42,ANFC_000503.png,8_58452,0.007347906034965046,0.009396513158551278,-0.024549549544020555,0.02246705964538631,0.0047138928898010635,0.0027313232421458666,4.680888329145583,-0.012372289843318285,-0.0034878376193945293
K2_vs_pretrained_F0,F0_pretrained_seed42,K2_dual_teacher_KD_seed42,ANFC_000504.png,8_58452,0.03771801998120239,0.04271780636211914,-0.029065926802871456,0.06649291287301018,0.025721531215592952,0.019393920898141626,-6.275657694800994,0.05042863186823732,0.018199723104760257
K2_vs_pretrained_F0,F0_pretrained_seed42,K2_dual_teacher_KD_seed42,ANFC_000505.png,8_58452,0.0082850284644157,0.012244016824871307,0.002356267671452361,0.012026570382471236,0.0013052274358594795,0.0013732910156040168,0.22141436349243016,0.0015939051154792994,0.0171446397566134
K2_vs_pretrained_F0,F0_pretrained_seed42,K2_dual_teacher_KD_seed42,ANFC_000506.png,8_58452,-0.014798487993566423,-0.016781122325471354,0.017583481203809703,-0.027026680649557266,-0.009538736370063639,-0.00697326660145603,10.479428479962067,0.009473525933471394,-0.01117620301216915
K2_vs_pretrained_F0,F0_pretrained_seed42,K2_dual_teacher_KD_seed42,ANFC_000507.png,8_58452,0.03409868144095762,0.029789867982834672,-0.11559934314758646,0.06413985578909503,0.02813205101489602,0.021453857421547595,0.7830639710855891,0.0018586448296185054,-0.006136662295648354
K2_vs_pretrained_F0,F0_pretrained_seed42,K2_dual_teacher_KD_seed42,ANFC_000508.png,8_58452,-0.015371780341945751,-0.01968262726969161,-0.0046977763851083765,-0.022670889609465283,-0.0040067624682331715,-0.0040740966796253275,-2.1570483162718403,-0.015566553391246796,-0.04188689024274028
K2_vs_pretrained_F0,F0_pretrained_seed42,K2_dual_teacher_KD_seed42,ANFC_000509.png,8_58452,0.0029889958565275654,0.0044220503754692775,-0.011725602436365556,0.013834446178025317,0.004752764829453304,0.0020294189452815248,0.0,0.0001896413958037968,0.011559305264485675
K2_vs_pretrained_F0,F0_pretrained_seed42,K2_dual_teacher_KD_seed42,ANFC_000510.png,8_58452,0.006350528706133507,0.009987252873665975,0.004484304932244942,0.007955834645451021,0.001507279272223383,0.0019226074218456901,0.0,-0.0002672458624837226,0.030191212087197994
K2_vs_pretrained_F0,F0_pretrained_seed42,K2_dual_teacher_KD_seed42,ANFC_000592.png,8_58646,-0.03756952136435321,-0.041724813639333724,-0.002268178785554631,-0.05953613571121208,-0.015988697644492955,-0.014419555663842454,-0.48643553484275515,-0.026719453090046752,-0.009812374639426136
K2_vs_pretrained_F0,F0_pretrained_seed42,K2_dual_teacher_KD_seed42,ANFC_000593.png,8_58646,-0.002994893700829615,-0.004607657545244281,-0.01403875159368384,0.005929274289568576,0.0017042359927313955,-0.0003662109374944489,0.0,-0.003739289177108973,-0.006552647785533772
K2_vs_pretrained_F0,F0_pretrained_seed42,K2_dual_teacher_KD_seed42,ANFC_000594.png,8_58646,0.005302908856842703,0.007407947712277485,0.010947825228232788,0.0017116477216259085,-0.00023466974745500746,0.0014953613281022404,-2.4152593563900204,0.01635340578857103,0.025639164379359314
K2_vs_pretrained_F0,F0_pretrained_seed42,K2_dual_teacher_KD_seed42,ANFC_000598.png,8_58646,0.012175741864622558,0.01681731317207069,-0.02136682433185999,0.03410300741854566,0.0068512751450744425,0.004211425781185718,-0.21110255092797825,-0.009877059239672081,0.04194938977569718
K2_vs_pretrained_F0,F0_pretrained_seed42,K2_dual_teacher_KD_seed42,ANFC_000599.png,8_58646,-0.011034318444396729,-0.016811426663523754,0.003477742447985155,-0.023329987421959686,-0.0057326218631790216,-0.004318237304621553,5.1889881307091255,-0.015566834763229287,-0.006869329263810231
K2_vs_pretrained_F0,F0_pretrained_seed42,K2_dual_teacher_KD_seed42,ANFC_000600.png,8_58646,0.03315469180329933,0.04190638214605846,-0.014928123846762897,0.05948981004594023,0.025674786042980124,0.018951416015335787,-21.453186891133424,0.031831625166645394,0.04066690574274223
K2_vs_pretrained_F0,F0_pretrained_seed42,K2_dual_teacher_KD_seed42,ANFC_000601.png,8_58646,0.0406419889674452,0.056167683564493864,-0.027989556132847038,0.08761842149898313,0.02648272904296778,0.018524169921592337,-6.904650065678512,0.020363560883890908,0.005076955334365918
K2_vs_pretrained_F0,F0_pretrained_seed42,K2_dual_teacher_KD_seed42,ANFC_000602.png,8_58646,0.01423039923885272,0.011755578906902042,0.033702978901130054,0.005131732103928532,-0.0027733560890300657,-0.00021362304687178035,-26.99410983788563,0.025075464445064033,0.03089327463384206
K2_vs_pretrained_F0,F0_pretrained_seed42,K2_dual_teacher_KD_seed42,ANFC_000603.png,8_58646,-0.0033339699172940662,-0.0046416562898727864,0.008777509221628677,-0.011329935053861373,-0.003051582141256226,-0.00163269042966252,1.0602477064533122,-0.003987812276119107,0.031631169959064454
K2_vs_pretrained_F0,F0_pretrained_seed42,K2_dual_teacher_KD_seed42,ANFC_000607.png,8_58646,0.024926839640167953,0.032172595798101056,0.05660377358071744,0.003067384749034674,-0.005247880663477256,0.007507324218635536,-25.184257944512364,0.052685527200457605,0.064084085945462
K2_vs_pretrained_F0,F0_pretrained_seed42,K2_dual_teacher_KD_seed42,ANFC_000608.png,8_58646,0.0061201856420375345,0.009187481171201717,0.020438683945608327,-0.005087882919042941,-0.0017387675615221365,0.000976562499985123,0.0,0.004108431565296833,0.03970656533631012
K2_vs_pretrained_F0,F0_pretrained_seed42,K2_dual_teacher_KD_seed42,ANFC_000609.png,8_58646,-0.011935495281024333,-0.01232344789246953,0.0184590690171631,-0.018236307797683926,-0.008290395032231945,-0.006256103515529632,17.501312692237875,-0.01634568351490484,0.020587968708113746
K2_vs_pretrained_F0,F0_pretrained_seed42,K2_dual_teacher_KD_seed42,ANFC_000610.png,8_58646,-0.017829510795022374,-0.02534816154426278,-0.05512929808821698,0.04028025767207788,0.004906150637544848,-0.0015411376952890743,0.0,-0.053685494420673274,-0.017828875210991968
K2_vs_pretrained_F0,F0_pretrained_seed42,K2_dual_teacher_KD_seed42,ANFC_000611.png,8_58646,0.10356405341218378,0.1028558447310387,0.0020583190390981443,0.20256677026401237,0.035004857132700185,0.0320739746088855,-1.5661695478970614,0.03355496257467988,0.13442674243084538
K2_vs_pretrained_F0,F0_pretrained_seed42,K2_dual_teacher_KD_seed42,ANFC_000612.png,8_58646,0.020439527059901708,0.02986284872739564,0.01364862719986526,0.02501553986807692,0.003680256604985499,0.004638671874929279,-3.6703895881840083,0.003559195895701972,0.04200615889122561
K2_vs_pretrained_F0,F0_pretrained_seed42,K2_dual_teacher_KD_seed42,ANFC_000614.png,8_58646,0.03392085046667903,0.04035575582544415,0.07050423917369442,-0.016981692504614232,-0.010481858321933601,0.006134033203031408,-6.268461774308811,0.049785486535077306,0.013517643077584962
K2_vs_pretrained_F0,F0_pretrained_seed42,K2_dual_teacher_KD_seed42,ANFC_000615.png,8_58646,0.01189210558398024,0.01731271732556494,-0.011233211231839735,0.025628571383387366,0.006957765144788519,0.004684448242116002,-0.09901951359278449,-9.620449128888708e-06,0.032745913485439315
K2_vs_pretrained_F0,F0_pretrained_seed42,K2_dual_teacher_KD_seed42,ANFC_000616.png,8_58646,0.03299448341558331,0.044326932485122206,0.05917264593328253,0.014652301440350124,0.0002027761903846681,0.010360717773279404,-5.784416234491056,0.04011114012118733,0.042181934105281926
K2_vs_pretrained_F0,F0_pretrained_seed42,K2_dual_teacher_KD_seed42,ANFC_000617.png,8_58646,0.005811297149247885,0.008410975617202499,0.013286893703136293,0.00033416902658445213,-0.0004845632008777523,0.0011444091796700695,-7.1323072362804965,0.0052298606451021135,0.04990002460471976
K2_vs_pretrained_F0,F0_pretrained_seed42,K2_dual_teacher_KD_seed42,ANFC_000619.png,8_58646,0.019184107932273542,0.02491205859129142,0.020787478598583098,0.017604080936348798,0.0023885072700863264,0.004684448242116113,-1.3600469856395616,0.009710601609237535,0.027624212528441272
K2_vs_pretrained_F0,F0_pretrained_seed42,K2_dual_teacher_KD_seed42,ANFC_000620.png,8_58646,0.03214756319932588,0.038960737257100586,0.05311614730340797,0.008121976336968872,-0.0014914109106323181,0.006744384765522082,-5.886587113156899,0.0448870787411455,0.04889095033133428
K2_vs_pretrained_F0,F0_pretrained_seed42,K2_dual_teacher_KD_seed42,ANFC_000621.png,8_58646,0.013176050983301213,0.015562329541057629,0.05450693373897275,-0.02277007047953905,-0.011749347258272591,-0.0012512207031059042,2.623702284364205,0.005277855174441459,0.03667053119859465
K2_vs_pretrained_F0,F0_pretrained_seed42,K2_dual_teacher_KD_seed42,ANFC_000622.png,8_58646,0.0009441731405069875,0.0012982953002319553,-0.0008356545959838924,0.0021414201199008165,0.0004798135581519647,0.000335693359369893,4.460945698655651,-0.011936623251279754,0.017839669372547662
K2_vs_pretrained_F0,F0_pretrained_seed42,K2_dual_teacher_KD_seed42,ANFC_000623.png,8_58646,0.003070610812346275,0.003807923770684729,0.040982579265449015,-0.02776568867870144,-0.008652292509883197,-0.002609252929647643,-5.922843376416498,0.008816801513965578,0.01690232655082846
K2_vs_pretrained_F0,F0_pretrained_seed42,K2_dual_teacher_KD_seed42,ANFC_000624.png,8_58646,0.013310807216584064,0.015053227363087451,0.06521739129520099,-0.02379507285224347,-0.010495497037795842,-0.002258300781215472,-0.576588456111871,-0.006095574645826107,0.005134022653692116
K2_vs_pretrained_F0,F0_pretrained_seed42,K2_dual_teacher_KD_seed42,ANFC_000625.png,8_58646,0.04091630239719224,0.04334212546641014,0.04429983731143794,0.037955403123173914,0.006794682422333831,0.011367797851388972,0.9551457347796699,0.02392923114650103,0.033679184478434876
K2_vs_pretrained_F0,F0_pretrained_seed42,K2_dual_teacher_KD_seed42,ANFC_000627.png,8_58646,0.008281757587224714,0.012282271970714298,0.03184931506576627,-0.012893218197327583,-0.005161913250052663,0.0014343261718530176,-2.2313058534532484,0.010587481011671063,0.02539511505125369
K2_vs_pretrained_F0,F0_pretrained_seed42,K2_dual_teacher_KD_seed42,ANFC_000628.png,8_58646,0.0341397503490074,0.04377303437364266,0.03395835133206959,0.03432209500757322,0.0073568926855926975,0.012054443359191147,-5.639331191892907,0.033969253719547066,0.029104603812414087
K2_vs_pretrained_F0,F0_pretrained_seed42,K2_dual_teacher_KD_seed42,ANFC_000630.png,8_58646,9.515006541915838e-05,0.0001353134202080053,-0.011023133052162182,0.009448180702243625,0.001776800067657569,0.0005187988281170064,0.9027060860956233,-0.012313588529272335,0.003795737294908008
K2_vs_pretrained_F0,F0_pretrained_seed42,K2_dual_teacher_KD_seed42,ANFC_000631.png,8_58646,-0.0005198796225570623,-0.0006503542071216728,-0.019486602958639132,0.016372407585115045,0.006233823046804088,0.0020446777343438027,2.1629181696404345,0.0224455999506753,0.0006200760958240403
K2_vs_pretrained_F0,F0_pretrained_seed42,K2_dual_teacher_KD_seed42,ANFC_000632.png,8_58646,0.025972062607342417,0.030871831636552605,-0.07245430808453601,0.06256183676565641,0.030461676687565498,0.01843261718721878,4.153337101209786,0.0162501151219544,0.04052702885299092
K2_vs_pretrained_F0,F0_pretrained_seed42,K2_dual_teacher_KD_seed42,ANFC_000633.png,8_58646,0.00859127686731953,0.012208432858903273,0.010294117645682666,0.006942388394843957,0.0008095631803636261,0.0018920898437211342,0.0,-0.0032379732048664067,0.03440710229902444
K2_vs_pretrained_F0,F0_pretrained_seed42,K2_dual_teacher_KD_seed42,ANFC_000634.png,8_58646,0.0060199103439178,0.0067199454360653554,0.020751761940020375,-0.010432849851080173,-0.004483007953642759,-0.0005493164062415623,2.5768959512499947,0.005478965826026583,-0.010412669496348947
K2_vs_pretrained_F0,F0_pretrained_seed42,K2_dual_teacher_KD_seed42,ANFC_000635.png,8_58646,-0.02242341813144144,-0.025574195976045433,-0.02829605831851023,-0.01594660199181952,-0.0013230506762995642,-0.004653930663991446,15.133931252681494,-0.04862563687914634,0.04668437526913172
K2_vs_pretrained_F0,F0_pretrained_seed42,K2_dual_teacher_KD_seed42,ANFC_000636.png,8_58646,-0.07909730605634235,-0.08710883091197469,-0.09619513870169238,-0.04039585603791196,-0.002152413114835827,-0.01885986328096223,24.81867807460482,-0.1079844617202359,-0.08076142199849728
K2_vs_pretrained_F0,F0_pretrained_seed42,K2_dual_teacher_KD_seed42,ANFC_000637.png,8_58646,-0.01651156638809903,-0.021091019566798597,-0.0002026137169280906,-0.03661476465476543,-0.0073654899845977395,-0.006286621093654077,7.962980480170973,-0.03898593706294973,-0.017160793617378656
K2_vs_pretrained_F0,F0_pretrained_seed42,K2_dual_teacher_KD_seed42,ANFC_000638.png,8_58646,0.035423481098929455,0.04974615190367171,0.06402151983429583,-1.7742759390704244e-05,-0.0032960960011980678,0.011978149413879646,-16.708425592031755,0.028747007505648292,0.01999757481979947
K2_vs_pretrained_F0,F0_pretrained_seed42,K2_dual_teacher_KD_seed42,ANFC_000639.png,8_58646,-0.015346405456631018,-0.021811562624099334,-0.04886054000192841,0.022032161288986996,0.011278043249143943,-0.003540039062445932,2.0,-0.023297224678498485,-0.007350960635646442
K2_vs_pretrained_F0,F0_pretrained_seed42,K2_dual_teacher_KD_seed42,ANFC_000640.png,8_58646,0.009725790085462371,0.014170272769556624,0.0013500245457350735,0.015868455045127572,0.003328221927871189,0.0030822753905780376,0.0,0.0021368311403856532,0.040614652134350115
K2_vs_pretrained_F0,F0_pretrained_seed42,K2_dual_teacher_KD_seed42,ANFC_000641.png,8_58646,0.00632050685261909,0.008737937692396058,-0.02176451852407224,0.02280199924756443,0.008571377657241697,0.004211425781185718,4.2835268723168,-0.01149574810890075,0.03132206628969936
K2_vs_pretrained_F0,F0_pretrained_seed42,K2_dual_teacher_KD_seed42,ANFC_000997.png,8_62573,-0.004617160060957914,-0.006912269876904187,-0.005255613950010507,-0.004107264575073377,-0.0003259983700028002,-0.00064086914061523,-0.6957895529546478,-0.002787420708234234,-0.018761031958114183
K2_vs_pretrained_F0,F0_pretrained_seed42,K2_dual_teacher_KD_seed42,ANFC_000998.png,8_62573,-0.004979768507018756,-0.0074516530410757564,-0.009401286489509886,-0.0019472831345401787,-1.626174911351086e-05,-0.0005950927734283962,0.0,0.003185412246946129,-0.007651048277482531
K2_vs_pretrained_F0,F0_pretrained_seed42,K2_dual_teacher_KD_seed42,ANFC_000999.png,8_62573,-0.0029752489838922314,-0.004494372641816624,-0.02053460789156758,0.010799462250417502,0.001920283199994599,-1.5258789062277955e-05,-0.3671539550431149,0.00826431181846099,-0.03270824588705523
K2_vs_pretrained_F0,F0_pretrained_seed42,K2_dual_teacher_KD_seed42,ANFC_001003.png,8_62573,0.060232311476762224,0.0723464077153837,0.06761810271940638,0.03223109558984594,0.003986039326302371,0.016708374023182593,-26.78315458435357,0.061715425629733645,-0.04003822673399415
K2_vs_pretrained_F0,F0_pretrained_seed42,K2_dual_teacher_KD_seed42,ANFC_001005.png,8_62573,0.0108453874401363,0.015211229155698835,-0.019431403231686017,0.032779890968193115,0.007689914978784684,0.004516601562431055,1.819660112501051,-0.0335517127010484,0.021056255920355316
K2_vs_pretrained_F0,F0_pretrained_seed42,K2_dual_teacher_KD_seed42,ANFC_001006.png,8_62573,0.0029459167265041275,0.00466735863039347,0.022095509620269516,-0.015749554001957433,-0.004455737221894629,9.155273437366773e-05,0.0,0.010441985375890916,0.006357079554022538
K2_vs_pretrained_F0,F0_pretrained_seed42,K2_dual_teacher_KD_seed42,ANFC_001007.png,8_62573,0.0011858616852128412,0.0018733728947527561,0.014467473833935207,-0.010414496446873533,-0.002760351317390941,-0.0001983642578095024,0.2572322222297805,0.005310923993639194,0.004889653276789918
K2_vs_pretrained_F0,F0_pretrained_seed42,K2_dual_teacher_KD_seed42,ANFC_001008.png,8_62573,0.038963415085334185,0.05932297946120901,0.08634965696030683,-0.007577963113126085,-0.005808343581386599,0.012023925781066591,-9.214296010480137,0.026246375625257445,0.05440920878645272
K2_vs_pretrained_F0,F0_pretrained_seed42,K2_dual_teacher_KD_seed42,ANFC_001009.png,8_62573,0.0023169217156928656,0.003424817849555506,-0.014686468646056827,0.017357631879037494,0.010030407973434685,0.0031738281249515943,-2.0,0.02164856326844522,-0.021511403072659196
K2_vs_pretrained_F0,F0_pretrained_seed42,K2_dual_teacher_KD_seed42,ANFC_001010.png,8_62573,0.004043630025344913,0.006264860642251069,-0.035760023639468064,0.04476386750087091,0.010327706057410402,0.0031890869140138722,-0.5968757625671515,-0.003525056745340982,0.018547551833596798
K2_vs_pretrained_F0,F0_pretrained_seed42,K2_dual_teacher_KD_seed42,ANFC_001011.png,8_62573,-0.014806648178355086,-0.018272896841676545,-0.021804966684215055,-0.008795710701055115,-0.0006110228522440142,-0.00328063964838754,-6.024109297624037,-0.010384441105001363,-0.05840651898132121
K2_vs_pretrained_F0,F0_pretrained_seed42,K2_dual_teacher_KD_seed42,ANFC_001012.png,8_62573,-0.0028372210840199585,-0.004358599284943643,0.0037610952303654965,-0.008425939018679385,-0.0013415069027943316,-0.0008239746093623435,0.0,0.008698342432501782,-0.011999250795243777
K2_vs_pretrained_F0,F0_pretrained_seed42,K2_dual_teacher_KD_seed42,ANFC_001013.png,8_62573,0.0038421823914421838,0.005053058666075305,0.001904761904560348,0.005265530489767745,0.001301572584935573,0.0013885498046662947,-1.3222153777621086,0.02124650520443816,-0.02864418756454956
K2_vs_pretrained_F0,F0_pretrained_seed42,K2_dual_teacher_KD_seed42,ANFC_001014.png,8_62573,0.0028265057372250935,0.004100801331972104,0.026501476860313233,-0.01712082848580876,-0.006973082402208619,-0.0007476806640510647,-0.28614529354171925,0.0027288079617475702,-0.0012527959815035183
K2_vs_pretrained_F0,F0_pretrained_seed42,K2_dual_teacher_KD_seed42,ANFC_001015.png,8_62573,-0.0003398922013716499,-0.0004945625264511921,-0.002437241042941185,0.001469912870325052,0.0006011986397768121,3.051757812455591e-05,-0.32455532033675905,0.004253636313292675,-0.01989975453970927
K2_vs_pretrained_F0,F0_pretrained_seed42,K2_dual_teacher_KD_seed42,ANFC_001016.png,8_62573,-0.0016427901749014318,-0.002376008811818653,-0.009810509338823992,0.003208858854555352,0.0012049229709750753,-4.5776367186833866e-05,0.6304381453714125,0.005159083189971603,0.005400583976709616
K2_vs_pretrained_F0,F0_pretrained_seed42,K2_dual_teacher_KD_seed42,ANFC_001017.png,8_62573,-0.006692698823805854,-0.007797669553548658,0.01982182627841622,-0.020485080697997482,-0.009636466510898334,-0.005599975585852013,-4.561044974905911,-0.0046506372275579855,-0.0012831848842201898
K2_vs_pretrained_F0,F0_pretrained_seed42,K2_dual_teacher_KD_seed42,ANFC_001018.png,8_62573,0.007975131612103614,0.010640653902308395,0.005089058523674916,0.009830367355888492,0.002711594779227111,0.0030822753905779265,-30.93422026481161,-0.00564312485317664,0.006032764332460805
K2_vs_pretrained_F0,F0_pretrained_seed42,K2_dual_teacher_KD_seed42,ANFC_001019.png,8_62573,0.001389969956673287,0.0018100885944819511,-0.07280890102744397,0.04680814775443687,0.022752758183708588,0.007812499999880873,-31.165750706693146,0.047372973088409376,0.0018672156729845346
K2_vs_pretrained_F0,F0_pretrained_seed42,K2_dual_teacher_KD_seed42,ANFC_001020.png,8_62573,-0.0054363159828976215,-0.005629969207104735,0.01859285864808935,-0.012861254886530227,-0.005197111984520553,-0.0034790039061969313,-0.5845559875848707,0.006961226451126956,-0.04299546477923116
K2_vs_pretrained_F0,F0_pretrained_seed42,K2_dual_teacher_KD_seed42,ANFC_001021.png,8_62573,0.002893173445396302,0.0038115861173534382,-0.029287919899944947,0.02415212456950433,0.010793268792306243,0.004257202148372552,-0.41640786499873883,0.01763858919266581,0.012297325198567854
K2_vs_pretrained_F0,F0_pretrained_seed42,K2_dual_teacher_KD_seed42,ANFC_001022.png,8_62573,0.0020144256810680217,0.003018934792610506,0.025128989105185462,-0.018213563825341006,-0.0055928817867152425,-0.0006866455078019529,0.0,0.003752489520922775,-0.013504489249797746
K2_vs_pretrained_F0,F0_pretrained_seed42,K2_dual_teacher_KD_seed42,ANFC_001023.png,8_62573,-0.008315632759320013,-0.011452475451158683,0.017917393831539563,-0.037267811347467705,-0.00718287350051483,-0.003890991210878103,-2.279150402275448,0.00905619091098242,0.0040920289398006515
K2_vs_pretrained_F0,F0_pretrained_seed42,K2_dual_teacher_KD_seed42,ANFC_001024.png,8_62573,0.005719453324070756,0.008264142346274705,0.0003947887879465206,0.009446340067513659,0.00191587413911809,0.0017395019530984657,-0.551315561749691,0.024282885025571854,-0.0014483037260628606
K2_vs_pretrained_F0,F0_pretrained_seed42,K2_dual_teacher_KD_seed42,ANFC_001026.png,8_62573,0.0005078545359917808,0.0007266438553633625,0.013533392172178083,-0.009589914588087556,-0.002111069495009832,-0.0004882812499925615,0.0,0.009324674433101032,-0.0008873253629635425
K2_vs_pretrained_F0,F0_pretrained_seed42,K2_dual_teacher_KD_seed42,ANFC_001027.png,8_62573,-0.0010178150321389356,-0.0014829566301483021,0.004269449714964901,-0.004741742068151256,-0.001672848934437532,-0.0007171630859265088,-0.09901951359278449,0.0012314770498855765,0.02416741580706605
K2_vs_pretrained_F0,F0_pretrained_seed42,K2_dual_teacher_KD_seed42,ANFC_001028.png,8_62573,0.010783208208144157,0.013038922467323744,-0.01414820827854013,0.019817104218610826,0.00980443835310374,0.006652832031148415,-0.5986923802745103,0.02897873076823887,0.039989197326238235
K2_vs_pretrained_F0,F0_pretrained_seed42,K2_dual_teacher_KD_seed42,ANFC_001029.png,8_62573,0.05192226713847381,0.06238748599918087,-0.04017909743841419,0.09432712950536914,0.03747655524132809,0.027420043944894057,-17.48432854009115,0.061045109190477675,0.07158339867884772
K2_vs_pretrained_F0,F0_pretrained_seed42,K2_dual_teacher_KD_seed42,ANFC_001030.png,8_62573,0.007323959667054791,0.010625952152722218,0.009614587649431017,0.005030109438902919,0.0009163845822798278,0.0025177001952740863,0.0,0.019232754875890268,0.012045096388790144
K2_vs_pretrained_F0,F0_pretrained_seed42,K2_dual_teacher_KD_seed42,ANFC_001032.png,8_62573,-0.06287460274774281,-0.052340533027853076,-0.08447488580617579,-0.04993352509185589,-0.002273229564577539,-0.005020141601485895,20.629657705192557,-0.10142911321024112,-0.05551403314096409
K2_vs_pretrained_F0,F0_pretrained_seed42,K2_dual_teacher_KD_seed42,ANFC_001033.png,8_62573,-0.052643385778337604,-0.0703069610890994,-0.11992355469661387,0.0433803731682364,0.015176110838174828,-0.010711669921711575,3.4097462299314287,-0.03741429605049107,-0.13367207652056784
K2_vs_pretrained_F0,F0_pretrained_seed42,K2_dual_teacher_KD_seed42,ANFC_001034.png,8_62573,0.054496812499221,0.06774478635668257,0.06532745385181649,0.04582383805974122,0.004813761297951413,0.01046752929671535,-11.528700524635845,0.08229584398656742,0.01889715052577423
K2_vs_pretrained_F0,F0_pretrained_seed42,K2_dual_teacher_KD_seed42,ANFC_001035.png,8_62573,-0.053782571214458175,-0.06015515819782857,-0.08207792205660314,-0.021778240112415026,0.0005025451479994114,-0.00434875488274622,7.821655193612109,-0.065452146063109,-0.011025716366013238
K2_vs_pretrained_F0,F0_pretrained_seed42,K2_dual_teacher_KD_seed42,ANFC_001036.png,8_62573,-0.043633868161664036,-0.058989895929461245,0.013303769398052778,-0.07224468593721434,-0.010101338711874353,-0.008651733398305494,31.336499656917944,-0.05048339404449331,-0.05887949519066793
K2_vs_pretrained_F0,F0_pretrained_seed42,K2_dual_teacher_KD_seed42,ANFC_001037.png,8_62573,0.00578097985762871,0.008049727819848584,-0.004762432162502717,0.016840829066150698,0.003415506043438543,0.002288818359340139,0.0,0.005049377821468304,0.01707109837480203
K2_vs_pretrained_F0,F0_pretrained_seed42,K2_dual_teacher_KD_seed42,ANFC_001038.png,8_62573,0.060900746758833724,0.06773392378009352,-0.0019222554459799035,0.07094639003886916,0.021132546750893377,0.01948547363251507,-9.330668633497996,0.04355880902383458,0.05931953364448922
K2_vs_pretrained_F0,F0_pretrained_seed42,K2_dual_teacher_KD_seed42,ANFC_001039.png,8_62573,-0.03467349064867342,-0.04497626324078374,0.00282087446975976,-0.07420260130172462,-0.003185667649652446,-0.00299072265620437,-0.8897018362861289,-0.0142468244042957,-0.022201776487404068
K2_vs_pretrained_F0,F0_pretrained_seed42,K2_dual_teacher_KD_seed42,ANFC_001135.png,8_84237,-0.03209893460780666,-0.03622521657206634,-0.011740534190859853,-0.03531778714075451,-0.006068019765229304,-0.0063629150389653555,3.579479815260994,-0.0541421736608062,-0.03223048824344793
K2_vs_pretrained_F0,F0_pretrained_seed42,K2_dual_teacher_KD_seed42,ANFC_001137.png,8_84237,0.029377175547456447,0.03397772415530864,0.03773584904388949,0.023533482223483282,0.0011827132080107772,0.0028381347655817013,-0.3029456597282465,0.04954850083855622,0.033653564787934465
K2_vs_pretrained_F0,F0_pretrained_seed42,K2_dual_teacher_KD_seed42,ANFC_001138.png,8_84237,-0.06767474388080641,-0.06046242585361433,0.050701674954571785,-0.17938015163237553,-0.030956510356507705,-0.025451660155861644,38.153529896889005,-0.10271432842944955,-0.09532806258354165
K2_vs_pretrained_F0,F0_pretrained_seed42,K2_dual_teacher_KD_seed42,ANFC_001139.png,8_84237,-0.01372532549432981,-0.01693615257401848,0.04775160598549222,-0.06252427651056947,-0.009496270495687242,-0.005416870117104788,-2.754813497299267,-0.010421016615237644,-0.028921063193332874
K2_vs_pretrained_F0,F0_pretrained_seed42,K2_dual_teacher_KD_seed42,ANFC_001140.png,8_84237,-0.02816441101011402,-0.0406598139287192,0.011125827811622302,-0.05207284409297941,-0.005715581030007355,-0.0047454833983650024,0.9608279654492811,-0.022800210208061777,-0.052362342504502224
K2_vs_pretrained_F0,F0_pretrained_seed42,K2_dual_teacher_KD_seed42,ANFC_001143.png,8_84237,0.031273530701008245,0.031478091323471624,0.0718879191382894,-0.04161058771374582,-0.0055898793761958165,-0.00044250488280583866,-33.56579257498575,0.0467918303108209,0.10105733575390402
K2_vs_pretrained_F0,F0_pretrained_seed42,K2_dual_teacher_KD_seed42,ANFC_001144.png,8_84237,-0.016043363511952236,-0.014785897948869253,-0.03562152132919827,0.003649517967014515,0.003474877797302045,0.0002593994140586142,12.163634382262849,-0.021839488471875,-0.014814495114719328
K2_vs_pretrained_F0,F0_pretrained_seed42,K2_dual_teacher_KD_seed42,ANFC_001145.png,8_84237,-0.0360831215026558,-0.03957877769375018,-0.0999167360324903,0.03165994340589773,0.007755384311273206,-0.0001373291015605016,34.59906277825775,-0.020241640249443527,-0.041296434029508555
K2_vs_pretrained_F0,F0_pretrained_seed42,K2_dual_teacher_KD_seed42,ANFC_001146.png,8_84237,-0.005266629540977008,-0.005522998201660467,0.028444772800722218,-0.02129449529099592,-0.0036288974835883003,-0.002304077148402306,-1.312188072218241,0.01532627709004375,-0.037559385613630036
K2_vs_pretrained_F0,F0_pretrained_seed42,K2_dual_teacher_KD_seed42,ANFC_001147.png,8_84237,-0.01775144733598233,-0.020929939030810307,0.012827510913529627,-0.03335299361774691,-0.004994181535993847,-0.003997802734314049,-3.2253683749578563,-0.01469151199930685,-0.021210982905014997
K2_vs_pretrained_F0,F0_pretrained_seed42,K2_dual_teacher_KD_seed42,ANFC_001148.png,8_84237,0.07508984056462942,0.06652694049747326,0.08195970692217958,0.06894531981874791,0.003535799974688447,0.006149291992093686,-63.002802385525044,0.12405734204597968,0.10949710776835142
K2_vs_pretrained_F0,F0_pretrained_seed42,K2_dual_teacher_KD_seed42,ANFC_001149.png,8_84237,0.016130396388133295,0.014163984099029803,-0.1900972588946973,0.08769991945789773,0.01184690629591112,0.008361816406122435,-37.193183496719115,0.0978761777378444,0.1618762070380531
K2_vs_pretrained_F0,F0_pretrained_seed42,K2_dual_teacher_KD_seed42,ANFC_001150.png,8_84237,0.002035306627562239,0.00289156732395468,0.022377335244841423,-0.011817497907108732,-0.002175883952819979,-0.00035095214843217093,0.5278640450004204,-0.005034638289940885,-0.01135195302360148
K2_vs_pretrained_F0,F0_pretrained_seed42,K2_dual_teacher_KD_seed42,ANFC_001151.png,8_84237,0.006694459701503286,0.009597747080445251,0.027609590696583974,-0.010141402691535073,-0.003247320087935157,0.00064086914061523,0.3378866579026045,0.015354227068087645,-0.018017163003673953
K2_vs_pretrained_F0,F0_pretrained_seed42,K2_dual_teacher_KD_seed42,ANFC_001152.png,8_84237,-0.003342524549949988,-0.00396619695345346,0.016197183087185096,-0.01272786420688743,-0.0009202071245723031,-0.0005493164062415623,4.608844467835766,0.017736029782556506,0.008549016769104023
K2_vs_pretrained_F0,F0_pretrained_seed42,K2_dual_teacher_KD_seed42,ANFC_001155.png,8_84237,-0.06587687012540422,-0.0659402361628757,0.03285827393790253,-0.12486631016374022,-0.013521663227844427,-0.011734008788883421,12.905491789493077,-0.0006233744413897124,-0.02444087656327093
K2_vs_pretrained_F0,F0_pretrained_seed42,K2_dual_teacher_KD_seed42,ANFC_001156.png,8_84237,0.02084438570985736,0.023287018165488338,0.03874049176742611,-0.006017241393311834,-0.0019705091594949264,0.0015411376952889633,-36.6967841440015,0.04146438268677133,0.020108141401282698
K2_vs_pretrained_F0,F0_pretrained_seed42,K2_dual_teacher_KD_seed42,ANFC_001157.png,8_84237,0.02017402455878825,0.021137155159921817,0.10932297444247419,-0.0672733548568748,-0.01038235484062544,-0.0037994384765045464,-10.30856462512476,0.04245413269783049,0.014928191901283583
K2_vs_pretrained_F0,F0_pretrained_seed42,K2_dual_teacher_KD_seed42,ANFC_001158.png,8_84237,0.017498586541943473,0.01798785656744717,0.02517428349628692,0.004145803459285169,-0.0005631749817703868,0.0014648437499776845,-1.0940858069415071,-0.003680023991627812,0.044262559405337965
K2_vs_pretrained_F0,F0_pretrained_seed42,K2_dual_teacher_KD_seed42,ANFC_001159.png,8_84237,0.03263899172703533,0.04361397511917797,0.05485651213522558,0.0077554312027958705,-0.000743678730775188,0.006942749023331585,-12.529308409853021,0.044164251337776794,0.04976841291483114
K2_vs_pretrained_F0,F0_pretrained_seed42,K2_dual_teacher_KD_seed42,ANFC_001160.png,8_84237,-0.008567854944519726,-0.010022663621356731,-0.011894075401280513,-0.0023971144802515942,4.9115913555164425e-05,-0.0007629394531133427,0.8914191988504534,-0.0014249090898686978,-0.020762802137779257
K2_vs_pretrained_F0,F0_pretrained_seed42,K2_dual_teacher_KD_seed42,ANFC_001161.png,8_84237,0.01814358974743069,0.013597738181099106,0.011894273125133414,0.037009031097840706,0.001180405272457552,0.0019226074218456901,1.7838679863308897,-0.007836122190900463,0.07007333663044882
K2_vs_pretrained_F0,F0_pretrained_seed42,K2_dual_teacher_KD_seed42,ANFC_001162.png,8_84237,-0.01917845290763187,-0.026684040548406895,-0.0065168539311197815,-0.033553861969807586,-0.0026683691843847335,-0.002929687499955258,3.6573067792283944,-0.03562571925252023,-0.03412487780886719
K2_vs_pretrained_F0,F0_pretrained_seed42,K2_dual_teacher_KD_seed42,ANFC_001163.png,8_84237,0.038942178198956845,0.05129957742550495,0.0744466800655037,-0.03429199546831696,-0.0026747680216181458,0.0031738281249515943,-1.209413971266498,0.03089433166864075,0.07779756111715103
K2_vs_pretrained_F0,F0_pretrained_seed42,K2_dual_teacher_KD_seed42,ANFC_001164.png,8_84237,-0.0203833585768759,-0.029093422194818253,-0.03675511090979666,-0.0029379607073485303,0.00031179231349387493,-0.002288818359340028,6.418493479063304,-0.05376027803218064,0.027839954536235556
K2_vs_pretrained_F0,F0_pretrained_seed42,K2_dual_teacher_KD_seed42,ANFC_001165.png,8_84237,0.0207960645215981,0.026498740822376576,0.05244079264078283,-0.009540014895701554,-0.0021336199875869877,0.001312255859354905,-3.5935770387838577,0.03025724980289779,0.025380764941230538
K2_vs_pretrained_F0,F0_pretrained_seed42,K2_dual_teacher_KD_seed42,ANFC_001166.png,8_84237,0.03907911018754939,0.041150071101063335,-0.03122648606801115,0.1081641661975653,0.008285886955560207,0.0066833496092729705,17.41708479764978,0.032490308140317614,0.006464555145302864
K2_vs_pretrained_F0,F0_pretrained_seed42,K2_dual_teacher_KD_seed42,ANFC_001167.png,8_84237,0.10022070767318825,0.11631157954960059,0.18952981090898446,0.0026462085386955714,-0.005129457742955035,0.007125854492078698,-41.434862335991944,0.122361183453078,0.10839666083536381
K2_vs_pretrained_F0,F0_pretrained_seed42,K2_dual_teacher_KD_seed42,ANFC_001169.png,8_84237,0.01936798241181026,0.025928844301408738,0.029208924943365355,0.007346729041910693,0.00013200013199787808,0.002319335937464695,-1.9216559308985621,0.015149254051440075,0.05788242839203017
K2_vs_pretrained_F0,F0_pretrained_seed42,K2_dual_teacher_KD_seed42,ANFC_001170.png,8_84237,0.01116806443811802,0.012172493990119548,0.05953827458098904,-0.018560736053448768,-0.0033456482787616038,-0.000976562499985123,-6.1718182005819315,0.04213509315283803,0.036361424851886315
K2_vs_pretrained_F0,F0_pretrained_seed42,K2_dual_teacher_KD_seed42,ANFC_001171.png,8_84237,-0.03267326867159148,-0.027487181319547693,-0.08286604356207727,-0.015254555360929511,0.0017831724828052398,-0.0002899169921830591,1.0652370244966747,-0.024623392681311418,-0.03332030248867163
K2_vs_pretrained_F0,F0_pretrained_seed42,K2_dual_teacher_KD_seed42,ANFC_001172.png,8_84237,-0.0011603828439572528,-0.0014896786547159424,-0.0020034344584992647,-0.0005179534260588703,0.0,-0.00010681152343583467,1.6458427692523259,0.006254794561323163,-0.0010073087004093262
K2_vs_pretrained_F0,F0_pretrained_seed42,K2_dual_teacher_KD_seed42,ANFC_001178.png,8_84237,0.02306628343684225,0.02366707208553054,-0.01557935734645266,0.05092597270059407,0.005876230886143974,0.004867553710863226,4.696809661477701,0.035805710042639216,0.03747498484187384
K2_vs_pretrained_F0,F0_pretrained_seed42,K2_dual_teacher_KD_seed42,ANFC_001179.png,8_84237,0.04811155135125711,0.05356784699169315,0.06419400852867618,0.03788599295118045,0.001450349187308686,0.0034637451171346534,-27.738539679878492,0.03866211445251444,0.07995789733603686
K2_vs_pretrained_F0,F0_pretrained_seed42,K2_dual_teacher_KD_seed42,ANFC_001298.png,8_92229,-0.024809369543743465,-0.04087465800197654,-0.08328411103933231,0.03834634213987065,0.012482689644320644,-0.007308959960826034,0.8655420197318309,-0.01032825918688296,-0.11922565241691957
K2_vs_pretrained_F0,F0_pretrained_seed42,K2_dual_teacher_KD_seed42,ANFC_001299.png,8_92229,0.01864859506844252,0.0263181790734478,-0.022190169752336564,0.04411422532867271,0.013498929639023105,0.008590698242056494,-20.88980840777714,0.04246279344345705,0.044199726063504086
K2_vs_pretrained_F0,F0_pretrained_seed42,K2_dual_teacher_KD_seed42,ANFC_001300.png,8_92229,0.008458250971739911,0.011277773501575217,-0.009200283084005556,0.024760767335546885,0.0034733818715604325,0.0023803710937136957,-2.6792101432716624,0.00045462081312808156,-0.0036850189552694035
K2_vs_pretrained_F0,F0_pretrained_seed42,K2_dual_teacher_KD_seed42,ANFC_001301.png,8_92229,-0.1717010458649742,-0.16174020933958483,-0.014994232985390932,-0.42709601891493015,-0.07333760587405236,-0.06639099120992442,19.334825802339694,-0.12054908807662029,-0.10803063619412845
K2_vs_pretrained_F0,F0_pretrained_seed42,K2_dual_teacher_KD_seed42,ANFC_001302.png,8_92229,0.013511934656622038,0.011741205856538317,0.009812167086271195,0.02167163701925745,0.0020060180541259243,0.003280639648387429,0.8009217680479495,-0.01712147096425609,0.0665542918354681
K2_vs_pretrained_F0,F0_pretrained_seed42,K2_dual_teacher_KD_seed42,ANFC_001303.png,8_92229,0.024441517490064846,0.02212441216560851,0.0241463066117808,0.0229092720675389,0.0013495737738293823,0.0037841796874422684,-11.87182344625819,-0.02699581476186247,-0.04643872642338853
K2_vs_pretrained_F0,F0_pretrained_seed42,K2_dual_teacher_KD_seed42,ANFC_001304.png,8_92229,0.07006237650535846,0.05110245011284739,0.0012307692300118633,0.06297396550511439,0.020419020199646032,0.019943237304383188,-31.966944327448488,0.10349377915652874,0.04983493057318797
K2_vs_pretrained_F0,F0_pretrained_seed42,K2_dual_teacher_KD_seed42,ANFC_001305.png,8_92229,-0.035501326460994576,-0.057712673656938995,-0.05419791917391781,-0.012529447233416757,-0.0005700047228870408,-0.003952026367127215,0.4936034254914583,0.0,-0.19601147069457198
K2_vs_pretrained_F0,F0_pretrained_seed42,K2_dual_teacher_KD_seed42,ANFC_001306.png,8_92229,0.026566967131990138,0.03661570036030759,-0.060195635805079806,0.10268960787075243,0.014164729325570224,0.008132934570188377,30.184480015128933,0.05973908628122748,0.019436140573934613
K2_vs_pretrained_F0,F0_pretrained_seed42,K2_dual_teacher_KD_seed42,ANFC_001307.png,8_92229,0.001454456747070787,0.0019850301329387143,-0.011983681793474754,0.017065057245652437,0.0029813492338108816,0.0011901855468567923,-2.641067240687576,0.023410319425877013,0.044896898633937865
K2_vs_pretrained_F0,F0_pretrained_seed42,K2_dual_teacher_KD_seed42,ANFC_001308.png,8_92229,0.00988928682110668,0.014312046470315809,0.030134247353594046,-0.01142691853874811,-0.0023063518638345437,0.0011596679687323475,2.1604835503135638,-0.011423756418846853,-0.002949050302744727
K2_vs_pretrained_F0,F0_pretrained_seed42,K2_dual_teacher_KD_seed42,ANFC_001309.png,8_92229,0.0004771715181880465,0.000657506306069866,-0.03080625751364474,0.029518614159173118,0.0032420455840855844,0.0010833740234209577,-0.8309518948453007,0.04042033432103331,0.023664629587417108
K2_vs_pretrained_F0,F0_pretrained_seed42,K2_dual_teacher_KD_seed42,ANFC_001310.png,8_92229,0.0006486681696412644,0.0006769926667755111,-0.027783329996445394,0.00992762199884012,0.005402012125528155,0.002868652343706257,-10.88006816091016,0.02383103889793803,0.02165883695889792
K2_vs_pretrained_F0,F0_pretrained_seed42,K2_dual_teacher_KD_seed42,ANFC_001311.png,8_92229,0.01264958562225904,0.013838600262113865,0.0436276193597982,-0.0007630641349709588,-0.0019001996007680377,0.00012207031249811262,-4.063495236665975,0.07326103825798014,0.004046005861336188
K2_vs_pretrained_F0,F0_pretrained_seed42,K2_dual_teacher_KD_seed42,ANFC_001312.png,8_92229,0.026213298780820238,0.031468541131427163,0.08133865246424221,-0.045255012190675514,-0.005800996329218044,0.0001983642578095024,-5.5641158597563205,0.0286875240925778,0.029404868380946247
K2_vs_pretrained_F0,F0_pretrained_seed42,K2_dual_teacher_KD_seed42,ANFC_001313.png,8_92229,0.003953491857417335,0.004905709152048465,0.010855949893349481,-0.002207998702073888,-0.0006090936028609883,0.0002288818359340583,0.16904810515469926,0.022292077969426005,-0.005896513029297834
K2_vs_pretrained_F0,F0_pretrained_seed42,K2_dual_teacher_KD_seed42,ANFC_001314.png,8_92229,-0.0350920171589868,-0.04059204831951024,-0.053746769998063715,-0.00957829354310935,0.00023584534833986925,-0.0013580322265417388,3.056768172362288,-0.038737309482401616,-0.03796228883038377
K2_vs_pretrained_F0,F0_pretrained_seed42,K2_dual_teacher_KD_seed42,ANFC_001315.png,8_92229,0.0026445211350533127,0.004179505189990551,-0.007233273055123557,0.012343633907708207,0.0020590372702692372,0.0009613037109228451,-1.5278640450004204,0.006610417767199728,0.008272684875608727
K2_vs_pretrained_F0,F0_pretrained_seed42,K2_dual_teacher_KD_seed42,ANFC_001316.png,8_92229,0.018778556886658082,0.02413979165240554,0.0018275271271470661,0.03238159340017277,0.007661013367012526,0.006881713867082473,-0.8768943743823394,-0.0019443579141280587,0.04365279492880003
K2_vs_pretrained_F0,F0_pretrained_seed42,K2_dual_teacher_KD_seed42,ANFC_001317.png,8_92229,0.044683714911738726,0.05459086867408047,0.10255319144572206,0.006000728366360564,-0.0016142816446426123,0.0021209716796551925,-1.8309518948453007,0.01985998530145683,0.023670236554318325
K2_vs_pretrained_F0,F0_pretrained_seed42,K2_dual_teacher_KD_seed42,ANFC_001318.png,8_92229,0.0031406588266884583,0.0037251552476610383,-0.014795052144701004,0.016191696135396838,0.005341246290707979,0.0028076171874571454,0.8423598775399537,-0.023239712738849616,0.01685941169168903
K2_vs_pretrained_F0,F0_pretrained_seed42,K2_dual_teacher_KD_seed42,ANFC_001319.png,8_92229,-0.018655178177968024,-0.022308318224385948,-0.02837091234457656,-0.008614136674781725,-5.098659052582555e-05,-0.002944946289017536,-2.9084030259335627,-0.03727250847177066,-0.004945629865546031
K2_vs_pretrained_F0,F0_pretrained_seed42,K2_dual_teacher_KD_seed42,ANFC_001321.png,8_92229,0.009606677704896427,0.0137210194842875,0.011696557868809632,0.007891046308748706,0.001273006948473765,0.0027008056640213107,-2.408501541709704,0.008538878813362238,0.025048355400713374
K2_vs_pretrained_F0,F0_pretrained_seed42,K2_dual_teacher_KD_seed42,ANFC_001322.png,8_92229,0.01440495009705256,0.019916667146575362,0.030385664193536166,0.004136788442253958,-0.0004138935796759169,0.001998901367156969,-0.042921794031284044,-0.005367942350871124,0.032384895375657474
K2_vs_pretrained_F0,F0_pretrained_seed42,K2_dual_teacher_KD_seed42,ANFC_001324.png,8_92229,-0.01812289159041469,-0.02054357089870723,-0.05307025003349708,0.05914157898448502,0.0058668722864732015,0.0005798339843661182,5.825271463653948,0.06378725301026245,-0.05242653614167886
K2_vs_pretrained_F0,F0_pretrained_seed42,K2_dual_teacher_KD_seed42,ANFC_001325.png,8_92229,-0.00037592291326038474,-0.0005372816134809888,-0.007178566849483592,0.006827948314334198,0.0012817181951799705,0.00027465820312078115,-0.3508893593264819,-0.005308765486427891,6.534847103967234e-05
K2_vs_pretrained_F0,F0_pretrained_seed42,K2_dual_teacher_KD_seed42,ANFC_001326.png,8_92229,-0.016956175441385946,-0.023685484446230975,-0.04362459546360853,0.0023068176366086712,0.0025254709310938983,-0.002914428710893091,2.0909654924675714,-0.03884308897987021,0.0005979725865458141
K2_vs_pretrained_F0,F0_pretrained_seed42,K2_dual_teacher_KD_seed42,ANFC_001327.png,8_92229,0.005395297590646053,0.007976685387396931,0.0031572904702702465,0.00737508561209288,0.001058598552092338,0.001281738281230349,-1.0,0.009233901040098802,0.03830183734646153
K2_vs_pretrained_F0,F0_pretrained_seed42,K2_dual_teacher_KD_seed42,ANFC_001328.png,8_92229,-0.008941427071039398,-0.012130027904255547,0.002624343913693594,-0.021184559131942948,-0.0036847776966022483,-0.00291442871089298,18.312506096564825,-0.005934512311932316,-0.007776411929315108
K2_vs_pretrained_F0,F0_pretrained_seed42,K2_dual_teacher_KD_seed42,ANFC_001329.png,8_92229,-0.002338347889182857,-0.002957564402894297,-0.05630717690293685,0.030026147806837655,0.01183903072242598,0.0037689208983799904,-0.07060339595439835,-0.015543087939525746,0.027410652105088196
K2_vs_pretrained_F0,F0_pretrained_seed42,K2_dual_teacher_KD_seed42,ANFC_001330.png,8_92229,0.024443247667896406,0.02370017832921939,-0.08771220694048609,0.05765532004824542,0.043999724678321916,0.029083251952681133,-0.9752786389811234,0.007618624511168237,0.0006881734165153919
K2_vs_pretrained_F0,F0_pretrained_seed42,K2_dual_teacher_KD_seed42,ANFC_001333.png,8_92229,0.027310079506799534,0.03306039208778999,-0.04644412189896796,0.08824130825032661,0.007199745141650227,0.004943847656174616,-27.877163436576293,0.046780523922582584,-0.028467973024481008
K2_vs_pretrained_F0,F0_pretrained_seed42,K2_dual_teacher_KD_seed42,ANFC_001334.png,8_92229,-0.08598963516097813,-0.10388140074863284,-0.16459666288237407,0.024954830449370524,0.010231911751754752,-0.01103210449201919,53.52793950963725,-0.08907539121784036,-0.08231425128915926
K2_vs_pretrained_F0,F0_pretrained_seed42,K2_dual_teacher_KD_seed42,ANFC_001335.png,8_92229,0.002925638352633486,0.0036413760710454213,-0.013843111401045216,0.014579307602326508,0.0024432237435034754,0.001312255859355016,1.0,0.02060036907380658,0.013784019785678114
K2_vs_pretrained_F0,F0_pretrained_seed42,K2_dual_teacher_KD_seed42,ANFC_001336.png,8_92229,0.0091678466093853,0.012867036169741497,0.0031178549151698043,0.0129769315311975,0.0016467682173463283,0.0017547607421607436,0.0,0.010761235349531773,0.019876786265319413
K2_vs_pretrained_F0,F0_pretrained_seed42,K2_dual_teacher_KD_seed42,ANFC_001337.png,8_92229,-0.013240434786933153,-0.015139326838047529,-0.014404296871483369,-0.01187125498407704,-0.0014973958333089898,-0.002304077148402417,0.039127516488491665,0.00819071380496006,-0.04212881565235038
K2_vs_pretrained_F0,F0_pretrained_seed42,K2_dual_teacher_KD_seed42,ANFC_001338.png,8_92229,0.0017218359557085172,0.0024130766875706255,-0.010882469329069555,0.010951618795823959,0.0017360537018991096,0.0007629394531133427,-0.6268835585932049,0.01489938841089844,0.008391259499960557
K2_vs_pretrained_F0,F0_pretrained_seed42,K2_dual_teacher_KD_seed42,ANFC_001339.png,8_92229,0.02287075380210324,0.028458334500741533,-0.017419628945274157,0.0533018512130623,0.011748610517114177,0.00860595703111866,0.197172823754034,0.01405578471892921,0.04322909492343907
K2_vs_pretrained_F0,F0_pretrained_seed42,K2_dual_teacher_KD_seed42,ANFC_001340.png,8_92229,0.04984588340480223,0.05850109265261261,-0.009457236840809014,0.06430448610735917,0.027111950548985075,0.023040771484023392,-2.9726504641427773,0.044817377062380315,0.06741054532014068
K2_vs_pretrained_F0,F0_pretrained_seed42,K2_dual_teacher_KD_seed42,ANFC_001341.png,8_92229,-0.03777727316531643,-0.05350133920489686,-0.08047044257498137,-0.004218399398246864,0.0020313505094960993,-0.006103515624906852,3.0,-0.04747266756433277,-0.048101105555169
K2_vs_pretrained_F0,F0_pretrained_seed42,K2_dual_teacher_KD_seed42,ANFC_001342.png,8_92229,0.008233400471620578,0.011536471834252549,-0.00811485642819676,0.018418669725436154,0.003805303747737021,0.002639770507772199,-0.3944487245360109,-0.0017491334378204604,0.017653733329072496
K2_vs_pretrained_F0,F0_pretrained_seed42,K2_dual_teacher_KD_seed42,ANFC_001343.png,8_92229,-0.09224906345702971,-0.08660784486773065,-0.17196261680234093,0.04572513195212802,0.02413296826691702,-0.0014801025390399625,49.86137173946219,-0.020908902049001754,0.003993426330992034
K2_vs_pretrained_F0,F0_pretrained_seed42,K2_dual_teacher_KD_seed42,ANFC_001347.png,8_92229,-0.011162551439976798,-0.014000532477466354,0.007816316559547953,-0.02729257708277244,-0.004646855795864102,-0.0034790039061969313,1.6987150164086913,-0.012474716696732613,0.014891515302216884
K2_vs_pretrained_F0,F0_pretrained_seed42,K2_dual_teacher_KD_seed42,ANFC_001971.png,9_60031,0.01112717182327172,0.016107837613842824,-0.05295566495941417,0.06718912933542387,0.0012978184290016737,0.0006256103515529521,-0.16227766016837952,0.005487016586621096,0.02615253922904659
K2_vs_pretrained_F0,F0_pretrained_seed42,K2_dual_teacher_KD_seed42,ANFC_001972.png,9_60031,0.004202357930178424,0.004719919530824623,0.00851851851536356,-0.004772531774775324,-0.00027054554713434875,9.155273437355671e-05,0.819660112501051,-0.01719631774703201,-0.007086874869220328
K2_vs_pretrained_F0,F0_pretrained_seed42,K2_dual_teacher_KD_seed42,ANFC_001973.png,9_60031,-0.051059984650049794,-0.06813444065534802,-0.09495896830990258,-0.002974334923479205,0.0008574558965834811,-0.002883911132768535,1.624403126845305,-0.039836859439123185,-0.06304229568058795
K2_vs_pretrained_F0,F0_pretrained_seed42,K2_dual_teacher_KD_seed42,ANFC_001976.png,9_60031,-0.014031476472070814,-0.01931502871195201,-0.027051397643349295,0.0035754653506786527,0.0002842793518386122,-0.000640869140615119,1.0,-0.017402111447832214,0.012249255160522665
K2_vs_pretrained_F0,F0_pretrained_seed42,K2_dual_teacher_KD_seed42,ANFC_001977.png,9_60031,0.01651070119899878,0.017593374391886907,0.022262607895382758,-0.012099097066499587,-0.0002999921054661625,0.0004577636718680056,-0.471613071464013,0.008491045104059958,0.0470980857601484
K2_vs_pretrained_F0,F0_pretrained_seed42,K2_dual_teacher_KD_seed42,ANFC_001980.png,9_60031,0.03974954726309632,0.0463283722540726,0.015895278159936743,0.08084704568874679,0.0023660425571814248,0.0028076171874571454,-2.775866079147505,0.0452027121734897,0.051959417748778325
K2_vs_pretrained_F0,F0_pretrained_seed42,K2_dual_teacher_KD_seed42,ANFC_001981.png,9_60031,-0.009427794703600334,-0.013310208069976182,-0.015669515662075195,-0.005097679514776243,-9.459246413212608e-05,-0.0005950927734285072,0.0344242901820655,0.00029328884989776594,-0.002202169971036505
K2_vs_pretrained_F0,F0_pretrained_seed42,K2_dual_teacher_KD_seed42,ANFC_002454.png,frame_000001,0.0001775527732479354,0.0002849700277469669,0.00432744320152767,-0.003386418963216564,-0.00046674445740180204,-6.103515624911182e-05,-0.5852378619704943,-0.0028778176332950878,0.006088595102121563
K2_vs_pretrained_F0,F0_pretrained_seed42,K2_dual_teacher_KD_seed42,ANFC_002455.png,frame_000001,0.009143626497521873,0.011814493605141974,-0.020617049273195298,0.03419781337212502,0.006899841559076303,0.004028320312438494,-0.8452666305892773,-0.010187484087384235,-0.020012698696942333
K2_vs_pretrained_F0,F0_pretrained_seed42,K2_dual_teacher_KD_seed42,ANFC_002456.png,frame_000001,-0.0019222745701863442,-0.0029392260171799967,-0.003963627884825849,0.0001409417309248262,0.00012289757364858378,-0.00041198730468128275,-0.3260808025939106,0.008691786422032166,-0.004702612745247081
K2_vs_pretrained_F0,F0_pretrained_seed42,K2_dual_teacher_KD_seed42,ANFC_002457.png,frame_000001,0.013266551676817007,0.018186498807316043,0.0034110289933585447,0.025376618962279718,0.004124002044304409,0.004028320312438605,-0.8899773867390728,0.018117708354396522,0.0354374722778269
K2_vs_pretrained_F0,F0_pretrained_seed42,K2_dual_teacher_KD_seed42,ANFC_002458.png,frame_000001,-0.009991843637636166,-0.014833144669376463,-0.018637992827087668,0.0011563511208484423,0.00022819513943983516,-0.000976562499985123,0.5278640450004204,-0.01822264028010845,0.009427018799266884
K2_vs_pretrained_F0,F0_pretrained_seed42,K2_dual_teacher_KD_seed42,ANFC_002459.png,frame_000001,0.002532052192255496,0.004063762260974824,-0.007296351823358638,0.014365880750084048,0.002647170049114078,0.0011291503906076805,-0.6055512754639891,0.004070255734561434,0.006414764486693092
K2_vs_pretrained_F0,F0_pretrained_seed42,K2_dual_teacher_KD_seed42,ANFC_002460.png,frame_000001,-0.022862198981318027,-0.033350555439056406,-0.05995349306845077,0.023422737857572873,0.005750741306393192,-0.004165649413998995,0.0,-0.01283047119546743,-0.012217867582688058
K2_vs_pretrained_F0,F0_pretrained_seed42,K2_dual_teacher_KD_seed42,ANFC_002461.png,frame_000001,-0.0051809033781936575,-0.007911894963712918,-0.01971674534303891,0.006685515031297662,0.0007911520141956618,-0.00033569335936978195,0.0,0.0030735848907258445,-0.010585203827123135
K2_vs_pretrained_F0,F0_pretrained_seed42,K2_dual_teacher_KD_seed42,ANFC_002462.png,frame_000001,0.006172672724807704,0.009610210885499404,-0.0073507350724046905,0.01972858329622662,0.002700866315564765,0.0016784667968493538,0.0,0.011882273513654895,0.015718943497217697
K2_vs_pretrained_F0,F0_pretrained_seed42,K2_dual_teacher_KD_seed42,ANFC_002463.png,frame_000001,0.001713615448860617,0.00271059883966962,0.00491729995456458,-0.0010148298712853165,-0.00025499362515502,0.00027465820312078115,0.0,0.005229502956390131,0.011955910339931153
K2_vs_pretrained_F0,F0_pretrained_seed42,K2_dual_teacher_KD_seed42,ANFC_002464.png,frame_000001,-0.018750773212313665,-0.024367771044217723,-0.0009389671358563945,-0.02716691637031543,-0.002951508637927591,-0.0028533935546439793,-2.012506836485997,0.015550468950185303,-0.0006800287045020115
K2_vs_pretrained_F0,F0_pretrained_seed42,K2_dual_teacher_KD_seed42,ANFC_002465.png,frame_000001,0.0038066875111345544,0.005847548480563902,-0.0073539243204501226,0.012847065467506913,0.002463096611907911,0.0013427734374794609,-0.3944487245360109,0.00609136651986697,0.013278246711189268
K2_vs_pretrained_F0,F0_pretrained_seed42,K2_dual_teacher_KD_seed42,ANFC_002466.png,frame_000001,-0.006327817562310933,-0.009960213268211615,0.0022784604115649865,-0.0148124252019034,-0.004037786166281032,-0.0028533935546439793,0.8768943743823394,-0.018028035410298404,-0.0017962260795706397
K2_vs_pretrained_F0,F0_pretrained_seed42,K2_dual_teacher_KD_seed42,ANFC_002467.png,frame_000001,-0.000654599620929508,-0.0009949717291136695,-0.010621761655279283,0.008004074117779703,0.0007944743498151663,0.00012207031249811262,0.0,0.003059423995246169,0.006369372663977413
K2_vs_pretrained_F0,F0_pretrained_seed42,K2_dual_teacher_KD_seed42,ANFC_002468.png,frame_000001,-0.006864739090633565,-0.011276540728313078,-0.022102045609663334,0.007866763388727605,0.0008158869506907918,-0.000671386718739786,0.3944487245360109,-0.01783506672386348,-0.015249518777851079
K2_vs_pretrained_F0,F0_pretrained_seed42,K2_dual_teacher_KD_seed42,ANFC_002469.png,frame_000001,0.004091502246874712,0.006484238268327558,-0.0016079324666209427,0.009489109454943412,0.0014808947359102875,0.0011291503906077915,0.0,0.004548664600903973,0.018287799213831613
K2_vs_pretrained_F0,F0_pretrained_seed42,K2_dual_teacher_KD_seed42,ANFC_002470.png,frame_000001,0.0024450010008636447,0.0036804985180807215,-0.014158576048916127,0.01648711678017234,0.002062978611003685,0.0008392333984246214,0.0,0.0013398054650221036,0.02272534639507784
K2_vs_pretrained_F0,F0_pretrained_seed42,K2_dual_teacher_KD_seed42,ANFC_002471.png,frame_000001,0.01295711389400056,0.02198309467618287,0.004159239452121377,0.020653843940852012,0.001318964130588407,0.0014648437499775735,-0.1715728752538097,2.306814681529712e-05,0.03861246328405976
K2_vs_pretrained_F0,F0_pretrained_seed42,K2_dual_teacher_KD_seed42,ANFC_002472.png,frame_000001,0.0049262625270283245,0.007209020819220147,-0.0016445287790455287,0.010273071550674473,0.002030157380541242,0.0015869140624757971,0.0,0.0027520047704485684,0.013758495778632529
K2_vs_pretrained_F0,F0_pretrained_seed42,K2_dual_teacher_KD_seed42,ANFC_002473.png,frame_000001,-0.004507469151456944,-0.006794728274221562,-0.023561507933586134,0.012650585554627947,0.002957962138033121,-0.00030517578124533706,-0.16543411507764105,0.006414294893067551,-0.015313909784043456
K2_vs_pretrained_F0,F0_pretrained_seed42,K2_dual_teacher_KD_seed42,ANFC_002476.png,frame_000001,-0.03402869359599503,-0.048959740048819755,-0.06948807982452643,0.015604545701593642,0.0020790020789674957,-0.0038299560546291023,0.8478567053607549,-0.00980345304303798,-0.06272088632572259
K2_vs_pretrained_F0,F0_pretrained_seed42,K2_dual_teacher_KD_seed42,ANFC_002477.png,frame_000001,-0.0024524175524803793,-0.0037417697760686597,-0.005799502898550246,0.001573130905460851,0.0001811952296207897,-0.0002593994140585032,0.0943246429402862,-0.00530626885746055,-0.0024817185095683536
K2_vs_pretrained_F0,F0_pretrained_seed42,K2_dual_teacher_KD_seed42,ANFC_002478.png,frame_000001,-0.006544931921486197,-0.00927386196872515,-0.01859146052960592,0.009456019338954569,0.001300917400170687,-0.0006256103515529521,-2.280109889280518,0.014670650226938475,-0.025789759053681083
K2_vs_pretrained_F0,F0_pretrained_seed42,K2_dual_teacher_KD_seed42,ANFC_002479.png,frame_000001,0.003028790804277426,0.004303809588205865,0.00346506836453786,0.002399618509749457,0.0003645776368010889,0.0008697509765492883,-2.6148351928654963,0.008013040260578141,0.004815137377000456
K2_vs_pretrained_F0,F0_pretrained_seed42,K2_dual_teacher_KD_seed42,ANFC_002480.png,frame_000001,-0.002792531533709508,-0.003825624598558286,-0.02635316395355003,0.0252323043872551,0.003581141573276936,0.0006866455078020639,1.240621729269817,-0.002557447685255565,0.007935111572369813
K2_vs_pretrained_F0,F0_pretrained_seed42,K2_dual_teacher_KD_seed42,ANFC_002481.png,frame_000001,0.02324369306155394,0.034778464099547546,0.04130871869104202,0.0015830588318201944,-0.0003496212436469026,0.0031280517577647604,-0.7573593128807152,0.013398937225201801,0.029687413293577714
K2_vs_pretrained_F0,F0_pretrained_seed42,K2_dual_teacher_KD_seed42,ANFC_002482.png,frame_000001,-0.029159502347772426,-0.04145105926282433,-0.052106932481637225,0.0015022883722212166,0.001393101502409011,-0.005813598632723793,10.173615040475328,-0.03011330956451841,-0.06843113832517222
K2_vs_pretrained_F0,F0_pretrained_seed42,K2_dual_teacher_KD_seed42,ANFC_002483.png,frame_000001,0.010559864168753874,0.015780705011655627,0.02370916754166108,-0.008261922055223692,-0.0012425790418120197,0.001647949218724909,-2.7082039324993694,0.028330499161562384,0.008789304191307079
K2_vs_pretrained_F0,F0_pretrained_seed42,K2_dual_teacher_KD_seed42,ANFC_002484.png,frame_000001,0.010823524048241717,0.0156096633470717,0.006341154089240186,0.015568116157665846,0.002306985134649775,0.0027923583983948674,-0.7319323812525163,0.01023768798107938,0.02112275896808624
K2_vs_pretrained_F0,F0_pretrained_seed42,K2_dual_teacher_KD_seed42,ANFC_002485.png,frame_000001,0.010698924921191622,0.014176147036708997,-0.00434205765235296,0.03222301421222451,0.0046816315834625755,0.003540039062445932,-1.0,0.011516137439878449,0.016795485722479908
K2_vs_pretrained_F0,F0_pretrained_seed42,K2_dual_teacher_KD_seed42,ANFC_002486.png,frame_000001,0.00028546832450782045,0.00043836713212530576,0.0010807472593667988,-0.0005125197564160855,-8.466110160876283e-05,3.051757812444489e-05,0.0,-0.005424769640612448,-0.00969929845341666
K2_vs_pretrained_F0,F0_pretrained_seed42,K2_dual_teacher_KD_seed42,ANFC_002487.png,frame_000001,0.002854209040160871,0.004708493855723361,-0.006231742939390106,0.012905773805641618,0.0011754772271788116,0.0005950927734283962,-0.3944487245360109,5.048406137575512e-12,-0.008188491099380357
K2_vs_pretrained_F0,F0_pretrained_seed42,K2_dual_teacher_KD_seed42,ANFC_002488.png,frame_000001,-0.0034091794891093485,-0.004871583341445662,-0.017202572344501177,0.012747591134741554,0.001770180052569792,-3.051757812455591e-05,2.7627465477567554,-0.02220394415758986,-0.018512844632453063
K2_vs_pretrained_F0,F0_pretrained_seed42,K2_dual_teacher_KD_seed42,ANFC_002489.png,frame_000001,-0.001121106910808134,-0.0014940555443405668,0.009358069281011683,-0.013578884310329609,-0.0017999831776970288,-0.0007629394531133427,-2.720440718189728,-0.01112731884548146,-0.001350232177087296
K2_vs_pretrained_F0,F0_pretrained_seed42,K2_dual_teacher_KD_seed42,ANFC_002490.png,frame_000001,0.012295346606571944,0.020358604358959198,0.004892367903672978,0.019485318811568786,0.0006930006929897203,0.0008239746093624545,0.0,0.003082547678739833,0.03523265162928502
K2_vs_pretrained_F0,F0_pretrained_seed42,K2_dual_teacher_KD_seed42,ANFC_002491.png,frame_000001,0.015389573586593652,0.02325896458003085,0.008085325992072012,0.02189996506039149,0.0025618271017436856,0.0030517578124534817,-0.9608279654492811,0.01692027668155205,0.03162496940864423
K2_vs_pretrained_F0,F0_pretrained_seed42,K2_dual_teacher_KD_seed42,ANFC_002492.png,frame_000001,0.015012064346075604,0.018612818766342243,0.022688039454662356,-0.004914227075515254,-0.0007662034618332036,0.0021362304687173594,0.0,0.0163380596363073,-0.014917143575077896
K2_vs_pretrained_F0,F0_pretrained_seed42,K2_dual_teacher_KD_seed42,ANFC_002493.png,frame_000001,-0.01856564940958849,-0.022409900800124505,-0.031560891927423396,-0.006612082299201738,0.00017565992238743888,-0.0012359619140436262,-0.03278137985988394,-0.021708968886243185,-0.04866595985348643
K2_vs_pretrained_F0,F0_pretrained_seed42,K2_dual_teacher_KD_seed42,ANFC_002494.png,frame_000001,-0.01604735816735403,-0.02198323408048386,-0.03930434782152992,0.005771979241444569,0.0028465498760723573,-0.0027008056640213107,0.07073507047396355,-0.03368386684014313,-0.01176800355722174
K2_vs_pretrained_F0,F0_pretrained_seed42,K2_dual_teacher_KD_seed42,ANFC_002495.png,frame_000001,0.006180464394632712,0.009376297567248781,-0.0002523659305675441,0.012330498241288623,0.0020655777542124554,0.0017852783202852995,-0.17409764535292016,-0.0019875472505175296,-0.0021206886601309316
K2_vs_pretrained_F0,F0_pretrained_seed42,K2_dual_teacher_KD_seed42,ANFC_002496.png,frame_000001,0.0025444240295783294,0.003823259354235331,-0.011168586878536502,0.016990018362731063,0.0031562335612281833,0.001296997070292738,-0.349030329381919,-0.0034606546252433645,0.00793180977740049
K2_vs_pretrained_F0,F0_pretrained_seed42,K2_dual_teacher_KD_seed42,ANFC_002497.png,frame_000001,0.007125834118111518,0.011505630827651436,0.006433626420414229,0.007930942830382204,0.0028794471460865667,0.003890991210878214,-0.5278640450004204,-4.9064766919793e-05,0.023246660976406597
K2_vs_pretrained_F0,F0_pretrained_seed42,K2_dual_teacher_KD_seed42,ANFC_002498.png,frame_000001,0.00889533906129858,0.013993474703866693,0.0007572889056458587,0.01581090055817347,0.003892890926219028,0.0033874511718233746,0.0,3.631979479490344e-05,-0.001222483289950338
K2_vs_pretrained_F0,F0_pretrained_seed42,K2_dual_teacher_KD_seed42,ANFC_002499.png,frame_000001,-0.0031583543589520646,-0.004526849710213887,-0.010487804876769813,0.004755291494843883,0.0010813450536995006,-0.00036621093749433786,0.0,0.009238413270783452,-0.014863714722882837
K2_vs_pretrained_F0,F0_pretrained_seed42,K2_dual_teacher_KD_seed42,ANFC_002500.png,frame_000001,0.003652586885244946,0.005382179485740379,-0.0027377258618840328,0.009028560321006074,0.001182210233591774,0.0008544921874870104,0.0,-0.014787434297399815,0.00047714532436748947
K2_vs_pretrained_F0,F0_pretrained_seed42,K2_dual_teacher_KD_seed42,ANFC_002501.png,frame_000001,-0.00371603848520885,-0.005260171518155055,-0.013517441858500345,0.008087452406115081,0.0012956901254552733,-0.0002593994140585032,0.0,-0.014354394210714494,-0.00788237250641044
K2_vs_pretrained_F0,F0_pretrained_seed42,K2_dual_teacher_KD_seed42,ANFC_002502.png,frame_000001,0.002398405616477306,0.0034190328916579027,-0.0004209344745039756,0.005437317919051665,0.001774501774467141,0.001296997070292627,0.4655138045550622,-0.0024408103591465613,0.0033142676211741495
K2_vs_pretrained_F0,F0_pretrained_seed42,K2_dual_teacher_KD_seed42,ANFC_002503.png,frame_000001,0.008464115910685743,0.011982669579176708,-0.012052877137476381,0.03179428393226502,0.009245197053511234,0.0050659179686727285,-0.13728586278001753,0.00671485623233925,0.03426814177559834
K2_vs_pretrained_F0,F0_pretrained_seed42,K2_dual_teacher_KD_seed42,ANFC_002504.png,frame_000001,0.0024975741767138127,0.0037266782050189295,-0.010841562901369506,0.018097834028217852,0.0034151547491387824,0.0013885498046662947,-1.5460517084126124,0.00557831142142573,0.007033599601412366
K2_vs_pretrained_F0,F0_pretrained_seed42,K2_dual_teacher_KD_seed42,ANFC_002505.png,frame_000001,0.00040854893500907874,0.0006253233551083426,-0.018081761003920116,0.023322083123509363,0.0032985631389316206,0.0008087158203001765,0.44673970202327595,-0.0007401021802888597,0.010870506221538512
K2_vs_pretrained_F0,F0_pretrained_seed42,K2_dual_teacher_KD_seed42,ANFC_002506.png,frame_000001,0.007438459232860017,0.011777430273097744,-0.0006059687925153989,0.01682424013739925,0.0019173665902788573,0.001663208007787187,-0.3944487245360109,0.0019652769047476815,-0.005029938213698015
K2_vs_pretrained_F0,F0_pretrained_seed42,K2_dual_teacher_KD_seed42,ANFC_002507.png,frame_000001,0.005304721334265294,0.008652186639612203,-0.007466097820549633,0.019330325900394962,0.00522800992167094,0.0026855468749590328,0.0,-0.0010465212957048164,0.020947326833085755
K2_vs_pretrained_F0,F0_pretrained_seed42,K2_dual_teacher_KD_seed42,ANFC_002508.png,frame_000001,-0.002084599366261153,-0.0030505932117406154,-0.019929953300539482,0.014554593429088714,0.005135962946265948,0.0005493164062415623,-0.21110255092797825,0.0009279686382844821,-0.015071875390636258
K2_vs_pretrained_F0,F0_pretrained_seed42,K2_dual_teacher_KD_seed42,ANFC_002509.png,frame_000001,-0.013135123898140644,-0.018223273284906027,-0.02625182303688578,0.00999845690733614,0.0007000748917211919,-0.00099182128904729,1.910229084335839,-0.004109529939629986,-0.033345127275988706
K2_vs_pretrained_F0,F0_pretrained_seed42,K2_dual_teacher_KD_seed42,ANFC_002510.png,frame_000001,-0.0022134082271605404,-0.003350873206589222,-0.017737399952901356,0.017166913515835325,0.0014446834008923215,9.155273437366773e-05,-0.3944487245360109,0.005278571790758302,-0.003689334138577749
K2_vs_pretrained_F0,F0_pretrained_seed42,K2_dual_teacher_KD_seed42,ANFC_002511.png,frame_000001,-0.008530813481610666,-0.013123296284673458,-0.021324778258037025,0.004922273021825796,0.0016746150205381172,-0.0020446777343438027,-1.184718294492801,-0.0004831783529640754,-0.0040026811310146515
K2_vs_pretrained_F0,F0_pretrained_seed42,K2_dual_teacher_KD_seed42,ANFC_002512.png,frame_000001,-0.001094225000158655,-0.0012852248162268376,-0.015398056130239368,0.015759261600300833,0.0042036928642898985,0.0014648437499775735,1.4303766990976285,0.0006887553267962421,0.00906322371691104
K2_vs_pretrained_F0,F0_pretrained_seed42,K2_dual_teacher_KD_seed42,ANFC_002513.png,frame_000001,0.005375897649956607,0.008237723637803174,0.004234182883785187,0.006814689514135774,0.0014083184677230465,0.001937866210907857,0.0,0.005201894602503088,0.02391917411448996
K2_vs_pretrained_F0,F0_pretrained_seed42,K2_dual_teacher_KD_seed42,ANFC_002514.png,frame_000001,0.0068980578374363555,0.010707095564817082,-0.003081324969397947,0.01829563555086866,0.003135573703641592,0.002273559570277861,-0.12310562561766059,0.009285279087386522,0.021099487345627277
K2_vs_pretrained_F0,F0_pretrained_seed42,K2_dual_teacher_KD_seed42,ANFC_002515.png,frame_000001,0.002944691137279243,0.004378927851339309,-0.010559090292329931,0.015871147424090792,0.002751552047279393,0.0012512207031059042,0.0,0.0017012786930546975,0.020199161490645046
K2_vs_pretrained_F0,F0_pretrained_seed42,K2_dual_teacher_KD_seed42,ANFC_002516.png,frame_000001,0.005139972925419012,0.007698724907856946,-0.014249463202371748,0.023647170917612703,0.0026980947808800115,0.0013732910156040168,-0.5278640450004204,0.01171928980116732,0.008934419541444916
K2_vs_pretrained_F0,F0_pretrained_seed42,K2_dual_teacher_KD_seed42,ANFC_002517.png,frame_000001,-0.0009361020907400208,-0.001459660518004502,-0.0004218222721567022,-0.0015120064930486121,-0.00018827878953531219,-0.00021362304687166933,0.0,0.002760295646440203,0.005943415047699241
K2_vs_pretrained_F0,F0_pretrained_seed42,K2_dual_teacher_KD_seed42,ANFC_002518.png,frame_000001,-0.0034765342468487948,-0.005562933573997175,-0.005897530408054297,-0.0010064398075839698,-3.3272334053702224e-05,-0.0005187988281171174,0.0,0.0014367146816856025,-0.010896337913422482
K2_vs_pretrained_F0,F0_pretrained_seed42,K2_dual_teacher_KD_seed42,ANFC_002519.png,frame_000001,-0.0020933344498212936,-0.0031652908723751594,-0.02117746717313196,0.015588153976883401,0.00519253317442081,0.00044250488280583866,0.0,0.0031230451893532463,-0.0018465162296319448
K2_vs_pretrained_F0,F0_pretrained_seed42,K2_dual_teacher_KD_seed42,ANFC_002520.png,frame_000001,0.0036049706695638895,0.005564565512510056,-0.01017463933026963,0.01913459059619982,0.002408780173323466,0.0011444091796700695,0.0,-9.579815661342472e-05,0.027222921786453358
K2_vs_pretrained_F0,F0_pretrained_seed42,K2_dual_teacher_KD_seed42,ANFC_002521.png,frame_000001,0.010911290333574741,0.016990484238764703,0.002702983677856041,0.0195690752822546,0.0036661480407806923,0.003524780273383765,0.0,0.0044390081650811375,0.05199633143136584
K2_vs_pretrained_F0,F0_pretrained_seed42,K2_dual_teacher_KD_seed42,ANFC_002522.png,frame_000001,-0.0011709499708943971,-0.0016323790563170792,-0.009654313295031303,0.007645335147015819,0.0005936622543024628,9.155273437366773e-05,0.0,-0.0007926597969474258,-0.009625227423811333
K2_vs_pretrained_F0,F0_pretrained_seed42,K2_dual_teacher_KD_seed42,ANFC_002523.png,frame_000001,0.016002611516830023,0.022068092557192998,0.010101010098393925,0.024249366838298148,0.0013457640859124709,0.0018615722655965783,0.0,0.0017254816800085226,0.04169944267294223
K2_vs_pretrained_F0,F0_pretrained_seed42,K2_dual_teacher_KD_seed42,ANFC_002524.png,frame_000001,-0.000816501325097807,-0.0012248044612166442,-0.001944106925408473,0.0003235508605564652,4.884322951348441e-05,-7.629394531127875e-05,0.0,-0.002767951026612314,-0.003511099639585069
K2_vs_pretrained_F0,F0_pretrained_seed42,K2_dual_teacher_KD_seed42,ANFC_002525.png,frame_000001,0.0027834759785884122,0.00432553559244131,0.0020709650694366033,0.0036866166898693598,0.0004117132417200686,0.0005950927734283962,-0.11953506150162418,-0.001947891419822656,-0.004200284294812562
K2_vs_pretrained_F0,F0_pretrained_seed42,K2_dual_teacher_KD_seed42,ANFC_002526.png,frame_000001,-0.003518327980683633,-0.005261555747317237,-0.017755559383251907,0.015408744110866457,0.0016070980162113946,-0.00010681152343583467,0.0,0.0022300307311607925,-0.0011625020828681665
K2_vs_pretrained_F0,F0_pretrained_seed42,K2_dual_teacher_KD_seed42,ANFC_002527.png,frame_000001,0.007825851822244712,0.012409566902560787,0.00484893696201083,0.010169266590211223,0.0005409275316118345,0.0007171630859266198,0.0,4.894658849508016e-05,0.007393651331591311
K2_vs_pretrained_F0,F0_pretrained_seed42,K2_dual_teacher_KD_seed42,ANFC_002528.png,frame_000001,0.019357502934160054,0.025168053619881614,-0.005720641982246866,0.03531887230483377,0.007055685903700759,0.005828857421786071,-2.4341025152569813,0.036778738558599255,0.022955529765489202
K2_vs_pretrained_F0,F0_pretrained_seed42,K2_dual_teacher_KD_seed42,ANFC_002529.png,frame_000001,0.01852070321739685,0.02750383953146973,-0.001108647449803657,0.02905644814447006,0.0030842268440272047,0.0028533935546439793,-0.5278640450004204,0.007973848763757285,0.06389579326867978
K2_vs_pretrained_F0,F0_pretrained_seed42,K2_dual_teacher_KD_seed42,ANFC_002530.png,frame_000001,-0.006264652484486599,-0.008904296336737949,-0.01189749847105015,-0.0028954714091126155,-3.212438562061326e-05,-0.0006256103515529521,1.126677628868002,0.0058824667039949485,0.029901631887978675
K2_vs_pretrained_F0,F0_pretrained_seed42,K2_dual_teacher_KD_seed42,ANFC_002531.png,frame_000001,0.010254862229186035,0.015299933643537877,-0.0085859940948253,0.021714585660965735,0.0023782944231037773,0.0017547607421607436,-0.8768943743823394,0.011264482872768267,0.02793058360221956
K2_vs_pretrained_F0,F0_pretrained_seed42,K2_dual_teacher_KD_seed42,ANFC_002532.png,frame_000001,0.009388070835545825,0.01350182492243801,0.003513394816199611,0.012005728173098862,0.0008062093931171521,0.0009002685546737332,0.6599248621458482,-0.006600321292839051,0.01739920118211935
K2_vs_pretrained_F0,F0_pretrained_seed42,K2_dual_teacher_KD_seed42,ANFC_002533.png,frame_000001,0.0225548871464597,0.03167672987598802,-0.0019291476671466912,0.033614229052029265,0.006735300999319183,0.00598144531240874,-0.009975124224169463,0.002733814879157026,0.03760018555290823
K2_vs_pretrained_F0,F0_pretrained_seed42,K2_dual_teacher_KD_seed42,ANFC_002534.png,frame_000001,0.012053104071464982,0.017105228531345884,-0.0026287304774038622,0.02002409321234444,0.00419847974395704,0.003524780273383654,-0.349030329381919,-0.002798037208659343,0.03027642448177925
K2_vs_pretrained_F0,F0_pretrained_seed42,K2_dual_teacher_KD_seed42,ANFC_002624.png,frame_000013,-0.002063902759339542,-0.002768570445641494,0.007785467126680712,-0.00832521682682863,-0.0017571457259227818,-0.0009155273437360112,-0.8309518948453007,-0.008460038977183615,-0.01350088002807126
K2_vs_pretrained_F0,F0_pretrained_seed42,K2_dual_teacher_KD_seed42,ANFC_002625.png,frame_000013,0.011455694970006647,0.016469720791448483,-0.0011987532962841607,0.017821645019854504,0.002362910453803324,0.0021362304687173594,-0.6975977231637156,0.012476733499723669,0.07812335224404215
K2_vs_pretrained_F0,F0_pretrained_seed42,K2_dual_teacher_KD_seed42,ANFC_002636.png,frame_000045,-0.00871478093063105,-0.012038343788678185,-0.01254511084163168,-0.003803251590401513,-0.0001674565031704045,-0.0012664794921681821,2.1420996421806304,-0.014542114967413422,-0.02080399948931788
K2_vs_pretrained_F0,F0_pretrained_seed42,K2_dual_teacher_KD_seed42,ANFC_002637.png,frame_000045,0.0026560223895691903,0.003928666438467565,-0.0035726437557719315,0.0070239113637233785,0.001173354788944092,0.0007476806640510647,-1.3619842687672268,0.020231323494552256,0.0021364789497111403
K2_vs_pretrained_F0,F0_pretrained_seed42,K2_dual_teacher_KD_seed42,ANFC_002638.png,frame_000045,-0.0003696152467802527,-0.0005108908395007328,-0.004437273092199545,0.0021940272566762786,0.00022202134576299049,4.5776367186722844e-05,0.0,0.012791724395446735,0.031168801667387558
K2_vs_pretrained_F0,F0_pretrained_seed42,K2_dual_teacher_KD_seed42,ANFC_002651.png,frame_000053,-0.01171890183187374,-0.01786204212312814,-0.028163374262124452,0.002886071640872623,0.0012232099786158024,-0.0021362304687173594,6.649110640673518,-0.0365761734177108,-0.026855827892962703
K2_vs_pretrained_F0,F0_pretrained_seed42,K2_dual_teacher_KD_seed42,ANFC_002652.png,frame_000053,0.0007965203391078202,0.0012094247628586796,-0.017681114063889725,0.014776750858870535,0.002789753994373312,0.0007934570312378986,-0.38516480713450374,-0.0016088413102658405,0.03017700275091373
K2_vs_pretrained_F0,F0_pretrained_seed42,K2_dual_teacher_KD_seed42,ANFC_002653.png,frame_000053,0.05629708976689152,0.06704528431137646,-0.02323739106859324,0.09629709039627554,0.014316021311854166,0.012145996093564593,-17.009143057003286,0.053919671564024774,0.07873289662531602
K2_vs_pretrained_F0,F0_pretrained_seed42,K2_dual_teacher_KD_seed42,ANFC_002668.png,frame_000075,0.011756210028624814,0.016128630937017663,0.0012025425182610183,0.02483897704582061,0.002562170308924694,0.0024414062499628075,0.4936034254914583,0.02716479927466009,0.0013031613684798549
K2_vs_pretrained_F0,F0_pretrained_seed42,K2_dual_teacher_KD_seed42,ANFC_002669.png,frame_000075,0.006196211162345033,0.009676138772108378,0.008690776561719793,0.004164941969352576,0.0004623129344807353,0.0013580322265417388,0.0,-0.008017365770972007,0.0010957022822395412
K2_vs_pretrained_F0,F0_pretrained_seed42,K2_dual_teacher_KD_seed42,ANFC_002709.png,frame_26,-0.016263594044242824,-0.024461469452216278,-0.10554371001109286,0.07810753328875764,0.01975804991090291,3.051757812455591e-05,9.04941792477241,-0.019122610151003472,0.018379855006882218
K2_vs_pretrained_F0,F0_pretrained_seed42,K2_dual_teacher_KD_seed42,ANFC_002710.png,frame_26,0.030620093654866287,0.044192649759310254,-0.016134307204171527,0.055847023699393206,0.0179195571559726,0.013153076171674272,-2.74804838968517,0.0645786654212307,0.13998355240405114
K2_vs_pretrained_F0,F0_pretrained_seed42,K2_dual_teacher_KD_seed42,ANFC_002711.png,frame_26,-0.007526290194069696,-0.010982472348933459,-0.07283697876599105,0.03991413970662261,0.013705448404342624,0.0014495849609154066,-0.6157731058639087,0.003921001215092645,-0.0183670022389838
K2_vs_pretrained_F0,F0_pretrained_seed42,K2_dual_teacher_KD_seed42,ANFC_002712.png,frame_26,0.03209798312765455,0.04282527424408644,-0.027280582640750395,0.056264144753158774,0.020753895707830594,0.014816284179461459,-5.373549153277194,0.05004317804400782,0.10179028174222421
K2_vs_pretrained_F0,F0_pretrained_seed42,K2_dual_teacher_KD_seed42,ANFC_002713.png,frame_26,0.01949763073473687,0.028203940719232934,-0.013119884447144958,0.038746940599206914,0.010571748095153266,0.007568359374884537,-1.664392248374595,0.028282289767051938,0.05073226999662195
K2_vs_pretrained_F0,F0_pretrained_seed42,K2_dual_teacher_KD_seed42,ANFC_002714.png,frame_26,0.02515869277327276,0.03479065286398719,-0.03780763285723365,0.05561358855054255,0.019623632384776823,0.012252807617000538,-4.957359312880721,0.05642765958538676,0.11608809974994738
K2_vs_pretrained_F0,F0_pretrained_seed42,K2_dual_teacher_KD_seed42,ANFC_002730.png,frame_52,0.013989982067003193,0.019726446811745957,0.008127438228827222,0.017024485732223038,0.0013768812039485212,0.0016937255859116318,-0.47507764050042667,0.020860641237237076,0.029952274899133435
K2_vs_pretrained_F0,F0_pretrained_seed42,K2_dual_teacher_KD_seed42,ANFC_002731.png,frame_52,0.005109912253570048,0.006901259100956958,-0.0006753714541477551,0.008262167231408268,0.001178511801466997,0.0010528564452964018,0.0710678118654755,-0.011408071117037455,0.034901126193291554
K2_vs_pretrained_F0,F0_pretrained_seed42,K2_dual_teacher_KD_seed42,ANFC_002732.png,frame_52,0.005211195939663238,0.007941939255159625,-0.011979166663547147,0.01924303804280314,0.0017991441908422612,0.00099182128904729,-1.0,0.0003135748580903597,0.00044417071278579634
K2_vs_pretrained_F0,F0_pretrained_seed42,K2_dual_teacher_KD_seed42,ANFC_002733.png,frame_52,0.001988930515840037,0.0029231178170072702,0.0031354983195666097,0.0012638358608262346,8.18719195677664e-05,0.0002899169921830591,0.7041110111901272,0.0061996527338311624,-0.01032759082707424
K2_vs_pretrained_F0,F0_pretrained_seed42,K2_dual_teacher_KD_seed42,ANFC_002734.png,frame_52,0.011176733860768673,0.015366412159874665,-0.00401952339821432,0.02203321391755908,0.002062752808050128,0.0017395019530984657,-0.9009804864072155,0.009368839489332204,0.010313535660863238
K2_vs_pretrained_F0,F0_pretrained_seed42,K2_dual_teacher_KD_seed42,ANFC_002735.png,frame_52,0.007797819863588296,0.012173764688025113,-0.00020275750198639475,0.013668120562958186,0.0016005544188237852,0.0014648437499776845,-0.8488515137326882,0.02386662667852113,0.04433863442352326
K2_vs_pretrained_F0,F0_pretrained_seed42,K2_dual_teacher_KD_seed42,ANFC_002754.png,frame_8,0.00466358161845426,0.006704329298514833,0.015845577638765262,-0.008297154419863007,-0.0006605977604018376,0.00021362304687178035,-4.157946126572323,0.0217160918440793,0.006433255234527091
K2_vs_pretrained_F0,F0_pretrained_seed42,K2_dual_teacher_KD_seed42,ANFC_002755.png,frame_8,-0.1315911427086418,-0.1720052791058041,-0.20673526650760743,-0.031055764720193113,0.0004258809426097576,-0.0063323974608408,25.96381964627554,-0.21053114097726888,-0.2654839390021888
K2_vs_pretrained_F0,F0_pretrained_seed42,K2_dual_teacher_KD_seed42,ANFC_002756.png,frame_8,0.012012146407437418,0.016107596203947416,0.016437617888321876,0.0059248955964046335,0.00017792155276707966,0.0010986328124832356,-0.6583359358736658,0.007055180525926685,0.02500056444920462
K2_vs_pretrained_F0,F0_pretrained_seed42,K2_dual_teacher_KD_seed42,ANFC_002758.png,frame_8,-0.0036246640445947165,-0.004359409198595454,-0.015073655356261262,0.006339644503202901,0.0007825350942910481,7.629394531138978e-05,-0.7256256229535722,0.01754071932686052,0.021661159661935825
K2_vs_pretrained_F0,F0_pretrained_seed42,K2_dual_teacher_KD_seed42,ANFC_002759.png,frame_8,-0.03670264050082961,-0.041740089931210644,-0.04906262463140698,-0.005620100357463964,0.00020625426390696866,-0.0016784667968493538,39.923699260510105,-0.09873591820330652,-0.07055098986893915
K2_vs_pretrained_F0,F0_pretrained_seed42,K2_dual_teacher_KD_seed42,ANFC_002760.png,frame_8,0.0014548654667819738,0.0019019299528278966,-0.0009212344537442574,0.002693463171739574,0.00020516057760266992,0.0001678466796849465,0.3431457505076194,-0.006450444021781632,0.023792695691867594
K2_vs_pretrained_F0,F0_pretrained_seed42,K2_dual_teacher_KD_seed42,ANFC_002761.png,frame_8,0.005186656188315597,0.007196940181024347,-0.002245929251967538,0.00918685237650041,0.0005176064622302023,0.00044250488280583866,0.3944487245360109,0.009958867486104417,0.06317689295167905
K2_vs_pretrained_F0,F0_pretrained_seed42,K2_dual_teacher_KD_seed42,ANFC_002762.png,frame_8,-0.016023516677463823,-0.020214575354243203,-0.025104602498789097,-0.011062387322561151,-0.00037863847912944504,-0.0011901855468567923,1.808907666864835,-0.011042564660893261,-0.017840381441543873
K2_vs_pretrained_F0,F0_pretrained_seed42,K2_dual_teacher_KD_seed42,ANFC_002763.png,frame_8,0.006349944458226231,0.007972724581603252,-0.026151222270522356,0.022709286176725296,0.0018031578782037316,0.0010528564452964018,-0.5594659402276188,-0.013946300519111499,0.025777780106756243
K2_vs_pretrained_F0,F0_pretrained_seed42,K2_dual_teacher_KD_seed42,ANFC_002764.png,frame_8,-0.004763231781808486,-0.0067365402234060845,0.008539325838858747,-0.01244107927165694,-0.0009161125238755785,-0.0005950927734283962,-0.1649428971432183,0.008602240716241716,-0.009590589803394
K2_vs_pretrained_F0,F0_pretrained_seed42,K2_dual_teacher_KD_seed42,ANFC_002765.png,frame_8,-0.04092683128510577,-0.04983843094776186,-0.11230995580563508,0.0028154336625618726,0.0022363261256085343,-0.001327514648417183,1.2218452952287908,-0.019723241062997388,0.007425425236070038
K2_vs_pretrained_F0,F0_pretrained_seed42,K2_dual_teacher_KD_seed42,ANFC_002766.png,frame_8,0.0007301045995331545,0.0010037286476308749,-0.002982403816587431,0.005485993207518414,0.0003377128797205087,0.0001678466796849465,-0.7130310950952907,0.006505981844043385,0.00898173380080769
K2_vs_pretrained_F0,F0_pretrained_seed42,K2_dual_teacher_KD_seed42,ANFC_002767.png,frame_8,0.006810388295910186,0.007608374164099152,-0.021848739488454227,0.049650196947810254,0.0029890826552806393,0.0018615722655966893,-2.4473550775541923,0.005878531470224102,0.011776567416396433
K2_vs_pretrained_F0,F0_pretrained_seed42,K2_dual_teacher_KD_seed42,ANFC_002768.png,frame_A,-0.004347928104517118,-0.005984769210839236,-0.025052192060268208,0.005552527726782386,0.0015234020484647948,-3.051757812455591e-05,-0.09109188506611687,0.0048333724619018525,-0.03860408760810724
K2_vs_pretrained_F0,F0_pretrained_seed42,K2_dual_teacher_KD_seed42,ANFC_002769.png,frame_A,0.037262853023791176,0.04305524000848504,-0.037272727265950434,0.05709208858008996,0.02048770737523331,0.015640258788823802,-5.046500387383764,0.18429683447292122,0.15615199837426968
K2_vs_pretrained_F0,F0_pretrained_seed42,K2_dual_teacher_KD_seed42,ANFC_002770.png,frame_A,0.01691332278469726,0.022571656299276044,-0.005475251860386554,0.025983585020316724,0.004723634574303359,0.004013061523376327,-2.2380181462102993,0.029247508594960503,0.053737523529510056
K2_vs_pretrained_F0,F0_pretrained_seed42,K2_dual_teacher_KD_seed42,ANFC_002771.png,frame_A,-0.023336949989085642,-0.03191877231710305,-0.048635824424997476,-0.0047384937522038095,0.0007012279643073827,-0.0024719238280872524,0.8612546912933468,-0.0014838957534867303,-0.09102232654138404
K2_vs_pretrained_F0,F0_pretrained_seed42,K2_dual_teacher_KD_seed42,ANFC_002772.png,frame_A,0.03155763518159893,0.031914594350927195,-0.011499436299549082,0.035621443262616015,0.014386016595237638,0.012634277343557154,-4.0,0.4540681711714166,0.09693049637481421
K2_vs_pretrained_F0,F0_pretrained_seed42,K2_dual_teacher_KD_seed42,ANFC_002773.png,frame_A,0.05318863575466615,0.06108922893495922,-0.010863804978573421,0.06730940633160248,0.01476636119272745,0.013290405273234773,-6.89683769663605,0.15265356163464194,-0.0016656116818965505
K2_vs_pretrained_F0,F0_pretrained_seed42,K2_dual_teacher_KD_seed42,ANFC_002774.png,frame_A,0.019368392473261276,0.026150234307326548,0.009487179484746866,0.02405491347003652,0.00275812836649425,0.0031585693358893163,-1.3011122954965746,0.053485251620205676,0.03573490657562639
K2_vs_pretrained_F0,F0_pretrained_seed42,K2_dual_teacher_KD_seed42,ANFC_002775.png,frame_A,0.09434550966049848,0.11189381186237884,-0.010711030079600947,0.11929320748251487,0.028308366585525158,0.02569580078085787,-4.939752293546688,0.11003336213454518,0.18581910147664743
K2_vs_pretrained_F0,F0_pretrained_seed42,K2_dual_teacher_KD_seed42,ANFC_002776.png,frame_A,0.055277602002823056,0.07094329387171061,-0.010495484498292518,0.08062644529181573,0.013541887074764558,0.012039184570128869,-4.877066345108327,0.08542151673573306,0.12556858427335632
