comparison,control,candidate,filename,patient_id,delta_dice,delta_iou,delta_sensitivity,delta_precision,delta_specificity,delta_accuracy,delta_hd95,delta_cldice,delta_boundary_f1
S2_vs_S0,S0_structure_control_seed42,S2_boundary_centerline_seed42,ANFC_000085.png,8_140724,0.06293328011498212,0.08164346440378134,0.07458912768123405,0.036236901225741636,0.005828687278142897,0.020767211913745642,-45.851148791574346,0.1252505122489589,0.07098816853359952
S2_vs_S0,S0_structure_control_seed42,S2_boundary_centerline_seed42,ANFC_000086.png,8_140724,-0.003806689046983891,-0.0046140275445712975,-0.03451226467926061,0.015493787394118552,0.00282121554082182,0.0008239746093624545,-1.3898427591010147,0.03162316064471671,0.025487087410118847
S2_vs_S0,S0_structure_control_seed42,S2_boundary_centerline_seed42,ANFC_000089.png,8_140724,0.027877605452827692,0.038494069625937155,-0.01045394612823003,0.057560649034738454,0.01749881641688522,0.012969970702927158,-3.2292039579825724,0.03241494811749035,0.022932953146291735
S2_vs_S0,S0_structure_control_seed42,S2_boundary_centerline_seed42,ANFC_000090.png,8_140724,0.009013987723899053,0.014543392772253472,0.012893186616328434,0.0059574120979440925,0.0008843453191446082,0.0025329589843363642,-1.324555320336759,0.05174308847303888,0.075505024729551
S2_vs_S0,S0_structure_control_seed42,S2_boundary_centerline_seed42,ANFC_000091.png,8_140724,-0.0018854757576555192,-0.002750002539768981,0.026583363956072192,-0.026667982646270905,-0.006013281508618795,-0.001953124999970246,2.8768943743823394,-0.009981337881539432,0.001650633684332714
S2_vs_S0,S0_structure_control_seed42,S2_boundary_centerline_seed42,ANFC_000092.png,8_140724,-0.12844936156238373,-0.12000673590253336,-0.19519800430458423,-0.08039888175916077,0.00032087792198942644,-0.00924682617173389,2.9487002541486333,-0.18873812826318637,0.010462197405214202
S2_vs_S0,S0_structure_control_seed42,S2_boundary_centerline_seed42,ANFC_000093.png,8_140724,-0.011677975405175345,-0.016095833256934644,0.009521267128535293,-0.027761954577351977,-0.00950311245332236,-0.006240844726467243,6.478618600946367,-0.0014630254469134574,-0.024278245954844513
S2_vs_S0,S0_structure_control_seed42,S2_boundary_centerline_seed42,ANFC_000094.png,8_140724,-0.021739612899131178,-0.03025916918302729,-0.01453800370626035,-0.02885176768716302,-0.006059290610703094,-0.007385253906137312,3.219544457292887,-0.030220520233676718,-0.032835334831653795
S2_vs_S0,S0_structure_control_seed42,S2_boundary_centerline_seed42,ANFC_000095.png,8_140724,0.006222637600534098,0.008729383964627524,0.03165042163709886,-0.019121694045543203,-0.005088201400494818,3.051757812444489e-05,-0.9172374697017807,0.012074734976943002,-0.016494997287597957
S2_vs_S0,S0_structure_control_seed42,S2_boundary_centerline_seed42,ANFC_000096.png,8_140724,-0.008701621645492263,-0.010308128801674865,0.0050389372411728806,-0.016997128923463722,-0.002681052803618189,-0.0021667480468420264,1.9820542444903495,-0.03225446129655796,-0.010456712380468192
S2_vs_S0,S0_structure_control_seed42,S2_boundary_centerline_seed42,ANFC_000097.png,8_140724,0.0020044529640069753,0.002480161904855671,-0.0012616969823087132,0.005609326880413823,0.0012851405622260614,0.0009155273437360112,-4.498482010314861,0.01658125348413597,-0.02472509510542631
S2_vs_S0,S0_structure_control_seed42,S2_boundary_centerline_seed42,ANFC_000098.png,8_140724,-0.010914001258417683,-0.016756134938068157,-0.022696323193066692,0.00282842405087691,0.0008814611099202674,-0.002288818359340139,0.09901951359278449,-0.010062524644909976,-0.011130634599649691
S2_vs_S0,S0_structure_control_seed42,S2_boundary_centerline_seed42,ANFC_000099.png,8_140724,0.009901383710804179,0.015043682578490314,0.031289242357546154,-0.011731943983131377,-0.0032332976062302565,0.0018005371093475775,-0.12310562561766059,0.01784414956039504,0.025721253616626583
S2_vs_S0,S0_structure_control_seed42,S2_boundary_centerline_seed42,ANFC_000100.png,8_140724,0.006557544886694688,0.009805086913936223,0.0004606172270135156,0.012014924094097212,0.0016942547820053555,0.0015716552734135192,-0.4432736152956096,0.010593875776486295,0.010418135151950225
S2_vs_S0,S0_structure_control_seed42,S2_boundary_centerline_seed42,ANFC_000101.png,8_140724,0.007508646416121256,0.010690933374279732,0.037897691824867574,-0.023139751659795538,-0.008935346789935239,0.0002288818359340583,0.5278640450004204,-0.006807014804857459,0.029717370519283026
S2_vs_S0,S0_structure_control_seed42,S2_boundary_centerline_seed42,ANFC_000102.png,8_140724,0.012764916275746496,0.01683236696047652,0.0367420349387535,-0.01058939630045952,-0.0034284526942196525,0.0013427734374794609,12.910648012621444,-0.004521631024734463,0.03512443568865098
S2_vs_S0,S0_structure_control_seed42,S2_boundary_centerline_seed42,ANFC_000103.png,8_140724,0.011615926092520934,0.015421418680279575,-0.0013358268766583414,0.017185842556011743,0.005030146425408555,0.004302978515559386,6.80505385395891,0.0017374815981139324,0.016497163987555075
S2_vs_S0,S0_structure_control_seed42,S2_boundary_centerline_seed42,ANFC_000104.png,8_140724,-0.005397625570948805,-0.008141142519547562,0.006319590730632929,-0.018448718096680028,-0.0037612251875437375,-0.002227783203091027,0.0,-0.009221862217250076,-0.014600216470651128
S2_vs_S0,S0_structure_control_seed42,S2_boundary_centerline_seed42,ANFC_000105.png,8_140724,-0.014936585223687682,-0.01892745022410458,-0.03367416495791764,0.006165296647006824,0.0022508204325999426,-0.0017700195312230216,0.6281936108916639,-0.00040792535547007347,-0.0069734525198029695
S2_vs_S0,S0_structure_control_seed42,S2_boundary_centerline_seed42,ANFC_000106.png,8_140724,0.0074166944621106845,0.010503605061090604,0.02132172359663742,-0.005547062641030331,-0.0019972427444944207,0.0011901855468569034,0.0,0.005628431657930699,0.005729520866122106
S2_vs_S0,S0_structure_control_seed42,S2_boundary_centerline_seed42,ANFC_000107.png,8_140724,-0.014627331955474943,-0.010633337794986292,-0.007226428078591474,-0.04545756202498752,-0.002377603643386683,-0.0028076171874571454,-10.349230816071014,-0.0341251005984986,-0.04321183783771393
S2_vs_S0,S0_structure_control_seed42,S2_boundary_centerline_seed42,ANFC_000108.png,8_140724,0.017675030247848444,0.025396903002952942,0.04492707334771351,-0.011239239703633497,-0.0037048251784959074,0.003265380859325151,-1.0,0.015586628981532513,0.00438899904606338
S2_vs_S0,S0_structure_control_seed42,S2_boundary_centerline_seed42,ANFC_000109.png,8_140724,-0.028811305283683253,-0.043401463862395184,0.0024616549891192108,-0.05290302428336058,-0.006655049373385569,-0.005920410156159628,4.02487373415291,-0.0351901642980581,-0.06817635793244425
S2_vs_S0,S0_structure_control_seed42,S2_boundary_centerline_seed42,ANFC_000110.png,8_140724,-0.007409612211741301,-0.011448257982929144,0.006666666665608445,-0.019472055360911122,-0.002836113174373045,-0.0019226074218456901,0.016227766016823075,-0.008222409526143504,-0.01100517659781497
S2_vs_S0,S0_structure_control_seed42,S2_boundary_centerline_seed42,ANFC_000111.png,8_140724,-0.006765950880182503,-0.01113035159052067,-0.013344812739271572,0.00015812681173477117,0.00011496140581190861,-0.0008392333984247324,0.0,-0.012433977928599127,-0.019009933965317583
S2_vs_S0,S0_structure_control_seed42,S2_boundary_centerline_seed42,ANFC_000112.png,8_140724,0.016408969591661826,0.020501695734920777,0.01588141873839255,0.01680475208659049,0.0022463496817271,0.004211425781185718,7.339965482988006,0.005742333975533143,0.02081567382577243
S2_vs_S0,S0_structure_control_seed42,S2_boundary_centerline_seed42,ANFC_000113.png,8_140724,0.010340414533319575,0.01465105239640685,0.02257624808122538,-0.003994317104699219,-0.0018588051600085809,0.0025177001952740863,2.364043917432939,0.011012733835676136,0.021044758997942115
S2_vs_S0,S0_structure_control_seed42,S2_boundary_centerline_seed42,ANFC_000115.png,8_1621490,-0.005602044986077082,-0.006806964317938702,0.025095298598301286,-0.019617844264520068,-0.006819716407717391,-0.0037536621093177125,-0.46084037476828854,-0.000527149335758037,-0.004858706945666369
S2_vs_S0,S0_structure_control_seed42,S2_boundary_centerline_seed42,ANFC_000116.png,8_1621490,-0.21482272021191867,-0.19281920637941502,-0.3638403589735791,-0.12550471522716633,0.00870195794038986,-0.02676391601521666,2.0548770270712424,-0.2649806617921381,-0.1830546901267794
S2_vs_S0,S0_structure_control_seed42,S2_boundary_centerline_seed42,ANFC_000117.png,8_1621490,0.004673597749566993,0.007080623650292495,0.0006273525720893458,0.008868641361986729,0.0020596564786852234,0.0018157958984097444,2.53292066204906,-0.02067745946023969,0.01341709674662206
S2_vs_S0,S0_structure_control_seed42,S2_boundary_centerline_seed42,ANFC_000118.png,8_1621490,0.0069314933510118415,0.00869815851438327,0.0071466857232184156,0.006567145852333867,0.0009342831878921265,0.0014648437499776845,3.0376696872358604,-0.012211061789028421,0.002760551290759916
S2_vs_S0,S0_structure_control_seed42,S2_boundary_centerline_seed42,ANFC_000119.png,8_1621490,0.01905456753535084,0.023583810163935848,0.06093489147563691,-0.024919764800619637,-0.005491552749042894,0.0005798339843661182,-5.548903104723898,0.02208350505955259,-0.0025418060435418166
S2_vs_S0,S0_structure_control_seed42,S2_boundary_centerline_seed42,ANFC_000120.png,8_1621490,0.0004473023383323449,0.0005967703772062904,-0.029224605228703182,0.03368427356352499,0.007028921998123883,0.002334594726526862,28.66608377230764,-0.005803570285584536,-0.0030724233665501144
S2_vs_S0,S0_structure_control_seed42,S2_boundary_centerline_seed42,ANFC_000123.png,8_1621490,0.004048838646908415,0.004873790496374153,0.08939323759620299,-0.07843355235352689,-0.016508914813720077,-0.0060424804686578515,20.365061728610396,0.01826909406429411,-0.03204992034555265
S2_vs_S0,S0_structure_control_seed42,S2_boundary_centerline_seed42,ANFC_000124.png,8_1621490,0.02838353182253106,0.03382074372311583,0.035435435428341266,0.020161194180249642,0.0010406171024422983,0.0036621093749441558,1.1377095797971322,0.0413632870684838,0.02708723899109644
S2_vs_S0,S0_structure_control_seed42,S2_boundary_centerline_seed42,ANFC_000125.png,8_1621490,0.03471966650112124,0.03228913771540881,0.021339656190211442,0.0509423553167212,0.0054568003306249,0.0066833496092729705,4.973797852773679,0.009650650508206238,0.03329191829181882
S2_vs_S0,S0_structure_control_seed42,S2_boundary_centerline_seed42,ANFC_000127.png,8_1621490,-0.01095597219910438,-0.0134313390110955,-0.025794274921109084,0.005545336098731091,0.000817871289497285,-0.00047302246093028355,10.85007647261682,-0.021481521722490404,-0.03130114113284588
S2_vs_S0,S0_structure_control_seed42,S2_boundary_centerline_seed42,ANFC_000128.png,8_1621490,0.0017104161711104515,0.002409503623535758,0.007432970532594507,-0.004269532188636571,-0.000879280024811635,7.629394531127875e-05,1.9300851804214894,-0.00011027875955271771,-0.004634337297447555
S2_vs_S0,S0_structure_control_seed42,S2_boundary_centerline_seed42,ANFC_000129.png,8_1621490,-0.0017636716214245451,-0.002396743686736258,-0.03779831700402836,0.034575590002449585,0.006691028874248328,0.0017700195312230216,0.6975977231637156,-0.0027982086170645903,0.0123140736378623
S2_vs_S0,S0_structure_control_seed42,S2_boundary_centerline_seed42,ANFC_000130.png,8_1621490,-0.022309801157008535,-0.023678242255826876,0.1007764221041394,-0.1594502063087967,-0.030966652595509236,-0.018280029296596112,-26.356416745359127,-0.12336815818644986,-0.09088641166875061
S2_vs_S0,S0_structure_control_seed42,S2_boundary_centerline_seed42,ANFC_000131.png,8_1621490,0.0325328151154074,0.03593312312638891,0.01768968456570974,0.05382342177275068,0.0041746104791898775,0.005142211913984118,29.070297666056888,0.010059608803760889,0.0002649487712713672
S2_vs_S0,S0_structure_control_seed42,S2_boundary_centerline_seed42,ANFC_000133.png,8_1621490,0.0463961961629894,0.04835177099478216,0.04194423882508158,0.04731308226418651,0.00544866060528193,0.007705688476444927,-4.6833779780087355,-0.006854786551245717,-0.006928849240907975
S2_vs_S0,S0_structure_control_seed42,S2_boundary_centerline_seed42,ANFC_000135.png,8_1621490,0.004504294549234067,0.00619262356628858,-0.03389212827370769,0.0362402886639116,0.005795363708936185,0.0024719238280872524,0.13756141873065353,0.011685948610972607,0.019352093562857053
S2_vs_S0,S0_structure_control_seed42,S2_boundary_centerline_seed42,ANFC_000136.png,8_1621490,-0.002681430927482187,-0.003884149350580457,0.04615052834889999,-0.04550789082406459,-0.005517331975803952,-0.0018615722655965783,1.324555320336759,-0.005582921092694648,0.005723949413323992
S2_vs_S0,S0_structure_control_seed42,S2_boundary_centerline_seed42,ANFC_000137.png,8_1621490,0.013366713717101741,0.015232402171395876,-0.005149662051770365,0.01826743353162852,0.0032036393342324,0.0028076171874571454,0.7788733781255672,-0.04811995105407707,0.005964898795782991
S2_vs_S0,S0_structure_control_seed42,S2_boundary_centerline_seed42,ANFC_000361.png,8_55896,0.08761821007284887,0.09587524867790848,0.050244432366886915,0.10020026072573479,0.02924087189662994,0.03160095214795522,-5.507731647045773,0.11884785291566091,0.0755137992758555
S2_vs_S0,S0_structure_control_seed42,S2_boundary_centerline_seed42,ANFC_000362.png,8_55896,-0.04475418197659242,-0.06164229947416677,-0.012836438920737825,-0.06310071589900279,-0.00868118472624313,-0.008987426757675387,27.676133561618357,-0.06394094047250798,-0.0181929625297772
S2_vs_S0,S0_structure_control_seed42,S2_boundary_centerline_seed42,ANFC_000363.png,8_55896,0.01247028399957173,0.014888178992491619,0.09195710454531414,-0.0737844286238386,-0.017201597905895705,-0.004776000976489669,-1.039868993052913,0.0271736900536369,-0.002897415125891478
S2_vs_S0,S0_structure_control_seed42,S2_boundary_centerline_seed42,ANFC_000364.png,8_55896,0.14278047980582903,0.12515492774791032,0.15227327395903928,0.13436810101627028,0.01085061666024456,0.019821166991885075,-11.046199992947571,0.11484924325581103,0.06043859367652715
S2_vs_S0,S0_structure_control_seed42,S2_boundary_centerline_seed42,ANFC_000365.png,8_55896,-0.02462298828777998,-0.020792677235071833,-0.09338521395587274,0.008415568096408754,0.005067700079936843,0.0023651123046514178,37.25585708184629,0.015998144070627274,0.014176471277314917
S2_vs_S0,S0_structure_control_seed42,S2_boundary_centerline_seed42,ANFC_000366.png,8_55896,0.014138835234194458,0.01567854357163706,0.030205096329371628,0.0024651609282543285,-0.002069889200012609,0.0018920898437211342,-1.3327202849210025,0.012511978740797347,0.026724052521484964
S2_vs_S0,S0_structure_control_seed42,S2_boundary_centerline_seed42,ANFC_000367.png,8_55896,0.036143231248507046,0.026165101927511647,0.058141517466642534,0.007587593413785343,-0.008312245479239255,-0.0023651123046514178,-4.272283695877412,0.04486507702952386,0.03163269118499662
S2_vs_S0,S0_structure_control_seed42,S2_boundary_centerline_seed42,ANFC_000368.png,8_55896,0.024039766668778606,0.0335470414174589,0.05135636447352698,-0.0078787715394677,-0.0028641714988074662,0.004272460937434719,-23.054803343050576,0.022163416072605857,0.013360342820439408
S2_vs_S0,S0_structure_control_seed42,S2_boundary_centerline_seed42,ANFC_000369.png,8_55896,0.008777145158733624,0.011351705938877465,0.011164274317717604,0.006853560272729431,0.0002538554293289863,0.0006713867187396749,-0.776043321395008,0.011692270873621569,0.027646647009744285
S2_vs_S0,S0_structure_control_seed42,S2_boundary_centerline_seed42,ANFC_000370.png,8_55896,0.09704357424042276,0.11627793657139635,0.11378848725199775,0.08080744208877366,0.004142327793981604,0.01039123535140396,-11.866662663288611,0.12155506245269909,0.13659897500886142
S2_vs_S0,S0_structure_control_seed42,S2_boundary_centerline_seed42,ANFC_000371.png,8_55896,0.08181374147360798,0.09969368740114948,0.14006953009531564,0.0014918996211530366,-0.006005051307758746,0.013870239257600891,-18.096327338759043,0.09323515805698035,0.07837006728886997
S2_vs_S0,S0_structure_control_seed42,S2_boundary_centerline_seed42,ANFC_000372.png,8_55896,-0.005635526165311711,-0.007781695148484702,-0.022844157394708242,0.017198761293471865,0.0031132487974968592,-0.00019836425780939138,16.327937233777966,-0.019705137103267045,0.0011145343806929775
S2_vs_S0,S0_structure_control_seed42,S2_boundary_centerline_seed42,ANFC_000373.png,8_55896,0.029503712669393112,0.034361642518205504,0.03600319015198783,0.009595164096505737,0.0003171303229387856,0.005096435546797284,20.497063332541455,0.04501491786251832,0.027705806547038914
S2_vs_S0,S0_structure_control_seed42,S2_boundary_centerline_seed42,ANFC_000374.png,8_55896,-0.014364432819089834,-0.018110843734006177,-0.023372477479948417,-0.003371130294848479,0.0004227957368022617,-0.0027618408202703115,-0.891574175421594,0.02922739569842092,-0.005875254484710268
S2_vs_S0,S0_structure_control_seed42,S2_boundary_centerline_seed42,ANFC_000375.png,8_55896,0.02141862000557626,0.02905620057765612,0.03578502574464737,0.0064618799960699524,-0.00017252385141952598,0.00398254394525166,0.67918470694603,0.006419391277457276,-0.010959208399165865
S2_vs_S0,S0_structure_control_seed42,S2_boundary_centerline_seed42,ANFC_000376.png,8_55896,-0.034120926513765415,-0.04167304971298191,-0.03012552300751037,-0.03820916352468462,-0.004079850909083471,-0.006454467773339023,5.204548968501975,-0.0215962186141877,-0.020907236293527975
S2_vs_S0,S0_structure_control_seed42,S2_boundary_centerline_seed42,ANFC_000377.png,8_55896,-0.019646794316862337,-0.0256556739197652,-0.09411764704365544,0.056198851335771405,0.010601540509841412,0.0006866455078020639,-2.1454619659563594,-0.023085276605433025,0.024436276280122016
S2_vs_S0,S0_structure_control_seed42,S2_boundary_centerline_seed42,ANFC_000378.png,8_55896,0.024367636839674023,0.0328328888302607,-0.02977931400827183,0.07939798949492383,0.01408280759792313,0.009048461913924388,-23.740045464781026,0.05661306517405584,-0.013571717136883876
S2_vs_S0,S0_structure_control_seed42,S2_boundary_centerline_seed42,ANFC_000379.png,8_55896,-0.023649679190729578,-0.029562046880961756,0.03613523572640576,-0.06287729689357469,-0.014622258326316251,-0.009628295898290506,15.442917560896566,-0.03382049998993586,-0.02414863996976102
S2_vs_S0,S0_structure_control_seed42,S2_boundary_centerline_seed42,ANFC_000380.png,8_55896,0.03278349314895801,0.044802757149298045,-0.06347044401205792,0.12378684458266809,0.02292332542834452,0.01324462890604794,-21.6792611600103,0.04014136942484259,0.002266499658580612
S2_vs_S0,S0_structure_control_seed42,S2_boundary_centerline_seed42,ANFC_000381.png,8_55896,-0.0221801268119296,-0.025998287866081382,-0.03190202600061964,-0.002864202020365969,0.000509147686763689,-0.0027618408202704225,31.263094975576983,-0.03119152362211297,-0.014979367973406377
S2_vs_S0,S0_structure_control_seed42,S2_boundary_centerline_seed42,ANFC_000382.png,8_55896,-0.027320728171327247,-0.032461182117905496,-0.04179882192548723,-0.0007050995043652586,0.0013754673061758815,-0.004440307617119776,4.527731101188294,-0.03648030461787921,-0.04616927573184282
S2_vs_S0,S0_structure_control_seed42,S2_boundary_centerline_seed42,ANFC_000383.png,8_55896,0.009234090862620503,0.01033239748946102,0.024796234643003512,0.0011077017776988107,-0.002498900131940207,0.0011291503906077915,-26.56139369169386,0.04747128409630441,0.016092911532900933
S2_vs_S0,S0_structure_control_seed42,S2_boundary_centerline_seed42,ANFC_000384.png,8_55896,0.03479192250482188,0.038781932408410935,0.012888198755762637,0.04964423002650331,0.009763774197750097,0.010070800781096345,-1.647570710532797,0.040891231285634766,0.020454759595213423
S2_vs_S0,S0_structure_control_seed42,S2_boundary_centerline_seed42,ANFC_000385.png,8_55896,0.1428304929959786,0.14818592077749315,-0.0022383883591279297,0.17472163557070242,0.018745392084287715,0.018173217773160166,-22.34136662812134,0.1596505712047882,0.10372388156541634
S2_vs_S0,S0_structure_control_seed42,S2_boundary_centerline_seed42,ANFC_000386.png,8_55896,-0.002364776979719152,-0.002976874021070275,-0.04676049784264735,0.044958935407606426,0.0110820351602402,0.0034942626952590983,2.911978987834793,0.017636918135505275,0.030046007211007475
S2_vs_S0,S0_structure_control_seed42,S2_boundary_centerline_seed42,ANFC_000387.png,8_55896,0.028625585357807903,0.033446929517230495,0.0318644067688596,0.025584903939421144,0.0020451858242730436,0.0033874511718233746,-1.1659129895905096,0.007810017089934673,0.03840970007048039
S2_vs_S0,S0_structure_control_seed42,S2_boundary_centerline_seed42,ANFC_000388.png,8_55896,0.04642260747254412,0.0621437058669716,-0.0026714158498060137,0.074733837923882,0.010385951117056758,0.009490966796730116,-7.046850118148029,0.0030491710029837416,-0.013233096676557032
S2_vs_S0,S0_structure_control_seed42,S2_boundary_centerline_seed42,ANFC_000389.png,8_55896,-0.03563410221052521,-0.02547643484372758,0.03756345175758202,-0.031063708063702872,-0.02221313280649695,-0.02041625976531347,54.460789692192336,-0.04373516433237701,-0.04670128350585484
S2_vs_S0,S0_structure_control_seed42,S2_boundary_centerline_seed42,ANFC_000423.png,8_56826,-0.0420395141824359,-0.048047300499005074,0.058428534049147274,-0.09396247052578999,-0.05559562780788263,-0.03564453124945621,18.801879457650216,-0.038957297404095925,0.0037035718715008326
S2_vs_S0,S0_structure_control_seed42,S2_boundary_centerline_seed42,ANFC_000425.png,8_56826,0.005604550746228343,0.008218110966144665,0.03948387096570405,-0.026008748675984905,-0.017503953553486662,-0.000656127929677508,0.6568542494923806,-0.013792958684745837,-0.022240633823358502
S2_vs_S0,S0_structure_control_seed42,S2_boundary_centerline_seed42,ANFC_000426.png,8_56826,0.04497386235843581,0.04782802622990229,0.08999112294218864,-0.06100947912347188,-0.029087388448621687,0.0036621093749440448,-40.29404155593332,0.027519143906658217,-0.02937307762709973
S2_vs_S0,S0_structure_control_seed42,S2_boundary_centerline_seed42,ANFC_000427.png,8_56826,-0.02982846903730496,-0.03947837869556847,-0.06986429237668812,0.016495518744321314,0.009901373791201151,-0.007049560546767419,2.3601910487883284,-0.003711814901805055,0.0015283147503492023
S2_vs_S0,S0_structure_control_seed42,S2_boundary_centerline_seed42,ANFC_000428.png,8_56826,0.0771519363103843,0.09894344247105558,0.12709427975343568,0.01472296627329539,-0.00297570740675257,0.017044067382552375,-13.91586371565269,0.07362608756188804,0.0068313206718420005
S2_vs_S0,S0_structure_control_seed42,S2_boundary_centerline_seed42,ANFC_000429.png,8_56826,-0.003466204179558896,-0.004959820990989905,-0.022978901188324685,0.013546237469339362,0.004181408813048404,0.00021362304687166933,-3.178522281422996,-0.003805324738929361,-0.010869726733507501
S2_vs_S0,S0_structure_control_seed42,S2_boundary_centerline_seed42,ANFC_000430.png,8_56826,-0.02182341387196196,-0.031556646870205984,0.031187034600859587,-0.07012188498306993,-0.020842186951075425,-0.011779785156070255,6.94870648347829,-0.03034607814778989,-0.019221246172739237
S2_vs_S0,S0_structure_control_seed42,S2_boundary_centerline_seed42,ANFC_000433.png,8_56826,0.019994754748730803,0.029847481312745727,0.054028436015299275,-0.0178225176024146,-0.008135366189809368,0.005874633788972794,-18.264624737636296,0.07279495648755518,0.041866355150137924
S2_vs_S0,S0_structure_control_seed42,S2_boundary_centerline_seed42,ANFC_000434.png,8_56826,-0.15268127201619663,-0.16718747987411348,-0.007717611335055996,-0.2196808189955381,-0.07710993892148266,-0.06874084472551356,5.827663458412076,-0.09038876596019552,-0.05746034122224941
S2_vs_S0,S0_structure_control_seed42,S2_boundary_centerline_seed42,ANFC_000435.png,8_56826,-0.040160997208701255,-0.040114134157589576,0.05974264705195975,-0.0720226614701312,-0.050534909909020764,-0.03588867187445244,8.165746869799364,0.001345998416118599,-0.02168928803827197
S2_vs_S0,S0_structure_control_seed42,S2_boundary_centerline_seed42,ANFC_000436.png,8_56826,0.008816088484722151,0.01268358861972596,0.045246965506234416,-0.021018062265255155,-0.014418947109779978,0.0007324218749887867,-1.8451971503212086,0.008163012301758976,-0.049499279231833504
S2_vs_S0,S0_structure_control_seed42,S2_boundary_centerline_seed42,ANFC_000438.png,8_56826,0.0008014569664372972,0.0011663876939491669,0.00799634452760667,-0.0037610163168156907,-0.002289857837948883,-0.00022888183593394729,0.0,0.002522965267556465,0.013554614771581042
S2_vs_S0,S0_structure_control_seed42,S2_boundary_centerline_seed42,ANFC_000439.png,8_56826,-0.00717325777458,-0.010699593860380663,0.003031451307121902,-0.016767214516341555,-0.0068407709949933615,-0.004455566406181943,0.8113883008418963,-0.013361226177472818,-0.01577307055713917
S2_vs_S0,S0_structure_control_seed42,S2_boundary_centerline_seed42,ANFC_000440.png,8_56826,-0.03701015412320874,-0.057207778574807966,0.0006006907943684192,-0.07040324718680802,-0.02276992607869377,-0.018020629882537498,1.7573593128807152,-0.025168914198541392,-0.03633375507678549
S2_vs_S0,S0_structure_control_seed42,S2_boundary_centerline_seed42,ANFC_000441.png,8_56826,-0.018291995218472357,-0.026269182520372136,-0.003984328308388019,-0.03175212828292384,-0.01180735780629183,-0.010009765624847344,5.057466763417914,-0.015442699938716498,-0.04947321569161567
S2_vs_S0,S0_structure_control_seed42,S2_boundary_centerline_seed42,ANFC_000445.png,8_56826,0.17711010787595566,0.13944169610191268,0.21982758610161524,0.14816036123662263,0.008321775311935453,0.015060424804457684,-0.4509825160002947,0.21984460694961705,0.18732901554571818
S2_vs_S0,S0_structure_control_seed42,S2_boundary_centerline_seed42,ANFC_000446.png,8_56826,-0.019753558066700094,-0.023618862544334096,0.02928061830935791,-0.06764208342282918,-0.0283986175109755,-0.016555786132559924,4.613472664042458,0.03611957137064381,-0.012394760315617481
S2_vs_S0,S0_structure_control_seed42,S2_boundary_centerline_seed42,ANFC_000447.png,8_56826,-0.020872042041515493,-0.027030404943252484,0.024246395804042753,-0.04391705660795975,-0.024114911490697,-0.015106201171644518,1.7385453547794896,0.005134100405338016,0.002923083948473293
S2_vs_S0,S0_structure_control_seed42,S2_boundary_centerline_seed42,ANFC_000448.png,8_56826,-0.023046578712530463,-0.03187173624571782,-0.0358881624654489,-0.01248677010144994,-0.000839803246082238,-0.004684448242116002,7.121368848388442,-0.04390125565406633,-0.03956375922926969
S2_vs_S0,S0_structure_control_seed42,S2_boundary_centerline_seed42,ANFC_000449.png,8_56826,-0.01698992627027418,-0.02368399123892917,0.031783457509027335,-0.05300120028812294,-0.018003750022427267,-0.009948730468598233,8.850926122176837,-0.00722398859859219,-0.029375548647856298
S2_vs_S0,S0_structure_control_seed42,S2_boundary_centerline_seed42,ANFC_000450.png,8_56826,0.01448207936554291,0.020459957452450217,0.07606338614878538,-0.033289834541197716,-0.01645314309161361,0.00047302246093028355,-9.459595880677652,0.03808245463691595,0.005018543086349636
S2_vs_S0,S0_structure_control_seed42,S2_boundary_centerline_seed42,ANFC_000451.png,8_56826,-0.0038288947419057306,-0.005692470113940251,0.00908255944391445,-0.01433280697517525,-0.0038932845326463683,-0.001953124999970246,0.0,-0.007337696315623865,-0.014529318174409278
S2_vs_S0,S0_structure_control_seed42,S2_boundary_centerline_seed42,ANFC_000452.png,8_56826,-0.03483798282135819,-0.04925335738746761,0.007377805102225854,-0.06527674050634391,-0.018233321978266437,-0.014419555663842454,2.675444679663241,-0.01438641200901214,-0.021753731492134443
S2_vs_S0,S0_structure_control_seed42,S2_boundary_centerline_seed42,ANFC_000453.png,8_56826,-0.011053759014033937,-0.014749235135999461,0.03059133489013588,-0.034581388026485915,-0.009471245570839004,-0.005294799804606676,1.3119020882540013,0.009123880265466955,0.0059925798145004094
S2_vs_S0,S0_structure_control_seed42,S2_boundary_centerline_seed42,ANFC_000454.png,8_56826,-0.014969724133624074,-0.01865194032264994,-0.0017286084698080462,-0.025560272024536812,-0.0030537860379087345,-0.002960205078079814,-6.079653880241409,-0.006013229262702979,-0.01081074543736149
S2_vs_S0,S0_structure_control_seed42,S2_boundary_centerline_seed42,ANFC_000455.png,8_56826,-0.0060332230140882626,-0.006816466195612048,-0.05339179776801861,0.035419219143487224,0.005497980829960003,0.002014160156219247,-0.22022704341484456,-0.028697155243839312,0.0011577594161710225
S2_vs_S0,S0_structure_control_seed42,S2_boundary_centerline_seed42,ANFC_000456.png,8_56826,-0.026587752285344823,-0.03523269850706201,-0.04954900781123883,-0.008502907369626111,0.0007864245643944834,-0.005599975585852124,1.0112128249263677,-0.041550255723295515,-0.05244666964849398
S2_vs_S0,S0_structure_control_seed42,S2_boundary_centerline_seed42,ANFC_000457.png,8_56826,0.026551610140065462,0.03707282356820485,0.04924971142115564,0.006053302352587164,-0.0007447305980230468,0.005203247070233119,0.9815523140525517,0.027046859440457482,0.021872258427613644
S2_vs_S0,S0_structure_control_seed42,S2_boundary_centerline_seed42,ANFC_000458.png,8_56826,-0.1347080175676565,-0.1378169574798378,-0.1340601655291621,-0.10969215771395657,-0.004027532476040707,-0.013854980468538614,20.663779967282963,-0.14313708297295014,-0.09230243802388594
S2_vs_S0,S0_structure_control_seed42,S2_boundary_centerline_seed42,ANFC_000459.png,8_56826,-0.05083041741132077,-0.06060330004079717,0.041834152145029835,-0.12915156390217641,-0.026063006851084536,-0.019104003905958566,-28.70258382797767,-0.012609886461561581,0.0019874955573907505
S2_vs_S0,S0_structure_control_seed42,S2_boundary_centerline_seed42,ANFC_000460.png,8_56826,0.0012161027254192769,0.001843378122461714,0.0003809523809160664,0.002008098107968981,0.00045424812848937623,0.00044250488280572764,0.0,-0.008140180141090525,0.011809267671001766
S2_vs_S0,S0_structure_control_seed42,S2_boundary_centerline_seed42,ANFC_000461.png,8_56826,-0.022863766824780307,-0.029108494255111972,0.0179366492789802,-0.04637407020425799,-0.013714781100759188,-0.009918212890473566,7.493864429737975,0.002632680967431855,-0.017471608151990337
S2_vs_S0,S0_structure_control_seed42,S2_boundary_centerline_seed42,ANFC_000462.png,8_56826,0.04146758137247342,0.05321227927151739,-0.006688664941880917,0.06485982271602908,0.029527087973242883,0.023330688476206562,2.318020838694821,0.0584822631311851,0.017305462153075046
S2_vs_S0,S0_structure_control_seed42,S2_boundary_centerline_seed42,ANFC_000463.png,8_56826,0.0026579232644317052,0.0037880064157985727,0.01582213735144089,-0.0072147831756356195,-0.004599689422589592,-3.051757812455591e-05,-0.7279220613578552,0.009994410243478358,0.010841004788880837
S2_vs_S0,S0_structure_control_seed42,S2_boundary_centerline_seed42,ANFC_000464.png,8_56826,0.04724060914804995,0.05957849288360284,0.024812463932985973,0.06275130588946787,0.018299539337329973,0.019332885741892403,-13.680209055552574,0.01873281766656021,0.055652074409250685
S2_vs_S0,S0_structure_control_seed42,S2_boundary_centerline_seed42,ANFC_000465.png,8_56826,-0.0051886292329812456,-0.006041972877330548,0.02480898876181492,-0.017591970300315896,-0.013545055227554337,-0.007034301757705141,1.4446568001679196,-0.0032639623168942977,0.026544653946514174
S2_vs_S0,S0_structure_control_seed42,S2_boundary_centerline_seed42,ANFC_000466.png,8_56826,0.00045048974489136917,0.0007097784839031895,0.012088683787515597,-0.010452064469817945,-0.006359649122667621,-0.0007476806640510647,0.5578347358995961,0.007461478761939477,-0.006868580258816204
S2_vs_S0,S0_structure_control_seed42,S2_boundary_centerline_seed42,ANFC_000467.png,8_56826,-0.01117086421854141,-0.011250541725024155,0.014400845552331787,-0.017737673189955117,-0.011454793244234485,-0.008468627929558381,11.451761512451974,0.02758230785592053,-0.009544139846611732
S2_vs_S0,S0_structure_control_seed42,S2_boundary_centerline_seed42,ANFC_000468.png,8_56826,-0.01303157948125766,-0.019522652571271837,0.0050617421289874676,-0.029230364650135177,-0.01461373480771666,-0.009216308593609335,3.586928581699482,-0.01690647567521375,-0.042075218105214085
S2_vs_S0,S0_structure_control_seed42,S2_boundary_centerline_seed42,ANFC_000470.png,8_56826,0.009800826650508188,0.01471659289977667,0.03643946126776243,-0.0167774749676588,-0.007621442180997029,0.0022125244140287492,-2.5039892859881316,-0.0020159377341402163,0.013258154093191754
S2_vs_S0,S0_structure_control_seed42,S2_boundary_centerline_seed42,ANFC_000471.png,8_56826,0.005633321957253967,0.009232262397489643,0.014002074380352503,-0.0024779684216271747,-0.001191437026765274,0.001937866210907968,-0.3944487245360109,0.015835368948795225,0.02793371008361778
S2_vs_S0,S0_structure_control_seed42,S2_boundary_centerline_seed42,ANFC_000472.png,8_58452,-0.0008316480283784289,-0.0008445994487256137,-0.021279949555283784,0.0034282240751062343,0.004882416542693502,0.00234985351558914,-0.9731553477839867,0.004283885923711206,-0.004937791877676068
S2_vs_S0,S0_structure_control_seed42,S2_boundary_centerline_seed42,ANFC_000473.png,8_58452,-0.03106394896790099,-0.037566177883798124,0.0032175894887762624,-0.042649976031159276,-0.015186734851745376,-0.013092041015425271,-0.4523767973666466,-0.011666026291407783,-0.04854775369805864
S2_vs_S0,S0_structure_control_seed42,S2_boundary_centerline_seed42,ANFC_000474.png,8_58452,-0.01184755047289765,-0.014131896792380805,0.028438228431599488,-0.028186753596518233,-0.00664533193993655,-0.004348754882746109,2.690852908439524,0.005684309011061317,-0.013319519794543488
S2_vs_S0,S0_structure_control_seed42,S2_boundary_centerline_seed42,ANFC_000475.png,8_58452,0.09314365426330012,0.08065258828723931,0.12468015814731803,0.07311536719785955,0.004768358998566757,0.012634277343557265,11.21025791205998,0.10181525918536904,0.06640406625856055
S2_vs_S0,S0_structure_control_seed42,S2_boundary_centerline_seed42,ANFC_000476.png,8_58452,0.05404866177670897,0.05282205320757938,0.043585100873824945,0.06202651200840814,0.012317486678909417,0.01600646972631825,-3.606323715519977,0.06214619142467659,0.05722409181930771
S2_vs_S0,S0_structure_control_seed42,S2_boundary_centerline_seed42,ANFC_000477.png,8_58452,-0.039235625242098726,-0.03201722256360873,-0.00029377203281621966,-0.0319971096827662,-0.02277409386430862,-0.021606445312170264,74.83933911470818,-0.07097030506853474,0.04219833657963276
S2_vs_S0,S0_structure_control_seed42,S2_boundary_centerline_seed42,ANFC_000478.png,8_58452,-0.03926486953325925,-0.0515391702565734,-0.08977079795312282,0.0017804171324736773,0.006112774450988789,-0.0076751708983203715,-13.893291841097852,0.012916104753782576,-0.03824272725411043
S2_vs_S0,S0_structure_control_seed42,S2_boundary_centerline_seed42,ANFC_000479.png,8_58452,0.014238721804143983,0.019398828387121703,-0.004349755880661332,0.025464734719481408,0.009894787271104377,0.007446289062386424,-5.017668985773552,0.013499495946524553,-0.016307757608665596
S2_vs_S0,S0_structure_control_seed42,S2_boundary_centerline_seed42,ANFC_000480.png,8_58452,-0.005433100317464801,-0.00714126210715893,0.0020683781479415853,-0.010819843148167307,-0.0026868119405640822,-0.0020904541015306366,-4.373327126245215,0.004878937797390903,-0.030072950039441326
S2_vs_S0,S0_structure_control_seed42,S2_boundary_centerline_seed42,ANFC_000481.png,8_58452,-0.0013488716314162819,-0.0016781003133549133,0.01710794297120055,-0.0181997143077538,-0.004228911313124639,-0.0018310546874721334,-6.713159766873801,0.005419888726669875,-0.006479116768136062
S2_vs_S0,S0_structure_control_seed42,S2_boundary_centerline_seed42,ANFC_000482.png,8_58452,0.07367546044127382,0.07606925672586884,0.06045284677286733,0.0809036641955817,0.02147489280234105,0.026885986327714773,-17.28256229263282,0.10646503821609543,0.03191800159416469
S2_vs_S0,S0_structure_control_seed42,S2_boundary_centerline_seed42,ANFC_000483.png,8_58452,-0.0021067537826661153,-0.0019201045520257365,-0.000515463917259984,-0.002021053229933012,-0.0003773822252912673,-0.00038146972655672684,13.441156063447977,0.07983721463491988,-0.0006204881846995081
S2_vs_S0,S0_structure_control_seed42,S2_boundary_centerline_seed42,ANFC_000484.png,8_58452,0.0057863309433802135,0.008602523601266787,0.045588384602945564,-0.03505789667266124,-0.008709393574645619,-0.0005493164062415623,-0.4721359549995796,0.026621651314028827,-0.027271613777928305
S2_vs_S0,S0_structure_control_seed42,S2_boundary_centerline_seed42,ANFC_000485.png,8_58452,0.011463773047470704,0.015247162862342734,0.018040180399338523,0.004278066474266984,5.152956938370146e-05,0.0020599365234060807,-3.109466379810618,0.010538171871974367,0.013935604796561751
S2_vs_S0,S0_structure_control_seed42,S2_boundary_centerline_seed42,ANFC_000486.png,8_58452,-0.021153275612442513,-0.02525149281725836,0.026088348267271355,-0.06899252913972342,-0.01135136958555949,-0.007781982421756206,6.060923932604172,-0.041281181458163285,-0.06913258695921698
S2_vs_S0,S0_structure_control_seed42,S2_boundary_centerline_seed42,ANFC_000487.png,8_58452,0.05849659045761946,0.0636185037866937,0.1254752851557126,-0.01485092266962107,-0.01226844187281484,0.004867553710863226,0.436111882080624,0.054795299208236115,0.04493276640412436
S2_vs_S0,S0_structure_control_seed42,S2_boundary_centerline_seed42,ANFC_000488.png,8_58452,0.0062269005123801735,0.009213718963824835,0.01543624160866619,-0.0037411250469263635,-0.0008780084701842661,0.000976562499985123,1.0,0.0032657403990417055,0.007684464625345333
S2_vs_S0,S0_structure_control_seed42,S2_boundary_centerline_seed42,ANFC_000489.png,8_58452,-0.0014044360109215503,-0.0019040810633649263,0.015370221863757028,-0.01343896951555279,-0.0035656457780072204,-0.0014038085937286837,0.0,-0.0002641389380928505,-0.00683048347386539
S2_vs_S0,S0_structure_control_seed42,S2_boundary_centerline_seed42,ANFC_000491.png,8_58452,-0.0024042798479163574,-0.002683997788822723,-0.03283801136803566,0.04838812397252357,0.005442290088949919,0.002258300781215472,7.647340608413565,-0.017724240174654793,0.03393002816250723
S2_vs_S0,S0_structure_control_seed42,S2_boundary_centerline_seed42,ANFC_000493.png,8_58452,0.008828248477860456,0.012237960415514393,0.012456930822627,0.006057032589177336,0.000672529746496453,0.0020294189452815248,-1.7082039324993694,0.00434260885640636,0.003873332110464811
S2_vs_S0,S0_structure_control_seed42,S2_boundary_centerline_seed42,ANFC_000494.png,8_58452,-0.01888025444916641,-0.02523585766271874,-0.03959369816758018,-0.004740403403975968,0.0006588483331028128,-0.002304077148402306,0.9806152016519096,0.010267054480639026,-0.015115200938738527
S2_vs_S0,S0_structure_control_seed42,S2_boundary_centerline_seed42,ANFC_000495.png,8_58452,0.0027910591972000187,0.003938434043596506,0.020818168580460372,-0.01388625522844078,-0.0027613479468395763,-0.0002899169921830591,-0.9289321881345245,0.008140899312035543,0.005099417767773118
S2_vs_S0,S0_structure_control_seed42,S2_boundary_centerline_seed42,ANFC_000496.png,8_58452,-0.0037963318873558416,-0.004007448879860487,-0.0009507510931829888,-0.0048508172617658385,-0.0011447152313296405,-0.0011291503906077915,9.579219361848843,0.008072679377301828,-0.005869317079325698
S2_vs_S0,S0_structure_control_seed42,S2_boundary_centerline_seed42,ANFC_000497.png,8_58452,-0.0010303363338264315,-0.001528741078070328,0.015944086489467768,-0.016676104086527865,-0.003990847655971352,-0.0012054443359191813,0.4721359549995796,0.0017106434281188854,0.007240524342923882
S2_vs_S0,S0_structure_control_seed42,S2_boundary_centerline_seed42,ANFC_000498.png,8_58452,-0.007189909061911193,-0.010882198298619583,0.01008471157623192,-0.02399777063895525,-0.0054656598344936524,-0.0031127929687024825,0.24264068711928477,0.0035968326597133338,-0.0030933179929146792
S2_vs_S0,S0_structure_control_seed42,S2_boundary_centerline_seed42,ANFC_000499.png,8_58452,-0.014717742062013817,-0.02280953069805569,0.03914874245599764,-0.07006645926632071,-0.013216091913280992,-0.00619506835928052,0.0,-0.02581031340312734,-0.027677538888373987
S2_vs_S0,S0_structure_control_seed42,S2_boundary_centerline_seed42,ANFC_000500.png,8_58452,0.05612202944601863,0.057353478422014714,0.07554630591559908,0.03605282757305073,0.0007409724852095456,0.006225585937404965,-22.304845581026406,0.07068537870266078,0.05792098983887528
S2_vs_S0,S0_structure_control_seed42,S2_boundary_centerline_seed42,ANFC_000501.png,8_58452,0.03845580423130024,0.038170799156217905,0.09708987893456356,0.012576781630559974,-0.004152271584445977,0.0018463134765343003,-37.12520239219373,0.05926436858314066,0.0688665807585267
S2_vs_S0,S0_structure_control_seed42,S2_boundary_centerline_seed42,ANFC_000502.png,8_58452,0.04560085898434885,0.053875389189356526,0.1515077523926861,-0.025838560322704707,-0.019513471095657597,0.0018615722655965783,0.7316172910710037,0.023282592824937165,0.02925250983586225
S2_vs_S0,S0_structure_control_seed42,S2_boundary_centerline_seed42,ANFC_000503.png,8_58452,0.007867049140718452,0.009702070676115171,0.02342342341814785,-0.0004113612767392416,-0.0010966348042246166,0.0005645751953038403,2.6320324662787584,0.014587803534986565,0.013553154104130272
S2_vs_S0,S0_structure_control_seed42,S2_boundary_centerline_seed42,ANFC_000504.png,8_58452,-0.006622439233422761,-0.007212772346845253,0.03514334786165363,-0.02367339629176768,-0.013059154346213186,-0.007492065429573258,3.0,0.022901059895850673,0.0026720682955786446
S2_vs_S0,S0_structure_control_seed42,S2_boundary_centerline_seed42,ANFC_000505.png,8_58452,0.0010761861467333267,0.0015972537452610958,0.02191328934450676,-0.014960553414793187,-0.0019088951249442987,-0.0003662109374944489,-1.3728802595178529,0.0031018474975849086,0.0002326706483709584
S2_vs_S0,S0_structure_control_seed42,S2_boundary_centerline_seed42,ANFC_000506.png,8_58452,0.011058418313450225,0.012376711351325287,0.04403936118018403,-0.003421166901419692,-0.004836779749484488,-0.00021362304687178035,-1.3042951008469856,0.02501407730880556,0.050628857963075924
S2_vs_S0,S0_structure_control_seed42,S2_boundary_centerline_seed42,ANFC_000507.png,8_58452,-0.009888941489422376,-0.008618196073951645,0.0036124794733620735,-0.011999052260759258,-0.0035365092572764434,-0.00320434570307615,-3.106922340464692,-0.05996471649510382,-0.01668937574356605
S2_vs_S0,S0_structure_control_seed42,S2_boundary_centerline_seed42,ANFC_000508.png,8_58452,-0.008908300272664427,-0.01184879002450745,-0.025367992479585322,0.00316040449127708,0.0016398985629477725,-0.000991821289047401,-0.43121187514974757,-0.013794814231817276,-0.02766245294068015
S2_vs_S0,S0_structure_control_seed42,S2_boundary_centerline_seed42,ANFC_000509.png,8_58452,0.021575436540839377,0.03194335495979783,0.05336534022219874,-0.005110342389349487,-0.003985010510849318,0.005493164062416178,-1.6568542494923806,0.012897600094567974,0.01275775686613323
S2_vs_S0,S0_structure_control_seed42,S2_boundary_centerline_seed42,ANFC_000510.png,8_58452,0.001020413264374298,0.0015949078360328883,0.0054686645515182875,-0.0029549415415772717,-0.0007625059847717885,0.00010681152343583467,0.0,-0.000128906252965022,0.007565390545128614
S2_vs_S0,S0_structure_control_seed42,S2_boundary_centerline_seed42,ANFC_000592.png,8_58646,-0.011664145515673852,-0.012994456479058003,0.06817878584814163,-0.06451546687015663,-0.02296652366391061,-0.012542724609183598,-9.205226540526056,0.01482087296904655,0.008279412304937228
S2_vs_S0,S0_structure_control_seed42,S2_boundary_centerline_seed42,ANFC_000593.png,8_58646,-0.0088323840919583,-0.013515794958220528,0.0053370460604087455,-0.020259714721292732,-0.004374791362784847,-0.0030975341796402045,0.0,-0.008700406319003373,-0.006812133057834013
S2_vs_S0,S0_structure_control_seed42,S2_boundary_centerline_seed42,ANFC_000594.png,8_58646,-0.0027069047878177654,-0.003777561327487078,-0.04201597790294742,0.024666024093341843,0.010108850659600543,0.0020446777343438027,0.0,0.0015940198497536029,-0.005004072731767173
S2_vs_S0,S0_structure_control_seed42,S2_boundary_centerline_seed42,ANFC_000598.png,8_58646,0.012611897754021273,0.017804825298604166,0.005545587994528534,0.016871692791700865,0.002777543977732888,0.0030364990233910927,-1.414213562373095,0.007780101436717257,0.021519478379448675
S2_vs_S0,S0_structure_control_seed42,S2_boundary_centerline_seed42,ANFC_000599.png,8_58646,-0.01711194855343967,-0.026298896054910426,-0.0026828298884455926,-0.029328756001790968,-0.006886357080925776,-0.006240844726467243,1.0710678118654755,-0.019393220389736454,-0.028738985540432305
S2_vs_S0,S0_structure_control_seed42,S2_boundary_centerline_seed42,ANFC_000600.png,8_58646,-0.02008944722997963,-0.024684218252678747,0.06376704754296292,-0.06394502976729666,-0.03538512179000464,-0.018966674804398065,7.605633589816101,-0.02883473452586327,-0.01971548788015265
S2_vs_S0,S0_structure_control_seed42,S2_boundary_centerline_seed42,ANFC_000601.png,8_58646,0.05689948917204357,0.07833683420399817,0.10673629241705096,0.010586651698167082,-0.00273404692548862,0.013259887695110217,-15.205276662490473,0.0425430675691173,0.024600510382729368
S2_vs_S0,S0_structure_control_seed42,S2_boundary_centerline_seed42,ANFC_000602.png,8_58646,-0.07648538911798053,-0.06939829516593454,0.01913459447289967,-0.09126231876681451,-0.03795723452027566,-0.03395080566354447,-2.370499552244773,-0.03180614559869033,-0.00971895540002582
S2_vs_S0,S0_structure_control_seed42,S2_boundary_centerline_seed42,ANFC_000603.png,8_58646,-0.03147790581320076,-0.04137758911565714,-0.038417504129447,-0.025884210823306275,-0.0035370611182741207,-0.007720947265507205,-18.40976569796664,-0.027874738111678954,-0.07489439350387861
S2_vs_S0,S0_structure_control_seed42,S2_boundary_centerline_seed42,ANFC_000607.png,8_58646,0.01353365655582106,0.017581890072160378,0.04328523862054867,-0.006919304961181316,-0.008131331577475809,0.0024719238280872524,-13.678055793215748,0.01687452389207722,-0.0038479551403183265
S2_vs_S0,S0_structure_control_seed42,S2_boundary_centerline_seed42,ANFC_000608.png,8_58646,0.008751939030151257,0.013271077809565268,0.025049850445532207,-0.004224643247501381,-0.0016692168590612955,0.001602172851538075,0.0,-0.0005999830209074686,0.01877434453634752
S2_vs_S0,S0_structure_control_seed42,S2_boundary_centerline_seed42,ANFC_000609.png,8_58646,-0.017899004785492112,-0.01688141662592152,0.03731942214339501,-0.033604041400671525,-0.01577156823860859,-0.011734008788883421,0.24776769279108635,-0.016316280263508176,-0.050480098045971644
S2_vs_S0,S0_structure_control_seed42,S2_boundary_centerline_seed42,ANFC_000610.png,8_58646,-0.035925124226065086,-0.043800725575379174,0.07459505540287081,-0.16500611738335158,-0.02764197066519125,-0.01666259765599576,16.411314720530214,0.025233682851347194,0.06921049162443754
S2_vs_S0,S0_structure_control_seed42,S2_boundary_centerline_seed42,ANFC_000611.png,8_58646,-0.0034422171141779145,-0.003259468224946327,-0.0029159519720555194,-0.00369430424945999,-0.0006364519478673225,-0.0008392333984247324,0.7027345213282103,-0.00011480652319179052,0.04495382280043975
S2_vs_S0,S0_structure_control_seed42,S2_boundary_centerline_seed42,ANFC_000612.png,8_58646,0.00473956965344724,0.007178695094041565,0.0019044596092835375,0.007268841973800622,0.0009453870177944523,0.0010375976562341238,-0.7360679774997898,0.015584426068650181,0.0231787477881108
S2_vs_S0,S0_structure_control_seed42,S2_boundary_centerline_seed42,ANFC_000614.png,8_58646,0.03077267384659166,0.040684474715567576,0.08113937229799639,-0.019533590280042423,-0.012804760990347441,0.006469726562401301,2.264386471705535,-0.007797642997419807,0.0011491432560629677
S2_vs_S0,S0_structure_control_seed42,S2_boundary_centerline_seed42,ANFC_000615.png,8_58646,-0.02183335361550298,-0.03221179839783905,0.011843711842265736,-0.04381522473372346,-0.010672060823585405,-0.007858276367067596,1.0,-0.023365415695803082,-0.06594797547818254
S2_vs_S0,S0_structure_control_seed42,S2_boundary_centerline_seed42,ANFC_000616.png,8_58646,0.000861808168523992,0.001195424038688886,0.026220214365646255,-0.014730025503369548,-0.007687061035491549,-0.0018463134765343003,0.22141436349243016,0.006086889788752048,-0.0030474889603491206
S2_vs_S0,S0_structure_control_seed42,S2_boundary_centerline_seed42,ANFC_000617.png,8_58646,-0.009886524160204524,-0.014468803718869383,0.006836945303555608,-0.02241751559752081,-0.004724491208557335,-0.0033569335936987077,-4.5953260092580805,-0.007162719617273994,-0.017344014423943177
S2_vs_S0,S0_structure_control_seed42,S2_boundary_centerline_seed42,ANFC_000619.png,8_58646,-0.029142061201500313,-0.03737949502399629,-0.0015896307163622003,-0.058542434950613176,-0.01051291886030703,-0.00939941406235667,2.740381372739572,-0.00749794387557956,-0.036872622851483294
S2_vs_S0,S0_structure_control_seed42,S2_boundary_centerline_seed42,ANFC_000620.png,8_58646,0.022886274125557327,0.027310729700465552,0.026001618775192137,0.016991669703991463,0.001814849421371778,0.005462646484291622,-6.062179379063014,0.010135342180314422,-0.002577476305684945
S2_vs_S0,S0_structure_control_seed42,S2_boundary_centerline_seed42,ANFC_000621.png,8_58646,-0.02741445538255216,-0.03130396078771869,-0.03486132511220519,-0.020322004497148383,-0.00261096605739386,-0.007720947265507205,0.42056111638257576,-0.03471028198089077,-0.013774882529283494
S2_vs_S0,S0_structure_control_seed42,S2_boundary_centerline_seed42,ANFC_000622.png,8_58646,0.006322159084720114,0.008800382663005202,0.008913649023828185,0.004353640917284851,0.0004626773596465572,0.0013885498046662947,0.0,-0.0031314351349932545,0.01334079563182422
S2_vs_S0,S0_structure_control_seed42,S2_boundary_centerline_seed42,ANFC_000623.png,8_58646,-0.018512596636708234,-0.022965508385538458,-0.006893094371864472,-0.03001428331187228,-0.005385965216995636,-0.005569458007727568,-0.27095894893004413,0.002699903300835471,-0.0074452500372391706
S2_vs_S0,S0_structure_control_seed42,S2_boundary_centerline_seed42,ANFC_000624.png,8_58646,0.010061302194005695,0.010882805337251555,0.016549789618997224,0.004059189312185962,-0.0003766736294152917,0.0014648437499776845,-10.386181747302047,0.017153438929866094,0.006959159045887953
S2_vs_S0,S0_structure_control_seed42,S2_boundary_centerline_seed42,ANFC_000625.png,8_58646,0.018153485615320042,0.01979848385201116,0.06219496933272495,-0.01827914225031735,-0.009905291510819314,-0.0011138916015455136,-0.23563570303351256,0.018138213394390257,0.044551679108557174
S2_vs_S0,S0_structure_control_seed42,S2_boundary_centerline_seed42,ANFC_000627.png,8_58646,0.020827592642281956,0.030163515791587714,0.045804794516626335,-0.006664601556673588,-0.0034536541888842143,0.005325317382731232,0.0077385177754010215,0.01094466511123926,0.02089423540060531
S2_vs_S0,S0_structure_control_seed42,S2_boundary_centerline_seed42,ANFC_000628.png,8_58646,-0.009452665478370315,-0.012246044374634502,-0.04000691263803624,0.014608710714616224,0.008376109556392786,-0.0001678466796849465,0.004987562112061639,0.00537010304719765,0.012527637309838857
S2_vs_S0,S0_structure_control_seed42,S2_boundary_centerline_seed42,ANFC_000630.png,8_58646,0.012167577438968569,0.016621751464230505,0.011488899237464878,0.012554927785146996,0.0017091124460324458,0.002670288085896755,-4.680080628687744,0.0298200140988214,-0.007279281418384742
S2_vs_S0,S0_structure_control_seed42,S2_boundary_centerline_seed42,ANFC_000631.png,8_58646,-0.004898281789090575,-0.006160353235931004,-0.045062769341852826,0.02432643023446457,0.012157777696544803,0.0028381347655817013,1.9532853613743626,0.014381891817306869,-0.0049535278588039855
S2_vs_S0,S0_structure_control_seed42,S2_boundary_centerline_seed42,ANFC_000632.png,8_58646,-0.046567675773712125,-0.06062265501747188,0.08942558745568852,-0.12407021549094577,-0.038185085354236925,-0.02326965331995745,12.3896065900541,-0.051684259863785886,-0.04330828298590511
S2_vs_S0,S0_structure_control_seed42,S2_boundary_centerline_seed42,ANFC_000633.png,8_58646,0.020913125952565226,0.029464414466518818,0.010828877003899895,0.03182375877492549,0.004478434614777482,0.005203247070233119,-1.7082039324993694,0.02458099429279037,0.022217456484206366
S2_vs_S0,S0_structure_control_seed42,S2_boundary_centerline_seed42,ANFC_000634.png,8_58646,-0.015093104155116888,-0.017684826469449688,-0.01957713390567961,-0.00973236991182247,-0.0009038322487183725,-0.0038146972655668243,0.6724642065263993,-0.01395931321618582,-0.01724076197759572
S2_vs_S0,S0_structure_control_seed42,S2_boundary_centerline_seed42,ANFC_000635.png,8_58646,0.05092483014997384,0.05989110649833096,0.11194859753960851,0.0068966724463845885,-0.0070156502966938206,0.0076751708983203715,-5.911321252965244,0.057004802003434385,0.047937338860555845
S2_vs_S0,S0_structure_control_seed42,S2_boundary_centerline_seed42,ANFC_000636.png,8_58646,0.05699275012004845,0.0658880763664566,0.09370437171745216,-0.0065290085801332776,-0.006958232052271085,0.010925292968583245,-13.113402899405383,0.06329576930141201,0.09775236850319768
S2_vs_S0,S0_structure_control_seed42,S2_boundary_centerline_seed42,ANFC_000637.png,8_58646,0.0053211729172660815,0.006606360314772797,0.00790193496019631,0.002921628592441272,0.000197610706903939,0.0013580322265418499,-0.061127391805051445,-0.011906215820677968,0.011600046323897883
S2_vs_S0,S0_structure_control_seed42,S2_boundary_centerline_seed42,ANFC_000638.png,8_58646,0.017386371083085828,0.024958534812781208,0.05137861465693494,-0.020568684286897954,-0.009592231476540536,0.004241943359310274,-3.3842268941360913,0.02679061466216104,0.04400633517643138
S2_vs_S0,S0_structure_control_seed42,S2_boundary_centerline_seed42,ANFC_000639.png,8_58646,-0.013784677954211788,-0.018864361511631178,-0.007059697794955411,-0.022267318768360855,-0.0072082287193810934,-0.007171630859265643,7.221633720060035,-0.028810798186867492,0.028201362285749987
S2_vs_S0,S0_structure_control_seed42,S2_boundary_centerline_seed42,ANFC_000640.png,8_58646,0.007264164977422438,0.010615664858499074,0.004540991653836368,0.009331861257100948,0.0017425245695661395,0.0020904541015305256,-0.69625159927035,0.010835552372676527,0.003319458417778809
S2_vs_S0,S0_structure_control_seed42,S2_boundary_centerline_seed42,ANFC_000641.png,8_58646,-0.013678550525775046,-0.019391970406631542,0.013271047880531794,-0.033245173466569744,-0.009391093607830303,-0.006134033203031297,-0.37819013859368056,0.005507427580475066,0.00682427690992593
S2_vs_S0,S0_structure_control_seed42,S2_boundary_centerline_seed42,ANFC_000997.png,8_62573,-0.004791018438425776,-0.007086092001647337,-0.0007166746295468318,-0.007454159717046771,-0.0007986960065069493,-0.0007934570312378986,-4.242640687119285,0.053389486332193314,-0.022607778446196103
S2_vs_S0,S0_structure_control_seed42,S2_boundary_centerline_seed42,ANFC_000998.png,8_62573,-0.012385859087157391,-0.01830195468405016,-0.00816427510931117,-0.015016866629562475,-0.001414772172871892,-0.0018310546874721334,0.4721359549995796,-0.002967830745357558,-0.046589255205814695
S2_vs_S0,S0_structure_control_seed42,S2_boundary_centerline_seed42,ANFC_000999.png,8_62573,-0.0024355357833338864,-0.0035917028372481896,-0.00885112409119293,0.0022953445008161433,0.0005677359026070583,-0.00024414062499622524,-0.9637767414994478,0.011032795224425018,-0.03306964024847103
S2_vs_S0,S0_structure_control_seed42,S2_boundary_centerline_seed42,ANFC_001003.png,8_62573,0.059012577888135076,0.08033042883752584,0.10783789970939184,-0.017305309515902367,-0.007590639482623729,0.015487670898201245,-2.6811062843455638,0.04885542489175265,0.09358227888202836
S2_vs_S0,S0_structure_control_seed42,S2_boundary_centerline_seed42,ANFC_001005.png,8_62573,0.025031916630260387,0.03441866510706448,0.01408450704041675,0.033509573514193924,0.0060482477361227804,0.006988525390518308,-5.368357090978526,0.018608874642615403,0.036452572888695745
S2_vs_S0,S0_structure_control_seed42,S2_boundary_centerline_seed42,ANFC_001006.png,8_62573,-0.0012015304497170476,-0.0018797531482485086,0.007929436920177335,-0.011322935962507552,-0.0026881720429612344,-0.0008697509765491773,0.0,-0.01046014949574725,-0.0038095563042052083
S2_vs_S0,S0_structure_control_seed42,S2_boundary_centerline_seed42,ANFC_001007.png,8_62573,-0.009183765754644413,-0.014569692039563709,-0.0028729735273063106,-0.015162806548505992,-0.003065065423856206,-0.0030364990233912037,0.4721359549995796,-0.010969031126741524,-0.024941857542373547
S2_vs_S0,S0_structure_control_seed42,S2_boundary_centerline_seed42,ANFC_001008.png,8_62573,0.017977566985102444,0.026619198520402954,0.043135399413048225,-0.011987622383648922,-0.004483965566086767,0.0047302246093028355,0.16415931915546977,-0.0033949570925363437,-0.0361278993802846
S2_vs_S0,S0_structure_control_seed42,S2_boundary_centerline_seed42,ANFC_001009.png,8_62573,-0.020824799507750846,-0.029855877906379336,-0.046974697467163096,0.008163193885216802,0.006968493960491373,-0.007995605468627986,2.6686334462748587,-0.029100012452184965,-0.013831266387776986
S2_vs_S0,S0_structure_control_seed42,S2_boundary_centerline_seed42,ANFC_001010.png,8_62573,-0.016462300741807767,-0.02365404974335772,-0.03497192394493431,0.008287649985101009,0.002347205922138773,-0.0034332275390100975,3.43357576056847,-0.02524553813716668,0.0003305623958407278
S2_vs_S0,S0_structure_control_seed42,S2_boundary_centerline_seed42,ANFC_001011.png,8_62573,-0.049513389544231456,-0.06140878326332355,-0.10514839489943695,-0.0053629296257791115,0.005569036853309672,-0.008377075195184713,11.613560544322576,-0.06881534279204582,-0.07128930560374258
S2_vs_S0,S0_structure_control_seed42,S2_boundary_centerline_seed42,ANFC_001012.png,8_62573,0.028544038475618816,0.04332840029039364,0.023619678046694847,0.03315282304738887,0.004092445108524689,0.006072998046782296,-2.8768943743823394,0.03174696775335295,0.03561018560058815
S2_vs_S0,S0_structure_control_seed42,S2_boundary_centerline_seed42,ANFC_001013.png,8_62573,0.005449846506059841,0.0071220977259137674,-0.058518518512326034,0.05264429730065601,0.018596441179285494,0.007476806640510869,-7.059508088063666,0.021640218421926982,0.047458055661473875
S2_vs_S0,S0_structure_control_seed42,S2_boundary_centerline_seed42,ANFC_001014.png,8_62573,0.002420810366168036,0.0035430191144780743,0.021988841481622168,-0.013415883767513348,-0.005660943240502814,-0.0005187988281171174,-0.08452405257734963,-0.00012549554797636198,-0.014271870595493508
S2_vs_S0,S0_structure_control_seed42,S2_boundary_centerline_seed42,ANFC_001015.png,8_62573,0.0032372714413765324,0.004786761945996587,0.04354537330054875,-0.03039834945706288,-0.012117910083000671,-0.001663208007787076,0.6013591472378259,-0.01349004206493698,0.011720610933656839
S2_vs_S0,S0_structure_control_seed42,S2_boundary_centerline_seed42,ANFC_001016.png,8_62573,0.00029299107006752756,0.00044602402548266085,0.00846660394994403,-0.0055416715803524585,-0.001359841638671866,-0.00024414062499622524,0.47440161706494255,-0.009737667447837106,-0.03313367505448994
S2_vs_S0,S0_structure_control_seed42,S2_boundary_centerline_seed42,ANFC_001017.png,8_62573,-0.006205658376000511,-0.007340950557693016,-0.0007795100221849038,-0.010181037640007218,-0.0028113727985923376,-0.0025329589843363642,0.13696502904878827,-0.014045963950420681,-0.01982756152036913
S2_vs_S0,S0_structure_control_seed42,S2_boundary_centerline_seed42,ANFC_001018.png,8_62573,-0.011589605965436234,-0.015453883003816227,0.0059698571143110835,-0.025225525379520386,-0.007628619978892415,-0.005508422851478456,34.71989011071948,-0.042839963492484534,-0.020993320483880362
S2_vs_S0,S0_structure_control_seed42,S2_boundary_centerline_seed42,ANFC_001019.png,8_62573,-0.004858603856947918,-0.006679305376660505,0.0042943587737366284,-0.011295448183749723,-0.0036896364622229783,-0.0024414062499626965,30.63068312314702,-0.012873877131341582,-0.002311721232972963
S2_vs_S0,S0_structure_control_seed42,S2_boundary_centerline_seed42,ANFC_001020.png,8_62573,-0.02026285534562744,-0.021952220024072322,0.03549545741907978,-0.033086780898139434,-0.013042119632040383,-0.00953674316391695,8.82653764900789,-0.04438879341579993,-0.011454747485206751
S2_vs_S0,S0_structure_control_seed42,S2_boundary_centerline_seed42,ANFC_001021.png,8_62573,-0.009131763037940943,-0.01316275701617764,0.02180218957408042,-0.03600229357234008,-0.010574486316786591,-0.005294799804606676,0.08276253029821934,0.014471498109196457,-0.03154335388780083
S2_vs_S0,S0_structure_control_seed42,S2_boundary_centerline_seed42,ANFC_001022.png,8_62573,-0.009330212144638694,-0.014275137899227963,0.018154022547472337,-0.03315923172708446,-0.008897766478865199,-0.004577636718680167,1.0,-0.01245574319308751,-0.053045864400395715
S2_vs_S0,S0_structure_control_seed42,S2_boundary_centerline_seed42,ANFC_001023.png,8_62573,0.00039774348997301257,0.0005551544430496547,0.016404886560046017,-0.018263272572915268,-0.003547531655510916,-0.0009307861327982891,-0.056649888741205245,-0.012502486399706969,-0.014797466465534814
S2_vs_S0,S0_structure_control_seed42,S2_boundary_centerline_seed42,ANFC_001024.png,8_62573,-0.0032246120356014263,-0.0046808312439908795,0.04790103960417147,-0.04175400292710674,-0.010028134007455836,-0.003311157226511985,0.12310562561766059,0.005968194882937983,-0.022678501452708888
S2_vs_S0,S0_structure_control_seed42,S2_boundary_centerline_seed42,ANFC_001026.png,8_62573,-0.0035160280578432346,-0.004864116252871753,0.010297146217961517,-0.014543921933103832,-0.002877183424650487,-0.0015106201171644074,0.0,0.0010363216372435424,-0.0210478618004879
S2_vs_S0,S0_structure_control_seed42,S2_boundary_centerline_seed42,ANFC_001027.png,8_62573,0.0017196597410449321,0.002561228139750904,0.01612903225653417,-0.00931316241203295,-0.0034184304312419034,-0.0002746582031208922,0.12310562561766059,0.005207263194898948,-0.03212367579050168
S2_vs_S0,S0_structure_control_seed42,S2_boundary_centerline_seed42,ANFC_001028.png,8_62573,-0.006336129859163653,-0.007793245674320937,0.02238200162096926,-0.017848746571905716,-0.009347600723747629,-0.005172729492108563,3.884441806346466,-0.007932672296206311,0.02934555903246744
S2_vs_S0,S0_structure_control_seed42,S2_boundary_centerline_seed42,ANFC_001029.png,8_62573,-0.06247456179281763,-0.0758547472849741,0.044067397190518776,-0.10838370934862962,-0.04401479429886557,-0.0326080322260649,6.793023486755498,-0.0722603288020186,-0.050832340750773974
S2_vs_S0,S0_structure_control_seed42,S2_boundary_centerline_seed42,ANFC_001030.png,8_62573,0.0016315500160203333,0.0024034814480584643,0.01831744715969197,-0.01609993793343667,-0.004899852256271542,-0.0006256103515529521,0.6148351928654963,-0.0014986321932561886,0.023384873382256477
S2_vs_S0,S0_structure_control_seed42,S2_boundary_centerline_seed42,ANFC_001032.png,8_62573,-0.0828153040596945,-0.0840825700688338,0.016438356156877387,-0.1307718957882244,-0.012928993148534573,-0.011947631835755201,-1.0,-0.09811959115956059,-0.00654732381310158
S2_vs_S0,S0_structure_control_seed42,S2_boundary_centerline_seed42,ANFC_001033.png,8_62573,0.004838660708288978,0.006083545743700736,0.007724159897457894,-0.0002406421955443161,-0.00037751519497952746,0.0011749267577945144,-2.3652849024304423,0.05121130910674121,0.01725792772894741
S2_vs_S0,S0_structure_control_seed42,S2_boundary_centerline_seed42,ANFC_001034.png,8_62573,-0.022846177229501885,-0.02905160373608484,0.001959823615554468,-0.04025847947153105,-0.007237473280136797,-0.0063781738280276334,13.219932953101265,0.021800043329214924,-0.031205094222776397
S2_vs_S0,S0_structure_control_seed42,S2_boundary_centerline_seed42,ANFC_001035.png,8_62573,-0.01463376396071181,-0.01805383574614028,-0.023116883110878672,-0.008126235692279882,-0.00017832247187088424,-0.0015258789062266853,1.2374732659580019,-0.04434406019640558,-0.0375251439154185
S2_vs_S0,S0_structure_control_seed42,S2_boundary_centerline_seed42,ANFC_001036.png,8_62573,0.0424878225683496,0.05467654640405584,-0.0034491253994951565,0.059446786425971565,0.00982481253135603,0.009002685546737665,-50.79225337679701,0.038358229940926636,0.01996762951463804
S2_vs_S0,S0_structure_control_seed42,S2_boundary_centerline_seed42,ANFC_001037.png,8_62573,0.005816348780509739,0.008096035272260993,0.014841067669194685,-0.004648337805060465,-0.0013095722653598818,0.0009155273437360112,-0.5578347358995961,0.0043656439764450106,0.022662678986695828
S2_vs_S0,S0_structure_control_seed42,S2_boundary_centerline_seed42,ANFC_001038.png,8_62573,0.007028361014709716,0.007506091083724187,-0.01559162750628118,0.011872334298336784,0.005159890886298979,0.0036773681640063227,-46.017267358128,0.022358330820789862,-0.013707092629314632
S2_vs_S0,S0_structure_control_seed42,S2_boundary_centerline_seed42,ANFC_001039.png,8_62573,0.036864041068371156,0.044120547699835866,0.07240244472383528,0.007634615452943638,-0.0007569903325906902,0.001617431640600353,-8.758368127901896,0.07806162318596388,-0.006269360012930769
S2_vs_S0,S0_structure_control_seed42,S2_boundary_centerline_seed42,ANFC_001135.png,8_84237,0.035595029509492226,0.04123837237979122,0.14147343699986104,-0.02619682655855482,-0.00824091808964822,-0.0004577636718680056,-3.99002487577582,-0.003641577307414101,0.004979620004043062
S2_vs_S0,S0_structure_control_seed42,S2_boundary_centerline_seed42,ANFC_001137.png,8_84237,0.004872976841339582,0.005402592715798404,-0.039420485161920316,0.02235708130111369,0.004730852832043109,0.0027313232421457556,2.828146401537822,0.026561804880018025,0.0034885315149193463
S2_vs_S0,S0_structure_control_seed42,S2_boundary_centerline_seed42,ANFC_001138.png,8_84237,0.08493901560716866,0.08393647168604762,0.047532820269911014,0.10722383143118991,0.015527340554083446,0.017684936523167716,-21.78649535898478,0.1346854915035069,0.08846009456366916
S2_vs_S0,S0_structure_control_seed42,S2_boundary_centerline_seed42,ANFC_001139.png,8_84237,0.04308540736029853,0.05592437529879268,0.010278372588805484,0.058709861766674476,0.009085532152448228,0.009170532226422501,-5.531692448086193,0.04298723200764398,0.040127871783757874
S2_vs_S0,S0_structure_control_seed42,S2_boundary_centerline_seed42,ANFC_001140.png,8_84237,0.010618707057825638,0.01534532505761843,0.006092715230174073,0.013512995226704128,0.0012143585757806719,0.0014953613281022404,0.0,0.02646811705851193,0.014342491178715333
S2_vs_S0,S0_structure_control_seed42,S2_boundary_centerline_seed42,ANFC_001143.png,8_84237,0.03102186388646677,0.03130123237096921,0.044097381707832506,0.008444187232519274,-0.0008172338269292201,0.0021667480468419154,11.018517339421923,0.05566459415958103,0.04959817868081329
S2_vs_S0,S0_structure_control_seed42,S2_boundary_centerline_seed42,ANFC_001144.png,8_84237,0.05109840205347249,0.04776044718595357,0.05454545453533477,0.048019597363781086,0.004489076580246554,0.00860595703111866,-10.646403289646003,0.03821303475753968,0.07523065556681058
S2_vs_S0,S0_structure_control_seed42,S2_boundary_centerline_seed42,ANFC_001145.png,8_84237,-0.0326414815853967,-0.03198006533139802,-0.06182348042010333,0.002346694059518928,0.003573075149779781,-0.0012207031249813483,27.156292234071262,-0.002207713898767505,-0.058766093661674845
S2_vs_S0,S0_structure_control_seed42,S2_boundary_centerline_seed42,ANFC_001146.png,8_84237,0.011965029154909934,0.011397452604611169,0.04728481712327859,0.0008561976208717459,-0.002642092027524856,-0.0005798339843662292,5.223895876694678,0.01704596245313439,0.02254978427662041
S2_vs_S0,S0_structure_control_seed42,S2_boundary_centerline_seed42,ANFC_001147.png,8_84237,-0.01897304260553556,-0.020607932704820198,-0.05076419212588312,-0.004387775231107782,0.0019071631755575025,-0.0010375976562341238,-0.3198373745295271,-0.029059357936881525,-0.04144585122882993
S2_vs_S0,S0_structure_control_seed42,S2_boundary_centerline_seed42,ANFC_001148.png,8_84237,0.046452207777348486,0.04533106958257377,0.1286630036040921,-0.004742957735477393,-0.004735446394672049,-0.0002899169921830591,22.69410712406819,0.055007158432293035,0.005990093396485041
S2_vs_S0,S0_structure_control_seed42,S2_boundary_centerline_seed42,ANFC_001149.png,8_84237,-0.08659615413771765,-0.07646694158196349,0.022988505726800668,-0.0892900274553346,-0.012017700488905936,-0.011413574218575806,38.777403418963836,-0.17208324006391446,-0.13488130685836464
S2_vs_S0,S0_structure_control_seed42,S2_boundary_centerline_seed42,ANFC_001150.png,8_84237,-0.0075682417368027055,-0.010570605563360203,-0.004516526379692798,-0.010014069074081644,-0.0010549740377309158,-0.001312255859355016,0.0,-0.007128284998888512,-0.029232340385278333
S2_vs_S0,S0_structure_control_seed42,S2_boundary_centerline_seed42,ANFC_001151.png,8_84237,0.0064313226632818354,0.00906379171763938,0.02131266650262631,-0.00805006818034093,-0.0022172561890739795,0.0007476806640511757,-2.0529190860537607,0.036297169373848415,-0.016386309945642163
S2_vs_S0,S0_structure_control_seed42,S2_boundary_centerline_seed42,ANFC_001152.png,8_84237,-0.0441496252925887,-0.052277401516947264,-0.05774647883257289,-0.0357347974243023,-0.0012945286667712663,-0.0025177001952740863,0.031554883823559976,-0.013979934511920367,-0.003499313482642652
S2_vs_S0,S0_structure_control_seed42,S2_boundary_centerline_seed42,ANFC_001155.png,8_84237,-0.08430409906530101,-0.08994704811161408,-0.052256532045820925,-0.09770922733404108,-0.008268528804820319,-0.00996398925766051,-11.968941675957858,-0.03880427091843652,-0.056149143928432954
S2_vs_S0,S0_structure_control_seed42,S2_boundary_centerline_seed42,ANFC_001156.png,8_84237,0.02596182071354569,0.028485521143619297,0.024588713952841235,0.0269441580925589,0.0031394552710595214,0.004989624023361339,-14.70783586399682,0.03525583802226595,0.0031025603871362994
S2_vs_S0,S0_structure_control_seed42,S2_boundary_centerline_seed42,ANFC_001157.png,8_84237,0.00417218545567577,0.004610233828455157,0.09933407322438015,-0.06711037880576431,-0.011076664728878804,-0.005004882812423617,-4.0864519383250695,0.03022554070614991,-0.03210683510298484
S2_vs_S0,S0_structure_control_seed42,S2_boundary_centerline_seed42,ANFC_001158.png,8_84237,-0.022793939113314954,-0.022941709396255783,-0.007939581718059752,-0.04044704958654732,-0.0047041674947871925,-0.004959106445236783,6.953794833716543,-0.0029706951928816228,-0.031117835535140803
S2_vs_S0,S0_structure_control_seed42,S2_boundary_centerline_seed42,ANFC_001159.png,8_84237,0.00094345154280151,0.0012020704741041444,0.021854304633349475,-0.028835336784007848,-0.005506763935025472,-0.0017242431640361877,-0.24373153268004444,0.008115295123407251,-0.0256126610981271
S2_vs_S0,S0_structure_control_seed42,S2_boundary_centerline_seed42,ANFC_001160.png,8_84237,0.024990946826425442,0.02964000910379949,0.04151705564597907,-0.0032256736768091487,-0.0009823182711037326,0.0019073486327834122,-2.9937423457679557,0.020547432250282993,0.015538336754447268
S2_vs_S0,S0_structure_control_seed42,S2_boundary_centerline_seed42,ANFC_001161.png,8_84237,0.07170938940262817,0.0793883638481776,0.21982378849783613,-0.0990702684559438,-0.017656895533843864,-0.0012054443359190703,-2.7697647047138645,-0.06564872496319518,0.042850767617115204
S2_vs_S0,S0_structure_control_seed42,S2_boundary_centerline_seed42,ANFC_001162.png,8_84237,-0.047105922773017284,-0.06307214142091733,-0.023595505612675205,-0.071384274626764,-0.006057034344922552,-0.007247924804576922,6.0,-0.019792653045668684,-0.06310811243469527
S2_vs_S0,S0_structure_control_seed42,S2_boundary_centerline_seed42,ANFC_001163.png,8_84237,-0.03183286675926744,-0.04054424567697712,0.011670020118376256,-0.09267614177618722,-0.008057325892281808,-0.006561279296774858,6.734256896514157,-0.01816586652655683,-0.04890100312563661
S2_vs_S0,S0_structure_control_seed42,S2_boundary_centerline_seed42,ANFC_001164.png,8_84237,-0.0021585365462502004,-0.0028777164719075987,0.015006524572638846,-0.024684900574853952,-0.0021825461944570135,-0.000976562499985123,-5.5173874671094545,-0.013162991291797543,-0.037185310922998094
S2_vs_S0,S0_structure_control_seed42,S2_boundary_centerline_seed42,ANFC_001165.png,8_84237,-0.009157550859516639,-0.012086812257628199,-0.004349927500157169,-0.014317522093598378,-0.0011075279324879173,-0.001312255859354905,1.6591335108657006,0.008611616346198558,-0.006428470665092223
S2_vs_S0,S0_structure_control_seed42,S2_boundary_centerline_seed42,ANFC_001166.png,8_84237,-0.03697779570252324,-0.04567594629043348,0.0003762227237110727,-0.05611636776476303,-0.005089220394969729,-0.004867553710863226,0.9476095126240871,-0.014541759224945827,-0.04912412061633409
S2_vs_S0,S0_structure_control_seed42,S2_boundary_centerline_seed42,ANFC_001167.png,8_84237,-0.016217800505879953,-0.020567622511987405,0.014784294712849255,-0.04017266369024752,-0.004803777886259519,-0.003570556640570488,2.513167019494862,-0.02522033680792546,-0.014858378482792034
S2_vs_S0,S0_structure_control_seed42,S2_boundary_centerline_seed42,ANFC_001169.png,8_84237,0.012477294299771291,0.0170436003335378,0.026977687621302704,-0.002411144218310346,-0.0008085008084873779,0.00128173828123046,0.38516480713450374,-0.006323167416126485,0.0440819238964093
S2_vs_S0,S0_structure_control_seed42,S2_boundary_centerline_seed42,ANFC_001170.png,8_84237,0.05975782138712482,0.06695302416174131,0.11340623729712174,0.02837099411540378,-0.0006501022721763228,0.003646850585881878,-4.2147581201813145,0.06867755529380348,0.058920306790057664
S2_vs_S0,S0_structure_control_seed42,S2_boundary_centerline_seed42,ANFC_001171.png,8_84237,0.009232520960495316,0.0079725682420409,0.06417445478867634,-0.0061604193258690265,-0.0036914798766843893,-0.0020294189452815248,0.10937452719522867,0.045288382697996066,0.006441557316705759
S2_vs_S0,S0_structure_control_seed42,S2_boundary_centerline_seed42,ANFC_001172.png,8_84237,-0.0021832783394238886,-0.0029758069981009605,0.024327418424634373,-0.028193289314137338,-0.002417717030359756,-0.000991821289047401,-31.850771644478584,-0.0066115006637214035,0.024004191891739524
S2_vs_S0,S0_structure_control_seed42,S2_boundary_centerline_seed42,ANFC_001178.png,8_84237,-0.04381724965734202,-0.04310223783634015,0.015254787401734804,-0.07697205535738078,-0.010599631734679371,-0.009384155273294281,3.980075946239637,-0.02403992896951923,-0.06856263102674764
S2_vs_S0,S0_structure_control_seed42,S2_boundary_centerline_seed42,ANFC_001179.png,8_84237,0.003757107587349373,0.004227039067120131,0.02187351401717863,-0.005085127718830185,-0.0009931739000048623,-0.0002593994140586142,7.459837138714523,0.009878964053390171,-0.019338974093954242
S2_vs_S0,S0_structure_control_seed42,S2_boundary_centerline_seed42,ANFC_001298.png,8_92229,-0.013293091271773139,-0.018736063930944957,-0.010410513879916539,-0.01775366977830528,-0.003442837359527662,-0.004882812499925393,-1.4009345590326951,-0.04867044981643276,-0.08858330776097828
S2_vs_S0,S0_structure_control_seed42,S2_boundary_centerline_seed42,ANFC_001299.png,8_92229,-0.025503152582697863,-0.03416778189615133,-0.045378897143528385,0.0017704341907004428,0.0016453479114405534,-0.004821777343676503,0.8196018197079731,-0.008872336632703037,-0.05587437818194407
S2_vs_S0,S0_structure_control_seed42,S2_boundary_centerline_seed42,ANFC_001300.png,8_92229,-0.0119634586526417,-0.015166468330023442,-0.01963906581393504,-0.004392245740249989,8.349475652791316e-05,-0.001617431640600353,5.013725622124092,-0.012659604970619132,-0.011464529257613654
S2_vs_S0,S0_structure_control_seed42,S2_boundary_centerline_seed42,ANFC_001301.png,8_92229,0.10871231695634526,0.10194859623085628,0.009099064461220219,0.22346347320494958,0.050040704622139165,0.045166015624310885,-1.7864530528151121,0.14193278895450773,0.02477077098256128
S2_vs_S0,S0_structure_control_seed42,S2_boundary_centerline_seed42,ANFC_001302.png,8_92229,-0.014743391318735755,-0.010813587943612979,-0.005700401831071816,-0.06594529784307601,-0.005762742773670837,-0.005752563476474792,-7.624055147043535,-0.03416890434889269,0.06012932451100245
S2_vs_S0,S0_structure_control_seed42,S2_boundary_centerline_seed42,ANFC_001303.png,8_92229,-0.018938796582823436,-0.013780806995641104,0.0011430204313269132,-0.09241363928291862,-0.01054034200573073,-0.009292602538920725,-74.93307210017801,0.011404838922967786,0.0010254522786215525
S2_vs_S0,S0_structure_control_seed42,S2_boundary_centerline_seed42,ANFC_001304.png,8_92229,-0.156082657283743,-0.12421616061521734,-0.06892307688066268,-0.16604767083874283,-0.02118571137955616,-0.022369384765283717,11.107249082033022,-0.13118112839557,-0.10461008487162049
S2_vs_S0,S0_structure_control_seed42,S2_boundary_centerline_seed42,ANFC_001305.png,8_92229,0.08552737990024528,0.1291412516443431,0.027582869579583114,0.15602346571161818,0.01042294350421935,0.011505126952949474,-131.34893833635851,0.20463317984576135,0.17795591860920007
S2_vs_S0,S0_structure_control_seed42,S2_boundary_centerline_seed42,ANFC_001306.png,8_92229,0.06778247420915406,0.09183564443756997,0.05831452218617117,0.07751524739377957,0.007173696446244215,0.01132202148420225,0.38372667472062005,0.11869371228336478,0.12837068005796226
S2_vs_S0,S0_structure_control_seed42,S2_boundary_centerline_seed42,ANFC_001307.png,8_92229,0.012814511265139328,0.017306234587955105,0.03034166241326597,-0.012929162101090186,-0.0023400124800260214,0.0015716552734135192,1.0,-0.008803473536891704,0.008764955218669823
S2_vs_S0,S0_structure_control_seed42,S2_boundary_centerline_seed42,ANFC_001308.png,8_92229,0.014410735503544214,0.020304639917517853,0.047986289624680656,-0.02877305738761249,-0.004441862848866607,0.0011596679687322364,1.0,0.00029743628003242595,0.027873248027559194
S2_vs_S0,S0_structure_control_seed42,S2_boundary_centerline_seed42,ANFC_001309.png,8_92229,0.040470266013626466,0.052546939497502,0.009145607699363234,0.05701755249639562,0.007396425603893753,0.007507324218635425,-4.101668173370634,0.059918306838540714,0.04338511075059137
S2_vs_S0,S0_structure_control_seed42,S2_boundary_centerline_seed42,ANFC_001310.png,8_92229,0.03422286626354942,0.04126436733294436,0.1501099340095724,-0.06295157394072692,-0.014091487287692828,-0.0015563964843512412,-26.757736463906,0.10088816186053584,0.015459835602078698
S2_vs_S0,S0_structure_control_seed42,S2_boundary_centerline_seed42,ANFC_001311.png,8_92229,-0.079499399189774,-0.08640786282775847,0.0003435245618881311,-0.10938220792858394,-0.01459481037900845,-0.013931274413849892,23.901145342503227,-0.05476715009085198,-0.1266704213441246
S2_vs_S0,S0_structure_control_seed42,S2_boundary_centerline_seed42,ANFC_001312.png,8_92229,-0.03511752502562482,-0.04072653801593762,-0.06804078012676396,-0.001480129240173711,0.0020975353958754273,-0.0027313232421457556,4.959874739504016,-0.0857684528057624,-0.053409034871543026
S2_vs_S0,S0_structure_control_seed42,S2_boundary_centerline_seed42,ANFC_001313.png,8_92229,-0.006339697457191096,-0.007718552591600036,-0.001670146137438433,-0.011546137318254823,-0.0011194152701228255,-0.0011596679687322364,2.0,0.02528370436766736,-0.0004032214370865983
S2_vs_S0,S0_structure_control_seed42,S2_boundary_centerline_seed42,ANFC_001314.png,8_92229,-0.039187962679053445,-0.04973834750781092,-0.15348837201370114,0.07260853567568193,0.004638291850684095,-3.051757812444489e-05,-1.5499759680492362,0.004954190955098303,-0.02431227496778199
S2_vs_S0,S0_structure_control_seed42,S2_boundary_centerline_seed42,ANFC_001315.png,8_92229,-0.00761559048114413,-0.01252577834298041,0.0020666494443210004,-0.0170340410090134,-0.002630030798999372,-0.0020751953124683586,1.0,-0.01744921965037627,-0.022247014903253204
S2_vs_S0,S0_structure_control_seed42,S2_boundary_centerline_seed42,ANFC_001316.png,8_92229,-0.0060873274576417336,-0.00709414331557523,0.0006853226726800665,-0.013790387535475679,-0.002835455522043784,-0.0023651123046514178,-0.2417927900385397,0.008466335348907061,-0.008879434500332684
S2_vs_S0,S0_structure_control_seed42,S2_boundary_centerline_seed42,ANFC_001317.png,8_92229,-0.020032527944281342,-0.02430105411450001,-0.07787234039239477,0.019050067317472164,0.0028803848953425915,-1.5258789062277955e-05,-0.4721359549995796,-0.019245562582392184,-0.019144080407968667
S2_vs_S0,S0_structure_control_seed42,S2_boundary_centerline_seed42,ANFC_001318.png,8_92229,0.08087415260444131,0.09079609167872832,0.21428571425972764,-0.03692403043425396,-0.025589108046332854,0.004592895507742445,-6.471284205960464,0.1111398091100152,0.0598563663321966
S2_vs_S0,S0_structure_control_seed42,S2_boundary_centerline_seed42,ANFC_001319.png,8_92229,0.06098143428209557,0.06569467553309938,0.10616694040523111,-0.035738478727778245,-0.007257091384842429,0.004333496093683831,-27.87708220825842,0.035520780442294564,0.09943476517979322
S2_vs_S0,S0_structure_control_seed42,S2_boundary_centerline_seed42,ANFC_001321.png,8_92229,0.003419072003877366,0.004958322347425992,0.023393115737619152,-0.014266407501626555,-0.003925104757794062,-0.00018310546874722444,-1.0990195135927845,0.014465652142320318,0.008617021184750495
S2_vs_S0,S0_structure_control_seed42,S2_boundary_centerline_seed42,ANFC_001322.png,8_92229,-0.01107859686994661,-0.014740919166143063,0.0181145305769157,-0.03326113364684147,-0.005049501672046541,-0.003234863281200706,-4.219544457292887,0.012607323995904363,-0.006916656769083374
S2_vs_S0,S0_structure_control_seed42,S2_boundary_centerline_seed42,ANFC_001324.png,8_92229,-0.01265465485045758,-0.00994484173816576,0.028065997613868687,-0.18298202844377254,-0.01548854283628931,-0.011581420898260752,-0.7678137385094033,-0.01695161670275147,-0.04418143694367799
S2_vs_S0,S0_structure_control_seed42,S2_boundary_centerline_seed42,ANFC_001325.png,8_92229,-0.021978320699471254,-0.030954469946300134,-0.005255736443371961,-0.039488332027369566,-0.006218065298238207,-0.006103515624906852,5.916214232089008,-0.02794720704351583,-0.057287493104144716
S2_vs_S0,S0_structure_control_seed42,S2_boundary_centerline_seed42,ANFC_001326.png,8_92229,-0.046582548712215344,-0.06704746984454013,-0.042330097081899054,-0.049902696547656555,-0.007801283492625877,-0.011871337890443812,3.6148351928654963,-0.054646567967173376,-0.06455505853366184
S2_vs_S0,S0_structure_control_seed42,S2_boundary_centerline_seed42,ANFC_001327.png,8_92229,-0.0070191213125327945,-0.010515051677608356,0.0027267508606878543,-0.016067169650352264,-0.002458680508085398,-0.0019073486327833011,0.5175543501536715,-0.01024019972846213,-0.023231743367348567
S2_vs_S0,S0_structure_control_seed42,S2_boundary_centerline_seed42,ANFC_001328.png,8_92229,0.007384125765616756,0.009894032785499607,0.020244938762778664,-0.007603901006568825,-0.0018771509020426569,0.0008239746093623435,13.155273993999256,-0.0022306555919532345,0.01820540256708758
S2_vs_S0,S0_structure_control_seed42,S2_boundary_centerline_seed42,ANFC_001329.png,8_92229,0.1791596912078956,0.17897922540940053,0.34699136704716005,0.022937212403315477,-0.028628299436977533,0.015853881835695582,-25.008699089543967,0.21925471783605466,0.06970727213519506
S2_vs_S0,S0_structure_control_seed42,S2_boundary_centerline_seed42,ANFC_001330.png,8_92229,0.045474168521882796,0.05043847300356158,-0.023039611961325868,0.0743799401946642,0.027996696148466782,0.022216796874660938,-13.72592158693459,0.04139718462036479,0.028040474908806956
S2_vs_S0,S0_structure_control_seed42,S2_boundary_centerline_seed42,ANFC_001333.png,8_92229,-0.030688551794694208,-0.039078048842349666,-0.04535558779196103,-0.018254335039799008,-0.0004300732717357203,-0.002319335937464584,7.6603120634534285,-0.021046390943455062,-0.06670015559670922
S2_vs_S0,S0_structure_control_seed42,S2_boundary_centerline_seed42,ANFC_001334.png,8_92229,-0.011184750128370835,-0.014745627064929323,-0.013172751221531387,-0.008148948751825147,-0.0007817250065007553,-0.002288818359340028,1.1074595077718694,-0.01785566713340514,3.962202067997467e-05
S2_vs_S0,S0_structure_control_seed42,S2_boundary_centerline_seed42,ANFC_001335.png,8_92229,-0.0031039857690131623,-0.0038953059023763004,-0.0017578554160058157,-0.00414909726100976,-0.00044273181929255223,-0.0005340576171793954,-0.1328322281276879,0.014386174161550302,-0.01641247198210727
S2_vs_S0,S0_structure_control_seed42,S2_boundary_centerline_seed42,ANFC_001336.png,8_92229,-0.005789061813015195,-0.008371901238051205,0.0016628559547572364,-0.01110341970041473,-0.0013997529847442625,-0.0011749267577945144,0.16227766016837952,0.002571670065724896,-0.030263705721355616
S2_vs_S0,S0_structure_control_seed42,S2_boundary_centerline_seed42,ANFC_001337.png,8_92229,0.0024195227599485003,0.002824192280105997,0.015136718746304512,-0.0041530279869375075,-0.0013509114583113435,-0.000320434570307615,0.14193926538268897,-0.002952906283701373,0.01004868987429558
S2_vs_S0,S0_structure_control_seed42,S2_boundary_centerline_seed42,ANFC_001338.png,8_92229,-0.016164820852539563,-0.023117445998410036,0.009497427778097034,-0.03630404022065936,-0.0046625442279577545,-0.003570556640570488,1.0,0.008912628233687436,-0.027145448087200985
S2_vs_S0,S0_structure_control_seed42,S2_boundary_centerline_seed42,ANFC_001339.png,8_92229,0.028474851170204207,0.03463684014414248,0.05268375583448748,0.006238055816174537,-0.0015733219324228775,0.00427246093743483,-0.7941520119940719,0.02544263719478912,0.03750357007069738
S2_vs_S0,S0_structure_control_seed42,S2_boundary_centerline_seed42,ANFC_001340.png,8_92229,0.02526667835018248,0.029559854584002565,-0.012472587717588746,0.037624608786226754,0.014972527472270403,0.011917114257630645,-4.527412791799737,0.023920820396939546,0.02111353113885467
S2_vs_S0,S0_structure_control_seed42,S2_boundary_centerline_seed42,ANFC_001341.png,8_92229,0.010579173752141902,0.014854792477434597,-0.004797276384277738,0.023791462766392324,0.003757998442567634,0.00291442871089298,-0.10656718207747762,0.0035059460328070724,0.028151583698716065
S2_vs_S0,S0_structure_control_seed42,S2_boundary_centerline_seed42,ANFC_001342.png,8_92229,0.0020270974276830334,0.002872497487163783,0.010455680397869038,-0.003954916526257013,-0.0010654850493664325,6.103515624911182e-05,0.0,-0.019578536792852486,0.02122030442987133
S2_vs_S0,S0_structure_control_seed42,S2_boundary_centerline_seed42,ANFC_001343.png,8_92229,0.009723458457411738,0.0074701467917055175,0.002920560747322387,0.03480933803897934,0.0037033136758687357,0.003601074218695044,-50.74594196464937,0.005937526723687747,0.0030893879674704916
S2_vs_S0,S0_structure_control_seed42,S2_boundary_centerline_seed42,ANFC_001347.png,8_92229,-0.03490051676794248,-0.04210953106563653,-0.0778374857388312,0.0022456065199930597,0.004023907736273702,-0.003646850585881878,-0.22066567952035143,-0.017398607289763057,-0.019716045595733256
S2_vs_S0,S0_structure_control_seed42,S2_boundary_centerline_seed42,ANFC_001971.png,9_60031,-0.03205124078249344,-0.047513758240849135,-0.022167487657429263,-0.04080502460832647,-0.0006025585563221858,-0.0008697509765492883,0.49195691334612546,0.002699363872939453,-0.04925804945419987
S2_vs_S0,S0_structure_control_seed42,S2_boundary_centerline_seed42,ANFC_001972.png,9_60031,-0.08145730388303807,-0.08839328188756923,-0.09851851848203019,-0.028860022200827506,-3.18288878980999e-05,-0.0040893554686876055,3.8664491682903144,-0.10527195039630477,-0.11798029353311312
S2_vs_S0,S0_structure_control_seed42,S2_boundary_centerline_seed42,ANFC_001973.png,9_60031,-0.07886896228418494,-0.09862232368826629,-0.11410707303082956,-0.027659691502223915,-4.763643869909462e-05,-0.004501342773368888,3.0282293945595056,-0.07673067359848718,-0.06957401115419137
S2_vs_S0,S0_structure_control_seed42,S2_boundary_centerline_seed42,ANFC_001976.png,9_60031,0.05477177276484424,0.055913597374579016,0.06492335434403823,0.018034335876457863,-0.0001263463785949881,0.0020751953124683586,-3.844027868874033,0.04825800073653097,0.031070956007547057
S2_vs_S0,S0_structure_control_seed42,S2_boundary_centerline_seed42,ANFC_001977.png,9_60031,0.0019421239115714473,0.001937434573170027,-0.007723761922887873,0.04379692228256993,0.0008210310254863629,0.0005340576171792843,0.07468639429067281,0.013411397744417908,0.003089724225349033
S2_vs_S0,S0_structure_control_seed42,S2_boundary_centerline_seed42,ANFC_001980.png,9_60031,0.020042523852492833,0.02276339929424126,-0.0023375409058731256,0.05386622720143608,0.0019717021309845206,0.0018310546874720224,-2.9260171034256928,0.009888162991715799,0.010222029579439074
S2_vs_S0,S0_structure_control_seed42,S2_boundary_centerline_seed42,ANFC_001981.png,9_60031,-0.033443326681453445,-0.045602624598370056,-0.042735042714750704,-0.026900753013611833,-0.0010089862840767516,-0.00234985351558914,0.5278640450004204,-0.021268154719992438,-0.053410265102014076
S2_vs_S0,S0_structure_control_seed42,S2_boundary_centerline_seed42,ANFC_002454.png,frame_000001,0.008725633354157325,0.014406841693652472,0.014064190404964982,0.0035487328197271184,0.00021670278379370966,0.0013885498046662947,-0.6131823993549657,0.02098886848604875,0.02273923625620089
S2_vs_S0,S0_structure_control_seed42,S2_boundary_centerline_seed42,ANFC_002455.png,frame_000001,0.020579554265505617,0.026819129369589856,-0.006433689134897835,0.0471895116036638,0.007547234100421685,0.006088256835844685,-1.4826996351566457,0.02524987866372741,0.02682270617981486
S2_vs_S0,S0_structure_control_seed42,S2_boundary_centerline_seed42,ANFC_002456.png,frame_000001,0.009233692519406422,0.013875240136965061,0.03170902307860701,-0.01610968824106751,-0.003318234488512206,0.0012664794921681821,0.07769778997606647,0.0012625769499522432,0.0005059162892943059
S2_vs_S0,S0_structure_control_seed42,S2_boundary_centerline_seed42,ANFC_002457.png,frame_000001,0.002585872421398294,0.0034244754964939395,0.002160318362460445,0.0031657117490362374,0.0004053506282863939,0.00064086914061523,-0.2792014461882335,0.006180459291829865,-0.003101715908018554
S2_vs_S0,S0_structure_control_seed42,S2_boundary_centerline_seed42,ANFC_002458.png,frame_000001,-0.008901510372605559,-0.01312097983527205,-0.026523297484701724,0.018091889942829176,0.001206174308467589,-0.0005645751953039513,0.38516480713450374,-0.024092868115911936,0.020210057668236137
S2_vs_S0,S0_structure_control_seed42,S2_boundary_centerline_seed42,ANFC_002459.png,frame_000001,0.005669365664171977,0.008849505636877586,0.011694152922369416,-0.00286150790724804,-0.0005762547045690125,0.001296997070292627,-0.4721359549995796,0.017523333875772762,-0.010993372458522277
S2_vs_S0,S0_structure_control_seed42,S2_boundary_centerline_seed42,ANFC_002460.png,frame_000001,0.007630240542062294,0.010378394932353596,0.01597411788333092,-0.006506143489258931,-0.0013118878605209439,0.001296997070292738,-1.0827625302982193,0.0004508907075114754,0.00034849322606711475
S2_vs_S0,S0_structure_control_seed42,S2_boundary_centerline_seed42,ANFC_002461.png,frame_000001,0.013388381778953073,0.01966975903996071,-0.020549847258942044,0.04780415026119744,0.0035359651246704704,0.0022125244140287492,-2.807113394180414,0.011992129155249942,0.0789097958874776
S2_vs_S0,S0_structure_control_seed42,S2_boundary_centerline_seed42,ANFC_002462.png,frame_000001,0.011163110725103786,0.01749150004183342,0.02115211520834792,0.00043612633107681376,-0.000254798709015569,0.0019226074218456901,-0.6055512754639891,0.0078757510018016,0.02585586806072737
S2_vs_S0,S0_structure_control_seed42,S2_boundary_centerline_seed42,ANFC_002463.png,frame_000001,0.0016558204233750873,0.002666732414962847,0.01788109074387112,-0.014834193428044928,-0.002141946451302279,-9.155273437355671e-05,0.0,-0.00517664761794534,0.004036611269104262
S2_vs_S0,S0_structure_control_seed42,S2_boundary_centerline_seed42,ANFC_002464.png,frame_000001,0.011909315020921851,0.015492806152887728,0.02535211266812143,0.0034188197724396296,-0.0002887345406668018,0.0009613037109228451,-0.5908058122569315,0.017247780161105064,0.035925700975452446
S2_vs_S0,S0_structure_control_seed42,S2_boundary_centerline_seed42,ANFC_002465.png,frame_000001,0.001973027267807459,0.0030776185233650777,0.006551678030946362,-0.00264207567393282,-0.0005167335549456364,0.0002899169921830591,-0.16227766016837952,5.130015073495642e-05,0.014413964992721073
S2_vs_S0,S0_structure_control_seed42,S2_boundary_centerline_seed42,ANFC_002466.png,frame_000001,0.0013220067000389024,0.0020525920979536094,0.003987305720238643,-0.001422377194102209,-0.0005070708208817498,0.000335693359369893,0.0,0.005483574056663554,-0.0009819480847436113
S2_vs_S0,S0_structure_control_seed42,S2_boundary_centerline_seed42,ANFC_002467.png,frame_000001,0.019145478138105188,0.028230547843711595,0.0020725388595667082,0.03435102802082446,0.0027725533432328975,0.0027313232421458666,-62.75764047469099,0.027880296950578587,0.03479481580613497
S2_vs_S0,S0_structure_control_seed42,S2_boundary_centerline_seed42,ANFC_002468.png,frame_000001,0.002687806164581641,0.004427212242623546,0.007759228777860505,-0.0023576105319635943,-0.00024476608520729304,0.00027465820312078115,0.0,-0.006329010016795311,0.013505124609059505
S2_vs_S0,S0_structure_control_seed42,S2_boundary_centerline_seed42,ANFC_002469.png,frame_000001,-0.0016282466312315114,-0.002592843728445704,-0.002009915583276123,-0.0012148191923817553,-0.00013775764985213268,-0.00035095214843217093,0.0,-0.03550535549324341,0.006582453132542909
S2_vs_S0,S0_structure_control_seed42,S2_boundary_centerline_seed42,ANFC_002470.png,frame_000001,0.0028897039744816277,0.004303567133974839,-0.003640776698292658,0.009245649277039747,0.0009737259043937074,0.0006256103515529521,-0.3944487245360109,-0.006824998300708152,0.04120285875043417
S2_vs_S0,S0_structure_control_seed42,S2_boundary_centerline_seed42,ANFC_002471.png,frame_000001,0.014977856019557922,0.0235495041471373,0.0032679738552382487,0.024983618944171004,0.0017050024127118757,0.0017852783202851885,-53.48492844635206,0.02591338121550002,0.027316028946567705
S2_vs_S0,S0_structure_control_seed42,S2_boundary_centerline_seed42,ANFC_002472.png,frame_000001,0.015183720518507249,0.021832331371909874,0.03111954458809363,-0.0007492017025851894,-0.0010584581214787558,0.0028228759765194233,-0.04308696896617015,0.019455696614433138,0.02389912875175071
S2_vs_S0,S0_structure_control_seed42,S2_boundary_centerline_seed42,ANFC_002473.png,frame_000001,0.005737853851609742,0.008342986399484165,0.018725198410376342,-0.008122883191181596,-0.0018095768373849186,0.0007171630859265088,-1.0827625302982193,0.010771552218537428,0.0032885784468992263
S2_vs_S0,S0_structure_control_seed42,S2_boundary_centerline_seed42,ANFC_002476.png,frame_000001,-0.014236220697774526,-0.02090395590506411,0.0027721308440635806,-0.0336600577885422,-0.0033264033263480375,-0.0028228759765194233,2.0710678118654755,-0.011953552988380078,-0.02265460023135324
S2_vs_S0,S0_structure_control_seed42,S2_boundary_centerline_seed42,ANFC_002477.png,frame_000001,0.004391576214187731,0.006617202667906663,0.010770505383021822,-0.004171723630299495,-0.00039533504644539974,0.0004272460937435607,-0.4403065089105507,0.0062341117753893505,0.0061156082991691285
S2_vs_S0,S0_structure_control_seed42,S2_boundary_centerline_seed42,ANFC_002478.png,frame_000001,-0.020322122099064477,-0.028213931482532595,-0.03639514730795734,0.004424320125366976,0.0009123316832365669,-0.0027008056640211997,5.0101214699539565,-0.04219466116260451,-0.02659872679885944
S2_vs_S0,S0_structure_control_seed42,S2_boundary_centerline_seed42,ANFC_002479.png,frame_000001,0.006185737017208814,0.008924989946210826,0.004963476305959613,0.007771480763452354,0.001330708374324141,0.0019226074218456901,-0.6148351928654963,0.0006135852763018423,0.013254370221480571
S2_vs_S0,S0_structure_control_seed42,S2_boundary_centerline_seed42,ANFC_002480.png,frame_000001,0.002631135344988489,0.0035446933062758257,-0.001104623638771507,0.007440132493687801,0.0008615010388544064,0.000671386718739786,0.0,-0.0021578386901025537,0.008905562201247497
S2_vs_S0,S0_structure_control_seed42,S2_boundary_centerline_seed42,ANFC_002481.png,frame_000001,-0.0008751022186290758,-0.0013004742936105762,-0.014256991406642827,0.016289718742859782,0.0016149171730356349,0.0002899169921830591,0.0,-0.0013468604603728007,0.05984355539007613
S2_vs_S0,S0_structure_control_seed42,S2_boundary_centerline_seed42,ANFC_002482.png,frame_000001,0.010520032105464483,0.01516407899364336,0.03160398730951475,-0.018364914379517927,-0.0033504972842747227,0.0013580322265417388,-1.4273513845570358,0.009216292706738738,-0.008285969230297674
S2_vs_S0,S0_structure_control_seed42,S2_boundary_centerline_seed42,ANFC_002483.png,frame_000001,0.01396612097410277,0.020689179015678127,0.014357218122450388,0.012696286523101175,0.001259837084059412,0.0027770996093327005,-0.3215304320265946,0.01848179565761321,0.026855346062265584
S2_vs_S0,S0_structure_control_seed42,S2_boundary_centerline_seed42,ANFC_002484.png,frame_000001,0.0068083220621917295,0.009902266884702082,0.014204185159898075,-0.0019067493746238728,-0.0005897555983315206,0.0011901855468567923,0.0,0.00856896469556867,0.03490999671281503
S2_vs_S0,S0_structure_control_seed42,S2_boundary_centerline_seed42,ANFC_002485.png,frame_000001,0.01881168300017233,0.02482850426299088,0.032203594254950785,-0.002902938826293666,-0.001100532797605025,0.0031127929687024825,-1.1311210883058829,0.02105394170794206,0.009764695877342522
S2_vs_S0,S0_structure_control_seed42,S2_boundary_centerline_seed42,ANFC_002486.png,frame_000001,-0.005115397247540288,-0.00784698925771976,-0.012968967112402474,0.002925346270123641,0.0005926277112617839,-0.0007476806640510647,0.0,0.00011503657264078093,-0.020871648136164156
S2_vs_S0,S0_structure_control_seed42,S2_boundary_centerline_seed42,ANFC_002487.png,frame_000001,0.008706177070514243,0.01424330926526951,0.027848101260399494,-0.015191293480842916,-0.0013575934173050141,0.0009307861327982891,0.022949526788060837,0.014582374432989376,-0.004087064180920308
S2_vs_S0,S0_structure_control_seed42,S2_boundary_centerline_seed42,ANFC_002488.png,frame_000001,0.00137416933209078,0.0019241422488970317,-0.025723472664674674,0.040884228559495916,0.004332726414385202,0.0014801025390399625,22.655279093686325,-0.030256369480918366,0.03164112631976723
S2_vs_S0,S0_structure_control_seed42,S2_boundary_centerline_seed42,ANFC_002489.png,frame_000001,-0.0014252565754616642,-0.0017900529726533332,-0.014283368902596738,0.020702388577286346,0.0021532509041609638,0.0006256103515529521,3.6101081762743057,-0.009821088533101707,0.05443502500054265
S2_vs_S0,S0_structure_control_seed42,S2_boundary_centerline_seed42,ANFC_002490.png,frame_000001,0.03488840382119618,0.05250429381607691,0.020547945195426687,0.045938740804262856,0.0019215019214716689,0.0025024414062118083,6.332792234271309,0.0444662112577624,0.0773925955000363
S2_vs_S0,S0_structure_control_seed42,S2_boundary_centerline_seed42,ANFC_002491.png,frame_000001,0.016904690309172077,0.02542048743492309,0.014622398070768594,0.019239441519760758,0.0019255563183041557,0.0030517578124533706,-4.887528538470443,0.03628556244689951,0.03638744421241169
S2_vs_S0,S0_structure_control_seed42,S2_boundary_centerline_seed42,ANFC_002492.png,frame_000001,-0.05168757116147027,-0.058815093212932656,-0.059556103568488894,-0.007653107211849197,-0.0002089645805000151,-0.007553100585822259,6.744933113705073,-0.056976996695219606,-0.03755869512589893
S2_vs_S0,S0_structure_control_seed42,S2_boundary_centerline_seed42,ANFC_002493.png,frame_000001,-0.03173077657422951,-0.03527397194005866,-0.004116638077489965,-0.06255878335662701,-0.003976301879497601,-0.003982543945251771,-0.41065371901646586,-0.06460043646546476,-0.05462042187786764
S2_vs_S0,S0_structure_control_seed42,S2_boundary_centerline_seed42,ANFC_002494.png,frame_000001,-0.0017540210987239124,-0.0023784388694150227,-0.004985507245798826,0.0011792111322452836,0.0004744249793454669,-0.00024414062499633626,-0.7391818640411785,0.013970559455338205,0.0038953186004910823
S2_vs_S0,S0_structure_control_seed42,S2_boundary_centerline_seed42,ANFC_002495.png,frame_000001,-0.0015113273710317676,-0.0023556338778875086,0.014511041007632675,-0.019660713383946815,-0.0030723299369378454,-0.0009460449218605671,-0.12310562561766059,-0.007657288562302966,-0.01572202706358461
S2_vs_S0,S0_structure_control_seed42,S2_boundary_centerline_seed42,ANFC_002496.png,frame_000001,0.002721953062547189,0.0041153286962632984,-0.006701152127121857,0.012595488214010353,0.0022970366473382686,0.0011291503906077915,-0.5278640450004204,0.008066508608816303,-0.00037830602633048827
S2_vs_S0,S0_structure_control_seed42,S2_boundary_centerline_seed42,ANFC_002497.png,frame_000001,-0.0008841882511506638,-0.0014188513467893182,0.0068625348484419035,-0.010656966430020898,-0.004201859909474415,-0.0010528564452964018,0.0,-0.0021974670898124993,-0.04438210878304616
S2_vs_S0,S0_structure_control_seed42,S2_boundary_centerline_seed42,ANFC_002498.png,frame_000001,0.0009208498540533849,0.0014794577522972974,-0.00605831124516687,0.00759791593892889,0.0018736811467315873,0.0005950927734283962,-0.8768943743823394,-0.0024095769897779507,0.023295162731585273
S2_vs_S0,S0_structure_control_seed42,S2_boundary_centerline_seed42,ANFC_002499.png,frame_000001,-0.014166256960348789,-0.019469422941578607,-0.03329268292276921,0.009228050260846832,0.002371982698437858,-0.0020904541015305256,0.5400675187440775,-0.03109740942183903,0.02146543512331278
S2_vs_S0,S0_structure_control_seed42,S2_boundary_centerline_seed42,ANFC_002500.png,frame_000001,0.013413924835197766,0.019801789174503925,0.0007300602298356829,0.02432380066045514,0.0029472001597991015,0.0027618408202704225,-2.038338814792124,0.03189102093419294,0.033325994080225296
S2_vs_S0,S0_structure_control_seed42,S2_boundary_centerline_seed42,ANFC_002501.png,frame_000001,-0.012746308641124138,-0.017110610083467814,-0.026889534879812604,0.007672838743969068,0.0014150300054314169,-0.0015563964843512412,1.0,-0.03063738316908471,-0.020291927283934585
S2_vs_S0,S0_structure_control_seed42,S2_boundary_centerline_seed42,ANFC_002502.png,frame_000001,0.026650162616085216,0.03554603268912149,0.04658341517843534,-0.0036508497109866145,-0.0030615030614433714,0.007736206054569483,-7.484716806999085,0.008140586879150535,0.07444263084618075
S2_vs_S0,S0_structure_control_seed42,S2_boundary_centerline_seed42,ANFC_002503.png,frame_000001,0.0028018747124533006,0.0038696108838435217,0.008786936235708698,-0.004330152553941535,-0.0015946541118992963,0.00044250488280583866,-0.6254414022011501,-0.014459497331756999,0.011607694708860472
S2_vs_S0,S0_structure_control_seed42,S2_boundary_centerline_seed42,ANFC_002504.png,frame_000001,0.0027337983542149447,0.004062478194572394,0.006118505795822404,-0.0014241087368492833,-0.00037353255068706126,0.0005493164062415623,1.0332032501556796,0.00011643949139739096,-0.0035963204005724503
S2_vs_S0,S0_structure_control_seed42,S2_boundary_centerline_seed42,ANFC_002505.png,frame_000001,0.011206157756376567,0.017257930156364898,0.027646750520486596,-0.012562043771083609,-0.0016751865155831824,0.0017395019530984657,0.0,0.009897495613372831,0.021262127238781514
S2_vs_S0,S0_structure_control_seed42,S2_boundary_centerline_seed42,ANFC_002506.png,frame_000001,0.009236985690766364,0.01462286202359242,0.01999697015300761,-0.005484384423299349,-0.0006787138372668089,0.0014038085937285727,-0.4432736152956096,0.006947498831882837,0.022984213282977173
S2_vs_S0,S0_structure_control_seed42,S2_boundary_centerline_seed42,ANFC_002507.png,frame_000001,0.001511753078532685,0.002421703118879126,0.01584641170075829,-0.015189562260553124,-0.004197672199881763,-0.00018310546874722444,-0.4432736152956096,0.0036156352501013345,0.026353624786182972
S2_vs_S0,S0_structure_control_seed42,S2_boundary_centerline_seed42,ANFC_002508.png,frame_000001,0.01303965653890471,0.018156972475003474,0.014509673114200261,0.011033640469026662,0.001998356491819897,0.004287719726496997,0.0,0.0023184685814022776,0.03896517313833747
S2_vs_S0,S0_structure_control_seed42,S2_boundary_centerline_seed42,ANFC_002509.png,frame_000001,0.009484851997111798,0.012718024723756716,-0.0048614487105343995,0.034553620840633514,0.0019374165608099236,0.0015106201171645184,-7.0,0.032148743167756844,0.004714090025643047
S2_vs_S0,S0_structure_control_seed42,S2_boundary_centerline_seed42,ANFC_002510.png,frame_000001,-0.004633474251019898,-0.006980013760050974,-0.0112481072872056,0.004656406224284759,0.00039400456387972405,-0.0004272460937434497,0.0,-0.01771373863368908,-0.014506038661389997
S2_vs_S0,S0_structure_control_seed42,S2_boundary_centerline_seed42,ANFC_002511.png,frame_000001,0.00700970883709473,0.010339148267152098,0.006227590110754133,0.007944334496516436,0.0013833776256619856,0.0021667480468419154,-0.6568542494923806,0.014551265248233913,0.001934683272927007
S2_vs_S0,S0_structure_control_seed42,S2_boundary_centerline_seed42,ANFC_002512.png,frame_000001,-0.017760191236256717,-0.020099289593641156,-0.027847548320645732,-0.0012452608013535649,0.0012415970485244454,-0.0028228759765194233,-1.9805206781730114,-0.020428660161516787,0.012256845754507584
S2_vs_S0,S0_structure_control_seed42,S2_boundary_centerline_seed42,ANFC_002513.png,frame_000001,0.016143834330107687,0.024840220730014573,0.024672257957440547,0.003691440489213438,0.00041310675053207735,0.004959106445236783,0.17409764535292016,0.005990835385578541,0.04835874353065417
S2_vs_S0,S0_structure_control_seed42,S2_boundary_centerline_seed42,ANFC_002514.png,frame_000001,0.0014468621253679315,0.0022493275036599147,0.008143501704837353,-0.006717436859115522,-0.0012046271855798985,9.155273437366773e-05,0.0,2.9479634832241253e-05,-0.0243527107302286
S2_vs_S0,S0_structure_control_seed42,S2_boundary_centerline_seed42,ANFC_002515.png,frame_000001,0.007782020593316896,0.011763860683147387,0.022742656014248963,-0.0075858747905658275,-0.0015993396274810445,0.0011444091796699585,0.3958980337503153,0.0035156868258396923,0.009902164593295626
S2_vs_S0,S0_structure_control_seed42,S2_boundary_centerline_seed42,ANFC_002516.png,frame_000001,-0.002563385238583682,-0.0038253794052499623,-0.0009759906302994059,-0.004215087526040384,-0.0003972654892092642,-0.00044250488280572764,0.2832860455560313,6.87901950956471e-05,-0.021923550842457784
S2_vs_S0,S0_structure_control_seed42,S2_boundary_centerline_seed42,ANFC_002517.png,frame_000001,-0.01124520461598344,-0.017552336708428373,-0.03290213722821966,0.01486646003842329,0.00220799671364158,-0.001602172851538075,0.9009804864072155,0.005598026233345599,-0.009410193189460125
S2_vs_S0,S0_structure_control_seed42,S2_boundary_centerline_seed42,ANFC_002518.png,frame_000001,-0.014597337131970978,-0.023074678600627285,0.005528934757550785,-0.03545245076939829,-0.003626684411851211,-0.002868652343706146,1.6568542494923806,-0.01955974998020471,-0.015222034281011765
S2_vs_S0,S0_structure_control_seed42,S2_boundary_centerline_seed42,ANFC_002519.png,frame_000001,0.010057737351522822,0.01518764946310136,0.01685726386981312,0.002515431143033653,5.583369004746874e-05,0.0030822753905780376,-0.6055512754639891,0.002016080415243815,0.026903041114056614
S2_vs_S0,S0_structure_control_seed42,S2_boundary_centerline_seed42,ANFC_002520.png,frame_000001,-0.0005593137715266261,-0.0008611772346859281,-0.0015186028851148503,0.0005597900045617443,8.481620328604222e-05,-7.629394531138978e-05,0.0,0.004273615339260961,0.009022273178628692
S2_vs_S0,S0_structure_control_seed42,S2_boundary_centerline_seed42,ANFC_002521.png,frame_000001,0.005219252137951269,0.00808724467014832,0.006757459194639992,0.0033746872462302457,0.0004649748734648629,0.0013885498046664058,0.0,0.011194614581925166,0.0006696000669333957
S2_vs_S0,S0_structure_control_seed42,S2_boundary_centerline_seed42,ANFC_002522.png,frame_000001,-0.015828042071106108,-0.022305215102619735,-0.015260043595372141,-0.016327921734346162,-0.0006899318090543005,-0.0014038085937285727,1.3588159398457211,-0.03308771017673362,-0.028690940467380632
S2_vs_S0,S0_structure_control_seed42,S2_boundary_centerline_seed42,ANFC_002523.png,frame_000001,-0.0035009443056188694,-0.004542961484653274,-0.010101010098393925,0.009121052069523405,0.0005350628293386839,-9.155273437355671e-05,-0.4936034254914583,-0.0014299016086982697,-0.008768596292478503
S2_vs_S0,S0_structure_control_seed42,S2_boundary_centerline_seed42,ANFC_002524.png,frame_000001,-0.016966588489692347,-0.02514559474631528,-0.03207776426923992,0.0004711411765615514,0.00035818368309925575,-0.0016784667968493538,0.8768943743823394,-0.0076417406506481544,-0.0014919369840418195
S2_vs_S0,S0_structure_control_seed42,S2_boundary_centerline_seed42,ANFC_002525.png,frame_000001,0.023580403038310327,0.035780168409477286,0.034101891476722046,0.007364692168562614,0.0005489509889601285,0.004257202148372552,0.0,0.01958598580461557,0.02086591665520221
S2_vs_S0,S0_structure_control_seed42,S2_boundary_centerline_seed42,ANFC_002526.png,frame_000001,0.005523757998969203,0.008059211047846127,0.002068608860184673,0.010638725802364246,0.0008872520297834585,0.000991821289047401,0.8377223398316205,0.0039005474512977534,-0.008470570760131135
S2_vs_S0,S0_structure_control_seed42,S2_boundary_centerline_seed42,ANFC_002527.png,frame_000001,0.0048966252211372074,0.007931992027946588,0.0059679224147825005,0.003989815079573744,0.00017500596610964259,0.00041198730468117173,0.0,0.0032450512516197794,6.551201375448734e-05
S2_vs_S0,S0_structure_control_seed42,S2_boundary_centerline_seed42,ANFC_002528.png,frame_000001,0.00745595457780257,0.009755361541026963,0.012553631016597233,0.0037045005622279303,0.00010127778809143617,0.001296997070292738,-2.621755761750144,0.029573716351554036,0.013186580997359476
S2_vs_S0,S0_structure_control_seed42,S2_boundary_centerline_seed42,ANFC_002529.png,frame_000001,-0.0014799298837108177,-0.0022322965065814104,0.019124168509111916,-0.013979792181617268,-0.001743960728559868,-0.0005950927734283962,0.34311162925032157,-0.004817164348546288,-0.04844555452851096
S2_vs_S0,S0_structure_control_seed42,S2_boundary_centerline_seed42,ANFC_002530.png,frame_000001,-0.0011293675448548202,-0.0016568998230367393,-0.021049420371857974,0.012743129152426258,0.0013974107744963993,0.00027465820312078115,-0.9050813664636088,-0.002670060768190763,0.03151164546023433
S2_vs_S0,S0_structure_control_seed42,S2_boundary_centerline_seed42,ANFC_002531.png,frame_000001,-0.008079329265781254,-0.01274896559735994,0.0034880601010227608,-0.01714101191381323,-0.0014560986263900677,-0.0011749267577945144,0.6055512754639891,-0.009505408692663031,-0.024387565247657617
S2_vs_S0,S0_structure_control_seed42,S2_boundary_centerline_seed42,ANFC_002532.png,frame_000001,-0.006123922020088712,-0.009014474832098052,-0.003952569168224618,-0.007223107087274028,-0.0004110087102164872,-0.0005340576171793954,2.588816906321833,0.00031220105947815657,-0.005847137738516972
S2_vs_S0,S0_structure_control_seed42,S2_boundary_centerline_seed42,ANFC_002533.png,frame_000001,0.0039415407324939755,0.005729426186667053,0.0022799017884461703,0.004902567061381369,0.0007186549453367386,0.0008544921874870104,-0.6687138578657024,0.00503776895929775,-0.004545761922120306
S2_vs_S0,S0_structure_control_seed42,S2_boundary_centerline_seed42,ANFC_002534.png,frame_000001,-0.006812576420086591,-0.009919719555503081,-0.00030926240910633673,-0.010684426205660014,-0.001997663749140899,-0.0018310546874721334,0.0,-0.0015695551944366892,-0.0029267769079810435
S2_vs_S0,S0_structure_control_seed42,S2_boundary_centerline_seed42,ANFC_002624.png,frame_000013,-0.008211236541357692,-0.011147957078625814,0.008650519029645198,-0.022534585910096383,-0.0033971484034507338,-0.002334594726526862,-2.5278640450004204,0.01671120829799322,-0.05267632226565311
S2_vs_S0,S0_structure_control_seed42,S2_boundary_centerline_seed42,ANFC_002625.png,frame_000013,0.003908073676645363,0.005743015087574133,0.011987532962841607,-0.0009749108441712284,-0.00040739835410397163,0.00038146972655672684,0.0,-0.007387558196276456,-0.007300279141605359
S2_vs_S0,S0_structure_control_seed42,S2_boundary_centerline_seed42,ANFC_002636.png,frame_000045,-0.02207663156984241,-0.0317858391433502,-0.030761299187014757,-0.011336945708377955,-0.0006865716629990137,-0.0033569335936988187,0.0,-0.021778751850423994,-0.059953879790497266
S2_vs_S0,S0_structure_control_seed42,S2_boundary_centerline_seed42,ANFC_002637.png,frame_000045,-0.00500164323073915,-0.007536950144350851,0.0005103776793959902,-0.00950845497751207,-0.0012906902678385679,-0.0011291503906077915,0.5278640450004204,0.019536485549218607,-0.013222900372795054
S2_vs_S0,S0_structure_control_seed42,S2_boundary_centerline_seed42,ANFC_002638.png,frame_000045,-0.04609804571003462,-0.062385077785490406,0.0024203307775634286,-0.07609435977615531,-0.0053602296334211985,-0.0050659179686727285,1.3609127034739883,-0.031706501232984685,-0.03588229437530077
S2_vs_S0,S0_structure_control_seed42,S2_boundary_centerline_seed42,ANFC_002651.png,frame_000053,-0.003669613375563152,-0.005564436634136749,-0.0012012813666308908,-0.005910899547622694,-0.000930328716130302,-0.0009613037109228451,2.9631387546551062,0.023271307336265035,-0.07146772237449006
S2_vs_S0,S0_structure_control_seed42,S2_boundary_centerline_seed42,ANFC_002652.png,frame_000053,-0.0035150248114336202,-0.0053022357010581445,0.014238773272689853,-0.018264266173124155,-0.003026460393895869,-0.001342773437479572,1.0,-0.000866423176488218,-0.039599663305344146
S2_vs_S0,S0_structure_control_seed42,S2_boundary_centerline_seed42,ANFC_002653.png,frame_000053,-0.015883696011301796,-0.018315437895503606,0.00211249009714487,-0.02371808821544219,-0.0037409512704053016,-0.0034027099608856526,-0.49113532637549895,0.005991332302671903,-0.006952995451881883
S2_vs_S0,S0_structure_control_seed42,S2_boundary_centerline_seed42,ANFC_002668.png,frame_000075,-0.0020757854620715444,-0.0028492531096357965,-0.0003435835766459894,-0.004491395364374706,-0.0004186552792360132,-0.00041198730468117173,-0.2917960675006306,-0.003977882887246431,-0.030046500305505597
S2_vs_S0,S0_structure_control_seed42,S2_boundary_centerline_seed42,ANFC_002669.png,frame_000075,0.05746339622028185,0.0864686955731333,0.011213905240928801,0.09169453378206371,0.016009725694051458,0.015487670898201245,-52.94113511737438,0.09798752435111568,0.07534381219284236
S2_vs_S0,S0_structure_control_seed42,S2_boundary_centerline_seed42,ANFC_002709.png,frame_26,0.0016020698425568414,0.0022996193397131215,-0.04157782515588515,0.05608871963758155,0.011880183997756477,0.0034637451171346534,0.41001027322994155,0.008231840255991663,0.02375151291409916
S2_vs_S0,S0_structure_control_seed42,S2_boundary_centerline_seed42,ANFC_002710.png,frame_26,-0.05917157923499716,-0.07890268663029498,-0.09985827972311578,-0.017033532457371048,0.0010467860120816352,-0.013076782226362993,3.4623433829369734,-0.04762654272079603,-0.019518912532378252
S2_vs_S0,S0_structure_control_seed42,S2_boundary_centerline_seed42,ANFC_002711.png,frame_26,0.016863497918871317,0.023885847610903177,-0.026721258482197863,0.058707535942419065,0.013385476846264566,0.007705688476444927,-1.6546881992601783,0.007842954995657125,0.04162945226933723
S2_vs_S0,S0_structure_control_seed42,S2_boundary_centerline_seed42,ANFC_002712.png,frame_26,-0.00685292800968218,-0.009517767181902448,-0.05690655473930295,0.025110464519182085,0.009314877687658818,0.0011291503906077915,-1.5380073187359518,-0.0009674614923439462,-0.013153080995070843
S2_vs_S0,S0_structure_control_seed42,S2_boundary_centerline_seed42,ANFC_002713.png,frame_26,0.012216926762595559,0.017562001497766655,-0.019860375539256014,0.0383280363568439,0.008702033969233636,0.005081176757734895,-2.894989136956128,0.038852988829050306,0.06331875697406608
S2_vs_S0,S0_structure_control_seed42,S2_boundary_centerline_seed42,ANFC_002714.png,frame_26,-0.016433468489124636,-0.02347343214118447,-0.023897277372025072,-0.010065005506635805,-0.0010853391684712,-0.004013061523376327,0.6148351928654963,0.001119900944812291,-0.06101231105834126
S2_vs_S0,S0_structure_control_seed42,S2_boundary_centerline_seed42,ANFC_002730.png,frame_52,-0.005630420332194408,-0.0076678012328290635,0.0048764629372962665,-0.011991935998470149,-0.0011687479987004812,-0.0008850097656114553,0.0,-0.00322476669338545,0.007263255695774018
S2_vs_S0,S0_structure_control_seed42,S2_boundary_centerline_seed42,ANFC_002731.png,frame_52,0.007399270576445516,0.010083992660916197,0.010580819448315903,0.0051821981359664315,0.0003437326087611936,0.0010375976562342348,-1.0,-0.0372558811821625,-0.01826770367937569
S2_vs_S0,S0_structure_control_seed42,S2_boundary_centerline_seed42,ANFC_002732.png,frame_52,0.004133846414410169,0.0062074023043718896,0.021354166661105678,-0.01248186103040283,-0.0011994294605615075,0.00012207031249822364,0.11953506150162418,0.0034157205525091605,0.022226848852747838
S2_vs_S0,S0_structure_control_seed42,S2_boundary_centerline_seed42,ANFC_002733.png,frame_52,0.0014372652138179287,0.002131621198839917,0.0011198208284166622,0.001631509504032902,0.0001637438391354218,0.0002288818359340583,0.0,0.0082839763075917,0.007054208146298313
S2_vs_S0,S0_structure_control_seed42,S2_boundary_centerline_seed42,ANFC_002734.png,frame_52,0.02420931856420583,0.03255710631051334,0.024978466831760415,0.02346633842445145,0.0014826035807861127,0.0027313232421458666,-27.236556956976127,0.04358316917852534,0.05927980912826025
S2_vs_S0,S0_structure_control_seed42,S2_boundary_centerline_seed42,ANFC_002735.png,frame_52,-0.0010766392686909487,-0.0016397974426998196,-0.005474452553634546,0.002390743692459729,0.00037951290343241073,-6.103515624911182e-05,-5.198039027185569,0.0463049433260222,-0.006308315544337417
S2_vs_S0,S0_structure_control_seed42,S2_boundary_centerline_seed42,ANFC_002754.png,frame_8,0.010316528511733258,0.014524645623988808,0.02276001151749929,-0.0056707189983533635,-0.0005317006364210508,0.0007019042968643419,-5.726420162737835,0.0016310142930983096,0.03369861243925376
S2_vs_S0,S0_structure_control_seed42,S2_boundary_centerline_seed42,ANFC_002755.png,frame_8,0.0391372363162269,0.04522841802200578,0.04162768940990291,0.026616852653474687,0.0004574276790993981,0.0018005371093475775,-20.126500641330978,0.0610163173485645,0.13478390390364037
S2_vs_S0,S0_structure_control_seed42,S2_boundary_centerline_seed42,ANFC_002756.png,frame_8,0.04791710673271188,0.06361679446855584,0.06332524924189564,0.025181525995329856,0.000808734330759342,0.004348754882746109,-5.965679389975239,0.029806924887954,0.06161329923228398
S2_vs_S0,S0_structure_control_seed42,S2_boundary_centerline_seed42,ANFC_002758.png,frame_8,0.017332856206640046,0.020700103535503223,0.025693730720899643,0.009444319041462146,0.00012776083172105768,0.0012664794921681821,-5.104872252091473,0.007508968749833866,0.009022357022097083
S2_vs_S0,S0_structure_control_seed42,S2_boundary_centerline_seed42,ANFC_002759.png,frame_8,0.0045596096675882825,0.004894155048834725,0.0047865975250153125,0.0021919180659201176,3.173142521650796e-05,0.00021362304687178035,-0.02456871584482201,0.01242105522166237,0.03767411294938383
S2_vs_S0,S0_structure_control_seed42,S2_boundary_centerline_seed42,ANFC_002760.png,frame_8,0.0061346352263963455,0.008057931479423464,0.0253339474779668,-0.004013166481033559,-0.000741734395948157,0.00012207031249822364,0.46824620971827624,-0.01030998867852606,0.014736687799059567
S2_vs_S0,S0_structure_control_seed42,S2_boundary_centerline_seed42,ANFC_002761.png,frame_8,0.00774435320771949,0.01120259019221237,-0.005053340816926766,0.016213262439685572,0.0007842522155001586,0.0006256103515529521,-0.6055512754639891,0.022000374945337242,0.030606109482302912
S2_vs_S0,S0_structure_control_seed42,S2_boundary_centerline_seed42,ANFC_002762.png,frame_8,-0.04274239386098755,-0.054439459782745114,0.0027894002776431837,-0.06518522940274007,-0.004780310799009535,-0.004531860351493333,4.0479015616373175,-0.035452176802712176,-0.053787280586347075
S2_vs_S0,S0_structure_control_seed42,S2_boundary_centerline_seed42,ANFC_002763.png,frame_8,-0.02334828554358881,-0.02911294483461946,-0.06026151218859488,0.0013644577391853652,0.0009094187559636202,-0.0007324218749887867,0.9971546642134488,-0.08464883705115278,0.04258514359419929
S2_vs_S0,S0_structure_control_seed42,S2_boundary_centerline_seed42,ANFC_002764.png,frame_8,-0.004151659453788148,-0.005903730248249972,0.030112359537028066,-0.026469175394335354,-0.0019427903523567824,-0.0008544921874868994,0.7573593128807152,-0.01408405971361637,-0.015976791467850693
S2_vs_S0,S0_structure_control_seed42,S2_boundary_centerline_seed42,ANFC_002765.png,frame_8,-0.08391596913486044,-0.10535029360996029,-0.16527709653493028,0.0031378083002352453,0.0018898530638945532,-0.003311157226511985,14.62345096839762,-0.1589763891653333,-0.1358694907886855
S2_vs_S0,S0_structure_control_seed42,S2_boundary_centerline_seed42,ANFC_002766.png,frame_8,-0.0015308836108065549,-0.001982914584082396,-0.004473605724881091,0.0024627885321356624,0.0001929787884117351,-4.5776367186833866e-05,0.21027579833297239,-0.005769324984863822,-0.013000702329363789
S2_vs_S0,S0_structure_control_seed42,S2_boundary_centerline_seed42,ANFC_002767.png,frame_8,-0.10291084598760492,-0.10555401165432476,-0.13848739491143286,0.018982927807842276,0.0022538002908800703,-0.004135131835874439,-20.116494824415124,-0.18232446868819752,-0.12956160505010694
S2_vs_S0,S0_structure_control_seed42,S2_boundary_centerline_seed42,ANFC_002768.png,frame_A,0.002020513269346824,0.0030217968130111794,0.009133611688639465,-0.002332254335273287,-0.00043757292881430043,0.00012207031249822364,-1.0591668368041676,0.03339631516418051,0.023784288798703646
S2_vs_S0,S0_structure_control_seed42,S2_boundary_centerline_seed42,ANFC_002769.png,frame_A,-0.013987673076046536,-0.018003650386105297,-0.018363636360297586,-0.011215186421700163,-0.001349190485686158,-0.0027770996093325895,0.04159457879229578,-0.027072786537617022,-0.054668812214335394
S2_vs_S0,S0_structure_control_seed42,S2_boundary_centerline_seed42,ANFC_002770.png,frame_A,0.014001281334687032,0.01997887341635085,0.0006570302232463687,0.021862204110198125,0.002853862555308284,0.0027008056640213107,-0.32455532033675905,0.019898598778956722,0.03948730825506397
S2_vs_S0,S0_structure_control_seed42,S2_boundary_centerline_seed42,ANFC_002771.png,frame_A,0.00021808346700147307,0.00031956533194310577,-0.014472123365486977,0.012455948399555994,0.0014350711827687546,0.00041198730468117173,0.0,-0.0063699134668928625,-0.03148357925807266
S2_vs_S0,S0_structure_control_seed42,S2_boundary_centerline_seed42,ANFC_002772.png,frame_A,0.0059813283382519344,0.006747142703822984,0.011499436299549193,0.0036441077258626553,0.00013093075399539522,0.0009002685546738443,-0.6408727139598831,0.0177626246571152,-0.007915603161823381
S2_vs_S0,S0_structure_control_seed42,S2_boundary_centerline_seed42,ANFC_002773.png,frame_A,0.014913001560995398,0.019046933094121532,-0.010598834125437495,0.024944361832957784,0.004161134678213774,0.003311157226511985,0.13953542128217222,0.015175076175856228,0.01851599762195294
S2_vs_S0,S0_structure_control_seed42,S2_boundary_centerline_seed42,ANFC_002774.png,frame_A,-0.006246015758532564,-0.008607621380086194,-0.0030769230761340527,-0.00824881002253619,-0.0008112142254395049,-0.0009460449218605671,2.3842268941360913,-0.0357320560341714,-0.038287654508652125
S2_vs_S0,S0_structure_control_seed42,S2_boundary_centerline_seed42,ANFC_002775.png,frame_A,0.013921616197647868,0.017390703833497834,-0.010483135822588197,0.02255633368355403,0.00482436056772384,0.0037994384765045464,-0.9933034373659009,0.065028009285102,0.03872840785769516
S2_vs_S0,S0_structure_control_seed42,S2_boundary_centerline_seed42,ANFC_002776.png,frame_A,-0.004517730202419634,-0.005873628086110916,-0.03026604832065749,0.008120466504379142,0.002327511840975127,0.0002899169921830591,1.406465280541184,-0.006057508456220662,0.037797221261901215
