===== STDOUT =====
[*] mode: SOFT_KD
[*] dataset: all_filtered (./dataset_all_filtered)
[*] save_path: ./results/experiments\all_filtered/K1_uniform_lambda0p3_20260717\0717_0141
[*] device: cuda
[*] seed: 42
[*] seg_loss: bce_dice
[*] pretrained: model\vit_checkpoint\imagenet21k\R50+ViT-B_16.npz
[*] init_weight: results\experiments\all_filtered\f0_transunet_corrected_pretrained_seed42_20260715\0715_1907\best_model.pth
[*] soft_target_dir: results\dual_teacher_kd_20260717\soft_targets\train\ensemble_probabilities
[*] kd: mode=uniform, lambda=0.3
load_pretrained: grid-size from 14 to 16
[*] 已加载预训练权重: model\vit_checkpoint\imagenet21k\R50+ViT-B_16.npz
[*] loaded student initialization weight: results\experiments\all_filtered\f0_transunet_corrected_pretrained_seed42_20260715\0715_1907\best_model.pth
Ep 001 | Loss(Tot:0.374 Seg:0.346 KD:0.094) | W(KD:0.30) | Dice: 0.7901 | HD95: 18.12
[*] Update best model: Dice = 0.7901
Ep 002 | Loss(Tot:0.367 Seg:0.338 KD:0.095) | W(KD:0.30) | Dice: 0.7866 | HD95: 19.29
Ep 003 | Loss(Tot:0.361 Seg:0.332 KD:0.096) | W(KD:0.30) | Dice: 0.7895 | HD95: 19.27
Ep 004 | Loss(Tot:0.356 Seg:0.327 KD:0.097) | W(KD:0.30) | Dice: 0.7941 | HD95: 18.37
[*] Update best model: Dice = 0.7941
Ep 005 | Loss(Tot:0.354 Seg:0.325 KD:0.097) | W(KD:0.30) | Dice: 0.7926 | HD95: 18.75
Ep 006 | Loss(Tot:0.348 Seg:0.319 KD:0.098) | W(KD:0.30) | Dice: 0.7902 | HD95: 19.32
Ep 007 | Loss(Tot:0.344 Seg:0.315 KD:0.099) | W(KD:0.30) | Dice: 0.7905 | HD95: 18.54
Ep 008 | Loss(Tot:0.342 Seg:0.312 KD:0.100) | W(KD:0.30) | Dice: 0.7939 | HD95: 18.02
Ep 009 | Loss(Tot:0.336 Seg:0.306 KD:0.101) | W(KD:0.30) | Dice: 0.7918 | HD95: 18.14
Ep 010 | Loss(Tot:0.332 Seg:0.302 KD:0.102) | W(KD:0.30) | Dice: 0.7898 | HD95: 19.12
Ep 011 | Loss(Tot:0.328 Seg:0.297 KD:0.103) | W(KD:0.30) | Dice: 0.7855 | HD95: 18.85
Ep 012 | Loss(Tot:0.323 Seg:0.292 KD:0.105) | W(KD:0.30) | Dice: 0.7900 | HD95: 18.37
Ep 013 | Loss(Tot:0.320 Seg:0.289 KD:0.106) | W(KD:0.30) | Dice: 0.7887 | HD95: 18.57
Ep 014 | Loss(Tot:0.318 Seg:0.286 KD:0.107) | W(KD:0.30) | Dice: 0.7889 | HD95: 18.25
[*] Early stopping after 10 epochs without improvement

[*] Training complete. Results saved to: ./results/experiments\all_filtered/K1_uniform_lambda0p3_20260717\0717_0141
===== STDERR =====

Epoch 1/30 [Train]:   0%|          | 0/460 [00:00<?, ?it/s]
Epoch 1/30 [Train]:   0%|          | 1/460 [00:00<04:14,  1.81it/s]
Epoch 1/30 [Train]:   0%|          | 2/460 [00:00<02:39,  2.88it/s]
Epoch 1/30 [Train]:   1%|          | 3/460 [00:00<02:08,  3.56it/s]
Epoch 1/30 [Train]:   1%|          | 4/460 [00:01<01:57,  3.89it/s]
Epoch 1/30 [Train]:   1%|          | 5/460 [00:01<01:47,  4.22it/s]
Epoch 1/30 [Train]:   1%|▏         | 6/460 [00:01<01:42,  4.42it/s]
Epoch 1/30 [Train]:   2%|▏         | 7/460 [00:01<01:41,  4.48it/s]
Epoch 1/30 [Train]:   2%|▏         | 8/460 [00:02<01:38,  4.57it/s]
Epoch 1/30 [Train]:   2%|▏         | 9/460 [00:02<01:37,  4.64it/s]
Epoch 1/30 [Train]:   2%|▏         | 10/460 [00:02<01:36,  4.67it/s]
Epoch 1/30 [Train]:   2%|▏         | 11/460 [00:02<01:35,  4.73it/s]
Epoch 1/30 [Train]:   3%|▎         | 12/460 [00:02<01:34,  4.75it/s]
Epoch 1/30 [Train]:   3%|▎         | 13/460 [00:03<01:33,  4.79it/s]
Epoch 1/30 [Train]:   3%|▎         | 14/460 [00:03<01:32,  4.80it/s]
Epoch 1/30 [Train]:   3%|▎         | 15/460 [00:03<01:32,  4.79it/s]
Epoch 1/30 [Train]:   3%|▎         | 16/460 [00:03<01:33,  4.75it/s]
Epoch 1/30 [Train]:   4%|▎         | 17/460 [00:03<01:32,  4.77it/s]
Epoch 1/30 [Train]:   4%|▍         | 18/460 [00:04<01:33,  4.74it/s]
Epoch 1/30 [Train]:   4%|▍         | 19/460 [00:04<01:32,  4.77it/s]
Epoch 1/30 [Train]:   4%|▍         | 20/460 [00:04<01:31,  4.79it/s]
Epoch 1/30 [Train]:   5%|▍         | 21/460 [00:04<01:30,  4.83it/s]
Epoch 1/30 [Train]:   5%|▍         | 22/460 [00:04<01:31,  4.77it/s]
Epoch 1/30 [Train]:   5%|▌         | 23/460 [00:05<01:32,  4.75it/s]
Epoch 1/30 [Train]:   5%|▌         | 24/460 [00:05<02:48,  2.59it/s]
Epoch 1/30 [Train]:   5%|▌         | 25/460 [00:06<02:32,  2.84it/s]
Epoch 1/30 [Train]:   6%|▌         | 26/460 [00:06<02:19,  3.11it/s]
Epoch 1/30 [Train]:   6%|▌         | 27/460 [00:06<02:03,  3.49it/s]
Epoch 1/30 [Train]:   6%|▌         | 28/460 [00:06<01:52,  3.83it/s]
Epoch 1/30 [Train]:   6%|▋         | 29/460 [00:07<01:45,  4.09it/s]
Epoch 1/30 [Train]:   7%|▋         | 30/460 [00:07<01:41,  4.25it/s]
Epoch 1/30 [Train]:   7%|▋         | 31/460 [00:07<01:37,  4.38it/s]
Epoch 1/30 [Train]:   7%|▋         | 32/460 [00:07<01:35,  4.49it/s]
Epoch 1/30 [Train]:   7%|▋         | 33/460 [00:07<01:33,  4.59it/s]
Epoch 1/30 [Train]:   7%|▋         | 34/460 [00:08<01:30,  4.71it/s]
Epoch 1/30 [Train]:   8%|▊         | 35/460 [00:08<01:28,  4.79it/s]
Epoch 1/30 [Train]:   8%|▊         | 36/460 [00:08<01:27,  4.86it/s]
Epoch 1/30 [Train]:   8%|▊         | 37/460 [00:08<01:26,  4.88it/s]
Epoch 1/30 [Train]:   8%|▊         | 38/460 [00:08<01:25,  4.93it/s]
Epoch 1/30 [Train]:   8%|▊         | 39/460 [00:09<01:25,  4.90it/s]
Epoch 1/30 [Train]:   9%|▊         | 40/460 [00:09<01:26,  4.86it/s]
Epoch 1/30 [Train]:   9%|▉         | 41/460 [00:09<01:25,  4.89it/s]
Epoch 1/30 [Train]:   9%|▉         | 42/460 [00:09<01:24,  4.93it/s]
Epoch 1/30 [Train]:   9%|▉         | 43/460 [00:09<01:24,  4.93it/s]
Epoch 1/30 [Train]:  10%|▉         | 44/460 [00:10<01:24,  4.93it/s]
Epoch 1/30 [Train]:  10%|▉         | 45/460 [00:10<01:23,  4.95it/s]
Epoch 1/30 [Train]:  10%|█         | 46/460 [00:10<01:23,  4.96it/s]
Epoch 1/30 [Train]:  10%|█         | 47/460 [00:10<01:23,  4.97it/s]
Epoch 1/30 [Train]:  10%|█         | 48/460 [00:10<01:24,  4.89it/s]
Epoch 1/30 [Train]:  11%|█         | 49/460 [00:11<01:25,  4.83it/s]
Epoch 1/30 [Train]:  11%|█         | 50/460 [00:11<01:25,  4.81it/s]
Epoch 1/30 [Train]:  11%|█         | 51/460 [00:11<01:25,  4.80it/s]
Epoch 1/30 [Train]:  11%|█▏        | 52/460 [00:11<01:25,  4.78it/s]
Epoch 1/30 [Train]:  12%|█▏        | 53/460 [00:12<01:24,  4.79it/s]
Epoch 1/30 [Train]:  12%|█▏        | 54/460 [00:12<01:24,  4.80it/s]
Epoch 1/30 [Train]:  12%|█▏        | 55/460 [00:12<01:24,  4.79it/s]
Epoch 1/30 [Train]:  12%|█▏        | 56/460 [00:12<01:24,  4.78it/s]
Epoch 1/30 [Train]:  12%|█▏        | 57/460 [00:12<01:24,  4.78it/s]
Epoch 1/30 [Train]:  13%|█▎        | 58/460 [00:13<01:23,  4.80it/s]
Epoch 1/30 [Train]:  13%|█▎        | 59/460 [00:13<01:23,  4.80it/s]
Epoch 1/30 [Train]:  13%|█▎        | 60/460 [00:13<01:23,  4.79it/s]
Epoch 1/30 [Train]:  13%|█▎        | 61/460 [00:13<01:22,  4.86it/s]
Epoch 1/30 [Train]:  13%|█▎        | 62/460 [00:13<01:20,  4.91it/s]
Epoch 1/30 [Train]:  14%|█▎        | 63/460 [00:14<01:20,  4.92it/s]
Epoch 1/30 [Train]:  14%|█▍        | 64/460 [00:14<01:20,  4.94it/s]
Epoch 1/30 [Train]:  14%|█▍        | 65/460 [00:14<01:19,  4.95it/s]
Epoch 1/30 [Train]:  14%|█▍        | 66/460 [00:14<01:19,  4.96it/s]
Epoch 1/30 [Train]:  15%|█▍        | 67/460 [00:14<01:19,  4.94it/s]
Epoch 1/30 [Train]:  15%|█▍        | 68/460 [00:15<01:18,  4.99it/s]
Epoch 1/30 [Train]:  15%|█▌        | 69/460 [00:15<01:17,  5.02it/s]
Epoch 1/30 [Train]:  15%|█▌        | 70/460 [00:15<01:17,  5.04it/s]
Epoch 1/30 [Train]:  15%|█▌        | 71/460 [00:15<01:16,  5.07it/s]
Epoch 1/30 [Train]:  16%|█▌        | 72/460 [00:15<01:16,  5.05it/s]
Epoch 1/30 [Train]:  16%|█▌        | 73/460 [00:16<01:16,  5.05it/s]
Epoch 1/30 [Train]:  16%|█▌        | 74/460 [00:16<01:16,  5.05it/s]
Epoch 1/30 [Train]:  16%|█▋        | 75/460 [00:16<01:16,  5.05it/s]
Epoch 1/30 [Train]:  17%|█▋        | 76/460 [00:16<01:16,  5.04it/s]
Epoch 1/30 [Train]:  17%|█▋        | 77/460 [00:16<01:15,  5.05it/s]
Epoch 1/30 [Train]:  17%|█▋        | 78/460 [00:17<01:15,  5.06it/s]
Epoch 1/30 [Train]:  17%|█▋        | 79/460 [00:17<01:15,  5.05it/s]
Epoch 1/30 [Train]:  17%|█▋        | 80/460 [00:17<01:15,  5.02it/s]
Epoch 1/30 [Train]:  18%|█▊        | 81/460 [00:17<01:15,  5.04it/s]
Epoch 1/30 [Train]:  18%|█▊        | 82/460 [00:17<01:16,  4.94it/s]
Epoch 1/30 [Train]:  18%|█▊        | 83/460 [00:18<01:17,  4.88it/s]
Epoch 1/30 [Train]:  18%|█▊        | 84/460 [00:18<01:16,  4.90it/s]
Epoch 1/30 [Train]:  18%|█▊        | 85/460 [00:18<01:15,  4.97it/s]
Epoch 1/30 [Train]:  19%|█▊        | 86/460 [00:18<01:15,  4.93it/s]
Epoch 1/30 [Train]:  19%|█▉        | 87/460 [00:18<01:16,  4.86it/s]
Epoch 1/30 [Train]:  19%|█▉        | 88/460 [00:19<01:17,  4.82it/s]
Epoch 1/30 [Train]:  19%|█▉        | 89/460 [00:19<01:17,  4.79it/s]
Epoch 1/30 [Train]:  20%|█▉        | 90/460 [00:19<01:17,  4.76it/s]
Epoch 1/30 [Train]:  20%|█▉        | 91/460 [00:19<01:17,  4.77it/s]
Epoch 1/30 [Train]:  20%|██        | 92/460 [00:19<01:17,  4.75it/s]
Epoch 1/30 [Train]:  20%|██        | 93/460 [00:20<01:17,  4.75it/s]
Epoch 1/30 [Train]:  20%|██        | 94/460 [00:20<01:17,  4.74it/s]
Epoch 1/30 [Train]:  21%|██        | 95/460 [00:20<01:16,  4.74it/s]
Epoch 1/30 [Train]:  21%|██        | 96/460 [00:20<01:15,  4.79it/s]
Epoch 1/30 [Train]:  21%|██        | 97/460 [00:20<01:15,  4.80it/s]
Epoch 1/30 [Train]:  21%|██▏       | 98/460 [00:21<01:15,  4.79it/s]
Epoch 1/30 [Train]:  22%|██▏       | 99/460 [00:21<01:15,  4.76it/s]
Epoch 1/30 [Train]:  22%|██▏       | 100/460 [00:21<01:15,  4.77it/s]
Epoch 1/30 [Train]:  22%|██▏       | 101/460 [00:21<01:15,  4.77it/s]
Epoch 1/30 [Train]:  22%|██▏       | 102/460 [00:22<01:15,  4.76it/s]
Epoch 1/30 [Train]:  22%|██▏       | 103/460 [00:22<01:15,  4.76it/s]
Epoch 1/30 [Train]:  23%|██▎       | 104/460 [00:22<01:14,  4.75it/s]
Epoch 1/30 [Train]:  23%|██▎       | 105/460 [00:22<01:14,  4.74it/s]
Epoch 1/30 [Train]:  23%|██▎       | 106/460 [00:22<01:13,  4.79it/s]
Epoch 1/30 [Train]:  23%|██▎       | 107/460 [00:23<01:14,  4.76it/s]
Epoch 1/30 [Train]:  23%|██▎       | 108/460 [00:23<01:13,  4.78it/s]
Epoch 1/30 [Train]:  24%|██▎       | 109/460 [00:23<01:13,  4.76it/s]
Epoch 1/30 [Train]:  24%|██▍       | 110/460 [00:23<01:13,  4.76it/s]
Epoch 1/30 [Train]:  24%|██▍       | 111/460 [00:23<01:13,  4.75it/s]
Epoch 1/30 [Train]:  24%|██▍       | 112/460 [00:24<01:13,  4.75it/s]
Epoch 1/30 [Train]:  25%|██▍       | 113/460 [00:24<01:13,  4.74it/s]
Epoch 1/30 [Train]:  25%|██▍       | 114/460 [00:24<01:12,  4.75it/s]
Epoch 1/30 [Train]:  25%|██▌       | 115/460 [00:24<01:12,  4.74it/s]
Epoch 1/30 [Train]:  25%|██▌       | 116/460 [00:24<01:12,  4.74it/s]
Epoch 1/30 [Train]:  25%|██▌       | 117/460 [00:25<01:12,  4.74it/s]
Epoch 1/30 [Train]:  26%|██▌       | 118/460 [00:25<01:11,  4.77it/s]
Epoch 1/30 [Train]:  26%|██▌       | 119/460 [00:25<01:11,  4.78it/s]
Epoch 1/30 [Train]:  26%|██▌       | 120/460 [00:25<01:11,  4.77it/s]
Epoch 1/30 [Train]:  26%|██▋       | 121/460 [00:26<01:10,  4.79it/s]
Epoch 1/30 [Train]:  27%|██▋       | 122/460 [00:26<01:10,  4.78it/s]
Epoch 1/30 [Train]:  27%|██▋       | 123/460 [00:26<01:10,  4.78it/s]
Epoch 1/30 [Train]:  27%|██▋       | 124/460 [00:26<01:10,  4.78it/s]
Epoch 1/30 [Train]:  27%|██▋       | 125/460 [00:26<01:10,  4.76it/s]
Epoch 1/30 [Train]:  27%|██▋       | 126/460 [00:27<01:10,  4.76it/s]
Epoch 1/30 [Train]:  28%|██▊       | 127/460 [00:27<01:09,  4.77it/s]
Epoch 1/30 [Train]:  28%|██▊       | 128/460 [00:27<01:09,  4.77it/s]
Epoch 1/30 [Train]:  28%|██▊       | 129/460 [00:27<01:09,  4.76it/s]
Epoch 1/30 [Train]:  28%|██▊       | 130/460 [00:27<01:09,  4.75it/s]
Epoch 1/30 [Train]:  28%|██▊       | 131/460 [00:28<01:08,  4.78it/s]
Epoch 1/30 [Train]:  29%|██▊       | 132/460 [00:28<01:08,  4.80it/s]
Epoch 1/30 [Train]:  29%|██▉       | 133/460 [00:28<01:08,  4.76it/s]
Epoch 1/30 [Train]:  29%|██▉       | 134/460 [00:28<01:08,  4.77it/s]
Epoch 1/30 [Train]:  29%|██▉       | 135/460 [00:28<01:06,  4.86it/s]
Epoch 1/30 [Train]:  30%|██▉       | 136/460 [00:29<01:05,  4.91it/s]
Epoch 1/30 [Train]:  30%|██▉       | 137/460 [00:29<01:06,  4.86it/s]
Epoch 1/30 [Train]:  30%|███       | 138/460 [00:29<01:06,  4.87it/s]
Epoch 1/30 [Train]:  30%|███       | 139/460 [00:29<01:06,  4.83it/s]
Epoch 1/30 [Train]:  30%|███       | 140/460 [00:29<01:06,  4.84it/s]
Epoch 1/30 [Train]:  31%|███       | 141/460 [00:30<01:06,  4.83it/s]
Epoch 1/30 [Train]:  31%|███       | 142/460 [00:30<01:05,  4.84it/s]
Epoch 1/30 [Train]:  31%|███       | 143/460 [00:30<01:05,  4.82it/s]
Epoch 1/30 [Train]:  31%|███▏      | 144/460 [00:30<01:04,  4.87it/s]
Epoch 1/30 [Train]:  32%|███▏      | 145/460 [00:30<01:03,  4.94it/s]
Epoch 1/30 [Train]:  32%|███▏      | 146/460 [00:31<01:02,  4.99it/s]
Epoch 1/30 [Train]:  32%|███▏      | 147/460 [00:31<01:02,  4.97it/s]
Epoch 1/30 [Train]:  32%|███▏      | 148/460 [00:31<01:03,  4.93it/s]
Epoch 1/30 [Train]:  32%|███▏      | 149/460 [00:31<01:03,  4.89it/s]
Epoch 1/30 [Train]:  33%|███▎      | 150/460 [00:32<01:03,  4.86it/s]
Epoch 1/30 [Train]:  33%|███▎      | 151/460 [00:32<01:03,  4.84it/s]
Epoch 1/30 [Train]:  33%|███▎      | 152/460 [00:32<01:03,  4.87it/s]
Epoch 1/30 [Train]:  33%|███▎      | 153/460 [00:32<01:02,  4.94it/s]
Epoch 1/30 [Train]:  33%|███▎      | 154/460 [00:32<01:01,  4.96it/s]
Epoch 1/30 [Train]:  34%|███▎      | 155/460 [00:33<01:02,  4.85it/s]
Epoch 1/30 [Train]:  34%|███▍      | 156/460 [00:33<01:03,  4.82it/s]
Epoch 1/30 [Train]:  34%|███▍      | 157/460 [00:33<01:03,  4.80it/s]
Epoch 1/30 [Train]:  34%|███▍      | 158/460 [00:33<01:03,  4.76it/s]
Epoch 1/30 [Train]:  35%|███▍      | 159/460 [00:33<01:03,  4.75it/s]
Epoch 1/30 [Train]:  35%|███▍      | 160/460 [00:34<01:03,  4.72it/s]
Epoch 1/30 [Train]:  35%|███▌      | 161/460 [00:34<01:04,  4.64it/s]
Epoch 1/30 [Train]:  35%|███▌      | 162/460 [00:34<01:03,  4.67it/s]
Epoch 1/30 [Train]:  35%|███▌      | 163/460 [00:34<01:04,  4.63it/s]
Epoch 1/30 [Train]:  36%|███▌      | 164/460 [00:34<01:03,  4.65it/s]
Epoch 1/30 [Train]:  36%|███▌      | 165/460 [00:35<01:02,  4.69it/s]
Epoch 1/30 [Train]:  36%|███▌      | 166/460 [00:35<01:02,  4.68it/s]
Epoch 1/30 [Train]:  36%|███▋      | 167/460 [00:35<01:02,  4.71it/s]
Epoch 1/30 [Train]:  37%|███▋      | 168/460 [00:35<01:01,  4.72it/s]
Epoch 1/30 [Train]:  37%|███▋      | 169/460 [00:36<01:01,  4.73it/s]
Epoch 1/30 [Train]:  37%|███▋      | 170/460 [00:36<01:01,  4.71it/s]
Epoch 1/30 [Train]:  37%|███▋      | 171/460 [00:36<01:01,  4.70it/s]
Epoch 1/30 [Train]:  37%|███▋      | 172/460 [00:36<01:01,  4.71it/s]
Epoch 1/30 [Train]:  38%|███▊      | 173/460 [00:36<01:01,  4.68it/s]
Epoch 1/30 [Train]:  38%|███▊      | 174/460 [00:37<01:01,  4.67it/s]
Epoch 1/30 [Train]:  38%|███▊      | 175/460 [00:37<01:01,  4.66it/s]
Epoch 1/30 [Train]:  38%|███▊      | 176/460 [00:37<01:00,  4.66it/s]
Epoch 1/30 [Train]:  38%|███▊      | 177/460 [00:37<01:00,  4.67it/s]
Epoch 1/30 [Train]:  39%|███▊      | 178/460 [00:37<01:02,  4.54it/s]
Epoch 1/30 [Train]:  39%|███▉      | 179/460 [00:38<01:01,  4.60it/s]
Epoch 1/30 [Train]:  39%|███▉      | 180/460 [00:38<01:00,  4.65it/s]
Epoch 1/30 [Train]:  39%|███▉      | 181/460 [00:38<00:59,  4.66it/s]
Epoch 1/30 [Train]:  40%|███▉      | 182/460 [00:38<00:59,  4.69it/s]
Epoch 1/30 [Train]:  40%|███▉      | 183/460 [00:39<00:58,  4.72it/s]
Epoch 1/30 [Train]:  40%|████      | 184/460 [00:39<00:58,  4.73it/s]
Epoch 1/30 [Train]:  40%|████      | 185/460 [00:39<00:58,  4.69it/s]
Epoch 1/30 [Train]:  40%|████      | 186/460 [00:39<00:58,  4.70it/s]
Epoch 1/30 [Train]:  41%|████      | 187/460 [00:39<00:58,  4.70it/s]
Epoch 1/30 [Train]:  41%|████      | 188/460 [00:40<00:57,  4.71it/s]
Epoch 1/30 [Train]:  41%|████      | 189/460 [00:40<00:57,  4.73it/s]
Epoch 1/30 [Train]:  41%|████▏     | 190/460 [00:40<00:57,  4.72it/s]
Epoch 1/30 [Train]:  42%|████▏     | 191/460 [00:40<00:56,  4.74it/s]
Epoch 1/30 [Train]:  42%|████▏     | 192/460 [00:40<00:56,  4.73it/s]
Epoch 1/30 [Train]:  42%|████▏     | 193/460 [00:41<00:56,  4.73it/s]
Epoch 1/30 [Train]:  42%|████▏     | 194/460 [00:41<00:56,  4.74it/s]
Epoch 1/30 [Train]:  42%|████▏     | 195/460 [00:41<00:56,  4.73it/s]
Epoch 1/30 [Train]:  43%|████▎     | 196/460 [00:41<00:55,  4.75it/s]
Epoch 1/30 [Train]:  43%|████▎     | 197/460 [00:41<00:55,  4.75it/s]
Epoch 1/30 [Train]:  43%|████▎     | 198/460 [00:42<00:54,  4.77it/s]
Epoch 1/30 [Train]:  43%|████▎     | 199/460 [00:42<00:54,  4.77it/s]
Epoch 1/30 [Train]:  43%|████▎     | 200/460 [00:42<00:54,  4.77it/s]
Epoch 1/30 [Train]:  44%|████▎     | 201/460 [00:42<00:54,  4.78it/s]
Epoch 1/30 [Train]:  44%|████▍     | 202/460 [00:43<00:54,  4.76it/s]
Epoch 1/30 [Train]:  44%|████▍     | 203/460 [00:43<00:53,  4.76it/s]
Epoch 1/30 [Train]:  44%|████▍     | 204/460 [00:43<00:53,  4.76it/s]
Epoch 1/30 [Train]:  45%|████▍     | 205/460 [00:43<00:53,  4.77it/s]
Epoch 1/30 [Train]:  45%|████▍     | 206/460 [00:43<00:53,  4.76it/s]
Epoch 1/30 [Train]:  45%|████▌     | 207/460 [00:44<00:53,  4.77it/s]
Epoch 1/30 [Train]:  45%|████▌     | 208/460 [00:44<00:52,  4.76it/s]
Epoch 1/30 [Train]:  45%|████▌     | 209/460 [00:44<00:52,  4.75it/s]
Epoch 1/30 [Train]:  46%|████▌     | 210/460 [00:44<00:52,  4.74it/s]
Epoch 1/30 [Train]:  46%|████▌     | 211/460 [00:44<00:52,  4.76it/s]
Epoch 1/30 [Train]:  46%|████▌     | 212/460 [00:45<00:51,  4.81it/s]
Epoch 1/30 [Train]:  46%|████▋     | 213/460 [00:45<00:51,  4.76it/s]
Epoch 1/30 [Train]:  47%|████▋     | 214/460 [00:45<00:51,  4.82it/s]
Epoch 1/30 [Train]:  47%|████▋     | 215/460 [00:45<00:50,  4.87it/s]
Epoch 1/30 [Train]:  47%|████▋     | 216/460 [00:45<00:50,  4.88it/s]
Epoch 1/30 [Train]:  47%|████▋     | 217/460 [00:46<00:49,  4.89it/s]
Epoch 1/30 [Train]:  47%|████▋     | 218/460 [00:46<00:49,  4.87it/s]
Epoch 1/30 [Train]:  48%|████▊     | 219/460 [00:46<00:49,  4.86it/s]
Epoch 1/30 [Train]:  48%|████▊     | 220/460 [00:46<00:49,  4.90it/s]
Epoch 1/30 [Train]:  48%|████▊     | 221/460 [00:46<00:48,  4.93it/s]
Epoch 1/30 [Train]:  48%|████▊     | 222/460 [00:47<00:48,  4.95it/s]
Epoch 1/30 [Train]:  48%|████▊     | 223/460 [00:47<00:47,  4.98it/s]
Epoch 1/30 [Train]:  49%|████▊     | 224/460 [00:47<00:47,  4.98it/s]
Epoch 1/30 [Train]:  49%|████▉     | 225/460 [00:47<00:47,  4.97it/s]
Epoch 1/30 [Train]:  49%|████▉     | 226/460 [00:47<00:47,  4.96it/s]
Epoch 1/30 [Train]:  49%|████▉     | 227/460 [00:48<00:47,  4.94it/s]
Epoch 1/30 [Train]:  50%|████▉     | 228/460 [00:48<00:47,  4.92it/s]
Epoch 1/30 [Train]:  50%|████▉     | 229/460 [00:48<00:46,  4.96it/s]
Epoch 1/30 [Train]:  50%|█████     | 230/460 [00:48<00:46,  4.98it/s]
Epoch 1/30 [Train]:  50%|█████     | 231/460 [00:48<00:46,  4.94it/s]
Epoch 1/30 [Train]:  50%|█████     | 232/460 [00:49<00:46,  4.94it/s]
Epoch 1/30 [Train]:  51%|█████     | 233/460 [00:49<00:45,  4.96it/s]
Epoch 1/30 [Train]:  51%|█████     | 234/460 [00:49<00:45,  4.99it/s]
Epoch 1/30 [Train]:  51%|█████     | 235/460 [00:49<00:45,  4.98it/s]
Epoch 1/30 [Train]:  51%|█████▏    | 236/460 [00:49<00:45,  4.93it/s]
Epoch 1/30 [Train]:  52%|█████▏    | 237/460 [00:50<00:45,  4.93it/s]
Epoch 1/30 [Train]:  52%|█████▏    | 238/460 [00:50<00:44,  4.95it/s]
Epoch 1/30 [Train]:  52%|█████▏    | 239/460 [00:50<00:44,  4.98it/s]
Epoch 1/30 [Train]:  52%|█████▏    | 240/460 [00:50<00:44,  4.97it/s]
Epoch 1/30 [Train]:  52%|█████▏    | 241/460 [00:50<00:44,  4.96it/s]
Epoch 1/30 [Train]:  53%|█████▎    | 242/460 [00:51<00:43,  4.98it/s]
Epoch 1/30 [Train]:  53%|█████▎    | 243/460 [00:51<00:43,  4.96it/s]
Epoch 1/30 [Train]:  53%|█████▎    | 244/460 [00:51<00:43,  4.93it/s]
Epoch 1/30 [Train]:  53%|█████▎    | 245/460 [00:51<00:43,  4.91it/s]
Epoch 1/30 [Train]:  53%|█████▎    | 246/460 [00:52<00:43,  4.89it/s]
Epoch 1/30 [Train]:  54%|█████▎    | 247/460 [00:52<00:43,  4.90it/s]
Epoch 1/30 [Train]:  54%|█████▍    | 248/460 [00:52<00:43,  4.87it/s]
Epoch 1/30 [Train]:  54%|█████▍    | 249/460 [00:52<00:43,  4.86it/s]
Epoch 1/30 [Train]:  54%|█████▍    | 250/460 [00:52<00:43,  4.85it/s]
Epoch 1/30 [Train]:  55%|█████▍    | 251/460 [00:53<00:43,  4.84it/s]
Epoch 1/30 [Train]:  55%|█████▍    | 252/460 [00:53<00:42,  4.84it/s]
Epoch 1/30 [Train]:  55%|█████▌    | 253/460 [00:53<00:43,  4.81it/s]
Epoch 1/30 [Train]:  55%|█████▌    | 254/460 [00:53<00:42,  4.83it/s]
Epoch 1/30 [Train]:  55%|█████▌    | 255/460 [00:53<00:42,  4.85it/s]
Epoch 1/30 [Train]:  56%|█████▌    | 256/460 [00:54<00:42,  4.83it/s]
Epoch 1/30 [Train]:  56%|█████▌    | 257/460 [00:54<00:41,  4.84it/s]
Epoch 1/30 [Train]:  56%|█████▌    | 258/460 [00:54<00:41,  4.86it/s]
Epoch 1/30 [Train]:  56%|█████▋    | 259/460 [00:54<00:41,  4.85it/s]
Epoch 1/30 [Train]:  57%|█████▋    | 260/460 [00:54<00:41,  4.87it/s]
Epoch 1/30 [Train]:  57%|█████▋    | 261/460 [00:55<00:41,  4.83it/s]
Epoch 1/30 [Train]:  57%|█████▋    | 262/460 [00:55<00:41,  4.81it/s]
Epoch 1/30 [Train]:  57%|█████▋    | 263/460 [00:55<00:41,  4.78it/s]
Epoch 1/30 [Train]:  57%|█████▋    | 264/460 [00:55<00:40,  4.84it/s]
Epoch 1/30 [Train]:  58%|█████▊    | 265/460 [00:55<00:39,  4.88it/s]
Epoch 1/30 [Train]:  58%|█████▊    | 266/460 [00:56<00:40,  4.79it/s]
Epoch 1/30 [Train]:  58%|█████▊    | 267/460 [00:56<00:40,  4.75it/s]
Epoch 1/30 [Train]:  58%|█████▊    | 268/460 [00:56<00:40,  4.74it/s]
Epoch 1/30 [Train]:  58%|█████▊    | 269/460 [00:56<00:40,  4.72it/s]
Epoch 1/30 [Train]:  59%|█████▊    | 270/460 [00:57<00:40,  4.73it/s]
Epoch 1/30 [Train]:  59%|█████▉    | 271/460 [00:57<00:40,  4.72it/s]
Epoch 1/30 [Train]:  59%|█████▉    | 272/460 [00:57<00:39,  4.73it/s]
Epoch 1/30 [Train]:  59%|█████▉    | 273/460 [00:57<00:39,  4.74it/s]
Epoch 1/30 [Train]:  60%|█████▉    | 274/460 [00:57<00:39,  4.73it/s]
Epoch 1/30 [Train]:  60%|█████▉    | 275/460 [00:58<00:39,  4.73it/s]
Epoch 1/30 [Train]:  60%|██████    | 276/460 [00:58<00:38,  4.73it/s]
Epoch 1/30 [Train]:  60%|██████    | 277/460 [00:58<00:38,  4.71it/s]
Epoch 1/30 [Train]:  60%|██████    | 278/460 [00:58<00:38,  4.71it/s]
Epoch 1/30 [Train]:  61%|██████    | 279/460 [00:58<00:38,  4.75it/s]
Epoch 1/30 [Train]:  61%|██████    | 280/460 [00:59<00:37,  4.75it/s]
Epoch 1/30 [Train]:  61%|██████    | 281/460 [00:59<00:37,  4.72it/s]
Epoch 1/30 [Train]:  61%|██████▏   | 282/460 [00:59<00:37,  4.72it/s]
Epoch 1/30 [Train]:  62%|██████▏   | 283/460 [00:59<00:37,  4.73it/s]
Epoch 1/30 [Train]:  62%|██████▏   | 284/460 [00:59<00:37,  4.75it/s]
Epoch 1/30 [Train]:  62%|██████▏   | 285/460 [01:00<00:36,  4.76it/s]
Epoch 1/30 [Train]:  62%|██████▏   | 286/460 [01:00<00:36,  4.77it/s]
Epoch 1/30 [Train]:  62%|██████▏   | 287/460 [01:00<00:36,  4.76it/s]
Epoch 1/30 [Train]:  63%|██████▎   | 288/460 [01:00<00:35,  4.78it/s]
Epoch 1/30 [Train]:  63%|██████▎   | 289/460 [01:01<00:35,  4.76it/s]
Epoch 1/30 [Train]:  63%|██████▎   | 290/460 [01:01<00:35,  4.77it/s]
Epoch 1/30 [Train]:  63%|██████▎   | 291/460 [01:01<00:35,  4.79it/s]
Epoch 1/30 [Train]:  63%|██████▎   | 292/460 [01:01<00:35,  4.79it/s]
Epoch 1/30 [Train]:  64%|██████▎   | 293/460 [01:01<00:35,  4.76it/s]
Epoch 1/30 [Train]:  64%|██████▍   | 294/460 [01:02<00:34,  4.75it/s]
Epoch 1/30 [Train]:  64%|██████▍   | 295/460 [01:02<00:34,  4.77it/s]
Epoch 1/30 [Train]:  64%|██████▍   | 296/460 [01:02<00:34,  4.74it/s]
Epoch 1/30 [Train]:  65%|██████▍   | 297/460 [01:02<00:34,  4.74it/s]
Epoch 1/30 [Train]:  65%|██████▍   | 298/460 [01:02<00:34,  4.75it/s]
Epoch 1/30 [Train]:  65%|██████▌   | 299/460 [01:03<00:33,  4.75it/s]
Epoch 1/30 [Train]:  65%|██████▌   | 300/460 [01:03<00:33,  4.74it/s]
Epoch 1/30 [Train]:  65%|██████▌   | 301/460 [01:03<00:33,  4.74it/s]
Epoch 1/30 [Train]:  66%|██████▌   | 302/460 [01:03<00:33,  4.76it/s]
Epoch 1/30 [Train]:  66%|██████▌   | 303/460 [01:03<00:32,  4.76it/s]
Epoch 1/30 [Train]:  66%|██████▌   | 304/460 [01:04<00:32,  4.78it/s]
Epoch 1/30 [Train]:  66%|██████▋   | 305/460 [01:04<00:32,  4.78it/s]
Epoch 1/30 [Train]:  67%|██████▋   | 306/460 [01:04<00:32,  4.77it/s]
Epoch 1/30 [Train]:  67%|██████▋   | 307/460 [01:04<00:32,  4.77it/s]
Epoch 1/30 [Train]:  67%|██████▋   | 308/460 [01:05<00:31,  4.75it/s]
Epoch 1/30 [Train]:  67%|██████▋   | 309/460 [01:05<00:31,  4.77it/s]
Epoch 1/30 [Train]:  67%|██████▋   | 310/460 [01:05<00:31,  4.75it/s]
Epoch 1/30 [Train]:  68%|██████▊   | 311/460 [01:05<00:31,  4.75it/s]
Epoch 1/30 [Train]:  68%|██████▊   | 312/460 [01:05<00:31,  4.75it/s]
Epoch 1/30 [Train]:  68%|██████▊   | 313/460 [01:06<00:31,  4.73it/s]
Epoch 1/30 [Train]:  68%|██████▊   | 314/460 [01:06<00:30,  4.74it/s]
Epoch 1/30 [Train]:  68%|██████▊   | 315/460 [01:06<00:30,  4.73it/s]
Epoch 1/30 [Train]:  69%|██████▊   | 316/460 [01:06<00:30,  4.69it/s]
Epoch 1/30 [Train]:  69%|██████▉   | 317/460 [01:06<00:30,  4.69it/s]
Epoch 1/30 [Train]:  69%|██████▉   | 318/460 [01:07<00:30,  4.66it/s]
Epoch 1/30 [Train]:  69%|██████▉   | 319/460 [01:07<00:30,  4.66it/s]
Epoch 1/30 [Train]:  70%|██████▉   | 320/460 [01:07<00:30,  4.63it/s]
Epoch 1/30 [Train]:  70%|██████▉   | 321/460 [01:07<00:30,  4.61it/s]
Epoch 1/30 [Train]:  70%|███████   | 322/460 [01:07<00:29,  4.65it/s]
Epoch 1/30 [Train]:  70%|███████   | 323/460 [01:08<00:29,  4.68it/s]
Epoch 1/30 [Train]:  70%|███████   | 324/460 [01:08<00:28,  4.69it/s]
Epoch 1/30 [Train]:  71%|███████   | 325/460 [01:08<00:28,  4.71it/s]
Epoch 1/30 [Train]:  71%|███████   | 326/460 [01:08<00:28,  4.70it/s]
Epoch 1/30 [Train]:  71%|███████   | 327/460 [01:09<00:28,  4.71it/s]
Epoch 1/30 [Train]:  71%|███████▏  | 328/460 [01:09<00:28,  4.71it/s]
Epoch 1/30 [Train]:  72%|███████▏  | 329/460 [01:09<00:27,  4.69it/s]
Epoch 1/30 [Train]:  72%|███████▏  | 330/460 [01:09<00:27,  4.71it/s]
Epoch 1/30 [Train]:  72%|███████▏  | 331/460 [01:09<00:27,  4.73it/s]
Epoch 1/30 [Train]:  72%|███████▏  | 332/460 [01:10<00:27,  4.74it/s]
Epoch 1/30 [Train]:  72%|███████▏  | 333/460 [01:10<00:26,  4.71it/s]
Epoch 1/30 [Train]:  73%|███████▎  | 334/460 [01:10<00:26,  4.74it/s]
Epoch 1/30 [Train]:  73%|███████▎  | 335/460 [01:10<00:26,  4.73it/s]
Epoch 1/30 [Train]:  73%|███████▎  | 336/460 [01:10<00:26,  4.73it/s]
Epoch 1/30 [Train]:  73%|███████▎  | 337/460 [01:11<00:25,  4.75it/s]
Epoch 1/30 [Train]:  73%|███████▎  | 338/460 [01:11<00:25,  4.76it/s]
Epoch 1/30 [Train]:  74%|███████▎  | 339/460 [01:11<00:25,  4.76it/s]
Epoch 1/30 [Train]:  74%|███████▍  | 340/460 [01:11<00:25,  4.76it/s]
Epoch 1/30 [Train]:  74%|███████▍  | 341/460 [01:12<00:24,  4.79it/s]
Epoch 1/30 [Train]:  74%|███████▍  | 342/460 [01:12<00:24,  4.89it/s]
Epoch 1/30 [Train]:  75%|███████▍  | 343/460 [01:12<00:24,  4.87it/s]
Epoch 1/30 [Train]:  75%|███████▍  | 344/460 [01:12<00:23,  4.93it/s]
Epoch 1/30 [Train]:  75%|███████▌  | 345/460 [01:12<00:23,  4.97it/s]
Epoch 1/30 [Train]:  75%|███████▌  | 346/460 [01:12<00:22,  4.99it/s]
Epoch 1/30 [Train]:  75%|███████▌  | 347/460 [01:13<00:22,  5.00it/s]
Epoch 1/30 [Train]:  76%|███████▌  | 348/460 [01:13<00:22,  5.01it/s]
Epoch 1/30 [Train]:  76%|███████▌  | 349/460 [01:13<00:22,  5.03it/s]
Epoch 1/30 [Train]:  76%|███████▌  | 350/460 [01:13<00:21,  5.03it/s]
Epoch 1/30 [Train]:  76%|███████▋  | 351/460 [01:13<00:21,  5.02it/s]
Epoch 1/30 [Train]:  77%|███████▋  | 352/460 [01:14<00:21,  5.02it/s]
Epoch 1/30 [Train]:  77%|███████▋  | 353/460 [01:14<00:21,  4.97it/s]
Epoch 1/30 [Train]:  77%|███████▋  | 354/460 [01:14<00:21,  4.92it/s]
Epoch 1/30 [Train]:  77%|███████▋  | 355/460 [01:14<00:21,  4.95it/s]
Epoch 1/30 [Train]:  77%|███████▋  | 356/460 [01:15<00:20,  4.97it/s]
Epoch 1/30 [Train]:  78%|███████▊  | 357/460 [01:15<00:20,  4.99it/s]
Epoch 1/30 [Train]:  78%|███████▊  | 358/460 [01:15<00:20,  4.95it/s]
Epoch 1/30 [Train]:  78%|███████▊  | 359/460 [01:15<00:20,  4.95it/s]
Epoch 1/30 [Train]:  78%|███████▊  | 360/460 [01:15<00:20,  4.96it/s]
Epoch 1/30 [Train]:  78%|███████▊  | 361/460 [01:16<00:19,  5.02it/s]
Epoch 1/30 [Train]:  79%|███████▊  | 362/460 [01:16<00:19,  4.91it/s]
Epoch 1/30 [Train]:  79%|███████▉  | 363/460 [01:16<00:19,  4.86it/s]
Epoch 1/30 [Train]:  79%|███████▉  | 364/460 [01:16<00:19,  4.80it/s]
Epoch 1/30 [Train]:  79%|███████▉  | 365/460 [01:16<00:19,  4.80it/s]
Epoch 1/30 [Train]:  80%|███████▉  | 366/460 [01:17<00:19,  4.77it/s]
Epoch 1/30 [Train]:  80%|███████▉  | 367/460 [01:17<00:19,  4.76it/s]
Epoch 1/30 [Train]:  80%|████████  | 368/460 [01:17<00:19,  4.76it/s]
Epoch 1/30 [Train]:  80%|████████  | 369/460 [01:17<00:18,  4.82it/s]
Epoch 1/30 [Train]:  80%|████████  | 370/460 [01:17<00:18,  4.87it/s]
Epoch 1/30 [Train]:  81%|████████  | 371/460 [01:18<00:18,  4.90it/s]
Epoch 1/30 [Train]:  81%|████████  | 372/460 [01:18<00:17,  4.95it/s]
Epoch 1/30 [Train]:  81%|████████  | 373/460 [01:18<00:17,  4.96it/s]
Epoch 1/30 [Train]:  81%|████████▏ | 374/460 [01:18<00:17,  4.93it/s]
Epoch 1/30 [Train]:  82%|████████▏ | 375/460 [01:18<00:17,  4.95it/s]
Epoch 1/30 [Train]:  82%|████████▏ | 376/460 [01:19<00:16,  4.95it/s]
Epoch 1/30 [Train]:  82%|████████▏ | 377/460 [01:19<00:16,  4.98it/s]
Epoch 1/30 [Train]:  82%|████████▏ | 378/460 [01:19<00:16,  4.87it/s]
Epoch 1/30 [Train]:  82%|████████▏ | 379/460 [01:19<00:16,  4.87it/s]
Epoch 1/30 [Train]:  83%|████████▎ | 380/460 [01:19<00:16,  4.89it/s]
Epoch 1/30 [Train]:  83%|████████▎ | 381/460 [01:20<00:16,  4.90it/s]
Epoch 1/30 [Train]:  83%|████████▎ | 382/460 [01:20<00:15,  4.90it/s]
Epoch 1/30 [Train]:  83%|████████▎ | 383/460 [01:20<00:15,  4.96it/s]
Epoch 1/30 [Train]:  83%|████████▎ | 384/460 [01:20<00:15,  4.95it/s]
Epoch 1/30 [Train]:  84%|████████▎ | 385/460 [01:20<00:15,  4.82it/s]
Epoch 1/30 [Train]:  84%|████████▍ | 386/460 [01:21<00:15,  4.81it/s]
Epoch 1/30 [Train]:  84%|████████▍ | 387/460 [01:21<00:15,  4.85it/s]
Epoch 1/30 [Train]:  84%|████████▍ | 388/460 [01:21<00:14,  4.90it/s]
Epoch 1/30 [Train]:  85%|████████▍ | 389/460 [01:21<00:14,  4.94it/s]
Epoch 1/30 [Train]:  85%|████████▍ | 390/460 [01:21<00:14,  4.88it/s]
Epoch 1/30 [Train]:  85%|████████▌ | 391/460 [01:22<00:14,  4.83it/s]
Epoch 1/30 [Train]:  85%|████████▌ | 392/460 [01:22<00:14,  4.81it/s]
Epoch 1/30 [Train]:  85%|████████▌ | 393/460 [01:22<00:13,  4.87it/s]
Epoch 1/30 [Train]:  86%|████████▌ | 394/460 [01:22<00:13,  4.94it/s]
Epoch 1/30 [Train]:  86%|████████▌ | 395/460 [01:22<00:12,  5.01it/s]
Epoch 1/30 [Train]:  86%|████████▌ | 396/460 [01:23<00:12,  5.01it/s]
Epoch 1/30 [Train]:  86%|████████▋ | 397/460 [01:23<00:12,  4.95it/s]
Epoch 1/30 [Train]:  87%|████████▋ | 398/460 [01:23<00:12,  4.90it/s]
Epoch 1/30 [Train]:  87%|████████▋ | 399/460 [01:23<00:12,  4.88it/s]
Epoch 1/30 [Train]:  87%|████████▋ | 400/460 [01:23<00:12,  4.94it/s]
Epoch 1/30 [Train]:  87%|████████▋ | 401/460 [01:24<00:11,  4.99it/s]
Epoch 1/30 [Train]:  87%|████████▋ | 402/460 [01:24<00:11,  4.93it/s]
Epoch 1/30 [Train]:  88%|████████▊ | 403/460 [01:24<00:11,  4.86it/s]
Epoch 1/30 [Train]:  88%|████████▊ | 404/460 [01:24<00:11,  4.87it/s]
Epoch 1/30 [Train]:  88%|████████▊ | 405/460 [01:25<00:11,  4.87it/s]
Epoch 1/30 [Train]:  88%|████████▊ | 406/460 [01:25<00:11,  4.86it/s]
Epoch 1/30 [Train]:  88%|████████▊ | 407/460 [01:25<00:10,  4.84it/s]
Epoch 1/30 [Train]:  89%|████████▊ | 408/460 [01:25<00:10,  4.83it/s]
Epoch 1/30 [Train]:  89%|████████▉ | 409/460 [01:25<00:10,  4.78it/s]
Epoch 1/30 [Train]:  89%|████████▉ | 410/460 [01:26<00:10,  4.76it/s]
Epoch 1/30 [Train]:  89%|████████▉ | 411/460 [01:26<00:10,  4.77it/s]
Epoch 1/30 [Train]:  90%|████████▉ | 412/460 [01:26<00:10,  4.73it/s]
Epoch 1/30 [Train]:  90%|████████▉ | 413/460 [01:26<00:09,  4.73it/s]
Epoch 1/30 [Train]:  90%|█████████ | 414/460 [01:26<00:09,  4.73it/s]
Epoch 1/30 [Train]:  90%|█████████ | 415/460 [01:27<00:09,  4.72it/s]
Epoch 1/30 [Train]:  90%|█████████ | 416/460 [01:27<00:09,  4.73it/s]
Epoch 1/30 [Train]:  91%|█████████ | 417/460 [01:27<00:09,  4.72it/s]
Epoch 1/30 [Train]:  91%|█████████ | 418/460 [01:27<00:08,  4.74it/s]
Epoch 1/30 [Train]:  91%|█████████ | 419/460 [01:27<00:08,  4.75it/s]
Epoch 1/30 [Train]:  91%|█████████▏| 420/460 [01:28<00:08,  4.76it/s]
Epoch 1/30 [Train]:  92%|█████████▏| 421/460 [01:28<00:08,  4.72it/s]
Epoch 1/30 [Train]:  92%|█████████▏| 422/460 [01:28<00:08,  4.74it/s]
Epoch 1/30 [Train]:  92%|█████████▏| 423/460 [01:28<00:07,  4.71it/s]
Epoch 1/30 [Train]:  92%|█████████▏| 424/460 [01:29<00:07,  4.72it/s]
Epoch 1/30 [Train]:  92%|█████████▏| 425/460 [01:29<00:07,  4.71it/s]
Epoch 1/30 [Train]:  93%|█████████▎| 426/460 [01:29<00:07,  4.74it/s]
Epoch 1/30 [Train]:  93%|█████████▎| 427/460 [01:29<00:06,  4.74it/s]
Epoch 1/30 [Train]:  93%|█████████▎| 428/460 [01:29<00:06,  4.72it/s]
Epoch 1/30 [Train]:  93%|█████████▎| 429/460 [01:30<00:06,  4.71it/s]
Epoch 1/30 [Train]:  93%|█████████▎| 430/460 [01:30<00:06,  4.70it/s]
Epoch 1/30 [Train]:  94%|█████████▎| 431/460 [01:30<00:06,  4.71it/s]
Epoch 1/30 [Train]:  94%|█████████▍| 432/460 [01:30<00:05,  4.80it/s]
Epoch 1/30 [Train]:  94%|█████████▍| 433/460 [01:30<00:05,  4.79it/s]
Epoch 1/30 [Train]:  94%|█████████▍| 434/460 [01:31<00:05,  4.77it/s]
Epoch 1/30 [Train]:  95%|█████████▍| 435/460 [01:31<00:05,  4.78it/s]
Epoch 1/30 [Train]:  95%|█████████▍| 436/460 [01:31<00:05,  4.76it/s]
Epoch 1/30 [Train]:  95%|█████████▌| 437/460 [01:31<00:04,  4.77it/s]
Epoch 1/30 [Train]:  95%|█████████▌| 438/460 [01:31<00:04,  4.76it/s]
Epoch 1/30 [Train]:  95%|█████████▌| 439/460 [01:32<00:04,  4.76it/s]
Epoch 1/30 [Train]:  96%|█████████▌| 440/460 [01:32<00:04,  4.78it/s]
Epoch 1/30 [Train]:  96%|█████████▌| 441/460 [01:32<00:03,  4.78it/s]
Epoch 1/30 [Train]:  96%|█████████▌| 442/460 [01:32<00:03,  4.75it/s]
Epoch 1/30 [Train]:  96%|█████████▋| 443/460 [01:33<00:03,  4.77it/s]
Epoch 1/30 [Train]:  97%|█████████▋| 444/460 [01:33<00:03,  4.77it/s]
Epoch 1/30 [Train]:  97%|█████████▋| 445/460 [01:33<00:03,  4.76it/s]
Epoch 1/30 [Train]:  97%|█████████▋| 446/460 [01:33<00:02,  4.75it/s]
Epoch 1/30 [Train]:  97%|█████████▋| 447/460 [01:33<00:02,  4.74it/s]
Epoch 1/30 [Train]:  97%|█████████▋| 448/460 [01:34<00:02,  4.73it/s]
Epoch 1/30 [Train]:  98%|█████████▊| 449/460 [01:34<00:02,  4.72it/s]
Epoch 1/30 [Train]:  98%|█████████▊| 450/460 [01:34<00:02,  4.72it/s]
Epoch 1/30 [Train]:  98%|█████████▊| 451/460 [01:34<00:01,  4.72it/s]
Epoch 1/30 [Train]:  98%|█████████▊| 452/460 [01:34<00:01,  4.72it/s]
Epoch 1/30 [Train]:  98%|█████████▊| 453/460 [01:35<00:01,  4.68it/s]
Epoch 1/30 [Train]:  99%|█████████▊| 454/460 [01:35<00:01,  4.70it/s]
Epoch 1/30 [Train]:  99%|█████████▉| 455/460 [01:35<00:01,  4.69it/s]
Epoch 1/30 [Train]:  99%|█████████▉| 456/460 [01:35<00:00,  4.68it/s]
Epoch 1/30 [Train]:  99%|█████████▉| 457/460 [01:35<00:00,  4.72it/s]
Epoch 1/30 [Train]: 100%|█████████▉| 458/460 [01:36<00:00,  4.78it/s]
Epoch 1/30 [Train]: 100%|█████████▉| 459/460 [01:36<00:00,  4.78it/s]
Epoch 1/30 [Train]: 100%|██████████| 460/460 [01:36<00:00,  5.02it/s]
                                                                     

Epoch 2/30 [Train]:   0%|          | 0/460 [00:00<?, ?it/s]
Epoch 2/30 [Train]:   0%|          | 1/460 [00:00<01:38,  4.66it/s]
Epoch 2/30 [Train]:   0%|          | 2/460 [00:00<01:37,  4.68it/s]
Epoch 2/30 [Train]:   1%|          | 3/460 [00:00<01:38,  4.64it/s]
Epoch 2/30 [Train]:   1%|          | 4/460 [00:00<01:37,  4.69it/s]
Epoch 2/30 [Train]:   1%|          | 5/460 [00:01<01:37,  4.69it/s]
Epoch 2/30 [Train]:   1%|▏         | 6/460 [00:01<01:36,  4.72it/s]
Epoch 2/30 [Train]:   2%|▏         | 7/460 [00:01<01:35,  4.73it/s]
Epoch 2/30 [Train]:   2%|▏         | 8/460 [00:01<01:36,  4.68it/s]
Epoch 2/30 [Train]:   2%|▏         | 9/460 [00:01<01:35,  4.72it/s]
Epoch 2/30 [Train]:   2%|▏         | 10/460 [00:02<01:35,  4.71it/s]
Epoch 2/30 [Train]:   2%|▏         | 11/460 [00:02<01:34,  4.75it/s]
Epoch 2/30 [Train]:   3%|▎         | 12/460 [00:02<01:34,  4.75it/s]
Epoch 2/30 [Train]:   3%|▎         | 13/460 [00:02<01:33,  4.77it/s]
Epoch 2/30 [Train]:   3%|▎         | 14/460 [00:02<01:33,  4.77it/s]
Epoch 2/30 [Train]:   3%|▎         | 15/460 [00:03<01:33,  4.78it/s]
Epoch 2/30 [Train]:   3%|▎         | 16/460 [00:03<01:32,  4.80it/s]
Epoch 2/30 [Train]:   4%|▎         | 17/460 [00:03<01:32,  4.78it/s]
Epoch 2/30 [Train]:   4%|▍         | 18/460 [00:03<01:32,  4.78it/s]
Epoch 2/30 [Train]:   4%|▍         | 19/460 [00:04<01:32,  4.77it/s]
Epoch 2/30 [Train]:   4%|▍         | 20/460 [00:04<01:32,  4.76it/s]
Epoch 2/30 [Train]:   5%|▍         | 21/460 [00:04<01:32,  4.77it/s]
Epoch 2/30 [Train]:   5%|▍         | 22/460 [00:04<01:31,  4.77it/s]
Epoch 2/30 [Train]:   5%|▌         | 23/460 [00:04<01:31,  4.75it/s]
Epoch 2/30 [Train]:   5%|▌         | 24/460 [00:05<01:31,  4.76it/s]
Epoch 2/30 [Train]:   5%|▌         | 25/460 [00:05<01:31,  4.76it/s]
Epoch 2/30 [Train]:   6%|▌         | 26/460 [00:05<01:30,  4.78it/s]
Epoch 2/30 [Train]:   6%|▌         | 27/460 [00:05<01:30,  4.76it/s]
Epoch 2/30 [Train]:   6%|▌         | 28/460 [00:05<01:30,  4.76it/s]
Epoch 2/30 [Train]:   6%|▋         | 29/460 [00:06<01:30,  4.78it/s]
Epoch 2/30 [Train]:   7%|▋         | 30/460 [00:06<01:29,  4.80it/s]
Epoch 2/30 [Train]:   7%|▋         | 31/460 [00:06<01:29,  4.79it/s]
Epoch 2/30 [Train]:   7%|▋         | 32/460 [00:06<01:29,  4.80it/s]
Epoch 2/30 [Train]:   7%|▋         | 33/460 [00:06<01:29,  4.77it/s]
Epoch 2/30 [Train]:   7%|▋         | 34/460 [00:07<01:29,  4.77it/s]
Epoch 2/30 [Train]:   8%|▊         | 35/460 [00:07<01:29,  4.76it/s]
Epoch 2/30 [Train]:   8%|▊         | 36/460 [00:07<01:29,  4.76it/s]
Epoch 2/30 [Train]:   8%|▊         | 37/460 [00:07<01:28,  4.77it/s]
Epoch 2/30 [Train]:   8%|▊         | 38/460 [00:07<01:28,  4.76it/s]
Epoch 2/30 [Train]:   8%|▊         | 39/460 [00:08<01:27,  4.79it/s]
Epoch 2/30 [Train]:   9%|▊         | 40/460 [00:08<01:27,  4.79it/s]
Epoch 2/30 [Train]:   9%|▉         | 41/460 [00:08<01:27,  4.77it/s]
Epoch 2/30 [Train]:   9%|▉         | 42/460 [00:08<01:27,  4.76it/s]
Epoch 2/30 [Train]:   9%|▉         | 43/460 [00:09<01:27,  4.74it/s]
Epoch 2/30 [Train]:  10%|▉         | 44/460 [00:09<01:27,  4.74it/s]
Epoch 2/30 [Train]:  10%|▉         | 45/460 [00:09<01:27,  4.75it/s]
Epoch 2/30 [Train]:  10%|█         | 46/460 [00:09<01:27,  4.74it/s]
Epoch 2/30 [Train]:  10%|█         | 47/460 [00:09<01:27,  4.74it/s]
Epoch 2/30 [Train]:  10%|█         | 48/460 [00:10<01:26,  4.74it/s]
Epoch 2/30 [Train]:  11%|█         | 49/460 [00:10<01:26,  4.74it/s]
Epoch 2/30 [Train]:  11%|█         | 50/460 [00:10<01:26,  4.76it/s]
Epoch 2/30 [Train]:  11%|█         | 51/460 [00:10<01:24,  4.86it/s]
Epoch 2/30 [Train]:  11%|█▏        | 52/460 [00:10<01:24,  4.85it/s]
Epoch 2/30 [Train]:  12%|█▏        | 53/460 [00:11<01:22,  4.91it/s]
Epoch 2/30 [Train]:  12%|█▏        | 54/460 [00:11<01:23,  4.88it/s]
Epoch 2/30 [Train]:  12%|█▏        | 55/460 [00:11<01:23,  4.86it/s]
Epoch 2/30 [Train]:  12%|█▏        | 56/460 [00:11<01:23,  4.82it/s]
Epoch 2/30 [Train]:  12%|█▏        | 57/460 [00:11<01:24,  4.78it/s]
Epoch 2/30 [Train]:  13%|█▎        | 58/460 [00:12<01:24,  4.78it/s]
Epoch 2/30 [Train]:  13%|█▎        | 59/460 [00:12<01:24,  4.76it/s]
Epoch 2/30 [Train]:  13%|█▎        | 60/460 [00:12<01:24,  4.76it/s]
Epoch 2/30 [Train]:  13%|█▎        | 61/460 [00:12<01:24,  4.74it/s]
Epoch 2/30 [Train]:  13%|█▎        | 62/460 [00:13<01:24,  4.73it/s]
Epoch 2/30 [Train]:  14%|█▎        | 63/460 [00:13<01:24,  4.72it/s]
Epoch 2/30 [Train]:  14%|█▍        | 64/460 [00:13<01:24,  4.70it/s]
Epoch 2/30 [Train]:  14%|█▍        | 65/460 [00:13<01:24,  4.70it/s]
Epoch 2/30 [Train]:  14%|█▍        | 66/460 [00:13<01:23,  4.72it/s]
Epoch 2/30 [Train]:  15%|█▍        | 67/460 [00:14<01:23,  4.73it/s]
Epoch 2/30 [Train]:  15%|█▍        | 68/460 [00:14<01:23,  4.72it/s]
Epoch 2/30 [Train]:  15%|█▌        | 69/460 [00:14<01:22,  4.74it/s]
Epoch 2/30 [Train]:  15%|█▌        | 70/460 [00:14<01:22,  4.74it/s]
Epoch 2/30 [Train]:  15%|█▌        | 71/460 [00:14<01:21,  4.79it/s]
Epoch 2/30 [Train]:  16%|█▌        | 72/460 [00:15<01:19,  4.85it/s]
Epoch 2/30 [Train]:  16%|█▌        | 73/460 [00:15<01:19,  4.85it/s]
Epoch 2/30 [Train]:  16%|█▌        | 74/460 [00:15<01:18,  4.89it/s]
Epoch 2/30 [Train]:  16%|█▋        | 75/460 [00:15<01:19,  4.86it/s]
Epoch 2/30 [Train]:  17%|█▋        | 76/460 [00:15<01:18,  4.90it/s]
Epoch 2/30 [Train]:  17%|█▋        | 77/460 [00:16<01:17,  4.92it/s]
Epoch 2/30 [Train]:  17%|█▋        | 78/460 [00:16<01:16,  4.98it/s]
Epoch 2/30 [Train]:  17%|█▋        | 79/460 [00:16<01:15,  5.03it/s]
Epoch 2/30 [Train]:  17%|█▋        | 80/460 [00:16<01:15,  5.00it/s]
Epoch 2/30 [Train]:  18%|█▊        | 81/460 [00:16<01:15,  5.00it/s]
Epoch 2/30 [Train]:  18%|█▊        | 82/460 [00:17<01:15,  4.98it/s]
Epoch 2/30 [Train]:  18%|█▊        | 83/460 [00:17<01:16,  4.94it/s]
Epoch 2/30 [Train]:  18%|█▊        | 84/460 [00:17<01:15,  4.95it/s]
Epoch 2/30 [Train]:  18%|█▊        | 85/460 [00:17<01:15,  4.96it/s]
Epoch 2/30 [Train]:  19%|█▊        | 86/460 [00:17<01:14,  5.02it/s]
Epoch 2/30 [Train]:  19%|█▉        | 87/460 [00:18<01:16,  4.89it/s]
Epoch 2/30 [Train]:  19%|█▉        | 88/460 [00:18<01:15,  4.91it/s]
Epoch 2/30 [Train]:  19%|█▉        | 89/460 [00:18<01:15,  4.93it/s]
Epoch 2/30 [Train]:  20%|█▉        | 90/460 [00:18<01:15,  4.90it/s]
Epoch 2/30 [Train]:  20%|█▉        | 91/460 [00:18<01:15,  4.88it/s]
Epoch 2/30 [Train]:  20%|██        | 92/460 [00:19<01:15,  4.89it/s]
Epoch 2/30 [Train]:  20%|██        | 93/460 [00:19<01:14,  4.91it/s]
Epoch 2/30 [Train]:  20%|██        | 94/460 [00:19<01:14,  4.93it/s]
Epoch 2/30 [Train]:  21%|██        | 95/460 [00:19<01:13,  4.95it/s]
Epoch 2/30 [Train]:  21%|██        | 96/460 [00:19<01:12,  4.99it/s]
Epoch 2/30 [Train]:  21%|██        | 97/460 [00:20<01:12,  5.02it/s]
Epoch 2/30 [Train]:  21%|██▏       | 98/460 [00:20<01:11,  5.04it/s]
Epoch 2/30 [Train]:  22%|██▏       | 99/460 [00:20<01:11,  5.06it/s]
Epoch 2/30 [Train]:  22%|██▏       | 100/460 [00:20<01:11,  5.06it/s]
Epoch 2/30 [Train]:  22%|██▏       | 101/460 [00:20<01:10,  5.07it/s]
Epoch 2/30 [Train]:  22%|██▏       | 102/460 [00:21<01:10,  5.07it/s]
Epoch 2/30 [Train]:  22%|██▏       | 103/460 [00:21<01:10,  5.03it/s]
Epoch 2/30 [Train]:  23%|██▎       | 104/460 [00:21<01:11,  4.99it/s]
Epoch 2/30 [Train]:  23%|██▎       | 105/460 [00:21<01:11,  4.96it/s]
Epoch 2/30 [Train]:  23%|██▎       | 106/460 [00:21<01:10,  4.99it/s]
Epoch 2/30 [Train]:  23%|██▎       | 107/460 [00:22<01:11,  4.94it/s]
Epoch 2/30 [Train]:  23%|██▎       | 108/460 [00:22<01:10,  4.98it/s]
Epoch 2/30 [Train]:  24%|██▎       | 109/460 [00:22<01:10,  4.98it/s]
Epoch 2/30 [Train]:  24%|██▍       | 110/460 [00:22<01:10,  4.99it/s]
Epoch 2/30 [Train]:  24%|██▍       | 111/460 [00:22<01:10,  4.98it/s]
Epoch 2/30 [Train]:  24%|██▍       | 112/460 [00:23<01:10,  4.93it/s]
Epoch 2/30 [Train]:  25%|██▍       | 113/460 [00:23<01:10,  4.93it/s]
Epoch 2/30 [Train]:  25%|██▍       | 114/460 [00:23<01:09,  4.95it/s]
Epoch 2/30 [Train]:  25%|██▌       | 115/460 [00:23<01:09,  4.96it/s]
Epoch 2/30 [Train]:  25%|██▌       | 116/460 [00:23<01:09,  4.96it/s]
Epoch 2/30 [Train]:  25%|██▌       | 117/460 [00:24<01:08,  4.98it/s]
Epoch 2/30 [Train]:  26%|██▌       | 118/460 [00:24<01:08,  5.02it/s]
Epoch 2/30 [Train]:  26%|██▌       | 119/460 [00:24<01:07,  5.03it/s]
Epoch 2/30 [Train]:  26%|██▌       | 120/460 [00:24<01:07,  5.01it/s]
Epoch 2/30 [Train]:  26%|██▋       | 121/460 [00:24<01:08,  4.98it/s]
Epoch 2/30 [Train]:  27%|██▋       | 122/460 [00:25<01:07,  4.99it/s]
Epoch 2/30 [Train]:  27%|██▋       | 123/460 [00:25<01:07,  5.03it/s]
Epoch 2/30 [Train]:  27%|██▋       | 124/460 [00:25<01:06,  5.05it/s]
Epoch 2/30 [Train]:  27%|██▋       | 125/460 [00:25<01:06,  5.03it/s]
Epoch 2/30 [Train]:  27%|██▋       | 126/460 [00:25<01:07,  4.93it/s]
Epoch 2/30 [Train]:  28%|██▊       | 127/460 [00:26<01:08,  4.86it/s]
Epoch 2/30 [Train]:  28%|██▊       | 128/460 [00:26<01:08,  4.82it/s]
Epoch 2/30 [Train]:  28%|██▊       | 129/460 [00:26<01:08,  4.80it/s]
Epoch 2/30 [Train]:  28%|██▊       | 130/460 [00:26<01:09,  4.74it/s]
Epoch 2/30 [Train]:  28%|██▊       | 131/460 [00:27<01:10,  4.70it/s]
Epoch 2/30 [Train]:  29%|██▊       | 132/460 [00:27<01:10,  4.68it/s]
Epoch 2/30 [Train]:  29%|██▉       | 133/460 [00:27<01:09,  4.70it/s]
Epoch 2/30 [Train]:  29%|██▉       | 134/460 [00:27<01:09,  4.72it/s]
Epoch 2/30 [Train]:  29%|██▉       | 135/460 [00:27<01:08,  4.73it/s]
Epoch 2/30 [Train]:  30%|██▉       | 136/460 [00:28<01:08,  4.70it/s]
Epoch 2/30 [Train]:  30%|██▉       | 137/460 [00:28<01:08,  4.69it/s]
Epoch 2/30 [Train]:  30%|███       | 138/460 [00:28<01:08,  4.69it/s]
Epoch 2/30 [Train]:  30%|███       | 139/460 [00:28<01:08,  4.69it/s]
Epoch 2/30 [Train]:  30%|███       | 140/460 [00:28<01:08,  4.69it/s]
Epoch 2/30 [Train]:  31%|███       | 141/460 [00:29<01:06,  4.77it/s]
Epoch 2/30 [Train]:  31%|███       | 142/460 [00:29<01:05,  4.87it/s]
Epoch 2/30 [Train]:  31%|███       | 143/460 [00:29<01:04,  4.90it/s]
Epoch 2/30 [Train]:  31%|███▏      | 144/460 [00:29<01:04,  4.90it/s]
Epoch 2/30 [Train]:  32%|███▏      | 145/460 [00:29<01:04,  4.85it/s]
Epoch 2/30 [Train]:  32%|███▏      | 146/460 [00:30<01:05,  4.83it/s]
Epoch 2/30 [Train]:  32%|███▏      | 147/460 [00:30<01:04,  4.83it/s]
Epoch 2/30 [Train]:  32%|███▏      | 148/460 [00:30<01:05,  4.79it/s]
Epoch 2/30 [Train]:  32%|███▏      | 149/460 [00:30<01:04,  4.79it/s]
Epoch 2/30 [Train]:  33%|███▎      | 150/460 [00:31<01:04,  4.79it/s]
Epoch 2/30 [Train]:  33%|███▎      | 151/460 [00:31<01:04,  4.76it/s]
Epoch 2/30 [Train]:  33%|███▎      | 152/460 [00:31<01:05,  4.73it/s]
Epoch 2/30 [Train]:  33%|███▎      | 153/460 [00:31<01:04,  4.75it/s]
Epoch 2/30 [Train]:  33%|███▎      | 154/460 [00:31<01:04,  4.75it/s]
Epoch 2/30 [Train]:  34%|███▎      | 155/460 [00:32<01:04,  4.74it/s]
Epoch 2/30 [Train]:  34%|███▍      | 156/460 [00:32<01:03,  4.75it/s]
Epoch 2/30 [Train]:  34%|███▍      | 157/460 [00:32<01:03,  4.74it/s]
Epoch 2/30 [Train]:  34%|███▍      | 158/460 [00:32<01:03,  4.74it/s]
Epoch 2/30 [Train]:  35%|███▍      | 159/460 [00:32<01:03,  4.77it/s]
Epoch 2/30 [Train]:  35%|███▍      | 160/460 [00:33<01:02,  4.77it/s]
Epoch 2/30 [Train]:  35%|███▌      | 161/460 [00:33<01:02,  4.75it/s]
Epoch 2/30 [Train]:  35%|███▌      | 162/460 [00:33<01:01,  4.81it/s]
Epoch 2/30 [Train]:  35%|███▌      | 163/460 [00:33<01:00,  4.90it/s]
Epoch 2/30 [Train]:  36%|███▌      | 164/460 [00:33<01:00,  4.89it/s]
Epoch 2/30 [Train]:  36%|███▌      | 165/460 [00:34<00:59,  4.94it/s]
Epoch 2/30 [Train]:  36%|███▌      | 166/460 [00:34<00:59,  4.95it/s]
Epoch 2/30 [Train]:  36%|███▋      | 167/460 [00:34<00:59,  4.96it/s]
Epoch 2/30 [Train]:  37%|███▋      | 168/460 [00:34<00:58,  4.99it/s]
Epoch 2/30 [Train]:  37%|███▋      | 169/460 [00:34<00:58,  5.01it/s]
Epoch 2/30 [Train]:  37%|███▋      | 170/460 [00:35<00:57,  5.02it/s]
Epoch 2/30 [Train]:  37%|███▋      | 171/460 [00:35<00:57,  4.99it/s]
Epoch 2/30 [Train]:  37%|███▋      | 172/460 [00:35<00:59,  4.87it/s]
Epoch 2/30 [Train]:  38%|███▊      | 173/460 [00:35<00:58,  4.88it/s]
Epoch 2/30 [Train]:  38%|███▊      | 174/460 [00:35<00:58,  4.86it/s]
Epoch 2/30 [Train]:  38%|███▊      | 175/460 [00:36<00:58,  4.84it/s]
Epoch 2/30 [Train]:  38%|███▊      | 176/460 [00:36<00:58,  4.88it/s]
Epoch 2/30 [Train]:  38%|███▊      | 177/460 [00:36<00:58,  4.82it/s]
Epoch 2/30 [Train]:  39%|███▊      | 178/460 [00:36<00:58,  4.82it/s]
Epoch 2/30 [Train]:  39%|███▉      | 179/460 [00:36<00:58,  4.83it/s]
Epoch 2/30 [Train]:  39%|███▉      | 180/460 [00:37<00:57,  4.86it/s]
Epoch 2/30 [Train]:  39%|███▉      | 181/460 [00:37<00:57,  4.84it/s]
Epoch 2/30 [Train]:  40%|███▉      | 182/460 [00:37<00:57,  4.84it/s]
Epoch 2/30 [Train]:  40%|███▉      | 183/460 [00:37<00:57,  4.81it/s]
Epoch 2/30 [Train]:  40%|████      | 184/460 [00:38<00:57,  4.81it/s]
Epoch 2/30 [Train]:  40%|████      | 185/460 [00:38<00:56,  4.84it/s]
Epoch 2/30 [Train]:  40%|████      | 186/460 [00:38<00:56,  4.88it/s]
Epoch 2/30 [Train]:  41%|████      | 187/460 [00:38<00:56,  4.87it/s]
Epoch 2/30 [Train]:  41%|████      | 188/460 [00:38<00:55,  4.86it/s]
Epoch 2/30 [Train]:  41%|████      | 189/460 [00:39<00:55,  4.85it/s]
Epoch 2/30 [Train]:  41%|████▏     | 190/460 [00:39<00:55,  4.88it/s]
Epoch 2/30 [Train]:  42%|████▏     | 191/460 [00:39<00:55,  4.82it/s]
Epoch 2/30 [Train]:  42%|████▏     | 192/460 [00:39<00:55,  4.82it/s]
Epoch 2/30 [Train]:  42%|████▏     | 193/460 [00:39<00:55,  4.80it/s]
Epoch 2/30 [Train]:  42%|████▏     | 194/460 [00:40<00:55,  4.81it/s]
Epoch 2/30 [Train]:  42%|████▏     | 195/460 [00:40<00:55,  4.80it/s]
Epoch 2/30 [Train]:  43%|████▎     | 196/460 [00:40<00:55,  4.78it/s]
Epoch 2/30 [Train]:  43%|████▎     | 197/460 [00:40<00:55,  4.76it/s]
Epoch 2/30 [Train]:  43%|████▎     | 198/460 [00:40<00:55,  4.76it/s]
Epoch 2/30 [Train]:  43%|████▎     | 199/460 [00:41<00:54,  4.80it/s]
Epoch 2/30 [Train]:  43%|████▎     | 200/460 [00:41<00:54,  4.80it/s]
Epoch 2/30 [Train]:  44%|████▎     | 201/460 [00:41<00:53,  4.81it/s]
Epoch 2/30 [Train]:  44%|████▍     | 202/460 [00:41<00:53,  4.83it/s]
Epoch 2/30 [Train]:  44%|████▍     | 203/460 [00:41<00:53,  4.81it/s]
Epoch 2/30 [Train]:  44%|████▍     | 204/460 [00:42<00:52,  4.89it/s]
Epoch 2/30 [Train]:  45%|████▍     | 205/460 [00:42<00:51,  4.91it/s]
Epoch 2/30 [Train]:  45%|████▍     | 206/460 [00:42<00:51,  4.95it/s]
Epoch 2/30 [Train]:  45%|████▌     | 207/460 [00:42<00:50,  5.00it/s]
Epoch 2/30 [Train]:  45%|████▌     | 208/460 [00:42<00:50,  5.01it/s]
Epoch 2/30 [Train]:  45%|████▌     | 209/460 [00:43<00:50,  5.01it/s]
Epoch 2/30 [Train]:  46%|████▌     | 210/460 [00:43<00:49,  5.03it/s]
Epoch 2/30 [Train]:  46%|████▌     | 211/460 [00:43<00:49,  5.04it/s]
Epoch 2/30 [Train]:  46%|████▌     | 212/460 [00:43<00:50,  4.94it/s]
Epoch 2/30 [Train]:  46%|████▋     | 213/460 [00:43<00:49,  4.94it/s]
Epoch 2/30 [Train]:  47%|████▋     | 214/460 [00:44<00:49,  4.96it/s]
Epoch 2/30 [Train]:  47%|████▋     | 215/460 [00:44<00:49,  4.91it/s]
Epoch 2/30 [Train]:  47%|████▋     | 216/460 [00:44<00:49,  4.90it/s]
Epoch 2/30 [Train]:  47%|████▋     | 217/460 [00:44<00:49,  4.89it/s]
Epoch 2/30 [Train]:  47%|████▋     | 218/460 [00:44<00:49,  4.91it/s]
Epoch 2/30 [Train]:  48%|████▊     | 219/460 [00:45<00:49,  4.87it/s]
Epoch 2/30 [Train]:  48%|████▊     | 220/460 [00:45<00:49,  4.84it/s]
Epoch 2/30 [Train]:  48%|████▊     | 221/460 [00:45<00:50,  4.76it/s]
Epoch 2/30 [Train]:  48%|████▊     | 222/460 [00:45<00:49,  4.78it/s]
Epoch 2/30 [Train]:  48%|████▊     | 223/460 [00:46<00:49,  4.77it/s]
Epoch 2/30 [Train]:  49%|████▊     | 224/460 [00:46<00:48,  4.83it/s]
Epoch 2/30 [Train]:  49%|████▉     | 225/460 [00:46<00:48,  4.85it/s]
Epoch 2/30 [Train]:  49%|████▉     | 226/460 [00:46<00:47,  4.92it/s]
Epoch 2/30 [Train]:  49%|████▉     | 227/460 [00:46<00:47,  4.92it/s]
Epoch 2/30 [Train]:  50%|████▉     | 228/460 [00:47<00:46,  4.97it/s]
Epoch 2/30 [Train]:  50%|████▉     | 229/460 [00:47<00:46,  5.01it/s]
Epoch 2/30 [Train]:  50%|█████     | 230/460 [00:47<00:45,  5.01it/s]
Epoch 2/30 [Train]:  50%|█████     | 231/460 [00:47<00:46,  4.97it/s]
Epoch 2/30 [Train]:  50%|█████     | 232/460 [00:47<00:46,  4.86it/s]
Epoch 2/30 [Train]:  51%|█████     | 233/460 [00:48<00:47,  4.82it/s]
Epoch 2/30 [Train]:  51%|█████     | 234/460 [00:48<00:46,  4.82it/s]
Epoch 2/30 [Train]:  51%|█████     | 235/460 [00:48<00:46,  4.86it/s]
Epoch 2/30 [Train]:  51%|█████▏    | 236/460 [00:48<00:46,  4.83it/s]
Epoch 2/30 [Train]:  52%|█████▏    | 237/460 [00:48<00:45,  4.86it/s]
Epoch 2/30 [Train]:  52%|█████▏    | 238/460 [00:49<00:46,  4.80it/s]
Epoch 2/30 [Train]:  52%|█████▏    | 239/460 [00:49<00:45,  4.81it/s]
Epoch 2/30 [Train]:  52%|█████▏    | 240/460 [00:49<00:45,  4.79it/s]
Epoch 2/30 [Train]:  52%|█████▏    | 241/460 [00:49<00:46,  4.75it/s]
Epoch 2/30 [Train]:  53%|█████▎    | 242/460 [00:49<00:46,  4.72it/s]
Epoch 2/30 [Train]:  53%|█████▎    | 243/460 [00:50<00:45,  4.73it/s]
Epoch 2/30 [Train]:  53%|█████▎    | 244/460 [00:50<00:45,  4.73it/s]
Epoch 2/30 [Train]:  53%|█████▎    | 245/460 [00:50<00:45,  4.74it/s]
Epoch 2/30 [Train]:  53%|█████▎    | 246/460 [00:50<00:45,  4.72it/s]
Epoch 2/30 [Train]:  54%|█████▎    | 247/460 [00:51<00:45,  4.72it/s]
Epoch 2/30 [Train]:  54%|█████▍    | 248/460 [00:51<00:44,  4.72it/s]
Epoch 2/30 [Train]:  54%|█████▍    | 249/460 [00:51<00:44,  4.70it/s]
Epoch 2/30 [Train]:  54%|█████▍    | 250/460 [00:51<00:44,  4.70it/s]
Epoch 2/30 [Train]:  55%|█████▍    | 251/460 [00:51<00:44,  4.72it/s]
Epoch 2/30 [Train]:  55%|█████▍    | 252/460 [00:52<00:44,  4.71it/s]
Epoch 2/30 [Train]:  55%|█████▌    | 253/460 [00:52<00:43,  4.72it/s]
Epoch 2/30 [Train]:  55%|█████▌    | 254/460 [00:52<00:43,  4.72it/s]
Epoch 2/30 [Train]:  55%|█████▌    | 255/460 [00:52<00:43,  4.72it/s]
Epoch 2/30 [Train]:  56%|█████▌    | 256/460 [00:52<00:43,  4.74it/s]
Epoch 2/30 [Train]:  56%|█████▌    | 257/460 [00:53<00:42,  4.76it/s]
Epoch 2/30 [Train]:  56%|█████▌    | 258/460 [00:53<00:42,  4.77it/s]
Epoch 2/30 [Train]:  56%|█████▋    | 259/460 [00:53<00:42,  4.78it/s]
Epoch 2/30 [Train]:  57%|█████▋    | 260/460 [00:53<00:42,  4.71it/s]
Epoch 2/30 [Train]:  57%|█████▋    | 261/460 [00:53<00:41,  4.75it/s]
Epoch 2/30 [Train]:  57%|█████▋    | 262/460 [00:54<00:41,  4.76it/s]
Epoch 2/30 [Train]:  57%|█████▋    | 263/460 [00:54<00:41,  4.77it/s]
Epoch 2/30 [Train]:  57%|█████▋    | 264/460 [00:54<00:40,  4.79it/s]
Epoch 2/30 [Train]:  58%|█████▊    | 265/460 [00:54<00:40,  4.76it/s]
Epoch 2/30 [Train]:  58%|█████▊    | 266/460 [00:55<00:40,  4.77it/s]
Epoch 2/30 [Train]:  58%|█████▊    | 267/460 [00:55<00:40,  4.78it/s]
Epoch 2/30 [Train]:  58%|█████▊    | 268/460 [00:55<00:40,  4.77it/s]
Epoch 2/30 [Train]:  58%|█████▊    | 269/460 [00:55<00:40,  4.76it/s]
Epoch 2/30 [Train]:  59%|█████▊    | 270/460 [00:55<00:39,  4.76it/s]
Epoch 2/30 [Train]:  59%|█████▉    | 271/460 [00:56<00:39,  4.80it/s]
Epoch 2/30 [Train]:  59%|█████▉    | 272/460 [00:56<00:39,  4.81it/s]
Epoch 2/30 [Train]:  59%|█████▉    | 273/460 [00:56<00:39,  4.74it/s]
Epoch 2/30 [Train]:  60%|█████▉    | 274/460 [00:56<00:39,  4.73it/s]
Epoch 2/30 [Train]:  60%|█████▉    | 275/460 [00:56<00:38,  4.76it/s]
Epoch 2/30 [Train]:  60%|██████    | 276/460 [00:57<00:38,  4.77it/s]
Epoch 2/30 [Train]:  60%|██████    | 277/460 [00:57<00:38,  4.77it/s]
Epoch 2/30 [Train]:  60%|██████    | 278/460 [00:57<00:37,  4.79it/s]
Epoch 2/30 [Train]:  61%|██████    | 279/460 [00:57<00:37,  4.79it/s]
Epoch 2/30 [Train]:  61%|██████    | 280/460 [00:57<00:37,  4.79it/s]
Epoch 2/30 [Train]:  61%|██████    | 281/460 [00:58<00:37,  4.77it/s]
Epoch 2/30 [Train]:  61%|██████▏   | 282/460 [00:58<00:37,  4.80it/s]
Epoch 2/30 [Train]:  62%|██████▏   | 283/460 [00:58<00:36,  4.86it/s]
Epoch 2/30 [Train]:  62%|██████▏   | 284/460 [00:58<00:35,  4.91it/s]
Epoch 2/30 [Train]:  62%|██████▏   | 285/460 [00:58<00:35,  4.94it/s]
Epoch 2/30 [Train]:  62%|██████▏   | 286/460 [00:59<00:35,  4.88it/s]
Epoch 2/30 [Train]:  62%|██████▏   | 287/460 [00:59<00:35,  4.85it/s]
Epoch 2/30 [Train]:  63%|██████▎   | 288/460 [00:59<00:34,  4.92it/s]
Epoch 2/30 [Train]:  63%|██████▎   | 289/460 [00:59<00:34,  4.97it/s]
Epoch 2/30 [Train]:  63%|██████▎   | 290/460 [00:59<00:34,  4.99it/s]
Epoch 2/30 [Train]:  63%|██████▎   | 291/460 [01:00<00:33,  5.00it/s]
Epoch 2/30 [Train]:  63%|██████▎   | 292/460 [01:00<00:34,  4.91it/s]
Epoch 2/30 [Train]:  64%|██████▎   | 293/460 [01:00<00:34,  4.88it/s]
Epoch 2/30 [Train]:  64%|██████▍   | 294/460 [01:00<00:34,  4.84it/s]
Epoch 2/30 [Train]:  64%|██████▍   | 295/460 [01:01<00:34,  4.84it/s]
Epoch 2/30 [Train]:  64%|██████▍   | 296/460 [01:01<00:34,  4.78it/s]
Epoch 2/30 [Train]:  65%|██████▍   | 297/460 [01:01<00:33,  4.82it/s]
Epoch 2/30 [Train]:  65%|██████▍   | 298/460 [01:01<00:33,  4.89it/s]
Epoch 2/30 [Train]:  65%|██████▌   | 299/460 [01:01<00:32,  4.94it/s]
Epoch 2/30 [Train]:  65%|██████▌   | 300/460 [01:02<00:32,  4.99it/s]
Epoch 2/30 [Train]:  65%|██████▌   | 301/460 [01:02<00:31,  5.01it/s]
Epoch 2/30 [Train]:  66%|██████▌   | 302/460 [01:02<00:31,  5.01it/s]
Epoch 2/30 [Train]:  66%|██████▌   | 303/460 [01:02<00:31,  4.97it/s]
Epoch 2/30 [Train]:  66%|██████▌   | 304/460 [01:02<00:31,  4.94it/s]
Epoch 2/30 [Train]:  66%|██████▋   | 305/460 [01:03<00:31,  4.96it/s]
Epoch 2/30 [Train]:  67%|██████▋   | 306/460 [01:03<00:30,  4.97it/s]
Epoch 2/30 [Train]:  67%|██████▋   | 307/460 [01:03<00:31,  4.91it/s]
Epoch 2/30 [Train]:  67%|██████▋   | 308/460 [01:03<00:31,  4.89it/s]
Epoch 2/30 [Train]:  67%|██████▋   | 309/460 [01:03<00:30,  4.89it/s]
Epoch 2/30 [Train]:  67%|██████▋   | 310/460 [01:04<00:30,  4.85it/s]
Epoch 2/30 [Train]:  68%|██████▊   | 311/460 [01:04<00:30,  4.88it/s]
Epoch 2/30 [Train]:  68%|██████▊   | 312/460 [01:04<00:30,  4.87it/s]
Epoch 2/30 [Train]:  68%|██████▊   | 313/460 [01:04<00:30,  4.89it/s]
Epoch 2/30 [Train]:  68%|██████▊   | 314/460 [01:04<00:29,  4.87it/s]
Epoch 2/30 [Train]:  68%|██████▊   | 315/460 [01:05<00:29,  4.93it/s]
Epoch 2/30 [Train]:  69%|██████▊   | 316/460 [01:05<00:29,  4.93it/s]
Epoch 2/30 [Train]:  69%|██████▉   | 317/460 [01:05<00:29,  4.92it/s]
Epoch 2/30 [Train]:  69%|██████▉   | 318/460 [01:05<00:28,  4.92it/s]
Epoch 2/30 [Train]:  69%|██████▉   | 319/460 [01:05<00:28,  4.96it/s]
Epoch 2/30 [Train]:  70%|██████▉   | 320/460 [01:06<00:28,  4.96it/s]
Epoch 2/30 [Train]:  70%|██████▉   | 321/460 [01:06<00:27,  4.97it/s]
Epoch 2/30 [Train]:  70%|███████   | 322/460 [01:06<00:27,  5.02it/s]
Epoch 2/30 [Train]:  70%|███████   | 323/460 [01:06<00:27,  4.94it/s]
Epoch 2/30 [Train]:  70%|███████   | 324/460 [01:06<00:27,  4.86it/s]
Epoch 2/30 [Train]:  71%|███████   | 325/460 [01:07<00:27,  4.83it/s]
Epoch 2/30 [Train]:  71%|███████   | 326/460 [01:07<00:27,  4.83it/s]
Epoch 2/30 [Train]:  71%|███████   | 327/460 [01:07<00:27,  4.83it/s]
Epoch 2/30 [Train]:  71%|███████▏  | 328/460 [01:07<00:27,  4.81it/s]
Epoch 2/30 [Train]:  72%|███████▏  | 329/460 [01:07<00:27,  4.81it/s]
Epoch 2/30 [Train]:  72%|███████▏  | 330/460 [01:08<00:27,  4.81it/s]
Epoch 2/30 [Train]:  72%|███████▏  | 331/460 [01:08<00:27,  4.77it/s]
Epoch 2/30 [Train]:  72%|███████▏  | 332/460 [01:08<00:26,  4.84it/s]
Epoch 2/30 [Train]:  72%|███████▏  | 333/460 [01:08<00:25,  4.90it/s]
Epoch 2/30 [Train]:  73%|███████▎  | 334/460 [01:08<00:25,  4.94it/s]
Epoch 2/30 [Train]:  73%|███████▎  | 335/460 [01:09<00:25,  4.99it/s]
Epoch 2/30 [Train]:  73%|███████▎  | 336/460 [01:09<00:24,  5.00it/s]
Epoch 2/30 [Train]:  73%|███████▎  | 337/460 [01:09<00:24,  5.03it/s]
Epoch 2/30 [Train]:  73%|███████▎  | 338/460 [01:09<00:24,  5.03it/s]
Epoch 2/30 [Train]:  74%|███████▎  | 339/460 [01:09<00:23,  5.05it/s]
Epoch 2/30 [Train]:  74%|███████▍  | 340/460 [01:10<00:23,  5.05it/s]
Epoch 2/30 [Train]:  74%|███████▍  | 341/460 [01:10<00:23,  5.09it/s]
Epoch 2/30 [Train]:  74%|███████▍  | 342/460 [01:10<00:23,  5.07it/s]
Epoch 2/30 [Train]:  75%|███████▍  | 343/460 [01:10<00:23,  5.05it/s]
Epoch 2/30 [Train]:  75%|███████▍  | 344/460 [01:10<00:22,  5.06it/s]
Epoch 2/30 [Train]:  75%|███████▌  | 345/460 [01:11<00:22,  5.03it/s]
Epoch 2/30 [Train]:  75%|███████▌  | 346/460 [01:11<00:22,  5.01it/s]
Epoch 2/30 [Train]:  75%|███████▌  | 347/460 [01:11<00:22,  5.03it/s]
Epoch 2/30 [Train]:  76%|███████▌  | 348/460 [01:11<00:22,  5.05it/s]
Epoch 2/30 [Train]:  76%|███████▌  | 349/460 [01:11<00:22,  5.04it/s]
Epoch 2/30 [Train]:  76%|███████▌  | 350/460 [01:12<00:21,  5.02it/s]
Epoch 2/30 [Train]:  76%|███████▋  | 351/460 [01:12<00:21,  5.06it/s]
Epoch 2/30 [Train]:  77%|███████▋  | 352/460 [01:12<00:21,  5.06it/s]
Epoch 2/30 [Train]:  77%|███████▋  | 353/460 [01:12<00:21,  5.09it/s]
Epoch 2/30 [Train]:  77%|███████▋  | 354/460 [01:12<00:20,  5.08it/s]
Epoch 2/30 [Train]:  77%|███████▋  | 355/460 [01:13<00:20,  5.05it/s]
Epoch 2/30 [Train]:  77%|███████▋  | 356/460 [01:13<00:20,  5.02it/s]
Epoch 2/30 [Train]:  78%|███████▊  | 357/460 [01:13<00:20,  4.99it/s]
Epoch 2/30 [Train]:  78%|███████▊  | 358/460 [01:13<00:20,  4.99it/s]
Epoch 2/30 [Train]:  78%|███████▊  | 359/460 [01:13<00:20,  5.02it/s]
Epoch 2/30 [Train]:  78%|███████▊  | 360/460 [01:14<00:19,  5.00it/s]
Epoch 2/30 [Train]:  78%|███████▊  | 361/460 [01:14<00:19,  5.03it/s]
Epoch 2/30 [Train]:  79%|███████▊  | 362/460 [01:14<00:19,  5.03it/s]
Epoch 2/30 [Train]:  79%|███████▉  | 363/460 [01:14<00:19,  5.03it/s]
Epoch 2/30 [Train]:  79%|███████▉  | 364/460 [01:14<00:19,  5.00it/s]
Epoch 2/30 [Train]:  79%|███████▉  | 365/460 [01:15<00:18,  5.00it/s]
Epoch 2/30 [Train]:  80%|███████▉  | 366/460 [01:15<00:18,  5.00it/s]
Epoch 2/30 [Train]:  80%|███████▉  | 367/460 [01:15<00:18,  5.02it/s]
Epoch 2/30 [Train]:  80%|████████  | 368/460 [01:15<00:18,  4.99it/s]
Epoch 2/30 [Train]:  80%|████████  | 369/460 [01:15<00:18,  4.99it/s]
Epoch 2/30 [Train]:  80%|████████  | 370/460 [01:16<00:18,  4.99it/s]
Epoch 2/30 [Train]:  81%|████████  | 371/460 [01:16<00:17,  5.00it/s]
Epoch 2/30 [Train]:  81%|████████  | 372/460 [01:16<00:17,  4.98it/s]
Epoch 2/30 [Train]:  81%|████████  | 373/460 [01:16<00:17,  4.96it/s]
Epoch 2/30 [Train]:  81%|████████▏ | 374/460 [01:16<00:17,  5.03it/s]
Epoch 2/30 [Train]:  82%|████████▏ | 375/460 [01:17<00:17,  4.98it/s]
Epoch 2/30 [Train]:  82%|████████▏ | 376/460 [01:17<00:16,  4.99it/s]
Epoch 2/30 [Train]:  82%|████████▏ | 377/460 [01:17<00:16,  4.88it/s]
Epoch 2/30 [Train]:  82%|████████▏ | 378/460 [01:17<00:16,  4.85it/s]
Epoch 2/30 [Train]:  82%|████████▏ | 379/460 [01:17<00:16,  4.84it/s]
Epoch 2/30 [Train]:  83%|████████▎ | 380/460 [01:18<00:16,  4.84it/s]
Epoch 2/30 [Train]:  83%|████████▎ | 381/460 [01:18<00:16,  4.86it/s]
Epoch 2/30 [Train]:  83%|████████▎ | 382/460 [01:18<00:16,  4.84it/s]
Epoch 2/30 [Train]:  83%|████████▎ | 383/460 [01:18<00:15,  4.88it/s]
Epoch 2/30 [Train]:  83%|████████▎ | 384/460 [01:18<00:15,  4.91it/s]
Epoch 2/30 [Train]:  84%|████████▎ | 385/460 [01:19<00:15,  4.94it/s]
Epoch 2/30 [Train]:  84%|████████▍ | 386/460 [01:19<00:14,  5.01it/s]
Epoch 2/30 [Train]:  84%|████████▍ | 387/460 [01:19<00:14,  4.99it/s]
Epoch 2/30 [Train]:  84%|████████▍ | 388/460 [01:19<00:14,  4.99it/s]
Epoch 2/30 [Train]:  85%|████████▍ | 389/460 [01:19<00:14,  5.00it/s]
Epoch 2/30 [Train]:  85%|████████▍ | 390/460 [01:20<00:13,  5.03it/s]
Epoch 2/30 [Train]:  85%|████████▌ | 391/460 [01:20<00:13,  5.03it/s]
Epoch 2/30 [Train]:  85%|████████▌ | 392/460 [01:20<00:13,  5.03it/s]
Epoch 2/30 [Train]:  85%|████████▌ | 393/460 [01:20<00:13,  5.04it/s]
Epoch 2/30 [Train]:  86%|████████▌ | 394/460 [01:20<00:12,  5.08it/s]
Epoch 2/30 [Train]:  86%|████████▌ | 395/460 [01:21<00:12,  5.06it/s]
Epoch 2/30 [Train]:  86%|████████▌ | 396/460 [01:21<00:12,  5.07it/s]
Epoch 2/30 [Train]:  86%|████████▋ | 397/460 [01:21<00:12,  5.03it/s]
Epoch 2/30 [Train]:  87%|████████▋ | 398/460 [01:21<00:12,  5.07it/s]
Epoch 2/30 [Train]:  87%|████████▋ | 399/460 [01:21<00:12,  5.06it/s]
Epoch 2/30 [Train]:  87%|████████▋ | 400/460 [01:22<00:11,  5.04it/s]
Epoch 2/30 [Train]:  87%|████████▋ | 401/460 [01:22<00:11,  5.01it/s]
Epoch 2/30 [Train]:  87%|████████▋ | 402/460 [01:22<00:11,  5.03it/s]
Epoch 2/30 [Train]:  88%|████████▊ | 403/460 [01:22<00:11,  5.05it/s]
Epoch 2/30 [Train]:  88%|████████▊ | 404/460 [01:22<00:11,  5.07it/s]
Epoch 2/30 [Train]:  88%|████████▊ | 405/460 [01:23<00:10,  5.05it/s]
Epoch 2/30 [Train]:  88%|████████▊ | 406/460 [01:23<00:10,  5.04it/s]
Epoch 2/30 [Train]:  88%|████████▊ | 407/460 [01:23<00:10,  5.05it/s]
Epoch 2/30 [Train]:  89%|████████▊ | 408/460 [01:23<00:10,  5.05it/s]
Epoch 2/30 [Train]:  89%|████████▉ | 409/460 [01:23<00:10,  5.04it/s]
Epoch 2/30 [Train]:  89%|████████▉ | 410/460 [01:24<00:09,  5.06it/s]
Epoch 2/30 [Train]:  89%|████████▉ | 411/460 [01:24<00:09,  5.04it/s]
Epoch 2/30 [Train]:  90%|████████▉ | 412/460 [01:24<00:09,  5.00it/s]
Epoch 2/30 [Train]:  90%|████████▉ | 413/460 [01:24<00:09,  4.90it/s]
Epoch 2/30 [Train]:  90%|█████████ | 414/460 [01:24<00:09,  4.85it/s]
Epoch 2/30 [Train]:  90%|█████████ | 415/460 [01:25<00:09,  4.78it/s]
Epoch 2/30 [Train]:  90%|█████████ | 416/460 [01:25<00:09,  4.82it/s]
Epoch 2/30 [Train]:  91%|█████████ | 417/460 [01:25<00:08,  4.87it/s]
Epoch 2/30 [Train]:  91%|█████████ | 418/460 [01:25<00:08,  4.90it/s]
Epoch 2/30 [Train]:  91%|█████████ | 419/460 [01:25<00:08,  4.84it/s]
Epoch 2/30 [Train]:  91%|█████████▏| 420/460 [01:26<00:08,  4.80it/s]
Epoch 2/30 [Train]:  92%|█████████▏| 421/460 [01:26<00:08,  4.75it/s]
Epoch 2/30 [Train]:  92%|█████████▏| 422/460 [01:26<00:08,  4.72it/s]
Epoch 2/30 [Train]:  92%|█████████▏| 423/460 [01:26<00:07,  4.71it/s]
Epoch 2/30 [Train]:  92%|█████████▏| 424/460 [01:27<00:07,  4.70it/s]
Epoch 2/30 [Train]:  92%|█████████▏| 425/460 [01:27<00:07,  4.69it/s]
Epoch 2/30 [Train]:  93%|█████████▎| 426/460 [01:27<00:07,  4.68it/s]
Epoch 2/30 [Train]:  93%|█████████▎| 427/460 [01:27<00:07,  4.66it/s]
Epoch 2/30 [Train]:  93%|█████████▎| 428/460 [01:27<00:06,  4.70it/s]
Epoch 2/30 [Train]:  93%|█████████▎| 429/460 [01:28<00:06,  4.66it/s]
Epoch 2/30 [Train]:  93%|█████████▎| 430/460 [01:28<00:06,  4.70it/s]
Epoch 2/30 [Train]:  94%|█████████▎| 431/460 [01:28<00:06,  4.73it/s]
Epoch 2/30 [Train]:  94%|█████████▍| 432/460 [01:28<00:05,  4.73it/s]
Epoch 2/30 [Train]:  94%|█████████▍| 433/460 [01:28<00:05,  4.74it/s]
Epoch 2/30 [Train]:  94%|█████████▍| 434/460 [01:29<00:05,  4.76it/s]
Epoch 2/30 [Train]:  95%|█████████▍| 435/460 [01:29<00:05,  4.75it/s]
Epoch 2/30 [Train]:  95%|█████████▍| 436/460 [01:29<00:05,  4.72it/s]
Epoch 2/30 [Train]:  95%|█████████▌| 437/460 [01:29<00:04,  4.72it/s]
Epoch 2/30 [Train]:  95%|█████████▌| 438/460 [01:30<00:04,  4.72it/s]
Epoch 2/30 [Train]:  95%|█████████▌| 439/460 [01:30<00:04,  4.70it/s]
Epoch 2/30 [Train]:  96%|█████████▌| 440/460 [01:30<00:04,  4.71it/s]
Epoch 2/30 [Train]:  96%|█████████▌| 441/460 [01:30<00:04,  4.70it/s]
Epoch 2/30 [Train]:  96%|█████████▌| 442/460 [01:30<00:03,  4.69it/s]
Epoch 2/30 [Train]:  96%|█████████▋| 443/460 [01:31<00:03,  4.68it/s]
Epoch 2/30 [Train]:  97%|█████████▋| 444/460 [01:31<00:03,  4.70it/s]
Epoch 2/30 [Train]:  97%|█████████▋| 445/460 [01:31<00:03,  4.70it/s]
Epoch 2/30 [Train]:  97%|█████████▋| 446/460 [01:31<00:02,  4.71it/s]
Epoch 2/30 [Train]:  97%|█████████▋| 447/460 [01:31<00:02,  4.68it/s]
Epoch 2/30 [Train]:  97%|█████████▋| 448/460 [01:32<00:02,  4.69it/s]
Epoch 2/30 [Train]:  98%|█████████▊| 449/460 [01:32<00:02,  4.73it/s]
Epoch 2/30 [Train]:  98%|█████████▊| 450/460 [01:32<00:02,  4.79it/s]
Epoch 2/30 [Train]:  98%|█████████▊| 451/460 [01:32<00:01,  4.81it/s]
Epoch 2/30 [Train]:  98%|█████████▊| 452/460 [01:32<00:01,  4.84it/s]
Epoch 2/30 [Train]:  98%|█████████▊| 453/460 [01:33<00:01,  4.79it/s]
Epoch 2/30 [Train]:  99%|█████████▊| 454/460 [01:33<00:01,  4.84it/s]
Epoch 2/30 [Train]:  99%|█████████▉| 455/460 [01:33<00:01,  4.89it/s]
Epoch 2/30 [Train]:  99%|█████████▉| 456/460 [01:33<00:00,  4.92it/s]
Epoch 2/30 [Train]:  99%|█████████▉| 457/460 [01:33<00:00,  4.95it/s]
Epoch 2/30 [Train]: 100%|█████████▉| 458/460 [01:34<00:00,  4.94it/s]
Epoch 2/30 [Train]: 100%|█████████▉| 459/460 [01:34<00:00,  4.97it/s]
Epoch 2/30 [Train]: 100%|██████████| 460/460 [01:34<00:00,  5.57it/s]
                                                                     

Epoch 3/30 [Train]:   0%|          | 0/460 [00:00<?, ?it/s]
Epoch 3/30 [Train]:   0%|          | 1/460 [00:00<01:30,  5.09it/s]
Epoch 3/30 [Train]:   0%|          | 2/460 [00:00<01:31,  5.00it/s]
Epoch 3/30 [Train]:   1%|          | 3/460 [00:00<01:32,  4.93it/s]
Epoch 3/30 [Train]:   1%|          | 4/460 [00:00<01:33,  4.89it/s]
Epoch 3/30 [Train]:   1%|          | 5/460 [00:01<01:33,  4.85it/s]
Epoch 3/30 [Train]:   1%|▏         | 6/460 [00:01<01:34,  4.82it/s]
Epoch 3/30 [Train]:   2%|▏         | 7/460 [00:01<01:33,  4.85it/s]
Epoch 3/30 [Train]:   2%|▏         | 8/460 [00:01<01:32,  4.89it/s]
Epoch 3/30 [Train]:   2%|▏         | 9/460 [00:01<01:30,  4.96it/s]
Epoch 3/30 [Train]:   2%|▏         | 10/460 [00:02<01:31,  4.94it/s]
Epoch 3/30 [Train]:   2%|▏         | 11/460 [00:02<01:30,  4.97it/s]
Epoch 3/30 [Train]:   3%|▎         | 12/460 [00:02<01:30,  4.96it/s]
Epoch 3/30 [Train]:   3%|▎         | 13/460 [00:02<01:32,  4.85it/s]
Epoch 3/30 [Train]:   3%|▎         | 14/460 [00:02<01:32,  4.80it/s]
Epoch 3/30 [Train]:   3%|▎         | 15/460 [00:03<01:33,  4.75it/s]
Epoch 3/30 [Train]:   3%|▎         | 16/460 [00:03<01:33,  4.75it/s]
Epoch 3/30 [Train]:   4%|▎         | 17/460 [00:03<01:33,  4.76it/s]
Epoch 3/30 [Train]:   4%|▍         | 18/460 [00:03<01:32,  4.80it/s]
Epoch 3/30 [Train]:   4%|▍         | 19/460 [00:03<01:30,  4.86it/s]
Epoch 3/30 [Train]:   4%|▍         | 20/460 [00:04<01:30,  4.88it/s]
Epoch 3/30 [Train]:   5%|▍         | 21/460 [00:04<01:29,  4.92it/s]
Epoch 3/30 [Train]:   5%|▍         | 22/460 [00:04<01:28,  4.94it/s]
Epoch 3/30 [Train]:   5%|▌         | 23/460 [00:04<01:28,  4.95it/s]
Epoch 3/30 [Train]:   5%|▌         | 24/460 [00:04<01:27,  4.97it/s]
Epoch 3/30 [Train]:   5%|▌         | 25/460 [00:05<01:28,  4.91it/s]
Epoch 3/30 [Train]:   6%|▌         | 26/460 [00:05<01:28,  4.90it/s]
Epoch 3/30 [Train]:   6%|▌         | 27/460 [00:05<01:29,  4.85it/s]
Epoch 3/30 [Train]:   6%|▌         | 28/460 [00:05<01:29,  4.83it/s]
Epoch 3/30 [Train]:   6%|▋         | 29/460 [00:05<01:29,  4.83it/s]
Epoch 3/30 [Train]:   7%|▋         | 30/460 [00:06<01:29,  4.82it/s]
Epoch 3/30 [Train]:   7%|▋         | 31/460 [00:06<01:29,  4.81it/s]
Epoch 3/30 [Train]:   7%|▋         | 32/460 [00:06<01:28,  4.84it/s]
Epoch 3/30 [Train]:   7%|▋         | 33/460 [00:06<01:27,  4.86it/s]
Epoch 3/30 [Train]:   7%|▋         | 34/460 [00:06<01:27,  4.88it/s]
Epoch 3/30 [Train]:   8%|▊         | 35/460 [00:07<01:26,  4.93it/s]
Epoch 3/30 [Train]:   8%|▊         | 36/460 [00:07<01:25,  4.97it/s]
Epoch 3/30 [Train]:   8%|▊         | 37/460 [00:07<01:24,  4.98it/s]
Epoch 3/30 [Train]:   8%|▊         | 38/460 [00:07<01:24,  4.97it/s]
Epoch 3/30 [Train]:   8%|▊         | 39/460 [00:07<01:24,  5.00it/s]
Epoch 3/30 [Train]:   9%|▊         | 40/460 [00:08<01:23,  5.01it/s]
Epoch 3/30 [Train]:   9%|▉         | 41/460 [00:08<01:23,  5.01it/s]
Epoch 3/30 [Train]:   9%|▉         | 42/460 [00:08<01:23,  5.01it/s]
Epoch 3/30 [Train]:   9%|▉         | 43/460 [00:08<01:23,  5.00it/s]
Epoch 3/30 [Train]:  10%|▉         | 44/460 [00:08<01:23,  5.01it/s]
Epoch 3/30 [Train]:  10%|▉         | 45/460 [00:09<01:22,  5.01it/s]
Epoch 3/30 [Train]:  10%|█         | 46/460 [00:09<01:22,  5.01it/s]
Epoch 3/30 [Train]:  10%|█         | 47/460 [00:09<01:22,  5.02it/s]
Epoch 3/30 [Train]:  10%|█         | 48/460 [00:09<01:21,  5.04it/s]
Epoch 3/30 [Train]:  11%|█         | 49/460 [00:09<01:21,  5.01it/s]
Epoch 3/30 [Train]:  11%|█         | 50/460 [00:10<01:21,  5.01it/s]
Epoch 3/30 [Train]:  11%|█         | 51/460 [00:10<01:21,  5.00it/s]
Epoch 3/30 [Train]:  11%|█▏        | 52/460 [00:10<01:21,  5.01it/s]
Epoch 3/30 [Train]:  12%|█▏        | 53/460 [00:10<01:21,  4.98it/s]
Epoch 3/30 [Train]:  12%|█▏        | 54/460 [00:10<01:21,  5.00it/s]
Epoch 3/30 [Train]:  12%|█▏        | 55/460 [00:11<01:20,  5.02it/s]
Epoch 3/30 [Train]:  12%|█▏        | 56/460 [00:11<01:20,  5.00it/s]
Epoch 3/30 [Train]:  12%|█▏        | 57/460 [00:11<01:19,  5.05it/s]
Epoch 3/30 [Train]:  13%|█▎        | 58/460 [00:11<01:20,  5.00it/s]
Epoch 3/30 [Train]:  13%|█▎        | 59/460 [00:11<01:20,  5.00it/s]
Epoch 3/30 [Train]:  13%|█▎        | 60/460 [00:12<01:20,  4.99it/s]
Epoch 3/30 [Train]:  13%|█▎        | 61/460 [00:12<01:19,  5.01it/s]
Epoch 3/30 [Train]:  13%|█▎        | 62/460 [00:12<01:19,  5.02it/s]
Epoch 3/30 [Train]:  14%|█▎        | 63/460 [00:12<01:18,  5.04it/s]
Epoch 3/30 [Train]:  14%|█▍        | 64/460 [00:12<01:18,  5.04it/s]
Epoch 3/30 [Train]:  14%|█▍        | 65/460 [00:13<01:19,  5.00it/s]
Epoch 3/30 [Train]:  14%|█▍        | 66/460 [00:13<01:19,  4.98it/s]
Epoch 3/30 [Train]:  15%|█▍        | 67/460 [00:13<01:19,  4.97it/s]
Epoch 3/30 [Train]:  15%|█▍        | 68/460 [00:13<01:18,  5.01it/s]
Epoch 3/30 [Train]:  15%|█▌        | 69/460 [00:13<01:18,  5.01it/s]
Epoch 3/30 [Train]:  15%|█▌        | 70/460 [00:14<01:17,  5.04it/s]
Epoch 3/30 [Train]:  15%|█▌        | 71/460 [00:14<01:16,  5.07it/s]
Epoch 3/30 [Train]:  16%|█▌        | 72/460 [00:14<01:17,  5.04it/s]
Epoch 3/30 [Train]:  16%|█▌        | 73/460 [00:14<01:17,  5.02it/s]
Epoch 3/30 [Train]:  16%|█▌        | 74/460 [00:14<01:16,  5.04it/s]
Epoch 3/30 [Train]:  16%|█▋        | 75/460 [00:15<01:16,  5.04it/s]
Epoch 3/30 [Train]:  17%|█▋        | 76/460 [00:15<01:16,  5.05it/s]
Epoch 3/30 [Train]:  17%|█▋        | 77/460 [00:15<01:16,  5.02it/s]
Epoch 3/30 [Train]:  17%|█▋        | 78/460 [00:15<01:15,  5.03it/s]
Epoch 3/30 [Train]:  17%|█▋        | 79/460 [00:15<01:15,  5.05it/s]
Epoch 3/30 [Train]:  17%|█▋        | 80/460 [00:16<01:15,  5.06it/s]
Epoch 3/30 [Train]:  18%|█▊        | 81/460 [00:16<01:15,  5.04it/s]
Epoch 3/30 [Train]:  18%|█▊        | 82/460 [00:16<01:14,  5.06it/s]
Epoch 3/30 [Train]:  18%|█▊        | 83/460 [00:16<01:14,  5.06it/s]
Epoch 3/30 [Train]:  18%|█▊        | 84/460 [00:16<01:14,  5.02it/s]
Epoch 3/30 [Train]:  18%|█▊        | 85/460 [00:17<01:14,  5.04it/s]
Epoch 3/30 [Train]:  19%|█▊        | 86/460 [00:17<01:14,  5.05it/s]
Epoch 3/30 [Train]:  19%|█▉        | 87/460 [00:17<01:13,  5.05it/s]
Epoch 3/30 [Train]:  19%|█▉        | 88/460 [00:17<01:13,  5.07it/s]
Epoch 3/30 [Train]:  19%|█▉        | 89/460 [00:17<01:13,  5.05it/s]
Epoch 3/30 [Train]:  20%|█▉        | 90/460 [00:18<01:13,  5.06it/s]
Epoch 3/30 [Train]:  20%|█▉        | 91/460 [00:18<01:12,  5.07it/s]
Epoch 3/30 [Train]:  20%|██        | 92/460 [00:18<01:12,  5.07it/s]
Epoch 3/30 [Train]:  20%|██        | 93/460 [00:18<01:12,  5.07it/s]
Epoch 3/30 [Train]:  20%|██        | 94/460 [00:18<01:11,  5.09it/s]
Epoch 3/30 [Train]:  21%|██        | 95/460 [00:19<01:12,  5.00it/s]
Epoch 3/30 [Train]:  21%|██        | 96/460 [00:19<01:13,  4.96it/s]
Epoch 3/30 [Train]:  21%|██        | 97/460 [00:19<01:14,  4.90it/s]
Epoch 3/30 [Train]:  21%|██▏       | 98/460 [00:19<01:13,  4.89it/s]
Epoch 3/30 [Train]:  22%|██▏       | 99/460 [00:19<01:14,  4.84it/s]
Epoch 3/30 [Train]:  22%|██▏       | 100/460 [00:20<01:14,  4.81it/s]
Epoch 3/30 [Train]:  22%|██▏       | 101/460 [00:20<01:14,  4.81it/s]
Epoch 3/30 [Train]:  22%|██▏       | 102/460 [00:20<01:14,  4.81it/s]
Epoch 3/30 [Train]:  22%|██▏       | 103/460 [00:20<01:14,  4.80it/s]
Epoch 3/30 [Train]:  23%|██▎       | 104/460 [00:20<01:14,  4.80it/s]
Epoch 3/30 [Train]:  23%|██▎       | 105/460 [00:21<01:13,  4.85it/s]
Epoch 3/30 [Train]:  23%|██▎       | 106/460 [00:21<01:12,  4.85it/s]
Epoch 3/30 [Train]:  23%|██▎       | 107/460 [00:21<01:13,  4.81it/s]
Epoch 3/30 [Train]:  23%|██▎       | 108/460 [00:21<01:13,  4.82it/s]
Epoch 3/30 [Train]:  24%|██▎       | 109/460 [00:22<01:13,  4.79it/s]
Epoch 3/30 [Train]:  24%|██▍       | 110/460 [00:22<01:13,  4.79it/s]
Epoch 3/30 [Train]:  24%|██▍       | 111/460 [00:22<01:12,  4.79it/s]
Epoch 3/30 [Train]:  24%|██▍       | 112/460 [00:22<01:12,  4.78it/s]
Epoch 3/30 [Train]:  25%|██▍       | 113/460 [00:22<01:11,  4.85it/s]
Epoch 3/30 [Train]:  25%|██▍       | 114/460 [00:23<01:11,  4.83it/s]
Epoch 3/30 [Train]:  25%|██▌       | 115/460 [00:23<01:11,  4.83it/s]
Epoch 3/30 [Train]:  25%|██▌       | 116/460 [00:23<01:11,  4.81it/s]
Epoch 3/30 [Train]:  25%|██▌       | 117/460 [00:23<01:10,  4.86it/s]
Epoch 3/30 [Train]:  26%|██▌       | 118/460 [00:23<01:09,  4.94it/s]
Epoch 3/30 [Train]:  26%|██▌       | 119/460 [00:24<01:08,  4.95it/s]
Epoch 3/30 [Train]:  26%|██▌       | 120/460 [00:24<01:09,  4.92it/s]
Epoch 3/30 [Train]:  26%|██▋       | 121/460 [00:24<01:08,  4.92it/s]
Epoch 3/30 [Train]:  27%|██▋       | 122/460 [00:24<01:08,  4.96it/s]
Epoch 3/30 [Train]:  27%|██▋       | 123/460 [00:24<01:07,  4.97it/s]
Epoch 3/30 [Train]:  27%|██▋       | 124/460 [00:25<01:07,  4.99it/s]
Epoch 3/30 [Train]:  27%|██▋       | 125/460 [00:25<01:08,  4.92it/s]
Epoch 3/30 [Train]:  27%|██▋       | 126/460 [00:25<01:08,  4.89it/s]
Epoch 3/30 [Train]:  28%|██▊       | 127/460 [00:25<01:08,  4.89it/s]
Epoch 3/30 [Train]:  28%|██▊       | 128/460 [00:25<01:08,  4.88it/s]
Epoch 3/30 [Train]:  28%|██▊       | 129/460 [00:26<01:07,  4.89it/s]
Epoch 3/30 [Train]:  28%|██▊       | 130/460 [00:26<01:07,  4.87it/s]
Epoch 3/30 [Train]:  28%|██▊       | 131/460 [00:26<01:07,  4.86it/s]
Epoch 3/30 [Train]:  29%|██▊       | 132/460 [00:26<01:07,  4.88it/s]
Epoch 3/30 [Train]:  29%|██▉       | 133/460 [00:26<01:07,  4.86it/s]
Epoch 3/30 [Train]:  29%|██▉       | 134/460 [00:27<01:07,  4.85it/s]
Epoch 3/30 [Train]:  29%|██▉       | 135/460 [00:27<01:06,  4.86it/s]
Epoch 3/30 [Train]:  30%|██▉       | 136/460 [00:27<01:07,  4.83it/s]
Epoch 3/30 [Train]:  30%|██▉       | 137/460 [00:27<01:06,  4.82it/s]
Epoch 3/30 [Train]:  30%|███       | 138/460 [00:27<01:06,  4.83it/s]
Epoch 3/30 [Train]:  30%|███       | 139/460 [00:28<01:06,  4.85it/s]
Epoch 3/30 [Train]:  30%|███       | 140/460 [00:28<01:05,  4.90it/s]
Epoch 3/30 [Train]:  31%|███       | 141/460 [00:28<01:04,  4.93it/s]
Epoch 3/30 [Train]:  31%|███       | 142/460 [00:28<01:03,  4.99it/s]
Epoch 3/30 [Train]:  31%|███       | 143/460 [00:28<01:03,  4.99it/s]
Epoch 3/30 [Train]:  31%|███▏      | 144/460 [00:29<01:03,  4.99it/s]
Epoch 3/30 [Train]:  32%|███▏      | 145/460 [00:29<01:02,  5.02it/s]
Epoch 3/30 [Train]:  32%|███▏      | 146/460 [00:29<01:02,  5.03it/s]
Epoch 3/30 [Train]:  32%|███▏      | 147/460 [00:29<01:02,  5.04it/s]
Epoch 3/30 [Train]:  32%|███▏      | 148/460 [00:29<01:03,  4.88it/s]
Epoch 3/30 [Train]:  32%|███▏      | 149/460 [00:30<01:03,  4.87it/s]
Epoch 3/30 [Train]:  33%|███▎      | 150/460 [00:30<01:03,  4.91it/s]
Epoch 3/30 [Train]:  33%|███▎      | 151/460 [00:30<01:03,  4.86it/s]
Epoch 3/30 [Train]:  33%|███▎      | 152/460 [00:30<01:04,  4.81it/s]
Epoch 3/30 [Train]:  33%|███▎      | 153/460 [00:31<01:04,  4.78it/s]
Epoch 3/30 [Train]:  33%|███▎      | 154/460 [00:31<01:04,  4.71it/s]
Epoch 3/30 [Train]:  34%|███▎      | 155/460 [00:31<01:04,  4.74it/s]
Epoch 3/30 [Train]:  34%|███▍      | 156/460 [00:31<01:03,  4.78it/s]
Epoch 3/30 [Train]:  34%|███▍      | 157/460 [00:31<01:03,  4.77it/s]
Epoch 3/30 [Train]:  34%|███▍      | 158/460 [00:32<01:03,  4.75it/s]
Epoch 3/30 [Train]:  35%|███▍      | 159/460 [00:32<01:03,  4.76it/s]
Epoch 3/30 [Train]:  35%|███▍      | 160/460 [00:32<01:03,  4.75it/s]
Epoch 3/30 [Train]:  35%|███▌      | 161/460 [00:32<01:02,  4.77it/s]
Epoch 3/30 [Train]:  35%|███▌      | 162/460 [00:32<01:02,  4.78it/s]
Epoch 3/30 [Train]:  35%|███▌      | 163/460 [00:33<01:01,  4.80it/s]
Epoch 3/30 [Train]:  36%|███▌      | 164/460 [00:33<01:01,  4.78it/s]
Epoch 3/30 [Train]:  36%|███▌      | 165/460 [00:33<01:01,  4.80it/s]
Epoch 3/30 [Train]:  36%|███▌      | 166/460 [00:33<01:01,  4.78it/s]
Epoch 3/30 [Train]:  36%|███▋      | 167/460 [00:33<01:01,  4.75it/s]
Epoch 3/30 [Train]:  37%|███▋      | 168/460 [00:34<01:01,  4.74it/s]
Epoch 3/30 [Train]:  37%|███▋      | 169/460 [00:34<01:01,  4.75it/s]
Epoch 3/30 [Train]:  37%|███▋      | 170/460 [00:34<01:01,  4.73it/s]
Epoch 3/30 [Train]:  37%|███▋      | 171/460 [00:34<01:01,  4.71it/s]
Epoch 3/30 [Train]:  37%|███▋      | 172/460 [00:35<01:01,  4.70it/s]
Epoch 3/30 [Train]:  38%|███▊      | 173/460 [00:35<01:00,  4.72it/s]
Epoch 3/30 [Train]:  38%|███▊      | 174/460 [00:35<01:00,  4.70it/s]
Epoch 3/30 [Train]:  38%|███▊      | 175/460 [00:35<01:01,  4.66it/s]
Epoch 3/30 [Train]:  38%|███▊      | 176/460 [00:35<01:00,  4.68it/s]
Epoch 3/30 [Train]:  38%|███▊      | 177/460 [00:36<01:00,  4.71it/s]
Epoch 3/30 [Train]:  39%|███▊      | 178/460 [00:36<00:59,  4.75it/s]
Epoch 3/30 [Train]:  39%|███▉      | 179/460 [00:36<00:59,  4.75it/s]
Epoch 3/30 [Train]:  39%|███▉      | 180/460 [00:36<00:59,  4.74it/s]
Epoch 3/30 [Train]:  39%|███▉      | 181/460 [00:36<00:58,  4.73it/s]
Epoch 3/30 [Train]:  40%|███▉      | 182/460 [00:37<00:58,  4.73it/s]
Epoch 3/30 [Train]:  40%|███▉      | 183/460 [00:37<00:58,  4.73it/s]
Epoch 3/30 [Train]:  40%|████      | 184/460 [00:37<00:58,  4.71it/s]
Epoch 3/30 [Train]:  40%|████      | 185/460 [00:37<00:58,  4.69it/s]
Epoch 3/30 [Train]:  40%|████      | 186/460 [00:37<00:58,  4.70it/s]
Epoch 3/30 [Train]:  41%|████      | 187/460 [00:38<00:57,  4.71it/s]
Epoch 3/30 [Train]:  41%|████      | 188/460 [00:38<00:58,  4.69it/s]
Epoch 3/30 [Train]:  41%|████      | 189/460 [00:38<00:57,  4.69it/s]
Epoch 3/30 [Train]:  41%|████▏     | 190/460 [00:38<00:57,  4.69it/s]
Epoch 3/30 [Train]:  42%|████▏     | 191/460 [00:39<00:57,  4.69it/s]
Epoch 3/30 [Train]:  42%|████▏     | 192/460 [00:39<00:56,  4.73it/s]
Epoch 3/30 [Train]:  42%|████▏     | 193/460 [00:39<00:56,  4.73it/s]
Epoch 3/30 [Train]:  42%|████▏     | 194/460 [00:39<00:56,  4.68it/s]
Epoch 3/30 [Train]:  42%|████▏     | 195/460 [00:39<00:56,  4.71it/s]
Epoch 3/30 [Train]:  43%|████▎     | 196/460 [00:40<00:55,  4.73it/s]
Epoch 3/30 [Train]:  43%|████▎     | 197/460 [00:40<00:55,  4.74it/s]
Epoch 3/30 [Train]:  43%|████▎     | 198/460 [00:40<00:55,  4.74it/s]
Epoch 3/30 [Train]:  43%|████▎     | 199/460 [00:40<00:54,  4.76it/s]
Epoch 3/30 [Train]:  43%|████▎     | 200/460 [00:40<00:54,  4.73it/s]
Epoch 3/30 [Train]:  44%|████▎     | 201/460 [00:41<00:54,  4.72it/s]
Epoch 3/30 [Train]:  44%|████▍     | 202/460 [00:41<00:54,  4.73it/s]
Epoch 3/30 [Train]:  44%|████▍     | 203/460 [00:41<00:54,  4.73it/s]
Epoch 3/30 [Train]:  44%|████▍     | 204/460 [00:41<00:54,  4.74it/s]
Epoch 3/30 [Train]:  45%|████▍     | 205/460 [00:42<00:54,  4.71it/s]
Epoch 3/30 [Train]:  45%|████▍     | 206/460 [00:42<00:53,  4.72it/s]
Epoch 3/30 [Train]:  45%|████▌     | 207/460 [00:42<00:53,  4.74it/s]
Epoch 3/30 [Train]:  45%|████▌     | 208/460 [00:42<00:53,  4.74it/s]
Epoch 3/30 [Train]:  45%|████▌     | 209/460 [00:42<00:52,  4.75it/s]
Epoch 3/30 [Train]:  46%|████▌     | 210/460 [00:43<00:51,  4.81it/s]
Epoch 3/30 [Train]:  46%|████▌     | 211/460 [00:43<00:50,  4.89it/s]
Epoch 3/30 [Train]:  46%|████▌     | 212/460 [00:43<00:50,  4.91it/s]
Epoch 3/30 [Train]:  46%|████▋     | 213/460 [00:43<00:49,  4.95it/s]
Epoch 3/30 [Train]:  47%|████▋     | 214/460 [00:43<00:49,  4.98it/s]
Epoch 3/30 [Train]:  47%|████▋     | 215/460 [00:44<00:49,  5.00it/s]
Epoch 3/30 [Train]:  47%|████▋     | 216/460 [00:44<00:48,  5.01it/s]
Epoch 3/30 [Train]:  47%|████▋     | 217/460 [00:44<00:48,  5.03it/s]
Epoch 3/30 [Train]:  47%|████▋     | 218/460 [00:44<00:48,  5.01it/s]
Epoch 3/30 [Train]:  48%|████▊     | 219/460 [00:44<00:48,  5.02it/s]
Epoch 3/30 [Train]:  48%|████▊     | 220/460 [00:45<00:47,  5.00it/s]
Epoch 3/30 [Train]:  48%|████▊     | 221/460 [00:45<00:47,  5.02it/s]
Epoch 3/30 [Train]:  48%|████▊     | 222/460 [00:45<00:47,  5.04it/s]
Epoch 3/30 [Train]:  48%|████▊     | 223/460 [00:45<00:47,  5.03it/s]
Epoch 3/30 [Train]:  49%|████▊     | 224/460 [00:45<00:46,  5.06it/s]
Epoch 3/30 [Train]:  49%|████▉     | 225/460 [00:46<00:46,  5.04it/s]
Epoch 3/30 [Train]:  49%|████▉     | 226/460 [00:46<00:46,  5.02it/s]
Epoch 3/30 [Train]:  49%|████▉     | 227/460 [00:46<00:46,  4.98it/s]
Epoch 3/30 [Train]:  50%|████▉     | 228/460 [00:46<00:46,  5.00it/s]
Epoch 3/30 [Train]:  50%|████▉     | 229/460 [00:46<00:45,  5.03it/s]
Epoch 3/30 [Train]:  50%|█████     | 230/460 [00:47<00:45,  5.05it/s]
Epoch 3/30 [Train]:  50%|█████     | 231/460 [00:47<00:45,  5.04it/s]
Epoch 3/30 [Train]:  50%|█████     | 232/460 [00:47<00:45,  5.00it/s]
Epoch 3/30 [Train]:  51%|█████     | 233/460 [00:47<00:45,  4.96it/s]
Epoch 3/30 [Train]:  51%|█████     | 234/460 [00:47<00:45,  4.93it/s]
Epoch 3/30 [Train]:  51%|█████     | 235/460 [00:48<00:45,  4.95it/s]
Epoch 3/30 [Train]:  51%|█████▏    | 236/460 [00:48<00:44,  4.98it/s]
Epoch 3/30 [Train]:  52%|█████▏    | 237/460 [00:48<00:44,  4.99it/s]
Epoch 3/30 [Train]:  52%|█████▏    | 238/460 [00:48<00:44,  5.01it/s]
Epoch 3/30 [Train]:  52%|█████▏    | 239/460 [00:48<00:44,  4.97it/s]
Epoch 3/30 [Train]:  52%|█████▏    | 240/460 [00:49<00:44,  4.99it/s]
Epoch 3/30 [Train]:  52%|█████▏    | 241/460 [00:49<00:44,  4.97it/s]
Epoch 3/30 [Train]:  53%|█████▎    | 242/460 [00:49<00:43,  5.00it/s]
Epoch 3/30 [Train]:  53%|█████▎    | 243/460 [00:49<00:43,  5.00it/s]
Epoch 3/30 [Train]:  53%|█████▎    | 244/460 [00:49<00:42,  5.04it/s]
Epoch 3/30 [Train]:  53%|█████▎    | 245/460 [00:50<00:42,  5.05it/s]
Epoch 3/30 [Train]:  53%|█████▎    | 246/460 [00:50<00:42,  5.04it/s]
Epoch 3/30 [Train]:  54%|█████▎    | 247/460 [00:50<00:42,  5.01it/s]
Epoch 3/30 [Train]:  54%|█████▍    | 248/460 [00:50<00:42,  4.97it/s]
Epoch 3/30 [Train]:  54%|█████▍    | 249/460 [00:50<00:42,  4.99it/s]
Epoch 3/30 [Train]:  54%|█████▍    | 250/460 [00:51<00:41,  5.03it/s]
Epoch 3/30 [Train]:  55%|█████▍    | 251/460 [00:51<00:41,  5.04it/s]
Epoch 3/30 [Train]:  55%|█████▍    | 252/460 [00:51<00:41,  5.05it/s]
Epoch 3/30 [Train]:  55%|█████▌    | 253/460 [00:51<00:41,  5.03it/s]
Epoch 3/30 [Train]:  55%|█████▌    | 254/460 [00:51<00:41,  5.00it/s]
Epoch 3/30 [Train]:  55%|█████▌    | 255/460 [00:52<00:40,  5.00it/s]
Epoch 3/30 [Train]:  56%|█████▌    | 256/460 [00:52<00:40,  5.03it/s]
Epoch 3/30 [Train]:  56%|█████▌    | 257/460 [00:52<00:40,  5.02it/s]
Epoch 3/30 [Train]:  56%|█████▌    | 258/460 [00:52<00:40,  5.02it/s]
Epoch 3/30 [Train]:  56%|█████▋    | 259/460 [00:52<00:39,  5.04it/s]
Epoch 3/30 [Train]:  57%|█████▋    | 260/460 [00:53<00:39,  5.02it/s]
Epoch 3/30 [Train]:  57%|█████▋    | 261/460 [00:53<00:39,  5.01it/s]
Epoch 3/30 [Train]:  57%|█████▋    | 262/460 [00:53<00:39,  5.03it/s]
Epoch 3/30 [Train]:  57%|█████▋    | 263/460 [00:53<00:39,  5.03it/s]
Epoch 3/30 [Train]:  57%|█████▋    | 264/460 [00:53<00:38,  5.08it/s]
Epoch 3/30 [Train]:  58%|█████▊    | 265/460 [00:54<00:38,  5.09it/s]
Epoch 3/30 [Train]:  58%|█████▊    | 266/460 [00:54<00:38,  5.04it/s]
Epoch 3/30 [Train]:  58%|█████▊    | 267/460 [00:54<00:38,  4.97it/s]
Epoch 3/30 [Train]:  58%|█████▊    | 268/460 [00:54<00:38,  4.98it/s]
Epoch 3/30 [Train]:  58%|█████▊    | 269/460 [00:54<00:38,  5.01it/s]
Epoch 3/30 [Train]:  59%|█████▊    | 270/460 [00:55<00:37,  5.01it/s]
Epoch 3/30 [Train]:  59%|█████▉    | 271/460 [00:55<00:37,  5.05it/s]
Epoch 3/30 [Train]:  59%|█████▉    | 272/460 [00:55<00:37,  5.06it/s]
Epoch 3/30 [Train]:  59%|█████▉    | 273/460 [00:55<00:37,  5.02it/s]
Epoch 3/30 [Train]:  60%|█████▉    | 274/460 [00:55<00:36,  5.03it/s]
Epoch 3/30 [Train]:  60%|█████▉    | 275/460 [00:56<00:36,  5.02it/s]
Epoch 3/30 [Train]:  60%|██████    | 276/460 [00:56<00:36,  5.02it/s]
Epoch 3/30 [Train]:  60%|██████    | 277/460 [00:56<00:36,  5.02it/s]
Epoch 3/30 [Train]:  60%|██████    | 278/460 [00:56<00:36,  4.99it/s]
Epoch 3/30 [Train]:  61%|██████    | 279/460 [00:56<00:36,  5.02it/s]
Epoch 3/30 [Train]:  61%|██████    | 280/460 [00:57<00:35,  5.02it/s]
Epoch 3/30 [Train]:  61%|██████    | 281/460 [00:57<00:35,  5.02it/s]
Epoch 3/30 [Train]:  61%|██████▏   | 282/460 [00:57<00:35,  5.01it/s]
Epoch 3/30 [Train]:  62%|██████▏   | 283/460 [00:57<00:35,  5.03it/s]
Epoch 3/30 [Train]:  62%|██████▏   | 284/460 [00:57<00:35,  5.02it/s]
Epoch 3/30 [Train]:  62%|██████▏   | 285/460 [00:58<00:35,  4.98it/s]
Epoch 3/30 [Train]:  62%|██████▏   | 286/460 [00:58<00:34,  5.00it/s]
Epoch 3/30 [Train]:  62%|██████▏   | 287/460 [00:58<00:34,  5.00it/s]
Epoch 3/30 [Train]:  63%|██████▎   | 288/460 [00:58<00:34,  5.00it/s]
Epoch 3/30 [Train]:  63%|██████▎   | 289/460 [00:58<00:33,  5.03it/s]
Epoch 3/30 [Train]:  63%|██████▎   | 290/460 [00:59<00:33,  5.06it/s]
Epoch 3/30 [Train]:  63%|██████▎   | 291/460 [00:59<00:33,  5.03it/s]
Epoch 3/30 [Train]:  63%|██████▎   | 292/460 [00:59<00:33,  4.99it/s]
Epoch 3/30 [Train]:  64%|██████▎   | 293/460 [00:59<00:33,  5.00it/s]
Epoch 3/30 [Train]:  64%|██████▍   | 294/460 [00:59<00:33,  5.02it/s]
Epoch 3/30 [Train]:  64%|██████▍   | 295/460 [01:00<00:32,  5.00it/s]
Epoch 3/30 [Train]:  64%|██████▍   | 296/460 [01:00<00:32,  5.01it/s]
Epoch 3/30 [Train]:  65%|██████▍   | 297/460 [01:00<00:32,  5.01it/s]
Epoch 3/30 [Train]:  65%|██████▍   | 298/460 [01:00<00:32,  4.99it/s]
Epoch 3/30 [Train]:  65%|██████▌   | 299/460 [01:00<00:32,  4.99it/s]
Epoch 3/30 [Train]:  65%|██████▌   | 300/460 [01:01<00:32,  4.96it/s]
Epoch 3/30 [Train]:  65%|██████▌   | 301/460 [01:01<00:32,  4.94it/s]
Epoch 3/30 [Train]:  66%|██████▌   | 302/460 [01:01<00:32,  4.90it/s]
Epoch 3/30 [Train]:  66%|██████▌   | 303/460 [01:01<00:32,  4.84it/s]
Epoch 3/30 [Train]:  66%|██████▌   | 304/460 [01:01<00:32,  4.85it/s]
Epoch 3/30 [Train]:  66%|██████▋   | 305/460 [01:02<00:31,  4.89it/s]
Epoch 3/30 [Train]:  67%|██████▋   | 306/460 [01:02<00:31,  4.92it/s]
Epoch 3/30 [Train]:  67%|██████▋   | 307/460 [01:02<00:30,  4.96it/s]
Epoch 3/30 [Train]:  67%|██████▋   | 308/460 [01:02<00:30,  5.00it/s]
Epoch 3/30 [Train]:  67%|██████▋   | 309/460 [01:02<00:30,  4.97it/s]
Epoch 3/30 [Train]:  67%|██████▋   | 310/460 [01:03<00:30,  4.96it/s]
Epoch 3/30 [Train]:  68%|██████▊   | 311/460 [01:03<00:30,  4.96it/s]
Epoch 3/30 [Train]:  68%|██████▊   | 312/460 [01:03<00:29,  4.98it/s]
Epoch 3/30 [Train]:  68%|██████▊   | 313/460 [01:03<00:29,  4.99it/s]
Epoch 3/30 [Train]:  68%|██████▊   | 314/460 [01:03<00:29,  4.98it/s]
Epoch 3/30 [Train]:  68%|██████▊   | 315/460 [01:04<00:28,  5.01it/s]
Epoch 3/30 [Train]:  69%|██████▊   | 316/460 [01:04<00:28,  4.99it/s]
Epoch 3/30 [Train]:  69%|██████▉   | 317/460 [01:04<00:28,  4.98it/s]
Epoch 3/30 [Train]:  69%|██████▉   | 318/460 [01:04<00:28,  4.97it/s]
Epoch 3/30 [Train]:  69%|██████▉   | 319/460 [01:04<00:28,  4.96it/s]
Epoch 3/30 [Train]:  70%|██████▉   | 320/460 [01:05<00:28,  4.99it/s]
Epoch 3/30 [Train]:  70%|██████▉   | 321/460 [01:05<00:27,  4.97it/s]
Epoch 3/30 [Train]:  70%|███████   | 322/460 [01:05<00:27,  5.01it/s]
Epoch 3/30 [Train]:  70%|███████   | 323/460 [01:05<00:27,  5.01it/s]
Epoch 3/30 [Train]:  70%|███████   | 324/460 [01:05<00:27,  4.98it/s]
Epoch 3/30 [Train]:  71%|███████   | 325/460 [01:06<00:27,  4.98it/s]
Epoch 3/30 [Train]:  71%|███████   | 326/460 [01:06<00:27,  4.94it/s]
Epoch 3/30 [Train]:  71%|███████   | 327/460 [01:06<00:26,  4.95it/s]
Epoch 3/30 [Train]:  71%|███████▏  | 328/460 [01:06<00:26,  4.97it/s]
Epoch 3/30 [Train]:  72%|███████▏  | 329/460 [01:06<00:26,  5.00it/s]
Epoch 3/30 [Train]:  72%|███████▏  | 330/460 [01:07<00:25,  5.03it/s]
Epoch 3/30 [Train]:  72%|███████▏  | 331/460 [01:07<00:25,  5.00it/s]
Epoch 3/30 [Train]:  72%|███████▏  | 332/460 [01:07<00:25,  5.01it/s]
Epoch 3/30 [Train]:  72%|███████▏  | 333/460 [01:07<00:25,  4.94it/s]
Epoch 3/30 [Train]:  73%|███████▎  | 334/460 [01:07<00:25,  4.94it/s]
Epoch 3/30 [Train]:  73%|███████▎  | 335/460 [01:08<00:25,  4.97it/s]
Epoch 3/30 [Train]:  73%|███████▎  | 336/460 [01:08<00:24,  4.97it/s]
Epoch 3/30 [Train]:  73%|███████▎  | 337/460 [01:08<00:24,  5.02it/s]
Epoch 3/30 [Train]:  73%|███████▎  | 338/460 [01:08<00:24,  5.03it/s]
Epoch 3/30 [Train]:  74%|███████▎  | 339/460 [01:08<00:24,  4.98it/s]
Epoch 3/30 [Train]:  74%|███████▍  | 340/460 [01:09<00:24,  4.92it/s]
Epoch 3/30 [Train]:  74%|███████▍  | 341/460 [01:09<00:24,  4.87it/s]
Epoch 3/30 [Train]:  74%|███████▍  | 342/460 [01:09<00:24,  4.87it/s]
Epoch 3/30 [Train]:  75%|███████▍  | 343/460 [01:09<00:24,  4.85it/s]
Epoch 3/30 [Train]:  75%|███████▍  | 344/460 [01:09<00:24,  4.81it/s]
Epoch 3/30 [Train]:  75%|███████▌  | 345/460 [01:10<00:23,  4.83it/s]
Epoch 3/30 [Train]:  75%|███████▌  | 346/460 [01:10<00:23,  4.87it/s]
Epoch 3/30 [Train]:  75%|███████▌  | 347/460 [01:10<00:22,  4.93it/s]
Epoch 3/30 [Train]:  76%|███████▌  | 348/460 [01:10<00:22,  4.95it/s]
Epoch 3/30 [Train]:  76%|███████▌  | 349/460 [01:10<00:22,  4.99it/s]
Epoch 3/30 [Train]:  76%|███████▌  | 350/460 [01:11<00:21,  5.02it/s]
Epoch 3/30 [Train]:  76%|███████▋  | 351/460 [01:11<00:21,  5.03it/s]
Epoch 3/30 [Train]:  77%|███████▋  | 352/460 [01:11<00:21,  4.99it/s]
Epoch 3/30 [Train]:  77%|███████▋  | 353/460 [01:11<00:21,  5.01it/s]
Epoch 3/30 [Train]:  77%|███████▋  | 354/460 [01:11<00:21,  5.01it/s]
Epoch 3/30 [Train]:  77%|███████▋  | 355/460 [01:12<00:21,  4.95it/s]
Epoch 3/30 [Train]:  77%|███████▋  | 356/460 [01:12<00:21,  4.90it/s]
Epoch 3/30 [Train]:  78%|███████▊  | 357/460 [01:12<00:21,  4.90it/s]
Epoch 3/30 [Train]:  78%|███████▊  | 358/460 [01:12<00:20,  4.90it/s]
Epoch 3/30 [Train]:  78%|███████▊  | 359/460 [01:12<00:20,  4.86it/s]
Epoch 3/30 [Train]:  78%|███████▊  | 360/460 [01:13<00:20,  4.89it/s]
Epoch 3/30 [Train]:  78%|███████▊  | 361/460 [01:13<00:20,  4.86it/s]
Epoch 3/30 [Train]:  79%|███████▊  | 362/460 [01:13<00:20,  4.87it/s]
Epoch 3/30 [Train]:  79%|███████▉  | 363/460 [01:13<00:19,  4.87it/s]
Epoch 3/30 [Train]:  79%|███████▉  | 364/460 [01:13<00:19,  4.84it/s]
Epoch 3/30 [Train]:  79%|███████▉  | 365/460 [01:14<00:19,  4.83it/s]
Epoch 3/30 [Train]:  80%|███████▉  | 366/460 [01:14<00:19,  4.86it/s]
Epoch 3/30 [Train]:  80%|███████▉  | 367/460 [01:14<00:18,  4.90it/s]
Epoch 3/30 [Train]:  80%|████████  | 368/460 [01:14<00:18,  4.93it/s]
Epoch 3/30 [Train]:  80%|████████  | 369/460 [01:14<00:18,  4.96it/s]
Epoch 3/30 [Train]:  80%|████████  | 370/460 [01:15<00:18,  4.99it/s]
Epoch 3/30 [Train]:  81%|████████  | 371/460 [01:15<00:17,  5.01it/s]
Epoch 3/30 [Train]:  81%|████████  | 372/460 [01:15<00:17,  5.01it/s]
Epoch 3/30 [Train]:  81%|████████  | 373/460 [01:15<00:17,  5.03it/s]
Epoch 3/30 [Train]:  81%|████████▏ | 374/460 [01:15<00:17,  5.05it/s]
Epoch 3/30 [Train]:  82%|████████▏ | 375/460 [01:16<00:16,  5.04it/s]
Epoch 3/30 [Train]:  82%|████████▏ | 376/460 [01:16<00:16,  5.04it/s]
Epoch 3/30 [Train]:  82%|████████▏ | 377/460 [01:16<00:16,  4.98it/s]
Epoch 3/30 [Train]:  82%|████████▏ | 378/460 [01:16<00:16,  4.91it/s]
Epoch 3/30 [Train]:  82%|████████▏ | 379/460 [01:16<00:16,  4.86it/s]
Epoch 3/30 [Train]:  83%|████████▎ | 380/460 [01:17<00:16,  4.85it/s]
Epoch 3/30 [Train]:  83%|████████▎ | 381/460 [01:17<00:16,  4.84it/s]
Epoch 3/30 [Train]:  83%|████████▎ | 382/460 [01:17<00:16,  4.86it/s]
Epoch 3/30 [Train]:  83%|████████▎ | 383/460 [01:17<00:15,  4.90it/s]
Epoch 3/30 [Train]:  83%|████████▎ | 384/460 [01:18<00:15,  4.94it/s]
Epoch 3/30 [Train]:  84%|████████▎ | 385/460 [01:18<00:15,  4.96it/s]
Epoch 3/30 [Train]:  84%|████████▍ | 386/460 [01:18<00:14,  4.99it/s]
Epoch 3/30 [Train]:  84%|████████▍ | 387/460 [01:18<00:14,  5.03it/s]
Epoch 3/30 [Train]:  84%|████████▍ | 388/460 [01:18<00:14,  5.04it/s]
Epoch 3/30 [Train]:  85%|████████▍ | 389/460 [01:19<00:14,  4.99it/s]
Epoch 3/30 [Train]:  85%|████████▍ | 390/460 [01:19<00:14,  4.96it/s]
Epoch 3/30 [Train]:  85%|████████▌ | 391/460 [01:19<00:13,  4.95it/s]
Epoch 3/30 [Train]:  85%|████████▌ | 392/460 [01:19<00:13,  4.96it/s]
Epoch 3/30 [Train]:  85%|████████▌ | 393/460 [01:19<00:13,  4.99it/s]
Epoch 3/30 [Train]:  86%|████████▌ | 394/460 [01:20<00:13,  4.99it/s]
Epoch 3/30 [Train]:  86%|████████▌ | 395/460 [01:20<00:12,  5.02it/s]
Epoch 3/30 [Train]:  86%|████████▌ | 396/460 [01:20<00:12,  5.02it/s]
Epoch 3/30 [Train]:  86%|████████▋ | 397/460 [01:20<00:12,  4.98it/s]
Epoch 3/30 [Train]:  87%|████████▋ | 398/460 [01:20<00:12,  4.96it/s]
Epoch 3/30 [Train]:  87%|████████▋ | 399/460 [01:21<00:12,  4.95it/s]
Epoch 3/30 [Train]:  87%|████████▋ | 400/460 [01:21<00:12,  4.96it/s]
Epoch 3/30 [Train]:  87%|████████▋ | 401/460 [01:21<00:11,  4.96it/s]
Epoch 3/30 [Train]:  87%|████████▋ | 402/460 [01:21<00:11,  5.00it/s]
Epoch 3/30 [Train]:  88%|████████▊ | 403/460 [01:21<00:11,  4.98it/s]
Epoch 3/30 [Train]:  88%|████████▊ | 404/460 [01:22<00:11,  4.98it/s]
Epoch 3/30 [Train]:  88%|████████▊ | 405/460 [01:22<00:11,  4.91it/s]
Epoch 3/30 [Train]:  88%|████████▊ | 406/460 [01:22<00:11,  4.88it/s]
Epoch 3/30 [Train]:  88%|████████▊ | 407/460 [01:22<00:10,  4.85it/s]
Epoch 3/30 [Train]:  89%|████████▊ | 408/460 [01:22<00:10,  4.83it/s]
Epoch 3/30 [Train]:  89%|████████▉ | 409/460 [01:23<00:10,  4.82it/s]
Epoch 3/30 [Train]:  89%|████████▉ | 410/460 [01:23<00:10,  4.78it/s]
Epoch 3/30 [Train]:  89%|████████▉ | 411/460 [01:23<00:10,  4.80it/s]
Epoch 3/30 [Train]:  90%|████████▉ | 412/460 [01:23<00:09,  4.82it/s]
Epoch 3/30 [Train]:  90%|████████▉ | 413/460 [01:23<00:09,  4.83it/s]
Epoch 3/30 [Train]:  90%|█████████ | 414/460 [01:24<00:09,  4.86it/s]
Epoch 3/30 [Train]:  90%|█████████ | 415/460 [01:24<00:09,  4.92it/s]
Epoch 3/30 [Train]:  90%|█████████ | 416/460 [01:24<00:08,  4.92it/s]
Epoch 3/30 [Train]:  91%|█████████ | 417/460 [01:24<00:08,  4.90it/s]
Epoch 3/30 [Train]:  91%|█████████ | 418/460 [01:24<00:08,  4.88it/s]
Epoch 3/30 [Train]:  91%|█████████ | 419/460 [01:25<00:08,  4.87it/s]
Epoch 3/30 [Train]:  91%|█████████▏| 420/460 [01:25<00:08,  4.87it/s]
Epoch 3/30 [Train]:  92%|█████████▏| 421/460 [01:25<00:07,  4.88it/s]
Epoch 3/30 [Train]:  92%|█████████▏| 422/460 [01:25<00:07,  4.86it/s]
Epoch 3/30 [Train]:  92%|█████████▏| 423/460 [01:25<00:07,  4.85it/s]
Epoch 3/30 [Train]:  92%|█████████▏| 424/460 [01:26<00:07,  4.84it/s]
Epoch 3/30 [Train]:  92%|█████████▏| 425/460 [01:26<00:07,  4.84it/s]
Epoch 3/30 [Train]:  93%|█████████▎| 426/460 [01:26<00:07,  4.83it/s]
Epoch 3/30 [Train]:  93%|█████████▎| 427/460 [01:26<00:06,  4.88it/s]
Epoch 3/30 [Train]:  93%|█████████▎| 428/460 [01:26<00:06,  4.94it/s]
Epoch 3/30 [Train]:  93%|█████████▎| 429/460 [01:27<00:06,  4.96it/s]
Epoch 3/30 [Train]:  93%|█████████▎| 430/460 [01:27<00:05,  5.01it/s]
Epoch 3/30 [Train]:  94%|█████████▎| 431/460 [01:27<00:05,  5.05it/s]
Epoch 3/30 [Train]:  94%|█████████▍| 432/460 [01:27<00:05,  5.04it/s]
Epoch 3/30 [Train]:  94%|█████████▍| 433/460 [01:27<00:05,  4.99it/s]
Epoch 3/30 [Train]:  94%|█████████▍| 434/460 [01:28<00:05,  4.99it/s]
Epoch 3/30 [Train]:  95%|█████████▍| 435/460 [01:28<00:04,  5.01it/s]
Epoch 3/30 [Train]:  95%|█████████▍| 436/460 [01:28<00:04,  5.02it/s]
Epoch 3/30 [Train]:  95%|█████████▌| 437/460 [01:28<00:04,  5.03it/s]
Epoch 3/30 [Train]:  95%|█████████▌| 438/460 [01:28<00:04,  5.03it/s]
Epoch 3/30 [Train]:  95%|█████████▌| 439/460 [01:29<00:04,  5.02it/s]
Epoch 3/30 [Train]:  96%|█████████▌| 440/460 [01:29<00:03,  5.03it/s]
Epoch 3/30 [Train]:  96%|█████████▌| 441/460 [01:29<00:03,  5.04it/s]
Epoch 3/30 [Train]:  96%|█████████▌| 442/460 [01:29<00:03,  5.04it/s]
Epoch 3/30 [Train]:  96%|█████████▋| 443/460 [01:29<00:03,  5.06it/s]
Epoch 3/30 [Train]:  97%|█████████▋| 444/460 [01:30<00:03,  5.03it/s]
Epoch 3/30 [Train]:  97%|█████████▋| 445/460 [01:30<00:03,  5.00it/s]
Epoch 3/30 [Train]:  97%|█████████▋| 446/460 [01:30<00:02,  5.01it/s]
Epoch 3/30 [Train]:  97%|█████████▋| 447/460 [01:30<00:02,  5.04it/s]
Epoch 3/30 [Train]:  97%|█████████▋| 448/460 [01:30<00:02,  5.03it/s]
Epoch 3/30 [Train]:  98%|█████████▊| 449/460 [01:31<00:02,  5.05it/s]
Epoch 3/30 [Train]:  98%|█████████▊| 450/460 [01:31<00:01,  5.04it/s]
Epoch 3/30 [Train]:  98%|█████████▊| 451/460 [01:31<00:01,  5.06it/s]
Epoch 3/30 [Train]:  98%|█████████▊| 452/460 [01:31<00:01,  5.05it/s]
Epoch 3/30 [Train]:  98%|█████████▊| 453/460 [01:31<00:01,  5.04it/s]
Epoch 3/30 [Train]:  99%|█████████▊| 454/460 [01:32<00:01,  5.04it/s]
Epoch 3/30 [Train]:  99%|█████████▉| 455/460 [01:32<00:00,  5.03it/s]
Epoch 3/30 [Train]:  99%|█████████▉| 456/460 [01:32<00:00,  5.01it/s]
Epoch 3/30 [Train]:  99%|█████████▉| 457/460 [01:32<00:00,  4.99it/s]
Epoch 3/30 [Train]: 100%|█████████▉| 458/460 [01:32<00:00,  4.98it/s]
Epoch 3/30 [Train]: 100%|█████████▉| 459/460 [01:33<00:00,  5.00it/s]
Epoch 3/30 [Train]: 100%|██████████| 460/460 [01:33<00:00,  5.63it/s]
                                                                     

Epoch 4/30 [Train]:   0%|          | 0/460 [00:00<?, ?it/s]
Epoch 4/30 [Train]:   0%|          | 1/460 [00:00<01:32,  4.96it/s]
Epoch 4/30 [Train]:   0%|          | 2/460 [00:00<01:33,  4.89it/s]
Epoch 4/30 [Train]:   1%|          | 3/460 [00:00<01:35,  4.81it/s]
Epoch 4/30 [Train]:   1%|          | 4/460 [00:00<01:34,  4.82it/s]
Epoch 4/30 [Train]:   1%|          | 5/460 [00:01<01:34,  4.82it/s]
Epoch 4/30 [Train]:   1%|▏         | 6/460 [00:01<01:34,  4.81it/s]
Epoch 4/30 [Train]:   2%|▏         | 7/460 [00:01<01:33,  4.82it/s]
Epoch 4/30 [Train]:   2%|▏         | 8/460 [00:01<01:33,  4.82it/s]
Epoch 4/30 [Train]:   2%|▏         | 9/460 [00:01<01:33,  4.82it/s]
Epoch 4/30 [Train]:   2%|▏         | 10/460 [00:02<01:33,  4.81it/s]
Epoch 4/30 [Train]:   2%|▏         | 11/460 [00:02<01:33,  4.80it/s]
Epoch 4/30 [Train]:   3%|▎         | 12/460 [00:02<01:33,  4.80it/s]
Epoch 4/30 [Train]:   3%|▎         | 13/460 [00:02<01:33,  4.78it/s]
Epoch 4/30 [Train]:   3%|▎         | 14/460 [00:02<01:33,  4.76it/s]
Epoch 4/30 [Train]:   3%|▎         | 15/460 [00:03<01:32,  4.82it/s]
Epoch 4/30 [Train]:   3%|▎         | 16/460 [00:03<01:30,  4.88it/s]
Epoch 4/30 [Train]:   4%|▎         | 17/460 [00:03<01:31,  4.83it/s]
Epoch 4/30 [Train]:   4%|▍         | 18/460 [00:03<01:32,  4.80it/s]
Epoch 4/30 [Train]:   4%|▍         | 19/460 [00:03<01:31,  4.80it/s]
Epoch 4/30 [Train]:   4%|▍         | 20/460 [00:04<01:30,  4.84it/s]
Epoch 4/30 [Train]:   5%|▍         | 21/460 [00:04<01:33,  4.67it/s]
Epoch 4/30 [Train]:   5%|▍         | 22/460 [00:04<01:34,  4.65it/s]
Epoch 4/30 [Train]:   5%|▌         | 23/460 [00:04<01:34,  4.63it/s]
Epoch 4/30 [Train]:   5%|▌         | 24/460 [00:05<01:32,  4.70it/s]
Epoch 4/30 [Train]:   5%|▌         | 25/460 [00:05<01:31,  4.74it/s]
Epoch 4/30 [Train]:   6%|▌         | 26/460 [00:05<01:31,  4.72it/s]
Epoch 4/30 [Train]:   6%|▌         | 27/460 [00:05<01:31,  4.74it/s]
Epoch 4/30 [Train]:   6%|▌         | 28/460 [00:05<01:30,  4.78it/s]
Epoch 4/30 [Train]:   6%|▋         | 29/460 [00:06<01:29,  4.81it/s]
Epoch 4/30 [Train]:   7%|▋         | 30/460 [00:06<01:29,  4.81it/s]
Epoch 4/30 [Train]:   7%|▋         | 31/460 [00:06<01:29,  4.80it/s]
Epoch 4/30 [Train]:   7%|▋         | 32/460 [00:06<01:29,  4.79it/s]
Epoch 4/30 [Train]:   7%|▋         | 33/460 [00:06<01:29,  4.79it/s]
Epoch 4/30 [Train]:   7%|▋         | 34/460 [00:07<01:28,  4.79it/s]
Epoch 4/30 [Train]:   8%|▊         | 35/460 [00:07<01:28,  4.79it/s]
Epoch 4/30 [Train]:   8%|▊         | 36/460 [00:07<01:27,  4.82it/s]
Epoch 4/30 [Train]:   8%|▊         | 37/460 [00:07<01:27,  4.82it/s]
Epoch 4/30 [Train]:   8%|▊         | 38/460 [00:07<01:27,  4.85it/s]
Epoch 4/30 [Train]:   8%|▊         | 39/460 [00:08<01:26,  4.89it/s]
Epoch 4/30 [Train]:   9%|▊         | 40/460 [00:08<01:25,  4.91it/s]
Epoch 4/30 [Train]:   9%|▉         | 41/460 [00:08<01:25,  4.91it/s]
Epoch 4/30 [Train]:   9%|▉         | 42/460 [00:08<01:24,  4.94it/s]
Epoch 4/30 [Train]:   9%|▉         | 43/460 [00:08<01:24,  4.94it/s]
Epoch 4/30 [Train]:  10%|▉         | 44/460 [00:09<01:24,  4.90it/s]
Epoch 4/30 [Train]:  10%|▉         | 45/460 [00:09<01:26,  4.78it/s]
Epoch 4/30 [Train]:  10%|█         | 46/460 [00:09<01:28,  4.69it/s]
Epoch 4/30 [Train]:  10%|█         | 47/460 [00:09<01:31,  4.50it/s]
Epoch 4/30 [Train]:  10%|█         | 48/460 [00:10<01:30,  4.53it/s]
Epoch 4/30 [Train]:  11%|█         | 49/460 [00:10<01:31,  4.51it/s]
Epoch 4/30 [Train]:  11%|█         | 50/460 [00:10<01:28,  4.63it/s]
Epoch 4/30 [Train]:  11%|█         | 51/460 [00:10<01:27,  4.70it/s]
Epoch 4/30 [Train]:  11%|█▏        | 52/460 [00:10<01:25,  4.76it/s]
Epoch 4/30 [Train]:  12%|█▏        | 53/460 [00:11<01:25,  4.76it/s]
Epoch 4/30 [Train]:  12%|█▏        | 54/460 [00:11<01:24,  4.78it/s]
Epoch 4/30 [Train]:  12%|█▏        | 55/460 [00:11<01:24,  4.80it/s]
Epoch 4/30 [Train]:  12%|█▏        | 56/460 [00:11<01:23,  4.82it/s]
Epoch 4/30 [Train]:  12%|█▏        | 57/460 [00:11<01:23,  4.84it/s]
Epoch 4/30 [Train]:  13%|█▎        | 58/460 [00:12<01:22,  4.86it/s]
Epoch 4/30 [Train]:  13%|█▎        | 59/460 [00:12<01:22,  4.87it/s]
Epoch 4/30 [Train]:  13%|█▎        | 60/460 [00:12<01:22,  4.87it/s]
Epoch 4/30 [Train]:  13%|█▎        | 61/460 [00:12<01:23,  4.75it/s]
Epoch 4/30 [Train]:  13%|█▎        | 62/460 [00:12<01:25,  4.67it/s]
Epoch 4/30 [Train]:  14%|█▎        | 63/460 [00:13<01:25,  4.67it/s]
Epoch 4/30 [Train]:  14%|█▍        | 64/460 [00:13<01:27,  4.51it/s]
Epoch 4/30 [Train]:  14%|█▍        | 65/460 [00:13<01:28,  4.45it/s]
Epoch 4/30 [Train]:  14%|█▍        | 66/460 [00:13<01:29,  4.38it/s]
Epoch 4/30 [Train]:  15%|█▍        | 67/460 [00:14<01:29,  4.40it/s]
Epoch 4/30 [Train]:  15%|█▍        | 68/460 [00:14<01:27,  4.49it/s]
Epoch 4/30 [Train]:  15%|█▌        | 69/460 [00:14<01:25,  4.56it/s]
Epoch 4/30 [Train]:  15%|█▌        | 70/460 [00:14<01:23,  4.66it/s]
Epoch 4/30 [Train]:  15%|█▌        | 71/460 [00:14<01:22,  4.72it/s]
Epoch 4/30 [Train]:  16%|█▌        | 72/460 [00:15<01:22,  4.69it/s]
Epoch 4/30 [Train]:  16%|█▌        | 73/460 [00:15<01:24,  4.57it/s]
Epoch 4/30 [Train]:  16%|█▌        | 74/460 [00:15<01:24,  4.59it/s]
Epoch 4/30 [Train]:  16%|█▋        | 75/460 [00:15<01:23,  4.61it/s]
Epoch 4/30 [Train]:  17%|█▋        | 76/460 [00:16<01:23,  4.62it/s]
Epoch 4/30 [Train]:  17%|█▋        | 77/460 [00:16<01:23,  4.57it/s]
Epoch 4/30 [Train]:  17%|█▋        | 78/460 [00:16<01:23,  4.59it/s]
Epoch 4/30 [Train]:  17%|█▋        | 79/460 [00:16<01:22,  4.64it/s]
Epoch 4/30 [Train]:  17%|█▋        | 80/460 [00:16<01:20,  4.71it/s]
Epoch 4/30 [Train]:  18%|█▊        | 81/460 [00:17<01:19,  4.75it/s]
Epoch 4/30 [Train]:  18%|█▊        | 82/460 [00:17<01:19,  4.74it/s]
Epoch 4/30 [Train]:  18%|█▊        | 83/460 [00:17<01:19,  4.77it/s]
Epoch 4/30 [Train]:  18%|█▊        | 84/460 [00:17<01:18,  4.79it/s]
Epoch 4/30 [Train]:  18%|█▊        | 85/460 [00:17<01:18,  4.80it/s]
Epoch 4/30 [Train]:  19%|█▊        | 86/460 [00:18<01:17,  4.80it/s]
Epoch 4/30 [Train]:  19%|█▉        | 87/460 [00:18<01:18,  4.78it/s]
Epoch 4/30 [Train]:  19%|█▉        | 88/460 [00:18<01:17,  4.80it/s]
Epoch 4/30 [Train]:  19%|█▉        | 89/460 [00:18<01:17,  4.80it/s]
Epoch 4/30 [Train]:  20%|█▉        | 90/460 [00:18<01:16,  4.82it/s]
Epoch 4/30 [Train]:  20%|█▉        | 91/460 [00:19<01:16,  4.85it/s]
Epoch 4/30 [Train]:  20%|██        | 92/460 [00:19<01:16,  4.82it/s]
Epoch 4/30 [Train]:  20%|██        | 93/460 [00:19<01:16,  4.77it/s]
Epoch 4/30 [Train]:  20%|██        | 94/460 [00:19<01:16,  4.78it/s]
Epoch 4/30 [Train]:  21%|██        | 95/460 [00:20<01:16,  4.80it/s]
Epoch 4/30 [Train]:  21%|██        | 96/460 [00:20<01:17,  4.68it/s]
Epoch 4/30 [Train]:  21%|██        | 97/460 [00:20<01:17,  4.67it/s]
Epoch 4/30 [Train]:  21%|██▏       | 98/460 [00:20<01:17,  4.68it/s]
Epoch 4/30 [Train]:  22%|██▏       | 99/460 [00:20<01:17,  4.68it/s]
Epoch 4/30 [Train]:  22%|██▏       | 100/460 [00:21<01:16,  4.70it/s]
Epoch 4/30 [Train]:  22%|██▏       | 101/460 [00:21<01:16,  4.69it/s]
Epoch 4/30 [Train]:  22%|██▏       | 102/460 [00:21<01:16,  4.70it/s]
Epoch 4/30 [Train]:  22%|██▏       | 103/460 [00:21<01:16,  4.68it/s]
Epoch 4/30 [Train]:  23%|██▎       | 104/460 [00:21<01:15,  4.72it/s]
Epoch 4/30 [Train]:  23%|██▎       | 105/460 [00:22<01:15,  4.68it/s]
Epoch 4/30 [Train]:  23%|██▎       | 106/460 [00:22<01:17,  4.56it/s]
Epoch 4/30 [Train]:  23%|██▎       | 107/460 [00:22<01:16,  4.59it/s]
Epoch 4/30 [Train]:  23%|██▎       | 108/460 [00:22<01:17,  4.56it/s]
Epoch 4/30 [Train]:  24%|██▎       | 109/460 [00:23<01:16,  4.59it/s]
Epoch 4/30 [Train]:  24%|██▍       | 110/460 [00:23<01:16,  4.58it/s]
Epoch 4/30 [Train]:  24%|██▍       | 111/460 [00:23<01:16,  4.59it/s]
Epoch 4/30 [Train]:  24%|██▍       | 112/460 [00:23<01:16,  4.56it/s]
Epoch 4/30 [Train]:  25%|██▍       | 113/460 [00:23<01:14,  4.64it/s]
Epoch 4/30 [Train]:  25%|██▍       | 114/460 [00:24<01:13,  4.70it/s]
Epoch 4/30 [Train]:  25%|██▌       | 115/460 [00:24<01:12,  4.74it/s]
Epoch 4/30 [Train]:  25%|██▌       | 116/460 [00:24<01:12,  4.75it/s]
Epoch 4/30 [Train]:  25%|██▌       | 117/460 [00:24<01:12,  4.75it/s]
Epoch 4/30 [Train]:  26%|██▌       | 118/460 [00:24<01:11,  4.75it/s]
Epoch 4/30 [Train]:  26%|██▌       | 119/460 [00:25<01:11,  4.78it/s]
Epoch 4/30 [Train]:  26%|██▌       | 120/460 [00:25<01:13,  4.65it/s]
Epoch 4/30 [Train]:  26%|██▋       | 121/460 [00:25<01:13,  4.62it/s]
Epoch 4/30 [Train]:  27%|██▋       | 122/460 [00:25<01:12,  4.67it/s]
Epoch 4/30 [Train]:  27%|██▋       | 123/460 [00:26<01:12,  4.63it/s]
Epoch 4/30 [Train]:  27%|██▋       | 124/460 [00:26<01:12,  4.63it/s]
Epoch 4/30 [Train]:  27%|██▋       | 125/460 [00:26<01:12,  4.60it/s]
Epoch 4/30 [Train]:  27%|██▋       | 126/460 [00:26<01:12,  4.63it/s]
Epoch 4/30 [Train]:  28%|██▊       | 127/460 [00:26<01:11,  4.67it/s]
Epoch 4/30 [Train]:  28%|██▊       | 128/460 [00:27<01:10,  4.68it/s]
Epoch 4/30 [Train]:  28%|██▊       | 129/460 [00:27<01:09,  4.73it/s]
Epoch 4/30 [Train]:  28%|██▊       | 130/460 [00:27<01:09,  4.74it/s]
Epoch 4/30 [Train]:  28%|██▊       | 131/460 [00:27<01:09,  4.72it/s]
Epoch 4/30 [Train]:  29%|██▊       | 132/460 [00:27<01:08,  4.76it/s]
Epoch 4/30 [Train]:  29%|██▉       | 133/460 [00:28<01:08,  4.80it/s]
Epoch 4/30 [Train]:  29%|██▉       | 134/460 [00:28<01:07,  4.83it/s]
Epoch 4/30 [Train]:  29%|██▉       | 135/460 [00:28<01:06,  4.86it/s]
Epoch 4/30 [Train]:  30%|██▉       | 136/460 [00:28<01:06,  4.86it/s]
Epoch 4/30 [Train]:  30%|██▉       | 137/460 [00:28<01:06,  4.85it/s]
Epoch 4/30 [Train]:  30%|███       | 138/460 [00:29<01:06,  4.86it/s]
Epoch 4/30 [Train]:  30%|███       | 139/460 [00:29<01:05,  4.87it/s]
Epoch 4/30 [Train]:  30%|███       | 140/460 [00:29<01:05,  4.88it/s]
Epoch 4/30 [Train]:  31%|███       | 141/460 [00:29<01:05,  4.88it/s]
Epoch 4/30 [Train]:  31%|███       | 142/460 [00:30<01:05,  4.89it/s]
Epoch 4/30 [Train]:  31%|███       | 143/460 [00:30<01:05,  4.88it/s]
Epoch 4/30 [Train]:  31%|███▏      | 144/460 [00:30<01:05,  4.86it/s]
Epoch 4/30 [Train]:  32%|███▏      | 145/460 [00:30<01:04,  4.85it/s]
Epoch 4/30 [Train]:  32%|███▏      | 146/460 [00:30<01:04,  4.85it/s]
Epoch 4/30 [Train]:  32%|███▏      | 147/460 [00:31<01:04,  4.83it/s]
Epoch 4/30 [Train]:  32%|███▏      | 148/460 [00:31<01:04,  4.81it/s]
Epoch 4/30 [Train]:  32%|███▏      | 149/460 [00:31<01:04,  4.81it/s]
Epoch 4/30 [Train]:  33%|███▎      | 150/460 [00:31<01:04,  4.78it/s]
Epoch 4/30 [Train]:  33%|███▎      | 151/460 [00:31<01:04,  4.79it/s]
Epoch 4/30 [Train]:  33%|███▎      | 152/460 [00:32<01:04,  4.81it/s]
Epoch 4/30 [Train]:  33%|███▎      | 153/460 [00:32<01:03,  4.84it/s]
Epoch 4/30 [Train]:  33%|███▎      | 154/460 [00:32<01:02,  4.86it/s]
Epoch 4/30 [Train]:  34%|███▎      | 155/460 [00:32<01:02,  4.89it/s]
Epoch 4/30 [Train]:  34%|███▍      | 156/460 [00:32<01:02,  4.88it/s]
Epoch 4/30 [Train]:  34%|███▍      | 157/460 [00:33<01:02,  4.88it/s]
Epoch 4/30 [Train]:  34%|███▍      | 158/460 [00:33<01:01,  4.89it/s]
Epoch 4/30 [Train]:  35%|███▍      | 159/460 [00:33<01:01,  4.91it/s]
Epoch 4/30 [Train]:  35%|███▍      | 160/460 [00:33<01:01,  4.91it/s]
Epoch 4/30 [Train]:  35%|███▌      | 161/460 [00:33<01:00,  4.92it/s]
Epoch 4/30 [Train]:  35%|███▌      | 162/460 [00:34<01:00,  4.92it/s]
Epoch 4/30 [Train]:  35%|███▌      | 163/460 [00:34<01:01,  4.82it/s]
Epoch 4/30 [Train]:  36%|███▌      | 164/460 [00:34<01:01,  4.81it/s]
Epoch 4/30 [Train]:  36%|███▌      | 165/460 [00:34<01:01,  4.78it/s]
Epoch 4/30 [Train]:  36%|███▌      | 166/460 [00:34<01:01,  4.81it/s]
Epoch 4/30 [Train]:  36%|███▋      | 167/460 [00:35<01:00,  4.81it/s]
Epoch 4/30 [Train]:  37%|███▋      | 168/460 [00:35<01:00,  4.83it/s]
Epoch 4/30 [Train]:  37%|███▋      | 169/460 [00:35<01:00,  4.82it/s]
Epoch 4/30 [Train]:  37%|███▋      | 170/460 [00:35<01:00,  4.81it/s]
Epoch 4/30 [Train]:  37%|███▋      | 171/460 [00:36<01:01,  4.70it/s]
Epoch 4/30 [Train]:  37%|███▋      | 172/460 [00:36<01:01,  4.71it/s]
Epoch 4/30 [Train]:  38%|███▊      | 173/460 [00:36<01:00,  4.75it/s]
Epoch 4/30 [Train]:  38%|███▊      | 174/460 [00:36<00:59,  4.77it/s]
Epoch 4/30 [Train]:  38%|███▊      | 175/460 [00:36<00:59,  4.81it/s]
Epoch 4/30 [Train]:  38%|███▊      | 176/460 [00:37<00:58,  4.82it/s]
Epoch 4/30 [Train]:  38%|███▊      | 177/460 [00:37<00:58,  4.81it/s]
Epoch 4/30 [Train]:  39%|███▊      | 178/460 [00:37<00:59,  4.75it/s]
Epoch 4/30 [Train]:  39%|███▉      | 179/460 [00:37<00:59,  4.73it/s]
Epoch 4/30 [Train]:  39%|███▉      | 180/460 [00:37<00:58,  4.76it/s]
Epoch 4/30 [Train]:  39%|███▉      | 181/460 [00:38<00:59,  4.70it/s]
Epoch 4/30 [Train]:  40%|███▉      | 182/460 [00:38<00:58,  4.76it/s]
Epoch 4/30 [Train]:  40%|███▉      | 183/460 [00:38<00:57,  4.79it/s]
Epoch 4/30 [Train]:  40%|████      | 184/460 [00:38<00:57,  4.83it/s]
Epoch 4/30 [Train]:  40%|████      | 185/460 [00:38<00:57,  4.82it/s]
Epoch 4/30 [Train]:  40%|████      | 186/460 [00:39<00:56,  4.86it/s]
Epoch 4/30 [Train]:  41%|████      | 187/460 [00:39<00:55,  4.88it/s]
Epoch 4/30 [Train]:  41%|████      | 188/460 [00:39<00:55,  4.91it/s]
Epoch 4/30 [Train]:  41%|████      | 189/460 [00:39<00:54,  4.94it/s]
Epoch 4/30 [Train]:  41%|████▏     | 190/460 [00:39<00:54,  4.93it/s]
Epoch 4/30 [Train]:  42%|████▏     | 191/460 [00:40<00:54,  4.92it/s]
Epoch 4/30 [Train]:  42%|████▏     | 192/460 [00:40<00:54,  4.92it/s]
Epoch 4/30 [Train]:  42%|████▏     | 193/460 [00:40<00:54,  4.90it/s]
Epoch 4/30 [Train]:  42%|████▏     | 194/460 [00:40<00:54,  4.89it/s]
Epoch 4/30 [Train]:  42%|████▏     | 195/460 [00:40<00:54,  4.89it/s]
Epoch 4/30 [Train]:  43%|████▎     | 196/460 [00:41<00:53,  4.91it/s]
Epoch 4/30 [Train]:  43%|████▎     | 197/460 [00:41<00:53,  4.88it/s]
Epoch 4/30 [Train]:  43%|████▎     | 198/460 [00:41<00:53,  4.85it/s]
Epoch 4/30 [Train]:  43%|████▎     | 199/460 [00:41<00:54,  4.83it/s]
Epoch 4/30 [Train]:  43%|████▎     | 200/460 [00:42<00:53,  4.81it/s]
Epoch 4/30 [Train]:  44%|████▎     | 201/460 [00:42<00:53,  4.81it/s]
Epoch 4/30 [Train]:  44%|████▍     | 202/460 [00:42<00:54,  4.76it/s]
Epoch 4/30 [Train]:  44%|████▍     | 203/460 [00:42<00:54,  4.72it/s]
Epoch 4/30 [Train]:  44%|████▍     | 204/460 [00:42<00:55,  4.62it/s]
Epoch 4/30 [Train]:  45%|████▍     | 205/460 [00:43<00:55,  4.62it/s]
Epoch 4/30 [Train]:  45%|████▍     | 206/460 [00:43<00:54,  4.65it/s]
Epoch 4/30 [Train]:  45%|████▌     | 207/460 [00:43<00:54,  4.65it/s]
Epoch 4/30 [Train]:  45%|████▌     | 208/460 [00:43<00:54,  4.66it/s]
Epoch 4/30 [Train]:  45%|████▌     | 209/460 [00:43<00:53,  4.73it/s]
Epoch 4/30 [Train]:  46%|████▌     | 210/460 [00:44<00:52,  4.79it/s]
Epoch 4/30 [Train]:  46%|████▌     | 211/460 [00:44<00:51,  4.80it/s]
Epoch 4/30 [Train]:  46%|████▌     | 212/460 [00:44<00:53,  4.65it/s]
Epoch 4/30 [Train]:  46%|████▋     | 213/460 [00:44<00:53,  4.60it/s]
Epoch 4/30 [Train]:  47%|████▋     | 214/460 [00:45<00:53,  4.56it/s]
Epoch 4/30 [Train]:  47%|████▋     | 215/460 [00:45<00:54,  4.52it/s]
Epoch 4/30 [Train]:  47%|████▋     | 216/460 [00:45<00:54,  4.51it/s]
Epoch 4/30 [Train]:  47%|████▋     | 217/460 [00:45<00:54,  4.50it/s]
Epoch 4/30 [Train]:  47%|████▋     | 218/460 [00:45<00:53,  4.51it/s]
Epoch 4/30 [Train]:  48%|████▊     | 219/460 [00:46<00:53,  4.47it/s]
Epoch 4/30 [Train]:  48%|████▊     | 220/460 [00:46<00:53,  4.48it/s]
Epoch 4/30 [Train]:  48%|████▊     | 221/460 [00:46<00:53,  4.47it/s]
Epoch 4/30 [Train]:  48%|████▊     | 222/460 [00:46<00:52,  4.49it/s]
Epoch 4/30 [Train]:  48%|████▊     | 223/460 [00:47<00:52,  4.54it/s]
Epoch 4/30 [Train]:  49%|████▊     | 224/460 [00:47<00:51,  4.55it/s]
Epoch 4/30 [Train]:  49%|████▉     | 225/460 [00:47<00:51,  4.53it/s]
Epoch 4/30 [Train]:  49%|████▉     | 226/460 [00:47<00:51,  4.54it/s]
Epoch 4/30 [Train]:  49%|████▉     | 227/460 [00:47<00:53,  4.35it/s]
Epoch 4/30 [Train]:  50%|████▉     | 228/460 [00:48<00:54,  4.26it/s]
Epoch 4/30 [Train]:  50%|████▉     | 229/460 [00:48<00:56,  4.07it/s]
Epoch 4/30 [Train]:  50%|█████     | 230/460 [00:48<00:56,  4.04it/s]
Epoch 4/30 [Train]:  50%|█████     | 231/460 [00:48<00:57,  4.01it/s]
Epoch 4/30 [Train]:  50%|█████     | 232/460 [00:49<00:57,  4.00it/s]
Epoch 4/30 [Train]:  51%|█████     | 233/460 [00:49<00:57,  3.95it/s]
Epoch 4/30 [Train]:  51%|█████     | 234/460 [00:49<00:58,  3.88it/s]
Epoch 4/30 [Train]:  51%|█████     | 235/460 [00:49<00:58,  3.87it/s]
Epoch 4/30 [Train]:  51%|█████▏    | 236/460 [00:50<00:58,  3.86it/s]
Epoch 4/30 [Train]:  52%|█████▏    | 237/460 [00:50<00:58,  3.84it/s]
Epoch 4/30 [Train]:  52%|█████▏    | 238/460 [00:50<00:57,  3.85it/s]
Epoch 4/30 [Train]:  52%|█████▏    | 239/460 [00:51<00:56,  3.93it/s]
Epoch 4/30 [Train]:  52%|█████▏    | 240/460 [00:51<00:54,  4.01it/s]
Epoch 4/30 [Train]:  52%|█████▏    | 241/460 [00:51<00:53,  4.06it/s]
Epoch 4/30 [Train]:  53%|█████▎    | 242/460 [00:51<00:53,  4.06it/s]
Epoch 4/30 [Train]:  53%|█████▎    | 243/460 [00:51<00:52,  4.13it/s]
Epoch 4/30 [Train]:  53%|█████▎    | 244/460 [00:52<00:52,  4.09it/s]
Epoch 4/30 [Train]:  53%|█████▎    | 245/460 [00:52<00:53,  4.02it/s]
Epoch 4/30 [Train]:  53%|█████▎    | 246/460 [00:52<00:53,  4.00it/s]
Epoch 4/30 [Train]:  54%|█████▎    | 247/460 [00:52<00:53,  3.97it/s]
Epoch 4/30 [Train]:  54%|█████▍    | 248/460 [00:53<00:53,  3.94it/s]
Epoch 4/30 [Train]:  54%|█████▍    | 249/460 [00:53<00:53,  3.91it/s]
Epoch 4/30 [Train]:  54%|█████▍    | 250/460 [00:53<00:53,  3.90it/s]
Epoch 4/30 [Train]:  55%|█████▍    | 251/460 [00:54<00:53,  3.92it/s]
Epoch 4/30 [Train]:  55%|█████▍    | 252/460 [00:54<00:53,  3.89it/s]
Epoch 4/30 [Train]:  55%|█████▌    | 253/460 [00:54<00:53,  3.86it/s]
Epoch 4/30 [Train]:  55%|█████▌    | 254/460 [00:54<00:53,  3.88it/s]
Epoch 4/30 [Train]:  55%|█████▌    | 255/460 [00:55<00:52,  3.90it/s]
Epoch 4/30 [Train]:  56%|█████▌    | 256/460 [00:55<00:51,  3.93it/s]
Epoch 4/30 [Train]:  56%|█████▌    | 257/460 [00:55<00:51,  3.91it/s]
Epoch 4/30 [Train]:  56%|█████▌    | 258/460 [00:55<00:51,  3.93it/s]
Epoch 4/30 [Train]:  56%|█████▋    | 259/460 [00:56<00:50,  3.95it/s]
Epoch 4/30 [Train]:  57%|█████▋    | 260/460 [00:56<00:49,  4.01it/s]
Epoch 4/30 [Train]:  57%|█████▋    | 261/460 [00:56<00:48,  4.08it/s]
Epoch 4/30 [Train]:  57%|█████▋    | 262/460 [00:56<00:47,  4.16it/s]
Epoch 4/30 [Train]:  57%|█████▋    | 263/460 [00:57<00:47,  4.17it/s]
Epoch 4/30 [Train]:  57%|█████▋    | 264/460 [00:57<00:47,  4.14it/s]
Epoch 4/30 [Train]:  58%|█████▊    | 265/460 [00:57<00:47,  4.12it/s]
Epoch 4/30 [Train]:  58%|█████▊    | 266/460 [00:57<00:48,  4.01it/s]
Epoch 4/30 [Train]:  58%|█████▊    | 267/460 [00:58<00:48,  3.98it/s]
Epoch 4/30 [Train]:  58%|█████▊    | 268/460 [00:58<00:48,  3.98it/s]
Epoch 4/30 [Train]:  58%|█████▊    | 269/460 [00:58<00:47,  4.03it/s]
Epoch 4/30 [Train]:  59%|█████▊    | 270/460 [00:58<00:46,  4.09it/s]
Epoch 4/30 [Train]:  59%|█████▉    | 271/460 [00:58<00:45,  4.14it/s]
Epoch 4/30 [Train]:  59%|█████▉    | 272/460 [00:59<00:45,  4.13it/s]
Epoch 4/30 [Train]:  59%|█████▉    | 273/460 [00:59<00:44,  4.16it/s]
Epoch 4/30 [Train]:  60%|█████▉    | 274/460 [00:59<00:44,  4.16it/s]
Epoch 4/30 [Train]:  60%|█████▉    | 275/460 [00:59<00:44,  4.16it/s]
Epoch 4/30 [Train]:  60%|██████    | 276/460 [01:00<00:43,  4.20it/s]
Epoch 4/30 [Train]:  60%|██████    | 277/460 [01:00<00:43,  4.22it/s]
Epoch 4/30 [Train]:  60%|██████    | 278/460 [01:00<00:43,  4.20it/s]
Epoch 4/30 [Train]:  61%|██████    | 279/460 [01:00<00:43,  4.18it/s]
Epoch 4/30 [Train]:  61%|██████    | 280/460 [01:01<00:42,  4.21it/s]
Epoch 4/30 [Train]:  61%|██████    | 281/460 [01:01<00:42,  4.21it/s]
Epoch 4/30 [Train]:  61%|██████▏   | 282/460 [01:01<00:42,  4.15it/s]
Epoch 4/30 [Train]:  62%|██████▏   | 283/460 [01:01<00:42,  4.17it/s]
Epoch 4/30 [Train]:  62%|██████▏   | 284/460 [01:02<00:42,  4.13it/s]
Epoch 4/30 [Train]:  62%|██████▏   | 285/460 [01:02<00:42,  4.15it/s]
Epoch 4/30 [Train]:  62%|██████▏   | 286/460 [01:02<00:41,  4.15it/s]
Epoch 4/30 [Train]:  62%|██████▏   | 287/460 [01:02<00:41,  4.19it/s]
Epoch 4/30 [Train]:  63%|██████▎   | 288/460 [01:03<00:40,  4.22it/s]
Epoch 4/30 [Train]:  63%|██████▎   | 289/460 [01:03<00:41,  4.17it/s]
Epoch 4/30 [Train]:  63%|██████▎   | 290/460 [01:03<00:40,  4.17it/s]
Epoch 4/30 [Train]:  63%|██████▎   | 291/460 [01:03<00:41,  4.12it/s]
Epoch 4/30 [Train]:  63%|██████▎   | 292/460 [01:04<00:41,  4.08it/s]
Epoch 4/30 [Train]:  64%|██████▎   | 293/460 [01:04<00:41,  4.07it/s]
Epoch 4/30 [Train]:  64%|██████▍   | 294/460 [01:04<00:40,  4.10it/s]
Epoch 4/30 [Train]:  64%|██████▍   | 295/460 [01:04<00:40,  4.08it/s]
Epoch 4/30 [Train]:  64%|██████▍   | 296/460 [01:05<00:39,  4.10it/s]
Epoch 4/30 [Train]:  65%|██████▍   | 297/460 [01:05<00:40,  4.07it/s]
Epoch 4/30 [Train]:  65%|██████▍   | 298/460 [01:05<00:38,  4.21it/s]
Epoch 4/30 [Train]:  65%|██████▌   | 299/460 [01:05<00:40,  4.00it/s]
Epoch 4/30 [Train]:  65%|██████▌   | 300/460 [01:06<00:40,  3.91it/s]
Epoch 4/30 [Train]:  65%|██████▌   | 301/460 [01:06<00:42,  3.77it/s]
Epoch 4/30 [Train]:  66%|██████▌   | 302/460 [01:06<00:41,  3.79it/s]
Epoch 4/30 [Train]:  66%|██████▌   | 303/460 [01:06<00:40,  3.90it/s]
Epoch 4/30 [Train]:  66%|██████▌   | 304/460 [01:07<00:39,  3.98it/s]
Epoch 4/30 [Train]:  66%|██████▋   | 305/460 [01:07<00:39,  3.96it/s]
Epoch 4/30 [Train]:  67%|██████▋   | 306/460 [01:07<00:38,  3.99it/s]
Epoch 4/30 [Train]:  67%|██████▋   | 307/460 [01:07<00:37,  4.03it/s]
Epoch 4/30 [Train]:  67%|██████▋   | 308/460 [01:08<00:37,  4.10it/s]
Epoch 4/30 [Train]:  67%|██████▋   | 309/460 [01:08<00:36,  4.11it/s]
Epoch 4/30 [Train]:  67%|██████▋   | 310/460 [01:08<00:36,  4.16it/s]
Epoch 4/30 [Train]:  68%|██████▊   | 311/460 [01:08<00:35,  4.19it/s]
Epoch 4/30 [Train]:  68%|██████▊   | 312/460 [01:08<00:34,  4.23it/s]
Epoch 4/30 [Train]:  68%|██████▊   | 313/460 [01:09<00:34,  4.25it/s]
Epoch 4/30 [Train]:  68%|██████▊   | 314/460 [01:09<00:37,  3.93it/s]
Epoch 4/30 [Train]:  68%|██████▊   | 315/460 [01:09<00:36,  3.94it/s]
Epoch 4/30 [Train]:  69%|██████▊   | 316/460 [01:09<00:36,  3.99it/s]
Epoch 4/30 [Train]:  69%|██████▉   | 317/460 [01:10<00:35,  3.98it/s]
Epoch 4/30 [Train]:  69%|██████▉   | 318/460 [01:10<00:35,  3.96it/s]
Epoch 4/30 [Train]:  69%|██████▉   | 319/460 [01:10<00:35,  4.01it/s]
Epoch 4/30 [Train]:  70%|██████▉   | 320/460 [01:11<00:35,  3.99it/s]
Epoch 4/30 [Train]:  70%|██████▉   | 321/460 [01:11<00:34,  4.04it/s]
Epoch 4/30 [Train]:  70%|███████   | 322/460 [01:11<00:34,  4.05it/s]
Epoch 4/30 [Train]:  70%|███████   | 323/460 [01:11<00:32,  4.16it/s]
Epoch 4/30 [Train]:  70%|███████   | 324/460 [01:11<00:32,  4.17it/s]
Epoch 4/30 [Train]:  71%|███████   | 325/460 [01:12<00:32,  4.15it/s]
Epoch 4/30 [Train]:  71%|███████   | 326/460 [01:12<00:32,  4.07it/s]
Epoch 4/30 [Train]:  71%|███████   | 327/460 [01:12<00:32,  4.10it/s]
Epoch 4/30 [Train]:  71%|███████▏  | 328/460 [01:12<00:31,  4.16it/s]
Epoch 4/30 [Train]:  72%|███████▏  | 329/460 [01:13<00:31,  4.17it/s]
Epoch 4/30 [Train]:  72%|███████▏  | 330/460 [01:13<00:30,  4.19it/s]
Epoch 4/30 [Train]:  72%|███████▏  | 331/460 [01:13<00:30,  4.25it/s]
Epoch 4/30 [Train]:  72%|███████▏  | 332/460 [01:13<00:30,  4.17it/s]
Epoch 4/30 [Train]:  72%|███████▏  | 333/460 [01:14<00:30,  4.14it/s]
Epoch 4/30 [Train]:  73%|███████▎  | 334/460 [01:14<00:31,  3.94it/s]
Epoch 4/30 [Train]:  73%|███████▎  | 335/460 [01:14<00:32,  3.85it/s]
Epoch 4/30 [Train]:  73%|███████▎  | 336/460 [01:14<00:31,  3.90it/s]
Epoch 4/30 [Train]:  73%|███████▎  | 337/460 [01:15<00:31,  3.93it/s]
Epoch 4/30 [Train]:  73%|███████▎  | 338/460 [01:15<00:32,  3.76it/s]
Epoch 4/30 [Train]:  74%|███████▎  | 339/460 [01:15<00:31,  3.85it/s]
Epoch 4/30 [Train]:  74%|███████▍  | 340/460 [01:15<00:30,  3.92it/s]
Epoch 4/30 [Train]:  74%|███████▍  | 341/460 [01:16<00:29,  4.07it/s]
Epoch 4/30 [Train]:  74%|███████▍  | 342/460 [01:16<00:29,  4.04it/s]
Epoch 4/30 [Train]:  75%|███████▍  | 343/460 [01:16<00:30,  3.83it/s]
Epoch 4/30 [Train]:  75%|███████▍  | 344/460 [01:16<00:29,  3.93it/s]
Epoch 4/30 [Train]:  75%|███████▌  | 345/460 [01:17<00:29,  3.90it/s]
Epoch 4/30 [Train]:  75%|███████▌  | 346/460 [01:17<00:28,  3.96it/s]
Epoch 4/30 [Train]:  75%|███████▌  | 347/460 [01:17<00:28,  3.92it/s]
Epoch 4/30 [Train]:  76%|███████▌  | 348/460 [01:17<00:28,  3.91it/s]
Epoch 4/30 [Train]:  76%|███████▌  | 349/460 [01:18<00:28,  3.93it/s]
Epoch 4/30 [Train]:  76%|███████▌  | 350/460 [01:18<00:28,  3.90it/s]
Epoch 4/30 [Train]:  76%|███████▋  | 351/460 [01:18<00:27,  3.92it/s]
Epoch 4/30 [Train]:  77%|███████▋  | 352/460 [01:19<00:28,  3.82it/s]
Epoch 4/30 [Train]:  77%|███████▋  | 353/460 [01:19<00:27,  3.92it/s]
Epoch 4/30 [Train]:  77%|███████▋  | 354/460 [01:19<00:26,  3.98it/s]
Epoch 4/30 [Train]:  77%|███████▋  | 355/460 [01:19<00:25,  4.07it/s]
Epoch 4/30 [Train]:  77%|███████▋  | 356/460 [01:19<00:25,  4.12it/s]
Epoch 4/30 [Train]:  78%|███████▊  | 357/460 [01:20<00:24,  4.18it/s]
Epoch 4/30 [Train]:  78%|███████▊  | 358/460 [01:20<00:24,  4.13it/s]
Epoch 4/30 [Train]:  78%|███████▊  | 359/460 [01:20<00:24,  4.09it/s]
Epoch 4/30 [Train]:  78%|███████▊  | 360/460 [01:20<00:24,  4.09it/s]
Epoch 4/30 [Train]:  78%|███████▊  | 361/460 [01:21<00:24,  4.10it/s]
Epoch 4/30 [Train]:  79%|███████▊  | 362/460 [01:21<00:24,  4.04it/s]
Epoch 4/30 [Train]:  79%|███████▉  | 363/460 [01:21<00:24,  4.02it/s]
Epoch 4/30 [Train]:  79%|███████▉  | 364/460 [01:21<00:23,  4.17it/s]
Epoch 4/30 [Train]:  79%|███████▉  | 365/460 [01:22<00:23,  4.11it/s]
Epoch 4/30 [Train]:  80%|███████▉  | 366/460 [01:22<00:22,  4.11it/s]
Epoch 4/30 [Train]:  80%|███████▉  | 367/460 [01:22<00:22,  4.09it/s]
Epoch 4/30 [Train]:  80%|████████  | 368/460 [01:22<00:21,  4.22it/s]
Epoch 4/30 [Train]:  80%|████████  | 369/460 [01:23<00:21,  4.25it/s]
Epoch 4/30 [Train]:  80%|████████  | 370/460 [01:23<00:21,  4.24it/s]
Epoch 4/30 [Train]:  81%|████████  | 371/460 [01:23<00:20,  4.25it/s]
Epoch 4/30 [Train]:  81%|████████  | 372/460 [01:23<00:20,  4.24it/s]
Epoch 4/30 [Train]:  81%|████████  | 373/460 [01:24<00:20,  4.21it/s]
Epoch 4/30 [Train]:  81%|████████▏ | 374/460 [01:24<00:20,  4.17it/s]
Epoch 4/30 [Train]:  82%|████████▏ | 375/460 [01:24<00:20,  4.05it/s]
Epoch 4/30 [Train]:  82%|████████▏ | 376/460 [01:24<00:21,  3.99it/s]
Epoch 4/30 [Train]:  82%|████████▏ | 377/460 [01:25<00:20,  4.01it/s]
Epoch 4/30 [Train]:  82%|████████▏ | 378/460 [01:25<00:20,  4.01it/s]
Epoch 4/30 [Train]:  82%|████████▏ | 379/460 [01:25<00:20,  3.98it/s]
Epoch 4/30 [Train]:  83%|████████▎ | 380/460 [01:25<00:20,  3.97it/s]
Epoch 4/30 [Train]:  83%|████████▎ | 381/460 [01:26<00:20,  3.94it/s]
Epoch 4/30 [Train]:  83%|████████▎ | 382/460 [01:26<00:19,  4.03it/s]
Epoch 4/30 [Train]:  83%|████████▎ | 383/460 [01:26<00:18,  4.10it/s]
Epoch 4/30 [Train]:  83%|████████▎ | 384/460 [01:26<00:18,  4.15it/s]
Epoch 4/30 [Train]:  84%|████████▎ | 385/460 [01:27<00:17,  4.19it/s]
Epoch 4/30 [Train]:  84%|████████▍ | 386/460 [01:27<00:16,  4.37it/s]
Epoch 4/30 [Train]:  84%|████████▍ | 387/460 [01:27<00:17,  4.29it/s]
Epoch 4/30 [Train]:  84%|████████▍ | 388/460 [01:27<00:17,  4.14it/s]
Epoch 4/30 [Train]:  85%|████████▍ | 389/460 [01:27<00:17,  4.14it/s]
Epoch 4/30 [Train]:  85%|████████▍ | 390/460 [01:28<00:17,  4.11it/s]
Epoch 4/30 [Train]:  85%|████████▌ | 391/460 [01:28<00:16,  4.08it/s]
Epoch 4/30 [Train]:  85%|████████▌ | 392/460 [01:28<00:16,  4.08it/s]
Epoch 4/30 [Train]:  85%|████████▌ | 393/460 [01:28<00:16,  4.06it/s]
Epoch 4/30 [Train]:  86%|████████▌ | 394/460 [01:29<00:16,  4.10it/s]
Epoch 4/30 [Train]:  86%|████████▌ | 395/460 [01:29<00:16,  4.06it/s]
Epoch 4/30 [Train]:  86%|████████▌ | 396/460 [01:29<00:15,  4.00it/s]
Epoch 4/30 [Train]:  86%|████████▋ | 397/460 [01:29<00:15,  3.99it/s]
Epoch 4/30 [Train]:  87%|████████▋ | 398/460 [01:30<00:15,  3.97it/s]
Epoch 4/30 [Train]:  87%|████████▋ | 399/460 [01:30<00:14,  4.08it/s]
Epoch 4/30 [Train]:  87%|████████▋ | 400/460 [01:30<00:14,  4.13it/s]
Epoch 4/30 [Train]:  87%|████████▋ | 401/460 [01:30<00:13,  4.22it/s]
Epoch 4/30 [Train]:  87%|████████▋ | 402/460 [01:31<00:13,  4.40it/s]
Epoch 4/30 [Train]:  88%|████████▊ | 403/460 [01:31<00:13,  4.35it/s]
Epoch 4/30 [Train]:  88%|████████▊ | 404/460 [01:31<00:13,  4.30it/s]
Epoch 4/30 [Train]:  88%|████████▊ | 405/460 [01:31<00:12,  4.28it/s]
Epoch 4/30 [Train]:  88%|████████▊ | 406/460 [01:32<00:12,  4.37it/s]
Epoch 4/30 [Train]:  88%|████████▊ | 407/460 [01:32<00:12,  4.35it/s]
Epoch 4/30 [Train]:  89%|████████▊ | 408/460 [01:32<00:12,  4.30it/s]
Epoch 4/30 [Train]:  89%|████████▉ | 409/460 [01:32<00:11,  4.28it/s]
Epoch 4/30 [Train]:  89%|████████▉ | 410/460 [01:32<00:11,  4.30it/s]
Epoch 4/30 [Train]:  89%|████████▉ | 411/460 [01:33<00:11,  4.38it/s]
Epoch 4/30 [Train]:  90%|████████▉ | 412/460 [01:33<00:11,  4.31it/s]
Epoch 4/30 [Train]:  90%|████████▉ | 413/460 [01:33<00:10,  4.35it/s]
Epoch 4/30 [Train]:  90%|█████████ | 414/460 [01:33<00:10,  4.44it/s]
Epoch 4/30 [Train]:  90%|█████████ | 415/460 [01:34<00:10,  4.35it/s]
Epoch 4/30 [Train]:  90%|█████████ | 416/460 [01:34<00:10,  4.26it/s]
Epoch 4/30 [Train]:  91%|█████████ | 417/460 [01:34<00:09,  4.37it/s]
Epoch 4/30 [Train]:  91%|█████████ | 418/460 [01:34<00:09,  4.31it/s]
Epoch 4/30 [Train]:  91%|█████████ | 419/460 [01:35<00:09,  4.28it/s]
Epoch 4/30 [Train]:  91%|█████████▏| 420/460 [01:35<00:09,  4.29it/s]
Epoch 4/30 [Train]:  92%|█████████▏| 421/460 [01:35<00:09,  3.92it/s]
Epoch 4/30 [Train]:  92%|█████████▏| 422/460 [01:35<00:09,  3.92it/s]
Epoch 4/30 [Train]:  92%|█████████▏| 423/460 [01:36<00:09,  3.99it/s]
Epoch 4/30 [Train]:  92%|█████████▏| 424/460 [01:36<00:09,  3.98it/s]
Epoch 4/30 [Train]:  92%|█████████▏| 425/460 [01:36<00:08,  4.02it/s]
Epoch 4/30 [Train]:  93%|█████████▎| 426/460 [01:36<00:08,  4.01it/s]
Epoch 4/30 [Train]:  93%|█████████▎| 427/460 [01:37<00:08,  3.98it/s]
Epoch 4/30 [Train]:  93%|█████████▎| 428/460 [01:37<00:07,  4.10it/s]
Epoch 4/30 [Train]:  93%|█████████▎| 429/460 [01:37<00:07,  4.02it/s]
Epoch 4/30 [Train]:  93%|█████████▎| 430/460 [01:37<00:07,  4.08it/s]
Epoch 4/30 [Train]:  94%|█████████▎| 431/460 [01:38<00:07,  4.12it/s]
Epoch 4/30 [Train]:  94%|█████████▍| 432/460 [01:38<00:06,  4.08it/s]
Epoch 4/30 [Train]:  94%|█████████▍| 433/460 [01:38<00:06,  3.99it/s]
Epoch 4/30 [Train]:  94%|█████████▍| 434/460 [01:38<00:06,  4.03it/s]
Epoch 4/30 [Train]:  95%|█████████▍| 435/460 [01:39<00:06,  4.03it/s]
Epoch 4/30 [Train]:  95%|█████████▍| 436/460 [01:39<00:06,  3.97it/s]
Epoch 4/30 [Train]:  95%|█████████▌| 437/460 [01:39<00:05,  3.97it/s]
Epoch 4/30 [Train]:  95%|█████████▌| 438/460 [01:39<00:05,  3.96it/s]
Epoch 4/30 [Train]:  95%|█████████▌| 439/460 [01:40<00:05,  4.01it/s]
Epoch 4/30 [Train]:  96%|█████████▌| 440/460 [01:40<00:04,  4.00it/s]
Epoch 4/30 [Train]:  96%|█████████▌| 441/460 [01:40<00:04,  3.97it/s]
Epoch 4/30 [Train]:  96%|█████████▌| 442/460 [01:40<00:04,  3.96it/s]
Epoch 4/30 [Train]:  96%|█████████▋| 443/460 [01:41<00:04,  3.96it/s]
Epoch 4/30 [Train]:  97%|█████████▋| 444/460 [01:41<00:03,  4.10it/s]
Epoch 4/30 [Train]:  97%|█████████▋| 445/460 [01:41<00:03,  4.00it/s]
Epoch 4/30 [Train]:  97%|█████████▋| 446/460 [01:41<00:03,  4.06it/s]
Epoch 4/30 [Train]:  97%|█████████▋| 447/460 [01:42<00:03,  3.98it/s]
Epoch 4/30 [Train]:  97%|█████████▋| 448/460 [01:42<00:03,  3.99it/s]
Epoch 4/30 [Train]:  98%|█████████▊| 449/460 [01:42<00:02,  3.99it/s]
Epoch 4/30 [Train]:  98%|█████████▊| 450/460 [01:42<00:02,  4.06it/s]
Epoch 4/30 [Train]:  98%|█████████▊| 451/460 [01:43<00:02,  4.07it/s]
Epoch 4/30 [Train]:  98%|█████████▊| 452/460 [01:43<00:01,  4.11it/s]
Epoch 4/30 [Train]:  98%|█████████▊| 453/460 [01:43<00:01,  4.06it/s]
Epoch 4/30 [Train]:  99%|█████████▊| 454/460 [01:43<00:01,  4.24it/s]
Epoch 4/30 [Train]:  99%|█████████▉| 455/460 [01:43<00:01,  4.26it/s]
Epoch 4/30 [Train]:  99%|█████████▉| 456/460 [01:44<00:00,  4.21it/s]
Epoch 4/30 [Train]:  99%|█████████▉| 457/460 [01:44<00:00,  4.22it/s]
Epoch 4/30 [Train]: 100%|█████████▉| 458/460 [01:44<00:00,  4.28it/s]
Epoch 4/30 [Train]: 100%|█████████▉| 459/460 [01:44<00:00,  4.41it/s]
Epoch 4/30 [Train]: 100%|██████████| 460/460 [01:45<00:00,  4.55it/s]
                                                                     

Epoch 5/30 [Train]:   0%|          | 0/460 [00:00<?, ?it/s]
Epoch 5/30 [Train]:   0%|          | 1/460 [00:00<01:47,  4.27it/s]
Epoch 5/30 [Train]:   0%|          | 2/460 [00:00<01:47,  4.25it/s]
Epoch 5/30 [Train]:   1%|          | 3/460 [00:00<01:46,  4.31it/s]
Epoch 5/30 [Train]:   1%|          | 4/460 [00:00<01:50,  4.13it/s]
Epoch 5/30 [Train]:   1%|          | 5/460 [00:01<01:43,  4.42it/s]
Epoch 5/30 [Train]:   1%|▏         | 6/460 [00:01<01:44,  4.34it/s]
Epoch 5/30 [Train]:   2%|▏         | 7/460 [00:01<01:47,  4.19it/s]
Epoch 5/30 [Train]:   2%|▏         | 8/460 [00:01<01:44,  4.34it/s]
Epoch 5/30 [Train]:   2%|▏         | 9/460 [00:02<01:44,  4.33it/s]
Epoch 5/30 [Train]:   2%|▏         | 10/460 [00:02<01:44,  4.30it/s]
Epoch 5/30 [Train]:   2%|▏         | 11/460 [00:02<01:44,  4.29it/s]
Epoch 5/30 [Train]:   3%|▎         | 12/460 [00:02<01:42,  4.37it/s]
Epoch 5/30 [Train]:   3%|▎         | 13/460 [00:03<01:45,  4.25it/s]
Epoch 5/30 [Train]:   3%|▎         | 14/460 [00:03<01:46,  4.17it/s]
Epoch 5/30 [Train]:   3%|▎         | 15/460 [00:03<01:48,  4.10it/s]
Epoch 5/30 [Train]:   3%|▎         | 16/460 [00:03<01:47,  4.12it/s]
Epoch 5/30 [Train]:   4%|▎         | 17/460 [00:04<01:46,  4.15it/s]
Epoch 5/30 [Train]:   4%|▍         | 18/460 [00:04<01:48,  4.09it/s]
Epoch 5/30 [Train]:   4%|▍         | 19/460 [00:04<01:46,  4.16it/s]
Epoch 5/30 [Train]:   4%|▍         | 20/460 [00:04<01:43,  4.23it/s]
Epoch 5/30 [Train]:   5%|▍         | 21/460 [00:04<01:45,  4.17it/s]
Epoch 5/30 [Train]:   5%|▍         | 22/460 [00:05<01:44,  4.17it/s]
Epoch 5/30 [Train]:   5%|▌         | 23/460 [00:05<01:43,  4.20it/s]
Epoch 5/30 [Train]:   5%|▌         | 24/460 [00:05<01:43,  4.20it/s]
Epoch 5/30 [Train]:   5%|▌         | 25/460 [00:05<01:42,  4.23it/s]
Epoch 5/30 [Train]:   6%|▌         | 26/460 [00:06<01:42,  4.22it/s]
Epoch 5/30 [Train]:   6%|▌         | 27/460 [00:06<01:40,  4.32it/s]
Epoch 5/30 [Train]:   6%|▌         | 28/460 [00:06<01:40,  4.31it/s]
Epoch 5/30 [Train]:   6%|▋         | 29/460 [00:06<01:41,  4.26it/s]
Epoch 5/30 [Train]:   7%|▋         | 30/460 [00:07<01:43,  4.16it/s]
Epoch 5/30 [Train]:   7%|▋         | 31/460 [00:07<01:44,  4.09it/s]
Epoch 5/30 [Train]:   7%|▋         | 32/460 [00:07<01:47,  3.98it/s]
Epoch 5/30 [Train]:   7%|▋         | 33/460 [00:07<01:46,  4.00it/s]
Epoch 5/30 [Train]:   7%|▋         | 34/460 [00:08<01:42,  4.17it/s]
Epoch 5/30 [Train]:   8%|▊         | 35/460 [00:08<01:41,  4.18it/s]
Epoch 5/30 [Train]:   8%|▊         | 36/460 [00:08<01:41,  4.16it/s]
Epoch 5/30 [Train]:   8%|▊         | 37/460 [00:08<01:38,  4.29it/s]
Epoch 5/30 [Train]:   8%|▊         | 38/460 [00:09<01:39,  4.24it/s]
Epoch 5/30 [Train]:   8%|▊         | 39/460 [00:09<01:40,  4.19it/s]
Epoch 5/30 [Train]:   9%|▊         | 40/460 [00:09<01:40,  4.19it/s]
Epoch 5/30 [Train]:   9%|▉         | 41/460 [00:09<01:39,  4.20it/s]
Epoch 5/30 [Train]:   9%|▉         | 42/460 [00:09<01:39,  4.21it/s]
Epoch 5/30 [Train]:   9%|▉         | 43/460 [00:10<01:39,  4.19it/s]
Epoch 5/30 [Train]:  10%|▉         | 44/460 [00:10<01:38,  4.21it/s]
Epoch 5/30 [Train]:  10%|▉         | 45/460 [00:10<01:38,  4.20it/s]
Epoch 5/30 [Train]:  10%|█         | 46/460 [00:10<01:39,  4.17it/s]
Epoch 5/30 [Train]:  10%|█         | 47/460 [00:11<01:40,  4.13it/s]
Epoch 5/30 [Train]:  10%|█         | 48/460 [00:11<01:41,  4.05it/s]
Epoch 5/30 [Train]:  11%|█         | 49/460 [00:11<01:41,  4.06it/s]
Epoch 5/30 [Train]:  11%|█         | 50/460 [00:11<01:41,  4.04it/s]
Epoch 5/30 [Train]:  11%|█         | 51/460 [00:12<01:37,  4.21it/s]
Epoch 5/30 [Train]:  11%|█▏        | 52/460 [00:12<01:33,  4.36it/s]
Epoch 5/30 [Train]:  12%|█▏        | 53/460 [00:12<01:36,  4.24it/s]
Epoch 5/30 [Train]:  12%|█▏        | 54/460 [00:12<01:36,  4.21it/s]
Epoch 5/30 [Train]:  12%|█▏        | 55/460 [00:13<01:36,  4.19it/s]
Epoch 5/30 [Train]:  12%|█▏        | 56/460 [00:13<01:37,  4.13it/s]
Epoch 5/30 [Train]:  12%|█▏        | 57/460 [00:13<01:38,  4.11it/s]
Epoch 5/30 [Train]:  13%|█▎        | 58/460 [00:13<01:37,  4.13it/s]
Epoch 5/30 [Train]:  13%|█▎        | 59/460 [00:14<01:38,  4.08it/s]
Epoch 5/30 [Train]:  13%|█▎        | 60/460 [00:14<01:36,  4.13it/s]
Epoch 5/30 [Train]:  13%|█▎        | 61/460 [00:14<01:33,  4.27it/s]
Epoch 5/30 [Train]:  13%|█▎        | 62/460 [00:14<01:35,  4.18it/s]
Epoch 5/30 [Train]:  14%|█▎        | 63/460 [00:15<01:35,  4.16it/s]
Epoch 5/30 [Train]:  14%|█▍        | 64/460 [00:15<01:35,  4.13it/s]
Epoch 5/30 [Train]:  14%|█▍        | 65/460 [00:15<01:36,  4.11it/s]
Epoch 5/30 [Train]:  14%|█▍        | 66/460 [00:15<01:36,  4.06it/s]
Epoch 5/30 [Train]:  15%|█▍        | 67/460 [00:16<01:35,  4.10it/s]
Epoch 5/30 [Train]:  15%|█▍        | 68/460 [00:16<01:36,  4.07it/s]
Epoch 5/30 [Train]:  15%|█▌        | 69/460 [00:16<01:36,  4.07it/s]
Epoch 5/30 [Train]:  15%|█▌        | 70/460 [00:16<01:34,  4.11it/s]
Epoch 5/30 [Train]:  15%|█▌        | 71/460 [00:17<01:36,  4.04it/s]
Epoch 5/30 [Train]:  16%|█▌        | 72/460 [00:17<01:36,  4.02it/s]
Epoch 5/30 [Train]:  16%|█▌        | 73/460 [00:17<01:35,  4.07it/s]
Epoch 5/30 [Train]:  16%|█▌        | 74/460 [00:17<01:32,  4.16it/s]
Epoch 5/30 [Train]:  16%|█▋        | 75/460 [00:17<01:33,  4.11it/s]
Epoch 5/30 [Train]:  17%|█▋        | 76/460 [00:18<01:33,  4.13it/s]
Epoch 5/30 [Train]:  17%|█▋        | 77/460 [00:18<01:33,  4.12it/s]
Epoch 5/30 [Train]:  17%|█▋        | 78/460 [00:18<01:33,  4.07it/s]
Epoch 5/30 [Train]:  17%|█▋        | 79/460 [00:18<01:34,  4.03it/s]
Epoch 5/30 [Train]:  17%|█▋        | 80/460 [00:19<01:35,  3.98it/s]
Epoch 5/30 [Train]:  18%|█▊        | 81/460 [00:19<01:34,  3.99it/s]
Epoch 5/30 [Train]:  18%|█▊        | 82/460 [00:19<01:34,  3.98it/s]
Epoch 5/30 [Train]:  18%|█▊        | 83/460 [00:19<01:34,  3.97it/s]
Epoch 5/30 [Train]:  18%|█▊        | 84/460 [00:20<01:34,  3.99it/s]
Epoch 5/30 [Train]:  18%|█▊        | 85/460 [00:20<01:34,  3.99it/s]
Epoch 5/30 [Train]:  19%|█▊        | 86/460 [00:20<01:34,  3.98it/s]
Epoch 5/30 [Train]:  19%|█▉        | 87/460 [00:20<01:33,  3.98it/s]
Epoch 5/30 [Train]:  19%|█▉        | 88/460 [00:21<01:33,  3.98it/s]
Epoch 5/30 [Train]:  19%|█▉        | 89/460 [00:21<01:33,  3.98it/s]
Epoch 5/30 [Train]:  20%|█▉        | 90/460 [00:21<01:31,  4.04it/s]
Epoch 5/30 [Train]:  20%|█▉        | 91/460 [00:21<01:31,  4.04it/s]
Epoch 5/30 [Train]:  20%|██        | 92/460 [00:22<01:30,  4.07it/s]
Epoch 5/30 [Train]:  20%|██        | 93/460 [00:22<01:30,  4.06it/s]
Epoch 5/30 [Train]:  20%|██        | 94/460 [00:22<01:31,  4.01it/s]
Epoch 5/30 [Train]:  21%|██        | 95/460 [00:22<01:30,  4.03it/s]
Epoch 5/30 [Train]:  21%|██        | 96/460 [00:23<01:31,  3.98it/s]
Epoch 5/30 [Train]:  21%|██        | 97/460 [00:23<01:32,  3.93it/s]
Epoch 5/30 [Train]:  21%|██▏       | 98/460 [00:23<01:32,  3.90it/s]
Epoch 5/30 [Train]:  22%|██▏       | 99/460 [00:23<01:32,  3.92it/s]
Epoch 5/30 [Train]:  22%|██▏       | 100/460 [00:24<01:31,  3.95it/s]
Epoch 5/30 [Train]:  22%|██▏       | 101/460 [00:24<01:28,  4.07it/s]
Epoch 5/30 [Train]:  22%|██▏       | 102/460 [00:24<01:25,  4.19it/s]
Epoch 5/30 [Train]:  22%|██▏       | 103/460 [00:24<01:23,  4.28it/s]
Epoch 5/30 [Train]:  23%|██▎       | 104/460 [00:25<01:24,  4.19it/s]
Epoch 5/30 [Train]:  23%|██▎       | 105/460 [00:25<01:26,  4.12it/s]
Epoch 5/30 [Train]:  23%|██▎       | 106/460 [00:25<01:26,  4.09it/s]
Epoch 5/30 [Train]:  23%|██▎       | 107/460 [00:25<01:27,  4.03it/s]
Epoch 5/30 [Train]:  23%|██▎       | 108/460 [00:26<01:27,  4.02it/s]
Epoch 5/30 [Train]:  24%|██▎       | 109/460 [00:26<01:25,  4.10it/s]
Epoch 5/30 [Train]:  24%|██▍       | 110/460 [00:26<01:26,  4.05it/s]
Epoch 5/30 [Train]:  24%|██▍       | 111/460 [00:26<01:25,  4.07it/s]
Epoch 5/30 [Train]:  24%|██▍       | 112/460 [00:27<01:26,  4.04it/s]
Epoch 5/30 [Train]:  25%|██▍       | 113/460 [00:27<01:26,  4.01it/s]
Epoch 5/30 [Train]:  25%|██▍       | 114/460 [00:27<01:26,  4.02it/s]
Epoch 5/30 [Train]:  25%|██▌       | 115/460 [00:27<01:26,  4.00it/s]
Epoch 5/30 [Train]:  25%|██▌       | 116/460 [00:28<01:26,  3.98it/s]
Epoch 5/30 [Train]:  25%|██▌       | 117/460 [00:28<01:26,  3.94it/s]
Epoch 5/30 [Train]:  26%|██▌       | 118/460 [00:28<01:26,  3.93it/s]
Epoch 5/30 [Train]:  26%|██▌       | 119/460 [00:28<01:26,  3.95it/s]
Epoch 5/30 [Train]:  26%|██▌       | 120/460 [00:29<01:25,  3.97it/s]
Epoch 5/30 [Train]:  26%|██▋       | 121/460 [00:29<01:21,  4.17it/s]
Epoch 5/30 [Train]:  27%|██▋       | 122/460 [00:29<01:20,  4.20it/s]
Epoch 5/30 [Train]:  27%|██▋       | 123/460 [00:29<01:20,  4.17it/s]
Epoch 5/30 [Train]:  27%|██▋       | 124/460 [00:30<01:21,  4.11it/s]
Epoch 5/30 [Train]:  27%|██▋       | 125/460 [00:30<01:22,  4.06it/s]
Epoch 5/30 [Train]:  27%|██▋       | 126/460 [00:30<01:22,  4.05it/s]
Epoch 5/30 [Train]:  28%|██▊       | 127/460 [00:30<01:23,  3.98it/s]
Epoch 5/30 [Train]:  28%|██▊       | 128/460 [00:31<01:23,  3.96it/s]
Epoch 5/30 [Train]:  28%|██▊       | 129/460 [00:31<01:23,  3.96it/s]
Epoch 5/30 [Train]:  28%|██▊       | 130/460 [00:31<01:21,  4.06it/s]
Epoch 5/30 [Train]:  28%|██▊       | 131/460 [00:31<01:22,  4.01it/s]
Epoch 5/30 [Train]:  29%|██▊       | 132/460 [00:32<01:21,  4.01it/s]
Epoch 5/30 [Train]:  29%|██▉       | 133/460 [00:32<01:22,  3.98it/s]
Epoch 5/30 [Train]:  29%|██▉       | 134/460 [00:32<01:19,  4.12it/s]
Epoch 5/30 [Train]:  29%|██▉       | 135/460 [00:32<01:20,  4.05it/s]
Epoch 5/30 [Train]:  30%|██▉       | 136/460 [00:33<01:20,  4.02it/s]
Epoch 5/30 [Train]:  30%|██▉       | 137/460 [00:33<01:20,  4.01it/s]
Epoch 5/30 [Train]:  30%|███       | 138/460 [00:33<01:19,  4.05it/s]
Epoch 5/30 [Train]:  30%|███       | 139/460 [00:33<01:20,  4.00it/s]
Epoch 5/30 [Train]:  30%|███       | 140/460 [00:34<01:19,  4.02it/s]
Epoch 5/30 [Train]:  31%|███       | 141/460 [00:34<01:18,  4.08it/s]
Epoch 5/30 [Train]:  31%|███       | 142/460 [00:34<01:18,  4.05it/s]
Epoch 5/30 [Train]:  31%|███       | 143/460 [00:34<01:17,  4.11it/s]
Epoch 5/30 [Train]:  31%|███▏      | 144/460 [00:35<01:17,  4.05it/s]
Epoch 5/30 [Train]:  32%|███▏      | 145/460 [00:35<01:18,  4.04it/s]
Epoch 5/30 [Train]:  32%|███▏      | 146/460 [00:35<01:17,  4.03it/s]
Epoch 5/30 [Train]:  32%|███▏      | 147/460 [00:35<01:17,  4.02it/s]
Epoch 5/30 [Train]:  32%|███▏      | 148/460 [00:36<01:17,  4.02it/s]
Epoch 5/30 [Train]:  32%|███▏      | 149/460 [00:36<01:17,  4.04it/s]
Epoch 5/30 [Train]:  33%|███▎      | 150/460 [00:36<01:17,  4.03it/s]
Epoch 5/30 [Train]:  33%|███▎      | 151/460 [00:36<01:16,  4.06it/s]
Epoch 5/30 [Train]:  33%|███▎      | 152/460 [00:37<01:15,  4.10it/s]
Epoch 5/30 [Train]:  33%|███▎      | 153/460 [00:37<01:14,  4.09it/s]
Epoch 5/30 [Train]:  33%|███▎      | 154/460 [00:37<01:15,  4.05it/s]
Epoch 5/30 [Train]:  34%|███▎      | 155/460 [00:37<01:16,  4.01it/s]
Epoch 5/30 [Train]:  34%|███▍      | 156/460 [00:38<01:15,  4.05it/s]
Epoch 5/30 [Train]:  34%|███▍      | 157/460 [00:38<01:14,  4.08it/s]
Epoch 5/30 [Train]:  34%|███▍      | 158/460 [00:38<01:14,  4.07it/s]
Epoch 5/30 [Train]:  35%|███▍      | 159/460 [00:38<01:14,  4.02it/s]
Epoch 5/30 [Train]:  35%|███▍      | 160/460 [00:39<01:14,  4.01it/s]
Epoch 5/30 [Train]:  35%|███▌      | 161/460 [00:39<01:23,  3.57it/s]
Epoch 5/30 [Train]:  35%|███▌      | 162/460 [00:39<01:20,  3.69it/s]
Epoch 5/30 [Train]:  35%|███▌      | 163/460 [00:39<01:18,  3.79it/s]
Epoch 5/30 [Train]:  36%|███▌      | 164/460 [00:40<01:15,  3.91it/s]
Epoch 5/30 [Train]:  36%|███▌      | 165/460 [00:40<01:13,  4.00it/s]
Epoch 5/30 [Train]:  36%|███▌      | 166/460 [00:40<01:13,  4.02it/s]
Epoch 5/30 [Train]:  36%|███▋      | 167/460 [00:40<01:12,  4.02it/s]
Epoch 5/30 [Train]:  37%|███▋      | 168/460 [00:41<01:12,  4.02it/s]
Epoch 5/30 [Train]:  37%|███▋      | 169/460 [00:41<01:12,  3.99it/s]
Epoch 5/30 [Train]:  37%|███▋      | 170/460 [00:41<01:12,  4.02it/s]
Epoch 5/30 [Train]:  37%|███▋      | 171/460 [00:41<01:12,  4.00it/s]
Epoch 5/30 [Train]:  37%|███▋      | 172/460 [00:42<01:12,  3.99it/s]
Epoch 5/30 [Train]:  38%|███▊      | 173/460 [00:42<01:12,  3.95it/s]
Epoch 5/30 [Train]:  38%|███▊      | 174/460 [00:42<01:12,  3.95it/s]
Epoch 5/30 [Train]:  38%|███▊      | 175/460 [00:42<01:12,  3.95it/s]
Epoch 5/30 [Train]:  38%|███▊      | 176/460 [00:43<01:12,  3.91it/s]
Epoch 5/30 [Train]:  38%|███▊      | 177/460 [00:43<01:12,  3.90it/s]
Epoch 5/30 [Train]:  39%|███▊      | 178/460 [00:43<01:12,  3.89it/s]
Epoch 5/30 [Train]:  39%|███▉      | 179/460 [00:43<01:10,  3.99it/s]
Epoch 5/30 [Train]:  39%|███▉      | 180/460 [00:44<01:09,  4.04it/s]
Epoch 5/30 [Train]:  39%|███▉      | 181/460 [00:44<01:09,  4.01it/s]
Epoch 5/30 [Train]:  40%|███▉      | 182/460 [00:44<01:08,  4.04it/s]
Epoch 5/30 [Train]:  40%|███▉      | 183/460 [00:44<01:08,  4.02it/s]
Epoch 5/30 [Train]:  40%|████      | 184/460 [00:45<01:08,  4.01it/s]
Epoch 5/30 [Train]:  40%|████      | 185/460 [00:45<01:07,  4.07it/s]
Epoch 5/30 [Train]:  40%|████      | 186/460 [00:45<01:07,  4.07it/s]
Epoch 5/30 [Train]:  41%|████      | 187/460 [00:45<01:07,  4.03it/s]
Epoch 5/30 [Train]:  41%|████      | 188/460 [00:46<01:06,  4.06it/s]
Epoch 5/30 [Train]:  41%|████      | 189/460 [00:46<01:06,  4.08it/s]
Epoch 5/30 [Train]:  41%|████▏     | 190/460 [00:46<01:05,  4.13it/s]
Epoch 5/30 [Train]:  42%|████▏     | 191/460 [00:46<01:06,  4.07it/s]
Epoch 5/30 [Train]:  42%|████▏     | 192/460 [00:47<01:06,  4.02it/s]
Epoch 5/30 [Train]:  42%|████▏     | 193/460 [00:47<01:07,  3.97it/s]
Epoch 5/30 [Train]:  42%|████▏     | 194/460 [00:47<01:07,  3.95it/s]
Epoch 5/30 [Train]:  42%|████▏     | 195/460 [00:47<01:05,  4.03it/s]
Epoch 5/30 [Train]:  43%|████▎     | 196/460 [00:48<01:06,  4.00it/s]
Epoch 5/30 [Train]:  43%|████▎     | 197/460 [00:48<01:03,  4.12it/s]
Epoch 5/30 [Train]:  43%|████▎     | 198/460 [00:48<01:02,  4.21it/s]
Epoch 5/30 [Train]:  43%|████▎     | 199/460 [00:48<01:01,  4.22it/s]
Epoch 5/30 [Train]:  43%|████▎     | 200/460 [00:49<01:01,  4.20it/s]
Epoch 5/30 [Train]:  44%|████▎     | 201/460 [00:49<01:01,  4.21it/s]
Epoch 5/30 [Train]:  44%|████▍     | 202/460 [00:49<01:01,  4.17it/s]
Epoch 5/30 [Train]:  44%|████▍     | 203/460 [00:49<01:01,  4.21it/s]
Epoch 5/30 [Train]:  44%|████▍     | 204/460 [00:49<01:00,  4.22it/s]
Epoch 5/30 [Train]:  45%|████▍     | 205/460 [00:50<01:00,  4.24it/s]
Epoch 5/30 [Train]:  45%|████▍     | 206/460 [00:50<00:59,  4.24it/s]
Epoch 5/30 [Train]:  45%|████▌     | 207/460 [00:50<01:01,  4.12it/s]
Epoch 5/30 [Train]:  45%|████▌     | 208/460 [00:50<01:01,  4.09it/s]
Epoch 5/30 [Train]:  45%|████▌     | 209/460 [00:51<01:01,  4.09it/s]
Epoch 5/30 [Train]:  46%|████▌     | 210/460 [00:51<01:02,  4.00it/s]
Epoch 5/30 [Train]:  46%|████▌     | 211/460 [00:51<01:02,  3.98it/s]
Epoch 5/30 [Train]:  46%|████▌     | 212/460 [00:51<01:02,  3.99it/s]
Epoch 5/30 [Train]:  46%|████▋     | 213/460 [00:52<01:02,  3.98it/s]
Epoch 5/30 [Train]:  47%|████▋     | 214/460 [00:52<01:01,  3.98it/s]
Epoch 5/30 [Train]:  47%|████▋     | 215/460 [00:52<01:01,  3.97it/s]
Epoch 5/30 [Train]:  47%|████▋     | 216/460 [00:52<01:01,  3.98it/s]
Epoch 5/30 [Train]:  47%|████▋     | 217/460 [00:53<01:00,  3.98it/s]
Epoch 5/30 [Train]:  47%|████▋     | 218/460 [00:53<00:59,  4.05it/s]
Epoch 5/30 [Train]:  48%|████▊     | 219/460 [00:53<01:00,  4.00it/s]
Epoch 5/30 [Train]:  48%|████▊     | 220/460 [00:53<00:59,  4.03it/s]
Epoch 5/30 [Train]:  48%|████▊     | 221/460 [00:54<00:59,  4.00it/s]
Epoch 5/30 [Train]:  48%|████▊     | 222/460 [00:54<00:59,  3.98it/s]
Epoch 5/30 [Train]:  48%|████▊     | 223/460 [00:54<00:59,  3.97it/s]
Epoch 5/30 [Train]:  49%|████▊     | 224/460 [00:54<00:59,  3.93it/s]
Epoch 5/30 [Train]:  49%|████▉     | 225/460 [00:55<01:00,  3.88it/s]
Epoch 5/30 [Train]:  49%|████▉     | 226/460 [00:55<01:00,  3.88it/s]
Epoch 5/30 [Train]:  49%|████▉     | 227/460 [00:55<00:58,  4.00it/s]
Epoch 5/30 [Train]:  50%|████▉     | 228/460 [00:55<00:57,  4.00it/s]
Epoch 5/30 [Train]:  50%|████▉     | 229/460 [00:56<00:57,  4.02it/s]
Epoch 5/30 [Train]:  50%|█████     | 230/460 [00:56<00:58,  3.96it/s]
Epoch 5/30 [Train]:  50%|█████     | 231/460 [00:56<00:56,  4.06it/s]
Epoch 5/30 [Train]:  50%|█████     | 232/460 [00:56<00:56,  4.02it/s]
Epoch 5/30 [Train]:  51%|█████     | 233/460 [00:57<00:56,  4.04it/s]
Epoch 5/30 [Train]:  51%|█████     | 234/460 [00:57<00:56,  4.00it/s]
Epoch 5/30 [Train]:  51%|█████     | 235/460 [00:57<00:56,  3.97it/s]
Epoch 5/30 [Train]:  51%|█████▏    | 236/460 [00:57<00:56,  3.97it/s]
Epoch 5/30 [Train]:  52%|█████▏    | 237/460 [00:58<00:56,  3.94it/s]
Epoch 5/30 [Train]:  52%|█████▏    | 238/460 [00:58<00:56,  3.92it/s]
Epoch 5/30 [Train]:  52%|█████▏    | 239/460 [00:58<00:56,  3.93it/s]
Epoch 5/30 [Train]:  52%|█████▏    | 240/460 [00:59<00:55,  4.00it/s]
Epoch 5/30 [Train]:  52%|█████▏    | 241/460 [00:59<00:53,  4.08it/s]
Epoch 5/30 [Train]:  53%|█████▎    | 242/460 [00:59<00:53,  4.07it/s]
Epoch 5/30 [Train]:  53%|█████▎    | 243/460 [00:59<00:53,  4.06it/s]
Epoch 5/30 [Train]:  53%|█████▎    | 244/460 [00:59<00:53,  4.04it/s]
Epoch 5/30 [Train]:  53%|█████▎    | 245/460 [01:00<00:52,  4.10it/s]
Epoch 5/30 [Train]:  53%|█████▎    | 246/460 [01:00<00:52,  4.07it/s]
Epoch 5/30 [Train]:  54%|█████▎    | 247/460 [01:00<00:51,  4.11it/s]
Epoch 5/30 [Train]:  54%|█████▍    | 248/460 [01:00<00:52,  4.01it/s]
Epoch 5/30 [Train]:  54%|█████▍    | 249/460 [01:01<00:52,  4.00it/s]
Epoch 5/30 [Train]:  54%|█████▍    | 250/460 [01:01<00:52,  3.98it/s]
Epoch 5/30 [Train]:  55%|█████▍    | 251/460 [01:01<00:53,  3.91it/s]
Epoch 5/30 [Train]:  55%|█████▍    | 252/460 [01:01<00:52,  3.93it/s]
Epoch 5/30 [Train]:  55%|█████▌    | 253/460 [01:02<00:51,  4.02it/s]
Epoch 5/30 [Train]:  55%|█████▌    | 254/460 [01:02<00:51,  4.02it/s]
Epoch 5/30 [Train]:  55%|█████▌    | 255/460 [01:02<00:52,  3.93it/s]
Epoch 5/30 [Train]:  56%|█████▌    | 256/460 [01:02<00:51,  3.95it/s]
Epoch 5/30 [Train]:  56%|█████▌    | 257/460 [01:03<00:50,  4.02it/s]
Epoch 5/30 [Train]:  56%|█████▌    | 258/460 [01:03<00:50,  3.99it/s]
Epoch 5/30 [Train]:  56%|█████▋    | 259/460 [01:03<00:50,  3.97it/s]
Epoch 5/30 [Train]:  57%|█████▋    | 260/460 [01:03<00:50,  3.98it/s]
Epoch 5/30 [Train]:  57%|█████▋    | 261/460 [01:04<00:50,  3.94it/s]
Epoch 5/30 [Train]:  57%|█████▋    | 262/460 [01:04<00:49,  3.96it/s]
Epoch 5/30 [Train]:  57%|█████▋    | 263/460 [01:04<00:49,  3.95it/s]
Epoch 5/30 [Train]:  57%|█████▋    | 264/460 [01:05<00:49,  4.00it/s]
Epoch 5/30 [Train]:  58%|█████▊    | 265/460 [01:05<00:48,  3.99it/s]
Epoch 5/30 [Train]:  58%|█████▊    | 266/460 [01:05<01:14,  2.60it/s]
Epoch 5/30 [Train]:  58%|█████▊    | 267/460 [01:06<01:06,  2.92it/s]
Epoch 5/30 [Train]:  58%|█████▊    | 268/460 [01:06<01:00,  3.20it/s]
Epoch 5/30 [Train]:  58%|█████▊    | 269/460 [01:06<00:55,  3.43it/s]
Epoch 5/30 [Train]:  59%|█████▊    | 270/460 [01:06<00:53,  3.54it/s]
Epoch 5/30 [Train]:  59%|█████▉    | 271/460 [01:07<00:49,  3.80it/s]
Epoch 5/30 [Train]:  59%|█████▉    | 272/460 [01:07<00:48,  3.84it/s]
Epoch 5/30 [Train]:  59%|█████▉    | 273/460 [01:07<00:48,  3.87it/s]
Epoch 5/30 [Train]:  60%|█████▉    | 274/460 [01:07<00:47,  3.90it/s]
Epoch 5/30 [Train]:  60%|█████▉    | 275/460 [01:08<00:46,  3.95it/s]
Epoch 5/30 [Train]:  60%|██████    | 276/460 [01:08<00:46,  3.98it/s]
Epoch 5/30 [Train]:  60%|██████    | 277/460 [01:08<00:45,  4.01it/s]
Epoch 5/30 [Train]:  60%|██████    | 278/460 [01:08<00:45,  4.00it/s]
Epoch 5/30 [Train]:  61%|██████    | 279/460 [01:09<00:45,  4.01it/s]
Epoch 5/30 [Train]:  61%|██████    | 280/460 [01:09<00:43,  4.10it/s]
Epoch 5/30 [Train]:  61%|██████    | 281/460 [01:09<00:42,  4.17it/s]
Epoch 5/30 [Train]:  61%|██████▏   | 282/460 [01:09<00:43,  4.12it/s]
Epoch 5/30 [Train]:  62%|██████▏   | 283/460 [01:10<00:42,  4.14it/s]
Epoch 5/30 [Train]:  62%|██████▏   | 284/460 [01:10<00:42,  4.18it/s]
Epoch 5/30 [Train]:  62%|██████▏   | 285/460 [01:10<00:41,  4.18it/s]
Epoch 5/30 [Train]:  62%|██████▏   | 286/460 [01:10<00:42,  4.12it/s]
Epoch 5/30 [Train]:  62%|██████▏   | 287/460 [01:11<00:42,  4.09it/s]
Epoch 5/30 [Train]:  63%|██████▎   | 288/460 [01:11<00:40,  4.27it/s]
Epoch 5/30 [Train]:  63%|██████▎   | 289/460 [01:11<00:40,  4.20it/s]
Epoch 5/30 [Train]:  63%|██████▎   | 290/460 [01:11<00:40,  4.20it/s]
Epoch 5/30 [Train]:  63%|██████▎   | 291/460 [01:12<00:40,  4.21it/s]
Epoch 5/30 [Train]:  63%|██████▎   | 292/460 [01:12<00:39,  4.20it/s]
Epoch 5/30 [Train]:  64%|██████▎   | 293/460 [01:12<00:39,  4.19it/s]
Epoch 5/30 [Train]:  64%|██████▍   | 294/460 [01:12<00:39,  4.22it/s]
Epoch 5/30 [Train]:  64%|██████▍   | 295/460 [01:12<00:39,  4.21it/s]
Epoch 5/30 [Train]:  64%|██████▍   | 296/460 [01:13<00:39,  4.19it/s]
Epoch 5/30 [Train]:  65%|██████▍   | 297/460 [01:13<00:39,  4.14it/s]
Epoch 5/30 [Train]:  65%|██████▍   | 298/460 [01:13<00:38,  4.16it/s]
Epoch 5/30 [Train]:  65%|██████▌   | 299/460 [01:13<00:38,  4.19it/s]
Epoch 5/30 [Train]:  65%|██████▌   | 300/460 [01:14<00:37,  4.23it/s]
Epoch 5/30 [Train]:  65%|██████▌   | 301/460 [01:14<00:37,  4.24it/s]
Epoch 5/30 [Train]:  66%|██████▌   | 302/460 [01:14<00:37,  4.22it/s]
Epoch 5/30 [Train]:  66%|██████▌   | 303/460 [01:14<00:38,  4.05it/s]
Epoch 5/30 [Train]:  66%|██████▌   | 304/460 [01:15<00:38,  4.08it/s]
Epoch 5/30 [Train]:  66%|██████▋   | 305/460 [01:15<00:37,  4.08it/s]
Epoch 5/30 [Train]:  67%|██████▋   | 306/460 [01:15<00:37,  4.08it/s]
Epoch 5/30 [Train]:  67%|██████▋   | 307/460 [01:15<00:37,  4.08it/s]
Epoch 5/30 [Train]:  67%|██████▋   | 308/460 [01:16<00:38,  3.92it/s]
Epoch 5/30 [Train]:  67%|██████▋   | 309/460 [01:16<00:36,  4.18it/s]
Epoch 5/30 [Train]:  67%|██████▋   | 310/460 [01:16<00:35,  4.21it/s]
Epoch 5/30 [Train]:  68%|██████▊   | 311/460 [01:16<00:34,  4.33it/s]
Epoch 5/30 [Train]:  68%|██████▊   | 312/460 [01:17<00:34,  4.34it/s]
Epoch 5/30 [Train]:  68%|██████▊   | 313/460 [01:17<00:34,  4.27it/s]
Epoch 5/30 [Train]:  68%|██████▊   | 314/460 [01:17<00:34,  4.27it/s]
Epoch 5/30 [Train]:  68%|██████▊   | 315/460 [01:17<00:34,  4.21it/s]
Epoch 5/30 [Train]:  69%|██████▊   | 316/460 [01:18<00:34,  4.17it/s]
Epoch 5/30 [Train]:  69%|██████▉   | 317/460 [01:18<00:33,  4.33it/s]
Epoch 5/30 [Train]:  69%|██████▉   | 318/460 [01:18<00:32,  4.32it/s]
Epoch 5/30 [Train]:  69%|██████▉   | 319/460 [01:18<00:33,  4.18it/s]
Epoch 5/30 [Train]:  70%|██████▉   | 320/460 [01:18<00:33,  4.17it/s]
Epoch 5/30 [Train]:  70%|██████▉   | 321/460 [01:19<00:33,  4.20it/s]
Epoch 5/30 [Train]:  70%|███████   | 322/460 [01:19<00:32,  4.20it/s]
Epoch 5/30 [Train]:  70%|███████   | 323/460 [01:19<00:32,  4.17it/s]
Epoch 5/30 [Train]:  70%|███████   | 324/460 [01:19<00:31,  4.35it/s]
Epoch 5/30 [Train]:  71%|███████   | 325/460 [01:20<00:31,  4.33it/s]
Epoch 5/30 [Train]:  71%|███████   | 326/460 [01:20<00:31,  4.28it/s]
Epoch 5/30 [Train]:  71%|███████   | 327/460 [01:20<00:31,  4.26it/s]
Epoch 5/30 [Train]:  71%|███████▏  | 328/460 [01:20<00:30,  4.26it/s]
Epoch 5/30 [Train]:  72%|███████▏  | 329/460 [01:21<00:30,  4.26it/s]
Epoch 5/30 [Train]:  72%|███████▏  | 330/460 [01:21<00:30,  4.25it/s]
Epoch 5/30 [Train]:  72%|███████▏  | 331/460 [01:21<00:30,  4.27it/s]
Epoch 5/30 [Train]:  72%|███████▏  | 332/460 [01:21<00:30,  4.25it/s]
Epoch 5/30 [Train]:  72%|███████▏  | 333/460 [01:21<00:29,  4.24it/s]
Epoch 5/30 [Train]:  73%|███████▎  | 334/460 [01:22<00:29,  4.25it/s]
Epoch 5/30 [Train]:  73%|███████▎  | 335/460 [01:22<00:29,  4.24it/s]
Epoch 5/30 [Train]:  73%|███████▎  | 336/460 [01:22<00:29,  4.24it/s]
Epoch 5/30 [Train]:  73%|███████▎  | 337/460 [01:22<00:29,  4.17it/s]
Epoch 5/30 [Train]:  73%|███████▎  | 338/460 [01:23<00:29,  4.16it/s]
Epoch 5/30 [Train]:  74%|███████▎  | 339/460 [01:23<00:29,  4.13it/s]
Epoch 5/30 [Train]:  74%|███████▍  | 340/460 [01:23<00:29,  4.10it/s]
Epoch 5/30 [Train]:  74%|███████▍  | 341/460 [01:23<00:28,  4.15it/s]
Epoch 5/30 [Train]:  74%|███████▍  | 342/460 [01:24<00:28,  4.20it/s]
Epoch 5/30 [Train]:  75%|███████▍  | 343/460 [01:24<00:31,  3.70it/s]
Epoch 5/30 [Train]:  75%|███████▍  | 344/460 [01:24<00:29,  3.88it/s]
Epoch 5/30 [Train]:  75%|███████▌  | 345/460 [01:24<00:29,  3.86it/s]
Epoch 5/30 [Train]:  75%|███████▌  | 346/460 [01:25<00:32,  3.55it/s]
Epoch 5/30 [Train]:  75%|███████▌  | 347/460 [01:25<00:30,  3.75it/s]
Epoch 5/30 [Train]:  76%|███████▌  | 348/460 [01:25<00:28,  3.86it/s]
Epoch 5/30 [Train]:  76%|███████▌  | 349/460 [01:26<00:28,  3.94it/s]
Epoch 5/30 [Train]:  76%|███████▌  | 350/460 [01:26<00:27,  4.04it/s]
Epoch 5/30 [Train]:  76%|███████▋  | 351/460 [01:26<00:27,  3.94it/s]
Epoch 5/30 [Train]:  77%|███████▋  | 352/460 [01:26<00:26,  4.00it/s]
Epoch 5/30 [Train]:  77%|███████▋  | 353/460 [01:27<00:30,  3.55it/s]
Epoch 5/30 [Train]:  77%|███████▋  | 354/460 [01:27<00:28,  3.70it/s]
Epoch 5/30 [Train]:  77%|███████▋  | 355/460 [01:27<00:28,  3.72it/s]
Epoch 5/30 [Train]:  77%|███████▋  | 356/460 [01:27<00:29,  3.53it/s]
Epoch 5/30 [Train]:  78%|███████▊  | 357/460 [01:28<00:27,  3.72it/s]
Epoch 5/30 [Train]:  78%|███████▊  | 358/460 [01:28<00:26,  3.92it/s]
Epoch 5/30 [Train]:  78%|███████▊  | 359/460 [01:28<00:25,  3.96it/s]
Epoch 5/30 [Train]:  78%|███████▊  | 360/460 [01:28<00:25,  3.96it/s]
Epoch 5/30 [Train]:  78%|███████▊  | 361/460 [01:29<00:24,  4.07it/s]
Epoch 5/30 [Train]:  79%|███████▊  | 362/460 [01:29<00:24,  4.07it/s]
Epoch 5/30 [Train]:  79%|███████▉  | 363/460 [01:29<00:23,  4.14it/s]
Epoch 5/30 [Train]:  79%|███████▉  | 364/460 [01:29<00:22,  4.19it/s]
Epoch 5/30 [Train]:  79%|███████▉  | 365/460 [01:30<00:22,  4.19it/s]
Epoch 5/30 [Train]:  80%|███████▉  | 366/460 [01:30<00:22,  4.22it/s]
Epoch 5/30 [Train]:  80%|███████▉  | 367/460 [01:30<00:21,  4.23it/s]
Epoch 5/30 [Train]:  80%|████████  | 368/460 [01:30<00:20,  4.41it/s]
Epoch 5/30 [Train]:  80%|████████  | 369/460 [01:31<00:20,  4.36it/s]
Epoch 5/30 [Train]:  80%|████████  | 370/460 [01:31<00:20,  4.48it/s]
Epoch 5/30 [Train]:  81%|████████  | 371/460 [01:31<00:19,  4.59it/s]
Epoch 5/30 [Train]:  81%|████████  | 372/460 [01:31<00:19,  4.52it/s]
Epoch 5/30 [Train]:  81%|████████  | 373/460 [01:31<00:19,  4.44it/s]
Epoch 5/30 [Train]:  81%|████████▏ | 374/460 [01:32<00:19,  4.39it/s]
Epoch 5/30 [Train]:  82%|████████▏ | 375/460 [01:32<00:19,  4.35it/s]
Epoch 5/30 [Train]:  82%|████████▏ | 376/460 [01:32<00:19,  4.29it/s]
Epoch 5/30 [Train]:  82%|████████▏ | 377/460 [01:32<00:20,  4.13it/s]
Epoch 5/30 [Train]:  82%|████████▏ | 378/460 [01:33<00:20,  4.03it/s]
Epoch 5/30 [Train]:  82%|████████▏ | 379/460 [01:33<00:20,  4.00it/s]
Epoch 5/30 [Train]:  83%|████████▎ | 380/460 [01:33<00:19,  4.02it/s]
Epoch 5/30 [Train]:  83%|████████▎ | 381/460 [01:33<00:19,  4.03it/s]
Epoch 5/30 [Train]:  83%|████████▎ | 382/460 [01:34<00:19,  4.06it/s]
Epoch 5/30 [Train]:  83%|████████▎ | 383/460 [01:34<00:19,  4.03it/s]
Epoch 5/30 [Train]:  83%|████████▎ | 384/460 [01:34<00:18,  4.09it/s]
Epoch 5/30 [Train]:  84%|████████▎ | 385/460 [01:34<00:18,  4.04it/s]
Epoch 5/30 [Train]:  84%|████████▍ | 386/460 [01:35<00:18,  4.07it/s]
Epoch 5/30 [Train]:  84%|████████▍ | 387/460 [01:35<00:18,  4.02it/s]
Epoch 5/30 [Train]:  84%|████████▍ | 388/460 [01:35<00:17,  4.07it/s]
Epoch 5/30 [Train]:  85%|████████▍ | 389/460 [01:35<00:17,  4.07it/s]
Epoch 5/30 [Train]:  85%|████████▍ | 390/460 [01:36<00:17,  4.10it/s]
Epoch 5/30 [Train]:  85%|████████▌ | 391/460 [01:36<00:16,  4.12it/s]
Epoch 5/30 [Train]:  85%|████████▌ | 392/460 [01:36<00:16,  4.12it/s]
Epoch 5/30 [Train]:  85%|████████▌ | 393/460 [01:36<00:15,  4.26it/s]
Epoch 5/30 [Train]:  86%|████████▌ | 394/460 [01:37<00:15,  4.20it/s]
Epoch 5/30 [Train]:  86%|████████▌ | 395/460 [01:37<00:15,  4.13it/s]
Epoch 5/30 [Train]:  86%|████████▌ | 396/460 [01:37<00:15,  4.11it/s]
Epoch 5/30 [Train]:  86%|████████▋ | 397/460 [01:37<00:15,  4.14it/s]
Epoch 5/30 [Train]:  87%|████████▋ | 398/460 [01:37<00:15,  4.12it/s]
Epoch 5/30 [Train]:  87%|████████▋ | 399/460 [01:38<00:14,  4.15it/s]
Epoch 5/30 [Train]:  87%|████████▋ | 400/460 [01:38<00:14,  4.14it/s]
Epoch 5/30 [Train]:  87%|████████▋ | 401/460 [01:38<00:14,  4.09it/s]
Epoch 5/30 [Train]:  87%|████████▋ | 402/460 [01:38<00:14,  4.10it/s]
Epoch 5/30 [Train]:  88%|████████▊ | 403/460 [01:39<00:13,  4.09it/s]
Epoch 5/30 [Train]:  88%|████████▊ | 404/460 [01:39<00:13,  4.04it/s]
Epoch 5/30 [Train]:  88%|████████▊ | 405/460 [01:39<00:13,  4.09it/s]
Epoch 5/30 [Train]:  88%|████████▊ | 406/460 [01:39<00:13,  4.07it/s]
Epoch 5/30 [Train]:  88%|████████▊ | 407/460 [01:40<00:12,  4.09it/s]
Epoch 5/30 [Train]:  89%|████████▊ | 408/460 [01:40<00:12,  4.03it/s]
Epoch 5/30 [Train]:  89%|████████▉ | 409/460 [01:40<00:12,  4.02it/s]
Epoch 5/30 [Train]:  89%|████████▉ | 410/460 [01:40<00:12,  4.01it/s]
Epoch 5/30 [Train]:  89%|████████▉ | 411/460 [01:41<00:12,  3.97it/s]
Epoch 5/30 [Train]:  90%|████████▉ | 412/460 [01:41<00:12,  3.99it/s]
Epoch 5/30 [Train]:  90%|████████▉ | 413/460 [01:41<00:11,  4.05it/s]
Epoch 5/30 [Train]:  90%|█████████ | 414/460 [01:41<00:11,  4.13it/s]
Epoch 5/30 [Train]:  90%|█████████ | 415/460 [01:42<00:10,  4.18it/s]
Epoch 5/30 [Train]:  90%|█████████ | 416/460 [01:42<00:10,  4.22it/s]
Epoch 5/30 [Train]:  91%|█████████ | 417/460 [01:42<00:10,  4.17it/s]
Epoch 5/30 [Train]:  91%|█████████ | 418/460 [01:42<00:09,  4.23it/s]
Epoch 5/30 [Train]:  91%|█████████ | 419/460 [01:43<00:09,  4.25it/s]
Epoch 5/30 [Train]:  91%|█████████▏| 420/460 [01:43<00:08,  4.45it/s]
Epoch 5/30 [Train]:  92%|█████████▏| 421/460 [01:43<00:08,  4.50it/s]
Epoch 5/30 [Train]:  92%|█████████▏| 422/460 [01:43<00:08,  4.44it/s]
Epoch 5/30 [Train]:  92%|█████████▏| 423/460 [01:43<00:08,  4.38it/s]
Epoch 5/30 [Train]:  92%|█████████▏| 424/460 [01:44<00:08,  4.37it/s]
Epoch 5/30 [Train]:  92%|█████████▏| 425/460 [01:44<00:08,  4.32it/s]
Epoch 5/30 [Train]:  93%|█████████▎| 426/460 [01:44<00:07,  4.26it/s]
Epoch 5/30 [Train]:  93%|█████████▎| 427/460 [01:44<00:07,  4.18it/s]
Epoch 5/30 [Train]:  93%|█████████▎| 428/460 [01:45<00:07,  4.14it/s]
Epoch 5/30 [Train]:  93%|█████████▎| 429/460 [01:45<00:07,  4.16it/s]
Epoch 5/30 [Train]:  93%|█████████▎| 430/460 [01:45<00:07,  4.12it/s]
Epoch 5/30 [Train]:  94%|█████████▎| 431/460 [01:45<00:06,  4.17it/s]
Epoch 5/30 [Train]:  94%|█████████▍| 432/460 [01:46<00:06,  4.20it/s]
Epoch 5/30 [Train]:  94%|█████████▍| 433/460 [01:46<00:06,  4.18it/s]
Epoch 5/30 [Train]:  94%|█████████▍| 434/460 [01:46<00:06,  4.20it/s]
Epoch 5/30 [Train]:  95%|█████████▍| 435/460 [01:46<00:05,  4.23it/s]
Epoch 5/30 [Train]:  95%|█████████▍| 436/460 [01:47<00:05,  4.21it/s]
Epoch 5/30 [Train]:  95%|█████████▌| 437/460 [01:47<00:05,  4.21it/s]
Epoch 5/30 [Train]:  95%|█████████▌| 438/460 [01:47<00:05,  4.14it/s]
Epoch 5/30 [Train]:  95%|█████████▌| 439/460 [01:47<00:05,  4.10it/s]
Epoch 5/30 [Train]:  96%|█████████▌| 440/460 [01:48<00:04,  4.21it/s]
Epoch 5/30 [Train]:  96%|█████████▌| 441/460 [01:48<00:04,  4.22it/s]
Epoch 5/30 [Train]:  96%|█████████▌| 442/460 [01:48<00:04,  4.11it/s]
Epoch 5/30 [Train]:  96%|█████████▋| 443/460 [01:48<00:04,  4.02it/s]
Epoch 5/30 [Train]:  97%|█████████▋| 444/460 [01:49<00:03,  4.03it/s]
Epoch 5/30 [Train]:  97%|█████████▋| 445/460 [01:49<00:03,  4.05it/s]
Epoch 5/30 [Train]:  97%|█████████▋| 446/460 [01:49<00:03,  4.03it/s]
Epoch 5/30 [Train]:  97%|█████████▋| 447/460 [01:49<00:03,  4.01it/s]
Epoch 5/30 [Train]:  97%|█████████▋| 448/460 [01:50<00:02,  4.04it/s]
Epoch 5/30 [Train]:  98%|█████████▊| 449/460 [01:50<00:02,  4.07it/s]
Epoch 5/30 [Train]:  98%|█████████▊| 450/460 [01:50<00:02,  4.08it/s]
Epoch 5/30 [Train]:  98%|█████████▊| 451/460 [01:50<00:02,  4.09it/s]
Epoch 5/30 [Train]:  98%|█████████▊| 452/460 [01:51<00:01,  4.11it/s]
Epoch 5/30 [Train]:  98%|█████████▊| 453/460 [01:51<00:01,  4.12it/s]
Epoch 5/30 [Train]:  99%|█████████▊| 454/460 [01:51<00:01,  4.11it/s]
Epoch 5/30 [Train]:  99%|█████████▉| 455/460 [01:51<00:01,  4.23it/s]
Epoch 5/30 [Train]:  99%|█████████▉| 456/460 [01:51<00:00,  4.18it/s]
Epoch 5/30 [Train]:  99%|█████████▉| 457/460 [01:52<00:00,  4.15it/s]
Epoch 5/30 [Train]: 100%|█████████▉| 458/460 [01:52<00:00,  4.16it/s]
Epoch 5/30 [Train]: 100%|█████████▉| 459/460 [01:52<00:00,  4.16it/s]
Epoch 5/30 [Train]: 100%|██████████| 460/460 [01:52<00:00,  4.36it/s]
                                                                     

Epoch 6/30 [Train]:   0%|          | 0/460 [00:00<?, ?it/s]
Epoch 6/30 [Train]:   0%|          | 1/460 [00:00<01:46,  4.33it/s]
Epoch 6/30 [Train]:   0%|          | 2/460 [00:00<01:46,  4.29it/s]
Epoch 6/30 [Train]:   1%|          | 3/460 [00:00<01:45,  4.35it/s]
Epoch 6/30 [Train]:   1%|          | 4/460 [00:00<01:45,  4.33it/s]
Epoch 6/30 [Train]:   1%|          | 5/460 [00:01<01:47,  4.24it/s]
Epoch 6/30 [Train]:   1%|▏         | 6/460 [00:01<01:48,  4.19it/s]
Epoch 6/30 [Train]:   2%|▏         | 7/460 [00:01<01:47,  4.22it/s]
Epoch 6/30 [Train]:   2%|▏         | 8/460 [00:01<01:47,  4.20it/s]
Epoch 6/30 [Train]:   2%|▏         | 9/460 [00:02<01:44,  4.31it/s]
Epoch 6/30 [Train]:   2%|▏         | 10/460 [00:02<01:45,  4.25it/s]
Epoch 6/30 [Train]:   2%|▏         | 11/460 [00:02<01:44,  4.28it/s]
Epoch 6/30 [Train]:   3%|▎         | 12/460 [00:02<01:46,  4.21it/s]
Epoch 6/30 [Train]:   3%|▎         | 13/460 [00:03<01:43,  4.33it/s]
Epoch 6/30 [Train]:   3%|▎         | 14/460 [00:03<01:43,  4.31it/s]
Epoch 6/30 [Train]:   3%|▎         | 15/460 [00:03<01:45,  4.20it/s]
Epoch 6/30 [Train]:   3%|▎         | 16/460 [00:03<01:44,  4.23it/s]
Epoch 6/30 [Train]:   4%|▎         | 17/460 [00:03<01:39,  4.44it/s]
Epoch 6/30 [Train]:   4%|▍         | 18/460 [00:04<01:40,  4.39it/s]
Epoch 6/30 [Train]:   4%|▍         | 19/460 [00:04<01:41,  4.34it/s]
Epoch 6/30 [Train]:   4%|▍         | 20/460 [00:04<01:41,  4.34it/s]
Epoch 6/30 [Train]:   5%|▍         | 21/460 [00:04<01:43,  4.23it/s]
Epoch 6/30 [Train]:   5%|▍         | 22/460 [00:05<01:44,  4.19it/s]
Epoch 6/30 [Train]:   5%|▌         | 23/460 [00:05<01:45,  4.14it/s]
Epoch 6/30 [Train]:   5%|▌         | 24/460 [00:05<01:45,  4.12it/s]
Epoch 6/30 [Train]:   5%|▌         | 25/460 [00:05<01:44,  4.18it/s]
Epoch 6/30 [Train]:   6%|▌         | 26/460 [00:06<01:39,  4.37it/s]
Epoch 6/30 [Train]:   6%|▌         | 27/460 [00:06<01:40,  4.32it/s]
Epoch 6/30 [Train]:   6%|▌         | 28/460 [00:06<01:40,  4.30it/s]
Epoch 6/30 [Train]:   6%|▋         | 29/460 [00:06<01:42,  4.22it/s]
Epoch 6/30 [Train]:   7%|▋         | 30/460 [00:07<01:43,  4.17it/s]
Epoch 6/30 [Train]:   7%|▋         | 31/460 [00:07<01:43,  4.16it/s]
Epoch 6/30 [Train]:   7%|▋         | 32/460 [00:07<01:43,  4.12it/s]
Epoch 6/30 [Train]:   7%|▋         | 33/460 [00:07<01:42,  4.15it/s]
Epoch 6/30 [Train]:   7%|▋         | 34/460 [00:08<01:42,  4.16it/s]
Epoch 6/30 [Train]:   8%|▊         | 35/460 [00:08<01:42,  4.14it/s]
Epoch 6/30 [Train]:   8%|▊         | 36/460 [00:08<01:38,  4.30it/s]
Epoch 6/30 [Train]:   8%|▊         | 37/460 [00:08<01:38,  4.29it/s]
Epoch 6/30 [Train]:   8%|▊         | 38/460 [00:08<01:36,  4.36it/s]
Epoch 6/30 [Train]:   8%|▊         | 39/460 [00:09<01:37,  4.33it/s]
Epoch 6/30 [Train]:   9%|▊         | 40/460 [00:09<01:37,  4.33it/s]
Epoch 6/30 [Train]:   9%|▉         | 41/460 [00:09<01:33,  4.50it/s]
Epoch 6/30 [Train]:   9%|▉         | 42/460 [00:09<01:34,  4.42it/s]
Epoch 6/30 [Train]:   9%|▉         | 43/460 [00:10<01:36,  4.31it/s]
Epoch 6/30 [Train]:  10%|▉         | 44/460 [00:10<01:35,  4.37it/s]
Epoch 6/30 [Train]:  10%|▉         | 45/460 [00:10<01:36,  4.32it/s]
Epoch 6/30 [Train]:  10%|█         | 46/460 [00:10<01:39,  4.18it/s]
Epoch 6/30 [Train]:  10%|█         | 47/460 [00:11<01:39,  4.14it/s]
Epoch 6/30 [Train]:  10%|█         | 48/460 [00:11<01:39,  4.16it/s]
Epoch 6/30 [Train]:  11%|█         | 49/460 [00:11<01:37,  4.22it/s]
Epoch 6/30 [Train]:  11%|█         | 50/460 [00:11<01:33,  4.37it/s]
Epoch 6/30 [Train]:  11%|█         | 51/460 [00:11<01:32,  4.42it/s]
Epoch 6/30 [Train]:  11%|█▏        | 52/460 [00:12<01:33,  4.39it/s]
Epoch 6/30 [Train]:  12%|█▏        | 53/460 [00:12<01:33,  4.34it/s]
Epoch 6/30 [Train]:  12%|█▏        | 54/460 [00:12<01:34,  4.28it/s]
Epoch 6/30 [Train]:  12%|█▏        | 55/460 [00:12<01:35,  4.25it/s]
Epoch 6/30 [Train]:  12%|█▏        | 56/460 [00:13<01:36,  4.17it/s]
Epoch 6/30 [Train]:  12%|█▏        | 57/460 [00:13<01:36,  4.16it/s]
Epoch 6/30 [Train]:  13%|█▎        | 58/460 [00:13<01:42,  3.91it/s]
Epoch 6/30 [Train]:  13%|█▎        | 59/460 [00:13<01:44,  3.83it/s]
Epoch 6/30 [Train]:  13%|█▎        | 60/460 [00:14<01:41,  3.94it/s]
Epoch 6/30 [Train]:  13%|█▎        | 61/460 [00:14<01:39,  4.02it/s]
Epoch 6/30 [Train]:  13%|█▎        | 62/460 [00:14<01:37,  4.10it/s]
Epoch 6/30 [Train]:  14%|█▎        | 63/460 [00:14<01:48,  3.66it/s]
Epoch 6/30 [Train]:  14%|█▍        | 64/460 [00:15<01:45,  3.77it/s]
Epoch 6/30 [Train]:  14%|█▍        | 65/460 [00:15<01:43,  3.83it/s]
Epoch 6/30 [Train]:  14%|█▍        | 66/460 [00:15<01:40,  3.93it/s]
Epoch 6/30 [Train]:  15%|█▍        | 67/460 [00:15<01:37,  4.03it/s]
Epoch 6/30 [Train]:  15%|█▍        | 68/460 [00:16<01:36,  4.08it/s]
Epoch 6/30 [Train]:  15%|█▌        | 69/460 [00:16<01:33,  4.18it/s]
Epoch 6/30 [Train]:  15%|█▌        | 70/460 [00:16<01:32,  4.22it/s]
Epoch 6/30 [Train]:  15%|█▌        | 71/460 [00:16<01:32,  4.21it/s]
Epoch 6/30 [Train]:  16%|█▌        | 72/460 [00:17<01:31,  4.26it/s]
Epoch 6/30 [Train]:  16%|█▌        | 73/460 [00:17<01:30,  4.25it/s]
Epoch 6/30 [Train]:  16%|█▌        | 74/460 [00:17<01:30,  4.27it/s]
Epoch 6/30 [Train]:  16%|█▋        | 75/460 [00:17<01:27,  4.38it/s]
Epoch 6/30 [Train]:  17%|█▋        | 76/460 [00:18<01:25,  4.47it/s]
Epoch 6/30 [Train]:  17%|█▋        | 77/460 [00:18<01:26,  4.44it/s]
Epoch 6/30 [Train]:  17%|█▋        | 78/460 [00:18<01:28,  4.33it/s]
Epoch 6/30 [Train]:  17%|█▋        | 79/460 [00:18<01:24,  4.50it/s]
Epoch 6/30 [Train]:  17%|█▋        | 80/460 [00:18<01:22,  4.62it/s]
Epoch 6/30 [Train]:  18%|█▊        | 81/460 [00:19<01:20,  4.73it/s]
Epoch 6/30 [Train]:  18%|█▊        | 82/460 [00:19<01:18,  4.84it/s]
Epoch 6/30 [Train]:  18%|█▊        | 83/460 [00:19<01:16,  4.91it/s]
Epoch 6/30 [Train]:  18%|█▊        | 84/460 [00:19<01:17,  4.85it/s]
Epoch 6/30 [Train]:  18%|█▊        | 85/460 [00:19<01:17,  4.84it/s]
Epoch 6/30 [Train]:  19%|█▊        | 86/460 [00:20<01:16,  4.88it/s]
Epoch 6/30 [Train]:  19%|█▉        | 87/460 [00:20<01:16,  4.89it/s]
Epoch 6/30 [Train]:  19%|█▉        | 88/460 [00:20<01:15,  4.94it/s]
Epoch 6/30 [Train]:  19%|█▉        | 89/460 [00:20<01:14,  5.00it/s]
Epoch 6/30 [Train]:  20%|█▉        | 90/460 [00:20<01:13,  5.03it/s]
Epoch 6/30 [Train]:  20%|█▉        | 91/460 [00:21<01:14,  4.93it/s]
Epoch 6/30 [Train]:  20%|██        | 92/460 [00:21<01:15,  4.84it/s]
Epoch 6/30 [Train]:  20%|██        | 93/460 [00:21<01:15,  4.89it/s]
Epoch 6/30 [Train]:  20%|██        | 94/460 [00:21<01:15,  4.86it/s]
Epoch 6/30 [Train]:  21%|██        | 95/460 [00:21<01:14,  4.89it/s]
Epoch 6/30 [Train]:  21%|██        | 96/460 [00:22<01:14,  4.86it/s]
Epoch 6/30 [Train]:  21%|██        | 97/460 [00:22<01:16,  4.75it/s]
Epoch 6/30 [Train]:  21%|██▏       | 98/460 [00:22<01:17,  4.65it/s]
Epoch 6/30 [Train]:  22%|██▏       | 99/460 [00:22<01:17,  4.66it/s]
Epoch 6/30 [Train]:  22%|██▏       | 100/460 [00:23<01:16,  4.69it/s]
Epoch 6/30 [Train]:  22%|██▏       | 101/460 [00:23<01:15,  4.75it/s]
Epoch 6/30 [Train]:  22%|██▏       | 102/460 [00:23<01:14,  4.78it/s]
Epoch 6/30 [Train]:  22%|██▏       | 103/460 [00:23<01:14,  4.81it/s]
Epoch 6/30 [Train]:  23%|██▎       | 104/460 [00:23<01:13,  4.84it/s]
Epoch 6/30 [Train]:  23%|██▎       | 105/460 [00:24<01:13,  4.83it/s]
Epoch 6/30 [Train]:  23%|██▎       | 106/460 [00:24<01:12,  4.85it/s]
Epoch 6/30 [Train]:  23%|██▎       | 107/460 [00:24<01:12,  4.84it/s]
Epoch 6/30 [Train]:  23%|██▎       | 108/460 [00:24<01:12,  4.86it/s]
Epoch 6/30 [Train]:  24%|██▎       | 109/460 [00:24<01:12,  4.85it/s]
Epoch 6/30 [Train]:  24%|██▍       | 110/460 [00:25<01:11,  4.87it/s]
Epoch 6/30 [Train]:  24%|██▍       | 111/460 [00:25<01:11,  4.88it/s]
Epoch 6/30 [Train]:  24%|██▍       | 112/460 [00:25<01:11,  4.89it/s]
Epoch 6/30 [Train]:  25%|██▍       | 113/460 [00:25<01:11,  4.88it/s]
Epoch 6/30 [Train]:  25%|██▍       | 114/460 [00:25<01:11,  4.87it/s]
Epoch 6/30 [Train]:  25%|██▌       | 115/460 [00:26<01:10,  4.89it/s]
Epoch 6/30 [Train]:  25%|██▌       | 116/460 [00:26<01:09,  4.92it/s]
Epoch 6/30 [Train]:  25%|██▌       | 117/460 [00:26<01:11,  4.79it/s]
Epoch 6/30 [Train]:  26%|██▌       | 118/460 [00:26<01:11,  4.81it/s]
Epoch 6/30 [Train]:  26%|██▌       | 119/460 [00:26<01:10,  4.81it/s]
Epoch 6/30 [Train]:  26%|██▌       | 120/460 [00:27<01:10,  4.82it/s]
Epoch 6/30 [Train]:  26%|██▋       | 121/460 [00:27<01:10,  4.79it/s]
Epoch 6/30 [Train]:  27%|██▋       | 122/460 [00:27<01:11,  4.74it/s]
Epoch 6/30 [Train]:  27%|██▋       | 123/460 [00:27<01:09,  4.84it/s]
Epoch 6/30 [Train]:  27%|██▋       | 124/460 [00:27<01:09,  4.86it/s]
Epoch 6/30 [Train]:  27%|██▋       | 125/460 [00:28<01:08,  4.91it/s]
Epoch 6/30 [Train]:  27%|██▋       | 126/460 [00:28<01:07,  4.97it/s]
Epoch 6/30 [Train]:  28%|██▊       | 127/460 [00:28<01:06,  4.99it/s]
Epoch 6/30 [Train]:  28%|██▊       | 128/460 [00:28<01:06,  4.98it/s]
Epoch 6/30 [Train]:  28%|██▊       | 129/460 [00:28<01:05,  5.05it/s]
Epoch 6/30 [Train]:  28%|██▊       | 130/460 [00:29<01:05,  5.07it/s]
Epoch 6/30 [Train]:  28%|██▊       | 131/460 [00:29<01:05,  5.04it/s]
Epoch 6/30 [Train]:  29%|██▊       | 132/460 [00:29<01:05,  4.98it/s]
Epoch 6/30 [Train]:  29%|██▉       | 133/460 [00:29<01:06,  4.91it/s]
Epoch 6/30 [Train]:  29%|██▉       | 134/460 [00:29<01:06,  4.90it/s]
Epoch 6/30 [Train]:  29%|██▉       | 135/460 [00:30<01:06,  4.89it/s]
Epoch 6/30 [Train]:  30%|██▉       | 136/460 [00:30<01:06,  4.89it/s]
Epoch 6/30 [Train]:  30%|██▉       | 137/460 [00:30<01:07,  4.76it/s]
Epoch 6/30 [Train]:  30%|███       | 138/460 [00:30<01:07,  4.74it/s]
Epoch 6/30 [Train]:  30%|███       | 139/460 [00:31<01:07,  4.72it/s]
Epoch 6/30 [Train]:  30%|███       | 140/460 [00:31<01:07,  4.74it/s]
Epoch 6/30 [Train]:  31%|███       | 141/460 [00:31<01:06,  4.78it/s]
Epoch 6/30 [Train]:  31%|███       | 142/460 [00:31<01:09,  4.58it/s]
Epoch 6/30 [Train]:  31%|███       | 143/460 [00:31<01:07,  4.69it/s]
Epoch 6/30 [Train]:  31%|███▏      | 144/460 [00:32<01:07,  4.71it/s]
Epoch 6/30 [Train]:  32%|███▏      | 145/460 [00:32<01:07,  4.70it/s]
Epoch 6/30 [Train]:  32%|███▏      | 146/460 [00:32<01:07,  4.67it/s]
Epoch 6/30 [Train]:  32%|███▏      | 147/460 [00:32<01:06,  4.71it/s]
Epoch 6/30 [Train]:  32%|███▏      | 148/460 [00:32<01:05,  4.73it/s]
Epoch 6/30 [Train]:  32%|███▏      | 149/460 [00:33<01:06,  4.66it/s]
Epoch 6/30 [Train]:  33%|███▎      | 150/460 [00:33<01:06,  4.66it/s]
Epoch 6/30 [Train]:  33%|███▎      | 151/460 [00:33<01:06,  4.66it/s]
Epoch 6/30 [Train]:  33%|███▎      | 152/460 [00:33<01:05,  4.68it/s]
Epoch 6/30 [Train]:  33%|███▎      | 153/460 [00:34<01:05,  4.70it/s]
Epoch 6/30 [Train]:  33%|███▎      | 154/460 [00:34<01:04,  4.74it/s]
Epoch 6/30 [Train]:  34%|███▎      | 155/460 [00:34<01:04,  4.75it/s]
Epoch 6/30 [Train]:  34%|███▍      | 156/460 [00:34<01:04,  4.75it/s]
Epoch 6/30 [Train]:  34%|███▍      | 157/460 [00:34<01:04,  4.73it/s]
Epoch 6/30 [Train]:  34%|███▍      | 158/460 [00:35<01:04,  4.68it/s]
Epoch 6/30 [Train]:  35%|███▍      | 159/460 [00:35<01:04,  4.70it/s]
Epoch 6/30 [Train]:  35%|███▍      | 160/460 [00:35<01:03,  4.73it/s]
Epoch 6/30 [Train]:  35%|███▌      | 161/460 [00:35<01:04,  4.66it/s]
Epoch 6/30 [Train]:  35%|███▌      | 162/460 [00:35<01:06,  4.49it/s]
Epoch 6/30 [Train]:  35%|███▌      | 163/460 [00:36<01:07,  4.42it/s]
Epoch 6/30 [Train]:  36%|███▌      | 164/460 [00:36<01:07,  4.38it/s]
Epoch 6/30 [Train]:  36%|███▌      | 165/460 [00:36<01:07,  4.37it/s]
Epoch 6/30 [Train]:  36%|███▌      | 166/460 [00:36<01:08,  4.31it/s]
Epoch 6/30 [Train]:  36%|███▋      | 167/460 [00:37<01:05,  4.45it/s]
Epoch 6/30 [Train]:  37%|███▋      | 168/460 [00:37<01:05,  4.48it/s]
Epoch 6/30 [Train]:  37%|███▋      | 169/460 [00:37<01:04,  4.50it/s]
Epoch 6/30 [Train]:  37%|███▋      | 170/460 [00:37<01:03,  4.59it/s]
Epoch 6/30 [Train]:  37%|███▋      | 171/460 [00:37<01:01,  4.66it/s]
Epoch 6/30 [Train]:  37%|███▋      | 172/460 [00:38<01:01,  4.71it/s]
Epoch 6/30 [Train]:  38%|███▊      | 173/460 [00:38<01:00,  4.74it/s]
Epoch 6/30 [Train]:  38%|███▊      | 174/460 [00:38<00:59,  4.79it/s]
Epoch 6/30 [Train]:  38%|███▊      | 175/460 [00:38<01:00,  4.74it/s]
Epoch 6/30 [Train]:  38%|███▊      | 176/460 [00:39<01:01,  4.65it/s]
Epoch 6/30 [Train]:  38%|███▊      | 177/460 [00:39<01:00,  4.68it/s]
Epoch 6/30 [Train]:  39%|███▊      | 178/460 [00:39<00:59,  4.71it/s]
Epoch 6/30 [Train]:  39%|███▉      | 179/460 [00:39<01:01,  4.55it/s]
Epoch 6/30 [Train]:  39%|███▉      | 180/460 [00:39<01:00,  4.62it/s]
Epoch 6/30 [Train]:  39%|███▉      | 181/460 [00:40<01:00,  4.64it/s]
Epoch 6/30 [Train]:  40%|███▉      | 182/460 [00:40<01:00,  4.61it/s]
Epoch 6/30 [Train]:  40%|███▉      | 183/460 [00:40<00:59,  4.64it/s]
Epoch 6/30 [Train]:  40%|████      | 184/460 [00:40<00:59,  4.63it/s]
Epoch 6/30 [Train]:  40%|████      | 185/460 [00:40<01:00,  4.55it/s]
Epoch 6/30 [Train]:  40%|████      | 186/460 [00:41<00:59,  4.57it/s]
Epoch 6/30 [Train]:  41%|████      | 187/460 [00:41<00:58,  4.63it/s]
Epoch 6/30 [Train]:  41%|████      | 188/460 [00:41<00:59,  4.60it/s]
Epoch 6/30 [Train]:  41%|████      | 189/460 [00:41<00:58,  4.62it/s]
Epoch 6/30 [Train]:  41%|████▏     | 190/460 [00:42<00:57,  4.66it/s]
Epoch 6/30 [Train]:  42%|████▏     | 191/460 [00:42<00:56,  4.73it/s]
Epoch 6/30 [Train]:  42%|████▏     | 192/460 [00:42<00:56,  4.78it/s]
Epoch 6/30 [Train]:  42%|████▏     | 193/460 [00:42<00:56,  4.77it/s]
Epoch 6/30 [Train]:  42%|████▏     | 194/460 [00:42<00:55,  4.75it/s]
Epoch 6/30 [Train]:  42%|████▏     | 195/460 [00:43<00:55,  4.81it/s]
Epoch 6/30 [Train]:  43%|████▎     | 196/460 [00:43<00:54,  4.81it/s]
Epoch 6/30 [Train]:  43%|████▎     | 197/460 [00:43<00:55,  4.78it/s]
Epoch 6/30 [Train]:  43%|████▎     | 198/460 [00:43<00:55,  4.75it/s]
Epoch 6/30 [Train]:  43%|████▎     | 199/460 [00:43<00:54,  4.77it/s]
Epoch 6/30 [Train]:  43%|████▎     | 200/460 [00:44<00:53,  4.81it/s]
Epoch 6/30 [Train]:  44%|████▎     | 201/460 [00:44<00:53,  4.81it/s]
Epoch 6/30 [Train]:  44%|████▍     | 202/460 [00:44<00:53,  4.78it/s]
Epoch 6/30 [Train]:  44%|████▍     | 203/460 [00:44<00:53,  4.78it/s]
Epoch 6/30 [Train]:  44%|████▍     | 204/460 [00:44<00:53,  4.80it/s]
Epoch 6/30 [Train]:  45%|████▍     | 205/460 [00:45<00:52,  4.83it/s]
Epoch 6/30 [Train]:  45%|████▍     | 206/460 [00:45<00:52,  4.86it/s]
Epoch 6/30 [Train]:  45%|████▌     | 207/460 [00:45<00:52,  4.81it/s]
Epoch 6/30 [Train]:  45%|████▌     | 208/460 [00:45<00:52,  4.78it/s]
Epoch 6/30 [Train]:  45%|████▌     | 209/460 [00:45<00:52,  4.79it/s]
Epoch 6/30 [Train]:  46%|████▌     | 210/460 [00:46<00:52,  4.75it/s]
Epoch 6/30 [Train]:  46%|████▌     | 211/460 [00:46<00:52,  4.75it/s]
Epoch 6/30 [Train]:  46%|████▌     | 212/460 [00:46<00:52,  4.74it/s]
Epoch 6/30 [Train]:  46%|████▋     | 213/460 [00:46<00:52,  4.73it/s]
Epoch 6/30 [Train]:  47%|████▋     | 214/460 [00:47<00:52,  4.72it/s]
Epoch 6/30 [Train]:  47%|████▋     | 215/460 [00:47<00:52,  4.64it/s]
Epoch 6/30 [Train]:  47%|████▋     | 216/460 [00:47<00:52,  4.67it/s]
Epoch 6/30 [Train]:  47%|████▋     | 217/460 [00:47<00:51,  4.68it/s]
Epoch 6/30 [Train]:  47%|████▋     | 218/460 [00:47<00:51,  4.68it/s]
Epoch 6/30 [Train]:  48%|████▊     | 219/460 [00:48<00:51,  4.70it/s]
Epoch 6/30 [Train]:  48%|████▊     | 220/460 [00:48<00:50,  4.71it/s]
Epoch 6/30 [Train]:  48%|████▊     | 221/460 [00:48<00:50,  4.73it/s]
Epoch 6/30 [Train]:  48%|████▊     | 222/460 [00:48<00:49,  4.76it/s]
Epoch 6/30 [Train]:  48%|████▊     | 223/460 [00:48<00:49,  4.78it/s]
Epoch 6/30 [Train]:  49%|████▊     | 224/460 [00:49<00:49,  4.77it/s]
Epoch 6/30 [Train]:  49%|████▉     | 225/460 [00:49<00:49,  4.74it/s]
Epoch 6/30 [Train]:  49%|████▉     | 226/460 [00:49<00:50,  4.68it/s]
Epoch 6/30 [Train]:  49%|████▉     | 227/460 [00:49<00:50,  4.64it/s]
Epoch 6/30 [Train]:  50%|████▉     | 228/460 [00:50<00:49,  4.68it/s]
Epoch 6/30 [Train]:  50%|████▉     | 229/460 [00:50<00:49,  4.69it/s]
Epoch 6/30 [Train]:  50%|█████     | 230/460 [00:50<00:50,  4.57it/s]
Epoch 6/30 [Train]:  50%|█████     | 231/460 [00:50<00:50,  4.58it/s]
Epoch 6/30 [Train]:  50%|█████     | 232/460 [00:50<00:49,  4.60it/s]
Epoch 6/30 [Train]:  51%|█████     | 233/460 [00:51<00:49,  4.63it/s]
Epoch 6/30 [Train]:  51%|█████     | 234/460 [00:51<00:48,  4.66it/s]
Epoch 6/30 [Train]:  51%|█████     | 235/460 [00:51<00:48,  4.68it/s]
Epoch 6/30 [Train]:  51%|█████▏    | 236/460 [00:51<00:47,  4.71it/s]
Epoch 6/30 [Train]:  52%|█████▏    | 237/460 [00:51<00:47,  4.69it/s]
Epoch 6/30 [Train]:  52%|█████▏    | 238/460 [00:52<00:47,  4.72it/s]
Epoch 6/30 [Train]:  52%|█████▏    | 239/460 [00:52<00:46,  4.74it/s]
Epoch 6/30 [Train]:  52%|█████▏    | 240/460 [00:52<00:46,  4.75it/s]
Epoch 6/30 [Train]:  52%|█████▏    | 241/460 [00:52<00:46,  4.74it/s]
Epoch 6/30 [Train]:  53%|█████▎    | 242/460 [00:53<00:46,  4.74it/s]
Epoch 6/30 [Train]:  53%|█████▎    | 243/460 [00:53<00:45,  4.75it/s]
Epoch 6/30 [Train]:  53%|█████▎    | 244/460 [00:53<00:45,  4.75it/s]
Epoch 6/30 [Train]:  53%|█████▎    | 245/460 [00:53<00:45,  4.75it/s]
Epoch 6/30 [Train]:  53%|█████▎    | 246/460 [00:53<00:45,  4.65it/s]
Epoch 6/30 [Train]:  54%|█████▎    | 247/460 [00:54<00:45,  4.68it/s]
Epoch 6/30 [Train]:  54%|█████▍    | 248/460 [00:54<00:45,  4.67it/s]
Epoch 6/30 [Train]:  54%|█████▍    | 249/460 [00:54<00:44,  4.70it/s]
Epoch 6/30 [Train]:  54%|█████▍    | 250/460 [00:54<00:44,  4.70it/s]
Epoch 6/30 [Train]:  55%|█████▍    | 251/460 [00:54<00:44,  4.71it/s]
Epoch 6/30 [Train]:  55%|█████▍    | 252/460 [00:55<00:44,  4.70it/s]
Epoch 6/30 [Train]:  55%|█████▌    | 253/460 [00:55<00:43,  4.73it/s]
Epoch 6/30 [Train]:  55%|█████▌    | 254/460 [00:55<00:43,  4.73it/s]
Epoch 6/30 [Train]:  55%|█████▌    | 255/460 [00:55<00:43,  4.73it/s]
Epoch 6/30 [Train]:  56%|█████▌    | 256/460 [00:55<00:43,  4.73it/s]
Epoch 6/30 [Train]:  56%|█████▌    | 257/460 [00:56<00:42,  4.74it/s]
Epoch 6/30 [Train]:  56%|█████▌    | 258/460 [00:56<00:42,  4.74it/s]
Epoch 6/30 [Train]:  56%|█████▋    | 259/460 [00:56<00:42,  4.76it/s]
Epoch 6/30 [Train]:  57%|█████▋    | 260/460 [00:56<00:42,  4.73it/s]
Epoch 6/30 [Train]:  57%|█████▋    | 261/460 [00:57<00:41,  4.76it/s]
Epoch 6/30 [Train]:  57%|█████▋    | 262/460 [00:57<00:41,  4.76it/s]
Epoch 6/30 [Train]:  57%|█████▋    | 263/460 [00:57<00:41,  4.75it/s]
Epoch 6/30 [Train]:  57%|█████▋    | 264/460 [00:57<00:41,  4.70it/s]
Epoch 6/30 [Train]:  58%|█████▊    | 265/460 [00:57<00:41,  4.70it/s]
Epoch 6/30 [Train]:  58%|█████▊    | 266/460 [00:58<00:41,  4.69it/s]
Epoch 6/30 [Train]:  58%|█████▊    | 267/460 [00:58<00:41,  4.66it/s]
Epoch 6/30 [Train]:  58%|█████▊    | 268/460 [00:58<00:41,  4.68it/s]
Epoch 6/30 [Train]:  58%|█████▊    | 269/460 [00:58<00:40,  4.70it/s]
Epoch 6/30 [Train]:  59%|█████▊    | 270/460 [00:58<00:40,  4.70it/s]
Epoch 6/30 [Train]:  59%|█████▉    | 271/460 [00:59<00:41,  4.60it/s]
Epoch 6/30 [Train]:  59%|█████▉    | 272/460 [00:59<00:41,  4.57it/s]
Epoch 6/30 [Train]:  59%|█████▉    | 273/460 [00:59<00:41,  4.53it/s]
Epoch 6/30 [Train]:  60%|█████▉    | 274/460 [00:59<00:41,  4.50it/s]
Epoch 6/30 [Train]:  60%|█████▉    | 275/460 [01:00<00:40,  4.54it/s]
Epoch 6/30 [Train]:  60%|██████    | 276/460 [01:00<00:40,  4.58it/s]
Epoch 6/30 [Train]:  60%|██████    | 277/460 [01:00<00:39,  4.63it/s]
Epoch 6/30 [Train]:  60%|██████    | 278/460 [01:00<00:38,  4.67it/s]
Epoch 6/30 [Train]:  61%|██████    | 279/460 [01:00<00:38,  4.70it/s]
Epoch 6/30 [Train]:  61%|██████    | 280/460 [01:01<00:38,  4.72it/s]
Epoch 6/30 [Train]:  61%|██████    | 281/460 [01:01<00:38,  4.70it/s]
Epoch 6/30 [Train]:  61%|██████▏   | 282/460 [01:01<00:37,  4.73it/s]
Epoch 6/30 [Train]:  62%|██████▏   | 283/460 [01:01<00:37,  4.75it/s]
Epoch 6/30 [Train]:  62%|██████▏   | 284/460 [01:01<00:36,  4.77it/s]
Epoch 6/30 [Train]:  62%|██████▏   | 285/460 [01:02<00:36,  4.79it/s]
Epoch 6/30 [Train]:  62%|██████▏   | 286/460 [01:02<00:36,  4.80it/s]
Epoch 6/30 [Train]:  62%|██████▏   | 287/460 [01:02<00:36,  4.77it/s]
Epoch 6/30 [Train]:  63%|██████▎   | 288/460 [01:02<00:36,  4.77it/s]
Epoch 6/30 [Train]:  63%|██████▎   | 289/460 [01:03<00:35,  4.79it/s]
Epoch 6/30 [Train]:  63%|██████▎   | 290/460 [01:03<00:35,  4.77it/s]
Epoch 6/30 [Train]:  63%|██████▎   | 291/460 [01:03<00:35,  4.76it/s]
Epoch 6/30 [Train]:  63%|██████▎   | 292/460 [01:03<00:35,  4.75it/s]
Epoch 6/30 [Train]:  64%|██████▎   | 293/460 [01:03<00:35,  4.73it/s]
Epoch 6/30 [Train]:  64%|██████▍   | 294/460 [01:04<00:34,  4.77it/s]
Epoch 6/30 [Train]:  64%|██████▍   | 295/460 [01:04<00:34,  4.76it/s]
Epoch 6/30 [Train]:  64%|██████▍   | 296/460 [01:04<00:34,  4.76it/s]
Epoch 6/30 [Train]:  65%|██████▍   | 297/460 [01:04<00:34,  4.74it/s]
Epoch 6/30 [Train]:  65%|██████▍   | 298/460 [01:04<00:34,  4.74it/s]
Epoch 6/30 [Train]:  65%|██████▌   | 299/460 [01:05<00:34,  4.71it/s]
Epoch 6/30 [Train]:  65%|██████▌   | 300/460 [01:05<00:33,  4.74it/s]
Epoch 6/30 [Train]:  65%|██████▌   | 301/460 [01:05<00:33,  4.76it/s]
Epoch 6/30 [Train]:  66%|██████▌   | 302/460 [01:05<00:33,  4.76it/s]
Epoch 6/30 [Train]:  66%|██████▌   | 303/460 [01:05<00:32,  4.77it/s]
Epoch 6/30 [Train]:  66%|██████▌   | 304/460 [01:06<00:32,  4.76it/s]
Epoch 6/30 [Train]:  66%|██████▋   | 305/460 [01:06<00:32,  4.76it/s]
Epoch 6/30 [Train]:  67%|██████▋   | 306/460 [01:06<00:32,  4.75it/s]
Epoch 6/30 [Train]:  67%|██████▋   | 307/460 [01:06<00:32,  4.74it/s]
Epoch 6/30 [Train]:  67%|██████▋   | 308/460 [01:07<00:32,  4.73it/s]
Epoch 6/30 [Train]:  67%|██████▋   | 309/460 [01:07<00:32,  4.71it/s]
Epoch 6/30 [Train]:  67%|██████▋   | 310/460 [01:07<00:32,  4.69it/s]
Epoch 6/30 [Train]:  68%|██████▊   | 311/460 [01:07<00:31,  4.68it/s]
Epoch 6/30 [Train]:  68%|██████▊   | 312/460 [01:07<00:31,  4.65it/s]
Epoch 6/30 [Train]:  68%|██████▊   | 313/460 [01:08<00:31,  4.68it/s]
Epoch 6/30 [Train]:  68%|██████▊   | 314/460 [01:08<00:31,  4.67it/s]
Epoch 6/30 [Train]:  68%|██████▊   | 315/460 [01:08<00:30,  4.69it/s]
Epoch 6/30 [Train]:  69%|██████▊   | 316/460 [01:08<00:30,  4.71it/s]
Epoch 6/30 [Train]:  69%|██████▉   | 317/460 [01:08<00:30,  4.71it/s]
Epoch 6/30 [Train]:  69%|██████▉   | 318/460 [01:09<00:29,  4.76it/s]
Epoch 6/30 [Train]:  69%|██████▉   | 319/460 [01:09<00:29,  4.72it/s]
Epoch 6/30 [Train]:  70%|██████▉   | 320/460 [01:09<00:29,  4.69it/s]
Epoch 6/30 [Train]:  70%|██████▉   | 321/460 [01:09<00:29,  4.64it/s]
Epoch 6/30 [Train]:  70%|███████   | 322/460 [01:10<00:29,  4.67it/s]
Epoch 6/30 [Train]:  70%|███████   | 323/460 [01:10<00:29,  4.68it/s]
Epoch 6/30 [Train]:  70%|███████   | 324/460 [01:10<00:29,  4.69it/s]
Epoch 6/30 [Train]:  71%|███████   | 325/460 [01:10<00:28,  4.71it/s]
Epoch 6/30 [Train]:  71%|███████   | 326/460 [01:10<00:28,  4.67it/s]
Epoch 6/30 [Train]:  71%|███████   | 327/460 [01:11<00:28,  4.70it/s]
Epoch 6/30 [Train]:  71%|███████▏  | 328/460 [01:11<00:27,  4.73it/s]
Epoch 6/30 [Train]:  72%|███████▏  | 329/460 [01:11<00:27,  4.75it/s]
Epoch 6/30 [Train]:  72%|███████▏  | 330/460 [01:11<00:27,  4.75it/s]
Epoch 6/30 [Train]:  72%|███████▏  | 331/460 [01:11<00:27,  4.74it/s]
Epoch 6/30 [Train]:  72%|███████▏  | 332/460 [01:12<00:26,  4.76it/s]
Epoch 6/30 [Train]:  72%|███████▏  | 333/460 [01:12<00:26,  4.76it/s]
Epoch 6/30 [Train]:  73%|███████▎  | 334/460 [01:12<00:26,  4.78it/s]
Epoch 6/30 [Train]:  73%|███████▎  | 335/460 [01:12<00:26,  4.79it/s]
Epoch 6/30 [Train]:  73%|███████▎  | 336/460 [01:12<00:26,  4.76it/s]
Epoch 6/30 [Train]:  73%|███████▎  | 337/460 [01:13<00:25,  4.75it/s]
Epoch 6/30 [Train]:  73%|███████▎  | 338/460 [01:13<00:25,  4.70it/s]
Epoch 6/30 [Train]:  74%|███████▎  | 339/460 [01:13<00:25,  4.72it/s]
Epoch 6/30 [Train]:  74%|███████▍  | 340/460 [01:13<00:25,  4.74it/s]
Epoch 6/30 [Train]:  74%|███████▍  | 341/460 [01:14<00:25,  4.75it/s]
Epoch 6/30 [Train]:  74%|███████▍  | 342/460 [01:14<00:24,  4.77it/s]
Epoch 6/30 [Train]:  75%|███████▍  | 343/460 [01:14<00:24,  4.80it/s]
Epoch 6/30 [Train]:  75%|███████▍  | 344/460 [01:14<00:24,  4.78it/s]
Epoch 6/30 [Train]:  75%|███████▌  | 345/460 [01:14<00:24,  4.75it/s]
Epoch 6/30 [Train]:  75%|███████▌  | 346/460 [01:15<00:23,  4.77it/s]
Epoch 6/30 [Train]:  75%|███████▌  | 347/460 [01:15<00:23,  4.77it/s]
Epoch 6/30 [Train]:  76%|███████▌  | 348/460 [01:15<00:23,  4.76it/s]
Epoch 6/30 [Train]:  76%|███████▌  | 349/460 [01:15<00:23,  4.77it/s]
Epoch 6/30 [Train]:  76%|███████▌  | 350/460 [01:15<00:22,  4.79it/s]
Epoch 6/30 [Train]:  76%|███████▋  | 351/460 [01:16<00:22,  4.78it/s]
Epoch 6/30 [Train]:  77%|███████▋  | 352/460 [01:16<00:22,  4.79it/s]
Epoch 6/30 [Train]:  77%|███████▋  | 353/460 [01:16<00:22,  4.78it/s]
Epoch 6/30 [Train]:  77%|███████▋  | 354/460 [01:16<00:22,  4.77it/s]
Epoch 6/30 [Train]:  77%|███████▋  | 355/460 [01:16<00:22,  4.75it/s]
Epoch 6/30 [Train]:  77%|███████▋  | 356/460 [01:17<00:21,  4.75it/s]
Epoch 6/30 [Train]:  78%|███████▊  | 357/460 [01:17<00:21,  4.76it/s]
Epoch 6/30 [Train]:  78%|███████▊  | 358/460 [01:17<00:21,  4.75it/s]
Epoch 6/30 [Train]:  78%|███████▊  | 359/460 [01:17<00:21,  4.78it/s]
Epoch 6/30 [Train]:  78%|███████▊  | 360/460 [01:18<00:21,  4.74it/s]
Epoch 6/30 [Train]:  78%|███████▊  | 361/460 [01:18<00:20,  4.76it/s]
Epoch 6/30 [Train]:  79%|███████▊  | 362/460 [01:18<00:20,  4.76it/s]
Epoch 6/30 [Train]:  79%|███████▉  | 363/460 [01:18<00:20,  4.75it/s]
Epoch 6/30 [Train]:  79%|███████▉  | 364/460 [01:18<00:20,  4.75it/s]
Epoch 6/30 [Train]:  79%|███████▉  | 365/460 [01:19<00:20,  4.73it/s]
Epoch 6/30 [Train]:  80%|███████▉  | 366/460 [01:19<00:19,  4.74it/s]
Epoch 6/30 [Train]:  80%|███████▉  | 367/460 [01:19<00:19,  4.68it/s]
Epoch 6/30 [Train]:  80%|████████  | 368/460 [01:19<00:19,  4.61it/s]
Epoch 6/30 [Train]:  80%|████████  | 369/460 [01:19<00:19,  4.56it/s]
Epoch 6/30 [Train]:  80%|████████  | 370/460 [01:20<00:19,  4.62it/s]
Epoch 6/30 [Train]:  81%|████████  | 371/460 [01:20<00:19,  4.62it/s]
Epoch 6/30 [Train]:  81%|████████  | 372/460 [01:20<00:18,  4.65it/s]
Epoch 6/30 [Train]:  81%|████████  | 373/460 [01:20<00:18,  4.66it/s]
Epoch 6/30 [Train]:  81%|████████▏ | 374/460 [01:21<00:18,  4.66it/s]
Epoch 6/30 [Train]:  82%|████████▏ | 375/460 [01:21<00:18,  4.70it/s]
Epoch 6/30 [Train]:  82%|████████▏ | 376/460 [01:21<00:17,  4.70it/s]
Epoch 6/30 [Train]:  82%|████████▏ | 377/460 [01:21<00:17,  4.72it/s]
Epoch 6/30 [Train]:  82%|████████▏ | 378/460 [01:21<00:17,  4.74it/s]
Epoch 6/30 [Train]:  82%|████████▏ | 379/460 [01:22<00:17,  4.74it/s]
Epoch 6/30 [Train]:  83%|████████▎ | 380/460 [01:22<00:16,  4.75it/s]
Epoch 6/30 [Train]:  83%|████████▎ | 381/460 [01:22<00:16,  4.75it/s]
Epoch 6/30 [Train]:  83%|████████▎ | 382/460 [01:22<00:16,  4.74it/s]
Epoch 6/30 [Train]:  83%|████████▎ | 383/460 [01:22<00:16,  4.72it/s]
Epoch 6/30 [Train]:  83%|████████▎ | 384/460 [01:23<00:16,  4.74it/s]
Epoch 6/30 [Train]:  84%|████████▎ | 385/460 [01:23<00:15,  4.71it/s]
Epoch 6/30 [Train]:  84%|████████▍ | 386/460 [01:23<00:15,  4.73it/s]
Epoch 6/30 [Train]:  84%|████████▍ | 387/460 [01:23<00:15,  4.75it/s]
Epoch 6/30 [Train]:  84%|████████▍ | 388/460 [01:23<00:15,  4.77it/s]
Epoch 6/30 [Train]:  85%|████████▍ | 389/460 [01:24<00:14,  4.77it/s]
Epoch 6/30 [Train]:  85%|████████▍ | 390/460 [01:24<00:14,  4.78it/s]
Epoch 6/30 [Train]:  85%|████████▌ | 391/460 [01:24<00:14,  4.78it/s]
Epoch 6/30 [Train]:  85%|████████▌ | 392/460 [01:24<00:14,  4.73it/s]
Epoch 6/30 [Train]:  85%|████████▌ | 393/460 [01:25<00:14,  4.71it/s]
Epoch 6/30 [Train]:  86%|████████▌ | 394/460 [01:25<00:13,  4.72it/s]
Epoch 6/30 [Train]:  86%|████████▌ | 395/460 [01:25<00:13,  4.75it/s]
Epoch 6/30 [Train]:  86%|████████▌ | 396/460 [01:25<00:13,  4.80it/s]
Epoch 6/30 [Train]:  86%|████████▋ | 397/460 [01:25<00:13,  4.78it/s]
Epoch 6/30 [Train]:  87%|████████▋ | 398/460 [01:26<00:12,  4.78it/s]
Epoch 6/30 [Train]:  87%|████████▋ | 399/460 [01:26<00:12,  4.81it/s]
Epoch 6/30 [Train]:  87%|████████▋ | 400/460 [01:26<00:12,  4.80it/s]
Epoch 6/30 [Train]:  87%|████████▋ | 401/460 [01:26<00:12,  4.80it/s]
Epoch 6/30 [Train]:  87%|████████▋ | 402/460 [01:26<00:12,  4.77it/s]
Epoch 6/30 [Train]:  88%|████████▊ | 403/460 [01:27<00:11,  4.79it/s]
Epoch 6/30 [Train]:  88%|████████▊ | 404/460 [01:27<00:11,  4.74it/s]
Epoch 6/30 [Train]:  88%|████████▊ | 405/460 [01:27<00:11,  4.75it/s]
Epoch 6/30 [Train]:  88%|████████▊ | 406/460 [01:27<00:11,  4.74it/s]
Epoch 6/30 [Train]:  88%|████████▊ | 407/460 [01:27<00:11,  4.76it/s]
Epoch 6/30 [Train]:  89%|████████▊ | 408/460 [01:28<00:10,  4.75it/s]
Epoch 6/30 [Train]:  89%|████████▉ | 409/460 [01:28<00:10,  4.76it/s]
Epoch 6/30 [Train]:  89%|████████▉ | 410/460 [01:28<00:10,  4.77it/s]
Epoch 6/30 [Train]:  89%|████████▉ | 411/460 [01:28<00:10,  4.79it/s]
Epoch 6/30 [Train]:  90%|████████▉ | 412/460 [01:28<00:09,  4.80it/s]
Epoch 6/30 [Train]:  90%|████████▉ | 413/460 [01:29<00:09,  4.76it/s]
Epoch 6/30 [Train]:  90%|█████████ | 414/460 [01:29<00:09,  4.73it/s]
Epoch 6/30 [Train]:  90%|█████████ | 415/460 [01:29<00:09,  4.69it/s]
Epoch 6/30 [Train]:  90%|█████████ | 416/460 [01:29<00:09,  4.66it/s]
Epoch 6/30 [Train]:  91%|█████████ | 417/460 [01:30<00:09,  4.70it/s]
Epoch 6/30 [Train]:  91%|█████████ | 418/460 [01:30<00:08,  4.72it/s]
Epoch 6/30 [Train]:  91%|█████████ | 419/460 [01:30<00:08,  4.74it/s]
Epoch 6/30 [Train]:  91%|█████████▏| 420/460 [01:30<00:08,  4.77it/s]
Epoch 6/30 [Train]:  92%|█████████▏| 421/460 [01:30<00:08,  4.71it/s]
Epoch 6/30 [Train]:  92%|█████████▏| 422/460 [01:31<00:08,  4.70it/s]
Epoch 6/30 [Train]:  92%|█████████▏| 423/460 [01:31<00:07,  4.69it/s]
Epoch 6/30 [Train]:  92%|█████████▏| 424/460 [01:31<00:07,  4.69it/s]
Epoch 6/30 [Train]:  92%|█████████▏| 425/460 [01:31<00:07,  4.70it/s]
Epoch 6/30 [Train]:  93%|█████████▎| 426/460 [01:31<00:07,  4.69it/s]
Epoch 6/30 [Train]:  93%|█████████▎| 427/460 [01:32<00:07,  4.68it/s]
Epoch 6/30 [Train]:  93%|█████████▎| 428/460 [01:32<00:06,  4.74it/s]
Epoch 6/30 [Train]:  93%|█████████▎| 429/460 [01:32<00:06,  4.78it/s]
Epoch 6/30 [Train]:  93%|█████████▎| 430/460 [01:32<00:06,  4.77it/s]
Epoch 6/30 [Train]:  94%|█████████▎| 431/460 [01:33<00:06,  4.73it/s]
Epoch 6/30 [Train]:  94%|█████████▍| 432/460 [01:33<00:05,  4.78it/s]
Epoch 6/30 [Train]:  94%|█████████▍| 433/460 [01:33<00:05,  4.83it/s]
Epoch 6/30 [Train]:  94%|█████████▍| 434/460 [01:33<00:05,  4.82it/s]
Epoch 6/30 [Train]:  95%|█████████▍| 435/460 [01:33<00:05,  4.78it/s]
Epoch 6/30 [Train]:  95%|█████████▍| 436/460 [01:34<00:05,  4.76it/s]
Epoch 6/30 [Train]:  95%|█████████▌| 437/460 [01:34<00:04,  4.74it/s]
Epoch 6/30 [Train]:  95%|█████████▌| 438/460 [01:34<00:04,  4.75it/s]
Epoch 6/30 [Train]:  95%|█████████▌| 439/460 [01:34<00:04,  4.75it/s]
Epoch 6/30 [Train]:  96%|█████████▌| 440/460 [01:34<00:04,  4.74it/s]
Epoch 6/30 [Train]:  96%|█████████▌| 441/460 [01:35<00:04,  4.71it/s]
Epoch 6/30 [Train]:  96%|█████████▌| 442/460 [01:35<00:03,  4.66it/s]
Epoch 6/30 [Train]:  96%|█████████▋| 443/460 [01:35<00:03,  4.64it/s]
Epoch 6/30 [Train]:  97%|█████████▋| 444/460 [01:35<00:03,  4.69it/s]
Epoch 6/30 [Train]:  97%|█████████▋| 445/460 [01:35<00:03,  4.68it/s]
Epoch 6/30 [Train]:  97%|█████████▋| 446/460 [01:36<00:02,  4.72it/s]
Epoch 6/30 [Train]:  97%|█████████▋| 447/460 [01:36<00:02,  4.72it/s]
Epoch 6/30 [Train]:  97%|█████████▋| 448/460 [01:36<00:02,  4.72it/s]
Epoch 6/30 [Train]:  98%|█████████▊| 449/460 [01:36<00:02,  4.67it/s]
Epoch 6/30 [Train]:  98%|█████████▊| 450/460 [01:37<00:02,  4.65it/s]
Epoch 6/30 [Train]:  98%|█████████▊| 451/460 [01:37<00:01,  4.67it/s]
Epoch 6/30 [Train]:  98%|█████████▊| 452/460 [01:37<00:01,  4.69it/s]
Epoch 6/30 [Train]:  98%|█████████▊| 453/460 [01:37<00:01,  4.69it/s]
Epoch 6/30 [Train]:  99%|█████████▊| 454/460 [01:37<00:01,  4.63it/s]
Epoch 6/30 [Train]:  99%|█████████▉| 455/460 [01:38<00:01,  4.62it/s]
Epoch 6/30 [Train]:  99%|█████████▉| 456/460 [01:38<00:00,  4.64it/s]
Epoch 6/30 [Train]:  99%|█████████▉| 457/460 [01:38<00:00,  4.69it/s]
Epoch 6/30 [Train]: 100%|█████████▉| 458/460 [01:38<00:00,  4.73it/s]
Epoch 6/30 [Train]: 100%|█████████▉| 459/460 [01:38<00:00,  4.74it/s]
Epoch 6/30 [Train]: 100%|██████████| 460/460 [01:39<00:00,  5.33it/s]
                                                                     

Epoch 7/30 [Train]:   0%|          | 0/460 [00:00<?, ?it/s]
Epoch 7/30 [Train]:   0%|          | 1/460 [00:00<01:37,  4.73it/s]
Epoch 7/30 [Train]:   0%|          | 2/460 [00:00<01:37,  4.72it/s]
Epoch 7/30 [Train]:   1%|          | 3/460 [00:00<01:36,  4.73it/s]
Epoch 7/30 [Train]:   1%|          | 4/460 [00:00<01:36,  4.72it/s]
Epoch 7/30 [Train]:   1%|          | 5/460 [00:01<01:36,  4.71it/s]
Epoch 7/30 [Train]:   1%|▏         | 6/460 [00:01<01:36,  4.69it/s]
Epoch 7/30 [Train]:   2%|▏         | 7/460 [00:01<01:36,  4.71it/s]
Epoch 7/30 [Train]:   2%|▏         | 8/460 [00:01<01:36,  4.67it/s]
Epoch 7/30 [Train]:   2%|▏         | 9/460 [00:01<01:37,  4.64it/s]
Epoch 7/30 [Train]:   2%|▏         | 10/460 [00:02<01:36,  4.65it/s]
Epoch 7/30 [Train]:   2%|▏         | 11/460 [00:02<01:35,  4.69it/s]
Epoch 7/30 [Train]:   3%|▎         | 12/460 [00:02<01:34,  4.73it/s]
Epoch 7/30 [Train]:   3%|▎         | 13/460 [00:02<01:34,  4.75it/s]
Epoch 7/30 [Train]:   3%|▎         | 14/460 [00:02<01:33,  4.75it/s]
Epoch 7/30 [Train]:   3%|▎         | 15/460 [00:03<01:33,  4.75it/s]
Epoch 7/30 [Train]:   3%|▎         | 16/460 [00:03<01:33,  4.75it/s]
Epoch 7/30 [Train]:   4%|▎         | 17/460 [00:03<01:32,  4.78it/s]
Epoch 7/30 [Train]:   4%|▍         | 18/460 [00:03<01:32,  4.76it/s]
Epoch 7/30 [Train]:   4%|▍         | 19/460 [00:04<01:32,  4.77it/s]
Epoch 7/30 [Train]:   4%|▍         | 20/460 [00:04<01:32,  4.77it/s]
Epoch 7/30 [Train]:   5%|▍         | 21/460 [00:04<01:32,  4.76it/s]
Epoch 7/30 [Train]:   5%|▍         | 22/460 [00:04<01:31,  4.77it/s]
Epoch 7/30 [Train]:   5%|▌         | 23/460 [00:04<01:32,  4.75it/s]
Epoch 7/30 [Train]:   5%|▌         | 24/460 [00:05<01:31,  4.74it/s]
Epoch 7/30 [Train]:   5%|▌         | 25/460 [00:05<01:32,  4.71it/s]
Epoch 7/30 [Train]:   6%|▌         | 26/460 [00:05<01:31,  4.72it/s]
Epoch 7/30 [Train]:   6%|▌         | 27/460 [00:05<01:31,  4.73it/s]
Epoch 7/30 [Train]:   6%|▌         | 28/460 [00:05<01:31,  4.75it/s]
Epoch 7/30 [Train]:   6%|▋         | 29/460 [00:06<01:30,  4.77it/s]
Epoch 7/30 [Train]:   7%|▋         | 30/460 [00:06<01:30,  4.77it/s]
Epoch 7/30 [Train]:   7%|▋         | 31/460 [00:06<01:29,  4.77it/s]
Epoch 7/30 [Train]:   7%|▋         | 32/460 [00:06<01:29,  4.78it/s]
Epoch 7/30 [Train]:   7%|▋         | 33/460 [00:06<01:29,  4.77it/s]
Epoch 7/30 [Train]:   7%|▋         | 34/460 [00:07<01:29,  4.76it/s]
Epoch 7/30 [Train]:   8%|▊         | 35/460 [00:07<01:29,  4.76it/s]
Epoch 7/30 [Train]:   8%|▊         | 36/460 [00:07<01:28,  4.77it/s]
Epoch 7/30 [Train]:   8%|▊         | 37/460 [00:07<01:28,  4.77it/s]
Epoch 7/30 [Train]:   8%|▊         | 38/460 [00:08<01:28,  4.76it/s]
Epoch 7/30 [Train]:   8%|▊         | 39/460 [00:08<01:28,  4.75it/s]
Epoch 7/30 [Train]:   9%|▊         | 40/460 [00:08<01:28,  4.75it/s]
Epoch 7/30 [Train]:   9%|▉         | 41/460 [00:08<01:28,  4.72it/s]
Epoch 7/30 [Train]:   9%|▉         | 42/460 [00:08<01:28,  4.74it/s]
Epoch 7/30 [Train]:   9%|▉         | 43/460 [00:09<01:27,  4.74it/s]
Epoch 7/30 [Train]:  10%|▉         | 44/460 [00:09<01:27,  4.73it/s]
Epoch 7/30 [Train]:  10%|▉         | 45/460 [00:09<01:29,  4.64it/s]
Epoch 7/30 [Train]:  10%|█         | 46/460 [00:09<01:30,  4.56it/s]
Epoch 7/30 [Train]:  10%|█         | 47/460 [00:09<01:30,  4.56it/s]
Epoch 7/30 [Train]:  10%|█         | 48/460 [00:10<01:30,  4.56it/s]
Epoch 7/30 [Train]:  11%|█         | 49/460 [00:10<01:28,  4.63it/s]
Epoch 7/30 [Train]:  11%|█         | 50/460 [00:10<01:28,  4.66it/s]
Epoch 7/30 [Train]:  11%|█         | 51/460 [00:10<01:27,  4.69it/s]
Epoch 7/30 [Train]:  11%|█▏        | 52/460 [00:11<01:26,  4.71it/s]
Epoch 7/30 [Train]:  12%|█▏        | 53/460 [00:11<01:26,  4.73it/s]
Epoch 7/30 [Train]:  12%|█▏        | 54/460 [00:11<01:25,  4.74it/s]
Epoch 7/30 [Train]:  12%|█▏        | 55/460 [00:11<01:25,  4.74it/s]
Epoch 7/30 [Train]:  12%|█▏        | 56/460 [00:11<01:25,  4.73it/s]
Epoch 7/30 [Train]:  12%|█▏        | 57/460 [00:12<01:25,  4.74it/s]
Epoch 7/30 [Train]:  13%|█▎        | 58/460 [00:12<01:24,  4.75it/s]
Epoch 7/30 [Train]:  13%|█▎        | 59/460 [00:12<01:24,  4.74it/s]
Epoch 7/30 [Train]:  13%|█▎        | 60/460 [00:12<01:24,  4.72it/s]
Epoch 7/30 [Train]:  13%|█▎        | 61/460 [00:12<01:24,  4.72it/s]
Epoch 7/30 [Train]:  13%|█▎        | 62/460 [00:13<01:24,  4.72it/s]
Epoch 7/30 [Train]:  14%|█▎        | 63/460 [00:13<01:23,  4.74it/s]
Epoch 7/30 [Train]:  14%|█▍        | 64/460 [00:13<01:24,  4.71it/s]
Epoch 7/30 [Train]:  14%|█▍        | 65/460 [00:13<01:23,  4.74it/s]
Epoch 7/30 [Train]:  14%|█▍        | 66/460 [00:13<01:23,  4.72it/s]
Epoch 7/30 [Train]:  15%|█▍        | 67/460 [00:14<01:22,  4.75it/s]
Epoch 7/30 [Train]:  15%|█▍        | 68/460 [00:14<01:22,  4.77it/s]
Epoch 7/30 [Train]:  15%|█▌        | 69/460 [00:14<01:21,  4.80it/s]
Epoch 7/30 [Train]:  15%|█▌        | 70/460 [00:14<01:21,  4.79it/s]
Epoch 7/30 [Train]:  15%|█▌        | 71/460 [00:15<01:21,  4.79it/s]
Epoch 7/30 [Train]:  16%|█▌        | 72/460 [00:15<01:21,  4.79it/s]
Epoch 7/30 [Train]:  16%|█▌        | 73/460 [00:15<01:21,  4.77it/s]
Epoch 7/30 [Train]:  16%|█▌        | 74/460 [00:15<01:21,  4.74it/s]
Epoch 7/30 [Train]:  16%|█▋        | 75/460 [00:15<01:20,  4.76it/s]
Epoch 7/30 [Train]:  17%|█▋        | 76/460 [00:16<01:20,  4.79it/s]
Epoch 7/30 [Train]:  17%|█▋        | 77/460 [00:16<01:20,  4.77it/s]
Epoch 7/30 [Train]:  17%|█▋        | 78/460 [00:16<01:19,  4.79it/s]
Epoch 7/30 [Train]:  17%|█▋        | 79/460 [00:16<01:20,  4.76it/s]
Epoch 7/30 [Train]:  17%|█▋        | 80/460 [00:16<01:20,  4.75it/s]
Epoch 7/30 [Train]:  18%|█▊        | 81/460 [00:17<01:19,  4.75it/s]
Epoch 7/30 [Train]:  18%|█▊        | 82/460 [00:17<01:19,  4.73it/s]
Epoch 7/30 [Train]:  18%|█▊        | 83/460 [00:17<01:19,  4.75it/s]
Epoch 7/30 [Train]:  18%|█▊        | 84/460 [00:17<01:19,  4.74it/s]
Epoch 7/30 [Train]:  18%|█▊        | 85/460 [00:17<01:19,  4.72it/s]
Epoch 7/30 [Train]:  19%|█▊        | 86/460 [00:18<01:18,  4.75it/s]
Epoch 7/30 [Train]:  19%|█▉        | 87/460 [00:18<01:18,  4.76it/s]
Epoch 7/30 [Train]:  19%|█▉        | 88/460 [00:18<01:17,  4.78it/s]
Epoch 7/30 [Train]:  19%|█▉        | 89/460 [00:18<01:17,  4.79it/s]
Epoch 7/30 [Train]:  20%|█▉        | 90/460 [00:19<01:17,  4.80it/s]
Epoch 7/30 [Train]:  20%|█▉        | 91/460 [00:19<01:17,  4.79it/s]
Epoch 7/30 [Train]:  20%|██        | 92/460 [00:19<01:17,  4.75it/s]
Epoch 7/30 [Train]:  20%|██        | 93/460 [00:19<01:17,  4.71it/s]
Epoch 7/30 [Train]:  20%|██        | 94/460 [00:19<01:18,  4.69it/s]
Epoch 7/30 [Train]:  21%|██        | 95/460 [00:20<01:17,  4.69it/s]
Epoch 7/30 [Train]:  21%|██        | 96/460 [00:20<01:17,  4.69it/s]
Epoch 7/30 [Train]:  21%|██        | 97/460 [00:20<01:17,  4.67it/s]
Epoch 7/30 [Train]:  21%|██▏       | 98/460 [00:20<01:17,  4.69it/s]
Epoch 7/30 [Train]:  22%|██▏       | 99/460 [00:20<01:17,  4.66it/s]
Epoch 7/30 [Train]:  22%|██▏       | 100/460 [00:21<01:17,  4.65it/s]
Epoch 7/30 [Train]:  22%|██▏       | 101/460 [00:21<01:17,  4.65it/s]
Epoch 7/30 [Train]:  22%|██▏       | 102/460 [00:21<01:16,  4.66it/s]
Epoch 7/30 [Train]:  22%|██▏       | 103/460 [00:21<01:16,  4.64it/s]
Epoch 7/30 [Train]:  23%|██▎       | 104/460 [00:22<01:16,  4.64it/s]
Epoch 7/30 [Train]:  23%|██▎       | 105/460 [00:22<01:16,  4.64it/s]
Epoch 7/30 [Train]:  23%|██▎       | 106/460 [00:22<01:15,  4.67it/s]
Epoch 7/30 [Train]:  23%|██▎       | 107/460 [00:22<01:15,  4.69it/s]
Epoch 7/30 [Train]:  23%|██▎       | 108/460 [00:22<01:14,  4.71it/s]
Epoch 7/30 [Train]:  24%|██▎       | 109/460 [00:23<01:14,  4.71it/s]
Epoch 7/30 [Train]:  24%|██▍       | 110/460 [00:23<01:13,  4.74it/s]
Epoch 7/30 [Train]:  24%|██▍       | 111/460 [00:23<01:13,  4.76it/s]
Epoch 7/30 [Train]:  24%|██▍       | 112/460 [00:23<01:13,  4.74it/s]
Epoch 7/30 [Train]:  25%|██▍       | 113/460 [00:23<01:13,  4.75it/s]
Epoch 7/30 [Train]:  25%|██▍       | 114/460 [00:24<01:12,  4.76it/s]
Epoch 7/30 [Train]:  25%|██▌       | 115/460 [00:24<01:12,  4.77it/s]
Epoch 7/30 [Train]:  25%|██▌       | 116/460 [00:24<01:12,  4.76it/s]
Epoch 7/30 [Train]:  25%|██▌       | 117/460 [00:24<01:12,  4.75it/s]
Epoch 7/30 [Train]:  26%|██▌       | 118/460 [00:24<01:11,  4.75it/s]
Epoch 7/30 [Train]:  26%|██▌       | 119/460 [00:25<01:11,  4.75it/s]
Epoch 7/30 [Train]:  26%|██▌       | 120/460 [00:25<01:11,  4.76it/s]
Epoch 7/30 [Train]:  26%|██▋       | 121/460 [00:25<01:11,  4.77it/s]
Epoch 7/30 [Train]:  27%|██▋       | 122/460 [00:25<01:11,  4.76it/s]
Epoch 7/30 [Train]:  27%|██▋       | 123/460 [00:26<01:11,  4.73it/s]
Epoch 7/30 [Train]:  27%|██▋       | 124/460 [00:26<01:10,  4.76it/s]
Epoch 7/30 [Train]:  27%|██▋       | 125/460 [00:26<01:10,  4.75it/s]
Epoch 7/30 [Train]:  27%|██▋       | 126/460 [00:26<01:10,  4.74it/s]
Epoch 7/30 [Train]:  28%|██▊       | 127/460 [00:26<01:10,  4.70it/s]
Epoch 7/30 [Train]:  28%|██▊       | 128/460 [00:27<01:10,  4.72it/s]
Epoch 7/30 [Train]:  28%|██▊       | 129/460 [00:27<01:10,  4.72it/s]
Epoch 7/30 [Train]:  28%|██▊       | 130/460 [00:27<01:10,  4.71it/s]
Epoch 7/30 [Train]:  28%|██▊       | 131/460 [00:27<01:09,  4.71it/s]
Epoch 7/30 [Train]:  29%|██▊       | 132/460 [00:27<01:10,  4.68it/s]
Epoch 7/30 [Train]:  29%|██▉       | 133/460 [00:28<01:09,  4.68it/s]
Epoch 7/30 [Train]:  29%|██▉       | 134/460 [00:28<01:09,  4.70it/s]
Epoch 7/30 [Train]:  29%|██▉       | 135/460 [00:28<01:09,  4.70it/s]
Epoch 7/30 [Train]:  30%|██▉       | 136/460 [00:28<01:08,  4.70it/s]
Epoch 7/30 [Train]:  30%|██▉       | 137/460 [00:28<01:08,  4.72it/s]
Epoch 7/30 [Train]:  30%|███       | 138/460 [00:29<01:08,  4.71it/s]
Epoch 7/30 [Train]:  30%|███       | 139/460 [00:29<01:08,  4.66it/s]
Epoch 7/30 [Train]:  30%|███       | 140/460 [00:29<01:09,  4.58it/s]
Epoch 7/30 [Train]:  31%|███       | 141/460 [00:29<01:10,  4.54it/s]
Epoch 7/30 [Train]:  31%|███       | 142/460 [00:30<01:09,  4.54it/s]
Epoch 7/30 [Train]:  31%|███       | 143/460 [00:30<01:08,  4.60it/s]
Epoch 7/30 [Train]:  31%|███▏      | 144/460 [00:30<01:08,  4.63it/s]
Epoch 7/30 [Train]:  32%|███▏      | 145/460 [00:30<01:07,  4.67it/s]
Epoch 7/30 [Train]:  32%|███▏      | 146/460 [00:30<01:07,  4.67it/s]
Epoch 7/30 [Train]:  32%|███▏      | 147/460 [00:31<01:06,  4.70it/s]
Epoch 7/30 [Train]:  32%|███▏      | 148/460 [00:31<01:06,  4.71it/s]
Epoch 7/30 [Train]:  32%|███▏      | 149/460 [00:31<01:05,  4.72it/s]
Epoch 7/30 [Train]:  33%|███▎      | 150/460 [00:31<01:05,  4.72it/s]
Epoch 7/30 [Train]:  33%|███▎      | 151/460 [00:31<01:05,  4.72it/s]
Epoch 7/30 [Train]:  33%|███▎      | 152/460 [00:32<01:04,  4.75it/s]
Epoch 7/30 [Train]:  33%|███▎      | 153/460 [00:32<01:04,  4.73it/s]
Epoch 7/30 [Train]:  33%|███▎      | 154/460 [00:32<01:05,  4.71it/s]
Epoch 7/30 [Train]:  34%|███▎      | 155/460 [00:32<01:05,  4.69it/s]
Epoch 7/30 [Train]:  34%|███▍      | 156/460 [00:33<01:05,  4.65it/s]
Epoch 7/30 [Train]:  34%|███▍      | 157/460 [00:33<01:04,  4.67it/s]
Epoch 7/30 [Train]:  34%|███▍      | 158/460 [00:33<01:04,  4.67it/s]
Epoch 7/30 [Train]:  35%|███▍      | 159/460 [00:33<01:04,  4.68it/s]
Epoch 7/30 [Train]:  35%|███▍      | 160/460 [00:33<01:04,  4.68it/s]
Epoch 7/30 [Train]:  35%|███▌      | 161/460 [00:34<01:03,  4.70it/s]
Epoch 7/30 [Train]:  35%|███▌      | 162/460 [00:34<01:02,  4.73it/s]
Epoch 7/30 [Train]:  35%|███▌      | 163/460 [00:34<01:02,  4.73it/s]
Epoch 7/30 [Train]:  36%|███▌      | 164/460 [00:34<01:02,  4.75it/s]
Epoch 7/30 [Train]:  36%|███▌      | 165/460 [00:34<01:02,  4.73it/s]
Epoch 7/30 [Train]:  36%|███▌      | 166/460 [00:35<01:01,  4.74it/s]
Epoch 7/30 [Train]:  36%|███▋      | 167/460 [00:35<01:01,  4.76it/s]
Epoch 7/30 [Train]:  37%|███▋      | 168/460 [00:35<01:01,  4.77it/s]
Epoch 7/30 [Train]:  37%|███▋      | 169/460 [00:35<01:01,  4.74it/s]
Epoch 7/30 [Train]:  37%|███▋      | 170/460 [00:36<01:00,  4.76it/s]
Epoch 7/30 [Train]:  37%|███▋      | 171/460 [00:36<01:00,  4.75it/s]
Epoch 7/30 [Train]:  37%|███▋      | 172/460 [00:36<01:00,  4.76it/s]
Epoch 7/30 [Train]:  38%|███▊      | 173/460 [00:36<01:00,  4.75it/s]
Epoch 7/30 [Train]:  38%|███▊      | 174/460 [00:36<01:00,  4.75it/s]
Epoch 7/30 [Train]:  38%|███▊      | 175/460 [00:37<00:59,  4.77it/s]
Epoch 7/30 [Train]:  38%|███▊      | 176/460 [00:37<00:59,  4.77it/s]
Epoch 7/30 [Train]:  38%|███▊      | 177/460 [00:37<00:59,  4.75it/s]
Epoch 7/30 [Train]:  39%|███▊      | 178/460 [00:37<00:59,  4.77it/s]
Epoch 7/30 [Train]:  39%|███▉      | 179/460 [00:37<00:58,  4.77it/s]
Epoch 7/30 [Train]:  39%|███▉      | 180/460 [00:38<00:58,  4.80it/s]
Epoch 7/30 [Train]:  39%|███▉      | 181/460 [00:38<00:58,  4.80it/s]
Epoch 7/30 [Train]:  40%|███▉      | 182/460 [00:38<00:57,  4.81it/s]
Epoch 7/30 [Train]:  40%|███▉      | 183/460 [00:38<00:57,  4.80it/s]
Epoch 7/30 [Train]:  40%|████      | 184/460 [00:38<00:57,  4.78it/s]
Epoch 7/30 [Train]:  40%|████      | 185/460 [00:39<00:57,  4.78it/s]
Epoch 7/30 [Train]:  40%|████      | 186/460 [00:39<00:57,  4.77it/s]
Epoch 7/30 [Train]:  41%|████      | 187/460 [00:39<00:57,  4.76it/s]
Epoch 7/30 [Train]:  41%|████      | 188/460 [00:39<00:57,  4.74it/s]
Epoch 7/30 [Train]:  41%|████      | 189/460 [00:40<00:57,  4.72it/s]
Epoch 7/30 [Train]:  41%|████▏     | 190/460 [00:40<00:57,  4.73it/s]
Epoch 7/30 [Train]:  42%|████▏     | 191/460 [00:40<00:56,  4.73it/s]
Epoch 7/30 [Train]:  42%|████▏     | 192/460 [00:40<00:56,  4.76it/s]
Epoch 7/30 [Train]:  42%|████▏     | 193/460 [00:40<00:56,  4.74it/s]
Epoch 7/30 [Train]:  42%|████▏     | 194/460 [00:41<00:56,  4.70it/s]
Epoch 7/30 [Train]:  42%|████▏     | 195/460 [00:41<00:56,  4.70it/s]
Epoch 7/30 [Train]:  43%|████▎     | 196/460 [00:41<00:55,  4.72it/s]
Epoch 7/30 [Train]:  43%|████▎     | 197/460 [00:41<00:56,  4.68it/s]
Epoch 7/30 [Train]:  43%|████▎     | 198/460 [00:41<00:55,  4.68it/s]
Epoch 7/30 [Train]:  43%|████▎     | 199/460 [00:42<00:55,  4.69it/s]
Epoch 7/30 [Train]:  43%|████▎     | 200/460 [00:42<00:55,  4.71it/s]
Epoch 7/30 [Train]:  44%|████▎     | 201/460 [00:42<00:54,  4.73it/s]
Epoch 7/30 [Train]:  44%|████▍     | 202/460 [00:42<00:54,  4.76it/s]
Epoch 7/30 [Train]:  44%|████▍     | 203/460 [00:42<00:54,  4.74it/s]
Epoch 7/30 [Train]:  44%|████▍     | 204/460 [00:43<00:54,  4.74it/s]
Epoch 7/30 [Train]:  45%|████▍     | 205/460 [00:43<00:53,  4.77it/s]
Epoch 7/30 [Train]:  45%|████▍     | 206/460 [00:43<00:53,  4.78it/s]
Epoch 7/30 [Train]:  45%|████▌     | 207/460 [00:43<00:53,  4.76it/s]
Epoch 7/30 [Train]:  45%|████▌     | 208/460 [00:44<00:53,  4.75it/s]
Epoch 7/30 [Train]:  45%|████▌     | 209/460 [00:44<00:53,  4.73it/s]
Epoch 7/30 [Train]:  46%|████▌     | 210/460 [00:44<00:52,  4.73it/s]
Epoch 7/30 [Train]:  46%|████▌     | 211/460 [00:44<00:52,  4.73it/s]
Epoch 7/30 [Train]:  46%|████▌     | 212/460 [00:44<00:52,  4.75it/s]
Epoch 7/30 [Train]:  46%|████▋     | 213/460 [00:45<00:52,  4.72it/s]
Epoch 7/30 [Train]:  47%|████▋     | 214/460 [00:45<00:52,  4.67it/s]
Epoch 7/30 [Train]:  47%|████▋     | 215/460 [00:45<00:52,  4.67it/s]
Epoch 7/30 [Train]:  47%|████▋     | 216/460 [00:45<00:52,  4.65it/s]
Epoch 7/30 [Train]:  47%|████▋     | 217/460 [00:45<00:52,  4.64it/s]
Epoch 7/30 [Train]:  47%|████▋     | 218/460 [00:46<00:52,  4.64it/s]
Epoch 7/30 [Train]:  48%|████▊     | 219/460 [00:46<00:51,  4.68it/s]
Epoch 7/30 [Train]:  48%|████▊     | 220/460 [00:46<00:50,  4.72it/s]
Epoch 7/30 [Train]:  48%|████▊     | 221/460 [00:46<00:50,  4.72it/s]
Epoch 7/30 [Train]:  48%|████▊     | 222/460 [00:46<00:50,  4.74it/s]
Epoch 7/30 [Train]:  48%|████▊     | 223/460 [00:47<00:49,  4.77it/s]
Epoch 7/30 [Train]:  49%|████▊     | 224/460 [00:47<00:49,  4.77it/s]
Epoch 7/30 [Train]:  49%|████▉     | 225/460 [00:47<00:49,  4.72it/s]
Epoch 7/30 [Train]:  49%|████▉     | 226/460 [00:47<00:49,  4.73it/s]
Epoch 7/30 [Train]:  49%|████▉     | 227/460 [00:48<00:49,  4.72it/s]
Epoch 7/30 [Train]:  50%|████▉     | 228/460 [00:48<00:48,  4.74it/s]
Epoch 7/30 [Train]:  50%|████▉     | 229/460 [00:48<00:48,  4.79it/s]
Epoch 7/30 [Train]:  50%|█████     | 230/460 [00:48<00:47,  4.79it/s]
Epoch 7/30 [Train]:  50%|█████     | 231/460 [00:48<00:48,  4.76it/s]
Epoch 7/30 [Train]:  50%|█████     | 232/460 [00:49<00:47,  4.77it/s]
Epoch 7/30 [Train]:  51%|█████     | 233/460 [00:49<00:48,  4.73it/s]
Epoch 7/30 [Train]:  51%|█████     | 234/460 [00:49<00:48,  4.65it/s]
Epoch 7/30 [Train]:  51%|█████     | 235/460 [00:49<00:49,  4.58it/s]
Epoch 7/30 [Train]:  51%|█████▏    | 236/460 [00:49<00:49,  4.53it/s]
Epoch 7/30 [Train]:  52%|█████▏    | 237/460 [00:50<00:48,  4.63it/s]
Epoch 7/30 [Train]:  52%|█████▏    | 238/460 [00:50<00:46,  4.73it/s]
Epoch 7/30 [Train]:  52%|█████▏    | 239/460 [00:50<00:45,  4.81it/s]
Epoch 7/30 [Train]:  52%|█████▏    | 240/460 [00:50<00:45,  4.84it/s]
Epoch 7/30 [Train]:  52%|█████▏    | 241/460 [00:50<00:44,  4.87it/s]
Epoch 7/30 [Train]:  53%|█████▎    | 242/460 [00:51<00:44,  4.91it/s]
Epoch 7/30 [Train]:  53%|█████▎    | 243/460 [00:51<00:44,  4.91it/s]
Epoch 7/30 [Train]:  53%|█████▎    | 244/460 [00:51<00:43,  4.94it/s]
Epoch 7/30 [Train]:  53%|█████▎    | 245/460 [00:51<00:43,  4.91it/s]
Epoch 7/30 [Train]:  53%|█████▎    | 246/460 [00:52<00:43,  4.90it/s]
Epoch 7/30 [Train]:  54%|█████▎    | 247/460 [00:52<00:43,  4.87it/s]
Epoch 7/30 [Train]:  54%|█████▍    | 248/460 [00:52<00:43,  4.90it/s]
Epoch 7/30 [Train]:  54%|█████▍    | 249/460 [00:52<00:42,  4.93it/s]
Epoch 7/30 [Train]:  54%|█████▍    | 250/460 [00:52<00:42,  4.90it/s]
Epoch 7/30 [Train]:  55%|█████▍    | 251/460 [00:53<00:42,  4.89it/s]
Epoch 7/30 [Train]:  55%|█████▍    | 252/460 [00:53<00:42,  4.90it/s]
Epoch 7/30 [Train]:  55%|█████▌    | 253/460 [00:53<00:42,  4.91it/s]
Epoch 7/30 [Train]:  55%|█████▌    | 254/460 [00:53<00:42,  4.90it/s]
Epoch 7/30 [Train]:  55%|█████▌    | 255/460 [00:53<00:41,  4.89it/s]
Epoch 7/30 [Train]:  56%|█████▌    | 256/460 [00:54<00:41,  4.87it/s]
Epoch 7/30 [Train]:  56%|█████▌    | 257/460 [00:54<00:41,  4.88it/s]
Epoch 7/30 [Train]:  56%|█████▌    | 258/460 [00:54<00:41,  4.88it/s]
Epoch 7/30 [Train]:  56%|█████▋    | 259/460 [00:54<00:41,  4.87it/s]
Epoch 7/30 [Train]:  57%|█████▋    | 260/460 [00:54<00:41,  4.85it/s]
Epoch 7/30 [Train]:  57%|█████▋    | 261/460 [00:55<00:41,  4.81it/s]
Epoch 7/30 [Train]:  57%|█████▋    | 262/460 [00:55<00:41,  4.80it/s]
Epoch 7/30 [Train]:  57%|█████▋    | 263/460 [00:55<00:40,  4.81it/s]
Epoch 7/30 [Train]:  57%|█████▋    | 264/460 [00:55<00:40,  4.84it/s]
Epoch 7/30 [Train]:  58%|█████▊    | 265/460 [00:55<00:40,  4.85it/s]
Epoch 7/30 [Train]:  58%|█████▊    | 266/460 [00:56<00:40,  4.84it/s]
Epoch 7/30 [Train]:  58%|█████▊    | 267/460 [00:56<00:39,  4.87it/s]
Epoch 7/30 [Train]:  58%|█████▊    | 268/460 [00:56<00:39,  4.83it/s]
Epoch 7/30 [Train]:  58%|█████▊    | 269/460 [00:56<00:39,  4.83it/s]
Epoch 7/30 [Train]:  59%|█████▊    | 270/460 [00:56<00:39,  4.81it/s]
Epoch 7/30 [Train]:  59%|█████▉    | 271/460 [00:57<00:39,  4.80it/s]
Epoch 7/30 [Train]:  59%|█████▉    | 272/460 [00:57<00:38,  4.86it/s]
Epoch 7/30 [Train]:  59%|█████▉    | 273/460 [00:57<00:38,  4.82it/s]
Epoch 7/30 [Train]:  60%|█████▉    | 274/460 [00:57<00:38,  4.86it/s]
Epoch 7/30 [Train]:  60%|█████▉    | 275/460 [00:57<00:38,  4.82it/s]
Epoch 7/30 [Train]:  60%|██████    | 276/460 [00:58<00:38,  4.80it/s]
Epoch 7/30 [Train]:  60%|██████    | 277/460 [00:58<00:38,  4.80it/s]
Epoch 7/30 [Train]:  60%|██████    | 278/460 [00:58<00:37,  4.80it/s]
Epoch 7/30 [Train]:  61%|██████    | 279/460 [00:58<00:37,  4.78it/s]
Epoch 7/30 [Train]:  61%|██████    | 280/460 [00:59<00:37,  4.78it/s]
Epoch 7/30 [Train]:  61%|██████    | 281/460 [00:59<00:37,  4.76it/s]
Epoch 7/30 [Train]:  61%|██████▏   | 282/460 [00:59<00:37,  4.70it/s]
Epoch 7/30 [Train]:  62%|██████▏   | 283/460 [00:59<00:38,  4.65it/s]
Epoch 7/30 [Train]:  62%|██████▏   | 284/460 [00:59<00:38,  4.61it/s]
Epoch 7/30 [Train]:  62%|██████▏   | 285/460 [01:00<00:37,  4.65it/s]
Epoch 7/30 [Train]:  62%|██████▏   | 286/460 [01:00<00:37,  4.66it/s]
Epoch 7/30 [Train]:  62%|██████▏   | 287/460 [01:00<00:36,  4.69it/s]
Epoch 7/30 [Train]:  63%|██████▎   | 288/460 [01:00<00:36,  4.69it/s]
Epoch 7/30 [Train]:  63%|██████▎   | 289/460 [01:00<00:36,  4.69it/s]
Epoch 7/30 [Train]:  63%|██████▎   | 290/460 [01:01<00:36,  4.69it/s]
Epoch 7/30 [Train]:  63%|██████▎   | 291/460 [01:01<00:35,  4.70it/s]
Epoch 7/30 [Train]:  63%|██████▎   | 292/460 [01:01<00:35,  4.69it/s]
Epoch 7/30 [Train]:  64%|██████▎   | 293/460 [01:01<00:35,  4.67it/s]
Epoch 7/30 [Train]:  64%|██████▍   | 294/460 [01:02<00:35,  4.67it/s]
Epoch 7/30 [Train]:  64%|██████▍   | 295/460 [01:02<00:35,  4.71it/s]
Epoch 7/30 [Train]:  64%|██████▍   | 296/460 [01:02<00:34,  4.72it/s]
Epoch 7/30 [Train]:  65%|██████▍   | 297/460 [01:02<00:34,  4.71it/s]
Epoch 7/30 [Train]:  65%|██████▍   | 298/460 [01:02<00:34,  4.73it/s]
Epoch 7/30 [Train]:  65%|██████▌   | 299/460 [01:03<00:33,  4.74it/s]
Epoch 7/30 [Train]:  65%|██████▌   | 300/460 [01:03<00:33,  4.76it/s]
Epoch 7/30 [Train]:  65%|██████▌   | 301/460 [01:03<00:33,  4.79it/s]
Epoch 7/30 [Train]:  66%|██████▌   | 302/460 [01:03<00:32,  4.81it/s]
Epoch 7/30 [Train]:  66%|██████▌   | 303/460 [01:03<00:32,  4.80it/s]
Epoch 7/30 [Train]:  66%|██████▌   | 304/460 [01:04<00:32,  4.80it/s]
Epoch 7/30 [Train]:  66%|██████▋   | 305/460 [01:04<00:32,  4.81it/s]
Epoch 7/30 [Train]:  67%|██████▋   | 306/460 [01:04<00:32,  4.74it/s]
Epoch 7/30 [Train]:  67%|██████▋   | 307/460 [01:04<00:32,  4.72it/s]
Epoch 7/30 [Train]:  67%|██████▋   | 308/460 [01:04<00:32,  4.73it/s]
Epoch 7/30 [Train]:  67%|██████▋   | 309/460 [01:05<00:32,  4.71it/s]
Epoch 7/30 [Train]:  67%|██████▋   | 310/460 [01:05<00:31,  4.72it/s]
Epoch 7/30 [Train]:  68%|██████▊   | 311/460 [01:05<00:31,  4.73it/s]
Epoch 7/30 [Train]:  68%|██████▊   | 312/460 [01:05<00:31,  4.73it/s]
Epoch 7/30 [Train]:  68%|██████▊   | 313/460 [01:06<00:31,  4.71it/s]
Epoch 7/30 [Train]:  68%|██████▊   | 314/460 [01:06<00:30,  4.72it/s]
Epoch 7/30 [Train]:  68%|██████▊   | 315/460 [01:06<00:30,  4.70it/s]
Epoch 7/30 [Train]:  69%|██████▊   | 316/460 [01:06<00:30,  4.73it/s]
Epoch 7/30 [Train]:  69%|██████▉   | 317/460 [01:06<00:30,  4.71it/s]
Epoch 7/30 [Train]:  69%|██████▉   | 318/460 [01:07<00:30,  4.73it/s]
Epoch 7/30 [Train]:  69%|██████▉   | 319/460 [01:07<00:29,  4.78it/s]
Epoch 7/30 [Train]:  70%|██████▉   | 320/460 [01:07<00:28,  4.86it/s]
Epoch 7/30 [Train]:  70%|██████▉   | 321/460 [01:07<00:28,  4.87it/s]
Epoch 7/30 [Train]:  70%|███████   | 322/460 [01:07<00:28,  4.89it/s]
Epoch 7/30 [Train]:  70%|███████   | 323/460 [01:08<00:27,  4.90it/s]
Epoch 7/30 [Train]:  70%|███████   | 324/460 [01:08<00:27,  4.87it/s]
Epoch 7/30 [Train]:  71%|███████   | 325/460 [01:08<00:27,  4.85it/s]
Epoch 7/30 [Train]:  71%|███████   | 326/460 [01:08<00:27,  4.82it/s]
Epoch 7/30 [Train]:  71%|███████   | 327/460 [01:08<00:27,  4.82it/s]
Epoch 7/30 [Train]:  71%|███████▏  | 328/460 [01:09<00:27,  4.84it/s]
Epoch 7/30 [Train]:  72%|███████▏  | 329/460 [01:09<00:27,  4.85it/s]
Epoch 7/30 [Train]:  72%|███████▏  | 330/460 [01:09<00:27,  4.78it/s]
Epoch 7/30 [Train]:  72%|███████▏  | 331/460 [01:09<00:27,  4.72it/s]
Epoch 7/30 [Train]:  72%|███████▏  | 332/460 [01:10<00:27,  4.72it/s]
Epoch 7/30 [Train]:  72%|███████▏  | 333/460 [01:10<00:27,  4.68it/s]
Epoch 7/30 [Train]:  73%|███████▎  | 334/460 [01:10<00:27,  4.67it/s]
Epoch 7/30 [Train]:  73%|███████▎  | 335/460 [01:10<00:26,  4.67it/s]
Epoch 7/30 [Train]:  73%|███████▎  | 336/460 [01:10<00:26,  4.74it/s]
Epoch 7/30 [Train]:  73%|███████▎  | 337/460 [01:11<00:26,  4.71it/s]
Epoch 7/30 [Train]:  73%|███████▎  | 338/460 [01:11<00:26,  4.67it/s]
Epoch 7/30 [Train]:  74%|███████▎  | 339/460 [01:11<00:25,  4.68it/s]
Epoch 7/30 [Train]:  74%|███████▍  | 340/460 [01:11<00:25,  4.63it/s]
Epoch 7/30 [Train]:  74%|███████▍  | 341/460 [01:11<00:26,  4.58it/s]
Epoch 7/30 [Train]:  74%|███████▍  | 342/460 [01:12<00:25,  4.65it/s]
Epoch 7/30 [Train]:  75%|███████▍  | 343/460 [01:12<00:24,  4.72it/s]
Epoch 7/30 [Train]:  75%|███████▍  | 344/460 [01:12<00:24,  4.79it/s]
Epoch 7/30 [Train]:  75%|███████▌  | 345/460 [01:12<00:23,  4.83it/s]
Epoch 7/30 [Train]:  75%|███████▌  | 346/460 [01:12<00:23,  4.83it/s]
Epoch 7/30 [Train]:  75%|███████▌  | 347/460 [01:13<00:23,  4.87it/s]
Epoch 7/30 [Train]:  76%|███████▌  | 348/460 [01:13<00:23,  4.87it/s]
Epoch 7/30 [Train]:  76%|███████▌  | 349/460 [01:13<00:22,  4.89it/s]
Epoch 7/30 [Train]:  76%|███████▌  | 350/460 [01:13<00:22,  4.89it/s]
Epoch 7/30 [Train]:  76%|███████▋  | 351/460 [01:13<00:22,  4.88it/s]
Epoch 7/30 [Train]:  77%|███████▋  | 352/460 [01:14<00:22,  4.86it/s]
Epoch 7/30 [Train]:  77%|███████▋  | 353/460 [01:14<00:21,  4.87it/s]
Epoch 7/30 [Train]:  77%|███████▋  | 354/460 [01:14<00:21,  4.87it/s]
Epoch 7/30 [Train]:  77%|███████▋  | 355/460 [01:14<00:21,  4.87it/s]
Epoch 7/30 [Train]:  77%|███████▋  | 356/460 [01:15<00:21,  4.87it/s]
Epoch 7/30 [Train]:  78%|███████▊  | 357/460 [01:15<00:21,  4.82it/s]
Epoch 7/30 [Train]:  78%|███████▊  | 358/460 [01:15<00:21,  4.80it/s]
Epoch 7/30 [Train]:  78%|███████▊  | 359/460 [01:15<00:21,  4.81it/s]
Epoch 7/30 [Train]:  78%|███████▊  | 360/460 [01:15<00:20,  4.85it/s]
Epoch 7/30 [Train]:  78%|███████▊  | 361/460 [01:16<00:20,  4.86it/s]
Epoch 7/30 [Train]:  79%|███████▊  | 362/460 [01:16<00:20,  4.84it/s]
Epoch 7/30 [Train]:  79%|███████▉  | 363/460 [01:16<00:19,  4.88it/s]
Epoch 7/30 [Train]:  79%|███████▉  | 364/460 [01:16<00:19,  4.90it/s]
Epoch 7/30 [Train]:  79%|███████▉  | 365/460 [01:16<00:19,  4.91it/s]
Epoch 7/30 [Train]:  80%|███████▉  | 366/460 [01:17<00:19,  4.86it/s]
Epoch 7/30 [Train]:  80%|███████▉  | 367/460 [01:17<00:19,  4.81it/s]
Epoch 7/30 [Train]:  80%|████████  | 368/460 [01:17<00:19,  4.82it/s]
Epoch 7/30 [Train]:  80%|████████  | 369/460 [01:17<00:18,  4.83it/s]
Epoch 7/30 [Train]:  80%|████████  | 370/460 [01:17<00:18,  4.82it/s]
Epoch 7/30 [Train]:  81%|████████  | 371/460 [01:18<00:18,  4.80it/s]
Epoch 7/30 [Train]:  81%|████████  | 372/460 [01:18<00:18,  4.80it/s]
Epoch 7/30 [Train]:  81%|████████  | 373/460 [01:18<00:18,  4.82it/s]
Epoch 7/30 [Train]:  81%|████████▏ | 374/460 [01:18<00:17,  4.83it/s]
Epoch 7/30 [Train]:  82%|████████▏ | 375/460 [01:18<00:17,  4.84it/s]
Epoch 7/30 [Train]:  82%|████████▏ | 376/460 [01:19<00:17,  4.79it/s]
Epoch 7/30 [Train]:  82%|████████▏ | 377/460 [01:19<00:17,  4.74it/s]
Epoch 7/30 [Train]:  82%|████████▏ | 378/460 [01:19<00:17,  4.70it/s]
Epoch 7/30 [Train]:  82%|████████▏ | 379/460 [01:19<00:17,  4.66it/s]
Epoch 7/30 [Train]:  83%|████████▎ | 380/460 [01:20<00:17,  4.62it/s]
Epoch 7/30 [Train]:  83%|████████▎ | 381/460 [01:20<00:16,  4.66it/s]
Epoch 7/30 [Train]:  83%|████████▎ | 382/460 [01:20<00:16,  4.69it/s]
Epoch 7/30 [Train]:  83%|████████▎ | 383/460 [01:20<00:16,  4.70it/s]
Epoch 7/30 [Train]:  83%|████████▎ | 384/460 [01:20<00:16,  4.71it/s]
Epoch 7/30 [Train]:  84%|████████▎ | 385/460 [01:21<00:15,  4.70it/s]
Epoch 7/30 [Train]:  84%|████████▍ | 386/460 [01:21<00:15,  4.69it/s]
Epoch 7/30 [Train]:  84%|████████▍ | 387/460 [01:21<00:15,  4.71it/s]
Epoch 7/30 [Train]:  84%|████████▍ | 388/460 [01:21<00:15,  4.71it/s]
Epoch 7/30 [Train]:  85%|████████▍ | 389/460 [01:21<00:14,  4.74it/s]
Epoch 7/30 [Train]:  85%|████████▍ | 390/460 [01:22<00:14,  4.77it/s]
Epoch 7/30 [Train]:  85%|████████▌ | 391/460 [01:22<00:14,  4.82it/s]
Epoch 7/30 [Train]:  85%|████████▌ | 392/460 [01:22<00:14,  4.86it/s]
Epoch 7/30 [Train]:  85%|████████▌ | 393/460 [01:22<00:13,  4.89it/s]
Epoch 7/30 [Train]:  86%|████████▌ | 394/460 [01:22<00:13,  4.91it/s]
Epoch 7/30 [Train]:  86%|████████▌ | 395/460 [01:23<00:13,  4.90it/s]
Epoch 7/30 [Train]:  86%|████████▌ | 396/460 [01:23<00:13,  4.88it/s]
Epoch 7/30 [Train]:  86%|████████▋ | 397/460 [01:23<00:13,  4.84it/s]
Epoch 7/30 [Train]:  87%|████████▋ | 398/460 [01:23<00:12,  4.83it/s]
Epoch 7/30 [Train]:  87%|████████▋ | 399/460 [01:23<00:12,  4.86it/s]
Epoch 7/30 [Train]:  87%|████████▋ | 400/460 [01:24<00:12,  4.86it/s]
Epoch 7/30 [Train]:  87%|████████▋ | 401/460 [01:24<00:12,  4.79it/s]
Epoch 7/30 [Train]:  87%|████████▋ | 402/460 [01:24<00:12,  4.73it/s]
Epoch 7/30 [Train]:  88%|████████▊ | 403/460 [01:24<00:12,  4.72it/s]
Epoch 7/30 [Train]:  88%|████████▊ | 404/460 [01:25<00:11,  4.71it/s]
Epoch 7/30 [Train]:  88%|████████▊ | 405/460 [01:25<00:11,  4.71it/s]
Epoch 7/30 [Train]:  88%|████████▊ | 406/460 [01:25<00:11,  4.68it/s]
Epoch 7/30 [Train]:  88%|████████▊ | 407/460 [01:25<00:11,  4.69it/s]
Epoch 7/30 [Train]:  89%|████████▊ | 408/460 [01:25<00:11,  4.69it/s]
Epoch 7/30 [Train]:  89%|████████▉ | 409/460 [01:26<00:10,  4.71it/s]
Epoch 7/30 [Train]:  89%|████████▉ | 410/460 [01:26<00:10,  4.70it/s]
Epoch 7/30 [Train]:  89%|████████▉ | 411/460 [01:26<00:10,  4.73it/s]
Epoch 7/30 [Train]:  90%|████████▉ | 412/460 [01:26<00:10,  4.73it/s]
Epoch 7/30 [Train]:  90%|████████▉ | 413/460 [01:26<00:09,  4.77it/s]
Epoch 7/30 [Train]:  90%|█████████ | 414/460 [01:27<00:09,  4.78it/s]
Epoch 7/30 [Train]:  90%|█████████ | 415/460 [01:27<00:09,  4.79it/s]
Epoch 7/30 [Train]:  90%|█████████ | 416/460 [01:27<00:09,  4.77it/s]
Epoch 7/30 [Train]:  91%|█████████ | 417/460 [01:27<00:09,  4.76it/s]
Epoch 7/30 [Train]:  91%|█████████ | 418/460 [01:27<00:08,  4.76it/s]
Epoch 7/30 [Train]:  91%|█████████ | 419/460 [01:28<00:08,  4.74it/s]
Epoch 7/30 [Train]:  91%|█████████▏| 420/460 [01:28<00:08,  4.72it/s]
Epoch 7/30 [Train]:  92%|█████████▏| 421/460 [01:28<00:08,  4.72it/s]
Epoch 7/30 [Train]:  92%|█████████▏| 422/460 [01:28<00:08,  4.74it/s]
Epoch 7/30 [Train]:  92%|█████████▏| 423/460 [01:29<00:07,  4.75it/s]
Epoch 7/30 [Train]:  92%|█████████▏| 424/460 [01:29<00:07,  4.75it/s]
Epoch 7/30 [Train]:  92%|█████████▏| 425/460 [01:29<00:07,  4.69it/s]
Epoch 7/30 [Train]:  93%|█████████▎| 426/460 [01:29<00:07,  4.58it/s]
Epoch 7/30 [Train]:  93%|█████████▎| 427/460 [01:29<00:07,  4.55it/s]
Epoch 7/30 [Train]:  93%|█████████▎| 428/460 [01:30<00:06,  4.61it/s]
Epoch 7/30 [Train]:  93%|█████████▎| 429/460 [01:30<00:06,  4.68it/s]
Epoch 7/30 [Train]:  93%|█████████▎| 430/460 [01:30<00:06,  4.69it/s]
Epoch 7/30 [Train]:  94%|█████████▎| 431/460 [01:30<00:06,  4.72it/s]
Epoch 7/30 [Train]:  94%|█████████▍| 432/460 [01:30<00:05,  4.72it/s]
Epoch 7/30 [Train]:  94%|█████████▍| 433/460 [01:31<00:05,  4.69it/s]
Epoch 7/30 [Train]:  94%|█████████▍| 434/460 [01:31<00:05,  4.70it/s]
Epoch 7/30 [Train]:  95%|█████████▍| 435/460 [01:31<00:05,  4.72it/s]
Epoch 7/30 [Train]:  95%|█████████▍| 436/460 [01:31<00:05,  4.74it/s]
Epoch 7/30 [Train]:  95%|█████████▌| 437/460 [01:32<00:04,  4.80it/s]
Epoch 7/30 [Train]:  95%|█████████▌| 438/460 [01:32<00:04,  4.74it/s]
Epoch 7/30 [Train]:  95%|█████████▌| 439/460 [01:32<00:04,  4.71it/s]
Epoch 7/30 [Train]:  96%|█████████▌| 440/460 [01:32<00:04,  4.71it/s]
Epoch 7/30 [Train]:  96%|█████████▌| 441/460 [01:32<00:04,  4.71it/s]
Epoch 7/30 [Train]:  96%|█████████▌| 442/460 [01:33<00:03,  4.71it/s]
Epoch 7/30 [Train]:  96%|█████████▋| 443/460 [01:33<00:03,  4.71it/s]
Epoch 7/30 [Train]:  97%|█████████▋| 444/460 [01:33<00:03,  4.74it/s]
Epoch 7/30 [Train]:  97%|█████████▋| 445/460 [01:33<00:03,  4.75it/s]
Epoch 7/30 [Train]:  97%|█████████▋| 446/460 [01:33<00:02,  4.72it/s]
Epoch 7/30 [Train]:  97%|█████████▋| 447/460 [01:34<00:02,  4.74it/s]
Epoch 7/30 [Train]:  97%|█████████▋| 448/460 [01:34<00:02,  4.77it/s]
Epoch 7/30 [Train]:  98%|█████████▊| 449/460 [01:34<00:02,  4.77it/s]
Epoch 7/30 [Train]:  98%|█████████▊| 450/460 [01:34<00:02,  4.77it/s]
Epoch 7/30 [Train]:  98%|█████████▊| 451/460 [01:34<00:01,  4.78it/s]
Epoch 7/30 [Train]:  98%|█████████▊| 452/460 [01:35<00:01,  4.76it/s]
Epoch 7/30 [Train]:  98%|█████████▊| 453/460 [01:35<00:01,  4.78it/s]
Epoch 7/30 [Train]:  99%|█████████▊| 454/460 [01:35<00:01,  4.76it/s]
Epoch 7/30 [Train]:  99%|█████████▉| 455/460 [01:35<00:01,  4.76it/s]
Epoch 7/30 [Train]:  99%|█████████▉| 456/460 [01:36<00:00,  4.74it/s]
Epoch 7/30 [Train]:  99%|█████████▉| 457/460 [01:36<00:00,  4.74it/s]
Epoch 7/30 [Train]: 100%|█████████▉| 458/460 [01:36<00:00,  4.76it/s]
Epoch 7/30 [Train]: 100%|█████████▉| 459/460 [01:36<00:00,  4.75it/s]
Epoch 7/30 [Train]: 100%|██████████| 460/460 [01:36<00:00,  5.31it/s]
                                                                     

Epoch 8/30 [Train]:   0%|          | 0/460 [00:00<?, ?it/s]
Epoch 8/30 [Train]:   0%|          | 1/460 [00:00<01:38,  4.67it/s]
Epoch 8/30 [Train]:   0%|          | 2/460 [00:00<01:37,  4.68it/s]
Epoch 8/30 [Train]:   1%|          | 3/460 [00:00<01:37,  4.70it/s]
Epoch 8/30 [Train]:   1%|          | 4/460 [00:00<01:37,  4.69it/s]
Epoch 8/30 [Train]:   1%|          | 5/460 [00:01<01:37,  4.68it/s]
Epoch 8/30 [Train]:   1%|▏         | 6/460 [00:01<01:35,  4.74it/s]
Epoch 8/30 [Train]:   2%|▏         | 7/460 [00:01<01:35,  4.76it/s]
Epoch 8/30 [Train]:   2%|▏         | 8/460 [00:01<01:35,  4.75it/s]
Epoch 8/30 [Train]:   2%|▏         | 9/460 [00:01<01:36,  4.67it/s]
Epoch 8/30 [Train]:   2%|▏         | 10/460 [00:02<01:38,  4.58it/s]
Epoch 8/30 [Train]:   2%|▏         | 11/460 [00:02<01:38,  4.57it/s]
Epoch 8/30 [Train]:   3%|▎         | 12/460 [00:02<01:37,  4.61it/s]
Epoch 8/30 [Train]:   3%|▎         | 13/460 [00:02<01:36,  4.62it/s]
Epoch 8/30 [Train]:   3%|▎         | 14/460 [00:03<01:36,  4.62it/s]
Epoch 8/30 [Train]:   3%|▎         | 15/460 [00:03<01:35,  4.64it/s]
Epoch 8/30 [Train]:   3%|▎         | 16/460 [00:03<01:35,  4.65it/s]
Epoch 8/30 [Train]:   4%|▎         | 17/460 [00:03<01:34,  4.67it/s]
Epoch 8/30 [Train]:   4%|▍         | 18/460 [00:03<01:34,  4.68it/s]
Epoch 8/30 [Train]:   4%|▍         | 19/460 [00:04<01:33,  4.71it/s]
Epoch 8/30 [Train]:   4%|▍         | 20/460 [00:04<01:33,  4.72it/s]
Epoch 8/30 [Train]:   5%|▍         | 21/460 [00:04<01:32,  4.72it/s]
Epoch 8/30 [Train]:   5%|▍         | 22/460 [00:04<01:32,  4.76it/s]
Epoch 8/30 [Train]:   5%|▌         | 23/460 [00:04<01:32,  4.75it/s]
Epoch 8/30 [Train]:   5%|▌         | 24/460 [00:05<01:31,  4.78it/s]
Epoch 8/30 [Train]:   5%|▌         | 25/460 [00:05<01:31,  4.77it/s]
Epoch 8/30 [Train]:   6%|▌         | 26/460 [00:05<01:31,  4.74it/s]
Epoch 8/30 [Train]:   6%|▌         | 27/460 [00:05<01:31,  4.74it/s]
Epoch 8/30 [Train]:   6%|▌         | 28/460 [00:05<01:31,  4.75it/s]
Epoch 8/30 [Train]:   6%|▋         | 29/460 [00:06<01:30,  4.74it/s]
Epoch 8/30 [Train]:   7%|▋         | 30/460 [00:06<01:31,  4.72it/s]
Epoch 8/30 [Train]:   7%|▋         | 31/460 [00:06<01:30,  4.75it/s]
Epoch 8/30 [Train]:   7%|▋         | 32/460 [00:06<01:30,  4.75it/s]
Epoch 8/30 [Train]:   7%|▋         | 33/460 [00:07<01:29,  4.78it/s]
Epoch 8/30 [Train]:   7%|▋         | 34/460 [00:07<01:28,  4.81it/s]
Epoch 8/30 [Train]:   8%|▊         | 35/460 [00:07<01:28,  4.78it/s]
Epoch 8/30 [Train]:   8%|▊         | 36/460 [00:07<01:28,  4.78it/s]
Epoch 8/30 [Train]:   8%|▊         | 37/460 [00:07<01:28,  4.78it/s]
Epoch 8/30 [Train]:   8%|▊         | 38/460 [00:08<01:28,  4.76it/s]
Epoch 8/30 [Train]:   8%|▊         | 39/460 [00:08<01:28,  4.76it/s]
Epoch 8/30 [Train]:   9%|▊         | 40/460 [00:08<01:28,  4.77it/s]
Epoch 8/30 [Train]:   9%|▉         | 41/460 [00:08<01:27,  4.76it/s]
Epoch 8/30 [Train]:   9%|▉         | 42/460 [00:08<01:28,  4.74it/s]
Epoch 8/30 [Train]:   9%|▉         | 43/460 [00:09<01:27,  4.75it/s]
Epoch 8/30 [Train]:  10%|▉         | 44/460 [00:09<01:27,  4.77it/s]
Epoch 8/30 [Train]:  10%|▉         | 45/460 [00:09<01:27,  4.75it/s]
Epoch 8/30 [Train]:  10%|█         | 46/460 [00:09<01:27,  4.73it/s]
Epoch 8/30 [Train]:  10%|█         | 47/460 [00:09<01:27,  4.71it/s]
Epoch 8/30 [Train]:  10%|█         | 48/460 [00:10<01:26,  4.74it/s]
Epoch 8/30 [Train]:  11%|█         | 49/460 [00:10<01:26,  4.74it/s]
Epoch 8/30 [Train]:  11%|█         | 50/460 [00:10<01:26,  4.74it/s]
Epoch 8/30 [Train]:  11%|█         | 51/460 [00:10<01:25,  4.76it/s]
Epoch 8/30 [Train]:  11%|█▏        | 52/460 [00:11<01:25,  4.77it/s]
Epoch 8/30 [Train]:  12%|█▏        | 53/460 [00:11<01:25,  4.78it/s]
Epoch 8/30 [Train]:  12%|█▏        | 54/460 [00:11<01:25,  4.75it/s]
Epoch 8/30 [Train]:  12%|█▏        | 55/460 [00:11<01:25,  4.75it/s]
Epoch 8/30 [Train]:  12%|█▏        | 56/460 [00:11<01:25,  4.71it/s]
Epoch 8/30 [Train]:  12%|█▏        | 57/460 [00:12<01:25,  4.69it/s]
Epoch 8/30 [Train]:  13%|█▎        | 58/460 [00:12<01:26,  4.64it/s]
Epoch 8/30 [Train]:  13%|█▎        | 59/460 [00:12<01:26,  4.65it/s]
Epoch 8/30 [Train]:  13%|█▎        | 60/460 [00:12<01:25,  4.68it/s]
Epoch 8/30 [Train]:  13%|█▎        | 61/460 [00:12<01:25,  4.69it/s]
Epoch 8/30 [Train]:  13%|█▎        | 62/460 [00:13<01:24,  4.70it/s]
Epoch 8/30 [Train]:  14%|█▎        | 63/460 [00:13<01:24,  4.71it/s]
Epoch 8/30 [Train]:  14%|█▍        | 64/460 [00:13<01:24,  4.69it/s]
Epoch 8/30 [Train]:  14%|█▍        | 65/460 [00:13<01:24,  4.68it/s]
Epoch 8/30 [Train]:  14%|█▍        | 66/460 [00:13<01:23,  4.70it/s]
Epoch 8/30 [Train]:  15%|█▍        | 67/460 [00:14<01:23,  4.69it/s]
Epoch 8/30 [Train]:  15%|█▍        | 68/460 [00:14<01:23,  4.67it/s]
Epoch 8/30 [Train]:  15%|█▌        | 69/460 [00:14<01:23,  4.70it/s]
Epoch 8/30 [Train]:  15%|█▌        | 70/460 [00:14<01:22,  4.70it/s]
Epoch 8/30 [Train]:  15%|█▌        | 71/460 [00:15<01:22,  4.71it/s]
Epoch 8/30 [Train]:  16%|█▌        | 72/460 [00:15<01:22,  4.70it/s]
Epoch 8/30 [Train]:  16%|█▌        | 73/460 [00:15<01:22,  4.71it/s]
Epoch 8/30 [Train]:  16%|█▌        | 74/460 [00:15<01:21,  4.73it/s]
Epoch 8/30 [Train]:  16%|█▋        | 75/460 [00:15<01:21,  4.75it/s]
Epoch 8/30 [Train]:  17%|█▋        | 76/460 [00:16<01:20,  4.75it/s]
Epoch 8/30 [Train]:  17%|█▋        | 77/460 [00:16<01:20,  4.75it/s]
Epoch 8/30 [Train]:  17%|█▋        | 78/460 [00:16<01:20,  4.75it/s]
Epoch 8/30 [Train]:  17%|█▋        | 79/460 [00:16<01:20,  4.73it/s]
Epoch 8/30 [Train]:  17%|█▋        | 80/460 [00:16<01:20,  4.73it/s]
Epoch 8/30 [Train]:  18%|█▊        | 81/460 [00:17<01:19,  4.74it/s]
Epoch 8/30 [Train]:  18%|█▊        | 82/460 [00:17<01:19,  4.76it/s]
Epoch 8/30 [Train]:  18%|█▊        | 83/460 [00:17<01:19,  4.76it/s]
Epoch 8/30 [Train]:  18%|█▊        | 84/460 [00:17<01:19,  4.75it/s]
Epoch 8/30 [Train]:  18%|█▊        | 85/460 [00:18<01:18,  4.75it/s]
Epoch 8/30 [Train]:  19%|█▊        | 86/460 [00:18<01:18,  4.75it/s]
Epoch 8/30 [Train]:  19%|█▉        | 87/460 [00:18<01:18,  4.74it/s]
Epoch 8/30 [Train]:  19%|█▉        | 88/460 [00:18<01:18,  4.75it/s]
Epoch 8/30 [Train]:  19%|█▉        | 89/460 [00:18<01:18,  4.74it/s]
Epoch 8/30 [Train]:  20%|█▉        | 90/460 [00:19<01:17,  4.74it/s]
Epoch 8/30 [Train]:  20%|█▉        | 91/460 [00:19<01:17,  4.73it/s]
Epoch 8/30 [Train]:  20%|██        | 92/460 [00:19<01:17,  4.75it/s]
Epoch 8/30 [Train]:  20%|██        | 93/460 [00:19<01:17,  4.75it/s]
Epoch 8/30 [Train]:  20%|██        | 94/460 [00:19<01:16,  4.77it/s]
Epoch 8/30 [Train]:  21%|██        | 95/460 [00:20<01:16,  4.77it/s]
Epoch 8/30 [Train]:  21%|██        | 96/460 [00:20<01:16,  4.77it/s]
Epoch 8/30 [Train]:  21%|██        | 97/460 [00:20<01:16,  4.76it/s]
Epoch 8/30 [Train]:  21%|██▏       | 98/460 [00:20<01:15,  4.77it/s]
Epoch 8/30 [Train]:  22%|██▏       | 99/460 [00:20<01:15,  4.79it/s]
Epoch 8/30 [Train]:  22%|██▏       | 100/460 [00:21<01:15,  4.79it/s]
Epoch 8/30 [Train]:  22%|██▏       | 101/460 [00:21<01:15,  4.77it/s]
Epoch 8/30 [Train]:  22%|██▏       | 102/460 [00:21<01:15,  4.76it/s]
Epoch 8/30 [Train]:  22%|██▏       | 103/460 [00:21<01:15,  4.72it/s]
Epoch 8/30 [Train]:  23%|██▎       | 104/460 [00:22<01:17,  4.60it/s]
Epoch 8/30 [Train]:  23%|██▎       | 105/460 [00:22<01:18,  4.52it/s]
Epoch 8/30 [Train]:  23%|██▎       | 106/460 [00:22<01:17,  4.55it/s]
Epoch 8/30 [Train]:  23%|██▎       | 107/460 [00:22<01:17,  4.57it/s]
Epoch 8/30 [Train]:  23%|██▎       | 108/460 [00:22<01:15,  4.64it/s]
Epoch 8/30 [Train]:  24%|██▎       | 109/460 [00:23<01:15,  4.67it/s]
Epoch 8/30 [Train]:  24%|██▍       | 110/460 [00:23<01:15,  4.66it/s]
Epoch 8/30 [Train]:  24%|██▍       | 111/460 [00:23<01:14,  4.69it/s]
Epoch 8/30 [Train]:  24%|██▍       | 112/460 [00:23<01:13,  4.73it/s]
Epoch 8/30 [Train]:  25%|██▍       | 113/460 [00:23<01:13,  4.74it/s]
Epoch 8/30 [Train]:  25%|██▍       | 114/460 [00:24<01:12,  4.75it/s]
Epoch 8/30 [Train]:  25%|██▌       | 115/460 [00:24<01:12,  4.73it/s]
Epoch 8/30 [Train]:  25%|██▌       | 116/460 [00:24<01:12,  4.74it/s]
Epoch 8/30 [Train]:  25%|██▌       | 117/460 [00:24<01:12,  4.75it/s]
Epoch 8/30 [Train]:  26%|██▌       | 118/460 [00:24<01:11,  4.75it/s]
Epoch 8/30 [Train]:  26%|██▌       | 119/460 [00:25<01:11,  4.77it/s]
Epoch 8/30 [Train]:  26%|██▌       | 120/460 [00:25<01:12,  4.72it/s]
Epoch 8/30 [Train]:  26%|██▋       | 121/460 [00:25<01:11,  4.71it/s]
Epoch 8/30 [Train]:  27%|██▋       | 122/460 [00:25<01:11,  4.74it/s]
Epoch 8/30 [Train]:  27%|██▋       | 123/460 [00:26<01:11,  4.73it/s]
Epoch 8/30 [Train]:  27%|██▋       | 124/460 [00:26<01:10,  4.74it/s]
Epoch 8/30 [Train]:  27%|██▋       | 125/460 [00:26<01:10,  4.75it/s]
Epoch 8/30 [Train]:  27%|██▋       | 126/460 [00:26<01:09,  4.77it/s]
Epoch 8/30 [Train]:  28%|██▊       | 127/460 [00:26<01:09,  4.78it/s]
Epoch 8/30 [Train]:  28%|██▊       | 128/460 [00:27<01:08,  4.83it/s]
Epoch 8/30 [Train]:  28%|██▊       | 129/460 [00:27<01:08,  4.86it/s]
Epoch 8/30 [Train]:  28%|██▊       | 130/460 [00:27<01:08,  4.85it/s]
Epoch 8/30 [Train]:  28%|██▊       | 131/460 [00:27<01:08,  4.82it/s]
Epoch 8/30 [Train]:  29%|██▊       | 132/460 [00:27<01:07,  4.85it/s]
Epoch 8/30 [Train]:  29%|██▉       | 133/460 [00:28<01:07,  4.84it/s]
Epoch 8/30 [Train]:  29%|██▉       | 134/460 [00:28<01:07,  4.83it/s]
Epoch 8/30 [Train]:  29%|██▉       | 135/460 [00:28<01:07,  4.84it/s]
Epoch 8/30 [Train]:  30%|██▉       | 136/460 [00:28<01:06,  4.85it/s]
Epoch 8/30 [Train]:  30%|██▉       | 137/460 [00:28<01:06,  4.88it/s]
Epoch 8/30 [Train]:  30%|███       | 138/460 [00:29<01:06,  4.86it/s]
Epoch 8/30 [Train]:  30%|███       | 139/460 [00:29<01:05,  4.88it/s]
Epoch 8/30 [Train]:  30%|███       | 140/460 [00:29<01:05,  4.87it/s]
Epoch 8/30 [Train]:  31%|███       | 141/460 [00:29<01:06,  4.81it/s]
Epoch 8/30 [Train]:  31%|███       | 142/460 [00:29<01:06,  4.80it/s]
Epoch 8/30 [Train]:  31%|███       | 143/460 [00:30<01:06,  4.80it/s]
Epoch 8/30 [Train]:  31%|███▏      | 144/460 [00:30<01:06,  4.79it/s]
Epoch 8/30 [Train]:  32%|███▏      | 145/460 [00:30<01:05,  4.78it/s]
Epoch 8/30 [Train]:  32%|███▏      | 146/460 [00:30<01:06,  4.75it/s]
Epoch 8/30 [Train]:  32%|███▏      | 147/460 [00:31<01:05,  4.75it/s]
Epoch 8/30 [Train]:  32%|███▏      | 148/460 [00:31<01:05,  4.76it/s]
Epoch 8/30 [Train]:  32%|███▏      | 149/460 [00:31<01:05,  4.73it/s]
Epoch 8/30 [Train]:  33%|███▎      | 150/460 [00:31<01:04,  4.79it/s]
Epoch 8/30 [Train]:  33%|███▎      | 151/460 [00:31<01:04,  4.78it/s]
Epoch 8/30 [Train]:  33%|███▎      | 152/460 [00:32<01:04,  4.80it/s]
Epoch 8/30 [Train]:  33%|███▎      | 153/460 [00:32<01:04,  4.79it/s]
Epoch 8/30 [Train]:  33%|███▎      | 154/460 [00:32<01:03,  4.80it/s]
Epoch 8/30 [Train]:  34%|███▎      | 155/460 [00:32<01:03,  4.79it/s]
Epoch 8/30 [Train]:  34%|███▍      | 156/460 [00:32<01:04,  4.74it/s]
Epoch 8/30 [Train]:  34%|███▍      | 157/460 [00:33<01:03,  4.75it/s]
Epoch 8/30 [Train]:  34%|███▍      | 158/460 [00:33<01:03,  4.74it/s]
Epoch 8/30 [Train]:  35%|███▍      | 159/460 [00:33<01:03,  4.73it/s]
Epoch 8/30 [Train]:  35%|███▍      | 160/460 [00:33<01:03,  4.73it/s]
Epoch 8/30 [Train]:  35%|███▌      | 161/460 [00:33<01:03,  4.73it/s]
Epoch 8/30 [Train]:  35%|███▌      | 162/460 [00:34<01:03,  4.70it/s]
Epoch 8/30 [Train]:  35%|███▌      | 163/460 [00:34<01:03,  4.67it/s]
Epoch 8/30 [Train]:  36%|███▌      | 164/460 [00:34<01:03,  4.66it/s]
Epoch 8/30 [Train]:  36%|███▌      | 165/460 [00:34<01:03,  4.64it/s]
Epoch 8/30 [Train]:  36%|███▌      | 166/460 [00:35<01:03,  4.65it/s]
Epoch 8/30 [Train]:  36%|███▋      | 167/460 [00:35<01:02,  4.68it/s]
Epoch 8/30 [Train]:  37%|███▋      | 168/460 [00:35<01:02,  4.71it/s]
Epoch 8/30 [Train]:  37%|███▋      | 169/460 [00:35<01:01,  4.72it/s]
Epoch 8/30 [Train]:  37%|███▋      | 170/460 [00:35<01:01,  4.74it/s]
Epoch 8/30 [Train]:  37%|███▋      | 171/460 [00:36<01:01,  4.71it/s]
Epoch 8/30 [Train]:  37%|███▋      | 172/460 [00:36<01:00,  4.73it/s]
Epoch 8/30 [Train]:  38%|███▊      | 173/460 [00:36<01:00,  4.74it/s]
Epoch 8/30 [Train]:  38%|███▊      | 174/460 [00:36<01:00,  4.74it/s]
Epoch 8/30 [Train]:  38%|███▊      | 175/460 [00:36<01:00,  4.74it/s]
Epoch 8/30 [Train]:  38%|███▊      | 176/460 [00:37<00:59,  4.73it/s]
Epoch 8/30 [Train]:  38%|███▊      | 177/460 [00:37<00:59,  4.73it/s]
Epoch 8/30 [Train]:  39%|███▊      | 178/460 [00:37<00:59,  4.74it/s]
Epoch 8/30 [Train]:  39%|███▉      | 179/460 [00:37<00:59,  4.75it/s]
Epoch 8/30 [Train]:  39%|███▉      | 180/460 [00:38<00:59,  4.72it/s]
Epoch 8/30 [Train]:  39%|███▉      | 181/460 [00:38<00:58,  4.74it/s]
Epoch 8/30 [Train]:  40%|███▉      | 182/460 [00:38<00:58,  4.73it/s]
Epoch 8/30 [Train]:  40%|███▉      | 183/460 [00:38<00:57,  4.78it/s]
Epoch 8/30 [Train]:  40%|████      | 184/460 [00:38<00:58,  4.72it/s]
Epoch 8/30 [Train]:  40%|████      | 185/460 [00:39<00:58,  4.74it/s]
Epoch 8/30 [Train]:  40%|████      | 186/460 [00:39<00:57,  4.76it/s]
Epoch 8/30 [Train]:  41%|████      | 187/460 [00:39<00:56,  4.79it/s]
Epoch 8/30 [Train]:  41%|████      | 188/460 [00:39<00:56,  4.78it/s]
Epoch 8/30 [Train]:  41%|████      | 189/460 [00:39<00:56,  4.79it/s]
Epoch 8/30 [Train]:  41%|████▏     | 190/460 [00:40<00:56,  4.77it/s]
Epoch 8/30 [Train]:  42%|████▏     | 191/460 [00:40<00:56,  4.76it/s]
Epoch 8/30 [Train]:  42%|████▏     | 192/460 [00:40<00:56,  4.76it/s]
Epoch 8/30 [Train]:  42%|████▏     | 193/460 [00:40<00:55,  4.77it/s]
Epoch 8/30 [Train]:  42%|████▏     | 194/460 [00:40<00:55,  4.76it/s]
Epoch 8/30 [Train]:  42%|████▏     | 195/460 [00:41<00:55,  4.76it/s]
Epoch 8/30 [Train]:  43%|████▎     | 196/460 [00:41<00:55,  4.77it/s]
Epoch 8/30 [Train]:  43%|████▎     | 197/460 [00:41<00:55,  4.75it/s]
Epoch 8/30 [Train]:  43%|████▎     | 198/460 [00:41<00:55,  4.70it/s]
Epoch 8/30 [Train]:  43%|████▎     | 199/460 [00:42<00:56,  4.66it/s]
Epoch 8/30 [Train]:  43%|████▎     | 200/460 [00:42<00:56,  4.57it/s]
Epoch 8/30 [Train]:  44%|████▎     | 201/460 [00:42<00:56,  4.56it/s]
Epoch 8/30 [Train]:  44%|████▍     | 202/460 [00:42<00:55,  4.62it/s]
Epoch 8/30 [Train]:  44%|████▍     | 203/460 [00:42<00:55,  4.65it/s]
Epoch 8/30 [Train]:  44%|████▍     | 204/460 [00:43<00:54,  4.66it/s]
Epoch 8/30 [Train]:  45%|████▍     | 205/460 [00:43<00:54,  4.68it/s]
Epoch 8/30 [Train]:  45%|████▍     | 206/460 [00:43<00:54,  4.69it/s]
Epoch 8/30 [Train]:  45%|████▌     | 207/460 [00:43<00:53,  4.71it/s]
Epoch 8/30 [Train]:  45%|████▌     | 208/460 [00:43<00:53,  4.73it/s]
Epoch 8/30 [Train]:  45%|████▌     | 209/460 [00:44<00:53,  4.72it/s]
Epoch 8/30 [Train]:  46%|████▌     | 210/460 [00:44<00:53,  4.71it/s]
Epoch 8/30 [Train]:  46%|████▌     | 211/460 [00:44<00:52,  4.70it/s]
Epoch 8/30 [Train]:  46%|████▌     | 212/460 [00:44<00:52,  4.74it/s]
Epoch 8/30 [Train]:  46%|████▋     | 213/460 [00:45<00:52,  4.75it/s]
Epoch 8/30 [Train]:  47%|████▋     | 214/460 [00:45<00:51,  4.73it/s]
Epoch 8/30 [Train]:  47%|████▋     | 215/460 [00:45<00:51,  4.74it/s]
Epoch 8/30 [Train]:  47%|████▋     | 216/460 [00:45<00:51,  4.77it/s]
Epoch 8/30 [Train]:  47%|████▋     | 217/460 [00:45<00:51,  4.76it/s]
Epoch 8/30 [Train]:  47%|████▋     | 218/460 [00:46<00:50,  4.76it/s]
Epoch 8/30 [Train]:  48%|████▊     | 219/460 [00:46<00:51,  4.70it/s]
Epoch 8/30 [Train]:  48%|████▊     | 220/460 [00:46<00:50,  4.74it/s]
Epoch 8/30 [Train]:  48%|████▊     | 221/460 [00:46<00:50,  4.75it/s]
Epoch 8/30 [Train]:  48%|████▊     | 222/460 [00:46<00:50,  4.75it/s]
Epoch 8/30 [Train]:  48%|████▊     | 223/460 [00:47<00:49,  4.77it/s]
Epoch 8/30 [Train]:  49%|████▊     | 224/460 [00:47<00:49,  4.77it/s]
Epoch 8/30 [Train]:  49%|████▉     | 225/460 [00:47<00:49,  4.77it/s]
Epoch 8/30 [Train]:  49%|████▉     | 226/460 [00:47<00:48,  4.78it/s]
Epoch 8/30 [Train]:  49%|████▉     | 227/460 [00:47<00:48,  4.78it/s]
Epoch 8/30 [Train]:  50%|████▉     | 228/460 [00:48<00:48,  4.76it/s]
Epoch 8/30 [Train]:  50%|████▉     | 229/460 [00:48<00:48,  4.74it/s]
Epoch 8/30 [Train]:  50%|█████     | 230/460 [00:48<00:48,  4.74it/s]
Epoch 8/30 [Train]:  50%|█████     | 231/460 [00:48<00:48,  4.73it/s]
Epoch 8/30 [Train]:  50%|█████     | 232/460 [00:48<00:47,  4.77it/s]
Epoch 8/30 [Train]:  51%|█████     | 233/460 [00:49<00:47,  4.76it/s]
Epoch 8/30 [Train]:  51%|█████     | 234/460 [00:49<00:47,  4.78it/s]
Epoch 8/30 [Train]:  51%|█████     | 235/460 [00:49<00:47,  4.77it/s]
Epoch 8/30 [Train]:  51%|█████▏    | 236/460 [00:49<00:46,  4.81it/s]
Epoch 8/30 [Train]:  52%|█████▏    | 237/460 [00:50<00:46,  4.81it/s]
Epoch 8/30 [Train]:  52%|█████▏    | 238/460 [00:50<00:46,  4.75it/s]
Epoch 8/30 [Train]:  52%|█████▏    | 239/460 [00:50<00:46,  4.75it/s]
Epoch 8/30 [Train]:  52%|█████▏    | 240/460 [00:50<00:46,  4.76it/s]
Epoch 8/30 [Train]:  52%|█████▏    | 241/460 [00:50<00:45,  4.78it/s]
Epoch 8/30 [Train]:  53%|█████▎    | 242/460 [00:51<00:45,  4.79it/s]
Epoch 8/30 [Train]:  53%|█████▎    | 243/460 [00:51<00:45,  4.76it/s]
Epoch 8/30 [Train]:  53%|█████▎    | 244/460 [00:51<00:45,  4.76it/s]
Epoch 8/30 [Train]:  53%|█████▎    | 245/460 [00:51<00:45,  4.76it/s]
Epoch 8/30 [Train]:  53%|█████▎    | 246/460 [00:51<00:45,  4.75it/s]
Epoch 8/30 [Train]:  54%|█████▎    | 247/460 [00:52<00:44,  4.75it/s]
Epoch 8/30 [Train]:  54%|█████▍    | 248/460 [00:52<00:44,  4.80it/s]
Epoch 8/30 [Train]:  54%|█████▍    | 249/460 [00:52<00:43,  4.82it/s]
Epoch 8/30 [Train]:  54%|█████▍    | 250/460 [00:52<00:43,  4.83it/s]
Epoch 8/30 [Train]:  55%|█████▍    | 251/460 [00:52<00:43,  4.85it/s]
Epoch 8/30 [Train]:  55%|█████▍    | 252/460 [00:53<00:42,  4.86it/s]
Epoch 8/30 [Train]:  55%|█████▌    | 253/460 [00:53<00:42,  4.85it/s]
Epoch 8/30 [Train]:  55%|█████▌    | 254/460 [00:53<00:42,  4.82it/s]
Epoch 8/30 [Train]:  55%|█████▌    | 255/460 [00:53<00:42,  4.82it/s]
Epoch 8/30 [Train]:  56%|█████▌    | 256/460 [00:53<00:42,  4.85it/s]
Epoch 8/30 [Train]:  56%|█████▌    | 257/460 [00:54<00:41,  4.86it/s]
Epoch 8/30 [Train]:  56%|█████▌    | 258/460 [00:54<00:41,  4.85it/s]
Epoch 8/30 [Train]:  56%|█████▋    | 259/460 [00:54<00:41,  4.84it/s]
Epoch 8/30 [Train]:  57%|█████▋    | 260/460 [00:54<00:41,  4.86it/s]
Epoch 8/30 [Train]:  57%|█████▋    | 261/460 [00:55<00:40,  4.87it/s]
Epoch 8/30 [Train]:  57%|█████▋    | 262/460 [00:55<00:40,  4.91it/s]
Epoch 8/30 [Train]:  57%|█████▋    | 263/460 [00:55<00:39,  4.93it/s]
Epoch 8/30 [Train]:  57%|█████▋    | 264/460 [00:55<00:40,  4.82it/s]
Epoch 8/30 [Train]:  58%|█████▊    | 265/460 [00:55<00:40,  4.83it/s]
Epoch 8/30 [Train]:  58%|█████▊    | 266/460 [00:56<00:39,  4.85it/s]
Epoch 8/30 [Train]:  58%|█████▊    | 267/460 [00:56<00:40,  4.82it/s]
Epoch 8/30 [Train]:  58%|█████▊    | 268/460 [00:56<00:40,  4.78it/s]
Epoch 8/30 [Train]:  58%|█████▊    | 269/460 [00:56<00:39,  4.78it/s]
Epoch 8/30 [Train]:  59%|█████▊    | 270/460 [00:56<00:39,  4.78it/s]
Epoch 8/30 [Train]:  59%|█████▉    | 271/460 [00:57<00:39,  4.77it/s]
Epoch 8/30 [Train]:  59%|█████▉    | 272/460 [00:57<00:38,  4.82it/s]
Epoch 8/30 [Train]:  59%|█████▉    | 273/460 [00:57<00:38,  4.83it/s]
Epoch 8/30 [Train]:  60%|█████▉    | 274/460 [00:57<00:38,  4.84it/s]
Epoch 8/30 [Train]:  60%|█████▉    | 275/460 [00:57<00:38,  4.84it/s]
Epoch 8/30 [Train]:  60%|██████    | 276/460 [00:58<00:37,  4.85it/s]
Epoch 8/30 [Train]:  60%|██████    | 277/460 [00:58<00:37,  4.85it/s]
Epoch 8/30 [Train]:  60%|██████    | 278/460 [00:58<00:37,  4.84it/s]
Epoch 8/30 [Train]:  61%|██████    | 279/460 [00:58<00:37,  4.89it/s]
Epoch 8/30 [Train]:  61%|██████    | 280/460 [00:58<00:36,  4.88it/s]
Epoch 8/30 [Train]:  61%|██████    | 281/460 [00:59<00:36,  4.86it/s]
Epoch 8/30 [Train]:  61%|██████▏   | 282/460 [00:59<00:36,  4.86it/s]
Epoch 8/30 [Train]:  62%|██████▏   | 283/460 [00:59<00:36,  4.87it/s]
Epoch 8/30 [Train]:  62%|██████▏   | 284/460 [00:59<00:36,  4.85it/s]
Epoch 8/30 [Train]:  62%|██████▏   | 285/460 [00:59<00:35,  4.86it/s]
Epoch 8/30 [Train]:  62%|██████▏   | 286/460 [01:00<00:35,  4.85it/s]
Epoch 8/30 [Train]:  62%|██████▏   | 287/460 [01:00<00:36,  4.80it/s]
Epoch 8/30 [Train]:  63%|██████▎   | 288/460 [01:00<00:35,  4.81it/s]
Epoch 8/30 [Train]:  63%|██████▎   | 289/460 [01:00<00:35,  4.84it/s]
Epoch 8/30 [Train]:  63%|██████▎   | 290/460 [01:01<00:35,  4.86it/s]
Epoch 8/30 [Train]:  63%|██████▎   | 291/460 [01:01<00:35,  4.82it/s]
Epoch 8/30 [Train]:  63%|██████▎   | 292/460 [01:01<00:35,  4.79it/s]
Epoch 8/30 [Train]:  64%|██████▎   | 293/460 [01:01<00:34,  4.81it/s]
Epoch 8/30 [Train]:  64%|██████▍   | 294/460 [01:01<00:34,  4.74it/s]
Epoch 8/30 [Train]:  64%|██████▍   | 295/460 [01:02<00:35,  4.67it/s]
Epoch 8/30 [Train]:  64%|██████▍   | 296/460 [01:02<00:35,  4.67it/s]
Epoch 8/30 [Train]:  65%|██████▍   | 297/460 [01:02<00:34,  4.76it/s]
Epoch 8/30 [Train]:  65%|██████▍   | 298/460 [01:02<00:33,  4.82it/s]
Epoch 8/30 [Train]:  65%|██████▌   | 299/460 [01:02<00:33,  4.86it/s]
Epoch 8/30 [Train]:  65%|██████▌   | 300/460 [01:03<00:32,  4.86it/s]
Epoch 8/30 [Train]:  65%|██████▌   | 301/460 [01:03<00:32,  4.88it/s]
Epoch 8/30 [Train]:  66%|██████▌   | 302/460 [01:03<00:32,  4.88it/s]
Epoch 8/30 [Train]:  66%|██████▌   | 303/460 [01:03<00:32,  4.90it/s]
Epoch 8/30 [Train]:  66%|██████▌   | 304/460 [01:03<00:31,  4.90it/s]
Epoch 8/30 [Train]:  66%|██████▋   | 305/460 [01:04<00:31,  4.92it/s]
Epoch 8/30 [Train]:  67%|██████▋   | 306/460 [01:04<00:31,  4.91it/s]
Epoch 8/30 [Train]:  67%|██████▋   | 307/460 [01:04<00:31,  4.91it/s]
Epoch 8/30 [Train]:  67%|██████▋   | 308/460 [01:04<00:30,  4.92it/s]
Epoch 8/30 [Train]:  67%|██████▋   | 309/460 [01:04<00:30,  4.91it/s]
Epoch 8/30 [Train]:  67%|██████▋   | 310/460 [01:05<00:30,  4.91it/s]
Epoch 8/30 [Train]:  68%|██████▊   | 311/460 [01:05<00:30,  4.89it/s]
Epoch 8/30 [Train]:  68%|██████▊   | 312/460 [01:05<00:30,  4.89it/s]
Epoch 8/30 [Train]:  68%|██████▊   | 313/460 [01:05<00:29,  4.90it/s]
Epoch 8/30 [Train]:  68%|██████▊   | 314/460 [01:05<00:29,  4.88it/s]
Epoch 8/30 [Train]:  68%|██████▊   | 315/460 [01:06<00:29,  4.90it/s]
Epoch 8/30 [Train]:  69%|██████▊   | 316/460 [01:06<00:29,  4.85it/s]
Epoch 8/30 [Train]:  69%|██████▉   | 317/460 [01:06<00:29,  4.85it/s]
Epoch 8/30 [Train]:  69%|██████▉   | 318/460 [01:06<00:29,  4.83it/s]
Epoch 8/30 [Train]:  69%|██████▉   | 319/460 [01:06<00:29,  4.84it/s]
Epoch 8/30 [Train]:  70%|██████▉   | 320/460 [01:07<00:28,  4.86it/s]
Epoch 8/30 [Train]:  70%|██████▉   | 321/460 [01:07<00:28,  4.89it/s]
Epoch 8/30 [Train]:  70%|███████   | 322/460 [01:07<00:28,  4.86it/s]
Epoch 8/30 [Train]:  70%|███████   | 323/460 [01:07<00:28,  4.86it/s]
Epoch 8/30 [Train]:  70%|███████   | 324/460 [01:08<00:27,  4.86it/s]
Epoch 8/30 [Train]:  71%|███████   | 325/460 [01:08<00:27,  4.84it/s]
Epoch 8/30 [Train]:  71%|███████   | 326/460 [01:08<00:27,  4.83it/s]
Epoch 8/30 [Train]:  71%|███████   | 327/460 [01:08<00:27,  4.83it/s]
Epoch 8/30 [Train]:  71%|███████▏  | 328/460 [01:08<00:27,  4.84it/s]
Epoch 8/30 [Train]:  72%|███████▏  | 329/460 [01:09<00:27,  4.78it/s]
Epoch 8/30 [Train]:  72%|███████▏  | 330/460 [01:09<00:27,  4.76it/s]
Epoch 8/30 [Train]:  72%|███████▏  | 331/460 [01:09<00:27,  4.75it/s]
Epoch 8/30 [Train]:  72%|███████▏  | 332/460 [01:09<00:26,  4.75it/s]
Epoch 8/30 [Train]:  72%|███████▏  | 333/460 [01:09<00:26,  4.76it/s]
Epoch 8/30 [Train]:  73%|███████▎  | 334/460 [01:10<00:26,  4.76it/s]
Epoch 8/30 [Train]:  73%|███████▎  | 335/460 [01:10<00:26,  4.73it/s]
Epoch 8/30 [Train]:  73%|███████▎  | 336/460 [01:10<00:26,  4.73it/s]
Epoch 8/30 [Train]:  73%|███████▎  | 337/460 [01:10<00:26,  4.73it/s]
Epoch 8/30 [Train]:  73%|███████▎  | 338/460 [01:10<00:25,  4.73it/s]
Epoch 8/30 [Train]:  74%|███████▎  | 339/460 [01:11<00:25,  4.72it/s]
Epoch 8/30 [Train]:  74%|███████▍  | 340/460 [01:11<00:25,  4.70it/s]
Epoch 8/30 [Train]:  74%|███████▍  | 341/460 [01:11<00:24,  4.77it/s]
Epoch 8/30 [Train]:  74%|███████▍  | 342/460 [01:11<00:24,  4.80it/s]
Epoch 8/30 [Train]:  75%|███████▍  | 343/460 [01:12<00:24,  4.81it/s]
Epoch 8/30 [Train]:  75%|███████▍  | 344/460 [01:12<00:24,  4.80it/s]
Epoch 8/30 [Train]:  75%|███████▌  | 345/460 [01:12<00:23,  4.81it/s]
Epoch 8/30 [Train]:  75%|███████▌  | 346/460 [01:12<00:23,  4.84it/s]
Epoch 8/30 [Train]:  75%|███████▌  | 347/460 [01:12<00:23,  4.85it/s]
Epoch 8/30 [Train]:  76%|███████▌  | 348/460 [01:13<00:23,  4.83it/s]
Epoch 8/30 [Train]:  76%|███████▌  | 349/460 [01:13<00:22,  4.83it/s]
Epoch 8/30 [Train]:  76%|███████▌  | 350/460 [01:13<00:22,  4.83it/s]
Epoch 8/30 [Train]:  76%|███████▋  | 351/460 [01:13<00:22,  4.87it/s]
Epoch 8/30 [Train]:  77%|███████▋  | 352/460 [01:13<00:22,  4.87it/s]
Epoch 8/30 [Train]:  77%|███████▋  | 353/460 [01:14<00:21,  4.88it/s]
Epoch 8/30 [Train]:  77%|███████▋  | 354/460 [01:14<00:21,  4.90it/s]
Epoch 8/30 [Train]:  77%|███████▋  | 355/460 [01:14<00:21,  4.88it/s]
Epoch 8/30 [Train]:  77%|███████▋  | 356/460 [01:14<00:21,  4.92it/s]
Epoch 8/30 [Train]:  78%|███████▊  | 357/460 [01:14<00:20,  4.93it/s]
Epoch 8/30 [Train]:  78%|███████▊  | 358/460 [01:15<00:20,  4.94it/s]
Epoch 8/30 [Train]:  78%|███████▊  | 359/460 [01:15<00:20,  4.90it/s]
Epoch 8/30 [Train]:  78%|███████▊  | 360/460 [01:15<00:20,  4.85it/s]
Epoch 8/30 [Train]:  78%|███████▊  | 361/460 [01:15<00:20,  4.81it/s]
Epoch 8/30 [Train]:  79%|███████▊  | 362/460 [01:15<00:20,  4.78it/s]
Epoch 8/30 [Train]:  79%|███████▉  | 363/460 [01:16<00:20,  4.80it/s]
Epoch 8/30 [Train]:  79%|███████▉  | 364/460 [01:16<00:20,  4.79it/s]
Epoch 8/30 [Train]:  79%|███████▉  | 365/460 [01:16<00:19,  4.76it/s]
Epoch 8/30 [Train]:  80%|███████▉  | 366/460 [01:16<00:19,  4.76it/s]
Epoch 8/30 [Train]:  80%|███████▉  | 367/460 [01:16<00:19,  4.76it/s]
Epoch 8/30 [Train]:  80%|████████  | 368/460 [01:17<00:19,  4.73it/s]
Epoch 8/30 [Train]:  80%|████████  | 369/460 [01:17<00:19,  4.70it/s]
Epoch 8/30 [Train]:  80%|████████  | 370/460 [01:17<00:19,  4.73it/s]
Epoch 8/30 [Train]:  81%|████████  | 371/460 [01:17<00:18,  4.73it/s]
Epoch 8/30 [Train]:  81%|████████  | 372/460 [01:18<00:18,  4.70it/s]
Epoch 8/30 [Train]:  81%|████████  | 373/460 [01:18<00:18,  4.72it/s]
Epoch 8/30 [Train]:  81%|████████▏ | 374/460 [01:18<00:18,  4.77it/s]
Epoch 8/30 [Train]:  82%|████████▏ | 375/460 [01:18<00:17,  4.82it/s]
Epoch 8/30 [Train]:  82%|████████▏ | 376/460 [01:18<00:17,  4.86it/s]
Epoch 8/30 [Train]:  82%|████████▏ | 377/460 [01:19<00:17,  4.86it/s]
Epoch 8/30 [Train]:  82%|████████▏ | 378/460 [01:19<00:16,  4.85it/s]
Epoch 8/30 [Train]:  82%|████████▏ | 379/460 [01:19<00:16,  4.84it/s]
Epoch 8/30 [Train]:  83%|████████▎ | 380/460 [01:19<00:16,  4.86it/s]
Epoch 8/30 [Train]:  83%|████████▎ | 381/460 [01:19<00:16,  4.88it/s]
Epoch 8/30 [Train]:  83%|████████▎ | 382/460 [01:20<00:15,  4.88it/s]
Epoch 8/30 [Train]:  83%|████████▎ | 383/460 [01:20<00:15,  4.89it/s]
Epoch 8/30 [Train]:  83%|████████▎ | 384/460 [01:20<00:15,  4.89it/s]
Epoch 8/30 [Train]:  84%|████████▎ | 385/460 [01:20<00:15,  4.89it/s]
Epoch 8/30 [Train]:  84%|████████▍ | 386/460 [01:20<00:15,  4.89it/s]
Epoch 8/30 [Train]:  84%|████████▍ | 387/460 [01:21<00:14,  4.90it/s]
Epoch 8/30 [Train]:  84%|████████▍ | 388/460 [01:21<00:14,  4.84it/s]
Epoch 8/30 [Train]:  85%|████████▍ | 389/460 [01:21<00:14,  4.83it/s]
Epoch 8/30 [Train]:  85%|████████▍ | 390/460 [01:21<00:14,  4.83it/s]
Epoch 8/30 [Train]:  85%|████████▌ | 391/460 [01:21<00:14,  4.75it/s]
Epoch 8/30 [Train]:  85%|████████▌ | 392/460 [01:22<00:14,  4.72it/s]
Epoch 8/30 [Train]:  85%|████████▌ | 393/460 [01:22<00:14,  4.75it/s]
Epoch 8/30 [Train]:  86%|████████▌ | 394/460 [01:22<00:13,  4.82it/s]
Epoch 8/30 [Train]:  86%|████████▌ | 395/460 [01:22<00:13,  4.84it/s]
Epoch 8/30 [Train]:  86%|████████▌ | 396/460 [01:22<00:13,  4.84it/s]
Epoch 8/30 [Train]:  86%|████████▋ | 397/460 [01:23<00:12,  4.86it/s]
Epoch 8/30 [Train]:  87%|████████▋ | 398/460 [01:23<00:12,  4.84it/s]
Epoch 8/30 [Train]:  87%|████████▋ | 399/460 [01:23<00:12,  4.84it/s]
Epoch 8/30 [Train]:  87%|████████▋ | 400/460 [01:23<00:12,  4.85it/s]
Epoch 8/30 [Train]:  87%|████████▋ | 401/460 [01:24<00:12,  4.82it/s]
Epoch 8/30 [Train]:  87%|████████▋ | 402/460 [01:24<00:11,  4.84it/s]
Epoch 8/30 [Train]:  88%|████████▊ | 403/460 [01:24<00:11,  4.80it/s]
Epoch 8/30 [Train]:  88%|████████▊ | 404/460 [01:24<00:11,  4.85it/s]
Epoch 8/30 [Train]:  88%|████████▊ | 405/460 [01:24<00:11,  4.87it/s]
Epoch 8/30 [Train]:  88%|████████▊ | 406/460 [01:25<00:11,  4.90it/s]
Epoch 8/30 [Train]:  88%|████████▊ | 407/460 [01:25<00:10,  4.89it/s]
Epoch 8/30 [Train]:  89%|████████▊ | 408/460 [01:25<00:10,  4.89it/s]
Epoch 8/30 [Train]:  89%|████████▉ | 409/460 [01:25<00:10,  4.92it/s]
Epoch 8/30 [Train]:  89%|████████▉ | 410/460 [01:25<00:10,  4.92it/s]
Epoch 8/30 [Train]:  89%|████████▉ | 411/460 [01:26<00:09,  4.93it/s]
Epoch 8/30 [Train]:  90%|████████▉ | 412/460 [01:26<00:09,  4.90it/s]
Epoch 8/30 [Train]:  90%|████████▉ | 413/460 [01:26<00:09,  4.90it/s]
Epoch 8/30 [Train]:  90%|█████████ | 414/460 [01:26<00:09,  4.89it/s]
Epoch 8/30 [Train]:  90%|█████████ | 415/460 [01:26<00:09,  4.87it/s]
Epoch 8/30 [Train]:  90%|█████████ | 416/460 [01:27<00:08,  4.92it/s]
Epoch 8/30 [Train]:  91%|█████████ | 417/460 [01:27<00:08,  4.87it/s]
Epoch 8/30 [Train]:  91%|█████████ | 418/460 [01:27<00:08,  4.87it/s]
Epoch 8/30 [Train]:  91%|█████████ | 419/460 [01:27<00:08,  4.87it/s]
Epoch 8/30 [Train]:  91%|█████████▏| 420/460 [01:27<00:08,  4.89it/s]
Epoch 8/30 [Train]:  92%|█████████▏| 421/460 [01:28<00:07,  4.91it/s]
Epoch 8/30 [Train]:  92%|█████████▏| 422/460 [01:28<00:07,  4.91it/s]
Epoch 8/30 [Train]:  92%|█████████▏| 423/460 [01:28<00:07,  4.88it/s]
Epoch 8/30 [Train]:  92%|█████████▏| 424/460 [01:28<00:07,  4.87it/s]
Epoch 8/30 [Train]:  92%|█████████▏| 425/460 [01:28<00:07,  4.88it/s]
Epoch 8/30 [Train]:  93%|█████████▎| 426/460 [01:29<00:07,  4.83it/s]
Epoch 8/30 [Train]:  93%|█████████▎| 427/460 [01:29<00:06,  4.84it/s]
Epoch 8/30 [Train]:  93%|█████████▎| 428/460 [01:29<00:06,  4.78it/s]
Epoch 8/30 [Train]:  93%|█████████▎| 429/460 [01:29<00:06,  4.80it/s]
Epoch 8/30 [Train]:  93%|█████████▎| 430/460 [01:29<00:06,  4.70it/s]
Epoch 8/30 [Train]:  94%|█████████▎| 431/460 [01:30<00:06,  4.71it/s]
Epoch 8/30 [Train]:  94%|█████████▍| 432/460 [01:30<00:05,  4.75it/s]
Epoch 8/30 [Train]:  94%|█████████▍| 433/460 [01:30<00:05,  4.75it/s]
Epoch 8/30 [Train]:  94%|█████████▍| 434/460 [01:30<00:05,  4.79it/s]
Epoch 8/30 [Train]:  95%|█████████▍| 435/460 [01:31<00:05,  4.83it/s]
Epoch 8/30 [Train]:  95%|█████████▍| 436/460 [01:31<00:05,  4.78it/s]
Epoch 8/30 [Train]:  95%|█████████▌| 437/460 [01:31<00:04,  4.80it/s]
Epoch 8/30 [Train]:  95%|█████████▌| 438/460 [01:31<00:04,  4.81it/s]
Epoch 8/30 [Train]:  95%|█████████▌| 439/460 [01:31<00:04,  4.79it/s]
Epoch 8/30 [Train]:  96%|█████████▌| 440/460 [01:32<00:04,  4.79it/s]
Epoch 8/30 [Train]:  96%|█████████▌| 441/460 [01:32<00:03,  4.77it/s]
Epoch 8/30 [Train]:  96%|█████████▌| 442/460 [01:32<00:03,  4.80it/s]
Epoch 8/30 [Train]:  96%|█████████▋| 443/460 [01:32<00:03,  4.81it/s]
Epoch 8/30 [Train]:  97%|█████████▋| 444/460 [01:32<00:03,  4.85it/s]
Epoch 8/30 [Train]:  97%|█████████▋| 445/460 [01:33<00:03,  4.88it/s]
Epoch 8/30 [Train]:  97%|█████████▋| 446/460 [01:33<00:02,  4.88it/s]
Epoch 8/30 [Train]:  97%|█████████▋| 447/460 [01:33<00:02,  4.88it/s]
Epoch 8/30 [Train]:  97%|█████████▋| 448/460 [01:33<00:02,  4.89it/s]
Epoch 8/30 [Train]:  98%|█████████▊| 449/460 [01:33<00:02,  4.87it/s]
Epoch 8/30 [Train]:  98%|█████████▊| 450/460 [01:34<00:02,  4.87it/s]
Epoch 8/30 [Train]:  98%|█████████▊| 451/460 [01:34<00:01,  4.82it/s]
Epoch 8/30 [Train]:  98%|█████████▊| 452/460 [01:34<00:01,  4.79it/s]
Epoch 8/30 [Train]:  98%|█████████▊| 453/460 [01:34<00:01,  4.76it/s]
Epoch 8/30 [Train]:  99%|█████████▊| 454/460 [01:34<00:01,  4.77it/s]
Epoch 8/30 [Train]:  99%|█████████▉| 455/460 [01:35<00:01,  4.78it/s]
Epoch 8/30 [Train]:  99%|█████████▉| 456/460 [01:35<00:00,  4.78it/s]
Epoch 8/30 [Train]:  99%|█████████▉| 457/460 [01:35<00:00,  4.78it/s]
Epoch 8/30 [Train]: 100%|█████████▉| 458/460 [01:35<00:00,  4.79it/s]
Epoch 8/30 [Train]: 100%|█████████▉| 459/460 [01:36<00:00,  4.79it/s]
Epoch 8/30 [Train]: 100%|██████████| 460/460 [01:36<00:00,  5.35it/s]
                                                                     

Epoch 9/30 [Train]:   0%|          | 0/460 [00:00<?, ?it/s]
Epoch 9/30 [Train]:   0%|          | 1/460 [00:00<01:31,  5.02it/s]
Epoch 9/30 [Train]:   0%|          | 2/460 [00:00<01:33,  4.88it/s]
Epoch 9/30 [Train]:   1%|          | 3/460 [00:00<01:33,  4.91it/s]
Epoch 9/30 [Train]:   1%|          | 4/460 [00:00<01:33,  4.88it/s]
Epoch 9/30 [Train]:   1%|          | 5/460 [00:01<01:33,  4.85it/s]
Epoch 9/30 [Train]:   1%|▏         | 6/460 [00:01<01:33,  4.86it/s]
Epoch 9/30 [Train]:   2%|▏         | 7/460 [00:01<01:32,  4.88it/s]
Epoch 9/30 [Train]:   2%|▏         | 8/460 [00:01<01:32,  4.88it/s]
Epoch 9/30 [Train]:   2%|▏         | 9/460 [00:01<01:32,  4.89it/s]
Epoch 9/30 [Train]:   2%|▏         | 10/460 [00:02<01:32,  4.86it/s]
Epoch 9/30 [Train]:   2%|▏         | 11/460 [00:02<01:32,  4.86it/s]
Epoch 9/30 [Train]:   3%|▎         | 12/460 [00:02<01:32,  4.87it/s]
Epoch 9/30 [Train]:   3%|▎         | 13/460 [00:02<01:31,  4.86it/s]
Epoch 9/30 [Train]:   3%|▎         | 14/460 [00:02<01:31,  4.88it/s]
Epoch 9/30 [Train]:   3%|▎         | 15/460 [00:03<01:31,  4.84it/s]
Epoch 9/30 [Train]:   3%|▎         | 16/460 [00:03<01:31,  4.83it/s]
Epoch 9/30 [Train]:   4%|▎         | 17/460 [00:03<01:32,  4.79it/s]
Epoch 9/30 [Train]:   4%|▍         | 18/460 [00:03<01:31,  4.83it/s]
Epoch 9/30 [Train]:   4%|▍         | 19/460 [00:03<01:31,  4.84it/s]
Epoch 9/30 [Train]:   4%|▍         | 20/460 [00:04<01:31,  4.82it/s]
Epoch 9/30 [Train]:   5%|▍         | 21/460 [00:04<01:30,  4.84it/s]
Epoch 9/30 [Train]:   5%|▍         | 22/460 [00:04<01:29,  4.87it/s]
Epoch 9/30 [Train]:   5%|▌         | 23/460 [00:04<01:29,  4.87it/s]
Epoch 9/30 [Train]:   5%|▌         | 24/460 [00:04<01:30,  4.80it/s]
Epoch 9/30 [Train]:   5%|▌         | 25/460 [00:05<01:31,  4.76it/s]
Epoch 9/30 [Train]:   6%|▌         | 26/460 [00:05<01:31,  4.73it/s]
Epoch 9/30 [Train]:   6%|▌         | 27/460 [00:05<01:30,  4.77it/s]
Epoch 9/30 [Train]:   6%|▌         | 28/460 [00:05<01:30,  4.77it/s]
Epoch 9/30 [Train]:   6%|▋         | 29/460 [00:06<01:30,  4.75it/s]
Epoch 9/30 [Train]:   7%|▋         | 30/460 [00:06<01:30,  4.76it/s]
Epoch 9/30 [Train]:   7%|▋         | 31/460 [00:06<01:29,  4.79it/s]
Epoch 9/30 [Train]:   7%|▋         | 32/460 [00:06<01:30,  4.75it/s]
Epoch 9/30 [Train]:   7%|▋         | 33/460 [00:06<01:29,  4.76it/s]
Epoch 9/30 [Train]:   7%|▋         | 34/460 [00:07<01:28,  4.80it/s]
Epoch 9/30 [Train]:   8%|▊         | 35/460 [00:07<01:28,  4.83it/s]
Epoch 9/30 [Train]:   8%|▊         | 36/460 [00:07<01:27,  4.83it/s]
Epoch 9/30 [Train]:   8%|▊         | 37/460 [00:07<01:27,  4.83it/s]
Epoch 9/30 [Train]:   8%|▊         | 38/460 [00:07<01:26,  4.86it/s]
Epoch 9/30 [Train]:   8%|▊         | 39/460 [00:08<01:26,  4.84it/s]
Epoch 9/30 [Train]:   9%|▊         | 40/460 [00:08<01:26,  4.85it/s]
Epoch 9/30 [Train]:   9%|▉         | 41/460 [00:08<01:28,  4.76it/s]
Epoch 9/30 [Train]:   9%|▉         | 42/460 [00:08<01:27,  4.78it/s]
Epoch 9/30 [Train]:   9%|▉         | 43/460 [00:08<01:26,  4.80it/s]
Epoch 9/30 [Train]:  10%|▉         | 44/460 [00:09<01:26,  4.83it/s]
Epoch 9/30 [Train]:  10%|▉         | 45/460 [00:09<01:26,  4.81it/s]
Epoch 9/30 [Train]:  10%|█         | 46/460 [00:09<01:25,  4.84it/s]
Epoch 9/30 [Train]:  10%|█         | 47/460 [00:09<01:25,  4.83it/s]
Epoch 9/30 [Train]:  10%|█         | 48/460 [00:09<01:24,  4.86it/s]
Epoch 9/30 [Train]:  11%|█         | 49/460 [00:10<01:24,  4.84it/s]
Epoch 9/30 [Train]:  11%|█         | 50/460 [00:10<01:23,  4.88it/s]
Epoch 9/30 [Train]:  11%|█         | 51/460 [00:10<01:23,  4.89it/s]
Epoch 9/30 [Train]:  11%|█▏        | 52/460 [00:10<01:24,  4.85it/s]
Epoch 9/30 [Train]:  12%|█▏        | 53/460 [00:10<01:23,  4.85it/s]
Epoch 9/30 [Train]:  12%|█▏        | 54/460 [00:11<01:23,  4.85it/s]
Epoch 9/30 [Train]:  12%|█▏        | 55/460 [00:11<01:23,  4.86it/s]
Epoch 9/30 [Train]:  12%|█▏        | 56/460 [00:11<01:23,  4.83it/s]
Epoch 9/30 [Train]:  12%|█▏        | 57/460 [00:11<01:23,  4.83it/s]
Epoch 9/30 [Train]:  13%|█▎        | 58/460 [00:12<01:23,  4.84it/s]
Epoch 9/30 [Train]:  13%|█▎        | 59/460 [00:12<01:22,  4.86it/s]
Epoch 9/30 [Train]:  13%|█▎        | 60/460 [00:12<01:21,  4.89it/s]
Epoch 9/30 [Train]:  13%|█▎        | 61/460 [00:12<01:21,  4.89it/s]
Epoch 9/30 [Train]:  13%|█▎        | 62/460 [00:12<01:21,  4.90it/s]
Epoch 9/30 [Train]:  14%|█▎        | 63/460 [00:13<01:20,  4.91it/s]
Epoch 9/30 [Train]:  14%|█▍        | 64/460 [00:13<01:20,  4.91it/s]
Epoch 9/30 [Train]:  14%|█▍        | 65/460 [00:13<01:20,  4.93it/s]
Epoch 9/30 [Train]:  14%|█▍        | 66/460 [00:13<01:20,  4.91it/s]
Epoch 9/30 [Train]:  15%|█▍        | 67/460 [00:13<01:20,  4.90it/s]
Epoch 9/30 [Train]:  15%|█▍        | 68/460 [00:14<01:20,  4.86it/s]
Epoch 9/30 [Train]:  15%|█▌        | 69/460 [00:14<01:20,  4.86it/s]
Epoch 9/30 [Train]:  15%|█▌        | 70/460 [00:14<01:20,  4.84it/s]
Epoch 9/30 [Train]:  15%|█▌        | 71/460 [00:14<01:20,  4.86it/s]
Epoch 9/30 [Train]:  16%|█▌        | 72/460 [00:14<01:19,  4.86it/s]
Epoch 9/30 [Train]:  16%|█▌        | 73/460 [00:15<01:21,  4.77it/s]
Epoch 9/30 [Train]:  16%|█▌        | 74/460 [00:15<01:21,  4.76it/s]
Epoch 9/30 [Train]:  16%|█▋        | 75/460 [00:15<01:20,  4.76it/s]
Epoch 9/30 [Train]:  17%|█▋        | 76/460 [00:15<01:20,  4.77it/s]
Epoch 9/30 [Train]:  17%|█▋        | 77/460 [00:15<01:20,  4.77it/s]
Epoch 9/30 [Train]:  17%|█▋        | 78/460 [00:16<01:19,  4.80it/s]
Epoch 9/30 [Train]:  17%|█▋        | 79/460 [00:16<01:18,  4.83it/s]
Epoch 9/30 [Train]:  17%|█▋        | 80/460 [00:16<01:17,  4.87it/s]
Epoch 9/30 [Train]:  18%|█▊        | 81/460 [00:16<01:17,  4.87it/s]
Epoch 9/30 [Train]:  18%|█▊        | 82/460 [00:16<01:17,  4.87it/s]
Epoch 9/30 [Train]:  18%|█▊        | 83/460 [00:17<01:16,  4.91it/s]
Epoch 9/30 [Train]:  18%|█▊        | 84/460 [00:17<01:16,  4.92it/s]
Epoch 9/30 [Train]:  18%|█▊        | 85/460 [00:17<01:16,  4.91it/s]
Epoch 9/30 [Train]:  19%|█▊        | 86/460 [00:17<01:16,  4.90it/s]
Epoch 9/30 [Train]:  19%|█▉        | 87/460 [00:17<01:16,  4.86it/s]
Epoch 9/30 [Train]:  19%|█▉        | 88/460 [00:18<01:17,  4.80it/s]
Epoch 9/30 [Train]:  19%|█▉        | 89/460 [00:18<01:18,  4.73it/s]
Epoch 9/30 [Train]:  20%|█▉        | 90/460 [00:18<01:18,  4.73it/s]
Epoch 9/30 [Train]:  20%|█▉        | 91/460 [00:18<01:17,  4.75it/s]
Epoch 9/30 [Train]:  20%|██        | 92/460 [00:19<01:17,  4.75it/s]
Epoch 9/30 [Train]:  20%|██        | 93/460 [00:19<01:17,  4.75it/s]
Epoch 9/30 [Train]:  20%|██        | 94/460 [00:19<01:17,  4.72it/s]
Epoch 9/30 [Train]:  21%|██        | 95/460 [00:19<01:17,  4.72it/s]
Epoch 9/30 [Train]:  21%|██        | 96/460 [00:19<01:16,  4.75it/s]
Epoch 9/30 [Train]:  21%|██        | 97/460 [00:20<01:16,  4.77it/s]
Epoch 9/30 [Train]:  21%|██▏       | 98/460 [00:20<01:16,  4.75it/s]
Epoch 9/30 [Train]:  22%|██▏       | 99/460 [00:20<01:15,  4.79it/s]
Epoch 9/30 [Train]:  22%|██▏       | 100/460 [00:20<01:14,  4.82it/s]
Epoch 9/30 [Train]:  22%|██▏       | 101/460 [00:20<01:14,  4.84it/s]
Epoch 9/30 [Train]:  22%|██▏       | 102/460 [00:21<01:13,  4.86it/s]
Epoch 9/30 [Train]:  22%|██▏       | 103/460 [00:21<01:13,  4.84it/s]
Epoch 9/30 [Train]:  23%|██▎       | 104/460 [00:21<01:13,  4.84it/s]
Epoch 9/30 [Train]:  23%|██▎       | 105/460 [00:21<01:14,  4.78it/s]
Epoch 9/30 [Train]:  23%|██▎       | 106/460 [00:21<01:13,  4.78it/s]
Epoch 9/30 [Train]:  23%|██▎       | 107/460 [00:22<01:13,  4.78it/s]
Epoch 9/30 [Train]:  23%|██▎       | 108/460 [00:22<01:14,  4.72it/s]
Epoch 9/30 [Train]:  24%|██▎       | 109/460 [00:22<01:13,  4.75it/s]
Epoch 9/30 [Train]:  24%|██▍       | 110/460 [00:22<01:13,  4.76it/s]
Epoch 9/30 [Train]:  24%|██▍       | 111/460 [00:23<01:13,  4.77it/s]
Epoch 9/30 [Train]:  24%|██▍       | 112/460 [00:23<01:13,  4.76it/s]
Epoch 9/30 [Train]:  25%|██▍       | 113/460 [00:23<01:13,  4.73it/s]
Epoch 9/30 [Train]:  25%|██▍       | 114/460 [00:23<01:13,  4.69it/s]
Epoch 9/30 [Train]:  25%|██▌       | 115/460 [00:23<01:13,  4.70it/s]
Epoch 9/30 [Train]:  25%|██▌       | 116/460 [00:24<01:12,  4.72it/s]
Epoch 9/30 [Train]:  25%|██▌       | 117/460 [00:24<01:12,  4.75it/s]
Epoch 9/30 [Train]:  26%|██▌       | 118/460 [00:24<01:11,  4.76it/s]
Epoch 9/30 [Train]:  26%|██▌       | 119/460 [00:24<01:11,  4.74it/s]
Epoch 9/30 [Train]:  26%|██▌       | 120/460 [00:24<01:11,  4.74it/s]
Epoch 9/30 [Train]:  26%|██▋       | 121/460 [00:25<01:12,  4.68it/s]
Epoch 9/30 [Train]:  27%|██▋       | 122/460 [00:25<01:12,  4.68it/s]
Epoch 9/30 [Train]:  27%|██▋       | 123/460 [00:25<01:12,  4.66it/s]
Epoch 9/30 [Train]:  27%|██▋       | 124/460 [00:25<01:12,  4.64it/s]
Epoch 9/30 [Train]:  27%|██▋       | 125/460 [00:25<01:12,  4.63it/s]
Epoch 9/30 [Train]:  27%|██▋       | 126/460 [00:26<01:12,  4.61it/s]
Epoch 9/30 [Train]:  28%|██▊       | 127/460 [00:26<01:11,  4.65it/s]
Epoch 9/30 [Train]:  28%|██▊       | 128/460 [00:26<01:11,  4.66it/s]
Epoch 9/30 [Train]:  28%|██▊       | 129/460 [00:26<01:10,  4.66it/s]
Epoch 9/30 [Train]:  28%|██▊       | 130/460 [00:27<01:10,  4.70it/s]
Epoch 9/30 [Train]:  28%|██▊       | 131/460 [00:27<01:09,  4.71it/s]
Epoch 9/30 [Train]:  29%|██▊       | 132/460 [00:27<01:09,  4.70it/s]
Epoch 9/30 [Train]:  29%|██▉       | 133/460 [00:27<01:09,  4.71it/s]
Epoch 9/30 [Train]:  29%|██▉       | 134/460 [00:27<01:09,  4.71it/s]
Epoch 9/30 [Train]:  29%|██▉       | 135/460 [00:28<01:09,  4.71it/s]
Epoch 9/30 [Train]:  30%|██▉       | 136/460 [00:28<01:08,  4.73it/s]
Epoch 9/30 [Train]:  30%|██▉       | 137/460 [00:28<01:08,  4.70it/s]
Epoch 9/30 [Train]:  30%|███       | 138/460 [00:28<01:08,  4.72it/s]
Epoch 9/30 [Train]:  30%|███       | 139/460 [00:28<01:07,  4.76it/s]
Epoch 9/30 [Train]:  30%|███       | 140/460 [00:29<01:07,  4.75it/s]
Epoch 9/30 [Train]:  31%|███       | 141/460 [00:29<01:07,  4.75it/s]
Epoch 9/30 [Train]:  31%|███       | 142/460 [00:29<01:07,  4.75it/s]
Epoch 9/30 [Train]:  31%|███       | 143/460 [00:29<01:06,  4.77it/s]
Epoch 9/30 [Train]:  31%|███▏      | 144/460 [00:30<01:06,  4.77it/s]
Epoch 9/30 [Train]:  32%|███▏      | 145/460 [00:30<01:06,  4.76it/s]
Epoch 9/30 [Train]:  32%|███▏      | 146/460 [00:30<01:06,  4.74it/s]
Epoch 9/30 [Train]:  32%|███▏      | 147/460 [00:30<01:06,  4.73it/s]
Epoch 9/30 [Train]:  32%|███▏      | 148/460 [00:30<01:05,  4.74it/s]
Epoch 9/30 [Train]:  32%|███▏      | 149/460 [00:31<01:05,  4.72it/s]
Epoch 9/30 [Train]:  33%|███▎      | 150/460 [00:31<01:05,  4.72it/s]
Epoch 9/30 [Train]:  33%|███▎      | 151/460 [00:31<01:05,  4.70it/s]
Epoch 9/30 [Train]:  33%|███▎      | 152/460 [00:31<01:05,  4.72it/s]
Epoch 9/30 [Train]:  33%|███▎      | 153/460 [00:31<01:04,  4.73it/s]
Epoch 9/30 [Train]:  33%|███▎      | 154/460 [00:32<01:04,  4.72it/s]
Epoch 9/30 [Train]:  34%|███▎      | 155/460 [00:32<01:04,  4.72it/s]
Epoch 9/30 [Train]:  34%|███▍      | 156/460 [00:32<01:04,  4.71it/s]
Epoch 9/30 [Train]:  34%|███▍      | 157/460 [00:32<01:04,  4.72it/s]
Epoch 9/30 [Train]:  34%|███▍      | 158/460 [00:32<01:03,  4.72it/s]
Epoch 9/30 [Train]:  35%|███▍      | 159/460 [00:33<01:03,  4.74it/s]
Epoch 9/30 [Train]:  35%|███▍      | 160/460 [00:33<01:03,  4.75it/s]
Epoch 9/30 [Train]:  35%|███▌      | 161/460 [00:33<01:02,  4.75it/s]
Epoch 9/30 [Train]:  35%|███▌      | 162/460 [00:33<01:02,  4.75it/s]
Epoch 9/30 [Train]:  35%|███▌      | 163/460 [00:34<01:02,  4.74it/s]
Epoch 9/30 [Train]:  36%|███▌      | 164/460 [00:34<01:02,  4.75it/s]
Epoch 9/30 [Train]:  36%|███▌      | 165/460 [00:34<01:02,  4.70it/s]
Epoch 9/30 [Train]:  36%|███▌      | 166/460 [00:34<01:02,  4.69it/s]
Epoch 9/30 [Train]:  36%|███▋      | 167/460 [00:34<01:02,  4.67it/s]
Epoch 9/30 [Train]:  37%|███▋      | 168/460 [00:35<01:03,  4.61it/s]
Epoch 9/30 [Train]:  37%|███▋      | 169/460 [00:35<01:03,  4.62it/s]
Epoch 9/30 [Train]:  37%|███▋      | 170/460 [00:35<01:02,  4.64it/s]
Epoch 9/30 [Train]:  37%|███▋      | 171/460 [00:35<01:01,  4.67it/s]
Epoch 9/30 [Train]:  37%|███▋      | 172/460 [00:35<01:01,  4.69it/s]
Epoch 9/30 [Train]:  38%|███▊      | 173/460 [00:36<01:01,  4.70it/s]
Epoch 9/30 [Train]:  38%|███▊      | 174/460 [00:36<01:00,  4.74it/s]
Epoch 9/30 [Train]:  38%|███▊      | 175/460 [00:36<00:59,  4.75it/s]
Epoch 9/30 [Train]:  38%|███▊      | 176/460 [00:36<00:59,  4.75it/s]
Epoch 9/30 [Train]:  38%|███▊      | 177/460 [00:37<00:59,  4.74it/s]
Epoch 9/30 [Train]:  39%|███▊      | 178/460 [00:37<00:59,  4.73it/s]
Epoch 9/30 [Train]:  39%|███▉      | 179/460 [00:37<00:59,  4.72it/s]
Epoch 9/30 [Train]:  39%|███▉      | 180/460 [00:37<00:59,  4.72it/s]
Epoch 9/30 [Train]:  39%|███▉      | 181/460 [00:37<00:59,  4.70it/s]
Epoch 9/30 [Train]:  40%|███▉      | 182/460 [00:38<00:59,  4.68it/s]
Epoch 9/30 [Train]:  40%|███▉      | 183/460 [00:38<00:59,  4.66it/s]
Epoch 9/30 [Train]:  40%|████      | 184/460 [00:38<00:59,  4.66it/s]
Epoch 9/30 [Train]:  40%|████      | 185/460 [00:38<00:58,  4.67it/s]
Epoch 9/30 [Train]:  40%|████      | 186/460 [00:38<00:58,  4.67it/s]
Epoch 9/30 [Train]:  41%|████      | 187/460 [00:39<00:58,  4.69it/s]
Epoch 9/30 [Train]:  41%|████      | 188/460 [00:39<00:57,  4.71it/s]
Epoch 9/30 [Train]:  41%|████      | 189/460 [00:39<00:57,  4.72it/s]
Epoch 9/30 [Train]:  41%|████▏     | 190/460 [00:39<00:57,  4.71it/s]
Epoch 9/30 [Train]:  42%|████▏     | 191/460 [00:40<00:57,  4.71it/s]
Epoch 9/30 [Train]:  42%|████▏     | 192/460 [00:40<00:56,  4.71it/s]
Epoch 9/30 [Train]:  42%|████▏     | 193/460 [00:40<00:56,  4.70it/s]
Epoch 9/30 [Train]:  42%|████▏     | 194/460 [00:40<00:56,  4.70it/s]
Epoch 9/30 [Train]:  42%|████▏     | 195/460 [00:40<00:56,  4.73it/s]
Epoch 9/30 [Train]:  43%|████▎     | 196/460 [00:41<00:55,  4.73it/s]
Epoch 9/30 [Train]:  43%|████▎     | 197/460 [00:41<00:55,  4.74it/s]
Epoch 9/30 [Train]:  43%|████▎     | 198/460 [00:41<00:55,  4.74it/s]
Epoch 9/30 [Train]:  43%|████▎     | 199/460 [00:41<00:55,  4.73it/s]
Epoch 9/30 [Train]:  43%|████▎     | 200/460 [00:41<00:55,  4.71it/s]
Epoch 9/30 [Train]:  44%|████▎     | 201/460 [00:42<00:55,  4.70it/s]
Epoch 9/30 [Train]:  44%|████▍     | 202/460 [00:42<00:54,  4.70it/s]
Epoch 9/30 [Train]:  44%|████▍     | 203/460 [00:42<00:54,  4.69it/s]
Epoch 9/30 [Train]:  44%|████▍     | 204/460 [00:42<00:55,  4.62it/s]
Epoch 9/30 [Train]:  45%|████▍     | 205/460 [00:42<00:55,  4.59it/s]
Epoch 9/30 [Train]:  45%|████▍     | 206/460 [00:43<00:55,  4.56it/s]
Epoch 9/30 [Train]:  45%|████▌     | 207/460 [00:43<00:55,  4.59it/s]
Epoch 9/30 [Train]:  45%|████▌     | 208/460 [00:43<00:54,  4.62it/s]
Epoch 9/30 [Train]:  45%|████▌     | 209/460 [00:43<00:54,  4.64it/s]
Epoch 9/30 [Train]:  46%|████▌     | 210/460 [00:44<00:53,  4.67it/s]
Epoch 9/30 [Train]:  46%|████▌     | 211/460 [00:44<00:53,  4.69it/s]
Epoch 9/30 [Train]:  46%|████▌     | 212/460 [00:44<00:53,  4.67it/s]
Epoch 9/30 [Train]:  46%|████▋     | 213/460 [00:44<00:52,  4.67it/s]
Epoch 9/30 [Train]:  47%|████▋     | 214/460 [00:44<00:52,  4.65it/s]
Epoch 9/30 [Train]:  47%|████▋     | 215/460 [00:45<00:52,  4.64it/s]
Epoch 9/30 [Train]:  47%|████▋     | 216/460 [00:45<00:52,  4.62it/s]
Epoch 9/30 [Train]:  47%|████▋     | 217/460 [00:45<00:52,  4.63it/s]
Epoch 9/30 [Train]:  47%|████▋     | 218/460 [00:45<00:52,  4.62it/s]
Epoch 9/30 [Train]:  48%|████▊     | 219/460 [00:46<00:52,  4.62it/s]
Epoch 9/30 [Train]:  48%|████▊     | 220/460 [00:46<00:51,  4.62it/s]
Epoch 9/30 [Train]:  48%|████▊     | 221/460 [00:46<00:51,  4.61it/s]
Epoch 9/30 [Train]:  48%|████▊     | 222/460 [00:46<00:51,  4.63it/s]
Epoch 9/30 [Train]:  48%|████▊     | 223/460 [00:46<00:50,  4.67it/s]
Epoch 9/30 [Train]:  49%|████▊     | 224/460 [00:47<00:50,  4.70it/s]
Epoch 9/30 [Train]:  49%|████▉     | 225/460 [00:47<00:50,  4.68it/s]
Epoch 9/30 [Train]:  49%|████▉     | 226/460 [00:47<00:49,  4.71it/s]
Epoch 9/30 [Train]:  49%|████▉     | 227/460 [00:47<00:49,  4.72it/s]
Epoch 9/30 [Train]:  50%|████▉     | 228/460 [00:47<00:48,  4.74it/s]
Epoch 9/30 [Train]:  50%|████▉     | 229/460 [00:48<00:48,  4.74it/s]
Epoch 9/30 [Train]:  50%|█████     | 230/460 [00:48<00:48,  4.74it/s]
Epoch 9/30 [Train]:  50%|█████     | 231/460 [00:48<00:48,  4.74it/s]
Epoch 9/30 [Train]:  50%|█████     | 232/460 [00:48<00:47,  4.75it/s]
Epoch 9/30 [Train]:  51%|█████     | 233/460 [00:48<00:47,  4.77it/s]
Epoch 9/30 [Train]:  51%|█████     | 234/460 [00:49<00:47,  4.77it/s]
Epoch 9/30 [Train]:  51%|█████     | 235/460 [00:49<00:47,  4.74it/s]
Epoch 9/30 [Train]:  51%|█████▏    | 236/460 [00:49<00:47,  4.71it/s]
Epoch 9/30 [Train]:  52%|█████▏    | 237/460 [00:49<00:47,  4.68it/s]
Epoch 9/30 [Train]:  52%|█████▏    | 238/460 [00:50<00:47,  4.70it/s]
Epoch 9/30 [Train]:  52%|█████▏    | 239/460 [00:50<00:46,  4.75it/s]
Epoch 9/30 [Train]:  52%|█████▏    | 240/460 [00:50<00:46,  4.76it/s]
Epoch 9/30 [Train]:  52%|█████▏    | 241/460 [00:50<00:45,  4.78it/s]
Epoch 9/30 [Train]:  53%|█████▎    | 242/460 [00:50<00:45,  4.74it/s]
Epoch 9/30 [Train]:  53%|█████▎    | 243/460 [00:51<00:45,  4.76it/s]
Epoch 9/30 [Train]:  53%|█████▎    | 244/460 [00:51<00:44,  4.81it/s]
Epoch 9/30 [Train]:  53%|█████▎    | 245/460 [00:51<00:44,  4.81it/s]
Epoch 9/30 [Train]:  53%|█████▎    | 246/460 [00:51<00:44,  4.78it/s]
Epoch 9/30 [Train]:  54%|█████▎    | 247/460 [00:51<00:44,  4.76it/s]
Epoch 9/30 [Train]:  54%|█████▍    | 248/460 [00:52<00:44,  4.78it/s]
Epoch 9/30 [Train]:  54%|█████▍    | 249/460 [00:52<00:44,  4.77it/s]
Epoch 9/30 [Train]:  54%|█████▍    | 250/460 [00:52<00:43,  4.79it/s]
Epoch 9/30 [Train]:  55%|█████▍    | 251/460 [00:52<00:43,  4.78it/s]
Epoch 9/30 [Train]:  55%|█████▍    | 252/460 [00:52<00:43,  4.77it/s]
Epoch 9/30 [Train]:  55%|█████▌    | 253/460 [00:53<00:43,  4.77it/s]
Epoch 9/30 [Train]:  55%|█████▌    | 254/460 [00:53<00:43,  4.78it/s]
Epoch 9/30 [Train]:  55%|█████▌    | 255/460 [00:53<00:42,  4.77it/s]
Epoch 9/30 [Train]:  56%|█████▌    | 256/460 [00:53<00:42,  4.77it/s]
Epoch 9/30 [Train]:  56%|█████▌    | 257/460 [00:54<00:42,  4.77it/s]
Epoch 9/30 [Train]:  56%|█████▌    | 258/460 [00:54<00:42,  4.75it/s]
Epoch 9/30 [Train]:  56%|█████▋    | 259/460 [00:54<00:42,  4.72it/s]
Epoch 9/30 [Train]:  57%|█████▋    | 260/460 [00:54<00:41,  4.77it/s]
Epoch 9/30 [Train]:  57%|█████▋    | 261/460 [00:54<00:41,  4.77it/s]
Epoch 9/30 [Train]:  57%|█████▋    | 262/460 [00:55<00:41,  4.72it/s]
Epoch 9/30 [Train]:  57%|█████▋    | 263/460 [00:55<00:41,  4.70it/s]
Epoch 9/30 [Train]:  57%|█████▋    | 264/460 [00:55<00:42,  4.66it/s]
Epoch 9/30 [Train]:  58%|█████▊    | 265/460 [00:55<00:41,  4.67it/s]
Epoch 9/30 [Train]:  58%|█████▊    | 266/460 [00:55<00:41,  4.67it/s]
Epoch 9/30 [Train]:  58%|█████▊    | 267/460 [00:56<00:41,  4.66it/s]
Epoch 9/30 [Train]:  58%|█████▊    | 268/460 [00:56<00:41,  4.67it/s]
Epoch 9/30 [Train]:  58%|█████▊    | 269/460 [00:56<00:40,  4.68it/s]
Epoch 9/30 [Train]:  59%|█████▊    | 270/460 [00:56<00:40,  4.70it/s]
Epoch 9/30 [Train]:  59%|█████▉    | 271/460 [00:56<00:40,  4.71it/s]
Epoch 9/30 [Train]:  59%|█████▉    | 272/460 [00:57<00:39,  4.72it/s]
Epoch 9/30 [Train]:  59%|█████▉    | 273/460 [00:57<00:39,  4.75it/s]
Epoch 9/30 [Train]:  60%|█████▉    | 274/460 [00:57<00:39,  4.73it/s]
Epoch 9/30 [Train]:  60%|█████▉    | 275/460 [00:57<00:39,  4.72it/s]
Epoch 9/30 [Train]:  60%|██████    | 276/460 [00:58<00:38,  4.72it/s]
Epoch 9/30 [Train]:  60%|██████    | 277/460 [00:58<00:38,  4.71it/s]
Epoch 9/30 [Train]:  60%|██████    | 278/460 [00:58<00:38,  4.71it/s]
Epoch 9/30 [Train]:  61%|██████    | 279/460 [00:58<00:39,  4.63it/s]
Epoch 9/30 [Train]:  61%|██████    | 280/460 [00:58<00:38,  4.67it/s]
Epoch 9/30 [Train]:  61%|██████    | 281/460 [00:59<00:38,  4.69it/s]
Epoch 9/30 [Train]:  61%|██████▏   | 282/460 [00:59<00:37,  4.70it/s]
Epoch 9/30 [Train]:  62%|██████▏   | 283/460 [00:59<00:37,  4.74it/s]
Epoch 9/30 [Train]:  62%|██████▏   | 284/460 [00:59<00:36,  4.76it/s]
Epoch 9/30 [Train]:  62%|██████▏   | 285/460 [00:59<00:36,  4.77it/s]
Epoch 9/30 [Train]:  62%|██████▏   | 286/460 [01:00<00:36,  4.77it/s]
Epoch 9/30 [Train]:  62%|██████▏   | 287/460 [01:00<00:36,  4.76it/s]
Epoch 9/30 [Train]:  63%|██████▎   | 288/460 [01:00<00:35,  4.78it/s]
Epoch 9/30 [Train]:  63%|██████▎   | 289/460 [01:00<00:35,  4.78it/s]
Epoch 9/30 [Train]:  63%|██████▎   | 290/460 [01:01<00:35,  4.79it/s]
Epoch 9/30 [Train]:  63%|██████▎   | 291/460 [01:01<00:35,  4.79it/s]
Epoch 9/30 [Train]:  63%|██████▎   | 292/460 [01:01<00:35,  4.75it/s]
Epoch 9/30 [Train]:  64%|██████▎   | 293/460 [01:01<00:35,  4.75it/s]
Epoch 9/30 [Train]:  64%|██████▍   | 294/460 [01:01<00:35,  4.73it/s]
Epoch 9/30 [Train]:  64%|██████▍   | 295/460 [01:02<00:34,  4.73it/s]
Epoch 9/30 [Train]:  64%|██████▍   | 296/460 [01:02<00:34,  4.73it/s]
Epoch 9/30 [Train]:  65%|██████▍   | 297/460 [01:02<00:34,  4.70it/s]
Epoch 9/30 [Train]:  65%|██████▍   | 298/460 [01:02<00:34,  4.73it/s]
Epoch 9/30 [Train]:  65%|██████▌   | 299/460 [01:02<00:33,  4.75it/s]
Epoch 9/30 [Train]:  65%|██████▌   | 300/460 [01:03<00:33,  4.76it/s]
Epoch 9/30 [Train]:  65%|██████▌   | 301/460 [01:03<00:33,  4.76it/s]
Epoch 9/30 [Train]:  66%|██████▌   | 302/460 [01:03<00:33,  4.77it/s]
Epoch 9/30 [Train]:  66%|██████▌   | 303/460 [01:03<00:32,  4.77it/s]
Epoch 9/30 [Train]:  66%|██████▌   | 304/460 [01:03<00:32,  4.78it/s]
Epoch 9/30 [Train]:  66%|██████▋   | 305/460 [01:04<00:32,  4.75it/s]
Epoch 9/30 [Train]:  67%|██████▋   | 306/460 [01:04<00:32,  4.77it/s]
Epoch 9/30 [Train]:  67%|██████▋   | 307/460 [01:04<00:32,  4.77it/s]
Epoch 9/30 [Train]:  67%|██████▋   | 308/460 [01:04<00:31,  4.78it/s]
Epoch 9/30 [Train]:  67%|██████▋   | 309/460 [01:05<00:31,  4.74it/s]
Epoch 9/30 [Train]:  67%|██████▋   | 310/460 [01:05<00:32,  4.69it/s]
Epoch 9/30 [Train]:  68%|██████▊   | 311/460 [01:05<00:32,  4.66it/s]
Epoch 9/30 [Train]:  68%|██████▊   | 312/460 [01:05<00:31,  4.63it/s]
Epoch 9/30 [Train]:  68%|██████▊   | 313/460 [01:05<00:31,  4.61it/s]
Epoch 9/30 [Train]:  68%|██████▊   | 314/460 [01:06<00:31,  4.60it/s]
Epoch 9/30 [Train]:  68%|██████▊   | 315/460 [01:06<00:31,  4.62it/s]
Epoch 9/30 [Train]:  69%|██████▊   | 316/460 [01:06<00:31,  4.61it/s]
Epoch 9/30 [Train]:  69%|██████▉   | 317/460 [01:06<00:30,  4.64it/s]
Epoch 9/30 [Train]:  69%|██████▉   | 318/460 [01:06<00:30,  4.69it/s]
Epoch 9/30 [Train]:  69%|██████▉   | 319/460 [01:07<00:30,  4.69it/s]
Epoch 9/30 [Train]:  70%|██████▉   | 320/460 [01:07<00:30,  4.66it/s]
Epoch 9/30 [Train]:  70%|██████▉   | 321/460 [01:07<00:29,  4.70it/s]
Epoch 9/30 [Train]:  70%|███████   | 322/460 [01:07<00:29,  4.75it/s]
Epoch 9/30 [Train]:  70%|███████   | 323/460 [01:08<00:28,  4.75it/s]
Epoch 9/30 [Train]:  70%|███████   | 324/460 [01:08<00:28,  4.74it/s]
Epoch 9/30 [Train]:  71%|███████   | 325/460 [01:08<00:28,  4.72it/s]
Epoch 9/30 [Train]:  71%|███████   | 326/460 [01:08<00:28,  4.74it/s]
Epoch 9/30 [Train]:  71%|███████   | 327/460 [01:08<00:27,  4.75it/s]
Epoch 9/30 [Train]:  71%|███████▏  | 328/460 [01:09<00:27,  4.74it/s]
Epoch 9/30 [Train]:  72%|███████▏  | 329/460 [01:09<00:27,  4.71it/s]
Epoch 9/30 [Train]:  72%|███████▏  | 330/460 [01:09<00:27,  4.74it/s]
Epoch 9/30 [Train]:  72%|███████▏  | 331/460 [01:09<00:27,  4.72it/s]
Epoch 9/30 [Train]:  72%|███████▏  | 332/460 [01:09<00:27,  4.73it/s]
Epoch 9/30 [Train]:  72%|███████▏  | 333/460 [01:10<00:26,  4.75it/s]
Epoch 9/30 [Train]:  73%|███████▎  | 334/460 [01:10<00:26,  4.79it/s]
Epoch 9/30 [Train]:  73%|███████▎  | 335/460 [01:10<00:26,  4.77it/s]
Epoch 9/30 [Train]:  73%|███████▎  | 336/460 [01:10<00:25,  4.77it/s]
Epoch 9/30 [Train]:  73%|███████▎  | 337/460 [01:10<00:25,  4.78it/s]
Epoch 9/30 [Train]:  73%|███████▎  | 338/460 [01:11<00:25,  4.77it/s]
Epoch 9/30 [Train]:  74%|███████▎  | 339/460 [01:11<00:25,  4.76it/s]
Epoch 9/30 [Train]:  74%|███████▍  | 340/460 [01:11<00:25,  4.76it/s]
Epoch 9/30 [Train]:  74%|███████▍  | 341/460 [01:11<00:24,  4.77it/s]
Epoch 9/30 [Train]:  74%|███████▍  | 342/460 [01:12<00:24,  4.78it/s]
Epoch 9/30 [Train]:  75%|███████▍  | 343/460 [01:12<00:24,  4.78it/s]
Epoch 9/30 [Train]:  75%|███████▍  | 344/460 [01:12<00:24,  4.74it/s]
Epoch 9/30 [Train]:  75%|███████▌  | 345/460 [01:12<00:24,  4.74it/s]
Epoch 9/30 [Train]:  75%|███████▌  | 346/460 [01:12<00:24,  4.73it/s]
Epoch 9/30 [Train]:  75%|███████▌  | 347/460 [01:13<00:23,  4.76it/s]
Epoch 9/30 [Train]:  76%|███████▌  | 348/460 [01:13<00:23,  4.74it/s]
Epoch 9/30 [Train]:  76%|███████▌  | 349/460 [01:13<00:23,  4.72it/s]
Epoch 9/30 [Train]:  76%|███████▌  | 350/460 [01:13<00:23,  4.71it/s]
Epoch 9/30 [Train]:  76%|███████▋  | 351/460 [01:13<00:23,  4.72it/s]
Epoch 9/30 [Train]:  77%|███████▋  | 352/460 [01:14<00:22,  4.72it/s]
Epoch 9/30 [Train]:  77%|███████▋  | 353/460 [01:14<00:22,  4.70it/s]
Epoch 9/30 [Train]:  77%|███████▋  | 354/460 [01:14<00:22,  4.71it/s]
Epoch 9/30 [Train]:  77%|███████▋  | 355/460 [01:14<00:22,  4.71it/s]
Epoch 9/30 [Train]:  77%|███████▋  | 356/460 [01:14<00:22,  4.65it/s]
Epoch 9/30 [Train]:  78%|███████▊  | 357/460 [01:15<00:22,  4.63it/s]
Epoch 9/30 [Train]:  78%|███████▊  | 358/460 [01:15<00:22,  4.60it/s]
Epoch 9/30 [Train]:  78%|███████▊  | 359/460 [01:15<00:21,  4.61it/s]
Epoch 9/30 [Train]:  78%|███████▊  | 360/460 [01:15<00:21,  4.60it/s]
Epoch 9/30 [Train]:  78%|███████▊  | 361/460 [01:16<00:21,  4.62it/s]
Epoch 9/30 [Train]:  79%|███████▊  | 362/460 [01:16<00:20,  4.67it/s]
Epoch 9/30 [Train]:  79%|███████▉  | 363/460 [01:16<00:20,  4.69it/s]
Epoch 9/30 [Train]:  79%|███████▉  | 364/460 [01:16<00:20,  4.72it/s]
Epoch 9/30 [Train]:  79%|███████▉  | 365/460 [01:16<00:20,  4.71it/s]
Epoch 9/30 [Train]:  80%|███████▉  | 366/460 [01:17<00:19,  4.75it/s]
Epoch 9/30 [Train]:  80%|███████▉  | 367/460 [01:17<00:19,  4.75it/s]
Epoch 9/30 [Train]:  80%|████████  | 368/460 [01:17<00:19,  4.78it/s]
Epoch 9/30 [Train]:  80%|████████  | 369/460 [01:17<00:19,  4.78it/s]
Epoch 9/30 [Train]:  80%|████████  | 370/460 [01:17<00:18,  4.79it/s]
Epoch 9/30 [Train]:  81%|████████  | 371/460 [01:18<00:18,  4.78it/s]
Epoch 9/30 [Train]:  81%|████████  | 372/460 [01:18<00:18,  4.79it/s]
Epoch 9/30 [Train]:  81%|████████  | 373/460 [01:18<00:18,  4.78it/s]
Epoch 9/30 [Train]:  81%|████████▏ | 374/460 [01:18<00:17,  4.79it/s]
Epoch 9/30 [Train]:  82%|████████▏ | 375/460 [01:18<00:17,  4.78it/s]
Epoch 9/30 [Train]:  82%|████████▏ | 376/460 [01:19<00:17,  4.77it/s]
Epoch 9/30 [Train]:  82%|████████▏ | 377/460 [01:19<00:17,  4.74it/s]
Epoch 9/30 [Train]:  82%|████████▏ | 378/460 [01:19<00:17,  4.70it/s]
Epoch 9/30 [Train]:  82%|████████▏ | 379/460 [01:19<00:17,  4.72it/s]
Epoch 9/30 [Train]:  83%|████████▎ | 380/460 [01:20<00:16,  4.73it/s]
Epoch 9/30 [Train]:  83%|████████▎ | 381/460 [01:20<00:16,  4.74it/s]
Epoch 9/30 [Train]:  83%|████████▎ | 382/460 [01:20<00:16,  4.71it/s]
Epoch 9/30 [Train]:  83%|████████▎ | 383/460 [01:20<00:16,  4.73it/s]
Epoch 9/30 [Train]:  83%|████████▎ | 384/460 [01:20<00:16,  4.74it/s]
Epoch 9/30 [Train]:  84%|████████▎ | 385/460 [01:21<00:15,  4.75it/s]
Epoch 9/30 [Train]:  84%|████████▍ | 386/460 [01:21<00:15,  4.76it/s]
Epoch 9/30 [Train]:  84%|████████▍ | 387/460 [01:21<00:15,  4.78it/s]
Epoch 9/30 [Train]:  84%|████████▍ | 388/460 [01:21<00:15,  4.76it/s]
Epoch 9/30 [Train]:  85%|████████▍ | 389/460 [01:21<00:14,  4.79it/s]
Epoch 9/30 [Train]:  85%|████████▍ | 390/460 [01:22<00:14,  4.80it/s]
Epoch 9/30 [Train]:  85%|████████▌ | 391/460 [01:22<00:14,  4.79it/s]
Epoch 9/30 [Train]:  85%|████████▌ | 392/460 [01:22<00:14,  4.82it/s]
Epoch 9/30 [Train]:  85%|████████▌ | 393/460 [01:22<00:13,  4.79it/s]
Epoch 9/30 [Train]:  86%|████████▌ | 394/460 [01:22<00:13,  4.80it/s]
Epoch 9/30 [Train]:  86%|████████▌ | 395/460 [01:23<00:13,  4.79it/s]
Epoch 9/30 [Train]:  86%|████████▌ | 396/460 [01:23<00:13,  4.80it/s]
Epoch 9/30 [Train]:  86%|████████▋ | 397/460 [01:23<00:13,  4.80it/s]
Epoch 9/30 [Train]:  87%|████████▋ | 398/460 [01:23<00:12,  4.80it/s]
Epoch 9/30 [Train]:  87%|████████▋ | 399/460 [01:24<00:12,  4.78it/s]
Epoch 9/30 [Train]:  87%|████████▋ | 400/460 [01:24<00:12,  4.81it/s]
Epoch 9/30 [Train]:  87%|████████▋ | 401/460 [01:24<00:12,  4.74it/s]
Epoch 9/30 [Train]:  87%|████████▋ | 402/460 [01:24<00:12,  4.77it/s]
Epoch 9/30 [Train]:  88%|████████▊ | 403/460 [01:24<00:12,  4.74it/s]
Epoch 9/30 [Train]:  88%|████████▊ | 404/460 [01:25<00:11,  4.67it/s]
Epoch 9/30 [Train]:  88%|████████▊ | 405/460 [01:25<00:11,  4.67it/s]
Epoch 9/30 [Train]:  88%|████████▊ | 406/460 [01:25<00:11,  4.66it/s]
Epoch 9/30 [Train]:  88%|████████▊ | 407/460 [01:25<00:11,  4.68it/s]
Epoch 9/30 [Train]:  89%|████████▊ | 408/460 [01:25<00:11,  4.68it/s]
Epoch 9/30 [Train]:  89%|████████▉ | 409/460 [01:26<00:10,  4.73it/s]
Epoch 9/30 [Train]:  89%|████████▉ | 410/460 [01:26<00:10,  4.76it/s]
Epoch 9/30 [Train]:  89%|████████▉ | 411/460 [01:26<00:10,  4.75it/s]
Epoch 9/30 [Train]:  90%|████████▉ | 412/460 [01:26<00:10,  4.74it/s]
Epoch 9/30 [Train]:  90%|████████▉ | 413/460 [01:26<00:09,  4.75it/s]
Epoch 9/30 [Train]:  90%|█████████ | 414/460 [01:27<00:09,  4.73it/s]
Epoch 9/30 [Train]:  90%|█████████ | 415/460 [01:27<00:09,  4.72it/s]
Epoch 9/30 [Train]:  90%|█████████ | 416/460 [01:27<00:09,  4.72it/s]
Epoch 9/30 [Train]:  91%|█████████ | 417/460 [01:27<00:09,  4.73it/s]
Epoch 9/30 [Train]:  91%|█████████ | 418/460 [01:28<00:08,  4.75it/s]
Epoch 9/30 [Train]:  91%|█████████ | 419/460 [01:28<00:08,  4.76it/s]
Epoch 9/30 [Train]:  91%|█████████▏| 420/460 [01:28<00:08,  4.76it/s]
Epoch 9/30 [Train]:  92%|█████████▏| 421/460 [01:28<00:08,  4.72it/s]
Epoch 9/30 [Train]:  92%|█████████▏| 422/460 [01:28<00:08,  4.75it/s]
Epoch 9/30 [Train]:  92%|█████████▏| 423/460 [01:29<00:07,  4.75it/s]
Epoch 9/30 [Train]:  92%|█████████▏| 424/460 [01:29<00:07,  4.79it/s]
Epoch 9/30 [Train]:  92%|█████████▏| 425/460 [01:29<00:07,  4.77it/s]
Epoch 9/30 [Train]:  93%|█████████▎| 426/460 [01:29<00:07,  4.75it/s]
Epoch 9/30 [Train]:  93%|█████████▎| 427/460 [01:29<00:06,  4.76it/s]
Epoch 9/30 [Train]:  93%|█████████▎| 428/460 [01:30<00:06,  4.79it/s]
Epoch 9/30 [Train]:  93%|█████████▎| 429/460 [01:30<00:06,  4.74it/s]
Epoch 9/30 [Train]:  93%|█████████▎| 430/460 [01:30<00:06,  4.76it/s]
Epoch 9/30 [Train]:  94%|█████████▎| 431/460 [01:30<00:06,  4.76it/s]
Epoch 9/30 [Train]:  94%|█████████▍| 432/460 [01:30<00:05,  4.76it/s]
Epoch 9/30 [Train]:  94%|█████████▍| 433/460 [01:31<00:05,  4.77it/s]
Epoch 9/30 [Train]:  94%|█████████▍| 434/460 [01:31<00:05,  4.77it/s]
Epoch 9/30 [Train]:  95%|█████████▍| 435/460 [01:31<00:05,  4.75it/s]
Epoch 9/30 [Train]:  95%|█████████▍| 436/460 [01:31<00:05,  4.75it/s]
Epoch 9/30 [Train]:  95%|█████████▌| 437/460 [01:32<00:04,  4.73it/s]
Epoch 9/30 [Train]:  95%|█████████▌| 438/460 [01:32<00:04,  4.72it/s]
Epoch 9/30 [Train]:  95%|█████████▌| 439/460 [01:32<00:04,  4.69it/s]
Epoch 9/30 [Train]:  96%|█████████▌| 440/460 [01:32<00:04,  4.67it/s]
Epoch 9/30 [Train]:  96%|█████████▌| 441/460 [01:32<00:04,  4.68it/s]
Epoch 9/30 [Train]:  96%|█████████▌| 442/460 [01:33<00:03,  4.68it/s]
Epoch 9/30 [Train]:  96%|█████████▋| 443/460 [01:33<00:03,  4.69it/s]
Epoch 9/30 [Train]:  97%|█████████▋| 444/460 [01:33<00:03,  4.70it/s]
Epoch 9/30 [Train]:  97%|█████████▋| 445/460 [01:33<00:03,  4.71it/s]
Epoch 9/30 [Train]:  97%|█████████▋| 446/460 [01:33<00:02,  4.73it/s]
Epoch 9/30 [Train]:  97%|█████████▋| 447/460 [01:34<00:02,  4.71it/s]
Epoch 9/30 [Train]:  97%|█████████▋| 448/460 [01:34<00:02,  4.75it/s]
Epoch 9/30 [Train]:  98%|█████████▊| 449/460 [01:34<00:02,  4.76it/s]
Epoch 9/30 [Train]:  98%|█████████▊| 450/460 [01:34<00:02,  4.76it/s]
Epoch 9/30 [Train]:  98%|█████████▊| 451/460 [01:35<00:01,  4.73it/s]
Epoch 9/30 [Train]:  98%|█████████▊| 452/460 [01:35<00:01,  4.70it/s]
Epoch 9/30 [Train]:  98%|█████████▊| 453/460 [01:35<00:01,  4.69it/s]
Epoch 9/30 [Train]:  99%|█████████▊| 454/460 [01:35<00:01,  4.72it/s]
Epoch 9/30 [Train]:  99%|█████████▉| 455/460 [01:35<00:01,  4.74it/s]
Epoch 9/30 [Train]:  99%|█████████▉| 456/460 [01:36<00:00,  4.71it/s]
Epoch 9/30 [Train]:  99%|█████████▉| 457/460 [01:36<00:00,  4.71it/s]
Epoch 9/30 [Train]: 100%|█████████▉| 458/460 [01:36<00:00,  4.69it/s]
Epoch 9/30 [Train]: 100%|█████████▉| 459/460 [01:36<00:00,  4.70it/s]
Epoch 9/30 [Train]: 100%|██████████| 460/460 [01:36<00:00,  5.29it/s]
                                                                     

Epoch 10/30 [Train]:   0%|          | 0/460 [00:00<?, ?it/s]
Epoch 10/30 [Train]:   0%|          | 1/460 [00:00<01:35,  4.83it/s]
Epoch 10/30 [Train]:   0%|          | 2/460 [00:00<01:35,  4.80it/s]
Epoch 10/30 [Train]:   1%|          | 3/460 [00:00<01:34,  4.81it/s]
Epoch 10/30 [Train]:   1%|          | 4/460 [00:00<01:33,  4.86it/s]
Epoch 10/30 [Train]:   1%|          | 5/460 [00:01<01:34,  4.84it/s]
Epoch 10/30 [Train]:   1%|▏         | 6/460 [00:01<01:34,  4.82it/s]
Epoch 10/30 [Train]:   2%|▏         | 7/460 [00:01<01:34,  4.80it/s]
Epoch 10/30 [Train]:   2%|▏         | 8/460 [00:01<01:34,  4.77it/s]
Epoch 10/30 [Train]:   2%|▏         | 9/460 [00:01<01:34,  4.77it/s]
Epoch 10/30 [Train]:   2%|▏         | 10/460 [00:02<01:34,  4.78it/s]
Epoch 10/30 [Train]:   2%|▏         | 11/460 [00:02<01:33,  4.78it/s]
Epoch 10/30 [Train]:   3%|▎         | 12/460 [00:02<01:34,  4.77it/s]
Epoch 10/30 [Train]:   3%|▎         | 13/460 [00:02<01:33,  4.76it/s]
Epoch 10/30 [Train]:   3%|▎         | 14/460 [00:02<01:33,  4.77it/s]
Epoch 10/30 [Train]:   3%|▎         | 15/460 [00:03<01:32,  4.79it/s]
Epoch 10/30 [Train]:   3%|▎         | 16/460 [00:03<01:33,  4.77it/s]
Epoch 10/30 [Train]:   4%|▎         | 17/460 [00:03<01:32,  4.77it/s]
Epoch 10/30 [Train]:   4%|▍         | 18/460 [00:03<01:32,  4.76it/s]
Epoch 10/30 [Train]:   4%|▍         | 19/460 [00:03<01:32,  4.76it/s]
Epoch 10/30 [Train]:   4%|▍         | 20/460 [00:04<01:32,  4.73it/s]
Epoch 10/30 [Train]:   5%|▍         | 21/460 [00:04<01:32,  4.72it/s]
Epoch 10/30 [Train]:   5%|▍         | 22/460 [00:04<01:32,  4.74it/s]
Epoch 10/30 [Train]:   5%|▌         | 23/460 [00:04<01:32,  4.74it/s]
Epoch 10/30 [Train]:   5%|▌         | 24/460 [00:05<01:32,  4.73it/s]
Epoch 10/30 [Train]:   5%|▌         | 25/460 [00:05<01:31,  4.75it/s]
Epoch 10/30 [Train]:   6%|▌         | 26/460 [00:05<01:31,  4.77it/s]
Epoch 10/30 [Train]:   6%|▌         | 27/460 [00:05<01:30,  4.78it/s]
Epoch 10/30 [Train]:   6%|▌         | 28/460 [00:05<01:29,  4.80it/s]
Epoch 10/30 [Train]:   6%|▋         | 29/460 [00:06<01:29,  4.80it/s]
Epoch 10/30 [Train]:   7%|▋         | 30/460 [00:06<01:29,  4.81it/s]
Epoch 10/30 [Train]:   7%|▋         | 31/460 [00:06<01:29,  4.79it/s]
Epoch 10/30 [Train]:   7%|▋         | 32/460 [00:06<01:30,  4.74it/s]
Epoch 10/30 [Train]:   7%|▋         | 33/460 [00:06<01:30,  4.73it/s]
Epoch 10/30 [Train]:   7%|▋         | 34/460 [00:07<01:30,  4.73it/s]
Epoch 10/30 [Train]:   8%|▊         | 35/460 [00:07<01:30,  4.69it/s]
Epoch 10/30 [Train]:   8%|▊         | 36/460 [00:07<01:30,  4.67it/s]
Epoch 10/30 [Train]:   8%|▊         | 37/460 [00:07<01:31,  4.64it/s]
Epoch 10/30 [Train]:   8%|▊         | 38/460 [00:07<01:30,  4.64it/s]
Epoch 10/30 [Train]:   8%|▊         | 39/460 [00:08<01:30,  4.64it/s]
Epoch 10/30 [Train]:   9%|▊         | 40/460 [00:08<01:30,  4.64it/s]
Epoch 10/30 [Train]:   9%|▉         | 41/460 [00:08<01:29,  4.66it/s]
Epoch 10/30 [Train]:   9%|▉         | 42/460 [00:08<01:29,  4.67it/s]
Epoch 10/30 [Train]:   9%|▉         | 43/460 [00:09<01:29,  4.67it/s]
Epoch 10/30 [Train]:  10%|▉         | 44/460 [00:09<01:28,  4.68it/s]
Epoch 10/30 [Train]:  10%|▉         | 45/460 [00:09<01:28,  4.69it/s]
Epoch 10/30 [Train]:  10%|█         | 46/460 [00:09<01:28,  4.67it/s]
Epoch 10/30 [Train]:  10%|█         | 47/460 [00:09<01:27,  4.71it/s]
Epoch 10/30 [Train]:  10%|█         | 48/460 [00:10<01:27,  4.74it/s]
Epoch 10/30 [Train]:  11%|█         | 49/460 [00:10<01:26,  4.74it/s]
Epoch 10/30 [Train]:  11%|█         | 50/460 [00:10<01:26,  4.74it/s]
Epoch 10/30 [Train]:  11%|█         | 51/460 [00:10<01:26,  4.72it/s]
Epoch 10/30 [Train]:  11%|█▏        | 52/460 [00:10<01:26,  4.74it/s]
Epoch 10/30 [Train]:  12%|█▏        | 53/460 [00:11<01:25,  4.76it/s]
Epoch 10/30 [Train]:  12%|█▏        | 54/460 [00:11<01:26,  4.71it/s]
Epoch 10/30 [Train]:  12%|█▏        | 55/460 [00:11<01:26,  4.71it/s]
Epoch 10/30 [Train]:  12%|█▏        | 56/460 [00:11<01:25,  4.72it/s]
Epoch 10/30 [Train]:  12%|█▏        | 57/460 [00:12<01:24,  4.75it/s]
Epoch 10/30 [Train]:  13%|█▎        | 58/460 [00:12<01:24,  4.74it/s]
Epoch 10/30 [Train]:  13%|█▎        | 59/460 [00:12<01:24,  4.74it/s]
Epoch 10/30 [Train]:  13%|█▎        | 60/460 [00:12<01:25,  4.71it/s]
Epoch 10/30 [Train]:  13%|█▎        | 61/460 [00:12<01:24,  4.72it/s]
Epoch 10/30 [Train]:  13%|█▎        | 62/460 [00:13<01:23,  4.74it/s]
Epoch 10/30 [Train]:  14%|█▎        | 63/460 [00:13<01:23,  4.75it/s]
Epoch 10/30 [Train]:  14%|█▍        | 64/460 [00:13<01:22,  4.78it/s]
Epoch 10/30 [Train]:  14%|█▍        | 65/460 [00:13<01:22,  4.77it/s]
Epoch 10/30 [Train]:  14%|█▍        | 66/460 [00:13<01:22,  4.78it/s]
Epoch 10/30 [Train]:  15%|█▍        | 67/460 [00:14<01:22,  4.78it/s]
Epoch 10/30 [Train]:  15%|█▍        | 68/460 [00:14<01:22,  4.75it/s]
Epoch 10/30 [Train]:  15%|█▌        | 69/460 [00:14<01:22,  4.75it/s]
Epoch 10/30 [Train]:  15%|█▌        | 70/460 [00:14<01:22,  4.73it/s]
Epoch 10/30 [Train]:  15%|█▌        | 71/460 [00:14<01:21,  4.76it/s]
Epoch 10/30 [Train]:  16%|█▌        | 72/460 [00:15<01:20,  4.79it/s]
Epoch 10/30 [Train]:  16%|█▌        | 73/460 [00:15<01:20,  4.81it/s]
Epoch 10/30 [Train]:  16%|█▌        | 74/460 [00:15<01:20,  4.78it/s]
Epoch 10/30 [Train]:  16%|█▋        | 75/460 [00:15<01:20,  4.77it/s]
Epoch 10/30 [Train]:  17%|█▋        | 76/460 [00:16<01:20,  4.75it/s]
Epoch 10/30 [Train]:  17%|█▋        | 77/460 [00:16<01:20,  4.75it/s]
Epoch 10/30 [Train]:  17%|█▋        | 78/460 [00:16<01:20,  4.74it/s]
Epoch 10/30 [Train]:  17%|█▋        | 79/460 [00:16<01:20,  4.75it/s]
Epoch 10/30 [Train]:  17%|█▋        | 80/460 [00:16<01:20,  4.75it/s]
Epoch 10/30 [Train]:  18%|█▊        | 81/460 [00:17<01:20,  4.72it/s]
Epoch 10/30 [Train]:  18%|█▊        | 82/460 [00:17<01:20,  4.68it/s]
Epoch 10/30 [Train]:  18%|█▊        | 83/460 [00:17<01:22,  4.58it/s]
Epoch 10/30 [Train]:  18%|█▊        | 84/460 [00:17<01:23,  4.48it/s]
Epoch 10/30 [Train]:  18%|█▊        | 85/460 [00:17<01:21,  4.58it/s]
Epoch 10/30 [Train]:  19%|█▊        | 86/460 [00:18<01:20,  4.63it/s]
Epoch 10/30 [Train]:  19%|█▉        | 87/460 [00:18<01:19,  4.66it/s]
Epoch 10/30 [Train]:  19%|█▉        | 88/460 [00:18<01:19,  4.69it/s]
Epoch 10/30 [Train]:  19%|█▉        | 89/460 [00:18<01:18,  4.72it/s]
Epoch 10/30 [Train]:  20%|█▉        | 90/460 [00:19<01:17,  4.74it/s]
Epoch 10/30 [Train]:  20%|█▉        | 91/460 [00:19<01:17,  4.74it/s]
Epoch 10/30 [Train]:  20%|██        | 92/460 [00:19<01:17,  4.73it/s]
Epoch 10/30 [Train]:  20%|██        | 93/460 [00:19<01:18,  4.66it/s]
Epoch 10/30 [Train]:  20%|██        | 94/460 [00:19<01:19,  4.62it/s]
Epoch 10/30 [Train]:  21%|██        | 95/460 [00:20<01:18,  4.68it/s]
Epoch 10/30 [Train]:  21%|██        | 96/460 [00:20<01:17,  4.72it/s]
Epoch 10/30 [Train]:  21%|██        | 97/460 [00:20<01:16,  4.77it/s]
Epoch 10/30 [Train]:  21%|██▏       | 98/460 [00:20<01:16,  4.73it/s]
Epoch 10/30 [Train]:  22%|██▏       | 99/460 [00:20<01:15,  4.76it/s]
Epoch 10/30 [Train]:  22%|██▏       | 100/460 [00:21<01:15,  4.80it/s]
Epoch 10/30 [Train]:  22%|██▏       | 101/460 [00:21<01:14,  4.83it/s]
Epoch 10/30 [Train]:  22%|██▏       | 102/460 [00:21<01:13,  4.84it/s]
Epoch 10/30 [Train]:  22%|██▏       | 103/460 [00:21<01:13,  4.83it/s]
Epoch 10/30 [Train]:  23%|██▎       | 104/460 [00:21<01:14,  4.79it/s]
Epoch 10/30 [Train]:  23%|██▎       | 105/460 [00:22<01:15,  4.73it/s]
Epoch 10/30 [Train]:  23%|██▎       | 106/460 [00:22<01:14,  4.75it/s]
Epoch 10/30 [Train]:  23%|██▎       | 107/460 [00:22<01:13,  4.77it/s]
Epoch 10/30 [Train]:  23%|██▎       | 108/460 [00:22<01:13,  4.78it/s]
Epoch 10/30 [Train]:  24%|██▎       | 109/460 [00:23<01:13,  4.76it/s]
Epoch 10/30 [Train]:  24%|██▍       | 110/460 [00:23<01:13,  4.77it/s]
Epoch 10/30 [Train]:  24%|██▍       | 111/460 [00:23<01:13,  4.78it/s]
Epoch 10/30 [Train]:  24%|██▍       | 112/460 [00:23<01:13,  4.76it/s]
Epoch 10/30 [Train]:  25%|██▍       | 113/460 [00:23<01:12,  4.78it/s]
Epoch 10/30 [Train]:  25%|██▍       | 114/460 [00:24<01:12,  4.77it/s]
Epoch 10/30 [Train]:  25%|██▌       | 115/460 [00:24<01:12,  4.79it/s]
Epoch 10/30 [Train]:  25%|██▌       | 116/460 [00:24<01:11,  4.78it/s]
Epoch 10/30 [Train]:  25%|██▌       | 117/460 [00:24<01:12,  4.74it/s]
Epoch 10/30 [Train]:  26%|██▌       | 118/460 [00:24<01:12,  4.73it/s]
Epoch 10/30 [Train]:  26%|██▌       | 119/460 [00:25<01:12,  4.72it/s]
Epoch 10/30 [Train]:  26%|██▌       | 120/460 [00:25<01:11,  4.74it/s]
Epoch 10/30 [Train]:  26%|██▋       | 121/460 [00:25<01:11,  4.75it/s]
Epoch 10/30 [Train]:  27%|██▋       | 122/460 [00:25<01:11,  4.75it/s]
Epoch 10/30 [Train]:  27%|██▋       | 123/460 [00:25<01:10,  4.75it/s]
Epoch 10/30 [Train]:  27%|██▋       | 124/460 [00:26<01:10,  4.77it/s]
Epoch 10/30 [Train]:  27%|██▋       | 125/460 [00:26<01:10,  4.77it/s]
Epoch 10/30 [Train]:  27%|██▋       | 126/460 [00:26<01:10,  4.77it/s]
Epoch 10/30 [Train]:  28%|██▊       | 127/460 [00:26<01:09,  4.77it/s]
Epoch 10/30 [Train]:  28%|██▊       | 128/460 [00:27<01:09,  4.77it/s]
Epoch 10/30 [Train]:  28%|██▊       | 129/460 [00:27<01:10,  4.73it/s]
Epoch 10/30 [Train]:  28%|██▊       | 130/460 [00:27<01:10,  4.70it/s]
Epoch 10/30 [Train]:  28%|██▊       | 131/460 [00:27<01:10,  4.66it/s]
Epoch 10/30 [Train]:  29%|██▊       | 132/460 [00:27<01:09,  4.69it/s]
Epoch 10/30 [Train]:  29%|██▉       | 133/460 [00:28<01:10,  4.67it/s]
Epoch 10/30 [Train]:  29%|██▉       | 134/460 [00:28<01:10,  4.65it/s]
Epoch 10/30 [Train]:  29%|██▉       | 135/460 [00:28<01:10,  4.64it/s]
Epoch 10/30 [Train]:  30%|██▉       | 136/460 [00:28<01:09,  4.66it/s]
Epoch 10/30 [Train]:  30%|██▉       | 137/460 [00:28<01:08,  4.69it/s]
Epoch 10/30 [Train]:  30%|███       | 138/460 [00:29<01:08,  4.68it/s]
Epoch 10/30 [Train]:  30%|███       | 139/460 [00:29<01:08,  4.69it/s]
Epoch 10/30 [Train]:  30%|███       | 140/460 [00:29<01:08,  4.69it/s]
Epoch 10/30 [Train]:  31%|███       | 141/460 [00:29<01:08,  4.66it/s]
Epoch 10/30 [Train]:  31%|███       | 142/460 [00:30<01:08,  4.66it/s]
Epoch 10/30 [Train]:  31%|███       | 143/460 [00:30<01:07,  4.71it/s]
Epoch 10/30 [Train]:  31%|███▏      | 144/460 [00:30<01:07,  4.72it/s]
Epoch 10/30 [Train]:  32%|███▏      | 145/460 [00:30<01:06,  4.72it/s]
Epoch 10/30 [Train]:  32%|███▏      | 146/460 [00:30<01:06,  4.73it/s]
Epoch 10/30 [Train]:  32%|███▏      | 147/460 [00:31<01:05,  4.74it/s]
Epoch 10/30 [Train]:  32%|███▏      | 148/460 [00:31<01:05,  4.76it/s]
Epoch 10/30 [Train]:  32%|███▏      | 149/460 [00:31<01:05,  4.76it/s]
Epoch 10/30 [Train]:  33%|███▎      | 150/460 [00:31<01:05,  4.76it/s]
Epoch 10/30 [Train]:  33%|███▎      | 151/460 [00:31<01:05,  4.75it/s]
Epoch 10/30 [Train]:  33%|███▎      | 152/460 [00:32<01:04,  4.76it/s]
Epoch 10/30 [Train]:  33%|███▎      | 153/460 [00:32<01:04,  4.76it/s]
Epoch 10/30 [Train]:  33%|███▎      | 154/460 [00:32<01:04,  4.75it/s]
Epoch 10/30 [Train]:  34%|███▎      | 155/460 [00:32<01:04,  4.73it/s]
Epoch 10/30 [Train]:  34%|███▍      | 156/460 [00:32<01:04,  4.72it/s]
Epoch 10/30 [Train]:  34%|███▍      | 157/460 [00:33<01:03,  4.75it/s]
Epoch 10/30 [Train]:  34%|███▍      | 158/460 [00:33<01:03,  4.74it/s]
Epoch 10/30 [Train]:  35%|███▍      | 159/460 [00:33<01:03,  4.75it/s]
Epoch 10/30 [Train]:  35%|███▍      | 160/460 [00:33<01:02,  4.76it/s]
Epoch 10/30 [Train]:  35%|███▌      | 161/460 [00:33<01:02,  4.77it/s]
Epoch 10/30 [Train]:  35%|███▌      | 162/460 [00:34<01:02,  4.77it/s]
Epoch 10/30 [Train]:  35%|███▌      | 163/460 [00:34<01:02,  4.76it/s]
Epoch 10/30 [Train]:  36%|███▌      | 164/460 [00:34<01:02,  4.74it/s]
Epoch 10/30 [Train]:  36%|███▌      | 165/460 [00:34<01:02,  4.76it/s]
Epoch 10/30 [Train]:  36%|███▌      | 166/460 [00:35<01:01,  4.77it/s]
Epoch 10/30 [Train]:  36%|███▋      | 167/460 [00:35<01:01,  4.80it/s]
Epoch 10/30 [Train]:  37%|███▋      | 168/460 [00:35<01:01,  4.78it/s]
Epoch 10/30 [Train]:  37%|███▋      | 169/460 [00:35<01:00,  4.78it/s]
Epoch 10/30 [Train]:  37%|███▋      | 170/460 [00:35<01:00,  4.77it/s]
Epoch 10/30 [Train]:  37%|███▋      | 171/460 [00:36<01:00,  4.74it/s]
Epoch 10/30 [Train]:  37%|███▋      | 172/460 [00:36<01:00,  4.73it/s]
Epoch 10/30 [Train]:  38%|███▊      | 173/460 [00:36<01:00,  4.71it/s]
Epoch 10/30 [Train]:  38%|███▊      | 174/460 [00:36<01:00,  4.70it/s]
Epoch 10/30 [Train]:  38%|███▊      | 175/460 [00:36<01:00,  4.71it/s]
Epoch 10/30 [Train]:  38%|███▊      | 176/460 [00:37<01:00,  4.68it/s]
Epoch 10/30 [Train]:  38%|███▊      | 177/460 [00:37<01:00,  4.65it/s]
Epoch 10/30 [Train]:  39%|███▊      | 178/460 [00:37<01:02,  4.54it/s]
Epoch 10/30 [Train]:  39%|███▉      | 179/460 [00:37<01:02,  4.53it/s]
Epoch 10/30 [Train]:  39%|███▉      | 180/460 [00:38<01:01,  4.58it/s]
Epoch 10/30 [Train]:  39%|███▉      | 181/460 [00:38<01:00,  4.64it/s]
Epoch 10/30 [Train]:  40%|███▉      | 182/460 [00:38<00:59,  4.65it/s]
Epoch 10/30 [Train]:  40%|███▉      | 183/460 [00:38<00:59,  4.62it/s]
Epoch 10/30 [Train]:  40%|████      | 184/460 [00:38<00:59,  4.66it/s]
Epoch 10/30 [Train]:  40%|████      | 185/460 [00:39<00:58,  4.70it/s]
Epoch 10/30 [Train]:  40%|████      | 186/460 [00:39<00:58,  4.71it/s]
Epoch 10/30 [Train]:  41%|████      | 187/460 [00:39<00:58,  4.70it/s]
Epoch 10/30 [Train]:  41%|████      | 188/460 [00:39<00:57,  4.72it/s]
Epoch 10/30 [Train]:  41%|████      | 189/460 [00:39<00:57,  4.71it/s]
Epoch 10/30 [Train]:  41%|████▏     | 190/460 [00:40<00:57,  4.72it/s]
Epoch 10/30 [Train]:  42%|████▏     | 191/460 [00:40<00:56,  4.72it/s]
Epoch 10/30 [Train]:  42%|████▏     | 192/460 [00:40<00:56,  4.72it/s]
Epoch 10/30 [Train]:  42%|████▏     | 193/460 [00:40<00:57,  4.68it/s]
Epoch 10/30 [Train]:  42%|████▏     | 194/460 [00:41<00:56,  4.68it/s]
Epoch 10/30 [Train]:  42%|████▏     | 195/460 [00:41<00:56,  4.70it/s]
Epoch 10/30 [Train]:  43%|████▎     | 196/460 [00:41<00:55,  4.73it/s]
Epoch 10/30 [Train]:  43%|████▎     | 197/460 [00:41<00:55,  4.73it/s]
Epoch 10/30 [Train]:  43%|████▎     | 198/460 [00:41<00:55,  4.75it/s]
Epoch 10/30 [Train]:  43%|████▎     | 199/460 [00:42<00:54,  4.75it/s]
Epoch 10/30 [Train]:  43%|████▎     | 200/460 [00:42<00:55,  4.72it/s]
Epoch 10/30 [Train]:  44%|████▎     | 201/460 [00:42<00:54,  4.74it/s]
Epoch 10/30 [Train]:  44%|████▍     | 202/460 [00:42<00:54,  4.73it/s]
Epoch 10/30 [Train]:  44%|████▍     | 203/460 [00:42<00:54,  4.73it/s]
Epoch 10/30 [Train]:  44%|████▍     | 204/460 [00:43<00:54,  4.71it/s]
Epoch 10/30 [Train]:  45%|████▍     | 205/460 [00:43<00:54,  4.69it/s]
Epoch 10/30 [Train]:  45%|████▍     | 206/460 [00:43<00:54,  4.69it/s]
Epoch 10/30 [Train]:  45%|████▌     | 207/460 [00:43<00:54,  4.68it/s]
Epoch 10/30 [Train]:  45%|████▌     | 208/460 [00:43<00:53,  4.71it/s]
Epoch 10/30 [Train]:  45%|████▌     | 209/460 [00:44<00:53,  4.69it/s]
Epoch 10/30 [Train]:  46%|████▌     | 210/460 [00:44<00:53,  4.69it/s]
Epoch 10/30 [Train]:  46%|████▌     | 211/460 [00:44<00:53,  4.68it/s]
Epoch 10/30 [Train]:  46%|████▌     | 212/460 [00:44<00:52,  4.71it/s]
Epoch 10/30 [Train]:  46%|████▋     | 213/460 [00:45<00:52,  4.69it/s]
Epoch 10/30 [Train]:  47%|████▋     | 214/460 [00:45<00:52,  4.73it/s]
Epoch 10/30 [Train]:  47%|████▋     | 215/460 [00:45<00:51,  4.75it/s]
Epoch 10/30 [Train]:  47%|████▋     | 216/460 [00:45<00:51,  4.75it/s]
Epoch 10/30 [Train]:  47%|████▋     | 217/460 [00:45<00:51,  4.76it/s]
Epoch 10/30 [Train]:  47%|████▋     | 218/460 [00:46<00:50,  4.77it/s]
Epoch 10/30 [Train]:  48%|████▊     | 219/460 [00:46<00:50,  4.77it/s]
Epoch 10/30 [Train]:  48%|████▊     | 220/460 [00:46<00:50,  4.77it/s]
Epoch 10/30 [Train]:  48%|████▊     | 221/460 [00:46<00:49,  4.79it/s]
Epoch 10/30 [Train]:  48%|████▊     | 222/460 [00:46<00:49,  4.78it/s]
Epoch 10/30 [Train]:  48%|████▊     | 223/460 [00:47<00:50,  4.72it/s]
Epoch 10/30 [Train]:  49%|████▊     | 224/460 [00:47<00:50,  4.70it/s]
Epoch 10/30 [Train]:  49%|████▉     | 225/460 [00:47<00:50,  4.67it/s]
Epoch 10/30 [Train]:  49%|████▉     | 226/460 [00:47<00:50,  4.68it/s]
Epoch 10/30 [Train]:  49%|████▉     | 227/460 [00:48<00:49,  4.70it/s]
Epoch 10/30 [Train]:  50%|████▉     | 228/460 [00:48<00:49,  4.68it/s]
Epoch 10/30 [Train]:  50%|████▉     | 229/460 [00:48<00:49,  4.66it/s]
Epoch 10/30 [Train]:  50%|█████     | 230/460 [00:48<00:49,  4.68it/s]
Epoch 10/30 [Train]:  50%|█████     | 231/460 [00:48<00:48,  4.68it/s]
Epoch 10/30 [Train]:  50%|█████     | 232/460 [00:49<00:48,  4.71it/s]
Epoch 10/30 [Train]:  51%|█████     | 233/460 [00:49<00:48,  4.71it/s]
Epoch 10/30 [Train]:  51%|█████     | 234/460 [00:49<00:48,  4.71it/s]
Epoch 10/30 [Train]:  51%|█████     | 235/460 [00:49<00:47,  4.71it/s]
Epoch 10/30 [Train]:  51%|█████▏    | 236/460 [00:49<00:47,  4.72it/s]
Epoch 10/30 [Train]:  52%|█████▏    | 237/460 [00:50<00:47,  4.73it/s]
Epoch 10/30 [Train]:  52%|█████▏    | 238/460 [00:50<00:47,  4.69it/s]
Epoch 10/30 [Train]:  52%|█████▏    | 239/460 [00:50<00:47,  4.70it/s]
Epoch 10/30 [Train]:  52%|█████▏    | 240/460 [00:50<00:46,  4.70it/s]
Epoch 10/30 [Train]:  52%|█████▏    | 241/460 [00:50<00:46,  4.70it/s]
Epoch 10/30 [Train]:  53%|█████▎    | 242/460 [00:51<00:46,  4.70it/s]
Epoch 10/30 [Train]:  53%|█████▎    | 243/460 [00:51<00:45,  4.73it/s]
Epoch 10/30 [Train]:  53%|█████▎    | 244/460 [00:51<00:45,  4.72it/s]
Epoch 10/30 [Train]:  53%|█████▎    | 245/460 [00:51<00:45,  4.75it/s]
Epoch 10/30 [Train]:  53%|█████▎    | 246/460 [00:52<00:45,  4.75it/s]
Epoch 10/30 [Train]:  54%|█████▎    | 247/460 [00:52<00:44,  4.75it/s]
Epoch 10/30 [Train]:  54%|█████▍    | 248/460 [00:52<00:44,  4.76it/s]
Epoch 10/30 [Train]:  54%|█████▍    | 249/460 [00:52<00:44,  4.71it/s]
Epoch 10/30 [Train]:  54%|█████▍    | 250/460 [00:52<00:44,  4.70it/s]
Epoch 10/30 [Train]:  55%|█████▍    | 251/460 [00:53<00:44,  4.70it/s]
Epoch 10/30 [Train]:  55%|█████▍    | 252/460 [00:53<00:43,  4.74it/s]
Epoch 10/30 [Train]:  55%|█████▌    | 253/460 [00:53<00:43,  4.74it/s]
Epoch 10/30 [Train]:  55%|█████▌    | 254/460 [00:53<00:43,  4.70it/s]
Epoch 10/30 [Train]:  55%|█████▌    | 255/460 [00:53<00:43,  4.70it/s]
Epoch 10/30 [Train]:  56%|█████▌    | 256/460 [00:54<00:43,  4.73it/s]
Epoch 10/30 [Train]:  56%|█████▌    | 257/460 [00:54<00:43,  4.71it/s]
Epoch 10/30 [Train]:  56%|█████▌    | 258/460 [00:54<00:42,  4.71it/s]
Epoch 10/30 [Train]:  56%|█████▋    | 259/460 [00:54<00:42,  4.70it/s]
Epoch 10/30 [Train]:  57%|█████▋    | 260/460 [00:55<00:42,  4.67it/s]
Epoch 10/30 [Train]:  57%|█████▋    | 261/460 [00:55<00:42,  4.66it/s]
Epoch 10/30 [Train]:  57%|█████▋    | 262/460 [00:55<00:42,  4.65it/s]
Epoch 10/30 [Train]:  57%|█████▋    | 263/460 [00:55<00:42,  4.64it/s]
Epoch 10/30 [Train]:  57%|█████▋    | 264/460 [00:55<00:41,  4.67it/s]
Epoch 10/30 [Train]:  58%|█████▊    | 265/460 [00:56<00:41,  4.64it/s]
Epoch 10/30 [Train]:  58%|█████▊    | 266/460 [00:56<00:41,  4.66it/s]
Epoch 10/30 [Train]:  58%|█████▊    | 267/460 [00:56<00:41,  4.68it/s]
Epoch 10/30 [Train]:  58%|█████▊    | 268/460 [00:56<00:41,  4.66it/s]
Epoch 10/30 [Train]:  58%|█████▊    | 269/460 [00:56<00:40,  4.66it/s]
Epoch 10/30 [Train]:  59%|█████▊    | 270/460 [00:57<00:40,  4.69it/s]
Epoch 10/30 [Train]:  59%|█████▉    | 271/460 [00:57<00:40,  4.68it/s]
Epoch 10/30 [Train]:  59%|█████▉    | 272/460 [00:57<00:40,  4.67it/s]
Epoch 10/30 [Train]:  59%|█████▉    | 273/460 [00:57<00:40,  4.65it/s]
Epoch 10/30 [Train]:  60%|█████▉    | 274/460 [00:58<00:40,  4.65it/s]
Epoch 10/30 [Train]:  60%|█████▉    | 275/460 [00:58<00:39,  4.67it/s]
Epoch 10/30 [Train]:  60%|██████    | 276/460 [00:58<00:39,  4.70it/s]
Epoch 10/30 [Train]:  60%|██████    | 277/460 [00:58<00:38,  4.72it/s]
Epoch 10/30 [Train]:  60%|██████    | 278/460 [00:58<00:38,  4.74it/s]
Epoch 10/30 [Train]:  61%|██████    | 279/460 [00:59<00:38,  4.73it/s]
Epoch 10/30 [Train]:  61%|██████    | 280/460 [00:59<00:38,  4.72it/s]
Epoch 10/30 [Train]:  61%|██████    | 281/460 [00:59<00:38,  4.69it/s]
Epoch 10/30 [Train]:  61%|██████▏   | 282/460 [00:59<00:37,  4.69it/s]
Epoch 10/30 [Train]:  62%|██████▏   | 283/460 [00:59<00:37,  4.70it/s]
Epoch 10/30 [Train]:  62%|██████▏   | 284/460 [01:00<00:37,  4.68it/s]
Epoch 10/30 [Train]:  62%|██████▏   | 285/460 [01:00<00:37,  4.65it/s]
Epoch 10/30 [Train]:  62%|██████▏   | 286/460 [01:00<00:37,  4.66it/s]
Epoch 10/30 [Train]:  62%|██████▏   | 287/460 [01:00<00:37,  4.65it/s]
Epoch 10/30 [Train]:  63%|██████▎   | 288/460 [01:01<00:36,  4.67it/s]
Epoch 10/30 [Train]:  63%|██████▎   | 289/460 [01:01<00:36,  4.70it/s]
Epoch 10/30 [Train]:  63%|██████▎   | 290/460 [01:01<00:36,  4.72it/s]
Epoch 10/30 [Train]:  63%|██████▎   | 291/460 [01:01<00:35,  4.74it/s]
Epoch 10/30 [Train]:  63%|██████▎   | 292/460 [01:01<00:35,  4.76it/s]
Epoch 10/30 [Train]:  64%|██████▎   | 293/460 [01:02<00:35,  4.75it/s]
Epoch 10/30 [Train]:  64%|██████▍   | 294/460 [01:02<00:34,  4.76it/s]
Epoch 10/30 [Train]:  64%|██████▍   | 295/460 [01:02<00:34,  4.76it/s]
Epoch 10/30 [Train]:  64%|██████▍   | 296/460 [01:02<00:34,  4.73it/s]
Epoch 10/30 [Train]:  65%|██████▍   | 297/460 [01:02<00:34,  4.73it/s]
Epoch 10/30 [Train]:  65%|██████▍   | 298/460 [01:03<00:34,  4.71it/s]
Epoch 10/30 [Train]:  65%|██████▌   | 299/460 [01:03<00:34,  4.73it/s]
Epoch 10/30 [Train]:  65%|██████▌   | 300/460 [01:03<00:33,  4.74it/s]
Epoch 10/30 [Train]:  65%|██████▌   | 301/460 [01:03<00:33,  4.76it/s]
Epoch 10/30 [Train]:  66%|██████▌   | 302/460 [01:03<00:33,  4.76it/s]
Epoch 10/30 [Train]:  66%|██████▌   | 303/460 [01:04<00:33,  4.75it/s]
Epoch 10/30 [Train]:  66%|██████▌   | 304/460 [01:04<00:32,  4.74it/s]
Epoch 10/30 [Train]:  66%|██████▋   | 305/460 [01:04<00:32,  4.74it/s]
Epoch 10/30 [Train]:  67%|██████▋   | 306/460 [01:04<00:32,  4.73it/s]
Epoch 10/30 [Train]:  67%|██████▋   | 307/460 [01:05<00:32,  4.70it/s]
Epoch 10/30 [Train]:  67%|██████▋   | 308/460 [01:05<00:32,  4.69it/s]
Epoch 10/30 [Train]:  67%|██████▋   | 309/460 [01:05<00:31,  4.76it/s]
Epoch 10/30 [Train]:  67%|██████▋   | 310/460 [01:05<00:31,  4.82it/s]
Epoch 10/30 [Train]:  68%|██████▊   | 311/460 [01:05<00:30,  4.86it/s]
Epoch 10/30 [Train]:  68%|██████▊   | 312/460 [01:06<00:30,  4.89it/s]
Epoch 10/30 [Train]:  68%|██████▊   | 313/460 [01:06<00:29,  4.90it/s]
Epoch 10/30 [Train]:  68%|██████▊   | 314/460 [01:06<00:29,  4.91it/s]
Epoch 10/30 [Train]:  68%|██████▊   | 315/460 [01:06<00:29,  4.91it/s]
Epoch 10/30 [Train]:  69%|██████▊   | 316/460 [01:06<00:29,  4.91it/s]
Epoch 10/30 [Train]:  69%|██████▉   | 317/460 [01:07<00:29,  4.90it/s]
Epoch 10/30 [Train]:  69%|██████▉   | 318/460 [01:07<00:29,  4.88it/s]
Epoch 10/30 [Train]:  69%|██████▉   | 319/460 [01:07<00:29,  4.86it/s]
Epoch 10/30 [Train]:  70%|██████▉   | 320/460 [01:07<00:28,  4.84it/s]
Epoch 10/30 [Train]:  70%|██████▉   | 321/460 [01:07<00:28,  4.84it/s]
Epoch 10/30 [Train]:  70%|███████   | 322/460 [01:08<00:28,  4.85it/s]
Epoch 10/30 [Train]:  70%|███████   | 323/460 [01:08<00:28,  4.81it/s]
Epoch 10/30 [Train]:  70%|███████   | 324/460 [01:08<00:28,  4.81it/s]
Epoch 10/30 [Train]:  71%|███████   | 325/460 [01:08<00:27,  4.83it/s]
Epoch 10/30 [Train]:  71%|███████   | 326/460 [01:08<00:27,  4.84it/s]
Epoch 10/30 [Train]:  71%|███████   | 327/460 [01:09<00:27,  4.88it/s]
Epoch 10/30 [Train]:  71%|███████▏  | 328/460 [01:09<00:26,  4.91it/s]
Epoch 10/30 [Train]:  72%|███████▏  | 329/460 [01:09<00:26,  4.89it/s]
Epoch 10/30 [Train]:  72%|███████▏  | 330/460 [01:09<00:26,  4.90it/s]
Epoch 10/30 [Train]:  72%|███████▏  | 331/460 [01:09<00:26,  4.89it/s]
Epoch 10/30 [Train]:  72%|███████▏  | 332/460 [01:10<00:26,  4.86it/s]
Epoch 10/30 [Train]:  72%|███████▏  | 333/460 [01:10<00:26,  4.87it/s]
Epoch 10/30 [Train]:  73%|███████▎  | 334/460 [01:10<00:25,  4.86it/s]
Epoch 10/30 [Train]:  73%|███████▎  | 335/460 [01:10<00:25,  4.88it/s]
Epoch 10/30 [Train]:  73%|███████▎  | 336/460 [01:10<00:25,  4.87it/s]
Epoch 10/30 [Train]:  73%|███████▎  | 337/460 [01:11<00:25,  4.87it/s]
Epoch 10/30 [Train]:  73%|███████▎  | 338/460 [01:11<00:25,  4.87it/s]
Epoch 10/30 [Train]:  74%|███████▎  | 339/460 [01:11<00:24,  4.88it/s]
Epoch 10/30 [Train]:  74%|███████▍  | 340/460 [01:11<00:24,  4.89it/s]
Epoch 10/30 [Train]:  74%|███████▍  | 341/460 [01:11<00:24,  4.90it/s]
Epoch 10/30 [Train]:  74%|███████▍  | 342/460 [01:12<00:24,  4.90it/s]
Epoch 10/30 [Train]:  75%|███████▍  | 343/460 [01:12<00:23,  4.90it/s]
Epoch 10/30 [Train]:  75%|███████▍  | 344/460 [01:12<00:23,  4.90it/s]
Epoch 10/30 [Train]:  75%|███████▌  | 345/460 [01:12<00:23,  4.86it/s]
Epoch 10/30 [Train]:  75%|███████▌  | 346/460 [01:13<00:23,  4.87it/s]
Epoch 10/30 [Train]:  75%|███████▌  | 347/460 [01:13<00:23,  4.88it/s]
Epoch 10/30 [Train]:  76%|███████▌  | 348/460 [01:13<00:22,  4.91it/s]
Epoch 10/30 [Train]:  76%|███████▌  | 349/460 [01:13<00:22,  4.90it/s]
Epoch 10/30 [Train]:  76%|███████▌  | 350/460 [01:13<00:22,  4.90it/s]
Epoch 10/30 [Train]:  76%|███████▋  | 351/460 [01:14<00:22,  4.91it/s]
Epoch 10/30 [Train]:  77%|███████▋  | 352/460 [01:14<00:21,  4.94it/s]
Epoch 10/30 [Train]:  77%|███████▋  | 353/460 [01:14<00:21,  4.95it/s]
Epoch 10/30 [Train]:  77%|███████▋  | 354/460 [01:14<00:21,  4.94it/s]
Epoch 10/30 [Train]:  77%|███████▋  | 355/460 [01:14<00:21,  4.91it/s]
Epoch 10/30 [Train]:  77%|███████▋  | 356/460 [01:15<00:21,  4.91it/s]
Epoch 10/30 [Train]:  78%|███████▊  | 357/460 [01:15<00:20,  4.91it/s]
Epoch 10/30 [Train]:  78%|███████▊  | 358/460 [01:15<00:20,  4.93it/s]
Epoch 10/30 [Train]:  78%|███████▊  | 359/460 [01:15<00:20,  4.95it/s]
Epoch 10/30 [Train]:  78%|███████▊  | 360/460 [01:15<00:20,  4.94it/s]
Epoch 10/30 [Train]:  78%|███████▊  | 361/460 [01:16<00:19,  4.96it/s]
Epoch 10/30 [Train]:  79%|███████▊  | 362/460 [01:16<00:19,  4.95it/s]
Epoch 10/30 [Train]:  79%|███████▉  | 363/460 [01:16<00:19,  4.93it/s]
Epoch 10/30 [Train]:  79%|███████▉  | 364/460 [01:16<00:19,  4.90it/s]
Epoch 10/30 [Train]:  79%|███████▉  | 365/460 [01:16<00:19,  4.88it/s]
Epoch 10/30 [Train]:  80%|███████▉  | 366/460 [01:17<00:19,  4.88it/s]
Epoch 10/30 [Train]:  80%|███████▉  | 367/460 [01:17<00:19,  4.86it/s]
Epoch 10/30 [Train]:  80%|████████  | 368/460 [01:17<00:19,  4.84it/s]
Epoch 10/30 [Train]:  80%|████████  | 369/460 [01:17<00:18,  4.81it/s]
Epoch 10/30 [Train]:  80%|████████  | 370/460 [01:17<00:18,  4.86it/s]
Epoch 10/30 [Train]:  81%|████████  | 371/460 [01:18<00:18,  4.87it/s]
Epoch 10/30 [Train]:  81%|████████  | 372/460 [01:18<00:17,  4.90it/s]
Epoch 10/30 [Train]:  81%|████████  | 373/460 [01:18<00:17,  4.91it/s]
Epoch 10/30 [Train]:  81%|████████▏ | 374/460 [01:18<00:17,  4.90it/s]
Epoch 10/30 [Train]:  82%|████████▏ | 375/460 [01:18<00:17,  4.93it/s]
Epoch 10/30 [Train]:  82%|████████▏ | 376/460 [01:19<00:17,  4.92it/s]
Epoch 10/30 [Train]:  82%|████████▏ | 377/460 [01:19<00:16,  4.93it/s]
Epoch 10/30 [Train]:  82%|████████▏ | 378/460 [01:19<00:16,  4.91it/s]
Epoch 10/30 [Train]:  82%|████████▏ | 379/460 [01:19<00:16,  4.90it/s]
Epoch 10/30 [Train]:  83%|████████▎ | 380/460 [01:19<00:16,  4.88it/s]
Epoch 10/30 [Train]:  83%|████████▎ | 381/460 [01:20<00:16,  4.85it/s]
Epoch 10/30 [Train]:  83%|████████▎ | 382/460 [01:20<00:16,  4.83it/s]
Epoch 10/30 [Train]:  83%|████████▎ | 383/460 [01:20<00:15,  4.84it/s]
Epoch 10/30 [Train]:  83%|████████▎ | 384/460 [01:20<00:15,  4.85it/s]
Epoch 10/30 [Train]:  84%|████████▎ | 385/460 [01:20<00:15,  4.86it/s]
Epoch 10/30 [Train]:  84%|████████▍ | 386/460 [01:21<00:15,  4.84it/s]
Epoch 10/30 [Train]:  84%|████████▍ | 387/460 [01:21<00:15,  4.85it/s]
Epoch 10/30 [Train]:  84%|████████▍ | 388/460 [01:21<00:14,  4.88it/s]
Epoch 10/30 [Train]:  85%|████████▍ | 389/460 [01:21<00:14,  4.89it/s]
Epoch 10/30 [Train]:  85%|████████▍ | 390/460 [01:21<00:14,  4.94it/s]
Epoch 10/30 [Train]:  85%|████████▌ | 391/460 [01:22<00:13,  4.93it/s]
Epoch 10/30 [Train]:  85%|████████▌ | 392/460 [01:22<00:13,  4.92it/s]
Epoch 10/30 [Train]:  85%|████████▌ | 393/460 [01:22<00:13,  4.89it/s]
Epoch 10/30 [Train]:  86%|████████▌ | 394/460 [01:22<00:13,  4.91it/s]
Epoch 10/30 [Train]:  86%|████████▌ | 395/460 [01:23<00:13,  4.91it/s]
Epoch 10/30 [Train]:  86%|████████▌ | 396/460 [01:23<00:13,  4.91it/s]
Epoch 10/30 [Train]:  86%|████████▋ | 397/460 [01:23<00:12,  4.91it/s]
Epoch 10/30 [Train]:  87%|████████▋ | 398/460 [01:23<00:12,  4.92it/s]
Epoch 10/30 [Train]:  87%|████████▋ | 399/460 [01:23<00:12,  4.93it/s]
Epoch 10/30 [Train]:  87%|████████▋ | 400/460 [01:24<00:12,  4.92it/s]
Epoch 10/30 [Train]:  87%|████████▋ | 401/460 [01:24<00:11,  4.92it/s]
Epoch 10/30 [Train]:  87%|████████▋ | 402/460 [01:24<00:11,  4.93it/s]
Epoch 10/30 [Train]:  88%|████████▊ | 403/460 [01:24<00:11,  4.89it/s]
Epoch 10/30 [Train]:  88%|████████▊ | 404/460 [01:24<00:11,  4.87it/s]
Epoch 10/30 [Train]:  88%|████████▊ | 405/460 [01:25<00:11,  4.85it/s]
Epoch 10/30 [Train]:  88%|████████▊ | 406/460 [01:25<00:11,  4.85it/s]
Epoch 10/30 [Train]:  88%|████████▊ | 407/460 [01:25<00:10,  4.83it/s]
Epoch 10/30 [Train]:  89%|████████▊ | 408/460 [01:25<00:10,  4.82it/s]
Epoch 10/30 [Train]:  89%|████████▉ | 409/460 [01:25<00:10,  4.81it/s]
Epoch 10/30 [Train]:  89%|████████▉ | 410/460 [01:26<00:10,  4.83it/s]
Epoch 10/30 [Train]:  89%|████████▉ | 411/460 [01:26<00:10,  4.85it/s]
Epoch 10/30 [Train]:  90%|████████▉ | 412/460 [01:26<00:09,  4.88it/s]
Epoch 10/30 [Train]:  90%|████████▉ | 413/460 [01:26<00:09,  4.90it/s]
Epoch 10/30 [Train]:  90%|█████████ | 414/460 [01:26<00:09,  4.92it/s]
Epoch 10/30 [Train]:  90%|█████████ | 415/460 [01:27<00:09,  4.91it/s]
Epoch 10/30 [Train]:  90%|█████████ | 416/460 [01:27<00:09,  4.88it/s]
Epoch 10/30 [Train]:  91%|█████████ | 417/460 [01:27<00:08,  4.85it/s]
Epoch 10/30 [Train]:  91%|█████████ | 418/460 [01:27<00:08,  4.86it/s]
Epoch 10/30 [Train]:  91%|█████████ | 419/460 [01:27<00:08,  4.84it/s]
Epoch 10/30 [Train]:  91%|█████████▏| 420/460 [01:28<00:08,  4.85it/s]
Epoch 10/30 [Train]:  92%|█████████▏| 421/460 [01:28<00:08,  4.79it/s]
Epoch 10/30 [Train]:  92%|█████████▏| 422/460 [01:28<00:07,  4.83it/s]
Epoch 10/30 [Train]:  92%|█████████▏| 423/460 [01:28<00:07,  4.83it/s]
Epoch 10/30 [Train]:  92%|█████████▏| 424/460 [01:28<00:07,  4.83it/s]
Epoch 10/30 [Train]:  92%|█████████▏| 425/460 [01:29<00:07,  4.83it/s]
Epoch 10/30 [Train]:  93%|█████████▎| 426/460 [01:29<00:07,  4.83it/s]
Epoch 10/30 [Train]:  93%|█████████▎| 427/460 [01:29<00:06,  4.84it/s]
Epoch 10/30 [Train]:  93%|█████████▎| 428/460 [01:29<00:06,  4.90it/s]
Epoch 10/30 [Train]:  93%|█████████▎| 429/460 [01:30<00:06,  4.89it/s]
Epoch 10/30 [Train]:  93%|█████████▎| 430/460 [01:30<00:06,  4.89it/s]
Epoch 10/30 [Train]:  94%|█████████▎| 431/460 [01:30<00:05,  4.91it/s]
Epoch 10/30 [Train]:  94%|█████████▍| 432/460 [01:30<00:05,  4.93it/s]
Epoch 10/30 [Train]:  94%|█████████▍| 433/460 [01:30<00:05,  4.93it/s]
Epoch 10/30 [Train]:  94%|█████████▍| 434/460 [01:31<00:05,  4.93it/s]
Epoch 10/30 [Train]:  95%|█████████▍| 435/460 [01:31<00:05,  4.93it/s]
Epoch 10/30 [Train]:  95%|█████████▍| 436/460 [01:31<00:04,  4.91it/s]
Epoch 10/30 [Train]:  95%|█████████▌| 437/460 [01:31<00:04,  4.91it/s]
Epoch 10/30 [Train]:  95%|█████████▌| 438/460 [01:31<00:04,  4.90it/s]
Epoch 10/30 [Train]:  95%|█████████▌| 439/460 [01:32<00:04,  4.90it/s]
Epoch 10/30 [Train]:  96%|█████████▌| 440/460 [01:32<00:04,  4.89it/s]
Epoch 10/30 [Train]:  96%|█████████▌| 441/460 [01:32<00:03,  4.91it/s]
Epoch 10/30 [Train]:  96%|█████████▌| 442/460 [01:32<00:03,  4.90it/s]
Epoch 10/30 [Train]:  96%|█████████▋| 443/460 [01:32<00:03,  4.91it/s]
Epoch 10/30 [Train]:  97%|█████████▋| 444/460 [01:33<00:03,  4.92it/s]
Epoch 10/30 [Train]:  97%|█████████▋| 445/460 [01:33<00:03,  4.94it/s]
Epoch 10/30 [Train]:  97%|█████████▋| 446/460 [01:33<00:02,  4.92it/s]
Epoch 10/30 [Train]:  97%|█████████▋| 447/460 [01:33<00:02,  4.92it/s]
Epoch 10/30 [Train]:  97%|█████████▋| 448/460 [01:33<00:02,  4.92it/s]
Epoch 10/30 [Train]:  98%|█████████▊| 449/460 [01:34<00:02,  4.92it/s]
Epoch 10/30 [Train]:  98%|█████████▊| 450/460 [01:34<00:02,  4.91it/s]
Epoch 10/30 [Train]:  98%|█████████▊| 451/460 [01:34<00:01,  4.90it/s]
Epoch 10/30 [Train]:  98%|█████████▊| 452/460 [01:34<00:01,  4.89it/s]
Epoch 10/30 [Train]:  98%|█████████▊| 453/460 [01:34<00:01,  4.88it/s]
Epoch 10/30 [Train]:  99%|█████████▊| 454/460 [01:35<00:01,  4.92it/s]
Epoch 10/30 [Train]:  99%|█████████▉| 455/460 [01:35<00:01,  4.93it/s]
Epoch 10/30 [Train]:  99%|█████████▉| 456/460 [01:35<00:00,  4.93it/s]
Epoch 10/30 [Train]:  99%|█████████▉| 457/460 [01:35<00:00,  4.91it/s]
Epoch 10/30 [Train]: 100%|█████████▉| 458/460 [01:35<00:00,  4.91it/s]
Epoch 10/30 [Train]: 100%|█████████▉| 459/460 [01:36<00:00,  4.88it/s]
Epoch 10/30 [Train]: 100%|██████████| 460/460 [01:36<00:00,  5.50it/s]
                                                                      

Epoch 11/30 [Train]:   0%|          | 0/460 [00:00<?, ?it/s]
Epoch 11/30 [Train]:   0%|          | 1/460 [00:00<01:34,  4.85it/s]
Epoch 11/30 [Train]:   0%|          | 2/460 [00:00<01:33,  4.88it/s]
Epoch 11/30 [Train]:   1%|          | 3/460 [00:00<01:34,  4.83it/s]
Epoch 11/30 [Train]:   1%|          | 4/460 [00:00<01:34,  4.81it/s]
Epoch 11/30 [Train]:   1%|          | 5/460 [00:01<01:33,  4.85it/s]
Epoch 11/30 [Train]:   1%|▏         | 6/460 [00:01<01:33,  4.88it/s]
Epoch 11/30 [Train]:   2%|▏         | 7/460 [00:01<01:33,  4.86it/s]
Epoch 11/30 [Train]:   2%|▏         | 8/460 [00:01<01:33,  4.81it/s]
Epoch 11/30 [Train]:   2%|▏         | 9/460 [00:01<01:32,  4.85it/s]
Epoch 11/30 [Train]:   2%|▏         | 10/460 [00:02<01:32,  4.85it/s]
Epoch 11/30 [Train]:   2%|▏         | 11/460 [00:02<01:32,  4.88it/s]
Epoch 11/30 [Train]:   3%|▎         | 12/460 [00:02<01:31,  4.87it/s]
Epoch 11/30 [Train]:   3%|▎         | 13/460 [00:02<01:31,  4.88it/s]
Epoch 11/30 [Train]:   3%|▎         | 14/460 [00:02<01:31,  4.88it/s]
Epoch 11/30 [Train]:   3%|▎         | 15/460 [00:03<01:31,  4.89it/s]
Epoch 11/30 [Train]:   3%|▎         | 16/460 [00:03<01:30,  4.88it/s]
Epoch 11/30 [Train]:   4%|▎         | 17/460 [00:03<01:30,  4.89it/s]
Epoch 11/30 [Train]:   4%|▍         | 18/460 [00:03<01:30,  4.90it/s]
Epoch 11/30 [Train]:   4%|▍         | 19/460 [00:03<01:29,  4.92it/s]
Epoch 11/30 [Train]:   4%|▍         | 20/460 [00:04<01:29,  4.91it/s]
Epoch 11/30 [Train]:   5%|▍         | 21/460 [00:04<01:29,  4.92it/s]
Epoch 11/30 [Train]:   5%|▍         | 22/460 [00:04<01:29,  4.89it/s]
Epoch 11/30 [Train]:   5%|▌         | 23/460 [00:04<01:29,  4.89it/s]
Epoch 11/30 [Train]:   5%|▌         | 24/460 [00:04<01:29,  4.89it/s]
Epoch 11/30 [Train]:   5%|▌         | 25/460 [00:05<01:29,  4.88it/s]
Epoch 11/30 [Train]:   6%|▌         | 26/460 [00:05<01:29,  4.87it/s]
Epoch 11/30 [Train]:   6%|▌         | 27/460 [00:05<01:29,  4.86it/s]
Epoch 11/30 [Train]:   6%|▌         | 28/460 [00:05<01:29,  4.84it/s]
Epoch 11/30 [Train]:   6%|▋         | 29/460 [00:05<01:29,  4.83it/s]
Epoch 11/30 [Train]:   7%|▋         | 30/460 [00:06<01:29,  4.82it/s]
Epoch 11/30 [Train]:   7%|▋         | 31/460 [00:06<01:28,  4.84it/s]
Epoch 11/30 [Train]:   7%|▋         | 32/460 [00:06<01:27,  4.87it/s]
Epoch 11/30 [Train]:   7%|▋         | 33/460 [00:06<01:27,  4.90it/s]
Epoch 11/30 [Train]:   7%|▋         | 34/460 [00:06<01:26,  4.94it/s]
Epoch 11/30 [Train]:   8%|▊         | 35/460 [00:07<01:26,  4.94it/s]
Epoch 11/30 [Train]:   8%|▊         | 36/460 [00:07<01:25,  4.94it/s]
Epoch 11/30 [Train]:   8%|▊         | 37/460 [00:07<01:25,  4.93it/s]
Epoch 11/30 [Train]:   8%|▊         | 38/460 [00:07<01:26,  4.88it/s]
Epoch 11/30 [Train]:   8%|▊         | 39/460 [00:07<01:26,  4.88it/s]
Epoch 11/30 [Train]:   9%|▊         | 40/460 [00:08<01:26,  4.87it/s]
Epoch 11/30 [Train]:   9%|▉         | 41/460 [00:08<01:26,  4.87it/s]
Epoch 11/30 [Train]:   9%|▉         | 42/460 [00:08<01:26,  4.85it/s]
Epoch 11/30 [Train]:   9%|▉         | 43/460 [00:08<01:25,  4.86it/s]
Epoch 11/30 [Train]:  10%|▉         | 44/460 [00:09<01:25,  4.87it/s]
Epoch 11/30 [Train]:  10%|▉         | 45/460 [00:09<01:25,  4.87it/s]
Epoch 11/30 [Train]:  10%|█         | 46/460 [00:09<01:25,  4.87it/s]
Epoch 11/30 [Train]:  10%|█         | 47/460 [00:09<01:24,  4.90it/s]
Epoch 11/30 [Train]:  10%|█         | 48/460 [00:09<01:23,  4.92it/s]
Epoch 11/30 [Train]:  11%|█         | 49/460 [00:10<01:23,  4.93it/s]
Epoch 11/30 [Train]:  11%|█         | 50/460 [00:10<01:24,  4.83it/s]
Epoch 11/30 [Train]:  11%|█         | 51/460 [00:10<01:24,  4.82it/s]
Epoch 11/30 [Train]:  11%|█▏        | 52/460 [00:10<01:24,  4.82it/s]
Epoch 11/30 [Train]:  12%|█▏        | 53/460 [00:10<01:25,  4.79it/s]
Epoch 11/30 [Train]:  12%|█▏        | 54/460 [00:11<01:24,  4.81it/s]
Epoch 11/30 [Train]:  12%|█▏        | 55/460 [00:11<01:23,  4.84it/s]
Epoch 11/30 [Train]:  12%|█▏        | 56/460 [00:11<01:23,  4.86it/s]
Epoch 11/30 [Train]:  12%|█▏        | 57/460 [00:11<01:22,  4.87it/s]
Epoch 11/30 [Train]:  13%|█▎        | 58/460 [00:11<01:22,  4.89it/s]
Epoch 11/30 [Train]:  13%|█▎        | 59/460 [00:12<01:21,  4.89it/s]
Epoch 11/30 [Train]:  13%|█▎        | 60/460 [00:12<01:21,  4.90it/s]
Epoch 11/30 [Train]:  13%|█▎        | 61/460 [00:12<01:21,  4.92it/s]
Epoch 11/30 [Train]:  13%|█▎        | 62/460 [00:12<01:21,  4.89it/s]
Epoch 11/30 [Train]:  14%|█▎        | 63/460 [00:12<01:21,  4.90it/s]
Epoch 11/30 [Train]:  14%|█▍        | 64/460 [00:13<01:20,  4.90it/s]
Epoch 11/30 [Train]:  14%|█▍        | 65/460 [00:13<01:20,  4.90it/s]
Epoch 11/30 [Train]:  14%|█▍        | 66/460 [00:13<01:21,  4.86it/s]
Epoch 11/30 [Train]:  15%|█▍        | 67/460 [00:13<01:20,  4.86it/s]
Epoch 11/30 [Train]:  15%|█▍        | 68/460 [00:13<01:21,  4.84it/s]
Epoch 11/30 [Train]:  15%|█▌        | 69/460 [00:14<01:21,  4.82it/s]
Epoch 11/30 [Train]:  15%|█▌        | 70/460 [00:14<01:20,  4.84it/s]
Epoch 11/30 [Train]:  15%|█▌        | 71/460 [00:14<01:20,  4.83it/s]
Epoch 11/30 [Train]:  16%|█▌        | 72/460 [00:14<01:20,  4.83it/s]
Epoch 11/30 [Train]:  16%|█▌        | 73/460 [00:14<01:20,  4.82it/s]
Epoch 11/30 [Train]:  16%|█▌        | 74/460 [00:15<01:19,  4.85it/s]
Epoch 11/30 [Train]:  16%|█▋        | 75/460 [00:15<01:18,  4.88it/s]
Epoch 11/30 [Train]:  17%|█▋        | 76/460 [00:15<01:18,  4.89it/s]
Epoch 11/30 [Train]:  17%|█▋        | 77/460 [00:15<01:18,  4.90it/s]
Epoch 11/30 [Train]:  17%|█▋        | 78/460 [00:16<01:17,  4.90it/s]
Epoch 11/30 [Train]:  17%|█▋        | 79/460 [00:16<01:17,  4.93it/s]
Epoch 11/30 [Train]:  17%|█▋        | 80/460 [00:16<01:16,  4.94it/s]
Epoch 11/30 [Train]:  18%|█▊        | 81/460 [00:16<01:17,  4.92it/s]
Epoch 11/30 [Train]:  18%|█▊        | 82/460 [00:16<01:16,  4.93it/s]
Epoch 11/30 [Train]:  18%|█▊        | 83/460 [00:17<01:16,  4.91it/s]
Epoch 11/30 [Train]:  18%|█▊        | 84/460 [00:17<01:16,  4.89it/s]
Epoch 11/30 [Train]:  18%|█▊        | 85/460 [00:17<01:16,  4.90it/s]
Epoch 11/30 [Train]:  19%|█▊        | 86/460 [00:17<01:16,  4.91it/s]
Epoch 11/30 [Train]:  19%|█▉        | 87/460 [00:17<01:16,  4.90it/s]
Epoch 11/30 [Train]:  19%|█▉        | 88/460 [00:18<01:16,  4.88it/s]
Epoch 11/30 [Train]:  19%|█▉        | 89/460 [00:18<01:16,  4.88it/s]
Epoch 11/30 [Train]:  20%|█▉        | 90/460 [00:18<01:15,  4.90it/s]
Epoch 11/30 [Train]:  20%|█▉        | 91/460 [00:18<01:15,  4.92it/s]
Epoch 11/30 [Train]:  20%|██        | 92/460 [00:18<01:14,  4.93it/s]
Epoch 11/30 [Train]:  20%|██        | 93/460 [00:19<01:14,  4.91it/s]
Epoch 11/30 [Train]:  20%|██        | 94/460 [00:19<01:14,  4.89it/s]
Epoch 11/30 [Train]:  21%|██        | 95/460 [00:19<01:14,  4.91it/s]
Epoch 11/30 [Train]:  21%|██        | 96/460 [00:19<01:14,  4.89it/s]
Epoch 11/30 [Train]:  21%|██        | 97/460 [00:19<01:13,  4.91it/s]
Epoch 11/30 [Train]:  21%|██▏       | 98/460 [00:20<01:13,  4.93it/s]
Epoch 11/30 [Train]:  22%|██▏       | 99/460 [00:20<01:13,  4.93it/s]
Epoch 11/30 [Train]:  22%|██▏       | 100/460 [00:20<01:13,  4.88it/s]
Epoch 11/30 [Train]:  22%|██▏       | 101/460 [00:20<01:14,  4.84it/s]
Epoch 11/30 [Train]:  22%|██▏       | 102/460 [00:20<01:14,  4.82it/s]
Epoch 11/30 [Train]:  22%|██▏       | 103/460 [00:21<01:13,  4.86it/s]
Epoch 11/30 [Train]:  23%|██▎       | 104/460 [00:21<01:13,  4.87it/s]
Epoch 11/30 [Train]:  23%|██▎       | 105/460 [00:21<01:13,  4.83it/s]
Epoch 11/30 [Train]:  23%|██▎       | 106/460 [00:21<01:13,  4.80it/s]
Epoch 11/30 [Train]:  23%|██▎       | 107/460 [00:21<01:13,  4.79it/s]
Epoch 11/30 [Train]:  23%|██▎       | 108/460 [00:22<01:12,  4.83it/s]
Epoch 11/30 [Train]:  24%|██▎       | 109/460 [00:22<01:12,  4.86it/s]
Epoch 11/30 [Train]:  24%|██▍       | 110/460 [00:22<01:11,  4.89it/s]
Epoch 11/30 [Train]:  24%|██▍       | 111/460 [00:22<01:11,  4.87it/s]
Epoch 11/30 [Train]:  24%|██▍       | 112/460 [00:22<01:11,  4.84it/s]
Epoch 11/30 [Train]:  25%|██▍       | 113/460 [00:23<01:11,  4.83it/s]
Epoch 11/30 [Train]:  25%|██▍       | 114/460 [00:23<01:11,  4.83it/s]
Epoch 11/30 [Train]:  25%|██▌       | 115/460 [00:23<01:11,  4.85it/s]
Epoch 11/30 [Train]:  25%|██▌       | 116/460 [00:23<01:10,  4.86it/s]
Epoch 11/30 [Train]:  25%|██▌       | 117/460 [00:24<01:10,  4.87it/s]
Epoch 11/30 [Train]:  26%|██▌       | 118/460 [00:24<01:09,  4.90it/s]
Epoch 11/30 [Train]:  26%|██▌       | 119/460 [00:24<01:09,  4.92it/s]
Epoch 11/30 [Train]:  26%|██▌       | 120/460 [00:24<01:09,  4.93it/s]
Epoch 11/30 [Train]:  26%|██▋       | 121/460 [00:24<01:08,  4.94it/s]
Epoch 11/30 [Train]:  27%|██▋       | 122/460 [00:25<01:08,  4.95it/s]
Epoch 11/30 [Train]:  27%|██▋       | 123/460 [00:25<01:08,  4.92it/s]
Epoch 11/30 [Train]:  27%|██▋       | 124/460 [00:25<01:08,  4.93it/s]
Epoch 11/30 [Train]:  27%|██▋       | 125/460 [00:25<01:08,  4.92it/s]
Epoch 11/30 [Train]:  27%|██▋       | 126/460 [00:25<01:08,  4.89it/s]
Epoch 11/30 [Train]:  28%|██▊       | 127/460 [00:26<01:08,  4.87it/s]
Epoch 11/30 [Train]:  28%|██▊       | 128/460 [00:26<01:07,  4.89it/s]
Epoch 11/30 [Train]:  28%|██▊       | 129/460 [00:26<01:07,  4.90it/s]
Epoch 11/30 [Train]:  28%|██▊       | 130/460 [00:26<01:06,  4.93it/s]
Epoch 11/30 [Train]:  28%|██▊       | 131/460 [00:26<01:06,  4.94it/s]
Epoch 11/30 [Train]:  29%|██▊       | 132/460 [00:27<01:06,  4.96it/s]
Epoch 11/30 [Train]:  29%|██▉       | 133/460 [00:27<01:06,  4.94it/s]
Epoch 11/30 [Train]:  29%|██▉       | 134/460 [00:27<01:06,  4.92it/s]
Epoch 11/30 [Train]:  29%|██▉       | 135/460 [00:27<01:06,  4.89it/s]
Epoch 11/30 [Train]:  30%|██▉       | 136/460 [00:27<01:05,  4.91it/s]
Epoch 11/30 [Train]:  30%|██▉       | 137/460 [00:28<01:05,  4.90it/s]
Epoch 11/30 [Train]:  30%|███       | 138/460 [00:28<01:05,  4.90it/s]
Epoch 11/30 [Train]:  30%|███       | 139/460 [00:28<01:05,  4.90it/s]
Epoch 11/30 [Train]:  30%|███       | 140/460 [00:28<01:05,  4.91it/s]
Epoch 11/30 [Train]:  31%|███       | 141/460 [00:28<01:04,  4.91it/s]
Epoch 11/30 [Train]:  31%|███       | 142/460 [00:29<01:04,  4.93it/s]
Epoch 11/30 [Train]:  31%|███       | 143/460 [00:29<01:04,  4.95it/s]
Epoch 11/30 [Train]:  31%|███▏      | 144/460 [00:29<01:04,  4.91it/s]
Epoch 11/30 [Train]:  32%|███▏      | 145/460 [00:29<01:04,  4.92it/s]
Epoch 11/30 [Train]:  32%|███▏      | 146/460 [00:29<01:04,  4.87it/s]
Epoch 11/30 [Train]:  32%|███▏      | 147/460 [00:30<01:04,  4.86it/s]
Epoch 11/30 [Train]:  32%|███▏      | 148/460 [00:30<01:04,  4.81it/s]
Epoch 11/30 [Train]:  32%|███▏      | 149/460 [00:30<01:04,  4.80it/s]
Epoch 11/30 [Train]:  33%|███▎      | 150/460 [00:30<01:04,  4.78it/s]
Epoch 11/30 [Train]:  33%|███▎      | 151/460 [00:30<01:04,  4.78it/s]
Epoch 11/30 [Train]:  33%|███▎      | 152/460 [00:31<01:04,  4.78it/s]
Epoch 11/30 [Train]:  33%|███▎      | 153/460 [00:31<01:03,  4.81it/s]
Epoch 11/30 [Train]:  33%|███▎      | 154/460 [00:31<01:03,  4.82it/s]
Epoch 11/30 [Train]:  34%|███▎      | 155/460 [00:31<01:02,  4.85it/s]
Epoch 11/30 [Train]:  34%|███▍      | 156/460 [00:31<01:02,  4.88it/s]
Epoch 11/30 [Train]:  34%|███▍      | 157/460 [00:32<01:02,  4.87it/s]
Epoch 11/30 [Train]:  34%|███▍      | 158/460 [00:32<01:01,  4.90it/s]
Epoch 11/30 [Train]:  35%|███▍      | 159/460 [00:32<01:01,  4.92it/s]
Epoch 11/30 [Train]:  35%|███▍      | 160/460 [00:32<01:00,  4.93it/s]
Epoch 11/30 [Train]:  35%|███▌      | 161/460 [00:32<01:00,  4.95it/s]
Epoch 11/30 [Train]:  35%|███▌      | 162/460 [00:33<01:00,  4.94it/s]
Epoch 11/30 [Train]:  35%|███▌      | 163/460 [00:33<01:00,  4.89it/s]
Epoch 11/30 [Train]:  36%|███▌      | 164/460 [00:34<01:41,  2.92it/s]
Epoch 11/30 [Train]:  36%|███▌      | 165/460 [00:34<01:28,  3.34it/s]
Epoch 11/30 [Train]:  36%|███▌      | 166/460 [00:34<01:19,  3.69it/s]
Epoch 11/30 [Train]:  36%|███▋      | 167/460 [00:34<01:13,  3.99it/s]
Epoch 11/30 [Train]:  37%|███▋      | 168/460 [00:34<01:09,  4.23it/s]
Epoch 11/30 [Train]:  37%|███▋      | 169/460 [00:35<01:05,  4.42it/s]
Epoch 11/30 [Train]:  37%|███▋      | 170/460 [00:35<01:03,  4.55it/s]
Epoch 11/30 [Train]:  37%|███▋      | 171/460 [00:35<01:02,  4.66it/s]
Epoch 11/30 [Train]:  37%|███▋      | 172/460 [00:35<01:00,  4.74it/s]
Epoch 11/30 [Train]:  38%|███▊      | 173/460 [00:35<01:00,  4.78it/s]
Epoch 11/30 [Train]:  38%|███▊      | 174/460 [00:36<00:59,  4.81it/s]
Epoch 11/30 [Train]:  38%|███▊      | 175/460 [00:36<00:58,  4.83it/s]
Epoch 11/30 [Train]:  38%|███▊      | 176/460 [00:36<00:58,  4.89it/s]
Epoch 11/30 [Train]:  38%|███▊      | 177/460 [00:36<00:57,  4.90it/s]
Epoch 11/30 [Train]:  39%|███▊      | 178/460 [00:36<00:57,  4.89it/s]
Epoch 11/30 [Train]:  39%|███▉      | 179/460 [00:37<00:57,  4.86it/s]
Epoch 11/30 [Train]:  39%|███▉      | 180/460 [00:37<00:57,  4.88it/s]
Epoch 11/30 [Train]:  39%|███▉      | 181/460 [00:37<00:57,  4.86it/s]
Epoch 11/30 [Train]:  40%|███▉      | 182/460 [00:37<00:57,  4.82it/s]
Epoch 11/30 [Train]:  40%|███▉      | 183/460 [00:37<00:57,  4.81it/s]
Epoch 11/30 [Train]:  40%|████      | 184/460 [00:38<00:57,  4.79it/s]
Epoch 11/30 [Train]:  40%|████      | 185/460 [00:38<00:57,  4.81it/s]
Epoch 11/30 [Train]:  40%|████      | 186/460 [00:38<00:57,  4.76it/s]
Epoch 11/30 [Train]:  41%|████      | 187/460 [00:38<00:56,  4.81it/s]
Epoch 11/30 [Train]:  41%|████      | 188/460 [00:38<00:56,  4.82it/s]
Epoch 11/30 [Train]:  41%|████      | 189/460 [00:39<00:56,  4.81it/s]
Epoch 11/30 [Train]:  41%|████▏     | 190/460 [00:39<00:55,  4.83it/s]
Epoch 11/30 [Train]:  42%|████▏     | 191/460 [00:39<00:55,  4.85it/s]
Epoch 11/30 [Train]:  42%|████▏     | 192/460 [00:39<00:54,  4.88it/s]
Epoch 11/30 [Train]:  42%|████▏     | 193/460 [00:40<00:54,  4.89it/s]
Epoch 11/30 [Train]:  42%|████▏     | 194/460 [00:40<00:54,  4.89it/s]
Epoch 11/30 [Train]:  42%|████▏     | 195/460 [00:40<00:54,  4.88it/s]
Epoch 11/30 [Train]:  43%|████▎     | 196/460 [00:40<00:54,  4.87it/s]
Epoch 11/30 [Train]:  43%|████▎     | 197/460 [00:40<00:54,  4.85it/s]
Epoch 11/30 [Train]:  43%|████▎     | 198/460 [00:41<00:53,  4.90it/s]
Epoch 11/30 [Train]:  43%|████▎     | 199/460 [00:41<00:53,  4.89it/s]
Epoch 11/30 [Train]:  43%|████▎     | 200/460 [00:41<00:53,  4.84it/s]
Epoch 11/30 [Train]:  44%|████▎     | 201/460 [00:41<00:53,  4.81it/s]
Epoch 11/30 [Train]:  44%|████▍     | 202/460 [00:41<00:53,  4.80it/s]
Epoch 11/30 [Train]:  44%|████▍     | 203/460 [00:42<00:53,  4.83it/s]
Epoch 11/30 [Train]:  44%|████▍     | 204/460 [00:42<00:53,  4.83it/s]
Epoch 11/30 [Train]:  45%|████▍     | 205/460 [00:42<00:52,  4.84it/s]
Epoch 11/30 [Train]:  45%|████▍     | 206/460 [00:42<00:52,  4.86it/s]
Epoch 11/30 [Train]:  45%|████▌     | 207/460 [00:42<00:51,  4.89it/s]
Epoch 11/30 [Train]:  45%|████▌     | 208/460 [00:43<00:51,  4.90it/s]
Epoch 11/30 [Train]:  45%|████▌     | 209/460 [00:43<00:51,  4.88it/s]
Epoch 11/30 [Train]:  46%|████▌     | 210/460 [00:43<00:51,  4.89it/s]
Epoch 11/30 [Train]:  46%|████▌     | 211/460 [00:43<00:51,  4.88it/s]
Epoch 11/30 [Train]:  46%|████▌     | 212/460 [00:43<00:50,  4.90it/s]
Epoch 11/30 [Train]:  46%|████▋     | 213/460 [00:44<00:51,  4.84it/s]
Epoch 11/30 [Train]:  47%|████▋     | 214/460 [00:44<00:50,  4.87it/s]
Epoch 11/30 [Train]:  47%|████▋     | 215/460 [00:44<00:50,  4.89it/s]
Epoch 11/30 [Train]:  47%|████▋     | 216/460 [00:44<00:49,  4.90it/s]
Epoch 11/30 [Train]:  47%|████▋     | 217/460 [00:44<00:49,  4.88it/s]
Epoch 11/30 [Train]:  47%|████▋     | 218/460 [00:45<00:49,  4.85it/s]
Epoch 11/30 [Train]:  48%|████▊     | 219/460 [00:45<00:49,  4.84it/s]
Epoch 11/30 [Train]:  48%|████▊     | 220/460 [00:45<00:49,  4.83it/s]
Epoch 11/30 [Train]:  48%|████▊     | 221/460 [00:45<00:49,  4.83it/s]
Epoch 11/30 [Train]:  48%|████▊     | 222/460 [00:45<00:49,  4.81it/s]
Epoch 11/30 [Train]:  48%|████▊     | 223/460 [00:46<00:50,  4.67it/s]
Epoch 11/30 [Train]:  49%|████▊     | 224/460 [00:46<00:49,  4.76it/s]
Epoch 11/30 [Train]:  49%|████▉     | 225/460 [00:46<00:49,  4.79it/s]
Epoch 11/30 [Train]:  49%|████▉     | 226/460 [00:46<00:48,  4.82it/s]
Epoch 11/30 [Train]:  49%|████▉     | 227/460 [00:47<00:48,  4.83it/s]
Epoch 11/30 [Train]:  50%|████▉     | 228/460 [00:47<00:47,  4.85it/s]
Epoch 11/30 [Train]:  50%|████▉     | 229/460 [00:47<00:47,  4.87it/s]
Epoch 11/30 [Train]:  50%|█████     | 230/460 [00:47<00:47,  4.89it/s]
Epoch 11/30 [Train]:  50%|█████     | 231/460 [00:47<00:46,  4.88it/s]
Epoch 11/30 [Train]:  50%|█████     | 232/460 [00:48<00:46,  4.88it/s]
Epoch 11/30 [Train]:  51%|█████     | 233/460 [00:48<00:46,  4.91it/s]
Epoch 11/30 [Train]:  51%|█████     | 234/460 [00:48<00:46,  4.91it/s]
Epoch 11/30 [Train]:  51%|█████     | 235/460 [00:48<00:45,  4.90it/s]
Epoch 11/30 [Train]:  51%|█████▏    | 236/460 [00:48<00:45,  4.90it/s]
Epoch 11/30 [Train]:  52%|█████▏    | 237/460 [00:49<00:47,  4.72it/s]
Epoch 11/30 [Train]:  52%|█████▏    | 238/460 [00:49<00:46,  4.79it/s]
Epoch 11/30 [Train]:  52%|█████▏    | 239/460 [00:49<00:45,  4.82it/s]
Epoch 11/30 [Train]:  52%|█████▏    | 240/460 [00:49<00:45,  4.85it/s]
Epoch 11/30 [Train]:  52%|█████▏    | 241/460 [00:49<00:45,  4.81it/s]
Epoch 11/30 [Train]:  53%|█████▎    | 242/460 [00:50<00:45,  4.82it/s]
Epoch 11/30 [Train]:  53%|█████▎    | 243/460 [00:50<00:45,  4.80it/s]
Epoch 11/30 [Train]:  53%|█████▎    | 244/460 [00:50<00:45,  4.79it/s]
Epoch 11/30 [Train]:  53%|█████▎    | 245/460 [00:50<00:45,  4.77it/s]
Epoch 11/30 [Train]:  53%|█████▎    | 246/460 [00:50<00:44,  4.77it/s]
Epoch 11/30 [Train]:  54%|█████▎    | 247/460 [00:51<00:44,  4.78it/s]
Epoch 11/30 [Train]:  54%|█████▍    | 248/460 [00:51<00:44,  4.80it/s]
Epoch 11/30 [Train]:  54%|█████▍    | 249/460 [00:51<00:43,  4.83it/s]
Epoch 11/30 [Train]:  54%|█████▍    | 250/460 [00:51<00:43,  4.85it/s]
Epoch 11/30 [Train]:  55%|█████▍    | 251/460 [00:51<00:42,  4.88it/s]
Epoch 11/30 [Train]:  55%|█████▍    | 252/460 [00:52<00:42,  4.91it/s]
Epoch 11/30 [Train]:  55%|█████▌    | 253/460 [00:52<00:42,  4.90it/s]
Epoch 11/30 [Train]:  55%|█████▌    | 254/460 [00:52<00:41,  4.92it/s]
Epoch 11/30 [Train]:  55%|█████▌    | 255/460 [00:52<00:41,  4.96it/s]
Epoch 11/30 [Train]:  56%|█████▌    | 256/460 [00:53<00:41,  4.93it/s]
Epoch 11/30 [Train]:  56%|█████▌    | 257/460 [00:53<00:40,  4.95it/s]
Epoch 11/30 [Train]:  56%|█████▌    | 258/460 [00:53<00:40,  4.94it/s]
Epoch 11/30 [Train]:  56%|█████▋    | 259/460 [00:53<00:40,  4.93it/s]
Epoch 11/30 [Train]:  57%|█████▋    | 260/460 [00:53<00:40,  4.92it/s]
Epoch 11/30 [Train]:  57%|█████▋    | 261/460 [00:54<00:40,  4.91it/s]
Epoch 11/30 [Train]:  57%|█████▋    | 262/460 [00:54<00:40,  4.90it/s]
Epoch 11/30 [Train]:  57%|█████▋    | 263/460 [00:54<00:40,  4.90it/s]
Epoch 11/30 [Train]:  57%|█████▋    | 264/460 [00:54<00:39,  4.92it/s]
Epoch 11/30 [Train]:  58%|█████▊    | 265/460 [00:54<00:39,  4.94it/s]
Epoch 11/30 [Train]:  58%|█████▊    | 266/460 [00:55<00:39,  4.96it/s]
Epoch 11/30 [Train]:  58%|█████▊    | 267/460 [00:55<00:38,  4.95it/s]
Epoch 11/30 [Train]:  58%|█████▊    | 268/460 [00:55<00:39,  4.92it/s]
Epoch 11/30 [Train]:  58%|█████▊    | 269/460 [00:55<00:38,  4.93it/s]
Epoch 11/30 [Train]:  59%|█████▊    | 270/460 [00:55<00:38,  4.91it/s]
Epoch 11/30 [Train]:  59%|█████▉    | 271/460 [00:56<00:38,  4.91it/s]
Epoch 11/30 [Train]:  59%|█████▉    | 272/460 [00:56<00:38,  4.90it/s]
Epoch 11/30 [Train]:  59%|█████▉    | 273/460 [00:56<00:37,  4.92it/s]
Epoch 11/30 [Train]:  60%|█████▉    | 274/460 [00:56<00:37,  4.93it/s]
Epoch 11/30 [Train]:  60%|█████▉    | 275/460 [00:56<00:37,  4.93it/s]
Epoch 11/30 [Train]:  60%|██████    | 276/460 [00:57<00:39,  4.68it/s]
Epoch 11/30 [Train]:  60%|██████    | 277/460 [00:57<00:38,  4.76it/s]
Epoch 11/30 [Train]:  60%|██████    | 278/460 [00:57<00:38,  4.78it/s]
Epoch 11/30 [Train]:  61%|██████    | 279/460 [00:57<00:37,  4.78it/s]
Epoch 11/30 [Train]:  61%|██████    | 280/460 [00:57<00:37,  4.78it/s]
Epoch 11/30 [Train]:  61%|██████    | 281/460 [00:58<00:37,  4.76it/s]
Epoch 11/30 [Train]:  61%|██████▏   | 282/460 [00:58<00:37,  4.78it/s]
Epoch 11/30 [Train]:  62%|██████▏   | 283/460 [00:58<00:36,  4.83it/s]
Epoch 11/30 [Train]:  62%|██████▏   | 284/460 [00:58<00:36,  4.88it/s]
Epoch 11/30 [Train]:  62%|██████▏   | 285/460 [00:58<00:35,  4.90it/s]
Epoch 11/30 [Train]:  62%|██████▏   | 286/460 [00:59<00:35,  4.87it/s]
Epoch 11/30 [Train]:  62%|██████▏   | 287/460 [00:59<00:35,  4.90it/s]
Epoch 11/30 [Train]:  63%|██████▎   | 288/460 [00:59<00:35,  4.86it/s]
Epoch 11/30 [Train]:  63%|██████▎   | 289/460 [00:59<00:35,  4.85it/s]
Epoch 11/30 [Train]:  63%|██████▎   | 290/460 [00:59<00:34,  4.89it/s]
Epoch 11/30 [Train]:  63%|██████▎   | 291/460 [01:00<00:34,  4.83it/s]
Epoch 11/30 [Train]:  63%|██████▎   | 292/460 [01:00<00:34,  4.85it/s]
Epoch 11/30 [Train]:  64%|██████▎   | 293/460 [01:00<00:34,  4.83it/s]
Epoch 11/30 [Train]:  64%|██████▍   | 294/460 [01:00<00:34,  4.79it/s]
Epoch 11/30 [Train]:  64%|██████▍   | 295/460 [01:01<00:34,  4.79it/s]
Epoch 11/30 [Train]:  64%|██████▍   | 296/460 [01:01<00:34,  4.81it/s]
Epoch 11/30 [Train]:  65%|██████▍   | 297/460 [01:01<00:33,  4.80it/s]
Epoch 11/30 [Train]:  65%|██████▍   | 298/460 [01:01<00:33,  4.79it/s]
Epoch 11/30 [Train]:  65%|██████▌   | 299/460 [01:01<00:33,  4.81it/s]
Epoch 11/30 [Train]:  65%|██████▌   | 300/460 [01:02<00:33,  4.84it/s]
Epoch 11/30 [Train]:  65%|██████▌   | 301/460 [01:02<00:32,  4.85it/s]
Epoch 11/30 [Train]:  66%|██████▌   | 302/460 [01:02<00:32,  4.88it/s]
Epoch 11/30 [Train]:  66%|██████▌   | 303/460 [01:02<00:31,  4.92it/s]
Epoch 11/30 [Train]:  66%|██████▌   | 304/460 [01:02<00:31,  4.91it/s]
Epoch 11/30 [Train]:  66%|██████▋   | 305/460 [01:03<00:31,  4.90it/s]
Epoch 11/30 [Train]:  67%|██████▋   | 306/460 [01:03<00:31,  4.88it/s]
Epoch 11/30 [Train]:  67%|██████▋   | 307/460 [01:03<00:31,  4.87it/s]
Epoch 11/30 [Train]:  67%|██████▋   | 308/460 [01:03<00:31,  4.88it/s]
Epoch 11/30 [Train]:  67%|██████▋   | 309/460 [01:03<00:30,  4.89it/s]
Epoch 11/30 [Train]:  67%|██████▋   | 310/460 [01:04<00:30,  4.88it/s]
Epoch 11/30 [Train]:  68%|██████▊   | 311/460 [01:04<00:30,  4.85it/s]
Epoch 11/30 [Train]:  68%|██████▊   | 312/460 [01:04<00:30,  4.87it/s]
Epoch 11/30 [Train]:  68%|██████▊   | 313/460 [01:04<00:30,  4.87it/s]
Epoch 11/30 [Train]:  68%|██████▊   | 314/460 [01:04<00:29,  4.89it/s]
Epoch 11/30 [Train]:  68%|██████▊   | 315/460 [01:05<00:29,  4.90it/s]
Epoch 11/30 [Train]:  69%|██████▊   | 316/460 [01:05<00:29,  4.92it/s]
Epoch 11/30 [Train]:  69%|██████▉   | 317/460 [01:05<00:29,  4.93it/s]
Epoch 11/30 [Train]:  69%|██████▉   | 318/460 [01:05<00:28,  4.92it/s]
Epoch 11/30 [Train]:  69%|██████▉   | 319/460 [01:05<00:28,  4.88it/s]
Epoch 11/30 [Train]:  70%|██████▉   | 320/460 [01:06<00:28,  4.86it/s]
Epoch 11/30 [Train]:  70%|██████▉   | 321/460 [01:06<00:28,  4.84it/s]
Epoch 11/30 [Train]:  70%|███████   | 322/460 [01:06<00:28,  4.84it/s]
Epoch 11/30 [Train]:  70%|███████   | 323/460 [01:06<00:28,  4.86it/s]
Epoch 11/30 [Train]:  70%|███████   | 324/460 [01:06<00:27,  4.88it/s]
Epoch 11/30 [Train]:  71%|███████   | 325/460 [01:07<00:27,  4.88it/s]
Epoch 11/30 [Train]:  71%|███████   | 326/460 [01:07<00:27,  4.90it/s]
Epoch 11/30 [Train]:  71%|███████   | 327/460 [01:07<00:27,  4.92it/s]
Epoch 11/30 [Train]:  71%|███████▏  | 328/460 [01:07<00:26,  4.91it/s]
Epoch 11/30 [Train]:  72%|███████▏  | 329/460 [01:07<00:26,  4.93it/s]
Epoch 11/30 [Train]:  72%|███████▏  | 330/460 [01:08<00:27,  4.80it/s]
Epoch 11/30 [Train]:  72%|███████▏  | 331/460 [01:08<00:26,  4.85it/s]
Epoch 11/30 [Train]:  72%|███████▏  | 332/460 [01:08<00:26,  4.88it/s]
Epoch 11/30 [Train]:  72%|███████▏  | 333/460 [01:08<00:25,  4.92it/s]
Epoch 11/30 [Train]:  73%|███████▎  | 334/460 [01:09<00:25,  4.89it/s]
Epoch 11/30 [Train]:  73%|███████▎  | 335/460 [01:09<00:25,  4.87it/s]
Epoch 11/30 [Train]:  73%|███████▎  | 336/460 [01:09<00:25,  4.89it/s]
Epoch 11/30 [Train]:  73%|███████▎  | 337/460 [01:09<00:25,  4.89it/s]
Epoch 11/30 [Train]:  73%|███████▎  | 338/460 [01:09<00:24,  4.90it/s]
Epoch 11/30 [Train]:  74%|███████▎  | 339/460 [01:10<00:24,  4.91it/s]
Epoch 11/30 [Train]:  74%|███████▍  | 340/460 [01:10<00:24,  4.89it/s]
Epoch 11/30 [Train]:  74%|███████▍  | 341/460 [01:10<00:24,  4.78it/s]
Epoch 11/30 [Train]:  74%|███████▍  | 342/460 [01:10<00:24,  4.79it/s]
Epoch 11/30 [Train]:  75%|███████▍  | 343/460 [01:10<00:24,  4.80it/s]
Epoch 11/30 [Train]:  75%|███████▍  | 344/460 [01:11<00:24,  4.83it/s]
Epoch 11/30 [Train]:  75%|███████▌  | 345/460 [01:11<00:23,  4.87it/s]
Epoch 11/30 [Train]:  75%|███████▌  | 346/460 [01:11<00:23,  4.89it/s]
Epoch 11/30 [Train]:  75%|███████▌  | 347/460 [01:11<00:23,  4.89it/s]
Epoch 11/30 [Train]:  76%|███████▌  | 348/460 [01:11<00:22,  4.92it/s]
Epoch 11/30 [Train]:  76%|███████▌  | 349/460 [01:12<00:22,  4.93it/s]
Epoch 11/30 [Train]:  76%|███████▌  | 350/460 [01:12<00:22,  4.87it/s]
Epoch 11/30 [Train]:  76%|███████▋  | 351/460 [01:12<00:22,  4.87it/s]
Epoch 11/30 [Train]:  77%|███████▋  | 352/460 [01:12<00:22,  4.86it/s]
Epoch 11/30 [Train]:  77%|███████▋  | 353/460 [01:12<00:21,  4.87it/s]
Epoch 11/30 [Train]:  77%|███████▋  | 354/460 [01:13<00:21,  4.87it/s]
Epoch 11/30 [Train]:  77%|███████▋  | 355/460 [01:13<00:21,  4.86it/s]
Epoch 11/30 [Train]:  77%|███████▋  | 356/460 [01:13<00:21,  4.81it/s]
Epoch 11/30 [Train]:  78%|███████▊  | 357/460 [01:13<00:21,  4.83it/s]
Epoch 11/30 [Train]:  78%|███████▊  | 358/460 [01:13<00:21,  4.82it/s]
Epoch 11/30 [Train]:  78%|███████▊  | 359/460 [01:14<00:20,  4.84it/s]
Epoch 11/30 [Train]:  78%|███████▊  | 360/460 [01:14<00:20,  4.84it/s]
Epoch 11/30 [Train]:  78%|███████▊  | 361/460 [01:14<00:20,  4.90it/s]
Epoch 11/30 [Train]:  79%|███████▊  | 362/460 [01:14<00:19,  4.91it/s]
Epoch 11/30 [Train]:  79%|███████▉  | 363/460 [01:14<00:19,  4.93it/s]
Epoch 11/30 [Train]:  79%|███████▉  | 364/460 [01:15<00:19,  4.87it/s]
Epoch 11/30 [Train]:  79%|███████▉  | 365/460 [01:15<00:19,  4.89it/s]
Epoch 11/30 [Train]:  80%|███████▉  | 366/460 [01:15<00:19,  4.88it/s]
Epoch 11/30 [Train]:  80%|███████▉  | 367/460 [01:15<00:18,  4.91it/s]
Epoch 11/30 [Train]:  80%|████████  | 368/460 [01:15<00:18,  4.91it/s]
Epoch 11/30 [Train]:  80%|████████  | 369/460 [01:16<00:18,  4.92it/s]
Epoch 11/30 [Train]:  80%|████████  | 370/460 [01:16<00:18,  4.91it/s]
Epoch 11/30 [Train]:  81%|████████  | 371/460 [01:16<00:18,  4.92it/s]
Epoch 11/30 [Train]:  81%|████████  | 372/460 [01:16<00:17,  4.90it/s]
Epoch 11/30 [Train]:  81%|████████  | 373/460 [01:17<00:17,  4.93it/s]
Epoch 11/30 [Train]:  81%|████████▏ | 374/460 [01:17<00:17,  4.95it/s]
Epoch 11/30 [Train]:  82%|████████▏ | 375/460 [01:17<00:17,  4.93it/s]
Epoch 11/30 [Train]:  82%|████████▏ | 376/460 [01:17<00:17,  4.90it/s]
Epoch 11/30 [Train]:  82%|████████▏ | 377/460 [01:17<00:16,  4.90it/s]
Epoch 11/30 [Train]:  82%|████████▏ | 378/460 [01:18<00:16,  4.89it/s]
Epoch 11/30 [Train]:  82%|████████▏ | 379/460 [01:18<00:16,  4.87it/s]
Epoch 11/30 [Train]:  83%|████████▎ | 380/460 [01:18<00:16,  4.87it/s]
Epoch 11/30 [Train]:  83%|████████▎ | 381/460 [01:18<00:16,  4.88it/s]
Epoch 11/30 [Train]:  83%|████████▎ | 382/460 [01:18<00:16,  4.86it/s]
Epoch 11/30 [Train]:  83%|████████▎ | 383/460 [01:19<00:15,  4.87it/s]
Epoch 11/30 [Train]:  83%|████████▎ | 384/460 [01:19<00:15,  4.88it/s]
Epoch 11/30 [Train]:  84%|████████▎ | 385/460 [01:19<00:15,  4.84it/s]
Epoch 11/30 [Train]:  84%|████████▍ | 386/460 [01:19<00:15,  4.83it/s]
Epoch 11/30 [Train]:  84%|████████▍ | 387/460 [01:19<00:15,  4.81it/s]
Epoch 11/30 [Train]:  84%|████████▍ | 388/460 [01:20<00:14,  4.85it/s]
Epoch 11/30 [Train]:  85%|████████▍ | 389/460 [01:20<00:14,  4.86it/s]
Epoch 11/30 [Train]:  85%|████████▍ | 390/460 [01:20<00:14,  4.72it/s]
Epoch 11/30 [Train]:  85%|████████▌ | 391/460 [01:20<00:14,  4.69it/s]
Epoch 11/30 [Train]:  85%|████████▌ | 392/460 [01:20<00:14,  4.65it/s]
Epoch 11/30 [Train]:  85%|████████▌ | 393/460 [01:21<00:14,  4.66it/s]
Epoch 11/30 [Train]:  86%|████████▌ | 394/460 [01:21<00:14,  4.64it/s]
Epoch 11/30 [Train]:  86%|████████▌ | 395/460 [01:21<00:14,  4.64it/s]
Epoch 11/30 [Train]:  86%|████████▌ | 396/460 [01:21<00:13,  4.63it/s]
Epoch 11/30 [Train]:  86%|████████▋ | 397/460 [01:22<00:13,  4.63it/s]
Epoch 11/30 [Train]:  87%|████████▋ | 398/460 [01:22<00:13,  4.68it/s]
Epoch 11/30 [Train]:  87%|████████▋ | 399/460 [01:22<00:13,  4.61it/s]
Epoch 11/30 [Train]:  87%|████████▋ | 400/460 [01:22<00:12,  4.67it/s]
Epoch 11/30 [Train]:  87%|████████▋ | 401/460 [01:22<00:12,  4.69it/s]
Epoch 11/30 [Train]:  87%|████████▋ | 402/460 [01:23<00:12,  4.71it/s]
Epoch 11/30 [Train]:  88%|████████▊ | 403/460 [01:23<00:12,  4.72it/s]
Epoch 11/30 [Train]:  88%|████████▊ | 404/460 [01:23<00:11,  4.72it/s]
Epoch 11/30 [Train]:  88%|████████▊ | 405/460 [01:23<00:11,  4.75it/s]
Epoch 11/30 [Train]:  88%|████████▊ | 406/460 [01:23<00:11,  4.76it/s]
Epoch 11/30 [Train]:  88%|████████▊ | 407/460 [01:24<00:11,  4.77it/s]
Epoch 11/30 [Train]:  89%|████████▊ | 408/460 [01:24<00:10,  4.78it/s]
Epoch 11/30 [Train]:  89%|████████▉ | 409/460 [01:24<00:10,  4.75it/s]
Epoch 11/30 [Train]:  89%|████████▉ | 410/460 [01:24<00:10,  4.77it/s]
Epoch 11/30 [Train]:  89%|████████▉ | 411/460 [01:24<00:10,  4.76it/s]
Epoch 11/30 [Train]:  90%|████████▉ | 412/460 [01:25<00:10,  4.79it/s]
Epoch 11/30 [Train]:  90%|████████▉ | 413/460 [01:25<00:09,  4.77it/s]
Epoch 11/30 [Train]:  90%|█████████ | 414/460 [01:25<00:09,  4.78it/s]
Epoch 11/30 [Train]:  90%|█████████ | 415/460 [01:25<00:09,  4.78it/s]
Epoch 11/30 [Train]:  90%|█████████ | 416/460 [01:26<00:09,  4.75it/s]
Epoch 11/30 [Train]:  91%|█████████ | 417/460 [01:26<00:09,  4.75it/s]
Epoch 11/30 [Train]:  91%|█████████ | 418/460 [01:26<00:08,  4.77it/s]
Epoch 11/30 [Train]:  91%|█████████ | 419/460 [01:26<00:08,  4.75it/s]
Epoch 11/30 [Train]:  91%|█████████▏| 420/460 [01:26<00:08,  4.73it/s]
Epoch 11/30 [Train]:  92%|█████████▏| 421/460 [01:27<00:08,  4.73it/s]
Epoch 11/30 [Train]:  92%|█████████▏| 422/460 [01:27<00:07,  4.76it/s]
Epoch 11/30 [Train]:  92%|█████████▏| 423/460 [01:27<00:07,  4.77it/s]
Epoch 11/30 [Train]:  92%|█████████▏| 424/460 [01:27<00:07,  4.76it/s]
Epoch 11/30 [Train]:  92%|█████████▏| 425/460 [01:27<00:07,  4.76it/s]
Epoch 11/30 [Train]:  93%|█████████▎| 426/460 [01:28<00:07,  4.78it/s]
Epoch 11/30 [Train]:  93%|█████████▎| 427/460 [01:28<00:06,  4.77it/s]
Epoch 11/30 [Train]:  93%|█████████▎| 428/460 [01:28<00:06,  4.74it/s]
Epoch 11/30 [Train]:  93%|█████████▎| 429/460 [01:28<00:06,  4.75it/s]
Epoch 11/30 [Train]:  93%|█████████▎| 430/460 [01:28<00:06,  4.76it/s]
Epoch 11/30 [Train]:  94%|█████████▎| 431/460 [01:29<00:06,  4.77it/s]
Epoch 11/30 [Train]:  94%|█████████▍| 432/460 [01:29<00:05,  4.79it/s]
Epoch 11/30 [Train]:  94%|█████████▍| 433/460 [01:29<00:05,  4.77it/s]
Epoch 11/30 [Train]:  94%|█████████▍| 434/460 [01:29<00:05,  4.74it/s]
Epoch 11/30 [Train]:  95%|█████████▍| 435/460 [01:30<00:05,  4.73it/s]
Epoch 11/30 [Train]:  95%|█████████▍| 436/460 [01:30<00:05,  4.70it/s]
Epoch 11/30 [Train]:  95%|█████████▌| 437/460 [01:30<00:04,  4.67it/s]
Epoch 11/30 [Train]:  95%|█████████▌| 438/460 [01:30<00:04,  4.65it/s]
Epoch 11/30 [Train]:  95%|█████████▌| 439/460 [01:30<00:04,  4.63it/s]
Epoch 11/30 [Train]:  96%|█████████▌| 440/460 [01:31<00:04,  4.61it/s]
Epoch 11/30 [Train]:  96%|█████████▌| 441/460 [01:31<00:04,  4.62it/s]
Epoch 11/30 [Train]:  96%|█████████▌| 442/460 [01:31<00:03,  4.62it/s]
Epoch 11/30 [Train]:  96%|█████████▋| 443/460 [01:31<00:03,  4.65it/s]
Epoch 11/30 [Train]:  97%|█████████▋| 444/460 [01:31<00:03,  4.68it/s]
Epoch 11/30 [Train]:  97%|█████████▋| 445/460 [01:32<00:03,  4.69it/s]
Epoch 11/30 [Train]:  97%|█████████▋| 446/460 [01:32<00:02,  4.71it/s]
Epoch 11/30 [Train]:  97%|█████████▋| 447/460 [01:32<00:02,  4.72it/s]
Epoch 11/30 [Train]:  97%|█████████▋| 448/460 [01:32<00:02,  4.67it/s]
Epoch 11/30 [Train]:  98%|█████████▊| 449/460 [01:33<00:02,  4.70it/s]
Epoch 11/30 [Train]:  98%|█████████▊| 450/460 [01:33<00:02,  4.71it/s]
Epoch 11/30 [Train]:  98%|█████████▊| 451/460 [01:33<00:01,  4.74it/s]
Epoch 11/30 [Train]:  98%|█████████▊| 452/460 [01:33<00:01,  4.72it/s]
Epoch 11/30 [Train]:  98%|█████████▊| 453/460 [01:33<00:01,  4.68it/s]
Epoch 11/30 [Train]:  99%|█████████▊| 454/460 [01:34<00:01,  4.67it/s]
Epoch 11/30 [Train]:  99%|█████████▉| 455/460 [01:34<00:01,  4.67it/s]
Epoch 11/30 [Train]:  99%|█████████▉| 456/460 [01:34<00:00,  4.71it/s]
Epoch 11/30 [Train]:  99%|█████████▉| 457/460 [01:34<00:00,  4.69it/s]
Epoch 11/30 [Train]: 100%|█████████▉| 458/460 [01:34<00:00,  4.69it/s]
Epoch 11/30 [Train]: 100%|█████████▉| 459/460 [01:35<00:00,  4.73it/s]
Epoch 11/30 [Train]: 100%|██████████| 460/460 [01:35<00:00,  5.31it/s]
                                                                      

Epoch 12/30 [Train]:   0%|          | 0/460 [00:00<?, ?it/s]
Epoch 12/30 [Train]:   0%|          | 1/460 [00:00<01:39,  4.63it/s]
Epoch 12/30 [Train]:   0%|          | 2/460 [00:00<01:37,  4.71it/s]
Epoch 12/30 [Train]:   1%|          | 3/460 [00:00<01:38,  4.64it/s]
Epoch 12/30 [Train]:   1%|          | 4/460 [00:00<01:38,  4.64it/s]
Epoch 12/30 [Train]:   1%|          | 5/460 [00:01<01:36,  4.71it/s]
Epoch 12/30 [Train]:   1%|▏         | 6/460 [00:01<01:35,  4.75it/s]
Epoch 12/30 [Train]:   2%|▏         | 7/460 [00:01<01:34,  4.77it/s]
Epoch 12/30 [Train]:   2%|▏         | 8/460 [00:01<01:35,  4.75it/s]
Epoch 12/30 [Train]:   2%|▏         | 9/460 [00:01<01:35,  4.71it/s]
Epoch 12/30 [Train]:   2%|▏         | 10/460 [00:02<01:34,  4.74it/s]
Epoch 12/30 [Train]:   2%|▏         | 11/460 [00:02<01:34,  4.75it/s]
Epoch 12/30 [Train]:   3%|▎         | 12/460 [00:02<01:34,  4.75it/s]
Epoch 12/30 [Train]:   3%|▎         | 13/460 [00:02<01:34,  4.73it/s]
Epoch 12/30 [Train]:   3%|▎         | 14/460 [00:02<01:34,  4.73it/s]
Epoch 12/30 [Train]:   3%|▎         | 15/460 [00:03<01:33,  4.76it/s]
Epoch 12/30 [Train]:   3%|▎         | 16/460 [00:03<01:33,  4.75it/s]
Epoch 12/30 [Train]:   4%|▎         | 17/460 [00:03<01:33,  4.71it/s]
Epoch 12/30 [Train]:   4%|▍         | 18/460 [00:03<01:34,  4.70it/s]
Epoch 12/30 [Train]:   4%|▍         | 19/460 [00:04<01:33,  4.73it/s]
Epoch 12/30 [Train]:   4%|▍         | 20/460 [00:04<01:32,  4.75it/s]
Epoch 12/30 [Train]:   5%|▍         | 21/460 [00:04<01:33,  4.72it/s]
Epoch 12/30 [Train]:   5%|▍         | 22/460 [00:04<01:33,  4.70it/s]
Epoch 12/30 [Train]:   5%|▌         | 23/460 [00:04<01:33,  4.69it/s]
Epoch 12/30 [Train]:   5%|▌         | 24/460 [00:05<01:32,  4.70it/s]
Epoch 12/30 [Train]:   5%|▌         | 25/460 [00:05<01:32,  4.72it/s]
Epoch 12/30 [Train]:   6%|▌         | 26/460 [00:05<01:32,  4.70it/s]
Epoch 12/30 [Train]:   6%|▌         | 27/460 [00:05<01:32,  4.70it/s]
Epoch 12/30 [Train]:   6%|▌         | 28/460 [00:05<01:33,  4.63it/s]
Epoch 12/30 [Train]:   6%|▋         | 29/460 [00:06<01:34,  4.56it/s]
Epoch 12/30 [Train]:   7%|▋         | 30/460 [00:06<01:33,  4.60it/s]
Epoch 12/30 [Train]:   7%|▋         | 31/460 [00:06<01:33,  4.60it/s]
Epoch 12/30 [Train]:   7%|▋         | 32/460 [00:06<01:32,  4.64it/s]
Epoch 12/30 [Train]:   7%|▋         | 33/460 [00:07<01:31,  4.66it/s]
Epoch 12/30 [Train]:   7%|▋         | 34/460 [00:07<01:31,  4.68it/s]
Epoch 12/30 [Train]:   8%|▊         | 35/460 [00:07<01:29,  4.72it/s]
Epoch 12/30 [Train]:   8%|▊         | 36/460 [00:07<01:28,  4.77it/s]
Epoch 12/30 [Train]:   8%|▊         | 37/460 [00:07<01:29,  4.73it/s]
Epoch 12/30 [Train]:   8%|▊         | 38/460 [00:08<01:29,  4.73it/s]
Epoch 12/30 [Train]:   8%|▊         | 39/460 [00:08<01:28,  4.74it/s]
Epoch 12/30 [Train]:   9%|▊         | 40/460 [00:08<01:28,  4.76it/s]
Epoch 12/30 [Train]:   9%|▉         | 41/460 [00:08<01:27,  4.77it/s]
Epoch 12/30 [Train]:   9%|▉         | 42/460 [00:08<01:27,  4.77it/s]
Epoch 12/30 [Train]:   9%|▉         | 43/460 [00:09<01:27,  4.78it/s]
Epoch 12/30 [Train]:  10%|▉         | 44/460 [00:09<01:27,  4.77it/s]
Epoch 12/30 [Train]:  10%|▉         | 45/460 [00:09<01:27,  4.77it/s]
Epoch 12/30 [Train]:  10%|█         | 46/460 [00:09<01:26,  4.77it/s]
Epoch 12/30 [Train]:  10%|█         | 47/460 [00:09<01:27,  4.72it/s]
Epoch 12/30 [Train]:  10%|█         | 48/460 [00:10<01:27,  4.73it/s]
Epoch 12/30 [Train]:  11%|█         | 49/460 [00:10<01:26,  4.73it/s]
Epoch 12/30 [Train]:  11%|█         | 50/460 [00:10<01:28,  4.64it/s]
Epoch 12/30 [Train]:  11%|█         | 51/460 [00:10<01:27,  4.65it/s]
Epoch 12/30 [Train]:  11%|█▏        | 52/460 [00:11<01:27,  4.65it/s]
Epoch 12/30 [Train]:  12%|█▏        | 53/460 [00:11<01:27,  4.64it/s]
Epoch 12/30 [Train]:  12%|█▏        | 54/460 [00:11<01:27,  4.63it/s]
Epoch 12/30 [Train]:  12%|█▏        | 55/460 [00:11<01:27,  4.64it/s]
Epoch 12/30 [Train]:  12%|█▏        | 56/460 [00:11<01:27,  4.64it/s]
Epoch 12/30 [Train]:  12%|█▏        | 57/460 [00:12<01:26,  4.68it/s]
Epoch 12/30 [Train]:  13%|█▎        | 58/460 [00:12<01:25,  4.73it/s]
Epoch 12/30 [Train]:  13%|█▎        | 59/460 [00:12<01:25,  4.69it/s]
Epoch 12/30 [Train]:  13%|█▎        | 60/460 [00:12<01:25,  4.69it/s]
Epoch 12/30 [Train]:  13%|█▎        | 61/460 [00:12<01:24,  4.71it/s]
Epoch 12/30 [Train]:  13%|█▎        | 62/460 [00:13<01:24,  4.70it/s]
Epoch 12/30 [Train]:  14%|█▎        | 63/460 [00:13<01:24,  4.72it/s]
Epoch 12/30 [Train]:  14%|█▍        | 64/460 [00:13<01:23,  4.73it/s]
Epoch 12/30 [Train]:  14%|█▍        | 65/460 [00:13<01:23,  4.72it/s]
Epoch 12/30 [Train]:  14%|█▍        | 66/460 [00:14<01:23,  4.70it/s]
Epoch 12/30 [Train]:  15%|█▍        | 67/460 [00:14<01:23,  4.71it/s]
Epoch 12/30 [Train]:  15%|█▍        | 68/460 [00:14<01:23,  4.70it/s]
Epoch 12/30 [Train]:  15%|█▌        | 69/460 [00:14<01:23,  4.69it/s]
Epoch 12/30 [Train]:  15%|█▌        | 70/460 [00:14<01:23,  4.67it/s]
Epoch 12/30 [Train]:  15%|█▌        | 71/460 [00:15<01:23,  4.64it/s]
Epoch 12/30 [Train]:  16%|█▌        | 72/460 [00:15<01:23,  4.63it/s]
Epoch 12/30 [Train]:  16%|█▌        | 73/460 [00:15<01:24,  4.59it/s]
Epoch 12/30 [Train]:  16%|█▌        | 74/460 [00:15<01:23,  4.62it/s]
Epoch 12/30 [Train]:  16%|█▋        | 75/460 [00:15<01:22,  4.65it/s]
Epoch 12/30 [Train]:  17%|█▋        | 76/460 [00:16<01:22,  4.66it/s]
Epoch 12/30 [Train]:  17%|█▋        | 77/460 [00:16<01:22,  4.66it/s]
Epoch 12/30 [Train]:  17%|█▋        | 78/460 [00:16<01:21,  4.70it/s]
Epoch 12/30 [Train]:  17%|█▋        | 79/460 [00:16<01:20,  4.72it/s]
Epoch 12/30 [Train]:  17%|█▋        | 80/460 [00:17<01:20,  4.72it/s]
Epoch 12/30 [Train]:  18%|█▊        | 81/460 [00:17<01:19,  4.74it/s]
Epoch 12/30 [Train]:  18%|█▊        | 82/460 [00:17<01:19,  4.73it/s]
Epoch 12/30 [Train]:  18%|█▊        | 83/460 [00:17<01:20,  4.69it/s]
Epoch 12/30 [Train]:  18%|█▊        | 84/460 [00:17<01:19,  4.72it/s]
Epoch 12/30 [Train]:  18%|█▊        | 85/460 [00:18<01:19,  4.74it/s]
Epoch 12/30 [Train]:  19%|█▊        | 86/460 [00:18<01:18,  4.75it/s]
Epoch 12/30 [Train]:  19%|█▉        | 87/460 [00:18<01:18,  4.75it/s]
Epoch 12/30 [Train]:  19%|█▉        | 88/460 [00:18<01:17,  4.78it/s]
Epoch 12/30 [Train]:  19%|█▉        | 89/460 [00:18<01:17,  4.77it/s]
Epoch 12/30 [Train]:  20%|█▉        | 90/460 [00:19<01:17,  4.75it/s]
Epoch 12/30 [Train]:  20%|█▉        | 91/460 [00:19<01:18,  4.72it/s]
Epoch 12/30 [Train]:  20%|██        | 92/460 [00:19<01:18,  4.71it/s]
Epoch 12/30 [Train]:  20%|██        | 93/460 [00:19<01:18,  4.67it/s]
Epoch 12/30 [Train]:  20%|██        | 94/460 [00:19<01:17,  4.69it/s]
Epoch 12/30 [Train]:  21%|██        | 95/460 [00:20<01:18,  4.68it/s]
Epoch 12/30 [Train]:  21%|██        | 96/460 [00:20<01:17,  4.68it/s]
Epoch 12/30 [Train]:  21%|██        | 97/460 [00:20<01:17,  4.70it/s]
Epoch 12/30 [Train]:  21%|██▏       | 98/460 [00:20<01:17,  4.69it/s]
Epoch 12/30 [Train]:  22%|██▏       | 99/460 [00:21<01:17,  4.69it/s]
Epoch 12/30 [Train]:  22%|██▏       | 100/460 [00:21<01:16,  4.71it/s]
Epoch 12/30 [Train]:  22%|██▏       | 101/460 [00:21<01:15,  4.74it/s]
Epoch 12/30 [Train]:  22%|██▏       | 102/460 [00:21<01:15,  4.75it/s]
Epoch 12/30 [Train]:  22%|██▏       | 103/460 [00:21<01:15,  4.73it/s]
Epoch 12/30 [Train]:  23%|██▎       | 104/460 [00:22<01:15,  4.70it/s]
Epoch 12/30 [Train]:  23%|██▎       | 105/460 [00:22<01:15,  4.70it/s]
Epoch 12/30 [Train]:  23%|██▎       | 106/460 [00:22<01:16,  4.65it/s]
Epoch 12/30 [Train]:  23%|██▎       | 107/460 [00:22<01:16,  4.64it/s]
Epoch 12/30 [Train]:  23%|██▎       | 108/460 [00:22<01:15,  4.65it/s]
Epoch 12/30 [Train]:  24%|██▎       | 109/460 [00:23<01:15,  4.66it/s]
Epoch 12/30 [Train]:  24%|██▍       | 110/460 [00:23<01:15,  4.66it/s]
Epoch 12/30 [Train]:  24%|██▍       | 111/460 [00:23<01:14,  4.70it/s]
Epoch 12/30 [Train]:  24%|██▍       | 112/460 [00:23<01:13,  4.71it/s]
Epoch 12/30 [Train]:  25%|██▍       | 113/460 [00:24<01:13,  4.73it/s]
Epoch 12/30 [Train]:  25%|██▍       | 114/460 [00:24<01:13,  4.72it/s]
Epoch 12/30 [Train]:  25%|██▌       | 115/460 [00:24<01:13,  4.71it/s]
Epoch 12/30 [Train]:  25%|██▌       | 116/460 [00:24<01:13,  4.67it/s]
Epoch 12/30 [Train]:  25%|██▌       | 117/460 [00:24<01:13,  4.67it/s]
Epoch 12/30 [Train]:  26%|██▌       | 118/460 [00:25<01:13,  4.67it/s]
Epoch 12/30 [Train]:  26%|██▌       | 119/460 [00:25<01:13,  4.67it/s]
Epoch 12/30 [Train]:  26%|██▌       | 120/460 [00:25<01:13,  4.65it/s]
Epoch 12/30 [Train]:  26%|██▋       | 121/460 [00:25<01:12,  4.67it/s]
Epoch 12/30 [Train]:  27%|██▋       | 122/460 [00:25<01:12,  4.69it/s]
Epoch 12/30 [Train]:  27%|██▋       | 123/460 [00:26<01:11,  4.70it/s]
Epoch 12/30 [Train]:  27%|██▋       | 124/460 [00:26<01:11,  4.69it/s]
Epoch 12/30 [Train]:  27%|██▋       | 125/460 [00:26<01:11,  4.67it/s]
Epoch 12/30 [Train]:  27%|██▋       | 126/460 [00:26<01:11,  4.66it/s]
Epoch 12/30 [Train]:  28%|██▊       | 127/460 [00:27<01:11,  4.66it/s]
Epoch 12/30 [Train]:  28%|██▊       | 128/460 [00:27<01:10,  4.69it/s]
Epoch 12/30 [Train]:  28%|██▊       | 129/460 [00:27<01:10,  4.71it/s]
Epoch 12/30 [Train]:  28%|██▊       | 130/460 [00:27<01:10,  4.69it/s]
Epoch 12/30 [Train]:  28%|██▊       | 131/460 [00:27<01:10,  4.69it/s]
Epoch 12/30 [Train]:  29%|██▊       | 132/460 [00:28<01:09,  4.70it/s]
Epoch 12/30 [Train]:  29%|██▉       | 133/460 [00:28<01:09,  4.71it/s]
Epoch 12/30 [Train]:  29%|██▉       | 134/460 [00:28<01:09,  4.72it/s]
Epoch 12/30 [Train]:  29%|██▉       | 135/460 [00:28<01:09,  4.71it/s]
Epoch 12/30 [Train]:  30%|██▉       | 136/460 [00:28<01:08,  4.71it/s]
Epoch 12/30 [Train]:  30%|██▉       | 137/460 [00:29<01:08,  4.72it/s]
Epoch 12/30 [Train]:  30%|███       | 138/460 [00:29<01:08,  4.71it/s]
Epoch 12/30 [Train]:  30%|███       | 139/460 [00:29<01:08,  4.71it/s]
Epoch 12/30 [Train]:  30%|███       | 140/460 [00:29<01:07,  4.71it/s]
Epoch 12/30 [Train]:  31%|███       | 141/460 [00:30<01:08,  4.66it/s]
Epoch 12/30 [Train]:  31%|███       | 142/460 [00:30<01:07,  4.70it/s]
Epoch 12/30 [Train]:  31%|███       | 143/460 [00:30<01:07,  4.69it/s]
Epoch 12/30 [Train]:  31%|███▏      | 144/460 [00:30<01:06,  4.72it/s]
Epoch 12/30 [Train]:  32%|███▏      | 145/460 [00:30<01:06,  4.72it/s]
Epoch 12/30 [Train]:  32%|███▏      | 146/460 [00:31<01:06,  4.74it/s]
Epoch 12/30 [Train]:  32%|███▏      | 147/460 [00:31<01:06,  4.74it/s]
Epoch 12/30 [Train]:  32%|███▏      | 148/460 [00:31<01:05,  4.73it/s]
Epoch 12/30 [Train]:  32%|███▏      | 149/460 [00:31<01:05,  4.71it/s]
Epoch 12/30 [Train]:  33%|███▎      | 150/460 [00:31<01:05,  4.73it/s]
Epoch 12/30 [Train]:  33%|███▎      | 151/460 [00:32<01:05,  4.73it/s]
Epoch 12/30 [Train]:  33%|███▎      | 152/460 [00:32<01:04,  4.76it/s]
Epoch 12/30 [Train]:  33%|███▎      | 153/460 [00:32<01:04,  4.74it/s]
Epoch 12/30 [Train]:  33%|███▎      | 154/460 [00:32<01:04,  4.71it/s]
Epoch 12/30 [Train]:  34%|███▎      | 155/460 [00:32<01:04,  4.71it/s]
Epoch 12/30 [Train]:  34%|███▍      | 156/460 [00:33<01:05,  4.67it/s]
Epoch 12/30 [Train]:  34%|███▍      | 157/460 [00:33<01:04,  4.69it/s]
Epoch 12/30 [Train]:  34%|███▍      | 158/460 [00:33<01:04,  4.67it/s]
Epoch 12/30 [Train]:  35%|███▍      | 159/460 [00:33<01:03,  4.70it/s]
Epoch 12/30 [Train]:  35%|███▍      | 160/460 [00:34<01:03,  4.69it/s]
Epoch 12/30 [Train]:  35%|███▌      | 161/460 [00:34<01:03,  4.71it/s]
Epoch 12/30 [Train]:  35%|███▌      | 162/460 [00:34<01:03,  4.68it/s]
Epoch 12/30 [Train]:  35%|███▌      | 163/460 [00:34<01:03,  4.66it/s]
Epoch 12/30 [Train]:  36%|███▌      | 164/460 [00:34<01:03,  4.66it/s]
Epoch 12/30 [Train]:  36%|███▌      | 165/460 [00:35<01:03,  4.68it/s]
Epoch 12/30 [Train]:  36%|███▌      | 166/460 [00:35<01:03,  4.64it/s]
Epoch 12/30 [Train]:  36%|███▋      | 167/460 [00:35<01:03,  4.61it/s]
Epoch 12/30 [Train]:  37%|███▋      | 168/460 [00:35<01:03,  4.63it/s]
Epoch 12/30 [Train]:  37%|███▋      | 169/460 [00:35<01:02,  4.63it/s]
Epoch 12/30 [Train]:  37%|███▋      | 170/460 [00:36<01:03,  4.60it/s]
Epoch 12/30 [Train]:  37%|███▋      | 171/460 [00:36<01:02,  4.63it/s]
Epoch 12/30 [Train]:  37%|███▋      | 172/460 [00:36<01:01,  4.66it/s]
Epoch 12/30 [Train]:  38%|███▊      | 173/460 [00:36<01:01,  4.67it/s]
Epoch 12/30 [Train]:  38%|███▊      | 174/460 [00:37<01:00,  4.70it/s]
Epoch 12/30 [Train]:  38%|███▊      | 175/460 [00:37<01:00,  4.72it/s]
Epoch 12/30 [Train]:  38%|███▊      | 176/460 [00:37<01:00,  4.72it/s]
Epoch 12/30 [Train]:  38%|███▊      | 177/460 [00:37<00:59,  4.73it/s]
Epoch 12/30 [Train]:  39%|███▊      | 178/460 [00:37<00:59,  4.74it/s]
Epoch 12/30 [Train]:  39%|███▉      | 179/460 [00:38<00:59,  4.76it/s]
Epoch 12/30 [Train]:  39%|███▉      | 180/460 [00:38<00:58,  4.79it/s]
Epoch 12/30 [Train]:  39%|███▉      | 181/460 [00:38<00:58,  4.79it/s]
Epoch 12/30 [Train]:  40%|███▉      | 182/460 [00:38<00:58,  4.77it/s]
Epoch 12/30 [Train]:  40%|███▉      | 183/460 [00:38<00:58,  4.77it/s]
Epoch 12/30 [Train]:  40%|████      | 184/460 [00:39<00:58,  4.75it/s]
Epoch 12/30 [Train]:  40%|████      | 185/460 [00:39<00:58,  4.72it/s]
Epoch 12/30 [Train]:  40%|████      | 186/460 [00:39<00:58,  4.72it/s]
Epoch 12/30 [Train]:  41%|████      | 187/460 [00:39<00:57,  4.73it/s]
Epoch 12/30 [Train]:  41%|████      | 188/460 [00:39<00:57,  4.74it/s]
Epoch 12/30 [Train]:  41%|████      | 189/460 [00:40<00:57,  4.74it/s]
Epoch 12/30 [Train]:  41%|████▏     | 190/460 [00:40<00:56,  4.76it/s]
Epoch 12/30 [Train]:  42%|████▏     | 191/460 [00:40<00:56,  4.77it/s]
Epoch 12/30 [Train]:  42%|████▏     | 192/460 [00:40<00:56,  4.78it/s]
Epoch 12/30 [Train]:  42%|████▏     | 193/460 [00:41<00:55,  4.78it/s]
Epoch 12/30 [Train]:  42%|████▏     | 194/460 [00:41<00:55,  4.77it/s]
Epoch 12/30 [Train]:  42%|████▏     | 195/460 [00:41<00:55,  4.78it/s]
Epoch 12/30 [Train]:  43%|████▎     | 196/460 [00:41<00:55,  4.79it/s]
Epoch 12/30 [Train]:  43%|████▎     | 197/460 [00:41<00:54,  4.79it/s]
Epoch 12/30 [Train]:  43%|████▎     | 198/460 [00:42<00:54,  4.78it/s]
Epoch 12/30 [Train]:  43%|████▎     | 199/460 [00:42<00:54,  4.77it/s]
Epoch 12/30 [Train]:  43%|████▎     | 200/460 [00:42<00:54,  4.74it/s]
Epoch 12/30 [Train]:  44%|████▎     | 201/460 [00:42<00:54,  4.72it/s]
Epoch 12/30 [Train]:  44%|████▍     | 202/460 [00:42<00:54,  4.72it/s]
Epoch 12/30 [Train]:  44%|████▍     | 203/460 [00:43<00:54,  4.70it/s]
Epoch 12/30 [Train]:  44%|████▍     | 204/460 [00:43<00:54,  4.69it/s]
Epoch 12/30 [Train]:  45%|████▍     | 205/460 [00:43<00:54,  4.70it/s]
Epoch 12/30 [Train]:  45%|████▍     | 206/460 [00:43<00:54,  4.66it/s]
Epoch 12/30 [Train]:  45%|████▌     | 207/460 [00:44<00:54,  4.64it/s]
Epoch 12/30 [Train]:  45%|████▌     | 208/460 [00:44<00:54,  4.62it/s]
Epoch 12/30 [Train]:  45%|████▌     | 209/460 [00:44<00:54,  4.57it/s]
Epoch 12/30 [Train]:  46%|████▌     | 210/460 [00:44<00:54,  4.59it/s]
Epoch 12/30 [Train]:  46%|████▌     | 211/460 [00:44<00:53,  4.62it/s]
Epoch 12/30 [Train]:  46%|████▌     | 212/460 [00:45<00:53,  4.65it/s]
Epoch 12/30 [Train]:  46%|████▋     | 213/460 [00:45<00:52,  4.68it/s]
Epoch 12/30 [Train]:  47%|████▋     | 214/460 [00:45<00:52,  4.68it/s]
Epoch 12/30 [Train]:  47%|████▋     | 215/460 [00:45<00:52,  4.69it/s]
Epoch 12/30 [Train]:  47%|████▋     | 216/460 [00:45<00:51,  4.71it/s]
Epoch 12/30 [Train]:  47%|████▋     | 217/460 [00:46<00:51,  4.71it/s]
Epoch 12/30 [Train]:  47%|████▋     | 218/460 [00:46<00:51,  4.73it/s]
Epoch 12/30 [Train]:  48%|████▊     | 219/460 [00:46<00:50,  4.76it/s]
Epoch 12/30 [Train]:  48%|████▊     | 220/460 [00:46<00:50,  4.72it/s]
Epoch 12/30 [Train]:  48%|████▊     | 221/460 [00:46<00:50,  4.76it/s]
Epoch 12/30 [Train]:  48%|████▊     | 222/460 [00:47<00:50,  4.76it/s]
Epoch 12/30 [Train]:  48%|████▊     | 223/460 [00:47<00:49,  4.78it/s]
Epoch 12/30 [Train]:  49%|████▊     | 224/460 [00:47<00:49,  4.78it/s]
Epoch 12/30 [Train]:  49%|████▉     | 225/460 [00:47<00:49,  4.77it/s]
Epoch 12/30 [Train]:  49%|████▉     | 226/460 [00:48<00:49,  4.76it/s]
Epoch 12/30 [Train]:  49%|████▉     | 227/460 [00:48<00:48,  4.76it/s]
Epoch 12/30 [Train]:  50%|████▉     | 228/460 [00:48<00:48,  4.76it/s]
Epoch 12/30 [Train]:  50%|████▉     | 229/460 [00:48<00:48,  4.76it/s]
Epoch 12/30 [Train]:  50%|█████     | 230/460 [00:48<00:48,  4.78it/s]
Epoch 12/30 [Train]:  50%|█████     | 231/460 [00:49<00:48,  4.77it/s]
Epoch 12/30 [Train]:  50%|█████     | 232/460 [00:49<00:47,  4.77it/s]
Epoch 12/30 [Train]:  51%|█████     | 233/460 [00:49<00:47,  4.76it/s]
Epoch 12/30 [Train]:  51%|█████     | 234/460 [00:49<00:47,  4.76it/s]
Epoch 12/30 [Train]:  51%|█████     | 235/460 [00:49<00:47,  4.75it/s]
Epoch 12/30 [Train]:  51%|█████▏    | 236/460 [00:50<00:47,  4.75it/s]
Epoch 12/30 [Train]:  52%|█████▏    | 237/460 [00:50<00:47,  4.74it/s]
Epoch 12/30 [Train]:  52%|█████▏    | 238/460 [00:50<00:46,  4.75it/s]
Epoch 12/30 [Train]:  52%|█████▏    | 239/460 [00:50<00:46,  4.76it/s]
Epoch 12/30 [Train]:  52%|█████▏    | 240/460 [00:50<00:46,  4.77it/s]
Epoch 12/30 [Train]:  52%|█████▏    | 241/460 [00:51<00:46,  4.76it/s]
Epoch 12/30 [Train]:  53%|█████▎    | 242/460 [00:51<00:45,  4.74it/s]
Epoch 12/30 [Train]:  53%|█████▎    | 243/460 [00:51<00:45,  4.74it/s]
Epoch 12/30 [Train]:  53%|█████▎    | 244/460 [00:51<00:45,  4.70it/s]
Epoch 12/30 [Train]:  53%|█████▎    | 245/460 [00:52<00:46,  4.66it/s]
Epoch 12/30 [Train]:  53%|█████▎    | 246/460 [00:52<00:45,  4.67it/s]
Epoch 12/30 [Train]:  54%|█████▎    | 247/460 [00:52<00:45,  4.69it/s]
Epoch 12/30 [Train]:  54%|█████▍    | 248/460 [00:52<00:45,  4.68it/s]
Epoch 12/30 [Train]:  54%|█████▍    | 249/460 [00:52<00:44,  4.69it/s]
Epoch 12/30 [Train]:  54%|█████▍    | 250/460 [00:53<00:45,  4.65it/s]
Epoch 12/30 [Train]:  55%|█████▍    | 251/460 [00:53<00:44,  4.66it/s]
Epoch 12/30 [Train]:  55%|█████▍    | 252/460 [00:53<00:44,  4.65it/s]
Epoch 12/30 [Train]:  55%|█████▌    | 253/460 [00:53<00:44,  4.67it/s]
Epoch 12/30 [Train]:  55%|█████▌    | 254/460 [00:53<00:43,  4.68it/s]
Epoch 12/30 [Train]:  55%|█████▌    | 255/460 [00:54<00:43,  4.72it/s]
Epoch 12/30 [Train]:  56%|█████▌    | 256/460 [00:54<00:43,  4.68it/s]
Epoch 12/30 [Train]:  56%|█████▌    | 257/460 [00:54<00:43,  4.68it/s]
Epoch 12/30 [Train]:  56%|█████▌    | 258/460 [00:54<00:43,  4.69it/s]
Epoch 12/30 [Train]:  56%|█████▋    | 259/460 [00:55<00:42,  4.69it/s]
Epoch 12/30 [Train]:  57%|█████▋    | 260/460 [00:55<00:42,  4.67it/s]
Epoch 12/30 [Train]:  57%|█████▋    | 261/460 [00:55<00:42,  4.68it/s]
Epoch 12/30 [Train]:  57%|█████▋    | 262/460 [00:55<00:42,  4.65it/s]
Epoch 12/30 [Train]:  57%|█████▋    | 263/460 [00:55<00:42,  4.60it/s]
Epoch 12/30 [Train]:  57%|█████▋    | 264/460 [00:56<00:42,  4.61it/s]
Epoch 12/30 [Train]:  58%|█████▊    | 265/460 [00:56<00:42,  4.62it/s]
Epoch 12/30 [Train]:  58%|█████▊    | 266/460 [00:56<00:41,  4.62it/s]
Epoch 12/30 [Train]:  58%|█████▊    | 267/460 [00:56<00:41,  4.66it/s]
Epoch 12/30 [Train]:  58%|█████▊    | 268/460 [00:56<00:41,  4.64it/s]
Epoch 12/30 [Train]:  58%|█████▊    | 269/460 [00:57<00:41,  4.65it/s]
Epoch 12/30 [Train]:  59%|█████▊    | 270/460 [00:57<00:40,  4.69it/s]
Epoch 12/30 [Train]:  59%|█████▉    | 271/460 [00:57<00:40,  4.69it/s]
Epoch 12/30 [Train]:  59%|█████▉    | 272/460 [00:57<00:40,  4.70it/s]
Epoch 12/30 [Train]:  59%|█████▉    | 273/460 [00:58<00:39,  4.68it/s]
Epoch 12/30 [Train]:  60%|█████▉    | 274/460 [00:58<00:39,  4.70it/s]
Epoch 12/30 [Train]:  60%|█████▉    | 275/460 [00:58<00:39,  4.73it/s]
Epoch 12/30 [Train]:  60%|██████    | 276/460 [00:58<00:38,  4.77it/s]
Epoch 12/30 [Train]:  60%|██████    | 277/460 [00:58<00:38,  4.75it/s]
Epoch 12/30 [Train]:  60%|██████    | 278/460 [00:59<00:38,  4.74it/s]
Epoch 12/30 [Train]:  61%|██████    | 279/460 [00:59<00:38,  4.75it/s]
Epoch 12/30 [Train]:  61%|██████    | 280/460 [00:59<00:37,  4.77it/s]
Epoch 12/30 [Train]:  61%|██████    | 281/460 [00:59<00:37,  4.77it/s]
Epoch 12/30 [Train]:  61%|██████▏   | 282/460 [00:59<00:37,  4.78it/s]
Epoch 12/30 [Train]:  62%|██████▏   | 283/460 [01:00<00:36,  4.79it/s]
Epoch 12/30 [Train]:  62%|██████▏   | 284/460 [01:00<00:36,  4.78it/s]
Epoch 12/30 [Train]:  62%|██████▏   | 285/460 [01:00<00:36,  4.78it/s]
Epoch 12/30 [Train]:  62%|██████▏   | 286/460 [01:00<00:36,  4.77it/s]
Epoch 12/30 [Train]:  62%|██████▏   | 287/460 [01:00<00:36,  4.75it/s]
Epoch 12/30 [Train]:  63%|██████▎   | 288/460 [01:01<00:36,  4.75it/s]
Epoch 12/30 [Train]:  63%|██████▎   | 289/460 [01:01<00:35,  4.79it/s]
Epoch 12/30 [Train]:  63%|██████▎   | 290/460 [01:01<00:35,  4.79it/s]
Epoch 12/30 [Train]:  63%|██████▎   | 291/460 [01:01<00:35,  4.80it/s]
Epoch 12/30 [Train]:  63%|██████▎   | 292/460 [01:02<00:35,  4.77it/s]
Epoch 12/30 [Train]:  64%|██████▎   | 293/460 [01:02<00:34,  4.79it/s]
Epoch 12/30 [Train]:  64%|██████▍   | 294/460 [01:02<00:34,  4.78it/s]
Epoch 12/30 [Train]:  64%|██████▍   | 295/460 [01:02<00:34,  4.78it/s]
Epoch 12/30 [Train]:  64%|██████▍   | 296/460 [01:02<00:34,  4.73it/s]
Epoch 12/30 [Train]:  65%|██████▍   | 297/460 [01:03<00:34,  4.74it/s]
Epoch 12/30 [Train]:  65%|██████▍   | 298/460 [01:03<00:34,  4.75it/s]
Epoch 12/30 [Train]:  65%|██████▌   | 299/460 [01:03<00:33,  4.77it/s]
Epoch 12/30 [Train]:  65%|██████▌   | 300/460 [01:03<00:33,  4.78it/s]
Epoch 12/30 [Train]:  65%|██████▌   | 301/460 [01:03<00:33,  4.79it/s]
Epoch 12/30 [Train]:  66%|██████▌   | 302/460 [01:04<00:33,  4.77it/s]
Epoch 12/30 [Train]:  66%|██████▌   | 303/460 [01:04<00:33,  4.72it/s]
Epoch 12/30 [Train]:  66%|██████▌   | 304/460 [01:04<00:33,  4.69it/s]
Epoch 12/30 [Train]:  66%|██████▋   | 305/460 [01:04<00:33,  4.67it/s]
Epoch 12/30 [Train]:  67%|██████▋   | 306/460 [01:04<00:33,  4.66it/s]
Epoch 12/30 [Train]:  67%|██████▋   | 307/460 [01:05<00:32,  4.69it/s]
Epoch 12/30 [Train]:  67%|██████▋   | 308/460 [01:05<00:32,  4.71it/s]
Epoch 12/30 [Train]:  67%|██████▋   | 309/460 [01:05<00:32,  4.69it/s]
Epoch 12/30 [Train]:  67%|██████▋   | 310/460 [01:05<00:31,  4.69it/s]
Epoch 12/30 [Train]:  68%|██████▊   | 311/460 [01:06<00:31,  4.71it/s]
Epoch 12/30 [Train]:  68%|██████▊   | 312/460 [01:06<00:31,  4.71it/s]
Epoch 12/30 [Train]:  68%|██████▊   | 313/460 [01:06<00:31,  4.74it/s]
Epoch 12/30 [Train]:  68%|██████▊   | 314/460 [01:06<00:30,  4.75it/s]
Epoch 12/30 [Train]:  68%|██████▊   | 315/460 [01:06<00:30,  4.73it/s]
Epoch 12/30 [Train]:  69%|██████▊   | 316/460 [01:07<00:30,  4.71it/s]
Epoch 12/30 [Train]:  69%|██████▉   | 317/460 [01:07<00:30,  4.72it/s]
Epoch 12/30 [Train]:  69%|██████▉   | 318/460 [01:07<00:30,  4.68it/s]
Epoch 12/30 [Train]:  69%|██████▉   | 319/460 [01:07<00:30,  4.67it/s]
Epoch 12/30 [Train]:  70%|██████▉   | 320/460 [01:07<00:30,  4.64it/s]
Epoch 12/30 [Train]:  70%|██████▉   | 321/460 [01:08<00:30,  4.55it/s]
Epoch 12/30 [Train]:  70%|███████   | 322/460 [01:08<00:30,  4.56it/s]
Epoch 12/30 [Train]:  70%|███████   | 323/460 [01:08<00:30,  4.56it/s]
Epoch 12/30 [Train]:  70%|███████   | 324/460 [01:08<00:29,  4.63it/s]
Epoch 12/30 [Train]:  71%|███████   | 325/460 [01:09<00:29,  4.64it/s]
Epoch 12/30 [Train]:  71%|███████   | 326/460 [01:09<00:28,  4.65it/s]
Epoch 12/30 [Train]:  71%|███████   | 327/460 [01:09<00:28,  4.71it/s]
Epoch 12/30 [Train]:  71%|███████▏  | 328/460 [01:09<00:27,  4.72it/s]
Epoch 12/30 [Train]:  72%|███████▏  | 329/460 [01:09<00:27,  4.71it/s]
Epoch 12/30 [Train]:  72%|███████▏  | 330/460 [01:10<00:27,  4.71it/s]
Epoch 12/30 [Train]:  72%|███████▏  | 331/460 [01:10<00:27,  4.71it/s]
Epoch 12/30 [Train]:  72%|███████▏  | 332/460 [01:10<00:27,  4.69it/s]
Epoch 12/30 [Train]:  72%|███████▏  | 333/460 [01:10<00:26,  4.71it/s]
Epoch 12/30 [Train]:  73%|███████▎  | 334/460 [01:10<00:26,  4.70it/s]
Epoch 12/30 [Train]:  73%|███████▎  | 335/460 [01:11<00:26,  4.66it/s]
Epoch 12/30 [Train]:  73%|███████▎  | 336/460 [01:11<00:26,  4.67it/s]
Epoch 12/30 [Train]:  73%|███████▎  | 337/460 [01:11<00:26,  4.71it/s]
Epoch 12/30 [Train]:  73%|███████▎  | 338/460 [01:11<00:25,  4.72it/s]
Epoch 12/30 [Train]:  74%|███████▎  | 339/460 [01:12<00:25,  4.73it/s]
Epoch 12/30 [Train]:  74%|███████▍  | 340/460 [01:12<00:25,  4.73it/s]
Epoch 12/30 [Train]:  74%|███████▍  | 341/460 [01:12<00:25,  4.71it/s]
Epoch 12/30 [Train]:  74%|███████▍  | 342/460 [01:12<00:24,  4.73it/s]
Epoch 12/30 [Train]:  75%|███████▍  | 343/460 [01:12<00:24,  4.76it/s]
Epoch 12/30 [Train]:  75%|███████▍  | 344/460 [01:13<00:24,  4.77it/s]
Epoch 12/30 [Train]:  75%|███████▌  | 345/460 [01:13<00:23,  4.80it/s]
Epoch 12/30 [Train]:  75%|███████▌  | 346/460 [01:13<00:23,  4.76it/s]
Epoch 12/30 [Train]:  75%|███████▌  | 347/460 [01:13<00:23,  4.76it/s]
Epoch 12/30 [Train]:  76%|███████▌  | 348/460 [01:13<00:23,  4.76it/s]
Epoch 12/30 [Train]:  76%|███████▌  | 349/460 [01:14<00:23,  4.74it/s]
Epoch 12/30 [Train]:  76%|███████▌  | 350/460 [01:14<00:23,  4.72it/s]
Epoch 12/30 [Train]:  76%|███████▋  | 351/460 [01:14<00:23,  4.68it/s]
Epoch 12/30 [Train]:  77%|███████▋  | 352/460 [01:14<00:23,  4.63it/s]
Epoch 12/30 [Train]:  77%|███████▋  | 353/460 [01:15<00:23,  4.60it/s]
Epoch 12/30 [Train]:  77%|███████▋  | 354/460 [01:15<00:23,  4.61it/s]
Epoch 12/30 [Train]:  77%|███████▋  | 355/460 [01:15<00:23,  4.56it/s]
Epoch 12/30 [Train]:  77%|███████▋  | 356/460 [01:15<00:22,  4.59it/s]
Epoch 12/30 [Train]:  78%|███████▊  | 357/460 [01:15<00:22,  4.64it/s]
Epoch 12/30 [Train]:  78%|███████▊  | 358/460 [01:16<00:21,  4.66it/s]
Epoch 12/30 [Train]:  78%|███████▊  | 359/460 [01:16<00:21,  4.69it/s]
Epoch 12/30 [Train]:  78%|███████▊  | 360/460 [01:16<00:21,  4.71it/s]
Epoch 12/30 [Train]:  78%|███████▊  | 361/460 [01:16<00:20,  4.71it/s]
Epoch 12/30 [Train]:  79%|███████▊  | 362/460 [01:16<00:20,  4.73it/s]
Epoch 12/30 [Train]:  79%|███████▉  | 363/460 [01:17<00:20,  4.73it/s]
Epoch 12/30 [Train]:  79%|███████▉  | 364/460 [01:17<00:20,  4.76it/s]
Epoch 12/30 [Train]:  79%|███████▉  | 365/460 [01:17<00:19,  4.76it/s]
Epoch 12/30 [Train]:  80%|███████▉  | 366/460 [01:17<00:19,  4.73it/s]
Epoch 12/30 [Train]:  80%|███████▉  | 367/460 [01:17<00:19,  4.74it/s]
Epoch 12/30 [Train]:  80%|████████  | 368/460 [01:18<00:19,  4.74it/s]
Epoch 12/30 [Train]:  80%|████████  | 369/460 [01:18<00:19,  4.75it/s]
Epoch 12/30 [Train]:  80%|████████  | 370/460 [01:18<00:18,  4.75it/s]
Epoch 12/30 [Train]:  81%|████████  | 371/460 [01:18<00:18,  4.72it/s]
Epoch 12/30 [Train]:  81%|████████  | 372/460 [01:19<00:18,  4.72it/s]
Epoch 12/30 [Train]:  81%|████████  | 373/460 [01:19<00:18,  4.73it/s]
Epoch 12/30 [Train]:  81%|████████▏ | 374/460 [01:19<00:18,  4.77it/s]
Epoch 12/30 [Train]:  82%|████████▏ | 375/460 [01:19<00:17,  4.78it/s]
Epoch 12/30 [Train]:  82%|████████▏ | 376/460 [01:19<00:17,  4.77it/s]
Epoch 12/30 [Train]:  82%|████████▏ | 377/460 [01:20<00:17,  4.76it/s]
Epoch 12/30 [Train]:  82%|████████▏ | 378/460 [01:20<00:17,  4.78it/s]
Epoch 12/30 [Train]:  82%|████████▏ | 379/460 [01:20<00:16,  4.78it/s]
Epoch 12/30 [Train]:  83%|████████▎ | 380/460 [01:20<00:16,  4.77it/s]
Epoch 12/30 [Train]:  83%|████████▎ | 381/460 [01:20<00:16,  4.74it/s]
Epoch 12/30 [Train]:  83%|████████▎ | 382/460 [01:21<00:16,  4.76it/s]
Epoch 12/30 [Train]:  83%|████████▎ | 383/460 [01:21<00:16,  4.76it/s]
Epoch 12/30 [Train]:  83%|████████▎ | 384/460 [01:21<00:16,  4.75it/s]
Epoch 12/30 [Train]:  84%|████████▎ | 385/460 [01:21<00:15,  4.75it/s]
Epoch 12/30 [Train]:  84%|████████▍ | 386/460 [01:21<00:15,  4.77it/s]
Epoch 12/30 [Train]:  84%|████████▍ | 387/460 [01:22<00:15,  4.69it/s]
Epoch 12/30 [Train]:  84%|████████▍ | 388/460 [01:22<00:15,  4.71it/s]
Epoch 12/30 [Train]:  85%|████████▍ | 389/460 [01:22<00:15,  4.71it/s]
Epoch 12/30 [Train]:  85%|████████▍ | 390/460 [01:22<00:14,  4.71it/s]
Epoch 12/30 [Train]:  85%|████████▌ | 391/460 [01:23<00:14,  4.71it/s]
Epoch 12/30 [Train]:  85%|████████▌ | 392/460 [01:23<00:14,  4.72it/s]
Epoch 12/30 [Train]:  85%|████████▌ | 393/460 [01:23<00:14,  4.71it/s]
Epoch 12/30 [Train]:  86%|████████▌ | 394/460 [01:23<00:13,  4.73it/s]
Epoch 12/30 [Train]:  86%|████████▌ | 395/460 [01:23<00:13,  4.72it/s]
Epoch 12/30 [Train]:  86%|████████▌ | 396/460 [01:24<00:13,  4.73it/s]
Epoch 12/30 [Train]:  86%|████████▋ | 397/460 [01:24<00:13,  4.66it/s]
Epoch 12/30 [Train]:  87%|████████▋ | 398/460 [01:24<00:13,  4.66it/s]
Epoch 12/30 [Train]:  87%|████████▋ | 399/460 [01:24<00:13,  4.63it/s]
Epoch 12/30 [Train]:  87%|████████▋ | 400/460 [01:24<00:12,  4.64it/s]
Epoch 12/30 [Train]:  87%|████████▋ | 401/460 [01:25<00:12,  4.62it/s]
Epoch 12/30 [Train]:  87%|████████▋ | 402/460 [01:25<00:12,  4.67it/s]
Epoch 12/30 [Train]:  88%|████████▊ | 403/460 [01:25<00:12,  4.69it/s]
Epoch 12/30 [Train]:  88%|████████▊ | 404/460 [01:25<00:11,  4.71it/s]
Epoch 12/30 [Train]:  88%|████████▊ | 405/460 [01:26<00:11,  4.72it/s]
Epoch 12/30 [Train]:  88%|████████▊ | 406/460 [01:26<00:11,  4.73it/s]
Epoch 12/30 [Train]:  88%|████████▊ | 407/460 [01:26<00:11,  4.73it/s]
Epoch 12/30 [Train]:  89%|████████▊ | 408/460 [01:26<00:10,  4.74it/s]
Epoch 12/30 [Train]:  89%|████████▉ | 409/460 [01:26<00:10,  4.76it/s]
Epoch 12/30 [Train]:  89%|████████▉ | 410/460 [01:27<00:10,  4.75it/s]
Epoch 12/30 [Train]:  89%|████████▉ | 411/460 [01:27<00:10,  4.76it/s]
Epoch 12/30 [Train]:  90%|████████▉ | 412/460 [01:27<00:10,  4.75it/s]
Epoch 12/30 [Train]:  90%|████████▉ | 413/460 [01:27<00:09,  4.74it/s]
Epoch 12/30 [Train]:  90%|█████████ | 414/460 [01:27<00:09,  4.72it/s]
Epoch 12/30 [Train]:  90%|█████████ | 415/460 [01:28<00:09,  4.73it/s]
Epoch 12/30 [Train]:  90%|█████████ | 416/460 [01:28<00:09,  4.78it/s]
Epoch 12/30 [Train]:  91%|█████████ | 417/460 [01:28<00:09,  4.76it/s]
Epoch 12/30 [Train]:  91%|█████████ | 418/460 [01:28<00:08,  4.77it/s]
Epoch 12/30 [Train]:  91%|█████████ | 419/460 [01:28<00:08,  4.75it/s]
Epoch 12/30 [Train]:  91%|█████████▏| 420/460 [01:29<00:08,  4.74it/s]
Epoch 12/30 [Train]:  92%|█████████▏| 421/460 [01:29<00:08,  4.77it/s]
Epoch 12/30 [Train]:  92%|█████████▏| 422/460 [01:29<00:07,  4.76it/s]
Epoch 12/30 [Train]:  92%|█████████▏| 423/460 [01:29<00:07,  4.75it/s]
Epoch 12/30 [Train]:  92%|█████████▏| 424/460 [01:30<00:07,  4.72it/s]
Epoch 12/30 [Train]:  92%|█████████▏| 425/460 [01:30<00:07,  4.75it/s]
Epoch 12/30 [Train]:  93%|█████████▎| 426/460 [01:30<00:07,  4.77it/s]
Epoch 12/30 [Train]:  93%|█████████▎| 427/460 [01:30<00:06,  4.77it/s]
Epoch 12/30 [Train]:  93%|█████████▎| 428/460 [01:30<00:06,  4.76it/s]
Epoch 12/30 [Train]:  93%|█████████▎| 429/460 [01:31<00:06,  4.76it/s]
Epoch 12/30 [Train]:  93%|█████████▎| 430/460 [01:31<00:06,  4.76it/s]
Epoch 12/30 [Train]:  94%|█████████▎| 431/460 [01:31<00:06,  4.77it/s]
Epoch 12/30 [Train]:  94%|█████████▍| 432/460 [01:31<00:05,  4.75it/s]
Epoch 12/30 [Train]:  94%|█████████▍| 433/460 [01:31<00:05,  4.74it/s]
Epoch 12/30 [Train]:  94%|█████████▍| 434/460 [01:32<00:05,  4.73it/s]
Epoch 12/30 [Train]:  95%|█████████▍| 435/460 [01:32<00:05,  4.73it/s]
Epoch 12/30 [Train]:  95%|█████████▍| 436/460 [01:32<00:05,  4.76it/s]
Epoch 12/30 [Train]:  95%|█████████▌| 437/460 [01:32<00:04,  4.73it/s]
Epoch 12/30 [Train]:  95%|█████████▌| 438/460 [01:32<00:04,  4.76it/s]
Epoch 12/30 [Train]:  95%|█████████▌| 439/460 [01:33<00:04,  4.71it/s]
Epoch 12/30 [Train]:  96%|█████████▌| 440/460 [01:33<00:04,  4.70it/s]
Epoch 12/30 [Train]:  96%|█████████▌| 441/460 [01:33<00:04,  4.68it/s]
Epoch 12/30 [Train]:  96%|█████████▌| 442/460 [01:33<00:03,  4.69it/s]
Epoch 12/30 [Train]:  96%|█████████▋| 443/460 [01:34<00:03,  4.71it/s]
Epoch 12/30 [Train]:  97%|█████████▋| 444/460 [01:34<00:03,  4.71it/s]
Epoch 12/30 [Train]:  97%|█████████▋| 445/460 [01:34<00:03,  4.67it/s]
Epoch 12/30 [Train]:  97%|█████████▋| 446/460 [01:34<00:03,  4.66it/s]
Epoch 12/30 [Train]:  97%|█████████▋| 447/460 [01:34<00:02,  4.61it/s]
Epoch 12/30 [Train]:  97%|█████████▋| 448/460 [01:35<00:02,  4.59it/s]
Epoch 12/30 [Train]:  98%|█████████▊| 449/460 [01:35<00:02,  4.60it/s]
Epoch 12/30 [Train]:  98%|█████████▊| 450/460 [01:35<00:02,  4.61it/s]
Epoch 12/30 [Train]:  98%|█████████▊| 451/460 [01:35<00:01,  4.63it/s]
Epoch 12/30 [Train]:  98%|█████████▊| 452/460 [01:35<00:01,  4.68it/s]
Epoch 12/30 [Train]:  98%|█████████▊| 453/460 [01:36<00:01,  4.71it/s]
Epoch 12/30 [Train]:  99%|█████████▊| 454/460 [01:36<00:01,  4.71it/s]
Epoch 12/30 [Train]:  99%|█████████▉| 455/460 [01:36<00:01,  4.75it/s]
Epoch 12/30 [Train]:  99%|█████████▉| 456/460 [01:36<00:00,  4.76it/s]
Epoch 12/30 [Train]:  99%|█████████▉| 457/460 [01:37<00:00,  4.77it/s]
Epoch 12/30 [Train]: 100%|█████████▉| 458/460 [01:37<00:00,  4.78it/s]
Epoch 12/30 [Train]: 100%|█████████▉| 459/460 [01:37<00:00,  4.79it/s]
Epoch 12/30 [Train]: 100%|██████████| 460/460 [01:37<00:00,  5.38it/s]
                                                                      

Epoch 13/30 [Train]:   0%|          | 0/460 [00:00<?, ?it/s]
Epoch 13/30 [Train]:   0%|          | 1/460 [00:00<01:34,  4.85it/s]
Epoch 13/30 [Train]:   0%|          | 2/460 [00:00<01:34,  4.87it/s]
Epoch 13/30 [Train]:   1%|          | 3/460 [00:00<01:33,  4.88it/s]
Epoch 13/30 [Train]:   1%|          | 4/460 [00:00<01:33,  4.90it/s]
Epoch 13/30 [Train]:   1%|          | 5/460 [00:01<01:33,  4.86it/s]
Epoch 13/30 [Train]:   1%|▏         | 6/460 [00:01<01:33,  4.84it/s]
Epoch 13/30 [Train]:   2%|▏         | 7/460 [00:01<01:33,  4.82it/s]
Epoch 13/30 [Train]:   2%|▏         | 8/460 [00:01<01:33,  4.83it/s]
Epoch 13/30 [Train]:   2%|▏         | 9/460 [00:01<01:33,  4.82it/s]
Epoch 13/30 [Train]:   2%|▏         | 10/460 [00:02<01:32,  4.86it/s]
Epoch 13/30 [Train]:   2%|▏         | 11/460 [00:02<01:31,  4.89it/s]
Epoch 13/30 [Train]:   3%|▎         | 12/460 [00:02<01:31,  4.89it/s]
Epoch 13/30 [Train]:   3%|▎         | 13/460 [00:02<01:31,  4.89it/s]
Epoch 13/30 [Train]:   3%|▎         | 14/460 [00:02<01:32,  4.84it/s]
Epoch 13/30 [Train]:   3%|▎         | 15/460 [00:03<01:31,  4.86it/s]
Epoch 13/30 [Train]:   3%|▎         | 16/460 [00:03<01:31,  4.85it/s]
Epoch 13/30 [Train]:   4%|▎         | 17/460 [00:03<01:31,  4.82it/s]
Epoch 13/30 [Train]:   4%|▍         | 18/460 [00:03<01:31,  4.83it/s]
Epoch 13/30 [Train]:   4%|▍         | 19/460 [00:03<01:31,  4.84it/s]
Epoch 13/30 [Train]:   4%|▍         | 20/460 [00:04<01:30,  4.85it/s]
Epoch 13/30 [Train]:   5%|▍         | 21/460 [00:04<01:30,  4.84it/s]
Epoch 13/30 [Train]:   5%|▍         | 22/460 [00:04<01:30,  4.84it/s]
Epoch 13/30 [Train]:   5%|▌         | 23/460 [00:04<01:30,  4.81it/s]
Epoch 13/30 [Train]:   5%|▌         | 24/460 [00:04<01:30,  4.80it/s]
Epoch 13/30 [Train]:   5%|▌         | 25/460 [00:05<01:30,  4.79it/s]
Epoch 13/30 [Train]:   6%|▌         | 26/460 [00:05<01:31,  4.76it/s]
Epoch 13/30 [Train]:   6%|▌         | 27/460 [00:05<01:30,  4.77it/s]
Epoch 13/30 [Train]:   6%|▌         | 28/460 [00:05<01:30,  4.75it/s]
Epoch 13/30 [Train]:   6%|▋         | 29/460 [00:06<01:31,  4.71it/s]
Epoch 13/30 [Train]:   7%|▋         | 30/460 [00:06<01:31,  4.67it/s]
Epoch 13/30 [Train]:   7%|▋         | 31/460 [00:06<01:33,  4.61it/s]
Epoch 13/30 [Train]:   7%|▋         | 32/460 [00:06<01:33,  4.59it/s]
Epoch 13/30 [Train]:   7%|▋         | 33/460 [00:06<01:32,  4.61it/s]
Epoch 13/30 [Train]:   7%|▋         | 34/460 [00:07<01:32,  4.61it/s]
Epoch 13/30 [Train]:   8%|▊         | 35/460 [00:07<01:31,  4.63it/s]
Epoch 13/30 [Train]:   8%|▊         | 36/460 [00:07<01:30,  4.67it/s]
Epoch 13/30 [Train]:   8%|▊         | 37/460 [00:07<01:29,  4.70it/s]
Epoch 13/30 [Train]:   8%|▊         | 38/460 [00:07<01:29,  4.71it/s]
Epoch 13/30 [Train]:   8%|▊         | 39/460 [00:08<01:29,  4.73it/s]
Epoch 13/30 [Train]:   9%|▊         | 40/460 [00:08<01:28,  4.73it/s]
Epoch 13/30 [Train]:   9%|▉         | 41/460 [00:08<01:28,  4.75it/s]
Epoch 13/30 [Train]:   9%|▉         | 42/460 [00:08<01:27,  4.75it/s]
Epoch 13/30 [Train]:   9%|▉         | 43/460 [00:09<01:27,  4.75it/s]
Epoch 13/30 [Train]:  10%|▉         | 44/460 [00:09<01:27,  4.76it/s]
Epoch 13/30 [Train]:  10%|▉         | 45/460 [00:09<01:27,  4.75it/s]
Epoch 13/30 [Train]:  10%|█         | 46/460 [00:09<01:27,  4.72it/s]
Epoch 13/30 [Train]:  10%|█         | 47/460 [00:09<01:27,  4.71it/s]
Epoch 13/30 [Train]:  10%|█         | 48/460 [00:10<01:27,  4.70it/s]
Epoch 13/30 [Train]:  11%|█         | 49/460 [00:10<01:27,  4.70it/s]
Epoch 13/30 [Train]:  11%|█         | 50/460 [00:10<01:27,  4.67it/s]
Epoch 13/30 [Train]:  11%|█         | 51/460 [00:10<01:27,  4.67it/s]
Epoch 13/30 [Train]:  11%|█▏        | 52/460 [00:10<01:27,  4.68it/s]
Epoch 13/30 [Train]:  12%|█▏        | 53/460 [00:11<01:26,  4.70it/s]
Epoch 13/30 [Train]:  12%|█▏        | 54/460 [00:11<01:26,  4.71it/s]
Epoch 13/30 [Train]:  12%|█▏        | 55/460 [00:11<01:26,  4.71it/s]
Epoch 13/30 [Train]:  12%|█▏        | 56/460 [00:11<01:25,  4.73it/s]
Epoch 13/30 [Train]:  12%|█▏        | 57/460 [00:11<01:25,  4.70it/s]
Epoch 13/30 [Train]:  13%|█▎        | 58/460 [00:12<01:25,  4.72it/s]
Epoch 13/30 [Train]:  13%|█▎        | 59/460 [00:12<01:24,  4.74it/s]
Epoch 13/30 [Train]:  13%|█▎        | 60/460 [00:12<01:24,  4.75it/s]
Epoch 13/30 [Train]:  13%|█▎        | 61/460 [00:12<01:23,  4.76it/s]
Epoch 13/30 [Train]:  13%|█▎        | 62/460 [00:13<01:24,  4.73it/s]
Epoch 13/30 [Train]:  14%|█▎        | 63/460 [00:13<01:23,  4.75it/s]
Epoch 13/30 [Train]:  14%|█▍        | 64/460 [00:13<01:23,  4.76it/s]
Epoch 13/30 [Train]:  14%|█▍        | 65/460 [00:13<01:23,  4.76it/s]
Epoch 13/30 [Train]:  14%|█▍        | 66/460 [00:13<01:22,  4.75it/s]
Epoch 13/30 [Train]:  15%|█▍        | 67/460 [00:14<01:22,  4.78it/s]
Epoch 13/30 [Train]:  15%|█▍        | 68/460 [00:14<01:22,  4.77it/s]
Epoch 13/30 [Train]:  15%|█▌        | 69/460 [00:14<01:22,  4.75it/s]
Epoch 13/30 [Train]:  15%|█▌        | 70/460 [00:14<01:22,  4.74it/s]
Epoch 13/30 [Train]:  15%|█▌        | 71/460 [00:14<01:21,  4.76it/s]
Epoch 13/30 [Train]:  16%|█▌        | 72/460 [00:15<01:22,  4.71it/s]
Epoch 13/30 [Train]:  16%|█▌        | 73/460 [00:15<01:21,  4.74it/s]
Epoch 13/30 [Train]:  16%|█▌        | 74/460 [00:15<01:21,  4.76it/s]
Epoch 13/30 [Train]:  16%|█▋        | 75/460 [00:15<01:20,  4.76it/s]
Epoch 13/30 [Train]:  17%|█▋        | 76/460 [00:15<01:21,  4.70it/s]
Epoch 13/30 [Train]:  17%|█▋        | 77/460 [00:16<01:23,  4.60it/s]
Epoch 13/30 [Train]:  17%|█▋        | 78/460 [00:16<01:25,  4.47it/s]
Epoch 13/30 [Train]:  17%|█▋        | 79/460 [00:16<01:25,  4.47it/s]
Epoch 13/30 [Train]:  17%|█▋        | 80/460 [00:16<01:23,  4.55it/s]
Epoch 13/30 [Train]:  18%|█▊        | 81/460 [00:17<01:22,  4.59it/s]
Epoch 13/30 [Train]:  18%|█▊        | 82/460 [00:17<01:21,  4.63it/s]
Epoch 13/30 [Train]:  18%|█▊        | 83/460 [00:17<01:21,  4.62it/s]
Epoch 13/30 [Train]:  18%|█▊        | 84/460 [00:17<01:20,  4.67it/s]
Epoch 13/30 [Train]:  18%|█▊        | 85/460 [00:17<01:19,  4.69it/s]
Epoch 13/30 [Train]:  19%|█▊        | 86/460 [00:18<01:18,  4.76it/s]
Epoch 13/30 [Train]:  19%|█▉        | 87/460 [00:18<01:18,  4.77it/s]
Epoch 13/30 [Train]:  19%|█▉        | 88/460 [00:18<01:17,  4.79it/s]
Epoch 13/30 [Train]:  19%|█▉        | 89/460 [00:18<01:17,  4.78it/s]
Epoch 13/30 [Train]:  20%|█▉        | 90/460 [00:18<01:17,  4.80it/s]
Epoch 13/30 [Train]:  20%|█▉        | 91/460 [00:19<01:16,  4.79it/s]
Epoch 13/30 [Train]:  20%|██        | 92/460 [00:19<01:17,  4.75it/s]
Epoch 13/30 [Train]:  20%|██        | 93/460 [00:19<01:18,  4.69it/s]
Epoch 13/30 [Train]:  20%|██        | 94/460 [00:19<01:18,  4.67it/s]
Epoch 13/30 [Train]:  21%|██        | 95/460 [00:20<01:18,  4.66it/s]
Epoch 13/30 [Train]:  21%|██        | 96/460 [00:20<01:18,  4.62it/s]
Epoch 13/30 [Train]:  21%|██        | 97/460 [00:20<01:19,  4.57it/s]
Epoch 13/30 [Train]:  21%|██▏       | 98/460 [00:20<01:18,  4.61it/s]
Epoch 13/30 [Train]:  22%|██▏       | 99/460 [00:20<01:17,  4.66it/s]
Epoch 13/30 [Train]:  22%|██▏       | 100/460 [00:21<01:16,  4.70it/s]
Epoch 13/30 [Train]:  22%|██▏       | 101/460 [00:21<01:15,  4.75it/s]
Epoch 13/30 [Train]:  22%|██▏       | 102/460 [00:21<01:15,  4.76it/s]
Epoch 13/30 [Train]:  22%|██▏       | 103/460 [00:21<01:15,  4.76it/s]
Epoch 13/30 [Train]:  23%|██▎       | 104/460 [00:21<01:16,  4.66it/s]
Epoch 13/30 [Train]:  23%|██▎       | 105/460 [00:22<01:16,  4.66it/s]
Epoch 13/30 [Train]:  23%|██▎       | 106/460 [00:22<01:15,  4.69it/s]
Epoch 13/30 [Train]:  23%|██▎       | 107/460 [00:22<01:15,  4.66it/s]
Epoch 13/30 [Train]:  23%|██▎       | 108/460 [00:22<01:15,  4.66it/s]
Epoch 13/30 [Train]:  24%|██▎       | 109/460 [00:23<01:15,  4.64it/s]
Epoch 13/30 [Train]:  24%|██▍       | 110/460 [00:23<01:14,  4.67it/s]
Epoch 13/30 [Train]:  24%|██▍       | 111/460 [00:23<01:14,  4.68it/s]
Epoch 13/30 [Train]:  24%|██▍       | 112/460 [00:23<01:14,  4.66it/s]
Epoch 13/30 [Train]:  25%|██▍       | 113/460 [00:23<01:13,  4.69it/s]
Epoch 13/30 [Train]:  25%|██▍       | 114/460 [00:24<01:12,  4.76it/s]
Epoch 13/30 [Train]:  25%|██▌       | 115/460 [00:24<01:12,  4.78it/s]
Epoch 13/30 [Train]:  25%|██▌       | 116/460 [00:24<01:12,  4.74it/s]
Epoch 13/30 [Train]:  25%|██▌       | 117/460 [00:24<01:13,  4.68it/s]
Epoch 13/30 [Train]:  26%|██▌       | 118/460 [00:24<01:14,  4.62it/s]
Epoch 13/30 [Train]:  26%|██▌       | 119/460 [00:25<01:13,  4.61it/s]
Epoch 13/30 [Train]:  26%|██▌       | 120/460 [00:25<01:13,  4.63it/s]
Epoch 13/30 [Train]:  26%|██▋       | 121/460 [00:25<01:12,  4.67it/s]
Epoch 13/30 [Train]:  27%|██▋       | 122/460 [00:25<01:13,  4.63it/s]
Epoch 13/30 [Train]:  27%|██▋       | 123/460 [00:26<01:12,  4.63it/s]
Epoch 13/30 [Train]:  27%|██▋       | 124/460 [00:26<01:13,  4.60it/s]
Epoch 13/30 [Train]:  27%|██▋       | 125/460 [00:26<01:12,  4.60it/s]
Epoch 13/30 [Train]:  27%|██▋       | 126/460 [00:26<01:11,  4.64it/s]
Epoch 13/30 [Train]:  28%|██▊       | 127/460 [00:26<01:11,  4.63it/s]
Epoch 13/30 [Train]:  28%|██▊       | 128/460 [00:27<01:11,  4.65it/s]
Epoch 13/30 [Train]:  28%|██▊       | 129/460 [00:27<01:10,  4.69it/s]
Epoch 13/30 [Train]:  28%|██▊       | 130/460 [00:27<01:10,  4.69it/s]
Epoch 13/30 [Train]:  28%|██▊       | 131/460 [00:27<01:10,  4.70it/s]
Epoch 13/30 [Train]:  29%|██▊       | 132/460 [00:27<01:09,  4.71it/s]
Epoch 13/30 [Train]:  29%|██▉       | 133/460 [00:28<01:09,  4.69it/s]
Epoch 13/30 [Train]:  29%|██▉       | 134/460 [00:28<01:09,  4.70it/s]
Epoch 13/30 [Train]:  29%|██▉       | 135/460 [00:28<01:09,  4.70it/s]
Epoch 13/30 [Train]:  30%|██▉       | 136/460 [00:28<01:09,  4.68it/s]
Epoch 13/30 [Train]:  30%|██▉       | 137/460 [00:29<01:09,  4.68it/s]
Epoch 13/30 [Train]:  30%|███       | 138/460 [00:29<01:08,  4.68it/s]
Epoch 13/30 [Train]:  30%|███       | 139/460 [00:29<01:08,  4.70it/s]
Epoch 13/30 [Train]:  30%|███       | 140/460 [00:29<01:07,  4.71it/s]
Epoch 13/30 [Train]:  31%|███       | 141/460 [00:29<01:07,  4.72it/s]
Epoch 13/30 [Train]:  31%|███       | 142/460 [00:30<01:06,  4.77it/s]
Epoch 13/30 [Train]:  31%|███       | 143/460 [00:30<01:06,  4.76it/s]
Epoch 13/30 [Train]:  31%|███▏      | 144/460 [00:30<01:06,  4.74it/s]
Epoch 13/30 [Train]:  32%|███▏      | 145/460 [00:30<01:06,  4.74it/s]
Epoch 13/30 [Train]:  32%|███▏      | 146/460 [00:30<01:06,  4.75it/s]
Epoch 13/30 [Train]:  32%|███▏      | 147/460 [00:31<01:05,  4.76it/s]
Epoch 13/30 [Train]:  32%|███▏      | 148/460 [00:31<01:05,  4.76it/s]
Epoch 13/30 [Train]:  32%|███▏      | 149/460 [00:31<01:05,  4.73it/s]
Epoch 13/30 [Train]:  33%|███▎      | 150/460 [00:31<01:05,  4.74it/s]
Epoch 13/30 [Train]:  33%|███▎      | 151/460 [00:31<01:05,  4.74it/s]
Epoch 13/30 [Train]:  33%|███▎      | 152/460 [00:32<01:05,  4.73it/s]
Epoch 13/30 [Train]:  33%|███▎      | 153/460 [00:32<01:04,  4.73it/s]
Epoch 13/30 [Train]:  33%|███▎      | 154/460 [00:32<01:05,  4.70it/s]
Epoch 13/30 [Train]:  34%|███▎      | 155/460 [00:32<01:04,  4.70it/s]
Epoch 13/30 [Train]:  34%|███▍      | 156/460 [00:33<01:04,  4.74it/s]
Epoch 13/30 [Train]:  34%|███▍      | 157/460 [00:33<01:03,  4.78it/s]
Epoch 13/30 [Train]:  34%|███▍      | 158/460 [00:33<01:03,  4.78it/s]
Epoch 13/30 [Train]:  35%|███▍      | 159/460 [00:33<01:03,  4.77it/s]
Epoch 13/30 [Train]:  35%|███▍      | 160/460 [00:33<01:03,  4.73it/s]
Epoch 13/30 [Train]:  35%|███▌      | 161/460 [00:34<01:02,  4.75it/s]
Epoch 13/30 [Train]:  35%|███▌      | 162/460 [00:34<01:02,  4.77it/s]
Epoch 13/30 [Train]:  35%|███▌      | 163/460 [00:34<01:02,  4.76it/s]
Epoch 13/30 [Train]:  36%|███▌      | 164/460 [00:34<01:01,  4.78it/s]
Epoch 13/30 [Train]:  36%|███▌      | 165/460 [00:34<01:01,  4.77it/s]
Epoch 13/30 [Train]:  36%|███▌      | 166/460 [00:35<01:01,  4.78it/s]
Epoch 13/30 [Train]:  36%|███▋      | 167/460 [00:35<01:01,  4.79it/s]
Epoch 13/30 [Train]:  37%|███▋      | 168/460 [00:35<01:01,  4.76it/s]
Epoch 13/30 [Train]:  37%|███▋      | 169/460 [00:35<01:01,  4.77it/s]
Epoch 13/30 [Train]:  37%|███▋      | 170/460 [00:36<01:01,  4.71it/s]
Epoch 13/30 [Train]:  37%|███▋      | 171/460 [00:36<01:02,  4.60it/s]
Epoch 13/30 [Train]:  37%|███▋      | 172/460 [00:36<01:03,  4.53it/s]
Epoch 13/30 [Train]:  38%|███▊      | 173/460 [00:36<01:02,  4.56it/s]
Epoch 13/30 [Train]:  38%|███▊      | 174/460 [00:36<01:02,  4.57it/s]
Epoch 13/30 [Train]:  38%|███▊      | 175/460 [00:37<01:01,  4.64it/s]
Epoch 13/30 [Train]:  38%|███▊      | 176/460 [00:37<01:00,  4.66it/s]
Epoch 13/30 [Train]:  38%|███▊      | 177/460 [00:37<01:00,  4.68it/s]
Epoch 13/30 [Train]:  39%|███▊      | 178/460 [00:37<01:00,  4.70it/s]
Epoch 13/30 [Train]:  39%|███▉      | 179/460 [00:37<00:59,  4.73it/s]
Epoch 13/30 [Train]:  39%|███▉      | 180/460 [00:38<00:59,  4.74it/s]
Epoch 13/30 [Train]:  39%|███▉      | 181/460 [00:38<00:59,  4.73it/s]
Epoch 13/30 [Train]:  40%|███▉      | 182/460 [00:38<00:58,  4.72it/s]
Epoch 13/30 [Train]:  40%|███▉      | 183/460 [00:38<00:58,  4.70it/s]
Epoch 13/30 [Train]:  40%|████      | 184/460 [00:39<00:58,  4.74it/s]
Epoch 13/30 [Train]:  40%|████      | 185/460 [00:39<00:57,  4.75it/s]
Epoch 13/30 [Train]:  40%|████      | 186/460 [00:39<00:57,  4.74it/s]
Epoch 13/30 [Train]:  41%|████      | 187/460 [00:39<00:57,  4.73it/s]
Epoch 13/30 [Train]:  41%|████      | 188/460 [00:39<00:57,  4.74it/s]
Epoch 13/30 [Train]:  41%|████      | 189/460 [00:40<00:56,  4.76it/s]
Epoch 13/30 [Train]:  41%|████▏     | 190/460 [00:40<00:56,  4.77it/s]
Epoch 13/30 [Train]:  42%|████▏     | 191/460 [00:40<00:56,  4.72it/s]
Epoch 13/30 [Train]:  42%|████▏     | 192/460 [00:40<00:56,  4.75it/s]
Epoch 13/30 [Train]:  42%|████▏     | 193/460 [00:40<00:56,  4.77it/s]
Epoch 13/30 [Train]:  42%|████▏     | 194/460 [00:41<00:55,  4.79it/s]
Epoch 13/30 [Train]:  42%|████▏     | 195/460 [00:41<00:55,  4.79it/s]
Epoch 13/30 [Train]:  43%|████▎     | 196/460 [00:41<00:55,  4.80it/s]
Epoch 13/30 [Train]:  43%|████▎     | 197/460 [00:41<00:54,  4.79it/s]
Epoch 13/30 [Train]:  43%|████▎     | 198/460 [00:41<00:54,  4.80it/s]
Epoch 13/30 [Train]:  43%|████▎     | 199/460 [00:42<00:54,  4.79it/s]
Epoch 13/30 [Train]:  43%|████▎     | 200/460 [00:42<00:54,  4.76it/s]
Epoch 13/30 [Train]:  44%|████▎     | 201/460 [00:42<00:54,  4.75it/s]
Epoch 13/30 [Train]:  44%|████▍     | 202/460 [00:42<00:54,  4.73it/s]
Epoch 13/30 [Train]:  44%|████▍     | 203/460 [00:42<00:54,  4.74it/s]
Epoch 13/30 [Train]:  44%|████▍     | 204/460 [00:43<00:53,  4.77it/s]
Epoch 13/30 [Train]:  45%|████▍     | 205/460 [00:43<00:53,  4.79it/s]
Epoch 13/30 [Train]:  45%|████▍     | 206/460 [00:43<00:53,  4.74it/s]
Epoch 13/30 [Train]:  45%|████▌     | 207/460 [00:43<00:53,  4.74it/s]
Epoch 13/30 [Train]:  45%|████▌     | 208/460 [00:44<00:53,  4.75it/s]
Epoch 13/30 [Train]:  45%|████▌     | 209/460 [00:44<00:52,  4.75it/s]
Epoch 13/30 [Train]:  46%|████▌     | 210/460 [00:44<00:52,  4.77it/s]
Epoch 13/30 [Train]:  46%|████▌     | 211/460 [00:44<00:52,  4.74it/s]
Epoch 13/30 [Train]:  46%|████▌     | 212/460 [00:44<00:52,  4.75it/s]
Epoch 13/30 [Train]:  46%|████▋     | 213/460 [00:45<00:51,  4.75it/s]
Epoch 13/30 [Train]:  47%|████▋     | 214/460 [00:45<00:51,  4.77it/s]
Epoch 13/30 [Train]:  47%|████▋     | 215/460 [00:45<00:51,  4.78it/s]
Epoch 13/30 [Train]:  47%|████▋     | 216/460 [00:45<00:50,  4.80it/s]
Epoch 13/30 [Train]:  47%|████▋     | 217/460 [00:45<00:50,  4.78it/s]
Epoch 13/30 [Train]:  47%|████▋     | 218/460 [00:46<00:51,  4.73it/s]
Epoch 13/30 [Train]:  48%|████▊     | 219/460 [00:46<00:51,  4.71it/s]
Epoch 13/30 [Train]:  48%|████▊     | 220/460 [00:46<00:50,  4.71it/s]
Epoch 13/30 [Train]:  48%|████▊     | 221/460 [00:46<00:50,  4.72it/s]
Epoch 13/30 [Train]:  48%|████▊     | 222/460 [00:46<00:50,  4.74it/s]
Epoch 13/30 [Train]:  48%|████▊     | 223/460 [00:47<00:49,  4.75it/s]
Epoch 13/30 [Train]:  49%|████▊     | 224/460 [00:47<00:49,  4.78it/s]
Epoch 13/30 [Train]:  49%|████▉     | 225/460 [00:47<00:49,  4.78it/s]
Epoch 13/30 [Train]:  49%|████▉     | 226/460 [00:47<00:49,  4.76it/s]
Epoch 13/30 [Train]:  49%|████▉     | 227/460 [00:48<00:49,  4.74it/s]
Epoch 13/30 [Train]:  50%|████▉     | 228/460 [00:48<00:48,  4.77it/s]
Epoch 13/30 [Train]:  50%|████▉     | 229/460 [00:48<00:48,  4.75it/s]
Epoch 13/30 [Train]:  50%|█████     | 230/460 [00:48<00:48,  4.75it/s]
Epoch 13/30 [Train]:  50%|█████     | 231/460 [00:48<00:48,  4.76it/s]
Epoch 13/30 [Train]:  50%|█████     | 232/460 [00:49<00:47,  4.78it/s]
Epoch 13/30 [Train]:  51%|█████     | 233/460 [00:49<00:47,  4.81it/s]
Epoch 13/30 [Train]:  51%|█████     | 234/460 [00:49<00:47,  4.80it/s]
Epoch 13/30 [Train]:  51%|█████     | 235/460 [00:49<00:46,  4.79it/s]
Epoch 13/30 [Train]:  51%|█████▏    | 236/460 [00:49<00:46,  4.77it/s]
Epoch 13/30 [Train]:  52%|█████▏    | 237/460 [00:50<00:46,  4.78it/s]
Epoch 13/30 [Train]:  52%|█████▏    | 238/460 [00:50<00:46,  4.77it/s]
Epoch 13/30 [Train]:  52%|█████▏    | 239/460 [00:50<00:46,  4.76it/s]
Epoch 13/30 [Train]:  52%|█████▏    | 240/460 [00:50<00:45,  4.79it/s]
Epoch 13/30 [Train]:  52%|█████▏    | 241/460 [00:50<00:45,  4.77it/s]
Epoch 13/30 [Train]:  53%|█████▎    | 242/460 [00:51<00:45,  4.77it/s]
Epoch 13/30 [Train]:  53%|█████▎    | 243/460 [00:51<00:45,  4.75it/s]
Epoch 13/30 [Train]:  53%|█████▎    | 244/460 [00:51<00:45,  4.74it/s]
Epoch 13/30 [Train]:  53%|█████▎    | 245/460 [00:51<00:45,  4.72it/s]
Epoch 13/30 [Train]:  53%|█████▎    | 246/460 [00:52<00:45,  4.76it/s]
Epoch 13/30 [Train]:  54%|█████▎    | 247/460 [00:52<00:45,  4.72it/s]
Epoch 13/30 [Train]:  54%|█████▍    | 248/460 [00:52<00:44,  4.72it/s]
Epoch 13/30 [Train]:  54%|█████▍    | 249/460 [00:52<00:44,  4.75it/s]
Epoch 13/30 [Train]:  54%|█████▍    | 250/460 [00:52<00:44,  4.77it/s]
Epoch 13/30 [Train]:  55%|█████▍    | 251/460 [00:53<00:43,  4.76it/s]
Epoch 13/30 [Train]:  55%|█████▍    | 252/460 [00:53<00:43,  4.78it/s]
Epoch 13/30 [Train]:  55%|█████▌    | 253/460 [00:53<00:43,  4.80it/s]
Epoch 13/30 [Train]:  55%|█████▌    | 254/460 [00:53<00:42,  4.82it/s]
Epoch 13/30 [Train]:  55%|█████▌    | 255/460 [00:53<00:42,  4.80it/s]
Epoch 13/30 [Train]:  56%|█████▌    | 256/460 [00:54<00:42,  4.80it/s]
Epoch 13/30 [Train]:  56%|█████▌    | 257/460 [00:54<00:42,  4.79it/s]
Epoch 13/30 [Train]:  56%|█████▌    | 258/460 [00:54<00:42,  4.79it/s]
Epoch 13/30 [Train]:  56%|█████▋    | 259/460 [00:54<00:41,  4.79it/s]
Epoch 13/30 [Train]:  57%|█████▋    | 260/460 [00:54<00:41,  4.77it/s]
Epoch 13/30 [Train]:  57%|█████▋    | 261/460 [00:55<00:41,  4.75it/s]
Epoch 13/30 [Train]:  57%|█████▋    | 262/460 [00:55<00:41,  4.74it/s]
Epoch 13/30 [Train]:  57%|█████▋    | 263/460 [00:55<00:41,  4.74it/s]
Epoch 13/30 [Train]:  57%|█████▋    | 264/460 [00:55<00:41,  4.74it/s]
Epoch 13/30 [Train]:  58%|█████▊    | 265/460 [00:56<00:41,  4.68it/s]
Epoch 13/30 [Train]:  58%|█████▊    | 266/460 [00:56<00:42,  4.58it/s]
Epoch 13/30 [Train]:  58%|█████▊    | 267/460 [00:56<00:42,  4.54it/s]
Epoch 13/30 [Train]:  58%|█████▊    | 268/460 [00:56<00:42,  4.57it/s]
Epoch 13/30 [Train]:  58%|█████▊    | 269/460 [00:56<00:41,  4.61it/s]
Epoch 13/30 [Train]:  59%|█████▊    | 270/460 [00:57<00:40,  4.65it/s]
Epoch 13/30 [Train]:  59%|█████▉    | 271/460 [00:57<00:40,  4.67it/s]
Epoch 13/30 [Train]:  59%|█████▉    | 272/460 [00:57<00:40,  4.69it/s]
Epoch 13/30 [Train]:  59%|█████▉    | 273/460 [00:57<00:40,  4.64it/s]
Epoch 13/30 [Train]:  60%|█████▉    | 274/460 [00:57<00:40,  4.64it/s]
Epoch 13/30 [Train]:  60%|█████▉    | 275/460 [00:58<00:39,  4.66it/s]
Epoch 13/30 [Train]:  60%|██████    | 276/460 [00:58<00:40,  4.58it/s]
Epoch 13/30 [Train]:  60%|██████    | 277/460 [00:58<00:40,  4.56it/s]
Epoch 13/30 [Train]:  60%|██████    | 278/460 [00:58<00:40,  4.51it/s]
Epoch 13/30 [Train]:  61%|██████    | 279/460 [00:59<00:39,  4.55it/s]
Epoch 13/30 [Train]:  61%|██████    | 280/460 [00:59<00:39,  4.52it/s]
Epoch 13/30 [Train]:  61%|██████    | 281/460 [00:59<00:39,  4.56it/s]
Epoch 13/30 [Train]:  61%|██████▏   | 282/460 [00:59<00:39,  4.52it/s]
Epoch 13/30 [Train]:  62%|██████▏   | 283/460 [00:59<00:39,  4.51it/s]
Epoch 13/30 [Train]:  62%|██████▏   | 284/460 [01:00<00:38,  4.52it/s]
Epoch 13/30 [Train]:  62%|██████▏   | 285/460 [01:00<00:38,  4.51it/s]
Epoch 13/30 [Train]:  62%|██████▏   | 286/460 [01:00<00:38,  4.56it/s]
Epoch 13/30 [Train]:  62%|██████▏   | 287/460 [01:00<00:37,  4.60it/s]
Epoch 13/30 [Train]:  63%|██████▎   | 288/460 [01:01<00:36,  4.66it/s]
Epoch 13/30 [Train]:  63%|██████▎   | 289/460 [01:01<00:36,  4.69it/s]
Epoch 13/30 [Train]:  63%|██████▎   | 290/460 [01:01<00:36,  4.70it/s]
Epoch 13/30 [Train]:  63%|██████▎   | 291/460 [01:01<00:35,  4.71it/s]
Epoch 13/30 [Train]:  63%|██████▎   | 292/460 [01:01<00:35,  4.73it/s]
Epoch 13/30 [Train]:  64%|██████▎   | 293/460 [01:02<00:35,  4.76it/s]
Epoch 13/30 [Train]:  64%|██████▍   | 294/460 [01:02<00:34,  4.74it/s]
Epoch 13/30 [Train]:  64%|██████▍   | 295/460 [01:02<00:34,  4.75it/s]
Epoch 13/30 [Train]:  64%|██████▍   | 296/460 [01:02<00:34,  4.75it/s]
Epoch 13/30 [Train]:  65%|██████▍   | 297/460 [01:02<00:34,  4.75it/s]
Epoch 13/30 [Train]:  65%|██████▍   | 298/460 [01:03<00:34,  4.74it/s]
Epoch 13/30 [Train]:  65%|██████▌   | 299/460 [01:03<00:33,  4.75it/s]
Epoch 13/30 [Train]:  65%|██████▌   | 300/460 [01:03<00:33,  4.72it/s]
Epoch 13/30 [Train]:  65%|██████▌   | 301/460 [01:03<00:33,  4.71it/s]
Epoch 13/30 [Train]:  66%|██████▌   | 302/460 [01:03<00:33,  4.71it/s]
Epoch 13/30 [Train]:  66%|██████▌   | 303/460 [01:04<00:34,  4.59it/s]
Epoch 13/30 [Train]:  66%|██████▌   | 304/460 [01:04<00:34,  4.55it/s]
Epoch 13/30 [Train]:  66%|██████▋   | 305/460 [01:04<00:33,  4.58it/s]
Epoch 13/30 [Train]:  67%|██████▋   | 306/460 [01:04<00:33,  4.61it/s]
Epoch 13/30 [Train]:  67%|██████▋   | 307/460 [01:05<00:32,  4.64it/s]
Epoch 13/30 [Train]:  67%|██████▋   | 308/460 [01:05<00:32,  4.68it/s]
Epoch 13/30 [Train]:  67%|██████▋   | 309/460 [01:05<00:32,  4.70it/s]
Epoch 13/30 [Train]:  67%|██████▋   | 310/460 [01:05<00:31,  4.71it/s]
Epoch 13/30 [Train]:  68%|██████▊   | 311/460 [01:05<00:31,  4.69it/s]
Epoch 13/30 [Train]:  68%|██████▊   | 312/460 [01:06<00:31,  4.65it/s]
Epoch 13/30 [Train]:  68%|██████▊   | 313/460 [01:06<00:31,  4.66it/s]
Epoch 13/30 [Train]:  68%|██████▊   | 314/460 [01:06<00:31,  4.68it/s]
Epoch 13/30 [Train]:  68%|██████▊   | 315/460 [01:06<00:30,  4.74it/s]
Epoch 13/30 [Train]:  69%|██████▊   | 316/460 [01:06<00:30,  4.78it/s]
Epoch 13/30 [Train]:  69%|██████▉   | 317/460 [01:07<00:29,  4.78it/s]
Epoch 13/30 [Train]:  69%|██████▉   | 318/460 [01:07<00:29,  4.75it/s]
Epoch 13/30 [Train]:  69%|██████▉   | 319/460 [01:07<00:29,  4.76it/s]
Epoch 13/30 [Train]:  70%|██████▉   | 320/460 [01:07<00:29,  4.75it/s]
Epoch 13/30 [Train]:  70%|██████▉   | 321/460 [01:08<00:29,  4.77it/s]
Epoch 13/30 [Train]:  70%|███████   | 322/460 [01:08<00:28,  4.76it/s]
Epoch 13/30 [Train]:  70%|███████   | 323/460 [01:08<00:28,  4.76it/s]
Epoch 13/30 [Train]:  70%|███████   | 324/460 [01:08<00:28,  4.77it/s]
Epoch 13/30 [Train]:  71%|███████   | 325/460 [01:08<00:28,  4.76it/s]
Epoch 13/30 [Train]:  71%|███████   | 326/460 [01:09<00:28,  4.77it/s]
Epoch 13/30 [Train]:  71%|███████   | 327/460 [01:09<00:27,  4.78it/s]
Epoch 13/30 [Train]:  71%|███████▏  | 328/460 [01:09<00:27,  4.80it/s]
Epoch 13/30 [Train]:  72%|███████▏  | 329/460 [01:09<00:27,  4.78it/s]
Epoch 13/30 [Train]:  72%|███████▏  | 330/460 [01:09<00:27,  4.80it/s]
Epoch 13/30 [Train]:  72%|███████▏  | 331/460 [01:10<00:26,  4.81it/s]
Epoch 13/30 [Train]:  72%|███████▏  | 332/460 [01:10<00:26,  4.79it/s]
Epoch 13/30 [Train]:  72%|███████▏  | 333/460 [01:10<00:26,  4.77it/s]
Epoch 13/30 [Train]:  73%|███████▎  | 334/460 [01:10<00:26,  4.77it/s]
Epoch 13/30 [Train]:  73%|███████▎  | 335/460 [01:10<00:26,  4.73it/s]
Epoch 13/30 [Train]:  73%|███████▎  | 336/460 [01:11<00:26,  4.75it/s]
Epoch 13/30 [Train]:  73%|███████▎  | 337/460 [01:11<00:26,  4.72it/s]
Epoch 13/30 [Train]:  73%|███████▎  | 338/460 [01:11<00:25,  4.73it/s]
Epoch 13/30 [Train]:  74%|███████▎  | 339/460 [01:11<00:25,  4.75it/s]
Epoch 13/30 [Train]:  74%|███████▍  | 340/460 [01:12<00:25,  4.75it/s]
Epoch 13/30 [Train]:  74%|███████▍  | 341/460 [01:12<00:25,  4.74it/s]
Epoch 13/30 [Train]:  74%|███████▍  | 342/460 [01:12<00:24,  4.76it/s]
Epoch 13/30 [Train]:  75%|███████▍  | 343/460 [01:12<00:24,  4.77it/s]
Epoch 13/30 [Train]:  75%|███████▍  | 344/460 [01:12<00:24,  4.77it/s]
Epoch 13/30 [Train]:  75%|███████▌  | 345/460 [01:13<00:24,  4.78it/s]
Epoch 13/30 [Train]:  75%|███████▌  | 346/460 [01:13<00:23,  4.79it/s]
Epoch 13/30 [Train]:  75%|███████▌  | 347/460 [01:13<00:23,  4.79it/s]
Epoch 13/30 [Train]:  76%|███████▌  | 348/460 [01:13<00:23,  4.78it/s]
Epoch 13/30 [Train]:  76%|███████▌  | 349/460 [01:13<00:23,  4.79it/s]
Epoch 13/30 [Train]:  76%|███████▌  | 350/460 [01:14<00:22,  4.80it/s]
Epoch 13/30 [Train]:  76%|███████▋  | 351/460 [01:14<00:22,  4.80it/s]
Epoch 13/30 [Train]:  77%|███████▋  | 352/460 [01:14<00:22,  4.78it/s]
Epoch 13/30 [Train]:  77%|███████▋  | 353/460 [01:14<00:22,  4.75it/s]
Epoch 13/30 [Train]:  77%|███████▋  | 354/460 [01:14<00:22,  4.76it/s]
Epoch 13/30 [Train]:  77%|███████▋  | 355/460 [01:15<00:22,  4.74it/s]
Epoch 13/30 [Train]:  77%|███████▋  | 356/460 [01:15<00:21,  4.73it/s]
Epoch 13/30 [Train]:  78%|███████▊  | 357/460 [01:15<00:21,  4.72it/s]
Epoch 13/30 [Train]:  78%|███████▊  | 358/460 [01:15<00:21,  4.71it/s]
Epoch 13/30 [Train]:  78%|███████▊  | 359/460 [01:16<00:21,  4.65it/s]
Epoch 13/30 [Train]:  78%|███████▊  | 360/460 [01:16<00:21,  4.57it/s]
Epoch 13/30 [Train]:  78%|███████▊  | 361/460 [01:16<00:21,  4.52it/s]
Epoch 13/30 [Train]:  79%|███████▊  | 362/460 [01:16<00:21,  4.56it/s]
Epoch 13/30 [Train]:  79%|███████▉  | 363/460 [01:16<00:21,  4.61it/s]
Epoch 13/30 [Train]:  79%|███████▉  | 364/460 [01:17<00:20,  4.64it/s]
Epoch 13/30 [Train]:  79%|███████▉  | 365/460 [01:17<00:20,  4.67it/s]
Epoch 13/30 [Train]:  80%|███████▉  | 366/460 [01:17<00:20,  4.69it/s]
Epoch 13/30 [Train]:  80%|███████▉  | 367/460 [01:17<00:19,  4.69it/s]
Epoch 13/30 [Train]:  80%|████████  | 368/460 [01:17<00:19,  4.71it/s]
Epoch 13/30 [Train]:  80%|████████  | 369/460 [01:18<00:19,  4.72it/s]
Epoch 13/30 [Train]:  80%|████████  | 370/460 [01:18<00:19,  4.74it/s]
Epoch 13/30 [Train]:  81%|████████  | 371/460 [01:18<00:18,  4.73it/s]
Epoch 13/30 [Train]:  81%|████████  | 372/460 [01:18<00:18,  4.74it/s]
Epoch 13/30 [Train]:  81%|████████  | 373/460 [01:19<00:18,  4.76it/s]
Epoch 13/30 [Train]:  81%|████████▏ | 374/460 [01:19<00:18,  4.75it/s]
Epoch 13/30 [Train]:  82%|████████▏ | 375/460 [01:19<00:17,  4.74it/s]
Epoch 13/30 [Train]:  82%|████████▏ | 376/460 [01:19<00:17,  4.72it/s]
Epoch 13/30 [Train]:  82%|████████▏ | 377/460 [01:19<00:17,  4.74it/s]
Epoch 13/30 [Train]:  82%|████████▏ | 378/460 [01:20<00:17,  4.76it/s]
Epoch 13/30 [Train]:  82%|████████▏ | 379/460 [01:20<00:17,  4.76it/s]
Epoch 13/30 [Train]:  83%|████████▎ | 380/460 [01:20<00:16,  4.75it/s]
Epoch 13/30 [Train]:  83%|████████▎ | 381/460 [01:20<00:16,  4.79it/s]
Epoch 13/30 [Train]:  83%|████████▎ | 382/460 [01:20<00:16,  4.77it/s]
Epoch 13/30 [Train]:  83%|████████▎ | 383/460 [01:21<00:16,  4.78it/s]
Epoch 13/30 [Train]:  83%|████████▎ | 384/460 [01:21<00:15,  4.77it/s]
Epoch 13/30 [Train]:  84%|████████▎ | 385/460 [01:21<00:15,  4.70it/s]
Epoch 13/30 [Train]:  84%|████████▍ | 386/460 [01:21<00:15,  4.72it/s]
Epoch 13/30 [Train]:  84%|████████▍ | 387/460 [01:21<00:15,  4.76it/s]
Epoch 13/30 [Train]:  84%|████████▍ | 388/460 [01:22<00:15,  4.77it/s]
Epoch 13/30 [Train]:  85%|████████▍ | 389/460 [01:22<00:14,  4.78it/s]
Epoch 13/30 [Train]:  85%|████████▍ | 390/460 [01:22<00:14,  4.76it/s]
Epoch 13/30 [Train]:  85%|████████▌ | 391/460 [01:22<00:14,  4.76it/s]
Epoch 13/30 [Train]:  85%|████████▌ | 392/460 [01:23<00:14,  4.79it/s]
Epoch 13/30 [Train]:  85%|████████▌ | 393/460 [01:23<00:14,  4.78it/s]
Epoch 13/30 [Train]:  86%|████████▌ | 394/460 [01:23<00:13,  4.77it/s]
Epoch 13/30 [Train]:  86%|████████▌ | 395/460 [01:23<00:13,  4.74it/s]
Epoch 13/30 [Train]:  86%|████████▌ | 396/460 [01:23<00:13,  4.74it/s]
Epoch 13/30 [Train]:  86%|████████▋ | 397/460 [01:24<00:13,  4.76it/s]
Epoch 13/30 [Train]:  87%|████████▋ | 398/460 [01:24<00:13,  4.74it/s]
Epoch 13/30 [Train]:  87%|████████▋ | 399/460 [01:24<00:12,  4.73it/s]
Epoch 13/30 [Train]:  87%|████████▋ | 400/460 [01:24<00:12,  4.76it/s]
Epoch 13/30 [Train]:  87%|████████▋ | 401/460 [01:24<00:12,  4.78it/s]
Epoch 13/30 [Train]:  87%|████████▋ | 402/460 [01:25<00:12,  4.80it/s]
Epoch 13/30 [Train]:  88%|████████▊ | 403/460 [01:25<00:11,  4.81it/s]
Epoch 13/30 [Train]:  88%|████████▊ | 404/460 [01:25<00:11,  4.79it/s]
Epoch 13/30 [Train]:  88%|████████▊ | 405/460 [01:25<00:11,  4.76it/s]
Epoch 13/30 [Train]:  88%|████████▊ | 406/460 [01:25<00:11,  4.74it/s]
Epoch 13/30 [Train]:  88%|████████▊ | 407/460 [01:26<00:11,  4.72it/s]
Epoch 13/30 [Train]:  89%|████████▊ | 408/460 [01:26<00:11,  4.70it/s]
Epoch 13/30 [Train]:  89%|████████▉ | 409/460 [01:26<00:10,  4.65it/s]
Epoch 13/30 [Train]:  89%|████████▉ | 410/460 [01:26<00:10,  4.65it/s]
Epoch 13/30 [Train]:  89%|████████▉ | 411/460 [01:27<00:10,  4.64it/s]
Epoch 13/30 [Train]:  90%|████████▉ | 412/460 [01:27<00:10,  4.66it/s]
Epoch 13/30 [Train]:  90%|████████▉ | 413/460 [01:27<00:10,  4.59it/s]
Epoch 13/30 [Train]:  90%|█████████ | 414/460 [01:27<00:09,  4.60it/s]
Epoch 13/30 [Train]:  90%|█████████ | 415/460 [01:27<00:09,  4.64it/s]
Epoch 13/30 [Train]:  90%|█████████ | 416/460 [01:28<00:09,  4.67it/s]
Epoch 13/30 [Train]:  91%|█████████ | 417/460 [01:28<00:09,  4.68it/s]
Epoch 13/30 [Train]:  91%|█████████ | 418/460 [01:28<00:08,  4.68it/s]
Epoch 13/30 [Train]:  91%|█████████ | 419/460 [01:28<00:08,  4.68it/s]
Epoch 13/30 [Train]:  91%|█████████▏| 420/460 [01:28<00:08,  4.68it/s]
Epoch 13/30 [Train]:  92%|█████████▏| 421/460 [01:29<00:08,  4.67it/s]
Epoch 13/30 [Train]:  92%|█████████▏| 422/460 [01:29<00:08,  4.70it/s]
Epoch 13/30 [Train]:  92%|█████████▏| 423/460 [01:29<00:07,  4.70it/s]
Epoch 13/30 [Train]:  92%|█████████▏| 424/460 [01:29<00:07,  4.78it/s]
Epoch 13/30 [Train]:  92%|█████████▏| 425/460 [01:30<00:07,  4.81it/s]
Epoch 13/30 [Train]:  93%|█████████▎| 426/460 [01:30<00:07,  4.84it/s]
Epoch 13/30 [Train]:  93%|█████████▎| 427/460 [01:30<00:06,  4.83it/s]
Epoch 13/30 [Train]:  93%|█████████▎| 428/460 [01:30<00:06,  4.83it/s]
Epoch 13/30 [Train]:  93%|█████████▎| 429/460 [01:30<00:06,  4.85it/s]
Epoch 13/30 [Train]:  93%|█████████▎| 430/460 [01:31<00:06,  4.82it/s]
Epoch 13/30 [Train]:  94%|█████████▎| 431/460 [01:31<00:06,  4.82it/s]
Epoch 13/30 [Train]:  94%|█████████▍| 432/460 [01:31<00:05,  4.85it/s]
Epoch 13/30 [Train]:  94%|█████████▍| 433/460 [01:31<00:05,  4.85it/s]
Epoch 13/30 [Train]:  94%|█████████▍| 434/460 [01:31<00:05,  4.86it/s]
Epoch 13/30 [Train]:  95%|█████████▍| 435/460 [01:32<00:05,  4.86it/s]
Epoch 13/30 [Train]:  95%|█████████▍| 436/460 [01:32<00:04,  4.86it/s]
Epoch 13/30 [Train]:  95%|█████████▌| 437/460 [01:32<00:04,  4.85it/s]
Epoch 13/30 [Train]:  95%|█████████▌| 438/460 [01:32<00:04,  4.88it/s]
Epoch 13/30 [Train]:  95%|█████████▌| 439/460 [01:32<00:04,  4.90it/s]
Epoch 13/30 [Train]:  96%|█████████▌| 440/460 [01:33<00:04,  4.94it/s]
Epoch 13/30 [Train]:  96%|█████████▌| 441/460 [01:33<00:03,  4.91it/s]
Epoch 13/30 [Train]:  96%|█████████▌| 442/460 [01:33<00:03,  4.92it/s]
Epoch 13/30 [Train]:  96%|█████████▋| 443/460 [01:33<00:03,  4.90it/s]
Epoch 13/30 [Train]:  97%|█████████▋| 444/460 [01:33<00:03,  4.88it/s]
Epoch 13/30 [Train]:  97%|█████████▋| 445/460 [01:34<00:03,  4.89it/s]
Epoch 13/30 [Train]:  97%|█████████▋| 446/460 [01:34<00:02,  4.88it/s]
Epoch 13/30 [Train]:  97%|█████████▋| 447/460 [01:34<00:02,  4.88it/s]
Epoch 13/30 [Train]:  97%|█████████▋| 448/460 [01:34<00:02,  4.86it/s]
Epoch 13/30 [Train]:  98%|█████████▊| 449/460 [01:34<00:02,  4.88it/s]
Epoch 13/30 [Train]:  98%|█████████▊| 450/460 [01:35<00:02,  4.88it/s]
Epoch 13/30 [Train]:  98%|█████████▊| 451/460 [01:35<00:01,  4.83it/s]
Epoch 13/30 [Train]:  98%|█████████▊| 452/460 [01:35<00:01,  4.83it/s]
Epoch 13/30 [Train]:  98%|█████████▊| 453/460 [01:35<00:01,  4.81it/s]
Epoch 13/30 [Train]:  99%|█████████▊| 454/460 [01:35<00:01,  4.80it/s]
Epoch 13/30 [Train]:  99%|█████████▉| 455/460 [01:36<00:01,  4.74it/s]
Epoch 13/30 [Train]:  99%|█████████▉| 456/460 [01:36<00:00,  4.68it/s]
Epoch 13/30 [Train]:  99%|█████████▉| 457/460 [01:36<00:00,  4.72it/s]
Epoch 13/30 [Train]: 100%|█████████▉| 458/460 [01:36<00:00,  4.70it/s]
Epoch 13/30 [Train]: 100%|█████████▉| 459/460 [01:37<00:00,  4.77it/s]
Epoch 13/30 [Train]: 100%|██████████| 460/460 [01:37<00:00,  5.35it/s]
                                                                      

Epoch 14/30 [Train]:   0%|          | 0/460 [00:00<?, ?it/s]
Epoch 14/30 [Train]:   0%|          | 1/460 [00:00<01:36,  4.74it/s]
Epoch 14/30 [Train]:   0%|          | 2/460 [00:00<01:38,  4.67it/s]
Epoch 14/30 [Train]:   1%|          | 3/460 [00:00<01:36,  4.72it/s]
Epoch 14/30 [Train]:   1%|          | 4/460 [00:00<01:35,  4.80it/s]
Epoch 14/30 [Train]:   1%|          | 5/460 [00:01<01:36,  4.74it/s]
Epoch 14/30 [Train]:   1%|▏         | 6/460 [00:01<01:34,  4.80it/s]
Epoch 14/30 [Train]:   2%|▏         | 7/460 [00:01<01:34,  4.78it/s]
Epoch 14/30 [Train]:   2%|▏         | 8/460 [00:01<01:34,  4.76it/s]
Epoch 14/30 [Train]:   2%|▏         | 9/460 [00:01<01:34,  4.76it/s]
Epoch 14/30 [Train]:   2%|▏         | 10/460 [00:02<01:35,  4.73it/s]
Epoch 14/30 [Train]:   2%|▏         | 11/460 [00:02<01:33,  4.78it/s]
Epoch 14/30 [Train]:   3%|▎         | 12/460 [00:02<01:32,  4.82it/s]
Epoch 14/30 [Train]:   3%|▎         | 13/460 [00:02<01:32,  4.82it/s]
Epoch 14/30 [Train]:   3%|▎         | 14/460 [00:02<01:32,  4.82it/s]
Epoch 14/30 [Train]:   3%|▎         | 15/460 [00:03<01:32,  4.83it/s]
Epoch 14/30 [Train]:   3%|▎         | 16/460 [00:03<01:31,  4.84it/s]
Epoch 14/30 [Train]:   4%|▎         | 17/460 [00:03<01:31,  4.85it/s]
Epoch 14/30 [Train]:   4%|▍         | 18/460 [00:03<01:31,  4.84it/s]
Epoch 14/30 [Train]:   4%|▍         | 19/460 [00:03<01:31,  4.83it/s]
Epoch 14/30 [Train]:   4%|▍         | 20/460 [00:04<01:30,  4.84it/s]
Epoch 14/30 [Train]:   5%|▍         | 21/460 [00:04<01:30,  4.83it/s]
Epoch 14/30 [Train]:   5%|▍         | 22/460 [00:04<01:30,  4.84it/s]
Epoch 14/30 [Train]:   5%|▌         | 23/460 [00:04<01:30,  4.83it/s]
Epoch 14/30 [Train]:   5%|▌         | 24/460 [00:04<01:30,  4.81it/s]
Epoch 14/30 [Train]:   5%|▌         | 25/460 [00:05<01:30,  4.80it/s]
Epoch 14/30 [Train]:   6%|▌         | 26/460 [00:05<01:30,  4.79it/s]
Epoch 14/30 [Train]:   6%|▌         | 27/460 [00:05<01:29,  4.83it/s]
Epoch 14/30 [Train]:   6%|▌         | 28/460 [00:05<01:29,  4.80it/s]
Epoch 14/30 [Train]:   6%|▋         | 29/460 [00:06<01:29,  4.82it/s]
Epoch 14/30 [Train]:   7%|▋         | 30/460 [00:06<01:28,  4.87it/s]
Epoch 14/30 [Train]:   7%|▋         | 31/460 [00:06<01:27,  4.88it/s]
Epoch 14/30 [Train]:   7%|▋         | 32/460 [00:06<01:28,  4.85it/s]
Epoch 14/30 [Train]:   7%|▋         | 33/460 [00:06<01:27,  4.87it/s]
Epoch 14/30 [Train]:   7%|▋         | 34/460 [00:07<01:27,  4.87it/s]
Epoch 14/30 [Train]:   8%|▊         | 35/460 [00:07<01:27,  4.87it/s]
Epoch 14/30 [Train]:   8%|▊         | 36/460 [00:07<01:27,  4.87it/s]
Epoch 14/30 [Train]:   8%|▊         | 37/460 [00:07<01:26,  4.88it/s]
Epoch 14/30 [Train]:   8%|▊         | 38/460 [00:07<01:27,  4.82it/s]
Epoch 14/30 [Train]:   8%|▊         | 39/460 [00:08<01:29,  4.72it/s]
Epoch 14/30 [Train]:   9%|▊         | 40/460 [00:08<01:30,  4.64it/s]
Epoch 14/30 [Train]:   9%|▉         | 41/460 [00:08<01:29,  4.67it/s]
Epoch 14/30 [Train]:   9%|▉         | 42/460 [00:08<01:28,  4.73it/s]
Epoch 14/30 [Train]:   9%|▉         | 43/460 [00:08<01:27,  4.77it/s]
Epoch 14/30 [Train]:  10%|▉         | 44/460 [00:09<01:26,  4.80it/s]
Epoch 14/30 [Train]:  10%|▉         | 45/460 [00:09<01:25,  4.83it/s]
Epoch 14/30 [Train]:  10%|█         | 46/460 [00:09<01:25,  4.83it/s]
Epoch 14/30 [Train]:  10%|█         | 47/460 [00:09<01:25,  4.83it/s]
Epoch 14/30 [Train]:  10%|█         | 48/460 [00:09<01:25,  4.84it/s]
Epoch 14/30 [Train]:  11%|█         | 49/460 [00:10<01:24,  4.86it/s]
Epoch 14/30 [Train]:  11%|█         | 50/460 [00:10<01:25,  4.82it/s]
Epoch 14/30 [Train]:  11%|█         | 51/460 [00:10<01:24,  4.86it/s]
Epoch 14/30 [Train]:  11%|█▏        | 52/460 [00:10<01:23,  4.87it/s]
Epoch 14/30 [Train]:  12%|█▏        | 53/460 [00:11<01:23,  4.86it/s]
Epoch 14/30 [Train]:  12%|█▏        | 54/460 [00:11<01:23,  4.87it/s]
Epoch 14/30 [Train]:  12%|█▏        | 55/460 [00:11<01:23,  4.87it/s]
Epoch 14/30 [Train]:  12%|█▏        | 56/460 [00:11<01:22,  4.89it/s]
Epoch 14/30 [Train]:  12%|█▏        | 57/460 [00:11<01:22,  4.89it/s]
Epoch 14/30 [Train]:  13%|█▎        | 58/460 [00:12<01:22,  4.89it/s]
Epoch 14/30 [Train]:  13%|█▎        | 59/460 [00:12<01:22,  4.89it/s]
Epoch 14/30 [Train]:  13%|█▎        | 60/460 [00:12<01:22,  4.86it/s]
Epoch 14/30 [Train]:  13%|█▎        | 61/460 [00:12<01:21,  4.87it/s]
Epoch 14/30 [Train]:  13%|█▎        | 62/460 [00:12<01:22,  4.82it/s]
Epoch 14/30 [Train]:  14%|█▎        | 63/460 [00:13<01:22,  4.82it/s]
Epoch 14/30 [Train]:  14%|█▍        | 64/460 [00:13<01:21,  4.83it/s]
Epoch 14/30 [Train]:  14%|█▍        | 65/460 [00:13<01:21,  4.86it/s]
Epoch 14/30 [Train]:  14%|█▍        | 66/460 [00:13<01:21,  4.86it/s]
Epoch 14/30 [Train]:  15%|█▍        | 67/460 [00:13<01:21,  4.84it/s]
Epoch 14/30 [Train]:  15%|█▍        | 68/460 [00:14<01:20,  4.85it/s]
Epoch 14/30 [Train]:  15%|█▌        | 69/460 [00:14<01:19,  4.89it/s]
Epoch 14/30 [Train]:  15%|█▌        | 70/460 [00:14<01:19,  4.90it/s]
Epoch 14/30 [Train]:  15%|█▌        | 71/460 [00:14<01:19,  4.92it/s]
Epoch 14/30 [Train]:  16%|█▌        | 72/460 [00:14<01:19,  4.86it/s]
Epoch 14/30 [Train]:  16%|█▌        | 73/460 [00:15<01:19,  4.86it/s]
Epoch 14/30 [Train]:  16%|█▌        | 74/460 [00:15<01:19,  4.85it/s]
Epoch 14/30 [Train]:  16%|█▋        | 75/460 [00:15<01:19,  4.83it/s]
Epoch 14/30 [Train]:  17%|█▋        | 76/460 [00:15<01:20,  4.76it/s]
Epoch 14/30 [Train]:  17%|█▋        | 77/460 [00:15<01:20,  4.78it/s]
Epoch 14/30 [Train]:  17%|█▋        | 78/460 [00:16<01:20,  4.75it/s]
Epoch 14/30 [Train]:  17%|█▋        | 79/460 [00:16<01:20,  4.74it/s]
Epoch 14/30 [Train]:  17%|█▋        | 80/460 [00:16<01:20,  4.73it/s]
Epoch 14/30 [Train]:  18%|█▊        | 81/460 [00:16<01:19,  4.75it/s]
Epoch 14/30 [Train]:  18%|█▊        | 82/460 [00:17<01:19,  4.74it/s]
Epoch 14/30 [Train]:  18%|█▊        | 83/460 [00:17<01:19,  4.74it/s]
Epoch 14/30 [Train]:  18%|█▊        | 84/460 [00:17<01:19,  4.75it/s]
Epoch 14/30 [Train]:  18%|█▊        | 85/460 [00:17<01:18,  4.79it/s]
Epoch 14/30 [Train]:  19%|█▊        | 86/460 [00:17<01:17,  4.80it/s]
Epoch 14/30 [Train]:  19%|█▉        | 87/460 [00:18<01:17,  4.80it/s]
Epoch 14/30 [Train]:  19%|█▉        | 88/460 [00:18<01:18,  4.74it/s]
Epoch 14/30 [Train]:  19%|█▉        | 89/460 [00:18<01:18,  4.71it/s]
Epoch 14/30 [Train]:  20%|█▉        | 90/460 [00:18<01:18,  4.73it/s]
Epoch 14/30 [Train]:  20%|█▉        | 91/460 [00:18<01:17,  4.75it/s]
Epoch 14/30 [Train]:  20%|██        | 92/460 [00:19<01:16,  4.78it/s]
Epoch 14/30 [Train]:  20%|██        | 93/460 [00:19<01:16,  4.77it/s]
Epoch 14/30 [Train]:  20%|██        | 94/460 [00:19<01:16,  4.76it/s]
Epoch 14/30 [Train]:  21%|██        | 95/460 [00:19<01:17,  4.74it/s]
Epoch 14/30 [Train]:  21%|██        | 96/460 [00:19<01:16,  4.73it/s]
Epoch 14/30 [Train]:  21%|██        | 97/460 [00:20<01:16,  4.73it/s]
Epoch 14/30 [Train]:  21%|██▏       | 98/460 [00:20<01:16,  4.74it/s]
Epoch 14/30 [Train]:  22%|██▏       | 99/460 [00:20<01:15,  4.77it/s]
Epoch 14/30 [Train]:  22%|██▏       | 100/460 [00:20<01:15,  4.75it/s]
Epoch 14/30 [Train]:  22%|██▏       | 101/460 [00:21<01:16,  4.71it/s]
Epoch 14/30 [Train]:  22%|██▏       | 102/460 [00:21<01:15,  4.72it/s]
Epoch 14/30 [Train]:  22%|██▏       | 103/460 [00:21<01:15,  4.73it/s]
Epoch 14/30 [Train]:  23%|██▎       | 104/460 [00:21<01:14,  4.75it/s]
Epoch 14/30 [Train]:  23%|██▎       | 105/460 [00:21<01:14,  4.74it/s]
Epoch 14/30 [Train]:  23%|██▎       | 106/460 [00:22<01:14,  4.74it/s]
Epoch 14/30 [Train]:  23%|██▎       | 107/460 [00:22<01:13,  4.77it/s]
Epoch 14/30 [Train]:  23%|██▎       | 108/460 [00:22<01:13,  4.79it/s]
Epoch 14/30 [Train]:  24%|██▎       | 109/460 [00:22<01:13,  4.80it/s]
Epoch 14/30 [Train]:  24%|██▍       | 110/460 [00:22<01:12,  4.81it/s]
Epoch 14/30 [Train]:  24%|██▍       | 111/460 [00:23<01:12,  4.79it/s]
Epoch 14/30 [Train]:  24%|██▍       | 112/460 [00:23<01:12,  4.79it/s]
Epoch 14/30 [Train]:  25%|██▍       | 113/460 [00:23<01:12,  4.77it/s]
Epoch 14/30 [Train]:  25%|██▍       | 114/460 [00:23<01:12,  4.79it/s]
Epoch 14/30 [Train]:  25%|██▌       | 115/460 [00:23<01:11,  4.79it/s]
Epoch 14/30 [Train]:  25%|██▌       | 116/460 [00:24<01:11,  4.79it/s]
Epoch 14/30 [Train]:  25%|██▌       | 117/460 [00:24<01:11,  4.81it/s]
Epoch 14/30 [Train]:  26%|██▌       | 118/460 [00:24<01:11,  4.78it/s]
Epoch 14/30 [Train]:  26%|██▌       | 119/460 [00:24<01:11,  4.76it/s]
Epoch 14/30 [Train]:  26%|██▌       | 120/460 [00:25<01:11,  4.73it/s]
Epoch 14/30 [Train]:  26%|██▋       | 121/460 [00:25<01:11,  4.72it/s]
Epoch 14/30 [Train]:  27%|██▋       | 122/460 [00:25<01:11,  4.73it/s]
Epoch 14/30 [Train]:  27%|██▋       | 123/460 [00:25<01:11,  4.72it/s]
Epoch 14/30 [Train]:  27%|██▋       | 124/460 [00:25<01:11,  4.73it/s]
Epoch 14/30 [Train]:  27%|██▋       | 125/460 [00:26<01:10,  4.76it/s]
Epoch 14/30 [Train]:  27%|██▋       | 126/460 [00:26<01:10,  4.76it/s]
Epoch 14/30 [Train]:  28%|██▊       | 127/460 [00:26<01:09,  4.76it/s]
Epoch 14/30 [Train]:  28%|██▊       | 128/460 [00:26<01:09,  4.75it/s]
Epoch 14/30 [Train]:  28%|██▊       | 129/460 [00:26<01:09,  4.77it/s]
Epoch 14/30 [Train]:  28%|██▊       | 130/460 [00:27<01:08,  4.79it/s]
Epoch 14/30 [Train]:  28%|██▊       | 131/460 [00:27<01:08,  4.82it/s]
Epoch 14/30 [Train]:  29%|██▊       | 132/460 [00:27<01:08,  4.79it/s]
Epoch 14/30 [Train]:  29%|██▉       | 133/460 [00:27<01:08,  4.77it/s]
Epoch 14/30 [Train]:  29%|██▉       | 134/460 [00:27<01:09,  4.71it/s]
Epoch 14/30 [Train]:  29%|██▉       | 135/460 [00:28<01:10,  4.63it/s]
Epoch 14/30 [Train]:  30%|██▉       | 136/460 [00:28<01:10,  4.59it/s]
Epoch 14/30 [Train]:  30%|██▉       | 137/460 [00:28<01:10,  4.55it/s]
Epoch 14/30 [Train]:  30%|███       | 138/460 [00:28<01:10,  4.58it/s]
Epoch 14/30 [Train]:  30%|███       | 139/460 [00:29<01:09,  4.64it/s]
Epoch 14/30 [Train]:  30%|███       | 140/460 [00:29<01:08,  4.67it/s]
Epoch 14/30 [Train]:  31%|███       | 141/460 [00:29<01:07,  4.70it/s]
Epoch 14/30 [Train]:  31%|███       | 142/460 [00:29<01:07,  4.72it/s]
Epoch 14/30 [Train]:  31%|███       | 143/460 [00:29<01:07,  4.73it/s]
Epoch 14/30 [Train]:  31%|███▏      | 144/460 [00:30<01:06,  4.74it/s]
Epoch 14/30 [Train]:  32%|███▏      | 145/460 [00:30<01:06,  4.73it/s]
Epoch 14/30 [Train]:  32%|███▏      | 146/460 [00:30<01:06,  4.72it/s]
Epoch 14/30 [Train]:  32%|███▏      | 147/460 [00:30<01:06,  4.72it/s]
Epoch 14/30 [Train]:  32%|███▏      | 148/460 [00:30<01:05,  4.74it/s]
Epoch 14/30 [Train]:  32%|███▏      | 149/460 [00:31<01:05,  4.75it/s]
Epoch 14/30 [Train]:  33%|███▎      | 150/460 [00:31<01:05,  4.75it/s]
Epoch 14/30 [Train]:  33%|███▎      | 151/460 [00:31<01:05,  4.73it/s]
Epoch 14/30 [Train]:  33%|███▎      | 152/460 [00:31<01:05,  4.74it/s]
Epoch 14/30 [Train]:  33%|███▎      | 153/460 [00:31<01:05,  4.72it/s]
Epoch 14/30 [Train]:  33%|███▎      | 154/460 [00:32<01:04,  4.72it/s]
Epoch 14/30 [Train]:  34%|███▎      | 155/460 [00:32<01:04,  4.71it/s]
Epoch 14/30 [Train]:  34%|███▍      | 156/460 [00:32<01:04,  4.71it/s]
Epoch 14/30 [Train]:  34%|███▍      | 157/460 [00:32<01:04,  4.73it/s]
Epoch 14/30 [Train]:  34%|███▍      | 158/460 [00:33<01:04,  4.71it/s]
Epoch 14/30 [Train]:  35%|███▍      | 159/460 [00:33<01:03,  4.74it/s]
Epoch 14/30 [Train]:  35%|███▍      | 160/460 [00:33<01:03,  4.74it/s]
Epoch 14/30 [Train]:  35%|███▌      | 161/460 [00:33<01:03,  4.74it/s]
Epoch 14/30 [Train]:  35%|███▌      | 162/460 [00:33<01:02,  4.75it/s]
Epoch 14/30 [Train]:  35%|███▌      | 163/460 [00:34<01:02,  4.76it/s]
Epoch 14/30 [Train]:  36%|███▌      | 164/460 [00:34<01:02,  4.74it/s]
Epoch 14/30 [Train]:  36%|███▌      | 165/460 [00:34<01:02,  4.73it/s]
Epoch 14/30 [Train]:  36%|███▌      | 166/460 [00:34<01:02,  4.72it/s]
Epoch 14/30 [Train]:  36%|███▋      | 167/460 [00:34<01:01,  4.74it/s]
Epoch 14/30 [Train]:  37%|███▋      | 168/460 [00:35<01:01,  4.75it/s]
Epoch 14/30 [Train]:  37%|███▋      | 169/460 [00:35<01:01,  4.74it/s]
Epoch 14/30 [Train]:  37%|███▋      | 170/460 [00:35<01:01,  4.72it/s]
Epoch 14/30 [Train]:  37%|███▋      | 171/460 [00:35<01:01,  4.71it/s]
Epoch 14/30 [Train]:  37%|███▋      | 172/460 [00:36<01:01,  4.69it/s]
Epoch 14/30 [Train]:  38%|███▊      | 173/460 [00:36<01:01,  4.65it/s]
Epoch 14/30 [Train]:  38%|███▊      | 174/460 [00:36<01:01,  4.66it/s]
Epoch 14/30 [Train]:  38%|███▊      | 175/460 [00:36<01:00,  4.68it/s]
Epoch 14/30 [Train]:  38%|███▊      | 176/460 [00:36<01:00,  4.70it/s]
Epoch 14/30 [Train]:  38%|███▊      | 177/460 [00:37<00:59,  4.72it/s]
Epoch 14/30 [Train]:  39%|███▊      | 178/460 [00:37<00:59,  4.72it/s]
Epoch 14/30 [Train]:  39%|███▉      | 179/460 [00:37<00:59,  4.75it/s]
Epoch 14/30 [Train]:  39%|███▉      | 180/460 [00:37<00:58,  4.76it/s]
Epoch 14/30 [Train]:  39%|███▉      | 181/460 [00:37<00:58,  4.73it/s]
Epoch 14/30 [Train]:  40%|███▉      | 182/460 [00:38<00:59,  4.71it/s]
Epoch 14/30 [Train]:  40%|███▉      | 183/460 [00:38<00:59,  4.66it/s]
Epoch 14/30 [Train]:  40%|████      | 184/460 [00:38<00:59,  4.68it/s]
Epoch 14/30 [Train]:  40%|████      | 185/460 [00:38<00:58,  4.72it/s]
Epoch 14/30 [Train]:  40%|████      | 186/460 [00:38<00:58,  4.72it/s]
Epoch 14/30 [Train]:  41%|████      | 187/460 [00:39<00:57,  4.75it/s]
Epoch 14/30 [Train]:  41%|████      | 188/460 [00:39<00:57,  4.74it/s]
Epoch 14/30 [Train]:  41%|████      | 189/460 [00:39<00:57,  4.74it/s]
Epoch 14/30 [Train]:  41%|████▏     | 190/460 [00:39<00:56,  4.75it/s]
Epoch 14/30 [Train]:  42%|████▏     | 191/460 [00:40<00:56,  4.75it/s]
Epoch 14/30 [Train]:  42%|████▏     | 192/460 [00:40<00:56,  4.75it/s]
Epoch 14/30 [Train]:  42%|████▏     | 193/460 [00:40<00:56,  4.77it/s]
Epoch 14/30 [Train]:  42%|████▏     | 194/460 [00:40<00:55,  4.76it/s]
Epoch 14/30 [Train]:  42%|████▏     | 195/460 [00:40<00:55,  4.78it/s]
Epoch 14/30 [Train]:  43%|████▎     | 196/460 [00:41<00:55,  4.79it/s]
Epoch 14/30 [Train]:  43%|████▎     | 197/460 [00:41<00:54,  4.83it/s]
Epoch 14/30 [Train]:  43%|████▎     | 198/460 [00:41<00:54,  4.81it/s]
Epoch 14/30 [Train]:  43%|████▎     | 199/460 [00:41<00:54,  4.79it/s]
Epoch 14/30 [Train]:  43%|████▎     | 200/460 [00:41<00:54,  4.80it/s]
Epoch 14/30 [Train]:  44%|████▎     | 201/460 [00:42<00:54,  4.80it/s]
Epoch 14/30 [Train]:  44%|████▍     | 202/460 [00:42<00:54,  4.75it/s]
Epoch 14/30 [Train]:  44%|████▍     | 203/460 [00:42<00:54,  4.74it/s]
Epoch 14/30 [Train]:  44%|████▍     | 204/460 [00:42<00:53,  4.75it/s]
Epoch 14/30 [Train]:  45%|████▍     | 205/460 [00:42<00:53,  4.73it/s]
Epoch 14/30 [Train]:  45%|████▍     | 206/460 [00:43<00:53,  4.76it/s]
Epoch 14/30 [Train]:  45%|████▌     | 207/460 [00:43<00:53,  4.76it/s]
Epoch 14/30 [Train]:  45%|████▌     | 208/460 [00:43<00:53,  4.73it/s]
Epoch 14/30 [Train]:  45%|████▌     | 209/460 [00:43<00:52,  4.75it/s]
Epoch 14/30 [Train]:  46%|████▌     | 210/460 [00:44<00:52,  4.75it/s]
Epoch 14/30 [Train]:  46%|████▌     | 211/460 [00:44<00:52,  4.77it/s]
Epoch 14/30 [Train]:  46%|████▌     | 212/460 [00:44<00:52,  4.76it/s]
Epoch 14/30 [Train]:  46%|████▋     | 213/460 [00:44<00:51,  4.79it/s]
Epoch 14/30 [Train]:  47%|████▋     | 214/460 [00:44<00:51,  4.78it/s]
Epoch 14/30 [Train]:  47%|████▋     | 215/460 [00:45<00:51,  4.79it/s]
Epoch 14/30 [Train]:  47%|████▋     | 216/460 [00:45<00:50,  4.79it/s]
Epoch 14/30 [Train]:  47%|████▋     | 217/460 [00:45<00:50,  4.78it/s]
Epoch 14/30 [Train]:  47%|████▋     | 218/460 [00:45<00:50,  4.77it/s]
Epoch 14/30 [Train]:  48%|████▊     | 219/460 [00:45<00:50,  4.74it/s]
Epoch 14/30 [Train]:  48%|████▊     | 220/460 [00:46<00:50,  4.76it/s]
Epoch 14/30 [Train]:  48%|████▊     | 221/460 [00:46<00:50,  4.71it/s]
Epoch 14/30 [Train]:  48%|████▊     | 222/460 [00:46<00:50,  4.72it/s]
Epoch 14/30 [Train]:  48%|████▊     | 223/460 [00:46<00:49,  4.74it/s]
Epoch 14/30 [Train]:  49%|████▊     | 224/460 [00:46<00:49,  4.74it/s]
Epoch 14/30 [Train]:  49%|████▉     | 225/460 [00:47<00:49,  4.76it/s]
Epoch 14/30 [Train]:  49%|████▉     | 226/460 [00:47<00:48,  4.78it/s]
Epoch 14/30 [Train]:  49%|████▉     | 227/460 [00:47<00:48,  4.79it/s]
Epoch 14/30 [Train]:  50%|████▉     | 228/460 [00:47<00:48,  4.78it/s]
Epoch 14/30 [Train]:  50%|████▉     | 229/460 [00:48<00:48,  4.72it/s]
Epoch 14/30 [Train]:  50%|█████     | 230/460 [00:48<00:49,  4.64it/s]
Epoch 14/30 [Train]:  50%|█████     | 231/460 [00:48<00:49,  4.58it/s]
Epoch 14/30 [Train]:  50%|█████     | 232/460 [00:48<00:49,  4.63it/s]
Epoch 14/30 [Train]:  51%|█████     | 233/460 [00:48<00:48,  4.66it/s]
Epoch 14/30 [Train]:  51%|█████     | 234/460 [00:49<00:48,  4.69it/s]
Epoch 14/30 [Train]:  51%|█████     | 235/460 [00:49<00:47,  4.69it/s]
Epoch 14/30 [Train]:  51%|█████▏    | 236/460 [00:49<00:47,  4.70it/s]
Epoch 14/30 [Train]:  52%|█████▏    | 237/460 [00:49<00:47,  4.71it/s]
Epoch 14/30 [Train]:  52%|█████▏    | 238/460 [00:49<00:47,  4.71it/s]
Epoch 14/30 [Train]:  52%|█████▏    | 239/460 [00:50<00:46,  4.72it/s]
Epoch 14/30 [Train]:  52%|█████▏    | 240/460 [00:50<00:46,  4.72it/s]
Epoch 14/30 [Train]:  52%|█████▏    | 241/460 [00:50<00:46,  4.74it/s]
Epoch 14/30 [Train]:  53%|█████▎    | 242/460 [00:50<00:46,  4.71it/s]
Epoch 14/30 [Train]:  53%|█████▎    | 243/460 [00:51<00:45,  4.72it/s]
Epoch 14/30 [Train]:  53%|█████▎    | 244/460 [00:51<00:45,  4.73it/s]
Epoch 14/30 [Train]:  53%|█████▎    | 245/460 [00:51<00:45,  4.73it/s]
Epoch 14/30 [Train]:  53%|█████▎    | 246/460 [00:51<00:45,  4.73it/s]
Epoch 14/30 [Train]:  54%|█████▎    | 247/460 [00:51<00:45,  4.72it/s]
Epoch 14/30 [Train]:  54%|█████▍    | 248/460 [00:52<00:44,  4.72it/s]
Epoch 14/30 [Train]:  54%|█████▍    | 249/460 [00:52<00:44,  4.75it/s]
Epoch 14/30 [Train]:  54%|█████▍    | 250/460 [00:52<00:44,  4.74it/s]
Epoch 14/30 [Train]:  55%|█████▍    | 251/460 [00:52<00:44,  4.73it/s]
Epoch 14/30 [Train]:  55%|█████▍    | 252/460 [00:52<00:43,  4.75it/s]
Epoch 14/30 [Train]:  55%|█████▌    | 253/460 [00:53<00:43,  4.72it/s]
Epoch 14/30 [Train]:  55%|█████▌    | 254/460 [00:53<00:43,  4.74it/s]
Epoch 14/30 [Train]:  55%|█████▌    | 255/460 [00:53<00:43,  4.76it/s]
Epoch 14/30 [Train]:  56%|█████▌    | 256/460 [00:53<00:42,  4.77it/s]
Epoch 14/30 [Train]:  56%|█████▌    | 257/460 [00:53<00:42,  4.77it/s]
Epoch 14/30 [Train]:  56%|█████▌    | 258/460 [00:54<00:42,  4.77it/s]
Epoch 14/30 [Train]:  56%|█████▋    | 259/460 [00:54<00:42,  4.76it/s]
Epoch 14/30 [Train]:  57%|█████▋    | 260/460 [00:54<00:41,  4.76it/s]
Epoch 14/30 [Train]:  57%|█████▋    | 261/460 [00:54<00:42,  4.73it/s]
Epoch 14/30 [Train]:  57%|█████▋    | 262/460 [00:55<00:41,  4.75it/s]
Epoch 14/30 [Train]:  57%|█████▋    | 263/460 [00:55<00:41,  4.74it/s]
Epoch 14/30 [Train]:  57%|█████▋    | 264/460 [00:55<00:41,  4.78it/s]
Epoch 14/30 [Train]:  58%|█████▊    | 265/460 [00:55<00:41,  4.74it/s]
Epoch 14/30 [Train]:  58%|█████▊    | 266/460 [00:55<00:40,  4.75it/s]
Epoch 14/30 [Train]:  58%|█████▊    | 267/460 [00:56<00:40,  4.75it/s]
Epoch 14/30 [Train]:  58%|█████▊    | 268/460 [00:56<00:40,  4.74it/s]
Epoch 14/30 [Train]:  58%|█████▊    | 269/460 [00:56<00:40,  4.73it/s]
Epoch 14/30 [Train]:  59%|█████▊    | 270/460 [00:56<00:39,  4.76it/s]
Epoch 14/30 [Train]:  59%|█████▉    | 271/460 [00:56<00:39,  4.76it/s]
Epoch 14/30 [Train]:  59%|█████▉    | 272/460 [00:57<00:39,  4.79it/s]
Epoch 14/30 [Train]:  59%|█████▉    | 273/460 [00:57<00:39,  4.78it/s]
Epoch 14/30 [Train]:  60%|█████▉    | 274/460 [00:57<00:39,  4.76it/s]
Epoch 14/30 [Train]:  60%|█████▉    | 275/460 [00:57<00:38,  4.77it/s]
Epoch 14/30 [Train]:  60%|██████    | 276/460 [00:57<00:38,  4.75it/s]
Epoch 14/30 [Train]:  60%|██████    | 277/460 [00:58<00:39,  4.67it/s]
Epoch 14/30 [Train]:  60%|██████    | 278/460 [00:58<00:39,  4.60it/s]
Epoch 14/30 [Train]:  61%|██████    | 279/460 [00:58<00:39,  4.64it/s]
Epoch 14/30 [Train]:  61%|██████    | 280/460 [00:58<00:38,  4.64it/s]
Epoch 14/30 [Train]:  61%|██████    | 281/460 [00:59<00:38,  4.65it/s]
Epoch 14/30 [Train]:  61%|██████▏   | 282/460 [00:59<00:38,  4.65it/s]
Epoch 14/30 [Train]:  62%|██████▏   | 283/460 [00:59<00:37,  4.70it/s]
Epoch 14/30 [Train]:  62%|██████▏   | 284/460 [00:59<00:37,  4.70it/s]
Epoch 14/30 [Train]:  62%|██████▏   | 285/460 [00:59<00:37,  4.69it/s]
Epoch 14/30 [Train]:  62%|██████▏   | 286/460 [01:00<00:37,  4.69it/s]
Epoch 14/30 [Train]:  62%|██████▏   | 287/460 [01:00<00:36,  4.71it/s]
Epoch 14/30 [Train]:  63%|██████▎   | 288/460 [01:00<00:36,  4.69it/s]
Epoch 14/30 [Train]:  63%|██████▎   | 289/460 [01:00<00:36,  4.72it/s]
Epoch 14/30 [Train]:  63%|██████▎   | 290/460 [01:00<00:35,  4.73it/s]
Epoch 14/30 [Train]:  63%|██████▎   | 291/460 [01:01<00:35,  4.73it/s]
Epoch 14/30 [Train]:  63%|██████▎   | 292/460 [01:01<00:35,  4.75it/s]
Epoch 14/30 [Train]:  64%|██████▎   | 293/460 [01:01<00:35,  4.75it/s]
Epoch 14/30 [Train]:  64%|██████▍   | 294/460 [01:01<00:34,  4.75it/s]
Epoch 14/30 [Train]:  64%|██████▍   | 295/460 [01:01<00:34,  4.75it/s]
Epoch 14/30 [Train]:  64%|██████▍   | 296/460 [01:02<00:34,  4.74it/s]
Epoch 14/30 [Train]:  65%|██████▍   | 297/460 [01:02<00:34,  4.76it/s]
Epoch 14/30 [Train]:  65%|██████▍   | 298/460 [01:02<00:33,  4.78it/s]
Epoch 14/30 [Train]:  65%|██████▌   | 299/460 [01:02<00:33,  4.74it/s]
Epoch 14/30 [Train]:  65%|██████▌   | 300/460 [01:03<00:33,  4.74it/s]
Epoch 14/30 [Train]:  65%|██████▌   | 301/460 [01:03<00:33,  4.74it/s]
Epoch 14/30 [Train]:  66%|██████▌   | 302/460 [01:03<00:33,  4.76it/s]
Epoch 14/30 [Train]:  66%|██████▌   | 303/460 [01:03<00:33,  4.74it/s]
Epoch 14/30 [Train]:  66%|██████▌   | 304/460 [01:03<00:32,  4.73it/s]
Epoch 14/30 [Train]:  66%|██████▋   | 305/460 [01:04<00:32,  4.76it/s]
Epoch 14/30 [Train]:  67%|██████▋   | 306/460 [01:04<00:32,  4.76it/s]
Epoch 14/30 [Train]:  67%|██████▋   | 307/460 [01:04<00:32,  4.75it/s]
Epoch 14/30 [Train]:  67%|██████▋   | 308/460 [01:04<00:31,  4.76it/s]
Epoch 14/30 [Train]:  67%|██████▋   | 309/460 [01:04<00:31,  4.77it/s]
Epoch 14/30 [Train]:  67%|██████▋   | 310/460 [01:05<00:31,  4.75it/s]
Epoch 14/30 [Train]:  68%|██████▊   | 311/460 [01:05<00:31,  4.76it/s]
Epoch 14/30 [Train]:  68%|██████▊   | 312/460 [01:05<00:31,  4.75it/s]
Epoch 14/30 [Train]:  68%|██████▊   | 313/460 [01:05<00:30,  4.77it/s]
Epoch 14/30 [Train]:  68%|██████▊   | 314/460 [01:05<00:30,  4.76it/s]
Epoch 14/30 [Train]:  68%|██████▊   | 315/460 [01:06<00:30,  4.75it/s]
Epoch 14/30 [Train]:  69%|██████▊   | 316/460 [01:06<00:30,  4.77it/s]
Epoch 14/30 [Train]:  69%|██████▉   | 317/460 [01:06<00:30,  4.76it/s]
Epoch 14/30 [Train]:  69%|██████▉   | 318/460 [01:06<00:29,  4.75it/s]
Epoch 14/30 [Train]:  69%|██████▉   | 319/460 [01:07<00:29,  4.78it/s]
Epoch 14/30 [Train]:  70%|██████▉   | 320/460 [01:07<00:29,  4.77it/s]
Epoch 14/30 [Train]:  70%|██████▉   | 321/460 [01:07<00:29,  4.78it/s]
Epoch 14/30 [Train]:  70%|███████   | 322/460 [01:07<00:28,  4.77it/s]
Epoch 14/30 [Train]:  70%|███████   | 323/460 [01:07<00:28,  4.75it/s]
Epoch 14/30 [Train]:  70%|███████   | 324/460 [01:08<00:29,  4.67it/s]
Epoch 14/30 [Train]:  71%|███████   | 325/460 [01:08<00:29,  4.59it/s]
Epoch 14/30 [Train]:  71%|███████   | 326/460 [01:08<00:29,  4.57it/s]
Epoch 14/30 [Train]:  71%|███████   | 327/460 [01:08<00:28,  4.61it/s]
Epoch 14/30 [Train]:  71%|███████▏  | 328/460 [01:08<00:28,  4.65it/s]
Epoch 14/30 [Train]:  72%|███████▏  | 329/460 [01:09<00:28,  4.64it/s]
Epoch 14/30 [Train]:  72%|███████▏  | 330/460 [01:09<00:28,  4.63it/s]
Epoch 14/30 [Train]:  72%|███████▏  | 331/460 [01:09<00:27,  4.64it/s]
Epoch 14/30 [Train]:  72%|███████▏  | 332/460 [01:09<00:27,  4.69it/s]
Epoch 14/30 [Train]:  72%|███████▏  | 333/460 [01:10<00:27,  4.67it/s]
Epoch 14/30 [Train]:  73%|███████▎  | 334/460 [01:10<00:26,  4.69it/s]
Epoch 14/30 [Train]:  73%|███████▎  | 335/460 [01:10<00:26,  4.69it/s]
Epoch 14/30 [Train]:  73%|███████▎  | 336/460 [01:10<00:26,  4.72it/s]
Epoch 14/30 [Train]:  73%|███████▎  | 337/460 [01:10<00:25,  4.73it/s]
Epoch 14/30 [Train]:  73%|███████▎  | 338/460 [01:11<00:25,  4.73it/s]
Epoch 14/30 [Train]:  74%|███████▎  | 339/460 [01:11<00:25,  4.77it/s]
Epoch 14/30 [Train]:  74%|███████▍  | 340/460 [01:11<00:25,  4.79it/s]
Epoch 14/30 [Train]:  74%|███████▍  | 341/460 [01:11<00:24,  4.79it/s]
Epoch 14/30 [Train]:  74%|███████▍  | 342/460 [01:11<00:24,  4.76it/s]
Epoch 14/30 [Train]:  75%|███████▍  | 343/460 [01:12<00:24,  4.74it/s]
Epoch 14/30 [Train]:  75%|███████▍  | 344/460 [01:12<00:24,  4.74it/s]
Epoch 14/30 [Train]:  75%|███████▌  | 345/460 [01:12<00:24,  4.73it/s]
Epoch 14/30 [Train]:  75%|███████▌  | 346/460 [01:12<00:24,  4.74it/s]
Epoch 14/30 [Train]:  75%|███████▌  | 347/460 [01:12<00:23,  4.76it/s]
Epoch 14/30 [Train]:  76%|███████▌  | 348/460 [01:13<00:23,  4.78it/s]
Epoch 14/30 [Train]:  76%|███████▌  | 349/460 [01:13<00:23,  4.76it/s]
Epoch 14/30 [Train]:  76%|███████▌  | 350/460 [01:13<00:23,  4.76it/s]
Epoch 14/30 [Train]:  76%|███████▋  | 351/460 [01:13<00:22,  4.76it/s]
Epoch 14/30 [Train]:  77%|███████▋  | 352/460 [01:14<00:22,  4.79it/s]
Epoch 14/30 [Train]:  77%|███████▋  | 353/460 [01:14<00:22,  4.76it/s]
Epoch 14/30 [Train]:  77%|███████▋  | 354/460 [01:14<00:22,  4.77it/s]
Epoch 14/30 [Train]:  77%|███████▋  | 355/460 [01:14<00:21,  4.78it/s]
Epoch 14/30 [Train]:  77%|███████▋  | 356/460 [01:14<00:21,  4.79it/s]
Epoch 14/30 [Train]:  78%|███████▊  | 357/460 [01:15<00:21,  4.80it/s]
Epoch 14/30 [Train]:  78%|███████▊  | 358/460 [01:15<00:21,  4.79it/s]
Epoch 14/30 [Train]:  78%|███████▊  | 359/460 [01:15<00:21,  4.78it/s]
Epoch 14/30 [Train]:  78%|███████▊  | 360/460 [01:15<00:20,  4.76it/s]
Epoch 14/30 [Train]:  78%|███████▊  | 361/460 [01:15<00:20,  4.72it/s]
Epoch 14/30 [Train]:  79%|███████▊  | 362/460 [01:16<00:20,  4.72it/s]
Epoch 14/30 [Train]:  79%|███████▉  | 363/460 [01:16<00:20,  4.72it/s]
Epoch 14/30 [Train]:  79%|███████▉  | 364/460 [01:16<00:20,  4.70it/s]
Epoch 14/30 [Train]:  79%|███████▉  | 365/460 [01:16<00:20,  4.73it/s]
Epoch 14/30 [Train]:  80%|███████▉  | 366/460 [01:16<00:19,  4.75it/s]
Epoch 14/30 [Train]:  80%|███████▉  | 367/460 [01:17<00:19,  4.77it/s]
Epoch 14/30 [Train]:  80%|████████  | 368/460 [01:17<00:19,  4.80it/s]
Epoch 14/30 [Train]:  80%|████████  | 369/460 [01:17<00:18,  4.80it/s]
Epoch 14/30 [Train]:  80%|████████  | 370/460 [01:17<00:18,  4.78it/s]
Epoch 14/30 [Train]:  81%|████████  | 371/460 [01:18<00:18,  4.72it/s]
Epoch 14/30 [Train]:  81%|████████  | 372/460 [01:18<00:18,  4.70it/s]
Epoch 14/30 [Train]:  81%|████████  | 373/460 [01:18<00:18,  4.67it/s]
Epoch 14/30 [Train]:  81%|████████▏ | 374/460 [01:18<00:18,  4.72it/s]
Epoch 14/30 [Train]:  82%|████████▏ | 375/460 [01:18<00:17,  4.73it/s]
Epoch 14/30 [Train]:  82%|████████▏ | 376/460 [01:19<00:17,  4.73it/s]
Epoch 14/30 [Train]:  82%|████████▏ | 377/460 [01:19<00:17,  4.72it/s]
Epoch 14/30 [Train]:  82%|████████▏ | 378/460 [01:19<00:17,  4.71it/s]
Epoch 14/30 [Train]:  82%|████████▏ | 379/460 [01:19<00:17,  4.70it/s]
Epoch 14/30 [Train]:  83%|████████▎ | 380/460 [01:19<00:17,  4.70it/s]
Epoch 14/30 [Train]:  83%|████████▎ | 381/460 [01:20<00:16,  4.71it/s]
Epoch 14/30 [Train]:  83%|████████▎ | 382/460 [01:20<00:16,  4.71it/s]
Epoch 14/30 [Train]:  83%|████████▎ | 383/460 [01:20<00:16,  4.69it/s]
Epoch 14/30 [Train]:  83%|████████▎ | 384/460 [01:20<00:16,  4.70it/s]
Epoch 14/30 [Train]:  84%|████████▎ | 385/460 [01:21<00:15,  4.72it/s]
Epoch 14/30 [Train]:  84%|████████▍ | 386/460 [01:21<00:15,  4.73it/s]
Epoch 14/30 [Train]:  84%|████████▍ | 387/460 [01:21<00:15,  4.72it/s]
Epoch 14/30 [Train]:  84%|████████▍ | 388/460 [01:21<00:15,  4.72it/s]
Epoch 14/30 [Train]:  85%|████████▍ | 389/460 [01:21<00:15,  4.73it/s]
Epoch 14/30 [Train]:  85%|████████▍ | 390/460 [01:22<00:14,  4.73it/s]
Epoch 14/30 [Train]:  85%|████████▌ | 391/460 [01:22<00:14,  4.73it/s]
Epoch 14/30 [Train]:  85%|████████▌ | 392/460 [01:22<00:14,  4.74it/s]
Epoch 14/30 [Train]:  85%|████████▌ | 393/460 [01:22<00:14,  4.73it/s]
Epoch 14/30 [Train]:  86%|████████▌ | 394/460 [01:22<00:14,  4.70it/s]
Epoch 14/30 [Train]:  86%|████████▌ | 395/460 [01:23<00:13,  4.69it/s]
Epoch 14/30 [Train]:  86%|████████▌ | 396/460 [01:23<00:13,  4.70it/s]
Epoch 14/30 [Train]:  86%|████████▋ | 397/460 [01:23<00:13,  4.71it/s]
Epoch 14/30 [Train]:  87%|████████▋ | 398/460 [01:23<00:13,  4.71it/s]
Epoch 14/30 [Train]:  87%|████████▋ | 399/460 [01:23<00:12,  4.71it/s]
Epoch 14/30 [Train]:  87%|████████▋ | 400/460 [01:24<00:12,  4.71it/s]
Epoch 14/30 [Train]:  87%|████████▋ | 401/460 [01:24<00:12,  4.73it/s]
Epoch 14/30 [Train]:  87%|████████▋ | 402/460 [01:24<00:12,  4.73it/s]
Epoch 14/30 [Train]:  88%|████████▊ | 403/460 [01:24<00:12,  4.74it/s]
Epoch 14/30 [Train]:  88%|████████▊ | 404/460 [01:25<00:11,  4.77it/s]
Epoch 14/30 [Train]:  88%|████████▊ | 405/460 [01:25<00:11,  4.78it/s]
Epoch 14/30 [Train]:  88%|████████▊ | 406/460 [01:25<00:11,  4.77it/s]
Epoch 14/30 [Train]:  88%|████████▊ | 407/460 [01:25<00:11,  4.76it/s]
Epoch 14/30 [Train]:  89%|████████▊ | 408/460 [01:25<00:10,  4.78it/s]
Epoch 14/30 [Train]:  89%|████████▉ | 409/460 [01:26<00:10,  4.77it/s]
Epoch 14/30 [Train]:  89%|████████▉ | 410/460 [01:26<00:10,  4.78it/s]
Epoch 14/30 [Train]:  89%|████████▉ | 411/460 [01:26<00:10,  4.78it/s]
Epoch 14/30 [Train]:  90%|████████▉ | 412/460 [01:26<00:10,  4.79it/s]
Epoch 14/30 [Train]:  90%|████████▉ | 413/460 [01:26<00:09,  4.77it/s]
Epoch 14/30 [Train]:  90%|█████████ | 414/460 [01:27<00:09,  4.78it/s]
Epoch 14/30 [Train]:  90%|█████████ | 415/460 [01:27<00:09,  4.77it/s]
Epoch 14/30 [Train]:  90%|█████████ | 416/460 [01:27<00:09,  4.75it/s]
Epoch 14/30 [Train]:  91%|█████████ | 417/460 [01:27<00:09,  4.76it/s]
Epoch 14/30 [Train]:  91%|█████████ | 418/460 [01:27<00:08,  4.73it/s]
Epoch 14/30 [Train]:  91%|█████████ | 419/460 [01:28<00:08,  4.65it/s]
Epoch 14/30 [Train]:  91%|█████████▏| 420/460 [01:28<00:08,  4.59it/s]
Epoch 14/30 [Train]:  92%|█████████▏| 421/460 [01:28<00:08,  4.59it/s]
Epoch 14/30 [Train]:  92%|█████████▏| 422/460 [01:28<00:08,  4.62it/s]
Epoch 14/30 [Train]:  92%|█████████▏| 423/460 [01:29<00:07,  4.65it/s]
Epoch 14/30 [Train]:  92%|█████████▏| 424/460 [01:29<00:07,  4.70it/s]
Epoch 14/30 [Train]:  92%|█████████▏| 425/460 [01:29<00:07,  4.71it/s]
Epoch 14/30 [Train]:  93%|█████████▎| 426/460 [01:29<00:07,  4.75it/s]
Epoch 14/30 [Train]:  93%|█████████▎| 427/460 [01:29<00:06,  4.76it/s]
Epoch 14/30 [Train]:  93%|█████████▎| 428/460 [01:30<00:06,  4.77it/s]
Epoch 14/30 [Train]:  93%|█████████▎| 429/460 [01:30<00:06,  4.76it/s]
Epoch 14/30 [Train]:  93%|█████████▎| 430/460 [01:30<00:06,  4.76it/s]
Epoch 14/30 [Train]:  94%|█████████▎| 431/460 [01:30<00:06,  4.74it/s]
Epoch 14/30 [Train]:  94%|█████████▍| 432/460 [01:30<00:05,  4.74it/s]
Epoch 14/30 [Train]:  94%|█████████▍| 433/460 [01:31<00:05,  4.75it/s]
Epoch 14/30 [Train]:  94%|█████████▍| 434/460 [01:31<00:05,  4.73it/s]
Epoch 14/30 [Train]:  95%|█████████▍| 435/460 [01:31<00:05,  4.71it/s]
Epoch 14/30 [Train]:  95%|█████████▍| 436/460 [01:31<00:05,  4.68it/s]
Epoch 14/30 [Train]:  95%|█████████▌| 437/460 [01:32<00:04,  4.67it/s]
Epoch 14/30 [Train]:  95%|█████████▌| 438/460 [01:32<00:04,  4.67it/s]
Epoch 14/30 [Train]:  95%|█████████▌| 439/460 [01:32<00:04,  4.67it/s]
Epoch 14/30 [Train]:  96%|█████████▌| 440/460 [01:32<00:04,  4.68it/s]
Epoch 14/30 [Train]:  96%|█████████▌| 441/460 [01:32<00:04,  4.70it/s]
Epoch 14/30 [Train]:  96%|█████████▌| 442/460 [01:33<00:03,  4.72it/s]
Epoch 14/30 [Train]:  96%|█████████▋| 443/460 [01:33<00:03,  4.73it/s]
Epoch 14/30 [Train]:  97%|█████████▋| 444/460 [01:33<00:03,  4.76it/s]
Epoch 14/30 [Train]:  97%|█████████▋| 445/460 [01:33<00:03,  4.74it/s]
Epoch 14/30 [Train]:  97%|█████████▋| 446/460 [01:33<00:02,  4.74it/s]
Epoch 14/30 [Train]:  97%|█████████▋| 447/460 [01:34<00:02,  4.74it/s]
Epoch 14/30 [Train]:  97%|█████████▋| 448/460 [01:34<00:02,  4.75it/s]
Epoch 14/30 [Train]:  98%|█████████▊| 449/460 [01:34<00:02,  4.74it/s]
Epoch 14/30 [Train]:  98%|█████████▊| 450/460 [01:34<00:02,  4.78it/s]
Epoch 14/30 [Train]:  98%|█████████▊| 451/460 [01:34<00:01,  4.78it/s]
Epoch 14/30 [Train]:  98%|█████████▊| 452/460 [01:35<00:01,  4.76it/s]
Epoch 14/30 [Train]:  98%|█████████▊| 453/460 [01:35<00:01,  4.74it/s]
Epoch 14/30 [Train]:  99%|█████████▊| 454/460 [01:35<00:01,  4.75it/s]
Epoch 14/30 [Train]:  99%|█████████▉| 455/460 [01:35<00:01,  4.76it/s]
Epoch 14/30 [Train]:  99%|█████████▉| 456/460 [01:36<00:00,  4.77it/s]
Epoch 14/30 [Train]:  99%|█████████▉| 457/460 [01:36<00:00,  4.76it/s]
Epoch 14/30 [Train]: 100%|█████████▉| 458/460 [01:36<00:00,  4.76it/s]
Epoch 14/30 [Train]: 100%|█████████▉| 459/460 [01:36<00:00,  4.75it/s]
Epoch 14/30 [Train]: 100%|██████████| 460/460 [01:36<00:00,  5.33it/s]
                                                                      
