===== STDOUT =====
[*] SMP joint: deeplabv3plus, encoder=resnet34, weights=imagenet
[*] dataset: all_filtered (./dataset_all_filtered)
[*] teacher_mode: green_only (./dataset_all_filtered\train\teacher_priors_green_only)
[*] enhancer=basic, joint_model=v1, seg_loss=bce_dice
[*] distill: lambda_mse=10.0, lambda_grad=0.0, loss_weighting=fixed
[*] save_path: ./results/experiments\all_filtered/smp_joint_deeplabv3plus_resnet34_green_mse10_grad0_20260623_imagenet\0626_0956
[*] device: cuda, seed=42
Epoch 001 | LR=0.000100 | TrainLoss=0.9971 | Seg=0.8601 | MSE=0.0137 | Grad=0.1893 | Bnd=0.0000 | W(MSE=10.00,Grad=0.00) | Dice=0.7402 | IoU=0.5972 | Recall=0.7295 | Precision=0.7786 | HD95=22.60 | clDice=0.8342 | BoundaryF1=0.5935
[*] Saved best model: val Dice=0.7402
Epoch 002 | LR=0.000100 | TrainLoss=0.6142 | Seg=0.5594 | MSE=0.0055 | Grad=0.0378 | Bnd=0.0000 | W(MSE=10.00,Grad=0.00) | Dice=0.7451 | IoU=0.6037 | Recall=0.7212 | Precision=0.8035 | HD95=22.03 | clDice=0.8407 | BoundaryF1=0.6167
[*] Saved best model: val Dice=0.7451
Epoch 003 | LR=0.000099 | TrainLoss=0.5677 | Seg=0.5209 | MSE=0.0047 | Grad=0.0180 | Bnd=0.0000 | W(MSE=10.00,Grad=0.00) | Dice=0.7621 | IoU=0.6240 | Recall=0.7666 | Precision=0.7848 | HD95=20.69 | clDice=0.8548 | BoundaryF1=0.6355
[*] Saved best model: val Dice=0.7621
Epoch 004 | LR=0.000098 | TrainLoss=0.5466 | Seg=0.5041 | MSE=0.0043 | Grad=0.0135 | Bnd=0.0000 | W(MSE=10.00,Grad=0.00) | Dice=0.7696 | IoU=0.6329 | Recall=0.7568 | Precision=0.8045 | HD95=19.55 | clDice=0.8629 | BoundaryF1=0.6486
[*] Saved best model: val Dice=0.7696
Epoch 005 | LR=0.000098 | TrainLoss=0.5275 | Seg=0.4861 | MSE=0.0041 | Grad=0.0106 | Bnd=0.0000 | W(MSE=10.00,Grad=0.00) | Dice=0.7686 | IoU=0.6317 | Recall=0.7595 | Precision=0.8032 | HD95=21.08 | clDice=0.8639 | BoundaryF1=0.6513
Epoch 006 | LR=0.000097 | TrainLoss=0.5160 | Seg=0.4746 | MSE=0.0041 | Grad=0.0084 | Bnd=0.0000 | W(MSE=10.00,Grad=0.00) | Dice=0.7746 | IoU=0.6393 | Recall=0.7889 | Precision=0.7855 | HD95=21.00 | clDice=0.8655 | BoundaryF1=0.6583
[*] Saved best model: val Dice=0.7746
Epoch 007 | LR=0.000095 | TrainLoss=0.5073 | Seg=0.4666 | MSE=0.0041 | Grad=0.0071 | Bnd=0.0000 | W(MSE=10.00,Grad=0.00) | Dice=0.7644 | IoU=0.6261 | Recall=0.7318 | Precision=0.8266 | HD95=21.29 | clDice=0.8630 | BoundaryF1=0.6489
Epoch 008 | LR=0.000094 | TrainLoss=0.5007 | Seg=0.4592 | MSE=0.0042 | Grad=0.0065 | Bnd=0.0000 | W(MSE=10.00,Grad=0.00) | Dice=0.7676 | IoU=0.6316 | Recall=0.7511 | Precision=0.8132 | HD95=20.91 | clDice=0.8640 | BoundaryF1=0.6556
Epoch 009 | LR=0.000092 | TrainLoss=0.4884 | Seg=0.4479 | MSE=0.0041 | Grad=0.0061 | Bnd=0.0000 | W(MSE=10.00,Grad=0.00) | Dice=0.7659 | IoU=0.6299 | Recall=0.7413 | Precision=0.8210 | HD95=21.39 | clDice=0.8613 | BoundaryF1=0.6572
Epoch 010 | LR=0.000091 | TrainLoss=0.4786 | Seg=0.4407 | MSE=0.0038 | Grad=0.0054 | Bnd=0.0000 | W(MSE=10.00,Grad=0.00) | Dice=0.7683 | IoU=0.6315 | Recall=0.7363 | Precision=0.8310 | HD95=19.49 | clDice=0.8668 | BoundaryF1=0.6569
Epoch 011 | LR=0.000089 | TrainLoss=0.4705 | Seg=0.4314 | MSE=0.0039 | Grad=0.0051 | Bnd=0.0000 | W(MSE=10.00,Grad=0.00) | Dice=0.7780 | IoU=0.6447 | Recall=0.7640 | Precision=0.8161 | HD95=19.85 | clDice=0.8743 | BoundaryF1=0.6698
[*] Saved best model: val Dice=0.7780
Epoch 012 | LR=0.000087 | TrainLoss=0.4620 | Seg=0.4241 | MSE=0.0038 | Grad=0.0046 | Bnd=0.0000 | W(MSE=10.00,Grad=0.00) | Dice=0.7758 | IoU=0.6414 | Recall=0.7523 | Precision=0.8238 | HD95=19.17 | clDice=0.8718 | BoundaryF1=0.6654
Epoch 013 | LR=0.000084 | TrainLoss=0.4572 | Seg=0.4182 | MSE=0.0039 | Grad=0.0044 | Bnd=0.0000 | W(MSE=10.00,Grad=0.00) | Dice=0.7797 | IoU=0.6472 | Recall=0.7733 | Precision=0.8099 | HD95=20.08 | clDice=0.8748 | BoundaryF1=0.6726
[*] Saved best model: val Dice=0.7797
Epoch 014 | LR=0.000082 | TrainLoss=0.4483 | Seg=0.4120 | MSE=0.0036 | Grad=0.0042 | Bnd=0.0000 | W(MSE=10.00,Grad=0.00) | Dice=0.7838 | IoU=0.6529 | Recall=0.7923 | Precision=0.7972 | HD95=19.96 | clDice=0.8772 | BoundaryF1=0.6756
[*] Saved best model: val Dice=0.7838
Epoch 015 | LR=0.000080 | TrainLoss=0.4379 | Seg=0.4031 | MSE=0.0035 | Grad=0.0040 | Bnd=0.0000 | W(MSE=10.00,Grad=0.00) | Dice=0.7762 | IoU=0.6418 | Recall=0.7592 | Precision=0.8179 | HD95=19.70 | clDice=0.8742 | BoundaryF1=0.6690
Epoch 016 | LR=0.000077 | TrainLoss=0.4309 | Seg=0.3941 | MSE=0.0037 | Grad=0.0036 | Bnd=0.0000 | W(MSE=10.00,Grad=0.00) | Dice=0.7808 | IoU=0.6481 | Recall=0.7870 | Precision=0.7968 | HD95=19.87 | clDice=0.8752 | BoundaryF1=0.6738
Epoch 017 | LR=0.000074 | TrainLoss=0.4273 | Seg=0.3898 | MSE=0.0038 | Grad=0.0035 | Bnd=0.0000 | W(MSE=10.00,Grad=0.00) | Dice=0.7821 | IoU=0.6504 | Recall=0.7791 | Precision=0.8072 | HD95=19.67 | clDice=0.8785 | BoundaryF1=0.6736
Epoch 018 | LR=0.000072 | TrainLoss=0.4207 | Seg=0.3824 | MSE=0.0038 | Grad=0.0036 | Bnd=0.0000 | W(MSE=10.00,Grad=0.00) | Dice=0.7716 | IoU=0.6362 | Recall=0.7433 | Precision=0.8259 | HD95=19.41 | clDice=0.8718 | BoundaryF1=0.6639
Epoch 019 | LR=0.000069 | TrainLoss=0.4146 | Seg=0.3780 | MSE=0.0037 | Grad=0.0036 | Bnd=0.0000 | W(MSE=10.00,Grad=0.00) | Dice=0.7830 | IoU=0.6514 | Recall=0.7819 | Precision=0.8052 | HD95=18.35 | clDice=0.8775 | BoundaryF1=0.6737
Epoch 020 | LR=0.000066 | TrainLoss=0.4080 | Seg=0.3709 | MSE=0.0037 | Grad=0.0034 | Bnd=0.0000 | W(MSE=10.00,Grad=0.00) | Dice=0.7762 | IoU=0.6421 | Recall=0.7742 | Precision=0.8017 | HD95=20.16 | clDice=0.8758 | BoundaryF1=0.6649
Epoch 021 | LR=0.000063 | TrainLoss=0.4019 | Seg=0.3651 | MSE=0.0037 | Grad=0.0033 | Bnd=0.0000 | W(MSE=10.00,Grad=0.00) | Dice=0.7775 | IoU=0.6434 | Recall=0.7579 | Precision=0.8200 | HD95=19.39 | clDice=0.8768 | BoundaryF1=0.6703
Epoch 022 | LR=0.000060 | TrainLoss=0.3934 | Seg=0.3575 | MSE=0.0036 | Grad=0.0031 | Bnd=0.0000 | W(MSE=10.00,Grad=0.00) | Dice=0.7808 | IoU=0.6489 | Recall=0.7954 | Precision=0.7865 | HD95=20.09 | clDice=0.8760 | BoundaryF1=0.6675
Epoch 023 | LR=0.000057 | TrainLoss=0.3885 | Seg=0.3526 | MSE=0.0036 | Grad=0.0030 | Bnd=0.0000 | W(MSE=10.00,Grad=0.00) | Dice=0.7801 | IoU=0.6476 | Recall=0.7820 | Precision=0.8009 | HD95=18.90 | clDice=0.8756 | BoundaryF1=0.6671
Epoch 024 | LR=0.000054 | TrainLoss=0.3805 | Seg=0.3439 | MSE=0.0037 | Grad=0.0030 | Bnd=0.0000 | W(MSE=10.00,Grad=0.00) | Dice=0.7785 | IoU=0.6458 | Recall=0.7769 | Precision=0.8056 | HD95=19.25 | clDice=0.8772 | BoundaryF1=0.6713
Epoch 025 | LR=0.000050 | TrainLoss=0.3769 | Seg=0.3393 | MSE=0.0038 | Grad=0.0029 | Bnd=0.0000 | W(MSE=10.00,Grad=0.00) | Dice=0.7761 | IoU=0.6421 | Recall=0.7634 | Precision=0.8128 | HD95=21.16 | clDice=0.8746 | BoundaryF1=0.6686
Epoch 026 | LR=0.000047 | TrainLoss=0.3696 | Seg=0.3336 | MSE=0.0036 | Grad=0.0029 | Bnd=0.0000 | W(MSE=10.00,Grad=0.00) | Dice=0.7758 | IoU=0.6413 | Recall=0.7629 | Precision=0.8117 | HD95=19.67 | clDice=0.8762 | BoundaryF1=0.6683
Epoch 027 | LR=0.000044 | TrainLoss=0.3651 | Seg=0.3294 | MSE=0.0036 | Grad=0.0028 | Bnd=0.0000 | W(MSE=10.00,Grad=0.00) | Dice=0.7770 | IoU=0.6435 | Recall=0.7679 | Precision=0.8092 | HD95=19.69 | clDice=0.8755 | BoundaryF1=0.6674
Epoch 028 | LR=0.000041 | TrainLoss=0.3593 | Seg=0.3233 | MSE=0.0036 | Grad=0.0027 | Bnd=0.0000 | W(MSE=10.00,Grad=0.00) | Dice=0.7770 | IoU=0.6428 | Recall=0.7636 | Precision=0.8125 | HD95=19.29 | clDice=0.8755 | BoundaryF1=0.6667
Epoch 029 | LR=0.000038 | TrainLoss=0.3518 | Seg=0.3177 | MSE=0.0034 | Grad=0.0027 | Bnd=0.0000 | W(MSE=10.00,Grad=0.00) | Dice=0.7765 | IoU=0.6420 | Recall=0.7573 | Precision=0.8192 | HD95=19.48 | clDice=0.8771 | BoundaryF1=0.6665
Epoch 030 | LR=0.000035 | TrainLoss=0.3508 | Seg=0.3137 | MSE=0.0037 | Grad=0.0027 | Bnd=0.0000 | W(MSE=10.00,Grad=0.00) | Dice=0.7711 | IoU=0.6354 | Recall=0.7418 | Precision=0.8282 | HD95=19.59 | clDice=0.8723 | BoundaryF1=0.6642
Epoch 031 | LR=0.000032 | TrainLoss=0.3438 | Seg=0.3081 | MSE=0.0036 | Grad=0.0026 | Bnd=0.0000 | W(MSE=10.00,Grad=0.00) | Dice=0.7721 | IoU=0.6372 | Recall=0.7532 | Precision=0.8177 | HD95=20.23 | clDice=0.8734 | BoundaryF1=0.6637
Epoch 032 | LR=0.000029 | TrainLoss=0.3378 | Seg=0.3030 | MSE=0.0035 | Grad=0.0026 | Bnd=0.0000 | W(MSE=10.00,Grad=0.00) | Dice=0.7745 | IoU=0.6404 | Recall=0.7569 | Precision=0.8180 | HD95=19.31 | clDice=0.8750 | BoundaryF1=0.6668
Epoch 033 | LR=0.000027 | TrainLoss=0.3359 | Seg=0.3008 | MSE=0.0035 | Grad=0.0026 | Bnd=0.0000 | W(MSE=10.00,Grad=0.00) | Dice=0.7757 | IoU=0.6416 | Recall=0.7644 | Precision=0.8109 | HD95=19.28 | clDice=0.8754 | BoundaryF1=0.6678
Epoch 034 | LR=0.000024 | TrainLoss=0.3327 | Seg=0.2979 | MSE=0.0035 | Grad=0.0025 | Bnd=0.0000 | W(MSE=10.00,Grad=0.00) | Dice=0.7758 | IoU=0.6409 | Recall=0.7615 | Precision=0.8129 | HD95=19.81 | clDice=0.8771 | BoundaryF1=0.6671
[*] Early stopping at epoch 34

[SMP Joint Evaluation Complete]
Aggregate CSV: ./results/experiments\all_filtered/smp_joint_deeplabv3plus_resnet34_green_mse10_grad0_20260623_imagenet\0626_0956\aggregate_results.csv
all_filtered/smp_joint_deeplabv3plus_resnet34_green_mse10_grad0_20260623_imagenet: Dice=0.7463, IoU=0.6066, Recall=0.7863, Precision=0.7298, HD95=25.14, clDice=0.8352, BoundaryF1=0.6226
===== STDERR =====

Epoch 1/50 [Train]:   0%|          | 0/459 [00:00<?, ?it/s]
Epoch 1/50 [Train]:   0%|          | 1/459 [00:00<03:34,  2.13it/s]
Epoch 1/50 [Train]:   1%|          | 3/459 [00:00<01:23,  5.48it/s]
Epoch 1/50 [Train]:   1%|          | 5/459 [00:00<00:55,  8.16it/s]
Epoch 1/50 [Train]:   2%|▏         | 7/459 [00:00<00:45,  9.95it/s]
Epoch 1/50 [Train]:   2%|▏         | 9/459 [00:01<00:41, 10.96it/s]
Epoch 1/50 [Train]:   2%|▏         | 11/459 [00:01<00:38, 11.60it/s]
Epoch 1/50 [Train]:   3%|▎         | 13/459 [00:01<00:37, 11.89it/s]
Epoch 1/50 [Train]:   3%|▎         | 15/459 [00:01<00:36, 12.26it/s]
Epoch 1/50 [Train]:   4%|▎         | 17/459 [00:01<00:34, 12.69it/s]
Epoch 1/50 [Train]:   4%|▍         | 19/459 [00:01<00:33, 13.10it/s]
Epoch 1/50 [Train]:   5%|▍         | 21/459 [00:01<00:33, 13.25it/s]
Epoch 1/50 [Train]:   5%|▌         | 23/459 [00:02<00:32, 13.49it/s]
Epoch 1/50 [Train]:   5%|▌         | 25/459 [00:02<00:31, 13.83it/s]
Epoch 1/50 [Train]:   6%|▌         | 27/459 [00:02<00:31, 13.86it/s]
Epoch 1/50 [Train]:   6%|▋         | 29/459 [00:02<00:31, 13.71it/s]
Epoch 1/50 [Train]:   7%|▋         | 31/459 [00:02<00:30, 13.97it/s]
Epoch 1/50 [Train]:   7%|▋         | 33/459 [00:02<00:30, 14.02it/s]
Epoch 1/50 [Train]:   8%|▊         | 35/459 [00:02<00:30, 14.04it/s]
Epoch 1/50 [Train]:   8%|▊         | 37/459 [00:03<00:29, 14.13it/s]
Epoch 1/50 [Train]:   8%|▊         | 39/459 [00:03<00:29, 14.21it/s]
Epoch 1/50 [Train]:   9%|▉         | 41/459 [00:03<00:29, 14.12it/s]
Epoch 1/50 [Train]:   9%|▉         | 43/459 [00:03<00:29, 14.09it/s]
Epoch 1/50 [Train]:  10%|▉         | 45/459 [00:03<00:28, 14.48it/s]
Epoch 1/50 [Train]:  10%|█         | 47/459 [00:03<00:27, 14.76it/s]
Epoch 1/50 [Train]:  11%|█         | 49/459 [00:03<00:27, 14.96it/s]
Epoch 1/50 [Train]:  11%|█         | 51/459 [00:04<00:27, 14.76it/s]
Epoch 1/50 [Train]:  12%|█▏        | 53/459 [00:04<00:28, 14.14it/s]
Epoch 1/50 [Train]:  12%|█▏        | 55/459 [00:04<00:28, 14.03it/s]
Epoch 1/50 [Train]:  12%|█▏        | 57/459 [00:04<00:27, 14.37it/s]
Epoch 1/50 [Train]:  13%|█▎        | 59/459 [00:04<00:27, 14.72it/s]
Epoch 1/50 [Train]:  13%|█▎        | 61/459 [00:04<00:26, 15.00it/s]
Epoch 1/50 [Train]:  14%|█▎        | 63/459 [00:04<00:26, 15.21it/s]
Epoch 1/50 [Train]:  14%|█▍        | 65/459 [00:04<00:25, 15.44it/s]
Epoch 1/50 [Train]:  15%|█▍        | 67/459 [00:05<00:25, 15.46it/s]
Epoch 1/50 [Train]:  15%|█▌        | 69/459 [00:05<00:25, 15.56it/s]
Epoch 1/50 [Train]:  15%|█▌        | 71/459 [00:05<00:24, 15.68it/s]
Epoch 1/50 [Train]:  16%|█▌        | 73/459 [00:05<00:24, 15.68it/s]
Epoch 1/50 [Train]:  16%|█▋        | 75/459 [00:05<00:24, 15.77it/s]
Epoch 1/50 [Train]:  17%|█▋        | 77/459 [00:05<00:24, 15.82it/s]
Epoch 1/50 [Train]:  17%|█▋        | 79/459 [00:05<00:23, 15.89it/s]
Epoch 1/50 [Train]:  18%|█▊        | 81/459 [00:05<00:23, 15.79it/s]
Epoch 1/50 [Train]:  18%|█▊        | 83/459 [00:06<00:23, 15.73it/s]
Epoch 1/50 [Train]:  19%|█▊        | 85/459 [00:06<00:23, 15.77it/s]
Epoch 1/50 [Train]:  19%|█▉        | 87/459 [00:06<00:23, 15.68it/s]
Epoch 1/50 [Train]:  19%|█▉        | 89/459 [00:06<00:23, 15.73it/s]
Epoch 1/50 [Train]:  20%|█▉        | 91/459 [00:06<00:23, 15.75it/s]
Epoch 1/50 [Train]:  20%|██        | 93/459 [00:06<00:24, 15.24it/s]
Epoch 1/50 [Train]:  21%|██        | 95/459 [00:06<00:25, 14.53it/s]
Epoch 1/50 [Train]:  21%|██        | 97/459 [00:07<00:25, 14.34it/s]
Epoch 1/50 [Train]:  22%|██▏       | 99/459 [00:07<00:25, 14.17it/s]
Epoch 1/50 [Train]:  22%|██▏       | 101/459 [00:07<00:25, 13.93it/s]
Epoch 1/50 [Train]:  22%|██▏       | 103/459 [00:07<00:26, 13.64it/s]
Epoch 1/50 [Train]:  23%|██▎       | 105/459 [00:07<00:26, 13.54it/s]
Epoch 1/50 [Train]:  23%|██▎       | 107/459 [00:07<00:26, 13.39it/s]
Epoch 1/50 [Train]:  24%|██▎       | 109/459 [00:07<00:25, 13.71it/s]
Epoch 1/50 [Train]:  24%|██▍       | 111/459 [00:08<00:25, 13.73it/s]
Epoch 1/50 [Train]:  25%|██▍       | 113/459 [00:08<00:25, 13.70it/s]
Epoch 1/50 [Train]:  25%|██▌       | 115/459 [00:08<00:24, 13.76it/s]
Epoch 1/50 [Train]:  25%|██▌       | 117/459 [00:08<00:24, 14.09it/s]
Epoch 1/50 [Train]:  26%|██▌       | 119/459 [00:08<00:23, 14.34it/s]
Epoch 1/50 [Train]:  26%|██▋       | 121/459 [00:08<00:22, 14.79it/s]
Epoch 1/50 [Train]:  27%|██▋       | 123/459 [00:08<00:22, 15.03it/s]
Epoch 1/50 [Train]:  27%|██▋       | 125/459 [00:09<00:22, 14.90it/s]
Epoch 1/50 [Train]:  28%|██▊       | 127/459 [00:09<00:22, 14.85it/s]
Epoch 1/50 [Train]:  28%|██▊       | 129/459 [00:09<00:22, 14.37it/s]
Epoch 1/50 [Train]:  29%|██▊       | 131/459 [00:09<00:22, 14.49it/s]
Epoch 1/50 [Train]:  29%|██▉       | 133/459 [00:09<00:21, 14.90it/s]
Epoch 1/50 [Train]:  29%|██▉       | 135/459 [00:09<00:21, 15.06it/s]
Epoch 1/50 [Train]:  30%|██▉       | 137/459 [00:09<00:21, 14.71it/s]
Epoch 1/50 [Train]:  30%|███       | 139/459 [00:10<00:22, 14.52it/s]
Epoch 1/50 [Train]:  31%|███       | 141/459 [00:10<00:21, 14.49it/s]
Epoch 1/50 [Train]:  31%|███       | 143/459 [00:10<00:21, 14.41it/s]
Epoch 1/50 [Train]:  32%|███▏      | 145/459 [00:10<00:22, 14.01it/s]
Epoch 1/50 [Train]:  32%|███▏      | 147/459 [00:10<00:23, 13.49it/s]
Epoch 1/50 [Train]:  32%|███▏      | 149/459 [00:10<00:22, 13.65it/s]
Epoch 1/50 [Train]:  33%|███▎      | 151/459 [00:10<00:22, 13.81it/s]
Epoch 1/50 [Train]:  33%|███▎      | 153/459 [00:11<00:21, 14.31it/s]
Epoch 1/50 [Train]:  34%|███▍      | 155/459 [00:11<00:20, 14.69it/s]
Epoch 1/50 [Train]:  34%|███▍      | 157/459 [00:11<00:20, 15.04it/s]
Epoch 1/50 [Train]:  35%|███▍      | 159/459 [00:11<00:19, 15.09it/s]
Epoch 1/50 [Train]:  35%|███▌      | 161/459 [00:11<00:19, 15.26it/s]
Epoch 1/50 [Train]:  36%|███▌      | 163/459 [00:11<00:19, 15.32it/s]
Epoch 1/50 [Train]:  36%|███▌      | 165/459 [00:11<00:19, 15.36it/s]
Epoch 1/50 [Train]:  36%|███▋      | 167/459 [00:11<00:19, 15.35it/s]
Epoch 1/50 [Train]:  37%|███▋      | 169/459 [00:12<00:18, 15.49it/s]
Epoch 1/50 [Train]:  37%|███▋      | 171/459 [00:12<00:18, 15.59it/s]
Epoch 1/50 [Train]:  38%|███▊      | 173/459 [00:12<00:18, 15.66it/s]
Epoch 1/50 [Train]:  38%|███▊      | 175/459 [00:12<00:18, 15.63it/s]
Epoch 1/50 [Train]:  39%|███▊      | 177/459 [00:12<00:17, 15.74it/s]
Epoch 1/50 [Train]:  39%|███▉      | 179/459 [00:12<00:17, 15.75it/s]
Epoch 1/50 [Train]:  39%|███▉      | 181/459 [00:12<00:17, 15.77it/s]
Epoch 1/50 [Train]:  40%|███▉      | 183/459 [00:12<00:17, 15.83it/s]
Epoch 1/50 [Train]:  40%|████      | 185/459 [00:13<00:17, 15.77it/s]
Epoch 1/50 [Train]:  41%|████      | 187/459 [00:13<00:17, 15.83it/s]
Epoch 1/50 [Train]:  41%|████      | 189/459 [00:13<00:17, 15.67it/s]
Epoch 1/50 [Train]:  42%|████▏     | 191/459 [00:13<00:17, 15.66it/s]
Epoch 1/50 [Train]:  42%|████▏     | 193/459 [00:13<00:17, 15.62it/s]
Epoch 1/50 [Train]:  42%|████▏     | 195/459 [00:13<00:16, 15.76it/s]
Epoch 1/50 [Train]:  43%|████▎     | 197/459 [00:13<00:16, 15.86it/s]
Epoch 1/50 [Train]:  43%|████▎     | 199/459 [00:13<00:16, 15.74it/s]
Epoch 1/50 [Train]:  44%|████▍     | 201/459 [00:14<00:16, 15.73it/s]
Epoch 1/50 [Train]:  44%|████▍     | 203/459 [00:14<00:16, 15.72it/s]
Epoch 1/50 [Train]:  45%|████▍     | 205/459 [00:14<00:16, 15.76it/s]
Epoch 1/50 [Train]:  45%|████▌     | 207/459 [00:14<00:15, 15.81it/s]
Epoch 1/50 [Train]:  46%|████▌     | 209/459 [00:14<00:15, 15.67it/s]
Epoch 1/50 [Train]:  46%|████▌     | 211/459 [00:14<00:15, 15.57it/s]
Epoch 1/50 [Train]:  46%|████▋     | 213/459 [00:14<00:15, 15.46it/s]
Epoch 1/50 [Train]:  47%|████▋     | 215/459 [00:14<00:15, 15.54it/s]
Epoch 1/50 [Train]:  47%|████▋     | 217/459 [00:15<00:15, 15.45it/s]
Epoch 1/50 [Train]:  48%|████▊     | 219/459 [00:15<00:15, 15.50it/s]
Epoch 1/50 [Train]:  48%|████▊     | 221/459 [00:15<00:15, 15.31it/s]
Epoch 1/50 [Train]:  49%|████▊     | 223/459 [00:15<00:15, 15.51it/s]
Epoch 1/50 [Train]:  49%|████▉     | 225/459 [00:15<00:14, 15.66it/s]
Epoch 1/50 [Train]:  49%|████▉     | 227/459 [00:15<00:14, 15.61it/s]
Epoch 1/50 [Train]:  50%|████▉     | 229/459 [00:15<00:14, 15.57it/s]
Epoch 1/50 [Train]:  50%|█████     | 231/459 [00:15<00:14, 15.71it/s]
Epoch 1/50 [Train]:  51%|█████     | 233/459 [00:16<00:14, 15.70it/s]
Epoch 1/50 [Train]:  51%|█████     | 235/459 [00:16<00:14, 15.64it/s]
Epoch 1/50 [Train]:  52%|█████▏    | 237/459 [00:16<00:14, 15.59it/s]
Epoch 1/50 [Train]:  52%|█████▏    | 239/459 [00:16<00:14, 15.64it/s]
Epoch 1/50 [Train]:  53%|█████▎    | 241/459 [00:16<00:13, 15.70it/s]
Epoch 1/50 [Train]:  53%|█████▎    | 243/459 [00:16<00:13, 15.70it/s]
Epoch 1/50 [Train]:  53%|█████▎    | 245/459 [00:16<00:13, 15.78it/s]
Epoch 1/50 [Train]:  54%|█████▍    | 247/459 [00:17<00:13, 15.83it/s]
Epoch 1/50 [Train]:  54%|█████▍    | 249/459 [00:17<00:13, 15.80it/s]
Epoch 1/50 [Train]:  55%|█████▍    | 251/459 [00:17<00:13, 15.78it/s]
Epoch 1/50 [Train]:  55%|█████▌    | 253/459 [00:17<00:13, 15.76it/s]
Epoch 1/50 [Train]:  56%|█████▌    | 255/459 [00:17<00:12, 15.83it/s]
Epoch 1/50 [Train]:  56%|█████▌    | 257/459 [00:17<00:12, 15.78it/s]
Epoch 1/50 [Train]:  56%|█████▋    | 259/459 [00:17<00:12, 15.82it/s]
Epoch 1/50 [Train]:  57%|█████▋    | 261/459 [00:17<00:12, 15.74it/s]
Epoch 1/50 [Train]:  57%|█████▋    | 263/459 [00:18<00:12, 15.72it/s]
Epoch 1/50 [Train]:  58%|█████▊    | 265/459 [00:18<00:12, 15.81it/s]
Epoch 1/50 [Train]:  58%|█████▊    | 267/459 [00:18<00:12, 15.80it/s]
Epoch 1/50 [Train]:  59%|█████▊    | 269/459 [00:18<00:11, 15.84it/s]
Epoch 1/50 [Train]:  59%|█████▉    | 271/459 [00:18<00:11, 15.85it/s]
Epoch 1/50 [Train]:  59%|█████▉    | 273/459 [00:18<00:11, 15.87it/s]
Epoch 1/50 [Train]:  60%|█████▉    | 275/459 [00:18<00:11, 15.89it/s]
Epoch 1/50 [Train]:  60%|██████    | 277/459 [00:18<00:11, 15.82it/s]
Epoch 1/50 [Train]:  61%|██████    | 279/459 [00:19<00:11, 15.80it/s]
Epoch 1/50 [Train]:  61%|██████    | 281/459 [00:19<00:11, 15.76it/s]
Epoch 1/50 [Train]:  62%|██████▏   | 283/459 [00:19<00:11, 15.72it/s]
Epoch 1/50 [Train]:  62%|██████▏   | 285/459 [00:19<00:11, 15.69it/s]
Epoch 1/50 [Train]:  63%|██████▎   | 287/459 [00:19<00:11, 15.62it/s]
Epoch 1/50 [Train]:  63%|██████▎   | 289/459 [00:19<00:10, 15.62it/s]
Epoch 1/50 [Train]:  63%|██████▎   | 291/459 [00:19<00:10, 15.67it/s]
Epoch 1/50 [Train]:  64%|██████▍   | 293/459 [00:19<00:10, 15.64it/s]
Epoch 1/50 [Train]:  64%|██████▍   | 295/459 [00:20<00:10, 15.74it/s]
Epoch 1/50 [Train]:  65%|██████▍   | 297/459 [00:20<00:10, 15.69it/s]
Epoch 1/50 [Train]:  65%|██████▌   | 299/459 [00:20<00:10, 15.40it/s]
Epoch 1/50 [Train]:  66%|██████▌   | 301/459 [00:20<00:10, 15.56it/s]
Epoch 1/50 [Train]:  66%|██████▌   | 303/459 [00:20<00:10, 15.59it/s]
Epoch 1/50 [Train]:  66%|██████▋   | 305/459 [00:20<00:09, 15.65it/s]
Epoch 1/50 [Train]:  67%|██████▋   | 307/459 [00:20<00:09, 15.68it/s]
Epoch 1/50 [Train]:  67%|██████▋   | 309/459 [00:20<00:09, 15.71it/s]
Epoch 1/50 [Train]:  68%|██████▊   | 311/459 [00:21<00:09, 15.67it/s]
Epoch 1/50 [Train]:  68%|██████▊   | 313/459 [00:21<00:09, 15.72it/s]
Epoch 1/50 [Train]:  69%|██████▊   | 315/459 [00:21<00:09, 15.60it/s]
Epoch 1/50 [Train]:  69%|██████▉   | 317/459 [00:21<00:09, 15.44it/s]
Epoch 1/50 [Train]:  69%|██████▉   | 319/459 [00:21<00:09, 15.54it/s]
Epoch 1/50 [Train]:  70%|██████▉   | 321/459 [00:21<00:08, 15.66it/s]
Epoch 1/50 [Train]:  70%|███████   | 323/459 [00:21<00:08, 15.65it/s]
Epoch 1/50 [Train]:  71%|███████   | 325/459 [00:21<00:08, 15.77it/s]
Epoch 1/50 [Train]:  71%|███████   | 327/459 [00:22<00:08, 15.65it/s]
Epoch 1/50 [Train]:  72%|███████▏  | 329/459 [00:22<00:08, 15.62it/s]
Epoch 1/50 [Train]:  72%|███████▏  | 331/459 [00:22<00:08, 15.59it/s]
Epoch 1/50 [Train]:  73%|███████▎  | 333/459 [00:22<00:08, 15.58it/s]
Epoch 1/50 [Train]:  73%|███████▎  | 335/459 [00:22<00:07, 15.55it/s]
Epoch 1/50 [Train]:  73%|███████▎  | 337/459 [00:22<00:07, 15.55it/s]
Epoch 1/50 [Train]:  74%|███████▍  | 339/459 [00:22<00:07, 15.57it/s]
Epoch 1/50 [Train]:  74%|███████▍  | 341/459 [00:23<00:07, 15.66it/s]
Epoch 1/50 [Train]:  75%|███████▍  | 343/459 [00:23<00:07, 15.68it/s]
Epoch 1/50 [Train]:  75%|███████▌  | 345/459 [00:23<00:07, 15.66it/s]
Epoch 1/50 [Train]:  76%|███████▌  | 347/459 [00:23<00:07, 15.67it/s]
Epoch 1/50 [Train]:  76%|███████▌  | 349/459 [00:23<00:06, 15.77it/s]
Epoch 1/50 [Train]:  76%|███████▋  | 351/459 [00:23<00:06, 15.59it/s]
Epoch 1/50 [Train]:  77%|███████▋  | 353/459 [00:23<00:06, 15.58it/s]
Epoch 1/50 [Train]:  77%|███████▋  | 355/459 [00:23<00:06, 15.61it/s]
Epoch 1/50 [Train]:  78%|███████▊  | 357/459 [00:24<00:06, 15.55it/s]
Epoch 1/50 [Train]:  78%|███████▊  | 359/459 [00:24<00:06, 15.52it/s]
Epoch 1/50 [Train]:  79%|███████▊  | 361/459 [00:24<00:06, 15.58it/s]
Epoch 1/50 [Train]:  79%|███████▉  | 363/459 [00:24<00:06, 15.57it/s]
Epoch 1/50 [Train]:  80%|███████▉  | 365/459 [00:24<00:06, 15.35it/s]
Epoch 1/50 [Train]:  80%|███████▉  | 367/459 [00:24<00:05, 15.47it/s]
Epoch 1/50 [Train]:  80%|████████  | 369/459 [00:24<00:05, 15.60it/s]
Epoch 1/50 [Train]:  81%|████████  | 371/459 [00:24<00:05, 15.52it/s]
Epoch 1/50 [Train]:  81%|████████▏ | 373/459 [00:25<00:05, 15.64it/s]
Epoch 1/50 [Train]:  82%|████████▏ | 375/459 [00:25<00:05, 15.61it/s]
Epoch 1/50 [Train]:  82%|████████▏ | 377/459 [00:25<00:05, 15.59it/s]
Epoch 1/50 [Train]:  83%|████████▎ | 379/459 [00:25<00:05, 15.69it/s]
Epoch 1/50 [Train]:  83%|████████▎ | 381/459 [00:25<00:04, 15.72it/s]
Epoch 1/50 [Train]:  83%|████████▎ | 383/459 [00:25<00:04, 15.66it/s]
Epoch 1/50 [Train]:  84%|████████▍ | 385/459 [00:25<00:04, 15.66it/s]
Epoch 1/50 [Train]:  84%|████████▍ | 387/459 [00:25<00:04, 15.63it/s]
Epoch 1/50 [Train]:  85%|████████▍ | 389/459 [00:26<00:04, 15.64it/s]
Epoch 1/50 [Train]:  85%|████████▌ | 391/459 [00:26<00:04, 15.78it/s]
Epoch 1/50 [Train]:  86%|████████▌ | 393/459 [00:26<00:04, 15.70it/s]
Epoch 1/50 [Train]:  86%|████████▌ | 395/459 [00:26<00:04, 15.73it/s]
Epoch 1/50 [Train]:  86%|████████▋ | 397/459 [00:26<00:03, 15.79it/s]
Epoch 1/50 [Train]:  87%|████████▋ | 399/459 [00:26<00:03, 15.68it/s]
Epoch 1/50 [Train]:  87%|████████▋ | 401/459 [00:26<00:03, 15.66it/s]
Epoch 1/50 [Train]:  88%|████████▊ | 403/459 [00:26<00:03, 15.70it/s]
Epoch 1/50 [Train]:  88%|████████▊ | 405/459 [00:27<00:03, 15.75it/s]
Epoch 1/50 [Train]:  89%|████████▊ | 407/459 [00:27<00:03, 15.67it/s]
Epoch 1/50 [Train]:  89%|████████▉ | 409/459 [00:27<00:03, 15.60it/s]
Epoch 1/50 [Train]:  90%|████████▉ | 411/459 [00:27<00:03, 15.64it/s]
Epoch 1/50 [Train]:  90%|████████▉ | 413/459 [00:27<00:02, 15.58it/s]
Epoch 1/50 [Train]:  90%|█████████ | 415/459 [00:27<00:02, 15.64it/s]
Epoch 1/50 [Train]:  91%|█████████ | 417/459 [00:27<00:02, 15.67it/s]
Epoch 1/50 [Train]:  91%|█████████▏| 419/459 [00:27<00:02, 15.73it/s]
Epoch 1/50 [Train]:  92%|█████████▏| 421/459 [00:28<00:02, 15.60it/s]
Epoch 1/50 [Train]:  92%|█████████▏| 423/459 [00:28<00:02, 15.67it/s]
Epoch 1/50 [Train]:  93%|█████████▎| 425/459 [00:28<00:02, 15.59it/s]
Epoch 1/50 [Train]:  93%|█████████▎| 427/459 [00:28<00:02, 15.58it/s]
Epoch 1/50 [Train]:  93%|█████████▎| 429/459 [00:28<00:01, 15.62it/s]
Epoch 1/50 [Train]:  94%|█████████▍| 431/459 [00:28<00:01, 15.60it/s]
Epoch 1/50 [Train]:  94%|█████████▍| 433/459 [00:28<00:01, 15.64it/s]
Epoch 1/50 [Train]:  95%|█████████▍| 435/459 [00:29<00:01, 15.78it/s]
Epoch 1/50 [Train]:  95%|█████████▌| 437/459 [00:29<00:01, 15.71it/s]
Epoch 1/50 [Train]:  96%|█████████▌| 439/459 [00:29<00:01, 15.83it/s]
Epoch 1/50 [Train]:  96%|█████████▌| 441/459 [00:29<00:01, 15.82it/s]
Epoch 1/50 [Train]:  97%|█████████▋| 443/459 [00:29<00:01, 15.74it/s]
Epoch 1/50 [Train]:  97%|█████████▋| 445/459 [00:29<00:00, 15.76it/s]
Epoch 1/50 [Train]:  97%|█████████▋| 447/459 [00:29<00:00, 15.74it/s]
Epoch 1/50 [Train]:  98%|█████████▊| 449/459 [00:29<00:00, 15.76it/s]
Epoch 1/50 [Train]:  98%|█████████▊| 451/459 [00:30<00:00, 15.84it/s]
Epoch 1/50 [Train]:  99%|█████████▊| 453/459 [00:30<00:00, 15.76it/s]
Epoch 1/50 [Train]:  99%|█████████▉| 455/459 [00:30<00:00, 15.66it/s]
Epoch 1/50 [Train]: 100%|█████████▉| 457/459 [00:30<00:00, 15.66it/s]
Epoch 1/50 [Train]: 100%|██████████| 459/459 [00:30<00:00, 15.61it/s]
                                                                     

Epoch 1/50 [Val]:   0%|          | 0/113 [00:00<?, ?it/s]
Epoch 1/50 [Val]:   2%|▏         | 2/113 [00:00<00:06, 16.80it/s]
Epoch 1/50 [Val]:   4%|▎         | 4/113 [00:00<00:06, 16.93it/s]
Epoch 1/50 [Val]:   5%|▌         | 6/113 [00:00<00:06, 16.89it/s]
Epoch 1/50 [Val]:   7%|▋         | 8/113 [00:00<00:06, 16.88it/s]
Epoch 1/50 [Val]:   9%|▉         | 10/113 [00:00<00:06, 17.13it/s]
Epoch 1/50 [Val]:  11%|█         | 12/113 [00:00<00:05, 17.01it/s]
Epoch 1/50 [Val]:  12%|█▏        | 14/113 [00:00<00:05, 16.88it/s]
Epoch 1/50 [Val]:  14%|█▍        | 16/113 [00:00<00:05, 16.20it/s]
Epoch 1/50 [Val]:  16%|█▌        | 18/113 [00:01<00:06, 15.79it/s]
Epoch 1/50 [Val]:  18%|█▊        | 20/113 [00:01<00:05, 15.58it/s]
Epoch 1/50 [Val]:  19%|█▉        | 22/113 [00:01<00:05, 15.33it/s]
Epoch 1/50 [Val]:  21%|██        | 24/113 [00:01<00:05, 15.28it/s]
Epoch 1/50 [Val]:  23%|██▎       | 26/113 [00:01<00:05, 15.47it/s]
Epoch 1/50 [Val]:  25%|██▍       | 28/113 [00:01<00:05, 15.64it/s]
Epoch 1/50 [Val]:  27%|██▋       | 30/113 [00:01<00:05, 15.97it/s]
Epoch 1/50 [Val]:  28%|██▊       | 32/113 [00:01<00:05, 16.07it/s]
Epoch 1/50 [Val]:  30%|███       | 34/113 [00:02<00:04, 16.15it/s]
Epoch 1/50 [Val]:  32%|███▏      | 36/113 [00:02<00:04, 16.53it/s]
Epoch 1/50 [Val]:  34%|███▎      | 38/113 [00:02<00:04, 16.78it/s]
Epoch 1/50 [Val]:  35%|███▌      | 40/113 [00:02<00:04, 16.84it/s]
Epoch 1/50 [Val]:  37%|███▋      | 42/113 [00:02<00:04, 16.91it/s]
Epoch 1/50 [Val]:  39%|███▉      | 44/113 [00:02<00:04, 16.80it/s]
Epoch 1/50 [Val]:  41%|████      | 46/113 [00:02<00:04, 16.54it/s]
Epoch 1/50 [Val]:  42%|████▏     | 48/113 [00:02<00:03, 16.58it/s]
Epoch 1/50 [Val]:  44%|████▍     | 50/113 [00:03<00:03, 16.74it/s]
Epoch 1/50 [Val]:  46%|████▌     | 52/113 [00:03<00:03, 16.86it/s]
Epoch 1/50 [Val]:  48%|████▊     | 54/113 [00:03<00:03, 17.06it/s]
Epoch 1/50 [Val]:  50%|████▉     | 56/113 [00:03<00:03, 17.09it/s]
Epoch 1/50 [Val]:  51%|█████▏    | 58/113 [00:03<00:03, 16.56it/s]
Epoch 1/50 [Val]:  53%|█████▎    | 60/113 [00:03<00:03, 16.82it/s]
Epoch 1/50 [Val]:  55%|█████▍    | 62/113 [00:03<00:03, 16.77it/s]
Epoch 1/50 [Val]:  57%|█████▋    | 64/113 [00:03<00:02, 16.80it/s]
Epoch 1/50 [Val]:  58%|█████▊    | 66/113 [00:04<00:02, 16.53it/s]
Epoch 1/50 [Val]:  60%|██████    | 68/113 [00:04<00:02, 16.47it/s]
Epoch 1/50 [Val]:  62%|██████▏   | 70/113 [00:04<00:02, 16.65it/s]
Epoch 1/50 [Val]:  64%|██████▎   | 72/113 [00:04<00:02, 16.90it/s]
Epoch 1/50 [Val]:  65%|██████▌   | 74/113 [00:04<00:02, 16.98it/s]
Epoch 1/50 [Val]:  67%|██████▋   | 76/113 [00:04<00:02, 16.90it/s]
Epoch 1/50 [Val]:  69%|██████▉   | 78/113 [00:04<00:02, 16.89it/s]
Epoch 1/50 [Val]:  71%|███████   | 80/113 [00:04<00:01, 16.84it/s]
Epoch 1/50 [Val]:  73%|███████▎  | 82/113 [00:04<00:01, 16.76it/s]
Epoch 1/50 [Val]:  74%|███████▍  | 84/113 [00:05<00:01, 16.84it/s]
Epoch 1/50 [Val]:  76%|███████▌  | 86/113 [00:05<00:01, 16.81it/s]
Epoch 1/50 [Val]:  78%|███████▊  | 88/113 [00:05<00:01, 16.68it/s]
Epoch 1/50 [Val]:  80%|███████▉  | 90/113 [00:05<00:01, 16.84it/s]
Epoch 1/50 [Val]:  81%|████████▏ | 92/113 [00:05<00:01, 16.94it/s]
Epoch 1/50 [Val]:  83%|████████▎ | 94/113 [00:05<00:01, 17.12it/s]
Epoch 1/50 [Val]:  85%|████████▍ | 96/113 [00:05<00:00, 17.39it/s]
Epoch 1/50 [Val]:  87%|████████▋ | 98/113 [00:05<00:00, 17.50it/s]
Epoch 1/50 [Val]:  88%|████████▊ | 100/113 [00:06<00:00, 17.17it/s]
Epoch 1/50 [Val]:  90%|█████████ | 102/113 [00:06<00:00, 16.82it/s]
Epoch 1/50 [Val]:  92%|█████████▏| 104/113 [00:06<00:00, 17.01it/s]
Epoch 1/50 [Val]:  94%|█████████▍| 106/113 [00:06<00:00, 17.00it/s]
Epoch 1/50 [Val]:  96%|█████████▌| 108/113 [00:06<00:00, 17.29it/s]
Epoch 1/50 [Val]:  97%|█████████▋| 110/113 [00:06<00:00, 17.34it/s]
Epoch 1/50 [Val]:  99%|█████████▉| 112/113 [00:06<00:00, 17.33it/s]
                                                                   

Epoch 2/50 [Train]:   0%|          | 0/459 [00:00<?, ?it/s]
Epoch 2/50 [Train]:   0%|          | 2/459 [00:00<00:29, 15.50it/s]
Epoch 2/50 [Train]:   1%|          | 4/459 [00:00<00:28, 15.89it/s]
Epoch 2/50 [Train]:   1%|▏         | 6/459 [00:00<00:28, 16.05it/s]
Epoch 2/50 [Train]:   2%|▏         | 8/459 [00:00<00:28, 16.06it/s]
Epoch 2/50 [Train]:   2%|▏         | 10/459 [00:00<00:28, 15.90it/s]
Epoch 2/50 [Train]:   3%|▎         | 12/459 [00:00<00:27, 16.02it/s]
Epoch 2/50 [Train]:   3%|▎         | 14/459 [00:00<00:27, 16.05it/s]
Epoch 2/50 [Train]:   3%|▎         | 16/459 [00:00<00:27, 16.05it/s]
Epoch 2/50 [Train]:   4%|▍         | 18/459 [00:01<00:27, 16.12it/s]
Epoch 2/50 [Train]:   4%|▍         | 20/459 [00:01<00:27, 16.06it/s]
Epoch 2/50 [Train]:   5%|▍         | 22/459 [00:01<00:27, 16.08it/s]
Epoch 2/50 [Train]:   5%|▌         | 24/459 [00:01<00:26, 16.13it/s]
Epoch 2/50 [Train]:   6%|▌         | 26/459 [00:01<00:26, 16.39it/s]
Epoch 2/50 [Train]:   6%|▌         | 28/459 [00:01<00:26, 16.32it/s]
Epoch 2/50 [Train]:   7%|▋         | 30/459 [00:01<00:26, 16.44it/s]
Epoch 2/50 [Train]:   7%|▋         | 32/459 [00:01<00:26, 16.37it/s]
Epoch 2/50 [Train]:   7%|▋         | 34/459 [00:02<00:26, 16.33it/s]
Epoch 2/50 [Train]:   8%|▊         | 36/459 [00:02<00:25, 16.27it/s]
Epoch 2/50 [Train]:   8%|▊         | 38/459 [00:02<00:25, 16.31it/s]
Epoch 2/50 [Train]:   9%|▊         | 40/459 [00:02<00:25, 16.24it/s]
Epoch 2/50 [Train]:   9%|▉         | 42/459 [00:02<00:25, 16.25it/s]
Epoch 2/50 [Train]:  10%|▉         | 44/459 [00:02<00:25, 16.27it/s]
Epoch 2/50 [Train]:  10%|█         | 46/459 [00:02<00:25, 16.21it/s]
Epoch 2/50 [Train]:  10%|█         | 48/459 [00:02<00:25, 16.09it/s]
Epoch 2/50 [Train]:  11%|█         | 50/459 [00:03<00:25, 16.15it/s]
Epoch 2/50 [Train]:  11%|█▏        | 52/459 [00:03<00:25, 16.16it/s]
Epoch 2/50 [Train]:  12%|█▏        | 54/459 [00:03<00:25, 16.17it/s]
Epoch 2/50 [Train]:  12%|█▏        | 56/459 [00:03<00:24, 16.25it/s]
Epoch 2/50 [Train]:  13%|█▎        | 58/459 [00:03<00:24, 16.29it/s]
Epoch 2/50 [Train]:  13%|█▎        | 60/459 [00:03<00:24, 16.42it/s]
Epoch 2/50 [Train]:  14%|█▎        | 62/459 [00:03<00:24, 16.37it/s]
Epoch 2/50 [Train]:  14%|█▍        | 64/459 [00:03<00:24, 16.08it/s]
Epoch 2/50 [Train]:  14%|█▍        | 66/459 [00:04<00:24, 16.23it/s]
Epoch 2/50 [Train]:  15%|█▍        | 68/459 [00:04<00:23, 16.31it/s]
Epoch 2/50 [Train]:  15%|█▌        | 70/459 [00:04<00:23, 16.32it/s]
Epoch 2/50 [Train]:  16%|█▌        | 72/459 [00:04<00:23, 16.37it/s]
Epoch 2/50 [Train]:  16%|█▌        | 74/459 [00:04<00:23, 16.30it/s]
Epoch 2/50 [Train]:  17%|█▋        | 76/459 [00:04<00:23, 16.28it/s]
Epoch 2/50 [Train]:  17%|█▋        | 78/459 [00:04<00:23, 16.29it/s]
Epoch 2/50 [Train]:  17%|█▋        | 80/459 [00:04<00:23, 16.24it/s]
Epoch 2/50 [Train]:  18%|█▊        | 82/459 [00:05<00:23, 16.34it/s]
Epoch 2/50 [Train]:  18%|█▊        | 84/459 [00:05<00:23, 16.22it/s]
Epoch 2/50 [Train]:  19%|█▊        | 86/459 [00:05<00:22, 16.31it/s]
Epoch 2/50 [Train]:  19%|█▉        | 88/459 [00:05<00:22, 16.28it/s]
Epoch 2/50 [Train]:  20%|█▉        | 90/459 [00:05<00:22, 16.17it/s]
Epoch 2/50 [Train]:  20%|██        | 92/459 [00:05<00:22, 16.25it/s]
Epoch 2/50 [Train]:  20%|██        | 94/459 [00:05<00:22, 16.23it/s]
Epoch 2/50 [Train]:  21%|██        | 96/459 [00:05<00:22, 16.21it/s]
Epoch 2/50 [Train]:  21%|██▏       | 98/459 [00:06<00:22, 16.30it/s]
Epoch 2/50 [Train]:  22%|██▏       | 100/459 [00:06<00:21, 16.36it/s]
Epoch 2/50 [Train]:  22%|██▏       | 102/459 [00:06<00:21, 16.53it/s]
Epoch 2/50 [Train]:  23%|██▎       | 104/459 [00:06<00:21, 16.39it/s]
Epoch 2/50 [Train]:  23%|██▎       | 106/459 [00:06<00:21, 16.32it/s]
Epoch 2/50 [Train]:  24%|██▎       | 108/459 [00:06<00:21, 16.51it/s]
Epoch 2/50 [Train]:  24%|██▍       | 110/459 [00:06<00:21, 16.31it/s]
Epoch 2/50 [Train]:  24%|██▍       | 112/459 [00:06<00:21, 16.29it/s]
Epoch 2/50 [Train]:  25%|██▍       | 114/459 [00:07<00:21, 16.18it/s]
Epoch 2/50 [Train]:  25%|██▌       | 116/459 [00:07<00:21, 16.02it/s]
Epoch 2/50 [Train]:  26%|██▌       | 118/459 [00:07<00:21, 16.03it/s]
Epoch 2/50 [Train]:  26%|██▌       | 120/459 [00:07<00:21, 16.00it/s]
Epoch 2/50 [Train]:  27%|██▋       | 122/459 [00:07<00:21, 15.77it/s]
Epoch 2/50 [Train]:  27%|██▋       | 124/459 [00:07<00:21, 15.91it/s]
Epoch 2/50 [Train]:  27%|██▋       | 126/459 [00:07<00:20, 15.93it/s]
Epoch 2/50 [Train]:  28%|██▊       | 128/459 [00:07<00:20, 15.92it/s]
Epoch 2/50 [Train]:  28%|██▊       | 130/459 [00:08<00:21, 15.66it/s]
Epoch 2/50 [Train]:  29%|██▉       | 132/459 [00:08<00:20, 15.76it/s]
Epoch 2/50 [Train]:  29%|██▉       | 134/459 [00:08<00:20, 15.87it/s]
Epoch 2/50 [Train]:  30%|██▉       | 136/459 [00:08<00:20, 15.96it/s]
Epoch 2/50 [Train]:  30%|███       | 138/459 [00:08<00:19, 16.12it/s]
Epoch 2/50 [Train]:  31%|███       | 140/459 [00:08<00:19, 16.23it/s]
Epoch 2/50 [Train]:  31%|███       | 142/459 [00:08<00:19, 16.25it/s]
Epoch 2/50 [Train]:  31%|███▏      | 144/459 [00:08<00:19, 16.34it/s]
Epoch 2/50 [Train]:  32%|███▏      | 146/459 [00:09<00:19, 16.35it/s]
Epoch 2/50 [Train]:  32%|███▏      | 148/459 [00:09<00:19, 16.29it/s]
Epoch 2/50 [Train]:  33%|███▎      | 150/459 [00:09<00:18, 16.28it/s]
Epoch 2/50 [Train]:  33%|███▎      | 152/459 [00:09<00:18, 16.29it/s]
Epoch 2/50 [Train]:  34%|███▎      | 154/459 [00:09<00:18, 16.20it/s]
Epoch 2/50 [Train]:  34%|███▍      | 156/459 [00:09<00:18, 16.16it/s]
Epoch 2/50 [Train]:  34%|███▍      | 158/459 [00:09<00:18, 16.11it/s]
Epoch 2/50 [Train]:  35%|███▍      | 160/459 [00:09<00:18, 16.13it/s]
Epoch 2/50 [Train]:  35%|███▌      | 162/459 [00:10<00:18, 16.10it/s]
Epoch 2/50 [Train]:  36%|███▌      | 164/459 [00:10<00:18, 16.09it/s]
Epoch 2/50 [Train]:  36%|███▌      | 166/459 [00:10<00:18, 16.19it/s]
Epoch 2/50 [Train]:  37%|███▋      | 168/459 [00:10<00:17, 16.25it/s]
Epoch 2/50 [Train]:  37%|███▋      | 170/459 [00:10<00:17, 16.17it/s]
Epoch 2/50 [Train]:  37%|███▋      | 172/459 [00:10<00:17, 16.23it/s]
Epoch 2/50 [Train]:  38%|███▊      | 174/459 [00:10<00:17, 16.34it/s]
Epoch 2/50 [Train]:  38%|███▊      | 176/459 [00:10<00:17, 16.37it/s]
Epoch 2/50 [Train]:  39%|███▉      | 178/459 [00:10<00:17, 16.23it/s]
Epoch 2/50 [Train]:  39%|███▉      | 180/459 [00:11<00:17, 16.16it/s]
Epoch 2/50 [Train]:  40%|███▉      | 182/459 [00:11<00:17, 16.05it/s]
Epoch 2/50 [Train]:  40%|████      | 184/459 [00:11<00:17, 16.07it/s]
Epoch 2/50 [Train]:  41%|████      | 186/459 [00:11<00:16, 16.12it/s]
Epoch 2/50 [Train]:  41%|████      | 188/459 [00:11<00:16, 16.10it/s]
Epoch 2/50 [Train]:  41%|████▏     | 190/459 [00:11<00:16, 16.13it/s]
Epoch 2/50 [Train]:  42%|████▏     | 192/459 [00:11<00:16, 16.17it/s]
Epoch 2/50 [Train]:  42%|████▏     | 194/459 [00:11<00:16, 16.25it/s]
Epoch 2/50 [Train]:  43%|████▎     | 196/459 [00:12<00:16, 16.31it/s]
Epoch 2/50 [Train]:  43%|████▎     | 198/459 [00:12<00:15, 16.33it/s]
Epoch 2/50 [Train]:  44%|████▎     | 200/459 [00:12<00:15, 16.37it/s]
Epoch 2/50 [Train]:  44%|████▍     | 202/459 [00:12<00:15, 16.27it/s]
Epoch 2/50 [Train]:  44%|████▍     | 204/459 [00:12<00:15, 16.15it/s]
Epoch 2/50 [Train]:  45%|████▍     | 206/459 [00:12<00:15, 16.09it/s]
Epoch 2/50 [Train]:  45%|████▌     | 208/459 [00:12<00:15, 16.20it/s]
Epoch 2/50 [Train]:  46%|████▌     | 210/459 [00:12<00:15, 15.89it/s]
Epoch 2/50 [Train]:  46%|████▌     | 212/459 [00:13<00:15, 15.86it/s]
Epoch 2/50 [Train]:  47%|████▋     | 214/459 [00:13<00:15, 16.01it/s]
Epoch 2/50 [Train]:  47%|████▋     | 216/459 [00:13<00:15, 15.95it/s]
Epoch 2/50 [Train]:  47%|████▋     | 218/459 [00:13<00:15, 16.04it/s]
Epoch 2/50 [Train]:  48%|████▊     | 220/459 [00:13<00:14, 16.20it/s]
Epoch 2/50 [Train]:  48%|████▊     | 222/459 [00:13<00:14, 16.25it/s]
Epoch 2/50 [Train]:  49%|████▉     | 224/459 [00:13<00:14, 16.22it/s]
Epoch 2/50 [Train]:  49%|████▉     | 226/459 [00:13<00:14, 16.20it/s]
Epoch 2/50 [Train]:  50%|████▉     | 228/459 [00:14<00:14, 16.22it/s]
Epoch 2/50 [Train]:  50%|█████     | 230/459 [00:14<00:14, 16.27it/s]
Epoch 2/50 [Train]:  51%|█████     | 232/459 [00:14<00:13, 16.23it/s]
Epoch 2/50 [Train]:  51%|█████     | 234/459 [00:14<00:13, 16.25it/s]
Epoch 2/50 [Train]:  51%|█████▏    | 236/459 [00:14<00:13, 16.37it/s]
Epoch 2/50 [Train]:  52%|█████▏    | 238/459 [00:14<00:13, 16.34it/s]
Epoch 2/50 [Train]:  52%|█████▏    | 240/459 [00:14<00:13, 16.06it/s]
Epoch 2/50 [Train]:  53%|█████▎    | 242/459 [00:14<00:13, 15.99it/s]
Epoch 2/50 [Train]:  53%|█████▎    | 244/459 [00:15<00:13, 16.08it/s]
Epoch 2/50 [Train]:  54%|█████▎    | 246/459 [00:15<00:13, 16.15it/s]
Epoch 2/50 [Train]:  54%|█████▍    | 248/459 [00:15<00:12, 16.25it/s]
Epoch 2/50 [Train]:  54%|█████▍    | 250/459 [00:15<00:12, 16.25it/s]
Epoch 2/50 [Train]:  55%|█████▍    | 252/459 [00:15<00:12, 16.31it/s]
Epoch 2/50 [Train]:  55%|█████▌    | 254/459 [00:15<00:12, 16.10it/s]
Epoch 2/50 [Train]:  56%|█████▌    | 256/459 [00:15<00:12, 16.21it/s]
Epoch 2/50 [Train]:  56%|█████▌    | 258/459 [00:15<00:12, 16.14it/s]
Epoch 2/50 [Train]:  57%|█████▋    | 260/459 [00:16<00:12, 16.10it/s]
Epoch 2/50 [Train]:  57%|█████▋    | 262/459 [00:16<00:12, 16.17it/s]
Epoch 2/50 [Train]:  58%|█████▊    | 264/459 [00:16<00:11, 16.26it/s]
Epoch 2/50 [Train]:  58%|█████▊    | 266/459 [00:16<00:11, 16.32it/s]
Epoch 2/50 [Train]:  58%|█████▊    | 268/459 [00:16<00:11, 16.36it/s]
Epoch 2/50 [Train]:  59%|█████▉    | 270/459 [00:16<00:11, 16.23it/s]
Epoch 2/50 [Train]:  59%|█████▉    | 272/459 [00:16<00:11, 16.35it/s]
Epoch 2/50 [Train]:  60%|█████▉    | 274/459 [00:16<00:11, 16.23it/s]
Epoch 2/50 [Train]:  60%|██████    | 276/459 [00:17<00:11, 16.24it/s]
Epoch 2/50 [Train]:  61%|██████    | 278/459 [00:17<00:11, 16.31it/s]
Epoch 2/50 [Train]:  61%|██████    | 280/459 [00:17<00:10, 16.33it/s]
Epoch 2/50 [Train]:  61%|██████▏   | 282/459 [00:17<00:10, 16.33it/s]
Epoch 2/50 [Train]:  62%|██████▏   | 284/459 [00:17<00:10, 16.30it/s]
Epoch 2/50 [Train]:  62%|██████▏   | 286/459 [00:17<00:10, 16.25it/s]
Epoch 2/50 [Train]:  63%|██████▎   | 288/459 [00:17<00:10, 16.31it/s]
Epoch 2/50 [Train]:  63%|██████▎   | 290/459 [00:17<00:10, 16.28it/s]
Epoch 2/50 [Train]:  64%|██████▎   | 292/459 [00:18<00:10, 16.23it/s]
Epoch 2/50 [Train]:  64%|██████▍   | 294/459 [00:18<00:10, 16.25it/s]
Epoch 2/50 [Train]:  64%|██████▍   | 296/459 [00:18<00:10, 16.23it/s]
Epoch 2/50 [Train]:  65%|██████▍   | 298/459 [00:18<00:09, 16.22it/s]
Epoch 2/50 [Train]:  65%|██████▌   | 300/459 [00:18<00:09, 16.39it/s]
Epoch 2/50 [Train]:  66%|██████▌   | 302/459 [00:18<00:09, 16.33it/s]
Epoch 2/50 [Train]:  66%|██████▌   | 304/459 [00:18<00:09, 16.29it/s]
Epoch 2/50 [Train]:  67%|██████▋   | 306/459 [00:18<00:09, 16.30it/s]
Epoch 2/50 [Train]:  67%|██████▋   | 308/459 [00:19<00:09, 15.75it/s]
Epoch 2/50 [Train]:  68%|██████▊   | 310/459 [00:19<00:09, 16.01it/s]
Epoch 2/50 [Train]:  68%|██████▊   | 312/459 [00:19<00:09, 16.08it/s]
Epoch 2/50 [Train]:  68%|██████▊   | 314/459 [00:19<00:08, 16.19it/s]
Epoch 2/50 [Train]:  69%|██████▉   | 316/459 [00:19<00:08, 15.95it/s]
Epoch 2/50 [Train]:  69%|██████▉   | 318/459 [00:19<00:08, 16.04it/s]
Epoch 2/50 [Train]:  70%|██████▉   | 320/459 [00:19<00:08, 16.06it/s]
Epoch 2/50 [Train]:  70%|███████   | 322/459 [00:19<00:08, 16.20it/s]
Epoch 2/50 [Train]:  71%|███████   | 324/459 [00:20<00:08, 16.16it/s]
Epoch 2/50 [Train]:  71%|███████   | 326/459 [00:20<00:08, 16.17it/s]
Epoch 2/50 [Train]:  71%|███████▏  | 328/459 [00:20<00:08, 16.13it/s]
Epoch 2/50 [Train]:  72%|███████▏  | 330/459 [00:20<00:08, 16.08it/s]
Epoch 2/50 [Train]:  72%|███████▏  | 332/459 [00:20<00:07, 16.15it/s]
Epoch 2/50 [Train]:  73%|███████▎  | 334/459 [00:20<00:07, 16.30it/s]
Epoch 2/50 [Train]:  73%|███████▎  | 336/459 [00:20<00:07, 16.20it/s]
Epoch 2/50 [Train]:  74%|███████▎  | 338/459 [00:20<00:07, 16.34it/s]
Epoch 2/50 [Train]:  74%|███████▍  | 340/459 [00:20<00:07, 16.30it/s]
Epoch 2/50 [Train]:  75%|███████▍  | 342/459 [00:21<00:07, 16.47it/s]
Epoch 2/50 [Train]:  75%|███████▍  | 344/459 [00:21<00:07, 16.26it/s]
Epoch 2/50 [Train]:  75%|███████▌  | 346/459 [00:21<00:07, 16.12it/s]
Epoch 2/50 [Train]:  76%|███████▌  | 348/459 [00:21<00:06, 16.28it/s]
Epoch 2/50 [Train]:  76%|███████▋  | 350/459 [00:21<00:06, 16.32it/s]
Epoch 2/50 [Train]:  77%|███████▋  | 352/459 [00:21<00:06, 16.40it/s]
Epoch 2/50 [Train]:  77%|███████▋  | 354/459 [00:21<00:06, 16.36it/s]
Epoch 2/50 [Train]:  78%|███████▊  | 356/459 [00:21<00:06, 16.16it/s]
Epoch 2/50 [Train]:  78%|███████▊  | 358/459 [00:22<00:06, 16.17it/s]
Epoch 2/50 [Train]:  78%|███████▊  | 360/459 [00:22<00:06, 16.05it/s]
Epoch 2/50 [Train]:  79%|███████▉  | 362/459 [00:22<00:05, 16.17it/s]
Epoch 2/50 [Train]:  79%|███████▉  | 364/459 [00:22<00:05, 16.14it/s]
Epoch 2/50 [Train]:  80%|███████▉  | 366/459 [00:22<00:05, 16.17it/s]
Epoch 2/50 [Train]:  80%|████████  | 368/459 [00:22<00:05, 16.26it/s]
Epoch 2/50 [Train]:  81%|████████  | 370/459 [00:22<00:05, 16.23it/s]
Epoch 2/50 [Train]:  81%|████████  | 372/459 [00:23<00:05, 14.76it/s]
Epoch 2/50 [Train]:  81%|████████▏ | 374/459 [00:23<00:05, 15.16it/s]
Epoch 2/50 [Train]:  82%|████████▏ | 376/459 [00:23<00:05, 15.53it/s]
Epoch 2/50 [Train]:  82%|████████▏ | 378/459 [00:23<00:05, 15.76it/s]
Epoch 2/50 [Train]:  83%|████████▎ | 380/459 [00:23<00:04, 15.94it/s]
Epoch 2/50 [Train]:  83%|████████▎ | 382/459 [00:23<00:04, 16.20it/s]
Epoch 2/50 [Train]:  84%|████████▎ | 384/459 [00:23<00:04, 16.26it/s]
Epoch 2/50 [Train]:  84%|████████▍ | 386/459 [00:23<00:04, 16.24it/s]
Epoch 2/50 [Train]:  85%|████████▍ | 388/459 [00:23<00:04, 16.20it/s]
Epoch 2/50 [Train]:  85%|████████▍ | 390/459 [00:24<00:04, 16.24it/s]
Epoch 2/50 [Train]:  85%|████████▌ | 392/459 [00:24<00:04, 16.20it/s]
Epoch 2/50 [Train]:  86%|████████▌ | 394/459 [00:24<00:04, 16.16it/s]
Epoch 2/50 [Train]:  86%|████████▋ | 396/459 [00:24<00:03, 16.20it/s]
Epoch 2/50 [Train]:  87%|████████▋ | 398/459 [00:24<00:03, 16.20it/s]
Epoch 2/50 [Train]:  87%|████████▋ | 400/459 [00:24<00:03, 16.15it/s]
Epoch 2/50 [Train]:  88%|████████▊ | 402/459 [00:24<00:03, 16.12it/s]
Epoch 2/50 [Train]:  88%|████████▊ | 404/459 [00:24<00:03, 16.01it/s]
Epoch 2/50 [Train]:  88%|████████▊ | 406/459 [00:25<00:03, 16.02it/s]
Epoch 2/50 [Train]:  89%|████████▉ | 408/459 [00:25<00:03, 16.17it/s]
Epoch 2/50 [Train]:  89%|████████▉ | 410/459 [00:25<00:03, 16.25it/s]
Epoch 2/50 [Train]:  90%|████████▉ | 412/459 [00:25<00:02, 16.26it/s]
Epoch 2/50 [Train]:  90%|█████████ | 414/459 [00:25<00:02, 16.28it/s]
Epoch 2/50 [Train]:  91%|█████████ | 416/459 [00:25<00:02, 16.18it/s]
Epoch 2/50 [Train]:  91%|█████████ | 418/459 [00:25<00:02, 16.28it/s]
Epoch 2/50 [Train]:  92%|█████████▏| 420/459 [00:25<00:02, 16.29it/s]
Epoch 2/50 [Train]:  92%|█████████▏| 422/459 [00:26<00:02, 16.28it/s]
Epoch 2/50 [Train]:  92%|█████████▏| 424/459 [00:26<00:02, 16.33it/s]
Epoch 2/50 [Train]:  93%|█████████▎| 426/459 [00:26<00:02, 16.31it/s]
Epoch 2/50 [Train]:  93%|█████████▎| 428/459 [00:26<00:01, 16.44it/s]
Epoch 2/50 [Train]:  94%|█████████▎| 430/459 [00:26<00:01, 16.32it/s]
Epoch 2/50 [Train]:  94%|█████████▍| 432/459 [00:26<00:01, 16.38it/s]
Epoch 2/50 [Train]:  95%|█████████▍| 434/459 [00:26<00:01, 16.38it/s]
Epoch 2/50 [Train]:  95%|█████████▍| 436/459 [00:26<00:01, 16.09it/s]
Epoch 2/50 [Train]:  95%|█████████▌| 438/459 [00:27<00:01, 16.18it/s]
Epoch 2/50 [Train]:  96%|█████████▌| 440/459 [00:27<00:01, 16.21it/s]
Epoch 2/50 [Train]:  96%|█████████▋| 442/459 [00:27<00:01, 16.28it/s]
Epoch 2/50 [Train]:  97%|█████████▋| 444/459 [00:27<00:00, 16.17it/s]
Epoch 2/50 [Train]:  97%|█████████▋| 446/459 [00:27<00:00, 16.14it/s]
Epoch 2/50 [Train]:  98%|█████████▊| 448/459 [00:27<00:00, 16.11it/s]
Epoch 2/50 [Train]:  98%|█████████▊| 450/459 [00:27<00:00, 16.13it/s]
Epoch 2/50 [Train]:  98%|█████████▊| 452/459 [00:27<00:00, 15.94it/s]
Epoch 2/50 [Train]:  99%|█████████▉| 454/459 [00:28<00:00, 15.90it/s]
Epoch 2/50 [Train]:  99%|█████████▉| 456/459 [00:28<00:00, 15.95it/s]
Epoch 2/50 [Train]: 100%|█████████▉| 458/459 [00:28<00:00, 16.06it/s]
                                                                     

Epoch 2/50 [Val]:   0%|          | 0/113 [00:00<?, ?it/s]
Epoch 2/50 [Val]:   2%|▏         | 2/113 [00:00<00:06, 16.88it/s]
Epoch 2/50 [Val]:   4%|▎         | 4/113 [00:00<00:06, 16.72it/s]
Epoch 2/50 [Val]:   5%|▌         | 6/113 [00:00<00:06, 16.58it/s]
Epoch 2/50 [Val]:   7%|▋         | 8/113 [00:00<00:06, 16.64it/s]
Epoch 2/50 [Val]:   9%|▉         | 10/113 [00:00<00:06, 17.05it/s]
Epoch 2/50 [Val]:  11%|█         | 12/113 [00:00<00:05, 17.13it/s]
Epoch 2/50 [Val]:  12%|█▏        | 14/113 [00:00<00:05, 17.02it/s]
Epoch 2/50 [Val]:  14%|█▍        | 16/113 [00:00<00:05, 16.21it/s]
Epoch 2/50 [Val]:  16%|█▌        | 18/113 [00:01<00:06, 15.80it/s]
Epoch 2/50 [Val]:  18%|█▊        | 20/113 [00:01<00:05, 15.59it/s]
Epoch 2/50 [Val]:  19%|█▉        | 22/113 [00:01<00:05, 15.29it/s]
Epoch 2/50 [Val]:  21%|██        | 24/113 [00:01<00:05, 15.18it/s]
Epoch 2/50 [Val]:  23%|██▎       | 26/113 [00:01<00:05, 15.35it/s]
Epoch 2/50 [Val]:  25%|██▍       | 28/113 [00:01<00:05, 15.55it/s]
Epoch 2/50 [Val]:  27%|██▋       | 30/113 [00:01<00:05, 15.83it/s]
Epoch 2/50 [Val]:  28%|██▊       | 32/113 [00:01<00:05, 16.01it/s]
Epoch 2/50 [Val]:  30%|███       | 34/113 [00:02<00:04, 16.12it/s]
Epoch 2/50 [Val]:  32%|███▏      | 36/113 [00:02<00:04, 16.52it/s]
Epoch 2/50 [Val]:  34%|███▎      | 38/113 [00:02<00:04, 16.64it/s]
Epoch 2/50 [Val]:  35%|███▌      | 40/113 [00:02<00:04, 16.76it/s]
Epoch 2/50 [Val]:  37%|███▋      | 42/113 [00:02<00:04, 16.81it/s]
Epoch 2/50 [Val]:  39%|███▉      | 44/113 [00:02<00:04, 16.66it/s]
Epoch 2/50 [Val]:  41%|████      | 46/113 [00:02<00:04, 16.35it/s]
Epoch 2/50 [Val]:  42%|████▏     | 48/113 [00:02<00:03, 16.32it/s]
Epoch 2/50 [Val]:  44%|████▍     | 50/113 [00:03<00:03, 16.60it/s]
Epoch 2/50 [Val]:  46%|████▌     | 52/113 [00:03<00:03, 16.90it/s]
Epoch 2/50 [Val]:  48%|████▊     | 54/113 [00:03<00:03, 17.11it/s]
Epoch 2/50 [Val]:  50%|████▉     | 56/113 [00:03<00:03, 17.08it/s]
Epoch 2/50 [Val]:  51%|█████▏    | 58/113 [00:03<00:03, 16.52it/s]
Epoch 2/50 [Val]:  53%|█████▎    | 60/113 [00:03<00:03, 16.84it/s]
Epoch 2/50 [Val]:  55%|█████▍    | 62/113 [00:03<00:03, 16.89it/s]
Epoch 2/50 [Val]:  57%|█████▋    | 64/113 [00:03<00:02, 16.99it/s]
Epoch 2/50 [Val]:  58%|█████▊    | 66/113 [00:04<00:02, 16.62it/s]
Epoch 2/50 [Val]:  60%|██████    | 68/113 [00:04<00:02, 16.55it/s]
Epoch 2/50 [Val]:  62%|██████▏   | 70/113 [00:04<00:02, 16.62it/s]
Epoch 2/50 [Val]:  64%|██████▎   | 72/113 [00:04<00:02, 16.70it/s]
Epoch 2/50 [Val]:  65%|██████▌   | 74/113 [00:04<00:02, 16.90it/s]
Epoch 2/50 [Val]:  67%|██████▋   | 76/113 [00:04<00:02, 16.97it/s]
Epoch 2/50 [Val]:  69%|██████▉   | 78/113 [00:04<00:02, 16.94it/s]
Epoch 2/50 [Val]:  71%|███████   | 80/113 [00:04<00:01, 16.98it/s]
Epoch 2/50 [Val]:  73%|███████▎  | 82/113 [00:04<00:01, 16.93it/s]
Epoch 2/50 [Val]:  74%|███████▍  | 84/113 [00:05<00:01, 16.89it/s]
Epoch 2/50 [Val]:  76%|███████▌  | 86/113 [00:05<00:01, 16.90it/s]
Epoch 2/50 [Val]:  78%|███████▊  | 88/113 [00:05<00:01, 16.74it/s]
Epoch 2/50 [Val]:  80%|███████▉  | 90/113 [00:05<00:01, 16.94it/s]
Epoch 2/50 [Val]:  81%|████████▏ | 92/113 [00:05<00:01, 17.05it/s]
Epoch 2/50 [Val]:  83%|████████▎ | 94/113 [00:05<00:01, 17.24it/s]
Epoch 2/50 [Val]:  85%|████████▍ | 96/113 [00:05<00:00, 17.67it/s]
Epoch 2/50 [Val]:  87%|████████▋ | 98/113 [00:05<00:00, 17.63it/s]
Epoch 2/50 [Val]:  88%|████████▊ | 100/113 [00:06<00:00, 17.26it/s]
Epoch 2/50 [Val]:  90%|█████████ | 102/113 [00:06<00:00, 16.91it/s]
Epoch 2/50 [Val]:  92%|█████████▏| 104/113 [00:06<00:00, 17.20it/s]
Epoch 2/50 [Val]:  94%|█████████▍| 106/113 [00:06<00:00, 17.12it/s]
Epoch 2/50 [Val]:  96%|█████████▌| 108/113 [00:06<00:00, 17.33it/s]
Epoch 2/50 [Val]:  97%|█████████▋| 110/113 [00:06<00:00, 17.33it/s]
Epoch 2/50 [Val]:  99%|█████████▉| 112/113 [00:06<00:00, 17.34it/s]
                                                                   

Epoch 3/50 [Train]:   0%|          | 0/459 [00:00<?, ?it/s]
Epoch 3/50 [Train]:   0%|          | 2/459 [00:00<00:29, 15.58it/s]
Epoch 3/50 [Train]:   1%|          | 4/459 [00:00<00:29, 15.50it/s]
Epoch 3/50 [Train]:   1%|▏         | 6/459 [00:00<00:28, 15.83it/s]
Epoch 3/50 [Train]:   2%|▏         | 8/459 [00:00<00:28, 15.92it/s]
Epoch 3/50 [Train]:   2%|▏         | 10/459 [00:00<00:28, 15.79it/s]
Epoch 3/50 [Train]:   3%|▎         | 12/459 [00:00<00:28, 15.84it/s]
Epoch 3/50 [Train]:   3%|▎         | 14/459 [00:00<00:27, 15.90it/s]
Epoch 3/50 [Train]:   3%|▎         | 16/459 [00:01<00:27, 15.88it/s]
Epoch 3/50 [Train]:   4%|▍         | 18/459 [00:01<00:27, 15.92it/s]
Epoch 3/50 [Train]:   4%|▍         | 20/459 [00:01<00:27, 16.00it/s]
Epoch 3/50 [Train]:   5%|▍         | 22/459 [00:01<00:27, 16.00it/s]
Epoch 3/50 [Train]:   5%|▌         | 24/459 [00:01<00:27, 15.98it/s]
Epoch 3/50 [Train]:   6%|▌         | 26/459 [00:01<00:27, 15.97it/s]
Epoch 3/50 [Train]:   6%|▌         | 28/459 [00:01<00:26, 16.02it/s]
Epoch 3/50 [Train]:   7%|▋         | 30/459 [00:01<00:26, 16.10it/s]
Epoch 3/50 [Train]:   7%|▋         | 32/459 [00:02<00:26, 16.16it/s]
Epoch 3/50 [Train]:   7%|▋         | 34/459 [00:02<00:26, 16.05it/s]
Epoch 3/50 [Train]:   8%|▊         | 36/459 [00:02<00:26, 15.99it/s]
Epoch 3/50 [Train]:   8%|▊         | 38/459 [00:02<00:26, 16.01it/s]
Epoch 3/50 [Train]:   9%|▊         | 40/459 [00:02<00:26, 16.09it/s]
Epoch 3/50 [Train]:   9%|▉         | 42/459 [00:02<00:26, 15.93it/s]
Epoch 3/50 [Train]:  10%|▉         | 44/459 [00:02<00:26, 15.84it/s]
Epoch 3/50 [Train]:  10%|█         | 46/459 [00:02<00:25, 16.01it/s]
Epoch 3/50 [Train]:  10%|█         | 48/459 [00:03<00:25, 16.14it/s]
Epoch 3/50 [Train]:  11%|█         | 50/459 [00:03<00:25, 16.10it/s]
Epoch 3/50 [Train]:  11%|█▏        | 52/459 [00:03<00:25, 16.20it/s]
Epoch 3/50 [Train]:  12%|█▏        | 54/459 [00:03<00:25, 16.17it/s]
Epoch 3/50 [Train]:  12%|█▏        | 56/459 [00:03<00:24, 16.31it/s]
Epoch 3/50 [Train]:  13%|█▎        | 58/459 [00:03<00:24, 16.32it/s]
Epoch 3/50 [Train]:  13%|█▎        | 60/459 [00:03<00:24, 16.28it/s]
Epoch 3/50 [Train]:  14%|█▎        | 62/459 [00:03<00:24, 16.26it/s]
Epoch 3/50 [Train]:  14%|█▍        | 64/459 [00:03<00:24, 16.32it/s]
Epoch 3/50 [Train]:  14%|█▍        | 66/459 [00:04<00:23, 16.46it/s]
Epoch 3/50 [Train]:  15%|█▍        | 68/459 [00:04<00:23, 16.38it/s]
Epoch 3/50 [Train]:  15%|█▌        | 70/459 [00:04<00:23, 16.38it/s]
Epoch 3/50 [Train]:  16%|█▌        | 72/459 [00:04<00:23, 16.38it/s]
Epoch 3/50 [Train]:  16%|█▌        | 74/459 [00:04<00:23, 16.45it/s]
Epoch 3/50 [Train]:  17%|█▋        | 76/459 [00:04<00:23, 16.32it/s]
Epoch 3/50 [Train]:  17%|█▋        | 78/459 [00:04<00:23, 16.30it/s]
Epoch 3/50 [Train]:  17%|█▋        | 80/459 [00:04<00:23, 16.22it/s]
Epoch 3/50 [Train]:  18%|█▊        | 82/459 [00:05<00:23, 16.11it/s]
Epoch 3/50 [Train]:  18%|█▊        | 84/459 [00:05<00:23, 16.21it/s]
Epoch 3/50 [Train]:  19%|█▊        | 86/459 [00:05<00:23, 16.16it/s]
Epoch 3/50 [Train]:  19%|█▉        | 88/459 [00:05<00:23, 16.02it/s]
Epoch 3/50 [Train]:  20%|█▉        | 90/459 [00:05<00:22, 16.07it/s]
Epoch 3/50 [Train]:  20%|██        | 92/459 [00:05<00:22, 16.14it/s]
Epoch 3/50 [Train]:  20%|██        | 94/459 [00:05<00:22, 16.09it/s]
Epoch 3/50 [Train]:  21%|██        | 96/459 [00:05<00:22, 16.08it/s]
Epoch 3/50 [Train]:  21%|██▏       | 98/459 [00:06<00:22, 16.17it/s]
Epoch 3/50 [Train]:  22%|██▏       | 100/459 [00:06<00:22, 16.25it/s]
Epoch 3/50 [Train]:  22%|██▏       | 102/459 [00:06<00:21, 16.33it/s]
Epoch 3/50 [Train]:  23%|██▎       | 104/459 [00:06<00:21, 16.29it/s]
Epoch 3/50 [Train]:  23%|██▎       | 106/459 [00:06<00:21, 16.16it/s]
Epoch 3/50 [Train]:  24%|██▎       | 108/459 [00:06<00:21, 16.15it/s]
Epoch 3/50 [Train]:  24%|██▍       | 110/459 [00:06<00:21, 16.11it/s]
Epoch 3/50 [Train]:  24%|██▍       | 112/459 [00:06<00:21, 16.15it/s]
Epoch 3/50 [Train]:  25%|██▍       | 114/459 [00:07<00:21, 16.08it/s]
Epoch 3/50 [Train]:  25%|██▌       | 116/459 [00:07<00:21, 16.21it/s]
Epoch 3/50 [Train]:  26%|██▌       | 118/459 [00:07<00:21, 16.22it/s]
Epoch 3/50 [Train]:  26%|██▌       | 120/459 [00:07<00:20, 16.23it/s]
Epoch 3/50 [Train]:  27%|██▋       | 122/459 [00:07<00:20, 16.16it/s]
Epoch 3/50 [Train]:  27%|██▋       | 124/459 [00:07<00:20, 16.21it/s]
Epoch 3/50 [Train]:  27%|██▋       | 126/459 [00:07<00:20, 16.21it/s]
Epoch 3/50 [Train]:  28%|██▊       | 128/459 [00:07<00:20, 16.25it/s]
Epoch 3/50 [Train]:  28%|██▊       | 130/459 [00:08<00:20, 16.26it/s]
Epoch 3/50 [Train]:  29%|██▉       | 132/459 [00:08<00:20, 16.22it/s]
Epoch 3/50 [Train]:  29%|██▉       | 134/459 [00:08<00:19, 16.27it/s]
Epoch 3/50 [Train]:  30%|██▉       | 136/459 [00:08<00:19, 16.23it/s]
Epoch 3/50 [Train]:  30%|███       | 138/459 [00:08<00:19, 16.23it/s]
Epoch 3/50 [Train]:  31%|███       | 140/459 [00:08<00:19, 16.33it/s]
Epoch 3/50 [Train]:  31%|███       | 142/459 [00:08<00:19, 16.25it/s]
Epoch 3/50 [Train]:  31%|███▏      | 144/459 [00:08<00:19, 16.33it/s]
Epoch 3/50 [Train]:  32%|███▏      | 146/459 [00:09<00:19, 16.37it/s]
Epoch 3/50 [Train]:  32%|███▏      | 148/459 [00:09<00:19, 16.35it/s]
Epoch 3/50 [Train]:  33%|███▎      | 150/459 [00:09<00:18, 16.38it/s]
Epoch 3/50 [Train]:  33%|███▎      | 152/459 [00:09<00:18, 16.24it/s]
Epoch 3/50 [Train]:  34%|███▎      | 154/459 [00:09<00:18, 16.32it/s]
Epoch 3/50 [Train]:  34%|███▍      | 156/459 [00:09<00:18, 16.37it/s]
Epoch 3/50 [Train]:  34%|███▍      | 158/459 [00:09<00:18, 16.24it/s]
Epoch 3/50 [Train]:  35%|███▍      | 160/459 [00:09<00:18, 16.22it/s]
Epoch 3/50 [Train]:  35%|███▌      | 162/459 [00:10<00:18, 16.21it/s]
Epoch 3/50 [Train]:  36%|███▌      | 164/459 [00:10<00:18, 16.31it/s]
Epoch 3/50 [Train]:  36%|███▌      | 166/459 [00:10<00:17, 16.43it/s]
Epoch 3/50 [Train]:  37%|███▋      | 168/459 [00:10<00:17, 16.48it/s]
Epoch 3/50 [Train]:  37%|███▋      | 170/459 [00:10<00:17, 16.43it/s]
Epoch 3/50 [Train]:  37%|███▋      | 172/459 [00:10<00:17, 16.32it/s]
Epoch 3/50 [Train]:  38%|███▊      | 174/459 [00:10<00:17, 16.32it/s]
Epoch 3/50 [Train]:  38%|███▊      | 176/459 [00:10<00:17, 16.26it/s]
Epoch 3/50 [Train]:  39%|███▉      | 178/459 [00:10<00:17, 16.28it/s]
Epoch 3/50 [Train]:  39%|███▉      | 180/459 [00:11<00:17, 16.27it/s]
Epoch 3/50 [Train]:  40%|███▉      | 182/459 [00:11<00:17, 16.13it/s]
Epoch 3/50 [Train]:  40%|████      | 184/459 [00:11<00:17, 16.16it/s]
Epoch 3/50 [Train]:  41%|████      | 186/459 [00:11<00:16, 16.11it/s]
Epoch 3/50 [Train]:  41%|████      | 188/459 [00:11<00:16, 16.26it/s]
Epoch 3/50 [Train]:  41%|████▏     | 190/459 [00:11<00:16, 16.19it/s]
Epoch 3/50 [Train]:  42%|████▏     | 192/459 [00:11<00:16, 16.21it/s]
Epoch 3/50 [Train]:  42%|████▏     | 194/459 [00:11<00:16, 16.24it/s]
Epoch 3/50 [Train]:  43%|████▎     | 196/459 [00:12<00:16, 16.30it/s]
Epoch 3/50 [Train]:  43%|████▎     | 198/459 [00:12<00:15, 16.31it/s]
Epoch 3/50 [Train]:  44%|████▎     | 200/459 [00:12<00:15, 16.33it/s]
Epoch 3/50 [Train]:  44%|████▍     | 202/459 [00:12<00:15, 16.32it/s]
Epoch 3/50 [Train]:  44%|████▍     | 204/459 [00:12<00:15, 16.34it/s]
Epoch 3/50 [Train]:  45%|████▍     | 206/459 [00:12<00:15, 16.24it/s]
Epoch 3/50 [Train]:  45%|████▌     | 208/459 [00:12<00:15, 16.24it/s]
Epoch 3/50 [Train]:  46%|████▌     | 210/459 [00:12<00:15, 16.17it/s]
Epoch 3/50 [Train]:  46%|████▌     | 212/459 [00:13<00:15, 16.10it/s]
Epoch 3/50 [Train]:  47%|████▋     | 214/459 [00:13<00:15, 15.97it/s]
Epoch 3/50 [Train]:  47%|████▋     | 216/459 [00:13<00:15, 16.13it/s]
Epoch 3/50 [Train]:  47%|████▋     | 218/459 [00:13<00:15, 16.05it/s]
Epoch 3/50 [Train]:  48%|████▊     | 220/459 [00:13<00:14, 16.21it/s]
Epoch 3/50 [Train]:  48%|████▊     | 222/459 [00:13<00:14, 16.30it/s]
Epoch 3/50 [Train]:  49%|████▉     | 224/459 [00:13<00:14, 16.33it/s]
Epoch 3/50 [Train]:  49%|████▉     | 226/459 [00:13<00:14, 16.23it/s]
Epoch 3/50 [Train]:  50%|████▉     | 228/459 [00:14<00:14, 16.29it/s]
Epoch 3/50 [Train]:  50%|█████     | 230/459 [00:14<00:14, 16.30it/s]
Epoch 3/50 [Train]:  51%|█████     | 232/459 [00:14<00:13, 16.31it/s]
Epoch 3/50 [Train]:  51%|█████     | 234/459 [00:14<00:13, 16.35it/s]
Epoch 3/50 [Train]:  51%|█████▏    | 236/459 [00:14<00:13, 16.24it/s]
Epoch 3/50 [Train]:  52%|█████▏    | 238/459 [00:14<00:13, 16.23it/s]
Epoch 3/50 [Train]:  52%|█████▏    | 240/459 [00:14<00:13, 15.91it/s]
Epoch 3/50 [Train]:  53%|█████▎    | 242/459 [00:14<00:13, 15.95it/s]
Epoch 3/50 [Train]:  53%|█████▎    | 244/459 [00:15<00:13, 15.99it/s]
Epoch 3/50 [Train]:  54%|█████▎    | 246/459 [00:15<00:13, 16.00it/s]
Epoch 3/50 [Train]:  54%|█████▍    | 248/459 [00:15<00:13, 15.92it/s]
Epoch 3/50 [Train]:  54%|█████▍    | 250/459 [00:15<00:13, 15.97it/s]
Epoch 3/50 [Train]:  55%|█████▍    | 252/459 [00:15<00:12, 16.02it/s]
Epoch 3/50 [Train]:  55%|█████▌    | 254/459 [00:15<00:12, 16.09it/s]
Epoch 3/50 [Train]:  56%|█████▌    | 256/459 [00:15<00:12, 16.07it/s]
Epoch 3/50 [Train]:  56%|█████▌    | 258/459 [00:15<00:12, 15.68it/s]
Epoch 3/50 [Train]:  57%|█████▋    | 260/459 [00:16<00:12, 15.44it/s]
Epoch 3/50 [Train]:  57%|█████▋    | 262/459 [00:16<00:12, 15.58it/s]
Epoch 3/50 [Train]:  58%|█████▊    | 264/459 [00:16<00:12, 15.85it/s]
Epoch 3/50 [Train]:  58%|█████▊    | 266/459 [00:16<00:12, 16.07it/s]
Epoch 3/50 [Train]:  58%|█████▊    | 268/459 [00:16<00:11, 16.05it/s]
Epoch 3/50 [Train]:  59%|█████▉    | 270/459 [00:16<00:11, 16.06it/s]
Epoch 3/50 [Train]:  59%|█████▉    | 272/459 [00:16<00:11, 16.11it/s]
Epoch 3/50 [Train]:  60%|█████▉    | 274/459 [00:16<00:11, 16.15it/s]
Epoch 3/50 [Train]:  60%|██████    | 276/459 [00:17<00:11, 16.19it/s]
Epoch 3/50 [Train]:  61%|██████    | 278/459 [00:17<00:11, 16.29it/s]
Epoch 3/50 [Train]:  61%|██████    | 280/459 [00:17<00:11, 16.24it/s]
Epoch 3/50 [Train]:  61%|██████▏   | 282/459 [00:17<00:10, 16.20it/s]
Epoch 3/50 [Train]:  62%|██████▏   | 284/459 [00:17<00:10, 16.19it/s]
Epoch 3/50 [Train]:  62%|██████▏   | 286/459 [00:17<00:10, 16.25it/s]
Epoch 3/50 [Train]:  63%|██████▎   | 288/459 [00:17<00:10, 16.14it/s]
Epoch 3/50 [Train]:  63%|██████▎   | 290/459 [00:17<00:10, 16.13it/s]
Epoch 3/50 [Train]:  64%|██████▎   | 292/459 [00:18<00:10, 16.15it/s]
Epoch 3/50 [Train]:  64%|██████▍   | 294/459 [00:18<00:10, 16.10it/s]
Epoch 3/50 [Train]:  64%|██████▍   | 296/459 [00:18<00:10, 16.22it/s]
Epoch 3/50 [Train]:  65%|██████▍   | 298/459 [00:18<00:09, 16.25it/s]
Epoch 3/50 [Train]:  65%|██████▌   | 300/459 [00:18<00:09, 16.27it/s]
Epoch 3/50 [Train]:  66%|██████▌   | 302/459 [00:18<00:09, 16.19it/s]
Epoch 3/50 [Train]:  66%|██████▌   | 304/459 [00:18<00:09, 16.14it/s]
Epoch 3/50 [Train]:  67%|██████▋   | 306/459 [00:18<00:09, 16.08it/s]
Epoch 3/50 [Train]:  67%|██████▋   | 308/459 [00:19<00:09, 16.09it/s]
Epoch 3/50 [Train]:  68%|██████▊   | 310/459 [00:19<00:09, 16.08it/s]
Epoch 3/50 [Train]:  68%|██████▊   | 312/459 [00:19<00:09, 16.07it/s]
Epoch 3/50 [Train]:  68%|██████▊   | 314/459 [00:19<00:08, 16.13it/s]
Epoch 3/50 [Train]:  69%|██████▉   | 316/459 [00:19<00:08, 16.29it/s]
Epoch 3/50 [Train]:  69%|██████▉   | 318/459 [00:19<00:08, 16.22it/s]
Epoch 3/50 [Train]:  70%|██████▉   | 320/459 [00:19<00:08, 16.12it/s]
Epoch 3/50 [Train]:  70%|███████   | 322/459 [00:19<00:08, 16.20it/s]
Epoch 3/50 [Train]:  71%|███████   | 324/459 [00:20<00:08, 15.86it/s]
Epoch 3/50 [Train]:  71%|███████   | 326/459 [00:20<00:08, 15.79it/s]
Epoch 3/50 [Train]:  71%|███████▏  | 328/459 [00:20<00:08, 15.38it/s]
Epoch 3/50 [Train]:  72%|███████▏  | 330/459 [00:20<00:08, 15.02it/s]
Epoch 3/50 [Train]:  72%|███████▏  | 332/459 [00:20<00:08, 15.07it/s]
Epoch 3/50 [Train]:  73%|███████▎  | 334/459 [00:20<00:08, 15.13it/s]
Epoch 3/50 [Train]:  73%|███████▎  | 336/459 [00:20<00:08, 14.37it/s]
Epoch 3/50 [Train]:  74%|███████▎  | 338/459 [00:21<00:08, 14.22it/s]
Epoch 3/50 [Train]:  74%|███████▍  | 340/459 [00:21<00:08, 14.31it/s]
Epoch 3/50 [Train]:  75%|███████▍  | 342/459 [00:21<00:07, 14.63it/s]
Epoch 3/50 [Train]:  75%|███████▍  | 344/459 [00:21<00:07, 15.13it/s]
Epoch 3/50 [Train]:  75%|███████▌  | 346/459 [00:21<00:07, 15.40it/s]
Epoch 3/50 [Train]:  76%|███████▌  | 348/459 [00:21<00:07, 15.69it/s]
Epoch 3/50 [Train]:  76%|███████▋  | 350/459 [00:21<00:06, 15.84it/s]
Epoch 3/50 [Train]:  77%|███████▋  | 352/459 [00:21<00:06, 15.82it/s]
Epoch 3/50 [Train]:  77%|███████▋  | 354/459 [00:22<00:06, 15.93it/s]
Epoch 3/50 [Train]:  78%|███████▊  | 356/459 [00:22<00:06, 16.12it/s]
Epoch 3/50 [Train]:  78%|███████▊  | 358/459 [00:22<00:06, 16.18it/s]
Epoch 3/50 [Train]:  78%|███████▊  | 360/459 [00:22<00:06, 16.20it/s]
Epoch 3/50 [Train]:  79%|███████▉  | 362/459 [00:22<00:06, 15.98it/s]
Epoch 3/50 [Train]:  79%|███████▉  | 364/459 [00:22<00:06, 15.01it/s]
Epoch 3/50 [Train]:  80%|███████▉  | 366/459 [00:22<00:06, 14.71it/s]
Epoch 3/50 [Train]:  80%|████████  | 368/459 [00:22<00:06, 14.65it/s]
Epoch 3/50 [Train]:  81%|████████  | 370/459 [00:23<00:06, 14.77it/s]
Epoch 3/50 [Train]:  81%|████████  | 372/459 [00:23<00:05, 14.83it/s]
Epoch 3/50 [Train]:  81%|████████▏ | 374/459 [00:23<00:05, 15.10it/s]
Epoch 3/50 [Train]:  82%|████████▏ | 376/459 [00:23<00:05, 15.48it/s]
Epoch 3/50 [Train]:  82%|████████▏ | 378/459 [00:23<00:05, 15.66it/s]
Epoch 3/50 [Train]:  83%|████████▎ | 380/459 [00:23<00:05, 15.69it/s]
Epoch 3/50 [Train]:  83%|████████▎ | 382/459 [00:23<00:04, 15.70it/s]
Epoch 3/50 [Train]:  84%|████████▎ | 384/459 [00:23<00:04, 15.84it/s]
Epoch 3/50 [Train]:  84%|████████▍ | 386/459 [00:24<00:04, 15.91it/s]
Epoch 3/50 [Train]:  85%|████████▍ | 388/459 [00:24<00:04, 16.00it/s]
Epoch 3/50 [Train]:  85%|████████▍ | 390/459 [00:24<00:04, 16.12it/s]
Epoch 3/50 [Train]:  85%|████████▌ | 392/459 [00:24<00:04, 16.22it/s]
Epoch 3/50 [Train]:  86%|████████▌ | 394/459 [00:24<00:03, 16.33it/s]
Epoch 3/50 [Train]:  86%|████████▋ | 396/459 [00:24<00:03, 16.30it/s]
Epoch 3/50 [Train]:  87%|████████▋ | 398/459 [00:24<00:03, 16.29it/s]
Epoch 3/50 [Train]:  87%|████████▋ | 400/459 [00:24<00:03, 16.32it/s]
Epoch 3/50 [Train]:  88%|████████▊ | 402/459 [00:25<00:03, 16.29it/s]
Epoch 3/50 [Train]:  88%|████████▊ | 404/459 [00:25<00:03, 16.22it/s]
Epoch 3/50 [Train]:  88%|████████▊ | 406/459 [00:25<00:03, 16.22it/s]
Epoch 3/50 [Train]:  89%|████████▉ | 408/459 [00:25<00:03, 16.21it/s]
Epoch 3/50 [Train]:  89%|████████▉ | 410/459 [00:25<00:03, 16.19it/s]
Epoch 3/50 [Train]:  90%|████████▉ | 412/459 [00:25<00:02, 16.19it/s]
Epoch 3/50 [Train]:  90%|█████████ | 414/459 [00:25<00:02, 16.14it/s]
Epoch 3/50 [Train]:  91%|█████████ | 416/459 [00:25<00:02, 16.23it/s]
Epoch 3/50 [Train]:  91%|█████████ | 418/459 [00:26<00:02, 16.23it/s]
Epoch 3/50 [Train]:  92%|█████████▏| 420/459 [00:26<00:02, 15.88it/s]
Epoch 3/50 [Train]:  92%|█████████▏| 422/459 [00:26<00:02, 15.95it/s]
Epoch 3/50 [Train]:  92%|█████████▏| 424/459 [00:26<00:02, 15.96it/s]
Epoch 3/50 [Train]:  93%|█████████▎| 426/459 [00:26<00:02, 15.99it/s]
Epoch 3/50 [Train]:  93%|█████████▎| 428/459 [00:26<00:01, 16.12it/s]
Epoch 3/50 [Train]:  94%|█████████▎| 430/459 [00:26<00:01, 16.21it/s]
Epoch 3/50 [Train]:  94%|█████████▍| 432/459 [00:26<00:01, 15.71it/s]
Epoch 3/50 [Train]:  95%|█████████▍| 434/459 [00:27<00:01, 15.28it/s]
Epoch 3/50 [Train]:  95%|█████████▍| 436/459 [00:27<00:01, 15.56it/s]
Epoch 3/50 [Train]:  95%|█████████▌| 438/459 [00:27<00:01, 15.36it/s]
Epoch 3/50 [Train]:  96%|█████████▌| 440/459 [00:27<00:01, 14.98it/s]
Epoch 3/50 [Train]:  96%|█████████▋| 442/459 [00:27<00:01, 15.17it/s]
Epoch 3/50 [Train]:  97%|█████████▋| 444/459 [00:27<00:00, 15.38it/s]
Epoch 3/50 [Train]:  97%|█████████▋| 446/459 [00:27<00:00, 15.02it/s]
Epoch 3/50 [Train]:  98%|█████████▊| 448/459 [00:28<00:00, 15.35it/s]
Epoch 3/50 [Train]:  98%|█████████▊| 450/459 [00:28<00:00, 15.66it/s]
Epoch 3/50 [Train]:  98%|█████████▊| 452/459 [00:28<00:00, 15.89it/s]
Epoch 3/50 [Train]:  99%|█████████▉| 454/459 [00:28<00:00, 16.07it/s]
Epoch 3/50 [Train]:  99%|█████████▉| 456/459 [00:28<00:00, 16.24it/s]
Epoch 3/50 [Train]: 100%|█████████▉| 458/459 [00:28<00:00, 16.24it/s]
                                                                     

Epoch 3/50 [Val]:   0%|          | 0/113 [00:00<?, ?it/s]
Epoch 3/50 [Val]:   2%|▏         | 2/113 [00:00<00:06, 16.60it/s]
Epoch 3/50 [Val]:   4%|▎         | 4/113 [00:00<00:06, 16.09it/s]
Epoch 3/50 [Val]:   5%|▌         | 6/113 [00:00<00:06, 15.90it/s]
Epoch 3/50 [Val]:   7%|▋         | 8/113 [00:00<00:06, 16.01it/s]
Epoch 3/50 [Val]:   9%|▉         | 10/113 [00:00<00:06, 16.43it/s]
Epoch 3/50 [Val]:  11%|█         | 12/113 [00:00<00:06, 16.70it/s]
Epoch 3/50 [Val]:  12%|█▏        | 14/113 [00:00<00:05, 16.84it/s]
Epoch 3/50 [Val]:  14%|█▍        | 16/113 [00:00<00:06, 16.05it/s]
Epoch 3/50 [Val]:  16%|█▌        | 18/113 [00:01<00:06, 15.69it/s]
Epoch 3/50 [Val]:  18%|█▊        | 20/113 [00:01<00:06, 15.41it/s]
Epoch 3/50 [Val]:  19%|█▉        | 22/113 [00:01<00:06, 15.11it/s]
Epoch 3/50 [Val]:  21%|██        | 24/113 [00:01<00:05, 15.02it/s]
Epoch 3/50 [Val]:  23%|██▎       | 26/113 [00:01<00:05, 15.26it/s]
Epoch 3/50 [Val]:  25%|██▍       | 28/113 [00:01<00:05, 15.51it/s]
Epoch 3/50 [Val]:  27%|██▋       | 30/113 [00:01<00:05, 15.94it/s]
Epoch 3/50 [Val]:  28%|██▊       | 32/113 [00:02<00:05, 15.76it/s]
Epoch 3/50 [Val]:  30%|███       | 34/113 [00:02<00:04, 15.94it/s]
Epoch 3/50 [Val]:  32%|███▏      | 36/113 [00:02<00:04, 16.39it/s]
Epoch 3/50 [Val]:  34%|███▎      | 38/113 [00:02<00:04, 16.55it/s]
Epoch 3/50 [Val]:  35%|███▌      | 40/113 [00:02<00:04, 16.32it/s]
Epoch 3/50 [Val]:  37%|███▋      | 42/113 [00:02<00:04, 16.54it/s]
Epoch 3/50 [Val]:  39%|███▉      | 44/113 [00:02<00:04, 16.35it/s]
Epoch 3/50 [Val]:  41%|████      | 46/113 [00:02<00:04, 16.06it/s]
Epoch 3/50 [Val]:  42%|████▏     | 48/113 [00:03<00:04, 16.13it/s]
Epoch 3/50 [Val]:  44%|████▍     | 50/113 [00:03<00:03, 16.30it/s]
Epoch 3/50 [Val]:  46%|████▌     | 52/113 [00:03<00:03, 16.72it/s]
Epoch 3/50 [Val]:  48%|████▊     | 54/113 [00:03<00:03, 17.02it/s]
Epoch 3/50 [Val]:  50%|████▉     | 56/113 [00:03<00:03, 17.02it/s]
Epoch 3/50 [Val]:  51%|█████▏    | 58/113 [00:03<00:03, 16.43it/s]
Epoch 3/50 [Val]:  53%|█████▎    | 60/113 [00:03<00:03, 16.83it/s]
Epoch 3/50 [Val]:  55%|█████▍    | 62/113 [00:03<00:03, 16.86it/s]
Epoch 3/50 [Val]:  57%|█████▋    | 64/113 [00:03<00:02, 16.93it/s]
Epoch 3/50 [Val]:  58%|█████▊    | 66/113 [00:04<00:02, 16.42it/s]
Epoch 3/50 [Val]:  60%|██████    | 68/113 [00:04<00:02, 16.28it/s]
Epoch 3/50 [Val]:  62%|██████▏   | 70/113 [00:04<00:02, 16.68it/s]
Epoch 3/50 [Val]:  64%|██████▎   | 72/113 [00:04<00:02, 16.82it/s]
Epoch 3/50 [Val]:  65%|██████▌   | 74/113 [00:04<00:02, 16.82it/s]
Epoch 3/50 [Val]:  67%|██████▋   | 76/113 [00:04<00:02, 16.90it/s]
Epoch 3/50 [Val]:  69%|██████▉   | 78/113 [00:04<00:02, 16.92it/s]
Epoch 3/50 [Val]:  71%|███████   | 80/113 [00:04<00:01, 16.87it/s]
Epoch 3/50 [Val]:  73%|███████▎  | 82/113 [00:05<00:01, 16.75it/s]
Epoch 3/50 [Val]:  74%|███████▍  | 84/113 [00:05<00:01, 16.86it/s]
Epoch 3/50 [Val]:  76%|███████▌  | 86/113 [00:05<00:01, 16.87it/s]
Epoch 3/50 [Val]:  78%|███████▊  | 88/113 [00:05<00:01, 16.85it/s]
Epoch 3/50 [Val]:  80%|███████▉  | 90/113 [00:05<00:01, 17.12it/s]
Epoch 3/50 [Val]:  81%|████████▏ | 92/113 [00:05<00:01, 17.27it/s]
Epoch 3/50 [Val]:  83%|████████▎ | 94/113 [00:05<00:01, 17.39it/s]
Epoch 3/50 [Val]:  85%|████████▍ | 96/113 [00:05<00:00, 17.68it/s]
Epoch 3/50 [Val]:  87%|████████▋ | 98/113 [00:05<00:00, 17.66it/s]
Epoch 3/50 [Val]:  88%|████████▊ | 100/113 [00:06<00:00, 17.29it/s]
Epoch 3/50 [Val]:  90%|█████████ | 102/113 [00:06<00:00, 16.97it/s]
Epoch 3/50 [Val]:  92%|█████████▏| 104/113 [00:06<00:00, 17.15it/s]
Epoch 3/50 [Val]:  94%|█████████▍| 106/113 [00:06<00:00, 17.21it/s]
Epoch 3/50 [Val]:  96%|█████████▌| 108/113 [00:06<00:00, 17.45it/s]
Epoch 3/50 [Val]:  97%|█████████▋| 110/113 [00:06<00:00, 17.68it/s]
Epoch 3/50 [Val]:  99%|█████████▉| 112/113 [00:06<00:00, 17.69it/s]
                                                                   

Epoch 4/50 [Train]:   0%|          | 0/459 [00:00<?, ?it/s]
Epoch 4/50 [Train]:   0%|          | 2/459 [00:00<00:29, 15.74it/s]
Epoch 4/50 [Train]:   1%|          | 4/459 [00:00<00:28, 15.84it/s]
Epoch 4/50 [Train]:   1%|▏         | 6/459 [00:00<00:27, 16.20it/s]
Epoch 4/50 [Train]:   2%|▏         | 8/459 [00:00<00:27, 16.28it/s]
Epoch 4/50 [Train]:   2%|▏         | 10/459 [00:00<00:27, 16.27it/s]
Epoch 4/50 [Train]:   3%|▎         | 12/459 [00:00<00:27, 16.24it/s]
Epoch 4/50 [Train]:   3%|▎         | 14/459 [00:00<00:27, 16.22it/s]
Epoch 4/50 [Train]:   3%|▎         | 16/459 [00:00<00:27, 15.98it/s]
Epoch 4/50 [Train]:   4%|▍         | 18/459 [00:01<00:27, 16.05it/s]
Epoch 4/50 [Train]:   4%|▍         | 20/459 [00:01<00:27, 16.09it/s]
Epoch 4/50 [Train]:   5%|▍         | 22/459 [00:01<00:27, 16.07it/s]
Epoch 4/50 [Train]:   5%|▌         | 24/459 [00:01<00:26, 16.12it/s]
Epoch 4/50 [Train]:   6%|▌         | 26/459 [00:01<00:26, 16.14it/s]
Epoch 4/50 [Train]:   6%|▌         | 28/459 [00:01<00:26, 16.20it/s]
Epoch 4/50 [Train]:   7%|▋         | 30/459 [00:01<00:26, 16.21it/s]
Epoch 4/50 [Train]:   7%|▋         | 32/459 [00:01<00:26, 16.18it/s]
Epoch 4/50 [Train]:   7%|▋         | 34/459 [00:02<00:26, 16.19it/s]
Epoch 4/50 [Train]:   8%|▊         | 36/459 [00:02<00:26, 16.14it/s]
Epoch 4/50 [Train]:   8%|▊         | 38/459 [00:02<00:26, 16.16it/s]
Epoch 4/50 [Train]:   9%|▊         | 40/459 [00:02<00:25, 16.24it/s]
Epoch 4/50 [Train]:   9%|▉         | 42/459 [00:02<00:25, 16.18it/s]
Epoch 4/50 [Train]:  10%|▉         | 44/459 [00:02<00:25, 16.21it/s]
Epoch 4/50 [Train]:  10%|█         | 46/459 [00:02<00:25, 16.26it/s]
Epoch 4/50 [Train]:  10%|█         | 48/459 [00:02<00:25, 16.21it/s]
Epoch 4/50 [Train]:  11%|█         | 50/459 [00:03<00:25, 16.32it/s]
Epoch 4/50 [Train]:  11%|█▏        | 52/459 [00:03<00:25, 16.19it/s]
Epoch 4/50 [Train]:  12%|█▏        | 54/459 [00:03<00:25, 15.99it/s]
Epoch 4/50 [Train]:  12%|█▏        | 56/459 [00:03<00:25, 16.05it/s]
Epoch 4/50 [Train]:  13%|█▎        | 58/459 [00:03<00:25, 16.03it/s]
Epoch 4/50 [Train]:  13%|█▎        | 60/459 [00:03<00:24, 16.08it/s]
Epoch 4/50 [Train]:  14%|█▎        | 62/459 [00:03<00:24, 16.11it/s]
Epoch 4/50 [Train]:  14%|█▍        | 64/459 [00:03<00:24, 16.11it/s]
Epoch 4/50 [Train]:  14%|█▍        | 66/459 [00:04<00:24, 15.98it/s]
Epoch 4/50 [Train]:  15%|█▍        | 68/459 [00:04<00:24, 16.09it/s]
Epoch 4/50 [Train]:  15%|█▌        | 70/459 [00:04<00:24, 15.89it/s]
Epoch 4/50 [Train]:  16%|█▌        | 72/459 [00:04<00:24, 15.89it/s]
Epoch 4/50 [Train]:  16%|█▌        | 74/459 [00:04<00:24, 15.98it/s]
Epoch 4/50 [Train]:  17%|█▋        | 76/459 [00:04<00:23, 16.04it/s]
Epoch 4/50 [Train]:  17%|█▋        | 78/459 [00:04<00:23, 16.03it/s]
Epoch 4/50 [Train]:  17%|█▋        | 80/459 [00:04<00:23, 16.02it/s]
Epoch 4/50 [Train]:  18%|█▊        | 82/459 [00:05<00:23, 16.13it/s]
Epoch 4/50 [Train]:  18%|█▊        | 84/459 [00:05<00:23, 16.12it/s]
Epoch 4/50 [Train]:  19%|█▊        | 86/459 [00:05<00:23, 16.07it/s]
Epoch 4/50 [Train]:  19%|█▉        | 88/459 [00:05<00:23, 15.99it/s]
Epoch 4/50 [Train]:  20%|█▉        | 90/459 [00:05<00:23, 15.96it/s]
Epoch 4/50 [Train]:  20%|██        | 92/459 [00:05<00:22, 16.00it/s]
Epoch 4/50 [Train]:  20%|██        | 94/459 [00:05<00:22, 16.08it/s]
Epoch 4/50 [Train]:  21%|██        | 96/459 [00:05<00:22, 16.11it/s]
Epoch 4/50 [Train]:  21%|██▏       | 98/459 [00:06<00:22, 16.11it/s]
Epoch 4/50 [Train]:  22%|██▏       | 100/459 [00:06<00:22, 16.00it/s]
Epoch 4/50 [Train]:  22%|██▏       | 102/459 [00:06<00:22, 16.00it/s]
Epoch 4/50 [Train]:  23%|██▎       | 104/459 [00:06<00:22, 16.04it/s]
Epoch 4/50 [Train]:  23%|██▎       | 106/459 [00:06<00:22, 16.01it/s]
Epoch 4/50 [Train]:  24%|██▎       | 108/459 [00:06<00:21, 16.10it/s]
Epoch 4/50 [Train]:  24%|██▍       | 110/459 [00:06<00:21, 16.25it/s]
Epoch 4/50 [Train]:  24%|██▍       | 112/459 [00:06<00:21, 16.23it/s]
Epoch 4/50 [Train]:  25%|██▍       | 114/459 [00:07<00:21, 16.16it/s]
Epoch 4/50 [Train]:  25%|██▌       | 116/459 [00:07<00:21, 16.09it/s]
Epoch 4/50 [Train]:  26%|██▌       | 118/459 [00:07<00:21, 16.17it/s]
Epoch 4/50 [Train]:  26%|██▌       | 120/459 [00:07<00:21, 16.12it/s]
Epoch 4/50 [Train]:  27%|██▋       | 122/459 [00:07<00:20, 16.10it/s]
Epoch 4/50 [Train]:  27%|██▋       | 124/459 [00:07<00:20, 16.28it/s]
Epoch 4/50 [Train]:  27%|██▋       | 126/459 [00:07<00:20, 16.19it/s]
Epoch 4/50 [Train]:  28%|██▊       | 128/459 [00:07<00:20, 16.15it/s]
Epoch 4/50 [Train]:  28%|██▊       | 130/459 [00:08<00:20, 16.20it/s]
Epoch 4/50 [Train]:  29%|██▉       | 132/459 [00:08<00:20, 16.20it/s]
Epoch 4/50 [Train]:  29%|██▉       | 134/459 [00:08<00:19, 16.30it/s]
Epoch 4/50 [Train]:  30%|██▉       | 136/459 [00:08<00:19, 16.41it/s]
Epoch 4/50 [Train]:  30%|███       | 138/459 [00:08<00:19, 16.40it/s]
Epoch 4/50 [Train]:  31%|███       | 140/459 [00:08<00:19, 16.29it/s]
Epoch 4/50 [Train]:  31%|███       | 142/459 [00:08<00:19, 16.38it/s]
Epoch 4/50 [Train]:  31%|███▏      | 144/459 [00:08<00:19, 16.34it/s]
Epoch 4/50 [Train]:  32%|███▏      | 146/459 [00:09<00:19, 16.16it/s]
Epoch 4/50 [Train]:  32%|███▏      | 148/459 [00:09<00:19, 16.28it/s]
Epoch 4/50 [Train]:  33%|███▎      | 150/459 [00:09<00:19, 16.24it/s]
Epoch 4/50 [Train]:  33%|███▎      | 152/459 [00:09<00:18, 16.24it/s]
Epoch 4/50 [Train]:  34%|███▎      | 154/459 [00:09<00:18, 16.21it/s]
Epoch 4/50 [Train]:  34%|███▍      | 156/459 [00:09<00:18, 16.29it/s]
Epoch 4/50 [Train]:  34%|███▍      | 158/459 [00:09<00:18, 16.39it/s]
Epoch 4/50 [Train]:  35%|███▍      | 160/459 [00:09<00:18, 16.41it/s]
Epoch 4/50 [Train]:  35%|███▌      | 162/459 [00:10<00:18, 16.34it/s]
Epoch 4/50 [Train]:  36%|███▌      | 164/459 [00:10<00:18, 16.25it/s]
Epoch 4/50 [Train]:  36%|███▌      | 166/459 [00:10<00:17, 16.35it/s]
Epoch 4/50 [Train]:  37%|███▋      | 168/459 [00:10<00:17, 16.23it/s]
Epoch 4/50 [Train]:  37%|███▋      | 170/459 [00:10<00:17, 16.26it/s]
Epoch 4/50 [Train]:  37%|███▋      | 172/459 [00:10<00:17, 16.21it/s]
Epoch 4/50 [Train]:  38%|███▊      | 174/459 [00:10<00:17, 16.29it/s]
Epoch 4/50 [Train]:  38%|███▊      | 176/459 [00:10<00:17, 16.25it/s]
Epoch 4/50 [Train]:  39%|███▉      | 178/459 [00:11<00:17, 16.31it/s]
Epoch 4/50 [Train]:  39%|███▉      | 180/459 [00:11<00:17, 16.24it/s]
Epoch 4/50 [Train]:  40%|███▉      | 182/459 [00:11<00:16, 16.34it/s]
Epoch 4/50 [Train]:  40%|████      | 184/459 [00:11<00:16, 16.44it/s]
Epoch 4/50 [Train]:  41%|████      | 186/459 [00:11<00:16, 16.42it/s]
Epoch 4/50 [Train]:  41%|████      | 188/459 [00:11<00:16, 16.39it/s]
Epoch 4/50 [Train]:  41%|████▏     | 190/459 [00:11<00:16, 16.37it/s]
Epoch 4/50 [Train]:  42%|████▏     | 192/459 [00:11<00:16, 16.35it/s]
Epoch 4/50 [Train]:  42%|████▏     | 194/459 [00:11<00:16, 16.24it/s]
Epoch 4/50 [Train]:  43%|████▎     | 196/459 [00:12<00:16, 16.23it/s]
Epoch 4/50 [Train]:  43%|████▎     | 198/459 [00:12<00:15, 16.33it/s]
Epoch 4/50 [Train]:  44%|████▎     | 200/459 [00:12<00:15, 16.33it/s]
Epoch 4/50 [Train]:  44%|████▍     | 202/459 [00:12<00:15, 16.34it/s]
Epoch 4/50 [Train]:  44%|████▍     | 204/459 [00:12<00:15, 16.37it/s]
Epoch 4/50 [Train]:  45%|████▍     | 206/459 [00:12<00:15, 16.48it/s]
Epoch 4/50 [Train]:  45%|████▌     | 208/459 [00:12<00:15, 16.55it/s]
Epoch 4/50 [Train]:  46%|████▌     | 210/459 [00:12<00:15, 16.43it/s]
Epoch 4/50 [Train]:  46%|████▌     | 212/459 [00:13<00:15, 16.36it/s]
Epoch 4/50 [Train]:  47%|████▋     | 214/459 [00:13<00:15, 16.23it/s]
Epoch 4/50 [Train]:  47%|████▋     | 216/459 [00:13<00:14, 16.31it/s]
Epoch 4/50 [Train]:  47%|████▋     | 218/459 [00:13<00:14, 16.17it/s]
Epoch 4/50 [Train]:  48%|████▊     | 220/459 [00:13<00:14, 16.29it/s]
Epoch 4/50 [Train]:  48%|████▊     | 222/459 [00:13<00:14, 16.42it/s]
Epoch 4/50 [Train]:  49%|████▉     | 224/459 [00:13<00:14, 16.35it/s]
Epoch 4/50 [Train]:  49%|████▉     | 226/459 [00:13<00:14, 16.36it/s]
Epoch 4/50 [Train]:  50%|████▉     | 228/459 [00:14<00:14, 16.43it/s]
Epoch 4/50 [Train]:  50%|█████     | 230/459 [00:14<00:14, 16.29it/s]
Epoch 4/50 [Train]:  51%|█████     | 232/459 [00:14<00:13, 16.22it/s]
Epoch 4/50 [Train]:  51%|█████     | 234/459 [00:14<00:13, 16.16it/s]
Epoch 4/50 [Train]:  51%|█████▏    | 236/459 [00:14<00:13, 16.24it/s]
Epoch 4/50 [Train]:  52%|█████▏    | 238/459 [00:14<00:13, 16.20it/s]
Epoch 4/50 [Train]:  52%|█████▏    | 240/459 [00:14<00:13, 16.14it/s]
Epoch 4/50 [Train]:  53%|█████▎    | 242/459 [00:14<00:13, 16.13it/s]
Epoch 4/50 [Train]:  53%|█████▎    | 244/459 [00:15<00:13, 16.17it/s]
Epoch 4/50 [Train]:  54%|█████▎    | 246/459 [00:15<00:13, 16.21it/s]
Epoch 4/50 [Train]:  54%|█████▍    | 248/459 [00:15<00:12, 16.24it/s]
Epoch 4/50 [Train]:  54%|█████▍    | 250/459 [00:15<00:12, 16.23it/s]
Epoch 4/50 [Train]:  55%|█████▍    | 252/459 [00:15<00:12, 16.27it/s]
Epoch 4/50 [Train]:  55%|█████▌    | 254/459 [00:15<00:12, 16.27it/s]
Epoch 4/50 [Train]:  56%|█████▌    | 256/459 [00:15<00:12, 16.25it/s]
Epoch 4/50 [Train]:  56%|█████▌    | 258/459 [00:15<00:12, 16.36it/s]
Epoch 4/50 [Train]:  57%|█████▋    | 260/459 [00:16<00:12, 15.92it/s]
Epoch 4/50 [Train]:  57%|█████▋    | 262/459 [00:16<00:12, 16.04it/s]
Epoch 4/50 [Train]:  58%|█████▊    | 264/459 [00:16<00:12, 16.03it/s]
Epoch 4/50 [Train]:  58%|█████▊    | 266/459 [00:16<00:11, 16.10it/s]
Epoch 4/50 [Train]:  58%|█████▊    | 268/459 [00:16<00:11, 16.08it/s]
Epoch 4/50 [Train]:  59%|█████▉    | 270/459 [00:16<00:11, 16.02it/s]
Epoch 4/50 [Train]:  59%|█████▉    | 272/459 [00:16<00:11, 15.87it/s]
Epoch 4/50 [Train]:  60%|█████▉    | 274/459 [00:16<00:11, 15.96it/s]
Epoch 4/50 [Train]:  60%|██████    | 276/459 [00:17<00:11, 15.92it/s]
Epoch 4/50 [Train]:  61%|██████    | 278/459 [00:17<00:11, 15.90it/s]
Epoch 4/50 [Train]:  61%|██████    | 280/459 [00:17<00:11, 16.14it/s]
Epoch 4/50 [Train]:  61%|██████▏   | 282/459 [00:17<00:10, 16.31it/s]
Epoch 4/50 [Train]:  62%|██████▏   | 284/459 [00:17<00:10, 16.41it/s]
Epoch 4/50 [Train]:  62%|██████▏   | 286/459 [00:17<00:10, 16.35it/s]
Epoch 4/50 [Train]:  63%|██████▎   | 288/459 [00:17<00:10, 16.26it/s]
Epoch 4/50 [Train]:  63%|██████▎   | 290/459 [00:17<00:10, 16.35it/s]
Epoch 4/50 [Train]:  64%|██████▎   | 292/459 [00:18<00:10, 16.43it/s]
Epoch 4/50 [Train]:  64%|██████▍   | 294/459 [00:18<00:10, 16.40it/s]
Epoch 4/50 [Train]:  64%|██████▍   | 296/459 [00:18<00:09, 16.31it/s]
Epoch 4/50 [Train]:  65%|██████▍   | 298/459 [00:18<00:09, 16.29it/s]
Epoch 4/50 [Train]:  65%|██████▌   | 300/459 [00:18<00:09, 16.24it/s]
Epoch 4/50 [Train]:  66%|██████▌   | 302/459 [00:18<00:09, 16.17it/s]
Epoch 4/50 [Train]:  66%|██████▌   | 304/459 [00:18<00:09, 16.09it/s]
Epoch 4/50 [Train]:  67%|██████▋   | 306/459 [00:18<00:09, 16.25it/s]
Epoch 4/50 [Train]:  67%|██████▋   | 308/459 [00:19<00:09, 16.31it/s]
Epoch 4/50 [Train]:  68%|██████▊   | 310/459 [00:19<00:09, 16.19it/s]
Epoch 4/50 [Train]:  68%|██████▊   | 312/459 [00:19<00:09, 16.05it/s]
Epoch 4/50 [Train]:  68%|██████▊   | 314/459 [00:19<00:09, 16.04it/s]
Epoch 4/50 [Train]:  69%|██████▉   | 316/459 [00:19<00:08, 16.11it/s]
Epoch 4/50 [Train]:  69%|██████▉   | 318/459 [00:19<00:08, 16.22it/s]
Epoch 4/50 [Train]:  70%|██████▉   | 320/459 [00:19<00:08, 16.25it/s]
Epoch 4/50 [Train]:  70%|███████   | 322/459 [00:19<00:08, 16.19it/s]
Epoch 4/50 [Train]:  71%|███████   | 324/459 [00:20<00:08, 16.13it/s]
Epoch 4/50 [Train]:  71%|███████   | 326/459 [00:20<00:08, 16.27it/s]
Epoch 4/50 [Train]:  71%|███████▏  | 328/459 [00:20<00:08, 16.22it/s]
Epoch 4/50 [Train]:  72%|███████▏  | 330/459 [00:20<00:07, 16.22it/s]
Epoch 4/50 [Train]:  72%|███████▏  | 332/459 [00:20<00:07, 16.33it/s]
Epoch 4/50 [Train]:  73%|███████▎  | 334/459 [00:20<00:07, 16.30it/s]
Epoch 4/50 [Train]:  73%|███████▎  | 336/459 [00:20<00:07, 16.32it/s]
Epoch 4/50 [Train]:  74%|███████▎  | 338/459 [00:20<00:07, 16.30it/s]
Epoch 4/50 [Train]:  74%|███████▍  | 340/459 [00:20<00:07, 16.20it/s]
Epoch 4/50 [Train]:  75%|███████▍  | 342/459 [00:21<00:07, 16.32it/s]
Epoch 4/50 [Train]:  75%|███████▍  | 344/459 [00:21<00:07, 16.34it/s]
Epoch 4/50 [Train]:  75%|███████▌  | 346/459 [00:21<00:06, 16.25it/s]
Epoch 4/50 [Train]:  76%|███████▌  | 348/459 [00:21<00:06, 16.27it/s]
Epoch 4/50 [Train]:  76%|███████▋  | 350/459 [00:21<00:06, 16.15it/s]
Epoch 4/50 [Train]:  77%|███████▋  | 352/459 [00:21<00:06, 16.05it/s]
Epoch 4/50 [Train]:  77%|███████▋  | 354/459 [00:21<00:06, 16.05it/s]
Epoch 4/50 [Train]:  78%|███████▊  | 356/459 [00:21<00:06, 16.09it/s]
Epoch 4/50 [Train]:  78%|███████▊  | 358/459 [00:22<00:06, 16.21it/s]
Epoch 4/50 [Train]:  78%|███████▊  | 360/459 [00:22<00:06, 16.26it/s]
Epoch 4/50 [Train]:  79%|███████▉  | 362/459 [00:22<00:05, 16.42it/s]
Epoch 4/50 [Train]:  79%|███████▉  | 364/459 [00:22<00:05, 16.42it/s]
Epoch 4/50 [Train]:  80%|███████▉  | 366/459 [00:22<00:05, 16.47it/s]
Epoch 4/50 [Train]:  80%|████████  | 368/459 [00:22<00:05, 16.49it/s]
Epoch 4/50 [Train]:  81%|████████  | 370/459 [00:22<00:05, 16.42it/s]
Epoch 4/50 [Train]:  81%|████████  | 372/459 [00:22<00:05, 16.42it/s]
Epoch 4/50 [Train]:  81%|████████▏ | 374/459 [00:23<00:05, 16.37it/s]
Epoch 4/50 [Train]:  82%|████████▏ | 376/459 [00:23<00:05, 16.29it/s]
Epoch 4/50 [Train]:  82%|████████▏ | 378/459 [00:23<00:05, 16.20it/s]
Epoch 4/50 [Train]:  83%|████████▎ | 380/459 [00:23<00:04, 16.10it/s]
Epoch 4/50 [Train]:  83%|████████▎ | 382/459 [00:23<00:04, 16.18it/s]
Epoch 4/50 [Train]:  84%|████████▎ | 384/459 [00:23<00:04, 16.35it/s]
Epoch 4/50 [Train]:  84%|████████▍ | 386/459 [00:23<00:04, 16.36it/s]
Epoch 4/50 [Train]:  85%|████████▍ | 388/459 [00:23<00:04, 16.31it/s]
Epoch 4/50 [Train]:  85%|████████▍ | 390/459 [00:24<00:04, 16.29it/s]
Epoch 4/50 [Train]:  85%|████████▌ | 392/459 [00:24<00:04, 16.26it/s]
Epoch 4/50 [Train]:  86%|████████▌ | 394/459 [00:24<00:03, 16.36it/s]
Epoch 4/50 [Train]:  86%|████████▋ | 396/459 [00:24<00:03, 16.37it/s]
Epoch 4/50 [Train]:  87%|████████▋ | 398/459 [00:24<00:03, 16.35it/s]
Epoch 4/50 [Train]:  87%|████████▋ | 400/459 [00:24<00:03, 16.22it/s]
Epoch 4/50 [Train]:  88%|████████▊ | 402/459 [00:24<00:03, 15.99it/s]
Epoch 4/50 [Train]:  88%|████████▊ | 404/459 [00:24<00:03, 16.12it/s]
Epoch 4/50 [Train]:  88%|████████▊ | 406/459 [00:25<00:03, 16.13it/s]
Epoch 4/50 [Train]:  89%|████████▉ | 408/459 [00:25<00:03, 16.19it/s]
Epoch 4/50 [Train]:  89%|████████▉ | 410/459 [00:25<00:03, 16.01it/s]
Epoch 4/50 [Train]:  90%|████████▉ | 412/459 [00:25<00:02, 16.08it/s]
Epoch 4/50 [Train]:  90%|█████████ | 414/459 [00:25<00:02, 16.03it/s]
Epoch 4/50 [Train]:  91%|█████████ | 416/459 [00:25<00:02, 16.04it/s]
Epoch 4/50 [Train]:  91%|█████████ | 418/459 [00:25<00:02, 16.10it/s]
Epoch 4/50 [Train]:  92%|█████████▏| 420/459 [00:25<00:02, 16.09it/s]
Epoch 4/50 [Train]:  92%|█████████▏| 422/459 [00:26<00:02, 16.15it/s]
Epoch 4/50 [Train]:  92%|█████████▏| 424/459 [00:26<00:02, 16.14it/s]
Epoch 4/50 [Train]:  93%|█████████▎| 426/459 [00:26<00:02, 16.17it/s]
Epoch 4/50 [Train]:  93%|█████████▎| 428/459 [00:26<00:01, 16.20it/s]
Epoch 4/50 [Train]:  94%|█████████▎| 430/459 [00:26<00:01, 16.04it/s]
Epoch 4/50 [Train]:  94%|█████████▍| 432/459 [00:26<00:01, 16.01it/s]
Epoch 4/50 [Train]:  95%|█████████▍| 434/459 [00:26<00:01, 15.89it/s]
Epoch 4/50 [Train]:  95%|█████████▍| 436/459 [00:26<00:01, 15.88it/s]
Epoch 4/50 [Train]:  95%|█████████▌| 438/459 [00:27<00:01, 15.85it/s]
Epoch 4/50 [Train]:  96%|█████████▌| 440/459 [00:27<00:01, 15.81it/s]
Epoch 4/50 [Train]:  96%|█████████▋| 442/459 [00:27<00:01, 15.77it/s]
Epoch 4/50 [Train]:  97%|█████████▋| 444/459 [00:27<00:00, 15.85it/s]
Epoch 4/50 [Train]:  97%|█████████▋| 446/459 [00:27<00:00, 16.05it/s]
Epoch 4/50 [Train]:  98%|█████████▊| 448/459 [00:27<00:00, 16.09it/s]
Epoch 4/50 [Train]:  98%|█████████▊| 450/459 [00:27<00:00, 16.22it/s]
Epoch 4/50 [Train]:  98%|█████████▊| 452/459 [00:27<00:00, 16.25it/s]
Epoch 4/50 [Train]:  99%|█████████▉| 454/459 [00:28<00:00, 16.17it/s]
Epoch 4/50 [Train]:  99%|█████████▉| 456/459 [00:28<00:00, 16.18it/s]
Epoch 4/50 [Train]: 100%|█████████▉| 458/459 [00:28<00:00, 16.11it/s]
                                                                     

Epoch 4/50 [Val]:   0%|          | 0/113 [00:00<?, ?it/s]
Epoch 4/50 [Val]:   2%|▏         | 2/113 [00:00<00:06, 17.02it/s]
Epoch 4/50 [Val]:   4%|▎         | 4/113 [00:00<00:06, 17.02it/s]
Epoch 4/50 [Val]:   5%|▌         | 6/113 [00:00<00:06, 17.12it/s]
Epoch 4/50 [Val]:   7%|▋         | 8/113 [00:00<00:06, 17.22it/s]
Epoch 4/50 [Val]:   9%|▉         | 10/113 [00:00<00:05, 17.54it/s]
Epoch 4/50 [Val]:  11%|█         | 12/113 [00:00<00:05, 17.54it/s]
Epoch 4/50 [Val]:  12%|█▏        | 14/113 [00:00<00:05, 17.41it/s]
Epoch 4/50 [Val]:  14%|█▍        | 16/113 [00:00<00:05, 16.57it/s]
Epoch 4/50 [Val]:  16%|█▌        | 18/113 [00:01<00:05, 16.13it/s]
Epoch 4/50 [Val]:  18%|█▊        | 20/113 [00:01<00:05, 15.76it/s]
Epoch 4/50 [Val]:  19%|█▉        | 22/113 [00:01<00:05, 15.62it/s]
Epoch 4/50 [Val]:  21%|██        | 24/113 [00:01<00:05, 15.58it/s]
Epoch 4/50 [Val]:  23%|██▎       | 26/113 [00:01<00:05, 15.85it/s]
Epoch 4/50 [Val]:  25%|██▍       | 28/113 [00:01<00:05, 16.03it/s]
Epoch 4/50 [Val]:  27%|██▋       | 30/113 [00:01<00:05, 16.21it/s]
Epoch 4/50 [Val]:  28%|██▊       | 32/113 [00:01<00:04, 16.48it/s]
Epoch 4/50 [Val]:  30%|███       | 34/113 [00:02<00:04, 16.70it/s]
Epoch 4/50 [Val]:  32%|███▏      | 36/113 [00:02<00:04, 17.06it/s]
Epoch 4/50 [Val]:  34%|███▎      | 38/113 [00:02<00:04, 17.29it/s]
Epoch 4/50 [Val]:  35%|███▌      | 40/113 [00:02<00:04, 17.43it/s]
Epoch 4/50 [Val]:  37%|███▋      | 42/113 [00:02<00:04, 17.50it/s]
Epoch 4/50 [Val]:  39%|███▉      | 44/113 [00:02<00:03, 17.43it/s]
Epoch 4/50 [Val]:  41%|████      | 46/113 [00:02<00:03, 17.02it/s]
Epoch 4/50 [Val]:  42%|████▏     | 48/113 [00:02<00:03, 17.03it/s]
Epoch 4/50 [Val]:  44%|████▍     | 50/113 [00:02<00:03, 17.28it/s]
Epoch 4/50 [Val]:  46%|████▌     | 52/113 [00:03<00:03, 17.62it/s]
Epoch 4/50 [Val]:  48%|████▊     | 54/113 [00:03<00:03, 17.88it/s]
Epoch 4/50 [Val]:  50%|████▉     | 56/113 [00:03<00:03, 17.75it/s]
Epoch 4/50 [Val]:  51%|█████▏    | 58/113 [00:03<00:03, 17.03it/s]
Epoch 4/50 [Val]:  53%|█████▎    | 60/113 [00:03<00:03, 17.40it/s]
Epoch 4/50 [Val]:  55%|█████▍    | 62/113 [00:03<00:02, 17.24it/s]
Epoch 4/50 [Val]:  57%|█████▋    | 64/113 [00:03<00:02, 17.22it/s]
Epoch 4/50 [Val]:  58%|█████▊    | 66/113 [00:03<00:02, 16.73it/s]
Epoch 4/50 [Val]:  60%|██████    | 68/113 [00:04<00:02, 16.70it/s]
Epoch 4/50 [Val]:  62%|██████▏   | 70/113 [00:04<00:02, 16.86it/s]
Epoch 4/50 [Val]:  64%|██████▎   | 72/113 [00:04<00:02, 17.23it/s]
Epoch 4/50 [Val]:  65%|██████▌   | 74/113 [00:04<00:02, 17.49it/s]
Epoch 4/50 [Val]:  67%|██████▋   | 76/113 [00:04<00:02, 17.60it/s]
Epoch 4/50 [Val]:  69%|██████▉   | 78/113 [00:04<00:01, 17.58it/s]
Epoch 4/50 [Val]:  71%|███████   | 80/113 [00:04<00:01, 17.38it/s]
Epoch 4/50 [Val]:  73%|███████▎  | 82/113 [00:04<00:01, 17.22it/s]
Epoch 4/50 [Val]:  74%|███████▍  | 84/113 [00:04<00:01, 17.28it/s]
Epoch 4/50 [Val]:  76%|███████▌  | 86/113 [00:05<00:01, 17.33it/s]
Epoch 4/50 [Val]:  78%|███████▊  | 88/113 [00:05<00:01, 17.22it/s]
Epoch 4/50 [Val]:  80%|███████▉  | 90/113 [00:05<00:01, 17.38it/s]
Epoch 4/50 [Val]:  81%|████████▏ | 92/113 [00:05<00:01, 17.38it/s]
Epoch 4/50 [Val]:  83%|████████▎ | 94/113 [00:05<00:01, 17.54it/s]
Epoch 4/50 [Val]:  85%|████████▍ | 96/113 [00:05<00:00, 17.89it/s]
Epoch 4/50 [Val]:  87%|████████▋ | 98/113 [00:05<00:00, 18.05it/s]
Epoch 4/50 [Val]:  88%|████████▊ | 100/113 [00:05<00:00, 17.49it/s]
Epoch 4/50 [Val]:  90%|█████████ | 102/113 [00:05<00:00, 17.12it/s]
Epoch 4/50 [Val]:  92%|█████████▏| 104/113 [00:06<00:00, 17.45it/s]
Epoch 4/50 [Val]:  94%|█████████▍| 106/113 [00:06<00:00, 17.56it/s]
Epoch 4/50 [Val]:  96%|█████████▌| 108/113 [00:06<00:00, 17.70it/s]
Epoch 4/50 [Val]:  97%|█████████▋| 110/113 [00:06<00:00, 17.87it/s]
Epoch 4/50 [Val]:  99%|█████████▉| 112/113 [00:06<00:00, 17.79it/s]
                                                                   

Epoch 5/50 [Train]:   0%|          | 0/459 [00:00<?, ?it/s]
Epoch 5/50 [Train]:   0%|          | 2/459 [00:00<00:28, 15.87it/s]
Epoch 5/50 [Train]:   1%|          | 4/459 [00:00<00:29, 15.45it/s]
Epoch 5/50 [Train]:   1%|▏         | 6/459 [00:00<00:28, 15.76it/s]
Epoch 5/50 [Train]:   2%|▏         | 8/459 [00:00<00:28, 16.02it/s]
Epoch 5/50 [Train]:   2%|▏         | 10/459 [00:00<00:27, 16.06it/s]
Epoch 5/50 [Train]:   3%|▎         | 12/459 [00:00<00:27, 16.06it/s]
Epoch 5/50 [Train]:   3%|▎         | 14/459 [00:00<00:27, 16.23it/s]
Epoch 5/50 [Train]:   3%|▎         | 16/459 [00:00<00:27, 16.21it/s]
Epoch 5/50 [Train]:   4%|▍         | 18/459 [00:01<00:27, 16.18it/s]
Epoch 5/50 [Train]:   4%|▍         | 20/459 [00:01<00:27, 16.20it/s]
Epoch 5/50 [Train]:   5%|▍         | 22/459 [00:01<00:26, 16.20it/s]
Epoch 5/50 [Train]:   5%|▌         | 24/459 [00:01<00:26, 16.31it/s]
Epoch 5/50 [Train]:   6%|▌         | 26/459 [00:01<00:26, 16.31it/s]
Epoch 5/50 [Train]:   6%|▌         | 28/459 [00:01<00:26, 16.33it/s]
Epoch 5/50 [Train]:   7%|▋         | 30/459 [00:01<00:26, 16.30it/s]
Epoch 5/50 [Train]:   7%|▋         | 32/459 [00:01<00:26, 16.30it/s]
Epoch 5/50 [Train]:   7%|▋         | 34/459 [00:02<00:26, 16.27it/s]
Epoch 5/50 [Train]:   8%|▊         | 36/459 [00:02<00:26, 16.21it/s]
Epoch 5/50 [Train]:   8%|▊         | 38/459 [00:02<00:25, 16.23it/s]
Epoch 5/50 [Train]:   9%|▊         | 40/459 [00:02<00:25, 16.31it/s]
Epoch 5/50 [Train]:   9%|▉         | 42/459 [00:02<00:25, 16.37it/s]
Epoch 5/50 [Train]:  10%|▉         | 44/459 [00:02<00:25, 16.26it/s]
Epoch 5/50 [Train]:  10%|█         | 46/459 [00:02<00:25, 16.30it/s]
Epoch 5/50 [Train]:  10%|█         | 48/459 [00:02<00:25, 16.32it/s]
Epoch 5/50 [Train]:  11%|█         | 50/459 [00:03<00:24, 16.46it/s]
Epoch 5/50 [Train]:  11%|█▏        | 52/459 [00:03<00:25, 16.26it/s]
Epoch 5/50 [Train]:  12%|█▏        | 54/459 [00:03<00:24, 16.28it/s]
Epoch 5/50 [Train]:  12%|█▏        | 56/459 [00:03<00:24, 16.17it/s]
Epoch 5/50 [Train]:  13%|█▎        | 58/459 [00:03<00:24, 16.06it/s]
Epoch 5/50 [Train]:  13%|█▎        | 60/459 [00:03<00:24, 16.15it/s]
Epoch 5/50 [Train]:  14%|█▎        | 62/459 [00:03<00:24, 16.21it/s]
Epoch 5/50 [Train]:  14%|█▍        | 64/459 [00:03<00:24, 16.26it/s]
Epoch 5/50 [Train]:  14%|█▍        | 66/459 [00:04<00:24, 16.24it/s]
Epoch 5/50 [Train]:  15%|█▍        | 68/459 [00:04<00:24, 16.22it/s]
Epoch 5/50 [Train]:  15%|█▌        | 70/459 [00:04<00:23, 16.25it/s]
Epoch 5/50 [Train]:  16%|█▌        | 72/459 [00:04<00:23, 16.29it/s]
Epoch 5/50 [Train]:  16%|█▌        | 74/459 [00:04<00:23, 16.45it/s]
Epoch 5/50 [Train]:  17%|█▋        | 76/459 [00:04<00:23, 16.52it/s]
Epoch 5/50 [Train]:  17%|█▋        | 78/459 [00:04<00:23, 16.42it/s]
Epoch 5/50 [Train]:  17%|█▋        | 80/459 [00:04<00:23, 16.38it/s]
Epoch 5/50 [Train]:  18%|█▊        | 82/459 [00:05<00:23, 16.28it/s]
Epoch 5/50 [Train]:  18%|█▊        | 84/459 [00:05<00:22, 16.34it/s]
Epoch 5/50 [Train]:  19%|█▊        | 86/459 [00:05<00:22, 16.25it/s]
Epoch 5/50 [Train]:  19%|█▉        | 88/459 [00:05<00:22, 16.29it/s]
Epoch 5/50 [Train]:  20%|█▉        | 90/459 [00:05<00:22, 16.28it/s]
Epoch 5/50 [Train]:  20%|██        | 92/459 [00:05<00:22, 16.35it/s]
Epoch 5/50 [Train]:  20%|██        | 94/459 [00:05<00:22, 16.42it/s]
Epoch 5/50 [Train]:  21%|██        | 96/459 [00:05<00:22, 16.45it/s]
Epoch 5/50 [Train]:  21%|██▏       | 98/459 [00:06<00:22, 16.34it/s]
Epoch 5/50 [Train]:  22%|██▏       | 100/459 [00:06<00:21, 16.38it/s]
Epoch 5/50 [Train]:  22%|██▏       | 102/459 [00:06<00:22, 16.18it/s]
Epoch 5/50 [Train]:  23%|██▎       | 104/459 [00:06<00:21, 16.22it/s]
Epoch 5/50 [Train]:  23%|██▎       | 106/459 [00:06<00:21, 16.29it/s]
Epoch 5/50 [Train]:  24%|██▎       | 108/459 [00:06<00:21, 16.38it/s]
Epoch 5/50 [Train]:  24%|██▍       | 110/459 [00:06<00:21, 16.16it/s]
Epoch 5/50 [Train]:  24%|██▍       | 112/459 [00:06<00:21, 16.23it/s]
Epoch 5/50 [Train]:  25%|██▍       | 114/459 [00:07<00:21, 16.37it/s]
Epoch 5/50 [Train]:  25%|██▌       | 116/459 [00:07<00:20, 16.36it/s]
Epoch 5/50 [Train]:  26%|██▌       | 118/459 [00:07<00:20, 16.25it/s]
Epoch 5/50 [Train]:  26%|██▌       | 120/459 [00:07<00:20, 16.38it/s]
Epoch 5/50 [Train]:  27%|██▋       | 122/459 [00:07<00:20, 16.46it/s]
Epoch 5/50 [Train]:  27%|██▋       | 124/459 [00:07<00:20, 16.32it/s]
Epoch 5/50 [Train]:  27%|██▋       | 126/459 [00:07<00:20, 16.42it/s]
Epoch 5/50 [Train]:  28%|██▊       | 128/459 [00:07<00:20, 16.37it/s]
Epoch 5/50 [Train]:  28%|██▊       | 130/459 [00:07<00:20, 16.35it/s]
Epoch 5/50 [Train]:  29%|██▉       | 132/459 [00:08<00:19, 16.50it/s]
Epoch 5/50 [Train]:  29%|██▉       | 134/459 [00:08<00:19, 16.33it/s]
Epoch 5/50 [Train]:  30%|██▉       | 136/459 [00:08<00:19, 16.23it/s]
Epoch 5/50 [Train]:  30%|███       | 138/459 [00:08<00:19, 16.33it/s]
Epoch 5/50 [Train]:  31%|███       | 140/459 [00:08<00:19, 16.33it/s]
Epoch 5/50 [Train]:  31%|███       | 142/459 [00:08<00:19, 16.39it/s]
Epoch 5/50 [Train]:  31%|███▏      | 144/459 [00:08<00:19, 16.43it/s]
Epoch 5/50 [Train]:  32%|███▏      | 146/459 [00:08<00:19, 16.44it/s]
Epoch 5/50 [Train]:  32%|███▏      | 148/459 [00:09<00:18, 16.42it/s]
Epoch 5/50 [Train]:  33%|███▎      | 150/459 [00:09<00:19, 16.26it/s]
Epoch 5/50 [Train]:  33%|███▎      | 152/459 [00:09<00:18, 16.24it/s]
Epoch 5/50 [Train]:  34%|███▎      | 154/459 [00:09<00:18, 16.15it/s]
Epoch 5/50 [Train]:  34%|███▍      | 156/459 [00:09<00:18, 16.30it/s]
Epoch 5/50 [Train]:  34%|███▍      | 158/459 [00:09<00:18, 16.40it/s]
Epoch 5/50 [Train]:  35%|███▍      | 160/459 [00:09<00:18, 16.45it/s]
Epoch 5/50 [Train]:  35%|███▌      | 162/459 [00:09<00:18, 16.42it/s]
Epoch 5/50 [Train]:  36%|███▌      | 164/459 [00:10<00:17, 16.40it/s]
Epoch 5/50 [Train]:  36%|███▌      | 166/459 [00:10<00:17, 16.40it/s]
Epoch 5/50 [Train]:  37%|███▋      | 168/459 [00:10<00:17, 16.35it/s]
Epoch 5/50 [Train]:  37%|███▋      | 170/459 [00:10<00:17, 16.34it/s]
Epoch 5/50 [Train]:  37%|███▋      | 172/459 [00:10<00:17, 16.39it/s]
Epoch 5/50 [Train]:  38%|███▊      | 174/459 [00:10<00:17, 16.13it/s]
Epoch 5/50 [Train]:  38%|███▊      | 176/459 [00:10<00:17, 16.15it/s]
Epoch 5/50 [Train]:  39%|███▉      | 178/459 [00:10<00:17, 16.15it/s]
Epoch 5/50 [Train]:  39%|███▉      | 180/459 [00:11<00:17, 16.34it/s]
Epoch 5/50 [Train]:  40%|███▉      | 182/459 [00:11<00:16, 16.38it/s]
Epoch 5/50 [Train]:  40%|████      | 184/459 [00:11<00:16, 16.37it/s]
Epoch 5/50 [Train]:  41%|████      | 186/459 [00:11<00:16, 16.37it/s]
Epoch 5/50 [Train]:  41%|████      | 188/459 [00:11<00:16, 16.41it/s]
Epoch 5/50 [Train]:  41%|████▏     | 190/459 [00:11<00:16, 16.52it/s]
Epoch 5/50 [Train]:  42%|████▏     | 192/459 [00:11<00:16, 16.50it/s]
Epoch 5/50 [Train]:  42%|████▏     | 194/459 [00:11<00:16, 16.54it/s]
Epoch 5/50 [Train]:  43%|████▎     | 196/459 [00:12<00:15, 16.47it/s]
Epoch 5/50 [Train]:  43%|████▎     | 198/459 [00:12<00:15, 16.44it/s]
Epoch 5/50 [Train]:  44%|████▎     | 200/459 [00:12<00:15, 16.34it/s]
Epoch 5/50 [Train]:  44%|████▍     | 202/459 [00:12<00:15, 16.35it/s]
Epoch 5/50 [Train]:  44%|████▍     | 204/459 [00:12<00:15, 16.44it/s]
Epoch 5/50 [Train]:  45%|████▍     | 206/459 [00:12<00:15, 16.42it/s]
Epoch 5/50 [Train]:  45%|████▌     | 208/459 [00:12<00:15, 16.45it/s]
Epoch 5/50 [Train]:  46%|████▌     | 210/459 [00:12<00:15, 16.41it/s]
Epoch 5/50 [Train]:  46%|████▌     | 212/459 [00:12<00:15, 16.33it/s]
Epoch 5/50 [Train]:  47%|████▋     | 214/459 [00:13<00:14, 16.35it/s]
Epoch 5/50 [Train]:  47%|████▋     | 216/459 [00:13<00:14, 16.25it/s]
Epoch 5/50 [Train]:  47%|████▋     | 218/459 [00:13<00:14, 16.23it/s]
Epoch 5/50 [Train]:  48%|████▊     | 220/459 [00:13<00:14, 16.22it/s]
Epoch 5/50 [Train]:  48%|████▊     | 222/459 [00:13<00:14, 16.17it/s]
Epoch 5/50 [Train]:  49%|████▉     | 224/459 [00:13<00:14, 16.17it/s]
Epoch 5/50 [Train]:  49%|████▉     | 226/459 [00:13<00:14, 16.15it/s]
Epoch 5/50 [Train]:  50%|████▉     | 228/459 [00:13<00:14, 16.10it/s]
Epoch 5/50 [Train]:  50%|█████     | 230/459 [00:14<00:14, 16.14it/s]
Epoch 5/50 [Train]:  51%|█████     | 232/459 [00:14<00:14, 16.20it/s]
Epoch 5/50 [Train]:  51%|█████     | 234/459 [00:14<00:13, 16.26it/s]
Epoch 5/50 [Train]:  51%|█████▏    | 236/459 [00:14<00:13, 16.25it/s]
Epoch 5/50 [Train]:  52%|█████▏    | 238/459 [00:14<00:13, 16.24it/s]
Epoch 5/50 [Train]:  52%|█████▏    | 240/459 [00:14<00:13, 16.10it/s]
Epoch 5/50 [Train]:  53%|█████▎    | 242/459 [00:14<00:13, 16.09it/s]
Epoch 5/50 [Train]:  53%|█████▎    | 244/459 [00:14<00:13, 16.04it/s]
Epoch 5/50 [Train]:  54%|█████▎    | 246/459 [00:15<00:13, 15.93it/s]
Epoch 5/50 [Train]:  54%|█████▍    | 248/459 [00:15<00:13, 15.94it/s]
Epoch 5/50 [Train]:  54%|█████▍    | 250/459 [00:15<00:13, 15.88it/s]
Epoch 5/50 [Train]:  55%|█████▍    | 252/459 [00:15<00:13, 15.88it/s]
Epoch 5/50 [Train]:  55%|█████▌    | 254/459 [00:15<00:12, 15.81it/s]
Epoch 5/50 [Train]:  56%|█████▌    | 256/459 [00:15<00:12, 15.98it/s]
Epoch 5/50 [Train]:  56%|█████▌    | 258/459 [00:15<00:12, 15.92it/s]
Epoch 5/50 [Train]:  57%|█████▋    | 260/459 [00:15<00:12, 16.10it/s]
Epoch 5/50 [Train]:  57%|█████▋    | 262/459 [00:16<00:12, 16.28it/s]
Epoch 5/50 [Train]:  58%|█████▊    | 264/459 [00:16<00:12, 16.20it/s]
Epoch 5/50 [Train]:  58%|█████▊    | 266/459 [00:16<00:11, 16.14it/s]
Epoch 5/50 [Train]:  58%|█████▊    | 268/459 [00:16<00:11, 16.09it/s]
Epoch 5/50 [Train]:  59%|█████▉    | 270/459 [00:16<00:11, 16.18it/s]
Epoch 5/50 [Train]:  59%|█████▉    | 272/459 [00:16<00:11, 16.22it/s]
Epoch 5/50 [Train]:  60%|█████▉    | 274/459 [00:16<00:11, 16.30it/s]
Epoch 5/50 [Train]:  60%|██████    | 276/459 [00:16<00:11, 16.30it/s]
Epoch 5/50 [Train]:  61%|██████    | 278/459 [00:17<00:11, 16.39it/s]
Epoch 5/50 [Train]:  61%|██████    | 280/459 [00:17<00:11, 16.26it/s]
Epoch 5/50 [Train]:  61%|██████▏   | 282/459 [00:17<00:10, 16.35it/s]
Epoch 5/50 [Train]:  62%|██████▏   | 284/459 [00:17<00:10, 16.33it/s]
Epoch 5/50 [Train]:  62%|██████▏   | 286/459 [00:17<00:10, 16.22it/s]
Epoch 5/50 [Train]:  63%|██████▎   | 288/459 [00:17<00:10, 16.29it/s]
Epoch 5/50 [Train]:  63%|██████▎   | 290/459 [00:17<00:10, 16.19it/s]
Epoch 5/50 [Train]:  64%|██████▎   | 292/459 [00:17<00:10, 16.24it/s]
Epoch 5/50 [Train]:  64%|██████▍   | 294/459 [00:18<00:10, 16.32it/s]
Epoch 5/50 [Train]:  64%|██████▍   | 296/459 [00:18<00:09, 16.51it/s]
Epoch 5/50 [Train]:  65%|██████▍   | 298/459 [00:18<00:09, 16.35it/s]
Epoch 5/50 [Train]:  65%|██████▌   | 300/459 [00:18<00:09, 16.37it/s]
Epoch 5/50 [Train]:  66%|██████▌   | 302/459 [00:18<00:09, 16.22it/s]
Epoch 5/50 [Train]:  66%|██████▌   | 304/459 [00:18<00:09, 16.21it/s]
Epoch 5/50 [Train]:  67%|██████▋   | 306/459 [00:18<00:09, 16.22it/s]
Epoch 5/50 [Train]:  67%|██████▋   | 308/459 [00:18<00:09, 16.26it/s]
Epoch 5/50 [Train]:  68%|██████▊   | 310/459 [00:19<00:09, 16.33it/s]
Epoch 5/50 [Train]:  68%|██████▊   | 312/459 [00:19<00:08, 16.39it/s]
Epoch 5/50 [Train]:  68%|██████▊   | 314/459 [00:19<00:08, 16.34it/s]
Epoch 5/50 [Train]:  69%|██████▉   | 316/459 [00:19<00:08, 16.27it/s]
Epoch 5/50 [Train]:  69%|██████▉   | 318/459 [00:19<00:08, 16.13it/s]
Epoch 5/50 [Train]:  70%|██████▉   | 320/459 [00:19<00:08, 16.24it/s]
Epoch 5/50 [Train]:  70%|███████   | 322/459 [00:19<00:08, 16.26it/s]
Epoch 5/50 [Train]:  71%|███████   | 324/459 [00:19<00:08, 16.33it/s]
Epoch 5/50 [Train]:  71%|███████   | 326/459 [00:20<00:08, 16.37it/s]
Epoch 5/50 [Train]:  71%|███████▏  | 328/459 [00:20<00:07, 16.41it/s]
Epoch 5/50 [Train]:  72%|███████▏  | 330/459 [00:20<00:07, 16.23it/s]
Epoch 5/50 [Train]:  72%|███████▏  | 332/459 [00:20<00:07, 16.27it/s]
Epoch 5/50 [Train]:  73%|███████▎  | 334/459 [00:20<00:07, 16.30it/s]
Epoch 5/50 [Train]:  73%|███████▎  | 336/459 [00:20<00:07, 16.31it/s]
Epoch 5/50 [Train]:  74%|███████▎  | 338/459 [00:20<00:07, 16.41it/s]
Epoch 5/50 [Train]:  74%|███████▍  | 340/459 [00:20<00:07, 16.40it/s]
Epoch 5/50 [Train]:  75%|███████▍  | 342/459 [00:21<00:07, 16.41it/s]
Epoch 5/50 [Train]:  75%|███████▍  | 344/459 [00:21<00:06, 16.50it/s]
Epoch 5/50 [Train]:  75%|███████▌  | 346/459 [00:21<00:06, 16.44it/s]
Epoch 5/50 [Train]:  76%|███████▌  | 348/459 [00:21<00:06, 16.46it/s]
Epoch 5/50 [Train]:  76%|███████▋  | 350/459 [00:21<00:06, 16.33it/s]
Epoch 5/50 [Train]:  77%|███████▋  | 352/459 [00:21<00:06, 16.30it/s]
Epoch 5/50 [Train]:  77%|███████▋  | 354/459 [00:21<00:06, 16.25it/s]
Epoch 5/50 [Train]:  78%|███████▊  | 356/459 [00:21<00:06, 16.28it/s]
Epoch 5/50 [Train]:  78%|███████▊  | 358/459 [00:21<00:06, 16.29it/s]
Epoch 5/50 [Train]:  78%|███████▊  | 360/459 [00:22<00:06, 16.18it/s]
Epoch 5/50 [Train]:  79%|███████▉  | 362/459 [00:22<00:06, 16.09it/s]
Epoch 5/50 [Train]:  79%|███████▉  | 364/459 [00:22<00:05, 16.11it/s]
Epoch 5/50 [Train]:  80%|███████▉  | 366/459 [00:22<00:05, 15.96it/s]
Epoch 5/50 [Train]:  80%|████████  | 368/459 [00:22<00:05, 16.19it/s]
Epoch 5/50 [Train]:  81%|████████  | 370/459 [00:22<00:05, 16.26it/s]
Epoch 5/50 [Train]:  81%|████████  | 372/459 [00:22<00:05, 16.31it/s]
Epoch 5/50 [Train]:  81%|████████▏ | 374/459 [00:22<00:05, 16.35it/s]
Epoch 5/50 [Train]:  82%|████████▏ | 376/459 [00:23<00:05, 16.48it/s]
Epoch 5/50 [Train]:  82%|████████▏ | 378/459 [00:23<00:04, 16.31it/s]
Epoch 5/50 [Train]:  83%|████████▎ | 380/459 [00:23<00:04, 16.31it/s]
Epoch 5/50 [Train]:  83%|████████▎ | 382/459 [00:23<00:04, 16.39it/s]
Epoch 5/50 [Train]:  84%|████████▎ | 384/459 [00:23<00:04, 16.39it/s]
Epoch 5/50 [Train]:  84%|████████▍ | 386/459 [00:23<00:04, 16.41it/s]
Epoch 5/50 [Train]:  85%|████████▍ | 388/459 [00:23<00:04, 16.50it/s]
Epoch 5/50 [Train]:  85%|████████▍ | 390/459 [00:23<00:04, 16.47it/s]
Epoch 5/50 [Train]:  85%|████████▌ | 392/459 [00:24<00:04, 16.32it/s]
Epoch 5/50 [Train]:  86%|████████▌ | 394/459 [00:24<00:03, 16.34it/s]
Epoch 5/50 [Train]:  86%|████████▋ | 396/459 [00:24<00:03, 16.39it/s]
Epoch 5/50 [Train]:  87%|████████▋ | 398/459 [00:24<00:03, 16.33it/s]
Epoch 5/50 [Train]:  87%|████████▋ | 400/459 [00:24<00:03, 16.27it/s]
Epoch 5/50 [Train]:  88%|████████▊ | 402/459 [00:24<00:03, 16.26it/s]
Epoch 5/50 [Train]:  88%|████████▊ | 404/459 [00:24<00:03, 16.20it/s]
Epoch 5/50 [Train]:  88%|████████▊ | 406/459 [00:24<00:03, 16.23it/s]
Epoch 5/50 [Train]:  89%|████████▉ | 408/459 [00:25<00:03, 16.30it/s]
Epoch 5/50 [Train]:  89%|████████▉ | 410/459 [00:25<00:02, 16.38it/s]
Epoch 5/50 [Train]:  90%|████████▉ | 412/459 [00:25<00:02, 16.30it/s]
Epoch 5/50 [Train]:  90%|█████████ | 414/459 [00:25<00:02, 16.28it/s]
Epoch 5/50 [Train]:  91%|█████████ | 416/459 [00:25<00:02, 16.34it/s]
Epoch 5/50 [Train]:  91%|█████████ | 418/459 [00:25<00:02, 16.37it/s]
Epoch 5/50 [Train]:  92%|█████████▏| 420/459 [00:25<00:02, 16.48it/s]
Epoch 5/50 [Train]:  92%|█████████▏| 422/459 [00:25<00:02, 16.51it/s]
Epoch 5/50 [Train]:  92%|█████████▏| 424/459 [00:26<00:02, 16.52it/s]
Epoch 5/50 [Train]:  93%|█████████▎| 426/459 [00:26<00:02, 16.42it/s]
Epoch 5/50 [Train]:  93%|█████████▎| 428/459 [00:26<00:01, 16.24it/s]
Epoch 5/50 [Train]:  94%|█████████▎| 430/459 [00:26<00:01, 16.25it/s]
Epoch 5/50 [Train]:  94%|█████████▍| 432/459 [00:26<00:01, 16.34it/s]
Epoch 5/50 [Train]:  95%|█████████▍| 434/459 [00:26<00:01, 16.43it/s]
Epoch 5/50 [Train]:  95%|█████████▍| 436/459 [00:26<00:01, 16.48it/s]
Epoch 5/50 [Train]:  95%|█████████▌| 438/459 [00:26<00:01, 16.42it/s]
Epoch 5/50 [Train]:  96%|█████████▌| 440/459 [00:27<00:01, 16.35it/s]
Epoch 5/50 [Train]:  96%|█████████▋| 442/459 [00:27<00:01, 16.36it/s]
Epoch 5/50 [Train]:  97%|█████████▋| 444/459 [00:27<00:00, 16.28it/s]
Epoch 5/50 [Train]:  97%|█████████▋| 446/459 [00:27<00:00, 16.15it/s]
Epoch 5/50 [Train]:  98%|█████████▊| 448/459 [00:27<00:00, 16.20it/s]
Epoch 5/50 [Train]:  98%|█████████▊| 450/459 [00:27<00:00, 16.19it/s]
Epoch 5/50 [Train]:  98%|█████████▊| 452/459 [00:27<00:00, 16.31it/s]
Epoch 5/50 [Train]:  99%|█████████▉| 454/459 [00:27<00:00, 16.33it/s]
Epoch 5/50 [Train]:  99%|█████████▉| 456/459 [00:27<00:00, 16.34it/s]
Epoch 5/50 [Train]: 100%|█████████▉| 458/459 [00:28<00:00, 16.26it/s]
                                                                     

Epoch 5/50 [Val]:   0%|          | 0/113 [00:00<?, ?it/s]
Epoch 5/50 [Val]:   2%|▏         | 2/113 [00:00<00:06, 16.70it/s]
Epoch 5/50 [Val]:   4%|▎         | 4/113 [00:00<00:06, 16.96it/s]
Epoch 5/50 [Val]:   5%|▌         | 6/113 [00:00<00:06, 17.11it/s]
Epoch 5/50 [Val]:   7%|▋         | 8/113 [00:00<00:06, 17.19it/s]
Epoch 5/50 [Val]:   9%|▉         | 10/113 [00:00<00:05, 17.40it/s]
Epoch 5/50 [Val]:  11%|█         | 12/113 [00:00<00:05, 17.44it/s]
Epoch 5/50 [Val]:  12%|█▏        | 14/113 [00:00<00:05, 17.55it/s]
Epoch 5/50 [Val]:  14%|█▍        | 16/113 [00:00<00:05, 16.77it/s]
Epoch 5/50 [Val]:  16%|█▌        | 18/113 [00:01<00:05, 16.20it/s]
Epoch 5/50 [Val]:  18%|█▊        | 20/113 [00:01<00:05, 15.93it/s]
Epoch 5/50 [Val]:  19%|█▉        | 22/113 [00:01<00:05, 15.80it/s]
Epoch 5/50 [Val]:  21%|██        | 24/113 [00:01<00:05, 15.66it/s]
Epoch 5/50 [Val]:  23%|██▎       | 26/113 [00:01<00:05, 15.95it/s]
Epoch 5/50 [Val]:  25%|██▍       | 28/113 [00:01<00:05, 16.10it/s]
Epoch 5/50 [Val]:  27%|██▋       | 30/113 [00:01<00:05, 16.36it/s]
Epoch 5/50 [Val]:  28%|██▊       | 32/113 [00:01<00:04, 16.55it/s]
Epoch 5/50 [Val]:  30%|███       | 34/113 [00:02<00:04, 16.57it/s]
Epoch 5/50 [Val]:  32%|███▏      | 36/113 [00:02<00:04, 16.97it/s]
Epoch 5/50 [Val]:  34%|███▎      | 38/113 [00:02<00:04, 17.18it/s]
Epoch 5/50 [Val]:  35%|███▌      | 40/113 [00:02<00:04, 17.32it/s]
Epoch 5/50 [Val]:  37%|███▋      | 42/113 [00:02<00:04, 17.37it/s]
Epoch 5/50 [Val]:  39%|███▉      | 44/113 [00:02<00:03, 17.26it/s]
Epoch 5/50 [Val]:  41%|████      | 46/113 [00:02<00:03, 16.98it/s]
Epoch 5/50 [Val]:  42%|████▏     | 48/113 [00:02<00:03, 17.10it/s]
Epoch 5/50 [Val]:  44%|████▍     | 50/113 [00:02<00:03, 17.39it/s]
Epoch 5/50 [Val]:  46%|████▌     | 52/113 [00:03<00:03, 17.55it/s]
Epoch 5/50 [Val]:  48%|████▊     | 54/113 [00:03<00:03, 17.72it/s]
Epoch 5/50 [Val]:  50%|████▉     | 56/113 [00:03<00:03, 17.73it/s]
Epoch 5/50 [Val]:  51%|█████▏    | 58/113 [00:03<00:03, 17.06it/s]
Epoch 5/50 [Val]:  53%|█████▎    | 60/113 [00:03<00:03, 17.33it/s]
Epoch 5/50 [Val]:  55%|█████▍    | 62/113 [00:03<00:02, 17.37it/s]
Epoch 5/50 [Val]:  57%|█████▋    | 64/113 [00:03<00:02, 17.42it/s]
Epoch 5/50 [Val]:  58%|█████▊    | 66/113 [00:03<00:02, 17.08it/s]
Epoch 5/50 [Val]:  60%|██████    | 68/113 [00:04<00:02, 16.75it/s]
Epoch 5/50 [Val]:  62%|██████▏   | 70/113 [00:04<00:02, 17.05it/s]
Epoch 5/50 [Val]:  64%|██████▎   | 72/113 [00:04<00:02, 17.23it/s]
Epoch 5/50 [Val]:  65%|██████▌   | 74/113 [00:04<00:02, 17.46it/s]
Epoch 5/50 [Val]:  67%|██████▋   | 76/113 [00:04<00:02, 17.41it/s]
Epoch 5/50 [Val]:  69%|██████▉   | 78/113 [00:04<00:02, 17.29it/s]
Epoch 5/50 [Val]:  71%|███████   | 80/113 [00:04<00:01, 17.25it/s]
Epoch 5/50 [Val]:  73%|███████▎  | 82/113 [00:04<00:01, 17.18it/s]
Epoch 5/50 [Val]:  74%|███████▍  | 84/113 [00:04<00:01, 17.21it/s]
Epoch 5/50 [Val]:  76%|███████▌  | 86/113 [00:05<00:01, 17.11it/s]
Epoch 5/50 [Val]:  78%|███████▊  | 88/113 [00:05<00:01, 17.03it/s]
Epoch 5/50 [Val]:  80%|███████▉  | 90/113 [00:05<00:01, 17.29it/s]
Epoch 5/50 [Val]:  81%|████████▏ | 92/113 [00:05<00:01, 17.41it/s]
Epoch 5/50 [Val]:  83%|████████▎ | 94/113 [00:05<00:01, 17.57it/s]
Epoch 5/50 [Val]:  85%|████████▍ | 96/113 [00:05<00:00, 17.86it/s]
Epoch 5/50 [Val]:  87%|████████▋ | 98/113 [00:05<00:00, 17.86it/s]
Epoch 5/50 [Val]:  88%|████████▊ | 100/113 [00:05<00:00, 17.43it/s]
Epoch 5/50 [Val]:  90%|█████████ | 102/113 [00:05<00:00, 17.07it/s]
Epoch 5/50 [Val]:  92%|█████████▏| 104/113 [00:06<00:00, 17.16it/s]
Epoch 5/50 [Val]:  94%|█████████▍| 106/113 [00:06<00:00, 17.31it/s]
Epoch 5/50 [Val]:  96%|█████████▌| 108/113 [00:06<00:00, 17.72it/s]
Epoch 5/50 [Val]:  97%|█████████▋| 110/113 [00:06<00:00, 17.90it/s]
Epoch 5/50 [Val]:  99%|█████████▉| 112/113 [00:06<00:00, 17.91it/s]
                                                                   

Epoch 6/50 [Train]:   0%|          | 0/459 [00:00<?, ?it/s]
Epoch 6/50 [Train]:   0%|          | 2/459 [00:00<00:29, 15.49it/s]
Epoch 6/50 [Train]:   1%|          | 4/459 [00:00<00:28, 15.96it/s]
Epoch 6/50 [Train]:   1%|▏         | 6/459 [00:00<00:27, 16.31it/s]
Epoch 6/50 [Train]:   2%|▏         | 8/459 [00:00<00:27, 16.28it/s]
Epoch 6/50 [Train]:   2%|▏         | 10/459 [00:00<00:27, 16.04it/s]
Epoch 6/50 [Train]:   3%|▎         | 12/459 [00:00<00:27, 16.05it/s]
Epoch 6/50 [Train]:   3%|▎         | 14/459 [00:00<00:27, 16.03it/s]
Epoch 6/50 [Train]:   3%|▎         | 16/459 [00:00<00:27, 16.04it/s]
Epoch 6/50 [Train]:   4%|▍         | 18/459 [00:01<00:27, 16.13it/s]
Epoch 6/50 [Train]:   4%|▍         | 20/459 [00:01<00:27, 16.18it/s]
Epoch 6/50 [Train]:   5%|▍         | 22/459 [00:01<00:27, 16.03it/s]
Epoch 6/50 [Train]:   5%|▌         | 24/459 [00:01<00:27, 15.97it/s]
Epoch 6/50 [Train]:   6%|▌         | 26/459 [00:01<00:26, 16.13it/s]
Epoch 6/50 [Train]:   6%|▌         | 28/459 [00:01<00:26, 16.25it/s]
Epoch 6/50 [Train]:   7%|▋         | 30/459 [00:01<00:26, 16.27it/s]
Epoch 6/50 [Train]:   7%|▋         | 32/459 [00:01<00:26, 16.17it/s]
Epoch 6/50 [Train]:   7%|▋         | 34/459 [00:02<00:26, 16.21it/s]
Epoch 6/50 [Train]:   8%|▊         | 36/459 [00:02<00:25, 16.30it/s]
Epoch 6/50 [Train]:   8%|▊         | 38/459 [00:02<00:25, 16.23it/s]
Epoch 6/50 [Train]:   9%|▊         | 40/459 [00:02<00:25, 16.25it/s]
Epoch 6/50 [Train]:   9%|▉         | 42/459 [00:02<00:25, 16.39it/s]
Epoch 6/50 [Train]:  10%|▉         | 44/459 [00:02<00:25, 16.16it/s]
Epoch 6/50 [Train]:  10%|█         | 46/459 [00:02<00:25, 16.18it/s]
Epoch 6/50 [Train]:  10%|█         | 48/459 [00:02<00:25, 16.36it/s]
Epoch 6/50 [Train]:  11%|█         | 50/459 [00:03<00:25, 16.35it/s]
Epoch 6/50 [Train]:  11%|█▏        | 52/459 [00:03<00:25, 16.27it/s]
Epoch 6/50 [Train]:  12%|█▏        | 54/459 [00:03<00:24, 16.24it/s]
Epoch 6/50 [Train]:  12%|█▏        | 56/459 [00:03<00:24, 16.15it/s]
Epoch 6/50 [Train]:  13%|█▎        | 58/459 [00:03<00:24, 16.16it/s]
Epoch 6/50 [Train]:  13%|█▎        | 60/459 [00:03<00:24, 16.27it/s]
Epoch 6/50 [Train]:  14%|█▎        | 62/459 [00:03<00:24, 16.36it/s]
Epoch 6/50 [Train]:  14%|█▍        | 64/459 [00:03<00:24, 16.34it/s]
Epoch 6/50 [Train]:  14%|█▍        | 66/459 [00:04<00:23, 16.42it/s]
Epoch 6/50 [Train]:  15%|█▍        | 68/459 [00:04<00:23, 16.51it/s]
Epoch 6/50 [Train]:  15%|█▌        | 70/459 [00:04<00:23, 16.45it/s]
Epoch 6/50 [Train]:  16%|█▌        | 72/459 [00:04<00:23, 16.33it/s]
Epoch 6/50 [Train]:  16%|█▌        | 74/459 [00:04<00:23, 16.35it/s]
Epoch 6/50 [Train]:  17%|█▋        | 76/459 [00:04<00:23, 16.29it/s]
Epoch 6/50 [Train]:  17%|█▋        | 78/459 [00:04<00:23, 16.42it/s]
Epoch 6/50 [Train]:  17%|█▋        | 80/459 [00:04<00:23, 16.30it/s]
Epoch 6/50 [Train]:  18%|█▊        | 82/459 [00:05<00:22, 16.42it/s]
Epoch 6/50 [Train]:  18%|█▊        | 84/459 [00:05<00:22, 16.33it/s]
Epoch 6/50 [Train]:  19%|█▊        | 86/459 [00:05<00:22, 16.36it/s]
Epoch 6/50 [Train]:  19%|█▉        | 88/459 [00:05<00:22, 16.41it/s]
Epoch 6/50 [Train]:  20%|█▉        | 90/459 [00:05<00:22, 16.44it/s]
Epoch 6/50 [Train]:  20%|██        | 92/459 [00:05<00:22, 16.42it/s]
Epoch 6/50 [Train]:  20%|██        | 94/459 [00:05<00:22, 16.39it/s]
Epoch 6/50 [Train]:  21%|██        | 96/459 [00:05<00:22, 16.45it/s]
Epoch 6/50 [Train]:  21%|██▏       | 98/459 [00:06<00:22, 16.39it/s]
Epoch 6/50 [Train]:  22%|██▏       | 100/459 [00:06<00:21, 16.37it/s]
Epoch 6/50 [Train]:  22%|██▏       | 102/459 [00:06<00:21, 16.27it/s]
Epoch 6/50 [Train]:  23%|██▎       | 104/459 [00:06<00:21, 16.33it/s]
Epoch 6/50 [Train]:  23%|██▎       | 106/459 [00:06<00:21, 16.39it/s]
Epoch 6/50 [Train]:  24%|██▎       | 108/459 [00:06<00:21, 16.43it/s]
Epoch 6/50 [Train]:  24%|██▍       | 110/459 [00:06<00:21, 16.43it/s]
Epoch 6/50 [Train]:  24%|██▍       | 112/459 [00:06<00:21, 16.50it/s]
Epoch 6/50 [Train]:  25%|██▍       | 114/459 [00:07<00:21, 16.38it/s]
Epoch 6/50 [Train]:  25%|██▌       | 116/459 [00:07<00:21, 16.24it/s]
Epoch 6/50 [Train]:  26%|██▌       | 118/459 [00:07<00:20, 16.33it/s]
Epoch 6/50 [Train]:  26%|██▌       | 120/459 [00:07<00:20, 16.29it/s]
Epoch 6/50 [Train]:  27%|██▋       | 122/459 [00:07<00:20, 16.13it/s]
Epoch 6/50 [Train]:  27%|██▋       | 124/459 [00:07<00:20, 16.07it/s]
Epoch 6/50 [Train]:  27%|██▋       | 126/459 [00:07<00:20, 16.12it/s]
Epoch 6/50 [Train]:  28%|██▊       | 128/459 [00:07<00:20, 16.32it/s]
Epoch 6/50 [Train]:  28%|██▊       | 130/459 [00:07<00:20, 16.36it/s]
Epoch 6/50 [Train]:  29%|██▉       | 132/459 [00:08<00:19, 16.38it/s]
Epoch 6/50 [Train]:  29%|██▉       | 134/459 [00:08<00:19, 16.43it/s]
Epoch 6/50 [Train]:  30%|██▉       | 136/459 [00:08<00:19, 16.44it/s]
Epoch 6/50 [Train]:  30%|███       | 138/459 [00:08<00:19, 16.51it/s]
Epoch 6/50 [Train]:  31%|███       | 140/459 [00:08<00:19, 16.51it/s]
Epoch 6/50 [Train]:  31%|███       | 142/459 [00:08<00:19, 16.46it/s]
Epoch 6/50 [Train]:  31%|███▏      | 144/459 [00:08<00:19, 16.38it/s]
Epoch 6/50 [Train]:  32%|███▏      | 146/459 [00:08<00:19, 16.40it/s]
Epoch 6/50 [Train]:  32%|███▏      | 148/459 [00:09<00:19, 16.30it/s]
Epoch 6/50 [Train]:  33%|███▎      | 150/459 [00:09<00:19, 16.22it/s]
Epoch 6/50 [Train]:  33%|███▎      | 152/459 [00:09<00:18, 16.29it/s]
Epoch 6/50 [Train]:  34%|███▎      | 154/459 [00:09<00:18, 16.38it/s]
Epoch 6/50 [Train]:  34%|███▍      | 156/459 [00:09<00:18, 16.46it/s]
Epoch 6/50 [Train]:  34%|███▍      | 158/459 [00:09<00:18, 16.38it/s]
Epoch 6/50 [Train]:  35%|███▍      | 160/459 [00:09<00:18, 16.42it/s]
Epoch 6/50 [Train]:  35%|███▌      | 162/459 [00:09<00:18, 16.38it/s]
Epoch 6/50 [Train]:  36%|███▌      | 164/459 [00:10<00:17, 16.44it/s]
Epoch 6/50 [Train]:  36%|███▌      | 166/459 [00:10<00:17, 16.34it/s]
Epoch 6/50 [Train]:  37%|███▋      | 168/459 [00:10<00:17, 16.33it/s]
Epoch 6/50 [Train]:  37%|███▋      | 170/459 [00:10<00:17, 16.39it/s]
Epoch 6/50 [Train]:  37%|███▋      | 172/459 [00:10<00:17, 16.18it/s]
Epoch 6/50 [Train]:  38%|███▊      | 174/459 [00:10<00:17, 16.16it/s]
Epoch 6/50 [Train]:  38%|███▊      | 176/459 [00:10<00:17, 16.15it/s]
Epoch 6/50 [Train]:  39%|███▉      | 178/459 [00:10<00:17, 16.19it/s]
Epoch 6/50 [Train]:  39%|███▉      | 180/459 [00:11<00:17, 16.27it/s]
Epoch 6/50 [Train]:  40%|███▉      | 182/459 [00:11<00:16, 16.38it/s]
Epoch 6/50 [Train]:  40%|████      | 184/459 [00:11<00:16, 16.45it/s]
Epoch 6/50 [Train]:  41%|████      | 186/459 [00:11<00:16, 16.49it/s]
Epoch 6/50 [Train]:  41%|████      | 188/459 [00:11<00:16, 16.33it/s]
Epoch 6/50 [Train]:  41%|████▏     | 190/459 [00:11<00:16, 16.25it/s]
Epoch 6/50 [Train]:  42%|████▏     | 192/459 [00:11<00:16, 16.22it/s]
Epoch 6/50 [Train]:  42%|████▏     | 194/459 [00:11<00:16, 16.29it/s]
Epoch 6/50 [Train]:  43%|████▎     | 196/459 [00:12<00:16, 16.33it/s]
Epoch 6/50 [Train]:  43%|████▎     | 198/459 [00:12<00:15, 16.35it/s]
Epoch 6/50 [Train]:  44%|████▎     | 200/459 [00:12<00:15, 16.30it/s]
Epoch 6/50 [Train]:  44%|████▍     | 202/459 [00:12<00:15, 16.31it/s]
Epoch 6/50 [Train]:  44%|████▍     | 204/459 [00:12<00:15, 16.28it/s]
Epoch 6/50 [Train]:  45%|████▍     | 206/459 [00:12<00:15, 16.31it/s]
Epoch 6/50 [Train]:  45%|████▌     | 208/459 [00:12<00:15, 16.37it/s]
Epoch 6/50 [Train]:  46%|████▌     | 210/459 [00:12<00:15, 16.45it/s]
Epoch 6/50 [Train]:  46%|████▌     | 212/459 [00:12<00:14, 16.47it/s]
Epoch 6/50 [Train]:  47%|████▋     | 214/459 [00:13<00:14, 16.40it/s]
Epoch 6/50 [Train]:  47%|████▋     | 216/459 [00:13<00:14, 16.33it/s]
Epoch 6/50 [Train]:  47%|████▋     | 218/459 [00:13<00:14, 16.24it/s]
Epoch 6/50 [Train]:  48%|████▊     | 220/459 [00:13<00:14, 16.17it/s]
Epoch 6/50 [Train]:  48%|████▊     | 222/459 [00:13<00:14, 16.27it/s]
Epoch 6/50 [Train]:  49%|████▉     | 224/459 [00:13<00:14, 16.28it/s]
Epoch 6/50 [Train]:  49%|████▉     | 226/459 [00:13<00:14, 16.28it/s]
Epoch 6/50 [Train]:  50%|████▉     | 228/459 [00:13<00:14, 16.21it/s]
Epoch 6/50 [Train]:  50%|█████     | 230/459 [00:14<00:14, 16.34it/s]
Epoch 6/50 [Train]:  51%|█████     | 232/459 [00:14<00:13, 16.41it/s]
Epoch 6/50 [Train]:  51%|█████     | 234/459 [00:14<00:13, 16.36it/s]
Epoch 6/50 [Train]:  51%|█████▏    | 236/459 [00:14<00:13, 16.17it/s]
Epoch 6/50 [Train]:  52%|█████▏    | 238/459 [00:14<00:13, 16.26it/s]
Epoch 6/50 [Train]:  52%|█████▏    | 240/459 [00:14<00:13, 16.23it/s]
Epoch 6/50 [Train]:  53%|█████▎    | 242/459 [00:14<00:13, 16.24it/s]
Epoch 6/50 [Train]:  53%|█████▎    | 244/459 [00:14<00:13, 16.15it/s]
Epoch 6/50 [Train]:  54%|█████▎    | 246/459 [00:15<00:13, 16.24it/s]
Epoch 6/50 [Train]:  54%|█████▍    | 248/459 [00:15<00:12, 16.40it/s]
Epoch 6/50 [Train]:  54%|█████▍    | 250/459 [00:15<00:12, 16.31it/s]
Epoch 6/50 [Train]:  55%|█████▍    | 252/459 [00:15<00:12, 16.37it/s]
Epoch 6/50 [Train]:  55%|█████▌    | 254/459 [00:15<00:12, 16.36it/s]
Epoch 6/50 [Train]:  56%|█████▌    | 256/459 [00:15<00:12, 16.44it/s]
Epoch 6/50 [Train]:  56%|█████▌    | 258/459 [00:15<00:12, 16.18it/s]
Epoch 6/50 [Train]:  57%|█████▋    | 260/459 [00:15<00:12, 16.08it/s]
Epoch 6/50 [Train]:  57%|█████▋    | 262/459 [00:16<00:12, 16.08it/s]
Epoch 6/50 [Train]:  58%|█████▊    | 264/459 [00:16<00:12, 16.04it/s]
Epoch 6/50 [Train]:  58%|█████▊    | 266/459 [00:16<00:12, 16.05it/s]
Epoch 6/50 [Train]:  58%|█████▊    | 268/459 [00:16<00:11, 16.02it/s]
Epoch 6/50 [Train]:  59%|█████▉    | 270/459 [00:16<00:11, 16.09it/s]
Epoch 6/50 [Train]:  59%|█████▉    | 272/459 [00:16<00:11, 16.01it/s]
Epoch 6/50 [Train]:  60%|█████▉    | 274/459 [00:16<00:11, 16.01it/s]
Epoch 6/50 [Train]:  60%|██████    | 276/459 [00:16<00:11, 16.10it/s]
Epoch 6/50 [Train]:  61%|██████    | 278/459 [00:17<00:11, 15.97it/s]
Epoch 6/50 [Train]:  61%|██████    | 280/459 [00:17<00:11, 16.05it/s]
Epoch 6/50 [Train]:  61%|██████▏   | 282/459 [00:17<00:11, 16.07it/s]
Epoch 6/50 [Train]:  62%|██████▏   | 284/459 [00:17<00:10, 15.93it/s]
Epoch 6/50 [Train]:  62%|██████▏   | 286/459 [00:17<00:10, 15.89it/s]
Epoch 6/50 [Train]:  63%|██████▎   | 288/459 [00:17<00:10, 15.96it/s]
Epoch 6/50 [Train]:  63%|██████▎   | 290/459 [00:17<00:10, 16.10it/s]
Epoch 6/50 [Train]:  64%|██████▎   | 292/459 [00:17<00:10, 16.26it/s]
Epoch 6/50 [Train]:  64%|██████▍   | 294/459 [00:18<00:10, 16.33it/s]
Epoch 6/50 [Train]:  64%|██████▍   | 296/459 [00:18<00:09, 16.41it/s]
Epoch 6/50 [Train]:  65%|██████▍   | 298/459 [00:18<00:09, 16.35it/s]
Epoch 6/50 [Train]:  65%|██████▌   | 300/459 [00:18<00:09, 16.25it/s]
Epoch 6/50 [Train]:  66%|██████▌   | 302/459 [00:18<00:09, 16.15it/s]
Epoch 6/50 [Train]:  66%|██████▌   | 304/459 [00:18<00:09, 15.89it/s]
Epoch 6/50 [Train]:  67%|██████▋   | 306/459 [00:18<00:09, 15.84it/s]
Epoch 6/50 [Train]:  67%|██████▋   | 308/459 [00:18<00:09, 15.82it/s]
Epoch 6/50 [Train]:  68%|██████▊   | 310/459 [00:19<00:09, 15.81it/s]
Epoch 6/50 [Train]:  68%|██████▊   | 312/459 [00:19<00:09, 15.91it/s]
Epoch 6/50 [Train]:  68%|██████▊   | 314/459 [00:19<00:09, 15.94it/s]
Epoch 6/50 [Train]:  69%|██████▉   | 316/459 [00:19<00:08, 16.18it/s]
Epoch 6/50 [Train]:  69%|██████▉   | 318/459 [00:19<00:08, 15.87it/s]
Epoch 6/50 [Train]:  70%|██████▉   | 320/459 [00:19<00:08, 16.00it/s]
Epoch 6/50 [Train]:  70%|███████   | 322/459 [00:19<00:08, 16.17it/s]
Epoch 6/50 [Train]:  71%|███████   | 324/459 [00:19<00:08, 16.09it/s]
Epoch 6/50 [Train]:  71%|███████   | 326/459 [00:20<00:08, 16.21it/s]
Epoch 6/50 [Train]:  71%|███████▏  | 328/459 [00:20<00:08, 16.19it/s]
Epoch 6/50 [Train]:  72%|███████▏  | 330/459 [00:20<00:08, 16.07it/s]
Epoch 6/50 [Train]:  72%|███████▏  | 332/459 [00:20<00:07, 16.18it/s]
Epoch 6/50 [Train]:  73%|███████▎  | 334/459 [00:20<00:07, 16.03it/s]
Epoch 6/50 [Train]:  73%|███████▎  | 336/459 [00:20<00:07, 16.08it/s]
Epoch 6/50 [Train]:  74%|███████▎  | 338/459 [00:20<00:07, 16.12it/s]
Epoch 6/50 [Train]:  74%|███████▍  | 340/459 [00:20<00:07, 16.11it/s]
Epoch 6/50 [Train]:  75%|███████▍  | 342/459 [00:21<00:07, 16.10it/s]
Epoch 6/50 [Train]:  75%|███████▍  | 344/459 [00:21<00:07, 16.13it/s]
Epoch 6/50 [Train]:  75%|███████▌  | 346/459 [00:21<00:06, 16.27it/s]
Epoch 6/50 [Train]:  76%|███████▌  | 348/459 [00:21<00:06, 16.32it/s]
Epoch 6/50 [Train]:  76%|███████▋  | 350/459 [00:21<00:06, 16.23it/s]
Epoch 6/50 [Train]:  77%|███████▋  | 352/459 [00:21<00:06, 16.10it/s]
Epoch 6/50 [Train]:  77%|███████▋  | 354/459 [00:21<00:06, 16.19it/s]
Epoch 6/50 [Train]:  78%|███████▊  | 356/459 [00:21<00:06, 16.19it/s]
Epoch 6/50 [Train]:  78%|███████▊  | 358/459 [00:22<00:06, 16.18it/s]
Epoch 6/50 [Train]:  78%|███████▊  | 360/459 [00:22<00:06, 15.88it/s]
Epoch 6/50 [Train]:  79%|███████▉  | 362/459 [00:22<00:06, 15.84it/s]
Epoch 6/50 [Train]:  79%|███████▉  | 364/459 [00:22<00:05, 15.91it/s]
Epoch 6/50 [Train]:  80%|███████▉  | 366/459 [00:22<00:05, 15.96it/s]
Epoch 6/50 [Train]:  80%|████████  | 368/459 [00:22<00:05, 16.00it/s]
Epoch 6/50 [Train]:  81%|████████  | 370/459 [00:22<00:05, 16.05it/s]
Epoch 6/50 [Train]:  81%|████████  | 372/459 [00:22<00:05, 15.83it/s]
Epoch 6/50 [Train]:  81%|████████▏ | 374/459 [00:23<00:05, 15.83it/s]
Epoch 6/50 [Train]:  82%|████████▏ | 376/459 [00:23<00:05, 15.88it/s]
Epoch 6/50 [Train]:  82%|████████▏ | 378/459 [00:23<00:05, 16.05it/s]
Epoch 6/50 [Train]:  83%|████████▎ | 380/459 [00:23<00:04, 16.14it/s]
Epoch 6/50 [Train]:  83%|████████▎ | 382/459 [00:23<00:04, 16.16it/s]
Epoch 6/50 [Train]:  84%|████████▎ | 384/459 [00:23<00:04, 16.37it/s]
Epoch 6/50 [Train]:  84%|████████▍ | 386/459 [00:23<00:04, 16.21it/s]
Epoch 6/50 [Train]:  85%|████████▍ | 388/459 [00:23<00:04, 16.29it/s]
Epoch 6/50 [Train]:  85%|████████▍ | 390/459 [00:24<00:04, 16.32it/s]
Epoch 6/50 [Train]:  85%|████████▌ | 392/459 [00:24<00:04, 16.37it/s]
Epoch 6/50 [Train]:  86%|████████▌ | 394/459 [00:24<00:03, 16.42it/s]
Epoch 6/50 [Train]:  86%|████████▋ | 396/459 [00:24<00:03, 16.35it/s]
Epoch 6/50 [Train]:  87%|████████▋ | 398/459 [00:24<00:03, 16.29it/s]
Epoch 6/50 [Train]:  87%|████████▋ | 400/459 [00:24<00:03, 16.33it/s]
Epoch 6/50 [Train]:  88%|████████▊ | 402/459 [00:24<00:03, 16.39it/s]
Epoch 6/50 [Train]:  88%|████████▊ | 404/459 [00:24<00:03, 16.28it/s]
Epoch 6/50 [Train]:  88%|████████▊ | 406/459 [00:25<00:03, 16.38it/s]
Epoch 6/50 [Train]:  89%|████████▉ | 408/459 [00:25<00:03, 16.48it/s]
Epoch 6/50 [Train]:  89%|████████▉ | 410/459 [00:25<00:03, 16.33it/s]
Epoch 6/50 [Train]:  90%|████████▉ | 412/459 [00:25<00:02, 16.37it/s]
Epoch 6/50 [Train]:  90%|█████████ | 414/459 [00:25<00:02, 16.33it/s]
Epoch 6/50 [Train]:  91%|█████████ | 416/459 [00:25<00:02, 16.32it/s]
Epoch 6/50 [Train]:  91%|█████████ | 418/459 [00:25<00:02, 16.30it/s]
Epoch 6/50 [Train]:  92%|█████████▏| 420/459 [00:25<00:02, 16.33it/s]
Epoch 6/50 [Train]:  92%|█████████▏| 422/459 [00:25<00:02, 16.41it/s]
Epoch 6/50 [Train]:  92%|█████████▏| 424/459 [00:26<00:02, 16.46it/s]
Epoch 6/50 [Train]:  93%|█████████▎| 426/459 [00:26<00:02, 16.44it/s]
Epoch 6/50 [Train]:  93%|█████████▎| 428/459 [00:26<00:01, 16.30it/s]
Epoch 6/50 [Train]:  94%|█████████▎| 430/459 [00:26<00:01, 16.24it/s]
Epoch 6/50 [Train]:  94%|█████████▍| 432/459 [00:26<00:01, 16.31it/s]
Epoch 6/50 [Train]:  95%|█████████▍| 434/459 [00:26<00:01, 16.31it/s]
Epoch 6/50 [Train]:  95%|█████████▍| 436/459 [00:26<00:01, 16.39it/s]
Epoch 6/50 [Train]:  95%|█████████▌| 438/459 [00:26<00:01, 16.45it/s]
Epoch 6/50 [Train]:  96%|█████████▌| 440/459 [00:27<00:01, 16.42it/s]
Epoch 6/50 [Train]:  96%|█████████▋| 442/459 [00:27<00:01, 16.51it/s]
Epoch 6/50 [Train]:  97%|█████████▋| 444/459 [00:27<00:00, 16.42it/s]
Epoch 6/50 [Train]:  97%|█████████▋| 446/459 [00:27<00:00, 16.32it/s]
Epoch 6/50 [Train]:  98%|█████████▊| 448/459 [00:27<00:00, 16.08it/s]
Epoch 6/50 [Train]:  98%|█████████▊| 450/459 [00:27<00:00, 16.09it/s]
Epoch 6/50 [Train]:  98%|█████████▊| 452/459 [00:27<00:00, 16.24it/s]
Epoch 6/50 [Train]:  99%|█████████▉| 454/459 [00:27<00:00, 16.31it/s]
Epoch 6/50 [Train]:  99%|█████████▉| 456/459 [00:28<00:00, 16.23it/s]
Epoch 6/50 [Train]: 100%|█████████▉| 458/459 [00:28<00:00, 16.29it/s]
                                                                     

Epoch 6/50 [Val]:   0%|          | 0/113 [00:00<?, ?it/s]
Epoch 6/50 [Val]:   2%|▏         | 2/113 [00:00<00:06, 16.71it/s]
Epoch 6/50 [Val]:   4%|▎         | 4/113 [00:00<00:06, 16.70it/s]
Epoch 6/50 [Val]:   5%|▌         | 6/113 [00:00<00:06, 16.68it/s]
Epoch 6/50 [Val]:   7%|▋         | 8/113 [00:00<00:06, 16.72it/s]
Epoch 6/50 [Val]:   9%|▉         | 10/113 [00:00<00:06, 17.09it/s]
Epoch 6/50 [Val]:  11%|█         | 12/113 [00:00<00:05, 17.32it/s]
Epoch 6/50 [Val]:  12%|█▏        | 14/113 [00:00<00:05, 17.22it/s]
Epoch 6/50 [Val]:  14%|█▍        | 16/113 [00:00<00:06, 16.04it/s]
Epoch 6/50 [Val]:  16%|█▌        | 18/113 [00:01<00:06, 15.60it/s]
Epoch 6/50 [Val]:  18%|█▊        | 20/113 [00:01<00:06, 15.23it/s]
Epoch 6/50 [Val]:  19%|█▉        | 22/113 [00:01<00:06, 14.98it/s]
Epoch 6/50 [Val]:  21%|██        | 24/113 [00:01<00:05, 14.84it/s]
Epoch 6/50 [Val]:  23%|██▎       | 26/113 [00:01<00:05, 14.93it/s]
Epoch 6/50 [Val]:  25%|██▍       | 28/113 [00:01<00:05, 15.15it/s]
Epoch 6/50 [Val]:  27%|██▋       | 30/113 [00:01<00:05, 15.33it/s]
Epoch 6/50 [Val]:  28%|██▊       | 32/113 [00:02<00:05, 15.67it/s]
Epoch 6/50 [Val]:  30%|███       | 34/113 [00:02<00:04, 16.06it/s]
Epoch 6/50 [Val]:  32%|███▏      | 36/113 [00:02<00:04, 16.61it/s]
Epoch 6/50 [Val]:  34%|███▎      | 38/113 [00:02<00:04, 16.99it/s]
Epoch 6/50 [Val]:  35%|███▌      | 40/113 [00:02<00:04, 16.62it/s]
Epoch 6/50 [Val]:  37%|███▋      | 42/113 [00:02<00:04, 15.87it/s]
Epoch 6/50 [Val]:  39%|███▉      | 44/113 [00:02<00:04, 15.70it/s]
Epoch 6/50 [Val]:  41%|████      | 46/113 [00:02<00:04, 15.41it/s]
Epoch 6/50 [Val]:  42%|████▏     | 48/113 [00:03<00:04, 15.58it/s]
Epoch 6/50 [Val]:  44%|████▍     | 50/113 [00:03<00:03, 15.80it/s]
Epoch 6/50 [Val]:  46%|████▌     | 52/113 [00:03<00:03, 16.06it/s]
Epoch 6/50 [Val]:  48%|████▊     | 54/113 [00:03<00:03, 16.54it/s]
Epoch 6/50 [Val]:  50%|████▉     | 56/113 [00:03<00:03, 16.31it/s]
Epoch 6/50 [Val]:  51%|█████▏    | 58/113 [00:03<00:03, 15.71it/s]
Epoch 6/50 [Val]:  53%|█████▎    | 60/113 [00:03<00:03, 16.00it/s]
Epoch 6/50 [Val]:  55%|█████▍    | 62/113 [00:03<00:03, 16.09it/s]
Epoch 6/50 [Val]:  57%|█████▋    | 64/113 [00:04<00:03, 15.76it/s]
Epoch 6/50 [Val]:  58%|█████▊    | 66/113 [00:04<00:03, 15.45it/s]
Epoch 6/50 [Val]:  60%|██████    | 68/113 [00:04<00:02, 15.56it/s]
Epoch 6/50 [Val]:  62%|██████▏   | 70/113 [00:04<00:02, 15.83it/s]
Epoch 6/50 [Val]:  64%|██████▎   | 72/113 [00:04<00:02, 16.17it/s]
Epoch 6/50 [Val]:  65%|██████▌   | 74/113 [00:04<00:02, 16.39it/s]
Epoch 6/50 [Val]:  67%|██████▋   | 76/113 [00:04<00:02, 16.62it/s]
Epoch 6/50 [Val]:  69%|██████▉   | 78/113 [00:04<00:02, 16.72it/s]
Epoch 6/50 [Val]:  71%|███████   | 80/113 [00:04<00:02, 16.16it/s]
Epoch 6/50 [Val]:  73%|███████▎  | 82/113 [00:05<00:01, 15.86it/s]
Epoch 6/50 [Val]:  74%|███████▍  | 84/113 [00:05<00:01, 15.77it/s]
Epoch 6/50 [Val]:  76%|███████▌  | 86/113 [00:05<00:01, 15.86it/s]
Epoch 6/50 [Val]:  78%|███████▊  | 88/113 [00:05<00:01, 15.69it/s]
Epoch 6/50 [Val]:  80%|███████▉  | 90/113 [00:05<00:01, 15.88it/s]
Epoch 6/50 [Val]:  81%|████████▏ | 92/113 [00:05<00:01, 16.24it/s]
Epoch 6/50 [Val]:  83%|████████▎ | 94/113 [00:05<00:01, 16.52it/s]
Epoch 6/50 [Val]:  85%|████████▍ | 96/113 [00:05<00:01, 16.91it/s]
Epoch 6/50 [Val]:  87%|████████▋ | 98/113 [00:06<00:00, 16.95it/s]
Epoch 6/50 [Val]:  88%|████████▊ | 100/113 [00:06<00:00, 16.71it/s]
Epoch 6/50 [Val]:  90%|█████████ | 102/113 [00:06<00:00, 16.43it/s]
Epoch 6/50 [Val]:  92%|█████████▏| 104/113 [00:06<00:00, 16.75it/s]
Epoch 6/50 [Val]:  94%|█████████▍| 106/113 [00:06<00:00, 16.94it/s]
Epoch 6/50 [Val]:  96%|█████████▌| 108/113 [00:06<00:00, 17.18it/s]
Epoch 6/50 [Val]:  97%|█████████▋| 110/113 [00:06<00:00, 17.40it/s]
Epoch 6/50 [Val]:  99%|█████████▉| 112/113 [00:06<00:00, 17.40it/s]
                                                                   

Epoch 7/50 [Train]:   0%|          | 0/459 [00:00<?, ?it/s]
Epoch 7/50 [Train]:   0%|          | 2/459 [00:00<00:32, 14.25it/s]
Epoch 7/50 [Train]:   1%|          | 4/459 [00:00<00:31, 14.66it/s]
Epoch 7/50 [Train]:   1%|▏         | 6/459 [00:00<00:29, 15.24it/s]
Epoch 7/50 [Train]:   2%|▏         | 8/459 [00:00<00:33, 13.48it/s]
Epoch 7/50 [Train]:   2%|▏         | 10/459 [00:00<00:35, 12.51it/s]
Epoch 7/50 [Train]:   3%|▎         | 12/459 [00:00<00:35, 12.62it/s]
Epoch 7/50 [Train]:   3%|▎         | 14/459 [00:01<00:35, 12.51it/s]
Epoch 7/50 [Train]:   3%|▎         | 16/459 [00:01<00:35, 12.38it/s]
Epoch 7/50 [Train]:   4%|▍         | 18/459 [00:01<00:37, 11.91it/s]
Epoch 7/50 [Train]:   4%|▍         | 20/459 [00:01<00:36, 12.09it/s]
Epoch 7/50 [Train]:   5%|▍         | 22/459 [00:01<00:36, 12.00it/s]
Epoch 7/50 [Train]:   5%|▌         | 24/459 [00:01<00:37, 11.66it/s]
Epoch 7/50 [Train]:   6%|▌         | 26/459 [00:02<00:38, 11.38it/s]
Epoch 7/50 [Train]:   6%|▌         | 28/459 [00:02<00:38, 11.33it/s]
Epoch 7/50 [Train]:   7%|▋         | 30/459 [00:02<00:38, 11.11it/s]
Epoch 7/50 [Train]:   7%|▋         | 32/459 [00:02<00:38, 11.22it/s]
Epoch 7/50 [Train]:   7%|▋         | 34/459 [00:02<00:37, 11.45it/s]
Epoch 7/50 [Train]:   8%|▊         | 36/459 [00:02<00:34, 12.20it/s]
Epoch 7/50 [Train]:   8%|▊         | 38/459 [00:03<00:34, 12.10it/s]
Epoch 7/50 [Train]:   9%|▊         | 40/459 [00:03<00:36, 11.52it/s]
Epoch 7/50 [Train]:   9%|▉         | 42/459 [00:03<00:38, 10.85it/s]
Epoch 7/50 [Train]:  10%|▉         | 44/459 [00:03<00:41, 10.09it/s]
Epoch 7/50 [Train]:  10%|█         | 46/459 [00:03<00:41, 10.00it/s]
Epoch 7/50 [Train]:  10%|█         | 48/459 [00:04<00:41,  9.89it/s]
Epoch 7/50 [Train]:  11%|█         | 50/459 [00:04<00:42,  9.57it/s]
Epoch 7/50 [Train]:  11%|█▏        | 52/459 [00:04<00:40, 10.03it/s]
Epoch 7/50 [Train]:  12%|█▏        | 54/459 [00:04<00:40,  9.99it/s]
Epoch 7/50 [Train]:  12%|█▏        | 56/459 [00:04<00:39, 10.17it/s]
Epoch 7/50 [Train]:  13%|█▎        | 58/459 [00:05<00:39, 10.22it/s]
Epoch 7/50 [Train]:  13%|█▎        | 60/459 [00:05<00:39, 10.08it/s]
Epoch 7/50 [Train]:  14%|█▎        | 62/459 [00:05<00:39,  9.95it/s]
Epoch 7/50 [Train]:  14%|█▎        | 63/459 [00:05<00:40,  9.86it/s]
Epoch 7/50 [Train]:  14%|█▍        | 65/459 [00:05<00:39, 10.02it/s]
Epoch 7/50 [Train]:  15%|█▍        | 67/459 [00:06<00:38, 10.18it/s]
Epoch 7/50 [Train]:  15%|█▌        | 69/459 [00:06<00:37, 10.31it/s]
Epoch 7/50 [Train]:  15%|█▌        | 71/459 [00:06<00:36, 10.70it/s]
Epoch 7/50 [Train]:  16%|█▌        | 73/459 [00:06<00:35, 10.80it/s]
Epoch 7/50 [Train]:  16%|█▋        | 75/459 [00:06<00:36, 10.64it/s]
Epoch 7/50 [Train]:  17%|█▋        | 77/459 [00:06<00:35, 10.69it/s]
Epoch 7/50 [Train]:  17%|█▋        | 79/459 [00:07<00:36, 10.51it/s]
Epoch 7/50 [Train]:  18%|█▊        | 81/459 [00:07<00:35, 10.51it/s]
Epoch 7/50 [Train]:  18%|█▊        | 83/459 [00:07<00:34, 11.05it/s]
Epoch 7/50 [Train]:  19%|█▊        | 85/459 [00:07<00:34, 10.99it/s]
Epoch 7/50 [Train]:  19%|█▉        | 87/459 [00:07<00:32, 11.31it/s]
Epoch 7/50 [Train]:  19%|█▉        | 89/459 [00:08<00:33, 10.99it/s]
Epoch 7/50 [Train]:  20%|█▉        | 91/459 [00:08<00:33, 11.08it/s]
Epoch 7/50 [Train]:  20%|██        | 93/459 [00:08<00:33, 10.79it/s]
Epoch 7/50 [Train]:  21%|██        | 95/459 [00:08<00:34, 10.61it/s]
Epoch 7/50 [Train]:  21%|██        | 97/459 [00:08<00:33, 10.88it/s]
Epoch 7/50 [Train]:  22%|██▏       | 99/459 [00:09<00:33, 10.68it/s]
Epoch 7/50 [Train]:  22%|██▏       | 101/459 [00:09<00:34, 10.32it/s]
Epoch 7/50 [Train]:  22%|██▏       | 103/459 [00:09<00:34, 10.35it/s]
Epoch 7/50 [Train]:  23%|██▎       | 105/459 [00:09<00:33, 10.48it/s]
Epoch 7/50 [Train]:  23%|██▎       | 107/459 [00:09<00:34, 10.18it/s]
Epoch 7/50 [Train]:  24%|██▎       | 109/459 [00:10<00:34, 10.18it/s]
Epoch 7/50 [Train]:  24%|██▍       | 111/459 [00:10<00:34, 10.13it/s]
Epoch 7/50 [Train]:  25%|██▍       | 113/459 [00:10<00:35,  9.65it/s]
Epoch 7/50 [Train]:  25%|██▍       | 114/459 [00:10<00:36,  9.33it/s]
Epoch 7/50 [Train]:  25%|██▌       | 116/459 [00:10<00:34,  9.84it/s]
Epoch 7/50 [Train]:  26%|██▌       | 118/459 [00:10<00:33, 10.33it/s]
Epoch 7/50 [Train]:  26%|██▌       | 120/459 [00:11<00:32, 10.59it/s]
Epoch 7/50 [Train]:  27%|██▋       | 122/459 [00:11<00:30, 11.16it/s]
Epoch 7/50 [Train]:  27%|██▋       | 124/459 [00:11<00:30, 11.01it/s]
Epoch 7/50 [Train]:  27%|██▋       | 126/459 [00:11<00:30, 11.03it/s]
Epoch 7/50 [Train]:  28%|██▊       | 128/459 [00:11<00:29, 11.06it/s]
Epoch 7/50 [Train]:  28%|██▊       | 130/459 [00:12<00:30, 10.67it/s]
Epoch 7/50 [Train]:  29%|██▉       | 132/459 [00:12<00:31, 10.49it/s]
Epoch 7/50 [Train]:  29%|██▉       | 134/459 [00:12<00:31, 10.33it/s]
Epoch 7/50 [Train]:  30%|██▉       | 136/459 [00:12<00:30, 10.50it/s]
Epoch 7/50 [Train]:  30%|███       | 138/459 [00:12<00:30, 10.40it/s]
Epoch 7/50 [Train]:  31%|███       | 140/459 [00:12<00:30, 10.61it/s]
Epoch 7/50 [Train]:  31%|███       | 142/459 [00:13<00:30, 10.39it/s]
Epoch 7/50 [Train]:  31%|███▏      | 144/459 [00:13<00:28, 10.89it/s]
Epoch 7/50 [Train]:  32%|███▏      | 146/459 [00:13<00:29, 10.58it/s]
Epoch 7/50 [Train]:  32%|███▏      | 148/459 [00:13<00:27, 11.12it/s]
Epoch 7/50 [Train]:  33%|███▎      | 150/459 [00:13<00:28, 11.03it/s]
Epoch 7/50 [Train]:  33%|███▎      | 152/459 [00:14<00:28, 10.87it/s]
Epoch 7/50 [Train]:  34%|███▎      | 154/459 [00:14<00:28, 10.62it/s]
Epoch 7/50 [Train]:  34%|███▍      | 156/459 [00:14<00:28, 10.53it/s]
Epoch 7/50 [Train]:  34%|███▍      | 158/459 [00:14<00:29, 10.32it/s]
Epoch 7/50 [Train]:  35%|███▍      | 160/459 [00:14<00:28, 10.58it/s]
Epoch 7/50 [Train]:  35%|███▌      | 162/459 [00:15<00:28, 10.58it/s]
Epoch 7/50 [Train]:  36%|███▌      | 164/459 [00:15<00:26, 11.18it/s]
Epoch 7/50 [Train]:  36%|███▌      | 166/459 [00:15<00:26, 11.14it/s]
Epoch 7/50 [Train]:  37%|███▋      | 168/459 [00:15<00:26, 10.88it/s]
Epoch 7/50 [Train]:  37%|███▋      | 170/459 [00:15<00:26, 10.77it/s]
Epoch 7/50 [Train]:  37%|███▋      | 172/459 [00:15<00:26, 10.65it/s]
Epoch 7/50 [Train]:  38%|███▊      | 174/459 [00:16<00:26, 10.56it/s]
Epoch 7/50 [Train]:  38%|███▊      | 176/459 [00:16<00:27, 10.33it/s]
Epoch 7/50 [Train]:  39%|███▉      | 178/459 [00:16<00:27, 10.30it/s]
Epoch 7/50 [Train]:  39%|███▉      | 180/459 [00:16<00:27, 10.26it/s]
Epoch 7/50 [Train]:  40%|███▉      | 182/459 [00:16<00:27, 10.13it/s]
Epoch 7/50 [Train]:  40%|████      | 184/459 [00:17<00:26, 10.34it/s]
Epoch 7/50 [Train]:  41%|████      | 186/459 [00:17<00:26, 10.22it/s]
Epoch 7/50 [Train]:  41%|████      | 188/459 [00:17<00:26, 10.06it/s]
Epoch 7/50 [Train]:  41%|████▏     | 190/459 [00:17<00:26, 10.08it/s]
Epoch 7/50 [Train]:  42%|████▏     | 192/459 [00:17<00:26,  9.98it/s]
Epoch 7/50 [Train]:  42%|████▏     | 194/459 [00:18<00:26, 10.04it/s]
Epoch 7/50 [Train]:  43%|████▎     | 196/459 [00:18<00:25, 10.15it/s]
Epoch 7/50 [Train]:  43%|████▎     | 198/459 [00:18<00:25, 10.33it/s]
Epoch 7/50 [Train]:  44%|████▎     | 200/459 [00:18<00:25, 10.27it/s]
Epoch 7/50 [Train]:  44%|████▍     | 202/459 [00:18<00:24, 10.50it/s]
Epoch 7/50 [Train]:  44%|████▍     | 204/459 [00:19<00:24, 10.31it/s]
Epoch 7/50 [Train]:  45%|████▍     | 206/459 [00:19<00:24, 10.41it/s]
Epoch 7/50 [Train]:  45%|████▌     | 208/459 [00:19<00:23, 10.48it/s]
Epoch 7/50 [Train]:  46%|████▌     | 210/459 [00:19<00:24, 10.34it/s]
Epoch 7/50 [Train]:  46%|████▌     | 212/459 [00:19<00:23, 10.41it/s]
Epoch 7/50 [Train]:  47%|████▋     | 214/459 [00:20<00:23, 10.61it/s]
Epoch 7/50 [Train]:  47%|████▋     | 216/459 [00:20<00:23, 10.54it/s]
Epoch 7/50 [Train]:  47%|████▋     | 218/459 [00:20<00:23, 10.32it/s]
Epoch 7/50 [Train]:  48%|████▊     | 220/459 [00:20<00:22, 10.54it/s]
Epoch 7/50 [Train]:  48%|████▊     | 222/459 [00:20<00:22, 10.51it/s]
Epoch 7/50 [Train]:  49%|████▉     | 224/459 [00:20<00:22, 10.67it/s]
Epoch 7/50 [Train]:  49%|████▉     | 226/459 [00:21<00:21, 10.77it/s]
Epoch 7/50 [Train]:  50%|████▉     | 228/459 [00:21<00:21, 10.85it/s]
Epoch 7/50 [Train]:  50%|█████     | 230/459 [00:21<00:21, 10.74it/s]
Epoch 7/50 [Train]:  51%|█████     | 232/459 [00:21<00:21, 10.71it/s]
Epoch 7/50 [Train]:  51%|█████     | 234/459 [00:21<00:21, 10.50it/s]
Epoch 7/50 [Train]:  51%|█████▏    | 236/459 [00:22<00:20, 10.70it/s]
Epoch 7/50 [Train]:  52%|█████▏    | 238/459 [00:22<00:20, 10.65it/s]
Epoch 7/50 [Train]:  52%|█████▏    | 240/459 [00:22<00:20, 10.67it/s]
Epoch 7/50 [Train]:  53%|█████▎    | 242/459 [00:22<00:19, 10.86it/s]
Epoch 7/50 [Train]:  53%|█████▎    | 244/459 [00:22<00:19, 10.77it/s]
Epoch 7/50 [Train]:  54%|█████▎    | 246/459 [00:23<00:20, 10.53it/s]
Epoch 7/50 [Train]:  54%|█████▍    | 248/459 [00:23<00:20, 10.47it/s]
Epoch 7/50 [Train]:  54%|█████▍    | 250/459 [00:23<00:19, 10.59it/s]
Epoch 7/50 [Train]:  55%|█████▍    | 252/459 [00:23<00:19, 10.52it/s]
Epoch 7/50 [Train]:  55%|█████▌    | 254/459 [00:23<00:19, 10.47it/s]
Epoch 7/50 [Train]:  56%|█████▌    | 256/459 [00:23<00:19, 10.20it/s]
Epoch 7/50 [Train]:  56%|█████▌    | 258/459 [00:24<00:20,  9.90it/s]
Epoch 7/50 [Train]:  56%|█████▋    | 259/459 [00:24<00:20,  9.80it/s]
Epoch 7/50 [Train]:  57%|█████▋    | 261/459 [00:24<00:19, 10.04it/s]
Epoch 7/50 [Train]:  57%|█████▋    | 263/459 [00:24<00:19, 10.15it/s]
Epoch 7/50 [Train]:  58%|█████▊    | 265/459 [00:24<00:18, 10.29it/s]
Epoch 7/50 [Train]:  58%|█████▊    | 267/459 [00:25<00:18, 10.40it/s]
Epoch 7/50 [Train]:  59%|█████▊    | 269/459 [00:25<00:18, 10.42it/s]
Epoch 7/50 [Train]:  59%|█████▉    | 271/459 [00:25<00:18, 10.38it/s]
Epoch 7/50 [Train]:  59%|█████▉    | 273/459 [00:25<00:17, 10.39it/s]
Epoch 7/50 [Train]:  60%|█████▉    | 275/459 [00:25<00:17, 10.48it/s]
Epoch 7/50 [Train]:  60%|██████    | 277/459 [00:26<00:17, 10.34it/s]
Epoch 7/50 [Train]:  61%|██████    | 279/459 [00:26<00:17, 10.35it/s]
Epoch 7/50 [Train]:  61%|██████    | 281/459 [00:26<00:17, 10.38it/s]
Epoch 7/50 [Train]:  62%|██████▏   | 283/459 [00:26<00:17, 10.23it/s]
Epoch 7/50 [Train]:  62%|██████▏   | 285/459 [00:26<00:16, 10.39it/s]
Epoch 7/50 [Train]:  63%|██████▎   | 287/459 [00:27<00:16, 10.42it/s]
Epoch 7/50 [Train]:  63%|██████▎   | 289/459 [00:27<00:16, 10.31it/s]
Epoch 7/50 [Train]:  63%|██████▎   | 291/459 [00:27<00:16, 10.42it/s]
Epoch 7/50 [Train]:  64%|██████▍   | 293/459 [00:27<00:15, 10.53it/s]
Epoch 7/50 [Train]:  64%|██████▍   | 295/459 [00:27<00:15, 10.27it/s]
Epoch 7/50 [Train]:  65%|██████▍   | 297/459 [00:27<00:15, 10.19it/s]
Epoch 7/50 [Train]:  65%|██████▌   | 299/459 [00:28<00:15, 10.08it/s]
Epoch 7/50 [Train]:  66%|██████▌   | 301/459 [00:28<00:15, 10.25it/s]
Epoch 7/50 [Train]:  66%|██████▌   | 303/459 [00:28<00:15, 10.37it/s]
Epoch 7/50 [Train]:  66%|██████▋   | 305/459 [00:28<00:14, 10.57it/s]
Epoch 7/50 [Train]:  67%|██████▋   | 307/459 [00:28<00:14, 10.56it/s]
Epoch 7/50 [Train]:  67%|██████▋   | 309/459 [00:29<00:14, 10.39it/s]
Epoch 7/50 [Train]:  68%|██████▊   | 311/459 [00:29<00:13, 10.63it/s]
Epoch 7/50 [Train]:  68%|██████▊   | 313/459 [00:29<00:13, 10.66it/s]
Epoch 7/50 [Train]:  69%|██████▊   | 315/459 [00:29<00:13, 10.82it/s]
Epoch 7/50 [Train]:  69%|██████▉   | 317/459 [00:29<00:13, 10.86it/s]
Epoch 7/50 [Train]:  69%|██████▉   | 319/459 [00:30<00:12, 11.00it/s]
Epoch 7/50 [Train]:  70%|██████▉   | 321/459 [00:30<00:12, 10.85it/s]
Epoch 7/50 [Train]:  70%|███████   | 323/459 [00:30<00:12, 10.94it/s]
Epoch 7/50 [Train]:  71%|███████   | 325/459 [00:30<00:12, 10.76it/s]
Epoch 7/50 [Train]:  71%|███████   | 327/459 [00:30<00:12, 10.83it/s]
Epoch 7/50 [Train]:  72%|███████▏  | 329/459 [00:30<00:11, 10.87it/s]
Epoch 7/50 [Train]:  72%|███████▏  | 331/459 [00:31<00:11, 10.98it/s]
Epoch 7/50 [Train]:  73%|███████▎  | 333/459 [00:31<00:11, 10.90it/s]
Epoch 7/50 [Train]:  73%|███████▎  | 335/459 [00:31<00:11, 10.68it/s]
Epoch 7/50 [Train]:  73%|███████▎  | 337/459 [00:31<00:11, 10.55it/s]
Epoch 7/50 [Train]:  74%|███████▍  | 339/459 [00:31<00:11, 10.66it/s]
Epoch 7/50 [Train]:  74%|███████▍  | 341/459 [00:32<00:10, 10.87it/s]
Epoch 7/50 [Train]:  75%|███████▍  | 343/459 [00:32<00:10, 10.83it/s]
Epoch 7/50 [Train]:  75%|███████▌  | 345/459 [00:32<00:10, 10.74it/s]
Epoch 7/50 [Train]:  76%|███████▌  | 347/459 [00:32<00:10, 10.87it/s]
Epoch 7/50 [Train]:  76%|███████▌  | 349/459 [00:32<00:10, 10.68it/s]
Epoch 7/50 [Train]:  76%|███████▋  | 351/459 [00:33<00:09, 10.83it/s]
Epoch 7/50 [Train]:  77%|███████▋  | 353/459 [00:33<00:09, 11.15it/s]
Epoch 7/50 [Train]:  77%|███████▋  | 355/459 [00:33<00:09, 10.94it/s]
Epoch 7/50 [Train]:  78%|███████▊  | 357/459 [00:33<00:09, 11.00it/s]
Epoch 7/50 [Train]:  78%|███████▊  | 359/459 [00:33<00:09, 10.87it/s]
Epoch 7/50 [Train]:  79%|███████▊  | 361/459 [00:33<00:09, 10.81it/s]
Epoch 7/50 [Train]:  79%|███████▉  | 363/459 [00:34<00:09, 10.61it/s]
Epoch 7/50 [Train]:  80%|███████▉  | 365/459 [00:34<00:08, 10.57it/s]
Epoch 7/50 [Train]:  80%|███████▉  | 367/459 [00:34<00:08, 11.05it/s]
Epoch 7/50 [Train]:  80%|████████  | 369/459 [00:34<00:08, 10.85it/s]
Epoch 7/50 [Train]:  81%|████████  | 371/459 [00:34<00:08, 10.72it/s]
Epoch 7/50 [Train]:  81%|████████▏ | 373/459 [00:35<00:08, 10.74it/s]
Epoch 7/50 [Train]:  82%|████████▏ | 375/459 [00:35<00:07, 11.17it/s]
Epoch 7/50 [Train]:  82%|████████▏ | 377/459 [00:35<00:07, 10.69it/s]
Epoch 7/50 [Train]:  83%|████████▎ | 379/459 [00:35<00:07, 10.70it/s]
Epoch 7/50 [Train]:  83%|████████▎ | 381/459 [00:35<00:07, 10.77it/s]
Epoch 7/50 [Train]:  83%|████████▎ | 383/459 [00:35<00:06, 10.96it/s]
Epoch 7/50 [Train]:  84%|████████▍ | 385/459 [00:36<00:06, 11.00it/s]
Epoch 7/50 [Train]:  84%|████████▍ | 387/459 [00:36<00:06, 11.09it/s]
Epoch 7/50 [Train]:  85%|████████▍ | 389/459 [00:36<00:06, 10.92it/s]
Epoch 7/50 [Train]:  85%|████████▌ | 391/459 [00:36<00:06, 11.02it/s]
Epoch 7/50 [Train]:  86%|████████▌ | 393/459 [00:36<00:05, 11.11it/s]
Epoch 7/50 [Train]:  86%|████████▌ | 395/459 [00:37<00:05, 11.23it/s]
Epoch 7/50 [Train]:  86%|████████▋ | 397/459 [00:37<00:05, 11.17it/s]
Epoch 7/50 [Train]:  87%|████████▋ | 399/459 [00:37<00:05, 10.86it/s]
Epoch 7/50 [Train]:  87%|████████▋ | 401/459 [00:37<00:05, 10.53it/s]
Epoch 7/50 [Train]:  88%|████████▊ | 403/459 [00:37<00:05, 10.64it/s]
Epoch 7/50 [Train]:  88%|████████▊ | 405/459 [00:37<00:05, 10.60it/s]
Epoch 7/50 [Train]:  89%|████████▊ | 407/459 [00:38<00:04, 10.76it/s]
Epoch 7/50 [Train]:  89%|████████▉ | 409/459 [00:38<00:04, 10.56it/s]
Epoch 7/50 [Train]:  90%|████████▉ | 411/459 [00:38<00:04, 10.64it/s]
Epoch 7/50 [Train]:  90%|████████▉ | 413/459 [00:38<00:04, 10.60it/s]
Epoch 7/50 [Train]:  90%|█████████ | 415/459 [00:38<00:04, 10.62it/s]
Epoch 7/50 [Train]:  91%|█████████ | 417/459 [00:39<00:03, 10.71it/s]
Epoch 7/50 [Train]:  91%|█████████▏| 419/459 [00:39<00:03, 11.25it/s]
Epoch 7/50 [Train]:  92%|█████████▏| 421/459 [00:39<00:03, 11.26it/s]
Epoch 7/50 [Train]:  92%|█████████▏| 423/459 [00:39<00:03, 11.25it/s]
Epoch 7/50 [Train]:  93%|█████████▎| 425/459 [00:39<00:03, 11.32it/s]
Epoch 7/50 [Train]:  93%|█████████▎| 427/459 [00:39<00:02, 11.18it/s]
Epoch 7/50 [Train]:  93%|█████████▎| 429/459 [00:40<00:02, 10.79it/s]
Epoch 7/50 [Train]:  94%|█████████▍| 431/459 [00:40<00:02, 10.84it/s]
Epoch 7/50 [Train]:  94%|█████████▍| 433/459 [00:40<00:02, 10.95it/s]
Epoch 7/50 [Train]:  95%|█████████▍| 435/459 [00:40<00:02, 10.82it/s]
Epoch 7/50 [Train]:  95%|█████████▌| 437/459 [00:40<00:02, 10.67it/s]
Epoch 7/50 [Train]:  96%|█████████▌| 439/459 [00:41<00:01, 10.80it/s]
Epoch 7/50 [Train]:  96%|█████████▌| 441/459 [00:41<00:01, 11.57it/s]
Epoch 7/50 [Train]:  97%|█████████▋| 443/459 [00:41<00:01, 11.22it/s]
Epoch 7/50 [Train]:  97%|█████████▋| 445/459 [00:41<00:01, 11.08it/s]
Epoch 7/50 [Train]:  97%|█████████▋| 447/459 [00:41<00:01, 11.17it/s]
Epoch 7/50 [Train]:  98%|█████████▊| 449/459 [00:41<00:00, 11.07it/s]
Epoch 7/50 [Train]:  98%|█████████▊| 451/459 [00:42<00:00, 10.94it/s]
Epoch 7/50 [Train]:  99%|█████████▊| 453/459 [00:42<00:00, 10.65it/s]
Epoch 7/50 [Train]:  99%|█████████▉| 455/459 [00:42<00:00, 10.59it/s]
Epoch 7/50 [Train]: 100%|█████████▉| 457/459 [00:42<00:00, 10.53it/s]
Epoch 7/50 [Train]: 100%|██████████| 459/459 [00:42<00:00, 10.64it/s]
                                                                     

Epoch 7/50 [Val]:   0%|          | 0/113 [00:00<?, ?it/s]
Epoch 7/50 [Val]:   1%|          | 1/113 [00:00<00:13,  8.23it/s]
Epoch 7/50 [Val]:   2%|▏         | 2/113 [00:00<00:13,  8.20it/s]
Epoch 7/50 [Val]:   3%|▎         | 3/113 [00:00<00:13,  8.40it/s]
Epoch 7/50 [Val]:   4%|▎         | 4/113 [00:00<00:13,  8.33it/s]
Epoch 7/50 [Val]:   4%|▍         | 5/113 [00:00<00:12,  8.35it/s]
Epoch 7/50 [Val]:   5%|▌         | 6/113 [00:00<00:12,  8.54it/s]
Epoch 7/50 [Val]:   6%|▌         | 7/113 [00:00<00:11,  8.95it/s]
Epoch 7/50 [Val]:   7%|▋         | 8/113 [00:00<00:12,  8.38it/s]
Epoch 7/50 [Val]:   8%|▊         | 9/113 [00:01<00:12,  8.46it/s]
Epoch 7/50 [Val]:   9%|▉         | 10/113 [00:01<00:11,  8.74it/s]
Epoch 7/50 [Val]:  10%|▉         | 11/113 [00:01<00:11,  8.94it/s]
Epoch 7/50 [Val]:  11%|█         | 12/113 [00:01<00:11,  8.62it/s]
Epoch 7/50 [Val]:  12%|█▏        | 13/113 [00:01<00:11,  8.45it/s]
Epoch 7/50 [Val]:  12%|█▏        | 14/113 [00:01<00:11,  8.80it/s]
Epoch 7/50 [Val]:  13%|█▎        | 15/113 [00:01<00:10,  8.93it/s]
Epoch 7/50 [Val]:  14%|█▍        | 16/113 [00:01<00:11,  8.60it/s]
Epoch 7/50 [Val]:  15%|█▌        | 17/113 [00:01<00:11,  8.51it/s]
Epoch 7/50 [Val]:  16%|█▌        | 18/113 [00:02<00:11,  7.96it/s]
Epoch 7/50 [Val]:  17%|█▋        | 19/113 [00:02<00:12,  7.83it/s]
Epoch 7/50 [Val]:  19%|█▊        | 21/113 [00:02<00:10,  8.68it/s]
Epoch 7/50 [Val]:  19%|█▉        | 22/113 [00:02<00:10,  8.42it/s]
Epoch 7/50 [Val]:  20%|██        | 23/113 [00:02<00:10,  8.31it/s]
Epoch 7/50 [Val]:  21%|██        | 24/113 [00:02<00:10,  8.15it/s]
Epoch 7/50 [Val]:  22%|██▏       | 25/113 [00:02<00:10,  8.13it/s]
Epoch 7/50 [Val]:  23%|██▎       | 26/113 [00:03<00:10,  8.21it/s]
Epoch 7/50 [Val]:  24%|██▍       | 27/113 [00:03<00:10,  8.28it/s]
Epoch 7/50 [Val]:  25%|██▍       | 28/113 [00:03<00:10,  8.11it/s]
Epoch 7/50 [Val]:  26%|██▌       | 29/113 [00:03<00:10,  7.93it/s]
Epoch 7/50 [Val]:  27%|██▋       | 30/113 [00:03<00:10,  8.08it/s]
Epoch 7/50 [Val]:  27%|██▋       | 31/113 [00:03<00:09,  8.56it/s]
Epoch 7/50 [Val]:  29%|██▉       | 33/113 [00:03<00:09,  8.80it/s]
Epoch 7/50 [Val]:  30%|███       | 34/113 [00:04<00:09,  8.75it/s]
Epoch 7/50 [Val]:  31%|███       | 35/113 [00:04<00:08,  8.73it/s]
Epoch 7/50 [Val]:  32%|███▏      | 36/113 [00:04<00:08,  8.85it/s]
Epoch 7/50 [Val]:  34%|███▎      | 38/113 [00:04<00:06, 10.83it/s]
Epoch 7/50 [Val]:  35%|███▌      | 40/113 [00:04<00:07,  9.95it/s]
Epoch 7/50 [Val]:  37%|███▋      | 42/113 [00:04<00:07,  9.36it/s]
Epoch 7/50 [Val]:  38%|███▊      | 43/113 [00:04<00:07,  9.26it/s]
Epoch 7/50 [Val]:  39%|███▉      | 44/113 [00:05<00:07,  9.04it/s]
Epoch 7/50 [Val]:  41%|████      | 46/113 [00:05<00:06, 10.39it/s]
Epoch 7/50 [Val]:  42%|████▏     | 48/113 [00:05<00:06,  9.62it/s]
Epoch 7/50 [Val]:  43%|████▎     | 49/113 [00:05<00:06,  9.39it/s]
Epoch 7/50 [Val]:  44%|████▍     | 50/113 [00:05<00:06,  9.10it/s]
Epoch 7/50 [Val]:  45%|████▌     | 51/113 [00:05<00:07,  8.71it/s]
Epoch 7/50 [Val]:  46%|████▌     | 52/113 [00:05<00:06,  8.98it/s]
Epoch 7/50 [Val]:  48%|████▊     | 54/113 [00:06<00:05,  9.84it/s]
Epoch 7/50 [Val]:  49%|████▊     | 55/113 [00:06<00:05,  9.79it/s]
Epoch 7/50 [Val]:  50%|████▉     | 56/113 [00:06<00:06,  9.31it/s]
Epoch 7/50 [Val]:  50%|█████     | 57/113 [00:06<00:06,  8.92it/s]
Epoch 7/50 [Val]:  52%|█████▏    | 59/113 [00:06<00:05,  9.51it/s]
Epoch 7/50 [Val]:  53%|█████▎    | 60/113 [00:06<00:05,  9.21it/s]
Epoch 7/50 [Val]:  54%|█████▍    | 61/113 [00:06<00:05,  9.13it/s]
Epoch 7/50 [Val]:  55%|█████▍    | 62/113 [00:07<00:05,  8.76it/s]
Epoch 7/50 [Val]:  56%|█████▌    | 63/113 [00:07<00:05,  8.41it/s]
Epoch 7/50 [Val]:  58%|█████▊    | 65/113 [00:07<00:05,  9.47it/s]
Epoch 7/50 [Val]:  58%|█████▊    | 66/113 [00:07<00:05,  9.15it/s]
Epoch 7/50 [Val]:  59%|█████▉    | 67/113 [00:07<00:05,  9.03it/s]
Epoch 7/50 [Val]:  60%|██████    | 68/113 [00:07<00:05,  8.66it/s]
Epoch 7/50 [Val]:  61%|██████    | 69/113 [00:07<00:05,  8.61it/s]
Epoch 7/50 [Val]:  62%|██████▏   | 70/113 [00:07<00:04,  8.77it/s]
Epoch 7/50 [Val]:  63%|██████▎   | 71/113 [00:08<00:04,  8.91it/s]
Epoch 7/50 [Val]:  64%|██████▎   | 72/113 [00:08<00:04,  9.03it/s]
Epoch 7/50 [Val]:  65%|██████▍   | 73/113 [00:08<00:04,  8.93it/s]
Epoch 7/50 [Val]:  65%|██████▌   | 74/113 [00:08<00:04,  8.93it/s]
Epoch 7/50 [Val]:  66%|██████▋   | 75/113 [00:08<00:04,  8.78it/s]
Epoch 7/50 [Val]:  67%|██████▋   | 76/113 [00:08<00:04,  8.84it/s]
Epoch 7/50 [Val]:  68%|██████▊   | 77/113 [00:08<00:04,  8.56it/s]
Epoch 7/50 [Val]:  69%|██████▉   | 78/113 [00:08<00:04,  8.65it/s]
Epoch 7/50 [Val]:  70%|██████▉   | 79/113 [00:08<00:03,  8.77it/s]
Epoch 7/50 [Val]:  72%|███████▏  | 81/113 [00:09<00:03,  9.28it/s]
Epoch 7/50 [Val]:  73%|███████▎  | 82/113 [00:09<00:03,  9.14it/s]
Epoch 7/50 [Val]:  73%|███████▎  | 83/113 [00:09<00:03,  9.03it/s]
Epoch 7/50 [Val]:  74%|███████▍  | 84/113 [00:09<00:03,  8.37it/s]
Epoch 7/50 [Val]:  75%|███████▌  | 85/113 [00:09<00:03,  8.12it/s]
Epoch 7/50 [Val]:  76%|███████▌  | 86/113 [00:09<00:03,  8.41it/s]
Epoch 7/50 [Val]:  77%|███████▋  | 87/113 [00:09<00:02,  8.69it/s]
Epoch 7/50 [Val]:  79%|███████▉  | 89/113 [00:10<00:02, 10.15it/s]
Epoch 7/50 [Val]:  80%|███████▉  | 90/113 [00:10<00:02, 10.01it/s]
Epoch 7/50 [Val]:  81%|████████▏ | 92/113 [00:10<00:01, 10.71it/s]
Epoch 7/50 [Val]:  83%|████████▎ | 94/113 [00:10<00:02,  9.28it/s]
Epoch 7/50 [Val]:  84%|████████▍ | 95/113 [00:10<00:01,  9.17it/s]
Epoch 7/50 [Val]:  85%|████████▍ | 96/113 [00:10<00:01,  8.84it/s]
Epoch 7/50 [Val]:  86%|████████▌ | 97/113 [00:10<00:01,  8.87it/s]
Epoch 7/50 [Val]:  87%|████████▋ | 98/113 [00:11<00:01,  8.77it/s]
Epoch 7/50 [Val]:  88%|████████▊ | 99/113 [00:11<00:01,  8.98it/s]
Epoch 7/50 [Val]:  88%|████████▊ | 100/113 [00:11<00:01,  9.01it/s]
Epoch 7/50 [Val]:  89%|████████▉ | 101/113 [00:11<00:01,  8.90it/s]
Epoch 7/50 [Val]:  90%|█████████ | 102/113 [00:11<00:01,  8.39it/s]
Epoch 7/50 [Val]:  91%|█████████ | 103/113 [00:11<00:01,  8.64it/s]
Epoch 7/50 [Val]:  93%|█████████▎| 105/113 [00:11<00:00,  9.18it/s]
Epoch 7/50 [Val]:  94%|█████████▍| 106/113 [00:11<00:00,  9.12it/s]
Epoch 7/50 [Val]:  95%|█████████▍| 107/113 [00:12<00:00,  8.92it/s]
Epoch 7/50 [Val]:  96%|█████████▋| 109/113 [00:12<00:00,  9.12it/s]
Epoch 7/50 [Val]:  98%|█████████▊| 111/113 [00:12<00:00,  9.67it/s]
Epoch 7/50 [Val]:  99%|█████████▉| 112/113 [00:12<00:00,  9.26it/s]
                                                                   

Epoch 8/50 [Train]:   0%|          | 0/459 [00:00<?, ?it/s]
Epoch 8/50 [Train]:   0%|          | 2/459 [00:00<00:43, 10.48it/s]
Epoch 8/50 [Train]:   1%|          | 4/459 [00:00<00:40, 11.17it/s]
Epoch 8/50 [Train]:   1%|▏         | 6/459 [00:00<00:43, 10.53it/s]
Epoch 8/50 [Train]:   2%|▏         | 8/459 [00:00<00:43, 10.46it/s]
Epoch 8/50 [Train]:   2%|▏         | 10/459 [00:00<00:42, 10.62it/s]
Epoch 8/50 [Train]:   3%|▎         | 12/459 [00:01<00:40, 11.04it/s]
Epoch 8/50 [Train]:   3%|▎         | 14/459 [00:01<00:40, 10.92it/s]
Epoch 8/50 [Train]:   3%|▎         | 16/459 [00:01<00:40, 10.94it/s]
Epoch 8/50 [Train]:   4%|▍         | 18/459 [00:01<00:39, 11.08it/s]
Epoch 8/50 [Train]:   4%|▍         | 20/459 [00:01<00:40, 10.92it/s]
Epoch 8/50 [Train]:   5%|▍         | 22/459 [00:02<00:40, 10.69it/s]
Epoch 8/50 [Train]:   5%|▌         | 24/459 [00:02<00:42, 10.15it/s]
Epoch 8/50 [Train]:   6%|▌         | 26/459 [00:02<00:41, 10.33it/s]
Epoch 8/50 [Train]:   6%|▌         | 28/459 [00:02<00:40, 10.63it/s]
Epoch 8/50 [Train]:   7%|▋         | 30/459 [00:02<00:40, 10.68it/s]
Epoch 8/50 [Train]:   7%|▋         | 32/459 [00:02<00:37, 11.35it/s]
Epoch 8/50 [Train]:   7%|▋         | 34/459 [00:03<00:37, 11.44it/s]
Epoch 8/50 [Train]:   8%|▊         | 36/459 [00:03<00:38, 11.10it/s]
Epoch 8/50 [Train]:   8%|▊         | 38/459 [00:03<00:39, 10.71it/s]
Epoch 8/50 [Train]:   9%|▊         | 40/459 [00:03<00:37, 11.27it/s]
Epoch 8/50 [Train]:   9%|▉         | 42/459 [00:03<00:36, 11.29it/s]
Epoch 8/50 [Train]:  10%|▉         | 44/459 [00:03<00:34, 12.17it/s]
Epoch 8/50 [Train]:  10%|█         | 46/459 [00:04<00:34, 11.95it/s]
Epoch 8/50 [Train]:  10%|█         | 48/459 [00:04<00:35, 11.55it/s]
Epoch 8/50 [Train]:  11%|█         | 50/459 [00:04<00:37, 11.02it/s]
Epoch 8/50 [Train]:  11%|█▏        | 52/459 [00:04<00:38, 10.60it/s]
Epoch 8/50 [Train]:  12%|█▏        | 54/459 [00:04<00:38, 10.57it/s]
Epoch 8/50 [Train]:  12%|█▏        | 56/459 [00:05<00:38, 10.52it/s]
Epoch 8/50 [Train]:  13%|█▎        | 58/459 [00:05<00:36, 10.87it/s]
Epoch 8/50 [Train]:  13%|█▎        | 60/459 [00:05<00:36, 10.92it/s]
Epoch 8/50 [Train]:  14%|█▎        | 62/459 [00:05<00:36, 10.83it/s]
Epoch 8/50 [Train]:  14%|█▍        | 64/459 [00:05<00:36, 10.79it/s]
Epoch 8/50 [Train]:  14%|█▍        | 66/459 [00:06<00:36, 10.78it/s]
Epoch 8/50 [Train]:  15%|█▍        | 68/459 [00:06<00:37, 10.51it/s]
Epoch 8/50 [Train]:  15%|█▌        | 70/459 [00:06<00:36, 10.75it/s]
Epoch 8/50 [Train]:  16%|█▌        | 72/459 [00:06<00:32, 11.87it/s]
Epoch 8/50 [Train]:  16%|█▌        | 74/459 [00:06<00:32, 11.89it/s]
Epoch 8/50 [Train]:  17%|█▋        | 76/459 [00:06<00:33, 11.44it/s]
Epoch 8/50 [Train]:  17%|█▋        | 78/459 [00:07<00:34, 10.99it/s]
Epoch 8/50 [Train]:  17%|█▋        | 80/459 [00:07<00:35, 10.66it/s]
Epoch 8/50 [Train]:  18%|█▊        | 82/459 [00:07<00:35, 10.60it/s]
Epoch 8/50 [Train]:  18%|█▊        | 84/459 [00:07<00:35, 10.50it/s]
Epoch 8/50 [Train]:  19%|█▊        | 86/459 [00:07<00:34, 10.72it/s]
Epoch 8/50 [Train]:  19%|█▉        | 88/459 [00:08<00:34, 10.73it/s]
Epoch 8/50 [Train]:  20%|█▉        | 90/459 [00:08<00:34, 10.65it/s]
Epoch 8/50 [Train]:  20%|██        | 92/459 [00:08<00:34, 10.67it/s]
Epoch 8/50 [Train]:  20%|██        | 94/459 [00:08<00:33, 10.78it/s]
Epoch 8/50 [Train]:  21%|██        | 96/459 [00:08<00:33, 10.81it/s]
Epoch 8/50 [Train]:  21%|██▏       | 98/459 [00:08<00:33, 10.76it/s]
Epoch 8/50 [Train]:  22%|██▏       | 100/459 [00:09<00:34, 10.44it/s]
Epoch 8/50 [Train]:  22%|██▏       | 102/459 [00:09<00:33, 10.50it/s]
Epoch 8/50 [Train]:  23%|██▎       | 104/459 [00:09<00:33, 10.52it/s]
Epoch 8/50 [Train]:  23%|██▎       | 106/459 [00:09<00:33, 10.69it/s]
Epoch 8/50 [Train]:  24%|██▎       | 108/459 [00:09<00:32, 10.67it/s]
Epoch 8/50 [Train]:  24%|██▍       | 110/459 [00:10<00:32, 10.68it/s]
Epoch 8/50 [Train]:  24%|██▍       | 112/459 [00:10<00:30, 11.31it/s]
Epoch 8/50 [Train]:  25%|██▍       | 114/459 [00:10<00:31, 10.97it/s]
Epoch 8/50 [Train]:  25%|██▌       | 116/459 [00:10<00:30, 11.16it/s]
Epoch 8/50 [Train]:  26%|██▌       | 118/459 [00:10<00:30, 11.13it/s]
Epoch 8/50 [Train]:  26%|██▌       | 120/459 [00:11<00:30, 10.95it/s]
Epoch 8/50 [Train]:  27%|██▋       | 122/459 [00:11<00:31, 10.82it/s]
Epoch 8/50 [Train]:  27%|██▋       | 124/459 [00:11<00:31, 10.62it/s]
Epoch 8/50 [Train]:  27%|██▋       | 126/459 [00:11<00:30, 10.79it/s]
Epoch 8/50 [Train]:  28%|██▊       | 128/459 [00:11<00:31, 10.61it/s]
Epoch 8/50 [Train]:  28%|██▊       | 130/459 [00:11<00:29, 11.21it/s]
Epoch 8/50 [Train]:  29%|██▉       | 132/459 [00:12<00:29, 11.15it/s]
Epoch 8/50 [Train]:  29%|██▉       | 134/459 [00:12<00:27, 11.71it/s]
Epoch 8/50 [Train]:  30%|██▉       | 136/459 [00:12<00:27, 11.94it/s]
Epoch 8/50 [Train]:  30%|███       | 138/459 [00:12<00:26, 12.09it/s]
Epoch 8/50 [Train]:  31%|███       | 140/459 [00:12<00:27, 11.61it/s]
Epoch 8/50 [Train]:  31%|███       | 142/459 [00:12<00:29, 10.79it/s]
Epoch 8/50 [Train]:  31%|███▏      | 144/459 [00:13<00:28, 11.18it/s]
Epoch 8/50 [Train]:  32%|███▏      | 146/459 [00:13<00:30, 10.40it/s]
Epoch 8/50 [Train]:  32%|███▏      | 148/459 [00:13<00:30, 10.37it/s]
Epoch 8/50 [Train]:  33%|███▎      | 150/459 [00:13<00:29, 10.50it/s]
Epoch 8/50 [Train]:  33%|███▎      | 152/459 [00:13<00:29, 10.38it/s]
Epoch 8/50 [Train]:  34%|███▎      | 154/459 [00:14<00:30,  9.92it/s]
Epoch 8/50 [Train]:  34%|███▍      | 156/459 [00:14<00:29, 10.12it/s]
Epoch 8/50 [Train]:  34%|███▍      | 158/459 [00:14<00:28, 10.43it/s]
Epoch 8/50 [Train]:  35%|███▍      | 160/459 [00:14<00:28, 10.38it/s]
Epoch 8/50 [Train]:  35%|███▌      | 162/459 [00:14<00:27, 10.91it/s]
Epoch 8/50 [Train]:  36%|███▌      | 164/459 [00:15<00:27, 10.71it/s]
Epoch 8/50 [Train]:  36%|███▌      | 166/459 [00:15<00:27, 10.48it/s]
Epoch 8/50 [Train]:  37%|███▋      | 168/459 [00:15<00:27, 10.53it/s]
Epoch 8/50 [Train]:  37%|███▋      | 170/459 [00:15<00:27, 10.44it/s]
Epoch 8/50 [Train]:  37%|███▋      | 172/459 [00:15<00:26, 10.95it/s]
Epoch 8/50 [Train]:  38%|███▊      | 174/459 [00:16<00:26, 10.90it/s]
Epoch 8/50 [Train]:  38%|███▊      | 176/459 [00:16<00:25, 10.99it/s]
Epoch 8/50 [Train]:  39%|███▉      | 178/459 [00:16<00:25, 11.16it/s]
Epoch 8/50 [Train]:  39%|███▉      | 180/459 [00:16<00:25, 10.76it/s]
Epoch 8/50 [Train]:  40%|███▉      | 182/459 [00:16<00:25, 10.68it/s]
Epoch 8/50 [Train]:  40%|████      | 184/459 [00:16<00:25, 10.61it/s]
Epoch 8/50 [Train]:  41%|████      | 186/459 [00:17<00:25, 10.54it/s]
Epoch 8/50 [Train]:  41%|████      | 188/459 [00:17<00:25, 10.61it/s]
Epoch 8/50 [Train]:  41%|████▏     | 190/459 [00:17<00:25, 10.57it/s]
Epoch 8/50 [Train]:  42%|████▏     | 192/459 [00:17<00:25, 10.54it/s]
Epoch 8/50 [Train]:  42%|████▏     | 194/459 [00:17<00:25, 10.40it/s]
Epoch 8/50 [Train]:  43%|████▎     | 196/459 [00:18<00:25, 10.44it/s]
Epoch 8/50 [Train]:  43%|████▎     | 198/459 [00:18<00:24, 10.55it/s]
Epoch 8/50 [Train]:  44%|████▎     | 200/459 [00:18<00:24, 10.66it/s]
Epoch 8/50 [Train]:  44%|████▍     | 202/459 [00:18<00:24, 10.68it/s]
Epoch 8/50 [Train]:  44%|████▍     | 204/459 [00:18<00:24, 10.47it/s]
Epoch 8/50 [Train]:  45%|████▍     | 206/459 [00:19<00:24, 10.36it/s]
Epoch 8/50 [Train]:  45%|████▌     | 208/459 [00:19<00:24, 10.33it/s]
Epoch 8/50 [Train]:  46%|████▌     | 210/459 [00:19<00:23, 10.59it/s]
Epoch 8/50 [Train]:  46%|████▌     | 212/459 [00:19<00:22, 10.75it/s]
Epoch 8/50 [Train]:  47%|████▋     | 214/459 [00:19<00:22, 10.81it/s]
Epoch 8/50 [Train]:  47%|████▋     | 216/459 [00:19<00:21, 11.27it/s]
Epoch 8/50 [Train]:  47%|████▋     | 218/459 [00:20<00:22, 10.93it/s]
Epoch 8/50 [Train]:  48%|████▊     | 220/459 [00:20<00:22, 10.70it/s]
Epoch 8/50 [Train]:  48%|████▊     | 222/459 [00:20<00:21, 10.88it/s]
Epoch 8/50 [Train]:  49%|████▉     | 224/459 [00:20<00:21, 10.77it/s]
Epoch 8/50 [Train]:  49%|████▉     | 226/459 [00:20<00:21, 10.71it/s]
Epoch 8/50 [Train]:  50%|████▉     | 228/459 [00:21<00:21, 10.81it/s]
Epoch 8/50 [Train]:  50%|█████     | 230/459 [00:21<00:20, 11.42it/s]
Epoch 8/50 [Train]:  51%|█████     | 232/459 [00:21<00:20, 11.01it/s]
Epoch 8/50 [Train]:  51%|█████     | 234/459 [00:21<00:20, 10.82it/s]
Epoch 8/50 [Train]:  51%|█████▏    | 236/459 [00:21<00:21, 10.61it/s]
Epoch 8/50 [Train]:  52%|█████▏    | 238/459 [00:22<00:22,  9.94it/s]
Epoch 8/50 [Train]:  52%|█████▏    | 240/459 [00:22<00:21, 10.09it/s]
Epoch 8/50 [Train]:  53%|█████▎    | 242/459 [00:22<00:20, 10.82it/s]
Epoch 8/50 [Train]:  53%|█████▎    | 244/459 [00:22<00:19, 11.11it/s]
Epoch 8/50 [Train]:  54%|█████▎    | 246/459 [00:22<00:19, 11.05it/s]
Epoch 8/50 [Train]:  54%|█████▍    | 248/459 [00:22<00:19, 10.76it/s]
Epoch 8/50 [Train]:  54%|█████▍    | 250/459 [00:23<00:19, 10.68it/s]
Epoch 8/50 [Train]:  55%|█████▍    | 252/459 [00:23<00:19, 10.66it/s]
Epoch 8/50 [Train]:  55%|█████▌    | 254/459 [00:23<00:18, 11.03it/s]
Epoch 8/50 [Train]:  56%|█████▌    | 256/459 [00:23<00:18, 10.96it/s]
Epoch 8/50 [Train]:  56%|█████▌    | 258/459 [00:23<00:18, 10.67it/s]
Epoch 8/50 [Train]:  57%|█████▋    | 260/459 [00:24<00:18, 10.62it/s]
Epoch 8/50 [Train]:  57%|█████▋    | 262/459 [00:24<00:18, 10.84it/s]
Epoch 8/50 [Train]:  58%|█████▊    | 264/459 [00:24<00:18, 10.28it/s]
Epoch 8/50 [Train]:  58%|█████▊    | 266/459 [00:24<00:17, 10.93it/s]
Epoch 8/50 [Train]:  58%|█████▊    | 268/459 [00:24<00:16, 11.38it/s]
Epoch 8/50 [Train]:  59%|█████▉    | 270/459 [00:24<00:17, 11.08it/s]
Epoch 8/50 [Train]:  59%|█████▉    | 272/459 [00:25<00:17, 10.85it/s]
Epoch 8/50 [Train]:  60%|█████▉    | 274/459 [00:25<00:17, 10.66it/s]
Epoch 8/50 [Train]:  60%|██████    | 276/459 [00:25<00:17, 10.74it/s]
Epoch 8/50 [Train]:  61%|██████    | 278/459 [00:25<00:16, 10.75it/s]
Epoch 8/50 [Train]:  61%|██████    | 280/459 [00:25<00:16, 10.88it/s]
Epoch 8/50 [Train]:  61%|██████▏   | 282/459 [00:26<00:16, 10.63it/s]
Epoch 8/50 [Train]:  62%|██████▏   | 284/459 [00:26<00:15, 11.16it/s]
Epoch 8/50 [Train]:  62%|██████▏   | 286/459 [00:26<00:15, 10.82it/s]
Epoch 8/50 [Train]:  63%|██████▎   | 288/459 [00:26<00:15, 10.78it/s]
Epoch 8/50 [Train]:  63%|██████▎   | 290/459 [00:26<00:16, 10.35it/s]
Epoch 8/50 [Train]:  64%|██████▎   | 292/459 [00:27<00:15, 10.95it/s]
Epoch 8/50 [Train]:  64%|██████▍   | 294/459 [00:27<00:14, 11.44it/s]
Epoch 8/50 [Train]:  64%|██████▍   | 296/459 [00:27<00:14, 11.29it/s]
Epoch 8/50 [Train]:  65%|██████▍   | 298/459 [00:27<00:14, 10.99it/s]
Epoch 8/50 [Train]:  65%|██████▌   | 300/459 [00:27<00:14, 10.67it/s]
Epoch 8/50 [Train]:  66%|██████▌   | 302/459 [00:27<00:14, 10.49it/s]
Epoch 8/50 [Train]:  66%|██████▌   | 304/459 [00:28<00:14, 10.41it/s]
Epoch 8/50 [Train]:  67%|██████▋   | 306/459 [00:28<00:14, 10.46it/s]
Epoch 8/50 [Train]:  67%|██████▋   | 308/459 [00:28<00:14, 10.38it/s]
Epoch 8/50 [Train]:  68%|██████▊   | 310/459 [00:28<00:14, 10.46it/s]
Epoch 8/50 [Train]:  68%|██████▊   | 312/459 [00:28<00:13, 10.56it/s]
Epoch 8/50 [Train]:  68%|██████▊   | 314/459 [00:29<00:13, 10.44it/s]
Epoch 8/50 [Train]:  69%|██████▉   | 316/459 [00:29<00:13, 10.37it/s]
Epoch 8/50 [Train]:  69%|██████▉   | 318/459 [00:29<00:13, 10.57it/s]
Epoch 8/50 [Train]:  70%|██████▉   | 320/459 [00:29<00:13, 10.51it/s]
Epoch 8/50 [Train]:  70%|███████   | 322/459 [00:29<00:12, 10.65it/s]
Epoch 8/50 [Train]:  71%|███████   | 324/459 [00:30<00:12, 10.51it/s]
Epoch 8/50 [Train]:  71%|███████   | 326/459 [00:30<00:12, 10.48it/s]
Epoch 8/50 [Train]:  71%|███████▏  | 328/459 [00:30<00:11, 11.19it/s]
Epoch 8/50 [Train]:  72%|███████▏  | 330/459 [00:30<00:11, 10.98it/s]
Epoch 8/50 [Train]:  72%|███████▏  | 332/459 [00:30<00:11, 11.00it/s]
Epoch 8/50 [Train]:  73%|███████▎  | 334/459 [00:30<00:11, 10.76it/s]
Epoch 8/50 [Train]:  73%|███████▎  | 336/459 [00:31<00:11, 11.15it/s]
Epoch 8/50 [Train]:  74%|███████▎  | 338/459 [00:31<00:11, 10.99it/s]
Epoch 8/50 [Train]:  74%|███████▍  | 340/459 [00:31<00:11, 10.15it/s]
Epoch 8/50 [Train]:  75%|███████▍  | 342/459 [00:31<00:11, 10.33it/s]
Epoch 8/50 [Train]:  75%|███████▍  | 344/459 [00:31<00:11, 10.32it/s]
Epoch 8/50 [Train]:  75%|███████▌  | 346/459 [00:32<00:10, 10.38it/s]
Epoch 8/50 [Train]:  76%|███████▌  | 348/459 [00:32<00:10, 10.43it/s]
Epoch 8/50 [Train]:  76%|███████▋  | 350/459 [00:32<00:10, 10.38it/s]
Epoch 8/50 [Train]:  77%|███████▋  | 352/459 [00:32<00:10, 10.53it/s]
Epoch 8/50 [Train]:  77%|███████▋  | 354/459 [00:32<00:09, 11.11it/s]
Epoch 8/50 [Train]:  78%|███████▊  | 356/459 [00:33<00:09, 10.93it/s]
Epoch 8/50 [Train]:  78%|███████▊  | 358/459 [00:33<00:09, 10.89it/s]
Epoch 8/50 [Train]:  78%|███████▊  | 360/459 [00:33<00:08, 11.51it/s]
Epoch 8/50 [Train]:  79%|███████▉  | 362/459 [00:33<00:08, 11.33it/s]
Epoch 8/50 [Train]:  79%|███████▉  | 364/459 [00:33<00:08, 11.37it/s]
Epoch 8/50 [Train]:  80%|███████▉  | 366/459 [00:33<00:08, 11.05it/s]
Epoch 8/50 [Train]:  80%|████████  | 368/459 [00:34<00:08, 10.68it/s]
Epoch 8/50 [Train]:  81%|████████  | 370/459 [00:34<00:08, 10.61it/s]
Epoch 8/50 [Train]:  81%|████████  | 372/459 [00:34<00:07, 11.27it/s]
Epoch 8/50 [Train]:  81%|████████▏ | 374/459 [00:34<00:07, 11.72it/s]
Epoch 8/50 [Train]:  82%|████████▏ | 376/459 [00:34<00:07, 11.26it/s]
Epoch 8/50 [Train]:  82%|████████▏ | 378/459 [00:35<00:07, 10.70it/s]
Epoch 8/50 [Train]:  83%|████████▎ | 380/459 [00:35<00:07,  9.95it/s]
Epoch 8/50 [Train]:  83%|████████▎ | 382/459 [00:35<00:08,  9.38it/s]
Epoch 8/50 [Train]:  84%|████████▎ | 384/459 [00:35<00:07,  9.68it/s]
Epoch 8/50 [Train]:  84%|████████▍ | 386/459 [00:35<00:06, 10.63it/s]
Epoch 8/50 [Train]:  85%|████████▍ | 388/459 [00:36<00:06, 10.62it/s]
Epoch 8/50 [Train]:  85%|████████▍ | 390/459 [00:36<00:06, 11.04it/s]
Epoch 8/50 [Train]:  85%|████████▌ | 392/459 [00:36<00:06, 10.95it/s]
Epoch 8/50 [Train]:  86%|████████▌ | 394/459 [00:36<00:05, 11.21it/s]
Epoch 8/50 [Train]:  86%|████████▋ | 396/459 [00:36<00:05, 11.05it/s]
Epoch 8/50 [Train]:  87%|████████▋ | 398/459 [00:36<00:05, 10.87it/s]
Epoch 8/50 [Train]:  87%|████████▋ | 400/459 [00:37<00:05, 10.87it/s]
Epoch 8/50 [Train]:  88%|████████▊ | 402/459 [00:37<00:05, 10.80it/s]
Epoch 8/50 [Train]:  88%|████████▊ | 404/459 [00:37<00:05, 10.70it/s]
Epoch 8/50 [Train]:  88%|████████▊ | 406/459 [00:37<00:04, 10.62it/s]
Epoch 8/50 [Train]:  89%|████████▉ | 408/459 [00:37<00:04, 11.11it/s]
Epoch 8/50 [Train]:  89%|████████▉ | 410/459 [00:37<00:04, 11.42it/s]
Epoch 8/50 [Train]:  90%|████████▉ | 412/459 [00:38<00:04, 11.05it/s]
Epoch 8/50 [Train]:  90%|█████████ | 414/459 [00:38<00:04, 10.80it/s]
Epoch 8/50 [Train]:  91%|█████████ | 416/459 [00:38<00:03, 11.33it/s]
Epoch 8/50 [Train]:  91%|█████████ | 418/459 [00:38<00:03, 11.02it/s]
Epoch 8/50 [Train]:  92%|█████████▏| 420/459 [00:38<00:03, 10.81it/s]
Epoch 8/50 [Train]:  92%|█████████▏| 422/459 [00:39<00:03, 10.60it/s]
Epoch 8/50 [Train]:  92%|█████████▏| 424/459 [00:39<00:03, 11.17it/s]
Epoch 8/50 [Train]:  93%|█████████▎| 426/459 [00:39<00:02, 11.19it/s]
Epoch 8/50 [Train]:  93%|█████████▎| 428/459 [00:39<00:02, 11.63it/s]
Epoch 8/50 [Train]:  94%|█████████▎| 430/459 [00:39<00:02, 11.23it/s]
Epoch 8/50 [Train]:  94%|█████████▍| 432/459 [00:39<00:02, 11.03it/s]
Epoch 8/50 [Train]:  95%|█████████▍| 434/459 [00:40<00:02, 10.75it/s]
Epoch 8/50 [Train]:  95%|█████████▍| 436/459 [00:40<00:02, 10.57it/s]
Epoch 8/50 [Train]:  95%|█████████▌| 438/459 [00:40<00:01, 11.24it/s]
Epoch 8/50 [Train]:  96%|█████████▌| 440/459 [00:40<00:01, 11.73it/s]
Epoch 8/50 [Train]:  96%|█████████▋| 442/459 [00:40<00:01, 11.69it/s]
Epoch 8/50 [Train]:  97%|█████████▋| 444/459 [00:41<00:01, 11.62it/s]
Epoch 8/50 [Train]:  97%|█████████▋| 446/459 [00:41<00:01, 11.10it/s]
Epoch 8/50 [Train]:  98%|█████████▊| 448/459 [00:41<00:01, 10.91it/s]
Epoch 8/50 [Train]:  98%|█████████▊| 450/459 [00:41<00:00, 10.34it/s]
Epoch 8/50 [Train]:  98%|█████████▊| 452/459 [00:41<00:00, 10.63it/s]
Epoch 8/50 [Train]:  99%|█████████▉| 454/459 [00:42<00:00, 10.50it/s]
Epoch 8/50 [Train]:  99%|█████████▉| 456/459 [00:42<00:00, 11.08it/s]
Epoch 8/50 [Train]: 100%|█████████▉| 458/459 [00:42<00:00, 11.54it/s]
                                                                     

Epoch 8/50 [Val]:   0%|          | 0/113 [00:00<?, ?it/s]
Epoch 8/50 [Val]:   1%|          | 1/113 [00:00<00:15,  7.44it/s]
Epoch 8/50 [Val]:   2%|▏         | 2/113 [00:00<00:14,  7.66it/s]
Epoch 8/50 [Val]:   4%|▎         | 4/113 [00:00<00:09, 11.59it/s]
Epoch 8/50 [Val]:   5%|▌         | 6/113 [00:00<00:10,  9.87it/s]
Epoch 8/50 [Val]:   7%|▋         | 8/113 [00:00<00:12,  8.73it/s]
Epoch 8/50 [Val]:   8%|▊         | 9/113 [00:01<00:12,  8.58it/s]
Epoch 8/50 [Val]:   9%|▉         | 10/113 [00:01<00:12,  8.10it/s]
Epoch 8/50 [Val]:  10%|▉         | 11/113 [00:01<00:12,  7.96it/s]
Epoch 8/50 [Val]:  12%|█▏        | 13/113 [00:01<00:11,  9.05it/s]
Epoch 8/50 [Val]:  12%|█▏        | 14/113 [00:01<00:11,  8.65it/s]
Epoch 8/50 [Val]:  13%|█▎        | 15/113 [00:01<00:11,  8.17it/s]
Epoch 8/50 [Val]:  14%|█▍        | 16/113 [00:01<00:12,  7.95it/s]
Epoch 8/50 [Val]:  15%|█▌        | 17/113 [00:02<00:12,  7.74it/s]
Epoch 8/50 [Val]:  16%|█▌        | 18/113 [00:02<00:12,  7.66it/s]
Epoch 8/50 [Val]:  17%|█▋        | 19/113 [00:02<00:12,  7.45it/s]
Epoch 8/50 [Val]:  18%|█▊        | 20/113 [00:02<00:12,  7.24it/s]
Epoch 8/50 [Val]:  19%|█▊        | 21/113 [00:02<00:12,  7.21it/s]
Epoch 8/50 [Val]:  19%|█▉        | 22/113 [00:02<00:12,  7.17it/s]
Epoch 8/50 [Val]:  21%|██        | 24/113 [00:02<00:09,  9.33it/s]
Epoch 8/50 [Val]:  22%|██▏       | 25/113 [00:02<00:09,  8.82it/s]
Epoch 8/50 [Val]:  23%|██▎       | 26/113 [00:03<00:10,  8.51it/s]
Epoch 8/50 [Val]:  24%|██▍       | 27/113 [00:03<00:10,  8.23it/s]
Epoch 8/50 [Val]:  25%|██▍       | 28/113 [00:03<00:10,  8.10it/s]
Epoch 8/50 [Val]:  27%|██▋       | 30/113 [00:03<00:09,  8.63it/s]
Epoch 8/50 [Val]:  27%|██▋       | 31/113 [00:03<00:09,  8.86it/s]
Epoch 8/50 [Val]:  28%|██▊       | 32/113 [00:03<00:09,  8.86it/s]
Epoch 8/50 [Val]:  29%|██▉       | 33/113 [00:03<00:09,  8.72it/s]
Epoch 8/50 [Val]:  30%|███       | 34/113 [00:04<00:09,  8.54it/s]
Epoch 8/50 [Val]:  31%|███       | 35/113 [00:04<00:09,  8.40it/s]
Epoch 8/50 [Val]:  32%|███▏      | 36/113 [00:04<00:09,  7.89it/s]
Epoch 8/50 [Val]:  33%|███▎      | 37/113 [00:04<00:09,  7.87it/s]
Epoch 8/50 [Val]:  34%|███▎      | 38/113 [00:04<00:09,  8.13it/s]
Epoch 8/50 [Val]:  35%|███▌      | 40/113 [00:04<00:07,  9.48it/s]
Epoch 8/50 [Val]:  36%|███▋      | 41/113 [00:04<00:07,  9.09it/s]
Epoch 8/50 [Val]:  37%|███▋      | 42/113 [00:04<00:08,  8.62it/s]
Epoch 8/50 [Val]:  39%|███▉      | 44/113 [00:05<00:07,  8.75it/s]
Epoch 8/50 [Val]:  40%|███▉      | 45/113 [00:05<00:07,  8.52it/s]
Epoch 8/50 [Val]:  42%|████▏     | 47/113 [00:05<00:07,  9.00it/s]
Epoch 8/50 [Val]:  42%|████▏     | 48/113 [00:05<00:07,  8.62it/s]
Epoch 8/50 [Val]:  43%|████▎     | 49/113 [00:05<00:07,  8.50it/s]
Epoch 8/50 [Val]:  44%|████▍     | 50/113 [00:05<00:07,  8.51it/s]
Epoch 8/50 [Val]:  45%|████▌     | 51/113 [00:06<00:07,  8.50it/s]
Epoch 8/50 [Val]:  46%|████▌     | 52/113 [00:06<00:07,  8.60it/s]
Epoch 8/50 [Val]:  47%|████▋     | 53/113 [00:06<00:06,  8.77it/s]
Epoch 8/50 [Val]:  48%|████▊     | 54/113 [00:06<00:06,  8.99it/s]
Epoch 8/50 [Val]:  49%|████▊     | 55/113 [00:06<00:06,  8.79it/s]
Epoch 8/50 [Val]:  50%|████▉     | 56/113 [00:06<00:06,  8.57it/s]
Epoch 8/50 [Val]:  51%|█████▏    | 58/113 [00:06<00:06,  8.71it/s]
Epoch 8/50 [Val]:  52%|█████▏    | 59/113 [00:06<00:06,  8.61it/s]
Epoch 8/50 [Val]:  53%|█████▎    | 60/113 [00:07<00:06,  8.22it/s]
Epoch 8/50 [Val]:  54%|█████▍    | 61/113 [00:07<00:06,  8.12it/s]
Epoch 8/50 [Val]:  55%|█████▍    | 62/113 [00:07<00:06,  8.22it/s]
Epoch 8/50 [Val]:  56%|█████▌    | 63/113 [00:07<00:06,  8.25it/s]
Epoch 8/50 [Val]:  57%|█████▋    | 64/113 [00:07<00:06,  8.08it/s]
Epoch 8/50 [Val]:  58%|█████▊    | 65/113 [00:07<00:06,  7.91it/s]
Epoch 8/50 [Val]:  58%|█████▊    | 66/113 [00:07<00:06,  7.69it/s]
Epoch 8/50 [Val]:  59%|█████▉    | 67/113 [00:07<00:05,  7.70it/s]
Epoch 8/50 [Val]:  60%|██████    | 68/113 [00:08<00:05,  7.54it/s]
Epoch 8/50 [Val]:  61%|██████    | 69/113 [00:08<00:05,  7.73it/s]
Epoch 8/50 [Val]:  62%|██████▏   | 70/113 [00:08<00:05,  7.85it/s]
Epoch 8/50 [Val]:  63%|██████▎   | 71/113 [00:08<00:05,  7.83it/s]
Epoch 8/50 [Val]:  64%|██████▎   | 72/113 [00:08<00:05,  7.72it/s]
Epoch 8/50 [Val]:  65%|██████▍   | 73/113 [00:08<00:05,  7.82it/s]
Epoch 8/50 [Val]:  65%|██████▌   | 74/113 [00:08<00:04,  7.87it/s]
Epoch 8/50 [Val]:  66%|██████▋   | 75/113 [00:08<00:04,  8.08it/s]
Epoch 8/50 [Val]:  67%|██████▋   | 76/113 [00:09<00:04,  7.96it/s]
Epoch 8/50 [Val]:  68%|██████▊   | 77/113 [00:09<00:04,  7.96it/s]
Epoch 8/50 [Val]:  69%|██████▉   | 78/113 [00:09<00:04,  8.02it/s]
Epoch 8/50 [Val]:  70%|██████▉   | 79/113 [00:09<00:04,  8.24it/s]
Epoch 8/50 [Val]:  71%|███████   | 80/113 [00:09<00:04,  8.25it/s]
Epoch 8/50 [Val]:  72%|███████▏  | 81/113 [00:09<00:03,  8.06it/s]
Epoch 8/50 [Val]:  73%|███████▎  | 82/113 [00:09<00:03,  7.89it/s]
Epoch 8/50 [Val]:  74%|███████▍  | 84/113 [00:10<00:03,  8.52it/s]
Epoch 8/50 [Val]:  75%|███████▌  | 85/113 [00:10<00:03,  8.45it/s]
Epoch 8/50 [Val]:  76%|███████▌  | 86/113 [00:10<00:03,  8.57it/s]
Epoch 8/50 [Val]:  78%|███████▊  | 88/113 [00:10<00:02, 10.77it/s]
Epoch 8/50 [Val]:  80%|███████▉  | 90/113 [00:10<00:02, 10.93it/s]
Epoch 8/50 [Val]:  81%|████████▏ | 92/113 [00:10<00:02,  9.53it/s]
Epoch 8/50 [Val]:  82%|████████▏ | 93/113 [00:11<00:02,  9.14it/s]
Epoch 8/50 [Val]:  83%|████████▎ | 94/113 [00:11<00:02,  8.73it/s]
Epoch 8/50 [Val]:  85%|████████▍ | 96/113 [00:11<00:01,  9.79it/s]
Epoch 8/50 [Val]:  86%|████████▌ | 97/113 [00:11<00:01,  9.54it/s]
Epoch 8/50 [Val]:  87%|████████▋ | 98/113 [00:11<00:01,  9.26it/s]
Epoch 8/50 [Val]:  88%|████████▊ | 99/113 [00:11<00:01,  8.80it/s]
Epoch 8/50 [Val]:  88%|████████▊ | 100/113 [00:11<00:01,  8.20it/s]
Epoch 8/50 [Val]:  89%|████████▉ | 101/113 [00:11<00:01,  8.22it/s]
Epoch 8/50 [Val]:  90%|█████████ | 102/113 [00:12<00:01,  8.23it/s]
Epoch 8/50 [Val]:  91%|█████████ | 103/113 [00:12<00:01,  8.38it/s]
Epoch 8/50 [Val]:  92%|█████████▏| 104/113 [00:12<00:01,  8.48it/s]
Epoch 8/50 [Val]:  93%|█████████▎| 105/113 [00:12<00:00,  8.24it/s]
Epoch 8/50 [Val]:  94%|█████████▍| 106/113 [00:12<00:00,  8.16it/s]
Epoch 8/50 [Val]:  95%|█████████▍| 107/113 [00:12<00:00,  8.10it/s]
Epoch 8/50 [Val]:  96%|█████████▌| 108/113 [00:12<00:00,  8.13it/s]
Epoch 8/50 [Val]:  96%|█████████▋| 109/113 [00:12<00:00,  8.14it/s]
Epoch 8/50 [Val]:  97%|█████████▋| 110/113 [00:13<00:00,  8.01it/s]
Epoch 8/50 [Val]:  98%|█████████▊| 111/113 [00:13<00:00,  8.04it/s]
Epoch 8/50 [Val]:  99%|█████████▉| 112/113 [00:13<00:00,  8.07it/s]
                                                                   

Epoch 9/50 [Train]:   0%|          | 0/459 [00:00<?, ?it/s]
Epoch 9/50 [Train]:   0%|          | 1/459 [00:00<00:51,  8.91it/s]
Epoch 9/50 [Train]:   0%|          | 2/459 [00:00<00:49,  9.28it/s]
Epoch 9/50 [Train]:   1%|          | 4/459 [00:00<00:46,  9.89it/s]
Epoch 9/50 [Train]:   1%|▏         | 6/459 [00:00<00:44, 10.23it/s]
Epoch 9/50 [Train]:   2%|▏         | 8/459 [00:00<00:43, 10.43it/s]
Epoch 9/50 [Train]:   2%|▏         | 10/459 [00:00<00:42, 10.57it/s]
Epoch 9/50 [Train]:   3%|▎         | 12/459 [00:01<00:42, 10.41it/s]
Epoch 9/50 [Train]:   3%|▎         | 14/459 [00:01<00:42, 10.36it/s]
Epoch 9/50 [Train]:   3%|▎         | 16/459 [00:01<00:42, 10.35it/s]
Epoch 9/50 [Train]:   4%|▍         | 18/459 [00:01<00:44,  9.91it/s]
Epoch 9/50 [Train]:   4%|▍         | 20/459 [00:01<00:43, 10.14it/s]
Epoch 9/50 [Train]:   5%|▍         | 22/459 [00:02<00:42, 10.21it/s]
Epoch 9/50 [Train]:   5%|▌         | 24/459 [00:02<00:42, 10.17it/s]
Epoch 9/50 [Train]:   6%|▌         | 26/459 [00:02<00:41, 10.31it/s]
Epoch 9/50 [Train]:   6%|▌         | 28/459 [00:02<00:41, 10.46it/s]
Epoch 9/50 [Train]:   7%|▋         | 30/459 [00:02<00:40, 10.66it/s]
Epoch 9/50 [Train]:   7%|▋         | 32/459 [00:03<00:40, 10.59it/s]
Epoch 9/50 [Train]:   7%|▋         | 34/459 [00:03<00:40, 10.55it/s]
Epoch 9/50 [Train]:   8%|▊         | 36/459 [00:03<00:39, 10.75it/s]
Epoch 9/50 [Train]:   8%|▊         | 38/459 [00:03<00:39, 10.71it/s]
Epoch 9/50 [Train]:   9%|▊         | 40/459 [00:03<00:39, 10.59it/s]
Epoch 9/50 [Train]:   9%|▉         | 42/459 [00:04<00:37, 11.01it/s]
Epoch 9/50 [Train]:  10%|▉         | 44/459 [00:04<00:38, 10.75it/s]
Epoch 9/50 [Train]:  10%|█         | 46/459 [00:04<00:39, 10.56it/s]
Epoch 9/50 [Train]:  10%|█         | 48/459 [00:04<00:38, 10.73it/s]
Epoch 9/50 [Train]:  11%|█         | 50/459 [00:04<00:38, 10.52it/s]
Epoch 9/50 [Train]:  11%|█▏        | 52/459 [00:04<00:38, 10.60it/s]
Epoch 9/50 [Train]:  12%|█▏        | 54/459 [00:05<00:37, 10.70it/s]
Epoch 9/50 [Train]:  12%|█▏        | 56/459 [00:05<00:36, 11.10it/s]
Epoch 9/50 [Train]:  13%|█▎        | 58/459 [00:05<00:35, 11.15it/s]
Epoch 9/50 [Train]:  13%|█▎        | 60/459 [00:05<00:36, 10.94it/s]
Epoch 9/50 [Train]:  14%|█▎        | 62/459 [00:05<00:36, 10.94it/s]
Epoch 9/50 [Train]:  14%|█▍        | 64/459 [00:06<00:36, 10.90it/s]
Epoch 9/50 [Train]:  14%|█▍        | 66/459 [00:06<00:35, 11.03it/s]
Epoch 9/50 [Train]:  15%|█▍        | 68/459 [00:06<00:36, 10.85it/s]
Epoch 9/50 [Train]:  15%|█▌        | 70/459 [00:06<00:33, 11.46it/s]
Epoch 9/50 [Train]:  16%|█▌        | 72/459 [00:06<00:34, 11.09it/s]
Epoch 9/50 [Train]:  16%|█▌        | 74/459 [00:06<00:35, 10.94it/s]
Epoch 9/50 [Train]:  17%|█▋        | 76/459 [00:07<00:35, 10.81it/s]
Epoch 9/50 [Train]:  17%|█▋        | 78/459 [00:07<00:33, 11.27it/s]
Epoch 9/50 [Train]:  17%|█▋        | 80/459 [00:07<00:33, 11.28it/s]
Epoch 9/50 [Train]:  18%|█▊        | 82/459 [00:07<00:33, 11.10it/s]
Epoch 9/50 [Train]:  18%|█▊        | 84/459 [00:07<00:35, 10.61it/s]
Epoch 9/50 [Train]:  19%|█▊        | 86/459 [00:08<00:34, 10.75it/s]
Epoch 9/50 [Train]:  19%|█▉        | 88/459 [00:08<00:33, 10.99it/s]
Epoch 9/50 [Train]:  20%|█▉        | 90/459 [00:08<00:33, 10.96it/s]
Epoch 9/50 [Train]:  20%|██        | 92/459 [00:08<00:32, 11.27it/s]
Epoch 9/50 [Train]:  20%|██        | 94/459 [00:08<00:33, 10.85it/s]
Epoch 9/50 [Train]:  21%|██        | 96/459 [00:08<00:33, 10.93it/s]
Epoch 9/50 [Train]:  21%|██▏       | 98/459 [00:09<00:32, 11.18it/s]
Epoch 9/50 [Train]:  22%|██▏       | 100/459 [00:09<00:31, 11.55it/s]
Epoch 9/50 [Train]:  22%|██▏       | 102/459 [00:09<00:31, 11.37it/s]
Epoch 9/50 [Train]:  23%|██▎       | 104/459 [00:09<00:31, 11.09it/s]
Epoch 9/50 [Train]:  23%|██▎       | 106/459 [00:09<00:33, 10.63it/s]
Epoch 9/50 [Train]:  24%|██▎       | 108/459 [00:10<00:32, 10.68it/s]
Epoch 9/50 [Train]:  24%|██▍       | 110/459 [00:10<00:32, 10.76it/s]
Epoch 9/50 [Train]:  24%|██▍       | 112/459 [00:10<00:31, 11.06it/s]
Epoch 9/50 [Train]:  25%|██▍       | 114/459 [00:10<00:29, 11.59it/s]
Epoch 9/50 [Train]:  25%|██▌       | 116/459 [00:10<00:30, 11.32it/s]
Epoch 9/50 [Train]:  26%|██▌       | 118/459 [00:10<00:30, 11.28it/s]
Epoch 9/50 [Train]:  26%|██▌       | 120/459 [00:11<00:30, 10.97it/s]
Epoch 9/50 [Train]:  27%|██▋       | 122/459 [00:11<00:31, 10.74it/s]
Epoch 9/50 [Train]:  27%|██▋       | 124/459 [00:11<00:31, 10.61it/s]
Epoch 9/50 [Train]:  27%|██▋       | 126/459 [00:11<00:31, 10.70it/s]
Epoch 9/50 [Train]:  28%|██▊       | 128/459 [00:11<00:31, 10.62it/s]
Epoch 9/50 [Train]:  28%|██▊       | 130/459 [00:12<00:31, 10.56it/s]
Epoch 9/50 [Train]:  29%|██▉       | 132/459 [00:12<00:31, 10.37it/s]
Epoch 9/50 [Train]:  29%|██▉       | 134/459 [00:12<00:31, 10.28it/s]
Epoch 9/50 [Train]:  30%|██▉       | 136/459 [00:12<00:29, 10.94it/s]
Epoch 9/50 [Train]:  30%|███       | 138/459 [00:12<00:30, 10.38it/s]
Epoch 9/50 [Train]:  31%|███       | 140/459 [00:13<00:28, 11.05it/s]
Epoch 9/50 [Train]:  31%|███       | 142/459 [00:13<00:27, 11.36it/s]
Epoch 9/50 [Train]:  31%|███▏      | 144/459 [00:13<00:28, 11.16it/s]
Epoch 9/50 [Train]:  32%|███▏      | 146/459 [00:13<00:28, 10.89it/s]
Epoch 9/50 [Train]:  32%|███▏      | 148/459 [00:13<00:28, 10.90it/s]
Epoch 9/50 [Train]:  33%|███▎      | 150/459 [00:13<00:27, 11.41it/s]
Epoch 9/50 [Train]:  33%|███▎      | 152/459 [00:14<00:28, 10.93it/s]
Epoch 9/50 [Train]:  34%|███▎      | 154/459 [00:14<00:26, 11.36it/s]
Epoch 9/50 [Train]:  34%|███▍      | 156/459 [00:14<00:26, 11.34it/s]
Epoch 9/50 [Train]:  34%|███▍      | 158/459 [00:14<00:26, 11.17it/s]
Epoch 9/50 [Train]:  35%|███▍      | 160/459 [00:14<00:27, 10.72it/s]
Epoch 9/50 [Train]:  35%|███▌      | 162/459 [00:14<00:27, 10.70it/s]
Epoch 9/50 [Train]:  36%|███▌      | 164/459 [00:15<00:27, 10.62it/s]
Epoch 9/50 [Train]:  36%|███▌      | 166/459 [00:15<00:26, 10.93it/s]
Epoch 9/50 [Train]:  37%|███▋      | 168/459 [00:15<00:26, 10.96it/s]
Epoch 9/50 [Train]:  37%|███▋      | 170/459 [00:15<00:26, 10.82it/s]
Epoch 9/50 [Train]:  37%|███▋      | 172/459 [00:15<00:27, 10.51it/s]
Epoch 9/50 [Train]:  38%|███▊      | 174/459 [00:16<00:27, 10.38it/s]
Epoch 9/50 [Train]:  38%|███▊      | 176/459 [00:16<00:26, 10.64it/s]
Epoch 9/50 [Train]:  39%|███▉      | 178/459 [00:16<00:26, 10.71it/s]
Epoch 9/50 [Train]:  39%|███▉      | 180/459 [00:16<00:26, 10.58it/s]
Epoch 9/50 [Train]:  40%|███▉      | 182/459 [00:16<00:26, 10.51it/s]
Epoch 9/50 [Train]:  40%|████      | 184/459 [00:17<00:26, 10.51it/s]
Epoch 9/50 [Train]:  41%|████      | 186/459 [00:17<00:24, 11.00it/s]
Epoch 9/50 [Train]:  41%|████      | 188/459 [00:17<00:25, 10.78it/s]
Epoch 9/50 [Train]:  41%|████▏     | 190/459 [00:17<00:24, 10.83it/s]
Epoch 9/50 [Train]:  42%|████▏     | 192/459 [00:17<00:24, 11.01it/s]
Epoch 9/50 [Train]:  42%|████▏     | 194/459 [00:17<00:23, 11.51it/s]
Epoch 9/50 [Train]:  43%|████▎     | 196/459 [00:18<00:22, 11.83it/s]
Epoch 9/50 [Train]:  43%|████▎     | 198/459 [00:18<00:22, 11.45it/s]
Epoch 9/50 [Train]:  44%|████▎     | 200/459 [00:18<00:23, 11.04it/s]
Epoch 9/50 [Train]:  44%|████▍     | 202/459 [00:18<00:23, 10.83it/s]
Epoch 9/50 [Train]:  44%|████▍     | 204/459 [00:18<00:23, 10.87it/s]
Epoch 9/50 [Train]:  45%|████▍     | 206/459 [00:19<00:23, 10.80it/s]
Epoch 9/50 [Train]:  45%|████▌     | 208/459 [00:19<00:23, 10.54it/s]
Epoch 9/50 [Train]:  46%|████▌     | 210/459 [00:19<00:24, 10.35it/s]
Epoch 9/50 [Train]:  46%|████▌     | 212/459 [00:19<00:22, 10.99it/s]
Epoch 9/50 [Train]:  47%|████▋     | 214/459 [00:19<00:22, 10.70it/s]
Epoch 9/50 [Train]:  47%|████▋     | 216/459 [00:19<00:21, 11.31it/s]
Epoch 9/50 [Train]:  47%|████▋     | 218/459 [00:20<00:21, 11.11it/s]
Epoch 9/50 [Train]:  48%|████▊     | 220/459 [00:20<00:21, 10.89it/s]
Epoch 9/50 [Train]:  48%|████▊     | 222/459 [00:20<00:21, 10.98it/s]
Epoch 9/50 [Train]:  49%|████▉     | 224/459 [00:20<00:20, 11.25it/s]
Epoch 9/50 [Train]:  49%|████▉     | 226/459 [00:20<00:21, 11.02it/s]
Epoch 9/50 [Train]:  50%|████▉     | 228/459 [00:21<00:21, 10.81it/s]
Epoch 9/50 [Train]:  50%|█████     | 230/459 [00:21<00:21, 10.78it/s]
Epoch 9/50 [Train]:  51%|█████     | 232/459 [00:21<00:19, 11.37it/s]
Epoch 9/50 [Train]:  51%|█████     | 234/459 [00:21<00:20, 11.08it/s]
Epoch 9/50 [Train]:  51%|█████▏    | 236/459 [00:21<00:19, 11.47it/s]
Epoch 9/50 [Train]:  52%|█████▏    | 238/459 [00:21<00:19, 11.21it/s]
Epoch 9/50 [Train]:  52%|█████▏    | 240/459 [00:22<00:19, 11.50it/s]
Epoch 9/50 [Train]:  53%|█████▎    | 242/459 [00:22<00:19, 10.98it/s]
Epoch 9/50 [Train]:  53%|█████▎    | 244/459 [00:22<00:19, 10.96it/s]
Epoch 9/50 [Train]:  54%|█████▎    | 246/459 [00:22<00:19, 10.81it/s]
Epoch 9/50 [Train]:  54%|█████▍    | 248/459 [00:22<00:19, 10.70it/s]
Epoch 9/50 [Train]:  54%|█████▍    | 250/459 [00:23<00:18, 11.39it/s]
Epoch 9/50 [Train]:  55%|█████▍    | 252/459 [00:23<00:17, 11.54it/s]
Epoch 9/50 [Train]:  55%|█████▌    | 254/459 [00:23<00:18, 11.27it/s]
Epoch 9/50 [Train]:  56%|█████▌    | 256/459 [00:23<00:18, 10.72it/s]
Epoch 9/50 [Train]:  56%|█████▌    | 258/459 [00:23<00:19, 10.37it/s]
Epoch 9/50 [Train]:  57%|█████▋    | 260/459 [00:23<00:18, 10.54it/s]
Epoch 9/50 [Train]:  57%|█████▋    | 262/459 [00:24<00:21,  9.14it/s]
Epoch 9/50 [Train]:  57%|█████▋    | 263/459 [00:24<00:21,  9.08it/s]
Epoch 9/50 [Train]:  58%|█████▊    | 265/459 [00:24<00:20,  9.44it/s]
Epoch 9/50 [Train]:  58%|█████▊    | 267/459 [00:24<00:19,  9.80it/s]
Epoch 9/50 [Train]:  59%|█████▊    | 269/459 [00:24<00:18, 10.05it/s]
Epoch 9/50 [Train]:  59%|█████▉    | 271/459 [00:25<00:18, 10.32it/s]
Epoch 9/50 [Train]:  59%|█████▉    | 273/459 [00:25<00:16, 11.07it/s]
Epoch 9/50 [Train]:  60%|█████▉    | 275/459 [00:25<00:17, 10.82it/s]
Epoch 9/50 [Train]:  60%|██████    | 277/459 [00:25<00:16, 10.76it/s]
Epoch 9/50 [Train]:  61%|██████    | 279/459 [00:25<00:17, 10.56it/s]
Epoch 9/50 [Train]:  61%|██████    | 281/459 [00:26<00:17, 10.37it/s]
Epoch 9/50 [Train]:  62%|██████▏   | 283/459 [00:26<00:17, 10.31it/s]
Epoch 9/50 [Train]:  62%|██████▏   | 285/459 [00:26<00:16, 10.45it/s]
Epoch 9/50 [Train]:  63%|██████▎   | 287/459 [00:26<00:15, 11.08it/s]
Epoch 9/50 [Train]:  63%|██████▎   | 289/459 [00:26<00:14, 11.57it/s]
Epoch 9/50 [Train]:  63%|██████▎   | 291/459 [00:26<00:14, 11.85it/s]
Epoch 9/50 [Train]:  64%|██████▍   | 293/459 [00:27<00:14, 11.43it/s]
Epoch 9/50 [Train]:  64%|██████▍   | 295/459 [00:27<00:14, 11.19it/s]
Epoch 9/50 [Train]:  65%|██████▍   | 297/459 [00:27<00:15, 10.49it/s]
Epoch 9/50 [Train]:  65%|██████▌   | 299/459 [00:27<00:15, 10.62it/s]
Epoch 9/50 [Train]:  66%|██████▌   | 301/459 [00:27<00:14, 10.60it/s]
Epoch 9/50 [Train]:  66%|██████▌   | 303/459 [00:28<00:14, 10.57it/s]
Epoch 9/50 [Train]:  66%|██████▋   | 305/459 [00:28<00:14, 10.61it/s]
Epoch 9/50 [Train]:  67%|██████▋   | 307/459 [00:28<00:14, 10.57it/s]
Epoch 9/50 [Train]:  67%|██████▋   | 309/459 [00:28<00:14, 10.67it/s]
Epoch 9/50 [Train]:  68%|██████▊   | 311/459 [00:28<00:13, 10.65it/s]
Epoch 9/50 [Train]:  68%|██████▊   | 313/459 [00:29<00:13, 10.81it/s]
Epoch 9/50 [Train]:  69%|██████▊   | 315/459 [00:29<00:13, 10.73it/s]
Epoch 9/50 [Train]:  69%|██████▉   | 317/459 [00:29<00:13, 10.69it/s]
Epoch 9/50 [Train]:  69%|██████▉   | 319/459 [00:29<00:13, 10.54it/s]
Epoch 9/50 [Train]:  70%|██████▉   | 321/459 [00:29<00:13, 10.42it/s]
Epoch 9/50 [Train]:  70%|███████   | 323/459 [00:29<00:12, 10.63it/s]
Epoch 9/50 [Train]:  71%|███████   | 325/459 [00:30<00:12, 10.64it/s]
Epoch 9/50 [Train]:  71%|███████   | 327/459 [00:30<00:12, 10.78it/s]
Epoch 9/50 [Train]:  72%|███████▏  | 329/459 [00:30<00:12, 10.61it/s]
Epoch 9/50 [Train]:  72%|███████▏  | 331/459 [00:30<00:12, 10.54it/s]
Epoch 9/50 [Train]:  73%|███████▎  | 333/459 [00:30<00:12, 10.44it/s]
Epoch 9/50 [Train]:  73%|███████▎  | 335/459 [00:31<00:11, 10.50it/s]
Epoch 9/50 [Train]:  73%|███████▎  | 337/459 [00:31<00:11, 10.49it/s]
Epoch 9/50 [Train]:  74%|███████▍  | 339/459 [00:31<00:12,  9.86it/s]
Epoch 9/50 [Train]:  74%|███████▍  | 341/459 [00:31<00:11, 10.55it/s]
Epoch 9/50 [Train]:  75%|███████▍  | 343/459 [00:31<00:11, 10.28it/s]
Epoch 9/50 [Train]:  75%|███████▌  | 345/459 [00:32<00:11, 10.23it/s]
Epoch 9/50 [Train]:  76%|███████▌  | 347/459 [00:32<00:11, 10.09it/s]
Epoch 9/50 [Train]:  76%|███████▌  | 349/459 [00:32<00:10, 10.49it/s]
Epoch 9/50 [Train]:  76%|███████▋  | 351/459 [00:32<00:09, 11.13it/s]
Epoch 9/50 [Train]:  77%|███████▋  | 353/459 [00:32<00:09, 11.65it/s]
Epoch 9/50 [Train]:  77%|███████▋  | 355/459 [00:32<00:09, 11.37it/s]
Epoch 9/50 [Train]:  78%|███████▊  | 357/459 [00:33<00:09, 10.85it/s]
Epoch 9/50 [Train]:  78%|███████▊  | 359/459 [00:33<00:09, 10.81it/s]
Epoch 9/50 [Train]:  79%|███████▊  | 361/459 [00:33<00:09, 10.78it/s]
Epoch 9/50 [Train]:  79%|███████▉  | 363/459 [00:33<00:08, 10.76it/s]
Epoch 9/50 [Train]:  80%|███████▉  | 365/459 [00:33<00:08, 11.64it/s]
Epoch 9/50 [Train]:  80%|███████▉  | 367/459 [00:34<00:08, 11.50it/s]
Epoch 9/50 [Train]:  80%|████████  | 369/459 [00:34<00:07, 11.47it/s]
Epoch 9/50 [Train]:  81%|████████  | 371/459 [00:34<00:07, 11.25it/s]
Epoch 9/50 [Train]:  81%|████████▏ | 373/459 [00:34<00:07, 11.03it/s]
Epoch 9/50 [Train]:  82%|████████▏ | 375/459 [00:34<00:07, 11.40it/s]
Epoch 9/50 [Train]:  82%|████████▏ | 377/459 [00:34<00:07, 10.89it/s]
Epoch 9/50 [Train]:  83%|████████▎ | 379/459 [00:35<00:07, 10.91it/s]
Epoch 9/50 [Train]:  83%|████████▎ | 381/459 [00:35<00:07, 10.64it/s]
Epoch 9/50 [Train]:  83%|████████▎ | 383/459 [00:35<00:07, 10.65it/s]
Epoch 9/50 [Train]:  84%|████████▍ | 385/459 [00:35<00:07, 10.44it/s]
Epoch 9/50 [Train]:  84%|████████▍ | 387/459 [00:35<00:06, 10.63it/s]
Epoch 9/50 [Train]:  85%|████████▍ | 389/459 [00:36<00:06, 10.64it/s]
Epoch 9/50 [Train]:  85%|████████▌ | 391/459 [00:36<00:06, 10.74it/s]
Epoch 9/50 [Train]:  86%|████████▌ | 393/459 [00:36<00:06, 10.85it/s]
Epoch 9/50 [Train]:  86%|████████▌ | 395/459 [00:36<00:05, 11.14it/s]
Epoch 9/50 [Train]:  86%|████████▋ | 397/459 [00:36<00:05, 11.45it/s]
Epoch 9/50 [Train]:  87%|████████▋ | 399/459 [00:36<00:05, 11.01it/s]
Epoch 9/50 [Train]:  87%|████████▋ | 401/459 [00:37<00:05, 10.80it/s]
Epoch 9/50 [Train]:  88%|████████▊ | 403/459 [00:37<00:05, 10.81it/s]
Epoch 9/50 [Train]:  88%|████████▊ | 405/459 [00:37<00:04, 11.02it/s]
Epoch 9/50 [Train]:  89%|████████▊ | 407/459 [00:37<00:04, 10.92it/s]
Epoch 9/50 [Train]:  89%|████████▉ | 409/459 [00:37<00:04, 11.28it/s]
Epoch 9/50 [Train]:  90%|████████▉ | 411/459 [00:38<00:04, 10.85it/s]
Epoch 9/50 [Train]:  90%|████████▉ | 413/459 [00:38<00:04, 10.55it/s]
Epoch 9/50 [Train]:  90%|█████████ | 415/459 [00:38<00:03, 11.11it/s]
Epoch 9/50 [Train]:  91%|█████████ | 417/459 [00:38<00:03, 11.10it/s]
Epoch 9/50 [Train]:  91%|█████████▏| 419/459 [00:38<00:03, 11.05it/s]
Epoch 9/50 [Train]:  92%|█████████▏| 421/459 [00:38<00:03, 11.45it/s]
Epoch 9/50 [Train]:  92%|█████████▏| 423/459 [00:39<00:03, 11.36it/s]
Epoch 9/50 [Train]:  93%|█████████▎| 425/459 [00:39<00:02, 11.66it/s]
Epoch 9/50 [Train]:  93%|█████████▎| 427/459 [00:39<00:02, 11.32it/s]
Epoch 9/50 [Train]:  93%|█████████▎| 429/459 [00:39<00:02, 11.35it/s]
Epoch 9/50 [Train]:  94%|█████████▍| 431/459 [00:39<00:02, 11.26it/s]
Epoch 9/50 [Train]:  94%|█████████▍| 433/459 [00:40<00:02, 11.08it/s]
Epoch 9/50 [Train]:  95%|█████████▍| 435/459 [00:40<00:02, 11.03it/s]
Epoch 9/50 [Train]:  95%|█████████▌| 437/459 [00:40<00:02, 10.54it/s]
Epoch 9/50 [Train]:  96%|█████████▌| 439/459 [00:40<00:01, 10.74it/s]
Epoch 9/50 [Train]:  96%|█████████▌| 441/459 [00:40<00:01, 10.75it/s]
Epoch 9/50 [Train]:  97%|█████████▋| 443/459 [00:40<00:01, 10.99it/s]
Epoch 9/50 [Train]:  97%|█████████▋| 445/459 [00:41<00:01, 10.78it/s]
Epoch 9/50 [Train]:  97%|█████████▋| 447/459 [00:41<00:01, 11.26it/s]
Epoch 9/50 [Train]:  98%|█████████▊| 449/459 [00:41<00:00, 11.70it/s]
Epoch 9/50 [Train]:  98%|█████████▊| 451/459 [00:41<00:00, 10.91it/s]
Epoch 9/50 [Train]:  99%|█████████▊| 453/459 [00:41<00:00, 10.69it/s]
Epoch 9/50 [Train]:  99%|█████████▉| 455/459 [00:42<00:00, 10.80it/s]
Epoch 9/50 [Train]: 100%|█████████▉| 457/459 [00:42<00:00, 10.85it/s]
Epoch 9/50 [Train]: 100%|██████████| 459/459 [00:42<00:00, 11.23it/s]
                                                                     

Epoch 9/50 [Val]:   0%|          | 0/113 [00:00<?, ?it/s]
Epoch 9/50 [Val]:   1%|          | 1/113 [00:00<00:14,  7.74it/s]
Epoch 9/50 [Val]:   2%|▏         | 2/113 [00:00<00:13,  7.94it/s]
Epoch 9/50 [Val]:   3%|▎         | 3/113 [00:00<00:15,  7.26it/s]
Epoch 9/50 [Val]:   4%|▎         | 4/113 [00:00<00:14,  7.42it/s]
Epoch 9/50 [Val]:   4%|▍         | 5/113 [00:00<00:14,  7.45it/s]
Epoch 9/50 [Val]:   5%|▌         | 6/113 [00:00<00:14,  7.45it/s]
Epoch 9/50 [Val]:   7%|▋         | 8/113 [00:00<00:11,  9.49it/s]
Epoch 9/50 [Val]:   8%|▊         | 9/113 [00:01<00:11,  9.01it/s]
Epoch 9/50 [Val]:   9%|▉         | 10/113 [00:01<00:11,  8.74it/s]
Epoch 9/50 [Val]:  10%|▉         | 11/113 [00:01<00:11,  8.51it/s]
Epoch 9/50 [Val]:  11%|█         | 12/113 [00:01<00:12,  8.37it/s]
Epoch 9/50 [Val]:  12%|█▏        | 14/113 [00:01<00:10,  9.22it/s]
Epoch 9/50 [Val]:  13%|█▎        | 15/113 [00:01<00:11,  8.32it/s]
Epoch 9/50 [Val]:  14%|█▍        | 16/113 [00:01<00:12,  7.91it/s]
Epoch 9/50 [Val]:  16%|█▌        | 18/113 [00:02<00:11,  8.37it/s]
Epoch 9/50 [Val]:  17%|█▋        | 19/113 [00:02<00:11,  7.99it/s]
Epoch 9/50 [Val]:  18%|█▊        | 20/113 [00:02<00:11,  7.87it/s]
Epoch 9/50 [Val]:  19%|█▊        | 21/113 [00:02<00:12,  7.61it/s]
Epoch 9/50 [Val]:  19%|█▉        | 22/113 [00:02<00:12,  7.52it/s]
Epoch 9/50 [Val]:  20%|██        | 23/113 [00:02<00:11,  7.50it/s]
Epoch 9/50 [Val]:  21%|██        | 24/113 [00:03<00:12,  7.34it/s]
Epoch 9/50 [Val]:  22%|██▏       | 25/113 [00:03<00:11,  7.35it/s]
Epoch 9/50 [Val]:  23%|██▎       | 26/113 [00:03<00:12,  7.17it/s]
Epoch 9/50 [Val]:  24%|██▍       | 27/113 [00:03<00:11,  7.33it/s]
Epoch 9/50 [Val]:  25%|██▍       | 28/113 [00:03<00:11,  7.50it/s]
Epoch 9/50 [Val]:  26%|██▌       | 29/113 [00:03<00:11,  7.61it/s]
Epoch 9/50 [Val]:  27%|██▋       | 30/113 [00:03<00:11,  7.45it/s]
Epoch 9/50 [Val]:  27%|██▋       | 31/113 [00:03<00:10,  7.64it/s]
Epoch 9/50 [Val]:  28%|██▊       | 32/113 [00:04<00:10,  7.73it/s]
Epoch 9/50 [Val]:  29%|██▉       | 33/113 [00:04<00:10,  7.59it/s]
Epoch 9/50 [Val]:  30%|███       | 34/113 [00:04<00:10,  7.72it/s]
Epoch 9/50 [Val]:  32%|███▏      | 36/113 [00:04<00:07,  9.72it/s]
Epoch 9/50 [Val]:  33%|███▎      | 37/113 [00:04<00:08,  9.38it/s]
Epoch 9/50 [Val]:  34%|███▎      | 38/113 [00:04<00:08,  9.14it/s]
Epoch 9/50 [Val]:  35%|███▍      | 39/113 [00:04<00:08,  8.84it/s]
Epoch 9/50 [Val]:  35%|███▌      | 40/113 [00:04<00:08,  8.29it/s]
Epoch 9/50 [Val]:  36%|███▋      | 41/113 [00:05<00:08,  8.27it/s]
Epoch 9/50 [Val]:  37%|███▋      | 42/113 [00:05<00:08,  8.18it/s]
Epoch 9/50 [Val]:  39%|███▉      | 44/113 [00:05<00:07,  8.91it/s]
Epoch 9/50 [Val]:  40%|███▉      | 45/113 [00:05<00:08,  8.30it/s]
Epoch 9/50 [Val]:  42%|████▏     | 47/113 [00:05<00:07,  8.58it/s]
Epoch 9/50 [Val]:  42%|████▏     | 48/113 [00:05<00:07,  8.42it/s]
Epoch 9/50 [Val]:  43%|████▎     | 49/113 [00:06<00:07,  8.31it/s]
Epoch 9/50 [Val]:  45%|████▌     | 51/113 [00:06<00:05, 10.68it/s]
Epoch 9/50 [Val]:  47%|████▋     | 53/113 [00:06<00:04, 12.51it/s]
Epoch 9/50 [Val]:  49%|████▊     | 55/113 [00:06<00:04, 13.12it/s]
Epoch 9/50 [Val]:  50%|█████     | 57/113 [00:06<00:05, 10.48it/s]
Epoch 9/50 [Val]:  52%|█████▏    | 59/113 [00:06<00:05,  9.21it/s]
Epoch 9/50 [Val]:  54%|█████▍    | 61/113 [00:07<00:05,  9.56it/s]
Epoch 9/50 [Val]:  56%|█████▌    | 63/113 [00:07<00:05,  9.01it/s]
Epoch 9/50 [Val]:  57%|█████▋    | 64/113 [00:07<00:05,  8.85it/s]
Epoch 9/50 [Val]:  58%|█████▊    | 65/113 [00:07<00:05,  8.68it/s]
Epoch 9/50 [Val]:  58%|█████▊    | 66/113 [00:07<00:05,  8.24it/s]
Epoch 9/50 [Val]:  59%|█████▉    | 67/113 [00:07<00:05,  8.04it/s]
Epoch 9/50 [Val]:  60%|██████    | 68/113 [00:08<00:05,  8.09it/s]
Epoch 9/50 [Val]:  61%|██████    | 69/113 [00:08<00:05,  8.19it/s]
Epoch 9/50 [Val]:  62%|██████▏   | 70/113 [00:08<00:05,  8.48it/s]
Epoch 9/50 [Val]:  64%|██████▎   | 72/113 [00:08<00:04,  8.93it/s]
Epoch 9/50 [Val]:  65%|██████▍   | 73/113 [00:08<00:04,  8.76it/s]
Epoch 9/50 [Val]:  65%|██████▌   | 74/113 [00:08<00:04,  8.24it/s]
Epoch 9/50 [Val]:  66%|██████▋   | 75/113 [00:08<00:04,  8.23it/s]
Epoch 9/50 [Val]:  67%|██████▋   | 76/113 [00:08<00:04,  8.15it/s]
Epoch 9/50 [Val]:  68%|██████▊   | 77/113 [00:09<00:04,  7.97it/s]
Epoch 9/50 [Val]:  69%|██████▉   | 78/113 [00:09<00:04,  7.72it/s]
Epoch 9/50 [Val]:  70%|██████▉   | 79/113 [00:09<00:04,  8.09it/s]
Epoch 9/50 [Val]:  71%|███████   | 80/113 [00:09<00:03,  8.35it/s]
Epoch 9/50 [Val]:  72%|███████▏  | 81/113 [00:09<00:03,  8.22it/s]
Epoch 9/50 [Val]:  73%|███████▎  | 83/113 [00:09<00:03,  9.13it/s]
Epoch 9/50 [Val]:  74%|███████▍  | 84/113 [00:09<00:03,  8.60it/s]
Epoch 9/50 [Val]:  75%|███████▌  | 85/113 [00:10<00:03,  8.54it/s]
Epoch 9/50 [Val]:  77%|███████▋  | 87/113 [00:10<00:02,  8.82it/s]
Epoch 9/50 [Val]:  78%|███████▊  | 88/113 [00:10<00:03,  8.13it/s]
Epoch 9/50 [Val]:  79%|███████▉  | 89/113 [00:10<00:02,  8.03it/s]
Epoch 9/50 [Val]:  80%|███████▉  | 90/113 [00:10<00:02,  8.14it/s]
Epoch 9/50 [Val]:  81%|████████  | 91/113 [00:10<00:02,  8.39it/s]
Epoch 9/50 [Val]:  81%|████████▏ | 92/113 [00:10<00:02,  8.35it/s]
Epoch 9/50 [Val]:  82%|████████▏ | 93/113 [00:10<00:02,  8.36it/s]
Epoch 9/50 [Val]:  83%|████████▎ | 94/113 [00:11<00:02,  8.31it/s]
Epoch 9/50 [Val]:  85%|████████▍ | 96/113 [00:11<00:01,  8.92it/s]
Epoch 9/50 [Val]:  87%|████████▋ | 98/113 [00:11<00:01,  9.65it/s]
Epoch 9/50 [Val]:  88%|████████▊ | 99/113 [00:11<00:01,  9.20it/s]
Epoch 9/50 [Val]:  88%|████████▊ | 100/113 [00:11<00:01,  8.38it/s]
Epoch 9/50 [Val]:  89%|████████▉ | 101/113 [00:11<00:01,  8.03it/s]
Epoch 9/50 [Val]:  90%|█████████ | 102/113 [00:12<00:01,  7.84it/s]
Epoch 9/50 [Val]:  91%|█████████ | 103/113 [00:12<00:01,  7.99it/s]
Epoch 9/50 [Val]:  92%|█████████▏| 104/113 [00:12<00:01,  8.00it/s]
Epoch 9/50 [Val]:  93%|█████████▎| 105/113 [00:12<00:00,  8.29it/s]
Epoch 9/50 [Val]:  94%|█████████▍| 106/113 [00:12<00:00,  8.29it/s]
Epoch 9/50 [Val]:  95%|█████████▍| 107/113 [00:12<00:00,  8.68it/s]
Epoch 9/50 [Val]:  96%|█████████▌| 108/113 [00:12<00:00,  8.65it/s]
Epoch 9/50 [Val]:  96%|█████████▋| 109/113 [00:12<00:00,  8.66it/s]
Epoch 9/50 [Val]:  97%|█████████▋| 110/113 [00:12<00:00,  8.46it/s]
Epoch 9/50 [Val]:  99%|█████████▉| 112/113 [00:13<00:00,  8.63it/s]
                                                                   

Epoch 10/50 [Train]:   0%|          | 0/459 [00:00<?, ?it/s]
Epoch 10/50 [Train]:   0%|          | 2/459 [00:00<00:38, 11.97it/s]
Epoch 10/50 [Train]:   1%|          | 4/459 [00:00<00:41, 10.91it/s]
Epoch 10/50 [Train]:   1%|▏         | 6/459 [00:00<00:42, 10.55it/s]
Epoch 10/50 [Train]:   2%|▏         | 8/459 [00:00<00:42, 10.49it/s]
Epoch 10/50 [Train]:   2%|▏         | 10/459 [00:00<00:42, 10.64it/s]
Epoch 10/50 [Train]:   3%|▎         | 12/459 [00:01<00:42, 10.61it/s]
Epoch 10/50 [Train]:   3%|▎         | 14/459 [00:01<00:44, 10.04it/s]
Epoch 10/50 [Train]:   3%|▎         | 16/459 [00:01<00:45,  9.78it/s]
Epoch 10/50 [Train]:   4%|▍         | 18/459 [00:01<00:43, 10.24it/s]
Epoch 10/50 [Train]:   4%|▍         | 20/459 [00:01<00:41, 10.57it/s]
Epoch 10/50 [Train]:   5%|▍         | 22/459 [00:02<00:42, 10.27it/s]
Epoch 10/50 [Train]:   5%|▌         | 24/459 [00:02<00:42, 10.35it/s]
Epoch 10/50 [Train]:   6%|▌         | 26/459 [00:02<00:39, 10.89it/s]
Epoch 10/50 [Train]:   6%|▌         | 28/459 [00:02<00:40, 10.75it/s]
Epoch 10/50 [Train]:   7%|▋         | 30/459 [00:02<00:40, 10.62it/s]
Epoch 10/50 [Train]:   7%|▋         | 32/459 [00:03<00:38, 11.24it/s]
Epoch 10/50 [Train]:   7%|▋         | 34/459 [00:03<00:39, 10.89it/s]
Epoch 10/50 [Train]:   8%|▊         | 36/459 [00:03<00:39, 10.61it/s]
Epoch 10/50 [Train]:   8%|▊         | 38/459 [00:03<00:40, 10.43it/s]
Epoch 10/50 [Train]:   9%|▊         | 40/459 [00:03<00:40, 10.47it/s]
Epoch 10/50 [Train]:   9%|▉         | 42/459 [00:03<00:39, 10.45it/s]
Epoch 10/50 [Train]:  10%|▉         | 44/459 [00:04<00:40, 10.36it/s]
Epoch 10/50 [Train]:  10%|█         | 46/459 [00:04<00:39, 10.39it/s]
Epoch 10/50 [Train]:  10%|█         | 48/459 [00:04<00:40, 10.27it/s]
Epoch 10/50 [Train]:  11%|█         | 50/459 [00:04<00:39, 10.31it/s]
Epoch 10/50 [Train]:  11%|█▏        | 52/459 [00:04<00:38, 10.57it/s]
Epoch 10/50 [Train]:  12%|█▏        | 54/459 [00:05<00:39, 10.33it/s]
Epoch 10/50 [Train]:  12%|█▏        | 56/459 [00:05<00:39, 10.22it/s]
Epoch 10/50 [Train]:  13%|█▎        | 58/459 [00:05<00:38, 10.55it/s]
Epoch 10/50 [Train]:  13%|█▎        | 60/459 [00:05<00:37, 10.59it/s]
Epoch 10/50 [Train]:  14%|█▎        | 62/459 [00:05<00:38, 10.31it/s]
Epoch 10/50 [Train]:  14%|█▍        | 64/459 [00:06<00:37, 10.52it/s]
Epoch 10/50 [Train]:  14%|█▍        | 66/459 [00:06<00:37, 10.60it/s]
Epoch 10/50 [Train]:  15%|█▍        | 68/459 [00:06<00:36, 10.64it/s]
Epoch 10/50 [Train]:  15%|█▌        | 70/459 [00:06<00:36, 10.59it/s]
Epoch 10/50 [Train]:  16%|█▌        | 72/459 [00:06<00:36, 10.52it/s]
Epoch 10/50 [Train]:  16%|█▌        | 74/459 [00:07<00:37, 10.39it/s]
Epoch 10/50 [Train]:  17%|█▋        | 76/459 [00:07<00:37, 10.35it/s]
Epoch 10/50 [Train]:  17%|█▋        | 78/459 [00:07<00:36, 10.58it/s]
Epoch 10/50 [Train]:  17%|█▋        | 80/459 [00:07<00:35, 10.71it/s]
Epoch 10/50 [Train]:  18%|█▊        | 82/459 [00:07<00:35, 10.66it/s]
Epoch 10/50 [Train]:  18%|█▊        | 84/459 [00:07<00:35, 10.65it/s]
Epoch 10/50 [Train]:  19%|█▊        | 86/459 [00:08<00:34, 10.95it/s]
Epoch 10/50 [Train]:  19%|█▉        | 88/459 [00:08<00:34, 10.75it/s]
Epoch 10/50 [Train]:  20%|█▉        | 90/459 [00:08<00:34, 10.81it/s]
Epoch 10/50 [Train]:  20%|██        | 92/459 [00:08<00:34, 10.61it/s]
Epoch 10/50 [Train]:  20%|██        | 94/459 [00:08<00:34, 10.59it/s]
Epoch 10/50 [Train]:  21%|██        | 96/459 [00:09<00:34, 10.49it/s]
Epoch 10/50 [Train]:  21%|██▏       | 98/459 [00:09<00:34, 10.44it/s]
Epoch 10/50 [Train]:  22%|██▏       | 100/459 [00:09<00:34, 10.45it/s]
Epoch 10/50 [Train]:  22%|██▏       | 102/459 [00:09<00:34, 10.35it/s]
Epoch 10/50 [Train]:  23%|██▎       | 104/459 [00:09<00:33, 10.72it/s]
Epoch 10/50 [Train]:  23%|██▎       | 106/459 [00:10<00:33, 10.46it/s]
Epoch 10/50 [Train]:  24%|██▎       | 108/459 [00:10<00:33, 10.44it/s]
Epoch 10/50 [Train]:  24%|██▍       | 110/459 [00:10<00:32, 10.59it/s]
Epoch 10/50 [Train]:  24%|██▍       | 112/459 [00:10<00:32, 10.57it/s]
Epoch 10/50 [Train]:  25%|██▍       | 114/459 [00:10<00:32, 10.51it/s]
Epoch 10/50 [Train]:  25%|██▌       | 116/459 [00:10<00:31, 10.86it/s]
Epoch 10/50 [Train]:  26%|██▌       | 118/459 [00:11<00:32, 10.57it/s]
Epoch 10/50 [Train]:  26%|██▌       | 120/459 [00:11<00:32, 10.55it/s]
Epoch 10/50 [Train]:  27%|██▋       | 122/459 [00:11<00:31, 10.55it/s]
Epoch 10/50 [Train]:  27%|██▋       | 124/459 [00:11<00:31, 10.56it/s]
Epoch 10/50 [Train]:  27%|██▋       | 126/459 [00:11<00:31, 10.48it/s]
Epoch 10/50 [Train]:  28%|██▊       | 128/459 [00:12<00:31, 10.46it/s]
Epoch 10/50 [Train]:  28%|██▊       | 130/459 [00:12<00:32,  9.97it/s]
Epoch 10/50 [Train]:  29%|██▉       | 132/459 [00:12<00:32, 10.11it/s]
Epoch 10/50 [Train]:  29%|██▉       | 134/459 [00:12<00:32, 10.07it/s]
Epoch 10/50 [Train]:  30%|██▉       | 136/459 [00:12<00:29, 10.81it/s]
Epoch 10/50 [Train]:  30%|███       | 138/459 [00:13<00:31, 10.35it/s]
Epoch 10/50 [Train]:  31%|███       | 140/459 [00:13<00:31, 10.19it/s]
Epoch 10/50 [Train]:  31%|███       | 142/459 [00:13<00:30, 10.38it/s]
Epoch 10/50 [Train]:  31%|███▏      | 144/459 [00:13<00:29, 10.60it/s]
Epoch 10/50 [Train]:  32%|███▏      | 146/459 [00:13<00:28, 10.97it/s]
Epoch 10/50 [Train]:  32%|███▏      | 148/459 [00:14<00:28, 10.84it/s]
Epoch 10/50 [Train]:  33%|███▎      | 150/459 [00:14<00:27, 11.32it/s]
Epoch 10/50 [Train]:  33%|███▎      | 152/459 [00:14<00:28, 10.86it/s]
Epoch 10/50 [Train]:  34%|███▎      | 154/459 [00:14<00:28, 10.63it/s]
Epoch 10/50 [Train]:  34%|███▍      | 156/459 [00:14<00:28, 10.49it/s]
Epoch 10/50 [Train]:  34%|███▍      | 158/459 [00:15<00:28, 10.56it/s]
Epoch 10/50 [Train]:  35%|███▍      | 160/459 [00:15<00:28, 10.59it/s]
Epoch 10/50 [Train]:  35%|███▌      | 162/459 [00:15<00:28, 10.44it/s]
Epoch 10/50 [Train]:  36%|███▌      | 164/459 [00:15<00:28, 10.27it/s]
Epoch 10/50 [Train]:  36%|███▌      | 166/459 [00:15<00:28, 10.32it/s]
Epoch 10/50 [Train]:  37%|███▋      | 168/459 [00:15<00:26, 10.88it/s]
Epoch 10/50 [Train]:  37%|███▋      | 170/459 [00:16<00:27, 10.37it/s]
Epoch 10/50 [Train]:  37%|███▋      | 172/459 [00:16<00:26, 10.77it/s]
Epoch 10/50 [Train]:  38%|███▊      | 174/459 [00:16<00:25, 11.34it/s]
Epoch 10/50 [Train]:  38%|███▊      | 176/459 [00:16<00:25, 10.98it/s]
Epoch 10/50 [Train]:  39%|███▉      | 178/459 [00:16<00:26, 10.54it/s]
Epoch 10/50 [Train]:  39%|███▉      | 180/459 [00:17<00:27, 10.03it/s]
Epoch 10/50 [Train]:  40%|███▉      | 182/459 [00:17<00:26, 10.43it/s]
Epoch 10/50 [Train]:  40%|████      | 184/459 [00:17<00:26, 10.47it/s]
Epoch 10/50 [Train]:  41%|████      | 186/459 [00:17<00:24, 11.04it/s]
Epoch 10/50 [Train]:  41%|████      | 188/459 [00:17<00:24, 10.90it/s]
Epoch 10/50 [Train]:  41%|████▏     | 190/459 [00:18<00:25, 10.58it/s]
Epoch 10/50 [Train]:  42%|████▏     | 192/459 [00:18<00:25, 10.35it/s]
Epoch 10/50 [Train]:  42%|████▏     | 194/459 [00:18<00:23, 11.24it/s]
Epoch 10/50 [Train]:  43%|████▎     | 196/459 [00:18<00:23, 11.13it/s]
Epoch 10/50 [Train]:  43%|████▎     | 198/459 [00:18<00:23, 10.89it/s]
Epoch 10/50 [Train]:  44%|████▎     | 200/459 [00:18<00:22, 11.49it/s]
Epoch 10/50 [Train]:  44%|████▍     | 202/459 [00:19<00:20, 12.55it/s]
Epoch 10/50 [Train]:  44%|████▍     | 204/459 [00:19<00:21, 11.65it/s]
Epoch 10/50 [Train]:  45%|████▍     | 206/459 [00:19<00:22, 11.24it/s]
Epoch 10/50 [Train]:  45%|████▌     | 208/459 [00:19<00:23, 10.90it/s]
Epoch 10/50 [Train]:  46%|████▌     | 210/459 [00:19<00:22, 10.93it/s]
Epoch 10/50 [Train]:  46%|████▌     | 212/459 [00:19<00:21, 11.52it/s]
Epoch 10/50 [Train]:  47%|████▋     | 214/459 [00:20<00:21, 11.15it/s]
Epoch 10/50 [Train]:  47%|████▋     | 216/459 [00:20<00:22, 10.89it/s]
Epoch 10/50 [Train]:  47%|████▋     | 218/459 [00:20<00:23, 10.40it/s]
Epoch 10/50 [Train]:  48%|████▊     | 220/459 [00:20<00:20, 11.68it/s]
Epoch 10/50 [Train]:  48%|████▊     | 222/459 [00:20<00:19, 12.01it/s]
Epoch 10/50 [Train]:  49%|████▉     | 224/459 [00:20<00:19, 12.14it/s]
Epoch 10/50 [Train]:  49%|████▉     | 226/459 [00:21<00:19, 11.66it/s]
Epoch 10/50 [Train]:  50%|████▉     | 228/459 [00:21<00:19, 12.06it/s]
Epoch 10/50 [Train]:  50%|█████     | 230/459 [00:21<00:19, 11.50it/s]
Epoch 10/50 [Train]:  51%|█████     | 232/459 [00:21<00:20, 10.85it/s]
Epoch 10/50 [Train]:  51%|█████     | 234/459 [00:21<00:20, 10.77it/s]
Epoch 10/50 [Train]:  51%|█████▏    | 236/459 [00:22<00:21, 10.54it/s]
Epoch 10/50 [Train]:  52%|█████▏    | 238/459 [00:22<00:20, 10.53it/s]
Epoch 10/50 [Train]:  52%|█████▏    | 240/459 [00:22<00:20, 10.51it/s]
Epoch 10/50 [Train]:  53%|█████▎    | 242/459 [00:22<00:20, 10.53it/s]
Epoch 10/50 [Train]:  53%|█████▎    | 244/459 [00:22<00:20, 10.45it/s]
Epoch 10/50 [Train]:  54%|█████▎    | 246/459 [00:23<00:20, 10.29it/s]
Epoch 10/50 [Train]:  54%|█████▍    | 248/459 [00:23<00:21,  9.93it/s]
Epoch 10/50 [Train]:  54%|█████▍    | 250/459 [00:23<00:20, 10.29it/s]
Epoch 10/50 [Train]:  55%|█████▍    | 252/459 [00:23<00:19, 10.42it/s]
Epoch 10/50 [Train]:  55%|█████▌    | 254/459 [00:23<00:18, 11.12it/s]
Epoch 10/50 [Train]:  56%|█████▌    | 256/459 [00:23<00:18, 10.88it/s]
Epoch 10/50 [Train]:  56%|█████▌    | 258/459 [00:24<00:19, 10.53it/s]
Epoch 10/50 [Train]:  57%|█████▋    | 260/459 [00:24<00:18, 10.64it/s]
Epoch 10/50 [Train]:  57%|█████▋    | 262/459 [00:24<00:18, 10.93it/s]
Epoch 10/50 [Train]:  58%|█████▊    | 264/459 [00:24<00:17, 10.89it/s]
Epoch 10/50 [Train]:  58%|█████▊    | 266/459 [00:24<00:17, 11.01it/s]
Epoch 10/50 [Train]:  58%|█████▊    | 268/459 [00:25<00:17, 10.88it/s]
Epoch 10/50 [Train]:  59%|█████▉    | 270/459 [00:25<00:17, 10.73it/s]
Epoch 10/50 [Train]:  59%|█████▉    | 272/459 [00:25<00:18, 10.30it/s]
Epoch 10/50 [Train]:  60%|█████▉    | 274/459 [00:25<00:17, 10.64it/s]
Epoch 10/50 [Train]:  60%|██████    | 276/459 [00:25<00:16, 10.84it/s]
Epoch 10/50 [Train]:  61%|██████    | 278/459 [00:26<00:16, 10.65it/s]
Epoch 10/50 [Train]:  61%|██████    | 280/459 [00:26<00:17, 10.39it/s]
Epoch 10/50 [Train]:  61%|██████▏   | 282/459 [00:26<00:16, 10.55it/s]
Epoch 10/50 [Train]:  62%|██████▏   | 284/459 [00:26<00:16, 10.44it/s]
Epoch 10/50 [Train]:  62%|██████▏   | 286/459 [00:26<00:16, 10.36it/s]
Epoch 10/50 [Train]:  63%|██████▎   | 288/459 [00:27<00:16, 10.58it/s]
Epoch 10/50 [Train]:  63%|██████▎   | 290/459 [00:27<00:15, 11.19it/s]
Epoch 10/50 [Train]:  64%|██████▎   | 292/459 [00:27<00:15, 11.11it/s]
Epoch 10/50 [Train]:  64%|██████▍   | 294/459 [00:27<00:14, 11.24it/s]
Epoch 10/50 [Train]:  64%|██████▍   | 296/459 [00:27<00:15, 10.65it/s]
Epoch 10/50 [Train]:  65%|██████▍   | 298/459 [00:27<00:15, 10.62it/s]
Epoch 10/50 [Train]:  65%|██████▌   | 300/459 [00:28<00:14, 10.73it/s]
Epoch 10/50 [Train]:  66%|██████▌   | 302/459 [00:28<00:14, 11.21it/s]
Epoch 10/50 [Train]:  66%|██████▌   | 304/459 [00:28<00:13, 11.40it/s]
Epoch 10/50 [Train]:  67%|██████▋   | 306/459 [00:28<00:13, 11.27it/s]
Epoch 10/50 [Train]:  67%|██████▋   | 308/459 [00:28<00:13, 10.95it/s]
Epoch 10/50 [Train]:  68%|██████▊   | 310/459 [00:28<00:13, 11.16it/s]
Epoch 10/50 [Train]:  68%|██████▊   | 312/459 [00:29<00:13, 10.66it/s]
Epoch 10/50 [Train]:  68%|██████▊   | 314/459 [00:29<00:12, 11.22it/s]
Epoch 10/50 [Train]:  69%|██████▉   | 316/459 [00:29<00:13, 11.00it/s]
Epoch 10/50 [Train]:  69%|██████▉   | 318/459 [00:29<00:13, 10.75it/s]
Epoch 10/50 [Train]:  70%|██████▉   | 320/459 [00:29<00:12, 11.37it/s]
Epoch 10/50 [Train]:  70%|███████   | 322/459 [00:30<00:11, 11.74it/s]
Epoch 10/50 [Train]:  71%|███████   | 324/459 [00:30<00:12, 11.21it/s]
Epoch 10/50 [Train]:  71%|███████   | 326/459 [00:30<00:12, 11.03it/s]
Epoch 10/50 [Train]:  71%|███████▏  | 328/459 [00:30<00:12, 10.77it/s]
Epoch 10/50 [Train]:  72%|███████▏  | 330/459 [00:30<00:12, 10.64it/s]
Epoch 10/50 [Train]:  72%|███████▏  | 332/459 [00:31<00:11, 10.63it/s]
Epoch 10/50 [Train]:  73%|███████▎  | 334/459 [00:31<00:11, 10.63it/s]
Epoch 10/50 [Train]:  73%|███████▎  | 336/459 [00:31<00:11, 10.49it/s]
Epoch 10/50 [Train]:  74%|███████▎  | 338/459 [00:31<00:11, 10.38it/s]
Epoch 10/50 [Train]:  74%|███████▍  | 340/459 [00:31<00:11, 10.31it/s]
Epoch 10/50 [Train]:  75%|███████▍  | 342/459 [00:31<00:10, 11.07it/s]
Epoch 10/50 [Train]:  75%|███████▍  | 344/459 [00:32<00:10, 10.81it/s]
Epoch 10/50 [Train]:  75%|███████▌  | 346/459 [00:32<00:10, 10.83it/s]
Epoch 10/50 [Train]:  76%|███████▌  | 348/459 [00:32<00:10, 11.09it/s]
Epoch 10/50 [Train]:  76%|███████▋  | 350/459 [00:32<00:10, 10.89it/s]
Epoch 10/50 [Train]:  77%|███████▋  | 352/459 [00:32<00:10, 10.52it/s]
Epoch 10/50 [Train]:  77%|███████▋  | 354/459 [00:33<00:09, 11.18it/s]
Epoch 10/50 [Train]:  78%|███████▊  | 356/459 [00:33<00:09, 11.21it/s]
Epoch 10/50 [Train]:  78%|███████▊  | 358/459 [00:33<00:08, 11.27it/s]
Epoch 10/50 [Train]:  78%|███████▊  | 360/459 [00:33<00:08, 11.73it/s]
Epoch 10/50 [Train]:  79%|███████▉  | 362/459 [00:33<00:08, 11.19it/s]
Epoch 10/50 [Train]:  79%|███████▉  | 364/459 [00:33<00:08, 10.88it/s]
Epoch 10/50 [Train]:  80%|███████▉  | 366/459 [00:34<00:08, 10.54it/s]
Epoch 10/50 [Train]:  80%|████████  | 368/459 [00:34<00:08, 10.30it/s]
Epoch 10/50 [Train]:  81%|████████  | 370/459 [00:34<00:08, 10.57it/s]
Epoch 10/50 [Train]:  81%|████████  | 372/459 [00:34<00:08, 10.70it/s]
Epoch 10/50 [Train]:  81%|████████▏ | 374/459 [00:34<00:07, 10.67it/s]
Epoch 10/50 [Train]:  82%|████████▏ | 376/459 [00:35<00:08, 10.34it/s]
Epoch 10/50 [Train]:  82%|████████▏ | 378/459 [00:35<00:07, 10.36it/s]
Epoch 10/50 [Train]:  83%|████████▎ | 380/459 [00:35<00:07, 10.70it/s]
Epoch 10/50 [Train]:  83%|████████▎ | 382/459 [00:35<00:07, 10.41it/s]
Epoch 10/50 [Train]:  84%|████████▎ | 384/459 [00:35<00:07, 10.42it/s]
Epoch 10/50 [Train]:  84%|████████▍ | 386/459 [00:36<00:07, 10.38it/s]
Epoch 10/50 [Train]:  85%|████████▍ | 388/459 [00:36<00:06, 10.44it/s]
Epoch 10/50 [Train]:  85%|████████▍ | 390/459 [00:36<00:06, 10.36it/s]
Epoch 10/50 [Train]:  85%|████████▌ | 392/459 [00:36<00:06, 10.26it/s]
Epoch 10/50 [Train]:  86%|████████▌ | 394/459 [00:36<00:06, 10.13it/s]
Epoch 10/50 [Train]:  86%|████████▋ | 396/459 [00:37<00:06, 10.29it/s]
Epoch 10/50 [Train]:  87%|████████▋ | 398/459 [00:37<00:05, 10.49it/s]
Epoch 10/50 [Train]:  87%|████████▋ | 400/459 [00:37<00:05, 10.57it/s]
Epoch 10/50 [Train]:  88%|████████▊ | 402/459 [00:37<00:05, 10.53it/s]
Epoch 10/50 [Train]:  88%|████████▊ | 404/459 [00:37<00:05, 10.30it/s]
Epoch 10/50 [Train]:  88%|████████▊ | 406/459 [00:37<00:05, 10.13it/s]
Epoch 10/50 [Train]:  89%|████████▉ | 408/459 [00:38<00:05,  9.97it/s]
Epoch 10/50 [Train]:  89%|████████▉ | 410/459 [00:38<00:04, 10.30it/s]
Epoch 10/50 [Train]:  90%|████████▉ | 412/459 [00:38<00:04, 10.92it/s]
Epoch 10/50 [Train]:  90%|█████████ | 414/459 [00:38<00:04, 10.77it/s]
Epoch 10/50 [Train]:  91%|█████████ | 416/459 [00:38<00:04, 10.49it/s]
Epoch 10/50 [Train]:  91%|█████████ | 418/459 [00:39<00:03, 10.41it/s]
Epoch 10/50 [Train]:  92%|█████████▏| 420/459 [00:39<00:03, 10.38it/s]
Epoch 10/50 [Train]:  92%|█████████▏| 422/459 [00:39<00:03, 10.82it/s]
Epoch 10/50 [Train]:  92%|█████████▏| 424/459 [00:39<00:03, 10.69it/s]
Epoch 10/50 [Train]:  93%|█████████▎| 426/459 [00:39<00:02, 11.22it/s]
Epoch 10/50 [Train]:  93%|█████████▎| 428/459 [00:40<00:02, 10.96it/s]
Epoch 10/50 [Train]:  94%|█████████▎| 430/459 [00:40<00:02, 10.85it/s]
Epoch 10/50 [Train]:  94%|█████████▍| 432/459 [00:40<00:02, 10.79it/s]
Epoch 10/50 [Train]:  95%|█████████▍| 434/459 [00:40<00:02, 10.56it/s]
Epoch 10/50 [Train]:  95%|█████████▍| 436/459 [00:40<00:02, 10.60it/s]
Epoch 10/50 [Train]:  95%|█████████▌| 438/459 [00:40<00:01, 10.54it/s]
Epoch 10/50 [Train]:  96%|█████████▌| 440/459 [00:41<00:01, 10.40it/s]
Epoch 10/50 [Train]:  96%|█████████▋| 442/459 [00:41<00:01, 10.30it/s]
Epoch 10/50 [Train]:  97%|█████████▋| 444/459 [00:41<00:01, 10.47it/s]
Epoch 10/50 [Train]:  97%|█████████▋| 446/459 [00:41<00:01, 10.82it/s]
Epoch 10/50 [Train]:  98%|█████████▊| 448/459 [00:41<00:00, 11.38it/s]
Epoch 10/50 [Train]:  98%|█████████▊| 450/459 [00:42<00:00, 11.77it/s]
Epoch 10/50 [Train]:  98%|█████████▊| 452/459 [00:42<00:00, 11.52it/s]
Epoch 10/50 [Train]:  99%|█████████▉| 454/459 [00:42<00:00, 11.92it/s]
Epoch 10/50 [Train]:  99%|█████████▉| 456/459 [00:42<00:00, 11.24it/s]
Epoch 10/50 [Train]: 100%|█████████▉| 458/459 [00:42<00:00, 11.02it/s]
                                                                      

Epoch 10/50 [Val]:   0%|          | 0/113 [00:00<?, ?it/s]
Epoch 10/50 [Val]:   1%|          | 1/113 [00:00<00:11,  9.98it/s]
Epoch 10/50 [Val]:   2%|▏         | 2/113 [00:00<00:13,  8.07it/s]
Epoch 10/50 [Val]:   4%|▎         | 4/113 [00:00<00:11,  9.10it/s]
Epoch 10/50 [Val]:   4%|▍         | 5/113 [00:00<00:12,  8.85it/s]
Epoch 10/50 [Val]:   5%|▌         | 6/113 [00:00<00:12,  8.39it/s]
Epoch 10/50 [Val]:   6%|▌         | 7/113 [00:00<00:12,  8.58it/s]
Epoch 10/50 [Val]:   7%|▋         | 8/113 [00:00<00:12,  8.24it/s]
Epoch 10/50 [Val]:   9%|▉         | 10/113 [00:01<00:09, 10.87it/s]
Epoch 10/50 [Val]:  11%|█         | 12/113 [00:01<00:10,  9.52it/s]
Epoch 10/50 [Val]:  12%|█▏        | 14/113 [00:01<00:11,  8.96it/s]
Epoch 10/50 [Val]:  13%|█▎        | 15/113 [00:01<00:11,  8.39it/s]
Epoch 10/50 [Val]:  14%|█▍        | 16/113 [00:01<00:11,  8.14it/s]
Epoch 10/50 [Val]:  16%|█▌        | 18/113 [00:02<00:10,  9.07it/s]
Epoch 10/50 [Val]:  17%|█▋        | 19/113 [00:02<00:11,  8.42it/s]
Epoch 10/50 [Val]:  19%|█▊        | 21/113 [00:02<00:09,  9.66it/s]
Epoch 10/50 [Val]:  19%|█▉        | 22/113 [00:02<00:09,  9.11it/s]
Epoch 10/50 [Val]:  20%|██        | 23/113 [00:02<00:10,  8.54it/s]
Epoch 10/50 [Val]:  21%|██        | 24/113 [00:02<00:11,  7.89it/s]
Epoch 10/50 [Val]:  22%|██▏       | 25/113 [00:02<00:11,  7.89it/s]
Epoch 10/50 [Val]:  23%|██▎       | 26/113 [00:02<00:10,  8.12it/s]
Epoch 10/50 [Val]:  24%|██▍       | 27/113 [00:03<00:10,  8.23it/s]
Epoch 10/50 [Val]:  25%|██▍       | 28/113 [00:03<00:10,  7.98it/s]
Epoch 10/50 [Val]:  26%|██▌       | 29/113 [00:03<00:10,  7.93it/s]
Epoch 10/50 [Val]:  27%|██▋       | 30/113 [00:03<00:10,  7.99it/s]
Epoch 10/50 [Val]:  28%|██▊       | 32/113 [00:03<00:09,  8.61it/s]
Epoch 10/50 [Val]:  29%|██▉       | 33/113 [00:03<00:09,  8.40it/s]
Epoch 10/50 [Val]:  31%|███       | 35/113 [00:04<00:08,  8.83it/s]
Epoch 10/50 [Val]:  33%|███▎      | 37/113 [00:04<00:08,  9.14it/s]
Epoch 10/50 [Val]:  34%|███▎      | 38/113 [00:04<00:08,  8.92it/s]
Epoch 10/50 [Val]:  35%|███▍      | 39/113 [00:04<00:08,  9.06it/s]
Epoch 10/50 [Val]:  35%|███▌      | 40/113 [00:04<00:08,  8.71it/s]
Epoch 10/50 [Val]:  36%|███▋      | 41/113 [00:04<00:08,  8.35it/s]
Epoch 10/50 [Val]:  37%|███▋      | 42/113 [00:04<00:08,  8.19it/s]
Epoch 10/50 [Val]:  39%|███▉      | 44/113 [00:04<00:06, 10.37it/s]
Epoch 10/50 [Val]:  41%|████      | 46/113 [00:05<00:05, 11.27it/s]
Epoch 10/50 [Val]:  42%|████▏     | 48/113 [00:05<00:06,  9.76it/s]
Epoch 10/50 [Val]:  44%|████▍     | 50/113 [00:05<00:07,  8.78it/s]
Epoch 10/50 [Val]:  45%|████▌     | 51/113 [00:05<00:07,  8.62it/s]
Epoch 10/50 [Val]:  46%|████▌     | 52/113 [00:05<00:07,  8.53it/s]
Epoch 10/50 [Val]:  47%|████▋     | 53/113 [00:06<00:07,  8.44it/s]
Epoch 10/50 [Val]:  48%|████▊     | 54/113 [00:06<00:07,  8.37it/s]
Epoch 10/50 [Val]:  49%|████▊     | 55/113 [00:06<00:06,  8.33it/s]
Epoch 10/50 [Val]:  50%|█████     | 57/113 [00:06<00:06,  8.99it/s]
Epoch 10/50 [Val]:  51%|█████▏    | 58/113 [00:06<00:06,  8.52it/s]
Epoch 10/50 [Val]:  52%|█████▏    | 59/113 [00:06<00:06,  8.47it/s]
Epoch 10/50 [Val]:  53%|█████▎    | 60/113 [00:06<00:06,  8.37it/s]
Epoch 10/50 [Val]:  54%|█████▍    | 61/113 [00:06<00:06,  8.20it/s]
Epoch 10/50 [Val]:  55%|█████▍    | 62/113 [00:07<00:06,  8.06it/s]
Epoch 10/50 [Val]:  56%|█████▌    | 63/113 [00:07<00:06,  7.80it/s]
Epoch 10/50 [Val]:  57%|█████▋    | 64/113 [00:07<00:06,  7.88it/s]
Epoch 10/50 [Val]:  58%|█████▊    | 65/113 [00:07<00:06,  7.77it/s]
Epoch 10/50 [Val]:  58%|█████▊    | 66/113 [00:07<00:06,  7.60it/s]
Epoch 10/50 [Val]:  59%|█████▉    | 67/113 [00:07<00:06,  7.67it/s]
Epoch 10/50 [Val]:  60%|██████    | 68/113 [00:07<00:05,  7.80it/s]
Epoch 10/50 [Val]:  61%|██████    | 69/113 [00:08<00:05,  7.92it/s]
Epoch 10/50 [Val]:  62%|██████▏   | 70/113 [00:08<00:05,  8.01it/s]
Epoch 10/50 [Val]:  63%|██████▎   | 71/113 [00:08<00:05,  7.91it/s]
Epoch 10/50 [Val]:  64%|██████▎   | 72/113 [00:08<00:05,  8.12it/s]
Epoch 10/50 [Val]:  65%|██████▍   | 73/113 [00:08<00:04,  8.20it/s]
Epoch 10/50 [Val]:  65%|██████▌   | 74/113 [00:08<00:04,  8.26it/s]
Epoch 10/50 [Val]:  66%|██████▋   | 75/113 [00:08<00:04,  8.22it/s]
Epoch 10/50 [Val]:  67%|██████▋   | 76/113 [00:08<00:04,  8.35it/s]
Epoch 10/50 [Val]:  68%|██████▊   | 77/113 [00:08<00:04,  8.35it/s]
Epoch 10/50 [Val]:  69%|██████▉   | 78/113 [00:09<00:04,  8.34it/s]
Epoch 10/50 [Val]:  70%|██████▉   | 79/113 [00:09<00:04,  8.22it/s]
Epoch 10/50 [Val]:  71%|███████   | 80/113 [00:09<00:04,  8.19it/s]
Epoch 10/50 [Val]:  72%|███████▏  | 81/113 [00:09<00:04,  7.49it/s]
Epoch 10/50 [Val]:  73%|███████▎  | 82/113 [00:09<00:04,  7.12it/s]
Epoch 10/50 [Val]:  73%|███████▎  | 83/113 [00:09<00:04,  6.94it/s]
Epoch 10/50 [Val]:  74%|███████▍  | 84/113 [00:09<00:03,  7.47it/s]
Epoch 10/50 [Val]:  75%|███████▌  | 85/113 [00:10<00:03,  7.59it/s]
Epoch 10/50 [Val]:  77%|███████▋  | 87/113 [00:10<00:02,  9.12it/s]
Epoch 10/50 [Val]:  78%|███████▊  | 88/113 [00:10<00:02,  8.97it/s]
Epoch 10/50 [Val]:  79%|███████▉  | 89/113 [00:10<00:02,  8.97it/s]
Epoch 10/50 [Val]:  80%|███████▉  | 90/113 [00:10<00:02,  8.69it/s]
Epoch 10/50 [Val]:  81%|████████  | 91/113 [00:10<00:02,  8.35it/s]
Epoch 10/50 [Val]:  81%|████████▏ | 92/113 [00:10<00:02,  8.20it/s]
Epoch 10/50 [Val]:  82%|████████▏ | 93/113 [00:10<00:02,  8.26it/s]
Epoch 10/50 [Val]:  83%|████████▎ | 94/113 [00:11<00:02,  8.27it/s]
Epoch 10/50 [Val]:  84%|████████▍ | 95/113 [00:11<00:02,  8.13it/s]
Epoch 10/50 [Val]:  85%|████████▍ | 96/113 [00:11<00:02,  8.20it/s]
Epoch 10/50 [Val]:  87%|████████▋ | 98/113 [00:11<00:01,  9.37it/s]
Epoch 10/50 [Val]:  88%|████████▊ | 99/113 [00:11<00:01,  8.96it/s]
Epoch 10/50 [Val]:  88%|████████▊ | 100/113 [00:11<00:01,  8.46it/s]
Epoch 10/50 [Val]:  89%|████████▉ | 101/113 [00:11<00:01,  8.18it/s]
Epoch 10/50 [Val]:  90%|█████████ | 102/113 [00:12<00:01,  8.43it/s]
Epoch 10/50 [Val]:  91%|█████████ | 103/113 [00:12<00:01,  8.62it/s]
Epoch 10/50 [Val]:  92%|█████████▏| 104/113 [00:12<00:01,  8.63it/s]
Epoch 10/50 [Val]:  93%|█████████▎| 105/113 [00:12<00:00,  8.91it/s]
Epoch 10/50 [Val]:  94%|█████████▍| 106/113 [00:12<00:00,  8.75it/s]
Epoch 10/50 [Val]:  95%|█████████▍| 107/113 [00:12<00:00,  8.06it/s]
Epoch 10/50 [Val]:  96%|█████████▌| 108/113 [00:12<00:00,  8.06it/s]
Epoch 10/50 [Val]:  96%|█████████▋| 109/113 [00:12<00:00,  8.28it/s]
Epoch 10/50 [Val]:  97%|█████████▋| 110/113 [00:12<00:00,  8.29it/s]
Epoch 10/50 [Val]:  98%|█████████▊| 111/113 [00:13<00:00,  8.20it/s]
Epoch 10/50 [Val]:  99%|█████████▉| 112/113 [00:13<00:00,  8.14it/s]
                                                                    

Epoch 11/50 [Train]:   0%|          | 0/459 [00:00<?, ?it/s]
Epoch 11/50 [Train]:   0%|          | 2/459 [00:00<00:36, 12.39it/s]
Epoch 11/50 [Train]:   1%|          | 4/459 [00:00<00:39, 11.58it/s]
Epoch 11/50 [Train]:   1%|▏         | 6/459 [00:00<00:37, 11.99it/s]
Epoch 11/50 [Train]:   2%|▏         | 8/459 [00:00<00:39, 11.46it/s]
Epoch 11/50 [Train]:   2%|▏         | 10/459 [00:00<00:40, 11.16it/s]
Epoch 11/50 [Train]:   3%|▎         | 12/459 [00:01<00:40, 11.10it/s]
Epoch 11/50 [Train]:   3%|▎         | 14/459 [00:01<00:40, 10.98it/s]
Epoch 11/50 [Train]:   3%|▎         | 16/459 [00:01<00:41, 10.71it/s]
Epoch 11/50 [Train]:   4%|▍         | 18/459 [00:01<00:41, 10.52it/s]
Epoch 11/50 [Train]:   4%|▍         | 20/459 [00:01<00:42, 10.44it/s]
Epoch 11/50 [Train]:   5%|▍         | 22/459 [00:01<00:39, 11.06it/s]
Epoch 11/50 [Train]:   5%|▌         | 24/459 [00:02<00:39, 11.15it/s]
Epoch 11/50 [Train]:   6%|▌         | 26/459 [00:02<00:39, 10.87it/s]
Epoch 11/50 [Train]:   6%|▌         | 28/459 [00:02<00:39, 10.86it/s]
Epoch 11/50 [Train]:   7%|▋         | 30/459 [00:02<00:37, 11.41it/s]
Epoch 11/50 [Train]:   7%|▋         | 32/459 [00:02<00:38, 11.17it/s]
Epoch 11/50 [Train]:   7%|▋         | 34/459 [00:03<00:37, 11.26it/s]
Epoch 11/50 [Train]:   8%|▊         | 36/459 [00:03<00:36, 11.61it/s]
Epoch 11/50 [Train]:   8%|▊         | 38/459 [00:03<00:36, 11.41it/s]
Epoch 11/50 [Train]:   9%|▊         | 40/459 [00:03<00:38, 10.85it/s]
Epoch 11/50 [Train]:   9%|▉         | 42/459 [00:03<00:37, 10.98it/s]
Epoch 11/50 [Train]:  10%|▉         | 44/459 [00:03<00:38, 10.75it/s]
Epoch 11/50 [Train]:  10%|█         | 46/459 [00:04<00:38, 10.69it/s]
Epoch 11/50 [Train]:  10%|█         | 48/459 [00:04<00:38, 10.74it/s]
Epoch 11/50 [Train]:  11%|█         | 50/459 [00:04<00:38, 10.73it/s]
Epoch 11/50 [Train]:  11%|█▏        | 52/459 [00:04<00:38, 10.70it/s]
Epoch 11/50 [Train]:  12%|█▏        | 54/459 [00:04<00:38, 10.50it/s]
Epoch 11/50 [Train]:  12%|█▏        | 56/459 [00:05<00:38, 10.43it/s]
Epoch 11/50 [Train]:  13%|█▎        | 58/459 [00:05<00:37, 10.63it/s]
Epoch 11/50 [Train]:  13%|█▎        | 60/459 [00:05<00:37, 10.66it/s]
Epoch 11/50 [Train]:  14%|█▎        | 62/459 [00:05<00:37, 10.59it/s]
Epoch 11/50 [Train]:  14%|█▍        | 64/459 [00:05<00:37, 10.58it/s]
Epoch 11/50 [Train]:  14%|█▍        | 66/459 [00:06<00:37, 10.48it/s]
Epoch 11/50 [Train]:  15%|█▍        | 68/459 [00:06<00:37, 10.51it/s]
Epoch 11/50 [Train]:  15%|█▌        | 70/459 [00:06<00:40,  9.72it/s]
Epoch 11/50 [Train]:  15%|█▌        | 71/459 [00:06<00:40,  9.61it/s]
Epoch 11/50 [Train]:  16%|█▌        | 73/459 [00:06<00:38,  9.93it/s]
Epoch 11/50 [Train]:  16%|█▋        | 75/459 [00:06<00:37, 10.22it/s]
Epoch 11/50 [Train]:  17%|█▋        | 77/459 [00:07<00:36, 10.33it/s]
Epoch 11/50 [Train]:  17%|█▋        | 79/459 [00:07<00:36, 10.33it/s]
Epoch 11/50 [Train]:  18%|█▊        | 81/459 [00:07<00:36, 10.37it/s]
Epoch 11/50 [Train]:  18%|█▊        | 83/459 [00:07<00:33, 11.30it/s]
Epoch 11/50 [Train]:  19%|█▊        | 85/459 [00:07<00:34, 10.85it/s]
Epoch 11/50 [Train]:  19%|█▉        | 87/459 [00:08<00:35, 10.61it/s]
Epoch 11/50 [Train]:  19%|█▉        | 89/459 [00:08<00:35, 10.49it/s]
Epoch 11/50 [Train]:  20%|█▉        | 91/459 [00:08<00:35, 10.28it/s]
Epoch 11/50 [Train]:  20%|██        | 93/459 [00:08<00:35, 10.35it/s]
Epoch 11/50 [Train]:  21%|██        | 95/459 [00:08<00:34, 10.42it/s]
Epoch 11/50 [Train]:  21%|██        | 97/459 [00:09<00:35, 10.25it/s]
Epoch 11/50 [Train]:  22%|██▏       | 99/459 [00:09<00:34, 10.32it/s]
Epoch 11/50 [Train]:  22%|██▏       | 101/459 [00:09<00:34, 10.42it/s]
Epoch 11/50 [Train]:  22%|██▏       | 103/459 [00:09<00:34, 10.34it/s]
Epoch 11/50 [Train]:  23%|██▎       | 105/459 [00:09<00:34, 10.36it/s]
Epoch 11/50 [Train]:  23%|██▎       | 107/459 [00:10<00:33, 10.39it/s]
Epoch 11/50 [Train]:  24%|██▎       | 109/459 [00:10<00:33, 10.55it/s]
Epoch 11/50 [Train]:  24%|██▍       | 111/459 [00:10<00:32, 10.86it/s]
Epoch 11/50 [Train]:  25%|██▍       | 113/459 [00:10<00:31, 10.91it/s]
Epoch 11/50 [Train]:  25%|██▌       | 115/459 [00:10<00:31, 10.87it/s]
Epoch 11/50 [Train]:  25%|██▌       | 117/459 [00:10<00:32, 10.64it/s]
Epoch 11/50 [Train]:  26%|██▌       | 119/459 [00:11<00:32, 10.40it/s]
Epoch 11/50 [Train]:  26%|██▋       | 121/459 [00:11<00:31, 10.69it/s]
Epoch 11/50 [Train]:  27%|██▋       | 123/459 [00:11<00:32, 10.28it/s]
Epoch 11/50 [Train]:  27%|██▋       | 125/459 [00:11<00:32, 10.16it/s]
Epoch 11/50 [Train]:  28%|██▊       | 127/459 [00:11<00:32, 10.16it/s]
Epoch 11/50 [Train]:  28%|██▊       | 129/459 [00:12<00:32, 10.04it/s]
Epoch 11/50 [Train]:  29%|██▊       | 131/459 [00:12<00:33,  9.80it/s]
Epoch 11/50 [Train]:  29%|██▉       | 133/459 [00:12<00:31, 10.26it/s]
Epoch 11/50 [Train]:  29%|██▉       | 135/459 [00:12<00:31, 10.24it/s]
Epoch 11/50 [Train]:  30%|██▉       | 137/459 [00:12<00:31, 10.19it/s]
Epoch 11/50 [Train]:  30%|███       | 139/459 [00:13<00:31, 10.10it/s]
Epoch 11/50 [Train]:  31%|███       | 141/459 [00:13<00:31, 10.12it/s]
Epoch 11/50 [Train]:  31%|███       | 143/459 [00:13<00:30, 10.21it/s]
Epoch 11/50 [Train]:  32%|███▏      | 145/459 [00:13<00:30, 10.30it/s]
Epoch 11/50 [Train]:  32%|███▏      | 147/459 [00:13<00:31,  9.81it/s]
Epoch 11/50 [Train]:  32%|███▏      | 149/459 [00:14<00:30, 10.01it/s]
Epoch 11/50 [Train]:  33%|███▎      | 151/459 [00:14<00:30, 10.10it/s]
Epoch 11/50 [Train]:  33%|███▎      | 153/459 [00:14<00:30,  9.91it/s]
Epoch 11/50 [Train]:  34%|███▍      | 155/459 [00:14<00:30, 10.03it/s]
Epoch 11/50 [Train]:  34%|███▍      | 157/459 [00:14<00:29, 10.25it/s]
Epoch 11/50 [Train]:  35%|███▍      | 159/459 [00:15<00:28, 10.35it/s]
Epoch 11/50 [Train]:  35%|███▌      | 161/459 [00:15<00:26, 11.26it/s]
Epoch 11/50 [Train]:  36%|███▌      | 163/459 [00:15<00:25, 11.40it/s]
Epoch 11/50 [Train]:  36%|███▌      | 165/459 [00:15<00:24, 11.93it/s]
Epoch 11/50 [Train]:  36%|███▋      | 167/459 [00:15<00:25, 11.27it/s]
Epoch 11/50 [Train]:  37%|███▋      | 169/459 [00:15<00:27, 10.66it/s]
Epoch 11/50 [Train]:  37%|███▋      | 171/459 [00:16<00:26, 10.92it/s]
Epoch 11/50 [Train]:  38%|███▊      | 173/459 [00:16<00:25, 11.37it/s]
Epoch 11/50 [Train]:  38%|███▊      | 175/459 [00:16<00:25, 11.04it/s]
Epoch 11/50 [Train]:  39%|███▊      | 177/459 [00:16<00:24, 11.41it/s]
Epoch 11/50 [Train]:  39%|███▉      | 179/459 [00:16<00:25, 11.19it/s]
Epoch 11/50 [Train]:  39%|███▉      | 181/459 [00:17<00:26, 10.68it/s]
Epoch 11/50 [Train]:  40%|███▉      | 183/459 [00:17<00:24, 11.18it/s]
Epoch 11/50 [Train]:  40%|████      | 185/459 [00:17<00:24, 11.12it/s]
Epoch 11/50 [Train]:  41%|████      | 187/459 [00:17<00:25, 10.76it/s]
Epoch 11/50 [Train]:  41%|████      | 189/459 [00:17<00:25, 10.59it/s]
Epoch 11/50 [Train]:  42%|████▏     | 191/459 [00:18<00:26, 10.21it/s]
Epoch 11/50 [Train]:  42%|████▏     | 193/459 [00:18<00:25, 10.36it/s]
Epoch 11/50 [Train]:  42%|████▏     | 195/459 [00:18<00:25, 10.33it/s]
Epoch 11/50 [Train]:  43%|████▎     | 197/459 [00:18<00:25, 10.41it/s]
Epoch 11/50 [Train]:  43%|████▎     | 199/459 [00:18<00:24, 10.50it/s]
Epoch 11/50 [Train]:  44%|████▍     | 201/459 [00:18<00:24, 10.62it/s]
Epoch 11/50 [Train]:  44%|████▍     | 203/459 [00:19<00:23, 10.69it/s]
Epoch 11/50 [Train]:  45%|████▍     | 205/459 [00:19<00:23, 10.83it/s]
Epoch 11/50 [Train]:  45%|████▌     | 207/459 [00:19<00:22, 11.18it/s]
Epoch 11/50 [Train]:  46%|████▌     | 209/459 [00:19<00:23, 10.75it/s]
Epoch 11/50 [Train]:  46%|████▌     | 211/459 [00:19<00:22, 10.78it/s]
Epoch 11/50 [Train]:  46%|████▋     | 213/459 [00:20<00:23, 10.53it/s]
Epoch 11/50 [Train]:  47%|████▋     | 215/459 [00:20<00:22, 10.69it/s]
Epoch 11/50 [Train]:  47%|████▋     | 217/459 [00:20<00:22, 10.63it/s]
Epoch 11/50 [Train]:  48%|████▊     | 219/459 [00:20<00:22, 10.52it/s]
Epoch 11/50 [Train]:  48%|████▊     | 221/459 [00:20<00:20, 11.70it/s]
Epoch 11/50 [Train]:  49%|████▊     | 223/459 [00:20<00:18, 12.65it/s]
Epoch 11/50 [Train]:  49%|████▉     | 225/459 [00:20<00:17, 13.57it/s]
Epoch 11/50 [Train]:  49%|████▉     | 227/459 [00:21<00:16, 14.28it/s]
Epoch 11/50 [Train]:  50%|████▉     | 229/459 [00:21<00:15, 14.78it/s]
Epoch 11/50 [Train]:  50%|█████     | 231/459 [00:21<00:14, 15.21it/s]
Epoch 11/50 [Train]:  51%|█████     | 233/459 [00:21<00:14, 15.46it/s]
Epoch 11/50 [Train]:  51%|█████     | 235/459 [00:21<00:14, 15.70it/s]
Epoch 11/50 [Train]:  52%|█████▏    | 237/459 [00:21<00:14, 15.82it/s]
Epoch 11/50 [Train]:  52%|█████▏    | 239/459 [00:21<00:13, 15.83it/s]
Epoch 11/50 [Train]:  53%|█████▎    | 241/459 [00:21<00:13, 15.96it/s]
Epoch 11/50 [Train]:  53%|█████▎    | 243/459 [00:22<00:13, 16.12it/s]
Epoch 11/50 [Train]:  53%|█████▎    | 245/459 [00:22<00:14, 15.15it/s]
Epoch 11/50 [Train]:  54%|█████▍    | 247/459 [00:22<00:13, 15.46it/s]
Epoch 11/50 [Train]:  54%|█████▍    | 249/459 [00:22<00:13, 15.39it/s]
Epoch 11/50 [Train]:  55%|█████▍    | 251/459 [00:22<00:13, 15.14it/s]
Epoch 11/50 [Train]:  55%|█████▌    | 253/459 [00:22<00:13, 15.47it/s]
Epoch 11/50 [Train]:  56%|█████▌    | 255/459 [00:22<00:12, 15.72it/s]
Epoch 11/50 [Train]:  56%|█████▌    | 257/459 [00:23<00:12, 15.97it/s]
Epoch 11/50 [Train]:  56%|█████▋    | 259/459 [00:23<00:12, 16.21it/s]
Epoch 11/50 [Train]:  57%|█████▋    | 261/459 [00:23<00:12, 16.27it/s]
Epoch 11/50 [Train]:  57%|█████▋    | 263/459 [00:23<00:12, 16.29it/s]
Epoch 11/50 [Train]:  58%|█████▊    | 265/459 [00:23<00:11, 16.23it/s]
Epoch 11/50 [Train]:  58%|█████▊    | 267/459 [00:23<00:11, 16.24it/s]
Epoch 11/50 [Train]:  59%|█████▊    | 269/459 [00:23<00:11, 16.16it/s]
Epoch 11/50 [Train]:  59%|█████▉    | 271/459 [00:23<00:11, 16.08it/s]
Epoch 11/50 [Train]:  59%|█████▉    | 273/459 [00:24<00:11, 16.09it/s]
Epoch 11/50 [Train]:  60%|█████▉    | 275/459 [00:24<00:11, 16.15it/s]
Epoch 11/50 [Train]:  60%|██████    | 277/459 [00:24<00:11, 16.02it/s]
Epoch 11/50 [Train]:  61%|██████    | 279/459 [00:24<00:11, 16.02it/s]
Epoch 11/50 [Train]:  61%|██████    | 281/459 [00:24<00:11, 16.09it/s]
Epoch 11/50 [Train]:  62%|██████▏   | 283/459 [00:24<00:10, 16.18it/s]
Epoch 11/50 [Train]:  62%|██████▏   | 285/459 [00:24<00:10, 16.07it/s]
Epoch 11/50 [Train]:  63%|██████▎   | 287/459 [00:24<00:10, 16.06it/s]
Epoch 11/50 [Train]:  63%|██████▎   | 289/459 [00:24<00:10, 16.17it/s]
Epoch 11/50 [Train]:  63%|██████▎   | 291/459 [00:25<00:10, 16.31it/s]
Epoch 11/50 [Train]:  64%|██████▍   | 293/459 [00:25<00:10, 16.20it/s]
Epoch 11/50 [Train]:  64%|██████▍   | 295/459 [00:25<00:10, 16.22it/s]
Epoch 11/50 [Train]:  65%|██████▍   | 297/459 [00:25<00:09, 16.31it/s]
Epoch 11/50 [Train]:  65%|██████▌   | 299/459 [00:25<00:09, 16.21it/s]
Epoch 11/50 [Train]:  66%|██████▌   | 301/459 [00:25<00:10, 15.79it/s]
Epoch 11/50 [Train]:  66%|██████▌   | 303/459 [00:25<00:09, 15.80it/s]
Epoch 11/50 [Train]:  66%|██████▋   | 305/459 [00:26<00:09, 15.53it/s]
Epoch 11/50 [Train]:  67%|██████▋   | 307/459 [00:26<00:10, 15.13it/s]
Epoch 11/50 [Train]:  67%|██████▋   | 309/459 [00:26<00:09, 15.22it/s]
Epoch 11/50 [Train]:  68%|██████▊   | 311/459 [00:26<00:09, 15.40it/s]
Epoch 11/50 [Train]:  68%|██████▊   | 313/459 [00:26<00:09, 15.73it/s]
Epoch 11/50 [Train]:  69%|██████▊   | 315/459 [00:26<00:09, 15.86it/s]
Epoch 11/50 [Train]:  69%|██████▉   | 317/459 [00:26<00:08, 16.02it/s]
Epoch 11/50 [Train]:  69%|██████▉   | 319/459 [00:26<00:08, 15.89it/s]
Epoch 11/50 [Train]:  70%|██████▉   | 321/459 [00:27<00:08, 16.05it/s]
Epoch 11/50 [Train]:  70%|███████   | 323/459 [00:27<00:08, 16.17it/s]
Epoch 11/50 [Train]:  71%|███████   | 325/459 [00:27<00:08, 16.13it/s]
Epoch 11/50 [Train]:  71%|███████   | 327/459 [00:27<00:08, 16.04it/s]
Epoch 11/50 [Train]:  72%|███████▏  | 329/459 [00:27<00:08, 16.03it/s]
Epoch 11/50 [Train]:  72%|███████▏  | 331/459 [00:27<00:07, 16.15it/s]
Epoch 11/50 [Train]:  73%|███████▎  | 333/459 [00:27<00:07, 16.16it/s]
Epoch 11/50 [Train]:  73%|███████▎  | 335/459 [00:27<00:07, 16.16it/s]
Epoch 11/50 [Train]:  73%|███████▎  | 337/459 [00:28<00:07, 16.24it/s]
Epoch 11/50 [Train]:  74%|███████▍  | 339/459 [00:28<00:07, 16.28it/s]
Epoch 11/50 [Train]:  74%|███████▍  | 341/459 [00:28<00:07, 16.21it/s]
Epoch 11/50 [Train]:  75%|███████▍  | 343/459 [00:28<00:07, 16.26it/s]
Epoch 11/50 [Train]:  75%|███████▌  | 345/459 [00:28<00:07, 16.23it/s]
Epoch 11/50 [Train]:  76%|███████▌  | 347/459 [00:28<00:06, 16.12it/s]
Epoch 11/50 [Train]:  76%|███████▌  | 349/459 [00:28<00:06, 16.17it/s]
Epoch 11/50 [Train]:  76%|███████▋  | 351/459 [00:28<00:06, 16.08it/s]
Epoch 11/50 [Train]:  77%|███████▋  | 353/459 [00:28<00:06, 16.08it/s]
Epoch 11/50 [Train]:  77%|███████▋  | 355/459 [00:29<00:06, 16.19it/s]
Epoch 11/50 [Train]:  78%|███████▊  | 357/459 [00:29<00:06, 16.04it/s]
Epoch 11/50 [Train]:  78%|███████▊  | 359/459 [00:29<00:06, 16.04it/s]
Epoch 11/50 [Train]:  79%|███████▊  | 361/459 [00:29<00:06, 15.87it/s]
Epoch 11/50 [Train]:  79%|███████▉  | 363/459 [00:29<00:06, 15.70it/s]
Epoch 11/50 [Train]:  80%|███████▉  | 365/459 [00:29<00:05, 15.94it/s]
Epoch 11/50 [Train]:  80%|███████▉  | 367/459 [00:29<00:05, 16.03it/s]
Epoch 11/50 [Train]:  80%|████████  | 369/459 [00:29<00:05, 16.12it/s]
Epoch 11/50 [Train]:  81%|████████  | 371/459 [00:30<00:05, 16.16it/s]
Epoch 11/50 [Train]:  81%|████████▏ | 373/459 [00:30<00:05, 16.15it/s]
Epoch 11/50 [Train]:  82%|████████▏ | 375/459 [00:30<00:05, 16.16it/s]
Epoch 11/50 [Train]:  82%|████████▏ | 377/459 [00:30<00:05, 15.99it/s]
Epoch 11/50 [Train]:  83%|████████▎ | 379/459 [00:30<00:05, 14.86it/s]
Epoch 11/50 [Train]:  83%|████████▎ | 381/459 [00:30<00:05, 15.19it/s]
Epoch 11/50 [Train]:  83%|████████▎ | 383/459 [00:30<00:05, 15.04it/s]
Epoch 11/50 [Train]:  84%|████████▍ | 385/459 [00:31<00:04, 15.27it/s]
Epoch 11/50 [Train]:  84%|████████▍ | 387/459 [00:31<00:04, 15.60it/s]
Epoch 11/50 [Train]:  85%|████████▍ | 389/459 [00:31<00:04, 15.76it/s]
Epoch 11/50 [Train]:  85%|████████▌ | 391/459 [00:31<00:04, 15.83it/s]
Epoch 11/50 [Train]:  86%|████████▌ | 393/459 [00:31<00:04, 15.74it/s]
Epoch 11/50 [Train]:  86%|████████▌ | 395/459 [00:31<00:04, 15.68it/s]
Epoch 11/50 [Train]:  86%|████████▋ | 397/459 [00:31<00:03, 15.72it/s]
Epoch 11/50 [Train]:  87%|████████▋ | 399/459 [00:31<00:03, 15.69it/s]
Epoch 11/50 [Train]:  87%|████████▋ | 401/459 [00:32<00:03, 15.70it/s]
Epoch 11/50 [Train]:  88%|████████▊ | 403/459 [00:32<00:03, 15.79it/s]
Epoch 11/50 [Train]:  88%|████████▊ | 405/459 [00:32<00:03, 15.90it/s]
Epoch 11/50 [Train]:  89%|████████▊ | 407/459 [00:32<00:03, 15.93it/s]
Epoch 11/50 [Train]:  89%|████████▉ | 409/459 [00:32<00:03, 15.97it/s]
Epoch 11/50 [Train]:  90%|████████▉ | 411/459 [00:32<00:03, 16.00it/s]
Epoch 11/50 [Train]:  90%|████████▉ | 413/459 [00:32<00:02, 16.04it/s]
Epoch 11/50 [Train]:  90%|█████████ | 415/459 [00:32<00:02, 16.11it/s]
Epoch 11/50 [Train]:  91%|█████████ | 417/459 [00:33<00:02, 16.12it/s]
Epoch 11/50 [Train]:  91%|█████████▏| 419/459 [00:33<00:02, 15.66it/s]
Epoch 11/50 [Train]:  92%|█████████▏| 421/459 [00:33<00:02, 15.78it/s]
Epoch 11/50 [Train]:  92%|█████████▏| 423/459 [00:33<00:02, 15.88it/s]
Epoch 11/50 [Train]:  93%|█████████▎| 425/459 [00:33<00:02, 15.93it/s]
Epoch 11/50 [Train]:  93%|█████████▎| 427/459 [00:33<00:02, 15.91it/s]
Epoch 11/50 [Train]:  93%|█████████▎| 429/459 [00:33<00:01, 15.91it/s]
Epoch 11/50 [Train]:  94%|█████████▍| 431/459 [00:33<00:01, 15.89it/s]
Epoch 11/50 [Train]:  94%|█████████▍| 433/459 [00:34<00:01, 15.85it/s]
Epoch 11/50 [Train]:  95%|█████████▍| 435/459 [00:34<00:01, 15.83it/s]
Epoch 11/50 [Train]:  95%|█████████▌| 437/459 [00:34<00:01, 15.89it/s]
Epoch 11/50 [Train]:  96%|█████████▌| 439/459 [00:34<00:01, 15.87it/s]
Epoch 11/50 [Train]:  96%|█████████▌| 441/459 [00:34<00:01, 15.29it/s]
Epoch 11/50 [Train]:  97%|█████████▋| 443/459 [00:34<00:01, 15.27it/s]
Epoch 11/50 [Train]:  97%|█████████▋| 445/459 [00:34<00:00, 15.49it/s]
Epoch 11/50 [Train]:  97%|█████████▋| 447/459 [00:34<00:00, 15.59it/s]
Epoch 11/50 [Train]:  98%|█████████▊| 449/459 [00:35<00:00, 15.74it/s]
Epoch 11/50 [Train]:  98%|█████████▊| 451/459 [00:35<00:00, 15.89it/s]
Epoch 11/50 [Train]:  99%|█████████▊| 453/459 [00:35<00:00, 15.94it/s]
Epoch 11/50 [Train]:  99%|█████████▉| 455/459 [00:35<00:00, 15.73it/s]
Epoch 11/50 [Train]: 100%|█████████▉| 457/459 [00:35<00:00, 15.97it/s]
Epoch 11/50 [Train]: 100%|██████████| 459/459 [00:35<00:00, 16.09it/s]
                                                                      

Epoch 11/50 [Val]:   0%|          | 0/113 [00:00<?, ?it/s]
Epoch 11/50 [Val]:   2%|▏         | 2/113 [00:00<00:06, 16.01it/s]
Epoch 11/50 [Val]:   4%|▎         | 4/113 [00:00<00:06, 16.28it/s]
Epoch 11/50 [Val]:   5%|▌         | 6/113 [00:00<00:06, 16.01it/s]
Epoch 11/50 [Val]:   7%|▋         | 8/113 [00:00<00:06, 16.08it/s]
Epoch 11/50 [Val]:   9%|▉         | 10/113 [00:00<00:06, 16.58it/s]
Epoch 11/50 [Val]:  11%|█         | 12/113 [00:00<00:06, 16.42it/s]
Epoch 11/50 [Val]:  12%|█▏        | 14/113 [00:00<00:05, 16.51it/s]
Epoch 11/50 [Val]:  14%|█▍        | 16/113 [00:00<00:06, 15.77it/s]
Epoch 11/50 [Val]:  16%|█▌        | 18/113 [00:01<00:06, 15.34it/s]
Epoch 11/50 [Val]:  18%|█▊        | 20/113 [00:01<00:06, 15.13it/s]
Epoch 11/50 [Val]:  19%|█▉        | 22/113 [00:01<00:06, 15.01it/s]
Epoch 11/50 [Val]:  21%|██        | 24/113 [00:01<00:05, 14.86it/s]
Epoch 11/50 [Val]:  23%|██▎       | 26/113 [00:01<00:05, 15.18it/s]
Epoch 11/50 [Val]:  25%|██▍       | 28/113 [00:01<00:05, 15.38it/s]
Epoch 11/50 [Val]:  27%|██▋       | 30/113 [00:01<00:05, 15.69it/s]
Epoch 11/50 [Val]:  28%|██▊       | 32/113 [00:02<00:05, 15.89it/s]
Epoch 11/50 [Val]:  30%|███       | 34/113 [00:02<00:04, 15.86it/s]
Epoch 11/50 [Val]:  32%|███▏      | 36/113 [00:02<00:04, 16.15it/s]
Epoch 11/50 [Val]:  34%|███▎      | 38/113 [00:02<00:04, 16.41it/s]
Epoch 11/50 [Val]:  35%|███▌      | 40/113 [00:02<00:04, 16.56it/s]
Epoch 11/50 [Val]:  37%|███▋      | 42/113 [00:02<00:04, 16.63it/s]
Epoch 11/50 [Val]:  39%|███▉      | 44/113 [00:02<00:04, 16.56it/s]
Epoch 11/50 [Val]:  41%|████      | 46/113 [00:02<00:04, 16.21it/s]
Epoch 11/50 [Val]:  42%|████▏     | 48/113 [00:03<00:04, 16.18it/s]
Epoch 11/50 [Val]:  44%|████▍     | 50/113 [00:03<00:03, 16.20it/s]
Epoch 11/50 [Val]:  46%|████▌     | 52/113 [00:03<00:03, 16.56it/s]
Epoch 11/50 [Val]:  48%|████▊     | 54/113 [00:03<00:03, 16.86it/s]
Epoch 11/50 [Val]:  50%|████▉     | 56/113 [00:03<00:03, 16.77it/s]
Epoch 11/50 [Val]:  51%|█████▏    | 58/113 [00:03<00:03, 16.10it/s]
Epoch 11/50 [Val]:  53%|█████▎    | 60/113 [00:03<00:03, 16.45it/s]
Epoch 11/50 [Val]:  55%|█████▍    | 62/113 [00:03<00:03, 16.31it/s]
Epoch 11/50 [Val]:  57%|█████▋    | 64/113 [00:03<00:03, 16.33it/s]
Epoch 11/50 [Val]:  58%|█████▊    | 66/113 [00:04<00:02, 16.02it/s]
Epoch 11/50 [Val]:  60%|██████    | 68/113 [00:04<00:02, 15.94it/s]
Epoch 11/50 [Val]:  62%|██████▏   | 70/113 [00:04<00:02, 16.17it/s]
Epoch 11/50 [Val]:  64%|██████▎   | 72/113 [00:04<00:02, 16.39it/s]
Epoch 11/50 [Val]:  65%|██████▌   | 74/113 [00:04<00:02, 16.54it/s]
Epoch 11/50 [Val]:  67%|██████▋   | 76/113 [00:04<00:02, 16.63it/s]
Epoch 11/50 [Val]:  69%|██████▉   | 78/113 [00:04<00:02, 16.61it/s]
Epoch 11/50 [Val]:  71%|███████   | 80/113 [00:04<00:02, 16.42it/s]
Epoch 11/50 [Val]:  73%|███████▎  | 82/113 [00:05<00:02, 15.28it/s]
Epoch 11/50 [Val]:  74%|███████▍  | 84/113 [00:05<00:01, 15.32it/s]
Epoch 11/50 [Val]:  76%|███████▌  | 86/113 [00:05<00:01, 15.66it/s]
Epoch 11/50 [Val]:  78%|███████▊  | 88/113 [00:05<00:01, 15.73it/s]
Epoch 11/50 [Val]:  80%|███████▉  | 90/113 [00:05<00:01, 16.19it/s]
Epoch 11/50 [Val]:  81%|████████▏ | 92/113 [00:05<00:01, 16.44it/s]
Epoch 11/50 [Val]:  83%|████████▎ | 94/113 [00:05<00:01, 16.57it/s]
Epoch 11/50 [Val]:  85%|████████▍ | 96/113 [00:05<00:01, 16.91it/s]
Epoch 11/50 [Val]:  87%|████████▋ | 98/113 [00:06<00:00, 16.98it/s]
Epoch 11/50 [Val]:  88%|████████▊ | 100/113 [00:06<00:00, 16.49it/s]
Epoch 11/50 [Val]:  90%|█████████ | 102/113 [00:06<00:00, 16.24it/s]
Epoch 11/50 [Val]:  92%|█████████▏| 104/113 [00:06<00:00, 16.61it/s]
Epoch 11/50 [Val]:  94%|█████████▍| 106/113 [00:06<00:00, 16.17it/s]
Epoch 11/50 [Val]:  96%|█████████▌| 108/113 [00:06<00:00, 15.99it/s]
Epoch 11/50 [Val]:  97%|█████████▋| 110/113 [00:06<00:00, 15.99it/s]
Epoch 11/50 [Val]:  99%|█████████▉| 112/113 [00:06<00:00, 15.92it/s]
                                                                    

Epoch 12/50 [Train]:   0%|          | 0/459 [00:00<?, ?it/s]
Epoch 12/50 [Train]:   0%|          | 2/459 [00:00<00:30, 14.79it/s]
Epoch 12/50 [Train]:   1%|          | 4/459 [00:00<00:29, 15.63it/s]
Epoch 12/50 [Train]:   1%|▏         | 6/459 [00:00<00:28, 16.07it/s]
Epoch 12/50 [Train]:   2%|▏         | 8/459 [00:00<00:28, 16.06it/s]
Epoch 12/50 [Train]:   2%|▏         | 10/459 [00:00<00:27, 16.04it/s]
Epoch 12/50 [Train]:   3%|▎         | 12/459 [00:00<00:27, 16.18it/s]
Epoch 12/50 [Train]:   3%|▎         | 14/459 [00:00<00:27, 16.08it/s]
Epoch 12/50 [Train]:   3%|▎         | 16/459 [00:00<00:27, 16.10it/s]
Epoch 12/50 [Train]:   4%|▍         | 18/459 [00:01<00:27, 16.15it/s]
Epoch 12/50 [Train]:   4%|▍         | 20/459 [00:01<00:27, 16.09it/s]
Epoch 12/50 [Train]:   5%|▍         | 22/459 [00:01<00:27, 16.03it/s]
Epoch 12/50 [Train]:   5%|▌         | 24/459 [00:01<00:26, 16.22it/s]
Epoch 12/50 [Train]:   6%|▌         | 26/459 [00:01<00:26, 16.16it/s]
Epoch 12/50 [Train]:   6%|▌         | 28/459 [00:01<00:26, 16.15it/s]
Epoch 12/50 [Train]:   7%|▋         | 30/459 [00:01<00:26, 16.16it/s]
Epoch 12/50 [Train]:   7%|▋         | 32/459 [00:01<00:26, 16.17it/s]
Epoch 12/50 [Train]:   7%|▋         | 34/459 [00:02<00:26, 16.15it/s]
Epoch 12/50 [Train]:   8%|▊         | 36/459 [00:02<00:26, 16.09it/s]
Epoch 12/50 [Train]:   8%|▊         | 38/459 [00:02<00:25, 16.23it/s]
Epoch 12/50 [Train]:   9%|▊         | 40/459 [00:02<00:25, 16.30it/s]
Epoch 12/50 [Train]:   9%|▉         | 42/459 [00:02<00:25, 16.21it/s]
Epoch 12/50 [Train]:  10%|▉         | 44/459 [00:02<00:25, 16.13it/s]
Epoch 12/50 [Train]:  10%|█         | 46/459 [00:02<00:26, 15.79it/s]
Epoch 12/50 [Train]:  10%|█         | 48/459 [00:02<00:26, 15.67it/s]
Epoch 12/50 [Train]:  11%|█         | 50/459 [00:03<00:27, 15.02it/s]
Epoch 12/50 [Train]:  11%|█▏        | 52/459 [00:03<00:27, 14.58it/s]
Epoch 12/50 [Train]:  12%|█▏        | 54/459 [00:03<00:27, 14.83it/s]
Epoch 12/50 [Train]:  12%|█▏        | 56/459 [00:03<00:27, 14.80it/s]
Epoch 12/50 [Train]:  13%|█▎        | 58/459 [00:03<00:27, 14.38it/s]
Epoch 12/50 [Train]:  13%|█▎        | 60/459 [00:03<00:28, 14.01it/s]
Epoch 12/50 [Train]:  14%|█▎        | 62/459 [00:04<00:30, 13.05it/s]
Epoch 12/50 [Train]:  14%|█▍        | 64/459 [00:04<00:32, 12.22it/s]
Epoch 12/50 [Train]:  14%|█▍        | 66/459 [00:04<00:32, 12.15it/s]
Epoch 12/50 [Train]:  15%|█▍        | 68/459 [00:04<00:31, 12.41it/s]
Epoch 12/50 [Train]:  15%|█▌        | 70/459 [00:04<00:32, 12.08it/s]
Epoch 12/50 [Train]:  16%|█▌        | 72/459 [00:04<00:33, 11.57it/s]
Epoch 12/50 [Train]:  16%|█▌        | 74/459 [00:05<00:31, 12.15it/s]
Epoch 12/50 [Train]:  17%|█▋        | 76/459 [00:05<00:30, 12.60it/s]
Epoch 12/50 [Train]:  17%|█▋        | 78/459 [00:05<00:29, 13.01it/s]
Epoch 12/50 [Train]:  17%|█▋        | 80/459 [00:05<00:27, 13.76it/s]
Epoch 12/50 [Train]:  18%|█▊        | 82/459 [00:05<00:26, 14.30it/s]
Epoch 12/50 [Train]:  18%|█▊        | 84/459 [00:05<00:26, 14.12it/s]
Epoch 12/50 [Train]:  19%|█▊        | 86/459 [00:05<00:27, 13.81it/s]
Epoch 12/50 [Train]:  19%|█▉        | 88/459 [00:06<00:25, 14.37it/s]
Epoch 12/50 [Train]:  20%|█▉        | 90/459 [00:06<00:24, 14.78it/s]
Epoch 12/50 [Train]:  20%|██        | 92/459 [00:06<00:24, 14.84it/s]
Epoch 12/50 [Train]:  20%|██        | 94/459 [00:06<00:26, 14.02it/s]
Epoch 12/50 [Train]:  21%|██        | 96/459 [00:06<00:26, 13.62it/s]
Epoch 12/50 [Train]:  21%|██▏       | 98/459 [00:06<00:27, 13.29it/s]
Epoch 12/50 [Train]:  22%|██▏       | 100/459 [00:06<00:28, 12.65it/s]
Epoch 12/50 [Train]:  22%|██▏       | 102/459 [00:07<00:30, 11.79it/s]
Epoch 12/50 [Train]:  23%|██▎       | 104/459 [00:07<00:30, 11.60it/s]
Epoch 12/50 [Train]:  23%|██▎       | 106/459 [00:07<00:28, 12.25it/s]
Epoch 12/50 [Train]:  24%|██▎       | 108/459 [00:07<00:27, 12.73it/s]
Epoch 12/50 [Train]:  24%|██▍       | 110/459 [00:07<00:27, 12.82it/s]
Epoch 12/50 [Train]:  24%|██▍       | 112/459 [00:07<00:26, 13.11it/s]
Epoch 12/50 [Train]:  25%|██▍       | 114/459 [00:08<00:25, 13.74it/s]
Epoch 12/50 [Train]:  25%|██▌       | 116/459 [00:08<00:23, 14.47it/s]
Epoch 12/50 [Train]:  26%|██▌       | 118/459 [00:08<00:23, 14.69it/s]
Epoch 12/50 [Train]:  26%|██▌       | 120/459 [00:08<00:22, 14.94it/s]
Epoch 12/50 [Train]:  27%|██▋       | 122/459 [00:08<00:22, 15.24it/s]
Epoch 12/50 [Train]:  27%|██▋       | 124/459 [00:08<00:21, 15.37it/s]
Epoch 12/50 [Train]:  27%|██▋       | 126/459 [00:08<00:21, 15.54it/s]
Epoch 12/50 [Train]:  28%|██▊       | 128/459 [00:08<00:21, 15.71it/s]
Epoch 12/50 [Train]:  28%|██▊       | 130/459 [00:09<00:20, 15.85it/s]
Epoch 12/50 [Train]:  29%|██▉       | 132/459 [00:09<00:21, 14.89it/s]
Epoch 12/50 [Train]:  29%|██▉       | 134/459 [00:09<00:22, 14.45it/s]
Epoch 12/50 [Train]:  30%|██▉       | 136/459 [00:09<00:22, 14.27it/s]
Epoch 12/50 [Train]:  30%|███       | 138/459 [00:09<00:22, 14.04it/s]
Epoch 12/50 [Train]:  31%|███       | 140/459 [00:09<00:22, 14.07it/s]
Epoch 12/50 [Train]:  31%|███       | 142/459 [00:09<00:22, 14.06it/s]
Epoch 12/50 [Train]:  31%|███▏      | 144/459 [00:10<00:22, 14.02it/s]
Epoch 12/50 [Train]:  32%|███▏      | 146/459 [00:10<00:21, 14.30it/s]
Epoch 12/50 [Train]:  32%|███▏      | 148/459 [00:10<00:21, 14.34it/s]
Epoch 12/50 [Train]:  33%|███▎      | 150/459 [00:10<00:21, 14.25it/s]
Epoch 12/50 [Train]:  33%|███▎      | 152/459 [00:10<00:21, 14.52it/s]
Epoch 12/50 [Train]:  34%|███▎      | 154/459 [00:10<00:20, 15.00it/s]
Epoch 12/50 [Train]:  34%|███▍      | 156/459 [00:10<00:19, 15.43it/s]
Epoch 12/50 [Train]:  34%|███▍      | 158/459 [00:10<00:19, 15.59it/s]
Epoch 12/50 [Train]:  35%|███▍      | 160/459 [00:11<00:19, 15.71it/s]
Epoch 12/50 [Train]:  35%|███▌      | 162/459 [00:11<00:18, 15.95it/s]
Epoch 12/50 [Train]:  36%|███▌      | 164/459 [00:11<00:18, 16.08it/s]
Epoch 12/50 [Train]:  36%|███▌      | 166/459 [00:11<00:18, 16.05it/s]
Epoch 12/50 [Train]:  37%|███▋      | 168/459 [00:11<00:18, 15.73it/s]
Epoch 12/50 [Train]:  37%|███▋      | 170/459 [00:11<00:18, 15.85it/s]
Epoch 12/50 [Train]:  37%|███▋      | 172/459 [00:11<00:17, 16.01it/s]
Epoch 12/50 [Train]:  38%|███▊      | 174/459 [00:11<00:17, 16.16it/s]
Epoch 12/50 [Train]:  38%|███▊      | 176/459 [00:12<00:17, 15.80it/s]
Epoch 12/50 [Train]:  39%|███▉      | 178/459 [00:12<00:17, 15.94it/s]
Epoch 12/50 [Train]:  39%|███▉      | 180/459 [00:12<00:17, 15.87it/s]
Epoch 12/50 [Train]:  40%|███▉      | 182/459 [00:12<00:17, 15.91it/s]
Epoch 12/50 [Train]:  40%|████      | 184/459 [00:12<00:17, 15.91it/s]
Epoch 12/50 [Train]:  41%|████      | 186/459 [00:12<00:17, 16.05it/s]
Epoch 12/50 [Train]:  41%|████      | 188/459 [00:12<00:16, 16.10it/s]
Epoch 12/50 [Train]:  41%|████▏     | 190/459 [00:12<00:16, 16.35it/s]
Epoch 12/50 [Train]:  42%|████▏     | 192/459 [00:13<00:16, 16.34it/s]
Epoch 12/50 [Train]:  42%|████▏     | 194/459 [00:13<00:16, 16.29it/s]
Epoch 12/50 [Train]:  43%|████▎     | 196/459 [00:13<00:16, 16.07it/s]
Epoch 12/50 [Train]:  43%|████▎     | 198/459 [00:13<00:16, 15.91it/s]
Epoch 12/50 [Train]:  44%|████▎     | 200/459 [00:13<00:16, 15.99it/s]
Epoch 12/50 [Train]:  44%|████▍     | 202/459 [00:13<00:15, 16.11it/s]
Epoch 12/50 [Train]:  44%|████▍     | 204/459 [00:13<00:15, 16.07it/s]
Epoch 12/50 [Train]:  45%|████▍     | 206/459 [00:13<00:15, 16.19it/s]
Epoch 12/50 [Train]:  45%|████▌     | 208/459 [00:14<00:15, 16.20it/s]
Epoch 12/50 [Train]:  46%|████▌     | 210/459 [00:14<00:15, 16.14it/s]
Epoch 12/50 [Train]:  46%|████▌     | 212/459 [00:14<00:15, 16.22it/s]
Epoch 12/50 [Train]:  47%|████▋     | 214/459 [00:14<00:15, 16.19it/s]
Epoch 12/50 [Train]:  47%|████▋     | 216/459 [00:14<00:15, 16.09it/s]
Epoch 12/50 [Train]:  47%|████▋     | 218/459 [00:14<00:14, 16.10it/s]
Epoch 12/50 [Train]:  48%|████▊     | 220/459 [00:14<00:14, 16.03it/s]
Epoch 12/50 [Train]:  48%|████▊     | 222/459 [00:14<00:14, 16.07it/s]
Epoch 12/50 [Train]:  49%|████▉     | 224/459 [00:15<00:14, 16.17it/s]
Epoch 12/50 [Train]:  49%|████▉     | 226/459 [00:15<00:14, 16.00it/s]
Epoch 12/50 [Train]:  50%|████▉     | 228/459 [00:15<00:14, 16.03it/s]
Epoch 12/50 [Train]:  50%|█████     | 230/459 [00:15<00:14, 16.10it/s]
Epoch 12/50 [Train]:  51%|█████     | 232/459 [00:15<00:14, 16.08it/s]
Epoch 12/50 [Train]:  51%|█████     | 234/459 [00:15<00:16, 14.00it/s]
Epoch 12/50 [Train]:  51%|█████▏    | 236/459 [00:15<00:16, 13.64it/s]
Epoch 12/50 [Train]:  52%|█████▏    | 238/459 [00:16<00:16, 13.06it/s]
Epoch 12/50 [Train]:  52%|█████▏    | 240/459 [00:16<00:16, 13.39it/s]
Epoch 12/50 [Train]:  53%|█████▎    | 242/459 [00:16<00:16, 13.44it/s]
Epoch 12/50 [Train]:  53%|█████▎    | 244/459 [00:16<00:16, 13.43it/s]
Epoch 12/50 [Train]:  54%|█████▎    | 246/459 [00:16<00:15, 13.88it/s]
Epoch 12/50 [Train]:  54%|█████▍    | 248/459 [00:16<00:14, 14.07it/s]
Epoch 12/50 [Train]:  54%|█████▍    | 250/459 [00:16<00:14, 14.54it/s]
Epoch 12/50 [Train]:  55%|█████▍    | 252/459 [00:17<00:14, 14.57it/s]
Epoch 12/50 [Train]:  55%|█████▌    | 254/459 [00:17<00:14, 14.42it/s]
Epoch 12/50 [Train]:  56%|█████▌    | 256/459 [00:17<00:13, 14.72it/s]
Epoch 12/50 [Train]:  56%|█████▌    | 258/459 [00:17<00:13, 15.09it/s]
Epoch 12/50 [Train]:  57%|█████▋    | 260/459 [00:17<00:12, 15.46it/s]
Epoch 12/50 [Train]:  57%|█████▋    | 262/459 [00:17<00:12, 15.74it/s]
Epoch 12/50 [Train]:  58%|█████▊    | 264/459 [00:17<00:12, 16.02it/s]
Epoch 12/50 [Train]:  58%|█████▊    | 266/459 [00:17<00:12, 16.05it/s]
Epoch 12/50 [Train]:  58%|█████▊    | 268/459 [00:18<00:12, 15.75it/s]
Epoch 12/50 [Train]:  59%|█████▉    | 270/459 [00:18<00:12, 15.49it/s]
Epoch 12/50 [Train]:  59%|█████▉    | 272/459 [00:18<00:11, 15.65it/s]
Epoch 12/50 [Train]:  60%|█████▉    | 274/459 [00:18<00:11, 15.97it/s]
Epoch 12/50 [Train]:  60%|██████    | 276/459 [00:18<00:11, 15.68it/s]
Epoch 12/50 [Train]:  61%|██████    | 278/459 [00:18<00:11, 15.28it/s]
Epoch 12/50 [Train]:  61%|██████    | 280/459 [00:18<00:11, 15.58it/s]
Epoch 12/50 [Train]:  61%|██████▏   | 282/459 [00:18<00:11, 15.80it/s]
Epoch 12/50 [Train]:  62%|██████▏   | 284/459 [00:19<00:10, 15.97it/s]
Epoch 12/50 [Train]:  62%|██████▏   | 286/459 [00:19<00:10, 16.03it/s]
Epoch 12/50 [Train]:  63%|██████▎   | 288/459 [00:19<00:10, 16.04it/s]
Epoch 12/50 [Train]:  63%|██████▎   | 290/459 [00:19<00:10, 16.21it/s]
Epoch 12/50 [Train]:  64%|██████▎   | 292/459 [00:19<00:10, 15.98it/s]
Epoch 12/50 [Train]:  64%|██████▍   | 294/459 [00:19<00:10, 15.37it/s]
Epoch 12/50 [Train]:  64%|██████▍   | 296/459 [00:19<00:10, 15.30it/s]
Epoch 12/50 [Train]:  65%|██████▍   | 298/459 [00:19<00:10, 15.62it/s]
Epoch 12/50 [Train]:  65%|██████▌   | 300/459 [00:20<00:10, 15.85it/s]
Epoch 12/50 [Train]:  66%|██████▌   | 302/459 [00:20<00:09, 15.97it/s]
Epoch 12/50 [Train]:  66%|██████▌   | 304/459 [00:20<00:10, 15.45it/s]
Epoch 12/50 [Train]:  67%|██████▋   | 306/459 [00:20<00:09, 15.31it/s]
Epoch 12/50 [Train]:  67%|██████▋   | 308/459 [00:20<00:09, 15.49it/s]
Epoch 12/50 [Train]:  68%|██████▊   | 310/459 [00:20<00:09, 15.73it/s]
Epoch 12/50 [Train]:  68%|██████▊   | 312/459 [00:20<00:09, 15.60it/s]
Epoch 12/50 [Train]:  68%|██████▊   | 314/459 [00:20<00:09, 15.22it/s]
Epoch 12/50 [Train]:  69%|██████▉   | 316/459 [00:21<00:09, 15.36it/s]
Epoch 12/50 [Train]:  69%|██████▉   | 318/459 [00:21<00:09, 15.33it/s]
Epoch 12/50 [Train]:  70%|██████▉   | 320/459 [00:21<00:09, 15.07it/s]
Epoch 12/50 [Train]:  70%|███████   | 322/459 [00:21<00:09, 14.86it/s]
Epoch 12/50 [Train]:  71%|███████   | 324/459 [00:21<00:09, 14.76it/s]
Epoch 12/50 [Train]:  71%|███████   | 326/459 [00:21<00:08, 15.10it/s]
Epoch 12/50 [Train]:  71%|███████▏  | 328/459 [00:21<00:08, 15.12it/s]
Epoch 12/50 [Train]:  72%|███████▏  | 330/459 [00:22<00:08, 14.41it/s]
Epoch 12/50 [Train]:  72%|███████▏  | 332/459 [00:22<00:09, 13.74it/s]
Epoch 12/50 [Train]:  73%|███████▎  | 334/459 [00:22<00:09, 13.32it/s]
Epoch 12/50 [Train]:  73%|███████▎  | 336/459 [00:22<00:09, 13.20it/s]
Epoch 12/50 [Train]:  74%|███████▎  | 338/459 [00:22<00:09, 13.01it/s]
Epoch 12/50 [Train]:  74%|███████▍  | 340/459 [00:22<00:08, 13.42it/s]
Epoch 12/50 [Train]:  75%|███████▍  | 342/459 [00:22<00:08, 13.82it/s]
Epoch 12/50 [Train]:  75%|███████▍  | 344/459 [00:23<00:08, 14.19it/s]
Epoch 12/50 [Train]:  75%|███████▌  | 346/459 [00:23<00:07, 14.37it/s]
Epoch 12/50 [Train]:  76%|███████▌  | 348/459 [00:23<00:07, 14.63it/s]
Epoch 12/50 [Train]:  76%|███████▋  | 350/459 [00:23<00:07, 15.10it/s]
Epoch 12/50 [Train]:  77%|███████▋  | 352/459 [00:23<00:06, 15.41it/s]
Epoch 12/50 [Train]:  77%|███████▋  | 354/459 [00:23<00:06, 15.64it/s]
Epoch 12/50 [Train]:  78%|███████▊  | 356/459 [00:23<00:06, 15.79it/s]
Epoch 12/50 [Train]:  78%|███████▊  | 358/459 [00:24<00:06, 15.99it/s]
Epoch 12/50 [Train]:  78%|███████▊  | 360/459 [00:24<00:06, 15.98it/s]
Epoch 12/50 [Train]:  79%|███████▉  | 362/459 [00:24<00:06, 15.57it/s]
Epoch 12/50 [Train]:  79%|███████▉  | 364/459 [00:24<00:06, 15.23it/s]
Epoch 12/50 [Train]:  80%|███████▉  | 366/459 [00:24<00:06, 14.98it/s]
Epoch 12/50 [Train]:  80%|████████  | 368/459 [00:24<00:06, 14.99it/s]
Epoch 12/50 [Train]:  81%|████████  | 370/459 [00:24<00:05, 15.16it/s]
Epoch 12/50 [Train]:  81%|████████  | 372/459 [00:24<00:05, 14.87it/s]
Epoch 12/50 [Train]:  81%|████████▏ | 374/459 [00:25<00:05, 14.60it/s]
Epoch 12/50 [Train]:  82%|████████▏ | 376/459 [00:25<00:05, 14.49it/s]
Epoch 12/50 [Train]:  82%|████████▏ | 378/459 [00:25<00:05, 14.38it/s]
Epoch 12/50 [Train]:  83%|████████▎ | 380/459 [00:25<00:05, 14.17it/s]
Epoch 12/50 [Train]:  83%|████████▎ | 382/459 [00:25<00:05, 13.97it/s]
Epoch 12/50 [Train]:  84%|████████▎ | 384/459 [00:25<00:05, 14.04it/s]
Epoch 12/50 [Train]:  84%|████████▍ | 386/459 [00:25<00:05, 14.17it/s]
Epoch 12/50 [Train]:  85%|████████▍ | 388/459 [00:26<00:04, 14.54it/s]
Epoch 12/50 [Train]:  85%|████████▍ | 390/459 [00:26<00:04, 14.46it/s]
Epoch 12/50 [Train]:  85%|████████▌ | 392/459 [00:26<00:04, 14.72it/s]
Epoch 12/50 [Train]:  86%|████████▌ | 394/459 [00:26<00:04, 15.15it/s]
Epoch 12/50 [Train]:  86%|████████▋ | 396/459 [00:26<00:04, 15.55it/s]
Epoch 12/50 [Train]:  87%|████████▋ | 398/459 [00:26<00:04, 15.17it/s]
Epoch 12/50 [Train]:  87%|████████▋ | 400/459 [00:26<00:03, 15.25it/s]
Epoch 12/50 [Train]:  88%|████████▊ | 402/459 [00:26<00:03, 15.47it/s]
Epoch 12/50 [Train]:  88%|████████▊ | 404/459 [00:27<00:04, 13.26it/s]
Epoch 12/50 [Train]:  88%|████████▊ | 406/459 [00:27<00:04, 12.54it/s]
Epoch 12/50 [Train]:  89%|████████▉ | 408/459 [00:27<00:04, 11.89it/s]
Epoch 12/50 [Train]:  89%|████████▉ | 410/459 [00:27<00:04, 11.55it/s]
Epoch 12/50 [Train]:  90%|████████▉ | 412/459 [00:27<00:04, 10.92it/s]
Epoch 12/50 [Train]:  90%|█████████ | 414/459 [00:28<00:04, 10.89it/s]
Epoch 12/50 [Train]:  91%|█████████ | 416/459 [00:28<00:04, 10.64it/s]
Epoch 12/50 [Train]:  91%|█████████ | 418/459 [00:28<00:03, 10.88it/s]
Epoch 12/50 [Train]:  92%|█████████▏| 420/459 [00:28<00:03, 11.10it/s]
Epoch 12/50 [Train]:  92%|█████████▏| 422/459 [00:28<00:03, 10.69it/s]
Epoch 12/50 [Train]:  92%|█████████▏| 424/459 [00:29<00:03, 11.11it/s]
Epoch 12/50 [Train]:  93%|█████████▎| 426/459 [00:29<00:03, 10.64it/s]
Epoch 12/50 [Train]:  93%|█████████▎| 428/459 [00:29<00:02, 10.59it/s]
Epoch 12/50 [Train]:  94%|█████████▎| 430/459 [00:29<00:02, 10.66it/s]
Epoch 12/50 [Train]:  94%|█████████▍| 432/459 [00:29<00:02, 10.76it/s]
Epoch 12/50 [Train]:  95%|█████████▍| 434/459 [00:29<00:02, 10.62it/s]
Epoch 12/50 [Train]:  95%|█████████▍| 436/459 [00:30<00:02, 10.63it/s]
Epoch 12/50 [Train]:  95%|█████████▌| 438/459 [00:30<00:02, 10.38it/s]
Epoch 12/50 [Train]:  96%|█████████▌| 440/459 [00:30<00:01, 10.38it/s]
Epoch 12/50 [Train]:  96%|█████████▋| 442/459 [00:30<00:01, 10.91it/s]
Epoch 12/50 [Train]:  97%|█████████▋| 444/459 [00:30<00:01, 11.31it/s]
Epoch 12/50 [Train]:  97%|█████████▋| 446/459 [00:31<00:01, 12.06it/s]
Epoch 12/50 [Train]:  98%|█████████▊| 448/459 [00:31<00:00, 12.31it/s]
Epoch 12/50 [Train]:  98%|█████████▊| 450/459 [00:31<00:00, 11.87it/s]
Epoch 12/50 [Train]:  98%|█████████▊| 452/459 [00:31<00:00, 11.60it/s]
Epoch 12/50 [Train]:  99%|█████████▉| 454/459 [00:31<00:00, 11.28it/s]
Epoch 12/50 [Train]:  99%|█████████▉| 456/459 [00:31<00:00, 11.71it/s]
Epoch 12/50 [Train]: 100%|█████████▉| 458/459 [00:32<00:00,  8.22it/s]
Epoch 12/50 [Train]: 100%|██████████| 459/459 [00:32<00:00,  8.36it/s]
                                                                      

Epoch 12/50 [Val]:   0%|          | 0/113 [00:00<?, ?it/s]
Epoch 12/50 [Val]:   2%|▏         | 2/113 [00:00<00:06, 16.26it/s]
Epoch 12/50 [Val]:   4%|▎         | 4/113 [00:00<00:10, 10.07it/s]
Epoch 12/50 [Val]:   5%|▌         | 6/113 [00:00<00:12,  8.80it/s]
Epoch 12/50 [Val]:   6%|▌         | 7/113 [00:00<00:12,  8.39it/s]
Epoch 12/50 [Val]:   7%|▋         | 8/113 [00:00<00:12,  8.19it/s]
Epoch 12/50 [Val]:   8%|▊         | 9/113 [00:01<00:12,  8.29it/s]
Epoch 12/50 [Val]:   9%|▉         | 10/113 [00:01<00:12,  8.40it/s]
Epoch 12/50 [Val]:  10%|▉         | 11/113 [00:01<00:12,  8.47it/s]
Epoch 12/50 [Val]:  12%|█▏        | 13/113 [00:01<00:11,  9.00it/s]
Epoch 12/50 [Val]:  12%|█▏        | 14/113 [00:01<00:11,  8.97it/s]
Epoch 12/50 [Val]:  13%|█▎        | 15/113 [00:01<00:11,  8.44it/s]
Epoch 12/50 [Val]:  14%|█▍        | 16/113 [00:01<00:12,  7.95it/s]
Epoch 12/50 [Val]:  15%|█▌        | 17/113 [00:01<00:12,  7.72it/s]
Epoch 12/50 [Val]:  16%|█▌        | 18/113 [00:02<00:12,  7.62it/s]
Epoch 12/50 [Val]:  17%|█▋        | 19/113 [00:02<00:12,  7.76it/s]
Epoch 12/50 [Val]:  18%|█▊        | 20/113 [00:02<00:12,  7.34it/s]
Epoch 12/50 [Val]:  19%|█▉        | 22/113 [00:02<00:11,  8.02it/s]
Epoch 12/50 [Val]:  20%|██        | 23/113 [00:02<00:11,  7.53it/s]
Epoch 12/50 [Val]:  21%|██        | 24/113 [00:02<00:11,  7.57it/s]
Epoch 12/50 [Val]:  22%|██▏       | 25/113 [00:03<00:11,  7.79it/s]
Epoch 12/50 [Val]:  23%|██▎       | 26/113 [00:03<00:10,  8.08it/s]
Epoch 12/50 [Val]:  24%|██▍       | 27/113 [00:03<00:10,  7.93it/s]
Epoch 12/50 [Val]:  26%|██▌       | 29/113 [00:03<00:08,  9.68it/s]
Epoch 12/50 [Val]:  27%|██▋       | 31/113 [00:03<00:08, 10.01it/s]
Epoch 12/50 [Val]:  28%|██▊       | 32/113 [00:03<00:08,  9.34it/s]
Epoch 12/50 [Val]:  29%|██▉       | 33/113 [00:03<00:09,  8.87it/s]
Epoch 12/50 [Val]:  30%|███       | 34/113 [00:03<00:09,  8.77it/s]
Epoch 12/50 [Val]:  31%|███       | 35/113 [00:04<00:09,  8.67it/s]
Epoch 12/50 [Val]:  32%|███▏      | 36/113 [00:04<00:08,  8.60it/s]
Epoch 12/50 [Val]:  33%|███▎      | 37/113 [00:04<00:09,  8.43it/s]
Epoch 12/50 [Val]:  34%|███▎      | 38/113 [00:04<00:09,  8.20it/s]
Epoch 12/50 [Val]:  35%|███▍      | 39/113 [00:04<00:08,  8.60it/s]
Epoch 12/50 [Val]:  35%|███▌      | 40/113 [00:04<00:08,  8.60it/s]
Epoch 12/50 [Val]:  37%|███▋      | 42/113 [00:04<00:07,  9.54it/s]
Epoch 12/50 [Val]:  39%|███▉      | 44/113 [00:05<00:06, 10.21it/s]
Epoch 12/50 [Val]:  40%|███▉      | 45/113 [00:05<00:07,  8.93it/s]
Epoch 12/50 [Val]:  41%|████      | 46/113 [00:05<00:07,  8.62it/s]
Epoch 12/50 [Val]:  42%|████▏     | 47/113 [00:05<00:08,  8.21it/s]
Epoch 12/50 [Val]:  42%|████▏     | 48/113 [00:05<00:07,  8.22it/s]
Epoch 12/50 [Val]:  43%|████▎     | 49/113 [00:05<00:07,  8.28it/s]
Epoch 12/50 [Val]:  44%|████▍     | 50/113 [00:05<00:07,  8.32it/s]
Epoch 12/50 [Val]:  45%|████▌     | 51/113 [00:05<00:07,  8.09it/s]
Epoch 12/50 [Val]:  46%|████▌     | 52/113 [00:06<00:09,  6.62it/s]
Epoch 12/50 [Val]:  47%|████▋     | 53/113 [00:06<00:11,  5.18it/s]
Epoch 12/50 [Val]:  48%|████▊     | 54/113 [00:06<00:13,  4.36it/s]
Epoch 12/50 [Val]:  49%|████▊     | 55/113 [00:06<00:11,  4.90it/s]
Epoch 12/50 [Val]:  50%|████▉     | 56/113 [00:07<00:10,  5.48it/s]
Epoch 12/50 [Val]:  50%|█████     | 57/113 [00:07<00:09,  5.94it/s]
Epoch 12/50 [Val]:  52%|█████▏    | 59/113 [00:07<00:07,  7.22it/s]
Epoch 12/50 [Val]:  53%|█████▎    | 60/113 [00:07<00:06,  7.60it/s]
Epoch 12/50 [Val]:  54%|█████▍    | 61/113 [00:07<00:06,  7.57it/s]
Epoch 12/50 [Val]:  55%|█████▍    | 62/113 [00:07<00:07,  7.19it/s]
Epoch 12/50 [Val]:  56%|█████▌    | 63/113 [00:07<00:07,  6.94it/s]
Epoch 12/50 [Val]:  57%|█████▋    | 64/113 [00:08<00:07,  6.81it/s]
Epoch 12/50 [Val]:  58%|█████▊    | 65/113 [00:08<00:07,  6.64it/s]
Epoch 12/50 [Val]:  58%|█████▊    | 66/113 [00:08<00:06,  6.81it/s]
Epoch 12/50 [Val]:  60%|██████    | 68/113 [00:08<00:05,  8.52it/s]
Epoch 12/50 [Val]:  61%|██████    | 69/113 [00:08<00:05,  7.91it/s]
Epoch 12/50 [Val]:  62%|██████▏   | 70/113 [00:08<00:05,  7.88it/s]
Epoch 12/50 [Val]:  63%|██████▎   | 71/113 [00:09<00:05,  7.84it/s]
Epoch 12/50 [Val]:  64%|██████▎   | 72/113 [00:09<00:05,  7.23it/s]
Epoch 12/50 [Val]:  65%|██████▍   | 73/113 [00:09<00:05,  6.83it/s]
Epoch 12/50 [Val]:  66%|██████▋   | 75/113 [00:09<00:04,  7.78it/s]
Epoch 12/50 [Val]:  67%|██████▋   | 76/113 [00:09<00:04,  7.55it/s]
Epoch 12/50 [Val]:  68%|██████▊   | 77/113 [00:09<00:05,  7.04it/s]
Epoch 12/50 [Val]:  69%|██████▉   | 78/113 [00:09<00:04,  7.38it/s]
Epoch 12/50 [Val]:  71%|███████   | 80/113 [00:10<00:03,  8.36it/s]
Epoch 12/50 [Val]:  73%|███████▎  | 82/113 [00:10<00:03, 10.11it/s]
Epoch 12/50 [Val]:  74%|███████▍  | 84/113 [00:10<00:02, 11.72it/s]
Epoch 12/50 [Val]:  76%|███████▌  | 86/113 [00:10<00:02, 13.03it/s]
Epoch 12/50 [Val]:  78%|███████▊  | 88/113 [00:10<00:01, 13.92it/s]
Epoch 12/50 [Val]:  80%|███████▉  | 90/113 [00:10<00:01, 14.79it/s]
Epoch 12/50 [Val]:  81%|████████▏ | 92/113 [00:10<00:01, 15.57it/s]
Epoch 12/50 [Val]:  83%|████████▎ | 94/113 [00:11<00:01, 16.09it/s]
Epoch 12/50 [Val]:  85%|████████▍ | 96/113 [00:11<00:01, 16.67it/s]
Epoch 12/50 [Val]:  87%|████████▋ | 98/113 [00:11<00:00, 15.01it/s]
Epoch 12/50 [Val]:  88%|████████▊ | 100/113 [00:11<00:00, 15.47it/s]
Epoch 12/50 [Val]:  90%|█████████ | 102/113 [00:11<00:00, 15.62it/s]
Epoch 12/50 [Val]:  92%|█████████▏| 104/113 [00:11<00:00, 15.98it/s]
Epoch 12/50 [Val]:  94%|█████████▍| 106/113 [00:11<00:00, 15.32it/s]
Epoch 12/50 [Val]:  96%|█████████▌| 108/113 [00:11<00:00, 15.84it/s]
Epoch 12/50 [Val]:  97%|█████████▋| 110/113 [00:12<00:00, 16.39it/s]
Epoch 12/50 [Val]:  99%|█████████▉| 112/113 [00:12<00:00, 16.61it/s]
                                                                    

Epoch 13/50 [Train]:   0%|          | 0/459 [00:00<?, ?it/s]
Epoch 13/50 [Train]:   0%|          | 2/459 [00:00<00:29, 15.75it/s]
Epoch 13/50 [Train]:   1%|          | 4/459 [00:00<00:30, 14.89it/s]
Epoch 13/50 [Train]:   1%|▏         | 6/459 [00:00<00:30, 14.69it/s]
Epoch 13/50 [Train]:   2%|▏         | 8/459 [00:00<00:31, 14.15it/s]
Epoch 13/50 [Train]:   2%|▏         | 10/459 [00:00<00:31, 14.15it/s]
Epoch 13/50 [Train]:   3%|▎         | 12/459 [00:00<00:30, 14.63it/s]
Epoch 13/50 [Train]:   3%|▎         | 14/459 [00:00<00:29, 14.84it/s]
Epoch 13/50 [Train]:   3%|▎         | 16/459 [00:01<00:30, 14.42it/s]
Epoch 13/50 [Train]:   4%|▍         | 18/459 [00:01<00:30, 14.44it/s]
Epoch 13/50 [Train]:   4%|▍         | 20/459 [00:01<00:30, 14.29it/s]
Epoch 13/50 [Train]:   5%|▍         | 22/459 [00:01<00:31, 13.98it/s]
Epoch 13/50 [Train]:   5%|▌         | 24/459 [00:01<00:30, 14.10it/s]
Epoch 13/50 [Train]:   6%|▌         | 26/459 [00:01<00:29, 14.46it/s]
Epoch 13/50 [Train]:   6%|▌         | 28/459 [00:01<00:29, 14.47it/s]
Epoch 13/50 [Train]:   7%|▋         | 30/459 [00:02<00:30, 14.30it/s]
Epoch 13/50 [Train]:   7%|▋         | 32/459 [00:02<00:29, 14.45it/s]
Epoch 13/50 [Train]:   7%|▋         | 34/459 [00:02<00:28, 14.73it/s]
Epoch 13/50 [Train]:   8%|▊         | 36/459 [00:02<00:28, 14.96it/s]
Epoch 13/50 [Train]:   8%|▊         | 38/459 [00:02<00:28, 14.95it/s]
Epoch 13/50 [Train]:   9%|▊         | 40/459 [00:02<00:28, 14.90it/s]
Epoch 13/50 [Train]:   9%|▉         | 42/459 [00:02<00:28, 14.85it/s]
Epoch 13/50 [Train]:  10%|▉         | 44/459 [00:03<00:27, 15.13it/s]
Epoch 13/50 [Train]:  10%|█         | 46/459 [00:03<00:27, 15.13it/s]
Epoch 13/50 [Train]:  10%|█         | 48/459 [00:03<00:27, 15.11it/s]
Epoch 13/50 [Train]:  11%|█         | 50/459 [00:03<00:27, 15.06it/s]
Epoch 13/50 [Train]:  11%|█▏        | 52/459 [00:03<00:27, 15.07it/s]
Epoch 13/50 [Train]:  12%|█▏        | 54/459 [00:03<00:26, 15.04it/s]
Epoch 13/50 [Train]:  12%|█▏        | 56/459 [00:03<00:26, 15.10it/s]
Epoch 13/50 [Train]:  13%|█▎        | 58/459 [00:03<00:26, 15.27it/s]
Epoch 13/50 [Train]:  13%|█▎        | 60/459 [00:04<00:26, 14.82it/s]
Epoch 13/50 [Train]:  14%|█▎        | 62/459 [00:04<00:27, 14.51it/s]
Epoch 13/50 [Train]:  14%|█▍        | 64/459 [00:04<00:27, 14.48it/s]
Epoch 13/50 [Train]:  14%|█▍        | 66/459 [00:04<00:27, 14.46it/s]
Epoch 13/50 [Train]:  15%|█▍        | 68/459 [00:04<00:26, 14.58it/s]
Epoch 13/50 [Train]:  15%|█▌        | 70/459 [00:04<00:26, 14.71it/s]
Epoch 13/50 [Train]:  16%|█▌        | 72/459 [00:04<00:26, 14.77it/s]
Epoch 13/50 [Train]:  16%|█▌        | 74/459 [00:05<00:26, 14.58it/s]
Epoch 13/50 [Train]:  17%|█▋        | 76/459 [00:05<00:26, 14.56it/s]
Epoch 13/50 [Train]:  17%|█▋        | 78/459 [00:05<00:26, 14.56it/s]
Epoch 13/50 [Train]:  17%|█▋        | 80/459 [00:05<00:25, 14.98it/s]
Epoch 13/50 [Train]:  18%|█▊        | 82/459 [00:05<00:24, 15.31it/s]
Epoch 13/50 [Train]:  18%|█▊        | 84/459 [00:05<00:24, 15.42it/s]
Epoch 13/50 [Train]:  19%|█▊        | 86/459 [00:05<00:24, 15.46it/s]
Epoch 13/50 [Train]:  19%|█▉        | 88/459 [00:05<00:23, 15.66it/s]
Epoch 13/50 [Train]:  20%|█▉        | 90/459 [00:06<00:25, 14.58it/s]
Epoch 13/50 [Train]:  20%|██        | 92/459 [00:06<00:27, 13.35it/s]
Epoch 13/50 [Train]:  20%|██        | 94/459 [00:06<00:31, 11.77it/s]
Epoch 13/50 [Train]:  21%|██        | 96/459 [00:06<00:31, 11.46it/s]
Epoch 13/50 [Train]:  21%|██▏       | 98/459 [00:06<00:32, 11.18it/s]
Epoch 13/50 [Train]:  22%|██▏       | 100/459 [00:07<00:32, 11.02it/s]
Epoch 13/50 [Train]:  22%|██▏       | 102/459 [00:07<00:32, 10.82it/s]
Epoch 13/50 [Train]:  23%|██▎       | 104/459 [00:07<00:33, 10.47it/s]
Epoch 13/50 [Train]:  23%|██▎       | 106/459 [00:07<00:34, 10.35it/s]
Epoch 13/50 [Train]:  24%|██▎       | 108/459 [00:07<00:33, 10.37it/s]
Epoch 13/50 [Train]:  24%|██▍       | 110/459 [00:08<00:34, 10.19it/s]
Epoch 13/50 [Train]:  24%|██▍       | 112/459 [00:08<00:33, 10.37it/s]
Epoch 13/50 [Train]:  25%|██▍       | 114/459 [00:08<00:31, 10.83it/s]
Epoch 13/50 [Train]:  25%|██▌       | 116/459 [00:08<00:32, 10.63it/s]
Epoch 13/50 [Train]:  26%|██▌       | 118/459 [00:08<00:30, 11.22it/s]
Epoch 13/50 [Train]:  26%|██▌       | 120/459 [00:08<00:31, 10.87it/s]
Epoch 13/50 [Train]:  27%|██▋       | 122/459 [00:09<00:31, 10.73it/s]
Epoch 13/50 [Train]:  27%|██▋       | 124/459 [00:09<00:31, 10.63it/s]
Epoch 13/50 [Train]:  27%|██▋       | 126/459 [00:09<00:32, 10.25it/s]
Epoch 13/50 [Train]:  28%|██▊       | 128/459 [00:09<00:30, 10.74it/s]
Epoch 13/50 [Train]:  28%|██▊       | 130/459 [00:09<00:30, 10.81it/s]
Epoch 13/50 [Train]:  29%|██▉       | 132/459 [00:10<00:31, 10.23it/s]
Epoch 13/50 [Train]:  29%|██▉       | 134/459 [00:10<00:31, 10.17it/s]
Epoch 13/50 [Train]:  30%|██▉       | 136/459 [00:10<00:30, 10.55it/s]
Epoch 13/50 [Train]:  30%|███       | 138/459 [00:10<00:32,  9.90it/s]
Epoch 13/50 [Train]:  31%|███       | 140/459 [00:10<00:31, 10.03it/s]
Epoch 13/50 [Train]:  31%|███       | 142/459 [00:11<00:31,  9.94it/s]
Epoch 13/50 [Train]:  31%|███▏      | 144/459 [00:11<00:32,  9.72it/s]
Epoch 13/50 [Train]:  32%|███▏      | 145/459 [00:11<00:33,  9.44it/s]
Epoch 13/50 [Train]:  32%|███▏      | 146/459 [00:11<00:33,  9.25it/s]
Epoch 13/50 [Train]:  32%|███▏      | 148/459 [00:11<00:32,  9.63it/s]
Epoch 13/50 [Train]:  32%|███▏      | 149/459 [00:11<00:32,  9.68it/s]
Epoch 13/50 [Train]:  33%|███▎      | 151/459 [00:12<00:32,  9.60it/s]
Epoch 13/50 [Train]:  33%|███▎      | 153/459 [00:12<00:31,  9.85it/s]
Epoch 13/50 [Train]:  34%|███▎      | 154/459 [00:12<00:30,  9.87it/s]
Epoch 13/50 [Train]:  34%|███▍      | 156/459 [00:12<00:30, 10.05it/s]
Epoch 13/50 [Train]:  34%|███▍      | 158/459 [00:12<00:28, 10.65it/s]
Epoch 13/50 [Train]:  35%|███▍      | 160/459 [00:12<00:28, 10.42it/s]
Epoch 13/50 [Train]:  35%|███▌      | 162/459 [00:13<00:28, 10.33it/s]
Epoch 13/50 [Train]:  36%|███▌      | 164/459 [00:13<00:29, 10.15it/s]
Epoch 13/50 [Train]:  36%|███▌      | 166/459 [00:13<00:27, 10.63it/s]
Epoch 13/50 [Train]:  37%|███▋      | 168/459 [00:13<00:26, 10.83it/s]
Epoch 13/50 [Train]:  37%|███▋      | 170/459 [00:13<00:26, 11.07it/s]
Epoch 13/50 [Train]:  37%|███▋      | 172/459 [00:14<00:26, 11.04it/s]
Epoch 13/50 [Train]:  38%|███▊      | 174/459 [00:14<00:25, 11.30it/s]
Epoch 13/50 [Train]:  38%|███▊      | 176/459 [00:14<00:26, 10.61it/s]
Epoch 13/50 [Train]:  39%|███▉      | 178/459 [00:14<00:29,  9.53it/s]
Epoch 13/50 [Train]:  39%|███▉      | 179/459 [00:14<00:29,  9.45it/s]
Epoch 13/50 [Train]:  39%|███▉      | 181/459 [00:14<00:27, 10.01it/s]
Epoch 13/50 [Train]:  40%|███▉      | 183/459 [00:15<00:25, 10.68it/s]
Epoch 13/50 [Train]:  40%|████      | 185/459 [00:15<00:23, 11.70it/s]
Epoch 13/50 [Train]:  41%|████      | 187/459 [00:15<00:21, 12.43it/s]
Epoch 13/50 [Train]:  41%|████      | 189/459 [00:15<00:20, 13.33it/s]
Epoch 13/50 [Train]:  42%|████▏     | 191/459 [00:15<00:19, 14.09it/s]
Epoch 13/50 [Train]:  42%|████▏     | 193/459 [00:15<00:18, 14.09it/s]
Epoch 13/50 [Train]:  42%|████▏     | 195/459 [00:15<00:17, 14.67it/s]
Epoch 13/50 [Train]:  43%|████▎     | 197/459 [00:16<00:17, 15.09it/s]
Epoch 13/50 [Train]:  43%|████▎     | 199/459 [00:16<00:16, 15.41it/s]
Epoch 13/50 [Train]:  44%|████▍     | 201/459 [00:16<00:16, 15.74it/s]
Epoch 13/50 [Train]:  44%|████▍     | 203/459 [00:16<00:16, 15.90it/s]
Epoch 13/50 [Train]:  45%|████▍     | 205/459 [00:16<00:15, 15.97it/s]
Epoch 13/50 [Train]:  45%|████▌     | 207/459 [00:16<00:15, 15.98it/s]
Epoch 13/50 [Train]:  46%|████▌     | 209/459 [00:16<00:15, 16.08it/s]
Epoch 13/50 [Train]:  46%|████▌     | 211/459 [00:16<00:15, 16.11it/s]
Epoch 13/50 [Train]:  46%|████▋     | 213/459 [00:17<00:15, 16.01it/s]
Epoch 13/50 [Train]:  47%|████▋     | 215/459 [00:17<00:15, 15.35it/s]
Epoch 13/50 [Train]:  47%|████▋     | 217/459 [00:17<00:16, 14.69it/s]
Epoch 13/50 [Train]:  48%|████▊     | 219/459 [00:17<00:16, 14.64it/s]
Epoch 13/50 [Train]:  48%|████▊     | 221/459 [00:17<00:16, 14.68it/s]
Epoch 13/50 [Train]:  49%|████▊     | 223/459 [00:17<00:15, 14.90it/s]
Epoch 13/50 [Train]:  49%|████▉     | 225/459 [00:17<00:15, 15.07it/s]
Epoch 13/50 [Train]:  49%|████▉     | 227/459 [00:17<00:15, 15.22it/s]
Epoch 13/50 [Train]:  50%|████▉     | 229/459 [00:18<00:14, 15.45it/s]
Epoch 13/50 [Train]:  50%|█████     | 231/459 [00:18<00:14, 15.44it/s]
Epoch 13/50 [Train]:  51%|█████     | 233/459 [00:18<00:14, 15.64it/s]
Epoch 13/50 [Train]:  51%|█████     | 235/459 [00:18<00:14, 15.72it/s]
Epoch 13/50 [Train]:  52%|█████▏    | 237/459 [00:18<00:14, 15.75it/s]
Epoch 13/50 [Train]:  52%|█████▏    | 239/459 [00:18<00:14, 15.57it/s]
Epoch 13/50 [Train]:  53%|█████▎    | 241/459 [00:18<00:14, 15.55it/s]
Epoch 13/50 [Train]:  53%|█████▎    | 243/459 [00:19<00:14, 15.22it/s]
Epoch 13/50 [Train]:  53%|█████▎    | 245/459 [00:19<00:13, 15.38it/s]
Epoch 13/50 [Train]:  54%|█████▍    | 247/459 [00:19<00:13, 15.37it/s]
Epoch 13/50 [Train]:  54%|█████▍    | 249/459 [00:19<00:13, 15.72it/s]
Epoch 13/50 [Train]:  55%|█████▍    | 251/459 [00:19<00:13, 15.80it/s]
Epoch 13/50 [Train]:  55%|█████▌    | 253/459 [00:19<00:13, 15.69it/s]
Epoch 13/50 [Train]:  56%|█████▌    | 255/459 [00:19<00:12, 15.75it/s]
Epoch 13/50 [Train]:  56%|█████▌    | 257/459 [00:19<00:12, 15.77it/s]
Epoch 13/50 [Train]:  56%|█████▋    | 259/459 [00:20<00:12, 15.78it/s]
Epoch 13/50 [Train]:  57%|█████▋    | 261/459 [00:20<00:12, 15.87it/s]
Epoch 13/50 [Train]:  57%|█████▋    | 263/459 [00:20<00:12, 15.99it/s]
Epoch 13/50 [Train]:  58%|█████▊    | 265/459 [00:20<00:12, 15.71it/s]
Epoch 13/50 [Train]:  58%|█████▊    | 267/459 [00:20<00:12, 14.95it/s]
Epoch 13/50 [Train]:  59%|█████▊    | 269/459 [00:20<00:13, 14.21it/s]
Epoch 13/50 [Train]:  59%|█████▉    | 271/459 [00:20<00:12, 14.49it/s]
Epoch 13/50 [Train]:  59%|█████▉    | 273/459 [00:20<00:12, 14.92it/s]
Epoch 13/50 [Train]:  60%|█████▉    | 275/459 [00:21<00:12, 14.74it/s]
Epoch 13/50 [Train]:  60%|██████    | 277/459 [00:21<00:12, 15.06it/s]
Epoch 13/50 [Train]:  61%|██████    | 279/459 [00:21<00:11, 15.47it/s]
Epoch 13/50 [Train]:  61%|██████    | 281/459 [00:21<00:11, 15.76it/s]
Epoch 13/50 [Train]:  62%|██████▏   | 283/459 [00:21<00:11, 15.93it/s]
Epoch 13/50 [Train]:  62%|██████▏   | 285/459 [00:21<00:10, 16.06it/s]
Epoch 13/50 [Train]:  63%|██████▎   | 287/459 [00:21<00:10, 16.08it/s]
Epoch 13/50 [Train]:  63%|██████▎   | 289/459 [00:21<00:10, 16.02it/s]
Epoch 13/50 [Train]:  63%|██████▎   | 291/459 [00:22<00:10, 16.13it/s]
Epoch 13/50 [Train]:  64%|██████▍   | 293/459 [00:22<00:10, 16.26it/s]
Epoch 13/50 [Train]:  64%|██████▍   | 295/459 [00:22<00:10, 16.27it/s]
Epoch 13/50 [Train]:  65%|██████▍   | 297/459 [00:22<00:10, 15.65it/s]
Epoch 13/50 [Train]:  65%|██████▌   | 299/459 [00:22<00:10, 15.83it/s]
Epoch 13/50 [Train]:  66%|██████▌   | 301/459 [00:22<00:09, 15.85it/s]
Epoch 13/50 [Train]:  66%|██████▌   | 303/459 [00:22<00:09, 15.84it/s]
Epoch 13/50 [Train]:  66%|██████▋   | 305/459 [00:22<00:09, 15.82it/s]
Epoch 13/50 [Train]:  67%|██████▋   | 307/459 [00:23<00:09, 15.96it/s]
Epoch 13/50 [Train]:  67%|██████▋   | 309/459 [00:23<00:09, 15.66it/s]
Epoch 13/50 [Train]:  68%|██████▊   | 311/459 [00:23<00:09, 15.88it/s]
Epoch 13/50 [Train]:  68%|██████▊   | 313/459 [00:23<00:09, 16.00it/s]
Epoch 13/50 [Train]:  69%|██████▊   | 315/459 [00:23<00:09, 15.34it/s]
Epoch 13/50 [Train]:  69%|██████▉   | 317/459 [00:23<00:09, 15.52it/s]
Epoch 13/50 [Train]:  69%|██████▉   | 319/459 [00:23<00:08, 15.70it/s]
Epoch 13/50 [Train]:  70%|██████▉   | 321/459 [00:23<00:08, 15.85it/s]
Epoch 13/50 [Train]:  70%|███████   | 323/459 [00:24<00:08, 15.86it/s]
Epoch 13/50 [Train]:  71%|███████   | 325/459 [00:24<00:08, 15.94it/s]
Epoch 13/50 [Train]:  71%|███████   | 327/459 [00:24<00:08, 15.96it/s]
Epoch 13/50 [Train]:  72%|███████▏  | 329/459 [00:24<00:08, 15.93it/s]
Epoch 13/50 [Train]:  72%|███████▏  | 331/459 [00:24<00:08, 15.98it/s]
Epoch 13/50 [Train]:  73%|███████▎  | 333/459 [00:24<00:07, 15.85it/s]
Epoch 13/50 [Train]:  73%|███████▎  | 335/459 [00:24<00:07, 15.86it/s]
Epoch 13/50 [Train]:  73%|███████▎  | 337/459 [00:24<00:07, 16.15it/s]
Epoch 13/50 [Train]:  74%|███████▍  | 339/459 [00:25<00:07, 15.75it/s]
Epoch 13/50 [Train]:  74%|███████▍  | 341/459 [00:25<00:07, 15.92it/s]
Epoch 13/50 [Train]:  75%|███████▍  | 343/459 [00:25<00:07, 16.05it/s]
Epoch 13/50 [Train]:  75%|███████▌  | 345/459 [00:25<00:07, 15.83it/s]
Epoch 13/50 [Train]:  76%|███████▌  | 347/459 [00:25<00:07, 15.70it/s]
Epoch 13/50 [Train]:  76%|███████▌  | 349/459 [00:25<00:06, 15.85it/s]
Epoch 13/50 [Train]:  76%|███████▋  | 351/459 [00:25<00:06, 15.67it/s]
Epoch 13/50 [Train]:  77%|███████▋  | 353/459 [00:25<00:06, 15.82it/s]
Epoch 13/50 [Train]:  77%|███████▋  | 355/459 [00:26<00:06, 15.85it/s]
Epoch 13/50 [Train]:  78%|███████▊  | 357/459 [00:26<00:06, 15.99it/s]
Epoch 13/50 [Train]:  78%|███████▊  | 359/459 [00:26<00:06, 15.27it/s]
Epoch 13/50 [Train]:  79%|███████▊  | 361/459 [00:26<00:06, 15.57it/s]
Epoch 13/50 [Train]:  79%|███████▉  | 363/459 [00:26<00:06, 15.79it/s]
Epoch 13/50 [Train]:  80%|███████▉  | 365/459 [00:26<00:05, 15.72it/s]
Epoch 13/50 [Train]:  80%|███████▉  | 367/459 [00:26<00:05, 15.37it/s]
Epoch 13/50 [Train]:  80%|████████  | 369/459 [00:27<00:06, 14.90it/s]
Epoch 13/50 [Train]:  81%|████████  | 371/459 [00:27<00:06, 14.46it/s]
Epoch 13/50 [Train]:  81%|████████▏ | 373/459 [00:27<00:05, 14.66it/s]
Epoch 13/50 [Train]:  82%|████████▏ | 375/459 [00:27<00:05, 15.17it/s]
Epoch 13/50 [Train]:  82%|████████▏ | 377/459 [00:27<00:05, 15.43it/s]
Epoch 13/50 [Train]:  83%|████████▎ | 379/459 [00:27<00:05, 15.50it/s]
Epoch 13/50 [Train]:  83%|████████▎ | 381/459 [00:27<00:04, 15.62it/s]
Epoch 13/50 [Train]:  83%|████████▎ | 383/459 [00:27<00:04, 15.57it/s]
Epoch 13/50 [Train]:  84%|████████▍ | 385/459 [00:28<00:04, 15.72it/s]
Epoch 13/50 [Train]:  84%|████████▍ | 387/459 [00:28<00:04, 15.30it/s]
Epoch 13/50 [Train]:  85%|████████▍ | 389/459 [00:28<00:04, 15.54it/s]
Epoch 13/50 [Train]:  85%|████████▌ | 391/459 [00:28<00:04, 15.60it/s]
Epoch 13/50 [Train]:  86%|████████▌ | 393/459 [00:28<00:04, 15.22it/s]
Epoch 13/50 [Train]:  86%|████████▌ | 395/459 [00:28<00:04, 14.91it/s]
Epoch 13/50 [Train]:  86%|████████▋ | 397/459 [00:28<00:04, 14.82it/s]
Epoch 13/50 [Train]:  87%|████████▋ | 399/459 [00:29<00:03, 15.24it/s]
Epoch 13/50 [Train]:  87%|████████▋ | 401/459 [00:29<00:03, 14.69it/s]
Epoch 13/50 [Train]:  88%|████████▊ | 403/459 [00:29<00:03, 14.95it/s]
Epoch 13/50 [Train]:  88%|████████▊ | 405/459 [00:29<00:03, 15.24it/s]
Epoch 13/50 [Train]:  89%|████████▊ | 407/459 [00:29<00:03, 15.62it/s]
Epoch 13/50 [Train]:  89%|████████▉ | 409/459 [00:29<00:03, 15.72it/s]
Epoch 13/50 [Train]:  90%|████████▉ | 411/459 [00:29<00:03, 15.82it/s]
Epoch 13/50 [Train]:  90%|████████▉ | 413/459 [00:29<00:02, 15.83it/s]
Epoch 13/50 [Train]:  90%|█████████ | 415/459 [00:30<00:02, 15.95it/s]
Epoch 13/50 [Train]:  91%|█████████ | 417/459 [00:30<00:02, 16.00it/s]
Epoch 13/50 [Train]:  91%|█████████▏| 419/459 [00:30<00:02, 15.75it/s]
Epoch 13/50 [Train]:  92%|█████████▏| 421/459 [00:30<00:02, 15.79it/s]
Epoch 13/50 [Train]:  92%|█████████▏| 423/459 [00:30<00:02, 15.91it/s]
Epoch 13/50 [Train]:  93%|█████████▎| 425/459 [00:30<00:02, 15.76it/s]
Epoch 13/50 [Train]:  93%|█████████▎| 427/459 [00:30<00:02, 15.79it/s]
Epoch 13/50 [Train]:  93%|█████████▎| 429/459 [00:30<00:01, 15.89it/s]
Epoch 13/50 [Train]:  94%|█████████▍| 431/459 [00:31<00:01, 15.72it/s]
Epoch 13/50 [Train]:  94%|█████████▍| 433/459 [00:31<00:01, 15.38it/s]
Epoch 13/50 [Train]:  95%|█████████▍| 435/459 [00:31<00:01, 15.10it/s]
Epoch 13/50 [Train]:  95%|█████████▌| 437/459 [00:31<00:01, 15.42it/s]
Epoch 13/50 [Train]:  96%|█████████▌| 439/459 [00:31<00:01, 15.65it/s]
Epoch 13/50 [Train]:  96%|█████████▌| 441/459 [00:31<00:01, 15.57it/s]
Epoch 13/50 [Train]:  97%|█████████▋| 443/459 [00:31<00:01, 15.57it/s]
Epoch 13/50 [Train]:  97%|█████████▋| 445/459 [00:32<00:01, 13.40it/s]
Epoch 13/50 [Train]:  97%|█████████▋| 447/459 [00:32<00:00, 12.55it/s]
Epoch 13/50 [Train]:  98%|█████████▊| 449/459 [00:32<00:00, 11.49it/s]
Epoch 13/50 [Train]:  98%|█████████▊| 451/459 [00:32<00:00, 11.12it/s]
Epoch 13/50 [Train]:  99%|█████████▊| 453/459 [00:32<00:00, 10.92it/s]
Epoch 13/50 [Train]:  99%|█████████▉| 455/459 [00:32<00:00, 10.84it/s]
Epoch 13/50 [Train]: 100%|█████████▉| 457/459 [00:33<00:00, 11.00it/s]
Epoch 13/50 [Train]: 100%|██████████| 459/459 [00:33<00:00, 11.26it/s]
                                                                      

Epoch 13/50 [Val]:   0%|          | 0/113 [00:00<?, ?it/s]
Epoch 13/50 [Val]:   2%|▏         | 2/113 [00:00<00:09, 11.43it/s]
Epoch 13/50 [Val]:   4%|▎         | 4/113 [00:00<00:12,  9.03it/s]
Epoch 13/50 [Val]:   4%|▍         | 5/113 [00:00<00:12,  8.71it/s]
Epoch 13/50 [Val]:   5%|▌         | 6/113 [00:00<00:12,  8.28it/s]
Epoch 13/50 [Val]:   6%|▌         | 7/113 [00:00<00:13,  8.11it/s]
Epoch 13/50 [Val]:   7%|▋         | 8/113 [00:00<00:12,  8.17it/s]
Epoch 13/50 [Val]:   8%|▊         | 9/113 [00:01<00:12,  8.34it/s]
Epoch 13/50 [Val]:  10%|▉         | 11/113 [00:01<00:11,  9.14it/s]
Epoch 13/50 [Val]:  11%|█         | 12/113 [00:01<00:11,  8.63it/s]
Epoch 13/50 [Val]:  12%|█▏        | 13/113 [00:01<00:11,  8.38it/s]
Epoch 13/50 [Val]:  12%|█▏        | 14/113 [00:01<00:12,  8.07it/s]
Epoch 13/50 [Val]:  13%|█▎        | 15/113 [00:01<00:12,  7.69it/s]
Epoch 13/50 [Val]:  14%|█▍        | 16/113 [00:01<00:12,  7.54it/s]
Epoch 13/50 [Val]:  15%|█▌        | 17/113 [00:02<00:15,  6.32it/s]
Epoch 13/50 [Val]:  16%|█▌        | 18/113 [00:02<00:15,  6.21it/s]
Epoch 13/50 [Val]:  17%|█▋        | 19/113 [00:02<00:13,  6.90it/s]
Epoch 13/50 [Val]:  18%|█▊        | 20/113 [00:02<00:12,  7.23it/s]
Epoch 13/50 [Val]:  19%|█▊        | 21/113 [00:02<00:13,  6.81it/s]
Epoch 13/50 [Val]:  20%|██        | 23/113 [00:02<00:11,  7.80it/s]
Epoch 13/50 [Val]:  21%|██        | 24/113 [00:03<00:12,  7.31it/s]
Epoch 13/50 [Val]:  23%|██▎       | 26/113 [00:03<00:09,  8.92it/s]
Epoch 13/50 [Val]:  24%|██▍       | 27/113 [00:03<00:10,  8.48it/s]
Epoch 13/50 [Val]:  25%|██▍       | 28/113 [00:03<00:10,  8.01it/s]
Epoch 13/50 [Val]:  26%|██▌       | 29/113 [00:03<00:11,  7.46it/s]
Epoch 13/50 [Val]:  27%|██▋       | 30/113 [00:03<00:11,  7.47it/s]
Epoch 13/50 [Val]:  27%|██▋       | 31/113 [00:03<00:11,  7.30it/s]
Epoch 13/50 [Val]:  29%|██▉       | 33/113 [00:04<00:10,  7.87it/s]
Epoch 13/50 [Val]:  30%|███       | 34/113 [00:04<00:10,  7.81it/s]
Epoch 13/50 [Val]:  31%|███       | 35/113 [00:04<00:10,  7.66it/s]
Epoch 13/50 [Val]:  33%|███▎      | 37/113 [00:04<00:08,  8.59it/s]
Epoch 13/50 [Val]:  34%|███▎      | 38/113 [00:04<00:09,  8.33it/s]
Epoch 13/50 [Val]:  35%|███▍      | 39/113 [00:04<00:09,  8.21it/s]
Epoch 13/50 [Val]:  35%|███▌      | 40/113 [00:05<00:09,  7.98it/s]
Epoch 13/50 [Val]:  36%|███▋      | 41/113 [00:05<00:09,  7.93it/s]
Epoch 13/50 [Val]:  38%|███▊      | 43/113 [00:05<00:07,  9.17it/s]
Epoch 13/50 [Val]:  39%|███▉      | 44/113 [00:05<00:08,  8.33it/s]
Epoch 13/50 [Val]:  40%|███▉      | 45/113 [00:05<00:08,  7.58it/s]
Epoch 13/50 [Val]:  41%|████      | 46/113 [00:05<00:08,  7.55it/s]
Epoch 13/50 [Val]:  42%|████▏     | 47/113 [00:05<00:09,  7.18it/s]
Epoch 13/50 [Val]:  42%|████▏     | 48/113 [00:06<00:09,  7.04it/s]
Epoch 13/50 [Val]:  43%|████▎     | 49/113 [00:06<00:11,  5.75it/s]
Epoch 13/50 [Val]:  44%|████▍     | 50/113 [00:06<00:10,  6.03it/s]
Epoch 13/50 [Val]:  45%|████▌     | 51/113 [00:06<00:09,  6.37it/s]
Epoch 13/50 [Val]:  47%|████▋     | 53/113 [00:06<00:06,  8.71it/s]
Epoch 13/50 [Val]:  49%|████▊     | 55/113 [00:06<00:05, 10.73it/s]
Epoch 13/50 [Val]:  50%|█████     | 57/113 [00:07<00:04, 12.00it/s]
Epoch 13/50 [Val]:  52%|█████▏    | 59/113 [00:07<00:04, 12.92it/s]
Epoch 13/50 [Val]:  54%|█████▍    | 61/113 [00:07<00:03, 13.86it/s]
Epoch 13/50 [Val]:  56%|█████▌    | 63/113 [00:07<00:03, 14.33it/s]
Epoch 13/50 [Val]:  58%|█████▊    | 65/113 [00:07<00:03, 14.56it/s]
Epoch 13/50 [Val]:  59%|█████▉    | 67/113 [00:07<00:03, 14.30it/s]
Epoch 13/50 [Val]:  61%|██████    | 69/113 [00:07<00:03, 14.56it/s]
Epoch 13/50 [Val]:  63%|██████▎   | 71/113 [00:07<00:02, 15.13it/s]
Epoch 13/50 [Val]:  65%|██████▍   | 73/113 [00:08<00:02, 15.51it/s]
Epoch 13/50 [Val]:  66%|██████▋   | 75/113 [00:08<00:02, 15.73it/s]
Epoch 13/50 [Val]:  68%|██████▊   | 77/113 [00:08<00:02, 15.66it/s]
Epoch 13/50 [Val]:  70%|██████▉   | 79/113 [00:08<00:02, 15.71it/s]
Epoch 13/50 [Val]:  72%|███████▏  | 81/113 [00:08<00:02, 15.38it/s]
Epoch 13/50 [Val]:  73%|███████▎  | 83/113 [00:08<00:01, 15.46it/s]
Epoch 13/50 [Val]:  75%|███████▌  | 85/113 [00:08<00:01, 15.29it/s]
Epoch 13/50 [Val]:  77%|███████▋  | 87/113 [00:08<00:01, 15.36it/s]
Epoch 13/50 [Val]:  79%|███████▉  | 89/113 [00:09<00:01, 15.54it/s]
Epoch 13/50 [Val]:  81%|████████  | 91/113 [00:09<00:01, 15.86it/s]
Epoch 13/50 [Val]:  82%|████████▏ | 93/113 [00:09<00:01, 16.05it/s]
Epoch 13/50 [Val]:  84%|████████▍ | 95/113 [00:09<00:01, 15.66it/s]
Epoch 13/50 [Val]:  86%|████████▌ | 97/113 [00:09<00:01, 15.93it/s]
Epoch 13/50 [Val]:  88%|████████▊ | 99/113 [00:09<00:00, 15.95it/s]
Epoch 13/50 [Val]:  89%|████████▉ | 101/113 [00:09<00:00, 15.74it/s]
Epoch 13/50 [Val]:  91%|█████████ | 103/113 [00:09<00:00, 15.60it/s]
Epoch 13/50 [Val]:  93%|█████████▎| 105/113 [00:10<00:00, 15.94it/s]
Epoch 13/50 [Val]:  95%|█████████▍| 107/113 [00:10<00:00, 15.89it/s]
Epoch 13/50 [Val]:  96%|█████████▋| 109/113 [00:10<00:00, 16.27it/s]
Epoch 13/50 [Val]:  98%|█████████▊| 111/113 [00:10<00:00, 15.50it/s]
                                                                    

Epoch 14/50 [Train]:   0%|          | 0/459 [00:00<?, ?it/s]
Epoch 14/50 [Train]:   0%|          | 2/459 [00:00<00:30, 14.89it/s]
Epoch 14/50 [Train]:   1%|          | 4/459 [00:00<00:29, 15.44it/s]
Epoch 14/50 [Train]:   1%|▏         | 6/459 [00:00<00:29, 15.33it/s]
Epoch 14/50 [Train]:   2%|▏         | 8/459 [00:00<00:28, 15.61it/s]
Epoch 14/50 [Train]:   2%|▏         | 10/459 [00:00<00:28, 15.57it/s]
Epoch 14/50 [Train]:   3%|▎         | 12/459 [00:00<00:28, 15.55it/s]
Epoch 14/50 [Train]:   3%|▎         | 14/459 [00:00<00:28, 15.66it/s]
Epoch 14/50 [Train]:   3%|▎         | 16/459 [00:01<00:28, 15.63it/s]
Epoch 14/50 [Train]:   4%|▍         | 18/459 [00:01<00:28, 15.59it/s]
Epoch 14/50 [Train]:   4%|▍         | 20/459 [00:01<00:28, 15.50it/s]
Epoch 14/50 [Train]:   5%|▍         | 22/459 [00:01<00:28, 15.60it/s]
Epoch 14/50 [Train]:   5%|▌         | 24/459 [00:01<00:27, 15.60it/s]
Epoch 14/50 [Train]:   6%|▌         | 26/459 [00:01<00:27, 15.72it/s]
Epoch 14/50 [Train]:   6%|▌         | 28/459 [00:01<00:27, 15.40it/s]
Epoch 14/50 [Train]:   7%|▋         | 30/459 [00:01<00:27, 15.36it/s]
Epoch 14/50 [Train]:   7%|▋         | 32/459 [00:02<00:27, 15.43it/s]
Epoch 14/50 [Train]:   7%|▋         | 34/459 [00:02<00:27, 15.44it/s]
Epoch 14/50 [Train]:   8%|▊         | 36/459 [00:02<00:27, 15.36it/s]
Epoch 14/50 [Train]:   8%|▊         | 38/459 [00:02<00:27, 15.48it/s]
Epoch 14/50 [Train]:   9%|▊         | 40/459 [00:02<00:27, 15.50it/s]
Epoch 14/50 [Train]:   9%|▉         | 42/459 [00:02<00:26, 15.48it/s]
Epoch 14/50 [Train]:  10%|▉         | 44/459 [00:02<00:26, 15.62it/s]
Epoch 14/50 [Train]:  10%|█         | 46/459 [00:02<00:26, 15.56it/s]
Epoch 14/50 [Train]:  10%|█         | 48/459 [00:03<00:26, 15.53it/s]
Epoch 14/50 [Train]:  11%|█         | 50/459 [00:03<00:26, 15.56it/s]
Epoch 14/50 [Train]:  11%|█▏        | 52/459 [00:03<00:26, 15.56it/s]
Epoch 14/50 [Train]:  12%|█▏        | 54/459 [00:03<00:25, 15.66it/s]
Epoch 14/50 [Train]:  12%|█▏        | 56/459 [00:03<00:25, 15.63it/s]
Epoch 14/50 [Train]:  13%|█▎        | 58/459 [00:03<00:26, 15.10it/s]
Epoch 14/50 [Train]:  13%|█▎        | 60/459 [00:03<00:26, 15.10it/s]
Epoch 14/50 [Train]:  14%|█▎        | 62/459 [00:04<00:25, 15.29it/s]
Epoch 14/50 [Train]:  14%|█▍        | 64/459 [00:04<00:25, 15.26it/s]
Epoch 14/50 [Train]:  14%|█▍        | 66/459 [00:04<00:25, 15.32it/s]
Epoch 14/50 [Train]:  15%|█▍        | 68/459 [00:04<00:25, 15.42it/s]
Epoch 14/50 [Train]:  15%|█▌        | 70/459 [00:04<00:25, 15.45it/s]
Epoch 14/50 [Train]:  16%|█▌        | 72/459 [00:04<00:25, 15.28it/s]
Epoch 14/50 [Train]:  16%|█▌        | 74/459 [00:04<00:25, 15.37it/s]
Epoch 14/50 [Train]:  17%|█▋        | 76/459 [00:04<00:24, 15.37it/s]
Epoch 14/50 [Train]:  17%|█▋        | 78/459 [00:05<00:24, 15.42it/s]
Epoch 14/50 [Train]:  17%|█▋        | 80/459 [00:05<00:24, 15.60it/s]
Epoch 14/50 [Train]:  18%|█▊        | 82/459 [00:05<00:23, 15.85it/s]
Epoch 14/50 [Train]:  18%|█▊        | 84/459 [00:05<00:23, 15.88it/s]
Epoch 14/50 [Train]:  19%|█▊        | 86/459 [00:05<00:23, 15.97it/s]
Epoch 14/50 [Train]:  19%|█▉        | 88/459 [00:05<00:23, 16.04it/s]
Epoch 14/50 [Train]:  20%|█▉        | 90/459 [00:05<00:23, 15.75it/s]
Epoch 14/50 [Train]:  20%|██        | 92/459 [00:05<00:23, 15.76it/s]
Epoch 14/50 [Train]:  20%|██        | 94/459 [00:06<00:23, 15.79it/s]
Epoch 14/50 [Train]:  21%|██        | 96/459 [00:06<00:23, 15.75it/s]
Epoch 14/50 [Train]:  21%|██▏       | 98/459 [00:06<00:23, 15.65it/s]
Epoch 14/50 [Train]:  22%|██▏       | 100/459 [00:06<00:22, 15.64it/s]
Epoch 14/50 [Train]:  22%|██▏       | 102/459 [00:06<00:22, 15.55it/s]
Epoch 14/50 [Train]:  23%|██▎       | 104/459 [00:06<00:22, 15.52it/s]
Epoch 14/50 [Train]:  23%|██▎       | 106/459 [00:06<00:22, 15.52it/s]
Epoch 14/50 [Train]:  24%|██▎       | 108/459 [00:06<00:22, 15.58it/s]
Epoch 14/50 [Train]:  24%|██▍       | 110/459 [00:07<00:22, 15.57it/s]
Epoch 14/50 [Train]:  24%|██▍       | 112/459 [00:07<00:22, 15.60it/s]
Epoch 14/50 [Train]:  25%|██▍       | 114/459 [00:07<00:21, 15.71it/s]
Epoch 14/50 [Train]:  25%|██▌       | 116/459 [00:07<00:21, 15.82it/s]
Epoch 14/50 [Train]:  26%|██▌       | 118/459 [00:07<00:21, 15.64it/s]
Epoch 14/50 [Train]:  26%|██▌       | 120/459 [00:07<00:21, 15.54it/s]
Epoch 14/50 [Train]:  27%|██▋       | 122/459 [00:07<00:21, 15.37it/s]
Epoch 14/50 [Train]:  27%|██▋       | 124/459 [00:07<00:21, 15.27it/s]
Epoch 14/50 [Train]:  27%|██▋       | 126/459 [00:08<00:21, 15.39it/s]
Epoch 14/50 [Train]:  28%|██▊       | 128/459 [00:08<00:21, 15.45it/s]
Epoch 14/50 [Train]:  28%|██▊       | 130/459 [00:08<00:21, 15.37it/s]
Epoch 14/50 [Train]:  29%|██▉       | 132/459 [00:08<00:21, 15.45it/s]
Epoch 14/50 [Train]:  29%|██▉       | 134/459 [00:08<00:20, 15.53it/s]
Epoch 14/50 [Train]:  30%|██▉       | 136/459 [00:08<00:20, 15.56it/s]
Epoch 14/50 [Train]:  30%|███       | 138/459 [00:08<00:21, 15.25it/s]
Epoch 14/50 [Train]:  31%|███       | 140/459 [00:09<00:20, 15.44it/s]
Epoch 14/50 [Train]:  31%|███       | 142/459 [00:09<00:20, 15.66it/s]
Epoch 14/50 [Train]:  31%|███▏      | 144/459 [00:09<00:20, 15.70it/s]
Epoch 14/50 [Train]:  32%|███▏      | 146/459 [00:09<00:20, 15.60it/s]
Epoch 14/50 [Train]:  32%|███▏      | 148/459 [00:09<00:19, 15.62it/s]
Epoch 14/50 [Train]:  33%|███▎      | 150/459 [00:09<00:19, 15.46it/s]
Epoch 14/50 [Train]:  33%|███▎      | 152/459 [00:09<00:19, 15.40it/s]
Epoch 14/50 [Train]:  34%|███▎      | 154/459 [00:09<00:19, 15.43it/s]
Epoch 14/50 [Train]:  34%|███▍      | 156/459 [00:10<00:19, 15.65it/s]
Epoch 14/50 [Train]:  34%|███▍      | 158/459 [00:10<00:19, 15.82it/s]
Epoch 14/50 [Train]:  35%|███▍      | 160/459 [00:10<00:18, 15.86it/s]
Epoch 14/50 [Train]:  35%|███▌      | 162/459 [00:10<00:18, 15.84it/s]
Epoch 14/50 [Train]:  36%|███▌      | 164/459 [00:10<00:18, 15.90it/s]
Epoch 14/50 [Train]:  36%|███▌      | 166/459 [00:10<00:18, 15.93it/s]
Epoch 14/50 [Train]:  37%|███▋      | 168/459 [00:10<00:18, 15.75it/s]
Epoch 14/50 [Train]:  37%|███▋      | 170/459 [00:10<00:18, 15.86it/s]
Epoch 14/50 [Train]:  37%|███▋      | 172/459 [00:11<00:18, 15.81it/s]
Epoch 14/50 [Train]:  38%|███▊      | 174/459 [00:11<00:18, 15.83it/s]
Epoch 14/50 [Train]:  38%|███▊      | 176/459 [00:11<00:17, 15.81it/s]
Epoch 14/50 [Train]:  39%|███▉      | 178/459 [00:11<00:17, 15.74it/s]
Epoch 14/50 [Train]:  39%|███▉      | 180/459 [00:11<00:17, 15.84it/s]
Epoch 14/50 [Train]:  40%|███▉      | 182/459 [00:11<00:17, 15.88it/s]
Epoch 14/50 [Train]:  40%|████      | 184/459 [00:11<00:17, 15.91it/s]
Epoch 14/50 [Train]:  41%|████      | 186/459 [00:11<00:17, 15.86it/s]
Epoch 14/50 [Train]:  41%|████      | 188/459 [00:12<00:17, 15.82it/s]
Epoch 14/50 [Train]:  41%|████▏     | 190/459 [00:12<00:17, 15.69it/s]
Epoch 14/50 [Train]:  42%|████▏     | 192/459 [00:12<00:17, 15.68it/s]
Epoch 14/50 [Train]:  42%|████▏     | 194/459 [00:12<00:16, 15.87it/s]
Epoch 14/50 [Train]:  43%|████▎     | 196/459 [00:12<00:16, 15.71it/s]
Epoch 14/50 [Train]:  43%|████▎     | 198/459 [00:12<00:16, 15.38it/s]
Epoch 14/50 [Train]:  44%|████▎     | 200/459 [00:12<00:16, 15.46it/s]
Epoch 14/50 [Train]:  44%|████▍     | 202/459 [00:12<00:16, 15.28it/s]
Epoch 14/50 [Train]:  44%|████▍     | 204/459 [00:13<00:16, 15.38it/s]
Epoch 14/50 [Train]:  45%|████▍     | 206/459 [00:13<00:16, 15.45it/s]
Epoch 14/50 [Train]:  45%|████▌     | 208/459 [00:13<00:16, 15.29it/s]
Epoch 14/50 [Train]:  46%|████▌     | 210/459 [00:13<00:16, 15.45it/s]
Epoch 14/50 [Train]:  46%|████▌     | 212/459 [00:13<00:16, 15.36it/s]
Epoch 14/50 [Train]:  47%|████▋     | 214/459 [00:13<00:15, 15.40it/s]
Epoch 14/50 [Train]:  47%|████▋     | 216/459 [00:13<00:15, 15.36it/s]
Epoch 14/50 [Train]:  47%|████▋     | 218/459 [00:14<00:15, 15.40it/s]
Epoch 14/50 [Train]:  48%|████▊     | 220/459 [00:14<00:15, 15.51it/s]
Epoch 14/50 [Train]:  48%|████▊     | 222/459 [00:14<00:15, 15.66it/s]
Epoch 14/50 [Train]:  49%|████▉     | 224/459 [00:14<00:15, 15.59it/s]
Epoch 14/50 [Train]:  49%|████▉     | 226/459 [00:14<00:15, 15.43it/s]
Epoch 14/50 [Train]:  50%|████▉     | 228/459 [00:14<00:14, 15.55it/s]
Epoch 14/50 [Train]:  50%|█████     | 230/459 [00:14<00:15, 15.03it/s]
Epoch 14/50 [Train]:  51%|█████     | 232/459 [00:14<00:14, 15.17it/s]
Epoch 14/50 [Train]:  51%|█████     | 234/459 [00:15<00:14, 15.17it/s]
Epoch 14/50 [Train]:  51%|█████▏    | 236/459 [00:15<00:14, 15.28it/s]
Epoch 14/50 [Train]:  52%|█████▏    | 238/459 [00:15<00:14, 15.35it/s]
Epoch 14/50 [Train]:  52%|█████▏    | 240/459 [00:15<00:14, 15.46it/s]
Epoch 14/50 [Train]:  53%|█████▎    | 242/459 [00:15<00:13, 15.59it/s]
Epoch 14/50 [Train]:  53%|█████▎    | 244/459 [00:15<00:13, 15.45it/s]
Epoch 14/50 [Train]:  54%|█████▎    | 246/459 [00:15<00:13, 15.29it/s]
Epoch 14/50 [Train]:  54%|█████▍    | 248/459 [00:15<00:13, 15.62it/s]
Epoch 14/50 [Train]:  54%|█████▍    | 250/459 [00:16<00:13, 15.73it/s]
Epoch 14/50 [Train]:  55%|█████▍    | 252/459 [00:16<00:13, 15.82it/s]
Epoch 14/50 [Train]:  55%|█████▌    | 254/459 [00:16<00:13, 15.70it/s]
Epoch 14/50 [Train]:  56%|█████▌    | 256/459 [00:16<00:12, 15.75it/s]
Epoch 14/50 [Train]:  56%|█████▌    | 258/459 [00:16<00:12, 15.68it/s]
Epoch 14/50 [Train]:  57%|█████▋    | 260/459 [00:16<00:12, 15.44it/s]
Epoch 14/50 [Train]:  57%|█████▋    | 262/459 [00:16<00:12, 15.55it/s]
Epoch 14/50 [Train]:  58%|█████▊    | 264/459 [00:16<00:12, 15.61it/s]
Epoch 14/50 [Train]:  58%|█████▊    | 266/459 [00:17<00:12, 15.85it/s]
Epoch 14/50 [Train]:  58%|█████▊    | 268/459 [00:17<00:12, 15.38it/s]
Epoch 14/50 [Train]:  59%|█████▉    | 270/459 [00:17<00:12, 15.49it/s]
Epoch 14/50 [Train]:  59%|█████▉    | 272/459 [00:17<00:12, 15.28it/s]
Epoch 14/50 [Train]:  60%|█████▉    | 274/459 [00:17<00:12, 15.25it/s]
Epoch 14/50 [Train]:  60%|██████    | 276/459 [00:17<00:12, 15.09it/s]
Epoch 14/50 [Train]:  61%|██████    | 278/459 [00:17<00:11, 15.19it/s]
Epoch 14/50 [Train]:  61%|██████    | 280/459 [00:18<00:11, 15.27it/s]
Epoch 14/50 [Train]:  61%|██████▏   | 282/459 [00:18<00:11, 15.25it/s]
Epoch 14/50 [Train]:  62%|██████▏   | 284/459 [00:18<00:11, 15.14it/s]
Epoch 14/50 [Train]:  62%|██████▏   | 286/459 [00:18<00:11, 15.35it/s]
Epoch 14/50 [Train]:  63%|██████▎   | 288/459 [00:18<00:11, 15.26it/s]
Epoch 14/50 [Train]:  63%|██████▎   | 290/459 [00:18<00:10, 15.41it/s]
Epoch 14/50 [Train]:  64%|██████▎   | 292/459 [00:18<00:10, 15.34it/s]
Epoch 14/50 [Train]:  64%|██████▍   | 294/459 [00:18<00:10, 15.36it/s]
Epoch 14/50 [Train]:  64%|██████▍   | 296/459 [00:19<00:10, 15.53it/s]
Epoch 14/50 [Train]:  65%|██████▍   | 298/459 [00:19<00:10, 15.46it/s]
Epoch 14/50 [Train]:  65%|██████▌   | 300/459 [00:19<00:10, 15.54it/s]
Epoch 14/50 [Train]:  66%|██████▌   | 302/459 [00:19<00:10, 15.68it/s]
Epoch 14/50 [Train]:  66%|██████▌   | 304/459 [00:19<00:09, 15.69it/s]
Epoch 14/50 [Train]:  67%|██████▋   | 306/459 [00:19<00:09, 15.58it/s]
Epoch 14/50 [Train]:  67%|██████▋   | 308/459 [00:19<00:09, 15.60it/s]
Epoch 14/50 [Train]:  68%|██████▊   | 310/459 [00:19<00:09, 15.47it/s]
Epoch 14/50 [Train]:  68%|██████▊   | 312/459 [00:20<00:09, 15.55it/s]
Epoch 14/50 [Train]:  68%|██████▊   | 314/459 [00:20<00:09, 15.75it/s]
Epoch 14/50 [Train]:  69%|██████▉   | 316/459 [00:20<00:09, 15.76it/s]
Epoch 14/50 [Train]:  69%|██████▉   | 318/459 [00:20<00:09, 15.46it/s]
Epoch 14/50 [Train]:  70%|██████▉   | 320/459 [00:20<00:08, 15.59it/s]
Epoch 14/50 [Train]:  70%|███████   | 322/459 [00:20<00:08, 15.59it/s]
Epoch 14/50 [Train]:  71%|███████   | 324/459 [00:20<00:08, 15.63it/s]
Epoch 14/50 [Train]:  71%|███████   | 326/459 [00:20<00:08, 15.66it/s]
Epoch 14/50 [Train]:  71%|███████▏  | 328/459 [00:21<00:08, 15.69it/s]
Epoch 14/50 [Train]:  72%|███████▏  | 330/459 [00:21<00:08, 15.76it/s]
Epoch 14/50 [Train]:  72%|███████▏  | 332/459 [00:21<00:08, 15.57it/s]
Epoch 14/50 [Train]:  73%|███████▎  | 334/459 [00:21<00:07, 15.69it/s]
Epoch 14/50 [Train]:  73%|███████▎  | 336/459 [00:21<00:07, 15.53it/s]
Epoch 14/50 [Train]:  74%|███████▎  | 338/459 [00:21<00:07, 15.54it/s]
Epoch 14/50 [Train]:  74%|███████▍  | 340/459 [00:21<00:07, 15.59it/s]
Epoch 14/50 [Train]:  75%|███████▍  | 342/459 [00:22<00:07, 15.68it/s]
Epoch 14/50 [Train]:  75%|███████▍  | 344/459 [00:22<00:07, 15.73it/s]
Epoch 14/50 [Train]:  75%|███████▌  | 346/459 [00:22<00:07, 15.68it/s]
Epoch 14/50 [Train]:  76%|███████▌  | 348/459 [00:22<00:07, 15.76it/s]
Epoch 14/50 [Train]:  76%|███████▋  | 350/459 [00:22<00:06, 15.83it/s]
Epoch 14/50 [Train]:  77%|███████▋  | 352/459 [00:22<00:06, 15.83it/s]
Epoch 14/50 [Train]:  77%|███████▋  | 354/459 [00:22<00:06, 15.72it/s]
Epoch 14/50 [Train]:  78%|███████▊  | 356/459 [00:22<00:06, 15.66it/s]
Epoch 14/50 [Train]:  78%|███████▊  | 358/459 [00:23<00:06, 15.65it/s]
Epoch 14/50 [Train]:  78%|███████▊  | 360/459 [00:23<00:06, 15.70it/s]
Epoch 14/50 [Train]:  79%|███████▉  | 362/459 [00:23<00:06, 15.50it/s]
Epoch 14/50 [Train]:  79%|███████▉  | 364/459 [00:23<00:06, 15.63it/s]
Epoch 14/50 [Train]:  80%|███████▉  | 366/459 [00:23<00:06, 15.47it/s]
Epoch 14/50 [Train]:  80%|████████  | 368/459 [00:23<00:05, 15.71it/s]
Epoch 14/50 [Train]:  81%|████████  | 370/459 [00:23<00:05, 15.71it/s]
Epoch 14/50 [Train]:  81%|████████  | 372/459 [00:23<00:05, 15.75it/s]
Epoch 14/50 [Train]:  81%|████████▏ | 374/459 [00:24<00:05, 15.79it/s]
Epoch 14/50 [Train]:  82%|████████▏ | 376/459 [00:24<00:05, 15.73it/s]
Epoch 14/50 [Train]:  82%|████████▏ | 378/459 [00:24<00:05, 15.51it/s]
Epoch 14/50 [Train]:  83%|████████▎ | 380/459 [00:24<00:05, 15.66it/s]
Epoch 14/50 [Train]:  83%|████████▎ | 382/459 [00:24<00:04, 15.72it/s]
Epoch 14/50 [Train]:  84%|████████▎ | 384/459 [00:24<00:04, 15.81it/s]
Epoch 14/50 [Train]:  84%|████████▍ | 386/459 [00:24<00:04, 15.65it/s]
Epoch 14/50 [Train]:  85%|████████▍ | 388/459 [00:24<00:04, 15.61it/s]
Epoch 14/50 [Train]:  85%|████████▍ | 390/459 [00:25<00:04, 15.58it/s]
Epoch 14/50 [Train]:  85%|████████▌ | 392/459 [00:25<00:04, 15.63it/s]
Epoch 14/50 [Train]:  86%|████████▌ | 394/459 [00:25<00:04, 15.61it/s]
Epoch 14/50 [Train]:  86%|████████▋ | 396/459 [00:25<00:04, 15.68it/s]
Epoch 14/50 [Train]:  87%|████████▋ | 398/459 [00:25<00:03, 15.58it/s]
Epoch 14/50 [Train]:  87%|████████▋ | 400/459 [00:25<00:03, 15.56it/s]
Epoch 14/50 [Train]:  88%|████████▊ | 402/459 [00:25<00:03, 15.52it/s]
Epoch 14/50 [Train]:  88%|████████▊ | 404/459 [00:25<00:03, 15.52it/s]
Epoch 14/50 [Train]:  88%|████████▊ | 406/459 [00:26<00:03, 15.62it/s]
Epoch 14/50 [Train]:  89%|████████▉ | 408/459 [00:26<00:03, 15.63it/s]
Epoch 14/50 [Train]:  89%|████████▉ | 410/459 [00:26<00:03, 15.72it/s]
Epoch 14/50 [Train]:  90%|████████▉ | 412/459 [00:26<00:02, 15.67it/s]
Epoch 14/50 [Train]:  90%|█████████ | 414/459 [00:26<00:02, 15.67it/s]
Epoch 14/50 [Train]:  91%|█████████ | 416/459 [00:26<00:02, 15.65it/s]
Epoch 14/50 [Train]:  91%|█████████ | 418/459 [00:26<00:02, 15.76it/s]
Epoch 14/50 [Train]:  92%|█████████▏| 420/459 [00:26<00:02, 15.69it/s]
Epoch 14/50 [Train]:  92%|█████████▏| 422/459 [00:27<00:02, 15.66it/s]
Epoch 14/50 [Train]:  92%|█████████▏| 424/459 [00:27<00:02, 15.61it/s]
Epoch 14/50 [Train]:  93%|█████████▎| 426/459 [00:27<00:02, 15.73it/s]
Epoch 14/50 [Train]:  93%|█████████▎| 428/459 [00:27<00:01, 15.75it/s]
Epoch 14/50 [Train]:  94%|█████████▎| 430/459 [00:27<00:01, 15.74it/s]
Epoch 14/50 [Train]:  94%|█████████▍| 432/459 [00:27<00:01, 15.60it/s]
Epoch 14/50 [Train]:  95%|█████████▍| 434/459 [00:27<00:01, 15.62it/s]
Epoch 14/50 [Train]:  95%|█████████▍| 436/459 [00:28<00:01, 15.23it/s]
Epoch 14/50 [Train]:  95%|█████████▌| 438/459 [00:28<00:01, 15.45it/s]
Epoch 14/50 [Train]:  96%|█████████▌| 440/459 [00:28<00:01, 15.51it/s]
Epoch 14/50 [Train]:  96%|█████████▋| 442/459 [00:28<00:01, 15.65it/s]
Epoch 14/50 [Train]:  97%|█████████▋| 444/459 [00:28<00:00, 15.71it/s]
Epoch 14/50 [Train]:  97%|█████████▋| 446/459 [00:28<00:00, 15.70it/s]
Epoch 14/50 [Train]:  98%|█████████▊| 448/459 [00:28<00:00, 15.82it/s]
Epoch 14/50 [Train]:  98%|█████████▊| 450/459 [00:28<00:00, 15.75it/s]
Epoch 14/50 [Train]:  98%|█████████▊| 452/459 [00:29<00:00, 15.77it/s]
Epoch 14/50 [Train]:  99%|█████████▉| 454/459 [00:29<00:00, 15.84it/s]
Epoch 14/50 [Train]:  99%|█████████▉| 456/459 [00:29<00:00, 15.96it/s]
Epoch 14/50 [Train]: 100%|█████████▉| 458/459 [00:29<00:00, 15.90it/s]
                                                                      

Epoch 14/50 [Val]:   0%|          | 0/113 [00:00<?, ?it/s]
Epoch 14/50 [Val]:   2%|▏         | 2/113 [00:00<00:07, 15.81it/s]
Epoch 14/50 [Val]:   4%|▎         | 4/113 [00:00<00:06, 16.24it/s]
Epoch 14/50 [Val]:   5%|▌         | 6/113 [00:00<00:06, 16.13it/s]
Epoch 14/50 [Val]:   7%|▋         | 8/113 [00:00<00:06, 16.48it/s]
Epoch 14/50 [Val]:   9%|▉         | 10/113 [00:00<00:06, 17.08it/s]
Epoch 14/50 [Val]:  11%|█         | 12/113 [00:00<00:05, 16.96it/s]
Epoch 14/50 [Val]:  12%|█▏        | 14/113 [00:00<00:05, 16.84it/s]
Epoch 14/50 [Val]:  14%|█▍        | 16/113 [00:00<00:06, 16.02it/s]
Epoch 14/50 [Val]:  16%|█▌        | 18/113 [00:01<00:06, 15.38it/s]
Epoch 14/50 [Val]:  18%|█▊        | 20/113 [00:01<00:06, 14.94it/s]
Epoch 14/50 [Val]:  19%|█▉        | 22/113 [00:01<00:06, 14.90it/s]
Epoch 14/50 [Val]:  21%|██        | 24/113 [00:01<00:05, 14.88it/s]
Epoch 14/50 [Val]:  23%|██▎       | 26/113 [00:01<00:05, 15.13it/s]
Epoch 14/50 [Val]:  25%|██▍       | 28/113 [00:01<00:05, 15.29it/s]
Epoch 14/50 [Val]:  27%|██▋       | 30/113 [00:01<00:05, 15.51it/s]
Epoch 14/50 [Val]:  28%|██▊       | 32/113 [00:02<00:05, 15.86it/s]
Epoch 14/50 [Val]:  30%|███       | 34/113 [00:02<00:04, 15.93it/s]
Epoch 14/50 [Val]:  32%|███▏      | 36/113 [00:02<00:04, 16.27it/s]
Epoch 14/50 [Val]:  34%|███▎      | 38/113 [00:02<00:04, 16.45it/s]
Epoch 14/50 [Val]:  35%|███▌      | 40/113 [00:02<00:04, 16.62it/s]
Epoch 14/50 [Val]:  37%|███▋      | 42/113 [00:02<00:04, 16.72it/s]
Epoch 14/50 [Val]:  39%|███▉      | 44/113 [00:02<00:04, 16.50it/s]
Epoch 14/50 [Val]:  41%|████      | 46/113 [00:02<00:04, 16.34it/s]
Epoch 14/50 [Val]:  42%|████▏     | 48/113 [00:02<00:03, 16.33it/s]
Epoch 14/50 [Val]:  44%|████▍     | 50/113 [00:03<00:03, 16.59it/s]
Epoch 14/50 [Val]:  46%|████▌     | 52/113 [00:03<00:03, 16.76it/s]
Epoch 14/50 [Val]:  48%|████▊     | 54/113 [00:03<00:03, 16.87it/s]
Epoch 14/50 [Val]:  50%|████▉     | 56/113 [00:03<00:03, 16.92it/s]
Epoch 14/50 [Val]:  51%|█████▏    | 58/113 [00:03<00:03, 16.32it/s]
Epoch 14/50 [Val]:  53%|█████▎    | 60/113 [00:03<00:03, 16.64it/s]
Epoch 14/50 [Val]:  55%|█████▍    | 62/113 [00:03<00:03, 16.49it/s]
Epoch 14/50 [Val]:  57%|█████▋    | 64/113 [00:03<00:02, 16.44it/s]
Epoch 14/50 [Val]:  58%|█████▊    | 66/113 [00:04<00:02, 16.09it/s]
Epoch 14/50 [Val]:  60%|██████    | 68/113 [00:04<00:02, 16.03it/s]
Epoch 14/50 [Val]:  62%|██████▏   | 70/113 [00:04<00:02, 16.22it/s]
Epoch 14/50 [Val]:  64%|██████▎   | 72/113 [00:04<00:02, 16.33it/s]
Epoch 14/50 [Val]:  65%|██████▌   | 74/113 [00:04<00:02, 16.24it/s]
Epoch 14/50 [Val]:  67%|██████▋   | 76/113 [00:04<00:02, 16.24it/s]
Epoch 14/50 [Val]:  69%|██████▉   | 78/113 [00:04<00:02, 16.18it/s]
Epoch 14/50 [Val]:  71%|███████   | 80/113 [00:04<00:02, 16.04it/s]
Epoch 14/50 [Val]:  73%|███████▎  | 82/113 [00:05<00:01, 15.93it/s]
Epoch 14/50 [Val]:  74%|███████▍  | 84/113 [00:05<00:01, 15.98it/s]
Epoch 14/50 [Val]:  76%|███████▌  | 86/113 [00:05<00:01, 15.94it/s]
Epoch 14/50 [Val]:  78%|███████▊  | 88/113 [00:05<00:01, 15.62it/s]
Epoch 14/50 [Val]:  80%|███████▉  | 90/113 [00:05<00:01, 15.88it/s]
Epoch 14/50 [Val]:  81%|████████▏ | 92/113 [00:05<00:01, 16.06it/s]
Epoch 14/50 [Val]:  83%|████████▎ | 94/113 [00:05<00:01, 16.32it/s]
Epoch 14/50 [Val]:  85%|████████▍ | 96/113 [00:05<00:01, 16.52it/s]
Epoch 14/50 [Val]:  87%|████████▋ | 98/113 [00:06<00:00, 16.63it/s]
Epoch 14/50 [Val]:  88%|████████▊ | 100/113 [00:06<00:00, 16.25it/s]
Epoch 14/50 [Val]:  90%|█████████ | 102/113 [00:06<00:00, 15.93it/s]
Epoch 14/50 [Val]:  92%|█████████▏| 104/113 [00:06<00:00, 16.23it/s]
Epoch 14/50 [Val]:  94%|█████████▍| 106/113 [00:06<00:00, 16.27it/s]
Epoch 14/50 [Val]:  96%|█████████▌| 108/113 [00:06<00:00, 16.51it/s]
Epoch 14/50 [Val]:  97%|█████████▋| 110/113 [00:06<00:00, 16.57it/s]
Epoch 14/50 [Val]:  99%|█████████▉| 112/113 [00:06<00:00, 16.60it/s]
                                                                    

Epoch 15/50 [Train]:   0%|          | 0/459 [00:00<?, ?it/s]
Epoch 15/50 [Train]:   0%|          | 2/459 [00:00<00:30, 15.09it/s]
Epoch 15/50 [Train]:   1%|          | 4/459 [00:00<00:29, 15.43it/s]
Epoch 15/50 [Train]:   1%|▏         | 6/459 [00:00<00:29, 15.55it/s]
Epoch 15/50 [Train]:   2%|▏         | 8/459 [00:00<00:29, 15.35it/s]
Epoch 15/50 [Train]:   2%|▏         | 10/459 [00:00<00:29, 15.43it/s]
Epoch 15/50 [Train]:   3%|▎         | 12/459 [00:00<00:28, 15.47it/s]
Epoch 15/50 [Train]:   3%|▎         | 14/459 [00:00<00:28, 15.48it/s]
Epoch 15/50 [Train]:   3%|▎         | 16/459 [00:01<00:28, 15.39it/s]
Epoch 15/50 [Train]:   4%|▍         | 18/459 [00:01<00:28, 15.38it/s]
Epoch 15/50 [Train]:   4%|▍         | 20/459 [00:01<00:28, 15.27it/s]
Epoch 15/50 [Train]:   5%|▍         | 22/459 [00:01<00:28, 15.43it/s]
Epoch 15/50 [Train]:   5%|▌         | 24/459 [00:01<00:28, 15.33it/s]
Epoch 15/50 [Train]:   6%|▌         | 26/459 [00:01<00:28, 15.26it/s]
Epoch 15/50 [Train]:   6%|▌         | 28/459 [00:01<00:27, 15.43it/s]
Epoch 15/50 [Train]:   7%|▋         | 30/459 [00:01<00:28, 15.31it/s]
Epoch 15/50 [Train]:   7%|▋         | 32/459 [00:02<00:27, 15.35it/s]
Epoch 15/50 [Train]:   7%|▋         | 34/459 [00:02<00:27, 15.38it/s]
Epoch 15/50 [Train]:   8%|▊         | 36/459 [00:02<00:27, 15.59it/s]
Epoch 15/50 [Train]:   8%|▊         | 38/459 [00:02<00:26, 15.76it/s]
Epoch 15/50 [Train]:   9%|▊         | 40/459 [00:02<00:26, 15.95it/s]
Epoch 15/50 [Train]:   9%|▉         | 42/459 [00:02<00:26, 15.99it/s]
Epoch 15/50 [Train]:  10%|▉         | 44/459 [00:02<00:25, 16.10it/s]
Epoch 15/50 [Train]:  10%|█         | 46/459 [00:02<00:25, 16.08it/s]
Epoch 15/50 [Train]:  10%|█         | 48/459 [00:03<00:25, 16.10it/s]
Epoch 15/50 [Train]:  11%|█         | 50/459 [00:03<00:25, 15.85it/s]
Epoch 15/50 [Train]:  11%|█▏        | 52/459 [00:03<00:25, 15.74it/s]
Epoch 15/50 [Train]:  12%|█▏        | 54/459 [00:03<00:25, 15.86it/s]
Epoch 15/50 [Train]:  12%|█▏        | 56/459 [00:03<00:25, 15.84it/s]
Epoch 15/50 [Train]:  13%|█▎        | 58/459 [00:03<00:25, 15.68it/s]
Epoch 15/50 [Train]:  13%|█▎        | 60/459 [00:03<00:25, 15.83it/s]
Epoch 15/50 [Train]:  14%|█▎        | 62/459 [00:03<00:24, 15.89it/s]
Epoch 15/50 [Train]:  14%|█▍        | 64/459 [00:04<00:24, 16.06it/s]
Epoch 15/50 [Train]:  14%|█▍        | 66/459 [00:04<00:24, 15.98it/s]
Epoch 15/50 [Train]:  15%|█▍        | 68/459 [00:04<00:24, 15.98it/s]
Epoch 15/50 [Train]:  15%|█▌        | 70/459 [00:04<00:24, 15.99it/s]
Epoch 15/50 [Train]:  16%|█▌        | 72/459 [00:04<00:24, 16.05it/s]
Epoch 15/50 [Train]:  16%|█▌        | 74/459 [00:04<00:24, 15.97it/s]
Epoch 15/50 [Train]:  17%|█▋        | 76/459 [00:04<00:23, 16.03it/s]
Epoch 15/50 [Train]:  17%|█▋        | 78/459 [00:04<00:23, 16.03it/s]
Epoch 15/50 [Train]:  17%|█▋        | 80/459 [00:05<00:23, 16.03it/s]
Epoch 15/50 [Train]:  18%|█▊        | 82/459 [00:05<00:23, 16.03it/s]
Epoch 15/50 [Train]:  18%|█▊        | 84/459 [00:05<00:23, 16.11it/s]
Epoch 15/50 [Train]:  19%|█▊        | 86/459 [00:05<00:23, 16.20it/s]
Epoch 15/50 [Train]:  19%|█▉        | 88/459 [00:05<00:22, 16.22it/s]
Epoch 15/50 [Train]:  20%|█▉        | 90/459 [00:05<00:23, 16.03it/s]
Epoch 15/50 [Train]:  20%|██        | 92/459 [00:05<00:23, 15.86it/s]
Epoch 15/50 [Train]:  20%|██        | 94/459 [00:05<00:22, 15.96it/s]
Epoch 15/50 [Train]:  21%|██        | 96/459 [00:06<00:22, 16.01it/s]
Epoch 15/50 [Train]:  21%|██▏       | 98/459 [00:06<00:22, 15.74it/s]
Epoch 15/50 [Train]:  22%|██▏       | 100/459 [00:06<00:22, 15.75it/s]
Epoch 15/50 [Train]:  22%|██▏       | 102/459 [00:06<00:22, 15.87it/s]
Epoch 15/50 [Train]:  23%|██▎       | 104/459 [00:06<00:22, 15.76it/s]
Epoch 15/50 [Train]:  23%|██▎       | 106/459 [00:06<00:22, 15.79it/s]
Epoch 15/50 [Train]:  24%|██▎       | 108/459 [00:06<00:22, 15.84it/s]
Epoch 15/50 [Train]:  24%|██▍       | 110/459 [00:06<00:21, 15.92it/s]
Epoch 15/50 [Train]:  24%|██▍       | 112/459 [00:07<00:21, 15.98it/s]
Epoch 15/50 [Train]:  25%|██▍       | 114/459 [00:07<00:21, 15.93it/s]
Epoch 15/50 [Train]:  25%|██▌       | 116/459 [00:07<00:21, 15.99it/s]
Epoch 15/50 [Train]:  26%|██▌       | 118/459 [00:07<00:21, 15.97it/s]
Epoch 15/50 [Train]:  26%|██▌       | 120/459 [00:07<00:21, 16.11it/s]
Epoch 15/50 [Train]:  27%|██▋       | 122/459 [00:07<00:20, 16.19it/s]
Epoch 15/50 [Train]:  27%|██▋       | 124/459 [00:07<00:20, 16.31it/s]
Epoch 15/50 [Train]:  27%|██▋       | 126/459 [00:07<00:20, 16.19it/s]
Epoch 15/50 [Train]:  28%|██▊       | 128/459 [00:08<00:20, 16.23it/s]
Epoch 15/50 [Train]:  28%|██▊       | 130/459 [00:08<00:20, 16.10it/s]
Epoch 15/50 [Train]:  29%|██▉       | 132/459 [00:08<00:20, 16.06it/s]
Epoch 15/50 [Train]:  29%|██▉       | 134/459 [00:08<00:20, 16.07it/s]
Epoch 15/50 [Train]:  30%|██▉       | 136/459 [00:08<00:20, 15.97it/s]
Epoch 15/50 [Train]:  30%|███       | 138/459 [00:08<00:20, 15.98it/s]
Epoch 15/50 [Train]:  31%|███       | 140/459 [00:08<00:19, 16.04it/s]
Epoch 15/50 [Train]:  31%|███       | 142/459 [00:08<00:19, 16.13it/s]
Epoch 15/50 [Train]:  31%|███▏      | 144/459 [00:09<00:19, 16.10it/s]
Epoch 15/50 [Train]:  32%|███▏      | 146/459 [00:09<00:19, 16.10it/s]
Epoch 15/50 [Train]:  32%|███▏      | 148/459 [00:09<00:19, 16.07it/s]
Epoch 15/50 [Train]:  33%|███▎      | 150/459 [00:09<00:19, 16.14it/s]
Epoch 15/50 [Train]:  33%|███▎      | 152/459 [00:09<00:19, 15.85it/s]
Epoch 15/50 [Train]:  34%|███▎      | 154/459 [00:09<00:19, 15.70it/s]
Epoch 15/50 [Train]:  34%|███▍      | 156/459 [00:09<00:18, 15.99it/s]
Epoch 15/50 [Train]:  34%|███▍      | 158/459 [00:09<00:18, 15.98it/s]
Epoch 15/50 [Train]:  35%|███▍      | 160/459 [00:10<00:18, 16.11it/s]
Epoch 15/50 [Train]:  35%|███▌      | 162/459 [00:10<00:18, 16.06it/s]
Epoch 15/50 [Train]:  36%|███▌      | 164/459 [00:10<00:18, 16.05it/s]
Epoch 15/50 [Train]:  36%|███▌      | 166/459 [00:10<00:18, 16.10it/s]
Epoch 15/50 [Train]:  37%|███▋      | 168/459 [00:10<00:18, 16.09it/s]
Epoch 15/50 [Train]:  37%|███▋      | 170/459 [00:10<00:18, 15.72it/s]
Epoch 15/50 [Train]:  37%|███▋      | 172/459 [00:10<00:18, 15.59it/s]
Epoch 15/50 [Train]:  38%|███▊      | 174/459 [00:10<00:18, 15.43it/s]
Epoch 15/50 [Train]:  38%|███▊      | 176/459 [00:11<00:18, 15.52it/s]
Epoch 15/50 [Train]:  39%|███▉      | 178/459 [00:11<00:18, 15.57it/s]
Epoch 15/50 [Train]:  39%|███▉      | 180/459 [00:11<00:17, 15.73it/s]
Epoch 15/50 [Train]:  40%|███▉      | 182/459 [00:11<00:17, 15.76it/s]
Epoch 15/50 [Train]:  40%|████      | 184/459 [00:11<00:17, 15.65it/s]
Epoch 15/50 [Train]:  41%|████      | 186/459 [00:11<00:17, 15.78it/s]
Epoch 15/50 [Train]:  41%|████      | 188/459 [00:11<00:17, 15.79it/s]
Epoch 15/50 [Train]:  41%|████▏     | 190/459 [00:11<00:16, 15.93it/s]
Epoch 15/50 [Train]:  42%|████▏     | 192/459 [00:12<00:16, 15.96it/s]
Epoch 15/50 [Train]:  42%|████▏     | 194/459 [00:12<00:16, 15.89it/s]
Epoch 15/50 [Train]:  43%|████▎     | 196/459 [00:12<00:16, 15.83it/s]
Epoch 15/50 [Train]:  43%|████▎     | 198/459 [00:12<00:16, 15.85it/s]
Epoch 15/50 [Train]:  44%|████▎     | 200/459 [00:12<00:16, 15.94it/s]
Epoch 15/50 [Train]:  44%|████▍     | 202/459 [00:12<00:16, 15.87it/s]
Epoch 15/50 [Train]:  44%|████▍     | 204/459 [00:12<00:15, 16.04it/s]
Epoch 15/50 [Train]:  45%|████▍     | 206/459 [00:12<00:15, 15.89it/s]
Epoch 15/50 [Train]:  45%|████▌     | 208/459 [00:13<00:15, 15.90it/s]
Epoch 15/50 [Train]:  46%|████▌     | 210/459 [00:13<00:15, 15.71it/s]
Epoch 15/50 [Train]:  46%|████▌     | 212/459 [00:13<00:15, 15.78it/s]
Epoch 15/50 [Train]:  47%|████▋     | 214/459 [00:13<00:15, 15.85it/s]
Epoch 15/50 [Train]:  47%|████▋     | 216/459 [00:13<00:15, 15.82it/s]
Epoch 15/50 [Train]:  47%|████▋     | 218/459 [00:13<00:15, 15.89it/s]
Epoch 15/50 [Train]:  48%|████▊     | 220/459 [00:13<00:15, 15.74it/s]
Epoch 15/50 [Train]:  48%|████▊     | 222/459 [00:14<00:15, 15.56it/s]
Epoch 15/50 [Train]:  49%|████▉     | 224/459 [00:14<00:14, 15.71it/s]
Epoch 15/50 [Train]:  49%|████▉     | 226/459 [00:14<00:14, 15.55it/s]
Epoch 15/50 [Train]:  50%|████▉     | 228/459 [00:14<00:14, 15.55it/s]
Epoch 15/50 [Train]:  50%|█████     | 230/459 [00:14<00:14, 15.45it/s]
Epoch 15/50 [Train]:  51%|█████     | 232/459 [00:14<00:14, 15.50it/s]
Epoch 15/50 [Train]:  51%|█████     | 234/459 [00:14<00:14, 15.53it/s]
Epoch 15/50 [Train]:  51%|█████▏    | 236/459 [00:14<00:14, 15.41it/s]
Epoch 15/50 [Train]:  52%|█████▏    | 238/459 [00:15<00:14, 15.37it/s]
Epoch 15/50 [Train]:  52%|█████▏    | 240/459 [00:15<00:14, 15.34it/s]
Epoch 15/50 [Train]:  53%|█████▎    | 242/459 [00:15<00:14, 14.55it/s]
Epoch 15/50 [Train]:  53%|█████▎    | 244/459 [00:15<00:14, 15.04it/s]
Epoch 15/50 [Train]:  54%|█████▎    | 246/459 [00:15<00:14, 15.09it/s]
Epoch 15/50 [Train]:  54%|█████▍    | 248/459 [00:15<00:14, 15.05it/s]
Epoch 15/50 [Train]:  54%|█████▍    | 250/459 [00:15<00:13, 15.12it/s]
Epoch 15/50 [Train]:  55%|█████▍    | 252/459 [00:15<00:13, 15.24it/s]
Epoch 15/50 [Train]:  55%|█████▌    | 254/459 [00:16<00:13, 15.39it/s]
Epoch 15/50 [Train]:  56%|█████▌    | 256/459 [00:16<00:13, 15.50it/s]
Epoch 15/50 [Train]:  56%|█████▌    | 258/459 [00:16<00:12, 15.52it/s]
Epoch 15/50 [Train]:  57%|█████▋    | 260/459 [00:16<00:12, 15.62it/s]
Epoch 15/50 [Train]:  57%|█████▋    | 262/459 [00:16<00:12, 15.66it/s]
Epoch 15/50 [Train]:  58%|█████▊    | 264/459 [00:16<00:12, 15.86it/s]
Epoch 15/50 [Train]:  58%|█████▊    | 266/459 [00:16<00:12, 15.89it/s]
Epoch 15/50 [Train]:  58%|█████▊    | 268/459 [00:16<00:12, 15.67it/s]
Epoch 15/50 [Train]:  59%|█████▉    | 270/459 [00:17<00:12, 15.64it/s]
Epoch 15/50 [Train]:  59%|█████▉    | 272/459 [00:17<00:12, 15.58it/s]
Epoch 15/50 [Train]:  60%|█████▉    | 274/459 [00:17<00:12, 15.40it/s]
Epoch 15/50 [Train]:  60%|██████    | 276/459 [00:17<00:11, 15.58it/s]
Epoch 15/50 [Train]:  61%|██████    | 278/459 [00:17<00:11, 15.65it/s]
Epoch 15/50 [Train]:  61%|██████    | 280/459 [00:17<00:11, 15.64it/s]
Epoch 15/50 [Train]:  61%|██████▏   | 282/459 [00:17<00:11, 15.75it/s]
Epoch 15/50 [Train]:  62%|██████▏   | 284/459 [00:18<00:11, 15.21it/s]
Epoch 15/50 [Train]:  62%|██████▏   | 286/459 [00:18<00:11, 15.34it/s]
Epoch 15/50 [Train]:  63%|██████▎   | 288/459 [00:18<00:11, 15.36it/s]
Epoch 15/50 [Train]:  63%|██████▎   | 290/459 [00:18<00:10, 15.45it/s]
Epoch 15/50 [Train]:  64%|██████▎   | 292/459 [00:18<00:10, 15.47it/s]
Epoch 15/50 [Train]:  64%|██████▍   | 294/459 [00:18<00:10, 15.69it/s]
Epoch 15/50 [Train]:  64%|██████▍   | 296/459 [00:18<00:10, 15.60it/s]
Epoch 15/50 [Train]:  65%|██████▍   | 298/459 [00:18<00:10, 15.63it/s]
Epoch 15/50 [Train]:  65%|██████▌   | 300/459 [00:19<00:10, 15.67it/s]
Epoch 15/50 [Train]:  66%|██████▌   | 302/459 [00:19<00:10, 15.52it/s]
Epoch 15/50 [Train]:  66%|██████▌   | 304/459 [00:19<00:09, 15.53it/s]
Epoch 15/50 [Train]:  67%|██████▋   | 306/459 [00:19<00:09, 15.60it/s]
Epoch 15/50 [Train]:  67%|██████▋   | 308/459 [00:19<00:09, 15.43it/s]
Epoch 15/50 [Train]:  68%|██████▊   | 310/459 [00:19<00:10, 14.78it/s]
Epoch 15/50 [Train]:  68%|██████▊   | 312/459 [00:19<00:09, 15.02it/s]
Epoch 15/50 [Train]:  68%|██████▊   | 314/459 [00:19<00:09, 15.18it/s]
Epoch 15/50 [Train]:  69%|██████▉   | 316/459 [00:20<00:09, 15.28it/s]
Epoch 15/50 [Train]:  69%|██████▉   | 318/459 [00:20<00:09, 15.17it/s]
Epoch 15/50 [Train]:  70%|██████▉   | 320/459 [00:20<00:09, 15.13it/s]
Epoch 15/50 [Train]:  70%|███████   | 322/459 [00:20<00:09, 15.21it/s]
Epoch 15/50 [Train]:  71%|███████   | 324/459 [00:20<00:08, 15.14it/s]
Epoch 15/50 [Train]:  71%|███████   | 326/459 [00:20<00:08, 15.12it/s]
Epoch 15/50 [Train]:  71%|███████▏  | 328/459 [00:20<00:08, 15.20it/s]
Epoch 15/50 [Train]:  72%|███████▏  | 330/459 [00:21<00:08, 15.17it/s]
Epoch 15/50 [Train]:  72%|███████▏  | 332/459 [00:21<00:08, 15.22it/s]
Epoch 15/50 [Train]:  73%|███████▎  | 334/459 [00:21<00:08, 15.34it/s]
Epoch 15/50 [Train]:  73%|███████▎  | 336/459 [00:21<00:08, 15.34it/s]
Epoch 15/50 [Train]:  74%|███████▎  | 338/459 [00:21<00:07, 15.42it/s]
Epoch 15/50 [Train]:  74%|███████▍  | 340/459 [00:21<00:07, 15.38it/s]
Epoch 15/50 [Train]:  75%|███████▍  | 342/459 [00:21<00:07, 15.41it/s]
Epoch 15/50 [Train]:  75%|███████▍  | 344/459 [00:21<00:07, 15.28it/s]
Epoch 15/50 [Train]:  75%|███████▌  | 346/459 [00:22<00:07, 14.87it/s]
Epoch 15/50 [Train]:  76%|███████▌  | 348/459 [00:22<00:07, 15.07it/s]
Epoch 15/50 [Train]:  76%|███████▋  | 350/459 [00:22<00:07, 14.94it/s]
Epoch 15/50 [Train]:  77%|███████▋  | 352/459 [00:22<00:07, 15.04it/s]
Epoch 15/50 [Train]:  77%|███████▋  | 354/459 [00:22<00:06, 15.02it/s]
Epoch 15/50 [Train]:  78%|███████▊  | 356/459 [00:22<00:06, 15.07it/s]
Epoch 15/50 [Train]:  78%|███████▊  | 358/459 [00:22<00:06, 15.29it/s]
Epoch 15/50 [Train]:  78%|███████▊  | 360/459 [00:23<00:06, 15.36it/s]
Epoch 15/50 [Train]:  79%|███████▉  | 362/459 [00:23<00:06, 15.35it/s]
Epoch 15/50 [Train]:  79%|███████▉  | 364/459 [00:23<00:06, 15.41it/s]
Epoch 15/50 [Train]:  80%|███████▉  | 366/459 [00:23<00:05, 15.62it/s]
Epoch 15/50 [Train]:  80%|████████  | 368/459 [00:23<00:05, 15.62it/s]
Epoch 15/50 [Train]:  81%|████████  | 370/459 [00:23<00:05, 15.57it/s]
Epoch 15/50 [Train]:  81%|████████  | 372/459 [00:23<00:05, 15.59it/s]
Epoch 15/50 [Train]:  81%|████████▏ | 374/459 [00:23<00:05, 15.62it/s]
Epoch 15/50 [Train]:  82%|████████▏ | 376/459 [00:24<00:05, 15.49it/s]
Epoch 15/50 [Train]:  82%|████████▏ | 378/459 [00:24<00:05, 15.59it/s]
Epoch 15/50 [Train]:  83%|████████▎ | 380/459 [00:24<00:05, 15.72it/s]
Epoch 15/50 [Train]:  83%|████████▎ | 382/459 [00:24<00:04, 15.78it/s]
Epoch 15/50 [Train]:  84%|████████▎ | 384/459 [00:24<00:04, 15.87it/s]
Epoch 15/50 [Train]:  84%|████████▍ | 386/459 [00:24<00:04, 15.72it/s]
Epoch 15/50 [Train]:  85%|████████▍ | 388/459 [00:24<00:04, 15.77it/s]
Epoch 15/50 [Train]:  85%|████████▍ | 390/459 [00:24<00:04, 15.82it/s]
Epoch 15/50 [Train]:  85%|████████▌ | 392/459 [00:25<00:04, 15.63it/s]
Epoch 15/50 [Train]:  86%|████████▌ | 394/459 [00:25<00:04, 15.60it/s]
Epoch 15/50 [Train]:  86%|████████▋ | 396/459 [00:25<00:04, 15.64it/s]
Epoch 15/50 [Train]:  87%|████████▋ | 398/459 [00:25<00:03, 15.75it/s]
Epoch 15/50 [Train]:  87%|████████▋ | 400/459 [00:25<00:03, 15.79it/s]
Epoch 15/50 [Train]:  88%|████████▊ | 402/459 [00:25<00:03, 15.70it/s]
Epoch 15/50 [Train]:  88%|████████▊ | 404/459 [00:25<00:03, 15.63it/s]
Epoch 15/50 [Train]:  88%|████████▊ | 406/459 [00:25<00:03, 15.66it/s]
Epoch 15/50 [Train]:  89%|████████▉ | 408/459 [00:26<00:03, 15.38it/s]
Epoch 15/50 [Train]:  89%|████████▉ | 410/459 [00:26<00:03, 15.22it/s]
Epoch 15/50 [Train]:  90%|████████▉ | 412/459 [00:26<00:03, 15.14it/s]
Epoch 15/50 [Train]:  90%|█████████ | 414/459 [00:26<00:02, 15.47it/s]
Epoch 15/50 [Train]:  91%|█████████ | 416/459 [00:26<00:02, 15.49it/s]
Epoch 15/50 [Train]:  91%|█████████ | 418/459 [00:26<00:02, 15.64it/s]
Epoch 15/50 [Train]:  92%|█████████▏| 420/459 [00:26<00:02, 15.63it/s]
Epoch 15/50 [Train]:  92%|█████████▏| 422/459 [00:26<00:02, 15.43it/s]
Epoch 15/50 [Train]:  92%|█████████▏| 424/459 [00:27<00:02, 15.50it/s]
Epoch 15/50 [Train]:  93%|█████████▎| 426/459 [00:27<00:02, 15.29it/s]
Epoch 15/50 [Train]:  93%|█████████▎| 428/459 [00:27<00:02, 15.36it/s]
Epoch 15/50 [Train]:  94%|█████████▎| 430/459 [00:27<00:01, 15.30it/s]
Epoch 15/50 [Train]:  94%|█████████▍| 432/459 [00:27<00:01, 15.38it/s]
Epoch 15/50 [Train]:  95%|█████████▍| 434/459 [00:27<00:01, 15.60it/s]
Epoch 15/50 [Train]:  95%|█████████▍| 436/459 [00:27<00:01, 15.64it/s]
Epoch 15/50 [Train]:  95%|█████████▌| 438/459 [00:28<00:01, 15.59it/s]
Epoch 15/50 [Train]:  96%|█████████▌| 440/459 [00:28<00:01, 15.58it/s]
Epoch 15/50 [Train]:  96%|█████████▋| 442/459 [00:28<00:01, 15.47it/s]
Epoch 15/50 [Train]:  97%|█████████▋| 444/459 [00:28<00:00, 15.51it/s]
Epoch 15/50 [Train]:  97%|█████████▋| 446/459 [00:28<00:00, 15.27it/s]
Epoch 15/50 [Train]:  98%|█████████▊| 448/459 [00:28<00:00, 15.46it/s]
Epoch 15/50 [Train]:  98%|█████████▊| 450/459 [00:28<00:00, 15.46it/s]
Epoch 15/50 [Train]:  98%|█████████▊| 452/459 [00:28<00:00, 15.58it/s]
Epoch 15/50 [Train]:  99%|█████████▉| 454/459 [00:29<00:00, 15.66it/s]
Epoch 15/50 [Train]:  99%|█████████▉| 456/459 [00:29<00:00, 15.58it/s]
Epoch 15/50 [Train]: 100%|█████████▉| 458/459 [00:29<00:00, 15.38it/s]
                                                                      

Epoch 15/50 [Val]:   0%|          | 0/113 [00:00<?, ?it/s]
Epoch 15/50 [Val]:   2%|▏         | 2/113 [00:00<00:07, 15.48it/s]
Epoch 15/50 [Val]:   4%|▎         | 4/113 [00:00<00:07, 15.45it/s]
Epoch 15/50 [Val]:   5%|▌         | 6/113 [00:00<00:06, 15.54it/s]
Epoch 15/50 [Val]:   7%|▋         | 8/113 [00:00<00:06, 15.63it/s]
Epoch 15/50 [Val]:   9%|▉         | 10/113 [00:00<00:06, 15.87it/s]
Epoch 15/50 [Val]:  11%|█         | 12/113 [00:00<00:06, 15.72it/s]
Epoch 15/50 [Val]:  12%|█▏        | 14/113 [00:00<00:06, 15.51it/s]
Epoch 15/50 [Val]:  14%|█▍        | 16/113 [00:01<00:06, 14.89it/s]
Epoch 15/50 [Val]:  16%|█▌        | 18/113 [00:01<00:06, 14.54it/s]
Epoch 15/50 [Val]:  18%|█▊        | 20/113 [00:01<00:06, 14.37it/s]
Epoch 15/50 [Val]:  19%|█▉        | 22/113 [00:01<00:06, 14.20it/s]
Epoch 15/50 [Val]:  21%|██        | 24/113 [00:01<00:06, 14.27it/s]
Epoch 15/50 [Val]:  23%|██▎       | 26/113 [00:01<00:06, 14.47it/s]
Epoch 15/50 [Val]:  25%|██▍       | 28/113 [00:01<00:05, 14.77it/s]
Epoch 15/50 [Val]:  27%|██▋       | 30/113 [00:02<00:05, 14.86it/s]
Epoch 15/50 [Val]:  28%|██▊       | 32/113 [00:02<00:05, 15.03it/s]
Epoch 15/50 [Val]:  30%|███       | 34/113 [00:02<00:05, 15.20it/s]
Epoch 15/50 [Val]:  32%|███▏      | 36/113 [00:02<00:04, 15.64it/s]
Epoch 15/50 [Val]:  34%|███▎      | 38/113 [00:02<00:04, 15.86it/s]
Epoch 15/50 [Val]:  35%|███▌      | 40/113 [00:02<00:04, 15.91it/s]
Epoch 15/50 [Val]:  37%|███▋      | 42/113 [00:02<00:04, 16.01it/s]
Epoch 15/50 [Val]:  39%|███▉      | 44/113 [00:02<00:04, 15.72it/s]
Epoch 15/50 [Val]:  41%|████      | 46/113 [00:03<00:04, 15.55it/s]
Epoch 15/50 [Val]:  42%|████▏     | 48/113 [00:03<00:04, 15.53it/s]
Epoch 15/50 [Val]:  44%|████▍     | 50/113 [00:03<00:04, 15.72it/s]
Epoch 15/50 [Val]:  46%|████▌     | 52/113 [00:03<00:03, 16.06it/s]
Epoch 15/50 [Val]:  48%|████▊     | 54/113 [00:03<00:03, 16.35it/s]
Epoch 15/50 [Val]:  50%|████▉     | 56/113 [00:03<00:03, 16.29it/s]
Epoch 15/50 [Val]:  51%|█████▏    | 58/113 [00:03<00:03, 15.66it/s]
Epoch 15/50 [Val]:  53%|█████▎    | 60/113 [00:03<00:03, 15.96it/s]
Epoch 15/50 [Val]:  55%|█████▍    | 62/113 [00:04<00:03, 15.90it/s]
Epoch 15/50 [Val]:  57%|█████▋    | 64/113 [00:04<00:03, 16.01it/s]
Epoch 15/50 [Val]:  58%|█████▊    | 66/113 [00:04<00:03, 15.63it/s]
Epoch 15/50 [Val]:  60%|██████    | 68/113 [00:04<00:02, 15.45it/s]
Epoch 15/50 [Val]:  62%|██████▏   | 70/113 [00:04<00:02, 15.77it/s]
Epoch 15/50 [Val]:  64%|██████▎   | 72/113 [00:04<00:02, 16.02it/s]
Epoch 15/50 [Val]:  65%|██████▌   | 74/113 [00:04<00:02, 16.22it/s]
Epoch 15/50 [Val]:  67%|██████▋   | 76/113 [00:04<00:02, 16.21it/s]
Epoch 15/50 [Val]:  69%|██████▉   | 78/113 [00:05<00:02, 16.03it/s]
Epoch 15/50 [Val]:  71%|███████   | 80/113 [00:05<00:02, 15.82it/s]
Epoch 15/50 [Val]:  73%|███████▎  | 82/113 [00:05<00:02, 15.12it/s]
Epoch 15/50 [Val]:  74%|███████▍  | 84/113 [00:05<00:01, 15.36it/s]
Epoch 15/50 [Val]:  76%|███████▌  | 86/113 [00:05<00:01, 15.54it/s]
Epoch 15/50 [Val]:  78%|███████▊  | 88/113 [00:05<00:01, 15.48it/s]
Epoch 15/50 [Val]:  80%|███████▉  | 90/113 [00:05<00:01, 15.82it/s]
Epoch 15/50 [Val]:  81%|████████▏ | 92/113 [00:05<00:01, 15.90it/s]
Epoch 15/50 [Val]:  83%|████████▎ | 94/113 [00:06<00:01, 16.12it/s]
Epoch 15/50 [Val]:  85%|████████▍ | 96/113 [00:06<00:01, 16.28it/s]
Epoch 15/50 [Val]:  87%|████████▋ | 98/113 [00:06<00:00, 16.31it/s]
Epoch 15/50 [Val]:  88%|████████▊ | 100/113 [00:06<00:00, 15.51it/s]
Epoch 15/50 [Val]:  90%|█████████ | 102/113 [00:06<00:00, 15.26it/s]
Epoch 15/50 [Val]:  92%|█████████▏| 104/113 [00:06<00:00, 15.69it/s]
Epoch 15/50 [Val]:  94%|█████████▍| 106/113 [00:06<00:00, 15.98it/s]
Epoch 15/50 [Val]:  96%|█████████▌| 108/113 [00:06<00:00, 16.26it/s]
Epoch 15/50 [Val]:  97%|█████████▋| 110/113 [00:07<00:00, 16.52it/s]
Epoch 15/50 [Val]:  99%|█████████▉| 112/113 [00:07<00:00, 16.56it/s]
                                                                    

Epoch 16/50 [Train]:   0%|          | 0/459 [00:00<?, ?it/s]
Epoch 16/50 [Train]:   0%|          | 2/459 [00:00<00:29, 15.30it/s]
Epoch 16/50 [Train]:   1%|          | 4/459 [00:00<00:29, 15.25it/s]
Epoch 16/50 [Train]:   1%|▏         | 6/459 [00:00<00:29, 15.36it/s]
Epoch 16/50 [Train]:   2%|▏         | 8/459 [00:00<00:29, 15.12it/s]
Epoch 16/50 [Train]:   2%|▏         | 10/459 [00:00<00:29, 15.26it/s]
Epoch 16/50 [Train]:   3%|▎         | 12/459 [00:00<00:28, 15.53it/s]
Epoch 16/50 [Train]:   3%|▎         | 14/459 [00:00<00:28, 15.72it/s]
Epoch 16/50 [Train]:   3%|▎         | 16/459 [00:01<00:27, 15.84it/s]
Epoch 16/50 [Train]:   4%|▍         | 18/459 [00:01<00:27, 15.89it/s]
Epoch 16/50 [Train]:   4%|▍         | 20/459 [00:01<00:27, 15.79it/s]
Epoch 16/50 [Train]:   5%|▍         | 22/459 [00:01<00:27, 15.90it/s]
Epoch 16/50 [Train]:   5%|▌         | 24/459 [00:01<00:27, 15.88it/s]
Epoch 16/50 [Train]:   6%|▌         | 26/459 [00:01<00:27, 15.87it/s]
Epoch 16/50 [Train]:   6%|▌         | 28/459 [00:01<00:27, 15.95it/s]
Epoch 16/50 [Train]:   7%|▋         | 30/459 [00:01<00:26, 16.05it/s]
Epoch 16/50 [Train]:   7%|▋         | 32/459 [00:02<00:26, 16.00it/s]
Epoch 16/50 [Train]:   7%|▋         | 34/459 [00:02<00:26, 16.10it/s]
Epoch 16/50 [Train]:   8%|▊         | 36/459 [00:02<00:26, 16.09it/s]
Epoch 16/50 [Train]:   8%|▊         | 38/459 [00:02<00:26, 16.16it/s]
Epoch 16/50 [Train]:   9%|▊         | 40/459 [00:02<00:26, 15.99it/s]
Epoch 16/50 [Train]:   9%|▉         | 42/459 [00:02<00:26, 15.77it/s]
Epoch 16/50 [Train]:  10%|▉         | 44/459 [00:02<00:26, 15.49it/s]
Epoch 16/50 [Train]:  10%|█         | 46/459 [00:02<00:26, 15.69it/s]
Epoch 16/50 [Train]:  10%|█         | 48/459 [00:03<00:26, 15.62it/s]
Epoch 16/50 [Train]:  11%|█         | 50/459 [00:03<00:26, 15.54it/s]
Epoch 16/50 [Train]:  11%|█▏        | 52/459 [00:03<00:26, 15.65it/s]
Epoch 16/50 [Train]:  12%|█▏        | 54/459 [00:03<00:25, 15.69it/s]
Epoch 16/50 [Train]:  12%|█▏        | 56/459 [00:03<00:25, 15.80it/s]
Epoch 16/50 [Train]:  13%|█▎        | 58/459 [00:03<00:25, 15.69it/s]
Epoch 16/50 [Train]:  13%|█▎        | 60/459 [00:03<00:25, 15.74it/s]
Epoch 16/50 [Train]:  14%|█▎        | 62/459 [00:03<00:25, 15.81it/s]
Epoch 16/50 [Train]:  14%|█▍        | 64/459 [00:04<00:25, 15.73it/s]
Epoch 16/50 [Train]:  14%|█▍        | 66/459 [00:04<00:25, 15.70it/s]
Epoch 16/50 [Train]:  15%|█▍        | 68/459 [00:04<00:25, 15.52it/s]
Epoch 16/50 [Train]:  15%|█▌        | 70/459 [00:04<00:25, 15.27it/s]
Epoch 16/50 [Train]:  16%|█▌        | 72/459 [00:04<00:25, 15.22it/s]
Epoch 16/50 [Train]:  16%|█▌        | 74/459 [00:04<00:25, 15.20it/s]
Epoch 16/50 [Train]:  17%|█▋        | 76/459 [00:04<00:25, 15.18it/s]
Epoch 16/50 [Train]:  17%|█▋        | 78/459 [00:04<00:24, 15.24it/s]
Epoch 16/50 [Train]:  17%|█▋        | 80/459 [00:05<00:24, 15.17it/s]
Epoch 16/50 [Train]:  18%|█▊        | 82/459 [00:05<00:24, 15.31it/s]
Epoch 16/50 [Train]:  18%|█▊        | 84/459 [00:05<00:24, 15.23it/s]
Epoch 16/50 [Train]:  19%|█▊        | 86/459 [00:05<00:24, 15.19it/s]
Epoch 16/50 [Train]:  19%|█▉        | 88/459 [00:05<00:24, 15.16it/s]
Epoch 16/50 [Train]:  20%|█▉        | 90/459 [00:05<00:24, 15.13it/s]
Epoch 16/50 [Train]:  20%|██        | 92/459 [00:05<00:24, 15.20it/s]
Epoch 16/50 [Train]:  20%|██        | 94/459 [00:06<00:23, 15.34it/s]
Epoch 16/50 [Train]:  21%|██        | 96/459 [00:06<00:23, 15.28it/s]
Epoch 16/50 [Train]:  21%|██▏       | 98/459 [00:06<00:23, 15.37it/s]
Epoch 16/50 [Train]:  22%|██▏       | 100/459 [00:06<00:23, 15.53it/s]
Epoch 16/50 [Train]:  22%|██▏       | 102/459 [00:06<00:23, 15.49it/s]
Epoch 16/50 [Train]:  23%|██▎       | 104/459 [00:06<00:23, 15.19it/s]
Epoch 16/50 [Train]:  23%|██▎       | 106/459 [00:06<00:23, 15.11it/s]
Epoch 16/50 [Train]:  24%|██▎       | 108/459 [00:06<00:22, 15.33it/s]
Epoch 16/50 [Train]:  24%|██▍       | 110/459 [00:07<00:22, 15.39it/s]
Epoch 16/50 [Train]:  24%|██▍       | 112/459 [00:07<00:22, 15.39it/s]
Epoch 16/50 [Train]:  25%|██▍       | 114/459 [00:07<00:22, 15.31it/s]
Epoch 16/50 [Train]:  25%|██▌       | 116/459 [00:07<00:22, 15.50it/s]
Epoch 16/50 [Train]:  26%|██▌       | 118/459 [00:07<00:21, 15.67it/s]
Epoch 16/50 [Train]:  26%|██▌       | 120/459 [00:07<00:21, 15.52it/s]
Epoch 16/50 [Train]:  27%|██▋       | 122/459 [00:07<00:21, 15.51it/s]
Epoch 16/50 [Train]:  27%|██▋       | 124/459 [00:07<00:21, 15.49it/s]
Epoch 16/50 [Train]:  27%|██▋       | 126/459 [00:08<00:21, 15.46it/s]
Epoch 16/50 [Train]:  28%|██▊       | 128/459 [00:08<00:21, 15.46it/s]
Epoch 16/50 [Train]:  28%|██▊       | 130/459 [00:08<00:21, 15.62it/s]
Epoch 16/50 [Train]:  29%|██▉       | 132/459 [00:08<00:20, 15.60it/s]
Epoch 16/50 [Train]:  29%|██▉       | 134/459 [00:08<00:20, 15.65it/s]
Epoch 16/50 [Train]:  30%|██▉       | 136/459 [00:08<00:20, 15.50it/s]
Epoch 16/50 [Train]:  30%|███       | 138/459 [00:08<00:20, 15.61it/s]
Epoch 16/50 [Train]:  31%|███       | 140/459 [00:09<00:20, 15.51it/s]
Epoch 16/50 [Train]:  31%|███       | 142/459 [00:09<00:20, 15.58it/s]
Epoch 16/50 [Train]:  31%|███▏      | 144/459 [00:09<00:20, 15.40it/s]
Epoch 16/50 [Train]:  32%|███▏      | 146/459 [00:09<00:20, 15.52it/s]
Epoch 16/50 [Train]:  32%|███▏      | 148/459 [00:09<00:20, 15.50it/s]
Epoch 16/50 [Train]:  33%|███▎      | 150/459 [00:09<00:20, 15.26it/s]
Epoch 16/50 [Train]:  33%|███▎      | 152/459 [00:09<00:20, 15.33it/s]
Epoch 16/50 [Train]:  34%|███▎      | 154/459 [00:09<00:19, 15.42it/s]
Epoch 16/50 [Train]:  34%|███▍      | 156/459 [00:10<00:20, 14.87it/s]
Epoch 16/50 [Train]:  34%|███▍      | 158/459 [00:10<00:20, 14.94it/s]
Epoch 16/50 [Train]:  35%|███▍      | 160/459 [00:10<00:19, 15.06it/s]
Epoch 16/50 [Train]:  35%|███▌      | 162/459 [00:10<00:19, 15.15it/s]
Epoch 16/50 [Train]:  36%|███▌      | 164/459 [00:10<00:19, 15.14it/s]
Epoch 16/50 [Train]:  36%|███▌      | 166/459 [00:10<00:19, 15.11it/s]
Epoch 16/50 [Train]:  37%|███▋      | 168/459 [00:10<00:19, 15.30it/s]
Epoch 16/50 [Train]:  37%|███▋      | 170/459 [00:10<00:18, 15.49it/s]
Epoch 16/50 [Train]:  37%|███▋      | 172/459 [00:11<00:18, 15.71it/s]
Epoch 16/50 [Train]:  38%|███▊      | 174/459 [00:11<00:18, 15.61it/s]
Epoch 16/50 [Train]:  38%|███▊      | 176/459 [00:11<00:18, 15.65it/s]
Epoch 16/50 [Train]:  39%|███▉      | 178/459 [00:11<00:17, 15.79it/s]
Epoch 16/50 [Train]:  39%|███▉      | 180/459 [00:11<00:17, 15.73it/s]
Epoch 16/50 [Train]:  40%|███▉      | 182/459 [00:11<00:17, 15.61it/s]
Epoch 16/50 [Train]:  40%|████      | 184/459 [00:11<00:17, 15.86it/s]
Epoch 16/50 [Train]:  41%|████      | 186/459 [00:11<00:17, 15.94it/s]
Epoch 16/50 [Train]:  41%|████      | 188/459 [00:12<00:17, 15.86it/s]
Epoch 16/50 [Train]:  41%|████▏     | 190/459 [00:12<00:17, 15.77it/s]
Epoch 16/50 [Train]:  42%|████▏     | 192/459 [00:12<00:16, 15.87it/s]
Epoch 16/50 [Train]:  42%|████▏     | 194/459 [00:12<00:16, 15.83it/s]
Epoch 16/50 [Train]:  43%|████▎     | 196/459 [00:12<00:16, 15.92it/s]
Epoch 16/50 [Train]:  43%|████▎     | 198/459 [00:12<00:16, 15.79it/s]
Epoch 16/50 [Train]:  44%|████▎     | 200/459 [00:12<00:16, 15.84it/s]
Epoch 16/50 [Train]:  44%|████▍     | 202/459 [00:12<00:16, 15.73it/s]
Epoch 16/50 [Train]:  44%|████▍     | 204/459 [00:13<00:16, 15.77it/s]
Epoch 16/50 [Train]:  45%|████▍     | 206/459 [00:13<00:16, 15.71it/s]
Epoch 16/50 [Train]:  45%|████▌     | 208/459 [00:13<00:15, 15.82it/s]
Epoch 16/50 [Train]:  46%|████▌     | 210/459 [00:13<00:15, 15.89it/s]
Epoch 16/50 [Train]:  46%|████▌     | 212/459 [00:13<00:15, 15.83it/s]
Epoch 16/50 [Train]:  47%|████▋     | 214/459 [00:13<00:15, 15.84it/s]
Epoch 16/50 [Train]:  47%|████▋     | 216/459 [00:13<00:15, 16.02it/s]
Epoch 16/50 [Train]:  47%|████▋     | 218/459 [00:14<00:15, 16.02it/s]
Epoch 16/50 [Train]:  48%|████▊     | 220/459 [00:14<00:14, 16.11it/s]
Epoch 16/50 [Train]:  48%|████▊     | 222/459 [00:14<00:14, 16.04it/s]
Epoch 16/50 [Train]:  49%|████▉     | 224/459 [00:14<00:14, 15.96it/s]
Epoch 16/50 [Train]:  49%|████▉     | 226/459 [00:14<00:14, 16.05it/s]
Epoch 16/50 [Train]:  50%|████▉     | 228/459 [00:14<00:14, 16.11it/s]
Epoch 16/50 [Train]:  50%|█████     | 230/459 [00:14<00:14, 16.15it/s]
Epoch 16/50 [Train]:  51%|█████     | 232/459 [00:14<00:14, 16.00it/s]
Epoch 16/50 [Train]:  51%|█████     | 234/459 [00:14<00:14, 16.02it/s]
Epoch 16/50 [Train]:  51%|█████▏    | 236/459 [00:15<00:13, 16.06it/s]
Epoch 16/50 [Train]:  52%|█████▏    | 238/459 [00:15<00:13, 15.95it/s]
Epoch 16/50 [Train]:  52%|█████▏    | 240/459 [00:15<00:13, 15.81it/s]
Epoch 16/50 [Train]:  53%|█████▎    | 242/459 [00:15<00:13, 15.78it/s]
Epoch 16/50 [Train]:  53%|█████▎    | 244/459 [00:15<00:13, 15.83it/s]
Epoch 16/50 [Train]:  54%|█████▎    | 246/459 [00:15<00:13, 15.82it/s]
Epoch 16/50 [Train]:  54%|█████▍    | 248/459 [00:15<00:13, 15.90it/s]
Epoch 16/50 [Train]:  54%|█████▍    | 250/459 [00:16<00:13, 15.89it/s]
Epoch 16/50 [Train]:  55%|█████▍    | 252/459 [00:16<00:12, 15.97it/s]
Epoch 16/50 [Train]:  55%|█████▌    | 254/459 [00:16<00:13, 15.76it/s]
Epoch 16/50 [Train]:  56%|█████▌    | 256/459 [00:16<00:12, 15.77it/s]
Epoch 16/50 [Train]:  56%|█████▌    | 258/459 [00:16<00:12, 15.65it/s]
Epoch 16/50 [Train]:  57%|█████▋    | 260/459 [00:16<00:12, 15.44it/s]
Epoch 16/50 [Train]:  57%|█████▋    | 262/459 [00:16<00:12, 15.55it/s]
Epoch 16/50 [Train]:  58%|█████▊    | 264/459 [00:16<00:12, 15.73it/s]
Epoch 16/50 [Train]:  58%|█████▊    | 266/459 [00:17<00:12, 15.83it/s]
Epoch 16/50 [Train]:  58%|█████▊    | 268/459 [00:17<00:11, 16.01it/s]
Epoch 16/50 [Train]:  59%|█████▉    | 270/459 [00:17<00:11, 16.04it/s]
Epoch 16/50 [Train]:  59%|█████▉    | 272/459 [00:17<00:11, 16.03it/s]
Epoch 16/50 [Train]:  60%|█████▉    | 274/459 [00:17<00:11, 16.09it/s]
Epoch 16/50 [Train]:  60%|██████    | 276/459 [00:17<00:11, 16.02it/s]
Epoch 16/50 [Train]:  61%|██████    | 278/459 [00:17<00:11, 16.08it/s]
Epoch 16/50 [Train]:  61%|██████    | 280/459 [00:17<00:11, 16.00it/s]
Epoch 16/50 [Train]:  61%|██████▏   | 282/459 [00:18<00:11, 15.89it/s]
Epoch 16/50 [Train]:  62%|██████▏   | 284/459 [00:18<00:10, 15.92it/s]
Epoch 16/50 [Train]:  62%|██████▏   | 286/459 [00:18<00:10, 15.89it/s]
Epoch 16/50 [Train]:  63%|██████▎   | 288/459 [00:18<00:10, 15.99it/s]
Epoch 16/50 [Train]:  63%|██████▎   | 290/459 [00:18<00:10, 15.95it/s]
Epoch 16/50 [Train]:  64%|██████▎   | 292/459 [00:18<00:10, 15.83it/s]
Epoch 16/50 [Train]:  64%|██████▍   | 294/459 [00:18<00:10, 15.74it/s]
Epoch 16/50 [Train]:  64%|██████▍   | 296/459 [00:18<00:10, 15.89it/s]
Epoch 16/50 [Train]:  65%|██████▍   | 298/459 [00:19<00:10, 16.03it/s]
Epoch 16/50 [Train]:  65%|██████▌   | 300/459 [00:19<00:09, 16.09it/s]
Epoch 16/50 [Train]:  66%|██████▌   | 302/459 [00:19<00:09, 16.07it/s]
Epoch 16/50 [Train]:  66%|██████▌   | 304/459 [00:19<00:09, 16.03it/s]
Epoch 16/50 [Train]:  67%|██████▋   | 306/459 [00:19<00:09, 16.07it/s]
Epoch 16/50 [Train]:  67%|██████▋   | 308/459 [00:19<00:09, 15.74it/s]
Epoch 16/50 [Train]:  68%|██████▊   | 310/459 [00:19<00:09, 15.76it/s]
Epoch 16/50 [Train]:  68%|██████▊   | 312/459 [00:19<00:09, 15.35it/s]
Epoch 16/50 [Train]:  68%|██████▊   | 314/459 [00:20<00:09, 15.43it/s]
Epoch 16/50 [Train]:  69%|██████▉   | 316/459 [00:20<00:09, 15.49it/s]
Epoch 16/50 [Train]:  69%|██████▉   | 318/459 [00:20<00:09, 15.50it/s]
Epoch 16/50 [Train]:  70%|██████▉   | 320/459 [00:20<00:09, 15.44it/s]
Epoch 16/50 [Train]:  70%|███████   | 322/459 [00:20<00:09, 15.17it/s]
Epoch 16/50 [Train]:  71%|███████   | 324/459 [00:20<00:08, 15.12it/s]
Epoch 16/50 [Train]:  71%|███████   | 326/459 [00:20<00:08, 15.11it/s]
Epoch 16/50 [Train]:  71%|███████▏  | 328/459 [00:20<00:08, 15.37it/s]
Epoch 16/50 [Train]:  72%|███████▏  | 330/459 [00:21<00:08, 15.65it/s]
Epoch 16/50 [Train]:  72%|███████▏  | 332/459 [00:21<00:08, 15.75it/s]
Epoch 16/50 [Train]:  73%|███████▎  | 334/459 [00:21<00:07, 15.73it/s]
Epoch 16/50 [Train]:  73%|███████▎  | 336/459 [00:21<00:07, 15.92it/s]
Epoch 16/50 [Train]:  74%|███████▎  | 338/459 [00:21<00:07, 15.94it/s]
Epoch 16/50 [Train]:  74%|███████▍  | 340/459 [00:21<00:07, 15.75it/s]
Epoch 16/50 [Train]:  75%|███████▍  | 342/459 [00:21<00:07, 15.81it/s]
Epoch 16/50 [Train]:  75%|███████▍  | 344/459 [00:21<00:07, 15.88it/s]
Epoch 16/50 [Train]:  75%|███████▌  | 346/459 [00:22<00:07, 15.94it/s]
Epoch 16/50 [Train]:  76%|███████▌  | 348/459 [00:22<00:06, 15.96it/s]
Epoch 16/50 [Train]:  76%|███████▋  | 350/459 [00:22<00:06, 15.93it/s]
Epoch 16/50 [Train]:  77%|███████▋  | 352/459 [00:22<00:06, 15.92it/s]
Epoch 16/50 [Train]:  77%|███████▋  | 354/459 [00:22<00:06, 15.94it/s]
Epoch 16/50 [Train]:  78%|███████▊  | 356/459 [00:22<00:06, 15.87it/s]
Epoch 16/50 [Train]:  78%|███████▊  | 358/459 [00:22<00:06, 15.75it/s]
Epoch 16/50 [Train]:  78%|███████▊  | 360/459 [00:22<00:06, 15.83it/s]
Epoch 16/50 [Train]:  79%|███████▉  | 362/459 [00:23<00:06, 15.79it/s]
Epoch 16/50 [Train]:  79%|███████▉  | 364/459 [00:23<00:05, 15.84it/s]
Epoch 16/50 [Train]:  80%|███████▉  | 366/459 [00:23<00:05, 15.92it/s]
Epoch 16/50 [Train]:  80%|████████  | 368/459 [00:23<00:05, 15.91it/s]
Epoch 16/50 [Train]:  81%|████████  | 370/459 [00:23<00:05, 15.77it/s]
Epoch 16/50 [Train]:  81%|████████  | 372/459 [00:23<00:05, 15.44it/s]
Epoch 16/50 [Train]:  81%|████████▏ | 374/459 [00:23<00:05, 14.82it/s]
Epoch 16/50 [Train]:  82%|████████▏ | 376/459 [00:24<00:05, 14.56it/s]
Epoch 16/50 [Train]:  82%|████████▏ | 378/459 [00:24<00:05, 14.17it/s]
Epoch 16/50 [Train]:  83%|████████▎ | 380/459 [00:24<00:05, 14.24it/s]
Epoch 16/50 [Train]:  83%|████████▎ | 382/459 [00:24<00:05, 14.42it/s]
Epoch 16/50 [Train]:  84%|████████▎ | 384/459 [00:24<00:05, 14.35it/s]
Epoch 16/50 [Train]:  84%|████████▍ | 386/459 [00:24<00:05, 14.48it/s]
Epoch 16/50 [Train]:  85%|████████▍ | 388/459 [00:24<00:04, 14.59it/s]
Epoch 16/50 [Train]:  85%|████████▍ | 390/459 [00:25<00:04, 14.61it/s]
Epoch 16/50 [Train]:  85%|████████▌ | 392/459 [00:25<00:04, 13.92it/s]
Epoch 16/50 [Train]:  86%|████████▌ | 394/459 [00:25<00:04, 14.41it/s]
Epoch 16/50 [Train]:  86%|████████▋ | 396/459 [00:25<00:04, 14.66it/s]
Epoch 16/50 [Train]:  87%|████████▋ | 398/459 [00:25<00:04, 14.98it/s]
Epoch 16/50 [Train]:  87%|████████▋ | 400/459 [00:25<00:03, 15.18it/s]
Epoch 16/50 [Train]:  88%|████████▊ | 402/459 [00:25<00:03, 15.37it/s]
Epoch 16/50 [Train]:  88%|████████▊ | 404/459 [00:25<00:03, 15.52it/s]
Epoch 16/50 [Train]:  88%|████████▊ | 406/459 [00:26<00:03, 15.69it/s]
Epoch 16/50 [Train]:  89%|████████▉ | 408/459 [00:26<00:03, 15.56it/s]
Epoch 16/50 [Train]:  89%|████████▉ | 410/459 [00:26<00:03, 15.47it/s]
Epoch 16/50 [Train]:  90%|████████▉ | 412/459 [00:26<00:03, 15.55it/s]
Epoch 16/50 [Train]:  90%|█████████ | 414/459 [00:26<00:02, 15.67it/s]
Epoch 16/50 [Train]:  91%|█████████ | 416/459 [00:26<00:02, 14.79it/s]
Epoch 16/50 [Train]:  91%|█████████ | 418/459 [00:26<00:02, 14.61it/s]
Epoch 16/50 [Train]:  92%|█████████▏| 420/459 [00:27<00:02, 13.16it/s]
Epoch 16/50 [Train]:  92%|█████████▏| 422/459 [00:27<00:02, 13.05it/s]
Epoch 16/50 [Train]:  92%|█████████▏| 424/459 [00:27<00:03, 11.45it/s]
Epoch 16/50 [Train]:  93%|█████████▎| 426/459 [00:27<00:02, 12.37it/s]
Epoch 16/50 [Train]:  93%|█████████▎| 428/459 [00:27<00:03, 10.26it/s]
Epoch 16/50 [Train]:  94%|█████████▎| 430/459 [00:28<00:03,  9.15it/s]
Epoch 16/50 [Train]:  94%|█████████▍| 432/459 [00:28<00:03,  8.62it/s]
Epoch 16/50 [Train]:  94%|█████████▍| 433/459 [00:28<00:03,  8.29it/s]
Epoch 16/50 [Train]:  95%|█████████▍| 434/459 [00:28<00:03,  8.08it/s]
Epoch 16/50 [Train]:  95%|█████████▍| 435/459 [00:28<00:03,  7.48it/s]
Epoch 16/50 [Train]:  95%|█████████▍| 436/459 [00:28<00:03,  7.16it/s]
Epoch 16/50 [Train]:  95%|█████████▌| 437/459 [00:29<00:03,  7.24it/s]
Epoch 16/50 [Train]:  95%|█████████▌| 438/459 [00:29<00:02,  7.03it/s]
Epoch 16/50 [Train]:  96%|█████████▌| 439/459 [00:29<00:02,  6.76it/s]
Epoch 16/50 [Train]:  96%|█████████▌| 440/459 [00:29<00:02,  6.73it/s]
Epoch 16/50 [Train]:  96%|█████████▌| 441/459 [00:29<00:02,  6.68it/s]
Epoch 16/50 [Train]:  96%|█████████▋| 442/459 [00:29<00:02,  6.61it/s]
Epoch 16/50 [Train]:  97%|█████████▋| 443/459 [00:30<00:02,  6.37it/s]
Epoch 16/50 [Train]:  97%|█████████▋| 444/459 [00:30<00:02,  6.43it/s]
Epoch 16/50 [Train]:  97%|█████████▋| 445/459 [00:30<00:02,  6.67it/s]
Epoch 16/50 [Train]:  97%|█████████▋| 446/459 [00:30<00:01,  6.94it/s]
Epoch 16/50 [Train]:  97%|█████████▋| 447/459 [00:30<00:01,  6.64it/s]
Epoch 16/50 [Train]:  98%|█████████▊| 448/459 [00:30<00:01,  6.70it/s]
Epoch 16/50 [Train]:  98%|█████████▊| 449/459 [00:30<00:01,  7.02it/s]
Epoch 16/50 [Train]:  98%|█████████▊| 450/459 [00:31<00:01,  7.28it/s]
Epoch 16/50 [Train]:  98%|█████████▊| 451/459 [00:31<00:01,  7.24it/s]
Epoch 16/50 [Train]:  98%|█████████▊| 452/459 [00:31<00:00,  7.04it/s]
Epoch 16/50 [Train]:  99%|█████████▊| 453/459 [00:31<00:00,  7.19it/s]
Epoch 16/50 [Train]:  99%|█████████▉| 454/459 [00:31<00:00,  6.33it/s]
Epoch 16/50 [Train]:  99%|█████████▉| 455/459 [00:31<00:00,  6.19it/s]
Epoch 16/50 [Train]:  99%|█████████▉| 456/459 [00:31<00:00,  6.16it/s]
Epoch 16/50 [Train]: 100%|█████████▉| 457/459 [00:32<00:00,  6.18it/s]
Epoch 16/50 [Train]: 100%|█████████▉| 458/459 [00:32<00:00,  6.21it/s]
Epoch 16/50 [Train]: 100%|██████████| 459/459 [00:32<00:00,  6.37it/s]
                                                                      

Epoch 16/50 [Val]:   0%|          | 0/113 [00:00<?, ?it/s]
Epoch 16/50 [Val]:   1%|          | 1/113 [00:00<00:26,  4.25it/s]
Epoch 16/50 [Val]:   2%|▏         | 2/113 [00:00<00:25,  4.43it/s]
Epoch 16/50 [Val]:   3%|▎         | 3/113 [00:00<00:24,  4.50it/s]
Epoch 16/50 [Val]:   4%|▎         | 4/113 [00:00<00:24,  4.38it/s]
Epoch 16/50 [Val]:   4%|▍         | 5/113 [00:01<00:22,  4.81it/s]
Epoch 16/50 [Val]:   5%|▌         | 6/113 [00:01<00:21,  4.91it/s]
Epoch 16/50 [Val]:   6%|▌         | 7/113 [00:01<00:20,  5.17it/s]
Epoch 16/50 [Val]:   7%|▋         | 8/113 [00:01<00:19,  5.43it/s]
Epoch 16/50 [Val]:   8%|▊         | 9/113 [00:01<00:20,  5.07it/s]
Epoch 16/50 [Val]:   9%|▉         | 10/113 [00:02<00:21,  4.82it/s]
Epoch 16/50 [Val]:  10%|▉         | 11/113 [00:02<00:21,  4.66it/s]
Epoch 16/50 [Val]:  11%|█         | 12/113 [00:02<00:21,  4.60it/s]
Epoch 16/50 [Val]:  12%|█▏        | 13/113 [00:02<00:21,  4.57it/s]
Epoch 16/50 [Val]:  12%|█▏        | 14/113 [00:02<00:21,  4.70it/s]
Epoch 16/50 [Val]:  13%|█▎        | 15/113 [00:03<00:22,  4.37it/s]
Epoch 16/50 [Val]:  14%|█▍        | 16/113 [00:03<00:23,  4.07it/s]
Epoch 16/50 [Val]:  15%|█▌        | 17/113 [00:03<00:24,  3.93it/s]
Epoch 16/50 [Val]:  16%|█▌        | 18/113 [00:04<00:24,  3.85it/s]
Epoch 16/50 [Val]:  17%|█▋        | 19/113 [00:04<00:25,  3.67it/s]
Epoch 16/50 [Val]:  18%|█▊        | 20/113 [00:04<00:25,  3.64it/s]
Epoch 16/50 [Val]:  19%|█▊        | 21/113 [00:04<00:27,  3.41it/s]
Epoch 16/50 [Val]:  19%|█▉        | 22/113 [00:05<00:22,  4.02it/s]
Epoch 16/50 [Val]:  20%|██        | 23/113 [00:05<00:19,  4.66it/s]
Epoch 16/50 [Val]:  21%|██        | 24/113 [00:05<00:16,  5.40it/s]
Epoch 16/50 [Val]:  22%|██▏       | 25/113 [00:05<00:14,  6.26it/s]
Epoch 16/50 [Val]:  24%|██▍       | 27/113 [00:05<00:10,  8.01it/s]
Epoch 16/50 [Val]:  26%|██▌       | 29/113 [00:05<00:08,  9.69it/s]
Epoch 16/50 [Val]:  27%|██▋       | 31/113 [00:05<00:07, 10.87it/s]
Epoch 16/50 [Val]:  29%|██▉       | 33/113 [00:06<00:06, 11.85it/s]
Epoch 16/50 [Val]:  31%|███       | 35/113 [00:06<00:06, 12.47it/s]
Epoch 16/50 [Val]:  33%|███▎      | 37/113 [00:06<00:05, 13.12it/s]
Epoch 16/50 [Val]:  35%|███▍      | 39/113 [00:06<00:05, 13.63it/s]
Epoch 16/50 [Val]:  36%|███▋      | 41/113 [00:06<00:05, 14.14it/s]
Epoch 16/50 [Val]:  38%|███▊      | 43/113 [00:06<00:04, 14.67it/s]
Epoch 16/50 [Val]:  40%|███▉      | 45/113 [00:06<00:04, 14.57it/s]
Epoch 16/50 [Val]:  42%|████▏     | 47/113 [00:06<00:04, 14.81it/s]
Epoch 16/50 [Val]:  43%|████▎     | 49/113 [00:07<00:04, 15.21it/s]
Epoch 16/50 [Val]:  45%|████▌     | 51/113 [00:07<00:04, 15.50it/s]
Epoch 16/50 [Val]:  47%|████▋     | 53/113 [00:07<00:03, 15.90it/s]
Epoch 16/50 [Val]:  49%|████▊     | 55/113 [00:07<00:03, 16.27it/s]
Epoch 16/50 [Val]:  50%|█████     | 57/113 [00:07<00:03, 15.74it/s]
Epoch 16/50 [Val]:  52%|█████▏    | 59/113 [00:07<00:03, 15.65it/s]
Epoch 16/50 [Val]:  54%|█████▍    | 61/113 [00:07<00:03, 15.75it/s]
Epoch 16/50 [Val]:  56%|█████▌    | 63/113 [00:07<00:03, 15.81it/s]
Epoch 16/50 [Val]:  58%|█████▊    | 65/113 [00:08<00:03, 15.67it/s]
Epoch 16/50 [Val]:  59%|█████▉    | 67/113 [00:08<00:02, 15.35it/s]
Epoch 16/50 [Val]:  61%|██████    | 69/113 [00:08<00:02, 15.46it/s]
Epoch 16/50 [Val]:  63%|██████▎   | 71/113 [00:08<00:02, 15.89it/s]
Epoch 16/50 [Val]:  65%|██████▍   | 73/113 [00:08<00:02, 16.17it/s]
Epoch 16/50 [Val]:  66%|██████▋   | 75/113 [00:08<00:02, 16.32it/s]
Epoch 16/50 [Val]:  68%|██████▊   | 77/113 [00:08<00:02, 16.33it/s]
Epoch 16/50 [Val]:  70%|██████▉   | 79/113 [00:08<00:02, 16.44it/s]
Epoch 16/50 [Val]:  72%|███████▏  | 81/113 [00:09<00:01, 16.28it/s]
Epoch 16/50 [Val]:  73%|███████▎  | 83/113 [00:09<00:01, 16.26it/s]
Epoch 16/50 [Val]:  75%|███████▌  | 85/113 [00:09<00:01, 16.22it/s]
Epoch 16/50 [Val]:  77%|███████▋  | 87/113 [00:09<00:01, 16.21it/s]
Epoch 16/50 [Val]:  79%|███████▉  | 89/113 [00:09<00:01, 16.38it/s]
Epoch 16/50 [Val]:  81%|████████  | 91/113 [00:09<00:01, 16.65it/s]
Epoch 16/50 [Val]:  82%|████████▏ | 93/113 [00:09<00:01, 16.56it/s]
Epoch 16/50 [Val]:  84%|████████▍ | 95/113 [00:09<00:01, 16.79it/s]
Epoch 16/50 [Val]:  86%|████████▌ | 97/113 [00:10<00:00, 16.92it/s]
Epoch 16/50 [Val]:  88%|████████▊ | 99/113 [00:10<00:00, 16.89it/s]
Epoch 16/50 [Val]:  89%|████████▉ | 101/113 [00:10<00:00, 16.29it/s]
Epoch 16/50 [Val]:  91%|█████████ | 103/113 [00:10<00:00, 16.11it/s]
Epoch 16/50 [Val]:  93%|█████████▎| 105/113 [00:10<00:00, 16.31it/s]
Epoch 16/50 [Val]:  95%|█████████▍| 107/113 [00:10<00:00, 16.37it/s]
Epoch 16/50 [Val]:  96%|█████████▋| 109/113 [00:10<00:00, 16.89it/s]
Epoch 16/50 [Val]:  98%|█████████▊| 111/113 [00:10<00:00, 16.76it/s]
                                                                    

Epoch 17/50 [Train]:   0%|          | 0/459 [00:00<?, ?it/s]
Epoch 17/50 [Train]:   0%|          | 2/459 [00:00<00:30, 15.02it/s]
Epoch 17/50 [Train]:   1%|          | 4/459 [00:00<00:30, 14.83it/s]
Epoch 17/50 [Train]:   1%|▏         | 6/459 [00:00<00:32, 14.09it/s]
Epoch 17/50 [Train]:   2%|▏         | 8/459 [00:00<00:31, 14.19it/s]
Epoch 17/50 [Train]:   2%|▏         | 10/459 [00:00<00:31, 14.05it/s]
Epoch 17/50 [Train]:   3%|▎         | 12/459 [00:00<00:32, 13.75it/s]
Epoch 17/50 [Train]:   3%|▎         | 14/459 [00:00<00:31, 14.08it/s]
Epoch 17/50 [Train]:   3%|▎         | 16/459 [00:01<00:30, 14.36it/s]
Epoch 17/50 [Train]:   4%|▍         | 18/459 [00:01<00:31, 14.18it/s]
Epoch 17/50 [Train]:   4%|▍         | 20/459 [00:01<00:30, 14.33it/s]
Epoch 17/50 [Train]:   5%|▍         | 22/459 [00:01<00:30, 14.30it/s]
Epoch 17/50 [Train]:   5%|▌         | 24/459 [00:01<00:30, 14.42it/s]
Epoch 17/50 [Train]:   6%|▌         | 26/459 [00:01<00:29, 14.52it/s]
Epoch 17/50 [Train]:   6%|▌         | 28/459 [00:01<00:29, 14.44it/s]
Epoch 17/50 [Train]:   7%|▋         | 30/459 [00:02<00:29, 14.45it/s]
Epoch 17/50 [Train]:   7%|▋         | 32/459 [00:02<00:29, 14.63it/s]
Epoch 17/50 [Train]:   7%|▋         | 34/459 [00:02<00:28, 14.97it/s]
Epoch 17/50 [Train]:   8%|▊         | 36/459 [00:02<00:28, 15.07it/s]
Epoch 17/50 [Train]:   8%|▊         | 38/459 [00:02<00:27, 15.29it/s]
Epoch 17/50 [Train]:   9%|▊         | 40/459 [00:02<00:27, 15.26it/s]
Epoch 17/50 [Train]:   9%|▉         | 42/459 [00:02<00:27, 15.40it/s]
Epoch 17/50 [Train]:  10%|▉         | 44/459 [00:02<00:26, 15.54it/s]
Epoch 17/50 [Train]:  10%|█         | 46/459 [00:03<00:26, 15.58it/s]
Epoch 17/50 [Train]:  10%|█         | 48/459 [00:03<00:26, 15.58it/s]
Epoch 17/50 [Train]:  11%|█         | 50/459 [00:03<00:26, 15.54it/s]
Epoch 17/50 [Train]:  11%|█▏        | 52/459 [00:03<00:26, 15.48it/s]
Epoch 17/50 [Train]:  12%|█▏        | 54/459 [00:03<00:26, 15.25it/s]
Epoch 17/50 [Train]:  12%|█▏        | 56/459 [00:03<00:26, 15.40it/s]
Epoch 17/50 [Train]:  13%|█▎        | 58/459 [00:03<00:26, 15.21it/s]
Epoch 17/50 [Train]:  13%|█▎        | 60/459 [00:04<00:26, 15.16it/s]
Epoch 17/50 [Train]:  14%|█▎        | 62/459 [00:04<00:25, 15.29it/s]
Epoch 17/50 [Train]:  14%|█▍        | 64/459 [00:04<00:26, 15.19it/s]
Epoch 17/50 [Train]:  14%|█▍        | 66/459 [00:04<00:25, 15.29it/s]
Epoch 17/50 [Train]:  15%|█▍        | 68/459 [00:04<00:25, 15.61it/s]
Epoch 17/50 [Train]:  15%|█▌        | 70/459 [00:04<00:24, 15.65it/s]
Epoch 17/50 [Train]:  16%|█▌        | 72/459 [00:04<00:24, 15.67it/s]
Epoch 17/50 [Train]:  16%|█▌        | 74/459 [00:04<00:24, 15.77it/s]
Epoch 17/50 [Train]:  17%|█▋        | 76/459 [00:05<00:23, 15.96it/s]
Epoch 17/50 [Train]:  17%|█▋        | 78/459 [00:05<00:23, 16.10it/s]
Epoch 17/50 [Train]:  17%|█▋        | 80/459 [00:05<00:24, 15.70it/s]
Epoch 17/50 [Train]:  18%|█▊        | 82/459 [00:05<00:23, 15.84it/s]
Epoch 17/50 [Train]:  18%|█▊        | 84/459 [00:05<00:23, 15.82it/s]
Epoch 17/50 [Train]:  19%|█▊        | 86/459 [00:05<00:23, 16.01it/s]
Epoch 17/50 [Train]:  19%|█▉        | 88/459 [00:05<00:23, 16.06it/s]
Epoch 17/50 [Train]:  20%|█▉        | 90/459 [00:05<00:23, 16.02it/s]
Epoch 17/50 [Train]:  20%|██        | 92/459 [00:06<00:23, 15.91it/s]
Epoch 17/50 [Train]:  20%|██        | 94/459 [00:06<00:22, 16.01it/s]
Epoch 17/50 [Train]:  21%|██        | 96/459 [00:06<00:22, 15.89it/s]
Epoch 17/50 [Train]:  21%|██▏       | 98/459 [00:06<00:22, 15.96it/s]
Epoch 17/50 [Train]:  22%|██▏       | 100/459 [00:06<00:22, 15.85it/s]
Epoch 17/50 [Train]:  22%|██▏       | 102/459 [00:06<00:22, 15.91it/s]
Epoch 17/50 [Train]:  23%|██▎       | 104/459 [00:06<00:22, 15.91it/s]
Epoch 17/50 [Train]:  23%|██▎       | 106/459 [00:06<00:22, 15.81it/s]
Epoch 17/50 [Train]:  24%|██▎       | 108/459 [00:07<00:22, 15.82it/s]
Epoch 17/50 [Train]:  24%|██▍       | 110/459 [00:07<00:22, 15.74it/s]
Epoch 17/50 [Train]:  24%|██▍       | 112/459 [00:07<00:22, 15.46it/s]
Epoch 17/50 [Train]:  25%|██▍       | 114/459 [00:07<00:22, 15.53it/s]
Epoch 17/50 [Train]:  25%|██▌       | 116/459 [00:07<00:21, 15.77it/s]
Epoch 17/50 [Train]:  26%|██▌       | 118/459 [00:07<00:21, 15.75it/s]
Epoch 17/50 [Train]:  26%|██▌       | 120/459 [00:07<00:21, 15.92it/s]
Epoch 17/50 [Train]:  27%|██▋       | 122/459 [00:07<00:21, 15.95it/s]
Epoch 17/50 [Train]:  27%|██▋       | 124/459 [00:08<00:21, 15.89it/s]
Epoch 17/50 [Train]:  27%|██▋       | 126/459 [00:08<00:20, 16.07it/s]
Epoch 17/50 [Train]:  28%|██▊       | 128/459 [00:08<00:20, 15.78it/s]
Epoch 17/50 [Train]:  28%|██▊       | 130/459 [00:08<00:20, 15.75it/s]
Epoch 17/50 [Train]:  29%|██▉       | 132/459 [00:08<00:20, 15.88it/s]
Epoch 17/50 [Train]:  29%|██▉       | 134/459 [00:08<00:20, 15.92it/s]
Epoch 17/50 [Train]:  30%|██▉       | 136/459 [00:08<00:20, 15.85it/s]
Epoch 17/50 [Train]:  30%|███       | 138/459 [00:08<00:20, 15.37it/s]
Epoch 17/50 [Train]:  31%|███       | 140/459 [00:09<00:20, 15.65it/s]
Epoch 17/50 [Train]:  31%|███       | 142/459 [00:09<00:20, 15.76it/s]
Epoch 17/50 [Train]:  31%|███▏      | 144/459 [00:09<00:19, 15.82it/s]
Epoch 17/50 [Train]:  32%|███▏      | 146/459 [00:09<00:19, 15.80it/s]
Epoch 17/50 [Train]:  32%|███▏      | 148/459 [00:09<00:19, 15.57it/s]
Epoch 17/50 [Train]:  33%|███▎      | 150/459 [00:09<00:19, 15.76it/s]
Epoch 17/50 [Train]:  33%|███▎      | 152/459 [00:09<00:19, 15.87it/s]
Epoch 17/50 [Train]:  34%|███▎      | 154/459 [00:09<00:19, 15.97it/s]
Epoch 17/50 [Train]:  34%|███▍      | 156/459 [00:10<00:18, 16.10it/s]
Epoch 17/50 [Train]:  34%|███▍      | 158/459 [00:10<00:18, 16.19it/s]
Epoch 17/50 [Train]:  35%|███▍      | 160/459 [00:10<00:18, 16.09it/s]
Epoch 17/50 [Train]:  35%|███▌      | 162/459 [00:10<00:18, 16.02it/s]
Epoch 17/50 [Train]:  36%|███▌      | 164/459 [00:10<00:18, 16.00it/s]
Epoch 17/50 [Train]:  36%|███▌      | 166/459 [00:10<00:18, 16.13it/s]
Epoch 17/50 [Train]:  37%|███▋      | 168/459 [00:10<00:18, 16.11it/s]
Epoch 17/50 [Train]:  37%|███▋      | 170/459 [00:10<00:17, 16.17it/s]
Epoch 17/50 [Train]:  37%|███▋      | 172/459 [00:11<00:17, 16.13it/s]
Epoch 17/50 [Train]:  38%|███▊      | 174/459 [00:11<00:17, 16.15it/s]
Epoch 17/50 [Train]:  38%|███▊      | 176/459 [00:11<00:17, 16.10it/s]
Epoch 17/50 [Train]:  39%|███▉      | 178/459 [00:11<00:17, 16.03it/s]
Epoch 17/50 [Train]:  39%|███▉      | 180/459 [00:11<00:17, 15.93it/s]
Epoch 17/50 [Train]:  40%|███▉      | 182/459 [00:11<00:17, 16.02it/s]
Epoch 17/50 [Train]:  40%|████      | 184/459 [00:11<00:17, 15.95it/s]
Epoch 17/50 [Train]:  41%|████      | 186/459 [00:11<00:17, 15.94it/s]
Epoch 17/50 [Train]:  41%|████      | 188/459 [00:12<00:16, 15.99it/s]
Epoch 17/50 [Train]:  41%|████▏     | 190/459 [00:12<00:16, 15.99it/s]
Epoch 17/50 [Train]:  42%|████▏     | 192/459 [00:12<00:16, 15.90it/s]
Epoch 17/50 [Train]:  42%|████▏     | 194/459 [00:12<00:16, 15.76it/s]
Epoch 17/50 [Train]:  43%|████▎     | 196/459 [00:12<00:16, 15.92it/s]
Epoch 17/50 [Train]:  43%|████▎     | 198/459 [00:12<00:16, 15.94it/s]
Epoch 17/50 [Train]:  44%|████▎     | 200/459 [00:12<00:16, 16.05it/s]
Epoch 17/50 [Train]:  44%|████▍     | 202/459 [00:12<00:16, 16.04it/s]
Epoch 17/50 [Train]:  44%|████▍     | 204/459 [00:13<00:17, 14.64it/s]
Epoch 17/50 [Train]:  45%|████▍     | 206/459 [00:13<00:17, 14.34it/s]
Epoch 17/50 [Train]:  45%|████▌     | 208/459 [00:13<00:17, 14.72it/s]
Epoch 17/50 [Train]:  46%|████▌     | 210/459 [00:13<00:16, 15.02it/s]
Epoch 17/50 [Train]:  46%|████▌     | 212/459 [00:13<00:16, 15.30it/s]
Epoch 17/50 [Train]:  47%|████▋     | 214/459 [00:13<00:15, 15.42it/s]
Epoch 17/50 [Train]:  47%|████▋     | 216/459 [00:13<00:15, 15.34it/s]
Epoch 17/50 [Train]:  47%|████▋     | 218/459 [00:14<00:15, 15.43it/s]
Epoch 17/50 [Train]:  48%|████▊     | 220/459 [00:14<00:15, 15.54it/s]
Epoch 17/50 [Train]:  48%|████▊     | 222/459 [00:14<00:15, 15.20it/s]
Epoch 17/50 [Train]:  49%|████▉     | 224/459 [00:14<00:15, 15.14it/s]
Epoch 17/50 [Train]:  49%|████▉     | 226/459 [00:14<00:15, 15.42it/s]
Epoch 17/50 [Train]:  50%|████▉     | 228/459 [00:14<00:14, 15.56it/s]
Epoch 17/50 [Train]:  50%|█████     | 230/459 [00:14<00:14, 15.42it/s]
Epoch 17/50 [Train]:  51%|█████     | 232/459 [00:14<00:14, 15.43it/s]
Epoch 17/50 [Train]:  51%|█████     | 234/459 [00:15<00:14, 15.65it/s]
Epoch 17/50 [Train]:  51%|█████▏    | 236/459 [00:15<00:14, 15.87it/s]
Epoch 17/50 [Train]:  52%|█████▏    | 238/459 [00:15<00:13, 15.87it/s]
Epoch 17/50 [Train]:  52%|█████▏    | 240/459 [00:15<00:13, 15.91it/s]
Epoch 17/50 [Train]:  53%|█████▎    | 242/459 [00:15<00:13, 16.03it/s]
Epoch 17/50 [Train]:  53%|█████▎    | 244/459 [00:15<00:13, 16.10it/s]
Epoch 17/50 [Train]:  54%|█████▎    | 246/459 [00:15<00:13, 16.06it/s]
Epoch 17/50 [Train]:  54%|█████▍    | 248/459 [00:15<00:13, 16.10it/s]
Epoch 17/50 [Train]:  54%|█████▍    | 250/459 [00:16<00:12, 16.14it/s]
Epoch 17/50 [Train]:  55%|█████▍    | 252/459 [00:16<00:12, 16.16it/s]
Epoch 17/50 [Train]:  55%|█████▌    | 254/459 [00:16<00:12, 15.79it/s]
Epoch 17/50 [Train]:  56%|█████▌    | 256/459 [00:16<00:12, 15.73it/s]
Epoch 17/50 [Train]:  56%|█████▌    | 258/459 [00:16<00:12, 15.78it/s]
Epoch 17/50 [Train]:  57%|█████▋    | 260/459 [00:16<00:12, 15.76it/s]
Epoch 17/50 [Train]:  57%|█████▋    | 262/459 [00:16<00:12, 15.71it/s]
Epoch 17/50 [Train]:  58%|█████▊    | 264/459 [00:16<00:12, 15.55it/s]
Epoch 17/50 [Train]:  58%|█████▊    | 266/459 [00:17<00:12, 15.56it/s]
Epoch 17/50 [Train]:  58%|█████▊    | 268/459 [00:17<00:12, 15.42it/s]
Epoch 17/50 [Train]:  59%|█████▉    | 270/459 [00:17<00:12, 15.42it/s]
Epoch 17/50 [Train]:  59%|█████▉    | 272/459 [00:17<00:12, 15.35it/s]
Epoch 17/50 [Train]:  60%|█████▉    | 274/459 [00:17<00:12, 15.21it/s]
Epoch 17/50 [Train]:  60%|██████    | 276/459 [00:17<00:11, 15.30it/s]
Epoch 17/50 [Train]:  61%|██████    | 278/459 [00:17<00:11, 15.44it/s]
Epoch 17/50 [Train]:  61%|██████    | 280/459 [00:18<00:11, 15.42it/s]
Epoch 17/50 [Train]:  61%|██████▏   | 282/459 [00:18<00:11, 15.38it/s]
Epoch 17/50 [Train]:  62%|██████▏   | 284/459 [00:18<00:11, 15.44it/s]
Epoch 17/50 [Train]:  62%|██████▏   | 286/459 [00:18<00:11, 15.34it/s]
Epoch 17/50 [Train]:  63%|██████▎   | 288/459 [00:18<00:11, 15.33it/s]
Epoch 17/50 [Train]:  63%|██████▎   | 290/459 [00:18<00:11, 15.31it/s]
Epoch 17/50 [Train]:  64%|██████▎   | 292/459 [00:18<00:10, 15.49it/s]
Epoch 17/50 [Train]:  64%|██████▍   | 294/459 [00:18<00:10, 15.57it/s]
Epoch 17/50 [Train]:  64%|██████▍   | 296/459 [00:19<00:10, 15.49it/s]
Epoch 17/50 [Train]:  65%|██████▍   | 298/459 [00:19<00:10, 15.57it/s]
Epoch 17/50 [Train]:  65%|██████▌   | 300/459 [00:19<00:10, 15.44it/s]
Epoch 17/50 [Train]:  66%|██████▌   | 302/459 [00:19<00:10, 15.51it/s]
Epoch 17/50 [Train]:  66%|██████▌   | 304/459 [00:19<00:09, 15.76it/s]
Epoch 17/50 [Train]:  67%|██████▋   | 306/459 [00:19<00:09, 15.75it/s]
Epoch 17/50 [Train]:  67%|██████▋   | 308/459 [00:19<00:09, 15.75it/s]
Epoch 17/50 [Train]:  68%|██████▊   | 310/459 [00:19<00:09, 15.57it/s]
Epoch 17/50 [Train]:  68%|██████▊   | 312/459 [00:20<00:09, 15.52it/s]
Epoch 17/50 [Train]:  68%|██████▊   | 314/459 [00:20<00:09, 15.66it/s]
Epoch 17/50 [Train]:  69%|██████▉   | 316/459 [00:20<00:09, 15.53it/s]
Epoch 17/50 [Train]:  69%|██████▉   | 318/459 [00:20<00:09, 15.66it/s]
Epoch 17/50 [Train]:  70%|██████▉   | 320/459 [00:20<00:08, 15.61it/s]
Epoch 17/50 [Train]:  70%|███████   | 322/459 [00:20<00:08, 15.67it/s]
Epoch 17/50 [Train]:  71%|███████   | 324/459 [00:20<00:08, 15.61it/s]
Epoch 17/50 [Train]:  71%|███████   | 326/459 [00:20<00:08, 15.71it/s]
Epoch 17/50 [Train]:  71%|███████▏  | 328/459 [00:21<00:08, 15.53it/s]
Epoch 17/50 [Train]:  72%|███████▏  | 330/459 [00:21<00:08, 15.58it/s]
Epoch 17/50 [Train]:  72%|███████▏  | 332/459 [00:21<00:08, 15.43it/s]
Epoch 17/50 [Train]:  73%|███████▎  | 334/459 [00:21<00:08, 15.50it/s]
Epoch 17/50 [Train]:  73%|███████▎  | 336/459 [00:21<00:07, 15.61it/s]
Epoch 17/50 [Train]:  74%|███████▎  | 338/459 [00:21<00:07, 15.44it/s]
Epoch 17/50 [Train]:  74%|███████▍  | 340/459 [00:21<00:07, 15.33it/s]
Epoch 17/50 [Train]:  75%|███████▍  | 342/459 [00:22<00:07, 15.40it/s]
Epoch 17/50 [Train]:  75%|███████▍  | 344/459 [00:22<00:07, 15.22it/s]
Epoch 17/50 [Train]:  75%|███████▌  | 346/459 [00:22<00:07, 14.86it/s]
Epoch 17/50 [Train]:  76%|███████▌  | 348/459 [00:22<00:07, 15.12it/s]
Epoch 17/50 [Train]:  76%|███████▋  | 350/459 [00:22<00:07, 14.76it/s]
Epoch 17/50 [Train]:  77%|███████▋  | 352/459 [00:22<00:07, 15.06it/s]
Epoch 17/50 [Train]:  77%|███████▋  | 354/459 [00:22<00:06, 15.00it/s]
Epoch 17/50 [Train]:  78%|███████▊  | 356/459 [00:22<00:06, 15.24it/s]
Epoch 17/50 [Train]:  78%|███████▊  | 358/459 [00:23<00:06, 15.39it/s]
Epoch 17/50 [Train]:  78%|███████▊  | 360/459 [00:23<00:06, 15.47it/s]
Epoch 17/50 [Train]:  79%|███████▉  | 362/459 [00:23<00:06, 15.32it/s]
Epoch 17/50 [Train]:  79%|███████▉  | 364/459 [00:23<00:06, 15.56it/s]
Epoch 17/50 [Train]:  80%|███████▉  | 366/459 [00:23<00:05, 15.77it/s]
Epoch 17/50 [Train]:  80%|████████  | 368/459 [00:23<00:05, 15.94it/s]
Epoch 17/50 [Train]:  81%|████████  | 370/459 [00:23<00:05, 16.10it/s]
Epoch 17/50 [Train]:  81%|████████  | 372/459 [00:23<00:05, 16.15it/s]
Epoch 17/50 [Train]:  81%|████████▏ | 374/459 [00:24<00:05, 16.26it/s]
Epoch 17/50 [Train]:  82%|████████▏ | 376/459 [00:24<00:05, 16.29it/s]
Epoch 17/50 [Train]:  82%|████████▏ | 378/459 [00:24<00:05, 16.05it/s]
Epoch 17/50 [Train]:  83%|████████▎ | 380/459 [00:24<00:04, 16.03it/s]
Epoch 17/50 [Train]:  83%|████████▎ | 382/459 [00:24<00:04, 16.06it/s]
Epoch 17/50 [Train]:  84%|████████▎ | 384/459 [00:24<00:04, 15.99it/s]
Epoch 17/50 [Train]:  84%|████████▍ | 386/459 [00:24<00:04, 15.92it/s]
Epoch 17/50 [Train]:  85%|████████▍ | 388/459 [00:24<00:04, 15.96it/s]
Epoch 17/50 [Train]:  85%|████████▍ | 390/459 [00:25<00:04, 15.75it/s]
Epoch 17/50 [Train]:  85%|████████▌ | 392/459 [00:25<00:04, 15.98it/s]
Epoch 17/50 [Train]:  86%|████████▌ | 394/459 [00:25<00:04, 15.83it/s]
Epoch 17/50 [Train]:  86%|████████▋ | 396/459 [00:25<00:03, 15.91it/s]
Epoch 17/50 [Train]:  87%|████████▋ | 398/459 [00:25<00:03, 15.88it/s]
Epoch 17/50 [Train]:  87%|████████▋ | 400/459 [00:25<00:03, 16.01it/s]
Epoch 17/50 [Train]:  88%|████████▊ | 402/459 [00:25<00:03, 16.05it/s]
Epoch 17/50 [Train]:  88%|████████▊ | 404/459 [00:25<00:03, 16.13it/s]
Epoch 17/50 [Train]:  88%|████████▊ | 406/459 [00:26<00:03, 16.24it/s]
Epoch 17/50 [Train]:  89%|████████▉ | 408/459 [00:26<00:03, 16.16it/s]
Epoch 17/50 [Train]:  89%|████████▉ | 410/459 [00:26<00:03, 16.01it/s]
Epoch 17/50 [Train]:  90%|████████▉ | 412/459 [00:26<00:02, 16.14it/s]
Epoch 17/50 [Train]:  90%|█████████ | 414/459 [00:26<00:02, 16.18it/s]
Epoch 17/50 [Train]:  91%|█████████ | 416/459 [00:26<00:02, 16.30it/s]
Epoch 17/50 [Train]:  91%|█████████ | 418/459 [00:26<00:02, 16.43it/s]
Epoch 17/50 [Train]:  92%|█████████▏| 420/459 [00:26<00:02, 16.37it/s]
Epoch 17/50 [Train]:  92%|█████████▏| 422/459 [00:27<00:02, 16.37it/s]
Epoch 17/50 [Train]:  92%|█████████▏| 424/459 [00:27<00:02, 16.41it/s]
Epoch 17/50 [Train]:  93%|█████████▎| 426/459 [00:27<00:02, 16.30it/s]
Epoch 17/50 [Train]:  93%|█████████▎| 428/459 [00:27<00:01, 16.19it/s]
Epoch 17/50 [Train]:  94%|█████████▎| 430/459 [00:27<00:01, 16.11it/s]
Epoch 17/50 [Train]:  94%|█████████▍| 432/459 [00:27<00:01, 16.11it/s]
Epoch 17/50 [Train]:  95%|█████████▍| 434/459 [00:27<00:01, 16.14it/s]
Epoch 17/50 [Train]:  95%|█████████▍| 436/459 [00:27<00:01, 16.15it/s]
Epoch 17/50 [Train]:  95%|█████████▌| 438/459 [00:28<00:01, 16.05it/s]
Epoch 17/50 [Train]:  96%|█████████▌| 440/459 [00:28<00:01, 16.11it/s]
Epoch 17/50 [Train]:  96%|█████████▋| 442/459 [00:28<00:01, 15.76it/s]
Epoch 17/50 [Train]:  97%|█████████▋| 444/459 [00:28<00:00, 15.97it/s]
Epoch 17/50 [Train]:  97%|█████████▋| 446/459 [00:28<00:00, 16.02it/s]
Epoch 17/50 [Train]:  98%|█████████▊| 448/459 [00:28<00:00, 16.21it/s]
Epoch 17/50 [Train]:  98%|█████████▊| 450/459 [00:28<00:00, 16.35it/s]
Epoch 17/50 [Train]:  98%|█████████▊| 452/459 [00:28<00:00, 16.40it/s]
Epoch 17/50 [Train]:  99%|█████████▉| 454/459 [00:29<00:00, 16.38it/s]
Epoch 17/50 [Train]:  99%|█████████▉| 456/459 [00:29<00:00, 16.38it/s]
Epoch 17/50 [Train]: 100%|█████████▉| 458/459 [00:29<00:00, 16.10it/s]
                                                                      

Epoch 17/50 [Val]:   0%|          | 0/113 [00:00<?, ?it/s]
Epoch 17/50 [Val]:   2%|▏         | 2/113 [00:00<00:06, 17.28it/s]
Epoch 17/50 [Val]:   4%|▎         | 4/113 [00:00<00:06, 17.28it/s]
Epoch 17/50 [Val]:   5%|▌         | 6/113 [00:00<00:06, 17.38it/s]
Epoch 17/50 [Val]:   7%|▋         | 8/113 [00:00<00:05, 17.64it/s]
Epoch 17/50 [Val]:   9%|▉         | 10/113 [00:00<00:05, 18.00it/s]
Epoch 17/50 [Val]:  11%|█         | 12/113 [00:00<00:05, 17.87it/s]
Epoch 17/50 [Val]:  12%|█▏        | 14/113 [00:00<00:05, 17.73it/s]
Epoch 17/50 [Val]:  14%|█▍        | 16/113 [00:00<00:05, 16.80it/s]
Epoch 17/50 [Val]:  16%|█▌        | 18/113 [00:01<00:05, 16.40it/s]
Epoch 17/50 [Val]:  18%|█▊        | 20/113 [00:01<00:05, 15.99it/s]
Epoch 17/50 [Val]:  19%|█▉        | 22/113 [00:01<00:05, 15.68it/s]
Epoch 17/50 [Val]:  21%|██        | 24/113 [00:01<00:05, 15.71it/s]
Epoch 17/50 [Val]:  23%|██▎       | 26/113 [00:01<00:05, 15.89it/s]
Epoch 17/50 [Val]:  25%|██▍       | 28/113 [00:01<00:05, 16.20it/s]
Epoch 17/50 [Val]:  27%|██▋       | 30/113 [00:01<00:05, 16.48it/s]
Epoch 17/50 [Val]:  28%|██▊       | 32/113 [00:01<00:04, 16.50it/s]
Epoch 17/50 [Val]:  30%|███       | 34/113 [00:02<00:04, 16.74it/s]
Epoch 17/50 [Val]:  32%|███▏      | 36/113 [00:02<00:04, 17.06it/s]
Epoch 17/50 [Val]:  34%|███▎      | 38/113 [00:02<00:04, 17.19it/s]
Epoch 17/50 [Val]:  35%|███▌      | 40/113 [00:02<00:04, 17.29it/s]
Epoch 17/50 [Val]:  37%|███▋      | 42/113 [00:02<00:04, 17.44it/s]
Epoch 17/50 [Val]:  39%|███▉      | 44/113 [00:02<00:04, 17.17it/s]
Epoch 17/50 [Val]:  41%|████      | 46/113 [00:02<00:03, 16.96it/s]
Epoch 17/50 [Val]:  42%|████▏     | 48/113 [00:02<00:03, 17.12it/s]
Epoch 17/50 [Val]:  44%|████▍     | 50/113 [00:02<00:03, 17.07it/s]
Epoch 17/50 [Val]:  46%|████▌     | 52/113 [00:03<00:03, 17.32it/s]
Epoch 17/50 [Val]:  48%|████▊     | 54/113 [00:03<00:03, 17.50it/s]
Epoch 17/50 [Val]:  50%|████▉     | 56/113 [00:03<00:03, 17.48it/s]
Epoch 17/50 [Val]:  51%|█████▏    | 58/113 [00:03<00:03, 16.98it/s]
Epoch 17/50 [Val]:  53%|█████▎    | 60/113 [00:03<00:03, 17.38it/s]
Epoch 17/50 [Val]:  55%|█████▍    | 62/113 [00:03<00:02, 17.30it/s]
Epoch 17/50 [Val]:  57%|█████▋    | 64/113 [00:03<00:02, 17.23it/s]
Epoch 17/50 [Val]:  58%|█████▊    | 66/113 [00:03<00:02, 16.75it/s]
Epoch 17/50 [Val]:  60%|██████    | 68/113 [00:04<00:02, 16.61it/s]
Epoch 17/50 [Val]:  62%|██████▏   | 70/113 [00:04<00:02, 16.85it/s]
Epoch 17/50 [Val]:  64%|██████▎   | 72/113 [00:04<00:02, 17.09it/s]
Epoch 17/50 [Val]:  65%|██████▌   | 74/113 [00:04<00:02, 17.34it/s]
Epoch 17/50 [Val]:  67%|██████▋   | 76/113 [00:04<00:02, 17.53it/s]
Epoch 17/50 [Val]:  69%|██████▉   | 78/113 [00:04<00:02, 17.49it/s]
Epoch 17/50 [Val]:  71%|███████   | 80/113 [00:04<00:01, 17.38it/s]
Epoch 17/50 [Val]:  73%|███████▎  | 82/113 [00:04<00:01, 17.22it/s]
Epoch 17/50 [Val]:  74%|███████▍  | 84/113 [00:04<00:01, 17.10it/s]
Epoch 17/50 [Val]:  76%|███████▌  | 86/113 [00:05<00:01, 17.10it/s]
Epoch 17/50 [Val]:  78%|███████▊  | 88/113 [00:05<00:01, 16.86it/s]
Epoch 17/50 [Val]:  80%|███████▉  | 90/113 [00:05<00:01, 17.13it/s]
Epoch 17/50 [Val]:  81%|████████▏ | 92/113 [00:05<00:01, 17.38it/s]
Epoch 17/50 [Val]:  83%|████████▎ | 94/113 [00:05<00:01, 17.55it/s]
Epoch 17/50 [Val]:  85%|████████▍ | 96/113 [00:05<00:00, 17.73it/s]
Epoch 17/50 [Val]:  87%|████████▋ | 98/113 [00:05<00:00, 17.86it/s]
Epoch 17/50 [Val]:  88%|████████▊ | 100/113 [00:05<00:00, 17.57it/s]
Epoch 17/50 [Val]:  90%|█████████ | 102/113 [00:05<00:00, 17.13it/s]
Epoch 17/50 [Val]:  92%|█████████▏| 104/113 [00:06<00:00, 17.51it/s]
Epoch 17/50 [Val]:  94%|█████████▍| 106/113 [00:06<00:00, 17.53it/s]
Epoch 17/50 [Val]:  96%|█████████▌| 108/113 [00:06<00:00, 17.64it/s]
Epoch 17/50 [Val]:  97%|█████████▋| 110/113 [00:06<00:00, 17.92it/s]
Epoch 17/50 [Val]:  99%|█████████▉| 112/113 [00:06<00:00, 17.98it/s]
                                                                    

Epoch 18/50 [Train]:   0%|          | 0/459 [00:00<?, ?it/s]
Epoch 18/50 [Train]:   0%|          | 2/459 [00:00<00:28, 15.88it/s]
Epoch 18/50 [Train]:   1%|          | 4/459 [00:00<00:28, 15.82it/s]
Epoch 18/50 [Train]:   1%|▏         | 6/459 [00:00<00:28, 15.88it/s]
Epoch 18/50 [Train]:   2%|▏         | 8/459 [00:00<00:28, 16.10it/s]
Epoch 18/50 [Train]:   2%|▏         | 10/459 [00:00<00:27, 16.29it/s]
Epoch 18/50 [Train]:   3%|▎         | 12/459 [00:00<00:27, 16.28it/s]
Epoch 18/50 [Train]:   3%|▎         | 14/459 [00:00<00:27, 16.36it/s]
Epoch 18/50 [Train]:   3%|▎         | 16/459 [00:00<00:26, 16.46it/s]
Epoch 18/50 [Train]:   4%|▍         | 18/459 [00:01<00:26, 16.44it/s]
Epoch 18/50 [Train]:   4%|▍         | 20/459 [00:01<00:26, 16.41it/s]
Epoch 18/50 [Train]:   5%|▍         | 22/459 [00:01<00:26, 16.33it/s]
Epoch 18/50 [Train]:   5%|▌         | 24/459 [00:01<00:26, 16.43it/s]
Epoch 18/50 [Train]:   6%|▌         | 26/459 [00:01<00:26, 16.39it/s]
Epoch 18/50 [Train]:   6%|▌         | 28/459 [00:01<00:26, 16.46it/s]
Epoch 18/50 [Train]:   7%|▋         | 30/459 [00:01<00:26, 16.41it/s]
Epoch 18/50 [Train]:   7%|▋         | 32/459 [00:01<00:26, 16.31it/s]
Epoch 18/50 [Train]:   7%|▋         | 34/459 [00:02<00:26, 16.25it/s]
Epoch 18/50 [Train]:   8%|▊         | 36/459 [00:02<00:25, 16.27it/s]
Epoch 18/50 [Train]:   8%|▊         | 38/459 [00:02<00:25, 16.33it/s]
Epoch 18/50 [Train]:   9%|▊         | 40/459 [00:02<00:25, 16.26it/s]
Epoch 18/50 [Train]:   9%|▉         | 42/459 [00:02<00:25, 16.28it/s]
Epoch 18/50 [Train]:  10%|▉         | 44/459 [00:02<00:25, 16.37it/s]
Epoch 18/50 [Train]:  10%|█         | 46/459 [00:02<00:25, 16.39it/s]
Epoch 18/50 [Train]:  10%|█         | 48/459 [00:02<00:24, 16.49it/s]
Epoch 18/50 [Train]:  11%|█         | 50/459 [00:03<00:24, 16.47it/s]
Epoch 18/50 [Train]:  11%|█▏        | 52/459 [00:03<00:24, 16.53it/s]
Epoch 18/50 [Train]:  12%|█▏        | 54/459 [00:03<00:24, 16.27it/s]
Epoch 18/50 [Train]:  12%|█▏        | 56/459 [00:03<00:24, 16.14it/s]
Epoch 18/50 [Train]:  13%|█▎        | 58/459 [00:03<00:24, 16.20it/s]
Epoch 18/50 [Train]:  13%|█▎        | 60/459 [00:03<00:24, 16.06it/s]
Epoch 18/50 [Train]:  14%|█▎        | 62/459 [00:03<00:24, 16.16it/s]
Epoch 18/50 [Train]:  14%|█▍        | 64/459 [00:03<00:24, 16.31it/s]
Epoch 18/50 [Train]:  14%|█▍        | 66/459 [00:04<00:23, 16.47it/s]
Epoch 18/50 [Train]:  15%|█▍        | 68/459 [00:04<00:23, 16.32it/s]
Epoch 18/50 [Train]:  15%|█▌        | 70/459 [00:04<00:23, 16.27it/s]
Epoch 18/50 [Train]:  16%|█▌        | 72/459 [00:04<00:23, 16.36it/s]
Epoch 18/50 [Train]:  16%|█▌        | 74/459 [00:04<00:23, 16.31it/s]
Epoch 18/50 [Train]:  17%|█▋        | 76/459 [00:04<00:23, 16.24it/s]
Epoch 18/50 [Train]:  17%|█▋        | 78/459 [00:04<00:23, 16.24it/s]
Epoch 18/50 [Train]:  17%|█▋        | 80/459 [00:04<00:23, 16.20it/s]
Epoch 18/50 [Train]:  18%|█▊        | 82/459 [00:05<00:23, 16.20it/s]
Epoch 18/50 [Train]:  18%|█▊        | 84/459 [00:05<00:23, 16.19it/s]
Epoch 18/50 [Train]:  19%|█▊        | 86/459 [00:05<00:23, 16.20it/s]
Epoch 18/50 [Train]:  19%|█▉        | 88/459 [00:05<00:22, 16.16it/s]
Epoch 18/50 [Train]:  20%|█▉        | 90/459 [00:05<00:22, 16.34it/s]
Epoch 18/50 [Train]:  20%|██        | 92/459 [00:05<00:22, 16.30it/s]
Epoch 18/50 [Train]:  20%|██        | 94/459 [00:05<00:22, 16.25it/s]
Epoch 18/50 [Train]:  21%|██        | 96/459 [00:05<00:22, 16.35it/s]
Epoch 18/50 [Train]:  21%|██▏       | 98/459 [00:06<00:22, 16.32it/s]
Epoch 18/50 [Train]:  22%|██▏       | 100/459 [00:06<00:21, 16.33it/s]
Epoch 18/50 [Train]:  22%|██▏       | 102/459 [00:06<00:21, 16.38it/s]
Epoch 18/50 [Train]:  23%|██▎       | 104/459 [00:06<00:22, 16.13it/s]
Epoch 18/50 [Train]:  23%|██▎       | 106/459 [00:06<00:21, 16.12it/s]
Epoch 18/50 [Train]:  24%|██▎       | 108/459 [00:06<00:21, 16.11it/s]
Epoch 18/50 [Train]:  24%|██▍       | 110/459 [00:06<00:21, 16.07it/s]
Epoch 18/50 [Train]:  24%|██▍       | 112/459 [00:06<00:21, 16.14it/s]
Epoch 18/50 [Train]:  25%|██▍       | 114/459 [00:07<00:21, 16.09it/s]
Epoch 18/50 [Train]:  25%|██▌       | 116/459 [00:07<00:21, 16.24it/s]
Epoch 18/50 [Train]:  26%|██▌       | 118/459 [00:07<00:20, 16.34it/s]
Epoch 18/50 [Train]:  26%|██▌       | 120/459 [00:07<00:20, 16.17it/s]
Epoch 18/50 [Train]:  27%|██▋       | 122/459 [00:07<00:20, 16.18it/s]
Epoch 18/50 [Train]:  27%|██▋       | 124/459 [00:07<00:20, 16.24it/s]
Epoch 18/50 [Train]:  27%|██▋       | 126/459 [00:07<00:20, 16.17it/s]
Epoch 18/50 [Train]:  28%|██▊       | 128/459 [00:07<00:20, 16.21it/s]
Epoch 18/50 [Train]:  28%|██▊       | 130/459 [00:07<00:20, 16.32it/s]
Epoch 18/50 [Train]:  29%|██▉       | 132/459 [00:08<00:20, 16.30it/s]
Epoch 18/50 [Train]:  29%|██▉       | 134/459 [00:08<00:19, 16.32it/s]
Epoch 18/50 [Train]:  30%|██▉       | 136/459 [00:08<00:19, 16.27it/s]
Epoch 18/50 [Train]:  30%|███       | 138/459 [00:08<00:19, 16.20it/s]
Epoch 18/50 [Train]:  31%|███       | 140/459 [00:08<00:19, 16.25it/s]
Epoch 18/50 [Train]:  31%|███       | 142/459 [00:08<00:19, 16.31it/s]
Epoch 18/50 [Train]:  31%|███▏      | 144/459 [00:08<00:19, 16.46it/s]
Epoch 18/50 [Train]:  32%|███▏      | 146/459 [00:08<00:19, 16.47it/s]
Epoch 18/50 [Train]:  32%|███▏      | 148/459 [00:09<00:18, 16.40it/s]
Epoch 18/50 [Train]:  33%|███▎      | 150/459 [00:09<00:18, 16.41it/s]
Epoch 18/50 [Train]:  33%|███▎      | 152/459 [00:09<00:18, 16.43it/s]
Epoch 18/50 [Train]:  34%|███▎      | 154/459 [00:09<00:18, 16.40it/s]
Epoch 18/50 [Train]:  34%|███▍      | 156/459 [00:09<00:18, 16.37it/s]
Epoch 18/50 [Train]:  34%|███▍      | 158/459 [00:09<00:18, 16.22it/s]
Epoch 18/50 [Train]:  35%|███▍      | 160/459 [00:09<00:18, 16.19it/s]
Epoch 18/50 [Train]:  35%|███▌      | 162/459 [00:09<00:18, 16.18it/s]
Epoch 18/50 [Train]:  36%|███▌      | 164/459 [00:10<00:18, 16.33it/s]
Epoch 18/50 [Train]:  36%|███▌      | 166/459 [00:10<00:18, 16.27it/s]
Epoch 18/50 [Train]:  37%|███▋      | 168/459 [00:10<00:17, 16.32it/s]
Epoch 18/50 [Train]:  37%|███▋      | 170/459 [00:10<00:18, 16.02it/s]
Epoch 18/50 [Train]:  37%|███▋      | 172/459 [00:10<00:17, 16.06it/s]
Epoch 18/50 [Train]:  38%|███▊      | 174/459 [00:10<00:17, 16.07it/s]
Epoch 18/50 [Train]:  38%|███▊      | 176/459 [00:10<00:17, 16.12it/s]
Epoch 18/50 [Train]:  39%|███▉      | 178/459 [00:10<00:17, 16.21it/s]
Epoch 18/50 [Train]:  39%|███▉      | 180/459 [00:11<00:17, 16.27it/s]
Epoch 18/50 [Train]:  40%|███▉      | 182/459 [00:11<00:17, 16.24it/s]
Epoch 18/50 [Train]:  40%|████      | 184/459 [00:11<00:16, 16.28it/s]
Epoch 18/50 [Train]:  41%|████      | 186/459 [00:11<00:17, 15.99it/s]
Epoch 18/50 [Train]:  41%|████      | 188/459 [00:11<00:16, 16.07it/s]
Epoch 18/50 [Train]:  41%|████▏     | 190/459 [00:11<00:16, 15.98it/s]
Epoch 18/50 [Train]:  42%|████▏     | 192/459 [00:11<00:16, 15.89it/s]
Epoch 18/50 [Train]:  42%|████▏     | 194/459 [00:11<00:16, 16.04it/s]
Epoch 18/50 [Train]:  43%|████▎     | 196/459 [00:12<00:16, 16.16it/s]
Epoch 18/50 [Train]:  43%|████▎     | 198/459 [00:12<00:16, 16.22it/s]
Epoch 18/50 [Train]:  44%|████▎     | 200/459 [00:12<00:15, 16.19it/s]
Epoch 18/50 [Train]:  44%|████▍     | 202/459 [00:12<00:15, 16.19it/s]
Epoch 18/50 [Train]:  44%|████▍     | 204/459 [00:12<00:15, 16.19it/s]
Epoch 18/50 [Train]:  45%|████▍     | 206/459 [00:12<00:15, 16.22it/s]
Epoch 18/50 [Train]:  45%|████▌     | 208/459 [00:12<00:15, 16.35it/s]
Epoch 18/50 [Train]:  46%|████▌     | 210/459 [00:12<00:15, 16.45it/s]
Epoch 18/50 [Train]:  46%|████▌     | 212/459 [00:13<00:15, 16.31it/s]
Epoch 18/50 [Train]:  47%|████▋     | 214/459 [00:13<00:14, 16.36it/s]
Epoch 18/50 [Train]:  47%|████▋     | 216/459 [00:13<00:14, 16.35it/s]
Epoch 18/50 [Train]:  47%|████▋     | 218/459 [00:13<00:14, 16.23it/s]
Epoch 18/50 [Train]:  48%|████▊     | 220/459 [00:13<00:14, 16.30it/s]
Epoch 18/50 [Train]:  48%|████▊     | 222/459 [00:13<00:14, 16.20it/s]
Epoch 18/50 [Train]:  49%|████▉     | 224/459 [00:13<00:14, 16.10it/s]
Epoch 18/50 [Train]:  49%|████▉     | 226/459 [00:13<00:14, 16.10it/s]
Epoch 18/50 [Train]:  50%|████▉     | 228/459 [00:14<00:14, 16.24it/s]
Epoch 18/50 [Train]:  50%|█████     | 230/459 [00:14<00:14, 16.35it/s]
Epoch 18/50 [Train]:  51%|█████     | 232/459 [00:14<00:13, 16.39it/s]
Epoch 18/50 [Train]:  51%|█████     | 234/459 [00:14<00:13, 16.30it/s]
Epoch 18/50 [Train]:  51%|█████▏    | 236/459 [00:14<00:13, 16.23it/s]
Epoch 18/50 [Train]:  52%|█████▏    | 238/459 [00:14<00:13, 16.21it/s]
Epoch 18/50 [Train]:  52%|█████▏    | 240/459 [00:14<00:13, 16.06it/s]
Epoch 18/50 [Train]:  53%|█████▎    | 242/459 [00:14<00:13, 16.05it/s]
Epoch 18/50 [Train]:  53%|█████▎    | 244/459 [00:15<00:13, 16.10it/s]
Epoch 18/50 [Train]:  54%|█████▎    | 246/459 [00:15<00:13, 16.23it/s]
Epoch 18/50 [Train]:  54%|█████▍    | 248/459 [00:15<00:13, 16.20it/s]
Epoch 18/50 [Train]:  54%|█████▍    | 250/459 [00:15<00:12, 16.09it/s]
Epoch 18/50 [Train]:  55%|█████▍    | 252/459 [00:15<00:12, 16.21it/s]
Epoch 18/50 [Train]:  55%|█████▌    | 254/459 [00:15<00:12, 16.16it/s]
Epoch 18/50 [Train]:  56%|█████▌    | 256/459 [00:15<00:12, 16.29it/s]
Epoch 18/50 [Train]:  56%|█████▌    | 258/459 [00:15<00:12, 16.19it/s]
Epoch 18/50 [Train]:  57%|█████▋    | 260/459 [00:16<00:12, 16.20it/s]
Epoch 18/50 [Train]:  57%|█████▋    | 262/459 [00:16<00:12, 16.17it/s]
Epoch 18/50 [Train]:  58%|█████▊    | 264/459 [00:16<00:12, 16.08it/s]
Epoch 18/50 [Train]:  58%|█████▊    | 266/459 [00:16<00:12, 16.00it/s]
Epoch 18/50 [Train]:  58%|█████▊    | 268/459 [00:16<00:11, 16.03it/s]
Epoch 18/50 [Train]:  59%|█████▉    | 270/459 [00:16<00:11, 16.09it/s]
Epoch 18/50 [Train]:  59%|█████▉    | 272/459 [00:16<00:11, 16.00it/s]
Epoch 18/50 [Train]:  60%|█████▉    | 274/459 [00:16<00:11, 16.15it/s]
Epoch 18/50 [Train]:  60%|██████    | 276/459 [00:16<00:11, 16.21it/s]
Epoch 18/50 [Train]:  61%|██████    | 278/459 [00:17<00:11, 16.19it/s]
Epoch 18/50 [Train]:  61%|██████    | 280/459 [00:17<00:11, 16.17it/s]
Epoch 18/50 [Train]:  61%|██████▏   | 282/459 [00:17<00:11, 15.97it/s]
Epoch 18/50 [Train]:  62%|██████▏   | 284/459 [00:17<00:10, 16.06it/s]
Epoch 18/50 [Train]:  62%|██████▏   | 286/459 [00:17<00:10, 16.11it/s]
Epoch 18/50 [Train]:  63%|██████▎   | 288/459 [00:17<00:10, 16.16it/s]
Epoch 18/50 [Train]:  63%|██████▎   | 290/459 [00:17<00:10, 16.23it/s]
Epoch 18/50 [Train]:  64%|██████▎   | 292/459 [00:17<00:10, 16.32it/s]
Epoch 18/50 [Train]:  64%|██████▍   | 294/459 [00:18<00:10, 16.17it/s]
Epoch 18/50 [Train]:  64%|██████▍   | 296/459 [00:18<00:10, 16.19it/s]
Epoch 18/50 [Train]:  65%|██████▍   | 298/459 [00:18<00:09, 16.12it/s]
Epoch 18/50 [Train]:  65%|██████▌   | 300/459 [00:18<00:09, 15.96it/s]
Epoch 18/50 [Train]:  66%|██████▌   | 302/459 [00:18<00:09, 15.95it/s]
Epoch 18/50 [Train]:  66%|██████▌   | 304/459 [00:18<00:09, 15.98it/s]
Epoch 18/50 [Train]:  67%|██████▋   | 306/459 [00:18<00:09, 15.89it/s]
Epoch 18/50 [Train]:  67%|██████▋   | 308/459 [00:18<00:09, 15.93it/s]
Epoch 18/50 [Train]:  68%|██████▊   | 310/459 [00:19<00:09, 15.92it/s]
Epoch 18/50 [Train]:  68%|██████▊   | 312/459 [00:19<00:09, 15.76it/s]
Epoch 18/50 [Train]:  68%|██████▊   | 314/459 [00:19<00:09, 15.46it/s]
Epoch 18/50 [Train]:  69%|██████▉   | 316/459 [00:19<00:09, 15.67it/s]
Epoch 18/50 [Train]:  69%|██████▉   | 318/459 [00:19<00:08, 15.90it/s]
Epoch 18/50 [Train]:  70%|██████▉   | 320/459 [00:19<00:08, 15.98it/s]
Epoch 18/50 [Train]:  70%|███████   | 322/459 [00:19<00:08, 15.97it/s]
Epoch 18/50 [Train]:  71%|███████   | 324/459 [00:20<00:08, 16.00it/s]
Epoch 18/50 [Train]:  71%|███████   | 326/459 [00:20<00:08, 16.01it/s]
Epoch 18/50 [Train]:  71%|███████▏  | 328/459 [00:20<00:08, 16.10it/s]
Epoch 18/50 [Train]:  72%|███████▏  | 330/459 [00:20<00:08, 16.12it/s]
Epoch 18/50 [Train]:  72%|███████▏  | 332/459 [00:20<00:07, 16.11it/s]
Epoch 18/50 [Train]:  73%|███████▎  | 334/459 [00:20<00:07, 16.19it/s]
Epoch 18/50 [Train]:  73%|███████▎  | 336/459 [00:20<00:07, 16.17it/s]
Epoch 18/50 [Train]:  74%|███████▎  | 338/459 [00:20<00:07, 16.15it/s]
Epoch 18/50 [Train]:  74%|███████▍  | 340/459 [00:20<00:07, 16.18it/s]
Epoch 18/50 [Train]:  75%|███████▍  | 342/459 [00:21<00:07, 16.23it/s]
Epoch 18/50 [Train]:  75%|███████▍  | 344/459 [00:21<00:07, 16.28it/s]
Epoch 18/50 [Train]:  75%|███████▌  | 346/459 [00:21<00:06, 16.20it/s]
Epoch 18/50 [Train]:  76%|███████▌  | 348/459 [00:21<00:06, 16.09it/s]
Epoch 18/50 [Train]:  76%|███████▋  | 350/459 [00:21<00:06, 16.13it/s]
Epoch 18/50 [Train]:  77%|███████▋  | 352/459 [00:21<00:06, 16.13it/s]
Epoch 18/50 [Train]:  77%|███████▋  | 354/459 [00:21<00:06, 16.19it/s]
Epoch 18/50 [Train]:  78%|███████▊  | 356/459 [00:21<00:06, 16.18it/s]
Epoch 18/50 [Train]:  78%|███████▊  | 358/459 [00:22<00:06, 16.23it/s]
Epoch 18/50 [Train]:  78%|███████▊  | 360/459 [00:22<00:06, 16.17it/s]
Epoch 18/50 [Train]:  79%|███████▉  | 362/459 [00:22<00:05, 16.25it/s]
Epoch 18/50 [Train]:  79%|███████▉  | 364/459 [00:22<00:05, 16.13it/s]
Epoch 18/50 [Train]:  80%|███████▉  | 366/459 [00:22<00:05, 16.09it/s]
Epoch 18/50 [Train]:  80%|████████  | 368/459 [00:22<00:05, 16.15it/s]
Epoch 18/50 [Train]:  81%|████████  | 370/459 [00:22<00:05, 16.17it/s]
Epoch 18/50 [Train]:  81%|████████  | 372/459 [00:22<00:05, 16.13it/s]
Epoch 18/50 [Train]:  81%|████████▏ | 374/459 [00:23<00:05, 16.20it/s]
Epoch 18/50 [Train]:  82%|████████▏ | 376/459 [00:23<00:05, 16.19it/s]
Epoch 18/50 [Train]:  82%|████████▏ | 378/459 [00:23<00:04, 16.22it/s]
Epoch 18/50 [Train]:  83%|████████▎ | 380/459 [00:23<00:04, 16.17it/s]
Epoch 18/50 [Train]:  83%|████████▎ | 382/459 [00:23<00:04, 16.19it/s]
Epoch 18/50 [Train]:  84%|████████▎ | 384/459 [00:23<00:04, 16.30it/s]
Epoch 18/50 [Train]:  84%|████████▍ | 386/459 [00:23<00:04, 16.19it/s]
Epoch 18/50 [Train]:  85%|████████▍ | 388/459 [00:23<00:04, 16.29it/s]
Epoch 18/50 [Train]:  85%|████████▍ | 390/459 [00:24<00:04, 16.29it/s]
Epoch 18/50 [Train]:  85%|████████▌ | 392/459 [00:24<00:04, 16.40it/s]
Epoch 18/50 [Train]:  86%|████████▌ | 394/459 [00:24<00:03, 16.31it/s]
Epoch 18/50 [Train]:  86%|████████▋ | 396/459 [00:24<00:03, 16.23it/s]
Epoch 18/50 [Train]:  87%|████████▋ | 398/459 [00:24<00:03, 16.23it/s]
Epoch 18/50 [Train]:  87%|████████▋ | 400/459 [00:24<00:03, 16.15it/s]
Epoch 18/50 [Train]:  88%|████████▊ | 402/459 [00:24<00:03, 16.12it/s]
Epoch 18/50 [Train]:  88%|████████▊ | 404/459 [00:24<00:03, 16.27it/s]
Epoch 18/50 [Train]:  88%|████████▊ | 406/459 [00:25<00:03, 16.32it/s]
Epoch 18/50 [Train]:  89%|████████▉ | 408/459 [00:25<00:03, 16.21it/s]
Epoch 18/50 [Train]:  89%|████████▉ | 410/459 [00:25<00:03, 16.08it/s]
Epoch 18/50 [Train]:  90%|████████▉ | 412/459 [00:25<00:02, 15.98it/s]
Epoch 18/50 [Train]:  90%|█████████ | 414/459 [00:25<00:02, 16.05it/s]
Epoch 18/50 [Train]:  91%|█████████ | 416/459 [00:25<00:02, 16.16it/s]
Epoch 18/50 [Train]:  91%|█████████ | 418/459 [00:25<00:02, 16.04it/s]
Epoch 18/50 [Train]:  92%|█████████▏| 420/459 [00:25<00:02, 16.04it/s]
Epoch 18/50 [Train]:  92%|█████████▏| 422/459 [00:26<00:02, 16.17it/s]
Epoch 18/50 [Train]:  92%|█████████▏| 424/459 [00:26<00:02, 16.29it/s]
Epoch 18/50 [Train]:  93%|█████████▎| 426/459 [00:26<00:02, 16.21it/s]
Epoch 18/50 [Train]:  93%|█████████▎| 428/459 [00:26<00:01, 16.11it/s]
Epoch 18/50 [Train]:  94%|█████████▎| 430/459 [00:26<00:01, 16.23it/s]
Epoch 18/50 [Train]:  94%|█████████▍| 432/459 [00:26<00:01, 16.26it/s]
Epoch 18/50 [Train]:  95%|█████████▍| 434/459 [00:26<00:01, 16.27it/s]
Epoch 18/50 [Train]:  95%|█████████▍| 436/459 [00:26<00:01, 16.28it/s]
Epoch 18/50 [Train]:  95%|█████████▌| 438/459 [00:27<00:01, 16.20it/s]
Epoch 18/50 [Train]:  96%|█████████▌| 440/459 [00:27<00:01, 16.23it/s]
Epoch 18/50 [Train]:  96%|█████████▋| 442/459 [00:27<00:01, 16.31it/s]
Epoch 18/50 [Train]:  97%|█████████▋| 444/459 [00:27<00:00, 16.21it/s]
Epoch 18/50 [Train]:  97%|█████████▋| 446/459 [00:27<00:00, 16.24it/s]
Epoch 18/50 [Train]:  98%|█████████▊| 448/459 [00:27<00:00, 16.27it/s]
Epoch 18/50 [Train]:  98%|█████████▊| 450/459 [00:27<00:00, 16.25it/s]
Epoch 18/50 [Train]:  98%|█████████▊| 452/459 [00:27<00:00, 16.32it/s]
Epoch 18/50 [Train]:  99%|█████████▉| 454/459 [00:28<00:00, 16.33it/s]
Epoch 18/50 [Train]:  99%|█████████▉| 456/459 [00:28<00:00, 16.27it/s]
Epoch 18/50 [Train]: 100%|█████████▉| 458/459 [00:28<00:00, 16.23it/s]
                                                                      

Epoch 18/50 [Val]:   0%|          | 0/113 [00:00<?, ?it/s]
Epoch 18/50 [Val]:   2%|▏         | 2/113 [00:00<00:06, 16.93it/s]
Epoch 18/50 [Val]:   4%|▎         | 4/113 [00:00<00:06, 17.02it/s]
Epoch 18/50 [Val]:   5%|▌         | 6/113 [00:00<00:06, 17.05it/s]
Epoch 18/50 [Val]:   7%|▋         | 8/113 [00:00<00:06, 17.12it/s]
Epoch 18/50 [Val]:   9%|▉         | 10/113 [00:00<00:05, 17.46it/s]
Epoch 18/50 [Val]:  11%|█         | 12/113 [00:00<00:05, 17.48it/s]
Epoch 18/50 [Val]:  12%|█▏        | 14/113 [00:00<00:05, 17.38it/s]
Epoch 18/50 [Val]:  14%|█▍        | 16/113 [00:00<00:05, 16.53it/s]
Epoch 18/50 [Val]:  16%|█▌        | 18/113 [00:01<00:05, 15.96it/s]
Epoch 18/50 [Val]:  18%|█▊        | 20/113 [00:01<00:05, 15.72it/s]
Epoch 18/50 [Val]:  19%|█▉        | 22/113 [00:01<00:05, 15.54it/s]
Epoch 18/50 [Val]:  21%|██        | 24/113 [00:01<00:05, 15.36it/s]
Epoch 18/50 [Val]:  23%|██▎       | 26/113 [00:01<00:05, 15.57it/s]
Epoch 18/50 [Val]:  25%|██▍       | 28/113 [00:01<00:05, 15.91it/s]
Epoch 18/50 [Val]:  27%|██▋       | 30/113 [00:01<00:05, 16.24it/s]
Epoch 18/50 [Val]:  28%|██▊       | 32/113 [00:01<00:04, 16.46it/s]
Epoch 18/50 [Val]:  30%|███       | 34/113 [00:02<00:04, 16.35it/s]
Epoch 18/50 [Val]:  32%|███▏      | 36/113 [00:02<00:04, 16.73it/s]
Epoch 18/50 [Val]:  34%|███▎      | 38/113 [00:02<00:04, 16.92it/s]
Epoch 18/50 [Val]:  35%|███▌      | 40/113 [00:02<00:04, 16.96it/s]
Epoch 18/50 [Val]:  37%|███▋      | 42/113 [00:02<00:04, 16.91it/s]
Epoch 18/50 [Val]:  39%|███▉      | 44/113 [00:02<00:04, 16.76it/s]
Epoch 18/50 [Val]:  41%|████      | 46/113 [00:02<00:04, 16.55it/s]
Epoch 18/50 [Val]:  42%|████▏     | 48/113 [00:02<00:03, 16.63it/s]
Epoch 18/50 [Val]:  44%|████▍     | 50/113 [00:03<00:03, 16.89it/s]
Epoch 18/50 [Val]:  46%|████▌     | 52/113 [00:03<00:03, 17.24it/s]
Epoch 18/50 [Val]:  48%|████▊     | 54/113 [00:03<00:03, 17.47it/s]
Epoch 18/50 [Val]:  50%|████▉     | 56/113 [00:03<00:03, 17.37it/s]
Epoch 18/50 [Val]:  51%|█████▏    | 58/113 [00:03<00:03, 16.64it/s]
Epoch 18/50 [Val]:  53%|█████▎    | 60/113 [00:03<00:03, 17.01it/s]
Epoch 18/50 [Val]:  55%|█████▍    | 62/113 [00:03<00:03, 16.98it/s]
Epoch 18/50 [Val]:  57%|█████▋    | 64/113 [00:03<00:02, 16.96it/s]
Epoch 18/50 [Val]:  58%|█████▊    | 66/113 [00:03<00:02, 16.57it/s]
Epoch 18/50 [Val]:  60%|██████    | 68/113 [00:04<00:02, 16.40it/s]
Epoch 18/50 [Val]:  62%|██████▏   | 70/113 [00:04<00:02, 16.65it/s]
Epoch 18/50 [Val]:  64%|██████▎   | 72/113 [00:04<00:02, 16.91it/s]
Epoch 18/50 [Val]:  65%|██████▌   | 74/113 [00:04<00:02, 17.12it/s]
Epoch 18/50 [Val]:  67%|██████▋   | 76/113 [00:04<00:02, 17.30it/s]
Epoch 18/50 [Val]:  69%|██████▉   | 78/113 [00:04<00:02, 17.16it/s]
Epoch 18/50 [Val]:  71%|███████   | 80/113 [00:04<00:01, 16.96it/s]
Epoch 18/50 [Val]:  73%|███████▎  | 82/113 [00:04<00:01, 16.90it/s]
Epoch 18/50 [Val]:  74%|███████▍  | 84/113 [00:05<00:01, 16.91it/s]
Epoch 18/50 [Val]:  76%|███████▌  | 86/113 [00:05<00:01, 16.93it/s]
Epoch 18/50 [Val]:  78%|███████▊  | 88/113 [00:05<00:01, 16.78it/s]
Epoch 18/50 [Val]:  80%|███████▉  | 90/113 [00:05<00:01, 17.03it/s]
Epoch 18/50 [Val]:  81%|████████▏ | 92/113 [00:05<00:01, 17.19it/s]
Epoch 18/50 [Val]:  83%|████████▎ | 94/113 [00:05<00:01, 17.25it/s]
Epoch 18/50 [Val]:  85%|████████▍ | 96/113 [00:05<00:00, 17.59it/s]
Epoch 18/50 [Val]:  87%|████████▋ | 98/113 [00:05<00:00, 17.70it/s]
Epoch 18/50 [Val]:  88%|████████▊ | 100/113 [00:05<00:00, 17.32it/s]
Epoch 18/50 [Val]:  90%|█████████ | 102/113 [00:06<00:00, 16.86it/s]
Epoch 18/50 [Val]:  92%|█████████▏| 104/113 [00:06<00:00, 17.25it/s]
Epoch 18/50 [Val]:  94%|█████████▍| 106/113 [00:06<00:00, 17.34it/s]
Epoch 18/50 [Val]:  96%|█████████▌| 108/113 [00:06<00:00, 17.56it/s]
Epoch 18/50 [Val]:  97%|█████████▋| 110/113 [00:06<00:00, 17.59it/s]
Epoch 18/50 [Val]:  99%|█████████▉| 112/113 [00:06<00:00, 17.64it/s]
                                                                    

Epoch 19/50 [Train]:   0%|          | 0/459 [00:00<?, ?it/s]
Epoch 19/50 [Train]:   0%|          | 2/459 [00:00<00:29, 15.29it/s]
Epoch 19/50 [Train]:   1%|          | 4/459 [00:00<00:29, 15.56it/s]
Epoch 19/50 [Train]:   1%|▏         | 6/459 [00:00<00:28, 15.76it/s]
Epoch 19/50 [Train]:   2%|▏         | 8/459 [00:00<00:28, 15.95it/s]
Epoch 19/50 [Train]:   2%|▏         | 10/459 [00:00<00:28, 15.97it/s]
Epoch 19/50 [Train]:   3%|▎         | 12/459 [00:00<00:28, 15.94it/s]
Epoch 19/50 [Train]:   3%|▎         | 14/459 [00:00<00:27, 16.14it/s]
Epoch 19/50 [Train]:   3%|▎         | 16/459 [00:01<00:27, 16.16it/s]
Epoch 19/50 [Train]:   4%|▍         | 18/459 [00:01<00:27, 16.06it/s]
Epoch 19/50 [Train]:   4%|▍         | 20/459 [00:01<00:27, 16.14it/s]
Epoch 19/50 [Train]:   5%|▍         | 22/459 [00:01<00:27, 16.15it/s]
Epoch 19/50 [Train]:   5%|▌         | 24/459 [00:01<00:27, 16.11it/s]
Epoch 19/50 [Train]:   6%|▌         | 26/459 [00:01<00:26, 16.22it/s]
Epoch 19/50 [Train]:   6%|▌         | 28/459 [00:01<00:26, 16.32it/s]
Epoch 19/50 [Train]:   7%|▋         | 30/459 [00:01<00:26, 16.27it/s]
Epoch 19/50 [Train]:   7%|▋         | 32/459 [00:01<00:26, 16.33it/s]
Epoch 19/50 [Train]:   7%|▋         | 34/459 [00:02<00:26, 16.34it/s]
Epoch 19/50 [Train]:   8%|▊         | 36/459 [00:02<00:26, 16.19it/s]
Epoch 19/50 [Train]:   8%|▊         | 38/459 [00:02<00:26, 16.02it/s]
Epoch 19/50 [Train]:   9%|▊         | 40/459 [00:02<00:25, 16.13it/s]
Epoch 19/50 [Train]:   9%|▉         | 42/459 [00:02<00:26, 16.02it/s]
Epoch 19/50 [Train]:  10%|▉         | 44/459 [00:02<00:25, 16.12it/s]
Epoch 19/50 [Train]:  10%|█         | 46/459 [00:02<00:25, 16.15it/s]
Epoch 19/50 [Train]:  10%|█         | 48/459 [00:02<00:25, 16.32it/s]
Epoch 19/50 [Train]:  11%|█         | 50/459 [00:03<00:25, 16.32it/s]
Epoch 19/50 [Train]:  11%|█▏        | 52/459 [00:03<00:25, 16.23it/s]
Epoch 19/50 [Train]:  12%|█▏        | 54/459 [00:03<00:24, 16.28it/s]
Epoch 19/50 [Train]:  12%|█▏        | 56/459 [00:03<00:24, 16.17it/s]
Epoch 19/50 [Train]:  13%|█▎        | 58/459 [00:03<00:24, 16.16it/s]
Epoch 19/50 [Train]:  13%|█▎        | 60/459 [00:03<00:24, 16.08it/s]
Epoch 19/50 [Train]:  14%|█▎        | 62/459 [00:03<00:24, 16.01it/s]
Epoch 19/50 [Train]:  14%|█▍        | 64/459 [00:03<00:24, 16.06it/s]
Epoch 19/50 [Train]:  14%|█▍        | 66/459 [00:04<00:24, 16.19it/s]
Epoch 19/50 [Train]:  15%|█▍        | 68/459 [00:04<00:24, 16.17it/s]
Epoch 19/50 [Train]:  15%|█▌        | 70/459 [00:04<00:24, 15.92it/s]
Epoch 19/50 [Train]:  16%|█▌        | 72/459 [00:04<00:24, 16.12it/s]
Epoch 19/50 [Train]:  16%|█▌        | 74/459 [00:04<00:24, 16.03it/s]
Epoch 19/50 [Train]:  17%|█▋        | 76/459 [00:04<00:23, 16.17it/s]
Epoch 19/50 [Train]:  17%|█▋        | 78/459 [00:04<00:23, 16.08it/s]
Epoch 19/50 [Train]:  17%|█▋        | 80/459 [00:04<00:23, 16.13it/s]
Epoch 19/50 [Train]:  18%|█▊        | 82/459 [00:05<00:23, 16.04it/s]
Epoch 19/50 [Train]:  18%|█▊        | 84/459 [00:05<00:23, 16.17it/s]
Epoch 19/50 [Train]:  19%|█▊        | 86/459 [00:05<00:23, 16.21it/s]
Epoch 19/50 [Train]:  19%|█▉        | 88/459 [00:05<00:23, 15.89it/s]
Epoch 19/50 [Train]:  20%|█▉        | 90/459 [00:05<00:23, 16.00it/s]
Epoch 19/50 [Train]:  20%|██        | 92/459 [00:05<00:22, 16.15it/s]
Epoch 19/50 [Train]:  20%|██        | 94/459 [00:05<00:22, 16.15it/s]
Epoch 19/50 [Train]:  21%|██        | 96/459 [00:05<00:22, 16.06it/s]
Epoch 19/50 [Train]:  21%|██▏       | 98/459 [00:06<00:22, 16.09it/s]
Epoch 19/50 [Train]:  22%|██▏       | 100/459 [00:06<00:22, 16.10it/s]
Epoch 19/50 [Train]:  22%|██▏       | 102/459 [00:06<00:21, 16.23it/s]
Epoch 19/50 [Train]:  23%|██▎       | 104/459 [00:06<00:22, 16.02it/s]
Epoch 19/50 [Train]:  23%|██▎       | 106/459 [00:06<00:21, 16.05it/s]
Epoch 19/50 [Train]:  24%|██▎       | 108/459 [00:06<00:21, 16.09it/s]
Epoch 19/50 [Train]:  24%|██▍       | 110/459 [00:06<00:21, 16.13it/s]
Epoch 19/50 [Train]:  24%|██▍       | 112/459 [00:06<00:21, 16.16it/s]
Epoch 19/50 [Train]:  25%|██▍       | 114/459 [00:07<00:21, 16.24it/s]
Epoch 19/50 [Train]:  25%|██▌       | 116/459 [00:07<00:20, 16.36it/s]
Epoch 19/50 [Train]:  26%|██▌       | 118/459 [00:07<00:20, 16.32it/s]
Epoch 19/50 [Train]:  26%|██▌       | 120/459 [00:07<00:20, 16.16it/s]
Epoch 19/50 [Train]:  27%|██▋       | 122/459 [00:07<00:20, 16.15it/s]
Epoch 19/50 [Train]:  27%|██▋       | 124/459 [00:07<00:20, 16.10it/s]
Epoch 19/50 [Train]:  27%|██▋       | 126/459 [00:07<00:20, 16.25it/s]
Epoch 19/50 [Train]:  28%|██▊       | 128/459 [00:07<00:20, 16.11it/s]
Epoch 19/50 [Train]:  28%|██▊       | 130/459 [00:08<00:20, 16.10it/s]
Epoch 19/50 [Train]:  29%|██▉       | 132/459 [00:08<00:20, 16.06it/s]
Epoch 19/50 [Train]:  29%|██▉       | 134/459 [00:08<00:20, 16.09it/s]
Epoch 19/50 [Train]:  30%|██▉       | 136/459 [00:08<00:20, 15.96it/s]
Epoch 19/50 [Train]:  30%|███       | 138/459 [00:08<00:19, 16.07it/s]
Epoch 19/50 [Train]:  31%|███       | 140/459 [00:08<00:19, 16.16it/s]
Epoch 19/50 [Train]:  31%|███       | 142/459 [00:08<00:19, 16.17it/s]
Epoch 19/50 [Train]:  31%|███▏      | 144/459 [00:08<00:19, 16.16it/s]
Epoch 19/50 [Train]:  32%|███▏      | 146/459 [00:09<00:19, 16.12it/s]
Epoch 19/50 [Train]:  32%|███▏      | 148/459 [00:09<00:19, 16.16it/s]
Epoch 19/50 [Train]:  33%|███▎      | 150/459 [00:09<00:19, 16.12it/s]
Epoch 19/50 [Train]:  33%|███▎      | 152/459 [00:09<00:19, 15.95it/s]
Epoch 19/50 [Train]:  34%|███▎      | 154/459 [00:09<00:18, 16.08it/s]
Epoch 19/50 [Train]:  34%|███▍      | 156/459 [00:09<00:18, 16.01it/s]
Epoch 19/50 [Train]:  34%|███▍      | 158/459 [00:09<00:18, 16.17it/s]
Epoch 19/50 [Train]:  35%|███▍      | 160/459 [00:09<00:18, 16.09it/s]
Epoch 19/50 [Train]:  35%|███▌      | 162/459 [00:10<00:18, 16.14it/s]
Epoch 19/50 [Train]:  36%|███▌      | 164/459 [00:10<00:18, 16.18it/s]
Epoch 19/50 [Train]:  36%|███▌      | 166/459 [00:10<00:18, 16.11it/s]
Epoch 19/50 [Train]:  37%|███▋      | 168/459 [00:10<00:18, 16.04it/s]
Epoch 19/50 [Train]:  37%|███▋      | 170/459 [00:10<00:17, 16.06it/s]
Epoch 19/50 [Train]:  37%|███▋      | 172/459 [00:10<00:17, 16.15it/s]
Epoch 19/50 [Train]:  38%|███▊      | 174/459 [00:10<00:17, 16.17it/s]
Epoch 19/50 [Train]:  38%|███▊      | 176/459 [00:10<00:17, 16.12it/s]
Epoch 19/50 [Train]:  39%|███▉      | 178/459 [00:11<00:17, 16.13it/s]
Epoch 19/50 [Train]:  39%|███▉      | 180/459 [00:11<00:17, 16.14it/s]
Epoch 19/50 [Train]:  40%|███▉      | 182/459 [00:11<00:17, 16.18it/s]
Epoch 19/50 [Train]:  40%|████      | 184/459 [00:11<00:17, 16.04it/s]
Epoch 19/50 [Train]:  41%|████      | 186/459 [00:11<00:17, 16.06it/s]
Epoch 19/50 [Train]:  41%|████      | 188/459 [00:11<00:16, 16.18it/s]
Epoch 19/50 [Train]:  41%|████▏     | 190/459 [00:11<00:16, 16.02it/s]
Epoch 19/50 [Train]:  42%|████▏     | 192/459 [00:11<00:16, 16.01it/s]
Epoch 19/50 [Train]:  42%|████▏     | 194/459 [00:12<00:16, 16.02it/s]
Epoch 19/50 [Train]:  43%|████▎     | 196/459 [00:12<00:16, 15.97it/s]
Epoch 19/50 [Train]:  43%|████▎     | 198/459 [00:12<00:16, 15.96it/s]
Epoch 19/50 [Train]:  44%|████▎     | 200/459 [00:12<00:16, 15.99it/s]
Epoch 19/50 [Train]:  44%|████▍     | 202/459 [00:12<00:15, 16.14it/s]
Epoch 19/50 [Train]:  44%|████▍     | 204/459 [00:12<00:15, 16.10it/s]
Epoch 19/50 [Train]:  45%|████▍     | 206/459 [00:12<00:15, 16.12it/s]
Epoch 19/50 [Train]:  45%|████▌     | 208/459 [00:12<00:15, 16.15it/s]
Epoch 19/50 [Train]:  46%|████▌     | 210/459 [00:13<00:15, 16.31it/s]
Epoch 19/50 [Train]:  46%|████▌     | 212/459 [00:13<00:15, 16.24it/s]
Epoch 19/50 [Train]:  47%|████▋     | 214/459 [00:13<00:15, 16.26it/s]
Epoch 19/50 [Train]:  47%|████▋     | 216/459 [00:13<00:15, 16.00it/s]
Epoch 19/50 [Train]:  47%|████▋     | 218/459 [00:13<00:15, 15.95it/s]
Epoch 19/50 [Train]:  48%|████▊     | 220/459 [00:13<00:15, 15.75it/s]
Epoch 19/50 [Train]:  48%|████▊     | 222/459 [00:13<00:14, 15.82it/s]
Epoch 19/50 [Train]:  49%|████▉     | 224/459 [00:13<00:14, 15.78it/s]
Epoch 19/50 [Train]:  49%|████▉     | 226/459 [00:14<00:14, 16.01it/s]
Epoch 19/50 [Train]:  50%|████▉     | 228/459 [00:14<00:14, 15.97it/s]
Epoch 19/50 [Train]:  50%|█████     | 230/459 [00:14<00:14, 16.16it/s]
Epoch 19/50 [Train]:  51%|█████     | 232/459 [00:14<00:14, 15.90it/s]
Epoch 19/50 [Train]:  51%|█████     | 234/459 [00:14<00:14, 15.94it/s]
Epoch 19/50 [Train]:  51%|█████▏    | 236/459 [00:14<00:13, 16.10it/s]
Epoch 19/50 [Train]:  52%|█████▏    | 238/459 [00:14<00:13, 16.07it/s]
Epoch 19/50 [Train]:  52%|█████▏    | 240/459 [00:14<00:13, 16.01it/s]
Epoch 19/50 [Train]:  53%|█████▎    | 242/459 [00:15<00:13, 15.97it/s]
Epoch 19/50 [Train]:  53%|█████▎    | 244/459 [00:15<00:13, 15.97it/s]
Epoch 19/50 [Train]:  54%|█████▎    | 246/459 [00:15<00:13, 16.05it/s]
Epoch 19/50 [Train]:  54%|█████▍    | 248/459 [00:15<00:13, 16.02it/s]
Epoch 19/50 [Train]:  54%|█████▍    | 250/459 [00:15<00:13, 15.99it/s]
Epoch 19/50 [Train]:  55%|█████▍    | 252/459 [00:15<00:12, 16.12it/s]
Epoch 19/50 [Train]:  55%|█████▌    | 254/459 [00:15<00:12, 16.23it/s]
Epoch 19/50 [Train]:  56%|█████▌    | 256/459 [00:15<00:12, 16.27it/s]
Epoch 19/50 [Train]:  56%|█████▌    | 258/459 [00:16<00:12, 16.20it/s]
Epoch 19/50 [Train]:  57%|█████▋    | 260/459 [00:16<00:12, 16.27it/s]
Epoch 19/50 [Train]:  57%|█████▋    | 262/459 [00:16<00:12, 16.28it/s]
Epoch 19/50 [Train]:  58%|█████▊    | 264/459 [00:16<00:12, 16.04it/s]
Epoch 19/50 [Train]:  58%|█████▊    | 266/459 [00:16<00:12, 16.03it/s]
Epoch 19/50 [Train]:  58%|█████▊    | 268/459 [00:16<00:11, 16.01it/s]
Epoch 19/50 [Train]:  59%|█████▉    | 270/459 [00:16<00:11, 16.09it/s]
Epoch 19/50 [Train]:  59%|█████▉    | 272/459 [00:16<00:11, 16.11it/s]
Epoch 19/50 [Train]:  60%|█████▉    | 274/459 [00:17<00:11, 16.11it/s]
Epoch 19/50 [Train]:  60%|██████    | 276/459 [00:17<00:11, 16.18it/s]
Epoch 19/50 [Train]:  61%|██████    | 278/459 [00:17<00:11, 16.20it/s]
Epoch 19/50 [Train]:  61%|██████    | 280/459 [00:17<00:11, 16.17it/s]
Epoch 19/50 [Train]:  61%|██████▏   | 282/459 [00:17<00:10, 16.21it/s]
Epoch 19/50 [Train]:  62%|██████▏   | 284/459 [00:17<00:10, 16.15it/s]
Epoch 19/50 [Train]:  62%|██████▏   | 286/459 [00:17<00:10, 16.14it/s]
Epoch 19/50 [Train]:  63%|██████▎   | 288/459 [00:17<00:10, 16.25it/s]
Epoch 19/50 [Train]:  63%|██████▎   | 290/459 [00:18<00:10, 16.20it/s]
Epoch 19/50 [Train]:  64%|██████▎   | 292/459 [00:18<00:10, 16.09it/s]
Epoch 19/50 [Train]:  64%|██████▍   | 294/459 [00:18<00:10, 16.11it/s]
Epoch 19/50 [Train]:  64%|██████▍   | 296/459 [00:18<00:10, 16.01it/s]
Epoch 19/50 [Train]:  65%|██████▍   | 298/459 [00:18<00:09, 16.20it/s]
Epoch 19/50 [Train]:  65%|██████▌   | 300/459 [00:18<00:09, 16.21it/s]
Epoch 19/50 [Train]:  66%|██████▌   | 302/459 [00:18<00:09, 16.21it/s]
Epoch 19/50 [Train]:  66%|██████▌   | 304/459 [00:18<00:09, 16.18it/s]
Epoch 19/50 [Train]:  67%|██████▋   | 306/459 [00:18<00:09, 16.29it/s]
Epoch 19/50 [Train]:  67%|██████▋   | 308/459 [00:19<00:09, 16.13it/s]
Epoch 19/50 [Train]:  68%|██████▊   | 310/459 [00:19<00:09, 16.17it/s]
Epoch 19/50 [Train]:  68%|██████▊   | 312/459 [00:19<00:09, 15.92it/s]
Epoch 19/50 [Train]:  68%|██████▊   | 314/459 [00:19<00:09, 15.97it/s]
Epoch 19/50 [Train]:  69%|██████▉   | 316/459 [00:19<00:08, 16.11it/s]
Epoch 19/50 [Train]:  69%|██████▉   | 318/459 [00:19<00:08, 16.11it/s]
Epoch 19/50 [Train]:  70%|██████▉   | 320/459 [00:19<00:08, 16.10it/s]
Epoch 19/50 [Train]:  70%|███████   | 322/459 [00:19<00:08, 16.16it/s]
Epoch 19/50 [Train]:  71%|███████   | 324/459 [00:20<00:08, 16.21it/s]
Epoch 19/50 [Train]:  71%|███████   | 326/459 [00:20<00:08, 16.22it/s]
Epoch 19/50 [Train]:  71%|███████▏  | 328/459 [00:20<00:08, 16.15it/s]
Epoch 19/50 [Train]:  72%|███████▏  | 330/459 [00:20<00:08, 16.08it/s]
Epoch 19/50 [Train]:  72%|███████▏  | 332/459 [00:20<00:07, 16.08it/s]
Epoch 19/50 [Train]:  73%|███████▎  | 334/459 [00:20<00:07, 15.99it/s]
Epoch 19/50 [Train]:  73%|███████▎  | 336/459 [00:20<00:07, 16.04it/s]
Epoch 19/50 [Train]:  74%|███████▎  | 338/459 [00:20<00:07, 16.07it/s]
Epoch 19/50 [Train]:  74%|███████▍  | 340/459 [00:21<00:07, 16.18it/s]
Epoch 19/50 [Train]:  75%|███████▍  | 342/459 [00:21<00:07, 16.39it/s]
Epoch 19/50 [Train]:  75%|███████▍  | 344/459 [00:21<00:07, 16.24it/s]
Epoch 19/50 [Train]:  75%|███████▌  | 346/459 [00:21<00:06, 16.15it/s]
Epoch 19/50 [Train]:  76%|███████▌  | 348/459 [00:21<00:06, 16.21it/s]
Epoch 19/50 [Train]:  76%|███████▋  | 350/459 [00:21<00:06, 16.31it/s]
Epoch 19/50 [Train]:  77%|███████▋  | 352/459 [00:21<00:06, 16.26it/s]
Epoch 19/50 [Train]:  77%|███████▋  | 354/459 [00:21<00:06, 16.19it/s]
Epoch 19/50 [Train]:  78%|███████▊  | 356/459 [00:22<00:06, 16.22it/s]
Epoch 19/50 [Train]:  78%|███████▊  | 358/459 [00:22<00:06, 16.26it/s]
Epoch 19/50 [Train]:  78%|███████▊  | 360/459 [00:22<00:06, 16.24it/s]
Epoch 19/50 [Train]:  79%|███████▉  | 362/459 [00:22<00:06, 16.08it/s]
Epoch 19/50 [Train]:  79%|███████▉  | 364/459 [00:22<00:05, 16.07it/s]
Epoch 19/50 [Train]:  80%|███████▉  | 366/459 [00:22<00:05, 16.13it/s]
Epoch 19/50 [Train]:  80%|████████  | 368/459 [00:22<00:05, 16.10it/s]
Epoch 19/50 [Train]:  81%|████████  | 370/459 [00:22<00:05, 16.22it/s]
Epoch 19/50 [Train]:  81%|████████  | 372/459 [00:23<00:05, 16.21it/s]
Epoch 19/50 [Train]:  81%|████████▏ | 374/459 [00:23<00:05, 16.34it/s]
Epoch 19/50 [Train]:  82%|████████▏ | 376/459 [00:23<00:05, 16.18it/s]
Epoch 19/50 [Train]:  82%|████████▏ | 378/459 [00:23<00:05, 16.07it/s]
Epoch 19/50 [Train]:  83%|████████▎ | 380/459 [00:23<00:04, 16.19it/s]
Epoch 19/50 [Train]:  83%|████████▎ | 382/459 [00:23<00:04, 16.23it/s]
Epoch 19/50 [Train]:  84%|████████▎ | 384/459 [00:23<00:04, 16.20it/s]
Epoch 19/50 [Train]:  84%|████████▍ | 386/459 [00:23<00:04, 16.14it/s]
Epoch 19/50 [Train]:  85%|████████▍ | 388/459 [00:24<00:04, 16.23it/s]
Epoch 19/50 [Train]:  85%|████████▍ | 390/459 [00:24<00:04, 16.16it/s]
Epoch 19/50 [Train]:  85%|████████▌ | 392/459 [00:24<00:04, 16.16it/s]
Epoch 19/50 [Train]:  86%|████████▌ | 394/459 [00:24<00:04, 15.81it/s]
Epoch 19/50 [Train]:  86%|████████▋ | 396/459 [00:24<00:03, 15.95it/s]
Epoch 19/50 [Train]:  87%|████████▋ | 398/459 [00:24<00:03, 16.13it/s]
Epoch 19/50 [Train]:  87%|████████▋ | 400/459 [00:24<00:03, 16.03it/s]
Epoch 19/50 [Train]:  88%|████████▊ | 402/459 [00:24<00:03, 16.18it/s]
Epoch 19/50 [Train]:  88%|████████▊ | 404/459 [00:25<00:03, 16.13it/s]
Epoch 19/50 [Train]:  88%|████████▊ | 406/459 [00:25<00:03, 16.19it/s]
Epoch 19/50 [Train]:  89%|████████▉ | 408/459 [00:25<00:03, 16.26it/s]
Epoch 19/50 [Train]:  89%|████████▉ | 410/459 [00:25<00:03, 16.04it/s]
Epoch 19/50 [Train]:  90%|████████▉ | 412/459 [00:25<00:02, 16.11it/s]
Epoch 19/50 [Train]:  90%|█████████ | 414/459 [00:25<00:02, 16.26it/s]
Epoch 19/50 [Train]:  91%|█████████ | 416/459 [00:25<00:02, 16.24it/s]
Epoch 19/50 [Train]:  91%|█████████ | 418/459 [00:25<00:02, 16.31it/s]
Epoch 19/50 [Train]:  92%|█████████▏| 420/459 [00:26<00:02, 16.18it/s]
Epoch 19/50 [Train]:  92%|█████████▏| 422/459 [00:26<00:02, 16.24it/s]
Epoch 19/50 [Train]:  92%|█████████▏| 424/459 [00:26<00:02, 16.24it/s]
Epoch 19/50 [Train]:  93%|█████████▎| 426/459 [00:26<00:02, 16.13it/s]
Epoch 19/50 [Train]:  93%|█████████▎| 428/459 [00:26<00:01, 16.15it/s]
Epoch 19/50 [Train]:  94%|█████████▎| 430/459 [00:26<00:01, 16.12it/s]
Epoch 19/50 [Train]:  94%|█████████▍| 432/459 [00:26<00:01, 16.20it/s]
Epoch 19/50 [Train]:  95%|█████████▍| 434/459 [00:26<00:01, 16.13it/s]
Epoch 19/50 [Train]:  95%|█████████▍| 436/459 [00:27<00:01, 16.15it/s]
Epoch 19/50 [Train]:  95%|█████████▌| 438/459 [00:27<00:01, 16.07it/s]
Epoch 19/50 [Train]:  96%|█████████▌| 440/459 [00:27<00:01, 16.21it/s]
Epoch 19/50 [Train]:  96%|█████████▋| 442/459 [00:27<00:01, 16.14it/s]
Epoch 19/50 [Train]:  97%|█████████▋| 444/459 [00:27<00:00, 16.24it/s]
Epoch 19/50 [Train]:  97%|█████████▋| 446/459 [00:27<00:00, 16.31it/s]
Epoch 19/50 [Train]:  98%|█████████▊| 448/459 [00:27<00:00, 16.30it/s]
Epoch 19/50 [Train]:  98%|█████████▊| 450/459 [00:27<00:00, 16.20it/s]
Epoch 19/50 [Train]:  98%|█████████▊| 452/459 [00:28<00:00, 16.25it/s]
Epoch 19/50 [Train]:  99%|█████████▉| 454/459 [00:28<00:00, 16.16it/s]
Epoch 19/50 [Train]:  99%|█████████▉| 456/459 [00:28<00:00, 16.18it/s]
Epoch 19/50 [Train]: 100%|█████████▉| 458/459 [00:28<00:00, 16.07it/s]
                                                                      

Epoch 19/50 [Val]:   0%|          | 0/113 [00:00<?, ?it/s]
Epoch 19/50 [Val]:   2%|▏         | 2/113 [00:00<00:06, 17.04it/s]
Epoch 19/50 [Val]:   4%|▎         | 4/113 [00:00<00:06, 16.91it/s]
Epoch 19/50 [Val]:   5%|▌         | 6/113 [00:00<00:06, 16.85it/s]
Epoch 19/50 [Val]:   7%|▋         | 8/113 [00:00<00:06, 17.04it/s]
Epoch 19/50 [Val]:   9%|▉         | 10/113 [00:00<00:05, 17.56it/s]
Epoch 19/50 [Val]:  11%|█         | 12/113 [00:00<00:05, 17.59it/s]
Epoch 19/50 [Val]:  12%|█▏        | 14/113 [00:00<00:05, 17.41it/s]
Epoch 19/50 [Val]:  14%|█▍        | 16/113 [00:00<00:05, 16.49it/s]
Epoch 19/50 [Val]:  16%|█▌        | 18/113 [00:01<00:05, 16.03it/s]
Epoch 19/50 [Val]:  18%|█▊        | 20/113 [00:01<00:05, 15.76it/s]
Epoch 19/50 [Val]:  19%|█▉        | 22/113 [00:01<00:05, 15.45it/s]
Epoch 19/50 [Val]:  21%|██        | 24/113 [00:01<00:05, 15.34it/s]
Epoch 19/50 [Val]:  23%|██▎       | 26/113 [00:01<00:05, 15.72it/s]
Epoch 19/50 [Val]:  25%|██▍       | 28/113 [00:01<00:05, 15.85it/s]
Epoch 19/50 [Val]:  27%|██▋       | 30/113 [00:01<00:05, 16.16it/s]
Epoch 19/50 [Val]:  28%|██▊       | 32/113 [00:01<00:04, 16.24it/s]
Epoch 19/50 [Val]:  30%|███       | 34/113 [00:02<00:04, 16.24it/s]
Epoch 19/50 [Val]:  32%|███▏      | 36/113 [00:02<00:04, 16.64it/s]
Epoch 19/50 [Val]:  34%|███▎      | 38/113 [00:02<00:04, 16.90it/s]
Epoch 19/50 [Val]:  35%|███▌      | 40/113 [00:02<00:04, 16.96it/s]
Epoch 19/50 [Val]:  37%|███▋      | 42/113 [00:02<00:04, 16.95it/s]
Epoch 19/50 [Val]:  39%|███▉      | 44/113 [00:02<00:04, 16.88it/s]
Epoch 19/50 [Val]:  41%|████      | 46/113 [00:02<00:04, 16.62it/s]
Epoch 19/50 [Val]:  42%|████▏     | 48/113 [00:02<00:03, 16.58it/s]
Epoch 19/50 [Val]:  44%|████▍     | 50/113 [00:03<00:03, 16.91it/s]
Epoch 19/50 [Val]:  46%|████▌     | 52/113 [00:03<00:03, 17.19it/s]
Epoch 19/50 [Val]:  48%|████▊     | 54/113 [00:03<00:03, 17.41it/s]
Epoch 19/50 [Val]:  50%|████▉     | 56/113 [00:03<00:03, 17.28it/s]
Epoch 19/50 [Val]:  51%|█████▏    | 58/113 [00:03<00:03, 16.46it/s]
Epoch 19/50 [Val]:  53%|█████▎    | 60/113 [00:03<00:03, 16.89it/s]
Epoch 19/50 [Val]:  55%|█████▍    | 62/113 [00:03<00:03, 16.87it/s]
Epoch 19/50 [Val]:  57%|█████▋    | 64/113 [00:03<00:02, 16.84it/s]
Epoch 19/50 [Val]:  58%|█████▊    | 66/113 [00:03<00:02, 16.45it/s]
Epoch 19/50 [Val]:  60%|██████    | 68/113 [00:04<00:02, 16.42it/s]
Epoch 19/50 [Val]:  62%|██████▏   | 70/113 [00:04<00:02, 16.74it/s]
Epoch 19/50 [Val]:  64%|██████▎   | 72/113 [00:04<00:02, 16.95it/s]
Epoch 19/50 [Val]:  65%|██████▌   | 74/113 [00:04<00:02, 17.24it/s]
Epoch 19/50 [Val]:  67%|██████▋   | 76/113 [00:04<00:02, 17.30it/s]
Epoch 19/50 [Val]:  69%|██████▉   | 78/113 [00:04<00:02, 17.16it/s]
Epoch 19/50 [Val]:  71%|███████   | 80/113 [00:04<00:01, 17.04it/s]
Epoch 19/50 [Val]:  73%|███████▎  | 82/113 [00:04<00:01, 16.89it/s]
Epoch 19/50 [Val]:  74%|███████▍  | 84/113 [00:05<00:01, 16.71it/s]
Epoch 19/50 [Val]:  76%|███████▌  | 86/113 [00:05<00:01, 16.80it/s]
Epoch 19/50 [Val]:  78%|███████▊  | 88/113 [00:05<00:01, 16.66it/s]
Epoch 19/50 [Val]:  80%|███████▉  | 90/113 [00:05<00:01, 16.92it/s]
Epoch 19/50 [Val]:  81%|████████▏ | 92/113 [00:05<00:01, 17.07it/s]
Epoch 19/50 [Val]:  83%|████████▎ | 94/113 [00:05<00:01, 17.18it/s]
Epoch 19/50 [Val]:  85%|████████▍ | 96/113 [00:05<00:00, 17.51it/s]
Epoch 19/50 [Val]:  87%|████████▋ | 98/113 [00:05<00:00, 17.64it/s]
Epoch 19/50 [Val]:  88%|████████▊ | 100/113 [00:05<00:00, 17.15it/s]
Epoch 19/50 [Val]:  90%|█████████ | 102/113 [00:06<00:00, 16.84it/s]
Epoch 19/50 [Val]:  92%|█████████▏| 104/113 [00:06<00:00, 17.22it/s]
Epoch 19/50 [Val]:  94%|█████████▍| 106/113 [00:06<00:00, 17.26it/s]
Epoch 19/50 [Val]:  96%|█████████▌| 108/113 [00:06<00:00, 17.43it/s]
Epoch 19/50 [Val]:  97%|█████████▋| 110/113 [00:06<00:00, 17.50it/s]
Epoch 19/50 [Val]:  99%|█████████▉| 112/113 [00:06<00:00, 17.60it/s]
                                                                    

Epoch 20/50 [Train]:   0%|          | 0/459 [00:00<?, ?it/s]
Epoch 20/50 [Train]:   0%|          | 2/459 [00:00<00:29, 15.47it/s]
Epoch 20/50 [Train]:   1%|          | 4/459 [00:00<00:30, 15.12it/s]
Epoch 20/50 [Train]:   1%|▏         | 6/459 [00:00<00:29, 15.49it/s]
Epoch 20/50 [Train]:   2%|▏         | 8/459 [00:00<00:28, 15.80it/s]
Epoch 20/50 [Train]:   2%|▏         | 10/459 [00:00<00:27, 16.04it/s]
Epoch 20/50 [Train]:   3%|▎         | 12/459 [00:00<00:27, 16.03it/s]
Epoch 20/50 [Train]:   3%|▎         | 14/459 [00:00<00:27, 16.08it/s]
Epoch 20/50 [Train]:   3%|▎         | 16/459 [00:01<00:27, 15.88it/s]
Epoch 20/50 [Train]:   4%|▍         | 18/459 [00:01<00:27, 16.00it/s]
Epoch 20/50 [Train]:   4%|▍         | 20/459 [00:01<00:27, 15.95it/s]
Epoch 20/50 [Train]:   5%|▍         | 22/459 [00:01<00:27, 16.11it/s]
Epoch 20/50 [Train]:   5%|▌         | 24/459 [00:01<00:27, 16.11it/s]
Epoch 20/50 [Train]:   6%|▌         | 26/459 [00:01<00:26, 16.21it/s]
Epoch 20/50 [Train]:   6%|▌         | 28/459 [00:01<00:26, 16.19it/s]
Epoch 20/50 [Train]:   7%|▋         | 30/459 [00:01<00:26, 16.19it/s]
Epoch 20/50 [Train]:   7%|▋         | 32/459 [00:01<00:26, 16.15it/s]
Epoch 20/50 [Train]:   7%|▋         | 34/459 [00:02<00:26, 16.04it/s]
Epoch 20/50 [Train]:   8%|▊         | 36/459 [00:02<00:26, 15.99it/s]
Epoch 20/50 [Train]:   8%|▊         | 38/459 [00:02<00:26, 15.95it/s]
Epoch 20/50 [Train]:   9%|▊         | 40/459 [00:02<00:26, 15.99it/s]
Epoch 20/50 [Train]:   9%|▉         | 42/459 [00:02<00:25, 16.04it/s]
Epoch 20/50 [Train]:  10%|▉         | 44/459 [00:02<00:26, 15.85it/s]
Epoch 20/50 [Train]:  10%|█         | 46/459 [00:02<00:26, 15.56it/s]
Epoch 20/50 [Train]:  10%|█         | 48/459 [00:03<00:26, 15.70it/s]
Epoch 20/50 [Train]:  11%|█         | 50/459 [00:03<00:25, 15.80it/s]
Epoch 20/50 [Train]:  11%|█▏        | 52/459 [00:03<00:25, 15.72it/s]
Epoch 20/50 [Train]:  12%|█▏        | 54/459 [00:03<00:25, 15.76it/s]
Epoch 20/50 [Train]:  12%|█▏        | 56/459 [00:03<00:26, 15.41it/s]
Epoch 20/50 [Train]:  13%|█▎        | 58/459 [00:03<00:25, 15.66it/s]
Epoch 20/50 [Train]:  13%|█▎        | 60/459 [00:03<00:25, 15.82it/s]
Epoch 20/50 [Train]:  14%|█▎        | 62/459 [00:03<00:24, 15.94it/s]
Epoch 20/50 [Train]:  14%|█▍        | 64/459 [00:04<00:24, 16.03it/s]
Epoch 20/50 [Train]:  14%|█▍        | 66/459 [00:04<00:24, 15.88it/s]
Epoch 20/50 [Train]:  15%|█▍        | 68/459 [00:04<00:25, 15.25it/s]
Epoch 20/50 [Train]:  15%|█▌        | 70/459 [00:04<00:26, 14.73it/s]
Epoch 20/50 [Train]:  16%|█▌        | 72/459 [00:04<00:26, 14.57it/s]
Epoch 20/50 [Train]:  16%|█▌        | 74/459 [00:04<00:26, 14.73it/s]
Epoch 20/50 [Train]:  17%|█▋        | 76/459 [00:04<00:26, 14.57it/s]
Epoch 20/50 [Train]:  17%|█▋        | 78/459 [00:04<00:26, 14.43it/s]
Epoch 20/50 [Train]:  17%|█▋        | 80/459 [00:05<00:25, 14.83it/s]
Epoch 20/50 [Train]:  18%|█▊        | 82/459 [00:05<00:25, 14.60it/s]
Epoch 20/50 [Train]:  18%|█▊        | 84/459 [00:05<00:24, 15.03it/s]
Epoch 20/50 [Train]:  19%|█▊        | 86/459 [00:05<00:24, 15.13it/s]
Epoch 20/50 [Train]:  19%|█▉        | 88/459 [00:05<00:25, 14.48it/s]
Epoch 20/50 [Train]:  20%|█▉        | 90/459 [00:05<00:25, 14.39it/s]
Epoch 20/50 [Train]:  20%|██        | 92/459 [00:05<00:25, 14.43it/s]
Epoch 20/50 [Train]:  20%|██        | 94/459 [00:06<00:24, 14.65it/s]
Epoch 20/50 [Train]:  21%|██        | 96/459 [00:06<00:24, 15.05it/s]
Epoch 20/50 [Train]:  21%|██▏       | 98/459 [00:06<00:23, 15.33it/s]
Epoch 20/50 [Train]:  22%|██▏       | 100/459 [00:06<00:23, 15.52it/s]
Epoch 20/50 [Train]:  22%|██▏       | 102/459 [00:06<00:24, 14.68it/s]
Epoch 20/50 [Train]:  23%|██▎       | 104/459 [00:06<00:24, 14.46it/s]
Epoch 20/50 [Train]:  23%|██▎       | 106/459 [00:06<00:24, 14.56it/s]
Epoch 20/50 [Train]:  24%|██▎       | 108/459 [00:07<00:24, 14.39it/s]
Epoch 20/50 [Train]:  24%|██▍       | 110/459 [00:07<00:24, 14.03it/s]
Epoch 20/50 [Train]:  24%|██▍       | 112/459 [00:07<00:24, 13.98it/s]
Epoch 20/50 [Train]:  25%|██▍       | 114/459 [00:07<00:24, 14.22it/s]
Epoch 20/50 [Train]:  25%|██▌       | 116/459 [00:07<00:23, 14.77it/s]
Epoch 20/50 [Train]:  26%|██▌       | 118/459 [00:07<00:22, 15.18it/s]
Epoch 20/50 [Train]:  26%|██▌       | 120/459 [00:07<00:21, 15.49it/s]
Epoch 20/50 [Train]:  27%|██▋       | 122/459 [00:07<00:21, 15.76it/s]
Epoch 20/50 [Train]:  27%|██▋       | 124/459 [00:08<00:21, 15.79it/s]
Epoch 20/50 [Train]:  27%|██▋       | 126/459 [00:08<00:20, 15.88it/s]
Epoch 20/50 [Train]:  28%|██▊       | 128/459 [00:08<00:21, 15.55it/s]
Epoch 20/50 [Train]:  28%|██▊       | 130/459 [00:08<00:20, 15.79it/s]
Epoch 20/50 [Train]:  29%|██▉       | 132/459 [00:08<00:20, 15.88it/s]
Epoch 20/50 [Train]:  29%|██▉       | 134/459 [00:08<00:20, 15.70it/s]
Epoch 20/50 [Train]:  30%|██▉       | 136/459 [00:08<00:20, 15.71it/s]
Epoch 20/50 [Train]:  30%|███       | 138/459 [00:08<00:20, 15.63it/s]
Epoch 20/50 [Train]:  31%|███       | 140/459 [00:09<00:20, 15.36it/s]
Epoch 20/50 [Train]:  31%|███       | 142/459 [00:09<00:21, 14.88it/s]
Epoch 20/50 [Train]:  31%|███▏      | 144/459 [00:09<00:20, 15.25it/s]
Epoch 20/50 [Train]:  32%|███▏      | 146/459 [00:09<00:20, 15.23it/s]
Epoch 20/50 [Train]:  32%|███▏      | 148/459 [00:09<00:20, 15.29it/s]
Epoch 20/50 [Train]:  33%|███▎      | 150/459 [00:09<00:20, 15.43it/s]
Epoch 20/50 [Train]:  33%|███▎      | 152/459 [00:09<00:20, 15.02it/s]
Epoch 20/50 [Train]:  34%|███▎      | 154/459 [00:10<00:20, 15.15it/s]
Epoch 20/50 [Train]:  34%|███▍      | 156/459 [00:10<00:19, 15.56it/s]
Epoch 20/50 [Train]:  34%|███▍      | 158/459 [00:10<00:19, 15.72it/s]
Epoch 20/50 [Train]:  35%|███▍      | 160/459 [00:10<00:18, 15.90it/s]
Epoch 20/50 [Train]:  35%|███▌      | 162/459 [00:10<00:18, 15.95it/s]
Epoch 20/50 [Train]:  36%|███▌      | 164/459 [00:10<00:18, 16.04it/s]
Epoch 20/50 [Train]:  36%|███▌      | 166/459 [00:10<00:18, 16.07it/s]
Epoch 20/50 [Train]:  37%|███▋      | 168/459 [00:10<00:18, 16.16it/s]
Epoch 20/50 [Train]:  37%|███▋      | 170/459 [00:11<00:18, 15.98it/s]
Epoch 20/50 [Train]:  37%|███▋      | 172/459 [00:11<00:17, 16.00it/s]
Epoch 20/50 [Train]:  38%|███▊      | 174/459 [00:11<00:17, 16.04it/s]
Epoch 20/50 [Train]:  38%|███▊      | 176/459 [00:11<00:17, 15.93it/s]
Epoch 20/50 [Train]:  39%|███▉      | 178/459 [00:11<00:17, 15.94it/s]
Epoch 20/50 [Train]:  39%|███▉      | 180/459 [00:11<00:17, 15.93it/s]
Epoch 20/50 [Train]:  40%|███▉      | 182/459 [00:11<00:17, 15.77it/s]
Epoch 20/50 [Train]:  40%|████      | 184/459 [00:11<00:17, 15.87it/s]
Epoch 20/50 [Train]:  41%|████      | 186/459 [00:12<00:17, 15.91it/s]
Epoch 20/50 [Train]:  41%|████      | 188/459 [00:12<00:17, 15.89it/s]
Epoch 20/50 [Train]:  41%|████▏     | 190/459 [00:12<00:16, 15.92it/s]
Epoch 20/50 [Train]:  42%|████▏     | 192/459 [00:12<00:16, 16.03it/s]
Epoch 20/50 [Train]:  42%|████▏     | 194/459 [00:12<00:16, 16.06it/s]
Epoch 20/50 [Train]:  43%|████▎     | 196/459 [00:12<00:16, 16.15it/s]
Epoch 20/50 [Train]:  43%|████▎     | 198/459 [00:12<00:16, 16.16it/s]
Epoch 20/50 [Train]:  44%|████▎     | 200/459 [00:12<00:16, 16.14it/s]
Epoch 20/50 [Train]:  44%|████▍     | 202/459 [00:13<00:15, 16.16it/s]
Epoch 20/50 [Train]:  44%|████▍     | 204/459 [00:13<00:15, 16.03it/s]
Epoch 20/50 [Train]:  45%|████▍     | 206/459 [00:13<00:15, 15.91it/s]
Epoch 20/50 [Train]:  45%|████▌     | 208/459 [00:13<00:15, 16.09it/s]
Epoch 20/50 [Train]:  46%|████▌     | 210/459 [00:13<00:15, 16.14it/s]
Epoch 20/50 [Train]:  46%|████▌     | 212/459 [00:13<00:15, 15.96it/s]
Epoch 20/50 [Train]:  47%|████▋     | 214/459 [00:13<00:15, 16.05it/s]
Epoch 20/50 [Train]:  47%|████▋     | 216/459 [00:13<00:15, 16.02it/s]
Epoch 20/50 [Train]:  47%|████▋     | 218/459 [00:14<00:15, 16.05it/s]
Epoch 20/50 [Train]:  48%|████▊     | 220/459 [00:14<00:14, 15.99it/s]
Epoch 20/50 [Train]:  48%|████▊     | 222/459 [00:14<00:14, 16.06it/s]
Epoch 20/50 [Train]:  49%|████▉     | 224/459 [00:14<00:14, 16.14it/s]
Epoch 20/50 [Train]:  49%|████▉     | 226/459 [00:14<00:14, 16.05it/s]
Epoch 20/50 [Train]:  50%|████▉     | 228/459 [00:14<00:14, 16.15it/s]
Epoch 20/50 [Train]:  50%|█████     | 230/459 [00:14<00:14, 16.14it/s]
Epoch 20/50 [Train]:  51%|█████     | 232/459 [00:14<00:14, 16.07it/s]
Epoch 20/50 [Train]:  51%|█████     | 234/459 [00:15<00:14, 16.00it/s]
Epoch 20/50 [Train]:  51%|█████▏    | 236/459 [00:15<00:13, 15.94it/s]
Epoch 20/50 [Train]:  52%|█████▏    | 238/459 [00:15<00:13, 15.93it/s]
Epoch 20/50 [Train]:  52%|█████▏    | 240/459 [00:15<00:13, 16.09it/s]
Epoch 20/50 [Train]:  53%|█████▎    | 242/459 [00:15<00:13, 16.19it/s]
Epoch 20/50 [Train]:  53%|█████▎    | 244/459 [00:15<00:13, 16.16it/s]
Epoch 20/50 [Train]:  54%|█████▎    | 246/459 [00:15<00:13, 16.02it/s]
Epoch 20/50 [Train]:  54%|█████▍    | 248/459 [00:15<00:13, 15.62it/s]
Epoch 20/50 [Train]:  54%|█████▍    | 250/459 [00:16<00:13, 15.71it/s]
Epoch 20/50 [Train]:  55%|█████▍    | 252/459 [00:16<00:13, 15.91it/s]
Epoch 20/50 [Train]:  55%|█████▌    | 254/459 [00:16<00:12, 15.97it/s]
Epoch 20/50 [Train]:  56%|█████▌    | 256/459 [00:16<00:12, 16.14it/s]
Epoch 20/50 [Train]:  56%|█████▌    | 258/459 [00:16<00:13, 15.44it/s]
Epoch 20/50 [Train]:  57%|█████▋    | 260/459 [00:16<00:12, 15.53it/s]
Epoch 20/50 [Train]:  57%|█████▋    | 262/459 [00:16<00:12, 15.78it/s]
Epoch 20/50 [Train]:  58%|█████▊    | 264/459 [00:16<00:12, 15.66it/s]
Epoch 20/50 [Train]:  58%|█████▊    | 266/459 [00:17<00:12, 15.25it/s]
Epoch 20/50 [Train]:  58%|█████▊    | 268/459 [00:17<00:12, 15.24it/s]
Epoch 20/50 [Train]:  59%|█████▉    | 270/459 [00:17<00:12, 15.50it/s]
Epoch 20/50 [Train]:  59%|█████▉    | 272/459 [00:17<00:11, 15.71it/s]
Epoch 20/50 [Train]:  60%|█████▉    | 274/459 [00:17<00:11, 15.81it/s]
Epoch 20/50 [Train]:  60%|██████    | 276/459 [00:17<00:11, 16.01it/s]
Epoch 20/50 [Train]:  61%|██████    | 278/459 [00:17<00:11, 16.15it/s]
Epoch 20/50 [Train]:  61%|██████    | 280/459 [00:17<00:11, 16.19it/s]
Epoch 20/50 [Train]:  61%|██████▏   | 282/459 [00:18<00:10, 16.13it/s]
Epoch 20/50 [Train]:  62%|██████▏   | 284/459 [00:18<00:10, 16.07it/s]
Epoch 20/50 [Train]:  62%|██████▏   | 286/459 [00:18<00:10, 15.95it/s]
Epoch 20/50 [Train]:  63%|██████▎   | 288/459 [00:18<00:10, 16.06it/s]
Epoch 20/50 [Train]:  63%|██████▎   | 290/459 [00:18<00:10, 16.02it/s]
Epoch 20/50 [Train]:  64%|██████▎   | 292/459 [00:18<00:10, 16.13it/s]
Epoch 20/50 [Train]:  64%|██████▍   | 294/459 [00:18<00:10, 16.21it/s]
Epoch 20/50 [Train]:  64%|██████▍   | 296/459 [00:18<00:10, 16.15it/s]
Epoch 20/50 [Train]:  65%|██████▍   | 298/459 [00:19<00:09, 16.16it/s]
Epoch 20/50 [Train]:  65%|██████▌   | 300/459 [00:19<00:09, 16.11it/s]
Epoch 20/50 [Train]:  66%|██████▌   | 302/459 [00:19<00:09, 15.80it/s]
Epoch 20/50 [Train]:  66%|██████▌   | 304/459 [00:19<00:09, 15.86it/s]
Epoch 20/50 [Train]:  67%|██████▋   | 306/459 [00:19<00:09, 15.90it/s]
Epoch 20/50 [Train]:  67%|██████▋   | 308/459 [00:19<00:09, 16.11it/s]
Epoch 20/50 [Train]:  68%|██████▊   | 310/459 [00:19<00:09, 16.18it/s]
Epoch 20/50 [Train]:  68%|██████▊   | 312/459 [00:19<00:09, 16.22it/s]
Epoch 20/50 [Train]:  68%|██████▊   | 314/459 [00:20<00:09, 16.06it/s]
Epoch 20/50 [Train]:  69%|██████▉   | 316/459 [00:20<00:08, 15.91it/s]
Epoch 20/50 [Train]:  69%|██████▉   | 318/459 [00:20<00:08, 15.90it/s]
Epoch 20/50 [Train]:  70%|██████▉   | 320/459 [00:20<00:08, 15.95it/s]
Epoch 20/50 [Train]:  70%|███████   | 322/459 [00:20<00:08, 15.93it/s]
Epoch 20/50 [Train]:  71%|███████   | 324/459 [00:20<00:08, 16.00it/s]
Epoch 20/50 [Train]:  71%|███████   | 326/459 [00:20<00:08, 16.01it/s]
Epoch 20/50 [Train]:  71%|███████▏  | 328/459 [00:20<00:08, 16.14it/s]
Epoch 20/50 [Train]:  72%|███████▏  | 330/459 [00:21<00:08, 16.12it/s]
Epoch 20/50 [Train]:  72%|███████▏  | 332/459 [00:21<00:07, 16.20it/s]
Epoch 20/50 [Train]:  73%|███████▎  | 334/459 [00:21<00:07, 16.10it/s]
Epoch 20/50 [Train]:  73%|███████▎  | 336/459 [00:21<00:07, 16.15it/s]
Epoch 20/50 [Train]:  74%|███████▎  | 338/459 [00:21<00:07, 16.16it/s]
Epoch 20/50 [Train]:  74%|███████▍  | 340/459 [00:21<00:07, 16.31it/s]
Epoch 20/50 [Train]:  75%|███████▍  | 342/459 [00:21<00:07, 16.07it/s]
Epoch 20/50 [Train]:  75%|███████▍  | 344/459 [00:21<00:07, 16.07it/s]
Epoch 20/50 [Train]:  75%|███████▌  | 346/459 [00:22<00:07, 15.99it/s]
Epoch 20/50 [Train]:  76%|███████▌  | 348/459 [00:22<00:06, 16.00it/s]
Epoch 20/50 [Train]:  76%|███████▋  | 350/459 [00:22<00:06, 15.92it/s]
Epoch 20/50 [Train]:  77%|███████▋  | 352/459 [00:22<00:06, 15.90it/s]
Epoch 20/50 [Train]:  77%|███████▋  | 354/459 [00:22<00:06, 15.90it/s]
Epoch 20/50 [Train]:  78%|███████▊  | 356/459 [00:22<00:06, 15.94it/s]
Epoch 20/50 [Train]:  78%|███████▊  | 358/459 [00:22<00:06, 15.98it/s]
Epoch 20/50 [Train]:  78%|███████▊  | 360/459 [00:22<00:06, 15.89it/s]
Epoch 20/50 [Train]:  79%|███████▉  | 362/459 [00:23<00:06, 15.80it/s]
Epoch 20/50 [Train]:  79%|███████▉  | 364/459 [00:23<00:06, 15.80it/s]
Epoch 20/50 [Train]:  80%|███████▉  | 366/459 [00:23<00:06, 15.14it/s]
Epoch 20/50 [Train]:  80%|████████  | 368/459 [00:23<00:05, 15.39it/s]
Epoch 20/50 [Train]:  81%|████████  | 370/459 [00:23<00:05, 15.41it/s]
Epoch 20/50 [Train]:  81%|████████  | 372/459 [00:23<00:05, 15.19it/s]
Epoch 20/50 [Train]:  81%|████████▏ | 374/459 [00:23<00:05, 15.08it/s]
Epoch 20/50 [Train]:  82%|████████▏ | 376/459 [00:23<00:05, 14.81it/s]
Epoch 20/50 [Train]:  82%|████████▏ | 378/459 [00:24<00:05, 14.91it/s]
Epoch 20/50 [Train]:  83%|████████▎ | 380/459 [00:24<00:05, 14.69it/s]
Epoch 20/50 [Train]:  83%|████████▎ | 382/459 [00:24<00:05, 14.84it/s]
Epoch 20/50 [Train]:  84%|████████▎ | 384/459 [00:24<00:04, 15.07it/s]
Epoch 20/50 [Train]:  84%|████████▍ | 386/459 [00:24<00:04, 15.33it/s]
Epoch 20/50 [Train]:  85%|████████▍ | 388/459 [00:24<00:04, 15.12it/s]
Epoch 20/50 [Train]:  85%|████████▍ | 390/459 [00:24<00:04, 15.37it/s]
Epoch 20/50 [Train]:  85%|████████▌ | 392/459 [00:25<00:04, 14.95it/s]
Epoch 20/50 [Train]:  86%|████████▌ | 394/459 [00:25<00:04, 14.56it/s]
Epoch 20/50 [Train]:  86%|████████▋ | 396/459 [00:25<00:04, 13.96it/s]
Epoch 20/50 [Train]:  87%|████████▋ | 398/459 [00:25<00:04, 13.96it/s]
Epoch 20/50 [Train]:  87%|████████▋ | 400/459 [00:25<00:04, 14.37it/s]
Epoch 20/50 [Train]:  88%|████████▊ | 402/459 [00:25<00:03, 14.86it/s]
Epoch 20/50 [Train]:  88%|████████▊ | 404/459 [00:25<00:03, 14.89it/s]
Epoch 20/50 [Train]:  88%|████████▊ | 406/459 [00:26<00:03, 14.75it/s]
Epoch 20/50 [Train]:  89%|████████▉ | 408/459 [00:26<00:03, 15.16it/s]
Epoch 20/50 [Train]:  89%|████████▉ | 410/459 [00:26<00:03, 15.14it/s]
Epoch 20/50 [Train]:  90%|████████▉ | 412/459 [00:26<00:03, 15.26it/s]
Epoch 20/50 [Train]:  90%|█████████ | 414/459 [00:26<00:02, 15.51it/s]
Epoch 20/50 [Train]:  91%|█████████ | 416/459 [00:26<00:02, 15.75it/s]
Epoch 20/50 [Train]:  91%|█████████ | 418/459 [00:26<00:02, 15.79it/s]
Epoch 20/50 [Train]:  92%|█████████▏| 420/459 [00:26<00:02, 15.16it/s]
Epoch 20/50 [Train]:  92%|█████████▏| 422/459 [00:27<00:02, 14.89it/s]
Epoch 20/50 [Train]:  92%|█████████▏| 424/459 [00:27<00:02, 14.64it/s]
Epoch 20/50 [Train]:  93%|█████████▎| 426/459 [00:27<00:02, 14.55it/s]
Epoch 20/50 [Train]:  93%|█████████▎| 428/459 [00:27<00:02, 14.87it/s]
Epoch 20/50 [Train]:  94%|█████████▎| 430/459 [00:27<00:01, 14.87it/s]
Epoch 20/50 [Train]:  94%|█████████▍| 432/459 [00:27<00:01, 14.99it/s]
Epoch 20/50 [Train]:  95%|█████████▍| 434/459 [00:27<00:01, 15.35it/s]
Epoch 20/50 [Train]:  95%|█████████▍| 436/459 [00:27<00:01, 15.59it/s]
Epoch 20/50 [Train]:  95%|█████████▌| 438/459 [00:28<00:01, 15.66it/s]
Epoch 20/50 [Train]:  96%|█████████▌| 440/459 [00:28<00:01, 15.72it/s]
Epoch 20/50 [Train]:  96%|█████████▋| 442/459 [00:28<00:01, 15.63it/s]
Epoch 20/50 [Train]:  97%|█████████▋| 444/459 [00:28<00:00, 15.53it/s]
Epoch 20/50 [Train]:  97%|█████████▋| 446/459 [00:28<00:00, 15.10it/s]
Epoch 20/50 [Train]:  98%|█████████▊| 448/459 [00:28<00:00, 15.08it/s]
Epoch 20/50 [Train]:  98%|█████████▊| 450/459 [00:28<00:00, 15.14it/s]
Epoch 20/50 [Train]:  98%|█████████▊| 452/459 [00:29<00:00, 15.05it/s]
Epoch 20/50 [Train]:  99%|█████████▉| 454/459 [00:29<00:00, 14.80it/s]
Epoch 20/50 [Train]:  99%|█████████▉| 456/459 [00:29<00:00, 14.63it/s]
Epoch 20/50 [Train]: 100%|█████████▉| 458/459 [00:29<00:00, 15.01it/s]
                                                                      

Epoch 20/50 [Val]:   0%|          | 0/113 [00:00<?, ?it/s]
Epoch 20/50 [Val]:   2%|▏         | 2/113 [00:00<00:06, 16.56it/s]
Epoch 20/50 [Val]:   4%|▎         | 4/113 [00:00<00:06, 16.77it/s]
Epoch 20/50 [Val]:   5%|▌         | 6/113 [00:00<00:06, 16.68it/s]
Epoch 20/50 [Val]:   7%|▋         | 8/113 [00:00<00:06, 16.85it/s]
Epoch 20/50 [Val]:   9%|▉         | 10/113 [00:00<00:07, 13.67it/s]
Epoch 20/50 [Val]:  11%|█         | 12/113 [00:00<00:08, 11.88it/s]
Epoch 20/50 [Val]:  12%|█▏        | 14/113 [00:01<00:08, 11.41it/s]
Epoch 20/50 [Val]:  14%|█▍        | 16/113 [00:01<00:10,  9.66it/s]
Epoch 20/50 [Val]:  16%|█▌        | 18/113 [00:01<00:10,  8.77it/s]
Epoch 20/50 [Val]:  17%|█▋        | 19/113 [00:01<00:10,  8.96it/s]
Epoch 20/50 [Val]:  19%|█▊        | 21/113 [00:01<00:10,  8.94it/s]
Epoch 20/50 [Val]:  19%|█▉        | 22/113 [00:02<00:10,  8.47it/s]
Epoch 20/50 [Val]:  21%|██        | 24/113 [00:02<00:09,  9.78it/s]
Epoch 20/50 [Val]:  23%|██▎       | 26/113 [00:02<00:09,  8.82it/s]
Epoch 20/50 [Val]:  24%|██▍       | 27/113 [00:02<00:09,  8.63it/s]
Epoch 20/50 [Val]:  25%|██▍       | 28/113 [00:02<00:09,  8.61it/s]
Epoch 20/50 [Val]:  26%|██▌       | 29/113 [00:02<00:09,  8.50it/s]
Epoch 20/50 [Val]:  27%|██▋       | 30/113 [00:02<00:09,  8.50it/s]
Epoch 20/50 [Val]:  27%|██▋       | 31/113 [00:03<00:09,  8.51it/s]
Epoch 20/50 [Val]:  28%|██▊       | 32/113 [00:03<00:09,  8.57it/s]
Epoch 20/50 [Val]:  30%|███       | 34/113 [00:03<00:07, 10.13it/s]
Epoch 20/50 [Val]:  31%|███       | 35/113 [00:03<00:08,  9.28it/s]
Epoch 20/50 [Val]:  32%|███▏      | 36/113 [00:03<00:08,  8.87it/s]
Epoch 20/50 [Val]:  34%|███▎      | 38/113 [00:03<00:08,  9.34it/s]
Epoch 20/50 [Val]:  35%|███▍      | 39/113 [00:03<00:08,  9.02it/s]
Epoch 20/50 [Val]:  35%|███▌      | 40/113 [00:04<00:08,  8.91it/s]
Epoch 20/50 [Val]:  36%|███▋      | 41/113 [00:04<00:08,  8.49it/s]
Epoch 20/50 [Val]:  37%|███▋      | 42/113 [00:04<00:08,  8.44it/s]
Epoch 20/50 [Val]:  38%|███▊      | 43/113 [00:04<00:08,  8.32it/s]
Epoch 20/50 [Val]:  39%|███▉      | 44/113 [00:04<00:08,  7.91it/s]
Epoch 20/50 [Val]:  40%|███▉      | 45/113 [00:04<00:08,  7.70it/s]
Epoch 20/50 [Val]:  41%|████      | 46/113 [00:04<00:08,  7.76it/s]
Epoch 20/50 [Val]:  42%|████▏     | 47/113 [00:05<00:08,  7.61it/s]
Epoch 20/50 [Val]:  42%|████▏     | 48/113 [00:05<00:08,  7.76it/s]
Epoch 20/50 [Val]:  43%|████▎     | 49/113 [00:05<00:08,  7.94it/s]
Epoch 20/50 [Val]:  44%|████▍     | 50/113 [00:05<00:07,  8.06it/s]
Epoch 20/50 [Val]:  46%|████▌     | 52/113 [00:05<00:06,  9.94it/s]
Epoch 20/50 [Val]:  47%|████▋     | 53/113 [00:05<00:06,  9.44it/s]
Epoch 20/50 [Val]:  48%|████▊     | 54/113 [00:05<00:06,  8.79it/s]
Epoch 20/50 [Val]:  49%|████▊     | 55/113 [00:05<00:06,  8.64it/s]
Epoch 20/50 [Val]:  50%|████▉     | 56/113 [00:06<00:06,  8.30it/s]
Epoch 20/50 [Val]:  50%|█████     | 57/113 [00:06<00:06,  8.06it/s]
Epoch 20/50 [Val]:  51%|█████▏    | 58/113 [00:06<00:06,  7.92it/s]
Epoch 20/50 [Val]:  52%|█████▏    | 59/113 [00:06<00:06,  8.39it/s]
Epoch 20/50 [Val]:  53%|█████▎    | 60/113 [00:06<00:06,  8.11it/s]
Epoch 20/50 [Val]:  54%|█████▍    | 61/113 [00:06<00:06,  8.14it/s]
Epoch 20/50 [Val]:  55%|█████▍    | 62/113 [00:06<00:06,  8.11it/s]
Epoch 20/50 [Val]:  56%|█████▌    | 63/113 [00:06<00:05,  8.39it/s]
Epoch 20/50 [Val]:  57%|█████▋    | 64/113 [00:06<00:05,  8.39it/s]
Epoch 20/50 [Val]:  58%|█████▊    | 65/113 [00:07<00:05,  8.02it/s]
Epoch 20/50 [Val]:  59%|█████▉    | 67/113 [00:07<00:05,  8.70it/s]
Epoch 20/50 [Val]:  61%|██████    | 69/113 [00:07<00:04,  8.89it/s]
Epoch 20/50 [Val]:  62%|██████▏   | 70/113 [00:07<00:04,  8.93it/s]
Epoch 20/50 [Val]:  64%|██████▎   | 72/113 [00:07<00:04,  9.15it/s]
Epoch 20/50 [Val]:  65%|██████▍   | 73/113 [00:07<00:04,  9.01it/s]
Epoch 20/50 [Val]:  65%|██████▌   | 74/113 [00:08<00:04,  9.16it/s]
Epoch 20/50 [Val]:  66%|██████▋   | 75/113 [00:08<00:04,  8.89it/s]
Epoch 20/50 [Val]:  67%|██████▋   | 76/113 [00:08<00:04,  8.81it/s]
Epoch 20/50 [Val]:  68%|██████▊   | 77/113 [00:08<00:04,  8.68it/s]
Epoch 20/50 [Val]:  69%|██████▉   | 78/113 [00:08<00:04,  8.57it/s]
Epoch 20/50 [Val]:  70%|██████▉   | 79/113 [00:08<00:03,  8.69it/s]
Epoch 20/50 [Val]:  71%|███████   | 80/113 [00:08<00:03,  8.70it/s]
Epoch 20/50 [Val]:  72%|███████▏  | 81/113 [00:08<00:03,  8.65it/s]
Epoch 20/50 [Val]:  73%|███████▎  | 82/113 [00:09<00:03,  8.79it/s]
Epoch 20/50 [Val]:  73%|███████▎  | 83/113 [00:09<00:03,  8.63it/s]
Epoch 20/50 [Val]:  74%|███████▍  | 84/113 [00:09<00:03,  8.62it/s]
Epoch 20/50 [Val]:  75%|███████▌  | 85/113 [00:09<00:03,  8.74it/s]
Epoch 20/50 [Val]:  76%|███████▌  | 86/113 [00:09<00:03,  8.59it/s]
Epoch 20/50 [Val]:  77%|███████▋  | 87/113 [00:09<00:03,  8.40it/s]
Epoch 20/50 [Val]:  78%|███████▊  | 88/113 [00:09<00:02,  8.46it/s]
Epoch 20/50 [Val]:  79%|███████▉  | 89/113 [00:09<00:02,  8.60it/s]
Epoch 20/50 [Val]:  80%|███████▉  | 90/113 [00:09<00:02,  8.50it/s]
Epoch 20/50 [Val]:  81%|████████  | 91/113 [00:10<00:02,  8.66it/s]
Epoch 20/50 [Val]:  81%|████████▏ | 92/113 [00:10<00:02,  8.70it/s]
Epoch 20/50 [Val]:  82%|████████▏ | 93/113 [00:10<00:02,  8.77it/s]
Epoch 20/50 [Val]:  83%|████████▎ | 94/113 [00:10<00:02,  8.80it/s]
Epoch 20/50 [Val]:  84%|████████▍ | 95/113 [00:10<00:02,  8.90it/s]
Epoch 20/50 [Val]:  85%|████████▍ | 96/113 [00:10<00:01,  9.12it/s]
Epoch 20/50 [Val]:  86%|████████▌ | 97/113 [00:10<00:01,  9.17it/s]
Epoch 20/50 [Val]:  87%|████████▋ | 98/113 [00:10<00:01,  8.90it/s]
Epoch 20/50 [Val]:  88%|████████▊ | 99/113 [00:10<00:01,  9.02it/s]
Epoch 20/50 [Val]:  88%|████████▊ | 100/113 [00:11<00:01,  9.04it/s]
Epoch 20/50 [Val]:  90%|█████████ | 102/113 [00:11<00:01, 10.96it/s]
Epoch 20/50 [Val]:  92%|█████████▏| 104/113 [00:11<00:00,  9.42it/s]
Epoch 20/50 [Val]:  93%|█████████▎| 105/113 [00:11<00:00,  8.80it/s]
Epoch 20/50 [Val]:  94%|█████████▍| 106/113 [00:11<00:00,  8.80it/s]
Epoch 20/50 [Val]:  96%|█████████▌| 108/113 [00:11<00:00,  9.62it/s]
Epoch 20/50 [Val]:  96%|█████████▋| 109/113 [00:12<00:00,  9.54it/s]
Epoch 20/50 [Val]:  97%|█████████▋| 110/113 [00:12<00:00,  9.19it/s]
Epoch 20/50 [Val]:  99%|█████████▉| 112/113 [00:12<00:00,  9.87it/s]
                                                                    

Epoch 21/50 [Train]:   0%|          | 0/459 [00:00<?, ?it/s]
Epoch 21/50 [Train]:   0%|          | 2/459 [00:00<00:43, 10.50it/s]
Epoch 21/50 [Train]:   1%|          | 4/459 [00:00<00:44, 10.34it/s]
Epoch 21/50 [Train]:   1%|▏         | 6/459 [00:00<00:43, 10.44it/s]
Epoch 21/50 [Train]:   2%|▏         | 8/459 [00:00<00:41, 10.79it/s]
Epoch 21/50 [Train]:   2%|▏         | 10/459 [00:00<00:40, 10.97it/s]
Epoch 21/50 [Train]:   3%|▎         | 12/459 [00:01<00:38, 11.53it/s]
Epoch 21/50 [Train]:   3%|▎         | 14/459 [00:01<00:40, 11.00it/s]
Epoch 21/50 [Train]:   3%|▎         | 16/459 [00:01<00:39, 11.22it/s]
Epoch 21/50 [Train]:   4%|▍         | 18/459 [00:01<00:40, 10.90it/s]
Epoch 21/50 [Train]:   4%|▍         | 20/459 [00:01<00:39, 11.09it/s]
Epoch 21/50 [Train]:   5%|▍         | 22/459 [00:02<00:39, 11.03it/s]
Epoch 21/50 [Train]:   5%|▌         | 24/459 [00:02<00:37, 11.55it/s]
Epoch 21/50 [Train]:   6%|▌         | 26/459 [00:02<00:36, 12.02it/s]
Epoch 21/50 [Train]:   6%|▌         | 28/459 [00:02<00:35, 12.04it/s]
Epoch 21/50 [Train]:   7%|▋         | 30/459 [00:02<00:35, 12.19it/s]
Epoch 21/50 [Train]:   7%|▋         | 32/459 [00:02<00:37, 11.37it/s]
Epoch 21/50 [Train]:   7%|▋         | 34/459 [00:03<00:38, 11.16it/s]
Epoch 21/50 [Train]:   8%|▊         | 36/459 [00:03<00:38, 10.97it/s]
Epoch 21/50 [Train]:   8%|▊         | 38/459 [00:03<00:38, 10.90it/s]
Epoch 21/50 [Train]:   9%|▊         | 40/459 [00:03<00:38, 10.89it/s]
Epoch 21/50 [Train]:   9%|▉         | 42/459 [00:03<00:37, 11.02it/s]
Epoch 21/50 [Train]:  10%|▉         | 44/459 [00:03<00:39, 10.54it/s]
Epoch 21/50 [Train]:  10%|█         | 46/459 [00:04<00:37, 11.06it/s]
Epoch 21/50 [Train]:  10%|█         | 48/459 [00:04<00:37, 10.87it/s]
Epoch 21/50 [Train]:  11%|█         | 50/459 [00:04<00:37, 10.90it/s]
Epoch 21/50 [Train]:  11%|█▏        | 52/459 [00:04<00:37, 10.97it/s]
Epoch 21/50 [Train]:  12%|█▏        | 54/459 [00:04<00:37, 10.91it/s]
Epoch 21/50 [Train]:  12%|█▏        | 56/459 [00:05<00:36, 10.94it/s]
Epoch 21/50 [Train]:  13%|█▎        | 58/459 [00:05<00:37, 10.71it/s]
Epoch 21/50 [Train]:  13%|█▎        | 60/459 [00:05<00:37, 10.66it/s]
Epoch 21/50 [Train]:  14%|█▎        | 62/459 [00:05<00:37, 10.48it/s]
Epoch 21/50 [Train]:  14%|█▍        | 64/459 [00:05<00:38, 10.28it/s]
Epoch 21/50 [Train]:  14%|█▍        | 66/459 [00:06<00:37, 10.47it/s]
Epoch 21/50 [Train]:  15%|█▍        | 68/459 [00:06<00:37, 10.31it/s]
Epoch 21/50 [Train]:  15%|█▌        | 70/459 [00:06<00:37, 10.41it/s]
Epoch 21/50 [Train]:  16%|█▌        | 72/459 [00:06<00:37, 10.38it/s]
Epoch 21/50 [Train]:  16%|█▌        | 74/459 [00:06<00:35, 10.84it/s]
Epoch 21/50 [Train]:  17%|█▋        | 76/459 [00:06<00:35, 10.65it/s]
Epoch 21/50 [Train]:  17%|█▋        | 78/459 [00:07<00:38,  9.85it/s]
Epoch 21/50 [Train]:  17%|█▋        | 80/459 [00:07<00:37, 10.10it/s]
Epoch 21/50 [Train]:  18%|█▊        | 82/459 [00:07<00:35, 10.65it/s]
Epoch 21/50 [Train]:  18%|█▊        | 84/459 [00:07<00:35, 10.54it/s]
Epoch 21/50 [Train]:  19%|█▊        | 86/459 [00:07<00:34, 10.74it/s]
Epoch 21/50 [Train]:  19%|█▉        | 88/459 [00:08<00:34, 10.64it/s]
Epoch 21/50 [Train]:  20%|█▉        | 90/459 [00:08<00:33, 10.99it/s]
Epoch 21/50 [Train]:  20%|██        | 92/459 [00:08<00:31, 11.50it/s]
Epoch 21/50 [Train]:  20%|██        | 94/459 [00:08<00:33, 11.00it/s]
Epoch 21/50 [Train]:  21%|██        | 96/459 [00:08<00:33, 10.80it/s]
Epoch 21/50 [Train]:  21%|██▏       | 98/459 [00:09<00:33, 10.71it/s]
Epoch 21/50 [Train]:  22%|██▏       | 100/459 [00:09<00:34, 10.42it/s]
Epoch 21/50 [Train]:  22%|██▏       | 102/459 [00:09<00:33, 10.52it/s]
Epoch 21/50 [Train]:  23%|██▎       | 104/459 [00:09<00:33, 10.45it/s]
Epoch 21/50 [Train]:  23%|██▎       | 106/459 [00:09<00:33, 10.39it/s]
Epoch 21/50 [Train]:  24%|██▎       | 108/459 [00:09<00:33, 10.43it/s]
Epoch 21/50 [Train]:  24%|██▍       | 110/459 [00:10<00:33, 10.30it/s]
Epoch 21/50 [Train]:  24%|██▍       | 112/459 [00:10<00:33, 10.43it/s]
Epoch 21/50 [Train]:  25%|██▍       | 114/459 [00:10<00:32, 10.47it/s]
Epoch 21/50 [Train]:  25%|██▌       | 116/459 [00:10<00:32, 10.47it/s]
Epoch 21/50 [Train]:  26%|██▌       | 118/459 [00:10<00:32, 10.57it/s]
Epoch 21/50 [Train]:  26%|██▌       | 120/459 [00:11<00:32, 10.39it/s]
Epoch 21/50 [Train]:  27%|██▋       | 122/459 [00:11<00:32, 10.43it/s]
Epoch 21/50 [Train]:  27%|██▋       | 124/459 [00:11<00:32, 10.41it/s]
Epoch 21/50 [Train]:  27%|██▋       | 126/459 [00:11<00:30, 11.04it/s]
Epoch 21/50 [Train]:  28%|██▊       | 128/459 [00:11<00:30, 10.81it/s]
Epoch 21/50 [Train]:  28%|██▊       | 130/459 [00:12<00:30, 10.67it/s]
Epoch 21/50 [Train]:  29%|██▉       | 132/459 [00:12<00:30, 10.79it/s]
Epoch 21/50 [Train]:  29%|██▉       | 134/459 [00:12<00:29, 11.19it/s]
Epoch 21/50 [Train]:  30%|██▉       | 136/459 [00:12<00:29, 10.96it/s]
Epoch 21/50 [Train]:  30%|███       | 138/459 [00:12<00:28, 11.19it/s]
Epoch 21/50 [Train]:  31%|███       | 140/459 [00:12<00:29, 10.85it/s]
Epoch 21/50 [Train]:  31%|███       | 142/459 [00:13<00:29, 10.65it/s]
Epoch 21/50 [Train]:  31%|███▏      | 144/459 [00:13<00:29, 10.80it/s]
Epoch 21/50 [Train]:  32%|███▏      | 146/459 [00:13<00:29, 10.67it/s]
Epoch 21/50 [Train]:  32%|███▏      | 148/459 [00:13<00:29, 10.62it/s]
Epoch 21/50 [Train]:  33%|███▎      | 150/459 [00:13<00:29, 10.60it/s]
Epoch 21/50 [Train]:  33%|███▎      | 152/459 [00:14<00:29, 10.47it/s]
Epoch 21/50 [Train]:  34%|███▎      | 154/459 [00:14<00:29, 10.38it/s]
Epoch 21/50 [Train]:  34%|███▍      | 156/459 [00:14<00:29, 10.44it/s]
Epoch 21/50 [Train]:  34%|███▍      | 158/459 [00:14<00:28, 10.62it/s]
Epoch 21/50 [Train]:  35%|███▍      | 160/459 [00:14<00:25, 11.84it/s]
Epoch 21/50 [Train]:  35%|███▌      | 162/459 [00:15<00:26, 11.33it/s]
Epoch 21/50 [Train]:  36%|███▌      | 164/459 [00:15<00:27, 10.74it/s]
Epoch 21/50 [Train]:  36%|███▌      | 166/459 [00:15<00:25, 11.43it/s]
Epoch 21/50 [Train]:  37%|███▋      | 168/459 [00:15<00:25, 11.24it/s]
Epoch 21/50 [Train]:  37%|███▋      | 170/459 [00:15<00:24, 11.64it/s]
Epoch 21/50 [Train]:  37%|███▋      | 172/459 [00:15<00:25, 11.29it/s]
Epoch 21/50 [Train]:  38%|███▊      | 174/459 [00:16<00:25, 11.00it/s]
Epoch 21/50 [Train]:  38%|███▊      | 176/459 [00:16<00:26, 10.87it/s]
Epoch 21/50 [Train]:  39%|███▉      | 178/459 [00:16<00:25, 10.89it/s]
Epoch 21/50 [Train]:  39%|███▉      | 180/459 [00:16<00:26, 10.66it/s]
Epoch 21/50 [Train]:  40%|███▉      | 182/459 [00:16<00:25, 10.87it/s]
Epoch 21/50 [Train]:  40%|████      | 184/459 [00:17<00:24, 11.09it/s]
Epoch 21/50 [Train]:  41%|████      | 186/459 [00:17<00:25, 10.87it/s]
Epoch 21/50 [Train]:  41%|████      | 188/459 [00:17<00:26, 10.41it/s]
Epoch 21/50 [Train]:  41%|████▏     | 190/459 [00:17<00:26, 10.33it/s]
Epoch 21/50 [Train]:  42%|████▏     | 192/459 [00:17<00:25, 10.43it/s]
Epoch 21/50 [Train]:  42%|████▏     | 194/459 [00:17<00:25, 10.37it/s]
Epoch 21/50 [Train]:  43%|████▎     | 196/459 [00:18<00:24, 10.85it/s]
Epoch 21/50 [Train]:  43%|████▎     | 198/459 [00:18<00:24, 10.80it/s]
Epoch 21/50 [Train]:  44%|████▎     | 200/459 [00:18<00:24, 10.68it/s]
Epoch 21/50 [Train]:  44%|████▍     | 202/459 [00:18<00:23, 11.16it/s]
Epoch 21/50 [Train]:  44%|████▍     | 204/459 [00:18<00:23, 10.88it/s]
Epoch 21/50 [Train]:  45%|████▍     | 206/459 [00:19<00:23, 10.79it/s]
Epoch 21/50 [Train]:  45%|████▌     | 208/459 [00:19<00:22, 11.14it/s]
Epoch 21/50 [Train]:  46%|████▌     | 210/459 [00:19<00:21, 11.58it/s]
Epoch 21/50 [Train]:  46%|████▌     | 212/459 [00:19<00:21, 11.41it/s]
Epoch 21/50 [Train]:  47%|████▋     | 214/459 [00:19<00:21, 11.26it/s]
Epoch 21/50 [Train]:  47%|████▋     | 216/459 [00:19<00:21, 11.24it/s]
Epoch 21/50 [Train]:  47%|████▋     | 218/459 [00:20<00:22, 10.86it/s]
Epoch 21/50 [Train]:  48%|████▊     | 220/459 [00:20<00:22, 10.83it/s]
Epoch 21/50 [Train]:  48%|████▊     | 222/459 [00:20<00:22, 10.76it/s]
Epoch 21/50 [Train]:  49%|████▉     | 224/459 [00:20<00:21, 10.85it/s]
Epoch 21/50 [Train]:  49%|████▉     | 226/459 [00:20<00:21, 10.70it/s]
Epoch 21/50 [Train]:  50%|████▉     | 228/459 [00:21<00:21, 10.61it/s]
Epoch 21/50 [Train]:  50%|█████     | 230/459 [00:21<00:21, 10.51it/s]
Epoch 21/50 [Train]:  51%|█████     | 232/459 [00:21<00:20, 10.83it/s]
Epoch 21/50 [Train]:  51%|█████     | 234/459 [00:21<00:21, 10.53it/s]
Epoch 21/50 [Train]:  51%|█████▏    | 236/459 [00:21<00:21, 10.49it/s]
Epoch 21/50 [Train]:  52%|█████▏    | 238/459 [00:22<00:20, 10.66it/s]
Epoch 21/50 [Train]:  52%|█████▏    | 240/459 [00:22<00:20, 10.77it/s]
Epoch 21/50 [Train]:  53%|█████▎    | 242/459 [00:22<00:20, 10.56it/s]
Epoch 21/50 [Train]:  53%|█████▎    | 244/459 [00:22<00:20, 10.44it/s]
Epoch 21/50 [Train]:  54%|█████▎    | 246/459 [00:22<00:20, 10.50it/s]
Epoch 21/50 [Train]:  54%|█████▍    | 248/459 [00:22<00:20, 10.50it/s]
Epoch 21/50 [Train]:  54%|█████▍    | 250/459 [00:23<00:19, 10.78it/s]
Epoch 21/50 [Train]:  55%|█████▍    | 252/459 [00:23<00:18, 11.20it/s]
Epoch 21/50 [Train]:  55%|█████▌    | 254/459 [00:23<00:17, 12.00it/s]
Epoch 21/50 [Train]:  56%|█████▌    | 256/459 [00:23<00:17, 11.40it/s]
Epoch 21/50 [Train]:  56%|█████▌    | 258/459 [00:23<00:18, 11.11it/s]
Epoch 21/50 [Train]:  57%|█████▋    | 260/459 [00:24<00:18, 10.91it/s]
Epoch 21/50 [Train]:  57%|█████▋    | 262/459 [00:24<00:18, 10.62it/s]
Epoch 21/50 [Train]:  58%|█████▊    | 264/459 [00:24<00:17, 10.87it/s]
Epoch 21/50 [Train]:  58%|█████▊    | 266/459 [00:24<00:17, 10.76it/s]
Epoch 21/50 [Train]:  58%|█████▊    | 268/459 [00:24<00:17, 10.70it/s]
Epoch 21/50 [Train]:  59%|█████▉    | 270/459 [00:24<00:17, 10.62it/s]
Epoch 21/50 [Train]:  59%|█████▉    | 272/459 [00:25<00:17, 10.73it/s]
Epoch 21/50 [Train]:  60%|█████▉    | 274/459 [00:25<00:17, 10.46it/s]
Epoch 21/50 [Train]:  60%|██████    | 276/459 [00:25<00:16, 10.82it/s]
Epoch 21/50 [Train]:  61%|██████    | 278/459 [00:25<00:17, 10.62it/s]
Epoch 21/50 [Train]:  61%|██████    | 280/459 [00:25<00:16, 10.55it/s]
Epoch 21/50 [Train]:  61%|██████▏   | 282/459 [00:26<00:17, 10.41it/s]
Epoch 21/50 [Train]:  62%|██████▏   | 284/459 [00:26<00:16, 10.31it/s]
Epoch 21/50 [Train]:  62%|██████▏   | 286/459 [00:26<00:16, 10.47it/s]
Epoch 21/50 [Train]:  63%|██████▎   | 288/459 [00:26<00:16, 10.59it/s]
Epoch 21/50 [Train]:  63%|██████▎   | 290/459 [00:26<00:15, 10.62it/s]
Epoch 21/50 [Train]:  64%|██████▎   | 292/459 [00:27<00:16, 10.43it/s]
Epoch 21/50 [Train]:  64%|██████▍   | 294/459 [00:27<00:16,  9.97it/s]
Epoch 21/50 [Train]:  64%|██████▍   | 296/459 [00:27<00:16,  9.91it/s]
Epoch 21/50 [Train]:  65%|██████▍   | 298/459 [00:27<00:16,  9.99it/s]
Epoch 21/50 [Train]:  65%|██████▌   | 300/459 [00:27<00:14, 10.68it/s]
Epoch 21/50 [Train]:  66%|██████▌   | 302/459 [00:28<00:13, 11.24it/s]
Epoch 21/50 [Train]:  66%|██████▌   | 304/459 [00:28<00:13, 11.27it/s]
Epoch 21/50 [Train]:  67%|██████▋   | 306/459 [00:28<00:12, 12.43it/s]
Epoch 21/50 [Train]:  67%|██████▋   | 308/459 [00:28<00:13, 11.52it/s]
Epoch 21/50 [Train]:  68%|██████▊   | 310/459 [00:28<00:13, 11.32it/s]
Epoch 21/50 [Train]:  68%|██████▊   | 312/459 [00:28<00:13, 11.18it/s]
Epoch 21/50 [Train]:  68%|██████▊   | 314/459 [00:29<00:13, 11.02it/s]
Epoch 21/50 [Train]:  69%|██████▉   | 316/459 [00:29<00:13, 10.92it/s]
Epoch 21/50 [Train]:  69%|██████▉   | 318/459 [00:29<00:13, 10.76it/s]
Epoch 21/50 [Train]:  70%|██████▉   | 320/459 [00:29<00:13, 10.56it/s]
Epoch 21/50 [Train]:  70%|███████   | 322/459 [00:29<00:13, 10.37it/s]
Epoch 21/50 [Train]:  71%|███████   | 324/459 [00:30<00:13, 10.25it/s]
Epoch 21/50 [Train]:  71%|███████   | 326/459 [00:30<00:13,  9.97it/s]
Epoch 21/50 [Train]:  71%|███████▏  | 328/459 [00:30<00:12, 10.10it/s]
Epoch 21/50 [Train]:  72%|███████▏  | 330/459 [00:30<00:12, 10.47it/s]
Epoch 21/50 [Train]:  72%|███████▏  | 332/459 [00:30<00:11, 10.77it/s]
Epoch 21/50 [Train]:  73%|███████▎  | 334/459 [00:30<00:11, 10.63it/s]
Epoch 21/50 [Train]:  73%|███████▎  | 336/459 [00:31<00:11, 10.45it/s]
Epoch 21/50 [Train]:  74%|███████▎  | 338/459 [00:31<00:11, 10.39it/s]
Epoch 21/50 [Train]:  74%|███████▍  | 340/459 [00:31<00:11, 10.42it/s]
Epoch 21/50 [Train]:  75%|███████▍  | 342/459 [00:31<00:11, 10.58it/s]
Epoch 21/50 [Train]:  75%|███████▍  | 344/459 [00:31<00:10, 10.70it/s]
Epoch 21/50 [Train]:  75%|███████▌  | 346/459 [00:32<00:10, 10.65it/s]
Epoch 21/50 [Train]:  76%|███████▌  | 348/459 [00:32<00:10, 10.24it/s]
Epoch 21/50 [Train]:  76%|███████▋  | 350/459 [00:32<00:10, 10.34it/s]
Epoch 21/50 [Train]:  77%|███████▋  | 352/459 [00:32<00:10, 10.33it/s]
Epoch 21/50 [Train]:  77%|███████▋  | 354/459 [00:32<00:10, 10.31it/s]
Epoch 21/50 [Train]:  78%|███████▊  | 356/459 [00:33<00:09, 10.82it/s]
Epoch 21/50 [Train]:  78%|███████▊  | 358/459 [00:33<00:09, 10.71it/s]
Epoch 21/50 [Train]:  78%|███████▊  | 360/459 [00:33<00:09, 10.89it/s]
Epoch 21/50 [Train]:  79%|███████▉  | 362/459 [00:33<00:09, 10.53it/s]
Epoch 21/50 [Train]:  79%|███████▉  | 364/459 [00:33<00:08, 11.07it/s]
Epoch 21/50 [Train]:  80%|███████▉  | 366/459 [00:33<00:08, 11.40it/s]
Epoch 21/50 [Train]:  80%|████████  | 368/459 [00:34<00:08, 11.17it/s]
Epoch 21/50 [Train]:  81%|████████  | 370/459 [00:34<00:07, 11.56it/s]
Epoch 21/50 [Train]:  81%|████████  | 372/459 [00:34<00:07, 11.40it/s]
Epoch 21/50 [Train]:  81%|████████▏ | 374/459 [00:34<00:07, 10.87it/s]
Epoch 21/50 [Train]:  82%|████████▏ | 376/459 [00:34<00:07, 10.56it/s]
Epoch 21/50 [Train]:  82%|████████▏ | 378/459 [00:35<00:07, 10.64it/s]
Epoch 21/50 [Train]:  83%|████████▎ | 380/459 [00:35<00:07, 10.43it/s]
Epoch 21/50 [Train]:  83%|████████▎ | 382/459 [00:35<00:06, 11.13it/s]
Epoch 21/50 [Train]:  84%|████████▎ | 384/459 [00:35<00:06, 11.44it/s]
Epoch 21/50 [Train]:  84%|████████▍ | 386/459 [00:35<00:06, 11.87it/s]
Epoch 21/50 [Train]:  85%|████████▍ | 388/459 [00:35<00:06, 11.75it/s]
Epoch 21/50 [Train]:  85%|████████▍ | 390/459 [00:36<00:06, 11.15it/s]
Epoch 21/50 [Train]:  85%|████████▌ | 392/459 [00:36<00:06, 11.00it/s]
Epoch 21/50 [Train]:  86%|████████▌ | 394/459 [00:36<00:05, 11.37it/s]
Epoch 21/50 [Train]:  86%|████████▋ | 396/459 [00:36<00:05, 10.97it/s]
Epoch 21/50 [Train]:  87%|████████▋ | 398/459 [00:36<00:05, 10.90it/s]
Epoch 21/50 [Train]:  87%|████████▋ | 400/459 [00:37<00:05, 10.96it/s]
Epoch 21/50 [Train]:  88%|████████▊ | 402/459 [00:37<00:05, 10.82it/s]
Epoch 21/50 [Train]:  88%|████████▊ | 404/459 [00:37<00:04, 11.06it/s]
Epoch 21/50 [Train]:  88%|████████▊ | 406/459 [00:37<00:04, 10.73it/s]
Epoch 21/50 [Train]:  89%|████████▉ | 408/459 [00:37<00:04, 11.28it/s]
Epoch 21/50 [Train]:  89%|████████▉ | 410/459 [00:37<00:04, 11.14it/s]
Epoch 21/50 [Train]:  90%|████████▉ | 412/459 [00:38<00:04, 11.67it/s]
Epoch 21/50 [Train]:  90%|█████████ | 414/459 [00:38<00:04, 11.13it/s]
Epoch 21/50 [Train]:  91%|█████████ | 416/459 [00:38<00:03, 10.94it/s]
Epoch 21/50 [Train]:  91%|█████████ | 418/459 [00:38<00:04, 10.17it/s]
Epoch 21/50 [Train]:  92%|█████████▏| 420/459 [00:38<00:04,  9.28it/s]
Epoch 21/50 [Train]:  92%|█████████▏| 422/459 [00:39<00:03,  9.81it/s]
Epoch 21/50 [Train]:  92%|█████████▏| 424/459 [00:39<00:03, 10.05it/s]
Epoch 21/50 [Train]:  93%|█████████▎| 426/459 [00:39<00:03, 10.15it/s]
Epoch 21/50 [Train]:  93%|█████████▎| 428/459 [00:39<00:03, 10.33it/s]
Epoch 21/50 [Train]:  94%|█████████▎| 430/459 [00:39<00:02, 10.54it/s]
Epoch 21/50 [Train]:  94%|█████████▍| 432/459 [00:40<00:02, 10.51it/s]
Epoch 21/50 [Train]:  95%|█████████▍| 434/459 [00:40<00:02, 10.51it/s]
Epoch 21/50 [Train]:  95%|█████████▍| 436/459 [00:40<00:02, 10.57it/s]
Epoch 21/50 [Train]:  95%|█████████▌| 438/459 [00:40<00:01, 10.56it/s]
Epoch 21/50 [Train]:  96%|█████████▌| 440/459 [00:40<00:01, 10.49it/s]
Epoch 21/50 [Train]:  96%|█████████▋| 442/459 [00:41<00:01, 10.39it/s]
Epoch 21/50 [Train]:  97%|█████████▋| 444/459 [00:41<00:01, 10.34it/s]
Epoch 21/50 [Train]:  97%|█████████▋| 446/459 [00:41<00:01, 10.83it/s]
Epoch 21/50 [Train]:  98%|█████████▊| 448/459 [00:41<00:01, 10.75it/s]
Epoch 21/50 [Train]:  98%|█████████▊| 450/459 [00:41<00:00, 10.82it/s]
Epoch 21/50 [Train]:  98%|█████████▊| 452/459 [00:41<00:00, 11.09it/s]
Epoch 21/50 [Train]:  99%|█████████▉| 454/459 [00:42<00:00, 10.84it/s]
Epoch 21/50 [Train]:  99%|█████████▉| 456/459 [00:42<00:00, 10.87it/s]
Epoch 21/50 [Train]: 100%|█████████▉| 458/459 [00:42<00:00, 10.77it/s]
                                                                      

Epoch 21/50 [Val]:   0%|          | 0/113 [00:00<?, ?it/s]
Epoch 21/50 [Val]:   2%|▏         | 2/113 [00:00<00:11,  9.69it/s]
Epoch 21/50 [Val]:   3%|▎         | 3/113 [00:00<00:12,  9.01it/s]
Epoch 21/50 [Val]:   4%|▎         | 4/113 [00:00<00:12,  8.55it/s]
Epoch 21/50 [Val]:   4%|▍         | 5/113 [00:00<00:12,  8.58it/s]
Epoch 21/50 [Val]:   5%|▌         | 6/113 [00:00<00:13,  8.14it/s]
Epoch 21/50 [Val]:   6%|▌         | 7/113 [00:00<00:12,  8.24it/s]
Epoch 21/50 [Val]:   7%|▋         | 8/113 [00:00<00:12,  8.11it/s]
Epoch 21/50 [Val]:   8%|▊         | 9/113 [00:01<00:13,  7.73it/s]
Epoch 21/50 [Val]:   9%|▉         | 10/113 [00:01<00:12,  8.08it/s]
Epoch 21/50 [Val]:  10%|▉         | 11/113 [00:01<00:12,  8.06it/s]
Epoch 21/50 [Val]:  11%|█         | 12/113 [00:01<00:12,  8.19it/s]
Epoch 21/50 [Val]:  12%|█▏        | 13/113 [00:01<00:12,  7.82it/s]
Epoch 21/50 [Val]:  12%|█▏        | 14/113 [00:01<00:12,  7.86it/s]
Epoch 21/50 [Val]:  13%|█▎        | 15/113 [00:01<00:12,  7.83it/s]
Epoch 21/50 [Val]:  14%|█▍        | 16/113 [00:01<00:12,  7.66it/s]
Epoch 21/50 [Val]:  15%|█▌        | 17/113 [00:02<00:12,  7.50it/s]
Epoch 21/50 [Val]:  16%|█▌        | 18/113 [00:02<00:12,  7.52it/s]
Epoch 21/50 [Val]:  17%|█▋        | 19/113 [00:02<00:12,  7.36it/s]
Epoch 21/50 [Val]:  18%|█▊        | 20/113 [00:02<00:12,  7.29it/s]
Epoch 21/50 [Val]:  19%|█▊        | 21/113 [00:02<00:12,  7.33it/s]
Epoch 21/50 [Val]:  19%|█▉        | 22/113 [00:02<00:11,  7.72it/s]
Epoch 21/50 [Val]:  20%|██        | 23/113 [00:02<00:11,  7.67it/s]
Epoch 21/50 [Val]:  21%|██        | 24/113 [00:03<00:11,  7.43it/s]
Epoch 21/50 [Val]:  22%|██▏       | 25/113 [00:03<00:11,  7.52it/s]
Epoch 21/50 [Val]:  23%|██▎       | 26/113 [00:03<00:11,  7.67it/s]
Epoch 21/50 [Val]:  24%|██▍       | 27/113 [00:03<00:11,  7.69it/s]
Epoch 21/50 [Val]:  25%|██▍       | 28/113 [00:03<00:10,  7.80it/s]
Epoch 21/50 [Val]:  26%|██▌       | 29/113 [00:03<00:10,  7.95it/s]
Epoch 21/50 [Val]:  27%|██▋       | 31/113 [00:03<00:09,  8.94it/s]
Epoch 21/50 [Val]:  28%|██▊       | 32/113 [00:04<00:09,  8.58it/s]
Epoch 21/50 [Val]:  29%|██▉       | 33/113 [00:04<00:09,  8.51it/s]
Epoch 21/50 [Val]:  30%|███       | 34/113 [00:04<00:09,  8.40it/s]
Epoch 21/50 [Val]:  31%|███       | 35/113 [00:04<00:09,  8.30it/s]
Epoch 21/50 [Val]:  32%|███▏      | 36/113 [00:04<00:09,  8.28it/s]
Epoch 21/50 [Val]:  34%|███▎      | 38/113 [00:04<00:07,  9.41it/s]
Epoch 21/50 [Val]:  35%|███▍      | 39/113 [00:04<00:08,  9.01it/s]
Epoch 21/50 [Val]:  36%|███▋      | 41/113 [00:05<00:08,  8.79it/s]
Epoch 21/50 [Val]:  37%|███▋      | 42/113 [00:05<00:08,  8.66it/s]
Epoch 21/50 [Val]:  38%|███▊      | 43/113 [00:05<00:08,  8.51it/s]
Epoch 21/50 [Val]:  39%|███▉      | 44/113 [00:05<00:08,  8.37it/s]
Epoch 21/50 [Val]:  40%|███▉      | 45/113 [00:05<00:08,  8.03it/s]
Epoch 21/50 [Val]:  41%|████      | 46/113 [00:05<00:08,  7.91it/s]
Epoch 21/50 [Val]:  42%|████▏     | 47/113 [00:05<00:08,  7.98it/s]
Epoch 21/50 [Val]:  42%|████▏     | 48/113 [00:05<00:07,  8.16it/s]
Epoch 21/50 [Val]:  43%|████▎     | 49/113 [00:06<00:07,  8.07it/s]
Epoch 21/50 [Val]:  44%|████▍     | 50/113 [00:06<00:07,  8.17it/s]
Epoch 21/50 [Val]:  45%|████▌     | 51/113 [00:06<00:07,  8.39it/s]
Epoch 21/50 [Val]:  46%|████▌     | 52/113 [00:06<00:07,  8.39it/s]
Epoch 21/50 [Val]:  47%|████▋     | 53/113 [00:06<00:07,  8.48it/s]
Epoch 21/50 [Val]:  48%|████▊     | 54/113 [00:06<00:07,  8.39it/s]
Epoch 21/50 [Val]:  49%|████▊     | 55/113 [00:06<00:06,  8.35it/s]
Epoch 21/50 [Val]:  50%|████▉     | 56/113 [00:06<00:06,  8.34it/s]
Epoch 21/50 [Val]:  50%|█████     | 57/113 [00:07<00:07,  7.89it/s]
Epoch 21/50 [Val]:  51%|█████▏    | 58/113 [00:07<00:07,  7.64it/s]
Epoch 21/50 [Val]:  53%|█████▎    | 60/113 [00:07<00:05,  9.18it/s]
Epoch 21/50 [Val]:  54%|█████▍    | 61/113 [00:07<00:06,  8.61it/s]
Epoch 21/50 [Val]:  55%|█████▍    | 62/113 [00:07<00:06,  8.41it/s]
Epoch 21/50 [Val]:  56%|█████▌    | 63/113 [00:07<00:06,  8.28it/s]
Epoch 21/50 [Val]:  57%|█████▋    | 64/113 [00:07<00:05,  8.60it/s]
Epoch 21/50 [Val]:  58%|█████▊    | 65/113 [00:07<00:05,  8.42it/s]
Epoch 21/50 [Val]:  58%|█████▊    | 66/113 [00:08<00:05,  8.12it/s]
Epoch 21/50 [Val]:  59%|█████▉    | 67/113 [00:08<00:05,  7.94it/s]
Epoch 21/50 [Val]:  60%|██████    | 68/113 [00:08<00:05,  7.96it/s]
Epoch 21/50 [Val]:  61%|██████    | 69/113 [00:08<00:05,  8.09it/s]
Epoch 21/50 [Val]:  62%|██████▏   | 70/113 [00:08<00:05,  8.21it/s]
Epoch 21/50 [Val]:  64%|██████▎   | 72/113 [00:08<00:04,  9.03it/s]
Epoch 21/50 [Val]:  65%|██████▌   | 74/113 [00:08<00:03,  9.78it/s]
Epoch 21/50 [Val]:  66%|██████▋   | 75/113 [00:09<00:03,  9.73it/s]
Epoch 21/50 [Val]:  67%|██████▋   | 76/113 [00:09<00:04,  9.19it/s]
Epoch 21/50 [Val]:  68%|██████▊   | 77/113 [00:09<00:04,  8.76it/s]
Epoch 21/50 [Val]:  69%|██████▉   | 78/113 [00:09<00:04,  8.50it/s]
Epoch 21/50 [Val]:  70%|██████▉   | 79/113 [00:09<00:04,  8.50it/s]
Epoch 21/50 [Val]:  71%|███████   | 80/113 [00:09<00:04,  8.18it/s]
Epoch 21/50 [Val]:  72%|███████▏  | 81/113 [00:09<00:03,  8.00it/s]
Epoch 21/50 [Val]:  73%|███████▎  | 82/113 [00:09<00:03,  8.08it/s]
Epoch 21/50 [Val]:  73%|███████▎  | 83/113 [00:10<00:03,  8.21it/s]
Epoch 21/50 [Val]:  75%|███████▌  | 85/113 [00:10<00:03,  9.03it/s]
Epoch 21/50 [Val]:  76%|███████▌  | 86/113 [00:10<00:03,  8.83it/s]
Epoch 21/50 [Val]:  77%|███████▋  | 87/113 [00:10<00:03,  8.62it/s]
Epoch 21/50 [Val]:  78%|███████▊  | 88/113 [00:10<00:02,  8.69it/s]
Epoch 21/50 [Val]:  79%|███████▉  | 89/113 [00:10<00:02,  8.67it/s]
Epoch 21/50 [Val]:  80%|███████▉  | 90/113 [00:10<00:02,  8.86it/s]
Epoch 21/50 [Val]:  81%|████████▏ | 92/113 [00:10<00:01, 11.35it/s]
Epoch 21/50 [Val]:  83%|████████▎ | 94/113 [00:11<00:01, 10.44it/s]
Epoch 21/50 [Val]:  85%|████████▍ | 96/113 [00:11<00:01, 11.18it/s]
Epoch 21/50 [Val]:  87%|████████▋ | 98/113 [00:11<00:01,  9.95it/s]
Epoch 21/50 [Val]:  88%|████████▊ | 100/113 [00:11<00:01,  9.19it/s]
Epoch 21/50 [Val]:  89%|████████▉ | 101/113 [00:11<00:01,  8.76it/s]
Epoch 21/50 [Val]:  90%|█████████ | 102/113 [00:12<00:01,  8.57it/s]
Epoch 21/50 [Val]:  91%|█████████ | 103/113 [00:12<00:01,  8.42it/s]
Epoch 21/50 [Val]:  92%|█████████▏| 104/113 [00:12<00:01,  8.64it/s]
Epoch 21/50 [Val]:  93%|█████████▎| 105/113 [00:12<00:00,  8.44it/s]
Epoch 21/50 [Val]:  94%|█████████▍| 106/113 [00:12<00:00,  8.28it/s]
Epoch 21/50 [Val]:  96%|█████████▌| 108/113 [00:12<00:00,  9.80it/s]
Epoch 21/50 [Val]:  96%|█████████▋| 109/113 [00:12<00:00,  9.63it/s]
Epoch 21/50 [Val]:  97%|█████████▋| 110/113 [00:12<00:00,  9.10it/s]
Epoch 21/50 [Val]:  98%|█████████▊| 111/113 [00:13<00:00,  8.90it/s]
Epoch 21/50 [Val]:  99%|█████████▉| 112/113 [00:13<00:00,  8.77it/s]
                                                                    

Epoch 22/50 [Train]:   0%|          | 0/459 [00:00<?, ?it/s]
Epoch 22/50 [Train]:   0%|          | 2/459 [00:00<00:43, 10.53it/s]
Epoch 22/50 [Train]:   1%|          | 4/459 [00:00<00:39, 11.42it/s]
Epoch 22/50 [Train]:   1%|▏         | 6/459 [00:00<00:41, 10.82it/s]
Epoch 22/50 [Train]:   2%|▏         | 8/459 [00:00<00:41, 10.89it/s]
Epoch 22/50 [Train]:   2%|▏         | 10/459 [00:00<00:41, 10.94it/s]
Epoch 22/50 [Train]:   3%|▎         | 12/459 [00:01<00:41, 10.72it/s]
Epoch 22/50 [Train]:   3%|▎         | 14/459 [00:01<00:41, 10.62it/s]
Epoch 22/50 [Train]:   3%|▎         | 16/459 [00:01<00:42, 10.51it/s]
Epoch 22/50 [Train]:   4%|▍         | 18/459 [00:01<00:41, 10.51it/s]
Epoch 22/50 [Train]:   4%|▍         | 20/459 [00:01<00:41, 10.59it/s]
Epoch 22/50 [Train]:   5%|▍         | 22/459 [00:02<00:40, 10.78it/s]
Epoch 22/50 [Train]:   5%|▌         | 24/459 [00:02<00:41, 10.57it/s]
Epoch 22/50 [Train]:   6%|▌         | 26/459 [00:02<00:40, 10.62it/s]
Epoch 22/50 [Train]:   6%|▌         | 28/459 [00:02<00:40, 10.73it/s]
Epoch 22/50 [Train]:   7%|▋         | 30/459 [00:02<00:39, 10.79it/s]
Epoch 22/50 [Train]:   7%|▋         | 32/459 [00:02<00:39, 10.73it/s]
Epoch 22/50 [Train]:   7%|▋         | 34/459 [00:03<00:39, 10.72it/s]
Epoch 22/50 [Train]:   8%|▊         | 36/459 [00:03<00:41, 10.16it/s]
Epoch 22/50 [Train]:   8%|▊         | 38/459 [00:03<00:41, 10.11it/s]
Epoch 22/50 [Train]:   9%|▊         | 40/459 [00:03<00:40, 10.36it/s]
Epoch 22/50 [Train]:   9%|▉         | 42/459 [00:03<00:39, 10.45it/s]
Epoch 22/50 [Train]:  10%|▉         | 44/459 [00:04<00:39, 10.42it/s]
Epoch 22/50 [Train]:  10%|█         | 46/459 [00:04<00:37, 11.00it/s]
Epoch 22/50 [Train]:  10%|█         | 48/459 [00:04<00:37, 10.87it/s]
Epoch 22/50 [Train]:  11%|█         | 50/459 [00:04<00:38, 10.61it/s]
Epoch 22/50 [Train]:  11%|█▏        | 52/459 [00:04<00:36, 11.21it/s]
Epoch 22/50 [Train]:  12%|█▏        | 54/459 [00:05<00:34, 11.74it/s]
Epoch 22/50 [Train]:  12%|█▏        | 56/459 [00:05<00:34, 11.52it/s]
Epoch 22/50 [Train]:  13%|█▎        | 58/459 [00:05<00:36, 11.11it/s]
Epoch 22/50 [Train]:  13%|█▎        | 60/459 [00:05<00:34, 11.59it/s]
Epoch 22/50 [Train]:  14%|█▎        | 62/459 [00:05<00:34, 11.40it/s]
Epoch 22/50 [Train]:  14%|█▍        | 64/459 [00:05<00:36, 10.94it/s]
Epoch 22/50 [Train]:  14%|█▍        | 66/459 [00:06<00:36, 10.73it/s]
Epoch 22/50 [Train]:  15%|█▍        | 68/459 [00:06<00:36, 10.68it/s]
Epoch 22/50 [Train]:  15%|█▌        | 70/459 [00:06<00:34, 11.20it/s]
Epoch 22/50 [Train]:  16%|█▌        | 72/459 [00:06<00:35, 10.80it/s]
Epoch 22/50 [Train]:  16%|█▌        | 74/459 [00:06<00:35, 10.80it/s]
Epoch 22/50 [Train]:  17%|█▋        | 76/459 [00:07<00:33, 11.31it/s]
Epoch 22/50 [Train]:  17%|█▋        | 78/459 [00:07<00:34, 11.07it/s]
Epoch 22/50 [Train]:  17%|█▋        | 80/459 [00:07<00:34, 11.00it/s]
Epoch 22/50 [Train]:  18%|█▊        | 82/459 [00:07<00:34, 11.04it/s]
Epoch 22/50 [Train]:  18%|█▊        | 84/459 [00:07<00:34, 10.76it/s]
Epoch 22/50 [Train]:  19%|█▊        | 86/459 [00:07<00:32, 11.50it/s]
Epoch 22/50 [Train]:  19%|█▉        | 88/459 [00:08<00:32, 11.31it/s]
Epoch 22/50 [Train]:  20%|█▉        | 90/459 [00:08<00:34, 10.82it/s]
Epoch 22/50 [Train]:  20%|██        | 92/459 [00:08<00:34, 10.54it/s]
Epoch 22/50 [Train]:  20%|██        | 94/459 [00:08<00:34, 10.63it/s]
Epoch 22/50 [Train]:  21%|██        | 96/459 [00:08<00:34, 10.65it/s]
Epoch 22/50 [Train]:  21%|██▏       | 98/459 [00:09<00:33, 10.68it/s]
Epoch 22/50 [Train]:  22%|██▏       | 100/459 [00:09<00:33, 10.72it/s]
Epoch 22/50 [Train]:  22%|██▏       | 102/459 [00:09<00:32, 10.89it/s]
Epoch 22/50 [Train]:  23%|██▎       | 104/459 [00:09<00:32, 10.83it/s]
Epoch 22/50 [Train]:  23%|██▎       | 106/459 [00:09<00:34, 10.11it/s]
Epoch 22/50 [Train]:  24%|██▎       | 108/459 [00:10<00:34, 10.25it/s]
Epoch 22/50 [Train]:  24%|██▍       | 110/459 [00:10<00:33, 10.32it/s]
Epoch 22/50 [Train]:  24%|██▍       | 112/459 [00:10<00:33, 10.47it/s]
Epoch 22/50 [Train]:  25%|██▍       | 114/459 [00:10<00:33, 10.45it/s]
Epoch 22/50 [Train]:  25%|██▌       | 116/459 [00:10<00:33, 10.31it/s]
Epoch 22/50 [Train]:  26%|██▌       | 118/459 [00:10<00:33, 10.15it/s]
Epoch 22/50 [Train]:  26%|██▌       | 120/459 [00:11<00:33, 10.11it/s]
Epoch 22/50 [Train]:  27%|██▋       | 122/459 [00:11<00:33, 10.07it/s]
Epoch 22/50 [Train]:  27%|██▋       | 124/459 [00:11<00:32, 10.24it/s]
Epoch 22/50 [Train]:  27%|██▋       | 126/459 [00:11<00:32, 10.17it/s]
Epoch 22/50 [Train]:  28%|██▊       | 128/459 [00:11<00:30, 10.82it/s]
Epoch 22/50 [Train]:  28%|██▊       | 130/459 [00:12<00:30, 10.78it/s]
Epoch 22/50 [Train]:  29%|██▉       | 132/459 [00:12<00:29, 11.07it/s]
Epoch 22/50 [Train]:  29%|██▉       | 134/459 [00:12<00:29, 11.11it/s]
Epoch 22/50 [Train]:  30%|██▉       | 136/459 [00:12<00:30, 10.73it/s]
Epoch 22/50 [Train]:  30%|███       | 138/459 [00:12<00:28, 11.32it/s]
Epoch 22/50 [Train]:  31%|███       | 140/459 [00:13<00:28, 11.16it/s]
Epoch 22/50 [Train]:  31%|███       | 142/459 [00:13<00:29, 10.89it/s]
Epoch 22/50 [Train]:  31%|███▏      | 144/459 [00:13<00:28, 10.99it/s]
Epoch 22/50 [Train]:  32%|███▏      | 146/459 [00:13<00:28, 11.10it/s]
Epoch 22/50 [Train]:  32%|███▏      | 148/459 [00:13<00:27, 11.29it/s]
Epoch 22/50 [Train]:  33%|███▎      | 150/459 [00:13<00:27, 11.06it/s]
Epoch 22/50 [Train]:  33%|███▎      | 152/459 [00:14<00:27, 10.96it/s]
Epoch 22/50 [Train]:  34%|███▎      | 154/459 [00:14<00:28, 10.85it/s]
Epoch 22/50 [Train]:  34%|███▍      | 156/459 [00:14<00:28, 10.75it/s]
Epoch 22/50 [Train]:  34%|███▍      | 158/459 [00:14<00:27, 10.94it/s]
Epoch 22/50 [Train]:  35%|███▍      | 160/459 [00:14<00:27, 10.79it/s]
Epoch 22/50 [Train]:  35%|███▌      | 162/459 [00:15<00:29, 10.19it/s]
Epoch 22/50 [Train]:  36%|███▌      | 164/459 [00:15<00:28, 10.39it/s]
Epoch 22/50 [Train]:  36%|███▌      | 166/459 [00:15<00:28, 10.39it/s]
Epoch 22/50 [Train]:  37%|███▋      | 168/459 [00:15<00:26, 10.79it/s]
Epoch 22/50 [Train]:  37%|███▋      | 170/459 [00:15<00:27, 10.64it/s]
Epoch 22/50 [Train]:  37%|███▋      | 172/459 [00:16<00:27, 10.49it/s]
Epoch 22/50 [Train]:  38%|███▊      | 174/459 [00:16<00:25, 10.97it/s]
Epoch 22/50 [Train]:  38%|███▊      | 176/459 [00:16<00:26, 10.88it/s]
Epoch 22/50 [Train]:  39%|███▉      | 178/459 [00:16<00:26, 10.46it/s]
Epoch 22/50 [Train]:  39%|███▉      | 180/459 [00:16<00:26, 10.50it/s]
Epoch 22/50 [Train]:  40%|███▉      | 182/459 [00:16<00:26, 10.50it/s]
Epoch 22/50 [Train]:  40%|████      | 184/459 [00:17<00:25, 10.73it/s]
Epoch 22/50 [Train]:  41%|████      | 186/459 [00:17<00:25, 10.73it/s]
Epoch 22/50 [Train]:  41%|████      | 188/459 [00:17<00:25, 10.68it/s]
Epoch 22/50 [Train]:  41%|████▏     | 190/459 [00:17<00:25, 10.68it/s]
Epoch 22/50 [Train]:  42%|████▏     | 192/459 [00:17<00:24, 11.06it/s]
Epoch 22/50 [Train]:  42%|████▏     | 194/459 [00:18<00:24, 10.94it/s]
Epoch 22/50 [Train]:  43%|████▎     | 196/459 [00:18<00:24, 10.74it/s]
Epoch 22/50 [Train]:  43%|████▎     | 198/459 [00:18<00:22, 11.40it/s]
Epoch 22/50 [Train]:  44%|████▎     | 200/459 [00:18<00:23, 10.98it/s]
Epoch 22/50 [Train]:  44%|████▍     | 202/459 [00:18<00:23, 10.80it/s]
Epoch 22/50 [Train]:  44%|████▍     | 204/459 [00:18<00:22, 11.39it/s]
Epoch 22/50 [Train]:  45%|████▍     | 206/459 [00:19<00:22, 11.24it/s]
Epoch 22/50 [Train]:  45%|████▌     | 208/459 [00:19<00:22, 11.00it/s]
Epoch 22/50 [Train]:  46%|████▌     | 210/459 [00:19<00:22, 10.90it/s]
Epoch 22/50 [Train]:  46%|████▌     | 212/459 [00:19<00:22, 10.78it/s]
Epoch 22/50 [Train]:  47%|████▋     | 214/459 [00:19<00:22, 10.97it/s]
Epoch 22/50 [Train]:  47%|████▋     | 216/459 [00:20<00:22, 10.94it/s]
Epoch 22/50 [Train]:  47%|████▋     | 218/459 [00:20<00:21, 10.99it/s]
Epoch 22/50 [Train]:  48%|████▊     | 220/459 [00:20<00:21, 10.91it/s]
Epoch 22/50 [Train]:  48%|████▊     | 222/459 [00:20<00:21, 10.79it/s]
Epoch 22/50 [Train]:  49%|████▉     | 224/459 [00:20<00:22, 10.53it/s]
Epoch 22/50 [Train]:  49%|████▉     | 226/459 [00:21<00:22, 10.25it/s]
Epoch 22/50 [Train]:  50%|████▉     | 228/459 [00:21<00:21, 10.96it/s]
Epoch 22/50 [Train]:  50%|█████     | 230/459 [00:21<00:20, 11.24it/s]
Epoch 22/50 [Train]:  51%|█████     | 232/459 [00:21<00:19, 11.72it/s]
Epoch 22/50 [Train]:  51%|█████     | 234/459 [00:21<00:20, 11.10it/s]
Epoch 22/50 [Train]:  51%|█████▏    | 236/459 [00:21<00:20, 11.01it/s]
Epoch 22/50 [Train]:  52%|█████▏    | 238/459 [00:22<00:20, 10.85it/s]
Epoch 22/50 [Train]:  52%|█████▏    | 240/459 [00:22<00:20, 10.87it/s]
Epoch 22/50 [Train]:  53%|█████▎    | 242/459 [00:22<00:19, 10.85it/s]
Epoch 22/50 [Train]:  53%|█████▎    | 244/459 [00:22<00:18, 11.40it/s]
Epoch 22/50 [Train]:  54%|█████▎    | 246/459 [00:22<00:19, 11.17it/s]
Epoch 22/50 [Train]:  54%|█████▍    | 248/459 [00:22<00:18, 11.54it/s]
Epoch 22/50 [Train]:  54%|█████▍    | 250/459 [00:23<00:18, 11.10it/s]
Epoch 22/50 [Train]:  55%|█████▍    | 252/459 [00:23<00:17, 11.55it/s]
Epoch 22/50 [Train]:  55%|█████▌    | 254/459 [00:23<00:18, 11.23it/s]
Epoch 22/50 [Train]:  56%|█████▌    | 256/459 [00:23<00:18, 11.06it/s]
Epoch 22/50 [Train]:  56%|█████▌    | 258/459 [00:23<00:17, 11.53it/s]
Epoch 22/50 [Train]:  57%|█████▋    | 260/459 [00:23<00:17, 11.30it/s]
Epoch 22/50 [Train]:  57%|█████▋    | 262/459 [00:24<00:18, 10.91it/s]
Epoch 22/50 [Train]:  58%|█████▊    | 264/459 [00:24<00:18, 10.73it/s]
Epoch 22/50 [Train]:  58%|█████▊    | 266/459 [00:24<00:17, 10.93it/s]
Epoch 22/50 [Train]:  58%|█████▊    | 268/459 [00:24<00:17, 10.73it/s]
Epoch 22/50 [Train]:  59%|█████▉    | 270/459 [00:24<00:17, 10.67it/s]
Epoch 22/50 [Train]:  59%|█████▉    | 272/459 [00:25<00:17, 10.62it/s]
Epoch 22/50 [Train]:  60%|█████▉    | 274/459 [00:25<00:17, 10.61it/s]
Epoch 22/50 [Train]:  60%|██████    | 276/459 [00:25<00:17, 10.73it/s]
Epoch 22/50 [Train]:  61%|██████    | 278/459 [00:25<00:16, 10.78it/s]
Epoch 22/50 [Train]:  61%|██████    | 280/459 [00:25<00:16, 10.82it/s]
Epoch 22/50 [Train]:  61%|██████▏   | 282/459 [00:26<00:16, 10.85it/s]
Epoch 22/50 [Train]:  62%|██████▏   | 284/459 [00:26<00:16, 10.56it/s]
Epoch 22/50 [Train]:  62%|██████▏   | 286/459 [00:26<00:16, 10.74it/s]
Epoch 22/50 [Train]:  63%|██████▎   | 288/459 [00:26<00:15, 11.31it/s]
Epoch 22/50 [Train]:  63%|██████▎   | 290/459 [00:26<00:15, 11.03it/s]
Epoch 22/50 [Train]:  64%|██████▎   | 292/459 [00:26<00:14, 11.42it/s]
Epoch 22/50 [Train]:  64%|██████▍   | 294/459 [00:27<00:14, 11.10it/s]
Epoch 22/50 [Train]:  64%|██████▍   | 296/459 [00:27<00:13, 11.65it/s]
Epoch 22/50 [Train]:  65%|██████▍   | 298/459 [00:27<00:14, 11.25it/s]
Epoch 22/50 [Train]:  65%|██████▌   | 300/459 [00:27<00:14, 11.11it/s]
Epoch 22/50 [Train]:  66%|██████▌   | 302/459 [00:27<00:14, 10.78it/s]
Epoch 22/50 [Train]:  66%|██████▌   | 304/459 [00:28<00:14, 10.61it/s]
Epoch 22/50 [Train]:  67%|██████▋   | 306/459 [00:28<00:14, 10.70it/s]
Epoch 22/50 [Train]:  67%|██████▋   | 308/459 [00:28<00:13, 11.33it/s]
Epoch 22/50 [Train]:  68%|██████▊   | 310/459 [00:28<00:14, 10.60it/s]
Epoch 22/50 [Train]:  68%|██████▊   | 312/459 [00:28<00:14, 10.47it/s]
Epoch 22/50 [Train]:  68%|██████▊   | 314/459 [00:28<00:13, 10.64it/s]
Epoch 22/50 [Train]:  69%|██████▉   | 316/459 [00:29<00:13, 10.64it/s]
Epoch 22/50 [Train]:  69%|██████▉   | 318/459 [00:29<00:13, 10.47it/s]
Epoch 22/50 [Train]:  70%|██████▉   | 320/459 [00:29<00:12, 10.74it/s]
Epoch 22/50 [Train]:  70%|███████   | 322/459 [00:29<00:12, 10.67it/s]
Epoch 22/50 [Train]:  71%|███████   | 324/459 [00:29<00:12, 10.70it/s]
Epoch 22/50 [Train]:  71%|███████   | 326/459 [00:30<00:11, 11.09it/s]
Epoch 22/50 [Train]:  71%|███████▏  | 328/459 [00:30<00:11, 11.44it/s]
Epoch 22/50 [Train]:  72%|███████▏  | 330/459 [00:30<00:11, 11.08it/s]
Epoch 22/50 [Train]:  72%|███████▏  | 332/459 [00:30<00:10, 11.57it/s]
Epoch 22/50 [Train]:  73%|███████▎  | 334/459 [00:30<00:10, 11.72it/s]
Epoch 22/50 [Train]:  73%|███████▎  | 336/459 [00:30<00:10, 11.53it/s]
Epoch 22/50 [Train]:  74%|███████▎  | 338/459 [00:31<00:10, 11.33it/s]
Epoch 22/50 [Train]:  74%|███████▍  | 340/459 [00:31<00:11, 10.73it/s]
Epoch 22/50 [Train]:  75%|███████▍  | 342/459 [00:31<00:10, 10.65it/s]
Epoch 22/50 [Train]:  75%|███████▍  | 344/459 [00:31<00:11,  9.88it/s]
Epoch 22/50 [Train]:  75%|███████▌  | 346/459 [00:31<00:11,  9.92it/s]
Epoch 22/50 [Train]:  76%|███████▌  | 348/459 [00:32<00:11, 10.08it/s]
Epoch 22/50 [Train]:  76%|███████▋  | 350/459 [00:32<00:10, 10.14it/s]
Epoch 22/50 [Train]:  77%|███████▋  | 352/459 [00:32<00:10, 10.15it/s]
Epoch 22/50 [Train]:  77%|███████▋  | 354/459 [00:32<00:10, 10.23it/s]
Epoch 22/50 [Train]:  78%|███████▊  | 356/459 [00:32<00:10, 10.08it/s]
Epoch 22/50 [Train]:  78%|███████▊  | 358/459 [00:33<00:10, 10.06it/s]
Epoch 22/50 [Train]:  78%|███████▊  | 360/459 [00:33<00:09, 10.06it/s]
Epoch 22/50 [Train]:  79%|███████▉  | 362/459 [00:33<00:09, 10.09it/s]
Epoch 22/50 [Train]:  79%|███████▉  | 364/459 [00:33<00:09, 10.26it/s]
Epoch 22/50 [Train]:  80%|███████▉  | 366/459 [00:33<00:08, 10.34it/s]
Epoch 22/50 [Train]:  80%|████████  | 368/459 [00:34<00:08, 10.37it/s]
Epoch 22/50 [Train]:  81%|████████  | 370/459 [00:34<00:08, 10.39it/s]
Epoch 22/50 [Train]:  81%|████████  | 372/459 [00:34<00:07, 10.92it/s]
Epoch 22/50 [Train]:  81%|████████▏ | 374/459 [00:34<00:07, 10.98it/s]
Epoch 22/50 [Train]:  82%|████████▏ | 376/459 [00:34<00:07, 10.65it/s]
Epoch 22/50 [Train]:  82%|████████▏ | 378/459 [00:35<00:07, 10.74it/s]
Epoch 22/50 [Train]:  83%|████████▎ | 380/459 [00:35<00:07, 10.41it/s]
Epoch 22/50 [Train]:  83%|████████▎ | 382/459 [00:35<00:07, 10.04it/s]
Epoch 22/50 [Train]:  84%|████████▎ | 384/459 [00:35<00:07, 10.12it/s]
Epoch 22/50 [Train]:  84%|████████▍ | 386/459 [00:35<00:07, 10.21it/s]
Epoch 22/50 [Train]:  85%|████████▍ | 388/459 [00:36<00:06, 10.69it/s]
Epoch 22/50 [Train]:  85%|████████▍ | 390/459 [00:36<00:06, 10.58it/s]
Epoch 22/50 [Train]:  85%|████████▌ | 392/459 [00:36<00:06, 11.05it/s]
Epoch 22/50 [Train]:  86%|████████▌ | 394/459 [00:36<00:06, 10.53it/s]
Epoch 22/50 [Train]:  86%|████████▋ | 396/459 [00:36<00:05, 10.59it/s]
Epoch 22/50 [Train]:  87%|████████▋ | 398/459 [00:36<00:05, 11.07it/s]
Epoch 22/50 [Train]:  87%|████████▋ | 400/459 [00:37<00:05, 11.50it/s]
Epoch 22/50 [Train]:  88%|████████▊ | 402/459 [00:37<00:04, 11.61it/s]
Epoch 22/50 [Train]:  88%|████████▊ | 404/459 [00:37<00:04, 11.69it/s]
Epoch 22/50 [Train]:  88%|████████▊ | 406/459 [00:37<00:04, 11.53it/s]
Epoch 22/50 [Train]:  89%|████████▉ | 408/459 [00:37<00:04, 11.28it/s]
Epoch 22/50 [Train]:  89%|████████▉ | 410/459 [00:37<00:04, 11.03it/s]
Epoch 22/50 [Train]:  90%|████████▉ | 412/459 [00:38<00:04, 11.45it/s]
Epoch 22/50 [Train]:  90%|█████████ | 414/459 [00:38<00:04, 11.22it/s]
Epoch 22/50 [Train]:  91%|█████████ | 416/459 [00:38<00:04, 10.66it/s]
Epoch 22/50 [Train]:  91%|█████████ | 418/459 [00:38<00:03, 10.99it/s]
Epoch 22/50 [Train]:  92%|█████████▏| 420/459 [00:38<00:03, 10.60it/s]
Epoch 22/50 [Train]:  92%|█████████▏| 422/459 [00:39<00:03, 10.56it/s]
Epoch 22/50 [Train]:  92%|█████████▏| 424/459 [00:39<00:03, 10.62it/s]
Epoch 22/50 [Train]:  93%|█████████▎| 426/459 [00:39<00:03, 10.31it/s]
Epoch 22/50 [Train]:  93%|█████████▎| 428/459 [00:39<00:03, 10.31it/s]
Epoch 22/50 [Train]:  94%|█████████▎| 430/459 [00:39<00:02, 11.09it/s]
Epoch 22/50 [Train]:  94%|█████████▍| 432/459 [00:40<00:02, 11.00it/s]
Epoch 22/50 [Train]:  95%|█████████▍| 434/459 [00:40<00:02, 10.99it/s]
Epoch 22/50 [Train]:  95%|█████████▍| 436/459 [00:40<00:02, 11.35it/s]
Epoch 22/50 [Train]:  95%|█████████▌| 438/459 [00:40<00:01, 11.17it/s]
Epoch 22/50 [Train]:  96%|█████████▌| 440/459 [00:40<00:01, 11.17it/s]
Epoch 22/50 [Train]:  96%|█████████▋| 442/459 [00:40<00:01, 11.28it/s]
Epoch 22/50 [Train]:  97%|█████████▋| 444/459 [00:41<00:01, 11.74it/s]
Epoch 22/50 [Train]:  97%|█████████▋| 446/459 [00:41<00:01, 11.58it/s]
Epoch 22/50 [Train]:  98%|█████████▊| 448/459 [00:41<00:00, 11.18it/s]
Epoch 22/50 [Train]:  98%|█████████▊| 450/459 [00:41<00:00, 11.05it/s]
Epoch 22/50 [Train]:  98%|█████████▊| 452/459 [00:41<00:00, 11.34it/s]
Epoch 22/50 [Train]:  99%|█████████▉| 454/459 [00:41<00:00, 10.87it/s]
Epoch 22/50 [Train]:  99%|█████████▉| 456/459 [00:42<00:00, 10.93it/s]
Epoch 22/50 [Train]: 100%|█████████▉| 458/459 [00:42<00:00, 10.74it/s]
                                                                      

Epoch 22/50 [Val]:   0%|          | 0/113 [00:00<?, ?it/s]
Epoch 22/50 [Val]:   1%|          | 1/113 [00:00<00:14,  7.72it/s]
Epoch 22/50 [Val]:   2%|▏         | 2/113 [00:00<00:13,  8.03it/s]
Epoch 22/50 [Val]:   3%|▎         | 3/113 [00:00<00:13,  8.06it/s]
Epoch 22/50 [Val]:   4%|▎         | 4/113 [00:00<00:14,  7.47it/s]
Epoch 22/50 [Val]:   4%|▍         | 5/113 [00:00<00:14,  7.63it/s]
Epoch 22/50 [Val]:   5%|▌         | 6/113 [00:00<00:13,  7.79it/s]
Epoch 22/50 [Val]:   6%|▌         | 7/113 [00:00<00:13,  7.76it/s]
Epoch 22/50 [Val]:   7%|▋         | 8/113 [00:01<00:13,  7.65it/s]
Epoch 22/50 [Val]:   8%|▊         | 9/113 [00:01<00:12,  8.20it/s]
Epoch 22/50 [Val]:   9%|▉         | 10/113 [00:01<00:12,  8.05it/s]
Epoch 22/50 [Val]:  10%|▉         | 11/113 [00:01<00:12,  8.14it/s]
Epoch 22/50 [Val]:  11%|█         | 12/113 [00:01<00:12,  8.26it/s]
Epoch 22/50 [Val]:  12%|█▏        | 13/113 [00:01<00:12,  7.98it/s]
Epoch 22/50 [Val]:  12%|█▏        | 14/113 [00:01<00:12,  8.21it/s]
Epoch 22/50 [Val]:  13%|█▎        | 15/113 [00:01<00:12,  7.95it/s]
Epoch 22/50 [Val]:  14%|█▍        | 16/113 [00:02<00:12,  7.91it/s]
Epoch 22/50 [Val]:  15%|█▌        | 17/113 [00:02<00:12,  7.99it/s]
Epoch 22/50 [Val]:  16%|█▌        | 18/113 [00:02<00:11,  8.13it/s]
Epoch 22/50 [Val]:  17%|█▋        | 19/113 [00:02<00:11,  8.04it/s]
Epoch 22/50 [Val]:  18%|█▊        | 20/113 [00:02<00:12,  7.73it/s]
Epoch 22/50 [Val]:  19%|█▊        | 21/113 [00:02<00:11,  7.70it/s]
Epoch 22/50 [Val]:  19%|█▉        | 22/113 [00:02<00:12,  7.20it/s]
Epoch 22/50 [Val]:  20%|██        | 23/113 [00:02<00:12,  7.24it/s]
Epoch 22/50 [Val]:  21%|██        | 24/113 [00:03<00:12,  7.14it/s]
Epoch 22/50 [Val]:  22%|██▏       | 25/113 [00:03<00:12,  7.18it/s]
Epoch 22/50 [Val]:  23%|██▎       | 26/113 [00:03<00:12,  7.23it/s]
Epoch 22/50 [Val]:  24%|██▍       | 27/113 [00:03<00:11,  7.39it/s]
Epoch 22/50 [Val]:  26%|██▌       | 29/113 [00:03<00:09,  8.50it/s]
Epoch 22/50 [Val]:  27%|██▋       | 30/113 [00:03<00:09,  8.32it/s]
Epoch 22/50 [Val]:  27%|██▋       | 31/113 [00:03<00:09,  8.20it/s]
Epoch 22/50 [Val]:  28%|██▊       | 32/113 [00:04<00:09,  8.10it/s]
Epoch 22/50 [Val]:  29%|██▉       | 33/113 [00:04<00:09,  8.54it/s]
Epoch 22/50 [Val]:  30%|███       | 34/113 [00:04<00:09,  8.20it/s]
Epoch 22/50 [Val]:  31%|███       | 35/113 [00:04<00:09,  8.17it/s]
Epoch 22/50 [Val]:  32%|███▏      | 36/113 [00:04<00:09,  8.18it/s]
Epoch 22/50 [Val]:  33%|███▎      | 37/113 [00:04<00:09,  8.17it/s]
Epoch 22/50 [Val]:  34%|███▎      | 38/113 [00:04<00:09,  8.31it/s]
Epoch 22/50 [Val]:  35%|███▍      | 39/113 [00:04<00:08,  8.47it/s]
Epoch 22/50 [Val]:  35%|███▌      | 40/113 [00:05<00:09,  8.10it/s]
Epoch 22/50 [Val]:  37%|███▋      | 42/113 [00:05<00:07,  9.02it/s]
Epoch 22/50 [Val]:  39%|███▉      | 44/113 [00:05<00:07,  9.22it/s]
Epoch 22/50 [Val]:  41%|████      | 46/113 [00:05<00:06,  9.79it/s]
Epoch 22/50 [Val]:  42%|████▏     | 47/113 [00:05<00:07,  9.32it/s]
Epoch 22/50 [Val]:  42%|████▏     | 48/113 [00:05<00:07,  8.97it/s]
Epoch 22/50 [Val]:  43%|████▎     | 49/113 [00:05<00:07,  9.06it/s]
Epoch 22/50 [Val]:  44%|████▍     | 50/113 [00:06<00:07,  8.93it/s]
Epoch 22/50 [Val]:  45%|████▌     | 51/113 [00:06<00:07,  8.71it/s]
Epoch 22/50 [Val]:  46%|████▌     | 52/113 [00:06<00:07,  8.69it/s]
Epoch 22/50 [Val]:  47%|████▋     | 53/113 [00:06<00:06,  8.97it/s]
Epoch 22/50 [Val]:  48%|████▊     | 54/113 [00:06<00:06,  9.12it/s]
Epoch 22/50 [Val]:  49%|████▊     | 55/113 [00:06<00:06,  8.96it/s]
Epoch 22/50 [Val]:  50%|████▉     | 56/113 [00:06<00:06,  8.64it/s]
Epoch 22/50 [Val]:  51%|█████▏    | 58/113 [00:07<00:06,  8.89it/s]
Epoch 22/50 [Val]:  52%|█████▏    | 59/113 [00:07<00:06,  8.98it/s]
Epoch 22/50 [Val]:  53%|█████▎    | 60/113 [00:07<00:05,  9.07it/s]
Epoch 22/50 [Val]:  54%|█████▍    | 61/113 [00:07<00:05,  8.74it/s]
Epoch 22/50 [Val]:  55%|█████▍    | 62/113 [00:07<00:06,  8.28it/s]
Epoch 22/50 [Val]:  56%|█████▌    | 63/113 [00:07<00:05,  8.38it/s]
Epoch 22/50 [Val]:  57%|█████▋    | 64/113 [00:07<00:05,  8.25it/s]
Epoch 22/50 [Val]:  58%|█████▊    | 65/113 [00:07<00:05,  8.35it/s]
Epoch 22/50 [Val]:  58%|█████▊    | 66/113 [00:07<00:05,  8.21it/s]
Epoch 22/50 [Val]:  59%|█████▉    | 67/113 [00:08<00:05,  8.13it/s]
Epoch 22/50 [Val]:  60%|██████    | 68/113 [00:08<00:05,  8.06it/s]
Epoch 22/50 [Val]:  61%|██████    | 69/113 [00:08<00:05,  8.14it/s]
Epoch 22/50 [Val]:  62%|██████▏   | 70/113 [00:08<00:05,  8.38it/s]
Epoch 22/50 [Val]:  63%|██████▎   | 71/113 [00:08<00:05,  8.37it/s]
Epoch 22/50 [Val]:  64%|██████▎   | 72/113 [00:08<00:04,  8.29it/s]
Epoch 22/50 [Val]:  65%|██████▍   | 73/113 [00:08<00:04,  8.46it/s]
Epoch 22/50 [Val]:  65%|██████▌   | 74/113 [00:08<00:04,  8.21it/s]
Epoch 22/50 [Val]:  66%|██████▋   | 75/113 [00:09<00:04,  8.46it/s]
Epoch 22/50 [Val]:  68%|██████▊   | 77/113 [00:09<00:03,  9.18it/s]
Epoch 22/50 [Val]:  69%|██████▉   | 78/113 [00:09<00:03,  8.95it/s]
Epoch 22/50 [Val]:  70%|██████▉   | 79/113 [00:09<00:03,  8.54it/s]
Epoch 22/50 [Val]:  71%|███████   | 80/113 [00:09<00:03,  8.41it/s]
Epoch 22/50 [Val]:  72%|███████▏  | 81/113 [00:09<00:03,  8.19it/s]
Epoch 22/50 [Val]:  73%|███████▎  | 82/113 [00:09<00:03,  8.01it/s]
Epoch 22/50 [Val]:  73%|███████▎  | 83/113 [00:10<00:03,  8.04it/s]
Epoch 22/50 [Val]:  74%|███████▍  | 84/113 [00:10<00:03,  8.07it/s]
Epoch 22/50 [Val]:  75%|███████▌  | 85/113 [00:10<00:03,  7.93it/s]
Epoch 22/50 [Val]:  76%|███████▌  | 86/113 [00:10<00:03,  7.82it/s]
Epoch 22/50 [Val]:  77%|███████▋  | 87/113 [00:10<00:03,  7.91it/s]
Epoch 22/50 [Val]:  78%|███████▊  | 88/113 [00:10<00:03,  8.04it/s]
Epoch 22/50 [Val]:  79%|███████▉  | 89/113 [00:10<00:02,  8.11it/s]
Epoch 22/50 [Val]:  81%|████████  | 91/113 [00:10<00:02,  8.54it/s]
Epoch 22/50 [Val]:  81%|████████▏ | 92/113 [00:11<00:02,  8.32it/s]
Epoch 22/50 [Val]:  82%|████████▏ | 93/113 [00:11<00:02,  8.32it/s]
Epoch 22/50 [Val]:  83%|████████▎ | 94/113 [00:11<00:02,  8.17it/s]
Epoch 22/50 [Val]:  84%|████████▍ | 95/113 [00:11<00:02,  8.41it/s]
Epoch 22/50 [Val]:  85%|████████▍ | 96/113 [00:11<00:02,  8.32it/s]
Epoch 22/50 [Val]:  86%|████████▌ | 97/113 [00:11<00:01,  8.32it/s]
Epoch 22/50 [Val]:  87%|████████▋ | 98/113 [00:11<00:01,  8.39it/s]
Epoch 22/50 [Val]:  88%|████████▊ | 99/113 [00:11<00:01,  8.27it/s]
Epoch 22/50 [Val]:  88%|████████▊ | 100/113 [00:12<00:01,  7.93it/s]
Epoch 22/50 [Val]:  89%|████████▉ | 101/113 [00:12<00:01,  7.81it/s]
Epoch 22/50 [Val]:  90%|█████████ | 102/113 [00:12<00:01,  7.52it/s]
Epoch 22/50 [Val]:  91%|█████████ | 103/113 [00:12<00:01,  7.86it/s]
Epoch 22/50 [Val]:  93%|█████████▎| 105/113 [00:12<00:00,  8.69it/s]
Epoch 22/50 [Val]:  94%|█████████▍| 106/113 [00:12<00:00,  8.44it/s]
Epoch 22/50 [Val]:  95%|█████████▍| 107/113 [00:12<00:00,  8.20it/s]
Epoch 22/50 [Val]:  96%|█████████▌| 108/113 [00:13<00:00,  8.36it/s]
Epoch 22/50 [Val]:  96%|█████████▋| 109/113 [00:13<00:00,  8.46it/s]
Epoch 22/50 [Val]:  97%|█████████▋| 110/113 [00:13<00:00,  8.25it/s]
Epoch 22/50 [Val]:  99%|█████████▉| 112/113 [00:13<00:00, 10.79it/s]
                                                                    

Epoch 23/50 [Train]:   0%|          | 0/459 [00:00<?, ?it/s]
Epoch 23/50 [Train]:   0%|          | 2/459 [00:00<00:45, 10.13it/s]
Epoch 23/50 [Train]:   1%|          | 4/459 [00:00<00:44, 10.30it/s]
Epoch 23/50 [Train]:   1%|▏         | 6/459 [00:00<00:39, 11.41it/s]
Epoch 23/50 [Train]:   2%|▏         | 8/459 [00:00<00:37, 12.02it/s]
Epoch 23/50 [Train]:   2%|▏         | 10/459 [00:00<00:40, 11.16it/s]
Epoch 23/50 [Train]:   3%|▎         | 12/459 [00:01<00:41, 10.86it/s]
Epoch 23/50 [Train]:   3%|▎         | 14/459 [00:01<00:41, 10.72it/s]
Epoch 23/50 [Train]:   3%|▎         | 16/459 [00:01<00:43, 10.30it/s]
Epoch 23/50 [Train]:   4%|▍         | 18/459 [00:01<00:42, 10.39it/s]
Epoch 23/50 [Train]:   4%|▍         | 20/459 [00:01<00:39, 11.02it/s]
Epoch 23/50 [Train]:   5%|▍         | 22/459 [00:02<00:40, 10.89it/s]
Epoch 23/50 [Train]:   5%|▌         | 24/459 [00:02<00:39, 11.00it/s]
Epoch 23/50 [Train]:   6%|▌         | 26/459 [00:02<00:39, 10.93it/s]
Epoch 23/50 [Train]:   6%|▌         | 28/459 [00:02<00:39, 10.92it/s]
Epoch 23/50 [Train]:   7%|▋         | 30/459 [00:02<00:38, 11.09it/s]
Epoch 23/50 [Train]:   7%|▋         | 32/459 [00:02<00:39, 10.89it/s]
Epoch 23/50 [Train]:   7%|▋         | 34/459 [00:03<00:39, 10.79it/s]
Epoch 23/50 [Train]:   8%|▊         | 36/459 [00:03<00:39, 10.63it/s]
Epoch 23/50 [Train]:   8%|▊         | 38/459 [00:03<00:40, 10.33it/s]
Epoch 23/50 [Train]:   9%|▊         | 40/459 [00:03<00:40, 10.45it/s]
Epoch 23/50 [Train]:   9%|▉         | 42/459 [00:03<00:40, 10.18it/s]
Epoch 23/50 [Train]:  10%|▉         | 44/459 [00:04<00:39, 10.38it/s]
Epoch 23/50 [Train]:  10%|█         | 46/459 [00:04<00:37, 10.90it/s]
Epoch 23/50 [Train]:  10%|█         | 48/459 [00:04<00:33, 12.13it/s]
Epoch 23/50 [Train]:  11%|█         | 50/459 [00:04<00:35, 11.61it/s]
Epoch 23/50 [Train]:  11%|█▏        | 52/459 [00:04<00:35, 11.38it/s]
Epoch 23/50 [Train]:  12%|█▏        | 54/459 [00:04<00:36, 11.16it/s]
Epoch 23/50 [Train]:  12%|█▏        | 56/459 [00:05<00:36, 11.08it/s]
Epoch 23/50 [Train]:  13%|█▎        | 58/459 [00:05<00:36, 11.00it/s]
Epoch 23/50 [Train]:  13%|█▎        | 60/459 [00:05<00:38, 10.35it/s]
Epoch 23/50 [Train]:  14%|█▎        | 62/459 [00:05<00:36, 10.78it/s]
Epoch 23/50 [Train]:  14%|█▍        | 64/459 [00:05<00:37, 10.62it/s]
Epoch 23/50 [Train]:  14%|█▍        | 66/459 [00:06<00:36, 10.70it/s]
Epoch 23/50 [Train]:  15%|█▍        | 68/459 [00:06<00:35, 11.09it/s]
Epoch 23/50 [Train]:  15%|█▌        | 70/459 [00:06<00:35, 10.86it/s]
Epoch 23/50 [Train]:  16%|█▌        | 72/459 [00:06<00:33, 11.44it/s]
Epoch 23/50 [Train]:  16%|█▌        | 74/459 [00:06<00:33, 11.36it/s]
Epoch 23/50 [Train]:  17%|█▋        | 76/459 [00:06<00:32, 11.69it/s]
Epoch 23/50 [Train]:  17%|█▋        | 78/459 [00:07<00:33, 11.51it/s]
Epoch 23/50 [Train]:  17%|█▋        | 80/459 [00:07<00:33, 11.27it/s]
Epoch 23/50 [Train]:  18%|█▊        | 82/459 [00:07<00:32, 11.56it/s]
Epoch 23/50 [Train]:  18%|█▊        | 84/459 [00:07<00:34, 10.87it/s]
Epoch 23/50 [Train]:  19%|█▊        | 86/459 [00:07<00:34, 10.71it/s]
Epoch 23/50 [Train]:  19%|█▉        | 88/459 [00:08<00:33, 11.24it/s]
Epoch 23/50 [Train]:  20%|█▉        | 90/459 [00:08<00:33, 11.01it/s]
Epoch 23/50 [Train]:  20%|██        | 92/459 [00:08<00:33, 11.03it/s]
Epoch 23/50 [Train]:  20%|██        | 94/459 [00:08<00:34, 10.51it/s]
Epoch 23/50 [Train]:  21%|██        | 96/459 [00:08<00:35, 10.33it/s]
Epoch 23/50 [Train]:  21%|██▏       | 98/459 [00:09<00:34, 10.32it/s]
Epoch 23/50 [Train]:  22%|██▏       | 100/459 [00:09<00:36,  9.94it/s]
Epoch 23/50 [Train]:  22%|██▏       | 102/459 [00:09<00:35, 10.09it/s]
Epoch 23/50 [Train]:  23%|██▎       | 104/459 [00:09<00:34, 10.27it/s]
Epoch 23/50 [Train]:  23%|██▎       | 106/459 [00:09<00:32, 10.81it/s]
Epoch 23/50 [Train]:  24%|██▎       | 108/459 [00:09<00:34, 10.26it/s]
Epoch 23/50 [Train]:  24%|██▍       | 110/459 [00:10<00:34, 10.26it/s]
Epoch 23/50 [Train]:  24%|██▍       | 112/459 [00:10<00:33, 10.41it/s]
Epoch 23/50 [Train]:  25%|██▍       | 114/459 [00:10<00:33, 10.39it/s]
Epoch 23/50 [Train]:  25%|██▌       | 116/459 [00:10<00:34,  9.89it/s]
Epoch 23/50 [Train]:  26%|██▌       | 118/459 [00:10<00:34, 10.03it/s]
Epoch 23/50 [Train]:  26%|██▌       | 120/459 [00:11<00:33, 10.04it/s]
Epoch 23/50 [Train]:  27%|██▋       | 122/459 [00:11<00:32, 10.26it/s]
Epoch 23/50 [Train]:  27%|██▋       | 124/459 [00:11<00:32, 10.42it/s]
Epoch 23/50 [Train]:  27%|██▋       | 126/459 [00:11<00:31, 10.60it/s]
Epoch 23/50 [Train]:  28%|██▊       | 128/459 [00:11<00:30, 10.76it/s]
Epoch 23/50 [Train]:  28%|██▊       | 130/459 [00:12<00:30, 10.70it/s]
Epoch 23/50 [Train]:  29%|██▉       | 132/459 [00:12<00:28, 11.37it/s]
Epoch 23/50 [Train]:  29%|██▉       | 134/459 [00:12<00:29, 11.17it/s]
Epoch 23/50 [Train]:  30%|██▉       | 136/459 [00:12<00:29, 10.88it/s]
Epoch 23/50 [Train]:  30%|███       | 138/459 [00:12<00:29, 10.78it/s]
Epoch 23/50 [Train]:  31%|███       | 140/459 [00:12<00:28, 11.30it/s]
Epoch 23/50 [Train]:  31%|███       | 142/459 [00:13<00:27, 11.64it/s]
Epoch 23/50 [Train]:  31%|███▏      | 144/459 [00:13<00:27, 11.34it/s]
Epoch 23/50 [Train]:  32%|███▏      | 146/459 [00:13<00:26, 11.70it/s]
Epoch 23/50 [Train]:  32%|███▏      | 148/459 [00:13<00:27, 11.12it/s]
Epoch 23/50 [Train]:  33%|███▎      | 150/459 [00:13<00:28, 10.93it/s]
Epoch 23/50 [Train]:  33%|███▎      | 152/459 [00:14<00:28, 10.81it/s]
Epoch 23/50 [Train]:  34%|███▎      | 154/459 [00:14<00:28, 10.73it/s]
Epoch 23/50 [Train]:  34%|███▍      | 156/459 [00:14<00:27, 10.85it/s]
Epoch 23/50 [Train]:  34%|███▍      | 158/459 [00:14<00:28, 10.74it/s]
Epoch 23/50 [Train]:  35%|███▍      | 160/459 [00:14<00:28, 10.57it/s]
Epoch 23/50 [Train]:  35%|███▌      | 162/459 [00:15<00:28, 10.42it/s]
Epoch 23/50 [Train]:  36%|███▌      | 164/459 [00:15<00:28, 10.48it/s]
Epoch 23/50 [Train]:  36%|███▌      | 166/459 [00:15<00:26, 11.13it/s]
Epoch 23/50 [Train]:  37%|███▋      | 168/459 [00:15<00:25, 11.23it/s]
Epoch 23/50 [Train]:  37%|███▋      | 170/459 [00:15<00:26, 10.87it/s]
Epoch 23/50 [Train]:  37%|███▋      | 172/459 [00:15<00:25, 11.44it/s]
Epoch 23/50 [Train]:  38%|███▊      | 174/459 [00:16<00:25, 11.32it/s]
Epoch 23/50 [Train]:  38%|███▊      | 176/459 [00:16<00:25, 11.08it/s]
Epoch 23/50 [Train]:  39%|███▉      | 178/459 [00:16<00:25, 11.00it/s]
Epoch 23/50 [Train]:  39%|███▉      | 180/459 [00:16<00:25, 11.14it/s]
Epoch 23/50 [Train]:  40%|███▉      | 182/459 [00:16<00:25, 10.76it/s]
Epoch 23/50 [Train]:  40%|████      | 184/459 [00:17<00:26, 10.41it/s]
Epoch 23/50 [Train]:  41%|████      | 186/459 [00:17<00:26, 10.14it/s]
Epoch 23/50 [Train]:  41%|████      | 188/459 [00:17<00:26, 10.08it/s]
Epoch 23/50 [Train]:  41%|████▏     | 190/459 [00:17<00:26, 10.15it/s]
Epoch 23/50 [Train]:  42%|████▏     | 192/459 [00:17<00:26, 10.17it/s]
Epoch 23/50 [Train]:  42%|████▏     | 194/459 [00:17<00:25, 10.47it/s]
Epoch 23/50 [Train]:  43%|████▎     | 196/459 [00:18<00:24, 10.58it/s]
Epoch 23/50 [Train]:  43%|████▎     | 198/459 [00:18<00:24, 10.62it/s]
Epoch 23/50 [Train]:  44%|████▎     | 200/459 [00:18<00:24, 10.63it/s]
Epoch 23/50 [Train]:  44%|████▍     | 202/459 [00:18<00:23, 10.71it/s]
Epoch 23/50 [Train]:  44%|████▍     | 204/459 [00:18<00:23, 10.64it/s]
Epoch 23/50 [Train]:  45%|████▍     | 206/459 [00:19<00:24, 10.48it/s]
Epoch 23/50 [Train]:  45%|████▌     | 208/459 [00:19<00:22, 11.16it/s]
Epoch 23/50 [Train]:  46%|████▌     | 210/459 [00:19<00:23, 10.78it/s]
Epoch 23/50 [Train]:  46%|████▌     | 212/459 [00:19<00:24, 10.17it/s]
Epoch 23/50 [Train]:  47%|████▋     | 214/459 [00:19<00:24, 10.11it/s]
Epoch 23/50 [Train]:  47%|████▋     | 216/459 [00:20<00:23, 10.46it/s]
Epoch 23/50 [Train]:  47%|████▋     | 218/459 [00:20<00:23, 10.07it/s]
Epoch 23/50 [Train]:  48%|████▊     | 220/459 [00:20<00:23, 10.20it/s]
Epoch 23/50 [Train]:  48%|████▊     | 222/459 [00:20<00:22, 10.56it/s]
Epoch 23/50 [Train]:  49%|████▉     | 224/459 [00:20<00:21, 10.76it/s]
Epoch 23/50 [Train]:  49%|████▉     | 226/459 [00:21<00:21, 10.65it/s]
Epoch 23/50 [Train]:  50%|████▉     | 228/459 [00:21<00:22, 10.45it/s]
Epoch 23/50 [Train]:  50%|█████     | 230/459 [00:21<00:21, 10.58it/s]
Epoch 23/50 [Train]:  51%|█████     | 232/459 [00:21<00:21, 10.79it/s]
Epoch 23/50 [Train]:  51%|█████     | 234/459 [00:21<00:21, 10.71it/s]
Epoch 23/50 [Train]:  51%|█████▏    | 236/459 [00:21<00:20, 10.65it/s]
Epoch 23/50 [Train]:  52%|█████▏    | 238/459 [00:22<00:19, 11.15it/s]
Epoch 23/50 [Train]:  52%|█████▏    | 240/459 [00:22<00:19, 11.14it/s]
Epoch 23/50 [Train]:  53%|█████▎    | 242/459 [00:22<00:19, 11.14it/s]
Epoch 23/50 [Train]:  53%|█████▎    | 244/459 [00:22<00:19, 11.20it/s]
Epoch 23/50 [Train]:  54%|█████▎    | 246/459 [00:22<00:19, 10.82it/s]
Epoch 23/50 [Train]:  54%|█████▍    | 248/459 [00:23<00:19, 10.80it/s]
Epoch 23/50 [Train]:  54%|█████▍    | 250/459 [00:23<00:19, 10.86it/s]
Epoch 23/50 [Train]:  55%|█████▍    | 252/459 [00:23<00:18, 11.29it/s]
Epoch 23/50 [Train]:  55%|█████▌    | 254/459 [00:23<00:18, 11.00it/s]
Epoch 23/50 [Train]:  56%|█████▌    | 256/459 [00:23<00:19, 10.65it/s]
Epoch 23/50 [Train]:  56%|█████▌    | 258/459 [00:23<00:19, 10.13it/s]
Epoch 23/50 [Train]:  57%|█████▋    | 260/459 [00:24<00:19, 10.40it/s]
Epoch 23/50 [Train]:  57%|█████▋    | 262/459 [00:24<00:17, 11.06it/s]
Epoch 23/50 [Train]:  58%|█████▊    | 264/459 [00:24<00:18, 10.63it/s]
Epoch 23/50 [Train]:  58%|█████▊    | 266/459 [00:24<00:18, 10.71it/s]
Epoch 23/50 [Train]:  58%|█████▊    | 268/459 [00:24<00:18, 10.47it/s]
Epoch 23/50 [Train]:  59%|█████▉    | 270/459 [00:25<00:18, 10.31it/s]
Epoch 23/50 [Train]:  59%|█████▉    | 272/459 [00:25<00:18, 10.25it/s]
Epoch 23/50 [Train]:  60%|█████▉    | 274/459 [00:25<00:17, 10.40it/s]
Epoch 23/50 [Train]:  60%|██████    | 276/459 [00:25<00:17, 10.40it/s]
Epoch 23/50 [Train]:  61%|██████    | 278/459 [00:25<00:17, 10.35it/s]
Epoch 23/50 [Train]:  61%|██████    | 280/459 [00:26<00:17, 10.35it/s]
Epoch 23/50 [Train]:  61%|██████▏   | 282/459 [00:26<00:16, 11.03it/s]
Epoch 23/50 [Train]:  62%|██████▏   | 284/459 [00:26<00:15, 11.47it/s]
Epoch 23/50 [Train]:  62%|██████▏   | 286/459 [00:26<00:15, 11.21it/s]
Epoch 23/50 [Train]:  63%|██████▎   | 288/459 [00:26<00:15, 10.96it/s]
Epoch 23/50 [Train]:  63%|██████▎   | 290/459 [00:26<00:15, 10.81it/s]
Epoch 23/50 [Train]:  64%|██████▎   | 292/459 [00:27<00:15, 10.66it/s]
Epoch 23/50 [Train]:  64%|██████▍   | 294/459 [00:27<00:15, 10.58it/s]
Epoch 23/50 [Train]:  64%|██████▍   | 296/459 [00:27<00:15, 10.28it/s]
Epoch 23/50 [Train]:  65%|██████▍   | 298/459 [00:27<00:16,  9.93it/s]
Epoch 23/50 [Train]:  65%|██████▌   | 300/459 [00:27<00:15, 10.18it/s]
Epoch 23/50 [Train]:  66%|██████▌   | 302/459 [00:28<00:15, 10.20it/s]
Epoch 23/50 [Train]:  66%|██████▌   | 304/459 [00:28<00:14, 10.81it/s]
Epoch 23/50 [Train]:  67%|██████▋   | 306/459 [00:28<00:14, 10.53it/s]
Epoch 23/50 [Train]:  67%|██████▋   | 308/459 [00:28<00:14, 10.64it/s]
Epoch 23/50 [Train]:  68%|██████▊   | 310/459 [00:28<00:14, 10.39it/s]
Epoch 23/50 [Train]:  68%|██████▊   | 312/459 [00:29<00:14, 10.38it/s]
Epoch 23/50 [Train]:  68%|██████▊   | 314/459 [00:29<00:13, 11.02it/s]
Epoch 23/50 [Train]:  69%|██████▉   | 316/459 [00:29<00:12, 11.23it/s]
Epoch 23/50 [Train]:  69%|██████▉   | 318/459 [00:29<00:12, 10.94it/s]
Epoch 23/50 [Train]:  70%|██████▉   | 320/459 [00:29<00:12, 10.93it/s]
Epoch 23/50 [Train]:  70%|███████   | 322/459 [00:29<00:12, 10.91it/s]
Epoch 23/50 [Train]:  71%|███████   | 324/459 [00:30<00:12, 10.67it/s]
Epoch 23/50 [Train]:  71%|███████   | 326/459 [00:30<00:12, 10.43it/s]
Epoch 23/50 [Train]:  71%|███████▏  | 328/459 [00:30<00:12, 10.48it/s]
Epoch 23/50 [Train]:  72%|███████▏  | 330/459 [00:30<00:11, 11.29it/s]
Epoch 23/50 [Train]:  72%|███████▏  | 332/459 [00:30<00:10, 11.65it/s]
Epoch 23/50 [Train]:  73%|███████▎  | 334/459 [00:31<00:11, 11.07it/s]
Epoch 23/50 [Train]:  73%|███████▎  | 336/459 [00:31<00:11, 11.09it/s]
Epoch 23/50 [Train]:  74%|███████▎  | 338/459 [00:31<00:11, 10.69it/s]
Epoch 23/50 [Train]:  74%|███████▍  | 340/459 [00:31<00:11, 10.69it/s]
Epoch 23/50 [Train]:  75%|███████▍  | 342/459 [00:31<00:10, 10.77it/s]
Epoch 23/50 [Train]:  75%|███████▍  | 344/459 [00:32<00:10, 10.83it/s]
Epoch 23/50 [Train]:  75%|███████▌  | 346/459 [00:32<00:10, 11.10it/s]
Epoch 23/50 [Train]:  76%|███████▌  | 348/459 [00:32<00:10, 10.91it/s]
Epoch 23/50 [Train]:  76%|███████▋  | 350/459 [00:32<00:09, 11.38it/s]
Epoch 23/50 [Train]:  77%|███████▋  | 352/459 [00:32<00:09, 10.81it/s]
Epoch 23/50 [Train]:  77%|███████▋  | 354/459 [00:32<00:10, 10.47it/s]
Epoch 23/50 [Train]:  78%|███████▊  | 356/459 [00:33<00:09, 10.35it/s]
Epoch 23/50 [Train]:  78%|███████▊  | 358/459 [00:33<00:09, 11.09it/s]
Epoch 23/50 [Train]:  78%|███████▊  | 360/459 [00:33<00:09, 10.95it/s]
Epoch 23/50 [Train]:  79%|███████▉  | 362/459 [00:33<00:09, 10.74it/s]
Epoch 23/50 [Train]:  79%|███████▉  | 364/459 [00:33<00:09, 10.52it/s]
Epoch 23/50 [Train]:  80%|███████▉  | 366/459 [00:34<00:08, 10.37it/s]
Epoch 23/50 [Train]:  80%|████████  | 368/459 [00:34<00:08, 10.62it/s]
Epoch 23/50 [Train]:  81%|████████  | 370/459 [00:34<00:08, 10.60it/s]
Epoch 23/50 [Train]:  81%|████████  | 372/459 [00:34<00:08, 10.60it/s]
Epoch 23/50 [Train]:  81%|████████▏ | 374/459 [00:34<00:07, 10.95it/s]
Epoch 23/50 [Train]:  82%|████████▏ | 376/459 [00:34<00:07, 10.98it/s]
Epoch 23/50 [Train]:  82%|████████▏ | 378/459 [00:35<00:07, 10.95it/s]
Epoch 23/50 [Train]:  83%|████████▎ | 380/459 [00:35<00:07, 10.58it/s]
Epoch 23/50 [Train]:  83%|████████▎ | 382/459 [00:35<00:07, 10.32it/s]
Epoch 23/50 [Train]:  84%|████████▎ | 384/459 [00:35<00:07, 10.41it/s]
Epoch 23/50 [Train]:  84%|████████▍ | 386/459 [00:35<00:06, 10.82it/s]
Epoch 23/50 [Train]:  85%|████████▍ | 388/459 [00:36<00:06, 11.44it/s]
Epoch 23/50 [Train]:  85%|████████▍ | 390/459 [00:36<00:06, 11.00it/s]
Epoch 23/50 [Train]:  85%|████████▌ | 392/459 [00:36<00:06, 10.88it/s]
Epoch 23/50 [Train]:  86%|████████▌ | 394/459 [00:36<00:05, 11.00it/s]
Epoch 23/50 [Train]:  86%|████████▋ | 396/459 [00:36<00:05, 11.25it/s]
Epoch 23/50 [Train]:  87%|████████▋ | 398/459 [00:36<00:05, 11.19it/s]
Epoch 23/50 [Train]:  87%|████████▋ | 400/459 [00:37<00:05, 11.36it/s]
Epoch 23/50 [Train]:  88%|████████▊ | 402/459 [00:37<00:04, 11.67it/s]
Epoch 23/50 [Train]:  88%|████████▊ | 404/459 [00:37<00:04, 11.06it/s]
Epoch 23/50 [Train]:  88%|████████▊ | 406/459 [00:37<00:04, 10.71it/s]
Epoch 23/50 [Train]:  89%|████████▉ | 408/459 [00:37<00:04, 10.72it/s]
Epoch 23/50 [Train]:  89%|████████▉ | 410/459 [00:38<00:04, 10.57it/s]
Epoch 23/50 [Train]:  90%|████████▉ | 412/459 [00:38<00:04, 10.70it/s]
Epoch 23/50 [Train]:  90%|█████████ | 414/459 [00:38<00:04, 10.72it/s]
Epoch 23/50 [Train]:  91%|█████████ | 416/459 [00:38<00:03, 11.02it/s]
Epoch 23/50 [Train]:  91%|█████████ | 418/459 [00:38<00:03, 10.98it/s]
Epoch 23/50 [Train]:  92%|█████████▏| 420/459 [00:38<00:03, 11.47it/s]
Epoch 23/50 [Train]:  92%|█████████▏| 422/459 [00:39<00:03, 10.91it/s]
Epoch 23/50 [Train]:  92%|█████████▏| 424/459 [00:39<00:03, 10.88it/s]
Epoch 23/50 [Train]:  93%|█████████▎| 426/459 [00:39<00:03, 10.89it/s]
Epoch 23/50 [Train]:  93%|█████████▎| 428/459 [00:39<00:02, 11.44it/s]
Epoch 23/50 [Train]:  94%|█████████▎| 430/459 [00:39<00:02, 11.64it/s]
Epoch 23/50 [Train]:  94%|█████████▍| 432/459 [00:40<00:02, 10.95it/s]
Epoch 23/50 [Train]:  95%|█████████▍| 434/459 [00:40<00:02, 10.90it/s]
Epoch 23/50 [Train]:  95%|█████████▍| 436/459 [00:40<00:02, 10.87it/s]
Epoch 23/50 [Train]:  95%|█████████▌| 438/459 [00:40<00:01, 10.79it/s]
Epoch 23/50 [Train]:  96%|█████████▌| 440/459 [00:40<00:01, 10.42it/s]
Epoch 23/50 [Train]:  96%|█████████▋| 442/459 [00:41<00:01, 10.29it/s]
Epoch 23/50 [Train]:  97%|█████████▋| 444/459 [00:41<00:01, 10.24it/s]
Epoch 23/50 [Train]:  97%|█████████▋| 446/459 [00:41<00:01, 10.40it/s]
Epoch 23/50 [Train]:  98%|█████████▊| 448/459 [00:41<00:01, 10.42it/s]
Epoch 23/50 [Train]:  98%|█████████▊| 450/459 [00:41<00:00, 10.51it/s]
Epoch 23/50 [Train]:  98%|█████████▊| 452/459 [00:42<00:00, 10.48it/s]
Epoch 23/50 [Train]:  99%|█████████▉| 454/459 [00:42<00:00, 10.41it/s]
Epoch 23/50 [Train]:  99%|█████████▉| 456/459 [00:42<00:00, 10.38it/s]
Epoch 23/50 [Train]: 100%|█████████▉| 458/459 [00:42<00:00, 10.26it/s]
                                                                      

Epoch 23/50 [Val]:   0%|          | 0/113 [00:00<?, ?it/s]
Epoch 23/50 [Val]:   1%|          | 1/113 [00:00<00:14,  7.51it/s]
Epoch 23/50 [Val]:   2%|▏         | 2/113 [00:00<00:13,  7.98it/s]
Epoch 23/50 [Val]:   3%|▎         | 3/113 [00:00<00:13,  8.10it/s]
Epoch 23/50 [Val]:   4%|▎         | 4/113 [00:00<00:13,  8.30it/s]
Epoch 23/50 [Val]:   4%|▍         | 5/113 [00:00<00:13,  8.19it/s]
Epoch 23/50 [Val]:   5%|▌         | 6/113 [00:00<00:13,  7.78it/s]
Epoch 23/50 [Val]:   6%|▌         | 7/113 [00:00<00:13,  7.92it/s]
Epoch 23/50 [Val]:   7%|▋         | 8/113 [00:00<00:12,  8.11it/s]
Epoch 23/50 [Val]:   9%|▉         | 10/113 [00:01<00:10,  9.71it/s]
Epoch 23/50 [Val]:  10%|▉         | 11/113 [00:01<00:10,  9.34it/s]
Epoch 23/50 [Val]:  11%|█         | 12/113 [00:01<00:11,  8.97it/s]
Epoch 23/50 [Val]:  12%|█▏        | 14/113 [00:01<00:10,  9.78it/s]
Epoch 23/50 [Val]:  14%|█▍        | 16/113 [00:01<00:10,  8.95it/s]
Epoch 23/50 [Val]:  15%|█▌        | 17/113 [00:01<00:11,  8.40it/s]
Epoch 23/50 [Val]:  16%|█▌        | 18/113 [00:02<00:11,  8.00it/s]
Epoch 23/50 [Val]:  17%|█▋        | 19/113 [00:02<00:12,  7.83it/s]
Epoch 23/50 [Val]:  18%|█▊        | 20/113 [00:02<00:11,  8.01it/s]
Epoch 23/50 [Val]:  19%|█▊        | 21/113 [00:02<00:11,  7.76it/s]
Epoch 23/50 [Val]:  19%|█▉        | 22/113 [00:02<00:11,  7.63it/s]
Epoch 23/50 [Val]:  21%|██        | 24/113 [00:02<00:10,  8.40it/s]
Epoch 23/50 [Val]:  22%|██▏       | 25/113 [00:02<00:10,  8.27it/s]
Epoch 23/50 [Val]:  23%|██▎       | 26/113 [00:03<00:10,  8.01it/s]
Epoch 23/50 [Val]:  24%|██▍       | 27/113 [00:03<00:10,  7.91it/s]
Epoch 23/50 [Val]:  25%|██▍       | 28/113 [00:03<00:10,  7.86it/s]
Epoch 23/50 [Val]:  26%|██▌       | 29/113 [00:03<00:10,  7.81it/s]
Epoch 23/50 [Val]:  27%|██▋       | 30/113 [00:03<00:10,  7.95it/s]
Epoch 23/50 [Val]:  28%|██▊       | 32/113 [00:03<00:08,  9.54it/s]
Epoch 23/50 [Val]:  29%|██▉       | 33/113 [00:03<00:08,  9.02it/s]
Epoch 23/50 [Val]:  31%|███       | 35/113 [00:04<00:08,  8.92it/s]
Epoch 23/50 [Val]:  32%|███▏      | 36/113 [00:04<00:08,  8.92it/s]
Epoch 23/50 [Val]:  34%|███▎      | 38/113 [00:04<00:07,  9.71it/s]
Epoch 23/50 [Val]:  35%|███▍      | 39/113 [00:04<00:07,  9.44it/s]
Epoch 23/50 [Val]:  35%|███▌      | 40/113 [00:04<00:08,  9.11it/s]
Epoch 23/50 [Val]:  36%|███▋      | 41/113 [00:04<00:08,  8.73it/s]
Epoch 23/50 [Val]:  37%|███▋      | 42/113 [00:04<00:08,  8.54it/s]
Epoch 23/50 [Val]:  38%|███▊      | 43/113 [00:05<00:08,  8.62it/s]
Epoch 23/50 [Val]:  39%|███▉      | 44/113 [00:05<00:08,  8.32it/s]
Epoch 23/50 [Val]:  41%|████      | 46/113 [00:05<00:07,  9.11it/s]
Epoch 23/50 [Val]:  42%|████▏     | 48/113 [00:05<00:07,  9.02it/s]
Epoch 23/50 [Val]:  43%|████▎     | 49/113 [00:05<00:07,  8.74it/s]
Epoch 23/50 [Val]:  44%|████▍     | 50/113 [00:05<00:07,  8.69it/s]
Epoch 23/50 [Val]:  45%|████▌     | 51/113 [00:05<00:07,  8.77it/s]
Epoch 23/50 [Val]:  47%|████▋     | 53/113 [00:06<00:06,  9.91it/s]
Epoch 23/50 [Val]:  48%|████▊     | 54/113 [00:06<00:06,  9.67it/s]
Epoch 23/50 [Val]:  49%|████▊     | 55/113 [00:06<00:06,  9.37it/s]
Epoch 23/50 [Val]:  50%|████▉     | 56/113 [00:06<00:06,  9.09it/s]
Epoch 23/50 [Val]:  50%|█████     | 57/113 [00:06<00:06,  8.64it/s]
Epoch 23/50 [Val]:  51%|█████▏    | 58/113 [00:06<00:07,  7.78it/s]
Epoch 23/50 [Val]:  52%|█████▏    | 59/113 [00:06<00:06,  7.97it/s]
Epoch 23/50 [Val]:  53%|█████▎    | 60/113 [00:07<00:06,  7.73it/s]
Epoch 23/50 [Val]:  54%|█████▍    | 61/113 [00:07<00:06,  7.74it/s]
Epoch 23/50 [Val]:  55%|█████▍    | 62/113 [00:07<00:06,  8.10it/s]
Epoch 23/50 [Val]:  56%|█████▌    | 63/113 [00:07<00:06,  7.54it/s]
Epoch 23/50 [Val]:  57%|█████▋    | 64/113 [00:07<00:06,  7.85it/s]
Epoch 23/50 [Val]:  58%|█████▊    | 65/113 [00:07<00:06,  7.98it/s]
Epoch 23/50 [Val]:  58%|█████▊    | 66/113 [00:07<00:05,  8.08it/s]
Epoch 23/50 [Val]:  59%|█████▉    | 67/113 [00:07<00:05,  7.84it/s]
Epoch 23/50 [Val]:  60%|██████    | 68/113 [00:08<00:05,  7.91it/s]
Epoch 23/50 [Val]:  61%|██████    | 69/113 [00:08<00:05,  7.88it/s]
Epoch 23/50 [Val]:  62%|██████▏   | 70/113 [00:08<00:05,  7.93it/s]
Epoch 23/50 [Val]:  63%|██████▎   | 71/113 [00:08<00:05,  7.87it/s]
Epoch 23/50 [Val]:  64%|██████▎   | 72/113 [00:08<00:05,  7.95it/s]
Epoch 23/50 [Val]:  65%|██████▍   | 73/113 [00:08<00:04,  8.18it/s]
Epoch 23/50 [Val]:  65%|██████▌   | 74/113 [00:08<00:04,  8.17it/s]
Epoch 23/50 [Val]:  66%|██████▋   | 75/113 [00:08<00:04,  8.41it/s]
Epoch 23/50 [Val]:  68%|██████▊   | 77/113 [00:09<00:04,  8.92it/s]
Epoch 23/50 [Val]:  69%|██████▉   | 78/113 [00:09<00:04,  8.48it/s]
Epoch 23/50 [Val]:  70%|██████▉   | 79/113 [00:09<00:04,  8.48it/s]
Epoch 23/50 [Val]:  71%|███████   | 80/113 [00:09<00:04,  7.98it/s]
Epoch 23/50 [Val]:  72%|███████▏  | 81/113 [00:09<00:04,  7.93it/s]
Epoch 23/50 [Val]:  73%|███████▎  | 82/113 [00:09<00:03,  7.92it/s]
Epoch 23/50 [Val]:  73%|███████▎  | 83/113 [00:09<00:03,  8.04it/s]
Epoch 23/50 [Val]:  75%|███████▌  | 85/113 [00:10<00:02,  9.41it/s]
Epoch 23/50 [Val]:  76%|███████▌  | 86/113 [00:10<00:02,  9.10it/s]
Epoch 23/50 [Val]:  77%|███████▋  | 87/113 [00:10<00:02,  8.72it/s]
Epoch 23/50 [Val]:  78%|███████▊  | 88/113 [00:10<00:02,  8.58it/s]
Epoch 23/50 [Val]:  80%|███████▉  | 90/113 [00:10<00:02, 11.06it/s]
Epoch 23/50 [Val]:  81%|████████▏ | 92/113 [00:10<00:02,  9.81it/s]
Epoch 23/50 [Val]:  83%|████████▎ | 94/113 [00:10<00:02,  9.30it/s]
Epoch 23/50 [Val]:  84%|████████▍ | 95/113 [00:11<00:01,  9.34it/s]
Epoch 23/50 [Val]:  85%|████████▍ | 96/113 [00:11<00:01,  9.13it/s]
Epoch 23/50 [Val]:  86%|████████▌ | 97/113 [00:11<00:01,  8.86it/s]
Epoch 23/50 [Val]:  87%|████████▋ | 98/113 [00:11<00:01,  8.72it/s]
Epoch 23/50 [Val]:  88%|████████▊ | 99/113 [00:11<00:01,  8.48it/s]
Epoch 23/50 [Val]:  88%|████████▊ | 100/113 [00:11<00:01,  8.08it/s]
Epoch 23/50 [Val]:  89%|████████▉ | 101/113 [00:11<00:01,  7.99it/s]
Epoch 23/50 [Val]:  90%|█████████ | 102/113 [00:11<00:01,  7.98it/s]
Epoch 23/50 [Val]:  91%|█████████ | 103/113 [00:12<00:01,  8.03it/s]
Epoch 23/50 [Val]:  92%|█████████▏| 104/113 [00:12<00:01,  8.11it/s]
Epoch 23/50 [Val]:  93%|█████████▎| 105/113 [00:12<00:00,  8.34it/s]
Epoch 23/50 [Val]:  94%|█████████▍| 106/113 [00:12<00:00,  8.41it/s]
Epoch 23/50 [Val]:  95%|█████████▍| 107/113 [00:12<00:00,  8.71it/s]
Epoch 23/50 [Val]:  96%|█████████▌| 108/113 [00:12<00:00,  8.67it/s]
Epoch 23/50 [Val]:  96%|█████████▋| 109/113 [00:12<00:00,  9.00it/s]
Epoch 23/50 [Val]:  98%|█████████▊| 111/113 [00:12<00:00,  9.54it/s]
Epoch 23/50 [Val]:  99%|█████████▉| 112/113 [00:13<00:00,  9.19it/s]
                                                                    

Epoch 24/50 [Train]:   0%|          | 0/459 [00:00<?, ?it/s]
Epoch 24/50 [Train]:   0%|          | 2/459 [00:00<00:44, 10.18it/s]
Epoch 24/50 [Train]:   1%|          | 4/459 [00:00<00:38, 11.72it/s]
Epoch 24/50 [Train]:   1%|▏         | 6/459 [00:00<00:41, 10.80it/s]
Epoch 24/50 [Train]:   2%|▏         | 8/459 [00:00<00:39, 11.40it/s]
Epoch 24/50 [Train]:   2%|▏         | 10/459 [00:00<00:36, 12.25it/s]
Epoch 24/50 [Train]:   3%|▎         | 12/459 [00:01<00:36, 12.15it/s]
Epoch 24/50 [Train]:   3%|▎         | 14/459 [00:01<00:39, 11.17it/s]
Epoch 24/50 [Train]:   3%|▎         | 16/459 [00:01<00:40, 10.91it/s]
Epoch 24/50 [Train]:   4%|▍         | 18/459 [00:01<00:39, 11.30it/s]
Epoch 24/50 [Train]:   4%|▍         | 20/459 [00:01<00:37, 11.75it/s]
Epoch 24/50 [Train]:   5%|▍         | 22/459 [00:01<00:36, 11.98it/s]
Epoch 24/50 [Train]:   5%|▌         | 24/459 [00:02<00:35, 12.23it/s]
Epoch 24/50 [Train]:   6%|▌         | 26/459 [00:02<00:36, 11.76it/s]
Epoch 24/50 [Train]:   6%|▌         | 28/459 [00:02<00:38, 11.11it/s]
Epoch 24/50 [Train]:   7%|▋         | 30/459 [00:02<00:39, 10.86it/s]
Epoch 24/50 [Train]:   7%|▋         | 32/459 [00:02<00:40, 10.60it/s]
Epoch 24/50 [Train]:   7%|▋         | 34/459 [00:03<00:40, 10.50it/s]
Epoch 24/50 [Train]:   8%|▊         | 36/459 [00:03<00:37, 11.24it/s]
Epoch 24/50 [Train]:   8%|▊         | 38/459 [00:03<00:36, 11.58it/s]
Epoch 24/50 [Train]:   9%|▊         | 40/459 [00:03<00:37, 11.19it/s]
Epoch 24/50 [Train]:   9%|▉         | 42/459 [00:03<00:38, 10.83it/s]
Epoch 24/50 [Train]:  10%|▉         | 44/459 [00:03<00:39, 10.55it/s]
Epoch 24/50 [Train]:  10%|█         | 46/459 [00:04<00:39, 10.55it/s]
Epoch 24/50 [Train]:  10%|█         | 48/459 [00:04<00:38, 10.67it/s]
Epoch 24/50 [Train]:  11%|█         | 50/459 [00:04<00:38, 10.68it/s]
Epoch 24/50 [Train]:  11%|█▏        | 52/459 [00:04<00:38, 10.60it/s]
Epoch 24/50 [Train]:  12%|█▏        | 54/459 [00:04<00:38, 10.59it/s]
Epoch 24/50 [Train]:  12%|█▏        | 56/459 [00:05<00:36, 10.94it/s]
Epoch 24/50 [Train]:  13%|█▎        | 58/459 [00:05<00:37, 10.80it/s]
Epoch 24/50 [Train]:  13%|█▎        | 60/459 [00:05<00:35, 11.15it/s]
Epoch 24/50 [Train]:  14%|█▎        | 62/459 [00:05<00:34, 11.65it/s]
Epoch 24/50 [Train]:  14%|█▍        | 64/459 [00:05<00:35, 11.13it/s]
Epoch 24/50 [Train]:  14%|█▍        | 66/459 [00:05<00:35, 11.07it/s]
Epoch 24/50 [Train]:  15%|█▍        | 68/459 [00:06<00:35, 10.87it/s]
Epoch 24/50 [Train]:  15%|█▌        | 70/459 [00:06<00:36, 10.80it/s]
Epoch 24/50 [Train]:  16%|█▌        | 72/459 [00:06<00:35, 10.78it/s]
Epoch 24/50 [Train]:  16%|█▌        | 74/459 [00:06<00:36, 10.67it/s]
Epoch 24/50 [Train]:  17%|█▋        | 76/459 [00:06<00:36, 10.49it/s]
Epoch 24/50 [Train]:  17%|█▋        | 78/459 [00:07<00:37, 10.07it/s]
Epoch 24/50 [Train]:  17%|█▋        | 80/459 [00:07<00:37, 10.21it/s]
Epoch 24/50 [Train]:  18%|█▊        | 82/459 [00:07<00:37, 10.06it/s]
Epoch 24/50 [Train]:  18%|█▊        | 84/459 [00:07<00:36, 10.29it/s]
Epoch 24/50 [Train]:  19%|█▊        | 86/459 [00:07<00:35, 10.54it/s]
Epoch 24/50 [Train]:  19%|█▉        | 88/459 [00:08<00:34, 10.69it/s]
Epoch 24/50 [Train]:  20%|█▉        | 90/459 [00:08<00:35, 10.47it/s]
Epoch 24/50 [Train]:  20%|██        | 92/459 [00:08<00:35, 10.41it/s]
Epoch 24/50 [Train]:  20%|██        | 94/459 [00:08<00:35, 10.34it/s]
Epoch 24/50 [Train]:  21%|██        | 96/459 [00:08<00:34, 10.41it/s]
Epoch 24/50 [Train]:  21%|██▏       | 98/459 [00:08<00:33, 10.76it/s]
Epoch 24/50 [Train]:  22%|██▏       | 100/459 [00:09<00:32, 10.88it/s]
Epoch 24/50 [Train]:  22%|██▏       | 102/459 [00:09<00:32, 11.08it/s]
Epoch 24/50 [Train]:  23%|██▎       | 104/459 [00:09<00:32, 10.91it/s]
Epoch 24/50 [Train]:  23%|██▎       | 106/459 [00:09<00:33, 10.39it/s]
Epoch 24/50 [Train]:  24%|██▎       | 108/459 [00:09<00:33, 10.42it/s]
Epoch 24/50 [Train]:  24%|██▍       | 110/459 [00:10<00:33, 10.32it/s]
Epoch 24/50 [Train]:  24%|██▍       | 112/459 [00:10<00:33, 10.47it/s]
Epoch 24/50 [Train]:  25%|██▍       | 114/459 [00:10<00:32, 10.60it/s]
Epoch 24/50 [Train]:  25%|██▌       | 116/459 [00:10<00:30, 11.19it/s]
Epoch 24/50 [Train]:  26%|██▌       | 118/459 [00:10<00:30, 11.03it/s]
Epoch 24/50 [Train]:  26%|██▌       | 120/459 [00:11<00:31, 10.84it/s]
Epoch 24/50 [Train]:  27%|██▋       | 122/459 [00:11<00:30, 10.94it/s]
Epoch 24/50 [Train]:  27%|██▋       | 124/459 [00:11<00:31, 10.80it/s]
Epoch 24/50 [Train]:  27%|██▋       | 126/459 [00:11<00:31, 10.55it/s]
Epoch 24/50 [Train]:  28%|██▊       | 128/459 [00:11<00:30, 10.74it/s]
Epoch 24/50 [Train]:  28%|██▊       | 130/459 [00:11<00:31, 10.50it/s]
Epoch 24/50 [Train]:  29%|██▉       | 132/459 [00:12<00:30, 10.58it/s]
Epoch 24/50 [Train]:  29%|██▉       | 134/459 [00:12<00:30, 10.62it/s]
Epoch 24/50 [Train]:  30%|██▉       | 136/459 [00:12<00:30, 10.55it/s]
Epoch 24/50 [Train]:  30%|███       | 138/459 [00:12<00:30, 10.52it/s]
Epoch 24/50 [Train]:  31%|███       | 140/459 [00:12<00:30, 10.33it/s]
Epoch 24/50 [Train]:  31%|███       | 142/459 [00:13<00:28, 10.94it/s]
Epoch 24/50 [Train]:  31%|███▏      | 144/459 [00:13<00:27, 11.61it/s]
Epoch 24/50 [Train]:  32%|███▏      | 146/459 [00:13<00:27, 11.54it/s]
Epoch 24/50 [Train]:  32%|███▏      | 148/459 [00:13<00:28, 11.05it/s]
Epoch 24/50 [Train]:  33%|███▎      | 150/459 [00:13<00:28, 10.82it/s]
Epoch 24/50 [Train]:  33%|███▎      | 152/459 [00:14<00:28, 10.71it/s]
Epoch 24/50 [Train]:  34%|███▎      | 154/459 [00:14<00:28, 10.53it/s]
Epoch 24/50 [Train]:  34%|███▍      | 156/459 [00:14<00:27, 11.05it/s]
Epoch 24/50 [Train]:  34%|███▍      | 158/459 [00:14<00:27, 10.89it/s]
Epoch 24/50 [Train]:  35%|███▍      | 160/459 [00:14<00:27, 10.75it/s]
Epoch 24/50 [Train]:  35%|███▌      | 162/459 [00:14<00:27, 10.91it/s]
Epoch 24/50 [Train]:  36%|███▌      | 164/459 [00:15<00:27, 10.59it/s]
Epoch 24/50 [Train]:  36%|███▌      | 166/459 [00:15<00:27, 10.70it/s]
Epoch 24/50 [Train]:  37%|███▋      | 168/459 [00:15<00:25, 11.28it/s]
Epoch 24/50 [Train]:  37%|███▋      | 170/459 [00:15<00:24, 11.58it/s]
Epoch 24/50 [Train]:  37%|███▋      | 172/459 [00:15<00:26, 10.99it/s]
Epoch 24/50 [Train]:  38%|███▊      | 174/459 [00:16<00:26, 10.82it/s]
Epoch 24/50 [Train]:  38%|███▊      | 176/459 [00:16<00:24, 11.60it/s]
Epoch 24/50 [Train]:  39%|███▉      | 178/459 [00:16<00:24, 11.28it/s]
Epoch 24/50 [Train]:  39%|███▉      | 180/459 [00:16<00:25, 11.13it/s]
Epoch 24/50 [Train]:  40%|███▉      | 182/459 [00:16<00:25, 10.89it/s]
Epoch 24/50 [Train]:  40%|████      | 184/459 [00:16<00:24, 11.11it/s]
Epoch 24/50 [Train]:  41%|████      | 186/459 [00:17<00:25, 10.83it/s]
Epoch 24/50 [Train]:  41%|████      | 188/459 [00:17<00:25, 10.69it/s]
Epoch 24/50 [Train]:  41%|████▏     | 190/459 [00:17<00:25, 10.63it/s]
Epoch 24/50 [Train]:  42%|████▏     | 192/459 [00:17<00:23, 11.24it/s]
Epoch 24/50 [Train]:  42%|████▏     | 194/459 [00:17<00:23, 11.16it/s]
Epoch 24/50 [Train]:  43%|████▎     | 196/459 [00:18<00:23, 11.03it/s]
Epoch 24/50 [Train]:  43%|████▎     | 198/459 [00:18<00:23, 10.98it/s]
Epoch 24/50 [Train]:  44%|████▎     | 200/459 [00:18<00:23, 10.82it/s]
Epoch 24/50 [Train]:  44%|████▍     | 202/459 [00:18<00:23, 10.78it/s]
Epoch 24/50 [Train]:  44%|████▍     | 204/459 [00:18<00:23, 10.72it/s]
Epoch 24/50 [Train]:  45%|████▍     | 206/459 [00:18<00:23, 10.92it/s]
Epoch 24/50 [Train]:  45%|████▌     | 208/459 [00:19<00:23, 10.67it/s]
Epoch 24/50 [Train]:  46%|████▌     | 210/459 [00:19<00:23, 10.55it/s]
Epoch 24/50 [Train]:  46%|████▌     | 212/459 [00:19<00:23, 10.60it/s]
Epoch 24/50 [Train]:  47%|████▋     | 214/459 [00:19<00:23, 10.40it/s]
Epoch 24/50 [Train]:  47%|████▋     | 216/459 [00:19<00:25,  9.71it/s]
Epoch 24/50 [Train]:  47%|████▋     | 218/459 [00:20<00:24,  9.84it/s]
Epoch 24/50 [Train]:  48%|████▊     | 220/459 [00:20<00:23, 10.00it/s]
Epoch 24/50 [Train]:  48%|████▊     | 222/459 [00:20<00:23, 10.11it/s]
Epoch 24/50 [Train]:  49%|████▉     | 224/459 [00:20<00:23, 10.06it/s]
Epoch 24/50 [Train]:  49%|████▉     | 226/459 [00:20<00:22, 10.19it/s]
Epoch 24/50 [Train]:  50%|████▉     | 228/459 [00:21<00:23,  9.86it/s]
Epoch 24/50 [Train]:  50%|█████     | 230/459 [00:21<00:21, 10.54it/s]
Epoch 24/50 [Train]:  51%|█████     | 232/459 [00:21<00:21, 10.37it/s]
Epoch 24/50 [Train]:  51%|█████     | 234/459 [00:21<00:21, 10.44it/s]
Epoch 24/50 [Train]:  51%|█████▏    | 236/459 [00:21<00:21, 10.54it/s]
Epoch 24/50 [Train]:  52%|█████▏    | 238/459 [00:22<00:21, 10.46it/s]
Epoch 24/50 [Train]:  52%|█████▏    | 240/459 [00:22<00:20, 10.52it/s]
Epoch 24/50 [Train]:  53%|█████▎    | 242/459 [00:22<00:20, 10.62it/s]
Epoch 24/50 [Train]:  53%|█████▎    | 244/459 [00:22<00:20, 10.67it/s]
Epoch 24/50 [Train]:  54%|█████▎    | 246/459 [00:22<00:18, 11.26it/s]
Epoch 24/50 [Train]:  54%|█████▍    | 248/459 [00:22<00:18, 11.36it/s]
Epoch 24/50 [Train]:  54%|█████▍    | 250/459 [00:23<00:18, 11.40it/s]
Epoch 24/50 [Train]:  55%|█████▍    | 252/459 [00:23<00:19, 10.70it/s]
Epoch 24/50 [Train]:  55%|█████▌    | 254/459 [00:23<00:18, 10.82it/s]
Epoch 24/50 [Train]:  56%|█████▌    | 256/459 [00:23<00:19, 10.61it/s]
Epoch 24/50 [Train]:  56%|█████▌    | 258/459 [00:23<00:18, 10.60it/s]
Epoch 24/50 [Train]:  57%|█████▋    | 260/459 [00:24<00:18, 10.65it/s]
Epoch 24/50 [Train]:  57%|█████▋    | 262/459 [00:24<00:18, 10.46it/s]
Epoch 24/50 [Train]:  58%|█████▊    | 264/459 [00:24<00:19, 10.20it/s]
Epoch 24/50 [Train]:  58%|█████▊    | 266/459 [00:24<00:18, 10.41it/s]
Epoch 24/50 [Train]:  58%|█████▊    | 268/459 [00:24<00:17, 11.00it/s]
Epoch 24/50 [Train]:  59%|█████▉    | 270/459 [00:25<00:16, 11.47it/s]
Epoch 24/50 [Train]:  59%|█████▉    | 272/459 [00:25<00:15, 11.76it/s]
Epoch 24/50 [Train]:  60%|█████▉    | 274/459 [00:25<00:16, 11.22it/s]
Epoch 24/50 [Train]:  60%|██████    | 276/459 [00:25<00:15, 11.59it/s]
Epoch 24/50 [Train]:  61%|██████    | 278/459 [00:25<00:16, 11.18it/s]
Epoch 24/50 [Train]:  61%|██████    | 280/459 [00:25<00:15, 11.33it/s]
Epoch 24/50 [Train]:  61%|██████▏   | 282/459 [00:26<00:15, 11.62it/s]
Epoch 24/50 [Train]:  62%|██████▏   | 284/459 [00:26<00:15, 11.31it/s]
Epoch 24/50 [Train]:  62%|██████▏   | 286/459 [00:26<00:15, 10.86it/s]
Epoch 24/50 [Train]:  63%|██████▎   | 288/459 [00:26<00:15, 10.72it/s]
Epoch 24/50 [Train]:  63%|██████▎   | 290/459 [00:26<00:15, 10.78it/s]
Epoch 24/50 [Train]:  64%|██████▎   | 292/459 [00:27<00:15, 10.64it/s]
Epoch 24/50 [Train]:  64%|██████▍   | 294/459 [00:27<00:15, 10.81it/s]
Epoch 24/50 [Train]:  64%|██████▍   | 296/459 [00:27<00:14, 11.07it/s]
Epoch 24/50 [Train]:  65%|██████▍   | 298/459 [00:27<00:14, 10.95it/s]
Epoch 24/50 [Train]:  65%|██████▌   | 300/459 [00:27<00:13, 11.59it/s]
Epoch 24/50 [Train]:  66%|██████▌   | 302/459 [00:27<00:13, 11.77it/s]
Epoch 24/50 [Train]:  66%|██████▌   | 304/459 [00:28<00:13, 11.29it/s]
Epoch 24/50 [Train]:  67%|██████▋   | 306/459 [00:28<00:13, 11.03it/s]
Epoch 24/50 [Train]:  67%|██████▋   | 308/459 [00:28<00:13, 11.53it/s]
Epoch 24/50 [Train]:  68%|██████▊   | 310/459 [00:28<00:12, 11.91it/s]
Epoch 24/50 [Train]:  68%|██████▊   | 312/459 [00:28<00:12, 11.50it/s]
Epoch 24/50 [Train]:  68%|██████▊   | 314/459 [00:28<00:12, 11.71it/s]
Epoch 24/50 [Train]:  69%|██████▉   | 316/459 [00:29<00:12, 11.78it/s]
Epoch 24/50 [Train]:  69%|██████▉   | 318/459 [00:29<00:12, 11.14it/s]
Epoch 24/50 [Train]:  70%|██████▉   | 320/459 [00:29<00:12, 10.82it/s]
Epoch 24/50 [Train]:  70%|███████   | 322/459 [00:29<00:12, 11.22it/s]
Epoch 24/50 [Train]:  71%|███████   | 324/459 [00:29<00:12, 10.69it/s]
Epoch 24/50 [Train]:  71%|███████   | 326/459 [00:30<00:12, 10.54it/s]
Epoch 24/50 [Train]:  71%|███████▏  | 328/459 [00:30<00:11, 11.24it/s]
Epoch 24/50 [Train]:  72%|███████▏  | 330/459 [00:30<00:11, 11.01it/s]
Epoch 24/50 [Train]:  72%|███████▏  | 332/459 [00:30<00:11, 10.81it/s]
Epoch 24/50 [Train]:  73%|███████▎  | 334/459 [00:30<00:11, 10.60it/s]
Epoch 24/50 [Train]:  73%|███████▎  | 336/459 [00:30<00:11, 10.54it/s]
Epoch 24/50 [Train]:  74%|███████▎  | 338/459 [00:31<00:10, 11.04it/s]
Epoch 24/50 [Train]:  74%|███████▍  | 340/459 [00:31<00:10, 10.99it/s]
Epoch 24/50 [Train]:  75%|███████▍  | 342/459 [00:31<00:10, 10.94it/s]
Epoch 24/50 [Train]:  75%|███████▍  | 344/459 [00:31<00:10, 10.71it/s]
Epoch 24/50 [Train]:  75%|███████▌  | 346/459 [00:31<00:10, 10.59it/s]
Epoch 24/50 [Train]:  76%|███████▌  | 348/459 [00:32<00:10, 10.58it/s]
Epoch 24/50 [Train]:  76%|███████▋  | 350/459 [00:32<00:10, 10.32it/s]
Epoch 24/50 [Train]:  77%|███████▋  | 352/459 [00:32<00:10, 10.64it/s]
Epoch 24/50 [Train]:  77%|███████▋  | 354/459 [00:32<00:10, 10.39it/s]
Epoch 24/50 [Train]:  78%|███████▊  | 356/459 [00:32<00:09, 10.54it/s]
Epoch 24/50 [Train]:  78%|███████▊  | 358/459 [00:33<00:09, 10.78it/s]
Epoch 24/50 [Train]:  78%|███████▊  | 360/459 [00:33<00:09, 10.72it/s]
Epoch 24/50 [Train]:  79%|███████▉  | 362/459 [00:33<00:08, 11.22it/s]
Epoch 24/50 [Train]:  79%|███████▉  | 364/459 [00:33<00:08, 11.13it/s]
Epoch 24/50 [Train]:  80%|███████▉  | 366/459 [00:33<00:08, 10.80it/s]
Epoch 24/50 [Train]:  80%|████████  | 368/459 [00:33<00:08, 10.87it/s]
Epoch 24/50 [Train]:  81%|████████  | 370/459 [00:34<00:08, 10.80it/s]
Epoch 24/50 [Train]:  81%|████████  | 372/459 [00:34<00:08, 10.60it/s]
Epoch 24/50 [Train]:  81%|████████▏ | 374/459 [00:34<00:08, 10.43it/s]
Epoch 24/50 [Train]:  82%|████████▏ | 376/459 [00:34<00:07, 11.02it/s]
Epoch 24/50 [Train]:  82%|████████▏ | 378/459 [00:34<00:07, 11.04it/s]
Epoch 24/50 [Train]:  83%|████████▎ | 380/459 [00:35<00:07, 10.85it/s]
Epoch 24/50 [Train]:  83%|████████▎ | 382/459 [00:35<00:07, 10.98it/s]
Epoch 24/50 [Train]:  84%|████████▎ | 384/459 [00:35<00:06, 11.05it/s]
Epoch 24/50 [Train]:  84%|████████▍ | 386/459 [00:35<00:06, 10.58it/s]
Epoch 24/50 [Train]:  85%|████████▍ | 388/459 [00:35<00:07, 10.04it/s]
Epoch 24/50 [Train]:  85%|████████▍ | 390/459 [00:36<00:06,  9.99it/s]
Epoch 24/50 [Train]:  85%|████████▌ | 392/459 [00:36<00:06,  9.80it/s]
Epoch 24/50 [Train]:  86%|████████▌ | 394/459 [00:36<00:06, 10.53it/s]
Epoch 24/50 [Train]:  86%|████████▋ | 396/459 [00:36<00:05, 10.52it/s]
Epoch 24/50 [Train]:  87%|████████▋ | 398/459 [00:36<00:05, 10.22it/s]
Epoch 24/50 [Train]:  87%|████████▋ | 400/459 [00:36<00:05, 10.31it/s]
Epoch 24/50 [Train]:  88%|████████▊ | 402/459 [00:37<00:05, 10.22it/s]
Epoch 24/50 [Train]:  88%|████████▊ | 404/459 [00:37<00:05, 10.33it/s]
Epoch 24/50 [Train]:  88%|████████▊ | 406/459 [00:37<00:05, 10.48it/s]
Epoch 24/50 [Train]:  89%|████████▉ | 408/459 [00:37<00:04, 10.81it/s]
Epoch 24/50 [Train]:  89%|████████▉ | 410/459 [00:37<00:04, 10.24it/s]
Epoch 24/50 [Train]:  90%|████████▉ | 412/459 [00:38<00:04, 10.22it/s]
Epoch 24/50 [Train]:  90%|█████████ | 414/459 [00:38<00:04, 10.31it/s]
Epoch 24/50 [Train]:  91%|█████████ | 416/459 [00:38<00:04, 10.61it/s]
Epoch 24/50 [Train]:  91%|█████████ | 418/459 [00:38<00:03, 10.69it/s]
Epoch 24/50 [Train]:  92%|█████████▏| 420/459 [00:38<00:03, 10.73it/s]
Epoch 24/50 [Train]:  92%|█████████▏| 422/459 [00:39<00:03, 10.86it/s]
Epoch 24/50 [Train]:  92%|█████████▏| 424/459 [00:39<00:03, 10.64it/s]
Epoch 24/50 [Train]:  93%|█████████▎| 426/459 [00:39<00:03, 10.68it/s]
Epoch 24/50 [Train]:  93%|█████████▎| 428/459 [00:39<00:03,  9.93it/s]
Epoch 24/50 [Train]:  94%|█████████▎| 430/459 [00:39<00:02, 10.13it/s]
Epoch 24/50 [Train]:  94%|█████████▍| 432/459 [00:40<00:02, 10.26it/s]
Epoch 24/50 [Train]:  95%|█████████▍| 434/459 [00:40<00:02, 10.33it/s]
Epoch 24/50 [Train]:  95%|█████████▍| 436/459 [00:40<00:02, 10.83it/s]
Epoch 24/50 [Train]:  95%|█████████▌| 438/459 [00:40<00:01, 11.16it/s]
Epoch 24/50 [Train]:  96%|█████████▌| 440/459 [00:40<00:02,  9.48it/s]
Epoch 24/50 [Train]:  96%|█████████▋| 442/459 [00:41<00:01,  9.94it/s]
Epoch 24/50 [Train]:  97%|█████████▋| 444/459 [00:41<00:01, 10.37it/s]
Epoch 24/50 [Train]:  97%|█████████▋| 446/459 [00:41<00:01, 10.64it/s]
Epoch 24/50 [Train]:  98%|█████████▊| 448/459 [00:41<00:01, 10.82it/s]
Epoch 24/50 [Train]:  98%|█████████▊| 450/459 [00:41<00:00, 10.62it/s]
Epoch 24/50 [Train]:  98%|█████████▊| 452/459 [00:41<00:00, 10.46it/s]
Epoch 24/50 [Train]:  99%|█████████▉| 454/459 [00:42<00:00, 10.54it/s]
Epoch 24/50 [Train]:  99%|█████████▉| 456/459 [00:42<00:00, 10.44it/s]
Epoch 24/50 [Train]: 100%|█████████▉| 458/459 [00:42<00:00, 10.54it/s]
                                                                      

Epoch 24/50 [Val]:   0%|          | 0/113 [00:00<?, ?it/s]
Epoch 24/50 [Val]:   2%|▏         | 2/113 [00:00<00:10, 10.29it/s]
Epoch 24/50 [Val]:   4%|▎         | 4/113 [00:00<00:12,  8.62it/s]
Epoch 24/50 [Val]:   4%|▍         | 5/113 [00:00<00:12,  8.34it/s]
Epoch 24/50 [Val]:   5%|▌         | 6/113 [00:00<00:12,  8.46it/s]
Epoch 24/50 [Val]:   6%|▌         | 7/113 [00:00<00:12,  8.32it/s]
Epoch 24/50 [Val]:   7%|▋         | 8/113 [00:00<00:13,  7.79it/s]
Epoch 24/50 [Val]:   8%|▊         | 9/113 [00:01<00:12,  8.16it/s]
Epoch 24/50 [Val]:  10%|▉         | 11/113 [00:01<00:10,  9.89it/s]
Epoch 24/50 [Val]:  12%|█▏        | 13/113 [00:01<00:10,  9.52it/s]
Epoch 24/50 [Val]:  12%|█▏        | 14/113 [00:01<00:11,  8.84it/s]
Epoch 24/50 [Val]:  13%|█▎        | 15/113 [00:01<00:11,  8.25it/s]
Epoch 24/50 [Val]:  14%|█▍        | 16/113 [00:01<00:12,  7.85it/s]
Epoch 24/50 [Val]:  15%|█▌        | 17/113 [00:02<00:12,  7.70it/s]
Epoch 24/50 [Val]:  16%|█▌        | 18/113 [00:02<00:11,  8.00it/s]
Epoch 24/50 [Val]:  17%|█▋        | 19/113 [00:02<00:12,  7.81it/s]
Epoch 24/50 [Val]:  18%|█▊        | 20/113 [00:02<00:12,  7.40it/s]
Epoch 24/50 [Val]:  19%|█▊        | 21/113 [00:02<00:12,  7.37it/s]
Epoch 24/50 [Val]:  19%|█▉        | 22/113 [00:02<00:12,  7.23it/s]
Epoch 24/50 [Val]:  20%|██        | 23/113 [00:02<00:12,  7.18it/s]
Epoch 24/50 [Val]:  21%|██        | 24/113 [00:02<00:12,  7.24it/s]
Epoch 24/50 [Val]:  22%|██▏       | 25/113 [00:03<00:11,  7.42it/s]
Epoch 24/50 [Val]:  23%|██▎       | 26/113 [00:03<00:11,  7.62it/s]
Epoch 24/50 [Val]:  25%|██▍       | 28/113 [00:03<00:09,  9.41it/s]
Epoch 24/50 [Val]:  27%|██▋       | 30/113 [00:03<00:08,  9.89it/s]
Epoch 24/50 [Val]:  28%|██▊       | 32/113 [00:03<00:07, 10.33it/s]
Epoch 24/50 [Val]:  30%|███       | 34/113 [00:04<00:08,  9.23it/s]
Epoch 24/50 [Val]:  31%|███       | 35/113 [00:04<00:08,  9.01it/s]
Epoch 24/50 [Val]:  33%|███▎      | 37/113 [00:04<00:08,  9.01it/s]
Epoch 24/50 [Val]:  34%|███▎      | 38/113 [00:04<00:08,  8.95it/s]
Epoch 24/50 [Val]:  35%|███▌      | 40/113 [00:04<00:06, 10.86it/s]
Epoch 24/50 [Val]:  37%|███▋      | 42/113 [00:04<00:07, 10.09it/s]
Epoch 24/50 [Val]:  39%|███▉      | 44/113 [00:04<00:05, 11.60it/s]
Epoch 24/50 [Val]:  41%|████      | 46/113 [00:05<00:06,  9.84it/s]
Epoch 24/50 [Val]:  42%|████▏     | 48/113 [00:05<00:06, 10.09it/s]
Epoch 24/50 [Val]:  44%|████▍     | 50/113 [00:05<00:06, 10.35it/s]
Epoch 24/50 [Val]:  46%|████▌     | 52/113 [00:05<00:06,  9.71it/s]
Epoch 24/50 [Val]:  48%|████▊     | 54/113 [00:06<00:06,  9.20it/s]
Epoch 24/50 [Val]:  50%|████▉     | 56/113 [00:06<00:05, 10.62it/s]
Epoch 24/50 [Val]:  51%|█████▏    | 58/113 [00:06<00:05,  9.36it/s]
Epoch 24/50 [Val]:  53%|█████▎    | 60/113 [00:06<00:04, 10.96it/s]
Epoch 24/50 [Val]:  55%|█████▍    | 62/113 [00:06<00:04, 12.14it/s]
Epoch 24/50 [Val]:  57%|█████▋    | 64/113 [00:06<00:04, 11.97it/s]
Epoch 24/50 [Val]:  58%|█████▊    | 66/113 [00:07<00:04, 10.41it/s]
Epoch 24/50 [Val]:  60%|██████    | 68/113 [00:07<00:04, 10.32it/s]
Epoch 24/50 [Val]:  62%|██████▏   | 70/113 [00:07<00:04,  9.43it/s]
Epoch 24/50 [Val]:  64%|██████▎   | 72/113 [00:07<00:04,  8.97it/s]
Epoch 24/50 [Val]:  65%|██████▍   | 73/113 [00:07<00:04,  8.78it/s]
Epoch 24/50 [Val]:  65%|██████▌   | 74/113 [00:08<00:04,  8.63it/s]
Epoch 24/50 [Val]:  66%|██████▋   | 75/113 [00:08<00:04,  8.47it/s]
Epoch 24/50 [Val]:  67%|██████▋   | 76/113 [00:08<00:04,  8.38it/s]
Epoch 24/50 [Val]:  68%|██████▊   | 77/113 [00:08<00:04,  8.10it/s]
Epoch 24/50 [Val]:  69%|██████▉   | 78/113 [00:08<00:04,  8.21it/s]
Epoch 24/50 [Val]:  70%|██████▉   | 79/113 [00:08<00:03,  8.60it/s]
Epoch 24/50 [Val]:  71%|███████   | 80/113 [00:08<00:03,  8.36it/s]
Epoch 24/50 [Val]:  72%|███████▏  | 81/113 [00:08<00:03,  8.12it/s]
Epoch 24/50 [Val]:  73%|███████▎  | 82/113 [00:09<00:03,  8.13it/s]
Epoch 24/50 [Val]:  73%|███████▎  | 83/113 [00:09<00:03,  8.24it/s]
Epoch 24/50 [Val]:  75%|███████▌  | 85/113 [00:09<00:03,  9.18it/s]
Epoch 24/50 [Val]:  76%|███████▌  | 86/113 [00:09<00:02,  9.00it/s]
Epoch 24/50 [Val]:  77%|███████▋  | 87/113 [00:09<00:02,  8.73it/s]
Epoch 24/50 [Val]:  78%|███████▊  | 88/113 [00:09<00:02,  8.49it/s]
Epoch 24/50 [Val]:  79%|███████▉  | 89/113 [00:09<00:02,  8.38it/s]
Epoch 24/50 [Val]:  80%|███████▉  | 90/113 [00:09<00:02,  8.23it/s]
Epoch 24/50 [Val]:  81%|████████  | 91/113 [00:10<00:02,  8.25it/s]
Epoch 24/50 [Val]:  81%|████████▏ | 92/113 [00:10<00:02,  8.18it/s]
Epoch 24/50 [Val]:  83%|████████▎ | 94/113 [00:10<00:01,  9.59it/s]
Epoch 24/50 [Val]:  84%|████████▍ | 95/113 [00:10<00:01,  9.48it/s]
Epoch 24/50 [Val]:  85%|████████▍ | 96/113 [00:10<00:01,  9.01it/s]
Epoch 24/50 [Val]:  86%|████████▌ | 97/113 [00:10<00:01,  9.01it/s]
Epoch 24/50 [Val]:  87%|████████▋ | 98/113 [00:10<00:01,  8.91it/s]
Epoch 24/50 [Val]:  88%|████████▊ | 99/113 [00:10<00:01,  8.64it/s]
Epoch 24/50 [Val]:  88%|████████▊ | 100/113 [00:11<00:01,  8.34it/s]
Epoch 24/50 [Val]:  89%|████████▉ | 101/113 [00:11<00:01,  8.15it/s]
Epoch 24/50 [Val]:  90%|█████████ | 102/113 [00:11<00:01,  7.83it/s]
Epoch 24/50 [Val]:  91%|█████████ | 103/113 [00:11<00:01,  7.96it/s]
Epoch 24/50 [Val]:  92%|█████████▏| 104/113 [00:11<00:01,  8.09it/s]
Epoch 24/50 [Val]:  94%|█████████▍| 106/113 [00:11<00:00,  9.30it/s]
Epoch 24/50 [Val]:  95%|█████████▍| 107/113 [00:11<00:00,  9.08it/s]
Epoch 24/50 [Val]:  96%|█████████▌| 108/113 [00:12<00:00,  8.97it/s]
Epoch 24/50 [Val]:  97%|█████████▋| 110/113 [00:12<00:00, 10.33it/s]
Epoch 24/50 [Val]:  99%|█████████▉| 112/113 [00:12<00:00,  9.38it/s]
                                                                    

Epoch 25/50 [Train]:   0%|          | 0/459 [00:00<?, ?it/s]
Epoch 25/50 [Train]:   0%|          | 1/459 [00:00<00:46,  9.82it/s]
Epoch 25/50 [Train]:   1%|          | 3/459 [00:00<00:44, 10.25it/s]
Epoch 25/50 [Train]:   1%|          | 5/459 [00:00<00:42, 10.60it/s]
Epoch 25/50 [Train]:   2%|▏         | 7/459 [00:00<00:41, 10.77it/s]
Epoch 25/50 [Train]:   2%|▏         | 9/459 [00:00<00:41, 10.91it/s]
Epoch 25/50 [Train]:   2%|▏         | 11/459 [00:01<00:41, 10.76it/s]
Epoch 25/50 [Train]:   3%|▎         | 13/459 [00:01<00:41, 10.67it/s]
Epoch 25/50 [Train]:   3%|▎         | 15/459 [00:01<00:41, 10.58it/s]
Epoch 25/50 [Train]:   4%|▎         | 17/459 [00:01<00:42, 10.30it/s]
Epoch 25/50 [Train]:   4%|▍         | 19/459 [00:01<00:41, 10.51it/s]
Epoch 25/50 [Train]:   5%|▍         | 21/459 [00:01<00:40, 10.81it/s]
Epoch 25/50 [Train]:   5%|▌         | 23/459 [00:02<00:41, 10.39it/s]
Epoch 25/50 [Train]:   5%|▌         | 25/459 [00:02<00:39, 10.86it/s]
Epoch 25/50 [Train]:   6%|▌         | 27/459 [00:02<00:40, 10.75it/s]
Epoch 25/50 [Train]:   6%|▋         | 29/459 [00:02<00:41, 10.46it/s]
Epoch 25/50 [Train]:   7%|▋         | 31/459 [00:02<00:39, 10.79it/s]
Epoch 25/50 [Train]:   7%|▋         | 33/459 [00:03<00:40, 10.62it/s]
Epoch 25/50 [Train]:   8%|▊         | 35/459 [00:03<00:40, 10.55it/s]
Epoch 25/50 [Train]:   8%|▊         | 37/459 [00:03<00:39, 10.69it/s]
Epoch 25/50 [Train]:   8%|▊         | 39/459 [00:03<00:40, 10.46it/s]
Epoch 25/50 [Train]:   9%|▉         | 41/459 [00:03<00:39, 10.54it/s]
Epoch 25/50 [Train]:   9%|▉         | 43/459 [00:04<00:39, 10.57it/s]
Epoch 25/50 [Train]:  10%|▉         | 45/459 [00:04<00:37, 11.10it/s]
Epoch 25/50 [Train]:  10%|█         | 47/459 [00:04<00:35, 11.70it/s]
Epoch 25/50 [Train]:  11%|█         | 49/459 [00:04<00:34, 11.93it/s]
Epoch 25/50 [Train]:  11%|█         | 51/459 [00:04<00:34, 11.99it/s]
Epoch 25/50 [Train]:  12%|█▏        | 53/459 [00:04<00:35, 11.45it/s]
Epoch 25/50 [Train]:  12%|█▏        | 55/459 [00:05<00:36, 10.93it/s]
Epoch 25/50 [Train]:  12%|█▏        | 57/459 [00:05<00:37, 10.71it/s]
Epoch 25/50 [Train]:  13%|█▎        | 59/459 [00:05<00:37, 10.53it/s]
Epoch 25/50 [Train]:  13%|█▎        | 61/459 [00:05<00:37, 10.74it/s]
Epoch 25/50 [Train]:  14%|█▎        | 63/459 [00:05<00:38, 10.27it/s]
Epoch 25/50 [Train]:  14%|█▍        | 65/459 [00:06<00:39, 10.00it/s]
Epoch 25/50 [Train]:  15%|█▍        | 67/459 [00:06<00:39,  9.94it/s]
Epoch 25/50 [Train]:  15%|█▌        | 69/459 [00:06<00:37, 10.31it/s]
Epoch 25/50 [Train]:  15%|█▌        | 71/459 [00:06<00:35, 11.00it/s]
Epoch 25/50 [Train]:  16%|█▌        | 73/459 [00:06<00:35, 10.84it/s]
Epoch 25/50 [Train]:  16%|█▋        | 75/459 [00:07<00:36, 10.63it/s]
Epoch 25/50 [Train]:  17%|█▋        | 77/459 [00:07<00:36, 10.50it/s]
Epoch 25/50 [Train]:  17%|█▋        | 79/459 [00:07<00:36, 10.42it/s]
Epoch 25/50 [Train]:  18%|█▊        | 81/459 [00:07<00:36, 10.39it/s]
Epoch 25/50 [Train]:  18%|█▊        | 83/459 [00:07<00:35, 10.57it/s]
Epoch 25/50 [Train]:  19%|█▊        | 85/459 [00:07<00:35, 10.48it/s]
Epoch 25/50 [Train]:  19%|█▉        | 87/459 [00:08<00:35, 10.47it/s]
Epoch 25/50 [Train]:  19%|█▉        | 89/459 [00:08<00:35, 10.48it/s]
Epoch 25/50 [Train]:  20%|█▉        | 91/459 [00:08<00:35, 10.32it/s]
Epoch 25/50 [Train]:  20%|██        | 93/459 [00:08<00:35, 10.20it/s]
Epoch 25/50 [Train]:  21%|██        | 95/459 [00:08<00:36,  9.90it/s]
Epoch 25/50 [Train]:  21%|██        | 97/459 [00:09<00:32, 11.13it/s]
Epoch 25/50 [Train]:  22%|██▏       | 99/459 [00:09<00:31, 11.50it/s]
Epoch 25/50 [Train]:  22%|██▏       | 101/459 [00:09<00:31, 11.19it/s]
Epoch 25/50 [Train]:  22%|██▏       | 103/459 [00:09<00:32, 10.93it/s]
Epoch 25/50 [Train]:  23%|██▎       | 105/459 [00:09<00:31, 11.41it/s]
Epoch 25/50 [Train]:  23%|██▎       | 107/459 [00:09<00:32, 10.83it/s]
Epoch 25/50 [Train]:  24%|██▎       | 109/459 [00:10<00:29, 11.97it/s]
Epoch 25/50 [Train]:  24%|██▍       | 111/459 [00:10<00:29, 11.60it/s]
Epoch 25/50 [Train]:  25%|██▍       | 113/459 [00:10<00:30, 11.30it/s]
Epoch 25/50 [Train]:  25%|██▌       | 115/459 [00:10<00:31, 10.97it/s]
Epoch 25/50 [Train]:  25%|██▌       | 117/459 [00:10<00:30, 11.09it/s]
Epoch 25/50 [Train]:  26%|██▌       | 119/459 [00:11<00:32, 10.55it/s]
Epoch 25/50 [Train]:  26%|██▋       | 121/459 [00:11<00:32, 10.40it/s]
Epoch 25/50 [Train]:  27%|██▋       | 123/459 [00:11<00:31, 10.50it/s]
Epoch 25/50 [Train]:  27%|██▋       | 125/459 [00:11<00:31, 10.46it/s]
Epoch 25/50 [Train]:  28%|██▊       | 127/459 [00:11<00:29, 11.08it/s]
Epoch 25/50 [Train]:  28%|██▊       | 129/459 [00:12<00:30, 10.75it/s]
Epoch 25/50 [Train]:  29%|██▊       | 131/459 [00:12<00:29, 11.29it/s]
Epoch 25/50 [Train]:  29%|██▉       | 133/459 [00:12<00:29, 10.90it/s]
Epoch 25/50 [Train]:  29%|██▉       | 135/459 [00:12<00:30, 10.75it/s]
Epoch 25/50 [Train]:  30%|██▉       | 137/459 [00:12<00:29, 10.93it/s]
Epoch 25/50 [Train]:  30%|███       | 139/459 [00:12<00:28, 11.24it/s]
Epoch 25/50 [Train]:  31%|███       | 141/459 [00:13<00:28, 10.98it/s]
Epoch 25/50 [Train]:  31%|███       | 143/459 [00:13<00:27, 11.50it/s]
Epoch 25/50 [Train]:  32%|███▏      | 145/459 [00:13<00:27, 11.30it/s]
Epoch 25/50 [Train]:  32%|███▏      | 147/459 [00:13<00:28, 10.88it/s]
Epoch 25/50 [Train]:  32%|███▏      | 149/459 [00:13<00:27, 11.39it/s]
Epoch 25/50 [Train]:  33%|███▎      | 151/459 [00:13<00:26, 11.54it/s]
Epoch 25/50 [Train]:  33%|███▎      | 153/459 [00:14<00:26, 11.38it/s]
Epoch 25/50 [Train]:  34%|███▍      | 155/459 [00:14<00:27, 11.21it/s]
Epoch 25/50 [Train]:  34%|███▍      | 157/459 [00:14<00:26, 11.22it/s]
Epoch 25/50 [Train]:  35%|███▍      | 159/459 [00:14<00:27, 10.94it/s]
Epoch 25/50 [Train]:  35%|███▌      | 161/459 [00:14<00:27, 10.93it/s]
Epoch 25/50 [Train]:  36%|███▌      | 163/459 [00:15<00:27, 10.60it/s]
Epoch 25/50 [Train]:  36%|███▌      | 165/459 [00:15<00:27, 10.67it/s]
Epoch 25/50 [Train]:  36%|███▋      | 167/459 [00:15<00:27, 10.74it/s]
Epoch 25/50 [Train]:  37%|███▋      | 169/459 [00:15<00:27, 10.54it/s]
Epoch 25/50 [Train]:  37%|███▋      | 171/459 [00:15<00:26, 10.88it/s]
Epoch 25/50 [Train]:  38%|███▊      | 173/459 [00:15<00:26, 10.93it/s]
Epoch 25/50 [Train]:  38%|███▊      | 175/459 [00:16<00:26, 10.77it/s]
Epoch 25/50 [Train]:  39%|███▊      | 177/459 [00:16<00:25, 10.86it/s]
Epoch 25/50 [Train]:  39%|███▉      | 179/459 [00:16<00:25, 11.05it/s]
Epoch 25/50 [Train]:  39%|███▉      | 181/459 [00:16<00:25, 10.85it/s]
Epoch 25/50 [Train]:  40%|███▉      | 183/459 [00:16<00:25, 10.89it/s]
Epoch 25/50 [Train]:  40%|████      | 185/459 [00:17<00:24, 11.32it/s]
Epoch 25/50 [Train]:  41%|████      | 187/459 [00:17<00:24, 10.99it/s]
Epoch 25/50 [Train]:  41%|████      | 189/459 [00:17<00:25, 10.79it/s]
Epoch 25/50 [Train]:  42%|████▏     | 191/459 [00:17<00:23, 11.27it/s]
Epoch 25/50 [Train]:  42%|████▏     | 193/459 [00:17<00:23, 11.22it/s]
Epoch 25/50 [Train]:  42%|████▏     | 195/459 [00:17<00:22, 11.63it/s]
Epoch 25/50 [Train]:  43%|████▎     | 197/459 [00:18<00:23, 11.36it/s]
Epoch 25/50 [Train]:  43%|████▎     | 199/459 [00:18<00:22, 11.43it/s]
Epoch 25/50 [Train]:  44%|████▍     | 201/459 [00:18<00:23, 10.97it/s]
Epoch 25/50 [Train]:  44%|████▍     | 203/459 [00:18<00:23, 10.79it/s]
Epoch 25/50 [Train]:  45%|████▍     | 205/459 [00:18<00:23, 10.81it/s]
Epoch 25/50 [Train]:  45%|████▌     | 207/459 [00:19<00:23, 10.74it/s]
Epoch 25/50 [Train]:  46%|████▌     | 209/459 [00:19<00:23, 10.58it/s]
Epoch 25/50 [Train]:  46%|████▌     | 211/459 [00:19<00:23, 10.48it/s]
Epoch 25/50 [Train]:  46%|████▋     | 213/459 [00:19<00:23, 10.32it/s]
Epoch 25/50 [Train]:  47%|████▋     | 215/459 [00:19<00:23, 10.46it/s]
Epoch 25/50 [Train]:  47%|████▋     | 217/459 [00:20<00:23, 10.32it/s]
Epoch 25/50 [Train]:  48%|████▊     | 219/459 [00:20<00:23, 10.23it/s]
Epoch 25/50 [Train]:  48%|████▊     | 221/459 [00:20<00:22, 10.41it/s]
Epoch 25/50 [Train]:  49%|████▊     | 223/459 [00:20<00:22, 10.38it/s]
Epoch 25/50 [Train]:  49%|████▉     | 225/459 [00:20<00:22, 10.35it/s]
Epoch 25/50 [Train]:  49%|████▉     | 227/459 [00:21<00:21, 10.72it/s]
Epoch 25/50 [Train]:  50%|████▉     | 229/459 [00:21<00:21, 10.82it/s]
Epoch 25/50 [Train]:  50%|█████     | 231/459 [00:21<00:20, 10.92it/s]
Epoch 25/50 [Train]:  51%|█████     | 233/459 [00:21<00:21, 10.55it/s]
Epoch 25/50 [Train]:  51%|█████     | 235/459 [00:21<00:19, 11.24it/s]
Epoch 25/50 [Train]:  52%|█████▏    | 237/459 [00:21<00:20, 10.93it/s]
Epoch 25/50 [Train]:  52%|█████▏    | 239/459 [00:22<00:20, 10.83it/s]
Epoch 25/50 [Train]:  53%|█████▎    | 241/459 [00:22<00:20, 10.61it/s]
Epoch 25/50 [Train]:  53%|█████▎    | 243/459 [00:22<00:20, 10.53it/s]
Epoch 25/50 [Train]:  53%|█████▎    | 245/459 [00:22<00:20, 10.38it/s]
Epoch 25/50 [Train]:  54%|█████▍    | 247/459 [00:22<00:19, 10.85it/s]
Epoch 25/50 [Train]:  54%|█████▍    | 249/459 [00:23<00:19, 10.85it/s]
Epoch 25/50 [Train]:  55%|█████▍    | 251/459 [00:23<00:19, 10.93it/s]
Epoch 25/50 [Train]:  55%|█████▌    | 253/459 [00:23<00:19, 10.66it/s]
Epoch 25/50 [Train]:  56%|█████▌    | 255/459 [00:23<00:19, 10.64it/s]
Epoch 25/50 [Train]:  56%|█████▌    | 257/459 [00:23<00:19, 10.61it/s]
Epoch 25/50 [Train]:  56%|█████▋    | 259/459 [00:23<00:18, 10.71it/s]
Epoch 25/50 [Train]:  57%|█████▋    | 261/459 [00:24<00:18, 10.80it/s]
Epoch 25/50 [Train]:  57%|█████▋    | 263/459 [00:24<00:17, 11.34it/s]
Epoch 25/50 [Train]:  58%|█████▊    | 265/459 [00:24<00:17, 10.82it/s]
Epoch 25/50 [Train]:  58%|█████▊    | 267/459 [00:24<00:18, 10.65it/s]
Epoch 25/50 [Train]:  59%|█████▊    | 269/459 [00:24<00:17, 10.85it/s]
Epoch 25/50 [Train]:  59%|█████▉    | 271/459 [00:25<00:17, 10.79it/s]
Epoch 25/50 [Train]:  59%|█████▉    | 273/459 [00:25<00:16, 10.98it/s]
Epoch 25/50 [Train]:  60%|█████▉    | 275/459 [00:25<00:17, 10.79it/s]
Epoch 25/50 [Train]:  60%|██████    | 277/459 [00:25<00:17, 10.61it/s]
Epoch 25/50 [Train]:  61%|██████    | 279/459 [00:25<00:17, 10.30it/s]
Epoch 25/50 [Train]:  61%|██████    | 281/459 [00:26<00:17, 10.41it/s]
Epoch 25/50 [Train]:  62%|██████▏   | 283/459 [00:26<00:17, 10.31it/s]
Epoch 25/50 [Train]:  62%|██████▏   | 285/459 [00:26<00:15, 10.95it/s]
Epoch 25/50 [Train]:  63%|██████▎   | 287/459 [00:26<00:16, 10.69it/s]
Epoch 25/50 [Train]:  63%|██████▎   | 289/459 [00:26<00:15, 11.31it/s]
Epoch 25/50 [Train]:  63%|██████▎   | 291/459 [00:26<00:14, 11.29it/s]
Epoch 25/50 [Train]:  64%|██████▍   | 293/459 [00:27<00:14, 11.08it/s]
Epoch 25/50 [Train]:  64%|██████▍   | 295/459 [00:27<00:14, 10.95it/s]
Epoch 25/50 [Train]:  65%|██████▍   | 297/459 [00:27<00:14, 11.06it/s]
Epoch 25/50 [Train]:  65%|██████▌   | 299/459 [00:27<00:14, 10.89it/s]
Epoch 25/50 [Train]:  66%|██████▌   | 301/459 [00:27<00:14, 11.16it/s]
Epoch 25/50 [Train]:  66%|██████▌   | 303/459 [00:28<00:13, 11.27it/s]
Epoch 25/50 [Train]:  66%|██████▋   | 305/459 [00:28<00:13, 11.38it/s]
Epoch 25/50 [Train]:  67%|██████▋   | 307/459 [00:28<00:13, 11.06it/s]
Epoch 25/50 [Train]:  67%|██████▋   | 309/459 [00:28<00:13, 10.95it/s]
Epoch 25/50 [Train]:  68%|██████▊   | 311/459 [00:28<00:13, 10.70it/s]
Epoch 25/50 [Train]:  68%|██████▊   | 313/459 [00:28<00:13, 10.68it/s]
Epoch 25/50 [Train]:  69%|██████▊   | 315/459 [00:29<00:13, 10.86it/s]
Epoch 25/50 [Train]:  69%|██████▉   | 317/459 [00:29<00:12, 11.33it/s]
Epoch 25/50 [Train]:  69%|██████▉   | 319/459 [00:29<00:12, 10.95it/s]
Epoch 25/50 [Train]:  70%|██████▉   | 321/459 [00:29<00:12, 11.04it/s]
Epoch 25/50 [Train]:  70%|███████   | 323/459 [00:29<00:12, 10.82it/s]
Epoch 25/50 [Train]:  71%|███████   | 325/459 [00:30<00:11, 11.37it/s]
Epoch 25/50 [Train]:  71%|███████   | 327/459 [00:30<00:11, 11.68it/s]
Epoch 25/50 [Train]:  72%|███████▏  | 329/459 [00:30<00:11, 11.28it/s]
Epoch 25/50 [Train]:  72%|███████▏  | 331/459 [00:30<00:11, 11.15it/s]
Epoch 25/50 [Train]:  73%|███████▎  | 333/459 [00:30<00:11, 10.87it/s]
Epoch 25/50 [Train]:  73%|███████▎  | 335/459 [00:30<00:11, 11.13it/s]
Epoch 25/50 [Train]:  73%|███████▎  | 337/459 [00:31<00:11, 10.68it/s]
Epoch 25/50 [Train]:  74%|███████▍  | 339/459 [00:31<00:11, 10.67it/s]
Epoch 25/50 [Train]:  74%|███████▍  | 341/459 [00:31<00:10, 11.20it/s]
Epoch 25/50 [Train]:  75%|███████▍  | 343/459 [00:31<00:10, 10.91it/s]
Epoch 25/50 [Train]:  75%|███████▌  | 345/459 [00:31<00:10, 11.23it/s]
Epoch 25/50 [Train]:  76%|███████▌  | 347/459 [00:32<00:10, 10.80it/s]
Epoch 25/50 [Train]:  76%|███████▌  | 349/459 [00:32<00:09, 11.08it/s]
Epoch 25/50 [Train]:  76%|███████▋  | 351/459 [00:32<00:09, 11.47it/s]
Epoch 25/50 [Train]:  77%|███████▋  | 353/459 [00:32<00:09, 11.41it/s]
Epoch 25/50 [Train]:  77%|███████▋  | 355/459 [00:32<00:08, 11.79it/s]
Epoch 25/50 [Train]:  78%|███████▊  | 357/459 [00:32<00:08, 12.43it/s]
Epoch 25/50 [Train]:  78%|███████▊  | 359/459 [00:32<00:08, 12.49it/s]
Epoch 25/50 [Train]:  79%|███████▊  | 361/459 [00:33<00:08, 11.73it/s]
Epoch 25/50 [Train]:  79%|███████▉  | 363/459 [00:33<00:08, 11.52it/s]
Epoch 25/50 [Train]:  80%|███████▉  | 365/459 [00:33<00:08, 11.22it/s]
Epoch 25/50 [Train]:  80%|███████▉  | 367/459 [00:33<00:08, 11.07it/s]
Epoch 25/50 [Train]:  80%|████████  | 369/459 [00:33<00:08, 11.11it/s]
Epoch 25/50 [Train]:  81%|████████  | 371/459 [00:34<00:07, 11.51it/s]
Epoch 25/50 [Train]:  81%|████████▏ | 373/459 [00:34<00:07, 11.66it/s]
Epoch 25/50 [Train]:  82%|████████▏ | 375/459 [00:34<00:07, 11.14it/s]
Epoch 25/50 [Train]:  82%|████████▏ | 377/459 [00:34<00:07, 11.31it/s]
Epoch 25/50 [Train]:  83%|████████▎ | 379/459 [00:34<00:07, 11.05it/s]
Epoch 25/50 [Train]:  83%|████████▎ | 381/459 [00:34<00:07, 10.86it/s]
Epoch 25/50 [Train]:  83%|████████▎ | 383/459 [00:35<00:07, 10.22it/s]
Epoch 25/50 [Train]:  84%|████████▍ | 385/459 [00:35<00:07, 10.48it/s]
Epoch 25/50 [Train]:  84%|████████▍ | 387/459 [00:35<00:07, 10.28it/s]
Epoch 25/50 [Train]:  85%|████████▍ | 389/459 [00:35<00:06, 10.07it/s]
Epoch 25/50 [Train]:  85%|████████▌ | 391/459 [00:35<00:06, 10.24it/s]
Epoch 25/50 [Train]:  86%|████████▌ | 393/459 [00:36<00:06, 10.08it/s]
Epoch 25/50 [Train]:  86%|████████▌ | 395/459 [00:36<00:06, 10.23it/s]
Epoch 25/50 [Train]:  86%|████████▋ | 397/459 [00:36<00:06, 10.25it/s]
Epoch 25/50 [Train]:  87%|████████▋ | 399/459 [00:36<00:05, 10.08it/s]
Epoch 25/50 [Train]:  87%|████████▋ | 401/459 [00:37<00:06,  9.12it/s]
Epoch 25/50 [Train]:  88%|████████▊ | 403/459 [00:37<00:05,  9.62it/s]
Epoch 25/50 [Train]:  88%|████████▊ | 405/459 [00:37<00:05,  9.92it/s]
Epoch 25/50 [Train]:  89%|████████▊ | 407/459 [00:37<00:05, 10.14it/s]
Epoch 25/50 [Train]:  89%|████████▉ | 409/459 [00:37<00:04, 10.27it/s]
Epoch 25/50 [Train]:  90%|████████▉ | 411/459 [00:38<00:04,  9.83it/s]
Epoch 25/50 [Train]:  90%|████████▉ | 413/459 [00:38<00:04, 10.02it/s]
Epoch 25/50 [Train]:  90%|█████████ | 415/459 [00:38<00:04,  9.96it/s]
Epoch 25/50 [Train]:  91%|█████████ | 417/459 [00:38<00:04, 10.15it/s]
Epoch 25/50 [Train]:  91%|█████████▏| 419/459 [00:38<00:03, 10.33it/s]
Epoch 25/50 [Train]:  92%|█████████▏| 421/459 [00:38<00:03, 10.99it/s]
Epoch 25/50 [Train]:  92%|█████████▏| 423/459 [00:39<00:03, 10.79it/s]
Epoch 25/50 [Train]:  93%|█████████▎| 425/459 [00:39<00:03, 10.85it/s]
Epoch 25/50 [Train]:  93%|█████████▎| 427/459 [00:39<00:03, 10.54it/s]
Epoch 25/50 [Train]:  93%|█████████▎| 429/459 [00:39<00:02, 10.33it/s]
Epoch 25/50 [Train]:  94%|█████████▍| 431/459 [00:39<00:02, 10.45it/s]
Epoch 25/50 [Train]:  94%|█████████▍| 433/459 [00:40<00:02, 10.46it/s]
Epoch 25/50 [Train]:  95%|█████████▍| 435/459 [00:40<00:02, 10.16it/s]
Epoch 25/50 [Train]:  95%|█████████▌| 437/459 [00:40<00:02,  9.69it/s]
Epoch 25/50 [Train]:  96%|█████████▌| 439/459 [00:40<00:02,  9.75it/s]
Epoch 25/50 [Train]:  96%|█████████▌| 440/459 [00:40<00:01,  9.69it/s]
Epoch 25/50 [Train]:  96%|█████████▋| 442/459 [00:41<00:01,  9.84it/s]
Epoch 25/50 [Train]:  97%|█████████▋| 444/459 [00:41<00:01, 10.06it/s]
Epoch 25/50 [Train]:  97%|█████████▋| 446/459 [00:41<00:01, 10.05it/s]
Epoch 25/50 [Train]:  98%|█████████▊| 448/459 [00:41<00:01, 10.25it/s]
Epoch 25/50 [Train]:  98%|█████████▊| 450/459 [00:41<00:00, 10.03it/s]
Epoch 25/50 [Train]:  98%|█████████▊| 452/459 [00:42<00:00,  9.79it/s]
Epoch 25/50 [Train]:  99%|█████████▊| 453/459 [00:42<00:00,  9.47it/s]
Epoch 25/50 [Train]:  99%|█████████▉| 455/459 [00:42<00:00,  9.81it/s]
Epoch 25/50 [Train]:  99%|█████████▉| 456/459 [00:42<00:00,  9.75it/s]
Epoch 25/50 [Train]: 100%|█████████▉| 457/459 [00:42<00:00,  9.52it/s]
Epoch 25/50 [Train]: 100%|█████████▉| 458/459 [00:42<00:00,  9.49it/s]
                                                                      

Epoch 25/50 [Val]:   0%|          | 0/113 [00:00<?, ?it/s]
Epoch 25/50 [Val]:   1%|          | 1/113 [00:00<00:20,  5.50it/s]
Epoch 25/50 [Val]:   2%|▏         | 2/113 [00:00<00:17,  6.39it/s]
Epoch 25/50 [Val]:   3%|▎         | 3/113 [00:00<00:15,  7.16it/s]
Epoch 25/50 [Val]:   4%|▎         | 4/113 [00:00<00:14,  7.65it/s]
Epoch 25/50 [Val]:   4%|▍         | 5/113 [00:00<00:14,  7.45it/s]
Epoch 25/50 [Val]:   6%|▌         | 7/113 [00:00<00:10, 10.07it/s]
Epoch 25/50 [Val]:   8%|▊         | 9/113 [00:01<00:11,  9.18it/s]
Epoch 25/50 [Val]:  10%|▉         | 11/113 [00:01<00:10,  9.44it/s]
Epoch 25/50 [Val]:  11%|█         | 12/113 [00:01<00:11,  9.17it/s]
Epoch 25/50 [Val]:  12%|█▏        | 13/113 [00:01<00:11,  8.83it/s]
Epoch 25/50 [Val]:  12%|█▏        | 14/113 [00:01<00:12,  8.07it/s]
Epoch 25/50 [Val]:  13%|█▎        | 15/113 [00:01<00:13,  7.48it/s]
Epoch 25/50 [Val]:  14%|█▍        | 16/113 [00:01<00:13,  7.16it/s]
Epoch 25/50 [Val]:  15%|█▌        | 17/113 [00:02<00:14,  6.74it/s]
Epoch 25/50 [Val]:  16%|█▌        | 18/113 [00:02<00:14,  6.63it/s]
Epoch 25/50 [Val]:  17%|█▋        | 19/113 [00:02<00:13,  6.78it/s]
Epoch 25/50 [Val]:  18%|█▊        | 20/113 [00:02<00:14,  6.58it/s]
Epoch 25/50 [Val]:  19%|█▊        | 21/113 [00:02<00:14,  6.25it/s]
Epoch 25/50 [Val]:  19%|█▉        | 22/113 [00:02<00:13,  6.60it/s]
Epoch 25/50 [Val]:  20%|██        | 23/113 [00:03<00:13,  6.57it/s]
Epoch 25/50 [Val]:  21%|██        | 24/113 [00:03<00:13,  6.73it/s]
Epoch 25/50 [Val]:  22%|██▏       | 25/113 [00:03<00:12,  6.84it/s]
Epoch 25/50 [Val]:  23%|██▎       | 26/113 [00:03<00:13,  6.36it/s]
Epoch 25/50 [Val]:  24%|██▍       | 27/113 [00:03<00:13,  6.45it/s]
Epoch 25/50 [Val]:  26%|██▌       | 29/113 [00:03<00:11,  7.24it/s]
Epoch 25/50 [Val]:  27%|██▋       | 30/113 [00:04<00:11,  7.30it/s]
Epoch 25/50 [Val]:  28%|██▊       | 32/113 [00:04<00:09,  8.30it/s]
Epoch 25/50 [Val]:  29%|██▉       | 33/113 [00:04<00:09,  8.06it/s]
Epoch 25/50 [Val]:  30%|███       | 34/113 [00:04<00:10,  7.82it/s]
Epoch 25/50 [Val]:  31%|███       | 35/113 [00:04<00:10,  7.40it/s]
Epoch 25/50 [Val]:  32%|███▏      | 36/113 [00:04<00:10,  7.68it/s]
Epoch 25/50 [Val]:  33%|███▎      | 37/113 [00:04<00:09,  7.89it/s]
Epoch 25/50 [Val]:  34%|███▎      | 38/113 [00:05<00:09,  7.63it/s]
Epoch 25/50 [Val]:  35%|███▍      | 39/113 [00:05<00:09,  7.71it/s]
Epoch 25/50 [Val]:  35%|███▌      | 40/113 [00:05<00:09,  7.80it/s]
Epoch 25/50 [Val]:  36%|███▋      | 41/113 [00:05<00:09,  7.79it/s]
Epoch 25/50 [Val]:  37%|███▋      | 42/113 [00:05<00:09,  7.64it/s]
Epoch 25/50 [Val]:  38%|███▊      | 43/113 [00:05<00:09,  7.55it/s]
Epoch 25/50 [Val]:  39%|███▉      | 44/113 [00:05<00:09,  7.30it/s]
Epoch 25/50 [Val]:  40%|███▉      | 45/113 [00:06<00:09,  7.15it/s]
Epoch 25/50 [Val]:  41%|████      | 46/113 [00:06<00:09,  7.44it/s]
Epoch 25/50 [Val]:  42%|████▏     | 47/113 [00:06<00:09,  7.15it/s]
Epoch 25/50 [Val]:  42%|████▏     | 48/113 [00:06<00:09,  6.97it/s]
Epoch 25/50 [Val]:  44%|████▍     | 50/113 [00:06<00:07,  8.44it/s]
Epoch 25/50 [Val]:  45%|████▌     | 51/113 [00:06<00:08,  7.39it/s]
Epoch 25/50 [Val]:  46%|████▌     | 52/113 [00:06<00:08,  7.62it/s]
Epoch 25/50 [Val]:  47%|████▋     | 53/113 [00:07<00:08,  7.36it/s]
Epoch 25/50 [Val]:  48%|████▊     | 54/113 [00:07<00:07,  7.56it/s]
Epoch 25/50 [Val]:  49%|████▊     | 55/113 [00:07<00:07,  7.58it/s]
Epoch 25/50 [Val]:  50%|████▉     | 56/113 [00:07<00:07,  7.48it/s]
Epoch 25/50 [Val]:  51%|█████▏    | 58/113 [00:07<00:06,  8.40it/s]
Epoch 25/50 [Val]:  52%|█████▏    | 59/113 [00:07<00:06,  8.38it/s]
Epoch 25/50 [Val]:  54%|█████▍    | 61/113 [00:07<00:05,  8.96it/s]
Epoch 25/50 [Val]:  55%|█████▍    | 62/113 [00:08<00:05,  9.04it/s]
Epoch 25/50 [Val]:  56%|█████▌    | 63/113 [00:08<00:05,  8.75it/s]
Epoch 25/50 [Val]:  57%|█████▋    | 64/113 [00:08<00:05,  8.35it/s]
Epoch 25/50 [Val]:  58%|█████▊    | 66/113 [00:08<00:05,  8.41it/s]
Epoch 25/50 [Val]:  59%|█████▉    | 67/113 [00:08<00:05,  7.96it/s]
Epoch 25/50 [Val]:  60%|██████    | 68/113 [00:08<00:05,  7.97it/s]
Epoch 25/50 [Val]:  62%|██████▏   | 70/113 [00:09<00:04,  9.40it/s]
Epoch 25/50 [Val]:  63%|██████▎   | 71/113 [00:09<00:05,  8.37it/s]
Epoch 25/50 [Val]:  64%|██████▎   | 72/113 [00:09<00:04,  8.29it/s]
Epoch 25/50 [Val]:  65%|██████▍   | 73/113 [00:09<00:04,  8.20it/s]
Epoch 25/50 [Val]:  66%|██████▋   | 75/113 [00:09<00:04,  9.29it/s]
Epoch 25/50 [Val]:  67%|██████▋   | 76/113 [00:09<00:04,  9.10it/s]
Epoch 25/50 [Val]:  68%|██████▊   | 77/113 [00:09<00:04,  8.57it/s]
Epoch 25/50 [Val]:  69%|██████▉   | 78/113 [00:10<00:04,  8.05it/s]
Epoch 25/50 [Val]:  70%|██████▉   | 79/113 [00:10<00:04,  7.78it/s]
Epoch 25/50 [Val]:  71%|███████   | 80/113 [00:10<00:04,  7.55it/s]
Epoch 25/50 [Val]:  72%|███████▏  | 81/113 [00:10<00:04,  6.80it/s]
Epoch 25/50 [Val]:  73%|███████▎  | 82/113 [00:10<00:04,  7.11it/s]
Epoch 25/50 [Val]:  73%|███████▎  | 83/113 [00:10<00:04,  7.02it/s]
Epoch 25/50 [Val]:  74%|███████▍  | 84/113 [00:10<00:03,  7.61it/s]
Epoch 25/50 [Val]:  75%|███████▌  | 85/113 [00:10<00:03,  7.66it/s]
Epoch 25/50 [Val]:  77%|███████▋  | 87/113 [00:11<00:03,  7.92it/s]
Epoch 25/50 [Val]:  78%|███████▊  | 88/113 [00:11<00:03,  7.63it/s]
Epoch 25/50 [Val]:  79%|███████▉  | 89/113 [00:11<00:03,  7.14it/s]
Epoch 25/50 [Val]:  80%|███████▉  | 90/113 [00:11<00:03,  7.19it/s]
Epoch 25/50 [Val]:  81%|████████  | 91/113 [00:11<00:03,  7.19it/s]
Epoch 25/50 [Val]:  81%|████████▏ | 92/113 [00:12<00:03,  6.61it/s]
Epoch 25/50 [Val]:  82%|████████▏ | 93/113 [00:12<00:02,  7.05it/s]
Epoch 25/50 [Val]:  83%|████████▎ | 94/113 [00:12<00:02,  7.24it/s]
Epoch 25/50 [Val]:  84%|████████▍ | 95/113 [00:12<00:02,  7.42it/s]
Epoch 25/50 [Val]:  85%|████████▍ | 96/113 [00:12<00:02,  7.62it/s]
Epoch 25/50 [Val]:  86%|████████▌ | 97/113 [00:12<00:01,  8.02it/s]
Epoch 25/50 [Val]:  88%|████████▊ | 99/113 [00:12<00:01,  9.40it/s]
Epoch 25/50 [Val]:  89%|████████▉ | 101/113 [00:13<00:01,  8.62it/s]
Epoch 25/50 [Val]:  90%|█████████ | 102/113 [00:13<00:01,  7.37it/s]
Epoch 25/50 [Val]:  91%|█████████ | 103/113 [00:13<00:01,  7.55it/s]
Epoch 25/50 [Val]:  93%|█████████▎| 105/113 [00:13<00:00,  8.04it/s]
Epoch 25/50 [Val]:  95%|█████████▍| 107/113 [00:13<00:00,  8.56it/s]
Epoch 25/50 [Val]:  96%|█████████▋| 109/113 [00:14<00:00,  8.86it/s]
Epoch 25/50 [Val]:  97%|█████████▋| 110/113 [00:14<00:00,  8.68it/s]
Epoch 25/50 [Val]:  98%|█████████▊| 111/113 [00:14<00:00,  8.34it/s]
Epoch 25/50 [Val]:  99%|█████████▉| 112/113 [00:14<00:00,  8.39it/s]
                                                                    

Epoch 26/50 [Train]:   0%|          | 0/459 [00:00<?, ?it/s]
Epoch 26/50 [Train]:   0%|          | 2/459 [00:00<00:39, 11.67it/s]
Epoch 26/50 [Train]:   1%|          | 4/459 [00:00<00:50,  9.02it/s]
Epoch 26/50 [Train]:   1%|▏         | 6/459 [00:00<00:45,  9.99it/s]
Epoch 26/50 [Train]:   2%|▏         | 8/459 [00:00<00:44, 10.19it/s]
Epoch 26/50 [Train]:   2%|▏         | 10/459 [00:00<00:43, 10.44it/s]
Epoch 26/50 [Train]:   3%|▎         | 12/459 [00:01<00:41, 10.79it/s]
Epoch 26/50 [Train]:   3%|▎         | 14/459 [00:01<00:39, 11.35it/s]
Epoch 26/50 [Train]:   3%|▎         | 16/459 [00:01<00:41, 10.77it/s]
Epoch 26/50 [Train]:   4%|▍         | 18/459 [00:01<00:41, 10.60it/s]
Epoch 26/50 [Train]:   4%|▍         | 20/459 [00:01<00:41, 10.55it/s]
Epoch 26/50 [Train]:   5%|▍         | 22/459 [00:02<00:41, 10.54it/s]
Epoch 26/50 [Train]:   5%|▌         | 24/459 [00:02<00:38, 11.19it/s]
Epoch 26/50 [Train]:   6%|▌         | 26/459 [00:02<00:41, 10.50it/s]
Epoch 26/50 [Train]:   6%|▌         | 28/459 [00:02<00:40, 10.62it/s]
Epoch 26/50 [Train]:   7%|▋         | 30/459 [00:02<00:40, 10.65it/s]
Epoch 26/50 [Train]:   7%|▋         | 32/459 [00:03<00:40, 10.52it/s]
Epoch 26/50 [Train]:   7%|▋         | 34/459 [00:03<00:40, 10.39it/s]
Epoch 26/50 [Train]:   8%|▊         | 36/459 [00:03<00:40, 10.37it/s]
Epoch 26/50 [Train]:   8%|▊         | 38/459 [00:03<00:39, 10.71it/s]
Epoch 26/50 [Train]:   9%|▊         | 40/459 [00:03<00:40, 10.31it/s]
Epoch 26/50 [Train]:   9%|▉         | 42/459 [00:04<00:42,  9.75it/s]
Epoch 26/50 [Train]:  10%|▉         | 44/459 [00:04<00:41, 10.07it/s]
Epoch 26/50 [Train]:  10%|█         | 46/459 [00:04<00:40, 10.26it/s]
Epoch 26/50 [Train]:  10%|█         | 48/459 [00:04<00:39, 10.30it/s]
Epoch 26/50 [Train]:  11%|█         | 50/459 [00:04<00:38, 10.56it/s]
Epoch 26/50 [Train]:  11%|█▏        | 52/459 [00:04<00:39, 10.41it/s]
Epoch 26/50 [Train]:  12%|█▏        | 54/459 [00:05<00:38, 10.38it/s]
Epoch 26/50 [Train]:  12%|█▏        | 56/459 [00:05<00:40, 10.04it/s]
Epoch 26/50 [Train]:  13%|█▎        | 58/459 [00:05<00:39, 10.11it/s]
Epoch 26/50 [Train]:  13%|█▎        | 60/459 [00:05<00:40,  9.91it/s]
Epoch 26/50 [Train]:  13%|█▎        | 61/459 [00:05<00:41,  9.68it/s]
Epoch 26/50 [Train]:  14%|█▎        | 62/459 [00:06<00:41,  9.65it/s]
Epoch 26/50 [Train]:  14%|█▎        | 63/459 [00:06<00:40,  9.67it/s]
Epoch 26/50 [Train]:  14%|█▍        | 64/459 [00:06<00:41,  9.58it/s]
Epoch 26/50 [Train]:  14%|█▍        | 66/459 [00:06<00:37, 10.43it/s]
Epoch 26/50 [Train]:  15%|█▍        | 68/459 [00:06<00:34, 11.21it/s]
Epoch 26/50 [Train]:  15%|█▌        | 70/459 [00:06<00:36, 10.67it/s]
Epoch 26/50 [Train]:  16%|█▌        | 72/459 [00:06<00:34, 11.21it/s]
Epoch 26/50 [Train]:  16%|█▌        | 74/459 [00:07<00:38, 10.00it/s]
Epoch 26/50 [Train]:  17%|█▋        | 76/459 [00:07<00:37, 10.17it/s]
Epoch 26/50 [Train]:  17%|█▋        | 78/459 [00:07<00:35, 10.66it/s]
Epoch 26/50 [Train]:  17%|█▋        | 80/459 [00:07<00:36, 10.52it/s]
Epoch 26/50 [Train]:  18%|█▊        | 82/459 [00:07<00:36, 10.29it/s]
Epoch 26/50 [Train]:  18%|█▊        | 84/459 [00:08<00:38,  9.74it/s]
Epoch 26/50 [Train]:  19%|█▊        | 85/459 [00:08<00:38,  9.60it/s]
Epoch 26/50 [Train]:  19%|█▊        | 86/459 [00:08<00:39,  9.44it/s]
Epoch 26/50 [Train]:  19%|█▉        | 88/459 [00:08<00:38,  9.55it/s]
Epoch 26/50 [Train]:  20%|█▉        | 90/459 [00:08<00:36, 10.17it/s]
Epoch 26/50 [Train]:  20%|██        | 92/459 [00:08<00:36, 10.18it/s]
Epoch 26/50 [Train]:  20%|██        | 94/459 [00:09<00:33, 10.92it/s]
Epoch 26/50 [Train]:  21%|██        | 96/459 [00:09<00:34, 10.52it/s]
Epoch 26/50 [Train]:  21%|██▏       | 98/459 [00:09<00:33, 10.72it/s]
Epoch 26/50 [Train]:  22%|██▏       | 100/459 [00:09<00:33, 10.57it/s]
Epoch 26/50 [Train]:  22%|██▏       | 102/459 [00:09<00:34, 10.41it/s]
Epoch 26/50 [Train]:  23%|██▎       | 104/459 [00:10<00:33, 10.74it/s]
Epoch 26/50 [Train]:  23%|██▎       | 106/459 [00:10<00:33, 10.59it/s]
Epoch 26/50 [Train]:  24%|██▎       | 108/459 [00:10<00:33, 10.57it/s]
Epoch 26/50 [Train]:  24%|██▍       | 110/459 [00:10<00:33, 10.31it/s]
Epoch 26/50 [Train]:  24%|██▍       | 112/459 [00:10<00:34,  9.93it/s]
Epoch 26/50 [Train]:  25%|██▍       | 114/459 [00:11<00:32, 10.48it/s]
Epoch 26/50 [Train]:  25%|██▌       | 116/459 [00:11<00:32, 10.67it/s]
Epoch 26/50 [Train]:  26%|██▌       | 118/459 [00:11<00:32, 10.42it/s]
Epoch 26/50 [Train]:  26%|██▌       | 120/459 [00:11<00:33, 10.20it/s]
Epoch 26/50 [Train]:  27%|██▋       | 122/459 [00:11<00:32, 10.22it/s]
Epoch 26/50 [Train]:  27%|██▋       | 124/459 [00:11<00:32, 10.29it/s]
Epoch 26/50 [Train]:  27%|██▋       | 126/459 [00:12<00:28, 11.51it/s]
Epoch 26/50 [Train]:  28%|██▊       | 128/459 [00:12<00:27, 11.84it/s]
Epoch 26/50 [Train]:  28%|██▊       | 130/459 [00:12<00:27, 12.02it/s]
Epoch 26/50 [Train]:  29%|██▉       | 132/459 [00:12<00:29, 11.27it/s]
Epoch 26/50 [Train]:  29%|██▉       | 134/459 [00:12<00:28, 11.45it/s]
Epoch 26/50 [Train]:  30%|██▉       | 136/459 [00:13<00:29, 10.90it/s]
Epoch 26/50 [Train]:  30%|███       | 138/459 [00:13<00:29, 10.84it/s]
Epoch 26/50 [Train]:  31%|███       | 140/459 [00:13<00:29, 10.66it/s]
Epoch 26/50 [Train]:  31%|███       | 142/459 [00:13<00:29, 10.64it/s]
Epoch 26/50 [Train]:  31%|███▏      | 144/459 [00:13<00:28, 10.89it/s]
Epoch 26/50 [Train]:  32%|███▏      | 146/459 [00:13<00:29, 10.78it/s]
Epoch 26/50 [Train]:  32%|███▏      | 148/459 [00:14<00:28, 11.04it/s]
Epoch 26/50 [Train]:  33%|███▎      | 150/459 [00:14<00:29, 10.51it/s]
Epoch 26/50 [Train]:  33%|███▎      | 152/459 [00:14<00:28, 10.67it/s]
Epoch 26/50 [Train]:  34%|███▎      | 154/459 [00:14<00:28, 10.78it/s]
Epoch 26/50 [Train]:  34%|███▍      | 156/459 [00:14<00:28, 10.55it/s]
Epoch 26/50 [Train]:  34%|███▍      | 158/459 [00:15<00:27, 10.96it/s]
Epoch 26/50 [Train]:  35%|███▍      | 160/459 [00:15<00:28, 10.65it/s]
Epoch 26/50 [Train]:  35%|███▌      | 162/459 [00:15<00:26, 11.14it/s]
Epoch 26/50 [Train]:  36%|███▌      | 164/459 [00:15<00:25, 11.38it/s]
Epoch 26/50 [Train]:  36%|███▌      | 166/459 [00:15<00:25, 11.57it/s]
Epoch 26/50 [Train]:  37%|███▋      | 168/459 [00:15<00:25, 11.45it/s]
Epoch 26/50 [Train]:  37%|███▋      | 170/459 [00:16<00:26, 10.95it/s]
Epoch 26/50 [Train]:  37%|███▋      | 172/459 [00:16<00:28, 10.07it/s]
Epoch 26/50 [Train]:  38%|███▊      | 174/459 [00:16<00:26, 10.66it/s]
Epoch 26/50 [Train]:  38%|███▊      | 176/459 [00:16<00:27, 10.33it/s]
Epoch 26/50 [Train]:  39%|███▉      | 178/459 [00:16<00:26, 10.43it/s]
Epoch 26/50 [Train]:  39%|███▉      | 180/459 [00:17<00:26, 10.43it/s]
Epoch 26/50 [Train]:  40%|███▉      | 182/459 [00:17<00:27, 10.21it/s]
Epoch 26/50 [Train]:  40%|████      | 184/459 [00:17<00:27, 10.12it/s]
Epoch 26/50 [Train]:  41%|████      | 186/459 [00:17<00:26, 10.17it/s]
Epoch 26/50 [Train]:  41%|████      | 188/459 [00:17<00:26, 10.20it/s]
Epoch 26/50 [Train]:  41%|████▏     | 190/459 [00:18<00:26, 10.22it/s]
Epoch 26/50 [Train]:  42%|████▏     | 192/459 [00:18<00:24, 10.88it/s]
Epoch 26/50 [Train]:  42%|████▏     | 194/459 [00:18<00:23, 11.32it/s]
Epoch 26/50 [Train]:  43%|████▎     | 196/459 [00:18<00:23, 11.03it/s]
Epoch 26/50 [Train]:  43%|████▎     | 198/459 [00:18<00:24, 10.56it/s]
Epoch 26/50 [Train]:  44%|████▎     | 200/459 [00:19<00:24, 10.36it/s]
Epoch 26/50 [Train]:  44%|████▍     | 202/459 [00:19<00:23, 10.93it/s]
Epoch 26/50 [Train]:  44%|████▍     | 204/459 [00:19<00:24, 10.51it/s]
Epoch 26/50 [Train]:  45%|████▍     | 206/459 [00:19<00:24, 10.39it/s]
Epoch 26/50 [Train]:  45%|████▌     | 208/459 [00:19<00:24, 10.45it/s]
Epoch 26/50 [Train]:  46%|████▌     | 210/459 [00:19<00:23, 10.60it/s]
Epoch 26/50 [Train]:  46%|████▌     | 212/459 [00:20<00:23, 10.63it/s]
Epoch 26/50 [Train]:  47%|████▋     | 214/459 [00:20<00:23, 10.52it/s]
Epoch 26/50 [Train]:  47%|████▋     | 216/459 [00:20<00:21, 11.05it/s]
Epoch 26/50 [Train]:  47%|████▋     | 218/459 [00:20<00:21, 11.29it/s]
Epoch 26/50 [Train]:  48%|████▊     | 220/459 [00:20<00:21, 10.97it/s]
Epoch 26/50 [Train]:  48%|████▊     | 222/459 [00:21<00:21, 10.83it/s]
Epoch 26/50 [Train]:  49%|████▉     | 224/459 [00:21<00:21, 10.91it/s]
Epoch 26/50 [Train]:  49%|████▉     | 226/459 [00:21<00:21, 10.61it/s]
Epoch 26/50 [Train]:  50%|████▉     | 228/459 [00:21<00:22, 10.41it/s]
Epoch 26/50 [Train]:  50%|█████     | 230/459 [00:21<00:22, 10.02it/s]
Epoch 26/50 [Train]:  51%|█████     | 232/459 [00:22<00:22, 10.06it/s]
Epoch 26/50 [Train]:  51%|█████     | 234/459 [00:22<00:23,  9.74it/s]
Epoch 26/50 [Train]:  51%|█████▏    | 236/459 [00:22<00:22,  9.92it/s]
Epoch 26/50 [Train]:  52%|█████▏    | 238/459 [00:22<00:21, 10.43it/s]
Epoch 26/50 [Train]:  52%|█████▏    | 240/459 [00:22<00:20, 10.74it/s]
Epoch 26/50 [Train]:  53%|█████▎    | 242/459 [00:23<00:20, 10.36it/s]
Epoch 26/50 [Train]:  53%|█████▎    | 244/459 [00:23<00:22,  9.61it/s]
Epoch 26/50 [Train]:  54%|█████▎    | 246/459 [00:23<00:20, 10.28it/s]
Epoch 26/50 [Train]:  54%|█████▍    | 248/459 [00:23<00:20, 10.12it/s]
Epoch 26/50 [Train]:  54%|█████▍    | 250/459 [00:23<00:21,  9.93it/s]
Epoch 26/50 [Train]:  55%|█████▍    | 252/459 [00:24<00:20, 10.01it/s]
Epoch 26/50 [Train]:  55%|█████▌    | 254/459 [00:24<00:20,  9.78it/s]
Epoch 26/50 [Train]:  56%|█████▌    | 256/459 [00:24<00:20,  9.98it/s]
Epoch 26/50 [Train]:  56%|█████▌    | 258/459 [00:24<00:17, 11.32it/s]
Epoch 26/50 [Train]:  57%|█████▋    | 260/459 [00:24<00:18, 10.50it/s]
Epoch 26/50 [Train]:  57%|█████▋    | 262/459 [00:24<00:18, 10.38it/s]
Epoch 26/50 [Train]:  58%|█████▊    | 264/459 [00:25<00:18, 10.38it/s]
Epoch 26/50 [Train]:  58%|█████▊    | 266/459 [00:25<00:17, 11.03it/s]
Epoch 26/50 [Train]:  58%|█████▊    | 268/459 [00:25<00:17, 10.66it/s]
Epoch 26/50 [Train]:  59%|█████▉    | 270/459 [00:25<00:17, 10.52it/s]
Epoch 26/50 [Train]:  59%|█████▉    | 272/459 [00:25<00:18,  9.93it/s]
Epoch 26/50 [Train]:  60%|█████▉    | 274/459 [00:26<00:18,  9.93it/s]
Epoch 26/50 [Train]:  60%|██████    | 276/459 [00:26<00:19,  9.46it/s]
Epoch 26/50 [Train]:  61%|██████    | 278/459 [00:26<00:19,  9.47it/s]
Epoch 26/50 [Train]:  61%|██████    | 280/459 [00:26<00:18,  9.87it/s]
Epoch 26/50 [Train]:  61%|██████▏   | 282/459 [00:26<00:17, 10.40it/s]
Epoch 26/50 [Train]:  62%|██████▏   | 284/459 [00:27<00:17, 10.04it/s]
Epoch 26/50 [Train]:  62%|██████▏   | 286/459 [00:27<00:17,  9.69it/s]
Epoch 26/50 [Train]:  63%|██████▎   | 288/459 [00:27<00:17,  9.96it/s]
Epoch 26/50 [Train]:  63%|██████▎   | 290/459 [00:27<00:17,  9.78it/s]
Epoch 26/50 [Train]:  64%|██████▎   | 292/459 [00:28<00:17,  9.52it/s]
Epoch 26/50 [Train]:  64%|██████▍   | 293/459 [00:28<00:17,  9.44it/s]
Epoch 26/50 [Train]:  64%|██████▍   | 295/459 [00:28<00:16,  9.75it/s]
Epoch 26/50 [Train]:  65%|██████▍   | 297/459 [00:28<00:15, 10.45it/s]
Epoch 26/50 [Train]:  65%|██████▌   | 299/459 [00:28<00:14, 10.78it/s]
Epoch 26/50 [Train]:  66%|██████▌   | 301/459 [00:28<00:15, 10.23it/s]
Epoch 26/50 [Train]:  66%|██████▌   | 303/459 [00:29<00:15,  9.95it/s]
Epoch 26/50 [Train]:  66%|██████▋   | 305/459 [00:29<00:15,  9.73it/s]
Epoch 26/50 [Train]:  67%|██████▋   | 306/459 [00:29<00:16,  9.55it/s]
Epoch 26/50 [Train]:  67%|██████▋   | 307/459 [00:29<00:16,  9.39it/s]
Epoch 26/50 [Train]:  67%|██████▋   | 308/459 [00:29<00:15,  9.48it/s]
Epoch 26/50 [Train]:  67%|██████▋   | 309/459 [00:29<00:15,  9.59it/s]
Epoch 26/50 [Train]:  68%|██████▊   | 311/459 [00:29<00:15,  9.65it/s]
Epoch 26/50 [Train]:  68%|██████▊   | 313/459 [00:30<00:14, 10.06it/s]
Epoch 26/50 [Train]:  69%|██████▊   | 315/459 [00:30<00:14,  9.62it/s]
Epoch 26/50 [Train]:  69%|██████▉   | 316/459 [00:30<00:15,  9.34it/s]
Epoch 26/50 [Train]:  69%|██████▉   | 317/459 [00:30<00:15,  9.34it/s]
Epoch 26/50 [Train]:  69%|██████▉   | 319/459 [00:30<00:14,  9.34it/s]
Epoch 26/50 [Train]:  70%|██████▉   | 320/459 [00:30<00:15,  9.18it/s]
Epoch 26/50 [Train]:  70%|██████▉   | 321/459 [00:31<00:15,  9.02it/s]
Epoch 26/50 [Train]:  70%|███████   | 322/459 [00:31<00:15,  8.96it/s]
Epoch 26/50 [Train]:  71%|███████   | 324/459 [00:31<00:13,  9.80it/s]
Epoch 26/50 [Train]:  71%|███████   | 325/459 [00:31<00:13,  9.69it/s]
Epoch 26/50 [Train]:  71%|███████   | 326/459 [00:31<00:14,  9.30it/s]
Epoch 26/50 [Train]:  71%|███████   | 327/459 [00:31<00:13,  9.48it/s]
Epoch 26/50 [Train]:  71%|███████▏  | 328/459 [00:31<00:13,  9.51it/s]
Epoch 26/50 [Train]:  72%|███████▏  | 330/459 [00:31<00:13,  9.82it/s]
Epoch 26/50 [Train]:  72%|███████▏  | 332/459 [00:32<00:13,  9.72it/s]
Epoch 26/50 [Train]:  73%|███████▎  | 333/459 [00:32<00:12,  9.71it/s]
Epoch 26/50 [Train]:  73%|███████▎  | 335/459 [00:32<00:11, 10.52it/s]
Epoch 26/50 [Train]:  73%|███████▎  | 337/459 [00:32<00:11, 10.47it/s]
Epoch 26/50 [Train]:  74%|███████▍  | 339/459 [00:32<00:11, 10.69it/s]
Epoch 26/50 [Train]:  74%|███████▍  | 341/459 [00:32<00:11, 10.14it/s]
Epoch 26/50 [Train]:  75%|███████▍  | 343/459 [00:33<00:11, 10.02it/s]
Epoch 26/50 [Train]:  75%|███████▌  | 345/459 [00:33<00:11,  9.91it/s]
Epoch 26/50 [Train]:  76%|███████▌  | 347/459 [00:33<00:11, 10.02it/s]
Epoch 26/50 [Train]:  76%|███████▌  | 349/459 [00:33<00:11,  9.70it/s]
Epoch 26/50 [Train]:  76%|███████▋  | 351/459 [00:34<00:10, 10.03it/s]
Epoch 26/50 [Train]:  77%|███████▋  | 353/459 [00:34<00:09, 10.61it/s]
Epoch 26/50 [Train]:  77%|███████▋  | 355/459 [00:34<00:09, 11.39it/s]
Epoch 26/50 [Train]:  78%|███████▊  | 357/459 [00:34<00:09, 10.80it/s]
Epoch 26/50 [Train]:  78%|███████▊  | 359/459 [00:34<00:09, 10.43it/s]
Epoch 26/50 [Train]:  79%|███████▊  | 361/459 [00:34<00:09, 10.10it/s]
Epoch 26/50 [Train]:  79%|███████▉  | 363/459 [00:35<00:09, 10.00it/s]
Epoch 26/50 [Train]:  80%|███████▉  | 365/459 [00:35<00:09,  9.95it/s]
Epoch 26/50 [Train]:  80%|███████▉  | 367/459 [00:35<00:09, 10.04it/s]
Epoch 26/50 [Train]:  80%|████████  | 369/459 [00:35<00:09,  9.95it/s]
Epoch 26/50 [Train]:  81%|████████  | 371/459 [00:35<00:08,  9.98it/s]
Epoch 26/50 [Train]:  81%|████████▏ | 373/459 [00:36<00:08, 10.24it/s]
Epoch 26/50 [Train]:  82%|████████▏ | 375/459 [00:36<00:07, 10.83it/s]
Epoch 26/50 [Train]:  82%|████████▏ | 377/459 [00:36<00:07, 10.60it/s]
Epoch 26/50 [Train]:  83%|████████▎ | 379/459 [00:36<00:08,  9.95it/s]
Epoch 26/50 [Train]:  83%|████████▎ | 381/459 [00:36<00:07, 10.36it/s]
Epoch 26/50 [Train]:  83%|████████▎ | 383/459 [00:37<00:07, 10.11it/s]
Epoch 26/50 [Train]:  84%|████████▍ | 385/459 [00:37<00:07, 10.27it/s]
Epoch 26/50 [Train]:  84%|████████▍ | 387/459 [00:37<00:06, 10.87it/s]
Epoch 26/50 [Train]:  85%|████████▍ | 389/459 [00:37<00:06, 10.78it/s]
Epoch 26/50 [Train]:  85%|████████▌ | 391/459 [00:37<00:06, 11.06it/s]
Epoch 26/50 [Train]:  86%|████████▌ | 393/459 [00:37<00:05, 11.23it/s]
Epoch 26/50 [Train]:  86%|████████▌ | 395/459 [00:38<00:05, 10.99it/s]
Epoch 26/50 [Train]:  86%|████████▋ | 397/459 [00:38<00:05, 10.94it/s]
Epoch 26/50 [Train]:  87%|████████▋ | 399/459 [00:38<00:05, 10.05it/s]
Epoch 26/50 [Train]:  87%|████████▋ | 401/459 [00:38<00:05, 10.02it/s]
Epoch 26/50 [Train]:  88%|████████▊ | 403/459 [00:38<00:05, 10.52it/s]
Epoch 26/50 [Train]:  88%|████████▊ | 405/459 [00:39<00:05, 10.48it/s]
Epoch 26/50 [Train]:  89%|████████▊ | 407/459 [00:39<00:04, 10.51it/s]
Epoch 26/50 [Train]:  89%|████████▉ | 409/459 [00:39<00:04, 10.61it/s]
Epoch 26/50 [Train]:  90%|████████▉ | 411/459 [00:39<00:04, 10.53it/s]
Epoch 26/50 [Train]:  90%|████████▉ | 413/459 [00:39<00:04, 10.64it/s]
Epoch 26/50 [Train]:  90%|█████████ | 415/459 [00:40<00:04, 10.43it/s]
Epoch 26/50 [Train]:  91%|█████████ | 417/459 [00:40<00:04, 10.41it/s]
Epoch 26/50 [Train]:  91%|█████████▏| 419/459 [00:40<00:03, 10.18it/s]
Epoch 26/50 [Train]:  92%|█████████▏| 421/459 [00:40<00:04,  9.40it/s]
Epoch 26/50 [Train]:  92%|█████████▏| 423/459 [00:40<00:03,  9.73it/s]
Epoch 26/50 [Train]:  93%|█████████▎| 425/459 [00:41<00:03,  9.92it/s]
Epoch 26/50 [Train]:  93%|█████████▎| 427/459 [00:41<00:03, 10.00it/s]
Epoch 26/50 [Train]:  93%|█████████▎| 429/459 [00:41<00:02, 10.24it/s]
Epoch 26/50 [Train]:  94%|█████████▍| 431/459 [00:41<00:02, 10.46it/s]
Epoch 26/50 [Train]:  94%|█████████▍| 433/459 [00:41<00:02, 10.16it/s]
Epoch 26/50 [Train]:  95%|█████████▍| 435/459 [00:42<00:02, 10.17it/s]
Epoch 26/50 [Train]:  95%|█████████▌| 437/459 [00:42<00:02, 10.04it/s]
Epoch 26/50 [Train]:  96%|█████████▌| 439/459 [00:42<00:02,  9.74it/s]
Epoch 26/50 [Train]:  96%|█████████▌| 440/459 [00:42<00:02,  9.41it/s]
Epoch 26/50 [Train]:  96%|█████████▋| 442/459 [00:42<00:01,  9.72it/s]
Epoch 26/50 [Train]:  97%|█████████▋| 444/459 [00:43<00:01, 10.32it/s]
Epoch 26/50 [Train]:  97%|█████████▋| 446/459 [00:43<00:01, 10.78it/s]
Epoch 26/50 [Train]:  98%|█████████▊| 448/459 [00:43<00:01, 10.19it/s]
Epoch 26/50 [Train]:  98%|█████████▊| 450/459 [00:43<00:00,  9.83it/s]
Epoch 26/50 [Train]:  98%|█████████▊| 452/459 [00:43<00:00,  9.97it/s]
Epoch 26/50 [Train]:  99%|█████████▉| 454/459 [00:44<00:00,  9.84it/s]
Epoch 26/50 [Train]:  99%|█████████▉| 456/459 [00:44<00:00, 10.52it/s]
Epoch 26/50 [Train]: 100%|█████████▉| 458/459 [00:44<00:00, 10.04it/s]
                                                                      

Epoch 26/50 [Val]:   0%|          | 0/113 [00:00<?, ?it/s]
Epoch 26/50 [Val]:   1%|          | 1/113 [00:00<00:15,  7.45it/s]
Epoch 26/50 [Val]:   2%|▏         | 2/113 [00:00<00:14,  7.69it/s]
Epoch 26/50 [Val]:   3%|▎         | 3/113 [00:00<00:15,  6.88it/s]
Epoch 26/50 [Val]:   4%|▎         | 4/113 [00:00<00:15,  7.04it/s]
Epoch 26/50 [Val]:   4%|▍         | 5/113 [00:00<00:14,  7.30it/s]
Epoch 26/50 [Val]:   5%|▌         | 6/113 [00:00<00:15,  7.12it/s]
Epoch 26/50 [Val]:   6%|▌         | 7/113 [00:00<00:14,  7.15it/s]
Epoch 26/50 [Val]:   7%|▋         | 8/113 [00:01<00:14,  7.35it/s]
Epoch 26/50 [Val]:   8%|▊         | 9/113 [00:01<00:13,  7.91it/s]
Epoch 26/50 [Val]:   9%|▉         | 10/113 [00:01<00:13,  7.77it/s]
Epoch 26/50 [Val]:  10%|▉         | 11/113 [00:01<00:12,  7.89it/s]
Epoch 26/50 [Val]:  11%|█         | 12/113 [00:01<00:14,  7.17it/s]
Epoch 26/50 [Val]:  12%|█▏        | 13/113 [00:01<00:13,  7.16it/s]
Epoch 26/50 [Val]:  12%|█▏        | 14/113 [00:01<00:13,  7.41it/s]
Epoch 26/50 [Val]:  13%|█▎        | 15/113 [00:02<00:13,  7.48it/s]
Epoch 26/50 [Val]:  14%|█▍        | 16/113 [00:02<00:12,  7.50it/s]
Epoch 26/50 [Val]:  15%|█▌        | 17/113 [00:02<00:12,  7.94it/s]
Epoch 26/50 [Val]:  16%|█▌        | 18/113 [00:02<00:11,  8.07it/s]
Epoch 26/50 [Val]:  17%|█▋        | 19/113 [00:02<00:11,  7.85it/s]
Epoch 26/50 [Val]:  18%|█▊        | 20/113 [00:02<00:11,  7.84it/s]
Epoch 26/50 [Val]:  19%|█▊        | 21/113 [00:02<00:12,  7.64it/s]
Epoch 26/50 [Val]:  19%|█▉        | 22/113 [00:02<00:12,  7.47it/s]
Epoch 26/50 [Val]:  20%|██        | 23/113 [00:03<00:12,  7.45it/s]
Epoch 26/50 [Val]:  21%|██        | 24/113 [00:03<00:12,  7.10it/s]
Epoch 26/50 [Val]:  22%|██▏       | 25/113 [00:03<00:12,  7.12it/s]
Epoch 26/50 [Val]:  23%|██▎       | 26/113 [00:03<00:12,  6.85it/s]
Epoch 26/50 [Val]:  24%|██▍       | 27/113 [00:03<00:12,  6.91it/s]
Epoch 26/50 [Val]:  25%|██▍       | 28/113 [00:03<00:11,  7.14it/s]
Epoch 26/50 [Val]:  26%|██▌       | 29/113 [00:03<00:11,  7.26it/s]
Epoch 26/50 [Val]:  27%|██▋       | 30/113 [00:04<00:12,  6.67it/s]
Epoch 26/50 [Val]:  27%|██▋       | 31/113 [00:04<00:11,  7.37it/s]
Epoch 26/50 [Val]:  28%|██▊       | 32/113 [00:04<00:10,  7.41it/s]
Epoch 26/50 [Val]:  30%|███       | 34/113 [00:04<00:09,  8.11it/s]
Epoch 26/50 [Val]:  31%|███       | 35/113 [00:04<00:09,  7.98it/s]
Epoch 26/50 [Val]:  32%|███▏      | 36/113 [00:04<00:09,  8.10it/s]
Epoch 26/50 [Val]:  33%|███▎      | 37/113 [00:04<00:09,  7.79it/s]
Epoch 26/50 [Val]:  34%|███▎      | 38/113 [00:05<00:09,  7.76it/s]
Epoch 26/50 [Val]:  35%|███▍      | 39/113 [00:05<00:09,  8.05it/s]
Epoch 26/50 [Val]:  35%|███▌      | 40/113 [00:05<00:09,  8.01it/s]
Epoch 26/50 [Val]:  36%|███▋      | 41/113 [00:05<00:09,  7.75it/s]
Epoch 26/50 [Val]:  37%|███▋      | 42/113 [00:05<00:09,  7.19it/s]
Epoch 26/50 [Val]:  38%|███▊      | 43/113 [00:05<00:09,  7.37it/s]
Epoch 26/50 [Val]:  39%|███▉      | 44/113 [00:05<00:09,  7.33it/s]
Epoch 26/50 [Val]:  40%|███▉      | 45/113 [00:06<00:08,  7.60it/s]
Epoch 26/50 [Val]:  41%|████      | 46/113 [00:06<00:08,  7.49it/s]
Epoch 26/50 [Val]:  42%|████▏     | 47/113 [00:06<00:08,  7.65it/s]
Epoch 26/50 [Val]:  42%|████▏     | 48/113 [00:06<00:08,  7.65it/s]
Epoch 26/50 [Val]:  43%|████▎     | 49/113 [00:06<00:08,  7.58it/s]
Epoch 26/50 [Val]:  44%|████▍     | 50/113 [00:06<00:08,  7.72it/s]
Epoch 26/50 [Val]:  46%|████▌     | 52/113 [00:06<00:07,  8.43it/s]
Epoch 26/50 [Val]:  47%|████▋     | 53/113 [00:06<00:07,  8.43it/s]
Epoch 26/50 [Val]:  48%|████▊     | 54/113 [00:07<00:07,  8.15it/s]
Epoch 26/50 [Val]:  50%|████▉     | 56/113 [00:07<00:06,  8.80it/s]
Epoch 26/50 [Val]:  50%|█████     | 57/113 [00:07<00:06,  8.77it/s]
Epoch 26/50 [Val]:  52%|█████▏    | 59/113 [00:07<00:05,  9.10it/s]
Epoch 26/50 [Val]:  53%|█████▎    | 60/113 [00:07<00:06,  8.52it/s]
Epoch 26/50 [Val]:  54%|█████▍    | 61/113 [00:07<00:06,  8.27it/s]
Epoch 26/50 [Val]:  55%|█████▍    | 62/113 [00:08<00:06,  7.85it/s]
Epoch 26/50 [Val]:  57%|█████▋    | 64/113 [00:08<00:06,  8.09it/s]
Epoch 26/50 [Val]:  58%|█████▊    | 65/113 [00:08<00:06,  7.60it/s]
Epoch 26/50 [Val]:  58%|█████▊    | 66/113 [00:08<00:06,  7.26it/s]
Epoch 26/50 [Val]:  59%|█████▉    | 67/113 [00:08<00:06,  7.12it/s]
Epoch 26/50 [Val]:  60%|██████    | 68/113 [00:08<00:06,  6.86it/s]
Epoch 26/50 [Val]:  61%|██████    | 69/113 [00:09<00:06,  7.10it/s]
Epoch 26/50 [Val]:  63%|██████▎   | 71/113 [00:09<00:05,  8.30it/s]
Epoch 26/50 [Val]:  64%|██████▎   | 72/113 [00:09<00:04,  8.33it/s]
Epoch 26/50 [Val]:  65%|██████▌   | 74/113 [00:09<00:04,  8.37it/s]
Epoch 26/50 [Val]:  66%|██████▋   | 75/113 [00:09<00:04,  8.34it/s]
Epoch 26/50 [Val]:  67%|██████▋   | 76/113 [00:09<00:04,  7.67it/s]
Epoch 26/50 [Val]:  68%|██████▊   | 77/113 [00:10<00:04,  7.63it/s]
Epoch 26/50 [Val]:  69%|██████▉   | 78/113 [00:10<00:04,  7.83it/s]
Epoch 26/50 [Val]:  70%|██████▉   | 79/113 [00:10<00:04,  7.92it/s]
Epoch 26/50 [Val]:  72%|███████▏  | 81/113 [00:10<00:03, 10.24it/s]
Epoch 26/50 [Val]:  73%|███████▎  | 83/113 [00:10<00:03,  8.80it/s]
Epoch 26/50 [Val]:  74%|███████▍  | 84/113 [00:10<00:03,  8.49it/s]
Epoch 26/50 [Val]:  75%|███████▌  | 85/113 [00:10<00:03,  8.15it/s]
Epoch 26/50 [Val]:  76%|███████▌  | 86/113 [00:11<00:03,  7.87it/s]
Epoch 26/50 [Val]:  78%|███████▊  | 88/113 [00:11<00:02,  9.31it/s]
Epoch 26/50 [Val]:  79%|███████▉  | 89/113 [00:11<00:02,  9.25it/s]
Epoch 26/50 [Val]:  80%|███████▉  | 90/113 [00:11<00:02,  8.72it/s]
Epoch 26/50 [Val]:  81%|████████  | 91/113 [00:11<00:02,  8.94it/s]
Epoch 26/50 [Val]:  81%|████████▏ | 92/113 [00:11<00:02,  8.66it/s]
Epoch 26/50 [Val]:  82%|████████▏ | 93/113 [00:11<00:02,  7.85it/s]
Epoch 26/50 [Val]:  83%|████████▎ | 94/113 [00:12<00:02,  7.70it/s]
Epoch 26/50 [Val]:  84%|████████▍ | 95/113 [00:12<00:02,  7.76it/s]
Epoch 26/50 [Val]:  85%|████████▍ | 96/113 [00:12<00:02,  8.02it/s]
Epoch 26/50 [Val]:  86%|████████▌ | 97/113 [00:12<00:02,  7.78it/s]
Epoch 26/50 [Val]:  87%|████████▋ | 98/113 [00:12<00:02,  7.45it/s]
Epoch 26/50 [Val]:  88%|████████▊ | 99/113 [00:12<00:02,  6.93it/s]
Epoch 26/50 [Val]:  88%|████████▊ | 100/113 [00:12<00:01,  6.56it/s]
Epoch 26/50 [Val]:  90%|█████████ | 102/113 [00:13<00:01,  7.37it/s]
Epoch 26/50 [Val]:  91%|█████████ | 103/113 [00:13<00:01,  7.64it/s]
Epoch 26/50 [Val]:  92%|█████████▏| 104/113 [00:13<00:01,  7.83it/s]
Epoch 26/50 [Val]:  93%|█████████▎| 105/113 [00:13<00:01,  7.95it/s]
Epoch 26/50 [Val]:  94%|█████████▍| 106/113 [00:13<00:00,  7.84it/s]
Epoch 26/50 [Val]:  95%|█████████▍| 107/113 [00:13<00:00,  8.24it/s]
Epoch 26/50 [Val]:  96%|█████████▌| 108/113 [00:13<00:00,  7.88it/s]
Epoch 26/50 [Val]:  96%|█████████▋| 109/113 [00:13<00:00,  7.87it/s]
Epoch 26/50 [Val]:  97%|█████████▋| 110/113 [00:14<00:00,  7.67it/s]
Epoch 26/50 [Val]:  98%|█████████▊| 111/113 [00:14<00:00,  7.56it/s]
Epoch 26/50 [Val]:  99%|█████████▉| 112/113 [00:14<00:00,  7.58it/s]
                                                                    

Epoch 27/50 [Train]:   0%|          | 0/459 [00:00<?, ?it/s]
Epoch 27/50 [Train]:   0%|          | 2/459 [00:00<00:39, 11.51it/s]
Epoch 27/50 [Train]:   1%|          | 4/459 [00:00<00:45,  9.92it/s]
Epoch 27/50 [Train]:   1%|▏         | 6/459 [00:00<00:41, 10.95it/s]
Epoch 27/50 [Train]:   2%|▏         | 8/459 [00:00<00:45, 10.02it/s]
Epoch 27/50 [Train]:   2%|▏         | 10/459 [00:00<00:45,  9.82it/s]
Epoch 27/50 [Train]:   3%|▎         | 12/459 [00:01<00:44, 10.00it/s]
Epoch 27/50 [Train]:   3%|▎         | 14/459 [00:01<00:43, 10.17it/s]
Epoch 27/50 [Train]:   3%|▎         | 16/459 [00:01<00:43, 10.28it/s]
Epoch 27/50 [Train]:   4%|▍         | 18/459 [00:01<00:43, 10.24it/s]
Epoch 27/50 [Train]:   4%|▍         | 20/459 [00:01<00:40, 10.94it/s]
Epoch 27/50 [Train]:   5%|▍         | 22/459 [00:02<00:37, 11.55it/s]
Epoch 27/50 [Train]:   5%|▌         | 24/459 [00:02<00:39, 10.91it/s]
Epoch 27/50 [Train]:   6%|▌         | 26/459 [00:02<00:40, 10.80it/s]
Epoch 27/50 [Train]:   6%|▌         | 28/459 [00:02<00:40, 10.53it/s]
Epoch 27/50 [Train]:   7%|▋         | 30/459 [00:02<00:41, 10.35it/s]
Epoch 27/50 [Train]:   7%|▋         | 32/459 [00:03<00:38, 10.95it/s]
Epoch 27/50 [Train]:   7%|▋         | 34/459 [00:03<00:39, 10.83it/s]
Epoch 27/50 [Train]:   8%|▊         | 36/459 [00:03<00:37, 11.22it/s]
Epoch 27/50 [Train]:   8%|▊         | 38/459 [00:03<00:37, 11.08it/s]
Epoch 27/50 [Train]:   9%|▊         | 40/459 [00:03<00:38, 10.99it/s]
Epoch 27/50 [Train]:   9%|▉         | 42/459 [00:03<00:39, 10.48it/s]
Epoch 27/50 [Train]:  10%|▉         | 44/459 [00:04<00:42,  9.74it/s]
Epoch 27/50 [Train]:  10%|█         | 46/459 [00:04<00:41,  9.91it/s]
Epoch 27/50 [Train]:  10%|█         | 48/459 [00:04<00:40, 10.13it/s]
Epoch 27/50 [Train]:  11%|█         | 50/459 [00:04<00:39, 10.40it/s]
Epoch 27/50 [Train]:  11%|█▏        | 52/459 [00:04<00:40, 10.17it/s]
Epoch 27/50 [Train]:  12%|█▏        | 54/459 [00:05<00:40, 10.06it/s]
Epoch 27/50 [Train]:  12%|█▏        | 56/459 [00:05<00:39, 10.19it/s]
Epoch 27/50 [Train]:  13%|█▎        | 58/459 [00:05<00:39, 10.25it/s]
Epoch 27/50 [Train]:  13%|█▎        | 60/459 [00:05<00:39, 10.08it/s]
Epoch 27/50 [Train]:  14%|█▎        | 62/459 [00:05<00:37, 10.64it/s]
Epoch 27/50 [Train]:  14%|█▍        | 64/459 [00:06<00:38, 10.17it/s]
Epoch 27/50 [Train]:  14%|█▍        | 66/459 [00:06<00:38, 10.25it/s]
Epoch 27/50 [Train]:  15%|█▍        | 68/459 [00:06<00:39,  9.87it/s]
Epoch 27/50 [Train]:  15%|█▌        | 70/459 [00:06<00:38, 10.08it/s]
Epoch 27/50 [Train]:  16%|█▌        | 72/459 [00:06<00:37, 10.22it/s]
Epoch 27/50 [Train]:  16%|█▌        | 74/459 [00:07<00:36, 10.51it/s]
Epoch 27/50 [Train]:  17%|█▋        | 76/459 [00:07<00:36, 10.56it/s]
Epoch 27/50 [Train]:  17%|█▋        | 78/459 [00:07<00:38,  9.97it/s]
Epoch 27/50 [Train]:  17%|█▋        | 80/459 [00:07<00:38,  9.77it/s]
Epoch 27/50 [Train]:  18%|█▊        | 82/459 [00:07<00:37,  9.98it/s]
Epoch 27/50 [Train]:  18%|█▊        | 84/459 [00:08<00:37, 10.11it/s]
Epoch 27/50 [Train]:  19%|█▊        | 86/459 [00:08<00:34, 10.71it/s]
Epoch 27/50 [Train]:  19%|█▉        | 88/459 [00:08<00:35, 10.60it/s]
Epoch 27/50 [Train]:  20%|█▉        | 90/459 [00:08<00:35, 10.39it/s]
Epoch 27/50 [Train]:  20%|██        | 92/459 [00:08<00:35, 10.26it/s]
Epoch 27/50 [Train]:  20%|██        | 94/459 [00:09<00:35, 10.24it/s]
Epoch 27/50 [Train]:  21%|██        | 96/459 [00:09<00:36,  9.86it/s]
Epoch 27/50 [Train]:  21%|██        | 97/459 [00:09<00:37,  9.75it/s]
Epoch 27/50 [Train]:  22%|██▏       | 99/459 [00:09<00:34, 10.44it/s]
Epoch 27/50 [Train]:  22%|██▏       | 101/459 [00:09<00:34, 10.25it/s]
Epoch 27/50 [Train]:  22%|██▏       | 103/459 [00:09<00:36,  9.65it/s]
Epoch 27/50 [Train]:  23%|██▎       | 104/459 [00:10<00:37,  9.52it/s]
Epoch 27/50 [Train]:  23%|██▎       | 106/459 [00:10<00:36,  9.56it/s]
Epoch 27/50 [Train]:  24%|██▎       | 108/459 [00:10<00:33, 10.48it/s]
Epoch 27/50 [Train]:  24%|██▍       | 110/459 [00:10<00:33, 10.46it/s]
Epoch 27/50 [Train]:  24%|██▍       | 112/459 [00:10<00:33, 10.51it/s]
Epoch 27/50 [Train]:  25%|██▍       | 114/459 [00:11<00:31, 10.86it/s]
Epoch 27/50 [Train]:  25%|██▌       | 116/459 [00:11<00:30, 11.29it/s]
Epoch 27/50 [Train]:  26%|██▌       | 118/459 [00:11<00:29, 11.73it/s]
Epoch 27/50 [Train]:  26%|██▌       | 120/459 [00:11<00:31, 10.73it/s]
Epoch 27/50 [Train]:  27%|██▋       | 122/459 [00:11<00:31, 10.75it/s]
Epoch 27/50 [Train]:  27%|██▋       | 124/459 [00:11<00:32, 10.34it/s]
Epoch 27/50 [Train]:  27%|██▋       | 126/459 [00:12<00:33,  9.93it/s]
Epoch 27/50 [Train]:  28%|██▊       | 128/459 [00:12<00:32, 10.04it/s]
Epoch 27/50 [Train]:  28%|██▊       | 130/459 [00:12<00:32, 10.11it/s]
Epoch 27/50 [Train]:  29%|██▉       | 132/459 [00:12<00:32, 10.06it/s]
Epoch 27/50 [Train]:  29%|██▉       | 134/459 [00:12<00:30, 10.73it/s]
Epoch 27/50 [Train]:  30%|██▉       | 136/459 [00:13<00:30, 10.76it/s]
Epoch 27/50 [Train]:  30%|███       | 138/459 [00:13<00:30, 10.53it/s]
Epoch 27/50 [Train]:  31%|███       | 140/459 [00:13<00:28, 11.10it/s]
Epoch 27/50 [Train]:  31%|███       | 142/459 [00:13<00:29, 10.73it/s]
Epoch 27/50 [Train]:  31%|███▏      | 144/459 [00:13<00:29, 10.64it/s]
Epoch 27/50 [Train]:  32%|███▏      | 146/459 [00:14<00:29, 10.53it/s]
Epoch 27/50 [Train]:  32%|███▏      | 148/459 [00:14<00:30, 10.09it/s]
Epoch 27/50 [Train]:  33%|███▎      | 150/459 [00:14<00:30, 10.30it/s]
Epoch 27/50 [Train]:  33%|███▎      | 152/459 [00:14<00:30, 10.18it/s]
Epoch 27/50 [Train]:  34%|███▎      | 154/459 [00:14<00:31,  9.79it/s]
Epoch 27/50 [Train]:  34%|███▍      | 156/459 [00:15<00:30,  9.80it/s]
Epoch 27/50 [Train]:  34%|███▍      | 157/459 [00:15<00:31,  9.56it/s]
Epoch 27/50 [Train]:  35%|███▍      | 159/459 [00:15<00:31,  9.67it/s]
Epoch 27/50 [Train]:  35%|███▍      | 160/459 [00:15<00:31,  9.62it/s]
Epoch 27/50 [Train]:  35%|███▌      | 162/459 [00:15<00:30,  9.58it/s]
Epoch 27/50 [Train]:  36%|███▌      | 164/459 [00:15<00:28, 10.22it/s]
Epoch 27/50 [Train]:  36%|███▌      | 166/459 [00:16<00:27, 10.56it/s]
Epoch 27/50 [Train]:  37%|███▋      | 168/459 [00:16<00:28, 10.13it/s]
Epoch 27/50 [Train]:  37%|███▋      | 170/459 [00:16<00:28, 10.28it/s]
Epoch 27/50 [Train]:  37%|███▋      | 172/459 [00:16<00:28, 10.19it/s]
Epoch 27/50 [Train]:  38%|███▊      | 174/459 [00:16<00:28, 10.01it/s]
Epoch 27/50 [Train]:  38%|███▊      | 176/459 [00:17<00:28,  9.78it/s]
Epoch 27/50 [Train]:  39%|███▉      | 178/459 [00:17<00:28,  9.86it/s]
Epoch 27/50 [Train]:  39%|███▉      | 179/459 [00:17<00:28,  9.70it/s]
Epoch 27/50 [Train]:  39%|███▉      | 180/459 [00:17<00:31,  8.88it/s]
Epoch 27/50 [Train]:  40%|███▉      | 182/459 [00:17<00:27,  9.91it/s]
Epoch 27/50 [Train]:  40%|████      | 184/459 [00:17<00:27, 10.14it/s]
Epoch 27/50 [Train]:  41%|████      | 186/459 [00:18<00:25, 10.53it/s]
Epoch 27/50 [Train]:  41%|████      | 188/459 [00:18<00:26, 10.39it/s]
Epoch 27/50 [Train]:  41%|████▏     | 190/459 [00:18<00:26, 10.08it/s]
Epoch 27/50 [Train]:  42%|████▏     | 192/459 [00:18<00:26, 10.08it/s]
Epoch 27/50 [Train]:  42%|████▏     | 194/459 [00:18<00:26, 10.05it/s]
Epoch 27/50 [Train]:  43%|████▎     | 196/459 [00:19<00:25, 10.16it/s]
Epoch 27/50 [Train]:  43%|████▎     | 198/459 [00:19<00:25, 10.05it/s]
Epoch 27/50 [Train]:  44%|████▎     | 200/459 [00:19<00:25, 10.16it/s]
Epoch 27/50 [Train]:  44%|████▍     | 202/459 [00:19<00:24, 10.53it/s]
Epoch 27/50 [Train]:  44%|████▍     | 204/459 [00:19<00:24, 10.27it/s]
Epoch 27/50 [Train]:  45%|████▍     | 206/459 [00:20<00:24, 10.13it/s]
Epoch 27/50 [Train]:  45%|████▌     | 208/459 [00:20<00:25,  9.76it/s]
Epoch 27/50 [Train]:  46%|████▌     | 210/459 [00:20<00:24, 10.20it/s]
Epoch 27/50 [Train]:  46%|████▌     | 212/459 [00:20<00:24, 10.10it/s]
Epoch 27/50 [Train]:  47%|████▋     | 214/459 [00:20<00:24, 10.00it/s]
Epoch 27/50 [Train]:  47%|████▋     | 216/459 [00:21<00:23, 10.56it/s]
Epoch 27/50 [Train]:  47%|████▋     | 218/459 [00:21<00:23, 10.18it/s]
Epoch 27/50 [Train]:  48%|████▊     | 220/459 [00:21<00:23,  9.99it/s]
Epoch 27/50 [Train]:  48%|████▊     | 222/459 [00:21<00:23, 10.09it/s]
Epoch 27/50 [Train]:  49%|████▉     | 224/459 [00:21<00:24,  9.53it/s]
Epoch 27/50 [Train]:  49%|████▉     | 226/459 [00:22<00:22, 10.26it/s]
Epoch 27/50 [Train]:  50%|████▉     | 228/459 [00:22<00:22, 10.26it/s]
Epoch 27/50 [Train]:  50%|█████     | 230/459 [00:22<00:22, 10.12it/s]
Epoch 27/50 [Train]:  51%|█████     | 232/459 [00:22<00:22, 10.05it/s]
Epoch 27/50 [Train]:  51%|█████     | 234/459 [00:22<00:22, 10.21it/s]
Epoch 27/50 [Train]:  51%|█████▏    | 236/459 [00:23<00:21, 10.33it/s]
Epoch 27/50 [Train]:  52%|█████▏    | 238/459 [00:23<00:21, 10.23it/s]
Epoch 27/50 [Train]:  52%|█████▏    | 240/459 [00:23<00:22,  9.69it/s]
Epoch 27/50 [Train]:  53%|█████▎    | 242/459 [00:23<00:22,  9.81it/s]
Epoch 27/50 [Train]:  53%|█████▎    | 244/459 [00:23<00:21,  9.93it/s]
Epoch 27/50 [Train]:  53%|█████▎    | 245/459 [00:23<00:21,  9.93it/s]
Epoch 27/50 [Train]:  54%|█████▍    | 247/459 [00:24<00:21,  9.94it/s]
Epoch 27/50 [Train]:  54%|█████▍    | 249/459 [00:24<00:21,  9.99it/s]
Epoch 27/50 [Train]:  54%|█████▍    | 250/459 [00:24<00:21,  9.89it/s]
Epoch 27/50 [Train]:  55%|█████▍    | 251/459 [00:24<00:21,  9.50it/s]
Epoch 27/50 [Train]:  55%|█████▌    | 253/459 [00:24<00:21,  9.44it/s]
Epoch 27/50 [Train]:  56%|█████▌    | 255/459 [00:24<00:20,  9.75it/s]
Epoch 27/50 [Train]:  56%|█████▌    | 257/459 [00:25<00:19, 10.40it/s]
Epoch 27/50 [Train]:  56%|█████▋    | 259/459 [00:25<00:18, 10.91it/s]
Epoch 27/50 [Train]:  57%|█████▋    | 261/459 [00:25<00:19, 10.23it/s]
Epoch 27/50 [Train]:  57%|█████▋    | 263/459 [00:25<00:18, 10.51it/s]
Epoch 27/50 [Train]:  58%|█████▊    | 265/459 [00:25<00:19, 10.12it/s]
Epoch 27/50 [Train]:  58%|█████▊    | 267/459 [00:26<00:19, 10.00it/s]
Epoch 27/50 [Train]:  59%|█████▊    | 269/459 [00:26<00:18, 10.12it/s]
Epoch 27/50 [Train]:  59%|█████▉    | 271/459 [00:26<00:18,  9.95it/s]
Epoch 27/50 [Train]:  59%|█████▉    | 273/459 [00:26<00:18,  9.92it/s]
Epoch 27/50 [Train]:  60%|█████▉    | 275/459 [00:26<00:17, 10.41it/s]
Epoch 27/50 [Train]:  60%|██████    | 277/459 [00:27<00:18,  9.99it/s]
Epoch 27/50 [Train]:  61%|██████    | 279/459 [00:27<00:17, 10.03it/s]
Epoch 27/50 [Train]:  61%|██████    | 281/459 [00:27<00:16, 10.67it/s]
Epoch 27/50 [Train]:  62%|██████▏   | 283/459 [00:27<00:16, 10.49it/s]
Epoch 27/50 [Train]:  62%|██████▏   | 285/459 [00:27<00:16, 10.53it/s]
Epoch 27/50 [Train]:  63%|██████▎   | 287/459 [00:28<00:16, 10.23it/s]
Epoch 27/50 [Train]:  63%|██████▎   | 289/459 [00:28<00:16, 10.15it/s]
Epoch 27/50 [Train]:  63%|██████▎   | 291/459 [00:28<00:15, 10.63it/s]
Epoch 27/50 [Train]:  64%|██████▍   | 293/459 [00:28<00:15, 10.51it/s]
Epoch 27/50 [Train]:  64%|██████▍   | 295/459 [00:28<00:15, 10.41it/s]
Epoch 27/50 [Train]:  65%|██████▍   | 297/459 [00:28<00:14, 10.97it/s]
Epoch 27/50 [Train]:  65%|██████▌   | 299/459 [00:29<00:14, 11.40it/s]
Epoch 27/50 [Train]:  66%|██████▌   | 301/459 [00:29<00:14, 10.81it/s]
Epoch 27/50 [Train]:  66%|██████▌   | 303/459 [00:29<00:14, 10.66it/s]
Epoch 27/50 [Train]:  66%|██████▋   | 305/459 [00:29<00:14, 10.80it/s]
Epoch 27/50 [Train]:  67%|██████▋   | 307/459 [00:29<00:14, 10.60it/s]
Epoch 27/50 [Train]:  67%|██████▋   | 309/459 [00:30<00:14, 10.35it/s]
Epoch 27/50 [Train]:  68%|██████▊   | 311/459 [00:30<00:15,  9.80it/s]
Epoch 27/50 [Train]:  68%|██████▊   | 313/459 [00:30<00:14,  9.90it/s]
Epoch 27/50 [Train]:  69%|██████▊   | 315/459 [00:30<00:14,  9.98it/s]
Epoch 27/50 [Train]:  69%|██████▉   | 317/459 [00:30<00:13, 10.60it/s]
Epoch 27/50 [Train]:  69%|██████▉   | 319/459 [00:31<00:13, 10.49it/s]
Epoch 27/50 [Train]:  70%|██████▉   | 321/459 [00:31<00:12, 10.76it/s]
Epoch 27/50 [Train]:  70%|███████   | 323/459 [00:31<00:12, 11.07it/s]
Epoch 27/50 [Train]:  71%|███████   | 325/459 [00:31<00:11, 11.55it/s]
Epoch 27/50 [Train]:  71%|███████   | 327/459 [00:31<00:11, 11.76it/s]
Epoch 27/50 [Train]:  72%|███████▏  | 329/459 [00:31<00:10, 12.08it/s]
Epoch 27/50 [Train]:  72%|███████▏  | 331/459 [00:32<00:10, 12.30it/s]
Epoch 27/50 [Train]:  73%|███████▎  | 333/459 [00:32<00:10, 11.61it/s]
Epoch 27/50 [Train]:  73%|███████▎  | 335/459 [00:32<00:11, 11.07it/s]
Epoch 27/50 [Train]:  73%|███████▎  | 337/459 [00:32<00:10, 11.55it/s]
Epoch 27/50 [Train]:  74%|███████▍  | 339/459 [00:32<00:11, 10.47it/s]
Epoch 27/50 [Train]:  74%|███████▍  | 341/459 [00:33<00:11, 10.29it/s]
Epoch 27/50 [Train]:  75%|███████▍  | 343/459 [00:33<00:11, 10.29it/s]
Epoch 27/50 [Train]:  75%|███████▌  | 345/459 [00:33<00:11, 10.22it/s]
Epoch 27/50 [Train]:  76%|███████▌  | 347/459 [00:33<00:10, 10.28it/s]
Epoch 27/50 [Train]:  76%|███████▌  | 349/459 [00:33<00:10, 10.21it/s]
Epoch 27/50 [Train]:  76%|███████▋  | 351/459 [00:34<00:10, 10.79it/s]
Epoch 27/50 [Train]:  77%|███████▋  | 353/459 [00:34<00:09, 11.34it/s]
Epoch 27/50 [Train]:  77%|███████▋  | 355/459 [00:34<00:08, 11.73it/s]
Epoch 27/50 [Train]:  78%|███████▊  | 357/459 [00:34<00:09, 10.78it/s]
Epoch 27/50 [Train]:  78%|███████▊  | 359/459 [00:34<00:08, 11.32it/s]
Epoch 27/50 [Train]:  79%|███████▊  | 361/459 [00:34<00:09, 10.77it/s]
Epoch 27/50 [Train]:  79%|███████▉  | 363/459 [00:35<00:08, 11.19it/s]
Epoch 27/50 [Train]:  80%|███████▉  | 365/459 [00:35<00:08, 11.07it/s]
Epoch 27/50 [Train]:  80%|███████▉  | 367/459 [00:35<00:08, 10.91it/s]
Epoch 27/50 [Train]:  80%|████████  | 369/459 [00:35<00:08, 10.95it/s]
Epoch 27/50 [Train]:  81%|████████  | 371/459 [00:35<00:07, 11.09it/s]
Epoch 27/50 [Train]:  81%|████████▏ | 373/459 [00:36<00:08, 10.49it/s]
Epoch 27/50 [Train]:  82%|████████▏ | 375/459 [00:36<00:07, 10.88it/s]
Epoch 27/50 [Train]:  82%|████████▏ | 377/459 [00:36<00:07, 10.82it/s]
Epoch 27/50 [Train]:  83%|████████▎ | 379/459 [00:36<00:07, 10.67it/s]
Epoch 27/50 [Train]:  83%|████████▎ | 381/459 [00:36<00:07, 10.40it/s]
Epoch 27/50 [Train]:  83%|████████▎ | 383/459 [00:36<00:07,  9.87it/s]
Epoch 27/50 [Train]:  84%|████████▍ | 385/459 [00:37<00:07, 10.54it/s]
Epoch 27/50 [Train]:  84%|████████▍ | 387/459 [00:37<00:06, 10.47it/s]
Epoch 27/50 [Train]:  85%|████████▍ | 389/459 [00:37<00:07,  9.96it/s]
Epoch 27/50 [Train]:  85%|████████▌ | 391/459 [00:37<00:06, 10.20it/s]
Epoch 27/50 [Train]:  86%|████████▌ | 393/459 [00:37<00:06, 10.42it/s]
Epoch 27/50 [Train]:  86%|████████▌ | 395/459 [00:38<00:05, 10.72it/s]
Epoch 27/50 [Train]:  86%|████████▋ | 397/459 [00:38<00:06, 10.28it/s]
Epoch 27/50 [Train]:  87%|████████▋ | 399/459 [00:38<00:05, 10.60it/s]
Epoch 27/50 [Train]:  87%|████████▋ | 401/459 [00:38<00:05, 10.02it/s]
Epoch 27/50 [Train]:  88%|████████▊ | 403/459 [00:38<00:05, 10.13it/s]
Epoch 27/50 [Train]:  88%|████████▊ | 405/459 [00:39<00:04, 10.85it/s]
Epoch 27/50 [Train]:  89%|████████▊ | 407/459 [00:39<00:04, 10.47it/s]
Epoch 27/50 [Train]:  89%|████████▉ | 409/459 [00:39<00:04, 11.05it/s]
Epoch 27/50 [Train]:  90%|████████▉ | 411/459 [00:39<00:04, 10.68it/s]
Epoch 27/50 [Train]:  90%|████████▉ | 413/459 [00:39<00:04, 10.40it/s]
Epoch 27/50 [Train]:  90%|█████████ | 415/459 [00:40<00:04, 10.76it/s]
Epoch 27/50 [Train]:  91%|█████████ | 417/459 [00:40<00:03, 11.21it/s]
Epoch 27/50 [Train]:  91%|█████████▏| 419/459 [00:40<00:03, 11.75it/s]
Epoch 27/50 [Train]:  92%|█████████▏| 421/459 [00:40<00:03, 10.78it/s]
Epoch 27/50 [Train]:  92%|█████████▏| 423/459 [00:40<00:03, 10.76it/s]
Epoch 27/50 [Train]:  93%|█████████▎| 425/459 [00:40<00:02, 11.40it/s]
Epoch 27/50 [Train]:  93%|█████████▎| 427/459 [00:41<00:02, 10.86it/s]
Epoch 27/50 [Train]:  93%|█████████▎| 429/459 [00:41<00:02, 11.72it/s]
Epoch 27/50 [Train]:  94%|█████████▍| 431/459 [00:41<00:02, 10.65it/s]
Epoch 27/50 [Train]:  94%|█████████▍| 433/459 [00:41<00:02, 10.42it/s]
Epoch 27/50 [Train]:  95%|█████████▍| 435/459 [00:41<00:02, 10.40it/s]
Epoch 27/50 [Train]:  95%|█████████▌| 437/459 [00:42<00:02, 10.35it/s]
Epoch 27/50 [Train]:  96%|█████████▌| 439/459 [00:42<00:01, 10.63it/s]
Epoch 27/50 [Train]:  96%|█████████▌| 441/459 [00:42<00:01,  9.89it/s]
Epoch 27/50 [Train]:  97%|█████████▋| 443/459 [00:42<00:01, 10.17it/s]
Epoch 27/50 [Train]:  97%|█████████▋| 445/459 [00:42<00:01, 10.07it/s]
Epoch 27/50 [Train]:  97%|█████████▋| 447/459 [00:43<00:01, 10.15it/s]
Epoch 27/50 [Train]:  98%|█████████▊| 449/459 [00:43<00:00, 10.17it/s]
Epoch 27/50 [Train]:  98%|█████████▊| 451/459 [00:43<00:00,  9.29it/s]
Epoch 27/50 [Train]:  99%|█████████▊| 453/459 [00:43<00:00,  9.49it/s]
Epoch 27/50 [Train]:  99%|█████████▉| 455/459 [00:43<00:00, 10.05it/s]
Epoch 27/50 [Train]: 100%|█████████▉| 457/459 [00:44<00:00,  9.73it/s]
Epoch 27/50 [Train]: 100%|██████████| 459/459 [00:44<00:00, 10.33it/s]
                                                                      

Epoch 27/50 [Val]:   0%|          | 0/113 [00:00<?, ?it/s]
Epoch 27/50 [Val]:   1%|          | 1/113 [00:00<00:14,  7.64it/s]
Epoch 27/50 [Val]:   2%|▏         | 2/113 [00:00<00:14,  7.53it/s]
Epoch 27/50 [Val]:   3%|▎         | 3/113 [00:00<00:13,  8.20it/s]
Epoch 27/50 [Val]:   4%|▎         | 4/113 [00:00<00:14,  7.61it/s]
Epoch 27/50 [Val]:   4%|▍         | 5/113 [00:00<00:14,  7.34it/s]
Epoch 27/50 [Val]:   5%|▌         | 6/113 [00:00<00:14,  7.49it/s]
Epoch 27/50 [Val]:   7%|▋         | 8/113 [00:01<00:13,  7.73it/s]
Epoch 27/50 [Val]:   8%|▊         | 9/113 [00:01<00:14,  7.26it/s]
Epoch 27/50 [Val]:   9%|▉         | 10/113 [00:01<00:13,  7.53it/s]
Epoch 27/50 [Val]:  10%|▉         | 11/113 [00:01<00:13,  7.67it/s]
Epoch 27/50 [Val]:  11%|█         | 12/113 [00:01<00:13,  7.73it/s]
Epoch 27/50 [Val]:  12%|█▏        | 13/113 [00:01<00:12,  7.76it/s]
Epoch 27/50 [Val]:  12%|█▏        | 14/113 [00:01<00:13,  7.24it/s]
Epoch 27/50 [Val]:  13%|█▎        | 15/113 [00:02<00:13,  7.02it/s]
Epoch 27/50 [Val]:  14%|█▍        | 16/113 [00:02<00:14,  6.91it/s]
Epoch 27/50 [Val]:  15%|█▌        | 17/113 [00:02<00:14,  6.79it/s]
Epoch 27/50 [Val]:  16%|█▌        | 18/113 [00:02<00:13,  6.90it/s]
Epoch 27/50 [Val]:  17%|█▋        | 19/113 [00:02<00:14,  6.52it/s]
Epoch 27/50 [Val]:  18%|█▊        | 20/113 [00:02<00:14,  6.50it/s]
Epoch 27/50 [Val]:  19%|█▊        | 21/113 [00:02<00:13,  6.79it/s]
Epoch 27/50 [Val]:  19%|█▉        | 22/113 [00:03<00:13,  6.74it/s]
Epoch 27/50 [Val]:  20%|██        | 23/113 [00:03<00:13,  6.57it/s]
Epoch 27/50 [Val]:  22%|██▏       | 25/113 [00:03<00:11,  7.70it/s]
Epoch 27/50 [Val]:  23%|██▎       | 26/113 [00:03<00:11,  7.85it/s]
Epoch 27/50 [Val]:  25%|██▍       | 28/113 [00:03<00:10,  8.47it/s]
Epoch 27/50 [Val]:  26%|██▌       | 29/113 [00:03<00:10,  8.27it/s]
Epoch 27/50 [Val]:  27%|██▋       | 30/113 [00:04<00:09,  8.35it/s]
Epoch 27/50 [Val]:  27%|██▋       | 31/113 [00:04<00:10,  8.08it/s]
Epoch 27/50 [Val]:  28%|██▊       | 32/113 [00:04<00:10,  7.67it/s]
Epoch 27/50 [Val]:  29%|██▉       | 33/113 [00:04<00:09,  8.14it/s]
Epoch 27/50 [Val]:  31%|███       | 35/113 [00:04<00:09,  8.38it/s]
Epoch 27/50 [Val]:  32%|███▏      | 36/113 [00:04<00:09,  8.40it/s]
Epoch 27/50 [Val]:  33%|███▎      | 37/113 [00:04<00:10,  7.56it/s]
Epoch 27/50 [Val]:  34%|███▎      | 38/113 [00:05<00:09,  7.91it/s]
Epoch 27/50 [Val]:  35%|███▍      | 39/113 [00:05<00:09,  8.16it/s]
Epoch 27/50 [Val]:  36%|███▋      | 41/113 [00:05<00:07,  9.21it/s]
Epoch 27/50 [Val]:  37%|███▋      | 42/113 [00:05<00:08,  8.61it/s]
Epoch 27/50 [Val]:  38%|███▊      | 43/113 [00:05<00:08,  8.27it/s]
Epoch 27/50 [Val]:  39%|███▉      | 44/113 [00:05<00:08,  8.03it/s]
Epoch 27/50 [Val]:  40%|███▉      | 45/113 [00:05<00:08,  7.64it/s]
Epoch 27/50 [Val]:  41%|████      | 46/113 [00:06<00:09,  7.37it/s]
Epoch 27/50 [Val]:  42%|████▏     | 47/113 [00:06<00:09,  7.12it/s]
Epoch 27/50 [Val]:  42%|████▏     | 48/113 [00:06<00:08,  7.26it/s]
Epoch 27/50 [Val]:  43%|████▎     | 49/113 [00:06<00:08,  7.16it/s]
Epoch 27/50 [Val]:  44%|████▍     | 50/113 [00:06<00:08,  7.55it/s]
Epoch 27/50 [Val]:  45%|████▌     | 51/113 [00:06<00:07,  7.99it/s]
Epoch 27/50 [Val]:  46%|████▌     | 52/113 [00:06<00:07,  7.78it/s]
Epoch 27/50 [Val]:  48%|████▊     | 54/113 [00:06<00:05, 10.49it/s]
Epoch 27/50 [Val]:  50%|████▉     | 56/113 [00:07<00:05,  9.58it/s]
Epoch 27/50 [Val]:  51%|█████▏    | 58/113 [00:07<00:06,  8.52it/s]
Epoch 27/50 [Val]:  52%|█████▏    | 59/113 [00:07<00:06,  8.53it/s]
Epoch 27/50 [Val]:  54%|█████▍    | 61/113 [00:07<00:05,  8.90it/s]
Epoch 27/50 [Val]:  55%|█████▍    | 62/113 [00:07<00:05,  8.71it/s]
Epoch 27/50 [Val]:  56%|█████▌    | 63/113 [00:08<00:05,  8.61it/s]
Epoch 27/50 [Val]:  57%|█████▋    | 64/113 [00:08<00:05,  8.47it/s]
Epoch 27/50 [Val]:  58%|█████▊    | 66/113 [00:08<00:05,  8.83it/s]
Epoch 27/50 [Val]:  59%|█████▉    | 67/113 [00:08<00:05,  8.02it/s]
Epoch 27/50 [Val]:  60%|██████    | 68/113 [00:08<00:05,  7.91it/s]
Epoch 27/50 [Val]:  62%|██████▏   | 70/113 [00:08<00:05,  8.50it/s]
Epoch 27/50 [Val]:  63%|██████▎   | 71/113 [00:08<00:05,  8.27it/s]
Epoch 27/50 [Val]:  64%|██████▎   | 72/113 [00:09<00:04,  8.23it/s]
Epoch 27/50 [Val]:  65%|██████▍   | 73/113 [00:09<00:04,  8.07it/s]
Epoch 27/50 [Val]:  65%|██████▌   | 74/113 [00:09<00:05,  7.66it/s]
Epoch 27/50 [Val]:  66%|██████▋   | 75/113 [00:09<00:04,  7.79it/s]
Epoch 27/50 [Val]:  67%|██████▋   | 76/113 [00:09<00:04,  7.57it/s]
Epoch 27/50 [Val]:  68%|██████▊   | 77/113 [00:09<00:04,  7.96it/s]
Epoch 27/50 [Val]:  69%|██████▉   | 78/113 [00:09<00:04,  7.62it/s]
Epoch 27/50 [Val]:  70%|██████▉   | 79/113 [00:10<00:04,  7.56it/s]
Epoch 27/50 [Val]:  71%|███████   | 80/113 [00:10<00:04,  7.51it/s]
Epoch 27/50 [Val]:  73%|███████▎  | 82/113 [00:10<00:03,  8.76it/s]
Epoch 27/50 [Val]:  73%|███████▎  | 83/113 [00:10<00:03,  8.52it/s]
Epoch 27/50 [Val]:  74%|███████▍  | 84/113 [00:10<00:03,  8.08it/s]
Epoch 27/50 [Val]:  75%|███████▌  | 85/113 [00:10<00:03,  8.06it/s]
Epoch 27/50 [Val]:  76%|███████▌  | 86/113 [00:10<00:03,  8.03it/s]
Epoch 27/50 [Val]:  77%|███████▋  | 87/113 [00:11<00:03,  8.02it/s]
Epoch 27/50 [Val]:  78%|███████▊  | 88/113 [00:11<00:03,  7.80it/s]
Epoch 27/50 [Val]:  79%|███████▉  | 89/113 [00:11<00:03,  7.96it/s]
Epoch 27/50 [Val]:  80%|███████▉  | 90/113 [00:11<00:02,  7.95it/s]
Epoch 27/50 [Val]:  81%|████████  | 91/113 [00:11<00:02,  7.59it/s]
Epoch 27/50 [Val]:  81%|████████▏ | 92/113 [00:11<00:02,  7.53it/s]
Epoch 27/50 [Val]:  82%|████████▏ | 93/113 [00:11<00:02,  7.83it/s]
Epoch 27/50 [Val]:  84%|████████▍ | 95/113 [00:11<00:02,  8.62it/s]
Epoch 27/50 [Val]:  85%|████████▍ | 96/113 [00:12<00:02,  8.35it/s]
Epoch 27/50 [Val]:  86%|████████▌ | 97/113 [00:12<00:02,  7.96it/s]
Epoch 27/50 [Val]:  87%|████████▋ | 98/113 [00:12<00:01,  7.68it/s]
Epoch 27/50 [Val]:  88%|████████▊ | 99/113 [00:12<00:01,  7.95it/s]
Epoch 27/50 [Val]:  88%|████████▊ | 100/113 [00:12<00:01,  7.61it/s]
Epoch 27/50 [Val]:  89%|████████▉ | 101/113 [00:12<00:01,  7.44it/s]
Epoch 27/50 [Val]:  90%|█████████ | 102/113 [00:12<00:01,  6.80it/s]
Epoch 27/50 [Val]:  91%|█████████ | 103/113 [00:13<00:01,  6.92it/s]
Epoch 27/50 [Val]:  92%|█████████▏| 104/113 [00:13<00:01,  6.89it/s]
Epoch 27/50 [Val]:  93%|█████████▎| 105/113 [00:13<00:01,  7.21it/s]
Epoch 27/50 [Val]:  94%|█████████▍| 106/113 [00:13<00:00,  7.22it/s]
Epoch 27/50 [Val]:  95%|█████████▍| 107/113 [00:13<00:00,  7.43it/s]
Epoch 27/50 [Val]:  96%|█████████▌| 108/113 [00:13<00:00,  7.87it/s]
Epoch 27/50 [Val]:  97%|█████████▋| 110/113 [00:13<00:00,  9.25it/s]
Epoch 27/50 [Val]:  98%|█████████▊| 111/113 [00:14<00:00,  9.06it/s]
Epoch 27/50 [Val]:  99%|█████████▉| 112/113 [00:14<00:00,  8.85it/s]
                                                                    

Epoch 28/50 [Train]:   0%|          | 0/459 [00:00<?, ?it/s]
Epoch 28/50 [Train]:   0%|          | 2/459 [00:00<00:36, 12.39it/s]
Epoch 28/50 [Train]:   1%|          | 4/459 [00:00<00:44, 10.29it/s]
Epoch 28/50 [Train]:   1%|▏         | 6/459 [00:00<00:40, 11.08it/s]
Epoch 28/50 [Train]:   2%|▏         | 8/459 [00:00<00:41, 10.85it/s]
Epoch 28/50 [Train]:   2%|▏         | 10/459 [00:00<00:39, 11.37it/s]
Epoch 28/50 [Train]:   3%|▎         | 12/459 [00:01<00:40, 10.96it/s]
Epoch 28/50 [Train]:   3%|▎         | 14/459 [00:01<00:40, 10.88it/s]
Epoch 28/50 [Train]:   3%|▎         | 16/459 [00:01<00:42, 10.42it/s]
Epoch 28/50 [Train]:   4%|▍         | 18/459 [00:01<00:41, 10.60it/s]
Epoch 28/50 [Train]:   4%|▍         | 20/459 [00:01<00:41, 10.59it/s]
Epoch 28/50 [Train]:   5%|▍         | 22/459 [00:02<00:41, 10.52it/s]
Epoch 28/50 [Train]:   5%|▌         | 24/459 [00:02<00:38, 11.18it/s]
Epoch 28/50 [Train]:   6%|▌         | 26/459 [00:02<00:40, 10.61it/s]
Epoch 28/50 [Train]:   6%|▌         | 28/459 [00:02<00:42, 10.06it/s]
Epoch 28/50 [Train]:   7%|▋         | 30/459 [00:02<00:42, 10.07it/s]
Epoch 28/50 [Train]:   7%|▋         | 32/459 [00:03<00:43,  9.90it/s]
Epoch 28/50 [Train]:   7%|▋         | 34/459 [00:03<00:42,  9.96it/s]
Epoch 28/50 [Train]:   8%|▊         | 36/459 [00:03<00:44,  9.55it/s]
Epoch 28/50 [Train]:   8%|▊         | 38/459 [00:03<00:41, 10.22it/s]
Epoch 28/50 [Train]:   9%|▊         | 40/459 [00:03<00:41, 10.13it/s]
Epoch 28/50 [Train]:   9%|▉         | 42/459 [00:03<00:38, 10.84it/s]
Epoch 28/50 [Train]:  10%|▉         | 44/459 [00:04<00:38, 10.90it/s]
Epoch 28/50 [Train]:  10%|█         | 46/459 [00:04<00:39, 10.37it/s]
Epoch 28/50 [Train]:  10%|█         | 48/459 [00:04<00:39, 10.31it/s]
Epoch 28/50 [Train]:  11%|█         | 50/459 [00:04<00:40, 10.21it/s]
Epoch 28/50 [Train]:  11%|█▏        | 52/459 [00:04<00:39, 10.30it/s]
Epoch 28/50 [Train]:  12%|█▏        | 54/459 [00:05<00:39, 10.23it/s]
Epoch 28/50 [Train]:  12%|█▏        | 56/459 [00:05<00:39, 10.10it/s]
Epoch 28/50 [Train]:  13%|█▎        | 58/459 [00:05<00:39, 10.20it/s]
Epoch 28/50 [Train]:  13%|█▎        | 60/459 [00:05<00:39, 10.15it/s]
Epoch 28/50 [Train]:  14%|█▎        | 62/459 [00:06<00:41,  9.47it/s]
Epoch 28/50 [Train]:  14%|█▍        | 64/459 [00:06<00:39,  9.98it/s]
Epoch 28/50 [Train]:  14%|█▍        | 66/459 [00:06<00:39,  9.95it/s]
Epoch 28/50 [Train]:  15%|█▍        | 68/459 [00:06<00:38, 10.04it/s]
Epoch 28/50 [Train]:  15%|█▌        | 70/459 [00:06<00:36, 10.73it/s]
Epoch 28/50 [Train]:  16%|█▌        | 72/459 [00:06<00:36, 10.50it/s]
Epoch 28/50 [Train]:  16%|█▌        | 74/459 [00:07<00:36, 10.46it/s]
Epoch 28/50 [Train]:  17%|█▋        | 76/459 [00:07<00:36, 10.42it/s]
Epoch 28/50 [Train]:  17%|█▋        | 78/459 [00:07<00:37, 10.25it/s]
Epoch 28/50 [Train]:  17%|█▋        | 80/459 [00:07<00:37, 10.11it/s]
Epoch 28/50 [Train]:  18%|█▊        | 82/459 [00:07<00:36, 10.33it/s]
Epoch 28/50 [Train]:  18%|█▊        | 84/459 [00:08<00:36, 10.26it/s]
Epoch 28/50 [Train]:  19%|█▊        | 86/459 [00:08<00:35, 10.59it/s]
Epoch 28/50 [Train]:  19%|█▉        | 88/459 [00:08<00:35, 10.59it/s]
Epoch 28/50 [Train]:  20%|█▉        | 90/459 [00:08<00:35, 10.44it/s]
Epoch 28/50 [Train]:  20%|██        | 92/459 [00:08<00:36, 10.14it/s]
Epoch 28/50 [Train]:  20%|██        | 94/459 [00:09<00:36, 10.08it/s]
Epoch 28/50 [Train]:  21%|██        | 96/459 [00:09<00:36,  9.86it/s]
Epoch 28/50 [Train]:  21%|██        | 97/459 [00:09<00:36,  9.87it/s]
Epoch 28/50 [Train]:  21%|██▏       | 98/459 [00:09<00:36,  9.78it/s]
Epoch 28/50 [Train]:  22%|██▏       | 100/459 [00:09<00:35, 10.16it/s]
Epoch 28/50 [Train]:  22%|██▏       | 102/459 [00:09<00:34, 10.29it/s]
Epoch 28/50 [Train]:  23%|██▎       | 104/459 [00:10<00:34, 10.31it/s]
Epoch 28/50 [Train]:  23%|██▎       | 106/459 [00:10<00:34, 10.23it/s]
Epoch 28/50 [Train]:  24%|██▎       | 108/459 [00:10<00:34, 10.10it/s]
Epoch 28/50 [Train]:  24%|██▍       | 110/459 [00:10<00:32, 10.63it/s]
Epoch 28/50 [Train]:  24%|██▍       | 112/459 [00:10<00:33, 10.39it/s]
Epoch 28/50 [Train]:  25%|██▍       | 114/459 [00:11<00:34, 10.01it/s]
Epoch 28/50 [Train]:  25%|██▌       | 116/459 [00:11<00:35,  9.71it/s]
Epoch 28/50 [Train]:  26%|██▌       | 118/459 [00:11<00:33, 10.33it/s]
Epoch 28/50 [Train]:  26%|██▌       | 120/459 [00:11<00:32, 10.32it/s]
Epoch 28/50 [Train]:  27%|██▋       | 122/459 [00:11<00:32, 10.27it/s]
Epoch 28/50 [Train]:  27%|██▋       | 124/459 [00:12<00:34,  9.66it/s]
Epoch 28/50 [Train]:  27%|██▋       | 125/459 [00:12<00:36,  9.27it/s]
Epoch 28/50 [Train]:  27%|██▋       | 126/459 [00:12<00:35,  9.28it/s]
Epoch 28/50 [Train]:  28%|██▊       | 128/459 [00:12<00:34,  9.48it/s]
Epoch 28/50 [Train]:  28%|██▊       | 129/459 [00:12<00:36,  9.12it/s]
Epoch 28/50 [Train]:  28%|██▊       | 130/459 [00:12<00:36,  9.02it/s]
Epoch 28/50 [Train]:  29%|██▊       | 131/459 [00:12<00:36,  8.87it/s]
Epoch 28/50 [Train]:  29%|██▉       | 133/459 [00:13<00:36,  9.04it/s]
Epoch 28/50 [Train]:  29%|██▉       | 135/459 [00:13<00:34,  9.38it/s]
Epoch 28/50 [Train]:  30%|██▉       | 136/459 [00:13<00:34,  9.24it/s]
Epoch 28/50 [Train]:  30%|██▉       | 137/459 [00:13<00:36,  8.86it/s]
Epoch 28/50 [Train]:  30%|███       | 138/459 [00:13<00:35,  9.06it/s]
Epoch 28/50 [Train]:  31%|███       | 140/459 [00:13<00:34,  9.35it/s]
Epoch 28/50 [Train]:  31%|███       | 142/459 [00:14<00:31, 10.03it/s]
Epoch 28/50 [Train]:  31%|███       | 143/459 [00:14<00:31,  9.99it/s]
Epoch 28/50 [Train]:  31%|███▏      | 144/459 [00:14<00:32,  9.74it/s]
Epoch 28/50 [Train]:  32%|███▏      | 146/459 [00:14<00:31, 10.01it/s]
Epoch 28/50 [Train]:  32%|███▏      | 148/459 [00:14<00:30, 10.30it/s]
Epoch 28/50 [Train]:  33%|███▎      | 150/459 [00:14<00:28, 10.96it/s]
Epoch 28/50 [Train]:  33%|███▎      | 152/459 [00:14<00:30, 10.01it/s]
Epoch 28/50 [Train]:  34%|███▎      | 154/459 [00:15<00:30,  9.98it/s]
Epoch 28/50 [Train]:  34%|███▍      | 156/459 [00:15<00:31,  9.65it/s]
Epoch 28/50 [Train]:  34%|███▍      | 158/459 [00:15<00:31,  9.71it/s]
Epoch 28/50 [Train]:  35%|███▍      | 160/459 [00:15<00:30,  9.89it/s]
Epoch 28/50 [Train]:  35%|███▌      | 162/459 [00:16<00:29,  9.95it/s]
Epoch 28/50 [Train]:  36%|███▌      | 164/459 [00:16<00:29, 10.05it/s]
Epoch 28/50 [Train]:  36%|███▌      | 166/459 [00:16<00:28, 10.17it/s]
Epoch 28/50 [Train]:  37%|███▋      | 168/459 [00:16<00:28, 10.05it/s]
Epoch 28/50 [Train]:  37%|███▋      | 170/459 [00:16<00:29,  9.89it/s]
Epoch 28/50 [Train]:  37%|███▋      | 172/459 [00:16<00:28, 10.13it/s]
Epoch 28/50 [Train]:  38%|███▊      | 174/459 [00:17<00:28, 10.15it/s]
Epoch 28/50 [Train]:  38%|███▊      | 176/459 [00:17<00:29,  9.74it/s]
Epoch 28/50 [Train]:  39%|███▊      | 177/459 [00:17<00:29,  9.72it/s]
Epoch 28/50 [Train]:  39%|███▉      | 179/459 [00:17<00:26, 10.39it/s]
Epoch 28/50 [Train]:  39%|███▉      | 181/459 [00:17<00:26, 10.43it/s]
Epoch 28/50 [Train]:  40%|███▉      | 183/459 [00:18<00:26, 10.28it/s]
Epoch 28/50 [Train]:  40%|████      | 185/459 [00:18<00:26, 10.32it/s]
Epoch 28/50 [Train]:  41%|████      | 187/459 [00:18<00:27, 10.04it/s]
Epoch 28/50 [Train]:  41%|████      | 189/459 [00:18<00:27,  9.98it/s]
Epoch 28/50 [Train]:  42%|████▏     | 191/459 [00:18<00:26, 10.05it/s]
Epoch 28/50 [Train]:  42%|████▏     | 193/459 [00:19<00:26, 10.07it/s]
Epoch 28/50 [Train]:  42%|████▏     | 195/459 [00:19<00:24, 10.71it/s]
Epoch 28/50 [Train]:  43%|████▎     | 197/459 [00:19<00:24, 10.75it/s]
Epoch 28/50 [Train]:  43%|████▎     | 199/459 [00:19<00:24, 10.63it/s]
Epoch 28/50 [Train]:  44%|████▍     | 201/459 [00:19<00:23, 10.84it/s]
Epoch 28/50 [Train]:  44%|████▍     | 203/459 [00:19<00:24, 10.59it/s]
Epoch 28/50 [Train]:  45%|████▍     | 205/459 [00:20<00:24, 10.50it/s]
Epoch 28/50 [Train]:  45%|████▌     | 207/459 [00:20<00:24, 10.45it/s]
Epoch 28/50 [Train]:  46%|████▌     | 209/459 [00:20<00:24, 10.26it/s]
Epoch 28/50 [Train]:  46%|████▌     | 211/459 [00:20<00:24, 10.20it/s]
Epoch 28/50 [Train]:  46%|████▋     | 213/459 [00:21<00:25,  9.60it/s]
Epoch 28/50 [Train]:  47%|████▋     | 215/459 [00:21<00:24,  9.77it/s]
Epoch 28/50 [Train]:  47%|████▋     | 216/459 [00:21<00:24,  9.78it/s]
Epoch 28/50 [Train]:  47%|████▋     | 218/459 [00:21<00:24, 10.01it/s]
Epoch 28/50 [Train]:  48%|████▊     | 220/459 [00:21<00:22, 10.79it/s]
Epoch 28/50 [Train]:  48%|████▊     | 222/459 [00:21<00:23, 10.30it/s]
Epoch 28/50 [Train]:  49%|████▉     | 224/459 [00:22<00:21, 10.82it/s]
Epoch 28/50 [Train]:  49%|████▉     | 226/459 [00:22<00:21, 10.60it/s]
Epoch 28/50 [Train]:  50%|████▉     | 228/459 [00:22<00:22, 10.29it/s]
Epoch 28/50 [Train]:  50%|█████     | 230/459 [00:22<00:22, 10.07it/s]
Epoch 28/50 [Train]:  51%|█████     | 232/459 [00:22<00:22, 10.05it/s]
Epoch 28/50 [Train]:  51%|█████     | 234/459 [00:23<00:23,  9.69it/s]
Epoch 28/50 [Train]:  51%|█████▏    | 236/459 [00:23<00:22,  9.79it/s]
Epoch 28/50 [Train]:  52%|█████▏    | 237/459 [00:23<00:23,  9.41it/s]
Epoch 28/50 [Train]:  52%|█████▏    | 238/459 [00:23<00:24,  9.06it/s]
Epoch 28/50 [Train]:  52%|█████▏    | 239/459 [00:23<00:24,  9.10it/s]
Epoch 28/50 [Train]:  52%|█████▏    | 240/459 [00:23<00:23,  9.28it/s]
Epoch 28/50 [Train]:  53%|█████▎    | 242/459 [00:23<00:20, 10.64it/s]
Epoch 28/50 [Train]:  53%|█████▎    | 244/459 [00:24<00:20, 10.48it/s]
Epoch 28/50 [Train]:  54%|█████▎    | 246/459 [00:24<00:21,  9.93it/s]
Epoch 28/50 [Train]:  54%|█████▍    | 248/459 [00:24<00:21,  9.63it/s]
Epoch 28/50 [Train]:  54%|█████▍    | 250/459 [00:24<00:20, 10.26it/s]
Epoch 28/50 [Train]:  55%|█████▍    | 252/459 [00:24<00:19, 10.73it/s]
Epoch 28/50 [Train]:  55%|█████▌    | 254/459 [00:25<00:19, 10.54it/s]
Epoch 28/50 [Train]:  56%|█████▌    | 256/459 [00:25<00:19, 10.32it/s]
Epoch 28/50 [Train]:  56%|█████▌    | 258/459 [00:25<00:18, 10.95it/s]
Epoch 28/50 [Train]:  57%|█████▋    | 260/459 [00:25<00:18, 10.80it/s]
Epoch 28/50 [Train]:  57%|█████▋    | 262/459 [00:25<00:18, 10.54it/s]
Epoch 28/50 [Train]:  58%|█████▊    | 264/459 [00:26<00:18, 10.38it/s]
Epoch 28/50 [Train]:  58%|█████▊    | 266/459 [00:26<00:17, 10.89it/s]
Epoch 28/50 [Train]:  58%|█████▊    | 268/459 [00:26<00:17, 10.77it/s]
Epoch 28/50 [Train]:  59%|█████▉    | 270/459 [00:26<00:17, 11.10it/s]
Epoch 28/50 [Train]:  59%|█████▉    | 272/459 [00:26<00:17, 10.92it/s]
Epoch 28/50 [Train]:  60%|█████▉    | 274/459 [00:26<00:17, 10.82it/s]
Epoch 28/50 [Train]:  60%|██████    | 276/459 [00:27<00:16, 10.84it/s]
Epoch 28/50 [Train]:  61%|██████    | 278/459 [00:27<00:16, 10.66it/s]
Epoch 28/50 [Train]:  61%|██████    | 280/459 [00:27<00:17, 10.43it/s]
Epoch 28/50 [Train]:  61%|██████▏   | 282/459 [00:27<00:17, 10.20it/s]
Epoch 28/50 [Train]:  62%|██████▏   | 284/459 [00:27<00:17, 10.15it/s]
Epoch 28/50 [Train]:  62%|██████▏   | 286/459 [00:28<00:17, 10.14it/s]
Epoch 28/50 [Train]:  63%|██████▎   | 288/459 [00:28<00:16, 10.28it/s]
Epoch 28/50 [Train]:  63%|██████▎   | 290/459 [00:28<00:16, 10.01it/s]
Epoch 28/50 [Train]:  64%|██████▎   | 292/459 [00:28<00:15, 10.62it/s]
Epoch 28/50 [Train]:  64%|██████▍   | 294/459 [00:28<00:14, 11.18it/s]
Epoch 28/50 [Train]:  64%|██████▍   | 296/459 [00:28<00:14, 11.53it/s]
Epoch 28/50 [Train]:  65%|██████▍   | 298/459 [00:29<00:14, 10.97it/s]
Epoch 28/50 [Train]:  65%|██████▌   | 300/459 [00:29<00:14, 10.79it/s]
Epoch 28/50 [Train]:  66%|██████▌   | 302/459 [00:29<00:14, 10.79it/s]
Epoch 28/50 [Train]:  66%|██████▌   | 304/459 [00:29<00:15, 10.24it/s]
Epoch 28/50 [Train]:  67%|██████▋   | 306/459 [00:29<00:14, 10.24it/s]
Epoch 28/50 [Train]:  67%|██████▋   | 308/459 [00:30<00:14, 10.40it/s]
Epoch 28/50 [Train]:  68%|██████▊   | 310/459 [00:30<00:14,  9.94it/s]
Epoch 28/50 [Train]:  68%|██████▊   | 312/459 [00:30<00:15,  9.55it/s]
Epoch 28/50 [Train]:  68%|██████▊   | 314/459 [00:30<00:14,  9.91it/s]
Epoch 28/50 [Train]:  69%|██████▉   | 316/459 [00:30<00:14,  9.96it/s]
Epoch 28/50 [Train]:  69%|██████▉   | 318/459 [00:31<00:14, 10.05it/s]
Epoch 28/50 [Train]:  70%|██████▉   | 320/459 [00:31<00:14,  9.86it/s]
Epoch 28/50 [Train]:  70%|██████▉   | 321/459 [00:31<00:14,  9.83it/s]
Epoch 28/50 [Train]:  70%|███████   | 323/459 [00:31<00:12, 10.49it/s]
Epoch 28/50 [Train]:  71%|███████   | 325/459 [00:31<00:11, 11.18it/s]
Epoch 28/50 [Train]:  71%|███████   | 327/459 [00:32<00:12, 10.84it/s]
Epoch 28/50 [Train]:  72%|███████▏  | 329/459 [00:32<00:12, 10.73it/s]
Epoch 28/50 [Train]:  72%|███████▏  | 331/459 [00:32<00:12, 10.53it/s]
Epoch 28/50 [Train]:  73%|███████▎  | 333/459 [00:32<00:12, 10.10it/s]
Epoch 28/50 [Train]:  73%|███████▎  | 335/459 [00:32<00:12, 10.12it/s]
Epoch 28/50 [Train]:  73%|███████▎  | 337/459 [00:32<00:11, 10.65it/s]
Epoch 28/50 [Train]:  74%|███████▍  | 339/459 [00:33<00:11, 10.42it/s]
Epoch 28/50 [Train]:  74%|███████▍  | 341/459 [00:33<00:11, 10.39it/s]
Epoch 28/50 [Train]:  75%|███████▍  | 343/459 [00:33<00:11, 10.18it/s]
Epoch 28/50 [Train]:  75%|███████▌  | 345/459 [00:33<00:11,  9.86it/s]
Epoch 28/50 [Train]:  76%|███████▌  | 347/459 [00:33<00:11,  9.89it/s]
Epoch 28/50 [Train]:  76%|███████▌  | 349/459 [00:34<00:10, 10.33it/s]
Epoch 28/50 [Train]:  76%|███████▋  | 351/459 [00:34<00:10, 10.25it/s]
Epoch 28/50 [Train]:  77%|███████▋  | 353/459 [00:34<00:10, 10.13it/s]
Epoch 28/50 [Train]:  77%|███████▋  | 355/459 [00:34<00:10, 10.19it/s]
Epoch 28/50 [Train]:  78%|███████▊  | 357/459 [00:34<00:09, 10.26it/s]
Epoch 28/50 [Train]:  78%|███████▊  | 359/459 [00:35<00:09, 10.31it/s]
Epoch 28/50 [Train]:  79%|███████▊  | 361/459 [00:35<00:09,  9.93it/s]
Epoch 28/50 [Train]:  79%|███████▉  | 362/459 [00:35<00:09,  9.76it/s]
Epoch 28/50 [Train]:  79%|███████▉  | 363/459 [00:35<00:09,  9.81it/s]
Epoch 28/50 [Train]:  80%|███████▉  | 365/459 [00:35<00:09,  9.85it/s]
Epoch 28/50 [Train]:  80%|███████▉  | 367/459 [00:35<00:09, 10.04it/s]
Epoch 28/50 [Train]:  80%|████████  | 369/459 [00:36<00:08, 10.56it/s]
Epoch 28/50 [Train]:  81%|████████  | 371/459 [00:36<00:08, 10.98it/s]
Epoch 28/50 [Train]:  81%|████████▏ | 373/459 [00:36<00:08, 10.59it/s]
Epoch 28/50 [Train]:  82%|████████▏ | 375/459 [00:36<00:08, 10.37it/s]
Epoch 28/50 [Train]:  82%|████████▏ | 377/459 [00:36<00:08,  9.95it/s]
Epoch 28/50 [Train]:  83%|████████▎ | 379/459 [00:37<00:07, 10.06it/s]
Epoch 28/50 [Train]:  83%|████████▎ | 381/459 [00:37<00:07, 10.60it/s]
Epoch 28/50 [Train]:  83%|████████▎ | 383/459 [00:37<00:06, 10.90it/s]
Epoch 28/50 [Train]:  84%|████████▍ | 385/459 [00:37<00:06, 10.66it/s]
Epoch 28/50 [Train]:  84%|████████▍ | 387/459 [00:37<00:06, 10.29it/s]
Epoch 28/50 [Train]:  85%|████████▍ | 389/459 [00:38<00:06, 10.15it/s]
Epoch 28/50 [Train]:  85%|████████▌ | 391/459 [00:38<00:06,  9.90it/s]
Epoch 28/50 [Train]:  85%|████████▌ | 392/459 [00:38<00:06,  9.69it/s]
Epoch 28/50 [Train]:  86%|████████▌ | 393/459 [00:38<00:07,  9.10it/s]
Epoch 28/50 [Train]:  86%|████████▌ | 395/459 [00:38<00:06, 10.12it/s]
Epoch 28/50 [Train]:  86%|████████▋ | 397/459 [00:38<00:06, 10.09it/s]
Epoch 28/50 [Train]:  87%|████████▋ | 399/459 [00:39<00:05, 10.09it/s]
Epoch 28/50 [Train]:  87%|████████▋ | 401/459 [00:39<00:05, 10.26it/s]
Epoch 28/50 [Train]:  88%|████████▊ | 403/459 [00:39<00:05, 10.01it/s]
Epoch 28/50 [Train]:  88%|████████▊ | 405/459 [00:39<00:05, 10.64it/s]
Epoch 28/50 [Train]:  89%|████████▊ | 407/459 [00:39<00:05, 10.29it/s]
Epoch 28/50 [Train]:  89%|████████▉ | 409/459 [00:40<00:04, 10.12it/s]
Epoch 28/50 [Train]:  90%|████████▉ | 411/459 [00:40<00:04, 10.73it/s]
Epoch 28/50 [Train]:  90%|████████▉ | 413/459 [00:40<00:04, 10.22it/s]
Epoch 28/50 [Train]:  90%|█████████ | 415/459 [00:40<00:04, 10.26it/s]
Epoch 28/50 [Train]:  91%|█████████ | 417/459 [00:40<00:04, 10.28it/s]
Epoch 28/50 [Train]:  91%|█████████▏| 419/459 [00:41<00:03, 10.09it/s]
Epoch 28/50 [Train]:  92%|█████████▏| 421/459 [00:41<00:03, 10.68it/s]
Epoch 28/50 [Train]:  92%|█████████▏| 423/459 [00:41<00:03, 10.78it/s]
Epoch 28/50 [Train]:  93%|█████████▎| 425/459 [00:41<00:03, 10.32it/s]
Epoch 28/50 [Train]:  93%|█████████▎| 427/459 [00:41<00:03, 10.45it/s]
Epoch 28/50 [Train]:  93%|█████████▎| 429/459 [00:41<00:02, 10.59it/s]
Epoch 28/50 [Train]:  94%|█████████▍| 431/459 [00:42<00:02, 10.47it/s]
Epoch 28/50 [Train]:  94%|█████████▍| 433/459 [00:42<00:02, 11.40it/s]
Epoch 28/50 [Train]:  95%|█████████▍| 435/459 [00:42<00:02, 10.73it/s]
Epoch 28/50 [Train]:  95%|█████████▌| 437/459 [00:42<00:02, 10.61it/s]
Epoch 28/50 [Train]:  96%|█████████▌| 439/459 [00:42<00:01, 10.49it/s]
Epoch 28/50 [Train]:  96%|█████████▌| 441/459 [00:43<00:01, 10.36it/s]
Epoch 28/50 [Train]:  97%|█████████▋| 443/459 [00:43<00:01, 10.41it/s]
Epoch 28/50 [Train]:  97%|█████████▋| 445/459 [00:43<00:01, 10.28it/s]
Epoch 28/50 [Train]:  97%|█████████▋| 447/459 [00:43<00:01, 10.30it/s]
Epoch 28/50 [Train]:  98%|█████████▊| 449/459 [00:43<00:00, 10.11it/s]
Epoch 28/50 [Train]:  98%|█████████▊| 451/459 [00:44<00:00, 10.20it/s]
Epoch 28/50 [Train]:  99%|█████████▊| 453/459 [00:44<00:00, 10.15it/s]
Epoch 28/50 [Train]:  99%|█████████▉| 455/459 [00:44<00:00, 10.08it/s]
Epoch 28/50 [Train]: 100%|█████████▉| 457/459 [00:44<00:00, 10.47it/s]
Epoch 28/50 [Train]: 100%|██████████| 459/459 [00:44<00:00, 10.19it/s]
                                                                      

Epoch 28/50 [Val]:   0%|          | 0/113 [00:00<?, ?it/s]
Epoch 28/50 [Val]:   2%|▏         | 2/113 [00:00<00:13,  8.50it/s]
Epoch 28/50 [Val]:   3%|▎         | 3/113 [00:00<00:12,  8.62it/s]
Epoch 28/50 [Val]:   4%|▎         | 4/113 [00:00<00:12,  8.43it/s]
Epoch 28/50 [Val]:   4%|▍         | 5/113 [00:00<00:13,  8.14it/s]
Epoch 28/50 [Val]:   5%|▌         | 6/113 [00:00<00:13,  7.84it/s]
Epoch 28/50 [Val]:   6%|▌         | 7/113 [00:00<00:14,  7.51it/s]
Epoch 28/50 [Val]:   7%|▋         | 8/113 [00:01<00:13,  7.74it/s]
Epoch 28/50 [Val]:   8%|▊         | 9/113 [00:01<00:13,  7.83it/s]
Epoch 28/50 [Val]:  10%|▉         | 11/113 [00:01<00:11,  9.13it/s]
Epoch 28/50 [Val]:  11%|█         | 12/113 [00:01<00:13,  7.36it/s]
Epoch 28/50 [Val]:  12%|█▏        | 13/113 [00:01<00:13,  7.63it/s]
Epoch 28/50 [Val]:  12%|█▏        | 14/113 [00:01<00:12,  7.72it/s]
Epoch 28/50 [Val]:  13%|█▎        | 15/113 [00:01<00:13,  7.14it/s]
Epoch 28/50 [Val]:  14%|█▍        | 16/113 [00:02<00:13,  7.18it/s]
Epoch 28/50 [Val]:  15%|█▌        | 17/113 [00:02<00:13,  6.92it/s]
Epoch 28/50 [Val]:  16%|█▌        | 18/113 [00:02<00:13,  6.91it/s]
Epoch 28/50 [Val]:  17%|█▋        | 19/113 [00:02<00:14,  6.66it/s]
Epoch 28/50 [Val]:  18%|█▊        | 20/113 [00:02<00:14,  6.55it/s]
Epoch 28/50 [Val]:  19%|█▊        | 21/113 [00:02<00:13,  6.63it/s]
Epoch 28/50 [Val]:  19%|█▉        | 22/113 [00:02<00:13,  6.81it/s]
Epoch 28/50 [Val]:  20%|██        | 23/113 [00:03<00:13,  6.71it/s]
Epoch 28/50 [Val]:  21%|██        | 24/113 [00:03<00:13,  6.83it/s]
Epoch 28/50 [Val]:  22%|██▏       | 25/113 [00:03<00:12,  6.85it/s]
Epoch 28/50 [Val]:  23%|██▎       | 26/113 [00:03<00:12,  7.06it/s]
Epoch 28/50 [Val]:  24%|██▍       | 27/113 [00:03<00:12,  6.97it/s]
Epoch 28/50 [Val]:  25%|██▍       | 28/113 [00:03<00:12,  6.99it/s]
Epoch 28/50 [Val]:  26%|██▌       | 29/113 [00:04<00:12,  6.68it/s]
Epoch 28/50 [Val]:  27%|██▋       | 30/113 [00:04<00:11,  6.95it/s]
Epoch 28/50 [Val]:  27%|██▋       | 31/113 [00:04<00:12,  6.83it/s]
Epoch 28/50 [Val]:  28%|██▊       | 32/113 [00:04<00:11,  7.10it/s]
Epoch 28/50 [Val]:  29%|██▉       | 33/113 [00:04<00:10,  7.70it/s]
Epoch 28/50 [Val]:  30%|███       | 34/113 [00:04<00:09,  8.06it/s]
Epoch 28/50 [Val]:  31%|███       | 35/113 [00:04<00:09,  8.22it/s]
Epoch 28/50 [Val]:  33%|███▎      | 37/113 [00:04<00:09,  8.35it/s]
Epoch 28/50 [Val]:  34%|███▎      | 38/113 [00:05<00:08,  8.36it/s]
Epoch 28/50 [Val]:  35%|███▍      | 39/113 [00:05<00:09,  8.18it/s]
Epoch 28/50 [Val]:  35%|███▌      | 40/113 [00:05<00:09,  7.96it/s]
Epoch 28/50 [Val]:  36%|███▋      | 41/113 [00:05<00:08,  8.06it/s]
Epoch 28/50 [Val]:  37%|███▋      | 42/113 [00:05<00:08,  8.04it/s]
Epoch 28/50 [Val]:  38%|███▊      | 43/113 [00:05<00:08,  8.13it/s]
Epoch 28/50 [Val]:  39%|███▉      | 44/113 [00:05<00:08,  7.86it/s]
Epoch 28/50 [Val]:  40%|███▉      | 45/113 [00:06<00:09,  7.32it/s]
Epoch 28/50 [Val]:  41%|████      | 46/113 [00:06<00:09,  7.09it/s]
Epoch 28/50 [Val]:  42%|████▏     | 47/113 [00:06<00:09,  6.98it/s]
Epoch 28/50 [Val]:  42%|████▏     | 48/113 [00:06<00:09,  6.84it/s]
Epoch 28/50 [Val]:  43%|████▎     | 49/113 [00:06<00:09,  7.09it/s]
Epoch 28/50 [Val]:  44%|████▍     | 50/113 [00:06<00:08,  7.33it/s]
Epoch 28/50 [Val]:  45%|████▌     | 51/113 [00:06<00:08,  6.90it/s]
Epoch 28/50 [Val]:  46%|████▌     | 52/113 [00:07<00:08,  7.11it/s]
Epoch 28/50 [Val]:  47%|████▋     | 53/113 [00:07<00:08,  7.41it/s]
Epoch 28/50 [Val]:  48%|████▊     | 54/113 [00:07<00:07,  7.66it/s]
Epoch 28/50 [Val]:  49%|████▊     | 55/113 [00:07<00:07,  7.63it/s]
Epoch 28/50 [Val]:  50%|████▉     | 56/113 [00:07<00:07,  7.68it/s]
Epoch 28/50 [Val]:  50%|█████     | 57/113 [00:07<00:07,  7.28it/s]
Epoch 28/50 [Val]:  51%|█████▏    | 58/113 [00:07<00:07,  6.99it/s]
Epoch 28/50 [Val]:  52%|█████▏    | 59/113 [00:07<00:07,  7.13it/s]
Epoch 28/50 [Val]:  53%|█████▎    | 60/113 [00:08<00:06,  7.59it/s]
Epoch 28/50 [Val]:  54%|█████▍    | 61/113 [00:08<00:06,  7.63it/s]
Epoch 28/50 [Val]:  55%|█████▍    | 62/113 [00:08<00:07,  7.17it/s]
Epoch 28/50 [Val]:  56%|█████▌    | 63/113 [00:08<00:06,  7.37it/s]
Epoch 28/50 [Val]:  58%|█████▊    | 65/113 [00:08<00:06,  7.95it/s]
Epoch 28/50 [Val]:  58%|█████▊    | 66/113 [00:08<00:05,  7.85it/s]
Epoch 28/50 [Val]:  59%|█████▉    | 67/113 [00:08<00:05,  7.73it/s]
Epoch 28/50 [Val]:  60%|██████    | 68/113 [00:09<00:06,  7.35it/s]
Epoch 28/50 [Val]:  61%|██████    | 69/113 [00:09<00:05,  7.43it/s]
Epoch 28/50 [Val]:  62%|██████▏   | 70/113 [00:09<00:05,  7.61it/s]
Epoch 28/50 [Val]:  63%|██████▎   | 71/113 [00:09<00:05,  7.74it/s]
Epoch 28/50 [Val]:  64%|██████▎   | 72/113 [00:09<00:05,  7.66it/s]
Epoch 28/50 [Val]:  65%|██████▍   | 73/113 [00:09<00:04,  8.06it/s]
Epoch 28/50 [Val]:  65%|██████▌   | 74/113 [00:09<00:04,  8.17it/s]
Epoch 28/50 [Val]:  66%|██████▋   | 75/113 [00:10<00:04,  8.12it/s]
Epoch 28/50 [Val]:  67%|██████▋   | 76/113 [00:10<00:04,  8.00it/s]
Epoch 28/50 [Val]:  68%|██████▊   | 77/113 [00:10<00:04,  7.86it/s]
Epoch 28/50 [Val]:  69%|██████▉   | 78/113 [00:10<00:04,  8.03it/s]
Epoch 28/50 [Val]:  70%|██████▉   | 79/113 [00:10<00:04,  8.09it/s]
Epoch 28/50 [Val]:  71%|███████   | 80/113 [00:10<00:04,  7.68it/s]
Epoch 28/50 [Val]:  72%|███████▏  | 81/113 [00:10<00:04,  7.19it/s]
Epoch 28/50 [Val]:  73%|███████▎  | 82/113 [00:10<00:04,  7.21it/s]
Epoch 28/50 [Val]:  73%|███████▎  | 83/113 [00:11<00:04,  7.16it/s]
Epoch 28/50 [Val]:  74%|███████▍  | 84/113 [00:11<00:04,  6.77it/s]
Epoch 28/50 [Val]:  75%|███████▌  | 85/113 [00:11<00:04,  6.95it/s]
Epoch 28/50 [Val]:  76%|███████▌  | 86/113 [00:11<00:03,  7.16it/s]
Epoch 28/50 [Val]:  77%|███████▋  | 87/113 [00:11<00:03,  7.26it/s]
Epoch 28/50 [Val]:  78%|███████▊  | 88/113 [00:11<00:03,  7.28it/s]
Epoch 28/50 [Val]:  79%|███████▉  | 89/113 [00:11<00:03,  7.38it/s]
Epoch 28/50 [Val]:  80%|███████▉  | 90/113 [00:12<00:03,  7.60it/s]
Epoch 28/50 [Val]:  81%|████████▏ | 92/113 [00:12<00:02,  8.02it/s]
Epoch 28/50 [Val]:  82%|████████▏ | 93/113 [00:12<00:02,  8.36it/s]
Epoch 28/50 [Val]:  83%|████████▎ | 94/113 [00:12<00:02,  8.15it/s]
Epoch 28/50 [Val]:  84%|████████▍ | 95/113 [00:12<00:02,  7.85it/s]
Epoch 28/50 [Val]:  85%|████████▍ | 96/113 [00:12<00:02,  7.83it/s]
Epoch 28/50 [Val]:  86%|████████▌ | 97/113 [00:12<00:02,  7.24it/s]
Epoch 28/50 [Val]:  87%|████████▋ | 98/113 [00:13<00:02,  7.39it/s]
Epoch 28/50 [Val]:  88%|████████▊ | 99/113 [00:13<00:01,  7.42it/s]
Epoch 28/50 [Val]:  88%|████████▊ | 100/113 [00:13<00:01,  7.23it/s]
Epoch 28/50 [Val]:  89%|████████▉ | 101/113 [00:13<00:01,  7.17it/s]
Epoch 28/50 [Val]:  90%|█████████ | 102/113 [00:13<00:01,  6.91it/s]
Epoch 28/50 [Val]:  91%|█████████ | 103/113 [00:13<00:01,  7.07it/s]
Epoch 28/50 [Val]:  92%|█████████▏| 104/113 [00:13<00:01,  7.08it/s]
Epoch 28/50 [Val]:  93%|█████████▎| 105/113 [00:14<00:01,  7.37it/s]
Epoch 28/50 [Val]:  94%|█████████▍| 106/113 [00:14<00:00,  7.90it/s]
Epoch 28/50 [Val]:  95%|█████████▍| 107/113 [00:14<00:00,  7.83it/s]
Epoch 28/50 [Val]:  96%|█████████▌| 108/113 [00:14<00:00,  8.36it/s]
Epoch 28/50 [Val]:  96%|█████████▋| 109/113 [00:14<00:00,  7.99it/s]
Epoch 28/50 [Val]:  98%|█████████▊| 111/113 [00:14<00:00,  9.20it/s]
Epoch 28/50 [Val]:  99%|█████████▉| 112/113 [00:14<00:00,  7.85it/s]
                                                                    

Epoch 29/50 [Train]:   0%|          | 0/459 [00:00<?, ?it/s]
Epoch 29/50 [Train]:   0%|          | 1/459 [00:00<00:51,  8.88it/s]
Epoch 29/50 [Train]:   1%|          | 3/459 [00:00<00:47,  9.68it/s]
Epoch 29/50 [Train]:   1%|          | 5/459 [00:00<00:44, 10.21it/s]
Epoch 29/50 [Train]:   2%|▏         | 7/459 [00:00<00:44, 10.15it/s]
Epoch 29/50 [Train]:   2%|▏         | 9/459 [00:00<00:46,  9.72it/s]
Epoch 29/50 [Train]:   2%|▏         | 10/459 [00:01<00:46,  9.66it/s]
Epoch 29/50 [Train]:   3%|▎         | 12/459 [00:01<00:45,  9.91it/s]
Epoch 29/50 [Train]:   3%|▎         | 13/459 [00:01<00:45,  9.83it/s]
Epoch 29/50 [Train]:   3%|▎         | 15/459 [00:01<00:45,  9.85it/s]
Epoch 29/50 [Train]:   3%|▎         | 16/459 [00:01<00:45,  9.70it/s]
Epoch 29/50 [Train]:   4%|▍         | 18/459 [00:01<00:41, 10.69it/s]
Epoch 29/50 [Train]:   4%|▍         | 20/459 [00:01<00:42, 10.37it/s]
Epoch 29/50 [Train]:   5%|▍         | 22/459 [00:02<00:42, 10.29it/s]
Epoch 29/50 [Train]:   5%|▌         | 24/459 [00:02<00:42, 10.28it/s]
Epoch 29/50 [Train]:   6%|▌         | 26/459 [00:02<00:42, 10.22it/s]
Epoch 29/50 [Train]:   6%|▌         | 28/459 [00:02<00:41, 10.36it/s]
Epoch 29/50 [Train]:   7%|▋         | 30/459 [00:02<00:39, 10.74it/s]
Epoch 29/50 [Train]:   7%|▋         | 32/459 [00:03<00:40, 10.57it/s]
Epoch 29/50 [Train]:   7%|▋         | 34/459 [00:03<00:38, 11.01it/s]
Epoch 29/50 [Train]:   8%|▊         | 36/459 [00:03<00:38, 11.08it/s]
Epoch 29/50 [Train]:   8%|▊         | 38/459 [00:03<00:38, 10.89it/s]
Epoch 29/50 [Train]:   9%|▊         | 40/459 [00:03<00:39, 10.64it/s]
Epoch 29/50 [Train]:   9%|▉         | 42/459 [00:04<00:39, 10.45it/s]
Epoch 29/50 [Train]:  10%|▉         | 44/459 [00:04<00:40, 10.23it/s]
Epoch 29/50 [Train]:  10%|█         | 46/459 [00:04<00:40, 10.27it/s]
Epoch 29/50 [Train]:  10%|█         | 48/459 [00:04<00:40, 10.20it/s]
Epoch 29/50 [Train]:  11%|█         | 50/459 [00:04<00:40, 10.13it/s]
Epoch 29/50 [Train]:  11%|█▏        | 52/459 [00:05<00:39, 10.19it/s]
Epoch 29/50 [Train]:  12%|█▏        | 54/459 [00:05<00:40, 10.07it/s]
Epoch 29/50 [Train]:  12%|█▏        | 56/459 [00:05<00:39, 10.10it/s]
Epoch 29/50 [Train]:  13%|█▎        | 58/459 [00:05<00:39, 10.13it/s]
Epoch 29/50 [Train]:  13%|█▎        | 60/459 [00:05<00:40,  9.78it/s]
Epoch 29/50 [Train]:  14%|█▎        | 62/459 [00:06<00:39, 10.11it/s]
Epoch 29/50 [Train]:  14%|█▍        | 64/459 [00:06<00:38, 10.28it/s]
Epoch 29/50 [Train]:  14%|█▍        | 66/459 [00:06<00:38, 10.15it/s]
Epoch 29/50 [Train]:  15%|█▍        | 68/459 [00:06<00:38, 10.09it/s]
Epoch 29/50 [Train]:  15%|█▌        | 70/459 [00:06<00:35, 10.81it/s]
Epoch 29/50 [Train]:  16%|█▌        | 72/459 [00:06<00:36, 10.68it/s]
Epoch 29/50 [Train]:  16%|█▌        | 74/459 [00:07<00:36, 10.51it/s]
Epoch 29/50 [Train]:  17%|█▋        | 76/459 [00:07<00:34, 11.06it/s]
Epoch 29/50 [Train]:  17%|█▋        | 78/459 [00:07<00:37, 10.13it/s]
Epoch 29/50 [Train]:  17%|█▋        | 80/459 [00:07<00:35, 10.78it/s]
Epoch 29/50 [Train]:  18%|█▊        | 82/459 [00:07<00:35, 10.56it/s]
Epoch 29/50 [Train]:  18%|█▊        | 84/459 [00:08<00:35, 10.49it/s]
Epoch 29/50 [Train]:  19%|█▊        | 86/459 [00:08<00:35, 10.38it/s]
Epoch 29/50 [Train]:  19%|█▉        | 88/459 [00:08<00:34, 10.70it/s]
Epoch 29/50 [Train]:  20%|█▉        | 90/459 [00:08<00:34, 10.62it/s]
Epoch 29/50 [Train]:  20%|██        | 92/459 [00:08<00:33, 11.02it/s]
Epoch 29/50 [Train]:  20%|██        | 94/459 [00:09<00:32, 11.23it/s]
Epoch 29/50 [Train]:  21%|██        | 96/459 [00:09<00:32, 11.15it/s]
Epoch 29/50 [Train]:  21%|██▏       | 98/459 [00:09<00:33, 10.77it/s]
Epoch 29/50 [Train]:  22%|██▏       | 100/459 [00:09<00:32, 11.22it/s]
Epoch 29/50 [Train]:  22%|██▏       | 102/459 [00:09<00:32, 10.93it/s]
Epoch 29/50 [Train]:  23%|██▎       | 104/459 [00:09<00:33, 10.54it/s]
Epoch 29/50 [Train]:  23%|██▎       | 106/459 [00:10<00:34, 10.28it/s]
Epoch 29/50 [Train]:  24%|██▎       | 108/459 [00:10<00:34, 10.12it/s]
Epoch 29/50 [Train]:  24%|██▍       | 110/459 [00:10<00:34, 10.22it/s]
Epoch 29/50 [Train]:  24%|██▍       | 112/459 [00:10<00:34, 10.13it/s]
Epoch 29/50 [Train]:  25%|██▍       | 114/459 [00:11<00:35,  9.65it/s]
Epoch 29/50 [Train]:  25%|██▌       | 116/459 [00:11<00:35,  9.79it/s]
Epoch 29/50 [Train]:  25%|██▌       | 117/459 [00:11<00:35,  9.58it/s]
Epoch 29/50 [Train]:  26%|██▌       | 119/459 [00:11<00:33, 10.08it/s]
Epoch 29/50 [Train]:  26%|██▋       | 121/459 [00:11<00:32, 10.36it/s]
Epoch 29/50 [Train]:  27%|██▋       | 123/459 [00:11<00:32, 10.24it/s]
Epoch 29/50 [Train]:  27%|██▋       | 125/459 [00:12<00:32, 10.43it/s]
Epoch 29/50 [Train]:  28%|██▊       | 127/459 [00:12<00:30, 11.02it/s]
Epoch 29/50 [Train]:  28%|██▊       | 129/459 [00:12<00:30, 10.78it/s]
Epoch 29/50 [Train]:  29%|██▊       | 131/459 [00:12<00:30, 10.63it/s]
Epoch 29/50 [Train]:  29%|██▉       | 133/459 [00:12<00:31, 10.42it/s]
Epoch 29/50 [Train]:  29%|██▉       | 135/459 [00:13<00:32, 10.11it/s]
Epoch 29/50 [Train]:  30%|██▉       | 137/459 [00:13<00:29, 10.76it/s]
Epoch 29/50 [Train]:  30%|███       | 139/459 [00:13<00:29, 10.80it/s]
Epoch 29/50 [Train]:  31%|███       | 141/459 [00:13<00:31,  9.99it/s]
Epoch 29/50 [Train]:  31%|███       | 143/459 [00:13<00:31,  9.94it/s]
Epoch 29/50 [Train]:  32%|███▏      | 145/459 [00:14<00:31,  9.88it/s]
Epoch 29/50 [Train]:  32%|███▏      | 147/459 [00:14<00:31, 10.06it/s]
Epoch 29/50 [Train]:  32%|███▏      | 149/459 [00:14<00:30, 10.06it/s]
Epoch 29/50 [Train]:  33%|███▎      | 151/459 [00:14<00:30, 10.08it/s]
Epoch 29/50 [Train]:  33%|███▎      | 153/459 [00:14<00:30, 10.10it/s]
Epoch 29/50 [Train]:  34%|███▍      | 155/459 [00:15<00:30,  9.98it/s]
Epoch 29/50 [Train]:  34%|███▍      | 157/459 [00:15<00:29, 10.29it/s]
Epoch 29/50 [Train]:  35%|███▍      | 159/459 [00:15<00:27, 10.84it/s]
Epoch 29/50 [Train]:  35%|███▌      | 161/459 [00:15<00:28, 10.63it/s]
Epoch 29/50 [Train]:  36%|███▌      | 163/459 [00:15<00:28, 10.27it/s]
Epoch 29/50 [Train]:  36%|███▌      | 165/459 [00:15<00:28, 10.19it/s]
Epoch 29/50 [Train]:  36%|███▋      | 167/459 [00:16<00:29, 10.00it/s]
Epoch 29/50 [Train]:  37%|███▋      | 169/459 [00:16<00:28, 10.15it/s]
Epoch 29/50 [Train]:  37%|███▋      | 171/459 [00:16<00:30,  9.59it/s]
Epoch 29/50 [Train]:  37%|███▋      | 172/459 [00:16<00:30,  9.54it/s]
Epoch 29/50 [Train]:  38%|███▊      | 173/459 [00:16<00:29,  9.56it/s]
Epoch 29/50 [Train]:  38%|███▊      | 174/459 [00:16<00:29,  9.63it/s]
Epoch 29/50 [Train]:  38%|███▊      | 175/459 [00:17<00:31,  9.07it/s]
Epoch 29/50 [Train]:  38%|███▊      | 176/459 [00:17<00:30,  9.20it/s]
Epoch 29/50 [Train]:  39%|███▉      | 178/459 [00:17<00:27, 10.14it/s]
Epoch 29/50 [Train]:  39%|███▉      | 179/459 [00:17<00:29,  9.50it/s]
Epoch 29/50 [Train]:  39%|███▉      | 180/459 [00:17<00:29,  9.43it/s]
Epoch 29/50 [Train]:  39%|███▉      | 181/459 [00:17<00:32,  8.62it/s]
Epoch 29/50 [Train]:  40%|███▉      | 182/459 [00:17<00:33,  8.25it/s]
Epoch 29/50 [Train]:  40%|███▉      | 183/459 [00:17<00:33,  8.27it/s]
Epoch 29/50 [Train]:  40%|████      | 184/459 [00:18<00:32,  8.54it/s]
Epoch 29/50 [Train]:  40%|████      | 185/459 [00:18<00:31,  8.59it/s]
Epoch 29/50 [Train]:  41%|████      | 186/459 [00:18<00:31,  8.65it/s]
Epoch 29/50 [Train]:  41%|████      | 187/459 [00:18<00:31,  8.73it/s]
Epoch 29/50 [Train]:  41%|████      | 188/459 [00:18<00:31,  8.73it/s]
Epoch 29/50 [Train]:  41%|████▏     | 190/459 [00:18<00:27,  9.69it/s]
Epoch 29/50 [Train]:  42%|████▏     | 191/459 [00:18<00:27,  9.70it/s]
Epoch 29/50 [Train]:  42%|████▏     | 193/459 [00:18<00:27,  9.71it/s]
Epoch 29/50 [Train]:  42%|████▏     | 195/459 [00:19<00:26, 10.06it/s]
Epoch 29/50 [Train]:  43%|████▎     | 196/459 [00:19<00:26,  9.96it/s]
Epoch 29/50 [Train]:  43%|████▎     | 197/459 [00:19<00:27,  9.70it/s]
Epoch 29/50 [Train]:  43%|████▎     | 198/459 [00:19<00:26,  9.73it/s]
Epoch 29/50 [Train]:  44%|████▎     | 200/459 [00:19<00:25, 10.15it/s]
Epoch 29/50 [Train]:  44%|████▍     | 202/459 [00:19<00:24, 10.46it/s]
Epoch 29/50 [Train]:  44%|████▍     | 204/459 [00:20<00:24, 10.54it/s]
Epoch 29/50 [Train]:  45%|████▍     | 206/459 [00:20<00:25, 10.10it/s]
Epoch 29/50 [Train]:  45%|████▌     | 208/459 [00:20<00:25,  9.74it/s]
Epoch 29/50 [Train]:  46%|████▌     | 210/459 [00:20<00:25,  9.85it/s]
Epoch 29/50 [Train]:  46%|████▌     | 211/459 [00:20<00:25,  9.81it/s]
Epoch 29/50 [Train]:  46%|████▋     | 213/459 [00:20<00:23, 10.69it/s]
Epoch 29/50 [Train]:  47%|████▋     | 215/459 [00:21<00:21, 11.24it/s]
Epoch 29/50 [Train]:  47%|████▋     | 217/459 [00:21<00:21, 11.18it/s]
Epoch 29/50 [Train]:  48%|████▊     | 219/459 [00:21<00:21, 10.94it/s]
Epoch 29/50 [Train]:  48%|████▊     | 221/459 [00:21<00:21, 11.31it/s]
Epoch 29/50 [Train]:  49%|████▊     | 223/459 [00:21<00:21, 10.85it/s]
Epoch 29/50 [Train]:  49%|████▉     | 225/459 [00:22<00:22, 10.55it/s]
Epoch 29/50 [Train]:  49%|████▉     | 227/459 [00:22<00:21, 10.80it/s]
Epoch 29/50 [Train]:  50%|████▉     | 229/459 [00:22<00:21, 10.70it/s]
Epoch 29/50 [Train]:  50%|█████     | 231/459 [00:22<00:21, 10.76it/s]
Epoch 29/50 [Train]:  51%|█████     | 233/459 [00:22<00:20, 10.84it/s]
Epoch 29/50 [Train]:  51%|█████     | 235/459 [00:22<00:21, 10.53it/s]
Epoch 29/50 [Train]:  52%|█████▏    | 237/459 [00:23<00:20, 10.78it/s]
Epoch 29/50 [Train]:  52%|█████▏    | 239/459 [00:23<00:19, 11.27it/s]
Epoch 29/50 [Train]:  53%|█████▎    | 241/459 [00:23<00:19, 10.93it/s]
Epoch 29/50 [Train]:  53%|█████▎    | 243/459 [00:23<00:19, 10.97it/s]
Epoch 29/50 [Train]:  53%|█████▎    | 245/459 [00:23<00:19, 10.88it/s]
Epoch 29/50 [Train]:  54%|█████▍    | 247/459 [00:24<00:19, 11.11it/s]
Epoch 29/50 [Train]:  54%|█████▍    | 249/459 [00:24<00:19, 10.51it/s]
Epoch 29/50 [Train]:  55%|█████▍    | 251/459 [00:24<00:20, 10.19it/s]
Epoch 29/50 [Train]:  55%|█████▌    | 253/459 [00:24<00:20, 10.26it/s]
Epoch 29/50 [Train]:  56%|█████▌    | 255/459 [00:24<00:19, 10.39it/s]
Epoch 29/50 [Train]:  56%|█████▌    | 257/459 [00:25<00:19, 10.28it/s]
Epoch 29/50 [Train]:  56%|█████▋    | 259/459 [00:25<00:19, 10.37it/s]
Epoch 29/50 [Train]:  57%|█████▋    | 261/459 [00:25<00:18, 10.83it/s]
Epoch 29/50 [Train]:  57%|█████▋    | 263/459 [00:25<00:18, 10.86it/s]
Epoch 29/50 [Train]:  58%|█████▊    | 265/459 [00:25<00:17, 10.88it/s]
Epoch 29/50 [Train]:  58%|█████▊    | 267/459 [00:25<00:18, 10.53it/s]
Epoch 29/50 [Train]:  59%|█████▊    | 269/459 [00:26<00:18, 10.49it/s]
Epoch 29/50 [Train]:  59%|█████▉    | 271/459 [00:26<00:17, 10.81it/s]
Epoch 29/50 [Train]:  59%|█████▉    | 273/459 [00:26<00:18, 10.22it/s]
Epoch 29/50 [Train]:  60%|█████▉    | 275/459 [00:26<00:18,  9.75it/s]
Epoch 29/50 [Train]:  60%|██████    | 277/459 [00:26<00:18, 10.03it/s]
Epoch 29/50 [Train]:  61%|██████    | 279/459 [00:27<00:17, 10.16it/s]
Epoch 29/50 [Train]:  61%|██████    | 281/459 [00:27<00:17, 10.12it/s]
Epoch 29/50 [Train]:  62%|██████▏   | 283/459 [00:27<00:16, 10.63it/s]
Epoch 29/50 [Train]:  62%|██████▏   | 285/459 [00:27<00:17, 10.03it/s]
Epoch 29/50 [Train]:  63%|██████▎   | 287/459 [00:27<00:16, 10.17it/s]
Epoch 29/50 [Train]:  63%|██████▎   | 289/459 [00:28<00:17,  9.84it/s]
Epoch 29/50 [Train]:  63%|██████▎   | 290/459 [00:28<00:17,  9.77it/s]
Epoch 29/50 [Train]:  64%|██████▎   | 292/459 [00:28<00:15, 10.54it/s]
Epoch 29/50 [Train]:  64%|██████▍   | 294/459 [00:28<00:15, 10.58it/s]
Epoch 29/50 [Train]:  64%|██████▍   | 296/459 [00:28<00:15, 10.57it/s]
Epoch 29/50 [Train]:  65%|██████▍   | 298/459 [00:28<00:15, 10.42it/s]
Epoch 29/50 [Train]:  65%|██████▌   | 300/459 [00:29<00:15, 10.39it/s]
Epoch 29/50 [Train]:  66%|██████▌   | 302/459 [00:29<00:14, 10.47it/s]
Epoch 29/50 [Train]:  66%|██████▌   | 304/459 [00:29<00:14, 10.65it/s]
Epoch 29/50 [Train]:  67%|██████▋   | 306/459 [00:29<00:14, 10.36it/s]
Epoch 29/50 [Train]:  67%|██████▋   | 308/459 [00:29<00:14, 10.28it/s]
Epoch 29/50 [Train]:  68%|██████▊   | 310/459 [00:30<00:15,  9.68it/s]
Epoch 29/50 [Train]:  68%|██████▊   | 312/459 [00:30<00:15,  9.78it/s]
Epoch 29/50 [Train]:  68%|██████▊   | 314/459 [00:30<00:14,  9.92it/s]
Epoch 29/50 [Train]:  69%|██████▉   | 316/459 [00:30<00:14,  9.98it/s]
Epoch 29/50 [Train]:  69%|██████▉   | 318/459 [00:30<00:13, 10.48it/s]
Epoch 29/50 [Train]:  70%|██████▉   | 320/459 [00:31<00:13, 10.04it/s]
Epoch 29/50 [Train]:  70%|███████   | 322/459 [00:31<00:13,  9.81it/s]
Epoch 29/50 [Train]:  71%|███████   | 324/459 [00:31<00:12, 10.69it/s]
Epoch 29/50 [Train]:  71%|███████   | 326/459 [00:31<00:11, 11.99it/s]
Epoch 29/50 [Train]:  71%|███████▏  | 328/459 [00:31<00:10, 12.95it/s]
Epoch 29/50 [Train]:  72%|███████▏  | 330/459 [00:31<00:09, 13.77it/s]
Epoch 29/50 [Train]:  72%|███████▏  | 332/459 [00:32<00:08, 14.43it/s]
Epoch 29/50 [Train]:  73%|███████▎  | 334/459 [00:32<00:08, 15.00it/s]
Epoch 29/50 [Train]:  73%|███████▎  | 336/459 [00:32<00:08, 15.31it/s]
Epoch 29/50 [Train]:  74%|███████▎  | 338/459 [00:32<00:07, 15.61it/s]
Epoch 29/50 [Train]:  74%|███████▍  | 340/459 [00:32<00:07, 15.78it/s]
Epoch 29/50 [Train]:  75%|███████▍  | 342/459 [00:32<00:07, 15.77it/s]
Epoch 29/50 [Train]:  75%|███████▍  | 344/459 [00:32<00:07, 15.96it/s]
Epoch 29/50 [Train]:  75%|███████▌  | 346/459 [00:32<00:07, 15.88it/s]
Epoch 29/50 [Train]:  76%|███████▌  | 348/459 [00:33<00:07, 15.74it/s]
Epoch 29/50 [Train]:  76%|███████▋  | 350/459 [00:33<00:06, 15.88it/s]
Epoch 29/50 [Train]:  77%|███████▋  | 352/459 [00:33<00:06, 15.95it/s]
Epoch 29/50 [Train]:  77%|███████▋  | 354/459 [00:33<00:06, 16.17it/s]
Epoch 29/50 [Train]:  78%|███████▊  | 356/459 [00:33<00:06, 16.12it/s]
Epoch 29/50 [Train]:  78%|███████▊  | 358/459 [00:33<00:06, 16.02it/s]
Epoch 29/50 [Train]:  78%|███████▊  | 360/459 [00:33<00:06, 15.88it/s]
Epoch 29/50 [Train]:  79%|███████▉  | 362/459 [00:33<00:06, 15.85it/s]
Epoch 29/50 [Train]:  79%|███████▉  | 364/459 [00:34<00:06, 15.74it/s]
Epoch 29/50 [Train]:  80%|███████▉  | 366/459 [00:34<00:05, 15.90it/s]
Epoch 29/50 [Train]:  80%|████████  | 368/459 [00:34<00:05, 15.93it/s]
Epoch 29/50 [Train]:  81%|████████  | 370/459 [00:34<00:05, 15.92it/s]
Epoch 29/50 [Train]:  81%|████████  | 372/459 [00:34<00:05, 15.99it/s]
Epoch 29/50 [Train]:  81%|████████▏ | 374/459 [00:34<00:05, 16.03it/s]
Epoch 29/50 [Train]:  82%|████████▏ | 376/459 [00:34<00:05, 16.01it/s]
Epoch 29/50 [Train]:  82%|████████▏ | 378/459 [00:34<00:05, 16.11it/s]
Epoch 29/50 [Train]:  83%|████████▎ | 380/459 [00:35<00:04, 16.11it/s]
Epoch 29/50 [Train]:  83%|████████▎ | 382/459 [00:35<00:04, 16.03it/s]
Epoch 29/50 [Train]:  84%|████████▎ | 384/459 [00:35<00:04, 16.05it/s]
Epoch 29/50 [Train]:  84%|████████▍ | 386/459 [00:35<00:04, 15.42it/s]
Epoch 29/50 [Train]:  85%|████████▍ | 388/459 [00:35<00:04, 15.64it/s]
Epoch 29/50 [Train]:  85%|████████▍ | 390/459 [00:35<00:04, 15.77it/s]
Epoch 29/50 [Train]:  85%|████████▌ | 392/459 [00:35<00:04, 15.31it/s]
Epoch 29/50 [Train]:  86%|████████▌ | 394/459 [00:35<00:04, 15.04it/s]
Epoch 29/50 [Train]:  86%|████████▋ | 396/459 [00:36<00:04, 14.77it/s]
Epoch 29/50 [Train]:  87%|████████▋ | 398/459 [00:36<00:04, 14.87it/s]
Epoch 29/50 [Train]:  87%|████████▋ | 400/459 [00:36<00:04, 14.42it/s]
Epoch 29/50 [Train]:  88%|████████▊ | 402/459 [00:36<00:04, 14.18it/s]
Epoch 29/50 [Train]:  88%|████████▊ | 404/459 [00:36<00:03, 14.22it/s]
Epoch 29/50 [Train]:  88%|████████▊ | 406/459 [00:36<00:03, 14.35it/s]
Epoch 29/50 [Train]:  89%|████████▉ | 408/459 [00:36<00:03, 14.82it/s]
Epoch 29/50 [Train]:  89%|████████▉ | 410/459 [00:37<00:03, 15.17it/s]
Epoch 29/50 [Train]:  90%|████████▉ | 412/459 [00:37<00:03, 15.49it/s]
Epoch 29/50 [Train]:  90%|█████████ | 414/459 [00:37<00:02, 15.60it/s]
Epoch 29/50 [Train]:  91%|█████████ | 416/459 [00:37<00:02, 15.81it/s]
Epoch 29/50 [Train]:  91%|█████████ | 418/459 [00:37<00:02, 16.00it/s]
Epoch 29/50 [Train]:  92%|█████████▏| 420/459 [00:37<00:02, 16.19it/s]
Epoch 29/50 [Train]:  92%|█████████▏| 422/459 [00:37<00:02, 16.13it/s]
Epoch 29/50 [Train]:  92%|█████████▏| 424/459 [00:37<00:02, 15.75it/s]
Epoch 29/50 [Train]:  93%|█████████▎| 426/459 [00:38<00:02, 15.35it/s]
Epoch 29/50 [Train]:  93%|█████████▎| 428/459 [00:38<00:01, 15.59it/s]
Epoch 29/50 [Train]:  94%|█████████▎| 430/459 [00:38<00:01, 15.65it/s]
Epoch 29/50 [Train]:  94%|█████████▍| 432/459 [00:38<00:01, 15.72it/s]
Epoch 29/50 [Train]:  95%|█████████▍| 434/459 [00:38<00:01, 15.82it/s]
Epoch 29/50 [Train]:  95%|█████████▍| 436/459 [00:38<00:01, 15.91it/s]
Epoch 29/50 [Train]:  95%|█████████▌| 438/459 [00:38<00:01, 15.92it/s]
Epoch 29/50 [Train]:  96%|█████████▌| 440/459 [00:38<00:01, 15.92it/s]
Epoch 29/50 [Train]:  96%|█████████▋| 442/459 [00:39<00:01, 16.02it/s]
Epoch 29/50 [Train]:  97%|█████████▋| 444/459 [00:39<00:00, 15.94it/s]
Epoch 29/50 [Train]:  97%|█████████▋| 446/459 [00:39<00:00, 15.64it/s]
Epoch 29/50 [Train]:  98%|█████████▊| 448/459 [00:39<00:00, 15.42it/s]
Epoch 29/50 [Train]:  98%|█████████▊| 450/459 [00:39<00:00, 15.58it/s]
Epoch 29/50 [Train]:  98%|█████████▊| 452/459 [00:39<00:00, 15.77it/s]
Epoch 29/50 [Train]:  99%|█████████▉| 454/459 [00:39<00:00, 15.37it/s]
Epoch 29/50 [Train]:  99%|█████████▉| 456/459 [00:39<00:00, 15.24it/s]
Epoch 29/50 [Train]: 100%|█████████▉| 458/459 [00:40<00:00, 15.06it/s]
                                                                      

Epoch 29/50 [Val]:   0%|          | 0/113 [00:00<?, ?it/s]
Epoch 29/50 [Val]:   2%|▏         | 2/113 [00:00<00:06, 16.64it/s]
Epoch 29/50 [Val]:   4%|▎         | 4/113 [00:00<00:06, 16.29it/s]
Epoch 29/50 [Val]:   5%|▌         | 6/113 [00:00<00:06, 16.34it/s]
Epoch 29/50 [Val]:   7%|▋         | 8/113 [00:00<00:06, 16.48it/s]
Epoch 29/50 [Val]:   9%|▉         | 10/113 [00:00<00:06, 16.64it/s]
Epoch 29/50 [Val]:  11%|█         | 12/113 [00:00<00:06, 16.65it/s]
Epoch 29/50 [Val]:  12%|█▏        | 14/113 [00:00<00:06, 16.47it/s]
Epoch 29/50 [Val]:  14%|█▍        | 16/113 [00:00<00:06, 15.63it/s]
Epoch 29/50 [Val]:  16%|█▌        | 18/113 [00:01<00:06, 14.80it/s]
Epoch 29/50 [Val]:  18%|█▊        | 20/113 [00:01<00:08, 11.39it/s]
Epoch 29/50 [Val]:  19%|█▉        | 22/113 [00:01<00:08, 10.28it/s]
Epoch 29/50 [Val]:  21%|██        | 24/113 [00:01<00:09,  9.43it/s]
Epoch 29/50 [Val]:  23%|██▎       | 26/113 [00:02<00:09,  9.09it/s]
Epoch 29/50 [Val]:  24%|██▍       | 27/113 [00:02<00:09,  8.87it/s]
Epoch 29/50 [Val]:  26%|██▌       | 29/113 [00:02<00:09,  8.84it/s]
Epoch 29/50 [Val]:  27%|██▋       | 31/113 [00:02<00:08,  9.12it/s]
Epoch 29/50 [Val]:  28%|██▊       | 32/113 [00:02<00:09,  8.85it/s]
Epoch 29/50 [Val]:  29%|██▉       | 33/113 [00:02<00:08,  9.01it/s]
Epoch 29/50 [Val]:  30%|███       | 34/113 [00:03<00:08,  8.99it/s]
Epoch 29/50 [Val]:  31%|███       | 35/113 [00:03<00:08,  8.77it/s]
Epoch 29/50 [Val]:  33%|███▎      | 37/113 [00:03<00:08,  9.34it/s]
Epoch 29/50 [Val]:  34%|███▎      | 38/113 [00:03<00:08,  9.18it/s]
Epoch 29/50 [Val]:  35%|███▌      | 40/113 [00:03<00:07, 10.06it/s]
Epoch 29/50 [Val]:  36%|███▋      | 41/113 [00:03<00:07,  9.89it/s]
Epoch 29/50 [Val]:  38%|███▊      | 43/113 [00:03<00:06, 10.24it/s]
Epoch 29/50 [Val]:  40%|███▉      | 45/113 [00:04<00:07,  8.97it/s]
Epoch 29/50 [Val]:  41%|████      | 46/113 [00:04<00:07,  8.83it/s]
Epoch 29/50 [Val]:  42%|████▏     | 47/113 [00:04<00:07,  8.63it/s]
Epoch 29/50 [Val]:  42%|████▏     | 48/113 [00:04<00:07,  8.29it/s]
Epoch 29/50 [Val]:  43%|████▎     | 49/113 [00:04<00:07,  8.24it/s]
Epoch 29/50 [Val]:  44%|████▍     | 50/113 [00:04<00:07,  8.44it/s]
Epoch 29/50 [Val]:  45%|████▌     | 51/113 [00:04<00:07,  8.45it/s]
Epoch 29/50 [Val]:  46%|████▌     | 52/113 [00:05<00:07,  8.25it/s]
Epoch 29/50 [Val]:  47%|████▋     | 53/113 [00:05<00:07,  8.27it/s]
Epoch 29/50 [Val]:  48%|████▊     | 54/113 [00:05<00:06,  8.58it/s]
Epoch 29/50 [Val]:  49%|████▊     | 55/113 [00:05<00:06,  8.49it/s]
Epoch 29/50 [Val]:  50%|████▉     | 56/113 [00:05<00:06,  8.25it/s]
Epoch 29/50 [Val]:  50%|█████     | 57/113 [00:05<00:07,  7.94it/s]
Epoch 29/50 [Val]:  52%|█████▏    | 59/113 [00:05<00:05,  9.18it/s]
Epoch 29/50 [Val]:  53%|█████▎    | 60/113 [00:05<00:06,  8.77it/s]
Epoch 29/50 [Val]:  54%|█████▍    | 61/113 [00:06<00:05,  8.81it/s]
Epoch 29/50 [Val]:  55%|█████▍    | 62/113 [00:06<00:05,  8.92it/s]
Epoch 29/50 [Val]:  56%|█████▌    | 63/113 [00:06<00:05,  8.71it/s]
Epoch 29/50 [Val]:  57%|█████▋    | 64/113 [00:06<00:05,  8.72it/s]
Epoch 29/50 [Val]:  58%|█████▊    | 65/113 [00:06<00:06,  7.92it/s]
Epoch 29/50 [Val]:  58%|█████▊    | 66/113 [00:06<00:05,  7.85it/s]
Epoch 29/50 [Val]:  59%|█████▉    | 67/113 [00:06<00:05,  7.67it/s]
Epoch 29/50 [Val]:  60%|██████    | 68/113 [00:06<00:05,  7.65it/s]
Epoch 29/50 [Val]:  61%|██████    | 69/113 [00:07<00:05,  7.97it/s]
Epoch 29/50 [Val]:  62%|██████▏   | 70/113 [00:07<00:05,  7.95it/s]
Epoch 29/50 [Val]:  63%|██████▎   | 71/113 [00:07<00:05,  8.07it/s]
Epoch 29/50 [Val]:  65%|██████▍   | 73/113 [00:07<00:04,  8.86it/s]
Epoch 29/50 [Val]:  65%|██████▌   | 74/113 [00:07<00:04,  8.55it/s]
Epoch 29/50 [Val]:  66%|██████▋   | 75/113 [00:07<00:04,  8.25it/s]
Epoch 29/50 [Val]:  67%|██████▋   | 76/113 [00:07<00:04,  8.18it/s]
Epoch 29/50 [Val]:  69%|██████▉   | 78/113 [00:08<00:03,  9.15it/s]
Epoch 29/50 [Val]:  70%|██████▉   | 79/113 [00:08<00:03,  8.94it/s]
Epoch 29/50 [Val]:  72%|███████▏  | 81/113 [00:08<00:03, 10.27it/s]
Epoch 29/50 [Val]:  73%|███████▎  | 83/113 [00:08<00:03,  9.19it/s]
Epoch 29/50 [Val]:  74%|███████▍  | 84/113 [00:08<00:03,  8.92it/s]
Epoch 29/50 [Val]:  75%|███████▌  | 85/113 [00:08<00:03,  8.56it/s]
Epoch 29/50 [Val]:  76%|███████▌  | 86/113 [00:09<00:03,  8.41it/s]
Epoch 29/50 [Val]:  77%|███████▋  | 87/113 [00:09<00:03,  8.32it/s]
Epoch 29/50 [Val]:  78%|███████▊  | 88/113 [00:09<00:03,  8.21it/s]
Epoch 29/50 [Val]:  79%|███████▉  | 89/113 [00:09<00:02,  8.41it/s]
Epoch 29/50 [Val]:  80%|███████▉  | 90/113 [00:09<00:02,  8.63it/s]
Epoch 29/50 [Val]:  81%|████████  | 91/113 [00:09<00:02,  8.71it/s]
Epoch 29/50 [Val]:  81%|████████▏ | 92/113 [00:09<00:02,  8.80it/s]
Epoch 29/50 [Val]:  82%|████████▏ | 93/113 [00:09<00:02,  8.84it/s]
Epoch 29/50 [Val]:  83%|████████▎ | 94/113 [00:09<00:02,  8.97it/s]
Epoch 29/50 [Val]:  84%|████████▍ | 95/113 [00:10<00:02,  8.76it/s]
Epoch 29/50 [Val]:  85%|████████▍ | 96/113 [00:10<00:01,  8.72it/s]
Epoch 29/50 [Val]:  86%|████████▌ | 97/113 [00:10<00:01,  9.00it/s]
Epoch 29/50 [Val]:  88%|████████▊ | 99/113 [00:10<00:01,  9.19it/s]
Epoch 29/50 [Val]:  88%|████████▊ | 100/113 [00:10<00:01,  8.58it/s]
Epoch 29/50 [Val]:  89%|████████▉ | 101/113 [00:10<00:01,  8.37it/s]
Epoch 29/50 [Val]:  90%|█████████ | 102/113 [00:10<00:01,  8.67it/s]
Epoch 29/50 [Val]:  91%|█████████ | 103/113 [00:10<00:01,  8.82it/s]
Epoch 29/50 [Val]:  92%|█████████▏| 104/113 [00:11<00:01,  8.98it/s]
Epoch 29/50 [Val]:  93%|█████████▎| 105/113 [00:11<00:00,  8.27it/s]
Epoch 29/50 [Val]:  94%|█████████▍| 106/113 [00:11<00:00,  8.04it/s]
Epoch 29/50 [Val]:  95%|█████████▍| 107/113 [00:11<00:00,  7.89it/s]
Epoch 29/50 [Val]:  96%|█████████▌| 108/113 [00:11<00:00,  7.59it/s]
Epoch 29/50 [Val]:  96%|█████████▋| 109/113 [00:11<00:00,  7.70it/s]
Epoch 29/50 [Val]:  97%|█████████▋| 110/113 [00:11<00:00,  7.91it/s]
Epoch 29/50 [Val]:  98%|█████████▊| 111/113 [00:12<00:00,  7.67it/s]
Epoch 29/50 [Val]:  99%|█████████▉| 112/113 [00:12<00:00,  7.34it/s]
                                                                    

Epoch 30/50 [Train]:   0%|          | 0/459 [00:00<?, ?it/s]
Epoch 30/50 [Train]:   0%|          | 2/459 [00:00<00:47,  9.59it/s]
Epoch 30/50 [Train]:   1%|          | 3/459 [00:00<00:46,  9.71it/s]
Epoch 30/50 [Train]:   1%|          | 5/459 [00:00<00:46,  9.76it/s]
Epoch 30/50 [Train]:   2%|▏         | 7/459 [00:00<00:44, 10.15it/s]
Epoch 30/50 [Train]:   2%|▏         | 9/459 [00:00<00:44, 10.19it/s]
Epoch 30/50 [Train]:   2%|▏         | 11/459 [00:01<00:42, 10.49it/s]
Epoch 30/50 [Train]:   3%|▎         | 13/459 [00:01<00:44, 10.09it/s]
Epoch 30/50 [Train]:   3%|▎         | 15/459 [00:01<00:41, 10.72it/s]
Epoch 30/50 [Train]:   4%|▎         | 17/459 [00:01<00:41, 10.75it/s]
Epoch 30/50 [Train]:   4%|▍         | 19/459 [00:01<00:43, 10.11it/s]
Epoch 30/50 [Train]:   5%|▍         | 21/459 [00:02<00:43, 10.12it/s]
Epoch 30/50 [Train]:   5%|▌         | 23/459 [00:02<00:43,  9.95it/s]
Epoch 30/50 [Train]:   5%|▌         | 25/459 [00:02<00:43, 10.06it/s]
Epoch 30/50 [Train]:   6%|▌         | 27/459 [00:02<00:42, 10.17it/s]
Epoch 30/50 [Train]:   6%|▋         | 29/459 [00:02<00:42, 10.11it/s]
Epoch 30/50 [Train]:   7%|▋         | 31/459 [00:03<00:42, 10.10it/s]
Epoch 30/50 [Train]:   7%|▋         | 33/459 [00:03<00:42, 10.01it/s]
Epoch 30/50 [Train]:   8%|▊         | 35/459 [00:03<00:41, 10.24it/s]
Epoch 30/50 [Train]:   8%|▊         | 37/459 [00:03<00:40, 10.46it/s]
Epoch 30/50 [Train]:   8%|▊         | 39/459 [00:03<00:41, 10.21it/s]
Epoch 30/50 [Train]:   9%|▉         | 41/459 [00:04<00:39, 10.48it/s]
Epoch 30/50 [Train]:   9%|▉         | 43/459 [00:04<00:39, 10.53it/s]
Epoch 30/50 [Train]:  10%|▉         | 45/459 [00:04<00:39, 10.61it/s]
Epoch 30/50 [Train]:  10%|█         | 47/459 [00:04<00:39, 10.55it/s]
Epoch 30/50 [Train]:  11%|█         | 49/459 [00:04<00:37, 11.01it/s]
Epoch 30/50 [Train]:  11%|█         | 51/459 [00:04<00:35, 11.45it/s]
Epoch 30/50 [Train]:  12%|█▏        | 53/459 [00:05<00:37, 10.96it/s]
Epoch 30/50 [Train]:  12%|█▏        | 55/459 [00:05<00:37, 10.66it/s]
Epoch 30/50 [Train]:  12%|█▏        | 57/459 [00:05<00:37, 10.82it/s]
Epoch 30/50 [Train]:  13%|█▎        | 59/459 [00:05<00:37, 10.75it/s]
Epoch 30/50 [Train]:  13%|█▎        | 61/459 [00:05<00:38, 10.42it/s]
Epoch 30/50 [Train]:  14%|█▎        | 63/459 [00:06<00:35, 11.13it/s]
Epoch 30/50 [Train]:  14%|█▍        | 65/459 [00:06<00:34, 11.27it/s]
Epoch 30/50 [Train]:  15%|█▍        | 67/459 [00:06<00:35, 11.05it/s]
Epoch 30/50 [Train]:  15%|█▌        | 69/459 [00:06<00:36, 10.63it/s]
Epoch 30/50 [Train]:  15%|█▌        | 71/459 [00:06<00:35, 10.97it/s]
Epoch 30/50 [Train]:  16%|█▌        | 73/459 [00:06<00:36, 10.69it/s]
Epoch 30/50 [Train]:  16%|█▋        | 75/459 [00:07<00:37, 10.24it/s]
Epoch 30/50 [Train]:  17%|█▋        | 77/459 [00:07<00:35, 10.82it/s]
Epoch 30/50 [Train]:  17%|█▋        | 79/459 [00:07<00:35, 10.74it/s]
Epoch 30/50 [Train]:  18%|█▊        | 81/459 [00:07<00:36, 10.44it/s]
Epoch 30/50 [Train]:  18%|█▊        | 83/459 [00:07<00:34, 10.88it/s]
Epoch 30/50 [Train]:  19%|█▊        | 85/459 [00:08<00:34, 10.79it/s]
Epoch 30/50 [Train]:  19%|█▉        | 87/459 [00:08<00:35, 10.50it/s]
Epoch 30/50 [Train]:  19%|█▉        | 89/459 [00:08<00:33, 11.01it/s]
Epoch 30/50 [Train]:  20%|█▉        | 91/459 [00:08<00:34, 10.76it/s]
Epoch 30/50 [Train]:  20%|██        | 93/459 [00:08<00:34, 10.49it/s]
Epoch 30/50 [Train]:  21%|██        | 95/459 [00:09<00:34, 10.56it/s]
Epoch 30/50 [Train]:  21%|██        | 97/459 [00:09<00:35, 10.24it/s]
Epoch 30/50 [Train]:  22%|██▏       | 99/459 [00:09<00:35, 10.07it/s]
Epoch 30/50 [Train]:  22%|██▏       | 101/459 [00:09<00:36,  9.89it/s]
Epoch 30/50 [Train]:  22%|██▏       | 102/459 [00:09<00:36,  9.86it/s]
Epoch 30/50 [Train]:  23%|██▎       | 104/459 [00:09<00:34, 10.39it/s]
Epoch 30/50 [Train]:  23%|██▎       | 106/459 [00:10<00:32, 10.88it/s]
Epoch 30/50 [Train]:  24%|██▎       | 108/459 [00:10<00:31, 11.27it/s]
Epoch 30/50 [Train]:  24%|██▍       | 110/459 [00:10<00:29, 11.71it/s]
Epoch 30/50 [Train]:  24%|██▍       | 112/459 [00:10<00:31, 11.17it/s]
Epoch 30/50 [Train]:  25%|██▍       | 114/459 [00:10<00:30, 11.16it/s]
Epoch 30/50 [Train]:  25%|██▌       | 116/459 [00:10<00:31, 10.91it/s]
Epoch 30/50 [Train]:  26%|██▌       | 118/459 [00:11<00:31, 10.93it/s]
Epoch 30/50 [Train]:  26%|██▌       | 120/459 [00:11<00:31, 10.85it/s]
Epoch 30/50 [Train]:  27%|██▋       | 122/459 [00:11<00:31, 10.87it/s]
Epoch 30/50 [Train]:  27%|██▋       | 124/459 [00:11<00:32, 10.46it/s]
Epoch 30/50 [Train]:  27%|██▋       | 126/459 [00:11<00:33, 10.09it/s]
Epoch 30/50 [Train]:  28%|██▊       | 128/459 [00:12<00:32, 10.11it/s]
Epoch 30/50 [Train]:  28%|██▊       | 130/459 [00:12<00:32, 10.07it/s]
Epoch 30/50 [Train]:  29%|██▉       | 132/459 [00:12<00:32, 10.01it/s]
Epoch 30/50 [Train]:  29%|██▉       | 134/459 [00:12<00:32,  9.97it/s]
Epoch 30/50 [Train]:  29%|██▉       | 135/459 [00:12<00:32,  9.97it/s]
Epoch 30/50 [Train]:  30%|██▉       | 136/459 [00:12<00:32,  9.94it/s]
Epoch 30/50 [Train]:  30%|██▉       | 137/459 [00:13<00:33,  9.64it/s]
Epoch 30/50 [Train]:  30%|███       | 139/459 [00:13<00:31, 10.02it/s]
Epoch 30/50 [Train]:  31%|███       | 140/459 [00:13<00:32,  9.87it/s]
Epoch 30/50 [Train]:  31%|███       | 142/459 [00:13<00:30, 10.24it/s]
Epoch 30/50 [Train]:  31%|███▏      | 144/459 [00:13<00:30, 10.42it/s]
Epoch 30/50 [Train]:  32%|███▏      | 146/459 [00:13<00:32,  9.57it/s]
Epoch 30/50 [Train]:  32%|███▏      | 148/459 [00:14<00:31,  9.91it/s]
Epoch 30/50 [Train]:  33%|███▎      | 150/459 [00:14<00:30, 10.18it/s]
Epoch 30/50 [Train]:  33%|███▎      | 152/459 [00:14<00:29, 10.31it/s]
Epoch 30/50 [Train]:  34%|███▎      | 154/459 [00:14<00:29, 10.41it/s]
Epoch 30/50 [Train]:  34%|███▍      | 156/459 [00:14<00:29, 10.28it/s]
Epoch 30/50 [Train]:  34%|███▍      | 158/459 [00:15<00:28, 10.41it/s]
Epoch 30/50 [Train]:  35%|███▍      | 160/459 [00:15<00:29, 10.22it/s]
Epoch 30/50 [Train]:  35%|███▌      | 162/459 [00:15<00:28, 10.36it/s]
Epoch 30/50 [Train]:  36%|███▌      | 164/459 [00:15<00:28, 10.27it/s]
Epoch 30/50 [Train]:  36%|███▌      | 166/459 [00:15<00:28, 10.34it/s]
Epoch 30/50 [Train]:  37%|███▋      | 168/459 [00:16<00:26, 10.82it/s]
Epoch 30/50 [Train]:  37%|███▋      | 170/459 [00:16<00:27, 10.56it/s]
Epoch 30/50 [Train]:  37%|███▋      | 172/459 [00:16<00:27, 10.56it/s]
Epoch 30/50 [Train]:  38%|███▊      | 174/459 [00:16<00:27, 10.33it/s]
Epoch 30/50 [Train]:  38%|███▊      | 176/459 [00:16<00:25, 11.07it/s]
Epoch 30/50 [Train]:  39%|███▉      | 178/459 [00:16<00:25, 11.00it/s]
Epoch 30/50 [Train]:  39%|███▉      | 180/459 [00:17<00:24, 11.43it/s]
Epoch 30/50 [Train]:  40%|███▉      | 182/459 [00:17<00:22, 12.36it/s]
Epoch 30/50 [Train]:  40%|████      | 184/459 [00:17<00:21, 12.98it/s]
Epoch 30/50 [Train]:  41%|████      | 186/459 [00:17<00:19, 13.84it/s]
Epoch 30/50 [Train]:  41%|████      | 188/459 [00:17<00:18, 14.31it/s]
Epoch 30/50 [Train]:  41%|████▏     | 190/459 [00:17<00:18, 14.62it/s]
Epoch 30/50 [Train]:  42%|████▏     | 192/459 [00:17<00:17, 14.98it/s]
Epoch 30/50 [Train]:  42%|████▏     | 194/459 [00:18<00:17, 15.14it/s]
Epoch 30/50 [Train]:  43%|████▎     | 196/459 [00:18<00:16, 15.62it/s]
Epoch 30/50 [Train]:  43%|████▎     | 198/459 [00:18<00:16, 15.80it/s]
Epoch 30/50 [Train]:  44%|████▎     | 200/459 [00:18<00:16, 15.90it/s]
Epoch 30/50 [Train]:  44%|████▍     | 202/459 [00:18<00:16, 16.02it/s]
Epoch 30/50 [Train]:  44%|████▍     | 204/459 [00:18<00:15, 16.13it/s]
Epoch 30/50 [Train]:  45%|████▍     | 206/459 [00:18<00:15, 16.01it/s]
Epoch 30/50 [Train]:  45%|████▌     | 208/459 [00:18<00:15, 15.77it/s]
Epoch 30/50 [Train]:  46%|████▌     | 210/459 [00:19<00:15, 15.80it/s]
Epoch 30/50 [Train]:  46%|████▌     | 212/459 [00:19<00:15, 15.86it/s]
Epoch 30/50 [Train]:  47%|████▋     | 214/459 [00:19<00:15, 15.94it/s]
Epoch 30/50 [Train]:  47%|████▋     | 216/459 [00:19<00:15, 15.89it/s]
Epoch 30/50 [Train]:  47%|████▋     | 218/459 [00:19<00:15, 16.03it/s]
Epoch 30/50 [Train]:  48%|████▊     | 220/459 [00:19<00:14, 16.09it/s]
Epoch 30/50 [Train]:  48%|████▊     | 222/459 [00:19<00:14, 16.17it/s]
Epoch 30/50 [Train]:  49%|████▉     | 224/459 [00:19<00:14, 16.03it/s]
Epoch 30/50 [Train]:  49%|████▉     | 226/459 [00:20<00:14, 15.93it/s]
Epoch 30/50 [Train]:  50%|████▉     | 228/459 [00:20<00:14, 15.84it/s]
Epoch 30/50 [Train]:  50%|█████     | 230/459 [00:20<00:14, 15.93it/s]
Epoch 30/50 [Train]:  51%|█████     | 232/459 [00:20<00:14, 15.98it/s]
Epoch 30/50 [Train]:  51%|█████     | 234/459 [00:20<00:14, 15.70it/s]
Epoch 30/50 [Train]:  51%|█████▏    | 236/459 [00:20<00:14, 15.40it/s]
Epoch 30/50 [Train]:  52%|█████▏    | 238/459 [00:20<00:14, 15.37it/s]
Epoch 30/50 [Train]:  52%|█████▏    | 240/459 [00:20<00:15, 14.15it/s]
Epoch 30/50 [Train]:  53%|█████▎    | 242/459 [00:21<00:15, 13.80it/s]
Epoch 30/50 [Train]:  53%|█████▎    | 244/459 [00:21<00:15, 13.68it/s]
Epoch 30/50 [Train]:  54%|█████▎    | 246/459 [00:21<00:15, 13.53it/s]
Epoch 30/50 [Train]:  54%|█████▍    | 248/459 [00:21<00:15, 13.69it/s]
Epoch 30/50 [Train]:  54%|█████▍    | 250/459 [00:21<00:15, 13.80it/s]
Epoch 30/50 [Train]:  55%|█████▍    | 252/459 [00:21<00:14, 14.46it/s]
Epoch 30/50 [Train]:  55%|█████▌    | 254/459 [00:21<00:13, 14.82it/s]
Epoch 30/50 [Train]:  56%|█████▌    | 256/459 [00:22<00:13, 15.01it/s]
Epoch 30/50 [Train]:  56%|█████▌    | 258/459 [00:22<00:13, 15.32it/s]
Epoch 30/50 [Train]:  57%|█████▋    | 260/459 [00:22<00:12, 15.48it/s]
Epoch 30/50 [Train]:  57%|█████▋    | 262/459 [00:22<00:12, 15.41it/s]
Epoch 30/50 [Train]:  58%|█████▊    | 264/459 [00:22<00:12, 15.33it/s]
Epoch 30/50 [Train]:  58%|█████▊    | 266/459 [00:22<00:12, 15.60it/s]
Epoch 30/50 [Train]:  58%|█████▊    | 268/459 [00:22<00:12, 15.76it/s]
Epoch 30/50 [Train]:  59%|█████▉    | 270/459 [00:23<00:12, 15.29it/s]
Epoch 30/50 [Train]:  59%|█████▉    | 272/459 [00:23<00:12, 14.99it/s]
Epoch 30/50 [Train]:  60%|█████▉    | 274/459 [00:23<00:12, 14.82it/s]
Epoch 30/50 [Train]:  60%|██████    | 276/459 [00:23<00:12, 14.95it/s]
Epoch 30/50 [Train]:  61%|██████    | 278/459 [00:23<00:12, 14.54it/s]
Epoch 30/50 [Train]:  61%|██████    | 280/459 [00:23<00:12, 14.31it/s]
Epoch 30/50 [Train]:  61%|██████▏   | 282/459 [00:23<00:12, 14.17it/s]
Epoch 30/50 [Train]:  62%|██████▏   | 284/459 [00:23<00:12, 14.43it/s]
Epoch 30/50 [Train]:  62%|██████▏   | 286/459 [00:24<00:12, 14.41it/s]
Epoch 30/50 [Train]:  63%|██████▎   | 288/459 [00:24<00:11, 14.31it/s]
Epoch 30/50 [Train]:  63%|██████▎   | 290/459 [00:24<00:11, 14.37it/s]
Epoch 30/50 [Train]:  64%|██████▎   | 292/459 [00:24<00:11, 14.53it/s]
Epoch 30/50 [Train]:  64%|██████▍   | 294/459 [00:24<00:10, 15.09it/s]
Epoch 30/50 [Train]:  64%|██████▍   | 296/459 [00:24<00:10, 15.35it/s]
Epoch 30/50 [Train]:  65%|██████▍   | 298/459 [00:24<00:10, 15.26it/s]
Epoch 30/50 [Train]:  65%|██████▌   | 300/459 [00:25<00:10, 15.33it/s]
Epoch 30/50 [Train]:  66%|██████▌   | 302/459 [00:25<00:10, 15.46it/s]
Epoch 30/50 [Train]:  66%|██████▌   | 304/459 [00:25<00:10, 15.43it/s]
Epoch 30/50 [Train]:  67%|██████▋   | 306/459 [00:25<00:09, 15.65it/s]
Epoch 30/50 [Train]:  67%|██████▋   | 308/459 [00:25<00:09, 15.82it/s]
Epoch 30/50 [Train]:  68%|██████▊   | 310/459 [00:25<00:09, 16.08it/s]
Epoch 30/50 [Train]:  68%|██████▊   | 312/459 [00:25<00:09, 16.05it/s]
Epoch 30/50 [Train]:  68%|██████▊   | 314/459 [00:25<00:09, 15.83it/s]
Epoch 30/50 [Train]:  69%|██████▉   | 316/459 [00:26<00:09, 15.73it/s]
Epoch 30/50 [Train]:  69%|██████▉   | 318/459 [00:26<00:08, 15.78it/s]
Epoch 30/50 [Train]:  70%|██████▉   | 320/459 [00:26<00:08, 15.80it/s]
Epoch 30/50 [Train]:  70%|███████   | 322/459 [00:26<00:08, 15.78it/s]
Epoch 30/50 [Train]:  71%|███████   | 324/459 [00:26<00:08, 15.96it/s]
Epoch 30/50 [Train]:  71%|███████   | 326/459 [00:26<00:08, 15.78it/s]
Epoch 30/50 [Train]:  71%|███████▏  | 328/459 [00:26<00:08, 15.89it/s]
Epoch 30/50 [Train]:  72%|███████▏  | 330/459 [00:26<00:08, 15.93it/s]
Epoch 30/50 [Train]:  72%|███████▏  | 332/459 [00:27<00:08, 15.77it/s]
Epoch 30/50 [Train]:  73%|███████▎  | 334/459 [00:27<00:07, 15.71it/s]
Epoch 30/50 [Train]:  73%|███████▎  | 336/459 [00:27<00:07, 15.83it/s]
Epoch 30/50 [Train]:  74%|███████▎  | 338/459 [00:27<00:07, 15.80it/s]
Epoch 30/50 [Train]:  74%|███████▍  | 340/459 [00:27<00:07, 15.86it/s]
Epoch 30/50 [Train]:  75%|███████▍  | 342/459 [00:27<00:07, 16.00it/s]
Epoch 30/50 [Train]:  75%|███████▍  | 344/459 [00:27<00:07, 15.89it/s]
Epoch 30/50 [Train]:  75%|███████▌  | 346/459 [00:27<00:07, 15.81it/s]
Epoch 30/50 [Train]:  76%|███████▌  | 348/459 [00:28<00:07, 15.85it/s]
Epoch 30/50 [Train]:  76%|███████▋  | 350/459 [00:28<00:06, 15.94it/s]
Epoch 30/50 [Train]:  77%|███████▋  | 352/459 [00:28<00:06, 16.02it/s]
Epoch 30/50 [Train]:  77%|███████▋  | 354/459 [00:28<00:06, 16.04it/s]
Epoch 30/50 [Train]:  78%|███████▊  | 356/459 [00:28<00:06, 15.95it/s]
Epoch 30/50 [Train]:  78%|███████▊  | 358/459 [00:28<00:06, 16.00it/s]
Epoch 30/50 [Train]:  78%|███████▊  | 360/459 [00:28<00:06, 16.20it/s]
Epoch 30/50 [Train]:  79%|███████▉  | 362/459 [00:28<00:05, 16.24it/s]
Epoch 30/50 [Train]:  79%|███████▉  | 364/459 [00:29<00:05, 16.16it/s]
Epoch 30/50 [Train]:  80%|███████▉  | 366/459 [00:29<00:05, 16.24it/s]
Epoch 30/50 [Train]:  80%|████████  | 368/459 [00:29<00:05, 16.12it/s]
Epoch 30/50 [Train]:  81%|████████  | 370/459 [00:29<00:05, 16.16it/s]
Epoch 30/50 [Train]:  81%|████████  | 372/459 [00:29<00:05, 16.15it/s]
Epoch 30/50 [Train]:  81%|████████▏ | 374/459 [00:29<00:05, 16.11it/s]
Epoch 30/50 [Train]:  82%|████████▏ | 376/459 [00:29<00:05, 16.24it/s]
Epoch 30/50 [Train]:  82%|████████▏ | 378/459 [00:29<00:05, 16.12it/s]
Epoch 30/50 [Train]:  83%|████████▎ | 380/459 [00:30<00:04, 16.02it/s]
Epoch 30/50 [Train]:  83%|████████▎ | 382/459 [00:30<00:04, 16.11it/s]
Epoch 30/50 [Train]:  84%|████████▎ | 384/459 [00:30<00:04, 16.15it/s]
Epoch 30/50 [Train]:  84%|████████▍ | 386/459 [00:30<00:04, 16.09it/s]
Epoch 30/50 [Train]:  85%|████████▍ | 388/459 [00:30<00:04, 16.14it/s]
Epoch 30/50 [Train]:  85%|████████▍ | 390/459 [00:30<00:04, 16.29it/s]
Epoch 30/50 [Train]:  85%|████████▌ | 392/459 [00:30<00:04, 16.09it/s]
Epoch 30/50 [Train]:  86%|████████▌ | 394/459 [00:30<00:04, 16.15it/s]
Epoch 30/50 [Train]:  86%|████████▋ | 396/459 [00:31<00:03, 16.12it/s]
Epoch 30/50 [Train]:  87%|████████▋ | 398/459 [00:31<00:03, 16.18it/s]
Epoch 30/50 [Train]:  87%|████████▋ | 400/459 [00:31<00:03, 16.33it/s]
Epoch 30/50 [Train]:  88%|████████▊ | 402/459 [00:31<00:03, 15.90it/s]
Epoch 30/50 [Train]:  88%|████████▊ | 404/459 [00:31<00:03, 15.98it/s]
Epoch 30/50 [Train]:  88%|████████▊ | 406/459 [00:31<00:03, 15.79it/s]
Epoch 30/50 [Train]:  89%|████████▉ | 408/459 [00:31<00:03, 15.54it/s]
Epoch 30/50 [Train]:  89%|████████▉ | 410/459 [00:31<00:03, 15.17it/s]
Epoch 30/50 [Train]:  90%|████████▉ | 412/459 [00:32<00:03, 14.34it/s]
Epoch 30/50 [Train]:  90%|█████████ | 414/459 [00:32<00:03, 14.39it/s]
Epoch 30/50 [Train]:  91%|█████████ | 416/459 [00:32<00:03, 14.21it/s]
Epoch 30/50 [Train]:  91%|█████████ | 418/459 [00:32<00:02, 14.55it/s]
Epoch 30/50 [Train]:  92%|█████████▏| 420/459 [00:32<00:02, 15.05it/s]
Epoch 30/50 [Train]:  92%|█████████▏| 422/459 [00:32<00:02, 15.29it/s]
Epoch 30/50 [Train]:  92%|█████████▏| 424/459 [00:32<00:02, 15.38it/s]
Epoch 30/50 [Train]:  93%|█████████▎| 426/459 [00:33<00:02, 15.45it/s]
Epoch 30/50 [Train]:  93%|█████████▎| 428/459 [00:33<00:01, 15.53it/s]
Epoch 30/50 [Train]:  94%|█████████▎| 430/459 [00:33<00:01, 15.63it/s]
Epoch 30/50 [Train]:  94%|█████████▍| 432/459 [00:33<00:01, 15.89it/s]
Epoch 30/50 [Train]:  95%|█████████▍| 434/459 [00:33<00:01, 15.91it/s]
Epoch 30/50 [Train]:  95%|█████████▍| 436/459 [00:33<00:01, 16.00it/s]
Epoch 30/50 [Train]:  95%|█████████▌| 438/459 [00:33<00:01, 16.12it/s]
Epoch 30/50 [Train]:  96%|█████████▌| 440/459 [00:33<00:01, 16.08it/s]
Epoch 30/50 [Train]:  96%|█████████▋| 442/459 [00:34<00:01, 16.06it/s]
Epoch 30/50 [Train]:  97%|█████████▋| 444/459 [00:34<00:00, 15.83it/s]
Epoch 30/50 [Train]:  97%|█████████▋| 446/459 [00:34<00:00, 15.88it/s]
Epoch 30/50 [Train]:  98%|█████████▊| 448/459 [00:34<00:00, 15.88it/s]
Epoch 30/50 [Train]:  98%|█████████▊| 450/459 [00:34<00:00, 15.83it/s]
Epoch 30/50 [Train]:  98%|█████████▊| 452/459 [00:34<00:00, 15.72it/s]
Epoch 30/50 [Train]:  99%|█████████▉| 454/459 [00:34<00:00, 15.55it/s]
Epoch 30/50 [Train]:  99%|█████████▉| 456/459 [00:34<00:00, 15.67it/s]
Epoch 30/50 [Train]: 100%|█████████▉| 458/459 [00:35<00:00, 15.69it/s]
                                                                      

Epoch 30/50 [Val]:   0%|          | 0/113 [00:00<?, ?it/s]
Epoch 30/50 [Val]:   2%|▏         | 2/113 [00:00<00:06, 16.51it/s]
Epoch 30/50 [Val]:   4%|▎         | 4/113 [00:00<00:06, 16.66it/s]
Epoch 30/50 [Val]:   5%|▌         | 6/113 [00:00<00:06, 16.47it/s]
Epoch 30/50 [Val]:   7%|▋         | 8/113 [00:00<00:06, 16.47it/s]
Epoch 30/50 [Val]:   9%|▉         | 10/113 [00:00<00:06, 16.57it/s]
Epoch 30/50 [Val]:  11%|█         | 12/113 [00:00<00:06, 16.58it/s]
Epoch 30/50 [Val]:  12%|█▏        | 14/113 [00:00<00:06, 16.49it/s]
Epoch 30/50 [Val]:  14%|█▍        | 16/113 [00:00<00:06, 15.79it/s]
Epoch 30/50 [Val]:  16%|█▌        | 18/113 [00:01<00:06, 15.43it/s]
Epoch 30/50 [Val]:  18%|█▊        | 20/113 [00:01<00:06, 15.11it/s]
Epoch 30/50 [Val]:  19%|█▉        | 22/113 [00:01<00:06, 15.07it/s]
Epoch 30/50 [Val]:  21%|██        | 24/113 [00:01<00:06, 14.76it/s]
Epoch 30/50 [Val]:  23%|██▎       | 26/113 [00:01<00:05, 14.96it/s]
Epoch 30/50 [Val]:  25%|██▍       | 28/113 [00:01<00:05, 15.03it/s]
Epoch 30/50 [Val]:  27%|██▋       | 30/113 [00:01<00:06, 13.05it/s]
Epoch 30/50 [Val]:  28%|██▊       | 32/113 [00:02<00:07, 11.13it/s]
Epoch 30/50 [Val]:  30%|███       | 34/113 [00:02<00:07,  9.94it/s]
Epoch 30/50 [Val]:  32%|███▏      | 36/113 [00:02<00:07,  9.81it/s]
Epoch 30/50 [Val]:  34%|███▎      | 38/113 [00:02<00:07, 10.03it/s]
Epoch 30/50 [Val]:  35%|███▌      | 40/113 [00:03<00:07,  9.83it/s]
Epoch 30/50 [Val]:  37%|███▋      | 42/113 [00:03<00:07,  9.22it/s]
Epoch 30/50 [Val]:  38%|███▊      | 43/113 [00:03<00:07,  9.09it/s]
Epoch 30/50 [Val]:  39%|███▉      | 44/113 [00:03<00:07,  8.80it/s]
Epoch 30/50 [Val]:  40%|███▉      | 45/113 [00:03<00:08,  8.32it/s]
Epoch 30/50 [Val]:  42%|████▏     | 47/113 [00:03<00:07,  8.68it/s]
Epoch 30/50 [Val]:  42%|████▏     | 48/113 [00:04<00:07,  8.19it/s]
Epoch 30/50 [Val]:  43%|████▎     | 49/113 [00:04<00:07,  8.21it/s]
Epoch 30/50 [Val]:  44%|████▍     | 50/113 [00:04<00:07,  8.33it/s]
Epoch 30/50 [Val]:  45%|████▌     | 51/113 [00:04<00:07,  7.86it/s]
Epoch 30/50 [Val]:  46%|████▌     | 52/113 [00:04<00:07,  7.91it/s]
Epoch 30/50 [Val]:  47%|████▋     | 53/113 [00:04<00:07,  8.36it/s]
Epoch 30/50 [Val]:  48%|████▊     | 54/113 [00:04<00:07,  8.24it/s]
Epoch 30/50 [Val]:  50%|████▉     | 56/113 [00:04<00:05,  9.88it/s]
Epoch 30/50 [Val]:  50%|█████     | 57/113 [00:05<00:06,  8.48it/s]
Epoch 30/50 [Val]:  52%|█████▏    | 59/113 [00:05<00:06,  8.62it/s]
Epoch 30/50 [Val]:  53%|█████▎    | 60/113 [00:05<00:06,  8.29it/s]
Epoch 30/50 [Val]:  54%|█████▍    | 61/113 [00:05<00:06,  8.33it/s]
Epoch 30/50 [Val]:  55%|█████▍    | 62/113 [00:05<00:05,  8.52it/s]
Epoch 30/50 [Val]:  56%|█████▌    | 63/113 [00:05<00:06,  8.02it/s]
Epoch 30/50 [Val]:  57%|█████▋    | 64/113 [00:06<00:06,  7.97it/s]
Epoch 30/50 [Val]:  58%|█████▊    | 65/113 [00:06<00:06,  7.09it/s]
Epoch 30/50 [Val]:  58%|█████▊    | 66/113 [00:06<00:06,  6.89it/s]
Epoch 30/50 [Val]:  59%|█████▉    | 67/113 [00:06<00:07,  6.34it/s]
Epoch 30/50 [Val]:  60%|██████    | 68/113 [00:06<00:06,  6.87it/s]
Epoch 30/50 [Val]:  61%|██████    | 69/113 [00:06<00:06,  7.10it/s]
Epoch 30/50 [Val]:  62%|██████▏   | 70/113 [00:06<00:05,  7.35it/s]
Epoch 30/50 [Val]:  63%|██████▎   | 71/113 [00:07<00:05,  7.80it/s]
Epoch 30/50 [Val]:  64%|██████▎   | 72/113 [00:07<00:05,  7.82it/s]
Epoch 30/50 [Val]:  65%|██████▌   | 74/113 [00:07<00:05,  7.28it/s]
Epoch 30/50 [Val]:  66%|██████▋   | 75/113 [00:07<00:05,  7.27it/s]
Epoch 30/50 [Val]:  67%|██████▋   | 76/113 [00:07<00:05,  7.25it/s]
Epoch 30/50 [Val]:  69%|██████▉   | 78/113 [00:07<00:04,  8.40it/s]
Epoch 30/50 [Val]:  70%|██████▉   | 79/113 [00:08<00:04,  8.42it/s]
Epoch 30/50 [Val]:  71%|███████   | 80/113 [00:08<00:04,  8.04it/s]
Epoch 30/50 [Val]:  73%|███████▎  | 82/113 [00:08<00:03,  9.73it/s]
Epoch 30/50 [Val]:  74%|███████▍  | 84/113 [00:08<00:02, 11.53it/s]
Epoch 30/50 [Val]:  76%|███████▌  | 86/113 [00:08<00:02, 12.72it/s]
Epoch 30/50 [Val]:  78%|███████▊  | 88/113 [00:08<00:01, 13.45it/s]
Epoch 30/50 [Val]:  80%|███████▉  | 90/113 [00:08<00:01, 14.31it/s]
Epoch 30/50 [Val]:  81%|████████▏ | 92/113 [00:08<00:01, 14.99it/s]
Epoch 30/50 [Val]:  83%|████████▎ | 94/113 [00:09<00:01, 15.22it/s]
Epoch 30/50 [Val]:  85%|████████▍ | 96/113 [00:09<00:01, 15.83it/s]
Epoch 30/50 [Val]:  87%|████████▋ | 98/113 [00:09<00:00, 15.95it/s]
Epoch 30/50 [Val]:  88%|████████▊ | 100/113 [00:09<00:00, 15.55it/s]
Epoch 30/50 [Val]:  90%|█████████ | 102/113 [00:09<00:00, 15.51it/s]
Epoch 30/50 [Val]:  92%|█████████▏| 104/113 [00:09<00:00, 16.22it/s]
Epoch 30/50 [Val]:  94%|█████████▍| 106/113 [00:09<00:00, 16.51it/s]
Epoch 30/50 [Val]:  96%|█████████▌| 108/113 [00:09<00:00, 17.05it/s]
Epoch 30/50 [Val]:  97%|█████████▋| 110/113 [00:10<00:00, 17.21it/s]
Epoch 30/50 [Val]:  99%|█████████▉| 112/113 [00:10<00:00, 17.41it/s]
                                                                    

Epoch 31/50 [Train]:   0%|          | 0/459 [00:00<?, ?it/s]
Epoch 31/50 [Train]:   0%|          | 2/459 [00:00<00:31, 14.66it/s]
Epoch 31/50 [Train]:   1%|          | 4/459 [00:00<00:30, 15.12it/s]
Epoch 31/50 [Train]:   1%|▏         | 6/459 [00:00<00:29, 15.45it/s]
Epoch 31/50 [Train]:   2%|▏         | 8/459 [00:00<00:29, 15.51it/s]
Epoch 31/50 [Train]:   2%|▏         | 10/459 [00:00<00:28, 15.64it/s]
Epoch 31/50 [Train]:   3%|▎         | 12/459 [00:00<00:28, 15.72it/s]
Epoch 31/50 [Train]:   3%|▎         | 14/459 [00:00<00:28, 15.81it/s]
Epoch 31/50 [Train]:   3%|▎         | 16/459 [00:01<00:27, 15.91it/s]
Epoch 31/50 [Train]:   4%|▍         | 18/459 [00:01<00:27, 15.97it/s]
Epoch 31/50 [Train]:   4%|▍         | 20/459 [00:01<00:27, 15.99it/s]
Epoch 31/50 [Train]:   5%|▍         | 22/459 [00:01<00:27, 16.12it/s]
Epoch 31/50 [Train]:   5%|▌         | 24/459 [00:01<00:27, 15.95it/s]
Epoch 31/50 [Train]:   6%|▌         | 26/459 [00:01<00:26, 16.17it/s]
Epoch 31/50 [Train]:   6%|▌         | 28/459 [00:01<00:26, 16.12it/s]
Epoch 31/50 [Train]:   7%|▋         | 30/459 [00:01<00:26, 16.01it/s]
Epoch 31/50 [Train]:   7%|▋         | 32/459 [00:02<00:27, 15.73it/s]
Epoch 31/50 [Train]:   7%|▋         | 34/459 [00:02<00:28, 14.93it/s]
Epoch 31/50 [Train]:   8%|▊         | 36/459 [00:02<00:29, 14.51it/s]
Epoch 31/50 [Train]:   8%|▊         | 38/459 [00:02<00:29, 14.29it/s]
Epoch 31/50 [Train]:   9%|▊         | 40/459 [00:02<00:29, 14.26it/s]
Epoch 31/50 [Train]:   9%|▉         | 42/459 [00:02<00:28, 14.71it/s]
Epoch 31/50 [Train]:  10%|▉         | 44/459 [00:02<00:27, 15.01it/s]
Epoch 31/50 [Train]:  10%|█         | 46/459 [00:02<00:26, 15.35it/s]
Epoch 31/50 [Train]:  10%|█         | 48/459 [00:03<00:26, 15.52it/s]
Epoch 31/50 [Train]:  11%|█         | 50/459 [00:03<00:25, 15.74it/s]
Epoch 31/50 [Train]:  11%|█▏        | 52/459 [00:03<00:25, 15.95it/s]
Epoch 31/50 [Train]:  12%|█▏        | 54/459 [00:03<00:25, 15.96it/s]
Epoch 31/50 [Train]:  12%|█▏        | 56/459 [00:03<00:25, 16.01it/s]
Epoch 31/50 [Train]:  13%|█▎        | 58/459 [00:03<00:25, 15.83it/s]
Epoch 31/50 [Train]:  13%|█▎        | 60/459 [00:03<00:27, 14.74it/s]
Epoch 31/50 [Train]:  14%|█▎        | 62/459 [00:04<00:27, 14.19it/s]
Epoch 31/50 [Train]:  14%|█▍        | 64/459 [00:04<00:27, 14.48it/s]
Epoch 31/50 [Train]:  14%|█▍        | 66/459 [00:04<00:26, 14.82it/s]
Epoch 31/50 [Train]:  15%|█▍        | 68/459 [00:04<00:26, 15.00it/s]
Epoch 31/50 [Train]:  15%|█▌        | 70/459 [00:04<00:25, 15.32it/s]
Epoch 31/50 [Train]:  16%|█▌        | 72/459 [00:04<00:24, 15.53it/s]
Epoch 31/50 [Train]:  16%|█▌        | 74/459 [00:04<00:24, 15.42it/s]
Epoch 31/50 [Train]:  17%|█▋        | 76/459 [00:04<00:24, 15.46it/s]
Epoch 31/50 [Train]:  17%|█▋        | 78/459 [00:05<00:24, 15.62it/s]
Epoch 31/50 [Train]:  17%|█▋        | 80/459 [00:05<00:24, 15.66it/s]
Epoch 31/50 [Train]:  18%|█▊        | 82/459 [00:05<00:23, 15.84it/s]
Epoch 31/50 [Train]:  18%|█▊        | 84/459 [00:05<00:23, 15.77it/s]
Epoch 31/50 [Train]:  19%|█▊        | 86/459 [00:05<00:23, 15.83it/s]
Epoch 31/50 [Train]:  19%|█▉        | 88/459 [00:05<00:23, 15.89it/s]
Epoch 31/50 [Train]:  20%|█▉        | 90/459 [00:05<00:23, 15.75it/s]
Epoch 31/50 [Train]:  20%|██        | 92/459 [00:05<00:23, 15.62it/s]
Epoch 31/50 [Train]:  20%|██        | 94/459 [00:06<00:23, 15.74it/s]
Epoch 31/50 [Train]:  21%|██        | 96/459 [00:06<00:22, 15.82it/s]
Epoch 31/50 [Train]:  21%|██▏       | 98/459 [00:06<00:23, 15.66it/s]
Epoch 31/50 [Train]:  22%|██▏       | 100/459 [00:06<00:22, 15.66it/s]
Epoch 31/50 [Train]:  22%|██▏       | 102/459 [00:06<00:23, 15.40it/s]
Epoch 31/50 [Train]:  23%|██▎       | 104/459 [00:06<00:22, 15.46it/s]
Epoch 31/50 [Train]:  23%|██▎       | 106/459 [00:06<00:22, 15.46it/s]
Epoch 31/50 [Train]:  24%|██▎       | 108/459 [00:06<00:23, 15.25it/s]
Epoch 31/50 [Train]:  24%|██▍       | 110/459 [00:07<00:23, 15.00it/s]
Epoch 31/50 [Train]:  24%|██▍       | 112/459 [00:07<00:23, 15.03it/s]
Epoch 31/50 [Train]:  25%|██▍       | 114/459 [00:07<00:22, 15.21it/s]
Epoch 31/50 [Train]:  25%|██▌       | 116/459 [00:07<00:22, 15.47it/s]
Epoch 31/50 [Train]:  26%|██▌       | 118/459 [00:07<00:21, 15.56it/s]
Epoch 31/50 [Train]:  26%|██▌       | 120/459 [00:07<00:21, 15.45it/s]
Epoch 31/50 [Train]:  27%|██▋       | 122/459 [00:07<00:21, 15.48it/s]
Epoch 31/50 [Train]:  27%|██▋       | 124/459 [00:08<00:21, 15.68it/s]
Epoch 31/50 [Train]:  27%|██▋       | 126/459 [00:08<00:21, 15.82it/s]
Epoch 31/50 [Train]:  28%|██▊       | 128/459 [00:08<00:21, 15.67it/s]
Epoch 31/50 [Train]:  28%|██▊       | 130/459 [00:08<00:21, 15.35it/s]
Epoch 31/50 [Train]:  29%|██▉       | 132/459 [00:08<00:21, 15.24it/s]
Epoch 31/50 [Train]:  29%|██▉       | 134/459 [00:08<00:21, 14.87it/s]
Epoch 31/50 [Train]:  30%|██▉       | 136/459 [00:08<00:22, 14.61it/s]
Epoch 31/50 [Train]:  30%|███       | 138/459 [00:08<00:21, 14.70it/s]
Epoch 31/50 [Train]:  31%|███       | 140/459 [00:09<00:22, 14.35it/s]
Epoch 31/50 [Train]:  31%|███       | 142/459 [00:09<00:22, 14.34it/s]
Epoch 31/50 [Train]:  31%|███▏      | 144/459 [00:09<00:21, 14.49it/s]
Epoch 31/50 [Train]:  32%|███▏      | 146/459 [00:09<00:20, 14.96it/s]
Epoch 31/50 [Train]:  32%|███▏      | 148/459 [00:09<00:20, 15.26it/s]
Epoch 31/50 [Train]:  33%|███▎      | 150/459 [00:09<00:19, 15.51it/s]
Epoch 31/50 [Train]:  33%|███▎      | 152/459 [00:09<00:19, 15.69it/s]
Epoch 31/50 [Train]:  34%|███▎      | 154/459 [00:10<00:19, 15.88it/s]
Epoch 31/50 [Train]:  34%|███▍      | 156/459 [00:10<00:18, 15.96it/s]
Epoch 31/50 [Train]:  34%|███▍      | 158/459 [00:10<00:18, 16.05it/s]
Epoch 31/50 [Train]:  35%|███▍      | 160/459 [00:10<00:18, 16.07it/s]
Epoch 31/50 [Train]:  35%|███▌      | 162/459 [00:10<00:18, 16.07it/s]
Epoch 31/50 [Train]:  36%|███▌      | 164/459 [00:10<00:18, 16.15it/s]
Epoch 31/50 [Train]:  36%|███▌      | 166/459 [00:10<00:18, 16.22it/s]
Epoch 31/50 [Train]:  37%|███▋      | 168/459 [00:10<00:17, 16.19it/s]
Epoch 31/50 [Train]:  37%|███▋      | 170/459 [00:10<00:18, 16.03it/s]
Epoch 31/50 [Train]:  37%|███▋      | 172/459 [00:11<00:17, 16.05it/s]
Epoch 31/50 [Train]:  38%|███▊      | 174/459 [00:11<00:17, 16.24it/s]
Epoch 31/50 [Train]:  38%|███▊      | 176/459 [00:11<00:17, 16.25it/s]
Epoch 31/50 [Train]:  39%|███▉      | 178/459 [00:11<00:17, 16.20it/s]
Epoch 31/50 [Train]:  39%|███▉      | 180/459 [00:11<00:17, 16.28it/s]
Epoch 31/50 [Train]:  40%|███▉      | 182/459 [00:11<00:17, 16.17it/s]
Epoch 31/50 [Train]:  40%|████      | 184/459 [00:11<00:17, 16.10it/s]
Epoch 31/50 [Train]:  41%|████      | 186/459 [00:11<00:17, 15.96it/s]
Epoch 31/50 [Train]:  41%|████      | 188/459 [00:12<00:17, 15.88it/s]
Epoch 31/50 [Train]:  41%|████▏     | 190/459 [00:12<00:17, 14.99it/s]
Epoch 31/50 [Train]:  42%|████▏     | 192/459 [00:12<00:18, 14.62it/s]
Epoch 31/50 [Train]:  42%|████▏     | 194/459 [00:12<00:18, 14.68it/s]
Epoch 31/50 [Train]:  43%|████▎     | 196/459 [00:12<00:17, 14.97it/s]
Epoch 31/50 [Train]:  43%|████▎     | 198/459 [00:12<00:17, 15.16it/s]
Epoch 31/50 [Train]:  44%|████▎     | 200/459 [00:12<00:16, 15.54it/s]
Epoch 31/50 [Train]:  44%|████▍     | 202/459 [00:13<00:16, 15.76it/s]
Epoch 31/50 [Train]:  44%|████▍     | 204/459 [00:13<00:16, 15.86it/s]
Epoch 31/50 [Train]:  45%|████▍     | 206/459 [00:13<00:15, 15.99it/s]
Epoch 31/50 [Train]:  45%|████▌     | 208/459 [00:13<00:15, 16.00it/s]
Epoch 31/50 [Train]:  46%|████▌     | 210/459 [00:13<00:15, 16.10it/s]
Epoch 31/50 [Train]:  46%|████▌     | 212/459 [00:13<00:15, 16.17it/s]
Epoch 31/50 [Train]:  47%|████▋     | 214/459 [00:13<00:15, 16.11it/s]
Epoch 31/50 [Train]:  47%|████▋     | 216/459 [00:13<00:15, 16.00it/s]
Epoch 31/50 [Train]:  47%|████▋     | 218/459 [00:14<00:15, 15.92it/s]
Epoch 31/50 [Train]:  48%|████▊     | 220/459 [00:14<00:15, 15.51it/s]
Epoch 31/50 [Train]:  48%|████▊     | 222/459 [00:14<00:15, 15.45it/s]
Epoch 31/50 [Train]:  49%|████▉     | 224/459 [00:14<00:15, 15.40it/s]
Epoch 31/50 [Train]:  49%|████▉     | 226/459 [00:14<00:15, 15.36it/s]
Epoch 31/50 [Train]:  50%|████▉     | 228/459 [00:14<00:15, 15.39it/s]
Epoch 31/50 [Train]:  50%|█████     | 230/459 [00:14<00:15, 15.20it/s]
Epoch 31/50 [Train]:  51%|█████     | 232/459 [00:14<00:14, 15.22it/s]
Epoch 31/50 [Train]:  51%|█████     | 234/459 [00:15<00:14, 15.43it/s]
Epoch 31/50 [Train]:  51%|█████▏    | 236/459 [00:15<00:14, 15.41it/s]
Epoch 31/50 [Train]:  52%|█████▏    | 238/459 [00:15<00:14, 15.48it/s]
Epoch 31/50 [Train]:  52%|█████▏    | 240/459 [00:15<00:14, 15.59it/s]
Epoch 31/50 [Train]:  53%|█████▎    | 242/459 [00:15<00:13, 15.60it/s]
Epoch 31/50 [Train]:  53%|█████▎    | 244/459 [00:15<00:13, 15.68it/s]
Epoch 31/50 [Train]:  54%|█████▎    | 246/459 [00:15<00:13, 15.53it/s]
Epoch 31/50 [Train]:  54%|█████▍    | 248/459 [00:15<00:13, 15.65it/s]
Epoch 31/50 [Train]:  54%|█████▍    | 250/459 [00:16<00:13, 15.49it/s]
Epoch 31/50 [Train]:  55%|█████▍    | 252/459 [00:16<00:13, 15.51it/s]
Epoch 31/50 [Train]:  55%|█████▌    | 254/459 [00:16<00:13, 15.69it/s]
Epoch 31/50 [Train]:  56%|█████▌    | 256/459 [00:16<00:12, 15.85it/s]
Epoch 31/50 [Train]:  56%|█████▌    | 258/459 [00:16<00:12, 15.64it/s]
Epoch 31/50 [Train]:  57%|█████▋    | 260/459 [00:16<00:12, 15.56it/s]
Epoch 31/50 [Train]:  57%|█████▋    | 262/459 [00:16<00:12, 15.42it/s]
Epoch 31/50 [Train]:  58%|█████▊    | 264/459 [00:17<00:12, 15.47it/s]
Epoch 31/50 [Train]:  58%|█████▊    | 266/459 [00:17<00:12, 15.47it/s]
Epoch 31/50 [Train]:  58%|█████▊    | 268/459 [00:17<00:12, 15.48it/s]
Epoch 31/50 [Train]:  59%|█████▉    | 270/459 [00:17<00:12, 15.64it/s]
Epoch 31/50 [Train]:  59%|█████▉    | 272/459 [00:17<00:11, 15.59it/s]
Epoch 31/50 [Train]:  60%|█████▉    | 274/459 [00:17<00:11, 15.49it/s]
Epoch 31/50 [Train]:  60%|██████    | 276/459 [00:17<00:11, 15.67it/s]
Epoch 31/50 [Train]:  61%|██████    | 278/459 [00:17<00:11, 15.55it/s]
Epoch 31/50 [Train]:  61%|██████    | 280/459 [00:18<00:11, 15.56it/s]
Epoch 31/50 [Train]:  61%|██████▏   | 282/459 [00:18<00:11, 15.65it/s]
Epoch 31/50 [Train]:  62%|██████▏   | 284/459 [00:18<00:11, 15.64it/s]
Epoch 31/50 [Train]:  62%|██████▏   | 286/459 [00:18<00:11, 15.63it/s]
Epoch 31/50 [Train]:  63%|██████▎   | 288/459 [00:18<00:10, 15.74it/s]
Epoch 31/50 [Train]:  63%|██████▎   | 290/459 [00:18<00:10, 15.70it/s]
Epoch 31/50 [Train]:  64%|██████▎   | 292/459 [00:18<00:10, 15.37it/s]
Epoch 31/50 [Train]:  64%|██████▍   | 294/459 [00:18<00:10, 15.32it/s]
Epoch 31/50 [Train]:  64%|██████▍   | 296/459 [00:19<00:10, 15.45it/s]
Epoch 31/50 [Train]:  65%|██████▍   | 298/459 [00:19<00:10, 15.46it/s]
Epoch 31/50 [Train]:  65%|██████▌   | 300/459 [00:19<00:10, 15.40it/s]
Epoch 31/50 [Train]:  66%|██████▌   | 302/459 [00:19<00:10, 15.50it/s]
Epoch 31/50 [Train]:  66%|██████▌   | 304/459 [00:19<00:10, 15.45it/s]
Epoch 31/50 [Train]:  67%|██████▋   | 306/459 [00:19<00:09, 15.65it/s]
Epoch 31/50 [Train]:  67%|██████▋   | 308/459 [00:19<00:09, 15.67it/s]
Epoch 31/50 [Train]:  68%|██████▊   | 310/459 [00:19<00:09, 15.63it/s]
Epoch 31/50 [Train]:  68%|██████▊   | 312/459 [00:20<00:09, 15.51it/s]
Epoch 31/50 [Train]:  68%|██████▊   | 314/459 [00:20<00:09, 15.69it/s]
Epoch 31/50 [Train]:  69%|██████▉   | 316/459 [00:20<00:09, 15.78it/s]
Epoch 31/50 [Train]:  69%|██████▉   | 318/459 [00:20<00:08, 15.85it/s]
Epoch 31/50 [Train]:  70%|██████▉   | 320/459 [00:20<00:08, 15.61it/s]
Epoch 31/50 [Train]:  70%|███████   | 322/459 [00:20<00:08, 15.64it/s]
Epoch 31/50 [Train]:  71%|███████   | 324/459 [00:20<00:08, 15.66it/s]
Epoch 31/50 [Train]:  71%|███████   | 326/459 [00:20<00:08, 15.65it/s]
Epoch 31/50 [Train]:  71%|███████▏  | 328/459 [00:21<00:08, 15.63it/s]
Epoch 31/50 [Train]:  72%|███████▏  | 330/459 [00:21<00:08, 15.77it/s]
Epoch 31/50 [Train]:  72%|███████▏  | 332/459 [00:21<00:08, 15.85it/s]
Epoch 31/50 [Train]:  73%|███████▎  | 334/459 [00:21<00:07, 15.85it/s]
Epoch 31/50 [Train]:  73%|███████▎  | 336/459 [00:21<00:07, 15.76it/s]
Epoch 31/50 [Train]:  74%|███████▎  | 338/459 [00:21<00:07, 15.68it/s]
Epoch 31/50 [Train]:  74%|███████▍  | 340/459 [00:21<00:07, 15.51it/s]
Epoch 31/50 [Train]:  75%|███████▍  | 342/459 [00:22<00:07, 15.55it/s]
Epoch 31/50 [Train]:  75%|███████▍  | 344/459 [00:22<00:07, 15.50it/s]
Epoch 31/50 [Train]:  75%|███████▌  | 346/459 [00:22<00:07, 15.53it/s]
Epoch 31/50 [Train]:  76%|███████▌  | 348/459 [00:22<00:07, 15.26it/s]
Epoch 31/50 [Train]:  76%|███████▋  | 350/459 [00:22<00:07, 15.36it/s]
Epoch 31/50 [Train]:  77%|███████▋  | 352/459 [00:22<00:06, 15.47it/s]
Epoch 31/50 [Train]:  77%|███████▋  | 354/459 [00:22<00:06, 15.63it/s]
Epoch 31/50 [Train]:  78%|███████▊  | 356/459 [00:22<00:06, 15.54it/s]
Epoch 31/50 [Train]:  78%|███████▊  | 358/459 [00:23<00:06, 15.56it/s]
Epoch 31/50 [Train]:  78%|███████▊  | 360/459 [00:23<00:06, 15.53it/s]
Epoch 31/50 [Train]:  79%|███████▉  | 362/459 [00:23<00:06, 15.49it/s]
Epoch 31/50 [Train]:  79%|███████▉  | 364/459 [00:23<00:06, 15.51it/s]
Epoch 31/50 [Train]:  80%|███████▉  | 366/459 [00:23<00:05, 15.69it/s]
Epoch 31/50 [Train]:  80%|████████  | 368/459 [00:23<00:05, 15.79it/s]
Epoch 31/50 [Train]:  81%|████████  | 370/459 [00:23<00:05, 15.58it/s]
Epoch 31/50 [Train]:  81%|████████  | 372/459 [00:23<00:05, 15.78it/s]
Epoch 31/50 [Train]:  81%|████████▏ | 374/459 [00:24<00:05, 15.60it/s]
Epoch 31/50 [Train]:  82%|████████▏ | 376/459 [00:24<00:05, 15.61it/s]
Epoch 31/50 [Train]:  82%|████████▏ | 378/459 [00:24<00:05, 15.80it/s]
Epoch 31/50 [Train]:  83%|████████▎ | 380/459 [00:24<00:04, 15.92it/s]
Epoch 31/50 [Train]:  83%|████████▎ | 382/459 [00:24<00:04, 16.13it/s]
Epoch 31/50 [Train]:  84%|████████▎ | 384/459 [00:24<00:04, 16.14it/s]
Epoch 31/50 [Train]:  84%|████████▍ | 386/459 [00:24<00:04, 16.02it/s]
Epoch 31/50 [Train]:  85%|████████▍ | 388/459 [00:24<00:04, 15.97it/s]
Epoch 31/50 [Train]:  85%|████████▍ | 390/459 [00:25<00:04, 16.00it/s]
Epoch 31/50 [Train]:  85%|████████▌ | 392/459 [00:25<00:04, 16.08it/s]
Epoch 31/50 [Train]:  86%|████████▌ | 394/459 [00:25<00:04, 16.14it/s]
Epoch 31/50 [Train]:  86%|████████▋ | 396/459 [00:25<00:03, 16.25it/s]
Epoch 31/50 [Train]:  87%|████████▋ | 398/459 [00:25<00:03, 16.29it/s]
Epoch 31/50 [Train]:  87%|████████▋ | 400/459 [00:25<00:03, 16.19it/s]
Epoch 31/50 [Train]:  88%|████████▊ | 402/459 [00:25<00:03, 16.01it/s]
Epoch 31/50 [Train]:  88%|████████▊ | 404/459 [00:25<00:03, 16.01it/s]
Epoch 31/50 [Train]:  88%|████████▊ | 406/459 [00:26<00:03, 15.98it/s]
Epoch 31/50 [Train]:  89%|████████▉ | 408/459 [00:26<00:03, 16.01it/s]
Epoch 31/50 [Train]:  89%|████████▉ | 410/459 [00:26<00:03, 16.14it/s]
Epoch 31/50 [Train]:  90%|████████▉ | 412/459 [00:26<00:02, 16.28it/s]
Epoch 31/50 [Train]:  90%|█████████ | 414/459 [00:26<00:02, 16.33it/s]
Epoch 31/50 [Train]:  91%|█████████ | 416/459 [00:26<00:02, 16.23it/s]
Epoch 31/50 [Train]:  91%|█████████ | 418/459 [00:26<00:02, 16.12it/s]
Epoch 31/50 [Train]:  92%|█████████▏| 420/459 [00:26<00:02, 16.12it/s]
Epoch 31/50 [Train]:  92%|█████████▏| 422/459 [00:27<00:02, 16.12it/s]
Epoch 31/50 [Train]:  92%|█████████▏| 424/459 [00:27<00:02, 16.22it/s]
Epoch 31/50 [Train]:  93%|█████████▎| 426/459 [00:27<00:02, 16.39it/s]
Epoch 31/50 [Train]:  93%|█████████▎| 428/459 [00:27<00:01, 16.32it/s]
Epoch 31/50 [Train]:  94%|█████████▎| 430/459 [00:27<00:01, 16.26it/s]
Epoch 31/50 [Train]:  94%|█████████▍| 432/459 [00:27<00:01, 16.25it/s]
Epoch 31/50 [Train]:  95%|█████████▍| 434/459 [00:27<00:01, 16.22it/s]
Epoch 31/50 [Train]:  95%|█████████▍| 436/459 [00:27<00:01, 16.20it/s]
Epoch 31/50 [Train]:  95%|█████████▌| 438/459 [00:28<00:01, 16.36it/s]
Epoch 31/50 [Train]:  96%|█████████▌| 440/459 [00:28<00:01, 16.42it/s]
Epoch 31/50 [Train]:  96%|█████████▋| 442/459 [00:28<00:01, 16.37it/s]
Epoch 31/50 [Train]:  97%|█████████▋| 444/459 [00:28<00:00, 16.50it/s]
Epoch 31/50 [Train]:  97%|█████████▋| 446/459 [00:28<00:00, 16.30it/s]
Epoch 31/50 [Train]:  98%|█████████▊| 448/459 [00:28<00:00, 16.31it/s]
Epoch 31/50 [Train]:  98%|█████████▊| 450/459 [00:28<00:00, 16.16it/s]
Epoch 31/50 [Train]:  98%|█████████▊| 452/459 [00:28<00:00, 16.23it/s]
Epoch 31/50 [Train]:  99%|█████████▉| 454/459 [00:29<00:00, 16.17it/s]
Epoch 31/50 [Train]:  99%|█████████▉| 456/459 [00:29<00:00, 16.29it/s]
Epoch 31/50 [Train]: 100%|█████████▉| 458/459 [00:29<00:00, 16.31it/s]
                                                                      

Epoch 31/50 [Val]:   0%|          | 0/113 [00:00<?, ?it/s]
Epoch 31/50 [Val]:   2%|▏         | 2/113 [00:00<00:06, 17.50it/s]
Epoch 31/50 [Val]:   4%|▎         | 4/113 [00:00<00:06, 17.24it/s]
Epoch 31/50 [Val]:   5%|▌         | 6/113 [00:00<00:06, 17.20it/s]
Epoch 31/50 [Val]:   7%|▋         | 8/113 [00:00<00:06, 17.27it/s]
Epoch 31/50 [Val]:   9%|▉         | 10/113 [00:00<00:05, 17.61it/s]
Epoch 31/50 [Val]:  11%|█         | 12/113 [00:00<00:05, 17.69it/s]
Epoch 31/50 [Val]:  12%|█▏        | 14/113 [00:00<00:05, 17.63it/s]
Epoch 31/50 [Val]:  14%|█▍        | 16/113 [00:00<00:05, 16.78it/s]
Epoch 31/50 [Val]:  16%|█▌        | 18/113 [00:01<00:05, 16.36it/s]
Epoch 31/50 [Val]:  18%|█▊        | 20/113 [00:01<00:05, 15.97it/s]
Epoch 31/50 [Val]:  19%|█▉        | 22/113 [00:01<00:05, 15.73it/s]
Epoch 31/50 [Val]:  21%|██        | 24/113 [00:01<00:05, 15.72it/s]
Epoch 31/50 [Val]:  23%|██▎       | 26/113 [00:01<00:05, 15.84it/s]
Epoch 31/50 [Val]:  25%|██▍       | 28/113 [00:01<00:05, 15.98it/s]
Epoch 31/50 [Val]:  27%|██▋       | 30/113 [00:01<00:05, 16.19it/s]
Epoch 31/50 [Val]:  28%|██▊       | 32/113 [00:01<00:04, 16.46it/s]
Epoch 31/50 [Val]:  30%|███       | 34/113 [00:02<00:04, 16.76it/s]
Epoch 31/50 [Val]:  32%|███▏      | 36/113 [00:02<00:04, 17.19it/s]
Epoch 31/50 [Val]:  34%|███▎      | 38/113 [00:02<00:04, 17.45it/s]
Epoch 31/50 [Val]:  35%|███▌      | 40/113 [00:02<00:04, 17.51it/s]
Epoch 31/50 [Val]:  37%|███▋      | 42/113 [00:02<00:04, 17.51it/s]
Epoch 31/50 [Val]:  39%|███▉      | 44/113 [00:02<00:03, 17.35it/s]
Epoch 31/50 [Val]:  41%|████      | 46/113 [00:02<00:03, 16.99it/s]
Epoch 31/50 [Val]:  42%|████▏     | 48/113 [00:02<00:03, 16.99it/s]
Epoch 31/50 [Val]:  44%|████▍     | 50/113 [00:02<00:03, 17.27it/s]
Epoch 31/50 [Val]:  46%|████▌     | 52/113 [00:03<00:03, 17.57it/s]
Epoch 31/50 [Val]:  48%|████▊     | 54/113 [00:03<00:03, 17.87it/s]
Epoch 31/50 [Val]:  50%|████▉     | 56/113 [00:03<00:03, 17.74it/s]
Epoch 31/50 [Val]:  51%|█████▏    | 58/113 [00:03<00:03, 17.05it/s]
Epoch 31/50 [Val]:  53%|█████▎    | 60/113 [00:03<00:03, 17.40it/s]
Epoch 31/50 [Val]:  55%|█████▍    | 62/113 [00:03<00:02, 17.27it/s]
Epoch 31/50 [Val]:  57%|█████▋    | 64/113 [00:03<00:02, 17.23it/s]
Epoch 31/50 [Val]:  58%|█████▊    | 66/113 [00:03<00:02, 16.92it/s]
Epoch 31/50 [Val]:  60%|██████    | 68/113 [00:04<00:02, 16.77it/s]
Epoch 31/50 [Val]:  62%|██████▏   | 70/113 [00:04<00:02, 17.11it/s]
Epoch 31/50 [Val]:  64%|██████▎   | 72/113 [00:04<00:02, 17.36it/s]
Epoch 31/50 [Val]:  65%|██████▌   | 74/113 [00:04<00:02, 17.52it/s]
Epoch 31/50 [Val]:  67%|██████▋   | 76/113 [00:04<00:02, 17.45it/s]
Epoch 31/50 [Val]:  69%|██████▉   | 78/113 [00:04<00:02, 17.31it/s]
Epoch 31/50 [Val]:  71%|███████   | 80/113 [00:04<00:01, 17.22it/s]
Epoch 31/50 [Val]:  73%|███████▎  | 82/113 [00:04<00:01, 17.15it/s]
Epoch 31/50 [Val]:  74%|███████▍  | 84/113 [00:04<00:01, 17.24it/s]
Epoch 31/50 [Val]:  76%|███████▌  | 86/113 [00:05<00:01, 17.33it/s]
Epoch 31/50 [Val]:  78%|███████▊  | 88/113 [00:05<00:01, 17.30it/s]
Epoch 31/50 [Val]:  80%|███████▉  | 90/113 [00:05<00:01, 17.52it/s]
Epoch 31/50 [Val]:  81%|████████▏ | 92/113 [00:05<00:01, 17.65it/s]
Epoch 31/50 [Val]:  83%|████████▎ | 94/113 [00:05<00:01, 17.60it/s]
Epoch 31/50 [Val]:  85%|████████▍ | 96/113 [00:05<00:00, 17.85it/s]
Epoch 31/50 [Val]:  87%|████████▋ | 98/113 [00:05<00:00, 17.83it/s]
Epoch 31/50 [Val]:  88%|████████▊ | 100/113 [00:05<00:00, 17.57it/s]
Epoch 31/50 [Val]:  90%|█████████ | 102/113 [00:05<00:00, 17.34it/s]
Epoch 31/50 [Val]:  92%|█████████▏| 104/113 [00:06<00:00, 17.67it/s]
Epoch 31/50 [Val]:  94%|█████████▍| 106/113 [00:06<00:00, 17.71it/s]
Epoch 31/50 [Val]:  96%|█████████▌| 108/113 [00:06<00:00, 17.83it/s]
Epoch 31/50 [Val]:  97%|█████████▋| 110/113 [00:06<00:00, 17.89it/s]
Epoch 31/50 [Val]:  99%|█████████▉| 112/113 [00:06<00:00, 17.73it/s]
                                                                    

Epoch 32/50 [Train]:   0%|          | 0/459 [00:00<?, ?it/s]
Epoch 32/50 [Train]:   0%|          | 2/459 [00:00<00:29, 15.41it/s]
Epoch 32/50 [Train]:   1%|          | 4/459 [00:00<00:29, 15.51it/s]
Epoch 32/50 [Train]:   1%|▏         | 6/459 [00:00<00:28, 15.72it/s]
Epoch 32/50 [Train]:   2%|▏         | 8/459 [00:00<00:28, 15.96it/s]
Epoch 32/50 [Train]:   2%|▏         | 10/459 [00:00<00:28, 16.00it/s]
Epoch 32/50 [Train]:   3%|▎         | 12/459 [00:00<00:28, 15.95it/s]
Epoch 32/50 [Train]:   3%|▎         | 14/459 [00:00<00:27, 16.19it/s]
Epoch 32/50 [Train]:   3%|▎         | 16/459 [00:01<00:27, 16.12it/s]
Epoch 32/50 [Train]:   4%|▍         | 18/459 [00:01<00:27, 16.21it/s]
Epoch 32/50 [Train]:   4%|▍         | 20/459 [00:01<00:27, 16.06it/s]
Epoch 32/50 [Train]:   5%|▍         | 22/459 [00:01<00:26, 16.23it/s]
Epoch 32/50 [Train]:   5%|▌         | 24/459 [00:01<00:26, 16.19it/s]
Epoch 32/50 [Train]:   6%|▌         | 26/459 [00:01<00:26, 16.10it/s]
Epoch 32/50 [Train]:   6%|▌         | 28/459 [00:01<00:26, 16.12it/s]
Epoch 32/50 [Train]:   7%|▋         | 30/459 [00:01<00:26, 15.99it/s]
Epoch 32/50 [Train]:   7%|▋         | 32/459 [00:01<00:26, 16.04it/s]
Epoch 32/50 [Train]:   7%|▋         | 34/459 [00:02<00:26, 16.10it/s]
Epoch 32/50 [Train]:   8%|▊         | 36/459 [00:02<00:26, 16.06it/s]
Epoch 32/50 [Train]:   8%|▊         | 38/459 [00:02<00:26, 16.13it/s]
Epoch 32/50 [Train]:   9%|▊         | 40/459 [00:02<00:25, 16.19it/s]
Epoch 32/50 [Train]:   9%|▉         | 42/459 [00:02<00:25, 16.23it/s]
Epoch 32/50 [Train]:  10%|▉         | 44/459 [00:02<00:25, 16.22it/s]
Epoch 32/50 [Train]:  10%|█         | 46/459 [00:02<00:25, 16.24it/s]
Epoch 32/50 [Train]:  10%|█         | 48/459 [00:02<00:25, 16.22it/s]
Epoch 32/50 [Train]:  11%|█         | 50/459 [00:03<00:25, 16.17it/s]
Epoch 32/50 [Train]:  11%|█▏        | 52/459 [00:03<00:25, 16.17it/s]
Epoch 32/50 [Train]:  12%|█▏        | 54/459 [00:03<00:24, 16.24it/s]
Epoch 32/50 [Train]:  12%|█▏        | 56/459 [00:03<00:24, 16.26it/s]
Epoch 32/50 [Train]:  13%|█▎        | 58/459 [00:03<00:24, 16.34it/s]
Epoch 32/50 [Train]:  13%|█▎        | 60/459 [00:03<00:24, 16.32it/s]
Epoch 32/50 [Train]:  14%|█▎        | 62/459 [00:03<00:24, 16.34it/s]
Epoch 32/50 [Train]:  14%|█▍        | 64/459 [00:03<00:24, 16.22it/s]
Epoch 32/50 [Train]:  14%|█▍        | 66/459 [00:04<00:24, 16.21it/s]
Epoch 32/50 [Train]:  15%|█▍        | 68/459 [00:04<00:24, 16.16it/s]
Epoch 32/50 [Train]:  15%|█▌        | 70/459 [00:04<00:24, 16.06it/s]
Epoch 32/50 [Train]:  16%|█▌        | 72/459 [00:04<00:24, 16.02it/s]
Epoch 32/50 [Train]:  16%|█▌        | 74/459 [00:04<00:23, 16.17it/s]
Epoch 32/50 [Train]:  17%|█▋        | 76/459 [00:04<00:23, 16.14it/s]
Epoch 32/50 [Train]:  17%|█▋        | 78/459 [00:04<00:23, 16.06it/s]
Epoch 32/50 [Train]:  17%|█▋        | 80/459 [00:04<00:23, 16.05it/s]
Epoch 32/50 [Train]:  18%|█▊        | 82/459 [00:05<00:23, 16.11it/s]
Epoch 32/50 [Train]:  18%|█▊        | 84/459 [00:05<00:23, 16.13it/s]
Epoch 32/50 [Train]:  19%|█▊        | 86/459 [00:05<00:23, 16.10it/s]
Epoch 32/50 [Train]:  19%|█▉        | 88/459 [00:05<00:22, 16.18it/s]
Epoch 32/50 [Train]:  20%|█▉        | 90/459 [00:05<00:22, 16.26it/s]
Epoch 32/50 [Train]:  20%|██        | 92/459 [00:05<00:22, 16.27it/s]
Epoch 32/50 [Train]:  20%|██        | 94/459 [00:05<00:22, 16.30it/s]
Epoch 32/50 [Train]:  21%|██        | 96/459 [00:05<00:22, 16.16it/s]
Epoch 32/50 [Train]:  21%|██▏       | 98/459 [00:06<00:22, 16.13it/s]
Epoch 32/50 [Train]:  22%|██▏       | 100/459 [00:06<00:22, 16.11it/s]
Epoch 32/50 [Train]:  22%|██▏       | 102/459 [00:06<00:22, 16.11it/s]
Epoch 32/50 [Train]:  23%|██▎       | 104/459 [00:06<00:22, 15.96it/s]
Epoch 32/50 [Train]:  23%|██▎       | 106/459 [00:06<00:22, 16.00it/s]
Epoch 32/50 [Train]:  24%|██▎       | 108/459 [00:06<00:21, 16.01it/s]
Epoch 32/50 [Train]:  24%|██▍       | 110/459 [00:06<00:21, 16.02it/s]
Epoch 32/50 [Train]:  24%|██▍       | 112/459 [00:06<00:21, 15.98it/s]
Epoch 32/50 [Train]:  25%|██▍       | 114/459 [00:07<00:21, 16.06it/s]
Epoch 32/50 [Train]:  25%|██▌       | 116/459 [00:07<00:21, 16.04it/s]
Epoch 32/50 [Train]:  26%|██▌       | 118/459 [00:07<00:21, 16.06it/s]
Epoch 32/50 [Train]:  26%|██▌       | 120/459 [00:07<00:21, 16.08it/s]
Epoch 32/50 [Train]:  27%|██▋       | 122/459 [00:07<00:20, 16.07it/s]
Epoch 32/50 [Train]:  27%|██▋       | 124/459 [00:07<00:20, 16.11it/s]
Epoch 32/50 [Train]:  27%|██▋       | 126/459 [00:07<00:20, 16.25it/s]
Epoch 32/50 [Train]:  28%|██▊       | 128/459 [00:07<00:20, 16.28it/s]
Epoch 32/50 [Train]:  28%|██▊       | 130/459 [00:08<00:20, 16.26it/s]
Epoch 32/50 [Train]:  29%|██▉       | 132/459 [00:08<00:20, 16.19it/s]
Epoch 32/50 [Train]:  29%|██▉       | 134/459 [00:08<00:20, 16.13it/s]
Epoch 32/50 [Train]:  30%|██▉       | 136/459 [00:08<00:19, 16.27it/s]
Epoch 32/50 [Train]:  30%|███       | 138/459 [00:08<00:19, 16.30it/s]
Epoch 32/50 [Train]:  31%|███       | 140/459 [00:08<00:19, 16.33it/s]
Epoch 32/50 [Train]:  31%|███       | 142/459 [00:08<00:19, 16.36it/s]
Epoch 32/50 [Train]:  31%|███▏      | 144/459 [00:08<00:19, 16.32it/s]
Epoch 32/50 [Train]:  32%|███▏      | 146/459 [00:09<00:19, 16.26it/s]
Epoch 32/50 [Train]:  32%|███▏      | 148/459 [00:09<00:19, 16.18it/s]
Epoch 32/50 [Train]:  33%|███▎      | 150/459 [00:09<00:19, 16.03it/s]
Epoch 32/50 [Train]:  33%|███▎      | 152/459 [00:09<00:18, 16.17it/s]
Epoch 32/50 [Train]:  34%|███▎      | 154/459 [00:09<00:18, 16.19it/s]
Epoch 32/50 [Train]:  34%|███▍      | 156/459 [00:09<00:18, 16.31it/s]
Epoch 32/50 [Train]:  34%|███▍      | 158/459 [00:09<00:18, 16.22it/s]
Epoch 32/50 [Train]:  35%|███▍      | 160/459 [00:09<00:18, 16.25it/s]
Epoch 32/50 [Train]:  35%|███▌      | 162/459 [00:10<00:18, 16.20it/s]
Epoch 32/50 [Train]:  36%|███▌      | 164/459 [00:10<00:18, 16.31it/s]
Epoch 32/50 [Train]:  36%|███▌      | 166/459 [00:10<00:18, 16.09it/s]
Epoch 32/50 [Train]:  37%|███▋      | 168/459 [00:10<00:17, 16.21it/s]
Epoch 32/50 [Train]:  37%|███▋      | 170/459 [00:10<00:17, 16.23it/s]
Epoch 32/50 [Train]:  37%|███▋      | 172/459 [00:10<00:17, 16.20it/s]
Epoch 32/50 [Train]:  38%|███▊      | 174/459 [00:10<00:17, 16.15it/s]
Epoch 32/50 [Train]:  38%|███▊      | 176/459 [00:10<00:17, 16.19it/s]
Epoch 32/50 [Train]:  39%|███▉      | 178/459 [00:11<00:17, 16.07it/s]
Epoch 32/50 [Train]:  39%|███▉      | 180/459 [00:11<00:17, 16.14it/s]
Epoch 32/50 [Train]:  40%|███▉      | 182/459 [00:11<00:17, 16.24it/s]
Epoch 32/50 [Train]:  40%|████      | 184/459 [00:11<00:16, 16.24it/s]
Epoch 32/50 [Train]:  41%|████      | 186/459 [00:11<00:16, 16.28it/s]
Epoch 32/50 [Train]:  41%|████      | 188/459 [00:11<00:16, 16.35it/s]
Epoch 32/50 [Train]:  41%|████▏     | 190/459 [00:11<00:16, 16.29it/s]
Epoch 32/50 [Train]:  42%|████▏     | 192/459 [00:11<00:16, 16.38it/s]
Epoch 32/50 [Train]:  42%|████▏     | 194/459 [00:12<00:16, 16.28it/s]
Epoch 32/50 [Train]:  43%|████▎     | 196/459 [00:12<00:16, 16.24it/s]
Epoch 32/50 [Train]:  43%|████▎     | 198/459 [00:12<00:16, 16.28it/s]
Epoch 32/50 [Train]:  44%|████▎     | 200/459 [00:12<00:15, 16.42it/s]
Epoch 32/50 [Train]:  44%|████▍     | 202/459 [00:12<00:15, 16.38it/s]
Epoch 32/50 [Train]:  44%|████▍     | 204/459 [00:12<00:15, 16.32it/s]
Epoch 32/50 [Train]:  45%|████▍     | 206/459 [00:12<00:15, 16.15it/s]
Epoch 32/50 [Train]:  45%|████▌     | 208/459 [00:12<00:15, 16.31it/s]
Epoch 32/50 [Train]:  46%|████▌     | 210/459 [00:12<00:15, 16.28it/s]
Epoch 32/50 [Train]:  46%|████▌     | 212/459 [00:13<00:15, 16.33it/s]
Epoch 32/50 [Train]:  47%|████▋     | 214/459 [00:13<00:15, 16.22it/s]
Epoch 32/50 [Train]:  47%|████▋     | 216/459 [00:13<00:15, 16.19it/s]
Epoch 32/50 [Train]:  47%|████▋     | 218/459 [00:13<00:14, 16.33it/s]
Epoch 32/50 [Train]:  48%|████▊     | 220/459 [00:13<00:14, 16.40it/s]
Epoch 32/50 [Train]:  48%|████▊     | 222/459 [00:13<00:14, 16.28it/s]
Epoch 32/50 [Train]:  49%|████▉     | 224/459 [00:13<00:14, 16.26it/s]
Epoch 32/50 [Train]:  49%|████▉     | 226/459 [00:13<00:14, 16.07it/s]
Epoch 32/50 [Train]:  50%|████▉     | 228/459 [00:14<00:14, 16.25it/s]
Epoch 32/50 [Train]:  50%|█████     | 230/459 [00:14<00:13, 16.36it/s]
Epoch 32/50 [Train]:  51%|█████     | 232/459 [00:14<00:14, 16.20it/s]
Epoch 32/50 [Train]:  51%|█████     | 234/459 [00:14<00:13, 16.34it/s]
Epoch 32/50 [Train]:  51%|█████▏    | 236/459 [00:14<00:13, 16.28it/s]
Epoch 32/50 [Train]:  52%|█████▏    | 238/459 [00:14<00:13, 16.30it/s]
Epoch 32/50 [Train]:  52%|█████▏    | 240/459 [00:14<00:13, 16.25it/s]
Epoch 32/50 [Train]:  53%|█████▎    | 242/459 [00:14<00:13, 16.22it/s]
Epoch 32/50 [Train]:  53%|█████▎    | 244/459 [00:15<00:13, 16.19it/s]
Epoch 32/50 [Train]:  54%|█████▎    | 246/459 [00:15<00:13, 16.15it/s]
Epoch 32/50 [Train]:  54%|█████▍    | 248/459 [00:15<00:13, 16.05it/s]
Epoch 32/50 [Train]:  54%|█████▍    | 250/459 [00:15<00:13, 16.07it/s]
Epoch 32/50 [Train]:  55%|█████▍    | 252/459 [00:15<00:12, 16.17it/s]
Epoch 32/50 [Train]:  55%|█████▌    | 254/459 [00:15<00:12, 16.14it/s]
Epoch 32/50 [Train]:  56%|█████▌    | 256/459 [00:15<00:12, 16.17it/s]
Epoch 32/50 [Train]:  56%|█████▌    | 258/459 [00:15<00:12, 16.18it/s]
Epoch 32/50 [Train]:  57%|█████▋    | 260/459 [00:16<00:12, 16.19it/s]
Epoch 32/50 [Train]:  57%|█████▋    | 262/459 [00:16<00:12, 16.25it/s]
Epoch 32/50 [Train]:  58%|█████▊    | 264/459 [00:16<00:11, 16.39it/s]
Epoch 32/50 [Train]:  58%|█████▊    | 266/459 [00:16<00:11, 16.42it/s]
Epoch 32/50 [Train]:  58%|█████▊    | 268/459 [00:16<00:11, 16.38it/s]
Epoch 32/50 [Train]:  59%|█████▉    | 270/459 [00:16<00:11, 16.39it/s]
Epoch 32/50 [Train]:  59%|█████▉    | 272/459 [00:16<00:11, 16.23it/s]
Epoch 32/50 [Train]:  60%|█████▉    | 274/459 [00:16<00:11, 16.25it/s]
Epoch 32/50 [Train]:  60%|██████    | 276/459 [00:17<00:11, 16.02it/s]
Epoch 32/50 [Train]:  61%|██████    | 278/459 [00:17<00:11, 16.20it/s]
Epoch 32/50 [Train]:  61%|██████    | 280/459 [00:17<00:11, 16.15it/s]
Epoch 32/50 [Train]:  61%|██████▏   | 282/459 [00:17<00:10, 16.14it/s]
Epoch 32/50 [Train]:  62%|██████▏   | 284/459 [00:17<00:10, 16.05it/s]
Epoch 32/50 [Train]:  62%|██████▏   | 286/459 [00:17<00:10, 16.16it/s]
Epoch 32/50 [Train]:  63%|██████▎   | 288/459 [00:17<00:10, 16.19it/s]
Epoch 32/50 [Train]:  63%|██████▎   | 290/459 [00:17<00:10, 16.34it/s]
Epoch 32/50 [Train]:  64%|██████▎   | 292/459 [00:18<00:10, 16.23it/s]
Epoch 32/50 [Train]:  64%|██████▍   | 294/459 [00:18<00:10, 16.30it/s]
Epoch 32/50 [Train]:  64%|██████▍   | 296/459 [00:18<00:10, 16.28it/s]
Epoch 32/50 [Train]:  65%|██████▍   | 298/459 [00:18<00:09, 16.19it/s]
Epoch 32/50 [Train]:  65%|██████▌   | 300/459 [00:18<00:09, 16.25it/s]
Epoch 32/50 [Train]:  66%|██████▌   | 302/459 [00:18<00:09, 16.30it/s]
Epoch 32/50 [Train]:  66%|██████▌   | 304/459 [00:18<00:09, 16.20it/s]
Epoch 32/50 [Train]:  67%|██████▋   | 306/459 [00:18<00:09, 16.28it/s]
Epoch 32/50 [Train]:  67%|██████▋   | 308/459 [00:19<00:09, 16.16it/s]
Epoch 32/50 [Train]:  68%|██████▊   | 310/459 [00:19<00:09, 16.11it/s]
Epoch 32/50 [Train]:  68%|██████▊   | 312/459 [00:19<00:09, 16.05it/s]
Epoch 32/50 [Train]:  68%|██████▊   | 314/459 [00:19<00:09, 16.10it/s]
Epoch 32/50 [Train]:  69%|██████▉   | 316/459 [00:19<00:08, 16.18it/s]
Epoch 32/50 [Train]:  69%|██████▉   | 318/459 [00:19<00:08, 16.21it/s]
Epoch 32/50 [Train]:  70%|██████▉   | 320/459 [00:19<00:08, 16.20it/s]
Epoch 32/50 [Train]:  70%|███████   | 322/459 [00:19<00:08, 16.03it/s]
Epoch 32/50 [Train]:  71%|███████   | 324/459 [00:20<00:08, 15.98it/s]
Epoch 32/50 [Train]:  71%|███████   | 326/459 [00:20<00:08, 16.13it/s]
Epoch 32/50 [Train]:  71%|███████▏  | 328/459 [00:20<00:08, 16.13it/s]
Epoch 32/50 [Train]:  72%|███████▏  | 330/459 [00:20<00:08, 15.94it/s]
Epoch 32/50 [Train]:  72%|███████▏  | 332/459 [00:20<00:07, 16.04it/s]
Epoch 32/50 [Train]:  73%|███████▎  | 334/459 [00:20<00:07, 15.99it/s]
Epoch 32/50 [Train]:  73%|███████▎  | 336/459 [00:20<00:07, 16.00it/s]
Epoch 32/50 [Train]:  74%|███████▎  | 338/459 [00:20<00:07, 15.93it/s]
Epoch 32/50 [Train]:  74%|███████▍  | 340/459 [00:21<00:07, 15.83it/s]
Epoch 32/50 [Train]:  75%|███████▍  | 342/459 [00:21<00:07, 15.94it/s]
Epoch 32/50 [Train]:  75%|███████▍  | 344/459 [00:21<00:07, 15.81it/s]
Epoch 32/50 [Train]:  75%|███████▌  | 346/459 [00:21<00:07, 15.95it/s]
Epoch 32/50 [Train]:  76%|███████▌  | 348/459 [00:21<00:06, 15.89it/s]
Epoch 32/50 [Train]:  76%|███████▋  | 350/459 [00:21<00:06, 15.94it/s]
Epoch 32/50 [Train]:  77%|███████▋  | 352/459 [00:21<00:06, 16.03it/s]
Epoch 32/50 [Train]:  77%|███████▋  | 354/459 [00:21<00:06, 16.15it/s]
Epoch 32/50 [Train]:  78%|███████▊  | 356/459 [00:22<00:06, 16.07it/s]
Epoch 32/50 [Train]:  78%|███████▊  | 358/459 [00:22<00:06, 16.17it/s]
Epoch 32/50 [Train]:  78%|███████▊  | 360/459 [00:22<00:06, 16.04it/s]
Epoch 32/50 [Train]:  79%|███████▉  | 362/459 [00:22<00:06, 16.10it/s]
Epoch 32/50 [Train]:  79%|███████▉  | 364/459 [00:22<00:05, 16.15it/s]
Epoch 32/50 [Train]:  80%|███████▉  | 366/459 [00:22<00:05, 16.11it/s]
Epoch 32/50 [Train]:  80%|████████  | 368/459 [00:22<00:05, 16.14it/s]
Epoch 32/50 [Train]:  81%|████████  | 370/459 [00:22<00:05, 16.23it/s]
Epoch 32/50 [Train]:  81%|████████  | 372/459 [00:23<00:05, 16.14it/s]
Epoch 32/50 [Train]:  81%|████████▏ | 374/459 [00:23<00:05, 16.23it/s]
Epoch 32/50 [Train]:  82%|████████▏ | 376/459 [00:23<00:05, 16.03it/s]
Epoch 32/50 [Train]:  82%|████████▏ | 378/459 [00:23<00:05, 16.03it/s]
Epoch 32/50 [Train]:  83%|████████▎ | 380/459 [00:23<00:04, 16.04it/s]
Epoch 32/50 [Train]:  83%|████████▎ | 382/459 [00:23<00:04, 16.07it/s]
Epoch 32/50 [Train]:  84%|████████▎ | 384/459 [00:23<00:04, 16.05it/s]
Epoch 32/50 [Train]:  84%|████████▍ | 386/459 [00:23<00:04, 15.93it/s]
Epoch 32/50 [Train]:  85%|████████▍ | 388/459 [00:24<00:04, 15.78it/s]
Epoch 32/50 [Train]:  85%|████████▍ | 390/459 [00:24<00:04, 15.80it/s]
Epoch 32/50 [Train]:  85%|████████▌ | 392/459 [00:24<00:04, 15.94it/s]
Epoch 32/50 [Train]:  86%|████████▌ | 394/459 [00:24<00:04, 16.00it/s]
Epoch 32/50 [Train]:  86%|████████▋ | 396/459 [00:24<00:03, 16.04it/s]
Epoch 32/50 [Train]:  87%|████████▋ | 398/459 [00:24<00:03, 16.15it/s]
Epoch 32/50 [Train]:  87%|████████▋ | 400/459 [00:24<00:03, 16.26it/s]
Epoch 32/50 [Train]:  88%|████████▊ | 402/459 [00:24<00:03, 16.07it/s]
Epoch 32/50 [Train]:  88%|████████▊ | 404/459 [00:25<00:03, 16.12it/s]
Epoch 32/50 [Train]:  88%|████████▊ | 406/459 [00:25<00:03, 16.21it/s]
Epoch 32/50 [Train]:  89%|████████▉ | 408/459 [00:25<00:03, 16.31it/s]
Epoch 32/50 [Train]:  89%|████████▉ | 410/459 [00:25<00:03, 16.24it/s]
Epoch 32/50 [Train]:  90%|████████▉ | 412/459 [00:25<00:02, 16.21it/s]
Epoch 32/50 [Train]:  90%|█████████ | 414/459 [00:25<00:02, 16.21it/s]
Epoch 32/50 [Train]:  91%|█████████ | 416/459 [00:25<00:02, 16.19it/s]
Epoch 32/50 [Train]:  91%|█████████ | 418/459 [00:25<00:02, 16.27it/s]
Epoch 32/50 [Train]:  92%|█████████▏| 420/459 [00:25<00:02, 16.08it/s]
Epoch 32/50 [Train]:  92%|█████████▏| 422/459 [00:26<00:02, 16.08it/s]
Epoch 32/50 [Train]:  92%|█████████▏| 424/459 [00:26<00:02, 16.12it/s]
Epoch 32/50 [Train]:  93%|█████████▎| 426/459 [00:26<00:02, 16.20it/s]
Epoch 32/50 [Train]:  93%|█████████▎| 428/459 [00:26<00:01, 16.31it/s]
Epoch 32/50 [Train]:  94%|█████████▎| 430/459 [00:26<00:01, 16.33it/s]
Epoch 32/50 [Train]:  94%|█████████▍| 432/459 [00:26<00:01, 16.46it/s]
Epoch 32/50 [Train]:  95%|█████████▍| 434/459 [00:26<00:01, 16.37it/s]
Epoch 32/50 [Train]:  95%|█████████▍| 436/459 [00:26<00:01, 16.35it/s]
Epoch 32/50 [Train]:  95%|█████████▌| 438/459 [00:27<00:01, 16.24it/s]
Epoch 32/50 [Train]:  96%|█████████▌| 440/459 [00:27<00:01, 16.20it/s]
Epoch 32/50 [Train]:  96%|█████████▋| 442/459 [00:27<00:01, 16.25it/s]
Epoch 32/50 [Train]:  97%|█████████▋| 444/459 [00:27<00:00, 16.17it/s]
Epoch 32/50 [Train]:  97%|█████████▋| 446/459 [00:27<00:00, 16.16it/s]
Epoch 32/50 [Train]:  98%|█████████▊| 448/459 [00:27<00:00, 16.17it/s]
Epoch 32/50 [Train]:  98%|█████████▊| 450/459 [00:27<00:00, 16.21it/s]
Epoch 32/50 [Train]:  98%|█████████▊| 452/459 [00:27<00:00, 16.11it/s]
Epoch 32/50 [Train]:  99%|█████████▉| 454/459 [00:28<00:00, 16.17it/s]
Epoch 32/50 [Train]:  99%|█████████▉| 456/459 [00:28<00:00, 16.21it/s]
Epoch 32/50 [Train]: 100%|█████████▉| 458/459 [00:28<00:00, 16.13it/s]
                                                                      

Epoch 32/50 [Val]:   0%|          | 0/113 [00:00<?, ?it/s]
Epoch 32/50 [Val]:   2%|▏         | 2/113 [00:00<00:06, 17.09it/s]
Epoch 32/50 [Val]:   4%|▎         | 4/113 [00:00<00:06, 17.34it/s]
Epoch 32/50 [Val]:   5%|▌         | 6/113 [00:00<00:06, 17.11it/s]
Epoch 32/50 [Val]:   7%|▋         | 8/113 [00:00<00:06, 17.38it/s]
Epoch 32/50 [Val]:   9%|▉         | 10/113 [00:00<00:05, 17.73it/s]
Epoch 32/50 [Val]:  11%|█         | 12/113 [00:00<00:05, 17.84it/s]
Epoch 32/50 [Val]:  12%|█▏        | 14/113 [00:00<00:05, 17.76it/s]
Epoch 32/50 [Val]:  14%|█▍        | 16/113 [00:00<00:05, 16.94it/s]
Epoch 32/50 [Val]:  16%|█▌        | 18/113 [00:01<00:05, 16.36it/s]
Epoch 32/50 [Val]:  18%|█▊        | 20/113 [00:01<00:05, 16.09it/s]
Epoch 32/50 [Val]:  19%|█▉        | 22/113 [00:01<00:05, 15.76it/s]
Epoch 32/50 [Val]:  21%|██        | 24/113 [00:01<00:05, 15.64it/s]
Epoch 32/50 [Val]:  23%|██▎       | 26/113 [00:01<00:05, 15.77it/s]
Epoch 32/50 [Val]:  25%|██▍       | 28/113 [00:01<00:05, 16.03it/s]
Epoch 32/50 [Val]:  27%|██▋       | 30/113 [00:01<00:05, 16.44it/s]
Epoch 32/50 [Val]:  28%|██▊       | 32/113 [00:01<00:04, 16.65it/s]
Epoch 32/50 [Val]:  30%|███       | 34/113 [00:02<00:04, 16.74it/s]
Epoch 32/50 [Val]:  32%|███▏      | 36/113 [00:02<00:04, 17.03it/s]
Epoch 32/50 [Val]:  34%|███▎      | 38/113 [00:02<00:04, 17.32it/s]
Epoch 32/50 [Val]:  35%|███▌      | 40/113 [00:02<00:04, 17.37it/s]
Epoch 32/50 [Val]:  37%|███▋      | 42/113 [00:02<00:04, 17.55it/s]
Epoch 32/50 [Val]:  39%|███▉      | 44/113 [00:02<00:04, 17.14it/s]
Epoch 32/50 [Val]:  41%|████      | 46/113 [00:02<00:03, 16.98it/s]
Epoch 32/50 [Val]:  42%|████▏     | 48/113 [00:02<00:03, 16.99it/s]
Epoch 32/50 [Val]:  44%|████▍     | 50/113 [00:02<00:03, 17.25it/s]
Epoch 32/50 [Val]:  46%|████▌     | 52/113 [00:03<00:03, 17.53it/s]
Epoch 32/50 [Val]:  48%|████▊     | 54/113 [00:03<00:03, 17.75it/s]
Epoch 32/50 [Val]:  50%|████▉     | 56/113 [00:03<00:03, 17.63it/s]
Epoch 32/50 [Val]:  51%|█████▏    | 58/113 [00:03<00:03, 17.02it/s]
Epoch 32/50 [Val]:  53%|█████▎    | 60/113 [00:03<00:03, 17.34it/s]
Epoch 32/50 [Val]:  55%|█████▍    | 62/113 [00:03<00:02, 17.24it/s]
Epoch 32/50 [Val]:  57%|█████▋    | 64/113 [00:03<00:02, 17.40it/s]
Epoch 32/50 [Val]:  58%|█████▊    | 66/113 [00:03<00:02, 17.05it/s]
Epoch 32/50 [Val]:  60%|██████    | 68/113 [00:04<00:02, 16.75it/s]
Epoch 32/50 [Val]:  62%|██████▏   | 70/113 [00:04<00:02, 16.93it/s]
Epoch 32/50 [Val]:  64%|██████▎   | 72/113 [00:04<00:02, 17.17it/s]
Epoch 32/50 [Val]:  65%|██████▌   | 74/113 [00:04<00:02, 17.36it/s]
Epoch 32/50 [Val]:  67%|██████▋   | 76/113 [00:04<00:02, 17.41it/s]
Epoch 32/50 [Val]:  69%|██████▉   | 78/113 [00:04<00:02, 17.19it/s]
Epoch 32/50 [Val]:  71%|███████   | 80/113 [00:04<00:01, 17.14it/s]
Epoch 32/50 [Val]:  73%|███████▎  | 82/113 [00:04<00:01, 16.87it/s]
Epoch 32/50 [Val]:  74%|███████▍  | 84/113 [00:04<00:01, 16.90it/s]
Epoch 32/50 [Val]:  76%|███████▌  | 86/113 [00:05<00:01, 16.99it/s]
Epoch 32/50 [Val]:  78%|███████▊  | 88/113 [00:05<00:01, 16.91it/s]
Epoch 32/50 [Val]:  80%|███████▉  | 90/113 [00:05<00:01, 17.18it/s]
Epoch 32/50 [Val]:  81%|████████▏ | 92/113 [00:05<00:01, 17.27it/s]
Epoch 32/50 [Val]:  83%|████████▎ | 94/113 [00:05<00:01, 17.34it/s]
Epoch 32/50 [Val]:  85%|████████▍ | 96/113 [00:05<00:00, 17.60it/s]
Epoch 32/50 [Val]:  87%|████████▋ | 98/113 [00:05<00:00, 17.69it/s]
Epoch 32/50 [Val]:  88%|████████▊ | 100/113 [00:05<00:00, 17.29it/s]
Epoch 32/50 [Val]:  90%|█████████ | 102/113 [00:05<00:00, 16.96it/s]
Epoch 32/50 [Val]:  92%|█████████▏| 104/113 [00:06<00:00, 17.21it/s]
Epoch 32/50 [Val]:  94%|█████████▍| 106/113 [00:06<00:00, 17.31it/s]
Epoch 32/50 [Val]:  96%|█████████▌| 108/113 [00:06<00:00, 17.53it/s]
Epoch 32/50 [Val]:  97%|█████████▋| 110/113 [00:06<00:00, 17.55it/s]
Epoch 32/50 [Val]:  99%|█████████▉| 112/113 [00:06<00:00, 17.52it/s]
                                                                    

Epoch 33/50 [Train]:   0%|          | 0/459 [00:00<?, ?it/s]
Epoch 33/50 [Train]:   0%|          | 2/459 [00:00<00:29, 15.30it/s]
Epoch 33/50 [Train]:   1%|          | 4/459 [00:00<00:29, 15.61it/s]
Epoch 33/50 [Train]:   1%|▏         | 6/459 [00:00<00:28, 15.99it/s]
Epoch 33/50 [Train]:   2%|▏         | 8/459 [00:00<00:28, 16.01it/s]
Epoch 33/50 [Train]:   2%|▏         | 10/459 [00:00<00:27, 16.09it/s]
Epoch 33/50 [Train]:   3%|▎         | 12/459 [00:00<00:27, 16.18it/s]
Epoch 33/50 [Train]:   3%|▎         | 14/459 [00:00<00:27, 16.22it/s]
Epoch 33/50 [Train]:   3%|▎         | 16/459 [00:00<00:27, 16.21it/s]
Epoch 33/50 [Train]:   4%|▍         | 18/459 [00:01<00:27, 16.05it/s]
Epoch 33/50 [Train]:   4%|▍         | 20/459 [00:01<00:27, 15.99it/s]
Epoch 33/50 [Train]:   5%|▍         | 22/459 [00:01<00:27, 15.82it/s]
Epoch 33/50 [Train]:   5%|▌         | 24/459 [00:01<00:27, 15.88it/s]
Epoch 33/50 [Train]:   6%|▌         | 26/459 [00:01<00:27, 15.94it/s]
Epoch 33/50 [Train]:   6%|▌         | 28/459 [00:01<00:27, 15.94it/s]
Epoch 33/50 [Train]:   7%|▋         | 30/459 [00:01<00:26, 15.92it/s]
Epoch 33/50 [Train]:   7%|▋         | 32/459 [00:01<00:26, 16.08it/s]
Epoch 33/50 [Train]:   7%|▋         | 34/459 [00:02<00:26, 16.07it/s]
Epoch 33/50 [Train]:   8%|▊         | 36/459 [00:02<00:26, 16.11it/s]
Epoch 33/50 [Train]:   8%|▊         | 38/459 [00:02<00:26, 16.14it/s]
Epoch 33/50 [Train]:   9%|▊         | 40/459 [00:02<00:25, 16.18it/s]
Epoch 33/50 [Train]:   9%|▉         | 42/459 [00:02<00:25, 16.20it/s]
Epoch 33/50 [Train]:  10%|▉         | 44/459 [00:02<00:25, 16.13it/s]
Epoch 33/50 [Train]:  10%|█         | 46/459 [00:02<00:25, 16.12it/s]
Epoch 33/50 [Train]:  10%|█         | 48/459 [00:02<00:25, 16.03it/s]
Epoch 33/50 [Train]:  11%|█         | 50/459 [00:03<00:25, 16.11it/s]
Epoch 33/50 [Train]:  11%|█▏        | 52/459 [00:03<00:25, 15.95it/s]
Epoch 33/50 [Train]:  12%|█▏        | 54/459 [00:03<00:25, 15.86it/s]
Epoch 33/50 [Train]:  12%|█▏        | 56/459 [00:03<00:25, 16.06it/s]
Epoch 33/50 [Train]:  13%|█▎        | 58/459 [00:03<00:24, 16.09it/s]
Epoch 33/50 [Train]:  13%|█▎        | 60/459 [00:03<00:24, 16.18it/s]
Epoch 33/50 [Train]:  14%|█▎        | 62/459 [00:03<00:24, 16.10it/s]
Epoch 33/50 [Train]:  14%|█▍        | 64/459 [00:03<00:24, 16.17it/s]
Epoch 33/50 [Train]:  14%|█▍        | 66/459 [00:04<00:24, 16.24it/s]
Epoch 33/50 [Train]:  15%|█▍        | 68/459 [00:04<00:23, 16.34it/s]
Epoch 33/50 [Train]:  15%|█▌        | 70/459 [00:04<00:23, 16.32it/s]
Epoch 33/50 [Train]:  16%|█▌        | 72/459 [00:04<00:23, 16.23it/s]
Epoch 33/50 [Train]:  16%|█▌        | 74/459 [00:04<00:23, 16.26it/s]
Epoch 33/50 [Train]:  17%|█▋        | 76/459 [00:04<00:23, 16.30it/s]
Epoch 33/50 [Train]:  17%|█▋        | 78/459 [00:04<00:23, 16.18it/s]
Epoch 33/50 [Train]:  17%|█▋        | 80/459 [00:04<00:23, 16.14it/s]
Epoch 33/50 [Train]:  18%|█▊        | 82/459 [00:05<00:23, 16.03it/s]
Epoch 33/50 [Train]:  18%|█▊        | 84/459 [00:05<00:23, 16.18it/s]
Epoch 33/50 [Train]:  19%|█▊        | 86/459 [00:05<00:23, 16.10it/s]
Epoch 33/50 [Train]:  19%|█▉        | 88/459 [00:05<00:22, 16.19it/s]
Epoch 33/50 [Train]:  20%|█▉        | 90/459 [00:05<00:22, 16.19it/s]
Epoch 33/50 [Train]:  20%|██        | 92/459 [00:05<00:22, 16.21it/s]
Epoch 33/50 [Train]:  20%|██        | 94/459 [00:05<00:22, 16.05it/s]
Epoch 33/50 [Train]:  21%|██        | 96/459 [00:05<00:22, 15.96it/s]
Epoch 33/50 [Train]:  21%|██▏       | 98/459 [00:06<00:22, 16.01it/s]
Epoch 33/50 [Train]:  22%|██▏       | 100/459 [00:06<00:22, 16.21it/s]
Epoch 33/50 [Train]:  22%|██▏       | 102/459 [00:06<00:22, 16.15it/s]
Epoch 33/50 [Train]:  23%|██▎       | 104/459 [00:06<00:21, 16.18it/s]
Epoch 33/50 [Train]:  23%|██▎       | 106/459 [00:06<00:21, 16.19it/s]
Epoch 33/50 [Train]:  24%|██▎       | 108/459 [00:06<00:21, 16.21it/s]
Epoch 33/50 [Train]:  24%|██▍       | 110/459 [00:06<00:21, 16.14it/s]
Epoch 33/50 [Train]:  24%|██▍       | 112/459 [00:06<00:21, 15.98it/s]
Epoch 33/50 [Train]:  25%|██▍       | 114/459 [00:07<00:21, 16.16it/s]
Epoch 33/50 [Train]:  25%|██▌       | 116/459 [00:07<00:21, 16.10it/s]
Epoch 33/50 [Train]:  26%|██▌       | 118/459 [00:07<00:21, 16.22it/s]
Epoch 33/50 [Train]:  26%|██▌       | 120/459 [00:07<00:20, 16.23it/s]
Epoch 33/50 [Train]:  27%|██▋       | 122/459 [00:07<00:20, 16.30it/s]
Epoch 33/50 [Train]:  27%|██▋       | 124/459 [00:07<00:20, 16.29it/s]
Epoch 33/50 [Train]:  27%|██▋       | 126/459 [00:07<00:20, 16.22it/s]
Epoch 33/50 [Train]:  28%|██▊       | 128/459 [00:07<00:20, 16.21it/s]
Epoch 33/50 [Train]:  28%|██▊       | 130/459 [00:08<00:20, 16.18it/s]
Epoch 33/50 [Train]:  29%|██▉       | 132/459 [00:08<00:20, 16.17it/s]
Epoch 33/50 [Train]:  29%|██▉       | 134/459 [00:08<00:20, 16.23it/s]
Epoch 33/50 [Train]:  30%|██▉       | 136/459 [00:08<00:20, 16.15it/s]
Epoch 33/50 [Train]:  30%|███       | 138/459 [00:08<00:19, 16.08it/s]
Epoch 33/50 [Train]:  31%|███       | 140/459 [00:08<00:19, 16.06it/s]
Epoch 33/50 [Train]:  31%|███       | 142/459 [00:08<00:19, 15.85it/s]
Epoch 33/50 [Train]:  31%|███▏      | 144/459 [00:08<00:19, 15.99it/s]
Epoch 33/50 [Train]:  32%|███▏      | 146/459 [00:09<00:19, 15.69it/s]
Epoch 33/50 [Train]:  32%|███▏      | 148/459 [00:09<00:19, 15.79it/s]
Epoch 33/50 [Train]:  33%|███▎      | 150/459 [00:09<00:19, 15.82it/s]
Epoch 33/50 [Train]:  33%|███▎      | 152/459 [00:09<00:19, 15.84it/s]
Epoch 33/50 [Train]:  34%|███▎      | 154/459 [00:09<00:19, 15.87it/s]
Epoch 33/50 [Train]:  34%|███▍      | 156/459 [00:09<00:18, 16.07it/s]
Epoch 33/50 [Train]:  34%|███▍      | 158/459 [00:09<00:18, 16.11it/s]
Epoch 33/50 [Train]:  35%|███▍      | 160/459 [00:09<00:18, 16.15it/s]
Epoch 33/50 [Train]:  35%|███▌      | 162/459 [00:10<00:18, 16.07it/s]
Epoch 33/50 [Train]:  36%|███▌      | 164/459 [00:10<00:18, 16.05it/s]
Epoch 33/50 [Train]:  36%|███▌      | 166/459 [00:10<00:18, 16.12it/s]
Epoch 33/50 [Train]:  37%|███▋      | 168/459 [00:10<00:18, 16.05it/s]
Epoch 33/50 [Train]:  37%|███▋      | 170/459 [00:10<00:17, 16.15it/s]
Epoch 33/50 [Train]:  37%|███▋      | 172/459 [00:10<00:17, 16.21it/s]
Epoch 33/50 [Train]:  38%|███▊      | 174/459 [00:10<00:17, 16.19it/s]
Epoch 33/50 [Train]:  38%|███▊      | 176/459 [00:10<00:17, 16.20it/s]
Epoch 33/50 [Train]:  39%|███▉      | 178/459 [00:11<00:17, 16.01it/s]
Epoch 33/50 [Train]:  39%|███▉      | 180/459 [00:11<00:17, 16.06it/s]
Epoch 33/50 [Train]:  40%|███▉      | 182/459 [00:11<00:17, 16.15it/s]
Epoch 33/50 [Train]:  40%|████      | 184/459 [00:11<00:17, 16.14it/s]
Epoch 33/50 [Train]:  41%|████      | 186/459 [00:11<00:16, 16.17it/s]
Epoch 33/50 [Train]:  41%|████      | 188/459 [00:11<00:16, 16.09it/s]
Epoch 33/50 [Train]:  41%|████▏     | 190/459 [00:11<00:16, 16.10it/s]
Epoch 33/50 [Train]:  42%|████▏     | 192/459 [00:11<00:16, 16.12it/s]
Epoch 33/50 [Train]:  42%|████▏     | 194/459 [00:12<00:16, 15.81it/s]
Epoch 33/50 [Train]:  43%|████▎     | 196/459 [00:12<00:16, 16.03it/s]
Epoch 33/50 [Train]:  43%|████▎     | 198/459 [00:12<00:16, 15.93it/s]
Epoch 33/50 [Train]:  44%|████▎     | 200/459 [00:12<00:16, 16.04it/s]
Epoch 33/50 [Train]:  44%|████▍     | 202/459 [00:12<00:15, 16.19it/s]
Epoch 33/50 [Train]:  44%|████▍     | 204/459 [00:12<00:15, 16.26it/s]
Epoch 33/50 [Train]:  45%|████▍     | 206/459 [00:12<00:15, 16.15it/s]
Epoch 33/50 [Train]:  45%|████▌     | 208/459 [00:12<00:15, 16.13it/s]
Epoch 33/50 [Train]:  46%|████▌     | 210/459 [00:13<00:15, 16.14it/s]
Epoch 33/50 [Train]:  46%|████▌     | 212/459 [00:13<00:15, 16.07it/s]
Epoch 33/50 [Train]:  47%|████▋     | 214/459 [00:13<00:15, 16.02it/s]
Epoch 33/50 [Train]:  47%|████▋     | 216/459 [00:13<00:15, 16.10it/s]
Epoch 33/50 [Train]:  47%|████▋     | 218/459 [00:13<00:14, 16.08it/s]
Epoch 33/50 [Train]:  48%|████▊     | 220/459 [00:13<00:14, 16.07it/s]
Epoch 33/50 [Train]:  48%|████▊     | 222/459 [00:13<00:14, 16.09it/s]
Epoch 33/50 [Train]:  49%|████▉     | 224/459 [00:13<00:14, 16.09it/s]
Epoch 33/50 [Train]:  49%|████▉     | 226/459 [00:14<00:14, 16.07it/s]
Epoch 33/50 [Train]:  50%|████▉     | 228/459 [00:14<00:14, 16.14it/s]
Epoch 33/50 [Train]:  50%|█████     | 230/459 [00:14<00:14, 16.10it/s]
Epoch 33/50 [Train]:  51%|█████     | 232/459 [00:14<00:14, 16.02it/s]
Epoch 33/50 [Train]:  51%|█████     | 234/459 [00:14<00:14, 15.96it/s]
Epoch 33/50 [Train]:  51%|█████▏    | 236/459 [00:14<00:13, 16.07it/s]
Epoch 33/50 [Train]:  52%|█████▏    | 238/459 [00:14<00:13, 16.09it/s]
Epoch 33/50 [Train]:  52%|█████▏    | 240/459 [00:14<00:13, 16.19it/s]
Epoch 33/50 [Train]:  53%|█████▎    | 242/459 [00:15<00:13, 16.15it/s]
Epoch 33/50 [Train]:  53%|█████▎    | 244/459 [00:15<00:13, 16.17it/s]
Epoch 33/50 [Train]:  54%|█████▎    | 246/459 [00:15<00:13, 16.14it/s]
Epoch 33/50 [Train]:  54%|█████▍    | 248/459 [00:15<00:13, 15.87it/s]
Epoch 33/50 [Train]:  54%|█████▍    | 250/459 [00:15<00:13, 15.82it/s]
Epoch 33/50 [Train]:  55%|█████▍    | 252/459 [00:15<00:13, 15.88it/s]
Epoch 33/50 [Train]:  55%|█████▌    | 254/459 [00:15<00:12, 15.90it/s]
Epoch 33/50 [Train]:  56%|█████▌    | 256/459 [00:15<00:12, 15.90it/s]
Epoch 33/50 [Train]:  56%|█████▌    | 258/459 [00:16<00:12, 15.82it/s]
Epoch 33/50 [Train]:  57%|█████▋    | 260/459 [00:16<00:12, 15.86it/s]
Epoch 33/50 [Train]:  57%|█████▋    | 262/459 [00:16<00:12, 16.01it/s]
Epoch 33/50 [Train]:  58%|█████▊    | 264/459 [00:16<00:12, 16.06it/s]
Epoch 33/50 [Train]:  58%|█████▊    | 266/459 [00:16<00:11, 16.13it/s]
Epoch 33/50 [Train]:  58%|█████▊    | 268/459 [00:16<00:11, 16.15it/s]
Epoch 33/50 [Train]:  59%|█████▉    | 270/459 [00:16<00:11, 16.18it/s]
Epoch 33/50 [Train]:  59%|█████▉    | 272/459 [00:16<00:11, 16.32it/s]
Epoch 33/50 [Train]:  60%|█████▉    | 274/459 [00:17<00:11, 16.21it/s]
Epoch 33/50 [Train]:  60%|██████    | 276/459 [00:17<00:11, 16.31it/s]
Epoch 33/50 [Train]:  61%|██████    | 278/459 [00:17<00:11, 16.28it/s]
Epoch 33/50 [Train]:  61%|██████    | 280/459 [00:17<00:10, 16.32it/s]
Epoch 33/50 [Train]:  61%|██████▏   | 282/459 [00:17<00:10, 16.12it/s]
Epoch 33/50 [Train]:  62%|██████▏   | 284/459 [00:17<00:10, 16.01it/s]
Epoch 33/50 [Train]:  62%|██████▏   | 286/459 [00:17<00:10, 16.07it/s]
Epoch 33/50 [Train]:  63%|██████▎   | 288/459 [00:17<00:10, 16.12it/s]
Epoch 33/50 [Train]:  63%|██████▎   | 290/459 [00:18<00:10, 16.05it/s]
Epoch 33/50 [Train]:  64%|██████▎   | 292/459 [00:18<00:10, 16.04it/s]
Epoch 33/50 [Train]:  64%|██████▍   | 294/459 [00:18<00:10, 16.04it/s]
Epoch 33/50 [Train]:  64%|██████▍   | 296/459 [00:18<00:10, 16.13it/s]
Epoch 33/50 [Train]:  65%|██████▍   | 298/459 [00:18<00:09, 16.16it/s]
Epoch 33/50 [Train]:  65%|██████▌   | 300/459 [00:18<00:09, 16.08it/s]
Epoch 33/50 [Train]:  66%|██████▌   | 302/459 [00:18<00:09, 16.21it/s]
Epoch 33/50 [Train]:  66%|██████▌   | 304/459 [00:18<00:09, 16.28it/s]
Epoch 33/50 [Train]:  67%|██████▋   | 306/459 [00:19<00:09, 15.93it/s]
Epoch 33/50 [Train]:  67%|██████▋   | 308/459 [00:19<00:09, 16.07it/s]
Epoch 33/50 [Train]:  68%|██████▊   | 310/459 [00:19<00:09, 16.04it/s]
Epoch 33/50 [Train]:  68%|██████▊   | 312/459 [00:19<00:09, 16.10it/s]
Epoch 33/50 [Train]:  68%|██████▊   | 314/459 [00:19<00:08, 16.17it/s]
Epoch 33/50 [Train]:  69%|██████▉   | 316/459 [00:19<00:08, 16.01it/s]
Epoch 33/50 [Train]:  69%|██████▉   | 318/459 [00:19<00:08, 15.98it/s]
Epoch 33/50 [Train]:  70%|██████▉   | 320/459 [00:19<00:08, 16.00it/s]
Epoch 33/50 [Train]:  70%|███████   | 322/459 [00:20<00:08, 16.04it/s]
Epoch 33/50 [Train]:  71%|███████   | 324/459 [00:20<00:08, 15.96it/s]
Epoch 33/50 [Train]:  71%|███████   | 326/459 [00:20<00:08, 15.92it/s]
Epoch 33/50 [Train]:  71%|███████▏  | 328/459 [00:20<00:08, 15.95it/s]
Epoch 33/50 [Train]:  72%|███████▏  | 330/459 [00:20<00:08, 16.05it/s]
Epoch 33/50 [Train]:  72%|███████▏  | 332/459 [00:20<00:07, 16.23it/s]
Epoch 33/50 [Train]:  73%|███████▎  | 334/459 [00:20<00:07, 16.07it/s]
Epoch 33/50 [Train]:  73%|███████▎  | 336/459 [00:20<00:07, 16.22it/s]
Epoch 33/50 [Train]:  74%|███████▎  | 338/459 [00:21<00:07, 16.16it/s]
Epoch 33/50 [Train]:  74%|███████▍  | 340/459 [00:21<00:07, 16.20it/s]
Epoch 33/50 [Train]:  75%|███████▍  | 342/459 [00:21<00:07, 16.12it/s]
Epoch 33/50 [Train]:  75%|███████▍  | 344/459 [00:21<00:07, 16.17it/s]
Epoch 33/50 [Train]:  75%|███████▌  | 346/459 [00:21<00:07, 16.09it/s]
Epoch 33/50 [Train]:  76%|███████▌  | 348/459 [00:21<00:06, 16.19it/s]
Epoch 33/50 [Train]:  76%|███████▋  | 350/459 [00:21<00:06, 16.18it/s]
Epoch 33/50 [Train]:  77%|███████▋  | 352/459 [00:21<00:06, 16.15it/s]
Epoch 33/50 [Train]:  77%|███████▋  | 354/459 [00:22<00:06, 16.06it/s]
Epoch 33/50 [Train]:  78%|███████▊  | 356/459 [00:22<00:06, 15.96it/s]
Epoch 33/50 [Train]:  78%|███████▊  | 358/459 [00:22<00:06, 15.94it/s]
Epoch 33/50 [Train]:  78%|███████▊  | 360/459 [00:22<00:06, 15.93it/s]
Epoch 33/50 [Train]:  79%|███████▉  | 362/459 [00:22<00:06, 16.03it/s]
Epoch 33/50 [Train]:  79%|███████▉  | 364/459 [00:22<00:05, 16.08it/s]
Epoch 33/50 [Train]:  80%|███████▉  | 366/459 [00:22<00:05, 16.08it/s]
Epoch 33/50 [Train]:  80%|████████  | 368/459 [00:22<00:05, 16.16it/s]
Epoch 33/50 [Train]:  81%|████████  | 370/459 [00:22<00:05, 16.21it/s]
Epoch 33/50 [Train]:  81%|████████  | 372/459 [00:23<00:05, 16.22it/s]
Epoch 33/50 [Train]:  81%|████████▏ | 374/459 [00:23<00:05, 16.20it/s]
Epoch 33/50 [Train]:  82%|████████▏ | 376/459 [00:23<00:05, 16.12it/s]
Epoch 33/50 [Train]:  82%|████████▏ | 378/459 [00:23<00:05, 16.02it/s]
Epoch 33/50 [Train]:  83%|████████▎ | 380/459 [00:23<00:04, 16.17it/s]
Epoch 33/50 [Train]:  83%|████████▎ | 382/459 [00:23<00:04, 16.22it/s]
Epoch 33/50 [Train]:  84%|████████▎ | 384/459 [00:23<00:04, 16.15it/s]
Epoch 33/50 [Train]:  84%|████████▍ | 386/459 [00:23<00:04, 15.95it/s]
Epoch 33/50 [Train]:  85%|████████▍ | 388/459 [00:24<00:04, 15.94it/s]
Epoch 33/50 [Train]:  85%|████████▍ | 390/459 [00:24<00:04, 15.96it/s]
Epoch 33/50 [Train]:  85%|████████▌ | 392/459 [00:24<00:04, 16.11it/s]
Epoch 33/50 [Train]:  86%|████████▌ | 394/459 [00:24<00:04, 16.01it/s]
Epoch 33/50 [Train]:  86%|████████▋ | 396/459 [00:24<00:03, 15.95it/s]
Epoch 33/50 [Train]:  87%|████████▋ | 398/459 [00:24<00:03, 16.05it/s]
Epoch 33/50 [Train]:  87%|████████▋ | 400/459 [00:24<00:03, 16.08it/s]
Epoch 33/50 [Train]:  88%|████████▊ | 402/459 [00:24<00:03, 16.10it/s]
Epoch 33/50 [Train]:  88%|████████▊ | 404/459 [00:25<00:03, 16.19it/s]
Epoch 33/50 [Train]:  88%|████████▊ | 406/459 [00:25<00:03, 16.19it/s]
Epoch 33/50 [Train]:  89%|████████▉ | 408/459 [00:25<00:03, 16.35it/s]
Epoch 33/50 [Train]:  89%|████████▉ | 410/459 [00:25<00:03, 16.27it/s]
Epoch 33/50 [Train]:  90%|████████▉ | 412/459 [00:25<00:02, 16.28it/s]
Epoch 33/50 [Train]:  90%|█████████ | 414/459 [00:25<00:02, 16.15it/s]
Epoch 33/50 [Train]:  91%|█████████ | 416/459 [00:25<00:02, 16.22it/s]
Epoch 33/50 [Train]:  91%|█████████ | 418/459 [00:25<00:02, 15.77it/s]
Epoch 33/50 [Train]:  92%|█████████▏| 420/459 [00:26<00:02, 15.92it/s]
Epoch 33/50 [Train]:  92%|█████████▏| 422/459 [00:26<00:02, 16.01it/s]
Epoch 33/50 [Train]:  92%|█████████▏| 424/459 [00:26<00:02, 16.01it/s]
Epoch 33/50 [Train]:  93%|█████████▎| 426/459 [00:26<00:02, 16.04it/s]
Epoch 33/50 [Train]:  93%|█████████▎| 428/459 [00:26<00:01, 16.09it/s]
Epoch 33/50 [Train]:  94%|█████████▎| 430/459 [00:26<00:01, 16.17it/s]
Epoch 33/50 [Train]:  94%|█████████▍| 432/459 [00:26<00:01, 16.10it/s]
Epoch 33/50 [Train]:  95%|█████████▍| 434/459 [00:26<00:01, 16.05it/s]
Epoch 33/50 [Train]:  95%|█████████▍| 436/459 [00:27<00:01, 16.00it/s]
Epoch 33/50 [Train]:  95%|█████████▌| 438/459 [00:27<00:01, 16.10it/s]
Epoch 33/50 [Train]:  96%|█████████▌| 440/459 [00:27<00:01, 16.17it/s]
Epoch 33/50 [Train]:  96%|█████████▋| 442/459 [00:27<00:01, 16.08it/s]
Epoch 33/50 [Train]:  97%|█████████▋| 444/459 [00:27<00:00, 16.01it/s]
Epoch 33/50 [Train]:  97%|█████████▋| 446/459 [00:27<00:00, 15.99it/s]
Epoch 33/50 [Train]:  98%|█████████▊| 448/459 [00:27<00:00, 16.08it/s]
Epoch 33/50 [Train]:  98%|█████████▊| 450/459 [00:27<00:00, 16.01it/s]
Epoch 33/50 [Train]:  98%|█████████▊| 452/459 [00:28<00:00, 16.09it/s]
Epoch 33/50 [Train]:  99%|█████████▉| 454/459 [00:28<00:00, 16.17it/s]
Epoch 33/50 [Train]:  99%|█████████▉| 456/459 [00:28<00:00, 16.18it/s]
Epoch 33/50 [Train]: 100%|█████████▉| 458/459 [00:28<00:00, 16.30it/s]
                                                                      

Epoch 33/50 [Val]:   0%|          | 0/113 [00:00<?, ?it/s]
Epoch 33/50 [Val]:   2%|▏         | 2/113 [00:00<00:06, 17.19it/s]
Epoch 33/50 [Val]:   4%|▎         | 4/113 [00:00<00:06, 16.99it/s]
Epoch 33/50 [Val]:   5%|▌         | 6/113 [00:00<00:06, 16.88it/s]
Epoch 33/50 [Val]:   7%|▋         | 8/113 [00:00<00:06, 17.05it/s]
Epoch 33/50 [Val]:   9%|▉         | 10/113 [00:00<00:05, 17.51it/s]
Epoch 33/50 [Val]:  11%|█         | 12/113 [00:00<00:05, 17.51it/s]
Epoch 33/50 [Val]:  12%|█▏        | 14/113 [00:00<00:05, 17.43it/s]
Epoch 33/50 [Val]:  14%|█▍        | 16/113 [00:00<00:05, 16.55it/s]
Epoch 33/50 [Val]:  16%|█▌        | 18/113 [00:01<00:05, 16.04it/s]
Epoch 33/50 [Val]:  18%|█▊        | 20/113 [00:01<00:05, 15.69it/s]
Epoch 33/50 [Val]:  19%|█▉        | 22/113 [00:01<00:05, 15.51it/s]
Epoch 33/50 [Val]:  21%|██        | 24/113 [00:01<00:05, 15.35it/s]
Epoch 33/50 [Val]:  23%|██▎       | 26/113 [00:01<00:05, 15.58it/s]
Epoch 33/50 [Val]:  25%|██▍       | 28/113 [00:01<00:05, 15.81it/s]
Epoch 33/50 [Val]:  27%|██▋       | 30/113 [00:01<00:05, 16.10it/s]
Epoch 33/50 [Val]:  28%|██▊       | 32/113 [00:01<00:04, 16.30it/s]
Epoch 33/50 [Val]:  30%|███       | 34/113 [00:02<00:04, 16.36it/s]
Epoch 33/50 [Val]:  32%|███▏      | 36/113 [00:02<00:04, 16.69it/s]
Epoch 33/50 [Val]:  34%|███▎      | 38/113 [00:02<00:04, 16.86it/s]
Epoch 33/50 [Val]:  35%|███▌      | 40/113 [00:02<00:04, 16.97it/s]
Epoch 33/50 [Val]:  37%|███▋      | 42/113 [00:02<00:04, 17.01it/s]
Epoch 33/50 [Val]:  39%|███▉      | 44/113 [00:02<00:04, 16.70it/s]
Epoch 33/50 [Val]:  41%|████      | 46/113 [00:02<00:04, 16.30it/s]
Epoch 33/50 [Val]:  42%|████▏     | 48/113 [00:02<00:03, 16.39it/s]
Epoch 33/50 [Val]:  44%|████▍     | 50/113 [00:03<00:03, 16.64it/s]
Epoch 33/50 [Val]:  46%|████▌     | 52/113 [00:03<00:03, 16.92it/s]
Epoch 33/50 [Val]:  48%|████▊     | 54/113 [00:03<00:03, 17.11it/s]
Epoch 33/50 [Val]:  50%|████▉     | 56/113 [00:03<00:03, 16.93it/s]
Epoch 33/50 [Val]:  51%|█████▏    | 58/113 [00:03<00:03, 16.44it/s]
Epoch 33/50 [Val]:  53%|█████▎    | 60/113 [00:03<00:03, 16.90it/s]
Epoch 33/50 [Val]:  55%|█████▍    | 62/113 [00:03<00:03, 16.86it/s]
Epoch 33/50 [Val]:  57%|█████▋    | 64/113 [00:03<00:02, 16.89it/s]
Epoch 33/50 [Val]:  58%|█████▊    | 66/113 [00:03<00:02, 16.46it/s]
Epoch 33/50 [Val]:  60%|██████    | 68/113 [00:04<00:02, 16.37it/s]
Epoch 33/50 [Val]:  62%|██████▏   | 70/113 [00:04<00:02, 16.57it/s]
Epoch 33/50 [Val]:  64%|██████▎   | 72/113 [00:04<00:02, 16.87it/s]
Epoch 33/50 [Val]:  65%|██████▌   | 74/113 [00:04<00:02, 16.98it/s]
Epoch 33/50 [Val]:  67%|██████▋   | 76/113 [00:04<00:02, 17.19it/s]
Epoch 33/50 [Val]:  69%|██████▉   | 78/113 [00:04<00:02, 17.22it/s]
Epoch 33/50 [Val]:  71%|███████   | 80/113 [00:04<00:01, 17.15it/s]
Epoch 33/50 [Val]:  73%|███████▎  | 82/113 [00:04<00:01, 16.99it/s]
Epoch 33/50 [Val]:  74%|███████▍  | 84/113 [00:05<00:01, 17.01it/s]
Epoch 33/50 [Val]:  76%|███████▌  | 86/113 [00:05<00:01, 16.98it/s]
Epoch 33/50 [Val]:  78%|███████▊  | 88/113 [00:05<00:01, 16.85it/s]
Epoch 33/50 [Val]:  80%|███████▉  | 90/113 [00:05<00:01, 17.12it/s]
Epoch 33/50 [Val]:  81%|████████▏ | 92/113 [00:05<00:01, 17.25it/s]
Epoch 33/50 [Val]:  83%|████████▎ | 94/113 [00:05<00:01, 17.33it/s]
Epoch 33/50 [Val]:  85%|████████▍ | 96/113 [00:05<00:00, 17.62it/s]
Epoch 33/50 [Val]:  87%|████████▋ | 98/113 [00:05<00:00, 17.76it/s]
Epoch 33/50 [Val]:  88%|████████▊ | 100/113 [00:05<00:00, 17.39it/s]
Epoch 33/50 [Val]:  90%|█████████ | 102/113 [00:06<00:00, 16.90it/s]
Epoch 33/50 [Val]:  92%|█████████▏| 104/113 [00:06<00:00, 17.24it/s]
Epoch 33/50 [Val]:  94%|█████████▍| 106/113 [00:06<00:00, 17.32it/s]
Epoch 33/50 [Val]:  96%|█████████▌| 108/113 [00:06<00:00, 17.42it/s]
Epoch 33/50 [Val]:  97%|█████████▋| 110/113 [00:06<00:00, 17.57it/s]
Epoch 33/50 [Val]:  99%|█████████▉| 112/113 [00:06<00:00, 17.53it/s]
                                                                    

Epoch 34/50 [Train]:   0%|          | 0/459 [00:00<?, ?it/s]
Epoch 34/50 [Train]:   0%|          | 2/459 [00:00<00:29, 15.53it/s]
Epoch 34/50 [Train]:   1%|          | 4/459 [00:00<00:28, 15.70it/s]
Epoch 34/50 [Train]:   1%|▏         | 6/459 [00:00<00:28, 16.09it/s]
Epoch 34/50 [Train]:   2%|▏         | 8/459 [00:00<00:28, 16.06it/s]
Epoch 34/50 [Train]:   2%|▏         | 10/459 [00:00<00:28, 15.94it/s]
Epoch 34/50 [Train]:   3%|▎         | 12/459 [00:00<00:27, 16.08it/s]
Epoch 34/50 [Train]:   3%|▎         | 14/459 [00:00<00:27, 16.13it/s]
Epoch 34/50 [Train]:   3%|▎         | 16/459 [00:01<00:27, 16.00it/s]
Epoch 34/50 [Train]:   4%|▍         | 18/459 [00:01<00:27, 15.98it/s]
Epoch 34/50 [Train]:   4%|▍         | 20/459 [00:01<00:27, 16.05it/s]
Epoch 34/50 [Train]:   5%|▍         | 22/459 [00:01<00:27, 15.99it/s]
Epoch 34/50 [Train]:   5%|▌         | 24/459 [00:01<00:27, 16.07it/s]
Epoch 34/50 [Train]:   6%|▌         | 26/459 [00:01<00:26, 16.06it/s]
Epoch 34/50 [Train]:   6%|▌         | 28/459 [00:01<00:26, 16.07it/s]
Epoch 34/50 [Train]:   7%|▋         | 30/459 [00:01<00:26, 16.23it/s]
Epoch 34/50 [Train]:   7%|▋         | 32/459 [00:01<00:26, 16.30it/s]
Epoch 34/50 [Train]:   7%|▋         | 34/459 [00:02<00:25, 16.41it/s]
Epoch 34/50 [Train]:   8%|▊         | 36/459 [00:02<00:25, 16.28it/s]
Epoch 34/50 [Train]:   8%|▊         | 38/459 [00:02<00:26, 16.16it/s]
Epoch 34/50 [Train]:   9%|▊         | 40/459 [00:02<00:26, 16.08it/s]
Epoch 34/50 [Train]:   9%|▉         | 42/459 [00:02<00:26, 16.01it/s]
Epoch 34/50 [Train]:  10%|▉         | 44/459 [00:02<00:25, 15.98it/s]
Epoch 34/50 [Train]:  10%|█         | 46/459 [00:02<00:26, 15.87it/s]
Epoch 34/50 [Train]:  10%|█         | 48/459 [00:02<00:25, 15.91it/s]
Epoch 34/50 [Train]:  11%|█         | 50/459 [00:03<00:25, 16.06it/s]
Epoch 34/50 [Train]:  11%|█▏        | 52/459 [00:03<00:25, 15.94it/s]
Epoch 34/50 [Train]:  12%|█▏        | 54/459 [00:03<00:25, 16.08it/s]
Epoch 34/50 [Train]:  12%|█▏        | 56/459 [00:03<00:24, 16.14it/s]
Epoch 34/50 [Train]:  13%|█▎        | 58/459 [00:03<00:25, 15.94it/s]
Epoch 34/50 [Train]:  13%|█▎        | 60/459 [00:03<00:24, 16.13it/s]
Epoch 34/50 [Train]:  14%|█▎        | 62/459 [00:03<00:24, 16.15it/s]
Epoch 34/50 [Train]:  14%|█▍        | 64/459 [00:03<00:24, 16.18it/s]
Epoch 34/50 [Train]:  14%|█▍        | 66/459 [00:04<00:24, 16.21it/s]
Epoch 34/50 [Train]:  15%|█▍        | 68/459 [00:04<00:24, 16.23it/s]
Epoch 34/50 [Train]:  15%|█▌        | 70/459 [00:04<00:24, 16.13it/s]
Epoch 34/50 [Train]:  16%|█▌        | 72/459 [00:04<00:24, 16.10it/s]
Epoch 34/50 [Train]:  16%|█▌        | 74/459 [00:04<00:24, 16.02it/s]
Epoch 34/50 [Train]:  17%|█▋        | 76/459 [00:04<00:23, 15.98it/s]
Epoch 34/50 [Train]:  17%|█▋        | 78/459 [00:04<00:23, 15.92it/s]
Epoch 34/50 [Train]:  17%|█▋        | 80/459 [00:04<00:23, 16.05it/s]
Epoch 34/50 [Train]:  18%|█▊        | 82/459 [00:05<00:23, 16.00it/s]
Epoch 34/50 [Train]:  18%|█▊        | 84/459 [00:05<00:23, 16.09it/s]
Epoch 34/50 [Train]:  19%|█▊        | 86/459 [00:05<00:23, 16.09it/s]
Epoch 34/50 [Train]:  19%|█▉        | 88/459 [00:05<00:22, 16.14it/s]
Epoch 34/50 [Train]:  20%|█▉        | 90/459 [00:05<00:22, 16.20it/s]
Epoch 34/50 [Train]:  20%|██        | 92/459 [00:05<00:22, 16.12it/s]
Epoch 34/50 [Train]:  20%|██        | 94/459 [00:05<00:22, 15.93it/s]
Epoch 34/50 [Train]:  21%|██        | 96/459 [00:05<00:22, 16.01it/s]
Epoch 34/50 [Train]:  21%|██▏       | 98/459 [00:06<00:22, 15.99it/s]
Epoch 34/50 [Train]:  22%|██▏       | 100/459 [00:06<00:22, 15.94it/s]
Epoch 34/50 [Train]:  22%|██▏       | 102/459 [00:06<00:22, 16.05it/s]
Epoch 34/50 [Train]:  23%|██▎       | 104/459 [00:06<00:21, 16.16it/s]
Epoch 34/50 [Train]:  23%|██▎       | 106/459 [00:06<00:21, 16.18it/s]
Epoch 34/50 [Train]:  24%|██▎       | 108/459 [00:06<00:21, 15.96it/s]
Epoch 34/50 [Train]:  24%|██▍       | 110/459 [00:06<00:21, 15.96it/s]
Epoch 34/50 [Train]:  24%|██▍       | 112/459 [00:06<00:21, 16.04it/s]
Epoch 34/50 [Train]:  25%|██▍       | 114/459 [00:07<00:21, 16.07it/s]
Epoch 34/50 [Train]:  25%|██▌       | 116/459 [00:07<00:21, 16.00it/s]
Epoch 34/50 [Train]:  26%|██▌       | 118/459 [00:07<00:21, 15.94it/s]
Epoch 34/50 [Train]:  26%|██▌       | 120/459 [00:07<00:21, 15.93it/s]
Epoch 34/50 [Train]:  27%|██▋       | 122/459 [00:07<00:21, 15.92it/s]
Epoch 34/50 [Train]:  27%|██▋       | 124/459 [00:07<00:20, 16.04it/s]
Epoch 34/50 [Train]:  27%|██▋       | 126/459 [00:07<00:20, 15.88it/s]
Epoch 34/50 [Train]:  28%|██▊       | 128/459 [00:07<00:20, 16.09it/s]
Epoch 34/50 [Train]:  28%|██▊       | 130/459 [00:08<00:20, 16.19it/s]
Epoch 34/50 [Train]:  29%|██▉       | 132/459 [00:08<00:20, 16.26it/s]
Epoch 34/50 [Train]:  29%|██▉       | 134/459 [00:08<00:20, 16.19it/s]
Epoch 34/50 [Train]:  30%|██▉       | 136/459 [00:08<00:20, 16.10it/s]
Epoch 34/50 [Train]:  30%|███       | 138/459 [00:08<00:19, 16.09it/s]
Epoch 34/50 [Train]:  31%|███       | 140/459 [00:08<00:19, 16.09it/s]
Epoch 34/50 [Train]:  31%|███       | 142/459 [00:08<00:19, 16.04it/s]
Epoch 34/50 [Train]:  31%|███▏      | 144/459 [00:08<00:19, 16.11it/s]
Epoch 34/50 [Train]:  32%|███▏      | 146/459 [00:09<00:19, 16.19it/s]
Epoch 34/50 [Train]:  32%|███▏      | 148/459 [00:09<00:19, 16.16it/s]
Epoch 34/50 [Train]:  33%|███▎      | 150/459 [00:09<00:19, 16.20it/s]
Epoch 34/50 [Train]:  33%|███▎      | 152/459 [00:09<00:18, 16.23it/s]
Epoch 34/50 [Train]:  34%|███▎      | 154/459 [00:09<00:19, 16.03it/s]
Epoch 34/50 [Train]:  34%|███▍      | 156/459 [00:09<00:18, 16.10it/s]
Epoch 34/50 [Train]:  34%|███▍      | 158/459 [00:09<00:18, 16.04it/s]
Epoch 34/50 [Train]:  35%|███▍      | 160/459 [00:09<00:18, 16.16it/s]
Epoch 34/50 [Train]:  35%|███▌      | 162/459 [00:10<00:18, 16.16it/s]
Epoch 34/50 [Train]:  36%|███▌      | 164/459 [00:10<00:18, 16.13it/s]
Epoch 34/50 [Train]:  36%|███▌      | 166/459 [00:10<00:18, 16.26it/s]
Epoch 34/50 [Train]:  37%|███▋      | 168/459 [00:10<00:18, 16.13it/s]
Epoch 34/50 [Train]:  37%|███▋      | 170/459 [00:10<00:17, 16.21it/s]
Epoch 34/50 [Train]:  37%|███▋      | 172/459 [00:10<00:17, 16.23it/s]
Epoch 34/50 [Train]:  38%|███▊      | 174/459 [00:10<00:17, 16.18it/s]
Epoch 34/50 [Train]:  38%|███▊      | 176/459 [00:10<00:17, 16.19it/s]
Epoch 34/50 [Train]:  39%|███▉      | 178/459 [00:11<00:17, 16.20it/s]
Epoch 34/50 [Train]:  39%|███▉      | 180/459 [00:11<00:17, 16.16it/s]
Epoch 34/50 [Train]:  40%|███▉      | 182/459 [00:11<00:17, 16.12it/s]
Epoch 34/50 [Train]:  40%|████      | 184/459 [00:11<00:17, 16.10it/s]
Epoch 34/50 [Train]:  41%|████      | 186/459 [00:11<00:17, 16.00it/s]
Epoch 34/50 [Train]:  41%|████      | 188/459 [00:11<00:16, 16.01it/s]
Epoch 34/50 [Train]:  41%|████▏     | 190/459 [00:11<00:16, 15.99it/s]
Epoch 34/50 [Train]:  42%|████▏     | 192/459 [00:11<00:16, 16.08it/s]
Epoch 34/50 [Train]:  42%|████▏     | 194/459 [00:12<00:16, 16.09it/s]
Epoch 34/50 [Train]:  43%|████▎     | 196/459 [00:12<00:16, 16.16it/s]
Epoch 34/50 [Train]:  43%|████▎     | 198/459 [00:12<00:16, 16.24it/s]
Epoch 34/50 [Train]:  44%|████▎     | 200/459 [00:12<00:15, 16.27it/s]
Epoch 34/50 [Train]:  44%|████▍     | 202/459 [00:12<00:15, 16.38it/s]
Epoch 34/50 [Train]:  44%|████▍     | 204/459 [00:12<00:15, 16.32it/s]
Epoch 34/50 [Train]:  45%|████▍     | 206/459 [00:12<00:15, 16.17it/s]
Epoch 34/50 [Train]:  45%|████▌     | 208/459 [00:12<00:15, 16.05it/s]
Epoch 34/50 [Train]:  46%|████▌     | 210/459 [00:13<00:15, 16.03it/s]
Epoch 34/50 [Train]:  46%|████▌     | 212/459 [00:13<00:15, 16.18it/s]
Epoch 34/50 [Train]:  47%|████▋     | 214/459 [00:13<00:15, 16.18it/s]
Epoch 34/50 [Train]:  47%|████▋     | 216/459 [00:13<00:14, 16.21it/s]
Epoch 34/50 [Train]:  47%|████▋     | 218/459 [00:13<00:14, 16.29it/s]
Epoch 34/50 [Train]:  48%|████▊     | 220/459 [00:13<00:14, 16.29it/s]
Epoch 34/50 [Train]:  48%|████▊     | 222/459 [00:13<00:14, 16.22it/s]
Epoch 34/50 [Train]:  49%|████▉     | 224/459 [00:13<00:14, 16.28it/s]
Epoch 34/50 [Train]:  49%|████▉     | 226/459 [00:14<00:14, 16.20it/s]
Epoch 34/50 [Train]:  50%|████▉     | 228/459 [00:14<00:14, 16.15it/s]
Epoch 34/50 [Train]:  50%|█████     | 230/459 [00:14<00:14, 16.08it/s]
Epoch 34/50 [Train]:  51%|█████     | 232/459 [00:14<00:14, 16.14it/s]
Epoch 34/50 [Train]:  51%|█████     | 234/459 [00:14<00:13, 16.31it/s]
Epoch 34/50 [Train]:  51%|█████▏    | 236/459 [00:14<00:13, 16.16it/s]
Epoch 34/50 [Train]:  52%|█████▏    | 238/459 [00:14<00:13, 16.04it/s]
Epoch 34/50 [Train]:  52%|█████▏    | 240/459 [00:14<00:13, 16.13it/s]
Epoch 34/50 [Train]:  53%|█████▎    | 242/459 [00:15<00:13, 16.18it/s]
Epoch 34/50 [Train]:  53%|█████▎    | 244/459 [00:15<00:13, 15.96it/s]
Epoch 34/50 [Train]:  54%|█████▎    | 246/459 [00:15<00:13, 15.99it/s]
Epoch 34/50 [Train]:  54%|█████▍    | 248/459 [00:15<00:13, 16.08it/s]
Epoch 34/50 [Train]:  54%|█████▍    | 250/459 [00:15<00:13, 16.00it/s]
Epoch 34/50 [Train]:  55%|█████▍    | 252/459 [00:15<00:12, 15.95it/s]
Epoch 34/50 [Train]:  55%|█████▌    | 254/459 [00:15<00:12, 15.82it/s]
Epoch 34/50 [Train]:  56%|█████▌    | 256/459 [00:15<00:12, 15.91it/s]
Epoch 34/50 [Train]:  56%|█████▌    | 258/459 [00:16<00:12, 16.12it/s]
Epoch 34/50 [Train]:  57%|█████▋    | 260/459 [00:16<00:12, 16.12it/s]
Epoch 34/50 [Train]:  57%|█████▋    | 262/459 [00:16<00:12, 15.99it/s]
Epoch 34/50 [Train]:  58%|█████▊    | 264/459 [00:16<00:12, 16.20it/s]
Epoch 34/50 [Train]:  58%|█████▊    | 266/459 [00:16<00:11, 16.22it/s]
Epoch 34/50 [Train]:  58%|█████▊    | 268/459 [00:16<00:11, 16.28it/s]
Epoch 34/50 [Train]:  59%|█████▉    | 270/459 [00:16<00:11, 15.96it/s]
Epoch 34/50 [Train]:  59%|█████▉    | 272/459 [00:16<00:11, 16.09it/s]
Epoch 34/50 [Train]:  60%|█████▉    | 274/459 [00:17<00:11, 16.18it/s]
Epoch 34/50 [Train]:  60%|██████    | 276/459 [00:17<00:11, 16.20it/s]
Epoch 34/50 [Train]:  61%|██████    | 278/459 [00:17<00:11, 16.19it/s]
Epoch 34/50 [Train]:  61%|██████    | 280/459 [00:17<00:11, 16.17it/s]
Epoch 34/50 [Train]:  61%|██████▏   | 282/459 [00:17<00:11, 15.96it/s]
Epoch 34/50 [Train]:  62%|██████▏   | 284/459 [00:17<00:10, 15.96it/s]
Epoch 34/50 [Train]:  62%|██████▏   | 286/459 [00:17<00:10, 15.88it/s]
Epoch 34/50 [Train]:  63%|██████▎   | 288/459 [00:17<00:10, 15.97it/s]
Epoch 34/50 [Train]:  63%|██████▎   | 290/459 [00:18<00:10, 16.05it/s]
Epoch 34/50 [Train]:  64%|██████▎   | 292/459 [00:18<00:10, 16.10it/s]
Epoch 34/50 [Train]:  64%|██████▍   | 294/459 [00:18<00:10, 16.10it/s]
Epoch 34/50 [Train]:  64%|██████▍   | 296/459 [00:18<00:10, 16.18it/s]
Epoch 34/50 [Train]:  65%|██████▍   | 298/459 [00:18<00:09, 16.16it/s]
Epoch 34/50 [Train]:  65%|██████▌   | 300/459 [00:18<00:09, 16.17it/s]
Epoch 34/50 [Train]:  66%|██████▌   | 302/459 [00:18<00:09, 16.02it/s]
Epoch 34/50 [Train]:  66%|██████▌   | 304/459 [00:18<00:09, 16.18it/s]
Epoch 34/50 [Train]:  67%|██████▋   | 306/459 [00:19<00:09, 16.21it/s]
Epoch 34/50 [Train]:  67%|██████▋   | 308/459 [00:19<00:09, 16.22it/s]
Epoch 34/50 [Train]:  68%|██████▊   | 310/459 [00:19<00:09, 16.11it/s]
Epoch 34/50 [Train]:  68%|██████▊   | 312/459 [00:19<00:09, 16.07it/s]
Epoch 34/50 [Train]:  68%|██████▊   | 314/459 [00:19<00:09, 16.11it/s]
Epoch 34/50 [Train]:  69%|██████▉   | 316/459 [00:19<00:08, 16.19it/s]
Epoch 34/50 [Train]:  69%|██████▉   | 318/459 [00:19<00:08, 16.13it/s]
Epoch 34/50 [Train]:  70%|██████▉   | 320/459 [00:19<00:08, 16.16it/s]
Epoch 34/50 [Train]:  70%|███████   | 322/459 [00:19<00:08, 16.14it/s]
Epoch 34/50 [Train]:  71%|███████   | 324/459 [00:20<00:08, 16.20it/s]
Epoch 34/50 [Train]:  71%|███████   | 326/459 [00:20<00:08, 16.26it/s]
Epoch 34/50 [Train]:  71%|███████▏  | 328/459 [00:20<00:08, 16.26it/s]
Epoch 34/50 [Train]:  72%|███████▏  | 330/459 [00:20<00:07, 16.24it/s]
Epoch 34/50 [Train]:  72%|███████▏  | 332/459 [00:20<00:07, 16.30it/s]
Epoch 34/50 [Train]:  73%|███████▎  | 334/459 [00:20<00:07, 16.16it/s]
Epoch 34/50 [Train]:  73%|███████▎  | 336/459 [00:20<00:07, 16.16it/s]
Epoch 34/50 [Train]:  74%|███████▎  | 338/459 [00:20<00:07, 16.19it/s]
Epoch 34/50 [Train]:  74%|███████▍  | 340/459 [00:21<00:07, 16.20it/s]
Epoch 34/50 [Train]:  75%|███████▍  | 342/459 [00:21<00:07, 16.16it/s]
Epoch 34/50 [Train]:  75%|███████▍  | 344/459 [00:21<00:07, 16.15it/s]
Epoch 34/50 [Train]:  75%|███████▌  | 346/459 [00:21<00:06, 16.19it/s]
Epoch 34/50 [Train]:  76%|███████▌  | 348/459 [00:21<00:06, 16.06it/s]
Epoch 34/50 [Train]:  76%|███████▋  | 350/459 [00:21<00:06, 16.10it/s]
Epoch 34/50 [Train]:  77%|███████▋  | 352/459 [00:21<00:06, 16.16it/s]
Epoch 34/50 [Train]:  77%|███████▋  | 354/459 [00:21<00:06, 16.20it/s]
Epoch 34/50 [Train]:  78%|███████▊  | 356/459 [00:22<00:06, 16.17it/s]
Epoch 34/50 [Train]:  78%|███████▊  | 358/459 [00:22<00:06, 16.19it/s]
Epoch 34/50 [Train]:  78%|███████▊  | 360/459 [00:22<00:06, 16.13it/s]
Epoch 34/50 [Train]:  79%|███████▉  | 362/459 [00:22<00:05, 16.27it/s]
Epoch 34/50 [Train]:  79%|███████▉  | 364/459 [00:22<00:05, 16.12it/s]
Epoch 34/50 [Train]:  80%|███████▉  | 366/459 [00:22<00:05, 16.11it/s]
Epoch 34/50 [Train]:  80%|████████  | 368/459 [00:22<00:05, 15.88it/s]
Epoch 34/50 [Train]:  81%|████████  | 370/459 [00:22<00:05, 16.01it/s]
Epoch 34/50 [Train]:  81%|████████  | 372/459 [00:23<00:05, 16.00it/s]
Epoch 34/50 [Train]:  81%|████████▏ | 374/459 [00:23<00:05, 15.89it/s]
Epoch 34/50 [Train]:  82%|████████▏ | 376/459 [00:23<00:05, 15.84it/s]
Epoch 34/50 [Train]:  82%|████████▏ | 378/459 [00:23<00:05, 15.93it/s]
Epoch 34/50 [Train]:  83%|████████▎ | 380/459 [00:23<00:04, 15.93it/s]
Epoch 34/50 [Train]:  83%|████████▎ | 382/459 [00:23<00:04, 15.85it/s]
Epoch 34/50 [Train]:  84%|████████▎ | 384/459 [00:23<00:04, 15.95it/s]
Epoch 34/50 [Train]:  84%|████████▍ | 386/459 [00:23<00:04, 15.92it/s]
Epoch 34/50 [Train]:  85%|████████▍ | 388/459 [00:24<00:04, 15.89it/s]
Epoch 34/50 [Train]:  85%|████████▍ | 390/459 [00:24<00:04, 15.97it/s]
Epoch 34/50 [Train]:  85%|████████▌ | 392/459 [00:24<00:04, 16.07it/s]
Epoch 34/50 [Train]:  86%|████████▌ | 394/459 [00:24<00:04, 16.13it/s]
Epoch 34/50 [Train]:  86%|████████▋ | 396/459 [00:24<00:03, 15.90it/s]
Epoch 34/50 [Train]:  87%|████████▋ | 398/459 [00:24<00:03, 15.96it/s]
Epoch 34/50 [Train]:  87%|████████▋ | 400/459 [00:24<00:03, 15.95it/s]
Epoch 34/50 [Train]:  88%|████████▊ | 402/459 [00:24<00:03, 16.04it/s]
Epoch 34/50 [Train]:  88%|████████▊ | 404/459 [00:25<00:03, 16.03it/s]
Epoch 34/50 [Train]:  88%|████████▊ | 406/459 [00:25<00:03, 16.02it/s]
Epoch 34/50 [Train]:  89%|████████▉ | 408/459 [00:25<00:03, 16.10it/s]
Epoch 34/50 [Train]:  89%|████████▉ | 410/459 [00:25<00:03, 16.20it/s]
Epoch 34/50 [Train]:  90%|████████▉ | 412/459 [00:25<00:02, 16.28it/s]
Epoch 34/50 [Train]:  90%|█████████ | 414/459 [00:25<00:02, 16.22it/s]
Epoch 34/50 [Train]:  91%|█████████ | 416/459 [00:25<00:02, 16.05it/s]
Epoch 34/50 [Train]:  91%|█████████ | 418/459 [00:25<00:02, 15.87it/s]
Epoch 34/50 [Train]:  92%|█████████▏| 420/459 [00:26<00:02, 15.87it/s]
Epoch 34/50 [Train]:  92%|█████████▏| 422/459 [00:26<00:02, 15.91it/s]
Epoch 34/50 [Train]:  92%|█████████▏| 424/459 [00:26<00:02, 15.79it/s]
Epoch 34/50 [Train]:  93%|█████████▎| 426/459 [00:26<00:02, 15.94it/s]
Epoch 34/50 [Train]:  93%|█████████▎| 428/459 [00:26<00:01, 15.96it/s]
Epoch 34/50 [Train]:  94%|█████████▎| 430/459 [00:26<00:01, 15.96it/s]
Epoch 34/50 [Train]:  94%|█████████▍| 432/459 [00:26<00:01, 15.82it/s]
Epoch 34/50 [Train]:  95%|█████████▍| 434/459 [00:26<00:01, 15.97it/s]
Epoch 34/50 [Train]:  95%|█████████▍| 436/459 [00:27<00:01, 16.07it/s]
Epoch 34/50 [Train]:  95%|█████████▌| 438/459 [00:27<00:01, 16.15it/s]
Epoch 34/50 [Train]:  96%|█████████▌| 440/459 [00:27<00:01, 16.16it/s]
Epoch 34/50 [Train]:  96%|█████████▋| 442/459 [00:27<00:01, 16.16it/s]
Epoch 34/50 [Train]:  97%|█████████▋| 444/459 [00:27<00:00, 16.19it/s]
Epoch 34/50 [Train]:  97%|█████████▋| 446/459 [00:27<00:00, 16.25it/s]
Epoch 34/50 [Train]:  98%|█████████▊| 448/459 [00:27<00:00, 16.24it/s]
Epoch 34/50 [Train]:  98%|█████████▊| 450/459 [00:27<00:00, 16.13it/s]
Epoch 34/50 [Train]:  98%|█████████▊| 452/459 [00:28<00:00, 16.12it/s]
Epoch 34/50 [Train]:  99%|█████████▉| 454/459 [00:28<00:00, 16.17it/s]
Epoch 34/50 [Train]:  99%|█████████▉| 456/459 [00:28<00:00, 16.08it/s]
Epoch 34/50 [Train]: 100%|█████████▉| 458/459 [00:28<00:00, 15.90it/s]
                                                                      

Epoch 34/50 [Val]:   0%|          | 0/113 [00:00<?, ?it/s]
Epoch 34/50 [Val]:   2%|▏         | 2/113 [00:00<00:06, 16.73it/s]
Epoch 34/50 [Val]:   4%|▎         | 4/113 [00:00<00:06, 16.57it/s]
Epoch 34/50 [Val]:   5%|▌         | 6/113 [00:00<00:06, 16.64it/s]
Epoch 34/50 [Val]:   7%|▋         | 8/113 [00:00<00:06, 16.83it/s]
Epoch 34/50 [Val]:   9%|▉         | 10/113 [00:00<00:05, 17.31it/s]
Epoch 34/50 [Val]:  11%|█         | 12/113 [00:00<00:05, 17.32it/s]
Epoch 34/50 [Val]:  12%|█▏        | 14/113 [00:00<00:05, 17.29it/s]
Epoch 34/50 [Val]:  14%|█▍        | 16/113 [00:00<00:05, 16.41it/s]
Epoch 34/50 [Val]:  16%|█▌        | 18/113 [00:01<00:05, 16.01it/s]
Epoch 34/50 [Val]:  18%|█▊        | 20/113 [00:01<00:05, 15.62it/s]
Epoch 34/50 [Val]:  19%|█▉        | 22/113 [00:01<00:05, 15.47it/s]
Epoch 34/50 [Val]:  21%|██        | 24/113 [00:01<00:05, 15.38it/s]
Epoch 34/50 [Val]:  23%|██▎       | 26/113 [00:01<00:05, 15.56it/s]
Epoch 34/50 [Val]:  25%|██▍       | 28/113 [00:01<00:05, 15.84it/s]
Epoch 34/50 [Val]:  27%|██▋       | 30/113 [00:01<00:05, 16.14it/s]
Epoch 34/50 [Val]:  28%|██▊       | 32/113 [00:01<00:04, 16.32it/s]
Epoch 34/50 [Val]:  30%|███       | 34/113 [00:02<00:04, 16.35it/s]
Epoch 34/50 [Val]:  32%|███▏      | 36/113 [00:02<00:04, 16.71it/s]
Epoch 34/50 [Val]:  34%|███▎      | 38/113 [00:02<00:04, 16.88it/s]
Epoch 34/50 [Val]:  35%|███▌      | 40/113 [00:02<00:04, 17.05it/s]
Epoch 34/50 [Val]:  37%|███▋      | 42/113 [00:02<00:04, 17.10it/s]
Epoch 34/50 [Val]:  39%|███▉      | 44/113 [00:02<00:04, 17.04it/s]
Epoch 34/50 [Val]:  41%|████      | 46/113 [00:02<00:04, 16.70it/s]
Epoch 34/50 [Val]:  42%|████▏     | 48/113 [00:02<00:03, 16.70it/s]
Epoch 34/50 [Val]:  44%|████▍     | 50/113 [00:03<00:03, 16.91it/s]
Epoch 34/50 [Val]:  46%|████▌     | 52/113 [00:03<00:03, 17.22it/s]
Epoch 34/50 [Val]:  48%|████▊     | 54/113 [00:03<00:03, 17.33it/s]
Epoch 34/50 [Val]:  50%|████▉     | 56/113 [00:03<00:03, 17.31it/s]
Epoch 34/50 [Val]:  51%|█████▏    | 58/113 [00:03<00:03, 16.70it/s]
Epoch 34/50 [Val]:  53%|█████▎    | 60/113 [00:03<00:03, 17.03it/s]
Epoch 34/50 [Val]:  55%|█████▍    | 62/113 [00:03<00:02, 17.05it/s]
Epoch 34/50 [Val]:  57%|█████▋    | 64/113 [00:03<00:02, 17.14it/s]
Epoch 34/50 [Val]:  58%|█████▊    | 66/113 [00:03<00:02, 16.72it/s]
Epoch 34/50 [Val]:  60%|██████    | 68/113 [00:04<00:02, 16.50it/s]
Epoch 34/50 [Val]:  62%|██████▏   | 70/113 [00:04<00:02, 16.57it/s]
Epoch 34/50 [Val]:  64%|██████▎   | 72/113 [00:04<00:02, 16.89it/s]
Epoch 34/50 [Val]:  65%|██████▌   | 74/113 [00:04<00:02, 17.08it/s]
Epoch 34/50 [Val]:  67%|██████▋   | 76/113 [00:04<00:02, 17.12it/s]
Epoch 34/50 [Val]:  69%|██████▉   | 78/113 [00:04<00:02, 17.05it/s]
Epoch 34/50 [Val]:  71%|███████   | 80/113 [00:04<00:01, 17.03it/s]
Epoch 34/50 [Val]:  73%|███████▎  | 82/113 [00:04<00:01, 16.99it/s]
Epoch 34/50 [Val]:  74%|███████▍  | 84/113 [00:05<00:01, 16.97it/s]
Epoch 34/50 [Val]:  76%|███████▌  | 86/113 [00:05<00:01, 16.96it/s]
Epoch 34/50 [Val]:  78%|███████▊  | 88/113 [00:05<00:01, 16.77it/s]
Epoch 34/50 [Val]:  80%|███████▉  | 90/113 [00:05<00:01, 16.96it/s]
Epoch 34/50 [Val]:  81%|████████▏ | 92/113 [00:05<00:01, 17.13it/s]
Epoch 34/50 [Val]:  83%|████████▎ | 94/113 [00:05<00:01, 17.26it/s]
Epoch 34/50 [Val]:  85%|████████▍ | 96/113 [00:05<00:00, 17.57it/s]
Epoch 34/50 [Val]:  87%|████████▋ | 98/113 [00:05<00:00, 17.72it/s]
Epoch 34/50 [Val]:  88%|████████▊ | 100/113 [00:05<00:00, 17.31it/s]
Epoch 34/50 [Val]:  90%|█████████ | 102/113 [00:06<00:00, 16.90it/s]
Epoch 34/50 [Val]:  92%|█████████▏| 104/113 [00:06<00:00, 17.15it/s]
Epoch 34/50 [Val]:  94%|█████████▍| 106/113 [00:06<00:00, 17.29it/s]
Epoch 34/50 [Val]:  96%|█████████▌| 108/113 [00:06<00:00, 17.47it/s]
Epoch 34/50 [Val]:  97%|█████████▋| 110/113 [00:06<00:00, 17.66it/s]
Epoch 34/50 [Val]:  99%|█████████▉| 112/113 [00:06<00:00, 17.67it/s]
                                                                    

Test:   0%|          | 0/109 [00:00<?, ?it/s]
Test:   2%|▏         | 2/109 [00:00<00:07, 14.94it/s]
Test:   4%|▎         | 4/109 [00:00<00:06, 15.12it/s]
Test:   6%|▌         | 6/109 [00:00<00:06, 15.23it/s]
Test:   7%|▋         | 8/109 [00:00<00:06, 15.12it/s]
Test:   9%|▉         | 10/109 [00:00<00:06, 15.17it/s]
Test:  11%|█         | 12/109 [00:00<00:06, 15.30it/s]
Test:  13%|█▎        | 14/109 [00:00<00:06, 15.44it/s]
Test:  15%|█▍        | 16/109 [00:01<00:06, 15.26it/s]
Test:  17%|█▋        | 18/109 [00:01<00:05, 15.27it/s]
Test:  18%|█▊        | 20/109 [00:01<00:05, 14.86it/s]
Test:  20%|██        | 22/109 [00:01<00:05, 14.54it/s]
Test:  22%|██▏       | 24/109 [00:01<00:05, 14.50it/s]
Test:  24%|██▍       | 26/109 [00:01<00:05, 14.84it/s]
Test:  26%|██▌       | 28/109 [00:01<00:05, 14.57it/s]
Test:  28%|██▊       | 30/109 [00:02<00:05, 14.55it/s]
Test:  29%|██▉       | 32/109 [00:02<00:05, 14.80it/s]
Test:  31%|███       | 34/109 [00:02<00:04, 15.01it/s]
Test:  33%|███▎      | 36/109 [00:02<00:04, 15.21it/s]
Test:  35%|███▍      | 38/109 [00:02<00:04, 15.19it/s]
Test:  37%|███▋      | 40/109 [00:02<00:04, 15.03it/s]
Test:  39%|███▊      | 42/109 [00:02<00:04, 14.96it/s]
Test:  40%|████      | 44/109 [00:02<00:04, 14.95it/s]
Test:  42%|████▏     | 46/109 [00:03<00:04, 14.88it/s]
Test:  44%|████▍     | 48/109 [00:03<00:04, 14.76it/s]
Test:  46%|████▌     | 50/109 [00:03<00:03, 14.78it/s]
Test:  48%|████▊     | 52/109 [00:03<00:03, 14.63it/s]
Test:  50%|████▉     | 54/109 [00:03<00:03, 14.86it/s]
Test:  51%|█████▏    | 56/109 [00:03<00:03, 14.99it/s]
Test:  53%|█████▎    | 58/109 [00:03<00:03, 15.43it/s]
Test:  55%|█████▌    | 60/109 [00:03<00:03, 15.64it/s]
Test:  57%|█████▋    | 62/109 [00:04<00:02, 15.78it/s]
Test:  59%|█████▊    | 64/109 [00:04<00:02, 16.03it/s]
Test:  61%|██████    | 66/109 [00:04<00:02, 16.21it/s]
Test:  62%|██████▏   | 68/109 [00:04<00:02, 16.21it/s]
Test:  64%|██████▍   | 70/109 [00:04<00:02, 16.28it/s]
Test:  66%|██████▌   | 72/109 [00:04<00:02, 16.21it/s]
Test:  68%|██████▊   | 74/109 [00:04<00:02, 16.06it/s]
Test:  70%|██████▉   | 76/109 [00:04<00:02, 16.24it/s]
Test:  72%|███████▏  | 78/109 [00:05<00:01, 16.50it/s]
Test:  73%|███████▎  | 80/109 [00:05<00:01, 16.53it/s]
Test:  75%|███████▌  | 82/109 [00:05<00:01, 16.67it/s]
Test:  77%|███████▋  | 84/109 [00:05<00:01, 16.66it/s]
Test:  79%|███████▉  | 86/109 [00:05<00:01, 16.49it/s]
Test:  81%|████████  | 88/109 [00:05<00:01, 16.59it/s]
Test:  83%|████████▎ | 90/109 [00:05<00:01, 16.17it/s]
Test:  84%|████████▍ | 92/109 [00:05<00:01, 16.11it/s]
Test:  86%|████████▌ | 94/109 [00:06<00:00, 16.05it/s]
Test:  88%|████████▊ | 96/109 [00:06<00:00, 16.28it/s]
Test:  90%|████████▉ | 98/109 [00:06<00:00, 16.52it/s]
Test:  92%|█████████▏| 100/109 [00:06<00:00, 16.64it/s]
Test:  94%|█████████▎| 102/109 [00:06<00:00, 16.22it/s]
Test:  95%|█████████▌| 104/109 [00:06<00:00, 16.65it/s]
Test:  97%|█████████▋| 106/109 [00:06<00:00, 17.05it/s]
Test:  99%|█████████▉| 108/109 [00:06<00:00, 17.15it/s]
Test: 100%|██████████| 109/109 [00:06<00:00, 15.67it/s]
