filename,dice,iou,sensitivity,precision,specificity,accuracy,hd95,cldice,boundary_f1,tp,tn,fp,fn
ANFC_000029.png,0.9205865102685873,0.8528580743476573,0.9575402635483723,0.8863790377358958,0.982455528427233,0.9793395996096904,7.0,0.9848479798831452,0.5668344689955943,7848.0,56334.0,1006.0,348.0
ANFC_000030.png,0.7562610229563479,0.6080544527116554,0.7792585413667897,0.7345820009742845,0.9810776921952633,0.9683685302739202,17.103770901943026,0.8180304708071168,0.5272219180770944,3216.0,60247.0,1162.0,911.0
ANFC_000031.png,0.8404270462709169,0.7247728946947563,0.8699410609165087,0.8128499311782607,0.9631656911633216,0.9486846923835957,5.0,0.946917479295552,0.6313255976684559,8856.0,53317.0,2039.0,1324.0
ANFC_000032.png,0.7644467935269359,0.6187081135306781,0.8013667005447072,0.7307789473910923,0.9415614089615303,0.9183959960949952,31.064449134018133,0.8715316421027965,0.6867180904725749,8678.0,51510.0,3197.0,2151.0
ANFC_000033.png,0.7708750835156396,0.6271739130840028,0.7805735931032773,0.7614146213035874,0.9689047881128078,0.9476623535164237,11.045361017187261,0.8603964916910434,0.6924325943412392,5770.0,56336.0,1808.0,1622.0
ANFC_000034.png,0.8553806617503771,0.7473057925743931,0.8530240902289821,0.8577502899294227,0.980877156516648,0.9656524658208367,5.0,0.9426951091503266,0.7582354108359782,6657.0,56628.0,1104.0,1147.0
ANFC_000035.png,0.856778974189141,0.7494429815931292,0.9290646578871231,0.7949296380067752,0.9668409442259672,0.9622497558599511,5.0,0.9707051121668934,0.6504301034953248,7400.0,55662.0,1909.0,565.0
ANFC_000036.png,0.8212799167766285,0.696755683139096,0.9474789916124012,0.7247474748106639,0.980724712237465,0.979034423828445,7.0,0.9696964649974239,0.5137315125177002,3157.0,61005.0,1199.0,175.0
ANFC_000037.png,0.8310442909523735,0.7109288098288475,0.9447524020796836,0.7417670100476184,0.9703945179966337,0.9682769775395467,6.662441978239364,0.9170286426921421,0.6286246283658343,5113.0,58344.0,1780.0,299.0
ANFC_000038.png,0.8430923724549145,0.7287464896950796,0.8959510357978734,0.7961232743276917,0.9752890271114988,0.9675750732426823,8.977200187265897,0.9075836456860046,0.5271518186540037,5709.0,57702.0,1462.0,663.0
ANFC_000039.png,0.8631095226008113,0.7591844067403948,0.8266014670096233,0.9029914530018172,0.9835837356044261,0.9590911865240618,5.0,0.9549285838040492,0.7539775669008156,8452.0,54403.0,908.0,1773.0
ANFC_000040.png,0.8068958684332262,0.6762996180305348,0.8076961222049295,0.8060971988710188,0.9646727859635246,0.9405212402352827,9.0,0.8670983642621922,0.561339193840269,8144.0,53494.0,1959.0,1939.0
ANFC_000041.png,0.8086376404578371,0.6787503684292109,0.8048929663779036,0.8124173207679322,0.9606773770135387,0.9334716796885153,8.06225774829855,0.9029487662808281,0.6354227795070968,9212.0,51964.0,2127.0,2233.0
ANFC_000042.png,0.9455477258225979,0.8967193195834915,0.9455477258284117,0.9455477258284117,0.9958095738912492,0.9922180175782439,2.8284271247461903,0.9770039449110232,0.9092891155140258,4428.0,60598.0,255.0,255.0
ANFC_000043.png,0.8111499939778478,0.6822980105884797,0.8897418928008284,0.7453154451995437,0.9603835739300739,0.9522399902351039,5.830951894845301,0.9322944620681595,0.7259962494023344,6722.0,55684.0,2297.0,833.0
ANFC_000044.png,0.8088663989984672,0.6790727743185193,0.8241425689504436,0.7941462361168435,0.9663334157634802,0.9469757080086217,20.255837797469272,0.9189001430043521,0.7057427023754408,7353.0,54708.0,1906.0,1569.0
ANFC_000045.png,0.8127240143474057,0.6845283019165539,0.8692943572697622,0.763066568538956,0.9606043120187343,0.9489746093757787,6.810332556124564,0.8864547314047141,0.7194398812611511,7256.0,54936.0,2253.0,1091.0
ANFC_000046.png,0.7754888724456475,0.6333048798098375,0.7061949710711355,0.8598609233281957,0.9725859169836463,0.9213409423840129,13.45362404707371,0.8909068226032275,0.5312309623640251,8903.0,51478.0,1451.0,3704.0
ANFC_000047.png,0.8283795742112134,0.7070374978045995,0.7586042520966151,0.9122907590102854,0.9861027848931622,0.9496917724617052,11.045361017187261,0.8914141391105717,0.619878062539101,7957.0,54282.0,765.0,2532.0
ANFC_000048.png,0.7568058076382677,0.6087591241283881,0.7890255440209454,0.7271142110191663,0.9623131568542871,0.9427490234383736,7.280109889280518,0.830672090544121,0.6367087361881324,5838.0,55946.0,2191.0,1561.0
ANFC_000049.png,0.7840375586978108,0.6447876448210954,0.7797517367293302,0.7883707541982302,0.9676151880897258,0.9424438476571283,5.656854249492381,0.8908256867236775,0.7201409758798833,6847.0,54917.0,1838.0,1934.0
ANFC_000050.png,0.8581025338916852,0.7514707400401001,0.8600283487054066,0.8561853245700629,0.9785701769760194,0.9632568359380608,4.242640687119285,0.9545114053518833,0.7618505538496049,7281.0,55847.0,1223.0,1185.0
ANFC_000051.png,0.8198885659023808,0.6947552088992348,0.8253871479300833,0.8144627602196531,0.9731054329820684,0.9546203613288176,4.0,0.9394068000169277,0.7888391377917118,6769.0,55793.0,1542.0,1432.0
ANFC_000052.png,0.8331827515468919,0.7140644798173965,0.8560337552864107,0.8115200000150784,0.9561151883180696,0.9380187988290709,9.0,0.8878524732839365,0.7010760041467993,10144.0,51330.0,2356.0,1706.0
ANFC_000053.png,0.8006973756744037,0.6676358072174724,0.9085797584435048,0.7157152231204302,0.9380318958746686,0.9337158203135115,19.0,0.9125879657453818,0.4371489205993151,8726.0,52466.0,3466.0,878.0
ANFC_000054.png,0.8746040255434181,0.7771522605424258,0.8953302734089672,0.8548156616314361,0.9725474655046916,0.9607391357427867,4.47213595499958,0.9379633890552888,0.7676415928955403,8973.0,53990.0,1524.0,1049.0
ANFC_000055.png,0.8544522062138804,0.7458896179277584,0.8922437673229692,0.819731930792354,0.9611559975146939,0.9497680664070166,7.0,0.9108206770958338,0.6427162688917657,9663.0,52581.0,2125.0,1167.0
ANFC_000056.png,0.8143518240390437,0.6868410381501581,0.937586493227569,0.7197492829363913,0.954759046476509,0.9528656005866568,4.0,0.9469510889486443,0.8122892511631261,6775.0,55672.0,2638.0,451.0
ANFC_000057.png,0.7251352864853264,0.5687939111332571,0.8306968790805059,0.6433774835617956,0.9829580518065263,0.9775238037112806,4.47213595499958,0.8449034868664763,0.7593664815009837,1943.0,62120.0,1077.0,396.0
ANFC_000058.png,0.6761789925190127,0.5107782613590954,0.6259456778338155,0.73517844140784,0.9683677552943405,0.9262390136730007,32.52064333979053,0.7586458236831007,0.5502114789172283,5047.0,55655.0,1818.0,3016.0
ANFC_000059.png,0.8268308566794843,0.7047840129486492,0.8502374284852993,0.8046784973721274,0.9704307171646559,0.9553680419928686,4.0,0.937579849025334,0.8263203521003606,6983.0,55628.0,1695.0,1230.0
ANFC_000060.png,0.7842948910497511,0.6451358025041841,0.8754858598210045,0.7103088299575567,0.9541282823942466,0.9451751708992742,4.0,0.9412749977127208,0.7711199313939593,6532.0,55411.0,2664.0,929.0
ANFC_000061.png,0.729623025997859,0.5743358396416706,0.8205385276682128,0.6568447604154042,0.9488847901091491,0.9352111816416137,15.976261731621523,0.8422539182938416,0.6880367663306497,5729.0,55561.0,2993.0,1253.0
ANFC_000062.png,0.7076669802617788,0.5475887170566344,0.7268115942358924,0.6895050412821374,0.9526687159432606,0.9241333007824077,33.0,0.8157638066478559,0.6836961256970469,6018.0,54546.0,2710.0,2262.0
ANFC_000063.png,0.6603982301153288,0.49298100749168566,0.6729468599560472,0.6483090289096636,0.961787411927961,0.9344177246103758,33.0,0.7131381376423611,0.5648812371940178,4179.0,57059.0,2267.0,2031.0
ANFC_000064.png,0.7539425362380767,0.6050624134517815,0.9577387486510764,0.6216601355106306,0.9833317638198303,0.9826202392580778,6.324555320336759,0.9902875113469547,0.4027269006116298,1745.0,62652.0,1062.0,77.0
ANFC_000065.png,0.7957772795407533,0.6608223429541005,0.8847112588523658,0.7230899830690849,0.9731398834034923,0.966644287109884,3.605551275463989,0.9296707218361916,0.7926701828822893,4259.0,59091.0,1631.0,555.0
ANFC_000066.png,0.8121055651445632,0.6836512920348583,0.9027423469697888,0.7380083420912387,0.9838942307694889,0.9800109863284301,10.007481343168127,0.8637039857823272,0.7662960348170501,2831.0,61395.0,1005.0,305.0
ANFC_000067.png,0.6433639948374864,0.4742347929197076,0.5947521867858347,0.7006296510013569,0.9917609250450272,0.9792938232425036,111.57060544785082,0.7010924660256203,0.5530257232984277,1224.0,62955.0,523.0,834.0
ANFC_000068.png,0.7456356642917807,0.5944330870271374,0.6899069173772755,0.8111587983237856,0.9853472534428068,0.9606475830084131,13.571901216403056,0.8615891658290818,0.6755198026671239,3780.0,59177.0,880.0,1699.0
ANFC_000069.png,0.8152680247642865,0.6881455399427059,0.8433544304022793,0.7889920603163784,0.9732350129732822,0.9594573974615562,4.0,0.9241880006731178,0.8138305814991564,5863.0,57016.0,1568.0,1089.0
ANFC_000070.png,0.7727602347041492,0.6296733992662578,0.8291130287411073,0.7235802469477062,0.9617048933593018,0.9474029541023652,13.0,0.8751829103638711,0.7548510228452977,5861.0,56228.0,2239.0,1208.0
ANFC_000071.png,0.773667130294514,0.6308785725645125,0.8556193601608656,0.7060416314594615,0.9713649851636768,0.9627532958990059,7.810249675906654,0.9035382771423871,0.7144013137474274,4172.0,58923.0,1737.0,704.0
ANFC_000072.png,0.771921418358428,0.6285602810657198,0.805902951572835,0.740689655291637,0.9911232824969526,0.9854736328127217,8.009338662244774,0.8250394544369011,0.7650629068128767,1611.0,62973.0,564.0,388.0
ANFC_000073.png,0.7611117362573921,0.6143505904074159,0.8140570465983804,0.714632857927667,0.9528019990572142,0.9352111816416137,11.045361017187261,0.8886085018154544,0.7280011192893878,6764.0,54526.0,2701.0,1545.0
ANFC_000074.png,0.5239194986724119,0.35493965160709,0.5825385182813363,0.4760191849664153,0.9863805650353517,0.9779815673831486,36.22154055254967,0.6103365272837489,0.5411979920100536,794.0,63299.0,874.0,569.0
ANFC_000075.png,0.7891075333354983,0.6516743271005666,0.7640492687590266,0.8158651870876017,0.9928818837587327,0.9838104248049346,3.605551275463989,0.9241463096765012,0.7338849559873347,1985.0,62490.0,448.0,613.0
ANFC_000076.png,0.7195345329469309,0.5619320094981601,0.7247666594910426,0.7143774069930728,0.9780892514241479,0.9602813720709187,29.02061637330203,0.7959576774318532,0.7396012316842603,3339.0,59594.0,1335.0,1268.0
ANFC_000078.png,0.7767366720697305,0.6349709456372199,0.7943168677029049,0.7599178125873371,0.9744632920334472,0.9578247070318936,5.0,0.8936323501063401,0.7751830783197876,4808.0,57964.0,1519.0,1245.0
ANFC_000079.png,0.7614199229827435,0.6147522773573089,0.8225326992204124,0.7087602459762397,0.9817120247059494,0.9735412597660288,4.0,0.8605975901915076,0.7636842020365234,2767.0,61035.0,1137.0,597.0
ANFC_000080.png,0.7569892473593374,0.6089965399153834,0.8059950042439655,0.7136011796116473,0.9876928437927631,0.981033325195602,4.030776406404415,0.8849637393753731,0.7912540567402334,1936.0,62357.0,777.0,466.0
ANFC_000081.png,0.8343451865419146,0.7157738097352873,0.8063704947138554,0.8643306380374387,0.9976532023685925,0.994171142578214,3.0,0.955016795210378,0.893467792952065,962.0,64192.0,151.0,231.0
ANFC_000082.png,0.7548291233486191,0.6062052506488723,0.7316370619728537,0.7795396419813232,0.9781908344160071,0.9546813964850666,9.848857801796104,0.8477119797109683,0.7700716054692688,4572.0,57994.0,1293.0,1677.0
ANFC_000083.png,0.7880270542829145,0.6502018523746849,0.8495190816476825,0.734836285632089,0.9841445605253455,0.9775238037112806,4.947213595499886,0.9101742405202968,0.7547719576828853,2738.0,61325.0,988.0,485.0
ANFC_000084.png,0.7654584222373512,0.6200345424783962,0.8614277145402354,0.6887290169358615,0.9898385758350712,0.986572265625205,4.242640687119285,0.9333139971189992,0.7809316307883395,1436.0,63220.0,649.0,231.0
ANFC_000140.png,0.8975567938339626,0.8141524105960728,0.9068299925876231,0.8884713298716849,0.9839871897520801,0.9744720458988272,3.605551275463989,0.9657974898431217,0.8524508369130824,7329.0,56534.0,920.0,753.0
ANFC_000141.png,0.8591009408840109,0.753003461641926,0.8974639000245767,0.823883257232496,0.9724059691077336,0.96298217773494,4.0,0.9752371776973505,0.755392111935354,7396.0,55714.0,1581.0,845.0
ANFC_000142.png,0.8404375707380588,0.7247885491515085,0.9311786012912819,0.7658111824282985,0.9649748106520961,0.9612731933599661,6.708203932499369,0.930430134079861,0.7560587301789226,6684.0,56314.0,2044.0,494.0
ANFC_000143.png,0.8460806470889687,0.7332233790605893,0.8703046617068023,0.8231686147641282,0.9733626205049708,0.9605102539068526,5.0,0.9465431928955224,0.7571164404428616,7113.0,55835.0,1528.0,1060.0
ANFC_000144.png,0.7912124582985978,0.6545504739436321,0.8873502994152507,0.7138699317830319,0.9504346314334069,0.9427185058602492,17.26267650163207,0.8446546995477848,0.7380966618283324,7113.0,54669.0,2851.0,903.0
ANFC_000145.png,0.8184723553996107,0.6927238301740974,0.8934240362997691,0.7551231019084295,0.9722254736389107,0.9653320312505291,12.882491021535417,0.8828883586378302,0.6233818445613508,5122.0,58142.0,1661.0,611.0
ANFC_000146.png,0.8465421504484424,0.733916849073541,0.7942221170271792,0.9062415563614586,0.9943405150621509,0.9814453125002832,60.457883538625346,0.921465466685209,0.4940630790862581,3354.0,60966.0,347.0,869.0
ANFC_000147.png,0.8560375794816144,0.7483091788655513,0.9021549214314765,0.8144058886359591,0.9944687318824414,0.992050170898559,15.029705854077825,0.870933384677574,0.653796804761016,1549.0,63466.0,353.0,168.0
ANFC_000148.png,0.8505231689189752,0.7399219766237236,0.9078909196536277,0.7999744376533775,0.9733126428161845,0.9664306640630124,5.0,0.9705174271984606,0.8132895274936333,6259.0,57077.0,1565.0,635.0
ANFC_000149.png,0.8137100636372915,0.685928489078901,0.899969733671312,0.742539642933882,0.9650081455341263,0.9584503173834467,8.06225774829855,0.9394940088946796,0.6181006802123679,5947.0,56866.0,2062.0,661.0
ANFC_000150.png,0.8203695472842486,0.6954462267525626,0.9173530247206259,0.7419317790580071,0.9615858036728282,0.9568328857428463,19.46546734971851,0.9077843510047977,0.8376089000750494,6460.0,56247.0,2247.0,582.0
ANFC_000151.png,0.8640832851424676,0.76069246437876,0.9036290322677794,0.8278537126128691,0.966484464902789,0.9569702148444067,4.0,0.9899198345763335,0.8050519404731737,8964.0,53752.0,1864.0,956.0
ANFC_000152.png,0.7758134415783302,0.6337379186745631,0.8569908814807005,0.7086841774904256,0.960682542914026,0.9502716064460714,32.00781963840619,0.8623996567935365,0.6951296937789736,5639.0,56638.0,2318.0,941.0
ANFC_000153.png,0.796691568850274,0.6620842572436714,0.8676449222914943,0.7364656554770668,0.9635653760257179,0.9534912109382098,27.691887278334562,0.8745857363515941,0.7074767564701693,5972.0,56516.0,2137.0,911.0
ANFC_000154.png,0.81907765078051,0.6935914553077891,0.8781518523907379,0.7674504493700048,0.9676745897296631,0.9579772949225164,4.0,0.9428896434915002,0.7657724452998051,6234.0,56548.0,1889.0,865.0
ANFC_000155.png,0.8430945680537836,0.7287497705407794,0.9047293447402018,0.7893219328107653,0.9626680291051485,0.9549102783210006,4.0,0.9651317990494188,0.7971767530100939,7939.0,54642.0,2119.0,836.0
ANFC_000156.png,0.8354654595713968,0.7174243705057589,0.8884470489978136,0.788447251153706,0.9812534974821217,0.9744873046878894,6.0,0.9219637594103883,0.7971679310117743,4245.0,59619.0,1139.0,533.0
ANFC_000157.png,0.8324697754839988,0.713017751505823,0.8637025422932353,0.8034170226270011,0.9666649001012831,0.9526367187507229,5.0,0.9140043593154612,0.7322024336125795,7712.0,54720.0,1887.0,1217.0
ANFC_000159.png,0.792842517600566,0.6567846608175834,0.8943562964662871,0.7120243044912018,0.9702594250050323,0.9644927978521044,5.0,0.9023603776934455,0.6845296731990734,4453.0,58756.0,1801.0,526.0
ANFC_000160.png,0.8952777416485445,0.8104097974787553,0.9392657295019428,0.8552255499123617,0.9799859128316929,0.9754333496097499,7.981024967590639,0.9395012780013966,0.6837315231878606,6882.0,57044.0,1165.0,445.0
ANFC_000161.png,0.7357774969507892,0.5820000002786666,0.6710222907985992,0.8143656718149573,0.9969020004670833,0.9904327392579586,15.318522525094917,0.8879994988548627,0.6581924289702621,873.0,64036.0,199.0,428.0
ANFC_000162.png,0.8140929535359075,0.6864728192522155,0.922328597911932,0.7285923396281297,0.962326447680963,0.9583740234381353,9.055385138137417,0.8740418994264862,0.3739839904082337,5973.0,56835.0,2225.0,503.0
ANFC_000163.png,0.845209233692284,0.7319154762570437,0.9152494007581755,0.7851267991880384,0.908589161496468,0.9103698730482428,10.0,0.9254025032698885,0.537729386639218,16037.0,43625.0,4389.0,1485.0
ANFC_000164.png,0.8435796001338758,0.7294748520876803,0.8299438990301582,0.857670845723772,0.9616974803034227,0.9330291748057095,7.280109889280518,0.9275573166336476,0.5877290563351634,11835.0,49312.0,1964.0,2425.0
ANFC_000165.png,0.7784200385440168,0.6372239747858462,0.80774658932039,0.7511483777068065,0.9353378045558081,0.9105072021498032,14.939730936293351,0.8653748680572223,0.6425150723214265,10302.0,49369.0,3413.0,2452.0
ANFC_000166.png,0.8563267290672077,0.7487511956770777,0.873365152180415,0.8399403874909126,0.945651073822528,0.9278564453136009,4.242640687119285,0.9714871318462639,0.7403786237437987,14090.0,46718.0,2685.0,2043.0
ANFC_000167.png,0.8132474042315343,0.6852712242994466,0.8406987934087868,0.787532071299665,0.9411075018751589,0.9204101562512146,8.0,0.9045023446260126,0.59139283279539,11357.0,48963.0,3064.0,2152.0
ANFC_000168.png,0.8612820897867226,0.7563612393201897,0.8895952861079864,0.8347155536396457,0.9807741127493226,0.9718017578129304,4.0,0.9521884411963718,0.7101489514423199,5737.0,57951.0,1136.0,712.0
ANFC_000169.png,0.8025942440325095,0.6702775897407605,0.8129032258283985,0.7925434583951803,0.9681815789940856,0.9479827880867313,13.190689963197956,0.851289339793651,0.4813625586205574,6930.0,55197.0,1814.0,1595.0
ANFC_000170.png,0.8312958435340881,0.7112970711686737,0.9058095565648316,0.7681096050476447,0.9733581164812392,0.9673614501958107,11.0,0.8898647643493582,0.6879281111997962,5270.0,58127.0,1591.0,548.0
ANFC_000171.png,0.8375503806583757,0.7205046711104447,0.9227258711117653,0.7667708707135361,0.9077269317348041,0.9114379882826015,8.0,0.9694998237298293,0.488308517737137,14962.0,44770.0,4551.0,1253.0
ANFC_000172.png,0.860460570048854,0.7550950387871341,0.8741658722692909,0.8471783817193642,0.9625103875507571,0.9455413818367686,4.123105625617661,0.9626494916490218,0.727549714947661,11004.0,50963.0,1985.0,1584.0
ANFC_000173.png,0.7873259000718051,0.6492477246208131,0.8508601103658828,0.7326206944922364,0.9280801323023363,0.9135589599622566,8.94427190999916,0.9033964876851325,0.6716578226700524,10486.0,49385.0,3827.0,1838.0
ANFC_000174.png,0.8222247241712326,0.6981168148649157,0.8838194360542394,0.7686559309789858,0.9616224049733448,0.9518127441413604,6.0,0.9190231858049671,0.7143582460541515,7303.0,55075.0,2198.0,960.0
ANFC_000175.png,0.8067326014061005,0.6760702608412995,0.887502495519315,0.7394377911061678,0.9435678518688791,0.934997558594742,8.06225774829855,0.9198210843428861,0.6135318257938384,8891.0,52385.0,3133.0,1127.0
ANFC_000176.png,0.8568572856480026,0.7495628278947313,0.8620268620367718,0.8517493435631432,0.959525700890095,0.9388122558603088,5.0990195135927845,0.9347227962539881,0.7431777862276842,12002.0,49524.0,2089.0,1921.0
ANFC_000177.png,0.8386512199962041,0.7221355327995836,0.9053940749154005,0.7810729355297079,0.9688934566637737,0.961959838867768,4.47213595499958,0.9693040738005961,0.7532505282626833,6479.0,56564.0,1816.0,677.0
ANFC_000179.png,0.8124149197097176,0.684089867105894,0.8661828737688874,0.7649320687605916,0.985231353980686,0.978973388672196,3.0,0.9770018769852149,0.8062010495449173,2984.0,61174.0,917.0,461.0
ANFC_000180.png,0.7526441968867125,0.6033917467944159,0.8449968334634267,0.6784897025580359,0.9572948328274689,0.9464721679695669,6.383482008158826,0.81554608381097,0.6187459325898409,5337.0,56691.0,2529.0,979.0
ANFC_000181.png,0.7212568018499862,0.5640356898333513,0.7736772736257433,0.6754890679474784,0.9672229140727734,0.9515380859382396,30.549668059737346,0.7932638881249178,0.6384001379250402,4109.0,58251.0,1974.0,1202.0
ANFC_000182.png,0.7874671341022144,0.6494398265522631,0.8373718546283904,0.7431761786812923,0.9433456190938337,0.9259948730480043,8.06225774829855,0.9193316617671292,0.5805296827571935,8985.0,51701.0,3105.0,1745.0
ANFC_000183.png,0.7675272646468102,0.6227539503726633,0.7802918882475063,0.7551735465066053,0.9605622872469344,0.9362487792978479,11.180339887498949,0.8742127236085219,0.6341597868106458,6897.0,54461.0,2236.0,1942.0
ANFC_000184.png,0.7392257122258974,0.5863267671600187,0.8244878957578007,0.6699451485398249,0.9715055519273105,0.9618682861333945,25.47499451914846,0.8002715711242727,0.5224224280364195,3542.0,59495.0,1745.0,754.0
ANFC_000185.png,0.7151925518710123,0.556653491509115,0.7734553776262115,0.6650924833402021,0.9721740836416936,0.9589233398443768,35.1123561882596,0.8373531439503852,0.4487504546973239,3380.0,59464.0,1702.0,990.0
ANFC_000186.png,0.8324675324830735,0.7130144605572836,0.9518455664081787,0.7396966700066442,0.9740389990468246,0.9724426269535456,7.347242532597173,0.9700849663312265,0.3821262045983485,4487.0,59243.0,1579.0,227.0
ANFC_000187.png,0.7909697619023671,0.6542183454198967,0.8670520231454024,0.7271625511699497,0.9699833333338336,0.9612884521490282,6.708203932499369,0.903134654598925,0.745940702140427,4800.0,58199.0,1801.0,736.0
ANFC_000188.png,0.865180669342403,0.7623950755721998,0.9270549809571237,0.8110489344194489,0.9727263353273402,0.9676055908208069,4.0,0.9821744007056425,0.8327055906143838,6812.0,56601.0,1587.0,536.0
ANFC_000189.png,0.7121396670921546,0.5529634300595877,0.6836429778246534,0.7431153792200091,0.9685506319270984,0.9350891113291155,16.153945475163184,0.8299882331740331,0.44508720219610526,5262.0,56020.0,1819.0,2435.0
ANFC_000190.png,0.8573038350352212,0.7502465321313361,0.9022770398559237,0.8166010733583827,0.9515391014984205,0.9420318603524471,4.0,0.9596230642059459,0.8591604969372896,11412.0,50325.0,2563.0,1236.0
ANFC_000191.png,0.7407636739173619,0.5882642190479815,0.8077875309908197,0.6840099104852277,0.9728610479110068,0.961669921875585,23.027997562588663,0.836467743841241,0.4185072417805666,3589.0,59435.0,1658.0,854.0
ANFC_000192.png,0.8210439105404884,0.6964160225410372,0.9077169681915005,0.7494800529874305,0.9783387009763387,0.9736328125004025,4.0,0.9564179789522982,0.709278877478205,3964.0,59844.0,1325.0,403.0
ANFC_000193.png,0.8775340183395784,0.7817911925149611,0.9743062692755794,0.7982485685755728,0.980254157670382,0.9798126220706207,7.280109889280518,0.9464018138187279,0.5675177473797625,4740.0,59473.0,1198.0,125.0
ANFC_000194.png,0.7978321763611111,0.6636612298993353,0.890928872583853,0.7223508656166776,0.9567227540698018,0.949340820313273,7.615773105863909,0.8786172220766951,0.6323769590247826,6551.0,55665.0,2518.0,802.0
ANFC_000195.png,0.8199840693946374,0.6948923723321914,0.8893261662613432,0.7606732348308151,0.9471134656564623,0.9379272460946972,4.0,0.9638926995620695,0.7134069747517157,9265.0,52203.0,2915.0,1153.0
ANFC_000196.png,0.8479303534783793,0.7360061573092636,0.9028409578660337,0.7993161094377419,0.9509882156453375,0.942428588868066,3.1622776601683795,0.9695349441345315,0.8242650835147469,10519.0,51244.0,2641.0,1132.0
ANFC_000197.png,0.7394932483821629,0.5866634569421711,0.6390175684259228,0.8774603936776932,0.9811257972089634,0.9214019775402619,24.88238518916761,0.8129162313275168,0.5761859749017566,7311.0,53074.0,1021.0,4130.0
ANFC_000198.png,0.6779017328084733,0.5127468583437176,0.7587672689910907,0.6126126127788021,0.9858139315677599,0.9792938232425036,114.14878253013408,0.7545709237459772,0.6110982746453224,1428.0,62751.0,903.0,454.0
ANFC_000199.png,0.865186111988415,0.7624035281408595,0.8805552018489042,0.8503443187591805,0.9789019295116602,0.9671173095708143,3.605551275463989,0.9571086506127732,0.7881606850999384,6915.0,56466.0,1217.0,938.0
ANFC_000200.png,0.86520309683608,0.7624299065642589,0.90725088969003,0.8268801946252908,0.9697934352014397,0.961212158203717,4.0,0.9791310638953585,0.7250379950140263,8158.0,54836.0,1708.0,834.0
ANFC_000201.png,0.8350012008778319,0.7167399670537741,0.8411290322836888,0.8289620092467077,0.9818659835516067,0.9685516357426674,4.123105625617661,0.9423955115057098,0.741842791019257,5215.0,58260.0,1076.0,985.0
ANFC_000202.png,0.7430009437334066,0.5910910911934206,0.791554959855377,0.7000592769116599,0.9838214605450853,0.9750671386722556,14.317821063276353,0.8252225094556067,0.6861210880545735,2362.0,61540.0,1012.0,622.0
ANFC_000203.png,0.7247754886908302,0.5683512842948492,0.693629929324695,0.7588495576110437,0.989547539516541,0.9761505126956765,112.62059461203883,0.7246535465572123,0.6034800639468005,2058.0,61915.0,654.0,909.0
ANFC_000204.png,0.8266692929065719,0.7045492698162583,0.8727386151231569,0.7852198316585183,0.9810957234840993,0.9731445312504099,12.165525060596439,0.8823044696120864,0.7874995009632406,4197.0,59579.0,1148.0,612.0
ANFC_000205.png,0.8385382844419069,0.7219680797273591,0.8356277209276823,0.8414691943315795,0.9765415432092056,0.9582672119146994,5.0,0.9507504456127209,0.7127464800823851,7102.0,55699.0,1338.0,1397.0
ANFC_000206.png,0.8203252920084966,0.695382622402574,0.892517814739606,0.7589375883903315,0.9582078576938474,0.9497680664070166,5.656854249492381,0.9294135183455176,0.6433147900408128,7515.0,54729.0,2387.0,905.0
ANFC_000207.png,0.8718083360766782,0.77274842916305,0.8952547856706317,0.8495586542344175,0.9797653050693457,0.9701995849613924,4.0,0.9579397426151247,0.8364627563353567,6641.0,56942.0,1176.0,777.0
ANFC_000208.png,0.8120591723480395,0.683585540176168,0.7907853148807701,0.8345093008550982,0.9774908392954547,0.9540557861335136,10.0,0.9029714694560598,0.77122910698456,6505.0,56020.0,1290.0,1721.0
ANFC_000209.png,0.6640788296016485,0.4970943229785006,0.7188106013453067,0.6170921200793051,0.9892168966542809,0.9828338623049495,82.00274380042762,0.7805650103931915,0.5946569551367,1112.0,63299.0,690.0,435.0
ANFC_000210.png,0.686051296161562,0.5221294364254426,0.6419404518372843,0.7366715759243971,0.9854964308892684,0.9650726318364705,117.64644449325763,0.7160149457144018,0.41813681590889457,2501.0,60746.0,894.0,1395.0
ANFC_000211.png,0.8101961764575539,0.6809493804492859,0.8368611254938407,0.7851780092552244,0.9856151276315135,0.9768218994144163,7.2383014737975,0.8970214579388078,0.8013413168788462,3242.0,60775.0,887.0,632.0
ANFC_000212.png,0.71991084700596,0.5623911783045876,0.9509322865795229,0.5791990437599526,0.9778260732624992,0.9769897460941012,25.09728055372553,0.9166236791551957,0.723377730595089,1938.0,62090.0,1408.0,100.0
ANFC_000213.png,0.83782549110664,0.7209119497294164,0.8423663421197196,0.8333333333636254,0.9847403191722041,0.9729156494144758,4.242640687119285,0.9495263120067711,0.7487131053479912,4585.0,59176.0,917.0,858.0
ANFC_000214.png,0.8483501618508937,0.7366389798022788,0.870686235633609,0.8271314178212783,0.9669083171036769,0.9521026611335435,4.47213595499958,0.9430394687713564,0.737536205797718,8780.0,53617.0,1835.0,1304.0
ANFC_000215.png,0.9008416285768854,0.81957400498915,0.9315250044237917,0.872115146011075,0.9714854845259603,0.964584350586478,5.830951894845301,0.9746316460686903,0.5690324833172625,10543.0,52672.0,1546.0,775.0
ANFC_000216.png,0.7954225802457855,0.6603332979874394,0.8531267142274922,0.7450299401502958,0.9634468786490721,0.9511718750007452,9.433981132056603,0.9335375539967006,0.2780863147118597,6221.0,56115.0,2129.0,1071.0
ANFC_000217.png,0.8082550635864638,0.6782114518895335,0.9240321402594548,0.7182602771158005,0.9577277606454528,0.9542083740241364,7.0710678118654755,0.920152892429513,0.6262376336095932,6325.0,56210.0,2481.0,520.0
ANFC_000218.png,0.7831281416345066,0.6435584291614513,0.7316907160724625,0.8423444601406763,0.9827118061525569,0.9545745849616307,39.47804054536481,0.8420523175150287,0.6902009527348852,5375.0,57184.0,1006.0,1971.0
ANFC_000219.png,0.8141439206070631,0.6865453023973064,0.8212765957670493,0.8071340713644362,0.9727522329966852,0.9542846679694477,5.0,0.9086597513281963,0.7188354497153157,6562.0,55978.0,1568.0,1428.0
ANFC_000220.png,0.8222461207649795,0.6981476650405994,0.9028340081080933,0.7548660084856732,0.9539757079310435,0.9470367431648707,7.0,0.9060731828313524,0.5455814255942099,8028.0,54037.0,2607.0,864.0
ANFC_000221.png,0.8822998953979619,0.7893887562260771,0.9448393077916534,0.8275255430118732,0.9515325524803862,0.9502105712898223,8.54400374531753,0.9482622367034441,0.5989539326430741,12230.0,50043.0,2549.0,714.0
ANFC_000222.png,0.7871258676428169,0.6489757235803036,0.8925205534497173,0.7039936734121002,0.9326338144787331,0.9265289306651837,76.0,0.8229269113334737,0.5162469502876941,8902.0,51819.0,3743.0,1072.0
ANFC_000223.png,0.8404669260797382,0.7248322147939563,0.9083979498083325,0.7819889127976029,0.9667339927845956,0.9599609375006111,6.324555320336759,0.9232429127315183,0.6834836596097634,6912.0,56000.0,1927.0,697.0
ANFC_000224.png,0.8268752741755465,0.7048485604256701,0.868797050258289,0.7888129446521394,0.9743507208569917,0.9638671875005514,48.26649044159835,0.8678715432586767,0.6911453023998103,5655.0,57513.0,1514.0,854.0
ANFC_000225.png,0.8037819799886662,0.671936023835602,0.8818647791210807,0.7384017985143673,0.9553555857843229,0.9461669921883216,29.0,0.8923457808570956,0.5928187795364162,7226.0,54782.0,2560.0,968.0
ANFC_000226.png,0.801954807190112,0.669386106650292,0.852747478920277,0.7568727737914994,0.9523092909105968,0.9375457763681406,9.433981132056603,0.9174671570096243,0.6263023924301571,8287.0,53156.0,2662.0,1431.0
ANFC_000227.png,0.8423531673631475,0.727642613989235,0.8585284608740542,0.826776110970207,0.9668166784151744,0.9499511718757638,4.212756921743878,0.9463356644203417,0.7716422878259661,8763.0,53493.0,1836.0,1444.0
ANFC_000228.png,0.7695101816307369,0.6253689954713866,0.8564253338409378,0.6986109723494943,0.9474317187536396,0.9360961914072252,10.601669917161018,0.8507122172220233,0.6457693809907946,6991.0,54357.0,3016.0,1172.0
ANFC_000229.png,0.8058065014434556,0.6747704642862058,0.8568144499414098,0.7605305349423509,0.9723614709152447,0.9616241455083981,18.0,0.878088329280603,0.7069702135222882,5218.0,57803.0,1643.0,872.0
ANFC_000230.png,0.7949933163452433,0.6597418314522505,0.8783566058328796,0.7260821310263967,0.9800362389183325,0.9742584228519554,6.324555320336759,0.9359600884491224,0.610247813379937,3271.0,60578.0,1234.0,453.0
ANFC_000231.png,0.7929427430265527,0.6569222283981078,0.8828762046177027,0.7196374622780004,0.9691386764221959,0.9620361328130794,6.708203932499369,0.9244764786740185,0.7081680997916994,4764.0,58284.0,1856.0,632.0
ANFC_000232.png,0.7939588689078433,0.6583182351424578,0.8664609342311038,0.732653303317204,0.9614087352549967,0.9510803222663715,6.0,0.9149117713216355,0.6498076895220911,6177.0,56153.0,2254.0,952.0
ANFC_000233.png,0.8503716168945189,0.7396926079849119,0.9172591136110635,0.7925761338658246,0.9730674586343137,0.9674377441411219,4.123105625617661,0.9554084499476669,0.7882855059390387,6064.0,57338.0,1587.0,547.0
ANFC_000234.png,0.7987693113512196,0.6649591281019118,0.8251284825770722,0.7740421213176806,0.969368098793138,0.9530944824225909,15.026637102698317,0.8832847749216208,0.6743635432484064,6101.0,56361.0,1781.0,1293.0
ANFC_000235.png,0.6991790222155154,0.5374905803433514,0.7835759407350794,0.6311946903470808,0.973067291380999,0.9625396728521342,44.028836949317366,0.7872830891556247,0.4714858139737831,2853.0,60228.0,1667.0,788.0
ANFC_000236.png,0.7878890392780973,0.6500139548841714,0.8865626190001665,0.7089802131783927,0.9848034462479962,0.9808654785159171,11.970087712549596,0.8552256482363,0.7410729950002196,2329.0,61953.0,956.0,298.0
ANFC_000237.png,0.7903205688174728,0.6533305836969827,0.9166666666907793,0.6945845210053531,0.9775612113405676,0.974349975586329,6.708203932499369,0.9297158748745779,0.646834942221763,3168.0,60687.0,1393.0,288.0
ANFC_000238.png,0.8409579123366252,0.72556287757749,0.9283330405887348,0.7686154741465073,0.9734137660215327,0.969497680664528,4.123105625617661,0.9436980340449059,0.7835525634878683,5285.0,58252.0,1591.0,408.0
ANFC_000239.png,0.6821156908398874,0.5175838927469574,0.687344028631963,0.6769662922482563,0.9853342047793701,0.972579956055106,30.00999722376436,0.7960271200944568,0.6078127225100216,1928.0,61811.0,920.0,877.0
ANFC_000240.png,0.8137748980305046,0.6860206353052759,0.8582637307369618,0.7736710016487175,0.9838921815379736,0.9763183593753615,11.031752712031086,0.9119187677865954,0.661806986883716,3391.0,60593.0,992.0,560.0
ANFC_000241.png,0.7761274642383538,0.6341571050847077,0.8149338374640956,0.7408489431619094,0.9749692925675568,0.9620513916021417,8.48528137423857,0.8897263125533659,0.7047229667363258,4311.0,58738.0,1508.0,979.0
ANFC_000242.png,0.7761958997934514,0.6342484877254151,0.8432666529504502,0.7190082645122193,0.9736681661645218,0.9640197753911741,9.848857801796104,0.9051650136290484,0.5966329481755195,4089.0,59089.0,1598.0,760.0
ANFC_000243.png,0.8190226147252806,0.6935125303462497,0.9036208031726635,0.7489087734887704,0.9602871886926306,0.9537200927741438,5.0,0.9359995903660017,0.7534741572959349,6863.0,55640.0,2301.0,732.0
ANFC_000245.png,0.8808524122680483,0.7870743965606941,0.9632677813425221,0.8114281544325018,0.9521419443270027,0.9541015625007004,6.708203932499369,0.9905474301905149,0.5547215542052214,11119.0,51409.0,2584.0,424.0
ANFC_000246.png,0.8368590614510399,0.7194820797090381,0.8883395138122505,0.7910184913566908,0.946667665400523,0.9358673095712912,9.219544457292887,0.888301835041593,0.7032868623193856,10780.0,50553.0,2848.0,1355.0
ANFC_000247.png,0.7614080834679043,0.6147368421728532,0.7960018174020894,0.7296959600729496,0.978767952367279,0.9664916992192614,16.6142069527669,0.7966150128678879,0.5791914329054012,3504.0,59836.0,1298.0,898.0
ANFC_000248.png,0.8432470259059441,0.72897761649592,0.8873343151901079,0.8033333333661111,0.9803673632373824,0.9726562500004173,5.0,0.9093203027734192,0.7551982358587986,4820.0,58924.0,1180.0,612.0
ANFC_000249.png,0.8165954236954189,0.6900390957258169,0.8494454907041802,0.7861915367690334,0.9605559326885463,0.9443511962899117,6.4031242374328485,0.9380965017523987,0.635519429028503,8119.0,53770.0,2208.0,1439.0
ANFC_000250.png,0.7749422849082834,0.6325761434620988,0.7874714684520072,0.7628055521726071,0.9665047701653685,0.9449615478524024,46.63006797425938,0.8981615993441465,0.41509912260029214,6210.0,55719.0,1931.0,1676.0
ANFC_000251.png,0.781960227288213,0.6419825073303811,0.74847042831428,0.8185873606217714,0.9790309551231668,0.9531555175788399,44.388060729345,0.8465986021395875,0.5359711714953113,5505.0,56961.0,1220.0,1850.0
ANFC_000252.png,0.7699037620632978,0.6258890470303724,0.8065994501049192,0.7364016737136955,0.9848224467181983,0.9759216308597425,12.02287701833576,0.8678751443003369,0.36594717200317733,2640.0,61318.0,945.0,633.0
ANFC_000253.png,0.91067355937697,0.8359969293156538,0.9101891953567215,0.911158439194405,0.9776992840099723,0.9641418457036722,5.665559131760019,0.9673582608786566,0.6948651123842359,11979.0,51207.0,1168.0,1182.0
ANFC_000254.png,0.8096255690880969,0.6801436153855648,0.904974556038532,0.7324535597434266,0.9430661634510336,0.9374694824228292,5.0,0.9615807646942938,0.6043814380239044,8714.0,52724.0,3183.0,915.0
ANFC_000255.png,0.6315129671995994,0.46146799502330604,0.9608965188457566,0.4702999183720037,0.9260050210308434,0.9282379150401576,66.0007575322837,0.7760411904340107,0.5425682882685794,4030.0,56803.0,4539.0,164.0
ANFC_000256.png,0.7674459794750756,0.6226469320846894,0.8374565133673257,0.7082379863177121,0.9704284152286136,0.9599304199224865,4.47213595499958,0.8745385039750307,0.7379839324170189,4333.0,58577.0,1785.0,841.0
ANFC_000257.png,0.7786076147815006,0.6374754126710446,0.8579650092244515,0.7126876374689084,0.9471397410648196,0.9353179931650496,4.47213595499958,0.9171219668456946,0.6953298718998355,7454.0,53843.0,3005.0,1234.0
ANFC_000258.png,0.8185520168108984,0.6928379653368524,0.9242086922926911,0.7345745499511791,0.9375056607202698,0.9354095458994232,5.0,0.9462560407200938,0.6639764432243437,9548.0,51755.0,3450.0,783.0
ANFC_000259.png,0.8218646397815262,0.6975978037477559,0.8418088454792432,0.802843601926881,0.9790248575609838,0.9663848876958255,9.104632933884014,0.900507612257006,0.7070617547341363,5082.0,58251.0,1248.0,955.0
ANFC_000260.png,0.761668128239225,0.6150759304732807,0.8117341640901626,0.7174192364429681,0.9449254105114849,0.9253540039073891,36.24014402328305,0.8497536022588726,0.7205775078609229,7817.0,52827.0,3079.0,1813.0
ANFC_000261.png,0.8441592165358104,0.7303421272398523,0.8641300220350778,0.8250906454078977,0.9539422177251057,0.9358978271494157,4.0,0.9380034709959882,0.7748879543307611,11378.0,49957.0,2412.0,1789.0
ANFC_000262.png,0.8372531617574188,0.7200648793321186,0.85625141821463,0.8190796614044845,0.9706110503866117,0.9552307128913082,3.605551275463989,0.9503570551948624,0.8269692971124741,7547.0,55055.0,1667.0,1267.0
ANFC_000263.png,0.7912966252336092,0.6546656870265737,0.7573310667491149,0.8284518828651265,0.97370109044306,0.9426269531258755,11.180339887498949,0.8727686482935539,0.7726666964417872,7128.0,54648.0,1476.0,2284.0
ANFC_000264.png,0.7663086489806321,0.621151026462399,0.8584093212111426,0.6920563611002539,0.975514710658318,0.9684600830082939,39.859219093627324,0.8579046273365025,0.6915015918168117,3389.0,60080.0,1508.0,559.0
ANFC_000265.png,0.7964980789949929,0.66181704001865,0.8529610144539376,0.7470463138295078,0.9631643239343605,0.9506988525398149,5.0,0.9144162929568828,0.6525085617919613,6323.0,55982.0,2141.0,1090.0
ANFC_000266.png,0.8067557596209414,0.6761027896333583,0.839375586467681,0.7765764343953455,0.9473918941529483,0.9280700683604727,12.36931687685298,0.8757167110065717,0.6937045869695262,9840.0,50982.0,2831.0,1883.0
ANFC_000267.png,0.7512559207871928,0.6016091954480909,0.8051069066597282,0.7041571371311507,0.9627509104774667,0.9471130371101821,37.48332962798263,0.8452969847596316,0.6488340421666302,5234.0,56836.0,2199.0,1267.0
ANFC_000268.png,0.7210543877443232,0.5637881555486841,0.6927392210782595,0.7517829188116572,0.9759347015873326,0.9489746093757787,13.017282164682378,0.7978395925738676,0.6471898873982654,4322.0,57870.0,1427.0,1917.0
ANFC_000269.png,0.6959132406288884,0.5336402932217966,0.7189517660819152,0.6743053906822245,0.9524090428031923,0.9242706298839681,15.771660186256055,0.8007819875545621,0.680293530219762,5679.0,54894.0,2743.0,2220.0
ANFC_000270.png,0.7960670908275226,0.6612221368829319,0.8744599746189429,0.7305732484648464,0.979399685070382,0.9730987548832231,6.0,0.8730247305026188,0.7575233558620958,3441.0,60332.0,1269.0,494.0
ANFC_000271.png,0.7987705659194747,0.6649608669980492,0.7719727416089511,0.8274957857599746,0.9846020095968334,0.9660339355473934,9.0,0.912262602238931,0.6773064662534605,4418.0,58892.0,921.0,1305.0
ANFC_000272.png,0.8480136531859284,0.7361316872862335,0.8550669216338305,0.8410757946509168,0.9859881272180879,0.9755401611331859,3.605551275463989,0.9598015918077434,0.8334522602504076,4472.0,59461.0,845.0,758.0
ANFC_000273.png,0.8040007454927005,0.6722418450371658,0.829934590248822,0.7796385542434171,0.968322970609669,0.9518585205085471,10.0,0.8820874850502511,0.6823255149286077,6471.0,55910.0,1829.0,1326.0
ANFC_000274.png,0.6701392580344276,0.5039168665861044,0.5775009161638877,0.7981767536596159,0.9867339125805331,0.952651977539785,24.073834428786192,0.7411728268246207,0.4334181574190664,3152.0,59281.0,797.0,2306.0
ANFC_000275.png,0.8559118770606773,0.748117089855725,0.8352839185231656,0.8775844794719387,0.9751115720083867,0.9505004882820054,6.082762530298219,0.9154250828509626,0.805327449773326,9635.0,52657.0,1344.0,1900.0
ANFC_000276.png,0.7382416231372394,0.5850895359258023,0.8718460700904255,0.6401439424709924,0.9550202408923482,0.9480285644539181,53.358221803267234,0.8455960583987396,0.680494694466898,4803.0,57327.0,2700.0,706.0
ANFC_000277.png,0.7274626281266752,0.571663075862146,0.8622717425158973,0.629106921121248,0.9443917798025461,0.9362945556650347,20.024984394500787,0.8302986513369403,0.6491941803962353,5572.0,55789.0,3285.0,890.0
ANFC_000278.png,0.8760704091415277,0.7794708994942359,0.9453285421014722,0.8162677305168143,0.9712870601279564,0.9682006835942353,5.385164807134504,0.9270013957629648,0.6664691279798903,7366.0,56086.0,1658.0,426.0
ANFC_000279.png,0.7912034328168908,0.654538120237633,0.9312442607976074,0.6877755171509177,0.9351858369714349,0.9346618652353721,5.830951894845301,0.9359132499586014,0.4867970626288345,8113.0,53141.0,3683.0,599.0
ANFC_000280.png,0.8581076855820081,0.751478641867308,0.9115185332919465,0.810609640854134,0.9723663569450884,0.9653778076177159,5.0,0.9624165353716363,0.7062122071735416,6861.0,56406.0,1603.0,666.0
ANFC_000281.png,0.8328759208516118,0.7136138614097678,0.9227568548039308,0.758950508971661,0.951088795115092,0.9470367431648707,7.810249675906654,0.9111284595395478,0.7608826029519318,8649.0,53416.0,2747.0,724.0
ANFC_000282.png,0.7903115901759084,0.6533183122026507,0.8554378436562374,0.7344001842350449,0.9602782417059474,0.9483489990242258,7.0,0.8527171989335603,0.6883222383309218,6379.0,55772.0,2307.0,1078.0
ANFC_000283.png,0.7911521854484073,0.6544679784650665,0.8124465188788451,0.7709455968280102,0.9410983086892599,0.915863037110659,8.0,0.8448580895013039,0.6811086438443802,10444.0,49578.0,3103.0,2411.0
ANFC_000284.png,0.7592894267505012,0.6119794923581369,0.7675658720565298,0.7511895625861567,0.9725997295474543,0.952651977539785,10.101732813243514,0.8593073398216602,0.719668584400101,4894.0,57539.0,1621.0,1482.0
ANFC_000285.png,0.8387939398522728,0.7223471945676234,0.8561090798403329,0.8221653255433675,0.9536139520692716,0.934082031251006,6.708203932499369,0.9310861385822062,0.7148202609605494,11239.0,49977.0,2431.0,1889.0
ANFC_000286.png,0.8400059532728082,0.7241467795917278,0.8554107305353584,0.8251461988431911,0.954298815438397,0.9343872070322513,6.708203932499369,0.9224291989577246,0.726052911755281,11288.0,49948.0,2392.0,1908.0
ANFC_000287.png,0.8373127340887441,0.7201530098838902,0.9032828282909695,0.780322862145119,0.9436968838537405,0.936370849610346,30.14962686336267,0.8816899545623613,0.5877943120774952,10731.0,50635.0,3021.0,1149.0
ANFC_000288.png,0.8882057287908942,0.7988939606918106,0.8863459291111856,0.8900733496440026,0.9796627343131711,0.9650421142583461,5.385164807134504,0.9761949457159989,0.6722208619361264,9101.0,54144.0,1124.0,1167.0
ANFC_000289.png,0.8297179240456904,0.7089896881312716,0.8742491614108551,0.789503346263508,0.9433199916546214,0.9298095703135711,8.246211251235321,0.8979942971499518,0.6530147207483677,11207.0,49729.0,2988.0,1612.0
ANFC_000291.png,0.80423280424471,0.6725663717147222,0.8548157724816011,0.7593017914837733,0.9637376515983506,0.9508819580085621,7.183095603115439,0.907532470972851,0.7396912760399746,6612.0,55705.0,2096.0,1123.0
ANFC_000292.png,0.7857988165771006,0.6471734893033156,0.8570901715049705,0.7254565319396398,0.935673797770421,0.9226684570324301,16.0312195418814,0.8425601357164676,0.6381693087821494,9296.0,51172.0,3518.0,1550.0
ANFC_000293.png,0.8314454317417456,0.7115161365554311,0.9328767123389837,0.7499082344610415,0.9653359563143958,0.9620819091802661,7.0710678118654755,0.9124928228892152,0.8265645722321249,6129.0,56922.0,2044.0,441.0
ANFC_000294.png,0.805698739991001,0.6746193502368278,0.8214598540406628,0.7905310480766323,0.9745935998368505,0.958587646485007,7.0,0.8980453141496245,0.7118955911940371,5627.0,57195.0,1491.0,1223.0
ANFC_000295.png,0.8095982003493346,0.6801049869102253,0.8933940146333755,0.7401736746183532,0.9609848159910614,0.953506469727272,5.0,0.9369863426587234,0.7663965739547304,6478.0,56011.0,2274.0,773.0
ANFC_000296.png,0.8072010704528402,0.6767285336168205,0.9075492341609548,0.7268346112317996,0.9798480930837129,0.9758148193363066,10.198039027185569,0.8951145726073035,0.8262376091286744,3318.0,60633.0,1247.0,338.0
ANFC_000297.png,0.8223075828836031,0.6982362889951393,0.8612725376454667,0.7867156662873669,0.9733616659588039,0.9618835449224568,5.0,0.9125388479203557,0.7923845633637064,5780.0,57258.0,1567.0,931.0
ANFC_000298.png,0.7763566818206815,0.6344632216826743,0.8643864785913778,0.7045996962785204,0.9530695253532614,0.9429016113289963,13.475801016322917,0.8818312441870796,0.6621859294837972,6495.0,55299.0,2723.0,1019.0
ANFC_000299.png,0.7821753151696174,0.6422725084600605,0.9339120694575872,0.6728538283392662,0.9444634722754999,0.9433135986336776,9.0,0.9093766087103419,0.6048971232509622,6670.0,55151.0,3243.0,472.0
ANFC_000300.png,0.7702655849268244,0.6263674298380097,0.8671350507623521,0.6928642714954012,0.9583636332895036,0.949447631836709,8.558584125748805,0.869256698518784,0.6854093619500441,5554.0,56669.0,2462.0,851.0
ANFC_000301.png,0.8659569200363477,0.7636014322099728,0.9336892685602041,0.8073868882911001,0.962863399263626,0.9586944580084429,10.198039027185569,0.9191323700101262,0.5853025137224019,8744.0,54085.0,2086.0,621.0
ANFC_000302.png,0.7528185492711318,0.6036158963664308,0.8517448857155848,0.6744806556747701,0.9721737997104614,0.9645385742192912,7.106076496631101,0.894253526446792,0.7031573643314311,3539.0,59673.0,1708.0,616.0
ANFC_000303.png,0.7996934572468921,0.6662410216015577,0.9582185491372317,0.6861745849603527,0.968796992481713,0.9680938720707994,14.754592896149745,0.8967834816311742,0.7341556510529126,4174.0,59271.0,1909.0,182.0
ANFC_000304.png,0.7901741702439883,0.6531305174992353,0.8233179250430889,0.7595956405371038,0.9745037272807688,0.9610290527349697,8.06225774829855,0.8563567191057567,0.6920883344816718,4809.0,58173.0,1522.0,1032.0
ANFC_000305.png,0.8098717035009858,0.6804910915046796,0.8737864077791228,0.7546699875670677,0.9464023361698728,0.9348754882822439,11.0,0.9062446995847813,0.40110824851523136,9090.0,52178.0,2955.0,1313.0
ANFC_000306.png,0.7496529384833812,0.5995558846040792,0.8244274809607055,0.6873143827561912,0.9760737590498316,0.9669799804692539,5.0,0.8287700079705463,0.6767720475347784,3240.0,60132.0,1474.0,690.0
ANFC_000307.png,0.7740889438099067,0.6314397279718554,0.8412485316594649,0.716859716900206,0.9667656981726712,0.9553527832038063,21.958880488348882,0.8453369848579297,0.743846861967409,5013.0,57597.0,1980.0,946.0
ANFC_000308.png,0.7152725759704309,0.5567504535427895,0.7641828206003588,0.6722465582490228,0.9650326306483562,0.9477996826179841,20.18634254848744,0.813319147058335,0.7259030487927671,4297.0,57818.0,2095.0,1326.0
ANFC_000310.png,0.8634176676639473,0.7596613488590876,0.9445041174404222,0.7951531227516787,0.9341102557651759,0.9363250732431592,9.486832980505138,0.9472944563157055,0.4787568483720152,13190.0,48173.0,3398.0,775.0
ANFC_000311.png,0.8682776593276366,0.7672179192123915,0.95153613154898,0.7984169631981398,0.948574498435587,0.9490966796882768,7.876662289339308,0.9391455636231761,0.509181963670175,10995.0,51205.0,2776.0,560.0
ANFC_000313.png,0.8129618479493699,0.6848658120737005,0.9423857868093419,0.7147944942039856,0.94860899125939,0.9478607177742332,15.043241335577765,0.8788727444500353,0.4578813329832936,7426.0,54693.0,2963.0,454.0
ANFC_000314.png,0.851907356958317,0.7420196986184858,0.9006193288347084,0.808194390615459,0.9746727424782027,0.9668273925786313,4.0,0.9649532328007252,0.7483758598012923,6253.0,57109.0,1484.0,690.0
ANFC_000315.png,0.7714815578110714,0.6279771888939972,0.8575355016196134,0.7011235955336027,0.9438067741718222,0.932312011719783,8.06225774829855,0.8924487286081845,0.5822414904029674,7488.0,53612.0,3192.0,1244.0
ANFC_000316.png,0.7599590188778426,0.6128499222771335,0.7417647059127336,0.7790683306834217,0.9686513780775536,0.93922424316499,28.174389161957286,0.8568212662319628,0.6833933368368599,6305.0,55248.0,1788.0,2195.0
ANFC_000317.png,0.8424395618742343,0.7277715565814366,0.8955491249971683,0.7952765541121786,0.9712932617242696,0.9629058837896286,3.605551275463989,0.9576374828898137,0.7879177036676887,6499.0,56606.0,1673.0,758.0
ANFC_000319.png,0.8390598127330763,0.7227416381536251,0.9054689433386564,0.781726249837507,0.9426169659082505,0.935745239258793,7.0710678118654755,0.9131967387174534,0.5505639962032431,10977.0,50348.0,3065.0,1146.0
ANFC_000320.png,0.9027615713793101,0.8227578872949595,0.8805007587404526,0.9261771747903462,0.990369264940821,0.9771118164065994,5.385164807134504,0.9999994969268278,0.6286512572967693,6963.0,57073.0,555.0,945.0
ANFC_000321.png,0.7780354927569968,0.636708749038871,0.7486764248158749,0.8097911520536951,0.9696975117619859,0.9372100830087707,8.54400374531753,0.855920438238678,0.7098763706284967,7212.0,54209.0,1694.0,2421.0
ANFC_000323.png,0.7741279070095745,0.6314915817805331,0.747403873211506,0.802833886101045,0.9894470172496176,0.9762878417972369,145.99104195190466,0.7805920545020677,0.585023155937788,2663.0,61319.0,654.0,900.0
ANFC_000324.png,0.8372013845635136,0.719988288139763,0.901613297494303,0.7813790912211228,0.9640129720688354,0.9562225341803556,5.0,0.9441010023693426,0.8192462792195409,7377.0,55290.0,2064.0,805.0
ANFC_000325.png,0.819888734362215,0.6947554508212177,0.8561203319651327,0.7865993137832064,0.9599434664383866,0.9446716308602193,6.21574856481935,0.9040712459969567,0.7259280317640848,8253.0,53657.0,2239.0,1387.0
ANFC_000326.png,0.7970632741244711,0.6625978382722142,0.8911027569058768,0.7209773902746652,0.9521856974085727,0.9447479248055307,14.159769318686187,0.8844555530338257,0.5253252002501201,7111.0,54804.0,2752.0,869.0
ANFC_000327.png,0.7579529737403016,0.6102449889152044,0.8470631024100631,0.6858068316128082,0.9644552525948256,0.9546051025397553,12.684575779981456,0.7988382789518336,0.5988059039088613,4658.0,57903.0,2134.0,841.0
ANFC_000328.png,0.7753330642018907,0.6330970826081179,0.8152393080955918,0.7391513518965505,0.9516867749015079,0.9320678710947866,8.06225774829855,0.9052905715000267,0.7423017549530111,7682.0,53402.0,2711.0,1741.0
ANFC_000329.png,0.744873699870366,0.593465135599211,0.876705141679485,0.6475071041529957,0.9543782807858107,0.9476013183601747,21.69043686128433,0.8234238179340012,0.6767206779815914,5013.0,57089.0,2729.0,705.0
ANFC_000330.png,0.8740799681802215,0.7763250883655683,0.908351708943171,0.8423003195089712,0.9788263555254147,0.9710235595707547,5.830951894845301,0.9550004154951257,0.7270435593461635,6591.0,57046.0,1234.0,665.0
ANFC_000331.png,0.7187718074363194,0.5610021787448797,0.8172008886648046,0.6415047335222958,0.9769335577466228,0.9692535400395318,39.01281840626232,0.7349380929330749,0.5299010906911743,2575.0,60946.0,1439.0,576.0
ANFC_000332.png,0.7735239400985485,0.6306881686682598,0.7384557861771441,0.8120888158281067,0.9848139963782077,0.9647064208989762,114.53415673175837,0.8553529138455143,0.5870051339265132,3950.0,59273.0,914.0,1399.0
ANFC_000333.png,0.7531180591571642,0.6040010962992598,0.7965305385628729,0.7141931303583301,0.9859484777519804,0.977951049805024,7.0,0.8287854762865132,0.6952773876661251,2204.0,61887.0,882.0,563.0
ANFC_000335.png,0.7505775040128781,0.6007395468284119,0.7496450544546089,0.7515122761533019,0.9632996986902933,0.935745239258793,18.48768481153148,0.8158996547441975,0.6833052945599887,6336.0,54989.0,2095.0,2116.0
ANFC_000336.png,0.8872867442438942,0.7974082627922238,0.8846975089132103,0.8898911798553993,0.9868571721558876,0.9759063720706802,5.0,0.9536054329756894,0.7104081239980929,6215.0,57742.0,769.0,810.0
ANFC_000337.png,0.7776601376536753,0.6362061498878079,0.7492031110864207,0.8083642867232956,0.9758549564076083,0.9487304687507824,13.0,0.8550023280655795,0.7170385267521067,5876.0,56300.0,1393.0,1967.0
ANFC_000338.png,0.8156831042969763,0.6887372014005987,0.831136738079196,0.8007936508200009,0.9741468104103869,0.9582519531256372,5.0,0.8899817863055406,0.726160483735084,6054.0,56746.0,1506.0,1230.0
ANFC_000339.png,0.8267111853233129,0.7046101309469821,0.8272636151307612,0.8261594928551619,0.9825020990767002,0.9683227539067335,5.0,0.9534517199009648,0.7449438525555949,4952.0,58508.0,1042.0,1034.0
ANFC_000340.png,0.8221348805401376,0.6979872881675862,0.900259598319407,0.7564867968132621,0.9635673428729827,0.9564971923834764,4.0,0.9231659344538623,0.8193972190133681,6589.0,56096.0,2121.0,730.0
ANFC_000341.png,0.8278240568882144,0.7062284990307597,0.8241073315208,0.8315744590308524,0.9718209381135755,0.9504852294929431,5.0,0.9466025599881505,0.7534308485503499,7801.0,54490.0,1580.0,1665.0
ANFC_000342.png,0.8387374462057036,0.7222634050142276,0.8820156910197128,0.7995076586616058,0.960445371803424,0.9485473632820353,36.0,0.8944011683709796,0.7389511896786665,8769.0,53395.0,2199.0,1173.0
ANFC_000343.png,0.8007555211254962,0.6677166626550588,0.8037919300142157,0.7977419666315023,0.9620640350407764,0.937225341797833,13.416407864998739,0.847119431672129,0.720174979227021,8267.0,53155.0,2096.0,2018.0
ANFC_000344.png,0.8917315250141226,0.804616882241049,0.925019984024777,0.8607557274827796,0.9842107926657072,0.9785614013675147,3.1622776601683795,0.9838417410415784,0.788197980373344,5786.0,58345.0,936.0,469.0
ANFC_000345.png,0.6905210296983547,0.5273250244225071,0.8172362558436311,0.5978260873936673,0.9942956693339147,0.9924774169923024,9.29459729346018,0.8486873833230036,0.5914110259623858,550.0,64493.0,370.0,123.0
ANFC_000346.png,0.8134214540066581,0.6855184233525395,0.8432888264505818,0.7855973813771526,0.9781097520222894,0.9664001464848878,5.385164807134504,0.9187724149911327,0.7896572049996576,4800.0,58534.0,1310.0,892.0
ANFC_000347.png,0.7507886435538114,0.60101010106313,0.8202430618864062,0.6921781724028504,0.9664961764662463,0.9541931152350741,12.420632378478032,0.8254231608892495,0.7264545103335908,4522.0,58012.0,2011.0,991.0
ANFC_000348.png,0.7887885985948895,0.6512394101582618,0.8867763298682384,0.7103011636361566,0.9721797715886586,0.9660797119145802,5.0,0.8991612512705597,0.7760171293645209,4151.0,59162.0,1693.0,530.0
ANFC_000350.png,0.739522546446735,0.5867003367699157,0.8938189279574714,0.6306550851193168,0.9668867725559829,0.9625396728521342,13.93196886332491,0.8538362438732717,0.6026682134854725,3485.0,59596.0,2041.0,414.0
ANFC_000351.png,0.7996384453349765,0.6661646586904008,0.9323185011868106,0.7000175840161741,0.972154212777525,0.9695587158207771,4.841640786499778,0.9497115603573392,0.6072951862181086,3981.0,59560.0,1706.0,289.0
ANFC_000352.png,0.7894736842548475,0.6521739131644613,0.843075539638905,0.7422802851376563,0.9897175890828007,0.9847412109377329,4.0,0.9460745829306408,0.7220049747462423,1875.0,62661.0,651.0,349.0
ANFC_000354.png,0.7362002567676295,0.5825292027116084,0.8039719626626233,0.6789660616260919,0.9734393365552201,0.9623718261724493,17.69180601295413,0.8097741366864812,0.7361952203008261,3441.0,59629.0,1627.0,839.0
ANFC_000355.png,0.9049002773804715,0.8263176939058837,0.923066558889374,0.8874352331752027,0.9850466324812429,0.9780273437503354,4.123105625617661,0.9888746521322398,0.7858057190895325,6851.0,57245.0,869.0,571.0
ANFC_000356.png,0.7217724755243483,0.5646666667247111,0.7753570121246143,0.6751155747369495,0.9660751739526904,0.9501800537116978,23.706539182259394,0.8002359994309657,0.5928623525004559,4235.0,58036.0,2038.0,1227.0
ANFC_000357.png,0.7593231213602275,0.6120232708969588,0.8386182462641952,0.6937280188022087,0.9651032709427944,0.9542083740241364,10.0,0.8742385100217656,0.7599920501497796,4734.0,57801.0,2090.0,911.0
ANFC_000358.png,0.6709307455148952,0.5048124793387301,0.6024955437507435,0.7569047027228403,0.9838477689423538,0.9544677734381949,26.968443337083258,0.7615101144995431,0.4207426606731088,3042.0,59510.0,977.0,2007.0
ANFC_000359.png,0.7300748569308565,0.5748959779068663,0.7432755529757096,0.7173348717284872,0.9842418395242927,0.9719390869144908,12.11595286787477,0.8726788969574546,0.7156190428256439,2487.0,61210.0,980.0,859.0
ANFC_000360.png,0.7652886012725811,0.6198117245143748,0.7491595552756246,0.7821274298644364,0.986914008659344,0.9728851318363514,36.21840492743968,0.8419778921147555,0.7449591535520915,2897.0,60862.0,807.0,970.0
ANFC_000390.png,0.9168012054721343,0.846383147869,0.9457088930891852,0.8896083551029129,0.98130163279058,0.976409912109735,3.605551275463989,0.9953222296541645,0.8232314685254762,8518.0,55472.0,1057.0,489.0
ANFC_000391.png,0.8735289052257001,0.7754561207037554,0.8861968549928717,0.8612180212971227,0.9784727221650459,0.9663848876958255,4.242640687119285,0.9706012246927708,0.7372185008479268,7608.0,55725.0,1226.0,977.0
ANFC_000392.png,0.8875739645032587,0.7978723404456282,0.9250720461181473,0.8529974489952171,0.9756775294142614,0.9689788818364109,3.0,0.957787262750105,0.8497988634885421,8025.0,55478.0,1383.0,650.0
ANFC_000393.png,0.8624667258301504,0.7581903276421229,0.9506470057251509,0.7892567145797306,0.9713533706916054,0.9692535400395318,3.1622776601683795,0.9725752813451309,0.8397728514113003,6318.0,57203.0,1687.0,328.0
ANFC_000394.png,0.7648038596424787,0.6191760439301427,0.7850489329342001,0.7455767077552545,0.9601787748670549,0.9375152587900161,17.552540783061314,0.8532425539430837,0.7516149802997724,6658.0,54783.0,2272.0,1823.0
ANFC_000395.png,0.8244110065449067,0.7012748597958924,0.8718143781067815,0.7818967478073804,0.9667296917558548,0.9553070068366196,4.242640687119285,0.9320211206832328,0.827067256306841,6876.0,55731.0,1918.0,1011.0
ANFC_000396.png,0.8054298642675938,0.6742424242822285,0.8430863254632412,0.7709934330346523,0.972216100761604,0.9593200683599958,4.47213595499958,0.9011650383887041,0.7923627813898843,5518.0,57352.0,1639.0,1027.0
ANFC_000397.png,0.834633385344627,0.7161981258638174,0.8311140701474574,0.8381826320682427,0.9744179463595213,0.9547119140631911,5.0,0.9452136875620819,0.7016047964825396,7490.0,55078.0,1446.0,1522.0
ANFC_000398.png,0.8557972869282929,0.7479420186338634,0.8970809186631165,0.8181462268945732,0.9669500871612837,0.9570159912115935,3.1622776601683795,0.9646197711733259,0.842872679517056,8359.0,54360.0,1858.0,959.0
ANFC_000401.png,0.7771644392956737,0.6355428843388521,0.7737923054998854,0.7805660928245454,0.9743441028969612,0.9531860351569644,22.090722034374522,0.8390459949398295,0.5591186995204354,5350.0,57118.0,1504.0,1564.0
ANFC_000402.png,0.8500000000207183,0.7391304348452724,0.9676100629032672,0.7578817734586498,0.984235679004679,0.9834289550783779,5.0,0.9791661635534368,0.7360140361273266,3077.0,61373.0,983.0,103.0
ANFC_000403.png,0.7353225806665062,0.5814309399845133,0.9009881423120577,0.621117166264153,0.9540148157954558,0.9499206542976393,5.0,0.8844173711040355,0.7633322387992382,4559.0,57695.0,2781.0,501.0
ANFC_000404.png,0.8614572235925028,0.7566314076682968,0.9250895344284631,0.8060154286377728,0.9596640472936403,0.954360961914759,3.0,0.9503581856635627,0.8409250873945147,9299.0,53246.0,2238.0,753.0
ANFC_000405.png,0.8169888374725299,0.6906011231068212,0.8270311983433987,0.8071874327730593,0.9682635260786635,0.9487152099617201,7.169092129209202,0.9026786152324003,0.8041867296852985,7502.0,54673.0,1792.0,1569.0
ANFC_000406.png,0.8727845069545758,0.7742836328588777,0.9049240811827836,0.8428495902930413,0.979671391202112,0.9716339111332455,3.0,0.9754959238254013,0.8573756414122314,6377.0,57300.0,1189.0,670.0
ANFC_000407.png,0.8358996920449773,0.7180650038029676,0.9387351778723392,0.7533703410209384,0.9503969660461048,0.9487762451179692,4.0,0.9225813432236195,0.855107688233718,8550.0,53629.0,2799.0,558.0
ANFC_000408.png,0.7758217791282409,0.6337490456518836,0.8364124958560926,0.7234166183255617,0.9847823654472613,0.9780426025393977,60.76795532232785,0.821760422468797,0.6068206204820606,2490.0,61607.0,952.0,487.0
ANFC_000409.png,0.6871095969976664,0.5233564017964044,0.7441574418891053,0.6381856543900996,0.9947004928696954,0.991592407226691,4.123105625617661,0.685679311094099,0.7787628680329498,605.0,64380.0,343.0,208.0
ANFC_000410.png,0.8339744887713113,0.715228338277893,0.8708245243265513,0.8001165501359638,0.9632998074048916,0.9499511718757638,5.024754878398197,0.9260830759990685,0.7978663754729526,8238.0,54018.0,2058.0,1222.0
ANFC_000411.png,0.8807697873042418,0.7869424693229551,0.8728133065854871,0.8888726635676296,0.9870052252316006,0.9748535156253838,4.242640687119285,0.9545303421031601,0.8549911499012978,6087.0,57801.0,761.0,887.0
ANFC_000412.png,0.8545343053856691,0.7460147513982852,0.8948344749008512,0.8177076542159724,0.9761139967199269,0.9674224853520597,4.357388321059432,0.9355669616741902,0.827728614089902,6271.0,57130.0,1398.0,737.0
ANFC_000413.png,0.8594804318607051,0.7535867475590021,0.8876306620404825,0.8330608240953138,0.9829252792831807,0.974578857422263,25.005997601918075,0.9162521948014016,0.8587997250299091,5095.0,58775.0,1021.0,645.0
ANFC_000414.png,0.8501864752761814,0.739412484732018,0.9339826839928907,0.7801885574350783,0.971185752015115,0.9675140380864333,49.0,0.8672224548325279,0.8280697345114989,6041.0,57366.0,1702.0,427.0
ANFC_000415.png,0.8453892032499675,0.7321854304872243,0.8919006131126277,0.8034883721120651,0.9639396148586579,0.9537200927741438,9.486832980505138,0.9000213592996088,0.8370059613152665,8292.0,54211.0,2028.0,1005.0
ANFC_000416.png,0.8367940199674431,0.7193859336953282,0.8452181208702945,0.8285361842810296,0.9933968837092507,0.9880065917970581,7.0,0.9422374375813085,0.7498605168389598,2015.0,62735.0,417.0,369.0
ANFC_000417.png,0.7652482269642288,0.6197587593701169,0.738451009497154,0.7940635349203896,0.9704239990140671,0.9393920898446749,23.0,0.8531293997127608,0.725744473209162,6474.0,55090.0,1679.0,2293.0
ANFC_000418.png,0.766900858722334,0.6219296024788643,0.7954655870776574,0.7403165034302462,0.9709742086560035,0.9544372558600703,10.44030650891055,0.81510420341756,0.7434617329597055,4912.0,57638.0,1723.0,1263.0
ANFC_000419.png,0.7934337797715107,0.6575965467002547,0.8032956685684279,0.783811098880576,0.9571527423709456,0.9322204589854093,10.331799232967889,0.8787333771662729,0.767086791721325,8531.0,52563.0,2353.0,2089.0
ANFC_000420.png,0.8557014672524473,0.7477956518982436,0.9055342733796125,0.8110673091100111,0.9514145718746801,0.942825317383685,5.0,0.92882702571827,0.7574497471938674,11110.0,50679.0,2588.0,1159.0
ANFC_000421.png,0.841562669571245,0.7264637002662221,0.8866657138935736,0.8008261262681262,0.9736415039550788,0.964355468750544,4.123105625617661,0.9371799484049831,0.8604218507725384,6204.0,56996.0,1543.0,793.0
ANFC_000422.png,0.8507639816161724,0.7402865625738626,0.8548218810769381,0.8467444264215644,0.9823550410528779,0.9692993164067185,4.391812611241497,0.9285674528919678,0.7487082309569658,5735.0,57789.0,1038.0,974.0
ANFC_000511.png,0.8127117495722516,0.684510900618136,0.8078943823510852,0.8175869120903085,0.9769758917974124,0.9578247070318936,7.280109889280518,0.9113723030374153,0.5461442660835076,5997.0,56775.0,1338.0,1426.0
ANFC_000512.png,0.8171174808383433,0.6907849829773672,0.8187702265665421,0.8154713940668056,0.9807096165513055,0.965438842773965,7.0,0.9261577227777349,0.6512278377840962,5060.0,58211.0,1145.0,1120.0
ANFC_000513.png,0.7992090302546586,0.6655688212343119,0.7756276987405042,0.8242692046525715,0.9825582376063533,0.962814331055255,8.06225774829855,0.9111578785647149,0.7955213107781083,4850.0,58249.0,1034.0,1403.0
ANFC_000514.png,0.5880736467194082,0.41650447667711005,0.4401480874372078,0.8857615894985418,0.9978131685286774,0.9771270751956617,113.58111241829282,0.6770423484385761,0.4504787778485519,1070.0,62967.0,138.0,1361.0
ANFC_000515.png,0.840652173930364,0.7251078192902478,0.8273427471486214,0.8543968184148482,0.9891722256910852,0.9776306152347164,12.767085268111776,0.9119466988318092,0.6336574927144125,3867.0,60203.0,659.0,807.0
ANFC_000516.png,0.8642246642412424,0.7609116319585225,0.884971242839467,0.8444285373790434,0.9894047483629458,0.983032226562759,8.0,0.8925614788980907,0.6613138039240034,3539.0,60885.0,652.0,460.0
ANFC_000518.png,0.8452265728248811,0.7319414812965649,0.8348687641517697,0.8558446186999564,0.986467724938754,0.9731597900394722,13.82194699988903,0.9142852119378605,0.46807493679069334,4803.0,58974.0,809.0,950.0
ANFC_000519.png,0.901877435364048,0.8212903226190773,0.9346549192524095,0.8713210130341498,0.9908218063467726,0.9873199462892561,5.0990195135927845,0.9856454239857185,0.5655520792574588,3819.0,60886.0,564.0,267.0
ANFC_000520.png,0.8009881423121553,0.6680402176251787,0.7365073596699059,0.8778427550621956,0.9906051671582196,0.9692687988285941,104.16281035101036,0.8149995131443994,0.49821323287170266,4053.0,59469.0,564.0,1450.0
ANFC_000522.png,0.7980173482188648,0.6639175258165055,0.7117005111601463,0.908161466612346,0.9910630049575267,0.9602050781256073,12.115827045415898,0.875599051479239,0.6677836302447329,5152.0,57776.0,521.0,2087.0
ANFC_000523.png,0.7096602972784422,0.5499794324249322,0.6368182901555565,0.801318549654984,0.989190863589853,0.9666137695317596,13.038404810405298,0.8468419285247684,0.5800173678846843,2674.0,60674.0,663.0,1525.0
ANFC_000524.png,0.7507963734989472,0.6010200080027384,0.7132216016232675,0.7925504398383081,0.9936738814918648,0.9844818115236744,5.0,0.8303047030779207,0.5900436944627974,1532.0,62987.0,401.0,616.0
ANFC_000525.png,0.8300659190283309,0.7094980243363825,0.7997360607390736,0.8627869727953752,0.9870363520195877,0.9697113037113998,9.055385138137417,0.9547698723558182,0.757208665269663,4848.0,58703.0,771.0,1214.0
ANFC_000526.png,0.7950889077342522,0.65987350675571,0.8429084381080465,0.7524038462199776,0.9850950252438323,0.9778442382815882,5.0,0.9396814656976525,0.6446728271340382,2817.0,61267.0,927.0,525.0
ANFC_000528.png,0.7362496802925941,0.5825910932864005,0.7699304442108451,0.7053921570071607,0.9905602588469606,0.9842681884768026,4.4491864282115445,0.803569454306493,0.75933350463705,1439.0,63066.0,601.0,430.0
ANFC_000532.png,0.7804419371036946,0.6399383194757606,0.7338638375474236,0.8333333335006693,0.9974225603602604,0.9928741455079213,12.263846598912354,0.8739490807249147,0.8100770184111586,830.0,64239.0,166.0,301.0
ANFC_000533.png,0.8171797795746637,0.6908740360559396,0.7925780290507304,0.843357740626737,0.9902549335417337,0.9779815673831486,6.324555320336759,0.9000732086007688,0.7164111339229948,3225.0,60868.0,599.0,844.0
ANFC_000534.png,0.74990576707973,0.5998793909844897,0.8462356444393373,0.6732656514935252,0.9682578821059233,0.9595031738287431,5.830951894845301,0.8689497623907559,0.6667373076798018,3979.0,58903.0,1931.0,723.0
ANFC_000535.png,0.8561252381465978,0.7484431571689438,0.8401885872475714,0.8726781492953938,0.9873031910417226,0.9734954833988421,9.0,0.8964665669654887,0.7575170955721497,5168.0,58631.0,754.0,983.0
ANFC_000536.png,0.8271493213191103,0.7052469137318689,0.8811053985339939,0.7794201251964639,0.9939356048766187,0.9912567138673211,10.269615364994126,0.8936165143591464,0.5192338104856848,1371.0,63592.0,388.0,185.0
ANFC_000537.png,0.9062403300718803,0.8285552621813886,0.8754483858234906,0.9392773145243449,0.9897657657659502,0.9722595214847984,6.0,0.9912695618862046,0.6504604229895398,8786.0,54932.0,568.0,1250.0
ANFC_000538.png,0.8465271700275866,0.7338943302708033,0.9059174116725486,0.7944448592701826,0.9488204346461523,0.9411315917977734,7.0710678118654755,0.9539968608735914,0.571184644977138,10640.0,51038.0,2753.0,1105.0
ANFC_000539.png,0.8981705212323724,0.8151629072797517,0.9638464957798306,0.840873836618351,0.9526884200016779,0.954986572266312,5.830951894845301,0.9881056282128673,0.602256399777874,13010.0,49576.0,2462.0,488.0
ANFC_000540.png,0.8273341455406283,0.7055156781539936,0.9240475012464068,0.7489472629086679,0.9564157905737587,0.9524230957038511,7.0,0.9227048148764201,0.4904985491794367,7470.0,54948.0,2504.0,614.0
ANFC_000541.png,0.9133759857189889,0.8405630408675341,0.9471702771124378,0.8819101252797431,0.9583443131380953,0.9555816650397404,5.0,0.9467218697761003,0.7009027942373782,15347.0,47278.0,2055.0,856.0
ANFC_000542.png,0.8453588638141847,0.7321399154504343,0.930295841478489,0.7746339763087012,0.9242441996733801,0.9255676269542609,22.360679774997898,0.9054504191931123,0.6810497199734844,13333.0,47325.0,3879.0,999.0
ANFC_000543.png,0.7890716803863557,0.6516254245793607,0.7945961936895182,0.78362345621087,0.9598339200296085,0.9342651367197531,19.026297590440446,0.8448518450584352,0.5374986752927308,8058.0,53170.0,2225.0,2083.0
ANFC_000544.png,0.8954380036425968,0.8106724716237764,0.9116109824735951,0.8798288742813467,0.962674282541745,0.9508972167976244,5.830951894845301,0.9782603682500346,0.631316565745015,13779.0,48539.0,1882.0,1336.0
ANFC_000545.png,0.8713861749350966,0.772085327674048,0.8934628008825586,0.8503742271493411,0.9548436517922132,0.9411468505868357,6.708203932499369,0.944590165163069,0.6213606330359859,13066.0,48613.0,2299.0,1558.0
ANFC_000546.png,0.8639477977216987,0.7604824813497644,0.9028298670386269,0.8282765092408292,0.9591851906929004,0.9490966796882768,6.0,0.9457456811302933,0.5912707077521381,10592.0,51608.0,2196.0,1140.0
ANFC_000547.png,0.7271004422270899,0.5712158809642323,0.898283038528022,0.6107180757674711,0.9643227647026467,0.9604492187506036,12.0,0.7831302659701392,0.7103404126768478,3453.0,59491.0,2201.0,391.0
ANFC_000548.png,0.7775591544433904,0.6360709864105596,0.8404406151335543,0.7234322193275036,0.9477353770832626,0.9327239990244641,14.790134482004676,0.8302608840205727,0.6851218488269105,7706.0,53421.0,2946.0,1463.0
ANFC_000549.png,0.8632454291813382,0.7593947289548657,0.9058092278381772,0.8245022304619191,0.9717859016971876,0.9633636474614966,5.0,0.9392073602270568,0.8251718605101681,7578.0,55557.0,1613.0,788.0
ANFC_000550.png,0.7660229499129573,0.620775686125291,0.8904674113555506,0.6720962593376364,0.9288644233343005,0.923461914063668,6.0,0.8636934338650517,0.6729662475594186,8211.0,52309.0,4006.0,1010.0
ANFC_000551.png,0.8587658879600394,0.7524888004290083,0.9126169634903989,0.8109159179548189,0.9760651841796628,0.9696502685551507,5.0,0.9151587605580753,0.773641605227759,6047.0,57500.0,1410.0,579.0
ANFC_000552.png,0.8198100407177876,0.694642446574541,0.9085714285851773,0.7468479604762858,0.9652209353672312,0.9594726562506185,6.371696670594406,0.9002899884100795,0.725496155842064,6042.0,56838.0,2048.0,608.0
ANFC_000553.png,0.8049321503258786,0.6735451468857359,0.8663109114076238,0.7516753990798495,0.9651117007623878,0.9543762207038212,5.385164807134504,0.867910791683302,0.724796644090378,6169.0,56377.0,2038.0,952.0
ANFC_000554.png,0.8021013975414617,0.6695903943055787,0.8724065239240645,0.7422826395032301,0.9517010774383579,0.9407958984384035,6.4031242374328485,0.8692293548593197,0.6902551921957205,7863.0,53793.0,2730.0,1150.0
ANFC_000555.png,0.825628352731865,0.703038390504718,0.9300651819758196,0.7422780969174946,0.9591212267077095,0.9558563232428612,5.682968896295256,0.9334722899707503,0.7535606000423687,6849.0,55794.0,2378.0,515.0
ANFC_000556.png,0.811822071857308,0.6832495812660595,0.8734475374867829,0.7583193902436959,0.953733361805934,0.9422912597665056,4.0,0.9426222703566404,0.7271540317838743,8158.0,53596.0,2600.0,1182.0
ANFC_000557.png,0.7562080537015013,0.6079859706186439,0.7920913884189726,0.7234349919965141,0.9363690080519911,0.9113159179701034,6.082762530298219,0.8198050612338932,0.7092429360984164,9014.0,50710.0,3446.0,2366.0
ANFC_000558.png,0.8328566525664766,0.7135855714846515,0.880609652851021,0.790016277830709,0.9662120868189384,0.9554138183600555,5.385164807134504,0.9226234676243198,0.673580049735451,7280.0,55334.0,1935.0,987.0
ANFC_000559.png,0.853051058537549,0.7437567861234647,0.9014982790138187,0.8095454545627686,0.9623594092500205,0.9531860351569644,9.219544457292887,0.9279054458088156,0.8042527531396391,8905.0,53563.0,2095.0,973.0
ANFC_000560.png,0.7590368369772406,0.6116513846798508,0.8958220293141859,0.6584903779381304,0.9411147789020509,0.9360198974619138,41.92543707982574,0.8417724638386063,0.6159701403683002,6604.0,54739.0,3425.0,768.0
ANFC_000561.png,0.6091977728172411,0.43801898000058753,0.7566598361902358,0.5098377633725103,0.9776673376953688,0.9710845947270038,46.94886663241273,0.7943012009056838,0.6500300285510024,1477.0,62164.0,1420.0,475.0
ANFC_000562.png,0.8882033563741237,0.7988901221088912,0.9423932966820643,0.8399066511271988,0.9763031538226484,0.972351074219172,5.0,0.9988540223783546,0.7015825569637945,7198.0,56526.0,1372.0,440.0
ANFC_000564.png,0.8906848149878513,0.8029141104798276,0.8913166856154039,0.8900538396457768,0.9937431464878774,0.9882354736329921,3.0,0.9610599767268574,0.8483039896697512,3141.0,61624.0,388.0,383.0
ANFC_000565.png,0.8504299927013417,0.7397809505437335,0.898562774688376,0.8071916346769962,0.9683631843414682,0.9593963623053071,4.0,0.9230028996833598,0.8049783742966916,7565.0,55310.0,1807.0,854.0
ANFC_000566.png,0.858896982314988,0.7526901331538276,0.928876884992957,0.7987226630669814,0.940237899133445,0.9379272460946972,5.0,0.957739520115906,0.6855886994105764,12381.0,49087.0,3120.0,948.0
ANFC_000567.png,0.8435464135770513,0.7294252216340048,0.9218648355676281,0.7774932943320231,0.9294017523852652,0.9278106689464142,6.0,0.9508695165574617,0.6536845771004219,12754.0,48051.0,3650.0,1081.0
ANFC_000568.png,0.8015964831211478,0.6688869582325623,0.8434570907068221,0.7636944781479451,0.9625966050843042,0.9476623535164237,11.574854967014142,0.8706312018656602,0.6328938219669014,6929.0,55177.0,2144.0,1286.0
ANFC_000569.png,0.748445311578046,0.5980124708499586,0.7922044399090851,0.7092673908691316,0.9795984560997113,0.9685211181645429,14.855944178609981,0.872502945506804,0.7104587125800974,3069.0,60404.0,1258.0,805.0
ANFC_000570.png,0.77474256294517,0.6323100268901237,0.749446596603563,0.8018058022791881,0.9770357412365879,0.9519348144538585,39.64210880856497,0.8545641297572117,0.6238605770283918,5417.0,56969.0,1339.0,1811.0
ANFC_000571.png,0.8230444499715399,0.6992995189721243,0.8245596576948393,0.8215348007315552,0.9675599690023328,0.9456329345711422,6.0,0.925998464122273,0.6923071925805531,8286.0,53687.0,1800.0,1763.0
ANFC_000572.png,0.8174744807040135,0.6912954244004231,0.7761962857833542,0.8633896260760873,0.9844220155094754,0.9609832763677829,8.94427190999916,0.8783584726597957,0.7622047267677184,5726.0,57253.0,906.0,1651.0
ANFC_000573.png,0.825392986720025,0.7026971382123333,0.8839678839979364,0.7740984350705151,0.9838508309690498,0.9779663085940863,3.0,0.8832946757053884,0.8713652743831954,3413.0,60679.0,996.0,448.0
ANFC_000574.png,0.8342884719892448,0.7156903332937601,0.8438071995309571,0.8249821045305438,0.9744162117860795,0.9580841064459522,5.0,0.9368079379208185,0.7426296775919945,6915.0,55874.0,1467.0,1280.0
ANFC_000575.png,0.8325778180845741,0.7131762878963013,0.9119496855491642,0.7659160411779378,0.9716946246685095,0.966186523438016,3.605551275463989,0.9087708948265536,0.8748853349017649,5510.0,57810.0,1684.0,532.0
ANFC_000576.png,0.7845980571741097,0.645546160124459,0.7897123423849068,0.7795495873857113,0.9730501547568692,0.9533081054694625,6.464140176446097,0.8608266706160436,0.6156144571915243,5573.0,56903.0,1576.0,1484.0
ANFC_000577.png,0.7289431236602186,0.5734937100448584,0.8844452008365478,0.6199451270881612,0.946597385183597,0.9410247802743374,17.217630467209627,0.8545225238153954,0.5401836820082617,5197.0,56474.0,3186.0,679.0
ANFC_000578.png,0.8143342288096541,0.6868160054987332,0.8843994275146538,0.7545557016950446,0.9537137087496906,0.9441070556649155,6.387410454013609,0.9302401480881728,0.6272377503194472,8033.0,53840.0,2613.0,1050.0
ANFC_000579.png,0.7317267477132589,0.5769472363137729,0.6895645646810945,0.779380568612906,0.9917292276372355,0.9794464111331262,41.38168847730584,0.8615165002923971,0.7704306080200458,1837.0,62352.0,520.0,827.0
ANFC_000580.png,0.819920730672073,0.6948014019137264,0.8706312900511196,0.774792379128026,0.9769772435954625,0.9681091308598617,4.0,0.9159331737250774,0.8615472709021987,4758.0,58688.0,1383.0,707.0
ANFC_000581.png,0.7400169923755295,0.5873229939868748,0.8260622155109897,0.6702062173483831,0.9644397982217503,0.9533081054694625,31.180042309182195,0.8265474159320757,0.6409811068948905,4355.0,58121.0,2143.0,917.0
ANFC_000582.png,0.8332019644798884,0.7140927042492109,0.8654742411052432,0.8032499415708149,0.9707797281113464,0.9580230712897031,5.830951894845301,0.9445150617458578,0.6960717557999851,6871.0,55914.0,1683.0,1068.0
ANFC_000583.png,0.8537927302377746,0.7448851117807861,0.9344521224216285,0.7859515111614163,0.9786839972883087,0.975265502930065,4.47213595499958,0.9781887157210888,0.7327541767311199,4733.0,59182.0,1289.0,332.0
ANFC_000584.png,0.7944073721097459,0.6589351608058638,0.8867943650667078,0.7194540371880074,0.9387091559047458,0.9308929443369921,5.830951894845301,0.9385427699397577,0.6451081270763793,8750.0,52257.0,3412.0,1117.0
ANFC_000585.png,0.7750800427194398,0.6327597474117272,0.8210853590104338,0.7339565437761606,0.9830155811480529,0.9742736816410177,6.0,0.8540026431711542,0.6915839205196368,2905.0,60945.0,1053.0,633.0
ANFC_000586.png,0.7858758482299729,0.6472779963470755,0.8562431544752894,0.7261960056372048,0.9809482257129315,0.9739990234378969,5.0,0.8336489808454906,0.793432616289404,3127.0,60705.0,1179.0,525.0
ANFC_000587.png,0.7850984566487389,0.646223935579775,0.7927773001305293,0.7775669408016936,0.9826719663625473,0.9691925048832827,17.0,0.8887059127957575,0.7586133709761653,3688.0,59829.0,1055.0,964.0
ANFC_000588.png,0.7897415427811854,0.6525395778937104,0.8419148936506563,0.743657207340038,0.977579065027655,0.9678497314458032,6.708203932499369,0.9230103898794474,0.6120751100194254,3957.0,59472.0,1364.0,743.0
ANFC_000589.png,0.7746453582735419,0.6321805393809553,0.8229683327649873,0.7316824966988865,0.9874274815228892,0.9808502197268548,5.656854249492381,0.8352830245641417,0.6073230506490924,2157.0,62124.0,791.0,464.0
ANFC_000590.png,0.8372765510096427,0.7200994800225978,0.8823936833519332,0.7965487057901027,0.9721007596417494,0.9622192382818266,4.0,0.9368871007944688,0.7986215104086093,6370.0,56690.0,1627.0,849.0
ANFC_000642.png,0.7970617042314337,0.6625956685128487,0.8454186578339042,0.7539373726600078,0.9781301977837371,0.9683837890629825,7.280109889280518,0.9245688612702195,0.5181352778707243,4069.0,59395.0,1328.0,744.0
ANFC_000643.png,0.8001313197767478,0.6668490752252546,0.8202746365346965,0.7809536016686807,0.9705892476084087,0.9535522460944589,9.0,0.8774911582525862,0.5568774367779195,6093.0,56399.0,1709.0,1335.0
ANFC_000644.png,0.8217213114884572,0.6973913043854172,0.8569684017925556,0.7892591030803797,0.9745867593460272,0.9628295898443173,8.48528137423857,0.9070417517505897,0.6990498117809018,5614.0,57486.0,1499.0,937.0
ANFC_000645.png,0.8422821760422572,0.7275366748582616,0.8621876132085861,0.8232751167519843,0.9829706401842409,0.9727935791019777,6.324555320336759,0.8934974288543972,0.6484024134816488,4761.0,58992.0,1022.0,761.0
ANFC_000646.png,0.8560016386874231,0.748254252507027,0.8973588147096073,0.8182886234935797,0.9847566484340289,0.9785461425784525,6.324555320336759,0.8877533622102576,0.6527148773634299,4179.0,59951.0,928.0,478.0
ANFC_000647.png,0.7175023212955545,0.5594570136543968,0.6587809037385377,0.7877166157523658,0.9863092498851767,0.9628601074224418,17.670915345493963,0.7756347427948325,0.49253681777902497,3091.0,60011.0,833.0,1601.0
ANFC_000648.png,0.8628205854122845,0.7587374290790861,0.9190688698686444,0.813060179277309,0.9693947069618413,0.9630279541021267,6.0,0.960741159148414,0.523586793194931,7620.0,55493.0,1752.0,671.0
ANFC_000649.png,0.8181200453207113,0.6922192411475241,0.8484848485204404,0.7898534879095006,0.9843176292043878,0.975494384765999,7.0,0.9099391396244599,0.717917296252713,3612.0,60318.0,961.0,645.0
ANFC_000650.png,0.8084250384683218,0.6784508441232919,0.8938898338487649,0.7378766605748054,0.9580778332448123,0.9505920410163791,9.452479279013586,0.8756745898343542,0.5513779467017015,6832.0,55466.0,2427.0,811.0
ANFC_000651.png,0.8081091705616831,0.678006030938748,0.8425058548193787,0.7764109204946141,0.9636465716898792,0.9478607177742332,9.401815630842027,0.8979276594782973,0.5177548200332908,7195.0,54924.0,2072.0,1345.0
ANFC_000656.png,0.8870662460669612,0.7970521542278827,0.8937522702699324,0.8804795133511398,0.9888722305515764,0.9808807373049794,7.0710678118654755,0.8639995028299932,0.6047343742126835,4921.0,59362.0,668.0,585.0
ANFC_000657.png,0.7642322362082051,0.6184270690879713,0.7874818049799881,0.7423161361495175,0.9679882725945524,0.9490661621101523,14.190852566230108,0.8852670051029337,0.587348201492761,5410.0,56788.0,1878.0,1460.0
ANFC_000658.png,0.8475881885524492,0.735490716208436,0.86197463319299,0.8336740830025647,0.9759453160333957,0.961959838867768,4.0,0.9622084596077513,0.7604892814891435,6932.0,56111.0,1383.0,1110.0
ANFC_000659.png,0.8082319925522484,0.6781789639942923,0.8288564851002086,0.7886089814572439,0.9907993008105704,0.9843597412111763,17.022001872658766,0.8288646970333615,0.6370694910630617,2160.0,62351.0,579.0,446.0
ANFC_000660.png,0.8336048880006512,0.7146848263113873,0.8794585303224196,0.7922957801408641,0.982375743241313,0.9750671386722556,7.810249675906654,0.9773750610457828,0.43803889407242325,4093.0,59809.0,1073.0,561.0
ANFC_000661.png,0.8495259342052955,0.7384138065273581,0.8424778761410446,0.8566929134180667,0.9895601153797436,0.9794158935550017,4.0,0.9414964560830971,0.7830060620678271,3808.0,60379.0,637.0,712.0
ANFC_000662.png,0.8438403701712126,0.7298649325112782,0.8156913902691593,0.8740015974692489,0.9895130463687966,0.9752807617191273,4.242640687119285,0.9352986404597344,0.6841849728587863,4377.0,59539.0,631.0,989.0
ANFC_000663.png,0.8419426989113887,0.7270302584634388,0.8789192795331422,0.8079517579918283,0.9667680662168517,0.9547119140631911,4.47213595499958,0.9583230391449786,0.6944219729125563,7905.0,54663.0,1879.0,1089.0
ANFC_000664.png,0.7961220416504019,0.661297963104169,0.8649318463723809,0.7374537771196595,0.9754341450559292,0.967269897461437,14.912944685757017,0.8645575198476314,0.6920990749551654,4188.0,59203.0,1491.0,654.0
ANFC_000665.png,0.8099037591667432,0.6805363561403738,0.9036343612511685,0.733790430804324,0.9702769271739735,0.9647369384771006,6.1673900068116865,0.9103041421042668,0.6901204642779936,4923.0,58302.0,1786.0,525.0
ANFC_000668.png,0.8235788588933709,0.7000714541175356,0.8256610133966438,0.8215071795596366,0.9696126188824722,0.9487609863289069,6.344197549610781,0.8998653822681161,0.6342557410846996,7838.0,54340.0,1703.0,1655.0
ANFC_000669.png,0.8258534714342249,0.7033649134592873,0.8625801282234802,0.7921265636752359,0.9708000275638988,0.9584350585943844,8.06225774829855,0.9138543202647458,0.7049955363972673,6459.0,56353.0,1695.0,1029.0
ANFC_000671.png,0.8314759445730531,0.7115608281666524,0.8732514987515696,0.7935149157474669,0.9871681201942971,0.9810791015627888,4.0,0.9442027828012554,0.8258731984140041,3059.0,61237.0,796.0,444.0
ANFC_000672.png,0.8306457835174257,0.7103457376998752,0.87957516341837,0.7868732641738235,0.9754611552447916,0.9665069580083236,5.0,0.9196675130818098,0.7227842673141288,5383.0,57958.0,1458.0,737.0
ANFC_000673.png,0.8336966948780242,0.7148197996538328,0.9020569919037447,0.7749675746149534,0.9769576838159776,0.9709014892582566,8.602325267042627,0.885224834725508,0.4262648679891479,4780.0,58849.0,1388.0,519.0
ANFC_000674.png,0.8159963541282903,0.6891839877426512,0.8903530582072717,0.7531019979488743,0.9809149136784974,0.9753570556644386,5.0,0.9348582416159974,0.7544901163378127,3581.0,60340.0,1174.0,441.0
ANFC_000675.png,0.7835090719308911,0.6440730907943037,0.8378707842669909,0.7357716325181496,0.9755667007626032,0.9652252197270932,19.791384514781562,0.8498833886556303,0.7196319110300765,4124.0,59133.0,1481.0,798.0
ANFC_000677.png,0.8047690015194086,0.6733167083108936,0.813498041634981,0.7962253023308093,0.9888937107223285,0.9800109863284301,6.324555320336759,0.8774454297660434,0.7885521847399575,2700.0,61526.0,691.0,619.0
ANFC_000678.png,0.7491655969405935,0.598932676573764,0.7718215482680618,0.727801795855038,0.9726551407337735,0.9552764892584951,11.390683532816718,0.8421390480086631,0.7024859637881059,4377.0,58228.0,1637.0,1294.0
ANFC_000681.png,0.8146722790249746,0.6872970779538051,0.8914330833147213,0.7500830473092589,0.9610438925045991,0.9529724121100926,11.661903789690601,0.9155170288567472,0.6965805643572404,6774.0,55680.0,2257.0,825.0
ANFC_000683.png,0.8436755916301242,0.7296184232871391,0.82857688271179,0.8593347852049757,0.9741913220368298,0.9509124755866866,5.830951894845301,0.913570429369437,0.8010495592151265,8681.0,53638.0,1421.0,1796.0
ANFC_000684.png,0.8259440689634808,0.7034963557934407,0.8515535098003384,0.8018300024317566,0.9714805509837741,0.9571685791022162,7.085071285771713,0.8530030343731858,0.697844154153267,6660.0,56069.0,1646.0,1161.0
ANFC_000685.png,0.8278743565001959,0.706301718687931,0.797355561972211,0.8608223429230687,0.9846870838884105,0.9647979736333497,146.4137971640651,0.6044013467559047,0.4440125675417954,5548.0,57681.0,897.0,1410.0
ANFC_000686.png,0.809492473479909,0.6799557797498822,0.850341311686655,0.7723883525804577,0.9462594740850906,0.9293212890635786,9.0,0.8896216082501729,0.5449977796072246,9841.0,51063.0,2900.0,1732.0
ANFC_000688.png,0.8241697212235732,0.7009257510483797,0.8200707339036094,0.8283098906389127,0.9873959221138892,0.9758453369144312,6.4031242374328485,0.8546020439658849,0.44154234518061636,3710.0,60243.0,769.0,814.0
ANFC_000689.png,0.8602452494748437,0.7547634691598615,0.8575961179810384,0.8629107981478102,0.9878693210145257,0.9772186279300352,3.605551275463989,0.9366707895992744,0.8328961045623318,4595.0,59448.0,730.0,763.0
ANFC_000690.png,0.8164500224320428,0.6898314713709843,0.8298405467357993,0.8034847816930999,0.985428319105331,0.9750061035160065,4.47213595499958,0.8983117949621134,0.8045003011718654,3643.0,60255.0,891.0,747.0
ANFC_000691.png,0.7570939209695233,0.609132044458319,0.7750444886658595,0.7399560264101583,0.9535216047737077,0.9275054931651688,21.37872713806198,0.7653462336511561,0.6759395742520714,7404.0,53381.0,2602.0,2149.0
ANFC_000692.png,0.7869297522767765,0.6487091359884335,0.8471816284084361,0.7346790984217725,0.9476195582252552,0.9329376220713359,6.391338899868392,0.8478681647647898,0.7532970611485498,8116.0,53025.0,2931.0,1464.0
ANFC_000693.png,0.8486504953951559,0.7370919881528536,0.881655004575433,0.8180278509768509,0.9652626852273863,0.9526824951179096,8.0,0.9083761382448744,0.6782836504174663,8694.0,53741.0,1934.0,1167.0
ANFC_000694.png,0.7802182872252064,0.639637632758622,0.7979620194721666,0.763246500109583,0.9511883231955721,0.9259490966808175,9.219544457292887,0.9007432789506492,0.664322067076323,8614.0,52069.0,2672.0,2181.0
ANFC_000695.png,0.8726989600204271,0.7741489886754663,0.9244727229969987,0.8264166842398971,0.9711125523677696,0.9650726318364705,3.0,0.9846470913549508,0.8972687755553584,7846.0,55401.0,1648.0,641.0
ANFC_000696.png,0.6986367061931468,0.5368498631778428,0.7361050960392514,0.6647979139941593,0.9561330171141611,0.9328765869150868,28.071337695236398,0.7559774893389157,0.466961674240203,5099.0,56038.0,2571.0,1828.0
ANFC_000697.png,0.879875765055272,0.7855162290176548,0.9085078287201935,0.8529932695843966,0.9697819201228787,0.9598693847662374,5.0,0.948802628747517,0.7915872453439232,9632.0,53274.0,1660.0,970.0
ANFC_000698.png,0.8611517813624064,0.7561602742835397,0.8933423339892547,0.8312004396772238,0.9599515693404126,0.94790649414142,4.0,0.9544832005870683,0.7608645457413504,10587.0,51535.0,2150.0,1264.0
ANFC_000699.png,0.8353715898462701,0.717285945090967,0.9391657500686043,0.7522363784391274,0.9319396094358966,0.9332427978525812,5.0,0.9313888213080295,0.7285409893401287,11100.0,50061.0,3656.0,719.0
ANFC_000700.png,0.7842171264876291,0.6450305754332107,0.9285184006863381,0.678734785667204,0.9261411232123239,0.9264831542979969,6.082762530298219,0.897608431545917,0.6465030378747679,8755.0,51963.0,4144.0,674.0
ANFC_000701.png,0.8253466220504819,0.7026299311394721,0.8916170043788941,0.7682459263475115,0.936072973127305,0.9275360107432933,6.708203932499369,0.9024639226524931,0.6938625166659591,11221.0,49566.0,3385.0,1364.0
ANFC_000702.png,0.8163525448503891,0.6896923077161775,0.8981268155967017,0.748226654448116,0.9456915018100608,0.9384460449228144,8.983281572999738,0.8977456209899182,0.6349041160848872,8966.0,52536.0,3017.0,1017.0
ANFC_000703.png,0.7513831875928739,0.601772441433031,0.7823339940804839,0.7227881424146975,0.9578518724774145,0.9362335205087856,16.0,0.8388454783704304,0.5427423064244382,6315.0,55042.0,2422.0,1757.0
ANFC_000704.png,0.8844386452666683,0.792819365358745,0.8664962205573037,0.9031398447569066,0.9852140077823627,0.9689178466801619,3.1622776601683795,0.971645353119438,0.8444875465397896,7795.0,55704.0,836.0,1201.0
ANFC_000705.png,0.8897042472820934,0.8013218506107228,0.928090930186953,0.8543668588667129,0.9760340162354424,0.9697265625004621,3.0,0.9856334776476812,0.9001689773568984,8002.0,55550.0,1364.0,620.0
ANFC_000706.png,0.8411604890432195,0.7258645231745906,0.9201783250270482,0.7746403360044106,0.9550565802378141,0.9500427246101374,8.05914486088361,0.934939279701865,0.7786920842362252,8669.0,53593.0,2522.0,752.0
ANFC_000707.png,0.8563913729699929,0.7488500460238322,0.8587504395898781,0.8540452320058236,0.9780370142973768,0.9625091552740097,5.0,0.9501708213896464,0.8090401011574708,7326.0,55753.0,1252.0,1205.0
ANFC_000708.png,0.8752044031478002,0.7781008439275158,0.9031195983288238,0.8489631693091176,0.9634367917290082,0.9522552490241661,4.242640687119285,0.9602014808419823,0.7834958998081598,10972.0,51435.0,1952.0,1177.0
ANFC_000709.png,0.8116193785165393,0.6829624817796066,0.946432590603999,0.7104240581668485,0.9719444126172893,0.9702148437504546,5.0,0.9427370631611353,0.5961151019210906,4205.0,59379.0,1714.0,238.0
ANFC_000710.png,0.8869195751206725,0.7968153561133368,0.9164576016160991,0.8592261554910942,0.9792057535963588,0.9715728759769964,3.0,0.9833449006006616,0.8852908962556837,7306.0,56367.0,1197.0,666.0
ANFC_000711.png,0.8344185114777913,0.7158817463289892,0.8633018965837598,0.8074052534838223,0.9644461144816425,0.9495544433601448,5.0,0.9213254969300896,0.7006118780319517,8330.0,53900.0,1987.0,1319.0
ANFC_000712.png,0.8121988723827679,0.6837835505580578,0.8477423496845985,0.7795159386285404,0.9601174586232405,0.9440917968758532,7.0710678118654755,0.9019939811314432,0.6685789284105187,7923.0,53949.0,2241.0,1423.0
ANFC_000713.png,0.8819585355146908,0.7888424209114777,0.8953071825277353,0.8690020862422634,0.9722825087369453,0.9591674804693732,4.47213595499958,0.9424631730696542,0.7600065394705711,9997.0,52863.0,1507.0,1169.0
ANFC_000714.png,0.8089868443614818,0.6792425764108992,0.8585675430771924,0.7648198998736214,0.9465746890260416,0.9317626953135413,8.145036824620064,0.897645862778859,0.6879704152993432,9470.0,51594.0,2912.0,1560.0
ANFC_000715.png,0.8543288206922303,0.745701590588853,0.8966318234690955,0.8158376779050417,0.9503240151279846,0.9397430419931071,5.385164807134504,0.9218193472327714,0.8066387612520185,11580.0,50007.0,2614.0,1335.0
ANFC_000716.png,0.8712084571315135,0.771806329205374,0.9133647229327516,0.8327719437399926,0.9510544934381502,0.9431152343758681,4.0,0.9844792754210493,0.8215220128342599,12609.0,49199.0,2532.0,1196.0
ANFC_000717.png,0.7663102771280594,0.6211531659449177,0.7443832132620626,0.7895683453552805,0.9759831676905869,0.9509735107429357,49.87436867076458,0.8645055305352711,0.3521019978999646,5268.0,57055.0,1404.0,1809.0
ANFC_000718.png,0.7565640639091956,0.6084463557604536,0.816755476640504,0.7046354233553013,0.9606498809125442,0.9458160400398894,46.19628858723189,0.7759472854813598,0.6407732277628919,5518.0,56467.0,2313.0,1238.0
ANFC_000719.png,0.7323578173623327,0.5777322870945375,0.8048162230980963,0.6718688004666223,0.9581081993793377,0.9433441162118021,25.968876092937485,0.7839373442434371,0.6493145434698704,5080.0,56743.0,2481.0,1232.0
ANFC_000720.png,0.8424307803005239,0.7277584493210886,0.9274008392108779,0.7717240925112508,0.9345052452521594,0.9331359863291454,10.0,0.9725221715284245,0.45000142053084524,11714.0,49440.0,3465.0,917.0
ANFC_000721.png,0.8459608094481307,0.7330433978224259,0.9349699044098938,0.7724258970580709,0.9590978392310412,0.9559783935553593,5.0,0.9367150087140189,0.6842221157197833,7922.0,54729.0,2334.0,551.0
ANFC_000722.png,0.8184951860432075,0.692756539297232,0.9456193353623676,0.7215004191698448,0.9785281525167052,0.9766998291019181,5.0,0.9607394024904066,0.7753700811908633,3443.0,60566.0,1329.0,198.0
ANFC_000723.png,0.8124150430533568,0.6840900419928203,0.8932841769735668,0.7449725777177187,0.944702702703699,0.936828613282214,4.123105625617661,0.881303159488747,0.818601677228159,8965.0,52431.0,3069.0,1071.0
ANFC_000724.png,0.7734797706716079,0.6306294443467699,0.9211386805306523,0.666620267306985,0.9603062797295141,0.9571990966803406,7.0,0.7898257527075905,0.756454477730199,4789.0,57942.0,2395.0,410.0
ANFC_000725.png,0.7156244023985825,0.557176891072487,0.8445046265302404,0.6208727394025431,0.9626053514448473,0.9546203613288176,8.94427190999916,0.7069653610397469,0.742695523506192,3742.0,58820.0,2285.0,689.0
ANFC_000726.png,0.7032621754271082,0.5423318130640917,0.7956921790473248,0.6300712039029522,0.963228758600862,0.9510040283210602,6.0,0.7458740901149523,0.7516823718664091,3805.0,58520.0,2234.0,977.0
ANFC_000727.png,0.8335934339151729,0.7146679881353154,0.9519471947258156,0.7414147645752196,0.9566087541630302,0.956069946289733,4.242640687119285,0.9502175152346799,0.7888682185765541,7211.0,55446.0,2515.0,364.0
ANFC_000735.png,0.8039215686780388,0.6721311476824284,0.9186320755196745,0.7146788992134502,0.9902568922307291,0.9884033203126771,4.3344387942713976,0.9173446183985006,0.7568524974789612,1558.0,63218.0,622.0,138.0
ANFC_000737.png,0.7502494181076657,0.6003193189992979,0.8551933283887845,0.6682464456941668,0.9912795677158497,0.9885406494142375,7.0,0.877379712458344,0.6710901513002518,1128.0,63657.0,560.0,191.0
ANFC_000739.png,0.8404457733513331,0.7248007502462257,0.8136842106243768,0.8690275436374213,0.9963385505060605,0.9910430908204493,3.1622776601683795,0.9472492143420365,0.8416021411035509,1546.0,63403.0,233.0,354.0
ANFC_000741.png,0.4814090022106609,0.31701030971842115,0.38831886393976406,0.6332046336766993,0.9955655137002978,0.9838256835939969,68.23833490345741,0.5729598166414487,0.5086788790693947,492.0,63984.0,285.0,775.0
ANFC_000742.png,0.5831202048168184,0.41155234699526905,0.54234062840881,0.6305309738600321,0.9948205008917606,0.9875640869142523,22.106071459965587,0.6249575678593272,0.571841230757731,570.0,64151.0,334.0,481.0
ANFC_000743.png,0.8887234834801923,0.7997320831883911,0.939417781322252,0.8432203390937709,0.9965455535673143,0.9954376220703822,2.854163056034258,0.9475232594008198,0.9208672316362223,1194.0,64043.0,222.0,77.0
ANFC_000744.png,0.4949640291403136,0.32887189356704405,0.42053789801890235,0.601398602095457,0.9964770233938552,0.9892883300782885,30.675723300355934,0.5283014021008248,0.4716275784593783,344.0,64490.0,228.0,474.0
ANFC_000746.png,0.7116945108086647,0.5524268249157367,0.8050755940577345,0.6377245510531547,0.9866999560331213,0.9815673828127813,6.324555320336759,0.8151826499012681,0.6773420233873712,1491.0,62837.0,847.0,361.0
ANFC_000748.png,1.811594199616677e-09,1.811594199616677e-09,7.692307633136095e-09,2.36966824083017e-09,0.9935479925390095,0.9915771484376287,92.0,0.0,0.0,0.0,64984.0,422.0,130.0
ANFC_000749.png,0.5570668246262171,0.3860655742737167,0.6541666671469908,0.4850669418279434,0.9922858553444784,0.988571166992362,8.454665997092848,0.5702923842785006,0.6259815538698406,471.0,64316.0,500.0,249.0
ANFC_000750.png,0.6509900992258725,0.482568807814157,0.8566775246633916,0.5249501002745008,0.9926681248268281,0.9913940429688815,75.69015788066504,0.798799145237118,0.7644711776906546,526.0,64446.0,476.0,88.0
ANFC_000751.png,0.7591907229510004,0.6118512627536584,0.8621462594950556,0.6782014547766803,0.9764390724098885,0.9702148437504546,5.385164807134504,0.8766742416430373,0.6913700035352028,3077.0,60507.0,1460.0,492.0
ANFC_000752.png,0.7952704182624762,0.6601235915448479,0.8525821596936235,0.7451784982580311,0.9902059741981799,0.9857330322267803,5.0,0.8736419903643823,0.8061443808499014,1816.0,62785.0,621.0,314.0
ANFC_000753.png,0.6934025974344517,0.5306933842985538,0.6443328828645813,0.7505623032499859,0.9816259920144867,0.9549713134772497,14.177272711639999,0.7908706135651765,0.5849091329968918,3337.0,59248.0,1109.0,1842.0
ANFC_000754.png,0.7071547422183218,0.5469755472670684,0.674603174861426,0.7430069932316372,0.9954259754808105,0.989257812500164,4.0,0.8109072317701513,0.7464409985673717,850.0,63982.0,294.0,410.0
ANFC_000755.png,0.7147377939161984,0.5561027085627497,0.8754152824610104,0.6038961040474041,0.9837282284640871,0.980743408203419,6.479394161199479,0.8818989713127203,0.4836898306139539,1581.0,62693.0,1037.0,225.0
ANFC_000756.png,0.5814593850870285,0.40989970892754773,0.9072681704592667,0.4278237380672254,0.9459860064079502,0.9443359375008494,62.428952804175886,0.6225928319803412,0.3188544358556846,2534.0,59354.0,3389.0,259.0
ANFC_000757.png,0.7143772698751597,0.5556663344780106,0.8156097561875075,0.6354998100967314,0.9848943074065952,0.9795989990237489,84.16887504193895,0.8321077137474543,0.49575486255510437,1672.0,62527.0,959.0,378.0
ANFC_000758.png,0.8459928597998285,0.7330915298201212,0.8458887248040649,0.8460970204762135,0.989833100172596,0.9809112548831039,3.1622776601683795,0.9382459672355263,0.8666373650369642,3436.0,60849.0,625.0,626.0
ANFC_000760.png,0.8634991260347212,0.7597874721029677,0.9117449664725688,0.8201026260730145,0.9904725366073522,0.9868927001955126,2.23606797749979,0.9562580370328281,0.9366664347996384,2717.0,61960.0,596.0,263.0
ANFC_000762.png,0.8328027505624853,0.7135064368942817,0.8020603385327298,0.8659957627473528,0.9917668689696909,0.9799652099612434,6.082762530298219,0.9198890033405347,0.7680787172615203,3270.0,60953.0,506.0,807.0
ANFC_000763.png,0.7334542158154346,0.5790980673874735,0.7111046001432451,0.7572542902473466,0.9874764579948252,0.9730834960941608,8.246211251235321,0.8011088747507432,0.5729699237918344,2427.0,61345.0,778.0,986.0
ANFC_000765.png,0.8174490279969833,0.6912590217138614,0.8471744472119964,0.7897388914819653,0.9850649139364028,0.9765014648441087,3.605551275463989,0.9303555591918512,0.8305362449895952,3448.0,60548.0,918.0,622.0
ANFC_000766.png,0.8097752300784771,0.6803548796754487,0.9076766993886788,0.7309368192453876,0.9842119560877577,0.9807586669924812,3.0,0.9069888872604356,0.8467643842739638,2684.0,61591.0,988.0,273.0
ANFC_000767.png,0.7892659826694134,0.6518904824897287,0.8887308923253712,0.7098239637394026,0.9837061365052101,0.9796295166018735,5.0990195135927845,0.877454168109183,0.7308182217367117,2500.0,61701.0,1022.0,313.0
ANFC_000768.png,0.6957487310127303,0.5334468500283515,0.6722869406277477,0.7209072979221212,0.9863667019946307,0.9707336425785716,43.657759905886145,0.7962436331790812,0.612296152631766,2193.0,61425.0,849.0,1069.0
ANFC_000770.png,0.7472047295017087,0.596430037013453,0.8090731979379145,0.694126074571603,0.9793196971412538,0.9699859619145206,11.180339887498949,0.8258387020065419,0.676756827867683,2907.0,60662.0,1281.0,686.0
ANFC_000771.png,0.7749457701260993,0.632580788121921,0.8526252984172881,0.7102385687324858,0.9908706545569861,0.9873352050783184,12.332385189167674,0.8553372803765618,0.6842629411832599,1429.0,63277.0,583.0,247.0
ANFC_000772.png,0.7784622404998331,0.6372805379833244,0.7849091327846999,0.7721203892799002,0.9835427936396486,0.9703674316410773,9.005538513813736,0.8703158653999312,0.770041090307716,3412.0,60182.0,1007.0,935.0
ANFC_000773.png,0.7734285714609388,0.6305613790751079,0.9216887981199562,0.6662564608254352,0.978338312113958,0.9757995605472444,11.414761727926328,0.8191797120235432,0.6218710702404885,2707.0,61243.0,1356.0,230.0
ANFC_000774.png,0.7670871223574234,0.6221746372538246,0.9175438596780547,0.6590221775052867,0.9784162332900741,0.9757690429691198,35.83013267475105,0.8459691719524225,0.6214533487701183,2615.0,61333.0,1353.0,235.0
ANFC_000775.png,0.6478704259852288,0.4791481811655877,0.7706945767028095,0.5588133840776774,0.9798373112214296,0.9731292724613476,16.0,0.7173999867011728,0.6862361248228979,1620.0,62155.0,1279.0,482.0
ANFC_000776.png,0.7569708974924622,0.6089727875437674,0.8426051560913822,0.6871369295471267,0.9819294433440607,0.975662231445684,9.682907133900265,0.8101526149957511,0.7266275820240075,2484.0,61457.0,1131.0,464.0
ANFC_000778.png,0.8139286477380953,0.6862391931212489,0.9202898550852996,0.7296055151628232,0.9642989582988184,0.960128784180296,10.04987562112089,0.8554757557187488,0.5363900764465286,5715.0,57208.0,2118.0,495.0
ANFC_000780.png,0.7880586592363775,0.6502448862503248,0.8741285825185654,0.7174189447365832,0.9705492612474235,0.9629516601568154,6.708203932499369,0.8566565101074008,0.6961250950036894,4514.0,58594.0,1778.0,650.0
ANFC_000781.png,0.8011744501799803,0.6682994455020056,0.872255729810343,0.7408052453907586,0.9558047723866155,0.9452362060555233,5.385164807134504,0.8943166329653462,0.6911191312813082,7231.0,54716.0,2530.0,1059.0
ANFC_000782.png,0.7038202247856583,0.542995839270806,0.6895640688289019,0.718678292923966,0.9903105982772415,0.979888916015932,17.0,0.8224529419032434,0.6319453953268063,1566.0,62652.0,613.0,705.0
ANFC_000783.png,0.6710982659910121,0.5050021750739443,0.7548764630982598,0.6040582728386794,0.9881090034065423,0.9826354980471401,5.0990195135927845,0.7482236566750406,0.7261203268033348,1161.0,63237.0,761.0,377.0
ANFC_000784.png,0.7851723806986294,0.6463241107278539,0.8382202173799015,0.7384393064056287,0.9761288514486535,0.9658660888677084,5.0,0.8579630138054986,0.7439354940483948,4088.0,59211.0,1448.0,789.0
ANFC_000785.png,0.9039855072536243,0.8247933884538852,0.9429921259932296,0.8680777037013515,0.9846247423379748,0.9805908203127963,5.0,0.9762111234413945,0.6056019674005715,5988.0,58276.0,910.0,362.0
ANFC_000786.png,0.842093441158912,0.7272550921700044,0.9327030725298292,0.7675299416759618,0.9605022870765344,0.9570922851569048,6.355982887175202,0.9365167111706572,0.6779200420648233,7498.0,55226.0,2271.0,541.0
ANFC_000787.png,0.850091407689664,0.7392686804796942,0.911169170491318,0.7966876071106956,0.9760317780923714,0.9699707031254583,4.0,0.9622106717091365,0.8115922522628025,5580.0,57988.0,1424.0,544.0
ANFC_000788.png,0.8485891774681095,0.7369994800133907,0.9038584183826757,0.799689660064933,0.9760394168470565,0.9691314697270337,7.0,0.9735968567975242,0.5057401307369204,5669.0,57844.0,1420.0,603.0
ANFC_000789.png,0.9106867512856498,0.8360191637987763,0.9495424190082754,0.8748860528999803,0.9910721545543221,0.9885101318361129,4.0,0.9999994943628239,0.706033333486215,3839.0,60944.0,549.0,204.0
ANFC_000790.png,0.7016918967583807,0.5404663924443165,0.7746755801122001,0.6412760417834389,0.9825059927296286,0.9744415283207026,22.414187465025176,0.7781848731857598,0.5810908606549486,1970.0,61891.0,1102.0,573.0
ANFC_000791.png,0.7481688640633681,0.5976595745536893,0.8194282380923488,0.6883116883880638,0.9795195465965815,0.9711456298832529,34.97140812509034,0.7936291336542295,0.6719535145864971,2809.0,60836.0,1272.0,619.0
ANFC_000792.png,0.8225899780220698,0.698643601366361,0.8254558123533323,0.8197439741875512,0.9725428194998236,0.953216552735089,18.759835142440426,0.8659584615921407,0.6007960411182419,7108.0,55362.0,1563.0,1503.0
ANFC_000793.png,0.8408857603870886,0.7254554656217794,0.904559078734097,0.7855870667508443,0.9735628494691697,0.9668884277348804,7.280109889280518,0.9542353892225632,0.4728460328724867,5734.0,57632.0,1565.0,605.0
ANFC_000794.png,0.8204836877276024,0.6956102931477074,0.8608651226394984,0.7837209302660898,0.9766190667743259,0.9662475585942651,4.123105625617661,0.9395742353337272,0.7665444527190962,5055.0,58269.0,1395.0,817.0
ANFC_000795.png,0.8087361075336821,0.6788891299979508,0.8954070682650727,0.7373630258351169,0.9619280236397778,0.9548339843756893,11.375340525389378,0.8889290606549529,0.4528211095607649,6258.0,56318.0,2229.0,731.0
ANFC_000796.png,0.8351051447322801,0.7168931521826681,0.8881003466103152,0.7880785003239487,0.9756712678854739,0.9675750732426823,5.0,0.9610975508717154,0.6490753371511251,5381.0,58030.0,1447.0,678.0
ANFC_000797.png,0.7810080581623473,0.6406999352377576,0.8887090974669707,0.6965896280021717,0.9641011104818071,0.9577026367193955,8.06225774829855,0.8906093501144069,0.5650530197127469,4943.0,57821.0,2153.0,619.0
ANFC_000798.png,0.8016329251185843,0.6689377086111044,0.9225311601299078,0.7087507366368959,0.9672253444079636,0.963668823242742,5.0,0.9246598915913133,0.603583841088508,4811.0,58344.0,1977.0,404.0
ANFC_000799.png,0.7765028258454785,0.6346584546983961,0.911906677411121,0.6761109454703086,0.9641371111557339,0.9601745605474828,5.0,0.9155286416675532,0.586105415698997,4534.0,58392.0,2172.0,438.0
ANFC_000800.png,0.8949787529360005,0.8099199498022415,0.9003664282149073,0.8896551724328181,0.9892985536328184,0.9815216064455946,3.0,0.9610220812724013,0.8940577781318034,5160.0,59165.0,640.0,571.0
ANFC_000801.png,0.8423297785328417,0.7276077098277756,0.9430565760679439,0.7610435814524034,0.9871684656288858,0.9853363037111613,8.172629850060595,0.8953567331521907,0.6561840444956047,2567.0,62008.0,806.0,155.0
ANFC_000802.png,0.8098264483243918,0.680427192507614,0.8270094858145258,0.7933429119268814,0.98597432146943,0.9762573242191124,7.211102550927978,0.900645976162793,0.7524618159636725,3313.0,60667.0,863.0,693.0
ANFC_000803.png,0.8046068308278095,0.6730897010238298,0.8312647451193698,0.7796055796267816,0.958933084769589,0.9399414062509165,51.24451190127583,0.887467689719476,0.5729735119206105,8104.0,53496.0,2291.0,1645.0
ANFC_000804.png,0.8295642581435206,0.7087653157627423,0.8600019060459352,0.8012074935806439,0.9593227113355136,0.9434204101571134,5.0990195135927845,0.9375817332340293,0.6296668779184381,9024.0,52804.0,2239.0,1469.0
ANFC_000805.png,0.8581495704557525,0.7515428888598888,0.8777129899677913,0.8394392378716258,0.9610250432435695,0.9453277587898968,4.47213595499958,0.8633214926307916,0.7697077023823417,10838.0,51115.0,2073.0,1510.0
ANFC_000806.png,0.8477104682937014,0.7356748846408111,0.9155225553494645,0.7892512077549214,0.9701188396868023,0.9641723632817968,6.266210024238409,0.8845909829409013,0.7970176179018457,6535.0,56653.0,1745.0,603.0
ANFC_000807.png,0.8285796600567964,0.7073290703873866,0.9565410199652903,0.7308148399575106,0.973961917871498,0.9727630615238532,4.0,0.9708269913187301,0.7426751470767496,4314.0,59437.0,1589.0,196.0
ANFC_000808.png,0.8018516547939847,0.6692423839000584,0.8221494817433552,0.7825319348029357,0.9628532401418664,0.9431762695321172,7.134083444443577,0.8965118004358092,0.6705939731311659,7535.0,54277.0,2094.0,1630.0
ANFC_000809.png,0.7907700285304242,0.6539451115219601,0.7869749200343714,0.7946019174870153,0.9647071463110873,0.9384307861337521,11.0,0.8536639384283002,0.7048991000457605,7625.0,53876.0,1971.0,2064.0
ANFC_000810.png,0.7861499656140266,0.6476499924703302,0.7604471653127098,0.8136510347623267,0.9638256703222366,0.9288482666026483,7.211102550927978,0.8687093233969307,0.6919159438374902,8571.0,52302.0,1963.0,2700.0
ANFC_000811.png,0.7966045640063607,0.6619640894410074,0.8048563154594724,0.7885202968366958,0.9657342904634935,0.9436950683602342,5.0,0.9122501764777169,0.719758522848186,7226.0,54620.0,1938.0,1752.0
ANFC_000812.png,0.776276455844042,0.6343560680800554,0.8240670221314884,0.7337251356840584,0.9808756919982974,0.9714508056644983,48.05205510693585,0.8100213916913291,0.6512029472468768,3246.0,60419.0,1178.0,693.0
ANFC_000813.png,0.7913013462346358,0.6546721499137912,0.8212955001689173,0.7634208072780844,0.9696710953248118,0.9538726806647665,7.615773105863909,0.8807602491726845,0.7160102714720644,5731.0,56782.0,1776.0,1247.0
ANFC_000814.png,0.7909928352240878,0.65424991537936,0.8127892301482557,0.7703349282601895,0.9704134919960549,0.9532623291022758,5.830951894845301,0.9008697457368272,0.7381576096577174,5796.0,56677.0,1728.0,1335.0
ANFC_000815.png,0.7813639804706239,0.6411791281182314,0.828275459610698,0.7394815683548936,0.9659179987054648,0.9515228271491774,7.211102550927978,0.8852370799383713,0.7111879792639089,5677.0,56682.0,2000.0,1177.0
ANFC_000816.png,0.7813321250764538,0.6411362284888257,0.7643617021694394,0.799073215977929,0.9819019634035344,0.9631805419927494,12.806248474865697,0.8682820023654954,0.7748474848015695,4311.0,58812.0,1084.0,1329.0
ANFC_000817.png,0.8461662631402476,0.7333519866442776,0.9119693806847705,0.7892201144868353,0.9888289553479169,0.9854583740236595,3.605551275463989,0.9481528824915039,0.8552375997032583,2621.0,61962.0,700.0,253.0
ANFC_000818.png,0.8544695552106679,0.7459160593326701,0.8941554529128183,0.8181567582635159,0.9643923854769083,0.9537200927741438,5.0,0.9377693744258403,0.7610018904959371,8904.0,53599.0,1979.0,1054.0
ANFC_000819.png,0.7981612013608237,0.6641166871007633,0.8953520352179108,0.7200044233418109,0.9565426335308845,0.9497528076179543,9.433981132056603,0.8646763522469206,0.6366466232826697,6511.0,55732.0,2532.0,761.0
ANFC_000820.png,0.7588265176683499,0.6113782871573337,0.8410754504728216,0.6912309116507137,0.9543229737138157,0.9420471191415094,11.40175425099138,0.8205173208636142,0.5865148829197426,5975.0,55763.0,2669.0,1129.0
ANFC_000821.png,0.8276664727053232,0.7059991490985678,0.8860804556984548,0.7764779285951524,0.9760839814417023,0.9683685302739202,7.0710678118654755,0.8884708227488731,0.7660689239859672,4978.0,58485.0,1433.0,640.0
ANFC_000822.png,0.7454206427692541,0.594159818185508,0.8575394321946322,0.6592297992376341,0.9390220617600975,0.9291687011729559,18.002775637731993,0.7635711895033251,0.4796608898669234,6796.0,54098.0,3513.0,1129.0
ANFC_000823.png,0.7319358238983563,0.5772072405657172,0.7672477290038675,0.6997313032468133,0.978181995672548,0.9650726318364705,12.36931687685298,0.7988517898572284,0.6394337680542074,3125.0,60122.0,1341.0,948.0
ANFC_000824.png,0.8380452063428461,0.7212373587482168,0.8517633834689106,0.8247619047857467,0.97795237850737,0.9642486572271082,5.0,0.9128715557436814,0.8637143233363547,6062.0,57131.0,1288.0,1055.0
ANFC_000825.png,0.8160539919718514,0.6892662219903861,0.8345080763825979,0.7983984265526274,0.9755644859180675,0.9609069824224716,5.0,0.9328186503649507,0.8163782585404264,5683.0,57291.0,1435.0,1127.0
ANFC_000826.png,0.8531109685830559,0.7438478747612899,0.8709073901083428,0.8360272988800238,0.9848316193453368,0.9755401611331859,3.0,0.9290513195118322,0.8554012610929449,4655.0,59278.0,913.0,690.0
ANFC_000827.png,0.8191820020810507,0.6937411214428226,0.883661522098599,0.7634725032404385,0.9541867797161756,0.9440765380867909,5.0,0.8897563733212157,0.7955356031908977,8302.0,53569.0,2572.0,1093.0
ANFC_000828.png,0.869252249465141,0.768741082233702,0.8857973947279882,0.8533138401738165,0.9791077408947039,0.9678497314458032,4.47213595499958,0.9238608982742442,0.8594796000591415,7004.0,56425.0,1204.0,903.0
ANFC_000829.png,0.7847318477564382,0.6457273206136404,0.794301748349417,0.7753898019621376,0.9621112493342436,0.9383850097665652,6.0,0.8221662960469837,0.816079099711767,7360.0,54138.0,2132.0,1906.0
ANFC_000830.png,0.805067823465877,0.6737351619599246,0.8357398141764489,0.7765674814324433,0.9712680002054753,0.9568023681647218,5.0,0.8708085256325924,0.7937397346248912,5846.0,56859.0,1682.0,1149.0
ANFC_000831.png,0.7899434489480177,0.6528153153544127,0.8396581692005131,0.745786697575481,0.9662982671584408,0.9529571533210304,7.211102550927978,0.895138587593964,0.8172397525621967,5797.0,56656.0,1976.0,1107.0
ANFC_000832.png,0.7552313586976693,0.606724280856313,0.829288025917591,0.6933170996085881,0.9618067255212311,0.9493103027351486,8.0,0.8666364689100693,0.7148154674806544,5125.0,57089.0,2267.0,1055.0
ANFC_000833.png,0.8355108511542387,0.717491315395973,0.8546186535613265,0.8172387980090644,0.9698024525573418,0.9540863037116382,8.05291908605376,0.929003124354012,0.8180602118281182,7642.0,54885.0,1709.0,1300.0
ANFC_000834.png,0.8671632776377224,0.7654794910239938,0.8907271072966558,0.8448140593249008,0.9629913746335063,0.9496612548835807,3.1622776601683795,0.966116853735186,0.8601121025165521,10768.0,51469.0,1978.0,1321.0
ANFC_000835.png,0.8463189325514305,0.733581365297059,0.8996230906765279,0.7989781536647326,0.9811389371025516,0.9748687744144461,4.123105625617661,0.8844247147108343,0.8338405920928084,4535.0,59354.0,1141.0,506.0
ANFC_000836.png,0.7754454048729149,0.6332469030154864,0.7912167027389428,0.7602905569836421,0.9889575830971516,0.980575561523734,29.272639794962377,0.8679415010187231,0.7804412598347572,2198.0,62065.0,693.0,580.0
ANFC_000837.png,0.8939700244061366,0.8082692550348834,0.8985426009110786,0.8894437508823078,0.986352739726261,0.9767913818362918,3.1622776601683795,0.9617985335653156,0.8707317692329151,6412.0,57603.0,797.0,724.0
ANFC_000838.png,0.7844532456343927,0.6453501215324332,0.7492946909785465,0.8230736723731408,0.9782465620565616,0.9510040283210602,8.06225774829855,0.8629155420175598,0.7910078437113315,5843.0,56482.0,1256.0,1955.0
ANFC_000839.png,0.7670940171189002,0.6221837089043009,0.8009817046405663,0.7359573596277249,0.978903921119355,0.9667358398442577,5.0,0.8506727852878028,0.7673352087526912,3590.0,59766.0,1288.0,892.0
ANFC_000840.png,0.7359344422862075,0.5821964199726951,0.8104795258875971,0.6739471326530078,0.9499070759920515,0.9341125488291304,24.0,0.8231131999391019,0.7626984368194021,6017.0,55201.0,2911.0,1407.0
ANFC_000841.png,0.7959273045986504,0.6610292781121968,0.8865853658813205,0.7220897894870699,0.9772283351784421,0.9715576171879341,56.0,0.902565167515647,0.7027071960499309,3635.0,60037.0,1399.0,465.0
ANFC_000842.png,0.7885850889146433,0.6509620128698863,0.7826215895933242,0.7946401686548269,0.9767995645670023,0.956817626953784,7.280109889280518,0.9097256484540202,0.7248781890405337,5278.0,57428.0,1364.0,1466.0
ANFC_000843.png,0.8088708935484613,0.679079110061947,0.8768954509423592,0.7506404782663295,0.9758773379159362,0.9683074951176712,8.974922359499606,0.852365794011322,0.7806827851889688,4395.0,59064.0,1460.0,617.0
ANFC_000844.png,0.7812785985382039,0.6410641494011876,0.8660869565605545,0.7115979995923796,0.9804947975392119,0.9744720458988272,9.0,0.8790415811793412,0.7009444884828596,2988.0,60875.0,1211.0,462.0
ANFC_000845.png,0.7853589864115101,0.646577036061416,0.7966488956975154,0.7743846011892681,0.9797790458499804,0.9651031494145951,7.615773105863909,0.8967682969121525,0.6774518152380058,4184.0,59065.0,1219.0,1068.0
ANFC_000846.png,0.7395411606328474,0.5867237688349455,0.8064094179835155,0.6829133204976701,0.9816735490895727,0.9734954833988421,15.0,0.7380971820411354,0.7322112819435359,2466.0,61333.0,1145.0,592.0
ANFC_000847.png,0.7946488294543312,0.659267480640165,0.883928571457359,0.7217496962896416,0.9776599895945359,0.971893310547304,3.605551275463989,0.8456269333878431,0.8216657484466973,3564.0,60130.0,1374.0,468.0
ANFC_000848.png,0.7366375121842791,0.5830769231685544,0.7917039690266475,0.68873312572982,0.980718822867561,0.9710540771488793,8.018677324489563,0.867677541306815,0.7005886531059025,2653.0,60986.0,1199.0,698.0
ANFC_000849.png,0.7579818683961407,0.6102824501395486,0.7342497137326272,0.7832993890903058,0.9915444156588594,0.981262207031536,8.564017153551594,0.8742767406340606,0.7943902461384524,1923.0,62385.0,532.0,696.0
ANFC_000850.png,0.7854149820050419,0.6466529476278111,0.8129660630325725,0.7596700796701266,0.97133892987414,0.9554595947272423,15.556349186104045,0.8358558725988883,0.530270830048581,5342.0,57275.0,1690.0,1229.0
ANFC_000851.png,0.8625585083802345,0.7583321997171587,0.9007109387703417,0.8275068655958208,0.9562812746913676,0.9457855224617648,5.830951894845301,0.9603199017855002,0.6493281665908672,11149.0,50834.0,2324.0,1229.0
ANFC_000852.png,0.8197336334730945,0.6945327400115597,0.8424908425060256,0.7981735160001668,0.9599361879562028,0.9413452148446451,5.830951894845301,0.9195204056749123,0.8223517504635461,8740.0,52952.0,2210.0,1634.0
ANFC_000853.png,0.8200028146634141,0.6949192971539382,0.8010264870496722,0.8399000576744282,0.9695011441653181,0.941452026368081,5.0,0.9235923038743034,0.7510315682618042,8740.0,52959.0,1666.0,2171.0
ANFC_000854.png,0.7818977620132218,0.6418983051333019,0.7580464371884633,0.8072987722020295,0.9809414582317563,0.9597015380865526,9.433981132056603,0.884417977099607,0.7193664085729644,4734.0,58161.0,1130.0,1511.0
ANFC_000855.png,0.7771252796732208,0.635490510030759,0.838563669330548,0.7240750391547486,0.9829802963584748,0.9756774902347463,6.332412212046361,0.8639155723432806,0.7938173392439033,2779.0,61163.0,1059.0,535.0
ANFC_000856.png,0.7933795227256829,0.657522011017287,0.886156491851048,0.7181881533493815,0.9661425629181336,0.9590454101568751,9.667845391150621,0.8974686992082636,0.6764231843061193,5153.0,57699.0,2022.0,662.0
ANFC_000857.png,0.8517926872625226,0.7418457257890055,0.8507356851754356,0.8528523191884795,0.9694769049292314,0.9490356445320277,6.191569285815518,0.9462218108628119,0.6427520837871126,9598.0,52598.0,1656.0,1684.0
ANFC_000858.png,0.8474609957344996,0.7352991895382567,0.8718053567908602,0.8244392884933837,0.967428345948857,0.9531555175788399,4.0,0.9630484062566531,0.7936266742288431,8528.0,53938.0,1816.0,1254.0
ANFC_000859.png,0.7789923563919625,0.6379913840013475,0.7723272490592688,0.7857735036004355,0.9782491582495244,0.9589691162115637,8.0,0.8656747521166216,0.7605635147609419,4739.0,58108.0,1292.0,1397.0
ANFC_000860.png,0.7444798899265354,0.5929653248711673,0.8328901329835003,0.6730377742961957,0.9504889452150076,0.9376678466806387,5.0,0.8180768885510854,0.683557290402713,5951.0,55500.0,2891.0,1194.0
ANFC_000861.png,0.7635788577480944,0.6175718221549025,0.8559934542675585,0.6891743522519571,0.9513598955388664,0.9406890869149677,6.082762530298219,0.8786743578842098,0.6790046944507353,6277.0,55372.0,2831.0,1056.0
ANFC_000862.png,0.886220186567267,0.7956870612040434,0.9439552594069544,0.8351405411269459,0.9725897920609713,0.9689178466801619,3.605551275463989,0.9469199714369723,0.8412140722732417,7933.0,55566.0,1566.0,471.0
ANFC_000863.png,0.8394862639037328,0.7233746898537593,0.9114557278750055,0.7780506032050762,0.963868613139314,0.9574737548834615,10.885164807134505,0.8931843449101154,0.7074893979346334,7288.0,55461.0,2079.0,708.0
ANFC_000864.png,0.7931483088046078,0.6572044557466028,0.9422977846768172,0.6847622614433687,0.9867599654062936,0.9854431152345973,6.324555320336759,0.8906162107823428,0.4590685195494571,1829.0,62753.0,842.0,112.0
ANFC_000865.png,0.8028412363343673,0.6706221937491317,0.8825267304610964,0.7363540321943475,0.9615595262551934,0.9529876708991549,4.242640687119285,0.9062784009337166,0.8287848257069709,6273.0,56182.0,2246.0,835.0
ANFC_000866.png,0.8823939570085768,0.789539357409843,0.9165861902563271,0.850660990381956,0.976716970586587,0.9691162109379714,4.0,0.9055607935949269,0.8348923244936411,7593.0,55919.0,1333.0,691.0
ANFC_000867.png,0.7787482681899435,0.6376640031924964,0.877069199473939,0.700249160470128,0.9524292542043045,0.9439544677742928,5.0,0.8847168206600731,0.7305470500686033,6464.0,55399.0,2767.0,906.0
ANFC_000868.png,0.8190390080199536,0.6935360385329175,0.8293225216022335,0.8090073998712672,0.9741406115050244,0.9572448730475275,6.324555320336759,0.8674075400448766,0.7486466534321123,6341.0,56393.0,1497.0,1305.0
ANFC_000869.png,0.8832709918816413,0.7909447909689369,0.9206776015164456,0.848785324758455,0.9790009983135564,0.9723815917972966,5.385164807134504,0.9357620929438532,0.8011029696690699,6848.0,56878.0,1220.0,590.0
ANFC_000870.png,0.8056084944451936,0.6744928197687501,0.822858731973621,0.7890666667229156,0.9872295770102159,0.9782104492190826,4.0,0.8869601123123618,0.782342425755222,2959.0,61149.0,791.0,637.0
ANFC_000871.png,0.8284329157068291,0.7071152192920126,0.8659997367558248,0.7939898624433998,0.9705379795997422,0.9584197998053221,3.605551275463989,0.9338192033703664,0.8669609541676799,6579.0,56232.0,1707.0,1018.0
ANFC_000872.png,0.8642956764390309,0.7610217364901115,0.8925536511749167,0.8377720697799416,0.9795197378529941,0.9703063964848282,3.0,0.9719707979986768,0.8990698525166655,6197.0,57393.0,1200.0,746.0
ANFC_000873.png,0.8498646491393167,0.7389257694943964,0.8835329773584164,0.8186680930972629,0.9768628320852993,0.9669952392583162,3.7041634565979917,0.9519891295061096,0.7733810423999379,6122.0,57251.0,1356.0,807.0
ANFC_000874.png,0.8107130554680196,0.6816799420940131,0.8455941794803203,0.778595649675081,0.9507931547901625,0.9329223632822736,8.0,0.8545364783101117,0.6168087489048942,9414.0,51726.0,2677.0,1719.0
ANFC_000875.png,0.7607176141798278,0.6138371874775487,0.7875060299339718,0.7356917530716887,0.9590175389567637,0.9373168945322066,9.0,0.8617094673705549,0.5889756767933327,6530.0,54898.0,2346.0,1762.0
ANFC_000876.png,0.7482138245891182,0.5977169578327992,0.7095510204555835,0.7913328478165818,0.9807106428105786,0.9553680419928686,73.64778209826478,0.810543520318709,0.5242829907672132,4346.0,58265.0,1146.0,1779.0
ANFC_000877.png,0.7939284795648806,0.658276450560541,0.7489079437390539,0.8447080292254182,0.9856625389607335,0.963333129883372,6.288286401830956,0.9308850278214547,0.6968379478521838,4629.0,58504.0,851.0,1552.0
ANFC_000878.png,0.8253796095760341,0.7026777470905886,0.867730900848449,0.7869700104146949,0.9901756617122617,0.98526000976585,4.194826662518624,0.9586451594834513,0.6748910687835791,2283.0,62287.0,618.0,348.0
ANFC_000879.png,0.8034473172361069,0.6714684015633204,0.7881101718603463,0.8193932521067782,0.98970405211027,0.9784240722659543,82.72672670753215,0.9219073794197714,0.614559959073055,2890.0,61232.0,637.0,777.0
ANFC_000880.png,0.8722643097710299,0.7734651987522425,0.9285394265313016,0.8224206349382519,0.9683790276998238,0.9629516601568154,4.0,0.9691268959167587,0.7276776324656322,8290.0,54818.0,1790.0,638.0
ANFC_000881.png,0.8326926291228192,0.7133447881075784,0.8362568191492861,0.8291586918674246,0.9617127617918033,0.9389038085946824,8.0,0.9246503150939254,0.5795878051038572,9964.0,51568.0,2053.0,1951.0
ANFC_000882.png,0.8319729805955556,0.7122891566727246,0.8818615752024938,0.7874267448432913,0.9802174919022242,0.9726715087894796,7.141085181396727,0.9083588698810087,0.628778911645825,4434.0,59311.0,1197.0,594.0
ANFC_000883.png,0.8508514386595931,0.7404190087530866,0.8776499091830254,0.8256410256907005,0.9901661471223099,0.9844970703127367,4.0,0.9386772086105585,0.825128261249394,2898.0,61622.0,612.0,404.0
ANFC_000884.png,0.8087327954740179,0.6788844622366841,0.8859618717899612,0.7438882422165634,0.9859539352925579,0.981552124023719,4.0,0.9130429780873149,0.8286620430745336,2556.0,61771.0,880.0,329.0
ANFC_000885.png,0.7826378040737203,0.6428964253306236,0.8083438976825695,0.7585162755749415,0.9607274134268853,0.9405517578134072,5.0990195135927845,0.8393921651015542,0.7753240240436129,7014.0,54626.0,2233.0,1663.0
ANFC_000886.png,0.6831299082521403,0.5187526944217915,0.7474120083338691,0.6290294477036017,0.964929331532881,0.9488983154304673,46.09772228646444,0.7263601717391961,0.7095405049062968,3610.0,58577.0,2129.0,1220.0
ANFC_000887.png,0.8006838039888132,0.6676169359447137,0.8482693855851531,0.7581534772472238,0.965273234393353,0.9519653320319831,5.0,0.9145554438886953,0.7489601557317099,6323.0,56065.0,2017.0,1131.0
ANFC_000888.png,0.7781142464020568,0.6368142390856355,0.8279144698553143,0.7339652038776986,0.9650984533629983,0.9508056640632507,6.4031242374328485,0.8696339350953216,0.7491731631793146,5653.0,56659.0,2049.0,1175.0
ANFC_000889.png,0.8181818181947517,0.6923076923447324,0.7797966101993496,0.8605416729222592,0.9839755162396799,0.9609985351568452,67.91892431568863,0.865015945205749,0.7242435304001442,5751.0,57229.0,932.0,1624.0
ANFC_000890.png,0.838110769626914,0.7213344850225292,0.9266296810087892,0.7650291996146766,0.9648184343180602,0.9606170654302886,5.0990195135927845,0.9263008065301922,0.7075273882340897,6681.0,56274.0,2052.0,529.0
ANFC_000891.png,0.8342517081863428,0.7156362261565857,0.8842424950491482,0.7896109314916439,0.9645985081182168,0.9541015625007004,3.605551275463989,0.9552216576760268,0.7653930688896914,7570.0,54958.0,2017.0,991.0
ANFC_000892.png,0.7547231447838666,0.6060685554734113,0.8465860510752918,0.6808447937445142,0.9433468761452972,0.9312591552744865,7.5822067842054475,0.8341669172854613,0.7247105440194904,6931.0,54100.0,3249.0,1256.0
ANFC_000920.png,0.8465107097104674,0.7338695875634204,0.9508814724525023,0.7627857333662914,0.9528106587406832,0.9525451660163492,7.810249675906654,0.9310346315495287,0.6360000544861146,8576.0,53850.0,2667.0,443.0
ANFC_000921.png,0.8398358670846281,0.7238940105685688,0.8463259219193109,0.8334445928015057,0.9508703528680121,0.9273376464854839,9.83075656073149,0.8996249841050582,0.6779178112463674,12485.0,48289.0,2495.0,2267.0
ANFC_000922.png,0.8027500177261766,0.6704949088520901,0.9107430041885861,0.7176530224485076,0.9160828625251208,0.9150695800794211,13.549509219813551,0.9308063253712177,0.6218405036444976,11326.0,48644.0,4456.0,1110.0
ANFC_000923.png,0.8778563015384065,0.7823029285417967,0.9264139216996378,0.8341354225143665,0.974222052147741,0.968353271484858,4.123105625617661,0.9719209549384187,0.7770918870815618,7453.0,56009.0,1482.0,592.0
ANFC_000924.png,0.8277752942980845,0.7061575227687925,0.8784869378279153,0.782598895538003,0.922416393510117,0.9118194580091581,6.708203932499369,0.9214539518183442,0.6843798480585775,13888.0,45869.0,3858.0,1921.0
ANFC_000925.png,0.8223661779848639,0.698320787521876,0.9039350406116259,0.7543000104498802,0.9590307834044423,0.952301025391353,10.017456467392307,0.8604864977894454,0.7448808260977317,7236.0,55174.0,2357.0,769.0
ANFC_000926.png,0.7717500502425282,0.6283330607207318,0.8875794338662532,0.6826624011656748,0.9372198097794128,0.930664062501058,39.838419925676405,0.8442773561735792,0.7020834473569659,7682.0,53310.0,3571.0,973.0
ANFC_000927.png,0.8212311094838904,0.6966854284243605,0.8561547329504093,0.7890449770051889,0.9690450207007042,0.9555969238288027,41.96603439486968,0.8752132502345903,0.785235126872655,6684.0,55942.0,1787.0,1123.0
ANFC_000928.png,0.8574382728873221,0.7504524723267608,0.8660706826078979,0.8489762489886178,0.9655758209351732,0.9474029541023652,6.3284837661915425,0.9118855853547134,0.7722229960257767,10366.0,51723.0,1844.0,1603.0
ANFC_000929.png,0.8272841051381694,0.7054429029011845,0.8626427406311058,0.7947099489183416,0.9487198738653668,0.9326171875010283,6.4031242374328485,0.8945096915653151,0.7242408282458355,10576.0,50544.0,2732.0,1684.0
ANFC_000930.png,0.7570242244414171,0.6090418166983493,0.7718020705587119,0.742801655007785,0.943736377406928,0.9138336181653774,35.11623519341013,0.8210081221465071,0.630752560112019,8797.0,51092.0,3046.0,2601.0
ANFC_000931.png,0.843784727746961,0.7297816834093394,0.8677551020624074,0.8211030434387296,0.9805086600127837,0.9699707031254583,4.0,0.940166691771498,0.8470117308583544,5315.0,58253.0,1158.0,810.0
ANFC_000932.png,0.7120597922655143,0.5528671191548277,0.8642373923947975,0.6054502370093224,0.9379489090673203,0.9306335449229336,41.71503312420254,0.8217092683871529,0.6683390834924344,5621.0,55369.0,3663.0,883.0
ANFC_000933.png,0.8558324206013258,0.7479956922642101,0.9449735449818634,0.7820593019164195,0.9704349892233595,0.9678649902348655,3.0,0.976925612111505,0.8322125742981686,6251.0,57179.0,1742.0,364.0
ANFC_000934.png,0.8227486559214235,0.6988725560369008,0.8575431223310093,0.7906676354411345,0.9520835258255181,0.9356079101572327,4.123105625617661,0.9430481797654096,0.7860679435817683,9794.0,51522.0,2593.0,1627.0
ANFC_000935.png,0.8131514117958523,0.6851349193928521,0.8356377799575815,0.7918435135825943,0.9591792422111393,0.9398193359384184,6.082762530298219,0.9143836951029953,0.7163144510334363,8582.0,53010.0,2256.0,1688.0
ANFC_000936.png,0.7639339636119702,0.6180365297239685,0.847792045122488,0.69517205961798,0.9598647506346599,0.9489440917976542,43.91125501870652,0.7958845310200116,0.4943523517353285,5414.0,56776.0,2374.0,972.0
ANFC_000937.png,0.8816219751526851,0.788304093584937,0.8681571441836271,0.8955110562877944,0.9798598789035459,0.9613342285162151,3.1622776601683795,0.9739322836761385,0.8483309643248155,9436.0,53566.0,1101.0,1433.0
ANFC_000938.png,0.8576572869047967,0.7507880753174108,0.8680620639520918,0.8474989833420599,0.9731822001327806,0.9577789306647069,3.1622776601683795,0.9770268894016638,0.809196394276967,8336.0,54433.0,1500.0,1267.0
ANFC_000939.png,0.7502164214057258,0.6002770673912748,0.7474787686110034,0.7529742013430057,0.9681379310350321,0.9427642822274359,50.49158050913857,0.8746172390156371,0.5539574684814433,5633.0,56152.0,1848.0,1903.0
ANFC_000940.png,0.7643596811618595,0.618593994981479,0.856999665910959,0.6897942719255353,0.9612594458444793,0.951736450196049,12.0601841510629,0.8198453720124933,0.5542943969501479,5130.0,57243.0,2307.0,856.0
ANFC_000941.png,0.7909604519947689,0.6542056075241609,0.8558072636001784,0.7352486870968106,0.9714209490784103,0.9616088867193359,12.0,0.850956988108492,0.5579010950080444,4760.0,58260.0,1714.0,802.0
ANFC_000942.png,0.8143129888640566,0.686785788522046,0.8533625919900139,0.7786808009683532,0.9674851615364951,0.9539947509772646,9.31604096093652,0.9081142659053024,0.7450443078421941,6611.0,55910.0,1879.0,1136.0
ANFC_000943.png,0.6332687517552402,0.4633454840559594,0.7025948104249049,0.5763950120196001,0.9430222116811579,0.9191284179699841,60.42764140650958,0.6753909990305176,0.5381337087754802,4576.0,55660.0,3363.0,1937.0
ANFC_000944.png,0.7863639101495896,0.647940446685068,0.7812350407155056,0.7915605675043579,0.9699370409239255,0.9458770751961385,7.280109889280518,0.9030410231620055,0.6684298893289649,6528.0,55461.0,1719.0,1828.0
ANFC_000945.png,0.8305804083602558,0.710250122637543,0.848985813125925,0.8129561019632923,0.97077551879645,0.9549255371100629,4.0,0.9351564311480061,0.760686339119714,7241.0,55341.0,1666.0,1288.0
ANFC_000946.png,0.8041366342961995,0.6724318658624285,0.8173015671018854,0.7913890945236381,0.9706866365043998,0.9523162841804153,8.275990500643514,0.8805584864831929,0.7150035939359456,6415.0,55996.0,1691.0,1434.0
ANFC_000947.png,0.7794673027340754,0.6386287761877185,0.7542071353251075,0.8064781491201565,0.9658668407790437,0.9322814941416584,7.615773105863909,0.8825406420778634,0.6927468741374563,7843.0,53255.0,1882.0,2556.0
ANFC_000948.png,0.822234452402209,0.6981308411450053,0.8126926564086407,0.8320029701288284,0.9667926466817086,0.9408569335946526,6.708203932499369,0.900420916133761,0.7907699545288622,8964.0,52696.0,1810.0,2066.0
ANFC_000949.png,0.8106885575552568,0.6816453021776556,0.7955610357751286,0.8264025275530354,0.9619081523681042,0.9310302734385525,6.4031242374328485,0.887548520041665,0.7585503608555721,9678.0,51338.0,2033.0,2487.0
ANFC_000950.png,0.8251018229338802,0.7022751750335033,0.8328410633166089,0.8175050932598726,0.9560640645936338,0.9325103759775925,6.324555320336759,0.9236979020345969,0.7733578171260678,10433.0,50680.0,2329.0,2094.0
ANFC_000951.png,0.8085472088828256,0.6786229508407461,0.8221975053768017,0.7953427605444711,0.9497063211779315,0.9252166748058287,5.0,0.9413374722696041,0.7115982854603322,10349.0,50286.0,2663.0,2238.0
ANFC_000952.png,0.8230153619803598,0.6992575224932194,0.8506370032467544,0.7971311475590581,0.9586135446588642,0.9412841796883961,5.0,0.9149683867678703,0.7596704435827945,8947.0,52741.0,2277.0,1571.0
ANFC_000953.png,0.8248297538069759,0.701881073397354,0.8307481270622826,0.8189951108063045,0.9689612729451299,0.9489746093757787,4.0,0.940746900583688,0.7503262918527299,7873.0,54319.0,1740.0,1604.0
ANFC_000954.png,0.8506043891649686,0.7400449254911124,0.8636796949638132,0.8379190751632464,0.9754654906906155,0.9611511230474679,4.0,0.9508861950962143,0.7947462181739894,7248.0,55742.0,1402.0,1144.0
ANFC_000955.png,0.7157181189298321,0.5572905212714657,0.6766355140618644,0.7595923261751211,0.9723667436176073,0.9385681152353125,17.72004514666935,0.8510367991431843,0.7611402480287481,5068.0,56442.0,1604.0,2422.0
ANFC_000956.png,0.8475163650463665,0.7353825593345158,0.8896523848168079,0.8091911764939717,0.973207832880662,0.9637451171880533,5.0,0.9377525234462729,0.7452398252593321,6603.0,56557.0,1557.0,819.0
ANFC_000957.png,0.8213297027537404,0.6968273525568437,0.8392691523057625,0.8041411179415142,0.959747233079597,0.9399261474618542,6.4031242374328485,0.8990127439151283,0.6754029009922955,9049.0,52550.0,2204.0,1733.0
ANFC_000958.png,0.7996168103711268,0.6661346287532176,0.8463980248790761,0.7577360278056728,0.9433711597021244,0.9265899658214327,9.063593104095146,0.8610688287367918,0.6094812142616909,9599.0,51126.0,3069.0,1742.0
ANFC_000959.png,0.7260424112591831,0.5699109748208341,0.6951998540157693,0.7597486785918272,0.9558613360702872,0.9122772216810261,32.013278009089596,0.7590586885607254,0.6298205942541822,7618.0,52169.0,2409.0,3340.0
ANFC_000960.png,0.6843317972532067,0.5201401051208284,0.6269129287992704,0.7533291059285568,0.965305649204165,0.916381835938776,16.516631644381103,0.7664736082900022,0.655154407596886,5940.0,54116.0,1945.0,3535.0
ANFC_000961.png,0.8201340977727982,0.6951078900189248,0.8713607268487795,0.7745961821265426,0.979767024204113,0.9717559814457436,9.219544457292887,0.8976576513441921,0.8147756365083557,4220.0,59465.0,1228.0,623.0
ANFC_000962.png,0.8382960776180265,0.7216090619050815,0.8570196619770577,0.8203731220372507,0.9817871371659281,0.9707489013676339,4.0,0.9696792192284523,0.7884463153451093,4969.0,58650.0,1088.0,829.0
ANFC_000963.png,0.790243902447845,0.6532258064757213,0.8424639110694464,0.7441197434272496,0.9405880514142179,0.9238891601574115,7.0,0.88261427493597,0.6851580775226317,9396.0,51152.0,3231.0,1757.0
ANFC_000964.png,0.8533589903303322,0.7442250740627616,0.9231051793898488,0.793411913303156,0.9657829141179769,0.9604644775396659,4.0,0.9655186864525147,0.8394887407477124,7539.0,55406.0,1963.0,628.0
ANFC_000965.png,0.808111944846558,0.6780099367264677,0.8678456311640521,0.7560716454344208,0.9405442403400014,0.9278106689464142,7.0,0.8713720248930124,0.6596523603702416,9962.0,50843.0,3214.0,1517.0
ANFC_000966.png,0.8618081815175482,0.7571730595353107,0.9114706417176022,0.8172779136402155,0.981327558924272,0.9754638671878745,3.1622776601683795,0.9369508705801575,0.8431028472329881,5014.0,58914.0,1121.0,487.0
ANFC_000967.png,0.8740395809226962,0.7762613730818317,0.8950882212934934,0.8539581438002825,0.9895340875747525,0.983489990234627,4.47213595499958,0.9687694140854411,0.6654773128029284,3754.0,60700.0,642.0,440.0
ANFC_000968.png,0.7306898194859077,0.5756589923610561,0.8226248659169597,0.6572380952707393,0.9370220659013243,0.922378540040247,8.227815900941577,0.8069690785500839,0.6515678825762169,6901.0,53548.0,3599.0,1488.0
ANFC_000969.png,0.7587173974236966,0.6112366320814525,0.8109512390465724,0.7128051994180914,0.9729894931610885,0.9606170654302886,7.0,0.9068098150297954,0.5959912397079963,4058.0,58897.0,1635.0,946.0
ANFC_000970.png,0.7504200594868269,0.6005378569299673,0.8802304427288568,0.653976120825867,0.9753205437196677,0.9705352783207623,5.0,0.8435495628550639,0.7762649365239856,2903.0,60702.0,1536.0,395.0
ANFC_000971.png,0.7401774398191654,0.5875251509607612,0.8458864426717099,0.6579540333997366,0.9622750919519819,0.9530792236335286,4.0,0.8414667842694621,0.7862605382824359,4380.0,58081.0,2277.0,798.0
ANFC_000972.png,0.7627833421399769,0.6165317427046539,0.8445525292131221,0.6954501762743591,0.9685244055902953,0.9588012695318787,4.0,0.8880400837774888,0.8083466808069351,4341.0,58495.0,1901.0,799.0
ANFC_000973.png,0.8194958665202873,0.6941914418547696,0.8711451369558826,0.7736282677608323,0.9579822971106967,0.9456939697273913,4.0,0.8836751021103105,0.799708921909633,8079.0,53898.0,2364.0,1195.0
ANFC_000974.png,0.8659742418059017,0.7636283704918482,0.8626055289086897,0.8693693693911629,0.9868392301876319,0.9753875732425632,4.47213595499958,0.9569097753233258,0.7297064153243539,5211.0,58712.0,783.0,830.0
ANFC_000975.png,0.8308537969868642,0.7106500409126482,0.9107938171455602,0.7638141272367556,0.9628682947054874,0.9568023681647218,4.123105625617661,0.9429791044221111,0.7710379229017176,6953.0,55752.0,2150.0,681.0
ANFC_000976.png,0.8330704521665964,0.7138995269527034,0.8477795612830685,0.81886304911901,0.9758525663111289,0.9612426757818415,5.0,0.9500943466493429,0.7886300279067064,6338.0,56658.0,1402.0,1138.0
ANFC_001073.png,0.8544011810386664,0.7458118556973999,0.9057120500905436,0.8085923856317857,0.9715905163480405,0.9638824462896137,7.269758788527631,0.9412860151062058,0.5787810139179441,6945.0,56224.0,1644.0,723.0
ANFC_001074.png,0.8312479090053112,0.7112268849996435,0.8983945617660982,0.7734404183928876,0.9296240427026838,0.9230346679699245,21.016657229140044,0.8619306258937427,0.6514923448408737,12423.0,48069.0,3639.0,1405.0
ANFC_001075.png,0.8881834820439206,0.7988579659550976,0.9120220825799012,0.8655593333779856,0.9502772681368349,0.9403381347665355,7.003553390593255,0.9849419252627453,0.5967579728742278,15529.0,46097.0,2412.0,1498.0
ANFC_001077.png,0.8631846728729158,0.7593006993175314,0.9032526412192619,0.8265205145903539,0.9574138092131661,0.9474792480476765,8.06225774829855,0.9651128262624002,0.6030092921383423,10858.0,51236.0,2279.0,1163.0
ANFC_001078.png,0.8662120148497537,0.7639982308921718,0.9312129380128072,0.8096934470976195,0.963918167114628,0.9592895507818713,5.656854249492381,0.9352971307822318,0.7904901929059154,8637.0,54231.0,2030.0,638.0
ANFC_001080.png,0.8392954421703542,0.723091364222585,0.8585333234372142,0.8209008241104788,0.9515909134560057,0.9324798583994679,9.433981132056603,0.884548489995549,0.6896205759053322,11555.0,49556.0,2521.0,1904.0
ANFC_001081.png,0.8647654093931947,0.7617504052160889,0.8763625932477965,0.85347115520974,0.9820879721333569,0.9708404541020076,4.242640687119285,0.9126141299790482,0.8349656129595413,6110.0,57515.0,1049.0,862.0
ANFC_001082.png,0.8487632886452928,0.737262180998862,0.8751790239203284,0.8238954573922531,0.969925078375991,0.9568023681647218,4.123105625617661,0.9356778445630041,0.7839992687885531,7944.0,54761.0,1698.0,1133.0
ANFC_001083.png,0.8512258543902662,0.7409862570945039,0.9033211786830274,0.8048116603911835,0.9598656773012716,0.9511108398444961,6.0,0.9529136094287114,0.675743311290859,9166.0,53166.0,2223.0,981.0
ANFC_001084.png,0.7719506920538521,0.6285991019081977,0.7907620735721353,0.7540135192486256,0.9587845968719688,0.9356384277353572,35.03903377783275,0.8480601762551483,0.667323068708702,7139.0,54179.0,2329.0,1889.0
ANFC_001087.png,0.8313994301593344,0.7114487632712757,0.8633790737681493,0.8017042287328419,0.9537827604136576,0.9376983642587633,7.0710678118654755,0.8845207691794668,0.6696008486409951,10067.0,51386.0,2490.0,1593.0
ANFC_001088.png,0.7747509185470607,0.6323211584378473,0.7635046973014415,0.7863334005384444,0.9366634799247796,0.896163940431272,16.08552193177189,0.8652953634962802,0.604126131732846,11703.0,47028.0,3180.0,3625.0
ANFC_001089.png,0.8430567821786557,0.7286933094091879,0.8628243300868966,0.82417470799145,0.9691619753443818,0.9539031982428909,4.47213595499958,0.9295222141718275,0.7384965004923435,8114.0,54401.0,1731.0,1290.0
ANFC_001090.png,0.8114524799968024,0.682726156378112,0.820776536596586,0.8023378872521485,0.9091230786263602,0.8817291259783673,27.608740137781986,0.8711460403304331,0.5435268713420052,16679.0,41106.0,4109.0,3642.0
ANFC_001091.png,0.8854369688959726,0.7944252089744195,0.8956665746659963,0.8754383936533919,0.9195519601762402,0.9103088378919937,7.0710678118654755,0.9635476231286442,0.5503743242674843,22715.0,36943.0,3232.0,2646.0
ANFC_001092.png,0.8248330058984982,0.7018857830813657,0.874861080247007,0.780217057347727,0.9067101388324209,0.8979644775406196,13.45362404707371,0.9200740347522345,0.44341499839771764,15744.0,43105.0,4435.0,2252.0
ANFC_001093.png,0.8907872769477941,0.8030806521051221,0.9118430397766405,0.870681981949278,0.9290597098230781,0.9231414794933603,9.219544457292887,0.9862176090733477,0.5310456151040883,20542.0,39957.0,3051.0,1986.0
ANFC_001094.png,0.88294539697905,0.7904227730661346,0.8998283556539768,0.8666843010271998,0.9604480979388191,0.9469757080086217,9.0,0.9580763431211782,0.49956300832950207,13106.0,48955.0,2016.0,1459.0
ANFC_001095.png,0.8623821368738137,0.7580595952651216,0.9139283962832359,0.8163399408809178,0.9707737887770865,0.9636993408208665,4.242640687119285,0.9608496753183766,0.7839238679671509,7454.0,55703.0,1677.0,702.0
ANFC_001096.png,0.8652820761450732,0.7625525762511467,0.8635754688997042,0.8669954419885679,0.9658349328221528,0.9448699951180288,6.0,0.9710844751976321,0.5458446424184437,11603.0,50320.0,1780.0,1833.0
ANFC_001097.png,0.9217712177169882,0.8548939082985519,0.9248426508793234,0.9187201177002917,0.988456114080956,0.9805908203127963,4.47213595499958,0.9927002261147165,0.7501392277935933,7494.0,56770.0,663.0,609.0
ANFC_001098.png,0.8052103608382929,0.673934837109076,0.8197670873837103,0.7911615864545627,0.9277704284129893,0.9007415771499522,9.219544457292887,0.8776429448899419,0.6851712943978188,13445.0,45586.0,3549.0,2956.0
ANFC_001099.png,0.8060903128079825,0.6751685839081647,0.8152991330260431,0.7970871967876235,0.9029758839225469,0.8750457763690942,6.4031242374328485,0.8977557937753752,0.6366637314991327,17021.0,40326.0,4333.0,3856.0
ANFC_001100.png,0.8372041583780431,0.7199923911153387,0.8585362165538685,0.8169064748333161,0.9513477346596951,0.9326171875010283,4.0,0.9486482148541332,0.8164466883175266,11355.0,49765.0,2545.0,1871.0
ANFC_001101.png,0.8153156913538883,0.6882134636309385,0.8414220894927676,0.7907805246793274,0.9194597402614139,0.8987274169937329,7.0710678118654755,0.890525725851423,0.7126064610324876,14650.0,44249.0,3876.0,2761.0
ANFC_001103.png,0.8739199435770086,0.7760726589554605,0.8887454271652862,0.8595809629624267,0.9607713925775604,0.945449829102395,3.605551275463989,0.9662858939118079,0.825800473174593,12390.0,49571.0,2024.0,1551.0
ANFC_001104.png,0.8415253008611887,0.7264080100296365,0.9488311263733177,0.7560244887484678,0.9297212112129053,0.9332885742197681,6.324555320336759,0.9878556684933272,0.545163214525053,11608.0,49556.0,3746.0,626.0
ANFC_001105.png,0.8397466730864299,0.7237614869257403,0.9239657757851314,0.7695981191852473,0.9421391538599948,0.9389953613290559,7.0,0.9745601993422287,0.48779948185352734,10475.0,51063.0,3136.0,862.0
ANFC_001106.png,0.7948347107649965,0.65952340139559,0.8775091241155316,0.7263972810184295,0.9763049450553325,0.9696960449223375,5.830951894845301,0.9407555428497915,0.6800560259280521,3847.0,59703.0,1449.0,537.0
ANFC_001107.png,0.8474477958291964,0.7352793155677353,0.9157721538889154,0.7886107550240462,0.9406325204187628,0.9357910156259799,5.0,0.9057574587153926,0.7322800415142348,11688.0,49640.0,3133.0,1075.0
ANFC_001108.png,0.8774339360275802,0.7816323370155156,0.8892608580839344,0.8659174744903563,0.9711543785185724,0.9569702148444067,4.0,0.9502583466747136,0.8161977803188055,10094.0,52622.0,1563.0,1257.0
ANFC_001109.png,0.8390909090952114,0.7227877838812111,0.8466976041524553,0.83161967353023,0.9324100076603606,0.9081726074232763,6.324555320336759,0.8879992066984037,0.6709911254488902,15691.0,43827.0,3177.0,2841.0
ANFC_001111.png,0.7909158425598672,0.654144575219569,0.8888596028915077,0.7124146187090759,0.9245854415200246,0.9183807373059331,10.339033051364027,0.8429174813524876,0.5354847491556963,10117.0,50070.0,4084.0,1265.0
ANFC_001112.png,0.8127179939122253,0.6845197600541456,0.8713588411375092,0.7614723082379448,0.9343793769176216,0.9221649169933752,34.22911798949834,0.8565271365769792,0.7442423113245179,11068.0,49367.0,3467.0,1634.0
ANFC_001114.png,0.8424148723616118,0.7277347058617673,0.887423532224722,0.8017513637810973,0.9478365974815797,0.9362335205087856,4.0,0.9354339196082389,0.8150111442647244,11170.0,50187.0,2762.0,1417.0
ANFC_001115.png,0.8329617299461544,0.7137398586907229,0.888338762222258,0.784083721477541,0.925178336589384,0.9165496826184609,10.459290439292943,0.8975593766158106,0.6093461874786051,13636.0,46431.0,3755.0,1714.0
ANFC_001117.png,0.8762347015120918,0.7797310547850027,0.9341332438383845,0.8250944934540062,0.9559849304346304,0.9520111083991698,4.0,0.9535875393754445,0.8075407563534976,11133.0,51258.0,2360.0,785.0
ANFC_001118.png,0.825346243422886,0.7026293823348676,0.8512198205219037,0.8009991673842037,0.9709674620395494,0.9565124511725387,7.211102550927978,0.8947178137712846,0.5598330065476712,6734.0,55952.0,1673.0,1177.0
ANFC_001120.png,0.8543998937031392,0.7458098938847179,0.9121861256978163,0.8034989066039676,0.9388584315109674,0.9331207275400831,5.656854249492381,0.9325041994415755,0.6725437900339671,12860.0,48293.0,3145.0,1238.0
ANFC_001121.png,0.8266125693538705,0.7044668689785853,0.8983981281588914,0.7654500843608764,0.9437931794806741,0.9360961914072252,4.11079506305585,0.9153189634353407,0.7887939193894443,9983.0,51365.0,3059.0,1129.0
ANFC_001122.png,0.7835042624179539,0.6440665908050607,0.8500469483708876,0.7266233245263165,0.9379441023223054,0.9236602783214775,8.06225774829855,0.8577158405405971,0.7462639144490109,9053.0,51480.0,3406.0,1597.0
ANFC_001123.png,0.7583502556012639,0.6107602075783036,0.7942211792616278,0.725579525696693,0.9651214278421417,0.9473419189461161,12.083045973594572,0.8657099578622475,0.6995488176739941,5415.0,56670.0,2048.0,1403.0
ANFC_001124.png,0.7561025086377644,0.6078495325497011,0.7467610525248082,0.7656806354744343,0.9705249013769311,0.9449615478524024,25.07188516717199,0.8360656900732457,0.7177585591030134,5591.0,56338.0,1711.0,1896.0
ANFC_001125.png,0.7986552789479078,0.6648010891192859,0.906839987629543,0.7135319425510568,0.9368049710807657,0.9323730468760321,5.0,0.871296350474944,0.7881977993960939,8790.0,52314.0,3529.0,903.0
ANFC_001126.png,0.7968448164924,0.6622959593482542,0.8979591836827248,0.7161976416323376,0.928032874100126,0.9229736328136754,5.0990195135927845,0.8686994804051954,0.79385995130841,9900.0,50588.0,3923.0,1125.0
ANFC_001127.png,0.864908156150957,0.7619719592242366,0.9061332755964849,0.8272709301261604,0.9257378407682099,0.9202117919934051,6.082762530298219,0.9321661125274294,0.5681062501089005,16739.0,43568.0,3495.0,1734.0
ANFC_001128.png,0.861856282980536,0.7572473230767011,0.9200380771124831,0.810595471078376,0.9488003022870055,0.9432678222664908,4.0,0.943466125179362,0.7882479640641019,11598.0,50220.0,2710.0,1008.0
ANFC_001129.png,0.7998127408333101,0.6664066250800285,0.9112168704429953,0.7126812989531074,0.9160809012368352,0.9151763916028569,6.4031242374328485,0.908937479103541,0.6340358456211653,11105.0,48872.0,4477.0,1082.0
ANFC_001131.png,0.8577027434482325,0.7508577461235908,0.945418293599284,0.7848817159952493,0.941699844858003,0.9423828125008793,3.605551275463989,0.9329407515101892,0.8186969474196614,11380.0,50380.0,3119.0,657.0
ANFC_001133.png,0.8089469517098595,0.6791863325347879,0.9332298136706951,0.7138764673201595,0.9249835128613435,0.9263610839854988,4.123105625617661,0.9114567782789847,0.7103835437321234,10217.0,50493.0,4095.0,731.0
ANFC_001134.png,0.8315318525623973,0.7116427216243126,0.8996744345528037,0.7729849098437258,0.9427446903322675,0.9350738525400533,6.708203932499369,0.9211309470085355,0.613830970795401,10501.0,50780.0,3084.0,1171.0
ANFC_001180.png,0.8721324556185883,0.7732578705441608,0.9444804493441089,0.810079673901701,0.9128030625284389,0.921752929688694,8.684097602956063,0.965105881910303,0.4210148011608178,17488.0,42920.0,4100.0,1028.0
ANFC_001181.png,0.8639943052959027,0.7605545547301202,0.9806099777842244,0.7721669980300464,0.948502714168521,0.9533538818366494,8.0,0.9999994975219011,0.4314989603097272,9710.0,52769.0,2865.0,192.0
ANFC_001182.png,0.8920761815252718,0.8051782682719463,0.9529071957863987,0.838545695674821,0.9746235214427835,0.9719848632816775,5.370857542457366,0.9960153773269598,0.6558385937320713,7588.0,56112.0,1461.0,375.0
ANFC_001183.png,0.8146042636699532,0.6872002646198776,0.8435850588871716,0.787548564409405,0.9597370878536072,0.9422760009774434,24.53973526673305,0.91553472269884,0.7153709166838379,8311.0,53442.0,2242.0,1541.0
ANFC_001184.png,0.7897337797074977,0.6525289779172116,0.7542630938254776,0.8287052526214946,0.9826346493016105,0.9597473144537393,21.095023109728988,0.7862019401256024,0.7274298638619926,4954.0,57944.0,1024.0,1614.0
ANFC_001185.png,0.6778761063372231,0.512717537140082,0.8123011666889701,0.5816249054049925,0.9914696638956007,0.9888916015626696,20.21784292990411,0.7797900989032298,0.6449041437300413,766.0,64042.0,551.0,177.0
ANFC_001186.png,0.8728033933855118,0.7743133613748105,0.9135147601575744,0.8355658685966073,0.9725837084979497,0.9647674560552252,4.123105625617661,0.9873490818073887,0.7377084355616439,7922.0,55305.0,1559.0,750.0
ANFC_001187.png,0.86750529547108,0.7660126727409716,0.9322679550374182,0.8111560226506745,0.9573512497040996,0.9532318115241513,6.0,0.9484426301997759,0.6643751556145039,10034.0,52437.0,2336.0,729.0
ANFC_001188.png,0.7769161173725658,0.6352108211312257,0.9018754688819391,0.6823703031351606,0.9524723548104759,0.9473266601570538,7.0,0.8780445341510463,0.7552248964071048,6011.0,56073.0,2798.0,654.0
ANFC_001189.png,0.6870477274829623,0.5232846173491101,0.691036964394662,0.6831042846106541,0.9670155834544947,0.9412689208993338,11.881879964287823,0.8062873754962931,0.5517371996728191,4225.0,57462.0,1960.0,1889.0
ANFC_001190.png,0.7204717155223446,0.5630760369292804,0.8080181856152059,0.6500415628179481,0.9653195380337526,0.9537048339850815,6.401285042769211,0.7867890713070053,0.6525036935196267,3910.0,58592.0,2105.0,929.0
ANFC_001191.png,0.8043929949733459,0.6727904667870257,0.8516656191385573,0.7620922385147932,0.9791155802054027,0.9698333740238979,6.082762530298219,0.8703537125204465,0.7455942000777159,4065.0,59494.0,1269.0,708.0
ANFC_001192.png,0.8584652862449168,0.752027315434056,0.919984336258976,0.8046580660115701,0.9704362850977031,0.9645385742192912,4.0,0.9624957508896804,0.7527986423009345,7048.0,56164.0,1711.0,613.0
ANFC_001193.png,0.7753097966039039,0.6330660557931697,0.843622795141855,0.7172314347920359,0.9671193829650047,0.9560089111334839,4.123105625617661,0.9003049198755159,0.7145229001065735,4974.0,57679.0,1961.0,922.0
ANFC_001194.png,0.8814025936476562,0.7879533679031149,0.8771449171049539,0.8857018054913073,0.9866043241585194,0.9750213623050688,3.0,0.9384735627996416,0.8886706007353156,6083.0,57816.0,785.0,852.0
ANFC_001195.png,0.816846704708287,0.6903980303969637,0.8325086591003824,0.8017631641884961,0.9710366914994946,0.9539489746100778,4.188849909443522,0.8809442577668648,0.867450886029287,6730.0,55788.0,1664.0,1354.0
ANFC_001196.png,0.8064103220620342,0.6756177076462236,0.8509833585637581,0.7662742045571398,0.9573220567862314,0.9423065185555679,7.615773105863909,0.8636930693487314,0.7895756678023939,7875.0,53880.0,2402.0,1379.0
ANFC_001197.png,0.8163668709352068,0.6897127588855808,0.8200953137648802,0.812672176333114,0.9753716670695152,0.9574737548834615,5.0990195135927845,0.8772917948847248,0.8254418067128236,6195.0,56554.0,1428.0,1359.0
ANFC_001198.png,0.7899202100903989,0.6527835740211348,0.818096234328651,0.7636203866663132,0.956749321138403,0.9365234375009687,6.0,0.8882512325738342,0.7363701217078182,7821.0,53555.0,2421.0,1739.0
ANFC_001199.png,0.8112890383251093,0.6824947901633679,0.858292774268384,0.7691662473126714,0.9771405787956086,0.9674530029301842,4.0,0.8279180720858896,0.8119280881454342,4585.0,58818.0,1376.0,757.0
ANFC_001200.png,0.8359559806812757,0.7181480827499296,0.9025094381739929,0.7785440613451065,0.9810594268677427,0.975662231445684,5.0,0.8372943924527335,0.817102072468967,4064.0,59877.0,1156.0,439.0
ANFC_001201.png,0.800454988641497,0.6672988350491332,0.8434931507117306,0.7615955473466921,0.9741691235598001,0.962524414063072,4.123105625617661,0.8424547349382628,0.8200697375528548,4926.0,58154.0,1542.0,914.0
ANFC_001203.png,0.8238653262849405,0.7004855351304384,0.8293413173857076,0.8184611748234888,0.9731402790897573,0.9548187255866271,7.0,0.9277075945907988,0.6518852215768328,6925.0,55650.0,1536.0,1425.0
ANFC_001204.png,0.8709929632777574,0.7714681441234529,0.9176276771344203,0.8288690476827124,0.9927109082843267,0.9899291992189038,5.0,0.9355927111148895,0.7611896263400404,2228.0,62648.0,460.0,200.0
ANFC_001205.png,0.8372326538972555,0.7200345423626884,0.9158611599481852,0.7710375439668878,0.9796995933362899,0.975265502930065,4.123105625617661,0.9156718365728364,0.8082087747851682,4169.0,59746.0,1238.0,383.0
ANFC_001206.png,0.8407148407325213,0.7252010724386823,0.9420398010094428,0.759069953946869,0.9804603680346502,0.9781036376956467,4.0,0.9629992274859216,0.8120706390400794,3787.0,60314.0,1202.0,233.0
ANFC_001207.png,0.8739232576440575,0.7760778859810245,0.8976308862390128,0.8514357053888978,0.9817540631711174,0.972976684570725,3.1622776601683795,0.941858241683495,0.8265927328243,6138.0,57627.0,1071.0,700.0
ANFC_001208.png,0.7853836442849359,0.6466104631427867,0.8620477290435646,0.7212417880044775,0.9633475042773099,0.9533081054694625,5.0,0.8964659782162371,0.7273698802396484,5599.0,56877.0,2164.0,896.0
ANFC_001209.png,0.8012573394341227,0.6684148031200856,0.851077233230304,0.7569475571764962,0.9623430962349634,0.9488677978523429,6.4031242374328485,0.8738022041066345,0.7205048604325066,6755.0,55430.0,2169.0,1182.0
ANFC_001210.png,0.8202018241888123,0.6952051978209388,0.8505735560625304,0.7919243020618396,0.9600525198755342,0.943450927735238,12.0,0.8404869243184792,0.6492702737291357,8453.0,53377.0,2221.0,1485.0
ANFC_001211.png,0.8277127781700095,0.7060665362322831,0.8651240858571965,0.7934029686868166,0.9671474779269665,0.9541625976569496,8.06225774829855,0.894554814986753,0.6472018006090245,7216.0,55316.0,1879.0,1125.0
ANFC_001212.png,0.844588644271398,0.7309852375055371,0.8587181903997438,0.8309165526829989,0.966245493937912,0.9488372802742183,6.0,0.9127719677598924,0.7504880325142381,9111.0,53072.0,1854.0,1499.0
ANFC_001213.png,0.8244497635691255,0.7013309495727721,0.9443627123252156,0.7315582263021593,0.9553729826563432,0.9541168212897627,7.615773105863909,0.9202848089840037,0.6494734268013359,7061.0,55468.0,2591.0,416.0
ANFC_001214.png,0.8789709405333314,0.7840750720260081,0.893110382062323,0.8652722239449121,0.9765721111848277,0.9645385742192912,5.830951894845301,0.9215013608290266,0.678668260949535,8439.0,54773.0,1314.0,1010.0
ANFC_001215.png,0.864274570988721,0.7609890110072506,0.8210786331971117,0.9122678620517548,0.9820381712276969,0.9522094726569793,15.033296378372908,0.8880853479030576,0.6420369862682805,9972.0,52432.0,959.0,2173.0
ANFC_001216.png,0.8774769494380514,0.781700606507543,0.8926703972161879,0.8627920379543914,0.9292312617201895,0.917068481446578,8.06225774829855,0.9520437064043694,0.6911851689430364,19462.0,40639.0,3095.0,2340.0
ANFC_001217.png,0.8514120067396946,0.7412684197882221,0.8823529411878716,0.8225675309583009,0.9644312440015859,0.9515075683601151,4.47213595499958,0.932933376801877,0.7678092129530619,9105.0,53253.0,1964.0,1214.0
ANFC_001218.png,0.7677240169905388,0.6230130487252638,0.7470839261032478,0.7895369814222679,0.9887135002662208,0.9757537841800575,15.370270773068613,0.8225706184570923,0.6594844251681894,2626.0,61321.0,700.0,889.0
ANFC_001219.png,0.7801065719751143,0.6394874782645639,0.7927797834683106,0.7678321679133454,0.9894210241215081,0.9811096191409133,45.67883006140762,0.8661205788124625,0.7383749975376571,2196.0,62102.0,664.0,574.0
ANFC_001220.png,0.8108386565206225,0.681857563735599,0.8730863102123171,0.75687632241645,0.9792885349591295,0.9719848632816775,5.0,0.9278755688163842,0.7212750160796507,3935.0,59765.0,1264.0,572.0
ANFC_001221.png,0.8379882906306753,0.7211530519764473,0.8632588491335517,0.814155166000172,0.9640395510814471,0.9484863281257861,6.0,0.9268556199320721,0.7009092741550302,8731.0,53429.0,1993.0,1383.0
ANFC_001222.png,0.8173488990757592,0.6911158315824618,0.8173488990825071,0.8173488990825071,0.952463366794499,0.9245605468761512,14.866068747318506,0.8709378735970275,0.5815587017025362,11062.0,49530.0,2472.0,2472.0
ANFC_001223.png,0.8198982586666064,0.6947691287660807,0.8651801383436378,0.7791205726709007,0.9574567136393228,0.9438171386727324,7.0710678118654755,0.9218818624570072,0.7499965752341419,8381.0,53473.0,2376.0,1306.0
ANFC_001224.png,0.867586131708799,0.7661387377958823,0.8511150328974215,0.8847073211471062,0.9557187693499644,0.9258728027355062,7.0710678118654755,0.9279838561064757,0.7405578035763168,15915.0,44763.0,2074.0,2784.0
ANFC_001225.png,0.8110992529432987,0.6822262118729633,0.9262644728898777,0.7214048410282072,0.9367570479451112,0.9351806640634892,7.810249675906654,0.9312768047660949,0.7002376588373393,9120.0,52168.0,3522.0,726.0
ANFC_001226.png,0.7465879749481633,0.5956444968421336,0.9341538461741065,0.6217489249187489,0.9703464663010893,0.9685516357426674,14.0,0.8777907768091745,0.6705604884682624,3036.0,60439.0,1847.0,214.0
ANFC_001227.png,0.8178715482582767,0.6918635170927178,0.8819593147909583,0.7624667361144896,0.9646424634891733,0.955215454102246,8.246211251235321,0.9169515535431843,0.727844556949909,6590.0,56011.0,2053.0,882.0
ANFC_001228.png,0.8398716119923995,0.7239471257583823,0.8252540591256566,0.8550163379093529,0.9789732338748754,0.9588928222662524,4.123105625617661,0.9368762710638362,0.7405830195329959,7065.0,55777.0,1198.0,1496.0
ANFC_001229.png,0.8529516148200076,0.7436056105874994,0.880987292292157,0.8266452648673877,0.9736364904454311,0.9620666503912039,3.1622776601683795,0.910059117656399,0.8577862334304222,7210.0,55840.0,1512.0,974.0
ANFC_001230.png,0.8184256775590405,0.6926569594729406,0.8070783544826162,0.830096631970157,0.9668150917126268,0.9400939941415392,19.371211894628537,0.8939011112178137,0.6797733747993919,8848.0,52762.0,1811.0,2115.0
ANFC_001231.png,0.8399690761577131,0.7240919693665369,0.811957029443068,0.869982984699231,0.9763090222688569,0.9494628906257713,5.0,0.9360306831625824,0.7292535745251707,8692.0,53532.0,1299.0,2013.0
ANFC_001232.png,0.8601468322348063,0.75461195930054,0.848533619465395,0.8720823378133871,0.95717801476708,0.9293670654307654,8.94427190999916,0.9242676068801549,0.5370347740966833,14235.0,46672.0,2088.0,2541.0
ANFC_001233.png,0.8437831366566176,0.729779303015811,0.875124166320766,0.8146093388934278,0.9454336923147344,0.930313110352626,7.085071285771713,0.9295453039290599,0.5825186378079925,12334.0,48635.0,2807.0,1760.0
ANFC_001234.png,0.7542849666522121,0.6055036236103872,0.7810594770652948,0.7292852625263396,0.9632017883249385,0.9426879882821246,11.440776681796226,0.8519391858724775,0.45533814356578595,5765.0,56015.0,2140.0,1616.0
ANFC_001235.png,0.8027785199143587,0.6705346782406021,0.8270395244052582,0.7799003322487645,0.9624466370261554,0.943679809571172,6.448886191692854,0.9273555358080501,0.6054710618903212,7512.0,54333.0,2120.0,1571.0
ANFC_001236.png,0.8504739001378926,0.7398474034285198,0.9132614309717056,0.7957643944678009,0.9738266076370359,0.9677429199223673,5.0990195135927845,0.9532235547892003,0.7071456930373231,6012.0,57410.0,1543.0,571.0
ANFC_001237.png,0.812297734661579,0.6839237058177645,0.7336797662443392,0.9097865485663365,0.9964135325104245,0.9840698242189931,6.708203932499369,0.9323299118602055,0.7530561449244098,2259.0,62233.0,224.0,820.0
ANFC_001238.png,0.8559649574975552,0.7481981982360063,0.8860241820970797,0.8278783851424026,0.9827079716921033,0.9744110107425781,7.0710678118654755,0.9228037642485427,0.6563502887734529,4983.0,58876.0,1036.0,641.0
ANFC_001239.png,0.8072825354142089,0.6768430574766121,0.8650289017536086,0.7567635904226595,0.9671761976257818,0.9563903808600406,9.0,0.8596817356069439,0.7676167411672407,5986.0,56692.0,1924.0,934.0
ANFC_001240.png,0.8384289098309685,0.7218059376153082,0.8633011911669539,0.8149496680429482,0.9695350928233012,0.9552459716803705,4.242640687119285,0.9588023195719347,0.7126562847043513,7610.0,54993.0,1728.0,1205.0
ANFC_001241.png,0.8478682170647932,0.7359125315708384,0.8856275303809098,0.8131970260471061,0.9759979529175026,0.9664611816411369,5.0,0.9238106175101488,0.7736887694549837,6125.0,57213.0,1407.0,791.0
ANFC_001242.png,0.8544280147411292,0.7458527493247108,0.86500216170936,0.8441092711903693,0.973740316964435,0.9583892822271975,5.0,0.9638721895884245,0.8424648144283131,8003.0,54806.0,1478.0,1249.0
ANFC_001243.png,0.8355870358622465,0.7176036866879992,0.895148309980421,0.7834574361474225,0.9824145651857026,0.9766235351566068,4.0,0.9398692254726901,0.7769321628556308,3893.0,60111.0,1076.0,456.0
ANFC_001244.png,0.8583429494641891,0.7518395730773964,0.9113899235530886,0.8111314664737738,0.9608739653746182,0.9531707763679022,11.180339887498949,0.9207380272618506,0.8542812932773834,9298.0,53169.0,2165.0,904.0
ANFC_001245.png,0.7938543163593537,0.6581744868348447,0.8516542155992346,0.7434013042393747,0.9565872195864212,0.9430847167977435,15.132745950421556,0.8517978882275891,0.7595930183183386,7182.0,54624.0,2479.0,1251.0
ANFC_001246.png,0.7646293888421511,0.6189473684879039,0.8342397730351762,0.7057411482885094,0.9760060025775849,0.9668579101567558,5.385164807134504,0.8711692415214342,0.67627930714737,3528.0,59836.0,1471.0,701.0
ANFC_001248.png,0.690881491955884,0.5277455690694475,0.7366473989048213,0.6504695794915333,0.9720311708684382,0.9564971923834764,64.6097037406829,0.7495881597026873,0.6690671390481026,3186.0,59499.0,1712.0,1139.0
ANFC_001249.png,0.5836118474606878,0.412042310917487,0.832894736897074,0.449175093232362,0.9503168202772927,0.9448699951180288,123.76509970913187,0.6308690177307652,0.42722291129863005,2532.0,59391.0,3105.0,508.0
ANFC_001250.png,0.8242857142982654,0.7010935601821272,0.9021263289708996,0.7588111520569686,0.9689888400411061,0.9624633789068229,7.227849369926758,0.9134040534929229,0.8586388974128866,5770.0,57306.0,1834.0,626.0
ANFC_001251.png,0.8297862344453941,0.7090894491963153,0.8465299079901716,0.813692066726832,0.9633057491295858,0.9447174072274062,4.141035884842861,0.9353364251297224,0.8144290976396229,8831.0,53082.0,2022.0,1601.0
ANFC_001252.png,0.8115034583318891,0.6827983337805932,0.8337821663923126,0.7903843426761616,0.9748861551013579,0.9604949951177904,5.0990195135927845,0.9122573105265935,0.7455739531185935,5573.0,57374.0,1478.0,1111.0
ANFC_001253.png,0.837009144709423,0.719703977821907,0.8741573033836407,0.8028895769018773,0.9623111972166198,0.9491424560554637,3.605551275463989,0.9622525884817429,0.8537293408309565,8558.0,53645.0,2101.0,1232.0
ANFC_001254.png,0.8188863717766254,0.6933171815371172,0.8969570327939197,0.7533179774319054,0.961143074345425,0.9536437988288324,11.02041245773426,0.8911451828712651,0.8113172207604862,6868.0,55630.0,2249.0,789.0
ANFC_001255.png,0.6901830283205566,0.5269308943890699,0.6801486664450921,0.7005179014410001,0.9781831304750799,0.9573822021490879,8.739103924225192,0.8526039255421038,0.6186290576568494,3111.0,59632.0,1330.0,1463.0
ANFC_001256.png,0.6593719225670892,0.4918380673372775,0.7348780488451516,0.597936098512019,0.9670225926172435,0.9524993896491624,28.301839791416345,0.7526574743816543,0.5871654359321509,3013.0,59410.0,2026.0,1087.0
ANFC_001257.png,0.7421541551810065,0.5900199601343953,0.8581381846607048,0.6537894426933368,0.9611058655939123,0.9529876708991549,5.0,0.8288961795918964,0.70402242248833,4434.0,58021.0,2348.0,733.0
ANFC_001258.png,0.817574208785377,0.6914380715392455,0.89885454940591,0.749774653010677,0.9772119062868014,0.9716796875004322,3.605551275463989,0.9411247105816136,0.7883178943404726,4159.0,59521.0,1388.0,468.0
ANFC_001259.png,0.7790428211809529,0.6380590857174353,0.7480650155286251,0.8126970780297041,0.9852405247815856,0.9665374755864482,9.433981132056603,0.8621325154547603,0.6346661708208305,3866.0,59477.0,891.0,1302.0
ANFC_001260.png,0.7719426431845883,0.6285884278404599,0.883361204037759,0.6854825629058423,0.96808335528101,0.961898803711519,42.74801685392886,0.8389313606543314,0.4044481070144343,4226.0,58813.0,1939.0,558.0
ANFC_001261.png,0.7654853129178253,0.6200698306452774,0.7937427578556956,0.7391706490304963,0.9715606353479862,0.9551696777350591,7.615773105863909,0.8258918581037205,0.6067813436709171,4795.0,57803.0,1692.0,1246.0
ANFC_001262.png,0.8536958568824331,0.7447376527626309,0.9026757934159707,0.8097577314045151,0.9703657327703803,0.9620666503912039,11.180339887498949,0.873486981263327,0.5386296410163638,7253.0,55797.0,1704.0,782.0
ANFC_001263.png,0.8051187937202957,0.6738065587651468,0.8468280467605563,0.7673253285650633,0.9560158707471401,0.9400482177743524,8.06225774829855,0.89734450607608,0.6804945636283891,8116.0,53491.0,2461.0,1468.0
ANFC_001265.png,0.8361247618174644,0.7183972425921243,0.8505407059936196,0.8221893491299616,0.967649908494498,0.950134277344511,5.385164807134504,0.9365802302225956,0.7215379953211937,8337.0,53931.0,1803.0,1465.0
ANFC_001266.png,0.8753780535187764,0.7783753965275996,0.9068123393465919,0.846050067479231,0.9826847855411606,0.9754791259769368,5.0,0.977576555611981,0.792026610865198,5644.0,58285.0,1027.0,580.0
ANFC_001267.png,0.8745571302106645,0.7770782095644783,0.8435497650743753,0.9079310344933412,0.9857402264475942,0.9654235839849027,9.433981132056603,0.9412499818362442,0.7514779191866373,7899.0,55371.0,801.0,1465.0
ANFC_001268.png,0.8524133890095646,0.7427878478755696,0.883004552369802,0.823870876423068,0.9788959386560768,0.9692535400395318,120.1407493925324,0.8596877019442926,0.3147203190896417,5819.0,57702.0,1244.0,771.0
ANFC_001269.png,0.8377952756102005,0.7208672087302757,0.7855520218569849,0.8974824812101005,0.9935387836556819,0.9795684814456244,23.112636991093108,0.8692574530538729,0.5578795609363637,3458.0,60739.0,395.0,944.0
ANFC_001271.png,0.8523618616087176,0.7427095990539986,0.8258275163447616,0.8806579421442361,0.9824549016842155,0.9612274169927792,4.242640687119285,0.9727349686152357,0.7903984178461002,7335.0,55660.0,994.0,1547.0
ANFC_001272.png,0.7709570957263692,0.6272824919886284,0.7582227351762518,0.7841265105498841,0.9753088526384666,0.9523468017585397,7.0,0.894411400582581,0.6363901828799154,5256.0,57157.0,1447.0,1676.0
ANFC_001273.png,0.8278041074496907,0.7061994609884343,0.8215507412139251,0.8341534009163087,0.9907622364095124,0.9817047119143417,4.123105625617661,0.9388475937693077,0.7414383347294752,2882.0,61455.0,573.0,626.0
ANFC_001274.png,0.7831871787282139,0.6436381710184347,0.8447488584728068,0.7299887260808923,0.9677462797123468,0.9562377929694179,5.0,0.8758678690488902,0.6938295348326098,5180.0,57488.0,1916.0,952.0
ANFC_001277.png,0.7487050869773346,0.5983442266145234,0.723879810255785,0.7752935862945693,0.96449661915105,0.9296722412120108,14.317821063276353,0.8613387323481685,0.6815335084094885,6866.0,54061.0,1990.0,2619.0
ANFC_001278.png,0.6379602200975497,0.4683858941326105,0.6001194268311864,0.6808943090151548,0.9766492596513642,0.9477844238289218,14.0,0.7214984609471772,0.5531693698681597,3015.0,59099.0,1413.0,2009.0
ANFC_001282.png,0.8236167842663933,0.700126262657815,0.8574742268224904,0.7923315075265145,0.9698144558299326,0.9565124511725387,5.385164807134504,0.9093875210139734,0.8130316069416748,6654.0,56032.0,1744.0,1106.0
ANFC_001283.png,0.8062645011761465,0.6754130223968606,0.8341906721820661,0.7801475305035043,0.9770367144583774,0.9643249511724195,7.0,0.8834977745550476,0.6695960954946448,4865.0,58333.0,1371.0,967.0
ANFC_001284.png,0.7969437369918234,0.6624326405359979,0.8135833596259717,0.7809711087912614,0.9755364081774702,0.9598541259771752,20.808652046684813,0.8587569465395817,0.7836410692781319,5163.0,57742.0,1448.0,1183.0
ANFC_001286.png,0.7800695950486626,0.6394377842381614,0.7746394230994953,0.7855764347602259,0.9619995679730343,0.933456420899453,16.988152730711967,0.8395594279446681,0.6893177916161902,7734.0,53441.0,2111.0,2250.0
ANFC_001287.png,0.7809392424107064,0.6406073180271022,0.7751026928599837,0.7868643577218969,0.9675896568736774,0.9418487548836999,7.0710678118654755,0.886115864403762,0.7473436564910192,6793.0,54932.0,1840.0,1971.0
ANFC_001288.png,0.7456153500415519,0.5944072658228481,0.7528378992352296,0.7385300668539674,0.9701165809708273,0.9482116699226654,12.07890083411433,0.8786630862255648,0.6864610413635074,4974.0,57168.0,1761.0,1633.0
ANFC_001289.png,0.8593500797518266,0.753386349755013,0.8844772750708446,0.8356111272816118,0.9695997418851459,0.9569396972662821,5.830951894845301,0.9503076815629867,0.7265900345071262,8621.0,54093.0,1696.0,1126.0
ANFC_001290.png,0.7839842567526503,0.6447155484072308,0.7649926145103408,0.8039428749140107,0.9785079808055932,0.9564514160162896,40.382448438441884,0.8856343579626373,0.7367731790444468,5179.0,57503.0,1263.0,1591.0
ANFC_001291.png,0.7846545409532153,0.6456226376907118,0.768482490300525,0.8015218770067822,0.9726933277503369,0.9470672607429953,10.0,0.8687359483883961,0.7239304419505705,6320.0,55747.0,1565.0,1904.0
ANFC_001292.png,0.8065749235597238,0.6758488148968771,0.861107332354631,0.7585380467635066,0.9653690813789573,0.953674316406957,5.0,0.9364300801575738,0.7276400878589683,6330.0,56170.0,2015.0,1021.0
ANFC_001293.png,0.832512916487022,0.7130810509643124,0.8725908238212016,0.7959548813849899,0.9512544136786609,0.9371795654306462,6.082762530298219,0.9116074505950733,0.7253182512482853,10232.0,51187.0,2623.0,1494.0
ANFC_001294.png,0.8153687949978794,0.6882891414387399,0.8406746988105374,0.7915418822223848,0.9583582603658679,0.9397277832040448,11.0,0.8946846084639043,0.6682869186311151,8722.0,52864.0,2297.0,1653.0
ANFC_001295.png,0.8321175330392226,0.7125010920142831,0.8826839826966792,0.7870307826124645,0.9607965041928237,0.9497833251960789,11.180339887498949,0.9034219416150161,0.6402920531198196,8156.0,54089.0,2207.0,1084.0
ANFC_001296.png,0.7472035794392905,0.5964285714819539,0.9077914234129673,0.634891579888075,0.9571893212706634,0.9534454345710229,32.253680061685756,0.8801123367834772,0.5632584752941688,4509.0,57976.0,2593.0,458.0
ANFC_001297.png,0.8647755974485355,0.7617662160257118,0.869166178506314,0.8604291513898262,0.9880493254988323,0.9787597656253242,4.0,0.9392201074796966,0.8263870691868289,4451.0,59693.0,722.0,670.0
ANFC_001348.png,0.7210021652148156,0.5637243048213484,0.7504829363327485,0.6937500000911458,0.9835175396446657,0.9724731445316701,8.06225774829855,0.752425033184876,0.6043091605085182,2331.0,61401.0,1029.0,775.0
ANFC_001349.png,0.7601683029733324,0.613122172018642,0.8716161887237694,0.6739896373732663,0.9745489847103868,0.9686889648442278,6.0,0.920200028177728,0.6354490526357102,3252.0,60232.0,1573.0,479.0
ANFC_001350.png,0.7985235866223872,0.6646186123685571,0.8364768012379334,0.7638649673159034,0.9772387688020514,0.9658508300786461,9.685946632215071,0.9105792218153139,0.7695352883440373,4435.0,58863.0,1371.0,867.0
ANFC_001351.png,0.7130530279484584,0.5540655858156692,0.6949541284870101,0.7321198454039756,0.9718116482478166,0.9441833496102268,24.072745907054248,0.8186980774583947,0.5769367573108215,4545.0,57333.0,1663.0,1995.0
ANFC_001352.png,0.7860777058526737,0.6475519147175552,0.8780676828008092,0.7115344358987785,0.9776534500936082,0.9717712402348059,4.0,0.9245571263006941,0.7589404189183449,3399.0,60287.0,1378.0,472.0
ANFC_001353.png,0.7015470189985142,0.5402945115019292,0.6771812081620198,0.7277316986196425,0.9879308139908572,0.9738006591800874,14.7648230602334,0.825623670478779,0.533179874099305,2018.0,61801.0,755.0,962.0
ANFC_001354.png,0.832535885176467,0.7131147541247822,0.8748164049401405,0.7941538461749585,0.9645938078863087,0.9524688720710379,8.218618225794788,0.942708457193381,0.4995142120906139,7743.0,54678.0,2007.0,1108.0
ANFC_001355.png,0.8157441574869018,0.688824262696791,0.8365287589119431,0.7959673548747157,0.9933127733896637,0.988571166992362,3.1622776601683795,0.9460827745530613,0.8683122478742482,1658.0,63129.0,425.0,324.0
ANFC_001356.png,0.8064654249832514,0.6756950673227452,0.8341452613299057,0.780563613804276,0.9826450344152303,0.9724121093754211,5.0,0.9527479690532722,0.648638740015281,3767.0,59961.0,1059.0,749.0
ANFC_001357.png,0.7843039861189242,0.6451481103891423,0.824543080985759,0.7478096140781885,0.9827407383401494,0.9734954833988421,7.0710678118654755,0.8558758419394759,0.623831744195711,3158.0,60641.0,1065.0,672.0
ANFC_001358.png,0.7537279711022388,0.6047860769246141,0.7166179756458811,0.7948913458263646,0.9819816802588546,0.9584197998053221,29.834388768165187,0.8480202726597426,0.7130870164694455,4170.0,58641.0,1076.0,1649.0
ANFC_001359.png,0.8002305665513644,0.6669869595515461,0.9008157211900601,0.7198518518933553,0.9685577466667461,0.96298217773494,4.0,0.9493625920761787,0.7998584261701893,4859.0,58251.0,1891.0,535.0
ANFC_001360.png,0.7948815406185936,0.6595878890181257,0.7608537473004058,0.8320954907384489,0.9779019026011887,0.9505920410163791,16.0,0.8649560466507005,0.6814660885614283,6274.0,56024.0,1266.0,1972.0
ANFC_001361.png,0.7717080152807904,0.6282773354410296,0.7687737642860297,0.7746647509848342,0.9670518207288682,0.9415893554696414,13.84665883507195,0.8805201308849625,0.643891475984643,6470.0,55238.0,1882.0,1946.0
ANFC_001362.png,0.7188183807952555,0.5610589241215318,0.6740766074986059,0.7699218750898743,0.9905928575993325,0.9764709472659842,83.19674922701121,0.8488058730297464,0.4917675754122746,1971.0,62023.0,589.0,953.0
ANFC_001363.png,0.8488487167745036,0.7373911050278094,0.8648830330915726,0.8333981085848687,0.9778649867469127,0.9650421142583461,4.212756921743878,0.9676986334745296,0.7556741635197765,6433.0,56812.0,1286.0,1005.0
ANFC_001364.png,0.8205627179258442,0.6957239103951982,0.8498488411404352,0.7932277786811055,0.9778624416773881,0.9662322998052029,4.0,0.9631761488412868,0.7842607665287646,5060.0,58263.0,1319.0,894.0
ANFC_001365.png,0.788115497309511,0.650322283690073,0.8262649898139032,0.7533333333991111,0.9851087463981663,0.9768218994144163,10.851881030952057,0.9145178152290511,0.6738803376629584,2825.0,61192.0,925.0,594.0
ANFC_001366.png,0.8037484231569879,0.6718891232793177,0.7509681765026153,0.8645086257289186,0.9882712217059874,0.9667663574223823,5.074264635194588,0.946675495748951,0.7705083608887142,4460.0,58898.0,699.0,1479.0
ANFC_001367.png,0.8299353148423864,0.7093072078783335,0.7789732554904745,0.8880322411270313,0.9891749957650487,0.9683074951176712,4.242640687119285,0.9145814009053309,0.7269088931428083,5068.0,58391.0,639.0,1438.0
ANFC_001368.png,0.7533077779456773,0.6042451895250456,0.7639829446290487,0.7429268293309934,0.9828754325824486,0.9695587158207771,8.0,0.837191101848549,0.6682422521542526,3046.0,60495.0,1054.0,941.0
ANFC_001369.png,0.7532912534036708,0.6042239259938921,0.7435030260335523,0.7633406433181029,0.9783871290767652,0.9582519531256372,11.453784158731176,0.8112567643095114,0.7007500303593863,4177.0,58623.0,1295.0,1441.0
ANFC_001370.png,0.7822690526131103,0.6423989259074446,0.7462738301999525,0.8219125787703927,0.9843891175587393,0.9634246826177457,48.0,0.7776137885398673,0.6541531547783626,4306.0,58833.0,933.0,1464.0
ANFC_001371.png,0.8654081361411642,0.7627484064714334,0.8704535729706404,0.8604208522934946,0.976507439311303,0.9613800048834019,3.605551275463989,0.9493319842551268,0.8099441571683718,8137.0,54868.0,1320.0,1211.0
ANFC_001372.png,0.8797712296481555,0.7853496115665539,0.8847211803094872,0.8748763600550351,0.9824116236229551,0.9704895019535754,3.1622776601683795,0.9623510319865728,0.8173585503567145,7076.0,56526.0,1012.0,922.0
ANFC_001373.png,0.8469138814438331,0.7344758278076298,0.8532628733128594,0.8406586754037222,0.9770727713030354,0.9617004394537095,5.0,0.9164780538433241,0.6927379924793992,6943.0,56083.0,1316.0,1194.0
ANFC_001374.png,0.8452389043808034,0.7319599764882919,0.8781245586953644,0.8147274633366447,0.9758104524852312,0.9652557373052177,4.0,0.9059298862396206,0.7505816176831268,6218.0,57041.0,1414.0,863.0
ANFC_001375.png,0.8259031229266447,0.703436947219682,0.8499236641450498,0.8032030010383491,0.9768758688506277,0.9641876220708591,4.0,0.9731520477745951,0.7133963274386999,5567.0,57622.0,1364.0,983.0
ANFC_001376.png,0.8235385091382974,0.700013145826211,0.8296977251745563,0.8174700645045333,0.9798876822629337,0.9651794433599065,4.0,0.9740289619556433,0.7087941827467956,5325.0,57929.0,1189.0,1093.0
ANFC_001378.png,0.7331612586201351,0.5787329000117655,0.7321713514505743,0.7341538461865657,0.9623621251465897,0.9337463378916361,25.563554401958257,0.7853492430017648,0.530878089370886,5965.0,55229.0,2160.0,2182.0
ANFC_001379.png,0.7226345083809561,0.5657225854092732,0.6572453069695748,0.8024723152710604,0.9873838309073545,0.963500976563057,41.0,0.8481801837634244,0.575350505690177,3116.0,60028.0,767.0,1625.0
ANFC_001380.png,0.8296875000190082,0.7089452604026425,0.864820846936989,0.797297297340777,0.9845684052388294,0.9767150878909804,4.0,0.9524223412567668,0.8233156624673055,3717.0,60293.0,945.0,581.0
ANFC_001381.png,0.8435418893493758,0.7294184558894613,0.9009483667191872,0.7930128304540095,0.9776244109492058,0.9709625244145057,3.605551275463989,0.9720678169122473,0.8176341111752862,5130.0,58503.0,1339.0,564.0
ANFC_001382.png,0.8016080658667852,0.6689030884271668,0.8568894952446263,0.7530272149918442,0.9646084596095831,0.9525604248054115,18.888539592294322,0.8914724249438505,0.7457860170495547,6281.0,56146.0,2060.0,1049.0
ANFC_001383.png,0.7984329584483214,0.6644930585476455,0.7473385380299647,0.8570265871250606,0.9914041984049421,0.975662231445684,12.92886378662739,0.8464165845259056,0.6607686714098235,3159.0,60782.0,527.0,1068.0
ANFC_001384.png,0.8148671412370337,0.6875745071354815,0.8552526520069291,0.7781237028042628,0.9623386002930765,0.9480133056648559,13.88328157299959,0.9072113627553445,0.7378847878647712,7498.0,54631.0,2138.0,1269.0
ANFC_001385.png,0.8498427069861243,0.7388925950982131,0.8141723022913596,0.8887818969846282,0.9882010419861035,0.9701385498051432,7.615773105863909,0.9367879682457277,0.5761448458474399,5538.0,58041.0,693.0,1264.0
ANFC_001386.png,0.8615317809335324,0.756746448006413,0.869793950036191,0.8534250994888241,0.9758384740839566,0.9610748291021566,4.357388321059432,0.9557552546228252,0.786531042069818,7936.0,55049.0,1363.0,1188.0
ANFC_001387.png,0.7957692575467421,0.6608112793642885,0.9256920835477267,0.6978276788262353,0.958287707003853,0.955215454102246,8.246211251235321,0.9205284460481584,0.2783727708712508,5718.0,56883.0,2476.0,459.0
ANFC_001388.png,0.8678023587552761,0.7664760348901858,0.8979103525445987,0.8396479713843007,0.9818617443099555,0.973831176758212,4.47213595499958,0.977105770353413,0.5694535422614568,5629.0,58192.0,1075.0,640.0
ANFC_001389.png,0.8614663256705409,0.7566454511722644,0.9368046971667483,0.7973435034459043,0.973909657321314,0.9702453613285791,6.708203932499369,0.9749172852288149,0.48478537309424735,6063.0,57523.0,1541.0,409.0
ANFC_001391.png,0.7065669161651842,0.5462724938648634,0.5766621441135263,0.9120171674763764,0.9987199900096981,0.9892272949220395,8.497025848454362,0.8248207492550695,0.5787448913495498,850.0,63980.0,82.0,624.0
ANFC_001392.png,0.7483053345307762,0.5978337650579428,0.7931896282734787,0.7082287308635664,0.9646227212776978,0.9478759765632955,6.0,0.8674880668433553,0.5522909215938897,5078.0,57042.0,2092.0,1324.0
ANFC_001393.png,0.7849771612430234,0.6460595934772961,0.8439432521200539,0.7337128400168069,0.9719510976386296,0.961212158203717,16.474181895347854,0.8573609192095685,0.6614209427200182,4640.0,58354.0,1684.0,858.0
ANFC_001394.png,0.8205099021272189,0.6956479784140067,0.879039141582851,0.7692882296692681,0.9622917938438599,0.9518737792976094,9.055385138137417,0.8960014789054428,0.5475864852819001,7209.0,55173.0,2162.0,992.0
ANFC_001395.png,0.8197593059180129,0.6945695992773809,0.8254191912321517,0.8141765114921228,0.9771214428724461,0.9606933593755999,8.484445246501007,0.872795415951419,0.8009173725052128,5858.0,57102.0,1337.0,1239.0
ANFC_001396.png,0.8373637602318321,0.7202285045085355,0.8319796954599019,0.8428179636882382,0.9846208030056582,0.9708557128910699,6.0,0.9119603635949354,0.7372930245417086,4917.0,58709.0,917.0,993.0
ANFC_001397.png,0.7970868347566289,0.6626304024473489,0.875461481694447,0.7315919375294956,0.9787711678301243,0.9723663330082343,6.082762530298219,0.9306429649483411,0.6979550549471228,3557.0,60168.0,1305.0,506.0
ANFC_001398.png,0.8416183545182176,0.7265466936719682,0.8344135991397318,0.8489486126852124,0.9788350563995392,0.960815429688098,6.4031242374328485,0.935057662336485,0.6131455107773387,6823.0,56145.0,1214.0,1354.0
ANFC_001399.png,0.8168375063168511,0.6903848885541279,0.7776355783430434,0.8602017342310738,0.9866745382476735,0.9667358398442577,9.262431792245591,0.923744134880025,0.7295004632541731,4861.0,58495.0,790.0,1390.0
ANFC_001400.png,0.8330597226247914,0.7138837683405566,0.862804878064868,0.8052971435038528,0.9687938534947939,0.9550018310553742,9.219544457292887,0.9427333104886081,0.4740035510985902,7358.0,55229.0,1779.0,1170.0
ANFC_001401.png,0.8489161782561673,0.7374929281712201,0.8758038199562527,0.8236302915584772,0.9645481430418101,0.9504394531257564,7.0710678118654755,0.9262496814339753,0.5946364539347632,9125.0,53163.0,1954.0,1294.0
ANFC_001402.png,0.8084230339504487,0.678448020566843,0.8595372107742918,0.7630468576767658,0.9629134008800175,0.9503021240241959,8.06225774829855,0.916590502047581,0.545455472696085,6872.0,55407.0,2134.0,1123.0
ANFC_001403.png,0.7980833222683238,0.6640088594321132,0.7450298211369211,0.8592719977474141,0.9920178176617243,0.9768524169925408,29.066301334977098,0.8412305771918646,0.6808505088409038,2998.0,61021.0,491.0,1026.0
ANFC_001404.png,0.7123800608808355,0.5532533624948648,0.6389588581782202,0.8048651507655037,0.9878562495888261,0.9624938964849474,53.655148589292025,0.7148516449831536,0.6157943683272252,3044.0,60034.0,738.0,1720.0
ANFC_001405.png,0.7798699075847424,0.6391694725534274,0.7641730963159723,0.7962250961558502,0.9804277033608549,0.960754394531849,9.0,0.8696548507800863,0.6776997879556356,4556.0,58408.0,1166.0,1406.0
ANFC_001406.png,0.8516406942923417,0.7416151809545738,0.8800733176328818,0.8249877270639022,0.960446753823842,0.9463958740242555,6.0,0.9409412219655447,0.7252566680641818,10083.0,51940.0,2139.0,1374.0
ANFC_001407.png,0.7726798748844708,0.6295666950265966,0.6788822721393859,0.8965517241535765,0.9879585944653905,0.9467773437508122,16.0,0.85319652057659,0.5831439441320876,5928.0,56120.0,684.0,2804.0
ANFC_001408.png,0.6995956095610643,0.537983118819199,0.6556578236839968,0.7498452013932847,0.9936566754071557,0.9841308593752423,144.7388842948442,0.4939691318955973,0.4478577911292352,1211.0,63285.0,404.0,636.0
ANFC_001410.png,0.8474618139961521,0.7353004215378081,0.84023185567473,0.8548172757595667,0.9671965019616943,0.9434661865243003,4.0,0.958654590191715,0.7981747823446723,10292.0,51539.0,1748.0,1957.0
ANFC_001411.png,0.724793099460917,0.5683729434061475,0.6735268631556484,0.7845066869077701,0.9859816152333227,0.9639739990239873,49.087163292807574,0.7801505759577351,0.6536919608848545,3109.0,60066.0,854.0,1507.0
ANFC_001412.png,0.8067024532279786,0.6760279156078342,0.794780545690512,0.8189874707325061,0.9679357632629387,0.9412078857430847,7.713011390885281,0.8857062077756641,0.7293311589165902,8040.0,53643.0,1777.0,2076.0
ANFC_001413.png,0.773221438151207,0.6302860697667021,0.7945903568033751,0.7529717682938442,0.9894419306185689,0.9818572998049644,5.0,0.8696147703912364,0.5969263247833414,2027.0,62320.0,665.0,524.0
ANFC_001414.png,0.8244636389210833,0.7013510311207984,0.9183736809688474,0.7479777553720987,0.9840003851464518,0.9807739257815434,101.96413606441072,0.8781011655188781,0.45985004328183254,2959.0,61317.0,997.0,263.0
ANFC_001415.png,0.7854225573695535,0.6466632178875678,0.9041591320418955,0.6942515968635791,0.982460053209564,0.9791564941409432,7.0,0.9486557073815869,0.48085056338666626,2500.0,61670.0,1101.0,265.0
ANFC_001416.png,0.7976971790676227,0.6634744302502442,0.7838877574600841,0.8120018753370833,0.986877628156047,0.9731903076175967,3.605551275463989,0.9063540649174527,0.7882238078190168,3464.0,60315.0,802.0,955.0
ANFC_001417.png,0.8440570793946802,0.7301892371776776,0.8634615384854089,0.8255055992268919,0.9825464758595936,0.9721527099613625,4.0,0.9468281351827187,0.7767340341787524,4939.0,58772.0,1044.0,781.0
ANFC_001418.png,0.8129596501875412,0.6848626926180739,0.8625052720661102,0.7687969925246622,0.9797677402378563,0.9712829589848133,5.385164807134504,0.8748081221004944,0.7181446226848958,4090.0,59564.0,1230.0,652.0
ANFC_001419.png,0.7010814708433913,0.5397424512567178,0.6405797102396364,0.7742038217279605,0.988516544921713,0.9683685302739202,7.615773105863909,0.7753102566247582,0.5955134475396281,2431.0,61032.0,709.0,1364.0
ANFC_001420.png,0.7943809050479387,0.6588987420790061,0.78041035667308,0.8088607595420606,0.9877119885422396,0.9747619628910102,4.0,0.9469720067961098,0.7840183433158725,3195.0,60687.0,755.0,899.0
ANFC_001421.png,0.8595314957487351,0.7536652634992502,0.8211292108459388,0.9017019798711876,0.9904412882307865,0.9741058349613327,4.242640687119285,0.9777273202448483,0.8230312432043975,5192.0,58647.0,566.0,1131.0
ANFC_001422.png,0.8142594054440595,0.6867095629716641,0.8142594054684926,0.8142594054684926,0.9885640236496548,0.9784545898440788,4.0,0.8891607843131408,0.8303106131084511,3095.0,61029.0,706.0,706.0
ANFC_001423.png,0.7825477834701744,0.64277494663114,0.7734915925274991,0.7918185500624101,0.9830029265391941,0.9668426513676935,5.0,0.8788412147203004,0.7016781051457582,3910.0,59453.0,1028.0,1145.0
ANFC_001424.png,0.7757346905454167,0.6336328282642305,0.8042553191822545,0.7491675916046984,0.973483515194625,0.9583129882818862,17.46424919657298,0.8372507369172945,0.7260547626987401,4725.0,58079.0,1582.0,1150.0
ANFC_001425.png,0.7418076365643492,0.5895820529210845,0.6862815239337718,0.8071098023123453,0.9847026440906714,0.9592437744146844,23.277551437190503,0.8345718317092736,0.6893685496900975,3837.0,59028.0,917.0,1754.0
ANFC_001426.png,0.771338070390263,0.6277870680563284,0.748463199908878,0.7956552455323816,0.9805601760844707,0.9592437744146844,16.304373077265883,0.8478441844868639,0.6702544903330885,4505.0,58360.0,1157.0,1514.0
ANFC_001427.png,0.7346355408601071,0.5805722894724605,0.7648809526142054,0.7066911093430878,0.995040912472182,0.9915008544923173,4.47213595499958,0.8191501229078114,0.6817489867384745,771.0,64208.0,320.0,237.0
ANFC_001428.png,0.7438103600098666,0.5921162986882538,0.6283002077637793,0.9113597246508779,0.9966862382370033,0.9777374267581523,6.692949947746057,0.8732030696594892,0.5849794154458532,2118.0,61959.0,206.0,1253.0
ANFC_001429.png,0.8069019608146036,0.6763081778395192,0.8698004734968547,0.7524868344785001,0.9864810879051042,0.9812164306643493,3.0,0.9193454856677806,0.853247279873215,2572.0,61733.0,846.0,385.0
ANFC_001430.png,0.7703431901823502,0.6264700720332683,0.847944880055133,0.7057543998999892,0.9757366249779749,0.9675292968754956,20.043614129124325,0.8249784120339492,0.7551150271912025,3569.0,59839.0,1488.0,640.0
ANFC_001431.png,0.7426405355478151,0.590635022502805,0.797229437264549,0.6950483092247813,0.9661986914548586,0.9513092041023056,5.385164807134504,0.816845223423475,0.7014319729124409,4604.0,57741.0,2020.0,1171.0
ANFC_001432.png,0.7345521870142288,0.5804681785442004,0.7249885793018138,0.7443714822163272,0.9722735674681227,0.9474945068367387,11.180339887498949,0.842186779243989,0.6712050088705436,4761.0,57334.0,1635.0,1806.0
ANFC_001433.png,0.7486120996620205,0.598225457900327,0.7744073038176399,0.7244799559547486,0.9659545493239262,0.9461059570320725,8.54400374531753,0.9110900482167897,0.6535255097161197,5259.0,56745.0,2000.0,1532.0
ANFC_001436.png,0.8207264488912719,0.6959593456004017,0.8320983995506671,0.8096611391766891,0.9775464380489632,0.9625701904302587,6.324555320336759,0.8320970331880739,0.593527547887682,5615.0,57468.0,1320.0,1133.0
ANFC_001437.png,0.8113742342679552,0.682615384664213,0.7683116883518075,0.8595505618249611,0.9878683422300854,0.9685211181645429,4.0,0.9274209988961807,0.8527580608990272,4437.0,59036.0,725.0,1338.0
ANFC_001438.png,0.8161691187060816,0.6894305019554834,0.830040674043188,0.802753582485459,0.961854736461477,0.9410858154305866,8.94427190999916,0.9123216592271503,0.7397808984608175,8571.0,53104.0,2106.0,1755.0
ANFC_001439.png,0.7839089089224281,0.6446136434155146,0.7470784641370047,0.8245590945216427,0.9766754155734615,0.9472961425789294,6.0,0.857808863020216,0.7282451979565773,6265.0,55817.0,1333.0,2121.0
ANFC_001440.png,0.7686832740365966,0.6242774566876175,0.791530944653701,0.7471176018771307,0.9660638151566829,0.9464416503914423,16.785990186255894,0.77525385747835,0.5613711073570877,5832.0,56194.0,1974.0,1536.0
ANFC_001441.png,0.807616416751419,0.6773125931363043,0.7995702285994197,0.8158261909874772,0.9847062912758875,0.9702453613285791,6.387410454013627,0.905632960961972,0.6621453338233338,4093.0,59493.0,924.0,1026.0
ANFC_001442.png,0.6917585983377873,0.5287698413282775,0.6891870050607424,0.6943494545360122,0.9683735193521648,0.9420166015633848,55.919580831615825,0.6628303386623124,0.4711985445275437,4264.0,57472.0,1877.0,1923.0
ANFC_001443.png,0.8556406446616024,0.7477027567423685,0.9612223934357416,0.7709577755363629,0.9819603517085436,0.9807281494143567,6.0,0.9699928488306044,0.5948086100548006,3743.0,60530.0,1112.0,151.0
ANFC_001444.png,0.7690499510434835,0.6247612985757732,0.7773231256893713,0.7609510272953933,0.9680814354732905,0.9460296630867612,6.0,0.8604023549628158,0.7179152282211124,5889.0,56110.0,1850.0,1687.0
ANFC_001445.png,0.8121805563128972,0.6837575867665769,0.8729038973201222,0.7593561368451353,0.9579532071233814,0.9467315673836254,5.0990195135927845,0.9355487991906217,0.7767019957774063,7548.0,54497.0,2392.0,1099.0
ANFC_001446.png,0.8431531897921265,0.7288373727682341,0.8878904578999185,0.8027079304438267,0.991930252061078,0.9882202148439299,5.0,0.9777751436045818,0.6609080245199497,2075.0,62689.0,510.0,262.0
ANFC_001447.png,0.7735299160146125,0.6306961141136852,0.8793607484156382,0.6904361132837894,0.9665093949181937,0.9596862792974903,5.0,0.8591255870315911,0.7057141317192092,4512.0,58382.0,2023.0,619.0
ANFC_001448.png,0.798576994765494,0.6646926114403987,0.7949409781121516,0.8022464261738859,0.9805053182568784,0.9637145996099288,13.011521443121588,0.8996993722998389,0.6706048754252131,4714.0,58444.0,1162.0,1216.0
ANFC_001449.png,0.6425821064957439,0.47338561664051626,0.6415649028399898,0.6436025409156981,0.9742939424685949,0.951843261719485,46.604697230689325,0.7109060888640717,0.46626711331510134,2837.0,59543.0,1571.0,1585.0
ANFC_001450.png,0.6276094276407737,0.4573110893698097,0.6720749955521768,0.5886625612523823,0.9565753721522849,0.9324951171885302,12.759107124608015,0.6966394262519287,0.422591056380804,3728.0,57384.0,2605.0,1819.0
ANFC_001451.png,0.7109259360939134,0.551501233345964,0.7975399754246568,0.6412817723626465,0.9368184510340937,0.9195404052746653,12.727922061357855,0.8299994983062758,0.3640040182217769,6484.0,53779.0,3627.0,1646.0
ANFC_001452.png,0.8052351076161887,0.6739695087889362,0.8514766728703843,0.7637573586173846,0.968459001828755,0.9559478759772347,7.0710678118654755,0.9334103390676762,0.5241202182462608,5968.0,56681.0,1846.0,1041.0
ANFC_001454.png,0.8820800309412256,0.7890368321305488,0.8861914935159854,0.8780065422593791,0.9895010515510043,0.9813842773440342,6.0,0.9952148062432401,0.5343015462798223,4563.0,59753.0,634.0,586.0
ANFC_001455.png,0.7865830239679192,0.6482380249739949,0.7745839637482138,0.7989596879586581,0.9874451843432281,0.9745635986332007,10.04987562112089,0.850218894363238,0.6409698623131104,3072.0,60797.0,773.0,894.0
ANFC_001456.png,0.7875286973422552,0.6495235768813189,0.8003913894625333,0.7750728863301644,0.9737999422686262,0.9562225341803556,9.848857801796104,0.8834067625721624,0.6465537125821913,5317.0,57350.0,1543.0,1326.0
ANFC_001457.png,0.6996587031357383,0.5380577429337081,0.7783578548750082,0.6354126309045283,0.9851645146544141,0.978515625000328,9.104632933884051,0.7826233318780381,0.5811048620580501,1640.0,62488.0,941.0,467.0
ANFC_001458.png,0.8366798023496166,0.719217120150638,0.8019184652515685,0.8745913430267306,0.9832330932235954,0.9601593017584206,7.664392248374595,0.934836130962245,0.6173417241476049,6688.0,56237.0,959.0,1652.0
ANFC_001459.png,0.7522559475182727,0.602892833714281,0.6884384384852195,0.8291139240815346,0.9839493172093221,0.9539184570319532,38.22806768781196,0.8292397004374955,0.632545332969642,4585.0,57931.0,945.0,2075.0
ANFC_001461.png,0.7565568258510921,0.6084369930397625,0.7553715309410537,0.7577458464845653,0.9823311718087652,0.9668579101567558,11.13309728288984,0.8784885404255643,0.6162445319907417,3375.0,59989.0,1079.0,1093.0
ANFC_001462.png,0.8494815401988323,0.7383467279290072,0.8644979164048262,0.8349779278323841,0.9781227946369326,0.9652252197270932,6.082762530298219,0.9470633425387428,0.6766387077117397,6431.0,56826.0,1271.0,1008.0
ANFC_001463.png,0.8106237197280056,0.6815536287348196,0.8305109277998971,0.7916666666954102,0.974243949034161,0.9590911865240618,8.06225774829855,0.8997946029203666,0.6816091288473233,5738.0,57117.0,1510.0,1171.0
ANFC_001469.png,0.8405774298925942,0.7249966074280774,0.8284872451090574,0.8530257065421503,0.965025931344345,0.9381561279306313,9.219544457292887,0.9174765590041444,0.4764563668592857,10685.0,50798.0,1841.0,2212.0
ANFC_001470.png,0.7757722226587288,0.6336829118280466,0.7486880466838647,0.8048895157804593,0.9787817847164295,0.9546966552741288,54.7361723639782,0.8670193206567544,0.5765467350043931,5136.0,57431.0,1245.0,1724.0
ANFC_001471.png,0.7266617490593671,0.5706745623621686,0.6897463824973166,0.7677519917270953,0.9773130995283745,0.9491119384773391,16.291060483175396,0.8494795878183795,0.7358350243228318,4433.0,57768.0,1341.0,1994.0
ANFC_001472.png,0.6906549314405055,0.5274812179660969,0.635692161154231,0.756021535914984,0.9859632533952956,0.9635314941411816,43.0,0.7836629511834347,0.565560090680465,2668.0,60478.0,861.0,1529.0
ANFC_001473.png,0.7289892632860071,0.5735508303019078,0.7273734762735968,0.7306122449979177,0.9884448264338371,0.977661132812841,21.00594901040716,0.8473697904073044,0.6870291647084341,1969.0,62103.0,726.0,738.0
ANFC_001474.png,0.6920350292230989,0.5290929380632723,0.5906744973143486,0.8353888749470453,0.9890849007795937,0.9549255371100629,36.67833094595563,0.791752690787163,0.7111139920764161,3319.0,59263.0,654.0,2300.0
ANFC_001475.png,0.826536618193346,0.7043565491968534,0.8230073677456451,0.8300962675510731,0.9831106037206515,0.9685211181645429,4.123105625617661,0.948339710698201,0.7933206868506499,4915.0,58558.0,1006.0,1057.0
ANFC_001476.png,0.8229907217950366,0.6992219492835335,0.912126068399539,0.7497255763447364,0.98155100983976,0.9775848388675297,10.198039027185569,0.9732137772183537,0.24579074578092291,3415.0,60652.0,1140.0,329.0
ANFC_001477.png,0.8558049125414556,0.747953667992594,0.9567364678078355,0.7741368286806047,0.9766345867649463,0.9750976562503801,7.0710678118654755,0.9951214463892473,0.41993455900475213,4843.0,59061.0,1413.0,219.0
ANFC_001478.png,0.8217344368606164,0.6974102125949903,0.8466557912136059,0.7982382550617676,0.9754562618002915,0.9622039794927644,13.348386883885937,0.9137208947870789,0.5268529125293611,5709.0,57350.0,1443.0,1034.0
ANFC_001479.png,0.7560503389370522,0.6077821014725431,0.7763419485324633,0.7367924530784976,0.99567642956771,0.9923095703126175,3.1622776601683795,0.9308750683177092,0.576418712067327,781.0,64251.0,279.0,225.0
ANFC_001480.png,0.796509991575522,0.6618334892950057,0.7907973174756339,0.8023058023431665,0.9826153437045836,0.9669036865239427,6.0,0.8939089615175927,0.7110589073786342,4245.0,59122.0,1046.0,1123.0
ANFC_001481.png,0.7805472264073701,0.6400799139941479,0.7526201662897325,0.8106267030341326,0.9837838738711412,0.9642639160161703,5.0,0.9389383366206172,0.7305463444111508,4165.0,59029.0,973.0,1369.0
ANFC_001482.png,0.8347617140701032,0.7163871322908458,0.8224431818462054,0.8474548707354927,0.984155405405673,0.9685211181645429,8.246211251235321,0.9504662442148941,0.6555132892231013,5211.0,58262.0,938.0,1125.0
ANFC_001483.png,0.36422274793286974,0.22266035772274964,0.2701754388292901,0.5587071243016444,0.9892790179646275,0.9548797607428761,53.858935519942705,0.655434995664097,0.475788142292858,847.0,61732.0,669.0,2288.0
ANFC_001484.png,0.7192284509078688,0.5615587350222969,0.7107457708575777,0.7279160566793762,0.9818223316326998,0.9644622802739798,13.313356420202252,0.759277962093409,0.6752005703960688,2983.0,60224.0,1115.0,1214.0
ANFC_001485.png,0.8043232374256223,0.6726928737286749,0.8609093355230268,0.7547169811899251,0.9831766932499203,0.9762420654300501,7.141085181396727,0.8790389892085358,0.7818929366661244,3200.0,60779.0,1040.0,517.0
ANFC_001486.png,0.8053965659013097,0.6741957565542808,0.8426005133938403,0.7713390761383405,0.995463513912479,0.9927368164063609,5.0,0.8931937327702655,0.7417417936152507,985.0,64075.0,292.0,184.0
ANFC_001487.png,0.8053965659013097,0.6741957565542808,0.8426005133938403,0.7713390761383405,0.995463513912479,0.9927368164063609,5.0,0.8931937327702655,0.7417417936152507,985.0,64075.0,292.0,184.0
ANFC_001488.png,0.6788388725554195,0.5138198956166322,0.6975618191773194,0.6610947230971657,0.9653908590369455,0.9417572021493263,26.034500931320927,0.7737694761547971,0.6853825005727542,4034.0,57685.0,2068.0,1749.0
ANFC_001489.png,0.7981856145296145,0.6641504912935358,0.7356337093914223,0.8723638653017999,0.9860174824574401,0.9572296142584652,15.033296378372908,0.8489388694913982,0.6917376770112833,5543.0,57190.0,811.0,1992.0
ANFC_001490.png,0.7786118061552579,0.6374810319214749,0.7583032491411005,0.800038088021322,0.9824988332558421,0.9635467529302438,39.206504297989795,0.8838721605048866,0.6760696811514642,4201.0,58946.0,1050.0,1339.0
ANFC_001491.png,0.7242047820977809,0.5676497073877027,0.680842446377637,0.7734662577034561,0.9745909958888921,0.9413909912118319,14.621389572312474,0.7985759032174206,0.6576998675588367,5043.0,56652.0,1477.0,2364.0
ANFC_001492.png,0.8282400991966946,0.7068343084957778,0.8445634389525091,0.8125357756287539,0.9497024380888903,0.9281311035167218,6.0,0.9271214909541556,0.7037363318562706,11356.0,49470.0,2620.0,2090.0
ANFC_001493.png,0.8795816007253576,0.785047444154802,0.8767626698678094,0.8824187166796474,0.9746075972884813,0.9571380615240916,3.1622776601683795,0.9612501843183886,0.8483461863347473,10259.0,52468.0,1367.0,1442.0
ANFC_001494.png,0.8580418821708545,0.7513777158578971,0.8767832064545211,0.8400849858470195,0.9565827677051824,0.9401092529306014,7.0710678118654755,0.9328028859927628,0.7685911474105116,11862.0,49749.0,2258.0,1667.0
ANFC_001495.png,0.855171770854651,0.7469869707046428,0.8623672088124126,0.8480954142152278,0.9700723146146547,0.952590942383536,8.0,0.9081581236959879,0.7262217803839047,9173.0,53256.0,1643.0,1464.0
ANFC_001497.png,0.6508030934106364,0.48236331572708036,0.6005269706798999,0.7102666205236957,0.9354770304409716,0.8656463623067376,23.769728648009426,0.7846837318557478,0.5357243043865418,8205.0,48526.0,3347.0,5458.0
ANFC_001498.png,0.8202771646770534,0.6953134584900433,0.81400359067763,0.8266481913778699,0.9539439266831887,0.924209594727719,12.103665745345038,0.8979754097004854,0.5500237293960253,11335.0,49234.0,2377.0,2590.0
ANFC_001501.png,0.8952876855040204,0.8104260935321996,0.9419305357793436,0.8530462393477827,0.9737453243281436,0.9693145751957808,4.0,0.9693216793379608,0.8590103818492113,8597.0,54928.0,1481.0,530.0
ANFC_001502.png,0.8952876855040204,0.8104260935321996,0.9419305357793436,0.8530462393477827,0.9737453243281436,0.9693145751957808,4.0,0.9693216793379608,0.8590103818492113,8597.0,54928.0,1481.0,530.0
ANFC_001503.png,0.6655785585718084,0.4987768765934367,0.5791598146839348,0.7823101777499373,0.9816813091579574,0.940597534180594,36.98367990804729,0.7745813774711802,0.6073851038699695,3874.0,57769.0,1078.0,2815.0
ANFC_001504.png,0.798903979044621,0.6651458044371013,0.7761574074333151,0.823024055004538,0.974655511811469,0.9484863281257861,5.0990195135927845,0.8923651090114118,0.7013936171530617,6706.0,55454.0,1442.0,1934.0
ANFC_001505.png,0.8582836082898261,0.7517485205017487,0.854534335151622,0.8620659263298021,0.9710667406180242,0.9507141113288772,4.0,0.9571948139936038,0.8010160232378917,9781.0,52525.0,1565.0,1665.0
ANFC_001506.png,0.83686466135952,0.7194903581460406,0.8477643431106253,0.8262416956796709,0.9587130964245821,0.937850952149386,7.615773105863909,0.9186905390442935,0.787060417468025,10447.0,51016.0,2197.0,1876.0
ANFC_001507.png,0.7739463601674552,0.6312500000377818,0.7740922226694192,0.7738005526533784,0.9687201486710193,0.9450836181649006,8.48528137423857,0.9132278807861605,0.7072554749046445,6161.0,55776.0,1801.0,1798.0
ANFC_001508.png,0.8481040661984822,0.7362679573068858,0.904236248711743,0.7985335777538299,0.9559859475407105,0.9476165771492369,6.324555320336759,0.9024105955405953,0.732283417145558,9584.0,52519.0,2418.0,1015.0
ANFC_001509.png,0.8375105604169593,0.7204457364679693,0.8515390121901877,0.8239368333808095,0.9782924288231065,0.9647827148442875,4.0,0.9640505416310178,0.8130749558137995,5948.0,57280.0,1271.0,1037.0
ANFC_001510.png,0.8552912223193072,0.747169270478202,0.9169744942905036,0.8013835511297938,0.9522947974753112,0.9461669921883216,6.0,0.9125067164637447,0.7936297308244585,10426.0,51582.0,2584.0,944.0
ANFC_001511.png,0.8539779491767702,0.7451671183608702,0.8181096895945542,0.8931355565295436,0.9822011433108723,0.9569549560553444,8.0,0.9210334321590009,0.7991574162590356,8249.0,54466.0,987.0,1834.0
ANFC_001512.png,0.8479496047524735,0.7360351667485756,0.8784388995676982,0.8195057896837167,0.9738050276333777,0.9624328613286983,3.605551275463989,0.9675912557978054,0.7953529769227076,6865.0,56209.0,1512.0,950.0
ANFC_001513.png,0.8398921172097651,0.7239775969857363,0.8766474728244853,0.8060948347092488,0.9714488660977556,0.9601440429693583,4.0,0.9641185080316047,0.7865557136182266,6851.0,56073.0,1648.0,964.0
ANFC_001514.png,0.8664633337812641,0.7643893308559984,0.8796445880560362,0.853671283002032,0.969114240541804,0.9539031982428909,4.123105625617661,0.9332015371418142,0.8487562173440916,9801.0,52714.0,1680.0,1341.0
ANFC_001515.png,0.8556013488306031,0.7476427449256623,0.8884220354982225,0.8251192369092182,0.9795296904080607,0.9705963134770113,4.0,0.8980592315948133,0.8018640600678948,5709.0,57900.0,1210.0,717.0
ANFC_001516.png,0.8851134172153038,0.7939044481224131,0.9161596958254601,0.8561023272467487,0.9705540206490738,0.9618225097662076,4.0,0.9715330697876757,0.8109538751698819,9638.0,53396.0,1620.0,882.0
ANFC_001517.png,0.8631505169210487,0.7592478422072676,0.9290833647813875,0.8059554974139471,0.980310123850644,0.9761657714847388,23.17322015983517,0.9116804138793394,0.809382637652589,4926.0,59048.0,1186.0,376.0
ANFC_001518.png,0.7679456321785858,0.6233049873880867,0.8754976864440441,0.6839273705712906,0.9331472361016812,0.9249725341808325,47.49522466999378,0.7970751995185171,0.6117370514433274,8136.0,52483.0,3760.0,1157.0
ANFC_001519.png,0.7659500492689373,0.6206799399304396,0.848722229376047,0.6978880676137393,0.9504580165898897,0.938369750977503,61.521037686024265,0.8037244870476551,0.5897607438232451,6609.0,54888.0,2861.0,1178.0
ANFC_001520.png,0.8829331844479847,0.7904031989569695,0.9038485964811573,0.8629638612826869,0.9804033782498239,0.9712066650395019,4.414762138029506,0.9363352069979421,0.8344964797083948,7116.0,56533.0,1130.0,757.0
ANFC_001521.png,0.8680141310089758,0.7668065077492268,0.826969763868134,0.9133455210343272,0.9874101356378615,0.9652252197270932,10.0,0.8869696554253413,0.7944996366135774,7494.0,55763.0,711.0,1568.0
ANFC_001522.png,0.795659353630778,0.6606597195282724,0.7984848485039313,0.7928537846927265,0.9599279685688313,0.933914184571321,7.0,0.8924052962907525,0.6416931199756994,8432.0,52773.0,2203.0,2128.0
ANFC_001524.png,0.8404044313366357,0.7247392574280568,0.8183531185398197,0.8636770408806128,0.9750373256623022,0.9496612548835807,5.830951894845301,0.9388877798079339,0.7407040494730855,8686.0,53551.0,1371.0,1928.0
ANFC_001525.png,0.868170384731839,0.7670504226342866,0.9168263368823527,0.8244185136013455,0.9585229585237258,0.951217651367932,3.605551275463989,0.9613685433349057,0.8004304327076429,10527.0,51812.0,2242.0,955.0
ANFC_001526.png,0.8289672198679209,0.707894120425713,0.8845741048019734,0.7799380592068188,0.9537323421427508,0.9429168701180586,5.0990195135927845,0.9341594301907241,0.7984999682318893,9066.0,52729.0,2558.0,1183.0
ANFC_001527.png,0.7830469052989374,0.6434487152640211,0.7465812492612318,0.8232577095743435,0.9773419948104749,0.9487609863289069,32.01562118716424,0.8834096125159918,0.6823284070637344,6060.0,56118.0,1301.0,2057.0
ANFC_001528.png,0.7972004666001666,0.6627874757862023,0.8143440762807145,0.7807637906886341,0.9644771172702123,0.9442901611336627,15.0,0.8671515823352643,0.5624362579763417,7176.0,54709.0,2015.0,1636.0
ANFC_001529.png,0.7801625105194642,0.6395626608195918,0.8001149425517109,0.7611809732355188,0.9615736505038783,0.940139770508726,11.0,0.8806867440068294,0.48145231518090714,6961.0,54652.0,2184.0,1739.0
ANFC_001530.png,0.7924944812552893,0.6563071298512634,0.7518324607762945,0.8378063010817179,0.9860549108787403,0.9655761718755254,5.0,0.9129685387522244,0.7150654513003488,4308.0,58972.0,834.0,1422.0
ANFC_001531.png,0.6265998887449528,0.4562398704284862,0.5079393721566331,0.8176009294749924,0.989532286562164,0.9488067626960938,77.34173216100649,0.6821934428639238,0.6024148428412429,2815.0,59366.0,628.0,2727.0
ANFC_001532.png,0.8354285118190123,0.7173698826606929,0.9017510275377653,0.7781934794335458,0.9044479330213616,0.9037170410170943,6.324555320336759,0.9482230643936195,0.6917367878992405,16016.0,43210.0,4565.0,1745.0
ANFC_001533.png,0.8557749494511784,0.747907895433863,0.9232595444386744,0.7974837887381542,0.9268483113465826,0.9259948730480043,5.0,0.9294028958723594,0.7340696160793158,14389.0,46297.0,3654.0,1196.0
ANFC_001534.png,0.8620747332197479,0.7575846660537638,0.919044222545004,0.8117558117676712,0.9419986023770868,0.9370880126962725,4.47213595499958,0.9540778002021468,0.7389754089777562,12885.0,48528.0,2988.0,1135.0
ANFC_001535.png,0.8715837840486487,0.7723956566192403,0.886131386872396,0.8575061216935858,0.9726208356712216,0.9590606689459373,15.385912866208399,0.9325782857421269,0.7830673650516781,9105.0,53748.0,1513.0,1170.0
ANFC_001536.png,0.8296296296371866,0.7088607595157386,0.881848184829623,0.7832495812576843,0.95288634832876,0.9413909912118319,6.4031242374328485,0.9342358634113722,0.6809485024476863,9352.0,52343.0,2588.0,1253.0
ANFC_001537.png,0.7813482137270638,0.6411578947746149,0.8442134442350363,0.7271967526591216,0.9608202877186465,0.9479827880867313,8.06225774829855,0.8904639594056425,0.6297119580690346,6091.0,56036.0,2285.0,1124.0
ANFC_001538.png,0.8128638758100316,0.6847267632315825,0.853442002641036,0.7759693000164127,0.971141225603492,0.9588012695318787,9.230266291031015,0.8942103085292519,0.6899512865585219,5864.0,56972.0,1693.0,1007.0
ANFC_001539.png,0.8128638758100316,0.6847267632315825,0.853442002641036,0.7759693000164127,0.971141225603492,0.9588012695318787,9.230266291031015,0.8942103085292519,0.6899512865585219,5864.0,56972.0,1693.0,1007.0
ANFC_001540.png,0.8716012855240728,0.772423146494356,0.9076710582333541,0.8382886861114426,0.970636447865964,0.9615936279302736,7.0,0.9206704598867904,0.8165675468182281,8543.0,54476.0,1648.0,869.0
ANFC_001541.png,0.791446420000411,0.6548707753753582,0.8457430420205666,0.7437008940897949,0.9491388734574251,0.9337768554697606,6.0,0.9028648427018597,0.6905449163098469,8235.0,52961.0,2838.0,1502.0
ANFC_001542.png,0.8255854948463568,0.7029762415556243,0.8576810381061447,0.7958054180215743,0.962433011790596,0.9471588134773689,11.19141060567351,0.8754102412175171,0.7242066193938522,8196.0,53877.0,2103.0,1360.0
ANFC_001543.png,0.8805039291542814,0.7865181058614753,0.8982630273017584,0.8634334291564165,0.9551777434321207,0.9415283203133923,3.1622776601683795,0.9735172524917278,0.8389917422332984,14118.0,47586.0,2233.0,1599.0
ANFC_001544.png,0.878564172032558,0.7834279502486153,0.841791044786386,0.9186968838584493,0.9770977137617783,0.94528198242271,4.123105625617661,0.9533750688789853,0.763108949479622,12972.0,48978.0,1148.0,2438.0
ANFC_001545.png,0.8228124431588679,0.6989646113661749,0.831433823544905,0.8143680230631646,0.9622731264643904,0.9405517578134072,5.0,0.9322061479502657,0.6910963634752113,9046.0,52594.0,2062.0,1834.0
ANFC_001546.png,0.8539442231133887,0.7451157616807956,0.9042355720634293,0.8089522947004112,0.9528537366821985,0.9440612792977287,4.47213595499958,0.9634026026041184,0.7701262459473757,10717.0,51153.0,2531.0,1135.0
ANFC_001547.png,0.8447245228719941,0.731188828643402,0.890584662119166,0.8033561643970304,0.945174349769981,0.9342041015635041,6.0,0.9301344823066012,0.7781709313269307,11729.0,49495.0,2871.0,1441.0
ANFC_001548.png,0.8388034508702736,0.7223613018071258,0.8320156264689782,0.84570294035684,0.9702108241312365,0.9475402832039256,4.47213595499958,0.898485916713276,0.7651450196868955,8945.0,53153.0,1632.0,1806.0
ANFC_001549.png,0.797614575516641,0.6633601499911458,0.8642515518607661,0.7405179178881752,0.9465795472913429,0.9342346191416286,7.19009734006859,0.9056922186653883,0.6880844636161714,8493.0,52733.0,2976.0,1334.0
ANFC_001550.png,0.8465408224559681,0.7339148527741746,0.8890073672073471,0.8079464364542378,0.9605215501636993,0.9492645263679618,6.288286401830956,0.9380769716479808,0.7851559567993074,9171.0,53040.0,2180.0,1145.0
ANFC_001551.png,0.8407841850610785,0.7253042740075499,0.880811205647434,0.8042369556842498,0.9537097163221264,0.9407653808602789,7.0710678118654755,0.9342881676067216,0.7689598234196319,10250.0,51404.0,2495.0,1387.0
ANFC_001552.png,0.7318664770574863,0.577120992271128,0.6842928661319942,0.7865491818402177,0.979930339510687,0.9510955810554338,61.884579349856736,0.8102383198370672,0.6687299848232896,4374.0,57957.0,1187.0,2018.0
ANFC_001553.png,0.8351701006294853,0.7169888934788846,0.8699051738587669,0.8031024420363153,0.9520873042577254,0.9370117187509612,29.777150911518074,0.8724377278522474,0.7443048757719493,10458.0,50950.0,2564.0,1564.0
ANFC_001554.png,0.8275832252560491,0.7058780146245388,0.8964128500612145,0.7685698225513073,0.9474653201854305,0.9391479492196786,5.385164807134504,0.9227143870500185,0.6837896082276786,9571.0,51977.0,2882.0,1106.0
ANFC_001555.png,0.800290574502071,0.667070340128462,0.82449794189541,0.7774641261141538,0.9671065213239607,0.9496612548835807,6.324555320336759,0.8916620166600879,0.7134951129508352,6610.0,55627.0,1892.0,1407.0
ANFC_001556.png,0.8451683178668412,0.7318541142892693,0.8853510106623179,0.8084747444866057,0.9657400504142127,0.9544525146491326,5.0,0.9193037480250679,0.779842556423554,8147.0,54404.0,1930.0,1055.0
ANFC_001557.png,0.8451683178668412,0.7318541142892693,0.8853510106623179,0.8084747444866057,0.9657400504142127,0.9544525146491326,5.0,0.9193037480250679,0.779842556423554,8147.0,54404.0,1930.0,1055.0
ANFC_001558.png,0.692779291605453,0.5299635227905254,0.6396226416227603,0.7555720654696985,0.9894476874721045,0.9724731445316701,6.0,0.8068099681171842,0.7160982689764646,2034.0,61698.0,658.0,1146.0
ANFC_001559.png,0.8206099640423168,0.6957918407658876,0.835325877425636,0.8064035741599391,0.9917385571073553,0.9855499267580331,82.1704249081468,0.8602145540738009,0.8160959994945155,2166.0,62423.0,520.0,427.0
ANFC_001560.png,0.7087835598469484,0.548926994604279,0.7703170029149399,0.6563535912024121,0.9522322342830187,0.9329681396494605,29.209383167206017,0.8025198863217239,0.5668566149070325,5346.0,55797.0,2799.0,1594.0
ANFC_001561.png,0.7914523851839221,0.6548789435322906,0.8407271357407246,0.7476338051974509,0.9451373841485617,0.9282226562510953,6.324555320336759,0.8787293709202858,0.7116002445835463,8926.0,51906.0,3013.0,1691.0
ANFC_001562.png,0.813260236430818,0.685289447113809,0.8582534803961079,0.772749470961033,0.948746190844279,0.9334716796885153,6.4031242374328485,0.9675053437757907,0.5587628194053548,9494.0,51682.0,2792.0,1568.0
ANFC_001563.png,0.8566046002253405,0.7491761821021399,0.9264594389758852,0.7965452619737191,0.9545867888848649,0.9500579833991997,33.83329234769477,0.9451749380617229,0.6008484131305674,9776.0,52487.0,2497.0,776.0
ANFC_001564.png,0.7999674479329454,0.6666214567114307,0.8267451640325071,0.7748699353973089,0.9760366498300744,0.9624938964849474,7.224904018598473,0.8642434627323659,0.6087495454928915,4915.0,58163.0,1428.0,1030.0
ANFC_001565.png,0.7964880684529125,0.6618032174009474,0.8437201908038601,0.7542637862771087,0.9708165952136715,0.9586181640631315,8.0,0.8586003718636919,0.5582890468383291,5307.0,57517.0,1729.0,983.0
ANFC_001566.png,0.8333333333455166,0.7142857143215181,0.9358069282653412,0.7510870997824368,0.9682227268909375,0.9652099609380309,5.0990195135927845,0.9319915706329996,0.7075660070494205,5700.0,57556.0,1889.0,391.0
ANFC_001567.png,0.7843053402584965,0.6451499428682482,0.879089275029468,0.7079714341142664,0.9470895770322763,0.9384307861337521,10.770329614269007,0.8887929967102381,0.6559205122895119,7336.0,54165.0,3026.0,1009.0
ANFC_001568.png,0.8124365716567546,0.6841205718327967,0.8296589410533901,0.7959146782726112,0.9812548772189269,0.9689788818364109,7.014213562373082,0.9248543590397288,0.8395031827092626,4403.0,59100.0,1129.0,904.0
ANFC_001569.png,0.7496304026654813,0.5995270552789641,0.7424633936705489,0.7569371268428281,0.9768294520437155,0.956069946289733,59.95203450967549,0.7382569739025066,0.5054410384843583,4310.0,58347.0,1384.0,1495.0
ANFC_001570.png,0.8634977311713533,0.7597853122450864,0.8954026535181422,0.8337882488387031,0.9804077623872997,0.9720001220707398,6.324555320336759,0.9999994963704739,0.6027367561511413,5804.0,57897.0,1157.0,678.0
ANFC_001571.png,0.7350339887628804,0.5810701491296579,0.7122821929859354,0.759287224439854,0.9727414197039393,0.9446868896492816,13.45362404707371,0.826906772355412,0.6893475813722968,5028.0,56883.0,1594.0,2031.0
ANFC_001572.png,0.7123247232684631,0.5531866116972505,0.6961915753467698,0.7292233303521874,0.9694218824658825,0.9405212402352827,51.478150704935004,0.8261467682555088,0.6444813117916591,4826.0,56812.0,1792.0,2106.0
ANFC_001573.png,0.7428645563384971,0.5909184727366524,0.7248101266519468,0.7618414050660347,0.9854674763747366,0.9697570800785866,77.05841939723393,0.8295959138405611,0.6478818848404286,2863.0,60691.0,895.0,1087.0
ANFC_001574.png,0.7428645563384971,0.5909184727366524,0.7248101266519468,0.7618414050660347,0.9854674763747366,0.9697570800785866,77.05841939723393,0.8295959138405611,0.6478818848404286,2863.0,60691.0,895.0,1087.0
ANFC_001575.png,0.8638155899440081,0.760277629514099,0.8739770867688264,0.8538876674287652,0.9879468407863747,0.9794464111331262,4.0,0.9575664410362312,0.8321787828249857,4272.0,59917.0,731.0,616.0
ANFC_001576.png,0.8396727772234028,0.7236517085504681,0.8541059281032427,0.8257193188695573,0.9741030294573834,0.9590301513678128,4.709674775249673,0.9318012780607768,0.8490544303065628,7031.0,55820.0,1484.0,1201.0
ANFC_001577.png,0.7190985915809467,0.5614004223150245,0.6959651036650021,0.7438228438825587,0.9819691227382329,0.961959838867768,24.004164859785725,0.768217952770846,0.531708030791226,3191.0,59852.0,1099.0,1394.0
ANFC_001578.png,0.8616747755285916,0.756967127683858,0.8740871519240762,0.8496099844111069,0.9636740461617772,0.9466400146492518,7.0,0.9590607677153183,0.5499219591868775,10892.0,51147.0,1928.0,1569.0
ANFC_001579.png,0.7965452153636936,0.661882129309707,0.8309069212612283,0.7649126661798404,0.9625586115200057,0.9457244873055158,5.0,0.9257705681620007,0.7571806548265895,6963.0,55016.0,2140.0,1417.0
ANFC_001580.png,0.7504132231634147,0.6005291005878116,0.7210164108485941,0.7823090178475379,0.9810085353023934,0.9585266113287579,7.0,0.8749240474837846,0.7463267136627971,4086.0,58732.0,1137.0,1581.0
ANFC_001581.png,0.8175304347953022,0.6913754559723055,0.8028419183217869,0.8327664399329979,0.9797310064074114,0.9599761962896733,6.4031242374328485,0.8931867872794296,0.7791758914286505,5876.0,57037.0,1180.0,1443.0
ANFC_001582.png,0.760295475553066,0.6132876508843605,0.7031596926211512,0.8275376884768768,0.9856235652890263,0.9603881835943545,59.30186956884229,0.8674079121447446,0.7103828118468913,4117.0,58823.0,858.0,1738.0
ANFC_001583.png,0.8404793839034103,0.7248507462891902,0.8659178033461783,0.8164929388183849,0.9598114840118593,0.943740844727421,6.0,0.9203721959018509,0.7122247967741674,9713.0,52136.0,2183.0,1504.0
ANFC_001584.png,0.8037164852772117,0.6718444878686451,0.7909090909309395,0.8169454938136055,0.9696958867889487,0.9435882568367984,18.64517377561684,0.8906459943365435,0.7605998746726561,7569.0,54270.0,1696.0,2001.0
ANFC_001585.png,0.7931034483268218,0.6571428572827989,0.7755298652333672,0.8114919355788851,0.9941065237946091,0.9871826171876957,4.0,0.9385125715239819,0.7004687942372609,1610.0,63086.0,374.0,466.0
ANFC_001586.png,0.7675549153972313,0.6227903579806005,0.7395905621548247,0.7977170659061158,0.9819146088472543,0.9606018066412263,46.6587205327145,0.7936564202335199,0.6286323610637137,4263.0,58691.0,1081.0,1501.0
ANFC_001587.png,0.6701101928942648,0.5038839980569954,0.6223217142237539,0.7258485640709257,0.9882228524733897,0.9707641601566962,32.12474170473367,0.7499325007821992,0.5909971669096045,1946.0,61674.0,735.0,1181.0
ANFC_001588.png,0.8250026531014536,0.7021315029439791,0.8670533125435972,0.7868421053063072,0.9827526902857722,0.9748382568363215,4.123105625617661,0.9292188317364962,0.7526870346730558,3887.0,60000.0,1053.0,596.0
ANFC_001589.png,0.8070024702172697,0.6764494058918887,0.8017498933414959,0.8123243243649028,0.9857354149550414,0.972579956055106,6.0,0.9180513301420505,0.5674981482693604,3757.0,59982.0,868.0,929.0
ANFC_001590.png,0.8551493162255687,0.746952706027919,0.8315918035240071,0.8800804251213442,0.9856447814055109,0.9683227539067335,10.473308819446366,0.9174982862494435,0.588683863848134,6128.0,57332.0,835.0,1241.0
ANFC_001591.png,0.8085665978011867,0.6786502681049117,0.8454134747897439,0.7747974797885153,0.9793034990490643,0.9689025878910996,4.123105625617661,0.9425677163619708,0.7253793006056068,4304.0,59194.0,1251.0,787.0
ANFC_001592.png,0.7787433155326712,0.6376573618614017,0.7270646973731922,0.8383305349392346,0.9889015132804937,0.9696960449223375,8.461374361938212,0.907460531586006,0.7374883367774697,3495.0,60055.0,674.0,1312.0
ANFC_001593.png,0.7937915743301819,0.6580882354337876,0.7805232559202893,0.807518797088963,0.9939500882279754,0.9872283935548825,4.0,0.921692715638011,0.6882914053659971,1611.0,63088.0,384.0,453.0
ANFC_001594.png,0.7906661393417331,0.6538030275038494,0.7635312091048089,0.8198008201734269,0.972716951678622,0.9434661865243003,11.0,0.8408633764161103,0.7352513890716214,6997.0,54834.0,1538.0,2167.0
ANFC_001595.png,0.7704667176916246,0.6266334785778925,0.7664789161567241,0.7744962313837108,0.9751386368651086,0.9542236328131986,27.254102888438698,0.8403802581948346,0.580124546696929,5035.0,57501.0,1466.0,1534.0
ANFC_001596.png,0.8497723824079341,0.7387862797147055,0.8831541218805514,0.8188222783704875,0.9767251242298334,0.9667663574223823,4.123105625617661,0.9462791094973263,0.8297238130767601,6160.0,57198.0,1363.0,815.0
ANFC_001597.png,0.7917761922839114,0.6553224553760183,0.7965621458638908,0.7870474057881583,0.9810597257730311,0.9661560058598915,11.481779029451541,0.888968569601094,0.6913842616642364,4217.0,59101.0,1141.0,1077.0
ANFC_001598.png,0.8930851542223645,0.8068237205837817,0.9308341143522335,0.8582786035502457,0.9863789638048143,0.9818572998049644,4.123105625617661,0.9831139429097169,0.6764563326286299,4966.0,59381.0,820.0,369.0
ANFC_001599.png,0.7665411511774662,0.6214566071200093,0.7785467128430984,0.7549002296035846,0.9768840036643037,0.9602661132818564,12.649110640673518,0.8445415454236527,0.744822790255809,4275.0,58657.0,1388.0,1216.0
ANFC_001600.png,0.764135320614115,0.61830015328549,0.8079039520720841,0.7248653502132563,0.9903520783167233,0.9847869873049198,13.45362404707371,0.906747831561544,0.6105522624494744,1615.0,62924.0,613.0,384.0
ANFC_001601.png,0.7362370108918335,0.5825752275778254,0.6304430141497755,0.8846971307732746,0.9965498052309953,0.9817962646487154,7.211102550927978,0.9041586332900207,0.7625536570228653,1665.0,62678.0,217.0,976.0
ANFC_001602.png,0.6955158357806472,0.533173077147513,0.5833771701297332,0.8610248448283969,0.9971870825803852,0.9851837158205387,104.4188572790405,0.7696174220575828,0.7360190720921864,1109.0,63456.0,179.0,792.0
ANFC_001603.png,0.8103630399838571,0.6811851575211529,0.8470478847225653,0.776723862327963,0.9632017143265088,0.9479522705086068,4.47213595499958,0.9265327463158978,0.7795755058235884,7288.0,54837.0,2095.0,1316.0
ANFC_001604.png,0.7893750836485096,0.6520393500992551,0.8560441155338784,0.7323401614236698,0.9632364225430431,0.9519653320319831,6.0,0.8863711332397186,0.7392496183328392,5899.0,56489.0,2156.0,992.0
ANFC_001605.png,0.818415260471532,0.6926420366822971,0.7858400845745263,0.853807883686604,0.9872364596213165,0.9697875976567111,12.008318915758451,0.8645148704868354,0.7843318019610744,4462.0,59094.0,764.0,1216.0
ANFC_001606.png,0.747429746423284,0.5967168263205586,0.7597979446507929,0.7354577643339306,0.9737603478556107,0.9550170898444365,18.384776310850235,0.8283359228814292,0.6437638809591618,4362.0,58226.0,1569.0,1379.0
ANFC_001607.png,0.8323731519516643,0.7128759957540274,0.9185049019732683,0.7610102805227807,0.9680890726686536,0.9631500244146249,7.280109889280518,0.9301388678900298,0.6121677542012556,5996.0,57125.0,1883.0,532.0
ANFC_001608.png,0.7473972603016551,0.5966754156436263,0.8010335917780047,0.7004930156736866,0.9762071835379786,0.9648284912114743,11.913626513232083,0.8492956638078611,0.6891957754575434,3410.0,59821.0,1458.0,847.0
ANFC_001609.png,0.6841127284477992,0.519887032355875,0.6742979243973449,0.6942174733833383,0.9843719884358437,0.9688720703129751,9.848857801796104,0.7625090314512031,0.6816376587766694,2209.0,61287.0,973.0,1067.0
ANFC_001610.png,0.7641967990795262,0.6183806600885685,0.7471024571749878,0.7820917253622683,0.9853320701710933,0.9696502685551507,10.793296652842086,0.7875307882809401,0.6963401289115183,3223.0,60324.0,898.0,1091.0
ANFC_001611.png,0.7674282366997741,0.6226235742162312,0.7614508254449078,0.7735002362367736,0.9843390218015132,0.9697113037113998,10.573194021587385,0.7955862844663086,0.6990306344230307,3275.0,60276.0,959.0,1026.0
ANFC_001612.png,0.7411745298794808,0.5887825973543727,0.7751897860981384,0.7100189633833724,0.9692835621029581,0.9521179199226057,10.198039027185569,0.7946681340892296,0.7400932753990989,4493.0,57905.0,1835.0,1303.0
ANFC_001613.png,0.7686522857937214,0.6242365799382454,0.7846464646899703,0.7532971296056444,0.9790050506721188,0.9643249511724195,30.22315395181658,0.8639714293949304,0.7903614195450613,3884.0,59314.0,1272.0,1066.0
ANFC_001614.png,0.6717503519859515,0.5057410352401093,0.6049017537281002,0.7552097072658376,0.9847375951846992,0.9573059082037766,16.1245154965971,0.7609814134232408,0.6672299347260781,2863.0,59875.0,928.0,1870.0
ANFC_001615.png,0.8042214744670021,0.6725505244587234,0.8135121196685392,0.7951406391979896,0.9636109668529644,0.9414062500008942,5.385164807134504,0.9193980066422359,0.7730311757799391,7887.0,53809.0,2032.0,1808.0
ANFC_001616.png,0.7986367837454577,0.6647754592110034,0.8092005150638885,0.7883453073567858,0.9674345972318104,0.9468078613289368,7.0710678118654755,0.9014374434656923,0.8140071860033562,6913.0,55137.0,1856.0,1630.0
ANFC_001617.png,0.7527147523834453,0.6034824462622477,0.7404898385026073,0.7653500898087343,0.9781361347634097,0.9572601318365898,12.723981490323624,0.8166361246190698,0.7764228425918062,4263.0,58472.0,1307.0,1494.0
ANFC_001618.png,0.7719168454707467,0.6285542169122224,0.7809880239848821,0.7630539710745863,0.9724751936935491,0.9529571533210304,5.656854249492381,0.9077488274530445,0.7647535504672593,5217.0,57236.0,1620.0,1463.0
ANFC_001619.png,0.773735461200045,0.6309694496932867,0.7718564490323992,0.7756236442820467,0.9715263918523928,0.9489440917976542,6.0,0.889871038078108,0.7240790035548745,5721.0,56469.0,1655.0,1691.0
ANFC_001620.png,0.7475907320332591,0.5969220694831496,0.8154775218484729,0.6901381791235778,0.9731924997957391,0.9624328613286983,8.0,0.8444337302470353,0.6901054954969161,3646.0,59428.0,1637.0,825.0
ANFC_001621.png,0.8407850081391789,0.7253054990516025,0.877966101732522,0.8066251416176033,0.9890353341575985,0.9835357666018139,3.0,0.9665302066895298,0.8582265376790837,2849.0,61608.0,683.0,396.0
ANFC_001622.png,0.7930609961059809,0.6570845697965347,0.861834103658031,0.734452736373455,0.9791452991456386,0.9717864990238682,13.0,0.8149473039964482,0.6340198385170495,3543.0,60144.0,1281.0,568.0
ANFC_001623.png,0.8404885270465418,0.7248643473588049,0.9098557692668847,0.780949105990045,0.9898953045686882,0.9868469238283258,3.605551275463989,0.9411759685692507,0.8298629837465329,2271.0,62403.0,637.0,225.0
ANFC_001624.png,0.7890697674663872,0.6516228155076583,0.7481808159320439,0.8346863469041362,0.9889837871512109,0.9723205566410474,95.94039479211087,0.8612970407262626,0.7553091309589414,3393.0,60329.0,672.0,1142.0
ANFC_001625.png,0.8480683506968669,0.7362141245610403,0.8168157424626777,0.8818076477860921,0.9951228064583746,0.9875183105470655,3.605551275463989,0.966666163004713,0.797361650576391,2283.0,62435.0,306.0,512.0
ANFC_001626.png,0.854198640664964,0.7455032530146376,0.9302769818695613,0.7896230239583252,0.983080133011947,0.9797058105471848,4.0,0.9868441652429226,0.7011869941902604,3896.0,60310.0,1038.0,292.0
ANFC_001627.png,0.854198640664964,0.7455032530146376,0.9302769818695613,0.7896230239583252,0.983080133011947,0.9797058105471848,4.0,0.9868441652429226,0.7011869941902604,3896.0,60310.0,1038.0,292.0
ANFC_001628.png,0.8463299089877931,0.7335978592107043,0.9003397508606636,0.7984332630512772,0.96460691990328,0.9559478759772347,5.0,0.9453357403011458,0.6694342192943197,7950.0,54699.0,2007.0,880.0
ANFC_001629.png,0.7812246003941192,0.6409914416315449,0.795228902399996,0.7677050053557368,0.9700603939336686,0.9507141113288772,5.656854249492381,0.8982578831936306,0.7137765512480528,5767.0,56539.0,1745.0,1485.0
ANFC_001630.png,0.8326124965568873,0.7132271795906332,0.8421444527324884,0.8232939035647594,0.9645568696166492,0.9444885253914721,4.47213595499958,0.9329384787926337,0.7689490171316139,9048.0,52850.0,1942.0,1696.0
ANFC_001631.png,0.7969196919766439,0.6623994147974641,0.8321335579849798,0.764565156222589,0.9362399481699715,0.9154968261731645,5.0,0.9063081514149933,0.7229406158356566,10866.0,49132.0,3346.0,2192.0
ANFC_001632.png,0.8276812793036845,0.7060206961706472,0.8600733440453732,0.7976405569351004,0.9664847738080182,0.9523162841804153,4.123105625617661,0.9306028943023414,0.7813555668568387,7505.0,54906.0,1904.0,1221.0
ANFC_001633.png,0.7756991685669077,0.6335854298785626,0.8490175801603912,0.7140372238898907,0.9411448823982181,0.9275512695323556,7.615773105863909,0.8795321963606947,0.679734368057147,8210.0,52578.0,3288.0,1460.0
ANFC_001634.png,0.8327086522814386,0.7133683068276621,0.8460630766095191,0.819769254773956,0.9691535916325266,0.9516448974616755,10.101732813243514,0.8932503751864231,0.7855162077268999,7887.0,54480.0,1734.0,1435.0
ANFC_001635.png,0.8702234456011082,0.7702615550146713,0.9078547297375122,0.835587686579945,0.9606115911807097,0.9510803222663715,4.47213595499958,0.9427011963581464,0.8188232971998908,10749.0,51581.0,2115.0,1091.0
ANFC_001636.png,0.7890155112544306,0.6515488171936284,0.7726286423167036,0.8061125485436429,0.979706858032975,0.9593200683599958,13.416407864998739,0.8934812156364247,0.7569321218730642,4985.0,57885.0,1199.0,1467.0
ANFC_001637.png,0.7802595192605718,0.6396930589717689,0.7590431255890205,0.8026960784486435,0.9578336918911639,0.9211883544933902,9.0,0.9144006090152796,0.7231823088391389,9170.0,51201.0,2254.0,2911.0
ANFC_001638.png,0.7797214337652743,0.6389700313946246,0.7988097653480213,0.7615240797007592,0.9271118642746239,0.898162841798429,12.465705202426179,0.8659833128984976,0.5051308558969568,11812.0,47050.0,3699.0,2975.0
ANFC_001639.png,0.8428684942469772,0.7284120171906943,0.8256470130545197,0.8608236965042784,0.9751710159619391,0.9517211914069867,5.0,0.9322752768744764,0.7476871052516093,8486.0,53886.0,1372.0,1792.0
ANFC_001640.png,0.7889589077133727,0.651471624497183,0.8115462525447977,0.7675948397133993,0.9282616409744853,0.9018859863296222,10.592177951969779,0.879324782201533,0.5800092499940698,12019.0,47087.0,3639.0,2791.0
ANFC_001641.png,0.7981074519206806,0.6640422666876575,0.8121119979966918,0.7845777234045804,0.9694672379999398,0.9505157470710677,12.727679557769608,0.8478924660430087,0.4530830192942584,6410.0,55883.0,1760.0,1483.0
ANFC_001642.png,0.7957111778827457,0.6607311828248833,0.8474183583575222,0.749951181434295,0.9546500920818344,0.9398193359384184,8.54400374531753,0.8886276446923648,0.6429615925904248,7681.0,53911.0,2561.0,1383.0
ANFC_001643.png,0.7951632155381616,0.6599758787336341,0.841683146578589,0.7535162781790581,0.9555941453741433,0.9397735595712315,10.770329614269007,0.8889646617648538,0.6435289120093841,7661.0,53928.0,2506.0,1441.0
ANFC_001644.png,0.7810845782977835,0.6408029338312292,0.750367273166418,0.8144241383767418,0.9733095771521988,0.9432067871102418,10.812021405179676,0.8460841609064781,0.4757590392172547,6640.0,55174.0,1513.0,2209.0
ANFC_001645.png,0.7609006257200128,0.6140755467503717,0.7300056721752689,0.794526185842728,0.9636631609599392,0.9259490966808175,15.132745950421556,0.8541952144936605,0.6682952733778899,7722.0,52961.0,1997.0,2856.0
ANFC_001646.png,0.798998684174749,0.6652771097394433,0.8504474960818168,0.7534196828620373,0.9199591347586404,0.9044342041030208,12.041594578792296,0.8680744436634994,0.553561029999017,12448.0,46825.0,4074.0,2189.0
ANFC_001647.png,0.7414445607745033,0.5891234805388198,0.8903500290291336,0.6352097130746124,0.9561997846441448,0.9510040283210602,59.93782113455092,0.8199514810556255,0.723528565338594,4604.0,57721.0,2644.0,567.0
ANFC_001648.png,0.789909909935146,0.6527695057270657,0.869381279780703,0.7237508255065482,0.9796774298024472,0.9733123779300948,10.0,0.854922825067528,0.5612441596278508,3288.0,60499.0,1255.0,494.0
ANFC_001649.png,0.818175453348864,0.6922985782355097,0.8735236956385822,0.7694232288952564,0.9702448722964595,0.9603729248052922,4.47213595499958,0.9149885686102792,0.7653349078375936,5843.0,57096.0,1751.0,846.0
ANFC_001650.png,0.7597004765691625,0.6125137213272911,0.7240484430259307,0.7990453461579736,0.9933411362774683,0.9838409423830592,9.203128525377336,0.8322756780067962,0.5685159290849691,1674.0,62803.0,421.0,638.0
ANFC_001651.png,0.8325392875039082,0.7131197466545109,0.8849584278329617,0.7859828142070377,0.972946827107942,0.964065551758361,4.0,0.941140760837187,0.8488459545574695,5854.0,57327.0,1594.0,761.0
ANFC_001652.png,0.7646923607566706,0.6190298970823682,0.8272546419384524,0.7109274825885558,0.9659014520037997,0.9531402587897776,10.605318061589779,0.8634082439146348,0.4791886402635184,4990.0,57475.0,2029.0,1042.0
ANFC_001653.png,0.7811057032459063,0.640831370979745,0.8757520638203788,0.7049217254527625,0.9551285344850036,0.9464721679695669,8.558584125748805,0.8925198834507828,0.6475993995418529,6259.0,55769.0,2620.0,888.0
ANFC_001654.png,0.7888523010256512,0.651326259962364,0.80901652848229,0.7696687911519345,0.9068357105143827,0.8796539306658989,10.63014581273465,0.8912073276825331,0.5113311864928096,14733.0,42916.0,4409.0,3478.0
ANFC_001655.png,0.7161749745917112,0.557844691025113,0.7139959432532124,0.7183673469866723,0.9722240858776883,0.9489135742195296,35.0,0.8000126993233091,0.7259674323369153,4224.0,57964.0,1656.0,1692.0
ANFC_001656.png,0.790004164948771,0.652898251459053,0.8443732194009307,0.742213178941585,0.9725133511353052,0.9615325927740246,4.242640687119285,0.8860510112403953,0.7884375753316919,4742.0,58273.0,1647.0,874.0
ANFC_001657.png,0.839845899849583,0.7239089184497298,0.7709666554781127,0.9222401289439484,0.9935232725931487,0.9733581542972817,4.0,0.9495828307964828,0.7941482251578096,4578.0,59212.0,386.0,1360.0
ANFC_001658.png,0.8563922942363844,0.7488514548719656,0.8997240110626209,0.8170426065545023,0.9856834673467725,0.9799804687503055,4.0,0.9591097014773655,0.8209759307938659,3912.0,60312.0,876.0,436.0
ANFC_001659.png,0.7819812126480794,0.6420107971925955,0.8867906256162318,0.6993279364824097,0.9286904546290764,0.9220886230480639,9.401815630842027,0.8710287223235788,0.5926203767135859,9157.0,51273.0,3937.0,1169.0
ANFC_001660.png,0.672389127342776,0.5064655172822891,0.7066034463158779,0.6413351527614847,0.9399356641892117,0.9091491699232613,15.444684041841358,0.7778148185385949,0.5301329749026544,6110.0,53472.0,3417.0,2537.0
ANFC_001661.png,0.7764960346272084,0.6346493813148719,0.8690740367421679,0.7017429549272287,0.9697750045400259,0.9621582031255775,16.581160227815666,0.8193121768853391,0.6585791160995191,4308.0,58748.0,1831.0,649.0
ANFC_001662.png,0.6849390411875571,0.5208420466303022,0.6695340502384347,0.7010696191215857,0.9734305157119649,0.9475555419929879,12.0,0.8136983087231343,0.5335698718508475,3736.0,58363.0,1593.0,1844.0
ANFC_001663.png,0.7085979860798918,0.5487044146414702,0.7076113861838472,0.7095873410317116,0.9683098591554661,0.942596435547751,20.814341795387904,0.7807049294256854,0.5518616568568627,4574.0,57200.0,1872.0,1890.0
ANFC_001664.png,0.7370686563069755,0.5836173597382848,0.8111479551853549,0.6753878517387079,0.9582960322963651,0.9440765380867909,12.263522057125435,0.8564902877446341,0.4181689150190493,5137.0,56734.0,2469.0,1196.0
ANFC_001666.png,0.7727937216455495,0.6297178683849883,0.7662496185892204,0.7794505665405168,0.975907904106746,0.9549407958991252,10.658182573041495,0.8861303681667579,0.6419891982179728,5022.0,57561.0,1421.0,1532.0
ANFC_001667.png,0.7089653101284753,0.5491450506514894,0.7563281000069965,0.6671848502448863,0.9602826592916605,0.9408569335946526,10.44030650891055,0.79922270644334,0.6127511935773073,4721.0,56939.0,2355.0,1521.0
ANFC_001668.png,0.8057815338594281,0.6747354497784742,0.8757081545277754,0.7461966062395851,0.9709433772676568,0.9624786376958852,6.4031242374328485,0.9309538189154712,0.6339881878550246,5101.0,57976.0,1735.0,724.0
ANFC_001669.png,0.7855766584237837,0.6468721668577887,0.8507974363018636,0.7296433593596263,0.9640471212204592,0.9524536132819756,13.166119509317475,0.892485545013829,0.7118883661681854,5708.0,56712.0,2115.0,1001.0
ANFC_001670.png,0.7806512126637645,0.6402197802593165,0.8658047258335853,0.7107478346089121,0.95968167055011,0.9500427246101374,6.0,0.8838296170728753,0.7338224395404691,5826.0,56436.0,2371.0,903.0
ANFC_001671.png,0.7464178607342205,0.5954279639027874,0.8658678005670917,0.6559297218658962,0.9610682217295473,0.9535522460944589,6.4031242374328485,0.8247446635552336,0.6596866571530433,4480.0,58012.0,2350.0,694.0
ANFC_001672.png,0.7730231565710145,0.6300226126926383,0.7740970293280407,0.7719522592131388,0.9824177991031037,0.9675445556645579,6.0,0.8608760184047154,0.5717608483834359,3622.0,59787.0,1070.0,1057.0
ANFC_001673.png,0.6959459459752948,0.5336787565457174,0.6062899428849159,0.8167195288136112,0.9864238966271787,0.9519348144538585,13.896038418223233,0.7820684127191625,0.6083907464733487,3605.0,58781.0,809.0,2341.0
ANFC_001674.png,0.7455979457313282,0.5943851440862136,0.7530566877078442,0.7382855067674744,0.9760384449104387,0.9576721191412709,41.02864449644727,0.8888086339674075,0.6391814753160003,4065.0,58697.0,1441.0,1333.0
ANFC_001675.png,0.7904182949927328,0.6534641618220098,0.7899609431809691,0.7908761767138485,0.9753680296133708,0.9558105468756743,6.927050983124842,0.9167106909149496,0.6888527475138201,5461.0,57179.0,1444.0,1452.0
ANFC_001677.png,0.7448934699424993,0.5934902353937416,0.8280005589174234,0.6769476810969902,0.9515579232266473,0.9380645751962576,67.81695665278866,0.7821958871382471,0.5391621310100386,5926.0,55551.0,2828.0,1231.0
ANFC_001678.png,0.8358175501696943,0.7179437813404035,0.8726889773291155,0.8019354839135622,0.9849664560993591,0.9776458740237787,5.385164807134504,0.9307486516158656,0.6677103617799311,3729.0,60342.0,921.0,544.0
ANFC_001679.png,0.8470319634800209,0.7346534653757257,0.8819334390013295,0.8147877013403139,0.9738113311715235,0.9631958007818117,4.0,0.968683395510442,0.7960222657312362,6678.0,56446.0,1518.0,894.0
ANFC_001680.png,0.7779775281397803,0.6366311145139276,0.7676274945598105,0.788610478456214,0.9926676253536976,0.9849243164064801,31.739949725661432,0.818604149321273,0.617475241972742,1731.0,62817.0,464.0,524.0
ANFC_001681.png,0.865618347877112,0.7630750605613711,0.9111014744274211,0.8244604316776376,0.9771060083937169,0.9701385498051432,4.47213595499958,0.9465423509339748,0.8065200010337655,6303.0,57276.0,1342.0,615.0
ANFC_001682.png,0.7799075500906066,0.6392200444898747,0.8231850117326067,0.7409532732473413,0.9617631806402461,0.9455108642586441,70.32780389006896,0.8020907892541577,0.6875734236412233,6327.0,55638.0,2212.0,1359.0
ANFC_001683.png,0.8351584172992292,0.7169716721337464,0.8472818841879304,0.8233769972904308,0.9791273284004571,0.9655456542974008,7.0710678118654755,0.9100248066408367,0.6663963372226505,5720.0,57558.0,1227.0,1031.0
ANFC_001684.png,0.9109799582004807,0.8365134921715577,0.9571114843098939,0.869090909106265,0.980690371139706,0.9779052734378373,3.605551275463989,0.9720141416873125,0.8330563016089466,7409.0,56679.0,1116.0,332.0
ANFC_001685.png,0.8772785078553117,0.7813856900544864,0.8580016584042285,0.8974414570907543,0.9922091184610586,0.9823303222658947,4.0,0.9707442848200197,0.8143540537499848,4139.0,60239.0,473.0,685.0
ANFC_001686.png,0.7562062381166547,0.6079836234704935,0.8354430380518317,0.6906976745384893,0.9874138447709507,0.9824676513674552,7.211102550927978,0.8627117256968291,0.6112219444685023,1782.0,62605.0,798.0,351.0
ANFC_001687.png,0.8215488215627947,0.697142857183104,0.8799060718081338,0.7704508738771552,0.973763722429688,0.9652252197270932,4.123105625617661,0.9213294383824955,0.7424155168183254,5246.0,58011.0,1563.0,716.0
ANFC_001688.png,0.8153846153981403,0.6883116883502397,0.8460018242861049,0.7869061086274172,0.9744394314601167,0.9615478515630869,6.082762530298219,0.9045470590205488,0.6382489242122814,5565.0,57451.0,1507.0,1013.0
ANFC_001689.png,0.8498747651964719,0.7389410644155517,0.863253299433415,0.8369045784126862,0.9821425557415203,0.9707336425785716,8.06225774829855,0.9723366398388178,0.7369722570240352,5429.0,58189.0,1058.0,860.0
ANFC_001690.png,0.781964619604346,0.6419884284281511,0.8735539845961514,0.7077583962890187,0.9621493121128583,0.9537353515632061,20.483858083857974,0.8753794442714387,0.44745067668063465,5437.0,57067.0,2245.0,787.0
ANFC_001691.png,0.8801206003880108,0.7859065902158602,0.8864536572634732,0.8738773916603049,0.9832821503746716,0.9720916748051135,4.0,0.9673461874327358,0.8524527482546644,6714.0,56993.0,969.0,860.0
ANFC_001692.png,0.7526963103589978,0.6034587379843875,0.7164985591799358,0.7927461140722416,0.9917144678140262,0.9800567626956169,78.95436447464637,0.8307687333274283,0.7086947446302738,1989.0,62240.0,520.0,787.0
ANFC_001693.png,0.802816901429814,0.6705882353537396,0.8882761927863159,0.7323581736049894,0.9779353051417268,0.9722290039066739,4.242640687119285,0.943309114622892,0.6960625660872767,3705.0,60011.0,1354.0,466.0
ANFC_001694.png,0.777538829204889,0.6360437843486929,0.7979401668475036,0.7581547065432644,0.9918263854986562,0.9857940673830293,6.215748564819405,0.887886598117447,0.7219238486564404,1627.0,62978.0,519.0,412.0
ANFC_001695.png,0.7579693034809989,0.6102661598440053,0.7941613063858678,0.7249322494467335,0.9904117137685521,0.9843597412111763,9.848857801796104,0.6797057083982296,0.577491329049412,1605.0,62906.0,609.0,416.0
ANFC_001696.png,0.8566685113844305,0.7492739594630814,0.7918158568839817,0.933092224271795,0.9982541954357709,0.9920959472657457,7.141085181396727,0.872037414744118,0.7400803051057198,1548.0,63470.0,111.0,407.0
ANFC_001697.png,0.7632850242498853,0.6171875002492269,0.7253251723601184,0.8054375532664081,0.9964346323312455,0.991027832031387,5.0,0.8315218372491041,0.7583607588589018,948.0,64000.0,229.0,359.0
ANFC_001698.png,0.8251258087863834,0.7023099281471149,0.8911102484683404,0.7682396252061179,0.9770634605197227,0.9703063964848282,7.615773105863909,0.9390458975021284,0.5273490509488975,4591.0,58999.0,1385.0,561.0
ANFC_001700.png,0.7789238918624305,0.6378995434616667,0.8342788892701466,0.7304575164103378,0.983420972229189,0.9757995605472444,5.0,0.9357829147553146,0.5196318026025921,2794.0,61156.0,1031.0,555.0
ANFC_001701.png,0.7266125587939741,0.5706138881011024,0.8700767264091679,0.6237623763755914,0.9838631037576656,0.9804687500002981,121.49300364554685,0.8799924820261252,0.5784589483745215,1701.0,62555.0,1026.0,254.0
ANFC_001703.png,0.8135270302897053,0.6856684063887322,0.9207547170238519,0.7286689420952779,0.9900127196496599,0.9880523681642449,4.123105625617661,0.9335691974773798,0.6562471546635039,1708.0,63045.0,636.0,147.0
ANFC_001704.png,0.8259702725110462,0.7035343766745618,0.8186189258497577,0.8334548484706328,0.9713240436869618,0.9485473632820353,7.211102550927978,0.9234943926341679,0.622924712711828,8002.0,54162.0,1599.0,1773.0
ANFC_001705.png,0.8378028032148667,0.7208783548469238,0.8768017636190604,0.8021253490690253,0.9525324699498989,0.9389038085946824,5.726493307633485,0.9343601211740478,0.7832909957088442,10341.0,51191.0,2551.0,1453.0
ANFC_001706.png,0.855083655089872,0.7468525180045824,0.8703170028931694,0.8403743992039485,0.9649995377652769,0.9484558105476616,5.0,0.9317763547617726,0.7628642373703987,9966.0,52192.0,1893.0,1485.0
ANFC_001707.png,0.8853159553503918,0.7942304006331005,0.9503440367029422,0.828617138303308,0.9698324415662871,0.9672393798833125,11.0,0.9999994961966239,0.5594833723246373,8287.0,55102.0,1714.0,433.0
ANFC_001709.png,0.8353336850489537,0.7172300549392883,0.8668309039987113,0.8060451797768982,0.940144924691394,0.9237976074230378,11.40175425099138,0.9214386279892881,0.5106940959645279,12667.0,47875.0,3048.0,1946.0
ANFC_001710.png,0.7606057351648262,0.6136915078324358,0.831220657296805,0.7010492971984706,0.9470324119554681,0.9319763183604131,6.708203932499369,0.8246004274476388,0.7114688085257862,7082.0,53996.0,3020.0,1438.0
ANFC_001711.png,0.7789014475620215,0.637869438158666,0.8668211409172657,0.7071743631553539,0.9423972517850584,0.9319458007822885,7.0710678118654755,0.8985954492756686,0.5655398430012837,7856.0,53220.0,3253.0,1207.0
ANFC_001712.png,0.8853159553503918,0.7942304006331005,0.9503440367029422,0.828617138303308,0.9698324415662871,0.9672393798833125,11.0,0.9999994961966239,0.5594833723246373,8287.0,55102.0,1714.0,433.0
ANFC_001713.png,0.7627081981568457,0.6164335664782712,0.8639333551349341,0.6827158900628997,0.9586292792951387,0.9497833251960789,96.74709297958259,0.8763383569505813,0.6029116475980038,5289.0,56956.0,2458.0,833.0
ANFC_001714.png,0.8566784069454972,0.7492890995557715,0.8979128212554434,0.8190648879913139,0.976116800301299,0.9677124023442428,3.1622776601683795,0.9593284043544945,0.7848835212497681,6324.0,57096.0,1397.0,719.0
ANFC_001715.png,0.8571907288546669,0.7500733066415723,0.8930524845929184,0.8240979381632197,0.9712343922875291,0.9609832763677829,4.0,0.9428350986445445,0.8279888926529461,7674.0,55305.0,1638.0,919.0
ANFC_001716.png,0.8633803634753887,0.7596035962648545,0.9024153416795223,0.827582368674579,0.9729654257644734,0.9640960693364855,6.300376041332927,0.9168296658329852,0.7851281662072372,7435.0,55748.0,1549.0,804.0
ANFC_001717.png,0.8095161029601042,0.6799891246112046,0.9181350954779239,0.7238784371276763,0.9848118193978092,0.9820404052737116,4.47213595499958,0.953022865462085,0.7647697748671718,2501.0,61858.0,954.0,223.0
ANFC_001718.png,0.7055857253970533,0.5451003896396313,0.7737133135317495,0.6484848485475071,0.9675839168891149,0.953674316406957,52.95504987147965,0.8003134378553642,0.6366550563362917,3638.0,58862.0,1972.0,1064.0
ANFC_001719.png,0.5765101747193542,0.4049977488957682,0.767164179203768,0.46175564695540156,0.9668148945266444,0.959671020508428,81.0,0.6655682990835042,0.5389469556064307,1799.0,61094.0,2097.0,546.0
ANFC_001720.png,0.8616037008534463,0.7568574331353297,0.9123938602292297,0.8161700263061518,0.9527661011868945,0.945220947266461,5.0,0.9464521531508587,0.8194913215031108,11175.0,50771.0,2517.0,1073.0
ANFC_001721.png,0.8680184987601084,0.766813324969145,0.9182905411124621,0.8229650727160123,0.9559155639344535,0.94905090332109,4.0,0.9784487548564706,0.6897148896223187,10980.0,51217.0,2362.0,977.0
ANFC_001724.png,0.8125184094325287,0.6842366365072406,0.9144704127370735,0.7310189479441488,0.9240695717238813,0.9223022460949357,8.94427190999916,0.8859994318612768,0.6304217104865085,11034.0,49410.0,4060.0,1032.0
ANFC_001725.png,0.8040385909892735,0.6722947621437569,0.8982354120815886,0.7277231744189974,0.9396709981652988,0.9333648681650794,9.433981132056603,0.9098834240748996,0.7141893779192737,8959.0,52210.0,3352.0,1015.0
ANFC_001726.png,0.864793213155497,0.7617935544323685,0.9162063477280961,0.8188436114284291,0.9605323124608416,0.9533081054694625,7.615773105863909,0.9659117072060396,0.6193180086318684,9786.0,52690.0,2165.0,895.0
ANFC_001727.png,0.820438319781652,0.6955450770852597,0.8113455381486459,0.8297372177122209,0.9619904413839004,0.9339904785166323,16.881527307120106,0.9141159860513026,0.7424466806029768,9883.0,51327.0,2028.0,2298.0
ANFC_001728.png,0.8495040966026302,0.7383808096232191,0.875555555571358,0.8249581239740419,0.9746275645588071,0.9627227783208814,4.0,0.9720280002979328,0.73630863000048,6895.0,56198.0,1463.0,980.0
ANFC_001729.png,0.7894764261636116,0.652177655392307,0.7243093394776494,0.8675291962597288,0.9789922832504949,0.9383392333993785,10.672200953194919,0.9033909318525515,0.6982292068504133,7577.0,53918.0,1157.0,2884.0
ANFC_001730.png,0.7529121262680277,0.6037362259294304,0.6942189665715484,0.8224463469189109,0.9726882418737113,0.9297637939463843,16.193952791373242,0.8016154059148495,0.5371243030135237,7013.0,53920.0,1514.0,3089.0
ANFC_001731.png,0.8384401114262382,0.7218225419831041,0.7644929836964574,0.9282245008150316,0.9813003394464157,0.9291992187510805,9.848857801796104,0.8893433378815884,0.6051402780714088,12040.0,48856.0,931.0,3709.0
ANFC_001733.png,0.8514569196640556,0.741336510799192,0.887858247129521,0.817922874691288,0.9709069266726608,0.9602508544927941,5.0,0.9543260183405425,0.7405088965746547,7466.0,55465.0,1662.0,943.0
ANFC_001734.png,0.6972582973456686,0.5352237485444291,0.7101704881186535,0.6848072564145083,0.9912900446464903,0.9839935302736819,5.940833163195851,0.7271757174377267,0.6764426388640632,1208.0,63279.0,556.0,493.0
ANFC_001735.png,0.7792521110151212,0.6383399210507228,0.7799241118385912,0.778581267293877,0.989734501971842,0.9804534912112358,5.656854249492381,0.9363184871478216,0.5383514035912378,2261.0,61994.0,643.0,638.0
ANFC_001736.png,0.8176951254045557,0.691611058199617,0.9006828057312884,0.748710010363139,0.9759319967715611,0.9703826904301396,4.0,0.9520157571532476,0.7921113631174839,4353.0,59242.0,1461.0,480.0
ANFC_001737.png,0.773724261439825,0.6309545538180408,0.8312094253832147,0.7236759473050709,0.9784935725112258,0.9691467285160958,5.0,0.928558881957144,0.6749234912967383,3457.0,60057.0,1320.0,702.0
ANFC_001738.png,0.8035091217422481,0.6715547409312522,0.8328166976993558,0.7761941448813184,0.9808557259834777,0.9699249267582715,10.60418479862024,0.9002220090438545,0.5749237143846203,4030.0,59535.0,1162.0,809.0
ANFC_001739.png,0.8236881559484726,0.7002294163394776,0.9063015506742654,0.754877713724958,0.9857291416688948,0.9820556640627739,3.605551275463989,0.9417100088366284,0.8146139362767933,2747.0,61613.0,892.0,284.0
ANFC_001740.png,0.8575227121964274,0.7505818464893012,0.8872077029402992,0.8297598628517325,0.993733722673921,0.9901885986329623,3.0,0.9673197576243437,0.8826238323369867,1935.0,62958.0,397.0,246.0
ANFC_001741.png,0.8015675098322822,0.6688466112756104,0.7936507937235799,0.8096437568155294,0.9915631329645211,0.9830017089846345,3.1622776601683795,0.9488912164183537,0.8035400463109816,2250.0,62172.0,529.0,585.0
ANFC_001742.png,0.8544282321251394,0.7458530806440009,0.9034804449574881,0.8104280657192057,0.9906133962295716,0.9869079589845748,3.1622776601683795,0.9653454162388717,0.7847136037844488,2518.0,62160.0,589.0,269.0
ANFC_001743.png,0.6866771985585385,0.5228548517204723,0.6029221380427368,0.7974559687383914,0.9862296063465843,0.9546051025397553,59.91068591392498,0.7907098806471964,0.6308588107163088,3260.0,59301.0,828.0,2147.0
ANFC_001744.png,0.7773027594536465,0.6357279085323737,0.7731958763471145,0.7814535035734688,0.9863922408202545,0.9737701416019628,7.228354385516113,0.8509909111225071,0.7691769592550979,3000.0,60817.0,839.0,880.0
ANFC_001745.png,0.822912464739227,0.6991089788556858,0.8673469388319104,0.7828089026159598,0.9910420359586123,0.9866027832033295,4.47213595499958,0.935573726793871,0.7524716017376742,2040.0,62618.0,566.0,312.0
ANFC_001748.png,0.644902634695045,0.4759087068994469,0.7412771561940242,0.5707045111146961,0.986769139447541,0.9810791015627888,12.206555615733702,0.5803529105171155,0.5280893861614696,1126.0,63170.0,847.0,393.0
ANFC_001750.png,0.5999217834180833,0.4284916202713711,0.4756589148912686,0.8120698783419429,0.9943027715813532,0.9687805175786015,58.485005674565954,0.5837710446379929,0.5412202298563066,1534.0,61956.0,355.0,1691.0
ANFC_001751.png,0.8573907556509394,0.7503796769639128,0.8177851339425541,0.9010278514752939,0.9898624554255415,0.9724121093754211,136.2027626376038,0.8092480608340862,0.6367391320578153,5435.0,58293.0,597.0,1211.0
ANFC_001752.png,0.8492188446258194,0.7379499053106767,0.8973637061815506,0.8059770115165543,0.9707563840481834,0.9620056152349549,15.297058540778355,0.8860539922853939,0.37716763542665555,7012.0,56034.0,1688.0,802.0
ANFC_001753.png,0.8131868132121576,0.6851851852571592,0.8584932684450034,0.772422680471025,0.9857683939078771,0.9789886474612582,5.0,0.9336627272000873,0.740296708630397,2997.0,61162.0,883.0,494.0
ANFC_001754.png,0.8302282442269354,0.7097352454895567,0.81997769638044,0.8407383208362074,0.9835468030175408,0.9678802490239277,4.47213595499958,0.9216368279860004,0.8633762565062127,5147.0,58284.0,975.0,1130.0
ANFC_001755.png,0.8097846859593716,0.680368229535392,0.9237029501636822,0.7208801179856096,0.9580427926015166,0.9544372558600703,5.830951894845301,0.9303792478583108,0.652729709362171,6356.0,56194.0,2461.0,525.0
ANFC_001756.png,0.7654112797671527,0.6199726817999738,0.8087507424651057,0.726480526458033,0.9745722079858713,0.9617919921880831,18.59297592158062,0.8512934639671709,0.49731142514823634,4085.0,58947.0,1538.0,966.0
ANFC_001757.png,0.822310231034831,0.6982401076450802,0.8780659712604926,0.7732125124412597,0.9687382362005281,0.9589233398443768,4.0,0.9054680338901602,0.8303322470092483,6229.0,56615.0,1827.0,865.0
ANFC_001758.png,0.7464375524155032,0.5954530258115257,0.7284253579287473,0.7653631285420363,0.981993866042575,0.9630737304693135,61.033981563561795,0.8715248357514437,0.7652490409595913,3562.0,59554.0,1092.0,1328.0
ANFC_001759.png,0.8385614278929856,0.722002392590227,0.8915909091032284,0.7914859275908922,0.9635681049075795,0.9539031982428909,5.0,0.9378231701787954,0.7631342095288428,7846.0,54669.0,2067.0,954.0
ANFC_001760.png,0.8567272727402975,0.7493638677243378,0.9056313665374531,0.8128342246312171,0.982016475229443,0.975952148437867,5.0,0.9828762091384273,0.6394053369825372,4712.0,59248.0,1085.0,491.0
ANFC_001761.png,0.751510043580347,0.6019351936089254,0.8245992602266956,0.690322580725078,0.9807358890390301,0.9730072021488495,5.0990195135927845,0.7867930021327696,0.6991915997181016,2675.0,61092.0,1200.0,569.0
ANFC_001762.png,0.8190878888689906,0.6936061381465977,0.8632818717390925,0.7791983910674906,0.9740603851286169,0.963439941406808,4.1768964032933695,0.9183217949359964,0.8416067312587742,5424.0,57716.0,1537.0,859.0
ANFC_001763.png,0.6925088735575837,0.5296470925089802,0.7212062257351738,0.6660079051983456,0.9692198158823562,0.9497680664070166,103.88548395546667,0.7634778544980533,0.6524217177654509,3707.0,58537.0,1859.0,1433.0
ANFC_001764.png,0.788315797234323,0.6505950935571296,0.8076285240754367,0.7699051451897233,0.9728197205579883,0.9561004638678574,9.899494936611665,0.8264359701609968,0.6010963626145933,5357.0,57302.0,1601.0,1276.0
ANFC_001765.png,0.7931328036469117,0.6571831648651325,0.8445384499403931,0.7476260532636584,0.9679718926631028,0.955505371094429,5.907023542164884,0.8864012422950623,0.8311929679325265,5590.0,57030.0,1887.0,1029.0
ANFC_001766.png,0.8031698113356098,0.6710808425184663,0.9125364431636878,0.7172125623780546,0.9648605644424276,0.9602050781256073,8.54400374531753,0.9081065805829843,0.7763724858881075,5321.0,57607.0,2098.0,510.0
ANFC_001767.png,0.8288694671794659,0.7077515648272142,0.9372011476132607,0.7429871115130181,0.9837016618858684,0.9814758300784078,3.0324555320336466,0.9435471880894107,0.865530678044704,2940.0,61382.0,1017.0,197.0
ANFC_001768.png,0.7358974359458063,0.5821501015409591,0.7918801735152227,0.6873075608322589,0.985491833203932,0.9779968261722108,87.36274749350008,0.7665523338039326,0.4885022331999301,2009.0,62085.0,914.0,528.0
ANFC_001769.png,0.8433577832195948,0.7291431792813657,0.8013422818997066,0.8900229357924285,0.9828293137099993,0.9560089111334839,4.123105625617661,0.9574146988961448,0.7813759894860938,7761.0,54892.0,959.0,1924.0
ANFC_001770.png,0.8708938121031592,0.7713125846769001,0.891089108967645,0.8515936255719155,0.9953157174969691,0.9922637939454306,5.385164807134504,0.9999994883723431,0.68264026291261,1710.0,63319.0,298.0,209.0
ANFC_001771.png,0.8690645774056823,0.7684475700883334,0.9558689123964135,0.7967134617698647,0.9677246574637987,0.9663391113286387,7.0,0.9489554155059491,0.6864980236337301,7321.0,56009.0,1868.0,338.0
ANFC_001772.png,0.8802005012606391,0.7860340197195576,0.8946631002554244,0.8661980515641635,0.9811909508541009,0.9708251953129453,4.123105625617661,0.9514116572428977,0.6915053656062545,7024.0,56600.0,1085.0,827.0
ANFC_001773.png,0.8496009822053611,0.7385272145376621,0.8482991112628155,0.8509068552258524,0.9738999408044576,0.9551391601569347,6.0,0.955685473323677,0.6227534687198085,8304.0,54292.0,1455.0,1485.0
ANFC_001774.png,0.787189211990393,0.6490618485668759,0.8058671268753521,0.7693574959288801,0.9816091954026008,0.9691772460942204,18.160075105464752,0.8207717282014555,0.5013296942289389,3736.0,59780.0,1120.0,900.0
ANFC_001775.png,0.8272435752754056,0.7053839636674587,0.8876611418156769,0.7745263870285414,0.9517195168338485,0.9416351318368282,5.0,0.9554007520022274,0.6526569183666276,9158.0,52553.0,2666.0,1159.0
ANFC_001776.png,0.696462846216553,0.5342869163789888,0.6546391753467424,0.7439953134903353,0.9858245750618622,0.9662170410161406,23.44774125257136,0.7918273783837217,0.535526336064754,2540.0,60782.0,874.0,1340.0
ANFC_001777.png,0.7840687756206549,0.6448298718907611,0.8372059667473887,0.7372742200660257,0.9644833003216228,0.9509429931648111,4.0,0.9246786023387865,0.6738303899569783,5837.0,56484.0,2080.0,1135.0
ANFC_001778.png,0.8491514024667028,0.7378480577698283,0.9161686870483039,0.7912703679280934,0.947400691168158,0.9418182373055753,5.0,0.9459288674437455,0.7494443401342095,10732.0,50991.0,2831.0,982.0
ANFC_001779.png,0.7811349902412134,0.6408707970147715,0.8020153013806666,0.761314321161871,0.9508373162109008,0.9264984130870592,14.051638864035073,0.8356452741719784,0.7163629344121362,8596.0,52123.0,2695.0,2122.0
ANFC_001780.png,0.7922705314127724,0.6560000000323765,0.7990370285682635,0.7856176736039655,0.9665217467838959,0.9442291259774136,22.0,0.8543187104282947,0.6882350312788332,6970.0,54911.0,1902.0,1753.0
ANFC_001781.png,0.873524213511946,0.7754487260229135,0.8927745664894835,0.8550865052103687,0.9821379828036348,0.9727020263676042,3.605551275463989,0.9748091144170414,0.8362329645584914,6178.0,57569.0,1047.0,742.0
ANFC_001782.png,0.8319093525914054,0.7121958851824927,0.9009401286589866,0.7727041249556353,0.9516876837879221,0.9438629150399191,5.0,0.9456533678283507,0.7389204232032485,9104.0,52753.0,2678.0,1001.0
ANFC_001783.png,0.8032063197140331,0.6711318190961821,0.8122650376160403,0.7943474264942156,0.968609708193592,0.9483032226570389,8.54400374531753,0.8931181445982685,0.7406821188836628,6914.0,55234.0,1790.0,1598.0
ANFC_001784.png,0.813582877799797,0.6857477548078291,0.8195053663257578,0.8077453776278406,0.9618759234606834,0.938598632813437,5.385164807134504,0.913614639871946,0.6607569859220593,8781.0,52731.0,2090.0,1934.0
ANFC_001785.png,0.8114560770247193,0.6827312490132245,0.9211015189682984,0.7251376462727859,0.9433359936163281,0.9402313232430995,5.385164807134504,0.9427799954586875,0.6850969818839387,8429.0,53190.0,3195.0,722.0
ANFC_001786.png,0.7695338148499421,0.625400213475728,0.7814821871040691,0.7579453067481573,0.9523965260374215,0.9250183105480192,9.848857801796104,0.8626381205800925,0.7560548255846632,8204.0,52418.0,2620.0,2294.0
ANFC_001787.png,0.8201109746359392,0.6950746697519332,0.8466112811677646,0.7952193198788221,0.9539195208969535,0.9351959228525515,11.119599395858714,0.8986200893255757,0.8128645491182731,9681.0,51608.0,2493.0,1754.0
ANFC_001788.png,0.8225702811316237,0.6986151852310106,0.8360000000133878,0.8095652174063585,0.9547911271261721,0.9325866699229037,5.0,0.9302671622667331,0.7064532144403041,10241.0,50877.0,2409.0,2009.0
ANFC_001789.png,0.883097665246502,0.7906668629625595,0.903600269187113,0.8635048231620976,0.9683492394876165,0.9566040039069122,3.0,0.9758976347554809,0.8736796507466447,10742.0,51950.0,1698.0,1146.0
ANFC_001790.png,0.8234914904703783,0.6999452055123347,0.8845035313828412,0.7703533952755575,0.9673497384897993,0.9582214355475126,50.64086874962756,0.9166363690726745,0.8096163780444616,6387.0,56411.0,1904.0,834.0
ANFC_001791.png,0.816049382728666,0.6892596455000278,0.8075200217446016,0.8247608484923388,0.9782702126565994,0.9590759277349996,5.656854249492381,0.89077350606606,0.7184847392624873,5949.0,56905.0,1264.0,1418.0
ANFC_001792.png,0.7404759244922089,0.5879013660113623,0.7390722569425655,0.7418849339890435,0.9592349031261626,0.9291076660167068,38.600518131237564,0.8384671521214112,0.640134526778154,6628.0,54262.0,2306.0,2340.0
ANFC_001793.png,0.7909262760023191,0.6541588493078363,0.7083721324211993,0.8952605114052359,0.9817768925789369,0.9324951171885302,14.0,0.8309977047600307,0.6675187895576524,8368.0,52744.0,979.0,3445.0
ANFC_001794.png,0.7986628595376188,0.6648115942223297,0.8633591809182143,0.7429867185135739,0.9240809140159593,0.9117736816419714,11.414761727926269,0.9085919606834387,0.5991783414245743,11468.0,48286.0,3967.0,1815.0
ANFC_001795.png,0.8380966303691947,0.7213135380145123,0.8429023009745716,0.8333454466288723,0.9558469566565412,0.9324035644541565,7.0,0.953354087233925,0.6318851224998603,11466.0,49640.0,2293.0,2137.0
ANFC_001796.png,0.8414568316819148,0.7263059803910373,0.8794053228990903,0.8066479970895746,0.937070280767658,0.9238128662121001,8.94427190999916,0.9485000108281654,0.6114262442078444,13250.0,47293.0,3176.0,1817.0
ANFC_001797.png,0.7263456090806603,0.5702846975471277,0.6912541788319579,0.7651904023200202,0.9650391909431592,0.9263000488292497,15.368272391988164,0.8146375746625435,0.6144629083181941,6410.0,54296.0,1967.0,2863.0
ANFC_001798.png,0.7628605008803128,0.6166325636339327,0.8171605655980708,0.7153272296176115,0.9721895549339574,0.9599761962896733,10.0,0.8659275020898998,0.6517556660768553,4219.0,58694.0,1679.0,944.0
ANFC_001799.png,0.6358958366387188,0.4661636946808039,0.6163845224859781,0.6566827698368172,0.9828694478372618,0.9643707275396063,102.20558994372543,0.7338725863961731,0.6641637276102704,2039.0,61162.0,1066.0,1269.0
ANFC_001800.png,0.8609958506327063,0.7559198543122665,0.8452138493096867,0.8773784355364878,0.9861579898403369,0.9713745117191869,3.605551275463989,0.9872199458175203,0.8485236713344676,5810.0,57850.0,812.0,1064.0
ANFC_001801.png,0.8106122059545444,0.6815373505832033,0.8111153552510394,0.8101096805140573,0.9638420746773965,0.9394378662118618,12.700338064118345,0.8949337324784802,0.6306985756001874,8494.0,53073.0,1991.0,1978.0
ANFC_001802.png,0.8654428081591391,0.762802275988288,0.9384570511975416,0.802969802869607,0.9730908843031904,0.9694671630864035,9.433981132056603,0.9604680174333736,0.5769376087344372,6435.0,57100.0,1579.0,422.0
ANFC_001803.png,0.8782618561448683,0.7829473045632702,0.8861034798665175,0.8705578047828882,0.9797359154933145,0.9672546386723747,7.713011390885281,0.9253795064605627,0.5334247245845241,7741.0,55649.0,1151.0,995.0
ANFC_001804.png,0.8518259654157063,0.7418962106617112,0.8376288660072803,0.8665126200023974,0.987423806015349,0.974121093750395,63.89913406255715,0.8583600127023573,0.7044199629779245,4875.0,58965.0,751.0,945.0
ANFC_001805.png,0.7939424032033339,0.658295594965357,0.7726503987019447,0.8164411539912072,0.9882893300977525,0.9746704101566366,8.305978781986134,0.9194910267076684,0.8403306201106829,3198.0,60678.0,719.0,941.0
ANFC_001806.png,0.7208958377940216,0.56359431795058,0.6923701299949797,0.7518730719471693,0.9910736935567118,0.9798431396487451,11.153344113436605,0.8475501846728364,0.637036546197851,1706.0,62509.0,563.0,758.0
ANFC_001807.png,0.6314424635929591,0.46139270500677576,0.5178096758325865,0.8089700997471055,0.9925535014732322,0.9653015136724046,81.36705248655142,0.7374013851607089,0.5233947551398752,1948.0,61314.0,460.0,1814.0
ANFC_001808.png,0.82403302250053,0.7007280291989787,0.81174698800851,0.8366966781009945,0.9915455831298774,0.9824371337893306,4.123105625617661,0.9561859025943775,0.8063438949219811,2695.0,61690.0,526.0,625.0
ANFC_001809.png,0.7174744331064941,0.5594231036528327,0.7263233705930278,0.7088385170077598,0.972375045847548,0.9515228271491774,13.038404810405298,0.8383491495413581,0.5222526831916051,4034.0,58325.0,1657.0,1520.0
ANFC_001810.png,0.7916227211246329,0.655112219494375,0.7966641395304528,0.7866447073234549,0.9758232809084368,0.9577941894537692,5.743903072168841,0.8364104982983447,0.764368650746819,5254.0,57516.0,1425.0,1341.0
ANFC_001811.png,0.7848751835733411,0.6459214502045436,0.7974636330105439,0.7726779906446191,0.9790939608472248,0.9642333984380459,4.0,0.9529759882077924,0.7317048067694288,4276.0,58916.0,1258.0,1086.0
ANFC_001812.png,0.8408641411957353,0.7254232839315627,0.8470498084525594,0.8347681619340329,0.9814610835271143,0.9680786132817372,3.605551275463989,0.9810756238645076,0.8160947546441718,5527.0,57917.0,1094.0,998.0
ANFC_001813.png,0.706156487649478,0.5457819906074346,0.6756629899845897,0.7395324942873022,0.983451652387051,0.963439941406808,16.278820596099706,0.7467112200569528,0.6124758741463943,2879.0,60261.0,1014.0,1382.0
ANFC_001815.png,0.8756740101870785,0.7788435188328738,0.9444998338502826,0.8161975876461236,0.9897644217699592,0.9876861572267505,3.0,0.9939572009566726,0.8980730035554875,2842.0,61887.0,640.0,167.0
ANFC_001816.png,0.8385343046821209,0.7219621794192169,0.9028330601960118,0.7827852213189636,0.9825348894151222,0.9773406982425333,3.605551275463989,0.9092851323118558,0.875518487125949,3856.0,60195.0,1070.0,415.0
ANFC_001817.png,0.839792425765729,0.7238294633186467,0.900331439417535,0.7868818539650564,0.9832006784971424,0.9778594970706505,4.123105625617661,0.9075508551052605,0.8771036845855504,3803.0,60282.0,1030.0,421.0
ANFC_001818.png,0.8095045664099649,0.6799728445784151,0.7790914748321264,0.8423885618431642,0.9841476619072859,0.9640350341802364,49.278570925448506,0.8211885704828666,0.6840934377014827,5008.0,58171.0,937.0,1420.0
ANFC_001819.png,0.6536216959056604,0.4854665988053375,0.6540707661786085,0.6531732419714672,0.9838562874254075,0.969207763672345,19.401344389067503,0.8774100746268699,0.6420740218636091,1904.0,61614.0,1011.0,1007.0
ANFC_001820.png,0.8724832214936264,0.7738095238633786,0.9584193453381247,0.8006898251291722,0.9869820580901604,0.9855041503908463,2.8284271247461903,0.9874821120859806,0.8976693418148112,3250.0,61336.0,809.0,141.0
ANFC_001821.png,0.7503377465887142,0.6004324325188254,0.7833568406817047,0.7199896293181256,0.9825781161784359,0.9718017578129304,6.191569285815518,0.8724526161029712,0.6726369857389056,2777.0,60911.0,1080.0,768.0
ANFC_001822.png,0.8361532899730798,0.7184393638870678,0.8162055336487279,0.8571005040447375,0.992225054037613,0.9827117919924514,4.0,0.9250844457120875,0.8318474788593323,2891.0,61512.0,482.0,651.0
ANFC_001823.png,0.7095973035817638,0.5499037669645577,0.6359300478105151,0.8025682183777817,0.9921142472473256,0.9750213623050688,15.77745618332091,0.7662226122247248,0.7127947058978623,2000.0,61899.0,492.0,1145.0
ANFC_001825.png,0.7568480300643812,0.6088137640782332,0.8615976079190101,0.6748076280780169,0.9846190363164077,0.9802246093753019,6.0,0.8008381967995937,0.7985841923358504,2017.0,62223.0,972.0,324.0
ANFC_001826.png,0.8483895007163709,0.7366983031727498,0.9220662347152508,0.7856157031458955,0.9766922307439698,0.9720611572269889,5.299321219071936,0.9364594796750503,0.8241011113789297,5123.0,58582.0,1398.0,433.0
ANFC_001827.png,0.6264418811831317,0.4560723515968759,0.8199767713008265,0.5068198135294976,0.9784686745858515,0.9743041992191422,28.83060083797773,0.7638066877146854,0.5229725876359259,1412.0,62440.0,1374.0,310.0
ANFC_001828.png,0.6991421569549197,0.5374470091674768,0.7496714850527783,0.654994259669923,0.9906114287501077,0.9850158691408537,7.0710678118654755,0.8056423522853918,0.6261322003968607,1141.0,63413.0,601.0,381.0
ANFC_001830.png,0.8377939983943842,0.720865317564399,0.8451626099723537,0.8305527638531552,0.9860998895248553,0.9755859375003726,7.615773105863909,0.9240658483576467,0.6843415628681454,4132.0,59804.0,843.0,757.0
ANFC_001831.png,0.7594173782421869,0.6121457490925383,0.8140703518255311,0.7116410418225161,0.9853545816735402,0.9780731201175222,8.320659374755873,0.8497488153812954,0.7373474911571809,2268.0,61831.0,919.0,518.0
ANFC_001832.png,0.8524663677212743,0.7428683079579066,0.8868672731645828,0.8206345780465536,0.9708226536994694,0.959838867188113,52.44518329167285,0.930777072654795,0.653746259769021,7604.0,55300.0,1662.0,970.0
ANFC_001833.png,0.7919012819226188,0.6554938517144994,0.8367088608008332,0.7516488515461339,0.9822686974315222,0.9734954833988421,5.385164807134504,0.9046119189732705,0.6617952847815138,3305.0,60494.0,1092.0,645.0
ANFC_001834.png,0.8337258596717555,0.7148626818599101,0.8384651824545405,0.8290398127264451,0.9942451714624478,0.9892272949220395,3.605551275463989,0.9593593491030531,0.8469179874533107,1770.0,63060.0,365.0,341.0
ANFC_001835.png,0.7462365591701031,0.5951972556517634,0.7977011494769601,0.7010101010772143,0.9783839924704503,0.9675903320317446,12.0,0.8484291961822752,0.7210229957115547,3123.0,60289.0,1332.0,792.0
ANFC_001836.png,0.7980317273943867,0.6639374313009975,0.8234313428579219,0.7741521801404742,0.9731073331301858,0.9580383300787654,6.082762530298219,0.8620000402389787,0.801576213704989,5433.0,57353.0,1585.0,1165.0
ANFC_001837.png,0.7570590790748774,0.6090869375614603,0.8306720686569743,0.6954309657127463,0.9465735685295644,0.9317321777354168,7.280109889280518,0.8673339670179127,0.7311108490117133,6971.0,54091.0,3053.0,1421.0
ANFC_001838.png,0.813549371855492,0.6857001484724691,0.8612802983391821,0.7708310157113326,0.9641683046048222,0.9515380859382396,4.0,0.9103467879670162,0.7995115184860668,6929.0,55431.0,2060.0,1116.0
ANFC_001839.png,0.8551343208709448,0.7469298245836027,0.9312117235420809,0.7905486955908877,0.9599943254369415,0.9559783935553593,4.0,0.9763706421332515,0.7863756039755255,8515.0,54136.0,2256.0,629.0
ANFC_001840.png,0.8401516400250486,0.7243633469915665,0.8890051625583225,0.7963877257798645,0.9363696730608888,0.9260101318370666,4.47213595499958,0.933786827129997,0.7675711091712354,12743.0,47944.0,3258.0,1591.0
ANFC_001841.png,0.7702484672567663,0.6263447914178467,0.7982610149821703,0.7441352973467278,0.938721418573239,0.9130859375013263,8.94427190999916,0.8907015261437045,0.7255227408174635,9548.0,50292.0,3283.0,2413.0
ANFC_001842.png,0.804834147612511,0.6734079174306644,0.8225297827921286,0.7878838731686719,0.9788727686036827,0.9652557373052177,5.385164807134504,0.9112406323771586,0.7701022109695052,4695.0,58564.0,1264.0,1013.0
ANFC_001843.png,0.8506682950097925,0.7401416765359927,0.9111918604780245,0.7976841837641323,0.9728927986911332,0.9664154052739501,3.605551275463989,0.9444764766542022,0.8148933591200795,6269.0,57066.0,1590.0,611.0
ANFC_001844.png,0.7079964061271041,0.5479833101949019,0.8268047006397867,0.6190426312329483,0.9377098033853238,0.9256134033214477,51.76917989101546,0.797454544383289,0.7584477611138167,5910.0,54751.0,3637.0,1238.0
ANFC_001845.png,0.7612456747671341,0.6145251397342718,0.7873470330668789,0.736819360471733,0.9800996650603693,0.9673614501958107,4.47213595499958,0.9156912808469087,0.6346866704492888,3410.0,59987.0,1218.0,921.0
ANFC_001846.png,0.7589743589968322,0.6115702479922509,0.8073794882349971,0.7160450387550941,0.9733201091003666,0.9605560302740395,5.0,0.8421023842432188,0.6898307504004357,4070.0,58881.0,1614.0,971.0
ANFC_001847.png,0.7721046077525799,0.6288032455197649,0.8026467204250153,0.7438016529608633,0.9845149854981547,0.9748687744144461,61.70655556745383,0.8233235165750945,0.7608064186276194,2790.0,61099.0,961.0,686.0
ANFC_001848.png,0.8443238353756525,0.7305886036528969,0.873315868275326,0.8171948870760641,0.9619311551932261,0.9474792480476765,4.242640687119285,0.932750388432193,0.8402308730014832,9334.0,52760.0,2088.0,1354.0
ANFC_001849.png,0.8250296278821981,0.7021705801902549,0.8614988615125732,0.7915226487364451,0.958654279787884,0.943679809571172,4.123105625617661,0.9223332296849849,0.799090220348182,8702.0,53143.0,2292.0,1399.0
ANFC_001850.png,0.8196454045333378,0.694406077374447,0.8706569975245527,0.7742804890004543,0.9583459154136393,0.9459838867195743,12.041594578792296,0.8866156512913621,0.8201470506331238,8044.0,53952.0,2345.0,1195.0
ANFC_001851.png,0.735084525371387,0.5811333169190613,0.8255637341014647,0.6624789049632028,0.9368166102122467,0.9222869873058734,21.798925264830068,0.8290223881501186,0.7271479030465928,7066.0,53377.0,3600.0,1493.0
ANFC_001852.png,0.7948888754438994,0.65959798998396,0.9562873379052473,0.6801036269761551,0.947386361700486,0.9483184814461012,4.123105625617661,0.9362059090506234,0.7094481578510706,6563.0,55586.0,3087.0,300.0
ANFC_001853.png,0.8448540706687402,0.731382978748039,0.9471496437117399,0.7625011951656467,0.9565095594937232,0.9553070068366196,4.0,0.9388529997984616,0.7743249415374258,7975.0,54632.0,2484.0,445.0
ANFC_001854.png,0.8196753373841348,0.6944490472498386,0.850878083458443,0.7906801245363003,0.9601508485236572,0.9437255859383588,6.0,0.9258510173619741,0.7051255600445733,8382.0,53466.0,2219.0,1469.0
ANFC_001855.png,0.7788865979472624,0.6378495204891362,0.8680944939913509,0.7063046892748258,0.9281519293058866,0.9181823730481236,7.810249675906654,0.8969121104473556,0.6416174249059081,9444.0,50730.0,3927.0,1435.0
ANFC_001856.png,0.8209313971046104,0.6962541408565146,0.7782208297941497,0.8686023100700856,0.9774557751399477,0.9454345703133327,8.48528137423857,0.912780312366584,0.7630945020650908,8197.0,53763.0,1240.0,2336.0
ANFC_001857.png,0.7957441101615743,0.6607765981393736,0.8777120315702454,0.7277782320935663,0.9399054083338164,0.9302825927745014,13.601470508735444,0.870231997387706,0.7472184601281429,8900.0,52067.0,3329.0,1240.0
ANFC_001858.png,0.765589858936537,0.620207039368927,0.9241115498612893,0.653490401426397,0.9308573617507512,0.9300231933604428,7.0710678118654755,0.8312972154118454,0.6498448699315871,7489.0,53461.0,3971.0,615.0
ANFC_001859.png,0.8318930752455393,0.7121720260595665,0.846556710713159,0.8177287828588244,0.9542308931999652,0.9332122802744567,15.620499351813308,0.9154758896296563,0.7112473130942767,10830.0,50329.0,2414.0,1963.0
ANFC_001860.png,0.777289055062778,0.6357095749364045,0.8196505875216721,0.7390910358469893,0.9288403041838623,0.9072875976576648,9.186712593461749,0.8278969165786969,0.5717068899820629,10603.0,48857.0,3743.0,2333.0
ANFC_001861.png,0.8200305518512493,0.6949591391136047,0.8542018896216607,0.7884880198486653,0.9584722697868013,0.9424743652352529,8.94427190999916,0.91633783566338,0.7366528305554743,8589.0,53177.0,2304.0,1466.0
ANFC_001862.png,0.8022798345706507,0.6698391308287848,0.7685543100339627,0.8391010761933846,0.9723671812717916,0.9401855468759128,8.246211251235321,0.9332874750738716,0.637063684323169,7953.0,53663.0,1525.0,2395.0
ANFC_001863.png,0.8421052631646953,0.7272727272930165,0.9164713602778222,0.7789020795331925,0.9494249940777229,0.9440612792977287,7.0710678118654755,0.9554354191293485,0.5391842611869517,9776.0,52094.0,2775.0,891.0
ANFC_001864.png,0.8566705240594863,0.7492770387688492,0.9546794399452211,0.7769115442446093,0.9455742501838775,0.9470825195320576,7.0,0.9622058317797078,0.6079996848677155,10364.0,51704.0,2976.0,492.0
ANFC_001865.png,0.7958258570310782,0.660889342038986,0.8239953065587176,0.7695187654305983,0.9543654739743195,0.9340209960947569,6.082762530298219,0.908043097333318,0.6936505305800196,8427.0,52785.0,2524.0,1800.0
ANFC_001866.png,0.8204382706175395,0.6955450064181536,0.8263557483919354,0.8146049396113969,0.9692094608997583,0.9491119384773391,10.425838872118176,0.9222066592768696,0.4409063295042635,7619.0,54582.0,1734.0,1601.0
ANFC_001867.png,0.819931495685046,0.694816862495175,0.8228842691256438,0.816999837492524,0.9577628568221284,0.9326171875010283,7.0710678118654755,0.9228847013524608,0.6772452629771804,10054.0,51066.0,2252.0,2164.0
ANFC_001868.png,0.8971553610628307,0.8134920635331807,0.9185959671599213,0.8766928011697094,0.9915635819829391,0.9870910644533221,2.23606797749979,0.9940601242284508,0.9275000515099892,3690.0,61000.0,519.0,327.0
ANFC_001869.png,0.8387352405231211,0.722260133789783,0.805479452084402,0.8748553480120921,0.9871620934099793,0.9689483642582865,7.0,0.9022973558473153,0.7316332052582859,5292.0,58209.0,757.0,1278.0
ANFC_001870.png,0.8463302752370199,0.7335984095657707,0.8448979591991141,0.8477674558138281,0.9725360869335111,0.9529724121100926,5.830951894845301,0.9056753528512448,0.7620180573780742,8487.0,53967.0,1524.0,1558.0
ANFC_001871.png,0.8293130065694079,0.7083985824026705,0.7941421047958845,0.8677435638699905,0.9760568786216063,0.9460144042976989,17.4928556845359,0.8508597790202752,0.47376609850309637,8595.0,53403.0,1310.0,2228.0
ANFC_001872.png,0.9206006265571676,0.8528823058593993,0.9694005232659083,0.8764784531650233,0.9788351396602549,0.9775695800784674,7.280109889280518,0.9963631326787383,0.658320988463779,8522.0,55544.0,1201.0,269.0
ANFC_001873.png,0.8075833515136649,0.6772660819303241,0.8237386086188622,0.7920495832887262,0.9840588495505339,0.9730529785160363,5.0990195135927845,0.9114043417493018,0.7799383364256137,3706.0,60064.0,973.0,793.0
ANFC_001874.png,0.8597229528441415,0.7539597109404952,0.9298312156400851,0.7994456220773772,0.9795894661736125,0.9755859375003726,4.0,0.9755555068149268,0.7777256467597756,4903.0,59033.0,1230.0,370.0
ANFC_001875.png,0.7957666624926588,0.6608077004266985,0.8363347458060554,0.758952175015873,0.9837597150261697,0.975265502930065,5.0,0.9175138540015542,0.7324449862009946,3158.0,60757.0,1003.0,618.0
ANFC_001876.png,0.8541257367476592,0.7453921989128384,0.9119035133833372,0.8032332563737606,0.9705740139536753,0.9637451171880533,3.0,0.9648017257924201,0.8192222079922873,6956.0,56204.0,1704.0,672.0
ANFC_001877.png,0.8373641002974616,0.7202290076602835,0.8867481203140568,0.7931904161629687,0.9654882154888207,0.9552612304694328,4.242640687119285,0.9544915764063665,0.7569577110284343,7548.0,55056.0,1968.0,964.0
ANFC_001878.png,0.8168707483117775,0.6904323827402907,0.8523566155803014,0.7842215256290201,0.9717568214461506,0.9589233398443768,5.0,0.944052517887722,0.6787462587128258,6004.0,56840.0,1652.0,1040.0
ANFC_001879.png,0.8482366926630251,0.7364678899686999,0.9377920560929346,0.774294670900821,0.9849304482228083,0.9824676513674552,4.242640687119285,0.9716331033729343,0.7133612869851506,3211.0,61176.0,936.0,213.0
ANFC_001880.png,0.8491592482876905,0.7378599055139965,0.8966057441523223,0.8064819164381206,0.9866463552979184,0.9813842773440342,4.0,0.9426653598665956,0.8208028113209132,3434.0,60882.0,824.0,396.0
ANFC_001881.png,0.7512803677116691,0.6016405510987863,0.8134508744755509,0.6979382701356669,0.9576773840664978,0.9421997070321321,36.18559070656235,0.8468013483585821,0.6680684509549121,5721.0,56027.0,2476.0,1312.0
ANFC_001882.png,0.7840828820513238,0.6448489543448427,0.7943702290403355,0.7740585774408711,0.9753915743995512,0.9580230712897031,8.636519931338249,0.8465304313856393,0.6713510931662734,4995.0,57790.0,1458.0,1293.0
ANFC_001883.png,0.8674279348372491,0.7658920447847176,0.8720425591667307,0.8628618922478374,0.983045913037812,0.9709472656254434,3.605551275463989,0.9572935734755903,0.7852734724889942,6229.0,57403.0,990.0,914.0
ANFC_001884.png,0.7676335878217353,0.6228939545037429,0.835771276650342,0.709768492459128,0.9835593654045618,0.9767761230472295,4.47213595499958,0.938020557855333,0.767373403230362,2514.0,61500.0,1028.0,494.0
ANFC_001885.png,0.7032873203780721,0.5423617209081734,0.8217492518052048,0.6146766170112745,0.9752274944429749,0.9681854248051731,115.00129068148908,0.8719025469527756,0.6719151929987803,2471.0,60980.0,1549.0,536.0
ANFC_001886.png,0.8208113516626513,0.6960814563875222,0.877821011696922,0.7707550393285352,0.9777799854298665,0.9699401855473337,8.246211251235321,0.8661309156362168,0.6547617921008186,4512.0,59054.0,1342.0,628.0
ANFC_001887.png,0.7834814680583179,0.6440357853236545,0.8155840886435569,0.7538103548861187,0.96325878594313,0.9453582763680214,37.680225689790284,0.8316352379446035,0.6003841819791684,6479.0,55476.0,2116.0,1465.0
ANFC_001888.png,0.7216527866974973,0.5645201704379204,0.7397800033262552,0.7043926841168684,0.9681890823455599,0.9469604492195595,50.77843921180108,0.7926782231503987,0.6204396060166532,4506.0,57554.0,1891.0,1585.0
ANFC_001889.png,0.7961452928397116,0.6613300493445,0.9345631744049554,0.6934400827238016,0.9810574022951174,0.9790191650393828,11.896644968751863,0.8630836771644139,0.3606705218282127,2685.0,61476.0,1187.0,188.0
ANFC_001890.png,0.7985496247745553,0.6646546884243888,0.837756546383978,0.7628483970093687,0.9754191436781875,0.9635467529302438,5.0,0.9301643507062921,0.7239909539014994,4735.0,58412.0,1472.0,917.0
ANFC_001891.png,0.5892040257115269,0.417639429501414,0.5070866143672887,0.703056768721039,0.9913645310814756,0.9725952148441682,192.03449757865957,0.7270267415962292,0.4794469261558206,1288.0,62452.0,544.0,1252.0
ANFC_001892.png,0.7908588099561867,0.6540665527642439,0.7708530805958705,0.8119306127777448,0.9736058568030403,0.9474945068367387,5.656854249492381,0.8873763427915583,0.7072311423933383,6506.0,55589.0,1507.0,1934.0
ANFC_001893.png,0.7209554831980105,0.5636672326649688,0.7848699764055727,0.6666666667275161,0.9700080482241347,0.9568634033209709,8.0,0.819203529857774,0.5644208920836301,3652.0,59057.0,1826.0,1001.0
ANFC_001894.png,0.7875679556986579,0.649576988185315,0.7941663219079266,0.7810783316601141,0.9614806329211448,0.9367980957040895,11.453784158731176,0.8616816367016419,0.6179517771789841,7678.0,53716.0,2152.0,1990.0
ANFC_001895.png,0.8510978957084231,0.7407923551920375,0.8738844528095485,0.8294694605629214,0.9731673097163598,0.9602661132818564,5.385164807134504,0.9670560446114652,0.7448848884565482,7442.0,55490.0,1530.0,1074.0
ANFC_001896.png,0.8517459669336588,0.7417748533270897,0.8853746550869508,0.8205783986188121,0.9850061652283599,0.9778442382815882,5.0,0.9375265782922373,0.7422530215902972,4171.0,59913.0,912.0,540.0
ANFC_001897.png,0.8437392795950369,0.7297136923505627,0.8405673274230547,0.8469352617211661,0.9669713181756767,0.9443969726570985,9.055385138137417,0.9426912583749449,0.6545844167168958,9838.0,52054.0,1778.0,1866.0
ANFC_001898.png,0.8349740932856251,0.7167000223000444,0.7853313840679016,0.8913163717114723,0.993602682641073,0.9805603027346718,22.285895889102946,0.8892466647924928,0.6723110311130959,3223.0,61039.0,393.0,881.0
ANFC_001899.png,0.8567477669448463,0.7493952272148157,0.8444084278882859,0.8694530835265529,0.9668796428165414,0.94151306152433,5.0990195135927845,0.9348883647782521,0.7269011145950347,11462.0,50241.0,1721.0,2112.0
ANFC_001904.png,0.9194097616375554,0.8508403361448992,0.9470730376532018,0.8933166678999106,0.9724704498458939,0.967498779297371,5.385164807134504,0.9852502357192902,0.7419070960134428,12150.0,51256.0,1451.0,679.0
ANFC_001905.png,0.8083525302958793,0.6783487154304878,0.7678949597955816,0.8533103232109648,0.9840042427251979,0.9606475830084131,10.800440352148925,0.9052817676244154,0.6879812594175607,5439.0,57518.0,935.0,1644.0
ANFC_001907.png,0.8025692001935786,0.6702426564776294,0.7958750379338919,0.8093769278419313,0.9666816425560845,0.9409027099618393,11.679022238102215,0.9018498348548065,0.5568635577626081,7872.0,53791.0,1854.0,2019.0
ANFC_001908.png,0.8337843503512679,0.7149486894754593,0.8611242324152791,0.8081270779602419,0.950846046107604,0.933456420899453,8.06225774829855,0.9409754179767137,0.5255367059988925,10938.0,50237.0,2597.0,1764.0
ANFC_001909.png,0.8688477625698248,0.7681086009757767,0.9484613460159543,0.8015646474467106,0.9673803482679194,0.9650726318364705,5.0,0.9822630772620982,0.7072176386367103,7582.0,55665.0,1877.0,412.0
ANFC_001910.png,0.8858357105498146,0.7950674051839203,0.9124490285545156,0.8607308519220804,0.9784782684713018,0.9700775146488941,3.1622776601683795,0.9751005466444121,0.8298809449247403,7608.0,55967.0,1231.0,730.0
ANFC_001912.png,0.8677339805116948,0.7663693563046139,0.8687201191418826,0.8667500782087308,0.9677132084057882,0.9484405517585993,6.082762530298219,0.9462438951901563,0.7329408190102116,11084.0,51073.0,1704.0,1675.0
ANFC_001913.png,0.8068217612470494,0.676195504625419,0.7789555999844509,0.836755646832485,0.9676272974629792,0.9344940185556871,7.0,0.9218542064056096,0.6840434654902973,8965.0,52278.0,1749.0,2544.0
ANFC_001914.png,0.8154854823674881,0.68845545600366,0.8485340696947508,0.7849147321925539,0.9462074666977396,0.9278564453136009,6.082762530298219,0.9128725369208176,0.626161341124188,10448.0,50360.0,2863.0,1865.0
ANFC_001915.png,0.8524776373774208,0.7428854244211098,0.9145932771489191,0.7982627193938785,0.9591301693339954,0.9524383544929134,6.324555320336759,0.9332428327454824,0.5247655740342411,9006.0,53413.0,2276.0,841.0
ANFC_001917.png,0.8165446269724377,0.6899665552357915,0.789211935771,0.8458384584161873,0.9875306758641054,0.9717102050785568,7.0710678118654755,0.9370591501982721,0.6641501926686063,4126.0,59556.0,752.0,1102.0
ANFC_001918.png,0.8228515518930885,0.6990210565479293,0.7990077061333255,0.8481622590936618,0.9758307618219533,0.9502716064460714,7.211102550927978,0.9330099917416347,0.6802774686755885,7569.0,54708.0,1355.0,1904.0
ANFC_001919.png,0.8597473508926127,0.7539972405036931,0.9400930985691062,0.7920538835542626,0.9561756567370507,0.9537506103522683,5.830951894845301,0.9646577828274335,0.6507239935741335,9290.0,53215.0,2439.0,592.0
ANFC_001920.png,0.8954270505736547,0.8106545167957019,0.9570704458511358,0.8412438625348932,0.968748321968019,0.9670257568364408,8.0,0.9334580626059815,0.5403106781150462,9252.0,54123.0,1746.0,415.0
ANFC_001922.png,0.7934872217784084,0.6576699692907789,0.8350202429388346,0.7558900523879725,0.9681849198231289,0.954132080078825,23.007605103254935,0.9191424686272962,0.6784916645348462,5775.0,56755.0,1865.0,1141.0
ANFC_001923.png,0.836758503103439,0.7193334362197706,0.8626144879394381,0.8124074235590828,0.9606592723891194,0.9444885253914721,6.324555320336759,0.9440767397760444,0.6374640014374183,9324.0,52574.0,2153.0,1485.0
ANFC_001924.png,0.8731935881690164,0.774927777311133,0.9234300020943637,0.8281410796306351,0.967167113494778,0.9607696533209112,4.242640687119285,0.9641855466586429,0.6786318350487863,8852.0,54113.0,1837.0,734.0
ANFC_001925.png,0.8832536347445659,0.7909169550353878,0.9158569568350339,0.8528917910584989,0.9716126941844434,0.9631195068365004,5.0,0.9771596980034882,0.649355740356825,9143.0,53976.0,1577.0,840.0
ANFC_001926.png,0.8823157997045842,0.789414218686823,0.9145187273545591,0.8523036501968374,0.9716926839800789,0.9630279541021267,6.082762530298219,0.9743504374102598,0.7409185573793844,9083.0,54030.0,1574.0,849.0
ANFC_001927.png,0.8866410584768826,0.79636586676406,0.9057377049262524,0.8683330546841387,0.9708700155365305,0.9594726562506185,5.0,0.9549553235601705,0.7441503346675165,10387.0,52493.0,1575.0,1081.0
ANFC_001928.png,0.8723264819817597,0.7735629754980154,0.8824734812028403,0.8624101778853569,0.9522719843095727,0.934600830079123,5.0,0.9471011735306031,0.7312152664289635,14642.0,46608.0,2336.0,1950.0
ANFC_001983.png,0.8825999067064765,0.7898691901064661,0.9358615004174887,0.8350742974963165,0.9580196981620414,0.9539184570319532,4.0,0.981894093704634,0.6994396018756994,11352.0,51164.0,2242.0,778.0
ANFC_001984.png,0.8326662025829853,0.7133060007668054,0.9349291646375253,0.7505686720722748,0.9424965190513283,0.9413146972665206,6.082762530298219,0.9316426036341228,0.7046992358210733,9569.0,52121.0,3180.0,666.0
ANFC_001985.png,0.8275515722851136,0.7058319604806701,0.8851334600541167,0.7770039898602101,0.9424721624414247,0.9318847656260395,6.082762530298219,0.876686491738513,0.6789259865613477,10711.0,50361.0,3074.0,1390.0
ANFC_001986.png,0.7519048815413293,0.6024419697299823,0.6678566116811161,0.8601532567317715,0.9875877782125111,0.9547882080085025,70.38252562713134,0.6567386256979217,0.4795960690398448,4490.0,58083.0,730.0,2233.0
ANFC_001987.png,0.7454089475167536,0.594144957493662,0.8561605649774836,0.6600286533438354,0.9605519075727612,0.9519805908210454,10.198039027185569,0.7823939532314923,0.6037877293725582,4607.0,57782.0,2373.0,774.0
ANFC_001988.png,0.8367546432168944,0.7193277311238848,0.8504437674062202,0.823499230397191,0.9762705433980673,0.9617767333990208,5.0,0.9159406702371691,0.7643220600509858,6420.0,56611.0,1376.0,1129.0
ANFC_001989.png,0.863412961486516,0.7596540627675212,0.8692750287787284,0.8576294278036913,0.9641721110080919,0.9452972412117723,5.0,0.9638700260726455,0.7426413559322432,11331.0,50620.0,1881.0,1704.0
ANFC_001990.png,0.8235018315070036,0.6999601474693653,0.7865099356402737,0.8641451414597697,0.9536615552442017,0.9080963134779649,15.0,0.8668035348834561,0.6583276073029765,14051.0,45462.0,2209.0,3814.0
ANFC_001991.png,0.8037577014699104,0.6719020908034776,0.8551401869346911,0.7582000230454368,0.9636706321765861,0.9509124755866866,12.153153197546152,0.8311079192280529,0.6146835545669248,6588.0,55731.0,2101.0,1116.0
ANFC_001992.png,0.8272449828989529,0.7053860105902227,0.8792883122108239,0.7810180738862291,0.9546989866886784,0.94299316406337,10.158431221748446,0.927874832369841,0.47586494932771695,8945.0,52855.0,2508.0,1228.0
ANFC_001993.png,0.6890477222085736,0.5256085472490793,0.7149063670839092,0.6649944259106753,0.959158016344283,0.9342803955088154,38.220387077647864,0.7415856672948183,0.5578156098702658,4772.0,56457.0,2404.0,1903.0
ANFC_001994.png,0.8410992473362122,0.7257733204612269,0.8347578347693171,0.847537745177964,0.9577475804094683,0.9307403564463694,5.113326778269792,0.9628250360180892,0.6603070601695279,12013.0,48984.0,2161.0,2378.0
ANFC_001995.png,0.7957671957743997,0.6608084358722432,0.7908574633814164,0.8007382693404743,0.9452538373033516,0.9116516113294731,13.571901216403056,0.9081994501183352,0.544361657925974,11280.0,48466.0,2807.0,2983.0
ANFC_001996.png,0.8198341274148677,0.6946770335232579,0.9110994901410512,0.7451881950657412,0.9588335895804095,0.9532623291022758,6.0331050121192575,0.9063995081253001,0.7686570539623547,6969.0,55504.0,2383.0,680.0
ANFC_001997.png,0.8190078446967093,0.6934913505023902,0.9046253584460011,0.7481955042536405,0.9575415109109355,0.9510650634773093,9.0,0.8895273476658739,0.7715594267549196,7256.0,55073.0,2442.0,765.0
ANFC_001998.png,0.8064341714063966,0.6756511891524613,0.8289949050644748,0.7850688657088281,0.9552437843671975,0.9344482421885003,7.063961030678902,0.8774377854699679,0.7168904013214168,8949.0,52291.0,2450.0,1846.0
ANFC_001999.png,0.8249285659259458,0.7020241851075152,0.8257575757845149,0.8241012189748339,0.9807002099278679,0.9654083251958404,22.329264482233214,0.8499782808861015,0.6885689924926267,5341.0,57928.0,1140.0,1127.0
ANFC_002000.png,0.8115342638973213,0.6828419526647809,0.8836627470748483,0.7502920871215835,0.9591428869354708,0.9499359130867016,6.0,0.947596380595542,0.6760793396388812,7064.0,55191.0,2351.0,930.0
ANFC_002001.png,0.7894142731807595,0.6520928305254805,0.8715841949896986,0.7214029189484678,0.9333503948535143,0.9231414794933603,9.433981132056603,0.859432285801456,0.662013567131216,9441.0,51058.0,3646.0,1391.0
ANFC_002002.png,0.8340136054502423,0.7152858810038935,0.8784931927650227,0.793821108149679,0.9600301253436615,0.9478759765632955,8.246211251235321,0.8650463636820811,0.6102074390510134,8582.0,53538.0,2229.0,1187.0
ANFC_002003.png,0.828462515914238,0.7071583515007256,0.9095257074892285,0.7606666667464445,0.9886080568646991,0.9855804443361577,7.0710678118654755,0.9868990548234348,0.4196891109732341,2282.0,62309.0,718.0,227.0
ANFC_002005.png,0.8057962500707008,0.6747560875891813,0.8692437684971226,0.7509809289395948,0.9513269601207226,0.9394683837899862,6.4031242374328485,0.9040281027386861,0.667177734002017,8230.0,53339.0,2729.0,1238.0
ANFC_002006.png,0.7726777939248297,0.6295639320577141,0.7589094797293462,0.7869549150430608,0.9807589613513658,0.9617614746099585,6.082762530298219,0.9474003425003386,0.616278643417692,4259.0,58771.0,1153.0,1353.0
ANFC_002007.png,0.7467394601306194,0.5958373669316711,0.8573617495671595,0.6614012465440144,0.9460047637824768,0.9362945556650347,14.072932219257652,0.8354500912003198,0.46606995116136984,6155.0,55206.0,3151.0,1024.0
ANFC_002008.png,0.8018018018235771,0.6691729323914958,0.7772097977045346,0.8280009076859539,0.9875412961656196,0.9724731445316701,7.0710678118654755,0.8625149763810803,0.7402179213978146,3649.0,60083.0,758.0,1046.0
ANFC_002010.png,0.7992257872553246,0.6655920645175956,0.7870967742247659,0.8117344624509701,0.9787962395262144,0.9588470458990656,27.265926116021422,0.8757165164190189,0.6380766991108981,5368.0,57471.0,1245.0,1452.0
ANFC_002011.png,0.8045499684206419,0.6730101193667105,0.8607301526249314,0.7552542373296179,0.9760764757538051,0.9669647216801917,22.899915929534686,0.9058884151002669,0.6862143694107391,4456.0,58915.0,1444.0,721.0
ANFC_002012.png,0.8492558198894218,0.7380057484550064,0.8640952627843398,0.8349174587706559,0.9892983963810857,0.9819183349612135,5.0,0.9510879604920955,0.8196392355602945,3338.0,61013.0,660.0,525.0
ANFC_002013.png,0.6981524850770033,0.5362782331528526,0.707915567359389,0.6886550308807353,0.9803550027535329,0.9645996093755402,14.98824115301168,0.8001826054140962,0.4989429414861049,2683.0,60533.0,1213.0,1107.0
ANFC_002014.png,0.734727399094401,0.5806870381884675,0.723438666369316,0.7463740213391896,0.9656335872558066,0.9359283447275403,22.561028345356956,0.8296850771410168,0.6009896539285333,5815.0,55522.0,1976.0,2223.0
ANFC_002015.png,0.7357837696849394,0.5820078496610197,0.6780986763323588,0.8041958042237483,0.9760248837944986,0.9382476806650049,28.653097563788805,0.836580382729496,0.6184091069231701,5635.0,55854.0,1372.0,2675.0
ANFC_002016.png,0.7132959420279459,0.5543589745875083,0.6187750431489554,0.8419003116496103,0.9968176331342893,0.9867401123048899,20.518284528683193,0.7633681925365419,0.6416258095045034,1081.0,63586.0,203.0,666.0
ANFC_002019.png,0.8842049092952504,0.7924438068240963,0.8843622131499089,0.8840476614113378,0.9891179170493346,0.9801330566409282,5.0,0.9402385418405631,0.6735847947099491,4971.0,59263.0,652.0,650.0
ANFC_002040.png,0.8501154068198128,0.7393049805872155,0.9478848319208807,0.7706290048684936,0.9704310591889541,0.968292236328609,4.47213595499958,0.9530771438001763,0.8490113446988656,5893.0,57565.0,1754.0,324.0
ANFC_002041.png,0.8346854915269895,0.7162748644017835,0.9050611219119089,0.7744647570853002,0.9593716429220124,0.9521179199226057,3.1622776601683795,0.9318988291707655,0.8703503845263588,7922.0,54476.0,2307.0,831.0
ANFC_002042.png,0.8201482934113519,0.6951282850633501,0.8042302608094904,0.83670917731474,0.9771738180551048,0.955215454102246,4.0,0.9187851085892096,0.8356072341704425,6692.0,55909.0,1306.0,1629.0
ANFC_002043.png,0.8247778874737921,0.7018059639120321,0.8167155425443896,0.8330009970297855,0.976635514019099,0.9566650390631614,8.031128874149275,0.8962910696661842,0.7944090159221009,6684.0,56012.0,1340.0,1500.0
ANFC_002044.png,0.7708424269378344,0.6271306819505928,0.7553464500618707,0.7869875223765653,0.9924364695086484,0.9839782714846196,8.290880125347613,0.8969345735844556,0.8232390150718281,1766.0,62720.0,478.0,572.0
ANFC_002045.png,0.7511658894485067,0.6014937317680732,0.7541806020889028,0.7481751825653035,0.9878649314106759,0.9772033691409729,9.219544457292887,0.8694173314580973,0.7769543417130366,2255.0,61787.0,759.0,735.0
ANFC_002046.png,0.8208105646732234,0.6960803244162889,0.872564443921994,0.7748522300080761,0.9634208091078968,0.9519653320319831,7.990512483795298,0.9477910163278866,0.5999288208826843,7210.0,55178.0,2095.0,1053.0
ANFC_002047.png,0.7821899893126745,0.6422922972134831,0.8796630565744534,0.7041635449315891,0.9523916151376683,0.9440917968758532,4.0,0.9185064260929362,0.795968227344934,6579.0,55293.0,2764.0,900.0
ANFC_002048.png,0.8558235452409296,0.7479821330814214,0.8818366592866005,0.8313011670587614,0.9645964322275808,0.9509277343757488,3.605551275463989,0.9391022705437742,0.8519412280814558,9545.0,52775.0,1937.0,1279.0
ANFC_002049.png,0.8045104387738914,0.6729548001799631,0.8455761558500849,0.7672487223416473,0.9616585400083899,0.9465637207039405,6.324555320336759,0.8964737639793584,0.7396296154940832,7206.0,54828.0,2186.0,1316.0
ANFC_002050.png,0.7854006586463501,0.6466335292257944,0.8368421053108649,0.7399172699741682,0.9838044948164112,0.9761352539066143,123.36632531251632,0.8251095054366626,0.7185934159422303,2862.0,61110.0,1006.0,558.0
ANFC_002051.png,0.7793103448819433,0.6384180792419621,0.8678003292003289,0.7071971391563715,0.9897195234883035,0.9863281250002087,150.65523555456014,0.8495570303542221,0.6949457978996495,1582.0,63058.0,655.0,241.0
ANFC_002052.png,0.775579975634779,0.6334264062092436,0.8710916073115241,0.6989436621043382,0.9892643573526712,0.9859771728517766,150.67514418393324,0.8515896139251565,0.6829263366133013,1588.0,63029.0,684.0,235.0
ANFC_002053.png,0.8286209576287512,0.7073892631447858,0.8986127317647332,0.76874445432911,0.9639416841055646,0.9562530517584801,5.957737973711325,0.9615789236384525,0.6887147779648856,6931.0,55738.0,2085.0,782.0
ANFC_002054.png,0.8137455438131176,0.6859789142096779,0.8276271992596734,0.8003218761006642,0.9695924655141518,0.9513702392585547,4.123105625617661,0.9324761661366023,0.7582289251264772,6962.0,55387.0,1737.0,1450.0
ANFC_002055.png,0.8438515968711106,0.7298817302348952,0.8818826821343178,0.8089650747264676,0.9624700606896852,0.9501647949226355,3.0,0.9601480496197686,0.8512913023254568,8825.0,53445.0,2084.0,1182.0
ANFC_002056.png,0.6652596032434298,0.4984187224069546,0.573403674809277,0.7921588339300932,0.9862256200138872,0.9515991210944886,54.47932609936326,0.6600253118808505,0.6449119412099328,3152.0,59212.0,827.0,2345.0
ANFC_002057.png,0.8668228303795451,0.7649490773656399,0.8677648135589379,0.8658828900963494,0.9793111948448902,0.9644317626958553,3.0,0.9780740897279123,0.8612341710545017,7586.0,55619.0,1175.0,1156.0
ANFC_002058.png,0.8257678717161071,0.7032407407750879,0.8897349538893344,0.7703816407036412,0.9691518898944053,0.9608764648443471,6.0,0.9207856893228774,0.7522743340016582,6076.0,56896.0,1811.0,753.0
ANFC_002059.png,0.6957344477098688,0.5334300568814617,0.7299801456436168,0.6645579153992232,0.9625663954823747,0.9411163330087111,63.91322022267123,0.7997199868372064,0.7065767701700304,4412.0,57265.0,2227.0,1632.0
ANFC_002060.png,0.7961255327550465,0.6613027806821186,0.8526141079082799,0.7466569767810092,0.9707112970716218,0.9598541259771752,42.44997055358225,0.8392937340957128,0.7282409009875588,5137.0,57768.0,1743.0,888.0
ANFC_002061.png,0.7482165940657722,0.5977204926491455,0.7818691214947099,0.717341411941858,0.9445644737325886,0.9197540283215371,9.433981132056603,0.8246637919722439,0.5726754596621975,7814.0,52463.0,3079.0,2180.0
ANFC_002062.png,0.8293357296032808,0.708431743067025,0.8448105900795929,0.8144175943776245,0.9766064858393667,0.9623260498052625,6.0,0.9538567621010383,0.6580245286580161,5999.0,57068.0,1367.0,1102.0
ANFC_002063.png,0.7587209302676278,0.611241217889639,0.7186123348792367,0.8035714286319053,0.9896937193074811,0.9746704101566366,16.04054913735296,0.8286427249414383,0.7221432981727999,2610.0,61266.0,638.0,1022.0
ANFC_002064.png,0.7966552641691559,0.6620341124752248,0.8407059363006296,0.7569910226233628,0.9585460306291402,0.9428558349618096,5.385164807134504,0.8651462760408986,0.7345303984914094,7336.0,54455.0,2355.0,1390.0
ANFC_002065.png,0.7819576003805181,0.6419789661321317,0.7771203156218182,0.7868554829726115,0.9804199536353104,0.9631195068365004,6.324555320336759,0.8735333480432268,0.841065907851796,4334.0,58785.0,1174.0,1243.0
ANFC_002066.png,0.7492273730868854,0.5990116484764076,0.8055379747143137,0.700275103204914,0.9632025128349905,0.9479980468757936,5.0,0.8475178326027407,0.6197123719240066,5091.0,57037.0,2179.0,1229.0
ANFC_002067.png,0.8369910283066259,0.7196771896843488,0.8561344063453149,0.818685027701001,0.9770242759143752,0.963958740234925,3.605551275463989,0.9485653889656217,0.8529816454081133,6064.0,57110.0,1343.0,1019.0
ANFC_002068.png,0.790795512506961,0.6539799684075931,0.8413128984346517,0.7460012026763678,0.9636882554207368,0.9499206542976393,4.123105625617661,0.8503744978665694,0.8062615932269678,6203.0,56051.0,2112.0,1170.0
ANFC_002069.png,0.8448422290556711,0.7313652302079668,0.8178598532990311,0.8736657208656039,0.983775811209721,0.9637603759771156,16.31086088205527,0.881805374941255,0.8384226634426254,6466.0,56695.0,935.0,1440.0
ANFC_002070.png,0.867909824666412,0.766643721136135,0.8506273868138977,0.8859090909220558,0.9821894236401307,0.9637908935552402,3.605551275463989,0.9446331501536875,0.8729449949432803,7796.0,55367.0,1004.0,1369.0
ANFC_002071.png,0.8006620610391003,0.66758670350803,0.7663590026496269,0.8381799005818623,0.9815707740621245,0.95773315429752,5.830951894845301,0.8470908558250175,0.7724648017219911,5563.0,57203.0,1074.0,1696.0
ANFC_002072.png,0.7282247508077511,0.572604909014631,0.7617442595825269,0.6975308642558775,0.9742058596131832,0.958816528320941,15.524174696260024,0.7782246751744057,0.7387268441752183,3616.0,59221.0,1568.0,1131.0
ANFC_002073.png,0.7687175685907415,0.6243226972269231,0.7536337209749939,0.7844175492086957,0.9810101279320861,0.9619140625005812,5.830951894845301,0.8562180935480276,0.8248232251437742,4148.0,58892.0,1140.0,1356.0
ANFC_002074.png,0.7808140646040631,0.6404388715109259,0.7659335166500958,0.7962842666238426,0.9727465498666398,0.9474945068367387,50.40921593122839,0.7698932753098136,0.6813951352796727,6129.0,55966.0,1568.0,1873.0
ANFC_002075.png,0.8585225134918775,0.7521151522083162,0.8738669730787862,0.8437076297493273,0.9780254059584765,0.9655761718755254,4.0,0.9531510060350044,0.7995841308982256,6845.0,56435.0,1268.0,988.0
ANFC_002076.png,0.7596720175817447,0.6124767226047528,0.7372786371357815,0.7834683182983638,0.9851166598446972,0.9682464599614221,6.348125995465582,0.8645126470297615,0.704502545994997,3289.0,60166.0,909.0,1172.0
ANFC_002077.png,0.8283018868086508,0.706924315667162,0.7971672417292234,0.8619674062709666,0.9882889936532627,0.9722290039066739,4.0,0.9504723270071771,0.8053556178375516,4390.0,59326.0,703.0,1117.0
ANFC_002078.png,0.8331854481292844,0.7140684411733581,0.9007194245080483,0.7750722246078944,0.9914106948670406,0.9885253906251752,3.0,0.9772033061985106,0.8858071294845775,1878.0,62906.0,545.0,207.0
ANFC_002079.png,0.8327072505617914,0.7133662493640128,0.8600127551169204,0.8070822942835828,0.9655430444703973,0.9503936767585696,5.0,0.9573537199283462,0.7097743068141886,8091.0,54194.0,1934.0,1317.0
ANFC_002080.png,0.8138677616623644,0.6861526357445985,0.785958904128879,0.8438316400731658,0.9703526818521243,0.9391326904306163,10.89664832642099,0.9175796688065941,0.7613634642047037,8721.0,52826.0,1614.0,2375.0
ANFC_002081.png,0.7051857168667274,0.5446230599090334,0.7912751678132517,0.6359909375729862,0.9419137141489875,0.9247894287120852,29.10308357071806,0.8242860254203773,0.5340714628894044,5895.0,54712.0,3374.0,1555.0
ANFC_002082.png,0.7976760082138485,0.6634451393155728,0.937851593900636,0.6939544103375664,0.9468228000697981,0.9458007812508271,8.0,0.9409194998288737,0.4818406526108806,7002.0,54982.0,3088.0,464.0
ANFC_002083.png,0.8349174250195539,0.7166165239855802,0.8733605979589112,0.7997159091167723,0.9734622294469422,0.9626312255865078,4.47213595499958,0.964006843229541,0.6743541407020054,6193.0,56894.0,1551.0,898.0
ANFC_002084.png,0.7589629802780006,0.6115554719477223,0.6929310161325375,0.8389053827495927,0.977776590630237,0.9370117187509612,59.682493245507096,0.826935460852227,0.6366040161499997,6499.0,54909.0,1248.0,2880.0
ANFC_002085.png,0.8449793425636202,0.731570762080708,0.8197026022514287,0.8718645743393223,0.9817840078699096,0.9604949951177904,9.219544457292887,0.9413293626480146,0.7910627986735075,7056.0,55891.0,1037.0,1552.0
ANFC_002086.png,0.8323191345584701,0.7127967574065021,0.8917520438899149,0.7803133206755127,0.9565801013019423,0.9470214843758085,7.280109889280518,0.9805117953050607,0.4940525646918919,8617.0,53447.0,2426.0,1046.0
ANFC_002087.png,0.7936934389286133,0.6579533466583105,0.9197116172505798,0.6980475065665903,0.9591472750835538,0.9554748535163045,5.385164807134504,0.9570749059048842,0.6232367715586327,5613.0,57005.0,2428.0,490.0
ANFC_002089.png,0.6480820003379343,0.4793796669179346,0.6211670140486504,0.6774350649874293,0.9662178244760751,0.9308471679698053,55.27157994578645,0.7302953563060967,0.6303921238927446,4173.0,56831.0,1987.0,2545.0
ANFC_002090.png,0.7883222048736808,0.6506038222944538,0.8655435969637274,0.723751141290759,0.9641775898526144,0.9545288085944439,23.310711553871627,0.8719723370228403,0.7102680936546436,5549.0,57007.0,2118.0,862.0
ANFC_002091.png,0.7520961431140235,0.6026875700332937,0.8353251591129404,0.68394967598374,0.9579137968971297,0.9458618164070762,14.035668847618199,0.8545292230473414,0.7150794386258915,5382.0,56606.0,2487.0,1061.0
ANFC_002093.png,0.6147319708389002,0.44376392013153454,0.5684736094376079,0.669185558632086,0.9938566127172194,0.9847564697267952,39.0960246157111,0.6841830672471029,0.4907571090379362,797.0,63740.0,394.0,605.0
ANFC_002094.png,0.8137663058734604,0.6860084230719063,0.8543123543406542,0.776894541639835,0.9790852487252586,0.9692840576176563,5.830951894845301,0.8869932265081296,0.6610009750115428,4398.0,59125.0,1263.0,750.0
ANFC_002095.png,0.8072987063325643,0.6768657925081972,0.9053702901893957,0.7283972125908715,0.9744082208875142,0.9695434570317149,6.708203932499369,0.9256851242791471,0.561985014193748,4181.0,59359.0,1559.0,437.0
ANFC_002096.png,0.7561327561718563,0.6078886311915729,0.7476220672962517,0.7648394421781254,0.9883780577732618,0.9767913818362918,70.0,0.7243017143325197,0.6632394648495509,2358.0,61657.0,725.0,796.0
ANFC_002097.png,0.784564958315768,0.6455013484566067,0.8169407384992428,0.754657495054555,0.9862628985928095,0.9779357910159617,4.242640687119285,0.8839685743443592,0.6629923629089554,2633.0,61457.0,856.0,590.0
ANFC_002098.png,0.828499536507946,0.707212299410533,0.8826185101911347,0.780633890746036,0.9858207510648822,0.9802398681643641,5.0,0.9058336234886429,0.7509792735824804,3128.0,61113.0,879.0,416.0
ANFC_002099.png,0.5941408258361931,0.42261759702105345,0.522761531648248,0.6880952382190099,0.9873672029446412,0.9638519287114892,23.065094570922795,0.6373507750450764,0.304093095872583,1734.0,61433.0,786.0,1583.0
ANFC_002100.png,0.7536856430308817,0.604731574230258,0.6892760838644936,0.831373530189799,0.9888989541301343,0.9668579101567558,69.61895724293603,0.8194730013671966,0.6438080779375299,3323.0,60041.0,674.0,1498.0
ANFC_002101.png,0.7928341754946218,0.6567732116330339,0.7879479571358255,0.7977813728223292,0.9856920938600983,0.9724731445316701,6.0,0.9121351607634393,0.7042601513624688,3452.0,60280.0,875.0,929.0
ANFC_002102.png,0.6587809294316499,0.4911807056351366,0.621215570311583,0.7011819116903438,0.9809790164044784,0.9568634033209709,55.0,0.7274694079302745,0.4697728179542597,2729.0,59980.0,1163.0,1664.0
ANFC_002103.png,0.7862156988557065,0.6477392220569195,0.8105263159141274,0.7633209419062448,0.9940327418146396,0.9897766113282811,7.063330765278383,0.9163631332232013,0.566287869670271,1232.0,63634.0,382.0,288.0
ANFC_002105.png,0.7684989429787265,0.6240343349253072,0.8732732733493854,0.6861727231306406,0.9895883890969361,0.9866333007814541,4.0,0.9299706217206443,0.6412771400042531,1454.0,63206.0,665.0,211.0
ANFC_002106.png,0.6828422877407796,0.5184210527371883,0.827731092497293,0.5811209440557716,0.9728142948313208,0.9664916992192614,29.99371482940371,0.8300084887292396,0.5242324364253028,2364.0,60976.0,1704.0,492.0
ANFC_002107.png,0.8702107279755646,0.7702416278278726,0.9376612653588955,0.8118130640861574,0.9622898275652714,0.958648681641256,6.324555320336759,0.9668777024195351,0.6288516658859801,9085.0,53741.0,2106.0,604.0
ANFC_002108.png,0.8539738270086987,0.7451608411262247,0.9376204660997354,0.784029304045126,0.9455304682024772,0.9441528320321023,9.219544457292887,0.9207162212047304,0.579813202093352,10702.0,51174.0,2948.0,712.0
ANFC_002109.png,0.7273393822997581,0.5715108743235617,0.7258094019158936,0.728875826647892,0.9754282575042796,0.9546051025397553,14.866068747318506,0.7954405842830421,0.7274248907846202,3968.0,58593.0,1476.0,1499.0
ANFC_002110.png,0.7527624309563009,0.6035437431225311,0.7502753304308541,0.7552660754219421,0.9696938495337436,0.9453735351570837,5.830951894845301,0.7927137294099607,0.7248110685570187,5450.0,56506.0,1766.0,1814.0
ANFC_002111.png,0.7905598586166991,0.6536576979580798,0.8734206294654927,0.7220586839120635,0.9484955129342162,0.9385223388681256,12.083045973594572,0.8795274660799087,0.5922554167587979,7604.0,53903.0,2927.0,1102.0
ANFC_002112.png,0.7241998205411158,0.5676436108361497,0.7734824281512009,0.6808211474014594,0.9617045684600563,0.9437255859383588,9.81265531966704,0.7358957167821721,0.6818878066009286,4842.0,57006.0,2270.0,1418.0
ANFC_002113.png,0.8725350251190835,0.7738910250610624,0.9271910112441358,0.8239640539366986,0.9688713892229524,0.9632110595708739,5.385164807134504,0.894032110968298,0.6203876242364093,8252.0,54873.0,1763.0,648.0
ANFC_002114.png,0.7286678132386999,0.573152965749604,0.7994194485342759,0.6694214876836603,0.9780966645733182,0.9687042236332901,5.0990195135927845,0.8478111024584937,0.718936263044477,2754.0,60731.0,1360.0,691.0
ANFC_002115.png,0.8364048961684636,0.7188109449962289,0.8300689278761981,0.8428383341526687,0.95542715641854,0.9273986816417329,14.035668847618199,0.868953220892911,0.4955237424900786,12163.0,48615.0,2268.0,2490.0
ANFC_002116.png,0.7596232596355639,0.6124133377672158,0.7192710353122072,0.8047722342944933,0.9674031148140637,0.9283447265635935,9.848857801796104,0.8302039605213684,0.5824094115223781,7420.0,53420.0,1800.0,2896.0
ANFC_002117.png,0.8356005948209726,0.7176236874735007,0.8260916911874016,0.8453309561126219,0.9753695455437089,0.9544525146491326,9.219544457292887,0.8574433453433651,0.7190381775032139,7586.0,54965.0,1388.0,1597.0
ANFC_002118.png,0.6388087267898644,0.4693012212118978,0.585298783756182,0.7030872824668928,0.9583281325233443,0.9045104980483322,25.327752724339586,0.7431809293331413,0.5264717604210779,5534.0,53744.0,2337.0,3921.0
ANFC_002119.png,0.8201665825454211,0.6951545620178463,0.9201472462239633,0.7397837222834623,0.960905033092865,0.9565124511725387,5.0,0.9425405103549493,0.7529677173763165,6499.0,56187.0,2286.0,564.0
ANFC_002120.png,0.7908680947130289,0.6540792541115078,0.8935167494722307,0.7093740520063329,0.9501776891748257,0.9433898925789889,9.776452837537812,0.8680424759733315,0.5394624978792474,7015.0,54811.0,2874.0,836.0
ANFC_002121.png,0.7649981820670224,0.6194308145987377,0.8342585250239867,0.7063563116145128,0.9787540686285888,0.970413208008264,65.7875368135941,0.8481032456171004,0.7481542600611406,3156.0,60441.0,1312.0,627.0
ANFC_002122.png,0.798742598157852,0.664922103254026,0.8301170035207237,0.7696534235320297,0.972266983292812,0.9579925537115785,8.028015986734335,0.8866121658908438,0.7365256334679454,5463.0,57320.0,1635.0,1118.0
ANFC_002123.png,0.819289087790383,0.6938947369709918,0.892257715272194,0.7573529412879813,0.9917097143935105,0.9889068603517319,3.1622776601683795,0.9378890209620986,0.8442874565451164,1648.0,63161.0,528.0,199.0
ANFC_002124.png,0.7652634513848253,0.6197787311763877,0.8353621424725008,0.706018518594131,0.9816385542171624,0.9743041992191422,93.8415230042745,0.8258215542001061,0.7184254439488879,2745.0,61107.0,1143.0,541.0
ANFC_002125.png,0.8767661407921963,0.7805731047178956,0.9552671545001702,0.8101873536522028,0.97219220146549,0.9703216552738905,7.211102550927978,0.97108735850615,0.6086951513472916,6919.0,56672.0,1621.0,324.0
ANFC_002126.png,0.7834047978000458,0.6439321776254653,0.8341559724002576,0.7384749836708596,0.9805315203958667,0.9714813232426228,6.324555320336759,0.8433749447077319,0.5866079427350108,3380.0,60287.0,1197.0,672.0
ANFC_002127.png,0.8662420382296676,0.7640449438610121,0.8929292929509234,0.8411037107819023,0.986217938137751,0.9791717529300055,3.605551275463989,0.9707094611324034,0.8269926679685191,4420.0,59751.0,835.0,530.0
ANFC_002128.png,0.7643598616120796,0.6185942313611602,0.8891124975067192,0.6703079958018043,0.9641223768724863,0.9584350585943844,30.252268306770645,0.8332291448483502,0.7280606904433065,4418.0,58394.0,2173.0,551.0
ANFC_002129.png,0.787576849715118,0.649589089062845,0.9248195170712423,0.6858039505841232,0.9723337505490607,0.9694213867192167,5.0,0.9307502228545068,0.7270168572128266,3715.0,59817.0,1702.0,302.0
ANFC_002130.png,0.712818884332294,0.553782894810233,0.811325301250283,0.6356428167574772,0.9685596064254299,0.9586029052740693,19.924858845171276,0.84555627961376,0.7350635588027331,3367.0,59456.0,1930.0,783.0
ANFC_002131.png,0.7875389408265157,0.6495375128918888,0.8288524590444504,0.7501483679895923,0.9716670031635428,0.9583740234381353,21.194336767452953,0.8348323991826408,0.7786243270797563,5056.0,57752.0,1684.0,1044.0
ANFC_002132.png,0.8205052006076891,0.6956412194890853,0.8434397434178341,0.7987848980473333,0.9764193324183081,0.9631347656255627,3.605551275463989,0.9302068396024885,0.8137710073314578,5522.0,57598.0,1391.0,1025.0
ANFC_002133.png,0.8182734973963016,0.6924389828140571,0.8717232488457834,0.7709996199599012,0.9802076147304588,0.9725036621097947,4.0,0.9401808329484846,0.8048667114529455,4057.0,59677.0,1205.0,597.0
ANFC_002134.png,0.663819402125714,0.49680365308292146,0.809825083807285,0.5624192298882349,0.973062419450221,0.9663696289067633,56.218273585311536,0.7580898046689372,0.6275934616825642,2176.0,61156.0,1693.0,511.0
ANFC_002135.png,0.7779669260970371,0.6366169154952005,0.8115169964963174,0.7470808034219801,0.9824171185507936,0.9721374511723002,6.119031448804022,0.9081348363372834,0.7960567059222093,3199.0,60511.0,1083.0,743.0
ANFC_002136.png,0.8333650250470074,0.7143322829822523,0.8947869879005326,0.7798339264792605,0.9681039371708037,0.9598846435552997,4.0,0.9633100614685587,0.7163977087239362,6574.0,56333.0,1856.0,773.0
ANFC_002137.png,0.8175524550199647,0.691406953757628,0.8164220379033349,0.8186860068646147,0.98602778006105,0.9738616943363364,5.0,0.9238245872574096,0.8424782091729968,3838.0,59985.0,850.0,863.0
ANFC_002138.png,0.7879478595492594,0.6500940291901629,0.7916129955930138,0.784316505986342,0.9740217595522721,0.9545745849616307,24.04059024727191,0.8718729364954921,0.7003056001288074,5531.0,57028.0,1521.0,1456.0
ANFC_002139.png,0.7286387368230436,0.5731169872650005,0.9411184210720005,0.5944317474351897,0.9687660010245653,0.9674835205083088,5.0,0.8188096833135281,0.7753377142949098,2861.0,60544.0,1952.0,179.0
ANFC_002140.png,0.7579489476312193,0.6102397693149018,0.7535618878553958,0.7623873874409036,0.9827173841821847,0.9670104980473785,13.418268674102485,0.7406171095149322,0.6827088770148675,3385.0,59989.0,1055.0,1107.0
ANFC_002141.png,0.8066982162593498,0.676021964678458,0.8355957768135757,0.7797325827399172,0.9847460931156836,0.9756927490238085,3.0,0.9121532142403359,0.8791970700501031,3324.0,60619.0,939.0,654.0
ANFC_002142.png,0.6983356449898863,0.5364944060904384,0.8767958206892488,0.5802362432785261,0.9769604199943553,0.9734497070316552,49.03926952487763,0.8177626506882024,0.6760043768987996,2014.0,61782.0,1457.0,283.0
ANFC_002143.png,0.8042235523704201,0.6725534308579805,0.7816708066699345,0.8281163435141113,0.9785616805158575,0.9555816650397404,5.0,0.9313624540382882,0.7985332577412017,5979.0,56646.0,1241.0,1670.0
ANFC_002144.png,0.6024799417064216,0.4311064719350508,0.6377393453867389,0.5709151231487655,0.9750874827446292,0.9584197998053221,80.88871907697798,0.6191462239867326,0.5084245473692925,2065.0,60746.0,1552.0,1173.0
ANFC_002145.png,0.7981273408365713,0.6640698037120526,0.7801098230896755,0.8169968051352081,0.9750265952812991,0.9506530761726281,6.708203932499369,0.8626804211335082,0.6708371795147486,6393.0,55909.0,1432.0,1802.0
ANFC_002146.png,0.8300887299807914,0.7095313561569468,0.9351036849268829,0.746279318996752,0.9637788316087268,0.9608459472662225,5.0,0.9552994841855299,0.7581305638382022,6268.0,56702.0,2131.0,435.0
ANFC_002147.png,0.7691893347904489,0.6249452954595266,0.7237709072945141,0.8206896552067644,0.984299780264282,0.9607696533209112,20.0,0.8145233530740782,0.7332040486376492,4284.0,58681.0,936.0,1635.0
ANFC_002148.png,0.6508237352892807,0.4823859953571674,0.7018867925465765,0.6066865997263695,0.9767945346081084,0.9634552001958703,119.91142454285628,0.6869659557710531,0.6205457713869486,2232.0,60909.0,1447.0,948.0
ANFC_002149.png,0.782650448178193,0.6429134894444087,0.9119731443819571,0.6854499580360387,0.9821493914568109,0.9792785644534413,3.1622776601683795,0.9464103778384342,0.8644377525821249,2445.0,61733.0,1122.0,236.0
ANFC_002150.png,0.8139627132336423,0.6862876254880071,0.8898525585747752,0.750000000060916,0.9834721394399943,0.9785308837893902,3.0,0.9458111231690175,0.9045240546745782,3078.0,61051.0,1026.0,381.0
ANFC_002151.png,0.8337711069574324,0.7149292149750758,0.845509893484492,0.8223538120239908,0.9840743198410074,0.9729614257816627,6.0,0.9151507189765147,0.8645563153517895,4444.0,59320.0,960.0,812.0
ANFC_002152.png,0.7988233061492861,0.6650339706643966,0.8857323232563694,0.7274455582911432,0.9740556725458335,0.9676513671879937,5.288873605350878,0.9346006118343777,0.8241000799218898,4209.0,59207.0,1577.0,543.0
ANFC_002153.png,0.7702526699810984,0.6263503495417972,0.8147127703795685,0.7303939731097451,0.9625409681355845,0.9461669921883216,25.471166626213297,0.8427697666468887,0.6843631097002164,5914.0,56094.0,2183.0,1345.0
ANFC_002154.png,0.8148483476825978,0.6875477464110583,0.8465276689376818,0.7854545454857521,0.9750663488686873,0.9625549316411964,6.082762530298219,0.9185677833366991,0.5885534325287441,5400.0,57682.0,1475.0,979.0
ANFC_002155.png,0.8129662589535742,0.6848720730118757,0.8134899583316795,0.8124432334383558,0.9526566171843744,0.9246368408214626,5.0990195135927845,0.9211092668780725,0.6883452668606356,10734.0,49863.0,2478.0,2461.0
ANFC_002156.png,0.8302872062755501,0.7098214285984169,0.8227684346892229,0.8379446640494131,0.973764664060189,0.9523925781257265,5.0,0.9207292422718018,0.7509292616143147,7632.0,54784.0,1476.0,1644.0
ANFC_002157.png,0.8639421878978356,0.7604737881376975,0.8622233275475972,0.8656679151228879,0.9812850036528805,0.9666748046880086,6.324555320336759,0.9616824428959134,0.593573381863662,6934.0,56418.0,1076.0,1108.0
ANFC_002158.png,0.7795562022687307,0.6387481371446847,0.7627239293198809,0.7971481711348856,0.9713520233951818,0.9445190429695967,8.06225774829855,0.8925581176458381,0.6633581101380325,6429.0,55471.0,1636.0,2000.0
ANFC_002159.png,0.8141067505899123,0.6864924402036154,0.8255267911107133,0.8029983602947999,0.9706103335609965,0.9522247314460416,7.0710678118654755,0.9042697388042574,0.748665876731212,6856.0,55549.0,1682.0,1449.0
ANFC_002160.png,0.7568624118503559,0.6088323763181799,0.8408232628699351,0.6881471179588708,0.9665006640111803,0.9563446044928537,25.748174963921322,0.8455202547603108,0.6443608240461013,4453.0,58222.0,2018.0,843.0
ANFC_002161.png,0.7823317307823118,0.6424834666229905,0.8004181013526294,0.765044663873408,0.9651766427432726,0.9447326660164684,10.310097777779342,0.8318524309541073,0.7473996811218927,6509.0,55405.0,1999.0,1623.0
ANFC_002162.png,0.8608297941924845,0.7556638944885131,0.8856150571492701,0.8373940678138354,0.9728846493557166,0.9609985351568452,13.548576893095705,0.901943343338554,0.7894934526581746,7905.0,55075.0,1535.0,1021.0
ANFC_002163.png,0.7842720510304055,0.6451048951612992,0.8610521850103834,0.7200638638069782,0.9740554404660475,0.9659271240239575,5.0,0.9011222533495912,0.713669126235164,4059.0,59244.0,1578.0,655.0
ANFC_002166.png,0.7180295239908749,0.5600983310182303,0.7551020408590438,0.6844268775202488,0.9666237479730678,0.9481201171882917,12.041594578792296,0.811409095236582,0.5730577231620143,4329.0,57807.0,1996.0,1404.0
ANFC_002167.png,0.8705798138961647,0.7708201293230041,0.8879964953434585,0.8538331929438594,0.9822621319523197,0.9724121093754211,4.47213595499958,0.9363203225940131,0.8444525754015788,6081.0,57647.0,1041.0,767.0
ANFC_002168.png,0.7999804142486422,0.6666394646918036,0.8328066061950447,0.7696438666129976,0.9561253970255689,0.9376678466806387,8.54400374531753,0.8907954215771416,0.7390545663456265,8169.0,53282.0,2445.0,1640.0
ANFC_002169.png,0.7555207108483261,0.6070978580840931,0.8018305367075537,0.7142680667431417,0.960342906130127,0.9429016113289963,19.39837746121999,0.8784753317095976,0.6908924079430728,5782.0,56012.0,2313.0,1429.0
ANFC_002170.png,0.8476597795405301,0.7355985363580138,0.8789506558552217,0.8185202419941229,0.9728841841794357,0.9614105224615265,4.123105625617661,0.9632532581967663,0.7960803199128296,7036.0,55971.0,1560.0,969.0
ANFC_002171.png,0.8526228867029153,0.7431060606255223,0.8914841406987655,0.8170081626006157,0.959712467680859,0.9482574462898521,4.426236901423458,0.9504839056690177,0.7641982272444756,9809.0,52336.0,2197.0,1194.0
ANFC_002172.png,0.8258706467806077,0.7033898305503686,0.8273799634777571,0.8243668267133973,0.9821731606098733,0.967956542969239,26.9221088473675,0.9164793824119668,0.7438146719082185,4980.0,58456.0,1061.0,1039.0
ANFC_002173.png,0.7451683602565085,0.5938393141324485,0.7656090072127719,0.7257908015280824,0.9767027748928014,0.9609680175787206,16.990521627716547,0.8071668642340073,0.6808206373965803,3740.0,59238.0,1413.0,1145.0
ANFC_002174.png,0.7262703025292401,0.570191857845065,0.6929201024472789,0.7629931121593635,0.987794063109889,0.9719696044926153,31.021701695771963,0.8368823692010052,0.6766376813818028,2437.0,61262.0,757.0,1080.0
ANFC_002175.png,0.6125491820653811,0.4414925373967921,0.7663212435838546,0.5101759228164581,0.9539529152351977,0.9429016113289963,44.28600203340184,0.6533047910803829,0.5572432538307899,2958.0,58836.0,2840.0,902.0
ANFC_002176.png,0.6825030542035424,0.5180300845831382,0.6838955387149359,0.6811162287507135,0.9809731652120761,0.9643096923833572,54.20332093147061,0.7438798053227926,0.5420712944349103,2514.0,60683.0,1177.0,1162.0
ANFC_002177.png,0.782826834877951,0.6431515722950004,0.8255479970029406,0.7443096633849926,0.9681607576251564,0.9537658691413305,10.811330641591965,0.8927368224582027,0.7068565631863588,5461.0,57045.0,1876.0,1154.0
ANFC_002178.png,0.7910607684225425,0.6543428716568318,0.8207082738096382,0.7634805732363007,0.9729738854475435,0.9583435058600107,5.0990195135927845,0.8661802301343003,0.6990595286250098,5168.0,57638.0,1601.0,1129.0
ANFC_002179.png,0.7788504381569248,0.6378010216932862,0.8214285714565431,0.7404687941625997,0.9689275087914369,0.9545593261725684,7.9525624189766635,0.8757857055831496,0.7689752919841109,5244.0,57314.0,1838.0,1140.0
ANFC_002180.png,0.7013541087273832,0.5400657049649956,0.7799092409694905,0.6371755983085312,0.9645234642768831,0.9508666992194998,18.819444051537854,0.8622552580387972,0.5498217179541548,3781.0,58535.0,2153.0,1067.0
ANFC_002181.png,0.8151086377470186,0.6879184571112303,0.82255944559415,0.8077915982389355,0.9713471058482805,0.9523468017585397,11.202481323848172,0.9165644810056996,0.6701638953993845,6884.0,55529.0,1638.0,1485.0
ANFC_002182.png,0.7909232635040839,0.6541547278927923,0.7932592078550177,0.7886010363424522,0.9902326917553986,0.9815826416018436,4.0,0.9433951301115137,0.7327222421098106,2283.0,62046.0,612.0,595.0
ANFC_002183.png,0.756997632675533,0.6090073942171168,0.7821582734439833,0.733405288792929,0.9840801791788066,0.973373413086344,43.01740662898457,0.8099220768733992,0.6732580218723452,2718.0,61073.0,988.0,757.0
ANFC_002184.png,0.8460823784548726,0.7332259796314304,0.8875893437443029,0.8082840236913273,0.971992185474456,0.9620819091802661,4.242640687119285,0.9154290237760869,0.795737942612179,6830.0,56221.0,1620.0,865.0
ANFC_002185.png,0.8182797353532195,0.6924479166933639,0.8481658692346448,0.7904280618519195,0.9623202864733869,0.9459381103523875,8.0,0.9051135216991808,0.6274541359322529,7977.0,54016.0,2115.0,1428.0
ANFC_002186.png,0.842569454660073,0.7279654559539441,0.9000314037579785,0.7920044215372141,0.9596663272786441,0.9509735107429357,5.0,0.9658015183964199,0.6823413019624296,8598.0,53725.0,2258.0,955.0
ANFC_002187.png,0.7304699343374967,0.575386085085912,0.9184243964629163,0.6063758389922188,0.9619162026596659,0.9593048095709336,66.0,0.7729875846071974,0.6344184333286382,3614.0,59255.0,2346.0,321.0
ANFC_002188.png,0.8465321690330958,0.7339018447847283,0.9025147137611006,0.797089122030329,0.9617910341520566,0.9533386230475871,5.0,0.970193159189307,0.6873963908104818,8434.0,54044.0,2147.0,911.0
ANFC_002189.png,0.7438733463734686,0.5921961326670931,0.73416095896101,0.7538461539002536,0.981598317560765,0.963958740234925,91.52819132296314,0.7480902059441387,0.5729351301415772,3430.0,59744.0,1120.0,1242.0
ANFC_002190.png,0.8217177329805637,0.6973861493062931,0.8482464765774954,0.7967980295722908,0.9504987624699899,0.9314575195322959,8.0,0.9142182360569069,0.6300740867388828,10352.0,50692.0,2640.0,1852.0
ANFC_002191.png,0.8159132583984727,0.6890654457521502,0.8506358573808798,0.7839142091318335,0.9472759555191613,0.9295349121104504,50.93312401207737,0.8456848403122842,0.5658307986665502,10234.0,50684.0,2821.0,1797.0
ANFC_002192.png,0.8350892281318486,0.7168696936400083,0.902940834603866,0.7767223277895489,0.9607784588909635,0.9531860351569644,7.0710678118654755,0.9222900018145767,0.6127222330288199,7768.0,54700.0,2233.0,835.0
ANFC_002193.png,0.767822265639171,0.6231424609051771,0.927728613579981,0.6549354436011104,0.9435972496435496,0.9419555664071358,22.032916518869637,0.8798348141657083,0.707909418362589,6290.0,55442.0,3314.0,490.0
ANFC_002194.png,0.7956157318047696,0.6605995717863874,0.8702397743561878,0.7327790974325112,0.9739983160818517,0.9661407470708293,5.0,0.933275404772149,0.7205219977947578,4319.0,58998.0,1575.0,644.0
ANFC_002195.png,0.7580904098218766,0.6104231868811507,0.8822025565620054,0.6645925926422825,0.9625481795179145,0.9563140869147292,10.116549153849968,0.8845295373221312,0.6119839311719143,4486.0,58187.0,2264.0,599.0
ANFC_002196.png,0.8321652526949262,0.7125710676537015,0.8748707342619259,0.7934349355701207,0.9857138224040716,0.9791717529300055,5.049509756796392,0.8897613082336525,0.7357489570207529,3384.0,60787.0,881.0,484.0
ANFC_002197.png,0.7821220242959072,0.6422006472955081,0.8887495521517826,0.6983389640064275,0.9642559295465815,0.9578247070318936,7.0071067811865415,0.9027563748760941,0.6950378663631387,4961.0,57811.0,2143.0,621.0
ANFC_002198.png,0.7560374568924849,0.6077654517084259,0.8399561952690933,0.6873639739230106,0.9587109427844125,0.9471282958992444,13.038404810405298,0.8567930979325923,0.7806951922712825,5369.0,56702.0,2442.0,1023.0
ANFC_002200.png,0.5980198021128648,0.42655367258636834,0.8847656251125334,0.45164506507894064,0.9829489087304231,0.9814147949221587,93.19466756454047,0.6763001260888091,0.5078535197300168,906.0,63412.0,1100.0,118.0
ANFC_002202.png,0.881715555157922,0.7884537420101797,0.9108280254860596,0.8544064669313411,0.9697958439670107,0.960189819336545,4.123105625617661,0.9685189134983426,0.7379732285406924,9724.0,53203.0,1657.0,952.0
ANFC_002203.png,0.8047440898030133,0.6732818327552901,0.8573609226836226,0.7582120894317966,0.9729711602955572,0.9625701904302587,5.0,0.9814885338619981,0.7847511518327785,5055.0,58028.0,1612.0,841.0
ANFC_002204.png,0.7739372268753327,0.6312378483951734,0.8434360928570426,0.7150198209198326,0.967521167297488,0.95658874511785,5.084166586553858,0.9202190537693722,0.748101888343474,4870.0,57821.0,1941.0,904.0
ANFC_002205.png,0.7236092860513702,0.5669183253854608,0.8276553106557805,0.6428015564758286,0.962094936082283,0.9518585205085471,11.180339887498949,0.8702099994230788,0.7046606845433777,4130.0,58251.0,2295.0,860.0
ANFC_002206.png,0.7607134010700132,0.6138317010565997,0.8832326718771261,0.6680443768396683,0.9754104964634395,0.9705200195317,13.118583949697703,0.835777109552056,0.6923582404291394,3071.0,60533.0,1526.0,406.0
ANFC_002208.png,0.8476213092754048,0.7355405962539125,0.9576960915877206,0.7602413915683179,0.9378714009762144,0.9412536621102715,5.385164807134504,0.9680097587847604,0.7589950205942414,10708.0,50978.0,3377.0,473.0
ANFC_002209.png,0.8050304516410255,0.6736828170721683,0.9210026242040537,0.7149982437853882,0.925539139213994,0.924774169923023,8.06225774829855,0.9041817293358704,0.6096390431921709,10178.0,50428.0,4057.0,873.0
ANFC_002210.png,0.8304098882200123,0.7100007770836895,0.9150726089218756,0.7600865152849109,0.9480837428678497,0.9430541992196191,4.47213595499958,0.9306292782009952,0.809767164975138,9137.0,52667.0,2884.0,848.0
ANFC_002211.png,0.7616069899022783,0.6149961956412121,0.7663994483435567,0.7568740955344451,0.9470473718374516,0.9150695800794211,31.21212873162328,0.8435967560166223,0.5145816350950766,8891.0,51079.0,2856.0,2710.0
ANFC_002212.png,0.8277385159095142,0.7061039939959722,0.870997727755526,0.7885730316262789,0.9595194614537988,0.9464416503914423,4.47213595499958,0.9130374415698252,0.7873329708349707,8433.0,53593.0,2261.0,1249.0
ANFC_002213.png,0.7942224723412952,0.6586807716506938,0.9135829107871849,0.702447117403364,0.9362503776647724,0.9330444335947717,4.460661191605523,0.931907233449473,0.7335516761361878,8468.0,52680.0,3587.0,801.0
ANFC_002214.png,0.7201905266091457,0.5627326110691645,0.7712536839978176,0.6754690757792645,0.9423599111340699,0.9193267822277936,30.476986967892085,0.8380795713016843,0.615079629080906,6804.0,53445.0,3269.0,2018.0
ANFC_002215.png,0.7201136196816634,0.5626387082296902,0.8862102218073518,0.6064505485765528,0.9166491963676336,0.9127960205091432,31.776522331110257,0.8128727796116586,0.6975947326296127,7352.0,52469.0,4771.0,944.0
ANFC_002216.png,0.7917509497364571,0.655287872629213,0.8347030063627688,0.7530030030261822,0.9529352860191167,0.9355926513681704,7.0710678118654755,0.8575093595650971,0.58090330620495,8024.0,53291.0,2632.0,1589.0
ANFC_002217.png,0.8176278300247134,0.6915147791868719,0.8831734960869073,0.7611390788367918,0.9412014944708097,0.9310455322276148,5.0,0.9410847235884516,0.6523831894139024,10130.0,50887.0,3179.0,1340.0
ANFC_002218.png,0.8202417450815717,0.6952625605056896,0.8876515902762832,0.762347700788527,0.9307963757762366,0.9221649169933752,13.208506184972277,0.8892116771596557,0.5701610139631166,11638.0,48797.0,3628.0,1473.0
ANFC_002219.png,0.8148654654923291,0.6875721209504055,0.8163447047666568,0.8133915773794695,0.9463269072215963,0.9173736572278234,5.0,0.9477953554139925,0.736321012368164,11917.0,48204.0,2734.0,2681.0
ANFC_002220.png,0.818967316449515,0.6934332367503051,0.8601490574432136,0.7815487571875758,0.9493451072407799,0.9338226318369474,4.0,0.9236031743126272,0.7732255871181185,9810.0,51389.0,2742.0,1595.0
ANFC_002221.png,0.7634413005297309,0.6173918802823106,0.8476086561331507,0.6944796245478299,0.9248047233135648,0.9118499755872826,8.246211251235321,0.8465482892080266,0.5408393310365144,9322.0,50437.0,4101.0,1676.0
ANFC_002222.png,0.7886287384181021,0.6510215021948287,0.8137889956210417,0.7649776035998755,0.9355532098659332,0.9105987548841767,5.830951894845301,0.8854234420777535,0.6880888333621936,10930.0,48747.0,3358.0,2501.0
ANFC_002223.png,0.7230792123543932,0.5662678682748393,0.7414301698971183,0.7056147144525059,0.9454088501939609,0.9148101806653625,8.0,0.8421377966976805,0.72071940215999,7289.0,52664.0,3041.0,2542.0
ANFC_002224.png,0.8279421534146895,0.7064004185815835,0.8656764266012315,0.7933601018711821,0.9624408131303634,0.9486236572273465,5.0,0.9246651126362864,0.7471299902433295,8101.0,54068.0,2110.0,1257.0
ANFC_002225.png,0.8196756295444049,0.6944494666701818,0.8643114311583808,0.7794237013210812,0.9616226521684503,0.948425292969537,5.385164807134504,0.9271368778874839,0.7922054379562646,7682.0,54474.0,2174.0,1206.0
ANFC_002226.png,0.7988333262967057,0.6650478603839353,0.9241979655786191,0.7034169582592558,0.9279722302587509,0.9273834228526706,7.615773105863909,0.8952257628132189,0.715452838111079,9449.0,51328.0,3984.0,775.0
ANFC_002227.png,0.7951911809472162,0.6600144092463966,0.8878658654886736,0.7200345830605962,0.9354920496951086,0.9279937744151613,5.0,0.9301687088508297,0.7215290216774392,9161.0,51656.0,3562.0,1157.0
ANFC_002228.png,0.819198117179995,0.6937642369238494,0.875808770679744,0.7694615506261281,0.9463314218507144,0.9343566894541268,5.0,0.9250904150870812,0.7883907322863868,9746.0,51488.0,2920.0,1382.0
ANFC_002229.png,0.7629915036671117,0.6168037696975638,0.7608117427090128,0.7651837907693269,0.9572086304963942,0.9267883300792422,6.985410196624915,0.8625322130458681,0.608050113091603,7723.0,53015.0,2370.0,2428.0
ANFC_002230.png,0.6722414581778113,0.5062979728885753,0.6706204379991371,0.6738703340309273,0.9569680630451236,0.9234466552746057,8.48528137423857,0.7587862842502879,0.6894711579035578,5145.0,55374.0,2490.0,2527.0
ANFC_002231.png,0.6302749638419523,0.46014707129911697,0.613063063106637,0.6484812388745109,0.947913724937378,0.9025421142592996,49.4368118241629,0.742299284584895,0.4657532801696364,5444.0,53705.0,2951.0,3436.0
ANFC_002232.png,0.8471681907822377,0.7348584451104515,0.8438852541677015,0.8504767701510979,0.973489685437789,0.9538421630866419,3.605551275463989,0.944982120589483,0.8745980219261474,8384.0,54127.0,1474.0,1551.0
ANFC_002233.png,0.7990708478680048,0.6653771760617053,0.8292011019577822,0.7710534742601579,0.9760581301905964,0.963043212891189,4.47213595499958,0.9297955415835163,0.7650978699617341,4816.0,58298.0,1430.0,992.0
ANFC_002234.png,0.8280502508720762,0.7065578123120564,0.9080440160446948,0.7610094366770797,0.9378774645543293,0.9325408935557169,5.0,0.9448109172231677,0.7898579203523844,10645.0,50470.0,3343.0,1078.0
ANFC_002235.png,0.8416289592845492,0.7265625000254313,0.926690391467771,0.7708703375004076,0.9593387735096253,0.9551391601569347,4.0,0.9539327244067987,0.8198839900931815,7812.0,54784.0,2322.0,618.0
ANFC_002236.png,0.8357163700188973,0.717794486262691,0.9030901829087471,0.777697320822285,0.9797956531042006,0.9742279052738309,4.242640687119285,0.9438482960770324,0.7528909556254006,4296.0,59551.0,1228.0,461.0
ANFC_002237.png,0.7591597459844187,0.6118110236602549,0.9278996865311391,0.6423478351098122,0.941176470589235,0.9398193359384184,12.739361740921217,0.8760701099806217,0.7592024715978429,6216.0,55376.0,3461.0,483.0
ANFC_002238.png,0.7475886630188658,0.5969194313114597,0.769708698332684,0.7267044908427056,0.9489931440477226,0.9221343994152508,4.47213595499958,0.8715056002327315,0.7346580938597389,7557.0,52876.0,2842.0,2261.0
ANFC_002239.png,0.7654930166527769,0.6200799404091809,0.8113642407755195,0.7245309902854009,0.9358584462273365,0.9144287109388058,9.219544457292887,0.8606516667995017,0.7490702741798647,9153.0,50775.0,3480.0,2128.0
ANFC_002240.png,0.7634475083613548,0.61740000003826,0.7909300538315488,0.7378107074883113,0.9619954962764248,0.941619873047766,12.165525060596439,0.839483018482387,0.5722148048450865,6174.0,55536.0,2194.0,1632.0
ANFC_002241.png,0.790066255859238,0.6529830742396429,0.8986087689820185,0.7049193882013295,0.9363224379114987,0.9308624267588675,6.119031448803912,0.9452308469788414,0.5940028379774417,8526.0,52479.0,3569.0,962.0
ANFC_002242.png,0.7911209949843044,0.6544252912956037,0.8719135802585409,0.7240313583805192,0.9328503301553035,0.922607421876181,5.0,0.9020537455533852,0.6384889866039115,9605.0,50859.0,3661.0,1411.0
ANFC_002243.png,0.7790745013041747,0.6381015894589195,0.8295044069022534,0.7344249712505533,0.9645824447673021,0.9503173828132582,8.704111011190218,0.8677726560295738,0.7192280815404111,5741.0,56539.0,2076.0,1180.0
ANFC_002244.png,0.8429313929395565,0.7285059743303831,0.8970132743476755,0.7950000000200981,0.9629885301620825,0.9538879394538288,5.0,0.9462285953448181,0.701752531474806,8109.0,54405.0,2091.0,931.0
ANFC_002245.png,0.7951256664269801,0.6599241466888951,0.8997179567690822,0.7123185709325991,0.9607972411001657,0.9548492431647515,17.114319240824823,0.8330119385079015,0.40315117599712086,5742.0,56835.0,2319.0,640.0
ANFC_002246.png,0.8092641737124601,0.6796336818478294,0.8999785361772936,0.735162619467418,0.9462627628171357,0.939682006836858,6.037243138634183,0.9562670582527224,0.5511968936422306,8386.0,53197.0,3021.0,932.0
ANFC_002247.png,0.7404184100852856,0.5878288600616984,0.7017766498408069,0.7835635849154928,0.9902058220057994,0.9763336181644238,74.29028887017638,0.7781751997913374,0.6743621840967456,2212.0,61773.0,611.0,940.0
ANFC_002248.png,0.7856219709381566,0.6469336171814642,0.7848612008094156,0.7863842173696015,0.9777384563535939,0.9595031738287431,7.0710678118654755,0.8504530354090784,0.5074493253228225,4863.0,58019.0,1321.0,1333.0
ANFC_002275.png,0.9136649041674791,0.8410525515369189,0.9131368177761426,0.9141936017265277,0.9805708937766856,0.9681091308598617,7.615773105863909,0.9813727638741554,0.6094454575933289,11059.0,52387.0,1038.0,1052.0
ANFC_002276.png,0.8563286478224735,0.748754129584593,0.8903389040621653,0.8248211201687132,0.9437813013452149,0.9315338134776073,10.0,0.9255890163492405,0.5887482976818578,13372.0,47677.0,2840.0,1647.0
ANFC_002277.png,0.8054681027421099,0.6742960188878974,0.8245971162150469,0.7872064777500237,0.9511033379237319,0.9283447265635935,6.708203932499369,0.9030983237627007,0.6760091900623278,9722.0,51118.0,2628.0,2068.0
ANFC_002278.png,0.789743589756739,0.6525423729172651,0.8431032180740949,0.7427361487186523,0.9623236342969951,0.9486999511726579,6.0,0.8472854542168985,0.7230839614270113,6314.0,55860.0,2187.0,1175.0
ANFC_002279.png,0.7637951911536155,0.6178548940307944,0.7729540481599165,0.7548508419732584,0.9469978377788805,0.9166564941418969,22.0,0.8557573616614891,0.59329841633067,8831.0,51243.0,2868.0,2594.0
ANFC_002280.png,0.7713925418980728,0.6278592375730343,0.8075182298456729,0.7383607311485963,0.9604737591615353,0.941909790039949,11.180339887498949,0.8633010675347889,0.5130043601788027,6423.0,55306.0,2276.0,1531.0
ANFC_002281.png,0.8282483997078623,0.7068463994532213,0.8849706875213208,0.7783593750173157,0.9477320461338344,0.9369506835947121,5.0,0.9419672614783827,0.7006426403468168,9963.0,51441.0,2837.0,1295.0
ANFC_002282.png,0.8498309995262053,0.7388748950735857,0.9236420887006505,0.7869438855592507,0.9670891321620491,0.9620361328130794,4.123105625617661,0.9322011400552418,0.8497084582286846,7040.0,56008.0,1906.0,582.0
ANFC_002283.png,0.8255640661343512,0.7029451691139146,0.8918008236696517,0.7684862563060726,0.9312393399909692,0.9232025146496095,6.082762530298219,0.9133268073456661,0.7720318308266637,11910.0,48593.0,3588.0,1445.0
ANFC_002284.png,0.8290191935350397,0.7079699248559443,0.9001912046079941,0.7682767624399026,0.976453420887201,0.9703674316410773,6.708203932499369,0.9056387179903184,0.7969444205855803,4708.0,58886.0,1420.0,522.0
ANFC_002285.png,0.8314365471514455,0.7115031239045382,0.876414667298231,0.790849673245333,0.9832455250501776,0.9760437011722407,10.04987562112089,0.858152741750704,0.5034385900344599,3872.0,60094.0,1024.0,546.0
ANFC_002286.png,0.7947544446580924,0.6594128816037078,0.8697746099268399,0.7316480311567577,0.9725577926924757,0.9644165039067931,5.0,0.8819690859532261,0.7947344570476781,4515.0,58689.0,1656.0,676.0
ANFC_002287.png,0.6610948600437636,0.49375780282556836,0.614607614682477,0.7151898734820998,0.9791349274693791,0.9505004882820054,56.32051136131489,0.6826092983575952,0.4873416652504082,3164.0,59128.0,1260.0,1984.0
ANFC_002288.png,0.7766010259989574,0.6347896659495753,0.9194749216458709,0.6721569751257295,0.9621227164422471,0.9588012695318787,7.644944591370294,0.8851869378076613,0.6056168139742093,4693.0,58143.0,2289.0,411.0
ANFC_002289.png,0.7480368395784743,0.5974910949980654,0.7944810544080557,0.7067228430652641,0.9736156888600261,0.9603424072271677,50.21155170568634,0.8506404113808149,0.6153887348149613,3858.0,59079.0,1601.0,998.0
ANFC_002290.png,0.8247771109011842,0.7018048393790356,0.9061459667213642,0.7568174527048639,0.9606070055094653,0.9541168212897627,5.0,0.95641420267781,0.7519152106091311,7077.0,55452.0,2274.0,733.0
ANFC_002291.png,0.8129635601519422,0.6848682423539918,0.9120839363347704,0.7332751600025912,0.951942561666691,0.9468994140633104,4.0,0.9566683956914787,0.7373766792769083,7563.0,54493.0,2751.0,729.0
ANFC_002292.png,0.7491708635456842,0.5989394088580046,0.8906250000159718,0.6464914140718157,0.9431740730653085,0.937683105469701,5.830951894845301,0.8671188608673865,0.6672267325368567,6099.0,55353.0,3335.0,749.0
ANFC_002293.png,0.780138814759195,0.6395308123880372,0.8368843070247687,0.7306000000538799,0.9779797616521231,0.968582153320792,11.598668929814698,0.9036050786091466,0.5942116602589573,3653.0,59824.0,1347.0,712.0
ANFC_002296.png,0.7689048540325224,0.6245698040364253,0.8108003108370629,0.7311262918670299,0.9745810425916642,0.9617156982427718,9.219544457292887,0.8527811880926398,0.602116515535553,4174.0,58853.0,1535.0,974.0
ANFC_002297.png,0.6842647437954849,0.5200626346603909,0.758492720594207,0.623269997742606,0.9741105540603532,0.962585449219321,81.34986037179273,0.7973975474780085,0.5055575535553891,2657.0,60427.0,1606.0,846.0
ANFC_002298.png,0.7753387534027548,0.6331046692151909,0.8485837164691408,0.7137333167377157,0.9609647407010875,0.9494018554695222,5.0,0.8692466815481875,0.7017182157057631,5722.0,56498.0,2295.0,1021.0
ANFC_002299.png,0.7082617821304845,0.5483013294611075,0.698663655242111,0.7181272974041154,0.975806585524205,0.9533386230475871,10.34626686976023,0.7823296243187994,0.47492659377043706,3712.0,58766.0,1457.0,1601.0
ANFC_002300.png,0.7461057644859505,0.59503085937727,0.8584474886167928,0.659764871089706,0.9682941984438437,0.9609527587896585,8.0,0.765962156066015,0.6535824646181537,3760.0,59217.0,1939.0,620.0
ANFC_002301.png,0.6229172008144278,0.4523454953639816,0.7219251338550653,0.5477908027286787,0.9842920457929261,0.9775543212894051,55.524742891462274,0.7077904689192808,0.5642715133648876,1215.0,62850.0,1003.0,468.0
ANFC_002302.png,0.8308983776066754,0.7107152720642481,0.9119418852034121,0.7630837657875339,0.9733186402195064,0.9680328369145504,12.806248474865697,0.8982761347129372,0.8054131423398835,5147.0,58294.0,1598.0,497.0
ANFC_002303.png,0.8184445612310534,0.6926840115974334,0.8653979719592446,0.7763239875668132,0.9692305055116096,0.9578247070318936,6.045519391663998,0.9001502672068792,0.7543952268266314,6230.0,56542.0,1795.0,969.0
ANFC_002305.png,0.8811321650813918,0.7875212224289031,0.9413495687527803,0.8281556864998968,0.9654280634333897,0.9618072509771454,7.0710678118654755,0.9526310775694753,0.5980393114134123,9277.0,53756.0,1925.0,578.0
ANFC_002306.png,0.8213806756611929,0.6969007369205786,0.9234635267197784,0.7396204715653111,0.9613467185692592,0.9573211669928389,5.0,0.9521193456569708,0.7131026923340574,6431.0,56308.0,2264.0,533.0
ANFC_002307.png,0.8194876004092462,0.6941795788941022,0.9274150743196106,0.734061548184638,0.9563448275869596,0.9530181884772795,19.779218295927766,0.8855854342743141,0.6285690259295318,6989.0,55468.0,2532.0,547.0
ANFC_002308.png,0.8363513968470986,0.7187319218189596,0.9323127720347723,0.7583007812795043,0.9663682842734977,0.9629058837896286,17.553777779106685,0.8711308080064323,0.6071588777033896,6212.0,56893.0,1980.0,451.0
ANFC_002309.png,0.7640901771526497,0.6182410423950174,0.8582022065729423,0.6885793063867974,0.9642375056249398,0.9552917480475573,5.385164807134504,0.8686726333598362,0.5846160106910958,4745.0,57861.0,2146.0,784.0
ANFC_002310.png,0.7227022781030706,0.5658056581051318,0.9211724012522897,0.5945945946422333,0.9425411788228013,0.9407501220712167,22.829803400339664,0.8242234190033318,0.4248689775282739,5060.0,56593.0,3450.0,433.0
ANFC_002311.png,0.821267679422668,0.6967380677542674,0.8465442764744553,0.7974567650256911,0.964620797498674,0.9479370117195445,6.082762530298219,0.9308070137056674,0.6315412809230156,7839.0,54285.0,1991.0,1421.0
ANFC_002312.png,0.6853273527264157,0.5212912538861433,0.6691653331365985,0.702289401599727,0.9372379479355005,0.8886718750016989,23.31735855088644,0.8227157301741198,0.5526723749586165,7945.0,50295.0,3368.0,3928.0
ANFC_002313.png,0.8583429418605525,0.7518395614087549,0.9275542897892886,0.7987431024065954,0.951639042358165,0.947509765625801,7.0710678118654755,0.9622961989638047,0.6744727242046851,10422.0,51674.0,2626.0,814.0
ANFC_002314.png,0.7978344003868073,0.6636643076943552,0.8260521398855724,0.771480804406558,0.9493526345847956,0.9282073974620331,8.54400374531753,0.8871641156193182,0.41620219180694024,9284.0,51547.0,2750.0,1955.0
ANFC_002315.png,0.8481825866569583,0.7363863203087647,0.9426907177860409,0.7708973571341584,0.975238316670953,0.9725952148441682,6.0,0.9123451419564695,0.7913685525489332,5017.0,58723.0,1491.0,305.0
ANFC_002316.png,0.8558117591640142,0.7479641274355259,0.9289463577097752,0.7933522851745733,0.9672585534869249,0.9626922607427569,3.605551275463989,0.9373871723092841,0.8042206356648609,7256.0,55835.0,1890.0,555.0
ANFC_002317.png,0.8027488457101498,0.670493273572153,0.8955438428491203,0.727378867510471,0.9510037070722703,0.9439392089852305,6.0,0.8945103374859648,0.6235293667318516,7476.0,54386.0,2802.0,872.0
ANFC_002318.png,0.7765696687966458,0.6347477653719564,0.7824214792575455,0.7708047411390138,0.9681297709929193,0.9457550048836403,36.0,0.8305020229188139,0.6284908817208734,6178.0,55803.0,1837.0,1718.0
ANFC_002319.png,0.7543336084986771,0.6055663166881877,0.8613689095328642,0.6709589969873536,0.9503240109148989,0.9409637451180884,6.692949947745988,0.8642649456171033,0.634199611093075,5940.0,55727.0,2913.0,956.0
ANFC_002320.png,0.728096249128186,0.5724460271850697,0.7831117426384744,0.6803032975065859,0.9348813821106104,0.9120635986341544,8.0,0.8235575317408941,0.6467020634277384,7716.0,52057.0,3626.0,2137.0
ANFC_002321.png,0.7417636614818796,0.5895264973603307,0.7262612995653047,0.7579422673957473,0.9429201604787154,0.9001312255874615,14.7648230602334,0.8189229460813011,0.5677341734518395,9400.0,49591.0,3002.0,3543.0
ANFC_002322.png,0.7490911683031901,0.5988375406234636,0.8107545132070086,0.6961446741059788,0.9127515501975738,0.8925781250016392,8.0,0.8228180854038598,0.6915077844412518,10509.0,47987.0,4587.0,2453.0
ANFC_002323.png,0.7999756439262026,0.6666328394898892,0.7922093584428113,0.8078957078086465,0.9727132974639663,0.9498748779304524,5.0,0.8948975121234968,0.6697837672735856,6569.0,55682.0,1562.0,1723.0
ANFC_002324.png,0.7717916592170471,0.6283882250289485,0.819211186274093,0.7295614510199269,0.9237069706183304,0.9027252197280469,6.082762530298219,0.8858037530670472,0.5583693055833785,10780.0,48381.0,3996.0,2379.0
ANFC_002325.png,0.8560071549311336,0.7482626824402134,0.9217763509982048,0.7989982376589372,0.9614351052666542,0.9557800292975499,4.242640687119285,0.966287228915691,0.6951914261451503,8614.0,54024.0,2167.0,731.0
ANFC_002326.png,0.7922887526956734,0.6560249848480936,0.9183871751374317,0.6966374942702315,0.9425325468580061,0.9394989013681108,6.0,0.8973305467393597,0.6064416873001925,7562.0,54009.0,3293.0,672.0
ANFC_002327.png,0.8062551687988682,0.6753999244646177,0.8920312760119729,0.7355281207495846,0.9676102477955882,0.9606781005865376,6.708203932499369,0.9328318758327361,0.5498828660187718,5362.0,57597.0,1928.0,649.0
ANFC_002328.png,0.7887179487287836,0.6511430990981251,0.817824098711281,0.7616123601305722,0.9571196978612025,0.9371337890634593,11.679022238102196,0.8393335962729084,0.6398233783119878,7690.0,53726.0,2407.0,1713.0
ANFC_002329.png,0.662661219285215,0.49550736797705675,0.6282849765109699,0.7010169492032174,0.970077858633656,0.935745239258793,16.0,0.7688098611329607,0.5506789869175647,4136.0,57189.0,1764.0,2447.0
ANFC_002330.png,0.7855149588042368,0.6467885006255436,0.8659321791578292,0.7187648456391016,0.9595538627092839,0.9495697021492071,6.324555320336759,0.8746645287426742,0.6621483688007079,6052.0,56179.0,2368.0,937.0
ANFC_002331.png,0.8038426587128893,0.6720208378791679,0.8144510698163406,0.7935070482876115,0.9553498854659841,0.930831909180743,6.0,0.8995078185640032,0.6180970695881024,9288.0,51715.0,2417.0,2116.0
ANFC_002332.png,0.8192250688198507,0.6938028977410843,0.9043567688945067,0.7487421627255405,0.940809628009832,0.9348602294931816,4.0,0.9663761054735039,0.7056101524038921,9673.0,51594.0,3246.0,1023.0
ANFC_002333.png,0.7342091434716653,0.5800398539040154,0.8017904281186973,0.677134826046609,0.9413793710303684,0.9228210449230527,9.433981132056603,0.8243502112892757,0.5997622248881982,6986.0,53492.0,3331.0,1727.0
ANFC_002334.png,0.8019286892651993,0.669349714078654,0.9406161631283501,0.6988831140441355,0.9537038611293724,0.952362060547602,5.0,0.9370443604013104,0.7140679550125778,6320.0,56094.0,2723.0,399.0
ANFC_002335.png,0.8041080258736272,0.6723918575295171,0.9041056833392791,0.7240277038036359,0.9340895044909643,0.9292755126963917,5.0,0.9290002123455767,0.6753659275318955,9513.0,51388.0,3626.0,1009.0
ANFC_002336.png,0.7776037133868521,0.6361306246785523,0.7889098187204014,0.7666170918926191,0.9642368780904556,0.94151306152433,5.830951894845301,0.9039978732021055,0.6403682828336829,6701.0,55002.0,2040.0,1793.0
ANFC_002337.png,0.7977852011258049,0.6635962241425399,0.8710031974549357,0.7359223301193818,0.9436680593584558,0.9325714111338415,5.0990195135927845,0.9128584795435707,0.6686509444226347,8717.0,52400.0,3128.0,1291.0
ANFC_002338.png,0.7996048546523847,0.6661180343548775,0.8871607515775406,0.7277787292577685,0.9431875044688114,0.934997558594742,7.0,0.8497126266146654,0.7671945605244203,8499.0,52777.0,3179.0,1081.0
ANFC_002339.png,0.8021910604819373,0.6697153728199521,0.8745461494482566,0.7408936377091716,0.9418739785737811,0.931121826172926,5.0,0.9043951623889436,0.7834023541849655,9153.0,51869.0,3201.0,1313.0
ANFC_002340.png,0.9193174202237812,0.8506821868284818,0.9262414294695365,0.9124961621213288,0.984707565730912,0.976119995117552,4.47213595499958,0.9999994967428864,0.6541861704610176,8916.0,55055.0,855.0,710.0
ANFC_002341.png,0.7686176101728085,0.6241908415698645,0.8287442304904116,0.7166253785140896,0.9652507046062604,0.9521636962897926,45.932484955160945,0.7654322489358628,0.4197193872771669,5207.0,57194.0,2059.0,1076.0
ANFC_002343.png,0.7771316095752767,0.6354989757630233,0.8154337214015333,0.7422662793125506,0.9749543265242492,0.9619903564458926,17.90293863659251,0.8918086016480948,0.6653502518351797,4343.0,58702.0,1508.0,983.0
ANFC_002344.png,0.7998168708023559,0.6664123593998832,0.7872915728284606,0.8127471505436735,0.9868244459722606,0.9733123779300948,12.165525060596439,0.8927530011830307,0.6357611777074106,3494.0,60293.0,805.0,944.0
ANFC_002345.png,0.7016720446316116,0.5404428378806048,0.6967666764646762,0.70664697202167,0.9840104342787948,0.9689636230473487,8.0,0.8471376140466382,0.4683643333390381,2392.0,61110.0,993.0,1041.0
ANFC_002346.png,0.7708983413087702,0.6272047034668079,0.7789578493929779,0.7630039012473979,0.988340290773182,0.9787139892581375,5.327935748426147,0.8847890292309191,0.7310417907388406,2347.0,61794.0,729.0,666.0
ANFC_002347.png,0.8050568900372874,0.67371984772033,0.8827280288653374,0.7399488729398213,0.9819309208935728,0.9764709472659842,8.94427190999916,0.9068225821706057,0.5948896408051823,3184.0,60810.0,1119.0,423.0
ANFC_002348.png,0.7661455525732536,0.6209367354403236,0.8080509438471627,0.7283722837506793,0.9532973811294403,0.9338073730478851,9.0,0.8772669916912387,0.4524532838807586,7106.0,54092.0,2650.0,1688.0
ANFC_002351.png,0.7363030014606595,0.582657870012694,0.7960339943868056,0.6849102593208707,0.9769354289332728,0.9662170410161406,55.55103982125221,0.7681299445725601,0.5746387458814305,3091.0,60231.0,1422.0,792.0
ANFC_002352.png,0.7107516651267441,0.5512915130255125,0.8753906250486755,0.5982381207692904,0.9761020071142006,0.9721679687504248,5.385164807134504,0.834419013706509,0.6252838671062688,2241.0,61471.0,1505.0,319.0
ANFC_002353.png,0.6462536023479523,0.4773815860426855,0.6616670765523317,0.6315418916612199,0.9744586702244309,0.955047607422561,10.017456467392307,0.6926096162498218,0.6382201196461351,2691.0,59899.0,1570.0,1376.0
ANFC_002354.png,0.6628626692782531,0.4957326776369546,0.6966863184190513,0.6321711861958732,0.9671049375593133,0.9468078613289368,14.560219778561036,0.7129393843817271,0.5982329741600271,3427.0,58623.0,1994.0,1492.0
ANFC_002355.png,0.648973667914374,0.4803560468138871,0.7786069652842752,0.5563455387286366,0.9803545005197816,0.9741668701175817,6.082762530298219,0.756302027286023,0.6486427821094122,1565.0,62278.0,1248.0,445.0
ANFC_002357.png,0.7245354034668859,0.568056067951299,0.7345575960566282,0.7147830123660285,0.9799651141942851,0.9642639160161703,12.083045973594572,0.8520031758912764,0.639128803983633,3080.0,60114.0,1229.0,1113.0
ANFC_002358.png,0.7412484042369651,0.588875840761303,0.7208572922476664,0.7628267183290242,0.9703717780393482,0.9412384033212092,8.54400374531753,0.8754009542846664,0.561628980555673,5516.0,56169.0,1715.0,2136.0
ANFC_002359.png,0.766680423733204,0.6216397100254725,0.8024478042041112,0.7339654945694765,0.9655237152469573,0.9482421875007898,13.892443989449804,0.8135781893577919,0.5940732337697359,5573.0,56571.0,2020.0,1372.0
ANFC_002360.png,0.42040816346244625,0.2661498711170759,0.6652314320072859,0.30730979646578327,0.978438868853554,0.9739990234378969,152.50983029773607,0.44576814797600445,0.39239482457595753,618.0,63214.0,1393.0,311.0
ANFC_002361.png,0.7622002821098072,0.6157702826472545,0.7645727221723122,0.7598425197300632,0.978733294596518,0.9614105224615265,8.06225774829855,0.9029614224259402,0.5498302281534753,4053.0,58954.0,1281.0,1248.0
ANFC_002362.png,0.7855109334432424,0.6467830424292486,0.8054658385334825,0.7665208653781155,0.9656438089279886,0.9459686279305121,9.055385138137417,0.8352649705589168,0.5976082818297798,6484.0,55511.0,1975.0,1566.0
ANFC_002363.png,0.6821044595914432,0.5175709596912946,0.6101752788970891,0.7732583297600955,0.9722995594718538,0.923751831055851,18.0,0.7637762409202651,0.44927083894374564,5361.0,55178.0,1572.0,3425.0
ANFC_002368.png,0.8569375288816314,0.749685647588496,0.8388101698483761,0.8758656873162786,0.9787172798420668,0.9574737548834615,8.06225774829855,0.9402394080051246,0.5181150724068945,8347.0,54402.0,1183.0,1604.0
ANFC_002369.png,0.45004965254219464,0.29036391612240803,0.4037776195995091,0.508299686178421,0.9825282958714725,0.9577484130865823,46.09772228646444,0.5059688737291641,0.45941285891044764,1133.0,61634.0,1096.0,1673.0
ANFC_002370.png,0.6302414232432525,0.4601113175045866,0.6613333335591111,0.6019417478143557,0.9897557623838191,0.9822387695315211,13.416407864998739,0.7021857984195791,0.6113491977721615,992.0,63380.0,656.0,508.0
ANFC_002371.png,0.738513113810046,0.5854306706916631,0.778262676687809,0.7026266417068242,0.9738982939204615,0.9595336914068676,6.324555320336759,0.8166752859174636,0.6663230421326282,3745.0,59139.0,1585.0,1067.0
ANFC_002372.png,0.7600446429017773,0.6129612962457363,0.7160883281752233,0.8097502973405667,0.9923424213902917,0.9803161621096754,7.0710678118654755,0.8411631636535095,0.7877961155110247,2043.0,62203.0,480.0,810.0
ANFC_002535.png,0.8195991091452577,0.6943396226812831,0.9073286856134453,0.7473389356096164,0.9697594501723282,0.9641571044927345,7.0710678118654755,0.8719633149381384,0.7615990088619504,5336.0,57851.0,1804.0,545.0
ANFC_002536.png,0.8080969079043518,0.6779887671361357,0.976878612725673,0.689045936480281,0.9818242481056573,0.9816284179690304,13.416407864998739,0.9215682951640317,0.6406640748862508,2535.0,61797.0,1144.0,60.0
ANFC_002537.png,0.8421628189646316,0.7273585895972968,0.9471166985587433,0.7581492015140944,0.9620220550351778,0.96035766601623,4.123105625617661,0.945574511019367,0.8043100857584558,6931.0,56007.0,2211.0,387.0
ANFC_002538.png,0.7533772760064362,0.6043346246880604,0.9132911392542261,0.6411196268309319,0.9454370440430722,0.9423370361336925,8.54400374531753,0.8740288442181746,0.7054311948264246,5772.0,55985.0,3231.0,548.0
ANFC_002539.png,0.8497703323629059,0.7387831807050074,0.9052964882253033,0.8006619145110331,0.987383584157981,0.983032226562759,5.0,0.9391646155747324,0.8521888665778352,3145.0,61279.0,783.0,329.0
ANFC_002540.png,0.788511267104866,0.6508614118538099,0.9627875507526416,0.6676571786569194,0.9652220876572744,0.9650573730474082,5.0,0.9469610309846218,0.6602026592606323,4269.0,58977.0,2125.0,165.0
ANFC_002541.png,0.8795268691676748,0.784960250256098,0.9427140397647967,0.8242780895272646,0.9782913757252558,0.9748229980472592,3.0,0.9894279909825772,0.9032629799520348,6023.0,57863.0,1284.0,366.0
ANFC_002542.png,0.8558082360349345,0.7479587452196048,0.8808198380868371,0.8321778628180305,0.9886009353080573,0.9821014404299607,4.018465843842632,0.9801694691035067,0.857739703878017,3481.0,60882.0,702.0,471.0
ANFC_002543.png,0.8889877359160585,0.8001601464424434,0.9206370097498504,0.8594421919327384,0.9802547550833606,0.9733428955082194,3.0,0.9733453080866384,0.8766967703241789,6995.0,56794.0,1144.0,603.0
ANFC_002544.png,0.9024271053957311,0.8222024339698574,0.9127605239383177,0.8923250382626782,0.974961140139428,0.963439941406808,3.1622776601683795,0.9815192054298177,0.8260728406844111,11080.0,52060.0,1337.0,1059.0
ANFC_002545.png,0.8780854529660337,0.7826669645336906,0.9115504682852366,0.8469905729158832,0.9897393503211156,0.9851531982424142,3.0,0.9984491092434598,0.8613550302643982,3504.0,61059.0,633.0,340.0
ANFC_002546.png,0.8875600891209333,0.7978499157255796,0.9486215538975886,0.8338841154805278,0.9877490007476075,0.9853668212892859,15.524174696260024,0.9300043938388768,0.8039424667489699,3785.0,60792.0,754.0,205.0
ANFC_002547.png,0.8522800718238938,0.7425854086168708,0.9253079682012618,0.7899361022643855,0.9733098794044059,0.9686126708989166,4.0,0.9681764452106887,0.8132844869668086,5934.0,57545.0,1578.0,479.0
ANFC_002548.png,0.9028744867074742,0.8229454841622547,0.8816248256831198,0.9251738016968215,0.9931605351171713,0.9833984375002535,3.0,0.9876240594451194,0.9072856967169403,5057.0,59391.0,409.0,679.0
ANFC_002549.png,0.8354098360925558,0.7173423424219194,0.9647860658974684,0.7366290836262998,0.9855155417762061,0.9846801757814839,4.0,0.9883715892219043,0.7089900527479385,2548.0,61984.0,911.0,93.0
ANFC_002550.png,0.8357580398267127,0.7178559684623637,0.8966319824895083,0.7826242830087686,0.9687628795169535,0.9607238769537244,5.0,0.9489029866692552,0.7953579386471467,6549.0,56413.0,1819.0,755.0
ANFC_002551.png,0.8768626473048904,0.7807261019450732,0.9140777330151986,0.8425593098678937,0.9772833359269526,0.9698638916020225,7.0,0.9193300826076167,0.7762192617817574,7032.0,56529.0,1314.0,661.0
ANFC_002554.png,0.7749218006562054,0.632548845552276,0.9720232002824896,0.6442786070456176,0.9748742113253753,0.974746704101948,88.29552463226293,0.8221569479553231,0.6075934803214655,2849.0,61032.0,1573.0,82.0
ANFC_002555.png,0.8840734162363442,0.7922325976671831,0.9145026947784167,0.8556039422746724,0.9897484297199572,0.9850616455080405,2.8284271247461903,0.985709709254143,0.8863062403346688,3733.0,60824.0,630.0,349.0
ANFC_002556.png,0.7757471511743983,0.6336494556316035,0.9764546684772788,0.6434813626460707,0.9676751669609535,0.9681701660161108,8.687811927781759,0.8678417317307948,0.7093490912791314,3608.0,59842.0,1999.0,87.0
ANFC_002557.png,0.855213023908601,0.7470499243825467,0.8655059593520091,0.8451620264895982,0.9761837902352455,0.9617309570318341,4.0,0.9372615957108892,0.8397655502228211,7407.0,55621.0,1357.0,1151.0
ANFC_002558.png,0.7554259799421849,0.6069755336444602,0.8848975461965854,0.65900527512076,0.9706087719018137,0.965438842773965,12.0,0.8692280672013427,0.7533271255078738,3498.0,59773.0,1810.0,455.0
ANFC_002559.png,0.8285210491703194,0.7072436501021178,0.9188462478809958,0.7543648405068503,0.9800797461147355,0.9762573242191124,4.123105625617661,0.9703645055149969,0.7506283585647179,3759.0,60221.0,1224.0,332.0
ANFC_002560.png,0.8214310121081507,0.6969732112145456,0.9108820854939554,0.7479775980400775,0.9656418609391965,0.960128784180296,30.485844330589977,0.9055253495574485,0.7035345353789532,6010.0,56913.0,2025.0,588.0
ANFC_002561.png,0.8077172503398413,0.6774544466035552,0.8882153681782465,0.7405975918328234,0.9708812388410752,0.9638061523443023,5.0,0.9282051917353946,0.7553830128087182,4982.0,58182.0,1745.0,627.0
ANFC_002562.png,0.8632231696241827,0.7593602777387354,0.9016634771232647,0.8279264666358574,0.9783293328570497,0.9703826904301396,4.0,0.933085198812404,0.7965527926887276,6125.0,57470.0,1273.0,668.0
ANFC_002563.png,0.8213500785069584,0.6968566862417612,0.8705490848801083,0.7774145616972639,0.9748345260898627,0.96527099609428,4.123105625617661,0.9041933830816589,0.8547481536355507,5232.0,58028.0,1498.0,778.0
ANFC_002564.png,0.8735163861936656,0.775436389404712,0.9572898466400136,0.8032252810224425,0.9799950318791091,0.9782104492190826,4.123105625617661,0.9586549940193378,0.7933837971581419,4931.0,59177.0,1208.0,220.0
ANFC_002565.png,0.8799395379097452,0.7856178909223793,0.9161420863497881,0.8464894059313481,0.9879026977477098,0.983032226562759,4.0,0.9569088591635625,0.7593264928003612,4075.0,60349.0,739.0,373.0
ANFC_002566.png,0.81000663320288,0.6806816372542314,0.927316120649313,0.7190444145829333,0.9725901488671264,0.9694061279301545,17.11724276862369,0.8205041710599453,0.7051023748551999,4274.0,59257.0,1670.0,335.0
ANFC_002567.png,0.7497938616811916,0.5997361864869212,0.7448125227985415,0.7548422800673598,0.9778654941544608,0.9583282470709484,13.43687676513997,0.8391976549407155,0.6643770704425264,4092.0,58713.0,1329.0,1402.0
ANFC_002569.png,0.8330455330516181,0.7138629283934793,0.9256715815137,0.7572703238999884,0.9757530741936824,0.9719696044926153,3.0,0.9748767607543379,0.8403636125811123,4583.0,59116.0,1469.0,368.0
ANFC_002570.png,0.7190736208134934,0.5613699838951388,0.785802469179876,0.6627906977329415,0.9679774540185909,0.9544677734381949,6.227838204321321,0.8017348948746292,0.6507182076859421,3819.0,58733.0,1943.0,1041.0
ANFC_002571.png,0.6800894855182532,0.5152542374250695,0.8875912409306126,0.5512239348591044,0.9766071738004032,0.9738159179691497,123.63895619467353,0.7049473965391656,0.5557827697834834,1824.0,61996.0,1485.0,231.0
ANFC_002572.png,0.7844300278168409,0.6453186947600571,0.8669762360192603,0.7162360374911163,0.9567973339753875,0.94676208496175,8.0,0.9205031993089329,0.4972212939115032,6348.0,55699.0,2515.0,974.0
ANFC_002573.png,0.8869956379575384,0.7969381506678581,0.9024965326071434,0.8720182256939134,0.9836265130476353,0.9747009277347611,3.605551275463989,0.9756796714665084,0.8215052601593773,6507.0,57371.0,955.0,703.0
ANFC_002574.png,0.8741855904943902,0.7764917406701324,0.9252811997957577,0.8284378372103539,0.9753564786117077,0.9696502685551507,4.0,0.9842220550098083,0.7800403063273397,6910.0,56637.0,1431.0,558.0
ANFC_002575.png,0.890054617832874,0.8018904642868007,0.9253769650352661,0.8573296873227125,0.9519529138565404,0.9456329345711422,5.0,0.9872346720772404,0.7149858187576043,14422.0,47551.0,2400.0,1163.0
ANFC_002576.png,0.8960753819460217,0.8117179083606764,0.9374102785015398,0.858231840895625,0.9706282789048118,0.9653320312505291,4.123105625617661,0.9808721113888647,0.7725876101907054,9795.0,53469.0,1618.0,654.0
ANFC_002577.png,0.8447222616959282,0.7311854402691607,0.9143472243711599,0.7849504950778944,0.9724052648523299,0.966644287109884,5.0,0.9237502827510006,0.7335273584292274,5946.0,57404.0,1629.0,557.0
ANFC_002578.png,0.8528795811646702,0.7434961205319495,0.93513203215937,0.7839268527776826,0.9776653954571768,0.9742736816410177,4.0,0.9966550162349116,0.7448433989740797,4887.0,58963.0,1347.0,339.0
ANFC_002579.png,0.7971098746119832,0.6626622480443715,0.8490799717181388,0.7511347629126414,0.9734486674241292,0.9627227783208814,7.0710678118654755,0.9072786347482729,0.6397455803873626,4799.0,58294.0,1590.0,853.0
ANFC_002580.png,0.7693272979980582,0.6251274581482064,0.9504983388759138,0.6461642701463401,0.9168229922500828,0.921463012696511,67.07793735874398,0.7240850800958604,0.642766329607391,8583.0,51806.0,4700.0,447.0
ANFC_002581.png,0.8672208105488083,0.7655691582567433,0.8915257239093664,0.8442059366221528,0.9657467322978864,0.9529571533210304,3.605551275463989,0.9583154157170641,0.8079581710812024,10068.0,52385.0,1858.0,1225.0
ANFC_002582.png,0.8798355447654747,0.7854521188093146,0.9508549885618884,0.8186876884049747,0.9730850642762208,0.9705657958988867,5.0,0.938992338946112,0.8208268881432665,7062.0,56545.0,1564.0,365.0
ANFC_002583.png,0.865124761679091,0.762308254234871,0.9434098716428476,0.7988364972751322,0.9781018248482943,0.9751739501956914,3.1622776601683795,0.9702689738803396,0.8548104211653456,5218.0,58691.0,1314.0,313.0
ANFC_002584.png,0.9035868735772419,0.824129930421635,0.9282229965281842,0.8802246819956675,0.9878754431736592,0.9826507568362023,3.0,0.9865120222118332,0.8984382464755342,5328.0,59071.0,725.0,412.0
ANFC_002585.png,0.8821551687499615,0.7891570852212627,0.9477823502562613,0.8250278618193737,0.9597443270277148,0.9577484130865823,3.605551275463989,0.9890941425755522,0.8297702953510012,10364.0,52403.0,2198.0,571.0
ANFC_002586.png,0.840621481655455,0.7250621504253371,0.8864089657245314,0.7993319630182141,0.9574054211289944,0.9459991455086366,5.0,0.9582820545946108,0.8092323993864802,9333.0,52664.0,2343.0,1196.0
ANFC_002587.png,0.769287833870681,0.6250753467073311,0.8133333334065359,0.7297677692717214,0.9878068142128758,0.9810180664065398,13.130038112453779,0.8360529675969445,0.7907718168223717,2074.0,62218.0,768.0,476.0
ANFC_002588.png,0.8652008748860135,0.7624264557187205,0.8971114824786078,0.8354824366750816,0.9879374704551496,0.9821319580080853,3.605551275463989,0.9681698254072648,0.8295430316939361,3758.0,60607.0,740.0,431.0
ANFC_002589.png,0.8433901183546468,0.7291915206268522,0.8837726615633664,0.8065367438280008,0.9662923335402548,0.9549713134772497,5.0,0.9212650174975259,0.7787034980834184,7946.0,54639.0,1906.0,1045.0
ANFC_002590.png,0.8013391522806637,0.6685286783373039,0.807178128410553,0.7955840456083115,0.969912463090002,0.9492950439460863,5.830951894845301,0.9218973580025708,0.730985670689264,6702.0,55511.0,1722.0,1601.0
ANFC_002591.png,0.8608956360414555,0.7557653743519581,0.8892930882028027,0.8342556724004561,0.9675426713633606,0.9553985595709932,4.47213595499958,0.9545013753530094,0.6834563804023444,9045.0,53568.0,1797.0,1126.0
ANFC_002592.png,0.8961549750574608,0.8118485428832325,0.916546589827504,0.8766509704976857,0.98122640190216,0.9730072021488495,3.0,0.9940771050788741,0.814372274761774,7633.0,56134.0,1074.0,695.0
ANFC_002593.png,0.8702634173918676,0.7703241895548224,0.9490015361061441,0.8035900104313749,0.9744180530617962,0.971893310547304,3.1622776601683795,0.98951615743749,0.7661474873905844,6178.0,57516.0,1510.0,332.0
ANFC_002594.png,0.8581206067463818,0.7514984610802692,0.9090730942760977,0.8125766334187114,0.9822944417787914,0.9765930175784823,4.47213595499958,0.9747392490387697,0.7079527481216462,4639.0,59363.0,1070.0,464.0
ANFC_002595.png,0.8601503759503646,0.7546174142803935,0.9373975745759755,0.7946651848020748,0.9751320792816379,0.9716186523441832,5.0990195135927845,0.9739545084879027,0.5635711288251665,5720.0,57956.0,1478.0,382.0
ANFC_002596.png,0.8551123745353902,0.746896337717738,0.9098298676919037,0.8066029831059824,0.9808452013414858,0.9751129150394423,5.830951894845301,0.9602575081132118,0.679128031953891,4813.0,59092.0,1154.0,477.0
ANFC_002597.png,0.8718396576624672,0.7727976467121228,0.925380051916446,0.8241558656134602,0.9610944692050651,0.955215454102246,3.605551275463989,0.9755871700481029,0.8634307023564027,9983.0,52618.0,2130.0,805.0
ANFC_002598.png,0.8800066895325691,0.7857249515028035,0.9282060328226838,0.8365659777684314,0.9828286034044995,0.9781036376956467,3.605551275463989,0.9798989844535738,0.8454279718968943,5262.0,58839.0,1028.0,407.0
ANFC_002599.png,0.8879898021455418,0.79854465711737,0.8919942100109126,0.8840211873886535,0.9814163203964033,0.9691619873051581,3.0,0.9798888398658538,0.8748379106867629,8011.0,55504.0,1051.0,970.0
ANFC_002600.png,0.795289855109549,0.6601503760420601,0.8330170778622326,0.7608318891643564,0.989030381075197,0.9827575683596382,16.278820596099706,0.871006639015947,0.6991774789419339,2195.0,62211.0,690.0,440.0
ANFC_002601.png,0.8276814485456987,0.7060209424853349,0.8465160075811312,0.8096667667938556,0.9898315958301551,0.9828643798830741,4.0,0.9894731807881656,0.6931635972275868,2697.0,61716.0,634.0,489.0
ANFC_002602.png,0.8454433497774871,0.7322666667380622,0.9368816103934214,0.7702664797278355,0.9869179777975094,0.9846801757814839,4.0,0.9454483832717174,0.7793906620826099,2746.0,61786.0,819.0,185.0
ANFC_002603.png,0.8459856295028128,0.7330806713950893,0.8297839742868417,0.8628325633482822,0.9854090054062022,0.9699096679692093,4.47213595499958,0.9570218388770811,0.7902145905792424,5416.0,58148.0,861.0,1111.0
ANFC_002604.png,0.8490889603591545,0.7377537717009212,0.9076535288937548,0.7976238421672122,0.9835709147978884,0.978515625000328,3.0,0.9412966066104015,0.9048979226180321,3961.0,60167.0,1005.0,403.0
ANFC_002605.png,0.8460375075852938,0.7331585846046766,0.8574494175789548,0.8349253731836044,0.9911198895206488,0.9844665527346121,4.0,0.9214259077940646,0.868410813298797,2797.0,61721.0,553.0,465.0
ANFC_002606.png,0.7887928052723077,0.651245145116376,0.8768071362847113,0.7168364139674542,0.9618524917850416,0.9534149169928985,7.0710678118654755,0.8971751900273265,0.7766591684081946,5701.0,56782.0,2252.0,801.0
ANFC_002607.png,0.8348939196592516,0.7165818922245001,0.9444891391942909,0.7480883602914,0.9808112349736954,0.9787445068362619,4.123105625617661,0.9877295583056758,0.6216298271664157,3522.0,60621.0,1186.0,207.0
ANFC_002608.png,0.8684523024319234,0.7674906716960143,0.9378740382052225,0.8085995086465357,0.9874409531335154,0.9847869873049198,4.0,0.9839874578787824,0.7690530249790389,3291.0,61248.0,779.0,218.0
ANFC_002609.png,0.8226028253753466,0.6986621363986701,0.9090909091160291,0.7511415525682325,0.9823957879099052,0.978347778320643,5.0,0.9182278588706756,0.7430472538740612,3290.0,60827.0,1090.0,329.0
ANFC_002610.png,0.8713101161075771,0.7719659124972184,0.9332149200947727,0.8171073095436681,0.9906251494716184,0.9881591796876807,3.0,0.9548402515643816,0.8787208856376465,2627.0,62133.0,588.0,188.0
ANFC_002611.png,0.8430640585453887,0.7287041817593309,0.9577608142565291,0.7529003867511801,0.9689307691023133,0.9679260253911145,12.165525060596439,0.8883350674858196,0.7846838935119732,5646.0,57788.0,1853.0,249.0
ANFC_002612.png,0.8238646924091528,0.700484618657766,0.8889037433303605,0.767694261659428,0.9653438059810296,0.9566192626959745,4.123105625617661,0.9448308205230534,0.7359778485898116,6649.0,56044.0,2012.0,831.0
ANFC_002617.png,0.8815473330272048,0.7881847476287465,0.9290959736821737,0.8386285714654562,0.9885365418028393,0.9849548339846047,3.605551275463989,0.9674943723475188,0.8537442503568253,3669.0,60881.0,706.0,280.0
ANFC_002618.png,0.8476190476424549,0.7355371901531492,0.8670647391995396,0.8290264423590665,0.990874683260242,0.984863281250231,4.0,0.9297111853986634,0.8622490324870518,2759.0,61785.0,569.0,423.0
ANFC_002620.png,0.8869915807082899,0.7969316002989704,0.9142019066452697,0.8613542146795591,0.990202620229633,0.9854583740236595,3.6252737116907716,0.9769433941762958,0.8072648742199845,3740.0,60843.0,602.0,351.0
ANFC_002621.png,0.8355323719184516,0.7175230567279254,0.8244020587876469,0.8469673406385794,0.9920942265358879,0.9836425781252497,6.501864766455043,0.936162110247201,0.8453504423369245,2723.0,61741.0,492.0,580.0
ANFC_002622.png,0.8150549252822749,0.6878419453361942,0.9382255389846132,0.7204711875643949,0.9710765581767842,0.9686584472661034,4.0,0.9410011954081173,0.7529154412828302,4526.0,58956.0,1756.0,298.0
ANFC_002623.png,0.845916114807294,0.732976281611902,0.9630560442415039,0.754182247637437,0.9797098624042804,0.9786987304690752,6.708203932499369,0.9800497168959155,0.5944966461692306,3832.0,60308.0,1249.0,147.0
ANFC_002626.png,0.8306985166215823,0.7104228707908966,0.8034487404279337,0.8598615917157062,0.983273966238479,0.9629058837896286,6.324555320336759,0.9144532629174638,0.7342782794769526,5964.0,57141.0,972.0,1459.0
ANFC_002627.png,0.8725720756142695,0.7739493201832588,0.8856082036977355,0.8599141631141778,0.9863727454912096,0.9776763916019032,4.47213595499958,0.9672126129474891,0.7252817307201405,5009.0,59064.0,816.0,647.0
ANFC_002630.png,0.8689685219617723,0.768297380630143,0.918701059438346,0.8243438727372713,0.986109749322056,0.9816436767580927,3.1622776601683795,0.9712793804993511,0.8324630958286143,3989.0,60344.0,850.0,353.0
ANFC_002631.png,0.8510588510762772,0.740733197608812,0.9282797345767535,0.7856988550905812,0.9839008082056558,0.980575561523734,3.0,0.9748851105799208,0.878152458703989,3637.0,60626.0,992.0,281.0
ANFC_002632.png,0.8729870719127935,0.7746025357668338,0.9186157518093995,0.8316767502524466,0.9873015355526472,0.9829101562502609,2.8284271247461903,0.9738576358072131,0.825909192241689,3849.0,60567.0,779.0,341.0
ANFC_002633.png,0.8462825723348933,0.7335267302665712,0.8657373441267455,0.827682955382819,0.9880059238044493,0.9803771972659245,3.1622776601683795,0.949655447963151,0.8657777629769324,3540.0,60710.0,737.0,549.0
ANFC_002634.png,0.7816845675769718,0.6416109874458776,0.8180312352536603,0.7484303962441154,0.9810471374982703,0.9705352783207623,39.76174099301909,0.8446570752882048,0.6213024288080878,3457.0,60148.0,1162.0,769.0
ANFC_002635.png,0.7737148913919297,0.6309420916959935,0.843930635883257,0.7142857143556053,0.9811843546623303,0.9739379882816478,5.0,0.9002877193339796,0.7145890357001715,2920.0,60908.0,1168.0,540.0
ANFC_002639.png,0.7942137191045997,0.6586687307029925,0.83284400081565,0.7590082055371017,0.9776424446029484,0.966354370117701,5.656854249492381,0.8754618905040092,0.6168859176030302,4255.0,59076.0,1351.0,854.0
ANFC_002640.png,0.8254223652594189,0.7027397260681179,0.868314150326961,0.7865685372912345,0.976655262628687,0.9668884277348804,5.0,0.9025871820609489,0.7011152683351519,5130.0,58236.0,1392.0,778.0
ANFC_002641.png,0.8318000347453914,0.7120356613040013,0.9007518797365595,0.7726539826595763,0.9887874546728674,0.9852142333986632,3.743608329051557,0.9323463612846645,0.76069166258217,2396.0,62171.0,705.0,264.0
ANFC_002645.png,0.8551724138030916,0.7469879518377123,0.9268949020889677,0.7937524004872932,0.9726239230551664,0.967956542969239,7.0,0.8841920208885238,0.6128504532054511,6200.0,57236.0,1611.0,489.0
ANFC_002646.png,0.8258887876157788,0.7034161491067008,0.8807517822617058,0.7774599542652374,0.9737888282465166,0.9650268554692838,5.0,0.9243476905150583,0.6595166500015005,5436.0,57808.0,1556.0,736.0
ANFC_002647.png,0.6981797389022987,0.5363103953826778,0.7938881664946058,0.6230651471979817,0.9636256196453887,0.9516754150398,32.649999999999864,0.7675677052417852,0.5010840981590289,3663.0,58706.0,2216.0,951.0
ANFC_002648.png,0.8864690721722636,0.7960884157162263,0.9134245120284923,0.8610589560819804,0.9808637186452743,0.9731140136722853,5.0,0.9515206611343802,0.7165230474143206,6879.0,56895.0,1110.0,652.0
ANFC_002649.png,0.81528751754451,0.6881733160070826,0.8457733158961482,0.7869229728188815,0.9731687775945116,0.9598083496099884,5.0,0.8939454852434714,0.6439788121210415,5813.0,57089.0,1574.0,1060.0
ANFC_002650.png,0.7311980539498076,0.5762901422629348,0.8710456411806216,0.6300436681868918,0.9655020767169069,0.9595336914068676,15.0,0.7828234498559269,0.6466879134126966,3607.0,59277.0,2118.0,534.0
ANFC_002654.png,0.8454058624686157,0.7322104235649688,0.8083816197536206,0.8859843450175773,0.9867159941497596,0.9665222167973859,4.656888370749678,0.9313441742482945,0.786245867753527,5999.0,57343.0,772.0,1422.0
ANFC_002655.png,0.8427795345947637,0.7282791480201403,0.8561779242411569,0.829794028448061,0.9820737900652124,0.970413208008264,4.0,0.9509718240181483,0.7259966386981651,5197.0,58400.0,1066.0,873.0
ANFC_002656.png,0.8757652142689402,0.7789878283434993,0.8781051415542886,0.8734377244830573,0.9849689483384807,0.9736785888675893,4.123105625617661,0.9689423907887131,0.8421170481105928,6080.0,57731.0,881.0,844.0
ANFC_002657.png,0.8936314363233713,0.8077158604091066,0.9477276809865767,0.8453773433992345,0.9839083526491369,0.9808349609377925,3.0,0.9825641080624514,0.8751141424773228,5276.0,59004.0,965.0,291.0
ANFC_002660.png,0.862808224199692,0.7587183117026486,0.8913076341812082,0.836074872399876,0.9803805094960985,0.9713897705082492,3.0,0.9837721335097634,0.8656091287246672,5896.0,57765.0,1156.0,719.0
ANFC_002661.png,0.8473133534449979,0.7350769231176805,0.9241779497245304,0.782252783270751,0.9779677301796049,0.973724365234776,4.0,0.9161117056184739,0.8294537392618987,4778.0,59036.0,1330.0,392.0
ANFC_002664.png,0.8400981687898718,0.7242838542115424,0.8466514459956904,0.8336455601660462,0.9852687458529319,0.9741516113285196,5.656854249492381,0.9555845393955218,0.709340524166925,4450.0,59392.0,888.0,806.0
ANFC_002665.png,0.8638840802805742,0.7603837472053743,0.8835409836218306,0.8450827897836073,0.9786741724373836,0.9676055908208069,5.830951894845301,0.9268574160127532,0.7260036738536987,6737.0,56676.0,1235.0,888.0
ANFC_002666.png,0.8680648827494509,0.7668857247596047,0.8783190466488984,0.8580473856499087,0.988560235708713,0.9805145263674849,6.0,0.9303959161371527,0.7587636107617985,4201.0,60058.0,695.0,582.0
ANFC_002667.png,0.876788653927011,0.7806087937113181,0.9023849863283742,0.8526043590872301,0.9793132053301883,0.9703063964848282,4.123105625617661,0.9667531215585964,0.7220820885771162,6924.0,56666.0,1197.0,749.0
ANFC_002670.png,0.8937342569353169,0.8078838765037877,0.8878636221632994,0.8996830428051216,0.9892969463327366,0.9794006347659394,4.0,0.97114100039115,0.7604564550899985,5677.0,58509.0,633.0,717.0
ANFC_002671.png,0.8292453636514295,0.7082998759246442,0.9157229143152394,0.7576917070312594,0.9435202038597831,0.9390258789071805,6.985410196624915,0.9113676500773106,0.5084328114430455,9703.0,51837.0,3103.0,893.0
ANFC_002672.png,0.9018305180647516,0.8212125112857237,0.9205020920616791,0.8839013577329037,0.9857008787648546,0.978805541992511,5.0990195135927845,0.9774780463529099,0.6980481596826402,6380.0,57767.0,838.0,551.0
ANFC_002673.png,0.8187791875100724,0.6931635295155578,0.92003343550478,0.7376023827447802,0.9356570322639512,0.9330902099619586,13.0,0.8950812764300898,0.4053904152173006,9906.0,51245.0,3524.0,861.0
ANFC_002674.png,0.7847871471557786,0.6458022109880786,0.9310790437365757,0.6782240351932501,0.9663179675830339,0.9638214111333646,6.0,0.9679175714321056,0.43655929284692463,4323.0,58842.0,2051.0,320.0
ANFC_002675.png,0.8261643300565925,0.7038160035716746,0.8897718773476279,0.7710443166352553,0.9484682713357317,0.9388885498056201,9.0,0.8606448338130167,0.5112633809105089,9517.0,52014.0,2826.0,1179.0
ANFC_002676.png,0.8535320330299122,0.7444883395253615,0.878496240619775,0.8299474357394591,0.9796725877121952,0.9694061279301545,5.0990195135927845,0.925415643466516,0.7605541554202647,5842.0,57689.0,1197.0,808.0
ANFC_002677.png,0.8356684562215964,0.7177237967346549,0.8536650615693779,0.8184149782461105,0.9885433185541839,0.9808502197268548,4.47213595499958,0.9030150745977437,0.7316616908298028,3191.0,61090.0,708.0,547.0
ANFC_002678.png,0.8603450818566328,0.7549171842967239,0.910282415367408,0.8156018454053402,0.9776920865259916,0.9710998535160661,5.0,0.9475108355408656,0.782260213210777,5834.0,57808.0,1319.0,575.0
ANFC_002679.png,0.7179372197625631,0.5599860091710412,0.8166284111663789,0.6405281056930329,0.9708350239394492,0.9616088867193359,8.246211251235321,0.8070168828104929,0.4753558405567091,3202.0,59818.0,1797.0,719.0
ANFC_002680.png,0.8119168953499085,0.6833839250780805,0.968031407745741,0.6991628409803993,0.9629820393114297,0.9633941650396212,5.0,0.9464627179157636,0.6876029218431094,5178.0,57959.0,2228.0,171.0
ANFC_002681.png,0.7921778209896541,0.6558728882429861,0.832100025559556,0.7559109875391953,0.9829105603975703,0.973892211914461,10.0,0.8494511029397711,0.5962519658465654,3261.0,60564.0,1053.0,658.0
ANFC_002682.png,0.8289705956610193,0.7078990438704541,0.9352452486701667,0.7443840579941681,0.9502722514942946,0.9482574462898521,7.615773105863909,0.9334921156533946,0.5295148133991804,8218.0,53927.0,2822.0,569.0
ANFC_002683.png,0.838614516055205,0.7220811071453025,0.8952112064398728,0.7887485648881795,0.9608003266646404,0.9515838623054264,6.4031242374328485,0.911557381091026,0.6425036221138952,8244.0,54119.0,2208.0,965.0
ANFC_002684.png,0.8726269522176832,0.7740356698652812,0.8798679868100078,0.8655041276444203,0.973603247711245,0.9584350585943844,8.54400374531753,0.9428921794822201,0.5447661425209995,9331.0,53481.0,1450.0,1274.0
ANFC_002685.png,0.8682566342043496,0.7671850884759367,0.8513833992290668,0.8858122001527331,0.9856245469922752,0.9700775146488941,4.242640687119285,0.9702474327137544,0.8180861686435614,6462.0,57113.0,833.0,1128.0
ANFC_002686.png,0.8261715296505444,0.7038264538403656,0.8607221813335585,0.794287657329382,0.9903696157398623,0.9850006103517914,4.0,0.9451602615520587,0.6872091104304534,2336.0,62217.0,605.0,378.0
ANFC_002687.png,0.8245847981786174,0.7015264027018303,0.8502500000374374,0.8004236291361676,0.986219448778175,0.9779205322268996,5.830951894845301,0.9217559771691012,0.722437733713963,3401.0,60688.0,848.0,599.0
ANFC_002688.png,0.8609236816337423,0.7558086036627779,0.8831989247468819,0.8397444089661669,0.9784150371802118,0.9676055908208069,3.605551275463989,0.9647992846258022,0.8423890900989803,6571.0,56842.0,1254.0,869.0
ANFC_002689.png,0.8123867567431418,0.6840499307395146,0.8918625678510442,0.7459165155033525,0.9866180242470788,0.9826202392580778,4.0,0.9749608077168495,0.691098975453337,2466.0,61931.0,840.0,299.0
ANFC_002690.png,0.844632768379869,0.7310513447980742,0.9028686462247437,0.7934542238404567,0.9848283031742824,0.9798583984378074,4.0,0.9793880711223922,0.7608666672393863,3588.0,60628.0,934.0,386.0
ANFC_002691.png,0.8207769907833743,0.6960320349841,0.846517119267043,0.7965560339124349,0.9750680735198253,0.9617767333990208,5.0,0.9335771568615981,0.7201576027230885,5736.0,57295.0,1465.0,1040.0
ANFC_002692.png,0.8020190690218697,0.6694756555338716,0.9035383319698659,0.7210084034551232,0.9868591874863548,0.9838409423830592,4.0,0.9575091491292361,0.6722500746701231,2145.0,62332.0,830.0,229.0
ANFC_002693.png,0.852272727290586,0.7425742574799716,0.8915022762034642,0.8163501621546201,0.9871228605763515,0.9813537597659097,3.1622776601683795,0.9762160699941935,0.7316472570542424,3525.0,60789.0,793.0,429.0
ANFC_002697.png,0.8614834673953448,0.7566718995714858,0.9094339622831376,0.8183361630223852,0.9841523220224443,0.9787139892581375,3.1622776601683795,0.9702359665131637,0.7883792057116479,4338.0,59803.0,963.0,432.0
ANFC_002698.png,0.8017644700171415,0.6691209282308966,0.9587595908060231,0.6889501493937628,0.9783040635819398,0.9773712158206579,4.123105625617661,0.9891130273333583,0.6418929056410846,2999.0,61054.0,1354.0,129.0
ANFC_002699.png,0.8027194367120651,0.6704522409915935,0.9500000000143678,0.6949758251639739,0.9766178935159111,0.975204467773816,4.47213595499958,0.927049492058055,0.6864151018540545,3306.0,60605.0,1451.0,174.0
ANFC_002700.png,0.8629622305850344,0.7589565217810511,0.8597320725256635,0.8662167527061896,0.9888521336422618,0.9788513183596979,4.123105625617661,0.9515295402311772,0.7441984054226357,4364.0,59786.0,674.0,712.0
ANFC_002701.png,0.8205128205331844,0.6956521739715944,0.930041152281368,0.7340641494652731,0.9787503244228726,0.9758605957034935,4.0,0.9706600892224871,0.6648296431955797,3616.0,60338.0,1310.0,272.0
ANFC_002702.png,0.836152329580144,0.7184379458419332,0.9270593649500553,0.7614817615268414,0.9793757149864459,0.9759063720706802,6.708203932499369,0.9307665205008938,0.7370161305403055,4029.0,59928.0,1262.0,317.0
ANFC_002703.png,0.8531116701462199,0.7438489414945929,0.913135097187278,0.8004926108783882,0.984134497674298,0.9795074462893752,3.605551275463989,0.9647756893494528,0.8055267728925907,3900.0,60293.0,972.0,371.0
ANFC_002704.png,0.8341358467540072,0.7154657293997423,0.910738255053526,0.769419769463349,0.9800216159568332,0.9752960205081895,5.0,0.9361964930643512,0.6697397213859316,4071.0,59846.0,1220.0,399.0
ANFC_002705.png,0.8505144632255374,0.739908799233253,0.8959100204711841,0.8094974131911498,0.9829997031958744,0.9765014648441087,4.242640687119285,0.9570947299317628,0.7833704698227841,4381.0,59615.0,1031.0,509.0
ANFC_002718.png,0.8397118117628586,0.7237096958273089,0.879047882662739,0.8037454131590858,0.9734007888874395,0.9629974365240023,6.0,0.9443131641038326,0.770920796049587,6352.0,56759.0,1551.0,874.0
ANFC_002719.png,0.8256603773704522,0.7030848329395788,0.8937908496889794,0.7671809256958841,0.9689476906338184,0.9612274169927792,4.47213595499958,0.9552324675739773,0.6395746960397005,6017.0,56978.0,1826.0,715.0
ANFC_002720.png,0.8154118063050256,0.6883504416700466,0.8497126860395295,0.7837727643675221,0.9729186879781286,0.9601593017584206,5.0,0.9536663671744696,0.6515402928019827,5767.0,57158.0,1591.0,1020.0
ANFC_002721.png,0.8455579032251175,0.7324385567836085,0.9140743963641343,0.786596780272071,0.9812927681783211,0.97657775878942,3.605551275463989,0.9085069012784581,0.832381088317511,4202.0,59799.0,1140.0,395.0
ANFC_002722.png,0.7702421036122749,0.6263363755863529,0.8600071608091632,0.6974448316790229,0.9833925696893137,0.9781341552737712,4.0,0.8381471559462905,0.7304659350632589,2402.0,61701.0,1042.0,391.0
ANFC_002723.png,0.8339140534455385,0.7151394422878208,0.8864197531144643,0.7872807018010348,0.984224051003737,0.9781799316409581,3.1622776601683795,0.9097060460648417,0.8105367231654287,3590.0,60516.0,970.0,460.0
ANFC_002724.png,0.8000656060685476,0.6667577912338005,0.8495297806166737,0.7560446373973823,0.9874411553500767,0.9813995361330964,3.605551275463989,0.9004084474951249,0.7960278278491109,2439.0,61878.0,787.0,432.0
ANFC_002725.png,0.8129406885303877,0.6848357792304619,0.8356427201373602,0.7914395316391197,0.9830224340540221,0.9724731445316701,3.0243416490252346,0.9387181441865323,0.780359220441789,3920.0,59812.0,1033.0,771.0
ANFC_002726.png,0.8018900945393962,0.6692959393312019,0.9044611133420999,0.7202137693429067,0.9858736885547374,0.9827270507815137,3.0,0.9466659611004237,0.8478856807928115,2291.0,62113.0,890.0,242.0
ANFC_002727.png,0.7398439602179386,0.5871050385168435,0.7366729172952925,0.7430424210367353,0.9846123974566832,0.9704895019535754,5.385164807134504,0.8108213257127546,0.6851202603875799,2750.0,60852.0,951.0,983.0
ANFC_002728.png,0.814814814841399,0.6875000000757024,0.8724254534668228,0.7643415028913705,0.985951222645249,0.9803161621096754,4.47213595499958,0.9018314703248521,0.7620648080431576,2838.0,61408.0,875.0,415.0
ANFC_002729.png,0.7857467778945039,0.6471028971910332,0.8191590262980843,0.7549533800247805,0.9865166017349412,0.9784393310550166,4.123105625617661,0.9013614454930605,0.7212448613490742,2591.0,61532.0,841.0,572.0
ANFC_002736.png,0.7226539152054232,0.5657463736238905,0.8092369479188508,0.6528077755654386,0.9899597139378852,0.9858398437502162,5.453087167723973,0.8112542547340532,0.5077609891835128,1209.0,63399.0,643.0,285.0
ANFC_002737.png,0.8033713246046,0.6713622539344706,0.8848101266065802,0.7356604105006735,0.9752121850125796,0.9686737060551656,5.830951894845301,0.8997253672985251,0.6608898662488033,4194.0,59289.0,1507.0,546.0
ANFC_002738.png,0.7240038873362478,0.5674028943003037,0.6405846949094649,0.8324022347305016,0.9952539155197714,0.9826660156252646,8.0,0.8177167138311929,0.5871697828873783,1490.0,62910.0,300.0,836.0
ANFC_002739.png,0.7787209960593547,0.6376274328641293,0.9001308329916854,0.6861702128181233,0.9690237899923048,0.9642028808599213,30.782249902541217,0.7938361418110464,0.6051796118525964,4128.0,59062.0,1888.0,458.0
ANFC_002740.png,0.7742435997480621,0.6316455697756771,0.6936978685386016,0.8759508485219715,0.9966549906908287,0.9866790771486409,8.602325267042627,0.8023800236069848,0.66783011008554,1497.0,63166.0,212.0,661.0
ANFC_002741.png,0.7850319866983584,0.6461338719494902,0.8210815765680877,0.752014775058426,0.975416521030352,0.9625701904302587,60.65144498179872,0.8350827587002518,0.6043078917295504,4479.0,58604.0,1477.0,976.0
ANFC_002748.png,0.7345318187124151,0.5804427401812022,0.7818736793186489,0.6925956739408078,0.9758800202363712,0.963272094727123,10.896648326421042,0.8347248217001173,0.6773266265568771,3330.0,59799.0,1478.0,929.0
ANFC_002749.png,0.8250503338110575,0.7022005772542927,0.9201134483762434,0.7477910104210927,0.9785824973496683,0.974807739258197,5.0,0.9280846922081486,0.8077821969847115,3893.0,59992.0,1313.0,338.0
ANFC_002750.png,0.777589517702746,0.6361116245359246,0.8887167570646226,0.6911646586965532,0.9750579764206241,0.969955444336396,5.0,0.8542318813582108,0.7120391313608831,3442.0,60125.0,1538.0,431.0
ANFC_002777.png,0.8426139945697385,0.7280319536209034,0.9060099412986852,0.787509819407891,0.9914565007976335,0.988571166992362,4.0,0.9773244689384828,0.6719276528714333,2005.0,62782.0,541.0,208.0
ANFC_002778.png,0.7728323699640817,0.629769194594164,0.7502805836606283,0.7967818832346479,0.9830038212330453,0.9640197753911741,8.502898085562242,0.859582153409961,0.7137910340302812,4011.0,59167.0,1023.0,1335.0
ANFC_002779.png,0.8724965298686305,0.7738304608604184,0.956937799061793,0.8017492712092751,0.9913974413714851,0.9901885986329623,4.123105625617661,0.943300204851794,0.8074508603277972,2200.0,62693.0,544.0,99.0
ANFC_002780.png,0.6466087676130471,0.4777692896137862,0.8611952630511718,0.5176295316143635,0.9529278733550937,0.9478454589851709,80.46360474338051,0.7049404503307823,0.6275830672943788,3127.0,58991.0,2914.0,504.0
ANFC_002781.png,0.8423292706824668,0.7276069519626982,0.8810198300764792,0.8068939956238347,0.9917386823120314,0.9875640869142523,9.797502364713864,0.9240047776285495,0.7294513172404745,2177.0,62544.0,521.0,294.0
ANFC_002782.png,0.7071256670809746,0.5469407576000419,0.8007109005211585,0.6331272251015313,0.9680670624312078,0.9572906494147143,77.0675000814594,0.7808699959688976,0.638371095898177,3379.0,59358.0,1958.0,841.0
