filename,dice,iou,sensitivity,precision,specificity,accuracy,hd95,cldice,boundary_f1,tp,tn,fp,fn
ANFC_000029.png,0.8956037840903949,0.8109442709048731,0.9818204001974353,0.823306732164589,0.9698814091389976,0.9713745117191869,9.380371963365674,0.9999994948512057,0.37946680841133784,8047.0,55613.0,1727.0,149.0
ANFC_000030.png,0.7138490477646545,0.5550274223848213,0.7356433245128075,0.6933089747217837,0.9781302414959024,0.9628601074224418,16.018731725128838,0.7929409174283346,0.46178074467559477,3036.0,60066.0,1343.0,1091.0
ANFC_000031.png,0.8428604705407472,0.7284000322305821,0.8886051080659524,0.8015950376781927,0.9595527133470707,0.948532104492973,5.0,0.9471539999277264,0.6264640041763448,9046.0,53117.0,2239.0,1134.0
ANFC_000032.png,0.7623166436416106,0.6159221902294004,0.7894542432551986,0.7369827586433636,0.9442301716426741,0.9186553955090538,13.0,0.8616459373089626,0.6693564028593253,8549.0,51656.0,3051.0,2280.0
ANFC_000033.png,0.7719678008677557,0.6286217913816655,0.77191558444644,0.7720200243847897,0.9710202256471687,0.9485626220710974,9.486832980505138,0.8795508522125468,0.7090558178968761,5706.0,56459.0,1685.0,1686.0
ANFC_000034.png,0.8468200620574703,0.7343347158688113,0.8394413121681905,0.8543296818134677,0.9806519781060651,0.9638366699224269,5.385164807134504,0.94858261733417,0.740298433322736,6551.0,56615.0,1117.0,1253.0
ANFC_000035.png,0.8536458031293204,0.744661471536822,0.9237915882079357,0.7934009057803104,0.9667193552315103,0.9615020751959,5.0990195135927845,0.9661556755342724,0.6469733498210284,7358.0,55655.0,1916.0,607.0
ANFC_000036.png,0.8334206390998663,0.7144140099428796,0.9549819928106297,0.7393122677185612,0.9819625747543251,0.9805908203127963,5.184863101655287,0.9754763343626894,0.46795823168647505,3182.0,61082.0,1122.0,150.0
ANFC_000037.png,0.7843967342164805,0.6452736318849163,0.9586104952035088,0.6637666325916368,0.956290333311884,0.9564819335944141,8.0,0.8783077899023025,0.39999866701158976,5188.0,57496.0,2628.0,224.0
ANFC_000038.png,0.8208596989002211,0.6961509992972921,0.8855932203569377,0.7649450996658608,0.9706916368066613,0.962417602539636,11.180339887498949,0.9126609462340028,0.49647340623626735,5643.0,57430.0,1734.0,729.0
ANFC_000039.png,0.8648340249032762,0.7618568948403677,0.8153545232454421,0.9207067918364763,0.9870188570087863,0.9602355957037318,5.0,0.9529197225752035,0.7743197046745405,8337.0,54593.0,718.0,1888.0
ANFC_000040.png,0.8006182380309766,0.6675257732218427,0.8476643856146321,0.7585197018318672,0.9509314194010977,0.9350433349619288,11.180339887498949,0.8448858510957958,0.5396834723918378,8547.0,52732.0,2721.0,1536.0
ANFC_000041.png,0.8124729320133186,0.6841721371492215,0.8195718654591899,0.8054959210128385,0.9581261207972098,0.9339294433603833,8.54106762676357,0.8888079100858913,0.6269914768033721,9380.0,51826.0,2265.0,2065.0
ANFC_000042.png,0.9346659652883045,0.877345447387449,0.948537262449597,0.9211945251096652,0.9937554434457831,0.9905242919923322,3.0,0.9872117712207327,0.8437691299393077,4442.0,60473.0,380.0,241.0
ANFC_000043.png,0.8045383599589063,0.6729938736895658,0.88696227665295,0.7361309458710171,0.9585726358641871,0.9503173828132582,6.324555320336759,0.9311609515487361,0.7116033679157427,6701.0,55579.0,2402.0,854.0
ANFC_000044.png,0.7988733004821584,0.6651032741350137,0.8264963012971871,0.7730370059992623,0.9617585756180139,0.9433441162118021,19.143782726439994,0.9119038595835223,0.6961937261471018,7374.0,54449.0,2165.0,1548.0
ANFC_000045.png,0.8043550348289845,0.6727373578928781,0.8718102312361555,0.7465886939831139,0.956809876025865,0.9459838867195743,7.0,0.871039829941528,0.7290398589481297,7277.0,54719.0,2470.0,1070.0
ANFC_000046.png,0.7639337387391933,0.6180362353519688,0.7224557785577492,0.8104644954786916,0.9597574108719273,0.9141082763684982,19.86154146165801,0.8709874114104879,0.5232591509571415,9108.0,50799.0,2130.0,3499.0
ANFC_000047.png,0.823625088958848,0.7001382648029607,0.7724282581969274,0.8820903647379325,0.9803259033193393,0.947052001953933,11.40175425099138,0.89856734192104,0.6169217473489818,8102.0,53964.0,1083.0,2387.0
ANFC_000048.png,0.7444204463810183,0.5928899082993234,0.7686173807583975,0.7217005076495304,0.9622787553543822,0.9404144287118468,10.02992537267253,0.7742305227613967,0.6541135457600971,5687.0,55944.0,2193.0,1712.0
ANFC_000049.png,0.7878478137542392,0.6499578375667612,0.7900011388463727,0.7857061955163998,0.9666637300684228,0.94299316406337,5.0990195135927845,0.9044077762384767,0.7337566904761205,6937.0,54863.0,1892.0,1844.0
ANFC_000050.png,0.853456328826865,0.744373154115045,0.8633356957402155,0.8438005079838605,0.9762922726480412,0.9617004394537095,5.385164807134504,0.9355366570433944,0.7502902559735377,7309.0,55717.0,1353.0,1157.0
ANFC_000051.png,0.8085908980403632,0.6786845062119615,0.8102670406279396,0.8069216757975809,0.9722682480165298,0.9519958496101076,4.123105625617661,0.9267558476899931,0.7805248974085598,6645.0,55745.0,1590.0,1556.0
ANFC_000052.png,0.8318072289224174,0.7120462046402608,0.8739240506435507,0.7935632184066235,0.9498193197490999,0.9360961914072252,8.246211251235321,0.9094833095076179,0.6594621184274084,10356.0,50992.0,2694.0,1494.0
ANFC_000053.png,0.7404573734765235,0.5878779788006223,0.9170137442818603,0.6209108855315206,0.9038654079971418,0.9057922363295626,19.00262975904404,0.8949972375342757,0.3821852135083097,8807.0,50555.0,5377.0,797.0
ANFC_000054.png,0.8657263751826175,0.7632429744041082,0.9186789064140213,0.8185455192195461,0.9632344994062176,0.956420898438165,5.0,0.9355913478652516,0.7487734651956919,9207.0,53473.0,2041.0,815.0
ANFC_000055.png,0.8549156995903255,0.746596298015405,0.9012927054569444,0.8130778842304808,0.9589807333755167,0.949447631836709,7.0,0.9222249740143151,0.6423385191052513,9761.0,52462.0,2244.0,1069.0
ANFC_000056.png,0.8125037643912243,0.6842158653191098,0.933434818719425,0.7193132132111215,0.9548619447786852,0.9524993896491624,4.47213595499958,0.9340291913206614,0.8053349610823598,6745.0,55678.0,2632.0,481.0
ANFC_000057.png,0.7197802198352079,0.5622317597908548,0.7840957675142814,0.6652158144123266,0.9853948763392978,0.9782104492190826,5.0,0.8481078560826203,0.7765103761533989,1834.0,62274.0,923.0,505.0
ANFC_000058.png,0.6521220159381882,0.4838138345484784,0.6098226467059628,0.7007268063701402,0.9634611034753108,0.9199523925793466,60.67124524847005,0.7172914256655899,0.5048488814726335,4917.0,55373.0,2100.0,3146.0
ANFC_000059.png,0.820084178088797,0.695036173664084,0.8422013880625592,0.7990988909659081,0.9696631369612605,0.9536895751960193,4.123105625617661,0.9257972692282107,0.8184741122706753,6917.0,55584.0,1739.0,1296.0
ANFC_000060.png,0.780812791485627,0.6404371585056694,0.8639592548098165,0.7122651934019597,0.955161429187169,0.9447784423836553,4.0,0.9438302467368777,0.7658931605903451,6446.0,55471.0,2604.0,1015.0
ANFC_000061.png,0.7221157531798827,0.5650869826469619,0.8095101690332984,0.651752767567833,0.9484236772902206,0.933624267579138,27.332924331529647,0.8335019766488128,0.6562563863285638,5652.0,55534.0,3020.0,1330.0
ANFC_000062.png,0.6909304373530419,0.5278026906253092,0.7107487923054652,0.6721873215679969,0.9498742489878812,0.9196624755871634,33.45061004323005,0.8122559737446428,0.6636952982654736,5885.0,54386.0,2870.0,2395.0
ANFC_000063.png,0.616746411513816,0.44586648224998654,0.6227053140704177,0.6109004739951184,0.9584836328092492,0.9266662597667441,30.12056492604674,0.6731853987426778,0.5134421229800186,3867.0,56863.0,2463.0,2343.0
ANFC_000064.png,0.7312683131579597,0.5763774333301296,0.9588364434913083,0.5910013533183351,0.981024578585852,0.9804077148440491,7.280109889280518,0.9175943204991268,0.38868069059145655,1747.0,62505.0,1209.0,75.0
ANFC_000065.png,0.7812230008849743,0.6409892880212682,0.8452430411621846,0.7262180974966592,0.9747373274929229,0.9652252197270932,4.242640687119285,0.9054469691834484,0.7680782048816546,4069.0,59188.0,1534.0,745.0
ANFC_000066.png,0.7551342812393153,0.6065989848714216,0.762117347014631,0.7482780213687295,0.9871153846155911,0.976348876953486,74.9929978208661,0.8741082352921612,0.7405438533442206,2390.0,61596.0,804.0,746.0
ANFC_000067.png,0.6435801812350612,0.4744697566871683,0.5869776484028292,0.7122641511130519,0.9923122971739451,0.9795837402346866,112.05957506871154,0.6970659569720895,0.5266381391218256,1208.0,62990.0,488.0,850.0
ANFC_000068.png,0.7219103990486876,0.5648355158791383,0.6455557584147552,0.818750000041956,0.9869623857337703,0.9584197998053221,28.146917982844283,0.8284067699229571,0.652108532250641,3537.0,59274.0,783.0,1942.0
ANFC_000069.png,0.8080641843373747,0.6779426993812055,0.8475258918516217,0.7721137465899471,0.9703161272707511,0.9572906494147143,4.0,0.9237655834945921,0.7906581107414519,5892.0,56845.0,1739.0,1060.0
ANFC_000070.png,0.7686707832454552,0.6242609797693981,0.8364690904178146,0.7110389610737087,0.9588998922476115,0.9456939697273913,13.152946437965905,0.8814466720211123,0.7472578798503638,5913.0,56064.0,2403.0,1156.0
ANFC_000071.png,0.7641873278453455,0.6183682568556446,0.8533634126633791,0.6918856003172787,0.969452687108977,0.960815429688098,9.454724965543464,0.887456742094834,0.7085845551904876,4161.0,58807.0,1853.0,715.0
ANFC_000072.png,0.7185655924379106,0.5607509742965814,0.791895948078091,0.6576651434741733,0.987031178683491,0.9810791015627888,27.087934267240037,0.7852715348346307,0.7030542712339294,1583.0,62713.0,824.0,416.0
ANFC_000073.png,0.7576620331738033,0.6098678889539079,0.8167047779736786,0.7065805914507933,0.9507575095680229,0.9337615966806984,12.287936246293341,0.8775032961353637,0.7126071738895041,6786.0,54409.0,2818.0,1523.0
ANFC_000074.png,0.6398591136953745,0.4704359087309298,0.7997065298608169,0.5332681019895948,0.9851339348326378,0.9812774658205983,29.265660948413778,0.7738312764028911,0.6979290081074665,1090.0,63219.0,954.0,273.0
ANFC_000075.png,0.7739307536101974,0.6312292360029139,0.7313317937908654,0.821799308035554,0.9934538752424059,0.9830627441408836,4.0,0.8917678646220024,0.7317311001520592,1900.0,62526.0,412.0,698.0
ANFC_000076.png,0.7006503042059313,0.5392315144431333,0.7249837204851348,0.6778973006539684,0.9739532898952231,0.9564514160162896,27.103604428641646,0.7846084830165747,0.7140254679139,3340.0,59342.0,1587.0,1267.0
ANFC_000078.png,0.7525256420334291,0.6032393670124581,0.8060465885005705,0.7056696558134699,0.9657885446267709,0.9510345458991848,6.708203932499369,0.8795543514696427,0.7436966717736683,4879.0,57448.0,2035.0,1174.0
ANFC_000079.png,0.7422938073115394,0.5901965114616479,0.7945897741395394,0.6964564878331275,0.9812616611982683,0.9716796875004322,4.47213595499958,0.8480581504684526,0.7453120003555126,2673.0,61007.0,1165.0,691.0
ANFC_000080.png,0.7489211455965238,0.5986202572597616,0.7947543714426503,0.7080860535207396,0.9875344505339827,0.9804687500002981,4.345913557665428,0.8804547601827223,0.7853896594032646,1909.0,62347.0,787.0,493.0
ANFC_000081.png,0.7353303242776651,0.5814406232437114,0.751047778917814,0.7202572349515617,0.994591486253445,0.9901580810548378,165.32143088243834,0.7363872458081556,0.6819877837361901,896.0,63995.0,348.0,297.0
ANFC_000082.png,0.731377693001719,0.5765133475903605,0.736117778886843,0.7266982622864616,0.9708199099301563,0.9484405517585993,10.0,0.8291173539190894,0.7290246203984627,4600.0,57557.0,1730.0,1649.0
ANFC_000083.png,0.7704824436525146,0.6266542838108533,0.8374185541925477,0.7134549300255207,0.9826039510217354,0.9754638671878745,5.0,0.8786100831649182,0.7190806363837613,2699.0,61229.0,1084.0,524.0
ANFC_000084.png,0.7548283262460225,0.606204222487633,0.8440311938548103,0.6826783116532372,0.9897602905949716,0.9860534667970879,5.385164807134504,0.9109429971945211,0.7756266779925244,1407.0,63215.0,654.0,260.0
ANFC_000140.png,0.8694195092836973,0.76900275251228,0.8987874288667672,0.8419100602872149,0.9762592682846057,0.9667053222661331,7.280109889280518,0.9205801990812497,0.78239558762566,7264.0,56090.0,1364.0,818.0
ANFC_000141.png,0.8501397298643375,0.7393417721782946,0.8859361728084048,0.8171236709773785,0.9714809320189985,0.9607238769537244,4.123105625617661,0.9697055759912695,0.7373569773229962,7301.0,55661.0,1634.0,940.0
ANFC_000142.png,0.8510583707600348,0.7407324698815618,0.9242128726770392,0.7886352829542754,0.9695328832384672,0.9645690917974158,5.656854249492381,0.9314279327611441,0.7713359976173451,6634.0,56580.0,1778.0,544.0
ANFC_000143.png,0.8262333825804293,0.7039162388297678,0.855499816486541,0.7989031078840376,0.9693182016287621,0.9551239013678724,12.309223442417917,0.9132915862950377,0.730704926321552,6992.0,55603.0,1760.0,1181.0
ANFC_000144.png,0.790524237782928,0.6536089953161399,0.8992015968189618,0.705283757367389,0.9476356050078645,0.9417114257821395,18.0,0.8454060438447164,0.7360152181144036,7208.0,54508.0,3012.0,808.0
ANFC_000145.png,0.7892126472575006,0.6518177163784156,0.8881911739249623,0.7100822758736464,0.965235857733471,0.9584960937506334,18.940161285660704,0.8583041646989134,0.5777599226211393,5092.0,57724.0,2079.0,641.0
ANFC_000146.png,0.8256642903660837,0.7030905077918121,0.7542031731578964,0.9120847652027249,0.9949929052567157,0.9794769287112508,94.42319784080242,0.9186346689611058,0.4788695295625317,3185.0,61006.0,307.0,1038.0
ANFC_000147.png,0.8664569631494261,0.7643794148514735,0.8823529412449895,0.8511235955892564,0.9958476315831359,0.9928741455079213,8.0,0.925480606712969,0.6842190815169633,1515.0,63554.0,265.0,202.0
ANFC_000148.png,0.848191786430008,0.7364001892459319,0.9032492022188499,0.7994607780460314,0.9733638006893802,0.9659881591802066,5.830951894845301,0.9615427933610257,0.8041718964431388,6227.0,57080.0,1562.0,667.0
ANFC_000149.png,0.7738013162159949,0.6310570435870929,0.9341707021891388,0.6604258051074756,0.9461376595176124,0.9449310302742779,13.44804161976246,0.9017078077223661,0.5765498890836807,6173.0,55754.0,3174.0,435.0
ANFC_000150.png,0.8184607517375057,0.6927072062656668,0.9091167282151211,0.7442455243264072,0.9623893048866142,0.9566650390631614,20.20016001128616,0.9168053804474826,0.8414879237678211,6402.0,56294.0,2200.0,640.0
ANFC_000151.png,0.8577266679406136,0.7508944171935357,0.9097782258155466,0.8113088817141938,0.9622590621410698,0.9543151855475722,4.0,0.9849341213977963,0.7800000191421758,9025.0,53517.0,2099.0,895.0
ANFC_000152.png,0.7560379918754384,0.6077661431492402,0.8468085106615793,0.6828431372937692,0.956102856368205,0.9451293945320873,52.28276871635063,0.8122716109262575,0.675346795282386,5572.0,56368.0,2588.0,1008.0
ANFC_000153.png,0.7898714039646114,0.6527169150248996,0.8656109254880705,0.7263196391897696,0.9617240379867743,0.9516296386726132,35.768664736648816,0.8565014459583492,0.7147407372577962,5958.0,56408.0,2245.0,925.0
ANFC_000154.png,0.8223480253523151,0.6982946091681018,0.859416819290123,0.788344747410732,0.971969813645944,0.9597778320318638,3.605551275463989,0.9494306044211642,0.7781371445592198,6101.0,56799.0,1638.0,998.0
ANFC_000155.png,0.8337822849081613,0.7149456521997332,0.899487179498634,0.7770230360526655,0.9600958404545358,0.9519805908210454,4.0,0.9583693002198198,0.7673386374147434,7893.0,54496.0,2265.0,882.0
ANFC_000156.png,0.837103174619335,0.7198430302474248,0.8830054416318532,0.7957374576017093,0.982175186806969,0.9749450683597574,5.643269777374437,0.9288930759521421,0.7728200074310796,4219.0,59675.0,1083.0,559.0
ANFC_000157.png,0.8155631986341594,0.6885662432224532,0.8498152088867942,0.7839652856923272,0.9630611055176381,0.9476318359382991,6.708203932499369,0.8822659574777095,0.7046321714085909,7588.0,54516.0,2091.0,1341.0
ANFC_000159.png,0.7631089624615927,0.6169573061309445,0.8242619000152115,0.7104033235744498,0.9723731360540916,0.9611206054693434,6.0,0.9114123916368657,0.6613546985311451,4104.0,58884.0,1673.0,875.0
ANFC_000160.png,0.8678551736894042,0.7665584415837058,0.9666985123561214,0.7873499333273288,0.9671356663064623,0.9670867919926899,11.366535950188723,0.9557190548434755,0.5953519389692169,7083.0,56296.0,1913.0,244.0
ANFC_000161.png,0.6050096341016332,0.43370165784965353,0.48270561146602176,0.8103225808899064,0.9977115279832224,0.9874877929689411,41.29583953875773,0.7699110235889778,0.5804335160059481,628.0,64088.0,147.0,673.0
ANFC_000162.png,0.7772617256638149,0.6356730152326479,0.9173872761091125,0.6742707979032719,0.9514053504918488,0.9480438232429804,11.180339887498949,0.9291649697091348,0.31745803997546523,5941.0,56190.0,2870.0,535.0
ANFC_000163.png,0.8326241134794168,0.7132442284450077,0.938020773887797,0.748519901641838,0.884991877371496,0.8991699218765387,13.0,0.8973171280119702,0.5112529871693596,16436.0,42492.0,5522.0,1086.0
ANFC_000164.png,0.8468437745166987,0.7343703791486148,0.8706872370357162,0.8242713934923805,0.9483774085352138,0.9314727783213582,6.708203932499369,0.9173558255355657,0.5290369056370755,12416.0,48629.0,2647.0,1844.0
ANFC_000165.png,0.7861517585438019,0.6476524261497582,0.8403638074454788,0.7385103011273678,0.9281004888043632,0.9110260009779202,10.0795083023338,0.861194750080204,0.6533372359688181,10718.0,48987.0,3795.0,2036.0
ANFC_000166.png,0.8498547178513579,0.738910754188974,0.8611541560862113,0.8388479652313219,0.9459749407941628,0.9250946044933306,4.300014504089359,0.9530432586898805,0.7170800118351571,13893.0,46734.0,2669.0,2240.0
ANFC_000167.png,0.789617486345983,0.6523702031798888,0.8557258124320286,0.7329909327415516,0.919061256656754,0.9060058593764343,10.064691961727345,0.8716416296051683,0.5646476233876281,11560.0,47816.0,4211.0,1949.0
ANFC_000168.png,0.8525781782499752,0.7430381417786672,0.8730035664641024,0.8330867120696823,0.9809095063215105,0.9702911376957659,4.242640687119285,0.953147062784324,0.6688714096596481,5630.0,57959.0,1128.0,819.0
ANFC_000169.png,0.7984072269227144,0.6644574142185719,0.7879178885879276,0.8091796169366126,0.972215888162421,0.9482421875007898,13.0,0.8491378101676772,0.4797820864758074,6717.0,55427.0,1584.0,1808.0
ANFC_000170.png,0.8261186180252351,0.7037496554033982,0.8774492953115419,0.7804617031370644,0.975953648816505,0.967208862305188,7.0710678118654755,0.8787069819932316,0.666974681550474,5105.0,58282.0,1436.0,713.0
ANFC_000171.png,0.8285730349761449,0.7073194144608917,0.9088498304095683,0.7613266518695394,0.9063279333365842,0.9069519042982949,9.0,0.9268574269120453,0.49245304264963485,14737.0,44701.0,4620.0,1478.0
ANFC_000172.png,0.8532273008086309,0.7440247761567343,0.8778995869178663,0.8299038750503226,0.957222180253131,0.9419860839852603,5.0,0.9706317331923251,0.6825565011816116,11051.0,50683.0,2265.0,1537.0
ANFC_000173.png,0.7875449805468332,0.6495457298819173,0.8701720220812909,0.7192488263099095,0.9213335337908491,0.9117126464857223,10.198039027185569,0.9020113809324624,0.6419124631184714,10724.0,49026.0,4186.0,1600.0
ANFC_000174.png,0.8177577971442677,0.6917007320380549,0.8805518576932649,0.7633235417789211,0.9606097113830145,0.9505157470710677,6.708203932499369,0.9147005019935963,0.7088633290806963,7276.0,55017.0,2256.0,987.0
ANFC_000175.png,0.79713474794805,0.6626966292387493,0.8831104012893681,0.7264143197531477,0.9399834287989484,0.931289672852611,9.848857801796104,0.9035835693826656,0.6116807437613658,8847.0,52186.0,3332.0,1171.0
ANFC_000176.png,0.8535294326671097,0.7444843827624886,0.862816921650304,0.8444397582001659,0.9571232053948207,0.9370880126962725,5.0990195135927845,0.9536805257015792,0.7399259568849406,12013.0,49400.0,2213.0,1910.0
ANFC_000177.png,0.8303501945635311,0.7099135063528594,0.8946338736871668,0.774685382408678,0.9681055155880763,0.9600830078131092,5.0,0.9639262214621211,0.7182367447097123,6402.0,56518.0,1862.0,754.0
ANFC_000179.png,0.8096913914713466,0.6802365249760662,0.8682148041021147,0.7585594725441137,0.9846676652013228,0.9785461425784525,3.0,0.9769734195943496,0.7992971911198153,2991.0,61139.0,952.0,454.0
ANFC_000180.png,0.7339101076363572,0.5796666667133704,0.8259974667786578,0.6602961650853948,0.9546774738271753,0.9422760009774434,7.0390872965259925,0.8056981301812627,0.5841768104041842,5217.0,56536.0,2684.0,1099.0
ANFC_000181.png,0.7200431810255449,0.5625527130218508,0.753530408632361,0.6894056848080266,0.9700622665011198,0.9525146484382246,28.655357001967804,0.7975803853044703,0.6330224095712754,4002.0,58422.0,1803.0,1309.0
ANFC_000182.png,0.7730496453998854,0.6300578034942861,0.8329916123175217,0.7211553977956144,0.9369412108174846,0.919921875001222,9.8817719394262,0.9008832801972274,0.5718725853314136,8938.0,51350.0,3456.0,1792.0
ANFC_000183.png,0.7429871977386636,0.5910736918711684,0.7386582192851388,0.7473672161461347,0.9610737781547335,0.9310760498057393,42.30070537689923,0.8593393649998916,0.6321812954997398,6529.0,54490.0,2207.0,2310.0
ANFC_000184.png,0.7358471180791281,0.5820871262057725,0.8335661080461902,0.6586352768698481,0.9696930111043486,0.9607696533209112,32.01562118716424,0.7648067316420909,0.506327182525713,3581.0,59384.0,1856.0,715.0
ANFC_000185.png,0.6841783751085138,0.519962859870015,0.7688787185883572,0.6162876009507909,0.9657979923492496,0.9526672363288473,25.311046743428534,0.8128585660348493,0.37448787885869933,3360.0,59074.0,2092.0,1010.0
ANFC_000186.png,0.8139939555074646,0.6863320463804893,0.942723801454662,0.7161966156782923,0.9710466607482318,0.9690093994145355,8.573164506180078,0.9705210380531085,0.29057862580784233,4444.0,59061.0,1761.0,270.0
ANFC_000187.png,0.7617834395094122,0.6152263374980419,0.8641618497355199,0.6810933941228512,0.9626666666672888,0.9543457031256968,9.0,0.8926674409346772,0.63666984016827,4784.0,57760.0,2240.0,752.0
ANFC_000188.png,0.8677535091667556,0.7663998221295976,0.9380783886856181,0.807237381448971,0.9717123805600517,0.9679412841801768,4.0,0.9850684470662662,0.8774425114631632,6893.0,56542.0,1646.0,455.0
ANFC_000189.png,0.7356975339538272,0.5818999438356492,0.6724697934685632,0.8120489488842094,0.9792873320773304,0.9432525634774285,13.107129786941652,0.8420132809311093,0.5070292901271859,5176.0,56641.0,1198.0,2521.0
ANFC_000190.png,0.8392304290196362,0.7229948561806697,0.9001423149984075,0.7860397680346561,0.9414044773872825,0.9334411621103907,4.242640687119285,0.9514184252127517,0.8165133952053644,11385.0,49789.0,3099.0,1263.0
ANFC_000191.png,0.7225520781199002,0.565621553558276,0.8080126041395425,0.6534401165537967,0.9688344000136049,0.9579315185553295,31.195985791078943,0.7920824842281633,0.4226844827137206,3590.0,59189.0,1904.0,853.0
ANFC_000192.png,0.8268478484839564,0.7048087048605108,0.9196244561667908,0.7510753694125536,0.9782406120750995,0.9743347167972667,4.0,0.9557427491026403,0.7030687897465286,4016.0,59838.0,1331.0,351.0
ANFC_000193.png,0.8643959455881293,0.7611772274427184,0.9728674203550118,0.7776864936283788,0.9776993950985199,0.9773406982425333,7.280109889280518,0.9441669355914631,0.48117488978828704,4733.0,59318.0,1353.0,132.0
ANFC_000194.png,0.8010170107269801,0.6680803797164414,0.8997688018632165,0.7217979489720927,0.9561727652414593,0.9498443603523279,8.06225774829855,0.8922602402982323,0.6544918453984476,6616.0,55633.0,2550.0,737.0
ANFC_000195.png,0.8159350464036431,0.689096526283694,0.8778076406337294,0.7622103684145516,0.9482383250490177,0.9370422363290858,4.0,0.9514156615230458,0.7002374942616213,9145.0,52265.0,2853.0,1273.0
ANFC_000196.png,0.8466709865605593,0.7341105414892822,0.8971762080596364,0.8015489609844683,0.9519717917796795,0.9422302246102566,3.1622776601683795,0.9666807592890654,0.8133060237076724,10453.0,51297.0,2588.0,1198.0
ANFC_000197.png,0.773110883468798,0.6301391650393527,0.692596801005804,0.8748068006320593,0.979036879564118,0.9290313720713955,10.63014581273465,0.8515497394889319,0.6043834925930265,7924.0,52961.0,1134.0,3517.0
ANFC_000198.png,0.6775147929789165,0.5123042507411245,0.7300743890913526,0.63201471958049,0.9874320545450808,0.9800415039065546,116.85030626202091,0.7609007591204439,0.6359047751615167,1374.0,62854.0,800.0,508.0
ANFC_000199.png,0.8545749594398593,0.7460767219108461,0.8717687508122032,0.8380462725133987,0.977064299707417,0.9644470214849176,4.0,0.9537578137300255,0.7783143743299078,6846.0,56360.0,1323.0,1007.0
ANFC_000200.png,0.8593516466598283,0.7533887583812228,0.9271574733177094,0.8007876284890224,0.9633205998874625,0.958358764649073,4.123105625617661,0.989936468250691,0.696544743591685,8337.0,54470.0,2074.0,655.0
ANFC_000201.png,0.8355709998550331,0.7175800325939257,0.8532258064752861,0.8186320025040805,0.9802480787383672,0.9682312011723598,4.123105625617661,0.9359326460986419,0.7280182117764777,5290.0,58164.0,1172.0,910.0
ANFC_000202.png,0.7092001849731545,0.5494269342050079,0.7711126006128979,0.6564907276301025,0.9807520143243901,0.9712066650395019,11.704699910719626,0.7722574556111149,0.6470817369442899,2301.0,61348.0,1204.0,683.0
ANFC_000203.png,0.5301988246179569,0.3607282628278495,0.714526457797598,0.42147117307724224,0.9534913455552512,0.9426727294930624,115.59654992948317,0.5940318069966125,0.4992224069377908,2120.0,59659.0,2910.0,847.0
ANFC_000204.png,0.8132621951397425,0.6852922286953609,0.8875025993163854,0.7504835590380722,0.9766331285922797,0.9700927734379564,11.40175425099138,0.8751730304997086,0.7637026136976899,4268.0,59308.0,1419.0,541.0
ANFC_000205.png,0.8258056927884142,0.7032956025540122,0.8260971879249209,0.8255144033126968,0.9739818012873401,0.9548034667975648,5.0,0.9376629770911795,0.6640710091355635,7021.0,55553.0,1484.0,1478.0
ANFC_000206.png,0.8030231952148541,0.6708761540088072,0.914845605710826,0.7155596841880576,0.9463898032084461,0.9423370361336925,6.897871376374805,0.9396937637587869,0.5843865350999855,7703.0,54054.0,3062.0,717.0
ANFC_000207.png,0.8673656618697664,0.7657949548986583,0.8921542194807017,0.8439173680382661,0.9789393991538088,0.9691162109379714,4.0,0.94124852400683,0.8123423951951457,6618.0,56894.0,1224.0,800.0
ANFC_000208.png,0.8244838651193023,0.7013803049339328,0.8277413080685946,0.8212519599781387,0.9741406386324526,0.9557647705084876,4.242640687119285,0.9290479577388127,0.780652612511133,6809.0,55828.0,1482.0,1417.0
ANFC_000209.png,0.6666666667699298,0.500000000232342,0.6955397545600907,0.6400951816537209,0.9905452499649855,0.9835815429690007,82.99246851269154,0.7923539707364046,0.5980510956753542,1076.0,63384.0,605.0,471.0
ANFC_000210.png,0.6816348481202427,0.5170303896559186,0.6506673512190279,0.7156973462123949,0.9836632057108425,0.9638671875005514,117.75990260550941,0.6978716955435322,0.3936037584899503,2535.0,60633.0,1007.0,1361.0
ANFC_000211.png,0.7805059524081714,0.6400244051982866,0.8123386680918072,0.7510739857396004,0.9830852064483299,0.9729919433597872,12.084970247423735,0.8621748644738678,0.7491725211221967,3147.0,60619.0,1043.0,727.0
ANFC_000212.png,0.7136563877200428,0.5547945206805258,0.9141315015141651,0.5852968898569598,0.979211943683593,0.9771881103519107,26.793962465519613,0.9006940257213951,0.7106455116912415,1863.0,62178.0,1320.0,175.0
ANFC_000213.png,0.8291362036439086,0.7081406105907894,0.843836119815573,0.8149396735601597,0.982643569134797,0.9711151123051284,4.47213595499958,0.9434150676947994,0.7420016862169222,4593.0,59050.0,1043.0,850.0
ANFC_000214.png,0.8397732640604736,0.7238009934269358,0.8814954383298794,0.8018221180045263,0.9603801485976993,0.9482421875007898,5.0,0.9433505908286086,0.7071597195897165,8889.0,53255.0,2197.0,1195.0
ANFC_000215.png,0.8789266489965885,0.7840045865139742,0.9666018731254107,0.805833824410295,0.9513814600326205,0.9540100097663269,7.0,0.9790164890800652,0.436019185787845,10940.0,51582.0,2636.0,378.0
ANFC_000216.png,0.7966144839126502,0.6619777895651002,0.8583379045723618,0.7431726431081486,0.9628631275330873,0.9512329101569942,11.0,0.851749385726001,0.30018522000720493,6259.0,56081.0,2163.0,1033.0
ANFC_000217.png,0.8158891937922456,0.689031118992603,0.9121986851844852,0.7379742347549966,0.9622258949419463,0.9570007324225313,6.324555320336759,0.9299134876607348,0.6533065165300268,6244.0,56474.0,2217.0,601.0
ANFC_000218.png,0.7841884891218375,0.6449918281992771,0.7521099918660346,0.8191252780105077,0.9790341983162222,0.9535980224616456,39.0828145037292,0.8399438344348332,0.6709761396927755,5525.0,56970.0,1220.0,1821.0
ANFC_000219.png,0.8104615009565042,0.681324313275797,0.8319148936380583,0.790086770499217,0.9693115073164197,0.9525604248054115,6.0,0.9094192321052921,0.7030102914696776,6647.0,55780.0,1766.0,1343.0
ANFC_000220.png,0.8162872065404245,0.6895990404652502,0.9051956815221327,0.7432819281795843,0.9509215450894901,0.9447174072274062,8.0,0.8960679953710189,0.5553225830321721,8049.0,53864.0,2780.0,843.0
ANFC_000221.png,0.8287550744306916,0.7075847727047782,0.9463071693490183,0.7371810303480272,0.9169645573487039,0.9227600097668037,19.933603465024753,0.9045713379928951,0.4973890428214344,12249.0,48225.0,4367.0,695.0
ANFC_000222.png,0.8007103218734424,0.667653809160609,0.9041507920689642,0.7185084854020789,0.9364133760495228,0.9315032958994828,76.12132317597295,0.8511885867624445,0.5339410963205115,9018.0,52029.0,3533.0,956.0
ANFC_000223.png,0.8431936372075134,0.7288978210568122,0.9056380602042794,0.7888049450791204,0.9681495675597191,0.9608917236334094,6.324555320336759,0.9383287548025503,0.687908629022345,6891.0,56082.0,1845.0,718.0
ANFC_000224.png,0.8259445293858961,0.7034970238462925,0.8715624520092853,0.7848644161891444,0.9736561234693673,0.9635162353521193,51.96919089580552,0.8621009001798968,0.6845349729440973,5673.0,57472.0,1555.0,836.0
ANFC_000225.png,0.7789750041142606,0.6379681061066146,0.8690505247902062,0.7058182178901955,0.9482403822686993,0.9383392333993785,31.0,0.8704482882224615,0.5410893070785994,7121.0,54374.0,2968.0,1073.0
ANFC_000226.png,0.8115672554772438,0.6828886693278254,0.8533648899101292,0.7736729172708581,0.9565373177119113,0.9412384033212092,8.94427190999916,0.9218583600320487,0.640879288321363,8293.0,53392.0,2426.0,1425.0
ANFC_000227.png,0.8472584237786238,0.7349942443894923,0.875771529354779,0.82054341841192,0.9646659075717134,0.950820922852313,4.242640687119285,0.9462498515580184,0.7735664783401645,8939.0,53374.0,1955.0,1268.0
ANFC_000228.png,0.7515063602013219,0.6019304674589391,0.8250643146116545,0.6899907796649943,0.9472574207388971,0.9320373535166622,14.063961030678902,0.8234269391223616,0.6088152530219614,6735.0,54347.0,3026.0,1428.0
ANFC_000229.png,0.7711009174486926,0.6274729377096587,0.8280788177622203,0.7214592275076597,0.9672475860450283,0.9543151855475722,76.6550715869472,0.8192069093394023,0.6795818425159383,5043.0,57499.0,1947.0,1047.0
ANFC_000230.png,0.7595954673133185,0.6123772102922638,0.8370032223853375,0.6952933304271038,0.977900731249953,0.969894409180147,8.94427190999916,0.8705613081138577,0.5680003724375713,3117.0,60446.0,1366.0,607.0
ANFC_000231.png,0.7879232966309324,0.6500605897872546,0.8947368421247708,0.7038926957714109,0.9662287994684697,0.9603424072271677,7.0,0.9270235906726295,0.697179306930312,4828.0,58109.0,2031.0,568.0
ANFC_000232.png,0.7812720169229954,0.641055286983282,0.8555197082542405,0.7188826025791039,0.9591658534086811,0.9478912353523578,5.830951894845301,0.9031079850798102,0.6383000709922264,6099.0,56022.0,2385.0,1030.0
ANFC_000233.png,0.8119266055172742,0.6833976834336364,0.9103010134759792,0.732740776849782,0.9627492575313916,0.9574584960943993,8.231467198674595,0.9383033279485014,0.7557542520335522,6018.0,56730.0,2195.0,593.0
ANFC_000234.png,0.7808156005151318,0.6404409381129967,0.8014606437920665,0.7612074502554647,0.9680265556745894,0.9492340087898372,22.561028345356956,0.8655675645472092,0.6516744477089093,5926.0,56283.0,1859.0,1468.0
ANFC_000235.png,0.6842362128252518,0.5200296736795197,0.7701180994863724,0.6155872668242398,0.9717101542940187,0.9605102539068526,43.93176527297759,0.7743121399334009,0.4505627141652241,2804.0,60144.0,1751.0,837.0
ANFC_000236.png,0.8099709749342716,0.6806312769926453,0.9029311001511492,0.7343653251596393,0.9863612519673439,0.9830169677736967,8.049242250247076,0.8838172532497343,0.7531457905034569,2372.0,62051.0,858.0,255.0
ANFC_000237.png,0.7875189489909653,0.649510314721919,0.9019097222506048,0.698878923834332,0.9783666237116887,0.9743347167972667,7.0,0.9349126613169915,0.6510266897544119,3117.0,60737.0,1343.0,339.0
ANFC_000238.png,0.8372354073254301,0.7200386154020082,0.9170911646026539,0.770172591861606,0.9739652089638894,0.9690246582035977,4.123105625617661,0.9410033465377599,0.7797274124578272,5221.0,58285.0,1558.0,472.0
ANFC_000239.png,0.6199347033570318,0.4492067911357621,0.5754010696700889,0.671940050094946,0.9874384275718953,0.9698028564457734,34.906981773451875,0.6936690830039965,0.6185090148725859,1614.0,61943.0,788.0,1191.0
ANFC_000240.png,0.799807738548449,0.6663996796823388,0.84231840044487,0.7613818348749983,0.983064057806559,0.974578857422263,10.871657678474369,0.8922272949363057,0.6416273092133228,3328.0,60542.0,1043.0,623.0
ANFC_000241.png,0.7708519378665073,0.6271432723587412,0.815879017048038,0.7305348680212365,0.9735750091296754,0.9608459472662225,8.439776372388785,0.8932955404540867,0.7004708823203906,4316.0,58654.0,1592.0,974.0
ANFC_000242.png,0.7847838399296976,0.645797731917695,0.8572901629496206,0.7235857267669998,0.973832946100914,0.9652099609380309,9.848857801796104,0.9066478185967269,0.6246001515427402,4157.0,59099.0,1588.0,692.0
ANFC_000243.png,0.8216151306021245,0.6972383573120108,0.9008558262145022,0.7551876379961162,0.9617196803651694,0.9546661376960044,4.47213595499958,0.9337674586884004,0.7704455729611382,6842.0,55723.0,2218.0,753.0
ANFC_000245.png,0.8732328543103465,0.7749896308741193,0.9712379797304654,0.7931937172921187,0.9458633526578285,0.9503326416023204,7.0710678118654755,0.9852412556295495,0.54696472369791,11211.0,51070.0,2923.0,332.0
ANFC_000246.png,0.837118855015669,0.719866220754524,0.8868562010806051,0.7926640642415361,0.9472856313562052,0.9360961914072252,7.810249675906654,0.8816457478595208,0.7121501979752707,10762.0,50586.0,2815.0,1373.0
ANFC_000247.png,0.761052286894329,0.6142731278212734,0.7919127669713963,0.732506829221999,0.9791768901105903,0.9665985107426973,16.505954108059107,0.7945457054893201,0.6075944370369423,3486.0,59861.0,1273.0,916.0
ANFC_000248.png,0.8316175187723244,0.7117682198757813,0.8773932253539408,0.7903814262370844,0.9789697857051283,0.9705505371098244,5.014852927038904,0.892782832795191,0.7302258794936579,4766.0,58840.0,1264.0,666.0
ANFC_000249.png,0.8341976589206205,0.7155566853316763,0.8835530445821769,0.7900645523631711,0.9599128228954248,0.9487762451179692,5.656854249492381,0.9521337828802982,0.6683319999770376,8445.0,53734.0,2244.0,1113.0
ANFC_000250.png,0.7788165680604251,0.637755596507631,0.8345168653519507,0.7300865320911819,0.9577970511715906,0.9429626464852454,50.875033709805415,0.9059248290274585,0.43245208243299765,6581.0,55217.0,2433.0,1305.0
ANFC_000251.png,0.763747870544208,0.6177929666389822,0.7619306594477321,0.7655737705238287,0.970505835238815,0.9470977783211199,68.44157968529409,0.8070972810567684,0.4595995254718604,5604.0,56465.0,1716.0,1751.0
ANFC_000252.png,0.7259307856772297,0.5697734295649399,0.6761380997017604,0.7836402267055098,0.990186788301396,0.9745025634769516,11.431666538441783,0.8504464738172941,0.4233214490249668,2213.0,61652.0,611.0,1060.0
ANFC_000253.png,0.9050189081064354,0.8265155579515481,0.9364789909629604,0.875603864743137,0.966568019093717,0.9605255126959149,5.0,0.9668585595132234,0.618032098577831,12325.0,50624.0,1751.0,836.0
ANFC_000254.png,0.7993157468353599,0.6657168566537405,0.9220064388906422,0.7054429877071559,0.9336934552035757,0.9319763183604131,6.4031242374328485,0.9414441651829204,0.590811549527065,8878.0,52200.0,3707.0,751.0
ANFC_000255.png,0.667890214426638,0.5013777555734747,0.9544587506069482,0.5136661106744942,0.9382152521936322,0.9392547607431145,61.66400834016587,0.7772962740573104,0.5932132522641428,4003.0,57552.0,3790.0,191.0
ANFC_000256.png,0.7507643924390003,0.6009790210348281,0.8304986471143219,0.6849992029834212,0.9672641728245044,0.9564666748053519,5.0990195135927845,0.8637283608644651,0.7135617524608273,4297.0,58386.0,1976.0,877.0
ANFC_000257.png,0.7904492617137685,0.6535064935364929,0.8687845304018434,0.7250720461359201,0.9496552209409362,0.9389343261728069,4.0,0.9373472217097466,0.7311820233908085,7548.0,53986.0,2862.0,1140.0
ANFC_000258.png,0.8388146324376181,0.7223778871849771,0.9233375278362852,0.7684685410643303,0.9479394982347986,0.9440612792977287,4.47213595499958,0.9710028574929135,0.6870924029058958,9539.0,52331.0,2874.0,792.0
ANFC_000259.png,0.8127325341204851,0.6845403900160807,0.8141460990866083,0.8113238692949284,0.980789593102728,0.965438842773965,12.666210024238499,0.8977191945141115,0.6707369389805329,4915.0,58356.0,1143.0,1122.0
ANFC_000260.png,0.7795115332535612,0.6386881601176297,0.8352024922289509,0.7307832091831017,0.9470003219699674,0.9305725097666845,30.28008240485931,0.849890489600333,0.7220118351469808,8043.0,52943.0,2963.0,1587.0
ANFC_000261.png,0.8378842709420666,0.7209989934750253,0.8704336599171844,0.8076814658345538,0.9478890183133555,0.9323272705088452,4.0,0.940135345074369,0.756725515854608,11461.0,49640.0,2729.0,1706.0
ANFC_000262.png,0.8294905577607877,0.7086577244434239,0.857159065139873,0.8035524356728831,0.9674376785027425,0.9526062011725983,3.605551275463989,0.9643840477141445,0.8015069730435203,7555.0,54875.0,1847.0,1259.0
ANFC_000263.png,0.7887786970692686,0.6512259115487898,0.7647683808154729,0.8143455142194428,0.970761171691776,0.9411773681649601,11.180339887498949,0.8646183936446357,0.7563515317113367,7198.0,54483.0,1641.0,2214.0
ANFC_000264.png,0.7676511306220984,0.6229170568015507,0.842705167213094,0.704872881418459,0.9773819575245603,0.9692687988285941,42.01190307520001,0.8832238332259197,0.6940245025711751,3327.0,60195.0,1393.0,621.0
ANFC_000265.png,0.7947636729942247,0.6594255875029321,0.8517469310870435,0.7449268523189091,0.9628030211798634,0.9502410888679469,5.385164807134504,0.9027118498305364,0.656352672515594,6314.0,55961.0,2162.0,1099.0
ANFC_000266.png,0.8097498190085372,0.6803190051581293,0.8586539281874389,0.7661161427988343,0.942894839537976,0.9278259277354763,12.36931687685298,0.8861462135673914,0.6822999603985417,10066.0,50740.0,3073.0,1657.0
ANFC_000267.png,0.752348357987887,0.6030115560169241,0.794646977419682,0.7143252212784396,0.9650038112989752,0.9481048583992294,27.905099023730862,0.84196925024317,0.6406537760440443,5166.0,56969.0,2066.0,1335.0
ANFC_000268.png,0.6655571128534025,0.49875278987806837,0.6089116846275185,0.7338226772776081,0.9767610503064782,0.9417419433602641,15.962277660168327,0.7548010736269322,0.6035766110634312,3799.0,57919.0,1378.0,2440.0
ANFC_000269.png,0.6960422812379522,0.5337920633863896,0.716926193224848,0.6763406186938564,0.9529815916867119,0.9245300292980266,15.0,0.7848874483351498,0.6658278117625521,5663.0,54927.0,2710.0,2236.0
ANFC_000270.png,0.7720095422274214,0.6286771508550087,0.8635324015594581,0.6980279376133878,0.9761367510271565,0.9693756103520299,56.04462507680822,0.842905082719119,0.741612095675035,3398.0,60131.0,1470.0,537.0
ANFC_000271.png,0.8072682367639351,0.6768229552319446,0.7995806395597448,0.8151050944397746,0.9826459130961054,0.9666595458989463,6.781152949374527,0.9320752704911238,0.6702168051532337,4576.0,58775.0,1038.0,1147.0
ANFC_000272.png,0.8441980501009178,0.7304002646823685,0.8443594646569103,0.844036697277516,0.986469008059124,0.9751281738285046,4.123105625617661,0.9546764519016927,0.8022464430905549,4416.0,59490.0,816.0,814.0
ANFC_000273.png,0.8177245509091183,0.6916531604850432,0.8757214313356776,0.7669324946908983,0.9640624188163276,0.9535522460944589,10.148529270389176,0.8950326610454431,0.6908995294346809,6828.0,55664.0,2075.0,969.0
ANFC_000274.png,0.6292495189620216,0.45905474973341837,0.539208501366946,0.7553901437999512,0.9841372881922811,0.9470825195320576,140.34079615641852,0.7424255105480606,0.39045119210205664,2943.0,59125.0,953.0,2515.0
ANFC_000275.png,0.8518138414237735,0.74187781752356,0.8274815778216315,0.8776204487056252,0.9753523082910437,0.9493255615242109,6.4031242374328485,0.9068476239237521,0.7986348409037979,9545.0,52670.0,1331.0,1990.0
ANFC_000276.png,0.7405223941913925,0.587959953245617,0.8208386277326487,0.674522673079576,0.9636496909730013,0.9516448974616755,54.13387984434628,0.8280487519441923,0.6839063342813135,4522.0,57845.0,2182.0,987.0
ANFC_000277.png,0.7322868052798552,0.5776439090163271,0.8012999071802384,0.6742187500424195,0.9576463418770077,0.9422302246102566,18.0,0.7926617393760154,0.6556464911906562,5178.0,56572.0,2502.0,1284.0
ANFC_000278.png,0.8548321405798085,0.7464688548169425,0.9427618069888652,0.7819052687831927,0.9645157938493261,0.9619293212896435,7.060407640085648,0.9155930648451084,0.6200428738045771,7346.0,55695.0,2049.0,446.0
ANFC_000279.png,0.7964490152422408,0.6617492946665257,0.9422635445428991,0.6897160141413446,0.9350098549919926,0.9359741210947271,6.0,0.9451165218403399,0.5016801282258898,8209.0,53131.0,3693.0,503.0
ANFC_000280.png,0.8622306717451058,0.7578255542210287,0.9038129400951491,0.8243063128772197,0.9750038787089071,0.9668273925786313,4.47213595499958,0.9643761262386426,0.7056578121684718,6803.0,56559.0,1450.0,724.0
ANFC_000281.png,0.8288847908459243,0.7077739101850014,0.9111277072536939,0.7602599483877629,0.9520502822151229,0.9461975097664461,7.280109889280518,0.9030883021665062,0.7498278611056242,8540.0,53470.0,2693.0,833.0
ANFC_000282.png,0.7765112705061148,0.6346697372935549,0.8130615529283812,0.7431057727977564,0.9639112243674322,0.9467468261726877,7.12708170749049,0.830302590374751,0.6862076357755135,6063.0,55983.0,2096.0,1394.0
ANFC_000283.png,0.7574326201818985,0.6095706619211877,0.7422014780441695,0.7733019938585426,0.9469068544646665,0.9067535400404855,11.0,0.8092537366991921,0.6225728632141758,9541.0,49884.0,2797.0,3314.0
ANFC_000284.png,0.7445582586632076,0.5930647629279622,0.7296110414476771,0.7601307189934428,0.9751859364439623,0.9512939453132433,12.0,0.8599055109968766,0.7073462353769109,4652.0,57692.0,1468.0,1724.0
ANFC_000285.png,0.8119128218853633,0.6833781534330018,0.8129951249380717,0.8108333966564739,0.9524881697459837,0.9245452880870889,8.54400374531753,0.8827321836838334,0.6861377741666025,10673.0,49918.0,2490.0,2455.0
ANFC_000286.png,0.8135170851495745,0.6856542770057501,0.8163837526662334,0.8106704793580652,0.9519296904862069,0.9246368408214626,8.06225774829855,0.8751992441338999,0.6842730932642987,10773.0,49824.0,2516.0,2423.0
ANFC_000287.png,0.8063875248413844,0.6755857044359282,0.9053872053951695,0.7269041022013311,0.9246868942909519,0.9211883544933902,30.805843601498726,0.8485987508211195,0.49230719836244075,10756.0,49615.0,4041.0,1124.0
ANFC_000288.png,0.8608334904836492,0.7556695911475195,0.8891702376422701,0.8342470760385373,0.9671781139182316,0.9549560546881875,6.708203932499369,0.9546056398177113,0.56237378412222,9130.0,53454.0,1814.0,1138.0
ANFC_000289.png,0.802266539119793,0.6698205947610089,0.85045635386142,0.7592450727934226,0.9344234307731012,0.9179992675793763,8.94427190999916,0.8550481494686001,0.5995213266883495,10902.0,49260.0,3457.0,1917.0
ANFC_000291.png,0.7797047105823937,0.6389475706127379,0.8602456367342928,0.7129540341034015,0.9536513209122048,0.9426269531258755,8.54400374531753,0.8761168800203751,0.6981465418045611,6654.0,55122.0,2679.0,1081.0
ANFC_000292.png,0.7624589550786625,0.616108013729018,0.8456573852253682,0.694164837683027,0.9261108063644887,0.9127960205091432,17.87169395266536,0.7867777691582626,0.6002599350829556,9172.0,50649.0,4041.0,1674.0
ANFC_000293.png,0.8197378978456982,0.694538862486456,0.9330289193404827,0.730980205135824,0.9617406641121707,0.9588623046881278,6.4031242374328485,0.9162427827338013,0.8095870949441895,6130.0,56710.0,2256.0,440.0
ANFC_000294.png,0.7888783478224565,0.6513617739634416,0.7890510949213064,0.7887056763769582,0.9753263129200265,0.9558563232428612,7.531857301718061,0.8891766078235082,0.6770627638115486,5405.0,57238.0,1448.0,1445.0
ANFC_000295.png,0.7921825685972212,0.6558793970195096,0.9000137912150029,0.707425474286458,0.9536930599647646,0.9477539062507974,5.830951894845301,0.915921693989208,0.7040644562836234,6526.0,55586.0,2699.0,725.0
ANFC_000296.png,0.8078878829458157,0.6776945485481284,0.8908643326337898,0.7390515090222256,0.9814156431806494,0.9763641357425482,10.0,0.8921166878368817,0.8064893170389286,3257.0,60730.0,1150.0,399.0
ANFC_000297.png,0.8181690536493844,0.6922894143171808,0.8682759648534829,0.773529802233701,0.9709987250323672,0.9604797363287282,5.385164807134504,0.9177997244286924,0.7730424851796642,5827.0,57119.0,1706.0,884.0
ANFC_000298.png,0.7616920977694026,0.6151071929858638,0.8171413361968137,0.7132899628585863,0.9574644100520929,0.9413757324227696,12.36931687685298,0.8688569614040347,0.6720208128049493,6140.0,55554.0,2468.0,1374.0
ANFC_000299.png,0.7742468014990715,0.631649831685267,0.9193503220499369,0.6687035339985026,0.944292221804564,0.9415740966805791,10.12395732415323,0.9042769462571412,0.5655713350155553,6566.0,55141.0,3253.0,576.0
ANFC_000300.png,0.7694149123586979,0.6252431628761594,0.8530835285163023,0.7006924852910115,0.9605283184799762,0.9500274658210751,8.952631123499291,0.8722046703596836,0.691835163587956,5464.0,56797.0,2334.0,941.0
ANFC_000301.png,0.8647148871094186,0.761672004065256,0.9650827549423296,0.7832567813689872,0.9554752452340981,0.9568481445319086,8.06225774829855,0.9345781251614061,0.5287816841798568,9038.0,53670.0,2501.0,327.0
ANFC_000302.png,0.7509940892261157,0.6012734469796466,0.8409145608084441,0.678446602004185,0.9730209674007751,0.9646453857427271,7.280109889280518,0.8761826044723235,0.7103431422722661,3494.0,59725.0,1656.0,661.0
ANFC_000303.png,0.804930541987387,0.673542894617953,0.9444444444571982,0.7013296966073423,0.9713631905856266,0.9695739746098394,13.863346641378328,0.8991949585269328,0.7518551035345414,4114.0,59428.0,1752.0,242.0
ANFC_000304.png,0.7841338804582723,0.6449179460501697,0.8342749529473934,0.7396782028324714,0.9712706256810241,0.9590606689459373,8.48528137423857,0.8467297347953772,0.698580448856187,4873.0,57980.0,1715.0,968.0
ANFC_000305.png,0.7695902663160392,0.6254747871889015,0.9181005479267422,0.6624358441071968,0.9117225618066906,0.9127349853528942,15.684258334167174,0.8434353818198317,0.3489055480516241,9551.0,50266.0,4867.0,852.0
ANFC_000306.png,0.7482651352299277,0.5977824508511216,0.7956743003064441,0.7061878952786386,0.978881927085367,0.9678955078129899,4.47213595499958,0.8230948162523163,0.7132293779254228,3127.0,60305.0,1301.0,803.0
ANFC_000307.png,0.7811511701627806,0.6408925791851463,0.8289981540813898,0.7385259381464305,0.9706430333858596,0.9577636718756446,10.00997512422417,0.8552144979895859,0.7622793919443263,4940.0,57828.0,1749.0,1019.0
ANFC_000308.png,0.6920133111737093,0.529067548717839,0.739640761205826,0.650148507167399,0.9626458364634947,0.9435119628914871,38.04993413815481,0.7833175243419015,0.6770634551004012,4159.0,57675.0,2238.0,1464.0
ANFC_000310.png,0.8208433734993722,0.6961275161083005,0.9757250268545846,0.7083961528615339,0.8912373233039647,0.909240722657635,12.727922061357855,0.9369280895626095,0.3163242713934011,13626.0,45962.0,5609.0,339.0
ANFC_000311.png,0.8213498015063465,0.6968562874440584,0.9668541756843917,0.7139114320586676,0.9170634112017735,0.9258422851573817,13.0,0.9077081091700062,0.4110227218873228,11172.0,49504.0,4477.0,383.0
ANFC_000313.png,0.8116567728110277,0.6830154405374191,0.9543147208179804,0.7061032864125725,0.9457125017353665,0.9467468261726877,13.601470508735444,0.8901729140365271,0.4370913634299996,7520.0,54526.0,3130.0,360.0
ANFC_000314.png,0.8363815419361015,0.7187764478637678,0.8562581017058537,0.817406847268334,0.9773351765573134,0.9645080566411667,4.242640687119285,0.954048642399125,0.7380070050871933,5945.0,57265.0,1328.0,998.0
ANFC_000315.png,0.7638766061611675,0.6179614510884638,0.8408153916810793,0.699837956372144,0.9445637631162495,0.9307403564463694,9.0,0.876583247760646,0.5899224311647592,7342.0,53655.0,3149.0,1390.0
ANFC_000316.png,0.7406274845733822,0.5880924631324697,0.7123529412103115,0.7712393325982373,0.9685111157870728,0.935287475586925,30.043285291884757,0.8467050990883436,0.6642185707059036,6055.0,55240.0,1796.0,2445.0
ANFC_000317.png,0.8286701884935322,0.7074610245314632,0.8754306187301322,0.7866518078520738,0.970435319755479,0.9599151611334242,4.0,0.9414339784941592,0.771183965059251,6353.0,56556.0,1723.0,904.0
ANFC_000319.png,0.8230822643780623,0.6993541175196029,0.9288954879213978,0.7389107611719875,0.9255050268675135,0.9261322021495647,9.219544457292887,0.9224954601466554,0.4591116862598909,11261.0,49434.0,3979.0,862.0
ANFC_000320.png,0.9068627451038925,0.8295964125756472,0.9123672230763319,0.9014242878683878,0.9863087388077617,0.9773864746097202,5.0,0.989932382820151,0.6464537704689153,7215.0,56839.0,789.0,693.0
ANFC_000321.png,0.7802885635592888,0.6397321040584734,0.7635212291328225,0.7978088730016478,0.966656530061595,0.9367980957040895,7.085071285771713,0.8650251595696076,0.717243020106523,7355.0,54039.0,1864.0,2278.0
ANFC_000323.png,0.7067791113028253,0.5465262102968331,0.611563289471916,0.8371110258021087,0.9931583108774279,0.9724121093754211,153.08186698743268,0.6965870125830369,0.5407657577297927,2179.0,61549.0,424.0,1384.0
ANFC_000324.png,0.8343014896282106,0.7157094928245797,0.886458078723239,0.787941336253347,0.9659657565302164,0.9560394287116084,4.242640687119285,0.9358313141666617,0.8051145254434199,7253.0,55402.0,1952.0,929.0
ANFC_000325.png,0.8112678875307081,0.6824648539706655,0.8409751037509362,0.7835878600634459,0.9599434664383866,0.9424438476571283,7.0710678118654755,0.9014241646117056,0.7216832703836168,8107.0,53657.0,2239.0,1533.0
ANFC_000326.png,0.7952493551270825,0.6600945668962357,0.927192982465264,0.6961799021738634,0.9438981166178348,0.9418640136727622,16.0,0.8745716246761832,0.49168612461803485,7399.0,54327.0,3229.0,581.0
ANFC_000327.png,0.7540493788524887,0.6052000505357567,0.871976723063834,0.6642194210189473,0.9596248979802517,0.9522705078132284,10.014962686336265,0.8118393021851156,0.6094782314705779,4795.0,57613.0,2424.0,704.0
ANFC_000328.png,0.7649547422390321,0.6193738548857346,0.8251087764167347,0.7129756992468614,0.9442196995358613,0.9270935058604876,8.246211251235321,0.8953814586045401,0.7155786127726644,7775.0,52983.0,3130.0,1648.0
ANFC_000329.png,0.7368178324568164,0.583302908654825,0.8382301504305298,0.6572956665308152,0.9582232772750974,0.9477539062507974,15.787551432090376,0.8110377591876964,0.6812508573437066,4793.0,57319.0,2499.0,925.0
ANFC_000330.png,0.8645229309525222,0.7613741875857273,0.9040793825931533,0.8282828283045097,0.976664378861073,0.9686279296879788,6.324555320336759,0.9495114038309906,0.689369028791474,6560.0,56920.0,1360.0,696.0
ANFC_000331.png,0.7003484320992526,0.5388739947410915,0.7654712790334905,0.6454375168195243,0.9787609200933115,0.9685058593754806,17.861312705829345,0.760132219546039,0.4983725831131931,2412.0,61060.0,1325.0,739.0
ANFC_000332.png,0.7375741460689739,0.5842514582656754,0.6741447000048336,0.8141792730155386,0.986325950786942,0.9608459472662225,116.77589165297553,0.8066060811520547,0.5354289890307335,3606.0,59364.0,823.0,1743.0
ANFC_000333.png,0.7447426911019418,0.5932988287678292,0.7871340803082276,0.7066839715422829,0.9855979862673359,0.9772186279300352,7.867174773134649,0.8060427181089344,0.689546896553571,2178.0,61865.0,904.0,589.0
ANFC_000335.png,0.7520771599702472,0.6026631902781765,0.7657359205199082,0.73889713440588,0.9599362343220529,0.934890747071306,14.0,0.8226511003163712,0.6869952436502835,6472.0,54797.0,2287.0,1980.0
ANFC_000336.png,0.8918157487046192,0.8047540358707571,0.9012099644268741,0.8826153631837982,0.985609543504886,0.9765625000003577,4.242640687119285,0.9812305559123914,0.7244418900223065,6331.0,57669.0,842.0,694.0
ANFC_000337.png,0.7842239518749281,0.6450398106687067,0.7643758766078828,0.8051302713127679,0.9748496351381476,0.9496612548835807,15.599999999999909,0.8598485806944669,0.7175531598860826,5995.0,56242.0,1451.0,1848.0
ANFC_000338.png,0.8052691105179117,0.6740171511667205,0.8308621636695687,0.781205628013269,0.9709022866172681,0.9553375244147441,5.0,0.883281482011487,0.70833452322033,6052.0,56557.0,1695.0,1232.0
ANFC_000339.png,0.8091729447959953,0.679505005606298,0.8164049449020373,0.8020679468567097,0.9797481108315743,0.9648284912114743,5.0,0.9356472545515048,0.7021325863599255,4887.0,58344.0,1206.0,1099.0
ANFC_000340.png,0.8230643744620991,0.6993282866297763,0.8961606777023964,0.7609931546860432,0.9646151467790403,0.9569702148444067,4.0,0.9137317778754062,0.8193384979587035,6559.0,56157.0,2060.0,760.0
ANFC_000341.png,0.8222023087964682,0.6980844969837017,0.8238960490361403,0.8205155181672261,0.9695737471023796,0.948532104492973,5.0990195135927845,0.9455315156277782,0.7319835268050182,7799.0,54364.0,1706.0,1667.0
ANFC_000342.png,0.8361809045304531,0.7184801381924105,0.8786964393604209,0.797589701470137,0.9601215958563852,0.9477691650398596,18.35755975068582,0.8995776809875778,0.7305392411747337,8736.0,53377.0,2217.0,1206.0
ANFC_000343.png,0.7801754802096194,0.6395800933406236,0.7997083130967712,0.7615740740961505,0.9533945086975187,0.9292755126963917,17.0,0.811412419248816,0.673029273080719,8225.0,52676.0,2575.0,2060.0
ANFC_000344.png,0.8856990150503399,0.7948471975065304,0.9272581934568732,0.8477053493353252,0.982422698672721,0.9771575927737861,3.605551275463989,0.9814552334202206,0.7641749577217322,5800.0,58239.0,1042.0,455.0
ANFC_000345.png,0.7118644069605371,0.5526315793833999,0.8424962855237796,0.6163043482431474,0.9945577602023564,0.9929962158204195,5.0,0.8909168335656911,0.6502633032285934,567.0,64510.0,353.0,106.0
ANFC_000346.png,0.8119872760914124,0.6834836528067244,0.8520730850576119,0.7755036776822029,0.9765390014040415,0.965728759766148,5.385164807134504,0.9144260920919265,0.7670242667481366,4850.0,58440.0,1404.0,842.0
ANFC_000347.png,0.7348178137875491,0.5808000000558934,0.7901324143315559,0.6867412896599809,0.9668960231916616,0.9520263671882321,13.218811794724115,0.8077002287598866,0.7053366482028232,4356.0,58036.0,1987.0,1157.0
ANFC_000348.png,0.7831896969320045,0.6436415725539325,0.8639179662755996,0.716259298668746,0.9736751294063976,0.9658355712895839,5.0990195135927845,0.8984521436601505,0.7762132526622797,4044.0,59253.0,1602.0,637.0
ANFC_000350.png,0.7242531857401031,0.5677091862505798,0.8892023596077963,0.6109251102007179,0.9641773610012788,0.9597167968756147,14.17034953565932,0.8405940429213293,0.6103476823939629,3467.0,59429.0,2208.0,432.0
ANFC_000351.png,0.741525423752623,0.589225589285723,0.9426229508331093,0.6111448527769291,0.9581986746326152,0.9571838378912785,18.027756377319946,0.864855156360648,0.5280056001528748,4025.0,58705.0,2561.0,245.0
ANFC_000352.png,0.7580786026729085,0.6104078763676485,0.7805755396670075,0.7368421053748548,0.9902072276979055,0.9830932617190081,5.830951894845301,0.9043962094564185,0.6799153801355657,1736.0,62692.0,620.0,488.0
ANFC_000354.png,0.7038635026766167,0.5430473597302091,0.8385514019068804,0.6064548834730559,0.961979234687835,0.9539184570319532,13.9355494494657,0.7735799737905169,0.6887676111682601,3589.0,58927.0,2329.0,691.0
ANFC_000355.png,0.8866183256501899,0.7963291888932706,0.9060900027073444,0.8679659267077999,0.9823966686171595,0.9737548828129006,5.0,0.9826727650568668,0.7070833052098991,6725.0,57091.0,1023.0,697.0
ANFC_000356.png,0.6838400000252928,0.5195720885582821,0.782497253793025,0.607274794031362,0.9539900789034526,0.9396972656259203,27.497261219724226,0.7497077652756631,0.526852739416355,4274.0,57310.0,2764.0,1188.0
ANFC_000357.png,0.7528053863615898,0.6035989717733163,0.8318866253619333,0.687454252717398,0.9643519059630937,0.9529418945319682,13.341664064126334,0.8692996784681107,0.74759632452653,4696.0,57756.0,2135.0,949.0
ANFC_000358.png,0.6564561207762486,0.48860043276941245,0.5815012874665277,0.753593429221357,0.9841288210692524,0.9531097412116531,24.574781258040993,0.7560337002285846,0.41047281733586705,2936.0,59527.0,960.0,2113.0
ANFC_000359.png,0.7766274287651925,0.6348249479168038,0.8182904961690703,0.7390013495981103,0.9844508763469295,0.9759674072269293,4.0,0.9112110096384379,0.8074771587527458,2738.0,61223.0,967.0,608.0
ANFC_000360.png,0.7751578405134444,0.6328634547374576,0.7778639773007852,0.7724704674441524,0.9856329760497878,0.973373413086344,9.891899366389326,0.8669451483182473,0.77208621892673,3008.0,60783.0,886.0,859.0
ANFC_000390.png,0.9024962662736027,0.822317262847753,0.9392694570956734,0.8684939944699216,0.97733906490514,0.9721069335941758,4.47213595499958,0.9806695410136692,0.7959736021865889,8460.0,55248.0,1281.0,547.0
ANFC_000391.png,0.866337769626759,0.7641939075231056,0.8795573675154854,0.8535096643095389,0.9772435953718592,0.9644470214849176,5.0,0.9726205351229404,0.7089051075115375,7551.0,55655.0,1296.0,1034.0
ANFC_000392.png,0.8812583074943919,0.7877227722982453,0.9171181556291507,0.848097217796813,0.9749388860559094,0.9672851562504993,3.0,0.9526590889140104,0.8301171623094145,7956.0,55436.0,1425.0,719.0
ANFC_000393.png,0.8600944106273453,0.754531268784716,0.9458320794544339,0.7886087065878047,0.9713873323149705,0.9687957763676638,3.1622776601683795,0.9710030417712836,0.8168782649883757,6286.0,57205.0,1685.0,360.0
ANFC_000394.png,0.7796993331197186,0.6389403483105836,0.8133474826301913,0.7487246282699745,0.9594251161167395,0.9405212402352827,13.545951715614398,0.881231869071772,0.7588850320835592,6898.0,54740.0,2315.0,1583.0
ANFC_000395.png,0.8218899521637626,0.6976342776223339,0.8711804234980118,0.7778784105312037,0.965966452150671,0.9545593261725684,4.47213595499958,0.9335846202153036,0.8254120149912015,6871.0,55687.0,1962.0,1016.0
ANFC_000396.png,0.7941305300194094,0.6585543044365475,0.8310160428065675,0.7603802600642555,0.9709447203815676,0.9569702148444067,5.0990195135927845,0.8852820712063687,0.7849647988707635,5439.0,57277.0,1714.0,1106.0
ANFC_000397.png,0.8450658952188436,0.7317005288309026,0.8751664447541981,0.8169670603048511,0.9687389427505354,0.9558715820319235,10.246492523530522,0.918311821960487,0.6849098817848704,7887.0,54757.0,1767.0,1125.0
ANFC_000398.png,0.8542549390038157,0.7455890215874542,0.8979394720006504,0.8146236978079424,0.9661318438940174,0.9564361572272273,3.1622776601683795,0.962395293711069,0.836804696897483,8367.0,54314.0,1904.0,951.0
ANFC_000401.png,0.7429942825056121,0.591082659524811,0.7612091409081271,0.725630773510874,0.9660536999766972,0.9444427490242854,51.62363799656123,0.7821986775826135,0.49655730038267454,5263.0,56632.0,1990.0,1651.0
ANFC_000402.png,0.8431345544906852,0.7288095238740929,0.962578616363969,0.7500612595564662,0.983642311886849,0.9826202392580778,5.0,0.9740927612884651,0.7254401428141178,3061.0,61336.0,1020.0,119.0
ANFC_000403.png,0.7268957818573563,0.5709632970598818,0.9007905138535988,0.6092768347000032,0.9516667769040336,0.9477386474617351,5.0,0.8728343278229281,0.7315346761962636,4558.0,57553.0,2923.0,502.0
ANFC_000404.png,0.853144915495837,0.7438994926516953,0.9189216076483365,0.7961558352183972,0.9573750991284447,0.9514770507819905,3.0,0.9424499654437504,0.8313348115524608,9237.0,53119.0,2365.0,815.0
ANFC_000405.png,0.8194391712415556,0.6941100799692999,0.8327637526366704,0.8065342729226421,0.9679093243607915,0.9492034912117127,6.0,0.9130922526772853,0.7856315060284602,7554.0,54653.0,1812.0,1517.0
ANFC_000406.png,0.8616514759990714,0.7569311663770398,0.8988221938557085,0.8274330503164686,0.9774145565836753,0.9689636230473487,3.1622776601683795,0.9651413690361852,0.8379968432422845,6334.0,57168.0,1321.0,713.0
ANFC_000407.png,0.8312542307401966,0.7112361410134671,0.9437856829222897,0.7426991532968119,0.9472247820240444,0.9467468261726877,4.0,0.9182313309849649,0.8310765402682205,8596.0,53450.0,2978.0,512.0
ANFC_000408.png,0.6658463221676447,0.4990776799550978,0.8179375210554459,0.5614480056348978,0.9695967007150115,0.9627075195318191,70.21395872616783,0.7137609859861658,0.5086290481296935,2435.0,60657.0,1902.0,542.0
ANFC_000409.png,0.6602924636331313,0.4928631406441115,0.722017220514124,0.6082901558463314,0.994159726835991,0.9907836914063908,5.0,0.672005239103284,0.746547124834249,587.0,64345.0,378.0,226.0
ANFC_000410.png,0.8294614827418758,0.7086152830740539,0.9077167019125035,0.7636282792562358,0.9526000427999037,0.9461212158211347,7.548640462547139,0.9094005405110868,0.7904011073244077,8587.0,53418.0,2658.0,873.0
ANFC_000411.png,0.8813298875545624,0.7878371628636567,0.9046458273724339,0.8591856189760063,0.9823434991977332,0.9740753173832082,4.123105625617661,0.9449850996647039,0.8397919583329848,6309.0,57528.0,1034.0,665.0
ANFC_000412.png,0.8183838912252626,0.6925971008418063,0.8931221461339723,0.7551882239677621,0.9653328321493074,0.9576110839850219,74.33034373659252,0.8779765745845821,0.7005862093471995,6259.0,56499.0,2029.0,749.0
ANFC_000413.png,0.8233476953236852,0.699737460315084,0.8822299651773119,0.771833561991795,0.9749648805944383,0.9668426513676935,23.41590306828766,0.9149580063538827,0.8426961287577226,5064.0,58299.0,1497.0,676.0
ANFC_000414.png,0.8177897574246773,0.6917464660634124,0.9381570810237853,0.7247969422211183,0.9609941084857961,0.9587402343756297,54.90809681335184,0.84510356916078,0.8077360765504439,6068.0,56764.0,2304.0,400.0
ANFC_000415.png,0.8394692208001862,0.7233493810416652,0.9050231257497017,0.7827704902983746,0.9584807695734547,0.9508972167976244,7.0,0.9161909292642945,0.7840193544672353,8414.0,53904.0,2335.0,883.0
ANFC_000416.png,0.7945093219023746,0.6590754589873979,0.8133389262527941,0.7765318382953418,0.99116417532317,0.9846954345705461,9.0,0.918408728144209,0.7111701618707386,1939.0,62594.0,558.0,445.0
ANFC_000417.png,0.754908675813076,0.6063078757122666,0.7543059199550238,0.7555123957779605,0.9623033697975603,0.9344787597666249,12.041594578792296,0.8372088013931248,0.7140165402326117,6613.0,54629.0,2140.0,2154.0
ANFC_000418.png,0.7672965797464238,0.6224502724410934,0.7956275303974693,0.7409138893468686,0.9710584390429565,0.9545288085944439,7.0,0.8520373947254671,0.7858345272448587,4913.0,57643.0,1718.0,1262.0
ANFC_000419.png,0.7900445564701362,0.6529534295749924,0.8264595103741563,0.7567031640868435,0.9486124262519373,0.9288177490245237,8.246211251235321,0.8741658331681899,0.7459412921968264,8777.0,52094.0,2822.0,1843.0
ANFC_000420.png,0.826214071465003,0.7038882060099704,0.8867878392789317,0.7733864088873055,0.9401505622629367,0.9301605224620033,7.224904018598473,0.91840354691666,0.6682252569693292,10880.0,50079.0,3188.0,1389.0
ANFC_000421.png,0.834029156126615,0.7153087579578177,0.8708017722065454,0.8002364066456217,0.9740173217859202,0.9629974365240023,5.0,0.928615541397364,0.8293251113177929,6093.0,57018.0,1521.0,904.0
ANFC_000422.png,0.8449063836175066,0.7314613912276373,0.8542256670361864,0.8357882456123978,0.980859129311696,0.9678955078129899,5.385164807134504,0.9175919986735294,0.7229596492282466,5731.0,57701.0,1126.0,978.0
ANFC_000511.png,0.8079164972341116,0.6777348192315517,0.8029098747402789,0.8129859501005339,0.9764080326264966,0.9567565917975349,8.0,0.9117357791868197,0.5422413597246479,5960.0,56742.0,1371.0,1463.0
ANFC_000512.png,0.7769510582194981,0.6352575368885687,0.7603559870937936,0.7942866802240894,0.97949659680606,0.9588317871100033,9.219544457292887,0.8969496197907475,0.6206118514134182,4699.0,58139.0,1217.0,1481.0
ANFC_000513.png,0.7988235294286703,0.6650342801643999,0.7601151447688925,0.8416858509223153,0.9849197915087813,0.9634704589849326,6.082762530298219,0.9069633615618768,0.8021561959901459,4753.0,58389.0,894.0,1500.0
ANFC_000514.png,0.6149204608845528,0.4439603962598177,0.46112710840759896,0.922633744919643,0.9985104191427223,0.978576660156577,113.086689274193,0.7121207480748212,0.4863192165071639,1121.0,63011.0,94.0,1310.0
ANFC_000515.png,0.815065403719546,0.687856871014873,0.7732135216574211,0.8617072007959686,0.9904702441590735,0.9749755859378819,17.542653036005074,0.8889309137578086,0.5659959522636355,3614.0,60282.0,580.0,1060.0
ANFC_000516.png,0.839832181658461,0.7238885344131273,0.8509627407224399,0.8289890378004898,0.9885922290656257,0.9801940917971773,11.206557888659958,0.8713984772841327,0.5753867526615158,3403.0,60835.0,702.0,596.0
ANFC_000518.png,0.8815550041454462,0.7881970123076176,0.9262993221056319,0.8409341960168953,0.9831390194539729,0.9781494140628335,7.0,0.9632101963348353,0.49328131865219893,5329.0,58775.0,1008.0,424.0
ANFC_000519.png,0.8430964633917556,0.7287526027392102,0.9422418012867739,0.7628294036530949,0.9805207485763952,0.9781341552737712,8.06225774829855,0.9677414272878506,0.33184774394589833,3850.0,60253.0,1197.0,236.0
ANFC_000520.png,0.8280677256215685,0.7065832589057814,0.8620752317168681,0.7966414777839393,0.9798277613982338,0.9699401855473337,71.76205489052832,0.8231976377485568,0.4653056223645508,4744.0,58822.0,1211.0,759.0
ANFC_000522.png,0.7980717729131478,0.6639928699180044,0.7204033706699263,0.8945111492462245,0.9894505720707849,0.959732055664677,12.0,0.8865156580313214,0.648587012684086,5215.0,57682.0,615.0,2024.0
ANFC_000523.png,0.678113927544547,0.5129896908220639,0.5925220291515784,0.7926091112479742,0.9893865040678647,0.963958740234925,13.270665112249123,0.8180457974965039,0.5371188173047067,2488.0,60686.0,651.0,1711.0
ANFC_000524.png,0.7171615501466629,0.5590427620403913,0.6634078213857506,0.780394304610956,0.9936738814918648,0.9828491210940118,5.70037866083061,0.8108049382486744,0.5284241744941766,1425.0,62987.0,401.0,723.0
ANFC_000525.png,0.768970129311728,0.6246559467442191,0.7113163972762593,0.8367941005556386,0.9858593671186424,0.9604644775396659,16.01717074803477,0.9328809484996984,0.7134776664633485,4312.0,58633.0,841.0,1750.0
ANFC_000526.png,0.7724542534191292,0.6292671826059928,0.8273488929301769,0.7243908829645295,0.9830851850663556,0.9751434326175669,5.385164807134504,0.9236680797846568,0.5868784655774566,2765.0,61142.0,1052.0,577.0
ANFC_000528.png,0.7029096478553064,0.5419126330020022,0.7367576245389205,0.6720351392523012,0.98944508143953,0.9822387695315211,6.106941809302051,0.7583650611451038,0.7050951319915543,1377.0,62995.0,672.0,492.0
ANFC_000532.png,0.7868700879394961,0.6486280490483017,0.752431476788301,0.8246124032707243,0.9971896591879948,0.992965698242295,5.855632066119851,0.9061219460867701,0.7710376192007089,851.0,64224.0,181.0,280.0
ANFC_000533.png,0.8034255599731982,0.6714380093214185,0.7493241583314514,0.8659471741363399,0.9923210828575931,0.9772338867190975,9.989949493661152,0.8643612426270774,0.7178963972972445,3049.0,60995.0,472.0,1020.0
ANFC_000534.png,0.7397387195645568,0.5869725041042534,0.8490004253830283,0.6553932031430975,0.9654962685346107,0.9571380615240916,6.708203932499369,0.8622644645315327,0.6282109747709945,3992.0,58735.0,2099.0,710.0
ANFC_000535.png,0.8318441600392945,0.7121003308004272,0.8400260120565719,0.8238201530893144,0.9813926075611452,0.968124389648924,10.714256093655251,0.8806424208476172,0.717894940855832,5167.0,58280.0,1105.0,984.0
ANFC_000536.png,0.8058086560917401,0.6747734860873756,0.9093830334772602,0.7234151330657387,0.9915442325728111,0.9895935058595339,14.439335999774833,0.867646555321361,0.4913728637853958,1415.0,63439.0,541.0,141.0
ANFC_000537.png,0.9083416087433792,0.8320749568059607,0.9114188919976666,0.9052850356388277,0.9827567567570674,0.9718322753910549,6.0,0.9897285133940881,0.6412932134474594,9147.0,54543.0,957.0,889.0
ANFC_000538.png,0.8239805901297652,0.7006522028683181,0.8963814389189969,0.762401332481541,0.9390046662092356,0.9313659667979224,8.0,0.950801932702693,0.4943946025601711,10528.0,50510.0,3281.0,1217.0
ANFC_000539.png,0.9029781692346215,0.823117775706147,0.9759964439193958,0.8401249920387651,0.9518236673209611,0.9568023681647218,5.385164807134504,0.9962681549080689,0.6081191592063643,13174.0,49531.0,2507.0,324.0
ANFC_000540.png,0.8125655606573972,0.6843035150005298,0.9103166749245032,0.733772061049579,0.9535264220574823,0.9481964111336031,8.06225774829855,0.9219325864022465,0.40640611327026865,7359.0,54782.0,2670.0,725.0
ANFC_000541.png,0.9057450893544308,0.8277276899083449,0.9462445226225856,0.8685701337033441,0.9529726552215967,0.9513092041023056,5.385164807134504,0.9455617882020932,0.657634950981957,15332.0,47013.0,2320.0,871.0
ANFC_000542.png,0.8398870164130919,0.7239700169763107,0.9232486743006385,0.7703324212743592,0.9229552378735459,0.9230194091808622,19.0,0.9091339168168602,0.6187811412333485,13232.0,47259.0,3945.0,1100.0
ANFC_000543.png,0.7975075128249289,0.6632120544165224,0.8897544620954783,0.7225914951771769,0.9374672804416018,0.9300842285166919,13.0,0.8627593320897669,0.5542688117029584,9023.0,51931.0,3464.0,1118.0
ANFC_000544.png,0.8901618768741298,0.802064605938522,0.9149851141306659,0.8666499561432103,0.9577953630440135,0.9479217529304823,5.830951894845301,0.9735023756290163,0.6234525737810966,13830.0,48293.0,2128.0,1285.0
ANFC_000545.png,0.8522257273097713,0.7425029011334207,0.8313047046067215,0.8742269524036943,0.9656466059089086,0.9356689453134818,8.012451549659698,0.9583328326337511,0.632670253647642,12157.0,49163.0,1749.0,2467.0
ANFC_000546.png,0.864899598399,0.761958675363575,0.9178315717765231,0.8177399757125046,0.9553936510304922,0.9486694335945334,6.324555320336759,0.9329048243307831,0.640013032099394,10768.0,51404.0,2400.0,964.0
ANFC_000547.png,0.7106440537185887,0.551162040098263,0.8883975026304897,0.5921623028277853,0.9618751215722966,0.9575653076178351,40.462317301592606,0.7562115079432343,0.7065980247898127,3415.0,59340.0,2352.0,429.0
ANFC_000548.png,0.7849355797931805,0.6460032626731345,0.8205911222793553,0.7522495501147521,0.9560381074040478,0.9370880126962725,14.952964612046616,0.8459620514465073,0.6966933213645464,7524.0,53889.0,2478.0,1645.0
ANFC_000549.png,0.8587803759824174,0.7525110486387594,0.8955295242773692,0.8249284298805408,0.9721882106004515,0.9624023437505738,5.0,0.9273902542257839,0.8055420576008044,7492.0,55580.0,1590.0,874.0
ANFC_000550.png,0.7608134128699191,0.613961949547945,0.8784296714154181,0.6709741550968378,0.9294681701157868,0.9222869873058734,6.082762530298219,0.8472368175547731,0.6687336296778972,8100.0,52343.0,3972.0,1121.0
ANFC_000551.png,0.8554173556793861,0.7473618090769646,0.8978267431485321,0.8168337223923062,0.9773552877274256,0.9693145751957808,5.0,0.9172769878554823,0.7933238026539513,5949.0,57576.0,1334.0,677.0
ANFC_000552.png,0.8228852997657483,0.6990697674768523,0.9040601503903669,0.7550866616735636,0.9668851679521977,0.9605102539068526,6.4031242374328485,0.8875084358258606,0.7235495510407365,6012.0,56936.0,1950.0,638.0
ANFC_000553.png,0.8054089709890891,0.6742131419465254,0.8573234096535145,0.759422813812735,0.9668920653947293,0.954986572266312,6.0,0.8573698795936551,0.7227907823810054,6105.0,56481.0,1934.0,1016.0
ANFC_000554.png,0.8002049705457236,0.6669513966287732,0.8663042272421719,0.7434774328943556,0.9523379863073026,0.9405059814462204,7.664392248374595,0.871743005851891,0.67993128948452,7808.0,53829.0,2694.0,1205.0
ANFC_000555.png,0.8299821681221188,0.7093756569571814,0.9164856056604447,0.7583998202316665,0.963040638108316,0.9578094482428314,4.123105625617661,0.9340378968307328,0.7746065535849477,6749.0,56022.0,2150.0,615.0
ANFC_000556.png,0.8115985427054151,0.6829329749972339,0.8705567451958719,0.7601196597401029,0.9543383870746256,0.9423980712899416,4.0,0.9416156469443951,0.7307453094959436,8131.0,53630.0,2566.0,1209.0
ANFC_000557.png,0.7646153206106348,0.6189289323261079,0.8073813708429366,0.7261519007566465,0.9360181697330671,0.9136810302747548,5.830951894845301,0.8378147903624535,0.716922030138795,9188.0,50691.0,3465.0,2192.0
ANFC_000558.png,0.812637847385717,0.6844060555693874,0.8913753477813747,0.7466815280426911,0.9563463653991453,0.9481506347664163,9.055385138137417,0.8927577873634349,0.6231707150247402,7369.0,54769.0,2500.0,898.0
ANFC_000559.png,0.8412660750799,0.7260217872286001,0.8973476412333117,0.791782045574651,0.9581192281440563,0.9489593505867164,10.514091774411739,0.9213509664418278,0.776256250003144,8864.0,53327.0,2331.0,1014.0
ANFC_000560.png,0.7594728171475952,0.6122177955215122,0.8754747694146128,0.6706151288787806,0.9454989340494894,0.9376220703134519,42.66722718247571,0.8278169490054753,0.622998555904917,6454.0,54994.0,3170.0,918.0
ANFC_000561.png,0.593939394024255,0.42241379327514456,0.7279713116147688,0.5015884223432445,0.9777931555111696,0.970352172852015,46.76478024826368,0.7723509661018048,0.6442285215014579,1421.0,62172.0,1412.0,531.0
ANFC_000562.png,0.8852419158834645,0.7941112323016236,0.953390940042761,0.8261856138159536,0.9735396732188756,0.9711914062504396,5.0,0.9988896198449481,0.6683736438804254,7282.0,56366.0,1532.0,356.0
ANFC_000564.png,0.8884445079433732,0.799280390696664,0.8825198638244836,0.894449237879077,0.9940817906212656,0.9880828857423695,3.1622776601683795,0.9610335463614411,0.8359930815703047,3110.0,61645.0,367.0,414.0
ANFC_000565.png,0.8404760574487078,0.7248457980218923,0.8933365007847326,0.7935218400724285,0.9657369959912857,0.9564361572272273,4.47213595499958,0.9067958129613899,0.7936588161719593,7521.0,55160.0,1957.0,898.0
ANFC_000566.png,0.8556204881452176,0.7476719735807947,0.9336784454997615,0.7896072584360379,0.9364836133097768,0.935913085938478,6.0,0.9611804724349813,0.6660706577370922,12445.0,48891.0,3316.0,884.0
ANFC_000567.png,0.8310484524443025,0.7109349007590698,0.9267076255925762,0.7532902467830029,0.9187830022645832,0.9204559326184013,6.082762530298219,0.9489895371033832,0.5875046984811301,12821.0,47502.0,4199.0,1014.0
ANFC_000568.png,0.8022507106095336,0.6697985277344248,0.8417528910722151,0.76628989364292,0.9632072015498123,0.9479827880867313,21.0,0.8621735129292812,0.6417697218708783,6915.0,55212.0,2109.0,1300.0
ANFC_000569.png,0.7204561999853851,0.5630570833371785,0.766391326854313,0.6797161172894423,0.9773117965687569,0.9648437500005366,20.321871010670865,0.8660169279299281,0.681091801274038,2969.0,60263.0,1399.0,905.0
ANFC_000570.png,0.7688088876551252,0.62444317537128,0.7563641394913719,0.7816700028908107,0.9738114838448616,0.9498291015632656,39.60012697825409,0.8512403087689894,0.6069595379056506,5467.0,56781.0,1527.0,1761.0
ANFC_000571.png,0.8249358695210814,0.7020347640083998,0.8480445815655244,0.803053147398883,0.9623335195638197,0.9448089599617797,6.0,0.9336408210215649,0.68542233656787,8522.0,53397.0,2090.0,1527.0
ANFC_000572.png,0.8201569946859997,0.6951407865397243,0.7931408431892177,0.8490785082210015,0.982117986898294,0.9608459472662225,8.246211251235321,0.884922033806317,0.7639780647675497,5851.0,57119.0,1040.0,1526.0
ANFC_000573.png,0.8114705534054425,0.6827517448289627,0.8868168868462013,0.7479248580716633,0.9812890149982766,0.9757232666019331,3.0,0.8499373795916031,0.8315492167682466,3424.0,60521.0,1154.0,437.0
ANFC_000574.png,0.8339536559110365,0.7151976936042836,0.8475899939173167,0.820749143350969,0.9735442353643371,0.9577941894537692,5.0990195135927845,0.9345967152080448,0.7279019400668428,6946.0,55824.0,1517.0,1249.0
ANFC_000575.png,0.8314266232418042,0.711488589249029,0.9081429990221545,0.7666620092543437,0.9719299425156834,0.9660491943364556,3.0,0.9012629822056912,0.8723348751377709,5487.0,57824.0,1670.0,555.0
ANFC_000576.png,0.7656163626474837,0.6202418271808955,0.7850361343651642,0.7471341874919576,0.9679372082291432,0.9482421875007898,10.63014581273465,0.8098926628373881,0.6544407165762017,5540.0,56604.0,1875.0,1517.0
ANFC_000577.png,0.7025079477426699,0.5414352608579511,0.8461538461800283,0.6005556227079895,0.9445692256127293,0.935745239258793,17.933126291998978,0.7421921363034617,0.46529576376769993,4972.0,56353.0,3307.0,904.0
ANFC_000578.png,0.78321264963385,0.6436725771481117,0.8752614774991455,0.7086824746203706,0.9421111366988094,0.9328460693369623,8.0,0.8954025634949248,0.5499198819098841,7950.0,53185.0,3268.0,1133.0
ANFC_000579.png,0.7236944661489293,0.5670229008955656,0.6970720721857838,0.7524311184147363,0.9902818424737517,0.9783630371097053,49.04772675074115,0.8620991809906408,0.7592072538358836,1857.0,62261.0,611.0,807.0
ANFC_000580.png,0.8086994345533972,0.678837447104011,0.8505032022231467,0.7708126036864325,0.976993890563217,0.9664459228520746,5.0,0.9041075354548727,0.8509288331684796,4648.0,58689.0,1382.0,817.0
ANFC_000581.png,0.7482127288798419,0.5977155593261296,0.81392261005047,0.6923201033087577,0.968355900704096,0.9559326171881726,24.01665222413704,0.8335534037142167,0.6415042221622563,4291.0,58357.0,1907.0,981.0
ANFC_000582.png,0.8178664881751435,0.6918562751269581,0.8464542133963403,0.791146691807023,0.969199784711544,0.9543304443366345,8.06225774829855,0.9328032488727583,0.6682982871557894,6720.0,55823.0,1774.0,1219.0
ANFC_000583.png,0.8520837059692288,0.7422873169613139,0.9405725567738258,0.7788131437340505,0.977625638736293,0.9747619628910102,5.0,0.9781592628506858,0.7304061098769449,4764.0,59118.0,1353.0,301.0
ANFC_000584.png,0.791346761819558,0.6547343248146824,0.8879091922683785,0.7137270875996964,0.936876897376693,0.9295043945323258,6.082762530298219,0.9280250794990037,0.6337549853966055,8761.0,52155.0,3514.0,1106.0
ANFC_000585.png,0.7019491734885333,0.5407717164910146,0.8041266252673469,0.6228108582261797,0.9722087809288653,0.9631347656255627,12.929494612921207,0.7398886555756734,0.6087946612517119,2845.0,60275.0,1723.0,693.0
ANFC_000586.png,0.7712145401238838,0.6276234260188639,0.8598028477930442,0.6991761301048371,0.9781688320086264,0.9715728759769964,5.0,0.8253522244150722,0.7581598058858023,3140.0,60533.0,1351.0,512.0
ANFC_000587.png,0.7654270949675319,0.6199934340741967,0.8119088564462792,0.7239792985002914,0.9763484659356095,0.9646759033208516,17.0,0.857547608857691,0.746014625304229,3777.0,59444.0,1440.0,875.0
ANFC_000588.png,0.7595173510654273,0.6122756749189752,0.8638297872630148,0.6776831915076476,0.9682589256366583,0.9607696533209112,8.06225774829855,0.8884289670582532,0.5682057316877175,4060.0,58905.0,1931.0,640.0
ANFC_000589.png,0.773054755084104,0.6300645920052658,0.8187714613434676,0.7321733197774912,0.9875228482875702,0.9807739257815434,6.0,0.839649641982805,0.6223127024117482,2146.0,62130.0,785.0,475.0
ANFC_000590.png,0.831943258696267,0.7122455864486399,0.8774068430700365,0.790959040985145,0.9712948196928632,0.9609527587896585,4.0,0.9355479215569154,0.7706582278125367,6334.0,56643.0,1674.0,885.0
ANFC_000642.png,0.7902882569365169,0.6532864225726392,0.84874298777296,0.7393665158842775,0.976285756632968,0.9669189453130049,7.280109889280518,0.9260900288117765,0.4824119915837514,4085.0,59283.0,1440.0,728.0
ANFC_000643.png,0.7951854775193906,0.6600065509706293,0.8138126009943709,0.7773919753372696,0.9702106422528703,0.9524841308601001,8.5058342041162,0.8514207072767661,0.5402634847408654,6045.0,56377.0,1731.0,1383.0
ANFC_000644.png,0.8043720722875773,0.6727611940705521,0.825675469420596,0.7841403305618817,0.974756293973472,0.9598541259771752,8.94427190999916,0.9212023216180895,0.6761779540002312,5409.0,57496.0,1489.0,1142.0
ANFC_000645.png,0.8252943741975322,0.7025542025983733,0.8567547990118155,0.7960625946834826,0.9798047122341487,0.969436645508279,7.211102550927978,0.8776139108449967,0.6082849159696438,4731.0,58802.0,1212.0,791.0
ANFC_000646.png,0.8322262695701493,0.7126605505114384,0.8340133133274611,0.8304468676864556,0.9869741618622682,0.9761047363284897,7.0,0.8589561439792117,0.6248616130337928,3884.0,60086.0,793.0,773.0
ANFC_000647.png,0.6628169721738869,0.4956815622426433,0.5626598466405243,0.8063530849705702,0.989579909276353,0.9590148925787505,32.997679768553674,0.7121690332273398,0.441666192485316,2640.0,60210.0,634.0,2052.0
ANFC_000648.png,0.8599378524651895,0.7542903291182829,0.9012181884089714,0.8222735776579428,0.9717879290772681,0.9628601074224418,5.830951894845301,0.9464010111521254,0.5418191273936477,7472.0,55630.0,1615.0,819.0
ANFC_000649.png,0.8099977881209912,0.6806691450407677,0.8602302091002512,0.7653082550124747,0.9816739829308299,0.9737854003910251,6.708203932499369,0.9409422124464643,0.6718141743426632,3662.0,60156.0,1123.0,595.0
ANFC_000650.png,0.7893622028836572,0.6520217729731705,0.8776658380377252,0.7172030364891262,0.9543122657323975,0.9453735351570837,10.0795083023338,0.8821156182097256,0.45721458449628744,6708.0,55248.0,2645.0,935.0
ANFC_000651.png,0.7862013174745058,0.6477196991671218,0.7966042154804913,0.7760666210613659,0.9655589865961548,0.9435424804696115,11.0,0.8402178538196077,0.5426803091733279,6803.0,55033.0,1963.0,1737.0
ANFC_000656.png,0.8787609044081574,0.7837408701518354,0.8964765710322419,0.861731843599558,0.986806596701869,0.9792175292971922,8.94427190999916,0.8730153750219161,0.6219727764237952,4936.0,59238.0,792.0,570.0
ANFC_000657.png,0.7531788641033358,0.604079320158178,0.7759825327836998,0.7316771891666652,0.9666757576796325,0.9466857910164386,16.910276113756513,0.8653403651495742,0.5942712115777488,5331.0,56711.0,1955.0,1539.0
ANFC_000658.png,0.8440355719200223,0.7301570458690411,0.8556329271505058,0.8327483964864155,0.9759627091526775,0.9611968994146547,4.123105625617661,0.9583050285179605,0.7508166677989204,6881.0,56112.0,1382.0,1161.0
ANFC_000659.png,0.7060379022243195,0.5456403271302316,0.6147352265484516,0.8291925466722606,0.9947560781821905,0.9796447753909358,69.1042587924513,0.8318994211999455,0.5792314272537619,1602.0,62600.0,330.0,1004.0
ANFC_000660.png,0.8177768779289556,0.6917280356753334,0.8678556081074654,0.7731623277616457,0.9805361190502853,0.9725341796879192,8.54400374531753,0.9488367057723722,0.4178416591032737,4039.0,59697.0,1185.0,615.0
ANFC_000661.png,0.8401052993201207,0.7242944543666282,0.8119469026964719,0.8702869338699817,0.9910351383245208,0.9786834716800129,4.47213595499958,0.9230816467020594,0.7617929384669431,3670.0,60469.0,547.0,850.0
ANFC_000662.png,0.8368960468680433,0.7195367573481811,0.7989191204250989,0.8786636606110548,0.9901612099054319,0.9745025634769516,5.0,0.9407161101002774,0.640774396951777,4287.0,59578.0,592.0,1079.0
ANFC_000663.png,0.8229138572834072,0.6991109889378507,0.8481209695521325,0.7991618648717483,0.9660959994346486,0.949905395508577,5.466671639841793,0.9274921703233202,0.6728404932276691,7628.0,54625.0,1917.0,1366.0
ANFC_000664.png,0.8092313787827623,0.6795874231110318,0.8436596448071747,0.7775028550099917,0.9807394470626299,0.9706115722660735,12.0,0.8804443917312861,0.7131647936512165,4085.0,59525.0,1169.0,757.0
ANFC_000665.png,0.8141577969408551,0.6865650377993211,0.884544787099019,0.7541471048898049,0.9738550126485512,0.9664306640630124,5.830951894845301,0.9181696016153196,0.705337629085591,4819.0,58517.0,1571.0,629.0
ANFC_000668.png,0.8107422073403014,0.68172116454523,0.8411461076750083,0.7824595786592397,0.9603875595531933,0.9431152343758681,5.656854249492381,0.8930237309450405,0.6016723098967117,7985.0,53823.0,2220.0,1508.0
ANFC_000669.png,0.8198499274973297,0.6946997221954798,0.8681891025817056,0.7766097240739924,0.9677852811471922,0.9564056396491029,9.0,0.9184939737581852,0.6674330324736683,6501.0,56178.0,1870.0,987.0
ANFC_000671.png,0.8301369863246387,0.7096018736043086,0.8649728804267848,0.7979984198583095,0.9876356133027964,0.9810791015627888,4.0,0.947485623774834,0.8108365285862481,3030.0,61266.0,767.0,473.0
ANFC_000672.png,0.8082083662345534,0.6781456954068681,0.8366013072162416,0.7816793893463085,0.9759324087791852,0.9629211425786909,8.40067664905045,0.8844379055644139,0.6555048295770691,5120.0,57986.0,1430.0,1000.0
ANFC_000673.png,0.8734047983772839,0.7752605346963811,0.9686733345973442,0.7951975213330446,0.9780533559111833,0.9772949218753466,7.38080885425552,0.8373146271160397,0.5861996724155666,5133.0,58915.0,1322.0,166.0
ANFC_000674.png,0.8127832655650455,0.6846123728103733,0.8694679264372283,0.7630373118561995,0.9823454823295129,0.9754180908206876,4.242640687119285,0.9348640545743669,0.7609256156747762,3497.0,60428.0,1086.0,525.0
ANFC_000675.png,0.7848859683238417,0.6459360585897985,0.8250711093407006,0.748433468531435,0.9774804500614135,0.9660339355473934,21.32097975017606,0.86323531217157,0.7108310848089898,4061.0,59249.0,1365.0,861.0
ANFC_000677.png,0.7832995794074935,0.6437900128953162,0.757457065454216,0.810967741996462,0.9905813523636533,0.9787750244143865,7.0710678118654755,0.8648567712544823,0.7568244112575906,2514.0,61631.0,586.0,805.0
ANFC_000678.png,0.7378821145298191,0.5846380302977869,0.7704108623222693,0.7079889807635733,0.9698989392805496,0.9526367187507229,14.168488439662777,0.8048300728219391,0.6833514750090321,4369.0,58063.0,1802.0,1302.0
ANFC_000681.png,0.8058979937269822,0.6748987854580062,0.877483879473946,0.7451111856358128,0.9606296494474924,0.950988769531998,7.810249675906654,0.9209695270149334,0.6813439288155697,6668.0,55656.0,2281.0,931.0
ANFC_000683.png,0.8503444569379809,0.7396515087344113,0.8305812732814182,0.8710710710839769,0.9766069125851068,0.9532623291022758,5.0,0.9318551045297179,0.8101906029410857,8702.0,53771.0,1288.0,1775.0
ANFC_000684.png,0.8202288667515548,0.6952440551006211,0.8523206751243676,0.7904660263499981,0.969384042277235,0.9554138183600555,8.08065309859221,0.8654600122192343,0.6717002752734088,6666.0,55948.0,1767.0,1155.0
ANFC_000685.png,0.8115120787495145,0.68281053956301,0.7821212992552283,0.8431980167581038,0.9827238895151299,0.9614257812505888,144.87200918316057,0.5762253083292918,0.3698556009355671,5442.0,57566.0,1012.0,1516.0
ANFC_000686.png,0.7926677067163547,0.656544773248705,0.8780782856754448,0.7223999431490439,0.9276356021731995,0.9188842773449878,12.649110640673518,0.8469399482959661,0.46198613498453006,10162.0,50058.0,3905.0,1411.0
ANFC_000688.png,0.8253716101412264,0.70266615152576,0.8039345712192894,0.8479832129055762,0.9893135776570295,0.9765167236331709,6.8978713763747725,0.8917065653543421,0.45344079571306667,3637.0,60360.0,652.0,887.0
ANFC_000689.png,0.8523541949377684,0.7426979571597674,0.8210153042513969,0.8861804996200281,0.9906111868126124,0.9767456054691049,5.0,0.9316830249598453,0.819783123451422,4399.0,59613.0,565.0,959.0
ANFC_000690.png,0.8163881151559438,0.6897430869406269,0.8011389522093076,0.8322290582507739,0.9884048016225362,0.9758605957034935,5.0,0.8947829192931551,0.7976317790247845,3517.0,60437.0,709.0,873.0
ANFC_000691.png,0.734002374029675,0.5797817934214301,0.7120276353279569,0.7573766841379159,0.9610774699469289,0.924774169923023,26.019223662515376,0.733313406852911,0.6523100213546283,6802.0,53804.0,2179.0,2751.0
ANFC_000692.png,0.7805727554285714,0.6401142494731741,0.842171189995598,0.7273710782791768,0.9459575380665888,0.9307861328135563,7.0710678118654755,0.8490973409620532,0.7467304969878038,8068.0,52932.0,3024.0,1512.0
ANFC_000693.png,0.8189947289241813,0.6934725432618576,0.8823648717287937,0.7641169755190904,0.9517557251917063,0.9413146972665206,10.770329614269007,0.8444498123144896,0.6334235785215888,8701.0,52989.0,2686.0,1160.0
ANFC_000694.png,0.741161492520754,0.5887661428669079,0.7010653080406609,0.7861223642062821,0.9623865110253305,0.9193420410168558,22.599717258610255,0.8620169202747459,0.6355527267078618,7568.0,52682.0,2059.0,3227.0
ANFC_000695.png,0.8754178738647528,0.7784383670453391,0.9256509956491515,0.8303561991512148,0.9718662903824455,0.9658813476567707,3.0,0.9781173116310129,0.9021689173760068,7856.0,55444.0,1605.0,631.0
ANFC_000696.png,0.6861223649188957,0.5222117696746931,0.721235744229647,0.6542692509619867,0.9549557235244595,0.9302520751963769,31.0,0.7492890559127187,0.45827868129400695,4996.0,55969.0,2640.0,1931.0
ANFC_000697.png,0.8504075015401626,0.7397469126589612,0.9152990001966328,0.7941080196567833,0.9541995849573269,0.94790649414142,8.037354648979123,0.9079258412556834,0.772606403995584,9704.0,52418.0,2516.0,898.0
ANFC_000698.png,0.8589821450318239,0.7528209495598026,0.8951143363517751,0.8256537982701079,0.9582751234058252,0.9468536376961235,4.123105625617661,0.9415785823921916,0.7380733706277611,10608.0,51445.0,2240.0,1243.0
ANFC_000699.png,0.8283732378672196,0.7070282658704464,0.9396734072307578,0.740646882311394,0.927602062663075,0.9297790527354466,5.0,0.924670586643046,0.7121718423873801,11106.0,49828.0,3889.0,713.0
ANFC_000700.png,0.7848055417311176,0.6458271237223676,0.9191854915771359,0.6847053247207533,0.9288680556805948,0.9274749755870443,6.082762530298219,0.901909767420247,0.6456550820595668,8667.0,52116.0,3991.0,762.0
ANFC_000701.png,0.8155007624004054,0.6884772370682275,0.8711958681071755,0.7664988814480915,0.9369228154343275,0.9243011474620927,8.246211251235321,0.8894325038353932,0.661759075759174,10964.0,49611.0,3340.0,1621.0
ANFC_000702.png,0.785891527836499,0.6472992700987373,0.8883101272274556,0.7046483909650657,0.9330909221836248,0.9262695312511251,18.503883443846714,0.8584569451065445,0.5857399057649126,8868.0,51836.0,3717.0,1115.0
ANFC_000703.png,0.7193385963996184,0.5616930395532771,0.7167988107387514,0.7218964442018844,0.9612104970074967,0.9311065673838639,26.076809620810597,0.7889704554620443,0.527085401180794,5786.0,55235.0,2229.0,2286.0
ANFC_000704.png,0.8778643187787637,0.7823156624301061,0.8644953312733998,0.8916532905421173,0.98328616908413,0.9669799804692539,3.605551275463989,0.9623855322763353,0.8180216290308823,7777.0,55595.0,945.0,1219.0
ANFC_000705.png,0.8835906169376702,0.7914575337278361,0.9327302250136013,0.8393695856550079,0.9729592016028928,0.967666625977056,3.605551275463989,0.9620093034791668,0.876671983835266,8042.0,55375.0,1539.0,580.0
ANFC_000706.png,0.8305963280612995,0.7102734051607065,0.9099883239666714,0.7639458207303559,0.9527933707573235,0.9466400146492518,9.055385138137417,0.900802470660956,0.7547816693895991,8573.0,53466.0,2649.0,848.0
ANFC_000707.png,0.7861990232900236,0.6477165848419149,0.726526784699739,0.8565505804510019,0.9817910709590073,0.9485626220710974,21.36782770638888,0.8765738115183747,0.7347309190485358,6198.0,55967.0,1038.0,2333.0
ANFC_000708.png,0.8177134341146386,0.6916372542179906,0.7903531155000121,0.8470359915448981,0.9675201828166498,0.9346771240244344,8.94427190999916,0.8993031461265191,0.7118396072447865,9602.0,51653.0,1734.0,2547.0
ANFC_000709.png,0.7818618396950626,0.6418498863317893,0.9527346387682344,0.6629600626996147,0.9647750151414274,0.963958740234925,8.210316017377517,0.9211867145266633,0.5617938386305146,4233.0,58941.0,2152.0,210.0
ANFC_000710.png,0.8828632089849643,0.7902910512825487,0.9128198695543377,0.85481029016154,0.9785282468213028,0.9705352783207623,3.0,0.9868799651252897,0.8752921312254421,7277.0,56328.0,1236.0,695.0
ANFC_000711.png,0.828676804939692,0.7074706694524266,0.8499326355218227,0.8084582019116268,0.9652334174322251,0.9482574462898521,6.4031242374328485,0.8991699399802698,0.691079483655285,8201.0,53944.0,1943.0,1448.0
ANFC_000712.png,0.8111572938148551,0.6823083403805974,0.8665739353876981,0.7624023345794595,0.9550809752633016,0.9424591064461906,10.0,0.8872887675870891,0.674013691220112,8099.0,53666.0,2524.0,1247.0
ANFC_000713.png,0.8940225745577749,0.808355174346092,0.91151710550676,0.8771869344240983,0.9737906933975761,0.9631805419927494,4.0,0.9622328263809174,0.8056008249871051,10178.0,52945.0,1425.0,988.0
ANFC_000714.png,0.7811608397657386,0.6409055971182374,0.8315503173316817,0.7365293503785009,0.9398047921340805,0.9215850830090091,13.0,0.8427641924826575,0.6589323743160321,9172.0,51225.0,3281.0,1858.0
ANFC_000715.png,0.8564600448149193,0.7489550679369805,0.8879597367488997,0.8271186440802655,0.954447844017513,0.9413452148446451,5.0,0.9232234647791479,0.8142543168200432,11468.0,50224.0,2397.0,1447.0
ANFC_000716.png,0.8688157214318629,0.7680585187584238,0.9127127852290683,0.8289473684323061,0.9497400011608177,0.9419403076180736,4.0,0.981769562638148,0.816658811983899,12600.0,49131.0,2600.0,1205.0
ANFC_000717.png,0.8077029265731845,0.6774342943525027,0.8267627526032553,0.7895020915140329,0.9733146307673187,0.9574890136725238,38.67808167375765,0.9022318076541285,0.4868143267487592,5851.0,56899.0,1560.0,1226.0
ANFC_000718.png,0.7476265282598439,0.5969677138310463,0.8100947306379375,0.6941027267350536,0.9589656345702796,0.9436187744149229,45.23712661133467,0.7761007888306194,0.6339302556559092,5473.0,56368.0,2412.0,1283.0
ANFC_000719.png,0.7110754414336002,0.551681195567567,0.7720215462972082,0.6590478767028607,0.9574327975152399,0.9395751953134222,38.56420383518809,0.7569882860181771,0.6111272556571319,4873.0,56703.0,2521.0,1439.0
ANFC_000720.png,0.8226797680697656,0.698773150896616,0.9379304884856361,0.7326530612410234,0.918287496457456,0.9220733642590017,12.36931687685298,0.9647624884952513,0.40354541538994043,11847.0,48582.0,4323.0,784.0
ANFC_000721.png,0.825597598894544,0.7029937933823481,0.909005074954679,0.75621011293508,0.9564866901502465,0.9503479003913827,6.324555320336759,0.89509740323359,0.6481781160458017,7702.0,54580.0,2483.0,771.0
ANFC_000722.png,0.8182917977476056,0.6924651925281602,0.9288656962568345,0.7312432433013527,0.9799176023914707,0.9770812988284748,4.123105625617661,0.9594902245908712,0.7644363342756626,3382.0,60652.0,1243.0,259.0
ANFC_000723.png,0.8042991081726825,0.6726591187520916,0.8761458748628791,0.7433426325350121,0.9452972972982829,0.9347076416025589,23.804269350807928,0.8624459357201918,0.7701432538226123,8793.0,52464.0,3036.0,1243.0
ANFC_000724.png,0.7681421754345777,0.6235639861576858,0.8978649740531132,0.6711718188826497,0.9620962261968262,0.9570007324225313,7.0,0.7841763330597419,0.7469287790360388,4668.0,58050.0,2287.0,531.0
ANFC_000725.png,0.7149788376468484,0.5563946016136898,0.7815391559960416,0.6588660579035642,0.9706570657070509,0.9578704833990804,9.326762794674746,0.6880739411597274,0.7374799377611059,3463.0,59312.0,1793.0,968.0
ANFC_000726.png,0.6489726027731191,0.48035487966760243,0.7132998745894396,0.5952879581858136,0.9618296737669646,0.9436950683602342,9.0,0.6791409663700265,0.7056240397799496,3411.0,58435.0,2319.0,1371.0
ANFC_000727.png,0.8265581102100477,0.7043877651026691,0.9515511551219075,0.730589904750599,0.9541415779583834,0.9538421630866419,4.47213595499958,0.9440254352755298,0.7698099886227332,7208.0,55303.0,2658.0,367.0
ANFC_000735.png,0.7984455959071385,0.6645105650433332,0.9086084906199242,0.7121072090054958,0.9902412280703283,0.9881286621095563,4.123105625617661,0.9086188096874029,0.7547806720480328,1541.0,63217.0,623.0,155.0
ANFC_000737.png,0.714652956389893,0.556000000222,0.8430629265784209,0.6201896265364252,0.9893953314544529,0.9864501953127068,7.0,0.8571423617907453,0.6247245313588038,1112.0,63536.0,681.0,207.0
ANFC_000739.png,0.804000000056,0.6722408028321831,0.7405263159260388,0.8793750000753906,0.9969671255264793,0.9895324707032849,3.802775637731995,0.9288281470939387,0.8007607340190309,1407.0,63443.0,193.0,493.0
ANFC_000741.png,0.6862823062877605,0.5223970947200985,0.6811365432666641,0.6915064105036006,0.994009553595139,0.9879608154298714,8.83956281118452,0.8042077328775638,0.6969533765938041,863.0,63884.0,385.0,404.0
ANFC_000742.png,0.5975544925052874,0.4260803643471718,0.5347288301287071,0.6771084341239657,0.9958439947275205,0.9884490966798639,11.416901533977777,0.6728966949121874,0.6384610455920926,562.0,64217.0,268.0,489.0
ANFC_000743.png,0.8919020716038033,0.8048946296363735,0.9315499607147522,0.8554913295841826,0.9968878860966796,0.9956207275391294,2.8284271247461903,0.963259671509931,0.9223594402848622,1184.0,64065.0,200.0,87.0
ANFC_000744.png,0.6106106108055002,0.4394812684153593,0.7457212717044972,0.5169491529517379,0.991192558484638,0.9881286621095563,9.446739702023292,0.7941171408540526,0.4868446147855717,610.0,64148.0,570.0,208.0
ANFC_000746.png,0.6629158513544726,0.4957921699612909,0.7316414688274074,0.6059928445411482,0.9861660699706964,0.978973388672196,8.54400374531753,0.7528062779142121,0.6131949870695568,1355.0,62803.0,881.0,497.0
ANFC_000748.png,1.883239167828175e-09,1.883239167828175e-09,7.692307633136095e-09,2.4937655798160457e-09,0.9938690640003384,0.9918975830079363,92.16262321907281,0.0,0.0,0.0,65005.0,401.0,130.0
ANFC_000749.png,0.5533141212520106,0.38247011993195873,0.8000000002777777,0.4229074894104937,0.9878733646015201,0.9858093261720916,4.4985291572495765,0.6433095064998102,0.6291385724278603,576.0,64030.0,786.0,144.0
ANFC_000750.png,0.5758382120405332,0.40433482854683495,0.8811074920503136,0.42766798464215966,0.9888481562492091,0.9878387451173731,79.92205747364258,0.7014829301174059,0.6618965989442459,541.0,64198.0,724.0,73.0
ANFC_000751.png,0.7401518747342013,0.5874929366005852,0.8739142617332827,0.641901625922638,0.9719205383515109,0.966583251953635,6.0,0.8658300205006745,0.6469909768860046,3119.0,60227.0,1740.0,450.0
ANFC_000752.png,0.7831272085284612,0.6435571689134094,0.8323943662758713,0.7393661385573953,0.9901428886857688,0.9850158691408537,5.1562485723011084,0.8660491550317313,0.7806507450348655,1773.0,62781.0,625.0,357.0
ANFC_000753.png,0.7641242938061331,0.6182857143402449,0.835682564233311,0.7038542852977957,0.9698295143898831,0.9592285156256223,8.54400374531753,0.8736751242822882,0.5958719103285565,4328.0,58536.0,1821.0,851.0
ANFC_000754.png,0.6765346105021618,0.5111842108479051,0.6166666669708994,0.7492767601260589,0.9959549443027575,0.9886627197267356,7.914612354157986,0.7891023740731636,0.6773588399377058,777.0,64016.0,260.0,483.0
ANFC_000755.png,0.7073227073903158,0.5471765548437539,0.8477297896745682,0.6068172811705045,0.9844343323398017,0.9806671142581076,7.0,0.8700115385677674,0.5020304621623708,1531.0,62738.0,992.0,275.0
ANFC_000756.png,0.5911455323556646,0.419593042431967,0.9155030433528453,0.43649709808185433,0.9473885533055897,0.9460296630867612,61.89900342161686,0.6575887298960215,0.3410496957229011,2557.0,59442.0,3301.0,236.0
ANFC_000757.png,0.7246682115600024,0.5682193592440637,0.8390243903224273,0.6377456434416962,0.9846107803297639,0.9800567626956169,84.57968932193647,0.8421047593090952,0.5332572016145906,1720.0,62509.0,977.0,330.0
ANFC_000758.png,0.8294322709375707,0.7085726441802652,0.820039389507622,0.8390428211992336,0.9896053616164622,0.9790954589846941,4.0,0.934849227315505,0.8165285055161592,3331.0,60835.0,639.0,731.0
ANFC_000760.png,0.8600000000225807,0.754385964981781,0.8946308725185802,0.8279503106124377,0.9911439350343509,0.9867553710939522,2.8284271247461903,0.9470856661935181,0.9215537271501874,2666.0,62002.0,554.0,314.0
ANFC_000762.png,0.7871835443318587,0.6490541422811362,0.7321559971223557,0.8511548332332036,0.9915065328106297,0.9753723144535009,12.308179331976028,0.8685493446156615,0.7269478081339977,2985.0,60937.0,522.0,1092.0
ANFC_000763.png,0.7429601886887279,0.591039505718155,0.7846469382406542,0.7054794521323816,0.9820034447791961,0.971725463867619,10.770329614269007,0.8487595384204162,0.5444711996481464,2678.0,61005.0,1118.0,735.0
ANFC_000765.png,0.8152715200598445,0.6881505204787528,0.8447174447555976,0.7878093492695212,0.9849347606809467,0.9762268066409878,5.0,0.9120809305233801,0.7788485339865854,3438.0,60540.0,926.0,632.0
ANFC_000766.png,0.8031591737844533,0.6710659899312015,0.8941494758558846,0.7289771161486139,0.9842918550954107,0.9802246093753019,3.1622776601683795,0.8981415630994743,0.8593499254964195,2644.0,61596.0,983.0,313.0
ANFC_000767.png,0.7815764482776866,0.6414653157595569,0.8777106292649447,0.7044222540072975,0.9834829328956924,0.9789428710940714,6.0,0.8773494998965031,0.7303335542728245,2469.0,61687.0,1036.0,344.0
ANFC_000768.png,0.6896230805507022,0.526278409203059,0.6814837523968474,0.6979591837683017,0.9845521405404414,0.9694671630864035,47.25398977143646,0.759074965179039,0.6072242576447034,2223.0,61312.0,962.0,1039.0
ANFC_000770.png,0.7221199853119715,0.5650921659821251,0.8190926802618723,0.6456779289939275,0.9739276431562255,0.965438842773965,13.897835632609945,0.8188750291519573,0.6861384678147344,2943.0,60328.0,1615.0,650.0
ANFC_000771.png,0.7664473684850748,0.6213333335016297,0.8341288783805914,0.7089249494376648,0.9910115878485591,0.9869995117189485,12.350851033010306,0.8568217582117276,0.6952989597501369,1398.0,63286.0,574.0,278.0
ANFC_000772.png,0.7494446393371397,0.599289454076423,0.7372900851766068,0.7620066572130273,0.9836408504799288,0.9673004150395615,12.083045973594572,0.845582461087211,0.7609394068327374,3205.0,60188.0,1001.0,1142.0
ANFC_000773.png,0.7953656334945282,0.6602548089782027,0.8998978549881178,0.712590994954815,0.9829709739774921,0.9792480468753167,8.172629850060595,0.8179447248538411,0.666063056405913,2643.0,61533.0,1066.0,294.0
ANFC_000774.png,0.7982898152697679,0.6642947904283876,0.9171929824851954,0.7066774804794059,0.9826915100663196,0.9798431396487451,5.385164807134504,0.8925674219514514,0.6715231202309654,2614.0,61601.0,1085.0,236.0
ANFC_000775.png,0.6206896552584642,0.4500000001809211,0.6508087537341539,0.5932350392050152,0.9852129772679444,0.9744873046878894,91.0823802938856,0.6731203299217241,0.6129624958542735,1368.0,62496.0,938.0,734.0
ANFC_000776.png,0.7609049238857157,0.6140811456768303,0.8727951153755783,0.6744429882897921,0.9801559404361834,0.9753265380863141,5.385164807134504,0.8543613201217439,0.7286901242236888,2573.0,61346.0,1242.0,375.0
ANFC_000778.png,0.7960126072127822,0.6611469621744616,0.8743961352859265,0.7305260325937676,0.9662374001286749,0.9575347900397105,12.041594578792296,0.8302966074522149,0.5015775717575681,5430.0,57323.0,2003.0,780.0
ANFC_000780.png,0.7899578712243179,0.6528350149704654,0.8896204492855112,0.7103757538719073,0.968975684092477,0.9627227783208814,7.003553390593271,0.869606540922369,0.6733781754218773,4594.0,58499.0,1873.0,570.0
ANFC_000781.png,0.7975706246282069,0.6632993512823634,0.8633293124410942,0.7411204308024106,0.9563288264689878,0.9445648193367835,6.082762530298219,0.888065091754822,0.6608576420514527,7157.0,54746.0,2500.0,1133.0
ANFC_000782.png,0.6972434561739069,0.5352062590557589,0.6627036549261544,0.7355816228076336,0.9914486683001431,0.9800567626956169,62.100320054262,0.8239867932673307,0.6302747129675239,1505.0,62724.0,541.0,766.0
ANFC_000783.png,0.6472213694666191,0.47843849320089044,0.685305591882116,0.6131471788172501,0.9896090502829837,0.9824676513674552,5.830951894845301,0.7497625326337555,0.7419123346351221,1054.0,63333.0,665.0,484.0
ANFC_000784.png,0.779796442520708,0.6390707827191969,0.8404757023086988,0.7272888573940226,0.9746616330639367,0.9646759033208516,5.0,0.8666504240920406,0.7304511100831667,4099.0,59122.0,1537.0,778.0
ANFC_000785.png,0.8803175554313722,0.7862207358145524,0.9255118110353525,0.8393316195602212,0.9809921265167271,0.9756164550784971,6.708203932499369,0.9543111690771556,0.5158513973000739,5877.0,58061.0,1125.0,473.0
ANFC_000786.png,0.8333796013639787,0.7143537026732959,0.9335738275987593,0.7526073004660442,0.9570934135701499,0.9542083740241364,8.0,0.8941820276884063,0.6661443153153417,7505.0,55030.0,2467.0,534.0
ANFC_000787.png,0.8482948463183748,0.7365555703443692,0.9057805356130338,0.7976704055510971,0.9763179155730102,0.9697265625004621,4.0,0.9578081255930806,0.7940870469426171,5547.0,58005.0,1407.0,577.0
ANFC_000788.png,0.8356621037069535,0.7177144249856586,0.9392538265402975,0.7526510796278714,0.9673326133914799,0.9646453857427271,8.246211251235321,0.9786617236396838,0.49783827685706733,5891.0,57328.0,1936.0,381.0
ANFC_000789.png,0.8409975797284018,0.7256219357680003,0.9883749690852399,0.7318681319172402,0.9761924121448589,0.9769439697269144,9.0,0.953424153509713,0.4461370140639587,3996.0,60029.0,1464.0,47.0
ANFC_000790.png,0.6831368145829801,0.5187606596023989,0.7176563115542052,0.6517857144100766,0.9845220897562503,0.9741668701175817,24.97592270451225,0.7625432232694398,0.5872493716266305,1825.0,62018.0,975.0,718.0
ANFC_000791.png,0.7699191686244343,0.625909411024194,0.7780046675093335,0.762000000068,0.9865878791784216,0.9756774902347463,37.93923072998829,0.8125599296908673,0.7068745464025569,2667.0,61275.0,833.0,761.0
ANFC_000792.png,0.7913190666309201,0.6546964089572176,0.7600743235675212,0.8252427184686366,0.9756521739134711,0.9473266601570538,24.08318915758459,0.8490081407649682,0.5476887850755114,6545.0,55539.0,1386.0,2066.0
ANFC_000793.png,0.8371173282673856,0.7198639627509933,0.901561760545581,0.7812713602486301,0.9729716032911638,0.9660644531255179,7.0,0.9528714060762529,0.4389033137407293,5715.0,57597.0,1600.0,624.0
ANFC_000794.png,0.7942852423986881,0.6587671233344154,0.8189713896766057,0.7710437710804804,0.9760659694292024,0.9619903564458926,7.211102550927978,0.9212065449290395,0.7249569944876735,4809.0,58236.0,1428.0,1063.0
ANFC_000795.png,0.8250182203786511,0.702154054392449,0.8908284447144329,0.7682625864056932,0.9679232069966365,0.9597015380865526,8.573164506180078,0.9402638165041086,0.4621021446982807,6226.0,56669.0,1878.0,763.0
ANFC_000796.png,0.808497096045151,0.6785523504702788,0.8385872256414281,0.7804915514930121,0.9759739058799877,0.963272094727123,6.956230589874879,0.9165933437665168,0.5990210855434882,5081.0,58048.0,1429.0,978.0
ANFC_000797.png,0.7763746803247783,0.6344872632743975,0.8732470334639973,0.6988489209066404,0.965101544002983,0.9573059082037766,8.94427190999916,0.8826030389645535,0.5762401710293473,4857.0,57881.0,2093.0,705.0
ANFC_000798.png,0.7979629467206987,0.6638422206480874,0.8713326941761587,0.7359896339915792,0.9729779015604354,0.9648895263677234,5.0990195135927845,0.9177843627667763,0.6717964486219907,4544.0,58691.0,1630.0,671.0
ANFC_000799.png,0.7776314634555674,0.636167767935052,0.8907884151466636,0.6899828634226541,0.9671421966850415,0.9613494873052774,5.0,0.9129570591695576,0.6128924173042567,4429.0,58574.0,1990.0,543.0
ANFC_000800.png,0.884883823669504,0.7935350974816139,0.8738440063036391,0.8962061560672502,0.9903018142297416,0.980117797851866,3.1622776601683795,0.9568099655166483,0.8659672498288066,5008.0,59225.0,580.0,723.0
ANFC_000801.png,0.8502144507010534,0.7394548063875309,0.946730345353883,0.771556886295941,0.9878530263955829,0.9861450195314615,6.0,0.9553290439683132,0.5616722686301429,2577.0,62051.0,763.0,145.0
ANFC_000802.png,0.7826196791988608,0.6428719652121037,0.7733399900715576,0.7921247763252046,0.9867869332035302,0.9737396240238383,12.041594578792296,0.8676145399330817,0.6976015807432574,3098.0,60717.0,813.0,908.0
ANFC_000803.png,0.7940990925513612,0.6585110664258744,0.8392655657155333,0.753545772724853,0.9520318353746925,0.9352569580088005,51.78802950489621,0.8727612950991744,0.5608662951103113,8182.0,53111.0,2676.0,1567.0
ANFC_000804.png,0.822825586754587,0.6989835809461311,0.8519965691554373,0.7955860105192145,0.9582689896997207,0.9412536621102715,6.0,0.9416403874667273,0.6496667332797255,8940.0,52746.0,2297.0,1553.0
ANFC_000805.png,0.846147710964821,0.7333241169742639,0.8591674765258206,0.8335166562041549,0.9601601865089839,0.9411315917977734,4.47213595499958,0.8370996668172911,0.7326580862936982,10609.0,51069.0,2119.0,1739.0
ANFC_000806.png,0.8482040953441957,0.7364187456590792,0.8849817876316921,0.8143612221458861,0.9753416212888225,0.9654998779302141,6.593109348850517,0.8697407515832236,0.8021349377439675,6317.0,56958.0,1440.0,821.0
ANFC_000807.png,0.8281265112846381,0.7066688676614941,0.9492239467961809,0.7344312918623381,0.9746337626589546,0.9728851318363514,4.123105625617661,0.966947898427489,0.7463183192671338,4281.0,59478.0,1548.0,229.0
ANFC_000808.png,0.7678677543207894,0.6232023851610661,0.7754500818575614,0.7604322705156824,0.9602809955480605,0.934432983399438,19.209372712298546,0.850033354625343,0.5911185110906454,7107.0,54132.0,2239.0,2058.0
ANFC_000809.png,0.7730809674146645,0.6300994172411639,0.7587986376551967,0.7879112635528978,0.9645638977928167,0.934143066407255,16.492422502470642,0.8312584437807169,0.6765339917830121,7352.0,53868.0,1979.0,2337.0
ANFC_000810.png,0.7838671626992166,0.6445571887156191,0.7664803478159453,0.8020610899821687,0.9607113240585882,0.9273071289073593,7.0710678118654755,0.876255956706108,0.6654597064434706,8639.0,52133.0,2132.0,2632.0
ANFC_000811.png,0.7682437850974771,0.623697916701665,0.7469369570342017,0.7908018868171224,0.9686339686698852,0.9382629394540671,9.055385138137417,0.8738947523330176,0.6643725253239329,6706.0,54784.0,1774.0,2272.0
ANFC_000812.png,0.7730787820477188,0.6300965137620451,0.8121350597075057,0.737606640595433,0.9815250742733976,0.9713439941410623,49.15830248668506,0.7883241381311016,0.6584580293705302,3199.0,60459.0,1138.0,740.0
ANFC_000813.png,0.7753593429311869,0.6331321261308818,0.8116938951258679,0.7421383648136611,0.966392294819386,0.9499206542976393,13.015361924162105,0.8713055361508468,0.6977039936319841,5664.0,56590.0,1968.0,1314.0
ANFC_000814.png,0.7719438877907853,0.6285900783693875,0.8102650399929512,0.7370838117442169,0.9647119253494613,0.94790649414142,8.54400374531753,0.8712731795251306,0.6945266451094706,5778.0,56344.0,2061.0,1353.0
ANFC_000815.png,0.7752571509246684,0.6329958583026927,0.8027429238688732,0.7495912806880666,0.9686786408103221,0.9513244628913679,8.860813843464955,0.8921329008689475,0.6797301490578026,5502.0,56844.0,1838.0,1352.0
ANFC_000816.png,0.7656873413342685,0.6203349985864921,0.7485815603282657,0.7835931700475885,0.9805329237347981,0.9605712890631017,33.35536785770579,0.8522624053912771,0.7480396222285658,4222.0,58730.0,1166.0,1418.0
ANFC_000817.png,0.8525641025877301,0.7430167598483194,0.9255393180495688,0.7902554962001618,0.9887332035366133,0.9859619140627143,3.605551275463989,0.9531367023746387,0.8555614239644624,2660.0,61956.0,706.0,214.0
ANFC_000818.png,0.8382776022337274,0.7215816823870103,0.892448282798509,0.7903068030422137,0.957573140452021,0.947677612305486,6.324555320336759,0.9209130116293027,0.7171798277786802,8887.0,53220.0,2358.0,1071.0
ANFC_000819.png,0.7935040447786933,0.6576930833174337,0.8970022002341856,0.7114189115812609,0.9545860222443604,0.9481964111336031,10.0,0.8447191210814423,0.6270418765446985,6523.0,55618.0,2646.0,749.0
ANFC_000820.png,0.7660715453687743,0.6208395166821243,0.8244650901147994,0.7154024673610111,0.960124589266838,0.9454193115242704,12.0,0.7926840166680424,0.5558415485619673,5857.0,56102.0,2330.0,1247.0
ANFC_000821.png,0.8212952442930291,0.6967777472188409,0.9006763973120904,0.7547732697263166,0.9725625020866424,0.9664001464848878,7.0710678118654755,0.905652504415044,0.7358009644550879,5060.0,58274.0,1644.0,558.0
ANFC_000822.png,0.7568335884672626,0.6087950747925422,0.8734384858203863,0.6676955725216847,0.9402023919053618,0.9321289062510357,13.84665883507195,0.7539332192472433,0.4762569512270032,6922.0,54166.0,3445.0,1003.0
ANFC_000823.png,0.7261668322087678,0.5700643150321448,0.7181438743633332,0.7343710771442704,0.9827863918132407,0.9663391113286387,20.248456731316587,0.7891418156005087,0.6617540918352561,2925.0,60405.0,1058.0,1148.0
ANFC_000824.png,0.8312717164814961,0.7112617434045354,0.8403821835267132,0.8223566616496141,0.9778839076331692,0.9629516601568154,5.0,0.9006442057907499,0.8572895316093431,5981.0,57127.0,1292.0,1136.0
ANFC_000825.png,0.805049490761365,0.6737094838326879,0.8240822320375797,0.7868760516283124,0.9741170861292423,0.9585266113287579,5.656854249492381,0.9216073908809221,0.8064710638422583,5612.0,57206.0,1520.0,1198.0
ANFC_000826.png,0.8548076040173747,0.7464314354857368,0.8707202993693695,0.8394660894950459,0.9852137362731104,0.9758758544925558,3.0,0.9233674027368394,0.8573989189130105,4654.0,59301.0,890.0,691.0
ANFC_000827.png,0.8140860162771377,0.6864629538617987,0.8895156998521005,0.750448994275283,0.9504996348488538,0.9417572021493263,5.0,0.8821271807193488,0.7923082184403505,8357.0,53362.0,2779.0,1038.0
ANFC_000828.png,0.8648055589500911,0.7618127148022108,0.897179714190315,0.834686433717533,0.9756199135855972,0.9661560058598915,4.242640687119285,0.9314482840884084,0.8583919899000684,7094.0,56224.0,1405.0,813.0
ANFC_000829.png,0.7896203054173742,0.6523740516876333,0.8259227282726179,0.7563747776481148,0.9561933534750987,0.9377746582040746,6.708203932499369,0.8283720067648722,0.8068102179383885,7653.0,53805.0,2465.0,1613.0
ANFC_000830.png,0.7953839924554337,0.6602801120828818,0.8424588992362461,0.7532915761532287,0.9670316530300639,0.9537353515632061,8.96649455562679,0.853724481053507,0.7655793812975302,5893.0,56611.0,1930.0,1102.0
ANFC_000831.png,0.7849993327248767,0.6460896309703329,0.8519698725591005,0.7277901509864155,0.9624778278079806,0.9508361816413753,5.830951894845301,0.8985144447825225,0.8096383105764404,5882.0,56432.0,2200.0,1022.0
ANFC_000832.png,0.7452816386433591,0.5939832090025673,0.8242718446886291,0.680106809121481,0.9596333984776664,0.9468688964851858,8.154234499766936,0.8532094298548366,0.7047983505885278,5094.0,56960.0,2396.0,1086.0
ANFC_000833.png,0.8256220108643333,0.7030291937674541,0.8590919257594395,0.7946622530469989,0.9649256104893641,0.9504852294929431,4.0,0.9212205412078291,0.8077689958186461,7682.0,54609.0,1985.0,1260.0
ANFC_000834.png,0.8607503025469645,0.7555413922699851,0.8825378443310002,0.8400125974458694,0.9619810279349266,0.9473266601570538,3.1622776601683795,0.9644934199577725,0.8532263034689267,10669.0,51415.0,2032.0,1420.0
ANFC_000835.png,0.8359817860946026,0.7181861728056544,0.8922832771489222,0.7863636364009854,0.9797999834700422,0.9730682373050985,5.0,0.8769716367650331,0.8087449018949227,4498.0,59273.0,1222.0,543.0
ANFC_000836.png,0.7399386392817292,0.5872242911523275,0.7379409648171559,0.7419471589786655,0.988638898626651,0.9780120849612731,50.10526368803918,0.8165857480265272,0.7209729323172418,2050.0,62045.0,713.0,728.0
ANFC_000837.png,0.8889349357722797,0.8000745990550697,0.9017656950810305,0.8764641787147284,0.9844691780824577,0.9754638671878745,3.1622776601683795,0.9651082546112577,0.866049492543317,6435.0,57493.0,907.0,701.0
ANFC_000838.png,0.7741535920882086,0.6315257662926321,0.7213388048574841,0.8353133353377913,0.9807925456375214,0.9499206542976393,10.770329614269007,0.8613114438568765,0.769536982998685,5625.0,56629.0,1109.0,2173.0
ANFC_000839.png,0.7644341801632969,0.61869158884984,0.8123605533662738,0.7218477399441221,0.9770203426478687,0.9657592773442726,5.0,0.8519220421497758,0.7833825822089763,3641.0,59651.0,1403.0,841.0
ANFC_000840.png,0.7372984856047082,0.583905600194999,0.8131734914044756,0.6743744415019689,0.9498382433929337,0.9343566894541268,19.001314879522027,0.814396690508419,0.7433570408928207,6037.0,55197.0,2915.0,1387.0
ANFC_000841.png,0.7662073639297259,0.6210179422151193,0.8273170732128494,0.7135044173930364,0.9778305879292625,0.9684143066411071,61.00491770240714,0.894557218774928,0.6505324113008623,3392.0,60074.0,1362.0,708.0
ANFC_000842.png,0.7767652070995951,0.6350090854470007,0.7772835113023008,0.7762475936952099,0.9742992243847071,0.9540252685553892,9.219544457292887,0.8853047355195545,0.6993759649584054,5242.0,57281.0,1511.0,1502.0
ANFC_000843.png,0.7956323931032182,0.6606225446266815,0.872306464510713,0.7313482770606644,0.9734650717075298,0.965728759766148,10.0,0.8327881189451499,0.7620777707448634,4372.0,58918.0,1606.0,640.0
ANFC_000844.png,0.7667510324008591,0.6217325557092822,0.8342028985987817,0.7093911758172563,0.9810102116422219,0.9732818603519703,9.486832980505138,0.853490027629707,0.6441667771508303,2878.0,60907.0,1179.0,572.0
ANFC_000845.png,0.7544782105200536,0.6057527190031836,0.8059786748274984,0.7091640141214334,0.9712029725968548,0.9579620361334541,11.24035576266754,0.8653363504438489,0.5718915582269095,4233.0,58548.0,1736.0,1019.0
ANFC_000846.png,0.7232379623554448,0.5664626148739696,0.8472858077674016,0.630874117450481,0.9757354588819147,0.9697418212895244,5.0,0.787643325220137,0.7691687207810124,2591.0,60962.0,1516.0,467.0
ANFC_000847.png,0.7812192185858358,0.6409841954667772,0.8851686508221308,0.6991185113224057,0.9750260145685642,0.969497680664528,3.743608329051557,0.8235909774035998,0.8125169211447174,3569.0,59968.0,1536.0,463.0
ANFC_000848.png,0.6874380399819519,0.5237375918161982,0.7242614145854188,0.6541778976673375,0.9793680147948964,0.9663238525395764,11.680888329145668,0.8027388425215858,0.64246537285625,2427.0,60902.0,1283.0,924.0
ANFC_000849.png,0.7716443928391159,0.6281929991711785,0.760595647284996,0.7830188680098197,0.9912265365482902,0.9820098876955872,5.830951894845301,0.9090904076684251,0.8130078483180255,1992.0,62365.0,552.0,627.0
ANFC_000850.png,0.77768711521566,0.6362422624546374,0.7977476792272489,0.7586107091521548,0.9717120325621689,0.9542694091803854,35.141138535391796,0.7891916501086144,0.541637386759366,5242.0,57297.0,1668.0,1329.0
ANFC_000851.png,0.8533750733768979,0.7442495392980514,0.8809177573209793,0.8275024664318508,0.9572406787321336,0.942825317383685,6.3284837661915425,0.9555881423041851,0.5997640044246217,10904.0,50885.0,2273.0,1474.0
ANFC_000852.png,0.8149499485538895,0.6876924291712566,0.8396953923424239,0.7916212286630661,0.9584315289518431,0.9396362304696712,5.0,0.9259118229358567,0.8181133166366146,8711.0,52869.0,2293.0,1663.0
ANFC_000853.png,0.8052707321548268,0.6740194233475857,0.8205480707707316,0.7905518763981852,0.9565766590396966,0.9339294433603833,6.324555320336759,0.9165515292752758,0.7047675906985761,8953.0,52253.0,2372.0,1958.0
ANFC_000854.png,0.7499393253175358,0.5999223402019257,0.7421937550452853,0.7578482668806658,0.975021504107284,0.9528350830085323,10.295630140987,0.8514859414580385,0.6750048454398166,4635.0,57810.0,1481.0,1610.0
ANFC_000855.png,0.7655339115931276,0.6201336098548413,0.8123114062123381,0.7238504975198036,0.9834945839094935,0.9748382568363215,7.0,0.8566804885020405,0.7866179141569004,2692.0,61195.0,1027.0,622.0
ANFC_000856.png,0.8052347960119142,0.6739690722069628,0.8993981083577991,0.728919860664959,0.9674318916299555,0.9613952636724642,9.486832980505138,0.931252987565983,0.6741549761712153,5230.0,57776.0,1945.0,585.0
ANFC_000857.png,0.8640830391005198,0.7606920830079625,0.9001950008952141,0.830756646230613,0.9618645629822342,0.9512481689460565,5.966190378969014,0.9608224134481488,0.6437239149462074,10156.0,52185.0,2069.0,1126.0
ANFC_000858.png,0.840308696950613,0.7245968774230358,0.8682273563823116,0.8141296012448112,0.9652222262086089,0.9507446289070017,4.123105625617661,0.9544481407723915,0.7819525932970506,8493.0,53815.0,1939.0,1289.0
ANFC_000859.png,0.7600230509788406,0.6129332094525385,0.7522816167287677,0.7679254700103268,0.9765151515155469,0.9555206298834913,7.615773105863909,0.850153765661442,0.7464811412219386,4616.0,58005.0,1395.0,1520.0
ANFC_000860.png,0.7190137851631133,0.561297051335802,0.8285514345936247,0.6350568547913477,0.9417375965484109,0.9293975830088899,6.0,0.800629358274893,0.6338232277386454,5920.0,54989.0,3402.0,1225.0
ANFC_000861.png,0.7387989678783252,0.5857900121281698,0.8589935906369843,0.6481119457096294,0.9412401422617178,0.9320373535166622,8.684097602956063,0.8558451595900515,0.6402325359837304,6299.0,54783.0,3420.0,1034.0
ANFC_000862.png,0.8789956863245771,0.7841144548806991,0.9456211328003783,0.8211407315745877,0.9697017433317633,0.9666137695317596,4.0,0.946181922546558,0.7956013729557607,7947.0,55401.0,1731.0,457.0
ANFC_000863.png,0.8207005293489863,0.6959220705094143,0.9113306653437555,0.7464658881636482,0.9569864442134691,0.9514160156257414,19.062641583165536,0.8811927078815427,0.6507954926152435,7287.0,55065.0,2475.0,709.0
ANFC_000864.png,0.8072986204256122,0.6768656717623637,0.9345698094103195,0.7105366236934836,0.9883795895905594,0.9867858886720767,5.830951894845301,0.9057965949120593,0.4902592386895806,1814.0,62856.0,739.0,127.0
ANFC_000865.png,0.7820529208882748,0.6421074727495689,0.8607203151574676,0.7165612555965611,0.9585815020202886,0.947967529297669,8.596493114870096,0.8779035522283789,0.8022736854306973,6118.0,56008.0,2420.0,990.0
ANFC_000866.png,0.8799587250699404,0.7856484799072937,0.926484789965417,0.8378820960875675,0.9740620415011867,0.9680480957036126,4.0,0.9110089235642536,0.8360222547087939,7675.0,55767.0,1485.0,609.0
ANFC_000867.png,0.7795673077055548,0.6387630490802872,0.8800542741003997,0.6996763754369282,0.9521369872442297,0.9440307617196041,4.47213595499958,0.8921247188112299,0.732264372234633,6486.0,55382.0,2784.0,884.0
ANFC_000868.png,0.7912204151929644,0.6545613651657667,0.7826314413049135,0.800000000026738,0.9741578856456355,0.9518127441413604,8.0,0.835508461106112,0.7106295801049484,5984.0,56394.0,1496.0,1662.0
ANFC_000869.png,0.8752399232325502,0.7781569966122689,0.9196020435709059,0.8349609375201463,0.976728975180269,0.9702453613285791,5.957737973711325,0.9432594498455238,0.8113254803193513,6840.0,56746.0,1352.0,598.0
ANFC_000870.png,0.807766455548366,0.6775236775981696,0.8156284761358097,0.8000545554282448,0.9881659670650925,0.9786987304690752,4.0,0.891935578636937,0.7789540859914919,2933.0,61207.0,733.0,663.0
ANFC_000871.png,0.8210989011101351,0.6964951529033243,0.8606028695721202,0.7850624399873845,0.9691054384789329,0.956527709961601,3.605551275463989,0.9340499375014603,0.8532639049598155,6538.0,56149.0,1790.0,1059.0
ANFC_000872.png,0.8636427468147982,0.7600098863371219,0.88578424313902,0.8425811755250608,0.9803901489942418,0.9703674316410773,3.0,0.9673406593014763,0.8945343625055465,6150.0,57444.0,1149.0,793.0
ANFC_000873.png,0.8330155271157031,0.7138188609110856,0.8826670515395199,0.7886524822967567,0.9720340573656383,0.962585449219321,4.47213595499958,0.9311316264397581,0.7213537537629233,6116.0,56968.0,1639.0,813.0
ANFC_000874.png,0.7865341785255039,0.6481716786920675,0.8247552322083216,0.7516987310886861,0.9442493980121639,0.9239501953136605,9.0,0.7997620946556617,0.576519715120057,9182.0,51370.0,3033.0,1951.0
ANFC_000875.png,0.7387643645614539,0.5857465043224406,0.783043897758919,0.6992246392742597,0.9512088603180908,0.9299316406260693,10.0,0.8535830440489839,0.5444453813792631,6493.0,54451.0,2793.0,1799.0
ANFC_000876.png,0.7334211682271918,0.5790568655230157,0.6816326531132029,0.7937262357806604,0.9817373886993699,0.9536895751960193,73.68174807915459,0.8121815975251846,0.5074130157358087,4175.0,58326.0,1085.0,1950.0
ANFC_000877.png,0.7992274750357522,0.6655944056411757,0.7699401391732826,0.8308310056161259,0.9836745008847835,0.9635162353521193,7.3729707729022955,0.9146921990614394,0.7009301453452291,4759.0,58386.0,969.0,1422.0
ANFC_000878.png,0.7805207981433006,0.640044370593443,0.8772329913047385,0.7030155346624991,0.9845004371674032,0.9801940917971773,85.96214778487806,0.9131743957434,0.6024210515986305,2308.0,61930.0,975.0,323.0
ANFC_000879.png,0.7825494206158761,0.6427771557351002,0.7826561222299819,0.7824427481509153,0.9871017795667119,0.975662231445684,82.00548760085526,0.8970421465450253,0.6016742392760704,2870.0,61071.0,798.0,797.0
ANFC_000880.png,0.8579430527535946,0.7512261580607424,0.9264112903308231,0.7988988699122092,0.9632207461849346,0.9582061767584503,5.0,0.9641161104312232,0.6743995329694942,8271.0,54526.0,2082.0,657.0
ANFC_000881.png,0.8581057524749911,0.7514756767927624,0.9295845572866483,0.7968345323887169,0.9473340668777656,0.9441070556649155,9.153880729630684,0.9464098930186227,0.5887903610259201,11076.0,50797.0,2824.0,839.0
ANFC_000882.png,0.8031848273570241,0.6711018089892209,0.8928003182392998,0.7299186992309076,0.972549084419043,0.9664306640630124,8.246211251235321,0.898958443629247,0.5486542520240923,4489.0,58847.0,1661.0,539.0
ANFC_000883.png,0.8317940954077526,0.7120269570471677,0.831920048506384,0.8316681804929857,0.9910659767973926,0.9830474853518213,4.709674775249793,0.8720936166071779,0.7957801728876548,2747.0,61678.0,556.0,555.0
ANFC_000884.png,0.802873104580547,0.6706666667544888,0.8717504333200172,0.7440828403124016,0.9861933568500711,0.9811553955081002,3.605551275463989,0.9062380233568921,0.8271628294787899,2515.0,61786.0,865.0,370.0
ANFC_000885.png,0.7731168245504557,0.6301470588575233,0.790134839254335,0.7568164256808901,0.9612550343839804,0.938598632813437,5.0990195135927845,0.8279589264673025,0.7621154511129312,6856.0,54656.0,2203.0,1821.0
ANFC_000886.png,0.7023166023453362,0.5412079738855685,0.7532091097819442,0.6578661845103315,0.9688333937342465,0.9529418945319682,46.0,0.7464063720797243,0.7135733632851559,3638.0,58814.0,1892.0,1192.0
ANFC_000887.png,0.7859097941338862,0.6473240541416071,0.885967265912803,0.7061591103821473,0.9526875796296153,0.9450988769539629,8.54400374531753,0.8855164480721756,0.7324638793566488,6604.0,55334.0,2748.0,850.0
ANFC_000888.png,0.7805743128176403,0.6401163441503394,0.8380199180084915,0.7304991702118602,0.9640423792334257,0.9509124755866866,8.0,0.875266770644835,0.7309152458134837,5722.0,56597.0,2111.0,1106.0
ANFC_000889.png,0.8115330520526348,0.6828402367239242,0.7823728813854409,0.842951059190219,0.9815168239889012,0.9591064453131241,67.98676208130371,0.8730364480603391,0.7293046806106154,5770.0,57086.0,1075.0,1605.0
ANFC_000890.png,0.8351893095870335,0.7170172084430617,0.9361997226163384,0.7538530266077895,0.9622123924156943,0.9593505859381204,5.385164807134504,0.9226006219057266,0.6904598467191959,6750.0,56122.0,2204.0,460.0
ANFC_000891.png,0.8333149719161994,0.7142587346823174,0.8835416423451067,0.7884916084865535,0.9643878894258116,0.9538269042975797,3.605551275463989,0.9595536210180312,0.7668284334255075,7564.0,54946.0,2029.0,997.0
ANFC_000892.png,0.7573529411897852,0.609467455655792,0.8429217051614851,0.687556042673353,0.9453172679568028,0.9325256347666547,5.830951894845301,0.844352124198835,0.7267729841016392,6901.0,54213.0,3136.0,1286.0
ANFC_000920.png,0.8265682656909681,0.7044025157474146,0.9562035702454592,0.7278865631559853,0.942955217015359,0.9447784423836553,10.525734195631362,0.889179529791742,0.6013317113913936,8624.0,53293.0,3224.0,395.0
ANFC_000921.png,0.8468760553918651,0.7344189315994366,0.8499186551077875,0.8438551622126897,0.9543163201017187,0.9308166503916807,9.0,0.9125226904031015,0.6824105271429873,12538.0,48464.0,2320.0,2214.0
ANFC_000922.png,0.7674521706589553,0.6226550827501159,0.9047925378011585,0.6663113637907082,0.8938794726950305,0.8959503173844002,14.866068747318506,0.9137133668913704,0.5715470589394308,11252.0,47465.0,5635.0,1184.0
ANFC_000923.png,0.8801500322405116,0.7859535273408046,0.9333747669442667,0.8326679973572113,0.9737524134216877,0.9687957763676638,4.123105625617661,0.9628891744847352,0.7663813806352013,7509.0,55982.0,1509.0,536.0
ANFC_000924.png,0.8327101965174316,0.7133705734785337,0.8805111012789859,0.7898320472202773,0.9255133026338707,0.9146575927747398,6.912461179749758,0.9350494767001218,0.6766995308326018,13920.0,46023.0,3704.0,1889.0
ANFC_000925.png,0.815879926683325,0.6890179003687452,0.8895690193766934,0.7534652417994429,0.9595000956013366,0.9509582519538734,10.0,0.8645348457292433,0.7449542683951867,7121.0,55201.0,2330.0,884.0
ANFC_000926.png,0.7659487806239016,0.6206782738162655,0.8690930098360378,0.6846896049804579,0.9391009300128497,0.929855346680758,41.7612260356422,0.8070519359789367,0.6864549141726968,7522.0,53417.0,3464.0,1133.0
ANFC_000927.png,0.7871679452363426,0.649032932603342,0.7951838094280538,0.7793120763520823,0.9695473678745596,0.9487762451179692,43.0,0.8394246703881685,0.7167185880816986,6208.0,55971.0,1758.0,1599.0
ANFC_000928.png,0.8504762300939784,0.7398509298979774,0.8542067006555095,0.8467782011059485,0.9654638116757432,0.9451446533211496,7.0710678118654755,0.9000015656272241,0.7597333822576385,10224.0,51717.0,1850.0,1745.0
ANFC_000929.png,0.8035339680569819,0.6715894531208045,0.8123164763611488,0.7949393359039799,0.9517794128697391,0.925689697266759,8.94427190999916,0.8612899313407049,0.6918495065998297,9959.0,50707.0,2569.0,2301.0
ANFC_000930.png,0.7689783228357813,0.6246667602339928,0.7811896824196184,0.7571428571635083,0.9472459270762266,0.9183654785168708,28.231138427336322,0.8336598165641446,0.6500059369352063,8904.0,51282.0,2856.0,2494.0
ANFC_000931.png,0.8376135914786556,0.7205982325328895,0.8653061224709704,0.8116385911467628,0.9792967632260138,0.9686431884770411,3.6449961479175546,0.9394921860047348,0.8258101385539126,5300.0,58181.0,1230.0,825.0
ANFC_000932.png,0.7514905149219857,0.6019101367916312,0.8527060270829173,0.6717538760087508,0.954092695487971,0.9440307617196041,7.211102550927978,0.8868668241389529,0.7271704391076844,5546.0,56322.0,2710.0,958.0
ANFC_000933.png,0.8532876712429255,0.7441165930302095,0.94164777022802,0.7800876643982357,0.9701973829369801,0.9673156738286238,3.605551275463989,0.982739303833853,0.8161874316597676,6229.0,57165.0,1756.0,386.0
ANFC_000934.png,0.8109132247142894,0.6819630338019996,0.8431836091547865,0.7810218978279788,0.950106255198187,0.9314727783213582,4.47213595499958,0.9390668343045333,0.7569815776962553,9630.0,51415.0,2700.0,1791.0
ANFC_000935.png,0.7971260740911148,0.6626846396268719,0.7994157741188495,0.7948494530162795,0.961658162342821,0.9362335205087856,7.615773105863909,0.8996803453124395,0.713234832315929,8210.0,53147.0,2119.0,2060.0
ANFC_000936.png,0.6615611607066985,0.49427821527619126,0.7372377075262704,0.5999745126035461,0.9469315300093503,0.9264984130870592,55.58416761381208,0.6955074216045968,0.4230196676990101,4708.0,56011.0,3139.0,1678.0
ANFC_000937.png,0.8730240149278142,0.7746607083933581,0.8612567853656034,0.8851172466069291,0.9777745257654934,0.9584503173834467,3.1622776601683795,0.9670573272037564,0.8475823461549449,9361.0,53452.0,1215.0,1508.0
ANFC_000938.png,0.8533333333408838,0.7441860465345976,0.8630636259644836,0.8438199959434107,0.972574330002457,0.956527709961601,3.605551275463989,0.9724706840702382,0.8020979806026716,8288.0,54399.0,1534.0,1315.0
ANFC_000939.png,0.7302452316255569,0.5751072961818164,0.7290339703119647,0.7314605245997257,0.9652241379316341,0.9380645751962576,58.93204504850164,0.8196735985324319,0.5413677189571209,5494.0,55983.0,2017.0,2042.0
ANFC_000940.png,0.7179183915051804,0.5599630996817386,0.8112261944852612,0.6438610448629195,0.9548950461804384,0.9417724609383886,47.624565039334264,0.7825319725952906,0.5458383465195953,4856.0,56864.0,2686.0,1130.0
ANFC_000941.png,0.7582231265040502,0.6105953031662213,0.8040273283344072,0.7173564325124548,0.9706206022614696,0.9564819335944141,14.142135623730951,0.8038441794594483,0.5438746758691418,4472.0,58212.0,1762.0,1090.0
ANFC_000942.png,0.8176385481652111,0.6915301128227782,0.8389053827495927,0.7974233129082916,0.9714305490669257,0.9557647705084876,8.0,0.9089743984187169,0.7492591617389712,6499.0,56138.0,1651.0,1248.0
ANFC_000943.png,0.6230110159375077,0.452444444498524,0.7033625058032608,0.5591358477286542,0.9388035172739644,0.915405273438791,67.0164150023925,0.6411422237098533,0.5409353790069689,4581.0,55411.0,3612.0,1932.0
ANFC_000944.png,0.7809176542217613,0.6405782652402215,0.7689085687208104,0.7933078158052466,0.9707240293814144,0.9449920654305269,7.238705486269001,0.8894159770375807,0.6455780179157988,6425.0,55506.0,1674.0,1931.0
ANFC_000945.png,0.820888685305721,0.6961926962222035,0.8404267792425341,0.8022383883825139,0.9690038065506166,0.9522705078132284,4.123105625617661,0.9279145360749713,0.7413486987197883,7168.0,55240.0,1767.0,1361.0
ANFC_000946.png,0.800100768371325,0.6668066345090482,0.8092750669118008,0.7911321459968699,0.9709293254984498,0.9515686035163641,9.219544457292887,0.8684699445402038,0.7069771811386677,6352.0,56010.0,1677.0,1497.0
ANFC_000947.png,0.7522870861889165,0.6029328364576738,0.7156457351941874,0.7928830172818152,0.9647423690087465,0.9252166748058287,13.038404810405298,0.8288487233485694,0.6747917951569204,7442.0,53193.0,1944.0,2957.0
ANFC_000948.png,0.8124221309670794,0.6841000932791342,0.7980961015595561,0.8272718729605045,0.9662789417684974,0.9379730224618841,8.0,0.8810532083095656,0.7801156720167078,8803.0,52668.0,1838.0,2227.0
ANFC_000949.png,0.7976995940545628,0.6634777715487142,0.775339087564707,0.8213881390036237,0.961570890559263,0.927001953126114,12.806248474865697,0.8734654670453251,0.7398655420112519,9432.0,51320.0,2051.0,2733.0
ANFC_000950.png,0.8228041933400289,0.698952704976389,0.8364333040762806,0.8096121156073549,0.9535173272471935,0.9311370849619883,6.0,0.9206606196716373,0.76413741656248,10478.0,50545.0,2464.0,2049.0
ANFC_000951.png,0.8071112467645692,0.6766022771090826,0.8403908794915078,0.7763669724934776,0.9424540595678398,0.9228515625011773,5.0,0.9379283771440289,0.7022958670823872,10578.0,49902.0,3047.0,2009.0
ANFC_000952.png,0.8177506157156914,0.6916904560071221,0.8523483552146465,0.7858520336793609,0.9555963502861682,0.9390258789071805,5.0,0.9085789094911056,0.7562326101316246,8965.0,52575.0,2443.0,1553.0
ANFC_000953.png,0.8053976518192957,0.6741972783354802,0.7998311702226621,0.8110421570927625,0.9684974758741951,0.9441070556649155,4.47213595499958,0.9272243244519554,0.7054285963217578,7580.0,54293.0,1766.0,1897.0
ANFC_000954.png,0.8472946831674016,0.7350488202059552,0.8611773117419951,0.8338525441520881,0.9748005039903612,0.9602508544927941,4.0,0.9606257312769658,0.7762761519771957,7227.0,55704.0,1440.0,1165.0
ANFC_000955.png,0.7082654579142811,0.5483057353275244,0.6675567423674824,0.7542615779522912,0.9719360507188792,0.9371490478525216,18.915241107262023,0.855134021976414,0.74844587913429,5000.0,56417.0,1629.0,2490.0
ANFC_000956.png,0.8317946123794236,0.7120277146571368,0.8861492859221033,0.7837225929714344,0.9687682830304442,0.9594116210943694,6.324555320336759,0.9241364078327196,0.7141763292290865,6577.0,56299.0,1815.0,845.0
ANFC_000957.png,0.812964977167154,0.6848702536516001,0.8665368206393492,0.76563140213344,0.9477663732339597,0.9344024658213136,7.242155853186609,0.8882641076840443,0.6443135833761392,9343.0,51894.0,2860.0,1439.0
ANFC_000958.png,0.7851041749906161,0.6462316841023569,0.8672074773064803,0.7172026544361407,0.9284435833577186,0.9178466796887537,10.0,0.8376002164335782,0.606137432360156,9835.0,50317.0,3878.0,1506.0
ANFC_000959.png,0.736456670747514,0.5828503492656524,0.7158240555105106,0.7583139984765744,0.9541939975822823,0.9143371582044322,28.010700654285433,0.7692707634170778,0.6351266024801293,7844.0,52078.0,2500.0,3114.0
ANFC_000960.png,0.6933903839830318,0.5306790762210721,0.6499208443641245,0.7430915892671544,0.9620235101057415,0.9169006347668931,19.395831854323646,0.786467606642355,0.6467019631628258,6158.0,53932.0,2129.0,3317.0
ANFC_000961.png,0.8188836104692316,0.6933132227763846,0.854222589334251,0.786352404526449,0.9814805661281947,0.9720764160160512,9.962214450449025,0.88829072743977,0.8123434863301127,4137.0,59569.0,1124.0,706.0
ANFC_000962.png,0.8383375742291487,0.7216705607883075,0.8523628837784818,0.8247663551694315,0.9824232481840299,0.9709167480473189,4.0,0.9688137910193753,0.7780856146102799,4942.0,58688.0,1050.0,856.0
ANFC_000963.png,0.7798701298790637,0.6391697711788737,0.8614722496313573,0.7123897086296145,0.9286725631184621,0.917236328126263,7.0710678118654755,0.8720408526404556,0.6305602364818395,9608.0,50504.0,3879.0,1545.0
ANFC_000964.png,0.8501309645911553,0.7393285134456444,0.9140443247319647,0.7945715806498593,0.9663581376707567,0.959838867188113,4.0,0.9647614086931116,0.8383684559789899,7465.0,55439.0,1930.0,702.0
ANFC_000965.png,0.7955609775374617,0.6605240802678871,0.8805645091139851,0.7255239736056902,0.9292598553391928,0.9207305908215222,7.0710678118654755,0.8613230345003405,0.5988708313269204,10108.0,50233.0,3824.0,1371.0
ANFC_000966.png,0.8614820633794639,0.7566697332479807,0.8971096164520797,0.8285762256835836,0.9829932539354878,0.9757843017581821,4.0,0.9363562149312065,0.8144415762450304,4935.0,59014.0,1021.0,566.0
ANFC_000967.png,0.8581081081240869,0.7514792899898463,0.9084406294925034,0.8130601792972555,0.9857194092141482,0.9807739257815434,5.91547594742265,0.9395981601583322,0.6156610668037427,3810.0,60466.0,876.0,384.0
ANFC_000968.png,0.7127486485218733,0.5536981163211532,0.8093932530922168,0.6367216804541709,0.9322099147823646,0.9164886474622119,8.0,0.7925715280959541,0.6436001151187134,6790.0,53273.0,3874.0,1599.0
ANFC_000969.png,0.7470331043323786,0.5962113659598047,0.836530775412364,0.6748347574278841,0.966678781471508,0.9567413330084726,8.94427190999916,0.9038694823803372,0.5758304249240636,4186.0,58515.0,2017.0,818.0
ANFC_000970.png,0.7493942099541647,0.5992249643893075,0.8908429351452871,0.6467092230581754,0.9742118962695747,0.9700164794926451,4.242640687119285,0.8584962130021225,0.7668969112363475,2938.0,60633.0,1605.0,360.0
ANFC_000971.png,0.7326518740353485,0.5780983607110691,0.851293935911299,0.6430342815983904,0.9594585639027228,0.9509124755866866,4.0,0.8412487199145484,0.7623298108384691,4408.0,57911.0,2447.0,770.0
ANFC_000972.png,0.7348820713127432,0.580880291620286,0.8062256809715515,0.6751384816430208,0.9669845685150178,0.9543762207038212,4.242640687119285,0.854199201184788,0.7703577028180337,4144.0,58402.0,1994.0,996.0
ANFC_000973.png,0.8110025707038045,0.6820894231875734,0.8504420961990035,0.775058962286256,0.9593153460602304,0.943908691407106,4.123105625617661,0.881030492943004,0.7871916819056374,7887.0,53973.0,2289.0,1387.0
ANFC_000974.png,0.8468675589254563,0.7344061521312438,0.8536666115123875,0.8401759531052173,0.9835112194304814,0.9715423583988718,34.50140213600638,0.9016200616363378,0.6900706861106413,5157.0,58514.0,981.0,884.0
ANFC_000975.png,0.8230477094811863,0.6993042250983862,0.9084359444709935,0.7523323931707169,0.9605713101454083,0.9544982910163194,4.47213595499958,0.9391632495547256,0.7519852203850238,6935.0,55619.0,2283.0,699.0
ANFC_000976.png,0.8477266954630602,0.7356993277046513,0.8928571428714744,0.8069390715900703,0.9724939717538323,0.9634094238286834,4.242640687119285,0.9370903330121794,0.7868035852587191,6675.0,56463.0,1597.0,801.0
ANFC_001073.png,0.8823313334221665,0.7894390885419107,0.9397496087715507,0.8315255019811302,0.9747701665864593,0.9706726074223226,5.0,0.9767833820756162,0.6522284707171783,7206.0,56408.0,1460.0,462.0
ANFC_001074.png,0.8288617886236835,0.7077403679447102,0.8847266416050964,0.7796329339931409,0.9331244681686949,0.9229125976574264,19.09947785537124,0.8581219701009103,0.6318355380460118,12234.0,48250.0,3458.0,1594.0
ANFC_001075.png,0.8795346615370913,0.7849726639020428,0.9191284430657704,0.8432112069049994,0.9400111319561316,0.9345855712900607,7.0,0.9795186435585638,0.5140513965201136,15650.0,45599.0,2910.0,1377.0
ANFC_001077.png,0.8494610633462735,0.738315789492048,0.8752183678666319,0.825176470601947,0.9583481266942288,0.9430999755868058,9.01661554144121,0.9446391353542484,0.5446873764453523,10521.0,51286.0,2229.0,1500.0
ANFC_001078.png,0.8683687509622194,0.7673601729471891,0.9185983827581026,0.8233475067816634,0.9675085761012512,0.960586547852164,5.0,0.9456336664818038,0.7883380229858278,8520.0,54433.0,1828.0,755.0
ANFC_001080.png,0.8101424541182772,0.6808734851776317,0.8641058028186265,0.7625229478256935,0.9304491426170776,0.9168243408215817,18.027756377319946,0.8495989263648108,0.6234602518685853,11630.0,48455.0,3622.0,1829.0
ANFC_001081.png,0.8599776411500855,0.7543515567842177,0.8826735513650784,0.8384196185506241,0.9797486510487714,0.9694213867192167,12.0,0.8954074283887433,0.8057789622642301,6154.0,57378.0,1186.0,818.0
ANFC_001082.png,0.8451757666500066,0.7318652849989021,0.8714332929523595,0.820454309737532,0.9693405834327682,0.9557800292975499,4.47213595499958,0.927146035223172,0.7709960048525611,7910.0,54728.0,1731.0,1167.0
ANFC_001083.png,0.8470728793379712,0.7347150259278824,0.9083472947759587,0.7935428325618991,0.9567062052039809,0.9492187500007749,6.0,0.9586763673452571,0.6655545617599458,9217.0,52991.0,2398.0,930.0
ANFC_001084.png,0.7485814055134995,0.5981862574469666,0.759858218901212,0.7376344086303619,0.9568202732364122,0.929687500001073,79.42921376924235,0.8096422367743609,0.6161501572402632,6860.0,54068.0,2440.0,2168.0
ANFC_001087.png,0.8133000695344444,0.6853460160128656,0.852744425398564,0.7773434446268983,0.9471378721518461,0.9303436279307504,9.848857801796104,0.8723409587373355,0.6316230485226333,9943.0,51028.0,2848.0,1717.0
ANFC_001088.png,0.7502173003331868,0.6002781927978837,0.7601774530427859,0.740514775993612,0.9186782982807784,0.8816070556658692,15.501463080711774,0.839782846754012,0.5452661658457906,11652.0,46125.0,4083.0,3676.0
ANFC_001089.png,0.8435900115012229,0.7294904228650623,0.8585708209423043,0.8291230232255984,0.9703555903945993,0.9543151855475722,5.0,0.9205583616390494,0.7423753356630163,8074.0,54468.0,1664.0,1330.0
ANFC_001090.png,0.7978785495014115,0.6637254074278592,0.7736331873542821,0.8236927590996703,0.9255777949811882,0.8784637451190421,36.12755138893856,0.8599597755564438,0.5213242588306429,15721.0,41850.0,3365.0,4600.0
ANFC_001091.png,0.8713398402863687,0.7720125786239792,0.9099404597646016,0.8358809040917169,0.8872184194178664,0.8960113525406493,8.06225774829855,0.9686698806420372,0.4731375194883292,23077.0,35644.0,4531.0,2284.0
ANFC_001092.png,0.8062493575956868,0.6753917685691668,0.8717492776243749,0.7499043977174998,0.8899453092156091,0.8849487304705056,26.0,0.8854058683671527,0.5003874991304992,15688.0,42308.0,5232.0,2308.0
ANFC_001093.png,0.8690592846670533,0.7684392938456825,0.9448242187524493,0.8045433928105329,0.8797665550623194,0.9021301269546185,8.94427190999916,0.9758487463512304,0.30217197896828724,21285.0,37837.0,5171.0,1243.0
ANFC_001094.png,0.8604749649848364,0.7551172098481923,0.9067627875106926,0.8186833622725834,0.9426144278130189,0.9346466064463098,8.94427190999916,0.9639894535230898,0.3967364816022495,13207.0,48046.0,2925.0,1358.0
ANFC_001095.png,0.8558962127025483,0.7480931557258117,0.9019127023170779,0.8143473929132794,0.9707737887770865,0.9622039794927644,4.242640687119285,0.9583165527999594,0.7679030997510993,7356.0,55703.0,1677.0,800.0
ANFC_001096.png,0.8175747457953568,0.6914388397066206,0.8018755582165916,0.8339009288054257,0.9588099808069326,0.9266357421886195,13.0,0.9083565454782924,0.5020833143832574,10774.0,49954.0,2146.0,2662.0
ANFC_001097.png,0.9137093302224177,0.8411278451091464,0.9166975194475259,0.9107405591085409,0.987324360559481,0.9785919189456392,5.0,0.9833082689636442,0.7437031889505547,7428.0,56705.0,728.0,675.0
ANFC_001098.png,0.7904427098912459,0.6534975369628819,0.8088531187239283,0.7728517331912117,0.9206471965010553,0.8926696777360128,8.966563145999475,0.8443063107159999,0.6446899605276288,13266.0,45236.0,3899.0,3135.0
ANFC_001099.png,0.7890194198084627,0.6515541477073231,0.788187958050094,0.7898526376522895,0.9019682482836165,0.865722656252049,8.246211251235321,0.8838683313284726,0.6028880920041849,16455.0,40281.0,4378.0,4422.0
ANFC_001100.png,0.834134965754477,0.7154644330719174,0.8654166036696344,0.8050358700376259,0.9470082202265914,0.9305419921885599,4.0,0.9491858245789409,0.7944451564326024,11446.0,49538.0,2772.0,1780.0
ANFC_001101.png,0.8168674698846493,0.6904276985890008,0.8372293377843186,0.7974725094481387,0.9230753246769231,0.9002685546890219,6.324555320336759,0.896155767913381,0.7110139512336031,14577.0,44423.0,3702.0,2834.0
ANFC_001103.png,0.8597580444935694,0.7540136901210943,0.8691629008055977,0.8505545416362098,0.9587363116589062,0.939682006836858,5.0,0.9460836677892988,0.7921137192882427,12117.0,49466.0,2129.0,1824.0
ANFC_001104.png,0.8292056241585467,0.7082418922391952,0.9496485205207088,0.735875348382577,0.9217665378424493,0.9269714355479894,7.0,0.9624728281407633,0.5148018497711936,11618.0,49132.0,4170.0,616.0
ANFC_001105.png,0.8158133301873867,0.6889229130815522,0.9128517244497794,0.7374234003322343,0.9320098156805106,0.9286956787120256,8.06225774829855,0.9639960409258356,0.4516589514718212,10349.0,50514.0,3685.0,988.0
ANFC_001106.png,0.7875012976448146,0.6494863014298824,0.8651916058701661,0.7226138312587894,0.9761904761908655,0.9687652587895392,5.385164807134504,0.9533149179944755,0.652817482874354,3793.0,59696.0,1456.0,591.0
ANFC_001107.png,0.8429954298519919,0.7286016422164343,0.9177309410077779,0.7795155064701507,0.9372216853327038,0.9334259033213285,6.0,0.8983823055971845,0.7273855837239948,11713.0,49460.0,3313.0,1050.0
ANFC_001108.png,0.8769561478986692,0.7808743587948186,0.8985111444015055,0.8564111176541765,0.968441450586538,0.9563293457037915,4.0,0.948180031963811,0.7944925099719339,10199.0,52475.0,1710.0,1152.0
ANFC_001109.png,0.8503022717023009,0.739587676639352,0.8614288797830009,0.8394594310438314,0.9350480810157636,0.9142303466809963,6.0,0.8974457755599871,0.6918629858799739,15964.0,43951.0,3053.0,2568.0
ANFC_001111.png,0.7954408151840412,0.6603584325491267,0.8675979617055353,0.7343645422968421,0.9340399601149677,0.9225006103527451,10.0,0.8382960853917542,0.5512745926497602,9875.0,50582.0,3572.0,1507.0
ANFC_001112.png,0.8088437839866313,0.6790408958325803,0.8784443394836684,0.7494626545036632,0.9294015217486958,0.919525146485603,36.06936695098728,0.8560336792417035,0.7201469017182512,11158.0,49104.0,3730.0,1544.0
ANFC_001114.png,0.8352565307334991,0.7171163031033229,0.8827361563611078,0.7926237694540859,0.9450981132798524,0.9331207275400831,4.0,0.9311448542954219,0.80512979230682,11111.0,50042.0,2907.0,1476.0
ANFC_001115.png,0.8151554971586523,0.6879852125857943,0.8486644951238655,0.7841921502658203,0.928565735465497,0.9098510742201257,13.0,0.8780300355093968,0.56959203054168,13027.0,46601.0,3585.0,2323.0
ANFC_001117.png,0.864025529270547,0.7606029462308597,0.9314482295744715,0.8057047467117358,0.9500727367684346,0.9466857910164386,4.47213595499958,0.9455063004639418,0.7775220145857473,11101.0,50941.0,2677.0,817.0
ANFC_001118.png,0.7968025384551621,0.662237549481465,0.8253065352262284,0.7702017223345285,0.9661952277663133,0.9491882324226504,15.620499351813308,0.8292651154262154,0.48675029927253033,6529.0,55677.0,1948.0,1382.0
ANFC_001120.png,0.8469699458089351,0.7345601640989882,0.9145268832519132,0.7887074081000363,0.9328511995036189,0.9289093017588974,6.053795644693812,0.9283131287572761,0.6534566188972293,12893.0,47984.0,3454.0,1205.0
ANFC_001121.png,0.8098389312103118,0.6804448174793366,0.8755399568146562,0.7533101045487177,0.9414596501554193,0.9302825927745014,4.973606797749883,0.9017522385668728,0.7449969873191845,9729.0,51238.0,3186.0,1383.0
ANFC_001122.png,0.7651396648149659,0.619616359057574,0.8037558685630276,0.7300639659078837,0.9423350216823537,0.9198150634777861,10.770329614269007,0.833413778216974,0.7314696049171828,8560.0,51721.0,3165.0,2090.0
ANFC_001123.png,0.7466195556331712,0.5956847013340903,0.8058081549126125,0.6955310799220749,0.9590415204884526,0.9430999755868058,11.40175425099138,0.84976327032466,0.6937707247603419,5494.0,56313.0,2405.0,1324.0
ANFC_001124.png,0.7515050595778465,0.6019287986455393,0.783624949942083,0.7219146056697534,0.9610673741156425,0.9407958984384035,30.91207189772361,0.8411433095160811,0.6880276783473984,5867.0,55789.0,2260.0,1620.0
ANFC_001125.png,0.7993413529799506,0.6657523809778474,0.9014752914576009,0.7179950698670505,0.9385419837770438,0.933059692383834,5.049509756796392,0.8718675224837543,0.7847870964409265,8738.0,52411.0,3432.0,955.0
ANFC_001126.png,0.8008996115395257,0.6679170645431785,0.888253968264104,0.72918838423461,0.9332795215656788,0.9257049560558213,5.385164807134504,0.8703830041504967,0.7927353102790516,9793.0,50874.0,3637.0,1232.0
ANFC_001127.png,0.8397002185947825,0.7236924733235987,0.8733827748674615,0.8085191681378843,0.918810955529422,0.9060058593764343,8.44942085578806,0.929645106348107,0.5364583425749525,16134.0,43242.0,3821.0,2339.0
ANFC_001128.png,0.8577155769422802,0.7508774169005885,0.9334443915648545,0.7933522114486683,0.942093330815377,0.940429687500909,4.123105625617661,0.9544713503233334,0.7864992146482275,11767.0,49865.0,3065.0,839.0
ANFC_001129.png,0.7864147162054823,0.6480094367650835,0.9015344219330816,0.6973659156015636,0.9106262535396985,0.9089355468763897,8.0,0.8869309160316768,0.620092467346271,10987.0,48581.0,4768.0,1200.0
ANFC_001131.png,0.8483716761335386,0.7366714230291431,0.9435905956680576,0.7706085894721074,0.9368025570583225,0.9380493164071954,4.123105625617661,0.9270425412940417,0.775767660638474,11358.0,50118.0,3381.0,679.0
ANFC_001133.png,0.7969267969347168,0.6624092323870326,0.9332298136706951,0.6953651398832529,0.9180039569151095,0.920547485352775,4.47213595499958,0.8894150361730622,0.6915561662625629,10217.0,50112.0,4476.0,731.0
ANFC_001134.png,0.8256498861295197,0.7030696181566863,0.9007025359920577,0.7621429607247975,0.9390873310571237,0.9322509765635338,6.708203932499369,0.9164810534521847,0.5933062714396413,10513.0,50583.0,3281.0,1159.0
ANFC_001180.png,0.8519740691368397,0.7421209279674595,0.983041693671255,0.7517449304195373,0.8721607826484015,0.9034881591811602,10.770329614269007,0.966043829599255,0.35184125308825565,18202.0,41009.0,6011.0,314.0
ANFC_001181.png,0.8052807978498618,0.6740335272203877,0.9948495253489346,0.6763938478662185,0.9152856167107293,0.9273071289073593,11.704699910719626,0.9963094606465979,0.26536267053929574,9851.0,50921.0,4713.0,51.0
ANFC_001182.png,0.8680614617073164,0.7668803847158004,0.9613211101392288,0.7912962580327376,0.9649314782977275,0.9644927978521044,6.324555320336759,0.9866221209800069,0.514943254527121,7655.0,55554.0,2019.0,308.0
ANFC_001183.png,0.8229421552401418,0.6991518377100323,0.8534307754919376,0.794556794576209,0.9609582644931944,0.9447937011727174,20.560467418572514,0.9184129625026879,0.7347747777004786,8408.0,53510.0,2174.0,1444.0
ANFC_001184.png,0.7634372367511847,0.617386564979236,0.689859926965612,0.8545831761873665,0.9869251119253336,0.9571533203131539,39.93243659981883,0.7324837504658147,0.6456567140481332,4531.0,58197.0,771.0,2037.0
ANFC_001185.png,0.6763768777076119,0.5110041268837661,0.7879109228123956,0.5925039875657863,0.9920889260447403,0.9891510009767281,17.54877527368501,0.7600111942481357,0.6358710779877514,743.0,64082.0,511.0,200.0
ANFC_001186.png,0.851593022624135,0.7415428845480074,0.8922970479828993,0.8144405852210882,0.9689962014636854,0.9588470458990656,5.0,0.9908404642132101,0.6671282004820166,7738.0,55101.0,1763.0,934.0
ANFC_001187.png,0.824670034225816,0.701649798994756,0.9404441141001166,0.7342763873968606,0.9331239844461117,0.9343261718760022,7.0710678118654755,0.9297894217350849,0.4885363356667024,10122.0,51110.0,3663.0,641.0
ANFC_001188.png,0.7589147286977446,0.6114928170298258,0.8813203301003271,0.6663641520514618,0.9500433150456075,0.9430541992196191,7.280109889280518,0.8574380560123749,0.7395851739552023,5874.0,55930.0,2941.0,791.0
ANFC_001189.png,0.64579577121408,0.47688211093235505,0.6444226366299602,0.647174770097376,0.9638517720715585,0.9340515136728814,14.0,0.7529710446642636,0.4922245866224409,3940.0,57274.0,2148.0,2174.0
ANFC_001190.png,0.6992613436775184,0.5375878854059507,0.8216573672614884,0.6086024797782638,0.9578727119963446,0.9478149414070464,7.0710678118654755,0.7835454406245316,0.6122179099704346,3976.0,58140.0,2557.0,863.0
ANFC_001191.png,0.7798053528203766,0.6390827518047386,0.8057825267534501,0.7554507955695441,0.97951055741192,0.9668579101567558,22.561028345356956,0.8277874688262673,0.6903412449830931,3846.0,59518.0,1245.0,927.0
ANFC_001192.png,0.8527376472105902,0.7432804233075894,0.9168515859656896,0.7970044253038688,0.9690885529163008,0.96298217773494,4.0,0.9518289453843027,0.7801851172461232,7024.0,56086.0,1789.0,637.0
ANFC_001193.png,0.7636363636545734,0.6176470588711805,0.8405698779103511,0.6996047431254088,0.9643192488268894,0.9531860351569644,5.0,0.8801576882077489,0.6643054485416244,4956.0,57512.0,2128.0,940.0
ANFC_001194.png,0.8809608922656066,0.7872476361120307,0.8883922134263313,0.8736528644535376,0.9847954813060392,0.9745941162113253,3.0,0.9493532727215339,0.9165790729901305,6161.0,57710.0,891.0,774.0
ANFC_001195.png,0.8207937667506213,0.6960561635663787,0.8339930727568045,0.808005752659635,0.9721158532344893,0.9550781250006856,6.0,0.8896547514308509,0.8611229537423042,6742.0,55850.0,1602.0,1342.0
ANFC_001196.png,0.797528019283674,0.6632404181478013,0.822779338683512,0.7737804878278678,0.9604491666969822,0.9410095214852753,15.0,0.8453143515926108,0.7607165120586346,7614.0,54056.0,2226.0,1640.0
ANFC_001197.png,0.8030262453265248,0.6708804117159771,0.7938840349756574,0.8123814684621536,0.9761132765345087,0.9551086425788101,6.324555320336759,0.864411427165052,0.8074979321361693,5997.0,56597.0,1385.0,1557.0
ANFC_001198.png,0.7815322171597396,0.6414057295435205,0.8056485355851832,0.7588177340139096,0.9562669715600209,0.9342956542978776,7.028427124746164,0.8628828266821507,0.7246521456379359,7702.0,53528.0,2448.0,1858.0
ANFC_001199.png,0.7878154917504077,0.6499138426694553,0.8472482216684297,0.7361743656902775,0.9730537927372653,0.9627990722661928,4.0,0.7949996013815012,0.7725574072040927,4526.0,58572.0,1622.0,816.0
ANFC_001200.png,0.8235900608492019,0.7000876424715008,0.8869642460832856,0.7686682063570691,0.9803057362413726,0.973892211914461,5.0,0.8081292348808417,0.7949088116336097,3994.0,59831.0,1202.0,509.0
ANFC_001201.png,0.7955334987762173,0.6604861969975984,0.8234589041398187,0.7694400000368896,0.9758610292150921,0.9622802734380757,4.123105625617661,0.8330911906185684,0.83525484887175,4809.0,58255.0,1441.0,1031.0
ANFC_001203.png,0.7732655465451507,0.6303446882007132,0.7468263473357094,0.8016454557396008,0.9730178715074841,0.944198608399289,18.84804525509889,0.8723158183693911,0.5871681602923395,6236.0,55643.0,1543.0,2114.0
ANFC_001204.png,0.8496757713009087,0.7386402460749435,0.8904448105887789,0.8124765126597232,0.99209292007365,0.9883270263673657,5.0,0.9455611407510991,0.7039438033088532,2162.0,62609.0,499.0,266.0
ANFC_001205.png,0.8325203252202723,0.7130919220555202,0.8998242530975782,0.7745839637340045,0.9804538895451191,0.9748535156253838,5.0,0.906764449846668,0.7843075127264902,4096.0,59792.0,1192.0,456.0
ANFC_001206.png,0.8394397759283541,0.7233056575162568,0.9318407960368555,0.7637104995384891,0.9811593731715138,0.9781341552737712,3.605551275463989,0.9613282339165501,0.8023715868683143,3746.0,60357.0,1159.0,274.0
ANFC_001207.png,0.8643912091114132,0.761169881796992,0.894413571235096,0.8363188842012418,0.9796074823677194,0.9707183837895094,3.605551275463989,0.9278579752123831,0.8015554402682877,6116.0,57501.0,1197.0,722.0
ANFC_001208.png,0.7736951983456023,0.6309159006207109,0.8558891455187237,0.7059047619421074,0.9607730221378233,0.9503784179695073,5.0,0.895406793097637,0.7011517290943687,5559.0,56725.0,2316.0,936.0
ANFC_001209.png,0.790119110497558,0.6530552861636222,0.8483054050839983,0.7394025917263999,0.9588013680800223,0.9454193115242704,5.0990195135927845,0.8439691693394415,0.7118429484762846,6733.0,55226.0,2373.0,1204.0
ANFC_001210.png,0.8214235244325487,0.6969624300801789,0.8773395049429121,0.7722079532572661,0.9537393431426717,0.9421539306649452,8.48528137423857,0.8583026763920844,0.6739904748840889,8719.0,53026.0,2572.0,1219.0
ANFC_001211.png,0.8259654889166822,0.7035274356379687,0.9038484594288636,0.7604397821504499,0.958475391206251,0.9515228271491774,9.0,0.8947351881344533,0.6212561314699392,7539.0,54820.0,2375.0,802.0
ANFC_001212.png,0.8400775928253675,0.7242532669785118,0.8775683317740275,0.8056589080379286,0.9591086188697683,0.945907592774263,7.0,0.907396121352236,0.7598228880582247,9311.0,52680.0,2246.0,1299.0
ANFC_001213.png,0.8343296833480717,0.7157509901781506,0.9426240470853786,0.748354215359062,0.9591794553822977,0.9572906494147143,7.0,0.909016281328678,0.6825702210684056,7048.0,55689.0,2370.0,429.0
ANFC_001214.png,0.8839948530196974,0.7921064301736491,0.9451793840676073,0.8302500697378219,0.9674434360909401,0.9642333984380459,5.385164807134504,0.9637216349378178,0.7117969058416478,8931.0,54261.0,1826.0,518.0
ANFC_001215.png,0.8701266244639234,0.7701098577180484,0.8600247015347859,0.8804686841540531,0.9734412166849574,0.9524230957038511,6.041381265149109,0.9250532992582469,0.6077255074652127,10445.0,51973.0,1418.0,1700.0
ANFC_001216.png,0.8772641135278907,0.7813628513196199,0.913035501334142,0.8441899915248435,0.9159921342681668,0.915008544923172,7.0710678118654755,0.9475301445476528,0.6669956803709713,19906.0,40060.0,3674.0,1896.0
ANFC_001217.png,0.8374953410437246,0.72042321259054,0.8710146332133913,0.8064602961142701,0.9609359436412529,0.9467773437508122,5.0,0.920417172952442,0.7409103522753006,8988.0,53060.0,2157.0,1331.0
ANFC_001218.png,0.761775771292434,0.6152163345612016,0.7200568990839098,0.8086261981442089,0.9903419809420947,0.9758453369144312,15.472207261502756,0.8233389245047853,0.6553543737742971,2531.0,61422.0,599.0,984.0
ANFC_001219.png,0.7788340807571599,0.6377790835376677,0.783754512713446,0.7739750446438591,0.9898989898991508,0.9811859130862247,47.12005646561539,0.8673514140420895,0.7276778313203706,2171.0,62132.0,634.0,599.0
ANFC_001220.png,0.7885418739020746,0.6509031199259601,0.8795207455337206,0.7146205156454623,0.9740615117407452,0.9675598144536202,6.383482008158826,0.9051932325653625,0.6736537892866614,3964.0,59446.0,1583.0,543.0
ANFC_001221.png,0.8328042328122749,0.7135086128975926,0.8559422582701264,0.8108842263196999,0.9635704232982648,0.9469604492195595,6.941640786499795,0.9276735878762337,0.6906331493779402,8657.0,53403.0,2019.0,1457.0
ANFC_001222.png,0.8316268901500592,0.7117819497466611,0.8432096941153236,0.8203579900927066,0.9519441559949243,0.9294891357432635,13.0,0.8777840207450549,0.6009473683448404,11412.0,49503.0,2499.0,2122.0
ANFC_001223.png,0.8065358213377871,0.6757939079977484,0.861154124098157,0.7584325848023973,0.9524252896210779,0.9389343261728069,7.211102550927978,0.9099516594589822,0.7227048803166354,8342.0,53192.0,2657.0,1345.0
ANFC_001224.png,0.8764351961357706,0.7800486390524718,0.8919728327775831,0.8614296043868697,0.9427162286238931,0.9282379150401576,5.0,0.9396241527853061,0.7439849430905379,16679.0,44154.0,2683.0,2020.0
ANFC_001225.png,0.8170825596749657,0.6907350689363909,0.9162096282839519,0.7373109930741879,0.9422876638545109,0.938369750977503,6.8395121628746,0.935322802866087,0.6918719204464665,9021.0,52476.0,3214.0,825.0
ANFC_001226.png,0.7486118122477774,0.5982250908434398,0.9126153846422722,0.6345742405574295,0.9725781074403144,0.9696044921879639,16.06225774829855,0.8527432328939125,0.630317422806158,2966.0,60578.0,1708.0,284.0
ANFC_001227.png,0.8299617962153215,0.7093458944749657,0.8867773019423478,0.7799882283955282,0.9678113805461592,0.9585723876959448,7.0710678118654755,0.9273542811633002,0.7343971753439896,6626.0,56195.0,1869.0,846.0
ANFC_001228.png,0.8318955188214776,0.712175607784165,0.8110033874768131,0.8538925101643227,0.9791487494518798,0.9571838378912785,4.242640687119285,0.9384658487524379,0.7336200724962297,6943.0,55787.0,1188.0,1618.0
ANFC_001229.png,0.845060536945367,0.7316924947096433,0.8826979472284093,0.8105015146627957,0.970550285953924,0.9595794677740543,3.605551275463989,0.8964569962073526,0.8517508217398516,7224.0,55663.0,1689.0,960.0
ANFC_001230.png,0.8017943788427266,0.6691625917123195,0.7988689227584722,0.8047413397220673,0.9610613306953794,0.9339294433603833,19.743058263053268,0.8710869715344145,0.65927482054394,8758.0,52448.0,2125.0,2205.0
ANFC_001231.png,0.8287277185782925,0.7075448909165356,0.8208313872189789,0.8367774497822325,0.9687403111384301,0.9445800781258458,7.810249675906654,0.9066801422292197,0.6939515699384784,8787.0,53117.0,1714.0,1918.0
ANFC_001232.png,0.8028935254438067,0.6706951658174842,0.8005484024916221,0.8052524283603998,0.9333880229710134,0.8993835449234104,21.11905044493985,0.8667502836530214,0.45173407953789496,13430.0,45512.0,3248.0,3346.0
ANFC_001233.png,0.8419830103583096,0.7270903776877133,0.9001702852348397,0.7908614886054818,0.9347809183170409,0.9273376464854839,7.810249675906654,0.9301682944892129,0.5813748925427102,12687.0,48087.0,3355.0,1407.0
ANFC_001234.png,0.769076179126479,0.6247959184056331,0.8295623899431565,0.7168110513092003,0.9584042644663674,0.9438934326180437,9.50493422156967,0.86565667842198,0.4483991793751194,6123.0,55736.0,2419.0,1258.0
ANFC_001235.png,0.7586859688330353,0.6111958374799322,0.7500825718650135,0.767489016585841,0.9634386126518797,0.9338684082041342,14.317821063276353,0.9177030399546035,0.591604433032225,6813.0,54389.0,2064.0,2270.0
ANFC_001236.png,0.8561007009114504,0.748405652151006,0.90915995748,0.8088930936871344,0.9760147914444386,0.9692993164067185,5.0,0.9819023475067051,0.7198085685348169,5985.0,57539.0,1414.0,598.0
ANFC_001237.png,0.8312236287216554,0.711191335826958,0.7677817473959786,0.9060942890356097,0.9960773011832769,0.9853515625002236,5.0,0.9443802092233292,0.7879220700978115,2364.0,62212.0,245.0,715.0
ANFC_001238.png,0.8492227979404816,0.7379558757709807,0.8742887624690099,0.8255540631589063,0.9826578982510572,0.9733581542972817,7.615773105863909,0.9185186568351908,0.6469434945150535,4917.0,58873.0,1039.0,707.0
ANFC_001239.png,0.8142809026733391,0.6867401432011431,0.8734104046425708,0.7626498423012429,0.9679097857245819,0.9579315185553295,5.0,0.8708703707306259,0.7807718300433373,6044.0,56735.0,1881.0,876.0
ANFC_001240.png,0.844303173132882,0.7305576631515025,0.8738513896909982,0.8166878710966192,0.969517462668685,0.9566497802740991,4.206780168668776,0.9555403083141729,0.7163810083920007,7703.0,54992.0,1729.0,1112.0
ANFC_001241.png,0.8488201106470962,0.7373479319054321,0.8763736263915018,0.8229463679805912,0.9777550324125255,0.9670562744145653,4.47213595499958,0.9216848118347447,0.7683463170130492,6061.0,57316.0,1304.0,855.0
ANFC_001242.png,0.8561328334303089,0.7484547668338214,0.8638132295867041,0.8485878105915706,0.974664202971099,0.9590148925787505,4.0,0.9706071873963267,0.8306097887753687,7992.0,54858.0,1426.0,1260.0
ANFC_001243.png,0.8188018046565102,0.6931959496014929,0.8972177512308075,0.7529911231661537,0.9790805236409845,0.9736480712894647,5.521009528313442,0.9063721417490358,0.7486280902151383,3902.0,59907.0,1280.0,447.0
ANFC_001244.png,0.8501707261620682,0.739388660141005,0.9152127033998028,0.793760095231339,0.9561571547338679,0.9497833251960789,12.014558102577281,0.9123127206509645,0.8475888882940158,9337.0,52908.0,2426.0,865.0
ANFC_001245.png,0.7822045152842959,0.642311886619201,0.8381358947185894,0.7332710862399345,0.9549760958276277,0.9399414062509165,14.866068747318506,0.8337876350279202,0.7432519941658011,7068.0,54532.0,2571.0,1365.0
ANFC_001246.png,0.7519860703284377,0.6025462156256459,0.8169780090288535,0.6965725807063361,0.9754514166412408,0.9652252197270932,6.0,0.867970159429619,0.6733899978056923,3455.0,59802.0,1505.0,774.0
ANFC_001248.png,0.715808994006049,0.5574007221015521,0.7139884393724881,0.7176388566772858,0.9801506265217012,0.962585449219321,35.397638216194316,0.7787328228387856,0.7240071794286738,3088.0,59996.0,1215.0,1237.0
ANFC_001249.png,0.5340543028607853,0.36430701626678585,0.7634868421830635,0.41065109706110203,0.9467005888385385,0.938201904297818,123.65333193628392,0.6325613939122894,0.37027030894859925,2321.0,59165.0,3331.0,719.0
ANFC_001250.png,0.8155685214305132,0.6885738315885409,0.8960287679962432,0.7483677200641985,0.9674163003049134,0.9604492187506036,8.54400374531753,0.9002085767615459,0.846957781502193,5731.0,57213.0,1927.0,665.0
ANFC_001251.png,0.8182888355314645,0.6924609499766926,0.8329179448012923,0.8041647385650935,0.9615998838566783,0.9411163330087111,5.0,0.9181231536794224,0.7922057722201319,8689.0,52988.0,2116.0,1743.0
ANFC_001252.png,0.8029961457491822,0.6708383961517815,0.8260023938022139,0.7812367341472709,0.9737307143347086,0.9586639404303183,5.830951894845301,0.8990817174608471,0.7353032882701832,5521.0,57306.0,1546.0,1163.0
ANFC_001253.png,0.832176039128011,0.7125868855445451,0.8691521961318537,0.798217636041443,0.9614142718767013,0.9476318359382991,4.0,0.9464905479253742,0.8277718958781408,8509.0,53595.0,2151.0,1281.0
ANFC_001254.png,0.8088209141141253,0.679008659333233,0.8909494580265183,0.7405557968149635,0.9587069576191933,0.9507904052741885,11.25899389098186,0.8788475586295157,0.7819865123112352,6822.0,55489.0,2390.0,835.0
ANFC_001255.png,0.6725806451990115,0.5066828676433461,0.6381722781726776,0.7109108622233533,0.9805288540405411,0.9566345214850368,11.029484661171713,0.8421785476404932,0.6268829413457256,2919.0,59775.0,1187.0,1655.0
ANFC_001256.png,0.6694049733937162,0.5030869348401323,0.7353658537230814,0.6143031785626929,0.9691874470999221,0.9545593261725684,28.65047924820339,0.7527527942301798,0.6100153937742229,3015.0,59543.0,1893.0,1085.0
ANFC_001257.png,0.7151721207211923,0.556628737819975,0.814205535162724,0.6376174598912372,0.9603935794868161,0.9488677978523429,7.211102550927978,0.778402098231599,0.6911367678516214,4207.0,57978.0,2391.0,960.0
ANFC_001258.png,0.8150340337560389,0.6878121878641672,0.8928031121908789,0.7497277677405213,0.9773596677013683,0.9713897705082492,3.605551275463989,0.9434577715876844,0.7734345484947223,4131.0,59530.0,1379.0,496.0
ANFC_001259.png,0.7767848177751998,0.6350352980405458,0.748452012432575,0.8073471092032253,0.9847104426188592,0.9660797119145802,11.112850452343105,0.8468161027787666,0.6103771751025191,3868.0,59445.0,923.0,1300.0
ANFC_001260.png,0.72990844356308,0.5746896276098399,0.8998745819607286,0.6139475185947023,0.9554417961555925,0.9513854980476169,43.904397079245825,0.7979865954272691,0.28109577893453214,4305.0,58045.0,2707.0,479.0
ANFC_001261.png,0.7669291338766198,0.6219667944288676,0.8061579209061153,0.7313410422388735,0.9699302462396852,0.9548339843756893,10.0,0.7704456680504955,0.552918909863334,4870.0,57706.0,1789.0,1171.0
ANFC_001262.png,0.8355263157989655,0.7175141243217847,0.9009334163160009,0.7789734208781908,0.9642788821070194,0.9565124511725387,14.560219778561036,0.8447479192762752,0.4839929942650476,7239.0,55447.0,2054.0,796.0
ANFC_001263.png,0.7991459357565348,0.6654813099846608,0.8396285475960321,0.7623874941011476,0.9551758650279673,0.9382781982431294,8.54400374531753,0.8809566310072799,0.6614224835419651,8047.0,53444.0,2508.0,1537.0
ANFC_001265.png,0.7757048971922988,0.6335930736247971,0.7465823301625605,0.8071917052937136,0.9686367387955532,0.9354248046884854,18.013835121587796,0.8818858664993807,0.6485130375573647,7318.0,53986.0,1748.0,2484.0
ANFC_001266.png,0.8775859387247172,0.7818736142209155,0.906491002585718,0.8504672897421666,0.9832748853523187,0.9759826660159916,4.47213595499958,0.9862039689119014,0.7867626371621637,5642.0,58320.0,992.0,582.0
ANFC_001267.png,0.8678414096990941,0.7665369650038375,0.8204826997201535,0.9210021577654037,0.988268176315811,0.9642944335942949,8.06225774829855,0.9484883845197792,0.6929190114061788,7683.0,55513.0,659.0,1681.0
ANFC_001268.png,0.8320011317937327,0.7123304263914328,0.8924127466020618,0.7792500331549954,0.9717368438914984,0.9637603759771156,117.78878064897103,0.8596877019754942,0.292330029907929,5881.0,57280.0,1666.0,709.0
ANFC_001269.png,0.8623009643572213,0.7579341612935276,0.8734666061168862,0.851417183380997,0.9890241109695256,0.981262207031536,6.082762530298219,0.9542478611482594,0.42752354662119907,3845.0,60463.0,671.0,557.0
ANFC_001271.png,0.811743750395446,0.6831386333419686,0.7439765818797595,0.8930936613200305,0.9860380555656081,0.9532318115241513,8.0,0.937895136410231,0.7675777576610037,6608.0,55863.0,791.0,2274.0
ANFC_001272.png,0.7579651737694498,0.610260805729122,0.7189844201213237,0.8014150185236509,0.9789263531503152,0.9514312744148037,11.045361017187261,0.8877405845172804,0.6283520589743165,4984.0,57369.0,1235.0,1948.0
ANFC_001273.png,0.8140586262484967,0.6864240040121928,0.7956100342657896,0.8333830994824177,0.9910040626815148,0.9805450439456095,4.47213595499958,0.937094502469014,0.7287094558506826,2791.0,61470.0,558.0,717.0
ANFC_001274.png,0.7823978842357922,0.6425727042786807,0.8683953033482721,0.7118983957604414,0.9637229816180102,0.9548034667975648,5.385164807134504,0.8747951460694211,0.6797420322885628,5325.0,57249.0,2155.0,807.0
ANFC_001277.png,0.7558164584362442,0.6074798719065466,0.7397996837385556,0.7725421116621665,0.9631407111387282,0.9308166503916807,14.380451486424105,0.8634891931644839,0.6841680093635958,7017.0,53985.0,2066.0,2468.0
ANFC_001278.png,0.7031769486790564,0.542230451567835,0.7577627389017191,0.6559269469924316,0.9669982813331736,0.9509582519538734,14.159769318686187,0.7543842597450781,0.632211880354923,3807.0,58515.0,1997.0,1217.0
ANFC_001282.png,0.8263222632333135,0.7040452735585784,0.86572164950184,0.790352941201135,0.9691567432849426,0.9569091796881576,5.0,0.9133452921642728,0.8079513246357444,6718.0,55994.0,1782.0,1042.0
ANFC_001283.png,0.813174424237947,0.6851675940174831,0.8657407407637618,0.7666261767739712,0.9742563312345194,0.9645996093755402,8.0,0.8975736307208003,0.6789397922350555,5049.0,58167.0,1537.0,783.0
ANFC_001284.png,0.7995701236048538,0.6660698299442295,0.8206744406207572,0.7795240233827984,0.9751140395341255,0.9601593017584206,20.591260281974,0.8725316574296974,0.7732425904390915,5208.0,57717.0,1473.0,1138.0
ANFC_001286.png,0.7603338436584358,0.6133375826935433,0.7710336538690872,0.7499269362153018,0.9537910426275599,0.9259490966808175,10.63014581273465,0.8208166077822386,0.6677430885308789,7698.0,52985.0,2567.0,2286.0
ANFC_001287.png,0.773465964965967,0.6306110901894935,0.7630077590411903,0.7842148469820318,0.9675896568736774,0.9402313232430995,8.48528137423857,0.8736867175513805,0.7261249811941343,6687.0,54932.0,1840.0,2077.0
ANFC_001288.png,0.7351926825809573,0.5812685240567553,0.7420917209411092,0.7284207399006952,0.9689796195426873,0.9461059570320725,13.0,0.8544114198359531,0.6651238125335904,4903.0,57101.0,1828.0,1704.0
ANFC_001289.png,0.8528144813971824,0.7433971816940851,0.9038678567863068,0.8072200843130639,0.9622864722443083,0.9535980224616456,6.0,0.9428282819100788,0.7153382148374511,8810.0,53685.0,2104.0,937.0
ANFC_001290.png,0.7657363420601443,0.6203993264829927,0.7618906942744622,0.7696210086885078,0.9737263043260775,0.951843261719485,40.365771977821005,0.8503095093477295,0.7142143120055322,5158.0,57222.0,1544.0,1612.0
ANFC_001291.png,0.781728395075202,0.6416700446248814,0.7699416342692191,0.7938816449606467,0.9713149078731973,0.9460449218758233,9.0,0.859092409053953,0.703811968779272,6332.0,55668.0,1644.0,1892.0
ANFC_001292.png,0.7968601633350092,0.6623171630366919,0.8562100394699755,0.7452048307192511,0.9630145226439286,0.9510345458991848,5.830951894845301,0.9247864474848114,0.7083871518760838,6294.0,56033.0,2152.0,1057.0
ANFC_001293.png,0.8272238710264208,0.705355310874403,0.879498550240534,0.7808146577997567,0.9461995911550604,0.9342651367197531,5.0,0.9189377509948854,0.7238128779539208,10313.0,50915.0,2895.0,1413.0
ANFC_001294.png,0.8114904552215726,0.6827799228044186,0.8522409638696635,0.7744591398988825,0.9533184677588638,0.9373168945322066,7.0,0.8990274371821183,0.6693001543962082,8842.0,52586.0,2575.0,1533.0
ANFC_001295.png,0.8276907529142147,0.7060344827839625,0.8863636363759346,0.7763033175567485,0.9580787267308853,0.947967529297669,7.280109889280518,0.9203863807310029,0.6312741373718781,8190.0,53936.0,2360.0,1050.0
ANFC_001296.png,0.7670747150893141,0.6221583128427611,0.9146366015875506,0.6605117767286258,0.9614489260188966,0.957901000977205,28.49534052532376,0.8931124412386914,0.5698536853108084,4543.0,58234.0,2335.0,424.0
ANFC_001297.png,0.8642260017426515,0.7609137056242109,0.8781487990864775,0.8507377979851045,0.9869403293886131,0.9784393310550166,4.0,0.9295487775523575,0.8182259228862668,4497.0,59626.0,789.0,624.0
ANFC_001348.png,0.6964140840992351,0.5342295246367365,0.6909207985541144,0.7019954204442278,0.9854076565755981,0.9714508056644983,11.864761515876209,0.7234265974540552,0.5787160880774195,2146.0,61519.0,911.0,960.0
ANFC_001349.png,0.7542521994423165,0.6054613936712878,0.8616992763704907,0.6706299541780079,0.9744519051860779,0.9680328369145504,5.0,0.9287136852846362,0.6395253341707846,3215.0,60226.0,1579.0,516.0
ANFC_001350.png,0.7924459112768202,0.65624051022529,0.8151640890578717,0.7709596860915163,0.978683135770849,0.9654541015630272,12.36931687685298,0.8936165222126808,0.7551371563875746,4322.0,58950.0,1284.0,980.0
ANFC_001351.png,0.711594323204283,0.5523061067312154,0.6555045872086385,0.7781811581451841,0.9792867313041683,0.9469757080086217,12.0,0.8462835256311937,0.551741306536997,4287.0,57774.0,1222.0,2253.0
ANFC_001352.png,0.7783002638171465,0.6370634623287525,0.8765176957177686,0.699876237685669,0.9764047676968068,0.9705047607426377,4.242640687119285,0.922920689126854,0.7301238646310184,3393.0,60210.0,1455.0,478.0
ANFC_001353.png,0.6969337625449884,0.5348413937766923,0.6902684564797756,0.7037290456025559,0.9861564038623608,0.9727020263676042,14.984029811595402,0.8000163578195346,0.4736203753693146,2057.0,61690.0,866.0,923.0
ANFC_001354.png,0.7973649825894292,0.6630149389168841,0.8273641396647425,0.7694651676190538,0.9612948751881222,0.9432067871102418,11.955704986607916,0.9160461389514358,0.4343725189388248,7323.0,54491.0,2194.0,1528.0
ANFC_001355.png,0.7896077433037169,0.6523569025032169,0.7820383452159242,0.7973251029849151,0.993800547565947,0.9873962402345674,4.0,0.9397823200447982,0.8559559369078701,1550.0,63160.0,394.0,432.0
ANFC_001356.png,0.8114334471190877,0.6826992103943468,0.8423383525592696,0.7827160494274246,0.9826941986236858,0.9730224609379118,5.0,0.9498807503857105,0.6362314892178426,3804.0,59964.0,1056.0,712.0
ANFC_001357.png,0.7782120792109176,0.6369453045124983,0.8057441253770903,0.7524993904529383,0.9835510323147902,0.9731597900394722,7.211102550927978,0.8639958536196762,0.601926959525505,3086.0,60691.0,1015.0,744.0
ANFC_001358.png,0.724274527892743,0.5677354131184669,0.6755456264520457,0.7805798253017117,0.9814960563996601,0.9543304443366345,17.07042115322245,0.8276521963089144,0.6487669195306603,3931.0,58612.0,1105.0,1888.0
ANFC_001359.png,0.8047662694938117,0.6733128834811332,0.8952539859296896,0.7308914787754062,0.9704366333016787,0.9642486572271082,3.605551275463989,0.9623041590860384,0.8101897411760274,4829.0,58364.0,1778.0,565.0
ANFC_001360.png,0.7805401312606929,0.64007037155748,0.7500606354899272,0.8136016837919493,0.9752661895623099,0.9469299316414349,15.092618484691043,0.8510072300774616,0.6685118233298659,6185.0,55873.0,1417.0,2061.0
ANFC_001361.png,0.6980201035822102,0.5361220288661687,0.6807271863497235,0.7162145268513296,0.9602591036421523,0.9243621826183418,16.0,0.8179535506624487,0.5752241822605474,5729.0,54850.0,2270.0,2687.0
ANFC_001362.png,0.6932952924940629,0.5305676857176399,0.6648426813731729,0.7242921014440045,0.9881811793268354,0.9737548828129006,84.21335281049706,0.8364606346892146,0.39006163392520005,1944.0,61872.0,740.0,980.0
ANFC_001363.png,0.8488691332299079,0.7374219193938192,0.8729497176831205,0.8260814249585138,0.9764707907333046,0.9647216796880385,4.0,0.9817344549500191,0.734308660981963,6493.0,56731.0,1367.0,945.0
ANFC_001364.png,0.8107435961360571,0.6817231284425312,0.8212966073528222,0.800458340186535,0.9795408009133708,0.9651641845708442,4.0,0.9612905885547115,0.7721461062419565,4890.0,58363.0,1219.0,1064.0
ANFC_001365.png,0.7746157358431569,0.6321410830521259,0.7443696988170899,0.8074238579291168,0.9902281179066885,0.9774017333987824,5.602516361020792,0.9243718682701325,0.6552070499379522,2545.0,61510.0,607.0,874.0
ANFC_001366.png,0.7998207885484032,0.6664177990642948,0.7514733120472347,0.8548170848774531,0.9872812389887531,0.9659118652348953,4.47213595499958,0.9431941977806667,0.7598446485561186,4463.0,58839.0,758.0,1476.0
ANFC_001367.png,0.8277601497170483,0.7061354803295203,0.7818936366766226,0.8793431288021879,0.9881755039812269,0.9676971435551806,5.0990195135927845,0.9083385688676037,0.7099804574967279,5087.0,58332.0,698.0,1419.0
ANFC_001368.png,0.7042219541973195,0.5434742134530861,0.7321294206841913,0.678363932215114,0.9775138507534239,0.962585449219321,16.82530705451128,0.7658072326919687,0.6063404859226961,2919.0,60165.0,1384.0,1068.0
ANFC_001369.png,0.7265362406509923,0.5705197618339849,0.7502669989764565,0.7042606516784862,0.9704596281589762,0.9515838623054264,13.0,0.7638462907829814,0.6967320290004719,4215.0,58148.0,1770.0,1403.0
ANFC_001370.png,0.7592539998334513,0.6119334656474998,0.6949740035190686,0.836636761978586,0.9868989057325754,0.9611968994146547,20.615528128088304,0.7788758515833236,0.6523741892171375,4010.0,58983.0,783.0,1760.0
ANFC_001371.png,0.8249414811581781,0.7020428922860013,0.8859649122929006,0.7717826856982777,0.9564141809646826,0.946365356446131,4.47213595499958,0.9443292385345304,0.7803072983334858,8282.0,53739.0,2449.0,1066.0
ANFC_001372.png,0.8731365987299582,0.7748380129832788,0.8970992748315705,0.850420765692732,0.978066668984357,0.9681854248051731,4.0,0.9527321427950669,0.7960372950980781,7175.0,56276.0,1262.0,823.0
ANFC_001373.png,0.8568766740504905,0.749592502063,0.9042644709469996,0.8142082549724236,0.9707486193144349,0.9624938964849474,5.0,0.9050780788930357,0.7299965882189372,7358.0,55720.0,1679.0,779.0
ANFC_001374.png,0.8431279940730634,0.7287997200829581,0.8823612484278547,0.8072351421437681,0.9744760927213331,0.964523315430229,4.0,0.8887651339584345,0.7355504586840385,6248.0,56963.0,1492.0,833.0
ANFC_001375.png,0.8172185430598073,0.6909294513262499,0.8477862595652235,0.7887784091209121,0.9747906282851051,0.9620971679693284,4.123105625617661,0.965401947562968,0.690619620264068,5553.0,57499.0,1487.0,997.0
ANFC_001376.png,0.8267204662761174,0.7046236148637596,0.8619507634992286,0.7942569993116645,0.975760343719751,0.9646148681646025,4.0,0.9748307759554866,0.7184259235430149,5532.0,57685.0,1433.0,886.0
ANFC_001378.png,0.708685458824018,0.5488093227876365,0.7977169510497463,0.6375318815344779,0.935614839081782,0.9184722900403066,13.416407864998739,0.730891979094747,0.49100318217756955,6499.0,53694.0,3695.0,1648.0
ANFC_001379.png,0.6800437796813762,0.515201769022443,0.5897489981881988,0.8029867892581888,0.9887161773173991,0.9598541259771752,45.0111097397076,0.7928486841142696,0.5311197277782034,2796.0,60109.0,686.0,1945.0
ANFC_001380.png,0.8023295649420659,0.6699084668821684,0.8173569102332813,0.7878448083005505,0.9845520755089233,0.9735870361332156,5.9323807579381045,0.9197590783597229,0.7309381908976673,3513.0,60292.0,946.0,785.0
ANFC_001381.png,0.8253942315691319,0.702698942723609,0.8870741131213428,0.7717341482396128,0.9750342568768585,0.9673919677739352,4.0,0.9512147515462452,0.7652623572386882,5051.0,58348.0,1494.0,643.0
ANFC_001382.png,0.8129852744435753,0.6848990639805008,0.8285129604599573,0.7980289093563694,0.9735937875824899,0.9573669433600256,11.609873881950685,0.9013131466473197,0.7456908905529247,6073.0,56669.0,1537.0,1257.0
ANFC_001383.png,0.7652748867680574,0.6197937327211832,0.7392950083417801,0.7931472081743282,0.9867066825427473,0.9707489013676339,22.00567888638631,0.80637173555891,0.6110420147974105,3125.0,60494.0,815.0,1102.0
ANFC_001384.png,0.7989976540947431,0.6652756814645054,0.8546823314868618,0.7501251376764315,0.9560323415956591,0.9424743652352529,15.64128407075869,0.8855515037590954,0.7295903373167882,7493.0,54273.0,2496.0,1274.0
ANFC_001385.png,0.8819277108522645,0.788793103476725,0.8609232578857802,0.9039827107280052,0.9894098818403411,0.9760742187503652,6.324555320336759,0.9811315721576134,0.6411354116912779,5856.0,58112.0,622.0,946.0
ANFC_001386.png,0.8745389426484985,0.777049491804213,0.8965366067627645,0.8535949076642393,0.9751294050915562,0.9641876220708591,3.605551275463989,0.95987664825186,0.7866966626836353,8180.0,55009.0,1403.0,944.0
ANFC_001387.png,0.7814913539893725,0.6413506843570395,0.9255301926622098,0.6762479300122726,0.9538907326613675,0.951217651367932,8.94427190999916,0.924419960311364,0.32183539253924215,5717.0,56622.0,2737.0,460.0
ANFC_001388.png,0.845607235154586,0.7325125909719484,0.8352209284040164,0.8562551104078079,0.9851688123241404,0.9708251953129453,5.385164807134504,0.963882567252206,0.4892543132750425,5236.0,58388.0,879.0,1033.0
ANFC_001389.png,0.830660983706741,0.710367970410742,0.9485475896247609,0.7388374052546832,0.9632601923343617,0.9618072509771454,7.0710678118654755,0.9610666339279758,0.32027078870819425,6139.0,56894.0,2170.0,333.0
ANFC_001391.png,0.6911037892540759,0.5280050349100031,0.569199457551425,0.8794549267510955,0.9982048640379912,0.9885559082032997,80.0,0.6995069272133403,0.5605164063811291,839.0,63947.0,115.0,635.0
ANFC_001392.png,0.7493048441570829,0.5991106951089269,0.7997500781318728,0.704845815018606,0.9637433625331663,0.9477233886726728,6.4031242374328485,0.8615274857598676,0.5558597928338357,5120.0,56990.0,2144.0,1282.0
ANFC_001393.png,0.7071272409525905,0.5469426407539308,0.73535831216163,0.6809836618357783,0.9684533129023543,0.9488983154304673,20.60582098964258,0.7212127574514506,0.5250733795538661,4043.0,58144.0,1894.0,1455.0
ANFC_001394.png,0.802456388250505,0.6700853149691337,0.9002560663455363,0.7238235294388409,0.9508677073349461,0.9445343017586589,11.91547594742265,0.8761540376624969,0.46145563332629463,7383.0,54518.0,2817.0,818.0
ANFC_001395.png,0.8024141005553519,0.6700263429538397,0.8242919543716652,0.7816675574850792,0.9720392203841264,0.9560394287116084,7.615773105863909,0.8708519714813129,0.765538792429948,5850.0,56805.0,1634.0,1247.0
ANFC_001396.png,0.8284296955329773,0.7071105271270097,0.819458544869804,0.8375994465863716,0.9842518364474516,0.9693908691410922,7.0710678118654755,0.9091537748492363,0.724724611338343,4843.0,58687.0,939.0,1067.0
ANFC_001397.png,0.796580395854716,0.6619307124052295,0.8370662072761343,0.7598302055943185,0.9825126478294127,0.9734954833988421,6.0,0.9318279403617657,0.6973880075002052,3401.0,60398.0,1075.0,662.0
ANFC_001398.png,0.8127686472937568,0.684591630317901,0.7862296686087527,0.841161847462886,0.9788350563995392,0.9548034667975648,8.06225774829855,0.9088020373611234,0.591301118706676,6429.0,56145.0,1214.0,1748.0
ANFC_001399.png,0.7809856083924129,0.6406697195705968,0.7162054071802583,0.8586497890566456,0.9875685249221967,0.9616851806646473,13.601470508735444,0.8936266580369961,0.6815159195757936,4477.0,58548.0,737.0,1774.0
ANFC_001400.png,0.7795416262682078,0.6387285654840044,0.8954033771229593,0.6902286902566909,0.9398856300880598,0.9340972900400683,32.43346068905272,0.8846725284583891,0.2954836318833858,7636.0,53581.0,3427.0,892.0
ANFC_001401.png,0.8337846550683953,0.7149491375707689,0.9308954794192441,0.7550210182348575,0.9429032784813596,0.940994262696213,9.219544457292887,0.9294558265836788,0.4386339395747946,9699.0,51970.0,3147.0,720.0
ANFC_001402.png,0.7868554635433153,0.6486081748019197,0.9209505941312132,0.6868470149545852,0.9416589909813583,0.9391326904306163,10.0,0.9266600745854321,0.5073017762183182,7363.0,54184.0,3357.0,632.0
ANFC_001403.png,0.8059357810149756,0.6749517892275654,0.7828031809684882,0.8304771948772799,0.989546755104865,0.9768524169925408,26.92582403567252,0.8663920003374619,0.6772266576810657,3150.0,60869.0,643.0,874.0
ANFC_001404.png,0.6668335419691072,0.5001877582613241,0.5591939547524781,0.8257904526268474,0.9907523201475885,0.959381103516245,54.48483693101803,0.6594058259327678,0.5806267902617578,2664.0,60210.0,562.0,2100.0
ANFC_001405.png,0.7469074492327848,0.5960513042807247,0.6937269373207435,0.8089184432214124,0.9836002282877833,0.9572296142584652,39.386975827101764,0.8179463912171547,0.6965325119758957,4136.0,58597.0,977.0,1826.0
ANFC_001406.png,0.8600016538551227,0.7543885101005086,0.9077419918034615,0.8170319742464426,0.9569333752481197,0.9483337402351635,5.830951894845301,0.9557312443750623,0.7481631312247076,10400.0,51750.0,2329.0,1057.0
ANFC_001407.png,0.7610075499591764,0.6142148404212452,0.6521988090183006,0.9133921411526236,0.9904936272095188,0.9454193115242704,17.55527192312541,0.8517104782617496,0.6210136207256729,5695.0,56264.0,540.0,3037.0
ANFC_001408.png,0.7037037037881186,0.5428571430580849,0.66865186807328,0.7426337945023248,0.9932798442432245,0.9841308593752423,144.2547637084056,0.4918028230578661,0.45521850248960316,1235.0,63261.0,428.0,612.0
ANFC_001410.png,0.8466492869250632,0.7340779151885336,0.9014613437912106,0.7981207083629837,0.947585715090968,0.9389648437509315,5.0,0.9594895589972429,0.7655648196726068,11042.0,50494.0,2793.0,1207.0
ANFC_001411.png,0.7125993736795231,0.5535179641554046,0.6408145581367385,0.8024959306016017,0.9880499015103734,0.9635925292974307,50.99803902718557,0.7558404419581187,0.6504887986689707,2958.0,60192.0,728.0,1658.0
ANFC_001412.png,0.7997221808900272,0.6662808961175266,0.7967576117243221,0.8027088935561489,0.9642547816679131,0.9384002685556275,9.055385138137417,0.8780550728530884,0.7206665763063527,8060.0,53439.0,1981.0,2056.0
ANFC_001413.png,0.7678643520856147,0.6231979031378776,0.7455899648194474,0.791510611822093,0.9920457251727864,0.9824523925783929,5.811269837220786,0.8641843489883765,0.6481993601080942,1902.0,62484.0,501.0,649.0
ANFC_001414.png,0.795896616067693,0.6609869440891818,0.9270639354664606,0.6972455649632946,0.9791860577080722,0.9766235351566068,105.74337732236067,0.8338321029663882,0.4772813502992012,2987.0,61017.0,1297.0,235.0
ANFC_001415.png,0.7807907893075609,0.6404075547613302,0.9320072332976466,0.6717935350177806,0.9799429672941335,0.9779205322268996,8.0,0.9336150112204232,0.4533893299883413,2577.0,61512.0,1259.0,188.0
ANFC_001416.png,0.786040519992266,0.6475014471064052,0.75944783893201,0.8145631068411253,0.9874993864229674,0.9721221923832379,3.605551275463989,0.8961025844238494,0.758956576808192,3356.0,60353.0,764.0,1063.0
ANFC_001417.png,0.8516811742744768,0.7416765755437461,0.872377622399934,0.8319439813551277,0.9831483215196076,0.9734802246097798,4.0,0.9616226604456902,0.8059541145039721,4990.0,58808.0,1008.0,730.0
ANFC_001418.png,0.8151285930594928,0.6879468846292225,0.8521720793226123,0.7811714672760155,0.9813797414221571,0.9720306396488644,5.966190378969053,0.8830337587223813,0.7213273637131332,4041.0,59662.0,1132.0,701.0
ANFC_001419.png,0.7069741282751724,0.546759460733632,0.6624505929743213,0.7579137775827814,0.9869940558140134,0.9682006835942353,8.06225774829855,0.7744701246165528,0.6063311229163709,2514.0,60938.0,803.0,1281.0
ANFC_001420.png,0.7940807625038775,0.6584858569761884,0.7733268197915665,0.8159793814907269,0.9883792845286875,0.9749450683597574,5.0,0.9351163875896588,0.7916585707483601,3166.0,60728.0,714.0,928.0
ANFC_001421.png,0.859664607248683,0.7538699690748846,0.8472244188127116,0.8724755700533428,0.9867765524464767,0.9733123779300948,4.0,0.9819214772214413,0.7913725571168497,5357.0,58430.0,783.0,966.0
ANFC_001422.png,0.8204926624973149,0.695623194913214,0.8237305972576346,0.8172800835767997,0.9886612132503659,0.9790954589846941,4.123105625617661,0.8940666987289334,0.8101517198685612,3131.0,61035.0,700.0,670.0
ANFC_001423.png,0.7703823589145881,0.626521882259539,0.7533135509884641,0.7882425999196351,0.9830855971299568,0.9653625488286537,5.0990195135927845,0.8646176784193377,0.6560534774292256,3808.0,59458.0,1023.0,1247.0
ANFC_001424.png,0.7794229630442996,0.6385692500154486,0.784000000036766,0.7748990579113562,0.9775732890836967,0.9602203369146696,16.76305461424021,0.8341867750120769,0.7108310807028734,4606.0,58323.0,1338.0,1269.0
ANFC_001425.png,0.7771156138464183,0.6354775829006631,0.7580039349386507,0.7972159518816373,0.9820168487783465,0.9629058837896286,6.5404101002127275,0.86654022669192,0.7046936446475374,4238.0,58867.0,1078.0,1353.0
ANFC_001426.png,0.7842878362944142,0.6451262558179301,0.7894999169646951,0.7791441220234229,0.9773678108779447,0.9601135253912337,16.217098556298648,0.8662921424226934,0.6862632480189881,4752.0,58170.0,1347.0,1267.0
ANFC_001427.png,0.7081252838365297,0.5481377374925244,0.7738095240339191,0.6527196655625777,0.993568683362361,0.9901885986329623,5.0,0.7853868822008605,0.5710505308275265,780.0,64113.0,415.0,228.0
ANFC_001428.png,0.7538541486655371,0.6049485683611485,0.6455057847387998,0.905911740255657,0.9963645137939939,0.9783172607425185,6.0,0.8894191524983823,0.5892812955558427,2176.0,61939.0,226.0,1195.0
ANFC_001429.png,0.7987179487502055,0.6648879403242027,0.8427460264312662,0.759061833762089,0.9873599769892878,0.9808349609377925,3.1622776601683795,0.9074586592069287,0.8291686413690156,2492.0,61788.0,791.0,465.0
ANFC_001430.png,0.760593220364344,0.613675213741252,0.8529341886783239,0.6862932518282749,0.9732418021430489,0.9655151367192764,21.912159550915074,0.8145637399370104,0.733074674687937,3590.0,59686.0,1641.0,619.0
ANFC_001431.png,0.7536096879557825,0.604633781813075,0.8405194805470962,0.6829886028305912,0.9622998276474239,0.9515686035163641,5.0,0.8513167402203836,0.6867745484324278,4854.0,57508.0,2253.0,921.0
ANFC_001432.png,0.7672611559411484,0.6224036499432821,0.7894015532527179,0.7463288223803155,0.9701198935038728,0.9520111083991698,5.0,0.8904082908309082,0.7095333160173838,5184.0,57207.0,1762.0,1383.0
ANFC_001433.png,0.7289719626338222,0.5735294118067974,0.8556913562279942,0.6349431818580701,0.9431270746456187,0.9340667724619437,61.61533694550579,0.8694690762162275,0.6519888570716292,5811.0,55404.0,3341.0,980.0
ANFC_001436.png,0.8106698756644826,0.6816188870509703,0.8984884410346046,0.7384896468040817,0.9634789412811546,0.9567871093756595,8.824590584964326,0.834969919023431,0.582155012330457,6063.0,56641.0,2147.0,685.0
ANFC_001437.png,0.8367090876647509,0.7192604006595901,0.8083116883448811,0.8671744380703744,0.9880356754407049,0.9721984863285493,3.605551275463989,0.9372195284777544,0.884337460990336,4668.0,59046.0,715.0,1107.0
ANFC_001438.png,0.8045050055707961,0.6729471970479223,0.8404997094866842,0.7714666666869807,0.9534323492129427,0.9356384277353572,10.63014581273465,0.901306809142593,0.7123721709216545,8679.0,52639.0,2571.0,1647.0
ANFC_001439.png,0.792216898457858,0.6559264635069254,0.8083710947044632,0.7766956920512493,0.9658967629052336,0.945739746094578,8.05914486088361,0.8968971336666176,0.7125238347057276,6779.0,55201.0,1949.0,1607.0
ANFC_001440.png,0.7367152991743599,0.5831744014003841,0.7470141151266267,0.7266965936458019,0.9644134231886189,0.939971923829041,22.80350850198276,0.7477258264678146,0.5306426546767862,5504.0,56098.0,2070.0,1864.0
ANFC_001441.png,0.8175580411864313,0.6914149444051805,0.8495799961223716,0.7878623188790105,0.9806180379697665,0.9703826904301396,5.656854249492381,0.9197737497095969,0.6539516123935201,4349.0,59246.0,1171.0,770.0
ANFC_001442.png,0.7348050458905673,0.5807840471809671,0.8285113948879083,0.6601416613444763,0.9555342128771246,0.9435424804696115,10.816653826391969,0.7378148151859505,0.5240514478071054,5126.0,56710.0,2639.0,1061.0
ANFC_001443.png,0.8153644696840502,0.6882829772129175,0.9594247560453455,0.7089184061273399,0.975114370072757,0.974182128906644,7.0710678118654755,0.9674461977521526,0.4606782755747385,3736.0,60108.0,1534.0,158.0
ANFC_001444.png,0.743061889267553,0.5911682388731038,0.7527719113314715,0.7335991767772576,0.964268461008208,0.9398193359384184,8.54400374531753,0.8237447395311196,0.6648239254732146,5703.0,55889.0,2071.0,1873.0
ANFC_001445.png,0.8033790918794415,0.6713731027469667,0.8798427200323994,0.7391431069912423,0.952802826557809,0.9431762695321172,5.656854249492381,0.9265053310485901,0.7577281911071702,7608.0,54204.0,2685.0,1039.0
ANFC_001446.png,0.8332671695448061,0.7141884995868701,0.8981600342754985,0.7771195854212811,0.9904745328250372,0.9871826171876957,5.0,0.9486153974510927,0.6530352342526421,2099.0,62597.0,602.0,238.0
ANFC_001447.png,0.74887593674031,0.5985624917345185,0.876437341672883,0.6537287396927274,0.9605661782971514,0.9539794921882023,9.433981132056603,0.8287968142791575,0.6841671565749274,4497.0,58023.0,2382.0,634.0
ANFC_001448.png,0.8010037641320783,0.6680619506532633,0.8074198988520371,0.7946887967145745,0.9792470556658852,0.9636993408208665,13.0,0.8963890594403596,0.674774265485244,4788.0,58369.0,1237.0,1142.0
ANFC_001449.png,0.6615487316798455,0.4942643392361987,0.6723202171704385,0.6511169514561723,0.9739339594859782,0.9535827636725833,40.184569993108695,0.6999995013566893,0.49786019650679686,2973.0,59521.0,1593.0,1449.0
ANFC_001450.png,0.5735521833715119,0.4020842380154055,0.6677483324918426,0.5026462207215842,0.9389054660031189,0.9159545898450325,29.181103708480737,0.6479131356912107,0.33578345752963557,3704.0,56324.0,3665.0,1843.0
ANFC_001451.png,0.6403746332859188,0.47099344348319416,0.6980319803569457,0.5915155305824978,0.9317318747181178,0.9027404785171091,14.866068747318506,0.7717558309075313,0.2405184015419013,5675.0,53487.0,3919.0,2455.0
ANFC_001452.png,0.783575591145852,0.6441629956339028,0.8344985019497078,0.7385101010431174,0.9646146223116747,0.9506988525398149,7.810249675906654,0.9288339808644823,0.4678847432107129,5849.0,56456.0,2071.0,1160.0
ANFC_001454.png,0.8734256364561478,0.7752933714279585,0.9495047582152836,0.8086338075076689,0.9808402470733628,0.9783782958987676,8.94427190999916,0.9858485520539203,0.5193296680841795,4889.0,59230.0,1157.0,260.0
ANFC_001455.png,0.7635243376754746,0.617500498382001,0.7811396873975947,0.7466859484823605,0.9829299983761096,0.9707183837895094,12.041594578792296,0.8048568654436576,0.5695813112320177,3098.0,60519.0,1051.0,868.0
ANFC_001456.png,0.7686389705015639,0.6242190162871499,0.8271865121440334,0.7178314827279123,0.9633233151654131,0.9495239257820203,11.291047069245163,0.9001639425759274,0.6379170602668833,5495.0,56733.0,2160.0,1148.0
ANFC_001457.png,0.671288743949574,0.5052179252592948,0.781205505561839,0.5884876655028647,0.9818537262138477,0.9754028320316255,9.830756560731531,0.7643861225503035,0.5211725682315491,1646.0,62278.0,1151.0,461.0
ANFC_001458.png,0.8428101940942017,0.7283249384065669,0.8148681055377857,0.8727366123188987,0.9826736135397113,0.9613189697271528,8.0,0.9306824807339812,0.6106492349803283,6796.0,56205.0,991.0,1544.0
ANFC_001459.png,0.7479674796952872,0.5974025974548828,0.6906906907371335,0.8156028369121272,0.9823357565054974,0.9526977539069719,42.049970004531055,0.81838525591397,0.6292056089538391,4600.0,57836.0,1040.0,2060.0
ANFC_001461.png,0.7355716480430577,0.5817424506105965,0.7502238138428325,0.7214808437964957,0.9788105063211697,0.9632263183599362,46.14108798023731,0.8378344494118868,0.5517924917257585,3352.0,59774.0,1294.0,1116.0
ANFC_001462.png,0.8431500587799954,0.7288326936409085,0.8678585831606589,0.8198095238324051,0.9755753309125157,0.9633483886724343,10.04987562112089,0.8650674912991237,0.5847358938316625,6456.0,56678.0,1419.0,983.0
ANFC_001463.png,0.7894380501158133,0.6521252796809703,0.8438268924817156,0.7416359242155406,0.9653572586015768,0.9525451660163492,11.661903789690601,0.890048821967783,0.6235913355250646,5830.0,56596.0,2031.0,1079.0
ANFC_001469.png,0.8001882057794782,0.6669281045969329,0.7911917500355748,0.8093916078520352,0.9543494367302884,0.9222412109386866,59.312550274985895,0.8764883622644801,0.42601063794496413,10204.0,50236.0,2403.0,2693.0
ANFC_001470.png,0.7565698478748601,0.6084538376457231,0.7176384840061751,0.7999675008449841,0.9790203831212246,0.9516601562507377,56.61684576137078,0.8384216162409917,0.5386715815643353,4923.0,57445.0,1231.0,1937.0
ANFC_001471.png,0.7141108300241483,0.5553439959944981,0.6807219543051624,0.7509440439837034,0.9754521308095984,0.9465484619148782,15.348597605540593,0.8390021039753303,0.7311821600384061,4375.0,57658.0,1451.0,2052.0
ANFC_001472.png,0.622922880326243,0.4523514852614786,0.5225160830301366,0.7710970464939884,0.9893868501281503,0.9594879150396808,54.817880294662984,0.7192070660294299,0.5744079218347347,2193.0,60688.0,651.0,2004.0
ANFC_001473.png,0.6897496088243839,0.526425798887302,0.6512744737158204,0.7330561331671285,0.9897817886646328,0.9757995605472444,27.250400453996246,0.837550664452175,0.647880581683994,1763.0,62187.0,642.0,944.0
ANFC_001474.png,0.6585572244913732,0.4909320297286024,0.5540131696825034,0.8117340287322727,0.987949997496738,0.9507446289070017,79.57004147530434,0.7870678208791285,0.699217717508537,3113.0,59195.0,722.0,2506.0
ANFC_001475.png,0.8176655081955018,0.6915686837264743,0.8076021433677827,0.8279828326475566,0.983177758377826,0.9671783447270634,4.242640687119285,0.9321141609280883,0.7799939724538583,4823.0,58562.0,1002.0,1149.0
ANFC_001476.png,0.7772394366448181,0.6356431994773971,0.9212072649783101,0.6721886572457242,0.972779647851295,0.9698333740238979,12.529964086141668,0.9262290030367651,0.1395343846719287,3449.0,60110.0,1682.0,295.0
ANFC_001477.png,0.8089044522420457,0.679126417516572,0.958316870810289,0.6997980381275537,0.9655885173799387,0.9650268554692838,9.595440426892411,0.9999994950231545,0.2588707650036543,4851.0,58393.0,2081.0,211.0
ANFC_001478.png,0.762334861164577,0.6159459754257766,0.8386474863059992,0.698752007945292,0.9585324783569722,0.9461975097664461,15.830249470757689,0.8367240931867262,0.42755519545591086,5655.0,56355.0,2438.0,1088.0
ANFC_001479.png,0.6650971161476769,0.49823633201213724,0.561630219123628,0.8152958155623437,0.9980164264683401,0.9913177490235701,5.385164807134504,0.714155489205578,0.721048774057156,565.0,64402.0,128.0,441.0
ANFC_001480.png,0.7849329401897714,0.6459996869193675,0.7686289121146369,0.8019436346351908,0.9830640872227253,0.9654998779302141,7.0,0.8751858422277701,0.7042846355367409,4126.0,59149.0,1019.0,1242.0
ANFC_001481.png,0.7589579610872794,0.6115489542874282,0.7291290206488743,0.7913316336945809,0.9822672577583703,0.9608917236334094,5.385164807134504,0.9141096379628145,0.6990963281819171,4035.0,58938.0,1064.0,1499.0
ANFC_001482.png,0.7407098817079896,0.5881963742770682,0.7015467172188216,0.7845040593391275,0.9793750000003484,0.9525146484382246,11.180339887498949,0.8869177922633854,0.519274836705557,4445.0,57979.0,1221.0,1891.0
ANFC_001483.png,0.35171966269701066,0.21338582697811395,0.2593301437769282,0.5463709680467936,0.9891828656593775,0.9542694091803854,149.6870067036543,0.6153197286611685,0.4780537529691676,813.0,61726.0,675.0,2322.0
ANFC_001484.png,0.6768044077491124,0.511492338522403,0.731713128488989,0.6295612956888967,0.9705407652558643,0.9552459716803705,7.0,0.7397199815589452,0.674574734464781,3071.0,59532.0,1807.0,1126.0
ANFC_001485.png,0.7993332478780185,0.665741136337945,0.8385794996398763,0.7635962763930435,0.9843899124867049,0.976119995117552,5.89011873164943,0.8777444087235934,0.7706667699068944,3117.0,60854.0,965.0,600.0
ANFC_001486.png,0.7832764506044043,0.6437587660282196,0.7852865699013801,0.7812765959308283,0.9960072708065312,0.9922485351563683,7.636680149613264,0.8366367962318101,0.6963314210869732,918.0,64110.0,257.0,251.0
ANFC_001487.png,0.7832764506044043,0.6437587660282196,0.7852865699013801,0.7812765959308283,0.9960072708065312,0.9922485351563683,7.636680149613264,0.8366367962318101,0.6963314210869732,918.0,64110.0,257.0,251.0
ANFC_001488.png,0.6397420668895518,0.47030938130360406,0.6519107730154053,0.6280193237334634,0.9626294914069147,0.9352111816416137,33.7045598471353,0.7400591454674618,0.6533119165459375,3770.0,57520.0,2233.0,2013.0
ANFC_001489.png,0.7775863360717967,0.6361073661433868,0.6887856669291592,0.8926728586355912,0.9892415648007924,0.9546966552741288,16.130639445499053,0.8261435419109975,0.6879792111161767,5190.0,57377.0,624.0,2345.0
ANFC_001490.png,0.7765490943968971,0.6347202743283901,0.7351985560044767,0.8228282828640751,0.9853823588241652,0.9642333984380459,40.14340115338399,0.8791457318912261,0.6728866522890595,4073.0,59119.0,877.0,1467.0
ANFC_001491.png,0.7294271685938182,0.5740931575047308,0.7521263669836471,0.7080579563157019,0.960484439781168,0.9369354248056498,8.012451549659698,0.8168601795359278,0.6459650740400564,5571.0,55832.0,2297.0,1836.0
ANFC_001492.png,0.819469408303276,0.6941534713949967,0.8476870444855208,0.7930698580717318,0.9429065079680763,0.9233703613292944,6.708203932499369,0.9080268335263626,0.6824165432523359,11398.0,49116.0,2974.0,2048.0
ANFC_001493.png,0.8779187271607001,0.7824020847871234,0.8724040680392784,0.8835035485646959,0.974997678090926,0.9566802978522236,3.605551275463989,0.9580459000448192,0.8403686474345573,10208.0,52489.0,1346.0,1493.0
ANFC_001494.png,0.8446272125927184,0.7310430207532626,0.8729396112149501,0.8180936547646097,0.9495067971628914,0.9337005615244492,9.0,0.9192410412767633,0.7409165278867558,11810.0,49381.0,2626.0,1719.0
ANFC_001495.png,0.8501314636353092,0.7393292683135968,0.8663156905268106,0.8345408440649755,0.9667207052957846,0.9504241943366941,10.002493781056032,0.8807510396041562,0.7080905944352195,9215.0,53072.0,1827.0,1422.0
ANFC_001497.png,0.6379573783820685,0.4683828305208489,0.5806191905452229,0.707861158230761,0.9368843136133078,0.8626098632833465,32.0,0.7623392879257302,0.5140107125950363,7933.0,48599.0,3274.0,5730.0
ANFC_001498.png,0.8056952610396793,0.6746144721426682,0.8168043088102833,0.7948843385425338,0.9431322780038532,0.9162902832044024,11.162305898748988,0.8740696066485786,0.5329340935366992,11374.0,48676.0,2935.0,2551.0
ANFC_001501.png,0.8914852918424502,0.8042160246428304,0.9446696614501293,0.8439702427717335,0.9717420978926813,0.9679718017583013,4.0,0.9686096415317321,0.8348327390920814,8622.0,54815.0,1594.0,505.0
ANFC_001502.png,0.8914852918424502,0.8042160246428304,0.9446696614501293,0.8439702427717335,0.9717420978926813,0.9679718017583013,4.0,0.9686096415317321,0.8348327390920814,8622.0,54815.0,1594.0,505.0
ANFC_001503.png,0.6833010200047794,0.5189500640820807,0.6059201674979936,0.7833397758439621,0.9809506007106403,0.9426727294930624,32.540704021119815,0.7910584361944809,0.6102747101300396,4053.0,57726.0,1121.0,2636.0
ANFC_001504.png,0.779606053340163,0.6388150772917218,0.751273148176936,0.8101597603831553,0.9732670134987825,0.9440002441414795,6.324555320336759,0.8983302377526887,0.6927625119663119,6491.0,55375.0,1521.0,2149.0
ANFC_001505.png,0.8461605890670512,0.7333434627567162,0.8433513891452602,0.848988566416096,0.968256609355366,0.9464416503914423,4.242640687119285,0.9423623737685505,0.7789743920878438,9653.0,52373.0,1717.0,1793.0
ANFC_001506.png,0.8231207335370554,0.6994096650398538,0.8268278828347945,0.8194466784768017,0.9578110612076408,0.9331817626963321,12.36931687685298,0.8939444527306866,0.7761304874558284,10189.0,50968.0,2245.0,2134.0
ANFC_001507.png,0.7982167086775075,0.664193548423205,0.7761025254710262,0.8216280926015392,0.9767094499543791,0.9523468017585397,5.0,0.9513098929214974,0.7310348474323605,6177.0,56236.0,1341.0,1782.0
ANFC_001508.png,0.8551381117392691,0.7469356090188568,0.908387583742958,0.8077858880939855,0.9582976864415913,0.9502258300788846,5.0990195135927845,0.9109800129448343,0.7484899305610524,9628.0,52646.0,2291.0,971.0
ANFC_001509.png,0.8246452059657566,0.7016138532569662,0.8526843235715555,0.7983914209385534,0.9743129920928026,0.9613494873052774,4.0,0.9382544882237475,0.7856773692757663,5956.0,57047.0,1504.0,1029.0
ANFC_001510.png,0.8440982624388217,0.7302508812129207,0.9292875989508103,0.7732162459002403,0.9427869881486027,0.9404449462899713,5.0,0.9025309748619814,0.7873940116269883,10566.0,51067.0,3099.0,804.0
ANFC_001511.png,0.862454297344742,0.7581711181749053,0.8305067936298218,0.8969580120076095,0.9826519755471723,0.9592437744146844,6.0,0.9283554921839805,0.7871238917907417,8374.0,54491.0,962.0,1709.0
ANFC_001512.png,0.835646006793978,0.7176906779960074,0.8669225847899011,0.8065476190706491,0.9718473345927505,0.9593353271490581,4.345913557665376,0.9528842729456455,0.7661414139865376,6775.0,56096.0,1625.0,1040.0
ANFC_001513.png,0.8245041122505743,0.7014096100729078,0.8722968650195397,0.7816764132803948,0.9670137385012905,0.9557189941413008,5.830951894845301,0.9523481282074291,0.7501525539349003,6817.0,55817.0,1904.0,998.0
ANFC_001514.png,0.8645920942027979,0.7614814815000794,0.8765033207793481,0.853000262044458,0.9690590873999143,0.9533233642585248,4.0,0.9314687663574595,0.8433281722538455,9766.0,52711.0,1683.0,1376.0
ANFC_001515.png,0.8599620493464925,0.754327563281714,0.8815748521815165,0.8393836124108188,0.9816613094234197,0.9718475341801172,4.0,0.9168650558690512,0.809668990481779,5665.0,58026.0,1084.0,761.0
ANFC_001516.png,0.883877824505158,0.7919185228291862,0.9091254752938094,0.8599946048143158,0.9716991420682766,0.9616546630865227,3.605551275463989,0.9650088418370559,0.8112192453430543,9564.0,53459.0,1557.0,956.0
ANFC_001517.png,0.8715400993726455,0.7723270440609549,0.9264428517679285,0.8227805695439229,0.9824351695058865,0.9779052734378373,3.605551275463989,0.9324821470757025,0.8168588665819723,4912.0,59176.0,1058.0,390.0
ANFC_001518.png,0.7726832864949688,0.6295712247781354,0.9021844399115265,0.675693101251153,0.9284533186364801,0.9247283935558361,48.847081884615164,0.7733715953961153,0.6162722307581003,8384.0,52219.0,4024.0,909.0
ANFC_001519.png,0.7542424748370199,0.6054488611339484,0.870425067436699,0.6654231298188275,0.9409859911004349,0.932601928711966,61.516221622545935,0.7924311697584703,0.5758936349718722,6778.0,54341.0,3408.0,1009.0
ANFC_001520.png,0.8701178503196078,0.7700961118643408,0.8955925314498168,0.8460523158332071,0.9777500303491363,0.9678802490239277,5.0990195135927845,0.9376909495759919,0.79261939449488,7051.0,56380.0,1283.0,822.0
ANFC_001521.png,0.8548169839030854,0.7464457400279794,0.8053409843516508,0.9107699987631637,0.9873393065837848,0.9621734619146398,10.0,0.885966876159794,0.7519931645896194,7298.0,55759.0,715.0,1764.0
ANFC_001522.png,0.7933358648284917,0.6574620407790527,0.7913825757773312,0.7952988199661878,0.9608738358563578,0.9335632324228889,7.615773105863909,0.8805298657171969,0.6127727623808723,8357.0,52825.0,2151.0,2203.0
ANFC_001524.png,0.8410001908837087,0.7256258234745038,0.8302242321622174,0.8520595629615104,0.9721423109141666,0.9491577148445259,5.0,0.9481959593457964,0.7258148664073532,8812.0,53392.0,1530.0,1802.0
ANFC_001525.png,0.8539390454344065,0.7451078775897708,0.9053300818755156,0.8080690298656663,0.9543234543242993,0.945739746094578,4.0,0.9506217009651329,0.7707785468440796,10395.0,51585.0,2469.0,1087.0
ANFC_001526.png,0.822141975598933,0.6979975163227261,0.8774514586908526,0.7733918128849853,0.9523396096740221,0.9406280517587186,5.385164807134504,0.9307977215253128,0.787666439938119,8993.0,52652.0,2635.0,1256.0
ANFC_001527.png,0.8076247479144086,0.6773243125624919,0.764691388472996,0.8556658395567045,0.981765617653011,0.9548797607428761,10.984855566359645,0.916076532508037,0.6919509956375145,6207.0,56372.0,1047.0,1910.0
ANFC_001528.png,0.7966804979358568,0.6620689655463734,0.8715388107272425,0.7336645013628521,0.9508497285108446,0.9401855468759128,14.693019478474174,0.8852913558721528,0.5474152784510786,7680.0,53936.0,2788.0,1132.0
ANFC_001529.png,0.7823820127202312,0.6425512935198437,0.8279310345025367,0.7415834448943083,0.955837849251252,0.9388580322274955,9.0,0.903604747016805,0.5163835227964619,7203.0,54326.0,2510.0,1497.0
ANFC_001530.png,0.7706567796812627,0.6268849634314397,0.761780104753616,0.7797427653126576,0.9793833394646125,0.96035766601623,7.280109889280518,0.8767226177391434,0.669246564982011,4365.0,58573.0,1233.0,1365.0
ANFC_001531.png,0.6268987693062537,0.456556847632985,0.510104655447473,0.8130572333008176,0.9891655832251698,0.9486541748054711,76.57264185401908,0.6722862946252224,0.6005986529584584,2827.0,59344.0,650.0,2715.0
ANFC_001532.png,0.8261736729102441,0.7038295647756795,0.9095771634530951,0.756780812303519,0.8913239141833318,0.8962707519547078,8.06225774829855,0.931824000886915,0.6854295069642099,16155.0,42583.0,5192.0,1606.0
ANFC_001533.png,0.8498792954475045,0.7389479139808786,0.9148540263128101,0.7935218165742697,0.925727212669902,0.9231414794933603,5.385164807134504,0.9221483432117263,0.7168498393775231,14258.0,46241.0,3710.0,1327.0
ANFC_001534.png,0.8640377901052907,0.7606219490290712,0.9002139800356481,0.8306568382367607,0.9500543520469358,0.9393920898446749,4.123105625617661,0.9589110052110151,0.7461590490508447,12621.0,48943.0,2573.0,1399.0
ANFC_001535.png,0.8572244431821233,0.7501249375520469,0.8764963503769834,0.838781782635859,0.9686759197269561,0.9542236328131986,63.953107821277925,0.9233656975713231,0.732651452341973,9006.0,53530.0,1731.0,1269.0
ANFC_001536.png,0.8094888936894764,0.6799507282312912,0.8848656294309415,0.745945945966141,0.9418179170242337,0.932601928711966,7.810249675906654,0.9188716175272458,0.6372182792588144,9384.0,51735.0,3196.0,1221.0
ANFC_001537.png,0.7256454832447592,0.5694219887258062,0.7810117810421329,0.6776094276481951,0.9540302806887051,0.9349822998056797,25.96150997149434,0.8267049410146099,0.5479586736626985,5635.0,55640.0,2681.0,1580.0
ANFC_001538.png,0.7888434579593426,0.6513142030803817,0.7862028817077277,0.7915018315323807,0.975743629080785,0.9558715820319235,12.083045973594572,0.842444542222751,0.6419808608877221,5402.0,57242.0,1423.0,1469.0
ANFC_001539.png,0.7888434579593426,0.6513142030803817,0.7862028817077277,0.7915018315323807,0.975743629080785,0.9558715820319235,12.083045973594572,0.842444542222751,0.6419808608877221,5402.0,57242.0,1423.0,1469.0
ANFC_001540.png,0.8838341968972107,0.7918484820544194,0.9061835954200825,0.86256067962555,0.9757857601030613,0.9657897949223971,5.0,0.9417538847973106,0.8200024598403839,8529.0,54765.0,1359.0,883.0
ANFC_001541.png,0.788383349477813,0.6506871205136875,0.836397247629003,0.7455827153945269,0.9501962400768795,0.9332885742197681,5.0,0.8981987895704729,0.6757408153773133,8144.0,53020.0,2779.0,1593.0
ANFC_001542.png,0.8236969234770558,0.7002420889071207,0.8475303474416566,0.8011672767038117,0.964094319400427,0.9470977783211199,10.0,0.8787212330429951,0.7109452685109227,8099.0,53970.0,2010.0,1457.0
ANFC_001543.png,0.8747749739483064,0.7774222521737161,0.8811478017508972,0.8684936661314127,0.9579076256055339,0.9394989013681108,4.0,0.9683112650919673,0.8179146502325344,13849.0,47722.0,2097.0,1868.0
ANFC_001544.png,0.865789564086916,0.7633412078403694,0.8177806619196768,0.919786876876156,0.9780752503695074,0.9403839111337223,8.602325267042627,0.9254676163266687,0.7375762645252402,12602.0,49027.0,1099.0,2808.0
ANFC_001545.png,0.822729967627914,0.6988455876889405,0.8290441176627716,0.8165112700446717,0.9629134953168378,0.9406890869149677,4.47213595499958,0.9338403539308419,0.6849774932313182,9020.0,52629.0,2027.0,1860.0
ANFC_001546.png,0.8452650387196639,0.7319991747656971,0.8980762740551741,0.7983199580140764,0.9499105878855915,0.940536499024345,5.0,0.9624656228890079,0.7315427185900969,10644.0,50995.0,2689.0,1208.0
ANFC_001547.png,0.8447232309950213,0.7311868927585453,0.8742596811029416,0.8171173089335663,0.9507886796785932,0.9354095458994232,7.0,0.9248413655065345,0.781971923986977,11514.0,49789.0,2577.0,1656.0
ANFC_001548.png,0.8375451263612144,0.7204968944319131,0.8523858245881885,0.8232123607776489,0.9640777585111969,0.9457550048836403,5.0,0.9052666379205221,0.7454718414914604,9164.0,52817.0,1968.0,1587.0
ANFC_001549.png,0.7780404766513126,0.6367154245308633,0.8371832705976205,0.7267025881347317,0.9444613976207711,0.928375244141718,6.708203932499369,0.893053768403984,0.6377380177251916,8227.0,52615.0,3094.0,1600.0
ANFC_001550.png,0.8516074687701058,0.7415647921971015,0.8820279178090318,0.8232154166449638,0.9646142701926003,0.9516143798835509,5.0,0.9478521564362787,0.7920208364156728,9099.0,53266.0,1954.0,1217.0
ANFC_001551.png,0.8253981117620083,0.7027045674277146,0.8752255736121659,0.7809385063808513,0.9469934507143547,0.9342498779306909,7.447941497572213,0.9225391661090169,0.7393638756433739,10185.0,51042.0,2857.0,1452.0
ANFC_001552.png,0.7193562050216555,0.5617145125596357,0.6642678348460157,0.784407906930647,0.9802684972274404,0.949447631836709,62.014385728985104,0.7857946365867117,0.6574337305653808,4246.0,57977.0,1167.0,2146.0
ANFC_001553.png,0.8170400000073184,0.6906742409081846,0.8495258692522437,0.7869471413324898,0.94833127779743,0.93020629882919,30.417097084329345,0.8602248595263235,0.698997783290903,10213.0,50749.0,2765.0,1809.0
ANFC_001554.png,0.8209280598024234,0.6962493396954004,0.8641004027475788,0.7818644067981471,0.9530797134480563,0.9385833740243748,5.385164807134504,0.9158589022889364,0.688354945910144,9226.0,52285.0,2574.0,1451.0
ANFC_001555.png,0.7774714948140915,0.63595367432244,0.773980291907948,0.7809943360879806,0.9697491263761583,0.9458007812508271,7.211102550927978,0.8725447510850888,0.709357710675321,6205.0,55779.0,1740.0,1812.0
ANFC_001556.png,0.8437678007434225,0.7297563597519029,0.8853510106623179,0.8059155208422282,0.9651720097993188,0.95396423339914,5.0,0.9226377563066657,0.7818249432634117,8147.0,54372.0,1962.0,1055.0
ANFC_001557.png,0.8437678007434225,0.7297563597519029,0.8853510106623179,0.8059155208422282,0.9651720097993188,0.95396423339914,5.0,0.9226377563066657,0.7818249432634117,8147.0,54372.0,1962.0,1055.0
ANFC_001558.png,0.7036247335240898,0.5427631580104344,0.674528301989142,0.7353445321442083,0.987619475271223,0.9724273681644834,6.0,0.816522523507998,0.7328613247520407,2145.0,61584.0,772.0,1035.0
ANFC_001559.png,0.8172293364731802,0.6909448819911598,0.8121866564549993,0.822335025450084,0.9927712374689358,0.9856262207033445,78.58357831594914,0.8616997103218628,0.809387990164413,2106.0,62488.0,455.0,487.0
ANFC_001560.png,0.7354709419014381,0.5816164818191636,0.7932276657358461,0.6855541718947006,0.9569083213878607,0.9395751953134222,53.665631459994955,0.805297039281408,0.5886545669780208,5505.0,56071.0,2525.0,1435.0
ANFC_001561.png,0.7827610371503696,0.6430627518967283,0.8416690213957173,0.7315595579425658,0.940293887362474,0.924316406251155,6.324555320336759,0.8608158343722706,0.6968731556219956,8936.0,51640.0,3279.0,1681.0
ANFC_001562.png,0.7996079935319098,0.666122391050254,0.8482191285619038,0.7562666236998253,0.9444872783356374,0.9282379150401576,9.871529131526634,0.9130157920593496,0.5355156466926682,9383.0,51450.0,3024.0,1679.0
ANFC_001563.png,0.8275112819727766,0.7057733428577496,0.9384003032658832,0.740059790751864,0.9367452349785984,0.9370117187509612,32.95862938251203,0.8860840329675896,0.49241261851832924,9902.0,51506.0,3478.0,650.0
ANFC_001564.png,0.7688675267924051,0.624520547996641,0.7668629100476261,0.7708826513745548,0.9772616670306378,0.9581756591803258,8.0,0.8545218413720826,0.5091324292722286,4559.0,58236.0,1355.0,1386.0
ANFC_001565.png,0.7888258273908141,0.6512901655731147,0.8507154213273902,0.7353304933715363,0.9674914762183524,0.9562835693366046,8.0,0.8854585495133431,0.5080703640966544,5351.0,57320.0,1926.0,939.0
ANFC_001566.png,0.8404554192044614,0.7248150982243287,0.9331801018004958,0.7644922663396783,0.970544200521986,0.9670715332036276,6.0,0.9230737261497782,0.7116315177646462,5684.0,57694.0,1751.0,407.0
ANFC_001567.png,0.8035069075556054,0.6715516476000043,0.9060515278722526,0.7218138425086574,0.9490479271222911,0.9435729980477361,10.807388983967364,0.9011127002049545,0.6777780213209382,7561.0,54277.0,2914.0,784.0
ANFC_001568.png,0.7872865102030061,0.6491941557991875,0.8121349161838827,0.7639135058908342,0.9778844078437648,0.9644622802739798,23.606961808718513,0.8854008092548359,0.7915112140446302,4310.0,58897.0,1332.0,997.0
ANFC_001569.png,0.7172391339966434,0.5591370558935106,0.7590008613679585,0.6798333590989302,0.9652609197909752,0.9469909667976839,55.11558991678766,0.7142583045290954,0.38862947195489855,4406.0,57656.0,2075.0,1399.0
ANFC_001570.png,0.7549855723145248,0.6064070869791505,0.9082073434266882,0.6460002195055415,0.9453720323780714,0.9416961669930772,69.11222274084979,0.8881680609213176,0.43516173784982265,5887.0,55828.0,3226.0,595.0
ANFC_001571.png,0.7313518972925009,0.5764812919849334,0.7180903811137427,0.745112450427001,0.9703473160392916,0.9431762695321172,13.0,0.8327817120197112,0.6736915720801302,5069.0,56743.0,1734.0,1990.0
ANFC_001572.png,0.693090684786159,0.530328062363662,0.6482977496179605,0.7445328032232384,0.9736878028807985,0.9392700195321768,53.188797962591366,0.794871221380424,0.6418393116025125,4494.0,57062.0,1542.0,2438.0
ANFC_001573.png,0.731004485560554,0.5760497001765102,0.6807594937517064,0.7892574112740659,0.9883415061866603,0.9698028564457734,77.60077099719625,0.808405877253006,0.6515980246565559,2689.0,60868.0,718.0,1261.0
ANFC_001574.png,0.731004485560554,0.5760497001765102,0.6807594937517064,0.7892574112740659,0.9883415061866603,0.9698028564457734,77.60077099719625,0.808405877253006,0.6515980246565559,2689.0,60868.0,718.0,1261.0
ANFC_001575.png,0.8501843586405798,0.7394092827444035,0.8962765957659009,0.808600959799077,0.9829013322783455,0.9764404296878596,4.242640687119285,0.9395243359863462,0.7793476034144904,4381.0,59611.0,1037.0,507.0
ANFC_001576.png,0.8367704868559558,0.7193511490361494,0.840379008765746,0.8331928218917026,0.9758306575461428,0.958816528320941,4.47213595499958,0.9306589376476451,0.8376132276069437,6918.0,55919.0,1385.0,1314.0
ANFC_001577.png,0.7123608670518616,0.5532302093624695,0.6630316249371795,0.769620253222881,0.9850699742418488,0.9625396728521342,72.27516806012372,0.743514798949593,0.5355517005309833,3040.0,60041.0,910.0,1545.0
ANFC_001578.png,0.8601880877797732,0.7546754675636225,0.8808281839434373,0.8404931465012258,0.9607536504953226,0.9455566406258309,7.810249675906654,0.9373397940683755,0.5578075773472263,10976.0,50992.0,2083.0,1485.0
ANFC_001579.png,0.793230485851184,0.6573173058903533,0.822195704078497,0.7662366548302673,0.9632234586051645,0.9451904296883364,5.385164807134504,0.9139024309213758,0.7424492552802855,6890.0,55054.0,2102.0,1490.0
ANFC_001580.png,0.7249209008258961,0.5685301416481491,0.6873125110839399,0.7668832447791133,0.9802234879490183,0.9548950195319383,11.40175425099138,0.8413267450618783,0.7150987153545696,3895.0,58685.0,1184.0,1772.0
ANFC_001581.png,0.8056542122598627,0.6745569168937128,0.7748326274388806,0.839029442248997,0.9813113008231047,0.9582519531256372,8.06225774829855,0.8762690695588724,0.7647333369021566,5671.0,57129.0,1088.0,1648.0
ANFC_001582.png,0.739505247400721,0.5866785608702529,0.6739538856235774,0.819182063562553,0.9854057405206782,0.9575805664068974,59.803686921644015,0.8495696481549911,0.679015315839245,3946.0,58810.0,871.0,1909.0
ANFC_001583.png,0.8347315436310935,0.7163426926050149,0.8870464473667606,0.7882436821842476,0.9507906993878608,0.9398803710946675,7.0710678118654755,0.9252922995534506,0.6679275958045576,9950.0,51646.0,2673.0,1267.0
ANFC_001584.png,0.7940940459105498,0.658504125662452,0.7755485893651465,0.8135481749628907,0.9696065468325482,0.9412689208993338,19.6468827043885,0.8834470794965731,0.7607768159170025,7422.0,54265.0,1701.0,2148.0
ANFC_001585.png,0.7826086957061842,0.6428571430029155,0.7586705203474613,0.8081067214940448,0.9941065237946091,0.9866485595705163,4.123105625617661,0.9182903881788618,0.7172651221077756,1575.0,63086.0,374.0,501.0
ANFC_001586.png,0.7303804447959584,0.5752750434893927,0.6894517696583186,0.7764751856630567,0.9808606036274365,0.9552307128913082,47.12748667179272,0.7516800279659628,0.5553419239048855,3974.0,58628.0,1144.0,1790.0
ANFC_001587.png,0.6311733800996193,0.4611054249075984,0.5762711865761845,0.6976384050725365,0.9874857792948535,0.9678649902348655,30.0,0.7263491777173504,0.526457995273105,1802.0,61628.0,781.0,1325.0
ANFC_001588.png,0.8151587130409027,0.6879897941155476,0.8420700424175618,0.7899142080372642,0.9835552716494922,0.9738769531253987,4.47213595499958,0.9423195312387458,0.7305758035581048,3775.0,60049.0,1004.0,708.0
ANFC_001589.png,0.8072782084617487,0.6768369742414087,0.8000426803670416,0.8146458062115067,0.9859819227611178,0.9726867675785419,7.0710678118654755,0.915050513199879,0.578658872463987,3749.0,59997.0,853.0,937.0
ANFC_001590.png,0.8475695420168889,0.7354626356533631,0.8186999593135161,0.8785495849892894,0.9856619732840672,0.9668884277348804,14.83537614216337,0.8986501400868797,0.6184577158752571,6033.0,57333.0,834.0,1336.0
ANFC_001591.png,0.8120513789372826,0.6835744952005764,0.8444313494707462,0.7820629434633322,0.9801803292252431,0.9696350097660884,4.242640687119285,0.9510209184738435,0.7367279400675903,4299.0,59247.0,1198.0,792.0
ANFC_001592.png,0.7564638139599793,0.6083166879229495,0.6969003537139795,0.8271604938698369,0.9884733817453198,0.9670867919926899,11.05210996070284,0.8943744943122172,0.707070209381535,3350.0,60029.0,700.0,1457.0
ANFC_001593.png,0.7845884413848916,0.6455331413563059,0.7596899225970496,0.8111743405012032,0.994249432820862,0.9868621826173881,4.0,0.9095710453764966,0.723842828116728,1568.0,63107.0,365.0,496.0
ANFC_001594.png,0.7775637393893732,0.6360771227626921,0.7487996508349193,0.8086259722120404,0.9711913716034345,0.9400939941415392,20.865434844830766,0.816152835466982,0.727819870387577,6862.0,54748.0,1624.0,2302.0
ANFC_001595.png,0.743285939988682,0.5914519170846698,0.7162429593977405,0.7724511574827695,0.9764953278956621,0.9504089355476318,32.877379402120106,0.8138791753174084,0.48190679692596405,4705.0,57581.0,1386.0,1864.0
ANFC_001596.png,0.8301654587836615,0.7096434833770142,0.8703942652515564,0.7934910469489621,0.9730195864146272,0.9620971679693284,5.70037866083061,0.9219002631922605,0.7849577718373079,6071.0,56981.0,1580.0,904.0
ANFC_001597.png,0.8013775130490155,0.6685820780138869,0.8131847374738979,0.7899082569192829,0.9809933269150926,0.9674377441411219,6.082762530298219,0.9105237395028962,0.6954827449184265,4305.0,59097.0,1145.0,989.0
ANFC_001598.png,0.8809114748276597,0.7871687136736961,0.9130271790228628,0.8509783368534279,0.9858308001530568,0.9799041748049943,5.0,0.9734843450349089,0.6589449915583989,4871.0,59348.0,853.0,464.0
ANFC_001599.png,0.7305869486209818,0.5755313039093148,0.72992169008743,0.7312534209576257,0.9754683987013828,0.9548950195319383,28.0,0.8033972118387352,0.6980532997567617,4008.0,58572.0,1473.0,1483.0
ANFC_001600.png,0.7464543419391754,0.595474394761622,0.7503751877186717,0.7425742575531811,0.9918157923730768,0.9844512939455499,12.806248474865697,0.8255683368411391,0.6337357981385394,1500.0,63017.0,520.0,499.0
ANFC_001601.png,0.6508313540021777,0.48239436637943867,0.5187429005987343,0.8731676227704477,0.996835996502157,0.9775695800784674,85.90975251895321,0.8176208986610386,0.7366815053203825,1370.0,62696.0,199.0,1271.0
ANFC_001602.png,0.7081884287991816,0.5482134118706739,0.5891635983223759,0.8874801902634863,0.9977685236112553,0.9859161376955276,27.013877765385583,0.8107376696908566,0.7249488297194908,1120.0,63493.0,142.0,781.0
ANFC_001603.png,0.793033125734827,0.6570463056300077,0.8361227336313201,0.7541671034957368,0.9588105107855194,0.9427032470711869,5.0990195135927845,0.9156959592391799,0.7623776827281056,7194.0,54587.0,2345.0,1410.0
ANFC_001604.png,0.7737687294380321,0.6310136986705739,0.8355826440523026,0.7204704705054467,0.9619063858817989,0.9486236572273465,6.708203932499369,0.8658157200486041,0.718713831272929,5758.0,56411.0,2234.0,1133.0
ANFC_001605.png,0.8098701777175333,0.6804889370755858,0.7745685100784486,0.8485433147118381,0.9868856293229495,0.9684906005864184,12.0145581025773,0.8661323789697472,0.7786979251242596,4398.0,59073.0,785.0,1280.0
ANFC_001606.png,0.7601406397598713,0.6130861807147481,0.7719909423842553,0.7486486486911067,0.9751149761689921,0.9573211669928389,17.988854381999843,0.8455492419800117,0.6792960712174945,4432.0,58307.0,1488.0,1309.0
ANFC_001607.png,0.8256868408795804,0.7031232124810521,0.9414828431462189,0.7352554133586248,0.9624966106297028,0.9604034423834168,7.615773105863909,0.9460756749095678,0.5592207014779509,6146.0,56795.0,2213.0,382.0
ANFC_001608.png,0.741742757328177,0.5895000896632323,0.7728447263864587,0.7130472475697773,0.9783939032951191,0.9650421142583461,39.224646949144685,0.8362872230980093,0.6759761913407617,3290.0,59955.0,1324.0,967.0
ANFC_001609.png,0.6526281424008116,0.4843712140818097,0.6101953603143483,0.7014035088767006,0.9863315130101777,0.9675292968754956,12.041594578792296,0.7178241140808092,0.6550102295829726,1999.0,61409.0,851.0,1277.0
ANFC_001610.png,0.7587141273853043,0.6112323874555998,0.7139545665938908,0.8094612352668958,0.9881578517528313,0.9701080322270187,10.0,0.7992061887929703,0.6833814107427048,3080.0,60497.0,725.0,1234.0
ANFC_001611.png,0.766190998930822,0.6209964413560702,0.7302952802301103,0.8057978450985639,0.9876377888464499,0.9707489013676339,9.0,0.8068176041780782,0.7066217090530845,3141.0,60478.0,757.0,1160.0
ANFC_001612.png,0.7314807134192053,0.5766413811696781,0.7606970324774505,0.7044256271442043,0.9690324740547533,0.9506072998054412,11.0,0.7785952461401614,0.7408797393739528,4409.0,57890.0,1850.0,1387.0
ANFC_001613.png,0.7577030812567324,0.6099210823627119,0.7650505050979696,0.7504954419836513,0.979219621695124,0.963043212891189,40.244126106014456,0.861847723518532,0.7706916307827825,3787.0,59327.0,1259.0,1163.0
ANFC_001614.png,0.6576597744763087,0.48993523551725265,0.5913796747113078,0.7406721355542016,0.9838823742252211,0.9555358886725536,17.0,0.7355282633674686,0.640421916700852,2799.0,59823.0,980.0,1934.0
ANFC_001615.png,0.8073770491899551,0.6769759450442565,0.8331098504555844,0.7831862697776412,0.9599577371472582,0.9411926269540224,5.0990195135927845,0.9275616702734761,0.7734724177148055,8077.0,53605.0,2236.0,1618.0
ANFC_001616.png,0.7884615384739411,0.6507936508274493,0.7870771392031983,0.7898508164231351,0.9686101801981188,0.9449462890633401,7.615773105863909,0.8887349364844621,0.8118159720876449,6724.0,55204.0,1789.0,1819.0
ANFC_001617.png,0.7373783316894953,0.5840057637487023,0.7040125065652227,0.774064171166145,0.9802104417942721,0.9559478759772347,21.84999999999991,0.8067581095561659,0.7585723146222807,4053.0,58596.0,1183.0,1704.0
ANFC_001618.png,0.7555815826253143,0.6071764706344498,0.7726047904532028,0.7392923650280343,0.9690770694581847,0.94905090332109,6.324555320336759,0.8889514032121298,0.7310265396681286,5161.0,57036.0,1820.0,1519.0
ANFC_001619.png,0.7751376023778267,0.6328364752704038,0.7790070156801124,0.7713064387160958,0.9705457298195144,0.948883056641405,5.83940430010299,0.8977947629957418,0.7047793704916997,5774.0,56412.0,1712.0,1638.0
ANFC_001620.png,0.7354530341089512,0.5815940838814142,0.7915455155912445,0.6867843974991685,0.9735691476300079,0.9611511230474679,8.54400374531753,0.8457530565559988,0.6800870274822314,3539.0,59451.0,1614.0,932.0
ANFC_001621.png,0.8342924598149192,0.7156962026036212,0.8711864407176622,0.8003963760474528,0.9886821531202151,0.9828643798830741,3.605551275463989,0.9572290237450649,0.8409000013271322,2827.0,61586.0,705.0,418.0
ANFC_001622.png,0.7862053420730074,0.6477251625538114,0.8484553636953404,0.7324653507491672,0.9792592592595969,0.9710540771488793,13.91401056209039,0.8106060950527514,0.6271399625745908,3488.0,60151.0,1274.0,623.0
ANFC_001623.png,0.8510307273724173,0.7406905891196037,0.8766025641520022,0.8269085412596717,0.9927347715737193,0.9883117675783034,3.0,0.9736340518942932,0.8657125482819208,2188.0,62582.0,458.0,308.0
ANFC_001624.png,0.7697790449311263,0.6257242179170095,0.7144432194675979,0.8344063868569647,0.9894591891937926,0.9704284667973263,99.01463429305466,0.856606595865544,0.7048674047184289,3240.0,60358.0,643.0,1295.0
ANFC_001625.png,0.8321029718281084,0.7124797407739125,0.7864042934574582,0.883440514516302,0.9953778231141458,0.9864654541017691,4.277064977301324,0.9535859947908124,0.7858541170891801,2198.0,62451.0,290.0,597.0
ANFC_001626.png,0.8399006801425132,0.7239903220316414,0.9288443171134564,0.7665024631001964,0.9806839668778007,0.9773712158206579,5.0,0.953181704828242,0.6606140247791767,3890.0,60163.0,1185.0,298.0
ANFC_001627.png,0.8399006801425132,0.7239903220316414,0.9288443171134564,0.7665024631001964,0.9806839668778007,0.9773712158206579,5.0,0.953181704828242,0.6606140247791767,3890.0,60163.0,1185.0,298.0
ANFC_001628.png,0.8397716166946262,0.7237985458659515,0.9244620611637075,0.7692960135925647,0.9568299650838213,0.9524688720710379,6.0,0.9060043070186089,0.6381993421000974,8163.0,54258.0,2448.0,667.0
ANFC_001629.png,0.7752501027973654,0.6329864608220894,0.7800606729481439,0.7704985018018934,0.9710898359760639,0.9499511718757638,6.324555320336759,0.8731721920644957,0.7052476107240889,5657.0,56599.0,1685.0,1595.0
ANFC_001630.png,0.8233215547785325,0.6996996997234314,0.8240878630096716,0.8225566703992422,0.9651408964818744,0.9420166015633848,5.0,0.9275598498552869,0.7468056375808237,8854.0,52882.0,1910.0,1890.0
ANFC_001631.png,0.7973254411999954,0.6629602625068076,0.8355797212562736,0.7624205157038347,0.9352109455403176,0.9153594970716041,5.0,0.9092312249431463,0.7188763929432077,10911.0,49078.0,3400.0,2147.0
ANFC_001632.png,0.8253879334588882,0.7026898130768132,0.844258537721263,0.8073424657745378,0.9690547438836639,0.9524383544929134,4.0,0.9311730221857696,0.7756544247508115,7367.0,55052.0,1758.0,1359.0
ANFC_001633.png,0.7774138352589873,0.6358765195428762,0.8222337125313098,0.737227630993303,0.9492714710208486,0.9305267333994977,6.708203932499369,0.8775011019408477,0.6649810770819407,7951.0,53032.0,2834.0,1719.0
ANFC_001634.png,0.8185394772396368,0.6928199982033738,0.8146320532273512,0.822484566249054,0.9708435621024861,0.9486236572273465,11.045361017187261,0.8774228264921399,0.7760660154859313,7594.0,54575.0,1639.0,1728.0
ANFC_001635.png,0.8641875177475086,0.7608540417194477,0.8999155405489936,0.8311880802066317,0.95969904648466,0.9488983154304673,5.0,0.937539448073952,0.8118110653709351,10655.0,51532.0,2164.0,1185.0
ANFC_001636.png,0.7796664019237756,0.638896120848881,0.7606943583755899,0.7996089931900279,0.9791821813015507,0.9576721191412709,13.92838827718412,0.8907448295860919,0.7444742359499642,4908.0,57854.0,1230.0,1544.0
ANFC_001637.png,0.800784837613727,0.6677574323144359,0.7938912341864174,0.8077992083038997,0.9573098868214889,0.9271850585948612,6.708203932499369,0.921361966566621,0.7114059013689531,9591.0,51173.0,2282.0,2490.0
ANFC_001638.png,0.7869503909823437,0.6487371869571628,0.8303239331960287,0.7478832917251701,0.9184417426960444,0.898559570314048,9.486832980505138,0.8725468509125321,0.525699303401067,12278.0,46610.0,4139.0,2509.0
ANFC_001639.png,0.8350295388057871,0.7167817267777395,0.8182525783403141,0.8525088697564613,0.9736689710091992,0.9492950439460863,5.830951894845301,0.9233464303252222,0.7494091033725111,8410.0,53803.0,1455.0,1868.0
ANFC_001640.png,0.7853839341429008,0.6466108560817385,0.8083727211473077,0.7636665178437414,0.9269605330614091,0.9001617431655861,10.63014581273465,0.876038291311817,0.5685227031100878,11972.0,47021.0,3705.0,2838.0
ANFC_001641.png,0.7814318239450144,0.641270500348633,0.7827188648444547,0.7801490087409838,0.9697968530442587,0.9472656250008048,24.0,0.8112301539716702,0.4383008398289273,6178.0,55902.0,1741.0,1715.0
ANFC_001642.png,0.7946922996659339,0.6593273231918059,0.8391438658606417,0.7547132367776629,0.9562260943484164,0.9400329589852902,9.4445515017463,0.8794953782336934,0.6544599329500291,7606.0,54000.0,2472.0,1458.0
ANFC_001643.png,0.7946887792697235,0.6593224767343618,0.8317952098624704,0.7607516077410821,0.9578091221611473,0.9403076171884109,12.165525060596439,0.8844952909884538,0.6556175787801748,7571.0,54053.0,2381.0,1531.0
ANFC_001644.png,0.7338699988144978,0.5796166255855365,0.6902474856265965,0.7833782224210109,0.9702048088632278,0.9324035644541565,16.02809758769326,0.7665226970558622,0.49191660252299513,6108.0,54998.0,1689.0,2741.0
ANFC_001645.png,0.8078972407322599,0.6777077181197456,0.8027037247303173,0.8131583987920745,0.9645001637620637,0.9383850097665652,18.027756377319946,0.8632785439067561,0.6721904712532971,8491.0,53007.0,1951.0,2087.0
ANFC_001646.png,0.7935781235563591,0.6577948718124208,0.8763407802229732,0.7250989259624026,0.9044578478967277,0.8981781005874913,14.941321181292956,0.8597926870017266,0.5239586471868677,12827.0,46036.0,4863.0,1810.0
ANFC_001647.png,0.7293167603729462,0.5739563863459245,0.8907368014135106,0.6174262735097285,0.9527209475697387,0.9478302001961086,63.01626671830794,0.7900142002222067,0.6892854777106138,4606.0,57511.0,2854.0,565.0
ANFC_001648.png,0.7356269805640984,0.5818116721120995,0.8593336859176801,0.6430550060065185,0.9707873174212069,0.964355468750544,14.168488439662738,0.8124894619890233,0.42147661524388824,3250.0,59950.0,1804.0,532.0
ANFC_001649.png,0.7976316346093162,0.6633837495997909,0.8458663477581303,0.7546012270265936,0.9687324757427102,0.9561920166022311,5.0,0.9077277344041853,0.7189291205882968,5658.0,57007.0,1840.0,1031.0
ANFC_001650.png,0.7618138425389465,0.6152659986062969,0.6903114188190695,0.8498402556710116,0.9955396684803944,0.9847717285158575,10.506311129982219,0.8211300080706838,0.585754717475593,1596.0,62942.0,282.0,716.0
ANFC_001651.png,0.8277440114531467,0.7061119922281186,0.8749811035714314,0.7853459973154212,0.9731504896391244,0.9632415771489985,4.0,0.9434000468193934,0.8436445955352334,5788.0,57339.0,1582.0,827.0
ANFC_001652.png,0.7443251533938401,0.5927690241122794,0.8045424403507059,0.6924942922813222,0.9637839472982693,0.9491271972664014,12.041594578792296,0.8257498748845604,0.5065662645127987,4853.0,57349.0,2155.0,1179.0
ANFC_001653.png,0.7825761358098742,0.64281320487566,0.8772911711379192,0.7063197026353137,0.955351179161223,0.9468383789070612,8.54400374531753,0.8949077332970968,0.6592791279249107,6270.0,55782.0,2607.0,877.0
ANFC_001654.png,0.7683412972948509,0.6238264672000761,0.7990774806546002,0.7398820419086901,0.891896460646764,0.8661041259786056,10.770329614269007,0.871030545345634,0.5082184144925098,14552.0,42209.0,5116.0,3659.0
ANFC_001655.png,0.7109747784840683,0.5515600212121153,0.7052062204690321,0.7168384880211618,0.9723582690376995,0.9482421875007898,48.639285489481566,0.7907468807853371,0.7461155582166898,4172.0,57972.0,1648.0,1744.0
ANFC_001656.png,0.7991810271456081,0.6655299801555087,0.8340455840751343,0.7671143138278556,0.9762683578108099,0.9640808105474232,4.123105625617661,0.8988798869291164,0.8106211750059378,4684.0,58498.0,1422.0,932.0
ANFC_001657.png,0.8169874167452824,0.6905990928061005,0.7435163355096807,0.9065708419083017,0.9923655156214577,0.9698181152348356,5.830951894845301,0.9269807274871064,0.7828088024556805,4415.0,59143.0,455.0,1523.0
ANFC_001658.png,0.8608184540467098,0.7556464174930594,0.8925942962528531,0.831227243557244,0.9871216578416173,0.9808502197268548,3.605551275463989,0.9688437466765842,0.8177618982301587,3881.0,60400.0,788.0,467.0
ANFC_001659.png,0.7685235488416347,0.624066784333917,0.8904706566056101,0.6759538337369732,0.920159391416045,0.9154815673841022,9.433981132056603,0.8520337614741685,0.5854838365307949,9195.0,50802.0,4408.0,1131.0
ANFC_001660.png,0.6450719823009373,0.4760931753595347,0.6736440384325612,0.61882502925541,0.9369298106850722,0.9021911621108676,54.440791854849195,0.735838368651105,0.4954283128474126,5825.0,53301.0,3588.0,2822.0
ANFC_001661.png,0.7492137658595369,0.598994252931179,0.8410328828240805,0.6754698639540716,0.9669357368070299,0.9574127197272124,20.634663192351027,0.8153098602941553,0.6017034398175457,4169.0,58576.0,2003.0,788.0
ANFC_001662.png,0.6638290479791671,0.49681445852336303,0.684767025146099,0.6441335132090131,0.9647908466214425,0.9409484863290262,9.899494936611665,0.7755365495880481,0.5050829334185203,3821.0,57845.0,2111.0,1759.0
ANFC_001663.png,0.6791593180717843,0.5141871592840562,0.7148824257866828,0.6468365062084496,0.9572894095348509,0.9333801269541416,20.86543484483094,0.7552967944654534,0.48927857304324207,4621.0,56549.0,2523.0,1843.0
ANFC_001664.png,0.7590767985045839,0.6117032847931583,0.8880467393197463,0.6628167354551777,0.9516747462130014,0.9455261230477063,7.810249675906654,0.913648002020361,0.3914931154038985,5624.0,56342.0,2861.0,709.0
ANFC_001666.png,0.7496251874260534,0.5995203837435921,0.7247482453883509,0.7762706324928468,0.9767895290092437,0.9515838623054264,9.063593104095146,0.8476286988371687,0.6249454293530268,4750.0,57613.0,1369.0,1804.0
ANFC_001667.png,0.6821467015468132,0.5176196033234983,0.7106696572075185,0.6558249556984292,0.9607380173379981,0.9369201660165877,10.0399004968967,0.7730191589186698,0.5756245973864962,4436.0,56966.0,2328.0,1806.0
ANFC_001668.png,0.8063602015265774,0.6755473490272293,0.8793133047417488,0.7445849687825868,0.9705749359419441,0.9624633789068229,7.245606220104248,0.9315015605051505,0.6503033222824888,5122.0,57954.0,1757.0,703.0
ANFC_001669.png,0.7557939914337772,0.6074508451641427,0.7874496944719854,0.7265850639902922,0.9662059938469375,0.94790649414142,14.697851814501842,0.8499262222847058,0.6912973458585188,5283.0,56839.0,1988.0,1426.0
ANFC_001670.png,0.7728152655024326,0.6297464789149582,0.8305840392583469,0.7225597931838966,0.9635077456771557,0.9498596191413902,6.0,0.8713793622845506,0.7163828525960719,5589.0,56661.0,2146.0,1140.0
ANFC_001671.png,0.7491684435181946,0.5989363153417515,0.8488596830597488,0.6704319951655576,0.9642324641336564,0.9551239013678724,8.0,0.8250318389083159,0.6364737332186527,4392.0,58203.0,2159.0,782.0
ANFC_001672.png,0.7092400219016687,0.5494747543969036,0.6930968156244717,0.726153157248958,0.9799037086944821,0.9594268798834317,10.210152401271808,0.782421725699226,0.447945112304876,3243.0,59634.0,1223.0,1436.0
ANFC_001673.png,0.6347491951776146,0.4649322988795173,0.5139589640911606,0.8297583492180944,0.9894781003525847,0.9463348388680065,84.52704071988967,0.702262239674215,0.5609961581109285,3056.0,58963.0,627.0,2890.0
ANFC_001674.png,0.736010291304235,0.5822913638292685,0.7419414598477322,0.7301731996845627,0.9753899364798398,0.9561614990241065,42.0,0.8848567786055213,0.6051107449264851,4005.0,58658.0,1480.0,1393.0
ANFC_001675.png,0.7539912378589151,0.6051251490339541,0.7344134240222171,0.7746414403761609,0.9748051106225406,0.949447631836709,47.857991112831776,0.8660014526114581,0.656064308615674,5077.0,57146.0,1477.0,1836.0
ANFC_001677.png,0.7428974540022512,0.5909601061533558,0.8092776303186702,0.6865813181974181,0.954709741517417,0.938827514649371,67.97351221561956,0.7892369881303729,0.5522727362690918,5792.0,55735.0,2644.0,1365.0
ANFC_001678.png,0.8408497103441043,0.7254018032682473,0.8661362041034082,0.816997792534879,0.9864681781828107,0.9786224365237638,5.830951894845301,0.9194238260216897,0.6918647425188713,3701.0,60434.0,829.0,572.0
ANFC_001679.png,0.8415724428187239,0.7264782658351517,0.8453512942623678,0.8378272251521168,0.9786246635846625,0.9632263183599362,4.055397531527925,0.955350082434519,0.7916543022183057,6401.0,56725.0,1239.0,1171.0
ANFC_001680.png,0.7797445664844846,0.6390011018586115,0.7716186253784397,0.7880434783568645,0.9926044152274363,0.9850006103517914,30.678340016577273,0.8257013455386696,0.6364760375412778,1740.0,62813.0,468.0,515.0
ANFC_001681.png,0.8486791663867931,0.7371352464296966,0.8800231280890397,0.819491183225267,0.9771230679999808,0.9668731689458181,5.0,0.9377109134862008,0.7638487736786977,6088.0,57277.0,1341.0,830.0
ANFC_001682.png,0.7788413098376045,0.6377887789152445,0.804579755424853,0.7546985599518308,0.9652549697499524,0.9464111328133178,70.21395872616783,0.7982529082339824,0.675170936889539,6184.0,55840.0,2010.0,1502.0
ANFC_001683.png,0.8118752348882469,0.6833248988254903,0.800029625270326,0.8240768996301377,0.9803861529305029,0.9618072509771454,10.770329614269007,0.8653990981817091,0.5889051426330427,5401.0,57632.0,1153.0,1350.0
ANFC_001684.png,0.907711289333269,0.8310177341205222,0.950394005948793,0.8686976030382929,0.9807595812789902,0.9771728515628484,3.605551275463989,0.9684171325856439,0.8114794958931736,7357.0,56683.0,1112.0,384.0
ANFC_001685.png,0.8762232498251185,0.7797129187024472,0.8445273632163085,0.9103910614725382,0.9933950454606437,0.9824371337893306,4.0,0.9651590507235678,0.813130268671151,4074.0,60311.0,401.0,750.0
ANFC_001686.png,0.7629806648353289,0.6167896032255745,0.8232536334630786,0.7109311742061009,0.9887387032161138,0.9833526611330666,6.708203932499369,0.8680271454940375,0.6418363471944621,1756.0,62689.0,714.0,377.0
ANFC_001687.png,0.8140460398116234,0.6864061061078555,0.8748742033084747,0.7611265139703595,0.9725215698127955,0.9636383056646174,5.0,0.9097949090599446,0.7411626345838358,5216.0,57937.0,1637.0,746.0
ANFC_001688.png,0.7860820950576665,0.6475578718158335,0.8122529644554192,0.7615450399427672,0.9716238678386033,0.9556274414069271,7.211102550927978,0.8895989092132085,0.6156808622386287,5343.0,57285.0,1673.0,1235.0
ANFC_001689.png,0.8582506203583863,0.7516979082108534,0.8799491175258468,0.8375964885973064,0.981889378365455,0.9721069335941758,6.708203932499369,0.9715064953347657,0.710996683898559,5534.0,58174.0,1073.0,755.0
ANFC_001690.png,0.708383120576795,0.5484467816195884,0.9048843187813489,0.5819985533138371,0.9318013218247269,0.9292449951182672,50.25335667931606,0.7523908520450743,0.3139234765942259,5632.0,55267.0,4045.0,592.0
ANFC_001691.png,0.8810497164788968,0.7873895109266482,0.8820966464375367,0.8800052687197043,0.9842828059766005,0.9724731445316701,3.605551275463989,0.9620784204792086,0.8233469332057334,6681.0,57051.0,911.0,893.0
ANFC_001692.png,0.7519654088537803,0.6025196851645608,0.6891210375759651,0.8274221454033642,0.9936424474188393,0.980743408203419,80.77747210701756,0.848726984706978,0.6963190541338035,1913.0,62361.0,399.0,863.0
ANFC_001693.png,0.7843008636947304,0.6451438849559094,0.8599856149940096,0.7208601286734605,0.9773649474459811,0.969894409180147,4.47213595499958,0.9421747590387184,0.6346127253653642,3587.0,59976.0,1389.0,584.0
ANFC_001694.png,0.7227429699746564,0.5658555428482598,0.7184894557535608,0.7270471465374456,0.9913381734571501,0.9828491210940118,8.191025200354277,0.8509869277855775,0.6450390218659224,1465.0,62947.0,550.0,574.0
ANFC_001695.png,0.7851544491043904,0.646299810380911,0.8426521524776586,0.7350021580772542,0.9903329922067176,0.9857788085939672,12.083045973594572,0.805167943095558,0.5973535404228045,1703.0,62901.0,614.0,318.0
ANFC_001696.png,0.8199300699825378,0.6948148149655236,0.7196930947725355,0.9526066351031777,0.9988990421667023,0.990570068359519,97.98364617882991,0.8720374139335114,0.6721986804294086,1407.0,63511.0,70.0,548.0
ANFC_001697.png,0.66995958703639,0.5037137072898624,0.5707727623789037,0.8108695654229678,0.9972909433433917,0.9887847900392337,10.44030650891055,0.7511455794410932,0.5555071436574829,746.0,64055.0,174.0,561.0
ANFC_001698.png,0.7759838547110677,0.6339653751533436,0.8955745341817596,0.6845697329844852,0.9647919978808163,0.9593505859381204,8.246211251235321,0.9054707749081325,0.33735146555953105,4614.0,58258.0,2126.0,538.0
ANFC_001700.png,0.771865270340806,0.6284858263128633,0.8142729173442004,0.733656174405796,0.9840802740125094,0.9754028320316255,5.0,0.9215476998697697,0.4979007394587987,2727.0,61197.0,990.0,622.0
ANFC_001701.png,0.7225806452190258,0.5656565657980918,0.8879795396992433,0.6091228071546938,0.98247904248152,0.9796600341799979,121.88456333483279,0.8891418177660282,0.5634036012932789,1736.0,62467.0,1114.0,219.0
ANFC_001703.png,0.8139534884171623,0.6862745099320775,0.9056603774093475,0.7391113067579802,0.9906879603022771,0.988281250000179,4.47213595499958,0.945865444372747,0.677382368917682,1680.0,63088.0,593.0,175.0
ANFC_001704.png,0.797013246059581,0.662528696568104,0.7971355498928762,0.7968909797712322,0.9643837090445941,0.9394378662118618,8.246211251235321,0.8811150079140726,0.5551974293705679,7792.0,53775.0,1986.0,1983.0
ANFC_001705.png,0.8324651726294179,0.7130109981522438,0.8740037307212138,0.7946958600112022,0.9504484388383304,0.9366912841806536,5.385164807134504,0.9380918766483698,0.7715023535639595,10308.0,51079.0,2663.0,1486.0
ANFC_001706.png,0.8508047347419396,0.7403482771589219,0.8725002183326783,0.8301620274341369,0.9622076361290153,0.9465332031258159,4.577708763999568,0.9245670864126794,0.7476395178336852,9991.0,52041.0,2044.0,1460.0
ANFC_001707.png,0.8735691451029406,0.7755195459328463,0.971444954131715,0.793610642702491,0.9612257110679875,0.962585449219321,13.181254081889945,0.9999994962431304,0.5176866839912296,8471.0,54613.0,2203.0,249.0
ANFC_001709.png,0.8239926332891756,0.7006696187654893,0.887908027106829,0.7686611374544632,0.9233155941338234,0.9154205322278531,12.36931687685298,0.9159142119014302,0.43017587830514975,12975.0,47018.0,3905.0,1638.0
ANFC_001710.png,0.747403338966371,0.5966831640534268,0.8065727699757543,0.6963218158175781,0.9474358074935556,0.9291229248057691,10.391853012565488,0.8091032735107759,0.7065156375868272,6872.0,54019.0,2997.0,1648.0
ANFC_001711.png,0.7784816391280569,0.6373065392077379,0.8678141895765404,0.7058242843304474,0.9419545623582605,0.9317016601572923,8.06225774829855,0.885710925256963,0.5681601220350841,7865.0,53195.0,3278.0,1198.0
ANFC_001712.png,0.8735691451029406,0.7755195459328463,0.971444954131715,0.793610642702491,0.9612257110679875,0.962585449219321,13.181254081889945,0.9999994962431304,0.5176866839912296,8471.0,54613.0,2203.0,249.0
ANFC_001713.png,0.7903015422550218,0.6533045795187994,0.841228356772096,0.7451888294392723,0.9703605210898044,0.9582977294928239,15.083021164397232,0.89860785323841,0.6067981534093357,5150.0,57653.0,1761.0,972.0
ANFC_001714.png,0.8422733927963348,0.7275235686677944,0.8984807610537441,0.7926844544917093,0.9717060161049749,0.9638366699224269,4.0,0.9417302328290938,0.7592162692152928,6328.0,56838.0,1655.0,715.0
ANFC_001715.png,0.8494191242264623,0.7382524272098784,0.8849063191103332,0.8166684566838505,0.970022654233707,0.9588623046881278,4.47213595499958,0.9406656166441624,0.8103345370122463,7604.0,55236.0,1707.0,989.0
ANFC_001716.png,0.8648366316600988,0.7618609407196462,0.9043573249296811,0.8286254448589162,0.9731050491304413,0.9644622802739798,7.0,0.9228522794845626,0.7732976172830498,7451.0,55756.0,1541.0,788.0
ANFC_001717.png,0.798552093201361,0.6646581085499979,0.9313509545039094,0.6988980717082925,0.9825988664589155,0.9804687500002981,5.0,0.9266730253647336,0.7319611759309348,2537.0,61719.0,1093.0,187.0
ANFC_001718.png,0.6821989025048427,0.5176797195327761,0.7535091450970843,0.6232189974277539,0.9647894269657628,0.9496307373054562,60.19792494969343,0.7685663543191064,0.6015889211839789,3543.0,58692.0,2142.0,1159.0
ANFC_001719.png,0.5337461301031352,0.36402027040455653,0.7351812367867032,0.41895504266854067,0.9621623332442569,0.9540405273444514,80.4395757048612,0.6529771441272836,0.49626158877251414,1724.0,60800.0,2391.0,621.0
ANFC_001720.png,0.8640499691600845,0.7606408254863457,0.9148432397195588,0.8186002337946668,0.9534041435228681,0.9461975097664461,5.0,0.9441737980463052,0.8216130186595271,11205.0,50805.0,2483.0,1043.0
ANFC_001721.png,0.8613333333387713,0.7564402810472214,0.9184578071490794,0.8108986192268406,0.952201422199888,0.9460449218758233,4.0,0.9778004548985942,0.6582769046765328,10982.0,51018.0,2561.0,975.0
ANFC_001724.png,0.8042754127235889,0.6726259719786551,0.910492292399263,0.7202517537717006,0.920198242006355,0.9184112548840575,9.433981132056603,0.8831911570905555,0.5998117735363242,10986.0,49203.0,4267.0,1080.0
ANFC_001725.png,0.8206048888357683,0.6957845433492752,0.8936234209049906,0.7586177547230728,0.9489579208820964,0.940536499024345,8.602325267042627,0.9164128530382394,0.7187966577874362,8913.0,52726.0,2836.0,1061.0
ANFC_001726.png,0.8296920914854694,0.7089519650866847,0.9119932590663802,0.7610156250186707,0.944234800839591,0.9389801025399936,42.98836579745726,0.867668852741836,0.5013736652283102,9741.0,51796.0,3059.0,940.0
ANFC_001727.png,0.8184523809598854,0.6926952141272953,0.8127411542720022,0.8242444426089215,0.9604348233537544,0.9329833984385227,18.018041645257956,0.9117981136739854,0.7379111930516956,9900.0,51244.0,2111.0,2281.0
ANFC_001728.png,0.8409077082289403,0.7254881377571396,0.877587301602846,0.8071712216996997,0.9713671285622627,0.9600982666021715,4.123105625617661,0.9684239198309923,0.7251288202060086,6911.0,56010.0,1651.0,964.0
ANFC_001729.png,0.789139892038936,0.6517184659638371,0.719625274857124,0.8735205384226595,0.9802088061737593,0.9386138916024993,12.099315036357849,0.8958666112386793,0.6728928232658945,7528.0,53985.0,1090.0,2933.0
ANFC_001730.png,0.7746930322119092,0.6322440438158207,0.7775687982797893,0.7718384592933243,0.9581123498221649,0.9302825927745014,11.13309728288987,0.847532567019581,0.5602465758725574,7855.0,53112.0,2322.0,2247.0
ANFC_001731.png,0.8506109038690369,0.7400547880097633,0.7890659724560882,0.9225686711267581,0.9790507562219244,0.9333953857432039,7.0,0.9161459755078902,0.5993534770879916,12427.0,48744.0,1043.0,3322.0
ANFC_001733.png,0.8508777045634293,0.740458790119726,0.8675228921551287,0.8348592355419021,0.9747404904865521,0.9609832763677829,5.0,0.9558409277682977,0.7347244405749418,7295.0,55684.0,1443.0,1114.0
ANFC_001734.png,0.6610366920031926,0.4936929101810819,0.6672545563390626,0.654933641283939,0.9906320983787792,0.9822387695315211,8.98606797749979,0.6777065032890878,0.6382285147020696,1135.0,63237.0,598.0,566.0
ANFC_001735.png,0.768297036813942,0.6237681160510817,0.7423249397232408,0.7961524233088596,0.9912032824051088,0.9801940917971773,5.830951894845301,0.9466835010781862,0.5035255581479965,2152.0,62086.0,551.0,747.0
ANFC_001736.png,0.8174738841578847,0.6912945712028117,0.8905441754830242,0.7554853432059881,0.9770522049984836,0.9706726074223226,4.0,0.9520801500093642,0.7916956087250899,4304.0,59310.0,1393.0,529.0
ANFC_001737.png,0.7678310682053431,0.6231540565864805,0.8218321712378378,0.7204890388447535,0.9783958160226405,0.9684600830082939,5.0,0.9215535059507977,0.6504192723378528,3418.0,60051.0,1326.0,741.0
ANFC_001738.png,0.7910432774584755,0.6543189369344985,0.8140111593688755,0.7693359375450515,0.980542695685445,0.9682464599614221,26.126194709846775,0.8776447862860847,0.5753249013782834,3939.0,59516.0,1181.0,900.0
ANFC_001739.png,0.8165319506151393,0.6899484536881576,0.8832068624601759,0.7592172434035118,0.9864170866332866,0.9816436767580927,3.1622776601683795,0.9413500476993525,0.7907928431235297,2677.0,61656.0,849.0,354.0
ANFC_001740.png,0.8376417233928249,0.7206398752553103,0.8468592389514631,0.8286227008395592,0.9939704837819593,0.9890747070314169,3.0,0.9499283641594645,0.8734159554995812,1847.0,62973.0,382.0,334.0
ANFC_001741.png,0.7648148148583677,0.619190404911787,0.7283950618241992,0.8050682261968545,0.992025645524122,0.9806213378909208,4.0,0.9311095266735594,0.7646926265884387,2065.0,62201.0,500.0,770.0
ANFC_001742.png,0.8401625465898811,0.7243795621242687,0.8902045210297077,0.7954472588023574,0.9898325072911148,0.9855957031252199,4.0,0.9455345663017956,0.7592720365931506,2481.0,62111.0,638.0,306.0
ANFC_001743.png,0.6227426945799779,0.45216147497581666,0.5261697800025578,0.7627345845140122,0.9852816444646463,0.9474029541023652,61.58493759413682,0.7382977298688973,0.5932516548030328,2845.0,59244.0,885.0,2562.0
ANFC_001744.png,0.7933443414462918,0.6574736842826371,0.8048969072667791,0.7821187077931082,0.9858894511485355,0.9751739501956914,8.06225774829855,0.8378825681886017,0.7699623407065098,3123.0,60786.0,870.0,757.0
ANFC_001745.png,0.80301180305189,0.6708602517270112,0.8388605442861988,0.7701014833059714,0.9906780197519834,0.9852294921877255,5.0990195135927845,0.9250552238046437,0.7016763291414024,1973.0,62595.0,589.0,379.0
ANFC_001748.png,0.645638880062556,0.4767110268646811,0.6603028310333753,0.631612090912083,0.9908618023338979,0.983200073242444,11.40175425099138,0.5782629349554381,0.5809804533421019,1003.0,63432.0,585.0,516.0
ANFC_001750.png,0.5683635655220667,0.3970027249599448,0.4517829459064239,0.7660357519631779,0.9928584038132455,0.9662322998052029,47.12483279739105,0.5664691748775678,0.49718243820974506,1457.0,61866.0,445.0,1768.0
ANFC_001751.png,0.8399717181365408,0.7240958960146152,0.8043936202521226,0.8788426763309481,0.98748514178999,0.9689178466801619,146.0119508640841,0.8167709521429014,0.4946069906246398,5346.0,58153.0,737.0,1300.0
ANFC_001752.png,0.8831655935560939,0.7907757752389146,0.9040184284740186,0.863253085682115,0.9806139773399983,0.9714813232426228,7.660421570107332,0.962840385846847,0.47414946486010007,7064.0,56603.0,1119.0,750.0
ANFC_001753.png,0.8107069320781459,0.6816712835453205,0.8458894300069065,0.7783342119719731,0.986445321943969,0.9789581298831337,5.014852927038904,0.9118885558414808,0.7530113933798193,2953.0,61204.0,841.0,538.0
ANFC_001754.png,0.8407356838936041,0.7252320909345668,0.8338378206414151,0.8477486232834874,0.9841374306015266,0.9697418212895244,3.605551275463989,0.9367995160138916,0.8714848145604304,5234.0,58319.0,940.0,1043.0
ANFC_001755.png,0.7639346225370331,0.6180373922679417,0.9271908152990567,0.6495622073254366,0.9413178757149209,0.9398345947274807,11.0,0.8803747990695062,0.6275903732611697,6380.0,55213.0,3442.0,501.0
ANFC_001756.png,0.7605081263066964,0.6135644311057175,0.8059790140950348,0.7198938992537764,0.9738116888489078,0.9608764648443471,22.253635122751575,0.8767431389269721,0.5161657816762184,4071.0,58901.0,1584.0,980.0
ANFC_001757.png,0.8172000265144637,0.6909029800928856,0.8693261911658688,0.7709713714500599,0.9686526812913888,0.957901000977205,4.0,0.9024717911826772,0.8266916488325124,6167.0,56610.0,1832.0,927.0
ANFC_001758.png,0.7468408653087555,0.5959665015217969,0.7130879346190003,0.7839478417751915,0.9841539425521196,0.9639282226568006,61.74260445392573,0.8672211846208825,0.7620944885829632,3487.0,59685.0,961.0,1403.0
ANFC_001759.png,0.82090035626574,0.6962094854700412,0.8640909091063533,0.781821920647561,0.9625987027643366,0.9493713378913976,7.0710678118654755,0.9230991865981482,0.7326607183138464,7604.0,54614.0,2122.0,1196.0
ANFC_001760.png,0.8448143896053565,0.7313235050966832,0.8485489141171345,0.8411125929051033,0.9861767192086225,0.9752502441410028,4.47213595499958,0.9890904056771462,0.5969117192389827,4415.0,59499.0,834.0,788.0
ANFC_001761.png,0.7442815249641817,0.5927136852889505,0.7823674476626488,0.7097315437053323,0.983336544018761,0.9733886718754061,5.0,0.7971109777974026,0.6509584915869566,2538.0,61254.0,1038.0,706.0
ANFC_001762.png,0.8167730173338823,0.6902927581291355,0.8556422091587391,0.7812817904692222,0.974600442172133,0.9631958007818117,4.0,0.9234254220219246,0.842670165979001,5376.0,57748.0,1505.0,907.0
ANFC_001763.png,0.717697149230128,0.5596939512689917,0.7542801556898286,0.6844985876263243,0.9704119478116032,0.9534606933600852,94.00531899844816,0.8000539720156411,0.6657974081945982,3877.0,58609.0,1787.0,1263.0
ANFC_001764.png,0.7926241531191853,0.6564850168163271,0.8554198703670406,0.7384174909242038,0.9658761013876055,0.9546966552741288,9.992442890089778,0.8465990724427512,0.5544939167298927,5674.0,56893.0,2010.0,959.0
ANFC_001765.png,0.7842276653133068,0.6450448352573606,0.8368333585380219,0.7378446783351745,0.9665970772448258,0.9534912109382098,9.0,0.8748381217953393,0.8069773083120888,5539.0,56949.0,1968.0,1080.0
ANFC_001766.png,0.8027004475610483,0.6704257476342593,0.9073915280556695,0.7196681175571724,0.9654802780342437,0.9603118896490432,6.708203932499369,0.9142018840177695,0.7854090009211205,5291.0,57644.0,2061.0,540.0
ANFC_001767.png,0.8379968431858233,0.7211657199997121,0.9308256296044547,0.7620041754274519,0.9853843811601887,0.9827728271487005,3.0,0.9654284351493913,0.882299073859476,2920.0,61487.0,912.0,217.0
ANFC_001768.png,0.7356541699051923,0.5818456884775052,0.7579818684438385,0.7146042364494225,0.9878093303070238,0.9789123535159469,88.38692361931624,0.7522820534846829,0.4685855872149188,1923.0,62231.0,768.0,614.0
ANFC_001769.png,0.8283638729356845,0.7070146215336837,0.7888487351792619,0.8720465700408576,0.9799287389665372,0.9516906738288623,7.028427124746164,0.9413917474923469,0.741948892213464,7640.0,54730.0,1121.0,2045.0
ANFC_001770.png,0.8744046127163688,0.7768374165804734,0.9088066701882196,0.8425120773707672,0.9948755835705099,0.9923553466798043,5.385164807134504,0.9999994883039437,0.6612711733072134,1744.0,63291.0,326.0,175.0
ANFC_001771.png,0.8672535003327669,0.7656201105908397,0.958349654007266,0.791972378097543,0.9666879762260192,0.9657135009770857,7.053300858899107,0.9379647601640263,0.6516135229749596,7340.0,55949.0,1928.0,319.0
ANFC_001772.png,0.8820621910853994,0.7890082829875746,0.897847407986518,0.866822429922919,0.9812256219124343,0.9712371826176265,4.0,0.9589003060859085,0.6821547148077625,7049.0,56602.0,1083.0,802.0
ANFC_001773.png,0.8518610298928552,0.7419494086383537,0.8779242006458347,0.8273007316300249,0.9678188960846715,0.9543914794928835,6.708203932499369,0.9360636894999181,0.6685034366756171,8594.0,53953.0,1794.0,1195.0
ANFC_001774.png,0.8062915655224014,0.6754510081932347,0.8237704918412919,0.7895389704797313,0.983284072249864,0.9720001220707398,16.142910846890757,0.8373569269897497,0.538412513380525,3819.0,59882.0,1018.0,817.0
ANFC_001775.png,0.8234817449320901,0.6999311242289791,0.8864980129992732,0.7688298587954918,0.9501983013102339,0.9401702880868505,5.0,0.9532004546405867,0.6294693979514272,9146.0,52469.0,2750.0,1171.0
ANFC_001776.png,0.6208861661745425,0.4502066116838416,0.5615979382573201,0.6941701179693628,0.9844297391983841,0.9593963623053071,26.677694747398682,0.6880219134774925,0.4198325672710935,2179.0,60696.0,960.0,1701.0
ANFC_001777.png,0.7725124882022065,0.6293444787033278,0.8207114171226748,0.7296608008505916,0.9638002868662694,0.9485778808601597,4.123105625617661,0.9096730529550161,0.6730274894380132,5722.0,56444.0,2120.0,1250.0
ANFC_001778.png,0.8570747217862847,0.7498956739637018,0.9204370838381051,0.8018741633346814,0.9505035115761119,0.9451293945320873,5.0,0.9476006766585586,0.7786588557580673,10782.0,51158.0,2664.0,932.0
ANFC_001779.png,0.7705565529725962,0.6267523364758505,0.8008956895128853,0.7424321051943926,0.9456747783584648,0.9219970703136904,18.0,0.8210440787530389,0.7178706763775792,8584.0,51840.0,2978.0,2134.0
ANFC_001780.png,0.7874834016634442,0.6494619560375715,0.7818411097349718,0.7932077227502666,0.9687043458368911,0.9438323974617947,22.090722034374522,0.8615624695665549,0.6844447869513353,6820.0,55035.0,1778.0,1903.0
ANFC_001781.png,0.8686667141830923,0.7678256488072782,0.8807803468380375,0.8568817658010851,0.9826327282656163,0.9718780517582417,3.605551275463989,0.9592001647672012,0.8211219768729587,6095.0,57598.0,1018.0,825.0
ANFC_001782.png,0.8252560351213764,0.7024986378374329,0.8931222167349706,0.7669754398090444,0.9505330952003296,0.941680908204015,5.656854249492381,0.9404557926167102,0.7254626256744852,9025.0,52689.0,2742.0,1080.0
ANFC_001783.png,0.8032218237519418,0.6711534682971946,0.8025140977675618,0.8039307991286417,0.9707842312014102,0.9489288330085919,9.0,0.8872224969241514,0.7449345098900121,6831.0,55358.0,1666.0,1681.0
ANFC_001784.png,0.8183863709501591,0.6926006529074615,0.8316378908229922,0.805550533375018,0.9607632111789138,0.9396514892587334,5.0,0.9123699531280612,0.6625548867035176,8911.0,52670.0,2151.0,1804.0
ANFC_001785.png,0.8105359996218208,0.6814296181973923,0.9146541361693089,0.7276995305401062,0.9444533120520625,0.9402923583993487,6.0,0.9327669300331033,0.6942697467926006,8370.0,53253.0,3132.0,781.0
ANFC_001786.png,0.7593012275845467,0.6119948245976106,0.7659554201023094,0.7527616551439092,0.952014971475126,0.922210693360562,12.0,0.8441857646919743,0.7294916438845122,8041.0,52397.0,2641.0,2457.0
ANFC_001787.png,0.8156687952764039,0.688716798169739,0.8321818976972294,0.7997982854429485,0.9559712389797607,0.934371948243189,13.0,0.8811512972673722,0.8076232771129412,9516.0,51719.0,2382.0,1919.0
ANFC_001788.png,0.8148702988324974,0.687579003413773,0.8436734694005165,0.7879688929713351,0.9478099313150207,0.9283447265635935,6.0,0.9136912517323241,0.7128326778621396,10335.0,50505.0,2781.0,1915.0
ANFC_001789.png,0.8820870994296596,0.7890481440801875,0.9030114401158301,0.8621105043477264,0.9679950790342977,0.9562072753912934,3.0,0.9654126439166022,0.8858957858468256,10735.0,51931.0,1717.0,1153.0
ANFC_001790.png,0.8247313954370357,0.7017386427704163,0.8663619997415369,0.7869182390205134,0.9709508702740127,0.9594268798834317,50.40030658652069,0.9115637507172675,0.7972800518741139,6256.0,56621.0,1694.0,965.0
ANFC_001791.png,0.8062292909339809,0.6753636061201994,0.8257092439492726,0.787647287351075,0.9718062885734359,0.9553833007819309,8.94427190999916,0.8939855462117863,0.7001633365532082,6083.0,56529.0,1640.0,1284.0
ANFC_001792.png,0.7398346358738342,0.5870932950218324,0.7283675290222605,0.7516685846085537,0.9618512233071375,0.9299011230479447,38.3275357934736,0.833698739817719,0.6238767006680229,6532.0,54410.0,2158.0,2436.0
ANFC_001793.png,0.7934843662332202,0.6576660459607646,0.7175146025804187,0.8874463407090937,0.9799899484395884,0.9326782226572774,14.0,0.825934350133056,0.6628288483776337,8476.0,52648.0,1075.0,3337.0
ANFC_001794.png,0.7866218883153889,0.6482908178024145,0.8552284875513643,0.728205128222551,0.9188563336091926,0.9059600830092476,14.560219778561036,0.9151278559217351,0.5421840554403472,11360.0,48013.0,4240.0,1923.0
ANFC_001795.png,0.80491049371727,0.6735148200182219,0.778431228421787,0.833254642757849,0.9591974274553906,0.9216766357433828,10.544718126013754,0.906172863871908,0.6141891133359141,10589.0,49814.0,2119.0,3014.0
ANFC_001796.png,0.8131761978421826,0.6851701123400527,0.8380566801726915,0.789730439690429,0.9333848501073256,0.911468505860726,11.0,0.9110117266629904,0.5355657059085808,12627.0,47107.0,3362.0,2440.0
ANFC_001797.png,0.6964641576213366,0.5342884598991624,0.6595492289809609,0.7377563329628762,0.9613600412356014,0.9186553955090538,22.82104123721787,0.7845879417977937,0.601121465705385,6116.0,54089.0,2174.0,3157.0
ANFC_001798.png,0.7361963190418603,0.5825242719034017,0.8018593841174009,0.6804733728335842,0.9678001755757076,0.9547271728522534,12.980624847486544,0.8388733447727131,0.5828707610656869,4140.0,58429.0,1944.0,1023.0
ANFC_001799.png,0.6359461115070505,0.46621773300421593,0.627871825989156,0.6442307693411194,0.9815677829918755,0.9637145996099288,102.25287712389012,0.723263859218586,0.6849521269096303,2077.0,61081.0,1147.0,1231.0
ANFC_001800.png,0.8398111151587496,0.7238572323451651,0.8408495781436064,0.8387752140707045,0.9810609934884412,0.966354370117701,4.322964030877367,0.95882413592515,0.8299859000838208,5780.0,57551.0,1111.0,1094.0
ANFC_001801.png,0.8033398638024377,0.6713183129592798,0.8222880061285057,0.7852453036854601,0.9572315850654287,0.9356689453134818,16.117879910857784,0.8716450933193718,0.666155784804499,8611.0,52709.0,2355.0,1861.0
ANFC_001802.png,0.81017685387464,0.6809220820193052,0.9520198337535336,0.705119896337749,0.9534756897705572,0.9533233642585248,14.212670403551895,0.9074417414901821,0.42720709412252383,6528.0,55949.0,2730.0,329.0
ANFC_001803.png,0.8586845087218106,0.7523638426860473,0.910828754588962,0.8121874043266115,0.9676056338033873,0.9600372314459223,13.0,0.9020186512252241,0.41482834823914877,7957.0,54960.0,1840.0,779.0
ANFC_001804.png,0.8461934156510466,0.7333927775697142,0.8479381443560244,0.8444558521826735,0.984777948958658,0.9726257324222928,64.0,0.839902572997196,0.6888025379877394,4935.0,58807.0,909.0,885.0
ANFC_001805.png,0.7807740324867948,0.6403850092892924,0.7554964967974156,0.8078016017029704,0.9878821440788983,0.973205566406659,12.024956747275374,0.9061553348518956,0.8300848495083221,3127.0,60653.0,744.0,1012.0
ANFC_001806.png,0.6629537954490606,0.4958346191003288,0.6521915585827145,0.6740771813447664,0.9876807458145028,0.9750671386722556,9.0,0.7264288714510282,0.5439996494396475,1607.0,62295.0,777.0,857.0
ANFC_001807.png,0.6189536032216265,0.44817726960967896,0.500000000132908,0.8121761658842073,0.9929582024801218,0.9646606445317893,81.25174054062329,0.7278400730096334,0.5023732910542063,1881.0,61339.0,435.0,1881.0
ANFC_001808.png,0.8089330025110215,0.679166666750217,0.7855421687392945,0.8337595908459848,0.991642021345126,0.981201171875287,5.0,0.9413569065871121,0.7930790848177849,2608.0,61696.0,520.0,712.0
ANFC_001809.png,0.7133357961107004,0.5544071203625599,0.6953546993706599,0.7322715207181889,0.9764596045484235,0.9526367187507229,12.414517914401602,0.8499202623195417,0.5248749706123702,3862.0,58570.0,1412.0,1692.0
ANFC_001810.png,0.7698412698585024,0.6258064516584533,0.7795299469629219,0.760390474817277,0.9725148877695914,0.9530944824225909,9.055385138137417,0.8196329647686278,0.7300537756816988,5141.0,57321.0,1620.0,1454.0
ANFC_001811.png,0.790460265793324,0.653521536720966,0.8375606117423423,0.7483752708301324,0.974906105627432,0.963668823242742,4.0,0.9681619713198789,0.7144440262641893,4491.0,58664.0,1510.0,871.0
ANFC_001812.png,0.848187030016515,0.7363930187800397,0.8729501915903525,0.8247900376737923,0.9794953483252361,0.9688873291020373,3.605551275463989,0.9818122812717354,0.8176598088078543,5696.0,57801.0,1210.0,829.0
ANFC_001813.png,0.6907460456232724,0.5275875191157557,0.6507862005043918,0.7359341826603147,0.9837617299064257,0.9621124267583907,18.307761459261368,0.7223384253457512,0.6146712070766106,2773.0,60280.0,995.0,1488.0
ANFC_001815.png,0.8720099409953387,0.77306527133763,0.9328680625015393,0.8186060076352855,0.9900522974076791,0.987426757812692,3.0,0.9939387239779841,0.8901103959479905,2807.0,61905.0,622.0,202.0
ANFC_001816.png,0.8407322152975192,0.7252269289475742,0.8979161789047256,0.7903957131511962,0.9833999836777377,0.9778289794925259,3.605551275463989,0.9107815813005768,0.8744003243648865,3835.0,60248.0,1017.0,436.0
ANFC_001817.png,0.8367188367369609,0.7192748092138788,0.8922821969951983,0.7876698015072789,0.9834290187894144,0.9775543212894051,4.0,0.9097146203854296,0.8651998010984804,3769.0,60296.0,1016.0,455.0
ANFC_001818.png,0.7899434935885723,0.652815376332862,0.7503111388067344,0.8339961957748581,0.983758543683025,0.9608612060552848,49.89455525624054,0.8094636252211426,0.6508776188210652,4823.0,58148.0,960.0,1605.0
ANFC_001819.png,0.6530472103599918,0.4848330360732009,0.6533837170548322,0.6527110502221308,0.9838403193615355,0.9691619873051581,41.59747185027977,0.8773605568950877,0.6433970416317609,1902.0,61613.0,1012.0,1009.0
ANFC_001820.png,0.8732885906210351,0.7750774363175893,0.9593040401181645,0.801428923429064,0.9870303322876011,0.9855957031252199,2.8284271247461903,0.9902637532117669,0.8996352345642984,3253.0,61339.0,806.0,138.0
ANFC_001821.png,0.7186666667041778,0.5608740895815038,0.7602256700253242,0.681415929284092,0.9796744688748419,0.9678039550786164,8.43746734963791,0.835996688086133,0.6289870635263041,2695.0,60731.0,1260.0,850.0
ANFC_001822.png,0.8033397942741405,0.6713182158805586,0.7605872389157009,0.8511848341702417,0.9924024905637255,0.9798736572268697,4.47213595499958,0.8830199124788095,0.7999946124044938,2694.0,61523.0,471.0,848.0
ANFC_001823.png,0.6810946164047407,0.5164090047419558,0.6054054055308727,0.7784137368035922,0.9913128496098585,0.9727935791019777,14.282683975367265,0.7248660033091013,0.6648465682929585,1904.0,61849.0,542.0,1241.0
ANFC_001825.png,0.7365302722206016,0.5829425558080473,0.849636907368801,0.6500000001143792,0.9830524566819677,0.9782867431643939,7.078069548818594,0.7958459859545698,0.7637961199030484,1989.0,62124.0,1071.0,352.0
ANFC_001826.png,0.8544608739114088,0.7459028281731831,0.9256659467376411,0.7934279543669503,0.9776758919643602,0.973266601562908,5.0,0.9353697781470569,0.8266595896131563,5143.0,58641.0,1339.0,413.0
ANFC_001827.png,0.6229729730578889,0.45240431813791165,0.8031358886160651,0.5088300222557653,0.9790798257438951,0.9744567871097649,29.936166789670136,0.7209423456229884,0.5062956376638883,1383.0,62479.0,1335.0,339.0
ANFC_001828.png,0.6960127592676195,0.5337573387799622,0.716819973904849,0.6763794174355986,0.9918455337896109,0.9854583740236595,7.615773105863909,0.7660932338359016,0.6326271543049883,1091.0,63492.0,522.0,431.0
ANFC_001830.png,0.8277003993544657,0.706048521152202,0.8690938842566795,0.7900706582762977,0.9813840750576057,0.9730072021488495,9.848857801796104,0.9091698582459029,0.6535070829808146,4249.0,59518.0,1129.0,640.0
ANFC_001831.png,0.7648754026504704,0.619269832660096,0.8097631012886708,0.724702859066912,0.9863426294822893,0.9788360595706356,8.0,0.872830009617633,0.7413783361798086,2256.0,61893.0,857.0,530.0
ANFC_001832.png,0.8494442181313249,0.7382903389237946,0.8511779799567089,0.8477175049543829,0.9769846564380291,0.9605255126959149,52.79772413167059,0.9234273762344806,0.6872934583392887,7298.0,55651.0,1311.0,1276.0
ANFC_001833.png,0.7844514106853353,0.6453476377872193,0.7918987342298991,0.7771428571982254,0.9854350014616076,0.9737701416019628,6.336340657901162,0.9003473891268985,0.6857505237295477,3128.0,60689.0,897.0,822.0
ANFC_001834.png,0.7853585657904983,0.6465764659095629,0.7470393179786645,0.8278215224000937,0.9948285376429669,0.9868469238283258,9.283875459721992,0.8858912449556643,0.7537319278590909,1577.0,63097.0,328.0,534.0
ANFC_001835.png,0.7502721006469619,0.6003483646989842,0.7923371648040007,0.7124483234468423,0.9796822511809338,0.9684906005864184,71.73940719844494,0.8621369464913184,0.7108182637810353,3102.0,60369.0,1252.0,813.0
ANFC_001836.png,0.8015603554286238,0.6688366486234073,0.8408608669534918,0.7657694962366087,0.9712070311179339,0.9580841064459522,6.288286401830956,0.865586048341903,0.8057705010782467,5548.0,57241.0,1697.0,1050.0
ANFC_001837.png,0.7431888781512864,0.5913290113783364,0.8695185891480555,0.6489106269765309,0.9309113817735736,0.9230499267589868,10.433072690514347,0.8487061824603306,0.7124170370936171,7297.0,53196.0,3948.0,1095.0
ANFC_001838.png,0.8056398358138117,0.6745367603432421,0.8416407706846936,0.7725924235768379,0.96533370440651,0.9501495361335732,5.0,0.8957484247172816,0.7768484237312295,6771.0,55498.0,1993.0,1274.0
ANFC_001839.png,0.8519330410595888,0.7420586703921144,0.9350393700858444,0.7823938506787707,0.9578308980004641,0.9546508789069421,4.0,0.97369759582511,0.7633273043390786,8550.0,54014.0,2378.0,594.0
ANFC_001840.png,0.8360830228899653,0.7183356195862862,0.8767964280817081,0.798982835359251,0.9382445998215256,0.9248046875011475,4.47213595499958,0.9280868030557706,0.7514227696316392,12568.0,48040.0,3162.0,1766.0
ANFC_001841.png,0.763895563040049,0.6179862641170153,0.7974249644847902,0.7330720160069886,0.9351749883353211,0.9100341796888729,8.94427190999916,0.8894495394427088,0.6964751812635881,9538.0,50102.0,3473.0,2423.0
ANFC_001842.png,0.7837463178146121,0.6443937883395935,0.7923966363363005,0.7752828248585392,0.9780871832590411,0.9619140625005812,7.0710678118654755,0.9020039315787978,0.7407843363918544,4523.0,58517.0,1311.0,1185.0
ANFC_001843.png,0.8528089133597685,0.7433887198989716,0.9234011628018313,0.7922434218989596,0.9715971085656779,0.9665374755864482,4.0,0.9526295930288794,0.7927620479076583,6353.0,56990.0,1666.0,527.0
ANFC_001844.png,0.713534194182596,0.5546468401900886,0.834918858445031,0.6229645094339286,0.9381379735572697,0.9268798828136158,49.287903053506255,0.7945479790668427,0.7415251326741521,5968.0,54776.0,3612.0,1180.0
ANFC_001845.png,0.7291827933507483,0.5737904630049093,0.7612560610110237,0.6997028863116079,0.97688097377703,0.9626312255865078,16.14772675074117,0.8451488032710578,0.5689676679959176,3297.0,59790.0,1415.0,1034.0
ANFC_001846.png,0.7456744186283094,0.5944823495113494,0.7950803412427929,0.7020493957432038,0.9718819737173009,0.9582824707037617,7.0,0.8111590711031499,0.6766603909095686,4008.0,58794.0,1701.0,1033.0
ANFC_001847.png,0.7264822134747718,0.5704531347878226,0.7931530495416705,0.6701507049902404,0.9781340638095692,0.9683227539067335,18.447188230743393,0.7699953993184778,0.6965547982308123,2757.0,60703.0,1357.0,719.0
ANFC_001848.png,0.8416851843525607,0.7266463080630612,0.8682634730662179,0.816685734417259,0.9620223162200623,0.9467315673836254,4.123105625617661,0.9299629283003369,0.8255843639141442,9280.0,52765.0,2083.0,1408.0
ANFC_001849.png,0.8174565029406202,0.6912697122670078,0.8418968419124941,0.7943951424760023,0.9602958419778065,0.9420471191415094,4.47213595499958,0.9085344546614893,0.8016975601663476,8504.0,53234.0,2201.0,1597.0
ANFC_001850.png,0.82007419621702,0.6950218340877711,0.8613486308192068,0.7825744911217845,0.9607261488185742,0.9467163085945631,11.180339887498949,0.8917797358308207,0.8151771834633169,7958.0,54086.0,2211.0,1281.0
ANFC_001851.png,0.7335841857155343,0.5792601272531587,0.8086225026511715,0.6712900097312037,0.9405198588914734,0.923294067383983,20.787833306414527,0.8255350569791775,0.7186954921670522,6921.0,53588.0,3389.0,1638.0
ANFC_001852.png,0.7898776685182372,0.6527254707975495,0.9596386419991784,0.6711505146569703,0.9450002556551566,0.9465332031258159,5.0,0.9157042589694763,0.691398010245618,6586.0,55446.0,3227.0,277.0
ANFC_001853.png,0.8432659490762265,0.7290059010686332,0.9536817102192777,0.7557647059053398,0.9545661460894571,0.9544525146491326,4.0,0.9261666629606666,0.7829804235846128,8030.0,54521.0,2595.0,390.0
ANFC_001854.png,0.82920000000854,0.7082336863932155,0.8417419551475239,0.8170263080286702,0.9666517015360213,0.9478759765632955,8.0,0.9196498102250452,0.7240053304937074,8292.0,53828.0,1857.0,1559.0
ANFC_001855.png,0.7763135806707943,0.6344056519902321,0.8501700524082939,0.714263649724746,0.9323051027328191,0.9186706542981161,7.211102550927978,0.8915089716116819,0.6205325656433016,9249.0,50957.0,3700.0,1630.0
ANFC_001856.png,0.8031765179029364,0.6710902066461373,0.7585683091466279,0.8533589661589919,0.9750377252154421,0.9402465820321618,18.0,0.8910440792945363,0.7361844539289346,7990.0,53630.0,1373.0,2543.0
ANFC_001857.png,0.7905696399329322,0.6536710719784382,0.8780078895583818,0.7189695550578237,0.9371795797541848,0.9280242919932858,12.083045973594572,0.8582955524961736,0.7505015233054624,8903.0,51916.0,3480.0,1237.0
ANFC_001858.png,0.7483673065630136,0.5979128785202061,0.9332428430487114,0.6246283449269385,0.9208629335575835,0.9223937988293093,9.486832980505138,0.814374908941246,0.6217421685204179,7563.0,52887.0,4545.0,541.0
ANFC_001859.png,0.8403541722626259,0.7246645071908069,0.8568748534466603,0.8244584837677152,0.9557476821577129,0.9364471435556574,12.165525060596439,0.9244656446344859,0.7245398833958336,10962.0,50409.0,2334.0,1831.0
ANFC_001860.png,0.7728647014447141,0.6298121343005967,0.7904298083031517,0.7560632949012079,0.9372813688224851,0.9082946777357744,13.0,0.8086052458667333,0.5520747989814082,10225.0,49301.0,3299.0,2711.0
ANFC_001861.png,0.8149088174555881,0.6876338542327569,0.8621581302971498,0.7725692897448918,0.9540022710485752,0.939910888672792,9.861517085499994,0.9106620846979396,0.7035940025042016,8669.0,52929.0,2552.0,1386.0
ANFC_001862.png,0.7278605119652414,0.5721546409288323,0.6636064940410121,0.8058913273317814,0.9700297166056021,0.9216461181652582,42.96449334482983,0.8691038703929757,0.6630885799582257,6867.0,53534.0,1654.0,3481.0
ANFC_001863.png,0.8124107817695688,0.684083999173861,0.9070029061679007,0.73568549922168,0.9366491096987981,0.9318237304697904,10.295630140987,0.9204145980515044,0.42212956689352543,9675.0,51393.0,3476.0,992.0
ANFC_001864.png,0.8490061800630948,0.7376287911959346,0.9364406779719565,0.7765047357335392,0.9464886613031,0.944824218750842,7.0,0.9805352466905702,0.5513965432043371,10166.0,51754.0,2926.0,690.0
ANFC_001865.png,0.7736829327616566,0.6308995882458901,0.7790163293459454,0.7684220679235704,0.9565893435072667,0.9288787841807729,21.503243217526503,0.8782122217984941,0.6705936374888699,7967.0,52908.0,2401.0,2260.0
ANFC_001866.png,0.7998007416948137,0.6663899649818862,0.7836225596763967,0.816661015054068,0.9711982385117693,0.9448089599617797,10.411371235325834,0.9088464755415353,0.4523924477932523,7225.0,54694.0,1622.0,1995.0
ANFC_001867.png,0.8095257613719095,0.6800027544635723,0.8082337534941698,0.8108219065760061,0.9567875764290336,0.9290924072276445,8.06225774829855,0.9122765512201794,0.6636729864151554,9875.0,51014.0,2304.0,2343.0
ANFC_001868.png,0.8930152484145333,0.8067096201273695,0.9039083893692038,0.8823815310127869,0.9921325119070185,0.9867248535158277,3.0,0.9940647789218423,0.899522013524335,3631.0,61035.0,484.0,386.0
ANFC_001869.png,0.820049171241173,0.6949858852406257,0.7869101979015357,0.8561020036668153,0.9852626937559735,0.9653778076177159,8.94427190999916,0.9021879803741786,0.6894772209157876,5170.0,58097.0,869.0,1400.0
ANFC_001870.png,0.8444379075430486,0.7307594399889046,0.8573419611889157,0.8319165378833157,0.9686435638217252,0.9515838623054264,5.898571136907119,0.9167443802434949,0.7559655924061781,8612.0,53751.0,1740.0,1433.0
ANFC_001871.png,0.8173720363475572,0.6911489170582966,0.8520742862559296,0.7853857946018238,0.9539414764324029,0.9371185302743971,21.099752959263387,0.8495989846712014,0.4429139332535515,9222.0,52193.0,2520.0,1601.0
ANFC_001872.png,0.8906577293731327,0.8028700906530523,0.9673529746368612,0.8252304706622775,0.9682615208393998,0.9681396484379863,8.94427190999916,0.9947455560239913,0.4497826079299,8504.0,54944.0,1801.0,287.0
ANFC_001873.png,0.7978723404474737,0.6637168142200258,0.8168481885270397,0.7797581158965079,0.9829939217198913,0.9715881347660587,5.830951894845301,0.8982368131474363,0.763236638234415,3675.0,59999.0,1038.0,824.0
ANFC_001874.png,0.8543417367074281,0.7457212714324998,0.9254693722879823,0.7933669322397388,0.9789091150460663,0.9746093750003876,4.242640687119285,0.9595524556636261,0.7673909188554241,4880.0,58992.0,1271.0,393.0
ANFC_001875.png,0.7978429897419309,0.6636761945204096,0.8424258474993576,0.7577417818585654,0.9835330310883496,0.9754028320316255,5.0,0.911393517920848,0.7426174857765383,3181.0,60743.0,1017.0,595.0
ANFC_001876.png,0.8518518518610891,0.7419354838989969,0.8955165181049402,0.8122473246358802,0.9727326103479186,0.9637451171880533,3.1622776601683795,0.9581817711355608,0.8150220877614063,6831.0,56329.0,1579.0,797.0
ANFC_001877.png,0.8376616076538695,0.7206693104051969,0.8753524436236663,0.8030825609179691,0.9679608585864204,0.9559326171881726,4.0,0.9584573337260682,0.7609959502822283,7451.0,55197.0,1827.0,1061.0
ANFC_001878.png,0.8125299227267266,0.6842529662845003,0.8432708688467816,0.7839514319936715,0.9720132667720028,0.9581756591803258,5.0,0.9340532463850466,0.665161924943526,5940.0,56855.0,1637.0,1104.0
ANFC_001879.png,0.8481550305484264,0.7363447799639675,0.9331191588980376,0.7773722628278898,0.9852685471408863,0.9825439453127665,4.242640687119285,0.9746379375398859,0.691714521442937,3195.0,61197.0,915.0,229.0
ANFC_001880.png,0.8516339051143565,0.7416048844872208,0.8879895561650157,0.8181380803901519,0.98774835510343,0.9819183349612135,4.630495168499682,0.9314537508867128,0.8387035261798609,3401.0,60950.0,756.0,429.0
ANFC_001881.png,0.7488602067842509,0.5985423938001907,0.8290914261582409,0.6827868852830461,0.9536946823247748,0.9403228759774732,24.743451359888425,0.8300612526206324,0.6411257513035123,5831.0,55794.0,2709.0,1202.0
ANFC_001882.png,0.7825947848518161,0.6428383706119792,0.7779898219182586,0.7872545864520029,0.9776870105323777,0.9585266113287579,11.644110778773962,0.8424952226151584,0.6771803813242885,4892.0,57926.0,1322.0,1396.0
ANFC_001883.png,0.8667543434715336,0.7648424139060784,0.8765224695678955,0.8572015334259034,0.9821382699984221,0.9706268310551358,3.605551275463989,0.958232711819638,0.7574415743825619,6261.0,57350.0,1043.0,882.0
ANFC_001884.png,0.7733166693058402,0.6304126338180304,0.8228058511227374,0.7294429709020209,0.9853185772776145,0.9778594970706505,4.47213595499958,0.9294373019250175,0.7690298037895738,2475.0,61610.0,918.0,533.0
ANFC_001885.png,0.7362821097832069,0.5826317056572933,0.8054539408694865,0.6780515118482499,0.981608533640685,0.9735260009769666,14.17727271164004,0.9253403346475222,0.6986802312115883,2422.0,61379.0,1150.0,585.0
ANFC_001886.png,0.8184615384784651,0.6927083333818327,0.8538910506120835,0.7858549687044127,0.9801973640641731,0.9702911376957659,10.770329614269007,0.8720626960348649,0.6448251117804664,4389.0,59200.0,1196.0,751.0
ANFC_001887.png,0.7656288306100988,0.6202581926891502,0.7862537764619519,0.7460582895668827,0.9630851507160181,0.9416503906258904,37.11333933295184,0.8068841701283496,0.5778956382059595,6246.0,55466.0,2126.0,1698.0
ANFC_001888.png,0.7130600572201256,0.5540740741291267,0.7368248235533041,0.6907803602138248,0.9662040541682866,0.9448852539070911,51.78802950489621,0.7956281022924936,0.6029894029680329,4488.0,57436.0,2009.0,1603.0
ANFC_001889.png,0.7943925233945105,0.6589147287647977,0.9467455621487136,0.6842767296391756,0.9799722324181739,0.978515625000328,12.0,0.8595894286500095,0.3155789445937846,2720.0,61408.0,1255.0,153.0
ANFC_001890.png,0.8046841610561002,0.6731979405501719,0.8328025478002826,0.7784025136797746,0.9776234052505239,0.9651336669927196,4.414762138029506,0.9333106125253295,0.7199755131318074,4707.0,58544.0,1340.0,945.0
ANFC_001891.png,0.5751320212253643,0.4036388142171029,0.4716535435150971,0.7367773679355613,0.993205917836161,0.9729919433597872,193.03885264863328,0.7177846486287351,0.46844622551025994,1198.0,62568.0,428.0,1342.0
ANFC_001892.png,0.7776435045451575,0.6361838853548014,0.7624407583219857,0.7934648582252202,0.9706634440246136,0.9438476562508569,6.324555320336759,0.8764096267531883,0.665537859676277,6435.0,55421.0,1675.0,2005.0
ANFC_001893.png,0.6999418492246616,0.5383927240885056,0.7760584569576491,0.6374227714673569,0.9662631604887035,0.952758789063221,9.891899366389326,0.7783166339499827,0.5029397167223709,3611.0,58829.0,2054.0,1042.0
ANFC_001894.png,0.7725657793227658,0.6294152194286924,0.7759619363078235,0.7691992207762536,0.9597085988408444,0.932601928711966,10.0,0.8504643464270333,0.588668199662826,7502.0,53617.0,2251.0,2166.0
ANFC_001895.png,0.8272681815752393,0.7054197460957533,0.8742367308743264,0.7850891068453982,0.9642581550339485,0.9525604248054115,13.92479384841069,0.9113557876818614,0.6576239195120023,7445.0,54982.0,2038.0,1071.0
ANFC_001896.png,0.8293626552810667,0.7084710384921775,0.8645722776768048,0.7969086284881806,0.9829346485822781,0.9744262695316404,8.06225774829855,0.9210805303277605,0.6541509170628756,4073.0,59787.0,1038.0,638.0
ANFC_001897.png,0.8271230502674557,0.7052087181599402,0.8155331510752278,0.8390471167511386,0.9659867736668527,0.9391174316415541,10.815072906367325,0.9347879804665479,0.6045891546439076,9545.0,52001.0,1831.0,2159.0
ANFC_001898.png,0.8181697436820069,0.6922904024067676,0.7504873294954952,0.8992700730221109,0.9943840343795679,0.9791107177737564,22.86462967205721,0.8796152971155388,0.5939844645483763,3080.0,61087.0,345.0,1024.0
ANFC_001899.png,0.8406935892168527,0.7251694473588914,0.8197288934860963,0.8627587811225278,0.9659366460112017,0.9356536865244195,11.009072203437444,0.904944702161745,0.6826174746495347,11127.0,50192.0,1770.0,2447.0
ANFC_001904.png,0.9190501082847042,0.8502245250535251,0.9593109361634335,0.8820325378139445,0.9687707515136743,0.9669189453130049,6.082762530298219,0.9793996446953839,0.7596775354945804,12307.0,51061.0,1646.0,522.0
ANFC_001905.png,0.7680896155186127,0.6234947161927384,0.7163631230105375,0.8278675151202697,0.98195131131025,0.9532470703132135,17.679838562673247,0.8778879475060255,0.6137552135963464,5074.0,57398.0,1055.0,2009.0
ANFC_001907.png,0.7408950122962248,0.5884298923073688,0.7013446567888642,0.7851726089660246,0.9658909156264553,0.9259643554698798,28.875445130763342,0.7749492880509468,0.4850179354469194,6937.0,53747.0,1898.0,2954.0
ANFC_001908.png,0.830533881699253,0.7101820811338867,0.850574712655442,0.8114156965969647,0.9524737858206368,0.9327239990244641,8.54400374531753,0.943190430493469,0.5316528243172238,10804.0,50323.0,2511.0,1898.0
ANFC_001909.png,0.8457404231077336,0.7327125025031986,0.925193895430924,0.7788542544462033,0.9635049181473793,0.9588317871100033,6.0,0.9640508697078535,0.6797669151323039,7396.0,55442.0,2100.0,598.0
ANFC_001910.png,0.8822565543140065,0.7893193717498095,0.9040537299227568,0.8614857143015445,0.9788104479181298,0.9692993164067185,3.605551275463989,0.9721214261707527,0.8246841090514244,7538.0,55986.0,1212.0,800.0
ANFC_001912.png,0.8612088513620608,0.7562482834553523,0.8632337957627374,0.8591933848303929,0.9657994959932206,0.9458312988289517,6.082762530298219,0.9352000048337674,0.7328537020293034,11014.0,50972.0,1805.0,1745.0
ANFC_001913.png,0.7611643121379935,0.6144191030449703,0.6975410548529376,0.8375586854629569,0.9711810761291357,0.9231262207042981,61.66966231460967,0.8711688347635077,0.6596560569935144,8028.0,52470.0,1557.0,3481.0
ANFC_001914.png,0.7894717108548809,0.652171219745266,0.8550312677775497,0.7332497562520373,0.92803862991699,0.9143218994153699,9.0,0.8680808739256457,0.5729894752012659,10528.0,49393.0,3830.0,1785.0
ANFC_001915.png,0.825607064026029,0.7030075188212646,0.8735655529731323,0.7826403421178564,0.9571010432947781,0.9445495605477212,7.810249675906654,0.9099218691841161,0.4669520115482409,8602.0,53300.0,2389.0,1245.0
ANFC_001917.png,0.8055885850370998,0.674464907968398,0.7775439939216633,0.8357319079285089,0.986751343105612,0.970062255859832,7.0710678118654755,0.9257137857277877,0.6192437628862927,4065.0,59509.0,799.0,1163.0
ANFC_001918.png,0.805859986591039,0.6748454767114773,0.7606882719560131,0.8567352276950737,0.9785063232438773,0.9470214843758085,11.313708498984761,0.9153128368042803,0.6774488189541852,7206.0,54858.0,1205.0,2267.0
ANFC_001919.png,0.8453979238825653,0.7321985135673141,0.9271402550164805,0.7769015517869159,0.9527257699365235,0.9488677978523429,7.615773105863909,0.9659151801198232,0.6362873157599042,9162.0,53023.0,2631.0,720.0
ANFC_001920.png,0.8601193207957724,0.7545696110995596,0.9693803661974366,0.7729934834799148,0.9507419141214136,0.9534912109382098,12.165525060596439,0.9327208754645804,0.3913719472023071,9371.0,53117.0,2752.0,296.0
ANFC_001922.png,0.8029710711621728,0.6708033965087303,0.8909774436247864,0.7307874763127624,0.961276015012602,0.9538574218757042,7.615773105863909,0.9433822235808489,0.6529669193386729,6162.0,56350.0,2270.0,754.0
ANFC_001923.png,0.8354475612008465,0.7173979748605862,0.8652049218368763,0.8076690560663555,0.9593071061823358,0.9437866210946079,6.708203932499369,0.9324114255831765,0.6349313413190223,9352.0,52500.0,2227.0,1457.0
ANFC_001924.png,0.869608427754442,0.7692983998796116,0.9127894846742344,0.8303283355636432,0.9680428954429304,0.9599609375006111,5.656854249492381,0.9690072384578146,0.657604833434224,8750.0,54162.0,1788.0,836.0
ANFC_001925.png,0.8760402135804493,0.7794230934024289,0.9121506561241961,0.8426799926112641,0.9693985923357983,0.9606781005865376,6.0,0.9913565936975502,0.6340755172369873,9106.0,53853.0,1700.0,877.0
ANFC_001926.png,0.8737543192010739,0.7758114717851657,0.878372935976805,0.8691840191422553,0.9763865908931662,0.9615325927740246,6.324555320336759,0.9641886638984157,0.712607020330947,8724.0,54291.0,1313.0,1208.0
ANFC_001927.png,0.8780076692984701,0.7825433786687791,0.9084408789755458,0.8495474190777503,0.9658763039142214,0.9558258056647366,6.082762530298219,0.9472288223081962,0.7124440937347067,10418.0,52223.0,1845.0,1050.0
ANFC_001928.png,0.8686059374011598,0.7677306838723321,0.8755424300942899,0.861778489656417,0.9523945733909693,0.9329376220713359,5.0990195135927845,0.9418331688749121,0.7164405660065506,14527.0,46614.0,2330.0,2065.0
ANFC_001983.png,0.8652234636923796,0.7624615384777804,0.9192910140214929,0.8171625384862111,0.9532824027271602,0.9469909667976839,5.385164807134504,0.9653302703581539,0.6502973930680563,11151.0,50911.0,2495.0,979.0
ANFC_001984.png,0.8317723979575997,0.7119951596042963,0.9197850513024147,0.7591323280574847,0.9459865101906658,0.9418945312508867,5.830951894845301,0.936397974702043,0.6989413187559231,9414.0,52314.0,2987.0,821.0
ANFC_001985.png,0.8326468344838808,0.7132775745090645,0.9020742087511715,0.7731425738527415,0.9400580144111527,0.9330444335947717,8.06225774829855,0.8983880832553077,0.7012966208655563,10916.0,50232.0,3203.0,1185.0
ANFC_001986.png,0.7416163208351618,0.589340384137303,0.6299271159259368,0.9014474244569077,0.992127590838894,0.9549713134772497,70.82230999521255,0.6515392520774448,0.48378269979478655,4235.0,58350.0,463.0,2488.0
ANFC_001987.png,0.7271260287455925,0.5712474645573976,0.8373908195804887,0.6425210324194324,0.958324328817915,0.9483947753914126,26.202824603613195,0.7432596750199739,0.6058953557142432,4506.0,57648.0,2507.0,875.0
ANFC_001988.png,0.8290586991123045,0.7080275488643979,0.8307060538043839,0.8274178651764853,0.9774432200324652,0.9605407714849772,5.0,0.9038088036827052,0.7448956648333408,6271.0,56679.0,1308.0,1278.0
ANFC_001989.png,0.861842352327844,0.757225814982366,0.8803222094453148,0.8441224069557067,0.9596388640224065,0.9438629150399191,5.0,0.964237040295776,0.7339999957991362,11475.0,50382.0,2119.0,1560.0
ANFC_001990.png,0.8198824765146087,0.6947464639808166,0.8083403302654162,0.8317590139481765,0.9387258500988289,0.9031829833999149,16.054543530560323,0.864394131982809,0.6662196744969346,14441.0,44750.0,2921.0,3424.0
ANFC_001991.png,0.8017760476977206,0.6691370558711536,0.855529595034329,0.7543779329570358,0.9628925162546187,0.9502716064460714,12.529964086141668,0.8515729963770259,0.620800525173797,6591.0,55686.0,2146.0,1113.0
ANFC_001992.png,0.8193303853524352,0.6939539861122102,0.8924604344940076,0.7572775043992596,0.9474378194832751,0.9389038085946824,15.414978311109088,0.9242185399877111,0.4348797019288144,9079.0,52453.0,2910.0,1094.0
ANFC_001993.png,0.614497789038653,0.443519890636781,0.5829213483770904,0.6496911004091348,0.9643567047796613,0.9255065917980118,79.87610312420729,0.6675611183720452,0.5014499859429415,3891.0,56763.0,2098.0,2784.0
ANFC_001994.png,0.8492873113523866,0.7380533122995899,0.8446251129285925,0.8540012646768776,0.9593704174414044,0.9341735839853795,6.0,0.9616353719380887,0.6812298049937456,12155.0,49067.0,2078.0,2236.0
ANFC_001995.png,0.7905655210259289,0.6536654401554676,0.8095772278055404,0.7724262492626647,0.9336492891008201,0.9066467285170495,10.0,0.9173945568612969,0.5005358022690454,11547.0,47871.0,3402.0,2716.0
ANFC_001996.png,0.7964130749322295,0.6616996731723035,0.8998561903647724,0.7143005396726546,0.9524418263176112,0.946304321289882,8.54400374531753,0.8858396967923878,0.6884390867624284,6883.0,55134.0,2753.0,766.0
ANFC_001997.png,0.8124197241407036,0.6840966801764228,0.9068694676590363,0.7357879830329974,0.9545857602372496,0.9487457275398447,9.486832980505138,0.8861676109991282,0.7513525550148701,7274.0,54903.0,2612.0,747.0
ANFC_001998.png,0.7941202912975762,0.6585402221979766,0.8182491894563919,0.7713736791746246,0.9521747867238053,0.9301147460948165,8.06225774829855,0.8670921755218471,0.7073787589264231,8833.0,52123.0,2618.0,1962.0
ANFC_001999.png,0.8180351793672298,0.6920977385375491,0.8232838590254663,0.8128529995706224,0.9792442608522509,0.9638519287114892,23.630214214331524,0.8534425501873777,0.6560135026135036,5325.0,57842.0,1226.0,1143.0
ANFC_002000.png,0.795496966880804,0.6604358353839772,0.85301476108919,0.7452459016671863,0.9594904591435909,0.9465026855476915,6.324555320336759,0.9561127112457987,0.6686304438248794,6819.0,55211.0,2331.0,1175.0
ANFC_002001.png,0.7794186892778812,0.638563512685799,0.8404726735745501,0.7266342086577832,0.9373903188078131,0.9213714599621374,11.40175425099138,0.8462257128055166,0.6407664275042317,9104.0,51279.0,3425.0,1728.0
ANFC_002002.png,0.8008541453996447,0.6678538247392495,0.8829972361671617,0.7326934511396676,0.9435687772348599,0.934539794922874,11.661903789690601,0.8374887514562305,0.5920814437623523,8626.0,52620.0,3147.0,1143.0
ANFC_002003.png,0.8465166908841588,0.7338785782529479,0.9298525309167587,0.7768897769640727,0.9893696352358613,0.9870910644533221,6.324555320336759,0.9999994910271293,0.5036692595945161,2333.0,62357.0,670.0,176.0
ANFC_002005.png,0.7895525997683409,0.6522816271355965,0.8620616814678853,0.7282948157644067,0.945690946708538,0.9336090087900757,7.615773105863909,0.8849811369789798,0.6482866059841349,8162.0,53023.0,3045.0,1306.0
ANFC_002006.png,0.7430352252580003,0.5911344854107987,0.7009978617781543,0.7904360056679854,0.9825946198521027,0.9584808349615711,9.6931639585584,0.9161006067677777,0.564219127847439,3934.0,58881.0,1043.0,1678.0
ANFC_002007.png,0.716295025745209,0.5579903795155897,0.8725449227089365,0.6075065464448156,0.930650993026875,0.9242858886730304,19.951158249361324,0.8319269811205534,0.4086060963977804,6264.0,54310.0,4047.0,915.0
ANFC_002008.png,0.7653902632141206,0.6199451052845479,0.721618743403276,0.8148148148593518,0.9873440607487164,0.9683074951176712,11.09260362179634,0.784608962790599,0.6609596763965049,3388.0,60071.0,770.0,1307.0
ANFC_002010.png,0.7735271614557363,0.6306924516992274,0.7412023460790026,0.808800000030592,0.9796477961717479,0.9548339843756893,45.05309062346628,0.837100962149808,0.6048288915281016,5055.0,57521.0,1195.0,1765.0
ANFC_002011.png,0.7446996466656626,0.5932441942866652,0.8141780954579528,0.6861468338456541,0.9680577875715625,0.955902099610048,42.90674772663927,0.8426265729196637,0.6466640347093522,4215.0,58431.0,1928.0,962.0
ANFC_002012.png,0.8311854025990576,0.7111353712421101,0.8431271033282094,0.8195772521843037,0.988374166977634,0.9798126220706207,5.0,0.9115179213243348,0.7888231239212468,3257.0,60956.0,717.0,606.0
ANFC_002013.png,0.6740976645867705,0.5084067254787016,0.6701846966569434,0.6780565937858899,0.9804683704210724,0.962524414063072,18.820161442478835,0.7783675379930087,0.5036700693899635,2540.0,60540.0,1206.0,1250.0
ANFC_002014.png,0.6732950924363738,0.5074942352510095,0.657128639007573,0.6902770517916522,0.9587811749981081,0.9217834472668186,33.345136932727506,0.7717647550236455,0.5635320422069704,5282.0,55128.0,2370.0,2756.0
ANFC_002015.png,0.737497542129023,0.5841553317844299,0.6770156438415144,0.8098459767079537,0.9769160870936826,0.9388885498056201,28.828795171931112,0.8297223269868939,0.6139601454510565,5626.0,55905.0,1321.0,2684.0
ANFC_002016.png,0.6258086484079645,0.45540138778225897,0.5260446482392417,0.7722689077543958,0.9957516186176966,0.9832305908205685,21.948801849940438,0.6699418340790702,0.5585869912944388,919.0,63518.0,271.0,828.0
ANFC_002019.png,0.851296524973426,0.7410933661331245,0.8585660914679655,0.8441490292383858,0.9851289326548422,0.9742736816410177,7.924099870362644,0.9120649398005842,0.49802847504263387,4826.0,59024.0,891.0,795.0
ANFC_002040.png,0.8396881035954155,0.7236744759896826,0.9440244491002052,0.7561195568466736,0.9680877964907013,0.9658050537114594,6.045519391663998,0.9410609629845179,0.8459429648671511,5869.0,57426.0,1893.0,348.0
ANFC_002041.png,0.8254914261906372,0.7028398469061836,0.9019764652231262,0.7609638554447263,0.9563249564137801,0.9490661621101523,3.783053201505122,0.9132816186739721,0.860976698438999,7895.0,54303.0,2480.0,858.0
ANFC_002042.png,0.8218909135639063,0.6976356629832688,0.8049513279888293,0.8395587866834346,0.9776282443419099,0.9557037353522385,4.0,0.9315934263172322,0.8291087564740878,6698.0,55935.0,1280.0,1623.0
ANFC_002043.png,0.8106947936585089,0.6816541198637048,0.8076735093099128,0.8137387664885216,0.9736190542618632,0.9528961181647814,12.336764624629081,0.8862725156498393,0.7531910147093696,6610.0,55839.0,1513.0,1574.0
ANFC_002044.png,0.7448362195399882,0.5934175533266565,0.7634730539933821,0.7270875764859115,0.9893983986836704,0.9813385009768474,11.011340254296815,0.8577035569869574,0.7613306643867144,1785.0,62528.0,670.0,553.0
ANFC_002045.png,0.6881884945397508,0.5246092839923934,0.7521739131263633,0.6342357587043892,0.9792632622393237,0.9689025878910996,23.67671902555749,0.7851097234098617,0.715711384608978,2249.0,61249.0,1297.0,741.0
ANFC_002046.png,0.8086412983984734,0.6787555228572574,0.8924119569293947,0.7392481203268925,0.9545859305439808,0.9467468261726877,8.0,0.9370732635224966,0.4887722464416847,7374.0,54672.0,2601.0,889.0
ANFC_002047.png,0.7730345073062354,0.6300376921204177,0.8716405936794169,0.6944710770539607,0.9506002721471898,0.9415893554696414,4.0,0.8951646113800664,0.7867273779944699,6519.0,55189.0,2868.0,960.0
ANFC_002048.png,0.8597285067936146,0.7539682539875869,0.8864560236616357,0.8345655388506075,0.9652361456359622,0.9522247314460416,3.605551275463989,0.9427081894823309,0.8555366977283496,9595.0,52810.0,1902.0,1229.0
ANFC_002049.png,0.8067245981821591,0.6760590195453537,0.8333724478017633,0.7817281233041576,0.9652190690012064,0.948074340821105,5.735198189901163,0.8884389491969604,0.727185539868019,7102.0,55031.0,1983.0,1420.0
ANFC_002050.png,0.7899322362342786,0.6528000000793599,0.8350877193464655,0.7494096038442903,0.9846255393137899,0.9768218994144163,18.0,0.8332845229873296,0.7439473749553073,2856.0,61161.0,955.0,564.0
ANFC_002051.png,0.7694210787309695,0.6252513069460188,0.8529895776999509,0.7007661109955989,0.9895782650324176,0.9857788085939672,151.36181607134,0.8448555851170297,0.6781385897262977,1555.0,63049.0,664.0,268.0
ANFC_002052.png,0.759803921627499,0.6126482214969771,0.8502468459406216,0.6867523262353779,0.9889033635209628,0.9850463867189783,151.35653044562855,0.8436769760416597,0.6534874044041784,1550.0,63006.0,707.0,273.0
ANFC_002053.png,0.7652155424565346,0.6197158846646822,0.9332296123514547,0.648468468500138,0.9325182021006776,0.932601928711966,23.932869795409314,0.9017023350381561,0.5980599820972253,7198.0,53921.0,3902.0,515.0
ANFC_002054.png,0.8071596244244624,0.676670274557053,0.8175225868024819,0.7970560964537488,0.9693473846374668,0.9498596191413902,4.0,0.9247614640470933,0.7661073335934772,6877.0,55373.0,1751.0,1535.0
ANFC_002055.png,0.8371713682672629,0.7199438897829901,0.8718896772387439,0.8051121159172177,0.9619658196624833,0.9482116699226654,3.605551275463989,0.9470778403297035,0.8412798044185998,8725.0,53417.0,2112.0,1282.0
ANFC_002056.png,0.6691658856951822,0.5028169014862571,0.5845006367865198,0.7825133950846289,0.9851263345494574,0.9515228271491774,46.11668809546352,0.6867753592868266,0.6559806205182183,3213.0,59146.0,893.0,2284.0
ANFC_002057.png,0.8659307807366948,0.7635607827472817,0.8614733470760154,0.8704345816146053,0.9802619995073377,0.9644165039067931,3.0,0.9700925503304811,0.8751305027413674,7531.0,55673.0,1121.0,1211.0
ANFC_002058.png,0.8267452216327502,0.7046595819567139,0.8835847122736001,0.7767765190812594,0.970463488170568,0.9614105224615265,6.692949947745988,0.930101813344834,0.7596695279320977,6034.0,56973.0,1734.0,795.0
ANFC_002059.png,0.6833490714759719,0.5190054985035853,0.7183984116945072,0.6515606243019867,0.9609695421239668,0.938598632813437,62.745348091213145,0.8069137104410143,0.7103132509238709,4342.0,57170.0,2322.0,1702.0
ANFC_002060.png,0.8153785176523679,0.6883029979003877,0.8536099585305211,0.7804248862245182,0.9756851674484434,0.9644622802739798,12.529964086141668,0.8821981297609442,0.7474757280908955,5143.0,58064.0,1447.0,882.0
ANFC_002061.png,0.7467435802127492,0.5958426132445551,0.8030818491291694,0.6977916884282914,0.9374167296831692,0.9169311523450177,7.0710678118654755,0.8281205191118417,0.5678800946522877,8026.0,52066.0,3476.0,1968.0
ANFC_002062.png,0.7634234650825497,0.6173685522530067,0.6977890438392073,0.8426870748566859,0.9841704457947433,0.9531402587897776,25.432813793964634,0.8762541143565269,0.6182016433723683,4955.0,57510.0,925.0,2146.0
ANFC_002063.png,0.7443030482769603,0.5927409852479988,0.69245594722124,0.8045425464476831,0.9901298785217413,0.9736328125004025,17.75382461390754,0.816502406683432,0.6685163597136573,2515.0,61293.0,611.0,1117.0
ANFC_002064.png,0.7972357636579399,0.6628362729678571,0.8527389411124525,0.7485162458758157,0.9559936630882592,0.9422454833993189,6.0,0.8512337763223959,0.7311002002285474,7441.0,54310.0,2500.0,1285.0
ANFC_002065.png,0.7782031876254828,0.6369333916867901,0.783575398998821,0.7729041387030591,0.9785853666675798,0.9619903564458926,4.47213595499958,0.8787892514140562,0.8525113032539775,4370.0,58675.0,1284.0,1207.0
ANFC_002066.png,0.7560870191790746,0.6078295112800753,0.8303797468622817,0.693996297316319,0.9609227235888793,0.9483337402351635,5.0,0.8588452122401887,0.6478339946017436,5248.0,56902.0,2314.0,1072.0
ANFC_002067.png,0.8269044656555438,0.7048909841243499,0.8444162078435103,0.8101042936732894,0.9760149179686926,0.9617919921880831,3.605551275463989,0.9397039324033964,0.834223674481571,5981.0,57051.0,1402.0,1102.0
ANFC_002068.png,0.784326178090669,0.6451781423419519,0.8375152583971904,0.7374895497745743,0.9622096521850281,0.9481811523445408,4.06770809408968,0.8380575045061375,0.7941104982302981,6175.0,55965.0,2198.0,1198.0
ANFC_002069.png,0.8400210498723838,0.7241692185863481,0.8076144700471016,0.8751370614206226,0.9841922609754609,0.9628906250005663,13.341664064126334,0.872632879394159,0.8119410062668547,6385.0,56719.0,911.0,1521.0
ANFC_002070.png,0.8498495151125934,0.7389028881819245,0.8318603382616628,0.8686339296036648,0.9795462205747717,0.9588928222662524,9.848857801796104,0.9134684868054035,0.8197506700251369,7624.0,55218.0,1153.0,1541.0
ANFC_002071.png,0.7890719737649567,0.6516258247347284,0.7619506819449028,0.8181952662990836,0.9789110626837533,0.9548797607428761,7.211102550927978,0.8304710072991873,0.7321487851230605,5531.0,57048.0,1229.0,1728.0
ANFC_002072.png,0.7214271316547645,0.5642440486261636,0.7539498631232462,0.691594202958146,0.9737452499634186,0.9578247070318936,14.317821063276353,0.7832643754893079,0.7381887701643592,3579.0,59193.0,1596.0,1168.0
ANFC_002073.png,0.7670613757780835,0.6221407625187477,0.7708938953904626,0.7632667746423337,0.9780783582093204,0.9606781005865376,5.0,0.8620880353637941,0.8311031408073368,4243.0,58716.0,1316.0,1261.0
ANFC_002074.png,0.7799179033924902,0.6392339544886921,0.7716820795086626,0.7883314183852507,0.9711822574482709,0.9468231201179991,50.6732130527116,0.7711679925720268,0.6768221628712472,6175.0,55876.0,1658.0,1827.0
ANFC_002075.png,0.8717269228423417,0.7726205122723834,0.8819098685201188,0.8617764471230319,0.9807982253958928,0.9689788818364109,3.1622776601683795,0.9771164899715231,0.8337463977250665,6908.0,56595.0,1108.0,925.0
ANFC_002076.png,0.7480438184966842,0.5975000000774038,0.6964806097967987,0.8078523141425241,0.9879001228000344,0.9680633544926749,7.259407687774743,0.8765619997147914,0.7021108642335251,3107.0,60336.0,739.0,1354.0
ANFC_002077.png,0.8061624650040932,0.6752698264233897,0.7839113855485906,0.8297136267865244,0.9852404671078105,0.9683227539067335,5.83940430010299,0.9227484686431536,0.7700156262352867,4317.0,59143.0,886.0,1190.0
ANFC_002078.png,0.8222424795300267,0.6981424149774992,0.8652278178104424,0.7833260964900887,0.9921356637406481,0.9880981445314317,3.0,0.9566686871173671,0.8731803331859721,1804.0,62952.0,499.0,281.0
ANFC_002079.png,0.8350039777334922,0.7167440590260635,0.836734693894905,0.833280406495895,0.9719391391111043,0.9525299072272869,4.0,0.9569173778739806,0.7167040066443212,7872.0,54553.0,1575.0,1536.0
ANFC_002080.png,0.7983550765835529,0.6643851782185206,0.7610850757244877,0.8394632206919023,0.9703343130056882,0.9349060058603683,21.495322589817825,0.904278432302386,0.7496746171282108,8445.0,52825.0,1615.0,2651.0
ANFC_002081.png,0.6997571521826833,0.5381741982928049,0.792885906068069,0.6262058730386721,0.9392969045907913,0.9226531982433678,35.5989015403714,0.8388045976916491,0.5452026478154166,5907.0,54560.0,3526.0,1543.0
ANFC_002082.png,0.7569662686069052,0.6089667959203635,0.9678542727072256,0.6215379322534373,0.9242293783377953,0.9291992187510805,11.0,0.8836079803142819,0.3619904502452599,7226.0,53670.0,4400.0,240.0
ANFC_002083.png,0.8381339807205476,0.721368872857311,0.9007192215624427,0.7836809816216342,0.9698348875015855,0.962356567383387,5.0,0.9687896138115583,0.6575000433401677,6387.0,56682.0,1763.0,704.0
ANFC_002084.png,0.7263743051435223,0.5703200776362445,0.6269325088360238,0.8633093525380547,0.9834214790679092,0.9324035644541565,60.0,0.7884212418532057,0.6052856853861467,5880.0,55226.0,931.0,3499.0
ANFC_002085.png,0.8300404809479766,0.7094608552252157,0.797978624558785,0.864786604574495,0.9811340640812758,0.9570770263678425,16.810443691392127,0.9272490112376621,0.7708213756345157,6869.0,55854.0,1074.0,1739.0
ANFC_002086.png,0.8033245769000764,0.6712969627413778,0.9652281900067031,0.6879333235220583,0.9242746943975753,0.930313110352626,12.211867880060804,0.900892074836039,0.4913386853879622,9327.0,51642.0,4231.0,336.0
ANFC_002087.png,0.7786630655112314,0.6375497567848796,0.9447812551294804,0.6622257953758786,0.9505157067630691,0.9499816894538883,6.0,0.9620343445025333,0.5860624980563421,5766.0,56492.0,2941.0,337.0
ANFC_002089.png,0.6492805755658513,0.4806924101774642,0.6448347723065146,0.653788107507729,0.9609983338440443,0.9285888671885898,55.0,0.7454188082027607,0.6200186322595134,4332.0,56524.0,2294.0,2386.0
ANFC_002090.png,0.7890092546245061,0.6515402844014763,0.8577445016599993,0.7304729012047725,0.9656828752648511,0.9551239013678724,30.0,0.869055828861353,0.7191428228704345,5499.0,57096.0,2029.0,912.0
ANFC_002091.png,0.7297581493354534,0.5745033113052425,0.8078534844314987,0.6654308361460712,0.9557138747405663,0.9411773681649601,18.32054132952415,0.8184018361074463,0.6917786954355436,5205.0,56476.0,2617.0,1238.0
ANFC_002093.png,0.6898470098435859,0.5265392783829409,0.7075606278833376,0.672998643369743,0.9924844856083749,0.9863891601564578,6.4031242374328485,0.7576903404368655,0.5312245405336595,992.0,63652.0,482.0,410.0
ANFC_002094.png,0.8097800434428604,0.6803616751776076,0.8331390831714959,0.7876951331886695,0.980857123932224,0.9692535400395318,5.0990195135927845,0.8866359789618244,0.6641565859733883,4289.0,59232.0,1156.0,859.0
ANFC_002095.png,0.8043730650344066,0.6727625829951833,0.9001732351883558,0.727002448456278,0.9743753898687683,0.9691467285160958,7.0710678118654755,0.9180322850102998,0.5312396621101281,4157.0,59357.0,1561.0,461.0
ANFC_002096.png,0.7267277856617194,0.5707560233811254,0.6534559290889487,0.8185067514620704,0.9926741688308699,0.976348876953486,15.152246278385835,0.6327377968128025,0.6160439526372359,2061.0,61925.0,457.0,1093.0
ANFC_002097.png,0.7789378121078926,0.6379182157031181,0.798634812349167,0.7601890136561757,0.9869690112819641,0.9777069091800278,4.47213595499958,0.8906036137030561,0.6609491536478846,2574.0,61501.0,812.0,649.0
ANFC_002098.png,0.8186195826887882,0.6929347826782303,0.8634311512800702,0.7782299084999416,0.9859336688607251,0.9793090820315659,4.47213595499958,0.8932178226322981,0.7244756967636357,3060.0,61120.0,872.0,484.0
ANFC_002099.png,0.5532750313129975,0.3824327660048279,0.4672897197867683,0.6780402451102187,0.9881708159888752,0.9618072509771454,29.30864233738304,0.5535261013905559,0.2806204336999031,1550.0,61483.0,736.0,1767.0
ANFC_002100.png,0.7196117884105088,0.5620262526230307,0.6305745696679994,0.8379272326797333,0.9903154080541824,0.9638519287114892,70.09172121459387,0.7882973809257222,0.6086396734176596,3040.0,60127.0,588.0,1781.0
ANFC_002101.png,0.8004456824734879,0.6672859001175393,0.8199041315179401,0.7818894210313693,0.9836154034832211,0.9726715087894796,5.0990195135927845,0.9311402506138956,0.6860583081774732,3592.0,60153.0,1002.0,789.0
ANFC_002102.png,0.6597615320173719,0.4922717470358965,0.6234919190476913,0.7005115090280022,0.980848175588688,0.9568939208990953,55.40536884215615,0.7138434933139075,0.4815434646090145,2739.0,59972.0,1171.0,1654.0
ANFC_002103.png,0.7189172175892612,0.5611793613949979,0.7513157896372923,0.6891973447862418,0.9919551362160717,0.9863739013673956,7.751906704893817,0.7833167056677641,0.5050699703773653,1142.0,63501.0,515.0,378.0
ANFC_002105.png,0.7770163416507601,0.635344827743386,0.885285285354183,0.692343823535771,0.9897449546744259,0.9870910644533221,4.123105625617661,0.9261673061293176,0.6438031904359119,1474.0,63216.0,655.0,191.0
ANFC_002106.png,0.6573204220758317,0.4895586653413221,0.7962184874663101,0.559684961959221,0.9714582003833526,0.9638214111333646,34.00527697511711,0.8125070817346863,0.5385360771300172,2274.0,60891.0,1789.0,582.0
ANFC_002107.png,0.8567872781812959,0.7494556890775377,0.9592321189019267,0.7741129435470504,0.9514387523062754,0.952590942383536,8.154234499766936,0.9745491146576473,0.60118717608485,9294.0,53135.0,2712.0,395.0
ANFC_002108.png,0.8376048279709379,0.7205852606216314,0.9363062905259938,0.7577283040444038,0.9368648608710531,0.936767578125965,9.899494936611665,0.9253309719202548,0.4599063113589969,10687.0,50705.0,3417.0,727.0
ANFC_002109.png,0.6993464052560506,0.5376884422755879,0.7045911835184577,0.6941791314301352,0.971749155138728,0.9494628906257713,13.0,0.7444737894844407,0.7030029857906095,3852.0,58372.0,1697.0,1615.0
ANFC_002110.png,0.7272468309551883,0.5713965980784024,0.702918502243541,0.7533195633294011,0.9713069741904979,0.9415588378915168,8.564017153551502,0.7435008519555134,0.6494717314276788,5106.0,56600.0,1672.0,2158.0
ANFC_002111.png,0.7562592047256333,0.6080521018685568,0.8257523547179242,0.6975548224628804,0.9451522083416303,0.929290771485454,14.422205101855956,0.8441798159144625,0.5457306097507835,7189.0,53713.0,3117.0,1517.0
ANFC_002112.png,0.7093712930241699,0.5496323529963686,0.7164536741667007,0.7024275646511469,0.9679465550987255,0.9439239501961683,6.985410196624915,0.7339913480897651,0.634597150295277,4485.0,57376.0,1900.0,1775.0
ANFC_002113.png,0.8638235144683666,0.760289906964899,0.9547191011286833,0.788731086996312,0.959813546155099,0.9591217041021863,5.385164807134504,0.9067369447892762,0.5170979109426165,8497.0,54360.0,2276.0,403.0
ANFC_002114.png,0.702822213590477,0.5418087027187068,0.7843251089160159,0.636663525062049,0.97516548292063,0.9651336669927196,7.615773105863909,0.8130433068363048,0.6857180910823951,2702.0,60549.0,1542.0,743.0
ANFC_002115.png,0.7991057609699361,0.6654255928705793,0.7928069337478464,0.805505477755824,0.9448735334012367,0.9108734130872975,53.29188821838158,0.8177844377471666,0.45770871243883876,11617.0,48078.0,2805.0,3036.0
ANFC_002116.png,0.7100866336783165,0.5504917246701454,0.6674098488108365,0.7585940943412743,0.9603223469764519,0.9142150878919341,15.376549195196919,0.7644119599399619,0.5222004463870213,6885.0,53029.0,2191.0,3431.0
ANFC_002117.png,0.8323249784014518,0.7128053294122126,0.8389415223958465,0.8258119841541631,0.9711639131905815,0.9526367187507229,12.964911064067383,0.858020374016313,0.7020229806555074,7704.0,54728.0,1625.0,1479.0
ANFC_002118.png,0.6152289670066439,0.44428208879148795,0.6109994712204125,0.6195174263142609,0.9367343663640675,0.8897399902360575,26.944361662980516,0.7094134901367678,0.5161062855892293,5777.0,52533.0,3548.0,3678.0
ANFC_002119.png,0.8047032193281751,0.6732246186561573,0.905988956547361,0.7237869019654126,0.9582371350887036,0.9526062011725983,5.0,0.9107092522628019,0.736312387388845,6399.0,56031.0,2442.0,664.0
ANFC_002120.png,0.7766880847831875,0.6349060081427473,0.8775952108167628,0.6965928622286328,0.9479760769706513,0.9395446777352976,9.486832980505138,0.863540080281634,0.5334891002196027,6890.0,54684.0,3001.0,961.0
ANFC_002121.png,0.7606610424406957,0.6137635211462581,0.8699444885355685,0.6757700206004579,0.9744303920461447,0.9683990478520448,67.67569726275453,0.8489874706003596,0.7461721205212503,3291.0,60174.0,1579.0,492.0
ANFC_002122.png,0.7655690514803364,0.6201797293117757,0.8284455250222693,0.7115635604657318,0.9625137816985411,0.94905090332109,10.770329614269007,0.8474705568786963,0.6689477118387477,5452.0,56745.0,2210.0,1129.0
ANFC_002123.png,0.7750180854171645,0.632677165498946,0.8700595561071687,0.698695652304915,0.9891190001414826,0.9857635498049049,38.09492584521549,0.8645313047440425,0.7498957477940916,1607.0,62996.0,693.0,240.0
ANFC_002124.png,0.7615219721648551,0.6148853311088521,0.8648813147094092,0.680229775088504,0.9785381526107866,0.9728393554691646,93.60715772254167,0.8283539691914764,0.7194062473893541,2842.0,60914.0,1336.0,444.0
ANFC_002125.png,0.8544640696918423,0.7459076988334663,0.9751484191667612,0.7603617181870641,0.9618135968304631,0.9632873535161853,7.615773105863909,0.9752836768727194,0.49864814798990964,7063.0,56067.0,2226.0,180.0
ANFC_002126.png,0.7825481550495998,0.6427754480284453,0.8321816387383559,0.7385019711479408,0.9805803135778319,0.9714050292973114,7.0,0.837501298207418,0.5633529905310043,3372.0,60290.0,1194.0,680.0
ANFC_002127.png,0.8654588654721851,0.7628272251722815,0.8830303030539333,0.8485730926327756,0.9871257386196955,0.979263305664379,3.1622776601683795,0.9701698829718007,0.8343963027773119,4371.0,59806.0,780.0,579.0
ANFC_002128.png,0.7856321330809846,0.6469473991480479,0.8935399476970135,0.7009788443793845,0.9687288457415965,0.9630279541021267,15.510308921810427,0.8541104072660117,0.7682604744159075,4440.0,58673.0,1894.0,529.0
ANFC_002129.png,0.7545251169661862,0.6058131940552232,0.9235748070889781,0.6377858003029421,0.9657504185704294,0.9631652832036871,5.385164807134504,0.8771488315129585,0.687829612962263,3710.0,59412.0,2107.0,307.0
ANFC_002130.png,0.7263101026767899,0.5702409230454291,0.8098795181181012,0.6583741430639815,0.9715896132673315,0.9613494873052774,10.04987562112089,0.8736478346020509,0.7536540095109298,3361.0,59642.0,1744.0,789.0
ANFC_002131.png,0.7786189493172273,0.6374906086103819,0.8345901639615426,0.7296832449864292,0.9682683895287659,0.9558258056647366,32.724571726211565,0.821099499091182,0.7615309463041742,5091.0,57550.0,1886.0,1009.0
ANFC_002132.png,0.8036227082097325,0.671713441694767,0.8335115320248188,0.7758032414307928,0.9732662021737397,0.9593048095709336,4.123105625617661,0.9097301636084969,0.7585862010651111,5457.0,57412.0,1577.0,1090.0
ANFC_002133.png,0.7945419103514092,0.6591203105337774,0.8758057585140081,0.7270781306230684,0.9748694195332797,0.9678344726567409,5.0,0.9284076904891946,0.7515790201908991,4076.0,59352.0,1530.0,578.0
ANFC_002134.png,0.6353582791038694,0.4655861457669657,0.7804242650612488,0.5357690343546834,0.9710894365865632,0.963272094727123,55.123480497332764,0.7159811753775361,0.5851506830900471,2097.0,61032.0,1817.0,590.0
ANFC_002135.png,0.7096266307119179,0.5499389925832422,0.8003551497208637,0.6373737374469951,0.9708575510606413,0.9606018066412263,27.348697967222904,0.8128098446380427,0.6687442331642273,3155.0,59799.0,1795.0,787.0
ANFC_002136.png,0.8280072260743782,0.7064951632075587,0.9045869062332126,0.7633815759518284,0.9645981199201809,0.9578704833990804,4.947213595500006,0.9610905444880435,0.6922099936498842,6646.0,56129.0,2060.0,701.0
ANFC_002137.png,0.8011702016715944,0.6682935332633269,0.8155711551126203,0.7872689938835176,0.9829703295802914,0.9709625244145057,6.0,0.9072913313756503,0.8267417433026504,3834.0,59799.0,1036.0,867.0
ANFC_002138.png,0.774136793506771,0.6315034087272452,0.7556891370036226,0.7935076645937019,0.9765324770708887,0.9529876708991549,26.65354848265099,0.8504495544749969,0.6871550786090235,5280.0,57175.0,1374.0,1707.0
ANFC_002139.png,0.7125546533775697,0.5534640016391492,0.9381578947571849,0.5744209467121004,0.9661898361500546,0.9648895263677234,6.0,0.8118454362369939,0.7444699349314227,2852.0,60383.0,2113.0,188.0
ANFC_002140.png,0.7526533913117707,0.6034035657044726,0.8288067676249317,0.6893167932439702,0.9725116309551715,0.9626617431646324,13.440209671221162,0.7771034042449951,0.6683885247683617,3723.0,59366.0,1678.0,769.0
ANFC_002141.png,0.772340425558825,0.6291161179223731,0.8212669683707222,0.7289156627110852,0.9802625166512839,0.9706115722660735,3.605551275463989,0.9036344474311585,0.8426134814181212,3267.0,60343.0,1215.0,711.0
ANFC_002142.png,0.6615047972291693,0.4942152918777125,0.8554636482997547,0.5392425906862671,0.973449928051148,0.9693145751957808,50.20904312525446,0.794416509760907,0.6684057240353047,1965.0,61560.0,1679.0,332.0
ANFC_002143.png,0.79274988425,0.6566575342842019,0.7833703752407674,0.8023567220403914,0.9745020470921882,0.952194213867917,6.0,0.9137725991454031,0.7683438411710207,5992.0,56411.0,1476.0,1657.0
ANFC_002144.png,0.5831441544291793,0.4115762068072148,0.6346510192604536,0.5393700788610577,0.9718289511706343,0.9551696777350591,80.7898328814576,0.607776375678245,0.4799167733931767,2055.0,60543.0,1755.0,1183.0
ANFC_002145.png,0.7890982257308031,0.651661631455019,0.7896278218682578,0.7885693395334427,0.9697424181655405,0.947219848633618,7.0,0.8478542715433753,0.6368210462226738,6471.0,55606.0,1735.0,1724.0
ANFC_002146.png,0.8046020849348715,0.673083058633087,0.9442040877302396,0.7009635618893606,0.9541073887111977,0.9530944824225909,5.0,0.9651937104776818,0.6950636541008254,6329.0,56133.0,2700.0,374.0
ANFC_002147.png,0.7394234369394025,0.5865755866369801,0.6673424565522313,0.8289611752719913,0.9863294026873823,0.9575195312506483,23.31195683847362,0.7824670153159229,0.6907705382877535,3950.0,58802.0,815.0,1969.0
ANFC_002148.png,0.5587375804268355,0.38767234400087747,0.6012578617606108,0.5218340612658751,0.9719032651232936,0.9539184570319532,126.74778080008764,0.6012501855447754,0.558193770582813,1912.0,60604.0,1752.0,1268.0
ANFC_002149.png,0.7557167639558876,0.6073510774125853,0.8936963819866854,0.6546448088375287,0.9798902235306676,0.9763641357425482,4.0,0.9274124878135244,0.8047029877445009,2396.0,61591.0,1264.0,285.0
ANFC_002150.png,0.7873039959803612,0.649217935422478,0.8999710899392972,0.6997077995730033,0.9784783414150413,0.9743347167972667,3.0,0.9242851533505652,0.8604087803668357,3113.0,60741.0,1336.0,346.0
ANFC_002151.png,0.809896536229429,0.6805261566857385,0.8563546423408762,0.7682198327755214,0.9774717982750917,0.9677581787114296,12.041594578792296,0.8668794789101629,0.8114314064738154,4501.0,58922.0,1358.0,755.0
ANFC_002152.png,0.777325739103397,0.6357586513404675,0.9046717171917779,0.6814075131270554,0.9669320873919628,0.962417602539636,10.921596885873972,0.9004450152526788,0.7945275414024288,4299.0,58774.0,2010.0,453.0
ANFC_002153.png,0.7401722201584817,0.587518573592123,0.8170546907539531,0.6765142010178494,0.9513358614899302,0.9364624023447196,40.551797819134116,0.8207601870232399,0.602902560050432,5931.0,55441.0,2836.0,1328.0
ANFC_002154.png,0.794969115145124,0.6597084980657475,0.8372785703343347,0.7567299518621805,0.9709755396661262,0.9579620361334541,7.0,0.9185211531047188,0.5176740907589891,5341.0,57440.0,1717.0,1038.0
ANFC_002155.png,0.8102843228600486,0.681073922484886,0.8574460022843922,0.7680401873757355,0.934716570185233,0.9191589355481087,5.385164807134504,0.9096003568664441,0.6770692995726377,11314.0,48924.0,3417.0,1881.0
ANFC_002156.png,0.8363794132091557,0.7187733035310614,0.8312850366719184,0.8415366146631522,0.9741912548884787,0.95396423339914,5.0,0.9215516236260193,0.7481306639757104,7711.0,54808.0,1452.0,1565.0
ANFC_002157.png,0.868534217970971,0.767618633970288,0.8790101964835849,0.8583050024455676,0.979702229798245,0.9673461914067484,5.830951894845301,0.9774649118632734,0.6100337069403378,7069.0,56327.0,1167.0,973.0
ANFC_002158.png,0.7745046157597163,0.6319930909095103,0.7813501008682703,0.7677780368654957,0.9651181116156492,0.9414825439462056,10.064691961727345,0.8746430765452513,0.6357720906547181,6586.0,55115.0,1992.0,1843.0
ANFC_002159.png,0.8189134808954329,0.6933560477291921,0.8821192053122072,0.7641597997533994,0.9604934388712325,0.9505615234382545,26.985164807134485,0.899583427621971,0.7333818890812913,7326.0,54970.0,2261.0,979.0
ANFC_002160.png,0.7717786227484766,0.6283709411628549,0.8623489426241788,0.6984248356478935,0.967264276228963,0.9587860107428164,11.836067977499566,0.8872579129349478,0.6863684529684355,4567.0,58268.0,1972.0,729.0
ANFC_002161.png,0.7964366286922869,0.6617321926692558,0.8465322184153306,0.7519388312668555,0.9604382969834778,0.946304321289882,6.4031242374328485,0.8787603609235699,0.7495036898055506,6884.0,55133.0,2271.0,1248.0
ANFC_002162.png,0.8667623358060071,0.7648548607281458,0.8796773470894379,0.8542210618087227,0.9763292704473356,0.9631652832036871,9.406646423541414,0.9159189866460142,0.7910732415660336,7852.0,55270.0,1340.0,1074.0
ANFC_002163.png,0.7726705690650926,0.6295543393855271,0.854051760743731,0.705449448097871,0.9723619742860747,0.9638519287114892,5.0,0.8827169350416875,0.6841194448080937,4026.0,59141.0,1681.0,688.0
ANFC_002166.png,0.7068520523098116,0.5466134432723908,0.7404500262095849,0.6761707550691031,0.9660050499144524,0.9462738037117574,49.85706550052958,0.7795567872216488,0.5429778610620807,4245.0,57770.0,2033.0,1488.0
ANFC_002167.png,0.8601924022287626,0.7546821094437306,0.89442172898738,0.8284864060829857,0.9783942202839014,0.9696197509770261,5.0,0.9366291773322857,0.8266147623468441,6125.0,57420.0,1268.0,723.0
ANFC_002168.png,0.7853074621206049,0.646507192271596,0.8293404016893322,0.7457145476445399,0.9502216160936311,0.9321289062510357,9.481547795660266,0.8705330541202295,0.7139743834719586,8135.0,52953.0,2774.0,1674.0
ANFC_002169.png,0.7451388437442193,0.5938018242543738,0.7944806545840409,0.7015674749324556,0.9582168881275916,0.9402008056649751,19.18849280474737,0.8763092340744016,0.6787264677266042,5729.0,55888.0,2437.0,1482.0
ANFC_002170.png,0.83392652471292,0.7151577858546138,0.863460337306251,0.8063462436063525,0.9711459908576047,0.9579925537115785,5.0,0.9490959386725517,0.7548763329337318,6912.0,55871.0,1660.0,1093.0
ANFC_002171.png,0.8446546664982851,0.731084154683011,0.8763973461895486,0.8151310228389577,0.9598958428848606,0.9458770751961385,5.0,0.9456588535567764,0.7474394058834681,9643.0,52346.0,2187.0,1360.0
ANFC_002172.png,0.8197967446236638,0.6946233548453342,0.824223292935002,0.8154174885247506,0.9811314414372174,0.9667205810551954,26.0,0.921819220253918,0.7092658285413079,4961.0,58394.0,1123.0,1058.0
ANFC_002173.png,0.7410019707767864,0.5885648377675786,0.7312180143846022,0.7510513036688284,0.9804784752109532,0.961898803711519,21.5962880464951,0.8126754744982506,0.6358147723967468,3572.0,59467.0,1184.0,1313.0
ANFC_002174.png,0.7358490566439669,0.5820895523394103,0.6875177709162588,0.7914893617703799,0.9897289540303822,0.9735107421879043,32.78184683228567,0.8384019525537018,0.6919131246698569,2418.0,61382.0,637.0,1099.0
ANFC_002175.png,0.6181315761910796,0.4473157976546199,0.7533678757115627,0.5240583889846714,0.957179453921182,0.9451751708992742,44.2695887768871,0.6489621428364882,0.571804491375372,2908.0,59035.0,2641.0,952.0
ANFC_002176.png,0.6597880647434763,0.4923012901597375,0.6436343852982496,0.6767734554700304,0.9817329453607867,0.9627685546880682,69.92237703418729,0.7078668610572152,0.5240534110382721,2366.0,60730.0,1130.0,1310.0
ANFC_002177.png,0.7838130274988233,0.6444839858072973,0.8213151927707762,0.7495860927497812,0.9691960421586667,0.9542694091803854,12.877188724235763,0.8893320104245385,0.7126592981082175,5433.0,57106.0,1815.0,1182.0
ANFC_002178.png,0.791501070025107,0.6549456109720534,0.8222963316146902,0.7629291292525521,0.9728388392786367,0.9583740234381353,5.0,0.8788805677095173,0.6887692555452115,5178.0,57630.0,1609.0,1119.0
ANFC_002179.png,0.7766151046575208,0.6348084790337414,0.8021616541663281,0.7526455026818569,0.9715478766572297,0.955047607422561,7.02487373415291,0.8670704182167553,0.7562047819708396,5121.0,57469.0,1683.0,1263.0
ANFC_002180.png,0.6899376338369229,0.526644877145567,0.7644389439429787,0.628668363082499,0.9639302662805838,0.9491729736335882,18.94299641360589,0.8529691387792624,0.5306576515815222,3706.0,58499.0,2189.0,1142.0
ANFC_002181.png,0.8132848257356364,0.6853243671197267,0.8280559206801223,0.7990314770207504,0.9695103818641959,0.951446533203866,11.045361017187261,0.9165419203752627,0.6587241543797041,6930.0,55424.0,1743.0,1439.0
ANFC_002182.png,0.7771094690192285,0.6354693649141457,0.7856150104983964,0.7687861272462475,0.9891474352837762,0.9802093505862396,4.218733674818955,0.9127971146040798,0.7126523932784451,2261.0,61978.0,680.0,617.0
ANFC_002183.png,0.7543410191069825,0.6055758684630768,0.7625899281258733,0.7462686567878714,0.9854820257490939,0.973663330078527,42.732303000784334,0.8189504284872059,0.6778137949316108,2650.0,61160.0,901.0,825.0
ANFC_002184.png,0.8490137036902222,0.7376401495208073,0.897725795984701,0.8053159244806114,0.9711277467545317,0.9625091552740097,4.242640687119285,0.9432389443017016,0.8040839694443335,6908.0,56171.0,1670.0,787.0
ANFC_002185.png,0.7989938991866107,0.6652704750320586,0.7937267411170944,0.8043314298239057,0.9676471112225393,0.9426879882821246,8.0,0.9091907209394398,0.5976824570551603,7465.0,54315.0,1816.0,1940.0
ANFC_002186.png,0.8420791588214424,0.7272337873959365,0.8886213754958001,0.80016966728248,0.9621313613067872,0.9514160156257414,5.0,0.9747693388915228,0.6838611434438672,8489.0,53863.0,2120.0,1064.0
ANFC_002187.png,0.7170787809356834,0.5589421784612367,0.9506988564293014,0.5756270196067661,0.9552279995461888,0.9549560546881875,68.06614430096654,0.7474498837741532,0.6337204922746397,3741.0,58843.0,2758.0,194.0
ANFC_002188.png,0.8321212121296908,0.7125064867918607,0.8815409309918094,0.7879483500920184,0.9605452830531482,0.949279785157024,5.385164807134504,0.948660310580072,0.6514764745965052,8238.0,53974.0,2217.0,1107.0
ANFC_002189.png,0.7331390957447783,0.5787052811620603,0.7270976027981383,0.739281828130733,0.9803167718194612,0.9622650146490134,88.09635132076791,0.7426078928474568,0.5663684377583355,3397.0,59666.0,1198.0,1275.0
ANFC_002190.png,0.8071663228738954,0.6766796900226298,0.8656997705780318,0.756046944342633,0.9360796519924983,0.9229736328136754,8.0,0.8961333095988822,0.5418391000532643,10565.0,49923.0,3409.0,1639.0
ANFC_002191.png,0.7914566095904769,0.6548847280820989,0.8547086692831262,0.7369213129040475,0.9313895897592489,0.9173126220715743,46.61541471868481,0.8100945056120088,0.5005906480633321,10283.0,49834.0,3671.0,1748.0
ANFC_002192.png,0.8076882234359304,0.6774136088637858,0.8841101941318017,0.7434268400211683,0.9538931726774649,0.9447326660164684,7.990512483795298,0.9114644429574998,0.5407168199967378,7606.0,54308.0,2625.0,997.0
ANFC_002193.png,0.7626543957518374,0.6163632805229631,0.9289085545827569,0.6468775678259164,0.9414868268782509,0.9401855468759128,21.55457140345347,0.8748193610703242,0.6823925954672218,6298.0,55318.0,3438.0,482.0
ANFC_002194.png,0.7471518149123773,0.5963626110818606,0.8523070723650399,0.6650943396752996,0.9648358179392661,0.9563140869147292,15.523873859327802,0.8888684739538778,0.6825467673604957,4230.0,58443.0,2130.0,733.0
ANFC_002195.png,0.7501239464757788,0.6001586672484254,0.8926253687526794,0.6468576315167653,0.9590081222815336,0.9538574218757042,9.93931582049222,0.8814936499622609,0.5868675192133667,4539.0,57973.0,2478.0,546.0
ANFC_002196.png,0.8442173479755462,0.7304291568405371,0.8756463288842693,0.8149663138077559,0.9875299993515676,0.9809265136721661,4.0,0.9432153569427861,0.7324655493833533,3387.0,60899.0,769.0,481.0
ANFC_002197.png,0.8016905071682632,0.6690179056336113,0.8835542816403522,0.7337102053356576,0.970143776896118,0.9627685546880682,5.0,0.9313782583835629,0.7151971264424626,4932.0,58164.0,1790.0,650.0
ANFC_002198.png,0.743551248823287,0.5917879644154043,0.8523153942659081,0.6594045025829818,0.9524212092527996,0.9426574707040001,13.038404810405298,0.8541349956685014,0.7655940362336625,5448.0,56330.0,2814.0,944.0
ANFC_002200.png,0.7232289951716521,0.5664516131829344,0.8574218751392364,0.6253561256229657,0.9918464781747296,0.9897460937501565,6.308327554319899,0.833976340916489,0.6474868073032551,878.0,63986.0,526.0,146.0
ANFC_002202.png,0.8861346411107386,0.795549151473299,0.930872986143605,0.8454994044712013,0.9668975574194878,0.9610290527349697,4.123105625617661,0.9700954592349601,0.736821169214436,9938.0,53044.0,1816.0,738.0
ANFC_002203.png,0.7960167549359032,0.6611526848285214,0.8541383989392574,0.7453011691956044,0.9711435278341525,0.9606170654302886,5.385164807134504,0.9718406032274176,0.7708785090066476,5036.0,57919.0,1721.0,860.0
ANFC_002204.png,0.7564153178242072,0.6082539683037138,0.829580879835542,0.6951095632426194,0.9648438807274716,0.9529266357429059,6.708203932499369,0.9063015116110947,0.7121472963070046,4790.0,57661.0,2101.0,984.0
ANFC_002205.png,0.7239361702372397,0.5673197166086814,0.8182364729823173,0.6491255962402026,0.9635483764416551,0.9524841308601001,10.0,0.8592283595774818,0.6864243493921844,4083.0,58339.0,2207.0,907.0
ANFC_002206.png,0.7228714524537477,0.5660130719764681,0.8717285016187148,0.617437360029041,0.9697384746778108,0.9645385742192912,28.09356719159166,0.8133663365255572,0.6782534867306867,3031.0,60181.0,1878.0,446.0
ANFC_002208.png,0.8433417236068823,0.7291191710031697,0.9439227260581412,0.7621317157884075,0.9393983994123927,0.9401702880868505,5.0990195135927845,0.9555497872570261,0.7497439966316242,10554.0,51061.0,3294.0,627.0
ANFC_002209.png,0.7891827872171661,0.6517769807856683,0.9044430368378932,0.6999789901463702,0.9213728549156397,0.9185180664074934,9.0,0.9024735341794485,0.5937139095128979,9995.0,50201.0,4284.0,1056.0
ANFC_002210.png,0.8209748626082992,0.6963166743316279,0.9125688532886761,0.7460902317410881,0.9441774225496539,0.9393615722665504,5.0,0.92688135622374,0.7919389505151823,9112.0,52450.0,3101.0,873.0
ANFC_002211.png,0.7783054236533239,0.6370703764568283,0.80527540730926,0.7530834341190582,0.9432094187458383,0.9187927246106142,17.055675991150245,0.8331140216706233,0.5574555608827044,9342.0,50872.0,3063.0,2259.0
ANFC_002212.png,0.7951536469883651,0.6599626956726978,0.840528816376727,0.7544266246635369,0.9525727790318943,0.9360198974619138,8.0,0.8742741149367009,0.7474794831248566,8138.0,53205.0,2649.0,1544.0
ANFC_002213.png,0.7654582259953322,0.6200342848908076,0.897507821782554,0.6672816235126909,0.9262800575839074,0.922210693360562,11.045361017187261,0.8900396940994468,0.6955964696839746,8319.0,52119.0,4148.0,950.0
ANFC_002214.png,0.7022103861676585,0.541081835382001,0.7472228519896597,0.6623128705252374,0.9407377367150838,0.9146881103528643,22.193454357675133,0.8018689313383188,0.6077944685123621,6592.0,53353.0,3361.0,2230.0
ANFC_002215.png,0.7203645910873154,0.5629451843014134,0.87644648024633,0.6114708603471978,0.919287211741452,0.9138641357435019,33.009087431738934,0.8035034981039532,0.6922091398173372,7271.0,52620.0,4620.0,1025.0
ANFC_002216.png,0.7677586613354815,0.6230586795483851,0.8471861021692306,0.7019479400360328,0.938164976844265,0.9248199462902098,10.198039027185569,0.8357912671189216,0.5533087194904749,8144.0,52465.0,3458.0,1469.0
ANFC_002217.png,0.8231511254090373,0.6994535519330974,0.8927637314827582,0.7636092468483513,0.9413679576824369,0.9328613281260245,5.0,0.9420596880357801,0.6528242896407299,10240.0,50896.0,3170.0,1230.0
ANFC_002218.png,0.8063700167513496,0.6755611270489755,0.8631683319454528,0.7565851049768294,0.9305484024810577,0.917068481446578,12.083045973594572,0.8703775520796146,0.5433237531320397,11317.0,48784.0,3641.0,1794.0
ANFC_002219.png,0.8286288330480344,0.7074007423401529,0.8616933826646326,0.7980079934150854,0.9374926381103009,0.920608520509024,4.242640687119285,0.9552805226390174,0.742763801556564,12579.0,47754.0,3184.0,2019.0
ANFC_002220.png,0.8063516004773609,0.675535275558053,0.8437527400400041,0.77212549147299,0.9475346843777589,0.9294738769542013,4.0,0.9214341704630388,0.747027839088209,9623.0,51291.0,2840.0,1782.0
ANFC_002221.png,0.7390440669826471,0.5860982510554207,0.8287870522068752,0.6668373692540173,0.9164985881419102,0.9017791748061863,8.593577038783858,0.8373050706286349,0.528106597183121,9115.0,49984.0,4554.0,1883.0
ANFC_002222.png,0.7938092860782466,0.6581125828016726,0.8286799196017661,0.7617548422584522,0.9331925918830594,0.9117736816419714,5.385164807134504,0.8912882633308199,0.6884582234990716,11130.0,48624.0,3481.0,2301.0
ANFC_002223.png,0.6993420717244178,0.5376833189916334,0.6973858203949358,0.7013093289994569,0.9475810070918664,0.9100494384779352,19.94703240565808,0.8244119833833731,0.701650776396111,6856.0,52785.0,2920.0,2975.0
ANFC_002224.png,0.8155776267738851,0.6885868126323077,0.833618294525153,0.7983012689522819,0.9649150913175102,0.9461669921883216,5.385164807134504,0.9198733408435403,0.7528030268187573,7801.0,54207.0,1971.0,1557.0
ANFC_002225.png,0.8270958083924778,0.705169112981569,0.8702745274673409,0.7879991850256725,0.9632643694399932,0.9506530761726281,5.91547594742265,0.9202879849045633,0.8026223238776357,7735.0,54567.0,2081.0,1153.0
ANFC_002226.png,0.8042826552546346,0.6726361031753126,0.9184272300549269,0.7153740667594565,0.9324558866081057,0.9302673339854391,7.0710678118654755,0.8945734665187984,0.6988341481401245,9390.0,51576.0,3736.0,834.0
ANFC_002227.png,0.7842490377792899,0.6450737545473787,0.8985268462978749,0.6957598499290236,0.9265819116967913,0.9221649169933752,5.70037866083061,0.913388608454793,0.686491499131574,9271.0,51164.0,4054.0,1047.0
ANFC_002228.png,0.8107822410224922,0.6817777777995365,0.8960280373925208,0.7403474903667696,0.9357263637712151,0.9289855957042087,5.385164807134504,0.9238818885419794,0.7592573208983482,9971.0,50911.0,3497.0,1157.0
ANFC_002229.png,0.7752917839288052,0.6330420370925839,0.8278002167443799,0.7290473711843617,0.94361289157816,0.9256744384776967,9.0,0.8753927924068989,0.6019394581748809,8403.0,52262.0,3123.0,1748.0
ANFC_002230.png,0.6731852218780132,0.507369403031029,0.7089416058773538,0.6408624956237937,0.9473247615106574,0.9194183349621672,7.0710678118654755,0.7465683020997118,0.6777101413010802,5439.0,54816.0,3048.0,2233.0
ANFC_002231.png,0.6097474628504987,0.43858755628226914,0.5818693694164562,0.6404313337084245,0.9487962439997741,0.899078369142165,50.58458054524929,0.7027308137745049,0.45562321153483815,5167.0,53755.0,2901.0,3713.0
ANFC_002232.png,0.8380644509628212,0.7212658668300065,0.8350276799360817,0.8411233904652617,0.9718170536506211,0.9510803222663715,5.0,0.9384820175892649,0.8672865829908171,8296.0,54034.0,1567.0,1639.0
ANFC_002233.png,0.7723669309357413,0.6291512915617882,0.8219696970003496,0.7284101312590159,0.9701982319854976,0.9570617675787803,5.656854249492381,0.8842298242305733,0.7129586678726033,4774.0,57948.0,1780.0,1034.0
ANFC_002234.png,0.8267616967533907,0.7046835195176248,0.920242258814276,0.750521775445212,0.9333618270690472,0.9310150146494902,4.47213595499958,0.9437058385575098,0.7906941200271203,10788.0,50227.0,3586.0,935.0
ANFC_002235.png,0.8371398079062359,0.7198972100110227,0.9304863582526114,0.7608147429911916,0.9568171470606098,0.9534301757819607,4.0,0.9485056340410286,0.809142286036243,7844.0,54640.0,2466.0,586.0
ANFC_002236.png,0.8271068636135624,0.7051851852337144,0.9005675846330529,0.7647268832979781,0.9783148784945735,0.9726715087894796,5.0,0.9434611862827952,0.7229375293913345,4284.0,59461.0,1318.0,473.0
ANFC_002237.png,0.7392055267858254,0.5863013699020971,0.9264069264179121,0.614942528773787,0.9339531247355584,0.9331817626963321,54.25255208325463,0.8566129310429657,0.7282315652124333,6206.0,54951.0,3886.0,493.0
ANFC_002238.png,0.7467030025915274,0.5957909451272975,0.7814218782051923,0.7149380300330875,0.9450985318937309,0.9205780029308995,4.123105625617661,0.8509776635549325,0.7382016872891448,7672.0,52659.0,3059.0,2146.0
ANFC_002239.png,0.739788137350489,0.5870347354231024,0.7954968531339867,0.6913713405476601,0.9261634872375604,0.9036712646499074,11.704699910719626,0.8235389907030602,0.696444522748573,8974.0,50249.0,4006.0,2307.0
ANFC_002240.png,0.7773264625779129,0.6357596192348512,0.8212913143964525,0.7378294395514065,0.9605404469087037,0.9439544677742928,10.42583887211821,0.86658786725368,0.5893321304642665,6411.0,55452.0,2278.0,1395.0
ANFC_002241.png,0.7805450279831915,0.6400769572561731,0.9116779089469143,0.6823919217669303,0.928168712533397,0.9257812500011325,7.0,0.9364261337986488,0.5720953929170697,8650.0,52022.0,4026.0,838.0
ANFC_002242.png,0.7872912423711897,0.6492005911830444,0.8772694263001752,0.714053494922857,0.9290168745427546,0.9203186035168409,5.656854249492381,0.8958397200631741,0.6465508977239964,9664.0,50650.0,3870.0,1352.0
ANFC_002243.png,0.7577080674576673,0.6099275441105302,0.8149111400354123,0.708009038449911,0.9603173249175072,0.9449615478524024,17.022039774444803,0.826332037026877,0.6706952688526705,5640.0,56289.0,2326.0,1281.0
ANFC_002244.png,0.8378308116342832,0.7209198282282642,0.8912610619589313,0.7904444226635491,0.962192013594552,0.9524078369147888,5.0,0.938297371289628,0.6818765282149518,8057.0,54360.0,2136.0,983.0
ANFC_002245.png,0.7009954058383745,0.5396404362373868,0.8607019743245531,0.5912809472991086,0.9358116103740101,0.9284973144542161,21.639784497225474,0.7710503767546522,0.3172048744822526,5493.0,55357.0,3797.0,889.0
ANFC_002246.png,0.811280444390102,0.6824826264332229,0.9169349645935893,0.7274584929989393,0.9430609413365282,0.9393463134774881,6.324555320336759,0.9379944625215066,0.5854885409158468,8544.0,53017.0,3201.0,774.0
ANFC_002247.png,0.732026143835759,0.5773195877405976,0.6928934011126607,0.7758436945734125,0.9898852269814394,0.9756011962894349,73.93505269384998,0.7696029364418943,0.6620751180020132,2184.0,61753.0,631.0,968.0
ANFC_002248.png,0.8021164021325099,0.6696113074653967,0.7951904454817317,0.8091640663804953,0.9804179305699289,0.9629058837896286,8.94427190999916,0.8773630153024805,0.5368855725199638,4927.0,58178.0,1162.0,1269.0
ANFC_002275.png,0.8981903049356013,0.8151954997003128,0.9692015523103623,0.8368743761701929,0.9571736078622897,0.9593963623053071,9.486832980505138,0.9251865328377906,0.5564898841810032,11738.0,51137.0,2288.0,373.0
ANFC_002276.png,0.8658965344090314,0.7635075287996287,0.9183034822612488,0.8191483043404912,0.9397232614775279,0.9348144531259948,9.0,0.9388892056143338,0.581988510355226,13792.0,47472.0,3045.0,1227.0
ANFC_002277.png,0.7914261494453063,0.6548430193951341,0.8314673452220978,0.7550643148921617,0.9408328061634199,0.9211578369152656,8.246211251235321,0.8924084399533095,0.6418642981679452,9803.0,50566.0,3180.0,1987.0
ANFC_002278.png,0.7786730454627551,0.637563137858204,0.8258779543562721,0.7365725854785551,0.9618929488179941,0.9463500976570688,8.06225774829855,0.8202431793002579,0.7037795163708912,6185.0,55835.0,2212.0,1304.0
ANFC_002279.png,0.7458241272759247,0.594672679896084,0.7386433260622631,0.7531459170233694,0.9488828519164517,0.9122314453138394,22.980350850198203,0.8250988328652928,0.5708083931374478,8439.0,51345.0,2766.0,2986.0
ANFC_002280.png,0.7627078941342992,0.6164331692903793,0.8187075685417767,0.7138785354402677,0.9546733354181051,0.9381713867196936,19.75327307043447,0.8780292767854754,0.49705660981702066,6512.0,54972.0,2610.0,1442.0
ANFC_002281.png,0.8170030632446392,0.6906214529163861,0.8647184224671595,0.77427821524105,0.9477136224631026,0.933456420899453,5.0,0.922311292847669,0.692220683149511,9735.0,51440.0,2838.0,1523.0
ANFC_002282.png,0.843496181364802,0.7293501048501729,0.9128837575553813,0.7839116719486354,0.9668819283771302,0.9606018066412263,5.0,0.9213205052014646,0.8359274873820097,6958.0,55996.0,1918.0,664.0
ANFC_002283.png,0.8236594409646442,0.7001879129720442,0.8649195058131847,0.7861566732603174,0.9397865123332289,0.9245300292980266,5.830951894845301,0.9155118487552526,0.764835303068656,11551.0,49039.0,3142.0,1804.0
ANFC_002284.png,0.8280670785676905,0.706582316658144,0.8969407265971433,0.7690163934804891,0.9766358239648354,0.9702758789067036,6.082762530298219,0.9222987334600515,0.8064666440880613,4691.0,58897.0,1409.0,539.0
ANFC_002285.png,0.8273846796256121,0.7055891776956943,0.897238569511716,0.7676219984958129,0.9803658496681769,0.9747619628910102,9.0,0.8663949749890706,0.38063138653963685,3964.0,59918.0,1200.0,454.0
ANFC_002286.png,0.7764746169183739,0.634620766913711,0.8736274321183535,0.6987673344069696,0.9676029497063948,0.9601593017584206,7.0,0.8405062808468524,0.751939252044885,4535.0,58390.0,1955.0,656.0
ANFC_002287.png,0.6365840801648304,0.4669038045983755,0.5864413365216702,0.6961032972801237,0.9781744717497156,0.9474029541023652,82.28907726836209,0.6447462049453709,0.38691269542898205,3019.0,59070.0,1318.0,2129.0
ANFC_002288.png,0.7586811086525421,0.6111895291144374,0.9331896551855036,0.6391572732636666,0.9555037066462221,0.9537658691413305,9.219544457292887,0.8603807267270001,0.5676506181949478,4763.0,57743.0,2689.0,341.0
ANFC_002289.png,0.7422222222471283,0.5901060071301112,0.7909802306855477,0.6991263196761691,0.9727587343445492,0.9592895507818713,50.237432926682935,0.8568681949338671,0.5918307407918801,3841.0,59027.0,1653.0,1015.0
ANFC_002290.png,0.8142857142965875,0.6867469879827428,0.890396927030679,0.7501618123246859,0.959879430413334,0.9515991210944886,5.0,0.9356628039709317,0.7308282624329637,6954.0,55410.0,2316.0,856.0
ANFC_002291.png,0.8197941756174845,0.6946196660765659,0.9030390738177715,0.7506014434893142,0.9565369296353061,0.9497680664070166,4.0,0.969809685851001,0.739300603473092,7488.0,54756.0,2488.0,804.0
ANFC_002292.png,0.7494429314341766,0.5992872698872216,0.8840537383346884,0.6504082510044684,0.9445542529998543,0.9382324218759426,6.0,0.8624508746653345,0.6614659415822093,6054.0,55434.0,3254.0,794.0
ANFC_002293.png,0.7345012063637364,0.5804045093533812,0.8020618557154496,0.6774380805577712,0.9727485246281286,0.9613800048834019,58.309518948453004,0.8292929854885204,0.5390242136055051,3501.0,59504.0,1667.0,864.0
ANFC_002296.png,0.7482014388712851,0.5977011494823753,0.8181818182171364,0.6892488954853135,0.968553354971707,0.9567413330084726,10.08691647263706,0.8840187886151547,0.5223784654692818,4212.0,58489.0,1899.0,936.0
ANFC_002297.png,0.6690845423125207,0.5027250517754698,0.7636311733475217,0.5953705765423167,0.9706930182327037,0.9596252441412412,80.77251947219199,0.7845506953888192,0.44131454027508993,2675.0,60215.0,1818.0,828.0
ANFC_002298.png,0.7764390897070657,0.6345733041975303,0.8601512680023504,0.7075759424536323,0.9592298402878024,0.9490356445320277,5.0,0.8796879593444691,0.6730230965572876,5800.0,56396.0,2397.0,943.0
ANFC_002299.png,0.7065185900814565,0.5462147230780625,0.68849990594984,0.7255057517402804,0.9770187469907341,0.9536285400397702,13.579293539486171,0.7691002427125849,0.46489820493394685,3658.0,58839.0,1384.0,1655.0
ANFC_002300.png,0.7022407900016863,0.5411179397803456,0.844292237478472,0.6011053316643197,0.9598731113879281,0.9521484375007303,20.549693105973112,0.7202002646412801,0.6093289638589134,3698.0,58702.0,2454.0,682.0
ANFC_002301.png,0.6168224300007815,0.44594594614297806,0.7450980393671431,0.5262274445966314,0.9823187634099836,0.9762268066409878,54.56628838155542,0.6667473943697315,0.5666700759859672,1254.0,62724.0,1129.0,429.0
ANFC_002302.png,0.8219024780318224,0.6976523273581691,0.9108788093708577,0.7487620157662741,0.9711981566825085,0.9660034179692688,20.35443962019261,0.8863978413987513,0.7804994708830856,5141.0,58167.0,1725.0,503.0
ANFC_002303.png,0.8095176010554421,0.6799912386726545,0.8624809001441199,0.762682717140071,0.9668820816982896,0.9554138183600555,7.615773105863909,0.8953205960128525,0.7350880915937676,6209.0,56405.0,1932.0,990.0
ANFC_002305.png,0.8804832713810185,0.7864851403132588,0.9613394216173171,0.8121731676114725,0.960650850380549,0.960754394531849,8.06225774829855,0.9421047623752674,0.6018197505844496,9474.0,53490.0,2191.0,381.0
ANFC_002306.png,0.8236356599262266,0.7001535424764035,0.9167145318901904,0.7477160927913192,0.9632247490274666,0.9582824707037617,5.0,0.9506339642641471,0.7164143374309558,6384.0,56418.0,2154.0,580.0
ANFC_002307.png,0.7963936889674396,0.661672908896411,0.9142781316461945,0.7054366745463871,0.9503965517249932,0.9462432861336328,29.410882339705484,0.8461990310355807,0.5732124399137384,6890.0,55123.0,2877.0,646.0
ANFC_002308.png,0.8161569375508374,0.6894131185627833,0.8991445295063568,0.7471938139502128,0.9655699556678686,0.958816528320941,18.377951874852464,0.8583165265465219,0.5027110428928794,5991.0,56846.0,2027.0,672.0
ANFC_002309.png,0.7587080430843328,0.6112244898455071,0.8667028395972685,0.6746445164473258,0.9614878264208928,0.9534912109382098,5.385164807134504,0.8658576424608585,0.5707320670266063,4792.0,57696.0,2311.0,737.0
ANFC_002310.png,0.713704206261965,0.5548523207245334,0.9097032587093203,0.5871915394139611,0.9414919307839134,0.938827514649371,28.3566122185445,0.8141325924368308,0.40216699117879173,4997.0,56530.0,3513.0,496.0
ANFC_002311.png,0.8340650621616469,0.7153615824593629,0.851403887705032,0.8174183514963796,0.9687077972853666,0.952133178711668,5.385164807134504,0.9364394198868745,0.674011903650427,7884.0,54515.0,1761.0,1376.0
ANFC_002312.png,0.6574949585634104,0.48975231994861124,0.6178724838189277,0.7025474047402273,0.9421202690877863,0.8833770751970921,59.95945682832953,0.817465827424081,0.5550944462850624,7336.0,50557.0,3106.0,4537.0
ANFC_002313.png,0.8517992616393444,0.7418556992621118,0.9343182627327947,0.7826735257002405,0.9463167587486866,0.9442596435555382,7.280109889280518,0.9593413878771347,0.6572301251173787,10498.0,51385.0,2915.0,738.0
ANFC_002314.png,0.8176542843907978,0.691552625944576,0.858795266495347,0.7802748585464612,0.9499419857459908,0.9343109130869399,8.48528137423857,0.894718670278795,0.46561769421963994,9652.0,51579.0,2718.0,1587.0
ANFC_002315.png,0.8421510616218107,0.7273410491917419,0.9092446448874024,0.7842787682683503,0.9778955060288654,0.9723205566410474,5.385164807134504,0.9041153622551773,0.7999960698459062,4839.0,58883.0,1331.0,483.0
ANFC_002316.png,0.8508347447465017,0.740393725682662,0.9003968762129821,0.80644421513514,0.9707579038549891,0.9623718261724493,4.0,0.933062439180694,0.7955255163209387,7033.0,56037.0,1688.0,778.0
ANFC_002317.png,0.7913066809878558,0.6546794530585438,0.8832055582315278,0.7167298532403296,0.9490452542500342,0.9406585693368431,8.0,0.8718278907984166,0.6181273591170452,7373.0,54274.0,2914.0,975.0
ANFC_002318.png,0.767632318801636,0.6228922833145316,0.7953394123866085,0.7417906922109863,0.9620749479534685,0.9419860839852603,35.90751383493083,0.8209563862852083,0.6059388611867099,6280.0,55454.0,2186.0,1616.0
ANFC_002319.png,0.7639671963247073,0.6180800332139664,0.8645591647528191,0.6843434343796667,0.9531036834932963,0.9437866210946079,7.0,0.8692865992976969,0.6693388459786558,5962.0,55890.0,2750.0,934.0
ANFC_002320.png,0.7224546722583703,0.5655021834377364,0.7885923069330567,0.6665522862085826,0.9301941346563548,0.9089050292982651,8.0,0.8282412712933012,0.631759266627793,7770.0,51796.0,3887.0,2083.0
ANFC_002321.png,0.7520482671231,0.6026260850674308,0.847485127107511,0.675930490530199,0.900005704183066,0.8896331787126217,9.0,0.8422247632618185,0.5250188334923015,10969.0,47334.0,5259.0,1974.0
ANFC_002322.png,0.7304439746395193,0.5753538717970939,0.7996451165098253,0.6722661824054829,0.903887853313351,0.8832702636736562,9.219544457292887,0.8031904165639026,0.6575791203148634,10365.0,47521.0,5053.0,2597.0
ANFC_002323.png,0.7837367125227472,0.6443808019312285,0.7869030390995052,0.7805957650699132,0.967961707777794,0.945053100586776,5.385164807134504,0.8898852294241545,0.6369275782782058,6525.0,55410.0,1834.0,1767.0
ANFC_002324.png,0.7663402650508169,0.62119257308458,0.8415533095340411,0.7034684284269173,0.9108769116232148,0.8969573974625099,6.324555320336759,0.8795005048691498,0.5467447412238651,11074.0,47709.0,4668.0,2085.0
ANFC_002325.png,0.8571714743661273,0.7500438212313721,0.9157838416355502,0.8056104678710713,0.9632503425822062,0.9564819335944141,4.123105625617661,0.9689831258236891,0.6899017941463667,8558.0,54126.0,2065.0,787.0
ANFC_002326.png,0.7923315953129861,0.6560837331307384,0.9135292688956121,0.6995257137822445,0.9436145335251193,0.9398345947274807,7.810249675906654,0.8935592214810709,0.6081014428157756,7522.0,54071.0,3231.0,712.0
ANFC_002327.png,0.7935517420850196,0.6577586207318031,0.8885376809368595,0.7169127517158507,0.964569508610423,0.9575958251959596,7.810249675906654,0.9188468178908197,0.48235314711881977,5341.0,57416.0,2109.0,670.0
ANFC_002328.png,0.7923960475601948,0.6561721216434481,0.8400510475550302,0.7498576039728634,0.9530579160217153,0.9368438720712763,7.276659522362879,0.8508889919821437,0.6116981346428716,7899.0,53498.0,2635.0,1504.0
ANFC_002329.png,0.6382875996106633,0.468738919812228,0.6024608841557859,0.6786447639153584,0.9681441148038583,0.9314117431651092,26.62393503984783,0.7335226017132791,0.504930785012677,3966.0,57075.0,1878.0,2617.0
ANFC_002330.png,0.7733731265961609,0.6304876759091836,0.8527686364497398,0.7075023742037628,0.9579141544407413,0.9467010498055008,11.126348339374262,0.8410274843310179,0.6333731994455308,5960.0,56083.0,2464.0,1029.0
ANFC_002331.png,0.8137481853567016,0.6859826685396585,0.9093300596361513,0.7363487893391786,0.9314084090753822,0.9275665283214178,6.0,0.8890961713171601,0.5599105855702371,10370.0,50419.0,3713.0,1034.0
ANFC_002332.png,0.8101020322198288,0.6808163844035989,0.8981862378554426,0.7377514974859659,0.9377279358144105,0.9312744140635488,5.0,0.9610365216739651,0.6843866553363078,9607.0,51425.0,3415.0,1089.0
ANFC_002333.png,0.7292120399994856,0.5738266831100521,0.749340066595967,0.7101370459310271,0.9530999771227654,0.9260101318370666,15.297058540778355,0.8024838198213711,0.592470991960826,6529.0,54158.0,2665.0,2184.0
ANFC_002334.png,0.806124426655073,0.6752164502515999,0.9285607977483911,0.7122146119049984,0.957138242345629,0.9542083740241364,5.0,0.9303712433980672,0.7281589446891231,6239.0,56296.0,2521.0,480.0
ANFC_002335.png,0.7945575931803196,0.6591418957053322,0.8935563581169401,0.7153073645986529,0.9319809503047954,0.9258117675792571,5.0,0.9050984212454436,0.6683275804166531,9402.0,51272.0,3742.0,1120.0
ANFC_002336.png,0.778731300024427,0.6376412496783173,0.7905580409947541,0.7672531992953321,0.9642894709167931,0.9417724609383886,5.830951894845301,0.8795499080884592,0.6636497952215251,6715.0,55005.0,2037.0,1779.0
ANFC_002337.png,0.7772456172159206,0.6356514670286267,0.8594124700380283,0.7094193335772502,0.9365545310485421,0.924774169923023,6.708203932499369,0.8717451835272326,0.6359633293287575,8601.0,52005.0,3523.0,1407.0
ANFC_002338.png,0.7902803738415757,0.6532756489761067,0.8826722338327064,0.7153976311577498,0.9398813353359804,0.931518554688545,7.0,0.8331266838382951,0.7524200798501737,8456.0,52592.0,3364.0,1124.0
ANFC_002339.png,0.8015180596841076,0.6687777535365235,0.8777947640093833,0.7374377909987608,0.9406028690768004,0.9305725097666845,5.0,0.9095499775028326,0.777294949497895,9187.0,51799.0,3271.0,1279.0
ANFC_002340.png,0.8944295559009174,0.8090208640109929,0.9708082277196335,0.8291925465990069,0.9655696655345096,0.9663391113286387,7.211102550927978,0.9837032007982386,0.5546138437886072,9345.0,53985.0,1925.0,281.0
ANFC_002341.png,0.7061611374601,0.545787545833762,0.8537322935136508,0.6020877764505458,0.9401718056479812,0.9318847656260395,44.02271554554524,0.6947448232092678,0.3871532473122996,5364.0,55708.0,3545.0,919.0
ANFC_002343.png,0.7511491663135512,0.6014722864316582,0.7823882839312076,0.7223088924038293,0.9733931240662117,0.9578704833990804,30.652955934030963,0.827303141131226,0.5874836659475353,4167.0,58608.0,1602.0,1159.0
ANFC_002344.png,0.8035170781418648,0.6715658564779412,0.803064443487367,0.8039702233692825,0.9857769485091856,0.9734039306644684,11.40175425099138,0.9107046904317393,0.639542842243867,3564.0,60229.0,869.0,874.0
ANFC_002345.png,0.6558971142321366,0.4879813303411945,0.6090882611100821,0.7104994904143732,0.9862808559975157,0.9665222167973859,9.977328670269403,0.8213940769491108,0.4722119876890302,2091.0,61251.0,852.0,1342.0
ANFC_002346.png,0.7662822252770892,0.6211163047508617,0.7497510787422001,0.7835587929991125,0.9900196727605838,0.978973388672196,6.324555320336759,0.8807443494521369,0.7161579877692344,2259.0,61899.0,624.0,754.0
ANFC_002347.png,0.7965616046098715,0.6619047619747609,0.8863321319971356,0.7233031674834155,0.9802515784207682,0.9750823974613179,8.424886747684619,0.9140888439440152,0.5574943241158787,3197.0,60706.0,1223.0,410.0
ANFC_002348.png,0.7577910872115627,0.6100351393634033,0.8488742324483882,0.6843601027058709,0.9393218427277974,0.9271850585948612,9.848857801796104,0.8641621871732111,0.4165355128098441,7465.0,53299.0,3443.0,1329.0
ANFC_002351.png,0.6167290886827002,0.4458483755421975,0.6997167139583527,0.5513392858053289,0.9641379981515232,0.9484710693367239,64.24490422293287,0.653392052036715,0.5011641456353312,2717.0,59442.0,2211.0,1166.0
ANFC_002352.png,0.7098876038915316,0.5502525253660978,0.851171875058136,0.6088292820316208,0.9777693089434424,0.9728240966801023,5.453087167723973,0.8475635973705182,0.644004089327738,2179.0,61576.0,1400.0,381.0
ANFC_002353.png,0.6416028285631582,0.4723234427429596,0.6692894025893068,0.6161158896296703,0.9724088564972196,0.9535980224616456,7.211102550927978,0.6933123517112803,0.6404324695821019,2722.0,59773.0,1696.0,1345.0
ANFC_002354.png,0.6551307847429446,0.48713345309887285,0.6619231551815565,0.6484763991936912,0.9708827556630832,0.9476928710945483,19.97992789730248,0.7041732072745477,0.5819016568040383,3256.0,58852.0,1765.0,1663.0
ANFC_002355.png,0.6533475027304255,0.4851641415766528,0.7646766170324992,0.5703153990462653,0.9817712432707589,0.9751129150394423,6.708203932499369,0.7286002851787501,0.6645977013748505,1537.0,62368.0,1158.0,473.0
ANFC_002357.png,0.7105263158244174,0.5510204082473281,0.701884092606276,0.7193840137571782,0.9812855582547106,0.9634094238286834,15.297058540778355,0.8444015442301254,0.6327087722852801,2943.0,60195.0,1148.0,1250.0
ANFC_002358.png,0.7211271421986637,0.5638771186902672,0.6956351281108684,0.7485585712630349,0.9691106350637636,0.9371795654306462,11.0,0.859692713005158,0.5520692257088188,5323.0,56096.0,1788.0,2329.0
ANFC_002359.png,0.7322189889874657,0.5775595174999937,0.7789776818172819,0.6907558733796277,0.9586625932317479,0.9396209716806089,11.0,0.8081449895458034,0.5599865762557834,5410.0,56169.0,2422.0,1535.0
ANFC_002360.png,0.41960072616348437,0.26550298609761,0.6221743814615992,0.3165388831782372,0.9806832077022508,0.9756011962894349,152.49753633861317,0.45976963355696376,0.4393265852276717,578.0,63359.0,1248.0,351.0
ANFC_002361.png,0.7580118979314899,0.6103213844854262,0.7451424260054438,0.7713337239267068,0.9805594753883862,0.9615173339849623,8.94427190999916,0.8839628493988908,0.5659389243485043,3950.0,59064.0,1171.0,1351.0
ANFC_002362.png,0.7862759113779917,0.6478209658767353,0.8198757764198912,0.7553215839144746,0.9628083359433113,0.9452514648445856,8.549835897490034,0.8349181675277219,0.5949043172455241,6600.0,55348.0,2138.0,1450.0
ANFC_002363.png,0.7079072087984593,0.5478764479200892,0.6460277714948751,0.7828965517540832,0.9722643171811055,0.9285278320323407,16.2556748311743,0.7810014441385308,0.4310165906008759,5676.0,55176.0,1574.0,3110.0
ANFC_002368.png,0.8435481485211012,0.7294278161738358,0.8596120993006118,0.8280735721366821,0.9680489340655204,0.9515838623054264,9.121048865799583,0.9334589066057687,0.47627229919058317,8554.0,53809.0,1776.0,1397.0
ANFC_002369.png,0.39402618670334977,0.24535031866360502,0.34319315775367315,0.462536023312903,0.9821616451461476,0.9548034667975648,47.00797782062948,0.48397085912632903,0.38792205187339124,963.0,61611.0,1119.0,1843.0
ANFC_002370.png,0.6144200628167963,0.44343891427898696,0.6533333335644443,0.5798816570533244,0.9889124867263897,0.9812316894534114,13.573711112174921,0.6663150724900284,0.5991632668809443,980.0,63326.0,710.0,520.0
ANFC_002371.png,0.7059056286768319,0.5454823422190058,0.741479634301438,0.6735888239241855,0.9715269086362637,0.9546356201178798,8.602325267042627,0.7973057767931826,0.6335870322071327,3568.0,58995.0,1729.0,1244.0
ANFC_002372.png,0.76262162662702,0.6163204748912996,0.7280056082271273,0.8006939090976508,0.9917521497057934,0.9802703857424887,6.324555320336759,0.8379299964974669,0.7966479393949251,2077.0,62166.0,517.0,776.0
ANFC_002535.png,0.8168222880272662,0.6903631464531806,0.9148104064079561,0.7377948437002476,0.9679490403156827,0.9631805419927494,7.0710678118654755,0.8689088103857168,0.7435738702884824,5380.0,57743.0,1912.0,501.0
ANFC_002536.png,0.8069730586676747,0.6764080766003167,0.9811175337259662,0.6853297443646488,0.9814270507303439,0.9814147949221587,13.717859901021182,0.9246994213676515,0.6145938347434811,2546.0,61772.0,1169.0,49.0
ANFC_002537.png,0.8373847443517313,0.7202595530208817,0.9555889587379627,0.7452046036077148,0.9589302277653143,0.9585571289068825,5.0,0.9488988536504486,0.7721913840746502,6993.0,55827.0,2391.0,325.0
ANFC_002538.png,0.7405633625470689,0.5880116081669157,0.9297468354541539,0.6153523929610062,0.9379728451780267,0.9371795654306462,7.615773105863909,0.8988050393589416,0.6629373188204789,5876.0,55543.0,3673.0,444.0
ANFC_002539.png,0.8568753344225688,0.7495904517319001,0.92199194014911,0.8003498251373439,0.9871257774485656,0.9836730957033742,5.0,0.9383385282152984,0.8418769071279739,3203.0,61263.0,799.0,271.0
ANFC_002540.png,0.7905020099289051,0.6535786057113033,0.9535408209396615,0.6750758423000038,0.9666950345329662,0.9658050537114594,4.242640687119285,0.9504608742267878,0.6737173249600533,4228.0,59067.0,2035.0,206.0
ANFC_002541.png,0.8769565217480466,0.7808749516349368,0.9470965722418068,0.8164890028583877,0.9770064415781526,0.9740905761722705,3.0,0.9871162969603984,0.8877719540832487,6051.0,57787.0,1360.0,338.0
ANFC_002542.png,0.8277811923997811,0.7061661074441765,0.8519736842479824,0.8049246952414714,0.9867498051444085,0.9786224365237638,5.629685305256555,0.964028274843126,0.8057451873899676,3367.0,60768.0,816.0,585.0
ANFC_002543.png,0.8824185355047443,0.7895787139922862,0.9373519347279085,0.8335674157498165,0.9754565224899814,0.971038818359817,4.123105625617661,0.9781687205464416,0.8544595932986909,7122.0,56516.0,1422.0,476.0
ANFC_002544.png,0.9085176052104735,0.8323703703827874,0.9256940439965653,0.8919669788941128,0.9745116766864335,0.9654693603520895,3.1622776601683795,0.9745026449549185,0.8437764350621633,11237.0,52036.0,1361.0,902.0
ANFC_002545.png,0.8838006612117301,0.7917946468205803,0.9388657648442077,0.83483691884459,0.98842637619159,0.9855194091799085,3.0,0.9999994968020973,0.8624153847312027,3609.0,60978.0,714.0,235.0
ANFC_002546.png,0.8881387498675196,0.7987855946819963,0.9561403508881854,0.8291675723040278,0.9872290644398136,0.9853363037111613,13.732408575056919,0.9393315193459248,0.8002070583637553,3815.0,60760.0,786.0,175.0
ANFC_002547.png,0.8499118787557342,0.7389971803679052,0.9399656946920372,0.7756047349748322,0.9705021734355411,0.9675140380864333,4.0,0.9657012866874319,0.7818571698484879,6028.0,57379.0,1744.0,385.0
ANFC_002548.png,0.9027257685358595,0.8226984127265559,0.9035913528759429,0.9018618409775776,0.9905685618730674,0.9829559326174477,3.0,0.9833309919810567,0.8998543804524047,5183.0,59236.0,564.0,553.0
ANFC_002549.png,0.827284510721438,0.7054434927589269,0.9666792881610453,0.7230246389909304,0.9844502742668821,0.9837341308596234,4.0,0.9864072632293167,0.650528374042931,2553.0,61917.0,978.0,88.0
ANFC_002550.png,0.821945262114239,0.6977139819566492,0.8984118291486293,0.7574743160847889,0.9639201813442108,0.9566192626959745,5.0396078054371225,0.9400539713149512,0.7491464560887849,6562.0,56131.0,2101.0,742.0
ANFC_002551.png,0.8767443290172284,0.7805385289206941,0.9269465748177633,0.8317004898726732,0.9750531611435255,0.9694061279301545,6.037243138634183,0.9281040753872849,0.7649628403489234,7131.0,56400.0,1443.0,562.0
ANFC_002554.png,0.7263487099652921,0.5702885206526931,0.9508700102521768,0.5876027831356518,0.9687564890988138,0.967956542969239,102.0,0.7502244265543446,0.5770556545581572,2787.0,60649.0,1956.0,144.0
ANFC_002555.png,0.880066366451758,0.7858201058654348,0.9096031357399307,0.8523875115123076,0.9895368893808453,0.9845581054689857,2.8284271247461903,0.9828365047879061,0.8655072913459034,3713.0,60811.0,643.0,369.0
ANFC_002556.png,0.7722835997240928,0.629040712977627,0.9742895805211665,0.639658848678099,0.9672062224096116,0.9676055908208069,7.807886552931954,0.8599003378663118,0.7016001956727261,3600.0,59813.0,2028.0,95.0
ANFC_002557.png,0.8473990437325077,0.7352059176594157,0.859429773327947,0.8357004885995114,0.9746217838468423,0.9595794677740543,4.0,0.9277411662385935,0.802144546910479,7355.0,55532.0,1446.0,1203.0
ANFC_002558.png,0.756921735365498,0.6089091547511558,0.8783202631221046,0.6650067037607724,0.9715993050034653,0.9659729003911444,10.302863959383139,0.8717235837244758,0.7635100972073181,3472.0,59834.0,1749.0,481.0
ANFC_002559.png,0.825547930061374,0.702921771969289,0.9115130775087966,0.7544001618947197,0.9802424932870006,0.975952148437867,4.242640687119285,0.9492661485260729,0.7625207592406695,3729.0,60231.0,1214.0,362.0
ANFC_002560.png,0.8285182376178364,0.7072395527125086,0.9105789633357716,0.7600253004731151,0.9678136346674843,0.9620513916021417,23.396120257114802,0.9024833741398413,0.7051666812181597,6008.0,57041.0,1897.0,590.0
ANFC_002561.png,0.8027548650754581,0.6705016722848828,0.8935639151553639,0.7287002035869875,0.9688621155744679,0.962417602539636,4.47213595499958,0.930276240573574,0.7240418897729721,5012.0,58061.0,1866.0,597.0
ANFC_002562.png,0.8538498923936784,0.7449721347534562,0.9051965258493748,0.8080157687505892,0.9751289515350743,0.9678802490239277,4.47213595499958,0.9200734524541059,0.7784363236441902,6149.0,57282.0,1461.0,644.0
ANFC_002563.png,0.8136947665454642,0.6859067494801339,0.8640599001890084,0.7688777021366778,0.9737761650375671,0.9637145996099288,4.0,0.9036750377040869,0.843742877045619,5193.0,57965.0,1561.0,817.0
ANFC_002564.png,0.8624868282523281,0.7582213988330676,0.9534071054254694,0.7873977874318747,0.978040904198426,0.9761047363284897,5.0,0.9574114318699618,0.7686972047715992,4911.0,59059.0,1326.0,240.0
ANFC_002565.png,0.878820033968716,0.7838349423085681,0.9309802158428552,0.8321945337957809,0.9863311943428115,0.982574462890891,4.0,0.9646012676928475,0.7301413972267223,4141.0,60253.0,835.0,307.0
ANFC_002566.png,0.8158512536561319,0.6889770024283939,0.9425037969315462,0.7192052980597342,0.9721634086698481,0.9700775146488941,17.0,0.8333322035274388,0.688907389521882,4344.0,59231.0,1696.0,265.0
ANFC_002567.png,0.7747346799234223,0.6322995250583544,0.823807790348779,0.7311793215296964,0.9722860664206341,0.959838867188113,12.35304075074103,0.8401133405888201,0.6584855469355583,4526.0,58378.0,1664.0,968.0
ANFC_002569.png,0.8220239704585002,0.697827417426893,0.9212280347563668,0.7421086886198978,0.9738384088475062,0.9698638916020225,3.1622776601683795,0.9763996393675005,0.8257343848611879,4561.0,59000.0,1585.0,390.0
ANFC_002570.png,0.7186720399425569,0.5608806350814916,0.7705761317344493,0.6733189500767135,0.9700540576180029,0.9552612304694328,6.4031242374328485,0.787997626691289,0.6573811150780607,3745.0,58859.0,1817.0,1115.0
ANFC_002571.png,0.6745274191138821,0.5088957922878012,0.8768856448287662,0.5480535281179887,0.9765914210554876,0.9734649658207175,124.33717499841816,0.6919005309366044,0.53630776814605,1802.0,61995.0,1486.0,253.0
ANFC_002572.png,0.7809076682447991,0.6405648267363914,0.8859601202013165,0.6981274214702833,0.951815714433782,0.9444580078133477,7.280109889280518,0.8712931647049853,0.46946721394601304,6487.0,55409.0,2805.0,835.0
ANFC_002573.png,0.8785980810315434,0.7834818776252547,0.9144244105527845,0.8454731982757793,0.979340259918744,0.9721984863285493,4.0,0.9652607024165903,0.788138267302604,6593.0,57121.0,1205.0,617.0
ANFC_002574.png,0.8666666666750052,0.764705882378909,0.9278253883331782,0.813072048836767,0.9725666460017124,0.9674682617192465,4.0,0.9885494616356802,0.7450431249086819,6929.0,56475.0,1593.0,539.0
ANFC_002575.png,0.8852609936512946,0.7941419369160303,0.9255052935562718,0.8483707799171644,0.9483894216342338,0.9429473876961831,5.0990195135927845,0.9899176670763299,0.6967899855721597,14424.0,47373.0,2578.0,1161.0
ANFC_002576.png,0.892718424934474,0.8062253044265604,0.9568379749299609,0.8366527196789412,0.9645651424117384,0.963333129883372,5.0,0.9658071645016972,0.7618769403950885,9998.0,53135.0,1952.0,451.0
ANFC_002577.png,0.822753160173444,0.6988790560827282,0.9108103952159295,0.7502216593096616,0.9665949553645149,0.9610595703130943,7.0710678118654755,0.9013176386237766,0.6719669760926976,5923.0,57061.0,1972.0,580.0
ANFC_002578.png,0.8527768075573894,0.7433399300131923,0.9343666284090382,0.7842916800860438,0.9777317194498801,0.9742736816410177,3.605551275463989,0.9988695543102236,0.7565007215403188,4883.0,58967.0,1343.0,343.0
ANFC_002579.png,0.7907748465413328,0.6539517014744852,0.8432413305302121,0.7444548578968362,0.9726805156640725,0.9615173339849623,7.211102550927978,0.916944405344468,0.6169740764157722,4766.0,58248.0,1636.0,886.0
ANFC_002580.png,0.7631936232749444,0.617067988695675,0.9648947951312409,0.6312395856240499,0.9099210703304088,0.9174957275403215,67.35502327869426,0.7273041822508066,0.6166376626839642,8713.0,51416.0,5090.0,317.0
ANFC_002581.png,0.8600109663056219,0.7544028415158797,0.9027716284510076,0.8211179123855414,0.9590546245606059,0.9493560791023353,4.242640687119285,0.9597577552281038,0.7549993166042087,10195.0,52022.0,2221.0,1098.0
ANFC_002582.png,0.8719931271556214,0.7730388423704669,0.9566446748408988,0.8011049723981165,0.9696432566389089,0.9681701660161108,5.0,0.9379596239224538,0.7887785383755986,7105.0,56345.0,1764.0,322.0
ANFC_002583.png,0.86022031824886,0.7547250859457725,0.9529922256458159,0.7839083878965039,0.9757853512211352,0.9738616943363364,3.1622776601683795,0.9720351471041895,0.8341073508222903,5271.0,58552.0,1453.0,260.0
ANFC_002584.png,0.9027649382382751,0.822763480419307,0.9357142857254853,0.8720571521558602,0.9868218609942668,0.982345581054957,3.0,0.9884610365622647,0.9006315105975571,5371.0,59008.0,788.0,369.0
ANFC_002585.png,0.8802089917043691,0.7860475617259145,0.9551897576629913,0.8161431473811421,0.9569055511811706,0.9566192626959745,3.605551275463989,0.9868966471719135,0.825645073238432,10445.0,52248.0,2353.0,490.0
ANFC_002586.png,0.8344919901621619,0.7159899229611745,0.9177509735095687,0.7650831354105239,0.946061410366934,0.94151306152433,8.98606797749979,0.938602892004745,0.7208938599899019,9663.0,52040.0,2967.0,866.0
ANFC_002587.png,0.7591613491779104,0.61181310619694,0.8164705883072664,0.7093696764192948,0.9864573079734154,0.9798431396487451,9.901757571167455,0.8373773060831288,0.7698880752931702,2082.0,62133.0,853.0,468.0
ANFC_002588.png,0.8513984050487029,0.7412477997767948,0.9047505371437692,0.8039881205337318,0.9849381387845382,0.9798126220706207,4.0,0.9708174793551312,0.7563489892984533,3790.0,60423.0,924.0,399.0
ANFC_002589.png,0.8527992528483993,0.7433740389196405,0.9140251362569208,0.7992608442132599,0.9634980988599611,0.9567108154303482,6.0,0.9210589070206505,0.7717979170609534,8218.0,54481.0,2064.0,773.0
ANFC_002590.png,0.7951987997117433,0.6600249066328169,0.8298205468108129,0.7633503213202582,0.962678874076797,0.945846557618014,6.324555320336759,0.9150716596267808,0.6996446767952593,6890.0,55097.0,2136.0,1413.0
ANFC_002591.png,0.8553033812016997,0.7471878287814852,0.9077770130854609,0.8085646729303297,0.9605165718421292,0.9523315429694774,5.0,0.9653498600351074,0.6444014233086105,9233.0,53179.0,2186.0,938.0
ANFC_002592.png,0.8939446972410486,0.808227848121495,0.9200288184534067,0.869298842764999,0.9798629562302499,0.9722595214847984,3.1622776601683795,0.9966351461347293,0.81106039206741,7662.0,56056.0,1152.0,666.0
ANFC_002593.png,0.8668747832211672,0.7650299988043309,0.9597542242765355,0.7903858317785724,0.971927625114832,0.9707183837895094,4.0,0.9824107711104075,0.7349185253301128,6248.0,57369.0,1657.0,262.0
ANFC_002594.png,0.8440893995292982,0.7302376145783138,0.9214187732860242,0.7787346803943799,0.9778928730995003,0.9734954833988421,5.0,0.9711997580856698,0.6439316797094241,4702.0,59097.0,1336.0,401.0
ANFC_002595.png,0.8521945081894609,0.7424555068683962,0.9434611602845852,0.7770279390232112,0.9722044620928727,0.9695281982426526,5.616100833138674,0.9766684116923079,0.5428198893517264,5757.0,57782.0,1652.0,345.0
ANFC_002596.png,0.8419776604171809,0.7270823987248269,0.9190926276145382,0.7768014060110559,0.976811738539043,0.9721527099613625,6.708203932499369,0.927326608469893,0.6533895187186235,4862.0,58849.0,1397.0,428.0
ANFC_002597.png,0.8614158381958598,0.7565675574138828,0.9316833518787835,0.8010041441025658,0.9543910279835904,0.9506530761726281,4.47213595499958,0.9680039228718588,0.8206477900913972,10051.0,52251.0,2497.0,737.0
ANFC_002598.png,0.8781057195365928,0.7826991676898485,0.9289116246376942,0.8325691699869456,0.9823107889157247,0.9776916503909655,3.605551275463989,0.9772000863919272,0.8258168237213949,5266.0,58808.0,1059.0,403.0
ANFC_002599.png,0.8723080269810579,0.7735339506391268,0.8929963255881309,0.8525566067978573,0.9754752011320754,0.9641723632817968,4.47213595499958,0.9569421663291513,0.8275267991149594,8020.0,55168.0,1387.0,961.0
ANFC_002600.png,0.7864564672543074,0.6480661353268183,0.8330170778622326,0.7448252460994824,0.988044705171809,0.9818115234377777,16.1245154965971,0.8784976277956412,0.6693173585119081,2195.0,62149.0,752.0,440.0
ANFC_002601.png,0.8241642932357721,0.7009178991073641,0.862837413727923,0.7888091822700691,0.9881956696072463,0.9821014404299607,4.0,0.9894731808363897,0.6632883059855403,2749.0,61614.0,736.0,437.0
ANFC_002602.png,0.8461416574479256,0.7333150234184798,0.9109518935820703,0.7899408284645145,0.9886590527914918,0.9851837158205387,3.605551275463989,0.9427972368255798,0.802803724053153,2670.0,61895.0,710.0,261.0
ANFC_002603.png,0.8542100795049618,0.745520679005049,0.8478627240925597,0.8606531882020757,0.9848158755446658,0.9711761474613774,4.123105625617661,0.9649193350935384,0.7921483605083949,5534.0,58113.0,896.0,993.0
ANFC_002604.png,0.85476039689099,0.7463594470513623,0.9278185151402798,0.7923679061071687,0.9826554632841389,0.9790039062503205,2.8284271247461903,0.9616997835359385,0.9123098706403758,4049.0,60111.0,1061.0,315.0
ANFC_002605.png,0.8345830145624203,0.7161239496543792,0.8359901901177222,0.8331805683369445,0.9912322959824127,0.9835052490236893,4.0,0.9116465843714712,0.8581439329945565,2727.0,61728.0,546.0,535.0
ANFC_002606.png,0.7841403605868522,0.6449267129138818,0.8729621655070806,0.7117241379671819,0.9610563404146584,0.9523162841804153,7.93358738656726,0.8940995352541282,0.7686782042209288,5676.0,56735.0,2299.0,826.0
ANFC_002607.png,0.8251635862903038,0.7023646668551172,0.9637972646919288,0.7213970293614217,0.9775429967483045,0.9767608642581672,5.0,0.9877295583213562,0.5946115217361561,3594.0,60419.0,1388.0,135.0
ANFC_002608.png,0.8540554284446916,0.7452851121044408,0.9572527785815752,0.7709433096692808,0.9839102326408836,0.9824829101565175,7.531857301718061,0.9328146006855056,0.721636755927242,3359.0,61029.0,998.0,150.0
ANFC_002609.png,0.8122739179478267,0.6838899391548224,0.8996960486599348,0.740336516657495,0.9815559539386347,0.977035522461288,6.0,0.9067643977439063,0.7456619906517774,3256.0,60775.0,1142.0,363.0
ANFC_002610.png,0.8708935611250175,0.7713121909306627,0.9417406749762911,0.80996028114575,0.9900830662778004,0.9880065917970581,3.0,0.9601381455449202,0.860336660522604,2651.0,62099.0,622.0,164.0
ANFC_002611.png,0.8132880011465301,0.6853288767237282,0.97387616624701,0.698163687255483,0.9583843329260344,0.9597778320318638,12.0,0.8621003280974779,0.7240514619970031,5741.0,57159.0,2482.0,154.0
ANFC_002612.png,0.8213681411758903,0.6968826907611892,0.9085561497448454,0.7494486105260864,0.9608653713662522,0.9548950195319383,4.242640687119285,0.9435075440437374,0.7060763375794615,6796.0,55784.0,2272.0,684.0
ANFC_002617.png,0.8790609438132486,0.7842183203333576,0.9387186629681644,0.8265328874411297,0.9873674639130439,0.9844360351564876,4.123105625617661,0.9492808120124702,0.834417430827789,3707.0,60809.0,778.0,242.0
ANFC_002618.png,0.8498852333818079,0.7389568920332739,0.8727215588080699,0.8282135401645649,0.9907624210156404,0.985031127929916,4.0,0.9268809125227607,0.8654984761712327,2777.0,61778.0,576.0,405.0
ANFC_002620.png,0.8897949673940128,0.8014690451623359,0.9335125886253941,0.8499888716113979,0.9890308405893233,0.9855651855470954,4.123105625617661,0.9616281484863644,0.7905513815663832,3819.0,60771.0,674.0,272.0
ANFC_002621.png,0.8211594648898725,0.6965823115845076,0.8083560400216906,0.8343750000517578,0.9914836180163019,0.9822540283205834,6.8352062902774735,0.9175974531072202,0.8340938703254906,2670.0,61703.0,530.0,633.0
ANFC_002622.png,0.8071701127156651,0.6766850171586543,0.9427860696636016,0.7056633049331787,0.9687541178025966,0.9668426513676935,4.123105625617661,0.9224150197613519,0.698122102427559,4548.0,58815.0,1897.0,276.0
ANFC_002623.png,0.8399434967032551,0.7240539528430022,0.9713495853301458,0.7398545176608241,0.9779229007265149,0.9775238037112806,8.0,0.9746944409343773,0.5604229751138158,3865.0,60198.0,1359.0,114.0
ANFC_002626.png,0.8419258047025419,0.7270050642177593,0.8316044726078938,0.8525065598877909,0.9816220122867237,0.9646301269536648,6.082762530298219,0.9180166990359705,0.7493313415363541,6173.0,57045.0,1068.0,1250.0
ANFC_002627.png,0.8723091553667927,0.7735357252723803,0.8919731259031165,0.8534934867444606,0.9855377421512101,0.9774627685550314,4.47213595499958,0.9708279694679391,0.7226903353342162,5045.0,59014.0,866.0,611.0
ANFC_002630.png,0.8645285852338809,0.7613829586696801,0.9281437125913993,0.8090744830738658,0.9844592607120884,0.9807281494143567,3.1622776601683795,0.9630783109047709,0.824412726337686,4030.0,60243.0,951.0,312.0
ANFC_002631.png,0.8415785283928604,0.7264873356123134,0.9443593670381931,0.7589743590238001,0.980930896816175,0.9787445068362619,3.0,0.9672001601601524,0.8367288301561713,3700.0,60443.0,1175.0,218.0
ANFC_002632.png,0.8645610880224164,0.7614333795760376,0.9178997613561097,0.8170809433148329,0.9859648550845048,0.9816131591799682,3.0,0.9676834715354943,0.8098518549600016,3846.0,60485.0,861.0,344.0
ANFC_002633.png,0.8527472527642861,0.7432950192088535,0.9014428955975928,0.8090430202350651,0.9858414568654964,0.980575561523734,4.0,0.9572913747292796,0.861510206777369,3686.0,60577.0,870.0,403.0
ANFC_002634.png,0.7814183124123184,0.6412523020918504,0.8239469948357909,0.7430644473446298,0.9803620942753162,0.9702758789067036,35.76360818675986,0.8376338843882154,0.6021967565551235,3482.0,60106.0,1204.0,744.0
ANFC_002635.png,0.7677419355138397,0.6230366492936048,0.8598265896358883,0.6934731935446449,0.9788162897097298,0.9725341796879192,5.0,0.8767599738148161,0.7046781734560252,2975.0,60761.0,1315.0,485.0
ANFC_002639.png,0.7910817506384914,0.6543715847519169,0.8438050499424926,0.7445595855363455,0.9755241862085571,0.9652557373052177,6.324555320336759,0.8764157155247966,0.5906657377564042,4311.0,58948.0,1479.0,798.0
ANFC_002640.png,0.8237020132183795,0.7002494457178147,0.8552809749737168,0.7943719541275944,0.9780639967804041,0.9669952392583162,6.045519391664017,0.9047820850867018,0.6965313324035143,5053.0,58320.0,1308.0,855.0
ANFC_002641.png,0.8338263442084868,0.7150104447284361,0.9007518797365595,0.7761580823530424,0.9890101151474487,0.985427856445535,3.1622776601683795,0.9187065129648383,0.754836364607922,2396.0,62185.0,691.0,264.0
ANFC_002645.png,0.8517099863302524,0.7417202764186657,0.9307818807100042,0.7850208044653864,0.9710265604028918,0.9669189453130049,7.0,0.8819745360567267,0.5804242005030211,6226.0,57142.0,1705.0,463.0
ANFC_002646.png,0.824639541041395,0.7016056519329986,0.8849643551709391,0.7720141343078425,0.9728286503609456,0.9645538330083535,5.0990195135927845,0.9347079321878843,0.6497312641316947,5462.0,57751.0,1613.0,710.0
ANFC_002647.png,0.686296092488874,0.5224130708668603,0.8107932380123984,0.5949427481560206,0.9581924427963923,0.9478149414070464,29.0,0.7676159735009115,0.479895185653452,3741.0,58375.0,2547.0,873.0
ANFC_002648.png,0.889288466485404,0.8006475485891943,0.9193998141124153,0.8610869295036578,0.9807430393934877,0.9736938476566515,5.0,0.9508177786837531,0.7211068254485895,6924.0,56888.0,1117.0,607.0
ANFC_002649.png,0.8182952183078105,0.6924700915209395,0.8590135312295921,0.7812624057454992,0.9718221025182513,0.9599914550787356,5.385164807134504,0.8892668445357522,0.6625283411405541,5904.0,57010.0,1653.0,969.0
ANFC_002650.png,0.7238439161677356,0.5672064141538741,0.8712871287439538,0.6190803020557515,0.9638407036409505,0.9579925537115785,15.239549134153453,0.7812882832672116,0.6265616005324471,3608.0,59175.0,2220.0,533.0
ANFC_002654.png,0.8618095560920495,0.7571751816413987,0.8567578493657515,0.8669211890009653,0.9832057128110951,0.9688873291020373,4.0,0.9594445360339232,0.8059920092087428,6358.0,57139.0,976.0,1063.0
ANFC_002655.png,0.8415629706077861,0.7264641489153716,0.8746293245676063,0.8109057583914914,0.9791813809575357,0.969497680664528,4.0,0.9542842977119815,0.7086660342611832,5309.0,58228.0,1238.0,761.0
ANFC_002656.png,0.8656445993124986,0.763115861928601,0.8970248411471656,0.8363856719854046,0.9792704565621498,0.970581054687949,4.0,0.9690686470621197,0.8266323152455312,6211.0,57397.0,1215.0,713.0
ANFC_002657.png,0.8821209833138585,0.789102371691819,0.9443147117039133,0.8276133501530836,0.9817405659593833,0.9785614013675147,3.0,0.9769047386121552,0.8648618024115459,5257.0,58874.0,1095.0,310.0
ANFC_002660.png,0.8567373873655902,0.7493793446189946,0.9126228269217501,0.8073014175170766,0.9755435243805173,0.9691925048832827,3.0,0.9868057535893382,0.8354953143945766,6037.0,57480.0,1441.0,578.0
ANFC_002661.png,0.8331166016616284,0.7139673105922782,0.929400386860851,0.7549096622537456,0.9741576384061532,0.9706268310551358,4.123105625617661,0.9189827004207468,0.789336208928722,4805.0,58806.0,1560.0,365.0
ANFC_002664.png,0.8244786944855413,0.7013728212708048,0.8651065449267301,0.7874956702827337,0.9796449900467876,0.9704589843754509,5.0,0.9311589062584722,0.6791273426305142,4547.0,59053.0,1227.0,709.0
ANFC_002665.png,0.8674191697042651,0.7658783784047435,0.8919344262436807,0.8442154915784241,0.9783288149060053,0.9682769775395467,5.299321219071936,0.938193865454414,0.7261093169060281,6801.0,56656.0,1255.0,824.0
ANFC_002666.png,0.8459938595774988,0.7330930312850853,0.8929542128595119,0.8037260068114931,0.9828321235168167,0.9762725830081747,6.0,0.9158630097622319,0.710164669301259,4271.0,59710.0,1043.0,512.0
ANFC_002667.png,0.8689533861120144,0.7682737169775301,0.9013423693599188,0.8388114008685492,0.9770319547901589,0.9681701660161108,4.123105625617661,0.9639052355187254,0.6792164753798009,6916.0,56534.0,1329.0,757.0
ANFC_002670.png,0.8919650917926598,0.8049972841112171,0.927119174237235,0.859379530319023,0.9835987961180954,0.9780883789065844,4.242640687119285,0.9707917982377348,0.7388446438044588,5928.0,58172.0,970.0,466.0
ANFC_002671.png,0.7923830507222575,0.6561542972791976,0.9503586259012496,0.6794413332649996,0.9135238441952398,0.9194793701184163,15.106196760337209,0.809197770587535,0.37797733609241785,10070.0,50189.0,4751.0,526.0
ANFC_002672.png,0.8930251310379637,0.8067257496896048,0.9587361131209442,0.8357439316015918,0.9777152120130072,0.9757080078128708,6.113594362117836,0.9778175146111177,0.6514940996447279,6645.0,57299.0,1306.0,286.0
ANFC_002673.png,0.7948607127501921,0.6595592071166172,0.9394445992440379,0.6888450013832168,0.9165768956906905,0.9203338623059032,19.0,0.7362870497445901,0.3557370292813561,10115.0,50200.0,4569.0,652.0
ANFC_002674.png,0.7736920255241775,0.6309116809642576,0.953909110498835,0.6507493388700045,0.9609643144538623,0.9604644775396659,7.0,0.9458841671132489,0.45059650046682737,4429.0,58516.0,2377.0,214.0
ANFC_002675.png,0.8265831651012903,0.7044241573241276,0.9378272251367028,0.7389318600560639,0.9353756382214556,0.9357757568369176,15.811388300841896,0.7642402676182708,0.518645865007604,10031.0,51296.0,3544.0,665.0
ANFC_002676.png,0.8592924835521021,0.753297818397603,0.8930827067829951,0.827965983573405,0.9790442550015446,0.9703216552738905,5.656854249492381,0.9308903321167952,0.7707847060128963,5939.0,57652.0,1234.0,711.0
ANFC_002677.png,0.8427189611974667,0.7281886879486629,0.8507223114364039,0.8348647939525164,0.9898216770770928,0.981887817383089,5.0990195135927845,0.8937214768987222,0.7571907658240816,3180.0,61169.0,629.0,558.0
ANFC_002678.png,0.8689605215596552,0.7682848725799558,0.9358714308104429,0.8109789075431343,0.9763559795021504,0.9723968505863588,4.47213595499958,0.9426942297971904,0.7858800735611262,5998.0,57729.0,1398.0,411.0
ANFC_002679.png,0.7270920733354944,0.5712055508115862,0.8398367763734158,0.6410356239748811,0.9700722226735361,0.9622802734380757,8.54400374531753,0.8301630366655889,0.4547152165215458,3293.0,59771.0,1844.0,628.0
ANFC_002680.png,0.8039882516769216,0.672224376415636,0.9723312768793548,0.6853340361463521,0.9603236579334354,0.9613037109380905,5.0,0.9523513510676678,0.6687003908044822,5201.0,57799.0,2388.0,148.0
ANFC_002681.png,0.7944732297317453,0.6590257880354019,0.8216381730488292,0.7690470504492364,0.9843062791115389,0.974578857422263,10.880824987154764,0.8493426234106618,0.5792158547523076,3220.0,60650.0,967.0,699.0
ANFC_002682.png,0.8032825103835836,0.6712382140052023,0.9803118242881175,0.6804107425212946,0.9287035894918201,0.9356231689462949,15.811388300841896,0.8674028218737364,0.4304952956662219,8614.0,52703.0,4046.0,173.0
ANFC_002683.png,0.8278973587824092,0.7063352045143276,0.9564556412252736,0.7298036291548758,0.9421059172343262,0.9441223144539778,14.317821063276353,0.8925438839044114,0.4650087314880456,8808.0,53066.0,3261.0,401.0
ANFC_002684.png,0.8885555457562624,0.7994601460940409,0.9495520980717066,0.8349224774202038,0.9637545284090266,0.9614562988287132,16.4250368862572,0.9430582903951145,0.5298069518039803,10070.0,52940.0,1991.0,535.0
ANFC_002685.png,0.8740470450332933,0.7762731481740425,0.8836627141128244,0.864638391148042,0.9818796810826997,0.9705047607426377,4.0,0.9753284460647698,0.797367456674272,6707.0,56896.0,1050.0,883.0
ANFC_002686.png,0.8192061016087353,0.6937756900488034,0.8706705969525901,0.7734860884538507,0.988984750565264,0.9840850830080554,4.123105625617661,0.9377019223617921,0.6863168494069469,2363.0,62130.0,692.0,351.0
ANFC_002687.png,0.8220017150775448,0.6977953411610242,0.8387500000403125,0.8059092001427073,0.9868694747792045,0.9778289794925259,8.037056941059324,0.9046062429521423,0.7340714037142219,3355.0,60728.0,808.0,645.0
ANFC_002688.png,0.8442764717286352,0.7305176809965062,0.8857526881873988,0.8065108310113192,0.9727864224736164,0.9629058837896286,4.123105625617661,0.9601363749246322,0.7647331023424753,6590.0,56515.0,1581.0,850.0
ANFC_002689.png,0.8073122529961607,0.6768848385316529,0.8864376130609629,0.7411551255696537,0.9863631294708327,0.9821472167971476,4.47213595499958,0.972972469812553,0.6935903683363384,2451.0,61915.0,856.0,314.0
ANFC_002690.png,0.8472847996386904,0.7350339436875059,0.8990941117516119,0.8011210762777754,0.9855917611515936,0.9803466796878,4.0,0.9779901797223212,0.754847272903974,3573.0,60675.0,887.0,401.0
ANFC_002691.png,0.8294402211589882,0.7085842484698802,0.8856257379153445,0.7799584091785862,0.971187882914037,0.9623413085943248,5.0,0.9390121810132154,0.7038518912962348,6001.0,57067.0,1693.0,775.0
ANFC_002692.png,0.7799963363656354,0.6393393394476459,0.8967986521074984,0.6901134522884559,0.9848643171529581,0.9816741943362173,5.0,0.926323514483557,0.6054153597907519,2129.0,62206.0,956.0,245.0
ANFC_002693.png,0.8473154362599095,0.7350800582792513,0.8940313606742459,0.8052391799988065,0.986116072878664,0.9805603027346718,3.605551275463989,0.9791879771934574,0.695076935137326,3535.0,60727.0,855.0,419.0
ANFC_002697.png,0.852219626182611,0.742493638720527,0.9176100629103543,0.7955288986194967,0.9814863575028554,0.9768371582034785,3.605551275463989,0.9620506192859201,0.766013377258441,4377.0,59641.0,1125.0,393.0
ANFC_002698.png,0.7898273817644186,0.652656794500728,0.9581202046169692,0.6718224614051058,0.9765414690428064,0.975662231445684,4.47213595499958,0.9794623723762214,0.6038815984553059,2997.0,60944.0,1464.0,131.0
ANFC_002699.png,0.7824024665264553,0.6425788859285977,0.9479885057620723,0.6660609732150088,0.9733466546349532,0.9720001220707398,5.0,0.9284940686670694,0.6288312162459008,3299.0,60402.0,1654.0,181.0
ANFC_002700.png,0.860381861589063,0.7549738220322908,0.8522458629132691,0.8686746988215512,0.9891829308635597,0.978576660156577,4.123105625617661,0.9551684128281971,0.7094089069414139,4326.0,59806.0,654.0,750.0
ANFC_002701.png,0.8063907689108631,0.6755902584726546,0.9346707819098069,0.7090731707884734,0.9758143005454222,0.973373413086344,4.0,0.9564147771023045,0.6129648889128343,3634.0,60157.0,1491.0,254.0
ANFC_002702.png,0.8325576585135425,0.7131467045157429,0.9261389783879108,0.7561525456028269,0.9787873835597518,0.9752960205081895,6.324555320336759,0.9300176465332826,0.7328332699583928,4025.0,59892.0,1298.0,321.0
ANFC_002703.png,0.8339033775295102,0.7151237397405822,0.913369234391625,0.767158308797019,0.9806741206238362,0.9762878417972369,5.0,0.9201264876574236,0.7513502958817608,3901.0,60081.0,1184.0,370.0
ANFC_002704.png,0.8411466418460989,0.7258439007455181,0.9091722595281493,0.7825919507447348,0.981511806897758,0.97657775878942,5.0,0.9418880715145997,0.6993244560388711,4064.0,59937.0,1129.0,406.0
ANFC_002705.png,0.8370370370525131,0.7197452229757072,0.9012269938852296,0.7813829787621661,0.979668898196424,0.9738159179691497,5.0,0.9505639198753599,0.7090076093805201,4407.0,59413.0,1233.0,483.0
ANFC_002718.png,0.8419189933253428,0.7269949066522926,0.8888735123320131,0.7996762948456578,0.9724061052997358,0.9631958007818117,5.830951894845301,0.9542026987033347,0.7578078444111465,6423.0,56701.0,1609.0,803.0
ANFC_002719.png,0.8225390359930388,0.6985701107358661,0.899881164601919,0.7574393598702877,0.9670090470041662,0.9601135253912337,4.47213595499958,0.9590943819002048,0.6156030378110373,6058.0,56864.0,1940.0,674.0
ANFC_002720.png,0.8074011774735491,0.6770098730986119,0.8486813025123499,0.7699505414022256,0.970705884355977,0.9580688476568899,5.0,0.9492751325143154,0.6333509670663895,5760.0,57028.0,1721.0,1027.0
ANFC_002721.png,0.8327699343972191,0.7134582623997516,0.9110289319314707,0.766892510571893,0.9791102577991252,0.9743347167972667,4.0,0.8868549590074425,0.8010919615277451,4188.0,59666.0,1273.0,409.0
ANFC_002722.png,0.7654401037825515,0.6200105043014679,0.8453276047814795,0.6993483413212831,0.9838228965783622,0.9779205322268996,4.0,0.8121664395975126,0.7434759761229177,2361.0,61728.0,1015.0,432.0
ANFC_002723.png,0.830218961385966,0.7097216778303171,0.8940740741002287,0.7748769527552156,0.9828904140782798,0.9774017333987824,3.605551275463989,0.9003050853075836,0.8177398927767223,3621.0,60434.0,1052.0,429.0
ANFC_002724.png,0.7962300942807556,0.6614470843246633,0.8533611982398602,0.7462686567937044,0.9867070932739694,0.9808654785159171,3.1622776601683795,0.9106759456702329,0.7886128543048396,2450.0,61832.0,833.0,421.0
ANFC_002725.png,0.8013973081473957,0.6686096348930893,0.831379236872441,0.7735025783868499,0.9812309967954437,0.9705047607426377,3.1622776601683795,0.9205083043434336,0.735806599641482,3900.0,59703.0,1142.0,791.0
ANFC_002726.png,0.795230689511797,0.660068846913348,0.9084090012205255,0.7071296866296467,0.9848737361715335,0.9819183349612135,3.0,0.9507364194012458,0.8342620253980472,2301.0,62050.0,953.0,232.0
ANFC_002727.png,0.7196938636436117,0.5621263877963009,0.7053308331890354,0.7346540179311791,0.9846123974566832,0.9687042236332901,6.0,0.8009274142040101,0.652902023973981,2633.0,60852.0,951.0,1100.0
ANFC_002728.png,0.8043601359280351,0.6727444945127291,0.873347679104412,0.7454736290355619,0.9844259268181619,0.9789123535159469,4.709674775249793,0.90089020891273,0.7451349254080523,2841.0,61313.0,970.0,412.0
ANFC_002729.png,0.7940527013404898,0.6584472657083869,0.8526715144316561,0.7429752066823759,0.9850416045406659,0.9786529541018884,4.123105625617661,0.9040350750604563,0.7170018172559952,2697.0,61440.0,933.0,466.0
ANFC_002736.png,0.7301859800485877,0.575033799200075,0.8540829987589806,0.6376811596013587,0.9886793042067912,0.9856109619142822,7.211102550927978,0.8501113544771498,0.49414643004065695,1276.0,63317.0,725.0,218.0
ANFC_002737.png,0.800037782204587,0.6667191436292949,0.8934599156342912,0.72430306144616,0.9734850977042324,0.9676971435551806,6.0,0.8806863866714456,0.6389279807503305,4235.0,59184.0,1612.0,505.0
ANFC_002738.png,0.6878599401778714,0.5242275282569426,0.6418744627506989,0.7409429281682666,0.9917418130044021,0.9793243408206281,25.076878387890137,0.7938753092991677,0.533286527815268,1493.0,62688.0,522.0,833.0
ANFC_002739.png,0.767001720568052,0.6220622797264891,0.9234627126202655,0.6558773424723746,0.9635438884337401,0.9607391357427867,33.277810865389014,0.80665503422495,0.6014171883932083,4235.0,58728.0,2222.0,351.0
ANFC_002740.png,0.7623433103703394,0.6159570071864585,0.6904541243325051,0.85094231876017,0.9958818517467278,0.9858245849611539,12.817856291642666,0.8092608854825932,0.6671346781911134,1490.0,63117.0,261.0,668.0
ANFC_002741.png,0.7842525147602972,0.6450784593944253,0.8289642530102723,0.744117163115992,0.9741182736643179,0.9620361328130794,61.29437168288782,0.8164933298313751,0.6027410986765366,4522.0,58526.0,1555.0,933.0
ANFC_002748.png,0.7326492331752567,0.5780950723353482,0.7795257103123912,0.6910907577662175,0.9757821042156799,0.9630279541021267,12.0,0.8236136450608038,0.6766422472070812,3320.0,59793.0,1484.0,939.0
ANFC_002749.png,0.824570758256951,0.701506078805751,0.913731978276121,0.7512631170324012,0.9791207894954878,0.9748992919925706,4.47213595499958,0.9315161796352578,0.812073700422141,3866.0,60025.0,1280.0,365.0
ANFC_002750.png,0.7775887490328243,0.6361105957253459,0.8851019881525686,0.6933656958549017,0.9754147543912003,0.9700775146488941,4.683281572999676,0.8658868797572178,0.7302971399579458,3428.0,60147.0,1516.0,445.0
ANFC_002777.png,0.8383458646954164,0.7216828479965183,0.9069136918631209,0.7794174758138185,0.9910301154400292,0.9881896972658053,4.242640687119285,0.9669679118907932,0.6588001181797407,2007.0,62755.0,568.0,206.0
ANFC_002778.png,0.7615705614793654,0.6149486905169324,0.7510288066309335,0.7724124663769887,0.9803455723545382,0.9616394042974604,10.816653826391969,0.8649622604351777,0.7019717711482563,4015.0,59007.0,1183.0,1331.0
ANFC_002779.png,0.8466257669005702,0.7340425532799061,0.9604175728749815,0.7569420638474659,0.9887882094345274,0.9877929687501864,11.497730300161502,0.9273771943741026,0.7421200111741876,2208.0,62528.0,709.0,91.0
ANFC_002780.png,0.6586387434912421,0.49102263864308776,0.8661525750850585,0.5313397534158912,0.9551894031184042,0.9502563476570092,80.52484084288042,0.7153622559168196,0.6427167759956754,3145.0,59131.0,2774.0,486.0
ANFC_002781.png,0.8537011851848259,0.7447457627983912,0.8891137191869228,0.8210014948352012,0.9924046618569349,0.9885101318361129,8.168013654783554,0.9257140951626356,0.7377170500075955,2197.0,62586.0,479.0,274.0
ANFC_002782.png,0.6990271585225956,0.5373111077212477,0.8172985782423462,0.6106586402955632,0.9641366038234044,0.9546813964850666,77.10382610480494,0.7712042072533258,0.6194732292073306,3449.0,59117.0,2199.0,771.0
