filename,dice,iou,sensitivity,precision,specificity,accuracy,hd95,cldice,boundary_f1,tp,tn,fp,fn
ANFC_000029.png,0.9069525268050871,0.8297466935855473,0.9032454856145381,0.9106901217971841,0.9873386815488779,0.9768218994144163,7.0,0.9649994957103522,0.4197711691659465,7403.0,56614.0,726.0,793.0
ANFC_000030.png,0.7675765095394569,0.6228187920186349,0.7870123576963866,0.7490774908327772,0.9822827272878196,0.9699859619145206,22.70971277983435,0.8206628482546254,0.5207113161526391,3248.0,60321.0,1088.0,879.0
ANFC_000031.png,0.8175119202515286,0.6913489736321807,0.8336935167157472,0.8019465180192813,0.9621359924856902,0.9421844482430698,7.0,0.9417006472677499,0.5769304192920343,8487.0,53260.0,2096.0,1693.0
ANFC_000032.png,0.764758997301253,0.6191172375648066,0.8212207960272213,0.7155616350405889,0.935383040562718,0.9165191650403364,30.59411708155671,0.8690891326969294,0.678553636572431,8893.0,51172.0,3535.0,1936.0
ANFC_000033.png,0.7555813653532338,0.6071761900231073,0.7920725108506396,0.7223044658620399,0.96128577325328,0.9421997070321321,9.305319127198295,0.83063567021388,0.6790845697384288,5855.0,55893.0,2251.0,1537.0
ANFC_000034.png,0.8341949312927629,0.7155526714562457,0.8477703741866004,0.821047406326502,0.9750225178414913,0.9598693847662374,5.385164807134504,0.9144540755103142,0.7139943551610666,6616.0,56290.0,1442.0,1188.0
ANFC_000035.png,0.852165887993761,0.7424120603273958,0.9274325172721365,0.7881988903341657,0.9655208351432922,0.9608917236334094,5.0,0.9856349892259607,0.6198464735483681,7387.0,55586.0,1985.0,578.0
ANFC_000036.png,0.7875015877318047,0.6494866960717606,0.9303721488804405,0.6826690157052039,0.9768342871844763,0.9744720458988272,9.984885780179606,0.9131990764870807,0.4537050863256124,3100.0,60763.0,1441.0,232.0
ANFC_000037.png,0.8273387441411928,0.7055223663550164,0.8946784922589286,0.7694263467711066,0.9758665424792784,0.9691619873051581,6.0,0.8848535163097498,0.6029639472512542,4842.0,58673.0,1451.0,570.0
ANFC_000038.png,0.8391618932891799,0.7228931307982219,0.8736660389401026,0.807279582394536,0.9775370157532023,0.9674377441411219,10.44030650891055,0.8914744546543112,0.576878302871421,5567.0,57835.0,1329.0,805.0
ANFC_000039.png,0.8477099046077763,0.7356740355669117,0.8299266503833813,0.8662719477474202,0.9763157418962536,0.9534759521491475,5.830951894845301,0.9423981311278317,0.7166629719044201,8486.0,54001.0,1310.0,1739.0
ANFC_000040.png,0.783571951103377,0.6441580756319452,0.7436278885506666,0.8280508006816067,0.9719221683232301,0.9367980957040895,9.055385138137417,0.8669030431502169,0.5790868986007975,7498.0,53896.0,1557.0,2585.0
ANFC_000041.png,0.7908190341504149,0.6540121425167134,0.7812145041694002,0.8006626668039166,0.958847127988781,0.9278259277354763,9.433981132056603,0.8888513809562479,0.6252787544454478,8941.0,51865.0,2226.0,2504.0
ANFC_000042.png,0.9129225502874494,0.8397953159142304,0.9111680546847816,0.9146838156667344,0.993459648661636,0.9875793457033146,5.966190378969053,0.9357289973039989,0.7852766130936988,4267.0,60455.0,398.0,416.0
ANFC_000043.png,0.8112819271388887,0.6824847250832501,0.8870946393266586,0.7474071596133147,0.9609354788644394,0.9524230957038511,5.0990195135927845,0.9373947717725841,0.7391329891110554,6702.0,55716.0,2265.0,853.0
ANFC_000044.png,0.8081601061583281,0.6780777437908825,0.8192109392715522,0.7974034475455594,0.9671989260612711,0.947052001953933,23.0,0.9137472026958482,0.7030244994040495,7309.0,54757.0,1857.0,1613.0
ANFC_000045.png,0.8205707827171195,0.69573550553946,0.8697735713585991,0.7766367137594526,0.9634894822437271,0.9515533447273018,6.324555320336759,0.9065858360829437,0.7297061366098551,7260.0,55101.0,2088.0,1087.0
ANFC_000046.png,0.7826468395059593,0.6429086192243508,0.7076227492894723,0.8754661432899444,0.9760244856321483,0.9243927001964662,10.198039027185569,0.9182198507517438,0.5247354684666435,8921.0,51660.0,1269.0,3686.0
ANFC_000047.png,0.7570487091939424,0.6090735130275017,0.7282867766490336,0.788175815127097,0.9627045978897542,0.9251861572277041,39.813942029092416,0.7769910080659368,0.5062229737701799,7639.0,52994.0,2053.0,2850.0
ANFC_000048.png,0.7490293425148603,0.5987585224790111,0.7952426003790725,0.7078922040774913,0.9582365791155678,0.9398345947274807,7.0710678118654755,0.844648786983656,0.6139735810511695,5884.0,55709.0,2428.0,1515.0
ANFC_000049.png,0.7714367323752392,0.6279177904186816,0.768932923383563,0.7739569005302663,0.9652541626294555,0.9389495849618692,6.332412212046361,0.8872782064926078,0.6987530539823749,6752.0,54783.0,1972.0,2029.0
ANFC_000050.png,0.8409948137764619,0.7256178175810416,0.842782896309617,0.8392143025359663,0.9760469598742588,0.9588317871100033,5.0,0.9364753352572331,0.7189371386706698,7135.0,55703.0,1367.0,1331.0
ANFC_000051.png,0.8119760479154505,0.6834677419673924,0.8267284477714024,0.797740910719174,0.9700183134216444,0.9520874023444812,4.242640687119285,0.9269783695293955,0.7831618750893504,6780.0,55616.0,1719.0,1421.0
ANFC_000052.png,0.8331052784412196,0.7139506787212031,0.8477637130930157,0.8189451373751573,0.9586298103796403,0.9385833740243748,10.00997512422417,0.8875876871971348,0.7213493655528993,10046.0,51465.0,2221.0,1804.0
ANFC_000053.png,0.8361132661056966,0.7183802699784719,0.8977509371201842,0.7823956443028679,0.9571265107638359,0.948425292969537,9.219544457292887,0.9235583954606543,0.582797546289604,8622.0,53534.0,2398.0,982.0
ANFC_000054.png,0.863237518917638,0.759382486047433,0.8540211534769486,0.8726549755431633,0.9775011708762203,0.9586181640631315,5.0,0.9309496823622079,0.7614929965813267,8559.0,54265.0,1249.0,1463.0
ANFC_000055.png,0.8329243617963354,0.7136849871107573,0.8932594644604562,0.7802242116476954,0.9501882791659015,0.9407806396493412,19.34404632803708,0.9008542773390718,0.6404749041431431,9674.0,51981.0,2725.0,1156.0
ANFC_000056.png,0.8073361823476177,0.6769184831614493,0.9411846111346271,0.7068177094463919,0.9516206482601334,0.9504699707038808,4.0,0.9439350792050701,0.8005030026084081,6801.0,55489.0,2821.0,425.0
ANFC_000057.png,0.7165718350432837,0.5583264063290867,0.8614792647022321,0.6133942162516305,0.9799041093725983,0.9756774902347463,5.0,0.8568003682438257,0.7433824989954572,2015.0,61927.0,1270.0,324.0
ANFC_000058.png,0.6670670670892849,0.5004505858115099,0.6198685353317787,0.7220456515859512,0.9665234109935705,0.9238739013683492,35.105549215222474,0.7694991632801619,0.5676955906800456,4998.0,55549.0,1924.0,3065.0
ANFC_000059.png,0.8233225901070423,0.6997011952490337,0.8553512723906792,0.793605964777044,0.9681279765544698,0.9539947509772646,4.0,0.9266069003413334,0.8157076048116135,7025.0,55496.0,1827.0,1188.0
ANFC_000060.png,0.7802940479143767,0.6397394770448391,0.882053344071565,0.6995854151483379,0.9513387860533562,0.943450927735238,4.0,0.9326781758929581,0.7664003721747977,6581.0,55249.0,2826.0,880.0
ANFC_000061.png,0.7339667458598595,0.5797373358763961,0.8408765396962365,0.6511756877050604,0.9462888957211072,0.935058593750991,11.507785231896237,0.8598313524964851,0.7003013482223088,5871.0,55409.0,3145.0,1111.0
ANFC_000062.png,0.7178139779460609,0.5598360656138583,0.7423913043789383,0.6948118006448727,0.9528433701279718,0.9262542724620628,32.014840127806025,0.8337646824877315,0.6991862700199357,6147.0,54556.0,2700.0,2133.0
ANFC_000063.png,0.6802092951923507,0.5153917911012836,0.7117552335407802,0.6513409962199616,0.9601186663526933,0.9365844726572178,31.27297929381459,0.7264192408167807,0.5837782671847548,4420.0,56960.0,2366.0,1790.0
ANFC_000064.png,0.6133141935020071,0.4422877848234245,0.9379802415269044,0.45561183698863994,0.9679505289266417,0.9671173095708143,129.71487587501855,0.7416263204828876,0.28279104862277515,1709.0,61672.0,2042.0,113.0
ANFC_000065.png,0.7881622740138381,0.6503859858001209,0.9100540091586926,0.6950658417110795,0.9683475511352007,0.964065551758361,4.0,0.9358141379479935,0.762304008435368,4381.0,58800.0,1922.0,433.0
ANFC_000066.png,0.7835468644931157,0.6441241685933206,0.9263392857377745,0.6788969386120829,0.9779807692311221,0.9755096435550613,15.132745950421556,0.8463966873145929,0.7570692601033951,2905.0,61026.0,1374.0,231.0
ANFC_000067.png,0.6477157361300214,0.4789789791745575,0.6200194365306029,0.6780021255696057,0.990453385425022,0.9788208007815733,20.310875885513834,0.6609006190437485,0.6102016310867657,1276.0,62872.0,606.0,782.0
ANFC_000068.png,0.7691589657641035,0.6249052025443796,0.7519620369133123,0.7871608712672601,0.9814509549264624,0.9622650146490134,7.644944591370338,0.8972460894484006,0.7091163550330887,4120.0,58943.0,1114.0,1359.0
ANFC_000069.png,0.8010576856307107,0.6681369704389859,0.8279631760891882,0.7758458013511463,0.9716134098052094,0.9563751220709783,5.0,0.9173934417645547,0.7934675136556657,5756.0,56921.0,1663.0,1196.0
ANFC_000070.png,0.7708140915839283,0.6270931730756663,0.826425236974618,0.7222153542190363,0.9615680640367803,0.9469909667976839,12.859644256269375,0.8792534612729562,0.7503649966588718,5842.0,56220.0,2247.0,1227.0
ANFC_000071.png,0.7823960880400229,0.642570281179708,0.853158326527244,0.7224730809790773,0.973656445763705,0.9646911621099139,5.385164807134504,0.9128608970402694,0.7159350830721667,4160.0,59062.0,1598.0,716.0
ANFC_000072.png,0.7725665803034252,0.6294162827844024,0.8199099550675788,0.7303921569828913,0.9904779892032913,0.9852752685549123,4.0,0.8240182386240328,0.7887463900957579,1639.0,62932.0,605.0,360.0
ANFC_000073.png,0.764391424243746,0.6186355770453925,0.817426886530578,0.7178186430228474,0.9533437014005043,0.9361114501962875,10.04987562112089,0.8891163563567478,0.736823512464921,6792.0,54557.0,2670.0,1517.0
ANFC_000074.png,0.5274016764901994,0.3581436079868023,0.6001467354364294,0.47038527920046846,0.9856481697912572,0.9776306152347164,36.32075906312792,0.5995198829142264,0.545715926331554,818.0,63252.0,921.0,545.0
ANFC_000075.png,0.7967075038673991,0.6621062680044205,0.8010007698995378,0.7924600153113251,0.9913406844832797,0.9837951660158724,3.1622776601683795,0.9517363620091758,0.7466565183018609,2081.0,62393.0,545.0,517.0
ANFC_000076.png,0.7170611880619628,0.5589208007730337,0.6969828522472361,0.738330650784472,0.9813225229368392,0.9613342285162151,37.21558813185679,0.8044208683537316,0.7464136865349689,3211.0,59791.0,1138.0,1396.0
ANFC_000078.png,0.7817681860026857,0.6417236662596821,0.7749876094870333,0.7886684600220799,0.978867911840713,0.9600372314459223,5.0,0.8957793668375953,0.7876147728306601,4691.0,58226.0,1257.0,1362.0
ANFC_000079.png,0.7540672451526481,0.6052230686386891,0.8266944114664999,0.6931704886108747,0.98020009007302,0.9723205566410474,4.0,0.8356596498511667,0.7516446745257456,2781.0,60941.0,1231.0,583.0
ANFC_000080.png,0.7326103216655552,0.5780466215467552,0.8155703581117526,0.664969450215557,0.9843665853583747,0.9781799316409581,46.8987828151231,0.8368145101801657,0.7545779256366747,1959.0,62147.0,987.0,443.0
ANFC_000081.png,0.8562796720516705,0.7486792454726948,0.831517183712056,0.8825622776845531,0.9979484947857895,0.9949188232422651,4.507716446627552,0.9525563670215415,0.929995903105509,992.0,64211.0,132.0,201.0
ANFC_000082.png,0.7522518730741433,0.6028875995678198,0.7149943991494648,0.7936056838732495,0.9804004250513536,0.9550933837897478,8.54400374531753,0.8561970766530652,0.7690336412411419,4468.0,58125.0,1162.0,1781.0
ANFC_000083.png,0.7904295186234608,0.6534795043723832,0.8507601613866708,0.7380888291418334,0.9843852807602846,0.9778137207034636,4.47213595499958,0.9221316195442246,0.7785777110371013,2742.0,61340.0,973.0,481.0
ANFC_000084.png,0.6647191011989394,0.4978121846187102,0.8872225555565552,0.5314408912930504,0.9795832093820228,0.9772338867190975,61.55559219740227,0.8241374407731775,0.6986965807916188,1479.0,62565.0,1304.0,188.0
ANFC_000140.png,0.8945436750737372,0.8092076140096052,0.9047265528452454,0.8845874667451503,0.9833954119820483,0.9736938476566515,4.0,0.9554362185414457,0.8531757719913395,7312.0,56500.0,954.0,770.0
ANFC_000141.png,0.8622186216155189,0.7578069372639806,0.9040165028632428,0.8241150442672439,0.9722488873379483,0.963668823242742,4.0,0.9781779888253161,0.7640812555870895,7450.0,55705.0,1590.0,791.0
ANFC_000142.png,0.819212154639514,0.6937843727618778,0.9314572304358516,0.7311098961475003,0.9578635319929082,0.9549713134772497,9.486832980505138,0.8994792622218282,0.7160361074859742,6686.0,55899.0,2459.0,492.0
ANFC_000143.png,0.8516599952995255,0.741644453584002,0.8851095069270636,0.8206466250912483,0.9724386799858369,0.9615478515630869,4.0,0.9448341675283315,0.7670781638513879,7234.0,55782.0,1581.0,939.0
ANFC_000144.png,0.7782800379609197,0.6370363603474295,0.8698852295571501,0.7041300616273726,0.9490611961065879,0.9393768310556126,18.05266054700639,0.8236588029549242,0.7061540779269077,6973.0,54590.0,2930.0,1043.0
ANFC_000145.png,0.8263832549224093,0.7041338310930273,0.8883656026707892,0.7724859700026565,0.9749176462723456,0.9673461914067484,19.260730506745197,0.8936473357930527,0.61346913245645,5093.0,58303.0,1500.0,640.0
ANFC_000146.png,0.8341300191402808,0.7154571546298775,0.8264267109101522,0.8419782871310063,0.9893171105640025,0.9788208007815733,73.24063410746328,0.8672842198151106,0.4979359459922048,3490.0,60658.0,655.0,733.0
ANFC_000147.png,0.6751809281236311,0.5096401029853342,0.9237041351638299,0.5320362296101858,0.9781413058810363,0.9767150878909804,58.907117523531824,0.6164209479896169,0.46016610730144,1586.0,62424.0,1395.0,131.0
ANFC_000148.png,0.8555660250467381,0.7475888026643627,0.921961125627798,0.7980914113764326,0.9725793799670445,0.9672546386723747,3.1622776601683795,0.9803916554889979,0.8106982154372677,6356.0,57034.0,1608.0,538.0
ANFC_000149.png,0.804141626254135,0.6724388472181595,0.8403450363437734,0.7709287797069375,0.9719997284826908,0.9587249755865674,7.615773105863909,0.9228502631317397,0.603040925777964,5553.0,57278.0,1650.0,1055.0
ANFC_000150.png,0.8136810279784782,0.6858872252643212,0.917211019608462,0.7311523658896137,0.9593975450480494,0.9548645019538138,22.640347168057794,0.905971786314782,0.8279922871899587,6459.0,56119.0,2375.0,583.0
ANFC_000151.png,0.8596362927278224,0.7538264215687194,0.8887096774305736,0.8324048720770083,0.9680847238210571,0.956069946289733,4.0,0.9783239451006984,0.8003211176703157,8816.0,53841.0,1775.0,1104.0
ANFC_000152.png,0.7713572921737336,0.6278125343400491,0.8693009118739664,0.6932493031519513,0.9570696790834339,0.9482574462898521,24.873860345825904,0.874519881331679,0.6880665838287364,5720.0,56425.0,2531.0,860.0
ANFC_000153.png,0.7459636730735392,0.5948501307991501,0.8592183641058814,0.6590883762778237,0.9478458049895513,0.9385375976571879,25.0,0.8218596355175389,0.6390768437902558,5914.0,55594.0,3059.0,969.0
ANFC_000154.png,0.8035816346095395,0.67165605099027,0.8912522890701152,0.7316142460994896,0.9602820131088132,0.9528045654304077,5.0,0.9141061819189011,0.7253193689875949,6327.0,56116.0,2321.0,772.0
ANFC_000155.png,0.8438548825398831,0.7298866464169306,0.9025641025752064,0.7923169267914849,0.9634255915159453,0.9552764892584951,4.0,0.954299461581148,0.8062028128955808,7920.0,54685.0,2076.0,855.0
ANFC_000156.png,0.827086799116637,0.7051560154004411,0.8844704897688426,0.7766954604343511,0.9800026333984002,0.9730377197269741,7.615773105863909,0.9137627025105917,0.7730797351497944,4226.0,59543.0,1215.0,552.0
ANFC_000157.png,0.8231270706517513,0.6994188158645642,0.8625825960507804,0.7871231476967682,0.9632024307954281,0.9494934082038958,5.0,0.9130154867679998,0.723183342030045,7702.0,54524.0,2083.0,1227.0
ANFC_000159.png,0.7844321712302009,0.6453215959611924,0.9128339024075449,0.6876985928752158,0.9659164093339182,0.9618835449224568,5.0990195135927845,0.9093762443974545,0.674750964202747,4545.0,58493.0,2064.0,434.0
ANFC_000160.png,0.8653033858621989,0.7625856771729396,0.8807151631116807,0.8504217185226118,0.9805012970506193,0.9693450927739053,9.0,0.9399288272477777,0.5671770875419724,6453.0,57074.0,1135.0,874.0
ANFC_000161.png,0.8177935943708919,0.6917519568381987,0.8831667948630539,0.7614314116889123,0.9943955787344221,0.9921875000001193,4.0,0.9741692345788014,0.6577277103864525,1149.0,63875.0,360.0,152.0
ANFC_000162.png,0.8383495831681257,0.7216883591142575,0.9161519456584076,0.7727272727568733,0.970453775821699,0.9650878906255328,7.0,0.9069034616388482,0.42629163866226716,5933.0,57315.0,1745.0,543.0
ANFC_000163.png,0.8419753763513675,0.7270789922463023,0.8762127611073957,0.810312978317923,0.9251468321755083,0.9120635986341544,8.0,0.921345128755418,0.508841521770223,15353.0,44420.0,3594.0,2169.0
ANFC_000164.png,0.8174839767544536,0.6913090061327719,0.7692145862714436,0.8722169211297538,0.9686598018572303,0.9252624511730155,8.94427190999916,0.9200152209644534,0.5547976418519756,10969.0,49669.0,1607.0,3291.0
ANFC_000165.png,0.7619339749334023,0.6154227315196393,0.779049709912259,0.7455541382347449,0.9357546133163624,0.9052581787123832,15.132745950421556,0.8536176569172315,0.629308645824446,9936.0,49391.0,3391.0,2818.0
ANFC_000166.png,0.8546047860812604,0.7461221905800295,0.8765883592712708,0.8336968696672937,0.9428982045636318,0.9265747070323704,4.47213595499958,0.9721453211844426,0.7365152858921645,14142.0,46582.0,2821.0,1991.0
ANFC_000167.png,0.8182182839288838,0.692359911152039,0.8304833814619526,0.8063101911882773,0.9481999730918907,0.9239349365245982,7.810249675906654,0.9248247397397366,0.5787151800031968,11219.0,49332.0,2695.0,2290.0
ANFC_000168.png,0.8536675814096516,0.7446946170102621,0.8923864165153689,0.8181688939695524,0.9783539526464645,0.969894409180147,4.242640687119285,0.9533184797074271,0.7063906574665519,5755.0,57808.0,1279.0,694.0
ANFC_000169.png,0.7921134942028534,0.6557847036293549,0.8317888563247169,0.7560507517052937,0.9598673940123859,0.9432067871102418,14.0,0.8232713667821278,0.4886750776289733,7091.0,54723.0,2288.0,1434.0
ANFC_000170.png,0.8248102430556766,0.7018528184105098,0.9245445170291261,0.7444982699315573,0.9690880471554792,0.9651336669927196,11.852349955359813,0.8982985255378237,0.710208981076149,5379.0,57872.0,1846.0,439.0
ANFC_000171.png,0.8374024526243756,0.7202857553952973,0.9264878199243609,0.763946097138879,0.9058818758762823,0.9109802246107335,7.0,0.9681605711521359,0.49081386776220337,15023.0,44679.0,4642.0,1192.0
ANFC_000172.png,0.856557377054833,0.7491039426696234,0.8633619320095836,0.849859243052091,0.9637380071019918,0.9444580078133477,5.0,0.9492057278714495,0.7483511480011794,10868.0,51028.0,1920.0,1720.0
ANFC_000173.png,0.7748222884745539,0.6324162455778641,0.8225413826823644,0.7323363675962768,0.9303728482310311,0.9100952148451219,10.004987562112062,0.8825017144453817,0.6589071021779271,10137.0,49507.0,3705.0,2187.0
ANFC_000174.png,0.8126807564064138,0.6844669290158828,0.88418250031657,0.7518781517184442,0.9579033750640283,0.9486083984382843,7.0,0.9137050830477287,0.6942154157005591,7306.0,54862.0,2411.0,957.0
ANFC_000175.png,0.8086211610403435,0.6787271475806068,0.8857057296979731,0.7438799463662072,0.9449728016148822,0.935913085938478,7.0,0.9136319159227889,0.6217844284460243,8873.0,52463.0,3055.0,1145.0
ANFC_000176.png,0.8492799087462827,0.7380421313669119,0.8555627379260531,0.8430886828619797,0.9570457055401344,0.9354858398447345,6.0,0.9280735063846022,0.7388739940686571,11912.0,49396.0,2217.0,2011.0
ANFC_000177.png,0.8415342890454905,0.7264214047127735,0.9105645612198764,0.7822328931834054,0.9689277149714127,0.9625549316411964,4.47213595499958,0.9688610558892504,0.7695385132214034,6516.0,56566.0,1814.0,640.0
ANFC_000179.png,0.8049883514040033,0.673623853285866,0.8525399129600755,0.7624610592516975,0.9852635647680781,0.9782867431643939,3.0,0.9738589318884286,0.8070119632524198,2937.0,61176.0,915.0,508.0
ANFC_000180.png,0.7600507829200134,0.6129692833204813,0.8530715643044535,0.6853218011084556,0.9582235731178956,0.9480895996101671,6.324555320336759,0.8366463489489322,0.6227451749762111,5388.0,56746.0,2474.0,928.0
ANFC_000181.png,0.7128547579538519,0.5538261997984661,0.8039917153447578,0.6402759034877379,0.9601660440023219,0.947509765625801,21.736818660312746,0.7835906453854757,0.6544529269710058,4270.0,57826.0,2399.0,1041.0
ANFC_000182.png,0.7904023818998028,0.6534424093496386,0.8411929170697863,0.7453959864773808,0.9437470349971947,0.9269561767589272,8.06225774829855,0.9162460114904738,0.5784849505686656,9026.0,51723.0,3083.0,1704.0
ANFC_000183.png,0.7763885162448947,0.6345057451421362,0.8184183731396744,0.7384646794877027,0.9548124239385715,0.9364166259775328,12.153153197546152,0.8754517899085852,0.6437747956912157,7234.0,54135.0,2562.0,1605.0
ANFC_000184.png,0.7247820672763821,0.5683593750702539,0.8128491620547371,0.6539325843344694,0.9698236446771746,0.9595336914068676,36.630483413518554,0.7938729545261249,0.4728162148989278,3492.0,59392.0,1848.0,804.0
ANFC_000185.png,0.7503282275984323,0.6004202417089091,0.7846681922689546,0.7188679245872394,0.9780760553252121,0.9651794433599065,14.651974469188263,0.8530545919764455,0.597223280003146,3429.0,59825.0,1341.0,941.0
ANFC_000186.png,0.8483093592519794,0.7365774534085032,0.9633008061172463,0.7578437917627097,0.9761435007073732,0.9752197265628783,6.94164078649986,0.9635969269055829,0.47960148940523833,4541.0,59371.0,1451.0,173.0
ANFC_000187.png,0.812421946564614,0.6840998317885446,0.8813222543566975,0.7535135135515809,0.9734000000004434,0.9656219482427122,5.830951894845301,0.9248258360865012,0.7252691970580719,4879.0,58404.0,1596.0,657.0
ANFC_000188.png,0.8514420924824811,0.7413140312092078,0.9059608056742025,0.8031125588366375,0.9719529799963574,0.9645538330083535,5.0,0.9756201472430274,0.8105955656838537,6657.0,56556.0,1632.0,691.0
ANFC_000189.png,0.6697815380938388,0.503512435968909,0.6890996492543718,0.6515170126948143,0.9509500510044961,0.9201965332043428,34.88552708502482,0.7777094944322839,0.4140530883699305,5304.0,55002.0,2837.0,2393.0
ANFC_000190.png,0.8585499942786794,0.7521573349553711,0.8889943074091561,0.8301218161808696,0.9564929662691632,0.9434661865243003,3.605551275463989,0.9567423293037934,0.8638502899889858,11244.0,50587.0,2301.0,1404.0
ANFC_000191.png,0.7622310245410309,0.6158104134897404,0.8012604096778616,0.7268272764951352,0.9780989638751069,0.9661102294927048,17.606962445691472,0.8977069528415245,0.5169757291318691,3560.0,59755.0,1338.0,883.0
ANFC_000192.png,0.8076882900023307,0.6774137025271747,0.8852759331611458,0.742604686949173,0.9780934787232406,0.9719085693363663,4.0,0.9565791907677478,0.7014152637196786,3866.0,59829.0,1340.0,501.0
ANFC_000193.png,0.8737845923827801,0.7758592064127745,0.96053442960729,0.8014062768304911,0.9809134512373141,0.9794006347659394,7.0710678118654755,0.9536537266424915,0.5956588421674944,4673.0,59513.0,1158.0,192.0
ANFC_000194.png,0.7848488557223811,0.6458857891382933,0.8721610227292043,0.713427522559414,0.9557258993184311,0.9463500976570688,6.601426039226115,0.8712786260458314,0.6254183255206601,6413.0,55607.0,2576.0,940.0
ANFC_000195.png,0.813741650047118,0.6859733801604524,0.9003647533211399,0.7423235201216901,0.9409267389974069,0.9344787597666249,5.0,0.9494632614180208,0.7126261358246584,9380.0,51862.0,3256.0,1038.0
ANFC_000196.png,0.8416159025392107,0.7265430390446621,0.9012101965581315,0.7894143297654752,0.948018929202041,0.9396972656259203,3.1622776601683795,0.964016194886924,0.8140794637791936,10500.0,51084.0,2801.0,1151.0
ANFC_000197.png,0.7192518804777774,0.5615873016220962,0.6184774058545165,0.8592592592763498,0.978574729642692,0.9157104492200363,39.42879425082356,0.7816342922674158,0.5509139600658828,7076.0,52936.0,1159.0,4365.0
ANFC_000198.png,0.6721348827358999,0.5061770763534054,0.7837407014964184,0.5883526128486827,0.9837873503631541,0.9780426025393977,8.06225774829855,0.7756266069546525,0.6248066975909998,1475.0,62622.0,1032.0,407.0
ANFC_000199.png,0.8663709627121653,0.7642455637865926,0.8829746593807495,0.8503801815243586,0.9788499211209741,0.9673614501958107,3.605551275463989,0.9615005479192155,0.7903401278789,6934.0,56463.0,1220.0,919.0
ANFC_000200.png,0.8600778546788452,0.7545057864015836,0.8845640569523394,0.8369107744279345,0.9725877192987304,0.9605102539068526,4.0,0.9639073124786386,0.7410989028374853,7954.0,54994.0,1550.0,1038.0
ANFC_000201.png,0.8072715572870599,0.67682762345875,0.8093548387404267,0.8051989730736202,0.9795402453825748,0.963439941406808,5.0,0.9331402076626932,0.6986143677242145,5018.0,58122.0,1214.0,1182.0
ANFC_000202.png,0.7551084564987255,0.6065656566650086,0.8049597855881502,0.711071640109215,0.9843969817114657,0.9762268066409878,15.162158770053573,0.8409734803323021,0.7069407569017894,2402.0,61576.0,976.0,582.0
ANFC_000203.png,0.6591733140574377,0.49161709045656654,0.6127401416876508,0.7132208710422829,0.9883168981446353,0.9713134765629379,39.011536565636085,0.695474218524619,0.47787205752040784,1818.0,61838.0,731.0,1149.0
ANFC_000204.png,0.7884313725697616,0.6507525490126634,0.8361405697990973,0.7458727509282372,0.9774400184435681,0.9670715332036276,18.30292367079024,0.8448963526900627,0.7348946588983185,4021.0,59357.0,1370.0,788.0
ANFC_000205.png,0.8291032148999882,0.7080924855782248,0.8359807036314884,0.8223379629835257,0.9730876448625789,0.9553070068366196,10.63014581273465,0.9172187421196882,0.7024100004216862,7105.0,55502.0,1535.0,1394.0
ANFC_000206.png,0.8367600542342544,0.7193357288803209,0.8796912114157136,0.7978242137227678,0.9671370544161507,0.955902099610048,5.0,0.9247754284394584,0.714995491414133,7407.0,55239.0,1877.0,1013.0
ANFC_000207.png,0.8721992246617912,0.7733628525083474,0.8947155567680352,0.8507883604857341,0.97997178154823,0.9703216552738905,4.0,0.9643723273668277,0.8461480226501734,6637.0,56954.0,1164.0,781.0
ANFC_000208.png,0.8018386751588793,0.6692243010648282,0.7740092390257708,0.8317439582192366,0.9775257372190277,0.9519805908210454,9.219544457292887,0.9044214091092576,0.7688252552369933,6367.0,56022.0,1288.0,1859.0
ANFC_000209.png,0.6314058647214563,0.46135362456493656,0.7446670977733244,0.5480494769038776,0.985153698292126,0.9794769287112508,88.03834113604005,0.7198020864971532,0.4909643521639374,1152.0,63039.0,950.0,395.0
ANFC_000210.png,0.6853791370359755,0.5213511791966536,0.6298767968095799,0.7516079633226316,0.9868429591176696,0.9656219482427122,116.61508108579604,0.7161079887419661,0.44567887971276554,2454.0,60829.0,811.0,1442.0
ANFC_000211.png,0.8250497018110028,0.702199661653511,0.8569953536765629,0.7954000958803544,0.9861503032664177,0.978515625000328,5.0,0.9081790018699458,0.8154475532807686,3320.0,60808.0,854.0,554.0
ANFC_000212.png,0.7073170732232215,0.5471698114464013,0.9676153091424852,0.5573770493054333,0.9753378059155353,0.9750976562503801,24.920743687381933,0.9304528561748543,0.7119498253770443,1972.0,61932.0,1566.0,66.0
ANFC_000213.png,0.8328585868020897,0.7135884113189123,0.8326290648846906,0.8330882353247999,0.9848900870320189,0.9722442626957362,5.0,0.9444092419831673,0.7332820016274334,4532.0,59185.0,908.0,911.0
ANFC_000214.png,0.8382776069134698,0.7215816893226081,0.8378619595559439,0.8386936668812097,0.9706953761817302,0.9502563476570092,5.385164807134504,0.9244613707959611,0.7312560799165811,8449.0,53827.0,1625.0,1635.0
ANFC_000215.png,0.8893150196267697,0.800690596659384,0.8809860399469,0.8978029893843145,0.9790659928440911,0.962127685547453,7.0,0.9700227946839622,0.5832909391715364,9971.0,53083.0,1135.0,1347.0
ANFC_000216.png,0.7850098619466177,0.6461038961409611,0.8459956116503023,0.7322255193196172,0.9612663965393643,0.9484405517585993,11.027050983124818,0.9074039942184267,0.30895551593219894,6169.0,55988.0,2256.0,1123.0
ANFC_000217.png,0.7954772613820916,0.6604086713348813,0.9301680058538834,0.6948597621199541,0.9523606685871366,0.9500427246101374,7.615773105863909,0.9038566838046489,0.615613895931842,6367.0,55895.0,2796.0,478.0
ANFC_000218.png,0.7687125748676114,0.6243161094681683,0.6990198748027471,0.8538410376032856,0.9848943117376715,0.9528503417975945,39.379425099432495,0.8277687666389363,0.6811408944457451,5135.0,57311.0,879.0,2211.0
ANFC_000219.png,0.8050306595041278,0.6736831082130398,0.8051314142922239,0.8049299299543381,0.9729086296185154,0.9524536132819756,5.0,0.9027066399867758,0.7351285743404511,6433.0,55987.0,1559.0,1557.0
ANFC_000220.png,0.823237030142734,0.6995776135428038,0.8940620782845184,0.7628094415886769,0.9563590141946833,0.94790649414142,6.4031242374328485,0.9177797006574175,0.5449640127768467,7950.0,54172.0,2472.0,942.0
ANFC_000221.png,0.8843643376396542,0.7926999534743235,0.921121755259493,0.8504279600677298,0.960127015516426,0.9524230957038511,7.280109889280518,0.9570758479596996,0.6036536602369759,11923.0,50495.0,2097.0,1021.0
ANFC_000222.png,0.7696913661880997,0.6256083596030914,0.8763785843316244,0.6861606091776309,0.9280443468570598,0.9201812744152805,75.58832824740612,0.8186432909252866,0.48600637381347017,8741.0,51564.0,3998.0,1233.0
ANFC_000223.png,0.830630630640803,0.7103235747601105,0.9087922197517687,0.764849021151991,0.9632986344888688,0.9569702148444067,6.708203932499369,0.9118074157176693,0.6678050746260986,6915.0,55801.0,2126.0,694.0
ANFC_000224.png,0.8212319213111202,0.6966865969485941,0.859271777560413,0.786417322864677,0.9742660138585009,0.9628448486333796,35.759959405754906,0.8673924278912484,0.697222171766895,5593.0,57508.0,1519.0,916.0
ANFC_000225.png,0.8103956814619403,0.6812312874549746,0.8885770075801102,0.7448593350644646,0.9565065745883209,0.9480133056648559,30.0,0.9118647714288484,0.6322663226356907,7281.0,54848.0,2494.0,913.0
ANFC_000226.png,0.757840522406059,0.6100992151924997,0.8479110928331024,0.6850681742862431,0.9321365867653421,0.9196472167981012,18.384776310850235,0.8542940396008347,0.5604317052850183,8240.0,52030.0,3788.0,1478.0
ANFC_000227.png,0.823649834284283,0.7001740283666053,0.8277652591527613,0.8195751285459719,0.9663829095055688,0.9447937011727174,5.0,0.9334012100093158,0.7583125701437151,8449.0,53469.0,1860.0,1758.0
ANFC_000228.png,0.758613299053817,0.6111015193705887,0.8672056842010039,0.6741904762215056,0.9403726491565654,0.9312591552744865,10.63014581273465,0.8466293377320535,0.6507780760968781,7079.0,53952.0,3421.0,1084.0
ANFC_000229.png,0.8202885205785537,0.6953297775861416,0.8776683087228788,0.7699510227931503,0.973135282441659,0.9642639160161703,7.625496934365993,0.9106368448008103,0.7120439180705298,5345.0,57849.0,1597.0,745.0
ANFC_000230.png,0.7769667477955085,0.6352785146579616,0.900375939876376,0.6833095578391462,0.9748592506313521,0.9706268310551358,26.977483299565506,0.9096621894032783,0.5947682389490679,3353.0,60258.0,1554.0,371.0
ANFC_000231.png,0.7956320873754194,0.6606221230770509,0.8776871757083604,0.7276079275268693,0.9705187894916775,0.962875366211504,7.211102550927978,0.924716376566684,0.6985346096864586,4736.0,58367.0,1773.0,660.0
ANFC_000232.png,0.766816143512281,0.621818181856382,0.8635152195450252,0.6895933684676159,0.9525570565180106,0.9428710937508719,24.734588185381064,0.891304993303859,0.6354541936646972,6156.0,55636.0,2771.0,973.0
ANFC_000233.png,0.8436958480734944,0.7296487232070916,0.9205869006321907,0.7786591607243272,0.9706406448880672,0.9655914306645876,5.0,0.9460136862288973,0.7802080459798022,6086.0,57195.0,1730.0,525.0
ANFC_000234.png,0.795045179833939,0.6598132697993829,0.8984311604140612,0.7129977460864014,0.9540091500128305,0.9477386474617351,19.197587374734088,0.8824753427167816,0.6489816101552036,6643.0,55468.0,2674.0,751.0
ANFC_000235.png,0.7067632257632548,0.5465072134497898,0.7907168360915362,0.6389258766890976,0.9737135471367039,0.9635467529302438,44.4943089477496,0.8117701821896464,0.45628845051088035,2879.0,60268.0,1627.0,762.0
ANFC_000236.png,0.6357063404288507,0.4659600490285446,0.8701941378491838,0.5007667032857027,0.9637730690368028,0.9600219726568602,93.1517455650031,0.6729111194912185,0.5441135866479744,2286.0,60630.0,2279.0,341.0
ANFC_000237.png,0.7850490196341852,0.6461569498393873,0.9267939815026638,0.6809098640134119,0.9758215206189462,0.9732360839847835,7.0710678118654755,0.9444686695213023,0.6061269897120863,3203.0,60579.0,1501.0,253.0
ANFC_000238.png,0.8371397070533045,0.7198970608533256,0.9336026699572102,0.7587437544955398,0.9717594371944629,0.9684448242192316,4.242640687119285,0.940805299261983,0.7584100490818763,5315.0,58153.0,1690.0,378.0
ANFC_000239.png,0.637804187940322,0.4682176984901915,0.803565062458622,0.5287356322944555,0.9679743667410375,0.9609375000005962,74.08508079023372,0.7559347116856762,0.5430481384492586,2254.0,60722.0,2009.0,551.0
ANFC_000240.png,0.798344175068203,0.6643700788062263,0.8542141230437322,0.7493339254552988,0.9816676138673107,0.9739837646488346,11.02008771254955,0.9207269328338663,0.6193405200004634,3375.0,60456.0,1129.0,576.0
ANFC_000241.png,0.7693708458736802,0.6251849660217247,0.7986767486202879,0.7421394695692711,0.9756332370617862,0.9613494873052774,8.44942085578806,0.8694978280671625,0.7009939403574025,4225.0,58778.0,1468.0,1065.0
ANFC_000242.png,0.7525096525335415,0.6032188177648995,0.8038770880998397,0.7073126474855175,0.9734209962599334,0.9608764648443471,9.0,0.8967884906108476,0.5775872294253563,3898.0,59074.0,1613.0,951.0
ANFC_000243.png,0.7991991520551643,0.6655551196875682,0.893482554326072,0.722914669252912,0.9551095079485147,0.947967529297669,5.0990195135927845,0.915696909968859,0.7571661575210625,6786.0,55340.0,2601.0,809.0
ANFC_000245.png,0.8774472514762602,0.7816534703058954,0.9493199341636213,0.8156915289700989,0.9541422036198369,0.9532928466804003,6.4031242374328485,0.9895161535610341,0.5444843438957516,10958.0,51517.0,2476.0,585.0
ANFC_000246.png,0.8290446841360152,0.7080071057498515,0.886773794817736,0.7783725135784179,0.9426227973269672,0.9322814941416584,10.146181835062878,0.8931711573868235,0.689011596696055,10761.0,50337.0,3064.0,1374.0
ANFC_000247.png,0.7346896835455519,0.5806399221080656,0.81213084965649,0.6707317073788496,0.971292570419549,0.9606018066412263,12.041594578792296,0.7930304383984697,0.5418298102051468,3575.0,59379.0,1755.0,827.0
ANFC_000248.png,0.8308615516647354,0.7106613873426219,0.892120765851966,0.777474731304753,0.9769233328900419,0.969894409180147,10.04987562112089,0.8732183258418286,0.752209832561612,4846.0,58717.0,1387.0,586.0
ANFC_000249.png,0.790930209080349,0.6541642302519285,0.8193136639653366,0.7644474814755517,0.9568937796999376,0.936828613282214,8.246211251235321,0.9180679498758214,0.6224822548559363,7831.0,53565.0,2413.0,1727.0
ANFC_000250.png,0.7579659253636386,0.6102617801455223,0.7390311945550303,0.7778964228806865,0.9711361665226169,0.9432067871102418,45.68642781940848,0.8298977990577078,0.41162466004811976,5828.0,55986.0,1664.0,2058.0
ANFC_000251.png,0.758475804132246,0.610923094922287,0.7117607070412291,0.8117537603021006,0.9791340815733808,0.9491271972664014,19.45030127453404,0.8457323566139785,0.5041514370367741,5235.0,56967.0,1214.0,2120.0
ANFC_000252.png,0.5882477277966341,0.41667914367170544,0.8502902536357194,0.44966876725647614,0.9452965645737389,0.9405517578134072,64.88451279003334,0.7343887881653042,0.27750481951942674,2783.0,58857.0,3406.0,490.0
ANFC_000253.png,0.8812488102082144,0.7877075959850458,0.8793404756569151,0.8831654456743616,0.9707684964206058,0.9524078369147888,43.3721839252595,0.9163111705488212,0.6388577602706197,11573.0,50844.0,1531.0,1588.0
ANFC_000254.png,0.7962049692453992,0.6614124073615754,0.8802575553141284,0.7268050077407987,0.943012502907632,0.9337921142588228,5.830951894845301,0.9495846431415873,0.5940073436720669,8476.0,52721.0,3186.0,1153.0
ANFC_000255.png,0.5816444702097825,0.41008369060929944,0.9580352885173973,0.4175847017857426,0.9086433438768112,0.9118041992200958,72.24570618674119,0.7412930646063344,0.4965026405283662,4018.0,55738.0,5604.0,176.0
ANFC_000256.png,0.7457656562367961,0.5945983380062884,0.8297255508639881,0.6772361571734917,0.9661045028334696,0.9553375244147441,5.385164807134504,0.8616664052116294,0.7324578309636588,4293.0,58316.0,2046.0,881.0
ANFC_000257.png,0.7412454285987052,0.5888720847258718,0.8515193370336649,0.656258316361549,0.9318357725877456,0.9211883544933902,13.416407864998739,0.8774251235725573,0.644699659485119,7398.0,52973.0,3875.0,1290.0
ANFC_000258.png,0.7954971857496145,0.6604361370951585,0.923434323886997,0.6986963527392196,0.9254777646965768,0.9251556396495796,9.186612788698934,0.943911123577815,0.6379521737435998,9540.0,51091.0,4114.0,791.0
ANFC_000259.png,0.8152451777972543,0.6881129855252893,0.8716249793156162,0.765715948811741,0.9729407216932563,0.963607788086493,11.719464915183563,0.8950141546932814,0.6885919590722172,5262.0,57889.0,1610.0,775.0
ANFC_000260.png,0.7301480484651919,0.5749867514895157,0.7886812045909989,0.6797028817183012,0.9359818266387153,0.9143371582044322,38.47076812334269,0.8224855891887533,0.706318270962668,7595.0,52327.0,3579.0,2035.0
ANFC_000261.png,0.8422630198635346,0.7275080906325238,0.8536492747130212,0.831176514099595,0.9564055070756287,0.9357604980478553,3.605551275463989,0.9317836809082045,0.7937118779439705,11240.0,50086.0,2283.0,1927.0
ANFC_000262.png,0.8391623969793294,0.7228938783608814,0.85477649196111,0.8241085101920687,0.9716512111707688,0.9559326171881726,4.0,0.9445752921891587,0.8190360028802999,7534.0,55114.0,1608.0,1280.0
ANFC_000263.png,0.7937587071722619,0.6580430564854437,0.7566935826862842,0.8346419782216522,0.9748592402541718,0.9435272216805494,9.219544457292887,0.8748655117744494,0.779932135362957,7122.0,54713.0,1411.0,2290.0
ANFC_000264.png,0.7545042555814631,0.6057862975495586,0.8644883485652258,0.6693469308355859,0.9726245372479603,0.9661102294927048,40.093630204884676,0.8604062134390477,0.6322108229532818,3413.0,59902.0,1686.0,535.0
ANFC_000265.png,0.7656344869601922,0.6202656173516709,0.8505328477201494,0.6961466269519547,0.9526521342678002,0.9411010742196488,14.983128089056557,0.8514730558941763,0.6050559527581225,6305.0,55371.0,2752.0,1108.0
ANFC_000266.png,0.799767798656559,0.6663442272047022,0.8226563166576255,0.7781184444264871,0.9488971066480424,0.9263153076183119,15.933985905294595,0.8540500091771753,0.7061276349812429,9644.0,51063.0,2750.0,2079.0
ANFC_000267.png,0.7086905823644495,0.548815468017761,0.794646977419682,0.6395147314137763,0.9506733293817113,0.9351959228525515,36.90256014225408,0.8107295779439232,0.596508183549583,5166.0,56123.0,2912.0,1335.0
ANFC_000268.png,0.7357373944815169,0.5819498190510611,0.7472351338760642,0.7245881256256469,0.970116532034165,0.9488983154304673,12.593151887909334,0.8072159894793891,0.6380621527832719,4662.0,57525.0,1772.0,1577.0
ANFC_000269.png,0.6984298214252409,0.5366055806670407,0.7376883150097875,0.6631387277042063,0.9486441001448958,0.9232177734386717,15.264337522473747,0.8069073827031122,0.7099282953503714,5827.0,54677.0,2960.0,2072.0
ANFC_000270.png,0.7843363752126215,0.6451919422947183,0.8627700127413545,0.7189750106482475,0.9784581419136303,0.9715118408207473,4.47213595499958,0.8900047877400994,0.7304158720389307,3395.0,60274.0,1327.0,540.0
ANFC_000271.png,0.7547892720530205,0.6061538462115525,0.7228726193040587,0.789654514260421,0.9815759115914338,0.9589843750006259,16.573956282946167,0.8714142752040609,0.6240728362712715,4137.0,58711.0,1102.0,1586.0
ANFC_000272.png,0.8488980201859453,0.7374655200815405,0.8690248566216013,0.8296823658580353,0.9845289025970131,0.9753112792972518,4.123105625617661,0.9514407529351915,0.8409476677232928,4545.0,59373.0,933.0,685.0
ANFC_000273.png,0.7586206896703611,0.6111111111505362,0.7731178658749368,0.7446571958314198,0.9642009733461924,0.9414672851571433,20.04987562112089,0.8205179699910791,0.6105741335902628,6028.0,55672.0,2067.0,1769.0
ANFC_000274.png,0.6610506389341173,0.4937084688966904,0.6397947966947976,0.6837673781703999,0.9731182795703399,0.9453582763680214,37.8845373540008,0.7350306430993033,0.40764030302685017,3492.0,58463.0,1615.0,1966.0
ANFC_000275.png,0.8600616468577692,0.7544808405628491,0.8466406588776211,0.8739149888256005,0.9739078905951017,0.9515075683601151,4.47213595499958,0.9355529332319242,0.8143128335880433,9766.0,52592.0,1409.0,1769.0
ANFC_000276.png,0.6923023433911201,0.5294055089301919,0.9036122708470481,0.5610910730882449,0.9351291918647421,0.9324798583994679,54.994465696118056,0.7776687913594174,0.5932779499886536,4978.0,56133.0,3894.0,531.0
ANFC_000277.png,0.7014408170890971,0.5401685393688981,0.8927576601837268,0.577650946272389,0.9285980295912144,0.925064086915206,22.0,0.8091627350220287,0.6106219680436477,5769.0,54856.0,4218.0,693.0
ANFC_000278.png,0.8769203180179975,0.7808175431359573,0.9413501026769314,0.8207452165356669,0.972256857855842,0.968582153320792,6.227838204321321,0.9297568437987374,0.6936603720352412,7335.0,56142.0,1602.0,457.0
ANFC_000279.png,0.7638888889001969,0.6179775281194904,0.9154040404137507,0.6554076265897922,0.9262107560198822,0.924774169923023,9.984924240491742,0.8877029418579018,0.4611413390405468,7975.0,52631.0,4193.0,737.0
ANFC_000280.png,0.8467935686658785,0.7342948718232591,0.9131127939533529,0.7894555479221852,0.9684014549471909,0.9620513916021417,5.0,0.9658359097604426,0.6844895475846878,6873.0,56176.0,1833.0,654.0
ANFC_000281.png,0.8309504583750082,0.7107914838525279,0.9332124186564373,0.7488869863228693,0.9477770062149854,0.9456939697273913,7.0710678118654755,0.9179333443139325,0.7683769833577899,8747.0,53230.0,2933.0,626.0
ANFC_000282.png,0.7691586594932529,0.6249047982078346,0.8802467480380519,0.6829674331825026,0.9475369754997928,0.9398803710946675,16.433140529321587,0.8247296337287406,0.6420095216166919,6564.0,55032.0,3047.0,893.0
ANFC_000283.png,0.7791829484980752,0.6382471047175553,0.8531310774132143,0.7170317097275559,0.9178451434118972,0.9051513671889474,8.94427190999916,0.8516673289884503,0.6332717751532262,10967.0,48353.0,4328.0,1888.0
ANFC_000284.png,0.765265602774761,0.6197815534442013,0.8009723965180408,0.7326065127338106,0.9684922244765298,0.952194213867917,11.674742625999297,0.8562660868234514,0.7186200330957504,5107.0,57296.0,1864.0,1269.0
ANFC_000285.png,0.8560647690275098,0.7483507333793409,0.8900060938535949,0.8246171218981849,0.9525835750276183,0.9400482177743524,5.830951894845301,0.9468921890093033,0.7400783439443486,11684.0,49923.0,2485.0,1444.0
ANFC_000286.png,0.8594450723790628,0.7535323828557297,0.8931494392321044,0.8281919752773388,0.9532862055797997,0.9411773681649601,6.0,0.9413833122862941,0.7635439709902214,11786.0,49895.0,2445.0,1410.0
ANFC_000287.png,0.8338767395692296,0.7150845608486712,0.8826599326698098,0.790203466481522,0.9481139108403885,0.9362487792978479,30.083217912982647,0.8991244963012613,0.5805758927885448,10486.0,50872.0,2784.0,1394.0
ANFC_000288.png,0.8634054289513038,0.7596424010421761,0.8689131281779399,0.8579671122359874,0.973275674893731,0.9569244384772199,31.000806241927076,0.9115298928040558,0.6281092351226759,8922.0,53791.0,1477.0,1346.0
ANFC_000289.png,0.8395007179999447,0.7233961545958884,0.8893049379913172,0.7949790795122051,0.9442305138770372,0.9334869384775775,8.0,0.9020067093727031,0.7016862934659462,11400.0,49777.0,2940.0,1419.0
ANFC_000291.png,0.7812558575581846,0.6410335281819919,0.808274078887101,0.7559854897513923,0.9650871092201677,0.9465789794930027,7.886149805543924,0.8966241688525864,0.7227811069551062,6252.0,55783.0,2018.0,1483.0
ANFC_000292.png,0.7862207863136734,0.6477461283429379,0.8638207634276396,0.7214137214351726,0.9338453099298986,0.9222564697277489,18.0,0.8480534845827146,0.6381665445966682,9369.0,51072.0,3618.0,1477.0
ANFC_000293.png,0.8238895313363792,0.7005205321341214,0.9217656012295639,0.7448038371977858,0.9648102296244478,0.9604949951177904,8.983281572999738,0.9017054322485253,0.8228192072407248,6056.0,56891.0,2075.0,514.0
ANFC_000294.png,0.8170045045173843,0.6906235126498544,0.8472992700952848,0.788801304731068,0.9735200899708019,0.9603271484381055,5.385164807134504,0.9060665985858483,0.7304306164318987,5804.0,57132.0,1554.0,1046.0
ANFC_000295.png,0.817563230208142,0.6914223670259042,0.8782236933004794,0.7647412033427716,0.9663892939870226,0.9566345214850368,4.242640687119285,0.9493926779812375,0.7877837163373209,6368.0,56326.0,1959.0,883.0
ANFC_000296.png,0.7940761636349228,0.6584795322303159,0.9239606127122646,0.69620774944431,0.9761797026506759,0.973266601562908,12.206555615733702,0.880779386901784,0.8217030081178011,3378.0,60406.0,1474.0,278.0
ANFC_000297.png,0.822054054066879,0.6978707783042253,0.8497988377514828,0.7960636516197567,0.9751636209098995,0.9623260498052625,4.242640687119285,0.9177213168367967,0.8114925673708004,5703.0,57364.0,1461.0,1008.0
ANFC_000298.png,0.7603296391156391,0.6133321108001712,0.8902049507731961,0.6635254439377517,0.941539416084562,0.9356536865244195,23.47001525567182,0.8474999366594673,0.6020949646567071,6689.0,54630.0,3392.0,825.0
ANFC_000299.png,0.7747998607857757,0.6323863636711755,0.9350322038735603,0.6614500792728358,0.9414665890341223,0.9407653808602789,9.219544457292887,0.8879701646692286,0.6057352028653147,6678.0,54976.0,3418.0,464.0
ANFC_000300.png,0.7570391478555506,0.609061135413858,0.8710382513862548,0.6694264459239949,0.9534085335956874,0.9453582763680214,14.317821063276353,0.8438234248025802,0.6496595769404823,5579.0,56376.0,2755.0,826.0
ANFC_000301.png,0.8353433668974711,0.7172443303622384,0.8949279231292122,0.7831978319985797,0.95869754855782,0.9495849609382694,17.230610400334,0.8930698039947439,0.5773159670077954,8381.0,53851.0,2320.0,984.0
ANFC_000302.png,0.7497116493918725,0.5996309963771165,0.8604091456412973,0.6642512077918522,0.9705609227615947,0.9635772705083684,7.615773105863909,0.883035489442628,0.678993935018988,3575.0,59574.0,1807.0,580.0
ANFC_000303.png,0.7778704476158029,0.6364877161606782,0.9634986225979112,0.6522144522684982,0.9634194181110916,0.9634246826177457,18.27014202285287,0.8697118030391581,0.6910598450949271,4197.0,58942.0,2238.0,159.0
ANFC_000304.png,0.7793520590123993,0.6384740701006687,0.8051703475765845,0.7551380861022579,0.9744534718154878,0.9593658447271827,8.48528137423857,0.8368224853373007,0.6462764784851862,4703.0,58170.0,1525.0,1138.0
ANFC_000305.png,0.7955979317966132,0.6605750295659256,0.8061136210894825,0.7853530623913324,0.9584278018617085,0.9342498779306909,7.615773105863909,0.9013402681752062,0.3845786438013308,8386.0,52841.0,2292.0,2017.0
ANFC_000306.png,0.6541889483408408,0.48609271530741827,0.8404580153077715,0.5355058366511826,0.9534947894693131,0.9467163085945631,67.60177512462228,0.7552172668017756,0.5762801056077707,3303.0,58741.0,2865.0,627.0
ANFC_000307.png,0.7582734878390262,0.6106606248973694,0.8593723779393568,0.6784578696769399,0.959262802760138,0.9501800537116978,28.647860932617974,0.8366132802924432,0.7269455622435901,5121.0,57150.0,2427.0,838.0
ANFC_000308.png,0.7221474384573484,0.5651257901146207,0.8109550062580553,0.6508706823221709,0.9591741358309687,0.9464569091805046,9.31309544041715,0.8171085237644292,0.7222771196326707,4560.0,57467.0,2446.0,1063.0
ANFC_000310.png,0.8541767932833075,0.7454699715323029,0.8808449695753064,0.8290759587632893,0.9508250761096193,0.935913085938478,10.44030650891055,0.9283495310937293,0.46417250287710043,12301.0,49035.0,2536.0,1664.0
ANFC_000311.png,0.8710303530922556,0.7715268125121423,0.91267849416593,0.8330173775803303,0.9608380726559189,0.9523468017585397,7.810249675906654,0.9317893861314098,0.520308964827373,10546.0,51867.0,2114.0,1009.0
ANFC_000313.png,0.8070253199730165,0.6764815159133865,0.9242385786898174,0.716196282848245,0.9499444984051973,0.9468536376961235,17.013223864666877,0.8605739581123142,0.5030911980145846,7283.0,54770.0,2886.0,597.0
ANFC_000314.png,0.8358091748029705,0.7179314221789846,0.9197753132767139,0.7658911010115266,0.9666854402408703,0.9617156982427718,7.800525847404481,0.9099347096075056,0.7431617148329777,6386.0,56641.0,1952.0,557.0
ANFC_000315.png,0.7634101570587696,0.6173511463287686,0.8573064590177157,0.6880514706169071,0.9402506865724201,0.9291992187510805,9.0,0.8884004424959505,0.5758668988310365,7486.0,53410.0,3394.0,1246.0
ANFC_000316.png,0.8098047076450487,0.6803964969992882,0.8317647059021454,0.788974444839976,0.966845501087614,0.9493255615242109,5.656854249492381,0.9111539879796337,0.7433368597078908,7070.0,55145.0,1891.0,1430.0
ANFC_000317.png,0.8459513260228632,0.7330291564953229,0.9076753479526423,0.7920875421125436,0.9703323667192242,0.9633941650396212,3.605551275463989,0.9523194074481373,0.7851724762897359,6587.0,56550.0,1729.0,670.0
ANFC_000319.png,0.8497371905529135,0.7387330822004512,0.8734636641199816,0.8272656250134949,0.9586055829113024,0.9428558349618096,5.830951894845301,0.9332470936199976,0.61352396560479,10589.0,51202.0,2211.0,1534.0
ANFC_000320.png,0.8828614795827321,0.7902882797979338,0.8458523014863616,0.9232574189201853,0.9903519122650387,0.9729156494144758,6.094852169800135,0.9924807000601217,0.5925573936397257,6689.0,57072.0,556.0,1219.0
ANFC_000321.png,0.7667281206069446,0.6217024270469836,0.7339354303193257,0.8025882620271781,0.9688925460177649,0.9343566894541268,14.560219778561036,0.8430447825537373,0.6853623754202449,7070.0,54164.0,1739.0,2563.0
ANFC_000323.png,0.7544773276064426,0.6057515807453087,0.8335672186826923,0.6890951276823445,0.9783776806031921,0.9705047607426377,65.86041221317062,0.7267102793226614,0.5545772329419236,2970.0,60633.0,1340.0,593.0
ANFC_000324.png,0.8228032768587811,0.6989513822975261,0.8961134197144813,0.7605809128879065,0.9597586916351125,0.9518127441413604,5.0,0.947333397597398,0.8011864596413553,7332.0,55046.0,2308.0,850.0
ANFC_000325.png,0.8144416456850674,0.6869688385529937,0.8552904564465467,0.7773168662414145,0.9577429511958325,0.9426727294930624,7.0,0.8882107661228346,0.7129020756615473,8245.0,53534.0,2362.0,1395.0
ANFC_000326.png,0.7929555204451934,0.6569397680829648,0.8802005012681453,0.7214461791576164,0.9528806727369366,0.9440307617196041,17.69180601295413,0.8726103975639417,0.5387565697051571,7024.0,54844.0,2712.0,956.0
ANFC_000327.png,0.7545901639545418,0.6058970646826515,0.8370612838994251,0.6869124011808816,0.9650548828228417,0.9543151855475722,15.233185777265112,0.7775737679425586,0.5917167154928177,4603.0,57939.0,2098.0,896.0
ANFC_000328.png,0.7608988298767267,0.6140732074532782,0.7797941207917017,0.7428975836879085,0.9546807335206694,0.9295349121104504,8.51170644122409,0.89387132489846,0.7187055401418804,7348.0,53570.0,2543.0,2075.0
ANFC_000329.png,0.7143258033033306,0.5556040598542394,0.8903462749404781,0.5964151828026693,0.9424086395409006,0.9378662109384482,33.49605558225025,0.7751079474360838,0.6219311029076542,5091.0,56373.0,3445.0,627.0
ANFC_000330.png,0.8593238822336696,0.7533460803336693,0.9230981256996833,0.8037921517096134,0.9719457789984224,0.9665374755864482,34.10342445622401,0.927628511411079,0.6862564740123902,6698.0,56645.0,1635.0,558.0
ANFC_000331.png,0.6903749517213793,0.527154663611343,0.8502062837669926,0.5811279827372824,0.969047046566177,0.963333129883372,76.9558304017749,0.74091464877569,0.5319143999612234,2679.0,60454.0,1931.0,472.0
ANFC_000332.png,0.7699700789038018,0.6259767065272038,0.7937932324184346,0.7475352113120537,0.9761742568997263,0.9612884521490282,9.283875459721992,0.881336354390165,0.558765548392335,4246.0,58753.0,1434.0,1103.0
ANFC_000333.png,0.7506605020226783,0.6008458896111959,0.8214672931617393,0.6910915172723954,0.983813665981873,0.9769592285159767,6.239927843823237,0.8555312790286569,0.6614577888007324,2273.0,61753.0,1016.0,494.0
ANFC_000335.png,0.7423010740080519,0.5902056992271932,0.7400615239304233,0.7445542197661523,0.9624062784674794,0.9337310791025738,16.186325965077557,0.8084428233906327,0.6717592621938133,6255.0,54938.0,2146.0,2197.0
ANFC_000336.png,0.8710191082895904,0.7715091678713285,0.8565124555364395,0.8860256221637424,0.9867717181386958,0.97280883789104,7.0,0.9133775076860804,0.6568378857912345,6017.0,57737.0,774.0,1008.0
ANFC_000337.png,0.7486955947593491,0.5983321018053065,0.7226826469816802,0.776651137328494,0.9717470057030879,0.9419403076180736,11.0,0.82037704126035,0.677077209543622,5668.0,56063.0,1630.0,2175.0
ANFC_000338.png,0.8218352310902991,0.6975554292555366,0.8422570016691026,0.8023803296099424,0.9740609764476059,0.9594116210943694,5.0,0.8935158921531675,0.7619733986049675,6135.0,56741.0,1511.0,1149.0
ANFC_000339.png,0.8315657620182408,0.7116923956958702,0.8317741396873081,0.8313574887574958,0.9830394626367248,0.9692230224614072,5.0,0.9514494689177339,0.7702401997346245,4979.0,58540.0,1010.0,1007.0
ANFC_000340.png,0.8116352007987433,0.6829848892896931,0.901625905191744,0.7379780809955292,0.9597540237394617,0.9532623291022758,4.47213595499958,0.9215221095890075,0.8097425512199777,6599.0,55874.0,2343.0,720.0
ANFC_000341.png,0.8198340161876335,0.6946768738032155,0.8244242552477895,0.8152946092963546,0.9684679864460769,0.9476623535164237,7.800525847404481,0.9288310407202218,0.7460232213328379,7804.0,54302.0,1768.0,1662.0
ANFC_000342.png,0.8262118999469443,0.7038850538044722,0.8820156910197128,0.7770491803476253,0.9547433176250181,0.9437103271492965,36.08322114733466,0.8854445797384577,0.728418037165406,8769.0,53078.0,2516.0,1173.0
ANFC_000343.png,0.7962285934290827,0.6614450128147822,0.8046669907822395,0.7879653432554541,0.9596930372308249,0.9353637695322363,9.964823227814046,0.8662447146907276,0.7146543183441307,8276.0,53024.0,2227.0,2009.0
ANFC_000344.png,0.893109061321362,0.8068627451250893,0.9210231814674623,0.8668371953254834,0.9850711020396911,0.9789581298831337,3.1622776601683795,0.9795370071237958,0.8029252084671405,5761.0,58396.0,885.0,494.0
ANFC_000345.png,0.6206896554018817,0.4500000004824561,0.7622585441868373,0.5234693882413578,0.9928002096728058,0.9904327392579586,109.65513610300437,0.7783283796026839,0.5916686040043238,513.0,64396.0,467.0,160.0
ANFC_000346.png,0.8061975689260231,0.6753190879570746,0.8273014757857868,0.7861435726567373,0.9785943452981319,0.9654541015630272,4.123105625617661,0.9245302209810379,0.7867204709600962,4709.0,58563.0,1281.0,983.0
ANFC_000347.png,0.7534044298807707,0.6043695709917913,0.8329403229035116,0.6877340123277319,0.9652633157295493,0.954132080078825,12.70386084362914,0.8368134780884842,0.7275726460777839,4592.0,57938.0,2085.0,921.0
ANFC_000348.png,0.7669643679433786,0.6220131422308822,0.8897671437962471,0.6739482201174841,0.9668885054643516,0.9613800048834019,8.567332354007574,0.8868383288358251,0.7405001984787049,4165.0,58840.0,2015.0,516.0
ANFC_000350.png,0.7196194022422567,0.5620355412662301,0.8922800718409131,0.6029462738989694,0.9628307672345696,0.9586334228521938,14.866068747318506,0.8531595963590966,0.5917596774776215,3479.0,59346.0,2291.0,420.0
ANFC_000351.png,0.8080660328274929,0.6779453015992382,0.9056206089214002,0.7294850028806856,0.9765938693569582,0.9719696044926153,4.123105625617661,0.9434166321117617,0.6718131304135545,3867.0,59832.0,1434.0,403.0
ANFC_000352.png,0.8191085349152292,0.6936357482418295,0.9213129496756687,0.7373155812388213,0.9884698003539855,0.9861907958986483,3.7238858928247742,0.977261725332054,0.7757077058445769,2049.0,62582.0,730.0,175.0
ANFC_000354.png,0.7227231740619113,0.5658312743441879,0.7490654206193772,0.6981707317730463,0.9773736450310603,0.9624633789068229,17.46424919657298,0.7715307255958932,0.7376900723816738,3206.0,59870.0,1386.0,1074.0
ANFC_000355.png,0.9164690382136713,0.845817120641316,0.9372136890410653,0.8966228409517114,0.9861995388376948,0.9806518554690453,3.605551275463989,0.9949233553843052,0.8111300426470552,6956.0,57312.0,802.0,466.0
ANFC_000356.png,0.7589000948401948,0.6114738158617206,0.8059318931149887,0.7170548949801181,0.971085661018559,0.9573211669928389,17.152161164532636,0.8560392362730173,0.6554304057824524,4402.0,58337.0,1737.0,1060.0
ANFC_000357.png,0.7587116802670771,0.6112292110027224,0.8658990257102039,0.6751381215918317,0.960728657060982,0.9525604248054115,14.142135623730951,0.8573511328460836,0.770572875190501,4888.0,57539.0,2352.0,757.0
ANFC_000358.png,0.672656419173776,0.5067688795454626,0.6153693801514419,0.7417044641342314,0.9821118587468033,0.9538574218757042,32.923646669190546,0.7511476614980634,0.42687061006828725,3107.0,59405.0,1082.0,1942.0
ANFC_000359.png,0.7098355927733148,0.5501900291638295,0.7355050807724133,0.6858974359849784,0.9818781154529365,0.9692993164067185,27.161373470201106,0.863887354311083,0.6764420566831356,2461.0,61063.0,1127.0,885.0
ANFC_000360.png,0.7632700503986478,0.6171679198794553,0.7641582622797626,0.762383900990097,0.9850654299569465,0.9720306396488644,40.55233768197022,0.830936092726235,0.7320505132374727,2955.0,60748.0,921.0,912.0
ANFC_000390.png,0.9168661588728582,0.8464938718257491,0.9354946153063735,0.898965112568125,0.9832475366628943,0.9766845703128558,3.605551275463989,0.9869842230141456,0.831854757626414,8426.0,55582.0,947.0,581.0
ANFC_000391.png,0.8655137103273687,0.7629124461174493,0.8860803727564263,0.8458801290063516,0.975663289494905,0.9639282226568006,5.0,0.9592432395252787,0.7158872826184758,7607.0,55565.0,1386.0,978.0
ANFC_000392.png,0.8739523062848671,0.7761237034406335,0.931527377529507,0.8230800570561133,0.9694518211081505,0.9644317626958553,4.123105625617661,0.9339247692233342,0.8355494917074529,8081.0,55124.0,1737.0,594.0
ANFC_000393.png,0.8630378715988165,0.7590735434862615,0.9566656635635471,0.7861028684735284,0.9706231957892576,0.969207763672345,3.0,0.965201836899145,0.8522213101116007,6358.0,57160.0,1730.0,288.0
ANFC_000394.png,0.7600066804119575,0.6129119152722536,0.8048579177213939,0.7198903185277483,0.9534484269572614,0.9342193603525664,22.791384494151423,0.857935881837399,0.7427728053531096,6826.0,54399.0,2656.0,1655.0
ANFC_000395.png,0.8302487327696423,0.7097651920074811,0.8929884620396871,0.7757462275828014,0.9646828219055893,0.9560546875006707,3.1622776601683795,0.9445344718027919,0.8218953611488221,7043.0,55613.0,2036.0,844.0
ANFC_000396.png,0.8008025222269416,0.6677820268083434,0.8537815126273826,0.7540143030962064,0.9690969808959147,0.9575805664068974,5.0990195135927845,0.9030993680290955,0.7927621943245678,5588.0,57168.0,1823.0,957.0
ANFC_000397.png,0.8101426673707536,0.6808737864387502,0.7781846427232374,0.8448379713474475,0.9772132191639443,0.9498443603523279,6.324555320336759,0.9229796540370517,0.6853195479514514,7013.0,55236.0,1288.0,1999.0
ANFC_000398.png,0.8565416003769162,0.7490798097002352,0.8954711311552402,0.8208558780304126,0.9676082393545198,0.9573516845709633,3.0,0.96680321047791,0.8452961935170954,8344.0,54397.0,1821.0,974.0
ANFC_000401.png,0.7698289269214033,0.625790139107483,0.7875325426977824,0.752903761096114,0.9695165637479186,0.9503173828132582,72.8848364872484,0.8480840985319732,0.5995840676784311,5445.0,56835.0,1787.0,1469.0
ANFC_000402.png,0.6997609017761858,0.5381786340563609,0.9663522012684427,0.5484561842676322,0.9594265186997334,0.9597625732428016,154.2886904474855,0.7418081814891341,0.5536634728766835,3073.0,59826.0,2530.0,107.0
ANFC_000403.png,0.7380740980112944,0.5848791096859564,0.9035573122720243,0.6238231682871028,0.9544116674390765,0.9504852294929431,5.0990195135927845,0.888065321103785,0.7555633747147411,4572.0,57719.0,2757.0,488.0
ANFC_000404.png,0.8621312462435914,0.7576719576916832,0.9259848786384814,0.8065158998521345,0.9597541633631361,0.9545745849616307,3.0,0.9555855778988863,0.8499874508463567,9308.0,53251.0,2233.0,744.0
ANFC_000405.png,0.7930695234044015,0.6570962775421523,0.7998015654503581,0.7864498645217941,0.9651111307896022,0.9422302246102566,10.017456467392307,0.879253169852483,0.7872032790187526,7255.0,54495.0,1970.0,1816.0
ANFC_000406.png,0.8775902291836428,0.7818804255065558,0.9074783595987685,0.8496080776073325,0.9806459334237096,0.9727783203129154,3.0,0.9830268195239429,0.8641625037505942,6395.0,57357.0,1132.0,652.0
ANFC_000407.png,0.8331442663460842,0.7140079465961613,0.9273166447159292,0.756335631794006,0.9517792585249915,0.9483795166023503,4.0,0.9165405118676685,0.8523822625111063,8446.0,53707.0,2721.0,662.0
ANFC_000408.png,0.8073512816689745,0.676939713523401,0.841115216714439,0.7761934284636722,0.9884588948034901,0.9817657470705908,5.0,0.9144507501908224,0.6784275792210062,2504.0,61837.0,722.0,473.0
ANFC_000409.png,0.6986607144538723,0.5368782165206876,0.7699877001599167,0.639427988110901,0.994545988288637,0.9917602539063758,4.0,0.7163264992596293,0.7687182993302714,626.0,64370.0,353.0,187.0
ANFC_000410.png,0.8171719269197897,0.690862810524808,0.832029598326424,0.802835577335492,0.9655289250309307,0.9462585449226951,5.830951894845301,0.9185053724137906,0.7671227872566216,7871.0,54143.0,1933.0,1589.0
ANFC_000411.png,0.8403993633453625,0.7247317195252394,0.8328075710018916,0.8481308411436725,0.9822410436805055,0.9663391113286387,42.5334584598191,0.8911915059517765,0.781579559101315,5808.0,57522.0,1040.0,1166.0
ANFC_000412.png,0.862361293000044,0.7580273840109019,0.8926940639422526,0.834022130404743,0.9787281301261153,0.9695281982426526,4.242640687119285,0.9324312934733906,0.8387428511311229,6256.0,57283.0,1245.0,752.0
ANFC_000413.png,0.8209003738159515,0.6962095107241614,0.879965156815337,0.7692659153564931,0.9746638571146119,0.9663696289067633,28.460198882410097,0.8814155310340251,0.8202604852783008,5051.0,58281.0,1515.0,689.0
ANFC_000414.png,0.8693004711946865,0.7688165149674553,0.9270253556080665,0.818343114532777,0.9774666486087651,0.9724884033207324,50.0,0.9026853802944316,0.8501000842872417,5996.0,57737.0,1331.0,472.0
ANFC_000415.png,0.8243353783320891,0.7011654200990464,0.8671614499443733,0.7855402903843379,0.9608634577435434,0.9475708007820501,33.139072816432986,0.8829928405444023,0.829521150489881,8062.0,54038.0,2201.0,1235.0
ANFC_000416.png,0.850645359588067,0.7401069519643112,0.8708053691817091,0.8313976772801771,0.9933335444642556,0.9888763427736074,5.643269777374468,0.9636423608048372,0.7519268392757397,2076.0,62731.0,421.0,308.0
ANFC_000417.png,0.7565390004812856,0.6084139356175778,0.7390213300172213,0.7749073077652305,0.9668481037191627,0.936370849610346,25.814465739366206,0.8262109590461126,0.7119698937677676,6479.0,54887.0,1882.0,2288.0
ANFC_000418.png,0.764741827087936,0.6190947316820313,0.8106882591399696,0.7237241579118514,0.9678071461065715,0.9530029296882172,11.681162044153655,0.8142606224911253,0.7314577842006696,5006.0,57450.0,1911.0,1169.0
ANFC_000419.png,0.7899607403351112,0.6528389339781507,0.7957627118836381,0.7842427617126724,0.9576626119899908,0.9314270019541715,9.848857801796104,0.8766715762915263,0.7703217825373204,8451.0,52591.0,2325.0,2169.0
ANFC_000420.png,0.8624229979519421,0.758122743698786,0.9071643980840195,0.8218874612448761,0.9547186813607915,0.9458160400398894,5.0,0.92987437289021,0.7800797322703101,11130.0,50855.0,2412.0,1139.0
ANFC_000421.png,0.8385080779310878,0.7219232971125445,0.9012433900384103,0.7839383391616188,0.9703103913635301,0.9629364013677532,3.605551275463989,0.9384093164345857,0.8629449027312698,6306.0,56801.0,1738.0,691.0
ANFC_000422.png,0.8520657485671504,0.7422600619527528,0.8576538977705092,0.8465499485292702,0.9822700460675834,0.9695129394535903,4.123105625617661,0.9302467832059726,0.7612409305678443,5754.0,57784.0,1043.0,955.0
ANFC_000511.png,0.7965491474902148,0.6618875593066282,0.7898423818146515,0.8033707865437968,0.9753067299919931,0.9542999267585099,9.219544457292887,0.8927505169970236,0.5228843104169701,5863.0,56678.0,1435.0,1560.0
ANFC_000512.png,0.8263593472173905,0.7040991169495059,0.8644012945203234,0.7915246703524189,0.9762955724783291,0.9657440185552103,7.0710678118654755,0.8955568765286427,0.6908257089233897,5342.0,57949.0,1407.0,838.0
ANFC_000513.png,0.7807469917345877,0.6403486286028777,0.798976491316332,0.7633307868963589,0.9738710928938503,0.9571838378912785,10.63014581273465,0.8961193657514093,0.7847712392175387,4996.0,57734.0,1549.0,1257.0
ANFC_000514.png,0.5580767154084071,0.3870363434293607,0.42492801339986513,0.8127458695415061,0.9962285080422117,0.975036621094131,48.20292919588466,0.6015032934218769,0.4260726693141982,1033.0,62867.0,238.0,1398.0
ANFC_000515.png,0.8259448416929577,0.7034974769960853,0.8649978605338043,0.7902658327227783,0.982369951694286,0.9739990234378969,10.282832645789291,0.8895345094838311,0.5981389908046097,4043.0,59789.0,1073.0,631.0
ANFC_000516.png,0.8505558806494375,0.7399714926206532,0.9087271818182727,0.7993840739552608,0.9851796480168812,0.9805145263674849,9.0,0.9040492758945667,0.6112602890295825,3634.0,60625.0,912.0,365.0
ANFC_000518.png,0.7613336967601223,0.6146398709674872,0.7283156614412801,0.7974876285120884,0.9822022983125269,0.9599151611334242,27.9745097688041,0.846560098681267,0.2682655868358086,4190.0,58719.0,1064.0,1563.0
ANFC_000519.png,0.898737311228183,0.8160971223435033,0.8883994126558005,0.9093186372972649,0.9941090317332122,0.9875183105470655,5.0,0.9823003763801946,0.5648750000130206,3630.0,61088.0,362.0,456.0
ANFC_000520.png,0.7629237288386733,0.6167151910229979,0.6543703435118352,0.9146558293333361,0.9944030783070245,0.9658508300786461,106.06975394324765,0.7592134201912963,0.4818613742512016,3601.0,59697.0,336.0,1902.0
ANFC_000522.png,0.8012830543106492,0.6684505939605208,0.707418151718826,0.9238679415616331,0.9927612055510101,0.9612426757818415,12.0,0.8913811320449242,0.6645636873086297,5121.0,57875.0,422.0,2118.0
ANFC_000523.png,0.7343511450719655,0.5802171291555654,0.6873065016224561,0.7883092051930322,0.987364885795077,0.9681396484379863,11.038556864609168,0.844373068629974,0.590091227149724,2886.0,60562.0,775.0,1313.0
ANFC_000524.png,0.75040859216661,0.6005231690581005,0.7481378027243307,0.752693208546748,0.9916703477000115,0.9836883544924365,5.0,0.8554099178232754,0.6054422380325496,1607.0,62860.0,528.0,541.0
ANFC_000525.png,0.8551678187844451,0.7469809399466054,0.8469152095270678,0.8635828427479255,0.9863637892190475,0.9734649658207175,7.0,0.9518334635914588,0.7912587618241219,5134.0,58663.0,811.0,928.0
ANFC_000526.png,0.7870931379756104,0.6489312268473671,0.8357271095644144,0.743808255727348,0.9845322699941388,0.9769439697269144,5.830951894845301,0.9211990814011154,0.6438023899619761,2793.0,61232.0,962.0,549.0
ANFC_000528.png,0.7554661975985257,0.6070274638097628,0.8041733548399287,0.7123222750178568,0.9904660185026707,0.9851531982424142,4.0,0.8127759447295018,0.8111682682681892,1503.0,63060.0,607.0,366.0
ANFC_000532.png,0.7531975368293712,0.6041033437658788,0.7029177721459612,0.8112244899885465,0.9971275522087241,0.992050170898559,18.186283314509453,0.8644062816332249,0.7961086529398197,795.0,64220.0,185.0,336.0
ANFC_000533.png,0.7551113130673431,0.6065693431374873,0.8169083313303248,0.7020063358601887,0.9770445930340338,0.967102050781752,58.79605222609624,0.8045842253757459,0.6247486673665301,3324.0,60056.0,1411.0,745.0
ANFC_000534.png,0.7501419648163787,0.6001817356352898,0.8428328371240252,0.6758185539434143,0.968751027386515,0.9597167968756147,5.830951894845301,0.8626565346350875,0.6755085311240764,3963.0,58933.0,1901.0,739.0
ANFC_000535.png,0.8683944799841472,0.767400356964991,0.838887985719576,0.900052328641191,0.9903510987624762,0.9761352539066143,8.0,0.9032253084900369,0.7682453399015621,5160.0,58812.0,573.0,991.0
ANFC_000536.png,0.8306628966915919,0.7103707685597148,0.8496143959835383,0.8125384143745923,0.9952328852767235,0.9917755126954381,9.098795005781797,0.884057465223902,0.5139624752810675,1322.0,63675.0,305.0,234.0
ANFC_000537.png,0.8836522747702223,0.7915564790525542,0.8350936628303015,0.9382066495087645,0.9900540540542333,0.9663238525395764,7.280109889280518,0.9517744425051959,0.5881630138755348,8381.0,54948.0,552.0,1655.0
ANFC_000538.png,0.8387793464848706,0.7223255493750551,0.892805449136415,0.790918690617671,0.9484672157061875,0.9384918212900012,11.431666538441647,0.930827396539581,0.553209414356209,10486.0,51019.0,2772.0,1259.0
ANFC_000539.png,0.8728269544441921,0.7743504494659309,0.9317676692893934,0.82089941910966,0.9472693032025199,0.9440765380867909,7.0710678118654755,0.9770180144606851,0.5800164473446908,12577.0,49294.0,2744.0,921.0
ANFC_000540.png,0.8029751712434195,0.6708091193857122,0.9281296388015673,0.7075631837318406,0.946024507415825,0.9438171386727324,9.16208869558845,0.8812090084260931,0.507380335899934,7503.0,54351.0,3101.0,581.0
ANFC_000541.png,0.9121548942299463,0.8384970336278567,0.942047768935256,0.8841007819354706,0.9594389151286271,0.9551391601569347,5.0,0.9414711695371429,0.6870259723042762,15264.0,47332.0,2001.0,939.0
ANFC_000542.png,0.8292974777268225,0.7083759212594343,0.9187831426235847,0.7556958393253547,0.9168619639106933,0.9172821044934498,24.0,0.8924132933948088,0.6207369254440525,13168.0,46947.0,4257.0,1164.0
ANFC_000543.png,0.7288018310678234,0.5733188175552032,0.6750813529558148,0.7918112422170008,0.9675060926082226,0.9222564697277489,28.160255680657446,0.7162652902714761,0.47077701191320714,6846.0,53595.0,1800.0,3295.0
ANFC_000544.png,0.8950939457236725,0.8101086443191953,0.9077075752624738,0.8828260729758172,0.9638840959131337,0.9509277343757488,5.9323807579381045,0.9806346651864363,0.6484135523970512,13720.0,48600.0,1821.0,1395.0
ANFC_000545.png,0.862676962681381,0.7585153332715562,0.916712253835017,0.8146572678770869,0.9400927089892345,0.9348754882822439,8.049806198638823,0.9357410181147803,0.6456162893266506,13406.0,47862.0,3050.0,1218.0
ANFC_000546.png,0.8477579953903825,0.735746476877048,0.8766621207060465,0.8206990105473428,0.9582373057772984,0.9436340332039852,7.0710678118654755,0.9414363501472834,0.5728519146938269,10285.0,51557.0,2247.0,1447.0
ANFC_000547.png,0.7365991818172035,0.5830288941243724,0.9133714880558347,0.6171559149908321,0.9646955845172033,0.9616851806646473,7.0710678118654755,0.8048763822606151,0.70190309537081,3511.0,59514.0,2178.0,333.0
ANFC_000548.png,0.7504283266823516,0.6005484460998973,0.8598538553975511,0.6657097019618585,0.9297638689316486,0.919982910157471,19.864489917151204,0.7862213313193105,0.6480920864178117,7884.0,52408.0,3959.0,1285.0
ANFC_000549.png,0.85946678717468,0.7535657686456453,0.9093951709407847,0.8147354894179979,0.9697393737979755,0.9620361328130794,4.47213595499958,0.9458079741728584,0.8093806210161815,7608.0,55440.0,1730.0,758.0
ANFC_000550.png,0.7587317656914669,0.6112552828938048,0.8940461989053198,0.6589928057826545,0.9242475361817589,0.9199981689465333,6.041381265149109,0.8551564548740128,0.6543247086116625,8244.0,52049.0,4266.0,977.0
ANFC_000551.png,0.859106529219503,0.7530120482231359,0.924388771517599,0.8024367876585305,0.9744016296049159,0.9693450927739053,5.0,0.9273556873754365,0.7555360491438655,6125.0,57402.0,1508.0,501.0
ANFC_000552.png,0.8085391153176378,0.6786115480028521,0.9084210526453502,0.7284456771097979,0.9617566144760765,0.9563446044928537,6.708203932499369,0.9099153670073429,0.7000931531413337,6041.0,56634.0,2252.0,609.0
ANFC_000553.png,0.7636901825503398,0.6177174780908103,0.8695407948505068,0.6808136338998556,0.9503038603107027,0.9415283203133923,8.06225774829855,0.8544840521966872,0.6771526805158541,6192.0,55512.0,2903.0,929.0
ANFC_000554.png,0.7919226508313062,0.6555231346681515,0.8724065239240645,0.7250345781719655,0.9472427153557447,0.9369506835947121,7.810249675906654,0.8644291079945099,0.6600100121158566,7863.0,53541.0,2982.0,1150.0
ANFC_000555.png,0.8144652233016066,0.6870023885661821,0.937398153186122,0.7200375508793119,0.9538609640384745,0.9520111083991698,6.324555320336759,0.9286611398402629,0.7385699820767757,6903.0,55488.0,2684.0,461.0
ANFC_000556.png,0.7916359163694152,0.655130293187693,0.8613490364174144,0.7323623122683329,0.9476831091190177,0.9353790283212986,5.385164807134504,0.9081778837310257,0.7070289214053134,8045.0,53256.0,2940.0,1295.0
ANFC_000557.png,0.7433215253284717,0.5914969821853487,0.7836555360471305,0.7069361871021057,0.931734249207258,0.9060211181654966,8.06225774829855,0.7976982300078351,0.6778799718022778,8918.0,50459.0,3697.0,2462.0
ANFC_000558.png,0.8359969334294983,0.7182085317946896,0.8573847828889095,0.815650172633412,0.9720267509477724,0.9575653076178351,5.0,0.9296977663041118,0.6889865444134464,7088.0,55667.0,1602.0,1179.0
ANFC_000559.png,0.8576806138768553,0.7508238276509654,0.899574812725291,0.8195148944185636,0.964838837184864,0.9550018310553742,9.817392134570829,0.9266750495318574,0.813485059342884,8886.0,53701.0,1957.0,992.0
ANFC_000560.png,0.7447330286620927,0.5932865642844075,0.9062669560626333,0.6320719016431342,0.933137335810241,0.9301147460948165,37.0,0.812212911985667,0.5764345047103627,6681.0,54275.0,3889.0,691.0
ANFC_000561.png,0.6352072220690999,0.4654239328125605,0.7930327869912742,0.5297741274709877,0.9783907901362231,0.9728698730472891,47.0,0.8088635824701729,0.637995203808092,1548.0,62210.0,1374.0,404.0
ANFC_000562.png,0.8833271074658618,0.7910347903890461,0.9287771668069158,0.8421177588031674,0.9770285674811388,0.9714050292973114,5.0,0.9999994977341952,0.7159607435334101,7094.0,56568.0,1330.0,544.0
ANFC_000564.png,0.8884204609487886,0.7992414665488643,0.8969920545127719,0.8800111358908655,0.9930497323099876,0.98788452148456,3.0,0.9614987832440385,0.8480749463459291,3161.0,61581.0,431.0,363.0
ANFC_000565.png,0.8563998190945048,0.7488629622554022,0.8996317852595758,0.8171323767593989,0.9703240716429378,0.9612426757818415,4.0,0.9333083415296195,0.8160081787572885,7574.0,55422.0,1695.0,845.0
ANFC_000566.png,0.8515265579307288,0.741442097612197,0.9164978618113514,0.7951571958735171,0.9397207271067152,0.934997558594742,5.0,0.9457322272440785,0.689671910060848,12216.0,49060.0,3147.0,1113.0
ANFC_000567.png,0.8403491624872653,0.7246570565144933,0.9011203469532981,0.7872568830647098,0.9348368503523174,0.9277191162120405,5.385164807134504,0.9519727029954042,0.6698103260939718,12467.0,48332.0,3369.0,1368.0
ANFC_000568.png,0.7883186452515225,0.6505989732220385,0.8329884358085224,0.7481959326756839,0.9598227525695675,0.9439239501961683,14.866068747318506,0.8680045729310619,0.6310331298270272,6843.0,55018.0,2303.0,1372.0
ANFC_000569.png,0.7738841756087687,0.6311672684253575,0.8123386680918072,0.7389058465041309,0.9819662028480756,0.9719390869144908,7.0710678118654755,0.8923981102335011,0.7415290088967014,3147.0,60550.0,1112.0,727.0
ANFC_000570.png,0.7572898191020014,0.6093857045433448,0.7383785279830688,0.7771952818148835,0.9737600329290361,0.9477996826179841,65.03113727299538,0.8251113498194108,0.5581823815974828,5337.0,56778.0,1530.0,1891.0
ANFC_000571.png,0.8165035811653131,0.6899079441109863,0.805453278952587,0.8278613071670389,0.9696685710171812,0.9444885253914721,6.082762530298219,0.9093311560090036,0.6385640295353472,8094.0,53804.0,1683.0,1955.0
ANFC_000572.png,0.8093871106782412,0.6798071127571058,0.7644028738288732,0.8599969498459666,0.984215684589071,0.9594726562506185,8.94427190999916,0.8808519744630849,0.7390901385528035,5639.0,57241.0,918.0,1738.0
ANFC_000573.png,0.8280943025751357,0.7066219615032224,0.873348873381676,0.7872986225105536,0.9852290231052253,0.9786376953128261,3.0,0.9075756383586384,0.8760993805172703,3372.0,60764.0,911.0,489.0
ANFC_000574.png,0.8312284730297161,0.7111984283206289,0.8392922513923987,0.8233181709572279,0.9742592560301658,0.9573822021490879,5.0,0.9350479826062827,0.7418958079281059,6878.0,55865.0,1476.0,1317.0
ANFC_000575.png,0.82150858851221,0.6970849176556293,0.9102946044504643,0.7485029940462027,0.9689380441730437,0.9635314941411816,4.0,0.9013472916767179,0.8684268598650596,5500.0,57646.0,1848.0,542.0
ANFC_000576.png,0.7905312414127077,0.6536185708177494,0.8139436021235733,0.7684280936764645,0.970399630637145,0.9535522460944589,7.0,0.8965222427713244,0.5991567523237546,5744.0,56748.0,1731.0,1313.0
ANFC_000577.png,0.7468626499516839,0.5959942459227626,0.9166099387480242,0.6301626302059012,0.9470164264172475,0.9442901611336627,17.169657621050174,0.8706348607179838,0.5285224007038911,5386.0,56499.0,3161.0,490.0
ANFC_000578.png,0.8081445660571064,0.6780558640404838,0.873940328099313,0.751562204151528,0.9535188563946377,0.9424896240243151,7.0,0.9047576217909782,0.6474745284080231,7938.0,53829.0,2624.0,1145.0
ANFC_000579.png,0.7103135476808689,0.5507645261312647,0.6760510511726536,0.7482343166812488,0.990361369131086,0.9775848388675297,43.94255101479312,0.7945976465092818,0.6965524796816174,1801.0,62266.0,606.0,863.0
ANFC_000580.png,0.8260795935795021,0.7036930179308002,0.8925892040452719,0.7687943262775738,0.9755788983040805,0.9686584472661034,3.1622776601683795,0.9374921758212114,0.8681160942712819,4878.0,58604.0,1467.0,587.0
ANFC_000581.png,0.6974522293234513,0.535452322795177,0.8308042488940053,0.6009879254115,0.951745652463299,0.9420166015633848,80.55732359211245,0.7756207663849045,0.5765194045016641,4380.0,57356.0,2908.0,892.0
ANFC_000582.png,0.8206488964044959,0.695847821671523,0.8570348910622201,0.7872266574352393,0.9680712537116851,0.9546203613288176,6.0,0.9357528900174418,0.6889064914024703,6804.0,55758.0,1839.0,1135.0
ANFC_000583.png,0.8472449536418217,0.7349739706996413,0.9198420533228348,0.7852688353640201,0.9789320500739374,0.9743652343753912,4.123105625617661,0.9728277735356158,0.7225713364428754,4659.0,59197.0,1274.0,406.0
ANFC_000584.png,0.7873908297039942,0.6493360342374269,0.8771663119613696,0.7142857143092939,0.9378109899596219,0.9286804199229634,6.375625116449188,0.9310893243892685,0.6486679328314481,8655.0,52207.0,3462.0,1212.0
ANFC_000585.png,0.7804415549532112,0.6399378054997916,0.814301865513199,0.7492847855008362,0.9844511113264226,0.975265502930065,7.800525847404526,0.8318028544928361,0.6925206753721427,2881.0,61034.0,964.0,657.0
ANFC_000586.png,0.7844816727819018,0.6453886011097639,0.8526834611575347,0.7263820854382126,0.9810451813072677,0.973892211914461,6.324555320336759,0.8342793326343512,0.7581476850154965,3114.0,60711.0,1173.0,538.0
ANFC_000587.png,0.7726536343263145,0.6295318550458409,0.7689165950625716,0.7764271760849951,0.9830825832733874,0.9678802490239277,17.0,0.8813900614056202,0.7480669919410017,3577.0,59854.0,1030.0,1075.0
ANFC_000588.png,0.764289487610746,0.6185020520488197,0.769574468134133,0.7590766002604246,0.9811295943194633,0.9659576416020821,8.0,0.9005017618334511,0.5897786964653948,3617.0,59688.0,1148.0,1083.0
ANFC_000589.png,0.7752021563746267,0.6329225353189781,0.8229683327649873,0.7326766305255854,0.9874910593660098,0.9809112548831039,6.0,0.8612030039535956,0.6006226203500946,2157.0,62128.0,787.0,464.0
ANFC_000590.png,0.8365629281766449,0.7190444145671776,0.8880731403396491,0.7907005426997162,0.9709004235476636,0.9617767333990208,4.0,0.9381793374493598,0.7972520607598945,6411.0,56620.0,1697.0,808.0
ANFC_000642.png,0.802833530125656,0.6706114398963492,0.8477041346670051,0.7624743039128248,0.9790688865836822,0.9694213867192167,7.0,0.9175391166455924,0.5425767447085,4080.0,59452.0,1271.0,733.0
ANFC_000643.png,0.7855971666697975,0.646899978435202,0.8062735595306578,0.7659547256981769,0.9685069181529479,0.9501190185554488,7.0710678118654755,0.8553753181876792,0.5534769451208198,5989.0,56278.0,1830.0,1439.0
ANFC_000644.png,0.8309137489445692,0.7107377648270347,0.8911616547258188,0.7782962271992673,0.9718063914559327,0.9637451171880533,7.615773105863909,0.913578897285599,0.7165241356882271,5838.0,57322.0,1663.0,713.0
ANFC_000645.png,0.846940606509336,0.7345160286749898,0.8547627671396663,0.8392603129731045,0.9849368480690349,0.9739685058597723,5.385164807134504,0.9101638498307029,0.6439179309650258,4720.0,59110.0,904.0,802.0
ANFC_000646.png,0.8544260366773428,0.7458497347688089,0.9357955765652146,0.7860750361136228,0.9805187338822826,0.9773406982425333,7.732459047889538,0.8936578573347512,0.6772342375368244,4358.0,59693.0,1186.0,299.0
ANFC_000647.png,0.738713820039641,0.585682957458383,0.7968883205888984,0.6884551648520613,0.9721911774378379,0.9596405029303035,71.0562809036691,0.8039255885427814,0.4872382473146825,3739.0,59152.0,1692.0,953.0
ANFC_000648.png,0.8479421579617384,0.7360239451833519,0.9194307080063405,0.786768500383242,0.9639095117483814,0.9582824707037617,7.0,0.9352761014142938,0.5132099229155221,7623.0,55179.0,2066.0,668.0
ANFC_000649.png,0.8106986396344594,0.6816595580299225,0.8259337562072037,0.7960153951107051,0.9852967574538537,0.9749450683597574,9.486832980505138,0.9132208226711267,0.7302996025216878,3516.0,60378.0,901.0,741.0
ANFC_000650.png,0.7975923521894492,0.6633294071787074,0.8842077718324993,0.7264323336852163,0.9560395902793768,0.9476623535164237,9.848857801796104,0.8649543917439948,0.536595145566124,6758.0,55348.0,2545.0,885.0
ANFC_000651.png,0.8092358438807457,0.6795937211745527,0.8618266979084512,0.762694300542726,0.9598217418773278,0.947052001953933,9.934671708797573,0.8876307643721417,0.5225092856238466,7360.0,54706.0,2290.0,1180.0
ANFC_000656.png,0.8721264367930921,0.773248407679419,0.8819469669665916,0.8625222025110973,0.9871064467768265,0.9782714843753316,8.602325267042627,0.8091964267167585,0.5745127055708934,4856.0,59256.0,774.0,650.0
ANFC_000657.png,0.7679807828339705,0.623351301797987,0.7911208151686869,0.7461559582995393,0.9684825963936781,0.9498901367195147,9.896963079870877,0.9047987273416624,0.6060008361101955,5435.0,56817.0,1849.0,1435.0
ANFC_000658.png,0.8445012476511167,0.7308543137331872,0.8627207162568117,0.8270354035252073,0.9747625839222395,0.9610137939459075,4.0,0.9597362255171982,0.7558334619031187,6938.0,56043.0,1451.0,1104.0
ANFC_000659.png,0.7547292890158628,0.6060764799355484,0.8879508826216612,0.6562677255654374,0.9807405053236812,0.9770507812503503,27.593719522465307,0.7597378120532723,0.6024769115648907,2314.0,61718.0,1212.0,292.0
ANFC_000660.png,0.8222746385168419,0.698188784448243,0.8614095402102686,0.7865411026512573,0.9821293650014433,0.9735565185550911,8.54400374531753,0.9624938059135744,0.4583141242776612,4009.0,59794.0,1088.0,645.0
ANFC_000661.png,0.8415489159916353,0.7264432030304574,0.8630530973754307,0.8210902968172825,0.986069227743771,0.9775848388675297,3.605551275463989,0.9504557977330189,0.7552979325455347,3901.0,60166.0,850.0,619.0
ANFC_000662.png,0.8302950573359993,0.7098329049309394,0.8233320909758979,0.8373768006373433,0.9857404021940213,0.9724426269535456,6.324555320336759,0.9092412524681541,0.6527838067877114,4418.0,59312.0,858.0,948.0
ANFC_000663.png,0.8487683193093873,0.7372697725047608,0.9079386257607363,0.7968384075139697,0.963177814722451,0.9555969238288027,4.242640687119285,0.9528541074836694,0.6924146119937347,8166.0,54460.0,2082.0,828.0
ANFC_000664.png,0.7556219255309539,0.6072285755178274,0.8882693102254711,0.6574442067169911,0.9630770751645454,0.9575500488287728,15.17226605494407,0.8411437352623959,0.6471675159728075,4301.0,58453.0,2241.0,541.0
ANFC_000665.png,0.785030732141521,0.6461321721764688,0.9260279001604207,0.6812964213799735,0.9607242710697523,0.9578399658209559,8.06225774829855,0.8823661011263643,0.649070432606131,5045.0,57728.0,2360.0,403.0
ANFC_000668.png,0.8243235945442392,0.7011483693430273,0.8039608132514525,0.8457446808681577,0.9751619292333537,0.950363159180445,19.1049731745428,0.9062765956908876,0.6668915080812423,7632.0,54651.0,1392.0,1861.0
ANFC_000669.png,0.8226702856518889,0.6987594686904425,0.8500267094217379,0.7970197846485074,0.9720748346201062,0.958129882813139,8.246211251235321,0.902677485058418,0.7017369387423152,6365.0,56427.0,1621.0,1123.0
ANFC_000671.png,0.8136142625859516,0.6857923497983168,0.8598344276734701,0.7721097155159934,0.9856689181566961,0.9789428710940714,4.212756921743878,0.9188607808048241,0.8035874963391471,3012.0,61144.0,889.0,491.0
ANFC_000672.png,0.8242478403467197,0.7010387636558096,0.9042483660287176,0.7572523262510602,0.9701427224994927,0.9639892578130496,5.385164807134504,0.9251081965934086,0.6983697427493317,5534.0,57642.0,1774.0,586.0
ANFC_000673.png,0.7422919265957679,0.5901941335425543,0.7859973580324595,0.7031909505819364,0.9708152796458852,0.9558715820319235,12.727922061357855,0.871160401564308,0.3483425915011675,4165.0,58479.0,1758.0,1134.0
ANFC_000674.png,0.8071619217296305,0.676673503696313,0.9022874192187251,0.7301810865734041,0.9782000845339565,0.9735412597660288,5.656854249492381,0.9260099311401561,0.7357904636188097,3629.0,60173.0,1341.0,393.0
ANFC_000675.png,0.7773451983891968,0.6357846854229288,0.8518894758529277,0.7147971360868058,0.9723991157162966,0.9633483886724343,15.963216876123553,0.8483140036170589,0.7303192347547925,4193.0,58941.0,1673.0,729.0
ANFC_000677.png,0.7526178010795003,0.6033578175019185,0.8662247665362384,0.6653552419196123,0.9767587636823254,0.9711608886723152,46.43250642945422,0.8282971244150169,0.7146845823238679,2875.0,60771.0,1446.0,444.0
ANFC_000678.png,0.7225939269409338,0.5656728445385881,0.7427261506360914,0.7035243027052741,0.9703499540638044,0.9506530761726281,17.0,0.8275443217620376,0.6611253030574705,4212.0,58090.0,1775.0,1459.0
ANFC_000681.png,0.8123588829582674,0.6840104062753641,0.8995920515989483,0.7405481529909492,0.958661994926236,0.9518127441413604,16.152185893623034,0.9005775537939177,0.7020442026062202,6836.0,55542.0,2395.0,763.0
ANFC_000683.png,0.8381766655536684,0.7214321151214295,0.8327765581910112,0.8436472636004982,0.9706315043867373,0.948593139649222,5.385164807134504,0.9138175342582371,0.7923253845891411,8725.0,53442.0,1617.0,1752.0
ANFC_000684.png,0.8254402887656083,0.7027657094730565,0.8479734049548685,0.8040737148637156,0.9720003465308499,0.9571990966803406,7.0,0.85549844986676,0.720796033620348,6632.0,56099.0,1616.0,1189.0
ANFC_000685.png,0.8541757443824128,0.7454683737171418,0.8452141420170719,0.8633294186929933,0.9841066612041363,0.9693603515629676,76.525482116769,0.7007180815542837,0.5109385010178285,5881.0,57647.0,931.0,1077.0
ANFC_000686.png,0.8140161725146957,0.6863636363862653,0.8219994815672687,0.8061864406943909,0.9576191093905524,0.9336700439463247,7.615773105863909,0.8955457339772542,0.5754471271928276,9513.0,51676.0,2287.0,2060.0
ANFC_000688.png,0.7920962199535979,0.6557610242432856,0.8152077807658691,0.7702589808332791,0.9819707598508167,0.9704589843754509,134.97402628305753,0.8392445807955553,0.3648004697742683,3688.0,59912.0,1100.0,836.0
ANFC_000689.png,0.8513249155387405,0.7411363988634253,0.8934303844917076,0.8130095109013231,0.9817042773109491,0.9744873046878894,4.47213595499958,0.9423138101194293,0.8276932275858887,4787.0,59077.0,1101.0,571.0
ANFC_000690.png,0.8025395459160078,0.6702012940923433,0.8494305239522937,0.7605547624392096,0.9808000523340725,0.9720001220707398,5.0,0.8974370783596636,0.7820552088118976,3729.0,59972.0,1174.0,661.0
ANFC_000691.png,0.7481854745620551,0.5976807740898382,0.8470637496234624,0.669978473284486,0.9287998142305914,0.9168853759778308,13.341664064126334,0.7819993113045348,0.6357977701213743,8092.0,51997.0,3986.0,1461.0
ANFC_000692.png,0.787702735425432,0.6497603834145559,0.8491649269468513,0.7345372460736309,0.9474587175647391,0.9330902099619586,5.43950269560603,0.8469204714375851,0.7582508756308988,8135.0,53016.0,2940.0,1445.0
ANFC_000693.png,0.8525615567984233,0.7430128926414283,0.8708041780883476,0.835067587296016,0.9695374943876149,0.9546813964850666,6.324555320336759,0.9400192233121412,0.6909773492948652,8587.0,53979.0,1696.0,1274.0
ANFC_000694.png,0.776678856392259,0.634893674866846,0.8656785548989645,0.70427311781564,0.9283169836150542,0.9179992675793763,11.40175425099138,0.8882106776603573,0.6062432243716093,9345.0,50817.0,3924.0,1450.0
ANFC_000695.png,0.8613598673376806,0.7564812117917777,0.9179922234101576,0.8113089659677903,0.9682378306373778,0.9617309570318341,3.0,0.9799821346891084,0.868081291938015,7791.0,55237.0,1812.0,696.0
ANFC_000696.png,0.6730807777328068,0.5072507553366313,0.7271546124257031,0.626492537359889,0.9487621355090726,0.9253387451183268,28.70347130238392,0.7134887911370059,0.4285016956532848,5037.0,55606.0,3003.0,1890.0
ANFC_000697.png,0.881684677201363,0.7884043607706968,0.9003961516788911,0.8637350705877909,0.9725852841596718,0.9609069824224716,4.123105625617661,0.9455438601407209,0.7856303654703978,9546.0,53428.0,1506.0,1056.0
ANFC_000698.png,0.8591503533482596,0.7530793877000299,0.8924985233404356,0.8282045258923965,0.9591319735501699,0.9470825195320576,4.0,0.95267048987236,0.7610431489966082,10577.0,51491.0,2194.0,1274.0
ANFC_000699.png,0.8383360460335995,0.7216682958799825,0.9369659023659391,0.758493150701473,0.9343596999100031,0.934829711915057,4.47213595499958,0.9310222414859355,0.7370268453377824,11074.0,50191.0,3526.0,745.0
ANFC_000700.png,0.7718584070897407,0.628476725779761,0.9250185597703873,0.6622124364389786,0.9207050813638101,0.9213256835949506,7.0,0.8809954426512812,0.6103572783324608,8722.0,51658.0,4449.0,707.0
ANFC_000701.png,0.821050340932067,0.6964252753524626,0.8994040524513783,0.7552545539630844,0.9307284092853633,0.9247131347667739,7.280109889280518,0.9017716134718303,0.6869551464545482,11319.0,49283.0,3668.0,1266.0
ANFC_000702.png,0.8117953165740724,0.6832116788564571,0.8907142141750262,0.7457229117958971,0.9454214893894943,0.9370880126962725,8.94427190999916,0.9028314372458482,0.6496018912550313,8892.0,52521.0,3032.0,1091.0
ANFC_000703.png,0.7534285878376411,0.604400662897772,0.8133052527485994,0.7017637627256266,0.9514478630107294,0.934432983399438,16.0,0.8267494941090626,0.5505080282919615,6565.0,54674.0,2790.0,1507.0
ANFC_000704.png,0.8842379899107119,0.7924969500007628,0.8664962205573037,0.9027214823505824,0.9851432614081156,0.9688568115239128,3.1622776601683795,0.969070889410781,0.8482191082045166,7795.0,55700.0,840.0,1201.0
ANFC_000705.png,0.8911446357528381,0.8036617439000949,0.9214799350589794,0.8627429688497401,0.9777910531683278,0.9703826904301396,3.0,0.9899715409625345,0.8926708721132659,7945.0,55650.0,1264.0,677.0
ANFC_000706.png,0.8377003551282417,0.7207266721948202,0.9264409298454048,0.7644740299759591,0.9520805488737043,0.9483947753914126,8.94427190999916,0.9403855540864559,0.7577300731517173,8728.0,53426.0,2689.0,693.0
ANFC_000707.png,0.8302643381084649,0.7097880018304206,0.922283436886381,0.7549414699908903,0.9551969125523165,0.9509124755866866,7.0,0.939750330684341,0.7370477946177817,7868.0,54451.0,2554.0,663.0
ANFC_000708.png,0.8559468489628654,0.7481705270393978,0.9172771421584265,0.8023038157089775,0.9485642572171397,0.9427642822274359,5.0,0.955951415699391,0.7217352966445942,11144.0,50641.0,2746.0,1005.0
ANFC_000709.png,0.803644914775265,0.67174447179824,0.9230249831368389,0.7116085372702398,0.9727955739614556,0.9694213867192167,5.0,0.9407007931831703,0.5966256548014569,4101.0,59431.0,1662.0,342.0
ANFC_000710.png,0.8875502008100553,0.797833935040167,0.9148268941401371,0.8618529898532435,0.9796921687169118,0.9718017578129304,3.0,0.9833700294317433,0.8841513163673395,7293.0,56395.0,1169.0,679.0
ANFC_000711.png,0.817100482764291,0.6907606866635173,0.8507617369830281,0.7860015320005743,0.9600085887601766,0.9439239501961683,5.0,0.9065885761036339,0.6794409729845917,8209.0,53652.0,2235.0,1440.0
ANFC_000712.png,0.7984091730903151,0.6644601100701117,0.8269848063527728,0.7717423864431611,0.9593166043787272,0.9404449462899713,7.0710678118654755,0.8936795741286299,0.6351837887214193,7729.0,53904.0,2286.0,1617.0
ANFC_000713.png,0.8661918874744021,0.7639669163729739,0.8768583199107238,0.8557818372645939,0.9696523818287722,0.9538421630866419,5.0990195135927845,0.9261982017175615,0.7303979245563218,9791.0,52720.0,1650.0,1375.0
ANFC_000714.png,0.8117004875281595,0.6830773546754276,0.8830462375446014,0.7510216670713994,0.9407588155443298,0.9310455322276148,7.0710678118654755,0.9157253760979271,0.7157682795230266,9740.0,51277.0,3229.0,1290.0
ANFC_000715.png,0.8423575552949719,0.7276491624488582,0.8980255516919841,0.7931883463415956,0.9425324490233455,0.9337615966806984,6.082762530298219,0.9126458993043618,0.7655944583733423,11598.0,49597.0,3024.0,1317.0
ANFC_000716.png,0.8704055220061983,0.7705468988835596,0.913437160455383,0.831245880037492,0.9505132319121897,0.9427032470711869,3.605551275463989,0.9837063149470515,0.8160965213591409,12610.0,49171.0,2560.0,1195.0
ANFC_000717.png,0.7448245158607387,0.5934026957208084,0.7091988130974709,0.7842187500337159,0.9763766058267097,0.9475250244148633,18.027756377319946,0.8326714260946515,0.35871696510649964,5019.0,57078.0,1381.0,2058.0
ANFC_000718.png,0.7668583023492148,0.621873628826034,0.8391059798935604,0.7060655125537345,0.9598502892147014,0.9474029541023652,18.027756377319946,0.7966232456734951,0.6661029164916107,5669.0,56420.0,2360.0,1087.0
ANFC_000719.png,0.7346737907948064,0.580620068943147,0.8277883396977521,0.660389282146058,0.9546298797792343,0.9424133300790039,24.0582432141222,0.7933564393726238,0.6463898284784743,5225.0,56537.0,2687.0,1087.0
ANFC_000720.png,0.8488114572623353,0.7373348724036595,0.9103000554263083,0.7951040730381644,0.9439939514234195,0.9375000000009538,8.31793228813623,0.9799011519303921,0.491901572301356,11498.0,49942.0,2963.0,1133.0
ANFC_000721.png,0.842417815490858,0.7277390985958465,0.9375663873554153,0.7648021565644746,0.9571876697692517,0.9546508789069421,5.830951894845301,0.926113898355437,0.6863973813493736,7944.0,54620.0,2443.0,529.0
ANFC_000722.png,0.7626578803116246,0.6163678324842237,0.953584180183031,0.6354319180755066,0.9678164633658968,0.9670257568364408,39.334335476771,0.9011919829574196,0.7284269466636817,3472.0,59903.0,1992.0,169.0
ANFC_000723.png,0.8208133546518908,0.6960843373722828,0.9210840972577636,0.7402306214173422,0.9415495495506027,0.9384155273446898,3.605551275463989,0.9002953551669644,0.819861381611657,9244.0,52256.0,3244.0,792.0
ANFC_000724.png,0.7509475679286997,0.6012138071056754,0.9145989613551454,0.6369725385616916,0.9550856025331872,0.9518737792976094,8.0,0.7825470703069409,0.7340317692722725,4755.0,57627.0,2710.0,444.0
ANFC_000725.png,0.679905520104986,0.5150430749483044,0.87700293390273,0.5551428572064081,0.9490385402184921,0.9441680908211645,9.0,0.691721056311294,0.6882973815920334,3886.0,57991.0,3114.0,545.0
ANFC_000726.png,0.6943671766607817,0.5318242344165347,0.8352153910842293,0.5941684023216054,0.955097606742682,0.9463500976570688,7.0,0.7393201886661082,0.7178376757056801,3994.0,58026.0,2728.0,788.0
ANFC_000727.png,0.8372660699850479,0.720083974835541,0.9508910891153939,0.7478974146248679,0.9581097634623608,0.957275390625652,4.0,0.9620098411780036,0.8050524879064133,7203.0,55533.0,2428.0,372.0
ANFC_000735.png,0.8009235505898092,0.6679503638562473,0.9204009434431598,0.7089009992239325,0.9899592731831147,0.9881591796876807,4.242640687119285,0.921650822362216,0.7475025105375795,1561.0,63199.0,641.0,135.0
ANFC_000737.png,0.7651363939570405,0.6196120691704676,0.8718726308780345,0.6816834619551373,0.9916377283275202,0.9892272949220395,7.01421356237309,0.8887341686182328,0.6736652136666684,1150.0,63680.0,537.0,169.0
ANFC_000739.png,0.8436699129052614,0.729609929197868,0.8663157895440443,0.8221778222666445,0.9944056823182725,0.9906921386720171,3.2066050216979,0.9528530939790437,0.8520138988507764,1646.0,63280.0,356.0,254.0
ANFC_000741.png,0.47444551616468394,0.31099873621302226,0.38831886393976406,0.6096654279929796,0.9950987256687501,0.9833679199221289,64.00340354435349,0.5935479396222527,0.5230987016118717,492.0,63954.0,315.0,775.0
ANFC_000742.png,0.5757997220325454,0.40429687538782755,0.5908658424444663,0.5614828213729811,0.9924788710554008,0.9860382080080257,18.22345883180519,0.6721217027875708,0.5491102882808558,621.0,64000.0,485.0,430.0
ANFC_000743.png,0.8706739526882791,0.7709677420832466,0.940204563383002,0.8107191317430671,0.995658601104868,0.9945831298828952,3.0,0.9436691670551486,0.8869758789868823,1195.0,63986.0,279.0,76.0
ANFC_000744.png,0.4240282689582839,0.2690582966196786,0.3667481670333152,0.5025125636473826,0.995410859420943,0.9875640869142523,88.4104065838628,0.49180278882378603,0.3639995099547343,300.0,64421.0,297.0,518.0
ANFC_000746.png,0.7238532110725107,0.5672178290556371,0.8520518359330174,0.6291866030186657,0.9853966459395548,0.9816284179690304,6.0,0.8330249762277885,0.6373333569622945,1578.0,62754.0,930.0,274.0
ANFC_000748.png,1.8050541483663282e-09,1.8050541483663282e-09,7.692307633136095e-09,2.358490560475258e-09,0.9935174143045972,0.9915466308595041,91.58791956932303,0.0,0.0,0.0,64982.0,424.0,130.0
ANFC_000749.png,0.4946236562336346,0.32857142913565424,0.5430555561902006,0.45412311329370136,0.9927487040238098,0.9878082275392487,59.682493245507096,0.5539731930164765,0.40322091603756366,391.0,64346.0,470.0,329.0
ANFC_000750.png,0.6626905237490454,0.49554013925119905,0.8143322478593937,0.5586592183702132,0.9939157758541955,0.9922332763673061,3.0,0.8392767760535199,0.7843132228230729,500.0,64527.0,395.0,114.0
ANFC_000751.png,0.7387572069521131,0.5857375051634015,0.8077892967756264,0.6805949009252608,0.9781657979250542,0.9688873291020373,7.0710678118654755,0.8646116535525534,0.6633396680606111,2883.0,60614.0,1353.0,686.0
ANFC_000752.png,0.770204684581092,0.6262868909999016,0.8568075118043158,0.6995017249139511,0.9876352395674284,0.9833831787111912,7.053300858899107,0.8379058431166369,0.7356061425488536,1825.0,62622.0,784.0,305.0
ANFC_000753.png,0.6125290023629953,0.4414715719953063,0.5352384631134893,0.7159090909824615,0.9817751047934494,0.9464874267586292,81.60535758196895,0.6931346765586128,0.5521298312088944,2772.0,59257.0,1100.0,2407.0
ANFC_000754.png,0.708102108876026,0.5481099658945533,0.7595238097146636,0.6632016634350646,0.9924388574274622,0.9879608154298714,4.123105625617661,0.823329986322564,0.7323997402089188,957.0,63790.0,486.0,303.0
ANFC_000755.png,0.6407422029923524,0.4713912287332585,0.8986710964016218,0.4978527608902293,0.9743135101212252,0.9722290039066739,79.72293738216563,0.7944791794252283,0.3941506973706117,1623.0,62093.0,1637.0,183.0
ANFC_000756.png,0.5655672674186142,0.39427939326891914,0.8933046903353725,0.41376451087665594,0.9436590536005027,0.94151306152433,62.23982575604474,0.6161189480450636,0.30808565437914825,2495.0,59208.0,3535.0,298.0
ANFC_000757.png,0.6952808029691905,0.5328968904965968,0.7941463415638311,0.6183061148430286,0.9841697382102484,0.9782257080081449,84.11896337925236,0.8519139119682804,0.4732325142352447,1628.0,62481.0,1005.0,422.0
ANFC_000758.png,0.841438642628577,0.7262788779442493,0.8668143771868995,0.8175063849970962,0.9872141067770568,0.9797515869143716,3.1622776601683795,0.9331989380111176,0.8590280220172019,3521.0,60688.0,786.0,541.0
ANFC_000760.png,0.8592800374225837,0.7532786885920003,0.9251677852600108,0.80215304049981,0.9891297397533549,0.9862213134767729,2.8284271247461903,0.9576926418815283,0.9367587221355426,2757.0,61876.0,680.0,223.0
ANFC_000762.png,0.8404811080256979,0.7248533110383794,0.848417954415399,0.8326913818409505,0.988691648090781,0.9799652099612434,5.0,0.9285561520454634,0.7892473361919481,3459.0,60764.0,695.0,618.0
ANFC_000763.png,0.6540166696836288,0.48590250342927477,0.540287137550458,0.8283917341292042,0.9938509086812638,0.9702301025395169,40.734436301949685,0.7521404542146249,0.5566841289296365,1844.0,61741.0,382.0,1569.0
ANFC_000765.png,0.8020161763214141,0.6694716243308274,0.8405405405797197,0.7668684152058128,0.983080076790696,0.9742279052738309,3.605551275463989,0.9295743002230804,0.7961259008452153,3421.0,60426.0,1040.0,649.0
ANFC_000766.png,0.8036191041525336,0.6717084057347611,0.9161312140966753,0.7157199472349485,0.982805733553064,0.9797973632815584,3.0,0.9176517245104667,0.8266012101527075,2709.0,61503.0,1076.0,248.0
ANFC_000767.png,0.7779674166364674,0.6366175724640382,0.8912193388228868,0.6902533040500404,0.9820639956637587,0.9781646728518958,5.385164807134504,0.8776935879320954,0.6955172734130188,2507.0,61598.0,1125.0,306.0
ANFC_000768.png,0.6839210611963894,0.5196656835005738,0.6480686696357852,0.7239726028342559,0.9870571988311806,0.9701843261723301,40.27652153379065,0.7715601863084808,0.6156598991781761,2114.0,61468.0,806.0,1148.0
ANFC_000770.png,0.6989535167073554,0.5372240928662132,0.7993320345673999,0.6209729730549247,0.9716997885157047,0.9622497558599511,98.64050501987748,0.7428935088561763,0.6189402503627802,2872.0,60190.0,1753.0,721.0
ANFC_000771.png,0.7614370639024458,0.6147746245347352,0.87887828169518,0.6716826266886993,0.9887253366741509,0.9859161376955276,7.0710678118654755,0.8670608529686458,0.6896523983955608,1473.0,63140.0,720.0,203.0
ANFC_000772.png,0.7759598604083814,0.6339333452799976,0.8182654704811902,0.7378137316453404,0.9793426923143156,0.9686584472661034,10.295630140987,0.8492157295189363,0.7795635427554183,3557.0,59925.0,1264.0,790.0
ANFC_000773.png,0.7352303523393997,0.5813156204025464,0.923731699038566,0.6106234527097403,0.9723637757796073,0.9701843261723301,16.798596422104147,0.7911487798890761,0.5489516183152146,2713.0,60869.0,1730.0,224.0
ANFC_000774.png,0.6677792041504776,0.5012526499323081,0.912631578978024,0.5265182187193282,0.962687043359559,0.9605102539068526,46.69047011971501,0.7215760733996558,0.5459966535364831,2601.0,60347.0,2339.0,249.0
ANFC_000775.png,0.6167137398875704,0.4458323325856756,0.882968601387741,0.473832014430985,0.9675095374725303,0.9647979736333497,16.0,0.7146196423043449,0.6413184809959667,1856.0,61373.0,2061.0,246.0
ANFC_000776.png,0.6898079764121406,0.5264937994303283,0.7920624152672787,0.6109366824670496,0.9762414520359136,0.967956542969239,12.941874542459674,0.7333257001379616,0.6704740789261391,2335.0,61101.0,1487.0,613.0
ANFC_000778.png,0.8016987465030688,0.6690293815400675,0.9423510467081561,0.697580164537182,0.9572362876317764,0.9558258056647366,10.770329614269007,0.8395453226995926,0.5356516746234427,5852.0,56789.0,2537.0,358.0
ANFC_000780.png,0.7525512429347971,0.6032722696681202,0.8353989156012008,0.6846532296961351,0.9670873915065413,0.9567108154303482,8.0342417615642,0.812727592025039,0.6426918902682126,4314.0,58385.0,1987.0,850.0
ANFC_000781.png,0.7894215966687145,0.6521028249929964,0.8659831121995195,0.7252980400358358,0.952503231667671,0.9415588378915168,5.385164807134504,0.8688284416341163,0.6895497638124604,7179.0,54527.0,2719.0,1111.0
ANFC_000782.png,0.7337891030176529,0.5795157069438758,0.7798326729282993,0.6928794993376841,0.9875918754447547,0.9803924560549868,8.388656857558194,0.8334093072151626,0.6702371403003697,1771.0,62480.0,785.0,500.0
ANFC_000783.png,0.6811870406530937,0.5165152768305057,0.8133940183267919,0.5859484779456917,0.9861870683461016,0.9821319580080853,6.22718872423571,0.7374029298228088,0.6950772205925873,1251.0,63114.0,884.0,287.0
ANFC_000784.png,0.7721947913861753,0.6289228828845729,0.8177158089362895,0.7314746882370735,0.975865081851401,0.9640960693364855,10.042394277952752,0.8287202596216976,0.7168895346297897,3988.0,59195.0,1464.0,889.0
ANFC_000785.png,0.9126538052625965,0.8393405979548281,0.9461417322919462,0.881455399078425,0.9863481228671248,0.9824523925783929,4.47213595499958,0.9915249194698151,0.6675594142309577,6008.0,58378.0,808.0,342.0
ANFC_000786.png,0.8358712142588149,0.718022975217876,0.9252394576532853,0.7622463619837829,0.9596500686999383,0.9554290771491177,5.957737973711325,0.9493991973663266,0.6350869022337483,7438.0,55177.0,2320.0,601.0
ANFC_000787.png,0.8469874952749535,0.7345865650408063,0.9124755062193868,0.7902701174105119,0.9750387127183896,0.9691925048832827,4.0,0.965278015698439,0.8092370495042068,5588.0,57929.0,1483.0,536.0
ANFC_000788.png,0.8416796267619223,0.7266380236672075,0.8628826530830863,0.821493624799409,0.980156587473337,0.9689331054692242,8.0,0.9684903761542346,0.52244247282466,5412.0,58088.0,1176.0,860.0
ANFC_000789.png,0.867209395453462,0.7655513666904921,0.8036111798655426,0.9417391304516698,0.9967313352739867,0.9848175048830443,5.830951894845301,0.9479763743643891,0.6525221565615554,3249.0,61292.0,201.0,794.0
ANFC_000790.png,0.6726984127503653,0.5068165511822968,0.8332677940097256,0.5640138409464962,0.9739971107905006,0.9685363769536052,27.033973156105407,0.7752002655999523,0.5144914978334112,2119.0,61355.0,1638.0,424.0
ANFC_000791.png,0.6781187063525508,0.5129951605103074,0.8348891482395305,0.5709156194751813,0.965366780447521,0.9585418701178202,39.6232255123179,0.777376640538962,0.5373687872931331,2862.0,59957.0,2151.0,566.0
ANFC_000792.png,0.8204146381587214,0.6955110369416146,0.8708628498582206,0.7754912099508282,0.9618620992540736,0.949905395508577,17.46424919657298,0.8462443065600296,0.6360172632448575,7499.0,54754.0,2171.0,1112.0
ANFC_000793.png,0.8348955642604697,0.7165843152519215,0.8922542988022947,0.7844660194473695,0.973748669696543,0.9658660888677084,8.0,0.9524537733909334,0.5243278112087318,5656.0,57643.0,1554.0,683.0
ANFC_000794.png,0.8233912635178181,0.6998003992415436,0.895606267047751,0.7619530571193925,0.9724624564230949,0.9655761718755254,5.0,0.9331891739427953,0.7554364419476379,5259.0,58021.0,1643.0,613.0
ANFC_000795.png,0.754979717881275,0.6063995332030345,0.8921161825880504,0.6543870697256101,0.943754590330098,0.9382476806650049,24.938684260739105,0.8134137039084923,0.40717655192905394,6235.0,55254.0,3293.0,754.0
ANFC_000796.png,0.8335941575502203,0.7146690519148136,0.9230896187616621,0.7599184782934894,0.9702910368718952,0.9659271240239575,5.0990195135927845,0.9543247014202878,0.6569397369686543,5593.0,57710.0,1767.0,466.0
ANFC_000797.png,0.7854163448335072,0.6466547952624454,0.9140596907741713,0.6885157096846539,0.9616500483549263,0.9576110839850219,7.0,0.8865219547669091,0.5670554416773401,5084.0,57674.0,2300.0,478.0
ANFC_000798.png,0.7829787234213571,0.6433566434028287,0.9526366251289288,0.6646153846602522,0.9584390179214795,0.9579772949225164,5.385164807134504,0.9301465570421185,0.586241651538891,4968.0,57814.0,2507.0,247.0
ANFC_000799.png,0.7527876435324368,0.6035761589929038,0.9165325824785735,0.6386825508565266,0.9574334588211242,0.9543304443366345,6.324555320336759,0.8802747284895518,0.5656322954000091,4557.0,57986.0,2578.0,415.0
ANFC_000800.png,0.8587063051405827,0.7523973093241166,0.9172919211451245,0.8071549209569853,0.978998411504406,0.9736022949222779,7.280109889280518,0.9135376818581319,0.8313852592571203,5257.0,58549.0,1256.0,474.0
ANFC_000801.png,0.8200485044753357,0.6949849274609523,0.9316678912815327,0.7323130234674233,0.9852421434714357,0.9830169677736967,18.082889180713625,0.8613571399206537,0.6457462837803057,2536.0,61887.0,927.0,186.0
ANFC_000802.png,0.8098533724563222,0.6804652080267168,0.8617074388762588,0.7638858154981443,0.982658865594301,0.975265502930065,8.0,0.9167385361482157,0.7198852552503786,3452.0,60463.0,1067.0,554.0
ANFC_000803.png,0.8084955393446627,0.6785501574339701,0.8180326187487914,0.7991782743963144,0.9640776525003302,0.9423522949227547,51.319563384492476,0.8875563214617032,0.5955946605062473,7975.0,53783.0,2004.0,1774.0
ANFC_000804.png,0.8016249153779451,0.6689265536972561,0.8462784713765102,0.7614474361377597,0.9494576967107633,0.9329376220713359,7.0,0.9070409675595306,0.5886089741512455,8880.0,52261.0,2782.0,1613.0
ANFC_000805.png,0.8622768648830722,0.757896924372548,0.8860544217779354,0.8397421137585585,0.9607430247431612,0.9466705322273763,5.0,0.8774546656803165,0.7850507942942561,10941.0,51100.0,2088.0,1407.0
ANFC_000806.png,0.8223082120372024,0.6982371962346681,0.9377977024463718,0.7321448102666362,0.9580636323168933,0.9558563232428612,9.0,0.8691549282740829,0.7515317341272215,6694.0,55949.0,2449.0,444.0
ANFC_000807.png,0.8220789074523825,0.6979066023030747,0.9609756097647504,0.718263175386433,0.972143021007896,0.9713745117191869,4.0,0.9586586708230159,0.7202351703669422,4334.0,59326.0,1700.0,176.0
ANFC_000808.png,0.8134257800287097,0.6855245684209363,0.8448445172018718,0.7842601033339147,0.962214613897887,0.9458007812508271,6.119031448804022,0.9055416719060252,0.698027527638483,7743.0,54241.0,2130.0,1422.0
ANFC_000809.png,0.799270996820773,0.6656547769908377,0.8147383631112872,0.7843799682249225,0.9611438394191067,0.9394989013681108,8.06225774829855,0.8660935812975141,0.7150057997969824,7894.0,53677.0,2170.0,1795.0
ANFC_000810.png,0.777864595312871,0.6364798796813479,0.7507763286531118,0.8069807362381288,0.9627015571738192,0.9262542724620628,8.06225774829855,0.8502688346833257,0.6866221396989616,8462.0,52241.0,2024.0,2809.0
ANFC_000811.png,0.8008706269681547,0.6678767487455395,0.8401648474225702,0.7650877371168386,0.9590508858170541,0.9427642822274359,5.0,0.924949402536377,0.7096038470865021,7543.0,54242.0,2316.0,1435.0
ANFC_000812.png,0.7369686373361416,0.5834919536972673,0.8560548362893996,0.6469685342196914,0.9701284153453881,0.963272094727123,48.084820746429074,0.7889389824759395,0.6455724847902552,3372.0,59757.0,1840.0,567.0
ANFC_000813.png,0.7984884919410177,0.6645699908892303,0.8327601032053941,0.7669262241300084,0.9698418661844694,0.9552459716803705,5.385164807134504,0.8988297178339643,0.7189753842295081,5811.0,56792.0,1766.0,1167.0
ANFC_000814.png,0.7951741157255845,0.6599908967159773,0.8133501612938788,0.7777926780504503,0.9716291413411244,0.9544067382819458,4.47213595499958,0.9137515073499562,0.7442394515215823,5800.0,56748.0,1657.0,1331.0
ANFC_000815.png,0.7761963032281706,0.6342490264567678,0.8791946308901087,0.6947999539150467,0.9548924712866825,0.9469757080086217,8.0,0.9033402900521856,0.6873302877718696,6026.0,56035.0,2647.0,828.0
ANFC_000816.png,0.7812164579802132,0.6409804785496873,0.7742907801818634,0.7882671480526594,0.980416054494784,0.9626770019536947,17.011739280691614,0.8584227928032969,0.7845499846778027,4367.0,58723.0,1173.0,1273.0
ANFC_000817.png,0.8367644675252449,0.7193422520291688,0.8980514962080545,0.783308042554383,0.9886055344548753,0.9846343994142971,4.0,0.9459972076128466,0.839399005213535,2581.0,61948.0,714.0,293.0
ANFC_000818.png,0.8626822157501126,0.7585234555448583,0.8914440650842093,0.8357183204824216,0.9686026845160207,0.9568786621100331,4.47213595499958,0.9416572032139554,0.7750345506148708,8877.0,53833.0,1745.0,1081.0
ANFC_000819.png,0.7922567876929769,0.6559811552994693,0.8807755775741508,0.7199055861841176,0.957229163806858,0.9487457275398447,10.04987562112089,0.8404164597876123,0.6650430825539645,6405.0,55772.0,2492.0,867.0
ANFC_000820.png,0.7063136456382709,0.5459697733405928,0.8543074324529409,0.6020236088084492,0.9313389923341433,0.9229888916027377,28.292203950421552,0.7812208894305771,0.5959272795860519,6069.0,54420.0,4012.0,1035.0
ANFC_000821.png,0.822859086672093,0.6990319318452489,0.8611605553824919,0.7878195733939392,0.9782536132718339,0.9682159423832976,12.774917909462554,0.876283909671814,0.7552590269647892,4838.0,58615.0,1303.0,780.0
ANFC_000822.png,0.7256892439271265,0.569475883721968,0.8253627760472728,0.6474955454714417,0.9381888875399109,0.9245452880870889,19.67738244391072,0.7532049499003868,0.4610240139584425,6541.0,54050.0,3561.0,1384.0
ANFC_000823.png,0.7215575375547577,0.564403607356746,0.8143874294587804,0.6477250537692393,0.9706490083469624,0.9609375000005962,11.02041245773426,0.8231182355174373,0.6106966364396949,3317.0,59659.0,1804.0,756.0
ANFC_000824.png,0.838722966025491,0.7222419297951707,0.8582267809669486,0.8200859291326416,0.9770622571427607,0.9641571044927345,5.0,0.9226379585081521,0.8541410707264023,6108.0,57079.0,1340.0,1009.0
ANFC_000825.png,0.8183826149042834,0.6925952725889297,0.8433186490685288,0.7948788927619544,0.9747641589760112,0.9611053466802811,5.0,0.9337061447146638,0.8177223849937327,5743.0,57244.0,1482.0,1067.0
ANFC_000826.png,0.8475904163389277,0.7354940711880642,0.8703461178914226,0.8259943182127141,0.983718496120953,0.9744720458988272,3.1622776601683795,0.9308589107665387,0.8359426301748178,4652.0,59211.0,980.0,693.0
ANFC_000827.png,0.821217097088062,0.6966652596288168,0.8783395423226887,0.77107082790403,0.9563598795896696,0.9451751708992742,6.0786244037832935,0.9016905748708051,0.7942611850685392,8252.0,53691.0,2450.0,1143.0
ANFC_000828.png,0.8569809895595505,0.7497521753772715,0.8608827621271175,0.8531144253849963,0.9796630168842134,0.9653320312505291,9.219544457292887,0.8892928807945636,0.8196934467302626,6807.0,56457.0,1172.0,1100.0
ANFC_000829.png,0.7670598373583746,0.622138738456916,0.7685085258182054,0.7656166003907519,0.961258219300493,0.9340057373056946,9.98994949366113,0.7992843585086375,0.7943431498176784,7121.0,54090.0,2180.0,2145.0
ANFC_000830.png,0.8025504193081606,0.6702164602766274,0.8277340958073289,0.7788539144768827,0.9719171179178367,0.956527709961601,4.47213595499958,0.8680066031260729,0.7865805423463378,5790.0,56897.0,1644.0,1205.0
ANFC_000831.png,0.7860110803472291,0.6474614946209399,0.8219872537917168,0.7530520170179071,0.9682596534321145,0.9528503417975945,8.997213595499948,0.8939197215949624,0.8207989488797941,5675.0,56771.0,1861.0,1229.0
ANFC_000832.png,0.760557152350169,0.6136282554865468,0.8349514563373865,0.6983353634188205,0.9624469303867773,0.9504241943366941,5.0,0.8945340161667731,0.7262001781731482,5160.0,57127.0,2229.0,1020.0
ANFC_000833.png,0.827040129284835,0.7050881704899808,0.8585327667346754,0.7977761613012807,0.9656147294772306,0.9510040283210602,15.145905107626763,0.9113514051195687,0.8219936675369225,7677.0,54648.0,1946.0,1265.0
ANFC_000834.png,0.8714331774999422,0.772159131506881,0.8942840598979003,0.84972097776863,0.9642262428206593,0.9513244628913679,3.1622776601683795,0.9652695109759143,0.8676616724212203,10811.0,51535.0,1912.0,1278.0
ANFC_000835.png,0.8376798144002153,0.7206962632193076,0.8952588772276813,0.7870596442645519,0.9798165137618016,0.9733123779300948,4.47213595499958,0.8815173488176051,0.8419852682626653,4513.0,59274.0,1221.0,528.0
ANFC_000836.png,0.7552074654632216,0.6066934405336831,0.8156947444867909,0.7030716724470767,0.9847509480865427,0.9775848388675297,22.07654682552636,0.8536679210670897,0.7625430775279732,2266.0,61801.0,957.0,512.0
ANFC_000837.png,0.8922667413916877,0.8054888074104605,0.8925168161585598,0.8920168067378128,0.9867979452057055,0.9765319824222332,3.605551275463989,0.9496239041293957,0.8683481274116585,6369.0,57629.0,771.0,767.0
ANFC_000838.png,0.7557609521552443,0.6074081612285125,0.7654526802044815,0.7463115779261926,0.9648584987362766,0.9411315917977734,18.60880585896427,0.8209671077825849,0.7441414832601785,5969.0,55709.0,2029.0,1829.0
ANFC_000839.png,0.7609596510620545,0.6141524380189839,0.7784471218700474,0.7442406143890271,0.9803616470668529,0.9665527343755105,5.0,0.8382317602874357,0.757164537703117,3489.0,59855.0,1199.0,993.0
ANFC_000840.png,0.7323335333093981,0.577702063261622,0.8221982758860186,0.6601773740363208,0.9459319933930009,0.931915283204164,15.033296378372908,0.8156983933781158,0.7665666722907593,6104.0,54970.0,3142.0,1320.0
ANFC_000841.png,0.7774051561750781,0.6358649066285161,0.9046341463647233,0.68155090046278,0.9717917833196856,0.9675903320317446,13.021122645722903,0.8841718822951072,0.6698466885937395,3709.0,59703.0,1733.0,391.0
ANFC_000842.png,0.7888981069621466,0.651388715948264,0.7755041518719596,0.8027628549803895,0.9781432848010249,0.9572906494147143,7.615773105863909,0.9102936172180505,0.7313706789427435,5230.0,57507.0,1285.0,1514.0
ANFC_000843.png,0.8115402512972043,0.682850430746617,0.8699122107202889,0.7605093319796774,0.9773147842182057,0.9691009521489091,7.162090392256115,0.8561773586667409,0.7802061931147455,4360.0,59151.0,1373.0,652.0
ANFC_000844.png,0.7691726483101408,0.6249232658839935,0.8852173913376181,0.680026720178128,0.9768546854367031,0.9720306396488644,15.052742789490653,0.8590019136451195,0.7160019170897328,3054.0,60649.0,1437.0,396.0
ANFC_000845.png,0.7874076953179744,0.6493589744151668,0.7715156131432757,0.8039682540071491,0.9836109083673344,0.9666137695317596,6.324555320336759,0.9049907548263275,0.714237752049565,4052.0,59296.0,988.0,1200.0
ANFC_000846.png,0.7545399516109957,0.6058323208734308,0.8152387181768349,0.7022535212106328,0.9830820448800685,0.9752502441410028,57.0,0.7825444816563781,0.7276514769480947,2493.0,61421.0,1057.0,565.0
ANFC_000847.png,0.7953981502599371,0.660299625531779,0.8745039682850932,0.7294166322446386,0.978733090531043,0.9723205566410474,3.605551275463989,0.826817278865259,0.8171884285816357,3526.0,60196.0,1308.0,506.0
ANFC_000848.png,0.7507402422946514,0.6009480716222908,0.8322888690443782,0.6837460162579686,0.9792554474555076,0.9717407226566813,5.227784895686506,0.8847999458617034,0.7155269547409382,2789.0,60895.0,1290.0,562.0
ANFC_000849.png,0.7281070746217768,0.5724594108320928,0.726995036377627,0.7292225202109451,0.9887629734413789,0.9783020019534562,11.596866405015795,0.8483969094871153,0.7358937804262343,1904.0,62210.0,707.0,715.0
ANFC_000850.png,0.7949749453175965,0.6597165280942116,0.857099376068011,0.7412476967963612,0.9666581870606858,0.955673217774114,11.40175425099138,0.8444950158459873,0.509198903845354,5632.0,56999.0,1966.0,939.0
ANFC_000851.png,0.8582430989835961,0.7516863688137523,0.9092745193157801,0.8126353790749,0.9511832649845521,0.9432678222664908,7.0,0.9484312873080522,0.6404320619467061,11255.0,50563.0,2595.0,1123.0
ANFC_000852.png,0.8148456661661879,0.6875439281774663,0.8486601118325949,0.7836226079409325,0.9559298067518232,0.9389495849618692,7.615773105863909,0.904111488304099,0.826219289094654,8804.0,52731.0,2431.0,1570.0
ANFC_000853.png,0.8103120243621427,0.681113065753949,0.7806800476784272,0.8422822110311201,0.9708009153323424,0.9391479492196786,6.4031242374328485,0.905464832611815,0.7523739980327229,8518.0,53030.0,1595.0,2393.0
ANFC_000854.png,0.7876882343382684,0.6497406497884602,0.7622097678523283,0.8149289505538557,0.981767890573919,0.9608459472662225,10.02992537267253,0.8847703614722324,0.7111115307455813,4760.0,58210.0,1081.0,1485.0
ANFC_000855.png,0.7747282609001728,0.6322909736898888,0.8602896801869977,0.704646564581155,0.9807945742666453,0.9747009277347611,7.0710678118654755,0.8655327285934786,0.772116238253921,2851.0,61027.0,1195.0,463.0
ANFC_000856.png,0.7728149348319976,0.6297460397749879,0.8613929492929677,0.7007554561134925,0.9641834530573135,0.9550628662116233,11.0,0.8739230549169945,0.6735643684239461,5009.0,57582.0,2139.0,806.0
ANFC_000857.png,0.8344644703207127,0.7159494061610404,0.822815103720722,0.8464484362317454,0.968960813949774,0.9438018798836701,13.432863085240214,0.9305612641140557,0.6174839752858418,9283.0,52570.0,1684.0,1999.0
ANFC_000858.png,0.8477751756516132,0.7357723577464303,0.8696585565457311,0.8269660737020544,0.9680740395313686,0.9533843994147739,4.0,0.9671464837250755,0.7879688996885225,8507.0,53974.0,1780.0,1275.0
ANFC_000859.png,0.784913022290285,0.6459727054260138,0.7868318122902817,0.7830035679884847,0.9774747474751266,0.9596252441412412,7.693563733880936,0.8756747254837158,0.7622160152158907,4828.0,58062.0,1338.0,1308.0
ANFC_000860.png,0.7547051048181088,0.6060452891623489,0.8390482855368722,0.6857698467529433,0.95295507869444,0.940536499024345,5.385164807134504,0.8272383094155469,0.7149496286535881,5995.0,55644.0,2747.0,1150.0
ANFC_000861.png,0.7676841976359149,0.6229606048922641,0.85394790674295,0.6972497495048158,0.9532841949735703,0.9421691894540075,6.324555320336759,0.8791865102591349,0.7030408240571863,6262.0,55484.0,2719.0,1071.0
ANFC_000862.png,0.8811720628596336,0.7875849660348275,0.9375297477466052,0.8312058234168999,0.9719946789894981,0.9675750732426823,5.0,0.9240606294021837,0.8527924314771307,7879.0,55532.0,1600.0,525.0
ANFC_000863.png,0.8444106996937034,0.7307186900100355,0.904077038531256,0.7921323690782235,0.9670316301708892,0.9593505859381204,8.98606797749979,0.8911710112054135,0.7360729237150458,7229.0,55643.0,1897.0,767.0
ANFC_000864.png,0.7582077225359884,0.610575324372938,0.9459041731345161,0.6326671262464966,0.9832376759181817,0.9821319580080853,10.190630856882326,0.8588329710444887,0.4236755122335821,1836.0,62529.0,1066.0,105.0
ANFC_000865.png,0.8166708957233779,0.6901468854197333,0.9055993247178391,0.7436460259076194,0.962021633464058,0.955902099610048,4.0,0.924718155464689,0.8466948903966997,6437.0,56209.0,2219.0,671.0
ANFC_000866.png,0.8754402441960882,0.7784737446728809,0.9001690004949096,0.8520338208578572,0.9773807028579372,0.9676208496098692,5.521009528313442,0.8811401237581128,0.8389942389501561,7457.0,55957.0,1295.0,827.0
ANFC_000867.png,0.7717273710919745,0.6283029947515851,0.8710990502210177,0.6927060854884867,0.9510366881004189,0.9420471191415094,5.385164807134504,0.8765782183104833,0.7276010906410035,6420.0,55318.0,2848.0,950.0
ANFC_000868.png,0.8193432988488984,0.6939725138303244,0.8387392100655586,0.800824175849048,0.9724477457251262,0.9568481445319086,5.039607805437078,0.8778135036882406,0.7495445710098377,6413.0,56295.0,1595.0,1233.0
ANFC_000869.png,0.8905553041637756,0.8027036476165128,0.9260553912441442,0.8576765035664704,0.9803263451413073,0.9741668701175817,4.0,0.9464725791937553,0.8115666385828256,6888.0,56955.0,1143.0,550.0
ANFC_000870.png,0.7975903614728794,0.6633266533815794,0.828420467233476,0.7689726381597902,0.9855505327738852,0.9769287109378522,6.0,0.8592253002082174,0.768198239012004,2979.0,61045.0,895.0,617.0
ANFC_000871.png,0.8258844265500513,0.7034098220348048,0.8634987495243519,0.7914103028361189,0.9701582699050698,0.9577941894537692,4.0,0.9316702238826013,0.868281678128113,6560.0,56210.0,1729.0,1037.0
ANFC_000872.png,0.8468160699749374,0.7343287119641748,0.8925536511749167,0.8055375016501316,0.9744679398567326,0.9657897949223971,3.0,0.9581926371906334,0.8798644128045126,6197.0,57097.0,1496.0,746.0
ANFC_000873.png,0.8501846066564765,0.7394096579301704,0.8640496464332444,0.8367575122520255,0.9800706400262755,0.9678039550786164,4.0,0.9293078363114469,0.7985999930885812,5987.0,57439.0,1168.0,942.0
ANFC_000874.png,0.8027926219702296,0.6705543556752661,0.8366118746217002,0.7716013586470383,0.9493226476490392,0.9301757812510656,8.06225774829855,0.8493986833385981,0.6015135544732423,9314.0,51646.0,2757.0,1819.0
ANFC_000875.png,0.7697974217443717,0.6257485030290281,0.8065605403031162,0.7362395420809952,0.958144084970335,0.9389648437509315,6.708203932499369,0.8762972454251791,0.5894233770037246,6688.0,54848.0,2396.0,1604.0
ANFC_000876.png,0.7442286857451264,0.5926466684904902,0.7289795918809829,0.7601293837657254,0.9762838531589052,0.9531707763679022,73.3907305049363,0.8004565171031942,0.5145000065295858,4465.0,58002.0,1409.0,1660.0
ANFC_000877.png,0.7302167234301904,0.5750719330924573,0.7113735641948918,0.7500852951637521,0.9753180018536717,0.9504241943366941,52.16054216362512,0.8350483955086723,0.5726052402408277,4397.0,57890.0,1465.0,1784.0
ANFC_000878.png,0.8142146934608332,0.6866459628302342,0.8403648803343349,0.7896428572179847,0.9906366743503595,0.9846038818361725,4.47213595499958,0.9259859934949857,0.6533128836941878,2211.0,62316.0,589.0,420.0
ANFC_000879.png,0.8048585157761802,0.6734420371513419,0.8221979820501233,0.7882352941730104,0.9869078213647076,0.9776916503909655,41.10656667825687,0.897806917762734,0.6443717928224262,3015.0,61059.0,810.0,652.0
ANFC_000880.png,0.8826216273697354,0.7899039832883445,0.9306675627317801,0.8392929293091623,0.9718944318829159,0.9662780761723897,4.0,0.9733215973030203,0.7651211449516191,8309.0,55017.0,1591.0,619.0
ANFC_000881.png,0.8099890471058055,0.6806567999646082,0.7758287872617853,0.8472960586757748,0.968930083363441,0.9338226318369474,9.219544457292887,0.9099202990614597,0.5037676756386982,9244.0,51955.0,1666.0,2671.0
ANFC_000882.png,0.8475336323018587,0.7354085603560466,0.8645584725806368,0.8311663480246336,0.985406888345584,0.9761352539066143,6.4031242374328485,0.9135994403051286,0.6888116648700546,4347.0,59625.0,883.0,681.0
ANFC_000883.png,0.8547302132739759,0.7463134217079946,0.9043004240144457,0.8103120760351935,0.9887681974485206,0.984512329101799,3.9013878188659974,0.9366802522142776,0.8258236182181129,2986.0,61535.0,699.0,316.0
ANFC_000884.png,0.8081721771977274,0.6780947396812105,0.8980935875569867,0.7346186561568986,0.9850600948111753,0.9812316894534114,4.42623690142351,0.9064542013528969,0.8205682923495939,2591.0,61715.0,936.0,294.0
ANFC_000885.png,0.7873144547413422,0.6492321590199429,0.8282816641894339,0.7502087682932976,0.9579134349890446,0.9407501220712167,5.385164807134504,0.8682152443137958,0.7865694224174659,7187.0,54466.0,2393.0,1490.0
ANFC_000886.png,0.654804913325975,0.4867731973295591,0.7505175983953379,0.580743351557074,0.9568905874220524,0.941680908204015,38.01315561749642,0.7006385872110024,0.6873578604735193,3625.0,58089.0,2617.0,1205.0
ANFC_000887.png,0.7694144174169762,0.6252425092018493,0.7782398712398391,0.7607868852772739,0.9685961227235874,0.9469451904304972,7.2145529178455865,0.8855869285085028,0.7306992782408269,5801.0,56258.0,1824.0,1653.0
ANFC_000888.png,0.7604051054550218,0.6134303302055478,0.8027240773575389,0.7223247232838265,0.9641105130482368,0.9472961425789294,7.548640462547139,0.8529102510596767,0.7123643747600357,5481.0,56601.0,2107.0,1347.0
ANFC_000889.png,0.8155769917959573,0.6885859073734815,0.7738305085052434,0.8620845921658482,0.9843021956296435,0.9606170654302886,68.11075576933602,0.8557040728437629,0.732113325608826,5707.0,57248.0,913.0,1668.0
ANFC_000890.png,0.827734005683723,0.7060974298627705,0.9106796116628738,0.7586366262555012,0.9641840688549843,0.9582977294928239,6.01241437954474,0.9163722085862026,0.6878922534619213,6566.0,56237.0,2089.0,644.0
ANFC_000891.png,0.8320926385535102,0.7124645892622791,0.8813222754489753,0.7880718613131322,0.9643878894258116,0.9535369873053966,3.605551275463989,0.9524684594632492,0.7661691470806962,7545.0,54946.0,2029.0,1016.0
ANFC_000892.png,0.7345721740197768,0.5804931414978968,0.8425552705701044,0.6511232773597203,0.9355524943776604,0.9239349365245982,13.601470508735444,0.818499762709967,0.701723724592484,6898.0,53653.0,3696.0,1289.0
ANFC_000920.png,0.8442647499329008,0.7305001295905243,0.9376871050074634,0.7677712210832709,0.954739281986752,0.9523925781257265,8.526387033993831,0.9212707794234637,0.6649438097588557,8457.0,53959.0,2558.0,562.0
ANFC_000921.png,0.8234084880695156,0.6998252832271981,0.8417163774510767,0.8058800623178946,0.941103497165621,0.9187316894543651,7.280109889280518,0.8887611950861098,0.6507921184197951,12417.0,47793.0,2991.0,2335.0
ANFC_000922.png,0.83821779232973,0.721493053350311,0.9061595368361081,0.7797536673277226,0.9400564971762702,0.933624267579138,6.810332556124564,0.9590165804996489,0.6464158503026438,11269.0,49917.0,3183.0,1167.0
ANFC_000923.png,0.8680007125545989,0.76678556443907,0.9085146053563065,0.8309458845121708,0.9741350820132867,0.9660797119145802,4.0,0.980701252861037,0.7882275613788219,7309.0,56004.0,1487.0,736.0
ANFC_000924.png,0.8138806851797437,0.6861710074355774,0.871592131072706,0.7633372112479454,0.9140909365150905,0.9038391113295924,7.003553390593287,0.906694835105684,0.6605237124630952,13779.0,45455.0,4272.0,2030.0
ANFC_000925.png,0.8200383617386867,0.6949703576501272,0.9079325421726505,0.7476597058175435,0.9573621178154845,0.9513244628913679,10.295630140987,0.8578541474144838,0.7324215985257193,7268.0,55078.0,2453.0,737.0
ANFC_000926.png,0.7528218863711105,0.6036201871756696,0.9093009821017561,0.642291683698499,0.9229443926808083,0.9211425781262034,39.6232255123179,0.818771441513462,0.6574002028207987,7870.0,52498.0,4383.0,785.0
ANFC_000927.png,0.8034197777256529,0.6714299323929285,0.9027795568204459,0.7237625796134974,0.9534029690458279,0.9473724365242406,50.30703812650893,0.8472271969545597,0.7349806652231502,7048.0,55039.0,2690.0,759.0
ANFC_000928.png,0.8586871954523284,0.7523679678708117,0.876013033680674,0.8420334083005113,0.9632796311168578,0.9473419189461161,8.05291908605376,0.9054849313992853,0.7703522248828472,10485.0,51600.0,1967.0,1484.0
ANFC_000929.png,0.8111450495488659,0.6822910139314268,0.8880913540058654,0.7464692170748342,0.930587881974424,0.9226379394543055,9.219544457292887,0.8714901237165722,0.6985423835806217,10888.0,49578.0,3698.0,1372.0
ANFC_000930.png,0.7306063685750929,0.5755554073270028,0.7568871732096081,0.7060893763540604,0.9336695112502554,0.9029235839858564,39.240261104205956,0.8060176811098797,0.6192344628719734,8627.0,50547.0,3591.0,2771.0
ANFC_000931.png,0.8488409018856112,0.7373793103810511,0.872816326551377,0.8261474270087857,0.9810641127067199,0.9709472656254434,4.0,0.9341262574809185,0.8474132852211892,5346.0,58286.0,1125.0,779.0
ANFC_000932.png,0.6482758620890124,0.4795918367785806,0.8743849938692521,0.5150801558269106,0.9093034286504048,0.9058380126967494,46.0,0.7867076561179642,0.6308977229248223,5687.0,53678.0,5354.0,817.0
ANFC_000933.png,0.8532913644550916,0.7441222103181618,0.9425547997063409,0.7794724340818262,0.9700616079161918,0.9672851562504993,3.0,0.9748569994314158,0.8350855219660903,6235.0,57157.0,1764.0,380.0
ANFC_000934.png,0.8181257453095059,0.6922274024290427,0.8710270554355112,0.7712823693773234,0.945486464012834,0.9325103759775925,6.0,0.9269719953396361,0.7856425483228864,9948.0,51165.0,2950.0,1473.0
ANFC_000935.png,0.7891536857147671,0.6517372819490004,0.8657254138397541,0.7250265025095796,0.9389859950070751,0.9275054931651688,17.0,0.8767708241111024,0.7000421826610302,8891.0,51894.0,3372.0,1379.0
ANFC_000936.png,0.7421929880744497,0.5900690495948346,0.9099592859520891,0.6266580395096886,0.9414708368564417,0.9384002685556275,53.239060958343586,0.7657632761177182,0.49574307293576525,5811.0,55688.0,3462.0,575.0
ANFC_000937.png,0.8785124733432944,0.7833457372212564,0.8715613212005188,0.8855753949812494,0.9776098926230156,0.9600219726568602,3.605551275463989,0.9764683230179567,0.8406984384511762,9473.0,53443.0,1224.0,1396.0
ANFC_000938.png,0.8569080636950741,0.7496405463920165,0.8686868687005429,0.8454444106774659,0.9727352368016603,0.9574890136725238,3.0,0.9819971707670395,0.8049473530947236,8342.0,54408.0,1525.0,1261.0
ANFC_000939.png,0.7528874388415734,0.6037044789029192,0.7655254777381203,0.7406599050275183,0.9651724137937039,0.9422149658211944,36.779729472088704,0.877824306741134,0.5144227262033414,5769.0,55980.0,2020.0,1767.0
ANFC_000940.png,0.7906639605834543,0.6538000479916327,0.9111259605895212,0.6983354673881773,0.9604366078931916,0.9559326171881726,8.021790211904486,0.8629707857298544,0.5712233430093492,5454.0,57194.0,2356.0,532.0
ANFC_000941.png,0.7913326454646137,0.6547149987319786,0.8962603380265624,0.7083984652965186,0.9657851735757864,0.9598846435552997,13.0,0.8685607490965243,0.5456829438517773,4985.0,57922.0,2052.0,577.0
ANFC_000942.png,0.7991490870531732,0.6654856805761751,0.8728540080195103,0.7369224063059152,0.9582273443050022,0.948135375977354,15.068103728589927,0.8791631906765784,0.7221628088208555,6762.0,55375.0,2414.0,985.0
ANFC_000943.png,0.6369701181628235,0.4673192618061263,0.7036695839546032,0.5818204900873657,0.9441912474807416,0.9202880859387164,57.92104007749021,0.7060494936037801,0.5590258422563312,4583.0,55729.0,3294.0,1930.0
ANFC_000944.png,0.7851013110974314,0.6462278034291938,0.7882958353532437,0.7819325736251267,0.9678733823020659,0.9449768066414647,7.0,0.9104126700259768,0.6791450073918126,6587.0,55343.0,1837.0,1769.0
ANFC_000945.png,0.8117766041233972,0.6831851712045408,0.8469926134544504,0.779372100574024,0.9641272124482234,0.948883056641405,4.47213595499958,0.915862941270954,0.7236770154158381,7224.0,54962.0,2045.0,1305.0
ANFC_000946.png,0.8044574488075417,0.6728806498986794,0.8231621862882963,0.7865838812044578,0.9696118709593217,0.9520721435554189,8.0,0.8857120706958715,0.7073372426854101,6461.0,55934.0,1753.0,1388.0
ANFC_000947.png,0.8001548811867695,0.6668818072071898,0.7948841234931355,0.8054960046964046,0.9637992636530134,0.936996459961899,7.211102550927978,0.9020988485921372,0.7222834346671662,8266.0,53141.0,1996.0,2133.0
ANFC_000948.png,0.8310672547937308,0.7109624212471047,0.8284678150654154,0.833683058130309,0.9665541408291463,0.9433135986336776,7.003553390593287,0.907559857877833,0.7987547303796639,9138.0,52683.0,1823.0,1892.0
ANFC_000949.png,0.8166364086558575,0.690097629031374,0.8134812988233883,0.8198160881600682,0.9592475314316905,0.9321899414072848,5.830951894845301,0.9077111036478124,0.7575017505084743,9896.0,51196.0,2175.0,2269.0
ANFC_000950.png,0.8236695790379798,0.700202565854139,0.8278119262530684,0.8195684817972364,0.956931841763532,0.9322509765635338,6.324555320336759,0.9211951817993271,0.7815568184138083,10370.0,50726.0,2283.0,2157.0
ANFC_000951.png,0.807134100533589,0.6766343986423131,0.8107571303876414,0.8035433071020832,0.9528791856323466,0.9255828857433231,5.0990195135927845,0.9357541982381404,0.7241075750291862,10205.0,50454.0,2495.0,2382.0
ANFC_000952.png,0.8218899023185383,0.697634205792845,0.8438866704845135,0.8010107391209268,0.9599222072783467,0.9412994384774583,4.47213595499958,0.918789033447212,0.7754623264898561,8876.0,52813.0,2205.0,1642.0
ANFC_000953.png,0.8114680276287667,0.6827481687561886,0.8556505223324206,0.7716243220314374,0.9571879626829378,0.9425048828133774,5.0,0.9187286324932036,0.7486502267472757,8109.0,53659.0,2400.0,1368.0
ANFC_000954.png,0.8231350491549835,0.699430336999186,0.8632030505406098,0.7866217830615027,0.965613187736847,0.9524993896491624,6.4031242374328485,0.9164028370797056,0.768840495635854,7244.0,55179.0,1965.0,1148.0
ANFC_000955.png,0.7173060767489985,0.5592184259841482,0.6839786382264381,0.7540476891736757,0.971212486649016,0.9383850097665652,16.918685714917906,0.8469410979615789,0.7582163363257644,5123.0,56375.0,1671.0,2367.0
ANFC_000956.png,0.8589068694444072,0.7527053195406418,0.8903260576811741,0.8296296296510195,0.9766493443924588,0.9668731689458181,5.0,0.942093052437006,0.7681905098369776,6608.0,56757.0,1357.0,814.0
ANFC_000957.png,0.8095900575120761,0.6800934943763075,0.8095900575209062,0.8095900575209062,0.962505022464797,0.9373474121103311,13.601470508735444,0.8874628175641291,0.6627526549595338,8729.0,52701.0,2053.0,2053.0
ANFC_000958.png,0.8043216253527754,0.6726906184986183,0.8238250595340953,0.7857202926763334,0.9529845926754685,0.9306335449229336,7.615773105863909,0.890486067214055,0.6211198682299179,9343.0,51647.0,2548.0,1998.0
ANFC_000959.png,0.7071643645888657,0.5469870610316461,0.6751231976934547,0.7423983944061818,0.9529663967174875,0.9065093994154891,14.035668847618199,0.7541000135301997,0.6124092715418845,7398.0,52011.0,2567.0,3560.0
ANFC_000960.png,0.6850688641914903,0.5209921991830141,0.6273350923876163,0.7545062198839164,0.9655018640415708,0.91661071777471,14.973213749463664,0.7715540329983692,0.6520615512925454,5944.0,54127.0,1934.0,3531.0
ANFC_000961.png,0.8157417136483196,0.6888207775949636,0.8816849060743992,0.7589761820549278,0.9776580495283202,0.9705657958988867,9.011077027627474,0.9012833349822056,0.7815516447013681,4270.0,59337.0,1356.0,573.0
ANFC_000962.png,0.835302992218984,0.7171848014223972,0.8594342877096526,0.8124898092593364,0.9807492718206041,0.9700164794926451,4.0,0.969610559639265,0.7894442990228894,4983.0,58588.0,1150.0,815.0
ANFC_000963.png,0.7771438526293653,0.635515350122123,0.799964135228193,0.7555894309150076,0.9469319456457546,0.921920776368379,8.0,0.8527048098632528,0.6783906201228538,8922.0,51497.0,2886.0,2231.0
ANFC_000964.png,0.851666572994679,0.7416544297854475,0.9276356067187908,0.787198670013799,0.9643012776941501,0.959732055664677,3.605551275463989,0.9610319149214165,0.8304162335510207,7576.0,55321.0,2048.0,591.0
ANFC_000965.png,0.8039265039095592,0.6721380471610453,0.8347417022532676,0.7753054454425677,0.9486282997586135,0.9286804199229634,7.280109889280518,0.8853024232655845,0.667445589132914,9582.0,51280.0,2777.0,1897.0
ANFC_000966.png,0.8554175880374709,0.7473621638063067,0.914197418666752,0.803739811442586,0.9795452652622713,0.9740600585941459,3.605551275463989,0.9389331034457342,0.8379405962902338,5029.0,58807.0,1228.0,472.0
ANFC_000967.png,0.8644574710055679,0.7612726507034823,0.861468764935272,0.8674669868265384,0.9910012715596003,0.9827117919924514,4.123105625617661,0.9705650693261402,0.6355642391721433,3613.0,60790.0,552.0,581.0
ANFC_000968.png,0.7252285384193954,0.568908671318092,0.8227440696361016,0.6483795209348634,0.9345022485881236,0.9201965332043428,16.0312195418814,0.8037578369292016,0.6343453466375784,6902.0,53404.0,3743.0,1487.0
ANFC_000969.png,0.7616524384494503,0.6150554675728913,0.7755795364157514,0.7482166956336578,0.978424634904209,0.9629364013677532,6.0,0.8852632585283355,0.6439928092085986,3881.0,59226.0,1306.0,1123.0
ANFC_000970.png,0.7397331938608772,0.5869655459553828,0.8574893875507915,0.6504139835210638,0.9755776213892545,0.9696350097660884,6.4031242374328485,0.8041184867428749,0.7239532325734039,2828.0,60718.0,1520.0,470.0
ANFC_000971.png,0.7333504757235493,0.5789687373692017,0.8261877172989209,0.6592695331084498,0.9633685675475766,0.9525299072272869,4.123105625617661,0.8257777991949924,0.7610484422494334,4278.0,58147.0,2211.0,900.0
ANFC_000972.png,0.7812015837681872,0.6409604520281129,0.8828793774546927,0.7005248533960289,0.9678786674619532,0.961212158203717,4.0,0.8979223734120217,0.8007265111677615,4538.0,58456.0,1940.0,602.0
ANFC_000973.png,0.8146365914879882,0.6872462787815252,0.8762130688078269,0.7611464968376596,0.9546763357158531,0.9435729980477361,5.0,0.8776137951719976,0.7749890187456079,8126.0,53712.0,2550.0,1148.0
ANFC_000974.png,0.8685449888566021,0.7676354608196823,0.8700546267389415,0.86704058068838,0.9864526430794781,0.9757232666019331,5.170555836978214,0.9438712061661229,0.738634815599404,5256.0,58689.0,806.0,785.0
ANFC_000975.png,0.8320537428123769,0.7124075596022589,0.9085669373973583,0.7674264218004618,0.9636972816143882,0.957275390625652,4.242640687119285,0.944594055956202,0.7665479629608439,6936.0,55800.0,2102.0,698.0
ANFC_000976.png,0.8200946870186682,0.6950512706536947,0.8341359015738181,0.8065183652604089,0.9742335514988937,0.9582519531256372,6.344197549610781,0.9405139679880865,0.7680207811274469,6236.0,56564.0,1496.0,1240.0
ANFC_001073.png,0.811030908766054,0.6821295143542829,0.8571987480624415,0.7695820161843365,0.9659915670151726,0.9532623291022758,21.008512322572066,0.8865976067452955,0.5124853655306177,6573.0,55900.0,1968.0,1095.0
ANFC_001074.png,0.8186311413761045,0.6929513465758089,0.9043245588729878,0.7477725288675613,0.9184265490848915,0.9154510498059777,33.83784863137726,0.8315346050939351,0.6327265955107956,12505.0,47490.0,4218.0,1323.0
ANFC_001075.png,0.8711758944555172,0.7717552187122056,0.8880601397845739,0.8549216939076767,0.9471025995187058,0.9317626953135413,7.615773105863909,0.9621205643215259,0.5964967836481437,15121.0,45943.0,2566.0,1906.0
ANFC_001077.png,0.8443606708784289,0.7306437654130455,0.9129856085256646,0.7853309481370068,0.9439409511362433,0.9382629394540671,11.180339887498949,0.9344617249438433,0.5964270514611293,10975.0,50515.0,3000.0,1046.0
ANFC_001078.png,0.8514705882425749,0.7413572343370587,0.9363881401685835,0.7806741573230854,0.9566307033298976,0.9537658691413305,6.883281572999722,0.9170792325167533,0.75486365950022,8685.0,53821.0,2440.0,590.0
ANFC_001080.png,0.8238049923203351,0.7003983072130696,0.8361691061864798,0.8118011974455889,0.9499011079756917,0.926544189454246,12.041594578792296,0.8772259006228079,0.6554797243845687,11254.0,49468.0,2609.0,2205.0
ANFC_001081.png,0.8654462568654857,0.7628076343843787,0.8713425129272314,0.8596292627904869,0.9830612663072354,0.9711761474613774,4.0,0.9303880037017033,0.840263714420388,6075.0,57572.0,992.0,897.0
ANFC_001082.png,0.8454390087670669,0.732260153600494,0.8719841357417667,0.8204623199108052,0.9693228714647918,0.9558410644537989,4.123105625617661,0.9325713597497731,0.7862705086753035,7915.0,54727.0,1732.0,1162.0
ANFC_001083.png,0.8526143024688105,0.7430930194749802,0.8959298314875401,0.8132939703155042,0.9623210384740234,0.9520416259772944,6.082762530298219,0.9486485495106767,0.6670658752885601,9091.0,53302.0,2087.0,1056.0
ANFC_001084.png,0.8024749619945218,0.670111218174086,0.8475852902251235,0.7619237279934359,0.9576874070935498,0.9425201416024397,31.148625026860735,0.890053379107433,0.7216544715488272,7652.0,54117.0,2391.0,1376.0
ANFC_001087.png,0.8276117255343661,0.7059194838191949,0.8632075471815431,0.794835347090355,0.9517781572508764,0.9360198974619138,8.06225774829855,0.8875184328321782,0.64682129688481,10065.0,51278.0,2598.0,1595.0
ANFC_001088.png,0.7651087832472097,0.6195758564644059,0.7433455114989989,0.7881848367606402,0.9390137029967532,0.893249511720379,16.400445751002255,0.8472689466740126,0.6063846387267603,11394.0,47146.0,3062.0,3934.0
ANFC_001089.png,0.8383578557547917,0.7217006200423649,0.8664398128598001,0.8120390671903489,0.9664006270938788,0.9520568847663566,4.47213595499958,0.9336275367429019,0.719881996015514,8148.0,54246.0,1886.0,1256.0
ANFC_001090.png,0.8216990034334116,0.6973591686968763,0.8784508636445819,0.7718350051983814,0.8832909432736196,0.8817901611346164,15.264337522473747,0.8971295750350222,0.5367691065497966,17851.0,39938.0,5277.0,2470.0
ANFC_001091.png,0.8823973010541298,0.7895447119898592,0.8766215843272497,0.8882496304331675,0.9303795892985594,0.9095764160170049,7.0710678118654755,0.9609402345837832,0.5443392417929852,22232.0,37378.0,2797.0,3129.0
ANFC_001092.png,0.8199141718652316,0.6947919823501107,0.8918092909595572,0.7587462178631456,0.8926588136328848,0.8924255371110166,15.0,0.8878168312445943,0.4577506820672173,16049.0,42437.0,5103.0,1947.0
ANFC_001093.png,0.8682497801260279,0.7671743860830287,0.8764204545509402,0.860230045318045,0.9254092261922106,0.9085693359388952,11.704699910719626,0.943238017084034,0.46996796659200135,19744.0,39800.0,3208.0,2784.0
ANFC_001094.png,0.860286540575731,0.7548270431222758,0.8884311706221468,0.8338703441272155,0.9494222204793035,0.9358673095712912,25.930603137421006,0.8986070050189492,0.5603420758052203,12940.0,48393.0,2578.0,1625.0
ANFC_001095.png,0.8641932700682086,0.760862959610973,0.9210397253652477,0.8139560082550703,0.9700766817711733,0.9639739990239873,4.47213595499958,0.9620816059469979,0.7759170747917205,7512.0,55663.0,1717.0,644.0
ANFC_001096.png,0.8663896142154982,0.7642745912429098,0.8766746055465411,0.8563431479566453,0.9620729366609967,0.9445648193367835,6.082762530298219,0.97496681347424,0.5753068930993492,11779.0,50124.0,1976.0,1657.0
ANFC_001097.png,0.9115754641882728,0.837518297507317,0.9179316302705255,0.9053067186093833,0.9864537809275773,0.9779815673831486,5.0,0.9981846140731778,0.7002651988588169,7438.0,56655.0,778.0,665.0
ANFC_001098.png,0.8019262981633786,0.6693463824002923,0.8173282117055467,0.787094122495033,0.9262033173923638,0.8989562988296669,9.219544457292887,0.8746038911984565,0.6860028355083986,13405.0,45509.0,3626.0,2996.0
ANFC_001099.png,0.8119194681547476,0.6833875704546636,0.8248311539098131,0.799405784327589,0.9032445867595951,0.8782653808612326,6.0,0.907354055616172,0.6598229637507318,17220.0,40338.0,4321.0,3657.0
ANFC_001100.png,0.835243339788836,0.7170968566498149,0.8486314834531505,0.8222710622840828,0.9536226342964323,0.9324340820322811,3.802775637731995,0.9460000840220641,0.8186719278050474,11224.0,49884.0,2426.0,2002.0
ANFC_001101.png,0.7932606218516126,0.6573586942012969,0.8396416058905496,0.7517354862060094,0.8996779220800067,0.8837280273455242,9.848857801796104,0.8667279182480094,0.6814997921221319,14619.0,43297.0,4828.0,2792.0
ANFC_001103.png,0.8793571279524331,0.7846898863981692,0.906606412746101,0.8536980749845526,0.9580191879066184,0.9470825195320576,4.0,0.9683839316050097,0.8418683288960909,12639.0,49429.0,2166.0,1302.0
ANFC_001104.png,0.843175253214261,0.7288703458038517,0.9424554520236672,0.7628183923411963,0.9327417357710266,0.9345550537119363,6.708203932499369,0.9878230763091324,0.5546007266557633,11530.0,49717.0,3585.0,704.0
ANFC_001105.png,0.820474544318806,0.6955971491576902,0.9211431595729784,0.7396416176967461,0.9321758704047644,0.9302673339854391,16.241822743690825,0.9412735784682901,0.5277480434160096,10443.0,50523.0,3676.0,894.0
ANFC_001106.png,0.7980255039286276,0.6639288159370416,0.8850364963765883,0.7265917603508254,0.9761250654111702,0.9700317382817074,5.385164807134504,0.942508449875368,0.7040645816916293,3880.0,59692.0,1460.0,504.0
ANFC_001107.png,0.8449567304252433,0.7315368633298787,0.9103659014408552,0.7883167107817141,0.9408788585083114,0.9349365234384929,5.0,0.8982698108564271,0.7471758584370138,11619.0,49653.0,3120.0,1144.0
ANFC_001108.png,0.876767499895952,0.7805752591955277,0.8822130208895945,0.8713887922144632,0.9727230783432181,0.957046508789718,4.0,0.9542859151681042,0.8051407012991533,10014.0,52707.0,1478.0,1337.0
ANFC_001109.png,0.8227537237781551,0.6988798694073339,0.831588603505742,0.8141045958893764,0.9251340311478782,0.8986816406265461,7.810249675906654,0.8855858708379629,0.6371298302598041,15411.0,43485.0,3519.0,3121.0
ANFC_001111.png,0.7679158945744463,0.6232658072668346,0.8920224916629746,0.6741252241103429,0.9093695756562882,0.9063568115248665,12.55975072477463,0.8272950670858578,0.49498393725128453,10153.0,49246.0,4908.0,1229.0
ANFC_001112.png,0.8005302500349623,0.6674034506251978,0.8557707447759588,0.751988931182844,0.932145966613693,0.9173431396496988,30.062413434736985,0.8455978068050021,0.7370983291039994,10870.0,49249.0,3585.0,1832.0
ANFC_001114.png,0.8400331850124432,0.7241872561947863,0.8848812266715753,0.7995118799942924,0.9472511284453483,0.9352722167978628,4.0,0.9396263983007616,0.8093499724721261,11138.0,50156.0,2793.0,1449.0
ANFC_001115.png,0.8302896912786185,0.7098250610399804,0.9093159609179599,0.7639010508010124,0.9140397720496943,0.9129333496107036,10.285871029606822,0.888757992868728,0.6132282087575821,13958.0,45872.0,4314.0,1392.0
ANFC_001117.png,0.8805420183097372,0.7865788914994989,0.9323712032276916,0.8341716087505314,0.9588011488686858,0.9539947509772646,4.0,0.9513672987061107,0.8267470326006765,11112.0,51409.0,2209.0,806.0
ANFC_001118.png,0.7976559807079365,0.6634174312248263,0.877512324626784,0.7311216429983021,0.955696312365194,0.9462585449226951,25.88416272270049,0.8536573944335631,0.5226691318326869,6942.0,55072.0,2553.0,969.0
ANFC_001120.png,0.8540443139397342,0.7452681847449032,0.9077174067309038,0.8063642092119493,0.9402581748913205,0.9332580566416435,5.656854249492381,0.9226190856281083,0.6756048084457463,12797.0,48365.0,3073.0,1301.0
ANFC_001121.png,0.8257242654684313,0.7031774916221181,0.9041576673952342,0.7598124480254245,0.9416433926219748,0.935287475586925,4.0,0.9203236415540815,0.7956996160163807,10047.0,51248.0,3176.0,1065.0
ANFC_001122.png,0.7793921175776807,0.6385278424108273,0.8764319248942317,0.701698992655112,0.9277046970096617,0.9193725585949803,8.246211251235321,0.8668745796497327,0.7527635630078099,9334.0,50918.0,3968.0,1316.0
ANFC_001123.png,0.7630693137485011,0.6169054759950122,0.8146083895842463,0.7176637808867213,0.9627882421069726,0.9473724365242406,18.989466384404107,0.8676240199782016,0.6913910724340885,5554.0,56533.0,2185.0,1264.0
ANFC_001124.png,0.7483808064803691,0.5979301135546483,0.7176439161589897,0.7818684517197514,0.9741769884067912,0.9448699951180288,25.018992406073924,0.8395681376542257,0.6940022449774513,5373.0,56550.0,1499.0,2114.0
ANFC_001125.png,0.7889435888266589,0.6514507347168307,0.9010626225212975,0.7016388175046884,0.9334921118146681,0.9286956787120256,5.0,0.868389500560348,0.7777571185458872,8734.0,52129.0,3714.0,959.0
ANFC_001126.png,0.7836266499142196,0.6442320113910198,0.9046712018227056,0.6911509944084852,0.9182366861749328,0.9159545898450325,6.0,0.8663451840352334,0.7749788136258005,9974.0,50054.0,4457.0,1051.0
ANFC_001127.png,0.8710483600888608,0.7715550687036581,0.915065230340764,0.8310717797526513,0.9269914795077451,0.9236297607433529,6.082762530298219,0.9470062020099959,0.5820213662259524,16904.0,43627.0,3436.0,1569.0
ANFC_001128.png,0.8525911562354058,0.7430578567338421,0.8894177375940491,0.8186929536459516,0.9530889854533707,0.9408416748055903,5.0990195135927845,0.9086977314774634,0.7713884923915659,11212.0,50447.0,2483.0,1394.0
ANFC_001129.png,0.8022768768194509,0.6698350071933384,0.9194223352819051,0.7116092976177055,0.9148812536333412,0.9157257080090985,7.886149805543924,0.8960218227139637,0.6246526374311244,11205.0,48808.0,4541.0,982.0
ANFC_001131.png,0.8597278187539068,0.7539671956424878,0.9394367367334522,0.7924872100502848,0.9446531710883446,0.9436950683602342,4.0,0.9321324174056806,0.8065098612970572,11308.0,50538.0,2961.0,729.0
ANFC_001133.png,0.8143330274205206,0.6868142963123905,0.9320423821764667,0.7230213278733777,0.9283908551343081,0.929000854493271,4.0,0.9237318812315758,0.7245428437136285,10204.0,50679.0,3909.0,744.0
ANFC_001134.png,0.8232789212276919,0.6996381182348453,0.8944482522365963,0.762600438293455,0.9396628545978823,0.9316101074229186,8.44942085578806,0.9051772426220677,0.6062505645140939,10440.0,50614.0,3250.0,1232.0
ANFC_001180.png,0.8577377892067419,0.7509114642052972,0.9010045366223264,0.818436028266364,0.9212888132726226,0.9155578613294136,10.0,0.9571783405811455,0.3766181720561571,16683.0,43319.0,3701.0,1833.0
ANFC_001181.png,0.8743938828853789,0.776820478852057,0.9469804080037386,0.8121427334304397,0.9610130495747022,0.9588928222662524,8.0,0.9870430783929889,0.5539951798789551,9377.0,53465.0,2169.0,525.0
ANFC_001182.png,0.9017480409944697,0.821075740963658,0.9393444681728815,0.8670453228391045,0.9800774668684961,0.9751281738285046,5.141941307624004,0.9973469774608581,0.7105033402710166,7480.0,56426.0,1147.0,483.0
ANFC_001183.png,0.7929109007141097,0.6568785197379824,0.8287657328635033,0.7600297868602783,0.9537030385756464,0.9349212646494306,29.583760216881657,0.8692124373533623,0.6772688997895043,8165.0,53106.0,2578.0,1687.0
ANFC_001184.png,0.7915704818086551,0.6550406704886566,0.8092265530132116,0.7746684157156875,0.9737823904495018,0.9572906494147143,13.034564329364771,0.848664785409795,0.6761524168977585,5315.0,57422.0,1546.0,1253.0
ANFC_001185.png,0.6692111960690369,0.5028680691504983,0.8366914105655446,0.5575971734575285,0.9903085473659636,0.9880981445314317,22.424611797498123,0.826214751309774,0.6514072367065032,789.0,63967.0,626.0,154.0
ANFC_001186.png,0.8796616685956137,0.7851750171796082,0.9234317343261725,0.839853172539082,0.973146454699403,0.9665679931645728,4.0,0.9821060206642018,0.7446116497832941,8008.0,55337.0,1527.0,664.0
ANFC_001187.png,0.8686137906453817,0.7677429541511216,0.9035584874195337,0.8362713905033734,0.9652383473615607,0.9551086425788101,6.708203932499369,0.958920078616644,0.7186284394925465,9725.0,52869.0,1904.0,1038.0
ANFC_001188.png,0.7893957917901425,0.6520676092641579,0.9203300825325836,0.6910770617743266,0.9534235871659489,0.9500579833991997,6.324555320336759,0.8936155936089857,0.7641633057053859,6134.0,56129.0,2742.0,531.0
ANFC_001189.png,0.6774835451035142,0.5122685185749689,0.7239123323971357,0.6366513234124495,0.9574904917377824,0.9356994628916062,11.40175425099138,0.7813154394137822,0.5552542876834454,4426.0,56896.0,2526.0,1688.0
ANFC_001190.png,0.722373486083713,0.5654027043554669,0.7949989667710272,0.6619064006087566,0.9676260770718877,0.9548797607428761,5.412333751370267,0.7909929721550518,0.706562085864744,3847.0,58732.0,1965.0,992.0
ANFC_001191.png,0.7868448488496972,0.6485937500549073,0.8696836371528004,0.7184146764073357,0.9732238368748544,0.9656829833989612,10.160998175669398,0.8475729791485236,0.7191965913664505,4151.0,59136.0,1627.0,622.0
ANFC_001192.png,0.8527094193324821,0.7432375317262007,0.9181568985878923,0.7959714835582243,0.9688466522683569,0.9629211425786909,5.0,0.9413760108967386,0.7192670243531979,7034.0,56072.0,1803.0,627.0
ANFC_001193.png,0.7763455980176279,0.6344484167984616,0.8427747625775484,0.7196234613005614,0.9675385647222076,0.9563140869147292,4.123105625617661,0.9018525074817657,0.7238541956594862,4969.0,57704.0,1936.0,927.0
ANFC_001194.png,0.870267541654989,0.7703306523975066,0.8700793078774218,0.8704558569142447,0.9846760294195547,0.9725494384769815,4.123105625617661,0.9089123604936851,0.8583538665527298,6034.0,57703.0,898.0,901.0
ANFC_001195.png,0.8199095022733086,0.6947852761048277,0.8405492330726684,0.800259097891855,0.9704797047975618,0.9544525146491326,3.605551275463989,0.9023403894670923,0.8645823628969489,6795.0,55756.0,1696.0,1289.0
ANFC_001196.png,0.8044195580539736,0.6728276323766139,0.8693537929685159,0.7485113509724124,0.9519739881320498,0.9403076171884109,7.0710678118654755,0.8733078231157873,0.7575162283495521,8045.0,53579.0,2703.0,1209.0
ANFC_001197.png,0.8255806472479199,0.7029692122600012,0.8493513370599217,0.8031042683936532,0.9728708909666298,0.9586334228521938,5.0,0.8949589063482161,0.8502087054575971,6416.0,56409.0,1573.0,1138.0
ANFC_001198.png,0.7837797095731983,0.6444389357424857,0.8157949790987662,0.7541823808380058,0.9545876804352832,0.9343414306650645,6.0,0.8812561392363203,0.7379271819115316,7799.0,53434.0,2542.0,1761.0
ANFC_001199.png,0.8238226653766738,0.7004238571449556,0.8661549981530972,0.7854354099837998,0.9790012293587567,0.9698028564457734,4.0,0.8482265531539015,0.8261010833753862,4627.0,58930.0,1264.0,715.0
ANFC_001200.png,0.8312815338212632,0.7112761181641727,0.9147235176738344,0.7617902719138542,0.9788966624616372,0.9744873046878894,5.0,0.8274134848057297,0.822037440345593,4119.0,59745.0,1288.0,384.0
ANFC_001201.png,0.7968762451353194,0.6623393827444245,0.8561643835862732,0.745267551088796,0.9713716161891689,0.9611053466802811,4.242640687119285,0.8521265842150694,0.7891621128238164,5000.0,57987.0,1709.0,840.0
ANFC_001203.png,0.857272624057155,0.7501987281647259,0.9041916167779411,0.8149827288628041,0.9700276291405234,0.9616394042974604,7.0,0.9462764934940481,0.7487394081939048,7550.0,55472.0,1714.0,800.0
ANFC_001204.png,0.8757029280830516,0.7788892722390861,0.9299835255642572,0.8274093075018654,0.9925366039172128,0.9902191162110868,4.288539740695328,0.9425818284910918,0.7768235753001846,2258.0,62637.0,471.0,170.0
ANFC_001205.png,0.8307722811707373,0.7105307784109665,0.9204745167134283,0.757000903386269,0.9779450347635782,0.9739532470707101,4.656888370749678,0.9159440020352239,0.7733469873234092,4190.0,59639.0,1345.0,362.0
ANFC_001206.png,0.8310692375294622,0.7109653233906343,0.9435323383225044,0.7425606891655128,0.9786234475587063,0.9764709472659842,4.0,0.9636617255158944,0.787456454017819,3793.0,60201.0,1315.0,227.0
ANFC_001207.png,0.8746854554695028,0.7772808587046663,0.8895875987292209,0.8602743600819864,0.9831680806844668,0.9734039306644684,4.0,0.9392088341924023,0.836372860740736,6083.0,57710.0,988.0,755.0
ANFC_001208.png,0.784788732409522,0.6458043579455489,0.857890685164297,0.7231667748574735,0.9638725631347052,0.9533691406257117,4.47213595499958,0.8904331842828865,0.7528267344373862,5572.0,56908.0,2133.0,923.0
ANFC_001209.png,0.8106922712298072,0.6816505532062543,0.861660577061653,0.7654168998583752,0.9636104793492316,0.9512634277351187,5.385164807134504,0.8950162192095127,0.7662483176873425,6839.0,55503.0,2096.0,1098.0
ANFC_001210.png,0.795835573596176,0.6609027439794689,0.819178909255466,0.7737857618312152,0.9571927047743229,0.9362640380869102,12.529964086141668,0.8248136642155427,0.6275106166603546,8141.0,53218.0,2380.0,1797.0
ANFC_001211.png,0.8095625872609608,0.6800547249408723,0.8343124325819071,0.786238843092731,0.966920185331464,0.9500427246101374,10.44030650891055,0.8713468549435578,0.6131372685449137,6959.0,55303.0,1892.0,1382.0
ANFC_001212.png,0.8332159789779272,0.7141132925881789,0.8364750235780891,0.8299822313822143,0.9669009212400884,0.9457855224617648,6.082762530298219,0.9122745974638735,0.7275986710207427,8875.0,53108.0,1818.0,1735.0
ANFC_001213.png,0.8001612531789817,0.6668906595308736,0.929115955606645,0.7026398301099788,0.9493618560438629,0.947052001953933,10.353500688156434,0.8998259794166658,0.592784214306051,6947.0,55119.0,2940.0,530.0
ANFC_001214.png,0.8510801203253443,0.7407654227207954,0.8234733834454997,0.8806020824037345,0.9811899370623997,0.9584503173834467,6.897871376374805,0.9107971693313983,0.6380124541894823,7781.0,55032.0,1055.0,1668.0
ANFC_001215.png,0.8551872231979963,0.7470105510162556,0.7869905311002889,0.9363244514168961,0.9878256635015672,0.9506072998054412,23.108399610881573,0.8573781943064778,0.6336733823075176,9558.0,52741.0,650.0,2587.0
ANFC_001216.png,0.8736455547020527,0.7756399935688439,0.8838638657057213,0.8636608103323924,0.9304431334904092,0.9149475097669229,8.246211251235321,0.9399128996171494,0.6770580732660306,19270.0,40692.0,3042.0,2532.0
ANFC_001217.png,0.8617363344115878,0.7570621469125471,0.8960170559263478,0.8299820466938975,0.9656989695208776,0.9547271728522534,4.0,0.9447054490102316,0.7984906103373424,9246.0,53323.0,1894.0,1073.0
ANFC_001218.png,0.7452115199469186,0.5938941358238756,0.7692745377612306,0.7226082309667001,0.9832637332519104,0.9717864990238682,28.310705401569905,0.7793510446460715,0.602415405848731,2704.0,60983.0,1038.0,811.0
ANFC_001219.png,0.7094918504778697,0.5497771174963405,0.8014440433929805,0.6364678900124805,0.9797979797983016,0.9722595214847984,34.70444602356565,0.7899847735187056,0.6630562794040114,2220.0,61498.0,1268.0,550.0
ANFC_001220.png,0.8001669623499774,0.6668985911172554,0.8506767251274291,0.7553191489843736,0.979649019319018,0.9707794189457585,6.324555320336759,0.9153877932156248,0.7098204074190452,3834.0,59787.0,1242.0,673.0
ANFC_001221.png,0.8178498601120192,0.6918324775600263,0.8525805813869309,0.7858379659358573,0.9575980657508282,0.9413909912118319,9.433981132056603,0.9060182700649686,0.6525731092226044,8623.0,53072.0,2350.0,1491.0
ANFC_001222.png,0.7587208272918964,0.611241084187661,0.7914881040496905,0.7285587975427764,0.9232529518110216,0.8960418701187739,34.36568055487916,0.8371515899715859,0.504465181908332,10712.0,48011.0,3991.0,2822.0
ANFC_001223.png,0.8220593299639859,0.6978783829186537,0.8624961288466505,0.7852443609224394,0.959086107182598,0.9448089599617797,6.0,0.9239958340680053,0.7545164248404824,8355.0,53564.0,2285.0,1332.0
ANFC_001224.png,0.8669157646061071,0.7650938363917805,0.8437349590970782,0.8914062941470475,0.9589640668710856,0.926086425782378,8.546919821403796,0.9216068703252158,0.7131022666980532,15777.0,44915.0,1922.0,2922.0
ANFC_001225.png,0.800702216379166,0.6676425382662927,0.9264676010637347,0.7050003864514259,0.9314598671227966,0.9307098388682449,9.0,0.9189126606371775,0.6891513626510944,9122.0,51873.0,3817.0,724.0
ANFC_001226.png,0.7359807461208207,0.5822543793636225,0.9409230769412544,0.6043478261651486,0.9678579456062701,0.9665222167973859,13.068332812825204,0.886121471324776,0.6570260357356661,3058.0,60284.0,2002.0,192.0
ANFC_001227.png,0.7839539485648526,0.6446745562480597,0.8748661670403016,0.7101575231167673,0.954050702673704,0.9450225830086515,8.54400374531753,0.8753764430269672,0.689626117846097,6537.0,55396.0,2668.0,935.0
ANFC_001228.png,0.8461447771842641,0.7333197098463963,0.838336642934431,0.8540997263055933,0.9784817902592632,0.9601745605474828,4.123105625617661,0.9332753390614039,0.7501375962291422,7177.0,55749.0,1226.0,1384.0
ANFC_001229.png,0.8503862151009871,0.7397146992206208,0.874389051823755,0.8276659727240728,0.9740200864839235,0.9615783691412114,3.1622776601683795,0.9037559203403107,0.8558927249230608,7156.0,55862.0,1490.0,1028.0
ANFC_001230.png,0.8227783688845456,0.6989154354213364,0.8111830703446882,0.8347099681026178,0.9677312956962649,0.9415435791024546,16.938899278993144,0.8940652030920391,0.7062498413294876,8893.0,52812.0,1761.0,2070.0
ANFC_001231.png,0.8334616865694329,0.7144743357225224,0.8087809435022157,0.8596961572972202,0.9742299064402578,0.9472045898445557,6.0,0.9082869290928569,0.7201368303043337,8658.0,53418.0,1413.0,2047.0
ANFC_001232.png,0.884354143290876,0.7926835724605493,0.8925250357717855,0.8763314994804909,0.9566652994266476,0.9402465820321618,6.324555320336759,0.9539304863662731,0.5976942707474251,14973.0,46647.0,2113.0,1803.0
ANFC_001233.png,0.8415033819175266,0.7263753461101254,0.8562508869124272,0.8272552783227821,0.9510127911054972,0.9306335449229336,7.0,0.9301619534095311,0.594279107106463,12068.0,48922.0,2520.0,2026.0
ANFC_001234.png,0.7113229075970654,0.5519791667133355,0.7179244005259553,0.7048417132608618,0.9618433496696441,0.934371948243189,14.723902403898919,0.8046609959023487,0.43022216391227336,5299.0,55936.0,2219.0,2082.0
ANFC_001235.png,0.7896920948926844,0.6524720623389374,0.8485082021525369,0.7385013415352145,0.9516589020964048,0.9373626708993934,13.601470508735444,0.89128466522142,0.585407508326394,7707.0,53724.0,2729.0,1376.0
ANFC_001236.png,0.7689121853511349,0.6245794785928743,0.9024760747527759,0.6697857948512079,0.9503163537063369,0.9455108642586441,87.69264507357501,0.8268731385800677,0.5601442616654663,5941.0,56024.0,2929.0,642.0
ANFC_001237.png,0.7591997142266524,0.6118629428125935,0.6901591426793897,0.8435887257468881,0.9936916598620861,0.979431152344064,32.0,0.8851445976534672,0.6703831132210483,2125.0,62063.0,394.0,954.0
ANFC_001238.png,0.8534621578224034,0.7443820225097011,0.8952702702888922,0.8153846154145126,0.9809720924025075,0.9736175537113402,8.246211251235321,0.9349840192725646,0.6466259639465268,5035.0,58772.0,1140.0,589.0
ANFC_001239.png,0.785470142766204,0.6467277342846565,0.8468208092706906,0.7324084489773268,0.9634741367550929,0.9511566162116829,16.36994469134809,0.8388942433169044,0.7370166080380123,5860.0,56475.0,2141.0,1060.0
ANFC_001240.png,0.8296870673038113,0.7089446285178472,0.8496880317810904,0.8106060606265578,0.9691472294217459,0.9530792236335286,4.47213595499958,0.9582967792597914,0.697973680139996,7490.0,54971.0,1750.0,1325.0
ANFC_001241.png,0.8286116134332187,0.7073756432581617,0.8944476576208144,0.7718028696479348,0.9687990446951757,0.9609527587896585,15.652475842498529,0.8829410699411748,0.7557581189572413,6186.0,56791.0,1829.0,730.0
ANFC_001242.png,0.8491388475521402,0.7378290993313784,0.8632728058945879,0.8354602510632364,0.9720524482984142,0.9566955566412859,5.0,0.9532260642185949,0.8521043782415587,7987.0,54711.0,1573.0,1265.0
ANFC_001243.png,0.8330084470616191,0.7138084633047868,0.8843412278950697,0.7873080860210218,0.9830192687992054,0.9764709472659842,4.0,0.9246543867400501,0.768204057364045,3846.0,60148.0,1039.0,503.0
ANFC_001244.png,0.8621812767605537,0.7577492434973625,0.9081552636827921,0.8206377325225299,0.9634040553734882,0.9548034667975648,7.865520587052228,0.9294330556119279,0.8620141769361053,9265.0,53309.0,2025.0,937.0
ANFC_001245.png,0.7972471051017453,0.6628519528008309,0.8654097000041018,0.7390379747099709,0.9548710225390107,0.9433593750008644,15.206846146401253,0.8520736715903853,0.7613606872216021,7298.0,54526.0,2577.0,1135.0
ANFC_001246.png,0.7747246872902037,0.6322862129786585,0.856703712495459,0.7070647931875361,0.9755166620455166,0.9678497314458032,5.656854249492381,0.8682556181573992,0.7031156851018656,3623.0,59806.0,1501.0,606.0
ANFC_001248.png,0.662675845588878,0.49552372433668695,0.7678612717299742,0.5828360829092951,0.9611671104873116,0.9484100341804748,68.20412580043114,0.7496120690892838,0.6745423714191379,3321.0,58834.0,2377.0,1004.0
ANFC_001249.png,0.607445965869928,0.4362099789637233,0.8828947368806267,0.4629981025594276,0.9501888120847704,0.9470672607429953,124.1491039033307,0.6512016251902222,0.4602996952287621,2684.0,59383.0,3113.0,356.0
ANFC_001250.png,0.826351593281321,0.7040878584863834,0.9021263289708996,0.7623199894619739,0.969580656070856,0.9629974365240023,7.431158336742983,0.9196131800295803,0.8626483347126935,5770.0,57341.0,1799.0,626.0
ANFC_001251.png,0.8300604932605835,0.7094900962763909,0.8549654908114489,0.8065653825459789,0.9611824912899031,0.9442749023446004,4.0,0.9371244681778444,0.827640560370817,8919.0,52965.0,2139.0,1513.0
ANFC_001252.png,0.8146323795860462,0.6872402835874798,0.8412627169597153,0.7896362870678786,0.9745463195817552,0.9609527587896585,5.0,0.9238127301493851,0.7726263161951675,5623.0,57354.0,1498.0,1061.0
ANFC_001253.png,0.8383690231818535,0.7217171717405962,0.8757916241189181,0.8040135033942223,0.9625085207914019,0.9495544433601448,3.1622776601683795,0.9581811064825528,0.8681498469539635,8574.0,53656.0,2090.0,1216.0
ANFC_001254.png,0.8235717283242269,0.7000611496432877,0.8970876322453849,0.7611923759129885,0.9627671521629129,0.9550933837897478,11.0,0.8913576685688529,0.8272145372665134,6869.0,55724.0,2155.0,788.0
ANFC_001255.png,0.6971058405916721,0.5350441059286216,0.7293397464518278,0.6676005604027214,0.9727535185857952,0.9557647705084876,8.06225774829855,0.8461050984036255,0.5838625552353522,3336.0,59301.0,1661.0,1238.0
ANFC_001256.png,0.6500105418880444,0.48149305021372896,0.7519512195726947,0.572409951806088,0.9625138355367779,0.949340820313273,20.615528128088304,0.7444142663413122,0.5664396242441001,3083.0,59133.0,2303.0,1017.0
ANFC_001257.png,0.7513658974352633,0.6017502612850378,0.8916198955115889,0.6492390079412008,0.9587702297543644,0.9534759521491475,5.0,0.8392818138221114,0.7303503179893585,4607.0,57880.0,2489.0,560.0
ANFC_001258.png,0.8128165173536408,0.6846595570656835,0.9018802680134255,0.7397624535118308,0.9758984714906517,0.9706726074223226,4.0,0.9252940689928524,0.7726606663346326,4173.0,59441.0,1468.0,454.0
ANFC_001259.png,0.7731126362764319,0.6301414939733232,0.7410990712575272,0.8080168776776335,0.9849257884974668,0.9656982421880235,13.0,0.8303881029337066,0.6342149094664836,3830.0,59458.0,910.0,1338.0
ANFC_001260.png,0.7932320046082371,0.6573193916892713,0.8672658863153708,0.7308437555520797,0.9748485646567217,0.9669952392583162,40.36624492504626,0.8538989505313774,0.4889331008713293,4149.0,59224.0,1528.0,635.0
ANFC_001261.png,0.7221225127021363,0.5650952614111999,0.7659327926227557,0.6830528491758115,0.9639129338605948,0.9456634521492667,20.668545106034816,0.8028872923619237,0.5455164958698274,4627.0,57348.0,2147.0,1414.0
ANFC_001262.png,0.8684320640882042,0.7674590597181765,0.9040448039945184,0.8355187485811457,0.975130867289697,0.9664154052739501,8.0,0.9510102805559555,0.5686050443830014,7264.0,56071.0,1430.0,771.0
ANFC_001263.png,0.8052037989807478,0.673925643812708,0.8492278798153977,0.7655191873809707,0.9554439519596182,0.939910888672792,8.294025275835928,0.9004128762600858,0.6886718017186085,8139.0,53459.0,2493.0,1445.0
ANFC_001265.png,0.8112820044812522,0.6824848345479164,0.906753723739364,0.7339995045227518,0.9422076290963827,0.9369049072275254,10.198039027185569,0.9066138342192395,0.6423036490223963,8888.0,52513.0,3221.0,914.0
ANFC_001266.png,0.8693498452113506,0.7688937568772052,0.9023136246943584,0.8387096774434424,0.9817912058271211,0.9742431640628931,5.0,0.9726706242298379,0.770011126771695,5616.0,58232.0,1080.0,608.0
ANFC_001267.png,0.8646269224572237,0.761535516009809,0.8495301153513958,0.8802700011198108,0.9807377341027427,0.9619903564458926,11.772078844334098,0.9325859547418943,0.7116888010680119,7955.0,55090.0,1082.0,1409.0
ANFC_001268.png,0.8546373365149645,0.746171814203715,0.8725341426597065,0.8374599475913982,0.981067417636802,0.9701538085942055,114.90320669729127,0.8094506845881317,0.3735627194392371,5750.0,57830.0,1116.0,840.0
ANFC_001269.png,0.8331444402678322,0.7140082020906522,0.7514766016012092,0.9347273241212978,0.9962214152518039,0.9797821044924961,27.016660954991334,0.8530460996649817,0.6888746732031817,3308.0,60903.0,231.0,1094.0
ANFC_001271.png,0.8520511096249691,0.7422378441962275,0.8558883134591434,0.848248158910037,0.9759946340951037,0.9597167968756147,4.47213595499958,0.960571335540632,0.7850073746585158,7602.0,55294.0,1360.0,1280.0
ANFC_001272.png,0.7442404236473255,0.5926615553567731,0.7805828044171116,0.7111315547757745,0.962494027712059,0.9432525634774285,12.136657380145794,0.8546039272528826,0.5730570060202078,5411.0,56406.0,2198.0,1521.0
ANFC_001273.png,0.8343437191830898,0.7157716498026676,0.8435005701700398,0.8253835425870618,0.989907783581771,0.9820709228518362,4.123105625617661,0.9387865089164287,0.7527507828251497,2959.0,61402.0,626.0,549.0
ANFC_001274.png,0.7230136119244213,0.5661874070939282,0.7449445532053254,0.7023370234159999,0.9674096020475488,0.946594238282065,6.0,0.8258823976573704,0.62171950508575,4568.0,57468.0,1936.0,1564.0
ANFC_001277.png,0.737149659142022,0.5837189374821149,0.7181866104672444,0.7571412693389862,0.9610176446457509,0.9258728027355062,16.492422502470642,0.8462294071957958,0.6561246546950489,6812.0,53866.0,2185.0,2673.0
ANFC_001278.png,0.5506007394234519,0.37988203421331385,0.47432324851227636,0.6561123348964448,0.979359465891404,0.9406433105477808,37.535287296676096,0.6248872898830765,0.47627096382091727,2383.0,59263.0,1249.0,2641.0
ANFC_001282.png,0.8199862250441434,0.6948954685668157,0.8438144330098177,0.7974668128367475,0.9712164220442534,0.956130981445982,6.0,0.8984186306094166,0.798280264846598,6548.0,56113.0,1663.0,1212.0
ANFC_001283.png,0.7850141219650263,0.64610966776342,0.8101851852177323,0.7613599742569513,0.9751942918401582,0.9605102539068526,9.219544457292887,0.8753653741973776,0.6367707209646098,4725.0,58223.0,1481.0,1107.0
ANFC_001284.png,0.8133971292007749,0.6854838710080026,0.8438386385370567,0.7850755021572973,0.975232302754262,0.9625091552740097,6.708203932499369,0.8875818857483416,0.8114147985949611,5355.0,57724.0,1466.0,991.0
ANFC_001286.png,0.7848367848475738,0.6458694396594975,0.7838541666883159,0.7858218696871351,0.9616035426274193,0.9345245361338117,16.455941288225066,0.8486045986472656,0.703396052288354,7826.0,53419.0,2133.0,2158.0
ANFC_001287.png,0.7810919834224708,0.6408129020564172,0.7843450479479296,0.777865791583358,0.9654230958929504,0.9412078857430847,8.54400374531753,0.8834537002091146,0.76025341146895,6874.0,54809.0,1963.0,1890.0
ANFC_001288.png,0.7413974455491061,0.5890639924081824,0.7467837142807956,0.7360883187026572,0.9699808243823927,0.9474792480476765,11.0,0.882938187313381,0.6644562489617613,4934.0,57160.0,1769.0,1673.0
ANFC_001289.png,0.8490256410333833,0.737658171472317,0.8492869601057467,0.8487644827387713,0.9735610962739328,0.9550781250006856,5.830951894845301,0.9375524579221169,0.7289773392811153,8278.0,54314.0,1475.0,1469.0
ANFC_001290.png,0.7778455904960447,0.6364544320054364,0.7530280650290948,0.8043546860516954,0.9788993635779379,0.9555664062506781,39.64210880856497,0.876494174026814,0.7379440203276426,5098.0,57526.0,1240.0,1672.0
ANFC_001291.png,0.7807782005780791,0.6403906171710066,0.77346789886023,0.7882280049828714,0.9701807649363103,0.9454956054695818,19.90262975904369,0.8746926020111812,0.7037174671613187,6361.0,55603.0,1709.0,1863.0
ANFC_001292.png,0.8082174301513195,0.6781584582785698,0.8616514760084817,0.7610236693787068,0.9658159319418095,0.954132080078825,5.0,0.9369037102865938,0.7306720367693808,6334.0,56196.0,1989.0,1017.0
ANFC_001293.png,0.8331553438004947,0.714024218550125,0.8649155722441655,0.8036450079394893,0.9539490800974921,0.9380187988290709,5.1562485723010765,0.9138686763566225,0.7440012068302305,10142.0,51332.0,2478.0,1584.0
ANFC_001294.png,0.8111063566865827,0.6822362633222238,0.8221686747159356,0.8003377744604675,0.9614220191809173,0.9393768310556126,11.0,0.8902057857154051,0.6753739031051281,8530.0,53033.0,2128.0,1845.0
ANFC_001295.png,0.8213468869214055,0.6968520914448597,0.8744588744724612,0.7743172017465916,0.9581675429878115,0.946365356446131,21.066516176810275,0.8840548721375195,0.6714916669015724,8080.0,53941.0,2355.0,1160.0
ANFC_001296.png,0.7210036422726829,0.5637261106741266,0.8967183410717298,0.6028695181912738,0.9515593785607892,0.9474029541023652,82.3140267686868,0.8529892534862075,0.5441385296093587,4454.0,57635.0,2934.0,513.0
ANFC_001297.png,0.8357501658766231,0.7178443504204096,0.8609646553679038,0.8119705341046095,0.9831002234547198,0.9735565185550911,5.0,0.891769714457149,0.7964453714784487,4409.0,59394.0,1021.0,712.0
ANFC_001348.png,0.7272191094474758,0.5713623726665054,0.7939471990360762,0.6708378673365512,0.9806182924878966,0.9717712402348059,7.252506953939496,0.7548814096376711,0.5621878032315857,2466.0,61220.0,1210.0,640.0
ANFC_001349.png,0.6865860073975186,0.5227491189486143,0.8745644599639334,0.5651195012876481,0.9593722190767838,0.9545440673835062,62.99046819076822,0.8531811580420924,0.5717973900607335,3263.0,59294.0,2511.0,468.0
ANFC_001350.png,0.8018191359277751,0.6691970803402633,0.8645794040240325,0.7475538160881354,0.9743002291069114,0.9654235839849027,5.830951894845301,0.9411576281802295,0.7785541281021588,4584.0,58686.0,1548.0,718.0
ANFC_001351.png,0.6952783650672814,0.5328940261928385,0.7542813456033209,0.6448366013536162,0.9539460302401189,0.9340209960947569,81.09870529176159,0.8321200673834689,0.6253630868797729,4933.0,56279.0,2717.0,1607.0
ANFC_001352.png,0.7879213483394287,0.6500579374951606,0.8695427538440861,0.7203081532804818,0.9788048325633859,0.972351074219172,3.605551275463989,0.9309913601296675,0.7708384484219472,3366.0,60358.0,1307.0,505.0
ANFC_001353.png,0.5930179840421613,0.4214822772456536,0.658389261859601,0.5394555953974552,0.9732239913042199,0.9589080810553147,112.11155159036913,0.6651638180685318,0.49969022630970383,1962.0,60881.0,1675.0,1018.0
ANFC_001354.png,0.8451900844305431,0.7318867573354547,0.8879222686828695,0.8063821054990373,0.9667107700455727,0.956069946289733,8.54400374531753,0.9470384032260293,0.6116616748793975,7859.0,54798.0,1887.0,992.0
ANFC_001355.png,0.8243083471685247,0.7011263074412204,0.8794147326541802,0.7757009346792609,0.9920697359726836,0.9886627197267356,4.006155281280877,0.9319166463000966,0.8799202744167836,1743.0,63050.0,504.0,239.0
ANFC_001356.png,0.7548367284517518,0.6062150608999974,0.8164304694826326,0.701884637406837,0.9743362831862613,0.9634552001958703,53.1638666827043,0.8866179372510575,0.5840904107519737,3687.0,59454.0,1566.0,829.0
ANFC_001357.png,0.7495447371919941,0.5994174758059383,0.8060052219827663,0.700476514703772,0.9786082390694809,0.9685211181645429,8.54400374531753,0.8043804616973942,0.5715483966524917,3087.0,60386.0,1320.0,743.0
ANFC_001358.png,0.7585075142720239,0.6109642410448081,0.7545970098376702,0.7624587602426708,0.977091950366276,0.9573364257819011,67.47517437127648,0.856285966157443,0.7235534840664608,4391.0,58349.0,1368.0,1428.0
ANFC_001359.png,0.7798772609996869,0.639179351470658,0.8952539859296896,0.6908440629912955,0.9640683715213317,0.9584045410162598,5.0990195135927845,0.9254253865936162,0.7639296517104305,4829.0,57981.0,2161.0,565.0
ANFC_001360.png,0.7891469017888273,0.6517280279302915,0.7706766917571336,0.8085241730523506,0.9737301448774004,0.9481811523445408,24.0,0.8506972001172111,0.6812959712563843,6355.0,55785.0,1505.0,1891.0
ANFC_001361.png,0.803461493796988,0.6714882050605293,0.8218868821504413,0.7858441263592543,0.9669992997204657,0.948364257813288,16.77159012611165,0.8820779441919558,0.7117469369343238,6917.0,55235.0,1885.0,1499.0
ANFC_001362.png,0.5884964682969734,0.416928796277687,0.49863201111537897,0.7178729691197081,0.9908483996679415,0.9688873291020373,83.97260482915542,0.6800859687274634,0.43268817854573166,1458.0,62039.0,573.0,1466.0
ANFC_001363.png,0.8459290742564797,0.732995741773162,0.8562785695272548,0.8358267716750883,0.9784674171231631,0.9645996093755402,5.0,0.9610512969764854,0.7664579690405513,6369.0,56847.0,1251.0,1069.0
ANFC_001364.png,0.8101884709557458,0.6809384942098438,0.8627813235030599,0.763639066483776,0.973314088147875,0.963272094727123,4.0,0.9511425179602598,0.7593647392659437,5137.0,57992.0,1590.0,817.0
ANFC_001365.png,0.6176748087202354,0.44683755506645867,0.8616554548518118,0.48137254910435084,0.9489028768300319,0.9443511962899117,69.69719285372557,0.7570424767106889,0.5654697749385926,2946.0,58943.0,3174.0,473.0
ANFC_001366.png,0.8297572986431799,0.7090471897040806,0.7944098333398872,0.8683968341858279,0.9880027518165679,0.9704589843754509,4.0,0.9612974011274728,0.8093056896311442,4718.0,58882.0,715.0,1221.0
ANFC_001367.png,0.8185496924717911,0.6928346349235739,0.7772825084879676,0.8644444444676164,0.9865661528038867,0.9657897949223971,7.625496934365993,0.8906067434421133,0.7261936423105056,5057.0,58237.0,793.0,1449.0
ANFC_001368.png,0.7392284866778364,0.5863302580330765,0.7810383747727518,0.701667417822968,0.9784886838132465,0.9664764404301991,28.177170122662254,0.8145543106719428,0.6303545198066548,3114.0,60225.0,1324.0,873.0
ANFC_001369.png,0.7702811966786199,0.6263880772024565,0.7630829477103804,0.7776165427575519,0.9795387028942966,0.9609832763677829,7.035533905932738,0.8393898635613705,0.7083175856865767,4287.0,58692.0,1226.0,1331.0
ANFC_001370.png,0.8043003527797496,0.672660859838064,0.8298093587816622,0.7803129074673545,0.9774453702777927,0.9644470214849176,48.0,0.7855834530316465,0.6628165872217076,4788.0,58418.0,1348.0,982.0
ANFC_001371.png,0.8342747522202774,0.7156701408195584,0.8373983740011341,0.8311743470130416,0.9717021428067968,0.9525451660163492,5.0,0.9138282107071363,0.7679676448745771,7828.0,54598.0,1590.0,1520.0
ANFC_001372.png,0.8639134220758855,0.760429212771222,0.8683420855378418,0.8595297029876819,0.9802739059407648,0.9666137695317596,4.47213595499958,0.9341081928781888,0.7902772780127092,6945.0,56403.0,1135.0,1053.0
ANFC_001373.png,0.8165881244224575,0.6900286715843656,0.7985744131991429,0.8354332733562055,0.977699959930004,0.9554595947272423,5.830951894845301,0.8979261190265979,0.6919548898820561,6498.0,56119.0,1280.0,1639.0
ANFC_001374.png,0.8338168814632064,0.7149965286143258,0.8726168620431272,0.7983204134627493,0.973295697545577,0.962417602539636,4.242640687119285,0.8889156336933942,0.7490702605084804,6179.0,56894.0,1561.0,902.0
ANFC_001375.png,0.8273853964590574,0.7055902203354654,0.8459541984968009,0.8096142606940949,0.9779100125457243,0.9647216796880385,4.0,0.9640051055090253,0.7064233610592285,5541.0,57683.0,1303.0,1009.0
ANFC_001376.png,0.7991483321663001,0.6654846336136743,0.7894982861032256,0.809037202649044,0.9797692750096456,0.9611358642584056,4.47213595499958,0.9511100644960562,0.6678643994236354,5067.0,57922.0,1196.0,1351.0
ANFC_001378.png,0.7233112582964695,0.566552546989672,0.6703080889075356,0.785416367066674,0.9740019864438481,0.9362487792978479,29.43805475725856,0.7836588259307393,0.5435600477255517,5461.0,55897.0,1492.0,2686.0
ANFC_001379.png,0.7332902113267259,0.5788936170929542,0.7173592069779878,0.7499448732635181,0.9813471502593741,0.9622497558599511,11.388547388190378,0.8381596346041075,0.5624121589263145,3401.0,59661.0,1134.0,1340.0
ANFC_001380.png,0.8186373814032799,0.6929602888640866,0.8932061424166574,0.7555599291959141,0.9797184754567472,0.9740447998050836,4.47213595499958,0.923274702592694,0.8060080259263454,3839.0,59996.0,1242.0,459.0
ANFC_001381.png,0.8433833116164127,0.729181344268116,0.9088514225660606,0.786713286745711,0.9765549279773978,0.9706726074223226,3.605551275463989,0.9639499751711897,0.8295338529681116,5175.0,58439.0,1403.0,519.0
ANFC_001382.png,0.7783711615621817,0.637158469981405,0.8748976807810508,0.7010275470374915,0.953011717005927,0.9442749023446004,26.940659228538003,0.8726023385049659,0.7324484008019383,6413.0,55471.0,2735.0,917.0
ANFC_001383.png,0.8116051243642797,0.6829422955647976,0.7643718950167087,0.8650602409999839,0.991779347241159,0.9771118164065994,5.0,0.88804948375147,0.6362636480784604,3231.0,60805.0,504.0,996.0
ANFC_001384.png,0.8143434231744594,0.6868290861862383,0.8392836774450457,0.7908426483457822,0.9657207278626412,0.9488067626960938,8.602325267042627,0.9136253755848979,0.7418891398921812,7358.0,54823.0,1946.0,1409.0
ANFC_001385.png,0.8183446235444721,0.6925408540204875,0.7725668921239979,0.8698890912316025,0.9866176320361866,0.9644012451177308,10.04987562112089,0.9218518848464745,0.5254885064807363,5255.0,57948.0,786.0,1547.0
ANFC_001386.png,0.8328927076540596,0.7136385087575613,0.8286935554769078,0.8371346324361011,0.9739239878044755,0.9537048339850815,5.089117562233515,0.9280747843821668,0.763321594467722,7561.0,54941.0,1471.0,1563.0
ANFC_001387.png,0.803235648917673,0.671172773666409,0.9163024121877444,0.7150075796216514,0.9619939689017336,0.9576873779303332,9.0,0.9165424876001206,0.3373183147386081,5660.0,57103.0,2256.0,517.0
ANFC_001388.png,0.8247643530545012,0.7017863653297136,0.9211995533703622,0.7466063348743883,0.9669293198581516,0.9625549316411964,16.61079265345682,0.9312020688549117,0.4912660264777542,5775.0,57307.0,1960.0,494.0
ANFC_001389.png,0.8567446636942166,0.7493904786668304,0.9023485785070536,0.8155285574898019,0.9776344304487059,0.9701995849613924,7.810249675906654,0.974344473936591,0.5191642619353927,5840.0,57743.0,1321.0,632.0
ANFC_001391.png,0.6695778749382905,0.5032822759828871,0.6241519676905346,0.7221350080673979,0.9944741032125991,0.9861450195314615,77.76433472601994,0.7942774226546565,0.4246429773173823,920.0,63708.0,354.0,554.0
ANFC_001392.png,0.7419141914380701,0.5897166842031344,0.7900656045313862,0.699294898423988,0.9632191294354648,0.946304321289882,6.0,0.8745839266645721,0.5499151617432225,5058.0,56959.0,2175.0,1344.0
ANFC_001393.png,0.7891777361430057,0.651770090233979,0.8806838850708105,0.7148973867245095,0.9678370365440582,0.9605255126959149,16.278820596099706,0.8671050291102003,0.6608163513080699,4842.0,58107.0,1931.0,656.0
ANFC_001394.png,0.8073501192180409,0.6769380790173635,0.8464821363435578,0.7716763006034153,0.964175460016322,0.949447631836709,9.0,0.8924459808123466,0.5415653967182653,6942.0,55281.0,2054.0,1259.0
ANFC_001395.png,0.8232193633522977,0.6995520981023631,0.8362688460143344,0.8105708822984743,0.9762658498609444,0.9611053466802811,5.0,0.8762239100445016,0.8148726841969725,5935.0,57052.0,1387.0,1162.0
ANFC_001396.png,0.8354794984890309,0.7174450749719998,0.8343485617877583,0.8366135052873068,0.9838493274748625,0.9703674316410773,5.385164807134504,0.9223465441527213,0.722273369676126,4931.0,58663.0,963.0,979.0
ANFC_001397.png,0.7840340606935567,0.644782913227454,0.9064730494938535,0.6907351838539506,0.9731752151355363,0.96903991699266,8.54400374531753,0.9197460302906892,0.6650562056571327,3683.0,59824.0,1649.0,380.0
ANFC_001398.png,0.8543081556809597,0.7456701031190031,0.8845542375095323,0.8260621288458129,0.9734479331931615,0.962356567383387,7.0,0.9287310310900576,0.6114524104780834,7233.0,55836.0,1523.0,944.0
ANFC_001399.png,0.8023933239015594,0.6699973705403632,0.8152295632994354,0.7899550457619043,0.9771443029437945,0.9617004394537095,18.451211553469946,0.9142180642448685,0.6483136639183171,5096.0,57930.0,1355.0,1155.0
ANFC_001400.png,0.8064575759562229,0.6756840475296144,0.7673545966501695,0.8497597714777614,0.9797046028631121,0.9520721435554189,11.180339887498949,0.9255527447491321,0.47365745088406946,6544.0,55851.0,1157.0,1984.0
ANFC_001401.png,0.8054933572271735,0.6743314171728458,0.7768499856246425,0.836329820227699,0.9712611354033917,0.9403533935555978,7.810249675906654,0.8831907012640068,0.5037958372284312,8094.0,53533.0,1584.0,2325.0
ANFC_001402.png,0.7768064901718882,0.6350642673897107,0.7724828017795519,0.7811788515328638,0.9699344815006702,0.945846557618014,10.67220095319495,0.8884993300554428,0.5206596534993929,6176.0,55811.0,1730.0,1819.0
ANFC_001403.png,0.7842011753745796,0.6450089928855645,0.7129721670693409,0.8712420285844998,0.993107036025603,0.9759063720706802,22.0,0.8219982810681786,0.6826019822240057,2869.0,61088.0,424.0,1155.0
ANFC_001404.png,0.7174119886121776,0.5593471810815451,0.7122166247455464,0.7226837061293537,0.9785756598437014,0.95921325683656,46.66904755831214,0.7341150900226373,0.6146467729453711,3393.0,59470.0,1302.0,1371.0
ANFC_001405.png,0.8171091445569703,0.6907730673722571,0.8827574639579407,0.7605491329825796,0.972185852889311,0.9640502929692987,7.0710678118654755,0.8788243440209121,0.7072503417851622,5263.0,57917.0,1657.0,699.0
ANFC_001406.png,0.8101147072700475,0.6808342890137017,0.8291001134826657,0.7919793230121744,0.9538637918609097,0.9320526123057244,9.848857801796104,0.8865870809528522,0.6444920900755938,9499.0,51584.0,2495.0,1958.0
ANFC_001407.png,0.7605668364050937,0.6136408632336526,0.709917544696528,0.8189985467275732,0.9758819801426681,0.9404449462899713,17.0,0.8072000270536938,0.5302418831196242,6199.0,55434.0,1370.0,2533.0
ANFC_001408.png,0.6911509543981634,0.528060097424631,0.6469951274244747,0.741775295008209,0.99346825982519,0.9837036132814988,144.64392382639653,0.47443653844786926,0.4227182401953569,1195.0,63273.0,416.0,652.0
ANFC_001410.png,0.8274637210384465,0.7057041525265476,0.7797371214156472,0.8814138058433542,0.9758853003551357,0.93922424316499,4.47213595499958,0.9368492355752212,0.8033157179490421,9551.0,52002.0,1285.0,2698.0
ANFC_001411.png,0.7388790035877582,0.5858906526303543,0.7196707106326535,0.7591407678795381,0.982698621142766,0.9641723632817968,41.97618372363071,0.8115260757525451,0.6733541892858407,3322.0,59866.0,1054.0,1294.0
ANFC_001412.png,0.8003021908939661,0.6670864819758954,0.7853894820299141,0.815792175806983,0.9676290147966866,0.9394989013681108,12.041594578792296,0.87124506817946,0.731521901055531,7945.0,53626.0,1794.0,2171.0
ANFC_001413.png,0.5420047108686202,0.3717465447187674,0.8118384947817175,0.40679630732531985,0.9520520758918465,0.946594238282065,129.14330617208145,0.6659001070119283,0.40054450767079725,2071.0,59965.0,3020.0,480.0
ANFC_001414.png,0.8491404860923029,0.7378315735931414,0.8891992551554316,0.8125354509890711,0.989392431877437,0.9844665527346121,5.0,0.9566888583799583,0.5302136586003349,2865.0,61653.0,661.0,357.0
ANFC_001415.png,0.6062578223271267,0.4349856322853833,0.8759493671334722,0.4635406699591309,0.9553456213863831,0.9519958496101076,129.47895393238218,0.705127739057277,0.34709433368699955,2422.0,59968.0,2803.0,343.0
ANFC_001416.png,0.7947947948176182,0.6594684386010579,0.808553971530085,0.7814960630399177,0.983654302403854,0.9718475341801172,4.0,0.8944015870088409,0.7858410482969822,3573.0,60118.0,999.0,846.0
ANFC_001417.png,0.8076505470802932,0.6773606052567441,0.8452797203067692,0.7732288501881931,0.976293968169448,0.9648590087895988,5.830951894845301,0.909020529169651,0.7189001304715651,4835.0,58398.0,1418.0,885.0
ANFC_001418.png,0.7743431221238076,0.6317780580656087,0.8452129903320933,0.714438502724699,0.9736487153341835,0.964355468750544,7.9525624189766635,0.8450030610405126,0.6262454883957852,4008.0,59192.0,1602.0,734.0
ANFC_001419.png,0.6634824142909999,0.4964262509212851,0.6039525692743208,0.7360308286011462,0.9866863186539465,0.964523315430229,31.240998703626616,0.7452975925365366,0.5406291855607007,2292.0,60919.0,822.0,1503.0
ANFC_001420.png,0.7621092818227023,0.6156515035436292,0.780166096780614,0.7448694030445733,0.9821945900201459,0.9695739746098394,6.1673900068116865,0.9317176743991714,0.7477198644776472,3194.0,60348.0,1094.0,900.0
ANFC_001421.png,0.8329261100486203,0.7136875541851447,0.7817491697324452,0.8912729895616168,0.9898164254472867,0.9697418212895244,6.0,0.9397158438946457,0.7792885588902316,4943.0,58610.0,603.0,1380.0
ANFC_001422.png,0.7849201278230135,0.6459823307433776,0.8079452776090646,0.7631709742139237,0.9845630517537124,0.9743194580082044,11.644110778773962,0.8679053231164966,0.7968638959775409,3071.0,60782.0,953.0,730.0
ANFC_001423.png,0.7817039654709753,0.6416371254202969,0.787734915966818,0.7757646600865449,0.9809692300064323,0.9660644531255179,5.385164807134504,0.8836820977486904,0.7263303113949954,3982.0,59330.0,1151.0,1073.0
ANFC_001424.png,0.7700875099626024,0.6261319534765677,0.823829787264029,0.7229275579203992,0.9689076616220159,0.955902099610048,22.20360331117452,0.846545638764111,0.7356077999398005,4840.0,57806.0,1855.0,1035.0
ANFC_001425.png,0.7311201708667132,0.5761933905177182,0.6735825434316611,0.7994056464021638,0.9842355492537453,0.95773315429752,34.1262266503339,0.8328445350481322,0.6975479967492363,3766.0,59000.0,945.0,1825.0
ANFC_001426.png,0.7494464618059121,0.5992917847593071,0.702940687871251,0.8025417299312326,0.9825091990526654,0.9568328857428463,18.35755975068582,0.8310821018105764,0.6239562764221569,4231.0,58476.0,1041.0,1788.0
ANFC_001427.png,0.7380835382122439,0.5848909660553808,0.7450396827926193,0.731256085948144,0.9957227870072569,0.9918670654298117,5.0,0.8355255668487098,0.6930025113576734,751.0,64252.0,276.0,257.0
ANFC_001428.png,0.734909989457305,0.5809151786883607,0.6176208841241113,0.9071895425241004,0.99657363468195,0.9770812988284748,5.385164807134504,0.8583574337731478,0.5856764015023269,2082.0,61952.0,213.0,1289.0
ANFC_001429.png,0.802555521782392,0.6702235773195571,0.8921203923259654,0.7293337020377845,0.9843557743015332,0.9801940917971773,3.0,0.9214030698463909,0.8450156836892828,2638.0,61600.0,979.0,319.0
ANFC_001430.png,0.7529155313620801,0.6037406048586365,0.8206224756900397,0.6955296013500745,0.9753452802195551,0.9654083251958404,19.289860759580964,0.8145949687285662,0.7224978583621255,3454.0,59815.0,1512.0,755.0
ANFC_001431.png,0.7258950874499671,0.5697294471873312,0.7548051948476528,0.6991178829672626,0.9686082896877796,0.9497680664070166,8.581912734438848,0.7933770773822117,0.6871731366159068,4359.0,57885.0,1876.0,1416.0
ANFC_001432.png,0.6857757627229866,0.5218103146390118,0.6794578955871086,0.6922122246831814,0.9663552035821134,0.9376068115243896,28.43499260369606,0.785955649469295,0.6195929970003307,4462.0,56985.0,1984.0,2105.0
ANFC_001433.png,0.7168758717095246,0.5586956522272107,0.681195700238375,0.7565004088705641,0.9746531619716631,0.9442443847664759,9.433981132056603,0.8620984310809071,0.5957618542086214,4626.0,57256.0,1489.0,2165.0
ANFC_001436.png,0.7685589519827963,0.6241134752240745,0.7433313574772775,0.7955590801275878,0.9780737565493285,0.9539031982428909,13.892443989449804,0.783416779193562,0.5157555222937596,5016.0,57499.0,1289.0,1732.0
ANFC_001437.png,0.7756821095242921,0.6335626683168467,0.7335064935526396,0.823003691505148,0.9847559445125624,0.9626159667974455,13.717859901021214,0.8789380260411306,0.8195884472959986,4236.0,58850.0,911.0,1539.0
ANFC_001438.png,0.8111615200833621,0.6823143209124075,0.8051520434044982,0.817261378175832,0.9663285636666125,0.9409332275399639,10.770329614269007,0.9094142405054556,0.7343669258751528,8314.0,53351.0,1859.0,2012.0
ANFC_001439.png,0.7755128205272107,0.6333368234076707,0.7213212497351156,0.8385084558028129,0.9796150481193419,0.9465637207039405,11.661903789690601,0.8455483242385086,0.7368598338485434,6049.0,55985.0,1165.0,2337.0
ANFC_001440.png,0.784365162658423,0.645230902066764,0.8116178067573808,0.7588832487615631,0.9673359922987324,0.9498291015632656,12.383306565043995,0.7913333913103886,0.5661714057711261,5980.0,56268.0,1900.0,1388.0
ANFC_001441.png,0.7886253978247998,0.651016949211692,0.750341863694014,0.8310255301101199,0.9870731747689049,0.968582153320792,9.486832980505138,0.8722321534608601,0.6466200576482485,3841.0,59636.0,781.0,1278.0
ANFC_001442.png,0.6504051596121709,0.4819262345935637,0.6356877324008909,0.6658202133628203,0.9667391194465494,0.9354858398447345,60.426796776431615,0.6434213238512486,0.48433991012239774,3933.0,57375.0,1974.0,2254.0
ANFC_001443.png,0.8572438162712316,0.7501546073489682,0.9345146379212854,0.7917754569643656,0.9844748710297447,0.9815063476565323,6.0,0.9682944220318644,0.6422530199955401,3639.0,60685.0,957.0,255.0
ANFC_001444.png,0.7781459104932017,0.6368566567804278,0.7905227033011454,0.7661506972283292,0.9684610075919865,0.9478912353523578,5.385164807134504,0.8860196973429568,0.7297383039359864,5989.0,56132.0,1828.0,1587.0
ANFC_001445.png,0.8165057067703849,0.6899109792572412,0.8604140164380232,0.7768612300535803,0.9624356202435895,0.9489746093757787,5.466671639841793,0.936359823077768,0.7922184037010258,7440.0,54752.0,2137.0,1207.0
ANFC_001446.png,0.8408997955335583,0.7254763586007493,0.8797603766025843,0.805327066272884,0.9921359515183447,0.9881286621095563,5.0,0.9914677065966245,0.6400097208639618,2056.0,62702.0,497.0,281.0
ANFC_001447.png,0.7680068434757907,0.623385640935511,0.8748781914100803,0.6844031102783347,0.9657313136335447,0.9586181640631315,5.616100833138674,0.8719802456704424,0.6990251116507384,4489.0,58335.0,2070.0,642.0
ANFC_001448.png,0.7898197967555026,0.6526464361817013,0.779763912347426,0.8001384322892995,0.9806227560987044,0.9624481201177606,13.152946437965905,0.8945355390785017,0.6606293317273537,4624.0,58451.0,1155.0,1306.0
ANFC_001449.png,0.5995118704682149,0.4280735108637399,0.6110357305266766,0.5884146342359724,0.969074189220652,0.9449157714852157,58.27684265933735,0.6949469046397406,0.47317091386158827,2702.0,59224.0,1890.0,1720.0
ANFC_001450.png,0.6522516387458711,0.48395654377413383,0.6906435911861107,0.6179032258680801,0.9605094267288918,0.9376678466806387,20.615528128088304,0.7388743934175842,0.42566200025021056,3831.0,57620.0,2369.0,1716.0
ANFC_001451.png,0.7349928347892897,0.5810187127984376,0.851660516623412,0.6464382410936012,0.9340312859294493,0.9238128662121001,13.005760721560799,0.8165525646104866,0.49375149630646525,6924.0,53619.0,3787.0,1206.0
ANFC_001452.png,0.8174100525658664,0.6912032817124882,0.8654586959815297,0.7744159326216755,0.9698088061925298,0.958648681641256,6.324555320336759,0.9251815770381142,0.5614124781987504,6066.0,56760.0,1767.0,943.0
ANFC_001454.png,0.8536015442595142,0.7445941156071262,0.8158865799541879,0.8949723050926774,0.991835991190292,0.9780120849612731,9.997242381542659,0.9566561495442982,0.4880949080659192,4201.0,59894.0,493.0,948.0
ANFC_001455.png,0.7782448765399048,0.6369892473898947,0.7468482098469873,0.8123971476104231,0.9888906935197517,0.9742431640628931,8.94427190999916,0.8424624319572344,0.6283262606097864,2962.0,60886.0,684.0,1004.0
ANFC_001456.png,0.7924800000166016,0.6562872665090385,0.7455968689228365,0.8456547720939637,0.9846501281988581,0.9604187011724791,9.358928295889273,0.9024148967461387,0.6741705029994387,4953.0,57989.0,904.0,1690.0
ANFC_001457.png,0.7210128832250081,0.5637374089740406,0.7702895112623211,0.6776617955416862,0.9878289110661082,0.9808349609377925,11.200345179221818,0.7703696235089409,0.6404932848484701,1623.0,62657.0,772.0,484.0
ANFC_001458.png,0.8234403583029433,0.6998713275037668,0.7826139088989672,0.8687608146055157,0.9827610322403182,0.9572906494147143,8.0,0.92444365060798,0.5769598126046245,6527.0,56210.0,986.0,1813.0
ANFC_001459.png,0.7811607992561719,0.6409055425916074,0.7396396396787328,0.827620967770897,0.9825735443986926,0.9578857421881427,37.114012920750945,0.8453861654050298,0.6774159808847608,4926.0,57850.0,1026.0,1734.0
ANFC_001461.png,0.750112057401377,0.6001434463689899,0.7491047449084366,0.7511220826411306,0.9818399161593332,0.9659729003911444,11.40175425099138,0.8625619557618095,0.6193008639362694,3347.0,59959.0,1109.0,1121.0
ANFC_001462.png,0.8408712449316678,0.7254338582087767,0.8485011426470627,0.8333773435657015,0.9782777079715256,0.9635467529302438,6.0,0.9309204939521522,0.684693658620229,6312.0,56835.0,1262.0,1127.0
ANFC_001463.png,0.8096201069038264,0.6801359058754841,0.8112606745098769,0.8079861611924483,0.977280092790399,0.9597778320318638,6.708203932499369,0.9183452034517238,0.6951488577708266,5605.0,57295.0,1332.0,1304.0
ANFC_001469.png,0.8462204724469992,0.733433426620253,0.8332945646403587,0.8595537071215266,0.9666407036614175,0.9403991699227845,9.31604096093652,0.9428867530041384,0.4740223371259902,10747.0,50883.0,1756.0,2150.0
ANFC_001470.png,0.7423814898601593,0.5903073816928083,0.7670553936199628,0.7192454893768118,0.9649942054679086,0.9442749023446004,53.30187809865567,0.8519169027113919,0.528553428496136,5262.0,56622.0,2054.0,1598.0
ANFC_001471.png,0.7049676733198325,0.5443629929797317,0.6701415902178091,0.7436118784973046,0.9748769222965221,0.9449920654305269,16.278820596099706,0.8207375511196081,0.7109572279184544,4307.0,57624.0,1485.0,2120.0
ANFC_001472.png,0.7050884956078443,0.5445070904588233,0.7593519180940309,0.6580631840474781,0.9730024943352027,0.9593200683599958,40.58568749932175,0.7677450979490608,0.5259650021914942,3187.0,59683.0,1656.0,1010.0
ANFC_001473.png,0.7461412151484169,0.5950759561039612,0.8393055043076079,0.6715932605168213,0.9823170828760235,0.976409912109735,7.713011390885281,0.8533399641568614,0.6734775528165078,2272.0,61718.0,1111.0,435.0
ANFC_001474.png,0.7165636835044286,0.5583165088432495,0.6397935576366268,0.8142695357159071,0.986314401589093,0.9566040039069122,33.24154027718932,0.8022821814719978,0.7111367865596696,3595.0,59097.0,820.0,2024.0
ANFC_001475.png,0.8225739620599508,0.6986204955379194,0.8310448761167039,0.8142739951084046,0.9809952320196597,0.9673309326176861,4.123105625617661,0.9578729149730805,0.7676885456218302,4963.0,58432.0,1132.0,1009.0
ANFC_001476.png,0.8495733027831394,0.7384853853546312,0.8907585470377247,0.8120282445064454,0.9875064733300831,0.9819793701174626,8.54400374531753,0.9523804454165231,0.3549083636471244,3335.0,61020.0,772.0,409.0
ANFC_001477.png,0.882182565646811,0.7892009361769975,0.9326353220204198,0.8369083496123191,0.9847868505475942,0.9807586669924812,6.0,0.9974806033764663,0.531127344916751,4721.0,59554.0,920.0,341.0
ANFC_001478.png,0.8511492970429853,0.7408702409037983,0.8484354145264074,0.8538805970367342,0.9833483577979802,0.9694671630864035,11.418167086196497,0.9514965607626403,0.5774844606016352,5721.0,57814.0,979.0,1022.0
ANFC_001479.png,0.782237404021248,0.6423562414850236,0.9105367794129853,0.6856287427502779,0.9934913993492408,0.9922180175782439,6.177050983124842,0.9255504154162655,0.6346470210337846,916.0,64110.0,420.0,90.0
ANFC_001480.png,0.7896094325912298,0.6523592085765054,0.7984351714235404,0.7809766764247492,0.9800226033775425,0.9651489257817819,6.252017483325153,0.8924676443304453,0.6943717863552431,4286.0,58966.0,1202.0,1082.0
ANFC_001481.png,0.7779230482090098,0.6365581538076481,0.7526201662897325,0.8049864708533077,0.9831838938704845,0.9637145996099288,5.0,0.9316919308255642,0.7090459676298105,4165.0,58993.0,1009.0,1369.0
ANFC_001482.png,0.8247360934472758,0.7017454453176525,0.8693181818388072,0.7845036319919522,0.9744425675679993,0.9642791748052326,10.138773664759684,0.8781349415288353,0.5617731260772736,5508.0,57687.0,1513.0,828.0
ANFC_001483.png,0.671052631631731,0.5049504951690532,0.666985646039239,0.6751695189941331,0.9838784634864204,0.9687194824223524,14.317821063276353,0.8361012603711411,0.5526024039497871,2091.0,61395.0,1006.0,1044.0
ANFC_001484.png,0.7124620061139864,0.5533522191589514,0.6981177031932051,0.7274081430666812,0.9820994799396453,0.9639129638677383,28.160255680657446,0.6905643458681006,0.610265051936866,2930.0,60241.0,1098.0,1267.0
ANFC_001485.png,0.7741473885315827,0.6315175097993156,0.873284907217303,0.6952238167283735,0.9769811870140737,0.9710998535160661,25.445587811167464,0.8414372355700265,0.7584240148536536,3246.0,60396.0,1423.0,471.0
ANFC_001486.png,0.8025477707746168,0.6702127661638219,0.9161676647423715,0.7140000001906667,0.9933350940700462,0.9919586181641853,4.0,0.9144880377544292,0.7183234084679895,1071.0,63938.0,429.0,98.0
ANFC_001487.png,0.8025477707746168,0.6702127661638219,0.9161676647423715,0.7140000001906667,0.9933350940700462,0.9919586181641853,4.0,0.9144880377544292,0.7183234084679895,1071.0,63938.0,429.0,98.0
ANFC_001488.png,0.7227975147584198,0.5659224149225492,0.7845408957661177,0.6700635061778077,0.9626127558455205,0.9468994140633104,19.72308292331602,0.8172685520899619,0.729111808519858,4537.0,57519.0,2234.0,1246.0
ANFC_001489.png,0.7996043521398217,0.6661173368857265,0.8046449900723762,0.7946264744699048,0.9729832244276309,0.9536285400397702,28.03209187508515,0.8305741715312811,0.6768121826246688,6063.0,56434.0,1567.0,1472.0
ANFC_001490.png,0.7290850230252952,0.5736693927371405,0.7723826715212305,0.6903839948869984,0.9680145343028199,0.9514770507819905,50.187143630565025,0.8566468275134329,0.6268616884281024,4279.0,58077.0,1919.0,1261.0
ANFC_001491.png,0.7039520616561598,0.5431527961753465,0.6661266370101084,0.7463318711622551,0.9711503724479837,0.9366760253915913,18.439088914585774,0.7820753431945222,0.639642460617173,4934.0,56452.0,1677.0,2473.0
ANFC_001492.png,0.8357933579396386,0.717908082426757,0.8422579205829052,0.8294272740713764,0.955288923018712,0.9320983886729112,5.0990195135927845,0.9342773856248826,0.7234834901337642,11325.0,49761.0,2329.0,2121.0
ANFC_001493.png,0.8738597310079401,0.7759776957444068,0.8800957183249213,0.8677114931018106,0.9708368161981826,0.9546356201178798,3.605551275463989,0.9580099940247492,0.8340074893585063,10298.0,52265.0,1570.0,1403.0
ANFC_001494.png,0.8561950935057706,0.748549939464048,0.8680612018724176,0.8446490218753848,0.9584671294256837,0.9398040771493561,5.656854249492381,0.9345953426476253,0.7630134842240278,11744.0,49847.0,2160.0,1785.0
ANFC_001495.png,0.8580581335158968,0.7514026402845377,0.8561624518326443,0.8599622285306929,0.9729867575006287,0.9540252685553892,5.0990195135927845,0.9231897805479816,0.7564723349812301,9107.0,53416.0,1483.0,1530.0
ANFC_001497.png,0.6552913965170708,0.48731107604966667,0.632437971189897,0.6798583792541417,0.921558421531017,0.8612823486349293,23.53720459187964,0.7676972949561416,0.5388047132678198,8641.0,47804.0,4069.0,5022.0
ANFC_001498.png,0.8131126116382374,0.6850798311809457,0.8042369838560691,0.8221863299447775,0.9530720195316295,0.9214477539074487,15.117828514614251,0.8892988702931703,0.543002709526232,11199.0,49189.0,2422.0,2726.0
ANFC_001501.png,0.8944997380882923,0.8091357088884443,0.9354661991962895,0.8569707919444975,0.9747380737120896,0.9692687988285941,4.0,0.9726705533178944,0.8661391641649131,8538.0,54984.0,1425.0,589.0
ANFC_001502.png,0.8944997380882923,0.8091357088884443,0.9354661991962895,0.8569707919444975,0.9747380737120896,0.9692687988285941,4.0,0.9726705533178944,0.8661391641649131,8538.0,54984.0,1425.0,589.0
ANFC_001503.png,0.6228435941768585,0.45226786992967605,0.5694423681313436,0.6872970047478713,0.9705507502511505,0.9296112060557616,51.364370545777454,0.7136004559847541,0.5653293024994885,3809.0,57114.0,1733.0,2880.0
ANFC_001504.png,0.7942650658704823,0.6587393658489231,0.7886574074318684,0.799953040643349,0.9700506186731923,0.946136474610197,13.986803195097812,0.8765941461985332,0.6852332455565777,6814.0,55192.0,1704.0,1826.0
ANFC_001505.png,0.8609283068267192,0.755815733107146,0.8629215446563934,0.8589442560345296,0.9700129413945274,0.9513092041023056,4.0,0.951473764606265,0.8079842864370571,9877.0,52468.0,1622.0,1569.0
ANFC_001506.png,0.8422309805389454,0.7274602847309359,0.8583948713902139,0.8266645826956343,0.9583184560171703,0.9395294189462353,5.830951894845301,0.9210124438860962,0.7954678036603731,10578.0,50995.0,2218.0,1745.0
ANFC_001507.png,0.7127005117166274,0.5536400179049897,0.7787410478981354,0.6569853720948712,0.9437970022761902,0.923751831055851,27.911431375504826,0.8580009070647132,0.6809561167519297,6198.0,54341.0,3236.0,1761.0
ANFC_001508.png,0.8339386513878292,0.7151756229574321,0.8990470799227241,0.7776236331175433,0.9503977283078727,0.9420928955086962,8.246211251235321,0.89495412050226,0.705401311771302,9529.0,52212.0,2725.0,1070.0
ANFC_001509.png,0.82028821702315,0.6953293413538528,0.8312097351709077,0.8096499791089597,0.9766869908289066,0.9611816406255924,4.123105625617661,0.9532351520163976,0.7555972021712338,5806.0,57186.0,1365.0,1179.0
ANFC_001510.png,0.8599216875137922,0.7542654553693577,0.8981530343097491,0.8248122122748718,0.9599564302337268,0.9492340087898372,6.4031242374328485,0.9180372226614669,0.7888875559235798,10212.0,51997.0,2169.0,1158.0
ANFC_001511.png,0.8247181882895949,0.70171951959719,0.8054150550624403,0.8449693060196681,0.9731303987165143,0.9473266601570538,11.661903789690601,0.873316886852725,0.7502190646642043,8121.0,53963.0,1490.0,1962.0
ANFC_001512.png,0.8342682926930324,0.7156606339872726,0.875367882293619,0.7968549796392714,0.9697856932490811,0.9585266113287579,4.0,0.9461808004114362,0.7845953952364229,6841.0,55977.0,1744.0,974.0
ANFC_001513.png,0.8338038541896524,0.7149773708330726,0.8692258477454605,0.8011557966975875,0.9707905268451553,0.9586791992193806,4.0,0.9461457067205359,0.7812489658639318,6793.0,56035.0,1686.0,1022.0
ANFC_001514.png,0.863036593953948,0.7590715667497817,0.8805420929922328,0.8462135587505423,0.9672206493369265,0.9524841308601001,4.049242250247019,0.9281891291513935,0.831805735965323,9811.0,52611.0,1783.0,1331.0
ANFC_001515.png,0.8132768361713788,0.6853130207468088,0.8960473078281906,0.7445047841033741,0.9665708002035769,0.9596557617193657,56.41448971009176,0.8626555743491499,0.7702188624058461,5758.0,57134.0,1976.0,668.0
ANFC_001516.png,0.8652954678488998,0.7625733777754583,0.9137832699701727,0.8216941619094201,0.9620837574530666,0.9543304443366345,6.057933771208739,0.9440048832750005,0.7825647187870036,9613.0,52930.0,2086.0,907.0
ANFC_001517.png,0.8255862822706912,0.7029773833806217,0.9262542436955387,0.7446550417369743,0.9720423680982162,0.9683380126957958,28.3722579001562,0.8687233668540298,0.7769693554997986,4911.0,58550.0,1684.0,391.0
ANFC_001518.png,0.7310572168716244,0.576115193381124,0.8352523404890506,0.6499748786091128,0.9256796401343157,0.9128570556653923,47.007445965920844,0.7591498363566188,0.5563973895035347,7762.0,52063.0,4180.0,1531.0
ANFC_001519.png,0.7634005592383009,0.6173385933207602,0.8239373314724622,0.711150520980808,0.9548736774670579,0.9393157958993635,62.807480944449715,0.7890446561223636,0.5933555862655058,6416.0,55143.0,2606.0,1371.0
ANFC_001520.png,0.8847880299323698,0.7933810375901855,0.9013082687792063,0.8688624954244076,0.9814265646951871,0.9718017578129304,4.00615528128085,0.9317104608232613,0.8372556451916847,7096.0,56592.0,1071.0,777.0
ANFC_001521.png,0.8606842977174454,0.7554396871798416,0.831383800504151,0.8921255180707963,0.9838686829340251,0.9627838134771305,10.295630140987,0.8798208398779369,0.7646946921709841,7534.0,55563.0,911.0,1528.0
ANFC_001522.png,0.7820287170087064,0.6420748403071133,0.7994318182008114,0.7653671804383166,0.9529249126900298,0.9281921386729708,9.219544457292887,0.8774698547709107,0.6218767978623536,8442.0,52388.0,2588.0,2118.0
ANFC_001524.png,0.8387537178878174,0.7222875378130427,0.8103448276040753,0.8692268822769856,0.9764393139365566,0.9495391845710826,6.082762530298219,0.9374556692176738,0.7526728077825477,8601.0,53628.0,1294.0,2013.0
ANFC_001525.png,0.871660859471061,0.7725167267279968,0.9150844800631349,0.8321717091848431,0.9607984607991861,0.9527893066413455,3.1622776601683795,0.9618356248962334,0.8171962699416626,10507.0,51935.0,2119.0,975.0
ANFC_001526.png,0.8263794200606136,0.7041282627446265,0.8870133671687956,0.7735046371331996,0.9518512489382341,0.9417114257821395,7.0710678118654755,0.9293385401634029,0.7949479161233941,9091.0,52625.0,2662.0,1158.0
ANFC_001527.png,0.714938572038997,0.5563458341440656,0.7420229149018082,0.689761795729528,0.9528204949589366,0.9267120361339309,35.0,0.8544533531038002,0.6687353092183684,6023.0,54710.0,2709.0,2094.0
ANFC_001528.png,0.7810177244264712,0.6407129456246986,0.7750794371567091,0.7870477068694345,0.9674211973773461,0.9415588378915168,18.973665961010276,0.8597757596858395,0.5821488199634911,6830.0,54876.0,1848.0,1982.0
ANFC_001529.png,0.7662991235642466,0.6211385095223083,0.7788505747380632,0.7541457985805069,0.9611337884446278,0.9369354248056498,12.0,0.8539053205963895,0.5063484673047783,6776.0,54627.0,2209.0,1924.0
ANFC_001530.png,0.7666229631235604,0.6215641610293752,0.7143106457741167,0.827202910301697,0.9857037755411546,0.9619750976568303,5.0990195135927845,0.891530812489005,0.684652805469236,4093.0,58951.0,855.0,1637.0
ANFC_001531.png,0.6071232877142879,0.43587726208719474,0.4998195598159834,0.773095171707202,0.9864486448647123,0.9452972412117723,60.753595704853,0.6561033396808382,0.553080476420471,2770.0,59181.0,813.0,2772.0
ANFC_001532.png,0.8386256050253011,0.7220975498180857,0.8877315466534693,0.7946676074898106,0.9147252747270597,0.9074096679701629,6.0,0.955490915093484,0.7005618388413675,15767.0,43701.0,4074.0,1994.0
ANFC_001533.png,0.8539039839029804,0.7450544910002038,0.9255694578167745,0.7925388715019758,0.9244059178009568,0.9246826171886493,5.0,0.9376929580053281,0.7520159163345,14425.0,46175.0,3776.0,1160.0
ANFC_001534.png,0.8470224881817385,0.7346392097921403,0.9389443651969369,0.7714938756507359,0.924314775993394,0.9274444580089197,6.0,0.9448941464434869,0.7139624365317572,13164.0,47617.0,3899.0,856.0
ANFC_001535.png,0.8558030480724125,0.7479508196927909,0.8880778588916712,0.8257918552193854,0.9651653064554538,0.9530792236335286,64.8829557605831,0.9183022230233067,0.7597967937092355,9125.0,53336.0,1925.0,1150.0
ANFC_001536.png,0.8147366570027813,0.687388724058799,0.8737388024635796,0.7631990775254758,0.9476616118412615,0.9356994628916062,12.0,0.9078456706435306,0.6586881874605952,9266.0,52056.0,2875.0,1339.0
ANFC_001537.png,0.7938318811638042,0.658143644147371,0.8776160776330401,0.7246509499056247,0.9587455633483866,0.9498138427742033,7.615773105863909,0.9010126075946558,0.6337664367952749,6332.0,55915.0,2406.0,883.0
ANFC_001538.png,0.8051847552843758,0.6738989637657709,0.9086013680819967,0.7229041223109189,0.9592090684401396,0.9539031982428909,11.661903789690601,0.8709536609892907,0.6972567463343741,6243.0,56272.0,2393.0,628.0
ANFC_001539.png,0.8051847552843758,0.6738989637657709,0.9086013680819967,0.7229041223109189,0.9592090684401396,0.9539031982428909,11.661903789690601,0.8709536609892907,0.6972567463343741,6243.0,56272.0,2393.0,628.0
ANFC_001540.png,0.8581872809284834,0.7516007367992632,0.9104334891722872,0.8116120477541569,0.9645606157799772,0.9567871093756595,9.0,0.9031685133321581,0.8017255030738134,8569.0,54135.0,1989.0,843.0
ANFC_001541.png,0.7776137175623904,0.6361440149909489,0.8383485673371317,0.7250843844621527,0.9445330561489537,0.9287567138682747,9.219544457292887,0.8869541760204093,0.6713047357667921,8163.0,52704.0,3095.0,1574.0
ANFC_001542.png,0.8193718580548817,0.6940134907509263,0.8613436584490013,0.7813004271683626,0.9588424437306388,0.9446258544930326,12.0,0.8605794460237262,0.7315892821054515,8231.0,53676.0,2304.0,1325.0
ANFC_001543.png,0.8814142966984961,0.7879720741142339,0.9120061080414834,0.8528081865865773,0.9503402316395283,0.9411468505868357,3.605551275463989,0.9709682743395269,0.8374676171098991,14334.0,47345.0,2474.0,1383.0
ANFC_001544.png,0.8803722051184772,0.7863079222848246,0.85340687865974,0.9090971934253355,0.9737661094048246,0.9454650878914572,4.0,0.9558568656173658,0.7682640525917884,13151.0,48811.0,1315.0,2259.0
ANFC_001545.png,0.8091181002533708,0.6794276581414547,0.8204963235459103,0.7980511353658098,0.9586687646377585,0.9357299804697308,7.810249675906654,0.9087986376306582,0.6818779820329246,8927.0,52397.0,2259.0,1953.0
ANFC_001546.png,0.8535808173403338,0.7445625738486163,0.9040668241727922,0.8084351893912453,0.9527047164899652,0.943908691407106,4.47213595499958,0.9601554723113527,0.7733927146083545,10715.0,51145.0,2539.0,1137.0
ANFC_001547.png,0.841402102456091,0.7262244340762138,0.9085801063091435,0.7834741046432611,0.9368483367082296,0.9311676025401129,7.0390872965260245,0.9283736924886334,0.7903066538744723,11966.0,49059.0,3307.0,1204.0
ANFC_001548.png,0.8220888126633272,0.6979208802121252,0.8024369826246455,0.8427273615470618,0.9706123939039771,0.9430236816414945,5.89011873164943,0.8935955298491894,0.7426272882448773,8627.0,53175.0,1610.0,2124.0
ANFC_001549.png,0.7975402962919249,0.6632573996851653,0.8710695024044908,0.7354583727351612,0.9447306539348268,0.933685302735387,7.003553390593255,0.9031857762442889,0.6845523333315445,8560.0,52630.0,3079.0,1267.0
ANFC_001550.png,0.8366156090519413,0.7191222570753039,0.8894920511933412,0.7896729776428852,0.955740673669762,0.9453125000008346,8.015564437074637,0.9278556327839763,0.7693384145657105,9176.0,52776.0,2444.0,1140.0
ANFC_001551.png,0.8420008267944605,0.7271169498981067,0.8751396408116233,0.8112801720854552,0.9560474220309088,0.941680908204015,8.0,0.9261727447952262,0.7688132117131972,10184.0,51530.0,2369.0,1453.0
ANFC_001552.png,0.8127075158607978,0.6845048939005333,0.8424593241798405,0.784985422771868,0.9750608683894383,0.962127685547453,6.708203932499369,0.9176336564099484,0.710558185316244,5385.0,57669.0,1475.0,1007.0
ANFC_001553.png,0.8408560465271231,0.7254112347467468,0.88404591583064,0.80168967339506,0.9508726688352418,0.9386138916024993,25.0,0.881510731269911,0.771778380884555,10628.0,50885.0,2629.0,1394.0
ANFC_001554.png,0.8235841082069492,0.7000790400445441,0.9125222440842444,0.7504428868712592,0.9409394994451058,0.9363098144540969,6.324555320336759,0.9260364230440077,0.7006738538897794,9743.0,51619.0,3240.0,934.0
ANFC_001555.png,0.7921808326725763,0.6558770171244269,0.8568042908997375,0.7366219839424534,0.957301065735543,0.9450073242195892,8.0,0.8758323223448694,0.7112249504682202,6869.0,55063.0,2456.0,1148.0
ANFC_001556.png,0.8289813190303963,0.7079146836146735,0.8728537274643715,0.7893081761213337,0.9619412788021099,0.9494323730476467,8.06225774829855,0.9041706335087564,0.7460654700884553,8032.0,54190.0,2144.0,1170.0
ANFC_001557.png,0.8289813190303963,0.7079146836146735,0.8728537274643715,0.7893081761213337,0.9619412788021099,0.9494323730476467,8.06225774829855,0.9041706335087564,0.7460654700884553,8032.0,54190.0,2144.0,1170.0
ANFC_001558.png,0.6807560138005573,0.5160197969481585,0.6229559749613347,0.7503787879733415,0.989431650522974,0.9716491699223077,13.92838827718412,0.7710414576613915,0.6657607022114044,1981.0,61697.0,659.0,1199.0
ANFC_001559.png,0.8102473498568468,0.6810216811164177,0.8843038951468168,0.7476361265902719,0.9877031600021019,0.9836120605471251,9.219544457292887,0.8670420435379173,0.8333196389344999,2293.0,62169.0,774.0,300.0
ANFC_001560.png,0.6651803278908078,0.4983297308411938,0.7308357349091015,0.6103489771828702,0.9447402553084726,0.9220886230480639,32.161987500967335,0.7668129245402642,0.5417006855111866,5072.0,55358.0,3238.0,1868.0
ANFC_001561.png,0.7999286733327421,0.6665676077513695,0.8450598097536913,0.7593736775489316,0.9482328520193698,0.931518554688545,6.0,0.8976233695188879,0.7278853214314587,8972.0,52076.0,2843.0,1645.0
ANFC_001562.png,0.7908094435164077,0.653999023802106,0.8478575302976082,0.7409543371985342,0.9398061460524323,0.9242858886730304,10.573194021587385,0.9309012840273496,0.5332001785037005,9379.0,51195.0,3279.0,1683.0
ANFC_001563.png,0.8584300341361352,0.7519732121699775,0.8938589840889065,0.8257025299986254,0.963789466027139,0.9525299072272869,34.893639695910245,0.9448029228811331,0.6576297985271242,9432.0,52993.0,1991.0,1120.0
ANFC_001564.png,0.7563373790323907,0.6081531810243171,0.8280908326613808,0.6960271455257985,0.9639207262847759,0.9515991210944886,63.64746607907374,0.8266793276733243,0.5361373461815644,4923.0,57441.0,2150.0,1022.0
ANFC_001565.png,0.7659316511505697,0.6206557780153928,0.8034976152935616,0.7317214420541883,0.9687236269120494,0.9528656005866568,9.0,0.7988631344824648,0.5647165520814328,5054.0,57393.0,1853.0,1236.0
ANFC_001566.png,0.8128085971672373,0.6846483180813886,0.9188967328978991,0.7286811613424449,0.9649423837166298,0.9606628417974753,7.0,0.9167686098101623,0.6720066135991922,5597.0,57361.0,2084.0,494.0
ANFC_001567.png,0.7420900237040227,0.5899388968284976,0.8445775913907038,0.6617840375904428,0.9370180622836283,0.9252471923839533,18.365724718735137,0.873480558447434,0.5974879440988875,7048.0,53589.0,3602.0,1297.0
ANFC_001568.png,0.8170498954996773,0.6906883835754936,0.8469945355479566,0.7891502809358936,0.9800594398050763,0.9692840576176563,4.242640687119285,0.9311040671864352,0.8270461677085778,4495.0,59028.0,1201.0,812.0
ANFC_001569.png,0.7666151468527489,0.6215538847675728,0.7262704565501688,0.8117058144374845,0.983626592556903,0.9608306884771602,74.05670833384805,0.7822807817976675,0.5578419480208916,4216.0,58753.0,978.0,1589.0
ANFC_001570.png,0.8616786935160138,0.7569731749957329,0.8750385683623823,0.8487206344682448,0.9828800758630596,0.9722137451176116,7.0,0.9945940910253306,0.6277801699857997,5672.0,58043.0,1011.0,810.0
ANFC_001571.png,0.7240373395767185,0.5674439872465199,0.7032157529815533,0.7461295656476583,0.9711168493600711,0.9422607421883812,12.727922061357855,0.8262942061115238,0.6725721453054809,4964.0,56788.0,1689.0,2095.0
ANFC_001572.png,0.7108087255586162,0.5513601741511034,0.730957876553526,0.6917406143765542,0.9614702068124792,0.9370880126962725,20.90205402701187,0.8001218429258141,0.6461717257347116,5067.0,56346.0,2258.0,1865.0
ANFC_001573.png,0.7346077458124867,0.5805375712025627,0.7491139241141483,0.720652703428969,0.9813756373204726,0.9673767089848729,76.40310994482613,0.8325973023751677,0.6174514965580479,2959.0,60439.0,1147.0,991.0
ANFC_001574.png,0.7346077458124867,0.5805375712025627,0.7491139241141483,0.720652703428969,0.9813756373204726,0.9673767089848729,76.40310994482613,0.8325973023751677,0.6174514965580479,2959.0,60439.0,1147.0,991.0
ANFC_001575.png,0.8441991251984796,0.7304018742601546,0.8291734861233278,0.8597793805982648,0.9891010420790611,0.9771728515628484,4.47213595499958,0.9408258364984288,0.7816054064496727,4053.0,59987.0,661.0,835.0
ANFC_001576.png,0.8365117789551566,0.7189688420055852,0.8605442177040156,0.8137851809518915,0.9717122713951607,0.9577484130865823,4.894427190999772,0.9285703197841807,0.8541866479032095,7084.0,55683.0,1621.0,1148.0
ANFC_001577.png,0.7473209250096521,0.5965781180254273,0.866957470039922,0.6566991574993062,0.9659070400819362,0.9589843750006259,11.0,0.839501518100772,0.49878744068690367,3975.0,58873.0,2078.0,610.0
ANFC_001578.png,0.8449121696532318,0.7314700644107776,0.8569135703509418,0.8332422941995129,0.9597362223276545,0.9401855468759128,7.211102550927978,0.9261863591749454,0.5222389871510358,10678.0,50938.0,2137.0,1783.0
ANFC_001579.png,0.795199818872682,0.6600263108757728,0.8381861575372093,0.7564074951802275,0.9604241024571274,0.9447937011727174,5.0,0.9295014734518141,0.7592394560264047,7024.0,54894.0,2262.0,1356.0
ANFC_001580.png,0.7872584487966771,0.6491559953944768,0.7871889889205596,0.7873279209694092,0.9798727221102762,0.9632110595708739,5.014852927038927,0.8990587096650982,0.7806277038778291,4461.0,58664.0,1205.0,1206.0
ANFC_001581.png,0.8108144371520989,0.6818233104274147,0.825659243089813,0.7964940029265198,0.9734785371974942,0.9569702148444067,9.283875459721944,0.9004962225102385,0.7707516032153056,6043.0,56673.0,1544.0,1276.0
ANFC_001582.png,0.7728155340006341,0.6297468354962965,0.747736976985869,0.7996347032329435,0.9816189407017037,0.9607238769537244,8.784164644126472,0.8814241983416943,0.7365255265652443,4378.0,58584.0,1097.0,1477.0
ANFC_001583.png,0.835904383173714,0.7180719273430384,0.852634394236192,0.8198182753454639,0.9613026749395,0.9427032470711869,5.0,0.9285750808258791,0.7259764117202141,9564.0,52217.0,2102.0,1653.0
ANFC_001584.png,0.8053009271486407,0.6740617327539405,0.8032392894667462,0.8073731751068823,0.9672301039922948,0.943283081055553,20.615528128088304,0.8746329852237895,0.7606356677992474,7687.0,54132.0,1834.0,1883.0
ANFC_001585.png,0.7783783784304633,0.6371681417325248,0.7976878613691293,0.759981643065635,0.9917585880871138,0.9856109619142822,9.081908183646023,0.9079633153324291,0.6936136529392825,1656.0,62937.0,523.0,420.0
ANFC_001586.png,0.7725581797930134,0.629405131148942,0.7746356697129362,0.770491803318293,0.9777487786927366,0.9598846435552997,46.238512086787566,0.8022219137598477,0.6386640678965422,4465.0,58442.0,1330.0,1299.0
ANFC_001587.png,0.649196141535499,0.4805998573004999,0.6456667733784245,0.6527643066108102,0.9827909436141776,0.9667053222661331,70.05140825313502,0.7086359412896794,0.5633726495572652,2019.0,61335.0,1074.0,1108.0
ANFC_001588.png,0.8182473483865464,0.6924015336890202,0.8862368949618029,0.7599464422800408,0.9794440895618652,0.9730682373050985,9.002769256906868,0.8939291702684948,0.7272462095981305,3973.0,59798.0,1255.0,510.0
ANFC_001589.png,0.8122466396615909,0.6838512664480237,0.8124199744318352,0.8120733788796771,0.9855217748564418,0.9731445312504099,6.037243138634202,0.9241977508407121,0.5792595595452463,3807.0,59969.0,881.0,879.0
ANFC_001590.png,0.8552160748792171,0.7470545804583969,0.8432623151250832,0.867513611633741,0.9836849072500957,0.9678955078129899,7.211102550927978,0.9069713535971698,0.6144696268593596,6214.0,57218.0,949.0,1155.0
ANFC_001591.png,0.7979645684321556,0.6638444654023449,0.8316637203237746,0.7668900561914708,0.9787079162878863,0.9672851562504993,5.0,0.9340359140778342,0.7017228760702526,4234.0,59158.0,1287.0,857.0
ANFC_001592.png,0.7925140631985598,0.6563339903858925,0.7620137300266249,0.825557809369944,0.987254853529825,0.9707336425785716,6.708203932499369,0.9104749790827444,0.7425370646987314,3663.0,59955.0,774.0,1144.0
ANFC_001593.png,0.7879512312244916,0.6500986194674168,0.7984496125007513,0.7777253422474162,0.9925794050921259,0.9864654541017691,5.0,0.9261955244717602,0.681238114192153,1648.0,63001.0,471.0,416.0
ANFC_001594.png,0.8016802016353022,0.6690035520967468,0.7809908337209743,0.8234955701503285,0.9727879088914215,0.9459686279305121,9.0,0.86186324270198,0.767143985601384,7157.0,54838.0,1534.0,2007.0
ANFC_001595.png,0.7558048711385497,0.6074649013117835,0.8101689755198404,0.7082778813270857,0.9628266657628364,0.9475250244148633,17.087932076467766,0.832512283102664,0.5834863238862645,5322.0,56775.0,2192.0,1247.0
ANFC_001596.png,0.8615768324884594,0.7568159688708841,0.8914695340657391,0.8336238101845256,0.9788084219876914,0.9695129394535903,3.605551275463989,0.959396365037925,0.868855097642689,6218.0,57320.0,1241.0,757.0
ANFC_001597.png,0.7814238042471798,0.6412596988222639,0.7961843596909361,0.7672005824959591,0.9787689651741515,0.9640197753911741,17.08206993803656,0.878159094830712,0.6879321519222551,4215.0,58963.0,1279.0,1079.0
ANFC_001598.png,0.8865850388876052,0.7962754856644284,0.9297094658051154,0.8472839084647619,0.9851497483432975,0.980636596679983,4.47213595499958,0.9774578432684978,0.6641651614519011,4960.0,59307.0,894.0,375.0
ANFC_001599.png,0.7635100796405633,0.6174818468807396,0.820797668945402,0.713697545571861,0.9698892497298711,0.9573974609381501,8.06225774829855,0.8371754792135284,0.721231962709356,4507.0,58237.0,1808.0,984.0
ANFC_001600.png,0.7528774543550264,0.6036916396656926,0.834417208687135,0.6858552632870661,0.9879755103327513,0.9832916259768175,15.205562519341115,0.9183093539855927,0.5849327530755832,1668.0,62773.0,764.0,331.0
ANFC_001601.png,0.7775411423470394,0.6360468800646035,0.7603180614311557,0.7955625991301258,0.9917958502266986,0.9824676513674552,9.294597293460168,0.8792319131885605,0.8030563824267535,2008.0,62379.0,516.0,633.0
ANFC_001602.png,0.641912512807245,0.47265917622746856,0.6638611259001257,0.6213687840367461,0.9879154553313756,0.978515625000328,74.07252033978281,0.7086736656271445,0.6753844161000211,1262.0,62866.0,769.0,639.0
ANFC_001603.png,0.8113651647718356,0.6826025459988116,0.8413528591537247,0.7834415584649955,0.9648528068579209,0.9486389160164088,4.47213595499958,0.9262815851851212,0.7844517079943367,7239.0,54931.0,2001.0,1365.0
ANFC_001604.png,0.7884820951504221,0.6508216610068577,0.8563343491719149,0.7305930420043837,0.9628953875016985,0.9516906738288623,5.656854249492381,0.8893230523104495,0.7394163399411438,5901.0,56469.0,2176.0,990.0
ANFC_001605.png,0.8233041575653443,0.6996745700139975,0.7951743572040905,0.853497164488942,0.987052691369791,0.9704284667973263,10.0,0.8673553462907899,0.7952923915420418,4515.0,59083.0,775.0,1163.0
ANFC_001606.png,0.7282460911175862,0.5726312976650232,0.7463856471439844,0.7109673138027265,0.9708671293591292,0.9512023925788697,19.0,0.7955438706861107,0.5876414184759854,4285.0,58053.0,1742.0,1456.0
ANFC_001607.png,0.8331790672956084,0.7140590676453431,0.8962928921727492,0.7783690302277013,0.9717665401306304,0.9642486572271082,7.0710678118654755,0.9282340301809391,0.6356779015968776,5851.0,57342.0,1666.0,677.0
ANFC_001608.png,0.732038236228591,0.57733463041872,0.8365045807290333,0.6507675439234708,0.968814765254511,0.9602203369146696,5.0,0.8617673507048319,0.6871118820142298,3561.0,59368.0,1911.0,696.0
ANFC_001609.png,0.6805120910838532,0.5157395430108366,0.7301587302410992,0.6371870006294121,0.9781239961455489,0.965728759766148,9.899494936611665,0.7572290520762239,0.6395907716471324,2392.0,60898.0,1362.0,884.0
ANFC_001610.png,0.7449245775496286,0.5935297307801319,0.7612424664438473,0.7292915834489692,0.9800888569471744,0.9656829833989612,11.62708426061997,0.7856604718513583,0.6292511786263226,3284.0,60003.0,1219.0,1030.0
ANFC_001611.png,0.7490209242755935,0.5987477639358233,0.7781911183961424,0.7219585850470321,0.9789499469261215,0.9657745361333349,11.180339887498949,0.7867717600840005,0.6424893790999456,3347.0,59946.0,1289.0,954.0
ANFC_001612.png,0.7411870064527244,0.5887983443812187,0.7853692201888597,0.7017111145827484,0.9676096417815934,0.9514923095710528,9.219544457292887,0.8139521778414965,0.7411910829444351,4552.0,57805.0,1935.0,1244.0
ANFC_001613.png,0.7612430033042614,0.6145216578973945,0.7967676768087337,0.728750923922995,0.9757699798637347,0.9622497558599511,23.560456997492597,0.8437948252311225,0.7751321858949387,3944.0,59118.0,1468.0,1006.0
ANFC_001614.png,0.6688117674478498,0.5024171271577318,0.614832030506057,0.7331821618208157,0.9825830962290909,0.9560241699225461,15.297058540778355,0.7645755922502051,0.6656052424672808,2910.0,59744.0,1059.0,1823.0
ANFC_001615.png,0.7837935858357705,0.6444576979087964,0.7801959773305626,0.7874245263598351,0.9634318869654298,0.9363250732431592,5.830951894845301,0.8974229552081624,0.7615498571259738,7564.0,53799.0,2042.0,2131.0
ANFC_001616.png,0.7975922592373091,0.6633292785942426,0.8298021772410392,0.7677894509078534,0.9623813450781257,0.9450988769539629,5.656854249492381,0.9046102413157222,0.8077006227220918,7089.0,54849.0,2144.0,1454.0
ANFC_001617.png,0.7432659932876039,0.5914266577908337,0.7668924787620476,0.7210517720527435,0.9714280934781206,0.9534606933600852,15.442668145072247,0.794097434420787,0.7570710491438597,4415.0,58071.0,1708.0,1342.0
ANFC_001618.png,0.7688905271088176,0.6245508982485568,0.7806886227873221,0.7574437182632616,0.971625662634708,0.9521636962897926,6.781152949374527,0.9007362322677218,0.7678507450765166,5215.0,57186.0,1670.0,1465.0
ANFC_001619.png,0.7511379849343611,0.6014579480359636,0.7458175931265761,0.7565348296487567,0.9693930218159557,0.9441070556649155,7.148086918349814,0.8489703708239793,0.7098502460392915,5528.0,56345.0,1779.0,1884.0
ANFC_001620.png,0.7528816987105277,0.6036970975184535,0.8326996198092821,0.6870271268339126,0.9722263162208756,0.9627075195318191,7.615773105863909,0.8546944507812202,0.6928887209272402,3723.0,59369.0,1696.0,748.0
ANFC_001621.png,0.8408211841950578,0.7253593429863041,0.8708782743078958,0.8127696290443573,0.9895490520301561,0.9836730957033742,3.0,0.9733710515350846,0.8613011803016687,2826.0,61640.0,651.0,419.0
ANFC_001622.png,0.7720770141150826,0.6287666433726757,0.8730235952631905,0.6920555341897309,0.9740008140012373,0.967666625977056,36.235341863986875,0.769486444348266,0.5979609995424577,3589.0,59828.0,1597.0,522.0
ANFC_001623.png,0.7675070028394287,0.6227272728281478,0.9330929487447545,0.65183319349235,0.9802664974622419,0.9784698486331411,17.589405445582603,0.8543684389722564,0.7293822990006883,2329.0,61796.0,1244.0,167.0
ANFC_001624.png,0.7789356984724018,0.6379153804906635,0.7746416759041583,0.7832775920215657,0.984065834986573,0.9695739746098394,37.29528394450123,0.8447663830929971,0.7521008526322329,3513.0,60029.0,972.0,1022.0
ANFC_001625.png,0.8275258273809271,0.705794504269476,0.8454382827028843,0.810356653014281,0.9911859868349057,0.984970092773667,28.603056451243905,0.9393420918140217,0.778203076068451,2363.0,62188.0,553.0,432.0
ANFC_001626.png,0.8440008678841396,0.730105105155761,0.9288443171134564,0.773359840999332,0.9814174871229475,0.97805786132846,4.0,0.9633327132900544,0.7168781499514101,3890.0,60208.0,1140.0,298.0
ANFC_001627.png,0.8440008678841396,0.730105105155761,0.9288443171134564,0.773359840999332,0.9814174871229475,0.97805786132846,4.0,0.9633327132900544,0.7168781499514101,3890.0,60208.0,1140.0,298.0
ANFC_001628.png,0.8336312909781878,0.7147236414570624,0.8713476783837658,0.7990445529339449,0.9658766268125794,0.9531402587897776,5.830951894845301,0.9438549736690224,0.6471691833772993,7694.0,54771.0,1935.0,1136.0
ANFC_001629.png,0.7753274965587962,0.6330896581774791,0.8120518477920502,0.7417810807731728,0.9648273968848255,0.9479217529304823,7.04974746830582,0.8995408122824555,0.6780331553065589,5889.0,56234.0,2050.0,1363.0
ANFC_001630.png,0.8341667424386686,0.715511190851165,0.8539650037366004,0.815265683329015,0.9620565045999041,0.9443359375008494,4.47213595499958,0.940599590523886,0.77874672701926,9175.0,52713.0,2079.0,1569.0
ANFC_001631.png,0.7914294057602778,0.6548474781241409,0.8302190228342611,0.7561026642658598,0.9333625519277914,0.9128112792982055,7.0710678118654755,0.884330923930683,0.7083302191003493,10841.0,48981.0,3497.0,2217.0
ANFC_001632.png,0.7765711050606531,0.6347496845069626,0.8645427458326217,0.704849107754382,0.9443935926783243,0.9337615966806984,25.96150997149434,0.8687449366876872,0.7343829757185184,7544.0,53651.0,3159.0,1182.0
ANFC_001633.png,0.7459559798574226,0.5948403468249214,0.8726990692996175,0.6513584439910961,0.9191458131973088,0.9122924804700884,21.344687348264873,0.855436547981045,0.6491598179806801,8439.0,51349.0,4517.0,1231.0
ANFC_001634.png,0.8340131137470178,0.7152851576589369,0.8664449689051228,0.8039215686469671,0.96495534920189,0.9509429931648111,9.470977425970569,0.8982335059496984,0.7777121486067538,8077.0,54244.0,1970.0,1245.0
ANFC_001635.png,0.871423397324986,0.7721437740855696,0.9144425675747937,0.8322699669588539,0.9593638259840702,0.9512481689460565,4.242640687119285,0.942753670292408,0.8130031966964808,10827.0,51514.0,2182.0,1013.0
ANFC_001636.png,0.8006230529750293,0.6675324675756451,0.796652200899465,0.8046336881958933,0.9788775302962075,0.9609375000005962,8.564017153551502,0.8983226044929177,0.7429693401811613,5140.0,57836.0,1248.0,1312.0
ANFC_001637.png,0.7787994891537335,0.6377326919307166,0.7571393096798991,0.8017354720131707,0.9576840332998282,0.9207153320324599,10.295630140987,0.9053585752981466,0.743655153611186,9147.0,51193.0,2262.0,2934.0
ANFC_001638.png,0.7628616553055256,0.6166340721633727,0.7676337323481685,0.7581485439648579,0.9286488403726448,0.8923187255875806,13.601470508735444,0.8385511999688605,0.49099382677647885,11351.0,47128.0,3621.0,3436.0
ANFC_001639.png,0.83992946709248,0.7240331025397709,0.8342089900920209,0.8457289406346686,0.9716964059507819,0.950134277344511,5.0,0.9315495237302566,0.7532780442271904,8574.0,53694.0,1564.0,1704.0
ANFC_001640.png,0.7748979459672488,0.6325170571940277,0.8074949358671509,0.7448305929406558,0.9192327406079873,0.8939819335953678,12.36931687685298,0.8587080100663859,0.5544755387964246,11959.0,46629.0,4097.0,2851.0
ANFC_001641.png,0.7999759369668547,0.6666332464741695,0.8423919929250738,0.761626575055942,0.9638984785669743,0.9492645263679618,19.383743581975683,0.8348008580767187,0.5200779353567381,6649.0,55562.0,2081.0,1244.0
ANFC_001642.png,0.7906432748644473,0.6537717601838557,0.8576787290536542,0.7333270446435877,0.9499397931727238,0.9371795654306462,9.433981132056603,0.8944369155852938,0.6247894744672308,7774.0,53645.0,2827.0,1290.0
ANFC_001643.png,0.7905323039521266,0.653620023546647,0.8549769281635929,0.7351218590841563,0.9503136407139258,0.9370727539072103,17.0,0.8876103992115356,0.6222501205072702,7782.0,53630.0,2804.0,1320.0
ANFC_001644.png,0.7476885373873405,0.5970467888634543,0.7585037857657924,0.7371773750975094,0.957785735707344,0.9308776855479298,19.07350294090185,0.798326838496326,0.43976017198112327,6712.0,54294.0,2393.0,2137.0
ANFC_001645.png,0.7270070050029226,0.5711005542699049,0.6818869351784943,0.778521316807499,0.9626623967400076,0.9173431396496988,20.0,0.8501260081961428,0.6818590923661401,7213.0,52906.0,2052.0,3365.0
ANFC_001646.png,0.7778611754796246,0.6364753004199479,0.8142378902907537,0.7445957765997379,0.9196840802389107,0.8961334228531475,10.44030650891055,0.8660882343384786,0.5260809602598157,11918.0,46811.0,4088.0,2719.0
ANFC_001647.png,0.7366969500538046,0.5831514062433348,0.8781666989212595,0.6344837222810558,0.9566636295873989,0.9504699707038808,59.22837157984339,0.8251046226105563,0.7285728953588042,4541.0,57749.0,2616.0,630.0
ANFC_001648.png,0.8201223318162374,0.6950909860992189,0.8685880486862538,0.7767793805209791,0.984713540823514,0.9780120849612731,6.4031242374328485,0.9004296105214871,0.608602355589959,3285.0,60810.0,944.0,497.0
ANFC_001649.png,0.8185413920048198,0.6928227417252646,0.8817461504138516,0.7637917638223528,0.969004367257991,0.9600982666021715,4.0,0.9122595514573028,0.7824691781793107,5898.0,57023.0,1824.0,791.0
ANFC_001650.png,0.7278868482736147,0.572187188990313,0.7456747405944314,0.7109278351707515,0.9889124383147394,0.9803314208987377,7.0,0.7903173390993947,0.4889265949961884,1724.0,62523.0,701.0,588.0
ANFC_001651.png,0.8246020057630548,0.7015513126847791,0.8887377173259656,0.769099947701583,0.9700446360385933,0.9618377685552699,4.123105625617661,0.9309978724771224,0.854909268303264,5879.0,57156.0,1765.0,736.0
ANFC_001652.png,0.7725315403964244,0.6293697686325247,0.8476458886194221,0.7096460791520269,0.9648426996510345,0.9540557861335136,25.10748651771152,0.8667485348318958,0.5142994774451305,5113.0,57412.0,2092.0,919.0
ANFC_001653.png,0.7652054452500808,0.6197026398685443,0.8572827760098947,0.6909890605964826,0.9530733528583625,0.9426269531258755,10.04987562112089,0.8718288575208494,0.6149071181233378,6127.0,55649.0,2740.0,1020.0
ANFC_001654.png,0.7868179362564339,0.6485571784980158,0.799736423052016,0.7743101706749795,0.9103011093521332,0.8795776367205876,13.601470508735444,0.8899623946345085,0.5249541244223739,14564.0,43080.0,4245.0,3647.0
ANFC_001655.png,0.7468159325264204,0.5959347488871136,0.7780594996994491,0.7179847138171916,0.9696746058374761,0.9523773193366643,7.0710678118654755,0.8346878320296419,0.7238074024721957,4603.0,57812.0,1808.0,1313.0
ANFC_001656.png,0.7747484583110396,0.6323178808434016,0.8500712250979218,0.711687537311913,0.9677236315092169,0.9576416015631465,5.0,0.8549008156704644,0.7769986294410267,4774.0,57986.0,1934.0,842.0
ANFC_001657.png,0.8574002342259797,0.7503941974534225,0.8014482991240404,0.9217509200229032,0.9932212490353163,0.9758453369144312,4.0,0.9742777390707034,0.8256539820880167,4759.0,59194.0,404.0,1179.0
ANFC_001658.png,0.8169362316043127,0.6905259492005353,0.9119135234793206,0.739876842743072,0.9772177551157545,0.9728851318363514,8.423567246062785,0.919499057243157,0.7852229688637263,3965.0,59794.0,1394.0,383.0
ANFC_001659.png,0.7744904102616973,0.6319741736520476,0.8720705016587187,0.6965501237858486,0.92894403187957,0.919982910157471,10.207798138565703,0.856008577910144,0.5440735886393503,9005.0,51287.0,3923.0,1321.0
ANFC_001660.png,0.6783099202864723,0.5132140512546607,0.7231409737801386,0.6387129724577413,0.9378262933091138,0.9095001220716935,11.661903789690601,0.7889402834426424,0.48758888320952243,6253.0,53352.0,3537.0,2394.0
ANFC_001661.png,0.7542313117282942,0.6054344750063071,0.8630219891339476,0.6697980272945361,0.9651859555297184,0.9574584960943993,12.771921916437755,0.804334247360238,0.6397934945050351,4278.0,58470.0,2109.0,679.0
ANFC_001662.png,0.6495318173466911,0.4809678789470825,0.6091397850162832,0.6956610725141913,0.9751984788849289,0.9440307617196041,10.12395732415323,0.7940056013832181,0.49995222325354605,3399.0,58469.0,1487.0,2181.0
ANFC_001663.png,0.7267432454516467,0.5707750953531416,0.6949257426214533,0.7616141065171899,0.9761985373785178,0.9484558105476616,23.758102445202894,0.7996000223212493,0.6021457925381934,4492.0,57666.0,1406.0,1972.0
ANFC_001664.png,0.6724662281864017,0.5065530101751142,0.7506710879913673,0.6090187036114504,0.9484485583509543,0.9293365478526409,40.0149953154274,0.7849995115377851,0.378897632495258,4754.0,56151.0,3052.0,1579.0
ANFC_001666.png,0.7564213564389306,0.6082617777200903,0.7998169057369825,0.7174924719795384,0.9650062731008612,0.9484863281257861,13.152946437965905,0.8910935165242705,0.6649557731908736,5242.0,56918.0,2064.0,1312.0
ANFC_001667.png,0.7075575027595796,0.5474576271697789,0.7761935277513308,0.6500737958338825,0.9560157857463485,0.9388885498056201,11.180339887498949,0.7999325691133838,0.6176953032165149,4845.0,56686.0,2608.0,1397.0
ANFC_001668.png,0.7735529556824544,0.630726747881169,0.8626609442295861,0.7011301800333292,0.9641272127419717,0.9551086425788101,13.425660997185524,0.9208992609710901,0.6042930349978027,5025.0,57569.0,2142.0,800.0
ANFC_001669.png,0.7618436256411707,0.6153048527980812,0.88448352960434,0.6690720487462992,0.9501079436321739,0.9433898925789889,34.3434922333838,0.873982913911448,0.6756103859701797,5934.0,55892.0,2935.0,775.0
ANFC_001670.png,0.7721371072596639,0.6288463572349745,0.8837865953509011,0.6855331412466245,0.9536109646818642,0.9464416503914423,6.082762530298219,0.8783855529196234,0.7166444033596825,5947.0,56079.0,2728.0,782.0
ANFC_001671.png,0.7256778309628646,0.5694618273379898,0.8793969849479325,0.6177029595957504,0.9533481329320873,0.947509765625801,6.708203932499369,0.8317617153864911,0.5974987761773755,4550.0,57546.0,2816.0,624.0
ANFC_001672.png,0.797598453261667,0.6633378470441201,0.8375721308318931,0.7612665113128853,0.9798051169137518,0.9696502685551507,5.0,0.9180710872990842,0.5889949502769029,3919.0,59628.0,1229.0,760.0
ANFC_001673.png,0.757465162594769,0.6096128171415738,0.7679112008462982,0.7472995090429951,0.9740896123515004,0.9553833007819309,9.496212632517471,0.8882936199192355,0.602594860605291,4566.0,58046.0,1544.0,1380.0
ANFC_001674.png,0.7537971805589998,0.6048752007583017,0.7676917377236585,0.7403966411040921,0.9758389038548698,0.9586944580084429,40.19576936163985,0.8900255433257824,0.6864807235550661,4144.0,58685.0,1453.0,1254.0
ANFC_001675.png,0.8117848578409191,0.6831968631434441,0.8569362071666518,0.7711533455127372,0.9700117701248655,0.9580841064459522,6.324555320336759,0.9303181374297808,0.7357965602856623,5924.0,56865.0,1758.0,989.0
ANFC_001677.png,0.7422137918532574,0.5900953493296268,0.8474221042549361,0.6602438493729323,0.946538995187541,0.9357147216806685,67.15950358865771,0.7798642790929464,0.539525412528346,6065.0,55258.0,3121.0,1092.0
ANFC_001678.png,0.8199537496068766,0.6948488242450823,0.8712848116378925,0.7743344426426092,0.9822894732549452,0.9750518798831933,5.0990195135927845,0.9389219152287825,0.5815438769547524,3723.0,60178.0,1085.0,550.0
ANFC_001679.png,0.8309119765699602,0.7107351712916943,0.898837823573846,0.7725312145547638,0.9654268166454105,0.95773315429752,5.830951894845301,0.9568887463555903,0.7321680568901192,6806.0,55960.0,2004.0,766.0
ANFC_001680.png,0.7628262826816322,0.6165878502667924,0.7516629712852937,0.7743261764393211,0.9921935494067383,0.9839172363283705,31.554382998952434,0.8149350439496913,0.6092140143485765,1695.0,62787.0,494.0,560.0
ANFC_001681.png,0.8570666311040441,0.7498832866771845,0.9287366290938514,0.7956656347002272,0.971851649664406,0.9673004150395615,5.830951894845301,0.9433844302916685,0.8122940755857806,6425.0,56968.0,1650.0,493.0
ANFC_001682.png,0.7769578671877554,0.6352666407517257,0.8493364559134353,0.7159464795222695,0.955229040623073,0.9428100585946227,70.60453243241541,0.8157667788167658,0.6948537382618553,6528.0,55260.0,2590.0,1158.0
ANFC_001683.png,0.825000000012429,0.7021276596104779,0.8603169900962351,0.7924682767372809,0.9741260525648698,0.9624023437505738,8.273769561268558,0.9279178223545493,0.6553948254044675,5808.0,57264.0,1521.0,943.0
ANFC_001684.png,0.9031188605167535,0.8233516176174464,0.9501356413964429,0.8605358605521779,0.979375378493306,0.9759216308597425,3.605551275463989,0.9628516581428269,0.8179451109415757,7355.0,56603.0,1192.0,386.0
ANFC_001685.png,0.8691588785182597,0.7685950413648127,0.867537313460295,0.8707865168808184,0.989771379628578,0.9807739257815434,4.0,0.9577960330379883,0.7968259912304985,4185.0,60091.0,621.0,639.0
ANFC_001686.png,0.7457556936344191,0.594585671972735,0.8443506798666899,0.6677790138421287,0.9858681765849271,0.981262207031536,6.4031242374328485,0.8743944483383729,0.588191516369398,1801.0,62507.0,896.0,332.0
ANFC_001687.png,0.8187656641745954,0.6931441453795062,0.8767192217583497,0.7679988246006467,0.9734951488909005,0.9646911621099139,4.123105625617661,0.9332547632029183,0.7456930679397961,5227.0,57995.0,1579.0,735.0
ANFC_001688.png,0.8129353963618878,0.6848282678916694,0.8426573426812622,0.785238702396198,0.9742867804203961,0.9610748291021566,6.0,0.9164016178042331,0.6372436859129468,5543.0,57442.0,1516.0,1035.0
ANFC_001689.png,0.8229740362059029,0.699197861002781,0.8316107489534726,0.8145148731016174,0.9798977163404071,0.965667724609899,8.94427190999916,0.9647854439128513,0.6208757658078997,5230.0,58056.0,1191.0,1059.0
ANFC_001690.png,0.704977741828816,0.5443750000569532,0.6997107969634141,0.7103245800505098,0.970056649582377,0.9443817138680363,20.615528128088304,0.8110810876520326,0.3556362067067013,4355.0,57536.0,1776.0,1869.0
ANFC_001691.png,0.8684381075911576,0.7674684994538983,0.8846052284282274,0.8528513238476513,0.9800558986925907,0.9690246582035977,4.0,0.962494698950393,0.8456218106588143,6700.0,56806.0,1156.0,874.0
ANFC_001692.png,0.797934366183919,0.6638026608470613,0.8627521614327262,0.7421753951837077,0.9867431485024419,0.98149108886747,7.0,0.9218143148421775,0.7715574639836732,2395.0,61928.0,832.0,381.0
ANFC_001693.png,0.8112724167579769,0.6824712644248435,0.9110525054157149,0.7311910718239001,0.9772345799726679,0.9730224609379118,4.242640687119285,0.9396688054587327,0.7288617162342953,3800.0,59968.0,1397.0,371.0
ANFC_001694.png,0.802016498670482,0.6694720735770957,0.858263854900312,0.7526881721493816,0.9909444540688388,0.9868164062502013,7.7118298293979315,0.8643687464220751,0.7521527179536761,1750.0,62922.0,575.0,289.0
ANFC_001695.png,0.6939543637511281,0.5313400578057133,0.7298367146314514,0.6614349777302982,0.9881130441629833,0.9801483154299905,11.683301850205114,0.6016416241023173,0.5620355546383347,1475.0,62760.0,755.0,546.0
ANFC_001696.png,0.8406026963149346,0.7250341998517856,0.8132992328320721,0.8698030635285541,0.9962567433667879,0.990798950195453,6.0,0.8847921232562395,0.6902664527304272,1590.0,63343.0,238.0,365.0
ANFC_001697.png,0.6100060278450856,0.4388551606943386,0.7742922725521864,0.5032322230217642,0.9844462781611975,0.9802551269534264,106.08949056739519,0.7192033331159697,0.6139448491621585,1012.0,63230.0,999.0,295.0
ANFC_001698.png,0.7930799883571698,0.6571106458919131,0.7919254658788963,0.7942378820723694,0.9824953630103588,0.9675140380864333,11.180339887498949,0.9015797383441589,0.5340494714073373,4080.0,59327.0,1057.0,1072.0
ANFC_001700.png,0.755813953521388,0.6074766355993313,0.8345774858660563,0.6906350383764183,0.9798671748117795,0.9724426269535456,7.598989945034754,0.931686207406216,0.4947044927875287,2795.0,60935.0,1252.0,554.0
ANFC_001701.png,0.6822369831407248,0.5177235773926103,0.814322250734362,0.5870206491198302,0.9823846746672373,0.9773712158206579,121.19323356146057,0.8602512581450907,0.4898873270422323,1592.0,62461.0,1120.0,363.0
ANFC_001703.png,0.7875234522074287,0.6495164411413864,0.9051212938516866,0.696969697095488,0.9885366121764964,0.986175537109586,5.0,0.903527578338022,0.5824475411783383,1679.0,62951.0,730.0,176.0
ANFC_001704.png,0.8374701422869733,0.7203859210541017,0.8249616368465512,0.8503638089370069,0.9745521063113188,0.9522399902351039,6.708203932499369,0.9213151453846815,0.6671175803583307,8064.0,54342.0,1419.0,1711.0
ANFC_001705.png,0.8424309032506032,0.7277586328343936,0.8773952857489066,0.8101464025827804,0.9548770049504135,0.9409332275399639,6.3481259954656,0.9342182558217976,0.7810254442540739,10348.0,51317.0,2425.0,1446.0
ANFC_001706.png,0.8552342369583573,0.747082298038771,0.8664745437196337,0.8442818243835704,0.9661643708982867,0.9487457275398447,4.47213595499958,0.9363589146434959,0.7584447784380632,9922.0,52255.0,1830.0,1529.0
ANFC_001707.png,0.8819009987991493,0.7887503681369638,0.921444954137449,0.8456114502372541,0.974179808505101,0.9671630859380012,10.04987562112089,0.9678750015102799,0.5569817551747913,8035.0,55349.0,1467.0,685.0
ANFC_001709.png,0.8204643628570307,0.6955825131783255,0.8318620406602435,0.809374791942914,0.9437778606927365,0.9188232421887388,12.76316894743637,0.8954268402811011,0.4912774820525309,12156.0,48060.0,2863.0,2457.0
ANFC_001710.png,0.7564256923123894,0.6082673851146433,0.8480046948535206,0.6826986677045546,0.9411042514392257,0.929000854493271,6.082762530298219,0.821130755362364,0.688184572261022,7225.0,53658.0,3358.0,1295.0
ANFC_001711.png,0.7432706222989257,0.5914325196075977,0.8500496524495146,0.6603239907722359,0.9298248720639983,0.9187927246106142,21.380713062288184,0.8723093780707138,0.5360548933790014,7704.0,52510.0,3963.0,1359.0
ANFC_001712.png,0.8819009987991493,0.7887503681369638,0.921444954137449,0.8456114502372541,0.974179808505101,0.9671630859380012,10.04987562112089,0.9678750015102799,0.5569817551747913,8035.0,55349.0,1467.0,685.0
ANFC_001713.png,0.7377906177096031,0.5845231608082264,0.8760209082201861,0.6372385931989973,0.9486148045923752,0.9418334960946376,96.23460418005209,0.8368044371581274,0.5594155059463621,5363.0,56361.0,3053.0,759.0
ANFC_001714.png,0.8630642954950024,0.759114426692442,0.8957830470118155,0.8326514451850796,0.978322192399461,0.9694519042973412,3.0,0.971807991122539,0.8183780998455846,6309.0,57225.0,1268.0,734.0
ANFC_001715.png,0.8570951027992035,0.7499268792288265,0.8951472128598689,0.8221462163507753,0.970777795339712,0.9608612060552848,4.0,0.9424055151884209,0.8330309973070651,7692.0,55279.0,1664.0,901.0
ANFC_001716.png,0.8557052802119192,0.747801475816456,0.8979245054135302,0.8172779496445782,0.9711328690861453,0.9619293212896435,7.5822067842056,0.9130189288357943,0.7645246064432633,7398.0,55643.0,1654.0,841.0
ANFC_001717.png,0.8018448361387177,0.6692328843362021,0.8935389134017845,0.7272184046228807,0.9854645609121591,0.9816436767580927,5.0,0.9372856670917384,0.7535609455503852,2434.0,61899.0,913.0,290.0
ANFC_001718.png,0.7302706824504126,0.5751388681016155,0.814759676772701,0.6616580311465184,0.9677976131773712,0.956817626953784,55.89454172876652,0.8266938635491243,0.6506811294232289,3831.0,58875.0,1959.0,871.0
ANFC_001719.png,0.610175036870575,0.43903013195879703,0.795309168530785,0.49495753728902403,0.969884951971485,0.9636383056646174,81.0,0.7245456540707886,0.5674551765117694,1865.0,61288.0,1903.0,480.0
ANFC_001720.png,0.8544986751716717,0.7459604425245753,0.9083932070616922,0.8066410498218922,0.9499512085281874,0.9421844482430698,5.024754878398197,0.9390906915857772,0.8114261830308475,11126.0,50621.0,2667.0,1122.0
ANFC_001721.png,0.8711934483632348,0.7717827710240345,0.9163669816913634,0.8302644540554471,0.9581925754501168,0.9505615234382545,4.0,0.981406343502645,0.7052907324081091,10957.0,51339.0,2240.0,1000.0
ANFC_001724.png,0.7916893683559737,0.6552035111131363,0.9031990717799437,0.7046880051920668,0.9145876192273314,0.9124908447278979,12.320488498517168,0.8727847475966575,0.6140157677207482,10898.0,48903.0,4567.0,1168.0
ANFC_001725.png,0.780767882197547,0.6403767345143162,0.8930218568384779,0.6935835539874176,0.9291782153282967,0.9236755371105397,10.295630140987,0.9157984047926712,0.7036775372575447,8907.0,51627.0,3935.0,1067.0
ANFC_001726.png,0.8813757183961307,0.787910411833675,0.9189214493100907,0.8467776723452007,0.9676237353027505,0.9596862792974903,6.340269103755963,0.9881816347124577,0.6902050343380792,9815.0,53079.0,1776.0,866.0
ANFC_001727.png,0.8177844386237965,0.6917388548706431,0.8063377391177787,0.829560810825206,0.9621778652429542,0.9332122802744567,17.029386365926403,0.9086813846097965,0.7351168634031277,9822.0,51337.0,2018.0,2359.0
ANFC_001728.png,0.848477330531013,0.7368307659445404,0.8685714285881179,0.8292919495842275,0.9755814155152429,0.9627227783208814,4.0,0.9704714728602195,0.7254841399226077,6840.0,56253.0,1408.0,1035.0
ANFC_001729.png,0.7660114785024119,0.6207606190631577,0.7208679858788961,0.8171868227332915,0.9693690422157173,0.9297027587901353,27.04153885360306,0.8897565066036494,0.677476726636657,7541.0,53388.0,1687.0,2920.0
ANFC_001730.png,0.7425870219304583,0.590567327444415,0.684220946378517,0.8118393234893306,0.9711007684819587,0.9268798828136158,29.0,0.7934499236544377,0.49285868367348556,6912.0,53832.0,1602.0,3190.0
ANFC_001731.png,0.831022408969502,0.7108967831000481,0.7535081592638575,0.926313324492521,0.9810392271078587,0.9263610839854988,10.63014581273465,0.8917302753082441,0.5846213000046765,11867.0,48843.0,944.0,3882.0
ANFC_001733.png,0.8245152809823357,0.7014257758175915,0.8951123796057662,0.7642400243918936,0.9593537206581939,0.9511108398444961,7.0,0.9088863527619326,0.7159671059067323,7527.0,54805.0,2322.0,882.0
ANFC_001734.png,0.7264548777828352,0.5704194262382255,0.7595532041390046,0.6961206898189005,0.9911647215478787,0.9851531982424142,5.0990195135927845,0.7814284988195827,0.7184093627562287,1292.0,63271.0,564.0,409.0
ANFC_001735.png,0.7791994751018374,0.6382692825481674,0.8192480166197834,0.7428839537870241,0.9868767661288556,0.9794616699221885,5.039607805437112,0.9310555493692415,0.5825196020067951,2375.0,61815.0,822.0,524.0
ANFC_001736.png,0.8099907493237751,0.6806592040297482,0.9058555762661172,0.732474485572616,0.973658633016924,0.9686584472661034,4.0,0.9539256666985857,0.7911451342662703,4378.0,59104.0,1599.0,455.0
ANFC_001737.png,0.7625661375923097,0.61624799579258,0.8316903102111828,0.704050478383055,0.9763103442661533,0.9671325683598766,5.0,0.9078049083499924,0.6759018087289264,3459.0,59923.0,1454.0,700.0
ANFC_001738.png,0.7772110480437676,0.635605225934896,0.8344699318382992,0.7273054755534392,0.975056427830452,0.9646759033208516,8.94427190999916,0.8691544852869159,0.5666383591489396,4038.0,59183.0,1514.0,801.0
ANFC_001739.png,0.8112111530916045,0.6823845590807758,0.9214780600720957,0.7245136187485048,0.9830093592515318,0.9801635742190528,5.0,0.9231149624815005,0.7791574338130538,2793.0,61443.0,1062.0,238.0
ANFC_001740.png,0.8670395869477109,0.7652867452467579,0.923888124748332,0.8167815160856177,0.9928655986111141,0.990570068359519,3.0,0.9780696713895292,0.8666362381316275,2015.0,62903.0,452.0,166.0
ANFC_001741.png,0.8112656706489326,0.6824617163587224,0.833156966549151,0.7904953146618154,0.9900161081962008,0.9832305908205685,3.605551275463989,0.9535598690398492,0.8065836188741817,2362.0,62075.0,626.0,473.0
ANFC_001742.png,0.7994376757576636,0.6658860266287051,0.9181916039044882,0.7078838175081926,0.9831710465508108,0.9804077148440491,38.99349827753202,0.8703183017250187,0.7102237481464301,2559.0,61693.0,1056.0,228.0
ANFC_001743.png,0.7408288717290473,0.5883464567577407,0.6909561679876167,0.7984612097032567,0.9843170516724988,0.9601135253912337,55.50393157045084,0.8605013678397592,0.6965665090038577,3736.0,59186.0,943.0,1671.0
ANFC_001744.png,0.7519399896854708,0.6024870467145104,0.7492268041883436,0.7546728972599499,0.9846730245234093,0.9707336425785716,7.266308421610007,0.8499871120261202,0.733255118877908,2907.0,60711.0,945.0,973.0
ANFC_001745.png,0.822349006527179,0.6982960241569341,0.8886054422242323,0.76528744058393,0.9898550265891705,0.9862213134767729,5.0,0.9333328307252357,0.7517587853563343,2090.0,62543.0,641.0,262.0
ANFC_001748.png,0.560851457760099,0.38971061112871047,0.797893351021795,0.43239386391994517,0.9751472265183444,0.971038818359817,33.21140278873159,0.48501749890774326,0.39177435523440146,1212.0,62426.0,1591.0,307.0
ANFC_001750.png,0.6253192266279972,0.4548832273208909,0.5314728683623341,0.7594151529643709,0.9912856477990839,0.9686584472661034,66.8711421620643,0.6330072097161789,0.5476803007931921,1714.0,61768.0,543.0,1511.0
ANFC_001751.png,0.8586041388104018,0.7522404522608245,0.8209449293077121,0.8998845456209987,0.9896926473087164,0.972579956055106,135.87861483189877,0.8610285093799219,0.6818618094054917,5456.0,58283.0,607.0,1190.0
ANFC_001752.png,0.7935274330243866,0.6577252187618763,0.8754799078736268,0.7256045821249889,0.9551817331354565,0.945678710938329,19.823184643926517,0.8464404073171488,0.3000682550300645,6841.0,55135.0,2587.0,973.0
ANFC_001753.png,0.7957905954714546,0.6608407080396369,0.8556287597090723,0.7437749004622074,0.983415263115748,0.9766082763675445,5.0,0.9191853256011904,0.6737348876517821,2987.0,61016.0,1029.0,504.0
ANFC_001754.png,0.8042368950205476,0.6725720936670668,0.8285805321286315,0.7812828601800687,0.9754298925061944,0.9613647460943396,16.278820596099706,0.8916388926967164,0.8210582330904007,5201.0,57803.0,1456.0,1076.0
ANFC_001755.png,0.8101902612183044,0.6809410234517627,0.9128033716156367,0.7283163265621154,0.9600545563044914,0.9550933837897478,5.830951894845301,0.933067123888758,0.6403444695575832,6281.0,56312.0,2343.0,600.0
ANFC_001756.png,0.7343834872592446,0.5802575107896627,0.8030093051271017,0.6765638032232587,0.9679424650745153,0.9552307128913082,15.886832980505112,0.857558604920465,0.4655842808092819,4056.0,58546.0,1939.0,995.0
ANFC_001757.png,0.8200814824668102,0.6950323012146322,0.8796165774063128,0.7680945347405103,0.967762910236341,0.9582214355475126,4.0,0.8989618308497075,0.826936880584301,6240.0,56558.0,1884.0,854.0
ANFC_001758.png,0.7378758732674014,0.5846301941946687,0.7451942740807372,0.7306998195847804,0.977855093493753,0.9604949951177904,60.252700922449556,0.8602368467183161,0.7245920491472926,3644.0,59303.0,1343.0,1246.0
ANFC_001759.png,0.8411038107836476,0.7257801161351796,0.9092045454648632,0.7824938875518344,0.9608009024259588,0.9538726806647665,5.385164807134504,0.9471472480246905,0.7544318692298444,8001.0,54512.0,2224.0,799.0
ANFC_001760.png,0.839549002615824,0.7234678625226506,0.9302325581529439,0.7649755018547534,0.9753534549918725,0.9717712402348059,6.0,0.970198172722926,0.5992165786715884,4840.0,58846.0,1487.0,363.0
ANFC_001761.png,0.7291530305368303,0.5737536053618142,0.858508014840164,0.6336746303450114,0.9741539844606988,0.9684295654301693,64.69999999999982,0.7695031445740508,0.6913176814261378,2785.0,60682.0,1610.0,459.0
ANFC_001762.png,0.810405577643721,0.6812452735466038,0.8602578386343693,0.7660147392621861,0.9721364319110908,0.9614105224615265,5.385164807134504,0.9003264022565669,0.8238623416187677,5405.0,57602.0,1651.0,878.0
ANFC_001763.png,0.659099437180197,0.49153490982348746,0.6834630350810382,0.636413043544128,0.9667693224722371,0.9445495605477212,106.100895227258,0.731350060458891,0.6037941467423843,3513.0,58389.0,2007.0,1627.0
ANFC_001764.png,0.7597654762994164,0.612598231874681,0.752148349200641,0.7675384615742249,0.9743476563167521,0.9518585205085471,9.858985228759208,0.8042496294947084,0.5591264288366152,4989.0,57392.0,1511.0,1644.0
ANFC_001765.png,0.7865904655849881,0.648248133297157,0.8525457017899161,0.7301073877953025,0.9645942597219038,0.953277587891338,6.082762530298219,0.8785598989898029,0.8261182413531638,5643.0,56831.0,2086.0,976.0
ANFC_001766.png,0.7891843708372319,0.651779141147021,0.9109929686312823,0.6961079806452486,0.961159031907526,0.9566955566412859,15.05125346170711,0.9004180147745405,0.7693626045337496,5312.0,57386.0,2319.0,519.0
ANFC_001767.png,0.7877496671387817,0.649824253152499,0.9429391138211861,0.676423507963315,0.9773233545413016,0.9756774902347463,19.094475857088504,0.906692404775826,0.7896359448610165,2958.0,60984.0,1415.0,179.0
ANFC_001768.png,0.5647948164734349,0.3935289692638207,0.8245959795724888,0.4294805995833544,0.9558881887021081,0.9508056640632507,113.00464538113374,0.5320590750797246,0.3425045558320349,2092.0,60220.0,2779.0,445.0
ANFC_001769.png,0.8449515980831241,0.7315291694230238,0.8066081569636956,0.8871224165469995,0.9822026463271526,0.9562530517584801,4.123105625617661,0.9538359820022648,0.7933309176106034,7812.0,54857.0,994.0,1873.0
ANFC_001770.png,0.8552188552563535,0.7470588236438649,0.8603439292025306,0.8501544799947711,0.995425750978584,0.9914703369141927,5.0990195135927845,0.9999994883723431,0.5388122829282596,1651.0,63326.0,291.0,268.0
ANFC_001771.png,0.8406665867497503,0.7251292657988491,0.9155242198830755,0.7771251247060706,0.9652539005137576,0.959442138672494,8.0,0.9218945044878771,0.6017107236132231,7012.0,55866.0,2011.0,647.0
ANFC_001772.png,0.8582249716034449,0.7516585581875654,0.8658769583663385,0.850707045444787,0.9793187137040943,0.965728759766148,6.0,0.9316688943106466,0.6730868244987065,6798.0,56492.0,1193.0,1053.0
ANFC_001773.png,0.8272727272816491,0.7054263566150963,0.8180610889960097,0.8366941803534955,0.9719626168229328,0.9489746093757787,7.0,0.9163734285275875,0.584909939027878,8008.0,54184.0,1563.0,1781.0
ANFC_001774.png,0.7581929081196948,0.6105561106209529,0.7909836066024625,0.7280127060297771,0.9775041050906814,0.9643096923833572,30.18544075315238,0.7801001501174172,0.43423340641094227,3667.0,59530.0,1370.0,969.0
ANFC_001775.png,0.8198381482065266,0.6946828072560004,0.8788407482912822,0.7682596170337012,0.9504699469394507,0.9391937255868654,5.0,0.9415017591202214,0.6378570781217034,9067.0,52484.0,2735.0,1250.0
ANFC_001776.png,0.781110850740437,0.6408383003959164,0.8590206185930359,0.7161581435934339,0.9785746723761098,0.971496582031685,6.4031242374328485,0.9071596936405861,0.642703661986543,3333.0,60335.0,1321.0,547.0
ANFC_001777.png,0.7850119585579981,0.64610673669662,0.8473895582548208,0.73118811884515,0.9629123693743099,0.9506225585945035,4.123105625617661,0.9256189427367427,0.6529041797597498,5908.0,56392.0,2172.0,1064.0
ANFC_001778.png,0.8325163719135518,0.7130861212069672,0.906180638560169,0.7699281932421899,0.9410649920117969,0.934829711915057,5.0,0.9333471551622191,0.7130709068390068,10615.0,50650.0,3172.0,1099.0
ANFC_001779.png,0.7917006433001857,0.6552189562346117,0.8152640418160791,0.7694610778646125,0.9522419643191609,0.9298400878916957,12.070610555153882,0.8631537306047082,0.7233637528114463,8738.0,52200.0,2618.0,1980.0
ANFC_001780.png,0.7934164479553031,0.6575727363674818,0.8317092743515179,0.7584945112641407,0.959340291835331,0.9423522949227547,8.0,0.8673686949591176,0.6924677152988936,7255.0,54503.0,2310.0,1468.0
ANFC_001781.png,0.8622240675481126,0.757815350960003,0.9002890173554495,0.8272473775292462,0.9778046949642111,0.9696197509770261,4.123105625617661,0.9724765628156695,0.7919709056644868,6230.0,57315.0,1301.0,690.0
ANFC_001782.png,0.8402468135008672,0.7245048543903297,0.9231073725954372,0.7710365349833826,0.9500279626932577,0.9458770751961385,5.0,0.9613161993454297,0.7261582635986968,9328.0,52661.0,2770.0,777.0
ANFC_001783.png,0.8054697333902352,0.6742983044664912,0.8269501879902549,0.7850769574185728,0.9662072109994703,0.9481201171882917,7.2041008139748275,0.9002648339689552,0.7458590088674224,7039.0,55097.0,1927.0,1473.0
ANFC_001784.png,0.8066685088050719,0.6759802408400757,0.8173588427608625,0.7962542049462448,0.9591215045336802,0.9359436035166026,7.414375175913753,0.8999819087196798,0.6466411539390204,8758.0,52580.0,2241.0,1957.0
ANFC_001785.png,0.8082674540523732,0.6782289002814715,0.9273303464181696,0.7162994851256606,0.9403919482142344,0.9385681152353125,5.0,0.9432847224302819,0.6629302846822631,8486.0,53024.0,3361.0,665.0
ANFC_001786.png,0.7758346581977817,0.6337662337934126,0.8134882835003345,0.7415125466925838,0.9459100984783984,0.9246978759777116,9.0,0.8617751325923149,0.7555028542033438,8540.0,52061.0,2977.0,1958.0
ANFC_001787.png,0.8175031962792303,0.691336495557245,0.8667249672176016,0.7735716515943201,0.9463780706466354,0.9324798583994679,7.0,0.8962539010797866,0.8098225596022207,9911.0,51200.0,2901.0,1524.0
ANFC_001788.png,0.8199927269861411,0.6949048075815022,0.828326530626259,0.8118249460107348,0.9558608264843325,0.9320220947275999,5.385164807134504,0.9232531218817998,0.7003509798065757,10147.0,50934.0,2352.0,2103.0
ANFC_001789.png,0.8802004189132941,0.7860338883748234,0.9014131897794908,0.8599630848358909,0.967473158366249,0.9554901123053667,3.0,0.977774726967299,0.8544140401249661,10716.0,51903.0,1745.0,1172.0
ANFC_001790.png,0.8078514988205285,0.6776433456414894,0.8919817199983407,0.7382234957320087,0.9608334047850324,0.9532470703132135,50.88022046106521,0.9098634780919657,0.775107777048249,6441.0,56031.0,2284.0,780.0
ANFC_001791.png,0.7830730751177535,0.6434840573665722,0.7862087688630095,0.7799622946700832,0.9719094362981673,0.9510345458991848,9.219544457292887,0.8732020349842533,0.6768990271121105,5792.0,56535.0,1634.0,1575.0
ANFC_001792.png,0.7390901661814715,0.5861562392338269,0.756355932230558,0.7225950783293283,0.9539669070860917,0.9269256591808026,22.833087634824427,0.820804324797529,0.6609630819492004,6783.0,53964.0,2604.0,2185.0
ANFC_001793.png,0.7815402200418374,0.6414165103469812,0.6945737746808962,0.8934015679558579,0.9817768925789369,0.9300079345713806,13.601470508735444,0.8239766128203022,0.6530693829687169,8205.0,52744.0,979.0,3608.0
ANFC_001794.png,0.8016309042603355,0.6689348942005112,0.8732966950332532,0.7408353557452526,0.9223393872137037,0.9123992919935243,8.94427190999916,0.9158458738571219,0.6107634139400617,11600.0,48195.0,4058.0,1683.0
ANFC_001795.png,0.8409743123174573,0.7255872939352868,0.8832610453662235,0.8025515997727238,0.9430805075781665,0.930664062501058,7.0,0.9380595363518639,0.6367984840967644,12015.0,48977.0,2956.0,1588.0
ANFC_001796.png,0.8400647208961334,0.7242341327472378,0.8959315059470411,0.790756253307319,0.9292238800069503,0.9215698242199468,8.48528137423857,0.9199122729418409,0.6047878770590552,13499.0,46897.0,3572.0,1568.0
ANFC_001797.png,0.7367794316786588,0.5832547776516193,0.7339588051618723,0.7396218213714821,0.9574142864767713,0.9257965087901948,11.704699910719626,0.8257155252019308,0.6280925483335604,6806.0,53867.0,2396.0,2467.0
ANFC_001798.png,0.7608832807786495,0.6140529532129687,0.8175479372811257,0.7115643965422177,0.9716595166718291,0.9595184326178053,11.362133662588397,0.8824625260089652,0.6726664823071519,4221.0,58662.0,1711.0,942.0
ANFC_001799.png,0.6330824758665209,0.4631460675363716,0.6230350666193969,0.6434592570579272,0.9816481326736896,0.9635467529302438,101.98035431835214,0.7317177233177758,0.6527819135984738,2061.0,61086.0,1142.0,1247.0
ANFC_001800.png,0.8687301470142033,0.7679247747462551,0.8553971486972073,0.8824853669694604,0.9866523473460391,0.9728851318363514,3.1622776601683795,0.9904453583297839,0.8458999917719702,5880.0,57879.0,783.0,994.0
ANFC_001801.png,0.8024283632927427,0.6700462324868159,0.7888655462386492,0.8164657047028597,0.9662756065675164,0.9379272460946972,11.180339887498949,0.890293306605134,0.6117085393110893,8261.0,53207.0,1857.0,2211.0
ANFC_001802.png,0.8618715950719349,0.7572709646440534,0.9113314860855576,0.8175039246706562,0.9762265887289111,0.969436645508279,7.0,0.9348127985578621,0.5513095573419882,6249.0,57284.0,1395.0,608.0
ANFC_001803.png,0.8737341216487892,0.7757796258029335,0.8542811355478158,0.8940936863670668,0.9844366197185839,0.9670867919926899,8.181827525207426,0.9191189182778428,0.5361290918326213,7463.0,55916.0,884.0,1273.0
ANFC_001804.png,0.8039694159912177,0.6721980413938795,0.8491408934967112,0.763361136891665,0.9743452341085413,0.9632263183599362,9.486832980505138,0.8460012031219238,0.6492906702382846,4942.0,58184.0,1532.0,878.0
ANFC_001805.png,0.8197736748279008,0.6945902301787261,0.8313602319808261,0.8085056391427382,0.9867257357853523,0.9769134521487899,4.0,0.9399760052794449,0.8584692562064188,3441.0,60582.0,815.0,698.0
ANFC_001806.png,0.7166736314841885,0.5584500164251222,0.6960227273960947,0.7385874247465172,0.99037607813308,0.9793090820315659,13.341664064126334,0.8538481256665379,0.6533644002908195,1715.0,62465.0,607.0,749.0
ANFC_001807.png,0.6279675295408229,0.45769144910522624,0.5449229134649327,0.7408745935161277,0.9883931751224075,0.9629364013677532,69.5534580983819,0.7515934125438357,0.51524867450507,2050.0,61057.0,717.0,1712.0
ANFC_001808.png,0.8274928560945266,0.705746536760968,0.8286144578829474,0.8263742866246998,0.99070978526439,0.9824981689455796,4.0,0.9607152167519032,0.8101349246776589,2751.0,61638.0,578.0,569.0
ANFC_001809.png,0.7066792420726503,0.5464067887103677,0.7419877566182953,0.6745784908046196,0.9668567236843244,0.9477996826179841,17.0073465914816,0.7910023618416337,0.47910267971748166,4121.0,57994.0,1988.0,1433.0
ANFC_001810.png,0.7992517770445753,0.6656281156947124,0.8098559515072242,0.7889217134728328,0.9757554164337938,0.9590606689459373,5.0,0.865230748986138,0.7858498572376239,5341.0,57512.0,1429.0,1254.0
ANFC_001811.png,0.7692307692525235,0.6250000000574448,0.7609101082131834,0.7777354175032909,0.980622860371911,0.9626464843755701,4.123105625617661,0.9422919897167104,0.7256752838247174,4080.0,59008.0,1166.0,1282.0
ANFC_001812.png,0.8201427684807462,0.695120347271456,0.8099616858528794,0.8305830583324559,0.9817322194170285,0.9646301269536648,4.0,0.9547024045065735,0.7571746470846813,5285.0,57933.0,1078.0,1240.0
ANFC_001813.png,0.7357439241569954,0.5819579895757767,0.7282328092634984,0.7434115956532314,0.9825214198289266,0.9659881591802066,15.0,0.8063874189603213,0.6158747721613983,3103.0,60204.0,1071.0,1158.0
ANFC_001815.png,0.8732524197460052,0.7750204527474719,0.9444998338502826,0.8120000000537143,0.9894765461322392,0.9874114990236297,3.0,0.9940293477926195,0.8999946443913318,2842.0,61869.0,658.0,167.0
ANFC_001816.png,0.8335497835677976,0.7146038226545548,0.9016623741742771,0.7750050312386787,0.9817514078187913,0.9765319824222332,4.0,0.9157619845902862,0.8592198720254501,3851.0,60147.0,1118.0,420.0
ANFC_001817.png,0.8347216133456027,0.7163280662685613,0.901515151538467,0.7771428571883381,0.9821894572027957,0.9769897460941012,4.194826662518624,0.9090645296828801,0.8629927095328879,3808.0,60220.0,1092.0,416.0
ANFC_001818.png,0.820349254459744,0.6954170610118403,0.8002489110453875,0.8414853590967634,0.9836062800300533,0.9656219482427122,49.57011070722614,0.8359298443815758,0.7344749650905349,5144.0,58139.0,969.0,1284.0
ANFC_001819.png,0.6807893209981444,0.5160580731376906,0.8059086225331815,0.5892991711657123,0.9738922155692792,0.9664306640630124,81.70679286326198,0.8317634953886833,0.583752320211041,2346.0,60990.0,1635.0,565.0
ANFC_001820.png,0.8693669528072201,0.7689205220002561,0.955765260998005,0.7972939729895956,0.9867406871029569,0.9851379394533519,2.8284271247461903,0.9861873426790376,0.8907255013500499,3241.0,61321.0,824.0,150.0
ANFC_001821.png,0.754439037254447,0.605702217612312,0.8090267983613465,0.7067520947001596,0.9808036650484618,0.9715118408207473,6.4031242374328485,0.8723091892463796,0.7124725911153347,2868.0,60801.0,1190.0,677.0
ANFC_001822.png,0.8336290432873442,0.7147203370665292,0.8622247318288467,0.8068692206586872,0.9882085363101557,0.9813995361330964,5.0,0.9044573171747241,0.8164702815806595,3054.0,61263.0,731.0,488.0
ANFC_001823.png,0.7886998183068397,0.6511183852561052,0.7589825120003235,0.8208390647108531,0.9916494366175947,0.9804840087893604,5.588931888902911,0.8965663696205421,0.8050201434356308,2387.0,61870.0,521.0,758.0
ANFC_001825.png,0.7492168786163226,0.5989982322925758,0.8684322939477009,0.6587815944073943,0.983337289342775,0.9792327880862545,5.0,0.7890512934899484,0.8035860395692223,2033.0,62142.0,1053.0,308.0
ANFC_001826.png,0.7815203955669406,0.6413898047626947,0.9103671706424825,0.6846237141737109,0.9611537179066163,0.9568481445319086,75.58438992278762,0.8612122955032879,0.7110035015254929,5058.0,57650.0,2330.0,498.0
ANFC_001827.png,0.6267942584543726,0.45644599320353313,0.8368176539855879,0.5010431156115984,0.9775127714925015,0.9738159179691497,26.95677935742901,0.7890188186825534,0.5473435012531401,1441.0,62379.0,1435.0,281.0
ANFC_001828.png,0.698984034920469,0.5372601519244712,0.7910643890991693,0.6261050443962013,0.9887680819822419,0.9841766357424291,6.324555320336759,0.8663952935555671,0.6008850531095736,1204.0,63295.0,719.0,318.0
ANFC_001830.png,0.8029571824824975,0.6707840110360638,0.7997545510738894,0.8061855670502709,0.9845004699328161,0.9707183837895094,11.045084971874736,0.902659029648328,0.6728566829529099,3910.0,59707.0,940.0,979.0
ANFC_001831.png,0.7452845662218658,0.5939869282107224,0.8155061020044845,0.6861975235016015,0.9834422310759611,0.9763031005862992,9.704047873279684,0.8281567326018248,0.6885395385779708,2272.0,61711.0,1039.0,514.0
ANFC_001832.png,0.837351036630715,0.7202096789553301,0.8973641241080751,0.7848617770289849,0.9629753168785686,0.9543914794928835,11.180339887498949,0.932917206621556,0.5907762413190328,7694.0,54853.0,2109.0,880.0
ANFC_001833.png,0.7745075843587834,0.63199704422095,0.8660759494009934,0.7004504505117832,0.9762446010460779,0.9696044921879639,8.317932288136285,0.8865269991867686,0.5817651235855178,3421.0,60123.0,1463.0,529.0
ANFC_001834.png,0.8304528549922439,0.7100635990609564,0.8990999526768831,0.7715447155400226,0.9911391407175224,0.988174438476743,3.605551275463989,0.9607896360796355,0.8279715215090022,1898.0,62863.0,562.0,213.0
ANFC_001835.png,0.7002143743991635,0.5387152778578619,0.7925925926455702,0.6271220695983989,0.9700589084894751,0.9594573974615562,63.50944799523709,0.8032832385403635,0.6686851476634647,3103.0,59776.0,1845.0,812.0
ANFC_001836.png,0.793899977588854,0.6582372629653852,0.8047893301296166,0.7833013719157248,0.9750755030714466,0.9579315185553295,7.0710678118654755,0.8511823266711473,0.788229834670391,5310.0,57469.0,1469.0,1288.0
ANFC_001837.png,0.7325154068110751,0.5779284503900501,0.771925643497149,0.6969338354279792,0.9507034859311441,0.9278106689464142,9.848857801796104,0.8360871765962421,0.7034290947975943,6478.0,54327.0,2817.0,1914.0
ANFC_001838.png,0.8139066367458754,0.6862079006419288,0.878806712258694,0.7579331046571685,0.9607242872804312,0.9506683349616903,4.0,0.9255678481185454,0.7933313791425224,7070.0,55233.0,2258.0,975.0
ANFC_001839.png,0.8463354598962005,0.7336062004934594,0.9212598425282962,0.7826814085494117,0.9585224854596659,0.9533233642585248,4.47213595499958,0.9616935603997081,0.7729193652571675,8424.0,54053.0,2339.0,720.0
ANFC_001840.png,0.8350310801628851,0.7167839982279146,0.8950048835011158,0.7825901299467706,0.9303933440113591,0.9226531982433678,5.0,0.9358980238010122,0.7487819465092718,12829.0,47638.0,3564.0,1505.0
ANFC_001841.png,0.7889518413680772,0.6514619883267406,0.8382242287569414,0.7451505016911817,0.9359962669167337,0.918151855469999,7.0,0.8974719931964457,0.7367275427576851,10026.0,50146.0,3429.0,1935.0
ANFC_001842.png,0.8105062557121132,0.6813875731845378,0.8568675543348165,0.7689042603727552,0.9754295647527006,0.9651031494145951,8.48528137423857,0.9099739852560267,0.7638996770118822,4891.0,58358.0,1470.0,817.0
ANFC_001843.png,0.8389339513435393,0.7225548902521364,0.8944767442013842,0.7898857656539744,0.9720915166398648,0.9639434814458628,5.656854249492381,0.9149259178157775,0.7879024295123255,6154.0,57019.0,1637.0,726.0
ANFC_001844.png,0.6900950918616683,0.5268283885357716,0.8172915501095004,0.5971583359299644,0.9325032540944629,0.9199371337902843,55.47791405795759,0.7824048421040403,0.7418581002428448,5842.0,54447.0,3941.0,1306.0
ANFC_001845.png,0.7603840759779498,0.6134029591621578,0.8136688986807505,0.7136492507667781,0.9768973123114632,0.9661102294927048,5.0,0.920108663694741,0.6470063726713725,3524.0,59791.0,1414.0,807.0
ANFC_001846.png,0.7474692202692687,0.5967671472845832,0.8129339417153474,0.6917623228069274,0.9698156872473789,0.9577484130865823,7.0,0.8354952868006654,0.6863476334209271,4098.0,58669.0,1826.0,943.0
ANFC_001847.png,0.7838538115663639,0.6445391344147703,0.8268124281280747,0.7451387089071457,0.9841604898487889,0.9758148193363066,29.30864233738304,0.8331304279698398,0.7895160889250729,2874.0,61077.0,983.0,602.0
ANFC_001848.png,0.8423506208327424,0.727638813619791,0.879116766478376,0.8085362705611793,0.9594333430579158,0.9463348388680065,5.0,0.930976685047127,0.8343295029821252,9396.0,52623.0,2225.0,1292.0
ANFC_001849.png,0.8296330918518517,0.7088658147197392,0.8786258786378947,0.7858154772635191,0.95636330837997,0.9443817138680363,4.0,0.9310208544038503,0.8047583649288715,8875.0,53016.0,2419.0,1226.0
ANFC_001850.png,0.8156874591040786,0.6887434110109893,0.8768264963873984,0.7625188253235581,0.9551841128309646,0.94413757324304,12.0,0.8882512569343972,0.8146528449860697,8101.0,53774.0,2523.0,1138.0
ANFC_001851.png,0.7270346494899761,0.5711346732417206,0.8433228181045306,0.6389306895955625,0.928409709182154,0.917297363282512,26.0,0.8160454879142858,0.7232595717832655,7218.0,52898.0,4079.0,1341.0
ANFC_001852.png,0.7828139183187405,0.6431341354635444,0.9424449949085757,0.6694266197816781,0.9455626949372699,0.9452362060555233,4.123105625617661,0.9295394475995783,0.6927571849237565,6468.0,55479.0,3194.0,395.0
ANFC_001853.png,0.8348169074231215,0.7164684355245683,0.9300475059465502,0.7572768591280072,0.9560543455431744,0.9527130126960341,4.123105625617661,0.9393023063528391,0.7510794286978726,7831.0,54606.0,2510.0,589.0
ANFC_001854.png,0.7792219892951678,0.6382994962877194,0.8489493452594712,0.7200792147649321,0.9416180299911715,0.927688598633916,7.810249675906654,0.8828011624759715,0.6594673761563866,8363.0,52434.0,3251.0,1488.0
ANFC_001855.png,0.7608625162224034,0.6140259060830808,0.862763121623057,0.6804901036989423,0.9193698885793334,0.9099731445326238,9.85645337201842,0.8811772393050274,0.6152904236893086,9386.0,50250.0,4407.0,1493.0
ANFC_001856.png,0.8344968004734101,0.7159970052644541,0.8171461122361012,0.8526002971914215,0.9729469301679372,0.94790649414142,5.0,0.9402677886434666,0.7645410013394441,8607.0,53515.0,1488.0,1926.0
ANFC_001857.png,0.7712482219162852,0.6276680414132358,0.8555226824600076,0.7020880544106436,0.933551158929642,0.9214782714855733,16.278820596099706,0.854414205868877,0.6933298414779673,8675.0,51715.0,3681.0,1465.0
ANFC_001858.png,0.7713851156568214,0.6278493981364425,0.9074531095869381,0.670801787861826,0.9371604680328535,0.9334869384775775,7.615773105863909,0.8451447200081592,0.6378785055060744,7354.0,53823.0,3609.0,750.0
ANFC_001859.png,0.8137648694649403,0.6860063814751575,0.8234972250587432,0.8042598671803756,0.9513869139041885,0.9264221191417478,15.367679810757704,0.9142047685364245,0.6761563189651347,10535.0,50179.0,2564.0,2258.0
ANFC_001860.png,0.7617332420933712,0.615160858711085,0.817408781708611,0.7131584272129792,0.9191444866935524,0.8990631103531028,11.466791635666185,0.8431674092400527,0.5701159889101431,10574.0,48347.0,4253.0,2362.0
ANFC_001861.png,0.8180899687361997,0.6921761784830924,0.8455494778870662,0.7923578751358473,0.9598421081098062,0.9423065185555679,7.0710678118654755,0.9137195519359709,0.7259103686406377,8502.0,53253.0,2228.0,1553.0
ANFC_001862.png,0.8567506977235325,0.7493997118817513,0.9048125241684565,0.8135372317478897,0.9611147350880425,0.9522247314460416,5.674264014027656,0.943805591929513,0.7132477996808817,9363.0,53042.0,2146.0,985.0
ANFC_001863.png,0.8504178151178887,0.7397625209514567,0.9111277772652923,0.79729286301909,0.9549654631949741,0.9478302001961086,6.708203932499369,0.9686509679619597,0.5213944525372137,9719.0,52398.0,2471.0,948.0
ANFC_001864.png,0.8449097649470441,0.7314664597777057,0.9552321297019867,0.7574318895802037,0.9392648134612425,0.941909790039949,13.38651034464977,0.9254297113470102,0.5748067239817509,10370.0,51359.0,3321.0,486.0
ANFC_001865.png,0.8202963628280064,0.6953410475262377,0.8931260389270436,0.7584488914922819,0.9474045815337937,0.9389343261728069,5.0,0.9436157353564167,0.7126608789728616,9134.0,52400.0,2909.0,1093.0
ANFC_001866.png,0.8302954116996493,0.7098334229169055,0.8596529284317079,0.8028768233587037,0.9654449889913089,0.9505615234382545,7.280109889280518,0.9378431286312235,0.4352890034672725,7926.0,54370.0,1946.0,1294.0
ANFC_001867.png,0.8383500557477962,0.7216890595200378,0.8616794892894353,0.8162505814997479,0.9555497205454903,0.9380493164071954,6.0,0.9452095011403125,0.6920881112041327,10528.0,50948.0,2370.0,1690.0
ANFC_001868.png,0.8921380632919298,0.8052790999988577,0.9265621110464122,0.8601802634942961,0.990165639883773,0.9862670898439596,2.8284271247461903,0.9925606593273575,0.9194036123791333,3722.0,60914.0,605.0,295.0
ANFC_001869.png,0.8504555450950003,0.7398196228833261,0.8240487062672681,0.8786108406558567,0.9873147237393191,0.9709472656254434,6.722793735874387,0.908110842995892,0.760330791140524,5414.0,58218.0,748.0,1156.0
ANFC_001870.png,0.8409689843988968,0.7255793616330932,0.825983076174616,0.8565087230456789,0.9749508929380449,0.9521179199226057,5.385164807134504,0.9024487537297085,0.7604775863458267,8297.0,54101.0,1390.0,1748.0
ANFC_001871.png,0.8367770637747515,0.7193608703281182,0.7820382518911542,0.8997555012331503,0.9827646080459349,0.9496154785163939,19.061995242813573,0.888359347958418,0.5463207310211845,8464.0,53770.0,943.0,2359.0
ANFC_001872.png,0.9270162186221387,0.8639610725888849,0.9492662950802792,0.9057853033858911,0.9847034981058296,0.9799499511721811,7.211102550927978,0.9945350154839873,0.711267067421469,8345.0,55877.0,868.0,446.0
ANFC_001873.png,0.7917913638529509,0.655343241391482,0.8232940653871317,0.762610665068435,0.9811098186349082,0.9702758789067036,10.512798850081435,0.8938972640842818,0.7412347251783833,3704.0,59884.0,1153.0,795.0
ANFC_001874.png,0.8534587907428595,0.7443768997348972,0.9288829888244106,0.7893634166334628,0.9783117335682208,0.9743347167972667,4.0,0.98432829284603,0.7644536913792366,4898.0,58956.0,1307.0,375.0
ANFC_001875.png,0.7875439477916193,0.6495443248447504,0.8305084746211577,0.7488061127629402,0.9829663212437991,0.974182128906644,5.0,0.9023209287419335,0.7124801794175684,3136.0,60708.0,1052.0,640.0
ANFC_001876.png,0.8482625946947059,0.7365069422970554,0.9248820136438277,0.7833666444833037,0.9663086274786504,0.9614868164068378,3.0,0.9638221109118217,0.810743549164552,7055.0,55957.0,1951.0,573.0
ANFC_001877.png,0.8205183585410087,0.6956601355341824,0.8926221804637428,0.7591926459073549,0.957737093154501,0.949279785157024,5.0,0.9433264848057132,0.7201732795141887,7598.0,54614.0,2410.0,914.0
ANFC_001878.png,0.8156492411591467,0.688688916768574,0.8583191368741739,0.7770209484928645,0.9703378239764354,0.9582977294928239,5.0,0.9536196685498031,0.6889778655833421,6046.0,56757.0,1735.0,998.0
ANFC_001879.png,0.8017154389755656,0.6690526316486204,0.9281542056284596,0.7055950267083492,0.9786514683156451,0.9760131835941162,6.883281572999722,0.9217999191169127,0.6414238550350811,3178.0,60786.0,1326.0,246.0
ANFC_001880.png,0.8198090692339131,0.6946410516289906,0.8968668407579982,0.7549450549989131,0.9819304443655086,0.9769592285159767,7.0390872965260085,0.9308945097237056,0.7843570412730627,3435.0,60591.0,1115.0,395.0
ANFC_001881.png,0.7386012237819198,0.5855414146061401,0.7980946964598188,0.687362233690012,0.9563612122462718,0.9393768310556126,38.11036278993737,0.8349160545121656,0.6567689894919873,5613.0,55950.0,2553.0,1420.0
ANFC_001882.png,0.7802181157391535,0.6396374022551052,0.8191793893417336,0.7447946790421061,0.9702099648938325,0.9557189941413008,7.615773105863909,0.8530698616440265,0.6203855924743246,5151.0,57483.0,1765.0,1137.0
ANFC_001883.png,0.8589931063394616,0.7528377883860811,0.8635027299645104,0.8545303408347839,0.9820183926158612,0.9691009521489091,3.605551275463989,0.9350000962349487,0.7791036733957316,6168.0,57343.0,1050.0,975.0
ANFC_001884.png,0.7417713944132598,0.589536266447197,0.8241356383563379,0.6743743200015304,0.9808565762541445,0.973663330078527,5.0,0.9137443420846041,0.7112753283282934,2479.0,61331.0,1197.0,529.0
ANFC_001885.png,0.6148277584105307,0.4438637593361211,0.8190887928769243,0.492107892209369,0.9593468630561923,0.9529113769538436,131.0328201027839,0.7450669828263206,0.5850062317279017,2463.0,59987.0,2542.0,544.0
ANFC_001886.png,0.7842146528631226,0.6450272284830858,0.8756809338763267,0.710048903658298,0.9695675210283865,0.9622039794927644,9.486832980505138,0.8682644622553195,0.5520359155450542,4501.0,58558.0,1838.0,639.0
ANFC_001887.png,0.7992794956590046,0.6656665666901024,0.8378650554081237,0.764091378743647,0.9643179608285123,0.948989868164841,36.75049042571725,0.8539394002452757,0.59433480231205,6656.0,55537.0,2055.0,1288.0
ANFC_001888.png,0.7109970321880968,0.5515868077720489,0.7276309309263453,0.6951066499850836,0.9672975018930559,0.9450225830086515,46.21133078703316,0.7820183996710948,0.5832090726896031,4432.0,57501.0,1944.0,1659.0
ANFC_001889.png,0.7957567608253763,0.6607940447491826,0.9269056735374501,0.6971204189274554,0.981536153711416,0.9791412353518809,12.041594578792296,0.8341036644043434,0.42664567611788223,2663.0,61506.0,1157.0,210.0
ANFC_001890.png,0.7738562091688026,0.6311300640150413,0.8379334749048243,0.7188828172861441,0.9690735421820674,0.9577636718756446,8.380217873572262,0.9061454740272077,0.6708069528795895,4736.0,58032.0,1852.0,916.0
ANFC_001891.png,0.5575292693666675,0.38650993580002524,0.5437007875812202,0.5720795362170342,0.983602133469052,0.9665527343755105,66.15012992167252,0.702956514709495,0.4316826757460752,1381.0,61963.0,1033.0,1159.0
ANFC_001892.png,0.7921951219638905,0.6558966074660848,0.7696682464727881,0.8160804020331557,0.9743589743594234,0.9479980468757936,5.656854249492381,0.8851614497182017,0.7226306176288032,6496.0,55632.0,1464.0,1944.0
ANFC_001893.png,0.7193499238477045,0.5617068528614043,0.7610143993636332,0.682010785885591,0.9728824138105402,0.9578399658209559,7.615773105863909,0.816053403201824,0.5814939750008452,3541.0,59232.0,1651.0,1112.0
ANFC_001894.png,0.7832930404926036,0.6437811786891198,0.7875465453260709,0.7790852348532605,0.9613553375821337,0.9357147216806685,10.072100132030538,0.8481989320299869,0.6264749853822136,7614.0,53709.0,2159.0,2054.0
ANFC_001895.png,0.8467026274666956,0.7341581171057978,0.8570925317218069,0.8365616046032595,0.9749912311474046,0.959671020508428,5.0396078054371225,0.9711602337109877,0.7365307634040521,7299.0,55594.0,1426.0,1217.0
ANFC_001896.png,0.8416674918465524,0.726619935078369,0.9021439185094154,0.7887899035284355,0.9812905877520544,0.9756011962894349,6.324555320336759,0.9348728822110169,0.6979236003417855,4250.0,59687.0,1138.0,461.0
ANFC_001897.png,0.8482793693910714,0.7365322343437937,0.8550922761572888,0.8415741675208902,0.9650022291580287,0.9453735351570837,8.246211251235321,0.9417634749633969,0.6634024360604175,10008.0,51948.0,1884.0,1696.0
ANFC_001898.png,0.8098461538695574,0.6804550155779824,0.8016569201263019,0.818204426804724,0.9881006641491714,0.9764251708987973,32.55456826643759,0.8576151157678572,0.6176049945820036,3290.0,60701.0,731.0,814.0
ANFC_001899.png,0.8573412770986754,0.7503038833247838,0.8640047149061437,0.8507798331628016,0.9604133790084982,0.9404449462899713,6.4031242374328485,0.9318474976789881,0.742680078729169,11728.0,49905.0,2057.0,1846.0
ANFC_001904.png,0.9110940499074436,0.8367059155441934,0.9250136409755232,0.8975871719312013,0.9743108126060237,0.9646606445317893,6.708203932499369,0.9808056404016122,0.7160584598715031,11867.0,51353.0,1354.0,962.0
ANFC_001905.png,0.8231393298184734,0.6994365184391037,0.8236622900150131,0.8226170333019435,0.97847843566663,0.9617462158208964,7.615773105863909,0.9043173664206073,0.7130096344986967,5834.0,57195.0,1258.0,1249.0
ANFC_001907.png,0.8465170617803379,0.7338791357415699,0.8790819937439003,0.8162786331377884,0.9648306226980892,0.9518890380866717,6.082762530298219,0.9610980307334888,0.6496791418195695,8695.0,53688.0,1957.0,1196.0
ANFC_001908.png,0.8074440942590634,0.6770702240324018,0.8471106912417642,0.7713261648909444,0.9396222129700643,0.921691894532445,12.576967677527458,0.9128363776698813,0.5267231252689001,10760.0,49644.0,3190.0,1942.0
ANFC_001909.png,0.8622631848516662,0.7578757876029727,0.9479609707345558,0.7907753313377047,0.9651558861359502,0.9630584716802513,5.0,0.9627123757431577,0.6913500166184446,7578.0,55537.0,2005.0,416.0
ANFC_001910.png,0.8804587049762274,0.7864459389770878,0.9116094986913397,0.8513664874718452,0.9767998881083814,0.9685058593754806,3.605551275463989,0.9782922402223956,0.8234641730933999,7601.0,55871.0,1327.0,737.0
ANFC_001912.png,0.8533827332077735,0.7442611915352231,0.8665255897902245,0.8406326034184434,0.9602857305273076,0.9420318603524471,6.324555320336759,0.9371413741718675,0.7126542559805275,11056.0,50681.0,2096.0,1703.0
ANFC_001913.png,0.8100617309952521,0.6807594579559035,0.8380397949571605,0.7838914174427917,0.9507838673265074,0.9309844970713657,10.0,0.912262146751893,0.6912642905130979,9645.0,51368.0,2659.0,1864.0
ANFC_001914.png,0.8082050468255751,0.6781410213943577,0.8271745309975493,0.790086106602274,0.9491573192050587,0.9262390136730007,6.708203932499369,0.9142514938287879,0.6231621115904372,10185.0,50517.0,2706.0,2128.0
ANFC_001915.png,0.8269195189719278,0.7049128617849607,0.9077891743771921,0.7592797078264436,0.9491102372111349,0.9429016113289963,7.810249675906654,0.9349980341300157,0.4372006980985762,8939.0,52855.0,2834.0,908.0
ANFC_001917.png,0.7882851789973094,0.6505533854735427,0.7645371079256814,0.813555872213809,0.984811301983405,0.9672393798833125,7.615773105863909,0.9138863297684989,0.6360955390167933,3997.0,59392.0,916.0,1231.0
ANFC_001918.png,0.7884020361419103,0.6507125793186661,0.8338435553854276,0.7476573592288067,0.9524463549943377,0.9353027343759873,28.504405350519168,0.9056298299314032,0.590096274756587,7899.0,53397.0,2666.0,1574.0
ANFC_001919.png,0.8458425312800845,0.7328657953671609,0.9305808540851467,0.7752486933253037,0.9520968843218439,0.9488525390632806,5.656854249492381,0.9391993610871683,0.6382079049498925,9196.0,52988.0,2666.0,686.0
ANFC_001920.png,0.8945308580083026,0.8091866376353316,0.9221061342792898,0.8685569521710458,0.9758542304323354,0.9679260253911145,8.0,0.9493829633954437,0.5230333560107218,8914.0,54520.0,1349.0,753.0
ANFC_001922.png,0.7256219617010565,0.5693930214776851,0.733805668054684,0.7176187783204725,0.9659331286256237,0.9414367675790187,30.076562325645117,0.8437289588436769,0.6150975381835657,5075.0,56623.0,1997.0,1841.0
ANFC_001923.png,0.8166740576577972,0.6901514016121907,0.8518826903643368,0.7842602844915885,0.9537157161921225,0.9369201660165877,9.219544457292887,0.9219517824472632,0.5949609969501848,9208.0,52194.0,2533.0,1601.0
ANFC_001924.png,0.8657859843900316,0.763335642555998,0.9195702065596109,0.817945624958899,0.9649329758719404,0.9582977294928239,4.47213595499958,0.9645666775020467,0.6922997460408046,8815.0,53988.0,1962.0,771.0
ANFC_001925.png,0.8654781199415827,0.7628571428770708,0.9093458880186972,0.825648021843961,0.9654924126516031,0.9569396972662821,6.363839778884804,0.9454271298923221,0.6623402449870042,9078.0,53636.0,1917.0,905.0
ANFC_001926.png,0.8768533383758215,0.7807113428251314,0.9348570277955238,0.8256268895762381,0.964732753039984,0.9602050781256073,7.0,0.955387823017014,0.7540619516579893,9285.0,53643.0,1961.0,647.0
ANFC_001927.png,0.885086625687413,0.7938613403413387,0.8976281827783722,0.8728906978823971,0.9722756528820693,0.95921325683656,5.0,0.9475251095320271,0.7689067486388853,10294.0,52569.0,1499.0,1174.0
ANFC_001928.png,0.86517386411157,0.7623845069811357,0.8802434908461763,0.85061153175011,0.9475931677029341,0.9305419921885599,5.830951894845301,0.940889527393032,0.711360592135785,14605.0,46379.0,2565.0,1987.0
ANFC_001983.png,0.8875541167796109,0.7978402636703008,0.9380049464189608,0.8422533126180877,0.9600981163172659,0.9560089111334839,4.0,0.9803440187080248,0.7342629958811433,11378.0,51275.0,2131.0,752.0
ANFC_001984.png,0.826701995819193,0.704596780089998,0.9449926722085986,0.7347310847968147,0.9368546680903265,0.9381256103525067,7.0710678118654755,0.9250547304048891,0.7000981773483,9672.0,51809.0,3492.0,563.0
ANFC_001985.png,0.8042566413001299,0.6725997141956217,0.8556317659816849,0.7587015461450354,0.938373725087707,0.9230957031261736,8.0,0.8790165775179007,0.6098424323128848,10354.0,50142.0,3293.0,1747.0
ANFC_001986.png,0.7201925800254749,0.5627351184374049,0.7565075115638097,0.6872044318757999,0.96063795419447,0.9396972656259203,24.074877438136195,0.7369583749514641,0.5135813401198749,5086.0,56498.0,2315.0,1637.0
ANFC_001987.png,0.725286814417312,0.5689803970448798,0.8576472774841764,0.6283185841213998,0.9546172388005217,0.9466552734383141,13.303285242519808,0.764070384151691,0.5531384844867181,4615.0,57425.0,2730.0,766.0
ANFC_001988.png,0.8161575613237059,0.6894140087221136,0.8618360047871458,0.7750774362907937,0.9674409781508365,0.9552764892584951,9.14567276367288,0.8884503654798726,0.7137395014169385,6506.0,56099.0,1888.0,1043.0
ANFC_001989.png,0.8545622261567161,0.7460573116068682,0.8528576908436626,0.8562735885499289,0.9644578198517274,0.9422607421883812,5.830951894845301,0.9489591184643102,0.7234117802489078,11117.0,50635.0,1866.0,1918.0
ANFC_001990.png,0.8248399951749535,0.7018959050659253,0.7646795410151312,0.895274919726373,0.9664785718787842,0.911468505860726,15.0,0.8774367937155306,0.6691379956507852,13661.0,46073.0,1598.0,4204.0
ANFC_001991.png,0.7963614311827555,0.6616283756890742,0.8522845275373463,0.7473252902632227,0.9616129478496055,0.9487609863289069,14.0,0.8276882150709174,0.5988487935233289,6566.0,55612.0,2220.0,1138.0
ANFC_001992.png,0.8337673405693969,0.7149236765414969,0.8655263934074977,0.8042564852206562,0.9612918375095046,0.9464263916023801,9.776452837537894,0.9177499280037532,0.5218998100980983,8805.0,53220.0,2143.0,1368.0
ANFC_001993.png,0.7208153963205359,0.5634959913329213,0.852883895153126,0.6241640171445934,0.9417610981814485,0.9327087402354018,32.262656051094275,0.8017253964886585,0.536812610114636,5693.0,55433.0,3428.0,982.0
ANFC_001994.png,0.8185739838032275,0.6928694413291653,0.8109234938634616,0.8263702025331844,0.9520578746709931,0.921066284180892,6.3284837661915425,0.9509868616312149,0.6356832748374708,11670.0,48693.0,2452.0,2721.0
ANFC_001995.png,0.7826869108518858,0.642962700263465,0.7626025380521207,0.8038578080109483,0.9482378639840026,0.9078369140639064,13.416407864998739,0.901279875007986,0.5483387848193091,10877.0,48619.0,2654.0,3386.0
ANFC_001996.png,0.8215404622674505,0.6971308186499668,0.9084847692628468,0.749784203738694,0.9599391918745152,0.9539337158210155,7.0,0.8930276829082466,0.7769434790161196,6949.0,55568.0,2319.0,700.0
ANFC_001997.png,0.8154314254655588,0.6883784046051781,0.8854257574011438,0.755692700600586,0.9600799791365717,0.9509429931648111,8.0,0.8944931983268799,0.7793695143013081,7102.0,55219.0,2296.0,919.0
ANFC_001998.png,0.8122270742442611,0.683823529435732,0.8356646595798365,0.7900683132080865,0.9562119800523152,0.9363555908212837,5.856309110618444,0.8894018771154867,0.705771128910454,9021.0,52344.0,2397.0,1774.0
ANFC_001999.png,0.8044584081534666,0.6728819922822072,0.8313234384923742,0.7792753623508296,0.9742161576492481,0.9601135253912337,8.08065309859221,0.8265620588670786,0.6922756299466372,5377.0,57545.0,1523.0,1091.0
ANFC_002000.png,0.8060849403491441,0.675161045881474,0.8915436577568747,0.7355764269031297,0.9554760001398026,0.947677612305486,5.0990195135927845,0.9564311989085178,0.6754347647316205,7127.0,54980.0,2562.0,867.0
ANFC_002001.png,0.7945642830913772,0.6591511035885127,0.8960487444704534,0.7137289506791875,0.9288351857281216,0.9234161376964812,10.0,0.8595058642161527,0.6739464578020211,9706.0,50811.0,3893.0,1126.0
ANFC_002002.png,0.835334987601224,0.7172319754800381,0.8615006653842255,0.810711877486686,0.9647641078063234,0.9493713378913976,7.0710678118654755,0.8848685134200909,0.6268117467440668,8416.0,53802.0,1965.0,1353.0
ANFC_002003.png,0.7766853932976325,0.6349024111266066,0.8816261459220303,0.6940696580815595,0.9845304393357683,0.9805908203127963,64.19105892879756,0.8793769314299732,0.3201446956509199,2212.0,62052.0,975.0,297.0
ANFC_002005.png,0.812629094137276,0.6843936381971178,0.87262357415794,0.7603533959359144,0.9535563958059221,0.9418640136727622,6.0,0.9141238858867675,0.6715177582445303,8262.0,53464.0,2604.0,1206.0
ANFC_002006.png,0.7820823244740503,0.6421471173470397,0.8057733428713875,0.7597446236962795,0.976136439490419,0.9615478515630869,6.179479646313602,0.9328893479699828,0.6113418185598931,4522.0,58494.0,1430.0,1090.0
ANFC_002007.png,0.7511825922578882,0.6015151515554025,0.8295027162794953,0.6863762102712798,0.9533732028727766,0.9398040771493561,8.94427190999916,0.8458691205642956,0.46538463272511676,5955.0,55636.0,2721.0,1224.0
ANFC_002008.png,0.7990766971147752,0.6653852874951275,0.811075612393807,0.7874276261812597,0.9831034992852993,0.9707794189457585,7.22145365168085,0.8599984649138833,0.7360953225655011,3808.0,59813.0,1028.0,887.0
ANFC_002010.png,0.7540939597480474,0.6052574876529565,0.8237536657149921,0.6952970297406811,0.9580693507739275,0.9440917968758532,24.24857174534977,0.8367914393742301,0.6123107397439612,5618.0,56254.0,2462.0,1202.0
ANFC_002011.png,0.8318584070946761,0.7121212121652707,0.898783079022835,0.7742096506199319,0.9775178515221008,0.9712982177738756,8.206781547404221,0.9379692833920074,0.7182426025835597,4653.0,59002.0,1357.0,524.0
ANFC_002012.png,0.8509519038262836,0.7405711794766576,0.8793683665857188,0.8243144868176863,0.9882606651210698,0.9818420410159022,6.106941809302051,0.9386157529406641,0.805358036132324,3397.0,60949.0,724.0,466.0
ANFC_002013.png,0.6988421694456012,0.5370925441106982,0.756464380011487,0.6493771235222248,0.9749295500927196,0.9622955322271379,12.73553644947921,0.7930510403804594,0.4628398118107706,2867.0,60198.0,1548.0,923.0
ANFC_002014.png,0.71533940303588,0.5568314345064295,0.7722070166991531,0.6662730786103185,0.9459285540376026,0.9246215820324003,25.0,0.8345646179551198,0.5437561113828482,6207.0,54389.0,3109.0,1831.0
ANFC_002015.png,0.7301086133032263,0.5749378419119903,0.6956678700727235,0.7681371246654083,0.9695068675083091,0.9347839355478702,23.021728866442675,0.8381839610007658,0.5926830627309754,5781.0,55481.0,1745.0,2529.0
ANFC_002016.png,0.7322314050324431,0.5775749675890592,0.7607326847391341,0.705788635312911,0.9913151170265827,0.9851684570314764,11.180339887498949,0.7814968683515785,0.6424583910462035,1329.0,63235.0,554.0,418.0
ANFC_002019.png,0.8888101983101265,0.7998725303059476,0.8930795232355311,0.8845814978176949,0.9890678461155125,0.9808349609377925,5.0,0.9236182738334645,0.7074832559792215,5020.0,59260.0,655.0,601.0
ANFC_002040.png,0.8510638297979759,0.7407407407732906,0.9490107769102444,0.771443514674236,0.9705322072190945,0.9684906005864184,5.0,0.9515891205516837,0.8466218987738936,5900.0,57571.0,1748.0,317.0
ANFC_002041.png,0.8259313828759245,0.7034779491122735,0.8966068776537637,0.7655838455013575,0.9576809960735135,0.9495239257820203,3.605551275463989,0.9356233804637667,0.8471832447261075,7848.0,54380.0,2403.0,905.0
ANFC_002042.png,0.8158056203328135,0.6889119171306827,0.7989424348276719,0.83339601355981,0.9767718255706236,0.9541931152350741,4.018465843842605,0.9086952822046983,0.8334201310822259,6648.0,55886.0,1329.0,1673.0
ANFC_002043.png,0.8284671532951055,0.7071651090646766,0.8321114369706609,0.824854651184005,0.9747872785609083,0.9569702148444067,4.357388321059432,0.9007276480525647,0.801705898614709,6810.0,55906.0,1446.0,1374.0
ANFC_002044.png,0.7741935484369876,0.6315789475012333,0.749358426112336,0.8007312615170333,0.9931010475016123,0.984405517578363,8.246211251235321,0.8968667986007867,0.8229000144177484,1752.0,62762.0,436.0,586.0
ANFC_002045.png,0.7452271231492384,0.5939139560351747,0.7571906355327122,0.733635774551641,0.986857672753064,0.9763793945316105,9.055385138137417,0.8744212240035424,0.7656185489004862,2264.0,61724.0,822.0,726.0
ANFC_002046.png,0.804883748112812,0.673477368298614,0.8337165678526303,0.7779785432210076,0.965673179334666,0.9490356445320277,8.54400374531753,0.9278983863396433,0.5774072909991359,6889.0,55307.0,1966.0,1374.0
ANFC_002047.png,0.7844435250437707,0.645336963955525,0.887284396324738,0.7029661017263807,0.9517026370644074,0.9443511962899117,4.0,0.9264660761022661,0.78670428318935,6636.0,55253.0,2804.0,843.0
ANFC_002048.png,0.8470104199343942,0.7346210534687285,0.8749076127240477,0.8208373060742968,0.962220353853593,0.9477996826179841,4.0,0.9352591424455119,0.8453999657021765,9470.0,52645.0,2067.0,1354.0
ANFC_002049.png,0.7940854326509263,0.6584922797767037,0.8507392631012979,0.7445060587651976,0.956361595398387,0.9426269531258755,9.848857801796104,0.8981232736243808,0.7282837678927907,7250.0,54526.0,2488.0,1272.0
ANFC_002050.png,0.7656748140587574,0.620318553676212,0.8426900585255293,0.7015579358077998,0.9802627342394832,0.9730834960941608,122.55589743628,0.8183390272636188,0.682652489346111,2882.0,60890.0,1226.0,538.0
ANFC_002051.png,0.7759509203003802,0.6339214115341134,0.867251782848463,0.7020426289067307,0.9894683973445063,0.9860687255861502,16.278820596099706,0.8463754145991291,0.7088697995732962,1581.0,63042.0,671.0,242.0
ANFC_002052.png,0.7770026461926863,0.6353265146989275,0.8859023588119022,0.6919451586581212,0.9887150189131149,0.9858551025392784,15.043241335577765,0.8620313823119802,0.6979994814406493,1615.0,62994.0,719.0,208.0
ANFC_002053.png,0.8261833850943423,0.7038436623079417,0.845196421645897,0.8080069410252843,0.9732113518846616,0.9581451416022012,5.0,0.9496909138050366,0.7016971118105212,6519.0,56274.0,1549.0,1194.0
ANFC_002054.png,0.810599078351924,0.6815187911970633,0.8364241559871107,0.7863209656027804,0.9665289545555891,0.9498291015632656,5.0,0.9378343058446592,0.7339547278377683,7036.0,55212.0,1912.0,1376.0
ANFC_002055.png,0.8450300773491345,0.7316468254190107,0.8843809333582111,0.8090319042134535,0.9623800176491134,0.9504699707038808,3.1622776601683795,0.9671331642880033,0.8505791682439467,8850.0,53440.0,2089.0,1157.0
ANFC_002056.png,0.6835160373849456,0.519198149650085,0.612515917843821,0.773134328410302,0.9835440297142933,0.9524230957038511,64.11003284612516,0.6885634017963884,0.6523092674594689,3367.0,59051.0,988.0,2130.0
ANFC_002057.png,0.8673318970480025,0.7657423165716546,0.8749714024393764,0.8598246403035269,0.97804345529496,0.9642944335942949,3.0,0.9818589066374248,0.8690624425243794,7649.0,55547.0,1247.0,1093.0
ANFC_002058.png,0.7997604312371225,0.666333998706328,0.8799238541689963,0.7329836545824612,0.9627131347205152,0.9540863037116382,10.0,0.883289963541811,0.6875070154974878,6009.0,56518.0,2189.0,820.0
ANFC_002059.png,0.7037268049505905,0.5428846385729719,0.7466909331987606,0.6654379239655798,0.9618604182081312,0.9420166015633848,65.02822083928241,0.8183107751896763,0.6939522378437469,4513.0,57223.0,2269.0,1531.0
ANFC_002060.png,0.6619143283220845,0.49467260756541337,0.847634854797073,0.5429513077245427,0.9277612542231224,0.9203948974621523,107.85078235813536,0.6842724488096243,0.5872662084011816,5107.0,55212.0,4299.0,918.0
ANFC_002061.png,0.7472061657154525,0.5964318671488441,0.776065639406037,0.7204161248634204,0.945806776854528,0.919921875001222,8.06225774829855,0.836372297031094,0.5572538536456642,7756.0,52532.0,3010.0,2238.0
ANFC_002062.png,0.6510260851492665,0.48260835736653895,0.873398112959668,0.518908969250426,0.9016000684538102,0.8985443115249857,125.87669903664035,0.7107433896548327,0.4699237165046501,6202.0,52685.0,5750.0,899.0
ANFC_002063.png,0.7567264574331942,0.6086564473379944,0.7433920705552335,0.7705479452709624,0.9870121478420294,0.9735107421879043,17.857250454080035,0.8199914124051924,0.6941591330525155,2700.0,61100.0,804.0,932.0
ANFC_002064.png,0.7923905872117665,0.6561646330671859,0.8258079303431346,0.7615726062395294,0.9602886815708451,0.9423828125008793,5.385164807134504,0.8600675201012644,0.7384326863270813,7206.0,54554.0,2256.0,1520.0
ANFC_002065.png,0.7395869191274022,0.5867813738103536,0.7704859243732318,0.7110706603158911,0.9708801014031108,0.9538269042975797,21.87677292199162,0.8208949556008615,0.7783920594721639,4297.0,58213.0,1746.0,1280.0
ANFC_002066.png,0.7046221570282742,0.5439510648454972,0.7598101266202832,0.6569083447801767,0.9576465820055788,0.9385681152353125,13.912042388761625,0.7745893811271565,0.5589521072265335,4802.0,56708.0,2508.0,1518.0
ANFC_002067.png,0.8451475926412474,0.7318230340728474,0.8710998164801497,0.8206969939052012,0.9769387371054191,0.9654998779302141,3.1622776601683795,0.9547118611395465,0.8567101241839596,6170.0,57105.0,1348.0,913.0
ANFC_002068.png,0.7843932100465928,0.6452688620628106,0.8398209684199348,0.7358288770367405,0.9617798256630198,0.9480590820320427,8.06225774829855,0.8277112332674443,0.7918580843829857,6192.0,55940.0,2223.0,1181.0
ANFC_002069.png,0.8311671844397917,0.7111087004001835,0.8291171262548549,0.8332274056396051,0.977234079472892,0.9593658447271827,17.0,0.871605227858054,0.8357962390533394,6555.0,56318.0,1312.0,1351.0
ANFC_002070.png,0.8644357461897328,0.7612389552615556,0.8554282596993532,0.8736349454118971,0.9798832733146496,0.9624786376958852,3.605551275463989,0.9449426217994925,0.8849969046446603,7840.0,55237.0,1134.0,1325.0
ANFC_002071.png,0.7983841881412116,0.6644255013009455,0.7623639620109707,0.8379769836708091,0.9816394117751147,0.9573516845709633,7.447941497572213,0.8410086059149051,0.7776378706576271,5534.0,57207.0,1070.0,1725.0
ANFC_002072.png,0.7111370036206295,0.551755311202086,0.7714345903156867,0.659582132626156,0.9689088486408904,0.9546051025397553,16.0,0.7397823459288595,0.6997737856290359,3662.0,58899.0,1890.0,1085.0
ANFC_002073.png,0.7488247765002466,0.5984971269193314,0.7380087209778327,0.759962581897107,0.9786280650323389,0.9584197998053221,11.180339887498949,0.8363773898598219,0.7762867413042006,4062.0,58749.0,1283.0,1442.0
ANFC_002074.png,0.7762916006480957,0.6343762951062603,0.7651837041033263,0.7877267464572589,0.971321305663237,0.9461517333992593,49.06076675967378,0.7691486897924261,0.6585255170425164,6123.0,55884.0,1650.0,1879.0
ANFC_002075.png,0.8332003192440788,0.714090287307788,0.866334737665475,0.8025070955768085,0.9710586971219684,0.9585418701178202,5.0990195135927845,0.9365993508211905,0.7468903830268941,6786.0,56033.0,1670.0,1047.0
ANFC_002076.png,0.7544949330113877,0.6057742782842039,0.776059179606353,0.7340966921683424,0.979467867376513,0.9656219482427122,9.401815630842027,0.8686033312570792,0.6895297635201586,3462.0,59821.0,1254.0,999.0
ANFC_002077.png,0.8260387811794978,0.7036337895699806,0.8122389686195317,0.840315611527275,0.9858401772478995,0.9712524414066888,4.242640687119285,0.9298552250384586,0.7856118479874259,4473.0,59179.0,850.0,1034.0
ANFC_002078.png,0.8344514174779373,0.7159301894853584,0.9247002398442685,0.7602523660251371,0.9904178027140562,0.9883270263673657,2.8284271247461903,0.9740202824738826,0.8839753967347925,1928.0,62843.0,608.0,157.0
ANFC_002079.png,0.8155232294853011,0.688509264007436,0.8610756802868754,0.7745482359905776,0.9579888825549104,0.9440765380867909,6.0,0.9490627817776983,0.6824651722897139,8101.0,53770.0,2358.0,1307.0
ANFC_002080.png,0.8361185738428979,0.7183881064383107,0.8274152848028645,0.845006902913483,0.9690668626015969,0.9450836181649006,5.385164807134504,0.9388836629202526,0.7779835160328014,9181.0,52756.0,1684.0,1915.0
ANFC_002081.png,0.7070056232598989,0.5467971369442062,0.8100671141194541,0.6272084806041147,0.9382467375970415,0.9236755371105397,19.8541219597369,0.7899939530877741,0.5321822027610094,6035.0,54499.0,3587.0,1415.0
ANFC_002082.png,0.8080759811356505,0.6779593064370092,0.9059737476686347,0.7292722372259545,0.9567590838650464,0.9509735107429357,8.015564437074637,0.9273714022508402,0.5521061391601124,6764.0,55559.0,2511.0,702.0
ANFC_002083.png,0.8260364729303984,0.7036304398762357,0.8527711183397587,0.800927152344248,0.9742835144157023,0.9611358642584056,5.830951894845301,0.9486256286868733,0.6403238786153903,6047.0,56942.0,1503.0,1044.0
ANFC_002084.png,0.7513245033249821,0.6016971625915587,0.7257703380183633,0.7787438508432967,0.965560838364486,0.9312438964854243,59.033888572581766,0.8247474657457025,0.6202646282451082,6807.0,54223.0,1934.0,2572.0
ANFC_002085.png,0.8453498671481932,0.7321264191743759,0.8315520446292342,0.8596133061295048,0.9794652894888374,0.9600372314459223,5.0,0.9482597613335508,0.785316525230206,7158.0,55759.0,1169.0,1450.0
ANFC_002086.png,0.797379692627998,0.6630352803433307,0.8187933354218365,0.7770575525656003,0.9593721475496327,0.9386444091806239,9.848857801796104,0.9464111033359941,0.4059673126159471,7912.0,53603.0,2270.0,1751.0
ANFC_002087.png,0.7914038433481441,0.6548124772842806,0.8839914796192051,0.7163723277497845,0.9640603705018413,0.9566040039069122,5.385164807134504,0.9323708110672335,0.6365755660905776,5395.0,57297.0,2136.0,708.0
ANFC_002089.png,0.6248274742530789,0.45436297089923683,0.5727895207542736,0.6872655831957017,0.9702302016394602,0.9294891357432635,56.0,0.6904628402031125,0.6019973829131534,3848.0,57067.0,1751.0,2870.0
ANFC_002090.png,0.783663228339583,0.6442814577533484,0.8769302761071704,0.7083280836955616,0.9608456659626072,0.9526367187507229,11.795084971874736,0.8702781843714877,0.7005792137087249,5622.0,56810.0,2315.0,789.0
ANFC_002091.png,0.757987716530399,0.6102900322691088,0.8523979512878476,0.6824055666398602,0.9567461459063383,0.9464874267586292,12.070610555153882,0.8599555457183232,0.7052664651160724,5492.0,56537.0,2556.0,951.0
ANFC_002093.png,0.591418631777573,0.41986827693750367,0.545649073077283,0.6455696205522619,0.9934512115259698,0.9838714599611837,39.98808099391372,0.7262440389038112,0.4516678533870682,765.0,63714.0,420.0,637.0
ANFC_002094.png,0.8108204624755986,0.6818318318796048,0.8820901321130361,0.7502065092102749,0.974961912963255,0.967666625977056,5.830951894845301,0.8870706867384497,0.6373390747911616,4541.0,58876.0,1512.0,607.0
ANFC_002095.png,0.7681173042797145,0.6235312071381762,0.8847986141436122,0.6786248132073368,0.9682359893632714,0.962356567383387,9.063593104095183,0.8714770672055966,0.4994314821513474,4086.0,58983.0,1935.0,532.0
ANFC_002096.png,0.7295524129276058,0.5742483361087334,0.7932783767300956,0.6753036438123337,0.9807155910361849,0.9716949462894945,68.15410440353169,0.7657277735984065,0.5973969463273273,2502.0,61179.0,1203.0,652.0
ANFC_002097.png,0.749408654549964,0.5992434357812096,0.8355569345840654,0.679364278587446,0.9796029720928281,0.9725189208988569,34.04995872616022,0.8354786917679793,0.6259900076077612,2693.0,61042.0,1271.0,530.0
ANFC_002098.png,0.837245901660689,0.7200541394721285,0.9006772009309602,0.7821612350448024,0.9856594399279639,0.9810638427737266,4.47213595499958,0.905999411887972,0.7592076159402297,3192.0,61103.0,889.0,352.0
ANFC_002099.png,0.6206104365571692,0.44991672627886825,0.5700934580735323,0.6809506663014222,0.9857599768561732,0.9647216796880385,19.7631693617739,0.6613913232082315,0.37047616174037706,1891.0,61333.0,886.0,1426.0
ANFC_002100.png,0.76650366750545,0.6214073340565894,0.7803360299148856,0.7531531532025718,0.9796920036238213,0.9650268554692838,67.91874193653548,0.8264923821559605,0.5996751734772864,3762.0,59482.0,1233.0,1059.0
ANFC_002101.png,0.7467006251740332,0.595787918049919,0.7361333029591113,0.7575757576327047,0.9831248467012815,0.9666137695317596,13.0,0.8298049083527096,0.6319052174399887,3225.0,60123.0,1032.0,1156.0
ANFC_002102.png,0.6554866934432512,0.4875271150600999,0.6139312543560366,0.7030761210367372,0.9813715388518494,0.9567413330084726,55.0,0.7246828923098068,0.4736500171134595,2697.0,60004.0,1139.0,1696.0
ANFC_002103.png,0.8230143840453363,0.6992561106805228,0.8657894737725069,0.7842669846339291,0.994345163709161,0.9913635253907569,5.131370849898431,0.9318991371636823,0.6853157884396415,1316.0,63654.0,362.0,204.0
ANFC_002105.png,0.7490018632555225,0.5987234044260752,0.8450450451381111,0.672562141647915,0.9892752579419568,0.9856109619142822,4.0,0.8874761414633241,0.6150605653084136,1407.0,63186.0,685.0,258.0
ANFC_002106.png,0.694259390546526,0.5316977855988497,0.8574929972487769,0.583234103457196,0.9720804084241851,0.9670867919926899,25.60615917260616,0.7978251767435843,0.4269987369536592,2449.0,60930.0,1750.0,407.0
ANFC_002107.png,0.8630627976696096,0.7591121091933744,0.9071111569917317,0.8230942124158931,0.9661754436233607,0.957443237305337,7.0710678118654755,0.9553025412364892,0.6106661663154708,8789.0,53958.0,1889.0,900.0
ANFC_002108.png,0.8476431992976837,0.7355735643610749,0.9224636411492497,0.7840494452465523,0.9464173533877829,0.9422454833993189,10.153590005366139,0.9033587541142825,0.559684676744286,10529.0,51222.0,2900.0,885.0
ANFC_002109.png,0.7424743189153663,0.5904247763048125,0.760197548973807,0.7255586592657893,0.9738300953907368,0.9560089111334839,12.083045973594572,0.8195422590078032,0.7377098738148334,4156.0,58497.0,1572.0,1311.0
ANFC_002110.png,0.7525384014740603,0.6032557654593285,0.7958425110413212,0.7137037037390489,0.9602038714998592,0.9419860839852603,5.0,0.8333361403880567,0.6825873851559857,5781.0,55953.0,2319.0,1483.0
ANFC_002111.png,0.8028918151405685,0.6706927789085763,0.892947392615099,0.7293367107862523,0.9492345592125773,0.9417572021493263,11.02041245773426,0.8724147196537281,0.6616742366890992,7774.0,53945.0,2885.0,932.0
ANFC_002112.png,0.713991915487271,0.5552001765131576,0.8041533546638733,0.6420099477564074,0.9526452527169066,0.9384613037118766,13.971137746493447,0.7600411182807076,0.6785098483037113,5034.0,56469.0,2807.0,1226.0
ANFC_002113.png,0.8668183788542037,0.7649421440408394,0.898764044955195,0.8370657178906378,0.9725086517414275,0.9624938964849474,6.300376041332872,0.884470140028932,0.6489586371132148,7999.0,55079.0,1557.0,901.0
ANFC_002114.png,0.727920792115126,0.5722291408110773,0.8002902758199447,0.6675544794993814,0.9778872944552691,0.9685516357426674,5.0,0.8392544686199843,0.7213228656244194,2757.0,60718.0,1373.0,688.0
ANFC_002115.png,0.8735578370105489,0.7755017218990915,0.8913533064975532,0.8564590164028552,0.9569797378307691,0.9423065185555679,9.848857801796104,0.9360187907210407,0.5912464029032793,13061.0,48694.0,2189.0,1592.0
ANFC_002116.png,0.7888442261034766,0.6513152503768487,0.770453664233186,0.8081342145594169,0.9658275986967434,0.9350738525400533,8.807493252816515,0.8179970804388349,0.5928974922460717,7948.0,53333.0,1887.0,2368.0
ANFC_002117.png,0.7961492440010797,0.6613355019733139,0.7970162256564286,0.7952841464962204,0.9665678845852649,0.9428100585946227,18.027756377319946,0.8102402636690937,0.64833628896643,7319.0,54469.0,1884.0,1864.0
ANFC_002118.png,0.6421640694123985,0.4729320052427084,0.5774722369563753,0.723178807983685,0.9627324762403893,0.9071502685561044,24.149511389268213,0.7503176669891282,0.543514158995755,5460.0,53991.0,2090.0,3995.0
ANFC_002119.png,0.8204418151035029,0.6955501014090759,0.9228373212625177,0.7384998867280195,0.9605287910666371,0.9564666748053519,5.0990195135927845,0.9282032100948083,0.7546653974283583,6518.0,56165.0,2308.0,545.0
ANFC_002120.png,0.7915150836854807,0.654964801810396,0.9006495987898804,0.7059704473137011,0.9489468666039881,0.9431610107430549,9.848857801796104,0.876728256506451,0.5556402647057455,7071.0,54740.0,2945.0,780.0
ANFC_002121.png,0.7549441100902906,0.6063535912378939,0.8123182659761252,0.7051399725320926,0.9791912943504091,0.9695587158207771,64.1423932790303,0.8499716542015786,0.7222515410753266,3073.0,60468.0,1285.0,710.0
ANFC_002122.png,0.7990139211282618,0.6652982371812004,0.8372587752868472,0.7641103869416017,0.971147485370687,0.9577026367193955,11.233687332093286,0.8805540606530515,0.7106183526677119,5510.0,57254.0,1701.0,1071.0
ANFC_002123.png,0.7878645343866734,0.6499805977299261,0.9068760152101375,0.6964656965919063,0.9885380520970883,0.9862365722658352,48.11776105083504,0.8709221234894073,0.7836555574784155,1675.0,62959.0,730.0,172.0
ANFC_002124.png,0.749892132928248,0.5998619421077169,0.7933657943416416,0.7109353695906911,0.9829718875504744,0.9734649658207175,98.55140020522546,0.805081788059918,0.7078566231784199,2607.0,61190.0,1060.0,679.0
ANFC_002125.png,0.8486646884375058,0.7371134020926531,0.8687008145977219,0.82953197101786,0.977818949102331,0.9657592773442726,8.0,0.9122780790994216,0.5435965272319113,6292.0,57000.0,1293.0,951.0
ANFC_002126.png,0.7808187672745148,0.6404451990868807,0.8378578480163233,0.7310508183180338,0.9796857719084691,0.9709167480473189,6.033105012119276,0.8400472854836752,0.6109041779084309,3395.0,60235.0,1249.0,657.0
ANFC_002127.png,0.8508255286423844,0.740379768149827,0.890101010123212,0.8148696134982671,0.9834780312286093,0.9764251708987973,4.0,0.9519542601641716,0.7902713408741202,4406.0,59585.0,1001.0,544.0
ANFC_002128.png,0.7437288135810399,0.5920129520248228,0.8830750654290451,0.6423656858963014,0.9596645037733474,0.9538574218757042,34.0147027033899,0.8215256938289125,0.6778624508984787,4388.0,58124.0,2443.0,581.0
ANFC_002129.png,0.7836743626454017,0.6442965095998027,0.8914612895465618,0.6991409606210188,0.9749508281998253,0.9698333740238979,4.0,0.9521118017526118,0.7620789111855363,3581.0,59978.0,1541.0,436.0
ANFC_002130.png,0.6708186841114195,0.5046856107157367,0.8045783133001015,0.5751937985227917,0.9598279738057566,0.9499969482429506,38.157201192497,0.8227164299273596,0.6948442201894426,3339.0,58920.0,2466.0,811.0
ANFC_002131.png,0.7738067429904378,0.6310642621753793,0.8145901639648213,0.736912353590848,0.9701527693658699,0.955673217774114,22.600687756707313,0.8283972844857329,0.7726877464348403,4969.0,57662.0,1774.0,1131.0
ANFC_002132.png,0.8183979789108041,0.6926172808838363,0.8411486177117536,0.7968456084796924,0.9761989523474512,0.9627075195318191,3.0,0.9325612379497276,0.8479593495266254,5507.0,57585.0,1404.0,1040.0
ANFC_002133.png,0.8307724252667388,0.7105309892185169,0.8596905887710161,0.803736440376911,0.9839525639764799,0.9751281738285046,4.0,0.9397592519859094,0.8543184750921924,4001.0,59905.0,977.0,653.0
ANFC_002134.png,0.64791666671906,0.47919876744899864,0.8101972460698931,0.5397966775254657,0.9704689016536385,0.963897705078676,59.256880423475735,0.7380089307331824,0.6174528156238053,2177.0,60993.0,1856.0,510.0
ANFC_002135.png,0.7887850467552916,0.651234567972997,0.8028919330789214,0.7751653196729941,0.9850959509045508,0.9741363525394573,4.0,0.9129118042481444,0.826136244431711,3165.0,60676.0,918.0,777.0
ANFC_002136.png,0.8330442603049371,0.7138610591529384,0.8825370899846826,0.7888077859137703,0.9701661826123466,0.9603424072271677,4.242640687119285,0.9511090488142471,0.7134705542768517,6484.0,56453.0,1736.0,863.0
ANFC_002137.png,0.8168739859581532,0.690437008650496,0.8032333546472593,0.8309859155301527,0.9873756883375133,0.9741668701175817,4.123105625617661,0.9315835629581076,0.8546578243411208,3776.0,60067.0,768.0,925.0
ANFC_002138.png,0.7794723825378214,0.6386355961230851,0.8119364534403984,0.7495045580988896,0.9676168679231478,0.9510192871101225,11.180339887498949,0.8717533901345501,0.6747499895743566,5673.0,56653.0,1896.0,1314.0
ANFC_002139.png,0.7382239382576289,0.5850673195460898,0.9434210526501905,0.6063424947978133,0.9702060931904409,0.9689636230473487,5.0,0.8225807046287529,0.7962847750286105,2868.0,60634.0,1862.0,172.0
ANFC_002140.png,0.7096485337240152,0.5499653019517756,0.7056990205463715,0.7136425034413231,0.9791625712604161,0.9604187011724791,48.15391073599658,0.6381754909363724,0.5664942755252185,3170.0,59772.0,1272.0,1322.0
ANFC_002141.png,0.8278698741333828,0.7062951935971298,0.834841629000794,0.8210135970776233,0.988238734202082,0.9789276123050091,3.0,0.9470875703138574,0.9148741322288585,3321.0,60834.0,724.0,657.0
ANFC_002142.png,0.7343219582393564,0.5801806889948671,0.8946451894233151,0.6227272728415978,0.9803127816698507,0.9773101806644088,49.0,0.8535421201783312,0.700595099402203,2055.0,61994.0,1245.0,242.0
ANFC_002143.png,0.8095335098927458,0.6800136892904388,0.7793175578795506,0.8421870585133955,0.9807037849606871,0.9571990966803406,4.123105625617661,0.9510799053347821,0.8139385836853683,5961.0,56770.0,1117.0,1688.0
ANFC_002144.png,0.6149940263418467,0.44403709306792377,0.6358863497109678,0.5954308850215643,0.9775434203348816,0.9606628417974753,81.29601545056761,0.6512275842659218,0.5474539865786565,2059.0,60899.0,1399.0,1179.0
ANFC_002145.png,0.8036288036411751,0.6717219589603242,0.7782794387091788,0.8306850742601348,0.977328613034699,0.9524383544929134,6.0,0.8834855605253633,0.6907632603942723,6378.0,56041.0,1300.0,1817.0
ANFC_002146.png,0.8362074841635739,0.7185193862342135,0.9151126361457388,0.7698293172979632,0.968827018850495,0.963333129883372,6.0,0.9278432143540973,0.7816245851713454,6134.0,56999.0,1834.0,569.0
ANFC_002147.png,0.7610723590418462,0.6142992810182745,0.7649940868786967,0.7571906354921086,0.9756445309227965,0.9566192626959745,16.589094005185412,0.7946327096619249,0.6647197553931158,4528.0,58165.0,1452.0,1391.0
ANFC_002148.png,0.7047672149840023,0.544123977713275,0.7949685535235947,0.6329494242281047,0.9764898325746281,0.9676818847661183,118.20744477400736,0.7856670437987644,0.6284892562698748,2528.0,60890.0,1466.0,652.0
ANFC_002149.png,0.8007128969862747,0.6676573899844211,0.9216710183059788,0.7078201089350272,0.9837721740516463,0.9812316894534114,3.0,0.9519329153659541,0.8687988635444611,2471.0,61835.0,1020.0,210.0
ANFC_002150.png,0.8089978448533138,0.6792580864783401,0.8681699913650853,0.757377049241519,0.9845031170967589,0.9783630371097053,3.0,0.9434270581773948,0.8933136023809668,3003.0,61115.0,962.0,456.0
ANFC_002151.png,0.8223816355980506,0.6983430799710294,0.8179223744638656,0.8268897865307002,0.9850696748509444,0.9716644287113699,8.14326787611021,0.8924913045745531,0.8574601778275306,4299.0,59380.0,900.0,957.0
ANFC_002152.png,0.7968841285494758,0.6623502752246114,0.8611111111403384,0.7415730337546985,0.97653987891589,0.9681701660161108,6.708203932499369,0.907435006970417,0.8148313885960814,4092.0,59358.0,1426.0,660.0
ANFC_002153.png,0.7705277132578475,0.6267141777748932,0.7995591679570796,0.7435306175065935,0.9656468246483922,0.9472503662117425,7.0710678118654755,0.8480316783738099,0.7174727906266766,5804.0,56275.0,2002.0,1455.0
ANFC_002154.png,0.7885430366952694,0.6509047045053191,0.8459006114052515,0.7384699603478213,0.9676961306359738,0.9558410644537989,18.324608120371078,0.8872058960177015,0.5890566849530054,5396.0,57246.0,1911.0,983.0
ANFC_002155.png,0.7980175431775157,0.663917795689252,0.7687760515521959,0.8295714753165218,0.9601841768410961,0.9216461181652582,7.242155853186609,0.896553293340573,0.7116233634478139,10144.0,50257.0,2084.0,3051.0
ANFC_002156.png,0.8052533245518599,0.673995032685678,0.789887882730715,0.8212284241401896,0.9716494845365864,0.9459228515633252,6.708203932499369,0.8837958142267267,0.7218964363292649,7327.0,54665.0,1595.0,1949.0
ANFC_002157.png,0.836739843563163,0.7193058568634159,0.8246704800019062,0.8491677336940886,0.9795109054861462,0.9605102539068526,8.94427190999916,0.963716756983147,0.547564307785668,6632.0,56316.0,1178.0,1410.0
ANFC_002158.png,0.7577119635639609,0.6099325932186823,0.7299798315660244,0.7876344086293351,0.9709492706678524,0.9399566650399788,12.318368922788846,0.8754525672997868,0.6382766867031247,6153.0,55448.0,1659.0,2276.0
ANFC_002159.png,0.7772581836218768,0.6356682770092926,0.7605057194749542,0.7947653202724594,0.9715014589999912,0.944763183594593,19.786258082297614,0.8859957979446792,0.7115112964723886,6316.0,55600.0,1631.0,1989.0
ANFC_002160.png,0.7018747507218289,0.5406833825539966,0.830626888249504,0.6076806189242049,0.9528552456847136,0.9429779052743077,57.240707284654306,0.8066752990970865,0.6088270971123322,4399.0,57400.0,2840.0,897.0
ANFC_002161.png,0.7691563350608311,0.6249017295966095,0.7819724545275489,0.7567535404311849,0.9643927252462478,0.9417572021493263,16.026536610599187,0.809953004121957,0.7434911888852593,6359.0,55360.0,2044.0,1773.0
ANFC_002162.png,0.8448975234924798,0.7314481101809954,0.8867353798020686,0.806829765565053,0.9665253488788814,0.9556579589850517,19.67736279195948,0.8906565601055149,0.7783007303750785,7915.0,54715.0,1895.0,1011.0
ANFC_002163.png,0.7847000869521201,0.6456843109766834,0.8616885872164427,0.7203404859513494,0.9740718818852706,0.9659881591802066,5.0,0.9028721038286011,0.7010369716822112,4062.0,59245.0,1577.0,652.0
ANFC_002166.png,0.7127744831132574,0.5537292990220734,0.775684632866617,0.6593031875968417,0.9615738340892335,0.9453125000008346,15.038268856975314,0.7996339614701924,0.5575380110529284,4447.0,57505.0,2298.0,1286.0
ANFC_002167.png,0.8599097131309226,0.7542470303034555,0.8622955607677723,0.8575370316791262,0.9832844874593906,0.9706420898441981,4.47213595499958,0.9174347513199571,0.8359683875432882,5905.0,57707.0,981.0,943.0
ANFC_002168.png,0.8006291781458598,0.6675409836338081,0.8302579264114326,0.7730422401734179,0.9570944066618139,0.9381103515634445,9.0,0.8965848133210761,0.7281621481938122,8144.0,53336.0,2391.0,1665.0
ANFC_002169.png,0.7651304127775936,0.6196042243802313,0.8380252392403238,0.7039021549558646,0.9564166309480254,0.9433898925789889,14.866068747318506,0.873930346244178,0.7025148007463693,6043.0,55783.0,2542.0,1168.0
ANFC_002170.png,0.8401783061016239,0.7244029927514192,0.8829481574162463,0.8013605442402085,0.9695468530015201,0.9589691162115637,5.735198189901163,0.9427312038515334,0.7917501419857971,7068.0,55779.0,1752.0,937.0
ANFC_002171.png,0.8221451573023637,0.6980021030705922,0.9049350177310792,0.7532339814090904,0.9401830084546938,0.9342651367197531,17.096740941184862,0.9181739129302359,0.736470937102281,9957.0,51271.0,3262.0,1046.0
ANFC_002172.png,0.7995125914054011,0.6659899851582095,0.817577670739728,0.7822285805464587,0.9769813666687336,0.9623413085943248,40.88949936646265,0.8817309300854624,0.6809756009005704,4921.0,58147.0,1370.0,1098.0
ANFC_002173.png,0.714402544323998,0.555696918355146,0.8047082907257506,0.6423202614963528,0.9639082620243045,0.9520416259772944,35.95270417295004,0.7858154808346483,0.640270100407093,3931.0,58462.0,2189.0,954.0
ANFC_002174.png,0.71316085493347,0.5541958042932263,0.7210690930562783,0.7054242003601046,0.9829245876266479,0.9688720703129751,21.819627466335763,0.8359563658204902,0.6465071660155222,2536.0,60960.0,1059.0,981.0
ANFC_002175.png,0.6058248554153377,0.43453999149598793,0.7867875648220758,0.4925397341075997,0.9492671379475117,0.9396972656259203,44.47238711290454,0.6476321915430471,0.5442374007699304,3037.0,58547.0,3129.0,823.0
ANFC_002176.png,0.7009310037366495,0.5395641076890704,0.7475516866845615,0.6597839136471106,0.9770934367931281,0.9642181396489836,56.74497608826919,0.7475141783723747,0.5272952465977286,2748.0,60443.0,1417.0,928.0
ANFC_002177.png,0.7798152096816052,0.6390959925863122,0.8293272864959444,0.735881958452598,0.966582373008493,0.9527282714850964,6.131121088305883,0.9069798780868057,0.6880293146711256,5486.0,56952.0,1969.0,1129.0
ANFC_002178.png,0.7836553204704343,0.6442707677241559,0.8116563443208422,0.757521861604043,0.9723830584585765,0.9569396972662821,5.656854249492381,0.8626463325244595,0.689373164366844,5111.0,57603.0,1636.0,1186.0
ANFC_002179.png,0.7566642908227609,0.6085760147204109,0.8314536341116144,0.6942191996214728,0.9604747092243631,0.94790649414142,17.698865796382936,0.8449624563243564,0.7261067271861734,5308.0,56814.0,2338.0,1076.0
ANFC_002180.png,0.6995326674883595,0.5379086810121323,0.7873349835422163,0.6293487222375352,0.9629580806755379,0.9499664306648261,16.02809758769326,0.8417273581706727,0.5539244872305586,3817.0,58440.0,2248.0,1031.0
ANFC_002181.png,0.8133886256034722,0.6854717923429384,0.8202891624064657,0.8066032193859002,0.9712071649733026,0.9519348144538585,11.826280905968959,0.9145356782965705,0.6588062886773834,6865.0,55521.0,1646.0,1504.0
ANFC_002182.png,0.7982862039763006,0.6642897890290104,0.8092425296006801,0.7876225905351293,0.9899773372914875,0.9820404052737116,4.0,0.9496426296629292,0.7727485669946341,2329.0,62030.0,628.0,549.0
ANFC_002183.png,0.748421759603973,0.5979823997428669,0.8017266187620931,0.7017632242564829,0.9809219961009181,0.9714202880863737,45.09988913511872,0.8035182214239005,0.6317572415173387,2786.0,60877.0,1184.0,689.0
ANFC_002184.png,0.8335608787493136,0.7146201319733326,0.8727745289314133,0.7977194441385296,0.9705572171993818,0.9590759277349996,4.47213595499958,0.896998525821494,0.7728405619977705,6716.0,56138.0,1703.0,979.0
ANFC_002185.png,0.7325267030212061,0.5779425134919964,0.8786815523786623,0.6280589755564631,0.91281110260083,0.9079132080092177,49.72926703662542,0.8464955997663574,0.5610002226327823,8264.0,51237.0,4894.0,1141.0
ANFC_002186.png,0.8399051720044557,0.7239969972704983,0.9086150947442044,0.7808564231935178,0.9564867906336479,0.949508666992958,5.385164807134504,0.9611861896805164,0.6805423748471421,8680.0,53547.0,2436.0,873.0
ANFC_002187.png,0.7269671184234723,0.5710513286728748,0.8792884371335988,0.619627507231442,0.9655200402596464,0.9603424072271677,65.0,0.7732642063499251,0.5799081879864801,3460.0,59477.0,2124.0,475.0
ANFC_002188.png,0.849520592187912,0.7384057345419807,0.9149277688694566,0.7928412463100111,0.9602427435005563,0.9537811279303928,5.0,0.9701328548708725,0.7219612398200845,8550.0,53957.0,2234.0,795.0
ANFC_002189.png,0.7408691882799535,0.5883973145828202,0.7315924658108748,0.7503841932490923,0.9813190063094552,0.9635162353521193,17.070421153222465,0.7531891896686859,0.566567290596474,3418.0,59727.0,1137.0,1254.0
ANFC_002190.png,0.8131779180907731,0.6851725549253054,0.8231727302668655,0.8034229046862266,0.9539113477845588,0.9295654296885748,8.94427190999916,0.903378900549175,0.6058410747821216,10046.0,50874.0,2458.0,2158.0
ANFC_002191.png,0.8297221202175002,0.7089958159198748,0.8450669104941346,0.814924655353084,0.9568451546592497,0.9363250732431592,53.72614121431931,0.8739352287446801,0.6103431844137592,10167.0,51196.0,2309.0,1864.0
ANFC_002192.png,0.8350877193071478,0.7168674699057583,0.8991049633965936,0.7795807297138097,0.9615864261507108,0.9533843994147739,7.810249675906654,0.9068433200306281,0.5968247923164727,7735.0,54746.0,2187.0,868.0
ANFC_002193.png,0.7692780715920995,0.6250624563180711,0.9225663716928368,0.6596709555305135,0.9450779494869447,0.9427490234383736,22.80350850198276,0.8835014941469747,0.724406382802821,6255.0,55529.0,3227.0,525.0
ANFC_002194.png,0.7774582060239567,0.6359358918341514,0.8714487205578383,0.7017686192273619,0.9696564475926625,0.9622192382818266,12.20628342384771,0.9016296849496733,0.7036723505489365,4325.0,58735.0,1838.0,638.0
ANFC_002195.png,0.7551353674469158,0.6066003866878487,0.8639134710198794,0.6706870229510402,0.964318208136105,0.956527709961601,10.805072773361228,0.8653846682541245,0.6361481096459745,4393.0,58294.0,2157.0,692.0
ANFC_002196.png,0.676408344283341,0.5110400488029481,0.8676318511200538,0.5542526838060688,0.9562333787384667,0.9510040283210602,65.09601202601324,0.7489983926784004,0.6241211045785626,3356.0,58969.0,2699.0,512.0
ANFC_002197.png,0.755097400154999,0.6065513882602835,0.8923324973320794,0.6544475102280322,0.9561330353278158,0.9506988525398149,10.770329614269007,0.8887644202893531,0.6703836133107228,4981.0,57324.0,2630.0,601.0
ANFC_002198.png,0.7592365862614882,0.611910842859077,0.8246245306907659,0.7034565594950679,0.9624306776686996,0.948989868164841,13.0,0.8531120863665606,0.77425791932367,5271.0,56922.0,2222.0,1121.0
ANFC_002200.png,0.4612275828589979,0.29973736070264695,0.8916015626058578,0.3110732540677774,0.9686569940481049,0.9674530029301842,94.6137982364131,0.5805044955079917,0.42921307333203906,913.0,62490.0,2022.0,111.0
ANFC_002202.png,0.8653057462851801,0.7625893437489775,0.87944923193336,0.8516099773377225,0.970178636529891,0.9553985595709932,5.830951894845301,0.9609603850592503,0.6824001475489727,9389.0,53224.0,1636.0,1287.0
ANFC_002203.png,0.8125804375955131,0.6843246173033025,0.8566824966321773,0.7727968176602208,0.9751006036221479,0.9644470214849176,4.47213595499958,0.985192456450018,0.7856102501585545,5051.0,58155.0,1485.0,845.0
ANFC_002204.png,0.7739109660130675,0.6312029098946216,0.8415310010665863,0.7163496978156643,0.9678056289955522,0.9566802978522236,5.830951894845301,0.9216678883707773,0.7605905930342756,4859.0,57838.0,1924.0,915.0
ANFC_002205.png,0.7067125934884725,0.546446667591731,0.842885771574572,0.6084189209303603,0.9552901925815861,0.9467315673836254,30.59738481125095,0.847718900726022,0.6830965363090352,4206.0,57839.0,2707.0,784.0
ANFC_002206.png,0.7635596376115726,0.6175466774508036,0.8846706931594275,0.6716157205957171,0.9757649978250412,0.9709320068363811,8.125711292189495,0.872807421259805,0.6869482963479442,3076.0,60555.0,1504.0,401.0
ANFC_002208.png,0.8367617266699096,0.7193382008360012,0.9604686521813373,0.7412852902780918,0.9310459019422124,0.9360656738291007,6.082762530298219,0.9641555528045491,0.7293894400999199,10739.0,50607.0,3748.0,442.0
ANFC_002209.png,0.8018775669938636,0.669278485166877,0.9275178716923792,0.7062146892857782,0.9217399284221026,0.9227142333996169,12.26742096872471,0.8857042098363944,0.5666350371153969,10250.0,50221.0,4264.0,801.0
ANFC_002210.png,0.8201985089045328,0.6952004342331395,0.8979469203907915,0.7548408823240579,0.9475797015364695,0.9400177001962279,5.0,0.9160068762804132,0.7844664779630764,8966.0,52639.0,2912.0,1019.0
ANFC_002211.png,0.7306195619023821,0.5755717828895307,0.7201965348056033,0.7413487134213532,0.9459534625021608,0.905990600587372,33.57287013891498,0.8010590024459662,0.509316888039905,8355.0,51020.0,2915.0,3246.0
ANFC_002212.png,0.8196674853665376,0.6944377751344988,0.8961991324213799,0.7551784160352325,0.9496365524411925,0.9417419433602641,8.06225774829855,0.8897824440160286,0.7755090648985765,8677.0,53041.0,2813.0,1005.0
ANFC_002213.png,0.808364013980536,0.6783648895129236,0.9238321286089295,0.7185533272032766,0.9403913483935452,0.9380493164071954,5.0,0.9359801479781756,0.7464184290753456,8563.0,52913.0,3354.0,706.0
ANFC_002214.png,0.7078600173344272,0.5478199164592116,0.7875765132863777,0.6427976686425388,0.9319215713945072,0.9124908447278979,28.278882826076387,0.8224841036462761,0.6117395359056493,6948.0,52853.0,3861.0,1874.0
ANFC_002215.png,0.7083553294760112,0.5484134651446524,0.8895853423469642,0.5884698190265154,0.909835779176977,0.9072723388686025,31.32473799091154,0.810614124122562,0.6765743960394063,7380.0,52079.0,5161.0,916.0
ANFC_002216.png,0.7468848996965742,0.5960225836693333,0.7357744720965594,0.7583360137495083,0.9596945800482861,0.9268493652354913,9.011077027627474,0.8042665076126179,0.5602497604133498,7073.0,53669.0,2254.0,2540.0
ANFC_002217.png,0.8132383880962438,0.6852584208587714,0.8761987794353794,0.7587196134864321,0.9408870639599585,0.9295654296885748,5.0,0.9374740174681742,0.6598834222211584,10050.0,50870.0,3196.0,1420.0
ANFC_002218.png,0.8178058866519162,0.6917695473432234,0.8974906567082991,0.7511170688273257,0.9256270863152003,0.9199981689465333,13.91401056209039,0.8854584724741963,0.5680077852646616,11767.0,48526.0,3899.0,1344.0
ANFC_002219.png,0.8021263202139566,0.6696251313984803,0.7855870667361565,0.8193769648600046,0.950371039303656,0.9136657714856925,5.385164807134504,0.9352562902667858,0.7450523850865615,11468.0,48410.0,2528.0,3130.0
ANFC_002220.png,0.821729913968921,0.6974036969311836,0.866725120572843,0.781175912772153,0.9488463172683149,0.9345550537119363,4.0,0.9257037791192331,0.7729221325962022,9885.0,51362.0,2769.0,1520.0
ANFC_002221.png,0.7503009672568267,0.6003853308795918,0.8216948536259597,0.6903215950125795,0.925666507757423,0.908218383790463,10.0,0.8279095455404268,0.5693212768953115,9037.0,50484.0,4054.0,1961.0
ANFC_002222.png,0.7509535977576213,0.6012215370255443,0.7548953912772768,0.7470527556920827,0.9341138086568638,0.8973846435562534,8.0,0.8506683369531965,0.6528134569706608,10139.0,48672.0,3433.0,3292.0
ANFC_002223.png,0.7244199952296378,0.5679141978873536,0.7702166616040874,0.6837637710236804,0.9371331119300398,0.912094116212279,7.269758788527599,0.8322143592616998,0.7225259068883468,7572.0,52203.0,3502.0,2259.0
ANFC_002224.png,0.8192759051276267,0.6938758247594421,0.8765761915070981,0.769007218546076,0.9561394140062633,0.9447784423836553,6.0,0.9137754276829572,0.710747328571451,8203.0,53714.0,2464.0,1155.0
ANFC_002225.png,0.7967556253376894,0.6621727407443531,0.8565481548316215,0.7447661905943292,0.953943652027363,0.9407348632821544,25.922876428902725,0.9084477459862955,0.7458335948830114,7613.0,54039.0,2609.0,1275.0
ANFC_002226.png,0.7949524168953611,0.6596854996062006,0.9273278560321471,0.6956489838069081,0.9250072317051452,0.9253692626964514,8.06225774829855,0.8925577863404096,0.7134382240484503,9481.0,51164.0,4148.0,743.0
ANFC_002227.png,0.8005726044644997,0.6674623303246708,0.8672223299217656,0.7434363576152013,0.944076207034951,0.9319763183604131,4.47213595499958,0.9470277198393461,0.7426034115124855,8948.0,52130.0,3088.0,1370.0
ANFC_002228.png,0.8184901722117547,0.6927493559298675,0.8457045291296096,0.7929726997141074,0.9548411998243853,0.9363098144540969,5.385164807134504,0.9299331305225731,0.7935869328275389,9411.0,51951.0,2457.0,1717.0
ANFC_002229.png,0.750364811353431,0.6004670948702588,0.7091912127170534,0.7966139205713606,0.9668141193469926,0.9269104003917403,12.0,0.8486381957505419,0.6054282549977528,7199.0,53547.0,1838.0,2952.0
ANFC_002230.png,0.6555911396013083,0.48764267995159877,0.6403806048435374,0.6715418261793956,0.9584715885531856,0.9212341308605769,13.341664064126334,0.7323918435062058,0.6414334322154549,4913.0,55461.0,2403.0,2759.0
ANFC_002231.png,0.6107459119024966,0.4396214610167667,0.6329954955368249,0.5900073475816094,0.9310576108456111,0.8906707763688558,47.29376184462626,0.7250757472071276,0.4436375537619457,5621.0,52750.0,3906.0,3259.0
ANFC_002232.png,0.8434782608774783,0.7293233082943413,0.8396577755571557,0.8473336719301845,0.9729681120848012,0.952758789063221,3.605551275463989,0.9478624711041083,0.865369521055978,8342.0,54098.0,1503.0,1593.0
ANFC_002233.png,0.7968067227061507,0.6622433301212121,0.8162878788195097,0.7782337492156544,0.9773807929283187,0.9631042480474381,4.47213595499958,0.926940137863441,0.7676831847643157,4741.0,58377.0,1351.0,1067.0
ANFC_002234.png,0.8289587087742318,0.7078817074998072,0.9024993602403396,0.7665000362409259,0.9401074089915056,0.9333801269541416,7.0,0.9381508571099826,0.7885915411714621,10580.0,50590.0,3223.0,1143.0
ANFC_002235.png,0.8395964003359915,0.7235382590972421,0.913048635834751,0.7770822816984269,0.9613350611150959,0.9551239013678724,4.0,0.9561512711466975,0.8215204514669083,7697.0,54898.0,2208.0,733.0
ANFC_002236.png,0.8302725691252395,0.709800033100347,0.9028799663857726,0.7684737878388846,0.9787097517238074,0.973205566406659,7.181945091471551,0.9370190367755259,0.7616227624177948,4295.0,59485.0,1294.0,462.0
ANFC_002237.png,0.7576563756878267,0.6098605578077828,0.9140170174781286,0.6469780220153235,0.9432160035361555,0.9402313232430995,10.672200953194919,0.8741876008643836,0.7521160735702541,6123.0,55496.0,3341.0,576.0
ANFC_002238.png,0.7365930599498919,0.5830212235031975,0.76105113060083,0.7136580707054768,0.9461933307019958,0.9184570312512443,6.082762530298219,0.8628934039711113,0.7218354418162346,7472.0,52720.0,2998.0,2346.0
ANFC_002239.png,0.788551900906085,0.6509167842277209,0.8181898768000896,0.7609860664720104,0.9465671366704163,0.9244689941417776,5.0,0.8992759953500569,0.7859034309504654,9230.0,51356.0,2899.0,2051.0
ANFC_002240.png,0.7427391086790974,0.5907597331882147,0.7600563669279969,0.7261933904863901,0.9612506495762818,0.937286376954082,11.34452451218707,0.8373003301365637,0.589495007941931,5933.0,55493.0,2237.0,1873.0
ANFC_002241.png,0.7881665796197271,0.6503918495571793,0.874683811143056,0.7172240947439958,0.9416214673147727,0.9319305419932262,5.830951894845301,0.9468453164954939,0.6127628724819373,8299.0,52776.0,3272.0,1189.0
ANFC_002242.png,0.7834488552916006,0.6439917127317686,0.8464960058236659,0.7291422316264647,0.9364636830532563,0.9213409423840129,5.0990195135927845,0.9077345312879054,0.6263802247835526,9325.0,51056.0,3464.0,1691.0
ANFC_002243.png,0.7876749931520948,0.6497226310823364,0.8292154313207317,0.7500980264344402,0.9673803633887678,0.9527893066413455,8.154234499766936,0.8835239205293373,0.7290285601345857,5739.0,56703.0,1912.0,1182.0
ANFC_002244.png,0.8410565097897849,0.7257096803326131,0.8964601770026039,0.7921024338000096,0.9623513169080581,0.9532623291022758,5.0,0.9484251448315375,0.7164277397392451,8104.0,54369.0,2127.0,936.0
ANFC_002245.png,0.8351313969685248,0.7169318452010293,0.9460984017633817,0.7474622431607499,0.9655137437879854,0.9636230468755552,22.174933984113526,0.8622585394033223,0.536992005133086,6038.0,57114.0,2040.0,344.0
ANFC_002246.png,0.7938134364526914,0.6581182882146083,0.8813050010859299,0.7221245163803971,0.9437902451182221,0.9349060058603683,6.4031242374328485,0.9326458839306528,0.5503419284568514,8212.0,53058.0,3160.0,1106.0
ANFC_002247.png,0.7456960157819813,0.5945098040275791,0.7214467005959877,0.7716321683842442,0.9892119774302832,0.9763336181644238,19.949189113788552,0.7785433695622771,0.6967148992841525,2274.0,61711.0,673.0,878.0
ANFC_002248.png,0.7578450649030402,0.6101051032531208,0.7775984506491933,0.7390704096120463,0.9713346814969441,0.9530181884772795,7.431158336742983,0.8591365751206529,0.4649634830850567,4818.0,57639.0,1701.0,1378.0
ANFC_002275.png,0.877682403438726,0.7820267686591185,0.8442738006899286,0.9138439538909783,0.9819560131028179,0.9565124511725387,8.94427190999916,0.968228413718039,0.4786462108820195,10225.0,52461.0,964.0,1886.0
ANFC_002276.png,0.8260426594857843,0.7036394177097627,0.8367401291805886,0.8156152648094747,0.9437615060287871,0.91923522949342,11.704699910719626,0.8996751286559704,0.562823334104631,12567.0,47676.0,2841.0,2452.0
ANFC_002277.png,0.8081439554022073,0.6780550042757262,0.8113655640533193,0.8049478290302131,0.9568712090210086,0.9306945800791826,6.0,0.9074992727074829,0.694359316215444,9566.0,51428.0,2318.0,2224.0
ANFC_002278.png,0.792319603605307,0.6560672889879918,0.8540526105148815,0.738909427017224,0.9610660326983123,0.9488372802742183,5.830951894845301,0.8573630892095472,0.7262630782431316,6396.0,55787.0,2260.0,1093.0
ANFC_002279.png,0.7623766533797028,0.6160005428773835,0.7945733041755297,0.732687651353294,0.9387924821212177,0.9136505126966302,25.0,0.8527142905187695,0.61819984659325,9078.0,50799.0,3312.0,2347.0
ANFC_002280.png,0.7525359754805062,0.603252647541296,0.8021121448576676,0.7087313930561285,0.9544649369602572,0.9359741210947271,24.71436034375655,0.8306615556565524,0.49474435474820894,6380.0,54960.0,2622.0,1574.0
ANFC_002281.png,0.8275634956642834,0.705849308355744,0.8928761769503574,0.771154583830368,0.9450421902069892,0.9360809326181629,5.0,0.9435684089350618,0.7074595079378927,10052.0,51295.0,2983.0,1206.0
ANFC_002282.png,0.8463050080482162,0.7335604418567606,0.9323012332809891,0.7748337149956566,0.9643436820118737,0.9606170654302886,4.242640687119285,0.9323693528286776,0.8401081823870346,7106.0,55849.0,2065.0,516.0
ANFC_002283.png,0.813983022531449,0.6863165013702481,0.9118682141586022,0.7350757530189488,0.9158889250892875,0.9150695800794211,8.0,0.9060038929419698,0.7591980428179042,12178.0,47792.0,4389.0,1177.0
ANFC_002284.png,0.8097144846962296,0.6802691239315096,0.8892925430422003,0.7432086929141565,0.9733525685674169,0.966644287109884,8.06225774829855,0.8843575605673902,0.7446994748323796,4651.0,58699.0,1607.0,579.0
ANFC_002285.png,0.8305843801386582,0.7102559313076301,0.8605703938749274,0.8026176905630952,0.9847017245331211,0.9763336181644238,10.04987562112089,0.8629960394383414,0.48027760446958745,3802.0,60183.0,935.0,616.0
ANFC_002286.png,0.7913012978085495,0.6546720836252652,0.8691966865981128,0.7262192178132595,0.9718120805373799,0.9636840820318042,8.0,0.8755359148266445,0.7686044025808723,4512.0,58644.0,1701.0,679.0
ANFC_002287.png,0.6572913482464801,0.4895264117350445,0.6264568765294373,0.6913183280404461,0.9761542028221475,0.9486846923835957,44.5194495942089,0.6949969585087024,0.4831758186117132,3225.0,58948.0,1440.0,1923.0
ANFC_002288.png,0.7483793927201996,0.5979283086277868,0.8595219436011908,0.6626888218032192,0.9630493778136906,0.954986572266312,7.0,0.8821815866219497,0.5502583727944766,4387.0,58199.0,2233.0,717.0
ANFC_002289.png,0.7613787850160562,0.6146986470457105,0.8233113674169457,0.7081119377066751,0.9728411338171912,0.9617614746099585,6.324555320336759,0.87380554399763,0.6514354445910959,3998.0,59032.0,1648.0,858.0
ANFC_002290.png,0.8221711660067679,0.6980395981958413,0.9163892445689642,0.7455208333598415,0.9576793819083658,0.952758789063221,5.0,0.9524101948592816,0.7347562621073729,7157.0,55283.0,2443.0,653.0
ANFC_002291.png,0.7971866470818189,0.6627683714729649,0.9158224795084633,0.7057620818117322,0.9446928935793325,0.9410400390633997,5.0,0.9392097386804589,0.7078024577926915,7594.0,54078.0,3166.0,698.0
ANFC_002292.png,0.7404575520516744,0.5878782039325614,0.8909170560906955,0.6334752362544414,0.939851417667328,0.9347381591806834,6.0,0.8472479582057035,0.6536028709483767,6101.0,55158.0,3530.0,747.0
ANFC_002293.png,0.7702520485665126,0.6263495277283485,0.8506300114889735,0.7037528431190764,0.9744486766609267,0.9662017822270783,7.0710678118654755,0.9065146578589768,0.6037768255725643,3713.0,59608.0,1563.0,652.0
ANFC_002296.png,0.7699808795630994,0.6259909840469468,0.782245532287831,0.7580948795636115,0.9787209379350413,0.9632873535161853,8.94427190999916,0.7981741505502872,0.605345427971405,4027.0,59103.0,1285.0,1121.0
ANFC_002297.png,0.7110364435628023,0.5516342491374304,0.7853268627504063,0.6495867769422462,0.9760772492064533,0.9658813476567707,21.02379604162864,0.817345106572047,0.5889810531503559,2751.0,60549.0,1484.0,752.0
ANFC_002298.png,0.7567974796413398,0.6087483473326633,0.8193682337506498,0.703105115843331,0.9603184052530009,0.9458160400398894,5.0,0.8489389018575325,0.693782985679438,5525.0,56460.0,2333.0,1218.0
ANFC_002299.png,0.6776989755995361,0.5125148987534743,0.7284020328009783,0.6335952849322862,0.9628381183275021,0.9438323974617947,29.124702955871278,0.7506138268615302,0.46860839575702756,3870.0,57985.0,2238.0,1443.0
ANFC_002300.png,0.7492537313682335,0.5990453461258479,0.8595890411279477,0.6640211640804194,0.9688501537057876,0.9615478515630869,6.0,0.7808712682910407,0.6554840497813009,3765.0,59251.0,1905.0,615.0
ANFC_002301.png,0.6203486860212467,0.4496416448699957,0.7082590613735834,0.551851852059328,0.9848401797881878,0.9777374267581523,12.041594578792296,0.7169997053591183,0.536449692247546,1192.0,62885.0,968.0,491.0
ANFC_002302.png,0.8267462494090381,0.7046610752502872,0.9080439404840461,0.758809594350191,0.9728010418758298,0.9672241210942503,12.056102566973088,0.8979726614329598,0.8000697967111894,5125.0,58263.0,1629.0,519.0
ANFC_002303.png,0.8176315789593663,0.6915201424781304,0.8631754410524829,0.7766529184131168,0.9693676397488837,0.9577026367193955,6.0,0.9043688454877007,0.7385942385037593,6214.0,56550.0,1787.0,985.0
ANFC_002305.png,0.8774676650842426,0.7816858702432915,0.9155758498309918,0.8424050042160017,0.9696844525067854,0.9615478515630869,6.708203932499369,0.9598888481422454,0.565063300913892,9023.0,53993.0,1688.0,832.0
ANFC_002306.png,0.809574534757217,0.6800715865164679,0.9276278001252688,0.718176764900703,0.9567199344404029,0.9536285400397702,5.0990195135927845,0.9451481341678011,0.6924551901603215,6460.0,56037.0,2535.0,504.0
ANFC_002307.png,0.8312286085311443,0.7111986267079472,0.9345806794142011,0.748459086105371,0.9591896551731174,0.956359863281916,8.94427190999916,0.918718826288516,0.6762120982917909,7043.0,55633.0,2367.0,493.0
ANFC_002308.png,0.8444149817802841,0.7307251032892698,0.9558757316590311,0.7562336737406514,0.9651283270775206,0.9641876220708591,19.27653392594302,0.8778974957387817,0.6463972798105599,6369.0,56820.0,2053.0,294.0
ANFC_002309.png,0.703426124219683,0.5425268373784916,0.8317959848378014,0.6093812111290074,0.9508723982210263,0.940826416016528,30.463092423455635,0.7814686310803759,0.5341021977054623,4599.0,57059.0,2948.0,930.0
ANFC_002310.png,0.714526315809507,0.5558467082044058,0.9268159475829573,0.5813634806918622,0.9389437569751854,0.9379272460946972,21.675686927944408,0.8326043781476781,0.4240378188351098,5091.0,56377.0,3666.0,402.0
ANFC_002311.png,0.7875867785831734,0.6496025980984871,0.8208423326327384,0.7569209321094482,0.9566244935681885,0.9374389648447047,8.06225774829855,0.901518557397255,0.5942912513565425,7601.0,53835.0,2441.0,1659.0
ANFC_002312.png,0.7416609155838639,0.5893967093486047,0.8146214099372845,0.6806953339657474,0.9154538508857974,0.897186279298444,10.04987562112089,0.8175744688969349,0.5818951172957849,9672.0,49126.0,4537.0,2201.0
ANFC_002313.png,0.8453547546012804,0.7321337510211894,0.8944464222237054,0.8013715014909998,0.9541252302034231,0.9438934326180437,6.708203932499369,0.9633581030506437,0.6451690504795272,10050.0,51809.0,2491.0,1186.0
ANFC_002314.png,0.751644304141382,0.6021074815874881,0.762612332079134,0.7409872914549159,0.9448219975331082,0.9135742187513188,10.101732813243514,0.8395651564082072,0.40069424012422167,8571.0,51301.0,2996.0,2668.0
ANFC_002315.png,0.8232636928431666,0.6996161228818734,0.9588500563775179,0.7212720848450499,0.9672501411637285,0.9665679931645728,17.26267650163207,0.8923728301941496,0.7443862448463926,5103.0,58242.0,1972.0,219.0
ANFC_002316.png,0.8203966631777031,0.6954852004781299,0.9505825118486003,0.7215743440503816,0.9503681247301798,0.9503936767585696,8.06225774829855,0.9082674039007915,0.7423135249417796,7425.0,54860.0,2865.0,386.0
ANFC_002317.png,0.8008837918985279,0.6678950601326757,0.9118351701111841,0.7140043148190597,0.9466846191518031,0.9422454833993189,5.656854249492381,0.9011452645144615,0.636280247189266,7612.0,54139.0,3049.0,736.0
ANFC_002318.png,0.7965266658580782,0.6618565142092051,0.8190222897898908,0.7752337569197754,0.9674705065932083,0.9495849609382694,12.649110640673518,0.8570616223368338,0.6582059924096774,6467.0,55765.0,1875.0,1429.0
ANFC_002319.png,0.7237420615703626,0.5670813397543463,0.8593387471201654,0.6251054852716134,0.9393929058673364,0.9309692382823034,9.219544457292887,0.8366120023719502,0.5934717443680413,5926.0,55086.0,3554.0,970.0
ANFC_002320.png,0.7259982001740161,0.5698564949386679,0.7778341622066544,0.6806394316447034,0.9354201461858122,0.9117279052747845,8.06225774829855,0.8204105012028339,0.6564912610733857,7664.0,52087.0,3596.0,2189.0
ANFC_002321.png,0.6877986348256059,0.5241563170866664,0.6228076953084442,0.767933695363634,0.9536820489427551,0.888336181642329,24.42799899499418,0.7866291809748914,0.5654349858038221,8061.0,50157.0,2436.0,4882.0
ANFC_002322.png,0.7495735001510672,0.5994542664089901,0.8135318623813045,0.69493871097305,0.911952676229468,0.8924865722672656,8.0,0.8190473240920795,0.6811424100625761,10545.0,47945.0,4629.0,2417.0
ANFC_002323.png,0.7993889398228299,0.6658184039428117,0.7888326097697983,0.8102316363420994,0.9732373698558235,0.949905395508577,5.0,0.8857224725719397,0.6930855951862455,6541.0,55712.0,1532.0,1751.0
ANFC_002324.png,0.7528064992705759,0.6036004027000889,0.774602933370727,0.7322031463449319,0.9288237203366205,0.8978576660171836,8.602325267042627,0.8556880446892322,0.5428547581242597,10193.0,48649.0,3728.0,2966.0
ANFC_002325.png,0.8500836696599033,0.7392569765674322,0.924130551104962,0.787022692081744,0.9584097097407341,0.9535217285163343,5.0,0.9562938517784448,0.7000166431568239,8636.0,53854.0,2337.0,709.0
ANFC_002326.png,0.780581317041574,0.6401257648164407,0.9148651931121126,0.6806722689364171,0.9383267599745502,0.9353790283212986,7.848199740725288,0.8813099531113993,0.5831485253858499,7533.0,53768.0,3534.0,701.0
ANFC_002327.png,0.801154871202165,0.6682721996210607,0.900182997853904,0.7217553688513065,0.9649559008825711,0.9590148925787505,10.984855566359508,0.9139262854592733,0.5604821990380099,5411.0,57439.0,2086.0,600.0
ANFC_002328.png,0.7708703374897675,0.6271676300894962,0.7846431990019522,0.7575726460871165,0.9579391801621517,0.9330749511728963,23.229001652120857,0.8451327040612375,0.6175414978064561,7378.0,53772.0,2361.0,2025.0
ANFC_002329.png,0.6809778457080995,0.5162747596992616,0.677046939134582,0.6849546642561927,0.965226536393988,0.9362792968759724,13.440209671221162,0.7941297948154944,0.5851848567784256,4457.0,56903.0,2050.0,2126.0
ANFC_002330.png,0.8001775073031459,0.6669132410792652,0.9029904135208198,0.7183836084555055,0.9577433514961016,0.951904296875734,5.0,0.9027010261429239,0.6748320944014878,6311.0,56073.0,2474.0,678.0
ANFC_002331.png,0.7642276422874391,0.618421052660434,0.7171168011472188,0.817963592736751,0.9663784822292474,0.9230041503918,8.94427190999916,0.850146036754324,0.5773785304600286,8178.0,52312.0,1820.0,3226.0
ANFC_002332.png,0.8034016170330778,0.6714045652099563,0.8965033657538797,0.7278178368328032,0.9346097738888656,0.9283905029307803,4.47213595499958,0.9717038742016018,0.7023832759397194,9589.0,51254.0,3586.0,1107.0
ANFC_002333.png,0.7216275127284268,0.564489239196386,0.8549294158320981,0.6242876299342702,0.9211058902218977,0.9123077392591507,10.63014581273465,0.8184123823587095,0.5854841082745599,7449.0,52340.0,4483.0,1264.0
ANFC_002334.png,0.794297861710998,0.658784484582163,0.9453787766117906,0.6848517520555416,0.9503034836875341,0.9497985839851412,5.385164807134504,0.9372566268373325,0.6927784657049233,6352.0,55894.0,2923.0,367.0
ANFC_002335.png,0.8026520078971654,0.6703581692247593,0.908952670603597,0.7186114659464564,0.9319264187310152,0.9282379150401576,5.0,0.921326249031396,0.693878558276323,9564.0,51269.0,3745.0,958.0
ANFC_002336.png,0.761718074386756,0.615141074623788,0.7777254532872939,0.7463563439445988,0.9606430349573886,0.9369354248056498,5.656854249492381,0.9083998431248637,0.5792660958555053,6606.0,54797.0,2245.0,1888.0
ANFC_002337.png,0.8064353022382701,0.6756527767329852,0.8764988009715728,0.7467438495150469,0.9464234260202704,0.935745239258793,5.0,0.9295567801572966,0.6899089480878011,8772.0,52553.0,2975.0,1236.0
ANFC_002338.png,0.8008678426657453,0.6678728760487829,0.8862212943751335,0.7305110996618043,0.9440274501403956,0.9355773925791081,7.0,0.8503655542019662,0.7780829004142932,8490.0,52824.0,3132.0,1090.0
ANFC_002339.png,0.7983676335162417,0.6644025708687992,0.8691954901711069,0.7382130974812778,0.941420010896288,0.9298858642588824,5.0,0.8978380362409921,0.7823016863247996,9097.0,51844.0,3226.0,1369.0
ANFC_002340.png,0.8929617987163428,0.8066223890839713,0.870558902984567,0.9165481789438316,0.986353067430042,0.9693450927739053,5.385164807134504,0.9967208081913106,0.49543711371851157,8380.0,55147.0,763.0,1246.0
ANFC_002341.png,0.7725631769131562,0.6294117647532722,0.7833837339195633,0.7620374671370124,0.9740603851286169,0.9557800292975499,46.90946279146775,0.7865668591265078,0.45059989713390897,4922.0,57716.0,1537.0,1361.0
ANFC_002343.png,0.7511761184029445,0.6015068493696566,0.8244461134388948,0.6898664572364703,0.9672147483812121,0.955612182617865,39.397969163842745,0.8203495611225478,0.6243120115546272,4391.0,58236.0,1974.0,935.0
ANFC_002344.png,0.7929873447355176,0.6569834552410574,0.7694907616562661,0.8179640718998887,0.9875609676259851,0.9727935791019777,14.150919895708213,0.8808562936674773,0.6716549860597155,3415.0,60338.0,760.0,1023.0
ANFC_002345.png,0.7057837385155373,0.5453367876629238,0.7357995922703758,0.678120805455538,0.9806933642500251,0.9678649902348655,8.587744886611352,0.8106019179120814,0.4678580394436534,2526.0,60904.0,1199.0,907.0
ANFC_002346.png,0.7709479641925879,0.6272704017325991,0.8138068371012921,0.7323775389090867,0.9856692737075049,0.9777679443362769,5.385164807134504,0.8665159461378361,0.7188066103284422,2452.0,61627.0,896.0,561.0
ANFC_002347.png,0.7972257251201481,0.6628223947027002,0.8763515387090791,0.7312051816490387,0.9812365773711632,0.9754638671878745,9.055385138137417,0.9334431667506857,0.6116590406179444,3161.0,60767.0,1162.0,446.0
ANFC_002348.png,0.7128284037321008,0.5537943859422834,0.711166704604143,0.7144978864715529,0.9559585492235741,0.9231109619152358,10.295630140987,0.8163313314754479,0.4123413833025077,6254.0,54243.0,2499.0,2540.0
ANFC_002351.png,0.7348910357520905,0.580891493592454,0.8423899047534407,0.6517234509560224,0.9716477705874548,0.9639892578130496,25.84999999999991,0.7513059848536309,0.5147033267271558,3271.0,59905.0,1748.0,612.0
ANFC_002352.png,0.7020395645296673,0.5408790171217204,0.8941406250413513,0.5778843727397414,0.9734502032524541,0.970352172852015,6.708203932499369,0.8082028950831653,0.602053318492138,2289.0,61304.0,1672.0,271.0
ANFC_002353.png,0.6448218130058812,0.4758206848789585,0.6628964839776502,0.6277066357094978,0.973986887699914,0.9546813964850666,10.700237713501828,0.6771364819884736,0.623989458079048,2696.0,59870.0,1599.0,1371.0
ANFC_002354.png,0.6589427951069023,0.49136069121336917,0.7399878024517202,0.5938978626865886,0.9589389115271468,0.9425048828133774,14.560219778561036,0.6930986203141255,0.5881917062025183,3640.0,58128.0,2489.0,1279.0
ANFC_002355.png,0.639983909967823,0.47057083718705395,0.7915422886609242,0.5371370697038701,0.9784182854267793,0.9726867675785419,6.082762530298219,0.7439692539090609,0.5668805646085713,1591.0,62155.0,1371.0,419.0
ANFC_002357.png,0.7340823970330379,0.5798816568778487,0.7946577629872029,0.682088024630074,0.9746833379525833,0.9631652832036871,8.54400374531753,0.8565931965720149,0.6287514742127333,3332.0,59790.0,1553.0,861.0
ANFC_002358.png,0.7529706892162021,0.6038115405395647,0.7452953476548229,0.7608057631055488,0.9690242554079016,0.9429016113289963,7.615773105863909,0.8840980596124894,0.5510284115310238,5703.0,56091.0,1793.0,1949.0
ANFC_002359.png,0.7679643748891462,0.6233296824070833,0.8194384449504049,0.7225749111576213,0.9627075830765355,0.9475250244148633,9.0,0.8124112968451086,0.6313582263818288,5691.0,56406.0,2185.0,1254.0
ANFC_002360.png,0.4157911495014992,0.262459807370394,0.7029063512347618,0.29520795691898377,0.97586948782677,0.9720001220707398,152.5991473850865,0.44659190242507507,0.3425202609307912,653.0,63048.0,1559.0,276.0
ANFC_002361.png,0.7620800736528228,0.6156133829567861,0.7809847199054925,0.7440690151430501,0.9763592595670896,0.9605560302740395,7.615773105863909,0.8929063133508026,0.5405077206786731,4140.0,58811.0,1424.0,1161.0
ANFC_002362.png,0.7634302612269942,0.6173774412497631,0.7696894410223989,0.7572720606505412,0.9654524579903724,0.9414062500008942,17.13909470998908,0.8237936474865682,0.593711962862644,6196.0,55500.0,1986.0,1854.0
ANFC_002363.png,0.6537441596379755,0.48560172596514384,0.5892328705225094,0.734117980752394,0.9669603524234897,0.916320800782527,20.223748416156685,0.7580916300230908,0.44286801437418327,5177.0,54875.0,1875.0,3609.0
ANFC_002368.png,0.8460973562816777,0.7332484771585372,0.8104713094351853,0.8849994513458795,0.9811459926242485,0.9552307128913082,11.0,0.8980289432622235,0.5165002852144948,8065.0,54537.0,1048.0,1886.0
ANFC_002369.png,0.5197976627385665,0.3511666275392018,0.5310049894757645,0.5090536387054823,0.9770923003351333,0.9579925537115785,43.82327760482217,0.5538006204252884,0.4592969052716045,1490.0,61293.0,1437.0,1316.0
ANFC_002370.png,0.6357234316146853,0.4659784141407891,0.6620000002253332,0.6114532022096962,0.9901461677807772,0.9826354980471401,11.114886629947598,0.7024385343499112,0.616292805311334,993.0,63405.0,631.0,507.0
ANFC_002371.png,0.7654464458875221,0.6200188265421996,0.8212801330379716,0.7167210736821324,0.9742770568477986,0.963043212891189,8.94427190999916,0.8482315689808893,0.7090645272844062,3952.0,59162.0,1562.0,860.0
ANFC_002372.png,0.7452003728340726,0.593879976353571,0.7006659657551119,0.7957802548583678,0.9918159628608743,0.9791412353518809,6.4031242374328485,0.8190155817628822,0.7534621122356845,1999.0,62170.0,513.0,854.0
ANFC_002535.png,0.803891527516172,0.6720891508041387,0.8921952049154573,0.7314930991591394,0.9677143575564879,0.9609375000005962,8.95803553736377,0.8594009771637727,0.7620132515224611,5247.0,57729.0,1926.0,634.0
ANFC_002536.png,0.8090139044575653,0.6792807300914437,0.9753371869073845,0.6911523758352942,0.9820307907408202,0.9817657470705908,13.023042886243175,0.91348038544151,0.6596987259798557,2531.0,61810.0,1131.0,64.0
ANFC_002537.png,0.8426339969468525,0.7280618185955264,0.939874282599088,0.7636282891347143,0.9634305541247822,0.9608001708990358,4.0,0.94319021742098,0.7941995301756825,6878.0,56089.0,2129.0,440.0
ANFC_002538.png,0.7542980912580006,0.6055205390561269,0.8816455696389801,0.6590962858222029,0.9513307214274633,0.9446105957039703,8.54400374531753,0.8533566647628401,0.7457115401136238,5572.0,56334.0,2882.0,748.0
ANFC_002539.png,0.7745896504479903,0.6321063395435365,0.8897524467790004,0.6858220546514705,0.9771841062167319,0.9725494384769815,66.88347415234911,0.8273095709139143,0.7256206097729909,3091.0,60646.0,1416.0,383.0
ANFC_002540.png,0.779118668881046,0.6381608507356357,0.9609833107891332,0.655135301406037,0.9632908906424783,0.9631347656255627,5.0,0.9461629880977982,0.6403612765226779,4261.0,58859.0,2243.0,173.0
ANFC_002541.png,0.8789883840700641,0.7841028331867651,0.9356706839981733,0.8287813670000304,0.9791198201095724,0.9748840332035084,3.0,0.9924482014165773,0.9087410838257529,5978.0,57912.0,1235.0,411.0
ANFC_002542.png,0.8740722414801989,0.7763128983132689,0.8939777328203498,0.8550338819324699,0.9902734476488979,0.9844665527346121,4.0,0.9887635422258129,0.8807040112210379,3533.0,60985.0,599.0,419.0
ANFC_002543.png,0.8845250521996004,0.7929582407541281,0.8922084759289012,0.8769728331336387,0.9835859021715698,0.9729919433597872,3.0,0.9737217717476067,0.8836430400733554,6779.0,56987.0,951.0,819.0
ANFC_002544.png,0.8931879662311178,0.8069915568206939,0.8976027679464863,0.8888163798116636,0.9744742213986839,0.9602355957037318,3.605551275463989,0.9715511129063176,0.8112416773639592,10896.0,52034.0,1363.0,1243.0
ANFC_002545.png,0.8744897959343763,0.7769718948828259,0.8917793964901719,0.8578578578934289,0.9907929715361669,0.9849853515627293,3.0,0.9875963659748863,0.8267029941347853,3428.0,61124.0,568.0,416.0
ANFC_002546.png,0.8832056570556034,0.7908400169289066,0.939097744376166,0.8335928810158858,0.9878464888053189,0.9848785400392933,16.393964982909477,0.9213334812367074,0.8043100609464906,3747.0,60798.0,748.0,243.0
ANFC_002547.png,0.8458916527778743,0.732939550115252,0.9094027756261652,0.7906724512214381,0.9738849517112819,0.9675750732426823,4.123105625617661,0.9599826571343643,0.8087914137615058,5832.0,57579.0,1544.0,581.0
ANFC_002548.png,0.893554865812164,0.8075907591076583,0.8532078103463724,0.9379072441667483,0.9945819397994217,0.9822082519533966,2.8284271247461903,0.9896473528663339,0.9163676188791786,4894.0,59476.0,324.0,842.0
ANFC_002549.png,0.8190016103351044,0.6934824107735253,0.9628928436338914,0.7125245167518844,0.9836870975437843,0.9828491210940118,45.566303526239906,0.9248899317799765,0.6957744415093843,2543.0,61869.0,1026.0,98.0
ANFC_002550.png,0.8358324216593196,0.717965726952132,0.8891018620086115,0.7885853066437662,0.9701023492243079,0.9610748291021566,5.0,0.9337557661373056,0.7988139002382146,6494.0,56491.0,1741.0,810.0
ANFC_002551.png,0.8699320070593093,0.7698050139532251,0.8980891719877695,0.8434867537732283,0.9778365575786554,0.9684753417973562,7.7118298293979315,0.923026739222288,0.764596254478869,6909.0,56561.0,1282.0,784.0
ANFC_002554.png,0.7832626829231146,0.6437401664095885,0.9771409075478877,0.6535828389654078,0.9757527354049077,0.9758148193363066,14.7648230602334,0.8518513603705217,0.6134551260652515,2864.0,61087.0,1518.0,67.0
ANFC_002555.png,0.885137528050391,0.7939432444316087,0.9184223420092057,0.8541809068457095,0.9895857063821788,0.9851531982424142,3.0,0.9798218519974089,0.8815924590662546,3749.0,60814.0,640.0,333.0
ANFC_002556.png,0.7730587730831125,0.6300699301346031,0.9753721244992227,0.6402558181488264,0.9672547339149229,0.9677124023442428,11.045361017187261,0.8535189337130679,0.7055541938156199,3604.0,59816.0,2025.0,91.0
ANFC_002557.png,0.8517709291713563,0.7418127191044754,0.8655059593520091,0.8384650215260964,0.974955245884816,0.9606628417974753,4.123105625617661,0.9243507603332101,0.8404448998603559,7407.0,55551.0,1427.0,1151.0
ANFC_002558.png,0.7353878852566007,0.5815126051123508,0.8752845940108058,0.6340480117951167,0.9675722196065867,0.9620056152349549,12.150083690476677,0.8406823953608741,0.7167733407268894,3460.0,59586.0,1997.0,493.0
ANFC_002559.png,0.8252959228600071,0.7025564471538427,0.9203128819554356,0.7480627856649984,0.9793636585567684,0.9756774902347463,4.47213595499958,0.951688018206537,0.7036566708105808,3765.0,60177.0,1268.0,326.0
ANFC_002560.png,0.8090693739553929,0.6793589452512663,0.9058805698839223,0.7309526721620456,0.9626726390450528,0.9569549560553444,32.11206394693734,0.8956284066300182,0.6861491934244178,5977.0,56738.0,2200.0,621.0
ANFC_002561.png,0.8043318948127732,0.6727049850622848,0.8805491175110449,0.7402577938039182,0.9710814824708215,0.963333129883372,5.0,0.9185457255518507,0.7526769438277162,4939.0,58194.0,1733.0,670.0
ANFC_002562.png,0.8625115223808756,0.7582595686624786,0.8953334314889837,0.8320109439354294,0.9790953815777353,0.970413208008264,4.0,0.9404290400435248,0.7779075441535828,6082.0,57515.0,1228.0,711.0
ANFC_002563.png,0.815348472998015,0.6882601798402618,0.8662229617527083,0.7701183432292724,0.9738937607100444,0.9640197753911741,5.0990195135927845,0.9131830118172354,0.8327058817352175,5206.0,57972.0,1554.0,804.0
ANFC_002564.png,0.8768586946953202,0.7807198351386206,0.9559308872149231,0.8098684210839032,0.9808561728909355,0.9788970947268846,5.830951894845301,0.943634523473132,0.8157452790259295,4924.0,59229.0,1156.0,227.0
ANFC_002565.png,0.8739993420469351,0.7761978964206859,0.8959082734046968,0.8531363733990287,0.9887702985858308,0.9824676513674552,4.0,0.950672144096593,0.7389614487342699,3985.0,60402.0,686.0,463.0
ANFC_002566.png,0.8048547400798113,0.6734367504120523,0.9136472119953033,0.7192143467601684,0.9730168890644046,0.9688415527348505,17.72004514666935,0.8167673596849816,0.7098089392904467,4211.0,59283.0,1644.0,398.0
ANFC_002567.png,0.7326162120886845,0.5780539558081155,0.6942118675474678,0.7755185035023345,0.981612870990613,0.9575195312506483,13.92838827718412,0.8302401632978496,0.6526452702995268,3814.0,58938.0,1104.0,1680.0
ANFC_002569.png,0.839329854450304,0.7231424515344467,0.9258735609117605,0.7675820496035529,0.9770900387888571,0.9732208251957212,3.0,0.9724345024412653,0.8603598314430395,4584.0,59197.0,1388.0,367.0
ANFC_002570.png,0.7205882353197989,0.5632183908673536,0.8065843621797151,0.6511627907556208,0.9653899400097997,0.9536132812507079,6.0,0.8119210032576679,0.6444967836829405,3920.0,58576.0,2100.0,940.0
ANFC_002571.png,0.6788753237737929,0.513861663535743,0.8929440389815358,0.5475977321552976,0.976118838708021,0.9735107421879043,123.32072007574396,0.7117755588174374,0.5724130197933264,1835.0,61965.0,1516.0,220.0
ANFC_002572.png,0.7806260628720397,0.6401859504503941,0.8463534553610552,0.7243717124810787,0.9594942797272221,0.9468536376961235,7.8576872569299905,0.9203177297864631,0.49682100747677516,6197.0,55856.0,2358.0,1125.0
ANFC_002573.png,0.8828953754501216,0.7903426018135126,0.8830790568816811,0.88271177043079,0.9854953194118319,0.9742279052738309,4.0,0.9575871190576456,0.8139220645785782,6367.0,57480.0,846.0,843.0
ANFC_002574.png,0.8748250858748998,0.7775014132529676,0.9208623460202381,0.8331717955133061,0.9762864228150395,0.9699707031254583,4.0,0.9825282282883973,0.7864557587668304,6877.0,56691.0,1377.0,591.0
ANFC_002575.png,0.8888957854916238,0.8000111725713641,0.9188963747244853,0.8607922101424059,0.9536345618715615,0.9453735351570837,5.0,0.9839567183250404,0.7139858703677241,14321.0,47635.0,2316.0,1264.0
ANFC_002576.png,0.8921691500769545,0.8053297578307776,0.9197052349583974,0.8662340003726128,0.9730607947433503,0.9645538330083535,4.47213595499958,0.989625192186586,0.7750967327880735,9610.0,53603.0,1484.0,839.0
ANFC_002577.png,0.8494940070444632,0.7383655645990811,0.9100415193126186,0.796500672974899,0.9743872071557538,0.9680023193364259,4.47213595499958,0.9227910488419733,0.7496557707394365,5918.0,57521.0,1512.0,585.0
ANFC_002578.png,0.8467966573949516,0.7342995169483244,0.9307309605949615,0.7767486426418478,0.9768197645502102,0.9731445312504099,4.0,0.9989089853113704,0.7267678642939301,4864.0,58912.0,1398.0,362.0
ANFC_002579.png,0.8028626113170623,0.6706520228457317,0.8535031847392953,0.7578947368801422,0.9742669160381026,0.9638519287114892,7.0,0.8983615330144105,0.6732022936582757,4824.0,58343.0,1541.0,828.0
ANFC_002580.png,0.7653656757356664,0.6199128444035813,0.9294573643488973,0.650519299360524,0.9202031642671539,0.9214782714855733,66.46049924833898,0.7284380659094761,0.6431601228237015,8393.0,51997.0,4509.0,637.0
ANFC_002581.png,0.8604112998358114,0.755019157106895,0.8724873815750919,0.8486649440268161,0.9676087237068818,0.951217651367932,4.123105625617661,0.9473659685641279,0.8028231624287937,9853.0,52486.0,1757.0,1440.0
ANFC_002582.png,0.8839065172028687,0.7919645897410096,0.939544903737775,0.8344893566330436,0.9761826911498015,0.9720306396488644,4.123105625617661,0.9492687534393752,0.8366268494805106,6978.0,56725.0,1384.0,449.0
ANFC_002583.png,0.8652971880901417,0.7625760498942609,0.929126740204461,0.809673861696916,0.9798683443049768,0.9755859375003726,3.1622776601683795,0.967372056042359,0.8463520991875222,5139.0,58797.0,1208.0,392.0
ANFC_002584.png,0.8995535714371949,0.8174442190954214,0.9127177700500492,0.8867637102425925,0.9888119606664524,0.9821472167971476,3.0,0.9835743774104161,0.9007394522126846,5239.0,59127.0,669.0,501.0
ANFC_002585.png,0.8806584362191076,0.7867647058986853,0.9393689986338025,0.8288549988034492,0.9611545576095465,0.9575195312506483,3.605551275463989,0.9921636585833568,0.8341892426310588,10272.0,52480.0,2121.0,663.0
ANFC_002586.png,0.8246405413107489,0.7016071000478447,0.8334124798334683,0.816051334528406,0.9640409402446226,0.9430541992196191,4.123105625617661,0.945670659350265,0.7853066976324469,8775.0,53029.0,1978.0,1754.0
ANFC_002587.png,0.7728876509242548,0.6298426151241396,0.8160784314446751,0.7340388007992809,0.9880290858287869,0.9813385009768474,16.02185367931698,0.8353687791327885,0.7571532292825636,2081.0,62232.0,754.0,469.0
ANFC_002588.png,0.865150093824443,0.7623475925268964,0.8806397708568536,0.8501958977067997,0.9894045348592531,0.9824523925783929,3.605551275463989,0.9673158936111083,0.8490391556278568,3689.0,60697.0,650.0,500.0
ANFC_002589.png,0.826652162098088,0.7045243834874352,0.8451785118623981,0.8089205876294527,0.9682553718283092,0.9513702392585547,5.0,0.9013920603861243,0.7855643741072552,7599.0,54750.0,1795.0,1392.0
ANFC_002590.png,0.7897448479029843,0.6525440908521646,0.7753823919335924,0.804649418847063,0.9726905806095664,0.9476928710945483,6.0,0.9268515578211803,0.7161236644711446,6438.0,55670.0,1563.0,1865.0
ANFC_002591.png,0.8562717770104398,0.7486671744310174,0.8698259758263862,0.8431335175981003,0.9702700261903681,0.9546813964850666,4.47213595499958,0.9467327211034262,0.6703542194344074,8847.0,53719.0,1646.0,1324.0
ANFC_002592.png,0.896267028371984,0.8120324855939268,0.912463976955756,0.880635067808479,0.9819955251016992,0.9731597900394722,3.0,0.9923819121462838,0.8150102255256735,7599.0,56178.0,1030.0,729.0
ANFC_002593.png,0.8694416820663843,0.7690374466236445,0.94009216590782,0.8086680761352183,0.9754684376380668,0.9719543457035531,3.1622776601683795,0.9903896182964664,0.7635822757661523,6120.0,57578.0,1448.0,390.0
ANFC_002594.png,0.8571966487943898,0.7500823723640722,0.8922202626117538,0.8248188406114458,0.9839988085982162,0.9768524169925408,4.4032873746354495,0.9698307383798186,0.7076852319121375,4553.0,59466.0,967.0,550.0
ANFC_002595.png,0.8648813146785695,0.7619302949380791,0.931497869562193,0.8071570576814603,0.9771511256187174,0.9729003906254137,5.0,0.9807913075489811,0.5817453394784948,5684.0,58076.0,1358.0,418.0
ANFC_002596.png,0.8611111111237191,0.7560975610144911,0.8965973535167113,0.8283269298239038,0.9836835640543159,0.9766540527347314,5.0,0.9720815231970953,0.6919779597103924,4743.0,59263.0,983.0,547.0
ANFC_002597.png,0.8729537366604558,0.7745500473812322,0.909529106422921,0.8392062949162499,0.9656608460589308,0.956420898438165,3.1622776601683795,0.9818171686420638,0.8865855741381262,9812.0,52868.0,1880.0,976.0
ANFC_002598.png,0.8746764632316376,0.7772666568070535,0.9239724819326208,0.8303741281182032,0.9821270482906755,0.9770965576175371,3.605551275463989,0.9777540958108368,0.841858367947084,5238.0,58797.0,1070.0,431.0
ANFC_002599.png,0.8861182233170367,0.7955226864086026,0.886315555073342,0.8859209794228246,0.9818760498632857,0.9687805175786015,3.605551275463989,0.9666901326669924,0.8632735931055926,7960.0,55530.0,1025.0,1021.0
ANFC_002600.png,0.7994882106014461,0.6659561511370413,0.829981024732455,0.7711565586138376,0.9896821990113085,0.9832611083986931,16.401219466856727,0.8673114625860922,0.7087202723281072,2187.0,62252.0,649.0,448.0
ANFC_002601.png,0.8233999056733134,0.6998128843357891,0.8217200251658129,0.8250866688228532,0.9910986367282903,0.9828643798830741,4.0,0.989473180806568,0.7057832373931083,2618.0,61795.0,555.0,568.0
ANFC_002602.png,0.8334580278567323,0.7144689585134764,0.950187649283457,0.7422707889812711,0.9845539493653134,0.9830169677736967,7.0,0.9286124868773391,0.7299575617482394,2785.0,61638.0,967.0,146.0
ANFC_002603.png,0.8355190393557024,0.7175033921685884,0.8101731270399612,0.8625020388415426,0.9857140436207068,0.9682312011723598,5.0,0.9462988087513721,0.7711803853091348,5288.0,58166.0,843.0,1239.0
ANFC_002604.png,0.8379171649268489,0.7210477081906365,0.8831347387985483,0.7971044467844665,0.9839632511609239,0.9772491455081598,3.0,0.9347828747419344,0.8851929895452091,3854.0,60191.0,981.0,510.0
ANFC_002605.png,0.8460962086248919,0.7332467533160398,0.8654199877788412,0.8276165347910828,0.9905578572118291,0.9843292236330518,4.0,0.9328886851227622,0.8509423241989057,2823.0,61686.0,588.0,439.0
ANFC_002606.png,0.7893939394084439,0.6520650813912772,0.8814211012178682,0.7147667747923714,0.961259613104969,0.9533386230475871,5.830951894845301,0.9169139044569528,0.7887105042307607,5731.0,56747.0,2287.0,771.0
ANFC_002607.png,0.8384035045219758,0.7217682799661076,0.9238401716482059,0.7674314992721247,0.9831087093697621,0.9797363281253093,4.0,0.9877295583109368,0.6648806198534792,3445.0,60763.0,1044.0,284.0
ANFC_002608.png,0.8579961987702964,0.7513076557890376,0.9005414648331316,0.8192896033654941,0.9887629580668296,0.9840393066408687,4.0,0.9843245797777385,0.7570272541453313,3160.0,61330.0,697.0,349.0
ANFC_002609.png,0.8203144497354237,0.6953670404706225,0.9082619508404913,0.7478953356660079,0.9821050761506193,0.9780273437503354,5.0,0.9255550535178976,0.7368953686551817,3287.0,60809.0,1108.0,332.0
ANFC_002610.png,0.8662674650921045,0.7640845071114776,0.9250444049999842,0.8145136065641183,0.9905454313548804,0.9877319335939373,3.0,0.9496911558664909,0.8436944174323269,2604.0,62128.0,593.0,211.0
ANFC_002611.png,0.8484565741506527,0.7367994598599866,0.9255301102755674,0.783232845279467,0.9746818463812699,0.9702606201176414,11.006804152578082,0.9066048095488826,0.787492802511833,5456.0,58131.0,1510.0,439.0
ANFC_002612.png,0.818514776470162,0.6927846071947852,0.8664438502852347,0.7756103399023923,0.967703596528047,0.9561462402350442,4.123105625617661,0.9391104483560837,0.7421025208773538,6481.0,56181.0,1875.0,999.0
ANFC_002617.png,0.8826883416374272,0.7900108578089009,0.9212458850541286,0.8472286912325968,0.9893484014485305,0.9852447509767878,3.0,0.9676378774890263,0.8617151482551813,3638.0,60931.0,656.0,311.0
ANFC_002618.png,0.8428659286834462,0.7284081850309837,0.8614079195910095,0.8251053582705884,0.9906822336980677,0.984405517578363,4.0,0.925609675467629,0.842897736757218,2741.0,61773.0,581.0,441.0
ANFC_002620.png,0.8794992175418925,0.7849162011635332,0.892935712565892,0.8664611006009342,0.9908373342014674,0.9847259521486706,3.605551275463989,0.9769263339332892,0.8124968786980619,3653.0,60882.0,563.0,438.0
ANFC_002621.png,0.8389189189437963,0.7225325885281904,0.8222827732902565,0.8562421185825214,0.9926726977649691,0.9840850830080554,7.251569606421534,0.9310042010741686,0.8454942463886891,2716.0,61777.0,456.0,587.0
ANFC_002622.png,0.8202093764387611,0.6952160494297506,0.9338723051546699,0.7312124655524732,0.9727236790095414,0.9698638916020225,4.0,0.9483799919639434,0.779628659425999,4505.0,59056.0,1656.0,319.0
ANFC_002623.png,0.8421639710159327,0.7273603083376955,0.9487308369065768,0.7571199358690092,0.9803271764384176,0.978408813476892,6.082762530298219,0.9803009024517682,0.5656985038098482,3775.0,60346.0,1211.0,204.0
ANFC_002626.png,0.8158286646467748,0.6889447838437005,0.7748888589822324,0.8613357292810219,0.9840655275070282,0.9603729248052922,6.708203932499369,0.9038461803956853,0.7125094647803525,5752.0,57187.0,926.0,1671.0
ANFC_002627.png,0.8694812604345229,0.7690993789178417,0.8757072136004761,0.8633432107611394,0.9869071476288092,0.9773101806644088,5.0,0.9635717662298872,0.7008240567887378,4953.0,59096.0,784.0,703.0
ANFC_002630.png,0.8634864805601795,0.7597678917292517,0.9046522340155106,0.825904121146782,0.9864692616925439,0.9810485839846643,3.1622776601683795,0.9725519565100091,0.8204219078815698,3928.0,60366.0,828.0,414.0
ANFC_002631.png,0.8561512685667603,0.7484829462756888,0.9129657988991919,0.8059936908954497,0.9860268103478524,0.981658935547155,3.0,0.961414412929694,0.8906138499301091,3577.0,60757.0,861.0,341.0
ANFC_002632.png,0.8730756072672967,0.7747419551154134,0.9136038186363713,0.8359903909508647,0.987757963029574,0.9830169677736967,2.8284271247461903,0.9726373926392085,0.8247539105945758,3828.0,60595.0,751.0,362.0
ANFC_002633.png,0.8318758467998675,0.7121467735739884,0.8258742969366901,0.8379652605861129,0.9893729555553669,0.9791717529300055,3.1622776601683795,0.9278010324446176,0.8545797984406949,3377.0,60794.0,653.0,712.0
ANFC_002634.png,0.7777902664069023,0.6363803568812983,0.8187411264035159,0.7407407407962446,0.9802479204048239,0.9698333740238979,38.436922695261124,0.852587802929699,0.649167393874315,3460.0,60099.0,1211.0,766.0
ANFC_002635.png,0.7694800810574639,0.6253292362543175,0.8234104046753149,0.7221799747218809,0.9823442232105428,0.9739532470707101,5.0,0.903472069696584,0.7385030147295478,2849.0,60980.0,1096.0,611.0
ANFC_002639.png,0.7898653103711156,0.6527085928311475,0.8207085535680743,0.7612563544369542,0.9782382047763709,0.9659576416020821,5.656854249492381,0.8653780047530885,0.6126614614444298,4193.0,59112.0,1315.0,916.0
ANFC_002640.png,0.8155492603229817,0.6885463726164568,0.8771157752408403,0.7620588235644031,0.9728650969347812,0.9642333984380459,5.0,0.8943029272243658,0.6835894862707579,5182.0,58010.0,1618.0,726.0
ANFC_002641.png,0.8225108225415566,0.6985294118533737,0.8928571428974221,0.7624398074598909,0.988230803486414,0.9843597412111763,4.0,0.9184352533578262,0.7466385800964234,2375.0,62136.0,740.0,285.0
ANFC_002645.png,0.8505921233922754,0.7400263568060349,0.9234564210011278,0.7883854499312846,0.9718252417290291,0.9668884277348804,9.901757571167455,0.879082564024816,0.6202263992562783,6177.0,57189.0,1658.0,512.0
ANFC_002646.png,0.8227220739746304,0.6988341969302029,0.874108878827915,0.7770416246900416,0.9739235900550178,0.964523315430229,5.074264635194588,0.9204979789630375,0.6661241053185716,5395.0,57816.0,1548.0,777.0
ANFC_002647.png,0.6908072615207795,0.5276589468169849,0.7752492414878089,0.6229536747434772,0.964462755655355,0.9511413574226206,35.5071414000116,0.7553776902333321,0.49275769288368987,3577.0,58757.0,2165.0,1037.0
ANFC_002648.png,0.8733098365989548,0.7751109089096677,0.9047935201294923,0.8439435224369651,0.9782777346784195,0.9698333740238979,16.584461745795824,0.9177811189838889,0.6612318831861681,6814.0,56745.0,1260.0,717.0
ANFC_002649.png,0.8094968909122741,0.6799620133333378,0.8334060817934809,0.7869212804249318,0.9735608475534228,0.9588623046881278,5.0,0.887810646330743,0.6194514309527821,5728.0,57112.0,1551.0,1145.0
ANFC_002650.png,0.7314692425285746,0.5766271241461001,0.8686307655472999,0.6317175975357011,0.9658441241148978,0.9597015380865526,14.0,0.7851776974332828,0.6535269684950175,3597.0,59298.0,2097.0,544.0
ANFC_002654.png,0.8372793801235988,0.7201036653436871,0.7862821722427864,0.8953506214676461,0.9882646476815234,0.9653930664067781,4.460661191605523,0.9262264301763722,0.7632457335128208,5835.0,57433.0,682.0,1586.0
ANFC_002655.png,0.8375529177523406,0.7205084262038691,0.8311367380838325,0.8440689309278787,0.984327178556077,0.9701385498051432,4.0,0.9515819738025676,0.715192820063508,5045.0,58534.0,932.0,1025.0
ANFC_002656.png,0.8715535622475147,0.7723481887187453,0.8560080878313102,0.8876741051538604,0.9872039855321912,0.9733428955082194,5.0,0.9650198807494758,0.8439181728716586,5927.0,57862.0,750.0,997.0
ANFC_002657.png,0.8939847694109707,0.8082933622453515,0.9383869229498137,0.8535947712657524,0.9850589471229292,0.981094360351851,3.0,0.9853780829080023,0.8879370893876231,5224.0,59073.0,896.0,343.0
ANFC_002660.png,0.8577888311208238,0.7509897070795738,0.8603174603385764,0.8552750225645814,0.9836560818726149,0.9712066650395019,3.0,0.9830740356248469,0.8580966234775673,5691.0,57958.0,963.0,924.0
ANFC_002661.png,0.8473783613771582,0.7351747815644234,0.9112185686825496,0.7918977979842162,0.9794917668889856,0.9741058349613327,4.0,0.9159057723013833,0.8174228861510119,4711.0,59128.0,1238.0,459.0
ANFC_002664.png,0.8386781384592611,0.7221754504593071,0.8160197869452017,0.8626307321273873,0.9886695421368834,0.9748229980472592,7.0710678118654755,0.940067815897724,0.6870431469511371,4289.0,59597.0,683.0,967.0
ANFC_002665.png,0.8543490765095961,0.7457324556793783,0.8765901639506112,0.833208676161405,0.9768955811507849,0.9652252197270932,14.245340320740196,0.9131831677570726,0.6978505463086109,6684.0,56573.0,1338.0,941.0
ANFC_002666.png,0.8744048248995445,0.7768377514989965,0.8638929542412935,0.8851756641205708,0.9911773904170794,0.981887817383089,5.0,0.9353502559993991,0.8022973837532478,4132.0,60217.0,536.0,651.0
ANFC_002667.png,0.8725471518465392,0.7739101047905925,0.895347321791301,0.8508793658842111,0.9791922299227626,0.9693756103520299,4.242640687119285,0.9601182385425754,0.7136145819683639,6870.0,56659.0,1204.0,803.0
ANFC_002670.png,0.8813201105607771,0.7878215375980495,0.8478260869803212,0.9175693974411697,0.9917655811438273,0.9777221679690901,4.0,0.9696964675247896,0.7037511162675154,5421.0,58655.0,487.0,973.0
ANFC_002671.png,0.8275862069044577,0.7058823529641832,0.8516421291193241,0.8048519443627495,0.9601747360764439,0.9426269531258755,9.219544457292887,0.8885448735642698,0.5528531063260804,9024.0,52752.0,2188.0,1572.0
ANFC_002672.png,0.8856386888221639,0.7947500330042541,0.8692829317747391,0.9026217228610305,0.9889087961779898,0.9762573242191124,6.0,0.9645329383633652,0.6898578088910905,6025.0,57955.0,650.0,906.0
ANFC_002673.png,0.8321034812122535,0.7124804876449505,0.8902201170344367,0.7811099340085478,0.9509576585303555,0.9409790039071507,10.82582113507232,0.898639040734068,0.4628523168720195,9585.0,52083.0,2686.0,1182.0
ANFC_002674.png,0.7843502561914905,0.6452107280237225,0.906741331056054,0.6910702561242498,0.9690933276407946,0.9646759033208516,5.385164807134504,0.9642194641657148,0.41517087585586676,4210.0,59011.0,1882.0,433.0
ANFC_002675.png,0.8334256183170254,0.7144213274492192,0.8443343306054287,0.8227951895205179,0.9645331874550596,0.9449157714852157,11.180339887498949,0.8800357773047363,0.5656541224387744,9031.0,52895.0,1945.0,1665.0
ANFC_002676.png,0.8501199912842615,0.7393119150342383,0.878947368439256,0.8231235037567775,0.9786706517681848,0.9685516357426674,4.47213595499958,0.9443273991660843,0.7807592640889701,5845.0,57630.0,1256.0,805.0
ANFC_002677.png,0.8177846312236206,0.6917391305017958,0.8512573569151264,0.7868447082624024,0.9860513285221844,0.9783630371097053,6.0,0.8958192757082104,0.6871597921458362,3182.0,60936.0,862.0,556.0
ANFC_002678.png,0.8405905718473664,0.7250161603458286,0.87501950384225,0.808768387682612,0.977573697296031,0.9675445556645579,5.0,0.9332241238510892,0.749401732987566,5608.0,57801.0,1326.0,801.0
ANFC_002679.png,0.702465383349942,0.541384695550688,0.7957153787820159,0.6287787183335793,0.9701046823018729,0.959671020508428,12.206555615733702,0.8000439600694893,0.4744762819832979,3120.0,59773.0,1842.0,801.0
ANFC_002680.png,0.8095539386420789,0.6800425193090562,0.9568143578319659,0.7015764222478991,0.9638293983756654,0.9632568359380608,5.0,0.9454073797904159,0.6846277371739992,5118.0,58010.0,2177.0,231.0
ANFC_002681.png,0.7753978700759366,0.6331835060322095,0.8267415157369886,0.7300585850089998,0.9805573137286697,0.9713592529301246,10.044344521148009,0.8310835039447723,0.5809838987690624,3240.0,60419.0,1198.0,679.0
ANFC_002682.png,0.8247389034037892,0.7017495140514903,0.8627517924362409,0.7899343545076655,0.9644751449371006,0.9508361816413753,6.082762530298219,0.930753982165608,0.567881378095654,7581.0,54733.0,2016.0,1206.0
ANFC_002683.png,0.8194763939194065,0.6941634963631657,0.8123574764021764,0.8267211846804375,0.9721625508198171,0.9497070312507675,6.082762530298219,0.9012674461789668,0.6314501321379669,7481.0,54759.0,1568.0,1728.0
ANFC_002684.png,0.8069035533092942,0.6763104152760118,0.7494578029467743,0.8738867509759333,0.9791192587067572,0.9419555664071358,8.0,0.8812010082457578,0.5377418854410292,7948.0,53784.0,1147.0,2657.0
ANFC_002685.png,0.852395725622034,0.742761023700257,0.8144927536476294,0.8939985538837313,0.9873502916510657,0.9673309326176861,5.0,0.9599910781474765,0.7990773886393115,6182.0,57213.0,733.0,1408.0
ANFC_002686.png,0.8155834699043176,0.6885951430407024,0.8253500369103353,0.8060453401201708,0.9914202031136955,0.9845428466799234,4.123105625617661,0.9508615974468848,0.6960085105194087,2240.0,62283.0,539.0,474.0
ANFC_002687.png,0.8246183435719896,0.701574964266399,0.857500000035625,0.7941653160930388,0.9855531721271198,0.9777374267581523,5.385164807134504,0.9367438604187186,0.703435880537562,3430.0,60647.0,889.0,570.0
ANFC_002688.png,0.8607325666515501,0.7555140623461881,0.8701612903400321,0.8515059844993416,0.9805666483065862,0.9680328369145504,3.605551275463989,0.9694674713520349,0.8349360707528263,6474.0,56967.0,1129.0,966.0
ANFC_002689.png,0.8150819672434292,0.6878804649452461,0.8990958409044861,0.7454272864331553,0.9864746459354403,0.9827880859377628,4.0,0.9648990181523589,0.6910575421184487,2486.0,61922.0,849.0,279.0
ANFC_002690.png,0.8440238345783359,0.7301394785263513,0.9089079013817545,0.787786259588269,0.9841947954909815,0.9796295166018735,4.0,0.9822264017939137,0.7670736875695348,3612.0,60589.0,973.0,362.0
ANFC_002691.png,0.8015598558015187,0.6688359528893866,0.8038665879864424,0.7992663243141209,0.9767188563652702,0.9588470458990656,5.656854249492381,0.9258084670770056,0.6839327501442818,5447.0,57392.0,1368.0,1329.0
ANFC_002692.png,0.8174962292953438,0.691326530710674,0.9132266217720191,0.739931740703095,0.9879357841742197,0.9852294921877255,3.605551275463989,0.9716594152258796,0.7082990115726514,2168.0,62400.0,762.0,206.0
ANFC_002693.png,0.8518202849322026,0.7418875928437141,0.8846737481323537,0.8213195586237803,0.9876424929364482,0.9814300537112209,3.605551275463989,0.9765433738677729,0.7499895785904591,3498.0,60821.0,761.0,456.0
ANFC_002697.png,0.8603521554482542,0.7549280767616893,0.8911949685762695,0.831572769985999,0.9858308922755187,0.9789428710940714,3.1622776601683795,0.97618997396851,0.7852769421543943,4251.0,59905.0,861.0,519.0
ANFC_002698.png,0.814613608608636,0.6872135656078795,0.9587595908060231,0.7081463991244046,0.9801948468148283,0.9791717529300055,4.123105625617661,0.9891130273333583,0.6879068125767531,2999.0,61172.0,1236.0,129.0
ANFC_002699.png,0.8141724479913067,0.6865858755356067,0.9442528735792377,0.7155923345567089,0.9789544927165954,0.9771118164065994,4.47213595499958,0.9284596392414813,0.702353516941533,3286.0,60750.0,1306.0,194.0
ANFC_002700.png,0.8584322574454594,0.7519766243121387,0.8618991332029355,0.8549931600830578,0.9877274230898491,0.9779815673831486,4.164942897143218,0.9542099449404047,0.7378697311000666,4375.0,59718.0,742.0,701.0
ANFC_002701.png,0.8171179440319966,0.690785645064833,0.915895061750027,0.7375724938406022,0.979447832857847,0.9756774902347463,4.123105625617661,0.9600468725471373,0.6981178986054479,3561.0,60381.0,1267.0,327.0
ANFC_002702.png,0.8360296420169053,0.7182568149716182,0.9215370455771889,0.7650429799875753,0.9798986762546185,0.9760284423831784,7.534838994876704,0.9230488368737146,0.7199651003556542,4005.0,59960.0,1230.0,341.0
ANFC_002703.png,0.8511760826718866,0.7409108305126462,0.9065792554655632,0.8021545473788781,0.9844119807396652,0.9793395996096904,3.605551275463989,0.9746889838563106,0.818777567038224,3872.0,60310.0,955.0,399.0
ANFC_002704.png,0.8270615681278972,0.7051193359209409,0.9120805369324204,0.7565411022904914,0.978515049291283,0.9739837646488346,5.0,0.9343574238943809,0.6624681285079714,4077.0,59754.0,1312.0,393.0
ANFC_002705.png,0.8537768537913298,0.7448609432121505,0.8817995910262169,0.8274803301041105,0.9851762688390796,0.9774627685550314,4.242640687119285,0.9548960247487811,0.8155170125030657,4312.0,59747.0,899.0,578.0
ANFC_002718.png,0.8257421849514553,0.7032034825646608,0.8718516468486228,0.7842649072844187,0.9702795403880933,0.9594268798834317,11.180339887498949,0.9123953296947984,0.7496435003771428,6300.0,56577.0,1733.0,926.0
ANFC_002719.png,0.7960099082951054,0.661143238471848,0.8830956625247927,0.724558196255386,0.9615672403244411,0.953506469727272,21.695414257301167,0.9035518693108132,0.6175464251395103,5945.0,56544.0,2260.0,787.0
ANFC_002720.png,0.8205888583054022,0.6957614942893006,0.8561956682103734,0.78782537963831,0.973361248702559,0.9612274169927792,5.0,0.9506964111751102,0.6721508775847612,5811.0,57184.0,1565.0,976.0
ANFC_002721.png,0.8424547283860709,0.7277941943807067,0.9108113987577091,0.783642148646146,0.9810302105387185,0.9761047363284897,3.0,0.9198587460398654,0.8277544990369148,4187.0,59783.0,1156.0,410.0
ANFC_002722.png,0.7733795931598518,0.6304962716301116,0.8779090584038993,0.6910935739314843,0.9825319159112167,0.9780731201175222,4.0,0.870928823478466,0.7346772614902137,2452.0,61647.0,1096.0,341.0
ANFC_002723.png,0.8237363668554314,0.700299102751685,0.8671604938599604,0.7844538754111114,0.9843053703284601,0.9770660400394126,4.123105625617661,0.9041417052253574,0.7754144031849003,3512.0,60521.0,965.0,538.0
ANFC_002724.png,0.7947368421390235,0.6593886463811712,0.8415186346772836,0.7528825179953622,0.9873454081227584,0.9809570312502907,4.0,0.8921992604322614,0.7941502057637839,2416.0,61872.0,793.0,455.0
ANFC_002725.png,0.8215967353958777,0.6972118629555653,0.836921765116836,0.8068228524852398,0.9845509080452863,0.9739837646488346,3.0,0.946075872580575,0.7984236775157306,3926.0,59905.0,940.0,765.0
ANFC_002726.png,0.803599788282407,0.6716814160260527,0.898934070312304,0.7265475431631948,0.9863974731364158,0.9830169677736967,3.0,0.9386665935791205,0.8423192387304754,2277.0,62146.0,857.0,256.0
ANFC_002727.png,0.7595069499397447,0.612262156530177,0.7757835521629297,0.7438993065132548,0.9838680970182051,0.9720153808598021,5.0,0.8335267008651268,0.701338501938428,2896.0,60806.0,997.0,837.0
ANFC_002728.png,0.8219257540861477,0.6976858691044594,0.8711958192833705,0.7779302773049875,0.987010901851436,0.981262207031536,4.47213595499958,0.9012119994499916,0.7731179866412764,2834.0,61474.0,809.0,419.0
ANFC_002729.png,0.7745157385329122,0.6320079032768565,0.8090420487483269,0.7428156749658009,0.9857951357160022,0.9772644042972221,4.47213595499958,0.8891137819410959,0.6958272720651985,2559.0,61487.0,886.0,604.0
ANFC_002736.png,0.6099009902093632,0.43874643897486926,0.7215528783657611,0.5281724647093716,0.9849629930360551,0.9789581298831337,32.372651930155115,0.6018974000958113,0.46599834083001457,1078.0,63079.0,963.0,416.0
ANFC_002737.png,0.7969370941361891,0.6624234612210081,0.8672995780870676,0.7371346602587171,0.9758865714853627,0.9680328369145504,5.385164807134504,0.9052158382495609,0.6427480785407291,4111.0,59330.0,1466.0,629.0
ANFC_002738.png,0.7803357314675453,0.6397955172474261,0.6994840929924833,0.8823210412785678,0.9965669988926346,0.9860229492189634,4.47213595499958,0.8631845792161416,0.6577385210237107,1627.0,62993.0,217.0,699.0
ANFC_002739.png,0.7617335352231517,0.6151612410797552,0.8776711731623045,0.672851889055023,0.9678917145206253,0.9615783691412114,68.3637304024374,0.7668469212388118,0.5778248057822752,4025.0,58993.0,1957.0,561.0
ANFC_002740.png,0.77157360411889,0.6280991737073971,0.7043558852157759,0.8529741863900258,0.9958660734009299,0.9862670898439596,7.035533905932738,0.7873022387261456,0.6462683419807055,1520.0,63116.0,262.0,638.0
ANFC_002741.png,0.7813639192867997,0.6411790457257874,0.8054995417405134,0.7586325967267554,0.9767314125933867,0.9624786376958852,60.01999629783861,0.8483083512381148,0.5963310242463262,4394.0,58683.0,1398.0,1061.0
ANFC_002748.png,0.7322175732512423,0.5775577558489564,0.78069969481552,0.6894049347523522,0.9755536335007335,0.9628906250005663,9.989949493661152,0.8355523899492239,0.6631677005838276,3325.0,59779.0,1498.0,934.0
ANFC_002749.png,0.8194968553648326,0.6941928610026296,0.9238950602874272,0.7362968544478626,0.9771633635106898,0.973724365234776,6.783638725263592,0.9257923723101006,0.7926789939911854,3909.0,59905.0,1400.0,322.0
ANFC_002750.png,0.7722328137521327,0.6289733285295993,0.888974954844055,0.682593180078788,0.9740362940503375,0.9690093994145355,5.0,0.8401359349708444,0.7027055583254792,3443.0,60062.0,1601.0,430.0
ANFC_002777.png,0.8458464774246379,0.7328717202139681,0.9087211929919923,0.791109362788706,0.9916144213004499,0.9888153076173583,3.605551275463989,0.9849144492539432,0.6784805124919541,2011.0,62792.0,531.0,202.0
ANFC_002778.png,0.7814309549728696,0.6412693299546924,0.7446689113833391,0.8220111501503177,0.9856786841670431,0.9660186767583311,9.0,0.8625203736931206,0.71998720865443,3981.0,59328.0,862.0,1365.0
ANFC_002779.png,0.8762326424076811,0.7797277937751691,0.9469334493488762,0.8153558053126008,0.9922039312429084,0.9906158447267058,3.3174234255218025,0.9717126889510951,0.8201133060328523,2177.0,62744.0,493.0,122.0
ANFC_002780.png,0.6240776306859317,0.45357037915757115,0.850179014086979,0.49297349097844556,0.9487117357249218,0.9432525634774285,80.05623023850174,0.6649930858380252,0.5874192133862748,3087.0,58730.0,3175.0,544.0
ANFC_002781.png,0.8266206367804717,0.7044785878703894,0.8721165520549913,0.7856361648612337,0.9906762863713522,0.9862060546877106,17.114319240824827,0.908588487958711,0.6470236992983889,2155.0,62477.0,588.0,316.0
ANFC_002782.png,0.7173936341531032,0.5593248663838026,0.7931279621343298,0.6548620622862723,0.9712310000657051,0.9597625732428016,76.53757247260981,0.8106991896368799,0.6652151274276725,3347.0,59552.0,1764.0,873.0
