===== STDOUT =====
[*] SMP baseline: fpn, encoder=resnet34, weights=imagenet
[*] dataset: all_filtered (./dataset_all_filtered)
[*] save_path: ./results/experiments\all_filtered/smp_fpn_resnet34_20260623_imagenet\0625_1650
[*] device: cuda, seed=42, seg_loss=bce_dice
Epoch 001 | LR=0.000100 | TrainLoss=0.7011 | ValLoss=0.4295 | Dice=0.7375 | IoU=0.5948 | Recall=0.7389 | Precision=0.7713 | HD95=24.71 | clDice=0.8264 | BoundaryF1=0.5875
[*] Saved best model: val Dice=0.7375
Epoch 002 | LR=0.000100 | TrainLoss=0.5256 | ValLoss=0.4280 | Dice=0.7302 | IoU=0.5861 | Recall=0.6847 | Precision=0.8258 | HD95=24.41 | clDice=0.8273 | BoundaryF1=0.6015
Epoch 003 | LR=0.000099 | TrainLoss=0.4952 | ValLoss=0.3840 | Dice=0.7668 | IoU=0.6297 | Recall=0.7525 | Precision=0.8058 | HD95=21.32 | clDice=0.8586 | BoundaryF1=0.6464
[*] Saved best model: val Dice=0.7668
Epoch 004 | LR=0.000098 | TrainLoss=0.4787 | ValLoss=0.3799 | Dice=0.7679 | IoU=0.6315 | Recall=0.7487 | Precision=0.8129 | HD95=20.50 | clDice=0.8625 | BoundaryF1=0.6547
[*] Saved best model: val Dice=0.7679
Epoch 005 | LR=0.000098 | TrainLoss=0.4618 | ValLoss=0.3743 | Dice=0.7714 | IoU=0.6359 | Recall=0.7558 | Precision=0.8131 | HD95=20.34 | clDice=0.8665 | BoundaryF1=0.6573
[*] Saved best model: val Dice=0.7714
Epoch 006 | LR=0.000097 | TrainLoss=0.4531 | ValLoss=0.3910 | Dice=0.7625 | IoU=0.6270 | Recall=0.7717 | Precision=0.7888 | HD95=23.06 | clDice=0.8550 | BoundaryF1=0.6399
Epoch 007 | LR=0.000095 | TrainLoss=0.4463 | ValLoss=0.3746 | Dice=0.7755 | IoU=0.6422 | Recall=0.7728 | Precision=0.8024 | HD95=20.94 | clDice=0.8665 | BoundaryF1=0.6591
[*] Saved best model: val Dice=0.7755
Epoch 008 | LR=0.000094 | TrainLoss=0.4357 | ValLoss=0.3552 | Dice=0.7862 | IoU=0.6561 | Recall=0.8128 | Precision=0.7821 | HD95=19.35 | clDice=0.8751 | BoundaryF1=0.6663
[*] Saved best model: val Dice=0.7862
Epoch 009 | LR=0.000092 | TrainLoss=0.4231 | ValLoss=0.3561 | Dice=0.7836 | IoU=0.6523 | Recall=0.7722 | Precision=0.8154 | HD95=17.96 | clDice=0.8766 | BoundaryF1=0.6758
Epoch 010 | LR=0.000091 | TrainLoss=0.4178 | ValLoss=0.3670 | Dice=0.7778 | IoU=0.6459 | Recall=0.7703 | Precision=0.8108 | HD95=20.05 | clDice=0.8732 | BoundaryF1=0.6692
Epoch 011 | LR=0.000089 | TrainLoss=0.4102 | ValLoss=0.3902 | Dice=0.7615 | IoU=0.6243 | Recall=0.7161 | Precision=0.8460 | HD95=21.62 | clDice=0.8604 | BoundaryF1=0.6497
Epoch 012 | LR=0.000087 | TrainLoss=0.3986 | ValLoss=0.3686 | Dice=0.7754 | IoU=0.6428 | Recall=0.7697 | Precision=0.8076 | HD95=21.15 | clDice=0.8695 | BoundaryF1=0.6653
Epoch 013 | LR=0.000084 | TrainLoss=0.3967 | ValLoss=0.3588 | Dice=0.7826 | IoU=0.6504 | Recall=0.7819 | Precision=0.8026 | HD95=20.14 | clDice=0.8754 | BoundaryF1=0.6719
Epoch 014 | LR=0.000082 | TrainLoss=0.3852 | ValLoss=0.3744 | Dice=0.7722 | IoU=0.6378 | Recall=0.7532 | Precision=0.8186 | HD95=22.08 | clDice=0.8690 | BoundaryF1=0.6661
Epoch 015 | LR=0.000080 | TrainLoss=0.3796 | ValLoss=0.3649 | Dice=0.7814 | IoU=0.6494 | Recall=0.7785 | Precision=0.8064 | HD95=19.44 | clDice=0.8750 | BoundaryF1=0.6734
Epoch 016 | LR=0.000077 | TrainLoss=0.3697 | ValLoss=0.3616 | Dice=0.7818 | IoU=0.6496 | Recall=0.7850 | Precision=0.7972 | HD95=18.82 | clDice=0.8786 | BoundaryF1=0.6726
Epoch 017 | LR=0.000074 | TrainLoss=0.3618 | ValLoss=0.3672 | Dice=0.7785 | IoU=0.6467 | Recall=0.7649 | Precision=0.8160 | HD95=20.59 | clDice=0.8737 | BoundaryF1=0.6731
Epoch 018 | LR=0.000072 | TrainLoss=0.3584 | ValLoss=0.3766 | Dice=0.7711 | IoU=0.6358 | Recall=0.7443 | Precision=0.8245 | HD95=20.72 | clDice=0.8704 | BoundaryF1=0.6630
Epoch 019 | LR=0.000069 | TrainLoss=0.3503 | ValLoss=0.3781 | Dice=0.7753 | IoU=0.6418 | Recall=0.7516 | Precision=0.8257 | HD95=20.02 | clDice=0.8737 | BoundaryF1=0.6681
Epoch 020 | LR=0.000066 | TrainLoss=0.3404 | ValLoss=0.3687 | Dice=0.7787 | IoU=0.6459 | Recall=0.7682 | Precision=0.8107 | HD95=21.08 | clDice=0.8766 | BoundaryF1=0.6724
Epoch 021 | LR=0.000063 | TrainLoss=0.3363 | ValLoss=0.3725 | Dice=0.7784 | IoU=0.6456 | Recall=0.7790 | Precision=0.7992 | HD95=18.96 | clDice=0.8765 | BoundaryF1=0.6684
Epoch 022 | LR=0.000060 | TrainLoss=0.3317 | ValLoss=0.3719 | Dice=0.7774 | IoU=0.6428 | Recall=0.7529 | Precision=0.8244 | HD95=19.68 | clDice=0.8757 | BoundaryF1=0.6693
Epoch 023 | LR=0.000057 | TrainLoss=0.3217 | ValLoss=0.3713 | Dice=0.7783 | IoU=0.6444 | Recall=0.7656 | Precision=0.8136 | HD95=19.95 | clDice=0.8752 | BoundaryF1=0.6694
Epoch 024 | LR=0.000054 | TrainLoss=0.3169 | ValLoss=0.3681 | Dice=0.7789 | IoU=0.6455 | Recall=0.7718 | Precision=0.8076 | HD95=21.16 | clDice=0.8748 | BoundaryF1=0.6701
Epoch 025 | LR=0.000050 | TrainLoss=0.3122 | ValLoss=0.3743 | Dice=0.7778 | IoU=0.6441 | Recall=0.7733 | Precision=0.8032 | HD95=20.62 | clDice=0.8737 | BoundaryF1=0.6692
Epoch 026 | LR=0.000047 | TrainLoss=0.3091 | ValLoss=0.3822 | Dice=0.7724 | IoU=0.6372 | Recall=0.7451 | Precision=0.8231 | HD95=19.44 | clDice=0.8726 | BoundaryF1=0.6605
Epoch 027 | LR=0.000044 | TrainLoss=0.2998 | ValLoss=0.3783 | Dice=0.7739 | IoU=0.6386 | Recall=0.7539 | Precision=0.8153 | HD95=19.44 | clDice=0.8736 | BoundaryF1=0.6652
Epoch 028 | LR=0.000041 | TrainLoss=0.2953 | ValLoss=0.3771 | Dice=0.7770 | IoU=0.6425 | Recall=0.7582 | Precision=0.8164 | HD95=19.48 | clDice=0.8759 | BoundaryF1=0.6665
[*] Early stopping at epoch 28

[SMP Evaluation Complete]
Aggregate CSV: ./results/experiments\all_filtered/smp_fpn_resnet34_20260623_imagenet\0625_1650\aggregate_results.csv
all_filtered/smp_fpn_resnet34_20260623_imagenet: Dice=0.7446, IoU=0.6045, Recall=0.7911, Precision=0.7243, HD95=25.69, clDice=0.8301, BoundaryF1=0.6131
===== STDERR =====

Epoch 1/50 [Train]:   0%|          | 0/459 [00:00<?, ?it/s]
Epoch 1/50 [Train]:   0%|          | 1/459 [00:00<02:38,  2.89it/s]
Epoch 1/50 [Train]:   1%|          | 3/459 [00:00<00:58,  7.78it/s]
Epoch 1/50 [Train]:   1%|▏         | 6/459 [00:00<00:34, 13.10it/s]
Epoch 1/50 [Train]:   2%|▏         | 9/459 [00:00<00:27, 16.52it/s]
Epoch 1/50 [Train]:   3%|▎         | 12/459 [00:00<00:23, 18.87it/s]
Epoch 1/50 [Train]:   3%|▎         | 15/459 [00:00<00:21, 20.43it/s]
Epoch 1/50 [Train]:   4%|▍         | 18/459 [00:01<00:20, 21.16it/s]
Epoch 1/50 [Train]:   5%|▍         | 21/459 [00:01<00:20, 21.80it/s]
Epoch 1/50 [Train]:   5%|▌         | 24/459 [00:01<00:19, 22.48it/s]
Epoch 1/50 [Train]:   6%|▌         | 27/459 [00:01<00:18, 22.90it/s]
Epoch 1/50 [Train]:   7%|▋         | 30/459 [00:01<00:18, 23.28it/s]
Epoch 1/50 [Train]:   7%|▋         | 33/459 [00:01<00:17, 23.70it/s]
Epoch 1/50 [Train]:   8%|▊         | 36/459 [00:01<00:17, 23.96it/s]
Epoch 1/50 [Train]:   8%|▊         | 39/459 [00:01<00:17, 23.90it/s]
Epoch 1/50 [Train]:   9%|▉         | 42/459 [00:02<00:17, 24.10it/s]
Epoch 1/50 [Train]:  10%|▉         | 45/459 [00:02<00:17, 24.08it/s]
Epoch 1/50 [Train]:  10%|█         | 48/459 [00:02<00:17, 23.95it/s]
Epoch 1/50 [Train]:  11%|█         | 51/459 [00:02<00:16, 24.03it/s]
Epoch 1/50 [Train]:  12%|█▏        | 54/459 [00:02<00:16, 24.05it/s]
Epoch 1/50 [Train]:  12%|█▏        | 57/459 [00:02<00:16, 24.08it/s]
Epoch 1/50 [Train]:  13%|█▎        | 60/459 [00:02<00:16, 24.17it/s]
Epoch 1/50 [Train]:  14%|█▎        | 63/459 [00:02<00:16, 24.06it/s]
Epoch 1/50 [Train]:  14%|█▍        | 66/459 [00:03<00:16, 23.90it/s]
Epoch 1/50 [Train]:  15%|█▌        | 69/459 [00:03<00:16, 24.08it/s]
Epoch 1/50 [Train]:  16%|█▌        | 72/459 [00:03<00:15, 24.21it/s]
Epoch 1/50 [Train]:  16%|█▋        | 75/459 [00:03<00:16, 23.98it/s]
Epoch 1/50 [Train]:  17%|█▋        | 78/459 [00:03<00:16, 23.58it/s]
Epoch 1/50 [Train]:  18%|█▊        | 81/459 [00:03<00:16, 23.21it/s]
Epoch 1/50 [Train]:  18%|█▊        | 84/459 [00:03<00:15, 23.49it/s]
Epoch 1/50 [Train]:  19%|█▉        | 87/459 [00:03<00:15, 23.51it/s]
Epoch 1/50 [Train]:  20%|█▉        | 90/459 [00:04<00:15, 23.37it/s]
Epoch 1/50 [Train]:  20%|██        | 93/459 [00:04<00:15, 23.12it/s]
Epoch 1/50 [Train]:  21%|██        | 96/459 [00:04<00:15, 22.95it/s]
Epoch 1/50 [Train]:  22%|██▏       | 99/459 [00:04<00:15, 23.17it/s]
Epoch 1/50 [Train]:  22%|██▏       | 102/459 [00:04<00:15, 23.21it/s]
Epoch 1/50 [Train]:  23%|██▎       | 105/459 [00:04<00:15, 23.46it/s]
Epoch 1/50 [Train]:  24%|██▎       | 108/459 [00:04<00:14, 23.76it/s]
Epoch 1/50 [Train]:  24%|██▍       | 111/459 [00:04<00:14, 23.90it/s]
Epoch 1/50 [Train]:  25%|██▍       | 114/459 [00:05<00:14, 23.84it/s]
Epoch 1/50 [Train]:  25%|██▌       | 117/459 [00:05<00:14, 23.55it/s]
Epoch 1/50 [Train]:  26%|██▌       | 120/459 [00:05<00:14, 23.50it/s]
Epoch 1/50 [Train]:  27%|██▋       | 123/459 [00:05<00:14, 23.76it/s]
Epoch 1/50 [Train]:  27%|██▋       | 126/459 [00:05<00:13, 23.94it/s]
Epoch 1/50 [Train]:  28%|██▊       | 129/459 [00:05<00:13, 24.07it/s]
Epoch 1/50 [Train]:  29%|██▉       | 132/459 [00:05<00:13, 24.10it/s]
Epoch 1/50 [Train]:  29%|██▉       | 135/459 [00:06<00:13, 24.27it/s]
Epoch 1/50 [Train]:  30%|███       | 138/459 [00:06<00:13, 24.08it/s]
Epoch 1/50 [Train]:  31%|███       | 141/459 [00:06<00:13, 24.26it/s]
Epoch 1/50 [Train]:  31%|███▏      | 144/459 [00:06<00:13, 24.10it/s]
Epoch 1/50 [Train]:  32%|███▏      | 147/459 [00:06<00:12, 24.22it/s]
Epoch 1/50 [Train]:  33%|███▎      | 150/459 [00:06<00:12, 24.27it/s]
Epoch 1/50 [Train]:  33%|███▎      | 153/459 [00:06<00:12, 24.19it/s]
Epoch 1/50 [Train]:  34%|███▍      | 156/459 [00:06<00:12, 24.22it/s]
Epoch 1/50 [Train]:  35%|███▍      | 159/459 [00:06<00:12, 24.30it/s]
Epoch 1/50 [Train]:  35%|███▌      | 162/459 [00:07<00:12, 24.23it/s]
Epoch 1/50 [Train]:  36%|███▌      | 165/459 [00:07<00:12, 24.24it/s]
Epoch 1/50 [Train]:  37%|███▋      | 168/459 [00:07<00:12, 24.10it/s]
Epoch 1/50 [Train]:  37%|███▋      | 171/459 [00:07<00:11, 24.15it/s]
Epoch 1/50 [Train]:  38%|███▊      | 174/459 [00:07<00:11, 24.28it/s]
Epoch 1/50 [Train]:  39%|███▊      | 177/459 [00:07<00:11, 24.26it/s]
Epoch 1/50 [Train]:  39%|███▉      | 180/459 [00:07<00:11, 24.12it/s]
Epoch 1/50 [Train]:  40%|███▉      | 183/459 [00:07<00:11, 23.93it/s]
Epoch 1/50 [Train]:  41%|████      | 186/459 [00:08<00:11, 23.78it/s]
Epoch 1/50 [Train]:  41%|████      | 189/459 [00:08<00:11, 23.68it/s]
Epoch 1/50 [Train]:  42%|████▏     | 192/459 [00:08<00:11, 23.74it/s]
Epoch 1/50 [Train]:  42%|████▏     | 195/459 [00:08<00:11, 23.95it/s]
Epoch 1/50 [Train]:  43%|████▎     | 198/459 [00:08<00:10, 24.12it/s]
Epoch 1/50 [Train]:  44%|████▍     | 201/459 [00:08<00:10, 24.03it/s]
Epoch 1/50 [Train]:  44%|████▍     | 204/459 [00:08<00:10, 24.19it/s]
Epoch 1/50 [Train]:  45%|████▌     | 207/459 [00:08<00:10, 24.25it/s]
Epoch 1/50 [Train]:  46%|████▌     | 210/459 [00:09<00:10, 24.26it/s]
Epoch 1/50 [Train]:  46%|████▋     | 213/459 [00:09<00:10, 24.26it/s]
Epoch 1/50 [Train]:  47%|████▋     | 216/459 [00:09<00:09, 24.35it/s]
Epoch 1/50 [Train]:  48%|████▊     | 219/459 [00:09<00:09, 24.21it/s]
Epoch 1/50 [Train]:  48%|████▊     | 222/459 [00:09<00:09, 24.32it/s]
Epoch 1/50 [Train]:  49%|████▉     | 225/459 [00:09<00:09, 24.37it/s]
Epoch 1/50 [Train]:  50%|████▉     | 228/459 [00:09<00:09, 24.43it/s]
Epoch 1/50 [Train]:  50%|█████     | 231/459 [00:09<00:09, 24.38it/s]
Epoch 1/50 [Train]:  51%|█████     | 234/459 [00:10<00:09, 24.32it/s]
Epoch 1/50 [Train]:  52%|█████▏    | 237/459 [00:10<00:09, 24.17it/s]
Epoch 1/50 [Train]:  52%|█████▏    | 240/459 [00:10<00:09, 24.10it/s]
Epoch 1/50 [Train]:  53%|█████▎    | 243/459 [00:10<00:08, 24.13it/s]
Epoch 1/50 [Train]:  54%|█████▎    | 246/459 [00:10<00:08, 24.05it/s]
Epoch 1/50 [Train]:  54%|█████▍    | 249/459 [00:10<00:08, 24.03it/s]
Epoch 1/50 [Train]:  55%|█████▍    | 252/459 [00:10<00:08, 24.14it/s]
Epoch 1/50 [Train]:  56%|█████▌    | 255/459 [00:10<00:08, 24.18it/s]
Epoch 1/50 [Train]:  56%|█████▌    | 258/459 [00:11<00:08, 24.32it/s]
Epoch 1/50 [Train]:  57%|█████▋    | 261/459 [00:11<00:08, 24.22it/s]
Epoch 1/50 [Train]:  58%|█████▊    | 264/459 [00:11<00:08, 24.12it/s]
Epoch 1/50 [Train]:  58%|█████▊    | 267/459 [00:11<00:07, 24.20it/s]
Epoch 1/50 [Train]:  59%|█████▉    | 270/459 [00:11<00:07, 24.16it/s]
Epoch 1/50 [Train]:  59%|█████▉    | 273/459 [00:11<00:07, 24.19it/s]
Epoch 1/50 [Train]:  60%|██████    | 276/459 [00:11<00:07, 24.31it/s]
Epoch 1/50 [Train]:  61%|██████    | 279/459 [00:11<00:07, 24.31it/s]
Epoch 1/50 [Train]:  61%|██████▏   | 282/459 [00:12<00:07, 24.24it/s]
Epoch 1/50 [Train]:  62%|██████▏   | 285/459 [00:12<00:07, 23.98it/s]
Epoch 1/50 [Train]:  63%|██████▎   | 288/459 [00:12<00:07, 23.94it/s]
Epoch 1/50 [Train]:  63%|██████▎   | 291/459 [00:12<00:07, 23.90it/s]
Epoch 1/50 [Train]:  64%|██████▍   | 294/459 [00:12<00:06, 23.98it/s]
Epoch 1/50 [Train]:  65%|██████▍   | 297/459 [00:12<00:06, 24.08it/s]
Epoch 1/50 [Train]:  65%|██████▌   | 300/459 [00:12<00:06, 24.17it/s]
Epoch 1/50 [Train]:  66%|██████▌   | 303/459 [00:12<00:06, 24.20it/s]
Epoch 1/50 [Train]:  67%|██████▋   | 306/459 [00:13<00:06, 23.99it/s]
Epoch 1/50 [Train]:  67%|██████▋   | 309/459 [00:13<00:06, 24.11it/s]
Epoch 1/50 [Train]:  68%|██████▊   | 312/459 [00:13<00:06, 23.81it/s]
Epoch 1/50 [Train]:  69%|██████▊   | 315/459 [00:13<00:06, 23.98it/s]
Epoch 1/50 [Train]:  69%|██████▉   | 318/459 [00:13<00:05, 23.63it/s]
Epoch 1/50 [Train]:  70%|██████▉   | 321/459 [00:13<00:05, 23.71it/s]
Epoch 1/50 [Train]:  71%|███████   | 324/459 [00:13<00:05, 23.68it/s]
Epoch 1/50 [Train]:  71%|███████   | 327/459 [00:13<00:05, 23.68it/s]
Epoch 1/50 [Train]:  72%|███████▏  | 330/459 [00:14<00:05, 23.71it/s]
Epoch 1/50 [Train]:  73%|███████▎  | 333/459 [00:14<00:05, 23.86it/s]
Epoch 1/50 [Train]:  73%|███████▎  | 336/459 [00:14<00:05, 23.78it/s]
Epoch 1/50 [Train]:  74%|███████▍  | 339/459 [00:14<00:05, 23.84it/s]
Epoch 1/50 [Train]:  75%|███████▍  | 342/459 [00:14<00:04, 23.77it/s]
Epoch 1/50 [Train]:  75%|███████▌  | 345/459 [00:14<00:04, 23.84it/s]
Epoch 1/50 [Train]:  76%|███████▌  | 348/459 [00:14<00:04, 23.88it/s]
Epoch 1/50 [Train]:  76%|███████▋  | 351/459 [00:14<00:04, 23.77it/s]
Epoch 1/50 [Train]:  77%|███████▋  | 354/459 [00:15<00:04, 23.72it/s]
Epoch 1/50 [Train]:  78%|███████▊  | 357/459 [00:15<00:04, 23.83it/s]
Epoch 1/50 [Train]:  78%|███████▊  | 360/459 [00:15<00:04, 23.90it/s]
Epoch 1/50 [Train]:  79%|███████▉  | 363/459 [00:15<00:03, 24.04it/s]
Epoch 1/50 [Train]:  80%|███████▉  | 366/459 [00:15<00:03, 23.76it/s]
Epoch 1/50 [Train]:  80%|████████  | 369/459 [00:15<00:03, 23.89it/s]
Epoch 1/50 [Train]:  81%|████████  | 372/459 [00:15<00:03, 23.63it/s]
Epoch 1/50 [Train]:  82%|████████▏ | 375/459 [00:15<00:03, 23.49it/s]
Epoch 1/50 [Train]:  82%|████████▏ | 378/459 [00:16<00:03, 23.52it/s]
Epoch 1/50 [Train]:  83%|████████▎ | 381/459 [00:16<00:03, 23.50it/s]
Epoch 1/50 [Train]:  84%|████████▎ | 384/459 [00:16<00:03, 23.26it/s]
Epoch 1/50 [Train]:  84%|████████▍ | 387/459 [00:16<00:03, 23.39it/s]
Epoch 1/50 [Train]:  85%|████████▍ | 390/459 [00:16<00:02, 23.62it/s]
Epoch 1/50 [Train]:  86%|████████▌ | 393/459 [00:16<00:02, 23.79it/s]
Epoch 1/50 [Train]:  86%|████████▋ | 396/459 [00:16<00:02, 23.85it/s]
Epoch 1/50 [Train]:  87%|████████▋ | 399/459 [00:17<00:02, 23.96it/s]
Epoch 1/50 [Train]:  88%|████████▊ | 402/459 [00:17<00:02, 24.05it/s]
Epoch 1/50 [Train]:  88%|████████▊ | 405/459 [00:17<00:02, 23.91it/s]
Epoch 1/50 [Train]:  89%|████████▉ | 408/459 [00:17<00:02, 23.73it/s]
Epoch 1/50 [Train]:  90%|████████▉ | 411/459 [00:17<00:02, 23.72it/s]
Epoch 1/50 [Train]:  90%|█████████ | 414/459 [00:17<00:01, 23.79it/s]
Epoch 1/50 [Train]:  91%|█████████ | 417/459 [00:17<00:01, 24.02it/s]
Epoch 1/50 [Train]:  92%|█████████▏| 420/459 [00:17<00:01, 24.02it/s]
Epoch 1/50 [Train]:  92%|█████████▏| 423/459 [00:18<00:01, 24.09it/s]
Epoch 1/50 [Train]:  93%|█████████▎| 426/459 [00:18<00:01, 24.15it/s]
Epoch 1/50 [Train]:  93%|█████████▎| 429/459 [00:18<00:01, 24.25it/s]
Epoch 1/50 [Train]:  94%|█████████▍| 432/459 [00:18<00:01, 23.78it/s]
Epoch 1/50 [Train]:  95%|█████████▍| 435/459 [00:18<00:00, 24.07it/s]
Epoch 1/50 [Train]:  95%|█████████▌| 438/459 [00:18<00:00, 24.01it/s]
Epoch 1/50 [Train]:  96%|█████████▌| 441/459 [00:18<00:00, 24.30it/s]
Epoch 1/50 [Train]:  97%|█████████▋| 444/459 [00:18<00:00, 24.33it/s]
Epoch 1/50 [Train]:  97%|█████████▋| 447/459 [00:19<00:00, 23.90it/s]
Epoch 1/50 [Train]:  98%|█████████▊| 450/459 [00:19<00:00, 23.96it/s]
Epoch 1/50 [Train]:  99%|█████████▊| 453/459 [00:19<00:00, 23.97it/s]
Epoch 1/50 [Train]:  99%|█████████▉| 456/459 [00:19<00:00, 23.84it/s]
Epoch 1/50 [Train]: 100%|██████████| 459/459 [00:19<00:00, 24.06it/s]
                                                                     

Epoch 1/50 [Val]:   0%|          | 0/113 [00:00<?, ?it/s]
Epoch 1/50 [Val]:   2%|▏         | 2/113 [00:00<00:06, 16.59it/s]
Epoch 1/50 [Val]:   4%|▎         | 4/113 [00:00<00:06, 17.53it/s]
Epoch 1/50 [Val]:   5%|▌         | 6/113 [00:00<00:05, 17.90it/s]
Epoch 1/50 [Val]:   7%|▋         | 8/113 [00:00<00:05, 17.97it/s]
Epoch 1/50 [Val]:   9%|▉         | 10/113 [00:00<00:05, 18.46it/s]
Epoch 1/50 [Val]:  11%|█         | 12/113 [00:00<00:05, 18.45it/s]
Epoch 1/50 [Val]:  12%|█▏        | 14/113 [00:00<00:05, 18.31it/s]
Epoch 1/50 [Val]:  14%|█▍        | 16/113 [00:00<00:05, 17.38it/s]
Epoch 1/50 [Val]:  16%|█▌        | 18/113 [00:01<00:05, 16.97it/s]
Epoch 1/50 [Val]:  18%|█▊        | 20/113 [00:01<00:05, 16.67it/s]
Epoch 1/50 [Val]:  19%|█▉        | 22/113 [00:01<00:05, 16.46it/s]
Epoch 1/50 [Val]:  21%|██        | 24/113 [00:01<00:05, 16.36it/s]
Epoch 1/50 [Val]:  23%|██▎       | 26/113 [00:01<00:05, 16.66it/s]
Epoch 1/50 [Val]:  25%|██▍       | 28/113 [00:01<00:05, 16.83it/s]
Epoch 1/50 [Val]:  27%|██▋       | 30/113 [00:01<00:04, 17.06it/s]
Epoch 1/50 [Val]:  28%|██▊       | 32/113 [00:01<00:04, 17.26it/s]
Epoch 1/50 [Val]:  30%|███       | 34/113 [00:01<00:04, 17.52it/s]
Epoch 1/50 [Val]:  32%|███▏      | 36/113 [00:02<00:04, 17.86it/s]
Epoch 1/50 [Val]:  34%|███▎      | 38/113 [00:02<00:04, 17.95it/s]
Epoch 1/50 [Val]:  35%|███▌      | 40/113 [00:02<00:04, 18.12it/s]
Epoch 1/50 [Val]:  37%|███▋      | 42/113 [00:02<00:03, 18.33it/s]
Epoch 1/50 [Val]:  39%|███▉      | 44/113 [00:02<00:03, 18.30it/s]
Epoch 1/50 [Val]:  41%|████      | 46/113 [00:02<00:03, 18.00it/s]
Epoch 1/50 [Val]:  42%|████▏     | 48/113 [00:02<00:03, 17.87it/s]
Epoch 1/50 [Val]:  44%|████▍     | 50/113 [00:02<00:03, 17.80it/s]
Epoch 1/50 [Val]:  46%|████▌     | 52/113 [00:02<00:03, 18.21it/s]
Epoch 1/50 [Val]:  48%|████▊     | 54/113 [00:03<00:03, 18.53it/s]
Epoch 1/50 [Val]:  50%|████▉     | 56/113 [00:03<00:03, 18.66it/s]
Epoch 1/50 [Val]:  51%|█████▏    | 58/113 [00:03<00:03, 18.11it/s]
Epoch 1/50 [Val]:  53%|█████▎    | 60/113 [00:03<00:02, 18.33it/s]
Epoch 1/50 [Val]:  55%|█████▍    | 62/113 [00:03<00:02, 18.45it/s]
Epoch 1/50 [Val]:  57%|█████▋    | 64/113 [00:03<00:02, 18.56it/s]
Epoch 1/50 [Val]:  58%|█████▊    | 66/113 [00:03<00:02, 18.09it/s]
Epoch 1/50 [Val]:  60%|██████    | 68/113 [00:03<00:02, 18.01it/s]
Epoch 1/50 [Val]:  62%|██████▏   | 70/113 [00:03<00:02, 18.21it/s]
Epoch 1/50 [Val]:  64%|██████▎   | 72/113 [00:04<00:02, 18.47it/s]
Epoch 1/50 [Val]:  65%|██████▌   | 74/113 [00:04<00:02, 18.66it/s]
Epoch 1/50 [Val]:  67%|██████▋   | 76/113 [00:04<00:01, 18.62it/s]
Epoch 1/50 [Val]:  69%|██████▉   | 78/113 [00:04<00:01, 18.49it/s]
Epoch 1/50 [Val]:  71%|███████   | 80/113 [00:04<00:01, 18.41it/s]
Epoch 1/50 [Val]:  73%|███████▎  | 82/113 [00:04<00:01, 18.34it/s]
Epoch 1/50 [Val]:  74%|███████▍  | 84/113 [00:04<00:01, 18.36it/s]
Epoch 1/50 [Val]:  76%|███████▌  | 86/113 [00:04<00:01, 18.24it/s]
Epoch 1/50 [Val]:  78%|███████▊  | 88/113 [00:04<00:01, 18.16it/s]
Epoch 1/50 [Val]:  80%|███████▉  | 90/113 [00:05<00:01, 18.38it/s]
Epoch 1/50 [Val]:  81%|████████▏ | 92/113 [00:05<00:01, 18.58it/s]
Epoch 1/50 [Val]:  83%|████████▎ | 94/113 [00:05<00:01, 18.53it/s]
Epoch 1/50 [Val]:  85%|████████▍ | 96/113 [00:05<00:00, 18.89it/s]
Epoch 1/50 [Val]:  87%|████████▋ | 98/113 [00:05<00:00, 19.16it/s]
Epoch 1/50 [Val]:  88%|████████▊ | 100/113 [00:05<00:00, 18.56it/s]
Epoch 1/50 [Val]:  90%|█████████ | 102/113 [00:05<00:00, 18.12it/s]
Epoch 1/50 [Val]:  92%|█████████▏| 104/113 [00:05<00:00, 18.49it/s]
Epoch 1/50 [Val]:  94%|█████████▍| 106/113 [00:05<00:00, 18.46it/s]
Epoch 1/50 [Val]:  96%|█████████▌| 108/113 [00:05<00:00, 18.60it/s]
Epoch 1/50 [Val]:  97%|█████████▋| 110/113 [00:06<00:00, 18.79it/s]
Epoch 1/50 [Val]:  99%|█████████▉| 112/113 [00:06<00:00, 18.86it/s]
                                                                   

Epoch 2/50 [Train]:   0%|          | 0/459 [00:00<?, ?it/s]
Epoch 2/50 [Train]:   1%|          | 3/459 [00:00<00:19, 23.08it/s]
Epoch 2/50 [Train]:   1%|▏         | 6/459 [00:00<00:19, 23.38it/s]
Epoch 2/50 [Train]:   2%|▏         | 9/459 [00:00<00:18, 23.74it/s]
Epoch 2/50 [Train]:   3%|▎         | 12/459 [00:00<00:18, 23.90it/s]
Epoch 2/50 [Train]:   3%|▎         | 15/459 [00:00<00:18, 23.80it/s]
Epoch 2/50 [Train]:   4%|▍         | 18/459 [00:00<00:18, 23.99it/s]
Epoch 2/50 [Train]:   5%|▍         | 21/459 [00:00<00:18, 24.09it/s]
Epoch 2/50 [Train]:   5%|▌         | 24/459 [00:01<00:17, 24.24it/s]
Epoch 2/50 [Train]:   6%|▌         | 27/459 [00:01<00:17, 24.35it/s]
Epoch 2/50 [Train]:   7%|▋         | 30/459 [00:01<00:17, 24.22it/s]
Epoch 2/50 [Train]:   7%|▋         | 33/459 [00:01<00:17, 24.18it/s]
Epoch 2/50 [Train]:   8%|▊         | 36/459 [00:01<00:17, 24.02it/s]
Epoch 2/50 [Train]:   8%|▊         | 39/459 [00:01<00:17, 24.15it/s]
Epoch 2/50 [Train]:   9%|▉         | 42/459 [00:01<00:17, 23.95it/s]
Epoch 2/50 [Train]:  10%|▉         | 45/459 [00:01<00:17, 24.06it/s]
Epoch 2/50 [Train]:  10%|█         | 48/459 [00:02<00:17, 23.93it/s]
Epoch 2/50 [Train]:  11%|█         | 51/459 [00:02<00:16, 24.07it/s]
Epoch 2/50 [Train]:  12%|█▏        | 54/459 [00:02<00:16, 24.01it/s]
Epoch 2/50 [Train]:  12%|█▏        | 57/459 [00:02<00:16, 24.09it/s]
Epoch 2/50 [Train]:  13%|█▎        | 60/459 [00:02<00:16, 24.24it/s]
Epoch 2/50 [Train]:  14%|█▎        | 63/459 [00:02<00:16, 24.04it/s]
Epoch 2/50 [Train]:  14%|█▍        | 66/459 [00:02<00:16, 24.03it/s]
Epoch 2/50 [Train]:  15%|█▌        | 69/459 [00:02<00:16, 24.04it/s]
Epoch 2/50 [Train]:  16%|█▌        | 72/459 [00:02<00:15, 24.20it/s]
Epoch 2/50 [Train]:  16%|█▋        | 75/459 [00:03<00:15, 24.03it/s]
Epoch 2/50 [Train]:  17%|█▋        | 78/459 [00:03<00:15, 24.04it/s]
Epoch 2/50 [Train]:  18%|█▊        | 81/459 [00:03<00:15, 23.99it/s]
Epoch 2/50 [Train]:  18%|█▊        | 84/459 [00:03<00:15, 23.82it/s]
Epoch 2/50 [Train]:  19%|█▉        | 87/459 [00:03<00:15, 23.98it/s]
Epoch 2/50 [Train]:  20%|█▉        | 90/459 [00:03<00:15, 24.04it/s]
Epoch 2/50 [Train]:  20%|██        | 93/459 [00:03<00:15, 23.81it/s]
Epoch 2/50 [Train]:  21%|██        | 96/459 [00:03<00:15, 24.04it/s]
Epoch 2/50 [Train]:  22%|██▏       | 99/459 [00:04<00:14, 24.08it/s]
Epoch 2/50 [Train]:  22%|██▏       | 102/459 [00:04<00:14, 24.20it/s]
Epoch 2/50 [Train]:  23%|██▎       | 105/459 [00:04<00:14, 23.98it/s]
Epoch 2/50 [Train]:  24%|██▎       | 108/459 [00:04<00:14, 24.12it/s]
Epoch 2/50 [Train]:  24%|██▍       | 111/459 [00:04<00:14, 24.00it/s]
Epoch 2/50 [Train]:  25%|██▍       | 114/459 [00:04<00:14, 24.02it/s]
Epoch 2/50 [Train]:  25%|██▌       | 117/459 [00:04<00:14, 24.14it/s]
Epoch 2/50 [Train]:  26%|██▌       | 120/459 [00:04<00:14, 24.21it/s]
Epoch 2/50 [Train]:  27%|██▋       | 123/459 [00:05<00:13, 24.14it/s]
Epoch 2/50 [Train]:  27%|██▋       | 126/459 [00:05<00:13, 24.06it/s]
Epoch 2/50 [Train]:  28%|██▊       | 129/459 [00:05<00:13, 24.06it/s]
Epoch 2/50 [Train]:  29%|██▉       | 132/459 [00:05<00:13, 23.87it/s]
Epoch 2/50 [Train]:  29%|██▉       | 135/459 [00:05<00:13, 23.93it/s]
Epoch 2/50 [Train]:  30%|███       | 138/459 [00:05<00:13, 23.88it/s]
Epoch 2/50 [Train]:  31%|███       | 141/459 [00:05<00:13, 24.02it/s]
Epoch 2/50 [Train]:  31%|███▏      | 144/459 [00:05<00:13, 24.13it/s]
Epoch 2/50 [Train]:  32%|███▏      | 147/459 [00:06<00:13, 23.71it/s]
Epoch 2/50 [Train]:  33%|███▎      | 150/459 [00:06<00:13, 23.74it/s]
Epoch 2/50 [Train]:  33%|███▎      | 153/459 [00:06<00:12, 23.84it/s]
Epoch 2/50 [Train]:  34%|███▍      | 156/459 [00:06<00:12, 23.89it/s]
Epoch 2/50 [Train]:  35%|███▍      | 159/459 [00:06<00:12, 23.95it/s]
Epoch 2/50 [Train]:  35%|███▌      | 162/459 [00:06<00:12, 23.94it/s]
Epoch 2/50 [Train]:  36%|███▌      | 165/459 [00:06<00:12, 23.59it/s]
Epoch 2/50 [Train]:  37%|███▋      | 168/459 [00:07<00:12, 23.65it/s]
Epoch 2/50 [Train]:  37%|███▋      | 171/459 [00:07<00:12, 23.87it/s]
Epoch 2/50 [Train]:  38%|███▊      | 174/459 [00:07<00:11, 24.05it/s]
Epoch 2/50 [Train]:  39%|███▊      | 177/459 [00:07<00:11, 24.20it/s]
Epoch 2/50 [Train]:  39%|███▉      | 180/459 [00:07<00:11, 24.20it/s]
Epoch 2/50 [Train]:  40%|███▉      | 183/459 [00:07<00:11, 24.20it/s]
Epoch 2/50 [Train]:  41%|████      | 186/459 [00:07<00:11, 23.96it/s]
Epoch 2/50 [Train]:  41%|████      | 189/459 [00:07<00:11, 23.91it/s]
Epoch 2/50 [Train]:  42%|████▏     | 192/459 [00:08<00:11, 23.54it/s]
Epoch 2/50 [Train]:  42%|████▏     | 195/459 [00:08<00:11, 23.53it/s]
Epoch 2/50 [Train]:  43%|████▎     | 198/459 [00:08<00:11, 23.58it/s]
Epoch 2/50 [Train]:  44%|████▍     | 201/459 [00:08<00:10, 23.62it/s]
Epoch 2/50 [Train]:  44%|████▍     | 204/459 [00:08<00:10, 23.61it/s]
Epoch 2/50 [Train]:  45%|████▌     | 207/459 [00:08<00:10, 23.78it/s]
Epoch 2/50 [Train]:  46%|████▌     | 210/459 [00:08<00:10, 23.64it/s]
Epoch 2/50 [Train]:  46%|████▋     | 213/459 [00:08<00:10, 23.62it/s]
Epoch 2/50 [Train]:  47%|████▋     | 216/459 [00:09<00:10, 23.76it/s]
Epoch 2/50 [Train]:  48%|████▊     | 219/459 [00:09<00:10, 23.72it/s]
Epoch 2/50 [Train]:  48%|████▊     | 222/459 [00:09<00:09, 23.94it/s]
Epoch 2/50 [Train]:  49%|████▉     | 225/459 [00:09<00:09, 23.96it/s]
Epoch 2/50 [Train]:  50%|████▉     | 228/459 [00:09<00:09, 23.95it/s]
Epoch 2/50 [Train]:  50%|█████     | 231/459 [00:09<00:09, 23.96it/s]
Epoch 2/50 [Train]:  51%|█████     | 234/459 [00:09<00:09, 23.71it/s]
Epoch 2/50 [Train]:  52%|█████▏    | 237/459 [00:09<00:09, 23.90it/s]
Epoch 2/50 [Train]:  52%|█████▏    | 240/459 [00:10<00:09, 23.87it/s]
Epoch 2/50 [Train]:  53%|█████▎    | 243/459 [00:10<00:08, 24.06it/s]
Epoch 2/50 [Train]:  54%|█████▎    | 246/459 [00:10<00:08, 23.98it/s]
Epoch 2/50 [Train]:  54%|█████▍    | 249/459 [00:10<00:08, 24.12it/s]
Epoch 2/50 [Train]:  55%|█████▍    | 252/459 [00:10<00:08, 24.02it/s]
Epoch 2/50 [Train]:  56%|█████▌    | 255/459 [00:10<00:08, 24.15it/s]
Epoch 2/50 [Train]:  56%|█████▌    | 258/459 [00:10<00:08, 24.18it/s]
Epoch 2/50 [Train]:  57%|█████▋    | 261/459 [00:10<00:08, 23.92it/s]
Epoch 2/50 [Train]:  58%|█████▊    | 264/459 [00:11<00:08, 24.06it/s]
Epoch 2/50 [Train]:  58%|█████▊    | 267/459 [00:11<00:07, 24.13it/s]
Epoch 2/50 [Train]:  59%|█████▉    | 270/459 [00:11<00:07, 24.20it/s]
Epoch 2/50 [Train]:  59%|█████▉    | 273/459 [00:11<00:07, 24.22it/s]
Epoch 2/50 [Train]:  60%|██████    | 276/459 [00:11<00:07, 24.27it/s]
Epoch 2/50 [Train]:  61%|██████    | 279/459 [00:11<00:07, 23.96it/s]
Epoch 2/50 [Train]:  61%|██████▏   | 282/459 [00:11<00:07, 24.14it/s]
Epoch 2/50 [Train]:  62%|██████▏   | 285/459 [00:11<00:07, 24.26it/s]
Epoch 2/50 [Train]:  63%|██████▎   | 288/459 [00:12<00:07, 24.12it/s]
Epoch 2/50 [Train]:  63%|██████▎   | 291/459 [00:12<00:07, 23.97it/s]
Epoch 2/50 [Train]:  64%|██████▍   | 294/459 [00:12<00:06, 23.94it/s]
Epoch 2/50 [Train]:  65%|██████▍   | 297/459 [00:12<00:06, 23.67it/s]
Epoch 2/50 [Train]:  65%|██████▌   | 300/459 [00:12<00:06, 23.55it/s]
Epoch 2/50 [Train]:  66%|██████▌   | 303/459 [00:12<00:06, 23.62it/s]
Epoch 2/50 [Train]:  67%|██████▋   | 306/459 [00:12<00:06, 23.93it/s]
Epoch 2/50 [Train]:  67%|██████▋   | 309/459 [00:12<00:06, 23.89it/s]
Epoch 2/50 [Train]:  68%|██████▊   | 312/459 [00:13<00:06, 23.86it/s]
Epoch 2/50 [Train]:  69%|██████▊   | 315/459 [00:13<00:06, 23.82it/s]
Epoch 2/50 [Train]:  69%|██████▉   | 318/459 [00:13<00:05, 23.81it/s]
Epoch 2/50 [Train]:  70%|██████▉   | 321/459 [00:13<00:05, 23.83it/s]
Epoch 2/50 [Train]:  71%|███████   | 324/459 [00:13<00:05, 23.99it/s]
Epoch 2/50 [Train]:  71%|███████   | 327/459 [00:13<00:05, 24.05it/s]
Epoch 2/50 [Train]:  72%|███████▏  | 330/459 [00:13<00:05, 24.12it/s]
Epoch 2/50 [Train]:  73%|███████▎  | 333/459 [00:13<00:05, 24.18it/s]
Epoch 2/50 [Train]:  73%|███████▎  | 336/459 [00:14<00:05, 24.24it/s]
Epoch 2/50 [Train]:  74%|███████▍  | 339/459 [00:14<00:04, 24.25it/s]
Epoch 2/50 [Train]:  75%|███████▍  | 342/459 [00:14<00:04, 24.14it/s]
Epoch 2/50 [Train]:  75%|███████▌  | 345/459 [00:14<00:04, 24.16it/s]
Epoch 2/50 [Train]:  76%|███████▌  | 348/459 [00:14<00:04, 24.01it/s]
Epoch 2/50 [Train]:  76%|███████▋  | 351/459 [00:14<00:04, 23.95it/s]
Epoch 2/50 [Train]:  77%|███████▋  | 354/459 [00:14<00:04, 24.12it/s]
Epoch 2/50 [Train]:  78%|███████▊  | 357/459 [00:14<00:04, 24.17it/s]
Epoch 2/50 [Train]:  78%|███████▊  | 360/459 [00:15<00:04, 24.24it/s]
Epoch 2/50 [Train]:  79%|███████▉  | 363/459 [00:15<00:03, 24.22it/s]
Epoch 2/50 [Train]:  80%|███████▉  | 366/459 [00:15<00:03, 24.14it/s]
Epoch 2/50 [Train]:  80%|████████  | 369/459 [00:15<00:03, 24.08it/s]
Epoch 2/50 [Train]:  81%|████████  | 372/459 [00:15<00:03, 24.03it/s]
Epoch 2/50 [Train]:  82%|████████▏ | 375/459 [00:15<00:03, 24.20it/s]
Epoch 2/50 [Train]:  82%|████████▏ | 378/459 [00:15<00:03, 24.18it/s]
Epoch 2/50 [Train]:  83%|████████▎ | 381/459 [00:15<00:03, 24.27it/s]
Epoch 2/50 [Train]:  84%|████████▎ | 384/459 [00:16<00:03, 24.31it/s]
Epoch 2/50 [Train]:  84%|████████▍ | 387/459 [00:16<00:02, 24.16it/s]
Epoch 2/50 [Train]:  85%|████████▍ | 390/459 [00:16<00:02, 24.22it/s]
Epoch 2/50 [Train]:  86%|████████▌ | 393/459 [00:16<00:02, 24.12it/s]
Epoch 2/50 [Train]:  86%|████████▋ | 396/459 [00:16<00:02, 24.10it/s]
Epoch 2/50 [Train]:  87%|████████▋ | 399/459 [00:16<00:02, 24.14it/s]
Epoch 2/50 [Train]:  88%|████████▊ | 402/459 [00:16<00:02, 24.20it/s]
Epoch 2/50 [Train]:  88%|████████▊ | 405/459 [00:16<00:02, 24.28it/s]
Epoch 2/50 [Train]:  89%|████████▉ | 408/459 [00:16<00:02, 24.31it/s]
Epoch 2/50 [Train]:  90%|████████▉ | 411/459 [00:17<00:01, 24.39it/s]
Epoch 2/50 [Train]:  90%|█████████ | 414/459 [00:17<00:01, 24.33it/s]
Epoch 2/50 [Train]:  91%|█████████ | 417/459 [00:17<00:01, 24.33it/s]
Epoch 2/50 [Train]:  92%|█████████▏| 420/459 [00:17<00:01, 24.35it/s]
Epoch 2/50 [Train]:  92%|█████████▏| 423/459 [00:17<00:01, 24.18it/s]
Epoch 2/50 [Train]:  93%|█████████▎| 426/459 [00:17<00:01, 24.30it/s]
Epoch 2/50 [Train]:  93%|█████████▎| 429/459 [00:17<00:01, 24.35it/s]
Epoch 2/50 [Train]:  94%|█████████▍| 432/459 [00:17<00:01, 24.37it/s]
Epoch 2/50 [Train]:  95%|█████████▍| 435/459 [00:18<00:00, 24.37it/s]
Epoch 2/50 [Train]:  95%|█████████▌| 438/459 [00:18<00:00, 24.37it/s]
Epoch 2/50 [Train]:  96%|█████████▌| 441/459 [00:18<00:00, 24.23it/s]
Epoch 2/50 [Train]:  97%|█████████▋| 444/459 [00:18<00:00, 24.34it/s]
Epoch 2/50 [Train]:  97%|█████████▋| 447/459 [00:18<00:00, 24.25it/s]
Epoch 2/50 [Train]:  98%|█████████▊| 450/459 [00:18<00:00, 24.25it/s]
Epoch 2/50 [Train]:  99%|█████████▊| 453/459 [00:18<00:00, 24.10it/s]
Epoch 2/50 [Train]:  99%|█████████▉| 456/459 [00:18<00:00, 24.12it/s]
Epoch 2/50 [Train]: 100%|██████████| 459/459 [00:19<00:00, 24.15it/s]
                                                                     

Epoch 2/50 [Val]:   0%|          | 0/113 [00:00<?, ?it/s]
Epoch 2/50 [Val]:   2%|▏         | 2/113 [00:00<00:06, 18.24it/s]
Epoch 2/50 [Val]:   4%|▎         | 4/113 [00:00<00:06, 18.16it/s]
Epoch 2/50 [Val]:   5%|▌         | 6/113 [00:00<00:05, 18.16it/s]
Epoch 2/50 [Val]:   7%|▋         | 8/113 [00:00<00:05, 18.15it/s]
Epoch 2/50 [Val]:   9%|▉         | 10/113 [00:00<00:05, 18.59it/s]
Epoch 2/50 [Val]:  11%|█         | 12/113 [00:00<00:05, 18.56it/s]
Epoch 2/50 [Val]:  12%|█▏        | 14/113 [00:00<00:05, 18.62it/s]
Epoch 2/50 [Val]:  14%|█▍        | 16/113 [00:00<00:05, 17.70it/s]
Epoch 2/50 [Val]:  16%|█▌        | 18/113 [00:01<00:05, 17.32it/s]
Epoch 2/50 [Val]:  18%|█▊        | 20/113 [00:01<00:05, 16.81it/s]
Epoch 2/50 [Val]:  19%|█▉        | 22/113 [00:01<00:05, 16.66it/s]
Epoch 2/50 [Val]:  21%|██        | 24/113 [00:01<00:05, 16.50it/s]
Epoch 2/50 [Val]:  23%|██▎       | 26/113 [00:01<00:05, 16.73it/s]
Epoch 2/50 [Val]:  25%|██▍       | 28/113 [00:01<00:05, 16.97it/s]
Epoch 2/50 [Val]:  27%|██▋       | 30/113 [00:01<00:04, 17.27it/s]
Epoch 2/50 [Val]:  28%|██▊       | 32/113 [00:01<00:04, 17.54it/s]
Epoch 2/50 [Val]:  30%|███       | 34/113 [00:01<00:04, 17.79it/s]
Epoch 2/50 [Val]:  32%|███▏      | 36/113 [00:02<00:04, 18.10it/s]
Epoch 2/50 [Val]:  34%|███▎      | 38/113 [00:02<00:04, 18.31it/s]
Epoch 2/50 [Val]:  35%|███▌      | 40/113 [00:02<00:03, 18.27it/s]
Epoch 2/50 [Val]:  37%|███▋      | 42/113 [00:02<00:03, 18.38it/s]
Epoch 2/50 [Val]:  39%|███▉      | 44/113 [00:02<00:03, 18.21it/s]
Epoch 2/50 [Val]:  41%|████      | 46/113 [00:02<00:03, 17.96it/s]
Epoch 2/50 [Val]:  42%|████▏     | 48/113 [00:02<00:03, 18.02it/s]
Epoch 2/50 [Val]:  44%|████▍     | 50/113 [00:02<00:03, 18.33it/s]
Epoch 2/50 [Val]:  46%|████▌     | 52/113 [00:02<00:03, 18.69it/s]
Epoch 2/50 [Val]:  48%|████▊     | 54/113 [00:03<00:03, 18.80it/s]
Epoch 2/50 [Val]:  50%|████▉     | 56/113 [00:03<00:03, 18.82it/s]
Epoch 2/50 [Val]:  51%|█████▏    | 58/113 [00:03<00:03, 18.22it/s]
Epoch 2/50 [Val]:  53%|█████▎    | 60/113 [00:03<00:02, 18.64it/s]
Epoch 2/50 [Val]:  55%|█████▍    | 62/113 [00:03<00:02, 18.46it/s]
Epoch 2/50 [Val]:  57%|█████▋    | 64/113 [00:03<00:02, 18.42it/s]
Epoch 2/50 [Val]:  58%|█████▊    | 66/113 [00:03<00:02, 17.97it/s]
Epoch 2/50 [Val]:  60%|██████    | 68/113 [00:03<00:02, 17.81it/s]
Epoch 2/50 [Val]:  62%|██████▏   | 70/113 [00:03<00:02, 18.02it/s]
Epoch 2/50 [Val]:  64%|██████▎   | 72/113 [00:04<00:02, 18.11it/s]
Epoch 2/50 [Val]:  65%|██████▌   | 74/113 [00:04<00:02, 18.40it/s]
Epoch 2/50 [Val]:  67%|██████▋   | 76/113 [00:04<00:02, 18.46it/s]
Epoch 2/50 [Val]:  69%|██████▉   | 78/113 [00:04<00:01, 18.32it/s]
Epoch 2/50 [Val]:  71%|███████   | 80/113 [00:04<00:01, 18.18it/s]
Epoch 2/50 [Val]:  73%|███████▎  | 82/113 [00:04<00:01, 18.18it/s]
Epoch 2/50 [Val]:  74%|███████▍  | 84/113 [00:04<00:01, 18.30it/s]
Epoch 2/50 [Val]:  76%|███████▌  | 86/113 [00:04<00:01, 18.33it/s]
Epoch 2/50 [Val]:  78%|███████▊  | 88/113 [00:04<00:01, 18.14it/s]
Epoch 2/50 [Val]:  80%|███████▉  | 90/113 [00:04<00:01, 18.50it/s]
Epoch 2/50 [Val]:  81%|████████▏ | 92/113 [00:05<00:01, 18.82it/s]
Epoch 2/50 [Val]:  83%|████████▎ | 94/113 [00:05<00:01, 18.93it/s]
Epoch 2/50 [Val]:  85%|████████▍ | 96/113 [00:05<00:00, 19.24it/s]
Epoch 2/50 [Val]:  87%|████████▋ | 98/113 [00:05<00:00, 19.24it/s]
Epoch 2/50 [Val]:  88%|████████▊ | 100/113 [00:05<00:00, 18.74it/s]
Epoch 2/50 [Val]:  90%|█████████ | 102/113 [00:05<00:00, 18.49it/s]
Epoch 2/50 [Val]:  92%|█████████▏| 104/113 [00:05<00:00, 18.80it/s]
Epoch 2/50 [Val]:  94%|█████████▍| 106/113 [00:05<00:00, 18.93it/s]
Epoch 2/50 [Val]:  96%|█████████▌| 108/113 [00:05<00:00, 19.02it/s]
Epoch 2/50 [Val]:  97%|█████████▋| 110/113 [00:06<00:00, 19.25it/s]
Epoch 2/50 [Val]:  99%|█████████▉| 112/113 [00:06<00:00, 19.17it/s]
                                                                   

Epoch 3/50 [Train]:   0%|          | 0/459 [00:00<?, ?it/s]
Epoch 3/50 [Train]:   1%|          | 3/459 [00:00<00:19, 23.24it/s]
Epoch 3/50 [Train]:   1%|▏         | 6/459 [00:00<00:18, 23.90it/s]
Epoch 3/50 [Train]:   2%|▏         | 9/459 [00:00<00:18, 24.12it/s]
Epoch 3/50 [Train]:   3%|▎         | 12/459 [00:00<00:18, 23.88it/s]
Epoch 3/50 [Train]:   3%|▎         | 15/459 [00:00<00:18, 24.02it/s]
Epoch 3/50 [Train]:   4%|▍         | 18/459 [00:00<00:18, 24.08it/s]
Epoch 3/50 [Train]:   5%|▍         | 21/459 [00:00<00:18, 24.07it/s]
Epoch 3/50 [Train]:   5%|▌         | 24/459 [00:00<00:18, 24.05it/s]
Epoch 3/50 [Train]:   6%|▌         | 27/459 [00:01<00:17, 24.02it/s]
Epoch 3/50 [Train]:   7%|▋         | 30/459 [00:01<00:17, 24.05it/s]
Epoch 3/50 [Train]:   7%|▋         | 33/459 [00:01<00:17, 23.94it/s]
Epoch 3/50 [Train]:   8%|▊         | 36/459 [00:01<00:17, 23.98it/s]
Epoch 3/50 [Train]:   8%|▊         | 39/459 [00:01<00:17, 24.07it/s]
Epoch 3/50 [Train]:   9%|▉         | 42/459 [00:01<00:17, 24.05it/s]
Epoch 3/50 [Train]:  10%|▉         | 45/459 [00:01<00:17, 24.21it/s]
Epoch 3/50 [Train]:  10%|█         | 48/459 [00:01<00:17, 23.99it/s]
Epoch 3/50 [Train]:  11%|█         | 51/459 [00:02<00:16, 24.17it/s]
Epoch 3/50 [Train]:  12%|█▏        | 54/459 [00:02<00:16, 24.07it/s]
Epoch 3/50 [Train]:  12%|█▏        | 57/459 [00:02<00:16, 23.99it/s]
Epoch 3/50 [Train]:  13%|█▎        | 60/459 [00:02<00:16, 23.90it/s]
Epoch 3/50 [Train]:  14%|█▎        | 63/459 [00:02<00:16, 23.90it/s]
Epoch 3/50 [Train]:  14%|█▍        | 66/459 [00:02<00:16, 24.10it/s]
Epoch 3/50 [Train]:  15%|█▌        | 69/459 [00:02<00:16, 24.01it/s]
Epoch 3/50 [Train]:  16%|█▌        | 72/459 [00:02<00:16, 24.00it/s]
Epoch 3/50 [Train]:  16%|█▋        | 75/459 [00:03<00:15, 24.12it/s]
Epoch 3/50 [Train]:  17%|█▋        | 78/459 [00:03<00:15, 23.87it/s]
Epoch 3/50 [Train]:  18%|█▊        | 81/459 [00:03<00:15, 23.95it/s]
Epoch 3/50 [Train]:  18%|█▊        | 84/459 [00:03<00:15, 24.01it/s]
Epoch 3/50 [Train]:  19%|█▉        | 87/459 [00:03<00:15, 24.04it/s]
Epoch 3/50 [Train]:  20%|█▉        | 90/459 [00:03<00:15, 24.03it/s]
Epoch 3/50 [Train]:  20%|██        | 93/459 [00:03<00:15, 24.13it/s]
Epoch 3/50 [Train]:  21%|██        | 96/459 [00:03<00:15, 24.12it/s]
Epoch 3/50 [Train]:  22%|██▏       | 99/459 [00:04<00:14, 24.13it/s]
Epoch 3/50 [Train]:  22%|██▏       | 102/459 [00:04<00:14, 23.96it/s]
Epoch 3/50 [Train]:  23%|██▎       | 105/459 [00:04<00:14, 24.09it/s]
Epoch 3/50 [Train]:  24%|██▎       | 108/459 [00:04<00:14, 24.02it/s]
Epoch 3/50 [Train]:  24%|██▍       | 111/459 [00:04<00:14, 24.10it/s]
Epoch 3/50 [Train]:  25%|██▍       | 114/459 [00:04<00:14, 24.01it/s]
Epoch 3/50 [Train]:  25%|██▌       | 117/459 [00:04<00:14, 24.13it/s]
Epoch 3/50 [Train]:  26%|██▌       | 120/459 [00:04<00:14, 23.85it/s]
Epoch 3/50 [Train]:  27%|██▋       | 123/459 [00:05<00:14, 23.98it/s]
Epoch 3/50 [Train]:  27%|██▋       | 126/459 [00:05<00:13, 24.04it/s]
Epoch 3/50 [Train]:  28%|██▊       | 129/459 [00:05<00:13, 24.04it/s]
Epoch 3/50 [Train]:  29%|██▉       | 132/459 [00:05<00:13, 24.09it/s]
Epoch 3/50 [Train]:  29%|██▉       | 135/459 [00:05<00:13, 24.05it/s]
Epoch 3/50 [Train]:  30%|███       | 138/459 [00:05<00:13, 23.83it/s]
Epoch 3/50 [Train]:  31%|███       | 141/459 [00:05<00:13, 24.11it/s]
Epoch 3/50 [Train]:  31%|███▏      | 144/459 [00:05<00:13, 23.92it/s]
Epoch 3/50 [Train]:  32%|███▏      | 147/459 [00:06<00:13, 23.96it/s]
Epoch 3/50 [Train]:  33%|███▎      | 150/459 [00:06<00:13, 23.74it/s]
Epoch 3/50 [Train]:  33%|███▎      | 153/459 [00:06<00:12, 23.70it/s]
Epoch 3/50 [Train]:  34%|███▍      | 156/459 [00:06<00:12, 23.98it/s]
Epoch 3/50 [Train]:  35%|███▍      | 159/459 [00:06<00:12, 23.91it/s]
Epoch 3/50 [Train]:  35%|███▌      | 162/459 [00:06<00:12, 23.99it/s]
Epoch 3/50 [Train]:  36%|███▌      | 165/459 [00:06<00:12, 24.17it/s]
Epoch 3/50 [Train]:  37%|███▋      | 168/459 [00:06<00:12, 24.16it/s]
Epoch 3/50 [Train]:  37%|███▋      | 171/459 [00:07<00:11, 24.14it/s]
Epoch 3/50 [Train]:  38%|███▊      | 174/459 [00:07<00:11, 23.98it/s]
Epoch 3/50 [Train]:  39%|███▊      | 177/459 [00:07<00:11, 23.87it/s]
Epoch 3/50 [Train]:  39%|███▉      | 180/459 [00:07<00:11, 23.93it/s]
Epoch 3/50 [Train]:  40%|███▉      | 183/459 [00:07<00:11, 24.03it/s]
Epoch 3/50 [Train]:  41%|████      | 186/459 [00:07<00:11, 24.02it/s]
Epoch 3/50 [Train]:  41%|████      | 189/459 [00:07<00:11, 23.90it/s]
Epoch 3/50 [Train]:  42%|████▏     | 192/459 [00:08<00:11, 23.81it/s]
Epoch 3/50 [Train]:  42%|████▏     | 195/459 [00:08<00:11, 23.90it/s]
Epoch 3/50 [Train]:  43%|████▎     | 198/459 [00:08<00:10, 24.00it/s]
Epoch 3/50 [Train]:  44%|████▍     | 201/459 [00:08<00:10, 23.83it/s]
Epoch 3/50 [Train]:  44%|████▍     | 204/459 [00:08<00:10, 23.76it/s]
Epoch 3/50 [Train]:  45%|████▌     | 207/459 [00:08<00:10, 23.97it/s]
Epoch 3/50 [Train]:  46%|████▌     | 210/459 [00:08<00:10, 24.04it/s]
Epoch 3/50 [Train]:  46%|████▋     | 213/459 [00:08<00:10, 23.91it/s]
Epoch 3/50 [Train]:  47%|████▋     | 216/459 [00:09<00:10, 23.79it/s]
Epoch 3/50 [Train]:  48%|████▊     | 219/459 [00:09<00:10, 23.82it/s]
Epoch 3/50 [Train]:  48%|████▊     | 222/459 [00:09<00:09, 23.94it/s]
Epoch 3/50 [Train]:  49%|████▉     | 225/459 [00:09<00:09, 23.79it/s]
Epoch 3/50 [Train]:  50%|████▉     | 228/459 [00:09<00:09, 23.66it/s]
Epoch 3/50 [Train]:  50%|█████     | 231/459 [00:09<00:09, 23.80it/s]
Epoch 3/50 [Train]:  51%|█████     | 234/459 [00:09<00:09, 23.91it/s]
Epoch 3/50 [Train]:  52%|█████▏    | 237/459 [00:09<00:09, 23.88it/s]
Epoch 3/50 [Train]:  52%|█████▏    | 240/459 [00:10<00:09, 23.85it/s]
Epoch 3/50 [Train]:  53%|█████▎    | 243/459 [00:10<00:09, 23.90it/s]
Epoch 3/50 [Train]:  54%|█████▎    | 246/459 [00:10<00:08, 23.69it/s]
Epoch 3/50 [Train]:  54%|█████▍    | 249/459 [00:10<00:08, 23.72it/s]
Epoch 3/50 [Train]:  55%|█████▍    | 252/459 [00:10<00:08, 23.82it/s]
Epoch 3/50 [Train]:  56%|█████▌    | 255/459 [00:10<00:08, 23.76it/s]
Epoch 3/50 [Train]:  56%|█████▌    | 258/459 [00:10<00:08, 23.74it/s]
Epoch 3/50 [Train]:  57%|█████▋    | 261/459 [00:10<00:08, 23.83it/s]
Epoch 3/50 [Train]:  58%|█████▊    | 264/459 [00:11<00:08, 23.90it/s]
Epoch 3/50 [Train]:  58%|█████▊    | 267/459 [00:11<00:07, 24.04it/s]
Epoch 3/50 [Train]:  59%|█████▉    | 270/459 [00:11<00:07, 23.97it/s]
Epoch 3/50 [Train]:  59%|█████▉    | 273/459 [00:11<00:07, 24.04it/s]
Epoch 3/50 [Train]:  60%|██████    | 276/459 [00:11<00:07, 24.14it/s]
Epoch 3/50 [Train]:  61%|██████    | 279/459 [00:11<00:07, 24.09it/s]
Epoch 3/50 [Train]:  61%|██████▏   | 282/459 [00:11<00:07, 24.09it/s]
Epoch 3/50 [Train]:  62%|██████▏   | 285/459 [00:11<00:07, 24.07it/s]
Epoch 3/50 [Train]:  63%|██████▎   | 288/459 [00:12<00:07, 24.10it/s]
Epoch 3/50 [Train]:  63%|██████▎   | 291/459 [00:12<00:06, 24.14it/s]
Epoch 3/50 [Train]:  64%|██████▍   | 294/459 [00:12<00:06, 24.09it/s]
Epoch 3/50 [Train]:  65%|██████▍   | 297/459 [00:12<00:06, 24.06it/s]
Epoch 3/50 [Train]:  65%|██████▌   | 300/459 [00:12<00:06, 23.69it/s]
Epoch 3/50 [Train]:  66%|██████▌   | 303/459 [00:12<00:06, 23.41it/s]
Epoch 3/50 [Train]:  67%|██████▋   | 306/459 [00:12<00:06, 23.31it/s]
Epoch 3/50 [Train]:  67%|██████▋   | 309/459 [00:12<00:06, 23.16it/s]
Epoch 3/50 [Train]:  68%|██████▊   | 312/459 [00:13<00:06, 23.26it/s]
Epoch 3/50 [Train]:  69%|██████▊   | 315/459 [00:13<00:06, 23.26it/s]
Epoch 3/50 [Train]:  69%|██████▉   | 318/459 [00:13<00:06, 23.29it/s]
Epoch 3/50 [Train]:  70%|██████▉   | 321/459 [00:13<00:05, 23.61it/s]
Epoch 3/50 [Train]:  71%|███████   | 324/459 [00:13<00:05, 23.72it/s]
Epoch 3/50 [Train]:  71%|███████   | 327/459 [00:13<00:05, 23.66it/s]
Epoch 3/50 [Train]:  72%|███████▏  | 330/459 [00:13<00:05, 23.86it/s]
Epoch 3/50 [Train]:  73%|███████▎  | 333/459 [00:13<00:05, 23.99it/s]
Epoch 3/50 [Train]:  73%|███████▎  | 336/459 [00:14<00:05, 23.87it/s]
Epoch 3/50 [Train]:  74%|███████▍  | 339/459 [00:14<00:05, 23.96it/s]
Epoch 3/50 [Train]:  75%|███████▍  | 342/459 [00:14<00:04, 24.00it/s]
Epoch 3/50 [Train]:  75%|███████▌  | 345/459 [00:14<00:04, 23.94it/s]
Epoch 3/50 [Train]:  76%|███████▌  | 348/459 [00:14<00:04, 24.03it/s]
Epoch 3/50 [Train]:  76%|███████▋  | 351/459 [00:14<00:04, 24.14it/s]
Epoch 3/50 [Train]:  77%|███████▋  | 354/459 [00:14<00:04, 23.98it/s]
Epoch 3/50 [Train]:  78%|███████▊  | 357/459 [00:14<00:04, 23.98it/s]
Epoch 3/50 [Train]:  78%|███████▊  | 360/459 [00:15<00:04, 24.01it/s]
Epoch 3/50 [Train]:  79%|███████▉  | 363/459 [00:15<00:03, 24.21it/s]
Epoch 3/50 [Train]:  80%|███████▉  | 366/459 [00:15<00:03, 24.06it/s]
Epoch 3/50 [Train]:  80%|████████  | 369/459 [00:15<00:03, 24.01it/s]
Epoch 3/50 [Train]:  81%|████████  | 372/459 [00:15<00:03, 23.91it/s]
Epoch 3/50 [Train]:  82%|████████▏ | 375/459 [00:15<00:03, 23.97it/s]
Epoch 3/50 [Train]:  82%|████████▏ | 378/459 [00:15<00:03, 24.09it/s]
Epoch 3/50 [Train]:  83%|████████▎ | 381/459 [00:15<00:03, 24.14it/s]
Epoch 3/50 [Train]:  84%|████████▎ | 384/459 [00:16<00:03, 24.12it/s]
Epoch 3/50 [Train]:  84%|████████▍ | 387/459 [00:16<00:02, 24.23it/s]
Epoch 3/50 [Train]:  85%|████████▍ | 390/459 [00:16<00:02, 24.10it/s]
Epoch 3/50 [Train]:  86%|████████▌ | 393/459 [00:16<00:02, 24.18it/s]
Epoch 3/50 [Train]:  86%|████████▋ | 396/459 [00:16<00:02, 24.09it/s]
Epoch 3/50 [Train]:  87%|████████▋ | 399/459 [00:16<00:02, 24.08it/s]
Epoch 3/50 [Train]:  88%|████████▊ | 402/459 [00:16<00:02, 24.17it/s]
Epoch 3/50 [Train]:  88%|████████▊ | 405/459 [00:16<00:02, 24.21it/s]
Epoch 3/50 [Train]:  89%|████████▉ | 408/459 [00:17<00:02, 24.16it/s]
Epoch 3/50 [Train]:  90%|████████▉ | 411/459 [00:17<00:01, 24.02it/s]
Epoch 3/50 [Train]:  90%|█████████ | 414/459 [00:17<00:01, 23.61it/s]
Epoch 3/50 [Train]:  91%|█████████ | 417/459 [00:17<00:01, 23.66it/s]
Epoch 3/50 [Train]:  92%|█████████▏| 420/459 [00:17<00:01, 23.35it/s]
Epoch 3/50 [Train]:  92%|█████████▏| 423/459 [00:17<00:01, 23.17it/s]
Epoch 3/50 [Train]:  93%|█████████▎| 426/459 [00:17<00:01, 23.08it/s]
Epoch 3/50 [Train]:  93%|█████████▎| 429/459 [00:17<00:01, 23.27it/s]
Epoch 3/50 [Train]:  94%|█████████▍| 432/459 [00:18<00:01, 23.48it/s]
Epoch 3/50 [Train]:  95%|█████████▍| 435/459 [00:18<00:01, 23.58it/s]
Epoch 3/50 [Train]:  95%|█████████▌| 438/459 [00:18<00:00, 23.55it/s]
Epoch 3/50 [Train]:  96%|█████████▌| 441/459 [00:18<00:00, 23.55it/s]
Epoch 3/50 [Train]:  97%|█████████▋| 444/459 [00:18<00:00, 23.55it/s]
Epoch 3/50 [Train]:  97%|█████████▋| 447/459 [00:18<00:00, 23.67it/s]
Epoch 3/50 [Train]:  98%|█████████▊| 450/459 [00:18<00:00, 23.75it/s]
Epoch 3/50 [Train]:  99%|█████████▊| 453/459 [00:18<00:00, 23.79it/s]
Epoch 3/50 [Train]:  99%|█████████▉| 456/459 [00:19<00:00, 23.02it/s]
Epoch 3/50 [Train]: 100%|██████████| 459/459 [00:19<00:00, 22.89it/s]
                                                                     

Epoch 3/50 [Val]:   0%|          | 0/113 [00:00<?, ?it/s]
Epoch 3/50 [Val]:   2%|▏         | 2/113 [00:00<00:06, 16.95it/s]
Epoch 3/50 [Val]:   4%|▎         | 4/113 [00:00<00:06, 17.28it/s]
Epoch 3/50 [Val]:   5%|▌         | 6/113 [00:00<00:06, 17.11it/s]
Epoch 3/50 [Val]:   7%|▋         | 8/113 [00:00<00:06, 17.19it/s]
Epoch 3/50 [Val]:   9%|▉         | 10/113 [00:00<00:05, 17.79it/s]
Epoch 3/50 [Val]:  11%|█         | 12/113 [00:00<00:05, 17.70it/s]
Epoch 3/50 [Val]:  12%|█▏        | 14/113 [00:00<00:05, 17.64it/s]
Epoch 3/50 [Val]:  14%|█▍        | 16/113 [00:00<00:05, 16.97it/s]
Epoch 3/50 [Val]:  16%|█▌        | 18/113 [00:01<00:05, 16.46it/s]
Epoch 3/50 [Val]:  18%|█▊        | 20/113 [00:01<00:05, 16.32it/s]
Epoch 3/50 [Val]:  19%|█▉        | 22/113 [00:01<00:05, 16.05it/s]
Epoch 3/50 [Val]:  21%|██        | 24/113 [00:01<00:05, 15.69it/s]
Epoch 3/50 [Val]:  23%|██▎       | 26/113 [00:01<00:05, 15.84it/s]
Epoch 3/50 [Val]:  25%|██▍       | 28/113 [00:01<00:05, 15.90it/s]
Epoch 3/50 [Val]:  27%|██▋       | 30/113 [00:01<00:05, 16.17it/s]
Epoch 3/50 [Val]:  28%|██▊       | 32/113 [00:01<00:04, 16.48it/s]
Epoch 3/50 [Val]:  30%|███       | 34/113 [00:02<00:04, 16.66it/s]
Epoch 3/50 [Val]:  32%|███▏      | 36/113 [00:02<00:04, 16.98it/s]
Epoch 3/50 [Val]:  34%|███▎      | 38/113 [00:02<00:04, 17.21it/s]
Epoch 3/50 [Val]:  35%|███▌      | 40/113 [00:02<00:04, 17.48it/s]
Epoch 3/50 [Val]:  37%|███▋      | 42/113 [00:02<00:03, 17.75it/s]
Epoch 3/50 [Val]:  39%|███▉      | 44/113 [00:02<00:03, 17.77it/s]
Epoch 3/50 [Val]:  41%|████      | 46/113 [00:02<00:03, 17.39it/s]
Epoch 3/50 [Val]:  42%|████▏     | 48/113 [00:02<00:03, 17.30it/s]
Epoch 3/50 [Val]:  44%|████▍     | 50/113 [00:02<00:03, 17.43it/s]
Epoch 3/50 [Val]:  46%|████▌     | 52/113 [00:03<00:03, 17.49it/s]
Epoch 3/50 [Val]:  48%|████▊     | 54/113 [00:03<00:03, 17.66it/s]
Epoch 3/50 [Val]:  50%|████▉     | 56/113 [00:03<00:03, 17.56it/s]
Epoch 3/50 [Val]:  51%|█████▏    | 58/113 [00:03<00:03, 16.97it/s]
Epoch 3/50 [Val]:  53%|█████▎    | 60/113 [00:03<00:03, 17.47it/s]
Epoch 3/50 [Val]:  55%|█████▍    | 62/113 [00:03<00:02, 17.42it/s]
Epoch 3/50 [Val]:  57%|█████▋    | 64/113 [00:03<00:02, 17.53it/s]
Epoch 3/50 [Val]:  58%|█████▊    | 66/113 [00:03<00:02, 17.23it/s]
Epoch 3/50 [Val]:  60%|██████    | 68/113 [00:03<00:02, 17.09it/s]
Epoch 3/50 [Val]:  62%|██████▏   | 70/113 [00:04<00:02, 17.20it/s]
Epoch 3/50 [Val]:  64%|██████▎   | 72/113 [00:04<00:02, 17.42it/s]
Epoch 3/50 [Val]:  65%|██████▌   | 74/113 [00:04<00:02, 17.63it/s]
Epoch 3/50 [Val]:  67%|██████▋   | 76/113 [00:04<00:02, 17.77it/s]
Epoch 3/50 [Val]:  69%|██████▉   | 78/113 [00:04<00:01, 17.72it/s]
Epoch 3/50 [Val]:  71%|███████   | 80/113 [00:04<00:01, 17.71it/s]
Epoch 3/50 [Val]:  73%|███████▎  | 82/113 [00:04<00:01, 17.40it/s]
Epoch 3/50 [Val]:  74%|███████▍  | 84/113 [00:04<00:01, 17.37it/s]
Epoch 3/50 [Val]:  76%|███████▌  | 86/113 [00:05<00:01, 17.33it/s]
Epoch 3/50 [Val]:  78%|███████▊  | 88/113 [00:05<00:01, 17.10it/s]
Epoch 3/50 [Val]:  80%|███████▉  | 90/113 [00:05<00:01, 17.34it/s]
Epoch 3/50 [Val]:  81%|████████▏ | 92/113 [00:05<00:01, 17.62it/s]
Epoch 3/50 [Val]:  83%|████████▎ | 94/113 [00:05<00:01, 17.93it/s]
Epoch 3/50 [Val]:  85%|████████▍ | 96/113 [00:05<00:00, 18.33it/s]
Epoch 3/50 [Val]:  87%|████████▋ | 98/113 [00:05<00:00, 18.23it/s]
Epoch 3/50 [Val]:  88%|████████▊ | 100/113 [00:05<00:00, 17.77it/s]
Epoch 3/50 [Val]:  90%|█████████ | 102/113 [00:05<00:00, 17.36it/s]
Epoch 3/50 [Val]:  92%|█████████▏| 104/113 [00:06<00:00, 17.78it/s]
Epoch 3/50 [Val]:  94%|█████████▍| 106/113 [00:06<00:00, 17.97it/s]
Epoch 3/50 [Val]:  96%|█████████▌| 108/113 [00:06<00:00, 18.22it/s]
Epoch 3/50 [Val]:  97%|█████████▋| 110/113 [00:06<00:00, 18.20it/s]
Epoch 3/50 [Val]:  99%|█████████▉| 112/113 [00:06<00:00, 18.00it/s]
                                                                   

Epoch 4/50 [Train]:   0%|          | 0/459 [00:00<?, ?it/s]
Epoch 4/50 [Train]:   1%|          | 3/459 [00:00<00:21, 21.34it/s]
Epoch 4/50 [Train]:   1%|▏         | 6/459 [00:00<00:20, 22.36it/s]
Epoch 4/50 [Train]:   2%|▏         | 9/459 [00:00<00:19, 22.59it/s]
Epoch 4/50 [Train]:   3%|▎         | 12/459 [00:00<00:19, 22.74it/s]
Epoch 4/50 [Train]:   3%|▎         | 15/459 [00:00<00:19, 22.70it/s]
Epoch 4/50 [Train]:   4%|▍         | 18/459 [00:00<00:19, 22.92it/s]
Epoch 4/50 [Train]:   5%|▍         | 21/459 [00:00<00:18, 23.20it/s]
Epoch 4/50 [Train]:   5%|▌         | 24/459 [00:01<00:18, 23.53it/s]
Epoch 4/50 [Train]:   6%|▌         | 27/459 [00:01<00:18, 23.60it/s]
Epoch 4/50 [Train]:   7%|▋         | 30/459 [00:01<00:18, 23.58it/s]
Epoch 4/50 [Train]:   7%|▋         | 33/459 [00:01<00:18, 23.34it/s]
Epoch 4/50 [Train]:   8%|▊         | 36/459 [00:01<00:18, 22.98it/s]
Epoch 4/50 [Train]:   8%|▊         | 39/459 [00:01<00:18, 22.94it/s]
Epoch 4/50 [Train]:   9%|▉         | 42/459 [00:01<00:18, 23.13it/s]
Epoch 4/50 [Train]:  10%|▉         | 45/459 [00:01<00:17, 23.52it/s]
Epoch 4/50 [Train]:  10%|█         | 48/459 [00:02<00:17, 23.47it/s]
Epoch 4/50 [Train]:  11%|█         | 51/459 [00:02<00:17, 23.50it/s]
Epoch 4/50 [Train]:  12%|█▏        | 54/459 [00:02<00:17, 23.54it/s]
Epoch 4/50 [Train]:  12%|█▏        | 57/459 [00:02<00:16, 23.80it/s]
Epoch 4/50 [Train]:  13%|█▎        | 60/459 [00:02<00:16, 23.72it/s]
Epoch 4/50 [Train]:  14%|█▎        | 63/459 [00:02<00:16, 23.88it/s]
Epoch 4/50 [Train]:  14%|█▍        | 66/459 [00:02<00:16, 23.76it/s]
Epoch 4/50 [Train]:  15%|█▌        | 69/459 [00:02<00:16, 23.64it/s]
Epoch 4/50 [Train]:  16%|█▌        | 72/459 [00:03<00:16, 23.33it/s]
Epoch 4/50 [Train]:  16%|█▋        | 75/459 [00:03<00:16, 23.20it/s]
Epoch 4/50 [Train]:  17%|█▋        | 78/459 [00:03<00:16, 23.08it/s]
Epoch 4/50 [Train]:  18%|█▊        | 81/459 [00:03<00:16, 23.20it/s]
Epoch 4/50 [Train]:  18%|█▊        | 84/459 [00:03<00:15, 23.48it/s]
Epoch 4/50 [Train]:  19%|█▉        | 87/459 [00:03<00:15, 23.38it/s]
Epoch 4/50 [Train]:  20%|█▉        | 90/459 [00:03<00:15, 23.53it/s]
Epoch 4/50 [Train]:  20%|██        | 93/459 [00:03<00:15, 23.53it/s]
Epoch 4/50 [Train]:  21%|██        | 96/459 [00:04<00:15, 23.72it/s]
Epoch 4/50 [Train]:  22%|██▏       | 99/459 [00:04<00:15, 23.42it/s]
Epoch 4/50 [Train]:  22%|██▏       | 102/459 [00:04<00:15, 23.18it/s]
Epoch 4/50 [Train]:  23%|██▎       | 105/459 [00:04<00:15, 23.07it/s]
Epoch 4/50 [Train]:  24%|██▎       | 108/459 [00:04<00:15, 23.32it/s]
Epoch 4/50 [Train]:  24%|██▍       | 111/459 [00:04<00:14, 23.38it/s]
Epoch 4/50 [Train]:  25%|██▍       | 114/459 [00:04<00:14, 23.55it/s]
Epoch 4/50 [Train]:  25%|██▌       | 117/459 [00:05<00:14, 23.63it/s]
Epoch 4/50 [Train]:  26%|██▌       | 120/459 [00:05<00:14, 23.67it/s]
Epoch 4/50 [Train]:  27%|██▋       | 123/459 [00:05<00:14, 23.79it/s]
Epoch 4/50 [Train]:  27%|██▋       | 126/459 [00:05<00:14, 23.68it/s]
Epoch 4/50 [Train]:  28%|██▊       | 129/459 [00:05<00:13, 23.60it/s]
Epoch 4/50 [Train]:  29%|██▉       | 132/459 [00:05<00:13, 23.55it/s]
Epoch 4/50 [Train]:  29%|██▉       | 135/459 [00:05<00:13, 23.49it/s]
Epoch 4/50 [Train]:  30%|███       | 138/459 [00:05<00:13, 23.55it/s]
Epoch 4/50 [Train]:  31%|███       | 141/459 [00:06<00:13, 23.68it/s]
Epoch 4/50 [Train]:  31%|███▏      | 144/459 [00:06<00:13, 23.57it/s]
Epoch 4/50 [Train]:  32%|███▏      | 147/459 [00:06<00:13, 23.77it/s]
Epoch 4/50 [Train]:  33%|███▎      | 150/459 [00:06<00:12, 23.78it/s]
Epoch 4/50 [Train]:  33%|███▎      | 153/459 [00:06<00:12, 23.81it/s]
Epoch 4/50 [Train]:  34%|███▍      | 156/459 [00:06<00:12, 23.69it/s]
Epoch 4/50 [Train]:  35%|███▍      | 159/459 [00:06<00:12, 23.81it/s]
Epoch 4/50 [Train]:  35%|███▌      | 162/459 [00:06<00:12, 23.93it/s]
Epoch 4/50 [Train]:  36%|███▌      | 165/459 [00:07<00:12, 23.89it/s]
Epoch 4/50 [Train]:  37%|███▋      | 168/459 [00:07<00:12, 23.98it/s]
Epoch 4/50 [Train]:  37%|███▋      | 171/459 [00:07<00:12, 23.78it/s]
Epoch 4/50 [Train]:  38%|███▊      | 174/459 [00:07<00:11, 23.87it/s]
Epoch 4/50 [Train]:  39%|███▊      | 177/459 [00:07<00:12, 23.41it/s]
Epoch 4/50 [Train]:  39%|███▉      | 180/459 [00:07<00:11, 23.54it/s]
Epoch 4/50 [Train]:  40%|███▉      | 183/459 [00:07<00:11, 23.92it/s]
Epoch 4/50 [Train]:  41%|████      | 186/459 [00:07<00:11, 23.86it/s]
Epoch 4/50 [Train]:  41%|████      | 189/459 [00:08<00:11, 23.79it/s]
Epoch 4/50 [Train]:  42%|████▏     | 192/459 [00:08<00:11, 24.02it/s]
Epoch 4/50 [Train]:  42%|████▏     | 195/459 [00:08<00:11, 23.98it/s]
Epoch 4/50 [Train]:  43%|████▎     | 198/459 [00:08<00:10, 24.22it/s]
Epoch 4/50 [Train]:  44%|████▍     | 201/459 [00:08<00:10, 24.22it/s]
Epoch 4/50 [Train]:  44%|████▍     | 204/459 [00:08<00:10, 24.02it/s]
Epoch 4/50 [Train]:  45%|████▌     | 207/459 [00:08<00:10, 24.22it/s]
Epoch 4/50 [Train]:  46%|████▌     | 210/459 [00:08<00:10, 23.92it/s]
Epoch 4/50 [Train]:  46%|████▋     | 213/459 [00:09<00:10, 23.89it/s]
Epoch 4/50 [Train]:  47%|████▋     | 216/459 [00:09<00:10, 23.68it/s]
Epoch 4/50 [Train]:  48%|████▊     | 219/459 [00:09<00:10, 23.86it/s]
Epoch 4/50 [Train]:  48%|████▊     | 222/459 [00:09<00:09, 24.08it/s]
Epoch 4/50 [Train]:  49%|████▉     | 225/459 [00:09<00:09, 24.08it/s]
Epoch 4/50 [Train]:  50%|████▉     | 228/459 [00:09<00:09, 24.09it/s]
Epoch 4/50 [Train]:  50%|█████     | 231/459 [00:09<00:09, 24.10it/s]
Epoch 4/50 [Train]:  51%|█████     | 234/459 [00:09<00:09, 24.08it/s]
Epoch 4/50 [Train]:  52%|█████▏    | 237/459 [00:10<00:09, 24.09it/s]
Epoch 4/50 [Train]:  52%|█████▏    | 240/459 [00:10<00:09, 24.04it/s]
Epoch 4/50 [Train]:  53%|█████▎    | 243/459 [00:10<00:09, 23.91it/s]
Epoch 4/50 [Train]:  54%|█████▎    | 246/459 [00:10<00:08, 24.00it/s]
Epoch 4/50 [Train]:  54%|█████▍    | 249/459 [00:10<00:08, 23.95it/s]
Epoch 4/50 [Train]:  55%|█████▍    | 252/459 [00:10<00:08, 23.91it/s]
Epoch 4/50 [Train]:  56%|█████▌    | 255/459 [00:10<00:08, 23.79it/s]
Epoch 4/50 [Train]:  56%|█████▌    | 258/459 [00:10<00:08, 23.91it/s]
Epoch 4/50 [Train]:  57%|█████▋    | 261/459 [00:11<00:08, 24.05it/s]
Epoch 4/50 [Train]:  58%|█████▊    | 264/459 [00:11<00:08, 24.14it/s]
Epoch 4/50 [Train]:  58%|█████▊    | 267/459 [00:11<00:08, 23.96it/s]
Epoch 4/50 [Train]:  59%|█████▉    | 270/459 [00:11<00:07, 24.03it/s]
Epoch 4/50 [Train]:  59%|█████▉    | 273/459 [00:11<00:07, 23.96it/s]
Epoch 4/50 [Train]:  60%|██████    | 276/459 [00:11<00:07, 24.05it/s]
Epoch 4/50 [Train]:  61%|██████    | 279/459 [00:11<00:07, 24.18it/s]
Epoch 4/50 [Train]:  61%|██████▏   | 282/459 [00:11<00:07, 24.24it/s]
Epoch 4/50 [Train]:  62%|██████▏   | 285/459 [00:12<00:07, 24.40it/s]
Epoch 4/50 [Train]:  63%|██████▎   | 288/459 [00:12<00:07, 24.22it/s]
Epoch 4/50 [Train]:  63%|██████▎   | 291/459 [00:12<00:06, 24.18it/s]
Epoch 4/50 [Train]:  64%|██████▍   | 294/459 [00:12<00:06, 24.24it/s]
Epoch 4/50 [Train]:  65%|██████▍   | 297/459 [00:12<00:06, 24.31it/s]
Epoch 4/50 [Train]:  65%|██████▌   | 300/459 [00:12<00:06, 24.22it/s]
Epoch 4/50 [Train]:  66%|██████▌   | 303/459 [00:12<00:06, 24.17it/s]
Epoch 4/50 [Train]:  67%|██████▋   | 306/459 [00:12<00:06, 24.29it/s]
Epoch 4/50 [Train]:  67%|██████▋   | 309/459 [00:13<00:06, 24.26it/s]
Epoch 4/50 [Train]:  68%|██████▊   | 312/459 [00:13<00:06, 24.18it/s]
Epoch 4/50 [Train]:  69%|██████▊   | 315/459 [00:13<00:06, 23.98it/s]
Epoch 4/50 [Train]:  69%|██████▉   | 318/459 [00:13<00:05, 23.69it/s]
Epoch 4/50 [Train]:  70%|██████▉   | 321/459 [00:13<00:05, 23.41it/s]
Epoch 4/50 [Train]:  71%|███████   | 324/459 [00:13<00:05, 23.39it/s]
Epoch 4/50 [Train]:  71%|███████   | 327/459 [00:13<00:05, 23.22it/s]
Epoch 4/50 [Train]:  72%|███████▏  | 330/459 [00:13<00:05, 23.56it/s]
Epoch 4/50 [Train]:  73%|███████▎  | 333/459 [00:14<00:05, 23.69it/s]
Epoch 4/50 [Train]:  73%|███████▎  | 336/459 [00:14<00:05, 23.81it/s]
Epoch 4/50 [Train]:  74%|███████▍  | 339/459 [00:14<00:05, 23.89it/s]
Epoch 4/50 [Train]:  75%|███████▍  | 342/459 [00:14<00:04, 23.87it/s]
Epoch 4/50 [Train]:  75%|███████▌  | 345/459 [00:14<00:04, 23.90it/s]
Epoch 4/50 [Train]:  76%|███████▌  | 348/459 [00:14<00:04, 23.73it/s]
Epoch 4/50 [Train]:  76%|███████▋  | 351/459 [00:14<00:04, 23.78it/s]
Epoch 4/50 [Train]:  77%|███████▋  | 354/459 [00:14<00:04, 23.56it/s]
Epoch 4/50 [Train]:  78%|███████▊  | 357/459 [00:15<00:04, 23.72it/s]
Epoch 4/50 [Train]:  78%|███████▊  | 360/459 [00:15<00:04, 23.97it/s]
Epoch 4/50 [Train]:  79%|███████▉  | 363/459 [00:15<00:03, 24.14it/s]
Epoch 4/50 [Train]:  80%|███████▉  | 366/459 [00:15<00:03, 24.29it/s]
Epoch 4/50 [Train]:  80%|████████  | 369/459 [00:15<00:03, 24.13it/s]
Epoch 4/50 [Train]:  81%|████████  | 372/459 [00:15<00:03, 24.15it/s]
Epoch 4/50 [Train]:  82%|████████▏ | 375/459 [00:15<00:03, 24.20it/s]
Epoch 4/50 [Train]:  82%|████████▏ | 378/459 [00:15<00:03, 24.08it/s]
Epoch 4/50 [Train]:  83%|████████▎ | 381/459 [00:16<00:03, 24.12it/s]
Epoch 4/50 [Train]:  84%|████████▎ | 384/459 [00:16<00:03, 24.19it/s]
Epoch 4/50 [Train]:  84%|████████▍ | 387/459 [00:16<00:02, 24.01it/s]
Epoch 4/50 [Train]:  85%|████████▍ | 390/459 [00:16<00:02, 24.07it/s]
Epoch 4/50 [Train]:  86%|████████▌ | 393/459 [00:16<00:02, 23.94it/s]
Epoch 4/50 [Train]:  86%|████████▋ | 396/459 [00:16<00:02, 23.91it/s]
Epoch 4/50 [Train]:  87%|████████▋ | 399/459 [00:16<00:02, 23.33it/s]
Epoch 4/50 [Train]:  88%|████████▊ | 402/459 [00:16<00:02, 22.83it/s]
Epoch 4/50 [Train]:  88%|████████▊ | 405/459 [00:17<00:02, 22.83it/s]
Epoch 4/50 [Train]:  89%|████████▉ | 408/459 [00:17<00:02, 23.00it/s]
Epoch 4/50 [Train]:  90%|████████▉ | 411/459 [00:17<00:02, 22.94it/s]
Epoch 4/50 [Train]:  90%|█████████ | 414/459 [00:17<00:01, 22.98it/s]
Epoch 4/50 [Train]:  91%|█████████ | 417/459 [00:17<00:01, 23.11it/s]
Epoch 4/50 [Train]:  92%|█████████▏| 420/459 [00:17<00:01, 23.31it/s]
Epoch 4/50 [Train]:  92%|█████████▏| 423/459 [00:17<00:01, 23.59it/s]
Epoch 4/50 [Train]:  93%|█████████▎| 426/459 [00:17<00:01, 23.63it/s]
Epoch 4/50 [Train]:  93%|█████████▎| 429/459 [00:18<00:01, 23.74it/s]
Epoch 4/50 [Train]:  94%|█████████▍| 432/459 [00:18<00:01, 23.83it/s]
Epoch 4/50 [Train]:  95%|█████████▍| 435/459 [00:18<00:01, 23.82it/s]
Epoch 4/50 [Train]:  95%|█████████▌| 438/459 [00:18<00:00, 23.88it/s]
Epoch 4/50 [Train]:  96%|█████████▌| 441/459 [00:18<00:00, 23.66it/s]
Epoch 4/50 [Train]:  97%|█████████▋| 444/459 [00:18<00:00, 23.65it/s]
Epoch 4/50 [Train]:  97%|█████████▋| 447/459 [00:18<00:00, 23.47it/s]
Epoch 4/50 [Train]:  98%|█████████▊| 450/459 [00:18<00:00, 23.57it/s]
Epoch 4/50 [Train]:  99%|█████████▊| 453/459 [00:19<00:00, 23.58it/s]
Epoch 4/50 [Train]:  99%|█████████▉| 456/459 [00:19<00:00, 23.58it/s]
Epoch 4/50 [Train]: 100%|██████████| 459/459 [00:19<00:00, 23.79it/s]
                                                                     

Epoch 4/50 [Val]:   0%|          | 0/113 [00:00<?, ?it/s]
Epoch 4/50 [Val]:   2%|▏         | 2/113 [00:00<00:06, 17.64it/s]
Epoch 4/50 [Val]:   4%|▎         | 4/113 [00:00<00:06, 17.86it/s]
Epoch 4/50 [Val]:   5%|▌         | 6/113 [00:00<00:06, 17.70it/s]
Epoch 4/50 [Val]:   7%|▋         | 8/113 [00:00<00:05, 17.81it/s]
Epoch 4/50 [Val]:   9%|▉         | 10/113 [00:00<00:05, 17.98it/s]
Epoch 4/50 [Val]:  11%|█         | 12/113 [00:00<00:05, 17.98it/s]
Epoch 4/50 [Val]:  12%|█▏        | 14/113 [00:00<00:05, 17.75it/s]
Epoch 4/50 [Val]:  14%|█▍        | 16/113 [00:00<00:05, 16.81it/s]
Epoch 4/50 [Val]:  16%|█▌        | 18/113 [00:01<00:05, 16.54it/s]
Epoch 4/50 [Val]:  18%|█▊        | 20/113 [00:01<00:05, 15.94it/s]
Epoch 4/50 [Val]:  19%|█▉        | 22/113 [00:01<00:05, 15.82it/s]
Epoch 4/50 [Val]:  21%|██        | 24/113 [00:01<00:05, 15.73it/s]
Epoch 4/50 [Val]:  23%|██▎       | 26/113 [00:01<00:05, 15.71it/s]
Epoch 4/50 [Val]:  25%|██▍       | 28/113 [00:01<00:05, 16.12it/s]
Epoch 4/50 [Val]:  27%|██▋       | 30/113 [00:01<00:05, 16.58it/s]
Epoch 4/50 [Val]:  28%|██▊       | 32/113 [00:01<00:04, 16.94it/s]
Epoch 4/50 [Val]:  30%|███       | 34/113 [00:02<00:04, 17.16it/s]
Epoch 4/50 [Val]:  32%|███▏      | 36/113 [00:02<00:04, 17.40it/s]
Epoch 4/50 [Val]:  34%|███▎      | 38/113 [00:02<00:04, 17.68it/s]
Epoch 4/50 [Val]:  35%|███▌      | 40/113 [00:02<00:04, 17.79it/s]
Epoch 4/50 [Val]:  37%|███▋      | 42/113 [00:02<00:03, 17.94it/s]
Epoch 4/50 [Val]:  39%|███▉      | 44/113 [00:02<00:03, 17.77it/s]
Epoch 4/50 [Val]:  41%|████      | 46/113 [00:02<00:03, 17.56it/s]
Epoch 4/50 [Val]:  42%|████▏     | 48/113 [00:02<00:03, 17.55it/s]
Epoch 4/50 [Val]:  44%|████▍     | 50/113 [00:02<00:03, 17.57it/s]
Epoch 4/50 [Val]:  46%|████▌     | 52/113 [00:03<00:03, 17.96it/s]
Epoch 4/50 [Val]:  48%|████▊     | 54/113 [00:03<00:03, 18.06it/s]
Epoch 4/50 [Val]:  50%|████▉     | 56/113 [00:03<00:03, 17.84it/s]
Epoch 4/50 [Val]:  51%|█████▏    | 58/113 [00:03<00:03, 17.35it/s]
Epoch 4/50 [Val]:  53%|█████▎    | 60/113 [00:03<00:02, 17.78it/s]
Epoch 4/50 [Val]:  55%|█████▍    | 62/113 [00:03<00:02, 17.80it/s]
Epoch 4/50 [Val]:  57%|█████▋    | 64/113 [00:03<00:02, 17.92it/s]
Epoch 4/50 [Val]:  58%|█████▊    | 66/113 [00:03<00:02, 17.56it/s]
Epoch 4/50 [Val]:  60%|██████    | 68/113 [00:03<00:02, 17.28it/s]
Epoch 4/50 [Val]:  62%|██████▏   | 70/113 [00:04<00:02, 17.31it/s]
Epoch 4/50 [Val]:  64%|██████▎   | 72/113 [00:04<00:02, 17.43it/s]
Epoch 4/50 [Val]:  65%|██████▌   | 74/113 [00:04<00:02, 17.64it/s]
Epoch 4/50 [Val]:  67%|██████▋   | 76/113 [00:04<00:02, 17.79it/s]
Epoch 4/50 [Val]:  69%|██████▉   | 78/113 [00:04<00:01, 17.76it/s]
Epoch 4/50 [Val]:  71%|███████   | 80/113 [00:04<00:01, 17.79it/s]
Epoch 4/50 [Val]:  73%|███████▎  | 82/113 [00:04<00:01, 17.67it/s]
Epoch 4/50 [Val]:  74%|███████▍  | 84/113 [00:04<00:01, 17.79it/s]
Epoch 4/50 [Val]:  76%|███████▌  | 86/113 [00:04<00:01, 17.71it/s]
Epoch 4/50 [Val]:  78%|███████▊  | 88/113 [00:05<00:01, 17.61it/s]
Epoch 4/50 [Val]:  80%|███████▉  | 90/113 [00:05<00:01, 17.80it/s]
Epoch 4/50 [Val]:  81%|████████▏ | 92/113 [00:05<00:01, 18.00it/s]
Epoch 4/50 [Val]:  83%|████████▎ | 94/113 [00:05<00:01, 18.14it/s]
Epoch 4/50 [Val]:  85%|████████▍ | 96/113 [00:05<00:00, 18.35it/s]
Epoch 4/50 [Val]:  87%|████████▋ | 98/113 [00:05<00:00, 18.30it/s]
Epoch 4/50 [Val]:  88%|████████▊ | 100/113 [00:05<00:00, 18.16it/s]
Epoch 4/50 [Val]:  90%|█████████ | 102/113 [00:05<00:00, 17.92it/s]
Epoch 4/50 [Val]:  92%|█████████▏| 104/113 [00:05<00:00, 18.22it/s]
Epoch 4/50 [Val]:  94%|█████████▍| 106/113 [00:06<00:00, 18.28it/s]
Epoch 4/50 [Val]:  96%|█████████▌| 108/113 [00:06<00:00, 18.48it/s]
Epoch 4/50 [Val]:  97%|█████████▋| 110/113 [00:06<00:00, 18.54it/s]
Epoch 4/50 [Val]:  99%|█████████▉| 112/113 [00:06<00:00, 18.57it/s]
                                                                   

Epoch 5/50 [Train]:   0%|          | 0/459 [00:00<?, ?it/s]
Epoch 5/50 [Train]:   1%|          | 3/459 [00:00<00:19, 23.07it/s]
Epoch 5/50 [Train]:   1%|▏         | 6/459 [00:00<00:19, 22.87it/s]
Epoch 5/50 [Train]:   2%|▏         | 9/459 [00:00<00:19, 22.79it/s]
Epoch 5/50 [Train]:   3%|▎         | 12/459 [00:00<00:19, 23.04it/s]
Epoch 5/50 [Train]:   3%|▎         | 15/459 [00:00<00:19, 23.13it/s]
Epoch 5/50 [Train]:   4%|▍         | 18/459 [00:00<00:19, 23.02it/s]
Epoch 5/50 [Train]:   5%|▍         | 21/459 [00:00<00:18, 23.28it/s]
Epoch 5/50 [Train]:   5%|▌         | 24/459 [00:01<00:18, 23.56it/s]
Epoch 5/50 [Train]:   6%|▌         | 27/459 [00:01<00:18, 23.84it/s]
Epoch 5/50 [Train]:   7%|▋         | 30/459 [00:01<00:17, 23.89it/s]
Epoch 5/50 [Train]:   7%|▋         | 33/459 [00:01<00:17, 23.95it/s]
Epoch 5/50 [Train]:   8%|▊         | 36/459 [00:01<00:17, 23.96it/s]
Epoch 5/50 [Train]:   8%|▊         | 39/459 [00:01<00:17, 24.00it/s]
Epoch 5/50 [Train]:   9%|▉         | 42/459 [00:01<00:17, 24.12it/s]
Epoch 5/50 [Train]:  10%|▉         | 45/459 [00:01<00:17, 24.07it/s]
Epoch 5/50 [Train]:  10%|█         | 48/459 [00:02<00:17, 23.88it/s]
Epoch 5/50 [Train]:  11%|█         | 51/459 [00:02<00:17, 23.97it/s]
Epoch 5/50 [Train]:  12%|█▏        | 54/459 [00:02<00:16, 24.07it/s]
Epoch 5/50 [Train]:  12%|█▏        | 57/459 [00:02<00:16, 23.79it/s]
Epoch 5/50 [Train]:  13%|█▎        | 60/459 [00:02<00:16, 23.88it/s]
Epoch 5/50 [Train]:  14%|█▎        | 63/459 [00:02<00:16, 23.99it/s]
Epoch 5/50 [Train]:  14%|█▍        | 66/459 [00:02<00:16, 24.01it/s]
Epoch 5/50 [Train]:  15%|█▌        | 69/459 [00:02<00:16, 23.68it/s]
Epoch 5/50 [Train]:  16%|█▌        | 72/459 [00:03<00:16, 23.74it/s]
Epoch 5/50 [Train]:  16%|█▋        | 75/459 [00:03<00:15, 24.10it/s]
Epoch 5/50 [Train]:  17%|█▋        | 78/459 [00:03<00:15, 23.84it/s]
Epoch 5/50 [Train]:  18%|█▊        | 81/459 [00:03<00:15, 23.91it/s]
Epoch 5/50 [Train]:  18%|█▊        | 84/459 [00:03<00:15, 23.99it/s]
Epoch 5/50 [Train]:  19%|█▉        | 87/459 [00:03<00:15, 23.98it/s]
Epoch 5/50 [Train]:  20%|█▉        | 90/459 [00:03<00:15, 24.10it/s]
Epoch 5/50 [Train]:  20%|██        | 93/459 [00:03<00:15, 24.14it/s]
Epoch 5/50 [Train]:  21%|██        | 96/459 [00:04<00:15, 24.16it/s]
Epoch 5/50 [Train]:  22%|██▏       | 99/459 [00:04<00:14, 24.17it/s]
Epoch 5/50 [Train]:  22%|██▏       | 102/459 [00:04<00:14, 24.27it/s]
Epoch 5/50 [Train]:  23%|██▎       | 105/459 [00:04<00:14, 24.29it/s]
Epoch 5/50 [Train]:  24%|██▎       | 108/459 [00:04<00:14, 24.38it/s]
Epoch 5/50 [Train]:  24%|██▍       | 111/459 [00:04<00:14, 24.27it/s]
Epoch 5/50 [Train]:  25%|██▍       | 114/459 [00:04<00:14, 24.36it/s]
Epoch 5/50 [Train]:  25%|██▌       | 117/459 [00:04<00:14, 24.25it/s]
Epoch 5/50 [Train]:  26%|██▌       | 120/459 [00:05<00:13, 24.27it/s]
Epoch 5/50 [Train]:  27%|██▋       | 123/459 [00:05<00:13, 24.33it/s]
Epoch 5/50 [Train]:  27%|██▋       | 126/459 [00:05<00:13, 24.41it/s]
Epoch 5/50 [Train]:  28%|██▊       | 129/459 [00:05<00:13, 24.32it/s]
Epoch 5/50 [Train]:  29%|██▉       | 132/459 [00:05<00:13, 24.40it/s]
Epoch 5/50 [Train]:  29%|██▉       | 135/459 [00:05<00:13, 24.28it/s]
Epoch 5/50 [Train]:  30%|███       | 138/459 [00:05<00:13, 24.32it/s]
Epoch 5/50 [Train]:  31%|███       | 141/459 [00:05<00:13, 24.21it/s]
Epoch 5/50 [Train]:  31%|███▏      | 144/459 [00:06<00:13, 24.22it/s]
Epoch 5/50 [Train]:  32%|███▏      | 147/459 [00:06<00:12, 24.33it/s]
Epoch 5/50 [Train]:  33%|███▎      | 150/459 [00:06<00:12, 24.35it/s]
Epoch 5/50 [Train]:  33%|███▎      | 153/459 [00:06<00:12, 24.30it/s]
Epoch 5/50 [Train]:  34%|███▍      | 156/459 [00:06<00:12, 24.32it/s]
Epoch 5/50 [Train]:  35%|███▍      | 159/459 [00:06<00:12, 24.30it/s]
Epoch 5/50 [Train]:  35%|███▌      | 162/459 [00:06<00:12, 24.15it/s]
Epoch 5/50 [Train]:  36%|███▌      | 165/459 [00:06<00:12, 24.27it/s]
Epoch 5/50 [Train]:  37%|███▋      | 168/459 [00:06<00:12, 24.20it/s]
Epoch 5/50 [Train]:  37%|███▋      | 171/459 [00:07<00:11, 24.14it/s]
Epoch 5/50 [Train]:  38%|███▊      | 174/459 [00:07<00:11, 23.87it/s]
Epoch 5/50 [Train]:  39%|███▊      | 177/459 [00:07<00:11, 23.85it/s]
Epoch 5/50 [Train]:  39%|███▉      | 180/459 [00:07<00:11, 23.89it/s]
Epoch 5/50 [Train]:  40%|███▉      | 183/459 [00:07<00:11, 23.97it/s]
Epoch 5/50 [Train]:  41%|████      | 186/459 [00:07<00:11, 24.06it/s]
Epoch 5/50 [Train]:  41%|████      | 189/459 [00:07<00:11, 24.15it/s]
Epoch 5/50 [Train]:  42%|████▏     | 192/459 [00:07<00:10, 24.37it/s]
Epoch 5/50 [Train]:  42%|████▏     | 195/459 [00:08<00:10, 24.37it/s]
Epoch 5/50 [Train]:  43%|████▎     | 198/459 [00:08<00:10, 24.38it/s]
Epoch 5/50 [Train]:  44%|████▍     | 201/459 [00:08<00:10, 24.23it/s]
Epoch 5/50 [Train]:  44%|████▍     | 204/459 [00:08<00:10, 24.33it/s]
Epoch 5/50 [Train]:  45%|████▌     | 207/459 [00:08<00:10, 24.37it/s]
Epoch 5/50 [Train]:  46%|████▌     | 210/459 [00:08<00:10, 24.20it/s]
Epoch 5/50 [Train]:  46%|████▋     | 213/459 [00:08<00:10, 24.08it/s]
Epoch 5/50 [Train]:  47%|████▋     | 216/459 [00:08<00:10, 24.17it/s]
Epoch 5/50 [Train]:  48%|████▊     | 219/459 [00:09<00:09, 24.17it/s]
Epoch 5/50 [Train]:  48%|████▊     | 222/459 [00:09<00:09, 24.18it/s]
Epoch 5/50 [Train]:  49%|████▉     | 225/459 [00:09<00:09, 24.07it/s]
Epoch 5/50 [Train]:  50%|████▉     | 228/459 [00:09<00:09, 23.88it/s]
Epoch 5/50 [Train]:  50%|█████     | 231/459 [00:09<00:09, 23.97it/s]
Epoch 5/50 [Train]:  51%|█████     | 234/459 [00:09<00:09, 23.99it/s]
Epoch 5/50 [Train]:  52%|█████▏    | 237/459 [00:09<00:09, 23.98it/s]
Epoch 5/50 [Train]:  52%|█████▏    | 240/459 [00:09<00:09, 24.03it/s]
Epoch 5/50 [Train]:  53%|█████▎    | 243/459 [00:10<00:08, 24.10it/s]
Epoch 5/50 [Train]:  54%|█████▎    | 246/459 [00:10<00:08, 24.02it/s]
Epoch 5/50 [Train]:  54%|█████▍    | 249/459 [00:10<00:08, 23.86it/s]
Epoch 5/50 [Train]:  55%|█████▍    | 252/459 [00:10<00:08, 23.93it/s]
Epoch 5/50 [Train]:  56%|█████▌    | 255/459 [00:10<00:08, 23.81it/s]
Epoch 5/50 [Train]:  56%|█████▌    | 258/459 [00:10<00:08, 23.72it/s]
Epoch 5/50 [Train]:  57%|█████▋    | 261/459 [00:10<00:08, 23.77it/s]
Epoch 5/50 [Train]:  58%|█████▊    | 264/459 [00:10<00:08, 23.89it/s]
Epoch 5/50 [Train]:  58%|█████▊    | 267/459 [00:11<00:08, 23.98it/s]
Epoch 5/50 [Train]:  59%|█████▉    | 270/459 [00:11<00:07, 24.04it/s]
Epoch 5/50 [Train]:  59%|█████▉    | 273/459 [00:11<00:07, 24.04it/s]
Epoch 5/50 [Train]:  60%|██████    | 276/459 [00:11<00:07, 24.17it/s]
Epoch 5/50 [Train]:  61%|██████    | 279/459 [00:11<00:07, 23.97it/s]
Epoch 5/50 [Train]:  61%|██████▏   | 282/459 [00:11<00:07, 23.86it/s]
Epoch 5/50 [Train]:  62%|██████▏   | 285/459 [00:11<00:07, 23.77it/s]
Epoch 5/50 [Train]:  63%|██████▎   | 288/459 [00:11<00:07, 23.59it/s]
Epoch 5/50 [Train]:  63%|██████▎   | 291/459 [00:12<00:07, 23.51it/s]
Epoch 5/50 [Train]:  64%|██████▍   | 294/459 [00:12<00:07, 23.29it/s]
Epoch 5/50 [Train]:  65%|██████▍   | 297/459 [00:12<00:06, 23.37it/s]
Epoch 5/50 [Train]:  65%|██████▌   | 300/459 [00:12<00:06, 23.09it/s]
Epoch 5/50 [Train]:  66%|██████▌   | 303/459 [00:12<00:06, 22.51it/s]
Epoch 5/50 [Train]:  67%|██████▋   | 306/459 [00:12<00:06, 22.66it/s]
Epoch 5/50 [Train]:  67%|██████▋   | 309/459 [00:12<00:06, 23.01it/s]
Epoch 5/50 [Train]:  68%|██████▊   | 312/459 [00:13<00:06, 23.32it/s]
Epoch 5/50 [Train]:  69%|██████▊   | 315/459 [00:13<00:06, 23.29it/s]
Epoch 5/50 [Train]:  69%|██████▉   | 318/459 [00:13<00:06, 23.33it/s]
Epoch 5/50 [Train]:  70%|██████▉   | 321/459 [00:13<00:05, 23.56it/s]
Epoch 5/50 [Train]:  71%|███████   | 324/459 [00:13<00:05, 23.49it/s]
Epoch 5/50 [Train]:  71%|███████   | 327/459 [00:13<00:05, 23.48it/s]
Epoch 5/50 [Train]:  72%|███████▏  | 330/459 [00:13<00:05, 23.56it/s]
Epoch 5/50 [Train]:  73%|███████▎  | 333/459 [00:13<00:05, 23.72it/s]
Epoch 5/50 [Train]:  73%|███████▎  | 336/459 [00:14<00:05, 23.31it/s]
Epoch 5/50 [Train]:  74%|███████▍  | 339/459 [00:14<00:05, 23.04it/s]
Epoch 5/50 [Train]:  75%|███████▍  | 342/459 [00:14<00:05, 22.87it/s]
Epoch 5/50 [Train]:  75%|███████▌  | 345/459 [00:14<00:04, 23.16it/s]
Epoch 5/50 [Train]:  76%|███████▌  | 348/459 [00:14<00:04, 23.42it/s]
Epoch 5/50 [Train]:  76%|███████▋  | 351/459 [00:14<00:04, 23.22it/s]
Epoch 5/50 [Train]:  77%|███████▋  | 354/459 [00:14<00:04, 23.23it/s]
Epoch 5/50 [Train]:  78%|███████▊  | 357/459 [00:14<00:04, 23.68it/s]
Epoch 5/50 [Train]:  78%|███████▊  | 360/459 [00:15<00:04, 23.94it/s]
Epoch 5/50 [Train]:  79%|███████▉  | 363/459 [00:15<00:04, 23.84it/s]
Epoch 5/50 [Train]:  80%|███████▉  | 366/459 [00:15<00:03, 24.02it/s]
Epoch 5/50 [Train]:  80%|████████  | 369/459 [00:15<00:03, 24.10it/s]
Epoch 5/50 [Train]:  81%|████████  | 372/459 [00:15<00:03, 23.85it/s]
Epoch 5/50 [Train]:  82%|████████▏ | 375/459 [00:15<00:03, 23.69it/s]
Epoch 5/50 [Train]:  82%|████████▏ | 378/459 [00:15<00:03, 23.39it/s]
Epoch 5/50 [Train]:  83%|████████▎ | 381/459 [00:15<00:03, 23.71it/s]
Epoch 5/50 [Train]:  84%|████████▎ | 384/459 [00:16<00:03, 23.77it/s]
Epoch 5/50 [Train]:  84%|████████▍ | 387/459 [00:16<00:03, 23.75it/s]
Epoch 5/50 [Train]:  85%|████████▍ | 390/459 [00:16<00:02, 23.48it/s]
Epoch 5/50 [Train]:  86%|████████▌ | 393/459 [00:16<00:02, 23.72it/s]
Epoch 5/50 [Train]:  86%|████████▋ | 396/459 [00:16<00:02, 23.88it/s]
Epoch 5/50 [Train]:  87%|████████▋ | 399/459 [00:16<00:02, 23.86it/s]
Epoch 5/50 [Train]:  88%|████████▊ | 402/459 [00:16<00:02, 23.87it/s]
Epoch 5/50 [Train]:  88%|████████▊ | 405/459 [00:16<00:02, 23.59it/s]
Epoch 5/50 [Train]:  89%|████████▉ | 408/459 [00:17<00:02, 23.46it/s]
Epoch 5/50 [Train]:  90%|████████▉ | 411/459 [00:17<00:02, 23.59it/s]
Epoch 5/50 [Train]:  90%|█████████ | 414/459 [00:17<00:01, 23.62it/s]
Epoch 5/50 [Train]:  91%|█████████ | 417/459 [00:17<00:01, 23.76it/s]
Epoch 5/50 [Train]:  92%|█████████▏| 420/459 [00:17<00:01, 24.00it/s]
Epoch 5/50 [Train]:  92%|█████████▏| 423/459 [00:17<00:01, 24.15it/s]
Epoch 5/50 [Train]:  93%|█████████▎| 426/459 [00:17<00:01, 24.18it/s]
Epoch 5/50 [Train]:  93%|█████████▎| 429/459 [00:17<00:01, 24.21it/s]
Epoch 5/50 [Train]:  94%|█████████▍| 432/459 [00:18<00:01, 24.21it/s]
Epoch 5/50 [Train]:  95%|█████████▍| 435/459 [00:18<00:00, 24.26it/s]
Epoch 5/50 [Train]:  95%|█████████▌| 438/459 [00:18<00:00, 24.22it/s]
Epoch 5/50 [Train]:  96%|█████████▌| 441/459 [00:18<00:00, 23.88it/s]
Epoch 5/50 [Train]:  97%|█████████▋| 444/459 [00:18<00:00, 23.58it/s]
Epoch 5/50 [Train]:  97%|█████████▋| 447/459 [00:18<00:00, 23.38it/s]
Epoch 5/50 [Train]:  98%|█████████▊| 450/459 [00:18<00:00, 23.36it/s]
Epoch 5/50 [Train]:  99%|█████████▊| 453/459 [00:18<00:00, 23.53it/s]
Epoch 5/50 [Train]:  99%|█████████▉| 456/459 [00:19<00:00, 23.75it/s]
Epoch 5/50 [Train]: 100%|██████████| 459/459 [00:19<00:00, 23.70it/s]
                                                                     

Epoch 5/50 [Val]:   0%|          | 0/113 [00:00<?, ?it/s]
Epoch 5/50 [Val]:   2%|▏         | 2/113 [00:00<00:06, 17.67it/s]
Epoch 5/50 [Val]:   4%|▎         | 4/113 [00:00<00:06, 17.86it/s]
Epoch 5/50 [Val]:   5%|▌         | 6/113 [00:00<00:06, 17.52it/s]
Epoch 5/50 [Val]:   7%|▋         | 8/113 [00:00<00:05, 17.59it/s]
Epoch 5/50 [Val]:   9%|▉         | 10/113 [00:00<00:05, 18.09it/s]
Epoch 5/50 [Val]:  11%|█         | 12/113 [00:00<00:05, 18.22it/s]
Epoch 5/50 [Val]:  12%|█▏        | 14/113 [00:00<00:05, 18.17it/s]
Epoch 5/50 [Val]:  14%|█▍        | 16/113 [00:00<00:05, 17.20it/s]
Epoch 5/50 [Val]:  16%|█▌        | 18/113 [00:01<00:05, 16.67it/s]
Epoch 5/50 [Val]:  18%|█▊        | 20/113 [00:01<00:05, 16.33it/s]
Epoch 5/50 [Val]:  19%|█▉        | 22/113 [00:01<00:05, 15.92it/s]
Epoch 5/50 [Val]:  21%|██        | 24/113 [00:01<00:05, 15.84it/s]
Epoch 5/50 [Val]:  23%|██▎       | 26/113 [00:01<00:05, 16.00it/s]
Epoch 5/50 [Val]:  25%|██▍       | 28/113 [00:01<00:05, 16.08it/s]
Epoch 5/50 [Val]:  27%|██▋       | 30/113 [00:01<00:05, 16.02it/s]
Epoch 5/50 [Val]:  28%|██▊       | 32/113 [00:01<00:04, 16.31it/s]
Epoch 5/50 [Val]:  30%|███       | 34/113 [00:02<00:04, 16.61it/s]
Epoch 5/50 [Val]:  32%|███▏      | 36/113 [00:02<00:04, 17.10it/s]
Epoch 5/50 [Val]:  34%|███▎      | 38/113 [00:02<00:04, 17.33it/s]
Epoch 5/50 [Val]:  35%|███▌      | 40/113 [00:02<00:04, 17.37it/s]
Epoch 5/50 [Val]:  37%|███▋      | 42/113 [00:02<00:04, 17.47it/s]
Epoch 5/50 [Val]:  39%|███▉      | 44/113 [00:02<00:03, 17.49it/s]
Epoch 5/50 [Val]:  41%|████      | 46/113 [00:02<00:03, 17.25it/s]
Epoch 5/50 [Val]:  42%|████▏     | 48/113 [00:02<00:03, 17.38it/s]
Epoch 5/50 [Val]:  44%|████▍     | 50/113 [00:02<00:03, 17.56it/s]
Epoch 5/50 [Val]:  46%|████▌     | 52/113 [00:03<00:03, 17.96it/s]
Epoch 5/50 [Val]:  48%|████▊     | 54/113 [00:03<00:03, 18.19it/s]
Epoch 5/50 [Val]:  50%|████▉     | 56/113 [00:03<00:03, 18.16it/s]
Epoch 5/50 [Val]:  51%|█████▏    | 58/113 [00:03<00:03, 17.52it/s]
Epoch 5/50 [Val]:  53%|█████▎    | 60/113 [00:03<00:02, 17.93it/s]
Epoch 5/50 [Val]:  55%|█████▍    | 62/113 [00:03<00:02, 17.93it/s]
Epoch 5/50 [Val]:  57%|█████▋    | 64/113 [00:03<00:02, 17.76it/s]
Epoch 5/50 [Val]:  58%|█████▊    | 66/113 [00:03<00:02, 17.48it/s]
Epoch 5/50 [Val]:  60%|██████    | 68/113 [00:03<00:02, 17.37it/s]
Epoch 5/50 [Val]:  62%|██████▏   | 70/113 [00:04<00:02, 17.44it/s]
Epoch 5/50 [Val]:  64%|██████▎   | 72/113 [00:04<00:02, 17.68it/s]
Epoch 5/50 [Val]:  65%|██████▌   | 74/113 [00:04<00:02, 17.92it/s]
Epoch 5/50 [Val]:  67%|██████▋   | 76/113 [00:04<00:02, 17.97it/s]
Epoch 5/50 [Val]:  69%|██████▉   | 78/113 [00:04<00:01, 18.01it/s]
Epoch 5/50 [Val]:  71%|███████   | 80/113 [00:04<00:01, 17.55it/s]
Epoch 5/50 [Val]:  73%|███████▎  | 82/113 [00:04<00:01, 17.61it/s]
Epoch 5/50 [Val]:  74%|███████▍  | 84/113 [00:04<00:01, 17.70it/s]
Epoch 5/50 [Val]:  76%|███████▌  | 86/113 [00:04<00:01, 17.82it/s]
Epoch 5/50 [Val]:  78%|███████▊  | 88/113 [00:05<00:01, 17.77it/s]
Epoch 5/50 [Val]:  80%|███████▉  | 90/113 [00:05<00:01, 18.05it/s]
Epoch 5/50 [Val]:  81%|████████▏ | 92/113 [00:05<00:01, 18.21it/s]
Epoch 5/50 [Val]:  83%|████████▎ | 94/113 [00:05<00:01, 18.22it/s]
Epoch 5/50 [Val]:  85%|████████▍ | 96/113 [00:05<00:00, 18.41it/s]
Epoch 5/50 [Val]:  87%|████████▋ | 98/113 [00:05<00:00, 18.38it/s]
Epoch 5/50 [Val]:  88%|████████▊ | 100/113 [00:05<00:00, 18.12it/s]
Epoch 5/50 [Val]:  90%|█████████ | 102/113 [00:05<00:00, 17.79it/s]
Epoch 5/50 [Val]:  92%|█████████▏| 104/113 [00:05<00:00, 17.97it/s]
Epoch 5/50 [Val]:  94%|█████████▍| 106/113 [00:06<00:00, 17.98it/s]
Epoch 5/50 [Val]:  96%|█████████▌| 108/113 [00:06<00:00, 18.25it/s]
Epoch 5/50 [Val]:  97%|█████████▋| 110/113 [00:06<00:00, 18.38it/s]
Epoch 5/50 [Val]:  99%|█████████▉| 112/113 [00:06<00:00, 18.42it/s]
                                                                   

Epoch 6/50 [Train]:   0%|          | 0/459 [00:00<?, ?it/s]
Epoch 6/50 [Train]:   1%|          | 3/459 [00:00<00:20, 22.66it/s]
Epoch 6/50 [Train]:   1%|▏         | 6/459 [00:00<00:19, 22.92it/s]
Epoch 6/50 [Train]:   2%|▏         | 9/459 [00:00<00:19, 23.20it/s]
Epoch 6/50 [Train]:   3%|▎         | 12/459 [00:00<00:18, 23.62it/s]
Epoch 6/50 [Train]:   3%|▎         | 15/459 [00:00<00:18, 23.44it/s]
Epoch 6/50 [Train]:   4%|▍         | 18/459 [00:00<00:18, 23.47it/s]
Epoch 6/50 [Train]:   5%|▍         | 21/459 [00:00<00:18, 23.76it/s]
Epoch 6/50 [Train]:   5%|▌         | 24/459 [00:01<00:18, 23.51it/s]
Epoch 6/50 [Train]:   6%|▌         | 27/459 [00:01<00:18, 23.50it/s]
Epoch 6/50 [Train]:   7%|▋         | 30/459 [00:01<00:18, 23.47it/s]
Epoch 6/50 [Train]:   7%|▋         | 33/459 [00:01<00:18, 23.32it/s]
Epoch 6/50 [Train]:   8%|▊         | 36/459 [00:01<00:18, 23.44it/s]
Epoch 6/50 [Train]:   8%|▊         | 39/459 [00:01<00:17, 23.51it/s]
Epoch 6/50 [Train]:   9%|▉         | 42/459 [00:01<00:17, 23.60it/s]
Epoch 6/50 [Train]:  10%|▉         | 45/459 [00:01<00:17, 23.45it/s]
Epoch 6/50 [Train]:  10%|█         | 48/459 [00:02<00:17, 23.64it/s]
Epoch 6/50 [Train]:  11%|█         | 51/459 [00:02<00:17, 23.57it/s]
Epoch 6/50 [Train]:  12%|█▏        | 54/459 [00:02<00:17, 23.64it/s]
Epoch 6/50 [Train]:  12%|█▏        | 57/459 [00:02<00:17, 23.60it/s]
Epoch 6/50 [Train]:  13%|█▎        | 60/459 [00:02<00:16, 23.69it/s]
Epoch 6/50 [Train]:  14%|█▎        | 63/459 [00:02<00:16, 23.52it/s]
Epoch 6/50 [Train]:  14%|█▍        | 66/459 [00:02<00:16, 23.31it/s]
Epoch 6/50 [Train]:  15%|█▌        | 69/459 [00:02<00:16, 23.24it/s]
Epoch 6/50 [Train]:  16%|█▌        | 72/459 [00:03<00:16, 23.35it/s]
Epoch 6/50 [Train]:  16%|█▋        | 75/459 [00:03<00:16, 23.40it/s]
Epoch 6/50 [Train]:  17%|█▋        | 78/459 [00:03<00:16, 23.44it/s]
Epoch 6/50 [Train]:  18%|█▊        | 81/459 [00:03<00:16, 23.41it/s]
Epoch 6/50 [Train]:  18%|█▊        | 84/459 [00:03<00:15, 23.66it/s]
Epoch 6/50 [Train]:  19%|█▉        | 87/459 [00:03<00:15, 23.84it/s]
Epoch 6/50 [Train]:  20%|█▉        | 90/459 [00:03<00:15, 24.06it/s]
Epoch 6/50 [Train]:  20%|██        | 93/459 [00:03<00:15, 23.79it/s]
Epoch 6/50 [Train]:  21%|██        | 96/459 [00:04<00:15, 23.62it/s]
Epoch 6/50 [Train]:  22%|██▏       | 99/459 [00:04<00:15, 23.46it/s]
Epoch 6/50 [Train]:  22%|██▏       | 102/459 [00:04<00:15, 23.67it/s]
Epoch 6/50 [Train]:  23%|██▎       | 105/459 [00:04<00:14, 23.91it/s]
Epoch 6/50 [Train]:  24%|██▎       | 108/459 [00:04<00:14, 23.93it/s]
Epoch 6/50 [Train]:  24%|██▍       | 111/459 [00:04<00:14, 23.97it/s]
Epoch 6/50 [Train]:  25%|██▍       | 114/459 [00:04<00:14, 24.01it/s]
Epoch 6/50 [Train]:  25%|██▌       | 117/459 [00:04<00:14, 23.85it/s]
Epoch 6/50 [Train]:  26%|██▌       | 120/459 [00:05<00:14, 23.75it/s]
Epoch 6/50 [Train]:  27%|██▋       | 123/459 [00:05<00:14, 23.88it/s]
Epoch 6/50 [Train]:  27%|██▋       | 126/459 [00:05<00:13, 23.97it/s]
Epoch 6/50 [Train]:  28%|██▊       | 129/459 [00:05<00:13, 24.10it/s]
Epoch 6/50 [Train]:  29%|██▉       | 132/459 [00:05<00:13, 23.95it/s]
Epoch 6/50 [Train]:  29%|██▉       | 135/459 [00:05<00:13, 24.04it/s]
Epoch 6/50 [Train]:  30%|███       | 138/459 [00:05<00:13, 23.97it/s]
Epoch 6/50 [Train]:  31%|███       | 141/459 [00:05<00:13, 23.89it/s]
Epoch 6/50 [Train]:  31%|███▏      | 144/459 [00:06<00:13, 23.92it/s]
Epoch 6/50 [Train]:  32%|███▏      | 147/459 [00:06<00:12, 24.09it/s]
Epoch 6/50 [Train]:  33%|███▎      | 150/459 [00:06<00:12, 23.94it/s]
Epoch 6/50 [Train]:  33%|███▎      | 153/459 [00:06<00:12, 24.07it/s]
Epoch 6/50 [Train]:  34%|███▍      | 156/459 [00:06<00:12, 24.13it/s]
Epoch 6/50 [Train]:  35%|███▍      | 159/459 [00:06<00:12, 24.15it/s]
Epoch 6/50 [Train]:  35%|███▌      | 162/459 [00:06<00:12, 24.18it/s]
Epoch 6/50 [Train]:  36%|███▌      | 165/459 [00:06<00:12, 24.14it/s]
Epoch 6/50 [Train]:  37%|███▋      | 168/459 [00:07<00:12, 24.14it/s]
Epoch 6/50 [Train]:  37%|███▋      | 171/459 [00:07<00:11, 24.09it/s]
Epoch 6/50 [Train]:  38%|███▊      | 174/459 [00:07<00:11, 24.04it/s]
Epoch 6/50 [Train]:  39%|███▊      | 177/459 [00:07<00:11, 23.76it/s]
Epoch 6/50 [Train]:  39%|███▉      | 180/459 [00:07<00:11, 23.77it/s]
Epoch 6/50 [Train]:  40%|███▉      | 183/459 [00:07<00:11, 23.89it/s]
Epoch 6/50 [Train]:  41%|████      | 186/459 [00:07<00:11, 24.10it/s]
Epoch 6/50 [Train]:  41%|████      | 189/459 [00:07<00:11, 24.08it/s]
Epoch 6/50 [Train]:  42%|████▏     | 192/459 [00:08<00:11, 23.63it/s]
Epoch 6/50 [Train]:  42%|████▏     | 195/459 [00:08<00:11, 23.50it/s]
Epoch 6/50 [Train]:  43%|████▎     | 198/459 [00:08<00:11, 23.70it/s]
Epoch 6/50 [Train]:  44%|████▍     | 201/459 [00:08<00:10, 23.90it/s]
Epoch 6/50 [Train]:  44%|████▍     | 204/459 [00:08<00:10, 23.87it/s]
Epoch 6/50 [Train]:  45%|████▌     | 207/459 [00:08<00:10, 24.06it/s]
Epoch 6/50 [Train]:  46%|████▌     | 210/459 [00:08<00:10, 24.10it/s]
Epoch 6/50 [Train]:  46%|████▋     | 213/459 [00:08<00:10, 23.81it/s]
Epoch 6/50 [Train]:  47%|████▋     | 216/459 [00:09<00:10, 23.86it/s]
Epoch 6/50 [Train]:  48%|████▊     | 219/459 [00:09<00:10, 24.00it/s]
Epoch 6/50 [Train]:  48%|████▊     | 222/459 [00:09<00:09, 24.00it/s]
Epoch 6/50 [Train]:  49%|████▉     | 225/459 [00:09<00:09, 24.06it/s]
Epoch 6/50 [Train]:  50%|████▉     | 228/459 [00:09<00:09, 24.13it/s]
Epoch 6/50 [Train]:  50%|█████     | 231/459 [00:09<00:09, 24.17it/s]
Epoch 6/50 [Train]:  51%|█████     | 234/459 [00:09<00:09, 24.24it/s]
Epoch 6/50 [Train]:  52%|█████▏    | 237/459 [00:09<00:09, 24.25it/s]
Epoch 6/50 [Train]:  52%|█████▏    | 240/459 [00:10<00:09, 24.11it/s]
Epoch 6/50 [Train]:  53%|█████▎    | 243/459 [00:10<00:08, 24.03it/s]
Epoch 6/50 [Train]:  54%|█████▎    | 246/459 [00:10<00:08, 24.05it/s]
Epoch 6/50 [Train]:  54%|█████▍    | 249/459 [00:10<00:08, 24.10it/s]
Epoch 6/50 [Train]:  55%|█████▍    | 252/459 [00:10<00:08, 24.07it/s]
Epoch 6/50 [Train]:  56%|█████▌    | 255/459 [00:10<00:08, 23.92it/s]
Epoch 6/50 [Train]:  56%|█████▌    | 258/459 [00:10<00:08, 23.94it/s]
Epoch 6/50 [Train]:  57%|█████▋    | 261/459 [00:10<00:08, 23.90it/s]
Epoch 6/50 [Train]:  58%|█████▊    | 264/459 [00:11<00:08, 23.96it/s]
Epoch 6/50 [Train]:  58%|█████▊    | 267/459 [00:11<00:07, 24.04it/s]
Epoch 6/50 [Train]:  59%|█████▉    | 270/459 [00:11<00:07, 23.94it/s]
Epoch 6/50 [Train]:  59%|█████▉    | 273/459 [00:11<00:07, 23.96it/s]
Epoch 6/50 [Train]:  60%|██████    | 276/459 [00:11<00:07, 24.12it/s]
Epoch 6/50 [Train]:  61%|██████    | 279/459 [00:11<00:07, 24.16it/s]
Epoch 6/50 [Train]:  61%|██████▏   | 282/459 [00:11<00:07, 24.23it/s]
Epoch 6/50 [Train]:  62%|██████▏   | 285/459 [00:11<00:07, 24.01it/s]
Epoch 6/50 [Train]:  63%|██████▎   | 288/459 [00:12<00:07, 24.06it/s]
Epoch 6/50 [Train]:  63%|██████▎   | 291/459 [00:12<00:07, 23.95it/s]
Epoch 6/50 [Train]:  64%|██████▍   | 294/459 [00:12<00:06, 24.02it/s]
Epoch 6/50 [Train]:  65%|██████▍   | 297/459 [00:12<00:06, 24.19it/s]
Epoch 6/50 [Train]:  65%|██████▌   | 300/459 [00:12<00:06, 24.19it/s]
Epoch 6/50 [Train]:  66%|██████▌   | 303/459 [00:12<00:06, 24.27it/s]
Epoch 6/50 [Train]:  67%|██████▋   | 306/459 [00:12<00:06, 24.27it/s]
Epoch 6/50 [Train]:  67%|██████▋   | 309/459 [00:12<00:06, 24.03it/s]
Epoch 6/50 [Train]:  68%|██████▊   | 312/459 [00:13<00:06, 23.95it/s]
Epoch 6/50 [Train]:  69%|██████▊   | 315/459 [00:13<00:06, 23.98it/s]
Epoch 6/50 [Train]:  69%|██████▉   | 318/459 [00:13<00:05, 23.90it/s]
Epoch 6/50 [Train]:  70%|██████▉   | 321/459 [00:13<00:05, 24.16it/s]
Epoch 6/50 [Train]:  71%|███████   | 324/459 [00:13<00:05, 24.14it/s]
Epoch 6/50 [Train]:  71%|███████   | 327/459 [00:13<00:05, 24.29it/s]
Epoch 6/50 [Train]:  72%|███████▏  | 330/459 [00:13<00:05, 24.28it/s]
Epoch 6/50 [Train]:  73%|███████▎  | 333/459 [00:13<00:05, 24.20it/s]
Epoch 6/50 [Train]:  73%|███████▎  | 336/459 [00:14<00:05, 24.17it/s]
Epoch 6/50 [Train]:  74%|███████▍  | 339/459 [00:14<00:04, 24.05it/s]
Epoch 6/50 [Train]:  75%|███████▍  | 342/459 [00:14<00:04, 23.92it/s]
Epoch 6/50 [Train]:  75%|███████▌  | 345/459 [00:14<00:04, 24.06it/s]
Epoch 6/50 [Train]:  76%|███████▌  | 348/459 [00:14<00:04, 23.97it/s]
Epoch 6/50 [Train]:  76%|███████▋  | 351/459 [00:14<00:04, 24.03it/s]
Epoch 6/50 [Train]:  77%|███████▋  | 354/459 [00:14<00:04, 23.91it/s]
Epoch 6/50 [Train]:  78%|███████▊  | 357/459 [00:14<00:04, 23.78it/s]
Epoch 6/50 [Train]:  78%|███████▊  | 360/459 [00:15<00:04, 23.79it/s]
Epoch 6/50 [Train]:  79%|███████▉  | 363/459 [00:15<00:04, 23.81it/s]
Epoch 6/50 [Train]:  80%|███████▉  | 366/459 [00:15<00:03, 23.98it/s]
Epoch 6/50 [Train]:  80%|████████  | 369/459 [00:15<00:03, 24.16it/s]
Epoch 6/50 [Train]:  81%|████████  | 372/459 [00:15<00:03, 24.11it/s]
Epoch 6/50 [Train]:  82%|████████▏ | 375/459 [00:15<00:03, 24.10it/s]
Epoch 6/50 [Train]:  82%|████████▏ | 378/459 [00:15<00:03, 24.15it/s]
Epoch 6/50 [Train]:  83%|████████▎ | 381/459 [00:15<00:03, 23.99it/s]
Epoch 6/50 [Train]:  84%|████████▎ | 384/459 [00:16<00:03, 24.11it/s]
Epoch 6/50 [Train]:  84%|████████▍ | 387/459 [00:16<00:02, 24.18it/s]
Epoch 6/50 [Train]:  85%|████████▍ | 390/459 [00:16<00:02, 24.29it/s]
Epoch 6/50 [Train]:  86%|████████▌ | 393/459 [00:16<00:02, 24.31it/s]
Epoch 6/50 [Train]:  86%|████████▋ | 396/459 [00:16<00:02, 24.30it/s]
Epoch 6/50 [Train]:  87%|████████▋ | 399/459 [00:16<00:02, 24.01it/s]
Epoch 6/50 [Train]:  88%|████████▊ | 402/459 [00:16<00:02, 24.18it/s]
Epoch 6/50 [Train]:  88%|████████▊ | 405/459 [00:16<00:02, 24.18it/s]
Epoch 6/50 [Train]:  89%|████████▉ | 408/459 [00:17<00:02, 23.95it/s]
Epoch 6/50 [Train]:  90%|████████▉ | 411/459 [00:17<00:02, 23.90it/s]
Epoch 6/50 [Train]:  90%|█████████ | 414/459 [00:17<00:01, 23.81it/s]
Epoch 6/50 [Train]:  91%|█████████ | 417/459 [00:17<00:01, 23.61it/s]
Epoch 6/50 [Train]:  92%|█████████▏| 420/459 [00:17<00:01, 23.65it/s]
Epoch 6/50 [Train]:  92%|█████████▏| 423/459 [00:17<00:01, 23.88it/s]
Epoch 6/50 [Train]:  93%|█████████▎| 426/459 [00:17<00:01, 23.80it/s]
Epoch 6/50 [Train]:  93%|█████████▎| 429/459 [00:17<00:01, 23.82it/s]
Epoch 6/50 [Train]:  94%|█████████▍| 432/459 [00:18<00:01, 23.61it/s]
Epoch 6/50 [Train]:  95%|█████████▍| 435/459 [00:18<00:01, 23.79it/s]
Epoch 6/50 [Train]:  95%|█████████▌| 438/459 [00:18<00:00, 23.83it/s]
Epoch 6/50 [Train]:  96%|█████████▌| 441/459 [00:18<00:00, 24.00it/s]
Epoch 6/50 [Train]:  97%|█████████▋| 444/459 [00:18<00:00, 23.85it/s]
Epoch 6/50 [Train]:  97%|█████████▋| 447/459 [00:18<00:00, 23.85it/s]
Epoch 6/50 [Train]:  98%|█████████▊| 450/459 [00:18<00:00, 23.90it/s]
Epoch 6/50 [Train]:  99%|█████████▊| 453/459 [00:18<00:00, 23.98it/s]
Epoch 6/50 [Train]:  99%|█████████▉| 456/459 [00:19<00:00, 23.97it/s]
Epoch 6/50 [Train]: 100%|██████████| 459/459 [00:19<00:00, 23.77it/s]
                                                                     

Epoch 6/50 [Val]:   0%|          | 0/113 [00:00<?, ?it/s]
Epoch 6/50 [Val]:   2%|▏         | 2/113 [00:00<00:05, 18.73it/s]
Epoch 6/50 [Val]:   4%|▎         | 4/113 [00:00<00:05, 18.32it/s]
Epoch 6/50 [Val]:   5%|▌         | 6/113 [00:00<00:05, 18.02it/s]
Epoch 6/50 [Val]:   7%|▋         | 8/113 [00:00<00:05, 17.95it/s]
Epoch 6/50 [Val]:   9%|▉         | 10/113 [00:00<00:05, 18.33it/s]
Epoch 6/50 [Val]:  11%|█         | 12/113 [00:00<00:05, 18.28it/s]
Epoch 6/50 [Val]:  12%|█▏        | 14/113 [00:00<00:05, 18.04it/s]
Epoch 6/50 [Val]:  14%|█▍        | 16/113 [00:00<00:05, 16.85it/s]
Epoch 6/50 [Val]:  16%|█▌        | 18/113 [00:01<00:05, 16.45it/s]
Epoch 6/50 [Val]:  18%|█▊        | 20/113 [00:01<00:05, 16.23it/s]
Epoch 6/50 [Val]:  19%|█▉        | 22/113 [00:01<00:05, 16.08it/s]
Epoch 6/50 [Val]:  21%|██        | 24/113 [00:01<00:05, 15.83it/s]
Epoch 6/50 [Val]:  23%|██▎       | 26/113 [00:01<00:05, 16.11it/s]
Epoch 6/50 [Val]:  25%|██▍       | 28/113 [00:01<00:05, 16.30it/s]
Epoch 6/50 [Val]:  27%|██▋       | 30/113 [00:01<00:04, 16.68it/s]
Epoch 6/50 [Val]:  28%|██▊       | 32/113 [00:01<00:04, 16.92it/s]
Epoch 6/50 [Val]:  30%|███       | 34/113 [00:02<00:04, 17.08it/s]
Epoch 6/50 [Val]:  32%|███▏      | 36/113 [00:02<00:04, 17.49it/s]
Epoch 6/50 [Val]:  34%|███▎      | 38/113 [00:02<00:04, 17.64it/s]
Epoch 6/50 [Val]:  35%|███▌      | 40/113 [00:02<00:04, 17.76it/s]
Epoch 6/50 [Val]:  37%|███▋      | 42/113 [00:02<00:03, 17.77it/s]
Epoch 6/50 [Val]:  39%|███▉      | 44/113 [00:02<00:03, 17.65it/s]
Epoch 6/50 [Val]:  41%|████      | 46/113 [00:02<00:03, 17.41it/s]
Epoch 6/50 [Val]:  42%|████▏     | 48/113 [00:02<00:03, 17.30it/s]
Epoch 6/50 [Val]:  44%|████▍     | 50/113 [00:02<00:03, 17.58it/s]
Epoch 6/50 [Val]:  46%|████▌     | 52/113 [00:03<00:03, 17.93it/s]
Epoch 6/50 [Val]:  48%|████▊     | 54/113 [00:03<00:03, 18.30it/s]
Epoch 6/50 [Val]:  50%|████▉     | 56/113 [00:03<00:03, 18.21it/s]
Epoch 6/50 [Val]:  51%|█████▏    | 58/113 [00:03<00:03, 17.49it/s]
Epoch 6/50 [Val]:  53%|█████▎    | 60/113 [00:03<00:02, 17.73it/s]
Epoch 6/50 [Val]:  55%|█████▍    | 62/113 [00:03<00:02, 17.72it/s]
Epoch 6/50 [Val]:  57%|█████▋    | 64/113 [00:03<00:02, 17.68it/s]
Epoch 6/50 [Val]:  58%|█████▊    | 66/113 [00:03<00:02, 17.45it/s]
Epoch 6/50 [Val]:  60%|██████    | 68/113 [00:03<00:02, 17.33it/s]
Epoch 6/50 [Val]:  62%|██████▏   | 70/113 [00:04<00:02, 17.49it/s]
Epoch 6/50 [Val]:  64%|██████▎   | 72/113 [00:04<00:02, 17.69it/s]
Epoch 6/50 [Val]:  65%|██████▌   | 74/113 [00:04<00:02, 17.93it/s]
Epoch 6/50 [Val]:  67%|██████▋   | 76/113 [00:04<00:02, 18.00it/s]
Epoch 6/50 [Val]:  69%|██████▉   | 78/113 [00:04<00:01, 17.95it/s]
Epoch 6/50 [Val]:  71%|███████   | 80/113 [00:04<00:01, 17.69it/s]
Epoch 6/50 [Val]:  73%|███████▎  | 82/113 [00:04<00:01, 17.52it/s]
Epoch 6/50 [Val]:  74%|███████▍  | 84/113 [00:04<00:01, 17.66it/s]
Epoch 6/50 [Val]:  76%|███████▌  | 86/113 [00:04<00:01, 17.84it/s]
Epoch 6/50 [Val]:  78%|███████▊  | 88/113 [00:05<00:01, 17.78it/s]
Epoch 6/50 [Val]:  80%|███████▉  | 90/113 [00:05<00:01, 18.09it/s]
Epoch 6/50 [Val]:  81%|████████▏ | 92/113 [00:05<00:01, 18.32it/s]
Epoch 6/50 [Val]:  83%|████████▎ | 94/113 [00:05<00:01, 18.40it/s]
Epoch 6/50 [Val]:  85%|████████▍ | 96/113 [00:05<00:00, 18.55it/s]
Epoch 6/50 [Val]:  87%|████████▋ | 98/113 [00:05<00:00, 18.70it/s]
Epoch 6/50 [Val]:  88%|████████▊ | 100/113 [00:05<00:00, 18.45it/s]
Epoch 6/50 [Val]:  90%|█████████ | 102/113 [00:05<00:00, 17.83it/s]
Epoch 6/50 [Val]:  92%|█████████▏| 104/113 [00:05<00:00, 18.05it/s]
Epoch 6/50 [Val]:  94%|█████████▍| 106/113 [00:06<00:00, 18.02it/s]
Epoch 6/50 [Val]:  96%|█████████▌| 108/113 [00:06<00:00, 17.83it/s]
Epoch 6/50 [Val]:  97%|█████████▋| 110/113 [00:06<00:00, 17.79it/s]
Epoch 6/50 [Val]:  99%|█████████▉| 112/113 [00:06<00:00, 17.77it/s]
                                                                   

Epoch 7/50 [Train]:   0%|          | 0/459 [00:00<?, ?it/s]
Epoch 7/50 [Train]:   1%|          | 3/459 [00:00<00:20, 22.53it/s]
Epoch 7/50 [Train]:   1%|▏         | 6/459 [00:00<00:19, 23.05it/s]
Epoch 7/50 [Train]:   2%|▏         | 9/459 [00:00<00:19, 23.21it/s]
Epoch 7/50 [Train]:   3%|▎         | 12/459 [00:00<00:18, 23.55it/s]
Epoch 7/50 [Train]:   3%|▎         | 15/459 [00:00<00:18, 23.79it/s]
Epoch 7/50 [Train]:   4%|▍         | 18/459 [00:00<00:18, 23.77it/s]
Epoch 7/50 [Train]:   5%|▍         | 21/459 [00:00<00:18, 23.84it/s]
Epoch 7/50 [Train]:   5%|▌         | 24/459 [00:01<00:18, 23.94it/s]
Epoch 7/50 [Train]:   6%|▌         | 27/459 [00:01<00:17, 24.10it/s]
Epoch 7/50 [Train]:   7%|▋         | 30/459 [00:01<00:17, 24.13it/s]
Epoch 7/50 [Train]:   7%|▋         | 33/459 [00:01<00:17, 23.98it/s]
Epoch 7/50 [Train]:   8%|▊         | 36/459 [00:01<00:17, 24.04it/s]
Epoch 7/50 [Train]:   8%|▊         | 39/459 [00:01<00:17, 24.09it/s]
Epoch 7/50 [Train]:   9%|▉         | 42/459 [00:01<00:17, 23.95it/s]
Epoch 7/50 [Train]:  10%|▉         | 45/459 [00:01<00:17, 24.10it/s]
Epoch 7/50 [Train]:  10%|█         | 48/459 [00:02<00:17, 24.07it/s]
Epoch 7/50 [Train]:  11%|█         | 51/459 [00:02<00:17, 23.95it/s]
Epoch 7/50 [Train]:  12%|█▏        | 54/459 [00:02<00:16, 23.94it/s]
Epoch 7/50 [Train]:  12%|█▏        | 57/459 [00:02<00:16, 23.85it/s]
Epoch 7/50 [Train]:  13%|█▎        | 60/459 [00:02<00:16, 23.95it/s]
Epoch 7/50 [Train]:  14%|█▎        | 63/459 [00:02<00:16, 24.09it/s]
Epoch 7/50 [Train]:  14%|█▍        | 66/459 [00:02<00:16, 23.94it/s]
Epoch 7/50 [Train]:  15%|█▌        | 69/459 [00:02<00:16, 23.69it/s]
Epoch 7/50 [Train]:  16%|█▌        | 72/459 [00:03<00:16, 23.55it/s]
Epoch 7/50 [Train]:  16%|█▋        | 75/459 [00:03<00:16, 23.67it/s]
Epoch 7/50 [Train]:  17%|█▋        | 78/459 [00:03<00:15, 23.83it/s]
Epoch 7/50 [Train]:  18%|█▊        | 81/459 [00:03<00:15, 23.67it/s]
Epoch 7/50 [Train]:  18%|█▊        | 84/459 [00:03<00:15, 23.68it/s]
Epoch 7/50 [Train]:  19%|█▉        | 87/459 [00:03<00:15, 23.79it/s]
Epoch 7/50 [Train]:  20%|█▉        | 90/459 [00:03<00:15, 23.85it/s]
Epoch 7/50 [Train]:  20%|██        | 93/459 [00:03<00:15, 23.78it/s]
Epoch 7/50 [Train]:  21%|██        | 96/459 [00:04<00:15, 23.65it/s]
Epoch 7/50 [Train]:  22%|██▏       | 99/459 [00:04<00:15, 23.64it/s]
Epoch 7/50 [Train]:  22%|██▏       | 102/459 [00:04<00:15, 23.74it/s]
Epoch 7/50 [Train]:  23%|██▎       | 105/459 [00:04<00:14, 23.70it/s]
Epoch 7/50 [Train]:  24%|██▎       | 108/459 [00:04<00:14, 23.65it/s]
Epoch 7/50 [Train]:  24%|██▍       | 111/459 [00:04<00:14, 23.70it/s]
Epoch 7/50 [Train]:  25%|██▍       | 114/459 [00:04<00:14, 23.57it/s]
Epoch 7/50 [Train]:  25%|██▌       | 117/459 [00:04<00:14, 23.75it/s]
Epoch 7/50 [Train]:  26%|██▌       | 120/459 [00:05<00:14, 23.65it/s]
Epoch 7/50 [Train]:  27%|██▋       | 123/459 [00:05<00:14, 23.61it/s]
Epoch 7/50 [Train]:  27%|██▋       | 126/459 [00:05<00:14, 23.71it/s]
Epoch 7/50 [Train]:  28%|██▊       | 129/459 [00:05<00:13, 23.93it/s]
Epoch 7/50 [Train]:  29%|██▉       | 132/459 [00:05<00:13, 23.92it/s]
Epoch 7/50 [Train]:  29%|██▉       | 135/459 [00:05<00:13, 24.01it/s]
Epoch 7/50 [Train]:  30%|███       | 138/459 [00:05<00:13, 24.06it/s]
Epoch 7/50 [Train]:  31%|███       | 141/459 [00:05<00:13, 24.02it/s]
Epoch 7/50 [Train]:  31%|███▏      | 144/459 [00:06<00:13, 23.81it/s]
Epoch 7/50 [Train]:  32%|███▏      | 147/459 [00:06<00:13, 23.84it/s]
Epoch 7/50 [Train]:  33%|███▎      | 150/459 [00:06<00:12, 24.00it/s]
Epoch 7/50 [Train]:  33%|███▎      | 153/459 [00:06<00:12, 23.88it/s]
Epoch 7/50 [Train]:  34%|███▍      | 156/459 [00:06<00:12, 23.77it/s]
Epoch 7/50 [Train]:  35%|███▍      | 159/459 [00:06<00:12, 23.81it/s]
Epoch 7/50 [Train]:  35%|███▌      | 162/459 [00:06<00:12, 23.70it/s]
Epoch 7/50 [Train]:  36%|███▌      | 165/459 [00:06<00:12, 23.73it/s]
Epoch 7/50 [Train]:  37%|███▋      | 168/459 [00:07<00:12, 23.63it/s]
Epoch 7/50 [Train]:  37%|███▋      | 171/459 [00:07<00:12, 23.74it/s]
Epoch 7/50 [Train]:  38%|███▊      | 174/459 [00:07<00:11, 23.78it/s]
Epoch 7/50 [Train]:  39%|███▊      | 177/459 [00:07<00:11, 23.85it/s]
Epoch 7/50 [Train]:  39%|███▉      | 180/459 [00:07<00:11, 23.98it/s]
Epoch 7/50 [Train]:  40%|███▉      | 183/459 [00:07<00:11, 23.89it/s]
Epoch 7/50 [Train]:  41%|████      | 186/459 [00:07<00:11, 24.04it/s]
Epoch 7/50 [Train]:  41%|████      | 189/459 [00:07<00:11, 24.02it/s]
Epoch 7/50 [Train]:  42%|████▏     | 192/459 [00:08<00:11, 24.04it/s]
Epoch 7/50 [Train]:  42%|████▏     | 195/459 [00:08<00:11, 23.89it/s]
Epoch 7/50 [Train]:  43%|████▎     | 198/459 [00:08<00:10, 24.01it/s]
Epoch 7/50 [Train]:  44%|████▍     | 201/459 [00:08<00:10, 23.89it/s]
Epoch 7/50 [Train]:  44%|████▍     | 204/459 [00:08<00:10, 23.98it/s]
Epoch 7/50 [Train]:  45%|████▌     | 207/459 [00:08<00:10, 23.94it/s]
Epoch 7/50 [Train]:  46%|████▌     | 210/459 [00:08<00:10, 23.96it/s]
Epoch 7/50 [Train]:  46%|████▋     | 213/459 [00:08<00:10, 24.09it/s]
Epoch 7/50 [Train]:  47%|████▋     | 216/459 [00:09<00:10, 24.04it/s]
Epoch 7/50 [Train]:  48%|████▊     | 219/459 [00:09<00:10, 23.97it/s]
Epoch 7/50 [Train]:  48%|████▊     | 222/459 [00:09<00:09, 23.91it/s]
Epoch 7/50 [Train]:  49%|████▉     | 225/459 [00:09<00:09, 24.05it/s]
Epoch 7/50 [Train]:  50%|████▉     | 228/459 [00:09<00:09, 24.18it/s]
Epoch 7/50 [Train]:  50%|█████     | 231/459 [00:09<00:09, 24.24it/s]
Epoch 7/50 [Train]:  51%|█████     | 234/459 [00:09<00:09, 24.23it/s]
Epoch 7/50 [Train]:  52%|█████▏    | 237/459 [00:09<00:09, 24.33it/s]
Epoch 7/50 [Train]:  52%|█████▏    | 240/459 [00:10<00:09, 24.31it/s]
Epoch 7/50 [Train]:  53%|█████▎    | 243/459 [00:10<00:08, 24.17it/s]
Epoch 7/50 [Train]:  54%|█████▎    | 246/459 [00:10<00:08, 23.78it/s]
Epoch 7/50 [Train]:  54%|█████▍    | 249/459 [00:10<00:08, 23.90it/s]
Epoch 7/50 [Train]:  55%|█████▍    | 252/459 [00:10<00:08, 23.96it/s]
Epoch 7/50 [Train]:  56%|█████▌    | 255/459 [00:10<00:08, 23.90it/s]
Epoch 7/50 [Train]:  56%|█████▌    | 258/459 [00:10<00:08, 23.59it/s]
Epoch 7/50 [Train]:  57%|█████▋    | 261/459 [00:10<00:08, 23.88it/s]
Epoch 7/50 [Train]:  58%|█████▊    | 264/459 [00:11<00:08, 24.14it/s]
Epoch 7/50 [Train]:  58%|█████▊    | 267/459 [00:11<00:07, 24.09it/s]
Epoch 7/50 [Train]:  59%|█████▉    | 270/459 [00:11<00:07, 24.22it/s]
Epoch 7/50 [Train]:  59%|█████▉    | 273/459 [00:11<00:07, 24.04it/s]
Epoch 7/50 [Train]:  60%|██████    | 276/459 [00:11<00:07, 23.97it/s]
Epoch 7/50 [Train]:  61%|██████    | 279/459 [00:11<00:07, 24.12it/s]
Epoch 7/50 [Train]:  61%|██████▏   | 282/459 [00:11<00:07, 24.14it/s]
Epoch 7/50 [Train]:  62%|██████▏   | 285/459 [00:11<00:07, 23.96it/s]
Epoch 7/50 [Train]:  63%|██████▎   | 288/459 [00:12<00:07, 23.75it/s]
Epoch 7/50 [Train]:  63%|██████▎   | 291/459 [00:12<00:07, 23.83it/s]
Epoch 7/50 [Train]:  64%|██████▍   | 294/459 [00:12<00:06, 24.01it/s]
Epoch 7/50 [Train]:  65%|██████▍   | 297/459 [00:12<00:06, 24.01it/s]
Epoch 7/50 [Train]:  65%|██████▌   | 300/459 [00:12<00:06, 24.09it/s]
Epoch 7/50 [Train]:  66%|██████▌   | 303/459 [00:12<00:06, 24.17it/s]
Epoch 7/50 [Train]:  67%|██████▋   | 306/459 [00:12<00:06, 24.23it/s]
Epoch 7/50 [Train]:  67%|██████▋   | 309/459 [00:12<00:06, 24.16it/s]
Epoch 7/50 [Train]:  68%|██████▊   | 312/459 [00:13<00:06, 24.01it/s]
Epoch 7/50 [Train]:  69%|██████▊   | 315/459 [00:13<00:05, 24.13it/s]
Epoch 7/50 [Train]:  69%|██████▉   | 318/459 [00:13<00:06, 22.92it/s]
Epoch 7/50 [Train]:  70%|██████▉   | 321/459 [00:13<00:06, 22.58it/s]
Epoch 7/50 [Train]:  71%|███████   | 324/459 [00:13<00:05, 22.77it/s]
Epoch 7/50 [Train]:  71%|███████   | 327/459 [00:13<00:05, 22.95it/s]
Epoch 7/50 [Train]:  72%|███████▏  | 330/459 [00:13<00:05, 22.93it/s]
Epoch 7/50 [Train]:  73%|███████▎  | 333/459 [00:13<00:05, 22.92it/s]
Epoch 7/50 [Train]:  73%|███████▎  | 336/459 [00:14<00:05, 23.13it/s]
Epoch 7/50 [Train]:  74%|███████▍  | 339/459 [00:14<00:05, 22.74it/s]
Epoch 7/50 [Train]:  75%|███████▍  | 342/459 [00:14<00:05, 22.94it/s]
Epoch 7/50 [Train]:  75%|███████▌  | 345/459 [00:14<00:04, 23.09it/s]
Epoch 7/50 [Train]:  76%|███████▌  | 348/459 [00:14<00:04, 23.38it/s]
Epoch 7/50 [Train]:  76%|███████▋  | 351/459 [00:14<00:04, 23.36it/s]
Epoch 7/50 [Train]:  77%|███████▋  | 354/459 [00:14<00:04, 23.33it/s]
Epoch 7/50 [Train]:  78%|███████▊  | 357/459 [00:15<00:04, 23.61it/s]
Epoch 7/50 [Train]:  78%|███████▊  | 360/459 [00:15<00:04, 23.64it/s]
Epoch 7/50 [Train]:  79%|███████▉  | 363/459 [00:15<00:04, 23.71it/s]
Epoch 7/50 [Train]:  80%|███████▉  | 366/459 [00:15<00:03, 23.70it/s]
Epoch 7/50 [Train]:  80%|████████  | 369/459 [00:15<00:03, 23.82it/s]
Epoch 7/50 [Train]:  81%|████████  | 372/459 [00:15<00:03, 23.83it/s]
Epoch 7/50 [Train]:  82%|████████▏ | 375/459 [00:15<00:03, 23.96it/s]
Epoch 7/50 [Train]:  82%|████████▏ | 378/459 [00:15<00:03, 24.01it/s]
Epoch 7/50 [Train]:  83%|████████▎ | 381/459 [00:16<00:03, 24.04it/s]
Epoch 7/50 [Train]:  84%|████████▎ | 384/459 [00:16<00:03, 24.08it/s]
Epoch 7/50 [Train]:  84%|████████▍ | 387/459 [00:16<00:02, 24.17it/s]
Epoch 7/50 [Train]:  85%|████████▍ | 390/459 [00:16<00:02, 24.17it/s]
Epoch 7/50 [Train]:  86%|████████▌ | 393/459 [00:16<00:02, 24.03it/s]
Epoch 7/50 [Train]:  86%|████████▋ | 396/459 [00:16<00:02, 24.10it/s]
Epoch 7/50 [Train]:  87%|████████▋ | 399/459 [00:16<00:02, 24.24it/s]
Epoch 7/50 [Train]:  88%|████████▊ | 402/459 [00:16<00:02, 24.23it/s]
Epoch 7/50 [Train]:  88%|████████▊ | 405/459 [00:16<00:02, 24.04it/s]
Epoch 7/50 [Train]:  89%|████████▉ | 408/459 [00:17<00:02, 24.11it/s]
Epoch 7/50 [Train]:  90%|████████▉ | 411/459 [00:17<00:02, 23.99it/s]
Epoch 7/50 [Train]:  90%|█████████ | 414/459 [00:17<00:01, 24.01it/s]
Epoch 7/50 [Train]:  91%|█████████ | 417/459 [00:17<00:01, 24.03it/s]
Epoch 7/50 [Train]:  92%|█████████▏| 420/459 [00:17<00:01, 24.00it/s]
Epoch 7/50 [Train]:  92%|█████████▏| 423/459 [00:17<00:01, 23.88it/s]
Epoch 7/50 [Train]:  93%|█████████▎| 426/459 [00:17<00:01, 23.86it/s]
Epoch 7/50 [Train]:  93%|█████████▎| 429/459 [00:18<00:01, 24.00it/s]
Epoch 7/50 [Train]:  94%|█████████▍| 432/459 [00:18<00:01, 23.86it/s]
Epoch 7/50 [Train]:  95%|█████████▍| 435/459 [00:18<00:01, 23.87it/s]
Epoch 7/50 [Train]:  95%|█████████▌| 438/459 [00:18<00:00, 23.77it/s]
Epoch 7/50 [Train]:  96%|█████████▌| 441/459 [00:18<00:00, 23.97it/s]
Epoch 7/50 [Train]:  97%|█████████▋| 444/459 [00:18<00:00, 24.00it/s]
Epoch 7/50 [Train]:  97%|█████████▋| 447/459 [00:18<00:00, 24.06it/s]
Epoch 7/50 [Train]:  98%|█████████▊| 450/459 [00:18<00:00, 24.04it/s]
Epoch 7/50 [Train]:  99%|█████████▊| 453/459 [00:19<00:00, 24.08it/s]
Epoch 7/50 [Train]:  99%|█████████▉| 456/459 [00:19<00:00, 23.93it/s]
Epoch 7/50 [Train]: 100%|██████████| 459/459 [00:19<00:00, 24.03it/s]
                                                                     

Epoch 7/50 [Val]:   0%|          | 0/113 [00:00<?, ?it/s]
Epoch 7/50 [Val]:   2%|▏         | 2/113 [00:00<00:06, 17.71it/s]
Epoch 7/50 [Val]:   4%|▎         | 4/113 [00:00<00:06, 17.84it/s]
Epoch 7/50 [Val]:   5%|▌         | 6/113 [00:00<00:06, 17.66it/s]
Epoch 7/50 [Val]:   7%|▋         | 8/113 [00:00<00:05, 17.86it/s]
Epoch 7/50 [Val]:   9%|▉         | 10/113 [00:00<00:05, 18.27it/s]
Epoch 7/50 [Val]:  11%|█         | 12/113 [00:00<00:05, 18.24it/s]
Epoch 7/50 [Val]:  12%|█▏        | 14/113 [00:00<00:05, 18.06it/s]
Epoch 7/50 [Val]:  14%|█▍        | 16/113 [00:00<00:05, 17.18it/s]
Epoch 7/50 [Val]:  16%|█▌        | 18/113 [00:01<00:05, 16.70it/s]
Epoch 7/50 [Val]:  18%|█▊        | 20/113 [00:01<00:05, 16.48it/s]
Epoch 7/50 [Val]:  19%|█▉        | 22/113 [00:01<00:05, 16.19it/s]
Epoch 7/50 [Val]:  21%|██        | 24/113 [00:01<00:05, 16.11it/s]
Epoch 7/50 [Val]:  23%|██▎       | 26/113 [00:01<00:05, 16.32it/s]
Epoch 7/50 [Val]:  25%|██▍       | 28/113 [00:01<00:05, 16.50it/s]
Epoch 7/50 [Val]:  27%|██▋       | 30/113 [00:01<00:04, 16.82it/s]
Epoch 7/50 [Val]:  28%|██▊       | 32/113 [00:01<00:04, 16.99it/s]
Epoch 7/50 [Val]:  30%|███       | 34/113 [00:01<00:04, 17.17it/s]
Epoch 7/50 [Val]:  32%|███▏      | 36/113 [00:02<00:04, 17.61it/s]
Epoch 7/50 [Val]:  34%|███▎      | 38/113 [00:02<00:04, 17.75it/s]
Epoch 7/50 [Val]:  35%|███▌      | 40/113 [00:02<00:04, 17.78it/s]
Epoch 7/50 [Val]:  37%|███▋      | 42/113 [00:02<00:03, 17.80it/s]
Epoch 7/50 [Val]:  39%|███▉      | 44/113 [00:02<00:03, 17.58it/s]
Epoch 7/50 [Val]:  41%|████      | 46/113 [00:02<00:03, 17.40it/s]
Epoch 7/50 [Val]:  42%|████▏     | 48/113 [00:02<00:03, 17.37it/s]
Epoch 7/50 [Val]:  44%|████▍     | 50/113 [00:02<00:03, 17.54it/s]
Epoch 7/50 [Val]:  46%|████▌     | 52/113 [00:02<00:03, 17.97it/s]
Epoch 7/50 [Val]:  48%|████▊     | 54/113 [00:03<00:03, 18.26it/s]
Epoch 7/50 [Val]:  50%|████▉     | 56/113 [00:03<00:03, 18.19it/s]
Epoch 7/50 [Val]:  51%|█████▏    | 58/113 [00:03<00:03, 17.56it/s]
Epoch 7/50 [Val]:  53%|█████▎    | 60/113 [00:03<00:02, 17.98it/s]
Epoch 7/50 [Val]:  55%|█████▍    | 62/113 [00:03<00:02, 17.89it/s]
Epoch 7/50 [Val]:  57%|█████▋    | 64/113 [00:03<00:02, 17.93it/s]
Epoch 7/50 [Val]:  58%|█████▊    | 66/113 [00:03<00:02, 17.49it/s]
Epoch 7/50 [Val]:  60%|██████    | 68/113 [00:03<00:02, 17.27it/s]
Epoch 7/50 [Val]:  62%|██████▏   | 70/113 [00:04<00:02, 17.50it/s]
Epoch 7/50 [Val]:  64%|██████▎   | 72/113 [00:04<00:02, 17.75it/s]
Epoch 7/50 [Val]:  65%|██████▌   | 74/113 [00:04<00:02, 18.02it/s]
Epoch 7/50 [Val]:  67%|██████▋   | 76/113 [00:04<00:02, 18.06it/s]
Epoch 7/50 [Val]:  69%|██████▉   | 78/113 [00:04<00:01, 18.08it/s]
Epoch 7/50 [Val]:  71%|███████   | 80/113 [00:04<00:01, 17.87it/s]
Epoch 7/50 [Val]:  73%|███████▎  | 82/113 [00:04<00:01, 17.72it/s]
Epoch 7/50 [Val]:  74%|███████▍  | 84/113 [00:04<00:01, 17.90it/s]
Epoch 7/50 [Val]:  76%|███████▌  | 86/113 [00:04<00:01, 17.93it/s]
Epoch 7/50 [Val]:  78%|███████▊  | 88/113 [00:05<00:01, 17.86it/s]
Epoch 7/50 [Val]:  80%|███████▉  | 90/113 [00:05<00:01, 17.96it/s]
Epoch 7/50 [Val]:  81%|████████▏ | 92/113 [00:05<00:01, 17.98it/s]
Epoch 7/50 [Val]:  83%|████████▎ | 94/113 [00:05<00:01, 17.97it/s]
Epoch 7/50 [Val]:  85%|████████▍ | 96/113 [00:05<00:00, 18.13it/s]
Epoch 7/50 [Val]:  87%|████████▋ | 98/113 [00:05<00:00, 18.00it/s]
Epoch 7/50 [Val]:  88%|████████▊ | 100/113 [00:05<00:00, 17.49it/s]
Epoch 7/50 [Val]:  90%|█████████ | 102/113 [00:05<00:00, 17.11it/s]
Epoch 7/50 [Val]:  92%|█████████▏| 104/113 [00:05<00:00, 17.42it/s]
Epoch 7/50 [Val]:  94%|█████████▍| 106/113 [00:06<00:00, 17.27it/s]
Epoch 7/50 [Val]:  96%|█████████▌| 108/113 [00:06<00:00, 17.48it/s]
Epoch 7/50 [Val]:  97%|█████████▋| 110/113 [00:06<00:00, 17.95it/s]
Epoch 7/50 [Val]:  99%|█████████▉| 112/113 [00:06<00:00, 18.19it/s]
                                                                   

Epoch 8/50 [Train]:   0%|          | 0/459 [00:00<?, ?it/s]
Epoch 8/50 [Train]:   1%|          | 3/459 [00:00<00:19, 23.02it/s]
Epoch 8/50 [Train]:   1%|▏         | 6/459 [00:00<00:19, 22.92it/s]
Epoch 8/50 [Train]:   2%|▏         | 9/459 [00:00<00:19, 23.51it/s]
Epoch 8/50 [Train]:   3%|▎         | 12/459 [00:00<00:19, 23.48it/s]
Epoch 8/50 [Train]:   3%|▎         | 15/459 [00:00<00:19, 23.28it/s]
Epoch 8/50 [Train]:   4%|▍         | 18/459 [00:00<00:18, 23.49it/s]
Epoch 8/50 [Train]:   5%|▍         | 21/459 [00:00<00:18, 23.33it/s]
Epoch 8/50 [Train]:   5%|▌         | 24/459 [00:01<00:18, 23.59it/s]
Epoch 8/50 [Train]:   6%|▌         | 27/459 [00:01<00:18, 23.54it/s]
Epoch 8/50 [Train]:   7%|▋         | 30/459 [00:01<00:18, 23.82it/s]
Epoch 8/50 [Train]:   7%|▋         | 33/459 [00:01<00:17, 23.78it/s]
Epoch 8/50 [Train]:   8%|▊         | 36/459 [00:01<00:17, 23.79it/s]
Epoch 8/50 [Train]:   8%|▊         | 39/459 [00:01<00:17, 23.83it/s]
Epoch 8/50 [Train]:   9%|▉         | 42/459 [00:01<00:17, 23.88it/s]
Epoch 8/50 [Train]:  10%|▉         | 45/459 [00:01<00:17, 23.99it/s]
Epoch 8/50 [Train]:  10%|█         | 48/459 [00:02<00:17, 23.88it/s]
Epoch 8/50 [Train]:  11%|█         | 51/459 [00:02<00:17, 23.47it/s]
Epoch 8/50 [Train]:  12%|█▏        | 54/459 [00:02<00:17, 23.73it/s]
Epoch 8/50 [Train]:  12%|█▏        | 57/459 [00:02<00:16, 23.66it/s]
Epoch 8/50 [Train]:  13%|█▎        | 60/459 [00:02<00:16, 23.64it/s]
Epoch 8/50 [Train]:  14%|█▎        | 63/459 [00:02<00:16, 23.54it/s]
Epoch 8/50 [Train]:  14%|█▍        | 66/459 [00:02<00:16, 23.70it/s]
Epoch 8/50 [Train]:  15%|█▌        | 69/459 [00:02<00:16, 23.95it/s]
Epoch 8/50 [Train]:  16%|█▌        | 72/459 [00:03<00:16, 23.62it/s]
Epoch 8/50 [Train]:  16%|█▋        | 75/459 [00:03<00:16, 23.62it/s]
Epoch 8/50 [Train]:  17%|█▋        | 78/459 [00:03<00:16, 23.57it/s]
Epoch 8/50 [Train]:  18%|█▊        | 81/459 [00:03<00:16, 23.44it/s]
Epoch 8/50 [Train]:  18%|█▊        | 84/459 [00:03<00:15, 23.63it/s]
Epoch 8/50 [Train]:  19%|█▉        | 87/459 [00:03<00:15, 23.87it/s]
Epoch 8/50 [Train]:  20%|█▉        | 90/459 [00:03<00:15, 24.07it/s]
Epoch 8/50 [Train]:  20%|██        | 93/459 [00:03<00:15, 23.87it/s]
Epoch 8/50 [Train]:  21%|██        | 96/459 [00:04<00:15, 23.51it/s]
Epoch 8/50 [Train]:  22%|██▏       | 99/459 [00:04<00:15, 23.60it/s]
Epoch 8/50 [Train]:  22%|██▏       | 102/459 [00:04<00:15, 23.64it/s]
Epoch 8/50 [Train]:  23%|██▎       | 105/459 [00:04<00:15, 23.54it/s]
Epoch 8/50 [Train]:  24%|██▎       | 108/459 [00:04<00:14, 23.58it/s]
Epoch 8/50 [Train]:  24%|██▍       | 111/459 [00:04<00:14, 23.71it/s]
Epoch 8/50 [Train]:  25%|██▍       | 114/459 [00:04<00:14, 23.59it/s]
Epoch 8/50 [Train]:  25%|██▌       | 117/459 [00:04<00:14, 23.67it/s]
Epoch 8/50 [Train]:  26%|██▌       | 120/459 [00:05<00:14, 23.93it/s]
Epoch 8/50 [Train]:  27%|██▋       | 123/459 [00:05<00:14, 23.73it/s]
Epoch 8/50 [Train]:  27%|██▋       | 126/459 [00:05<00:13, 23.80it/s]
Epoch 8/50 [Train]:  28%|██▊       | 129/459 [00:05<00:13, 24.02it/s]
Epoch 8/50 [Train]:  29%|██▉       | 132/459 [00:05<00:13, 24.15it/s]
Epoch 8/50 [Train]:  29%|██▉       | 135/459 [00:05<00:13, 24.20it/s]
Epoch 8/50 [Train]:  30%|███       | 138/459 [00:05<00:13, 24.19it/s]
Epoch 8/50 [Train]:  31%|███       | 141/459 [00:05<00:13, 24.31it/s]
Epoch 8/50 [Train]:  31%|███▏      | 144/459 [00:06<00:13, 24.15it/s]
Epoch 8/50 [Train]:  32%|███▏      | 147/459 [00:06<00:12, 24.16it/s]
Epoch 8/50 [Train]:  33%|███▎      | 150/459 [00:06<00:12, 24.06it/s]
Epoch 8/50 [Train]:  33%|███▎      | 153/459 [00:06<00:12, 23.89it/s]
Epoch 8/50 [Train]:  34%|███▍      | 156/459 [00:06<00:12, 23.97it/s]
Epoch 8/50 [Train]:  35%|███▍      | 159/459 [00:06<00:12, 23.88it/s]
Epoch 8/50 [Train]:  35%|███▌      | 162/459 [00:06<00:12, 24.02it/s]
Epoch 8/50 [Train]:  36%|███▌      | 165/459 [00:06<00:12, 24.01it/s]
Epoch 8/50 [Train]:  37%|███▋      | 168/459 [00:07<00:12, 24.12it/s]
Epoch 8/50 [Train]:  37%|███▋      | 171/459 [00:07<00:12, 23.91it/s]
Epoch 8/50 [Train]:  38%|███▊      | 174/459 [00:07<00:11, 23.82it/s]
Epoch 8/50 [Train]:  39%|███▊      | 177/459 [00:07<00:11, 23.91it/s]
Epoch 8/50 [Train]:  39%|███▉      | 180/459 [00:07<00:11, 23.94it/s]
Epoch 8/50 [Train]:  40%|███▉      | 183/459 [00:07<00:11, 24.06it/s]
Epoch 8/50 [Train]:  41%|████      | 186/459 [00:07<00:11, 24.06it/s]
Epoch 8/50 [Train]:  41%|████      | 189/459 [00:07<00:11, 24.12it/s]
Epoch 8/50 [Train]:  42%|████▏     | 192/459 [00:08<00:11, 23.96it/s]
Epoch 8/50 [Train]:  42%|████▏     | 195/459 [00:08<00:10, 24.09it/s]
Epoch 8/50 [Train]:  43%|████▎     | 198/459 [00:08<00:10, 24.00it/s]
Epoch 8/50 [Train]:  44%|████▍     | 201/459 [00:08<00:10, 23.96it/s]
Epoch 8/50 [Train]:  44%|████▍     | 204/459 [00:08<00:10, 24.09it/s]
Epoch 8/50 [Train]:  45%|████▌     | 207/459 [00:08<00:10, 24.09it/s]
Epoch 8/50 [Train]:  46%|████▌     | 210/459 [00:08<00:10, 24.00it/s]
Epoch 8/50 [Train]:  46%|████▋     | 213/459 [00:08<00:10, 24.11it/s]
Epoch 8/50 [Train]:  47%|████▋     | 216/459 [00:09<00:10, 24.02it/s]
Epoch 8/50 [Train]:  48%|████▊     | 219/459 [00:09<00:09, 24.19it/s]
Epoch 8/50 [Train]:  48%|████▊     | 222/459 [00:09<00:09, 24.16it/s]
Epoch 8/50 [Train]:  49%|████▉     | 225/459 [00:09<00:09, 24.08it/s]
Epoch 8/50 [Train]:  50%|████▉     | 228/459 [00:09<00:09, 23.95it/s]
Epoch 8/50 [Train]:  50%|█████     | 231/459 [00:09<00:09, 23.88it/s]
Epoch 8/50 [Train]:  51%|█████     | 234/459 [00:09<00:09, 23.97it/s]
Epoch 8/50 [Train]:  52%|█████▏    | 237/459 [00:09<00:09, 23.93it/s]
Epoch 8/50 [Train]:  52%|█████▏    | 240/459 [00:10<00:09, 23.90it/s]
Epoch 8/50 [Train]:  53%|█████▎    | 243/459 [00:10<00:09, 23.81it/s]
Epoch 8/50 [Train]:  54%|█████▎    | 246/459 [00:10<00:08, 23.92it/s]
Epoch 8/50 [Train]:  54%|█████▍    | 249/459 [00:10<00:08, 24.00it/s]
Epoch 8/50 [Train]:  55%|█████▍    | 252/459 [00:10<00:08, 23.88it/s]
Epoch 8/50 [Train]:  56%|█████▌    | 255/459 [00:10<00:08, 23.98it/s]
Epoch 8/50 [Train]:  56%|█████▌    | 258/459 [00:10<00:08, 23.98it/s]
Epoch 8/50 [Train]:  57%|█████▋    | 261/459 [00:10<00:08, 23.98it/s]
Epoch 8/50 [Train]:  58%|█████▊    | 264/459 [00:11<00:08, 23.99it/s]
Epoch 8/50 [Train]:  58%|█████▊    | 267/459 [00:11<00:08, 23.87it/s]
Epoch 8/50 [Train]:  59%|█████▉    | 270/459 [00:11<00:07, 23.94it/s]
Epoch 8/50 [Train]:  59%|█████▉    | 273/459 [00:11<00:07, 24.12it/s]
Epoch 8/50 [Train]:  60%|██████    | 276/459 [00:11<00:07, 23.91it/s]
Epoch 8/50 [Train]:  61%|██████    | 279/459 [00:11<00:07, 24.01it/s]
Epoch 8/50 [Train]:  61%|██████▏   | 282/459 [00:11<00:07, 24.03it/s]
Epoch 8/50 [Train]:  62%|██████▏   | 285/459 [00:11<00:07, 23.93it/s]
Epoch 8/50 [Train]:  63%|██████▎   | 288/459 [00:12<00:07, 23.83it/s]
Epoch 8/50 [Train]:  63%|██████▎   | 291/459 [00:12<00:07, 23.77it/s]
Epoch 8/50 [Train]:  64%|██████▍   | 294/459 [00:12<00:06, 23.81it/s]
Epoch 8/50 [Train]:  65%|██████▍   | 297/459 [00:12<00:06, 23.69it/s]
Epoch 8/50 [Train]:  65%|██████▌   | 300/459 [00:12<00:06, 23.75it/s]
Epoch 8/50 [Train]:  66%|██████▌   | 303/459 [00:12<00:06, 23.82it/s]
Epoch 8/50 [Train]:  67%|██████▋   | 306/459 [00:12<00:06, 23.87it/s]
Epoch 8/50 [Train]:  67%|██████▋   | 309/459 [00:12<00:06, 23.92it/s]
Epoch 8/50 [Train]:  68%|██████▊   | 312/459 [00:13<00:06, 24.06it/s]
Epoch 8/50 [Train]:  69%|██████▊   | 315/459 [00:13<00:05, 24.04it/s]
Epoch 8/50 [Train]:  69%|██████▉   | 318/459 [00:13<00:05, 24.17it/s]
Epoch 8/50 [Train]:  70%|██████▉   | 321/459 [00:13<00:05, 23.94it/s]
Epoch 8/50 [Train]:  71%|███████   | 324/459 [00:13<00:05, 23.72it/s]
Epoch 8/50 [Train]:  71%|███████   | 327/459 [00:13<00:05, 23.92it/s]
Epoch 8/50 [Train]:  72%|███████▏  | 330/459 [00:13<00:05, 24.03it/s]
Epoch 8/50 [Train]:  73%|███████▎  | 333/459 [00:13<00:05, 24.02it/s]
Epoch 8/50 [Train]:  73%|███████▎  | 336/459 [00:14<00:05, 24.01it/s]
Epoch 8/50 [Train]:  74%|███████▍  | 339/459 [00:14<00:05, 23.84it/s]
Epoch 8/50 [Train]:  75%|███████▍  | 342/459 [00:14<00:04, 23.95it/s]
Epoch 8/50 [Train]:  75%|███████▌  | 345/459 [00:14<00:04, 23.82it/s]
Epoch 8/50 [Train]:  76%|███████▌  | 348/459 [00:14<00:04, 23.84it/s]
Epoch 8/50 [Train]:  76%|███████▋  | 351/459 [00:14<00:04, 23.95it/s]
Epoch 8/50 [Train]:  77%|███████▋  | 354/459 [00:14<00:04, 24.07it/s]
Epoch 8/50 [Train]:  78%|███████▊  | 357/459 [00:14<00:04, 24.12it/s]
Epoch 8/50 [Train]:  78%|███████▊  | 360/459 [00:15<00:04, 23.99it/s]
Epoch 8/50 [Train]:  79%|███████▉  | 363/459 [00:15<00:04, 24.00it/s]
Epoch 8/50 [Train]:  80%|███████▉  | 366/459 [00:15<00:03, 23.97it/s]
Epoch 8/50 [Train]:  80%|████████  | 369/459 [00:15<00:03, 24.00it/s]
Epoch 8/50 [Train]:  81%|████████  | 372/459 [00:15<00:03, 24.02it/s]
Epoch 8/50 [Train]:  82%|████████▏ | 375/459 [00:15<00:03, 24.00it/s]
Epoch 8/50 [Train]:  82%|████████▏ | 378/459 [00:15<00:03, 23.86it/s]
Epoch 8/50 [Train]:  83%|████████▎ | 381/459 [00:15<00:03, 23.80it/s]
Epoch 8/50 [Train]:  84%|████████▎ | 384/459 [00:16<00:03, 23.68it/s]
Epoch 8/50 [Train]:  84%|████████▍ | 387/459 [00:16<00:03, 23.66it/s]
Epoch 8/50 [Train]:  85%|████████▍ | 390/459 [00:16<00:02, 23.60it/s]
Epoch 8/50 [Train]:  86%|████████▌ | 393/459 [00:16<00:02, 23.47it/s]
Epoch 8/50 [Train]:  86%|████████▋ | 396/459 [00:16<00:02, 23.71it/s]
Epoch 8/50 [Train]:  87%|████████▋ | 399/459 [00:16<00:02, 23.80it/s]
Epoch 8/50 [Train]:  88%|████████▊ | 402/459 [00:16<00:02, 23.80it/s]
Epoch 8/50 [Train]:  88%|████████▊ | 405/459 [00:16<00:02, 23.82it/s]
Epoch 8/50 [Train]:  89%|████████▉ | 408/459 [00:17<00:02, 23.93it/s]
Epoch 8/50 [Train]:  90%|████████▉ | 411/459 [00:17<00:02, 23.90it/s]
Epoch 8/50 [Train]:  90%|█████████ | 414/459 [00:17<00:01, 23.81it/s]
Epoch 8/50 [Train]:  91%|█████████ | 417/459 [00:17<00:01, 23.87it/s]
Epoch 8/50 [Train]:  92%|█████████▏| 420/459 [00:17<00:01, 24.04it/s]
Epoch 8/50 [Train]:  92%|█████████▏| 423/459 [00:17<00:01, 24.03it/s]
Epoch 8/50 [Train]:  93%|█████████▎| 426/459 [00:17<00:01, 24.05it/s]
Epoch 8/50 [Train]:  93%|█████████▎| 429/459 [00:17<00:01, 24.04it/s]
Epoch 8/50 [Train]:  94%|█████████▍| 432/459 [00:18<00:01, 24.02it/s]
Epoch 8/50 [Train]:  95%|█████████▍| 435/459 [00:18<00:00, 24.03it/s]
Epoch 8/50 [Train]:  95%|█████████▌| 438/459 [00:18<00:00, 24.02it/s]
Epoch 8/50 [Train]:  96%|█████████▌| 441/459 [00:18<00:00, 24.01it/s]
Epoch 8/50 [Train]:  97%|█████████▋| 444/459 [00:18<00:00, 24.10it/s]
Epoch 8/50 [Train]:  97%|█████████▋| 447/459 [00:18<00:00, 24.07it/s]
Epoch 8/50 [Train]:  98%|█████████▊| 450/459 [00:18<00:00, 23.86it/s]
Epoch 8/50 [Train]:  99%|█████████▊| 453/459 [00:18<00:00, 23.78it/s]
Epoch 8/50 [Train]:  99%|█████████▉| 456/459 [00:19<00:00, 23.79it/s]
Epoch 8/50 [Train]: 100%|██████████| 459/459 [00:19<00:00, 23.79it/s]
                                                                     

Epoch 8/50 [Val]:   0%|          | 0/113 [00:00<?, ?it/s]
Epoch 8/50 [Val]:   2%|▏         | 2/113 [00:00<00:06, 17.24it/s]
Epoch 8/50 [Val]:   4%|▎         | 4/113 [00:00<00:06, 17.78it/s]
Epoch 8/50 [Val]:   5%|▌         | 6/113 [00:00<00:06, 17.56it/s]
Epoch 8/50 [Val]:   7%|▋         | 8/113 [00:00<00:05, 17.73it/s]
Epoch 8/50 [Val]:   9%|▉         | 10/113 [00:00<00:05, 18.41it/s]
Epoch 8/50 [Val]:  11%|█         | 12/113 [00:00<00:05, 18.42it/s]
Epoch 8/50 [Val]:  12%|█▏        | 14/113 [00:00<00:05, 18.19it/s]
Epoch 8/50 [Val]:  14%|█▍        | 16/113 [00:00<00:05, 17.38it/s]
Epoch 8/50 [Val]:  16%|█▌        | 18/113 [00:01<00:05, 16.83it/s]
Epoch 8/50 [Val]:  18%|█▊        | 20/113 [00:01<00:05, 16.43it/s]
Epoch 8/50 [Val]:  19%|█▉        | 22/113 [00:01<00:05, 16.08it/s]
Epoch 8/50 [Val]:  21%|██        | 24/113 [00:01<00:05, 15.86it/s]
Epoch 8/50 [Val]:  23%|██▎       | 26/113 [00:01<00:05, 16.10it/s]
Epoch 8/50 [Val]:  25%|██▍       | 28/113 [00:01<00:05, 16.38it/s]
Epoch 8/50 [Val]:  27%|██▋       | 30/113 [00:01<00:04, 16.76it/s]
Epoch 8/50 [Val]:  28%|██▊       | 32/113 [00:01<00:04, 17.07it/s]
Epoch 8/50 [Val]:  30%|███       | 34/113 [00:01<00:04, 17.17it/s]
Epoch 8/50 [Val]:  32%|███▏      | 36/113 [00:02<00:04, 17.58it/s]
Epoch 8/50 [Val]:  34%|███▎      | 38/113 [00:02<00:04, 17.81it/s]
Epoch 8/50 [Val]:  35%|███▌      | 40/113 [00:02<00:04, 17.66it/s]
Epoch 8/50 [Val]:  37%|███▋      | 42/113 [00:02<00:03, 17.82it/s]
Epoch 8/50 [Val]:  39%|███▉      | 44/113 [00:02<00:03, 17.69it/s]
Epoch 8/50 [Val]:  41%|████      | 46/113 [00:02<00:03, 17.46it/s]
Epoch 8/50 [Val]:  42%|████▏     | 48/113 [00:02<00:03, 17.36it/s]
Epoch 8/50 [Val]:  44%|████▍     | 50/113 [00:02<00:03, 17.70it/s]
Epoch 8/50 [Val]:  46%|████▌     | 52/113 [00:02<00:03, 18.03it/s]
Epoch 8/50 [Val]:  48%|████▊     | 54/113 [00:03<00:03, 18.32it/s]
Epoch 8/50 [Val]:  50%|████▉     | 56/113 [00:03<00:03, 18.09it/s]
Epoch 8/50 [Val]:  51%|█████▏    | 58/113 [00:03<00:03, 17.33it/s]
Epoch 8/50 [Val]:  53%|█████▎    | 60/113 [00:03<00:02, 17.76it/s]
Epoch 8/50 [Val]:  55%|█████▍    | 62/113 [00:03<00:02, 17.86it/s]
Epoch 8/50 [Val]:  57%|█████▋    | 64/113 [00:03<00:02, 17.92it/s]
Epoch 8/50 [Val]:  58%|█████▊    | 66/113 [00:03<00:02, 17.52it/s]
Epoch 8/50 [Val]:  60%|██████    | 68/113 [00:03<00:02, 17.44it/s]
Epoch 8/50 [Val]:  62%|██████▏   | 70/113 [00:04<00:02, 17.70it/s]
Epoch 8/50 [Val]:  64%|██████▎   | 72/113 [00:04<00:02, 17.81it/s]
Epoch 8/50 [Val]:  65%|██████▌   | 74/113 [00:04<00:02, 17.96it/s]
Epoch 8/50 [Val]:  67%|██████▋   | 76/113 [00:04<00:02, 17.98it/s]
Epoch 8/50 [Val]:  69%|██████▉   | 78/113 [00:04<00:01, 17.95it/s]
Epoch 8/50 [Val]:  71%|███████   | 80/113 [00:04<00:01, 17.80it/s]
Epoch 8/50 [Val]:  73%|███████▎  | 82/113 [00:04<00:01, 17.63it/s]
Epoch 8/50 [Val]:  74%|███████▍  | 84/113 [00:04<00:01, 17.65it/s]
Epoch 8/50 [Val]:  76%|███████▌  | 86/113 [00:04<00:01, 17.76it/s]
Epoch 8/50 [Val]:  78%|███████▊  | 88/113 [00:05<00:01, 17.64it/s]
Epoch 8/50 [Val]:  80%|███████▉  | 90/113 [00:05<00:01, 17.84it/s]
Epoch 8/50 [Val]:  81%|████████▏ | 92/113 [00:05<00:01, 17.94it/s]
Epoch 8/50 [Val]:  83%|████████▎ | 94/113 [00:05<00:01, 18.06it/s]
Epoch 8/50 [Val]:  85%|████████▍ | 96/113 [00:05<00:00, 18.39it/s]
Epoch 8/50 [Val]:  87%|████████▋ | 98/113 [00:05<00:00, 18.40it/s]
Epoch 8/50 [Val]:  88%|████████▊ | 100/113 [00:05<00:00, 18.06it/s]
Epoch 8/50 [Val]:  90%|█████████ | 102/113 [00:05<00:00, 17.71it/s]
Epoch 8/50 [Val]:  92%|█████████▏| 104/113 [00:05<00:00, 18.04it/s]
Epoch 8/50 [Val]:  94%|█████████▍| 106/113 [00:06<00:00, 18.05it/s]
Epoch 8/50 [Val]:  96%|█████████▌| 108/113 [00:06<00:00, 18.31it/s]
Epoch 8/50 [Val]:  97%|█████████▋| 110/113 [00:06<00:00, 18.52it/s]
Epoch 8/50 [Val]:  99%|█████████▉| 112/113 [00:06<00:00, 18.42it/s]
                                                                   

Epoch 9/50 [Train]:   0%|          | 0/459 [00:00<?, ?it/s]
Epoch 9/50 [Train]:   1%|          | 3/459 [00:00<00:20, 22.71it/s]
Epoch 9/50 [Train]:   1%|▏         | 6/459 [00:00<00:19, 23.60it/s]
Epoch 9/50 [Train]:   2%|▏         | 9/459 [00:00<00:18, 23.86it/s]
Epoch 9/50 [Train]:   3%|▎         | 12/459 [00:00<00:18, 23.99it/s]
Epoch 9/50 [Train]:   3%|▎         | 15/459 [00:00<00:18, 23.90it/s]
Epoch 9/50 [Train]:   4%|▍         | 18/459 [00:00<00:18, 23.96it/s]
Epoch 9/50 [Train]:   5%|▍         | 21/459 [00:00<00:18, 23.82it/s]
Epoch 9/50 [Train]:   5%|▌         | 24/459 [00:01<00:18, 23.80it/s]
Epoch 9/50 [Train]:   6%|▌         | 27/459 [00:01<00:18, 23.83it/s]
Epoch 9/50 [Train]:   7%|▋         | 30/459 [00:01<00:17, 23.90it/s]
Epoch 9/50 [Train]:   7%|▋         | 33/459 [00:01<00:17, 23.99it/s]
Epoch 9/50 [Train]:   8%|▊         | 36/459 [00:01<00:17, 23.82it/s]
Epoch 9/50 [Train]:   8%|▊         | 39/459 [00:01<00:17, 24.04it/s]
Epoch 9/50 [Train]:   9%|▉         | 42/459 [00:01<00:17, 24.02it/s]
Epoch 9/50 [Train]:  10%|▉         | 45/459 [00:01<00:17, 24.06it/s]
Epoch 9/50 [Train]:  10%|█         | 48/459 [00:02<00:17, 24.14it/s]
Epoch 9/50 [Train]:  11%|█         | 51/459 [00:02<00:16, 24.05it/s]
Epoch 9/50 [Train]:  12%|█▏        | 54/459 [00:02<00:16, 24.16it/s]
Epoch 9/50 [Train]:  12%|█▏        | 57/459 [00:02<00:16, 24.08it/s]
Epoch 9/50 [Train]:  13%|█▎        | 60/459 [00:02<00:16, 23.71it/s]
Epoch 9/50 [Train]:  14%|█▎        | 63/459 [00:02<00:16, 23.77it/s]
Epoch 9/50 [Train]:  14%|█▍        | 66/459 [00:02<00:16, 23.66it/s]
Epoch 9/50 [Train]:  15%|█▌        | 69/459 [00:02<00:16, 23.80it/s]
Epoch 9/50 [Train]:  16%|█▌        | 72/459 [00:03<00:16, 23.86it/s]
Epoch 9/50 [Train]:  16%|█▋        | 75/459 [00:03<00:16, 23.87it/s]
Epoch 9/50 [Train]:  17%|█▋        | 78/459 [00:03<00:15, 23.84it/s]
Epoch 9/50 [Train]:  18%|█▊        | 81/459 [00:03<00:16, 23.61it/s]
Epoch 9/50 [Train]:  18%|█▊        | 84/459 [00:03<00:15, 23.78it/s]
Epoch 9/50 [Train]:  19%|█▉        | 87/459 [00:03<00:15, 23.82it/s]
Epoch 9/50 [Train]:  20%|█▉        | 90/459 [00:03<00:15, 23.84it/s]
Epoch 9/50 [Train]:  20%|██        | 93/459 [00:03<00:15, 23.89it/s]
Epoch 9/50 [Train]:  21%|██        | 96/459 [00:04<00:15, 23.69it/s]
Epoch 9/50 [Train]:  22%|██▏       | 99/459 [00:04<00:15, 23.69it/s]
Epoch 9/50 [Train]:  22%|██▏       | 102/459 [00:04<00:14, 23.83it/s]
Epoch 9/50 [Train]:  23%|██▎       | 105/459 [00:04<00:14, 23.71it/s]
Epoch 9/50 [Train]:  24%|██▎       | 108/459 [00:04<00:14, 23.85it/s]
Epoch 9/50 [Train]:  24%|██▍       | 111/459 [00:04<00:14, 23.78it/s]
Epoch 9/50 [Train]:  25%|██▍       | 114/459 [00:04<00:14, 23.86it/s]
Epoch 9/50 [Train]:  25%|██▌       | 117/459 [00:04<00:14, 23.93it/s]
Epoch 9/50 [Train]:  26%|██▌       | 120/459 [00:05<00:14, 24.08it/s]
Epoch 9/50 [Train]:  27%|██▋       | 123/459 [00:05<00:14, 23.96it/s]
Epoch 9/50 [Train]:  27%|██▋       | 126/459 [00:05<00:13, 24.03it/s]
Epoch 9/50 [Train]:  28%|██▊       | 129/459 [00:05<00:13, 24.06it/s]
Epoch 9/50 [Train]:  29%|██▉       | 132/459 [00:05<00:13, 23.87it/s]
Epoch 9/50 [Train]:  29%|██▉       | 135/459 [00:05<00:13, 24.01it/s]
Epoch 9/50 [Train]:  30%|███       | 138/459 [00:05<00:13, 23.92it/s]
Epoch 9/50 [Train]:  31%|███       | 141/459 [00:05<00:13, 23.87it/s]
Epoch 9/50 [Train]:  31%|███▏      | 144/459 [00:06<00:13, 23.85it/s]
Epoch 9/50 [Train]:  32%|███▏      | 147/459 [00:06<00:13, 23.70it/s]
Epoch 9/50 [Train]:  33%|███▎      | 150/459 [00:06<00:13, 23.74it/s]
Epoch 9/50 [Train]:  33%|███▎      | 153/459 [00:06<00:12, 23.59it/s]
Epoch 9/50 [Train]:  34%|███▍      | 156/459 [00:06<00:12, 23.77it/s]
Epoch 9/50 [Train]:  35%|███▍      | 159/459 [00:06<00:12, 23.87it/s]
Epoch 9/50 [Train]:  35%|███▌      | 162/459 [00:06<00:12, 23.63it/s]
Epoch 9/50 [Train]:  36%|███▌      | 165/459 [00:06<00:12, 23.71it/s]
Epoch 9/50 [Train]:  37%|███▋      | 168/459 [00:07<00:12, 23.85it/s]
Epoch 9/50 [Train]:  37%|███▋      | 171/459 [00:07<00:12, 23.81it/s]
Epoch 9/50 [Train]:  38%|███▊      | 174/459 [00:07<00:11, 23.82it/s]
Epoch 9/50 [Train]:  39%|███▊      | 177/459 [00:07<00:11, 23.82it/s]
Epoch 9/50 [Train]:  39%|███▉      | 180/459 [00:07<00:11, 23.76it/s]
Epoch 9/50 [Train]:  40%|███▉      | 183/459 [00:07<00:11, 23.86it/s]
Epoch 9/50 [Train]:  41%|████      | 186/459 [00:07<00:11, 23.87it/s]
Epoch 9/50 [Train]:  41%|████      | 189/459 [00:07<00:11, 23.84it/s]
Epoch 9/50 [Train]:  42%|████▏     | 192/459 [00:08<00:11, 23.66it/s]
Epoch 9/50 [Train]:  42%|████▏     | 195/459 [00:08<00:11, 23.56it/s]
Epoch 9/50 [Train]:  43%|████▎     | 198/459 [00:08<00:11, 23.50it/s]
Epoch 9/50 [Train]:  44%|████▍     | 201/459 [00:08<00:10, 23.59it/s]
Epoch 9/50 [Train]:  44%|████▍     | 204/459 [00:08<00:10, 23.60it/s]
Epoch 9/50 [Train]:  45%|████▌     | 207/459 [00:08<00:10, 23.49it/s]
Epoch 9/50 [Train]:  46%|████▌     | 210/459 [00:08<00:10, 23.09it/s]
Epoch 9/50 [Train]:  46%|████▋     | 213/459 [00:08<00:10, 23.12it/s]
Epoch 9/50 [Train]:  47%|████▋     | 216/459 [00:09<00:10, 23.26it/s]
Epoch 9/50 [Train]:  48%|████▊     | 219/459 [00:09<00:10, 23.25it/s]
Epoch 9/50 [Train]:  48%|████▊     | 222/459 [00:09<00:10, 23.47it/s]
Epoch 9/50 [Train]:  49%|████▉     | 225/459 [00:09<00:09, 23.43it/s]
Epoch 9/50 [Train]:  50%|████▉     | 228/459 [00:09<00:09, 23.57it/s]
Epoch 9/50 [Train]:  50%|█████     | 231/459 [00:09<00:09, 23.52it/s]
Epoch 9/50 [Train]:  51%|█████     | 234/459 [00:09<00:09, 23.49it/s]
Epoch 9/50 [Train]:  52%|█████▏    | 237/459 [00:09<00:09, 23.41it/s]
Epoch 9/50 [Train]:  52%|█████▏    | 240/459 [00:10<00:09, 23.55it/s]
Epoch 9/50 [Train]:  53%|█████▎    | 243/459 [00:10<00:09, 23.41it/s]
Epoch 9/50 [Train]:  54%|█████▎    | 246/459 [00:10<00:09, 23.64it/s]
Epoch 9/50 [Train]:  54%|█████▍    | 249/459 [00:10<00:08, 23.66it/s]
Epoch 9/50 [Train]:  55%|█████▍    | 252/459 [00:10<00:08, 23.67it/s]
Epoch 9/50 [Train]:  56%|█████▌    | 255/459 [00:10<00:08, 23.58it/s]
Epoch 9/50 [Train]:  56%|█████▌    | 258/459 [00:10<00:08, 23.41it/s]
Epoch 9/50 [Train]:  57%|█████▋    | 261/459 [00:11<00:08, 23.24it/s]
Epoch 9/50 [Train]:  58%|█████▊    | 264/459 [00:11<00:08, 23.52it/s]
Epoch 9/50 [Train]:  58%|█████▊    | 267/459 [00:11<00:08, 23.71it/s]
Epoch 9/50 [Train]:  59%|█████▉    | 270/459 [00:11<00:07, 23.74it/s]
Epoch 9/50 [Train]:  59%|█████▉    | 273/459 [00:11<00:07, 23.87it/s]
Epoch 9/50 [Train]:  60%|██████    | 276/459 [00:11<00:07, 23.77it/s]
Epoch 9/50 [Train]:  61%|██████    | 279/459 [00:11<00:07, 23.69it/s]
Epoch 9/50 [Train]:  61%|██████▏   | 282/459 [00:11<00:07, 23.84it/s]
Epoch 9/50 [Train]:  62%|██████▏   | 285/459 [00:12<00:07, 23.76it/s]
Epoch 9/50 [Train]:  63%|██████▎   | 288/459 [00:12<00:07, 23.88it/s]
Epoch 9/50 [Train]:  63%|██████▎   | 291/459 [00:12<00:07, 23.95it/s]
Epoch 9/50 [Train]:  64%|██████▍   | 294/459 [00:12<00:06, 24.02it/s]
Epoch 9/50 [Train]:  65%|██████▍   | 297/459 [00:12<00:06, 24.07it/s]
Epoch 9/50 [Train]:  65%|██████▌   | 300/459 [00:12<00:06, 24.08it/s]
Epoch 9/50 [Train]:  66%|██████▌   | 303/459 [00:12<00:06, 24.17it/s]
Epoch 9/50 [Train]:  67%|██████▋   | 306/459 [00:12<00:06, 24.00it/s]
Epoch 9/50 [Train]:  67%|██████▋   | 309/459 [00:13<00:06, 24.03it/s]
Epoch 9/50 [Train]:  68%|██████▊   | 312/459 [00:13<00:06, 23.93it/s]
Epoch 9/50 [Train]:  69%|██████▊   | 315/459 [00:13<00:05, 24.09it/s]
Epoch 9/50 [Train]:  69%|██████▉   | 318/459 [00:13<00:05, 24.12it/s]
Epoch 9/50 [Train]:  70%|██████▉   | 321/459 [00:13<00:05, 24.14it/s]
Epoch 9/50 [Train]:  71%|███████   | 324/459 [00:13<00:05, 24.19it/s]
Epoch 9/50 [Train]:  71%|███████   | 327/459 [00:13<00:05, 24.08it/s]
Epoch 9/50 [Train]:  72%|███████▏  | 330/459 [00:13<00:05, 23.96it/s]
Epoch 9/50 [Train]:  73%|███████▎  | 333/459 [00:13<00:05, 23.91it/s]
Epoch 9/50 [Train]:  73%|███████▎  | 336/459 [00:14<00:05, 23.91it/s]
Epoch 9/50 [Train]:  74%|███████▍  | 339/459 [00:14<00:05, 23.93it/s]
Epoch 9/50 [Train]:  75%|███████▍  | 342/459 [00:14<00:04, 24.00it/s]
Epoch 9/50 [Train]:  75%|███████▌  | 345/459 [00:14<00:04, 24.06it/s]
Epoch 9/50 [Train]:  76%|███████▌  | 348/459 [00:14<00:04, 24.13it/s]
Epoch 9/50 [Train]:  76%|███████▋  | 351/459 [00:14<00:04, 24.03it/s]
Epoch 9/50 [Train]:  77%|███████▋  | 354/459 [00:14<00:04, 24.02it/s]
Epoch 9/50 [Train]:  78%|███████▊  | 357/459 [00:14<00:04, 23.98it/s]
Epoch 9/50 [Train]:  78%|███████▊  | 360/459 [00:15<00:04, 23.84it/s]
Epoch 9/50 [Train]:  79%|███████▉  | 363/459 [00:15<00:04, 23.77it/s]
Epoch 9/50 [Train]:  80%|███████▉  | 366/459 [00:15<00:03, 23.89it/s]
Epoch 9/50 [Train]:  80%|████████  | 369/459 [00:15<00:03, 23.84it/s]
Epoch 9/50 [Train]:  81%|████████  | 372/459 [00:15<00:03, 23.93it/s]
Epoch 9/50 [Train]:  82%|████████▏ | 375/459 [00:15<00:03, 23.83it/s]
Epoch 9/50 [Train]:  82%|████████▏ | 378/459 [00:15<00:03, 23.94it/s]
Epoch 9/50 [Train]:  83%|████████▎ | 381/459 [00:16<00:03, 23.95it/s]
Epoch 9/50 [Train]:  84%|████████▎ | 384/459 [00:16<00:03, 23.88it/s]
Epoch 9/50 [Train]:  84%|████████▍ | 387/459 [00:16<00:03, 23.88it/s]
Epoch 9/50 [Train]:  85%|████████▍ | 390/459 [00:16<00:02, 23.69it/s]
Epoch 9/50 [Train]:  86%|████████▌ | 393/459 [00:16<00:02, 23.89it/s]
Epoch 9/50 [Train]:  86%|████████▋ | 396/459 [00:16<00:02, 23.84it/s]
Epoch 9/50 [Train]:  87%|████████▋ | 399/459 [00:16<00:02, 23.74it/s]
Epoch 9/50 [Train]:  88%|████████▊ | 402/459 [00:16<00:02, 23.91it/s]
Epoch 9/50 [Train]:  88%|████████▊ | 405/459 [00:17<00:02, 23.84it/s]
Epoch 9/50 [Train]:  89%|████████▉ | 408/459 [00:17<00:02, 23.80it/s]
Epoch 9/50 [Train]:  90%|████████▉ | 411/459 [00:17<00:02, 23.70it/s]
Epoch 9/50 [Train]:  90%|█████████ | 414/459 [00:17<00:01, 23.85it/s]
Epoch 9/50 [Train]:  91%|█████████ | 417/459 [00:17<00:01, 23.78it/s]
Epoch 9/50 [Train]:  92%|█████████▏| 420/459 [00:17<00:01, 23.79it/s]
Epoch 9/50 [Train]:  92%|█████████▏| 423/459 [00:17<00:01, 23.87it/s]
Epoch 9/50 [Train]:  93%|█████████▎| 426/459 [00:17<00:01, 23.96it/s]
Epoch 9/50 [Train]:  93%|█████████▎| 429/459 [00:18<00:01, 24.11it/s]
Epoch 9/50 [Train]:  94%|█████████▍| 432/459 [00:18<00:01, 23.99it/s]
Epoch 9/50 [Train]:  95%|█████████▍| 435/459 [00:18<00:01, 23.58it/s]
Epoch 9/50 [Train]:  95%|█████████▌| 438/459 [00:18<00:00, 23.87it/s]
Epoch 9/50 [Train]:  96%|█████████▌| 441/459 [00:18<00:00, 24.03it/s]
Epoch 9/50 [Train]:  97%|█████████▋| 444/459 [00:18<00:00, 23.95it/s]
Epoch 9/50 [Train]:  97%|█████████▋| 447/459 [00:18<00:00, 24.02it/s]
Epoch 9/50 [Train]:  98%|█████████▊| 450/459 [00:18<00:00, 23.84it/s]
Epoch 9/50 [Train]:  99%|█████████▊| 453/459 [00:19<00:00, 23.79it/s]
Epoch 9/50 [Train]:  99%|█████████▉| 456/459 [00:19<00:00, 23.85it/s]
Epoch 9/50 [Train]: 100%|██████████| 459/459 [00:19<00:00, 23.97it/s]
                                                                     

Epoch 9/50 [Val]:   0%|          | 0/113 [00:00<?, ?it/s]
Epoch 9/50 [Val]:   2%|▏         | 2/113 [00:00<00:06, 17.86it/s]
Epoch 9/50 [Val]:   4%|▎         | 4/113 [00:00<00:06, 17.86it/s]
Epoch 9/50 [Val]:   5%|▌         | 6/113 [00:00<00:06, 17.82it/s]
Epoch 9/50 [Val]:   7%|▋         | 8/113 [00:00<00:05, 18.07it/s]
Epoch 9/50 [Val]:   9%|▉         | 10/113 [00:00<00:05, 18.53it/s]
Epoch 9/50 [Val]:  11%|█         | 12/113 [00:00<00:05, 18.37it/s]
Epoch 9/50 [Val]:  12%|█▏        | 14/113 [00:00<00:05, 18.21it/s]
Epoch 9/50 [Val]:  14%|█▍        | 16/113 [00:00<00:05, 17.17it/s]
Epoch 9/50 [Val]:  16%|█▌        | 18/113 [00:01<00:05, 16.86it/s]
Epoch 9/50 [Val]:  18%|█▊        | 20/113 [00:01<00:05, 16.54it/s]
Epoch 9/50 [Val]:  19%|█▉        | 22/113 [00:01<00:05, 16.33it/s]
Epoch 9/50 [Val]:  21%|██        | 24/113 [00:01<00:05, 16.22it/s]
Epoch 9/50 [Val]:  23%|██▎       | 26/113 [00:01<00:05, 16.51it/s]
Epoch 9/50 [Val]:  25%|██▍       | 28/113 [00:01<00:05, 16.61it/s]
Epoch 9/50 [Val]:  27%|██▋       | 30/113 [00:01<00:04, 16.89it/s]
Epoch 9/50 [Val]:  28%|██▊       | 32/113 [00:01<00:04, 17.20it/s]
Epoch 9/50 [Val]:  30%|███       | 34/113 [00:01<00:04, 17.34it/s]
Epoch 9/50 [Val]:  32%|███▏      | 36/113 [00:02<00:04, 17.72it/s]
Epoch 9/50 [Val]:  34%|███▎      | 38/113 [00:02<00:04, 17.95it/s]
Epoch 9/50 [Val]:  35%|███▌      | 40/113 [00:02<00:04, 18.07it/s]
Epoch 9/50 [Val]:  37%|███▋      | 42/113 [00:02<00:03, 18.05it/s]
Epoch 9/50 [Val]:  39%|███▉      | 44/113 [00:02<00:03, 17.80it/s]
Epoch 9/50 [Val]:  41%|████      | 46/113 [00:02<00:03, 17.41it/s]
Epoch 9/50 [Val]:  42%|████▏     | 48/113 [00:02<00:03, 17.45it/s]
Epoch 9/50 [Val]:  44%|████▍     | 50/113 [00:02<00:03, 17.74it/s]
Epoch 9/50 [Val]:  46%|████▌     | 52/113 [00:02<00:03, 18.14it/s]
Epoch 9/50 [Val]:  48%|████▊     | 54/113 [00:03<00:03, 18.40it/s]
Epoch 9/50 [Val]:  50%|████▉     | 56/113 [00:03<00:03, 18.39it/s]
Epoch 9/50 [Val]:  51%|█████▏    | 58/113 [00:03<00:03, 17.48it/s]
Epoch 9/50 [Val]:  53%|█████▎    | 60/113 [00:03<00:02, 17.88it/s]
Epoch 9/50 [Val]:  55%|█████▍    | 62/113 [00:03<00:02, 17.77it/s]
Epoch 9/50 [Val]:  57%|█████▋    | 64/113 [00:03<00:02, 17.85it/s]
Epoch 9/50 [Val]:  58%|█████▊    | 66/113 [00:03<00:02, 17.50it/s]
Epoch 9/50 [Val]:  60%|██████    | 68/113 [00:03<00:02, 17.40it/s]
Epoch 9/50 [Val]:  62%|██████▏   | 70/113 [00:03<00:02, 17.60it/s]
Epoch 9/50 [Val]:  64%|██████▎   | 72/113 [00:04<00:02, 17.86it/s]
Epoch 9/50 [Val]:  65%|██████▌   | 74/113 [00:04<00:02, 18.20it/s]
Epoch 9/50 [Val]:  67%|██████▋   | 76/113 [00:04<00:02, 18.19it/s]
Epoch 9/50 [Val]:  69%|██████▉   | 78/113 [00:04<00:01, 18.12it/s]
Epoch 9/50 [Val]:  71%|███████   | 80/113 [00:04<00:01, 17.89it/s]
Epoch 9/50 [Val]:  73%|███████▎  | 82/113 [00:04<00:01, 17.72it/s]
Epoch 9/50 [Val]:  74%|███████▍  | 84/113 [00:04<00:01, 17.72it/s]
Epoch 9/50 [Val]:  76%|███████▌  | 86/113 [00:04<00:01, 17.83it/s]
Epoch 9/50 [Val]:  78%|███████▊  | 88/113 [00:04<00:01, 17.71it/s]
Epoch 9/50 [Val]:  80%|███████▉  | 90/113 [00:05<00:01, 17.94it/s]
Epoch 9/50 [Val]:  81%|████████▏ | 92/113 [00:05<00:01, 18.16it/s]
Epoch 9/50 [Val]:  83%|████████▎ | 94/113 [00:05<00:01, 18.29it/s]
Epoch 9/50 [Val]:  85%|████████▍ | 96/113 [00:05<00:00, 18.61it/s]
Epoch 9/50 [Val]:  87%|████████▋ | 98/113 [00:05<00:00, 18.69it/s]
Epoch 9/50 [Val]:  88%|████████▊ | 100/113 [00:05<00:00, 18.20it/s]
Epoch 9/50 [Val]:  90%|█████████ | 102/113 [00:05<00:00, 17.76it/s]
Epoch 9/50 [Val]:  92%|█████████▏| 104/113 [00:05<00:00, 18.15it/s]
Epoch 9/50 [Val]:  94%|█████████▍| 106/113 [00:05<00:00, 18.15it/s]
Epoch 9/50 [Val]:  96%|█████████▌| 108/113 [00:06<00:00, 18.46it/s]
Epoch 9/50 [Val]:  97%|█████████▋| 110/113 [00:06<00:00, 18.69it/s]
Epoch 9/50 [Val]:  99%|█████████▉| 112/113 [00:06<00:00, 18.74it/s]
                                                                   

Epoch 10/50 [Train]:   0%|          | 0/459 [00:00<?, ?it/s]
Epoch 10/50 [Train]:   1%|          | 3/459 [00:00<00:20, 22.71it/s]
Epoch 10/50 [Train]:   1%|▏         | 6/459 [00:00<00:19, 23.33it/s]
Epoch 10/50 [Train]:   2%|▏         | 9/459 [00:00<00:18, 23.75it/s]
Epoch 10/50 [Train]:   3%|▎         | 12/459 [00:00<00:18, 23.81it/s]
Epoch 10/50 [Train]:   3%|▎         | 15/459 [00:00<00:18, 23.84it/s]
Epoch 10/50 [Train]:   4%|▍         | 18/459 [00:00<00:18, 23.76it/s]
Epoch 10/50 [Train]:   5%|▍         | 21/459 [00:00<00:18, 23.78it/s]
Epoch 10/50 [Train]:   5%|▌         | 24/459 [00:01<00:18, 23.60it/s]
Epoch 10/50 [Train]:   6%|▌         | 27/459 [00:01<00:18, 23.60it/s]
Epoch 10/50 [Train]:   7%|▋         | 30/459 [00:01<00:18, 23.64it/s]
Epoch 10/50 [Train]:   7%|▋         | 33/459 [00:01<00:17, 23.77it/s]
Epoch 10/50 [Train]:   8%|▊         | 36/459 [00:01<00:17, 23.89it/s]
Epoch 10/50 [Train]:   8%|▊         | 39/459 [00:01<00:17, 23.89it/s]
Epoch 10/50 [Train]:   9%|▉         | 42/459 [00:01<00:17, 23.88it/s]
Epoch 10/50 [Train]:  10%|▉         | 45/459 [00:01<00:17, 24.03it/s]
Epoch 10/50 [Train]:  10%|█         | 48/459 [00:02<00:17, 23.88it/s]
Epoch 10/50 [Train]:  11%|█         | 51/459 [00:02<00:17, 23.85it/s]
Epoch 10/50 [Train]:  12%|█▏        | 54/459 [00:02<00:17, 23.62it/s]
Epoch 10/50 [Train]:  12%|█▏        | 57/459 [00:02<00:17, 23.64it/s]
Epoch 10/50 [Train]:  13%|█▎        | 60/459 [00:02<00:16, 23.77it/s]
Epoch 10/50 [Train]:  14%|█▎        | 63/459 [00:02<00:16, 23.84it/s]
Epoch 10/50 [Train]:  14%|█▍        | 66/459 [00:02<00:16, 23.89it/s]
Epoch 10/50 [Train]:  15%|█▌        | 69/459 [00:02<00:16, 23.98it/s]
Epoch 10/50 [Train]:  16%|█▌        | 72/459 [00:03<00:16, 23.97it/s]
Epoch 10/50 [Train]:  16%|█▋        | 75/459 [00:03<00:16, 23.89it/s]
Epoch 10/50 [Train]:  17%|█▋        | 78/459 [00:03<00:16, 23.78it/s]
Epoch 10/50 [Train]:  18%|█▊        | 81/459 [00:03<00:15, 23.84it/s]
Epoch 10/50 [Train]:  18%|█▊        | 84/459 [00:03<00:15, 23.78it/s]
Epoch 10/50 [Train]:  19%|█▉        | 87/459 [00:03<00:15, 23.69it/s]
Epoch 10/50 [Train]:  20%|█▉        | 90/459 [00:03<00:15, 23.77it/s]
Epoch 10/50 [Train]:  20%|██        | 93/459 [00:03<00:15, 23.67it/s]
Epoch 10/50 [Train]:  21%|██        | 96/459 [00:04<00:15, 23.68it/s]
Epoch 10/50 [Train]:  22%|██▏       | 99/459 [00:04<00:15, 23.83it/s]
Epoch 10/50 [Train]:  22%|██▏       | 102/459 [00:04<00:15, 23.71it/s]
Epoch 10/50 [Train]:  23%|██▎       | 105/459 [00:04<00:14, 23.79it/s]
Epoch 10/50 [Train]:  24%|██▎       | 108/459 [00:04<00:14, 23.84it/s]
Epoch 10/50 [Train]:  24%|██▍       | 111/459 [00:04<00:14, 23.79it/s]
Epoch 10/50 [Train]:  25%|██▍       | 114/459 [00:04<00:14, 23.91it/s]
Epoch 10/50 [Train]:  25%|██▌       | 117/459 [00:04<00:14, 23.94it/s]
Epoch 10/50 [Train]:  26%|██▌       | 120/459 [00:05<00:14, 23.96it/s]
Epoch 10/50 [Train]:  27%|██▋       | 123/459 [00:05<00:14, 23.63it/s]
Epoch 10/50 [Train]:  27%|██▋       | 126/459 [00:05<00:13, 23.80it/s]
Epoch 10/50 [Train]:  28%|██▊       | 129/459 [00:05<00:13, 23.83it/s]
Epoch 10/50 [Train]:  29%|██▉       | 132/459 [00:05<00:13, 23.76it/s]
Epoch 10/50 [Train]:  29%|██▉       | 135/459 [00:05<00:13, 23.81it/s]
Epoch 10/50 [Train]:  30%|███       | 138/459 [00:05<00:13, 23.70it/s]
Epoch 10/50 [Train]:  31%|███       | 141/459 [00:05<00:13, 23.79it/s]
Epoch 10/50 [Train]:  31%|███▏      | 144/459 [00:06<00:13, 23.93it/s]
Epoch 10/50 [Train]:  32%|███▏      | 147/459 [00:06<00:13, 23.64it/s]
Epoch 10/50 [Train]:  33%|███▎      | 150/459 [00:06<00:13, 23.70it/s]
Epoch 10/50 [Train]:  33%|███▎      | 153/459 [00:06<00:12, 23.87it/s]
Epoch 10/50 [Train]:  34%|███▍      | 156/459 [00:06<00:12, 23.76it/s]
Epoch 10/50 [Train]:  35%|███▍      | 159/459 [00:06<00:12, 23.99it/s]
Epoch 10/50 [Train]:  35%|███▌      | 162/459 [00:06<00:12, 24.08it/s]
Epoch 10/50 [Train]:  36%|███▌      | 165/459 [00:06<00:12, 24.11it/s]
Epoch 10/50 [Train]:  37%|███▋      | 168/459 [00:07<00:12, 23.98it/s]
Epoch 10/50 [Train]:  37%|███▋      | 171/459 [00:07<00:12, 23.75it/s]
Epoch 10/50 [Train]:  38%|███▊      | 174/459 [00:07<00:11, 23.88it/s]
Epoch 10/50 [Train]:  39%|███▊      | 177/459 [00:07<00:11, 23.86it/s]
Epoch 10/50 [Train]:  39%|███▉      | 180/459 [00:07<00:11, 23.82it/s]
Epoch 10/50 [Train]:  40%|███▉      | 183/459 [00:07<00:11, 23.93it/s]
Epoch 10/50 [Train]:  41%|████      | 186/459 [00:07<00:11, 23.91it/s]
Epoch 10/50 [Train]:  41%|████      | 189/459 [00:07<00:11, 23.91it/s]
Epoch 10/50 [Train]:  42%|████▏     | 192/459 [00:08<00:11, 23.85it/s]
Epoch 10/50 [Train]:  42%|████▏     | 195/459 [00:08<00:11, 23.95it/s]
Epoch 10/50 [Train]:  43%|████▎     | 198/459 [00:08<00:10, 24.02it/s]
Epoch 10/50 [Train]:  44%|████▍     | 201/459 [00:08<00:10, 23.87it/s]
Epoch 10/50 [Train]:  44%|████▍     | 204/459 [00:08<00:10, 23.89it/s]
Epoch 10/50 [Train]:  45%|████▌     | 207/459 [00:08<00:10, 24.08it/s]
Epoch 10/50 [Train]:  46%|████▌     | 210/459 [00:08<00:10, 24.11it/s]
Epoch 10/50 [Train]:  46%|████▋     | 213/459 [00:08<00:10, 24.20it/s]
Epoch 10/50 [Train]:  47%|████▋     | 216/459 [00:09<00:10, 24.19it/s]
Epoch 10/50 [Train]:  48%|████▊     | 219/459 [00:09<00:09, 24.18it/s]
Epoch 10/50 [Train]:  48%|████▊     | 222/459 [00:09<00:09, 24.21it/s]
Epoch 10/50 [Train]:  49%|████▉     | 225/459 [00:09<00:09, 24.12it/s]
Epoch 10/50 [Train]:  50%|████▉     | 228/459 [00:09<00:09, 24.05it/s]
Epoch 10/50 [Train]:  50%|█████     | 231/459 [00:09<00:09, 24.03it/s]
Epoch 10/50 [Train]:  51%|█████     | 234/459 [00:09<00:09, 24.10it/s]
Epoch 10/50 [Train]:  52%|█████▏    | 237/459 [00:09<00:09, 24.07it/s]
Epoch 10/50 [Train]:  52%|█████▏    | 240/459 [00:10<00:09, 23.99it/s]
Epoch 10/50 [Train]:  53%|█████▎    | 243/459 [00:10<00:09, 23.79it/s]
Epoch 10/50 [Train]:  54%|█████▎    | 246/459 [00:10<00:08, 23.88it/s]
Epoch 10/50 [Train]:  54%|█████▍    | 249/459 [00:10<00:08, 23.77it/s]
Epoch 10/50 [Train]:  55%|█████▍    | 252/459 [00:10<00:08, 23.92it/s]
Epoch 10/50 [Train]:  56%|█████▌    | 255/459 [00:10<00:08, 23.97it/s]
Epoch 10/50 [Train]:  56%|█████▌    | 258/459 [00:10<00:08, 23.92it/s]
Epoch 10/50 [Train]:  57%|█████▋    | 261/459 [00:10<00:08, 23.94it/s]
Epoch 10/50 [Train]:  58%|█████▊    | 264/459 [00:11<00:08, 23.93it/s]
Epoch 10/50 [Train]:  58%|█████▊    | 267/459 [00:11<00:08, 23.97it/s]
Epoch 10/50 [Train]:  59%|█████▉    | 270/459 [00:11<00:07, 23.88it/s]
Epoch 10/50 [Train]:  59%|█████▉    | 273/459 [00:11<00:07, 23.96it/s]
Epoch 10/50 [Train]:  60%|██████    | 276/459 [00:11<00:07, 24.00it/s]
Epoch 10/50 [Train]:  61%|██████    | 279/459 [00:11<00:07, 24.05it/s]
Epoch 10/50 [Train]:  61%|██████▏   | 282/459 [00:11<00:07, 24.09it/s]
Epoch 10/50 [Train]:  62%|██████▏   | 285/459 [00:11<00:07, 24.06it/s]
Epoch 10/50 [Train]:  63%|██████▎   | 288/459 [00:12<00:07, 24.13it/s]
Epoch 10/50 [Train]:  63%|██████▎   | 291/459 [00:12<00:06, 24.14it/s]
Epoch 10/50 [Train]:  64%|██████▍   | 294/459 [00:12<00:06, 23.95it/s]
Epoch 10/50 [Train]:  65%|██████▍   | 297/459 [00:12<00:06, 24.05it/s]
Epoch 10/50 [Train]:  65%|██████▌   | 300/459 [00:12<00:06, 23.95it/s]
Epoch 10/50 [Train]:  66%|██████▌   | 303/459 [00:12<00:06, 23.63it/s]
Epoch 10/50 [Train]:  67%|██████▋   | 306/459 [00:12<00:06, 23.46it/s]
Epoch 10/50 [Train]:  67%|██████▋   | 309/459 [00:12<00:06, 23.51it/s]
Epoch 10/50 [Train]:  68%|██████▊   | 312/459 [00:13<00:06, 23.40it/s]
Epoch 10/50 [Train]:  69%|██████▊   | 315/459 [00:13<00:06, 23.52it/s]
Epoch 10/50 [Train]:  69%|██████▉   | 318/459 [00:13<00:06, 23.30it/s]
Epoch 10/50 [Train]:  70%|██████▉   | 321/459 [00:13<00:06, 22.91it/s]
Epoch 10/50 [Train]:  71%|███████   | 324/459 [00:13<00:05, 23.07it/s]
Epoch 10/50 [Train]:  71%|███████   | 327/459 [00:13<00:05, 23.30it/s]
Epoch 10/50 [Train]:  72%|███████▏  | 330/459 [00:13<00:05, 23.37it/s]
Epoch 10/50 [Train]:  73%|███████▎  | 333/459 [00:13<00:05, 23.72it/s]
Epoch 10/50 [Train]:  73%|███████▎  | 336/459 [00:14<00:05, 23.55it/s]
Epoch 10/50 [Train]:  74%|███████▍  | 339/459 [00:14<00:05, 23.58it/s]
Epoch 10/50 [Train]:  75%|███████▍  | 342/459 [00:14<00:04, 23.58it/s]
Epoch 10/50 [Train]:  75%|███████▌  | 345/459 [00:14<00:04, 23.70it/s]
Epoch 10/50 [Train]:  76%|███████▌  | 348/459 [00:14<00:04, 23.45it/s]
Epoch 10/50 [Train]:  76%|███████▋  | 351/459 [00:14<00:04, 23.50it/s]
Epoch 10/50 [Train]:  77%|███████▋  | 354/459 [00:14<00:04, 23.64it/s]
Epoch 10/50 [Train]:  78%|███████▊  | 357/459 [00:14<00:04, 23.67it/s]
Epoch 10/50 [Train]:  78%|███████▊  | 360/459 [00:15<00:04, 23.71it/s]
Epoch 10/50 [Train]:  79%|███████▉  | 363/459 [00:15<00:04, 23.68it/s]
Epoch 10/50 [Train]:  80%|███████▉  | 366/459 [00:15<00:03, 23.76it/s]
Epoch 10/50 [Train]:  80%|████████  | 369/459 [00:15<00:03, 23.81it/s]
Epoch 10/50 [Train]:  81%|████████  | 372/459 [00:15<00:03, 23.87it/s]
Epoch 10/50 [Train]:  82%|████████▏ | 375/459 [00:15<00:03, 23.97it/s]
Epoch 10/50 [Train]:  82%|████████▏ | 378/459 [00:15<00:03, 23.93it/s]
Epoch 10/50 [Train]:  83%|████████▎ | 381/459 [00:15<00:03, 23.86it/s]
Epoch 10/50 [Train]:  84%|████████▎ | 384/459 [00:16<00:03, 23.83it/s]
Epoch 10/50 [Train]:  84%|████████▍ | 387/459 [00:16<00:03, 23.86it/s]
Epoch 10/50 [Train]:  85%|████████▍ | 390/459 [00:16<00:03, 22.93it/s]
Epoch 10/50 [Train]:  86%|████████▌ | 393/459 [00:16<00:02, 22.47it/s]
Epoch 10/50 [Train]:  86%|████████▋ | 396/459 [00:16<00:02, 22.50it/s]
Epoch 10/50 [Train]:  87%|████████▋ | 399/459 [00:16<00:02, 22.34it/s]
Epoch 10/50 [Train]:  88%|████████▊ | 402/459 [00:16<00:02, 22.33it/s]
Epoch 10/50 [Train]:  88%|████████▊ | 405/459 [00:17<00:02, 22.69it/s]
Epoch 10/50 [Train]:  89%|████████▉ | 408/459 [00:17<00:02, 22.48it/s]
Epoch 10/50 [Train]:  90%|████████▉ | 411/459 [00:17<00:02, 22.86it/s]
Epoch 10/50 [Train]:  90%|█████████ | 414/459 [00:17<00:01, 22.92it/s]
Epoch 10/50 [Train]:  91%|█████████ | 417/459 [00:17<00:01, 23.09it/s]
Epoch 10/50 [Train]:  92%|█████████▏| 420/459 [00:17<00:01, 23.10it/s]
Epoch 10/50 [Train]:  92%|█████████▏| 423/459 [00:17<00:01, 23.03it/s]
Epoch 10/50 [Train]:  93%|█████████▎| 426/459 [00:17<00:01, 22.75it/s]
Epoch 10/50 [Train]:  93%|█████████▎| 429/459 [00:18<00:01, 22.89it/s]
Epoch 10/50 [Train]:  94%|█████████▍| 432/459 [00:18<00:01, 22.85it/s]
Epoch 10/50 [Train]:  95%|█████████▍| 435/459 [00:18<00:01, 22.92it/s]
Epoch 10/50 [Train]:  95%|█████████▌| 438/459 [00:18<00:00, 23.10it/s]
Epoch 10/50 [Train]:  96%|█████████▌| 441/459 [00:18<00:00, 22.88it/s]
Epoch 10/50 [Train]:  97%|█████████▋| 444/459 [00:18<00:00, 22.87it/s]
Epoch 10/50 [Train]:  97%|█████████▋| 447/459 [00:18<00:00, 22.99it/s]
Epoch 10/50 [Train]:  98%|█████████▊| 450/459 [00:19<00:00, 23.12it/s]
Epoch 10/50 [Train]:  99%|█████████▊| 453/459 [00:19<00:00, 23.29it/s]
Epoch 10/50 [Train]:  99%|█████████▉| 456/459 [00:19<00:00, 23.47it/s]
Epoch 10/50 [Train]: 100%|██████████| 459/459 [00:19<00:00, 23.50it/s]
                                                                      

Epoch 10/50 [Val]:   0%|          | 0/113 [00:00<?, ?it/s]
Epoch 10/50 [Val]:   2%|▏         | 2/113 [00:00<00:06, 17.61it/s]
Epoch 10/50 [Val]:   4%|▎         | 4/113 [00:00<00:06, 17.70it/s]
Epoch 10/50 [Val]:   5%|▌         | 6/113 [00:00<00:06, 17.63it/s]
Epoch 10/50 [Val]:   7%|▋         | 8/113 [00:00<00:05, 17.75it/s]
Epoch 10/50 [Val]:   9%|▉         | 10/113 [00:00<00:05, 18.41it/s]
Epoch 10/50 [Val]:  11%|█         | 12/113 [00:00<00:05, 18.47it/s]
Epoch 10/50 [Val]:  12%|█▏        | 14/113 [00:00<00:05, 18.45it/s]
Epoch 10/50 [Val]:  14%|█▍        | 16/113 [00:00<00:05, 17.39it/s]
Epoch 10/50 [Val]:  16%|█▌        | 18/113 [00:01<00:05, 16.80it/s]
Epoch 10/50 [Val]:  18%|█▊        | 20/113 [00:01<00:05, 16.34it/s]
Epoch 10/50 [Val]:  19%|█▉        | 22/113 [00:01<00:05, 16.08it/s]
Epoch 10/50 [Val]:  21%|██        | 24/113 [00:01<00:05, 15.84it/s]
Epoch 10/50 [Val]:  23%|██▎       | 26/113 [00:01<00:05, 16.02it/s]
Epoch 10/50 [Val]:  25%|██▍       | 28/113 [00:01<00:05, 16.25it/s]
Epoch 10/50 [Val]:  27%|██▋       | 30/113 [00:01<00:04, 16.63it/s]
Epoch 10/50 [Val]:  28%|██▊       | 32/113 [00:01<00:04, 16.96it/s]
Epoch 10/50 [Val]:  30%|███       | 34/113 [00:01<00:04, 17.13it/s]
Epoch 10/50 [Val]:  32%|███▏      | 36/113 [00:02<00:04, 17.53it/s]
Epoch 10/50 [Val]:  34%|███▎      | 38/113 [00:02<00:04, 17.81it/s]
Epoch 10/50 [Val]:  35%|███▌      | 40/113 [00:02<00:04, 18.05it/s]
Epoch 10/50 [Val]:  37%|███▋      | 42/113 [00:02<00:03, 18.21it/s]
Epoch 10/50 [Val]:  39%|███▉      | 44/113 [00:02<00:03, 18.18it/s]
Epoch 10/50 [Val]:  41%|████      | 46/113 [00:02<00:03, 17.72it/s]
Epoch 10/50 [Val]:  42%|████▏     | 48/113 [00:02<00:03, 17.64it/s]
Epoch 10/50 [Val]:  44%|████▍     | 50/113 [00:02<00:03, 17.97it/s]
Epoch 10/50 [Val]:  46%|████▌     | 52/113 [00:02<00:03, 18.19it/s]
Epoch 10/50 [Val]:  48%|████▊     | 54/113 [00:03<00:03, 18.34it/s]
Epoch 10/50 [Val]:  50%|████▉     | 56/113 [00:03<00:03, 18.37it/s]
Epoch 10/50 [Val]:  51%|█████▏    | 58/113 [00:03<00:03, 17.70it/s]
Epoch 10/50 [Val]:  53%|█████▎    | 60/113 [00:03<00:02, 18.16it/s]
Epoch 10/50 [Val]:  55%|█████▍    | 62/113 [00:03<00:02, 18.14it/s]
Epoch 10/50 [Val]:  57%|█████▋    | 64/113 [00:03<00:02, 18.25it/s]
Epoch 10/50 [Val]:  58%|█████▊    | 66/113 [00:03<00:02, 17.74it/s]
Epoch 10/50 [Val]:  60%|██████    | 68/113 [00:03<00:02, 17.59it/s]
Epoch 10/50 [Val]:  62%|██████▏   | 70/113 [00:03<00:02, 17.77it/s]
Epoch 10/50 [Val]:  64%|██████▎   | 72/113 [00:04<00:02, 17.96it/s]
Epoch 10/50 [Val]:  65%|██████▌   | 74/113 [00:04<00:02, 18.09it/s]
Epoch 10/50 [Val]:  67%|██████▋   | 76/113 [00:04<00:02, 18.14it/s]
Epoch 10/50 [Val]:  69%|██████▉   | 78/113 [00:04<00:01, 18.20it/s]
Epoch 10/50 [Val]:  71%|███████   | 80/113 [00:04<00:01, 18.20it/s]
Epoch 10/50 [Val]:  73%|███████▎  | 82/113 [00:04<00:01, 18.07it/s]
Epoch 10/50 [Val]:  74%|███████▍  | 84/113 [00:04<00:01, 18.15it/s]
Epoch 10/50 [Val]:  76%|███████▌  | 86/113 [00:04<00:01, 18.13it/s]
Epoch 10/50 [Val]:  78%|███████▊  | 88/113 [00:04<00:01, 18.03it/s]
Epoch 10/50 [Val]:  80%|███████▉  | 90/113 [00:05<00:01, 18.27it/s]
Epoch 10/50 [Val]:  81%|████████▏ | 92/113 [00:05<00:01, 18.24it/s]
Epoch 10/50 [Val]:  83%|████████▎ | 94/113 [00:05<00:01, 18.37it/s]
Epoch 10/50 [Val]:  85%|████████▍ | 96/113 [00:05<00:00, 18.67it/s]
Epoch 10/50 [Val]:  87%|████████▋ | 98/113 [00:05<00:00, 18.83it/s]
Epoch 10/50 [Val]:  88%|████████▊ | 100/113 [00:05<00:00, 18.43it/s]
Epoch 10/50 [Val]:  90%|█████████ | 102/113 [00:05<00:00, 18.05it/s]
Epoch 10/50 [Val]:  92%|█████████▏| 104/113 [00:05<00:00, 18.38it/s]
Epoch 10/50 [Val]:  94%|█████████▍| 106/113 [00:05<00:00, 18.47it/s]
Epoch 10/50 [Val]:  96%|█████████▌| 108/113 [00:06<00:00, 18.64it/s]
Epoch 10/50 [Val]:  97%|█████████▋| 110/113 [00:06<00:00, 18.73it/s]
Epoch 10/50 [Val]:  99%|█████████▉| 112/113 [00:06<00:00, 18.56it/s]
                                                                    

Epoch 11/50 [Train]:   0%|          | 0/459 [00:00<?, ?it/s]
Epoch 11/50 [Train]:   1%|          | 3/459 [00:00<00:21, 21.67it/s]
Epoch 11/50 [Train]:   1%|▏         | 6/459 [00:00<00:20, 22.47it/s]
Epoch 11/50 [Train]:   2%|▏         | 9/459 [00:00<00:19, 23.26it/s]
Epoch 11/50 [Train]:   3%|▎         | 12/459 [00:00<00:19, 23.41it/s]
Epoch 11/50 [Train]:   3%|▎         | 15/459 [00:00<00:18, 23.51it/s]
Epoch 11/50 [Train]:   4%|▍         | 18/459 [00:00<00:18, 23.42it/s]
Epoch 11/50 [Train]:   5%|▍         | 21/459 [00:00<00:18, 23.60it/s]
Epoch 11/50 [Train]:   5%|▌         | 24/459 [00:01<00:18, 23.76it/s]
Epoch 11/50 [Train]:   6%|▌         | 27/459 [00:01<00:18, 23.78it/s]
Epoch 11/50 [Train]:   7%|▋         | 30/459 [00:01<00:18, 23.56it/s]
Epoch 11/50 [Train]:   7%|▋         | 33/459 [00:01<00:17, 23.78it/s]
Epoch 11/50 [Train]:   8%|▊         | 36/459 [00:01<00:17, 23.65it/s]
Epoch 11/50 [Train]:   8%|▊         | 39/459 [00:01<00:17, 23.56it/s]
Epoch 11/50 [Train]:   9%|▉         | 42/459 [00:01<00:17, 23.58it/s]
Epoch 11/50 [Train]:  10%|▉         | 45/459 [00:01<00:17, 23.73it/s]
Epoch 11/50 [Train]:  10%|█         | 48/459 [00:02<00:17, 23.80it/s]
Epoch 11/50 [Train]:  11%|█         | 51/459 [00:02<00:17, 23.98it/s]
Epoch 11/50 [Train]:  12%|█▏        | 54/459 [00:02<00:16, 23.95it/s]
Epoch 11/50 [Train]:  12%|█▏        | 57/459 [00:02<00:16, 23.86it/s]
Epoch 11/50 [Train]:  13%|█▎        | 60/459 [00:02<00:16, 24.00it/s]
Epoch 11/50 [Train]:  14%|█▎        | 63/459 [00:02<00:16, 23.74it/s]
Epoch 11/50 [Train]:  14%|█▍        | 66/459 [00:02<00:16, 23.67it/s]
Epoch 11/50 [Train]:  15%|█▌        | 69/459 [00:02<00:16, 23.68it/s]
Epoch 11/50 [Train]:  16%|█▌        | 72/459 [00:03<00:16, 23.65it/s]
Epoch 11/50 [Train]:  16%|█▋        | 75/459 [00:03<00:16, 23.70it/s]
Epoch 11/50 [Train]:  17%|█▋        | 78/459 [00:03<00:15, 23.90it/s]
Epoch 11/50 [Train]:  18%|█▊        | 81/459 [00:03<00:15, 24.01it/s]
Epoch 11/50 [Train]:  18%|█▊        | 84/459 [00:03<00:15, 24.04it/s]
Epoch 11/50 [Train]:  19%|█▉        | 87/459 [00:03<00:15, 23.88it/s]
Epoch 11/50 [Train]:  20%|█▉        | 90/459 [00:03<00:15, 23.91it/s]
Epoch 11/50 [Train]:  20%|██        | 93/459 [00:03<00:15, 23.99it/s]
Epoch 11/50 [Train]:  21%|██        | 96/459 [00:04<00:15, 23.96it/s]
Epoch 11/50 [Train]:  22%|██▏       | 99/459 [00:04<00:15, 23.86it/s]
Epoch 11/50 [Train]:  22%|██▏       | 102/459 [00:04<00:14, 23.90it/s]
Epoch 11/50 [Train]:  23%|██▎       | 105/459 [00:04<00:14, 23.87it/s]
Epoch 11/50 [Train]:  24%|██▎       | 108/459 [00:04<00:14, 23.88it/s]
Epoch 11/50 [Train]:  24%|██▍       | 111/459 [00:04<00:14, 23.83it/s]
Epoch 11/50 [Train]:  25%|██▍       | 114/459 [00:04<00:14, 23.84it/s]
Epoch 11/50 [Train]:  25%|██▌       | 117/459 [00:04<00:14, 23.80it/s]
Epoch 11/50 [Train]:  26%|██▌       | 120/459 [00:05<00:14, 23.85it/s]
Epoch 11/50 [Train]:  27%|██▋       | 123/459 [00:05<00:14, 23.74it/s]
Epoch 11/50 [Train]:  27%|██▋       | 126/459 [00:05<00:14, 23.73it/s]
Epoch 11/50 [Train]:  28%|██▊       | 129/459 [00:05<00:13, 23.86it/s]
Epoch 11/50 [Train]:  29%|██▉       | 132/459 [00:05<00:13, 23.76it/s]
Epoch 11/50 [Train]:  29%|██▉       | 135/459 [00:05<00:13, 23.51it/s]
Epoch 11/50 [Train]:  30%|███       | 138/459 [00:05<00:13, 23.69it/s]
Epoch 11/50 [Train]:  31%|███       | 141/459 [00:05<00:13, 23.61it/s]
Epoch 11/50 [Train]:  31%|███▏      | 144/459 [00:06<00:13, 23.63it/s]
Epoch 11/50 [Train]:  32%|███▏      | 147/459 [00:06<00:13, 23.68it/s]
Epoch 11/50 [Train]:  33%|███▎      | 150/459 [00:06<00:13, 23.21it/s]
Epoch 11/50 [Train]:  33%|███▎      | 153/459 [00:06<00:13, 23.28it/s]
Epoch 11/50 [Train]:  34%|███▍      | 156/459 [00:06<00:12, 23.53it/s]
Epoch 11/50 [Train]:  35%|███▍      | 159/459 [00:06<00:12, 23.75it/s]
Epoch 11/50 [Train]:  35%|███▌      | 162/459 [00:06<00:12, 23.67it/s]
Epoch 11/50 [Train]:  36%|███▌      | 165/459 [00:06<00:12, 23.74it/s]
Epoch 11/50 [Train]:  37%|███▋      | 168/459 [00:07<00:12, 23.88it/s]
Epoch 11/50 [Train]:  37%|███▋      | 171/459 [00:07<00:12, 23.99it/s]
Epoch 11/50 [Train]:  38%|███▊      | 174/459 [00:07<00:11, 24.14it/s]
Epoch 11/50 [Train]:  39%|███▊      | 177/459 [00:07<00:11, 23.98it/s]
Epoch 11/50 [Train]:  39%|███▉      | 180/459 [00:07<00:11, 23.98it/s]
Epoch 11/50 [Train]:  40%|███▉      | 183/459 [00:07<00:11, 23.95it/s]
Epoch 11/50 [Train]:  41%|████      | 186/459 [00:07<00:11, 23.97it/s]
Epoch 11/50 [Train]:  41%|████      | 189/459 [00:07<00:11, 24.01it/s]
Epoch 11/50 [Train]:  42%|████▏     | 192/459 [00:08<00:11, 23.93it/s]
Epoch 11/50 [Train]:  42%|████▏     | 195/459 [00:08<00:11, 23.90it/s]
Epoch 11/50 [Train]:  43%|████▎     | 198/459 [00:08<00:10, 24.04it/s]
Epoch 11/50 [Train]:  44%|████▍     | 201/459 [00:08<00:10, 24.01it/s]
Epoch 11/50 [Train]:  44%|████▍     | 204/459 [00:08<00:10, 24.12it/s]
Epoch 11/50 [Train]:  45%|████▌     | 207/459 [00:08<00:10, 23.96it/s]
Epoch 11/50 [Train]:  46%|████▌     | 210/459 [00:08<00:10, 23.91it/s]
Epoch 11/50 [Train]:  46%|████▋     | 213/459 [00:08<00:10, 23.96it/s]
Epoch 11/50 [Train]:  47%|████▋     | 216/459 [00:09<00:10, 23.88it/s]
Epoch 11/50 [Train]:  48%|████▊     | 219/459 [00:09<00:10, 23.75it/s]
Epoch 11/50 [Train]:  48%|████▊     | 222/459 [00:09<00:09, 23.85it/s]
Epoch 11/50 [Train]:  49%|████▉     | 225/459 [00:09<00:09, 23.55it/s]
Epoch 11/50 [Train]:  50%|████▉     | 228/459 [00:09<00:09, 23.57it/s]
Epoch 11/50 [Train]:  50%|█████     | 231/459 [00:09<00:09, 23.71it/s]
Epoch 11/50 [Train]:  51%|█████     | 234/459 [00:09<00:09, 23.83it/s]
Epoch 11/50 [Train]:  52%|█████▏    | 237/459 [00:09<00:09, 23.91it/s]
Epoch 11/50 [Train]:  52%|█████▏    | 240/459 [00:10<00:09, 23.57it/s]
Epoch 11/50 [Train]:  53%|█████▎    | 243/459 [00:10<00:09, 23.62it/s]
Epoch 11/50 [Train]:  54%|█████▎    | 246/459 [00:10<00:08, 23.89it/s]
Epoch 11/50 [Train]:  54%|█████▍    | 249/459 [00:10<00:08, 24.10it/s]
Epoch 11/50 [Train]:  55%|█████▍    | 252/459 [00:10<00:08, 24.14it/s]
Epoch 11/50 [Train]:  56%|█████▌    | 255/459 [00:10<00:08, 24.14it/s]
Epoch 11/50 [Train]:  56%|█████▌    | 258/459 [00:10<00:08, 23.98it/s]
Epoch 11/50 [Train]:  57%|█████▋    | 261/459 [00:10<00:08, 24.11it/s]
Epoch 11/50 [Train]:  58%|█████▊    | 264/459 [00:11<00:08, 24.19it/s]
Epoch 11/50 [Train]:  58%|█████▊    | 267/459 [00:11<00:07, 24.13it/s]
Epoch 11/50 [Train]:  59%|█████▉    | 270/459 [00:11<00:07, 24.15it/s]
Epoch 11/50 [Train]:  59%|█████▉    | 273/459 [00:11<00:07, 24.05it/s]
Epoch 11/50 [Train]:  60%|██████    | 276/459 [00:11<00:07, 24.12it/s]
Epoch 11/50 [Train]:  61%|██████    | 279/459 [00:11<00:07, 24.09it/s]
Epoch 11/50 [Train]:  61%|██████▏   | 282/459 [00:11<00:07, 23.97it/s]
Epoch 11/50 [Train]:  62%|██████▏   | 285/459 [00:11<00:07, 23.83it/s]
Epoch 11/50 [Train]:  63%|██████▎   | 288/459 [00:12<00:07, 23.91it/s]
Epoch 11/50 [Train]:  63%|██████▎   | 291/459 [00:12<00:06, 24.11it/s]
Epoch 11/50 [Train]:  64%|██████▍   | 294/459 [00:12<00:06, 24.02it/s]
Epoch 11/50 [Train]:  65%|██████▍   | 297/459 [00:12<00:06, 24.00it/s]
Epoch 11/50 [Train]:  65%|██████▌   | 300/459 [00:12<00:06, 23.95it/s]
Epoch 11/50 [Train]:  66%|██████▌   | 303/459 [00:12<00:06, 23.85it/s]
Epoch 11/50 [Train]:  67%|██████▋   | 306/459 [00:12<00:06, 23.80it/s]
Epoch 11/50 [Train]:  67%|██████▋   | 309/459 [00:12<00:06, 23.50it/s]
Epoch 11/50 [Train]:  68%|██████▊   | 312/459 [00:13<00:06, 23.71it/s]
Epoch 11/50 [Train]:  69%|██████▊   | 315/459 [00:13<00:06, 23.74it/s]
Epoch 11/50 [Train]:  69%|██████▉   | 318/459 [00:13<00:05, 23.81it/s]
Epoch 11/50 [Train]:  70%|██████▉   | 321/459 [00:13<00:05, 23.92it/s]
Epoch 11/50 [Train]:  71%|███████   | 324/459 [00:13<00:05, 23.86it/s]
Epoch 11/50 [Train]:  71%|███████   | 327/459 [00:13<00:05, 23.82it/s]
Epoch 11/50 [Train]:  72%|███████▏  | 330/459 [00:13<00:05, 23.70it/s]
Epoch 11/50 [Train]:  73%|███████▎  | 333/459 [00:13<00:05, 23.86it/s]
Epoch 11/50 [Train]:  73%|███████▎  | 336/459 [00:14<00:05, 23.81it/s]
Epoch 11/50 [Train]:  74%|███████▍  | 339/459 [00:14<00:05, 23.81it/s]
Epoch 11/50 [Train]:  75%|███████▍  | 342/459 [00:14<00:04, 23.95it/s]
Epoch 11/50 [Train]:  75%|███████▌  | 345/459 [00:14<00:04, 23.96it/s]
Epoch 11/50 [Train]:  76%|███████▌  | 348/459 [00:14<00:04, 23.75it/s]
Epoch 11/50 [Train]:  76%|███████▋  | 351/459 [00:14<00:04, 23.85it/s]
Epoch 11/50 [Train]:  77%|███████▋  | 354/459 [00:14<00:04, 23.92it/s]
Epoch 11/50 [Train]:  78%|███████▊  | 357/459 [00:14<00:04, 23.60it/s]
Epoch 11/50 [Train]:  78%|███████▊  | 360/459 [00:15<00:04, 23.81it/s]
Epoch 11/50 [Train]:  79%|███████▉  | 363/459 [00:15<00:04, 23.81it/s]
Epoch 11/50 [Train]:  80%|███████▉  | 366/459 [00:15<00:03, 23.86it/s]
Epoch 11/50 [Train]:  80%|████████  | 369/459 [00:15<00:03, 23.83it/s]
Epoch 11/50 [Train]:  81%|████████  | 372/459 [00:15<00:03, 23.83it/s]
Epoch 11/50 [Train]:  82%|████████▏ | 375/459 [00:15<00:03, 23.91it/s]
Epoch 11/50 [Train]:  82%|████████▏ | 378/459 [00:15<00:03, 23.91it/s]
Epoch 11/50 [Train]:  83%|████████▎ | 381/459 [00:15<00:03, 23.92it/s]
Epoch 11/50 [Train]:  84%|████████▎ | 384/459 [00:16<00:03, 24.05it/s]
Epoch 11/50 [Train]:  84%|████████▍ | 387/459 [00:16<00:02, 24.09it/s]
Epoch 11/50 [Train]:  85%|████████▍ | 390/459 [00:16<00:02, 24.04it/s]
Epoch 11/50 [Train]:  86%|████████▌ | 393/459 [00:16<00:02, 23.96it/s]
Epoch 11/50 [Train]:  86%|████████▋ | 396/459 [00:16<00:02, 23.96it/s]
Epoch 11/50 [Train]:  87%|████████▋ | 399/459 [00:16<00:02, 23.95it/s]
Epoch 11/50 [Train]:  88%|████████▊ | 402/459 [00:16<00:02, 23.54it/s]
Epoch 11/50 [Train]:  88%|████████▊ | 405/459 [00:17<00:02, 23.15it/s]
Epoch 11/50 [Train]:  89%|████████▉ | 408/459 [00:17<00:02, 23.29it/s]
Epoch 11/50 [Train]:  90%|████████▉ | 411/459 [00:17<00:02, 23.39it/s]
Epoch 11/50 [Train]:  90%|█████████ | 414/459 [00:17<00:01, 23.31it/s]
Epoch 11/50 [Train]:  91%|█████████ | 417/459 [00:17<00:01, 23.60it/s]
Epoch 11/50 [Train]:  92%|█████████▏| 420/459 [00:17<00:01, 23.52it/s]
Epoch 11/50 [Train]:  92%|█████████▏| 423/459 [00:17<00:01, 23.77it/s]
Epoch 11/50 [Train]:  93%|█████████▎| 426/459 [00:17<00:01, 23.83it/s]
Epoch 11/50 [Train]:  93%|█████████▎| 429/459 [00:18<00:01, 24.06it/s]
Epoch 11/50 [Train]:  94%|█████████▍| 432/459 [00:18<00:01, 24.24it/s]
Epoch 11/50 [Train]:  95%|█████████▍| 435/459 [00:18<00:00, 24.22it/s]
Epoch 11/50 [Train]:  95%|█████████▌| 438/459 [00:18<00:00, 24.27it/s]
Epoch 11/50 [Train]:  96%|█████████▌| 441/459 [00:18<00:00, 24.21it/s]
Epoch 11/50 [Train]:  97%|█████████▋| 444/459 [00:18<00:00, 24.10it/s]
Epoch 11/50 [Train]:  97%|█████████▋| 447/459 [00:18<00:00, 23.89it/s]
Epoch 11/50 [Train]:  98%|█████████▊| 450/459 [00:18<00:00, 23.92it/s]
Epoch 11/50 [Train]:  99%|█████████▊| 453/459 [00:19<00:00, 23.97it/s]
Epoch 11/50 [Train]:  99%|█████████▉| 456/459 [00:19<00:00, 23.67it/s]
Epoch 11/50 [Train]: 100%|██████████| 459/459 [00:19<00:00, 23.73it/s]
                                                                      

Epoch 11/50 [Val]:   0%|          | 0/113 [00:00<?, ?it/s]
Epoch 11/50 [Val]:   2%|▏         | 2/113 [00:00<00:06, 17.67it/s]
Epoch 11/50 [Val]:   4%|▎         | 4/113 [00:00<00:06, 17.65it/s]
Epoch 11/50 [Val]:   5%|▌         | 6/113 [00:00<00:06, 17.30it/s]
Epoch 11/50 [Val]:   7%|▋         | 8/113 [00:00<00:05, 17.50it/s]
Epoch 11/50 [Val]:   9%|▉         | 10/113 [00:00<00:05, 18.27it/s]
Epoch 11/50 [Val]:  11%|█         | 12/113 [00:00<00:05, 18.09it/s]
Epoch 11/50 [Val]:  12%|█▏        | 14/113 [00:00<00:05, 18.14it/s]
Epoch 11/50 [Val]:  14%|█▍        | 16/113 [00:00<00:05, 17.11it/s]
Epoch 11/50 [Val]:  16%|█▌        | 18/113 [00:01<00:05, 16.70it/s]
Epoch 11/50 [Val]:  18%|█▊        | 20/113 [00:01<00:05, 16.35it/s]
Epoch 11/50 [Val]:  19%|█▉        | 22/113 [00:01<00:05, 16.13it/s]
Epoch 11/50 [Val]:  21%|██        | 24/113 [00:01<00:05, 16.00it/s]
Epoch 11/50 [Val]:  23%|██▎       | 26/113 [00:01<00:05, 16.35it/s]
Epoch 11/50 [Val]:  25%|██▍       | 28/113 [00:01<00:05, 16.50it/s]
Epoch 11/50 [Val]:  27%|██▋       | 30/113 [00:01<00:04, 16.65it/s]
Epoch 11/50 [Val]:  28%|██▊       | 32/113 [00:01<00:04, 16.85it/s]
Epoch 11/50 [Val]:  30%|███       | 34/113 [00:02<00:04, 17.03it/s]
Epoch 11/50 [Val]:  32%|███▏      | 36/113 [00:02<00:04, 17.37it/s]
Epoch 11/50 [Val]:  34%|███▎      | 38/113 [00:02<00:04, 17.65it/s]
Epoch 11/50 [Val]:  35%|███▌      | 40/113 [00:02<00:04, 17.83it/s]
Epoch 11/50 [Val]:  37%|███▋      | 42/113 [00:02<00:03, 17.95it/s]
Epoch 11/50 [Val]:  39%|███▉      | 44/113 [00:02<00:03, 17.70it/s]
Epoch 11/50 [Val]:  41%|████      | 46/113 [00:02<00:03, 17.44it/s]
Epoch 11/50 [Val]:  42%|████▏     | 48/113 [00:02<00:03, 17.42it/s]
Epoch 11/50 [Val]:  44%|████▍     | 50/113 [00:02<00:03, 17.57it/s]
Epoch 11/50 [Val]:  46%|████▌     | 52/113 [00:03<00:03, 17.92it/s]
Epoch 11/50 [Val]:  48%|████▊     | 54/113 [00:03<00:03, 18.09it/s]
Epoch 11/50 [Val]:  50%|████▉     | 56/113 [00:03<00:03, 17.88it/s]
Epoch 11/50 [Val]:  51%|█████▏    | 58/113 [00:03<00:03, 17.20it/s]
Epoch 11/50 [Val]:  53%|█████▎    | 60/113 [00:03<00:03, 17.64it/s]
Epoch 11/50 [Val]:  55%|█████▍    | 62/113 [00:03<00:02, 17.69it/s]
Epoch 11/50 [Val]:  57%|█████▋    | 64/113 [00:03<00:02, 17.69it/s]
Epoch 11/50 [Val]:  58%|█████▊    | 66/113 [00:03<00:02, 17.37it/s]
Epoch 11/50 [Val]:  60%|██████    | 68/113 [00:03<00:02, 17.17it/s]
Epoch 11/50 [Val]:  62%|██████▏   | 70/113 [00:04<00:02, 17.26it/s]
Epoch 11/50 [Val]:  64%|██████▎   | 72/113 [00:04<00:02, 17.47it/s]
Epoch 11/50 [Val]:  65%|██████▌   | 74/113 [00:04<00:02, 17.74it/s]
Epoch 11/50 [Val]:  67%|██████▋   | 76/113 [00:04<00:02, 17.75it/s]
Epoch 11/50 [Val]:  69%|██████▉   | 78/113 [00:04<00:01, 17.76it/s]
Epoch 11/50 [Val]:  71%|███████   | 80/113 [00:04<00:01, 17.47it/s]
Epoch 11/50 [Val]:  73%|███████▎  | 82/113 [00:04<00:01, 17.39it/s]
Epoch 11/50 [Val]:  74%|███████▍  | 84/113 [00:04<00:01, 17.51it/s]
Epoch 11/50 [Val]:  76%|███████▌  | 86/113 [00:04<00:01, 17.68it/s]
Epoch 11/50 [Val]:  78%|███████▊  | 88/113 [00:05<00:01, 17.73it/s]
Epoch 11/50 [Val]:  80%|███████▉  | 90/113 [00:05<00:01, 18.03it/s]
Epoch 11/50 [Val]:  81%|████████▏ | 92/113 [00:05<00:01, 18.11it/s]
Epoch 11/50 [Val]:  83%|████████▎ | 94/113 [00:05<00:01, 18.33it/s]
Epoch 11/50 [Val]:  85%|████████▍ | 96/113 [00:05<00:00, 18.62it/s]
Epoch 11/50 [Val]:  87%|████████▋ | 98/113 [00:05<00:00, 18.61it/s]
Epoch 11/50 [Val]:  88%|████████▊ | 100/113 [00:05<00:00, 18.20it/s]
Epoch 11/50 [Val]:  90%|█████████ | 102/113 [00:05<00:00, 17.87it/s]
Epoch 11/50 [Val]:  92%|█████████▏| 104/113 [00:05<00:00, 18.31it/s]
Epoch 11/50 [Val]:  94%|█████████▍| 106/113 [00:06<00:00, 18.35it/s]
Epoch 11/50 [Val]:  96%|█████████▌| 108/113 [00:06<00:00, 18.37it/s]
Epoch 11/50 [Val]:  97%|█████████▋| 110/113 [00:06<00:00, 18.73it/s]
Epoch 11/50 [Val]:  99%|█████████▉| 112/113 [00:06<00:00, 18.55it/s]
                                                                    

Epoch 12/50 [Train]:   0%|          | 0/459 [00:00<?, ?it/s]
Epoch 12/50 [Train]:   1%|          | 3/459 [00:00<00:19, 23.18it/s]
Epoch 12/50 [Train]:   1%|▏         | 6/459 [00:00<00:19, 23.42it/s]
Epoch 12/50 [Train]:   2%|▏         | 9/459 [00:00<00:19, 23.62it/s]
Epoch 12/50 [Train]:   3%|▎         | 12/459 [00:00<00:18, 24.00it/s]
Epoch 12/50 [Train]:   3%|▎         | 15/459 [00:00<00:18, 24.07it/s]
Epoch 12/50 [Train]:   4%|▍         | 18/459 [00:00<00:18, 24.20it/s]
Epoch 12/50 [Train]:   5%|▍         | 21/459 [00:00<00:18, 24.10it/s]
Epoch 12/50 [Train]:   5%|▌         | 24/459 [00:01<00:18, 24.13it/s]
Epoch 12/50 [Train]:   6%|▌         | 27/459 [00:01<00:17, 24.20it/s]
Epoch 12/50 [Train]:   7%|▋         | 30/459 [00:01<00:17, 24.09it/s]
Epoch 12/50 [Train]:   7%|▋         | 33/459 [00:01<00:17, 23.68it/s]
Epoch 12/50 [Train]:   8%|▊         | 36/459 [00:01<00:17, 23.66it/s]
Epoch 12/50 [Train]:   8%|▊         | 39/459 [00:01<00:17, 23.54it/s]
Epoch 12/50 [Train]:   9%|▉         | 42/459 [00:01<00:17, 23.67it/s]
Epoch 12/50 [Train]:  10%|▉         | 45/459 [00:01<00:17, 23.74it/s]
Epoch 12/50 [Train]:  10%|█         | 48/459 [00:02<00:17, 23.89it/s]
Epoch 12/50 [Train]:  11%|█         | 51/459 [00:02<00:17, 23.87it/s]
Epoch 12/50 [Train]:  12%|█▏        | 54/459 [00:02<00:17, 23.81it/s]
Epoch 12/50 [Train]:  12%|█▏        | 57/459 [00:02<00:16, 24.00it/s]
Epoch 12/50 [Train]:  13%|█▎        | 60/459 [00:02<00:16, 23.66it/s]
Epoch 12/50 [Train]:  14%|█▎        | 63/459 [00:02<00:16, 23.82it/s]
Epoch 12/50 [Train]:  14%|█▍        | 66/459 [00:02<00:16, 23.75it/s]
Epoch 12/50 [Train]:  15%|█▌        | 69/459 [00:02<00:16, 23.85it/s]
Epoch 12/50 [Train]:  16%|█▌        | 72/459 [00:03<00:16, 23.81it/s]
Epoch 12/50 [Train]:  16%|█▋        | 75/459 [00:03<00:15, 24.01it/s]
Epoch 12/50 [Train]:  17%|█▋        | 78/459 [00:03<00:15, 24.00it/s]
Epoch 12/50 [Train]:  18%|█▊        | 81/459 [00:03<00:15, 24.00it/s]
Epoch 12/50 [Train]:  18%|█▊        | 84/459 [00:03<00:15, 24.06it/s]
Epoch 12/50 [Train]:  19%|█▉        | 87/459 [00:03<00:15, 23.98it/s]
Epoch 12/50 [Train]:  20%|█▉        | 90/459 [00:03<00:15, 23.95it/s]
Epoch 12/50 [Train]:  20%|██        | 93/459 [00:03<00:15, 24.09it/s]
Epoch 12/50 [Train]:  21%|██        | 96/459 [00:04<00:15, 23.95it/s]
Epoch 12/50 [Train]:  22%|██▏       | 99/459 [00:04<00:14, 24.08it/s]
Epoch 12/50 [Train]:  22%|██▏       | 102/459 [00:04<00:14, 24.23it/s]
Epoch 12/50 [Train]:  23%|██▎       | 105/459 [00:04<00:14, 24.24it/s]
Epoch 12/50 [Train]:  24%|██▎       | 108/459 [00:04<00:14, 24.26it/s]
Epoch 12/50 [Train]:  24%|██▍       | 111/459 [00:04<00:14, 24.05it/s]
Epoch 12/50 [Train]:  25%|██▍       | 114/459 [00:04<00:14, 23.90it/s]
Epoch 12/50 [Train]:  25%|██▌       | 117/459 [00:04<00:14, 24.08it/s]
Epoch 12/50 [Train]:  26%|██▌       | 120/459 [00:05<00:14, 23.97it/s]
Epoch 12/50 [Train]:  27%|██▋       | 123/459 [00:05<00:14, 23.92it/s]
Epoch 12/50 [Train]:  27%|██▋       | 126/459 [00:05<00:13, 23.93it/s]
Epoch 12/50 [Train]:  28%|██▊       | 129/459 [00:05<00:13, 23.94it/s]
Epoch 12/50 [Train]:  29%|██▉       | 132/459 [00:05<00:13, 24.07it/s]
Epoch 12/50 [Train]:  29%|██▉       | 135/459 [00:05<00:13, 24.17it/s]
Epoch 12/50 [Train]:  30%|███       | 138/459 [00:05<00:13, 24.11it/s]
Epoch 12/50 [Train]:  31%|███       | 141/459 [00:05<00:13, 23.99it/s]
Epoch 12/50 [Train]:  31%|███▏      | 144/459 [00:06<00:13, 23.95it/s]
Epoch 12/50 [Train]:  32%|███▏      | 147/459 [00:06<00:13, 23.79it/s]
Epoch 12/50 [Train]:  33%|███▎      | 150/459 [00:06<00:12, 23.89it/s]
Epoch 12/50 [Train]:  33%|███▎      | 153/459 [00:06<00:12, 23.79it/s]
Epoch 12/50 [Train]:  34%|███▍      | 156/459 [00:06<00:12, 24.08it/s]
Epoch 12/50 [Train]:  35%|███▍      | 159/459 [00:06<00:12, 23.94it/s]
Epoch 12/50 [Train]:  35%|███▌      | 162/459 [00:06<00:12, 23.90it/s]
Epoch 12/50 [Train]:  36%|███▌      | 165/459 [00:06<00:12, 24.01it/s]
Epoch 12/50 [Train]:  37%|███▋      | 168/459 [00:07<00:12, 24.08it/s]
Epoch 12/50 [Train]:  37%|███▋      | 171/459 [00:07<00:11, 24.11it/s]
Epoch 12/50 [Train]:  38%|███▊      | 174/459 [00:07<00:12, 22.42it/s]
Epoch 12/50 [Train]:  39%|███▊      | 177/459 [00:07<00:12, 22.03it/s]
Epoch 12/50 [Train]:  39%|███▉      | 180/459 [00:07<00:12, 22.60it/s]
Epoch 12/50 [Train]:  40%|███▉      | 183/459 [00:07<00:12, 22.43it/s]
Epoch 12/50 [Train]:  41%|████      | 186/459 [00:07<00:12, 22.59it/s]
Epoch 12/50 [Train]:  41%|████      | 189/459 [00:07<00:12, 22.38it/s]
Epoch 12/50 [Train]:  42%|████▏     | 192/459 [00:08<00:12, 22.16it/s]
Epoch 12/50 [Train]:  42%|████▏     | 195/459 [00:08<00:11, 22.35it/s]
Epoch 12/50 [Train]:  43%|████▎     | 198/459 [00:08<00:11, 21.96it/s]
Epoch 12/50 [Train]:  44%|████▍     | 201/459 [00:08<00:12, 21.20it/s]
Epoch 12/50 [Train]:  44%|████▍     | 204/459 [00:08<00:11, 21.81it/s]
Epoch 12/50 [Train]:  45%|████▌     | 207/459 [00:08<00:11, 22.14it/s]
Epoch 12/50 [Train]:  46%|████▌     | 210/459 [00:08<00:11, 22.44it/s]
Epoch 12/50 [Train]:  46%|████▋     | 213/459 [00:09<00:10, 22.72it/s]
Epoch 12/50 [Train]:  47%|████▋     | 216/459 [00:09<00:10, 23.02it/s]
Epoch 12/50 [Train]:  48%|████▊     | 219/459 [00:09<00:10, 23.19it/s]
Epoch 12/50 [Train]:  48%|████▊     | 222/459 [00:09<00:10, 23.37it/s]
Epoch 12/50 [Train]:  49%|████▉     | 225/459 [00:09<00:09, 23.50it/s]
Epoch 12/50 [Train]:  50%|████▉     | 228/459 [00:09<00:09, 23.45it/s]
Epoch 12/50 [Train]:  50%|█████     | 231/459 [00:09<00:09, 23.36it/s]
Epoch 12/50 [Train]:  51%|█████     | 234/459 [00:09<00:10, 22.45it/s]
Epoch 12/50 [Train]:  52%|█████▏    | 237/459 [00:10<00:09, 22.37it/s]
Epoch 12/50 [Train]:  52%|█████▏    | 240/459 [00:10<00:09, 22.20it/s]
Epoch 12/50 [Train]:  53%|█████▎    | 243/459 [00:10<00:10, 21.54it/s]
Epoch 12/50 [Train]:  54%|█████▎    | 246/459 [00:10<00:09, 21.33it/s]
Epoch 12/50 [Train]:  54%|█████▍    | 249/459 [00:10<00:09, 21.30it/s]
Epoch 12/50 [Train]:  55%|█████▍    | 252/459 [00:10<00:09, 21.86it/s]
Epoch 12/50 [Train]:  56%|█████▌    | 255/459 [00:10<00:09, 22.34it/s]
Epoch 12/50 [Train]:  56%|█████▌    | 258/459 [00:11<00:08, 22.69it/s]
Epoch 12/50 [Train]:  57%|█████▋    | 261/459 [00:11<00:08, 23.05it/s]
Epoch 12/50 [Train]:  58%|█████▊    | 264/459 [00:11<00:08, 23.28it/s]
Epoch 12/50 [Train]:  58%|█████▊    | 267/459 [00:11<00:08, 23.19it/s]
Epoch 12/50 [Train]:  59%|█████▉    | 270/459 [00:11<00:08, 23.24it/s]
Epoch 12/50 [Train]:  59%|█████▉    | 273/459 [00:11<00:07, 23.35it/s]
Epoch 12/50 [Train]:  60%|██████    | 276/459 [00:11<00:07, 23.35it/s]
Epoch 12/50 [Train]:  61%|██████    | 279/459 [00:11<00:07, 23.57it/s]
Epoch 12/50 [Train]:  61%|██████▏   | 282/459 [00:12<00:07, 23.58it/s]
Epoch 12/50 [Train]:  62%|██████▏   | 285/459 [00:12<00:07, 23.68it/s]
Epoch 12/50 [Train]:  63%|██████▎   | 288/459 [00:12<00:07, 23.44it/s]
Epoch 12/50 [Train]:  63%|██████▎   | 291/459 [00:12<00:07, 23.65it/s]
Epoch 12/50 [Train]:  64%|██████▍   | 294/459 [00:12<00:06, 23.70it/s]
Epoch 12/50 [Train]:  65%|██████▍   | 297/459 [00:12<00:06, 23.37it/s]
Epoch 12/50 [Train]:  65%|██████▌   | 300/459 [00:12<00:06, 23.33it/s]
Epoch 12/50 [Train]:  66%|██████▌   | 303/459 [00:12<00:06, 23.47it/s]
Epoch 12/50 [Train]:  67%|██████▋   | 306/459 [00:13<00:06, 23.59it/s]
Epoch 12/50 [Train]:  67%|██████▋   | 309/459 [00:13<00:06, 23.54it/s]
Epoch 12/50 [Train]:  68%|██████▊   | 312/459 [00:13<00:06, 23.44it/s]
Epoch 12/50 [Train]:  69%|██████▊   | 315/459 [00:13<00:06, 23.32it/s]
Epoch 12/50 [Train]:  69%|██████▉   | 318/459 [00:13<00:06, 23.33it/s]
Epoch 12/50 [Train]:  70%|██████▉   | 321/459 [00:13<00:05, 23.43it/s]
Epoch 12/50 [Train]:  71%|███████   | 324/459 [00:13<00:05, 23.23it/s]
Epoch 12/50 [Train]:  71%|███████   | 327/459 [00:13<00:05, 23.19it/s]
Epoch 12/50 [Train]:  72%|███████▏  | 330/459 [00:14<00:05, 23.44it/s]
Epoch 12/50 [Train]:  73%|███████▎  | 333/459 [00:14<00:05, 23.68it/s]
Epoch 12/50 [Train]:  73%|███████▎  | 336/459 [00:14<00:05, 23.66it/s]
Epoch 12/50 [Train]:  74%|███████▍  | 339/459 [00:14<00:05, 23.62it/s]
Epoch 12/50 [Train]:  75%|███████▍  | 342/459 [00:14<00:05, 23.35it/s]
Epoch 12/50 [Train]:  75%|███████▌  | 345/459 [00:14<00:04, 23.50it/s]
Epoch 12/50 [Train]:  76%|███████▌  | 348/459 [00:14<00:04, 23.43it/s]
Epoch 12/50 [Train]:  76%|███████▋  | 351/459 [00:15<00:04, 23.71it/s]
Epoch 12/50 [Train]:  77%|███████▋  | 354/459 [00:15<00:04, 23.96it/s]
Epoch 12/50 [Train]:  78%|███████▊  | 357/459 [00:15<00:04, 23.88it/s]
Epoch 12/50 [Train]:  78%|███████▊  | 360/459 [00:15<00:04, 23.81it/s]
Epoch 12/50 [Train]:  79%|███████▉  | 363/459 [00:15<00:04, 23.71it/s]
Epoch 12/50 [Train]:  80%|███████▉  | 366/459 [00:15<00:03, 23.68it/s]
Epoch 12/50 [Train]:  80%|████████  | 369/459 [00:15<00:03, 23.80it/s]
Epoch 12/50 [Train]:  81%|████████  | 372/459 [00:15<00:03, 23.71it/s]
Epoch 12/50 [Train]:  82%|████████▏ | 375/459 [00:16<00:03, 23.96it/s]
Epoch 12/50 [Train]:  82%|████████▏ | 378/459 [00:16<00:03, 23.80it/s]
Epoch 12/50 [Train]:  83%|████████▎ | 381/459 [00:16<00:03, 23.95it/s]
Epoch 12/50 [Train]:  84%|████████▎ | 384/459 [00:16<00:03, 23.88it/s]
Epoch 12/50 [Train]:  84%|████████▍ | 387/459 [00:16<00:03, 23.86it/s]
Epoch 12/50 [Train]:  85%|████████▍ | 390/459 [00:16<00:02, 23.96it/s]
Epoch 12/50 [Train]:  86%|████████▌ | 393/459 [00:16<00:02, 24.02it/s]
Epoch 12/50 [Train]:  86%|████████▋ | 396/459 [00:16<00:02, 24.09it/s]
Epoch 12/50 [Train]:  87%|████████▋ | 399/459 [00:17<00:02, 23.94it/s]
Epoch 12/50 [Train]:  88%|████████▊ | 402/459 [00:17<00:02, 23.96it/s]
Epoch 12/50 [Train]:  88%|████████▊ | 405/459 [00:17<00:02, 24.17it/s]
Epoch 12/50 [Train]:  89%|████████▉ | 408/459 [00:17<00:02, 23.89it/s]
Epoch 12/50 [Train]:  90%|████████▉ | 411/459 [00:17<00:02, 23.74it/s]
Epoch 12/50 [Train]:  90%|█████████ | 414/459 [00:17<00:01, 23.62it/s]
Epoch 12/50 [Train]:  91%|█████████ | 417/459 [00:17<00:01, 23.72it/s]
Epoch 12/50 [Train]:  92%|█████████▏| 420/459 [00:17<00:01, 23.55it/s]
Epoch 12/50 [Train]:  92%|█████████▏| 423/459 [00:18<00:01, 23.63it/s]
Epoch 12/50 [Train]:  93%|█████████▎| 426/459 [00:18<00:01, 23.60it/s]
Epoch 12/50 [Train]:  93%|█████████▎| 429/459 [00:18<00:01, 23.37it/s]
Epoch 12/50 [Train]:  94%|█████████▍| 432/459 [00:18<00:01, 23.44it/s]
Epoch 12/50 [Train]:  95%|█████████▍| 435/459 [00:18<00:01, 23.49it/s]
Epoch 12/50 [Train]:  95%|█████████▌| 438/459 [00:18<00:00, 23.50it/s]
Epoch 12/50 [Train]:  96%|█████████▌| 441/459 [00:18<00:00, 23.70it/s]
Epoch 12/50 [Train]:  97%|█████████▋| 444/459 [00:18<00:00, 23.71it/s]
Epoch 12/50 [Train]:  97%|█████████▋| 447/459 [00:19<00:00, 23.44it/s]
Epoch 12/50 [Train]:  98%|█████████▊| 450/459 [00:19<00:00, 23.30it/s]
Epoch 12/50 [Train]:  99%|█████████▊| 453/459 [00:19<00:00, 22.94it/s]
Epoch 12/50 [Train]:  99%|█████████▉| 456/459 [00:19<00:00, 22.64it/s]
Epoch 12/50 [Train]: 100%|██████████| 459/459 [00:19<00:00, 22.21it/s]
                                                                      

Epoch 12/50 [Val]:   0%|          | 0/113 [00:00<?, ?it/s]
Epoch 12/50 [Val]:   2%|▏         | 2/113 [00:00<00:06, 16.66it/s]
Epoch 12/50 [Val]:   4%|▎         | 4/113 [00:00<00:06, 16.95it/s]
Epoch 12/50 [Val]:   5%|▌         | 6/113 [00:00<00:06, 15.92it/s]
Epoch 12/50 [Val]:   7%|▋         | 8/113 [00:00<00:06, 16.31it/s]
Epoch 12/50 [Val]:   9%|▉         | 10/113 [00:00<00:06, 17.07it/s]
Epoch 12/50 [Val]:  11%|█         | 12/113 [00:00<00:05, 17.20it/s]
Epoch 12/50 [Val]:  12%|█▏        | 14/113 [00:00<00:05, 17.42it/s]
Epoch 12/50 [Val]:  14%|█▍        | 16/113 [00:00<00:05, 16.52it/s]
Epoch 12/50 [Val]:  16%|█▌        | 18/113 [00:01<00:05, 16.24it/s]
Epoch 12/50 [Val]:  18%|█▊        | 20/113 [00:01<00:05, 15.89it/s]
Epoch 12/50 [Val]:  19%|█▉        | 22/113 [00:01<00:05, 15.56it/s]
Epoch 12/50 [Val]:  21%|██        | 24/113 [00:01<00:05, 15.51it/s]
Epoch 12/50 [Val]:  23%|██▎       | 26/113 [00:01<00:05, 15.73it/s]
Epoch 12/50 [Val]:  25%|██▍       | 28/113 [00:01<00:05, 15.92it/s]
Epoch 12/50 [Val]:  27%|██▋       | 30/113 [00:01<00:05, 16.21it/s]
Epoch 12/50 [Val]:  28%|██▊       | 32/113 [00:01<00:04, 16.43it/s]
Epoch 12/50 [Val]:  30%|███       | 34/113 [00:02<00:04, 16.58it/s]
Epoch 12/50 [Val]:  32%|███▏      | 36/113 [00:02<00:04, 16.88it/s]
Epoch 12/50 [Val]:  34%|███▎      | 38/113 [00:02<00:04, 16.91it/s]
Epoch 12/50 [Val]:  35%|███▌      | 40/113 [00:02<00:04, 17.00it/s]
Epoch 12/50 [Val]:  37%|███▋      | 42/113 [00:02<00:04, 17.07it/s]
Epoch 12/50 [Val]:  39%|███▉      | 44/113 [00:02<00:04, 17.15it/s]
Epoch 12/50 [Val]:  41%|████      | 46/113 [00:02<00:03, 16.85it/s]
Epoch 12/50 [Val]:  42%|████▏     | 48/113 [00:02<00:03, 16.30it/s]
Epoch 12/50 [Val]:  44%|████▍     | 50/113 [00:03<00:03, 16.41it/s]
Epoch 12/50 [Val]:  46%|████▌     | 52/113 [00:03<00:03, 16.70it/s]
Epoch 12/50 [Val]:  48%|████▊     | 54/113 [00:03<00:03, 17.09it/s]
Epoch 12/50 [Val]:  50%|████▉     | 56/113 [00:03<00:03, 16.96it/s]
Epoch 12/50 [Val]:  51%|█████▏    | 58/113 [00:03<00:03, 16.52it/s]
Epoch 12/50 [Val]:  53%|█████▎    | 60/113 [00:03<00:03, 17.10it/s]
Epoch 12/50 [Val]:  55%|█████▍    | 62/113 [00:03<00:02, 17.03it/s]
Epoch 12/50 [Val]:  57%|█████▋    | 64/113 [00:03<00:02, 17.19it/s]
Epoch 12/50 [Val]:  58%|█████▊    | 66/113 [00:03<00:02, 16.80it/s]
Epoch 12/50 [Val]:  60%|██████    | 68/113 [00:04<00:02, 16.46it/s]
Epoch 12/50 [Val]:  62%|██████▏   | 70/113 [00:04<00:02, 16.58it/s]
Epoch 12/50 [Val]:  64%|██████▎   | 72/113 [00:04<00:02, 16.93it/s]
Epoch 12/50 [Val]:  65%|██████▌   | 74/113 [00:04<00:02, 17.14it/s]
Epoch 12/50 [Val]:  67%|██████▋   | 76/113 [00:04<00:02, 17.26it/s]
Epoch 12/50 [Val]:  69%|██████▉   | 78/113 [00:04<00:02, 17.34it/s]
Epoch 12/50 [Val]:  71%|███████   | 80/113 [00:04<00:01, 17.25it/s]
Epoch 12/50 [Val]:  73%|███████▎  | 82/113 [00:04<00:01, 17.15it/s]
Epoch 12/50 [Val]:  74%|███████▍  | 84/113 [00:05<00:01, 17.22it/s]
Epoch 12/50 [Val]:  76%|███████▌  | 86/113 [00:05<00:01, 17.16it/s]
Epoch 12/50 [Val]:  78%|███████▊  | 88/113 [00:05<00:01, 16.91it/s]
Epoch 12/50 [Val]:  80%|███████▉  | 90/113 [00:05<00:01, 17.04it/s]
Epoch 12/50 [Val]:  81%|████████▏ | 92/113 [00:05<00:01, 16.89it/s]
Epoch 12/50 [Val]:  83%|████████▎ | 94/113 [00:05<00:01, 17.02it/s]
Epoch 12/50 [Val]:  85%|████████▍ | 96/113 [00:05<00:00, 17.17it/s]
Epoch 12/50 [Val]:  87%|████████▋ | 98/113 [00:05<00:00, 15.99it/s]
Epoch 12/50 [Val]:  88%|████████▊ | 100/113 [00:06<00:00, 15.23it/s]
Epoch 12/50 [Val]:  90%|█████████ | 102/113 [00:06<00:00, 15.06it/s]
Epoch 12/50 [Val]:  92%|█████████▏| 104/113 [00:06<00:00, 15.51it/s]
Epoch 12/50 [Val]:  94%|█████████▍| 106/113 [00:06<00:00, 15.46it/s]
Epoch 12/50 [Val]:  96%|█████████▌| 108/113 [00:06<00:00, 15.84it/s]
Epoch 12/50 [Val]:  97%|█████████▋| 110/113 [00:06<00:00, 16.30it/s]
Epoch 12/50 [Val]:  99%|█████████▉| 112/113 [00:06<00:00, 16.69it/s]
                                                                    

Epoch 13/50 [Train]:   0%|          | 0/459 [00:00<?, ?it/s]
Epoch 13/50 [Train]:   0%|          | 2/459 [00:00<00:26, 17.42it/s]
Epoch 13/50 [Train]:   1%|          | 5/459 [00:00<00:22, 19.95it/s]
Epoch 13/50 [Train]:   2%|▏         | 8/459 [00:00<00:21, 21.05it/s]
Epoch 13/50 [Train]:   2%|▏         | 11/459 [00:00<00:20, 22.14it/s]
Epoch 13/50 [Train]:   3%|▎         | 14/459 [00:00<00:19, 22.74it/s]
Epoch 13/50 [Train]:   4%|▎         | 17/459 [00:00<00:18, 23.35it/s]
Epoch 13/50 [Train]:   4%|▍         | 20/459 [00:00<00:18, 23.38it/s]
Epoch 13/50 [Train]:   5%|▌         | 23/459 [00:01<00:18, 23.73it/s]
Epoch 13/50 [Train]:   6%|▌         | 26/459 [00:01<00:18, 23.61it/s]
Epoch 13/50 [Train]:   6%|▋         | 29/459 [00:01<00:18, 23.47it/s]
Epoch 13/50 [Train]:   7%|▋         | 32/459 [00:01<00:18, 22.60it/s]
Epoch 13/50 [Train]:   8%|▊         | 35/459 [00:01<00:19, 22.13it/s]
Epoch 13/50 [Train]:   8%|▊         | 38/459 [00:01<00:18, 22.26it/s]
Epoch 13/50 [Train]:   9%|▉         | 41/459 [00:01<00:18, 22.01it/s]
Epoch 13/50 [Train]:  10%|▉         | 44/459 [00:01<00:18, 22.51it/s]
Epoch 13/50 [Train]:  10%|█         | 47/459 [00:02<00:17, 22.93it/s]
Epoch 13/50 [Train]:  11%|█         | 50/459 [00:02<00:17, 23.32it/s]
Epoch 13/50 [Train]:  12%|█▏        | 53/459 [00:02<00:17, 23.28it/s]
Epoch 13/50 [Train]:  12%|█▏        | 56/459 [00:02<00:17, 23.48it/s]
Epoch 13/50 [Train]:  13%|█▎        | 59/459 [00:02<00:17, 23.06it/s]
Epoch 13/50 [Train]:  14%|█▎        | 62/459 [00:02<00:17, 22.71it/s]
Epoch 13/50 [Train]:  14%|█▍        | 65/459 [00:02<00:17, 22.35it/s]
Epoch 13/50 [Train]:  15%|█▍        | 68/459 [00:02<00:17, 22.62it/s]
Epoch 13/50 [Train]:  15%|█▌        | 71/459 [00:03<00:16, 22.88it/s]
Epoch 13/50 [Train]:  16%|█▌        | 74/459 [00:03<00:16, 23.20it/s]
Epoch 13/50 [Train]:  17%|█▋        | 77/459 [00:03<00:16, 23.46it/s]
Epoch 13/50 [Train]:  17%|█▋        | 80/459 [00:03<00:16, 23.03it/s]
Epoch 13/50 [Train]:  18%|█▊        | 83/459 [00:03<00:16, 22.82it/s]
Epoch 13/50 [Train]:  19%|█▊        | 86/459 [00:03<00:16, 22.68it/s]
Epoch 13/50 [Train]:  19%|█▉        | 89/459 [00:03<00:16, 22.67it/s]
Epoch 13/50 [Train]:  20%|██        | 92/459 [00:04<00:16, 22.72it/s]
Epoch 13/50 [Train]:  21%|██        | 95/459 [00:04<00:16, 22.48it/s]
Epoch 13/50 [Train]:  21%|██▏       | 98/459 [00:04<00:16, 22.39it/s]
Epoch 13/50 [Train]:  22%|██▏       | 101/459 [00:04<00:16, 21.78it/s]
Epoch 13/50 [Train]:  23%|██▎       | 104/459 [00:04<00:16, 22.18it/s]
Epoch 13/50 [Train]:  23%|██▎       | 107/459 [00:04<00:15, 22.42it/s]
Epoch 13/50 [Train]:  24%|██▍       | 110/459 [00:04<00:15, 22.61it/s]
Epoch 13/50 [Train]:  25%|██▍       | 113/459 [00:04<00:15, 22.29it/s]
Epoch 13/50 [Train]:  25%|██▌       | 116/459 [00:05<00:15, 22.04it/s]
Epoch 13/50 [Train]:  26%|██▌       | 119/459 [00:05<00:15, 21.74it/s]
Epoch 13/50 [Train]:  27%|██▋       | 122/459 [00:05<00:15, 21.72it/s]
Epoch 13/50 [Train]:  27%|██▋       | 125/459 [00:05<00:15, 21.96it/s]
Epoch 13/50 [Train]:  28%|██▊       | 128/459 [00:05<00:14, 22.37it/s]
Epoch 13/50 [Train]:  29%|██▊       | 131/459 [00:05<00:14, 22.97it/s]
Epoch 13/50 [Train]:  29%|██▉       | 134/459 [00:05<00:13, 23.26it/s]
Epoch 13/50 [Train]:  30%|██▉       | 137/459 [00:06<00:13, 23.43it/s]
Epoch 13/50 [Train]:  31%|███       | 140/459 [00:06<00:13, 23.55it/s]
Epoch 13/50 [Train]:  31%|███       | 143/459 [00:06<00:13, 23.71it/s]
Epoch 13/50 [Train]:  32%|███▏      | 146/459 [00:06<00:13, 23.79it/s]
Epoch 13/50 [Train]:  32%|███▏      | 149/459 [00:06<00:12, 23.99it/s]
Epoch 13/50 [Train]:  33%|███▎      | 152/459 [00:06<00:13, 23.38it/s]
Epoch 13/50 [Train]:  34%|███▍      | 155/459 [00:06<00:13, 23.03it/s]
Epoch 13/50 [Train]:  34%|███▍      | 158/459 [00:06<00:13, 23.15it/s]
Epoch 13/50 [Train]:  35%|███▌      | 161/459 [00:07<00:12, 23.04it/s]
Epoch 13/50 [Train]:  36%|███▌      | 164/459 [00:07<00:12, 22.99it/s]
Epoch 13/50 [Train]:  36%|███▋      | 167/459 [00:07<00:12, 22.98it/s]
Epoch 13/50 [Train]:  37%|███▋      | 170/459 [00:07<00:12, 23.33it/s]
Epoch 13/50 [Train]:  38%|███▊      | 173/459 [00:07<00:12, 23.66it/s]
Epoch 13/50 [Train]:  38%|███▊      | 176/459 [00:07<00:12, 22.58it/s]
Epoch 13/50 [Train]:  39%|███▉      | 179/459 [00:07<00:12, 22.35it/s]
Epoch 13/50 [Train]:  40%|███▉      | 182/459 [00:07<00:12, 22.77it/s]
Epoch 13/50 [Train]:  40%|████      | 185/459 [00:08<00:12, 22.57it/s]
Epoch 13/50 [Train]:  41%|████      | 188/459 [00:08<00:11, 22.63it/s]
Epoch 13/50 [Train]:  42%|████▏     | 191/459 [00:08<00:11, 22.87it/s]
Epoch 13/50 [Train]:  42%|████▏     | 194/459 [00:08<00:11, 23.03it/s]
Epoch 13/50 [Train]:  43%|████▎     | 197/459 [00:08<00:11, 22.80it/s]
Epoch 13/50 [Train]:  44%|████▎     | 200/459 [00:08<00:11, 23.06it/s]
Epoch 13/50 [Train]:  44%|████▍     | 203/459 [00:08<00:10, 23.44it/s]
Epoch 13/50 [Train]:  45%|████▍     | 206/459 [00:09<00:10, 23.75it/s]
Epoch 13/50 [Train]:  46%|████▌     | 209/459 [00:09<00:10, 22.90it/s]
Epoch 13/50 [Train]:  46%|████▌     | 212/459 [00:09<00:10, 22.66it/s]
Epoch 13/50 [Train]:  47%|████▋     | 215/459 [00:09<00:10, 22.63it/s]
Epoch 13/50 [Train]:  47%|████▋     | 218/459 [00:09<00:10, 22.73it/s]
Epoch 13/50 [Train]:  48%|████▊     | 221/459 [00:09<00:10, 22.42it/s]
Epoch 13/50 [Train]:  49%|████▉     | 224/459 [00:09<00:10, 22.16it/s]
Epoch 13/50 [Train]:  49%|████▉     | 227/459 [00:09<00:10, 22.20it/s]
Epoch 13/50 [Train]:  50%|█████     | 230/459 [00:10<00:10, 22.44it/s]
Epoch 13/50 [Train]:  51%|█████     | 233/459 [00:10<00:09, 22.89it/s]
Epoch 13/50 [Train]:  51%|█████▏    | 236/459 [00:10<00:09, 22.79it/s]
Epoch 13/50 [Train]:  52%|█████▏    | 239/459 [00:10<00:09, 22.92it/s]
Epoch 13/50 [Train]:  53%|█████▎    | 242/459 [00:10<00:09, 23.06it/s]
Epoch 13/50 [Train]:  53%|█████▎    | 245/459 [00:10<00:09, 22.75it/s]
Epoch 13/50 [Train]:  54%|█████▍    | 248/459 [00:10<00:09, 22.83it/s]
Epoch 13/50 [Train]:  55%|█████▍    | 251/459 [00:11<00:09, 22.75it/s]
Epoch 13/50 [Train]:  55%|█████▌    | 254/459 [00:11<00:08, 23.14it/s]
Epoch 13/50 [Train]:  56%|█████▌    | 257/459 [00:11<00:08, 23.31it/s]
Epoch 13/50 [Train]:  57%|█████▋    | 260/459 [00:11<00:08, 23.40it/s]
Epoch 13/50 [Train]:  57%|█████▋    | 263/459 [00:11<00:08, 23.65it/s]
Epoch 13/50 [Train]:  58%|█████▊    | 266/459 [00:11<00:08, 23.77it/s]
Epoch 13/50 [Train]:  59%|█████▊    | 269/459 [00:11<00:07, 23.98it/s]
Epoch 13/50 [Train]:  59%|█████▉    | 272/459 [00:11<00:07, 23.47it/s]
Epoch 13/50 [Train]:  60%|█████▉    | 275/459 [00:12<00:07, 23.29it/s]
Epoch 13/50 [Train]:  61%|██████    | 278/459 [00:12<00:07, 23.61it/s]
Epoch 13/50 [Train]:  61%|██████    | 281/459 [00:12<00:07, 23.64it/s]
Epoch 13/50 [Train]:  62%|██████▏   | 284/459 [00:12<00:07, 23.72it/s]
Epoch 13/50 [Train]:  63%|██████▎   | 287/459 [00:12<00:07, 23.55it/s]
Epoch 13/50 [Train]:  63%|██████▎   | 290/459 [00:12<00:07, 23.20it/s]
Epoch 13/50 [Train]:  64%|██████▍   | 293/459 [00:12<00:07, 23.16it/s]
Epoch 13/50 [Train]:  64%|██████▍   | 296/459 [00:12<00:07, 22.97it/s]
Epoch 13/50 [Train]:  65%|██████▌   | 299/459 [00:13<00:06, 22.87it/s]
Epoch 13/50 [Train]:  66%|██████▌   | 302/459 [00:13<00:06, 23.25it/s]
Epoch 13/50 [Train]:  66%|██████▋   | 305/459 [00:13<00:06, 23.13it/s]
Epoch 13/50 [Train]:  67%|██████▋   | 308/459 [00:13<00:06, 23.16it/s]
Epoch 13/50 [Train]:  68%|██████▊   | 311/459 [00:13<00:06, 23.26it/s]
Epoch 13/50 [Train]:  68%|██████▊   | 314/459 [00:13<00:06, 23.08it/s]
Epoch 13/50 [Train]:  69%|██████▉   | 317/459 [00:13<00:06, 23.18it/s]
Epoch 13/50 [Train]:  70%|██████▉   | 320/459 [00:13<00:06, 23.04it/s]
Epoch 13/50 [Train]:  70%|███████   | 323/459 [00:14<00:05, 23.21it/s]
Epoch 13/50 [Train]:  71%|███████   | 326/459 [00:14<00:05, 23.07it/s]
Epoch 13/50 [Train]:  72%|███████▏  | 329/459 [00:14<00:05, 23.12it/s]
Epoch 13/50 [Train]:  72%|███████▏  | 332/459 [00:14<00:05, 23.26it/s]
Epoch 13/50 [Train]:  73%|███████▎  | 335/459 [00:14<00:05, 23.23it/s]
Epoch 13/50 [Train]:  74%|███████▎  | 338/459 [00:14<00:05, 23.25it/s]
Epoch 13/50 [Train]:  74%|███████▍  | 341/459 [00:14<00:05, 22.98it/s]
Epoch 13/50 [Train]:  75%|███████▍  | 344/459 [00:15<00:05, 22.98it/s]
Epoch 13/50 [Train]:  76%|███████▌  | 347/459 [00:15<00:04, 22.55it/s]
Epoch 13/50 [Train]:  76%|███████▋  | 350/459 [00:15<00:04, 22.60it/s]
Epoch 13/50 [Train]:  77%|███████▋  | 353/459 [00:15<00:04, 22.77it/s]
Epoch 13/50 [Train]:  78%|███████▊  | 356/459 [00:15<00:04, 22.78it/s]
Epoch 13/50 [Train]:  78%|███████▊  | 359/459 [00:15<00:04, 22.63it/s]
Epoch 13/50 [Train]:  79%|███████▉  | 362/459 [00:15<00:04, 22.69it/s]
Epoch 13/50 [Train]:  80%|███████▉  | 365/459 [00:15<00:04, 22.70it/s]
Epoch 13/50 [Train]:  80%|████████  | 368/459 [00:16<00:03, 23.22it/s]
Epoch 13/50 [Train]:  81%|████████  | 371/459 [00:16<00:03, 23.67it/s]
Epoch 13/50 [Train]:  81%|████████▏ | 374/459 [00:16<00:03, 23.69it/s]
Epoch 13/50 [Train]:  82%|████████▏ | 377/459 [00:16<00:03, 23.92it/s]
Epoch 13/50 [Train]:  83%|████████▎ | 380/459 [00:16<00:03, 23.97it/s]
Epoch 13/50 [Train]:  83%|████████▎ | 383/459 [00:16<00:03, 23.76it/s]
Epoch 13/50 [Train]:  84%|████████▍ | 386/459 [00:16<00:03, 23.93it/s]
Epoch 13/50 [Train]:  85%|████████▍ | 389/459 [00:16<00:02, 24.12it/s]
Epoch 13/50 [Train]:  85%|████████▌ | 392/459 [00:17<00:02, 24.11it/s]
Epoch 13/50 [Train]:  86%|████████▌ | 395/459 [00:17<00:02, 24.25it/s]
Epoch 13/50 [Train]:  87%|████████▋ | 398/459 [00:17<00:02, 24.15it/s]
Epoch 13/50 [Train]:  87%|████████▋ | 401/459 [00:17<00:02, 24.07it/s]
Epoch 13/50 [Train]:  88%|████████▊ | 404/459 [00:17<00:02, 23.98it/s]
Epoch 13/50 [Train]:  89%|████████▊ | 407/459 [00:17<00:02, 23.93it/s]
Epoch 13/50 [Train]:  89%|████████▉ | 410/459 [00:17<00:02, 24.06it/s]
Epoch 13/50 [Train]:  90%|████████▉ | 413/459 [00:17<00:01, 24.24it/s]
Epoch 13/50 [Train]:  91%|█████████ | 416/459 [00:18<00:01, 23.91it/s]
Epoch 13/50 [Train]:  91%|█████████▏| 419/459 [00:18<00:01, 23.43it/s]
Epoch 13/50 [Train]:  92%|█████████▏| 422/459 [00:18<00:01, 23.36it/s]
Epoch 13/50 [Train]:  93%|█████████▎| 425/459 [00:18<00:01, 23.49it/s]
Epoch 13/50 [Train]:  93%|█████████▎| 428/459 [00:18<00:01, 23.35it/s]
Epoch 13/50 [Train]:  94%|█████████▍| 431/459 [00:18<00:01, 23.45it/s]
Epoch 13/50 [Train]:  95%|█████████▍| 434/459 [00:18<00:01, 23.31it/s]
Epoch 13/50 [Train]:  95%|█████████▌| 437/459 [00:18<00:00, 23.33it/s]
Epoch 13/50 [Train]:  96%|█████████▌| 440/459 [00:19<00:00, 22.94it/s]
Epoch 13/50 [Train]:  97%|█████████▋| 443/459 [00:19<00:00, 22.88it/s]
Epoch 13/50 [Train]:  97%|█████████▋| 446/459 [00:19<00:00, 23.25it/s]
Epoch 13/50 [Train]:  98%|█████████▊| 449/459 [00:19<00:00, 23.03it/s]
Epoch 13/50 [Train]:  98%|█████████▊| 452/459 [00:19<00:00, 22.86it/s]
Epoch 13/50 [Train]:  99%|█████████▉| 455/459 [00:19<00:00, 22.72it/s]
Epoch 13/50 [Train]: 100%|█████████▉| 458/459 [00:19<00:00, 22.39it/s]
                                                                      

Epoch 13/50 [Val]:   0%|          | 0/113 [00:00<?, ?it/s]
Epoch 13/50 [Val]:   2%|▏         | 2/113 [00:00<00:06, 17.46it/s]
Epoch 13/50 [Val]:   4%|▎         | 4/113 [00:00<00:06, 17.69it/s]
Epoch 13/50 [Val]:   5%|▌         | 6/113 [00:00<00:06, 17.10it/s]
Epoch 13/50 [Val]:   7%|▋         | 8/113 [00:00<00:06, 16.61it/s]
Epoch 13/50 [Val]:   9%|▉         | 10/113 [00:00<00:05, 17.27it/s]
Epoch 13/50 [Val]:  11%|█         | 12/113 [00:00<00:05, 17.29it/s]
Epoch 13/50 [Val]:  12%|█▏        | 14/113 [00:00<00:05, 17.44it/s]
Epoch 13/50 [Val]:  14%|█▍        | 16/113 [00:00<00:06, 15.98it/s]
Epoch 13/50 [Val]:  16%|█▌        | 18/113 [00:01<00:06, 15.15it/s]
Epoch 13/50 [Val]:  18%|█▊        | 20/113 [00:01<00:06, 15.09it/s]
Epoch 13/50 [Val]:  19%|█▉        | 22/113 [00:01<00:05, 15.22it/s]
Epoch 13/50 [Val]:  21%|██        | 24/113 [00:01<00:05, 15.44it/s]
Epoch 13/50 [Val]:  23%|██▎       | 26/113 [00:01<00:05, 15.86it/s]
Epoch 13/50 [Val]:  25%|██▍       | 28/113 [00:01<00:05, 16.12it/s]
Epoch 13/50 [Val]:  27%|██▋       | 30/113 [00:01<00:04, 16.62it/s]
Epoch 13/50 [Val]:  28%|██▊       | 32/113 [00:01<00:04, 17.02it/s]
Epoch 13/50 [Val]:  30%|███       | 34/113 [00:02<00:04, 17.13it/s]
Epoch 13/50 [Val]:  32%|███▏      | 36/113 [00:02<00:04, 17.42it/s]
Epoch 13/50 [Val]:  34%|███▎      | 38/113 [00:02<00:04, 17.64it/s]
Epoch 13/50 [Val]:  35%|███▌      | 40/113 [00:02<00:04, 17.81it/s]
Epoch 13/50 [Val]:  37%|███▋      | 42/113 [00:02<00:03, 18.08it/s]
Epoch 13/50 [Val]:  39%|███▉      | 44/113 [00:02<00:03, 17.82it/s]
Epoch 13/50 [Val]:  41%|████      | 46/113 [00:02<00:03, 17.52it/s]
Epoch 13/50 [Val]:  42%|████▏     | 48/113 [00:02<00:03, 17.67it/s]
Epoch 13/50 [Val]:  44%|████▍     | 50/113 [00:02<00:03, 17.99it/s]
Epoch 13/50 [Val]:  46%|████▌     | 52/113 [00:03<00:03, 18.02it/s]
Epoch 13/50 [Val]:  48%|████▊     | 54/113 [00:03<00:03, 18.26it/s]
Epoch 13/50 [Val]:  50%|████▉     | 56/113 [00:03<00:03, 18.15it/s]
Epoch 13/50 [Val]:  51%|█████▏    | 58/113 [00:03<00:03, 17.39it/s]
Epoch 13/50 [Val]:  53%|█████▎    | 60/113 [00:03<00:02, 17.83it/s]
Epoch 13/50 [Val]:  55%|█████▍    | 62/113 [00:03<00:02, 17.89it/s]
Epoch 13/50 [Val]:  57%|█████▋    | 64/113 [00:03<00:02, 17.88it/s]
Epoch 13/50 [Val]:  58%|█████▊    | 66/113 [00:03<00:02, 17.50it/s]
Epoch 13/50 [Val]:  60%|██████    | 68/113 [00:03<00:02, 17.52it/s]
Epoch 13/50 [Val]:  62%|██████▏   | 70/113 [00:04<00:02, 17.49it/s]
Epoch 13/50 [Val]:  64%|██████▎   | 72/113 [00:04<00:02, 17.61it/s]
Epoch 13/50 [Val]:  65%|██████▌   | 74/113 [00:04<00:02, 17.75it/s]
Epoch 13/50 [Val]:  67%|██████▋   | 76/113 [00:04<00:02, 17.67it/s]
Epoch 13/50 [Val]:  69%|██████▉   | 78/113 [00:04<00:01, 17.51it/s]
Epoch 13/50 [Val]:  71%|███████   | 80/113 [00:04<00:01, 17.38it/s]
Epoch 13/50 [Val]:  73%|███████▎  | 82/113 [00:04<00:01, 17.18it/s]
Epoch 13/50 [Val]:  74%|███████▍  | 84/113 [00:04<00:01, 17.21it/s]
Epoch 13/50 [Val]:  76%|███████▌  | 86/113 [00:05<00:01, 17.32it/s]
Epoch 13/50 [Val]:  78%|███████▊  | 88/113 [00:05<00:01, 17.06it/s]
Epoch 13/50 [Val]:  80%|███████▉  | 90/113 [00:05<00:01, 17.05it/s]
Epoch 13/50 [Val]:  81%|████████▏ | 92/113 [00:05<00:01, 17.26it/s]
Epoch 13/50 [Val]:  83%|████████▎ | 94/113 [00:05<00:01, 17.03it/s]
Epoch 13/50 [Val]:  85%|████████▍ | 96/113 [00:05<00:00, 17.29it/s]
Epoch 13/50 [Val]:  87%|████████▋ | 98/113 [00:05<00:00, 17.32it/s]
Epoch 13/50 [Val]:  88%|████████▊ | 100/113 [00:05<00:00, 16.95it/s]
Epoch 13/50 [Val]:  90%|█████████ | 102/113 [00:05<00:00, 16.67it/s]
Epoch 13/50 [Val]:  92%|█████████▏| 104/113 [00:06<00:00, 16.97it/s]
Epoch 13/50 [Val]:  94%|█████████▍| 106/113 [00:06<00:00, 17.38it/s]
Epoch 13/50 [Val]:  96%|█████████▌| 108/113 [00:06<00:00, 17.82it/s]
Epoch 13/50 [Val]:  97%|█████████▋| 110/113 [00:06<00:00, 18.16it/s]
Epoch 13/50 [Val]:  99%|█████████▉| 112/113 [00:06<00:00, 18.39it/s]
                                                                    

Epoch 14/50 [Train]:   0%|          | 0/459 [00:00<?, ?it/s]
Epoch 14/50 [Train]:   1%|          | 3/459 [00:00<00:21, 21.60it/s]
Epoch 14/50 [Train]:   1%|▏         | 6/459 [00:00<00:19, 22.76it/s]
Epoch 14/50 [Train]:   2%|▏         | 9/459 [00:00<00:19, 23.39it/s]
Epoch 14/50 [Train]:   3%|▎         | 12/459 [00:00<00:18, 23.73it/s]
Epoch 14/50 [Train]:   3%|▎         | 15/459 [00:00<00:18, 23.67it/s]
Epoch 14/50 [Train]:   4%|▍         | 18/459 [00:00<00:18, 24.01it/s]
Epoch 14/50 [Train]:   5%|▍         | 21/459 [00:00<00:18, 23.72it/s]
Epoch 14/50 [Train]:   5%|▌         | 24/459 [00:01<00:18, 23.93it/s]
Epoch 14/50 [Train]:   6%|▌         | 27/459 [00:01<00:18, 23.83it/s]
Epoch 14/50 [Train]:   7%|▋         | 30/459 [00:01<00:18, 23.69it/s]
Epoch 14/50 [Train]:   7%|▋         | 33/459 [00:01<00:17, 23.81it/s]
Epoch 14/50 [Train]:   8%|▊         | 36/459 [00:01<00:17, 23.80it/s]
Epoch 14/50 [Train]:   8%|▊         | 39/459 [00:01<00:17, 23.43it/s]
Epoch 14/50 [Train]:   9%|▉         | 42/459 [00:01<00:17, 23.60it/s]
Epoch 14/50 [Train]:  10%|▉         | 45/459 [00:01<00:17, 23.60it/s]
Epoch 14/50 [Train]:  10%|█         | 48/459 [00:02<00:17, 23.36it/s]
Epoch 14/50 [Train]:  11%|█         | 51/459 [00:02<00:17, 22.91it/s]
Epoch 14/50 [Train]:  12%|█▏        | 54/459 [00:02<00:17, 22.85it/s]
Epoch 14/50 [Train]:  12%|█▏        | 57/459 [00:02<00:17, 23.15it/s]
Epoch 14/50 [Train]:  13%|█▎        | 60/459 [00:02<00:17, 23.39it/s]
Epoch 14/50 [Train]:  14%|█▎        | 63/459 [00:02<00:17, 23.14it/s]
Epoch 14/50 [Train]:  14%|█▍        | 66/459 [00:02<00:16, 23.20it/s]
Epoch 14/50 [Train]:  15%|█▌        | 69/459 [00:02<00:16, 23.31it/s]
Epoch 14/50 [Train]:  16%|█▌        | 72/459 [00:03<00:16, 23.48it/s]
Epoch 14/50 [Train]:  16%|█▋        | 75/459 [00:03<00:16, 23.48it/s]
Epoch 14/50 [Train]:  17%|█▋        | 78/459 [00:03<00:16, 23.54it/s]
Epoch 14/50 [Train]:  18%|█▊        | 81/459 [00:03<00:15, 23.90it/s]
Epoch 14/50 [Train]:  18%|█▊        | 84/459 [00:03<00:15, 23.65it/s]
Epoch 14/50 [Train]:  19%|█▉        | 87/459 [00:03<00:15, 23.77it/s]
Epoch 14/50 [Train]:  20%|█▉        | 90/459 [00:03<00:15, 23.86it/s]
Epoch 14/50 [Train]:  20%|██        | 93/459 [00:03<00:15, 23.81it/s]
Epoch 14/50 [Train]:  21%|██        | 96/459 [00:04<00:15, 23.72it/s]
Epoch 14/50 [Train]:  22%|██▏       | 99/459 [00:04<00:15, 23.32it/s]
Epoch 14/50 [Train]:  22%|██▏       | 102/459 [00:04<00:15, 23.68it/s]
Epoch 14/50 [Train]:  23%|██▎       | 105/459 [00:04<00:14, 23.75it/s]
Epoch 14/50 [Train]:  24%|██▎       | 108/459 [00:04<00:14, 23.96it/s]
Epoch 14/50 [Train]:  24%|██▍       | 111/459 [00:04<00:14, 24.09it/s]
Epoch 14/50 [Train]:  25%|██▍       | 114/459 [00:04<00:14, 24.15it/s]
Epoch 14/50 [Train]:  25%|██▌       | 117/459 [00:04<00:14, 24.30it/s]
Epoch 14/50 [Train]:  26%|██▌       | 120/459 [00:05<00:13, 24.42it/s]
Epoch 14/50 [Train]:  27%|██▋       | 123/459 [00:05<00:13, 24.10it/s]
Epoch 14/50 [Train]:  27%|██▋       | 126/459 [00:05<00:13, 24.25it/s]
Epoch 14/50 [Train]:  28%|██▊       | 129/459 [00:05<00:13, 24.17it/s]
Epoch 14/50 [Train]:  29%|██▉       | 132/459 [00:05<00:13, 24.17it/s]
Epoch 14/50 [Train]:  29%|██▉       | 135/459 [00:05<00:13, 24.28it/s]
Epoch 14/50 [Train]:  30%|███       | 138/459 [00:05<00:13, 24.19it/s]
Epoch 14/50 [Train]:  31%|███       | 141/459 [00:05<00:13, 24.04it/s]
Epoch 14/50 [Train]:  31%|███▏      | 144/459 [00:06<00:13, 24.05it/s]
Epoch 14/50 [Train]:  32%|███▏      | 147/459 [00:06<00:13, 23.81it/s]
Epoch 14/50 [Train]:  33%|███▎      | 150/459 [00:06<00:12, 23.92it/s]
Epoch 14/50 [Train]:  33%|███▎      | 153/459 [00:06<00:12, 23.99it/s]
Epoch 14/50 [Train]:  34%|███▍      | 156/459 [00:06<00:12, 24.20it/s]
Epoch 14/50 [Train]:  35%|███▍      | 159/459 [00:06<00:12, 24.02it/s]
Epoch 14/50 [Train]:  35%|███▌      | 162/459 [00:06<00:12, 23.92it/s]
Epoch 14/50 [Train]:  36%|███▌      | 165/459 [00:06<00:12, 23.93it/s]
Epoch 14/50 [Train]:  37%|███▋      | 168/459 [00:07<00:12, 23.90it/s]
Epoch 14/50 [Train]:  37%|███▋      | 171/459 [00:07<00:12, 23.75it/s]
Epoch 14/50 [Train]:  38%|███▊      | 174/459 [00:07<00:12, 23.74it/s]
Epoch 14/50 [Train]:  39%|███▊      | 177/459 [00:07<00:11, 23.87it/s]
Epoch 14/50 [Train]:  39%|███▉      | 180/459 [00:07<00:11, 23.91it/s]
Epoch 14/50 [Train]:  40%|███▉      | 183/459 [00:07<00:11, 24.05it/s]
Epoch 14/50 [Train]:  41%|████      | 186/459 [00:07<00:11, 23.98it/s]
Epoch 14/50 [Train]:  41%|████      | 189/459 [00:07<00:11, 23.07it/s]
Epoch 14/50 [Train]:  42%|████▏     | 192/459 [00:08<00:11, 23.41it/s]
Epoch 14/50 [Train]:  42%|████▏     | 195/459 [00:08<00:11, 23.25it/s]
Epoch 14/50 [Train]:  43%|████▎     | 198/459 [00:08<00:11, 23.55it/s]
Epoch 14/50 [Train]:  44%|████▍     | 201/459 [00:08<00:11, 22.66it/s]
Epoch 14/50 [Train]:  44%|████▍     | 204/459 [00:08<00:10, 23.22it/s]
Epoch 14/50 [Train]:  45%|████▌     | 207/459 [00:08<00:10, 23.51it/s]
Epoch 14/50 [Train]:  46%|████▌     | 210/459 [00:08<00:10, 23.32it/s]
Epoch 14/50 [Train]:  46%|████▋     | 213/459 [00:09<00:10, 23.14it/s]
Epoch 14/50 [Train]:  47%|████▋     | 216/459 [00:09<00:10, 22.10it/s]
Epoch 14/50 [Train]:  48%|████▊     | 219/459 [00:09<00:10, 22.22it/s]
Epoch 14/50 [Train]:  48%|████▊     | 222/459 [00:09<00:10, 22.66it/s]
Epoch 14/50 [Train]:  49%|████▉     | 225/459 [00:09<00:10, 22.86it/s]
Epoch 14/50 [Train]:  50%|████▉     | 228/459 [00:09<00:09, 23.18it/s]
Epoch 14/50 [Train]:  50%|█████     | 231/459 [00:09<00:09, 23.52it/s]
Epoch 14/50 [Train]:  51%|█████     | 234/459 [00:09<00:09, 23.74it/s]
Epoch 14/50 [Train]:  52%|█████▏    | 237/459 [00:10<00:09, 23.78it/s]
Epoch 14/50 [Train]:  52%|█████▏    | 240/459 [00:10<00:09, 23.54it/s]
Epoch 14/50 [Train]:  53%|█████▎    | 243/459 [00:10<00:09, 23.51it/s]
Epoch 14/50 [Train]:  54%|█████▎    | 246/459 [00:10<00:09, 23.61it/s]
Epoch 14/50 [Train]:  54%|█████▍    | 249/459 [00:10<00:08, 23.71it/s]
Epoch 14/50 [Train]:  55%|█████▍    | 252/459 [00:10<00:08, 23.73it/s]
Epoch 14/50 [Train]:  56%|█████▌    | 255/459 [00:10<00:08, 23.70it/s]
Epoch 14/50 [Train]:  56%|█████▌    | 258/459 [00:10<00:08, 23.67it/s]
Epoch 14/50 [Train]:  57%|█████▋    | 261/459 [00:11<00:08, 23.62it/s]
Epoch 14/50 [Train]:  58%|█████▊    | 264/459 [00:11<00:08, 23.51it/s]
Epoch 14/50 [Train]:  58%|█████▊    | 267/459 [00:11<00:08, 23.77it/s]
Epoch 14/50 [Train]:  59%|█████▉    | 270/459 [00:11<00:07, 23.94it/s]
Epoch 14/50 [Train]:  59%|█████▉    | 273/459 [00:11<00:07, 23.76it/s]
Epoch 14/50 [Train]:  60%|██████    | 276/459 [00:11<00:07, 23.79it/s]
Epoch 14/50 [Train]:  61%|██████    | 279/459 [00:11<00:07, 23.91it/s]
Epoch 14/50 [Train]:  61%|██████▏   | 282/459 [00:11<00:07, 24.07it/s]
Epoch 14/50 [Train]:  62%|██████▏   | 285/459 [00:12<00:07, 23.91it/s]
Epoch 14/50 [Train]:  63%|██████▎   | 288/459 [00:12<00:07, 23.82it/s]
Epoch 14/50 [Train]:  63%|██████▎   | 291/459 [00:12<00:07, 23.90it/s]
Epoch 14/50 [Train]:  64%|██████▍   | 294/459 [00:12<00:06, 24.06it/s]
Epoch 14/50 [Train]:  65%|██████▍   | 297/459 [00:12<00:06, 24.06it/s]
Epoch 14/50 [Train]:  65%|██████▌   | 300/459 [00:12<00:06, 24.09it/s]
Epoch 14/50 [Train]:  66%|██████▌   | 303/459 [00:12<00:06, 24.03it/s]
Epoch 14/50 [Train]:  67%|██████▋   | 306/459 [00:12<00:06, 24.00it/s]
Epoch 14/50 [Train]:  67%|██████▋   | 309/459 [00:13<00:06, 23.96it/s]
Epoch 14/50 [Train]:  68%|██████▊   | 312/459 [00:13<00:06, 23.97it/s]
Epoch 14/50 [Train]:  69%|██████▊   | 315/459 [00:13<00:06, 23.92it/s]
Epoch 14/50 [Train]:  69%|██████▉   | 318/459 [00:13<00:05, 23.85it/s]
Epoch 14/50 [Train]:  70%|██████▉   | 321/459 [00:13<00:05, 24.06it/s]
Epoch 14/50 [Train]:  71%|███████   | 324/459 [00:13<00:05, 24.18it/s]
Epoch 14/50 [Train]:  71%|███████   | 327/459 [00:13<00:05, 24.20it/s]
Epoch 14/50 [Train]:  72%|███████▏  | 330/459 [00:13<00:05, 24.01it/s]
Epoch 14/50 [Train]:  73%|███████▎  | 333/459 [00:14<00:05, 24.06it/s]
Epoch 14/50 [Train]:  73%|███████▎  | 336/459 [00:14<00:05, 23.94it/s]
Epoch 14/50 [Train]:  74%|███████▍  | 339/459 [00:14<00:04, 24.19it/s]
Epoch 14/50 [Train]:  75%|███████▍  | 342/459 [00:14<00:04, 24.25it/s]
Epoch 14/50 [Train]:  75%|███████▌  | 345/459 [00:14<00:04, 24.20it/s]
Epoch 14/50 [Train]:  76%|███████▌  | 348/459 [00:14<00:04, 24.25it/s]
Epoch 14/50 [Train]:  76%|███████▋  | 351/459 [00:14<00:04, 24.44it/s]
Epoch 14/50 [Train]:  77%|███████▋  | 354/459 [00:14<00:04, 24.37it/s]
Epoch 14/50 [Train]:  78%|███████▊  | 357/459 [00:15<00:04, 24.40it/s]
Epoch 14/50 [Train]:  78%|███████▊  | 360/459 [00:15<00:04, 24.32it/s]
Epoch 14/50 [Train]:  79%|███████▉  | 363/459 [00:15<00:03, 24.05it/s]
Epoch 14/50 [Train]:  80%|███████▉  | 366/459 [00:15<00:03, 24.18it/s]
Epoch 14/50 [Train]:  80%|████████  | 369/459 [00:15<00:03, 24.33it/s]
Epoch 14/50 [Train]:  81%|████████  | 372/459 [00:15<00:03, 24.40it/s]
Epoch 14/50 [Train]:  82%|████████▏ | 375/459 [00:15<00:03, 24.51it/s]
Epoch 14/50 [Train]:  82%|████████▏ | 378/459 [00:15<00:03, 24.39it/s]
Epoch 14/50 [Train]:  83%|████████▎ | 381/459 [00:16<00:03, 24.20it/s]
Epoch 14/50 [Train]:  84%|████████▎ | 384/459 [00:16<00:03, 24.23it/s]
Epoch 14/50 [Train]:  84%|████████▍ | 387/459 [00:16<00:03, 21.86it/s]
Epoch 14/50 [Train]:  85%|████████▍ | 390/459 [00:16<00:03, 22.59it/s]
Epoch 14/50 [Train]:  86%|████████▌ | 393/459 [00:16<00:02, 23.13it/s]
Epoch 14/50 [Train]:  86%|████████▋ | 396/459 [00:16<00:02, 23.29it/s]
Epoch 14/50 [Train]:  87%|████████▋ | 399/459 [00:16<00:02, 23.41it/s]
Epoch 14/50 [Train]:  88%|████████▊ | 402/459 [00:16<00:02, 23.42it/s]
Epoch 14/50 [Train]:  88%|████████▊ | 405/459 [00:17<00:02, 23.64it/s]
Epoch 14/50 [Train]:  89%|████████▉ | 408/459 [00:17<00:02, 23.83it/s]
Epoch 14/50 [Train]:  90%|████████▉ | 411/459 [00:17<00:02, 23.73it/s]
Epoch 14/50 [Train]:  90%|█████████ | 414/459 [00:17<00:01, 23.92it/s]
Epoch 14/50 [Train]:  91%|█████████ | 417/459 [00:17<00:01, 23.96it/s]
Epoch 14/50 [Train]:  92%|█████████▏| 420/459 [00:17<00:01, 24.17it/s]
Epoch 14/50 [Train]:  92%|█████████▏| 423/459 [00:17<00:01, 23.99it/s]
Epoch 14/50 [Train]:  93%|█████████▎| 426/459 [00:17<00:01, 23.93it/s]
Epoch 14/50 [Train]:  93%|█████████▎| 429/459 [00:18<00:01, 23.97it/s]
Epoch 14/50 [Train]:  94%|█████████▍| 432/459 [00:18<00:01, 24.15it/s]
Epoch 14/50 [Train]:  95%|█████████▍| 435/459 [00:18<00:00, 24.22it/s]
Epoch 14/50 [Train]:  95%|█████████▌| 438/459 [00:18<00:00, 23.50it/s]
Epoch 14/50 [Train]:  96%|█████████▌| 441/459 [00:18<00:00, 23.34it/s]
Epoch 14/50 [Train]:  97%|█████████▋| 444/459 [00:18<00:00, 23.26it/s]
Epoch 14/50 [Train]:  97%|█████████▋| 447/459 [00:18<00:00, 23.31it/s]
Epoch 14/50 [Train]:  98%|█████████▊| 450/459 [00:18<00:00, 23.67it/s]
Epoch 14/50 [Train]:  99%|█████████▊| 453/459 [00:19<00:00, 23.63it/s]
Epoch 14/50 [Train]:  99%|█████████▉| 456/459 [00:19<00:00, 23.79it/s]
Epoch 14/50 [Train]: 100%|██████████| 459/459 [00:19<00:00, 23.85it/s]
                                                                      

Epoch 14/50 [Val]:   0%|          | 0/113 [00:00<?, ?it/s]
Epoch 14/50 [Val]:   2%|▏         | 2/113 [00:00<00:06, 18.04it/s]
Epoch 14/50 [Val]:   4%|▎         | 4/113 [00:00<00:06, 17.83it/s]
Epoch 14/50 [Val]:   5%|▌         | 6/113 [00:00<00:06, 17.62it/s]
Epoch 14/50 [Val]:   7%|▋         | 8/113 [00:00<00:05, 17.61it/s]
Epoch 14/50 [Val]:   9%|▉         | 10/113 [00:00<00:05, 18.21it/s]
Epoch 14/50 [Val]:  11%|█         | 12/113 [00:00<00:05, 18.12it/s]
Epoch 14/50 [Val]:  12%|█▏        | 14/113 [00:00<00:05, 18.02it/s]
Epoch 14/50 [Val]:  14%|█▍        | 16/113 [00:00<00:05, 17.14it/s]
Epoch 14/50 [Val]:  16%|█▌        | 18/113 [00:01<00:05, 16.71it/s]
Epoch 14/50 [Val]:  18%|█▊        | 20/113 [00:01<00:05, 15.70it/s]
Epoch 14/50 [Val]:  19%|█▉        | 22/113 [00:01<00:05, 15.31it/s]
Epoch 14/50 [Val]:  21%|██        | 24/113 [00:01<00:05, 15.36it/s]
Epoch 14/50 [Val]:  23%|██▎       | 26/113 [00:01<00:06, 13.94it/s]
Epoch 14/50 [Val]:  25%|██▍       | 28/113 [00:01<00:05, 14.76it/s]
Epoch 14/50 [Val]:  27%|██▋       | 30/113 [00:01<00:05, 15.10it/s]
Epoch 14/50 [Val]:  28%|██▊       | 32/113 [00:01<00:05, 15.62it/s]
Epoch 14/50 [Val]:  30%|███       | 34/113 [00:02<00:04, 16.23it/s]
Epoch 14/50 [Val]:  32%|███▏      | 36/113 [00:02<00:04, 16.67it/s]
Epoch 14/50 [Val]:  34%|███▎      | 38/113 [00:02<00:04, 17.36it/s]
Epoch 14/50 [Val]:  35%|███▌      | 40/113 [00:02<00:04, 17.58it/s]
Epoch 14/50 [Val]:  37%|███▋      | 42/113 [00:02<00:04, 17.43it/s]
Epoch 14/50 [Val]:  39%|███▉      | 44/113 [00:02<00:04, 16.99it/s]
Epoch 14/50 [Val]:  41%|████      | 46/113 [00:02<00:03, 16.81it/s]
Epoch 14/50 [Val]:  42%|████▏     | 48/113 [00:02<00:03, 16.75it/s]
Epoch 14/50 [Val]:  44%|████▍     | 50/113 [00:03<00:03, 16.90it/s]
Epoch 14/50 [Val]:  46%|████▌     | 52/113 [00:03<00:03, 17.28it/s]
Epoch 14/50 [Val]:  48%|████▊     | 54/113 [00:03<00:03, 17.63it/s]
Epoch 14/50 [Val]:  50%|████▉     | 56/113 [00:03<00:03, 17.28it/s]
Epoch 14/50 [Val]:  51%|█████▏    | 58/113 [00:03<00:03, 16.83it/s]
Epoch 14/50 [Val]:  53%|█████▎    | 60/113 [00:03<00:03, 15.63it/s]
Epoch 14/50 [Val]:  55%|█████▍    | 62/113 [00:03<00:03, 15.84it/s]
Epoch 14/50 [Val]:  57%|█████▋    | 64/113 [00:03<00:03, 16.07it/s]
Epoch 14/50 [Val]:  58%|█████▊    | 66/113 [00:03<00:02, 16.14it/s]
Epoch 14/50 [Val]:  60%|██████    | 68/113 [00:04<00:02, 16.44it/s]
Epoch 14/50 [Val]:  62%|██████▏   | 70/113 [00:04<00:02, 16.99it/s]
Epoch 14/50 [Val]:  64%|██████▎   | 72/113 [00:04<00:02, 17.22it/s]
Epoch 14/50 [Val]:  65%|██████▌   | 74/113 [00:04<00:02, 17.21it/s]
Epoch 14/50 [Val]:  67%|██████▋   | 76/113 [00:04<00:02, 16.34it/s]
Epoch 14/50 [Val]:  69%|██████▉   | 78/113 [00:04<00:02, 16.19it/s]
Epoch 14/50 [Val]:  71%|███████   | 80/113 [00:04<00:02, 16.16it/s]
Epoch 14/50 [Val]:  73%|███████▎  | 82/113 [00:04<00:01, 15.71it/s]
Epoch 14/50 [Val]:  74%|███████▍  | 84/113 [00:05<00:01, 16.01it/s]
Epoch 14/50 [Val]:  76%|███████▌  | 86/113 [00:05<00:01, 16.21it/s]
Epoch 14/50 [Val]:  78%|███████▊  | 88/113 [00:05<00:01, 16.62it/s]
Epoch 14/50 [Val]:  80%|███████▉  | 90/113 [00:05<00:01, 17.35it/s]
Epoch 14/50 [Val]:  81%|████████▏ | 92/113 [00:05<00:01, 17.80it/s]
Epoch 14/50 [Val]:  83%|████████▎ | 94/113 [00:05<00:01, 18.16it/s]
Epoch 14/50 [Val]:  85%|████████▍ | 96/113 [00:05<00:00, 18.46it/s]
Epoch 14/50 [Val]:  87%|████████▋ | 98/113 [00:05<00:00, 18.51it/s]
Epoch 14/50 [Val]:  88%|████████▊ | 100/113 [00:05<00:00, 18.44it/s]
Epoch 14/50 [Val]:  90%|█████████ | 102/113 [00:06<00:00, 18.03it/s]
Epoch 14/50 [Val]:  92%|█████████▏| 104/113 [00:06<00:00, 18.28it/s]
Epoch 14/50 [Val]:  94%|█████████▍| 106/113 [00:06<00:00, 18.58it/s]
Epoch 14/50 [Val]:  96%|█████████▌| 108/113 [00:06<00:00, 18.85it/s]
Epoch 14/50 [Val]:  97%|█████████▋| 110/113 [00:06<00:00, 18.93it/s]
Epoch 14/50 [Val]:  99%|█████████▉| 112/113 [00:06<00:00, 16.61it/s]
                                                                    

Epoch 15/50 [Train]:   0%|          | 0/459 [00:00<?, ?it/s]
Epoch 15/50 [Train]:   1%|          | 3/459 [00:00<00:20, 22.70it/s]
Epoch 15/50 [Train]:   1%|▏         | 6/459 [00:00<00:19, 23.66it/s]
Epoch 15/50 [Train]:   2%|▏         | 9/459 [00:00<00:19, 23.39it/s]
Epoch 15/50 [Train]:   3%|▎         | 12/459 [00:00<00:19, 23.05it/s]
Epoch 15/50 [Train]:   3%|▎         | 15/459 [00:00<00:19, 23.06it/s]
Epoch 15/50 [Train]:   4%|▍         | 18/459 [00:00<00:19, 23.09it/s]
Epoch 15/50 [Train]:   5%|▍         | 21/459 [00:00<00:19, 22.94it/s]
Epoch 15/50 [Train]:   5%|▌         | 24/459 [00:01<00:19, 22.68it/s]
Epoch 15/50 [Train]:   6%|▌         | 27/459 [00:01<00:19, 22.60it/s]
Epoch 15/50 [Train]:   7%|▋         | 30/459 [00:01<00:18, 22.82it/s]
Epoch 15/50 [Train]:   7%|▋         | 33/459 [00:01<00:18, 23.06it/s]
Epoch 15/50 [Train]:   8%|▊         | 36/459 [00:01<00:18, 23.37it/s]
Epoch 15/50 [Train]:   8%|▊         | 39/459 [00:01<00:18, 23.30it/s]
Epoch 15/50 [Train]:   9%|▉         | 42/459 [00:01<00:17, 23.61it/s]
Epoch 15/50 [Train]:  10%|▉         | 45/459 [00:01<00:17, 23.56it/s]
Epoch 15/50 [Train]:  10%|█         | 48/459 [00:02<00:17, 23.04it/s]
Epoch 15/50 [Train]:  11%|█         | 51/459 [00:02<00:18, 22.66it/s]
Epoch 15/50 [Train]:  12%|█▏        | 54/459 [00:02<00:17, 22.57it/s]
Epoch 15/50 [Train]:  12%|█▏        | 57/459 [00:02<00:17, 22.56it/s]
Epoch 15/50 [Train]:  13%|█▎        | 60/459 [00:02<00:17, 22.45it/s]
Epoch 15/50 [Train]:  14%|█▎        | 63/459 [00:02<00:17, 22.63it/s]
Epoch 15/50 [Train]:  14%|█▍        | 66/459 [00:02<00:17, 22.02it/s]
Epoch 15/50 [Train]:  15%|█▌        | 69/459 [00:03<00:17, 22.44it/s]
Epoch 15/50 [Train]:  16%|█▌        | 72/459 [00:03<00:17, 22.32it/s]
Epoch 15/50 [Train]:  16%|█▋        | 75/459 [00:03<00:17, 22.06it/s]
Epoch 15/50 [Train]:  17%|█▋        | 78/459 [00:03<00:17, 21.79it/s]
Epoch 15/50 [Train]:  18%|█▊        | 81/459 [00:03<00:17, 22.05it/s]
Epoch 15/50 [Train]:  18%|█▊        | 84/459 [00:03<00:17, 21.67it/s]
Epoch 15/50 [Train]:  19%|█▉        | 87/459 [00:03<00:17, 21.69it/s]
Epoch 15/50 [Train]:  20%|█▉        | 90/459 [00:03<00:16, 21.96it/s]
Epoch 15/50 [Train]:  20%|██        | 93/459 [00:04<00:16, 21.94it/s]
Epoch 15/50 [Train]:  21%|██        | 96/459 [00:04<00:16, 22.11it/s]
Epoch 15/50 [Train]:  22%|██▏       | 99/459 [00:04<00:16, 22.23it/s]
Epoch 15/50 [Train]:  22%|██▏       | 102/459 [00:04<00:16, 21.95it/s]
Epoch 15/50 [Train]:  23%|██▎       | 105/459 [00:04<00:16, 22.12it/s]
Epoch 15/50 [Train]:  24%|██▎       | 108/459 [00:04<00:15, 22.52it/s]
Epoch 15/50 [Train]:  24%|██▍       | 111/459 [00:04<00:15, 22.36it/s]
Epoch 15/50 [Train]:  25%|██▍       | 114/459 [00:05<00:15, 22.62it/s]
Epoch 15/50 [Train]:  25%|██▌       | 117/459 [00:05<00:14, 22.89it/s]
Epoch 15/50 [Train]:  26%|██▌       | 120/459 [00:05<00:14, 23.24it/s]
Epoch 15/50 [Train]:  27%|██▋       | 123/459 [00:05<00:14, 23.57it/s]
Epoch 15/50 [Train]:  27%|██▋       | 126/459 [00:05<00:14, 23.24it/s]
Epoch 15/50 [Train]:  28%|██▊       | 129/459 [00:05<00:14, 22.87it/s]
Epoch 15/50 [Train]:  29%|██▉       | 132/459 [00:05<00:14, 23.09it/s]
Epoch 15/50 [Train]:  29%|██▉       | 135/459 [00:05<00:14, 23.13it/s]
Epoch 15/50 [Train]:  30%|███       | 138/459 [00:06<00:13, 23.13it/s]
Epoch 15/50 [Train]:  31%|███       | 141/459 [00:06<00:13, 23.08it/s]
Epoch 15/50 [Train]:  31%|███▏      | 144/459 [00:06<00:13, 23.02it/s]
Epoch 15/50 [Train]:  32%|███▏      | 147/459 [00:06<00:13, 22.70it/s]
Epoch 15/50 [Train]:  33%|███▎      | 150/459 [00:06<00:13, 22.69it/s]
Epoch 15/50 [Train]:  33%|███▎      | 153/459 [00:06<00:13, 22.78it/s]
Epoch 15/50 [Train]:  34%|███▍      | 156/459 [00:06<00:13, 22.87it/s]
Epoch 15/50 [Train]:  35%|███▍      | 159/459 [00:07<00:13, 22.87it/s]
Epoch 15/50 [Train]:  35%|███▌      | 162/459 [00:07<00:12, 22.98it/s]
Epoch 15/50 [Train]:  36%|███▌      | 165/459 [00:07<00:12, 23.14it/s]
Epoch 15/50 [Train]:  37%|███▋      | 168/459 [00:07<00:12, 23.22it/s]
Epoch 15/50 [Train]:  37%|███▋      | 171/459 [00:07<00:12, 23.39it/s]
Epoch 15/50 [Train]:  38%|███▊      | 174/459 [00:07<00:12, 23.38it/s]
Epoch 15/50 [Train]:  39%|███▊      | 177/459 [00:07<00:11, 23.54it/s]
Epoch 15/50 [Train]:  39%|███▉      | 180/459 [00:07<00:12, 22.82it/s]
Epoch 15/50 [Train]:  40%|███▉      | 183/459 [00:08<00:11, 23.08it/s]
Epoch 15/50 [Train]:  41%|████      | 186/459 [00:08<00:11, 23.24it/s]
Epoch 15/50 [Train]:  41%|████      | 189/459 [00:08<00:11, 23.35it/s]
Epoch 15/50 [Train]:  42%|████▏     | 192/459 [00:08<00:11, 23.43it/s]
Epoch 15/50 [Train]:  42%|████▏     | 195/459 [00:08<00:11, 23.59it/s]
Epoch 15/50 [Train]:  43%|████▎     | 198/459 [00:08<00:10, 23.73it/s]
Epoch 15/50 [Train]:  44%|████▍     | 201/459 [00:08<00:10, 23.59it/s]
Epoch 15/50 [Train]:  44%|████▍     | 204/459 [00:08<00:10, 23.88it/s]
Epoch 15/50 [Train]:  45%|████▌     | 207/459 [00:09<00:10, 23.80it/s]
Epoch 15/50 [Train]:  46%|████▌     | 210/459 [00:09<00:10, 23.54it/s]
Epoch 15/50 [Train]:  46%|████▋     | 213/459 [00:09<00:10, 23.56it/s]
Epoch 15/50 [Train]:  47%|████▋     | 216/459 [00:09<00:10, 23.64it/s]
Epoch 15/50 [Train]:  48%|████▊     | 219/459 [00:09<00:10, 23.66it/s]
Epoch 15/50 [Train]:  48%|████▊     | 222/459 [00:09<00:10, 23.50it/s]
Epoch 15/50 [Train]:  49%|████▉     | 225/459 [00:09<00:09, 23.62it/s]
Epoch 15/50 [Train]:  50%|████▉     | 228/459 [00:09<00:10, 21.96it/s]
Epoch 15/50 [Train]:  50%|█████     | 231/459 [00:10<00:10, 22.40it/s]
Epoch 15/50 [Train]:  51%|█████     | 234/459 [00:10<00:09, 22.74it/s]
Epoch 15/50 [Train]:  52%|█████▏    | 237/459 [00:10<00:09, 23.10it/s]
Epoch 15/50 [Train]:  52%|█████▏    | 240/459 [00:10<00:09, 23.36it/s]
Epoch 15/50 [Train]:  53%|█████▎    | 243/459 [00:10<00:09, 23.58it/s]
Epoch 15/50 [Train]:  54%|█████▎    | 246/459 [00:10<00:09, 23.16it/s]
Epoch 15/50 [Train]:  54%|█████▍    | 249/459 [00:10<00:08, 23.42it/s]
Epoch 15/50 [Train]:  55%|█████▍    | 252/459 [00:11<00:09, 22.57it/s]
Epoch 15/50 [Train]:  56%|█████▌    | 255/459 [00:11<00:08, 22.91it/s]
Epoch 15/50 [Train]:  56%|█████▌    | 258/459 [00:11<00:08, 23.23it/s]
Epoch 15/50 [Train]:  57%|█████▋    | 261/459 [00:11<00:08, 23.48it/s]
Epoch 15/50 [Train]:  58%|█████▊    | 264/459 [00:11<00:08, 23.69it/s]
Epoch 15/50 [Train]:  58%|█████▊    | 267/459 [00:11<00:08, 23.85it/s]
Epoch 15/50 [Train]:  59%|█████▉    | 270/459 [00:11<00:08, 23.55it/s]
Epoch 15/50 [Train]:  59%|█████▉    | 273/459 [00:11<00:07, 23.57it/s]
Epoch 15/50 [Train]:  60%|██████    | 276/459 [00:12<00:07, 23.67it/s]
Epoch 15/50 [Train]:  61%|██████    | 279/459 [00:12<00:07, 23.78it/s]
Epoch 15/50 [Train]:  61%|██████▏   | 282/459 [00:12<00:07, 23.79it/s]
Epoch 15/50 [Train]:  62%|██████▏   | 285/459 [00:12<00:07, 23.60it/s]
Epoch 15/50 [Train]:  63%|██████▎   | 288/459 [00:12<00:07, 23.60it/s]
Epoch 15/50 [Train]:  63%|██████▎   | 291/459 [00:12<00:07, 23.76it/s]
Epoch 15/50 [Train]:  64%|██████▍   | 294/459 [00:12<00:06, 23.83it/s]
Epoch 15/50 [Train]:  65%|██████▍   | 297/459 [00:12<00:06, 23.73it/s]
Epoch 15/50 [Train]:  65%|██████▌   | 300/459 [00:13<00:06, 23.76it/s]
Epoch 15/50 [Train]:  66%|██████▌   | 303/459 [00:13<00:06, 23.68it/s]
Epoch 15/50 [Train]:  67%|██████▋   | 306/459 [00:13<00:06, 23.78it/s]
Epoch 15/50 [Train]:  67%|██████▋   | 309/459 [00:13<00:06, 23.75it/s]
Epoch 15/50 [Train]:  68%|██████▊   | 312/459 [00:13<00:06, 23.77it/s]
Epoch 15/50 [Train]:  69%|██████▊   | 315/459 [00:13<00:06, 23.91it/s]
Epoch 15/50 [Train]:  69%|██████▉   | 318/459 [00:13<00:05, 23.77it/s]
Epoch 15/50 [Train]:  70%|██████▉   | 321/459 [00:13<00:05, 23.72it/s]
Epoch 15/50 [Train]:  71%|███████   | 324/459 [00:14<00:05, 23.39it/s]
Epoch 15/50 [Train]:  71%|███████   | 327/459 [00:14<00:05, 23.48it/s]
Epoch 15/50 [Train]:  72%|███████▏  | 330/459 [00:14<00:05, 23.63it/s]
Epoch 15/50 [Train]:  73%|███████▎  | 333/459 [00:14<00:05, 23.73it/s]
Epoch 15/50 [Train]:  73%|███████▎  | 336/459 [00:14<00:05, 23.67it/s]
Epoch 15/50 [Train]:  74%|███████▍  | 339/459 [00:14<00:05, 23.79it/s]
Epoch 15/50 [Train]:  75%|███████▍  | 342/459 [00:14<00:04, 23.85it/s]
Epoch 15/50 [Train]:  75%|███████▌  | 345/459 [00:14<00:04, 23.80it/s]
Epoch 15/50 [Train]:  76%|███████▌  | 348/459 [00:15<00:04, 22.49it/s]
Epoch 15/50 [Train]:  76%|███████▋  | 351/459 [00:15<00:04, 22.89it/s]
Epoch 15/50 [Train]:  77%|███████▋  | 354/459 [00:15<00:04, 23.13it/s]
Epoch 15/50 [Train]:  78%|███████▊  | 357/459 [00:15<00:04, 23.41it/s]
Epoch 15/50 [Train]:  78%|███████▊  | 360/459 [00:15<00:04, 23.50it/s]
Epoch 15/50 [Train]:  79%|███████▉  | 363/459 [00:15<00:04, 23.53it/s]
Epoch 15/50 [Train]:  80%|███████▉  | 366/459 [00:15<00:03, 23.64it/s]
Epoch 15/50 [Train]:  80%|████████  | 369/459 [00:15<00:03, 23.72it/s]
Epoch 15/50 [Train]:  81%|████████  | 372/459 [00:16<00:03, 22.88it/s]
Epoch 15/50 [Train]:  82%|████████▏ | 375/459 [00:16<00:03, 22.82it/s]
Epoch 15/50 [Train]:  82%|████████▏ | 378/459 [00:16<00:03, 23.08it/s]
Epoch 15/50 [Train]:  83%|████████▎ | 381/459 [00:16<00:03, 23.10it/s]
Epoch 15/50 [Train]:  84%|████████▎ | 384/459 [00:16<00:03, 23.40it/s]
Epoch 15/50 [Train]:  84%|████████▍ | 387/459 [00:16<00:03, 23.03it/s]
Epoch 15/50 [Train]:  85%|████████▍ | 390/459 [00:16<00:03, 22.68it/s]
Epoch 15/50 [Train]:  86%|████████▌ | 393/459 [00:17<00:02, 22.72it/s]
Epoch 15/50 [Train]:  86%|████████▋ | 396/459 [00:17<00:02, 23.00it/s]
Epoch 15/50 [Train]:  87%|████████▋ | 399/459 [00:17<00:02, 23.10it/s]
Epoch 15/50 [Train]:  88%|████████▊ | 402/459 [00:17<00:02, 23.09it/s]
Epoch 15/50 [Train]:  88%|████████▊ | 405/459 [00:17<00:02, 23.12it/s]
Epoch 15/50 [Train]:  89%|████████▉ | 408/459 [00:17<00:02, 23.20it/s]
Epoch 15/50 [Train]:  90%|████████▉ | 411/459 [00:17<00:02, 23.17it/s]
Epoch 15/50 [Train]:  90%|█████████ | 414/459 [00:17<00:01, 22.76it/s]
Epoch 15/50 [Train]:  91%|█████████ | 417/459 [00:18<00:01, 21.78it/s]
Epoch 15/50 [Train]:  92%|█████████▏| 420/459 [00:18<00:01, 22.19it/s]
Epoch 15/50 [Train]:  92%|█████████▏| 423/459 [00:18<00:01, 22.25it/s]
Epoch 15/50 [Train]:  93%|█████████▎| 426/459 [00:18<00:01, 22.63it/s]
Epoch 15/50 [Train]:  93%|█████████▎| 429/459 [00:18<00:01, 23.02it/s]
Epoch 15/50 [Train]:  94%|█████████▍| 432/459 [00:18<00:01, 22.88it/s]
Epoch 15/50 [Train]:  95%|█████████▍| 435/459 [00:18<00:01, 23.09it/s]
Epoch 15/50 [Train]:  95%|█████████▌| 438/459 [00:18<00:00, 23.33it/s]
Epoch 15/50 [Train]:  96%|█████████▌| 441/459 [00:19<00:00, 23.17it/s]
Epoch 15/50 [Train]:  97%|█████████▋| 444/459 [00:19<00:00, 23.12it/s]
Epoch 15/50 [Train]:  97%|█████████▋| 447/459 [00:19<00:00, 23.14it/s]
Epoch 15/50 [Train]:  98%|█████████▊| 450/459 [00:19<00:00, 23.47it/s]
Epoch 15/50 [Train]:  99%|█████████▊| 453/459 [00:19<00:00, 23.00it/s]
Epoch 15/50 [Train]:  99%|█████████▉| 456/459 [00:19<00:00, 23.13it/s]
Epoch 15/50 [Train]: 100%|██████████| 459/459 [00:19<00:00, 23.32it/s]
                                                                      

Epoch 15/50 [Val]:   0%|          | 0/113 [00:00<?, ?it/s]
Epoch 15/50 [Val]:   2%|▏         | 2/113 [00:00<00:06, 16.95it/s]
Epoch 15/50 [Val]:   4%|▎         | 4/113 [00:00<00:06, 17.22it/s]
Epoch 15/50 [Val]:   5%|▌         | 6/113 [00:00<00:06, 17.23it/s]
Epoch 15/50 [Val]:   7%|▋         | 8/113 [00:00<00:05, 17.52it/s]
Epoch 15/50 [Val]:   9%|▉         | 10/113 [00:00<00:05, 17.86it/s]
Epoch 15/50 [Val]:  11%|█         | 12/113 [00:00<00:05, 17.85it/s]
Epoch 15/50 [Val]:  12%|█▏        | 14/113 [00:00<00:05, 17.80it/s]
Epoch 15/50 [Val]:  14%|█▍        | 16/113 [00:00<00:05, 17.04it/s]
Epoch 15/50 [Val]:  16%|█▌        | 18/113 [00:01<00:06, 15.64it/s]
Epoch 15/50 [Val]:  18%|█▊        | 20/113 [00:01<00:05, 15.62it/s]
Epoch 15/50 [Val]:  19%|█▉        | 22/113 [00:01<00:05, 15.56it/s]
Epoch 15/50 [Val]:  21%|██        | 24/113 [00:01<00:05, 15.52it/s]
Epoch 15/50 [Val]:  23%|██▎       | 26/113 [00:01<00:05, 15.81it/s]
Epoch 15/50 [Val]:  25%|██▍       | 28/113 [00:01<00:05, 16.16it/s]
Epoch 15/50 [Val]:  27%|██▋       | 30/113 [00:01<00:04, 16.64it/s]
Epoch 15/50 [Val]:  28%|██▊       | 32/113 [00:01<00:04, 16.82it/s]
Epoch 15/50 [Val]:  30%|███       | 34/113 [00:02<00:04, 16.94it/s]
Epoch 15/50 [Val]:  32%|███▏      | 36/113 [00:02<00:04, 16.46it/s]
Epoch 15/50 [Val]:  34%|███▎      | 38/113 [00:02<00:04, 16.91it/s]
Epoch 15/50 [Val]:  35%|███▌      | 40/113 [00:02<00:04, 17.25it/s]
Epoch 15/50 [Val]:  37%|███▋      | 42/113 [00:02<00:04, 17.56it/s]
Epoch 15/50 [Val]:  39%|███▉      | 44/113 [00:02<00:03, 17.39it/s]
Epoch 15/50 [Val]:  41%|████      | 46/113 [00:02<00:03, 17.24it/s]
Epoch 15/50 [Val]:  42%|████▏     | 48/113 [00:02<00:03, 17.37it/s]
Epoch 15/50 [Val]:  44%|████▍     | 50/113 [00:02<00:03, 17.63it/s]
Epoch 15/50 [Val]:  46%|████▌     | 52/113 [00:03<00:03, 18.01it/s]
Epoch 15/50 [Val]:  48%|████▊     | 54/113 [00:03<00:03, 18.22it/s]
Epoch 15/50 [Val]:  50%|████▉     | 56/113 [00:03<00:03, 18.05it/s]
Epoch 15/50 [Val]:  51%|█████▏    | 58/113 [00:03<00:03, 17.31it/s]
Epoch 15/50 [Val]:  53%|█████▎    | 60/113 [00:03<00:02, 17.84it/s]
Epoch 15/50 [Val]:  55%|█████▍    | 62/113 [00:03<00:02, 17.56it/s]
Epoch 15/50 [Val]:  57%|█████▋    | 64/113 [00:03<00:02, 17.68it/s]
Epoch 15/50 [Val]:  58%|█████▊    | 66/113 [00:03<00:02, 17.31it/s]
Epoch 15/50 [Val]:  60%|██████    | 68/113 [00:03<00:02, 17.26it/s]
Epoch 15/50 [Val]:  62%|██████▏   | 70/113 [00:04<00:02, 17.46it/s]
Epoch 15/50 [Val]:  64%|██████▎   | 72/113 [00:04<00:02, 17.64it/s]
Epoch 15/50 [Val]:  65%|██████▌   | 74/113 [00:04<00:02, 17.75it/s]
Epoch 15/50 [Val]:  67%|██████▋   | 76/113 [00:04<00:02, 17.95it/s]
Epoch 15/50 [Val]:  69%|██████▉   | 78/113 [00:04<00:01, 17.72it/s]
Epoch 15/50 [Val]:  71%|███████   | 80/113 [00:04<00:01, 17.62it/s]
Epoch 15/50 [Val]:  73%|███████▎  | 82/113 [00:04<00:01, 17.57it/s]
Epoch 15/50 [Val]:  74%|███████▍  | 84/113 [00:04<00:01, 17.66it/s]
Epoch 15/50 [Val]:  76%|███████▌  | 86/113 [00:04<00:01, 17.67it/s]
Epoch 15/50 [Val]:  78%|███████▊  | 88/113 [00:05<00:01, 17.31it/s]
Epoch 15/50 [Val]:  80%|███████▉  | 90/113 [00:05<00:01, 17.62it/s]
Epoch 15/50 [Val]:  81%|████████▏ | 92/113 [00:05<00:01, 17.88it/s]
Epoch 15/50 [Val]:  83%|████████▎ | 94/113 [00:05<00:01, 17.95it/s]
Epoch 15/50 [Val]:  85%|████████▍ | 96/113 [00:05<00:00, 18.26it/s]
Epoch 15/50 [Val]:  87%|████████▋ | 98/113 [00:05<00:00, 18.38it/s]
Epoch 15/50 [Val]:  88%|████████▊ | 100/113 [00:05<00:00, 18.10it/s]
Epoch 15/50 [Val]:  90%|█████████ | 102/113 [00:05<00:00, 17.74it/s]
Epoch 15/50 [Val]:  92%|█████████▏| 104/113 [00:05<00:00, 18.02it/s]
Epoch 15/50 [Val]:  94%|█████████▍| 106/113 [00:06<00:00, 18.11it/s]
Epoch 15/50 [Val]:  96%|█████████▌| 108/113 [00:06<00:00, 18.23it/s]
Epoch 15/50 [Val]:  97%|█████████▋| 110/113 [00:06<00:00, 18.30it/s]
Epoch 15/50 [Val]:  99%|█████████▉| 112/113 [00:06<00:00, 16.79it/s]
                                                                    

Epoch 16/50 [Train]:   0%|          | 0/459 [00:00<?, ?it/s]
Epoch 16/50 [Train]:   1%|          | 3/459 [00:00<00:20, 22.55it/s]
Epoch 16/50 [Train]:   1%|▏         | 6/459 [00:00<00:19, 23.19it/s]
Epoch 16/50 [Train]:   2%|▏         | 9/459 [00:00<00:19, 23.39it/s]
Epoch 16/50 [Train]:   3%|▎         | 12/459 [00:00<00:18, 23.73it/s]
Epoch 16/50 [Train]:   3%|▎         | 15/459 [00:00<00:18, 23.76it/s]
Epoch 16/50 [Train]:   4%|▍         | 18/459 [00:00<00:18, 23.78it/s]
Epoch 16/50 [Train]:   5%|▍         | 21/459 [00:00<00:18, 23.80it/s]
Epoch 16/50 [Train]:   5%|▌         | 24/459 [00:01<00:18, 23.86it/s]
Epoch 16/50 [Train]:   6%|▌         | 27/459 [00:01<00:18, 23.88it/s]
Epoch 16/50 [Train]:   7%|▋         | 30/459 [00:01<00:18, 23.60it/s]
Epoch 16/50 [Train]:   7%|▋         | 33/459 [00:01<00:17, 23.81it/s]
Epoch 16/50 [Train]:   8%|▊         | 36/459 [00:01<00:17, 23.92it/s]
Epoch 16/50 [Train]:   8%|▊         | 39/459 [00:01<00:17, 23.83it/s]
Epoch 16/50 [Train]:   9%|▉         | 42/459 [00:01<00:17, 23.73it/s]
Epoch 16/50 [Train]:  10%|▉         | 45/459 [00:01<00:17, 23.61it/s]
Epoch 16/50 [Train]:  10%|█         | 48/459 [00:02<00:17, 23.72it/s]
Epoch 16/50 [Train]:  11%|█         | 51/459 [00:02<00:17, 23.65it/s]
Epoch 16/50 [Train]:  12%|█▏        | 54/459 [00:02<00:17, 23.78it/s]
Epoch 16/50 [Train]:  12%|█▏        | 57/459 [00:02<00:16, 23.84it/s]
Epoch 16/50 [Train]:  13%|█▎        | 60/459 [00:02<00:16, 23.86it/s]
Epoch 16/50 [Train]:  14%|█▎        | 63/459 [00:02<00:16, 23.84it/s]
Epoch 16/50 [Train]:  14%|█▍        | 66/459 [00:02<00:16, 23.80it/s]
Epoch 16/50 [Train]:  15%|█▌        | 69/459 [00:02<00:16, 23.72it/s]
Epoch 16/50 [Train]:  16%|█▌        | 72/459 [00:03<00:16, 23.57it/s]
Epoch 16/50 [Train]:  16%|█▋        | 75/459 [00:03<00:16, 23.73it/s]
Epoch 16/50 [Train]:  17%|█▋        | 78/459 [00:03<00:16, 23.68it/s]
Epoch 16/50 [Train]:  18%|█▊        | 81/459 [00:03<00:15, 23.83it/s]
Epoch 16/50 [Train]:  18%|█▊        | 84/459 [00:03<00:15, 23.73it/s]
Epoch 16/50 [Train]:  19%|█▉        | 87/459 [00:03<00:15, 23.66it/s]
Epoch 16/50 [Train]:  20%|█▉        | 90/459 [00:03<00:15, 23.12it/s]
Epoch 16/50 [Train]:  20%|██        | 93/459 [00:03<00:15, 23.43it/s]
Epoch 16/50 [Train]:  21%|██        | 96/459 [00:04<00:15, 23.32it/s]
Epoch 16/50 [Train]:  22%|██▏       | 99/459 [00:04<00:15, 23.42it/s]
Epoch 16/50 [Train]:  22%|██▏       | 102/459 [00:04<00:15, 23.53it/s]
Epoch 16/50 [Train]:  23%|██▎       | 105/459 [00:04<00:15, 23.56it/s]
Epoch 16/50 [Train]:  24%|██▎       | 108/459 [00:04<00:15, 23.38it/s]
Epoch 16/50 [Train]:  24%|██▍       | 111/459 [00:04<00:14, 23.40it/s]
Epoch 16/50 [Train]:  25%|██▍       | 114/459 [00:04<00:14, 23.38it/s]
Epoch 16/50 [Train]:  25%|██▌       | 117/459 [00:04<00:14, 23.37it/s]
Epoch 16/50 [Train]:  26%|██▌       | 120/459 [00:05<00:14, 23.47it/s]
Epoch 16/50 [Train]:  27%|██▋       | 123/459 [00:05<00:14, 23.71it/s]
Epoch 16/50 [Train]:  27%|██▋       | 126/459 [00:05<00:14, 23.68it/s]
Epoch 16/50 [Train]:  28%|██▊       | 129/459 [00:05<00:13, 23.69it/s]
Epoch 16/50 [Train]:  29%|██▉       | 132/459 [00:05<00:13, 23.81it/s]
Epoch 16/50 [Train]:  29%|██▉       | 135/459 [00:05<00:13, 23.78it/s]
Epoch 16/50 [Train]:  30%|███       | 138/459 [00:05<00:13, 23.76it/s]
Epoch 16/50 [Train]:  31%|███       | 141/459 [00:05<00:13, 23.75it/s]
Epoch 16/50 [Train]:  31%|███▏      | 144/459 [00:06<00:13, 23.70it/s]
Epoch 16/50 [Train]:  32%|███▏      | 147/459 [00:06<00:13, 23.69it/s]
Epoch 16/50 [Train]:  33%|███▎      | 150/459 [00:06<00:13, 23.56it/s]
Epoch 16/50 [Train]:  33%|███▎      | 153/459 [00:06<00:13, 23.19it/s]
Epoch 16/50 [Train]:  34%|███▍      | 156/459 [00:06<00:13, 22.97it/s]
Epoch 16/50 [Train]:  35%|███▍      | 159/459 [00:06<00:13, 23.07it/s]
Epoch 16/50 [Train]:  35%|███▌      | 162/459 [00:06<00:12, 23.02it/s]
Epoch 16/50 [Train]:  36%|███▌      | 165/459 [00:07<00:12, 23.00it/s]
Epoch 16/50 [Train]:  37%|███▋      | 168/459 [00:07<00:12, 23.37it/s]
Epoch 16/50 [Train]:  37%|███▋      | 171/459 [00:07<00:12, 23.63it/s]
Epoch 16/50 [Train]:  38%|███▊      | 174/459 [00:07<00:12, 23.74it/s]
Epoch 16/50 [Train]:  39%|███▊      | 177/459 [00:07<00:11, 23.87it/s]
Epoch 16/50 [Train]:  39%|███▉      | 180/459 [00:07<00:11, 23.74it/s]
Epoch 16/50 [Train]:  40%|███▉      | 183/459 [00:07<00:11, 23.66it/s]
Epoch 16/50 [Train]:  41%|████      | 186/459 [00:07<00:11, 23.62it/s]
Epoch 16/50 [Train]:  41%|████      | 189/459 [00:08<00:11, 23.48it/s]
Epoch 16/50 [Train]:  42%|████▏     | 192/459 [00:08<00:11, 23.46it/s]
Epoch 16/50 [Train]:  42%|████▏     | 195/459 [00:08<00:11, 23.45it/s]
Epoch 16/50 [Train]:  43%|████▎     | 198/459 [00:08<00:11, 23.33it/s]
Epoch 16/50 [Train]:  44%|████▍     | 201/459 [00:08<00:11, 23.30it/s]
Epoch 16/50 [Train]:  44%|████▍     | 204/459 [00:08<00:10, 23.34it/s]
Epoch 16/50 [Train]:  45%|████▌     | 207/459 [00:08<00:10, 23.21it/s]
Epoch 16/50 [Train]:  46%|████▌     | 210/459 [00:08<00:10, 23.47it/s]
Epoch 16/50 [Train]:  46%|████▋     | 213/459 [00:09<00:10, 23.35it/s]
Epoch 16/50 [Train]:  47%|████▋     | 216/459 [00:09<00:10, 23.29it/s]
Epoch 16/50 [Train]:  48%|████▊     | 219/459 [00:09<00:10, 22.98it/s]
Epoch 16/50 [Train]:  48%|████▊     | 222/459 [00:09<00:10, 23.11it/s]
Epoch 16/50 [Train]:  49%|████▉     | 225/459 [00:09<00:10, 23.40it/s]
Epoch 16/50 [Train]:  50%|████▉     | 228/459 [00:09<00:09, 23.50it/s]
Epoch 16/50 [Train]:  50%|█████     | 231/459 [00:09<00:09, 23.56it/s]
Epoch 16/50 [Train]:  51%|█████     | 234/459 [00:09<00:09, 23.60it/s]
Epoch 16/50 [Train]:  52%|█████▏    | 237/459 [00:10<00:09, 23.75it/s]
Epoch 16/50 [Train]:  52%|█████▏    | 240/459 [00:10<00:09, 23.69it/s]
Epoch 16/50 [Train]:  53%|█████▎    | 243/459 [00:10<00:09, 23.48it/s]
Epoch 16/50 [Train]:  54%|█████▎    | 246/459 [00:10<00:09, 23.28it/s]
Epoch 16/50 [Train]:  54%|█████▍    | 249/459 [00:10<00:09, 23.24it/s]
Epoch 16/50 [Train]:  55%|█████▍    | 252/459 [00:10<00:08, 23.49it/s]
Epoch 16/50 [Train]:  56%|█████▌    | 255/459 [00:10<00:08, 23.63it/s]
Epoch 16/50 [Train]:  56%|█████▌    | 258/459 [00:10<00:08, 23.60it/s]
Epoch 16/50 [Train]:  57%|█████▋    | 261/459 [00:11<00:08, 23.71it/s]
Epoch 16/50 [Train]:  58%|█████▊    | 264/459 [00:11<00:08, 23.52it/s]
Epoch 16/50 [Train]:  58%|█████▊    | 267/459 [00:11<00:08, 23.74it/s]
Epoch 16/50 [Train]:  59%|█████▉    | 270/459 [00:11<00:08, 23.59it/s]
Epoch 16/50 [Train]:  59%|█████▉    | 273/459 [00:11<00:07, 23.69it/s]
Epoch 16/50 [Train]:  60%|██████    | 276/459 [00:11<00:07, 23.70it/s]
Epoch 16/50 [Train]:  61%|██████    | 279/459 [00:11<00:07, 23.66it/s]
Epoch 16/50 [Train]:  61%|██████▏   | 282/459 [00:11<00:07, 23.51it/s]
Epoch 16/50 [Train]:  62%|██████▏   | 285/459 [00:12<00:07, 23.47it/s]
Epoch 16/50 [Train]:  63%|██████▎   | 288/459 [00:12<00:07, 23.24it/s]
Epoch 16/50 [Train]:  63%|██████▎   | 291/459 [00:12<00:07, 23.29it/s]
Epoch 16/50 [Train]:  64%|██████▍   | 294/459 [00:12<00:07, 23.46it/s]
Epoch 16/50 [Train]:  65%|██████▍   | 297/459 [00:12<00:06, 23.58it/s]
Epoch 16/50 [Train]:  65%|██████▌   | 300/459 [00:12<00:06, 23.81it/s]
Epoch 16/50 [Train]:  66%|██████▌   | 303/459 [00:12<00:06, 23.86it/s]
Epoch 16/50 [Train]:  67%|██████▋   | 306/459 [00:12<00:06, 23.84it/s]
Epoch 16/50 [Train]:  67%|██████▋   | 309/459 [00:13<00:06, 23.89it/s]
Epoch 16/50 [Train]:  68%|██████▊   | 312/459 [00:13<00:06, 23.66it/s]
Epoch 16/50 [Train]:  69%|██████▊   | 315/459 [00:13<00:06, 23.32it/s]
Epoch 16/50 [Train]:  69%|██████▉   | 318/459 [00:13<00:06, 23.36it/s]
Epoch 16/50 [Train]:  70%|██████▉   | 321/459 [00:13<00:05, 23.55it/s]
Epoch 16/50 [Train]:  71%|███████   | 324/459 [00:13<00:05, 23.37it/s]
Epoch 16/50 [Train]:  71%|███████   | 327/459 [00:13<00:05, 23.28it/s]
Epoch 16/50 [Train]:  72%|███████▏  | 330/459 [00:14<00:05, 23.24it/s]
Epoch 16/50 [Train]:  73%|███████▎  | 333/459 [00:14<00:05, 23.32it/s]
Epoch 16/50 [Train]:  73%|███████▎  | 336/459 [00:14<00:05, 23.48it/s]
Epoch 16/50 [Train]:  74%|███████▍  | 339/459 [00:14<00:05, 23.39it/s]
Epoch 16/50 [Train]:  75%|███████▍  | 342/459 [00:14<00:04, 23.54it/s]
Epoch 16/50 [Train]:  75%|███████▌  | 345/459 [00:14<00:04, 23.49it/s]
Epoch 16/50 [Train]:  76%|███████▌  | 348/459 [00:14<00:04, 23.60it/s]
Epoch 16/50 [Train]:  76%|███████▋  | 351/459 [00:14<00:04, 23.63it/s]
Epoch 16/50 [Train]:  77%|███████▋  | 354/459 [00:15<00:04, 23.74it/s]
Epoch 16/50 [Train]:  78%|███████▊  | 357/459 [00:15<00:04, 23.79it/s]
Epoch 16/50 [Train]:  78%|███████▊  | 360/459 [00:15<00:04, 23.51it/s]
Epoch 16/50 [Train]:  79%|███████▉  | 363/459 [00:15<00:04, 23.57it/s]
Epoch 16/50 [Train]:  80%|███████▉  | 366/459 [00:15<00:03, 23.78it/s]
Epoch 16/50 [Train]:  80%|████████  | 369/459 [00:15<00:03, 23.48it/s]
Epoch 16/50 [Train]:  81%|████████  | 372/459 [00:15<00:03, 23.30it/s]
Epoch 16/50 [Train]:  82%|████████▏ | 375/459 [00:15<00:03, 23.47it/s]
Epoch 16/50 [Train]:  82%|████████▏ | 378/459 [00:16<00:03, 23.52it/s]
Epoch 16/50 [Train]:  83%|████████▎ | 381/459 [00:16<00:03, 23.44it/s]
Epoch 16/50 [Train]:  84%|████████▎ | 384/459 [00:16<00:03, 23.46it/s]
Epoch 16/50 [Train]:  84%|████████▍ | 387/459 [00:16<00:03, 23.48it/s]
Epoch 16/50 [Train]:  85%|████████▍ | 390/459 [00:16<00:02, 23.72it/s]
Epoch 16/50 [Train]:  86%|████████▌ | 393/459 [00:16<00:02, 23.66it/s]
Epoch 16/50 [Train]:  86%|████████▋ | 396/459 [00:16<00:02, 23.67it/s]
Epoch 16/50 [Train]:  87%|████████▋ | 399/459 [00:16<00:02, 23.74it/s]
Epoch 16/50 [Train]:  88%|████████▊ | 402/459 [00:17<00:02, 23.34it/s]
Epoch 16/50 [Train]:  88%|████████▊ | 405/459 [00:17<00:02, 23.31it/s]
Epoch 16/50 [Train]:  89%|████████▉ | 408/459 [00:17<00:02, 23.40it/s]
Epoch 16/50 [Train]:  90%|████████▉ | 411/459 [00:17<00:02, 23.41it/s]
Epoch 16/50 [Train]:  90%|█████████ | 414/459 [00:17<00:01, 23.33it/s]
Epoch 16/50 [Train]:  91%|█████████ | 417/459 [00:17<00:01, 23.63it/s]
Epoch 16/50 [Train]:  92%|█████████▏| 420/459 [00:17<00:01, 23.55it/s]
Epoch 16/50 [Train]:  92%|█████████▏| 423/459 [00:17<00:01, 23.52it/s]
Epoch 16/50 [Train]:  93%|█████████▎| 426/459 [00:18<00:01, 23.82it/s]
Epoch 16/50 [Train]:  93%|█████████▎| 429/459 [00:18<00:01, 23.52it/s]
Epoch 16/50 [Train]:  94%|█████████▍| 432/459 [00:18<00:01, 23.61it/s]
Epoch 16/50 [Train]:  95%|█████████▍| 435/459 [00:18<00:01, 23.64it/s]
Epoch 16/50 [Train]:  95%|█████████▌| 438/459 [00:18<00:00, 23.66it/s]
Epoch 16/50 [Train]:  96%|█████████▌| 441/459 [00:18<00:00, 23.73it/s]
Epoch 16/50 [Train]:  97%|█████████▋| 444/459 [00:18<00:00, 23.70it/s]
Epoch 16/50 [Train]:  97%|█████████▋| 447/459 [00:18<00:00, 23.73it/s]
Epoch 16/50 [Train]:  98%|█████████▊| 450/459 [00:19<00:00, 23.75it/s]
Epoch 16/50 [Train]:  99%|█████████▊| 453/459 [00:19<00:00, 23.62it/s]
Epoch 16/50 [Train]:  99%|█████████▉| 456/459 [00:19<00:00, 23.68it/s]
Epoch 16/50 [Train]: 100%|██████████| 459/459 [00:19<00:00, 23.60it/s]
                                                                      

Epoch 16/50 [Val]:   0%|          | 0/113 [00:00<?, ?it/s]
Epoch 16/50 [Val]:   2%|▏         | 2/113 [00:00<00:06, 17.65it/s]
Epoch 16/50 [Val]:   4%|▎         | 4/113 [00:00<00:06, 17.93it/s]
Epoch 16/50 [Val]:   5%|▌         | 6/113 [00:00<00:06, 17.63it/s]
Epoch 16/50 [Val]:   7%|▋         | 8/113 [00:00<00:05, 17.78it/s]
Epoch 16/50 [Val]:   9%|▉         | 10/113 [00:00<00:05, 18.24it/s]
Epoch 16/50 [Val]:  11%|█         | 12/113 [00:00<00:05, 18.28it/s]
Epoch 16/50 [Val]:  12%|█▏        | 14/113 [00:00<00:05, 18.06it/s]
Epoch 16/50 [Val]:  14%|█▍        | 16/113 [00:00<00:05, 17.16it/s]
Epoch 16/50 [Val]:  16%|█▌        | 18/113 [00:01<00:05, 16.71it/s]
Epoch 16/50 [Val]:  18%|█▊        | 20/113 [00:01<00:05, 16.36it/s]
Epoch 16/50 [Val]:  19%|█▉        | 22/113 [00:01<00:05, 16.17it/s]
Epoch 16/50 [Val]:  21%|██        | 24/113 [00:01<00:05, 16.12it/s]
Epoch 16/50 [Val]:  23%|██▎       | 26/113 [00:01<00:05, 16.36it/s]
Epoch 16/50 [Val]:  25%|██▍       | 28/113 [00:01<00:05, 16.45it/s]
Epoch 16/50 [Val]:  27%|██▋       | 30/113 [00:01<00:04, 16.78it/s]
Epoch 16/50 [Val]:  28%|██▊       | 32/113 [00:01<00:04, 17.11it/s]
Epoch 16/50 [Val]:  30%|███       | 34/113 [00:01<00:04, 17.25it/s]
Epoch 16/50 [Val]:  32%|███▏      | 36/113 [00:02<00:04, 17.60it/s]
Epoch 16/50 [Val]:  34%|███▎      | 38/113 [00:02<00:04, 17.65it/s]
Epoch 16/50 [Val]:  35%|███▌      | 40/113 [00:02<00:04, 17.63it/s]
Epoch 16/50 [Val]:  37%|███▋      | 42/113 [00:02<00:03, 17.76it/s]
Epoch 16/50 [Val]:  39%|███▉      | 44/113 [00:02<00:03, 17.67it/s]
Epoch 16/50 [Val]:  41%|████      | 46/113 [00:02<00:03, 17.42it/s]
Epoch 16/50 [Val]:  42%|████▏     | 48/113 [00:02<00:03, 17.48it/s]
Epoch 16/50 [Val]:  44%|████▍     | 50/113 [00:02<00:03, 17.75it/s]
Epoch 16/50 [Val]:  46%|████▌     | 52/113 [00:02<00:03, 18.11it/s]
Epoch 16/50 [Val]:  48%|████▊     | 54/113 [00:03<00:03, 18.23it/s]
Epoch 16/50 [Val]:  50%|████▉     | 56/113 [00:03<00:03, 18.13it/s]
Epoch 16/50 [Val]:  51%|█████▏    | 58/113 [00:03<00:03, 17.25it/s]
Epoch 16/50 [Val]:  53%|█████▎    | 60/113 [00:03<00:02, 17.72it/s]
Epoch 16/50 [Val]:  55%|█████▍    | 62/113 [00:03<00:02, 17.71it/s]
Epoch 16/50 [Val]:  57%|█████▋    | 64/113 [00:03<00:02, 17.68it/s]
Epoch 16/50 [Val]:  58%|█████▊    | 66/113 [00:03<00:02, 17.38it/s]
Epoch 16/50 [Val]:  60%|██████    | 68/113 [00:03<00:02, 17.25it/s]
Epoch 16/50 [Val]:  62%|██████▏   | 70/113 [00:04<00:02, 17.48it/s]
Epoch 16/50 [Val]:  64%|██████▎   | 72/113 [00:04<00:02, 17.69it/s]
Epoch 16/50 [Val]:  65%|██████▌   | 74/113 [00:04<00:02, 17.93it/s]
Epoch 16/50 [Val]:  67%|██████▋   | 76/113 [00:04<00:02, 17.97it/s]
Epoch 16/50 [Val]:  69%|██████▉   | 78/113 [00:04<00:01, 17.86it/s]
Epoch 16/50 [Val]:  71%|███████   | 80/113 [00:04<00:01, 17.64it/s]
Epoch 16/50 [Val]:  73%|███████▎  | 82/113 [00:04<00:01, 17.58it/s]
Epoch 16/50 [Val]:  74%|███████▍  | 84/113 [00:04<00:01, 17.61it/s]
Epoch 16/50 [Val]:  76%|███████▌  | 86/113 [00:04<00:01, 17.63it/s]
Epoch 16/50 [Val]:  78%|███████▊  | 88/113 [00:05<00:01, 17.48it/s]
Epoch 16/50 [Val]:  80%|███████▉  | 90/113 [00:05<00:01, 17.75it/s]
Epoch 16/50 [Val]:  81%|████████▏ | 92/113 [00:05<00:01, 17.76it/s]
Epoch 16/50 [Val]:  83%|████████▎ | 94/113 [00:05<00:01, 17.98it/s]
Epoch 16/50 [Val]:  85%|████████▍ | 96/113 [00:05<00:00, 18.16it/s]
Epoch 16/50 [Val]:  87%|████████▋ | 98/113 [00:05<00:00, 18.24it/s]
Epoch 16/50 [Val]:  88%|████████▊ | 100/113 [00:05<00:00, 17.94it/s]
Epoch 16/50 [Val]:  90%|█████████ | 102/113 [00:05<00:00, 17.56it/s]
Epoch 16/50 [Val]:  92%|█████████▏| 104/113 [00:05<00:00, 17.88it/s]
Epoch 16/50 [Val]:  94%|█████████▍| 106/113 [00:06<00:00, 17.99it/s]
Epoch 16/50 [Val]:  96%|█████████▌| 108/113 [00:06<00:00, 18.24it/s]
Epoch 16/50 [Val]:  97%|█████████▋| 110/113 [00:06<00:00, 18.29it/s]
Epoch 16/50 [Val]:  99%|█████████▉| 112/113 [00:06<00:00, 18.25it/s]
                                                                    

Epoch 17/50 [Train]:   0%|          | 0/459 [00:00<?, ?it/s]
Epoch 17/50 [Train]:   1%|          | 3/459 [00:00<00:21, 21.35it/s]
Epoch 17/50 [Train]:   1%|▏         | 6/459 [00:00<00:20, 22.23it/s]
Epoch 17/50 [Train]:   2%|▏         | 9/459 [00:00<00:19, 22.96it/s]
Epoch 17/50 [Train]:   3%|▎         | 12/459 [00:00<00:19, 23.00it/s]
Epoch 17/50 [Train]:   3%|▎         | 15/459 [00:00<00:19, 23.31it/s]
Epoch 17/50 [Train]:   4%|▍         | 18/459 [00:00<00:18, 23.32it/s]
Epoch 17/50 [Train]:   5%|▍         | 21/459 [00:00<00:18, 23.55it/s]
Epoch 17/50 [Train]:   5%|▌         | 24/459 [00:01<00:18, 23.16it/s]
Epoch 17/50 [Train]:   6%|▌         | 27/459 [00:01<00:18, 23.04it/s]
Epoch 17/50 [Train]:   7%|▋         | 30/459 [00:01<00:18, 22.78it/s]
Epoch 17/50 [Train]:   7%|▋         | 33/459 [00:01<00:18, 22.73it/s]
Epoch 17/50 [Train]:   8%|▊         | 36/459 [00:01<00:18, 22.62it/s]
Epoch 17/50 [Train]:   8%|▊         | 39/459 [00:01<00:18, 23.00it/s]
Epoch 17/50 [Train]:   9%|▉         | 42/459 [00:01<00:18, 22.93it/s]
Epoch 17/50 [Train]:  10%|▉         | 45/459 [00:01<00:18, 22.95it/s]
Epoch 17/50 [Train]:  10%|█         | 48/459 [00:02<00:18, 22.73it/s]
Epoch 17/50 [Train]:  11%|█         | 51/459 [00:02<00:17, 22.83it/s]
Epoch 17/50 [Train]:  12%|█▏        | 54/459 [00:02<00:17, 23.09it/s]
Epoch 17/50 [Train]:  12%|█▏        | 57/459 [00:02<00:17, 23.24it/s]
Epoch 17/50 [Train]:  13%|█▎        | 60/459 [00:02<00:17, 23.38it/s]
Epoch 17/50 [Train]:  14%|█▎        | 63/459 [00:02<00:16, 23.65it/s]
Epoch 17/50 [Train]:  14%|█▍        | 66/459 [00:02<00:16, 23.66it/s]
Epoch 17/50 [Train]:  15%|█▌        | 69/459 [00:02<00:16, 23.76it/s]
Epoch 17/50 [Train]:  16%|█▌        | 72/459 [00:03<00:16, 23.69it/s]
Epoch 17/50 [Train]:  16%|█▋        | 75/459 [00:03<00:16, 23.24it/s]
Epoch 17/50 [Train]:  17%|█▋        | 78/459 [00:03<00:16, 23.53it/s]
Epoch 17/50 [Train]:  18%|█▊        | 81/459 [00:03<00:16, 23.56it/s]
Epoch 17/50 [Train]:  18%|█▊        | 84/459 [00:03<00:15, 23.50it/s]
Epoch 17/50 [Train]:  19%|█▉        | 87/459 [00:03<00:15, 23.47it/s]
Epoch 17/50 [Train]:  20%|█▉        | 90/459 [00:03<00:15, 23.51it/s]
Epoch 17/50 [Train]:  20%|██        | 93/459 [00:04<00:15, 23.60it/s]
Epoch 17/50 [Train]:  21%|██        | 96/459 [00:04<00:15, 23.60it/s]
Epoch 17/50 [Train]:  22%|██▏       | 99/459 [00:04<00:15, 23.72it/s]
Epoch 17/50 [Train]:  22%|██▏       | 102/459 [00:04<00:15, 23.74it/s]
Epoch 17/50 [Train]:  23%|██▎       | 105/459 [00:04<00:14, 23.82it/s]
Epoch 17/50 [Train]:  24%|██▎       | 108/459 [00:04<00:14, 23.73it/s]
Epoch 17/50 [Train]:  24%|██▍       | 111/459 [00:04<00:14, 23.70it/s]
Epoch 17/50 [Train]:  25%|██▍       | 114/459 [00:04<00:14, 23.58it/s]
Epoch 17/50 [Train]:  25%|██▌       | 117/459 [00:05<00:14, 23.65it/s]
Epoch 17/50 [Train]:  26%|██▌       | 120/459 [00:05<00:14, 23.67it/s]
Epoch 17/50 [Train]:  27%|██▋       | 123/459 [00:05<00:14, 23.75it/s]
Epoch 17/50 [Train]:  27%|██▋       | 126/459 [00:05<00:13, 23.79it/s]
Epoch 17/50 [Train]:  28%|██▊       | 129/459 [00:05<00:13, 23.57it/s]
Epoch 17/50 [Train]:  29%|██▉       | 132/459 [00:05<00:13, 23.64it/s]
Epoch 17/50 [Train]:  29%|██▉       | 135/459 [00:05<00:13, 23.58it/s]
Epoch 17/50 [Train]:  30%|███       | 138/459 [00:05<00:13, 23.55it/s]
Epoch 17/50 [Train]:  31%|███       | 141/459 [00:06<00:13, 23.70it/s]
Epoch 17/50 [Train]:  31%|███▏      | 144/459 [00:06<00:13, 23.59it/s]
Epoch 17/50 [Train]:  32%|███▏      | 147/459 [00:06<00:13, 23.80it/s]
Epoch 17/50 [Train]:  33%|███▎      | 150/459 [00:06<00:12, 23.88it/s]
Epoch 17/50 [Train]:  33%|███▎      | 153/459 [00:06<00:12, 23.97it/s]
Epoch 17/50 [Train]:  34%|███▍      | 156/459 [00:06<00:12, 24.06it/s]
Epoch 17/50 [Train]:  35%|███▍      | 159/459 [00:06<00:12, 24.10it/s]
Epoch 17/50 [Train]:  35%|███▌      | 162/459 [00:06<00:12, 23.91it/s]
Epoch 17/50 [Train]:  36%|███▌      | 165/459 [00:07<00:12, 23.82it/s]
Epoch 17/50 [Train]:  37%|███▋      | 168/459 [00:07<00:12, 23.79it/s]
Epoch 17/50 [Train]:  37%|███▋      | 171/459 [00:07<00:12, 23.88it/s]
Epoch 17/50 [Train]:  38%|███▊      | 174/459 [00:07<00:11, 23.85it/s]
Epoch 17/50 [Train]:  39%|███▊      | 177/459 [00:07<00:11, 23.86it/s]
Epoch 17/50 [Train]:  39%|███▉      | 180/459 [00:07<00:11, 23.87it/s]
Epoch 17/50 [Train]:  40%|███▉      | 183/459 [00:07<00:11, 23.80it/s]
Epoch 17/50 [Train]:  41%|████      | 186/459 [00:07<00:11, 23.81it/s]
Epoch 17/50 [Train]:  41%|████      | 189/459 [00:08<00:11, 23.84it/s]
Epoch 17/50 [Train]:  42%|████▏     | 192/459 [00:08<00:11, 23.88it/s]
Epoch 17/50 [Train]:  42%|████▏     | 195/459 [00:08<00:11, 23.75it/s]
Epoch 17/50 [Train]:  43%|████▎     | 198/459 [00:08<00:10, 23.74it/s]
Epoch 17/50 [Train]:  44%|████▍     | 201/459 [00:08<00:10, 23.79it/s]
Epoch 17/50 [Train]:  44%|████▍     | 204/459 [00:08<00:10, 23.54it/s]
Epoch 17/50 [Train]:  45%|████▌     | 207/459 [00:08<00:10, 23.36it/s]
Epoch 17/50 [Train]:  46%|████▌     | 210/459 [00:08<00:10, 23.32it/s]
Epoch 17/50 [Train]:  46%|████▋     | 213/459 [00:09<00:10, 23.38it/s]
Epoch 17/50 [Train]:  47%|████▋     | 216/459 [00:09<00:10, 23.48it/s]
Epoch 17/50 [Train]:  48%|████▊     | 219/459 [00:09<00:10, 23.37it/s]
Epoch 17/50 [Train]:  48%|████▊     | 222/459 [00:09<00:10, 23.54it/s]
Epoch 17/50 [Train]:  49%|████▉     | 225/459 [00:09<00:09, 23.69it/s]
Epoch 17/50 [Train]:  50%|████▉     | 228/459 [00:09<00:09, 23.53it/s]
Epoch 17/50 [Train]:  50%|█████     | 231/459 [00:09<00:09, 23.53it/s]
Epoch 17/50 [Train]:  51%|█████     | 234/459 [00:09<00:09, 23.53it/s]
Epoch 17/50 [Train]:  52%|█████▏    | 237/459 [00:10<00:09, 23.58it/s]
Epoch 17/50 [Train]:  52%|█████▏    | 240/459 [00:10<00:09, 23.13it/s]
Epoch 17/50 [Train]:  53%|█████▎    | 243/459 [00:10<00:09, 23.00it/s]
Epoch 17/50 [Train]:  54%|█████▎    | 246/459 [00:10<00:09, 23.02it/s]
Epoch 17/50 [Train]:  54%|█████▍    | 249/459 [00:10<00:09, 23.19it/s]
Epoch 17/50 [Train]:  55%|█████▍    | 252/459 [00:10<00:08, 23.40it/s]
Epoch 17/50 [Train]:  56%|█████▌    | 255/459 [00:10<00:08, 23.31it/s]
Epoch 17/50 [Train]:  56%|█████▌    | 258/459 [00:10<00:08, 23.46it/s]
Epoch 17/50 [Train]:  57%|█████▋    | 261/459 [00:11<00:08, 23.32it/s]
Epoch 17/50 [Train]:  58%|█████▊    | 264/459 [00:11<00:08, 23.43it/s]
Epoch 17/50 [Train]:  58%|█████▊    | 267/459 [00:11<00:08, 23.46it/s]
Epoch 17/50 [Train]:  59%|█████▉    | 270/459 [00:11<00:08, 23.61it/s]
Epoch 17/50 [Train]:  59%|█████▉    | 273/459 [00:11<00:08, 23.15it/s]
Epoch 17/50 [Train]:  60%|██████    | 276/459 [00:11<00:07, 23.39it/s]
Epoch 17/50 [Train]:  61%|██████    | 279/459 [00:11<00:07, 23.47it/s]
Epoch 17/50 [Train]:  61%|██████▏   | 282/459 [00:12<00:07, 23.62it/s]
Epoch 17/50 [Train]:  62%|██████▏   | 285/459 [00:12<00:07, 23.41it/s]
Epoch 17/50 [Train]:  63%|██████▎   | 288/459 [00:12<00:07, 23.33it/s]
Epoch 17/50 [Train]:  63%|██████▎   | 291/459 [00:12<00:07, 23.48it/s]
Epoch 17/50 [Train]:  64%|██████▍   | 294/459 [00:12<00:07, 23.45it/s]
Epoch 17/50 [Train]:  65%|██████▍   | 297/459 [00:12<00:06, 23.33it/s]
Epoch 17/50 [Train]:  65%|██████▌   | 300/459 [00:12<00:06, 23.47it/s]
Epoch 17/50 [Train]:  66%|██████▌   | 303/459 [00:12<00:06, 23.49it/s]
Epoch 17/50 [Train]:  67%|██████▋   | 306/459 [00:13<00:06, 23.58it/s]
Epoch 17/50 [Train]:  67%|██████▋   | 309/459 [00:13<00:06, 23.72it/s]
Epoch 17/50 [Train]:  68%|██████▊   | 312/459 [00:13<00:06, 23.34it/s]
Epoch 17/50 [Train]:  69%|██████▊   | 315/459 [00:13<00:06, 23.49it/s]
Epoch 17/50 [Train]:  69%|██████▉   | 318/459 [00:13<00:05, 23.54it/s]
Epoch 17/50 [Train]:  70%|██████▉   | 321/459 [00:13<00:05, 23.49it/s]
Epoch 17/50 [Train]:  71%|███████   | 324/459 [00:13<00:05, 23.25it/s]
Epoch 17/50 [Train]:  71%|███████   | 327/459 [00:13<00:05, 23.38it/s]
Epoch 17/50 [Train]:  72%|███████▏  | 330/459 [00:14<00:05, 23.52it/s]
Epoch 17/50 [Train]:  73%|███████▎  | 333/459 [00:14<00:05, 23.58it/s]
Epoch 17/50 [Train]:  73%|███████▎  | 336/459 [00:14<00:05, 23.48it/s]
Epoch 17/50 [Train]:  74%|███████▍  | 339/459 [00:14<00:05, 23.47it/s]
Epoch 17/50 [Train]:  75%|███████▍  | 342/459 [00:14<00:04, 23.62it/s]
Epoch 17/50 [Train]:  75%|███████▌  | 345/459 [00:14<00:04, 23.59it/s]
Epoch 17/50 [Train]:  76%|███████▌  | 348/459 [00:14<00:04, 23.40it/s]
Epoch 17/50 [Train]:  76%|███████▋  | 351/459 [00:14<00:04, 23.54it/s]
Epoch 17/50 [Train]:  77%|███████▋  | 354/459 [00:15<00:04, 23.56it/s]
Epoch 17/50 [Train]:  78%|███████▊  | 357/459 [00:15<00:04, 23.36it/s]
Epoch 17/50 [Train]:  78%|███████▊  | 360/459 [00:15<00:04, 23.13it/s]
Epoch 17/50 [Train]:  79%|███████▉  | 363/459 [00:15<00:04, 23.33it/s]
Epoch 17/50 [Train]:  80%|███████▉  | 366/459 [00:15<00:03, 23.50it/s]
Epoch 17/50 [Train]:  80%|████████  | 369/459 [00:15<00:03, 23.70it/s]
Epoch 17/50 [Train]:  81%|████████  | 372/459 [00:15<00:03, 23.79it/s]
Epoch 17/50 [Train]:  82%|████████▏ | 375/459 [00:15<00:03, 23.84it/s]
Epoch 17/50 [Train]:  82%|████████▏ | 378/459 [00:16<00:03, 23.51it/s]
Epoch 17/50 [Train]:  83%|████████▎ | 381/459 [00:16<00:03, 23.40it/s]
Epoch 17/50 [Train]:  84%|████████▎ | 384/459 [00:16<00:03, 23.27it/s]
Epoch 17/50 [Train]:  84%|████████▍ | 387/459 [00:16<00:03, 23.29it/s]
Epoch 17/50 [Train]:  85%|████████▍ | 390/459 [00:16<00:02, 23.55it/s]
Epoch 17/50 [Train]:  86%|████████▌ | 393/459 [00:16<00:02, 23.68it/s]
Epoch 17/50 [Train]:  86%|████████▋ | 396/459 [00:16<00:02, 23.66it/s]
Epoch 17/50 [Train]:  87%|████████▋ | 399/459 [00:16<00:02, 23.73it/s]
Epoch 17/50 [Train]:  88%|████████▊ | 402/459 [00:17<00:02, 23.75it/s]
Epoch 17/50 [Train]:  88%|████████▊ | 405/459 [00:17<00:02, 23.96it/s]
Epoch 17/50 [Train]:  89%|████████▉ | 408/459 [00:17<00:02, 23.91it/s]
Epoch 17/50 [Train]:  90%|████████▉ | 411/459 [00:17<00:02, 23.85it/s]
Epoch 17/50 [Train]:  90%|█████████ | 414/459 [00:17<00:01, 23.81it/s]
Epoch 17/50 [Train]:  91%|█████████ | 417/459 [00:17<00:01, 23.77it/s]
Epoch 17/50 [Train]:  92%|█████████▏| 420/459 [00:17<00:01, 23.77it/s]
Epoch 17/50 [Train]:  92%|█████████▏| 423/459 [00:17<00:01, 23.75it/s]
Epoch 17/50 [Train]:  93%|█████████▎| 426/459 [00:18<00:01, 23.74it/s]
Epoch 17/50 [Train]:  93%|█████████▎| 429/459 [00:18<00:01, 23.55it/s]
Epoch 17/50 [Train]:  94%|█████████▍| 432/459 [00:18<00:01, 23.63it/s]
Epoch 17/50 [Train]:  95%|█████████▍| 435/459 [00:18<00:01, 23.54it/s]
Epoch 17/50 [Train]:  95%|█████████▌| 438/459 [00:18<00:00, 23.61it/s]
Epoch 17/50 [Train]:  96%|█████████▌| 441/459 [00:18<00:00, 23.61it/s]
Epoch 17/50 [Train]:  97%|█████████▋| 444/459 [00:18<00:00, 23.56it/s]
Epoch 17/50 [Train]:  97%|█████████▋| 447/459 [00:19<00:00, 23.66it/s]
Epoch 17/50 [Train]:  98%|█████████▊| 450/459 [00:19<00:00, 23.46it/s]
Epoch 17/50 [Train]:  99%|█████████▊| 453/459 [00:19<00:00, 23.61it/s]
Epoch 17/50 [Train]:  99%|█████████▉| 456/459 [00:19<00:00, 23.72it/s]
Epoch 17/50 [Train]: 100%|██████████| 459/459 [00:19<00:00, 23.69it/s]
                                                                      

Epoch 17/50 [Val]:   0%|          | 0/113 [00:00<?, ?it/s]
Epoch 17/50 [Val]:   2%|▏         | 2/113 [00:00<00:06, 17.61it/s]
Epoch 17/50 [Val]:   4%|▎         | 4/113 [00:00<00:06, 17.84it/s]
Epoch 17/50 [Val]:   5%|▌         | 6/113 [00:00<00:06, 17.52it/s]
Epoch 17/50 [Val]:   7%|▋         | 8/113 [00:00<00:05, 17.53it/s]
Epoch 17/50 [Val]:   9%|▉         | 10/113 [00:00<00:05, 18.31it/s]
Epoch 17/50 [Val]:  11%|█         | 12/113 [00:00<00:05, 18.38it/s]
Epoch 17/50 [Val]:  12%|█▏        | 14/113 [00:00<00:05, 18.26it/s]
Epoch 17/50 [Val]:  14%|█▍        | 16/113 [00:00<00:05, 17.42it/s]
Epoch 17/50 [Val]:  16%|█▌        | 18/113 [00:01<00:05, 16.90it/s]
Epoch 17/50 [Val]:  18%|█▊        | 20/113 [00:01<00:05, 16.51it/s]
Epoch 17/50 [Val]:  19%|█▉        | 22/113 [00:01<00:05, 16.27it/s]
Epoch 17/50 [Val]:  21%|██        | 24/113 [00:01<00:05, 16.23it/s]
Epoch 17/50 [Val]:  23%|██▎       | 26/113 [00:01<00:05, 16.38it/s]
Epoch 17/50 [Val]:  25%|██▍       | 28/113 [00:01<00:05, 16.61it/s]
Epoch 17/50 [Val]:  27%|██▋       | 30/113 [00:01<00:04, 17.16it/s]
Epoch 17/50 [Val]:  28%|██▊       | 32/113 [00:01<00:04, 17.21it/s]
Epoch 17/50 [Val]:  30%|███       | 34/113 [00:01<00:04, 17.28it/s]
Epoch 17/50 [Val]:  32%|███▏      | 36/113 [00:02<00:04, 17.65it/s]
Epoch 17/50 [Val]:  34%|███▎      | 38/113 [00:02<00:04, 17.81it/s]
Epoch 17/50 [Val]:  35%|███▌      | 40/113 [00:02<00:04, 17.93it/s]
Epoch 17/50 [Val]:  37%|███▋      | 42/113 [00:02<00:03, 17.83it/s]
Epoch 17/50 [Val]:  39%|███▉      | 44/113 [00:02<00:03, 17.70it/s]
Epoch 17/50 [Val]:  41%|████      | 46/113 [00:02<00:03, 17.39it/s]
Epoch 17/50 [Val]:  42%|████▏     | 48/113 [00:02<00:03, 17.41it/s]
Epoch 17/50 [Val]:  44%|████▍     | 50/113 [00:02<00:03, 17.73it/s]
Epoch 17/50 [Val]:  46%|████▌     | 52/113 [00:02<00:03, 18.07it/s]
Epoch 17/50 [Val]:  48%|████▊     | 54/113 [00:03<00:03, 18.29it/s]
Epoch 17/50 [Val]:  50%|████▉     | 56/113 [00:03<00:03, 18.28it/s]
Epoch 17/50 [Val]:  51%|█████▏    | 58/113 [00:03<00:03, 17.52it/s]
Epoch 17/50 [Val]:  53%|█████▎    | 60/113 [00:03<00:02, 17.90it/s]
Epoch 17/50 [Val]:  55%|█████▍    | 62/113 [00:03<00:02, 17.79it/s]
Epoch 17/50 [Val]:  57%|█████▋    | 64/113 [00:03<00:02, 17.64it/s]
Epoch 17/50 [Val]:  58%|█████▊    | 66/113 [00:03<00:02, 17.24it/s]
Epoch 17/50 [Val]:  60%|██████    | 68/113 [00:03<00:02, 17.20it/s]
Epoch 17/50 [Val]:  62%|██████▏   | 70/113 [00:04<00:02, 17.46it/s]
Epoch 17/50 [Val]:  64%|██████▎   | 72/113 [00:04<00:02, 17.82it/s]
Epoch 17/50 [Val]:  65%|██████▌   | 74/113 [00:04<00:02, 18.06it/s]
Epoch 17/50 [Val]:  67%|██████▋   | 76/113 [00:04<00:02, 18.09it/s]
Epoch 17/50 [Val]:  69%|██████▉   | 78/113 [00:04<00:01, 18.01it/s]
Epoch 17/50 [Val]:  71%|███████   | 80/113 [00:04<00:01, 17.84it/s]
Epoch 17/50 [Val]:  73%|███████▎  | 82/113 [00:04<00:01, 17.64it/s]
Epoch 17/50 [Val]:  74%|███████▍  | 84/113 [00:04<00:01, 17.69it/s]
Epoch 17/50 [Val]:  76%|███████▌  | 86/113 [00:04<00:01, 17.78it/s]
Epoch 17/50 [Val]:  78%|███████▊  | 88/113 [00:05<00:01, 17.63it/s]
Epoch 17/50 [Val]:  80%|███████▉  | 90/113 [00:05<00:01, 17.93it/s]
Epoch 17/50 [Val]:  81%|████████▏ | 92/113 [00:05<00:01, 18.08it/s]
Epoch 17/50 [Val]:  83%|████████▎ | 94/113 [00:05<00:01, 18.14it/s]
Epoch 17/50 [Val]:  85%|████████▍ | 96/113 [00:05<00:00, 18.45it/s]
Epoch 17/50 [Val]:  87%|████████▋ | 98/113 [00:05<00:00, 18.47it/s]
Epoch 17/50 [Val]:  88%|████████▊ | 100/113 [00:05<00:00, 18.05it/s]
Epoch 17/50 [Val]:  90%|█████████ | 102/113 [00:05<00:00, 17.66it/s]
Epoch 17/50 [Val]:  92%|█████████▏| 104/113 [00:05<00:00, 18.05it/s]
Epoch 17/50 [Val]:  94%|█████████▍| 106/113 [00:06<00:00, 18.11it/s]
Epoch 17/50 [Val]:  96%|█████████▌| 108/113 [00:06<00:00, 18.30it/s]
Epoch 17/50 [Val]:  97%|█████████▋| 110/113 [00:06<00:00, 18.51it/s]
Epoch 17/50 [Val]:  99%|█████████▉| 112/113 [00:06<00:00, 18.55it/s]
                                                                    

Epoch 18/50 [Train]:   0%|          | 0/459 [00:00<?, ?it/s]
Epoch 18/50 [Train]:   1%|          | 3/459 [00:00<00:20, 22.13it/s]
Epoch 18/50 [Train]:   1%|▏         | 6/459 [00:00<00:20, 22.42it/s]
Epoch 18/50 [Train]:   2%|▏         | 9/459 [00:00<00:19, 22.86it/s]
Epoch 18/50 [Train]:   3%|▎         | 12/459 [00:00<00:19, 23.19it/s]
Epoch 18/50 [Train]:   3%|▎         | 15/459 [00:00<00:18, 23.52it/s]
Epoch 18/50 [Train]:   4%|▍         | 18/459 [00:00<00:18, 23.48it/s]
Epoch 18/50 [Train]:   5%|▍         | 21/459 [00:00<00:18, 23.58it/s]
Epoch 18/50 [Train]:   5%|▌         | 24/459 [00:01<00:18, 23.41it/s]
Epoch 18/50 [Train]:   6%|▌         | 27/459 [00:01<00:18, 23.50it/s]
Epoch 18/50 [Train]:   7%|▋         | 30/459 [00:01<00:18, 23.42it/s]
Epoch 18/50 [Train]:   7%|▋         | 33/459 [00:01<00:18, 23.50it/s]
Epoch 18/50 [Train]:   8%|▊         | 36/459 [00:01<00:18, 23.50it/s]
Epoch 18/50 [Train]:   8%|▊         | 39/459 [00:01<00:17, 23.37it/s]
Epoch 18/50 [Train]:   9%|▉         | 42/459 [00:01<00:17, 23.30it/s]
Epoch 18/50 [Train]:  10%|▉         | 45/459 [00:01<00:17, 23.29it/s]
Epoch 18/50 [Train]:  10%|█         | 48/459 [00:02<00:17, 23.54it/s]
Epoch 18/50 [Train]:  11%|█         | 51/459 [00:02<00:17, 23.62it/s]
Epoch 18/50 [Train]:  12%|█▏        | 54/459 [00:02<00:17, 23.50it/s]
Epoch 18/50 [Train]:  12%|█▏        | 57/459 [00:02<00:17, 23.44it/s]
Epoch 18/50 [Train]:  13%|█▎        | 60/459 [00:02<00:17, 23.46it/s]
Epoch 18/50 [Train]:  14%|█▎        | 63/459 [00:02<00:16, 23.59it/s]
Epoch 18/50 [Train]:  14%|█▍        | 66/459 [00:02<00:16, 23.63it/s]
Epoch 18/50 [Train]:  15%|█▌        | 69/459 [00:02<00:16, 23.19it/s]
Epoch 18/50 [Train]:  16%|█▌        | 72/459 [00:03<00:16, 23.42it/s]
Epoch 18/50 [Train]:  16%|█▋        | 75/459 [00:03<00:16, 23.02it/s]
Epoch 18/50 [Train]:  17%|█▋        | 78/459 [00:03<00:16, 23.12it/s]
Epoch 18/50 [Train]:  18%|█▊        | 81/459 [00:03<00:16, 23.33it/s]
Epoch 18/50 [Train]:  18%|█▊        | 84/459 [00:03<00:16, 23.38it/s]
Epoch 18/50 [Train]:  19%|█▉        | 87/459 [00:03<00:16, 23.01it/s]
Epoch 18/50 [Train]:  20%|█▉        | 90/459 [00:03<00:15, 23.22it/s]
Epoch 18/50 [Train]:  20%|██        | 93/459 [00:03<00:15, 23.25it/s]
Epoch 18/50 [Train]:  21%|██        | 96/459 [00:04<00:15, 23.36it/s]
Epoch 18/50 [Train]:  22%|██▏       | 99/459 [00:04<00:15, 23.03it/s]
Epoch 18/50 [Train]:  22%|██▏       | 102/459 [00:04<00:15, 23.20it/s]
Epoch 18/50 [Train]:  23%|██▎       | 105/459 [00:04<00:15, 23.40it/s]
Epoch 18/50 [Train]:  24%|██▎       | 108/459 [00:04<00:15, 23.30it/s]
Epoch 18/50 [Train]:  24%|██▍       | 111/459 [00:04<00:15, 23.07it/s]
Epoch 18/50 [Train]:  25%|██▍       | 114/459 [00:04<00:14, 23.13it/s]
Epoch 18/50 [Train]:  25%|██▌       | 117/459 [00:05<00:14, 23.04it/s]
Epoch 18/50 [Train]:  26%|██▌       | 120/459 [00:05<00:14, 22.84it/s]
Epoch 18/50 [Train]:  27%|██▋       | 123/459 [00:05<00:14, 22.72it/s]
Epoch 18/50 [Train]:  27%|██▋       | 126/459 [00:05<00:14, 22.90it/s]
Epoch 18/50 [Train]:  28%|██▊       | 129/459 [00:05<00:14, 22.58it/s]
Epoch 18/50 [Train]:  29%|██▉       | 132/459 [00:05<00:14, 23.01it/s]
Epoch 18/50 [Train]:  29%|██▉       | 135/459 [00:05<00:14, 23.11it/s]
Epoch 18/50 [Train]:  30%|███       | 138/459 [00:05<00:13, 23.05it/s]
Epoch 18/50 [Train]:  31%|███       | 141/459 [00:06<00:13, 22.93it/s]
Epoch 18/50 [Train]:  31%|███▏      | 144/459 [00:06<00:13, 23.18it/s]
Epoch 18/50 [Train]:  32%|███▏      | 147/459 [00:06<00:13, 23.04it/s]
Epoch 18/50 [Train]:  33%|███▎      | 150/459 [00:06<00:13, 22.68it/s]
Epoch 18/50 [Train]:  33%|███▎      | 153/459 [00:06<00:13, 22.69it/s]
Epoch 18/50 [Train]:  34%|███▍      | 156/459 [00:06<00:13, 22.65it/s]
Epoch 18/50 [Train]:  35%|███▍      | 159/459 [00:06<00:13, 22.95it/s]
Epoch 18/50 [Train]:  35%|███▌      | 162/459 [00:06<00:12, 22.94it/s]
Epoch 18/50 [Train]:  36%|███▌      | 165/459 [00:07<00:12, 22.95it/s]
Epoch 18/50 [Train]:  37%|███▋      | 168/459 [00:07<00:12, 23.23it/s]
Epoch 18/50 [Train]:  37%|███▋      | 171/459 [00:07<00:12, 23.12it/s]
Epoch 18/50 [Train]:  38%|███▊      | 174/459 [00:07<00:12, 23.19it/s]
Epoch 18/50 [Train]:  39%|███▊      | 177/459 [00:07<00:12, 23.31it/s]
Epoch 18/50 [Train]:  39%|███▉      | 180/459 [00:07<00:12, 22.91it/s]
Epoch 18/50 [Train]:  40%|███▉      | 183/459 [00:07<00:11, 23.01it/s]
Epoch 18/50 [Train]:  41%|████      | 186/459 [00:08<00:11, 23.20it/s]
Epoch 18/50 [Train]:  41%|████      | 189/459 [00:08<00:11, 23.11it/s]
Epoch 18/50 [Train]:  42%|████▏     | 192/459 [00:08<00:11, 22.89it/s]
Epoch 18/50 [Train]:  42%|████▏     | 195/459 [00:08<00:11, 23.05it/s]
Epoch 18/50 [Train]:  43%|████▎     | 198/459 [00:08<00:11, 23.23it/s]
Epoch 18/50 [Train]:  44%|████▍     | 201/459 [00:08<00:11, 23.33it/s]
Epoch 18/50 [Train]:  44%|████▍     | 204/459 [00:08<00:11, 23.03it/s]
Epoch 18/50 [Train]:  45%|████▌     | 207/459 [00:08<00:10, 23.26it/s]
Epoch 18/50 [Train]:  46%|████▌     | 210/459 [00:09<00:10, 23.22it/s]
Epoch 18/50 [Train]:  46%|████▋     | 213/459 [00:09<00:10, 23.04it/s]
Epoch 18/50 [Train]:  47%|████▋     | 216/459 [00:09<00:10, 23.00it/s]
Epoch 18/50 [Train]:  48%|████▊     | 219/459 [00:09<00:10, 22.97it/s]
Epoch 18/50 [Train]:  48%|████▊     | 222/459 [00:09<00:10, 23.03it/s]
Epoch 18/50 [Train]:  49%|████▉     | 225/459 [00:09<00:10, 22.81it/s]
Epoch 18/50 [Train]:  50%|████▉     | 228/459 [00:09<00:10, 23.07it/s]
Epoch 18/50 [Train]:  50%|█████     | 231/459 [00:09<00:09, 23.18it/s]
Epoch 18/50 [Train]:  51%|█████     | 234/459 [00:10<00:09, 23.33it/s]
Epoch 18/50 [Train]:  52%|█████▏    | 237/459 [00:10<00:09, 23.06it/s]
Epoch 18/50 [Train]:  52%|█████▏    | 240/459 [00:10<00:09, 23.21it/s]
Epoch 18/50 [Train]:  53%|█████▎    | 243/459 [00:10<00:09, 23.39it/s]
Epoch 18/50 [Train]:  54%|█████▎    | 246/459 [00:10<00:09, 23.50it/s]
Epoch 18/50 [Train]:  54%|█████▍    | 249/459 [00:10<00:08, 23.48it/s]
Epoch 18/50 [Train]:  55%|█████▍    | 252/459 [00:10<00:08, 23.74it/s]
Epoch 18/50 [Train]:  56%|█████▌    | 255/459 [00:10<00:08, 23.66it/s]
Epoch 18/50 [Train]:  56%|█████▌    | 258/459 [00:11<00:08, 23.66it/s]
Epoch 18/50 [Train]:  57%|█████▋    | 261/459 [00:11<00:08, 23.48it/s]
Epoch 18/50 [Train]:  58%|█████▊    | 264/459 [00:11<00:08, 23.41it/s]
Epoch 18/50 [Train]:  58%|█████▊    | 267/459 [00:11<00:08, 23.52it/s]
Epoch 18/50 [Train]:  59%|█████▉    | 270/459 [00:11<00:08, 23.42it/s]
Epoch 18/50 [Train]:  59%|█████▉    | 273/459 [00:11<00:07, 23.54it/s]
Epoch 18/50 [Train]:  60%|██████    | 276/459 [00:11<00:07, 23.56it/s]
Epoch 18/50 [Train]:  61%|██████    | 279/459 [00:12<00:07, 23.71it/s]
Epoch 18/50 [Train]:  61%|██████▏   | 282/459 [00:12<00:07, 23.81it/s]
Epoch 18/50 [Train]:  62%|██████▏   | 285/459 [00:12<00:07, 23.86it/s]
Epoch 18/50 [Train]:  63%|██████▎   | 288/459 [00:12<00:07, 23.65it/s]
Epoch 18/50 [Train]:  63%|██████▎   | 291/459 [00:12<00:07, 23.67it/s]
Epoch 18/50 [Train]:  64%|██████▍   | 294/459 [00:12<00:06, 23.71it/s]
Epoch 18/50 [Train]:  65%|██████▍   | 297/459 [00:12<00:06, 23.82it/s]
Epoch 18/50 [Train]:  65%|██████▌   | 300/459 [00:12<00:06, 23.86it/s]
Epoch 18/50 [Train]:  66%|██████▌   | 303/459 [00:13<00:06, 23.99it/s]
Epoch 18/50 [Train]:  67%|██████▋   | 306/459 [00:13<00:06, 23.82it/s]
Epoch 18/50 [Train]:  67%|██████▋   | 309/459 [00:13<00:06, 23.79it/s]
Epoch 18/50 [Train]:  68%|██████▊   | 312/459 [00:13<00:06, 23.84it/s]
Epoch 18/50 [Train]:  69%|██████▊   | 315/459 [00:13<00:06, 23.69it/s]
Epoch 18/50 [Train]:  69%|██████▉   | 318/459 [00:13<00:05, 23.87it/s]
Epoch 18/50 [Train]:  70%|██████▉   | 321/459 [00:13<00:05, 23.93it/s]
Epoch 18/50 [Train]:  71%|███████   | 324/459 [00:13<00:05, 23.72it/s]
Epoch 18/50 [Train]:  71%|███████   | 327/459 [00:14<00:05, 23.67it/s]
Epoch 18/50 [Train]:  72%|███████▏  | 330/459 [00:14<00:05, 23.77it/s]
Epoch 18/50 [Train]:  73%|███████▎  | 333/459 [00:14<00:05, 23.58it/s]
Epoch 18/50 [Train]:  73%|███████▎  | 336/459 [00:14<00:05, 23.26it/s]
Epoch 18/50 [Train]:  74%|███████▍  | 339/459 [00:14<00:05, 23.31it/s]
Epoch 18/50 [Train]:  75%|███████▍  | 342/459 [00:14<00:05, 23.40it/s]
Epoch 18/50 [Train]:  75%|███████▌  | 345/459 [00:14<00:04, 23.55it/s]
Epoch 18/50 [Train]:  76%|███████▌  | 348/459 [00:14<00:04, 23.40it/s]
Epoch 18/50 [Train]:  76%|███████▋  | 351/459 [00:15<00:04, 23.38it/s]
Epoch 18/50 [Train]:  77%|███████▋  | 354/459 [00:15<00:04, 23.56it/s]
Epoch 18/50 [Train]:  78%|███████▊  | 357/459 [00:15<00:04, 23.63it/s]
Epoch 18/50 [Train]:  78%|███████▊  | 360/459 [00:15<00:04, 23.51it/s]
Epoch 18/50 [Train]:  79%|███████▉  | 363/459 [00:15<00:04, 23.62it/s]
Epoch 18/50 [Train]:  80%|███████▉  | 366/459 [00:15<00:03, 23.70it/s]
Epoch 18/50 [Train]:  80%|████████  | 369/459 [00:15<00:03, 23.82it/s]
Epoch 18/50 [Train]:  81%|████████  | 372/459 [00:15<00:03, 23.58it/s]
Epoch 18/50 [Train]:  82%|████████▏ | 375/459 [00:16<00:03, 23.57it/s]
Epoch 18/50 [Train]:  82%|████████▏ | 378/459 [00:16<00:03, 23.72it/s]
Epoch 18/50 [Train]:  83%|████████▎ | 381/459 [00:16<00:03, 23.89it/s]
Epoch 18/50 [Train]:  84%|████████▎ | 384/459 [00:16<00:03, 23.81it/s]
Epoch 18/50 [Train]:  84%|████████▍ | 387/459 [00:16<00:03, 23.86it/s]
Epoch 18/50 [Train]:  85%|████████▍ | 390/459 [00:16<00:02, 23.93it/s]
Epoch 18/50 [Train]:  86%|████████▌ | 393/459 [00:16<00:02, 23.94it/s]
Epoch 18/50 [Train]:  86%|████████▋ | 396/459 [00:16<00:02, 23.56it/s]
Epoch 18/50 [Train]:  87%|████████▋ | 399/459 [00:17<00:02, 23.75it/s]
Epoch 18/50 [Train]:  88%|████████▊ | 402/459 [00:17<00:02, 23.80it/s]
Epoch 18/50 [Train]:  88%|████████▊ | 405/459 [00:17<00:02, 23.96it/s]
Epoch 18/50 [Train]:  89%|████████▉ | 408/459 [00:17<00:02, 23.74it/s]
Epoch 18/50 [Train]:  90%|████████▉ | 411/459 [00:17<00:02, 23.72it/s]
Epoch 18/50 [Train]:  90%|█████████ | 414/459 [00:17<00:01, 23.74it/s]
Epoch 18/50 [Train]:  91%|█████████ | 417/459 [00:17<00:01, 23.73it/s]
Epoch 18/50 [Train]:  92%|█████████▏| 420/459 [00:17<00:01, 23.69it/s]
Epoch 18/50 [Train]:  92%|█████████▏| 423/459 [00:18<00:01, 23.78it/s]
Epoch 18/50 [Train]:  93%|█████████▎| 426/459 [00:18<00:01, 23.70it/s]
Epoch 18/50 [Train]:  93%|█████████▎| 429/459 [00:18<00:01, 23.85it/s]
Epoch 18/50 [Train]:  94%|█████████▍| 432/459 [00:18<00:01, 24.02it/s]
Epoch 18/50 [Train]:  95%|█████████▍| 435/459 [00:18<00:01, 23.81it/s]
Epoch 18/50 [Train]:  95%|█████████▌| 438/459 [00:18<00:00, 23.95it/s]
Epoch 18/50 [Train]:  96%|█████████▌| 441/459 [00:18<00:00, 23.82it/s]
Epoch 18/50 [Train]:  97%|█████████▋| 444/459 [00:18<00:00, 23.73it/s]
Epoch 18/50 [Train]:  97%|█████████▋| 447/459 [00:19<00:00, 23.74it/s]
Epoch 18/50 [Train]:  98%|█████████▊| 450/459 [00:19<00:00, 23.76it/s]
Epoch 18/50 [Train]:  99%|█████████▊| 453/459 [00:19<00:00, 23.73it/s]
Epoch 18/50 [Train]:  99%|█████████▉| 456/459 [00:19<00:00, 23.59it/s]
Epoch 18/50 [Train]: 100%|██████████| 459/459 [00:19<00:00, 23.84it/s]
                                                                      

Epoch 18/50 [Val]:   0%|          | 0/113 [00:00<?, ?it/s]
Epoch 18/50 [Val]:   2%|▏         | 2/113 [00:00<00:06, 17.42it/s]
Epoch 18/50 [Val]:   4%|▎         | 4/113 [00:00<00:06, 17.67it/s]
Epoch 18/50 [Val]:   5%|▌         | 6/113 [00:00<00:06, 17.63it/s]
Epoch 18/50 [Val]:   7%|▋         | 8/113 [00:00<00:05, 17.85it/s]
Epoch 18/50 [Val]:   9%|▉         | 10/113 [00:00<00:05, 18.26it/s]
Epoch 18/50 [Val]:  11%|█         | 12/113 [00:00<00:05, 17.84it/s]
Epoch 18/50 [Val]:  12%|█▏        | 14/113 [00:00<00:05, 17.79it/s]
Epoch 18/50 [Val]:  14%|█▍        | 16/113 [00:00<00:05, 16.92it/s]
Epoch 18/50 [Val]:  16%|█▌        | 18/113 [00:01<00:05, 16.47it/s]
Epoch 18/50 [Val]:  18%|█▊        | 20/113 [00:01<00:05, 16.04it/s]
Epoch 18/50 [Val]:  19%|█▉        | 22/113 [00:01<00:05, 15.96it/s]
Epoch 18/50 [Val]:  21%|██        | 24/113 [00:01<00:05, 15.97it/s]
Epoch 18/50 [Val]:  23%|██▎       | 26/113 [00:01<00:05, 15.94it/s]
Epoch 18/50 [Val]:  25%|██▍       | 28/113 [00:01<00:05, 16.10it/s]
Epoch 18/50 [Val]:  27%|██▋       | 30/113 [00:01<00:05, 16.46it/s]
Epoch 18/50 [Val]:  28%|██▊       | 32/113 [00:01<00:04, 16.46it/s]
Epoch 18/50 [Val]:  30%|███       | 34/113 [00:02<00:04, 16.52it/s]
Epoch 18/50 [Val]:  32%|███▏      | 36/113 [00:02<00:04, 16.93it/s]
Epoch 18/50 [Val]:  34%|███▎      | 38/113 [00:02<00:04, 17.15it/s]
Epoch 18/50 [Val]:  35%|███▌      | 40/113 [00:02<00:04, 17.28it/s]
Epoch 18/50 [Val]:  37%|███▋      | 42/113 [00:02<00:04, 17.40it/s]
Epoch 18/50 [Val]:  39%|███▉      | 44/113 [00:02<00:04, 16.72it/s]
Epoch 18/50 [Val]:  41%|████      | 46/113 [00:02<00:04, 16.19it/s]
Epoch 18/50 [Val]:  42%|████▏     | 48/113 [00:02<00:03, 16.29it/s]
Epoch 18/50 [Val]:  44%|████▍     | 50/113 [00:02<00:03, 16.79it/s]
Epoch 18/50 [Val]:  46%|████▌     | 52/113 [00:03<00:03, 17.11it/s]
Epoch 18/50 [Val]:  48%|████▊     | 54/113 [00:03<00:03, 17.44it/s]
Epoch 18/50 [Val]:  50%|████▉     | 56/113 [00:03<00:03, 17.47it/s]
Epoch 18/50 [Val]:  51%|█████▏    | 58/113 [00:03<00:03, 16.77it/s]
Epoch 18/50 [Val]:  53%|█████▎    | 60/113 [00:03<00:03, 17.30it/s]
Epoch 18/50 [Val]:  55%|█████▍    | 62/113 [00:03<00:02, 17.42it/s]
Epoch 18/50 [Val]:  57%|█████▋    | 64/113 [00:03<00:02, 17.68it/s]
Epoch 18/50 [Val]:  58%|█████▊    | 66/113 [00:03<00:02, 17.44it/s]
Epoch 18/50 [Val]:  60%|██████    | 68/113 [00:04<00:02, 17.33it/s]
Epoch 18/50 [Val]:  62%|██████▏   | 70/113 [00:04<00:02, 17.28it/s]
Epoch 18/50 [Val]:  64%|██████▎   | 72/113 [00:04<00:02, 17.22it/s]
Epoch 18/50 [Val]:  65%|██████▌   | 74/113 [00:04<00:02, 17.14it/s]
Epoch 18/50 [Val]:  67%|██████▋   | 76/113 [00:04<00:02, 17.24it/s]
Epoch 18/50 [Val]:  69%|██████▉   | 78/113 [00:04<00:02, 17.22it/s]
Epoch 18/50 [Val]:  71%|███████   | 80/113 [00:04<00:01, 17.25it/s]
Epoch 18/50 [Val]:  73%|███████▎  | 82/113 [00:04<00:01, 17.20it/s]
Epoch 18/50 [Val]:  74%|███████▍  | 84/113 [00:04<00:01, 17.32it/s]
Epoch 18/50 [Val]:  76%|███████▌  | 86/113 [00:05<00:01, 17.55it/s]
Epoch 18/50 [Val]:  78%|███████▊  | 88/113 [00:05<00:01, 17.54it/s]
Epoch 18/50 [Val]:  80%|███████▉  | 90/113 [00:05<00:01, 17.94it/s]
Epoch 18/50 [Val]:  81%|████████▏ | 92/113 [00:05<00:01, 18.18it/s]
Epoch 18/50 [Val]:  83%|████████▎ | 94/113 [00:05<00:01, 18.29it/s]
Epoch 18/50 [Val]:  85%|████████▍ | 96/113 [00:05<00:00, 18.54it/s]
Epoch 18/50 [Val]:  87%|████████▋ | 98/113 [00:05<00:00, 18.71it/s]
Epoch 18/50 [Val]:  88%|████████▊ | 100/113 [00:05<00:00, 18.37it/s]
Epoch 18/50 [Val]:  90%|█████████ | 102/113 [00:05<00:00, 17.99it/s]
Epoch 18/50 [Val]:  92%|█████████▏| 104/113 [00:06<00:00, 18.34it/s]
Epoch 18/50 [Val]:  94%|█████████▍| 106/113 [00:06<00:00, 18.44it/s]
Epoch 18/50 [Val]:  96%|█████████▌| 108/113 [00:06<00:00, 18.70it/s]
Epoch 18/50 [Val]:  97%|█████████▋| 110/113 [00:06<00:00, 18.80it/s]
Epoch 18/50 [Val]:  99%|█████████▉| 112/113 [00:06<00:00, 18.67it/s]
                                                                    

Epoch 19/50 [Train]:   0%|          | 0/459 [00:00<?, ?it/s]
Epoch 19/50 [Train]:   1%|          | 3/459 [00:00<00:22, 20.54it/s]
Epoch 19/50 [Train]:   1%|▏         | 6/459 [00:00<00:21, 21.27it/s]
Epoch 19/50 [Train]:   2%|▏         | 9/459 [00:00<00:20, 22.32it/s]
Epoch 19/50 [Train]:   3%|▎         | 12/459 [00:00<00:19, 22.58it/s]
Epoch 19/50 [Train]:   3%|▎         | 15/459 [00:00<00:19, 22.97it/s]
Epoch 19/50 [Train]:   4%|▍         | 18/459 [00:00<00:18, 23.30it/s]
Epoch 19/50 [Train]:   5%|▍         | 21/459 [00:00<00:18, 23.43it/s]
Epoch 19/50 [Train]:   5%|▌         | 24/459 [00:01<00:18, 23.54it/s]
Epoch 19/50 [Train]:   6%|▌         | 27/459 [00:01<00:18, 23.62it/s]
Epoch 19/50 [Train]:   7%|▋         | 30/459 [00:01<00:18, 22.79it/s]
Epoch 19/50 [Train]:   7%|▋         | 33/459 [00:01<00:18, 22.47it/s]
Epoch 19/50 [Train]:   8%|▊         | 36/459 [00:01<00:18, 22.54it/s]
Epoch 19/50 [Train]:   8%|▊         | 39/459 [00:01<00:18, 22.90it/s]
Epoch 19/50 [Train]:   9%|▉         | 42/459 [00:01<00:18, 23.07it/s]
Epoch 19/50 [Train]:  10%|▉         | 45/459 [00:01<00:17, 23.11it/s]
Epoch 19/50 [Train]:  10%|█         | 48/459 [00:02<00:17, 23.26it/s]
Epoch 19/50 [Train]:  11%|█         | 51/459 [00:02<00:17, 23.31it/s]
Epoch 19/50 [Train]:  12%|█▏        | 54/459 [00:02<00:17, 23.29it/s]
Epoch 19/50 [Train]:  12%|█▏        | 57/459 [00:02<00:17, 23.36it/s]
Epoch 19/50 [Train]:  13%|█▎        | 60/459 [00:02<00:17, 23.46it/s]
Epoch 19/50 [Train]:  14%|█▎        | 63/459 [00:02<00:16, 23.48it/s]
Epoch 19/50 [Train]:  14%|█▍        | 66/459 [00:02<00:16, 23.58it/s]
Epoch 19/50 [Train]:  15%|█▌        | 69/459 [00:02<00:16, 23.57it/s]
Epoch 19/50 [Train]:  16%|█▌        | 72/459 [00:03<00:16, 23.67it/s]
Epoch 19/50 [Train]:  16%|█▋        | 75/459 [00:03<00:16, 23.80it/s]
Epoch 19/50 [Train]:  17%|█▋        | 78/459 [00:03<00:15, 23.91it/s]
Epoch 19/50 [Train]:  18%|█▊        | 81/459 [00:03<00:15, 23.87it/s]
Epoch 19/50 [Train]:  18%|█▊        | 84/459 [00:03<00:15, 23.73it/s]
Epoch 19/50 [Train]:  19%|█▉        | 87/459 [00:03<00:15, 23.95it/s]
Epoch 19/50 [Train]:  20%|█▉        | 90/459 [00:03<00:15, 23.85it/s]
Epoch 19/50 [Train]:  20%|██        | 93/459 [00:03<00:15, 23.80it/s]
Epoch 19/50 [Train]:  21%|██        | 96/459 [00:04<00:15, 24.06it/s]
Epoch 19/50 [Train]:  22%|██▏       | 99/459 [00:04<00:15, 23.98it/s]
Epoch 19/50 [Train]:  22%|██▏       | 102/459 [00:04<00:14, 23.98it/s]
Epoch 19/50 [Train]:  23%|██▎       | 105/459 [00:04<00:14, 23.90it/s]
Epoch 19/50 [Train]:  24%|██▎       | 108/459 [00:04<00:14, 24.01it/s]
Epoch 19/50 [Train]:  24%|██▍       | 111/459 [00:04<00:14, 24.15it/s]
Epoch 19/50 [Train]:  25%|██▍       | 114/459 [00:04<00:14, 24.05it/s]
Epoch 19/50 [Train]:  25%|██▌       | 117/459 [00:04<00:14, 23.80it/s]
Epoch 19/50 [Train]:  26%|██▌       | 120/459 [00:05<00:14, 23.83it/s]
Epoch 19/50 [Train]:  27%|██▋       | 123/459 [00:05<00:14, 23.84it/s]
Epoch 19/50 [Train]:  27%|██▋       | 126/459 [00:05<00:13, 23.95it/s]
Epoch 19/50 [Train]:  28%|██▊       | 129/459 [00:05<00:13, 23.70it/s]
Epoch 19/50 [Train]:  29%|██▉       | 132/459 [00:05<00:13, 23.82it/s]
Epoch 19/50 [Train]:  29%|██▉       | 135/459 [00:05<00:13, 23.23it/s]
Epoch 19/50 [Train]:  30%|███       | 138/459 [00:05<00:13, 22.96it/s]
Epoch 19/50 [Train]:  31%|███       | 141/459 [00:06<00:13, 22.99it/s]
Epoch 19/50 [Train]:  31%|███▏      | 144/459 [00:06<00:13, 23.07it/s]
Epoch 19/50 [Train]:  32%|███▏      | 147/459 [00:06<00:13, 22.94it/s]
Epoch 19/50 [Train]:  33%|███▎      | 150/459 [00:06<00:13, 23.19it/s]
Epoch 19/50 [Train]:  33%|███▎      | 153/459 [00:06<00:13, 23.14it/s]
Epoch 19/50 [Train]:  34%|███▍      | 156/459 [00:06<00:13, 22.88it/s]
Epoch 19/50 [Train]:  35%|███▍      | 159/459 [00:06<00:12, 23.20it/s]
Epoch 19/50 [Train]:  35%|███▌      | 162/459 [00:06<00:12, 23.43it/s]
Epoch 19/50 [Train]:  36%|███▌      | 165/459 [00:07<00:12, 23.58it/s]
Epoch 19/50 [Train]:  37%|███▋      | 168/459 [00:07<00:12, 23.51it/s]
Epoch 19/50 [Train]:  37%|███▋      | 171/459 [00:07<00:12, 23.21it/s]
Epoch 19/50 [Train]:  38%|███▊      | 174/459 [00:07<00:12, 23.32it/s]
Epoch 19/50 [Train]:  39%|███▊      | 177/459 [00:07<00:12, 23.38it/s]
Epoch 19/50 [Train]:  39%|███▉      | 180/459 [00:07<00:11, 23.52it/s]
Epoch 19/50 [Train]:  40%|███▉      | 183/459 [00:07<00:11, 23.60it/s]
Epoch 19/50 [Train]:  41%|████      | 186/459 [00:07<00:11, 23.64it/s]
Epoch 19/50 [Train]:  41%|████      | 189/459 [00:08<00:11, 23.68it/s]
Epoch 19/50 [Train]:  42%|████▏     | 192/459 [00:08<00:11, 23.75it/s]
Epoch 19/50 [Train]:  42%|████▏     | 195/459 [00:08<00:11, 23.87it/s]
Epoch 19/50 [Train]:  43%|████▎     | 198/459 [00:08<00:10, 23.90it/s]
Epoch 19/50 [Train]:  44%|████▍     | 201/459 [00:08<00:10, 24.00it/s]
Epoch 19/50 [Train]:  44%|████▍     | 204/459 [00:08<00:10, 24.03it/s]
Epoch 19/50 [Train]:  45%|████▌     | 207/459 [00:08<00:10, 23.98it/s]
Epoch 19/50 [Train]:  46%|████▌     | 210/459 [00:08<00:10, 23.91it/s]
Epoch 19/50 [Train]:  46%|████▋     | 213/459 [00:09<00:10, 23.93it/s]
Epoch 19/50 [Train]:  47%|████▋     | 216/459 [00:09<00:10, 23.94it/s]
Epoch 19/50 [Train]:  48%|████▊     | 219/459 [00:09<00:10, 24.00it/s]
Epoch 19/50 [Train]:  48%|████▊     | 222/459 [00:09<00:09, 24.05it/s]
Epoch 19/50 [Train]:  49%|████▉     | 225/459 [00:09<00:09, 24.21it/s]
Epoch 19/50 [Train]:  50%|████▉     | 228/459 [00:09<00:09, 24.29it/s]
Epoch 19/50 [Train]:  50%|█████     | 231/459 [00:09<00:09, 24.06it/s]
Epoch 19/50 [Train]:  51%|█████     | 234/459 [00:09<00:09, 23.68it/s]
Epoch 19/50 [Train]:  52%|█████▏    | 237/459 [00:10<00:09, 23.72it/s]
Epoch 19/50 [Train]:  52%|█████▏    | 240/459 [00:10<00:09, 23.58it/s]
Epoch 19/50 [Train]:  53%|█████▎    | 243/459 [00:10<00:09, 23.54it/s]
Epoch 19/50 [Train]:  54%|█████▎    | 246/459 [00:10<00:08, 23.76it/s]
Epoch 19/50 [Train]:  54%|█████▍    | 249/459 [00:10<00:09, 22.90it/s]
Epoch 19/50 [Train]:  55%|█████▍    | 252/459 [00:10<00:09, 22.51it/s]
Epoch 19/50 [Train]:  56%|█████▌    | 255/459 [00:10<00:08, 22.82it/s]
Epoch 19/50 [Train]:  56%|█████▌    | 258/459 [00:10<00:08, 23.06it/s]
Epoch 19/50 [Train]:  57%|█████▋    | 261/459 [00:11<00:08, 23.42it/s]
Epoch 19/50 [Train]:  58%|█████▊    | 264/459 [00:11<00:08, 23.43it/s]
Epoch 19/50 [Train]:  58%|█████▊    | 267/459 [00:11<00:08, 23.43it/s]
Epoch 19/50 [Train]:  59%|█████▉    | 270/459 [00:11<00:08, 23.51it/s]
Epoch 19/50 [Train]:  59%|█████▉    | 273/459 [00:11<00:07, 23.42it/s]
Epoch 19/50 [Train]:  60%|██████    | 276/459 [00:11<00:07, 23.50it/s]
Epoch 19/50 [Train]:  61%|██████    | 279/459 [00:11<00:07, 23.43it/s]
Epoch 19/50 [Train]:  61%|██████▏   | 282/459 [00:12<00:07, 23.50it/s]
Epoch 19/50 [Train]:  62%|██████▏   | 285/459 [00:12<00:07, 23.38it/s]
Epoch 19/50 [Train]:  63%|██████▎   | 288/459 [00:12<00:07, 23.54it/s]
Epoch 19/50 [Train]:  63%|██████▎   | 291/459 [00:12<00:07, 23.32it/s]
Epoch 19/50 [Train]:  64%|██████▍   | 294/459 [00:12<00:07, 23.27it/s]
Epoch 19/50 [Train]:  65%|██████▍   | 297/459 [00:12<00:06, 23.46it/s]
Epoch 19/50 [Train]:  65%|██████▌   | 300/459 [00:12<00:06, 23.76it/s]
Epoch 19/50 [Train]:  66%|██████▌   | 303/459 [00:12<00:06, 23.83it/s]
Epoch 19/50 [Train]:  67%|██████▋   | 306/459 [00:13<00:06, 23.53it/s]
Epoch 19/50 [Train]:  67%|██████▋   | 309/459 [00:13<00:06, 23.39it/s]
Epoch 19/50 [Train]:  68%|██████▊   | 312/459 [00:13<00:06, 23.45it/s]
Epoch 19/50 [Train]:  69%|██████▊   | 315/459 [00:13<00:06, 23.61it/s]
Epoch 19/50 [Train]:  69%|██████▉   | 318/459 [00:13<00:05, 23.70it/s]
Epoch 19/50 [Train]:  70%|██████▉   | 321/459 [00:13<00:05, 23.76it/s]
Epoch 19/50 [Train]:  71%|███████   | 324/459 [00:13<00:05, 23.91it/s]
Epoch 19/50 [Train]:  71%|███████   | 327/459 [00:13<00:05, 22.85it/s]
Epoch 19/50 [Train]:  72%|███████▏  | 330/459 [00:14<00:05, 22.02it/s]
Epoch 19/50 [Train]:  73%|███████▎  | 333/459 [00:14<00:05, 21.93it/s]
Epoch 19/50 [Train]:  73%|███████▎  | 336/459 [00:14<00:05, 21.62it/s]
Epoch 19/50 [Train]:  74%|███████▍  | 339/459 [00:14<00:05, 21.40it/s]
Epoch 19/50 [Train]:  75%|███████▍  | 342/459 [00:14<00:05, 21.22it/s]
Epoch 19/50 [Train]:  75%|███████▌  | 345/459 [00:14<00:05, 20.98it/s]
Epoch 19/50 [Train]:  76%|███████▌  | 348/459 [00:14<00:05, 20.68it/s]
Epoch 19/50 [Train]:  76%|███████▋  | 351/459 [00:15<00:05, 20.89it/s]
Epoch 19/50 [Train]:  77%|███████▋  | 354/459 [00:15<00:04, 21.23it/s]
Epoch 19/50 [Train]:  78%|███████▊  | 357/459 [00:15<00:04, 21.47it/s]
Epoch 19/50 [Train]:  78%|███████▊  | 360/459 [00:15<00:04, 21.86it/s]
Epoch 19/50 [Train]:  79%|███████▉  | 363/459 [00:15<00:04, 22.19it/s]
Epoch 19/50 [Train]:  80%|███████▉  | 366/459 [00:15<00:04, 22.43it/s]
Epoch 19/50 [Train]:  80%|████████  | 369/459 [00:15<00:03, 22.57it/s]
Epoch 19/50 [Train]:  81%|████████  | 372/459 [00:16<00:03, 22.89it/s]
Epoch 19/50 [Train]:  82%|████████▏ | 375/459 [00:16<00:03, 22.61it/s]
Epoch 19/50 [Train]:  82%|████████▏ | 378/459 [00:16<00:03, 22.39it/s]
Epoch 19/50 [Train]:  83%|████████▎ | 381/459 [00:16<00:03, 22.59it/s]
Epoch 19/50 [Train]:  84%|████████▎ | 384/459 [00:16<00:03, 22.97it/s]
Epoch 19/50 [Train]:  84%|████████▍ | 387/459 [00:16<00:03, 23.22it/s]
Epoch 19/50 [Train]:  85%|████████▍ | 390/459 [00:16<00:02, 23.52it/s]
Epoch 19/50 [Train]:  86%|████████▌ | 393/459 [00:16<00:02, 23.42it/s]
Epoch 19/50 [Train]:  86%|████████▋ | 396/459 [00:17<00:02, 22.87it/s]
Epoch 19/50 [Train]:  87%|████████▋ | 399/459 [00:17<00:02, 23.02it/s]
Epoch 19/50 [Train]:  88%|████████▊ | 402/459 [00:17<00:02, 22.73it/s]
Epoch 19/50 [Train]:  88%|████████▊ | 405/459 [00:17<00:02, 22.88it/s]
Epoch 19/50 [Train]:  89%|████████▉ | 408/459 [00:17<00:02, 23.09it/s]
Epoch 19/50 [Train]:  90%|████████▉ | 411/459 [00:17<00:02, 23.32it/s]
Epoch 19/50 [Train]:  90%|█████████ | 414/459 [00:17<00:01, 23.20it/s]
Epoch 19/50 [Train]:  91%|█████████ | 417/459 [00:17<00:01, 22.98it/s]
Epoch 19/50 [Train]:  92%|█████████▏| 420/459 [00:18<00:01, 23.01it/s]
Epoch 19/50 [Train]:  92%|█████████▏| 423/459 [00:18<00:01, 23.16it/s]
Epoch 19/50 [Train]:  93%|█████████▎| 426/459 [00:18<00:01, 23.05it/s]
Epoch 19/50 [Train]:  93%|█████████▎| 429/459 [00:18<00:01, 21.43it/s]
Epoch 19/50 [Train]:  94%|█████████▍| 432/459 [00:18<00:01, 21.38it/s]
Epoch 19/50 [Train]:  95%|█████████▍| 435/459 [00:18<00:01, 21.60it/s]
Epoch 19/50 [Train]:  95%|█████████▌| 438/459 [00:18<00:00, 21.73it/s]
Epoch 19/50 [Train]:  96%|█████████▌| 441/459 [00:19<00:00, 22.13it/s]
Epoch 19/50 [Train]:  97%|█████████▋| 444/459 [00:19<00:00, 22.60it/s]
Epoch 19/50 [Train]:  97%|█████████▋| 447/459 [00:19<00:00, 22.70it/s]
Epoch 19/50 [Train]:  98%|█████████▊| 450/459 [00:19<00:00, 22.65it/s]
Epoch 19/50 [Train]:  99%|█████████▊| 453/459 [00:19<00:00, 23.01it/s]
Epoch 19/50 [Train]:  99%|█████████▉| 456/459 [00:19<00:00, 23.18it/s]
Epoch 19/50 [Train]: 100%|██████████| 459/459 [00:19<00:00, 23.12it/s]
                                                                      

Epoch 19/50 [Val]:   0%|          | 0/113 [00:00<?, ?it/s]
Epoch 19/50 [Val]:   2%|▏         | 2/113 [00:00<00:06, 17.70it/s]
Epoch 19/50 [Val]:   4%|▎         | 4/113 [00:00<00:06, 17.36it/s]
Epoch 19/50 [Val]:   5%|▌         | 6/113 [00:00<00:06, 17.30it/s]
Epoch 19/50 [Val]:   7%|▋         | 8/113 [00:00<00:06, 17.31it/s]
Epoch 19/50 [Val]:  10%|▉         | 11/113 [00:00<00:05, 18.39it/s]
Epoch 19/50 [Val]:  12%|█▏        | 13/113 [00:00<00:05, 18.20it/s]
Epoch 19/50 [Val]:  13%|█▎        | 15/113 [00:00<00:05, 17.70it/s]
Epoch 19/50 [Val]:  15%|█▌        | 17/113 [00:00<00:05, 16.82it/s]
Epoch 19/50 [Val]:  17%|█▋        | 19/113 [00:01<00:05, 16.27it/s]
Epoch 19/50 [Val]:  19%|█▊        | 21/113 [00:01<00:05, 16.09it/s]
Epoch 19/50 [Val]:  20%|██        | 23/113 [00:01<00:05, 16.16it/s]
Epoch 19/50 [Val]:  22%|██▏       | 25/113 [00:01<00:05, 16.07it/s]
Epoch 19/50 [Val]:  24%|██▍       | 27/113 [00:01<00:05, 16.33it/s]
Epoch 19/50 [Val]:  26%|██▌       | 29/113 [00:01<00:05, 16.55it/s]
Epoch 19/50 [Val]:  27%|██▋       | 31/113 [00:01<00:04, 16.92it/s]
Epoch 19/50 [Val]:  29%|██▉       | 33/113 [00:01<00:04, 16.80it/s]
Epoch 19/50 [Val]:  31%|███       | 35/113 [00:02<00:04, 16.99it/s]
Epoch 19/50 [Val]:  33%|███▎      | 37/113 [00:02<00:04, 17.21it/s]
Epoch 19/50 [Val]:  35%|███▍      | 39/113 [00:02<00:04, 17.44it/s]
Epoch 19/50 [Val]:  36%|███▋      | 41/113 [00:02<00:04, 17.54it/s]
Epoch 19/50 [Val]:  38%|███▊      | 43/113 [00:02<00:03, 17.73it/s]
Epoch 19/50 [Val]:  40%|███▉      | 45/113 [00:02<00:03, 17.12it/s]
Epoch 19/50 [Val]:  42%|████▏     | 47/113 [00:02<00:03, 17.02it/s]
Epoch 19/50 [Val]:  43%|████▎     | 49/113 [00:02<00:03, 16.97it/s]
Epoch 19/50 [Val]:  45%|████▌     | 51/113 [00:02<00:03, 17.41it/s]
Epoch 19/50 [Val]:  47%|████▋     | 53/113 [00:03<00:03, 17.41it/s]
Epoch 19/50 [Val]:  49%|████▊     | 55/113 [00:03<00:03, 17.68it/s]
Epoch 19/50 [Val]:  50%|█████     | 57/113 [00:03<00:03, 17.29it/s]
Epoch 19/50 [Val]:  52%|█████▏    | 59/113 [00:03<00:03, 17.41it/s]
Epoch 19/50 [Val]:  54%|█████▍    | 61/113 [00:03<00:02, 17.50it/s]
Epoch 19/50 [Val]:  56%|█████▌    | 63/113 [00:03<00:02, 17.53it/s]
Epoch 19/50 [Val]:  58%|█████▊    | 65/113 [00:03<00:02, 17.20it/s]
Epoch 19/50 [Val]:  59%|█████▉    | 67/113 [00:03<00:02, 16.64it/s]
Epoch 19/50 [Val]:  61%|██████    | 69/113 [00:04<00:02, 16.44it/s]
Epoch 19/50 [Val]:  63%|██████▎   | 71/113 [00:04<00:02, 16.65it/s]
Epoch 19/50 [Val]:  65%|██████▍   | 73/113 [00:04<00:02, 17.05it/s]
Epoch 19/50 [Val]:  66%|██████▋   | 75/113 [00:04<00:02, 17.03it/s]
Epoch 19/50 [Val]:  68%|██████▊   | 77/113 [00:04<00:02, 17.03it/s]
Epoch 19/50 [Val]:  70%|██████▉   | 79/113 [00:04<00:02, 16.98it/s]
Epoch 19/50 [Val]:  72%|███████▏  | 81/113 [00:04<00:01, 16.77it/s]
Epoch 19/50 [Val]:  73%|███████▎  | 83/113 [00:04<00:01, 17.02it/s]
Epoch 19/50 [Val]:  75%|███████▌  | 85/113 [00:04<00:01, 17.28it/s]
Epoch 19/50 [Val]:  77%|███████▋  | 87/113 [00:05<00:01, 17.44it/s]
Epoch 19/50 [Val]:  79%|███████▉  | 89/113 [00:05<00:01, 17.48it/s]
Epoch 19/50 [Val]:  81%|████████  | 91/113 [00:05<00:01, 17.88it/s]
Epoch 19/50 [Val]:  82%|████████▏ | 93/113 [00:05<00:01, 18.06it/s]
Epoch 19/50 [Val]:  84%|████████▍ | 95/113 [00:05<00:00, 18.21it/s]
Epoch 19/50 [Val]:  86%|████████▌ | 97/113 [00:05<00:00, 18.35it/s]
Epoch 19/50 [Val]:  88%|████████▊ | 99/113 [00:05<00:00, 18.07it/s]
Epoch 19/50 [Val]:  89%|████████▉ | 101/113 [00:05<00:00, 17.62it/s]
Epoch 19/50 [Val]:  91%|█████████ | 103/113 [00:05<00:00, 17.55it/s]
Epoch 19/50 [Val]:  93%|█████████▎| 105/113 [00:06<00:00, 17.75it/s]
Epoch 19/50 [Val]:  95%|█████████▍| 107/113 [00:06<00:00, 17.69it/s]
Epoch 19/50 [Val]:  96%|█████████▋| 109/113 [00:06<00:00, 18.04it/s]
Epoch 19/50 [Val]:  98%|█████████▊| 111/113 [00:06<00:00, 18.03it/s]
                                                                    

Epoch 20/50 [Train]:   0%|          | 0/459 [00:00<?, ?it/s]
Epoch 20/50 [Train]:   1%|          | 3/459 [00:00<00:19, 23.06it/s]
Epoch 20/50 [Train]:   1%|▏         | 6/459 [00:00<00:19, 23.55it/s]
Epoch 20/50 [Train]:   2%|▏         | 9/459 [00:00<00:18, 23.73it/s]
Epoch 20/50 [Train]:   3%|▎         | 12/459 [00:00<00:19, 23.34it/s]
Epoch 20/50 [Train]:   3%|▎         | 15/459 [00:00<00:19, 23.12it/s]
Epoch 20/50 [Train]:   4%|▍         | 18/459 [00:00<00:19, 23.07it/s]
Epoch 20/50 [Train]:   5%|▍         | 21/459 [00:00<00:19, 23.05it/s]
Epoch 20/50 [Train]:   5%|▌         | 24/459 [00:01<00:18, 23.23it/s]
Epoch 20/50 [Train]:   6%|▌         | 27/459 [00:01<00:18, 23.42it/s]
Epoch 20/50 [Train]:   7%|▋         | 30/459 [00:01<00:18, 23.29it/s]
Epoch 20/50 [Train]:   7%|▋         | 33/459 [00:01<00:18, 23.07it/s]
Epoch 20/50 [Train]:   8%|▊         | 36/459 [00:01<00:18, 23.35it/s]
Epoch 20/50 [Train]:   8%|▊         | 39/459 [00:01<00:17, 23.35it/s]
Epoch 20/50 [Train]:   9%|▉         | 42/459 [00:01<00:17, 23.54it/s]
Epoch 20/50 [Train]:  10%|▉         | 45/459 [00:01<00:17, 23.58it/s]
Epoch 20/50 [Train]:  10%|█         | 48/459 [00:02<00:17, 23.44it/s]
Epoch 20/50 [Train]:  11%|█         | 51/459 [00:02<00:17, 23.22it/s]
Epoch 20/50 [Train]:  12%|█▏        | 54/459 [00:02<00:17, 22.86it/s]
Epoch 20/50 [Train]:  12%|█▏        | 57/459 [00:02<00:17, 23.00it/s]
Epoch 20/50 [Train]:  13%|█▎        | 60/459 [00:02<00:17, 23.26it/s]
Epoch 20/50 [Train]:  14%|█▎        | 63/459 [00:02<00:16, 23.31it/s]
Epoch 20/50 [Train]:  14%|█▍        | 66/459 [00:02<00:16, 23.24it/s]
Epoch 20/50 [Train]:  15%|█▌        | 69/459 [00:02<00:16, 23.34it/s]
Epoch 20/50 [Train]:  16%|█▌        | 72/459 [00:03<00:16, 23.20it/s]
Epoch 20/50 [Train]:  16%|█▋        | 75/459 [00:03<00:16, 23.40it/s]
Epoch 20/50 [Train]:  17%|█▋        | 78/459 [00:03<00:16, 23.63it/s]
Epoch 20/50 [Train]:  18%|█▊        | 81/459 [00:03<00:15, 23.76it/s]
Epoch 20/50 [Train]:  18%|█▊        | 84/459 [00:03<00:15, 23.55it/s]
Epoch 20/50 [Train]:  19%|█▉        | 87/459 [00:03<00:15, 23.40it/s]
Epoch 20/50 [Train]:  20%|█▉        | 90/459 [00:03<00:15, 23.27it/s]
Epoch 20/50 [Train]:  20%|██        | 93/459 [00:03<00:15, 23.37it/s]
Epoch 20/50 [Train]:  21%|██        | 96/459 [00:04<00:15, 23.58it/s]
Epoch 20/50 [Train]:  22%|██▏       | 99/459 [00:04<00:15, 23.70it/s]
Epoch 20/50 [Train]:  22%|██▏       | 102/459 [00:04<00:15, 23.67it/s]
Epoch 20/50 [Train]:  23%|██▎       | 105/459 [00:04<00:14, 23.68it/s]
Epoch 20/50 [Train]:  24%|██▎       | 108/459 [00:04<00:14, 23.78it/s]
Epoch 20/50 [Train]:  24%|██▍       | 111/459 [00:04<00:14, 23.77it/s]
Epoch 20/50 [Train]:  25%|██▍       | 114/459 [00:04<00:14, 23.67it/s]
Epoch 20/50 [Train]:  25%|██▌       | 117/459 [00:05<00:14, 23.29it/s]
Epoch 20/50 [Train]:  26%|██▌       | 120/459 [00:05<00:14, 23.11it/s]
Epoch 20/50 [Train]:  27%|██▋       | 123/459 [00:05<00:14, 22.76it/s]
Epoch 20/50 [Train]:  27%|██▋       | 126/459 [00:05<00:14, 22.51it/s]
Epoch 20/50 [Train]:  28%|██▊       | 129/459 [00:05<00:14, 22.61it/s]
Epoch 20/50 [Train]:  29%|██▉       | 132/459 [00:05<00:14, 22.72it/s]
Epoch 20/50 [Train]:  29%|██▉       | 135/459 [00:05<00:14, 23.03it/s]
Epoch 20/50 [Train]:  30%|███       | 138/459 [00:05<00:13, 23.00it/s]
Epoch 20/50 [Train]:  31%|███       | 141/459 [00:06<00:13, 23.34it/s]
Epoch 20/50 [Train]:  31%|███▏      | 144/459 [00:06<00:13, 23.41it/s]
Epoch 20/50 [Train]:  32%|███▏      | 147/459 [00:06<00:13, 23.42it/s]
Epoch 20/50 [Train]:  33%|███▎      | 150/459 [00:06<00:13, 23.55it/s]
Epoch 20/50 [Train]:  33%|███▎      | 153/459 [00:06<00:12, 23.66it/s]
Epoch 20/50 [Train]:  34%|███▍      | 156/459 [00:06<00:12, 23.66it/s]
Epoch 20/50 [Train]:  35%|███▍      | 159/459 [00:06<00:12, 23.87it/s]
Epoch 20/50 [Train]:  35%|███▌      | 162/459 [00:06<00:12, 23.90it/s]
Epoch 20/50 [Train]:  36%|███▌      | 165/459 [00:07<00:12, 23.73it/s]
Epoch 20/50 [Train]:  37%|███▋      | 168/459 [00:07<00:12, 23.78it/s]
Epoch 20/50 [Train]:  37%|███▋      | 171/459 [00:07<00:12, 23.95it/s]
Epoch 20/50 [Train]:  38%|███▊      | 174/459 [00:07<00:11, 24.12it/s]
Epoch 20/50 [Train]:  39%|███▊      | 177/459 [00:07<00:11, 23.97it/s]
Epoch 20/50 [Train]:  39%|███▉      | 180/459 [00:07<00:11, 23.76it/s]
Epoch 20/50 [Train]:  40%|███▉      | 183/459 [00:07<00:11, 23.72it/s]
Epoch 20/50 [Train]:  41%|████      | 186/459 [00:07<00:11, 23.83it/s]
Epoch 20/50 [Train]:  41%|████      | 189/459 [00:08<00:11, 23.81it/s]
Epoch 20/50 [Train]:  42%|████▏     | 192/459 [00:08<00:11, 23.95it/s]
Epoch 20/50 [Train]:  42%|████▏     | 195/459 [00:08<00:11, 24.00it/s]
Epoch 20/50 [Train]:  43%|████▎     | 198/459 [00:08<00:10, 23.85it/s]
Epoch 20/50 [Train]:  44%|████▍     | 201/459 [00:08<00:10, 23.78it/s]
Epoch 20/50 [Train]:  44%|████▍     | 204/459 [00:08<00:10, 23.71it/s]
Epoch 20/50 [Train]:  45%|████▌     | 207/459 [00:08<00:10, 23.57it/s]
Epoch 20/50 [Train]:  46%|████▌     | 210/459 [00:08<00:10, 23.80it/s]
Epoch 20/50 [Train]:  46%|████▋     | 213/459 [00:09<00:10, 23.52it/s]
Epoch 20/50 [Train]:  47%|████▋     | 216/459 [00:09<00:10, 23.75it/s]
Epoch 20/50 [Train]:  48%|████▊     | 219/459 [00:09<00:10, 23.91it/s]
Epoch 20/50 [Train]:  48%|████▊     | 222/459 [00:09<00:09, 24.08it/s]
Epoch 20/50 [Train]:  49%|████▉     | 225/459 [00:09<00:09, 24.08it/s]
Epoch 20/50 [Train]:  50%|████▉     | 228/459 [00:09<00:09, 23.99it/s]
Epoch 20/50 [Train]:  50%|█████     | 231/459 [00:09<00:09, 23.85it/s]
Epoch 20/50 [Train]:  51%|█████     | 234/459 [00:09<00:09, 23.52it/s]
Epoch 20/50 [Train]:  52%|█████▏    | 237/459 [00:10<00:09, 23.11it/s]
Epoch 20/50 [Train]:  52%|█████▏    | 240/459 [00:10<00:09, 23.08it/s]
Epoch 20/50 [Train]:  53%|█████▎    | 243/459 [00:10<00:09, 23.24it/s]
Epoch 20/50 [Train]:  54%|█████▎    | 246/459 [00:10<00:09, 23.29it/s]
Epoch 20/50 [Train]:  54%|█████▍    | 249/459 [00:10<00:08, 23.37it/s]
Epoch 20/50 [Train]:  55%|█████▍    | 252/459 [00:10<00:08, 23.52it/s]
Epoch 20/50 [Train]:  56%|█████▌    | 255/459 [00:10<00:08, 23.79it/s]
Epoch 20/50 [Train]:  56%|█████▌    | 258/459 [00:10<00:08, 23.88it/s]
Epoch 20/50 [Train]:  57%|█████▋    | 261/459 [00:11<00:08, 24.04it/s]
Epoch 20/50 [Train]:  58%|█████▊    | 264/459 [00:11<00:08, 24.06it/s]
Epoch 20/50 [Train]:  58%|█████▊    | 267/459 [00:11<00:08, 23.84it/s]
Epoch 20/50 [Train]:  59%|█████▉    | 270/459 [00:11<00:07, 23.80it/s]
Epoch 20/50 [Train]:  59%|█████▉    | 273/459 [00:11<00:07, 23.93it/s]
Epoch 20/50 [Train]:  60%|██████    | 276/459 [00:11<00:07, 23.52it/s]
Epoch 20/50 [Train]:  61%|██████    | 279/459 [00:11<00:07, 23.60it/s]
Epoch 20/50 [Train]:  61%|██████▏   | 282/459 [00:11<00:07, 23.64it/s]
Epoch 20/50 [Train]:  62%|██████▏   | 285/459 [00:12<00:07, 23.55it/s]
Epoch 20/50 [Train]:  63%|██████▎   | 288/459 [00:12<00:07, 23.43it/s]
Epoch 20/50 [Train]:  63%|██████▎   | 291/459 [00:12<00:07, 23.28it/s]
Epoch 20/50 [Train]:  64%|██████▍   | 294/459 [00:12<00:07, 23.38it/s]
Epoch 20/50 [Train]:  65%|██████▍   | 297/459 [00:12<00:07, 23.06it/s]
Epoch 20/50 [Train]:  65%|██████▌   | 300/459 [00:12<00:06, 23.07it/s]
Epoch 20/50 [Train]:  66%|██████▌   | 303/459 [00:12<00:06, 22.73it/s]
Epoch 20/50 [Train]:  67%|██████▋   | 306/459 [00:13<00:06, 22.81it/s]
Epoch 20/50 [Train]:  67%|██████▋   | 309/459 [00:13<00:06, 23.05it/s]
Epoch 20/50 [Train]:  68%|██████▊   | 312/459 [00:13<00:06, 23.46it/s]
Epoch 20/50 [Train]:  69%|██████▊   | 315/459 [00:13<00:06, 23.26it/s]
Epoch 20/50 [Train]:  69%|██████▉   | 318/459 [00:13<00:06, 23.21it/s]
Epoch 20/50 [Train]:  70%|██████▉   | 321/459 [00:13<00:06, 22.53it/s]
Epoch 20/50 [Train]:  71%|███████   | 324/459 [00:13<00:05, 22.58it/s]
Epoch 20/50 [Train]:  71%|███████   | 327/459 [00:13<00:05, 22.77it/s]
Epoch 20/50 [Train]:  72%|███████▏  | 330/459 [00:14<00:05, 22.55it/s]
Epoch 20/50 [Train]:  73%|███████▎  | 333/459 [00:14<00:05, 22.57it/s]
Epoch 20/50 [Train]:  73%|███████▎  | 336/459 [00:14<00:05, 22.64it/s]
Epoch 20/50 [Train]:  74%|███████▍  | 339/459 [00:14<00:05, 22.87it/s]
Epoch 20/50 [Train]:  75%|███████▍  | 342/459 [00:14<00:05, 23.24it/s]
Epoch 20/50 [Train]:  75%|███████▌  | 345/459 [00:14<00:04, 23.34it/s]
Epoch 20/50 [Train]:  76%|███████▌  | 348/459 [00:14<00:04, 23.45it/s]
Epoch 20/50 [Train]:  76%|███████▋  | 351/459 [00:14<00:04, 23.36it/s]
Epoch 20/50 [Train]:  77%|███████▋  | 354/459 [00:15<00:04, 23.44it/s]
Epoch 20/50 [Train]:  78%|███████▊  | 357/459 [00:15<00:04, 23.63it/s]
Epoch 20/50 [Train]:  78%|███████▊  | 360/459 [00:15<00:04, 23.73it/s]
Epoch 20/50 [Train]:  79%|███████▉  | 363/459 [00:15<00:04, 23.68it/s]
Epoch 20/50 [Train]:  80%|███████▉  | 366/459 [00:15<00:03, 23.35it/s]
Epoch 20/50 [Train]:  80%|████████  | 369/459 [00:15<00:03, 23.56it/s]
Epoch 20/50 [Train]:  81%|████████  | 372/459 [00:15<00:03, 23.83it/s]
Epoch 20/50 [Train]:  82%|████████▏ | 375/459 [00:15<00:03, 23.76it/s]
Epoch 20/50 [Train]:  82%|████████▏ | 378/459 [00:16<00:03, 23.63it/s]
Epoch 20/50 [Train]:  83%|████████▎ | 381/459 [00:16<00:03, 23.59it/s]
Epoch 20/50 [Train]:  84%|████████▎ | 384/459 [00:16<00:03, 23.46it/s]
Epoch 20/50 [Train]:  84%|████████▍ | 387/459 [00:16<00:03, 23.56it/s]
Epoch 20/50 [Train]:  85%|████████▍ | 390/459 [00:16<00:02, 23.28it/s]
Epoch 20/50 [Train]:  86%|████████▌ | 393/459 [00:16<00:02, 23.00it/s]
Epoch 20/50 [Train]:  86%|████████▋ | 396/459 [00:16<00:02, 22.58it/s]
Epoch 20/50 [Train]:  87%|████████▋ | 399/459 [00:17<00:02, 22.65it/s]
Epoch 20/50 [Train]:  88%|████████▊ | 402/459 [00:17<00:02, 22.59it/s]
Epoch 20/50 [Train]:  88%|████████▊ | 405/459 [00:17<00:02, 22.63it/s]
Epoch 20/50 [Train]:  89%|████████▉ | 408/459 [00:17<00:02, 22.53it/s]
Epoch 20/50 [Train]:  90%|████████▉ | 411/459 [00:17<00:02, 22.69it/s]
Epoch 20/50 [Train]:  90%|█████████ | 414/459 [00:17<00:01, 22.52it/s]
Epoch 20/50 [Train]:  91%|█████████ | 417/459 [00:17<00:01, 22.78it/s]
Epoch 20/50 [Train]:  92%|█████████▏| 420/459 [00:17<00:01, 22.96it/s]
Epoch 20/50 [Train]:  92%|█████████▏| 423/459 [00:18<00:01, 23.29it/s]
Epoch 20/50 [Train]:  93%|█████████▎| 426/459 [00:18<00:01, 23.19it/s]
Epoch 20/50 [Train]:  93%|█████████▎| 429/459 [00:18<00:01, 23.35it/s]
Epoch 20/50 [Train]:  94%|█████████▍| 432/459 [00:18<00:01, 23.45it/s]
Epoch 20/50 [Train]:  95%|█████████▍| 435/459 [00:18<00:01, 23.67it/s]
Epoch 20/50 [Train]:  95%|█████████▌| 438/459 [00:18<00:00, 23.47it/s]
Epoch 20/50 [Train]:  96%|█████████▌| 441/459 [00:18<00:00, 23.35it/s]
Epoch 20/50 [Train]:  97%|█████████▋| 444/459 [00:18<00:00, 23.48it/s]
Epoch 20/50 [Train]:  97%|█████████▋| 447/459 [00:19<00:00, 23.33it/s]
Epoch 20/50 [Train]:  98%|█████████▊| 450/459 [00:19<00:00, 23.28it/s]
Epoch 20/50 [Train]:  99%|█████████▊| 453/459 [00:19<00:00, 23.29it/s]
Epoch 20/50 [Train]:  99%|█████████▉| 456/459 [00:19<00:00, 23.61it/s]
Epoch 20/50 [Train]: 100%|██████████| 459/459 [00:19<00:00, 23.43it/s]
                                                                      

Epoch 20/50 [Val]:   0%|          | 0/113 [00:00<?, ?it/s]
Epoch 20/50 [Val]:   2%|▏         | 2/113 [00:00<00:06, 18.26it/s]
Epoch 20/50 [Val]:   4%|▎         | 4/113 [00:00<00:06, 17.97it/s]
Epoch 20/50 [Val]:   5%|▌         | 6/113 [00:00<00:05, 17.93it/s]
Epoch 20/50 [Val]:   7%|▋         | 8/113 [00:00<00:05, 17.96it/s]
Epoch 20/50 [Val]:  10%|▉         | 11/113 [00:00<00:05, 18.89it/s]
Epoch 20/50 [Val]:  12%|█▏        | 13/113 [00:00<00:05, 18.74it/s]
Epoch 20/50 [Val]:  13%|█▎        | 15/113 [00:00<00:05, 18.08it/s]
Epoch 20/50 [Val]:  15%|█▌        | 17/113 [00:00<00:05, 17.10it/s]
Epoch 20/50 [Val]:  17%|█▋        | 19/113 [00:01<00:05, 16.65it/s]
Epoch 20/50 [Val]:  19%|█▊        | 21/113 [00:01<00:05, 16.49it/s]
Epoch 20/50 [Val]:  20%|██        | 23/113 [00:01<00:05, 16.39it/s]
Epoch 20/50 [Val]:  22%|██▏       | 25/113 [00:01<00:05, 16.37it/s]
Epoch 20/50 [Val]:  24%|██▍       | 27/113 [00:01<00:05, 16.51it/s]
Epoch 20/50 [Val]:  26%|██▌       | 29/113 [00:01<00:05, 16.66it/s]
Epoch 20/50 [Val]:  27%|██▋       | 31/113 [00:01<00:04, 17.07it/s]
Epoch 20/50 [Val]:  29%|██▉       | 33/113 [00:01<00:04, 17.25it/s]
Epoch 20/50 [Val]:  31%|███       | 35/113 [00:02<00:04, 17.39it/s]
Epoch 20/50 [Val]:  33%|███▎      | 37/113 [00:02<00:04, 17.81it/s]
Epoch 20/50 [Val]:  35%|███▍      | 39/113 [00:02<00:04, 17.73it/s]
Epoch 20/50 [Val]:  36%|███▋      | 41/113 [00:02<00:04, 17.46it/s]
Epoch 20/50 [Val]:  38%|███▊      | 43/113 [00:02<00:03, 17.79it/s]
Epoch 20/50 [Val]:  40%|███▉      | 45/113 [00:02<00:03, 17.27it/s]
Epoch 20/50 [Val]:  42%|████▏     | 47/113 [00:02<00:03, 17.26it/s]
Epoch 20/50 [Val]:  43%|████▎     | 49/113 [00:02<00:03, 17.24it/s]
Epoch 20/50 [Val]:  45%|████▌     | 51/113 [00:02<00:03, 17.56it/s]
Epoch 20/50 [Val]:  47%|████▋     | 53/113 [00:03<00:03, 17.75it/s]
Epoch 20/50 [Val]:  49%|████▊     | 55/113 [00:03<00:03, 17.99it/s]
Epoch 20/50 [Val]:  50%|█████     | 57/113 [00:03<00:03, 17.70it/s]
Epoch 20/50 [Val]:  52%|█████▏    | 59/113 [00:03<00:03, 17.64it/s]
Epoch 20/50 [Val]:  54%|█████▍    | 61/113 [00:03<00:02, 17.77it/s]
Epoch 20/50 [Val]:  56%|█████▌    | 63/113 [00:03<00:02, 17.77it/s]
Epoch 20/50 [Val]:  58%|█████▊    | 65/113 [00:03<00:02, 17.63it/s]
Epoch 20/50 [Val]:  59%|█████▉    | 67/113 [00:03<00:02, 17.35it/s]
Epoch 20/50 [Val]:  61%|██████    | 69/113 [00:03<00:02, 17.34it/s]
Epoch 20/50 [Val]:  63%|██████▎   | 71/113 [00:04<00:02, 17.56it/s]
Epoch 20/50 [Val]:  65%|██████▍   | 73/113 [00:04<00:02, 17.68it/s]
Epoch 20/50 [Val]:  66%|██████▋   | 75/113 [00:04<00:02, 18.02it/s]
Epoch 20/50 [Val]:  68%|██████▊   | 77/113 [00:04<00:01, 18.02it/s]
Epoch 20/50 [Val]:  70%|██████▉   | 79/113 [00:04<00:01, 18.07it/s]
Epoch 20/50 [Val]:  72%|███████▏  | 81/113 [00:04<00:01, 17.71it/s]
Epoch 20/50 [Val]:  73%|███████▎  | 83/113 [00:04<00:01, 17.58it/s]
Epoch 20/50 [Val]:  75%|███████▌  | 85/113 [00:04<00:01, 17.57it/s]
Epoch 20/50 [Val]:  77%|███████▋  | 87/113 [00:04<00:01, 17.34it/s]
Epoch 20/50 [Val]:  79%|███████▉  | 89/113 [00:05<00:01, 17.45it/s]
Epoch 20/50 [Val]:  81%|████████  | 91/113 [00:05<00:01, 17.68it/s]
Epoch 20/50 [Val]:  82%|████████▏ | 93/113 [00:05<00:01, 17.85it/s]
Epoch 20/50 [Val]:  84%|████████▍ | 95/113 [00:05<00:00, 18.18it/s]
Epoch 20/50 [Val]:  86%|████████▌ | 97/113 [00:05<00:00, 18.43it/s]
Epoch 20/50 [Val]:  88%|████████▊ | 99/113 [00:05<00:00, 18.38it/s]
Epoch 20/50 [Val]:  89%|████████▉ | 101/113 [00:05<00:00, 17.87it/s]
Epoch 20/50 [Val]:  91%|█████████ | 103/113 [00:05<00:00, 17.79it/s]
Epoch 20/50 [Val]:  93%|█████████▎| 105/113 [00:05<00:00, 17.92it/s]
Epoch 20/50 [Val]:  95%|█████████▍| 107/113 [00:06<00:00, 17.89it/s]
Epoch 20/50 [Val]:  97%|█████████▋| 110/113 [00:06<00:00, 18.46it/s]
Epoch 20/50 [Val]:  99%|█████████▉| 112/113 [00:06<00:00, 18.52it/s]
                                                                    

Epoch 21/50 [Train]:   0%|          | 0/459 [00:00<?, ?it/s]
Epoch 21/50 [Train]:   1%|          | 3/459 [00:00<00:19, 22.92it/s]
Epoch 21/50 [Train]:   1%|▏         | 6/459 [00:00<00:19, 23.70it/s]
Epoch 21/50 [Train]:   2%|▏         | 9/459 [00:00<00:19, 23.45it/s]
Epoch 21/50 [Train]:   3%|▎         | 12/459 [00:00<00:19, 23.37it/s]
Epoch 21/50 [Train]:   3%|▎         | 15/459 [00:00<00:19, 23.27it/s]
Epoch 21/50 [Train]:   4%|▍         | 18/459 [00:00<00:19, 23.08it/s]
Epoch 21/50 [Train]:   5%|▍         | 21/459 [00:00<00:18, 23.17it/s]
Epoch 21/50 [Train]:   5%|▌         | 24/459 [00:01<00:18, 23.36it/s]
Epoch 21/50 [Train]:   6%|▌         | 27/459 [00:01<00:18, 23.24it/s]
Epoch 21/50 [Train]:   7%|▋         | 30/459 [00:01<00:18, 23.16it/s]
Epoch 21/50 [Train]:   7%|▋         | 33/459 [00:01<00:18, 23.35it/s]
Epoch 21/50 [Train]:   8%|▊         | 36/459 [00:01<00:18, 23.27it/s]
Epoch 21/50 [Train]:   8%|▊         | 39/459 [00:01<00:18, 23.08it/s]
Epoch 21/50 [Train]:   9%|▉         | 42/459 [00:01<00:17, 23.19it/s]
Epoch 21/50 [Train]:  10%|▉         | 45/459 [00:01<00:17, 23.10it/s]
Epoch 21/50 [Train]:  10%|█         | 48/459 [00:02<00:17, 23.15it/s]
Epoch 21/50 [Train]:  11%|█         | 51/459 [00:02<00:17, 23.22it/s]
Epoch 21/50 [Train]:  12%|█▏        | 54/459 [00:02<00:17, 23.45it/s]
Epoch 21/50 [Train]:  12%|█▏        | 57/459 [00:02<00:17, 23.58it/s]
Epoch 21/50 [Train]:  13%|█▎        | 60/459 [00:02<00:16, 23.71it/s]
Epoch 21/50 [Train]:  14%|█▎        | 63/459 [00:02<00:16, 23.66it/s]
Epoch 21/50 [Train]:  14%|█▍        | 66/459 [00:02<00:16, 23.65it/s]
Epoch 21/50 [Train]:  15%|█▌        | 69/459 [00:02<00:16, 23.78it/s]
Epoch 21/50 [Train]:  16%|█▌        | 72/459 [00:03<00:16, 23.73it/s]
Epoch 21/50 [Train]:  16%|█▋        | 75/459 [00:03<00:16, 23.67it/s]
Epoch 21/50 [Train]:  17%|█▋        | 78/459 [00:03<00:16, 23.76it/s]
Epoch 21/50 [Train]:  18%|█▊        | 81/459 [00:03<00:15, 23.80it/s]
Epoch 21/50 [Train]:  18%|█▊        | 84/459 [00:03<00:15, 23.75it/s]
Epoch 21/50 [Train]:  19%|█▉        | 87/459 [00:03<00:15, 23.81it/s]
Epoch 21/50 [Train]:  20%|█▉        | 90/459 [00:03<00:15, 23.63it/s]
Epoch 21/50 [Train]:  20%|██        | 93/459 [00:03<00:15, 23.51it/s]
Epoch 21/50 [Train]:  21%|██        | 96/459 [00:04<00:15, 23.48it/s]
Epoch 21/50 [Train]:  22%|██▏       | 99/459 [00:04<00:15, 23.22it/s]
Epoch 21/50 [Train]:  22%|██▏       | 102/459 [00:04<00:15, 23.44it/s]
Epoch 21/50 [Train]:  23%|██▎       | 105/459 [00:04<00:15, 23.44it/s]
Epoch 21/50 [Train]:  24%|██▎       | 108/459 [00:04<00:15, 23.25it/s]
Epoch 21/50 [Train]:  24%|██▍       | 111/459 [00:04<00:15, 23.08it/s]
Epoch 21/50 [Train]:  25%|██▍       | 114/459 [00:04<00:14, 23.05it/s]
Epoch 21/50 [Train]:  25%|██▌       | 117/459 [00:05<00:14, 22.87it/s]
Epoch 21/50 [Train]:  26%|██▌       | 120/459 [00:05<00:14, 22.92it/s]
Epoch 21/50 [Train]:  27%|██▋       | 123/459 [00:05<00:14, 22.88it/s]
Epoch 21/50 [Train]:  27%|██▋       | 126/459 [00:05<00:14, 22.89it/s]
Epoch 21/50 [Train]:  28%|██▊       | 129/459 [00:05<00:14, 22.94it/s]
Epoch 21/50 [Train]:  29%|██▉       | 132/459 [00:05<00:14, 22.83it/s]
Epoch 21/50 [Train]:  29%|██▉       | 135/459 [00:05<00:14, 22.82it/s]
Epoch 21/50 [Train]:  30%|███       | 138/459 [00:05<00:14, 22.89it/s]
Epoch 21/50 [Train]:  31%|███       | 141/459 [00:06<00:13, 22.90it/s]
Epoch 21/50 [Train]:  31%|███▏      | 144/459 [00:06<00:13, 22.91it/s]
Epoch 21/50 [Train]:  32%|███▏      | 147/459 [00:06<00:13, 22.89it/s]
Epoch 21/50 [Train]:  33%|███▎      | 150/459 [00:06<00:13, 22.63it/s]
Epoch 21/50 [Train]:  33%|███▎      | 153/459 [00:06<00:13, 22.81it/s]
Epoch 21/50 [Train]:  34%|███▍      | 156/459 [00:06<00:13, 22.54it/s]
Epoch 21/50 [Train]:  35%|███▍      | 159/459 [00:06<00:13, 22.64it/s]
Epoch 21/50 [Train]:  35%|███▌      | 162/459 [00:06<00:13, 22.59it/s]
Epoch 21/50 [Train]:  36%|███▌      | 165/459 [00:07<00:12, 22.68it/s]
Epoch 21/50 [Train]:  37%|███▋      | 168/459 [00:07<00:12, 22.87it/s]
Epoch 21/50 [Train]:  37%|███▋      | 171/459 [00:07<00:12, 23.14it/s]
Epoch 21/50 [Train]:  38%|███▊      | 174/459 [00:07<00:12, 23.12it/s]
Epoch 21/50 [Train]:  39%|███▊      | 177/459 [00:07<00:12, 22.86it/s]
Epoch 21/50 [Train]:  39%|███▉      | 180/459 [00:07<00:12, 22.91it/s]
Epoch 21/50 [Train]:  40%|███▉      | 183/459 [00:07<00:12, 22.88it/s]
Epoch 21/50 [Train]:  41%|████      | 186/459 [00:08<00:11, 22.94it/s]
Epoch 21/50 [Train]:  41%|████      | 189/459 [00:08<00:11, 23.00it/s]
Epoch 21/50 [Train]:  42%|████▏     | 192/459 [00:08<00:11, 23.20it/s]
Epoch 21/50 [Train]:  42%|████▏     | 195/459 [00:08<00:11, 23.09it/s]
Epoch 21/50 [Train]:  43%|████▎     | 198/459 [00:08<00:11, 23.20it/s]
Epoch 21/50 [Train]:  44%|████▍     | 201/459 [00:08<00:11, 23.03it/s]
Epoch 21/50 [Train]:  44%|████▍     | 204/459 [00:08<00:11, 22.78it/s]
Epoch 21/50 [Train]:  45%|████▌     | 207/459 [00:08<00:11, 22.82it/s]
Epoch 21/50 [Train]:  46%|████▌     | 210/459 [00:09<00:10, 23.20it/s]
Epoch 21/50 [Train]:  46%|████▋     | 213/459 [00:09<00:10, 23.45it/s]
Epoch 21/50 [Train]:  47%|████▋     | 216/459 [00:09<00:10, 23.22it/s]
Epoch 21/50 [Train]:  48%|████▊     | 219/459 [00:09<00:10, 23.03it/s]
Epoch 21/50 [Train]:  48%|████▊     | 222/459 [00:09<00:10, 23.13it/s]
Epoch 21/50 [Train]:  49%|████▉     | 225/459 [00:09<00:10, 23.12it/s]
Epoch 21/50 [Train]:  50%|████▉     | 228/459 [00:09<00:09, 23.27it/s]
Epoch 21/50 [Train]:  50%|█████     | 231/459 [00:09<00:09, 23.21it/s]
Epoch 21/50 [Train]:  51%|█████     | 234/459 [00:10<00:09, 23.56it/s]
Epoch 21/50 [Train]:  52%|█████▏    | 237/459 [00:10<00:09, 23.65it/s]
Epoch 21/50 [Train]:  52%|█████▏    | 240/459 [00:10<00:09, 23.12it/s]
Epoch 21/50 [Train]:  53%|█████▎    | 243/459 [00:10<00:09, 22.36it/s]
Epoch 21/50 [Train]:  54%|█████▎    | 246/459 [00:10<00:09, 21.74it/s]
Epoch 21/50 [Train]:  54%|█████▍    | 249/459 [00:10<00:09, 21.90it/s]
Epoch 21/50 [Train]:  55%|█████▍    | 252/459 [00:10<00:09, 22.20it/s]
Epoch 21/50 [Train]:  56%|█████▌    | 255/459 [00:11<00:09, 22.43it/s]
Epoch 21/50 [Train]:  56%|█████▌    | 258/459 [00:11<00:09, 21.94it/s]
Epoch 21/50 [Train]:  57%|█████▋    | 261/459 [00:11<00:08, 22.22it/s]
Epoch 21/50 [Train]:  58%|█████▊    | 264/459 [00:11<00:08, 22.57it/s]
Epoch 21/50 [Train]:  58%|█████▊    | 267/459 [00:11<00:08, 22.73it/s]
Epoch 21/50 [Train]:  59%|█████▉    | 270/459 [00:11<00:08, 22.53it/s]
Epoch 21/50 [Train]:  59%|█████▉    | 273/459 [00:11<00:08, 22.52it/s]
Epoch 21/50 [Train]:  60%|██████    | 276/459 [00:11<00:08, 22.42it/s]
Epoch 21/50 [Train]:  61%|██████    | 279/459 [00:12<00:07, 22.57it/s]
Epoch 21/50 [Train]:  61%|██████▏   | 282/459 [00:12<00:07, 22.88it/s]
Epoch 21/50 [Train]:  62%|██████▏   | 285/459 [00:12<00:07, 22.99it/s]
Epoch 21/50 [Train]:  63%|██████▎   | 288/459 [00:12<00:07, 23.13it/s]
Epoch 21/50 [Train]:  63%|██████▎   | 291/459 [00:12<00:07, 23.12it/s]
Epoch 21/50 [Train]:  64%|██████▍   | 294/459 [00:12<00:07, 22.79it/s]
Epoch 21/50 [Train]:  65%|██████▍   | 297/459 [00:12<00:07, 22.84it/s]
Epoch 21/50 [Train]:  65%|██████▌   | 300/459 [00:13<00:06, 22.79it/s]
Epoch 21/50 [Train]:  66%|██████▌   | 303/459 [00:13<00:06, 22.92it/s]
Epoch 21/50 [Train]:  67%|██████▋   | 306/459 [00:13<00:06, 23.05it/s]
Epoch 21/50 [Train]:  67%|██████▋   | 309/459 [00:13<00:06, 23.20it/s]
Epoch 21/50 [Train]:  68%|██████▊   | 312/459 [00:13<00:06, 23.06it/s]
Epoch 21/50 [Train]:  69%|██████▊   | 315/459 [00:13<00:06, 22.94it/s]
Epoch 21/50 [Train]:  69%|██████▉   | 318/459 [00:13<00:06, 22.99it/s]
Epoch 21/50 [Train]:  70%|██████▉   | 321/459 [00:13<00:06, 22.87it/s]
Epoch 21/50 [Train]:  71%|███████   | 324/459 [00:14<00:05, 22.88it/s]
Epoch 21/50 [Train]:  71%|███████   | 327/459 [00:14<00:05, 23.13it/s]
Epoch 21/50 [Train]:  72%|███████▏  | 330/459 [00:14<00:05, 23.20it/s]
Epoch 21/50 [Train]:  73%|███████▎  | 333/459 [00:14<00:05, 23.23it/s]
Epoch 21/50 [Train]:  73%|███████▎  | 336/459 [00:14<00:05, 23.28it/s]
Epoch 21/50 [Train]:  74%|███████▍  | 339/459 [00:14<00:05, 23.13it/s]
Epoch 21/50 [Train]:  75%|███████▍  | 342/459 [00:14<00:05, 23.12it/s]
Epoch 21/50 [Train]:  75%|███████▌  | 345/459 [00:14<00:04, 23.14it/s]
Epoch 21/50 [Train]:  76%|███████▌  | 348/459 [00:15<00:04, 22.56it/s]
Epoch 21/50 [Train]:  76%|███████▋  | 351/459 [00:15<00:04, 22.77it/s]
Epoch 21/50 [Train]:  77%|███████▋  | 354/459 [00:15<00:04, 23.02it/s]
Epoch 21/50 [Train]:  78%|███████▊  | 357/459 [00:15<00:04, 22.91it/s]
Epoch 21/50 [Train]:  78%|███████▊  | 360/459 [00:15<00:04, 22.72it/s]
Epoch 21/50 [Train]:  79%|███████▉  | 363/459 [00:15<00:04, 22.49it/s]
Epoch 21/50 [Train]:  80%|███████▉  | 366/459 [00:15<00:04, 22.59it/s]
Epoch 21/50 [Train]:  80%|████████  | 369/459 [00:16<00:03, 22.84it/s]
Epoch 21/50 [Train]:  81%|████████  | 372/459 [00:16<00:03, 23.04it/s]
Epoch 21/50 [Train]:  82%|████████▏ | 375/459 [00:16<00:03, 23.05it/s]
Epoch 21/50 [Train]:  82%|████████▏ | 378/459 [00:16<00:03, 23.19it/s]
Epoch 21/50 [Train]:  83%|████████▎ | 381/459 [00:16<00:03, 23.08it/s]
Epoch 21/50 [Train]:  84%|████████▎ | 384/459 [00:16<00:03, 22.89it/s]
Epoch 21/50 [Train]:  84%|████████▍ | 387/459 [00:16<00:03, 22.51it/s]
Epoch 21/50 [Train]:  85%|████████▍ | 390/459 [00:16<00:03, 22.25it/s]
Epoch 21/50 [Train]:  86%|████████▌ | 393/459 [00:17<00:02, 22.27it/s]
Epoch 21/50 [Train]:  86%|████████▋ | 396/459 [00:17<00:02, 22.07it/s]
Epoch 21/50 [Train]:  87%|████████▋ | 399/459 [00:17<00:02, 22.07it/s]
Epoch 21/50 [Train]:  88%|████████▊ | 402/459 [00:17<00:02, 21.96it/s]
Epoch 21/50 [Train]:  88%|████████▊ | 405/459 [00:17<00:02, 21.99it/s]
Epoch 21/50 [Train]:  89%|████████▉ | 408/459 [00:17<00:02, 22.28it/s]
Epoch 21/50 [Train]:  90%|████████▉ | 411/459 [00:17<00:02, 22.60it/s]
Epoch 21/50 [Train]:  90%|█████████ | 414/459 [00:18<00:01, 22.57it/s]
Epoch 21/50 [Train]:  91%|█████████ | 417/459 [00:18<00:01, 22.85it/s]
Epoch 21/50 [Train]:  92%|█████████▏| 420/459 [00:18<00:01, 22.81it/s]
Epoch 21/50 [Train]:  92%|█████████▏| 423/459 [00:18<00:01, 23.09it/s]
Epoch 21/50 [Train]:  93%|█████████▎| 426/459 [00:18<00:01, 23.20it/s]
Epoch 21/50 [Train]:  93%|█████████▎| 429/459 [00:18<00:01, 23.11it/s]
Epoch 21/50 [Train]:  94%|█████████▍| 432/459 [00:18<00:01, 22.74it/s]
Epoch 21/50 [Train]:  95%|█████████▍| 435/459 [00:18<00:01, 22.90it/s]
Epoch 21/50 [Train]:  95%|█████████▌| 438/459 [00:19<00:00, 22.82it/s]
Epoch 21/50 [Train]:  96%|█████████▌| 441/459 [00:19<00:00, 22.86it/s]
Epoch 21/50 [Train]:  97%|█████████▋| 444/459 [00:19<00:00, 22.82it/s]
Epoch 21/50 [Train]:  97%|█████████▋| 447/459 [00:19<00:00, 22.85it/s]
Epoch 21/50 [Train]:  98%|█████████▊| 450/459 [00:19<00:00, 22.78it/s]
Epoch 21/50 [Train]:  99%|█████████▊| 453/459 [00:19<00:00, 22.87it/s]
Epoch 21/50 [Train]:  99%|█████████▉| 456/459 [00:19<00:00, 22.93it/s]
Epoch 21/50 [Train]: 100%|██████████| 459/459 [00:19<00:00, 23.05it/s]
                                                                      

Epoch 21/50 [Val]:   0%|          | 0/113 [00:00<?, ?it/s]
Epoch 21/50 [Val]:   2%|▏         | 2/113 [00:00<00:06, 16.55it/s]
Epoch 21/50 [Val]:   4%|▎         | 4/113 [00:00<00:06, 16.65it/s]
Epoch 21/50 [Val]:   5%|▌         | 6/113 [00:00<00:06, 16.44it/s]
Epoch 21/50 [Val]:   7%|▋         | 8/113 [00:00<00:06, 16.70it/s]
Epoch 21/50 [Val]:   9%|▉         | 10/113 [00:00<00:05, 17.28it/s]
Epoch 21/50 [Val]:  11%|█         | 12/113 [00:00<00:05, 17.17it/s]
Epoch 21/50 [Val]:  12%|█▏        | 14/113 [00:00<00:05, 16.83it/s]
Epoch 21/50 [Val]:  14%|█▍        | 16/113 [00:00<00:05, 16.38it/s]
Epoch 21/50 [Val]:  16%|█▌        | 18/113 [00:01<00:05, 16.02it/s]
Epoch 21/50 [Val]:  18%|█▊        | 20/113 [00:01<00:05, 15.99it/s]
Epoch 21/50 [Val]:  19%|█▉        | 22/113 [00:01<00:05, 15.81it/s]
Epoch 21/50 [Val]:  21%|██        | 24/113 [00:01<00:05, 15.73it/s]
Epoch 21/50 [Val]:  23%|██▎       | 26/113 [00:01<00:05, 15.96it/s]
Epoch 21/50 [Val]:  25%|██▍       | 28/113 [00:01<00:05, 16.06it/s]
Epoch 21/50 [Val]:  27%|██▋       | 30/113 [00:01<00:05, 16.46it/s]
Epoch 21/50 [Val]:  28%|██▊       | 32/113 [00:01<00:04, 16.66it/s]
Epoch 21/50 [Val]:  30%|███       | 34/113 [00:02<00:04, 16.87it/s]
Epoch 21/50 [Val]:  32%|███▏      | 36/113 [00:02<00:04, 17.34it/s]
Epoch 21/50 [Val]:  34%|███▎      | 38/113 [00:02<00:04, 17.69it/s]
Epoch 21/50 [Val]:  35%|███▌      | 40/113 [00:02<00:04, 17.84it/s]
Epoch 21/50 [Val]:  37%|███▋      | 42/113 [00:02<00:03, 17.95it/s]
Epoch 21/50 [Val]:  39%|███▉      | 44/113 [00:02<00:03, 17.77it/s]
Epoch 21/50 [Val]:  41%|████      | 46/113 [00:02<00:03, 17.30it/s]
Epoch 21/50 [Val]:  42%|████▏     | 48/113 [00:02<00:03, 16.81it/s]
Epoch 21/50 [Val]:  44%|████▍     | 50/113 [00:02<00:03, 16.95it/s]
Epoch 21/50 [Val]:  46%|████▌     | 52/113 [00:03<00:03, 17.16it/s]
Epoch 21/50 [Val]:  48%|████▊     | 54/113 [00:03<00:03, 17.56it/s]
Epoch 21/50 [Val]:  50%|████▉     | 56/113 [00:03<00:03, 17.51it/s]
Epoch 21/50 [Val]:  51%|█████▏    | 58/113 [00:03<00:03, 16.96it/s]
Epoch 21/50 [Val]:  53%|█████▎    | 60/113 [00:03<00:03, 17.13it/s]
Epoch 21/50 [Val]:  55%|█████▍    | 62/113 [00:03<00:03, 16.98it/s]
Epoch 21/50 [Val]:  57%|█████▋    | 64/113 [00:03<00:02, 17.14it/s]
Epoch 21/50 [Val]:  58%|█████▊    | 66/113 [00:03<00:02, 16.86it/s]
Epoch 21/50 [Val]:  60%|██████    | 68/113 [00:04<00:02, 16.51it/s]
Epoch 21/50 [Val]:  62%|██████▏   | 70/113 [00:04<00:02, 16.60it/s]
Epoch 21/50 [Val]:  64%|██████▎   | 72/113 [00:04<00:02, 16.92it/s]
Epoch 21/50 [Val]:  65%|██████▌   | 74/113 [00:04<00:02, 17.30it/s]
Epoch 21/50 [Val]:  67%|██████▋   | 76/113 [00:04<00:02, 17.71it/s]
Epoch 21/50 [Val]:  69%|██████▉   | 78/113 [00:04<00:01, 17.63it/s]
Epoch 21/50 [Val]:  71%|███████   | 80/113 [00:04<00:01, 17.58it/s]
Epoch 21/50 [Val]:  73%|███████▎  | 82/113 [00:04<00:01, 17.66it/s]
Epoch 21/50 [Val]:  74%|███████▍  | 84/113 [00:04<00:01, 17.76it/s]
Epoch 21/50 [Val]:  76%|███████▌  | 86/113 [00:05<00:01, 17.78it/s]
Epoch 21/50 [Val]:  78%|███████▊  | 88/113 [00:05<00:01, 17.71it/s]
Epoch 21/50 [Val]:  80%|███████▉  | 90/113 [00:05<00:01, 18.07it/s]
Epoch 21/50 [Val]:  81%|████████▏ | 92/113 [00:05<00:01, 18.25it/s]
Epoch 21/50 [Val]:  83%|████████▎ | 94/113 [00:05<00:01, 18.45it/s]
Epoch 21/50 [Val]:  85%|████████▍ | 96/113 [00:05<00:00, 18.52it/s]
Epoch 21/50 [Val]:  87%|████████▋ | 98/113 [00:05<00:00, 18.54it/s]
Epoch 21/50 [Val]:  88%|████████▊ | 100/113 [00:05<00:00, 17.86it/s]
Epoch 21/50 [Val]:  90%|█████████ | 102/113 [00:05<00:00, 17.08it/s]
Epoch 21/50 [Val]:  92%|█████████▏| 104/113 [00:06<00:00, 16.65it/s]
Epoch 21/50 [Val]:  94%|█████████▍| 106/113 [00:06<00:00, 16.60it/s]
Epoch 21/50 [Val]:  96%|█████████▌| 108/113 [00:06<00:00, 16.85it/s]
Epoch 21/50 [Val]:  97%|█████████▋| 110/113 [00:06<00:00, 16.95it/s]
Epoch 21/50 [Val]:  99%|█████████▉| 112/113 [00:06<00:00, 16.70it/s]
                                                                    

Epoch 22/50 [Train]:   0%|          | 0/459 [00:00<?, ?it/s]
Epoch 22/50 [Train]:   0%|          | 2/459 [00:00<00:23, 19.28it/s]
Epoch 22/50 [Train]:   1%|          | 5/459 [00:00<00:22, 20.42it/s]
Epoch 22/50 [Train]:   2%|▏         | 8/459 [00:00<00:22, 20.22it/s]
Epoch 22/50 [Train]:   2%|▏         | 11/459 [00:00<00:21, 20.97it/s]
Epoch 22/50 [Train]:   3%|▎         | 14/459 [00:00<00:20, 21.48it/s]
Epoch 22/50 [Train]:   4%|▎         | 17/459 [00:00<00:20, 21.88it/s]
Epoch 22/50 [Train]:   4%|▍         | 20/459 [00:00<00:19, 22.24it/s]
Epoch 22/50 [Train]:   5%|▌         | 23/459 [00:01<00:19, 22.48it/s]
Epoch 22/50 [Train]:   6%|▌         | 26/459 [00:01<00:18, 22.81it/s]
Epoch 22/50 [Train]:   6%|▋         | 29/459 [00:01<00:19, 22.13it/s]
Epoch 22/50 [Train]:   7%|▋         | 32/459 [00:01<00:20, 21.15it/s]
Epoch 22/50 [Train]:   8%|▊         | 35/459 [00:01<00:19, 21.35it/s]
Epoch 22/50 [Train]:   8%|▊         | 38/459 [00:01<00:19, 21.93it/s]
Epoch 22/50 [Train]:   9%|▉         | 41/459 [00:01<00:18, 22.34it/s]
Epoch 22/50 [Train]:  10%|▉         | 44/459 [00:02<00:18, 22.55it/s]
Epoch 22/50 [Train]:  10%|█         | 47/459 [00:02<00:18, 22.63it/s]
Epoch 22/50 [Train]:  11%|█         | 50/459 [00:02<00:17, 22.86it/s]
Epoch 22/50 [Train]:  12%|█▏        | 53/459 [00:02<00:17, 23.07it/s]
Epoch 22/50 [Train]:  12%|█▏        | 56/459 [00:02<00:17, 23.27it/s]
Epoch 22/50 [Train]:  13%|█▎        | 59/459 [00:02<00:17, 23.15it/s]
Epoch 22/50 [Train]:  14%|█▎        | 62/459 [00:02<00:17, 23.28it/s]
Epoch 22/50 [Train]:  14%|█▍        | 65/459 [00:02<00:16, 23.27it/s]
Epoch 22/50 [Train]:  15%|█▍        | 68/459 [00:03<00:17, 22.97it/s]
Epoch 22/50 [Train]:  15%|█▌        | 71/459 [00:03<00:17, 22.53it/s]
Epoch 22/50 [Train]:  16%|█▌        | 74/459 [00:03<00:17, 22.60it/s]
Epoch 22/50 [Train]:  17%|█▋        | 77/459 [00:03<00:16, 22.50it/s]
Epoch 22/50 [Train]:  17%|█▋        | 80/459 [00:03<00:16, 22.80it/s]
Epoch 22/50 [Train]:  18%|█▊        | 83/459 [00:03<00:16, 22.89it/s]
Epoch 22/50 [Train]:  19%|█▊        | 86/459 [00:03<00:16, 22.97it/s]
Epoch 22/50 [Train]:  19%|█▉        | 89/459 [00:03<00:16, 22.96it/s]
Epoch 22/50 [Train]:  20%|██        | 92/459 [00:04<00:15, 23.20it/s]
Epoch 22/50 [Train]:  21%|██        | 95/459 [00:04<00:15, 23.33it/s]
Epoch 22/50 [Train]:  21%|██▏       | 98/459 [00:04<00:15, 23.58it/s]
Epoch 22/50 [Train]:  22%|██▏       | 101/459 [00:04<00:15, 23.74it/s]
Epoch 22/50 [Train]:  23%|██▎       | 104/459 [00:04<00:14, 23.81it/s]
Epoch 22/50 [Train]:  23%|██▎       | 107/459 [00:04<00:14, 23.83it/s]
Epoch 22/50 [Train]:  24%|██▍       | 110/459 [00:04<00:14, 23.86it/s]
Epoch 22/50 [Train]:  25%|██▍       | 113/459 [00:04<00:14, 23.54it/s]
Epoch 22/50 [Train]:  25%|██▌       | 116/459 [00:05<00:14, 23.42it/s]
Epoch 22/50 [Train]:  26%|██▌       | 119/459 [00:05<00:14, 23.18it/s]
Epoch 22/50 [Train]:  27%|██▋       | 122/459 [00:05<00:14, 23.43it/s]
Epoch 22/50 [Train]:  27%|██▋       | 125/459 [00:05<00:14, 23.44it/s]
Epoch 22/50 [Train]:  28%|██▊       | 128/459 [00:05<00:13, 23.69it/s]
Epoch 22/50 [Train]:  29%|██▊       | 131/459 [00:05<00:13, 23.82it/s]
Epoch 22/50 [Train]:  29%|██▉       | 134/459 [00:05<00:13, 23.84it/s]
Epoch 22/50 [Train]:  30%|██▉       | 137/459 [00:06<00:13, 23.00it/s]
Epoch 22/50 [Train]:  31%|███       | 140/459 [00:06<00:13, 22.94it/s]
Epoch 22/50 [Train]:  31%|███       | 143/459 [00:06<00:13, 23.09it/s]
Epoch 22/50 [Train]:  32%|███▏      | 146/459 [00:06<00:13, 23.11it/s]
Epoch 22/50 [Train]:  32%|███▏      | 149/459 [00:06<00:13, 23.33it/s]
Epoch 22/50 [Train]:  33%|███▎      | 152/459 [00:06<00:13, 23.51it/s]
Epoch 22/50 [Train]:  34%|███▍      | 155/459 [00:06<00:12, 23.39it/s]
Epoch 22/50 [Train]:  34%|███▍      | 158/459 [00:06<00:12, 23.65it/s]
Epoch 22/50 [Train]:  35%|███▌      | 161/459 [00:07<00:12, 23.70it/s]
Epoch 22/50 [Train]:  36%|███▌      | 164/459 [00:07<00:12, 23.71it/s]
Epoch 22/50 [Train]:  36%|███▋      | 167/459 [00:07<00:12, 23.61it/s]
Epoch 22/50 [Train]:  37%|███▋      | 170/459 [00:07<00:12, 23.64it/s]
Epoch 22/50 [Train]:  38%|███▊      | 173/459 [00:07<00:12, 23.58it/s]
Epoch 22/50 [Train]:  38%|███▊      | 176/459 [00:07<00:12, 23.47it/s]
Epoch 22/50 [Train]:  39%|███▉      | 179/459 [00:07<00:11, 23.56it/s]
Epoch 22/50 [Train]:  40%|███▉      | 182/459 [00:07<00:11, 23.63it/s]
Epoch 22/50 [Train]:  40%|████      | 185/459 [00:08<00:11, 23.50it/s]
Epoch 22/50 [Train]:  41%|████      | 188/459 [00:08<00:11, 23.63it/s]
Epoch 22/50 [Train]:  42%|████▏     | 191/459 [00:08<00:11, 23.79it/s]
Epoch 22/50 [Train]:  42%|████▏     | 194/459 [00:08<00:11, 23.87it/s]
Epoch 22/50 [Train]:  43%|████▎     | 197/459 [00:08<00:10, 23.99it/s]
Epoch 22/50 [Train]:  44%|████▎     | 200/459 [00:08<00:10, 23.96it/s]
Epoch 22/50 [Train]:  44%|████▍     | 203/459 [00:08<00:10, 23.91it/s]
Epoch 22/50 [Train]:  45%|████▍     | 206/459 [00:08<00:10, 24.02it/s]
Epoch 22/50 [Train]:  46%|████▌     | 209/459 [00:09<00:10, 23.92it/s]
Epoch 22/50 [Train]:  46%|████▌     | 212/459 [00:09<00:10, 23.93it/s]
Epoch 22/50 [Train]:  47%|████▋     | 215/459 [00:09<00:10, 23.81it/s]
Epoch 22/50 [Train]:  47%|████▋     | 218/459 [00:09<00:10, 23.92it/s]
Epoch 22/50 [Train]:  48%|████▊     | 221/459 [00:09<00:09, 23.83it/s]
Epoch 22/50 [Train]:  49%|████▉     | 224/459 [00:09<00:10, 22.80it/s]
Epoch 22/50 [Train]:  49%|████▉     | 227/459 [00:09<00:10, 22.40it/s]
Epoch 22/50 [Train]:  50%|█████     | 230/459 [00:09<00:10, 22.55it/s]
Epoch 22/50 [Train]:  51%|█████     | 233/459 [00:10<00:09, 22.67it/s]
Epoch 22/50 [Train]:  51%|█████▏    | 236/459 [00:10<00:09, 23.00it/s]
Epoch 22/50 [Train]:  52%|█████▏    | 239/459 [00:10<00:09, 23.15it/s]
Epoch 22/50 [Train]:  53%|█████▎    | 242/459 [00:10<00:09, 23.31it/s]
Epoch 22/50 [Train]:  53%|█████▎    | 245/459 [00:10<00:09, 22.54it/s]
Epoch 22/50 [Train]:  54%|█████▍    | 248/459 [00:10<00:09, 22.33it/s]
Epoch 22/50 [Train]:  55%|█████▍    | 251/459 [00:10<00:09, 22.40it/s]
Epoch 22/50 [Train]:  55%|█████▌    | 254/459 [00:11<00:09, 22.60it/s]
Epoch 22/50 [Train]:  56%|█████▌    | 257/459 [00:11<00:08, 22.51it/s]
Epoch 22/50 [Train]:  57%|█████▋    | 260/459 [00:11<00:08, 22.26it/s]
Epoch 22/50 [Train]:  57%|█████▋    | 263/459 [00:11<00:08, 22.12it/s]
Epoch 22/50 [Train]:  58%|█████▊    | 266/459 [00:11<00:08, 22.45it/s]
Epoch 22/50 [Train]:  59%|█████▊    | 269/459 [00:11<00:08, 22.45it/s]
Epoch 22/50 [Train]:  59%|█████▉    | 272/459 [00:11<00:08, 22.35it/s]
Epoch 22/50 [Train]:  60%|█████▉    | 275/459 [00:11<00:08, 22.43it/s]
Epoch 22/50 [Train]:  61%|██████    | 278/459 [00:12<00:08, 22.20it/s]
Epoch 22/50 [Train]:  61%|██████    | 281/459 [00:12<00:08, 22.02it/s]
Epoch 22/50 [Train]:  62%|██████▏   | 284/459 [00:12<00:07, 22.15it/s]
Epoch 22/50 [Train]:  63%|██████▎   | 287/459 [00:12<00:07, 22.55it/s]
Epoch 22/50 [Train]:  63%|██████▎   | 290/459 [00:12<00:07, 22.88it/s]
Epoch 22/50 [Train]:  64%|██████▍   | 293/459 [00:12<00:07, 23.10it/s]
Epoch 22/50 [Train]:  64%|██████▍   | 296/459 [00:12<00:06, 23.33it/s]
Epoch 22/50 [Train]:  65%|██████▌   | 299/459 [00:13<00:06, 23.50it/s]
Epoch 22/50 [Train]:  66%|██████▌   | 302/459 [00:13<00:06, 23.36it/s]
Epoch 22/50 [Train]:  66%|██████▋   | 305/459 [00:13<00:06, 23.26it/s]
Epoch 22/50 [Train]:  67%|██████▋   | 308/459 [00:13<00:06, 23.56it/s]
Epoch 22/50 [Train]:  68%|██████▊   | 311/459 [00:13<00:06, 23.65it/s]
Epoch 22/50 [Train]:  68%|██████▊   | 314/459 [00:13<00:06, 23.61it/s]
Epoch 22/50 [Train]:  69%|██████▉   | 317/459 [00:13<00:05, 23.72it/s]
Epoch 22/50 [Train]:  70%|██████▉   | 320/459 [00:13<00:05, 23.89it/s]
Epoch 22/50 [Train]:  70%|███████   | 323/459 [00:14<00:05, 23.86it/s]
Epoch 22/50 [Train]:  71%|███████   | 326/459 [00:14<00:05, 23.75it/s]
Epoch 22/50 [Train]:  72%|███████▏  | 329/459 [00:14<00:05, 23.85it/s]
Epoch 22/50 [Train]:  72%|███████▏  | 332/459 [00:14<00:05, 23.86it/s]
Epoch 22/50 [Train]:  73%|███████▎  | 335/459 [00:14<00:05, 23.92it/s]
Epoch 22/50 [Train]:  74%|███████▎  | 338/459 [00:14<00:05, 24.01it/s]
Epoch 22/50 [Train]:  74%|███████▍  | 341/459 [00:14<00:04, 24.06it/s]
Epoch 22/50 [Train]:  75%|███████▍  | 344/459 [00:14<00:04, 23.89it/s]
Epoch 22/50 [Train]:  76%|███████▌  | 347/459 [00:15<00:04, 23.87it/s]
Epoch 22/50 [Train]:  76%|███████▋  | 350/459 [00:15<00:04, 23.69it/s]
Epoch 22/50 [Train]:  77%|███████▋  | 353/459 [00:15<00:04, 23.61it/s]
Epoch 22/50 [Train]:  78%|███████▊  | 356/459 [00:15<00:04, 23.86it/s]
Epoch 22/50 [Train]:  78%|███████▊  | 359/459 [00:15<00:04, 23.34it/s]
Epoch 22/50 [Train]:  79%|███████▉  | 362/459 [00:15<00:04, 23.56it/s]
Epoch 22/50 [Train]:  80%|███████▉  | 365/459 [00:15<00:03, 23.72it/s]
Epoch 22/50 [Train]:  80%|████████  | 368/459 [00:15<00:03, 23.74it/s]
Epoch 22/50 [Train]:  81%|████████  | 371/459 [00:16<00:03, 23.82it/s]
Epoch 22/50 [Train]:  81%|████████▏ | 374/459 [00:16<00:03, 23.76it/s]
Epoch 22/50 [Train]:  82%|████████▏ | 377/459 [00:16<00:03, 23.75it/s]
Epoch 22/50 [Train]:  83%|████████▎ | 380/459 [00:16<00:03, 23.76it/s]
Epoch 22/50 [Train]:  83%|████████▎ | 383/459 [00:16<00:03, 23.83it/s]
Epoch 22/50 [Train]:  84%|████████▍ | 386/459 [00:16<00:03, 24.02it/s]
Epoch 22/50 [Train]:  85%|████████▍ | 389/459 [00:16<00:02, 24.04it/s]
Epoch 22/50 [Train]:  85%|████████▌ | 392/459 [00:16<00:02, 23.90it/s]
Epoch 22/50 [Train]:  86%|████████▌ | 395/459 [00:17<00:02, 23.93it/s]
Epoch 22/50 [Train]:  87%|████████▋ | 398/459 [00:17<00:02, 23.76it/s]
Epoch 22/50 [Train]:  87%|████████▋ | 401/459 [00:17<00:02, 23.80it/s]
Epoch 22/50 [Train]:  88%|████████▊ | 404/459 [00:17<00:02, 23.66it/s]
Epoch 22/50 [Train]:  89%|████████▊ | 407/459 [00:17<00:02, 23.40it/s]
Epoch 22/50 [Train]:  89%|████████▉ | 410/459 [00:17<00:02, 23.43it/s]
Epoch 22/50 [Train]:  90%|████████▉ | 413/459 [00:17<00:01, 23.60it/s]
Epoch 22/50 [Train]:  91%|█████████ | 416/459 [00:17<00:01, 23.71it/s]
Epoch 22/50 [Train]:  91%|█████████▏| 419/459 [00:18<00:01, 23.85it/s]
Epoch 22/50 [Train]:  92%|█████████▏| 422/459 [00:18<00:01, 23.83it/s]
Epoch 22/50 [Train]:  93%|█████████▎| 425/459 [00:18<00:01, 23.80it/s]
Epoch 22/50 [Train]:  93%|█████████▎| 428/459 [00:18<00:01, 23.77it/s]
Epoch 22/50 [Train]:  94%|█████████▍| 431/459 [00:18<00:01, 23.83it/s]
Epoch 22/50 [Train]:  95%|█████████▍| 434/459 [00:18<00:01, 24.02it/s]
Epoch 22/50 [Train]:  95%|█████████▌| 437/459 [00:18<00:00, 24.07it/s]
Epoch 22/50 [Train]:  96%|█████████▌| 440/459 [00:18<00:00, 24.08it/s]
Epoch 22/50 [Train]:  97%|█████████▋| 443/459 [00:19<00:00, 23.96it/s]
Epoch 22/50 [Train]:  97%|█████████▋| 446/459 [00:19<00:00, 24.00it/s]
Epoch 22/50 [Train]:  98%|█████████▊| 449/459 [00:19<00:00, 23.94it/s]
Epoch 22/50 [Train]:  98%|█████████▊| 452/459 [00:19<00:00, 23.97it/s]
Epoch 22/50 [Train]:  99%|█████████▉| 455/459 [00:19<00:00, 23.92it/s]
Epoch 22/50 [Train]: 100%|█████████▉| 458/459 [00:19<00:00, 23.91it/s]
                                                                      

Epoch 22/50 [Val]:   0%|          | 0/113 [00:00<?, ?it/s]
Epoch 22/50 [Val]:   2%|▏         | 2/113 [00:00<00:06, 17.78it/s]
Epoch 22/50 [Val]:   4%|▎         | 4/113 [00:00<00:06, 17.73it/s]
Epoch 22/50 [Val]:   5%|▌         | 6/113 [00:00<00:06, 17.56it/s]
Epoch 22/50 [Val]:   7%|▋         | 8/113 [00:00<00:05, 17.80it/s]
Epoch 22/50 [Val]:   9%|▉         | 10/113 [00:00<00:05, 18.20it/s]
Epoch 22/50 [Val]:  11%|█         | 12/113 [00:00<00:05, 18.24it/s]
Epoch 22/50 [Val]:  12%|█▏        | 14/113 [00:00<00:05, 18.27it/s]
Epoch 22/50 [Val]:  14%|█▍        | 16/113 [00:00<00:05, 17.33it/s]
Epoch 22/50 [Val]:  16%|█▌        | 18/113 [00:01<00:05, 16.91it/s]
Epoch 22/50 [Val]:  18%|█▊        | 20/113 [00:01<00:05, 16.67it/s]
Epoch 22/50 [Val]:  19%|█▉        | 22/113 [00:01<00:05, 16.33it/s]
Epoch 22/50 [Val]:  21%|██        | 24/113 [00:01<00:05, 16.19it/s]
Epoch 22/50 [Val]:  23%|██▎       | 26/113 [00:01<00:05, 16.32it/s]
Epoch 22/50 [Val]:  25%|██▍       | 28/113 [00:01<00:05, 16.63it/s]
Epoch 22/50 [Val]:  27%|██▋       | 30/113 [00:01<00:04, 16.98it/s]
Epoch 22/50 [Val]:  28%|██▊       | 32/113 [00:01<00:04, 17.19it/s]
Epoch 22/50 [Val]:  30%|███       | 34/113 [00:01<00:04, 17.31it/s]
Epoch 22/50 [Val]:  32%|███▏      | 36/113 [00:02<00:04, 17.63it/s]
Epoch 22/50 [Val]:  34%|███▎      | 38/113 [00:02<00:04, 17.94it/s]
Epoch 22/50 [Val]:  35%|███▌      | 40/113 [00:02<00:04, 17.91it/s]
Epoch 22/50 [Val]:  37%|███▋      | 42/113 [00:02<00:03, 17.91it/s]
Epoch 22/50 [Val]:  39%|███▉      | 44/113 [00:02<00:03, 17.75it/s]
Epoch 22/50 [Val]:  41%|████      | 46/113 [00:02<00:03, 17.42it/s]
Epoch 22/50 [Val]:  42%|████▏     | 48/113 [00:02<00:03, 17.45it/s]
Epoch 22/50 [Val]:  44%|████▍     | 50/113 [00:02<00:03, 17.70it/s]
Epoch 22/50 [Val]:  46%|████▌     | 52/113 [00:02<00:03, 18.10it/s]
Epoch 22/50 [Val]:  48%|████▊     | 54/113 [00:03<00:03, 18.38it/s]
Epoch 22/50 [Val]:  50%|████▉     | 56/113 [00:03<00:03, 18.28it/s]
Epoch 22/50 [Val]:  51%|█████▏    | 58/113 [00:03<00:03, 17.52it/s]
Epoch 22/50 [Val]:  53%|█████▎    | 60/113 [00:03<00:02, 18.00it/s]
Epoch 22/50 [Val]:  55%|█████▍    | 62/113 [00:03<00:02, 17.66it/s]
Epoch 22/50 [Val]:  57%|█████▋    | 64/113 [00:03<00:02, 17.71it/s]
Epoch 22/50 [Val]:  58%|█████▊    | 66/113 [00:03<00:02, 17.32it/s]
Epoch 22/50 [Val]:  60%|██████    | 68/113 [00:03<00:02, 17.22it/s]
Epoch 22/50 [Val]:  62%|██████▏   | 70/113 [00:04<00:02, 17.52it/s]
Epoch 22/50 [Val]:  64%|██████▎   | 72/113 [00:04<00:02, 17.83it/s]
Epoch 22/50 [Val]:  65%|██████▌   | 74/113 [00:04<00:02, 18.10it/s]
Epoch 22/50 [Val]:  67%|██████▋   | 76/113 [00:04<00:02, 18.05it/s]
Epoch 22/50 [Val]:  69%|██████▉   | 78/113 [00:04<00:01, 17.99it/s]
Epoch 22/50 [Val]:  71%|███████   | 80/113 [00:04<00:01, 17.90it/s]
Epoch 22/50 [Val]:  73%|███████▎  | 82/113 [00:04<00:01, 17.91it/s]
Epoch 22/50 [Val]:  74%|███████▍  | 84/113 [00:04<00:01, 17.97it/s]
Epoch 22/50 [Val]:  76%|███████▌  | 86/113 [00:04<00:01, 17.91it/s]
Epoch 22/50 [Val]:  78%|███████▊  | 88/113 [00:05<00:01, 17.56it/s]
Epoch 22/50 [Val]:  80%|███████▉  | 90/113 [00:05<00:01, 17.81it/s]
Epoch 22/50 [Val]:  81%|████████▏ | 92/113 [00:05<00:01, 18.09it/s]
Epoch 22/50 [Val]:  83%|████████▎ | 94/113 [00:05<00:01, 18.17it/s]
Epoch 22/50 [Val]:  85%|████████▍ | 96/113 [00:05<00:00, 18.48it/s]
Epoch 22/50 [Val]:  87%|████████▋ | 98/113 [00:05<00:00, 18.51it/s]
Epoch 22/50 [Val]:  88%|████████▊ | 100/113 [00:05<00:00, 18.13it/s]
Epoch 22/50 [Val]:  90%|█████████ | 102/113 [00:05<00:00, 17.80it/s]
Epoch 22/50 [Val]:  92%|█████████▏| 104/113 [00:05<00:00, 18.04it/s]
Epoch 22/50 [Val]:  94%|█████████▍| 106/113 [00:05<00:00, 18.25it/s]
Epoch 22/50 [Val]:  96%|█████████▌| 108/113 [00:06<00:00, 18.63it/s]
Epoch 22/50 [Val]:  97%|█████████▋| 110/113 [00:06<00:00, 18.78it/s]
Epoch 22/50 [Val]:  99%|█████████▉| 112/113 [00:06<00:00, 18.52it/s]
                                                                    

Epoch 23/50 [Train]:   0%|          | 0/459 [00:00<?, ?it/s]
Epoch 23/50 [Train]:   1%|          | 3/459 [00:00<00:19, 23.23it/s]
Epoch 23/50 [Train]:   1%|▏         | 6/459 [00:00<00:19, 23.56it/s]
Epoch 23/50 [Train]:   2%|▏         | 9/459 [00:00<00:18, 23.71it/s]
Epoch 23/50 [Train]:   3%|▎         | 12/459 [00:00<00:18, 24.05it/s]
Epoch 23/50 [Train]:   3%|▎         | 15/459 [00:00<00:18, 23.78it/s]
Epoch 23/50 [Train]:   4%|▍         | 18/459 [00:00<00:18, 23.83it/s]
Epoch 23/50 [Train]:   5%|▍         | 21/459 [00:00<00:18, 23.91it/s]
Epoch 23/50 [Train]:   5%|▌         | 24/459 [00:01<00:18, 23.68it/s]
Epoch 23/50 [Train]:   6%|▌         | 27/459 [00:01<00:18, 23.89it/s]
Epoch 23/50 [Train]:   7%|▋         | 30/459 [00:01<00:17, 23.87it/s]
Epoch 23/50 [Train]:   7%|▋         | 33/459 [00:01<00:17, 23.96it/s]
Epoch 23/50 [Train]:   8%|▊         | 36/459 [00:01<00:17, 23.89it/s]
Epoch 23/50 [Train]:   8%|▊         | 39/459 [00:01<00:17, 23.94it/s]
Epoch 23/50 [Train]:   9%|▉         | 42/459 [00:01<00:17, 23.83it/s]
Epoch 23/50 [Train]:  10%|▉         | 45/459 [00:01<00:17, 23.93it/s]
Epoch 23/50 [Train]:  10%|█         | 48/459 [00:02<00:17, 23.92it/s]
Epoch 23/50 [Train]:  11%|█         | 51/459 [00:02<00:16, 24.02it/s]
Epoch 23/50 [Train]:  12%|█▏        | 54/459 [00:02<00:16, 24.10it/s]
Epoch 23/50 [Train]:  12%|█▏        | 57/459 [00:02<00:16, 24.18it/s]
Epoch 23/50 [Train]:  13%|█▎        | 60/459 [00:02<00:16, 23.98it/s]
Epoch 23/50 [Train]:  14%|█▎        | 63/459 [00:02<00:16, 24.12it/s]
Epoch 23/50 [Train]:  14%|█▍        | 66/459 [00:02<00:16, 23.93it/s]
Epoch 23/50 [Train]:  15%|█▌        | 69/459 [00:02<00:16, 24.05it/s]
Epoch 23/50 [Train]:  16%|█▌        | 72/459 [00:03<00:16, 24.00it/s]
Epoch 23/50 [Train]:  16%|█▋        | 75/459 [00:03<00:15, 24.11it/s]
Epoch 23/50 [Train]:  17%|█▋        | 78/459 [00:03<00:15, 23.92it/s]
Epoch 23/50 [Train]:  18%|█▊        | 81/459 [00:03<00:15, 23.68it/s]
Epoch 23/50 [Train]:  18%|█▊        | 84/459 [00:03<00:15, 23.69it/s]
Epoch 23/50 [Train]:  19%|█▉        | 87/459 [00:03<00:15, 23.69it/s]
Epoch 23/50 [Train]:  20%|█▉        | 90/459 [00:03<00:15, 23.74it/s]
Epoch 23/50 [Train]:  20%|██        | 93/459 [00:03<00:15, 23.76it/s]
Epoch 23/50 [Train]:  21%|██        | 96/459 [00:04<00:15, 23.61it/s]
Epoch 23/50 [Train]:  22%|██▏       | 99/459 [00:04<00:15, 23.86it/s]
Epoch 23/50 [Train]:  22%|██▏       | 102/459 [00:04<00:14, 23.93it/s]
Epoch 23/50 [Train]:  23%|██▎       | 105/459 [00:04<00:14, 23.97it/s]
Epoch 23/50 [Train]:  24%|██▎       | 108/459 [00:04<00:14, 23.90it/s]
Epoch 23/50 [Train]:  24%|██▍       | 111/459 [00:04<00:14, 24.07it/s]
Epoch 23/50 [Train]:  25%|██▍       | 114/459 [00:04<00:14, 24.10it/s]
Epoch 23/50 [Train]:  25%|██▌       | 117/459 [00:04<00:14, 24.13it/s]
Epoch 23/50 [Train]:  26%|██▌       | 120/459 [00:05<00:14, 23.90it/s]
Epoch 23/50 [Train]:  27%|██▋       | 123/459 [00:05<00:14, 23.92it/s]
Epoch 23/50 [Train]:  27%|██▋       | 126/459 [00:05<00:13, 24.00it/s]
Epoch 23/50 [Train]:  28%|██▊       | 129/459 [00:05<00:13, 23.83it/s]
Epoch 23/50 [Train]:  29%|██▉       | 132/459 [00:05<00:13, 23.88it/s]
Epoch 23/50 [Train]:  29%|██▉       | 135/459 [00:05<00:13, 23.88it/s]
Epoch 23/50 [Train]:  30%|███       | 138/459 [00:05<00:13, 23.54it/s]
Epoch 23/50 [Train]:  31%|███       | 141/459 [00:05<00:13, 23.57it/s]
Epoch 23/50 [Train]:  31%|███▏      | 144/459 [00:06<00:13, 23.60it/s]
Epoch 23/50 [Train]:  32%|███▏      | 147/459 [00:06<00:13, 23.66it/s]
Epoch 23/50 [Train]:  33%|███▎      | 150/459 [00:06<00:13, 23.51it/s]
Epoch 23/50 [Train]:  33%|███▎      | 153/459 [00:06<00:12, 23.65it/s]
Epoch 23/50 [Train]:  34%|███▍      | 156/459 [00:06<00:12, 23.78it/s]
Epoch 23/50 [Train]:  35%|███▍      | 159/459 [00:06<00:12, 23.41it/s]
Epoch 23/50 [Train]:  35%|███▌      | 162/459 [00:06<00:12, 22.98it/s]
Epoch 23/50 [Train]:  36%|███▌      | 165/459 [00:06<00:12, 23.26it/s]
Epoch 23/50 [Train]:  37%|███▋      | 168/459 [00:07<00:12, 23.36it/s]
Epoch 23/50 [Train]:  37%|███▋      | 171/459 [00:07<00:12, 23.38it/s]
Epoch 23/50 [Train]:  38%|███▊      | 174/459 [00:07<00:12, 23.50it/s]
Epoch 23/50 [Train]:  39%|███▊      | 177/459 [00:07<00:11, 23.61it/s]
Epoch 23/50 [Train]:  39%|███▉      | 180/459 [00:07<00:11, 23.78it/s]
Epoch 23/50 [Train]:  40%|███▉      | 183/459 [00:07<00:11, 23.75it/s]
Epoch 23/50 [Train]:  41%|████      | 186/459 [00:07<00:11, 23.46it/s]
Epoch 23/50 [Train]:  41%|████      | 189/459 [00:07<00:11, 23.51it/s]
Epoch 23/50 [Train]:  42%|████▏     | 192/459 [00:08<00:11, 23.28it/s]
Epoch 23/50 [Train]:  42%|████▏     | 195/459 [00:08<00:11, 22.93it/s]
Epoch 23/50 [Train]:  43%|████▎     | 198/459 [00:08<00:11, 22.90it/s]
Epoch 23/50 [Train]:  44%|████▍     | 201/459 [00:08<00:11, 22.92it/s]
Epoch 23/50 [Train]:  44%|████▍     | 204/459 [00:08<00:11, 23.10it/s]
Epoch 23/50 [Train]:  45%|████▌     | 207/459 [00:08<00:10, 23.20it/s]
Epoch 23/50 [Train]:  46%|████▌     | 210/459 [00:08<00:10, 23.32it/s]
Epoch 23/50 [Train]:  46%|████▋     | 213/459 [00:08<00:10, 23.34it/s]
Epoch 23/50 [Train]:  47%|████▋     | 216/459 [00:09<00:10, 23.26it/s]
Epoch 23/50 [Train]:  48%|████▊     | 219/459 [00:09<00:10, 22.99it/s]
Epoch 23/50 [Train]:  48%|████▊     | 222/459 [00:09<00:10, 23.13it/s]
Epoch 23/50 [Train]:  49%|████▉     | 225/459 [00:09<00:10, 23.33it/s]
Epoch 23/50 [Train]:  50%|████▉     | 228/459 [00:09<00:09, 23.52it/s]
Epoch 23/50 [Train]:  50%|█████     | 231/459 [00:09<00:09, 23.54it/s]
Epoch 23/50 [Train]:  51%|█████     | 234/459 [00:09<00:09, 23.77it/s]
Epoch 23/50 [Train]:  52%|█████▏    | 237/459 [00:10<00:09, 23.59it/s]
Epoch 23/50 [Train]:  52%|█████▏    | 240/459 [00:10<00:09, 23.32it/s]
Epoch 23/50 [Train]:  53%|█████▎    | 243/459 [00:10<00:09, 23.49it/s]
Epoch 23/50 [Train]:  54%|█████▎    | 246/459 [00:10<00:08, 23.67it/s]
Epoch 23/50 [Train]:  54%|█████▍    | 249/459 [00:10<00:08, 23.79it/s]
Epoch 23/50 [Train]:  55%|█████▍    | 252/459 [00:10<00:08, 23.37it/s]
Epoch 23/50 [Train]:  56%|█████▌    | 255/459 [00:10<00:08, 23.17it/s]
Epoch 23/50 [Train]:  56%|█████▌    | 258/459 [00:10<00:08, 23.17it/s]
Epoch 23/50 [Train]:  57%|█████▋    | 261/459 [00:11<00:08, 23.00it/s]
Epoch 23/50 [Train]:  58%|█████▊    | 264/459 [00:11<00:08, 22.73it/s]
Epoch 23/50 [Train]:  58%|█████▊    | 267/459 [00:11<00:08, 22.48it/s]
Epoch 23/50 [Train]:  59%|█████▉    | 270/459 [00:11<00:08, 22.36it/s]
Epoch 23/50 [Train]:  59%|█████▉    | 273/459 [00:11<00:08, 22.77it/s]
Epoch 23/50 [Train]:  60%|██████    | 276/459 [00:11<00:07, 23.15it/s]
Epoch 23/50 [Train]:  61%|██████    | 279/459 [00:11<00:07, 23.53it/s]
Epoch 23/50 [Train]:  61%|██████▏   | 282/459 [00:11<00:07, 23.73it/s]
Epoch 23/50 [Train]:  62%|██████▏   | 285/459 [00:12<00:07, 23.78it/s]
Epoch 23/50 [Train]:  63%|██████▎   | 288/459 [00:12<00:07, 23.76it/s]
Epoch 23/50 [Train]:  63%|██████▎   | 291/459 [00:12<00:07, 23.77it/s]
Epoch 23/50 [Train]:  64%|██████▍   | 294/459 [00:12<00:06, 23.85it/s]
Epoch 23/50 [Train]:  65%|██████▍   | 297/459 [00:12<00:06, 23.85it/s]
Epoch 23/50 [Train]:  65%|██████▌   | 300/459 [00:12<00:06, 23.99it/s]
Epoch 23/50 [Train]:  66%|██████▌   | 303/459 [00:12<00:06, 23.99it/s]
Epoch 23/50 [Train]:  67%|██████▋   | 306/459 [00:12<00:06, 23.99it/s]
Epoch 23/50 [Train]:  67%|██████▋   | 309/459 [00:13<00:06, 23.89it/s]
Epoch 23/50 [Train]:  68%|██████▊   | 312/459 [00:13<00:06, 23.86it/s]
Epoch 23/50 [Train]:  69%|██████▊   | 315/459 [00:13<00:06, 23.96it/s]
Epoch 23/50 [Train]:  69%|██████▉   | 318/459 [00:13<00:05, 23.91it/s]
Epoch 23/50 [Train]:  70%|██████▉   | 321/459 [00:13<00:05, 23.79it/s]
Epoch 23/50 [Train]:  71%|███████   | 324/459 [00:13<00:05, 23.83it/s]
Epoch 23/50 [Train]:  71%|███████   | 327/459 [00:13<00:05, 23.71it/s]
Epoch 23/50 [Train]:  72%|███████▏  | 330/459 [00:13<00:05, 23.88it/s]
Epoch 23/50 [Train]:  73%|███████▎  | 333/459 [00:14<00:05, 23.78it/s]
Epoch 23/50 [Train]:  73%|███████▎  | 336/459 [00:14<00:05, 23.73it/s]
Epoch 23/50 [Train]:  74%|███████▍  | 339/459 [00:14<00:05, 23.60it/s]
Epoch 23/50 [Train]:  75%|███████▍  | 342/459 [00:14<00:04, 23.78it/s]
Epoch 23/50 [Train]:  75%|███████▌  | 345/459 [00:14<00:04, 23.87it/s]
Epoch 23/50 [Train]:  76%|███████▌  | 348/459 [00:14<00:04, 24.04it/s]
Epoch 23/50 [Train]:  76%|███████▋  | 351/459 [00:14<00:04, 24.06it/s]
Epoch 23/50 [Train]:  77%|███████▋  | 354/459 [00:14<00:04, 23.98it/s]
Epoch 23/50 [Train]:  78%|███████▊  | 357/459 [00:15<00:04, 23.82it/s]
Epoch 23/50 [Train]:  78%|███████▊  | 360/459 [00:15<00:04, 23.96it/s]
Epoch 23/50 [Train]:  79%|███████▉  | 363/459 [00:15<00:03, 24.02it/s]
Epoch 23/50 [Train]:  80%|███████▉  | 366/459 [00:15<00:03, 23.99it/s]
Epoch 23/50 [Train]:  80%|████████  | 369/459 [00:15<00:03, 24.18it/s]
Epoch 23/50 [Train]:  81%|████████  | 372/459 [00:15<00:03, 24.15it/s]
Epoch 23/50 [Train]:  82%|████████▏ | 375/459 [00:15<00:03, 24.22it/s]
Epoch 23/50 [Train]:  82%|████████▏ | 378/459 [00:15<00:03, 24.16it/s]
Epoch 23/50 [Train]:  83%|████████▎ | 381/459 [00:16<00:03, 23.92it/s]
Epoch 23/50 [Train]:  84%|████████▎ | 384/459 [00:16<00:03, 23.94it/s]
Epoch 23/50 [Train]:  84%|████████▍ | 387/459 [00:16<00:03, 23.89it/s]
Epoch 23/50 [Train]:  85%|████████▍ | 390/459 [00:16<00:02, 23.87it/s]
Epoch 23/50 [Train]:  86%|████████▌ | 393/459 [00:16<00:02, 23.87it/s]
Epoch 23/50 [Train]:  86%|████████▋ | 396/459 [00:16<00:02, 23.84it/s]
Epoch 23/50 [Train]:  87%|████████▋ | 399/459 [00:16<00:02, 23.85it/s]
Epoch 23/50 [Train]:  88%|████████▊ | 402/459 [00:16<00:02, 23.92it/s]
Epoch 23/50 [Train]:  88%|████████▊ | 405/459 [00:17<00:02, 23.86it/s]
Epoch 23/50 [Train]:  89%|████████▉ | 408/459 [00:17<00:02, 23.90it/s]
Epoch 23/50 [Train]:  90%|████████▉ | 411/459 [00:17<00:02, 23.98it/s]
Epoch 23/50 [Train]:  90%|█████████ | 414/459 [00:17<00:01, 23.82it/s]
Epoch 23/50 [Train]:  91%|█████████ | 417/459 [00:17<00:01, 23.90it/s]
Epoch 23/50 [Train]:  92%|█████████▏| 420/459 [00:17<00:01, 24.01it/s]
Epoch 23/50 [Train]:  92%|█████████▏| 423/459 [00:17<00:01, 23.92it/s]
Epoch 23/50 [Train]:  93%|█████████▎| 426/459 [00:17<00:01, 24.00it/s]
Epoch 23/50 [Train]:  93%|█████████▎| 429/459 [00:18<00:01, 23.80it/s]
Epoch 23/50 [Train]:  94%|█████████▍| 432/459 [00:18<00:01, 23.86it/s]
Epoch 23/50 [Train]:  95%|█████████▍| 435/459 [00:18<00:01, 23.81it/s]
Epoch 23/50 [Train]:  95%|█████████▌| 438/459 [00:18<00:00, 23.89it/s]
Epoch 23/50 [Train]:  96%|█████████▌| 441/459 [00:18<00:00, 23.89it/s]
Epoch 23/50 [Train]:  97%|█████████▋| 444/459 [00:18<00:00, 23.83it/s]
Epoch 23/50 [Train]:  97%|█████████▋| 447/459 [00:18<00:00, 23.99it/s]
Epoch 23/50 [Train]:  98%|█████████▊| 450/459 [00:18<00:00, 23.86it/s]
Epoch 23/50 [Train]:  99%|█████████▊| 453/459 [00:19<00:00, 23.83it/s]
Epoch 23/50 [Train]:  99%|█████████▉| 456/459 [00:19<00:00, 23.72it/s]
Epoch 23/50 [Train]: 100%|██████████| 459/459 [00:19<00:00, 23.60it/s]
                                                                      

Epoch 23/50 [Val]:   0%|          | 0/113 [00:00<?, ?it/s]
Epoch 23/50 [Val]:   2%|▏         | 2/113 [00:00<00:06, 17.58it/s]
Epoch 23/50 [Val]:   4%|▎         | 4/113 [00:00<00:06, 17.72it/s]
Epoch 23/50 [Val]:   5%|▌         | 6/113 [00:00<00:06, 17.56it/s]
Epoch 23/50 [Val]:   7%|▋         | 8/113 [00:00<00:05, 17.83it/s]
Epoch 23/50 [Val]:   9%|▉         | 10/113 [00:00<00:05, 18.45it/s]
Epoch 23/50 [Val]:  11%|█         | 12/113 [00:00<00:05, 18.30it/s]
Epoch 23/50 [Val]:  12%|█▏        | 14/113 [00:00<00:05, 18.12it/s]
Epoch 23/50 [Val]:  14%|█▍        | 16/113 [00:00<00:05, 17.24it/s]
Epoch 23/50 [Val]:  16%|█▌        | 18/113 [00:01<00:05, 16.85it/s]
Epoch 23/50 [Val]:  18%|█▊        | 20/113 [00:01<00:05, 16.41it/s]
Epoch 23/50 [Val]:  19%|█▉        | 22/113 [00:01<00:05, 16.16it/s]
Epoch 23/50 [Val]:  21%|██        | 24/113 [00:01<00:05, 15.93it/s]
Epoch 23/50 [Val]:  23%|██▎       | 26/113 [00:01<00:05, 16.23it/s]
Epoch 23/50 [Val]:  25%|██▍       | 28/113 [00:01<00:05, 16.45it/s]
Epoch 23/50 [Val]:  27%|██▋       | 30/113 [00:01<00:04, 16.80it/s]
Epoch 23/50 [Val]:  28%|██▊       | 32/113 [00:01<00:04, 17.02it/s]
Epoch 23/50 [Val]:  30%|███       | 34/113 [00:01<00:04, 17.12it/s]
Epoch 23/50 [Val]:  32%|███▏      | 36/113 [00:02<00:04, 17.61it/s]
Epoch 23/50 [Val]:  34%|███▎      | 38/113 [00:02<00:04, 17.89it/s]
Epoch 23/50 [Val]:  35%|███▌      | 40/113 [00:02<00:04, 18.09it/s]
Epoch 23/50 [Val]:  37%|███▋      | 42/113 [00:02<00:03, 18.09it/s]
Epoch 23/50 [Val]:  39%|███▉      | 44/113 [00:02<00:03, 17.82it/s]
Epoch 23/50 [Val]:  41%|████      | 46/113 [00:02<00:03, 17.48it/s]
Epoch 23/50 [Val]:  42%|████▏     | 48/113 [00:02<00:03, 17.52it/s]
Epoch 23/50 [Val]:  44%|████▍     | 50/113 [00:02<00:03, 17.76it/s]
Epoch 23/50 [Val]:  46%|████▌     | 52/113 [00:02<00:03, 18.05it/s]
Epoch 23/50 [Val]:  48%|████▊     | 54/113 [00:03<00:03, 18.25it/s]
Epoch 23/50 [Val]:  50%|████▉     | 56/113 [00:03<00:03, 18.23it/s]
Epoch 23/50 [Val]:  51%|█████▏    | 58/113 [00:03<00:03, 17.52it/s]
Epoch 23/50 [Val]:  53%|█████▎    | 60/113 [00:03<00:02, 17.90it/s]
Epoch 23/50 [Val]:  55%|█████▍    | 62/113 [00:03<00:02, 17.92it/s]
Epoch 23/50 [Val]:  57%|█████▋    | 64/113 [00:03<00:02, 17.94it/s]
Epoch 23/50 [Val]:  58%|█████▊    | 66/113 [00:03<00:02, 17.60it/s]
Epoch 23/50 [Val]:  60%|██████    | 68/113 [00:03<00:02, 17.40it/s]
Epoch 23/50 [Val]:  62%|██████▏   | 70/113 [00:04<00:02, 17.67it/s]
Epoch 23/50 [Val]:  64%|██████▎   | 72/113 [00:04<00:02, 17.87it/s]
Epoch 23/50 [Val]:  65%|██████▌   | 74/113 [00:04<00:02, 18.03it/s]
Epoch 23/50 [Val]:  67%|██████▋   | 76/113 [00:04<00:02, 18.20it/s]
Epoch 23/50 [Val]:  69%|██████▉   | 78/113 [00:04<00:01, 18.12it/s]
Epoch 23/50 [Val]:  71%|███████   | 80/113 [00:04<00:01, 17.90it/s]
Epoch 23/50 [Val]:  73%|███████▎  | 82/113 [00:04<00:01, 17.53it/s]
Epoch 23/50 [Val]:  74%|███████▍  | 84/113 [00:04<00:01, 17.71it/s]
Epoch 23/50 [Val]:  76%|███████▌  | 86/113 [00:04<00:01, 17.76it/s]
Epoch 23/50 [Val]:  78%|███████▊  | 88/113 [00:05<00:01, 17.67it/s]
Epoch 23/50 [Val]:  80%|███████▉  | 90/113 [00:05<00:01, 17.98it/s]
Epoch 23/50 [Val]:  81%|████████▏ | 92/113 [00:05<00:01, 18.17it/s]
Epoch 23/50 [Val]:  83%|████████▎ | 94/113 [00:05<00:01, 18.50it/s]
Epoch 23/50 [Val]:  85%|████████▍ | 96/113 [00:05<00:00, 18.74it/s]
Epoch 23/50 [Val]:  87%|████████▋ | 98/113 [00:05<00:00, 18.83it/s]
Epoch 23/50 [Val]:  88%|████████▊ | 100/113 [00:05<00:00, 18.20it/s]
Epoch 23/50 [Val]:  90%|█████████ | 102/113 [00:05<00:00, 17.88it/s]
Epoch 23/50 [Val]:  92%|█████████▏| 104/113 [00:05<00:00, 18.19it/s]
Epoch 23/50 [Val]:  94%|█████████▍| 106/113 [00:05<00:00, 18.26it/s]
Epoch 23/50 [Val]:  96%|█████████▌| 108/113 [00:06<00:00, 18.49it/s]
Epoch 23/50 [Val]:  97%|█████████▋| 110/113 [00:06<00:00, 18.65it/s]
Epoch 23/50 [Val]:  99%|█████████▉| 112/113 [00:06<00:00, 18.68it/s]
                                                                    

Epoch 24/50 [Train]:   0%|          | 0/459 [00:00<?, ?it/s]
Epoch 24/50 [Train]:   1%|          | 3/459 [00:00<00:19, 22.81it/s]
Epoch 24/50 [Train]:   1%|▏         | 6/459 [00:00<00:19, 23.39it/s]
Epoch 24/50 [Train]:   2%|▏         | 9/459 [00:00<00:19, 23.56it/s]
Epoch 24/50 [Train]:   3%|▎         | 12/459 [00:00<00:18, 23.80it/s]
Epoch 24/50 [Train]:   3%|▎         | 15/459 [00:00<00:18, 23.78it/s]
Epoch 24/50 [Train]:   4%|▍         | 18/459 [00:00<00:18, 23.68it/s]
Epoch 24/50 [Train]:   5%|▍         | 21/459 [00:00<00:18, 23.95it/s]
Epoch 24/50 [Train]:   5%|▌         | 24/459 [00:01<00:18, 23.99it/s]
Epoch 24/50 [Train]:   6%|▌         | 27/459 [00:01<00:18, 23.79it/s]
Epoch 24/50 [Train]:   7%|▋         | 30/459 [00:01<00:17, 23.84it/s]
Epoch 24/50 [Train]:   7%|▋         | 33/459 [00:01<00:17, 23.75it/s]
Epoch 24/50 [Train]:   8%|▊         | 36/459 [00:01<00:17, 23.77it/s]
Epoch 24/50 [Train]:   8%|▊         | 39/459 [00:01<00:17, 23.52it/s]
Epoch 24/50 [Train]:   9%|▉         | 42/459 [00:01<00:17, 23.68it/s]
Epoch 24/50 [Train]:  10%|▉         | 45/459 [00:01<00:17, 23.66it/s]
Epoch 24/50 [Train]:  10%|█         | 48/459 [00:02<00:17, 23.84it/s]
Epoch 24/50 [Train]:  11%|█         | 51/459 [00:02<00:17, 23.92it/s]
Epoch 24/50 [Train]:  12%|█▏        | 54/459 [00:02<00:16, 23.94it/s]
Epoch 24/50 [Train]:  12%|█▏        | 57/459 [00:02<00:16, 23.80it/s]
Epoch 24/50 [Train]:  13%|█▎        | 60/459 [00:02<00:16, 23.72it/s]
Epoch 24/50 [Train]:  14%|█▎        | 63/459 [00:02<00:16, 23.68it/s]
Epoch 24/50 [Train]:  14%|█▍        | 66/459 [00:02<00:16, 23.83it/s]
Epoch 24/50 [Train]:  15%|█▌        | 69/459 [00:02<00:16, 23.79it/s]
Epoch 24/50 [Train]:  16%|█▌        | 72/459 [00:03<00:16, 23.94it/s]
Epoch 24/50 [Train]:  16%|█▋        | 75/459 [00:03<00:16, 23.93it/s]
Epoch 24/50 [Train]:  17%|█▋        | 78/459 [00:03<00:15, 23.98it/s]
Epoch 24/50 [Train]:  18%|█▊        | 81/459 [00:03<00:15, 23.77it/s]
Epoch 24/50 [Train]:  18%|█▊        | 84/459 [00:03<00:15, 23.83it/s]
Epoch 24/50 [Train]:  19%|█▉        | 87/459 [00:03<00:15, 23.77it/s]
Epoch 24/50 [Train]:  20%|█▉        | 90/459 [00:03<00:15, 23.84it/s]
Epoch 24/50 [Train]:  20%|██        | 93/459 [00:03<00:15, 23.95it/s]
Epoch 24/50 [Train]:  21%|██        | 96/459 [00:04<00:15, 23.96it/s]
Epoch 24/50 [Train]:  22%|██▏       | 99/459 [00:04<00:15, 23.89it/s]
Epoch 24/50 [Train]:  22%|██▏       | 102/459 [00:04<00:14, 23.86it/s]
Epoch 24/50 [Train]:  23%|██▎       | 105/459 [00:04<00:14, 23.83it/s]
Epoch 24/50 [Train]:  24%|██▎       | 108/459 [00:04<00:14, 23.43it/s]
Epoch 24/50 [Train]:  24%|██▍       | 111/459 [00:04<00:14, 23.51it/s]
Epoch 24/50 [Train]:  25%|██▍       | 114/459 [00:04<00:14, 23.68it/s]
Epoch 24/50 [Train]:  25%|██▌       | 117/459 [00:04<00:14, 23.80it/s]
Epoch 24/50 [Train]:  26%|██▌       | 120/459 [00:05<00:14, 23.89it/s]
Epoch 24/50 [Train]:  27%|██▋       | 123/459 [00:05<00:14, 23.89it/s]
Epoch 24/50 [Train]:  27%|██▋       | 126/459 [00:05<00:13, 23.88it/s]
Epoch 24/50 [Train]:  28%|██▊       | 129/459 [00:05<00:13, 23.89it/s]
Epoch 24/50 [Train]:  29%|██▉       | 132/459 [00:05<00:13, 23.72it/s]
Epoch 24/50 [Train]:  29%|██▉       | 135/459 [00:05<00:13, 23.89it/s]
Epoch 24/50 [Train]:  30%|███       | 138/459 [00:05<00:13, 23.86it/s]
Epoch 24/50 [Train]:  31%|███       | 141/459 [00:05<00:13, 23.80it/s]
Epoch 24/50 [Train]:  31%|███▏      | 144/459 [00:06<00:13, 23.91it/s]
Epoch 24/50 [Train]:  32%|███▏      | 147/459 [00:06<00:13, 23.70it/s]
Epoch 24/50 [Train]:  33%|███▎      | 150/459 [00:06<00:13, 23.55it/s]
Epoch 24/50 [Train]:  33%|███▎      | 153/459 [00:06<00:12, 23.71it/s]
Epoch 24/50 [Train]:  34%|███▍      | 156/459 [00:06<00:12, 23.62it/s]
Epoch 24/50 [Train]:  35%|███▍      | 159/459 [00:06<00:12, 23.77it/s]
Epoch 24/50 [Train]:  35%|███▌      | 162/459 [00:06<00:12, 23.67it/s]
Epoch 24/50 [Train]:  36%|███▌      | 165/459 [00:06<00:12, 23.60it/s]
Epoch 24/50 [Train]:  37%|███▋      | 168/459 [00:07<00:12, 23.66it/s]
Epoch 24/50 [Train]:  37%|███▋      | 171/459 [00:07<00:12, 23.59it/s]
Epoch 24/50 [Train]:  38%|███▊      | 174/459 [00:07<00:12, 23.52it/s]
Epoch 24/50 [Train]:  39%|███▊      | 177/459 [00:07<00:11, 23.67it/s]
Epoch 24/50 [Train]:  39%|███▉      | 180/459 [00:07<00:12, 23.20it/s]
Epoch 24/50 [Train]:  40%|███▉      | 183/459 [00:07<00:12, 22.95it/s]
Epoch 24/50 [Train]:  41%|████      | 186/459 [00:07<00:12, 22.62it/s]
Epoch 24/50 [Train]:  41%|████      | 189/459 [00:07<00:11, 22.90it/s]
Epoch 24/50 [Train]:  42%|████▏     | 192/459 [00:08<00:11, 22.67it/s]
Epoch 24/50 [Train]:  42%|████▏     | 195/459 [00:08<00:11, 22.63it/s]
Epoch 24/50 [Train]:  43%|████▎     | 198/459 [00:08<00:11, 22.36it/s]
Epoch 24/50 [Train]:  44%|████▍     | 201/459 [00:08<00:11, 22.46it/s]
Epoch 24/50 [Train]:  44%|████▍     | 204/459 [00:08<00:11, 22.33it/s]
Epoch 24/50 [Train]:  45%|████▌     | 207/459 [00:08<00:11, 21.90it/s]
Epoch 24/50 [Train]:  46%|████▌     | 210/459 [00:08<00:11, 21.70it/s]
Epoch 24/50 [Train]:  46%|████▋     | 213/459 [00:09<00:11, 21.43it/s]
Epoch 24/50 [Train]:  47%|████▋     | 216/459 [00:09<00:11, 21.81it/s]
Epoch 24/50 [Train]:  48%|████▊     | 219/459 [00:09<00:11, 21.80it/s]
Epoch 24/50 [Train]:  48%|████▊     | 222/459 [00:09<00:10, 22.27it/s]
Epoch 24/50 [Train]:  49%|████▉     | 225/459 [00:09<00:10, 22.48it/s]
Epoch 24/50 [Train]:  50%|████▉     | 228/459 [00:09<00:10, 22.35it/s]
Epoch 24/50 [Train]:  50%|█████     | 231/459 [00:09<00:09, 22.84it/s]
Epoch 24/50 [Train]:  51%|█████     | 234/459 [00:09<00:09, 23.25it/s]
Epoch 24/50 [Train]:  52%|█████▏    | 237/459 [00:10<00:09, 23.50it/s]
Epoch 24/50 [Train]:  52%|█████▏    | 240/459 [00:10<00:09, 23.70it/s]
Epoch 24/50 [Train]:  53%|█████▎    | 243/459 [00:10<00:09, 23.70it/s]
Epoch 24/50 [Train]:  54%|█████▎    | 246/459 [00:10<00:08, 23.79it/s]
Epoch 24/50 [Train]:  54%|█████▍    | 249/459 [00:10<00:08, 23.99it/s]
Epoch 24/50 [Train]:  55%|█████▍    | 252/459 [00:10<00:08, 23.85it/s]
Epoch 24/50 [Train]:  56%|█████▌    | 255/459 [00:10<00:08, 23.48it/s]
Epoch 24/50 [Train]:  56%|█████▌    | 258/459 [00:11<00:08, 23.71it/s]
Epoch 24/50 [Train]:  57%|█████▋    | 261/459 [00:11<00:08, 23.83it/s]
Epoch 24/50 [Train]:  58%|█████▊    | 264/459 [00:11<00:08, 23.92it/s]
Epoch 24/50 [Train]:  58%|█████▊    | 267/459 [00:11<00:08, 23.94it/s]
Epoch 24/50 [Train]:  59%|█████▉    | 270/459 [00:11<00:07, 24.07it/s]
Epoch 24/50 [Train]:  59%|█████▉    | 273/459 [00:11<00:07, 23.59it/s]
Epoch 24/50 [Train]:  60%|██████    | 276/459 [00:11<00:07, 23.22it/s]
Epoch 24/50 [Train]:  61%|██████    | 279/459 [00:11<00:07, 22.98it/s]
Epoch 24/50 [Train]:  61%|██████▏   | 282/459 [00:12<00:07, 23.22it/s]
Epoch 24/50 [Train]:  62%|██████▏   | 285/459 [00:12<00:07, 23.31it/s]
Epoch 24/50 [Train]:  63%|██████▎   | 288/459 [00:12<00:07, 23.68it/s]
Epoch 24/50 [Train]:  63%|██████▎   | 291/459 [00:12<00:07, 23.81it/s]
Epoch 24/50 [Train]:  64%|██████▍   | 294/459 [00:12<00:06, 23.81it/s]
Epoch 24/50 [Train]:  65%|██████▍   | 297/459 [00:12<00:06, 23.83it/s]
Epoch 24/50 [Train]:  65%|██████▌   | 300/459 [00:12<00:06, 23.94it/s]
Epoch 24/50 [Train]:  66%|██████▌   | 303/459 [00:12<00:06, 23.98it/s]
Epoch 24/50 [Train]:  67%|██████▋   | 306/459 [00:13<00:06, 23.99it/s]
Epoch 24/50 [Train]:  67%|██████▋   | 309/459 [00:13<00:06, 24.08it/s]
Epoch 24/50 [Train]:  68%|██████▊   | 312/459 [00:13<00:06, 24.05it/s]
Epoch 24/50 [Train]:  69%|██████▊   | 315/459 [00:13<00:06, 23.98it/s]
Epoch 24/50 [Train]:  69%|██████▉   | 318/459 [00:13<00:05, 24.06it/s]
Epoch 24/50 [Train]:  70%|██████▉   | 321/459 [00:13<00:05, 24.04it/s]
Epoch 24/50 [Train]:  71%|███████   | 324/459 [00:13<00:05, 23.63it/s]
Epoch 24/50 [Train]:  71%|███████   | 327/459 [00:13<00:05, 23.60it/s]
Epoch 24/50 [Train]:  72%|███████▏  | 330/459 [00:14<00:05, 23.66it/s]
Epoch 24/50 [Train]:  73%|███████▎  | 333/459 [00:14<00:05, 23.78it/s]
Epoch 24/50 [Train]:  73%|███████▎  | 336/459 [00:14<00:05, 23.74it/s]
Epoch 24/50 [Train]:  74%|███████▍  | 339/459 [00:14<00:05, 23.82it/s]
Epoch 24/50 [Train]:  75%|███████▍  | 342/459 [00:14<00:04, 23.89it/s]
Epoch 24/50 [Train]:  75%|███████▌  | 345/459 [00:14<00:04, 23.93it/s]
Epoch 24/50 [Train]:  76%|███████▌  | 348/459 [00:14<00:04, 23.95it/s]
Epoch 24/50 [Train]:  76%|███████▋  | 351/459 [00:14<00:04, 24.05it/s]
Epoch 24/50 [Train]:  77%|███████▋  | 354/459 [00:15<00:04, 23.85it/s]
Epoch 24/50 [Train]:  78%|███████▊  | 357/459 [00:15<00:04, 24.00it/s]
Epoch 24/50 [Train]:  78%|███████▊  | 360/459 [00:15<00:04, 24.06it/s]
Epoch 24/50 [Train]:  79%|███████▉  | 363/459 [00:15<00:03, 24.03it/s]
Epoch 24/50 [Train]:  80%|███████▉  | 366/459 [00:15<00:03, 23.85it/s]
Epoch 24/50 [Train]:  80%|████████  | 369/459 [00:15<00:03, 24.04it/s]
Epoch 24/50 [Train]:  81%|████████  | 372/459 [00:15<00:03, 23.91it/s]
Epoch 24/50 [Train]:  82%|████████▏ | 375/459 [00:15<00:03, 23.85it/s]
Epoch 24/50 [Train]:  82%|████████▏ | 378/459 [00:16<00:03, 23.89it/s]
Epoch 24/50 [Train]:  83%|████████▎ | 381/459 [00:16<00:03, 23.83it/s]
Epoch 24/50 [Train]:  84%|████████▎ | 384/459 [00:16<00:03, 23.76it/s]
Epoch 24/50 [Train]:  84%|████████▍ | 387/459 [00:16<00:03, 23.90it/s]
Epoch 24/50 [Train]:  85%|████████▍ | 390/459 [00:16<00:02, 23.81it/s]
Epoch 24/50 [Train]:  86%|████████▌ | 393/459 [00:16<00:02, 23.80it/s]
Epoch 24/50 [Train]:  86%|████████▋ | 396/459 [00:16<00:02, 23.72it/s]
Epoch 24/50 [Train]:  87%|████████▋ | 399/459 [00:16<00:02, 23.72it/s]
Epoch 24/50 [Train]:  88%|████████▊ | 402/459 [00:17<00:02, 23.74it/s]
Epoch 24/50 [Train]:  88%|████████▊ | 405/459 [00:17<00:02, 23.62it/s]
Epoch 24/50 [Train]:  89%|████████▉ | 408/459 [00:17<00:02, 23.47it/s]
Epoch 24/50 [Train]:  90%|████████▉ | 411/459 [00:17<00:02, 23.51it/s]
Epoch 24/50 [Train]:  90%|█████████ | 414/459 [00:17<00:01, 23.85it/s]
Epoch 24/50 [Train]:  91%|█████████ | 417/459 [00:17<00:01, 23.91it/s]
Epoch 24/50 [Train]:  92%|█████████▏| 420/459 [00:17<00:01, 23.87it/s]
Epoch 24/50 [Train]:  92%|█████████▏| 423/459 [00:17<00:01, 23.94it/s]
Epoch 24/50 [Train]:  93%|█████████▎| 426/459 [00:18<00:01, 23.60it/s]
Epoch 24/50 [Train]:  93%|█████████▎| 429/459 [00:18<00:01, 23.66it/s]
Epoch 24/50 [Train]:  94%|█████████▍| 432/459 [00:18<00:01, 23.48it/s]
Epoch 24/50 [Train]:  95%|█████████▍| 435/459 [00:18<00:01, 23.71it/s]
Epoch 24/50 [Train]:  95%|█████████▌| 438/459 [00:18<00:00, 23.83it/s]
Epoch 24/50 [Train]:  96%|█████████▌| 441/459 [00:18<00:00, 24.01it/s]
Epoch 24/50 [Train]:  97%|█████████▋| 444/459 [00:18<00:00, 23.96it/s]
Epoch 24/50 [Train]:  97%|█████████▋| 447/459 [00:18<00:00, 23.69it/s]
Epoch 24/50 [Train]:  98%|█████████▊| 450/459 [00:19<00:00, 23.87it/s]
Epoch 24/50 [Train]:  99%|█████████▊| 453/459 [00:19<00:00, 23.80it/s]
Epoch 24/50 [Train]:  99%|█████████▉| 456/459 [00:19<00:00, 23.78it/s]
Epoch 24/50 [Train]: 100%|██████████| 459/459 [00:19<00:00, 24.01it/s]
                                                                      

Epoch 24/50 [Val]:   0%|          | 0/113 [00:00<?, ?it/s]
Epoch 24/50 [Val]:   2%|▏         | 2/113 [00:00<00:06, 17.68it/s]
Epoch 24/50 [Val]:   4%|▎         | 4/113 [00:00<00:06, 17.74it/s]
Epoch 24/50 [Val]:   5%|▌         | 6/113 [00:00<00:06, 17.78it/s]
Epoch 24/50 [Val]:   7%|▋         | 8/113 [00:00<00:05, 17.94it/s]
Epoch 24/50 [Val]:   9%|▉         | 10/113 [00:00<00:05, 18.32it/s]
Epoch 24/50 [Val]:  11%|█         | 12/113 [00:00<00:05, 18.36it/s]
Epoch 24/50 [Val]:  12%|█▏        | 14/113 [00:00<00:05, 18.19it/s]
Epoch 24/50 [Val]:  14%|█▍        | 16/113 [00:00<00:05, 17.28it/s]
Epoch 24/50 [Val]:  16%|█▌        | 18/113 [00:01<00:05, 16.92it/s]
Epoch 24/50 [Val]:  18%|█▊        | 20/113 [00:01<00:05, 16.52it/s]
Epoch 24/50 [Val]:  19%|█▉        | 22/113 [00:01<00:05, 16.31it/s]
Epoch 24/50 [Val]:  21%|██        | 24/113 [00:01<00:05, 16.30it/s]
Epoch 24/50 [Val]:  23%|██▎       | 26/113 [00:01<00:05, 16.55it/s]
Epoch 24/50 [Val]:  25%|██▍       | 28/113 [00:01<00:05, 16.73it/s]
Epoch 24/50 [Val]:  27%|██▋       | 30/113 [00:01<00:04, 16.95it/s]
Epoch 24/50 [Val]:  28%|██▊       | 32/113 [00:01<00:04, 17.07it/s]
Epoch 24/50 [Val]:  30%|███       | 34/113 [00:01<00:04, 17.28it/s]
Epoch 24/50 [Val]:  32%|███▏      | 36/113 [00:02<00:04, 17.72it/s]
Epoch 24/50 [Val]:  34%|███▎      | 38/113 [00:02<00:04, 17.90it/s]
Epoch 24/50 [Val]:  35%|███▌      | 40/113 [00:02<00:04, 18.03it/s]
Epoch 24/50 [Val]:  37%|███▋      | 42/113 [00:02<00:03, 18.19it/s]
Epoch 24/50 [Val]:  39%|███▉      | 44/113 [00:02<00:03, 18.07it/s]
Epoch 24/50 [Val]:  41%|████      | 46/113 [00:02<00:03, 17.71it/s]
Epoch 24/50 [Val]:  42%|████▏     | 48/113 [00:02<00:03, 17.76it/s]
Epoch 24/50 [Val]:  44%|████▍     | 50/113 [00:02<00:03, 17.90it/s]
Epoch 24/50 [Val]:  46%|████▌     | 52/113 [00:02<00:03, 18.19it/s]
Epoch 24/50 [Val]:  48%|████▊     | 54/113 [00:03<00:03, 18.41it/s]
Epoch 24/50 [Val]:  50%|████▉     | 56/113 [00:03<00:03, 18.31it/s]
Epoch 24/50 [Val]:  51%|█████▏    | 58/113 [00:03<00:03, 17.55it/s]
Epoch 24/50 [Val]:  53%|█████▎    | 60/113 [00:03<00:02, 17.99it/s]
Epoch 24/50 [Val]:  55%|█████▍    | 62/113 [00:03<00:02, 17.90it/s]
Epoch 24/50 [Val]:  57%|█████▋    | 64/113 [00:03<00:02, 18.03it/s]
Epoch 24/50 [Val]:  58%|█████▊    | 66/113 [00:03<00:02, 17.60it/s]
Epoch 24/50 [Val]:  60%|██████    | 68/113 [00:03<00:02, 17.30it/s]
Epoch 24/50 [Val]:  62%|██████▏   | 70/113 [00:03<00:02, 17.52it/s]
Epoch 24/50 [Val]:  64%|██████▎   | 72/113 [00:04<00:02, 17.86it/s]
Epoch 24/50 [Val]:  65%|██████▌   | 74/113 [00:04<00:02, 17.97it/s]
Epoch 24/50 [Val]:  67%|██████▋   | 76/113 [00:04<00:02, 18.05it/s]
Epoch 24/50 [Val]:  69%|██████▉   | 78/113 [00:04<00:01, 18.01it/s]
Epoch 24/50 [Val]:  71%|███████   | 80/113 [00:04<00:01, 18.11it/s]
Epoch 24/50 [Val]:  73%|███████▎  | 82/113 [00:04<00:01, 18.03it/s]
Epoch 24/50 [Val]:  74%|███████▍  | 84/113 [00:04<00:01, 17.93it/s]
Epoch 24/50 [Val]:  76%|███████▌  | 86/113 [00:04<00:01, 17.88it/s]
Epoch 24/50 [Val]:  78%|███████▊  | 88/113 [00:04<00:01, 17.66it/s]
Epoch 24/50 [Val]:  80%|███████▉  | 90/113 [00:05<00:01, 17.98it/s]
Epoch 24/50 [Val]:  81%|████████▏ | 92/113 [00:05<00:01, 18.13it/s]
Epoch 24/50 [Val]:  83%|████████▎ | 94/113 [00:05<00:01, 18.35it/s]
Epoch 24/50 [Val]:  85%|████████▍ | 96/113 [00:05<00:00, 18.60it/s]
Epoch 24/50 [Val]:  87%|████████▋ | 98/113 [00:05<00:00, 18.71it/s]
Epoch 24/50 [Val]:  88%|████████▊ | 100/113 [00:05<00:00, 18.36it/s]
Epoch 24/50 [Val]:  90%|█████████ | 102/113 [00:05<00:00, 17.91it/s]
Epoch 24/50 [Val]:  92%|█████████▏| 104/113 [00:05<00:00, 18.20it/s]
Epoch 24/50 [Val]:  94%|█████████▍| 106/113 [00:05<00:00, 18.34it/s]
Epoch 24/50 [Val]:  96%|█████████▌| 108/113 [00:06<00:00, 18.68it/s]
Epoch 24/50 [Val]:  97%|█████████▋| 110/113 [00:06<00:00, 18.78it/s]
Epoch 24/50 [Val]:  99%|█████████▉| 112/113 [00:06<00:00, 18.65it/s]
                                                                    

Epoch 25/50 [Train]:   0%|          | 0/459 [00:00<?, ?it/s]
Epoch 25/50 [Train]:   1%|          | 3/459 [00:00<00:20, 22.64it/s]
Epoch 25/50 [Train]:   1%|▏         | 6/459 [00:00<00:19, 22.82it/s]
Epoch 25/50 [Train]:   2%|▏         | 9/459 [00:00<00:19, 22.95it/s]
Epoch 25/50 [Train]:   3%|▎         | 12/459 [00:00<00:19, 23.02it/s]
Epoch 25/50 [Train]:   3%|▎         | 15/459 [00:00<00:19, 22.95it/s]
Epoch 25/50 [Train]:   4%|▍         | 18/459 [00:00<00:18, 23.30it/s]
Epoch 25/50 [Train]:   5%|▍         | 21/459 [00:00<00:18, 23.73it/s]
Epoch 25/50 [Train]:   5%|▌         | 24/459 [00:01<00:18, 23.52it/s]
Epoch 25/50 [Train]:   6%|▌         | 27/459 [00:01<00:18, 23.68it/s]
Epoch 25/50 [Train]:   7%|▋         | 30/459 [00:01<00:18, 23.68it/s]
Epoch 25/50 [Train]:   7%|▋         | 33/459 [00:01<00:17, 23.81it/s]
Epoch 25/50 [Train]:   8%|▊         | 36/459 [00:01<00:17, 23.81it/s]
Epoch 25/50 [Train]:   8%|▊         | 39/459 [00:01<00:17, 23.91it/s]
Epoch 25/50 [Train]:   9%|▉         | 42/459 [00:01<00:17, 23.99it/s]
Epoch 25/50 [Train]:  10%|▉         | 45/459 [00:01<00:17, 24.07it/s]
Epoch 25/50 [Train]:  10%|█         | 48/459 [00:02<00:17, 24.17it/s]
Epoch 25/50 [Train]:  11%|█         | 51/459 [00:02<00:16, 24.06it/s]
Epoch 25/50 [Train]:  12%|█▏        | 54/459 [00:02<00:16, 24.03it/s]
Epoch 25/50 [Train]:  12%|█▏        | 57/459 [00:02<00:16, 24.03it/s]
Epoch 25/50 [Train]:  13%|█▎        | 60/459 [00:02<00:16, 24.02it/s]
Epoch 25/50 [Train]:  14%|█▎        | 63/459 [00:02<00:16, 23.96it/s]
Epoch 25/50 [Train]:  14%|█▍        | 66/459 [00:02<00:16, 24.00it/s]
Epoch 25/50 [Train]:  15%|█▌        | 69/459 [00:02<00:16, 24.16it/s]
Epoch 25/50 [Train]:  16%|█▌        | 72/459 [00:03<00:16, 24.08it/s]
Epoch 25/50 [Train]:  16%|█▋        | 75/459 [00:03<00:15, 24.08it/s]
Epoch 25/50 [Train]:  17%|█▋        | 78/459 [00:03<00:15, 24.13it/s]
Epoch 25/50 [Train]:  18%|█▊        | 81/459 [00:03<00:15, 24.18it/s]
Epoch 25/50 [Train]:  18%|█▊        | 84/459 [00:03<00:15, 24.18it/s]
Epoch 25/50 [Train]:  19%|█▉        | 87/459 [00:03<00:15, 23.82it/s]
Epoch 25/50 [Train]:  20%|█▉        | 90/459 [00:03<00:15, 23.76it/s]
Epoch 25/50 [Train]:  20%|██        | 93/459 [00:03<00:15, 23.91it/s]
Epoch 25/50 [Train]:  21%|██        | 96/459 [00:04<00:15, 23.88it/s]
Epoch 25/50 [Train]:  22%|██▏       | 99/459 [00:04<00:14, 24.03it/s]
Epoch 25/50 [Train]:  22%|██▏       | 102/459 [00:04<00:14, 24.01it/s]
Epoch 25/50 [Train]:  23%|██▎       | 105/459 [00:04<00:14, 23.89it/s]
Epoch 25/50 [Train]:  24%|██▎       | 108/459 [00:04<00:14, 23.92it/s]
Epoch 25/50 [Train]:  24%|██▍       | 111/459 [00:04<00:14, 23.76it/s]
Epoch 25/50 [Train]:  25%|██▍       | 114/459 [00:04<00:14, 23.83it/s]
Epoch 25/50 [Train]:  25%|██▌       | 117/459 [00:04<00:14, 23.88it/s]
Epoch 25/50 [Train]:  26%|██▌       | 120/459 [00:05<00:14, 23.86it/s]
Epoch 25/50 [Train]:  27%|██▋       | 123/459 [00:05<00:14, 23.79it/s]
Epoch 25/50 [Train]:  27%|██▋       | 126/459 [00:05<00:13, 23.83it/s]
Epoch 25/50 [Train]:  28%|██▊       | 129/459 [00:05<00:13, 23.95it/s]
Epoch 25/50 [Train]:  29%|██▉       | 132/459 [00:05<00:13, 24.03it/s]
Epoch 25/50 [Train]:  29%|██▉       | 135/459 [00:05<00:13, 23.73it/s]
Epoch 25/50 [Train]:  30%|███       | 138/459 [00:05<00:13, 23.67it/s]
Epoch 25/50 [Train]:  31%|███       | 141/459 [00:05<00:13, 23.82it/s]
Epoch 25/50 [Train]:  31%|███▏      | 144/459 [00:06<00:13, 23.89it/s]
Epoch 25/50 [Train]:  32%|███▏      | 147/459 [00:06<00:12, 24.11it/s]
Epoch 25/50 [Train]:  33%|███▎      | 150/459 [00:06<00:12, 23.98it/s]
Epoch 25/50 [Train]:  33%|███▎      | 153/459 [00:06<00:12, 23.96it/s]
Epoch 25/50 [Train]:  34%|███▍      | 156/459 [00:06<00:12, 23.97it/s]
Epoch 25/50 [Train]:  35%|███▍      | 159/459 [00:06<00:12, 23.94it/s]
Epoch 25/50 [Train]:  35%|███▌      | 162/459 [00:06<00:12, 23.76it/s]
Epoch 25/50 [Train]:  36%|███▌      | 165/459 [00:06<00:12, 23.83it/s]
Epoch 25/50 [Train]:  37%|███▋      | 168/459 [00:07<00:12, 23.94it/s]
Epoch 25/50 [Train]:  37%|███▋      | 171/459 [00:07<00:12, 23.81it/s]
Epoch 25/50 [Train]:  38%|███▊      | 174/459 [00:07<00:12, 23.73it/s]
Epoch 25/50 [Train]:  39%|███▊      | 177/459 [00:07<00:11, 23.89it/s]
Epoch 25/50 [Train]:  39%|███▉      | 180/459 [00:07<00:11, 24.04it/s]
Epoch 25/50 [Train]:  40%|███▉      | 183/459 [00:07<00:11, 23.98it/s]
Epoch 25/50 [Train]:  41%|████      | 186/459 [00:07<00:11, 23.59it/s]
Epoch 25/50 [Train]:  41%|████      | 189/459 [00:07<00:11, 23.79it/s]
Epoch 25/50 [Train]:  42%|████▏     | 192/459 [00:08<00:11, 23.74it/s]
Epoch 25/50 [Train]:  42%|████▏     | 195/459 [00:08<00:11, 23.88it/s]
Epoch 25/50 [Train]:  43%|████▎     | 198/459 [00:08<00:10, 23.99it/s]
Epoch 25/50 [Train]:  44%|████▍     | 201/459 [00:08<00:10, 23.90it/s]
Epoch 25/50 [Train]:  44%|████▍     | 204/459 [00:08<00:10, 23.62it/s]
Epoch 25/50 [Train]:  45%|████▌     | 207/459 [00:08<00:10, 23.67it/s]
Epoch 25/50 [Train]:  46%|████▌     | 210/459 [00:08<00:10, 23.79it/s]
Epoch 25/50 [Train]:  46%|████▋     | 213/459 [00:08<00:10, 24.03it/s]
Epoch 25/50 [Train]:  47%|████▋     | 216/459 [00:09<00:10, 24.13it/s]
Epoch 25/50 [Train]:  48%|████▊     | 219/459 [00:09<00:10, 23.94it/s]
Epoch 25/50 [Train]:  48%|████▊     | 222/459 [00:09<00:09, 24.07it/s]
Epoch 25/50 [Train]:  49%|████▉     | 225/459 [00:09<00:09, 24.14it/s]
Epoch 25/50 [Train]:  50%|████▉     | 228/459 [00:09<00:09, 24.15it/s]
Epoch 25/50 [Train]:  50%|█████     | 231/459 [00:09<00:09, 24.13it/s]
Epoch 25/50 [Train]:  51%|█████     | 234/459 [00:09<00:09, 24.19it/s]
Epoch 25/50 [Train]:  52%|█████▏    | 237/459 [00:09<00:09, 24.08it/s]
Epoch 25/50 [Train]:  52%|█████▏    | 240/459 [00:10<00:09, 23.94it/s]
Epoch 25/50 [Train]:  53%|█████▎    | 243/459 [00:10<00:08, 24.16it/s]
Epoch 25/50 [Train]:  54%|█████▎    | 246/459 [00:10<00:08, 24.16it/s]
Epoch 25/50 [Train]:  54%|█████▍    | 249/459 [00:10<00:08, 24.04it/s]
Epoch 25/50 [Train]:  55%|█████▍    | 252/459 [00:10<00:08, 24.11it/s]
Epoch 25/50 [Train]:  56%|█████▌    | 255/459 [00:10<00:08, 24.10it/s]
Epoch 25/50 [Train]:  56%|█████▌    | 258/459 [00:10<00:08, 23.87it/s]
Epoch 25/50 [Train]:  57%|█████▋    | 261/459 [00:10<00:08, 23.88it/s]
Epoch 25/50 [Train]:  58%|█████▊    | 264/459 [00:11<00:08, 23.97it/s]
Epoch 25/50 [Train]:  58%|█████▊    | 267/459 [00:11<00:08, 23.83it/s]
Epoch 25/50 [Train]:  59%|█████▉    | 270/459 [00:11<00:07, 23.93it/s]
Epoch 25/50 [Train]:  59%|█████▉    | 273/459 [00:11<00:07, 23.98it/s]
Epoch 25/50 [Train]:  60%|██████    | 276/459 [00:11<00:07, 24.07it/s]
Epoch 25/50 [Train]:  61%|██████    | 279/459 [00:11<00:07, 24.05it/s]
Epoch 25/50 [Train]:  61%|██████▏   | 282/459 [00:11<00:07, 24.03it/s]
Epoch 25/50 [Train]:  62%|██████▏   | 285/459 [00:11<00:07, 23.60it/s]
Epoch 25/50 [Train]:  63%|██████▎   | 288/459 [00:12<00:07, 23.65it/s]
Epoch 25/50 [Train]:  63%|██████▎   | 291/459 [00:12<00:07, 23.73it/s]
Epoch 25/50 [Train]:  64%|██████▍   | 294/459 [00:12<00:06, 23.69it/s]
Epoch 25/50 [Train]:  65%|██████▍   | 297/459 [00:12<00:06, 23.79it/s]
Epoch 25/50 [Train]:  65%|██████▌   | 300/459 [00:12<00:06, 23.72it/s]
Epoch 25/50 [Train]:  66%|██████▌   | 303/459 [00:12<00:06, 23.65it/s]
Epoch 25/50 [Train]:  67%|██████▋   | 306/459 [00:12<00:06, 23.72it/s]
Epoch 25/50 [Train]:  67%|██████▋   | 309/459 [00:12<00:06, 23.82it/s]
Epoch 25/50 [Train]:  68%|██████▊   | 312/459 [00:13<00:06, 23.81it/s]
Epoch 25/50 [Train]:  69%|██████▊   | 315/459 [00:13<00:06, 23.90it/s]
Epoch 25/50 [Train]:  69%|██████▉   | 318/459 [00:13<00:05, 23.95it/s]
Epoch 25/50 [Train]:  70%|██████▉   | 321/459 [00:13<00:05, 24.02it/s]
Epoch 25/50 [Train]:  71%|███████   | 324/459 [00:13<00:05, 24.02it/s]
Epoch 25/50 [Train]:  71%|███████   | 327/459 [00:13<00:05, 23.72it/s]
Epoch 25/50 [Train]:  72%|███████▏  | 330/459 [00:13<00:05, 23.52it/s]
Epoch 25/50 [Train]:  73%|███████▎  | 333/459 [00:13<00:05, 23.77it/s]
Epoch 25/50 [Train]:  73%|███████▎  | 336/459 [00:14<00:05, 23.84it/s]
Epoch 25/50 [Train]:  74%|███████▍  | 339/459 [00:14<00:05, 23.71it/s]
Epoch 25/50 [Train]:  75%|███████▍  | 342/459 [00:14<00:04, 23.71it/s]
Epoch 25/50 [Train]:  75%|███████▌  | 345/459 [00:14<00:04, 23.82it/s]
Epoch 25/50 [Train]:  76%|███████▌  | 348/459 [00:14<00:04, 23.83it/s]
Epoch 25/50 [Train]:  76%|███████▋  | 351/459 [00:14<00:04, 23.71it/s]
Epoch 25/50 [Train]:  77%|███████▋  | 354/459 [00:14<00:04, 23.79it/s]
Epoch 25/50 [Train]:  78%|███████▊  | 357/459 [00:14<00:04, 23.82it/s]
Epoch 25/50 [Train]:  78%|███████▊  | 360/459 [00:15<00:04, 24.04it/s]
Epoch 25/50 [Train]:  79%|███████▉  | 363/459 [00:15<00:04, 23.88it/s]
Epoch 25/50 [Train]:  80%|███████▉  | 366/459 [00:15<00:03, 23.64it/s]
Epoch 25/50 [Train]:  80%|████████  | 369/459 [00:15<00:03, 23.74it/s]
Epoch 25/50 [Train]:  81%|████████  | 372/459 [00:15<00:03, 23.75it/s]
Epoch 25/50 [Train]:  82%|████████▏ | 375/459 [00:15<00:03, 23.90it/s]
Epoch 25/50 [Train]:  82%|████████▏ | 378/459 [00:15<00:03, 23.98it/s]
Epoch 25/50 [Train]:  83%|████████▎ | 381/459 [00:15<00:03, 24.07it/s]
Epoch 25/50 [Train]:  84%|████████▎ | 384/459 [00:16<00:03, 24.05it/s]
Epoch 25/50 [Train]:  84%|████████▍ | 387/459 [00:16<00:02, 24.10it/s]
Epoch 25/50 [Train]:  85%|████████▍ | 390/459 [00:16<00:02, 24.13it/s]
Epoch 25/50 [Train]:  86%|████████▌ | 393/459 [00:16<00:02, 24.26it/s]
Epoch 25/50 [Train]:  86%|████████▋ | 396/459 [00:16<00:02, 24.11it/s]
Epoch 25/50 [Train]:  87%|████████▋ | 399/459 [00:16<00:02, 24.17it/s]
Epoch 25/50 [Train]:  88%|████████▊ | 402/459 [00:16<00:02, 24.15it/s]
Epoch 25/50 [Train]:  88%|████████▊ | 405/459 [00:16<00:02, 23.99it/s]
Epoch 25/50 [Train]:  89%|████████▉ | 408/459 [00:17<00:02, 23.99it/s]
Epoch 25/50 [Train]:  90%|████████▉ | 411/459 [00:17<00:01, 24.02it/s]
Epoch 25/50 [Train]:  90%|█████████ | 414/459 [00:17<00:01, 24.13it/s]
Epoch 25/50 [Train]:  91%|█████████ | 417/459 [00:17<00:01, 24.15it/s]
Epoch 25/50 [Train]:  92%|█████████▏| 420/459 [00:17<00:01, 24.05it/s]
Epoch 25/50 [Train]:  92%|█████████▏| 423/459 [00:17<00:01, 23.97it/s]
Epoch 25/50 [Train]:  93%|█████████▎| 426/459 [00:17<00:01, 23.95it/s]
Epoch 25/50 [Train]:  93%|█████████▎| 429/459 [00:17<00:01, 24.13it/s]
Epoch 25/50 [Train]:  94%|█████████▍| 432/459 [00:18<00:01, 24.23it/s]
Epoch 25/50 [Train]:  95%|█████████▍| 435/459 [00:18<00:00, 24.30it/s]
Epoch 25/50 [Train]:  95%|█████████▌| 438/459 [00:18<00:00, 24.24it/s]
Epoch 25/50 [Train]:  96%|█████████▌| 441/459 [00:18<00:00, 24.25it/s]
Epoch 25/50 [Train]:  97%|█████████▋| 444/459 [00:18<00:00, 24.05it/s]
Epoch 25/50 [Train]:  97%|█████████▋| 447/459 [00:18<00:00, 23.95it/s]
Epoch 25/50 [Train]:  98%|█████████▊| 450/459 [00:18<00:00, 24.07it/s]
Epoch 25/50 [Train]:  99%|█████████▊| 453/459 [00:18<00:00, 24.05it/s]
Epoch 25/50 [Train]:  99%|█████████▉| 456/459 [00:19<00:00, 24.15it/s]
Epoch 25/50 [Train]: 100%|██████████| 459/459 [00:19<00:00, 23.95it/s]
                                                                      

Epoch 25/50 [Val]:   0%|          | 0/113 [00:00<?, ?it/s]
Epoch 25/50 [Val]:   2%|▏         | 2/113 [00:00<00:06, 17.77it/s]
Epoch 25/50 [Val]:   4%|▎         | 4/113 [00:00<00:05, 18.20it/s]
Epoch 25/50 [Val]:   5%|▌         | 6/113 [00:00<00:05, 17.90it/s]
Epoch 25/50 [Val]:   7%|▋         | 8/113 [00:00<00:05, 17.87it/s]
Epoch 25/50 [Val]:   9%|▉         | 10/113 [00:00<00:05, 18.36it/s]
Epoch 25/50 [Val]:  11%|█         | 12/113 [00:00<00:05, 18.39it/s]
Epoch 25/50 [Val]:  12%|█▏        | 14/113 [00:00<00:05, 18.32it/s]
Epoch 25/50 [Val]:  14%|█▍        | 16/113 [00:00<00:05, 17.37it/s]
Epoch 25/50 [Val]:  16%|█▌        | 18/113 [00:01<00:05, 16.99it/s]
Epoch 25/50 [Val]:  18%|█▊        | 20/113 [00:01<00:05, 16.56it/s]
Epoch 25/50 [Val]:  19%|█▉        | 22/113 [00:01<00:05, 16.23it/s]
Epoch 25/50 [Val]:  21%|██        | 24/113 [00:01<00:05, 15.99it/s]
Epoch 25/50 [Val]:  23%|██▎       | 26/113 [00:01<00:05, 16.25it/s]
Epoch 25/50 [Val]:  25%|██▍       | 28/113 [00:01<00:05, 16.55it/s]
Epoch 25/50 [Val]:  27%|██▋       | 30/113 [00:01<00:04, 16.89it/s]
Epoch 25/50 [Val]:  28%|██▊       | 32/113 [00:01<00:04, 16.97it/s]
Epoch 25/50 [Val]:  30%|███       | 34/113 [00:01<00:04, 17.12it/s]
Epoch 25/50 [Val]:  32%|███▏      | 36/113 [00:02<00:04, 17.57it/s]
Epoch 25/50 [Val]:  34%|███▎      | 38/113 [00:02<00:04, 18.01it/s]
Epoch 25/50 [Val]:  35%|███▌      | 40/113 [00:02<00:04, 18.10it/s]
Epoch 25/50 [Val]:  37%|███▋      | 42/113 [00:02<00:03, 17.97it/s]
Epoch 25/50 [Val]:  39%|███▉      | 44/113 [00:02<00:03, 17.85it/s]
Epoch 25/50 [Val]:  41%|████      | 46/113 [00:02<00:03, 17.61it/s]
Epoch 25/50 [Val]:  42%|████▏     | 48/113 [00:02<00:03, 17.55it/s]
Epoch 25/50 [Val]:  44%|████▍     | 50/113 [00:02<00:03, 17.80it/s]
Epoch 25/50 [Val]:  46%|████▌     | 52/113 [00:02<00:03, 18.21it/s]
Epoch 25/50 [Val]:  48%|████▊     | 54/113 [00:03<00:03, 18.47it/s]
Epoch 25/50 [Val]:  50%|████▉     | 56/113 [00:03<00:03, 18.20it/s]
Epoch 25/50 [Val]:  51%|█████▏    | 58/113 [00:03<00:03, 17.55it/s]
Epoch 25/50 [Val]:  53%|█████▎    | 60/113 [00:03<00:02, 17.79it/s]
Epoch 25/50 [Val]:  55%|█████▍    | 62/113 [00:03<00:02, 17.78it/s]
Epoch 25/50 [Val]:  57%|█████▋    | 64/113 [00:03<00:02, 17.85it/s]
Epoch 25/50 [Val]:  58%|█████▊    | 66/113 [00:03<00:02, 17.44it/s]
Epoch 25/50 [Val]:  60%|██████    | 68/113 [00:03<00:02, 17.36it/s]
Epoch 25/50 [Val]:  62%|██████▏   | 70/113 [00:03<00:02, 17.64it/s]
Epoch 25/50 [Val]:  64%|██████▎   | 72/113 [00:04<00:02, 17.92it/s]
Epoch 25/50 [Val]:  65%|██████▌   | 74/113 [00:04<00:02, 18.06it/s]
Epoch 25/50 [Val]:  67%|██████▋   | 76/113 [00:04<00:02, 18.23it/s]
Epoch 25/50 [Val]:  69%|██████▉   | 78/113 [00:04<00:01, 18.07it/s]
Epoch 25/50 [Val]:  71%|███████   | 80/113 [00:04<00:01, 17.85it/s]
Epoch 25/50 [Val]:  73%|███████▎  | 82/113 [00:04<00:01, 17.73it/s]
Epoch 25/50 [Val]:  74%|███████▍  | 84/113 [00:04<00:01, 17.84it/s]
Epoch 25/50 [Val]:  76%|███████▌  | 86/113 [00:04<00:01, 17.91it/s]
Epoch 25/50 [Val]:  78%|███████▊  | 88/113 [00:05<00:01, 17.66it/s]
Epoch 25/50 [Val]:  80%|███████▉  | 90/113 [00:05<00:01, 17.93it/s]
Epoch 25/50 [Val]:  81%|████████▏ | 92/113 [00:05<00:01, 18.20it/s]
Epoch 25/50 [Val]:  83%|████████▎ | 94/113 [00:05<00:01, 18.32it/s]
Epoch 25/50 [Val]:  85%|████████▍ | 96/113 [00:05<00:00, 18.40it/s]
Epoch 25/50 [Val]:  87%|████████▋ | 98/113 [00:05<00:00, 18.52it/s]
Epoch 25/50 [Val]:  88%|████████▊ | 100/113 [00:05<00:00, 18.13it/s]
Epoch 25/50 [Val]:  90%|█████████ | 102/113 [00:05<00:00, 17.68it/s]
Epoch 25/50 [Val]:  92%|█████████▏| 104/113 [00:05<00:00, 18.09it/s]
Epoch 25/50 [Val]:  94%|█████████▍| 106/113 [00:05<00:00, 18.16it/s]
Epoch 25/50 [Val]:  96%|█████████▌| 108/113 [00:06<00:00, 18.46it/s]
Epoch 25/50 [Val]:  97%|█████████▋| 110/113 [00:06<00:00, 18.47it/s]
Epoch 25/50 [Val]:  99%|█████████▉| 112/113 [00:06<00:00, 18.45it/s]
                                                                    

Epoch 26/50 [Train]:   0%|          | 0/459 [00:00<?, ?it/s]
Epoch 26/50 [Train]:   1%|          | 3/459 [00:00<00:21, 21.50it/s]
Epoch 26/50 [Train]:   1%|▏         | 6/459 [00:00<00:20, 22.58it/s]
Epoch 26/50 [Train]:   2%|▏         | 9/459 [00:00<00:19, 23.33it/s]
Epoch 26/50 [Train]:   3%|▎         | 12/459 [00:00<00:18, 23.66it/s]
Epoch 26/50 [Train]:   3%|▎         | 15/459 [00:00<00:18, 23.84it/s]
Epoch 26/50 [Train]:   4%|▍         | 18/459 [00:00<00:18, 23.84it/s]
Epoch 26/50 [Train]:   5%|▍         | 21/459 [00:00<00:18, 23.95it/s]
Epoch 26/50 [Train]:   5%|▌         | 24/459 [00:01<00:18, 24.05it/s]
Epoch 26/50 [Train]:   6%|▌         | 27/459 [00:01<00:18, 23.96it/s]
Epoch 26/50 [Train]:   7%|▋         | 30/459 [00:01<00:17, 24.07it/s]
Epoch 26/50 [Train]:   7%|▋         | 33/459 [00:01<00:17, 24.10it/s]
Epoch 26/50 [Train]:   8%|▊         | 36/459 [00:01<00:17, 23.68it/s]
Epoch 26/50 [Train]:   8%|▊         | 39/459 [00:01<00:17, 23.87it/s]
Epoch 26/50 [Train]:   9%|▉         | 42/459 [00:01<00:17, 23.81it/s]
Epoch 26/50 [Train]:  10%|▉         | 45/459 [00:01<00:17, 23.77it/s]
Epoch 26/50 [Train]:  10%|█         | 48/459 [00:02<00:17, 23.68it/s]
Epoch 26/50 [Train]:  11%|█         | 51/459 [00:02<00:17, 23.78it/s]
Epoch 26/50 [Train]:  12%|█▏        | 54/459 [00:02<00:16, 23.84it/s]
Epoch 26/50 [Train]:  12%|█▏        | 57/459 [00:02<00:16, 23.91it/s]
Epoch 26/50 [Train]:  13%|█▎        | 60/459 [00:02<00:16, 24.08it/s]
Epoch 26/50 [Train]:  14%|█▎        | 63/459 [00:02<00:16, 24.03it/s]
Epoch 26/50 [Train]:  14%|█▍        | 66/459 [00:02<00:16, 24.07it/s]
Epoch 26/50 [Train]:  15%|█▌        | 69/459 [00:02<00:16, 24.00it/s]
Epoch 26/50 [Train]:  16%|█▌        | 72/459 [00:03<00:16, 24.02it/s]
Epoch 26/50 [Train]:  16%|█▋        | 75/459 [00:03<00:16, 23.91it/s]
Epoch 26/50 [Train]:  17%|█▋        | 78/459 [00:03<00:15, 23.93it/s]
Epoch 26/50 [Train]:  18%|█▊        | 81/459 [00:03<00:15, 23.80it/s]
Epoch 26/50 [Train]:  18%|█▊        | 84/459 [00:03<00:15, 23.98it/s]
Epoch 26/50 [Train]:  19%|█▉        | 87/459 [00:03<00:15, 23.95it/s]
Epoch 26/50 [Train]:  20%|█▉        | 90/459 [00:03<00:15, 23.89it/s]
Epoch 26/50 [Train]:  20%|██        | 93/459 [00:03<00:15, 23.81it/s]
Epoch 26/50 [Train]:  21%|██        | 96/459 [00:04<00:15, 23.80it/s]
Epoch 26/50 [Train]:  22%|██▏       | 99/459 [00:04<00:15, 23.72it/s]
Epoch 26/50 [Train]:  22%|██▏       | 102/459 [00:04<00:14, 23.81it/s]
Epoch 26/50 [Train]:  23%|██▎       | 105/459 [00:04<00:14, 23.78it/s]
Epoch 26/50 [Train]:  24%|██▎       | 108/459 [00:04<00:14, 23.87it/s]
Epoch 26/50 [Train]:  24%|██▍       | 111/459 [00:04<00:14, 24.09it/s]
Epoch 26/50 [Train]:  25%|██▍       | 114/459 [00:04<00:14, 24.00it/s]
Epoch 26/50 [Train]:  25%|██▌       | 117/459 [00:04<00:14, 24.00it/s]
Epoch 26/50 [Train]:  26%|██▌       | 120/459 [00:05<00:14, 23.75it/s]
Epoch 26/50 [Train]:  27%|██▋       | 123/459 [00:05<00:14, 23.85it/s]
Epoch 26/50 [Train]:  27%|██▋       | 126/459 [00:05<00:13, 23.92it/s]
Epoch 26/50 [Train]:  28%|██▊       | 129/459 [00:05<00:13, 23.91it/s]
Epoch 26/50 [Train]:  29%|██▉       | 132/459 [00:05<00:13, 23.99it/s]
Epoch 26/50 [Train]:  29%|██▉       | 135/459 [00:05<00:13, 23.93it/s]
Epoch 26/50 [Train]:  30%|███       | 138/459 [00:05<00:13, 24.16it/s]
Epoch 26/50 [Train]:  31%|███       | 141/459 [00:05<00:13, 24.03it/s]
Epoch 26/50 [Train]:  31%|███▏      | 144/459 [00:06<00:13, 23.65it/s]
Epoch 26/50 [Train]:  32%|███▏      | 147/459 [00:06<00:13, 23.54it/s]
Epoch 26/50 [Train]:  33%|███▎      | 150/459 [00:06<00:13, 23.67it/s]
Epoch 26/50 [Train]:  33%|███▎      | 153/459 [00:06<00:12, 23.79it/s]
Epoch 26/50 [Train]:  34%|███▍      | 156/459 [00:06<00:12, 23.73it/s]
Epoch 26/50 [Train]:  35%|███▍      | 159/459 [00:06<00:12, 23.66it/s]
Epoch 26/50 [Train]:  35%|███▌      | 162/459 [00:06<00:12, 23.82it/s]
Epoch 26/50 [Train]:  36%|███▌      | 165/459 [00:06<00:12, 23.67it/s]
Epoch 26/50 [Train]:  37%|███▋      | 168/459 [00:07<00:12, 23.64it/s]
Epoch 26/50 [Train]:  37%|███▋      | 171/459 [00:07<00:12, 23.78it/s]
Epoch 26/50 [Train]:  38%|███▊      | 174/459 [00:07<00:12, 23.74it/s]
Epoch 26/50 [Train]:  39%|███▊      | 177/459 [00:07<00:11, 23.92it/s]
Epoch 26/50 [Train]:  39%|███▉      | 180/459 [00:07<00:11, 23.96it/s]
Epoch 26/50 [Train]:  40%|███▉      | 183/459 [00:07<00:11, 23.91it/s]
Epoch 26/50 [Train]:  41%|████      | 186/459 [00:07<00:11, 23.97it/s]
Epoch 26/50 [Train]:  41%|████      | 189/459 [00:07<00:11, 23.95it/s]
Epoch 26/50 [Train]:  42%|████▏     | 192/459 [00:08<00:11, 23.76it/s]
Epoch 26/50 [Train]:  42%|████▏     | 195/459 [00:08<00:11, 23.91it/s]
Epoch 26/50 [Train]:  43%|████▎     | 198/459 [00:08<00:10, 23.85it/s]
Epoch 26/50 [Train]:  44%|████▍     | 201/459 [00:08<00:10, 23.73it/s]
Epoch 26/50 [Train]:  44%|████▍     | 204/459 [00:08<00:10, 23.75it/s]
Epoch 26/50 [Train]:  45%|████▌     | 207/459 [00:08<00:10, 23.91it/s]
Epoch 26/50 [Train]:  46%|████▌     | 210/459 [00:08<00:10, 23.96it/s]
Epoch 26/50 [Train]:  46%|████▋     | 213/459 [00:08<00:10, 24.00it/s]
Epoch 26/50 [Train]:  47%|████▋     | 216/459 [00:09<00:10, 23.84it/s]
Epoch 26/50 [Train]:  48%|████▊     | 219/459 [00:09<00:10, 23.82it/s]
Epoch 26/50 [Train]:  48%|████▊     | 222/459 [00:09<00:09, 23.72it/s]
Epoch 26/50 [Train]:  49%|████▉     | 225/459 [00:09<00:09, 23.83it/s]
Epoch 26/50 [Train]:  50%|████▉     | 228/459 [00:09<00:09, 23.71it/s]
Epoch 26/50 [Train]:  50%|█████     | 231/459 [00:09<00:09, 23.87it/s]
Epoch 26/50 [Train]:  51%|█████     | 234/459 [00:09<00:09, 23.86it/s]
Epoch 26/50 [Train]:  52%|█████▏    | 237/459 [00:09<00:09, 23.96it/s]
Epoch 26/50 [Train]:  52%|█████▏    | 240/459 [00:10<00:09, 23.72it/s]
Epoch 26/50 [Train]:  53%|█████▎    | 243/459 [00:10<00:09, 23.85it/s]
Epoch 26/50 [Train]:  54%|█████▎    | 246/459 [00:10<00:08, 23.90it/s]
Epoch 26/50 [Train]:  54%|█████▍    | 249/459 [00:10<00:08, 23.95it/s]
Epoch 26/50 [Train]:  55%|█████▍    | 252/459 [00:10<00:08, 23.78it/s]
Epoch 26/50 [Train]:  56%|█████▌    | 255/459 [00:10<00:08, 23.83it/s]
Epoch 26/50 [Train]:  56%|█████▌    | 258/459 [00:10<00:08, 24.06it/s]
Epoch 26/50 [Train]:  57%|█████▋    | 261/459 [00:10<00:08, 24.10it/s]
Epoch 26/50 [Train]:  58%|█████▊    | 264/459 [00:11<00:08, 23.89it/s]
Epoch 26/50 [Train]:  58%|█████▊    | 267/459 [00:11<00:08, 23.90it/s]
Epoch 26/50 [Train]:  59%|█████▉    | 270/459 [00:11<00:07, 23.88it/s]
Epoch 26/50 [Train]:  59%|█████▉    | 273/459 [00:11<00:07, 23.89it/s]
Epoch 26/50 [Train]:  60%|██████    | 276/459 [00:11<00:07, 23.97it/s]
Epoch 26/50 [Train]:  61%|██████    | 279/459 [00:11<00:07, 24.03it/s]
Epoch 26/50 [Train]:  61%|██████▏   | 282/459 [00:11<00:07, 23.91it/s]
Epoch 26/50 [Train]:  62%|██████▏   | 285/459 [00:11<00:07, 23.74it/s]
Epoch 26/50 [Train]:  63%|██████▎   | 288/459 [00:12<00:07, 23.66it/s]
Epoch 26/50 [Train]:  63%|██████▎   | 291/459 [00:12<00:07, 23.64it/s]
Epoch 26/50 [Train]:  64%|██████▍   | 294/459 [00:12<00:07, 23.52it/s]
Epoch 26/50 [Train]:  65%|██████▍   | 297/459 [00:12<00:06, 23.48it/s]
Epoch 26/50 [Train]:  65%|██████▌   | 300/459 [00:12<00:06, 23.50it/s]
Epoch 26/50 [Train]:  66%|██████▌   | 303/459 [00:12<00:06, 23.69it/s]
Epoch 26/50 [Train]:  67%|██████▋   | 306/459 [00:12<00:06, 23.81it/s]
Epoch 26/50 [Train]:  67%|██████▋   | 309/459 [00:12<00:06, 23.84it/s]
Epoch 26/50 [Train]:  68%|██████▊   | 312/459 [00:13<00:06, 23.80it/s]
Epoch 26/50 [Train]:  69%|██████▊   | 315/459 [00:13<00:06, 23.74it/s]
Epoch 26/50 [Train]:  69%|██████▉   | 318/459 [00:13<00:05, 23.67it/s]
Epoch 26/50 [Train]:  70%|██████▉   | 321/459 [00:13<00:05, 23.77it/s]
Epoch 26/50 [Train]:  71%|███████   | 324/459 [00:13<00:05, 23.92it/s]
Epoch 26/50 [Train]:  71%|███████   | 327/459 [00:13<00:05, 23.93it/s]
Epoch 26/50 [Train]:  72%|███████▏  | 330/459 [00:13<00:05, 23.94it/s]
Epoch 26/50 [Train]:  73%|███████▎  | 333/459 [00:13<00:05, 23.65it/s]
Epoch 26/50 [Train]:  73%|███████▎  | 336/459 [00:14<00:05, 23.68it/s]
Epoch 26/50 [Train]:  74%|███████▍  | 339/459 [00:14<00:05, 23.54it/s]
Epoch 26/50 [Train]:  75%|███████▍  | 342/459 [00:14<00:04, 23.72it/s]
Epoch 26/50 [Train]:  75%|███████▌  | 345/459 [00:14<00:04, 23.72it/s]
Epoch 26/50 [Train]:  76%|███████▌  | 348/459 [00:14<00:04, 23.61it/s]
Epoch 26/50 [Train]:  76%|███████▋  | 351/459 [00:14<00:04, 23.66it/s]
Epoch 26/50 [Train]:  77%|███████▋  | 354/459 [00:14<00:04, 23.68it/s]
Epoch 26/50 [Train]:  78%|███████▊  | 357/459 [00:14<00:04, 23.87it/s]
Epoch 26/50 [Train]:  78%|███████▊  | 360/459 [00:15<00:04, 23.60it/s]
Epoch 26/50 [Train]:  79%|███████▉  | 363/459 [00:15<00:04, 23.43it/s]
Epoch 26/50 [Train]:  80%|███████▉  | 366/459 [00:15<00:03, 23.51it/s]
Epoch 26/50 [Train]:  80%|████████  | 369/459 [00:15<00:03, 23.57it/s]
Epoch 26/50 [Train]:  81%|████████  | 372/459 [00:15<00:03, 23.71it/s]
Epoch 26/50 [Train]:  82%|████████▏ | 375/459 [00:15<00:03, 23.96it/s]
Epoch 26/50 [Train]:  82%|████████▏ | 378/459 [00:15<00:03, 23.80it/s]
Epoch 26/50 [Train]:  83%|████████▎ | 381/459 [00:15<00:03, 24.03it/s]
Epoch 26/50 [Train]:  84%|████████▎ | 384/459 [00:16<00:03, 23.93it/s]
Epoch 26/50 [Train]:  84%|████████▍ | 387/459 [00:16<00:03, 23.77it/s]
Epoch 26/50 [Train]:  85%|████████▍ | 390/459 [00:16<00:02, 23.68it/s]
Epoch 26/50 [Train]:  86%|████████▌ | 393/459 [00:16<00:02, 23.72it/s]
Epoch 26/50 [Train]:  86%|████████▋ | 396/459 [00:16<00:02, 23.34it/s]
Epoch 26/50 [Train]:  87%|████████▋ | 399/459 [00:16<00:02, 23.53it/s]
Epoch 26/50 [Train]:  88%|████████▊ | 402/459 [00:16<00:02, 23.42it/s]
Epoch 26/50 [Train]:  88%|████████▊ | 405/459 [00:17<00:02, 23.23it/s]
Epoch 26/50 [Train]:  89%|████████▉ | 408/459 [00:17<00:02, 23.40it/s]
Epoch 26/50 [Train]:  90%|████████▉ | 411/459 [00:17<00:02, 23.46it/s]
Epoch 26/50 [Train]:  90%|█████████ | 414/459 [00:17<00:01, 23.55it/s]
Epoch 26/50 [Train]:  91%|█████████ | 417/459 [00:17<00:01, 23.59it/s]
Epoch 26/50 [Train]:  92%|█████████▏| 420/459 [00:17<00:01, 23.77it/s]
Epoch 26/50 [Train]:  92%|█████████▏| 423/459 [00:17<00:01, 23.63it/s]
Epoch 26/50 [Train]:  93%|█████████▎| 426/459 [00:17<00:01, 23.75it/s]
Epoch 26/50 [Train]:  93%|█████████▎| 429/459 [00:18<00:01, 23.65it/s]
Epoch 26/50 [Train]:  94%|█████████▍| 432/459 [00:18<00:01, 23.82it/s]
Epoch 26/50 [Train]:  95%|█████████▍| 435/459 [00:18<00:01, 23.85it/s]
Epoch 26/50 [Train]:  95%|█████████▌| 438/459 [00:18<00:00, 24.00it/s]
Epoch 26/50 [Train]:  96%|█████████▌| 441/459 [00:18<00:00, 23.77it/s]
Epoch 26/50 [Train]:  97%|█████████▋| 444/459 [00:18<00:00, 23.89it/s]
Epoch 26/50 [Train]:  97%|█████████▋| 447/459 [00:18<00:00, 23.89it/s]
Epoch 26/50 [Train]:  98%|█████████▊| 450/459 [00:18<00:00, 24.04it/s]
Epoch 26/50 [Train]:  99%|█████████▊| 453/459 [00:19<00:00, 23.54it/s]
Epoch 26/50 [Train]:  99%|█████████▉| 456/459 [00:19<00:00, 23.72it/s]
Epoch 26/50 [Train]: 100%|██████████| 459/459 [00:19<00:00, 23.66it/s]
                                                                      

Epoch 26/50 [Val]:   0%|          | 0/113 [00:00<?, ?it/s]
Epoch 26/50 [Val]:   2%|▏         | 2/113 [00:00<00:06, 18.22it/s]
Epoch 26/50 [Val]:   4%|▎         | 4/113 [00:00<00:05, 18.40it/s]
Epoch 26/50 [Val]:   5%|▌         | 6/113 [00:00<00:05, 18.18it/s]
Epoch 26/50 [Val]:   7%|▋         | 8/113 [00:00<00:05, 18.36it/s]
Epoch 26/50 [Val]:   9%|▉         | 10/113 [00:00<00:05, 18.92it/s]
Epoch 26/50 [Val]:  11%|█         | 12/113 [00:00<00:05, 19.00it/s]
Epoch 26/50 [Val]:  12%|█▏        | 14/113 [00:00<00:05, 18.59it/s]
Epoch 26/50 [Val]:  14%|█▍        | 16/113 [00:00<00:05, 17.61it/s]
Epoch 26/50 [Val]:  16%|█▌        | 18/113 [00:01<00:05, 17.25it/s]
Epoch 26/50 [Val]:  18%|█▊        | 20/113 [00:01<00:05, 16.99it/s]
Epoch 26/50 [Val]:  19%|█▉        | 22/113 [00:01<00:05, 16.81it/s]
Epoch 26/50 [Val]:  21%|██        | 24/113 [00:01<00:05, 16.69it/s]
Epoch 26/50 [Val]:  23%|██▎       | 26/113 [00:01<00:05, 16.95it/s]
Epoch 26/50 [Val]:  25%|██▍       | 28/113 [00:01<00:04, 17.10it/s]
Epoch 26/50 [Val]:  27%|██▋       | 30/113 [00:01<00:04, 17.46it/s]
Epoch 26/50 [Val]:  28%|██▊       | 32/113 [00:01<00:04, 17.45it/s]
Epoch 26/50 [Val]:  30%|███       | 34/113 [00:01<00:04, 17.65it/s]
Epoch 26/50 [Val]:  32%|███▏      | 36/113 [00:02<00:04, 17.86it/s]
Epoch 26/50 [Val]:  34%|███▎      | 38/113 [00:02<00:04, 18.17it/s]
Epoch 26/50 [Val]:  35%|███▌      | 40/113 [00:02<00:04, 18.21it/s]
Epoch 26/50 [Val]:  37%|███▋      | 42/113 [00:02<00:03, 18.31it/s]
Epoch 26/50 [Val]:  39%|███▉      | 44/113 [00:02<00:03, 18.12it/s]
Epoch 26/50 [Val]:  41%|████      | 46/113 [00:02<00:03, 17.95it/s]
Epoch 26/50 [Val]:  42%|████▏     | 48/113 [00:02<00:03, 18.04it/s]
Epoch 26/50 [Val]:  44%|████▍     | 50/113 [00:02<00:03, 18.10it/s]
Epoch 26/50 [Val]:  46%|████▌     | 52/113 [00:02<00:03, 18.04it/s]
Epoch 26/50 [Val]:  48%|████▊     | 54/113 [00:03<00:03, 18.34it/s]
Epoch 26/50 [Val]:  50%|████▉     | 56/113 [00:03<00:03, 18.47it/s]
Epoch 26/50 [Val]:  51%|█████▏    | 58/113 [00:03<00:03, 17.77it/s]
Epoch 26/50 [Val]:  53%|█████▎    | 60/113 [00:03<00:02, 18.18it/s]
Epoch 26/50 [Val]:  55%|█████▍    | 62/113 [00:03<00:02, 18.18it/s]
Epoch 26/50 [Val]:  57%|█████▋    | 64/113 [00:03<00:02, 18.35it/s]
Epoch 26/50 [Val]:  58%|█████▊    | 66/113 [00:03<00:02, 18.01it/s]
Epoch 26/50 [Val]:  60%|██████    | 68/113 [00:03<00:02, 17.83it/s]
Epoch 26/50 [Val]:  62%|██████▏   | 70/113 [00:03<00:02, 18.13it/s]
Epoch 26/50 [Val]:  64%|██████▎   | 72/113 [00:04<00:02, 18.40it/s]
Epoch 26/50 [Val]:  65%|██████▌   | 74/113 [00:04<00:02, 18.66it/s]
Epoch 26/50 [Val]:  67%|██████▋   | 76/113 [00:04<00:01, 18.83it/s]
Epoch 26/50 [Val]:  69%|██████▉   | 78/113 [00:04<00:01, 18.76it/s]
Epoch 26/50 [Val]:  71%|███████   | 80/113 [00:04<00:01, 18.55it/s]
Epoch 26/50 [Val]:  73%|███████▎  | 82/113 [00:04<00:01, 18.41it/s]
Epoch 26/50 [Val]:  74%|███████▍  | 84/113 [00:04<00:01, 18.50it/s]
Epoch 26/50 [Val]:  76%|███████▌  | 86/113 [00:04<00:01, 18.39it/s]
Epoch 26/50 [Val]:  78%|███████▊  | 88/113 [00:04<00:01, 18.20it/s]
Epoch 26/50 [Val]:  80%|███████▉  | 90/113 [00:04<00:01, 18.52it/s]
Epoch 26/50 [Val]:  81%|████████▏ | 92/113 [00:05<00:01, 18.67it/s]
Epoch 26/50 [Val]:  83%|████████▎ | 94/113 [00:05<00:01, 18.89it/s]
Epoch 26/50 [Val]:  85%|████████▍ | 96/113 [00:05<00:00, 19.04it/s]
Epoch 26/50 [Val]:  87%|████████▋ | 98/113 [00:05<00:00, 19.18it/s]
Epoch 26/50 [Val]:  88%|████████▊ | 100/113 [00:05<00:00, 18.87it/s]
Epoch 26/50 [Val]:  90%|█████████ | 102/113 [00:05<00:00, 18.46it/s]
Epoch 26/50 [Val]:  92%|█████████▏| 104/113 [00:05<00:00, 18.69it/s]
Epoch 26/50 [Val]:  94%|█████████▍| 106/113 [00:05<00:00, 18.75it/s]
Epoch 26/50 [Val]:  96%|█████████▌| 108/113 [00:05<00:00, 19.05it/s]
Epoch 26/50 [Val]:  97%|█████████▋| 110/113 [00:06<00:00, 19.19it/s]
Epoch 26/50 [Val]:  99%|█████████▉| 112/113 [00:06<00:00, 19.09it/s]
                                                                    

Epoch 27/50 [Train]:   0%|          | 0/459 [00:00<?, ?it/s]
Epoch 27/50 [Train]:   1%|          | 3/459 [00:00<00:19, 23.00it/s]
Epoch 27/50 [Train]:   1%|▏         | 6/459 [00:00<00:19, 23.09it/s]
Epoch 27/50 [Train]:   2%|▏         | 9/459 [00:00<00:19, 23.54it/s]
Epoch 27/50 [Train]:   3%|▎         | 12/459 [00:00<00:18, 23.72it/s]
Epoch 27/50 [Train]:   3%|▎         | 15/459 [00:00<00:18, 23.85it/s]
Epoch 27/50 [Train]:   4%|▍         | 18/459 [00:00<00:18, 24.02it/s]
Epoch 27/50 [Train]:   5%|▍         | 21/459 [00:00<00:18, 24.20it/s]
Epoch 27/50 [Train]:   5%|▌         | 24/459 [00:01<00:17, 24.26it/s]
Epoch 27/50 [Train]:   6%|▌         | 27/459 [00:01<00:17, 24.36it/s]
Epoch 27/50 [Train]:   7%|▋         | 30/459 [00:01<00:17, 24.33it/s]
Epoch 27/50 [Train]:   7%|▋         | 33/459 [00:01<00:17, 24.50it/s]
Epoch 27/50 [Train]:   8%|▊         | 36/459 [00:01<00:17, 24.53it/s]
Epoch 27/50 [Train]:   8%|▊         | 39/459 [00:01<00:17, 24.30it/s]
Epoch 27/50 [Train]:   9%|▉         | 42/459 [00:01<00:17, 24.05it/s]
Epoch 27/50 [Train]:  10%|▉         | 45/459 [00:01<00:17, 24.27it/s]
Epoch 27/50 [Train]:  10%|█         | 48/459 [00:01<00:16, 24.42it/s]
Epoch 27/50 [Train]:  11%|█         | 51/459 [00:02<00:16, 24.41it/s]
Epoch 27/50 [Train]:  12%|█▏        | 54/459 [00:02<00:16, 24.31it/s]
Epoch 27/50 [Train]:  12%|█▏        | 57/459 [00:02<00:16, 24.18it/s]
Epoch 27/50 [Train]:  13%|█▎        | 60/459 [00:02<00:16, 24.04it/s]
Epoch 27/50 [Train]:  14%|█▎        | 63/459 [00:02<00:16, 23.80it/s]
Epoch 27/50 [Train]:  14%|█▍        | 66/459 [00:02<00:16, 23.90it/s]
Epoch 27/50 [Train]:  15%|█▌        | 69/459 [00:02<00:16, 24.02it/s]
Epoch 27/50 [Train]:  16%|█▌        | 72/459 [00:02<00:16, 24.07it/s]
Epoch 27/50 [Train]:  16%|█▋        | 75/459 [00:03<00:15, 24.13it/s]
Epoch 27/50 [Train]:  17%|█▋        | 78/459 [00:03<00:15, 24.00it/s]
Epoch 27/50 [Train]:  18%|█▊        | 81/459 [00:03<00:15, 23.91it/s]
Epoch 27/50 [Train]:  18%|█▊        | 84/459 [00:03<00:15, 24.17it/s]
Epoch 27/50 [Train]:  19%|█▉        | 87/459 [00:03<00:15, 24.23it/s]
Epoch 27/50 [Train]:  20%|█▉        | 90/459 [00:03<00:15, 24.29it/s]
Epoch 27/50 [Train]:  20%|██        | 93/459 [00:03<00:15, 24.38it/s]
Epoch 27/50 [Train]:  21%|██        | 96/459 [00:03<00:14, 24.23it/s]
Epoch 27/50 [Train]:  22%|██▏       | 99/459 [00:04<00:14, 24.22it/s]
Epoch 27/50 [Train]:  22%|██▏       | 102/459 [00:04<00:14, 24.15it/s]
Epoch 27/50 [Train]:  23%|██▎       | 105/459 [00:04<00:14, 24.19it/s]
Epoch 27/50 [Train]:  24%|██▎       | 108/459 [00:04<00:14, 24.34it/s]
Epoch 27/50 [Train]:  24%|██▍       | 111/459 [00:04<00:14, 24.21it/s]
Epoch 27/50 [Train]:  25%|██▍       | 114/459 [00:04<00:14, 24.23it/s]
Epoch 27/50 [Train]:  25%|██▌       | 117/459 [00:04<00:14, 24.33it/s]
Epoch 27/50 [Train]:  26%|██▌       | 120/459 [00:04<00:13, 24.21it/s]
Epoch 27/50 [Train]:  27%|██▋       | 123/459 [00:05<00:13, 24.27it/s]
Epoch 27/50 [Train]:  27%|██▋       | 126/459 [00:05<00:13, 24.20it/s]
Epoch 27/50 [Train]:  28%|██▊       | 129/459 [00:05<00:13, 23.93it/s]
Epoch 27/50 [Train]:  29%|██▉       | 132/459 [00:05<00:13, 23.89it/s]
Epoch 27/50 [Train]:  29%|██▉       | 135/459 [00:05<00:13, 23.81it/s]
Epoch 27/50 [Train]:  30%|███       | 138/459 [00:05<00:13, 23.86it/s]
Epoch 27/50 [Train]:  31%|███       | 141/459 [00:05<00:13, 24.01it/s]
Epoch 27/50 [Train]:  31%|███▏      | 144/459 [00:05<00:13, 24.02it/s]
Epoch 27/50 [Train]:  32%|███▏      | 147/459 [00:06<00:13, 23.85it/s]
Epoch 27/50 [Train]:  33%|███▎      | 150/459 [00:06<00:12, 23.96it/s]
Epoch 27/50 [Train]:  33%|███▎      | 153/459 [00:06<00:12, 23.85it/s]
Epoch 27/50 [Train]:  34%|███▍      | 156/459 [00:06<00:12, 23.89it/s]
Epoch 27/50 [Train]:  35%|███▍      | 159/459 [00:06<00:12, 24.03it/s]
Epoch 27/50 [Train]:  35%|███▌      | 162/459 [00:06<00:12, 23.99it/s]
Epoch 27/50 [Train]:  36%|███▌      | 165/459 [00:06<00:12, 23.93it/s]
Epoch 27/50 [Train]:  37%|███▋      | 168/459 [00:06<00:12, 23.98it/s]
Epoch 27/50 [Train]:  37%|███▋      | 171/459 [00:07<00:11, 24.13it/s]
Epoch 27/50 [Train]:  38%|███▊      | 174/459 [00:07<00:11, 24.03it/s]
Epoch 27/50 [Train]:  39%|███▊      | 177/459 [00:07<00:11, 24.07it/s]
Epoch 27/50 [Train]:  39%|███▉      | 180/459 [00:07<00:11, 24.18it/s]
Epoch 27/50 [Train]:  40%|███▉      | 183/459 [00:07<00:11, 23.78it/s]
Epoch 27/50 [Train]:  41%|████      | 186/459 [00:07<00:11, 23.93it/s]
Epoch 27/50 [Train]:  41%|████      | 189/459 [00:07<00:11, 23.93it/s]
Epoch 27/50 [Train]:  42%|████▏     | 192/459 [00:07<00:11, 24.03it/s]
Epoch 27/50 [Train]:  42%|████▏     | 195/459 [00:08<00:10, 24.02it/s]
Epoch 27/50 [Train]:  43%|████▎     | 198/459 [00:08<00:10, 24.13it/s]
Epoch 27/50 [Train]:  44%|████▍     | 201/459 [00:08<00:10, 24.10it/s]
Epoch 27/50 [Train]:  44%|████▍     | 204/459 [00:08<00:10, 24.21it/s]
Epoch 27/50 [Train]:  45%|████▌     | 207/459 [00:08<00:10, 24.02it/s]
Epoch 27/50 [Train]:  46%|████▌     | 210/459 [00:08<00:10, 24.08it/s]
Epoch 27/50 [Train]:  46%|████▋     | 213/459 [00:08<00:10, 24.20it/s]
Epoch 27/50 [Train]:  47%|████▋     | 216/459 [00:08<00:10, 24.08it/s]
Epoch 27/50 [Train]:  48%|████▊     | 219/459 [00:09<00:09, 24.02it/s]
Epoch 27/50 [Train]:  48%|████▊     | 222/459 [00:09<00:09, 24.07it/s]
Epoch 27/50 [Train]:  49%|████▉     | 225/459 [00:09<00:09, 24.07it/s]
Epoch 27/50 [Train]:  50%|████▉     | 228/459 [00:09<00:09, 24.19it/s]
Epoch 27/50 [Train]:  50%|█████     | 231/459 [00:09<00:09, 24.00it/s]
Epoch 27/50 [Train]:  51%|█████     | 234/459 [00:09<00:09, 24.27it/s]
Epoch 27/50 [Train]:  52%|█████▏    | 237/459 [00:09<00:09, 24.33it/s]
Epoch 27/50 [Train]:  52%|█████▏    | 240/459 [00:09<00:08, 24.34it/s]
Epoch 27/50 [Train]:  53%|█████▎    | 243/459 [00:10<00:08, 24.42it/s]
Epoch 27/50 [Train]:  54%|█████▎    | 246/459 [00:10<00:08, 24.39it/s]
Epoch 27/50 [Train]:  54%|█████▍    | 249/459 [00:10<00:08, 24.41it/s]
Epoch 27/50 [Train]:  55%|█████▍    | 252/459 [00:10<00:08, 24.40it/s]
Epoch 27/50 [Train]:  56%|█████▌    | 255/459 [00:10<00:08, 24.27it/s]
Epoch 27/50 [Train]:  56%|█████▌    | 258/459 [00:10<00:08, 24.18it/s]
Epoch 27/50 [Train]:  57%|█████▋    | 261/459 [00:10<00:08, 24.17it/s]
Epoch 27/50 [Train]:  58%|█████▊    | 264/459 [00:10<00:08, 24.29it/s]
Epoch 27/50 [Train]:  58%|█████▊    | 267/459 [00:11<00:07, 24.09it/s]
Epoch 27/50 [Train]:  59%|█████▉    | 270/459 [00:11<00:07, 24.30it/s]
Epoch 27/50 [Train]:  59%|█████▉    | 273/459 [00:11<00:07, 24.32it/s]
Epoch 27/50 [Train]:  60%|██████    | 276/459 [00:11<00:07, 24.31it/s]
Epoch 27/50 [Train]:  61%|██████    | 279/459 [00:11<00:07, 24.24it/s]
Epoch 27/50 [Train]:  61%|██████▏   | 282/459 [00:11<00:07, 24.25it/s]
Epoch 27/50 [Train]:  62%|██████▏   | 285/459 [00:11<00:07, 24.20it/s]
Epoch 27/50 [Train]:  63%|██████▎   | 288/459 [00:11<00:07, 24.22it/s]
Epoch 27/50 [Train]:  63%|██████▎   | 291/459 [00:12<00:06, 24.21it/s]
Epoch 27/50 [Train]:  64%|██████▍   | 294/459 [00:12<00:06, 24.29it/s]
Epoch 27/50 [Train]:  65%|██████▍   | 297/459 [00:12<00:06, 24.37it/s]
Epoch 27/50 [Train]:  65%|██████▌   | 300/459 [00:12<00:06, 24.32it/s]
Epoch 27/50 [Train]:  66%|██████▌   | 303/459 [00:12<00:06, 24.36it/s]
Epoch 27/50 [Train]:  67%|██████▋   | 306/459 [00:12<00:06, 24.28it/s]
Epoch 27/50 [Train]:  67%|██████▋   | 309/459 [00:12<00:06, 24.21it/s]
Epoch 27/50 [Train]:  68%|██████▊   | 312/459 [00:12<00:06, 24.35it/s]
Epoch 27/50 [Train]:  69%|██████▊   | 315/459 [00:13<00:05, 24.30it/s]
Epoch 27/50 [Train]:  69%|██████▉   | 318/459 [00:13<00:05, 24.09it/s]
Epoch 27/50 [Train]:  70%|██████▉   | 321/459 [00:13<00:05, 24.23it/s]
Epoch 27/50 [Train]:  71%|███████   | 324/459 [00:13<00:05, 24.31it/s]
Epoch 27/50 [Train]:  71%|███████   | 327/459 [00:13<00:05, 24.33it/s]
Epoch 27/50 [Train]:  72%|███████▏  | 330/459 [00:13<00:05, 24.21it/s]
Epoch 27/50 [Train]:  73%|███████▎  | 333/459 [00:13<00:05, 24.25it/s]
Epoch 27/50 [Train]:  73%|███████▎  | 336/459 [00:13<00:05, 24.26it/s]
Epoch 27/50 [Train]:  74%|███████▍  | 339/459 [00:14<00:04, 24.33it/s]
Epoch 27/50 [Train]:  75%|███████▍  | 342/459 [00:14<00:04, 24.29it/s]
Epoch 27/50 [Train]:  75%|███████▌  | 345/459 [00:14<00:04, 24.45it/s]
Epoch 27/50 [Train]:  76%|███████▌  | 348/459 [00:14<00:04, 24.22it/s]
Epoch 27/50 [Train]:  76%|███████▋  | 351/459 [00:14<00:04, 24.30it/s]
Epoch 27/50 [Train]:  77%|███████▋  | 354/459 [00:14<00:04, 24.28it/s]
Epoch 27/50 [Train]:  78%|███████▊  | 357/459 [00:14<00:04, 24.19it/s]
Epoch 27/50 [Train]:  78%|███████▊  | 360/459 [00:14<00:04, 24.07it/s]
Epoch 27/50 [Train]:  79%|███████▉  | 363/459 [00:15<00:03, 24.11it/s]
Epoch 27/50 [Train]:  80%|███████▉  | 366/459 [00:15<00:03, 24.20it/s]
Epoch 27/50 [Train]:  80%|████████  | 369/459 [00:15<00:03, 24.25it/s]
Epoch 27/50 [Train]:  81%|████████  | 372/459 [00:15<00:03, 24.20it/s]
Epoch 27/50 [Train]:  82%|████████▏ | 375/459 [00:15<00:03, 24.20it/s]
Epoch 27/50 [Train]:  82%|████████▏ | 378/459 [00:15<00:03, 24.22it/s]
Epoch 27/50 [Train]:  83%|████████▎ | 381/459 [00:15<00:03, 24.06it/s]
Epoch 27/50 [Train]:  84%|████████▎ | 384/459 [00:15<00:03, 24.15it/s]
Epoch 27/50 [Train]:  84%|████████▍ | 387/459 [00:16<00:02, 24.19it/s]
Epoch 27/50 [Train]:  85%|████████▍ | 390/459 [00:16<00:02, 24.25it/s]
Epoch 27/50 [Train]:  86%|████████▌ | 393/459 [00:16<00:02, 24.25it/s]
Epoch 27/50 [Train]:  86%|████████▋ | 396/459 [00:16<00:02, 24.10it/s]
Epoch 27/50 [Train]:  87%|████████▋ | 399/459 [00:16<00:02, 24.07it/s]
Epoch 27/50 [Train]:  88%|████████▊ | 402/459 [00:16<00:02, 23.95it/s]
Epoch 27/50 [Train]:  88%|████████▊ | 405/459 [00:16<00:02, 24.10it/s]
Epoch 27/50 [Train]:  89%|████████▉ | 408/459 [00:16<00:02, 24.18it/s]
Epoch 27/50 [Train]:  90%|████████▉ | 411/459 [00:17<00:01, 24.33it/s]
Epoch 27/50 [Train]:  90%|█████████ | 414/459 [00:17<00:01, 24.30it/s]
Epoch 27/50 [Train]:  91%|█████████ | 417/459 [00:17<00:01, 24.34it/s]
Epoch 27/50 [Train]:  92%|█████████▏| 420/459 [00:17<00:01, 24.38it/s]
Epoch 27/50 [Train]:  92%|█████████▏| 423/459 [00:17<00:01, 24.40it/s]
Epoch 27/50 [Train]:  93%|█████████▎| 426/459 [00:17<00:01, 24.20it/s]
Epoch 27/50 [Train]:  93%|█████████▎| 429/459 [00:17<00:01, 24.23it/s]
Epoch 27/50 [Train]:  94%|█████████▍| 432/459 [00:17<00:01, 23.95it/s]
Epoch 27/50 [Train]:  95%|█████████▍| 435/459 [00:18<00:00, 24.02it/s]
Epoch 27/50 [Train]:  95%|█████████▌| 438/459 [00:18<00:00, 23.98it/s]
Epoch 27/50 [Train]:  96%|█████████▌| 441/459 [00:18<00:00, 24.11it/s]
Epoch 27/50 [Train]:  97%|█████████▋| 444/459 [00:18<00:00, 24.25it/s]
Epoch 27/50 [Train]:  97%|█████████▋| 447/459 [00:18<00:00, 24.23it/s]
Epoch 27/50 [Train]:  98%|█████████▊| 450/459 [00:18<00:00, 24.17it/s]
Epoch 27/50 [Train]:  99%|█████████▊| 453/459 [00:18<00:00, 24.19it/s]
Epoch 27/50 [Train]:  99%|█████████▉| 456/459 [00:18<00:00, 24.31it/s]
Epoch 27/50 [Train]: 100%|██████████| 459/459 [00:18<00:00, 24.15it/s]
                                                                      

Epoch 27/50 [Val]:   0%|          | 0/113 [00:00<?, ?it/s]
Epoch 27/50 [Val]:   2%|▏         | 2/113 [00:00<00:06, 17.86it/s]
Epoch 27/50 [Val]:   4%|▎         | 4/113 [00:00<00:05, 18.24it/s]
Epoch 27/50 [Val]:   5%|▌         | 6/113 [00:00<00:05, 18.16it/s]
Epoch 27/50 [Val]:   7%|▋         | 8/113 [00:00<00:05, 18.28it/s]
Epoch 27/50 [Val]:  10%|▉         | 11/113 [00:00<00:05, 18.94it/s]
Epoch 27/50 [Val]:  12%|█▏        | 13/113 [00:00<00:05, 18.92it/s]
Epoch 27/50 [Val]:  13%|█▎        | 15/113 [00:00<00:05, 18.49it/s]
Epoch 27/50 [Val]:  15%|█▌        | 17/113 [00:00<00:05, 17.64it/s]
Epoch 27/50 [Val]:  17%|█▋        | 19/113 [00:01<00:05, 17.24it/s]
Epoch 27/50 [Val]:  19%|█▊        | 21/113 [00:01<00:05, 16.97it/s]
Epoch 27/50 [Val]:  20%|██        | 23/113 [00:01<00:05, 16.79it/s]
Epoch 27/50 [Val]:  22%|██▏       | 25/113 [00:01<00:05, 16.64it/s]
Epoch 27/50 [Val]:  24%|██▍       | 27/113 [00:01<00:05, 16.99it/s]
Epoch 27/50 [Val]:  26%|██▌       | 29/113 [00:01<00:04, 17.06it/s]
Epoch 27/50 [Val]:  27%|██▋       | 31/113 [00:01<00:04, 17.19it/s]
Epoch 27/50 [Val]:  29%|██▉       | 33/113 [00:01<00:04, 17.11it/s]
Epoch 27/50 [Val]:  31%|███       | 35/113 [00:02<00:04, 17.11it/s]
Epoch 27/50 [Val]:  33%|███▎      | 37/113 [00:02<00:04, 17.57it/s]
Epoch 27/50 [Val]:  35%|███▍      | 39/113 [00:02<00:04, 17.75it/s]
Epoch 27/50 [Val]:  36%|███▋      | 41/113 [00:02<00:04, 17.85it/s]
Epoch 27/50 [Val]:  38%|███▊      | 43/113 [00:02<00:03, 17.90it/s]
Epoch 27/50 [Val]:  40%|███▉      | 45/113 [00:02<00:03, 17.21it/s]
Epoch 27/50 [Val]:  42%|████▏     | 47/113 [00:02<00:03, 17.37it/s]
Epoch 27/50 [Val]:  43%|████▎     | 49/113 [00:02<00:03, 17.67it/s]
Epoch 27/50 [Val]:  45%|████▌     | 51/113 [00:02<00:03, 18.18it/s]
Epoch 27/50 [Val]:  47%|████▋     | 53/113 [00:02<00:03, 18.51it/s]
Epoch 27/50 [Val]:  49%|████▊     | 55/113 [00:03<00:03, 18.77it/s]
Epoch 27/50 [Val]:  50%|█████     | 57/113 [00:03<00:03, 18.33it/s]
Epoch 27/50 [Val]:  52%|█████▏    | 59/113 [00:03<00:02, 18.21it/s]
Epoch 27/50 [Val]:  54%|█████▍    | 61/113 [00:03<00:02, 18.23it/s]
Epoch 27/50 [Val]:  56%|█████▌    | 63/113 [00:03<00:02, 18.31it/s]
Epoch 27/50 [Val]:  58%|█████▊    | 65/113 [00:03<00:02, 18.18it/s]
Epoch 27/50 [Val]:  59%|█████▉    | 67/113 [00:03<00:02, 18.00it/s]
Epoch 27/50 [Val]:  61%|██████    | 69/113 [00:03<00:02, 18.07it/s]
Epoch 27/50 [Val]:  63%|██████▎   | 71/113 [00:03<00:02, 18.30it/s]
Epoch 27/50 [Val]:  65%|██████▍   | 73/113 [00:04<00:02, 18.40it/s]
Epoch 27/50 [Val]:  66%|██████▋   | 75/113 [00:04<00:02, 18.53it/s]
Epoch 27/50 [Val]:  68%|██████▊   | 77/113 [00:04<00:01, 18.32it/s]
Epoch 27/50 [Val]:  70%|██████▉   | 79/113 [00:04<00:01, 18.40it/s]
Epoch 27/50 [Val]:  72%|███████▏  | 81/113 [00:04<00:01, 18.09it/s]
Epoch 27/50 [Val]:  73%|███████▎  | 83/113 [00:04<00:01, 18.08it/s]
Epoch 27/50 [Val]:  75%|███████▌  | 85/113 [00:04<00:01, 18.17it/s]
Epoch 27/50 [Val]:  77%|███████▋  | 87/113 [00:04<00:01, 18.15it/s]
Epoch 27/50 [Val]:  79%|███████▉  | 89/113 [00:04<00:01, 18.11it/s]
Epoch 27/50 [Val]:  81%|████████  | 91/113 [00:05<00:01, 18.45it/s]
Epoch 27/50 [Val]:  82%|████████▏ | 93/113 [00:05<00:01, 18.59it/s]
Epoch 27/50 [Val]:  84%|████████▍ | 95/113 [00:05<00:00, 18.73it/s]
Epoch 27/50 [Val]:  86%|████████▌ | 97/113 [00:05<00:00, 18.85it/s]
Epoch 27/50 [Val]:  88%|████████▊ | 99/113 [00:05<00:00, 18.89it/s]
Epoch 27/50 [Val]:  89%|████████▉ | 101/113 [00:05<00:00, 18.28it/s]
Epoch 27/50 [Val]:  91%|█████████ | 103/113 [00:05<00:00, 18.27it/s]
Epoch 27/50 [Val]:  93%|█████████▎| 105/113 [00:05<00:00, 18.63it/s]
Epoch 27/50 [Val]:  95%|█████████▍| 107/113 [00:05<00:00, 18.83it/s]
Epoch 27/50 [Val]:  97%|█████████▋| 110/113 [00:06<00:00, 19.13it/s]
Epoch 27/50 [Val]:  99%|█████████▉| 112/113 [00:06<00:00, 19.17it/s]
                                                                    

Epoch 28/50 [Train]:   0%|          | 0/459 [00:00<?, ?it/s]
Epoch 28/50 [Train]:   1%|          | 3/459 [00:00<00:19, 23.42it/s]
Epoch 28/50 [Train]:   1%|▏         | 6/459 [00:00<00:19, 23.32it/s]
Epoch 28/50 [Train]:   2%|▏         | 9/459 [00:00<00:19, 23.53it/s]
Epoch 28/50 [Train]:   3%|▎         | 12/459 [00:00<00:18, 24.01it/s]
Epoch 28/50 [Train]:   3%|▎         | 15/459 [00:00<00:18, 24.13it/s]
Epoch 28/50 [Train]:   4%|▍         | 18/459 [00:00<00:18, 24.10it/s]
Epoch 28/50 [Train]:   5%|▍         | 21/459 [00:00<00:18, 24.28it/s]
Epoch 28/50 [Train]:   5%|▌         | 24/459 [00:00<00:17, 24.32it/s]
Epoch 28/50 [Train]:   6%|▌         | 27/459 [00:01<00:17, 24.31it/s]
Epoch 28/50 [Train]:   7%|▋         | 30/459 [00:01<00:17, 24.01it/s]
Epoch 28/50 [Train]:   7%|▋         | 33/459 [00:01<00:17, 23.96it/s]
Epoch 28/50 [Train]:   8%|▊         | 36/459 [00:01<00:17, 23.94it/s]
Epoch 28/50 [Train]:   8%|▊         | 39/459 [00:01<00:17, 23.92it/s]
Epoch 28/50 [Train]:   9%|▉         | 42/459 [00:01<00:17, 24.06it/s]
Epoch 28/50 [Train]:  10%|▉         | 45/459 [00:01<00:17, 24.21it/s]
Epoch 28/50 [Train]:  10%|█         | 48/459 [00:01<00:17, 24.17it/s]
Epoch 28/50 [Train]:  11%|█         | 51/459 [00:02<00:16, 24.08it/s]
Epoch 28/50 [Train]:  12%|█▏        | 54/459 [00:02<00:16, 24.05it/s]
Epoch 28/50 [Train]:  12%|█▏        | 57/459 [00:02<00:16, 24.00it/s]
Epoch 28/50 [Train]:  13%|█▎        | 60/459 [00:02<00:16, 24.11it/s]
Epoch 28/50 [Train]:  14%|█▎        | 63/459 [00:02<00:16, 24.10it/s]
Epoch 28/50 [Train]:  14%|█▍        | 66/459 [00:02<00:16, 24.27it/s]
Epoch 28/50 [Train]:  15%|█▌        | 69/459 [00:02<00:16, 24.19it/s]
Epoch 28/50 [Train]:  16%|█▌        | 72/459 [00:02<00:15, 24.19it/s]
Epoch 28/50 [Train]:  16%|█▋        | 75/459 [00:03<00:15, 24.07it/s]
Epoch 28/50 [Train]:  17%|█▋        | 78/459 [00:03<00:15, 24.07it/s]
Epoch 28/50 [Train]:  18%|█▊        | 81/459 [00:03<00:15, 24.10it/s]
Epoch 28/50 [Train]:  18%|█▊        | 84/459 [00:03<00:15, 24.25it/s]
Epoch 28/50 [Train]:  19%|█▉        | 87/459 [00:03<00:15, 24.31it/s]
Epoch 28/50 [Train]:  20%|█▉        | 90/459 [00:03<00:15, 24.30it/s]
Epoch 28/50 [Train]:  20%|██        | 93/459 [00:03<00:15, 24.15it/s]
Epoch 28/50 [Train]:  21%|██        | 96/459 [00:03<00:14, 24.28it/s]
Epoch 28/50 [Train]:  22%|██▏       | 99/459 [00:04<00:14, 24.41it/s]
Epoch 28/50 [Train]:  22%|██▏       | 102/459 [00:04<00:14, 24.35it/s]
Epoch 28/50 [Train]:  23%|██▎       | 105/459 [00:04<00:14, 24.19it/s]
Epoch 28/50 [Train]:  24%|██▎       | 108/459 [00:04<00:14, 24.28it/s]
Epoch 28/50 [Train]:  24%|██▍       | 111/459 [00:04<00:14, 24.31it/s]
Epoch 28/50 [Train]:  25%|██▍       | 114/459 [00:04<00:14, 24.30it/s]
Epoch 28/50 [Train]:  25%|██▌       | 117/459 [00:04<00:14, 24.38it/s]
Epoch 28/50 [Train]:  26%|██▌       | 120/459 [00:04<00:13, 24.51it/s]
Epoch 28/50 [Train]:  27%|██▋       | 123/459 [00:05<00:13, 24.37it/s]
Epoch 28/50 [Train]:  27%|██▋       | 126/459 [00:05<00:13, 24.27it/s]
Epoch 28/50 [Train]:  28%|██▊       | 129/459 [00:05<00:13, 23.92it/s]
Epoch 28/50 [Train]:  29%|██▉       | 132/459 [00:05<00:13, 24.00it/s]
Epoch 28/50 [Train]:  29%|██▉       | 135/459 [00:05<00:13, 23.99it/s]
Epoch 28/50 [Train]:  30%|███       | 138/459 [00:05<00:13, 24.01it/s]
Epoch 28/50 [Train]:  31%|███       | 141/459 [00:05<00:13, 24.07it/s]
Epoch 28/50 [Train]:  31%|███▏      | 144/459 [00:05<00:13, 24.05it/s]
Epoch 28/50 [Train]:  32%|███▏      | 147/459 [00:06<00:12, 24.11it/s]
Epoch 28/50 [Train]:  33%|███▎      | 150/459 [00:06<00:12, 24.18it/s]
Epoch 28/50 [Train]:  33%|███▎      | 153/459 [00:06<00:12, 24.30it/s]
Epoch 28/50 [Train]:  34%|███▍      | 156/459 [00:06<00:12, 24.21it/s]
Epoch 28/50 [Train]:  35%|███▍      | 159/459 [00:06<00:12, 24.22it/s]
Epoch 28/50 [Train]:  35%|███▌      | 162/459 [00:06<00:12, 24.18it/s]
Epoch 28/50 [Train]:  36%|███▌      | 165/459 [00:06<00:12, 23.95it/s]
Epoch 28/50 [Train]:  37%|███▋      | 168/459 [00:06<00:12, 24.02it/s]
Epoch 28/50 [Train]:  37%|███▋      | 171/459 [00:07<00:11, 24.23it/s]
Epoch 28/50 [Train]:  38%|███▊      | 174/459 [00:07<00:11, 24.33it/s]
Epoch 28/50 [Train]:  39%|███▊      | 177/459 [00:07<00:11, 24.29it/s]
Epoch 28/50 [Train]:  39%|███▉      | 180/459 [00:07<00:11, 24.13it/s]
Epoch 28/50 [Train]:  40%|███▉      | 183/459 [00:07<00:11, 24.11it/s]
Epoch 28/50 [Train]:  41%|████      | 186/459 [00:07<00:11, 24.21it/s]
Epoch 28/50 [Train]:  41%|████      | 189/459 [00:07<00:11, 24.26it/s]
Epoch 28/50 [Train]:  42%|████▏     | 192/459 [00:07<00:11, 24.04it/s]
Epoch 28/50 [Train]:  42%|████▏     | 195/459 [00:08<00:10, 24.32it/s]
Epoch 28/50 [Train]:  43%|████▎     | 198/459 [00:08<00:10, 24.25it/s]
Epoch 28/50 [Train]:  44%|████▍     | 201/459 [00:08<00:10, 24.21it/s]
Epoch 28/50 [Train]:  44%|████▍     | 204/459 [00:08<00:10, 24.16it/s]
Epoch 28/50 [Train]:  45%|████▌     | 207/459 [00:08<00:10, 24.22it/s]
Epoch 28/50 [Train]:  46%|████▌     | 210/459 [00:08<00:10, 24.32it/s]
Epoch 28/50 [Train]:  46%|████▋     | 213/459 [00:08<00:10, 24.40it/s]
Epoch 28/50 [Train]:  47%|████▋     | 216/459 [00:08<00:09, 24.45it/s]
Epoch 28/50 [Train]:  48%|████▊     | 219/459 [00:09<00:09, 24.46it/s]
Epoch 28/50 [Train]:  48%|████▊     | 222/459 [00:09<00:09, 24.37it/s]
Epoch 28/50 [Train]:  49%|████▉     | 225/459 [00:09<00:09, 24.28it/s]
Epoch 28/50 [Train]:  50%|████▉     | 228/459 [00:09<00:09, 24.12it/s]
Epoch 28/50 [Train]:  50%|█████     | 231/459 [00:09<00:09, 24.08it/s]
Epoch 28/50 [Train]:  51%|█████     | 234/459 [00:09<00:09, 24.22it/s]
Epoch 28/50 [Train]:  52%|█████▏    | 237/459 [00:09<00:09, 24.30it/s]
Epoch 28/50 [Train]:  52%|█████▏    | 240/459 [00:09<00:08, 24.38it/s]
Epoch 28/50 [Train]:  53%|█████▎    | 243/459 [00:10<00:08, 24.23it/s]
Epoch 28/50 [Train]:  54%|█████▎    | 246/459 [00:10<00:08, 24.30it/s]
Epoch 28/50 [Train]:  54%|█████▍    | 249/459 [00:10<00:08, 23.97it/s]
Epoch 28/50 [Train]:  55%|█████▍    | 252/459 [00:10<00:08, 23.94it/s]
Epoch 28/50 [Train]:  56%|█████▌    | 255/459 [00:10<00:08, 24.06it/s]
Epoch 28/50 [Train]:  56%|█████▌    | 258/459 [00:10<00:08, 24.21it/s]
Epoch 28/50 [Train]:  57%|█████▋    | 261/459 [00:10<00:08, 24.23it/s]
Epoch 28/50 [Train]:  58%|█████▊    | 264/459 [00:10<00:08, 24.22it/s]
Epoch 28/50 [Train]:  58%|█████▊    | 267/459 [00:11<00:07, 24.08it/s]
Epoch 28/50 [Train]:  59%|█████▉    | 270/459 [00:11<00:07, 23.87it/s]
Epoch 28/50 [Train]:  59%|█████▉    | 273/459 [00:11<00:07, 23.54it/s]
Epoch 28/50 [Train]:  60%|██████    | 276/459 [00:11<00:07, 23.61it/s]
Epoch 28/50 [Train]:  61%|██████    | 279/459 [00:11<00:07, 23.61it/s]
Epoch 28/50 [Train]:  61%|██████▏   | 282/459 [00:11<00:07, 23.50it/s]
Epoch 28/50 [Train]:  62%|██████▏   | 285/459 [00:11<00:07, 23.72it/s]
Epoch 28/50 [Train]:  63%|██████▎   | 288/459 [00:11<00:07, 23.69it/s]
Epoch 28/50 [Train]:  63%|██████▎   | 291/459 [00:12<00:07, 23.79it/s]
Epoch 28/50 [Train]:  64%|██████▍   | 294/459 [00:12<00:06, 23.85it/s]
Epoch 28/50 [Train]:  65%|██████▍   | 297/459 [00:12<00:06, 23.89it/s]
Epoch 28/50 [Train]:  65%|██████▌   | 300/459 [00:12<00:06, 23.99it/s]
Epoch 28/50 [Train]:  66%|██████▌   | 303/459 [00:12<00:06, 23.93it/s]
Epoch 28/50 [Train]:  67%|██████▋   | 306/459 [00:12<00:06, 23.92it/s]
Epoch 28/50 [Train]:  67%|██████▋   | 309/459 [00:12<00:06, 24.11it/s]
Epoch 28/50 [Train]:  68%|██████▊   | 312/459 [00:12<00:06, 24.14it/s]
Epoch 28/50 [Train]:  69%|██████▊   | 315/459 [00:13<00:05, 24.17it/s]
Epoch 28/50 [Train]:  69%|██████▉   | 318/459 [00:13<00:05, 24.18it/s]
Epoch 28/50 [Train]:  70%|██████▉   | 321/459 [00:13<00:05, 24.06it/s]
Epoch 28/50 [Train]:  71%|███████   | 324/459 [00:13<00:05, 23.95it/s]
Epoch 28/50 [Train]:  71%|███████   | 327/459 [00:13<00:05, 24.00it/s]
Epoch 28/50 [Train]:  72%|███████▏  | 330/459 [00:13<00:05, 24.06it/s]
Epoch 28/50 [Train]:  73%|███████▎  | 333/459 [00:13<00:05, 24.11it/s]
Epoch 28/50 [Train]:  73%|███████▎  | 336/459 [00:13<00:05, 24.10it/s]
Epoch 28/50 [Train]:  74%|███████▍  | 339/459 [00:14<00:04, 24.29it/s]
Epoch 28/50 [Train]:  75%|███████▍  | 342/459 [00:14<00:04, 24.29it/s]
Epoch 28/50 [Train]:  75%|███████▌  | 345/459 [00:14<00:04, 24.21it/s]
Epoch 28/50 [Train]:  76%|███████▌  | 348/459 [00:14<00:04, 24.09it/s]
Epoch 28/50 [Train]:  76%|███████▋  | 351/459 [00:14<00:04, 23.97it/s]
Epoch 28/50 [Train]:  77%|███████▋  | 354/459 [00:14<00:04, 23.95it/s]
Epoch 28/50 [Train]:  78%|███████▊  | 357/459 [00:14<00:04, 23.96it/s]
Epoch 28/50 [Train]:  78%|███████▊  | 360/459 [00:14<00:04, 23.98it/s]
Epoch 28/50 [Train]:  79%|███████▉  | 363/459 [00:15<00:03, 24.16it/s]
Epoch 28/50 [Train]:  80%|███████▉  | 366/459 [00:15<00:03, 24.13it/s]
Epoch 28/50 [Train]:  80%|████████  | 369/459 [00:15<00:03, 23.97it/s]
Epoch 28/50 [Train]:  81%|████████  | 372/459 [00:15<00:03, 23.96it/s]
Epoch 28/50 [Train]:  82%|████████▏ | 375/459 [00:15<00:03, 24.05it/s]
Epoch 28/50 [Train]:  82%|████████▏ | 378/459 [00:15<00:03, 24.22it/s]
Epoch 28/50 [Train]:  83%|████████▎ | 381/459 [00:15<00:03, 24.15it/s]
Epoch 28/50 [Train]:  84%|████████▎ | 384/459 [00:15<00:03, 24.17it/s]
Epoch 28/50 [Train]:  84%|████████▍ | 387/459 [00:16<00:02, 24.20it/s]
Epoch 28/50 [Train]:  85%|████████▍ | 390/459 [00:16<00:02, 24.33it/s]
Epoch 28/50 [Train]:  86%|████████▌ | 393/459 [00:16<00:02, 24.34it/s]
Epoch 28/50 [Train]:  86%|████████▋ | 396/459 [00:16<00:02, 24.22it/s]
Epoch 28/50 [Train]:  87%|████████▋ | 399/459 [00:16<00:02, 24.34it/s]
Epoch 28/50 [Train]:  88%|████████▊ | 402/459 [00:16<00:02, 24.29it/s]
Epoch 28/50 [Train]:  88%|████████▊ | 405/459 [00:16<00:02, 24.26it/s]
Epoch 28/50 [Train]:  89%|████████▉ | 408/459 [00:16<00:02, 24.27it/s]
Epoch 28/50 [Train]:  90%|████████▉ | 411/459 [00:17<00:01, 24.19it/s]
Epoch 28/50 [Train]:  90%|█████████ | 414/459 [00:17<00:01, 24.24it/s]
Epoch 28/50 [Train]:  91%|█████████ | 417/459 [00:17<00:01, 24.23it/s]
Epoch 28/50 [Train]:  92%|█████████▏| 420/459 [00:17<00:01, 24.10it/s]
Epoch 28/50 [Train]:  92%|█████████▏| 423/459 [00:17<00:01, 24.06it/s]
Epoch 28/50 [Train]:  93%|█████████▎| 426/459 [00:17<00:01, 24.04it/s]
Epoch 28/50 [Train]:  93%|█████████▎| 429/459 [00:17<00:01, 24.08it/s]
Epoch 28/50 [Train]:  94%|█████████▍| 432/459 [00:17<00:01, 24.24it/s]
Epoch 28/50 [Train]:  95%|█████████▍| 435/459 [00:18<00:00, 24.28it/s]
Epoch 28/50 [Train]:  95%|█████████▌| 438/459 [00:18<00:00, 24.29it/s]
Epoch 28/50 [Train]:  96%|█████████▌| 441/459 [00:18<00:00, 24.29it/s]
Epoch 28/50 [Train]:  97%|█████████▋| 444/459 [00:18<00:00, 24.37it/s]
Epoch 28/50 [Train]:  97%|█████████▋| 447/459 [00:18<00:00, 24.45it/s]
Epoch 28/50 [Train]:  98%|█████████▊| 450/459 [00:18<00:00, 24.47it/s]
Epoch 28/50 [Train]:  99%|█████████▊| 453/459 [00:18<00:00, 24.22it/s]
Epoch 28/50 [Train]:  99%|█████████▉| 456/459 [00:18<00:00, 24.30it/s]
Epoch 28/50 [Train]: 100%|██████████| 459/459 [00:19<00:00, 24.27it/s]
                                                                      

Epoch 28/50 [Val]:   0%|          | 0/113 [00:00<?, ?it/s]
Epoch 28/50 [Val]:   2%|▏         | 2/113 [00:00<00:06, 18.46it/s]
Epoch 28/50 [Val]:   4%|▎         | 4/113 [00:00<00:05, 18.37it/s]
Epoch 28/50 [Val]:   5%|▌         | 6/113 [00:00<00:05, 18.29it/s]
Epoch 28/50 [Val]:   7%|▋         | 8/113 [00:00<00:05, 18.06it/s]
Epoch 28/50 [Val]:   9%|▉         | 10/113 [00:00<00:05, 18.61it/s]
Epoch 28/50 [Val]:  11%|█         | 12/113 [00:00<00:05, 18.78it/s]
Epoch 28/50 [Val]:  12%|█▏        | 14/113 [00:00<00:05, 18.78it/s]
Epoch 28/50 [Val]:  14%|█▍        | 16/113 [00:00<00:05, 17.94it/s]
Epoch 28/50 [Val]:  16%|█▌        | 18/113 [00:00<00:05, 17.48it/s]
Epoch 28/50 [Val]:  18%|█▊        | 20/113 [00:01<00:05, 17.15it/s]
Epoch 28/50 [Val]:  19%|█▉        | 22/113 [00:01<00:05, 16.82it/s]
Epoch 28/50 [Val]:  21%|██        | 24/113 [00:01<00:05, 16.64it/s]
Epoch 28/50 [Val]:  23%|██▎       | 26/113 [00:01<00:05, 16.82it/s]
Epoch 28/50 [Val]:  25%|██▍       | 28/113 [00:01<00:04, 17.16it/s]
Epoch 28/50 [Val]:  27%|██▋       | 30/113 [00:01<00:04, 17.48it/s]
Epoch 28/50 [Val]:  28%|██▊       | 32/113 [00:01<00:04, 17.68it/s]
Epoch 28/50 [Val]:  30%|███       | 34/113 [00:01<00:04, 17.86it/s]
Epoch 28/50 [Val]:  32%|███▏      | 36/113 [00:02<00:04, 18.22it/s]
Epoch 28/50 [Val]:  34%|███▎      | 38/113 [00:02<00:04, 18.42it/s]
Epoch 28/50 [Val]:  35%|███▌      | 40/113 [00:02<00:03, 18.25it/s]
Epoch 28/50 [Val]:  37%|███▋      | 42/113 [00:02<00:03, 18.16it/s]
Epoch 28/50 [Val]:  39%|███▉      | 44/113 [00:02<00:03, 18.11it/s]
Epoch 28/50 [Val]:  41%|████      | 46/113 [00:02<00:03, 17.91it/s]
Epoch 28/50 [Val]:  42%|████▏     | 48/113 [00:02<00:03, 17.99it/s]
Epoch 28/50 [Val]:  44%|████▍     | 50/113 [00:02<00:03, 18.26it/s]
Epoch 28/50 [Val]:  47%|████▋     | 53/113 [00:02<00:03, 18.81it/s]
Epoch 28/50 [Val]:  49%|████▊     | 55/113 [00:03<00:03, 18.96it/s]
Epoch 28/50 [Val]:  50%|█████     | 57/113 [00:03<00:03, 18.40it/s]
Epoch 28/50 [Val]:  52%|█████▏    | 59/113 [00:03<00:02, 18.19it/s]
Epoch 28/50 [Val]:  54%|█████▍    | 61/113 [00:03<00:02, 18.06it/s]
Epoch 28/50 [Val]:  56%|█████▌    | 63/113 [00:03<00:02, 18.21it/s]
Epoch 28/50 [Val]:  58%|█████▊    | 65/113 [00:03<00:02, 18.12it/s]
Epoch 28/50 [Val]:  59%|█████▉    | 67/113 [00:03<00:02, 17.94it/s]
Epoch 28/50 [Val]:  61%|██████    | 69/113 [00:03<00:02, 18.01it/s]
Epoch 28/50 [Val]:  63%|██████▎   | 71/113 [00:03<00:02, 18.32it/s]
Epoch 28/50 [Val]:  65%|██████▍   | 73/113 [00:04<00:02, 18.48it/s]
Epoch 28/50 [Val]:  66%|██████▋   | 75/113 [00:04<00:02, 18.74it/s]
Epoch 28/50 [Val]:  68%|██████▊   | 77/113 [00:04<00:01, 18.52it/s]
Epoch 28/50 [Val]:  70%|██████▉   | 79/113 [00:04<00:01, 18.48it/s]
Epoch 28/50 [Val]:  72%|███████▏  | 81/113 [00:04<00:01, 18.29it/s]
Epoch 28/50 [Val]:  73%|███████▎  | 83/113 [00:04<00:01, 18.45it/s]
Epoch 28/50 [Val]:  75%|███████▌  | 85/113 [00:04<00:01, 18.32it/s]
Epoch 28/50 [Val]:  77%|███████▋  | 87/113 [00:04<00:01, 18.35it/s]
Epoch 28/50 [Val]:  79%|███████▉  | 89/113 [00:04<00:01, 18.42it/s]
Epoch 28/50 [Val]:  81%|████████  | 91/113 [00:05<00:01, 18.76it/s]
Epoch 28/50 [Val]:  82%|████████▏ | 93/113 [00:05<00:01, 18.70it/s]
Epoch 28/50 [Val]:  84%|████████▍ | 95/113 [00:05<00:00, 18.96it/s]
Epoch 28/50 [Val]:  86%|████████▌ | 97/113 [00:05<00:00, 18.96it/s]
Epoch 28/50 [Val]:  88%|████████▊ | 99/113 [00:05<00:00, 18.71it/s]
Epoch 28/50 [Val]:  89%|████████▉ | 101/113 [00:05<00:00, 18.34it/s]
Epoch 28/50 [Val]:  91%|█████████ | 103/113 [00:05<00:00, 18.33it/s]
Epoch 28/50 [Val]:  93%|█████████▎| 105/113 [00:05<00:00, 18.64it/s]
Epoch 28/50 [Val]:  95%|█████████▍| 107/113 [00:05<00:00, 18.76it/s]
Epoch 28/50 [Val]:  97%|█████████▋| 110/113 [00:06<00:00, 19.18it/s]
Epoch 28/50 [Val]:  99%|█████████▉| 112/113 [00:06<00:00, 19.27it/s]
                                                                    

Test:   0%|          | 0/109 [00:00<?, ?it/s]
Test:   2%|▏         | 2/109 [00:00<00:06, 16.81it/s]
Test:   4%|▎         | 4/109 [00:00<00:06, 16.54it/s]
Test:   6%|▌         | 6/109 [00:00<00:06, 16.62it/s]
Test:   7%|▋         | 8/109 [00:00<00:06, 16.45it/s]
Test:   9%|▉         | 10/109 [00:00<00:06, 15.95it/s]
Test:  11%|█         | 12/109 [00:00<00:05, 16.34it/s]
Test:  13%|█▎        | 14/109 [00:00<00:05, 16.51it/s]
Test:  15%|█▍        | 16/109 [00:00<00:05, 16.40it/s]
Test:  17%|█▋        | 18/109 [00:01<00:05, 16.36it/s]
Test:  18%|█▊        | 20/109 [00:01<00:05, 15.97it/s]
Test:  20%|██        | 22/109 [00:01<00:05, 15.69it/s]
Test:  22%|██▏       | 24/109 [00:01<00:05, 15.75it/s]
Test:  24%|██▍       | 26/109 [00:01<00:05, 16.09it/s]
Test:  26%|██▌       | 28/109 [00:01<00:05, 15.95it/s]
Test:  28%|██▊       | 30/109 [00:01<00:04, 16.01it/s]
Test:  29%|██▉       | 32/109 [00:01<00:04, 16.42it/s]
Test:  31%|███       | 34/109 [00:02<00:04, 16.70it/s]
Test:  33%|███▎      | 36/109 [00:02<00:04, 16.82it/s]
Test:  35%|███▍      | 38/109 [00:02<00:04, 16.90it/s]
Test:  37%|███▋      | 40/109 [00:02<00:04, 16.80it/s]
Test:  39%|███▊      | 42/109 [00:02<00:03, 16.85it/s]
Test:  40%|████      | 44/109 [00:02<00:03, 16.85it/s]
Test:  42%|████▏     | 46/109 [00:02<00:03, 16.71it/s]
Test:  44%|████▍     | 48/109 [00:02<00:03, 16.59it/s]
Test:  46%|████▌     | 50/109 [00:03<00:03, 16.61it/s]
Test:  48%|████▊     | 52/109 [00:03<00:03, 16.36it/s]
Test:  50%|████▉     | 54/109 [00:03<00:03, 16.46it/s]
Test:  51%|█████▏    | 56/109 [00:03<00:03, 16.77it/s]
Test:  53%|█████▎    | 58/109 [00:03<00:02, 17.28it/s]
Test:  55%|█████▌    | 60/109 [00:03<00:02, 17.45it/s]
Test:  57%|█████▋    | 62/109 [00:03<00:02, 17.66it/s]
Test:  59%|█████▊    | 64/109 [00:03<00:02, 17.86it/s]
Test:  61%|██████    | 66/109 [00:03<00:02, 18.14it/s]
Test:  62%|██████▏   | 68/109 [00:04<00:02, 18.41it/s]
Test:  64%|██████▍   | 70/109 [00:04<00:02, 18.35it/s]
Test:  66%|██████▌   | 72/109 [00:04<00:02, 18.40it/s]
Test:  68%|██████▊   | 74/109 [00:04<00:01, 18.40it/s]
Test:  70%|██████▉   | 76/109 [00:04<00:01, 18.48it/s]
Test:  72%|███████▏  | 79/109 [00:04<00:01, 18.86it/s]
Test:  74%|███████▍  | 81/109 [00:04<00:01, 18.84it/s]
Test:  76%|███████▌  | 83/109 [00:04<00:01, 18.84it/s]
Test:  78%|███████▊  | 85/109 [00:04<00:01, 18.81it/s]
Test:  80%|███████▉  | 87/109 [00:05<00:01, 18.77it/s]
Test:  82%|████████▏ | 89/109 [00:05<00:01, 18.19it/s]
Test:  83%|████████▎ | 91/109 [00:05<00:01, 17.97it/s]
Test:  85%|████████▌ | 93/109 [00:05<00:00, 17.93it/s]
Test:  87%|████████▋ | 95/109 [00:05<00:00, 18.17it/s]
Test:  89%|████████▉ | 97/109 [00:05<00:00, 18.52it/s]
Test:  91%|█████████ | 99/109 [00:05<00:00, 18.73it/s]
Test:  93%|█████████▎| 101/109 [00:05<00:00, 18.55it/s]
Test:  94%|█████████▍| 103/109 [00:05<00:00, 18.31it/s]
Test:  96%|█████████▋| 105/109 [00:06<00:00, 18.73it/s]
Test:  98%|█████████▊| 107/109 [00:06<00:00, 18.93it/s]
Test: 100%|██████████| 109/109 [00:06<00:00, 19.04it/s]
Test: 100%|██████████| 109/109 [00:06<00:00, 17.42it/s]
