===== STDOUT =====
[*] SMP baseline: deeplabv3plus, encoder=resnet34, weights=imagenet
[*] dataset: all_filtered (./dataset_all_filtered)
[*] save_path: ./results/experiments\all_filtered/smp_deeplabv3plus_resnet34_20260623_imagenet\0625_1635
[*] device: cuda, seed=42, seg_loss=bce_dice
Epoch 001 | LR=0.000100 | TrainLoss=0.8280 | ValLoss=0.5222 | Dice=0.6732 | IoU=0.5257 | Recall=0.6176 | Precision=0.8170 | HD95=27.26 | clDice=0.7804 | BoundaryF1=0.5327
[*] Saved best model: val Dice=0.6732
Epoch 002 | LR=0.000100 | TrainLoss=0.5495 | ValLoss=0.4130 | Dice=0.7553 | IoU=0.6157 | Recall=0.7507 | Precision=0.7869 | HD95=21.01 | clDice=0.8510 | BoundaryF1=0.6260
[*] Saved best model: val Dice=0.7553
Epoch 003 | LR=0.000099 | TrainLoss=0.5116 | ValLoss=0.4088 | Dice=0.7511 | IoU=0.6098 | Recall=0.7263 | Precision=0.8094 | HD95=21.69 | clDice=0.8505 | BoundaryF1=0.6249
Epoch 004 | LR=0.000098 | TrainLoss=0.4928 | ValLoss=0.3907 | Dice=0.7631 | IoU=0.6244 | Recall=0.7450 | Precision=0.8072 | HD95=19.12 | clDice=0.8607 | BoundaryF1=0.6404
[*] Saved best model: val Dice=0.7631
Epoch 005 | LR=0.000098 | TrainLoss=0.4745 | ValLoss=0.3754 | Dice=0.7756 | IoU=0.6408 | Recall=0.7751 | Precision=0.7964 | HD95=19.53 | clDice=0.8685 | BoundaryF1=0.6597
[*] Saved best model: val Dice=0.7756
Epoch 006 | LR=0.000097 | TrainLoss=0.4652 | ValLoss=0.3659 | Dice=0.7785 | IoU=0.6461 | Recall=0.7774 | Precision=0.8028 | HD95=19.49 | clDice=0.8720 | BoundaryF1=0.6666
[*] Saved best model: val Dice=0.7785
Epoch 007 | LR=0.000095 | TrainLoss=0.4517 | ValLoss=0.3697 | Dice=0.7806 | IoU=0.6478 | Recall=0.8102 | Precision=0.7733 | HD95=20.39 | clDice=0.8724 | BoundaryF1=0.6678
[*] Saved best model: val Dice=0.7806
Epoch 008 | LR=0.000094 | TrainLoss=0.4436 | ValLoss=0.3771 | Dice=0.7702 | IoU=0.6339 | Recall=0.7535 | Precision=0.8103 | HD95=19.84 | clDice=0.8685 | BoundaryF1=0.6574
Epoch 009 | LR=0.000092 | TrainLoss=0.4353 | ValLoss=0.3636 | Dice=0.7800 | IoU=0.6469 | Recall=0.7804 | Precision=0.7988 | HD95=19.18 | clDice=0.8732 | BoundaryF1=0.6710
Epoch 010 | LR=0.000091 | TrainLoss=0.4237 | ValLoss=0.3666 | Dice=0.7771 | IoU=0.6433 | Recall=0.7631 | Precision=0.8142 | HD95=19.27 | clDice=0.8724 | BoundaryF1=0.6668
Epoch 011 | LR=0.000089 | TrainLoss=0.4166 | ValLoss=0.3627 | Dice=0.7834 | IoU=0.6514 | Recall=0.7966 | Precision=0.7887 | HD95=18.50 | clDice=0.8783 | BoundaryF1=0.6743
[*] Saved best model: val Dice=0.7834
Epoch 012 | LR=0.000087 | TrainLoss=0.4109 | ValLoss=0.3723 | Dice=0.7722 | IoU=0.6367 | Recall=0.7461 | Precision=0.8247 | HD95=19.24 | clDice=0.8719 | BoundaryF1=0.6656
Epoch 013 | LR=0.000084 | TrainLoss=0.4000 | ValLoss=0.3691 | Dice=0.7770 | IoU=0.6429 | Recall=0.7793 | Precision=0.7951 | HD95=19.65 | clDice=0.8725 | BoundaryF1=0.6655
Epoch 014 | LR=0.000082 | TrainLoss=0.3956 | ValLoss=0.3639 | Dice=0.7805 | IoU=0.6478 | Recall=0.7886 | Precision=0.7927 | HD95=19.90 | clDice=0.8761 | BoundaryF1=0.6716
Epoch 015 | LR=0.000080 | TrainLoss=0.3847 | ValLoss=0.3768 | Dice=0.7691 | IoU=0.6333 | Recall=0.7360 | Precision=0.8296 | HD95=20.25 | clDice=0.8697 | BoundaryF1=0.6643
Epoch 016 | LR=0.000077 | TrainLoss=0.3829 | ValLoss=0.3742 | Dice=0.7707 | IoU=0.6352 | Recall=0.7363 | Precision=0.8306 | HD95=18.99 | clDice=0.8731 | BoundaryF1=0.6642
Epoch 017 | LR=0.000074 | TrainLoss=0.3750 | ValLoss=0.3704 | Dice=0.7750 | IoU=0.6399 | Recall=0.7548 | Precision=0.8181 | HD95=19.49 | clDice=0.8757 | BoundaryF1=0.6693
Epoch 018 | LR=0.000072 | TrainLoss=0.3656 | ValLoss=0.3696 | Dice=0.7755 | IoU=0.6419 | Recall=0.7629 | Precision=0.8110 | HD95=19.68 | clDice=0.8742 | BoundaryF1=0.6721
Epoch 019 | LR=0.000069 | TrainLoss=0.3594 | ValLoss=0.3668 | Dice=0.7798 | IoU=0.6472 | Recall=0.7737 | Precision=0.8077 | HD95=19.55 | clDice=0.8770 | BoundaryF1=0.6721
Epoch 020 | LR=0.000066 | TrainLoss=0.3547 | ValLoss=0.3744 | Dice=0.7749 | IoU=0.6416 | Recall=0.7618 | Precision=0.8111 | HD95=19.55 | clDice=0.8735 | BoundaryF1=0.6730
Epoch 021 | LR=0.000063 | TrainLoss=0.3466 | ValLoss=0.3708 | Dice=0.7775 | IoU=0.6455 | Recall=0.7709 | Precision=0.8055 | HD95=20.26 | clDice=0.8758 | BoundaryF1=0.6748
Epoch 022 | LR=0.000060 | TrainLoss=0.3405 | ValLoss=0.3749 | Dice=0.7727 | IoU=0.6383 | Recall=0.7479 | Precision=0.8210 | HD95=20.05 | clDice=0.8737 | BoundaryF1=0.6666
Epoch 023 | LR=0.000057 | TrainLoss=0.3347 | ValLoss=0.3670 | Dice=0.7805 | IoU=0.6483 | Recall=0.7744 | Precision=0.8067 | HD95=19.36 | clDice=0.8769 | BoundaryF1=0.6767
Epoch 024 | LR=0.000054 | TrainLoss=0.3271 | ValLoss=0.3686 | Dice=0.7780 | IoU=0.6448 | Recall=0.7637 | Precision=0.8137 | HD95=19.20 | clDice=0.8769 | BoundaryF1=0.6737
Epoch 025 | LR=0.000050 | TrainLoss=0.3210 | ValLoss=0.3723 | Dice=0.7774 | IoU=0.6439 | Recall=0.7620 | Precision=0.8145 | HD95=19.99 | clDice=0.8763 | BoundaryF1=0.6736
Epoch 026 | LR=0.000047 | TrainLoss=0.3187 | ValLoss=0.3768 | Dice=0.7752 | IoU=0.6419 | Recall=0.7605 | Precision=0.8121 | HD95=20.67 | clDice=0.8741 | BoundaryF1=0.6704
Epoch 027 | LR=0.000044 | TrainLoss=0.3131 | ValLoss=0.3728 | Dice=0.7768 | IoU=0.6433 | Recall=0.7642 | Precision=0.8091 | HD95=19.38 | clDice=0.8745 | BoundaryF1=0.6722
Epoch 028 | LR=0.000041 | TrainLoss=0.3065 | ValLoss=0.3739 | Dice=0.7758 | IoU=0.6411 | Recall=0.7548 | Precision=0.8185 | HD95=20.01 | clDice=0.8745 | BoundaryF1=0.6707
Epoch 029 | LR=0.000038 | TrainLoss=0.3006 | ValLoss=0.3837 | Dice=0.7685 | IoU=0.6319 | Recall=0.7321 | Precision=0.8318 | HD95=19.80 | clDice=0.8720 | BoundaryF1=0.6620
Epoch 030 | LR=0.000035 | TrainLoss=0.2976 | ValLoss=0.3718 | Dice=0.7790 | IoU=0.6456 | Recall=0.7675 | Precision=0.8101 | HD95=20.64 | clDice=0.8760 | BoundaryF1=0.6744
Epoch 031 | LR=0.000032 | TrainLoss=0.2912 | ValLoss=0.3776 | Dice=0.7739 | IoU=0.6386 | Recall=0.7451 | Precision=0.8253 | HD95=19.95 | clDice=0.8754 | BoundaryF1=0.6684
[*] Early stopping at epoch 31

[SMP Evaluation Complete]
Aggregate CSV: ./results/experiments\all_filtered/smp_deeplabv3plus_resnet34_20260623_imagenet\0625_1635\aggregate_results.csv
all_filtered/smp_deeplabv3plus_resnet34_20260623_imagenet: Dice=0.7456, IoU=0.6054, Recall=0.7868, Precision=0.7277, HD95=23.58, clDice=0.8341, BoundaryF1=0.6247
===== STDERR =====

Epoch 1/50 [Train]:   0%|          | 0/459 [00:00<?, ?it/s]
Epoch 1/50 [Train]:   0%|          | 1/459 [00:00<02:41,  2.83it/s]
Epoch 1/50 [Train]:   1%|          | 3/459 [00:00<01:00,  7.54it/s]
Epoch 1/50 [Train]:   1%|          | 5/459 [00:00<00:41, 10.97it/s]
Epoch 1/50 [Train]:   2%|▏         | 7/459 [00:00<00:33, 13.48it/s]
Epoch 1/50 [Train]:   2%|▏         | 10/459 [00:00<00:28, 15.87it/s]
Epoch 1/50 [Train]:   3%|▎         | 13/459 [00:00<00:25, 17.33it/s]
Epoch 1/50 [Train]:   3%|▎         | 15/459 [00:01<00:24, 17.82it/s]
Epoch 1/50 [Train]:   4%|▎         | 17/459 [00:01<00:24, 18.27it/s]
Epoch 1/50 [Train]:   4%|▍         | 19/459 [00:01<00:23, 18.52it/s]
Epoch 1/50 [Train]:   5%|▍         | 22/459 [00:01<00:22, 19.20it/s]
Epoch 1/50 [Train]:   5%|▌         | 25/459 [00:01<00:21, 19.76it/s]
Epoch 1/50 [Train]:   6%|▌         | 28/459 [00:01<00:21, 19.98it/s]
Epoch 1/50 [Train]:   7%|▋         | 31/459 [00:01<00:21, 20.16it/s]
Epoch 1/50 [Train]:   7%|▋         | 34/459 [00:02<00:20, 20.42it/s]
Epoch 1/50 [Train]:   8%|▊         | 37/459 [00:02<00:20, 20.44it/s]
Epoch 1/50 [Train]:   9%|▊         | 40/459 [00:02<00:20, 20.71it/s]
Epoch 1/50 [Train]:   9%|▉         | 43/459 [00:02<00:20, 20.77it/s]
Epoch 1/50 [Train]:  10%|█         | 46/459 [00:02<00:19, 20.76it/s]
Epoch 1/50 [Train]:  11%|█         | 49/459 [00:02<00:19, 20.80it/s]
Epoch 1/50 [Train]:  11%|█▏        | 52/459 [00:02<00:19, 20.71it/s]
Epoch 1/50 [Train]:  12%|█▏        | 55/459 [00:03<00:19, 20.55it/s]
Epoch 1/50 [Train]:  13%|█▎        | 58/459 [00:03<00:19, 20.20it/s]
Epoch 1/50 [Train]:  13%|█▎        | 61/459 [00:03<00:19, 20.28it/s]
Epoch 1/50 [Train]:  14%|█▍        | 64/459 [00:03<00:19, 20.26it/s]
Epoch 1/50 [Train]:  15%|█▍        | 67/459 [00:03<00:19, 20.34it/s]
Epoch 1/50 [Train]:  15%|█▌        | 70/459 [00:03<00:19, 20.44it/s]
Epoch 1/50 [Train]:  16%|█▌        | 73/459 [00:03<00:18, 20.40it/s]
Epoch 1/50 [Train]:  17%|█▋        | 76/459 [00:04<00:18, 20.53it/s]
Epoch 1/50 [Train]:  17%|█▋        | 79/459 [00:04<00:18, 20.59it/s]
Epoch 1/50 [Train]:  18%|█▊        | 82/459 [00:04<00:18, 20.69it/s]
Epoch 1/50 [Train]:  19%|█▊        | 85/459 [00:04<00:18, 20.73it/s]
Epoch 1/50 [Train]:  19%|█▉        | 88/459 [00:04<00:17, 20.80it/s]
Epoch 1/50 [Train]:  20%|█▉        | 91/459 [00:04<00:17, 20.84it/s]
Epoch 1/50 [Train]:  20%|██        | 94/459 [00:04<00:17, 20.88it/s]
Epoch 1/50 [Train]:  21%|██        | 97/459 [00:05<00:17, 20.87it/s]
Epoch 1/50 [Train]:  22%|██▏       | 100/459 [00:05<00:17, 20.88it/s]
Epoch 1/50 [Train]:  22%|██▏       | 103/459 [00:05<00:17, 20.75it/s]
Epoch 1/50 [Train]:  23%|██▎       | 106/459 [00:05<00:17, 20.66it/s]
Epoch 1/50 [Train]:  24%|██▎       | 109/459 [00:05<00:16, 20.67it/s]
Epoch 1/50 [Train]:  24%|██▍       | 112/459 [00:05<00:16, 20.69it/s]
Epoch 1/50 [Train]:  25%|██▌       | 115/459 [00:05<00:16, 20.64it/s]
Epoch 1/50 [Train]:  26%|██▌       | 118/459 [00:06<00:25, 13.63it/s]
Epoch 1/50 [Train]:  26%|██▋       | 121/459 [00:06<00:22, 15.24it/s]
Epoch 1/50 [Train]:  27%|██▋       | 124/459 [00:06<00:20, 16.53it/s]
Epoch 1/50 [Train]:  28%|██▊       | 127/459 [00:06<00:18, 17.70it/s]
Epoch 1/50 [Train]:  28%|██▊       | 130/459 [00:06<00:17, 18.45it/s]
Epoch 1/50 [Train]:  29%|██▉       | 133/459 [00:07<00:17, 19.06it/s]
Epoch 1/50 [Train]:  30%|██▉       | 136/459 [00:07<00:16, 19.52it/s]
Epoch 1/50 [Train]:  30%|███       | 139/459 [00:07<00:16, 19.88it/s]
Epoch 1/50 [Train]:  31%|███       | 142/459 [00:07<00:15, 20.26it/s]
Epoch 1/50 [Train]:  32%|███▏      | 145/459 [00:07<00:15, 20.28it/s]
Epoch 1/50 [Train]:  32%|███▏      | 148/459 [00:07<00:15, 20.46it/s]
Epoch 1/50 [Train]:  33%|███▎      | 151/459 [00:07<00:15, 20.53it/s]
Epoch 1/50 [Train]:  34%|███▎      | 154/459 [00:08<00:14, 20.64it/s]
Epoch 1/50 [Train]:  34%|███▍      | 157/459 [00:08<00:14, 20.65it/s]
Epoch 1/50 [Train]:  35%|███▍      | 160/459 [00:08<00:14, 20.56it/s]
Epoch 1/50 [Train]:  36%|███▌      | 163/459 [00:08<00:14, 20.49it/s]
Epoch 1/50 [Train]:  36%|███▌      | 166/459 [00:08<00:14, 20.36it/s]
Epoch 1/50 [Train]:  37%|███▋      | 169/459 [00:08<00:14, 20.54it/s]
Epoch 1/50 [Train]:  37%|███▋      | 172/459 [00:08<00:13, 20.72it/s]
Epoch 1/50 [Train]:  38%|███▊      | 175/459 [00:09<00:13, 20.75it/s]
Epoch 1/50 [Train]:  39%|███▉      | 178/459 [00:09<00:13, 20.73it/s]
Epoch 1/50 [Train]:  39%|███▉      | 181/459 [00:09<00:13, 20.73it/s]
Epoch 1/50 [Train]:  40%|████      | 184/459 [00:09<00:13, 20.80it/s]
Epoch 1/50 [Train]:  41%|████      | 187/459 [00:09<00:13, 20.75it/s]
Epoch 1/50 [Train]:  41%|████▏     | 190/459 [00:09<00:12, 20.75it/s]
Epoch 1/50 [Train]:  42%|████▏     | 193/459 [00:09<00:12, 20.71it/s]
Epoch 1/50 [Train]:  43%|████▎     | 196/459 [00:10<00:12, 20.55it/s]
Epoch 1/50 [Train]:  43%|████▎     | 199/459 [00:10<00:12, 20.49it/s]
Epoch 1/50 [Train]:  44%|████▍     | 202/459 [00:10<00:12, 20.33it/s]
Epoch 1/50 [Train]:  45%|████▍     | 205/459 [00:10<00:12, 20.45it/s]
Epoch 1/50 [Train]:  45%|████▌     | 208/459 [00:10<00:12, 20.52it/s]
Epoch 1/50 [Train]:  46%|████▌     | 211/459 [00:10<00:12, 20.50it/s]
Epoch 1/50 [Train]:  47%|████▋     | 214/459 [00:10<00:11, 20.49it/s]
Epoch 1/50 [Train]:  47%|████▋     | 217/459 [00:11<00:11, 20.51it/s]
Epoch 1/50 [Train]:  48%|████▊     | 220/459 [00:11<00:11, 20.58it/s]
Epoch 1/50 [Train]:  49%|████▊     | 223/459 [00:11<00:11, 20.78it/s]
Epoch 1/50 [Train]:  49%|████▉     | 226/459 [00:11<00:11, 20.75it/s]
Epoch 1/50 [Train]:  50%|████▉     | 229/459 [00:11<00:11, 20.47it/s]
Epoch 1/50 [Train]:  51%|█████     | 232/459 [00:11<00:11, 20.31it/s]
Epoch 1/50 [Train]:  51%|█████     | 235/459 [00:12<00:11, 20.11it/s]
Epoch 1/50 [Train]:  52%|█████▏    | 238/459 [00:12<00:10, 20.34it/s]
Epoch 1/50 [Train]:  53%|█████▎    | 241/459 [00:12<00:10, 20.38it/s]
Epoch 1/50 [Train]:  53%|█████▎    | 244/459 [00:12<00:10, 20.02it/s]
Epoch 1/50 [Train]:  54%|█████▍    | 247/459 [00:12<00:10, 20.26it/s]
Epoch 1/50 [Train]:  54%|█████▍    | 250/459 [00:12<00:10, 20.32it/s]
Epoch 1/50 [Train]:  55%|█████▌    | 253/459 [00:12<00:10, 20.37it/s]
Epoch 1/50 [Train]:  56%|█████▌    | 256/459 [00:13<00:09, 20.44it/s]
Epoch 1/50 [Train]:  56%|█████▋    | 259/459 [00:13<00:09, 20.34it/s]
Epoch 1/50 [Train]:  57%|█████▋    | 262/459 [00:13<00:09, 20.05it/s]
Epoch 1/50 [Train]:  58%|█████▊    | 265/459 [00:13<00:09, 20.09it/s]
Epoch 1/50 [Train]:  58%|█████▊    | 268/459 [00:13<00:09, 20.15it/s]
Epoch 1/50 [Train]:  59%|█████▉    | 271/459 [00:13<00:09, 20.43it/s]
Epoch 1/50 [Train]:  60%|█████▉    | 274/459 [00:13<00:09, 20.28it/s]
Epoch 1/50 [Train]:  60%|██████    | 277/459 [00:14<00:08, 20.33it/s]
Epoch 1/50 [Train]:  61%|██████    | 280/459 [00:14<00:08, 20.44it/s]
Epoch 1/50 [Train]:  62%|██████▏   | 283/459 [00:14<00:08, 20.49it/s]
Epoch 1/50 [Train]:  62%|██████▏   | 286/459 [00:14<00:08, 20.53it/s]
Epoch 1/50 [Train]:  63%|██████▎   | 289/459 [00:14<00:08, 20.47it/s]
Epoch 1/50 [Train]:  64%|██████▎   | 292/459 [00:14<00:08, 20.53it/s]
Epoch 1/50 [Train]:  64%|██████▍   | 295/459 [00:14<00:07, 20.70it/s]
Epoch 1/50 [Train]:  65%|██████▍   | 298/459 [00:15<00:07, 20.57it/s]
Epoch 1/50 [Train]:  66%|██████▌   | 301/459 [00:15<00:07, 20.62it/s]
Epoch 1/50 [Train]:  66%|██████▌   | 304/459 [00:15<00:07, 20.46it/s]
Epoch 1/50 [Train]:  67%|██████▋   | 307/459 [00:15<00:07, 20.47it/s]
Epoch 1/50 [Train]:  68%|██████▊   | 310/459 [00:15<00:07, 20.60it/s]
Epoch 1/50 [Train]:  68%|██████▊   | 313/459 [00:15<00:07, 20.43it/s]
Epoch 1/50 [Train]:  69%|██████▉   | 316/459 [00:15<00:06, 20.52it/s]
Epoch 1/50 [Train]:  69%|██████▉   | 319/459 [00:16<00:06, 20.65it/s]
Epoch 1/50 [Train]:  70%|███████   | 322/459 [00:16<00:06, 20.55it/s]
Epoch 1/50 [Train]:  71%|███████   | 325/459 [00:16<00:06, 20.64it/s]
Epoch 1/50 [Train]:  71%|███████▏  | 328/459 [00:16<00:06, 20.53it/s]
Epoch 1/50 [Train]:  72%|███████▏  | 331/459 [00:16<00:06, 20.60it/s]
Epoch 1/50 [Train]:  73%|███████▎  | 334/459 [00:16<00:06, 20.49it/s]
Epoch 1/50 [Train]:  73%|███████▎  | 337/459 [00:16<00:05, 20.45it/s]
Epoch 1/50 [Train]:  74%|███████▍  | 340/459 [00:17<00:05, 20.64it/s]
Epoch 1/50 [Train]:  75%|███████▍  | 343/459 [00:17<00:05, 20.63it/s]
Epoch 1/50 [Train]:  75%|███████▌  | 346/459 [00:17<00:05, 20.63it/s]
Epoch 1/50 [Train]:  76%|███████▌  | 349/459 [00:17<00:05, 20.71it/s]
Epoch 1/50 [Train]:  77%|███████▋  | 352/459 [00:17<00:05, 20.74it/s]
Epoch 1/50 [Train]:  77%|███████▋  | 355/459 [00:17<00:05, 20.62it/s]
Epoch 1/50 [Train]:  78%|███████▊  | 358/459 [00:18<00:04, 20.68it/s]
Epoch 1/50 [Train]:  79%|███████▊  | 361/459 [00:18<00:04, 20.68it/s]
Epoch 1/50 [Train]:  79%|███████▉  | 364/459 [00:18<00:04, 20.55it/s]
Epoch 1/50 [Train]:  80%|███████▉  | 367/459 [00:18<00:04, 20.59it/s]
Epoch 1/50 [Train]:  81%|████████  | 370/459 [00:18<00:04, 20.56it/s]
Epoch 1/50 [Train]:  81%|████████▏ | 373/459 [00:18<00:04, 20.53it/s]
Epoch 1/50 [Train]:  82%|████████▏ | 376/459 [00:18<00:04, 20.59it/s]
Epoch 1/50 [Train]:  83%|████████▎ | 379/459 [00:19<00:03, 20.74it/s]
Epoch 1/50 [Train]:  83%|████████▎ | 382/459 [00:19<00:03, 20.62it/s]
Epoch 1/50 [Train]:  84%|████████▍ | 385/459 [00:19<00:03, 20.67it/s]
Epoch 1/50 [Train]:  85%|████████▍ | 388/459 [00:19<00:03, 20.72it/s]
Epoch 1/50 [Train]:  85%|████████▌ | 391/459 [00:19<00:03, 20.73it/s]
Epoch 1/50 [Train]:  86%|████████▌ | 394/459 [00:19<00:03, 20.65it/s]
Epoch 1/50 [Train]:  86%|████████▋ | 397/459 [00:19<00:02, 20.76it/s]
Epoch 1/50 [Train]:  87%|████████▋ | 400/459 [00:20<00:02, 20.74it/s]
Epoch 1/50 [Train]:  88%|████████▊ | 403/459 [00:20<00:02, 20.76it/s]
Epoch 1/50 [Train]:  88%|████████▊ | 406/459 [00:20<00:02, 20.76it/s]
Epoch 1/50 [Train]:  89%|████████▉ | 409/459 [00:20<00:02, 20.80it/s]
Epoch 1/50 [Train]:  90%|████████▉ | 412/459 [00:20<00:02, 20.83it/s]
Epoch 1/50 [Train]:  90%|█████████ | 415/459 [00:20<00:02, 20.61it/s]
Epoch 1/50 [Train]:  91%|█████████ | 418/459 [00:20<00:01, 20.69it/s]
Epoch 1/50 [Train]:  92%|█████████▏| 421/459 [00:21<00:01, 20.63it/s]
Epoch 1/50 [Train]:  92%|█████████▏| 424/459 [00:21<00:01, 20.64it/s]
Epoch 1/50 [Train]:  93%|█████████▎| 427/459 [00:21<00:01, 20.55it/s]
Epoch 1/50 [Train]:  94%|█████████▎| 430/459 [00:21<00:01, 20.65it/s]
Epoch 1/50 [Train]:  94%|█████████▍| 433/459 [00:21<00:01, 20.73it/s]
Epoch 1/50 [Train]:  95%|█████████▍| 436/459 [00:21<00:01, 20.81it/s]
Epoch 1/50 [Train]:  96%|█████████▌| 439/459 [00:21<00:00, 20.94it/s]
Epoch 1/50 [Train]:  96%|█████████▋| 442/459 [00:22<00:00, 20.93it/s]
Epoch 1/50 [Train]:  97%|█████████▋| 445/459 [00:22<00:00, 20.97it/s]
Epoch 1/50 [Train]:  98%|█████████▊| 448/459 [00:22<00:00, 20.90it/s]
Epoch 1/50 [Train]:  98%|█████████▊| 451/459 [00:22<00:00, 20.86it/s]
Epoch 1/50 [Train]:  99%|█████████▉| 454/459 [00:22<00:00, 20.76it/s]
Epoch 1/50 [Train]: 100%|█████████▉| 457/459 [00:22<00:00, 20.67it/s]
                                                                     

Epoch 1/50 [Val]:   0%|          | 0/113 [00:00<?, ?it/s]
Epoch 1/50 [Val]:   2%|▏         | 2/113 [00:00<00:06, 17.02it/s]
Epoch 1/50 [Val]:   4%|▎         | 4/113 [00:00<00:06, 17.28it/s]
Epoch 1/50 [Val]:   5%|▌         | 6/113 [00:00<00:06, 17.26it/s]
Epoch 1/50 [Val]:   7%|▋         | 8/113 [00:00<00:06, 17.46it/s]
Epoch 1/50 [Val]:   9%|▉         | 10/113 [00:00<00:05, 18.00it/s]
Epoch 1/50 [Val]:  11%|█         | 12/113 [00:00<00:05, 17.98it/s]
Epoch 1/50 [Val]:  12%|█▏        | 14/113 [00:00<00:05, 17.78it/s]
Epoch 1/50 [Val]:  14%|█▍        | 16/113 [00:00<00:05, 16.77it/s]
Epoch 1/50 [Val]:  16%|█▌        | 18/113 [00:01<00:05, 16.26it/s]
Epoch 1/50 [Val]:  18%|█▊        | 20/113 [00:01<00:05, 16.01it/s]
Epoch 1/50 [Val]:  19%|█▉        | 22/113 [00:01<00:05, 15.95it/s]
Epoch 1/50 [Val]:  21%|██        | 24/113 [00:01<00:05, 15.83it/s]
Epoch 1/50 [Val]:  23%|██▎       | 26/113 [00:01<00:05, 15.92it/s]
Epoch 1/50 [Val]:  25%|██▍       | 28/113 [00:01<00:05, 16.08it/s]
Epoch 1/50 [Val]:  27%|██▋       | 30/113 [00:01<00:05, 16.29it/s]
Epoch 1/50 [Val]:  28%|██▊       | 32/113 [00:01<00:04, 16.61it/s]
Epoch 1/50 [Val]:  30%|███       | 34/113 [00:02<00:04, 16.88it/s]
Epoch 1/50 [Val]:  32%|███▏      | 36/113 [00:02<00:04, 17.14it/s]
Epoch 1/50 [Val]:  34%|███▎      | 38/113 [00:02<00:04, 17.34it/s]
Epoch 1/50 [Val]:  35%|███▌      | 40/113 [00:02<00:04, 17.47it/s]
Epoch 1/50 [Val]:  37%|███▋      | 42/113 [00:02<00:04, 17.72it/s]
Epoch 1/50 [Val]:  39%|███▉      | 44/113 [00:02<00:03, 17.60it/s]
Epoch 1/50 [Val]:  41%|████      | 46/113 [00:02<00:03, 17.30it/s]
Epoch 1/50 [Val]:  42%|████▏     | 48/113 [00:02<00:03, 17.29it/s]
Epoch 1/50 [Val]:  44%|████▍     | 50/113 [00:02<00:03, 17.50it/s]
Epoch 1/50 [Val]:  46%|████▌     | 52/113 [00:03<00:03, 17.76it/s]
Epoch 1/50 [Val]:  48%|████▊     | 54/113 [00:03<00:03, 17.88it/s]
Epoch 1/50 [Val]:  50%|████▉     | 56/113 [00:03<00:03, 18.03it/s]
Epoch 1/50 [Val]:  51%|█████▏    | 58/113 [00:03<00:03, 17.43it/s]
Epoch 1/50 [Val]:  53%|█████▎    | 60/113 [00:03<00:02, 17.81it/s]
Epoch 1/50 [Val]:  55%|█████▍    | 62/113 [00:03<00:02, 17.87it/s]
Epoch 1/50 [Val]:  57%|█████▋    | 64/113 [00:03<00:02, 17.65it/s]
Epoch 1/50 [Val]:  58%|█████▊    | 66/113 [00:03<00:02, 17.37it/s]
Epoch 1/50 [Val]:  60%|██████    | 68/113 [00:03<00:02, 17.20it/s]
Epoch 1/50 [Val]:  62%|██████▏   | 70/113 [00:04<00:02, 17.47it/s]
Epoch 1/50 [Val]:  64%|██████▎   | 72/113 [00:04<00:02, 17.67it/s]
Epoch 1/50 [Val]:  65%|██████▌   | 74/113 [00:04<00:02, 17.79it/s]
Epoch 1/50 [Val]:  67%|██████▋   | 76/113 [00:04<00:02, 17.83it/s]
Epoch 1/50 [Val]:  69%|██████▉   | 78/113 [00:04<00:01, 17.84it/s]
Epoch 1/50 [Val]:  71%|███████   | 80/113 [00:04<00:01, 17.74it/s]
Epoch 1/50 [Val]:  73%|███████▎  | 82/113 [00:04<00:01, 17.66it/s]
Epoch 1/50 [Val]:  74%|███████▍  | 84/113 [00:04<00:01, 17.74it/s]
Epoch 1/50 [Val]:  76%|███████▌  | 86/113 [00:04<00:01, 17.77it/s]
Epoch 1/50 [Val]:  78%|███████▊  | 88/113 [00:05<00:01, 17.60it/s]
Epoch 1/50 [Val]:  80%|███████▉  | 90/113 [00:05<00:01, 17.76it/s]
Epoch 1/50 [Val]:  81%|████████▏ | 92/113 [00:05<00:01, 17.98it/s]
Epoch 1/50 [Val]:  83%|████████▎ | 94/113 [00:05<00:01, 18.21it/s]
Epoch 1/50 [Val]:  85%|████████▍ | 96/113 [00:05<00:00, 18.56it/s]
Epoch 1/50 [Val]:  87%|████████▋ | 98/113 [00:05<00:00, 18.59it/s]
Epoch 1/50 [Val]:  88%|████████▊ | 100/113 [00:05<00:00, 18.29it/s]
Epoch 1/50 [Val]:  90%|█████████ | 102/113 [00:05<00:00, 17.98it/s]
Epoch 1/50 [Val]:  92%|█████████▏| 104/113 [00:05<00:00, 18.19it/s]
Epoch 1/50 [Val]:  94%|█████████▍| 106/113 [00:06<00:00, 18.39it/s]
Epoch 1/50 [Val]:  96%|█████████▌| 108/113 [00:06<00:00, 18.45it/s]
Epoch 1/50 [Val]:  97%|█████████▋| 110/113 [00:06<00:00, 18.59it/s]
Epoch 1/50 [Val]:  99%|█████████▉| 112/113 [00:06<00:00, 18.43it/s]
                                                                   

Epoch 2/50 [Train]:   0%|          | 0/459 [00:00<?, ?it/s]
Epoch 2/50 [Train]:   0%|          | 2/459 [00:00<00:22, 19.97it/s]
Epoch 2/50 [Train]:   1%|          | 5/459 [00:00<00:22, 20.29it/s]
Epoch 2/50 [Train]:   2%|▏         | 8/459 [00:00<00:22, 20.46it/s]
Epoch 2/50 [Train]:   2%|▏         | 11/459 [00:00<00:21, 20.72it/s]
Epoch 2/50 [Train]:   3%|▎         | 14/459 [00:00<00:21, 20.71it/s]
Epoch 2/50 [Train]:   4%|▎         | 17/459 [00:00<00:21, 20.79it/s]
Epoch 2/50 [Train]:   4%|▍         | 20/459 [00:00<00:21, 20.78it/s]
Epoch 2/50 [Train]:   5%|▌         | 23/459 [00:01<00:20, 20.91it/s]
Epoch 2/50 [Train]:   6%|▌         | 26/459 [00:01<00:20, 20.95it/s]
Epoch 2/50 [Train]:   6%|▋         | 29/459 [00:01<00:20, 20.80it/s]
Epoch 2/50 [Train]:   7%|▋         | 32/459 [00:01<00:20, 20.91it/s]
Epoch 2/50 [Train]:   8%|▊         | 35/459 [00:01<00:20, 20.91it/s]
Epoch 2/50 [Train]:   8%|▊         | 38/459 [00:01<00:20, 20.86it/s]
Epoch 2/50 [Train]:   9%|▉         | 41/459 [00:01<00:20, 20.83it/s]
Epoch 2/50 [Train]:  10%|▉         | 44/459 [00:02<00:19, 20.87it/s]
Epoch 2/50 [Train]:  10%|█         | 47/459 [00:02<00:19, 20.86it/s]
Epoch 2/50 [Train]:  11%|█         | 50/459 [00:02<00:19, 20.75it/s]
Epoch 2/50 [Train]:  12%|█▏        | 53/459 [00:02<00:19, 20.85it/s]
Epoch 2/50 [Train]:  12%|█▏        | 56/459 [00:02<00:19, 20.76it/s]
Epoch 2/50 [Train]:  13%|█▎        | 59/459 [00:02<00:19, 20.86it/s]
Epoch 2/50 [Train]:  14%|█▎        | 62/459 [00:02<00:18, 20.92it/s]
Epoch 2/50 [Train]:  14%|█▍        | 65/459 [00:03<00:18, 20.79it/s]
Epoch 2/50 [Train]:  15%|█▍        | 68/459 [00:03<00:18, 20.83it/s]
Epoch 2/50 [Train]:  15%|█▌        | 71/459 [00:03<00:18, 20.82it/s]
Epoch 2/50 [Train]:  16%|█▌        | 74/459 [00:03<00:18, 20.78it/s]
Epoch 2/50 [Train]:  17%|█▋        | 77/459 [00:03<00:18, 20.79it/s]
Epoch 2/50 [Train]:  17%|█▋        | 80/459 [00:03<00:18, 20.59it/s]
Epoch 2/50 [Train]:  18%|█▊        | 83/459 [00:03<00:18, 20.68it/s]
Epoch 2/50 [Train]:  19%|█▊        | 86/459 [00:04<00:17, 20.75it/s]
Epoch 2/50 [Train]:  19%|█▉        | 89/459 [00:04<00:17, 20.66it/s]
Epoch 2/50 [Train]:  20%|██        | 92/459 [00:04<00:17, 20.70it/s]
Epoch 2/50 [Train]:  21%|██        | 95/459 [00:04<00:17, 20.72it/s]
Epoch 2/50 [Train]:  21%|██▏       | 98/459 [00:04<00:17, 20.85it/s]
Epoch 2/50 [Train]:  22%|██▏       | 101/459 [00:04<00:17, 20.97it/s]
Epoch 2/50 [Train]:  23%|██▎       | 104/459 [00:05<00:17, 20.86it/s]
Epoch 2/50 [Train]:  23%|██▎       | 107/459 [00:05<00:16, 20.80it/s]
Epoch 2/50 [Train]:  24%|██▍       | 110/459 [00:05<00:16, 20.83it/s]
Epoch 2/50 [Train]:  25%|██▍       | 113/459 [00:05<00:16, 20.65it/s]
Epoch 2/50 [Train]:  25%|██▌       | 116/459 [00:05<00:16, 20.72it/s]
Epoch 2/50 [Train]:  26%|██▌       | 119/459 [00:05<00:16, 20.82it/s]
Epoch 2/50 [Train]:  27%|██▋       | 122/459 [00:05<00:16, 20.65it/s]
Epoch 2/50 [Train]:  27%|██▋       | 125/459 [00:06<00:16, 20.69it/s]
Epoch 2/50 [Train]:  28%|██▊       | 128/459 [00:06<00:16, 20.60it/s]
Epoch 2/50 [Train]:  29%|██▊       | 131/459 [00:06<00:15, 20.65it/s]
Epoch 2/50 [Train]:  29%|██▉       | 134/459 [00:06<00:15, 20.59it/s]
Epoch 2/50 [Train]:  30%|██▉       | 137/459 [00:06<00:15, 20.55it/s]
Epoch 2/50 [Train]:  31%|███       | 140/459 [00:06<00:15, 20.57it/s]
Epoch 2/50 [Train]:  31%|███       | 143/459 [00:06<00:15, 20.58it/s]
Epoch 2/50 [Train]:  32%|███▏      | 146/459 [00:07<00:15, 20.79it/s]
Epoch 2/50 [Train]:  32%|███▏      | 149/459 [00:07<00:14, 20.86it/s]
Epoch 2/50 [Train]:  33%|███▎      | 152/459 [00:07<00:14, 20.89it/s]
Epoch 2/50 [Train]:  34%|███▍      | 155/459 [00:07<00:14, 20.85it/s]
Epoch 2/50 [Train]:  34%|███▍      | 158/459 [00:07<00:14, 20.95it/s]
Epoch 2/50 [Train]:  35%|███▌      | 161/459 [00:07<00:14, 20.83it/s]
Epoch 2/50 [Train]:  36%|███▌      | 164/459 [00:07<00:14, 20.80it/s]
Epoch 2/50 [Train]:  36%|███▋      | 167/459 [00:08<00:14, 20.81it/s]
Epoch 2/50 [Train]:  37%|███▋      | 170/459 [00:08<00:13, 20.86it/s]
Epoch 2/50 [Train]:  38%|███▊      | 173/459 [00:08<00:13, 20.94it/s]
Epoch 2/50 [Train]:  38%|███▊      | 176/459 [00:08<00:13, 20.90it/s]
Epoch 2/50 [Train]:  39%|███▉      | 179/459 [00:08<00:13, 20.81it/s]
Epoch 2/50 [Train]:  40%|███▉      | 182/459 [00:08<00:13, 20.86it/s]
Epoch 2/50 [Train]:  40%|████      | 185/459 [00:08<00:13, 20.76it/s]
Epoch 2/50 [Train]:  41%|████      | 188/459 [00:09<00:13, 20.80it/s]
Epoch 2/50 [Train]:  42%|████▏     | 191/459 [00:09<00:12, 20.83it/s]
Epoch 2/50 [Train]:  42%|████▏     | 194/459 [00:09<00:12, 20.92it/s]
Epoch 2/50 [Train]:  43%|████▎     | 197/459 [00:09<00:12, 20.82it/s]
Epoch 2/50 [Train]:  44%|████▎     | 200/459 [00:09<00:12, 20.82it/s]
Epoch 2/50 [Train]:  44%|████▍     | 203/459 [00:09<00:12, 20.78it/s]
Epoch 2/50 [Train]:  45%|████▍     | 206/459 [00:09<00:12, 20.79it/s]
Epoch 2/50 [Train]:  46%|████▌     | 209/459 [00:10<00:11, 20.87it/s]
Epoch 2/50 [Train]:  46%|████▌     | 212/459 [00:10<00:11, 20.86it/s]
Epoch 2/50 [Train]:  47%|████▋     | 215/459 [00:10<00:11, 20.92it/s]
Epoch 2/50 [Train]:  47%|████▋     | 218/459 [00:10<00:11, 20.89it/s]
Epoch 2/50 [Train]:  48%|████▊     | 221/459 [00:10<00:11, 20.98it/s]
Epoch 2/50 [Train]:  49%|████▉     | 224/459 [00:10<00:11, 20.98it/s]
Epoch 2/50 [Train]:  49%|████▉     | 227/459 [00:10<00:11, 20.93it/s]
Epoch 2/50 [Train]:  50%|█████     | 230/459 [00:11<00:10, 20.94it/s]
Epoch 2/50 [Train]:  51%|█████     | 233/459 [00:11<00:10, 20.89it/s]
Epoch 2/50 [Train]:  51%|█████▏    | 236/459 [00:11<00:10, 20.91it/s]
Epoch 2/50 [Train]:  52%|█████▏    | 239/459 [00:11<00:10, 20.97it/s]
Epoch 2/50 [Train]:  53%|█████▎    | 242/459 [00:11<00:10, 21.01it/s]
Epoch 2/50 [Train]:  53%|█████▎    | 245/459 [00:11<00:10, 21.00it/s]
Epoch 2/50 [Train]:  54%|█████▍    | 248/459 [00:11<00:10, 20.97it/s]
Epoch 2/50 [Train]:  55%|█████▍    | 251/459 [00:12<00:09, 20.95it/s]
Epoch 2/50 [Train]:  55%|█████▌    | 254/459 [00:12<00:09, 20.93it/s]
Epoch 2/50 [Train]:  56%|█████▌    | 257/459 [00:12<00:09, 21.00it/s]
Epoch 2/50 [Train]:  57%|█████▋    | 260/459 [00:12<00:09, 20.86it/s]
Epoch 2/50 [Train]:  57%|█████▋    | 263/459 [00:12<00:09, 20.91it/s]
Epoch 2/50 [Train]:  58%|█████▊    | 266/459 [00:12<00:09, 20.82it/s]
Epoch 2/50 [Train]:  59%|█████▊    | 269/459 [00:12<00:09, 20.88it/s]
Epoch 2/50 [Train]:  59%|█████▉    | 272/459 [00:13<00:08, 20.96it/s]
Epoch 2/50 [Train]:  60%|█████▉    | 275/459 [00:13<00:08, 21.00it/s]
Epoch 2/50 [Train]:  61%|██████    | 278/459 [00:13<00:08, 21.04it/s]
Epoch 2/50 [Train]:  61%|██████    | 281/459 [00:13<00:08, 21.05it/s]
Epoch 2/50 [Train]:  62%|██████▏   | 284/459 [00:13<00:08, 20.98it/s]
Epoch 2/50 [Train]:  63%|██████▎   | 287/459 [00:13<00:08, 20.86it/s]
Epoch 2/50 [Train]:  63%|██████▎   | 290/459 [00:13<00:08, 20.89it/s]
Epoch 2/50 [Train]:  64%|██████▍   | 293/459 [00:14<00:07, 20.92it/s]
Epoch 2/50 [Train]:  64%|██████▍   | 296/459 [00:14<00:07, 20.86it/s]
Epoch 2/50 [Train]:  65%|██████▌   | 299/459 [00:14<00:07, 20.94it/s]
Epoch 2/50 [Train]:  66%|██████▌   | 302/459 [00:14<00:07, 20.93it/s]
Epoch 2/50 [Train]:  66%|██████▋   | 305/459 [00:14<00:07, 20.90it/s]
Epoch 2/50 [Train]:  67%|██████▋   | 308/459 [00:14<00:07, 20.89it/s]
Epoch 2/50 [Train]:  68%|██████▊   | 311/459 [00:14<00:07, 20.95it/s]
Epoch 2/50 [Train]:  68%|██████▊   | 314/459 [00:15<00:06, 20.98it/s]
Epoch 2/50 [Train]:  69%|██████▉   | 317/459 [00:15<00:06, 20.85it/s]
Epoch 2/50 [Train]:  70%|██████▉   | 320/459 [00:15<00:06, 20.84it/s]
Epoch 2/50 [Train]:  70%|███████   | 323/459 [00:15<00:06, 20.85it/s]
Epoch 2/50 [Train]:  71%|███████   | 326/459 [00:15<00:06, 20.73it/s]
Epoch 2/50 [Train]:  72%|███████▏  | 329/459 [00:15<00:06, 20.74it/s]
Epoch 2/50 [Train]:  72%|███████▏  | 332/459 [00:15<00:06, 20.83it/s]
Epoch 2/50 [Train]:  73%|███████▎  | 335/459 [00:16<00:05, 20.83it/s]
Epoch 2/50 [Train]:  74%|███████▎  | 338/459 [00:16<00:05, 20.76it/s]
Epoch 2/50 [Train]:  74%|███████▍  | 341/459 [00:16<00:05, 20.94it/s]
Epoch 2/50 [Train]:  75%|███████▍  | 344/459 [00:16<00:05, 20.92it/s]
Epoch 2/50 [Train]:  76%|███████▌  | 347/459 [00:16<00:05, 20.74it/s]
Epoch 2/50 [Train]:  76%|███████▋  | 350/459 [00:16<00:05, 20.79it/s]
Epoch 2/50 [Train]:  77%|███████▋  | 353/459 [00:16<00:05, 20.71it/s]
Epoch 2/50 [Train]:  78%|███████▊  | 356/459 [00:17<00:04, 20.74it/s]
Epoch 2/50 [Train]:  78%|███████▊  | 359/459 [00:17<00:04, 20.70it/s]
Epoch 2/50 [Train]:  79%|███████▉  | 362/459 [00:17<00:04, 20.62it/s]
Epoch 2/50 [Train]:  80%|███████▉  | 365/459 [00:17<00:04, 20.41it/s]
Epoch 2/50 [Train]:  80%|████████  | 368/459 [00:17<00:04, 20.37it/s]
Epoch 2/50 [Train]:  81%|████████  | 371/459 [00:17<00:04, 20.50it/s]
Epoch 2/50 [Train]:  81%|████████▏ | 374/459 [00:17<00:04, 20.66it/s]
Epoch 2/50 [Train]:  82%|████████▏ | 377/459 [00:18<00:03, 20.67it/s]
Epoch 2/50 [Train]:  83%|████████▎ | 380/459 [00:18<00:03, 20.59it/s]
Epoch 2/50 [Train]:  83%|████████▎ | 383/459 [00:18<00:03, 20.61it/s]
Epoch 2/50 [Train]:  84%|████████▍ | 386/459 [00:18<00:03, 20.49it/s]
Epoch 2/50 [Train]:  85%|████████▍ | 389/459 [00:18<00:03, 20.49it/s]
Epoch 2/50 [Train]:  85%|████████▌ | 392/459 [00:18<00:03, 20.50it/s]
Epoch 2/50 [Train]:  86%|████████▌ | 395/459 [00:18<00:03, 20.51it/s]
Epoch 2/50 [Train]:  87%|████████▋ | 398/459 [00:19<00:02, 20.60it/s]
Epoch 2/50 [Train]:  87%|████████▋ | 401/459 [00:19<00:02, 20.65it/s]
Epoch 2/50 [Train]:  88%|████████▊ | 404/459 [00:19<00:02, 20.51it/s]
Epoch 2/50 [Train]:  89%|████████▊ | 407/459 [00:19<00:02, 20.65it/s]
Epoch 2/50 [Train]:  89%|████████▉ | 410/459 [00:19<00:02, 20.59it/s]
Epoch 2/50 [Train]:  90%|████████▉ | 413/459 [00:19<00:02, 20.51it/s]
Epoch 2/50 [Train]:  91%|█████████ | 416/459 [00:20<00:02, 20.63it/s]
Epoch 2/50 [Train]:  91%|█████████▏| 419/459 [00:20<00:01, 20.71it/s]
Epoch 2/50 [Train]:  92%|█████████▏| 422/459 [00:20<00:01, 20.74it/s]
Epoch 2/50 [Train]:  93%|█████████▎| 425/459 [00:20<00:01, 20.60it/s]
Epoch 2/50 [Train]:  93%|█████████▎| 428/459 [00:20<00:01, 20.45it/s]
Epoch 2/50 [Train]:  94%|█████████▍| 431/459 [00:20<00:01, 20.18it/s]
Epoch 2/50 [Train]:  95%|█████████▍| 434/459 [00:20<00:01, 19.83it/s]
Epoch 2/50 [Train]:  95%|█████████▍| 436/459 [00:21<00:01, 19.23it/s]
Epoch 2/50 [Train]:  95%|█████████▌| 438/459 [00:21<00:01, 19.07it/s]
Epoch 2/50 [Train]:  96%|█████████▌| 440/459 [00:21<00:00, 19.05it/s]
Epoch 2/50 [Train]:  96%|█████████▋| 442/459 [00:21<00:00, 19.16it/s]
Epoch 2/50 [Train]:  97%|█████████▋| 444/459 [00:21<00:00, 19.37it/s]
Epoch 2/50 [Train]:  97%|█████████▋| 446/459 [00:21<00:00, 19.38it/s]
Epoch 2/50 [Train]:  98%|█████████▊| 449/459 [00:21<00:00, 19.54it/s]
Epoch 2/50 [Train]:  98%|█████████▊| 451/459 [00:21<00:00, 19.36it/s]
Epoch 2/50 [Train]:  99%|█████████▊| 453/459 [00:21<00:00, 19.51it/s]
Epoch 2/50 [Train]:  99%|█████████▉| 456/459 [00:22<00:00, 19.86it/s]
Epoch 2/50 [Train]: 100%|██████████| 459/459 [00:22<00:00, 20.20it/s]
                                                                     

Epoch 2/50 [Val]:   0%|          | 0/113 [00:00<?, ?it/s]
Epoch 2/50 [Val]:   2%|▏         | 2/113 [00:00<00:06, 17.28it/s]
Epoch 2/50 [Val]:   4%|▎         | 4/113 [00:00<00:06, 16.99it/s]
Epoch 2/50 [Val]:   5%|▌         | 6/113 [00:00<00:06, 16.73it/s]
Epoch 2/50 [Val]:   7%|▋         | 8/113 [00:00<00:06, 16.93it/s]
Epoch 2/50 [Val]:   9%|▉         | 10/113 [00:00<00:05, 17.41it/s]
Epoch 2/50 [Val]:  11%|█         | 12/113 [00:00<00:05, 17.56it/s]
Epoch 2/50 [Val]:  12%|█▏        | 14/113 [00:00<00:05, 17.62it/s]
Epoch 2/50 [Val]:  14%|█▍        | 16/113 [00:00<00:05, 16.80it/s]
Epoch 2/50 [Val]:  16%|█▌        | 18/113 [00:01<00:05, 16.31it/s]
Epoch 2/50 [Val]:  18%|█▊        | 20/113 [00:01<00:05, 15.99it/s]
Epoch 2/50 [Val]:  19%|█▉        | 22/113 [00:01<00:05, 15.81it/s]
Epoch 2/50 [Val]:  21%|██        | 24/113 [00:01<00:05, 15.64it/s]
Epoch 2/50 [Val]:  23%|██▎       | 26/113 [00:01<00:05, 15.76it/s]
Epoch 2/50 [Val]:  25%|██▍       | 28/113 [00:01<00:05, 15.93it/s]
Epoch 2/50 [Val]:  27%|██▋       | 30/113 [00:01<00:05, 16.28it/s]
Epoch 2/50 [Val]:  28%|██▊       | 32/113 [00:01<00:04, 16.45it/s]
Epoch 2/50 [Val]:  30%|███       | 34/113 [00:02<00:04, 16.50it/s]
Epoch 2/50 [Val]:  32%|███▏      | 36/113 [00:02<00:04, 16.90it/s]
Epoch 2/50 [Val]:  34%|███▎      | 38/113 [00:02<00:04, 17.19it/s]
Epoch 2/50 [Val]:  35%|███▌      | 40/113 [00:02<00:04, 17.34it/s]
Epoch 2/50 [Val]:  37%|███▋      | 42/113 [00:02<00:04, 17.58it/s]
Epoch 2/50 [Val]:  39%|███▉      | 44/113 [00:02<00:03, 17.52it/s]
Epoch 2/50 [Val]:  41%|████      | 46/113 [00:02<00:03, 17.31it/s]
Epoch 2/50 [Val]:  42%|████▏     | 48/113 [00:02<00:03, 17.29it/s]
Epoch 2/50 [Val]:  44%|████▍     | 50/113 [00:02<00:03, 17.62it/s]
Epoch 2/50 [Val]:  46%|████▌     | 52/113 [00:03<00:03, 17.85it/s]
Epoch 2/50 [Val]:  48%|████▊     | 54/113 [00:03<00:03, 18.02it/s]
Epoch 2/50 [Val]:  50%|████▉     | 56/113 [00:03<00:03, 17.91it/s]
Epoch 2/50 [Val]:  51%|█████▏    | 58/113 [00:03<00:03, 17.31it/s]
Epoch 2/50 [Val]:  53%|█████▎    | 60/113 [00:03<00:02, 17.69it/s]
Epoch 2/50 [Val]:  55%|█████▍    | 62/113 [00:03<00:02, 17.62it/s]
Epoch 2/50 [Val]:  57%|█████▋    | 64/113 [00:03<00:02, 17.71it/s]
Epoch 2/50 [Val]:  58%|█████▊    | 66/113 [00:03<00:02, 17.43it/s]
Epoch 2/50 [Val]:  60%|██████    | 68/113 [00:03<00:02, 17.23it/s]
Epoch 2/50 [Val]:  62%|██████▏   | 70/113 [00:04<00:02, 17.33it/s]
Epoch 2/50 [Val]:  64%|██████▎   | 72/113 [00:04<00:02, 17.46it/s]
Epoch 2/50 [Val]:  65%|██████▌   | 74/113 [00:04<00:02, 17.59it/s]
Epoch 2/50 [Val]:  67%|██████▋   | 76/113 [00:04<00:02, 17.70it/s]
Epoch 2/50 [Val]:  69%|██████▉   | 78/113 [00:04<00:01, 17.57it/s]
Epoch 2/50 [Val]:  71%|███████   | 80/113 [00:04<00:01, 17.47it/s]
Epoch 2/50 [Val]:  73%|███████▎  | 82/113 [00:04<00:01, 17.29it/s]
Epoch 2/50 [Val]:  74%|███████▍  | 84/113 [00:04<00:01, 17.36it/s]
Epoch 2/50 [Val]:  76%|███████▌  | 86/113 [00:05<00:01, 17.40it/s]
Epoch 2/50 [Val]:  78%|███████▊  | 88/113 [00:05<00:01, 17.25it/s]
Epoch 2/50 [Val]:  80%|███████▉  | 90/113 [00:05<00:01, 17.57it/s]
Epoch 2/50 [Val]:  81%|████████▏ | 92/113 [00:05<00:01, 17.80it/s]
Epoch 2/50 [Val]:  83%|████████▎ | 94/113 [00:05<00:01, 17.86it/s]
Epoch 2/50 [Val]:  85%|████████▍ | 96/113 [00:05<00:00, 18.10it/s]
Epoch 2/50 [Val]:  87%|████████▋ | 98/113 [00:05<00:00, 18.17it/s]
Epoch 2/50 [Val]:  88%|████████▊ | 100/113 [00:05<00:00, 17.76it/s]
Epoch 2/50 [Val]:  90%|█████████ | 102/113 [00:05<00:00, 17.26it/s]
Epoch 2/50 [Val]:  92%|█████████▏| 104/113 [00:06<00:00, 17.50it/s]
Epoch 2/50 [Val]:  94%|█████████▍| 106/113 [00:06<00:00, 17.56it/s]
Epoch 2/50 [Val]:  96%|█████████▌| 108/113 [00:06<00:00, 17.77it/s]
Epoch 2/50 [Val]:  97%|█████████▋| 110/113 [00:06<00:00, 17.79it/s]
Epoch 2/50 [Val]:  99%|█████████▉| 112/113 [00:06<00:00, 17.76it/s]
                                                                   

Epoch 3/50 [Train]:   0%|          | 0/459 [00:00<?, ?it/s]
Epoch 3/50 [Train]:   0%|          | 2/459 [00:00<00:23, 19.62it/s]
Epoch 3/50 [Train]:   1%|          | 5/459 [00:00<00:22, 19.82it/s]
Epoch 3/50 [Train]:   2%|▏         | 8/459 [00:00<00:22, 20.11it/s]
Epoch 3/50 [Train]:   2%|▏         | 11/459 [00:00<00:21, 20.40it/s]
Epoch 3/50 [Train]:   3%|▎         | 14/459 [00:00<00:21, 20.64it/s]
Epoch 3/50 [Train]:   4%|▎         | 17/459 [00:00<00:21, 20.70it/s]
Epoch 3/50 [Train]:   4%|▍         | 20/459 [00:00<00:21, 20.79it/s]
Epoch 3/50 [Train]:   5%|▌         | 23/459 [00:01<00:21, 20.75it/s]
Epoch 3/50 [Train]:   6%|▌         | 26/459 [00:01<00:20, 20.84it/s]
Epoch 3/50 [Train]:   6%|▋         | 29/459 [00:01<00:20, 20.86it/s]
Epoch 3/50 [Train]:   7%|▋         | 32/459 [00:01<00:20, 20.94it/s]
Epoch 3/50 [Train]:   8%|▊         | 35/459 [00:01<00:20, 20.69it/s]
Epoch 3/50 [Train]:   8%|▊         | 38/459 [00:01<00:20, 20.69it/s]
Epoch 3/50 [Train]:   9%|▉         | 41/459 [00:01<00:20, 20.79it/s]
Epoch 3/50 [Train]:  10%|▉         | 44/459 [00:02<00:20, 20.67it/s]
Epoch 3/50 [Train]:  10%|█         | 47/459 [00:02<00:19, 20.72it/s]
Epoch 3/50 [Train]:  11%|█         | 50/459 [00:02<00:19, 20.78it/s]
Epoch 3/50 [Train]:  12%|█▏        | 53/459 [00:02<00:19, 20.79it/s]
Epoch 3/50 [Train]:  12%|█▏        | 56/459 [00:02<00:19, 20.91it/s]
Epoch 3/50 [Train]:  13%|█▎        | 59/459 [00:02<00:19, 20.90it/s]
Epoch 3/50 [Train]:  14%|█▎        | 62/459 [00:02<00:18, 20.97it/s]
Epoch 3/50 [Train]:  14%|█▍        | 65/459 [00:03<00:18, 20.93it/s]
Epoch 3/50 [Train]:  15%|█▍        | 68/459 [00:03<00:18, 20.73it/s]
Epoch 3/50 [Train]:  15%|█▌        | 71/459 [00:03<00:18, 20.81it/s]
Epoch 3/50 [Train]:  16%|█▌        | 74/459 [00:03<00:18, 20.81it/s]
Epoch 3/50 [Train]:  17%|█▋        | 77/459 [00:03<00:18, 20.93it/s]
Epoch 3/50 [Train]:  17%|█▋        | 80/459 [00:03<00:18, 20.95it/s]
Epoch 3/50 [Train]:  18%|█▊        | 83/459 [00:03<00:18, 20.80it/s]
Epoch 3/50 [Train]:  19%|█▊        | 86/459 [00:04<00:18, 20.66it/s]
Epoch 3/50 [Train]:  19%|█▉        | 89/459 [00:04<00:17, 20.60it/s]
Epoch 3/50 [Train]:  20%|██        | 92/459 [00:04<00:17, 20.67it/s]
Epoch 3/50 [Train]:  21%|██        | 95/459 [00:04<00:17, 20.59it/s]
Epoch 3/50 [Train]:  21%|██▏       | 98/459 [00:04<00:17, 20.60it/s]
Epoch 3/50 [Train]:  22%|██▏       | 101/459 [00:04<00:17, 20.64it/s]
Epoch 3/50 [Train]:  23%|██▎       | 104/459 [00:05<00:17, 20.57it/s]
Epoch 3/50 [Train]:  23%|██▎       | 107/459 [00:05<00:17, 20.45it/s]
Epoch 3/50 [Train]:  24%|██▍       | 110/459 [00:05<00:17, 20.50it/s]
Epoch 3/50 [Train]:  25%|██▍       | 113/459 [00:05<00:16, 20.58it/s]
Epoch 3/50 [Train]:  25%|██▌       | 116/459 [00:05<00:16, 20.55it/s]
Epoch 3/50 [Train]:  26%|██▌       | 119/459 [00:05<00:16, 20.52it/s]
Epoch 3/50 [Train]:  27%|██▋       | 122/459 [00:05<00:16, 20.61it/s]
Epoch 3/50 [Train]:  27%|██▋       | 125/459 [00:06<00:16, 20.73it/s]
Epoch 3/50 [Train]:  28%|██▊       | 128/459 [00:06<00:15, 20.79it/s]
Epoch 3/50 [Train]:  29%|██▊       | 131/459 [00:06<00:15, 20.70it/s]
Epoch 3/50 [Train]:  29%|██▉       | 134/459 [00:06<00:15, 20.89it/s]
Epoch 3/50 [Train]:  30%|██▉       | 137/459 [00:06<00:15, 20.76it/s]
Epoch 3/50 [Train]:  31%|███       | 140/459 [00:06<00:15, 20.83it/s]
Epoch 3/50 [Train]:  31%|███       | 143/459 [00:06<00:15, 20.94it/s]
Epoch 3/50 [Train]:  32%|███▏      | 146/459 [00:07<00:14, 20.95it/s]
Epoch 3/50 [Train]:  32%|███▏      | 149/459 [00:07<00:14, 20.97it/s]
Epoch 3/50 [Train]:  33%|███▎      | 152/459 [00:07<00:14, 20.64it/s]
Epoch 3/50 [Train]:  34%|███▍      | 155/459 [00:07<00:14, 20.78it/s]
Epoch 3/50 [Train]:  34%|███▍      | 158/459 [00:07<00:14, 20.83it/s]
Epoch 3/50 [Train]:  35%|███▌      | 161/459 [00:07<00:14, 20.84it/s]
Epoch 3/50 [Train]:  36%|███▌      | 164/459 [00:07<00:14, 20.82it/s]
Epoch 3/50 [Train]:  36%|███▋      | 167/459 [00:08<00:14, 20.78it/s]
Epoch 3/50 [Train]:  37%|███▋      | 170/459 [00:08<00:13, 20.90it/s]
Epoch 3/50 [Train]:  38%|███▊      | 173/459 [00:08<00:13, 20.86it/s]
Epoch 3/50 [Train]:  38%|███▊      | 176/459 [00:08<00:13, 20.80it/s]
Epoch 3/50 [Train]:  39%|███▉      | 179/459 [00:08<00:13, 20.86it/s]
Epoch 3/50 [Train]:  40%|███▉      | 182/459 [00:08<00:13, 20.91it/s]
Epoch 3/50 [Train]:  40%|████      | 185/459 [00:08<00:13, 20.82it/s]
Epoch 3/50 [Train]:  41%|████      | 188/459 [00:09<00:12, 20.91it/s]
Epoch 3/50 [Train]:  42%|████▏     | 191/459 [00:09<00:12, 20.92it/s]
Epoch 3/50 [Train]:  42%|████▏     | 194/459 [00:09<00:12, 20.96it/s]
Epoch 3/50 [Train]:  43%|████▎     | 197/459 [00:09<00:12, 20.90it/s]
Epoch 3/50 [Train]:  44%|████▎     | 200/459 [00:09<00:12, 20.73it/s]
Epoch 3/50 [Train]:  44%|████▍     | 203/459 [00:09<00:12, 20.74it/s]
Epoch 3/50 [Train]:  45%|████▍     | 206/459 [00:09<00:12, 20.74it/s]
Epoch 3/50 [Train]:  46%|████▌     | 209/459 [00:10<00:12, 20.81it/s]
Epoch 3/50 [Train]:  46%|████▌     | 212/459 [00:10<00:11, 20.87it/s]
Epoch 3/50 [Train]:  47%|████▋     | 215/459 [00:10<00:11, 20.79it/s]
Epoch 3/50 [Train]:  47%|████▋     | 218/459 [00:10<00:11, 20.84it/s]
Epoch 3/50 [Train]:  48%|████▊     | 221/459 [00:10<00:11, 20.80it/s]
Epoch 3/50 [Train]:  49%|████▉     | 224/459 [00:10<00:11, 20.72it/s]
Epoch 3/50 [Train]:  49%|████▉     | 227/459 [00:10<00:11, 20.60it/s]
Epoch 3/50 [Train]:  50%|█████     | 230/459 [00:11<00:11, 20.60it/s]
Epoch 3/50 [Train]:  51%|█████     | 233/459 [00:11<00:10, 20.69it/s]
Epoch 3/50 [Train]:  51%|█████▏    | 236/459 [00:11<00:10, 20.73it/s]
Epoch 3/50 [Train]:  52%|█████▏    | 239/459 [00:11<00:10, 20.74it/s]
Epoch 3/50 [Train]:  53%|█████▎    | 242/459 [00:11<00:10, 20.78it/s]
Epoch 3/50 [Train]:  53%|█████▎    | 245/459 [00:11<00:10, 20.81it/s]
Epoch 3/50 [Train]:  54%|█████▍    | 248/459 [00:11<00:10, 20.81it/s]
Epoch 3/50 [Train]:  55%|█████▍    | 251/459 [00:12<00:10, 20.80it/s]
Epoch 3/50 [Train]:  55%|█████▌    | 254/459 [00:12<00:09, 20.83it/s]
Epoch 3/50 [Train]:  56%|█████▌    | 257/459 [00:12<00:09, 20.91it/s]
Epoch 3/50 [Train]:  57%|█████▋    | 260/459 [00:12<00:09, 20.91it/s]
Epoch 3/50 [Train]:  57%|█████▋    | 263/459 [00:12<00:09, 20.85it/s]
Epoch 3/50 [Train]:  58%|█████▊    | 266/459 [00:12<00:09, 21.00it/s]
Epoch 3/50 [Train]:  59%|█████▊    | 269/459 [00:12<00:09, 20.92it/s]
Epoch 3/50 [Train]:  59%|█████▉    | 272/459 [00:13<00:08, 20.90it/s]
Epoch 3/50 [Train]:  60%|█████▉    | 275/459 [00:13<00:08, 20.80it/s]
Epoch 3/50 [Train]:  61%|██████    | 278/459 [00:13<00:08, 20.82it/s]
Epoch 3/50 [Train]:  61%|██████    | 281/459 [00:13<00:08, 20.86it/s]
Epoch 3/50 [Train]:  62%|██████▏   | 284/459 [00:13<00:08, 20.88it/s]
Epoch 3/50 [Train]:  63%|██████▎   | 287/459 [00:13<00:08, 20.93it/s]
Epoch 3/50 [Train]:  63%|██████▎   | 290/459 [00:13<00:08, 21.01it/s]
Epoch 3/50 [Train]:  64%|██████▍   | 293/459 [00:14<00:07, 20.91it/s]
Epoch 3/50 [Train]:  64%|██████▍   | 296/459 [00:14<00:07, 21.04it/s]
Epoch 3/50 [Train]:  65%|██████▌   | 299/459 [00:14<00:07, 20.91it/s]
Epoch 3/50 [Train]:  66%|██████▌   | 302/459 [00:14<00:07, 20.82it/s]
Epoch 3/50 [Train]:  66%|██████▋   | 305/459 [00:14<00:07, 20.75it/s]
Epoch 3/50 [Train]:  67%|██████▋   | 308/459 [00:14<00:07, 20.64it/s]
Epoch 3/50 [Train]:  68%|██████▊   | 311/459 [00:14<00:07, 20.55it/s]
Epoch 3/50 [Train]:  68%|██████▊   | 314/459 [00:15<00:06, 20.72it/s]
Epoch 3/50 [Train]:  69%|██████▉   | 317/459 [00:15<00:06, 20.79it/s]
Epoch 3/50 [Train]:  70%|██████▉   | 320/459 [00:15<00:06, 20.81it/s]
Epoch 3/50 [Train]:  70%|███████   | 323/459 [00:15<00:06, 20.81it/s]
Epoch 3/50 [Train]:  71%|███████   | 326/459 [00:15<00:06, 20.91it/s]
Epoch 3/50 [Train]:  72%|███████▏  | 329/459 [00:15<00:06, 20.86it/s]
Epoch 3/50 [Train]:  72%|███████▏  | 332/459 [00:15<00:06, 20.87it/s]
Epoch 3/50 [Train]:  73%|███████▎  | 335/459 [00:16<00:05, 20.92it/s]
Epoch 3/50 [Train]:  74%|███████▎  | 338/459 [00:16<00:05, 20.89it/s]
Epoch 3/50 [Train]:  74%|███████▍  | 341/459 [00:16<00:05, 21.01it/s]
Epoch 3/50 [Train]:  75%|███████▍  | 344/459 [00:16<00:05, 21.04it/s]
Epoch 3/50 [Train]:  76%|███████▌  | 347/459 [00:16<00:05, 21.04it/s]
Epoch 3/50 [Train]:  76%|███████▋  | 350/459 [00:16<00:05, 21.06it/s]
Epoch 3/50 [Train]:  77%|███████▋  | 353/459 [00:16<00:05, 21.01it/s]
Epoch 3/50 [Train]:  78%|███████▊  | 356/459 [00:17<00:04, 20.96it/s]
Epoch 3/50 [Train]:  78%|███████▊  | 359/459 [00:17<00:04, 20.87it/s]
Epoch 3/50 [Train]:  79%|███████▉  | 362/459 [00:17<00:04, 21.01it/s]
Epoch 3/50 [Train]:  80%|███████▉  | 365/459 [00:17<00:04, 20.88it/s]
Epoch 3/50 [Train]:  80%|████████  | 368/459 [00:17<00:04, 20.94it/s]
Epoch 3/50 [Train]:  81%|████████  | 371/459 [00:17<00:04, 21.06it/s]
Epoch 3/50 [Train]:  81%|████████▏ | 374/459 [00:17<00:04, 21.03it/s]
Epoch 3/50 [Train]:  82%|████████▏ | 377/459 [00:18<00:03, 21.06it/s]
Epoch 3/50 [Train]:  83%|████████▎ | 380/459 [00:18<00:03, 21.03it/s]
Epoch 3/50 [Train]:  83%|████████▎ | 383/459 [00:18<00:03, 20.90it/s]
Epoch 3/50 [Train]:  84%|████████▍ | 386/459 [00:18<00:03, 20.88it/s]
Epoch 3/50 [Train]:  85%|████████▍ | 389/459 [00:18<00:03, 20.96it/s]
Epoch 3/50 [Train]:  85%|████████▌ | 392/459 [00:18<00:03, 20.90it/s]
Epoch 3/50 [Train]:  86%|████████▌ | 395/459 [00:18<00:03, 20.90it/s]
Epoch 3/50 [Train]:  87%|████████▋ | 398/459 [00:19<00:02, 20.88it/s]
Epoch 3/50 [Train]:  87%|████████▋ | 401/459 [00:19<00:02, 20.94it/s]
Epoch 3/50 [Train]:  88%|████████▊ | 404/459 [00:19<00:02, 20.89it/s]
Epoch 3/50 [Train]:  89%|████████▊ | 407/459 [00:19<00:02, 20.70it/s]
Epoch 3/50 [Train]:  89%|████████▉ | 410/459 [00:19<00:02, 20.60it/s]
Epoch 3/50 [Train]:  90%|████████▉ | 413/459 [00:19<00:02, 20.69it/s]
Epoch 3/50 [Train]:  91%|█████████ | 416/459 [00:19<00:02, 20.88it/s]
Epoch 3/50 [Train]:  91%|█████████▏| 419/459 [00:20<00:01, 20.85it/s]
Epoch 3/50 [Train]:  92%|█████████▏| 422/459 [00:20<00:01, 20.71it/s]
Epoch 3/50 [Train]:  93%|█████████▎| 425/459 [00:20<00:01, 20.65it/s]
Epoch 3/50 [Train]:  93%|█████████▎| 428/459 [00:20<00:01, 20.62it/s]
Epoch 3/50 [Train]:  94%|█████████▍| 431/459 [00:20<00:01, 20.69it/s]
Epoch 3/50 [Train]:  95%|█████████▍| 434/459 [00:20<00:01, 20.75it/s]
Epoch 3/50 [Train]:  95%|█████████▌| 437/459 [00:21<00:01, 20.79it/s]
Epoch 3/50 [Train]:  96%|█████████▌| 440/459 [00:21<00:00, 20.86it/s]
Epoch 3/50 [Train]:  97%|█████████▋| 443/459 [00:21<00:00, 20.85it/s]
Epoch 3/50 [Train]:  97%|█████████▋| 446/459 [00:21<00:00, 20.82it/s]
Epoch 3/50 [Train]:  98%|█████████▊| 449/459 [00:21<00:00, 20.87it/s]
Epoch 3/50 [Train]:  98%|█████████▊| 452/459 [00:21<00:00, 20.82it/s]
Epoch 3/50 [Train]:  99%|█████████▉| 455/459 [00:21<00:00, 20.84it/s]
Epoch 3/50 [Train]: 100%|█████████▉| 458/459 [00:22<00:00, 20.90it/s]
                                                                     

Epoch 3/50 [Val]:   0%|          | 0/113 [00:00<?, ?it/s]
Epoch 3/50 [Val]:   2%|▏         | 2/113 [00:00<00:06, 17.38it/s]
Epoch 3/50 [Val]:   4%|▎         | 4/113 [00:00<00:06, 17.38it/s]
Epoch 3/50 [Val]:   5%|▌         | 6/113 [00:00<00:06, 17.26it/s]
Epoch 3/50 [Val]:   7%|▋         | 8/113 [00:00<00:06, 17.34it/s]
Epoch 3/50 [Val]:   9%|▉         | 10/113 [00:00<00:05, 17.66it/s]
Epoch 3/50 [Val]:  11%|█         | 12/113 [00:00<00:05, 17.67it/s]
Epoch 3/50 [Val]:  12%|█▏        | 14/113 [00:00<00:05, 17.59it/s]
Epoch 3/50 [Val]:  14%|█▍        | 16/113 [00:00<00:05, 16.88it/s]
Epoch 3/50 [Val]:  16%|█▌        | 18/113 [00:01<00:05, 16.38it/s]
Epoch 3/50 [Val]:  18%|█▊        | 20/113 [00:01<00:05, 15.93it/s]
Epoch 3/50 [Val]:  19%|█▉        | 22/113 [00:01<00:05, 15.63it/s]
Epoch 3/50 [Val]:  21%|██        | 24/113 [00:01<00:05, 15.55it/s]
Epoch 3/50 [Val]:  23%|██▎       | 26/113 [00:01<00:05, 15.89it/s]
Epoch 3/50 [Val]:  25%|██▍       | 28/113 [00:01<00:05, 16.02it/s]
Epoch 3/50 [Val]:  27%|██▋       | 30/113 [00:01<00:05, 16.25it/s]
Epoch 3/50 [Val]:  28%|██▊       | 32/113 [00:01<00:04, 16.51it/s]
Epoch 3/50 [Val]:  30%|███       | 34/113 [00:02<00:04, 16.64it/s]
Epoch 3/50 [Val]:  32%|███▏      | 36/113 [00:02<00:04, 17.04it/s]
Epoch 3/50 [Val]:  34%|███▎      | 38/113 [00:02<00:04, 17.48it/s]
Epoch 3/50 [Val]:  35%|███▌      | 40/113 [00:02<00:04, 17.48it/s]
Epoch 3/50 [Val]:  37%|███▋      | 42/113 [00:02<00:04, 17.50it/s]
Epoch 3/50 [Val]:  39%|███▉      | 44/113 [00:02<00:03, 17.48it/s]
Epoch 3/50 [Val]:  41%|████      | 46/113 [00:02<00:03, 17.27it/s]
Epoch 3/50 [Val]:  42%|████▏     | 48/113 [00:02<00:03, 17.28it/s]
Epoch 3/50 [Val]:  44%|████▍     | 50/113 [00:02<00:03, 17.59it/s]
Epoch 3/50 [Val]:  46%|████▌     | 52/113 [00:03<00:03, 17.81it/s]
Epoch 3/50 [Val]:  48%|████▊     | 54/113 [00:03<00:03, 18.15it/s]
Epoch 3/50 [Val]:  50%|████▉     | 56/113 [00:03<00:03, 18.01it/s]
Epoch 3/50 [Val]:  51%|█████▏    | 58/113 [00:03<00:03, 17.42it/s]
Epoch 3/50 [Val]:  53%|█████▎    | 60/113 [00:03<00:02, 17.69it/s]
Epoch 3/50 [Val]:  55%|█████▍    | 62/113 [00:03<00:02, 17.63it/s]
Epoch 3/50 [Val]:  57%|█████▋    | 64/113 [00:03<00:02, 17.65it/s]
Epoch 3/50 [Val]:  58%|█████▊    | 66/113 [00:03<00:02, 17.14it/s]
Epoch 3/50 [Val]:  60%|██████    | 68/113 [00:03<00:02, 17.15it/s]
Epoch 3/50 [Val]:  62%|██████▏   | 70/113 [00:04<00:02, 17.39it/s]
Epoch 3/50 [Val]:  64%|██████▎   | 72/113 [00:04<00:02, 17.53it/s]
Epoch 3/50 [Val]:  65%|██████▌   | 74/113 [00:04<00:02, 17.70it/s]
Epoch 3/50 [Val]:  67%|██████▋   | 76/113 [00:04<00:02, 17.88it/s]
Epoch 3/50 [Val]:  69%|██████▉   | 78/113 [00:04<00:01, 17.87it/s]
Epoch 3/50 [Val]:  71%|███████   | 80/113 [00:04<00:01, 17.62it/s]
Epoch 3/50 [Val]:  73%|███████▎  | 82/113 [00:04<00:01, 17.55it/s]
Epoch 3/50 [Val]:  74%|███████▍  | 84/113 [00:04<00:01, 17.56it/s]
Epoch 3/50 [Val]:  76%|███████▌  | 86/113 [00:04<00:01, 17.60it/s]
Epoch 3/50 [Val]:  78%|███████▊  | 88/113 [00:05<00:01, 17.65it/s]
Epoch 3/50 [Val]:  80%|███████▉  | 90/113 [00:05<00:01, 17.90it/s]
Epoch 3/50 [Val]:  81%|████████▏ | 92/113 [00:05<00:01, 18.06it/s]
Epoch 3/50 [Val]:  83%|████████▎ | 94/113 [00:05<00:01, 18.12it/s]
Epoch 3/50 [Val]:  85%|████████▍ | 96/113 [00:05<00:00, 18.44it/s]
Epoch 3/50 [Val]:  87%|████████▋ | 98/113 [00:05<00:00, 18.35it/s]
Epoch 3/50 [Val]:  88%|████████▊ | 100/113 [00:05<00:00, 17.98it/s]
Epoch 3/50 [Val]:  90%|█████████ | 102/113 [00:05<00:00, 17.43it/s]
Epoch 3/50 [Val]:  92%|█████████▏| 104/113 [00:05<00:00, 17.70it/s]
Epoch 3/50 [Val]:  94%|█████████▍| 106/113 [00:06<00:00, 17.79it/s]
Epoch 3/50 [Val]:  96%|█████████▌| 108/113 [00:06<00:00, 18.07it/s]
Epoch 3/50 [Val]:  97%|█████████▋| 110/113 [00:06<00:00, 18.30it/s]
Epoch 3/50 [Val]:  99%|█████████▉| 112/113 [00:06<00:00, 18.35it/s]
                                                                   

Epoch 4/50 [Train]:   0%|          | 0/459 [00:00<?, ?it/s]
Epoch 4/50 [Train]:   1%|          | 3/459 [00:00<00:22, 20.37it/s]
Epoch 4/50 [Train]:   1%|▏         | 6/459 [00:00<00:21, 20.83it/s]
Epoch 4/50 [Train]:   2%|▏         | 9/459 [00:00<00:21, 20.86it/s]
Epoch 4/50 [Train]:   3%|▎         | 12/459 [00:00<00:21, 20.95it/s]
Epoch 4/50 [Train]:   3%|▎         | 15/459 [00:00<00:21, 20.85it/s]
Epoch 4/50 [Train]:   4%|▍         | 18/459 [00:00<00:21, 20.91it/s]
Epoch 4/50 [Train]:   5%|▍         | 21/459 [00:01<00:20, 20.96it/s]
Epoch 4/50 [Train]:   5%|▌         | 24/459 [00:01<00:20, 20.94it/s]
Epoch 4/50 [Train]:   6%|▌         | 27/459 [00:01<00:20, 20.90it/s]
Epoch 4/50 [Train]:   7%|▋         | 30/459 [00:01<00:20, 20.90it/s]
Epoch 4/50 [Train]:   7%|▋         | 33/459 [00:01<00:20, 20.97it/s]
Epoch 4/50 [Train]:   8%|▊         | 36/459 [00:01<00:20, 20.90it/s]
Epoch 4/50 [Train]:   8%|▊         | 39/459 [00:01<00:20, 20.97it/s]
Epoch 4/50 [Train]:   9%|▉         | 42/459 [00:02<00:19, 21.05it/s]
Epoch 4/50 [Train]:  10%|▉         | 45/459 [00:02<00:19, 20.88it/s]
Epoch 4/50 [Train]:  10%|█         | 48/459 [00:02<00:19, 20.77it/s]
Epoch 4/50 [Train]:  11%|█         | 51/459 [00:02<00:19, 20.83it/s]
Epoch 4/50 [Train]:  12%|█▏        | 54/459 [00:02<00:19, 20.85it/s]
Epoch 4/50 [Train]:  12%|█▏        | 57/459 [00:02<00:19, 20.97it/s]
Epoch 4/50 [Train]:  13%|█▎        | 60/459 [00:02<00:18, 21.02it/s]
Epoch 4/50 [Train]:  14%|█▎        | 63/459 [00:03<00:18, 20.90it/s]
Epoch 4/50 [Train]:  14%|█▍        | 66/459 [00:03<00:18, 20.91it/s]
Epoch 4/50 [Train]:  15%|█▌        | 69/459 [00:03<00:18, 20.90it/s]
Epoch 4/50 [Train]:  16%|█▌        | 72/459 [00:03<00:18, 20.86it/s]
Epoch 4/50 [Train]:  16%|█▋        | 75/459 [00:03<00:18, 20.94it/s]
Epoch 4/50 [Train]:  17%|█▋        | 78/459 [00:03<00:18, 20.84it/s]
Epoch 4/50 [Train]:  18%|█▊        | 81/459 [00:03<00:18, 20.68it/s]
Epoch 4/50 [Train]:  18%|█▊        | 84/459 [00:04<00:18, 20.75it/s]
Epoch 4/50 [Train]:  19%|█▉        | 87/459 [00:04<00:18, 20.63it/s]
Epoch 4/50 [Train]:  20%|█▉        | 90/459 [00:04<00:17, 20.68it/s]
Epoch 4/50 [Train]:  20%|██        | 93/459 [00:04<00:17, 20.77it/s]
Epoch 4/50 [Train]:  21%|██        | 96/459 [00:04<00:17, 20.79it/s]
Epoch 4/50 [Train]:  22%|██▏       | 99/459 [00:04<00:17, 20.59it/s]
Epoch 4/50 [Train]:  22%|██▏       | 102/459 [00:04<00:17, 20.73it/s]
Epoch 4/50 [Train]:  23%|██▎       | 105/459 [00:05<00:16, 20.86it/s]
Epoch 4/50 [Train]:  24%|██▎       | 108/459 [00:05<00:16, 20.81it/s]
Epoch 4/50 [Train]:  24%|██▍       | 111/459 [00:05<00:16, 20.76it/s]
Epoch 4/50 [Train]:  25%|██▍       | 114/459 [00:05<00:16, 20.67it/s]
Epoch 4/50 [Train]:  25%|██▌       | 117/459 [00:05<00:16, 20.81it/s]
Epoch 4/50 [Train]:  26%|██▌       | 120/459 [00:05<00:16, 20.75it/s]
Epoch 4/50 [Train]:  27%|██▋       | 123/459 [00:05<00:16, 20.82it/s]
Epoch 4/50 [Train]:  27%|██▋       | 126/459 [00:06<00:16, 20.74it/s]
Epoch 4/50 [Train]:  28%|██▊       | 129/459 [00:06<00:16, 20.48it/s]
Epoch 4/50 [Train]:  29%|██▉       | 132/459 [00:06<00:16, 19.88it/s]
Epoch 4/50 [Train]:  29%|██▉       | 134/459 [00:06<00:16, 19.67it/s]
Epoch 4/50 [Train]:  30%|██▉       | 136/459 [00:06<00:16, 19.70it/s]
Epoch 4/50 [Train]:  30%|███       | 139/459 [00:06<00:16, 19.73it/s]
Epoch 4/50 [Train]:  31%|███       | 142/459 [00:06<00:15, 20.01it/s]
Epoch 4/50 [Train]:  32%|███▏      | 145/459 [00:07<00:15, 19.99it/s]
Epoch 4/50 [Train]:  32%|███▏      | 148/459 [00:07<00:15, 20.04it/s]
Epoch 4/50 [Train]:  33%|███▎      | 151/459 [00:07<00:15, 20.21it/s]
Epoch 4/50 [Train]:  34%|███▎      | 154/459 [00:07<00:14, 20.38it/s]
Epoch 4/50 [Train]:  34%|███▍      | 157/459 [00:07<00:14, 20.59it/s]
Epoch 4/50 [Train]:  35%|███▍      | 160/459 [00:07<00:14, 20.64it/s]
Epoch 4/50 [Train]:  36%|███▌      | 163/459 [00:07<00:14, 20.67it/s]
Epoch 4/50 [Train]:  36%|███▌      | 166/459 [00:08<00:14, 20.72it/s]
Epoch 4/50 [Train]:  37%|███▋      | 169/459 [00:08<00:13, 20.80it/s]
Epoch 4/50 [Train]:  37%|███▋      | 172/459 [00:08<00:13, 20.66it/s]
Epoch 4/50 [Train]:  38%|███▊      | 175/459 [00:08<00:13, 20.67it/s]
Epoch 4/50 [Train]:  39%|███▉      | 178/459 [00:08<00:13, 20.67it/s]
Epoch 4/50 [Train]:  39%|███▉      | 181/459 [00:08<00:13, 20.67it/s]
Epoch 4/50 [Train]:  40%|████      | 184/459 [00:08<00:13, 20.80it/s]
Epoch 4/50 [Train]:  41%|████      | 187/459 [00:09<00:13, 20.81it/s]
Epoch 4/50 [Train]:  41%|████▏     | 190/459 [00:09<00:12, 20.87it/s]
Epoch 4/50 [Train]:  42%|████▏     | 193/459 [00:09<00:12, 20.98it/s]
Epoch 4/50 [Train]:  43%|████▎     | 196/459 [00:09<00:12, 20.89it/s]
Epoch 4/50 [Train]:  43%|████▎     | 199/459 [00:09<00:12, 20.96it/s]
Epoch 4/50 [Train]:  44%|████▍     | 202/459 [00:09<00:12, 20.98it/s]
Epoch 4/50 [Train]:  45%|████▍     | 205/459 [00:09<00:12, 21.08it/s]
Epoch 4/50 [Train]:  45%|████▌     | 208/459 [00:10<00:12, 20.87it/s]
Epoch 4/50 [Train]:  46%|████▌     | 211/459 [00:10<00:11, 20.84it/s]
Epoch 4/50 [Train]:  47%|████▋     | 214/459 [00:10<00:11, 20.91it/s]
Epoch 4/50 [Train]:  47%|████▋     | 217/459 [00:10<00:11, 21.01it/s]
Epoch 4/50 [Train]:  48%|████▊     | 220/459 [00:10<00:11, 20.96it/s]
Epoch 4/50 [Train]:  49%|████▊     | 223/459 [00:10<00:11, 20.91it/s]
Epoch 4/50 [Train]:  49%|████▉     | 226/459 [00:10<00:11, 20.68it/s]
Epoch 4/50 [Train]:  50%|████▉     | 229/459 [00:11<00:11, 20.88it/s]
Epoch 4/50 [Train]:  51%|█████     | 232/459 [00:11<00:10, 20.81it/s]
Epoch 4/50 [Train]:  51%|█████     | 235/459 [00:11<00:10, 20.79it/s]
Epoch 4/50 [Train]:  52%|█████▏    | 238/459 [00:11<00:10, 20.78it/s]
Epoch 4/50 [Train]:  53%|█████▎    | 241/459 [00:11<00:10, 20.80it/s]
Epoch 4/50 [Train]:  53%|█████▎    | 244/459 [00:11<00:10, 20.85it/s]
Epoch 4/50 [Train]:  54%|█████▍    | 247/459 [00:11<00:10, 20.82it/s]
Epoch 4/50 [Train]:  54%|█████▍    | 250/459 [00:12<00:10, 20.82it/s]
Epoch 4/50 [Train]:  55%|█████▌    | 253/459 [00:12<00:09, 20.76it/s]
Epoch 4/50 [Train]:  56%|█████▌    | 256/459 [00:12<00:09, 20.74it/s]
Epoch 4/50 [Train]:  56%|█████▋    | 259/459 [00:12<00:09, 20.74it/s]
Epoch 4/50 [Train]:  57%|█████▋    | 262/459 [00:12<00:09, 20.85it/s]
Epoch 4/50 [Train]:  58%|█████▊    | 265/459 [00:12<00:09, 20.95it/s]
Epoch 4/50 [Train]:  58%|█████▊    | 268/459 [00:12<00:09, 20.87it/s]
Epoch 4/50 [Train]:  59%|█████▉    | 271/459 [00:13<00:09, 20.81it/s]
Epoch 4/50 [Train]:  60%|█████▉    | 274/459 [00:13<00:08, 20.85it/s]
Epoch 4/50 [Train]:  60%|██████    | 277/459 [00:13<00:08, 20.78it/s]
Epoch 4/50 [Train]:  61%|██████    | 280/459 [00:13<00:08, 21.03it/s]
Epoch 4/50 [Train]:  62%|██████▏   | 283/459 [00:13<00:08, 21.04it/s]
Epoch 4/50 [Train]:  62%|██████▏   | 286/459 [00:13<00:08, 20.93it/s]
Epoch 4/50 [Train]:  63%|██████▎   | 289/459 [00:13<00:08, 20.93it/s]
Epoch 4/50 [Train]:  64%|██████▎   | 292/459 [00:14<00:07, 21.03it/s]
Epoch 4/50 [Train]:  64%|██████▍   | 295/459 [00:14<00:07, 21.05it/s]
Epoch 4/50 [Train]:  65%|██████▍   | 298/459 [00:14<00:07, 20.97it/s]
Epoch 4/50 [Train]:  66%|██████▌   | 301/459 [00:14<00:07, 20.97it/s]
Epoch 4/50 [Train]:  66%|██████▌   | 304/459 [00:14<00:07, 20.97it/s]
Epoch 4/50 [Train]:  67%|██████▋   | 307/459 [00:14<00:07, 20.97it/s]
Epoch 4/50 [Train]:  68%|██████▊   | 310/459 [00:14<00:07, 20.95it/s]
Epoch 4/50 [Train]:  68%|██████▊   | 313/459 [00:15<00:06, 20.87it/s]
Epoch 4/50 [Train]:  69%|██████▉   | 316/459 [00:15<00:06, 20.86it/s]
Epoch 4/50 [Train]:  69%|██████▉   | 319/459 [00:15<00:06, 20.98it/s]
Epoch 4/50 [Train]:  70%|███████   | 322/459 [00:15<00:06, 20.85it/s]
Epoch 4/50 [Train]:  71%|███████   | 325/459 [00:15<00:06, 20.91it/s]
Epoch 4/50 [Train]:  71%|███████▏  | 328/459 [00:15<00:06, 20.93it/s]
Epoch 4/50 [Train]:  72%|███████▏  | 331/459 [00:15<00:06, 20.90it/s]
Epoch 4/50 [Train]:  73%|███████▎  | 334/459 [00:16<00:06, 20.79it/s]
Epoch 4/50 [Train]:  73%|███████▎  | 337/459 [00:16<00:05, 20.87it/s]
Epoch 4/50 [Train]:  74%|███████▍  | 340/459 [00:16<00:05, 20.77it/s]
Epoch 4/50 [Train]:  75%|███████▍  | 343/459 [00:16<00:05, 20.83it/s]
Epoch 4/50 [Train]:  75%|███████▌  | 346/459 [00:16<00:05, 20.86it/s]
Epoch 4/50 [Train]:  76%|███████▌  | 349/459 [00:16<00:05, 20.87it/s]
Epoch 4/50 [Train]:  77%|███████▋  | 352/459 [00:16<00:05, 20.71it/s]
Epoch 4/50 [Train]:  77%|███████▋  | 355/459 [00:17<00:05, 20.53it/s]
Epoch 4/50 [Train]:  78%|███████▊  | 358/459 [00:17<00:04, 20.58it/s]
Epoch 4/50 [Train]:  79%|███████▊  | 361/459 [00:17<00:04, 20.75it/s]
Epoch 4/50 [Train]:  79%|███████▉  | 364/459 [00:17<00:04, 20.78it/s]
Epoch 4/50 [Train]:  80%|███████▉  | 367/459 [00:17<00:04, 20.86it/s]
Epoch 4/50 [Train]:  81%|████████  | 370/459 [00:17<00:04, 20.97it/s]
Epoch 4/50 [Train]:  81%|████████▏ | 373/459 [00:17<00:04, 20.95it/s]
Epoch 4/50 [Train]:  82%|████████▏ | 376/459 [00:18<00:03, 21.00it/s]
Epoch 4/50 [Train]:  83%|████████▎ | 379/459 [00:18<00:03, 20.80it/s]
Epoch 4/50 [Train]:  83%|████████▎ | 382/459 [00:18<00:03, 20.85it/s]
Epoch 4/50 [Train]:  84%|████████▍ | 385/459 [00:18<00:03, 20.97it/s]
Epoch 4/50 [Train]:  85%|████████▍ | 388/459 [00:18<00:03, 20.86it/s]
Epoch 4/50 [Train]:  85%|████████▌ | 391/459 [00:18<00:03, 20.87it/s]
Epoch 4/50 [Train]:  86%|████████▌ | 394/459 [00:18<00:03, 20.99it/s]
Epoch 4/50 [Train]:  86%|████████▋ | 397/459 [00:19<00:02, 20.90it/s]
Epoch 4/50 [Train]:  87%|████████▋ | 400/459 [00:19<00:02, 20.84it/s]
Epoch 4/50 [Train]:  88%|████████▊ | 403/459 [00:19<00:02, 20.81it/s]
Epoch 4/50 [Train]:  88%|████████▊ | 406/459 [00:19<00:02, 20.95it/s]
Epoch 4/50 [Train]:  89%|████████▉ | 409/459 [00:19<00:02, 20.95it/s]
Epoch 4/50 [Train]:  90%|████████▉ | 412/459 [00:19<00:02, 21.04it/s]
Epoch 4/50 [Train]:  90%|█████████ | 415/459 [00:19<00:02, 20.98it/s]
Epoch 4/50 [Train]:  91%|█████████ | 418/459 [00:20<00:01, 20.97it/s]
Epoch 4/50 [Train]:  92%|█████████▏| 421/459 [00:20<00:01, 20.92it/s]
Epoch 4/50 [Train]:  92%|█████████▏| 424/459 [00:20<00:01, 20.91it/s]
Epoch 4/50 [Train]:  93%|█████████▎| 427/459 [00:20<00:01, 20.96it/s]
Epoch 4/50 [Train]:  94%|█████████▎| 430/459 [00:20<00:01, 20.85it/s]
Epoch 4/50 [Train]:  94%|█████████▍| 433/459 [00:20<00:01, 20.81it/s]
Epoch 4/50 [Train]:  95%|█████████▍| 436/459 [00:20<00:01, 20.86it/s]
Epoch 4/50 [Train]:  96%|█████████▌| 439/459 [00:21<00:00, 20.85it/s]
Epoch 4/50 [Train]:  96%|█████████▋| 442/459 [00:21<00:00, 20.82it/s]
Epoch 4/50 [Train]:  97%|█████████▋| 445/459 [00:21<00:00, 20.72it/s]
Epoch 4/50 [Train]:  98%|█████████▊| 448/459 [00:21<00:00, 20.82it/s]
Epoch 4/50 [Train]:  98%|█████████▊| 451/459 [00:21<00:00, 20.92it/s]
Epoch 4/50 [Train]:  99%|█████████▉| 454/459 [00:21<00:00, 20.83it/s]
Epoch 4/50 [Train]: 100%|█████████▉| 457/459 [00:21<00:00, 20.82it/s]
                                                                     

Epoch 4/50 [Val]:   0%|          | 0/113 [00:00<?, ?it/s]
Epoch 4/50 [Val]:   2%|▏         | 2/113 [00:00<00:06, 17.28it/s]
Epoch 4/50 [Val]:   4%|▎         | 4/113 [00:00<00:06, 17.64it/s]
Epoch 4/50 [Val]:   5%|▌         | 6/113 [00:00<00:06, 17.59it/s]
Epoch 4/50 [Val]:   7%|▋         | 8/113 [00:00<00:05, 17.72it/s]
Epoch 4/50 [Val]:   9%|▉         | 10/113 [00:00<00:05, 18.12it/s]
Epoch 4/50 [Val]:  11%|█         | 12/113 [00:00<00:05, 18.05it/s]
Epoch 4/50 [Val]:  12%|█▏        | 14/113 [00:00<00:05, 17.93it/s]
Epoch 4/50 [Val]:  14%|█▍        | 16/113 [00:00<00:05, 17.01it/s]
Epoch 4/50 [Val]:  16%|█▌        | 18/113 [00:01<00:05, 16.55it/s]
Epoch 4/50 [Val]:  18%|█▊        | 20/113 [00:01<00:05, 16.23it/s]
Epoch 4/50 [Val]:  19%|█▉        | 22/113 [00:01<00:05, 15.92it/s]
Epoch 4/50 [Val]:  21%|██        | 24/113 [00:01<00:05, 15.69it/s]
Epoch 4/50 [Val]:  23%|██▎       | 26/113 [00:01<00:05, 15.98it/s]
Epoch 4/50 [Val]:  25%|██▍       | 28/113 [00:01<00:05, 16.13it/s]
Epoch 4/50 [Val]:  27%|██▋       | 30/113 [00:01<00:05, 16.41it/s]
Epoch 4/50 [Val]:  28%|██▊       | 32/113 [00:01<00:04, 16.71it/s]
Epoch 4/50 [Val]:  30%|███       | 34/113 [00:02<00:04, 17.00it/s]
Epoch 4/50 [Val]:  32%|███▏      | 36/113 [00:02<00:04, 17.26it/s]
Epoch 4/50 [Val]:  34%|███▎      | 38/113 [00:02<00:04, 17.61it/s]
Epoch 4/50 [Val]:  35%|███▌      | 40/113 [00:02<00:04, 17.74it/s]
Epoch 4/50 [Val]:  37%|███▋      | 42/113 [00:02<00:04, 17.63it/s]
Epoch 4/50 [Val]:  39%|███▉      | 44/113 [00:02<00:03, 17.58it/s]
Epoch 4/50 [Val]:  41%|████      | 46/113 [00:02<00:03, 17.43it/s]
Epoch 4/50 [Val]:  42%|████▏     | 48/113 [00:02<00:03, 17.39it/s]
Epoch 4/50 [Val]:  44%|████▍     | 50/113 [00:02<00:03, 17.46it/s]
Epoch 4/50 [Val]:  46%|████▌     | 52/113 [00:03<00:03, 17.72it/s]
Epoch 4/50 [Val]:  48%|████▊     | 54/113 [00:03<00:03, 17.89it/s]
Epoch 4/50 [Val]:  50%|████▉     | 56/113 [00:03<00:03, 17.83it/s]
Epoch 4/50 [Val]:  51%|█████▏    | 58/113 [00:03<00:03, 17.15it/s]
Epoch 4/50 [Val]:  53%|█████▎    | 60/113 [00:03<00:03, 17.49it/s]
Epoch 4/50 [Val]:  55%|█████▍    | 62/113 [00:03<00:02, 17.48it/s]
Epoch 4/50 [Val]:  57%|█████▋    | 64/113 [00:03<00:02, 17.46it/s]
Epoch 4/50 [Val]:  58%|█████▊    | 66/113 [00:03<00:02, 17.17it/s]
Epoch 4/50 [Val]:  60%|██████    | 68/113 [00:03<00:02, 17.06it/s]
Epoch 4/50 [Val]:  62%|██████▏   | 70/113 [00:04<00:02, 17.37it/s]
Epoch 4/50 [Val]:  64%|██████▎   | 72/113 [00:04<00:02, 17.60it/s]
Epoch 4/50 [Val]:  65%|██████▌   | 74/113 [00:04<00:02, 17.71it/s]
Epoch 4/50 [Val]:  67%|██████▋   | 76/113 [00:04<00:02, 17.85it/s]
Epoch 4/50 [Val]:  69%|██████▉   | 78/113 [00:04<00:01, 17.71it/s]
Epoch 4/50 [Val]:  71%|███████   | 80/113 [00:04<00:01, 17.60it/s]
Epoch 4/50 [Val]:  73%|███████▎  | 82/113 [00:04<00:01, 17.61it/s]
Epoch 4/50 [Val]:  74%|███████▍  | 84/113 [00:04<00:01, 17.57it/s]
Epoch 4/50 [Val]:  76%|███████▌  | 86/113 [00:04<00:01, 17.61it/s]
Epoch 4/50 [Val]:  78%|███████▊  | 88/113 [00:05<00:01, 17.33it/s]
Epoch 4/50 [Val]:  80%|███████▉  | 90/113 [00:05<00:01, 17.58it/s]
Epoch 4/50 [Val]:  81%|████████▏ | 92/113 [00:05<00:01, 17.70it/s]
Epoch 4/50 [Val]:  83%|████████▎ | 94/113 [00:05<00:01, 17.98it/s]
Epoch 4/50 [Val]:  85%|████████▍ | 96/113 [00:05<00:00, 18.24it/s]
Epoch 4/50 [Val]:  87%|████████▋ | 98/113 [00:05<00:00, 18.29it/s]
Epoch 4/50 [Val]:  88%|████████▊ | 100/113 [00:05<00:00, 18.06it/s]
Epoch 4/50 [Val]:  90%|█████████ | 102/113 [00:05<00:00, 17.64it/s]
Epoch 4/50 [Val]:  92%|█████████▏| 104/113 [00:05<00:00, 17.85it/s]
Epoch 4/50 [Val]:  94%|█████████▍| 106/113 [00:06<00:00, 17.88it/s]
Epoch 4/50 [Val]:  96%|█████████▌| 108/113 [00:06<00:00, 18.16it/s]
Epoch 4/50 [Val]:  97%|█████████▋| 110/113 [00:06<00:00, 18.18it/s]
Epoch 4/50 [Val]:  99%|█████████▉| 112/113 [00:06<00:00, 18.18it/s]
                                                                   

Epoch 5/50 [Train]:   0%|          | 0/459 [00:00<?, ?it/s]
Epoch 5/50 [Train]:   1%|          | 3/459 [00:00<00:22, 20.60it/s]
Epoch 5/50 [Train]:   1%|▏         | 6/459 [00:00<00:21, 20.81it/s]
Epoch 5/50 [Train]:   2%|▏         | 9/459 [00:00<00:21, 20.88it/s]
Epoch 5/50 [Train]:   3%|▎         | 12/459 [00:00<00:21, 21.00it/s]
Epoch 5/50 [Train]:   3%|▎         | 15/459 [00:00<00:21, 20.99it/s]
Epoch 5/50 [Train]:   4%|▍         | 18/459 [00:00<00:21, 20.97it/s]
Epoch 5/50 [Train]:   5%|▍         | 21/459 [00:01<00:21, 20.82it/s]
Epoch 5/50 [Train]:   5%|▌         | 24/459 [00:01<00:20, 21.01it/s]
Epoch 5/50 [Train]:   6%|▌         | 27/459 [00:01<00:20, 20.90it/s]
Epoch 5/50 [Train]:   7%|▋         | 30/459 [00:01<00:20, 20.82it/s]
Epoch 5/50 [Train]:   7%|▋         | 33/459 [00:01<00:20, 20.91it/s]
Epoch 5/50 [Train]:   8%|▊         | 36/459 [00:01<00:20, 20.77it/s]
Epoch 5/50 [Train]:   8%|▊         | 39/459 [00:01<00:20, 20.92it/s]
Epoch 5/50 [Train]:   9%|▉         | 42/459 [00:02<00:19, 20.98it/s]
Epoch 5/50 [Train]:  10%|▉         | 45/459 [00:02<00:19, 21.02it/s]
Epoch 5/50 [Train]:  10%|█         | 48/459 [00:02<00:19, 20.94it/s]
Epoch 5/50 [Train]:  11%|█         | 51/459 [00:02<00:19, 21.10it/s]
Epoch 5/50 [Train]:  12%|█▏        | 54/459 [00:02<00:19, 21.05it/s]
Epoch 5/50 [Train]:  12%|█▏        | 57/459 [00:02<00:19, 20.92it/s]
Epoch 5/50 [Train]:  13%|█▎        | 60/459 [00:02<00:19, 20.89it/s]
Epoch 5/50 [Train]:  14%|█▎        | 63/459 [00:03<00:18, 20.91it/s]
Epoch 5/50 [Train]:  14%|█▍        | 66/459 [00:03<00:18, 20.84it/s]
Epoch 5/50 [Train]:  15%|█▌        | 69/459 [00:03<00:18, 20.59it/s]
Epoch 5/50 [Train]:  16%|█▌        | 72/459 [00:03<00:18, 20.42it/s]
Epoch 5/50 [Train]:  16%|█▋        | 75/459 [00:03<00:18, 20.22it/s]
Epoch 5/50 [Train]:  17%|█▋        | 78/459 [00:03<00:18, 20.15it/s]
Epoch 5/50 [Train]:  18%|█▊        | 81/459 [00:03<00:18, 20.31it/s]
Epoch 5/50 [Train]:  18%|█▊        | 84/459 [00:04<00:18, 20.12it/s]
Epoch 5/50 [Train]:  19%|█▉        | 87/459 [00:04<00:18, 20.16it/s]
Epoch 5/50 [Train]:  20%|█▉        | 90/459 [00:04<00:18, 20.29it/s]
Epoch 5/50 [Train]:  20%|██        | 93/459 [00:04<00:17, 20.57it/s]
Epoch 5/50 [Train]:  21%|██        | 96/459 [00:04<00:17, 20.75it/s]
Epoch 5/50 [Train]:  22%|██▏       | 99/459 [00:04<00:17, 20.76it/s]
Epoch 5/50 [Train]:  22%|██▏       | 102/459 [00:04<00:17, 20.59it/s]
Epoch 5/50 [Train]:  23%|██▎       | 105/459 [00:05<00:17, 20.45it/s]
Epoch 5/50 [Train]:  24%|██▎       | 108/459 [00:05<00:17, 20.41it/s]
Epoch 5/50 [Train]:  24%|██▍       | 111/459 [00:05<00:16, 20.51it/s]
Epoch 5/50 [Train]:  25%|██▍       | 114/459 [00:05<00:16, 20.69it/s]
Epoch 5/50 [Train]:  25%|██▌       | 117/459 [00:05<00:16, 20.50it/s]
Epoch 5/50 [Train]:  26%|██▌       | 120/459 [00:05<00:16, 20.62it/s]
Epoch 5/50 [Train]:  27%|██▋       | 123/459 [00:05<00:16, 20.43it/s]
Epoch 5/50 [Train]:  27%|██▋       | 126/459 [00:06<00:16, 20.59it/s]
Epoch 5/50 [Train]:  28%|██▊       | 129/459 [00:06<00:16, 20.61it/s]
Epoch 5/50 [Train]:  29%|██▉       | 132/459 [00:06<00:15, 20.60it/s]
Epoch 5/50 [Train]:  29%|██▉       | 135/459 [00:06<00:15, 20.37it/s]
Epoch 5/50 [Train]:  30%|███       | 138/459 [00:06<00:15, 20.30it/s]
Epoch 5/50 [Train]:  31%|███       | 141/459 [00:06<00:15, 20.37it/s]
Epoch 5/50 [Train]:  31%|███▏      | 144/459 [00:06<00:15, 20.53it/s]
Epoch 5/50 [Train]:  32%|███▏      | 147/459 [00:07<00:15, 20.51it/s]
Epoch 5/50 [Train]:  33%|███▎      | 150/459 [00:07<00:15, 20.47it/s]
Epoch 5/50 [Train]:  33%|███▎      | 153/459 [00:07<00:14, 20.53it/s]
Epoch 5/50 [Train]:  34%|███▍      | 156/459 [00:07<00:14, 20.65it/s]
Epoch 5/50 [Train]:  35%|███▍      | 159/459 [00:07<00:14, 20.64it/s]
Epoch 5/50 [Train]:  35%|███▌      | 162/459 [00:07<00:14, 20.28it/s]
Epoch 5/50 [Train]:  36%|███▌      | 165/459 [00:08<00:14, 19.91it/s]
Epoch 5/50 [Train]:  37%|███▋      | 168/459 [00:08<00:14, 20.05it/s]
Epoch 5/50 [Train]:  37%|███▋      | 171/459 [00:08<00:14, 20.13it/s]
Epoch 5/50 [Train]:  38%|███▊      | 174/459 [00:08<00:14, 20.32it/s]
Epoch 5/50 [Train]:  39%|███▊      | 177/459 [00:08<00:13, 20.47it/s]
Epoch 5/50 [Train]:  39%|███▉      | 180/459 [00:08<00:13, 20.58it/s]
Epoch 5/50 [Train]:  40%|███▉      | 183/459 [00:08<00:13, 20.74it/s]
Epoch 5/50 [Train]:  41%|████      | 186/459 [00:09<00:13, 20.83it/s]
Epoch 5/50 [Train]:  41%|████      | 189/459 [00:09<00:13, 20.72it/s]
Epoch 5/50 [Train]:  42%|████▏     | 192/459 [00:09<00:12, 20.78it/s]
Epoch 5/50 [Train]:  42%|████▏     | 195/459 [00:09<00:12, 20.76it/s]
Epoch 5/50 [Train]:  43%|████▎     | 198/459 [00:09<00:12, 20.82it/s]
Epoch 5/50 [Train]:  44%|████▍     | 201/459 [00:09<00:12, 20.76it/s]
Epoch 5/50 [Train]:  44%|████▍     | 204/459 [00:09<00:12, 20.93it/s]
Epoch 5/50 [Train]:  45%|████▌     | 207/459 [00:10<00:11, 21.03it/s]
Epoch 5/50 [Train]:  46%|████▌     | 210/459 [00:10<00:11, 21.12it/s]
Epoch 5/50 [Train]:  46%|████▋     | 213/459 [00:10<00:11, 21.03it/s]
Epoch 5/50 [Train]:  47%|████▋     | 216/459 [00:10<00:11, 21.02it/s]
Epoch 5/50 [Train]:  48%|████▊     | 219/459 [00:10<00:11, 20.91it/s]
Epoch 5/50 [Train]:  48%|████▊     | 222/459 [00:10<00:11, 21.00it/s]
Epoch 5/50 [Train]:  49%|████▉     | 225/459 [00:10<00:11, 21.03it/s]
Epoch 5/50 [Train]:  50%|████▉     | 228/459 [00:11<00:11, 20.84it/s]
Epoch 5/50 [Train]:  50%|█████     | 231/459 [00:11<00:10, 20.99it/s]
Epoch 5/50 [Train]:  51%|█████     | 234/459 [00:11<00:10, 21.07it/s]
Epoch 5/50 [Train]:  52%|█████▏    | 237/459 [00:11<00:10, 20.94it/s]
Epoch 5/50 [Train]:  52%|█████▏    | 240/459 [00:11<00:10, 20.91it/s]
Epoch 5/50 [Train]:  53%|█████▎    | 243/459 [00:11<00:10, 20.98it/s]
Epoch 5/50 [Train]:  54%|█████▎    | 246/459 [00:11<00:10, 20.93it/s]
Epoch 5/50 [Train]:  54%|█████▍    | 249/459 [00:12<00:09, 21.08it/s]
Epoch 5/50 [Train]:  55%|█████▍    | 252/459 [00:12<00:09, 21.16it/s]
Epoch 5/50 [Train]:  56%|█████▌    | 255/459 [00:12<00:09, 21.14it/s]
Epoch 5/50 [Train]:  56%|█████▌    | 258/459 [00:12<00:09, 20.92it/s]
Epoch 5/50 [Train]:  57%|█████▋    | 261/459 [00:12<00:09, 21.03it/s]
Epoch 5/50 [Train]:  58%|█████▊    | 264/459 [00:12<00:09, 21.06it/s]
Epoch 5/50 [Train]:  58%|█████▊    | 267/459 [00:12<00:09, 21.01it/s]
Epoch 5/50 [Train]:  59%|█████▉    | 270/459 [00:13<00:08, 21.06it/s]
Epoch 5/50 [Train]:  59%|█████▉    | 273/459 [00:13<00:08, 21.04it/s]
Epoch 5/50 [Train]:  60%|██████    | 276/459 [00:13<00:08, 21.16it/s]
Epoch 5/50 [Train]:  61%|██████    | 279/459 [00:13<00:08, 21.10it/s]
Epoch 5/50 [Train]:  61%|██████▏   | 282/459 [00:13<00:08, 20.96it/s]
Epoch 5/50 [Train]:  62%|██████▏   | 285/459 [00:13<00:08, 20.86it/s]
Epoch 5/50 [Train]:  63%|██████▎   | 288/459 [00:13<00:08, 21.02it/s]
Epoch 5/50 [Train]:  63%|██████▎   | 291/459 [00:14<00:08, 20.96it/s]
Epoch 5/50 [Train]:  64%|██████▍   | 294/459 [00:14<00:07, 21.08it/s]
Epoch 5/50 [Train]:  65%|██████▍   | 297/459 [00:14<00:07, 21.06it/s]
Epoch 5/50 [Train]:  65%|██████▌   | 300/459 [00:14<00:07, 21.01it/s]
Epoch 5/50 [Train]:  66%|██████▌   | 303/459 [00:14<00:07, 20.84it/s]
Epoch 5/50 [Train]:  67%|██████▋   | 306/459 [00:14<00:07, 20.84it/s]
Epoch 5/50 [Train]:  67%|██████▋   | 309/459 [00:14<00:07, 20.96it/s]
Epoch 5/50 [Train]:  68%|██████▊   | 312/459 [00:15<00:06, 21.01it/s]
Epoch 5/50 [Train]:  69%|██████▊   | 315/459 [00:15<00:06, 21.11it/s]
Epoch 5/50 [Train]:  69%|██████▉   | 318/459 [00:15<00:06, 21.07it/s]
Epoch 5/50 [Train]:  70%|██████▉   | 321/459 [00:15<00:06, 20.95it/s]
Epoch 5/50 [Train]:  71%|███████   | 324/459 [00:15<00:06, 20.95it/s]
Epoch 5/50 [Train]:  71%|███████   | 327/459 [00:15<00:06, 21.04it/s]
Epoch 5/50 [Train]:  72%|███████▏  | 330/459 [00:15<00:06, 21.02it/s]
Epoch 5/50 [Train]:  73%|███████▎  | 333/459 [00:16<00:05, 21.05it/s]
Epoch 5/50 [Train]:  73%|███████▎  | 336/459 [00:16<00:05, 20.92it/s]
Epoch 5/50 [Train]:  74%|███████▍  | 339/459 [00:16<00:05, 21.07it/s]
Epoch 5/50 [Train]:  75%|███████▍  | 342/459 [00:16<00:05, 21.01it/s]
Epoch 5/50 [Train]:  75%|███████▌  | 345/459 [00:16<00:05, 20.90it/s]
Epoch 5/50 [Train]:  76%|███████▌  | 348/459 [00:16<00:05, 20.74it/s]
Epoch 5/50 [Train]:  76%|███████▋  | 351/459 [00:16<00:05, 20.76it/s]
Epoch 5/50 [Train]:  77%|███████▋  | 354/459 [00:17<00:05, 20.87it/s]
Epoch 5/50 [Train]:  78%|███████▊  | 357/459 [00:17<00:04, 21.00it/s]
Epoch 5/50 [Train]:  78%|███████▊  | 360/459 [00:17<00:04, 21.04it/s]
Epoch 5/50 [Train]:  79%|███████▉  | 363/459 [00:17<00:04, 20.98it/s]
Epoch 5/50 [Train]:  80%|███████▉  | 366/459 [00:17<00:04, 21.00it/s]
Epoch 5/50 [Train]:  80%|████████  | 369/459 [00:17<00:04, 21.03it/s]
Epoch 5/50 [Train]:  81%|████████  | 372/459 [00:17<00:04, 21.04it/s]
Epoch 5/50 [Train]:  82%|████████▏ | 375/459 [00:18<00:03, 21.11it/s]
Epoch 5/50 [Train]:  82%|████████▏ | 378/459 [00:18<00:03, 21.13it/s]
Epoch 5/50 [Train]:  83%|████████▎ | 381/459 [00:18<00:03, 21.09it/s]
Epoch 5/50 [Train]:  84%|████████▎ | 384/459 [00:18<00:03, 21.14it/s]
Epoch 5/50 [Train]:  84%|████████▍ | 387/459 [00:18<00:03, 21.01it/s]
Epoch 5/50 [Train]:  85%|████████▍ | 390/459 [00:18<00:03, 21.08it/s]
Epoch 5/50 [Train]:  86%|████████▌ | 393/459 [00:18<00:03, 21.10it/s]
Epoch 5/50 [Train]:  86%|████████▋ | 396/459 [00:19<00:02, 21.02it/s]
Epoch 5/50 [Train]:  87%|████████▋ | 399/459 [00:19<00:02, 21.04it/s]
Epoch 5/50 [Train]:  88%|████████▊ | 402/459 [00:19<00:02, 21.12it/s]
Epoch 5/50 [Train]:  88%|████████▊ | 405/459 [00:19<00:02, 21.12it/s]
Epoch 5/50 [Train]:  89%|████████▉ | 408/459 [00:19<00:02, 21.02it/s]
Epoch 5/50 [Train]:  90%|████████▉ | 411/459 [00:19<00:02, 21.00it/s]
Epoch 5/50 [Train]:  90%|█████████ | 414/459 [00:19<00:02, 21.04it/s]
Epoch 5/50 [Train]:  91%|█████████ | 417/459 [00:20<00:01, 21.11it/s]
Epoch 5/50 [Train]:  92%|█████████▏| 420/459 [00:20<00:01, 21.22it/s]
Epoch 5/50 [Train]:  92%|█████████▏| 423/459 [00:20<00:01, 21.28it/s]
Epoch 5/50 [Train]:  93%|█████████▎| 426/459 [00:20<00:01, 21.24it/s]
Epoch 5/50 [Train]:  93%|█████████▎| 429/459 [00:20<00:01, 21.17it/s]
Epoch 5/50 [Train]:  94%|█████████▍| 432/459 [00:20<00:01, 21.00it/s]
Epoch 5/50 [Train]:  95%|█████████▍| 435/459 [00:20<00:01, 21.12it/s]
Epoch 5/50 [Train]:  95%|█████████▌| 438/459 [00:21<00:01, 20.99it/s]
Epoch 5/50 [Train]:  96%|█████████▌| 441/459 [00:21<00:00, 20.88it/s]
Epoch 5/50 [Train]:  97%|█████████▋| 444/459 [00:21<00:00, 20.95it/s]
Epoch 5/50 [Train]:  97%|█████████▋| 447/459 [00:21<00:00, 20.90it/s]
Epoch 5/50 [Train]:  98%|█████████▊| 450/459 [00:21<00:00, 20.88it/s]
Epoch 5/50 [Train]:  99%|█████████▊| 453/459 [00:21<00:00, 20.80it/s]
Epoch 5/50 [Train]:  99%|█████████▉| 456/459 [00:21<00:00, 20.66it/s]
Epoch 5/50 [Train]: 100%|██████████| 459/459 [00:22<00:00, 20.43it/s]
                                                                     

Epoch 5/50 [Val]:   0%|          | 0/113 [00:00<?, ?it/s]
Epoch 5/50 [Val]:   2%|▏         | 2/113 [00:00<00:06, 17.38it/s]
Epoch 5/50 [Val]:   4%|▎         | 4/113 [00:00<00:06, 17.70it/s]
Epoch 5/50 [Val]:   5%|▌         | 6/113 [00:00<00:06, 17.74it/s]
Epoch 5/50 [Val]:   7%|▋         | 8/113 [00:00<00:05, 17.54it/s]
Epoch 5/50 [Val]:   9%|▉         | 10/113 [00:00<00:05, 17.90it/s]
Epoch 5/50 [Val]:  11%|█         | 12/113 [00:00<00:05, 17.84it/s]
Epoch 5/50 [Val]:  12%|█▏        | 14/113 [00:00<00:05, 17.79it/s]
Epoch 5/50 [Val]:  14%|█▍        | 16/113 [00:00<00:05, 16.80it/s]
Epoch 5/50 [Val]:  16%|█▌        | 18/113 [00:01<00:05, 16.34it/s]
Epoch 5/50 [Val]:  18%|█▊        | 20/113 [00:01<00:05, 16.11it/s]
Epoch 5/50 [Val]:  19%|█▉        | 22/113 [00:01<00:05, 15.79it/s]
Epoch 5/50 [Val]:  21%|██        | 24/113 [00:01<00:05, 15.61it/s]
Epoch 5/50 [Val]:  23%|██▎       | 26/113 [00:01<00:05, 15.87it/s]
Epoch 5/50 [Val]:  25%|██▍       | 28/113 [00:01<00:05, 16.23it/s]
Epoch 5/50 [Val]:  27%|██▋       | 30/113 [00:01<00:04, 16.62it/s]
Epoch 5/50 [Val]:  28%|██▊       | 32/113 [00:01<00:04, 16.90it/s]
Epoch 5/50 [Val]:  30%|███       | 34/113 [00:02<00:04, 17.05it/s]
Epoch 5/50 [Val]:  32%|███▏      | 36/113 [00:02<00:04, 17.48it/s]
Epoch 5/50 [Val]:  34%|███▎      | 38/113 [00:02<00:04, 17.87it/s]
Epoch 5/50 [Val]:  35%|███▌      | 40/113 [00:02<00:04, 17.99it/s]
Epoch 5/50 [Val]:  37%|███▋      | 42/113 [00:02<00:03, 18.04it/s]
Epoch 5/50 [Val]:  39%|███▉      | 44/113 [00:02<00:03, 17.85it/s]
Epoch 5/50 [Val]:  41%|████      | 46/113 [00:02<00:03, 17.44it/s]
Epoch 5/50 [Val]:  42%|████▏     | 48/113 [00:02<00:03, 17.52it/s]
Epoch 5/50 [Val]:  44%|████▍     | 50/113 [00:02<00:03, 17.76it/s]
Epoch 5/50 [Val]:  46%|████▌     | 52/113 [00:03<00:03, 18.08it/s]
Epoch 5/50 [Val]:  48%|████▊     | 54/113 [00:03<00:03, 18.35it/s]
Epoch 5/50 [Val]:  50%|████▉     | 56/113 [00:03<00:03, 18.29it/s]
Epoch 5/50 [Val]:  51%|█████▏    | 58/113 [00:03<00:03, 17.58it/s]
Epoch 5/50 [Val]:  53%|█████▎    | 60/113 [00:03<00:02, 18.05it/s]
Epoch 5/50 [Val]:  55%|█████▍    | 62/113 [00:03<00:02, 17.89it/s]
Epoch 5/50 [Val]:  57%|█████▋    | 64/113 [00:03<00:02, 17.95it/s]
Epoch 5/50 [Val]:  58%|█████▊    | 66/113 [00:03<00:02, 17.51it/s]
Epoch 5/50 [Val]:  60%|██████    | 68/113 [00:03<00:02, 17.30it/s]
Epoch 5/50 [Val]:  62%|██████▏   | 70/113 [00:04<00:02, 17.42it/s]
Epoch 5/50 [Val]:  64%|██████▎   | 72/113 [00:04<00:02, 17.61it/s]
Epoch 5/50 [Val]:  65%|██████▌   | 74/113 [00:04<00:02, 17.86it/s]
Epoch 5/50 [Val]:  67%|██████▋   | 76/113 [00:04<00:02, 18.03it/s]
Epoch 5/50 [Val]:  69%|██████▉   | 78/113 [00:04<00:01, 17.90it/s]
Epoch 5/50 [Val]:  71%|███████   | 80/113 [00:04<00:01, 17.70it/s]
Epoch 5/50 [Val]:  73%|███████▎  | 82/113 [00:04<00:01, 17.49it/s]
Epoch 5/50 [Val]:  74%|███████▍  | 84/113 [00:04<00:01, 17.67it/s]
Epoch 5/50 [Val]:  76%|███████▌  | 86/113 [00:04<00:01, 17.72it/s]
Epoch 5/50 [Val]:  78%|███████▊  | 88/113 [00:05<00:01, 17.50it/s]
Epoch 5/50 [Val]:  80%|███████▉  | 90/113 [00:05<00:01, 17.80it/s]
Epoch 5/50 [Val]:  81%|████████▏ | 92/113 [00:05<00:01, 17.88it/s]
Epoch 5/50 [Val]:  83%|████████▎ | 94/113 [00:05<00:01, 18.17it/s]
Epoch 5/50 [Val]:  85%|████████▍ | 96/113 [00:05<00:00, 18.42it/s]
Epoch 5/50 [Val]:  87%|████████▋ | 98/113 [00:05<00:00, 18.44it/s]
Epoch 5/50 [Val]:  88%|████████▊ | 100/113 [00:05<00:00, 18.06it/s]
Epoch 5/50 [Val]:  90%|█████████ | 102/113 [00:05<00:00, 17.75it/s]
Epoch 5/50 [Val]:  92%|█████████▏| 104/113 [00:05<00:00, 18.13it/s]
Epoch 5/50 [Val]:  94%|█████████▍| 106/113 [00:06<00:00, 18.19it/s]
Epoch 5/50 [Val]:  96%|█████████▌| 108/113 [00:06<00:00, 18.46it/s]
Epoch 5/50 [Val]:  97%|█████████▋| 110/113 [00:06<00:00, 18.57it/s]
Epoch 5/50 [Val]:  99%|█████████▉| 112/113 [00:06<00:00, 18.63it/s]
                                                                   

Epoch 6/50 [Train]:   0%|          | 0/459 [00:00<?, ?it/s]
Epoch 6/50 [Train]:   1%|          | 3/459 [00:00<00:22, 20.03it/s]
Epoch 6/50 [Train]:   1%|▏         | 6/459 [00:00<00:22, 20.40it/s]
Epoch 6/50 [Train]:   2%|▏         | 9/459 [00:00<00:21, 20.79it/s]
Epoch 6/50 [Train]:   3%|▎         | 12/459 [00:00<00:21, 20.74it/s]
Epoch 6/50 [Train]:   3%|▎         | 15/459 [00:00<00:21, 20.69it/s]
Epoch 6/50 [Train]:   4%|▍         | 18/459 [00:00<00:21, 20.81it/s]
Epoch 6/50 [Train]:   5%|▍         | 21/459 [00:01<00:20, 20.96it/s]
Epoch 6/50 [Train]:   5%|▌         | 24/459 [00:01<00:20, 20.88it/s]
Epoch 6/50 [Train]:   6%|▌         | 27/459 [00:01<00:20, 20.98it/s]
Epoch 6/50 [Train]:   7%|▋         | 30/459 [00:01<00:20, 20.82it/s]
Epoch 6/50 [Train]:   7%|▋         | 33/459 [00:01<00:20, 20.83it/s]
Epoch 6/50 [Train]:   8%|▊         | 36/459 [00:01<00:20, 20.93it/s]
Epoch 6/50 [Train]:   8%|▊         | 39/459 [00:01<00:20, 20.97it/s]
Epoch 6/50 [Train]:   9%|▉         | 42/459 [00:02<00:19, 21.06it/s]
Epoch 6/50 [Train]:  10%|▉         | 45/459 [00:02<00:19, 20.98it/s]
Epoch 6/50 [Train]:  10%|█         | 48/459 [00:02<00:19, 20.96it/s]
Epoch 6/50 [Train]:  11%|█         | 51/459 [00:02<00:19, 20.90it/s]
Epoch 6/50 [Train]:  12%|█▏        | 54/459 [00:02<00:19, 20.87it/s]
Epoch 6/50 [Train]:  12%|█▏        | 57/459 [00:02<00:19, 20.87it/s]
Epoch 6/50 [Train]:  13%|█▎        | 60/459 [00:02<00:19, 20.87it/s]
Epoch 6/50 [Train]:  14%|█▎        | 63/459 [00:03<00:18, 20.94it/s]
Epoch 6/50 [Train]:  14%|█▍        | 66/459 [00:03<00:18, 20.87it/s]
Epoch 6/50 [Train]:  15%|█▌        | 69/459 [00:03<00:18, 21.05it/s]
Epoch 6/50 [Train]:  16%|█▌        | 72/459 [00:03<00:18, 20.96it/s]
Epoch 6/50 [Train]:  16%|█▋        | 75/459 [00:03<00:18, 20.66it/s]
Epoch 6/50 [Train]:  17%|█▋        | 78/459 [00:03<00:18, 20.79it/s]
Epoch 6/50 [Train]:  18%|█▊        | 81/459 [00:03<00:18, 20.87it/s]
Epoch 6/50 [Train]:  18%|█▊        | 84/459 [00:04<00:18, 20.82it/s]
Epoch 6/50 [Train]:  19%|█▉        | 87/459 [00:04<00:17, 20.89it/s]
Epoch 6/50 [Train]:  20%|█▉        | 90/459 [00:04<00:17, 21.09it/s]
Epoch 6/50 [Train]:  20%|██        | 93/459 [00:04<00:17, 20.99it/s]
Epoch 6/50 [Train]:  21%|██        | 96/459 [00:04<00:17, 21.07it/s]
Epoch 6/50 [Train]:  22%|██▏       | 99/459 [00:04<00:17, 21.16it/s]
Epoch 6/50 [Train]:  22%|██▏       | 102/459 [00:04<00:16, 21.04it/s]
Epoch 6/50 [Train]:  23%|██▎       | 105/459 [00:05<00:16, 21.06it/s]
Epoch 6/50 [Train]:  24%|██▎       | 108/459 [00:05<00:16, 21.10it/s]
Epoch 6/50 [Train]:  24%|██▍       | 111/459 [00:05<00:16, 21.24it/s]
Epoch 6/50 [Train]:  25%|██▍       | 114/459 [00:05<00:16, 21.15it/s]
Epoch 6/50 [Train]:  25%|██▌       | 117/459 [00:05<00:16, 21.05it/s]
Epoch 6/50 [Train]:  26%|██▌       | 120/459 [00:05<00:16, 21.05it/s]
Epoch 6/50 [Train]:  27%|██▋       | 123/459 [00:05<00:15, 21.18it/s]
Epoch 6/50 [Train]:  27%|██▋       | 126/459 [00:06<00:15, 21.12it/s]
Epoch 6/50 [Train]:  28%|██▊       | 129/459 [00:06<00:15, 21.11it/s]
Epoch 6/50 [Train]:  29%|██▉       | 132/459 [00:06<00:15, 21.13it/s]
Epoch 6/50 [Train]:  29%|██▉       | 135/459 [00:06<00:15, 21.22it/s]
Epoch 6/50 [Train]:  30%|███       | 138/459 [00:06<00:15, 21.23it/s]
Epoch 6/50 [Train]:  31%|███       | 141/459 [00:06<00:14, 21.22it/s]
Epoch 6/50 [Train]:  31%|███▏      | 144/459 [00:06<00:14, 21.08it/s]
Epoch 6/50 [Train]:  32%|███▏      | 147/459 [00:07<00:14, 21.20it/s]
Epoch 6/50 [Train]:  33%|███▎      | 150/459 [00:07<00:14, 20.84it/s]
Epoch 6/50 [Train]:  33%|███▎      | 153/459 [00:07<00:14, 21.01it/s]
Epoch 6/50 [Train]:  34%|███▍      | 156/459 [00:07<00:14, 21.13it/s]
Epoch 6/50 [Train]:  35%|███▍      | 159/459 [00:07<00:14, 21.09it/s]
Epoch 6/50 [Train]:  35%|███▌      | 162/459 [00:07<00:14, 21.14it/s]
Epoch 6/50 [Train]:  36%|███▌      | 165/459 [00:07<00:13, 21.20it/s]
Epoch 6/50 [Train]:  37%|███▋      | 168/459 [00:07<00:13, 21.26it/s]
Epoch 6/50 [Train]:  37%|███▋      | 171/459 [00:08<00:13, 21.21it/s]
Epoch 6/50 [Train]:  38%|███▊      | 174/459 [00:08<00:13, 21.11it/s]
Epoch 6/50 [Train]:  39%|███▊      | 177/459 [00:08<00:13, 21.05it/s]
Epoch 6/50 [Train]:  39%|███▉      | 180/459 [00:08<00:13, 21.04it/s]
Epoch 6/50 [Train]:  40%|███▉      | 183/459 [00:08<00:13, 21.01it/s]
Epoch 6/50 [Train]:  41%|████      | 186/459 [00:08<00:12, 21.15it/s]
Epoch 6/50 [Train]:  41%|████      | 189/459 [00:08<00:12, 21.12it/s]
Epoch 6/50 [Train]:  42%|████▏     | 192/459 [00:09<00:12, 21.17it/s]
Epoch 6/50 [Train]:  42%|████▏     | 195/459 [00:09<00:12, 21.00it/s]
Epoch 6/50 [Train]:  43%|████▎     | 198/459 [00:09<00:12, 20.81it/s]
Epoch 6/50 [Train]:  44%|████▍     | 201/459 [00:09<00:12, 20.78it/s]
Epoch 6/50 [Train]:  44%|████▍     | 204/459 [00:09<00:12, 20.70it/s]
Epoch 6/50 [Train]:  45%|████▌     | 207/459 [00:09<00:12, 20.66it/s]
Epoch 6/50 [Train]:  46%|████▌     | 210/459 [00:10<00:12, 20.49it/s]
Epoch 6/50 [Train]:  46%|████▋     | 213/459 [00:10<00:11, 20.60it/s]
Epoch 6/50 [Train]:  47%|████▋     | 216/459 [00:10<00:11, 20.58it/s]
Epoch 6/50 [Train]:  48%|████▊     | 219/459 [00:10<00:11, 20.67it/s]
Epoch 6/50 [Train]:  48%|████▊     | 222/459 [00:10<00:11, 20.79it/s]
Epoch 6/50 [Train]:  49%|████▉     | 225/459 [00:10<00:11, 20.81it/s]
Epoch 6/50 [Train]:  50%|████▉     | 228/459 [00:10<00:11, 20.90it/s]
Epoch 6/50 [Train]:  50%|█████     | 231/459 [00:11<00:10, 20.88it/s]
Epoch 6/50 [Train]:  51%|█████     | 234/459 [00:11<00:10, 20.81it/s]
Epoch 6/50 [Train]:  52%|█████▏    | 237/459 [00:11<00:10, 20.95it/s]
Epoch 6/50 [Train]:  52%|█████▏    | 240/459 [00:11<00:10, 20.85it/s]
Epoch 6/50 [Train]:  53%|█████▎    | 243/459 [00:11<00:10, 20.86it/s]
Epoch 6/50 [Train]:  54%|█████▎    | 246/459 [00:11<00:10, 20.82it/s]
Epoch 6/50 [Train]:  54%|█████▍    | 249/459 [00:11<00:10, 20.94it/s]
Epoch 6/50 [Train]:  55%|█████▍    | 252/459 [00:12<00:09, 21.04it/s]
Epoch 6/50 [Train]:  56%|█████▌    | 255/459 [00:12<00:09, 20.94it/s]
Epoch 6/50 [Train]:  56%|█████▌    | 258/459 [00:12<00:09, 21.08it/s]
Epoch 6/50 [Train]:  57%|█████▋    | 261/459 [00:12<00:09, 21.03it/s]
Epoch 6/50 [Train]:  58%|█████▊    | 264/459 [00:12<00:09, 20.96it/s]
Epoch 6/50 [Train]:  58%|█████▊    | 267/459 [00:12<00:09, 20.97it/s]
Epoch 6/50 [Train]:  59%|█████▉    | 270/459 [00:12<00:09, 21.00it/s]
Epoch 6/50 [Train]:  59%|█████▉    | 273/459 [00:13<00:08, 21.01it/s]
Epoch 6/50 [Train]:  60%|██████    | 276/459 [00:13<00:08, 21.07it/s]
Epoch 6/50 [Train]:  61%|██████    | 279/459 [00:13<00:08, 21.02it/s]
Epoch 6/50 [Train]:  61%|██████▏   | 282/459 [00:13<00:08, 21.01it/s]
Epoch 6/50 [Train]:  62%|██████▏   | 285/459 [00:13<00:08, 20.91it/s]
Epoch 6/50 [Train]:  63%|██████▎   | 288/459 [00:13<00:08, 20.75it/s]
Epoch 6/50 [Train]:  63%|██████▎   | 291/459 [00:13<00:08, 20.80it/s]
Epoch 6/50 [Train]:  64%|██████▍   | 294/459 [00:14<00:07, 20.99it/s]
Epoch 6/50 [Train]:  65%|██████▍   | 297/459 [00:14<00:07, 20.92it/s]
Epoch 6/50 [Train]:  65%|██████▌   | 300/459 [00:14<00:07, 20.98it/s]
Epoch 6/50 [Train]:  66%|██████▌   | 303/459 [00:14<00:07, 21.02it/s]
Epoch 6/50 [Train]:  67%|██████▋   | 306/459 [00:14<00:07, 20.96it/s]
Epoch 6/50 [Train]:  67%|██████▋   | 309/459 [00:14<00:07, 20.95it/s]
Epoch 6/50 [Train]:  68%|██████▊   | 312/459 [00:14<00:07, 20.91it/s]
Epoch 6/50 [Train]:  69%|██████▊   | 315/459 [00:15<00:06, 21.06it/s]
Epoch 6/50 [Train]:  69%|██████▉   | 318/459 [00:15<00:06, 21.01it/s]
Epoch 6/50 [Train]:  70%|██████▉   | 321/459 [00:15<00:06, 21.11it/s]
Epoch 6/50 [Train]:  71%|███████   | 324/459 [00:15<00:06, 21.18it/s]
Epoch 6/50 [Train]:  71%|███████   | 327/459 [00:15<00:06, 21.16it/s]
Epoch 6/50 [Train]:  72%|███████▏  | 330/459 [00:15<00:06, 21.03it/s]
Epoch 6/50 [Train]:  73%|███████▎  | 333/459 [00:15<00:06, 20.99it/s]
Epoch 6/50 [Train]:  73%|███████▎  | 336/459 [00:16<00:05, 20.99it/s]
Epoch 6/50 [Train]:  74%|███████▍  | 339/459 [00:16<00:05, 20.92it/s]
Epoch 6/50 [Train]:  75%|███████▍  | 342/459 [00:16<00:05, 20.78it/s]
Epoch 6/50 [Train]:  75%|███████▌  | 345/459 [00:16<00:05, 20.79it/s]
Epoch 6/50 [Train]:  76%|███████▌  | 348/459 [00:16<00:05, 20.85it/s]
Epoch 6/50 [Train]:  76%|███████▋  | 351/459 [00:16<00:05, 20.89it/s]
Epoch 6/50 [Train]:  77%|███████▋  | 354/459 [00:16<00:05, 20.76it/s]
Epoch 6/50 [Train]:  78%|███████▊  | 357/459 [00:17<00:04, 20.81it/s]
Epoch 6/50 [Train]:  78%|███████▊  | 360/459 [00:17<00:04, 20.68it/s]
Epoch 6/50 [Train]:  79%|███████▉  | 363/459 [00:17<00:04, 20.85it/s]
Epoch 6/50 [Train]:  80%|███████▉  | 366/459 [00:17<00:04, 20.98it/s]
Epoch 6/50 [Train]:  80%|████████  | 369/459 [00:17<00:04, 20.81it/s]
Epoch 6/50 [Train]:  81%|████████  | 372/459 [00:17<00:04, 20.99it/s]
Epoch 6/50 [Train]:  82%|████████▏ | 375/459 [00:17<00:04, 20.98it/s]
Epoch 6/50 [Train]:  82%|████████▏ | 378/459 [00:18<00:03, 20.98it/s]
Epoch 6/50 [Train]:  83%|████████▎ | 381/459 [00:18<00:03, 20.92it/s]
Epoch 6/50 [Train]:  84%|████████▎ | 384/459 [00:18<00:03, 21.12it/s]
Epoch 6/50 [Train]:  84%|████████▍ | 387/459 [00:18<00:03, 20.90it/s]
Epoch 6/50 [Train]:  85%|████████▍ | 390/459 [00:18<00:03, 20.98it/s]
Epoch 6/50 [Train]:  86%|████████▌ | 393/459 [00:18<00:03, 21.11it/s]
Epoch 6/50 [Train]:  86%|████████▋ | 396/459 [00:18<00:02, 21.08it/s]
Epoch 6/50 [Train]:  87%|████████▋ | 399/459 [00:19<00:02, 20.94it/s]
Epoch 6/50 [Train]:  88%|████████▊ | 402/459 [00:19<00:02, 21.15it/s]
Epoch 6/50 [Train]:  88%|████████▊ | 405/459 [00:19<00:02, 21.14it/s]
Epoch 6/50 [Train]:  89%|████████▉ | 408/459 [00:19<00:02, 21.09it/s]
Epoch 6/50 [Train]:  90%|████████▉ | 411/459 [00:19<00:02, 21.10it/s]
Epoch 6/50 [Train]:  90%|█████████ | 414/459 [00:19<00:02, 20.97it/s]
Epoch 6/50 [Train]:  91%|█████████ | 417/459 [00:19<00:01, 21.03it/s]
Epoch 6/50 [Train]:  92%|█████████▏| 420/459 [00:20<00:01, 21.02it/s]
Epoch 6/50 [Train]:  92%|█████████▏| 423/459 [00:20<00:01, 21.04it/s]
Epoch 6/50 [Train]:  93%|█████████▎| 426/459 [00:20<00:01, 21.11it/s]
Epoch 6/50 [Train]:  93%|█████████▎| 429/459 [00:20<00:01, 21.04it/s]
Epoch 6/50 [Train]:  94%|█████████▍| 432/459 [00:20<00:01, 20.98it/s]
Epoch 6/50 [Train]:  95%|█████████▍| 435/459 [00:20<00:01, 21.04it/s]
Epoch 6/50 [Train]:  95%|█████████▌| 438/459 [00:20<00:00, 21.04it/s]
Epoch 6/50 [Train]:  96%|█████████▌| 441/459 [00:21<00:00, 21.02it/s]
Epoch 6/50 [Train]:  97%|█████████▋| 444/459 [00:21<00:00, 21.04it/s]
Epoch 6/50 [Train]:  97%|█████████▋| 447/459 [00:21<00:00, 21.06it/s]
Epoch 6/50 [Train]:  98%|█████████▊| 450/459 [00:21<00:00, 20.93it/s]
Epoch 6/50 [Train]:  99%|█████████▊| 453/459 [00:21<00:00, 20.94it/s]
Epoch 6/50 [Train]:  99%|█████████▉| 456/459 [00:21<00:00, 20.88it/s]
Epoch 6/50 [Train]: 100%|██████████| 459/459 [00:21<00:00, 20.86it/s]
                                                                     

Epoch 6/50 [Val]:   0%|          | 0/113 [00:00<?, ?it/s]
Epoch 6/50 [Val]:   2%|▏         | 2/113 [00:00<00:06, 17.76it/s]
Epoch 6/50 [Val]:   4%|▎         | 4/113 [00:00<00:06, 17.56it/s]
Epoch 6/50 [Val]:   5%|▌         | 6/113 [00:00<00:06, 17.54it/s]
Epoch 6/50 [Val]:   7%|▋         | 8/113 [00:00<00:05, 17.78it/s]
Epoch 6/50 [Val]:   9%|▉         | 10/113 [00:00<00:05, 18.28it/s]
Epoch 6/50 [Val]:  11%|█         | 12/113 [00:00<00:05, 17.99it/s]
Epoch 6/50 [Val]:  12%|█▏        | 14/113 [00:00<00:05, 17.59it/s]
Epoch 6/50 [Val]:  14%|█▍        | 16/113 [00:00<00:05, 16.84it/s]
Epoch 6/50 [Val]:  16%|█▌        | 18/113 [00:01<00:05, 16.63it/s]
Epoch 6/50 [Val]:  18%|█▊        | 20/113 [00:01<00:05, 16.31it/s]
Epoch 6/50 [Val]:  19%|█▉        | 22/113 [00:01<00:05, 16.20it/s]
Epoch 6/50 [Val]:  21%|██        | 24/113 [00:01<00:05, 16.14it/s]
Epoch 6/50 [Val]:  23%|██▎       | 26/113 [00:01<00:05, 16.35it/s]
Epoch 6/50 [Val]:  25%|██▍       | 28/113 [00:01<00:05, 16.54it/s]
Epoch 6/50 [Val]:  27%|██▋       | 30/113 [00:01<00:04, 16.92it/s]
Epoch 6/50 [Val]:  28%|██▊       | 32/113 [00:01<00:04, 17.07it/s]
Epoch 6/50 [Val]:  30%|███       | 34/113 [00:02<00:04, 17.05it/s]
Epoch 6/50 [Val]:  32%|███▏      | 36/113 [00:02<00:04, 17.46it/s]
Epoch 6/50 [Val]:  34%|███▎      | 38/113 [00:02<00:04, 17.57it/s]
Epoch 6/50 [Val]:  35%|███▌      | 40/113 [00:02<00:04, 17.70it/s]
Epoch 6/50 [Val]:  37%|███▋      | 42/113 [00:02<00:03, 17.89it/s]
Epoch 6/50 [Val]:  39%|███▉      | 44/113 [00:02<00:03, 17.78it/s]
Epoch 6/50 [Val]:  41%|████      | 46/113 [00:02<00:03, 17.52it/s]
Epoch 6/50 [Val]:  42%|████▏     | 48/113 [00:02<00:03, 17.60it/s]
Epoch 6/50 [Val]:  44%|████▍     | 50/113 [00:02<00:03, 17.84it/s]
Epoch 6/50 [Val]:  46%|████▌     | 52/113 [00:03<00:03, 18.00it/s]
Epoch 6/50 [Val]:  48%|████▊     | 54/113 [00:03<00:03, 18.35it/s]
Epoch 6/50 [Val]:  50%|████▉     | 56/113 [00:03<00:03, 18.18it/s]
Epoch 6/50 [Val]:  51%|█████▏    | 58/113 [00:03<00:03, 17.48it/s]
Epoch 6/50 [Val]:  53%|█████▎    | 60/113 [00:03<00:02, 17.89it/s]
Epoch 6/50 [Val]:  55%|█████▍    | 62/113 [00:03<00:02, 17.90it/s]
Epoch 6/50 [Val]:  57%|█████▋    | 64/113 [00:03<00:02, 17.79it/s]
Epoch 6/50 [Val]:  58%|█████▊    | 66/113 [00:03<00:02, 17.46it/s]
Epoch 6/50 [Val]:  60%|██████    | 68/113 [00:03<00:02, 17.35it/s]
Epoch 6/50 [Val]:  62%|██████▏   | 70/113 [00:04<00:02, 17.54it/s]
Epoch 6/50 [Val]:  64%|██████▎   | 72/113 [00:04<00:02, 17.85it/s]
Epoch 6/50 [Val]:  65%|██████▌   | 74/113 [00:04<00:02, 17.98it/s]
Epoch 6/50 [Val]:  67%|██████▋   | 76/113 [00:04<00:02, 18.21it/s]
Epoch 6/50 [Val]:  69%|██████▉   | 78/113 [00:04<00:01, 18.03it/s]
Epoch 6/50 [Val]:  71%|███████   | 80/113 [00:04<00:01, 17.97it/s]
Epoch 6/50 [Val]:  73%|███████▎  | 82/113 [00:04<00:01, 17.80it/s]
Epoch 6/50 [Val]:  74%|███████▍  | 84/113 [00:04<00:01, 17.85it/s]
Epoch 6/50 [Val]:  76%|███████▌  | 86/113 [00:04<00:01, 17.77it/s]
Epoch 6/50 [Val]:  78%|███████▊  | 88/113 [00:05<00:01, 17.61it/s]
Epoch 6/50 [Val]:  80%|███████▉  | 90/113 [00:05<00:01, 17.78it/s]
Epoch 6/50 [Val]:  81%|████████▏ | 92/113 [00:05<00:01, 17.94it/s]
Epoch 6/50 [Val]:  83%|████████▎ | 94/113 [00:05<00:01, 18.15it/s]
Epoch 6/50 [Val]:  85%|████████▍ | 96/113 [00:05<00:00, 18.36it/s]
Epoch 6/50 [Val]:  87%|████████▋ | 98/113 [00:05<00:00, 18.43it/s]
Epoch 6/50 [Val]:  88%|████████▊ | 100/113 [00:05<00:00, 18.29it/s]
Epoch 6/50 [Val]:  90%|█████████ | 102/113 [00:05<00:00, 17.99it/s]
Epoch 6/50 [Val]:  92%|█████████▏| 104/113 [00:05<00:00, 18.28it/s]
Epoch 6/50 [Val]:  94%|█████████▍| 106/113 [00:06<00:00, 18.27it/s]
Epoch 6/50 [Val]:  96%|█████████▌| 108/113 [00:06<00:00, 18.57it/s]
Epoch 6/50 [Val]:  97%|█████████▋| 110/113 [00:06<00:00, 18.54it/s]
Epoch 6/50 [Val]:  99%|█████████▉| 112/113 [00:06<00:00, 18.58it/s]
                                                                   

Epoch 7/50 [Train]:   0%|          | 0/459 [00:00<?, ?it/s]
Epoch 7/50 [Train]:   1%|          | 3/459 [00:00<00:22, 20.07it/s]
Epoch 7/50 [Train]:   1%|▏         | 6/459 [00:00<00:22, 20.35it/s]
Epoch 7/50 [Train]:   2%|▏         | 9/459 [00:00<00:21, 20.60it/s]
Epoch 7/50 [Train]:   3%|▎         | 12/459 [00:00<00:21, 20.85it/s]
Epoch 7/50 [Train]:   3%|▎         | 15/459 [00:00<00:21, 20.91it/s]
Epoch 7/50 [Train]:   4%|▍         | 18/459 [00:00<00:21, 20.90it/s]
Epoch 7/50 [Train]:   5%|▍         | 21/459 [00:01<00:20, 20.95it/s]
Epoch 7/50 [Train]:   5%|▌         | 24/459 [00:01<00:20, 21.01it/s]
Epoch 7/50 [Train]:   6%|▌         | 27/459 [00:01<00:20, 21.09it/s]
Epoch 7/50 [Train]:   7%|▋         | 30/459 [00:01<00:20, 21.21it/s]
Epoch 7/50 [Train]:   7%|▋         | 33/459 [00:01<00:20, 21.22it/s]
Epoch 7/50 [Train]:   8%|▊         | 36/459 [00:01<00:19, 21.20it/s]
Epoch 7/50 [Train]:   8%|▊         | 39/459 [00:01<00:19, 21.24it/s]
Epoch 7/50 [Train]:   9%|▉         | 42/459 [00:01<00:19, 21.18it/s]
Epoch 7/50 [Train]:  10%|▉         | 45/459 [00:02<00:19, 21.19it/s]
Epoch 7/50 [Train]:  10%|█         | 48/459 [00:02<00:19, 21.19it/s]
Epoch 7/50 [Train]:  11%|█         | 51/459 [00:02<00:19, 21.23it/s]
Epoch 7/50 [Train]:  12%|█▏        | 54/459 [00:02<00:19, 21.20it/s]
Epoch 7/50 [Train]:  12%|█▏        | 57/459 [00:02<00:19, 20.78it/s]
Epoch 7/50 [Train]:  13%|█▎        | 60/459 [00:02<00:19, 20.42it/s]
Epoch 7/50 [Train]:  14%|█▎        | 63/459 [00:03<00:19, 20.54it/s]
Epoch 7/50 [Train]:  14%|█▍        | 66/459 [00:03<00:19, 20.67it/s]
Epoch 7/50 [Train]:  15%|█▌        | 69/459 [00:03<00:18, 20.81it/s]
Epoch 7/50 [Train]:  16%|█▌        | 72/459 [00:03<00:18, 20.81it/s]
Epoch 7/50 [Train]:  16%|█▋        | 75/459 [00:03<00:18, 20.88it/s]
Epoch 7/50 [Train]:  17%|█▋        | 78/459 [00:03<00:18, 20.91it/s]
Epoch 7/50 [Train]:  18%|█▊        | 81/459 [00:03<00:18, 20.87it/s]
Epoch 7/50 [Train]:  18%|█▊        | 84/459 [00:04<00:17, 20.89it/s]
Epoch 7/50 [Train]:  19%|█▉        | 87/459 [00:04<00:17, 20.95it/s]
Epoch 7/50 [Train]:  20%|█▉        | 90/459 [00:04<00:17, 20.96it/s]
Epoch 7/50 [Train]:  20%|██        | 93/459 [00:04<00:17, 20.86it/s]
Epoch 7/50 [Train]:  21%|██        | 96/459 [00:04<00:17, 20.88it/s]
Epoch 7/50 [Train]:  22%|██▏       | 99/459 [00:04<00:17, 20.91it/s]
Epoch 7/50 [Train]:  22%|██▏       | 102/459 [00:04<00:17, 20.67it/s]
Epoch 7/50 [Train]:  23%|██▎       | 105/459 [00:05<00:17, 20.80it/s]
Epoch 7/50 [Train]:  24%|██▎       | 108/459 [00:05<00:16, 20.72it/s]
Epoch 7/50 [Train]:  24%|██▍       | 111/459 [00:05<00:16, 20.73it/s]
Epoch 7/50 [Train]:  25%|██▍       | 114/459 [00:05<00:16, 20.85it/s]
Epoch 7/50 [Train]:  25%|██▌       | 117/459 [00:05<00:16, 20.86it/s]
Epoch 7/50 [Train]:  26%|██▌       | 120/459 [00:05<00:16, 20.87it/s]
Epoch 7/50 [Train]:  27%|██▋       | 123/459 [00:05<00:16, 20.91it/s]
Epoch 7/50 [Train]:  27%|██▋       | 126/459 [00:06<00:15, 20.92it/s]
Epoch 7/50 [Train]:  28%|██▊       | 129/459 [00:06<00:15, 20.94it/s]
Epoch 7/50 [Train]:  29%|██▉       | 132/459 [00:06<00:15, 20.97it/s]
Epoch 7/50 [Train]:  29%|██▉       | 135/459 [00:06<00:15, 20.86it/s]
Epoch 7/50 [Train]:  30%|███       | 138/459 [00:06<00:15, 20.96it/s]
Epoch 7/50 [Train]:  31%|███       | 141/459 [00:06<00:15, 21.00it/s]
Epoch 7/50 [Train]:  31%|███▏      | 144/459 [00:06<00:15, 20.74it/s]
Epoch 7/50 [Train]:  32%|███▏      | 147/459 [00:07<00:15, 20.76it/s]
Epoch 7/50 [Train]:  33%|███▎      | 150/459 [00:07<00:14, 20.93it/s]
Epoch 7/50 [Train]:  33%|███▎      | 153/459 [00:07<00:14, 20.84it/s]
Epoch 7/50 [Train]:  34%|███▍      | 156/459 [00:07<00:14, 20.79it/s]
Epoch 7/50 [Train]:  35%|███▍      | 159/459 [00:07<00:14, 20.78it/s]
Epoch 7/50 [Train]:  35%|███▌      | 162/459 [00:07<00:14, 20.81it/s]
Epoch 7/50 [Train]:  36%|███▌      | 165/459 [00:07<00:14, 20.88it/s]
Epoch 7/50 [Train]:  37%|███▋      | 168/459 [00:08<00:13, 20.95it/s]
Epoch 7/50 [Train]:  37%|███▋      | 171/459 [00:08<00:13, 20.78it/s]
Epoch 7/50 [Train]:  38%|███▊      | 174/459 [00:08<00:13, 20.86it/s]
Epoch 7/50 [Train]:  39%|███▊      | 177/459 [00:08<00:13, 20.92it/s]
Epoch 7/50 [Train]:  39%|███▉      | 180/459 [00:08<00:13, 20.91it/s]
Epoch 7/50 [Train]:  40%|███▉      | 183/459 [00:08<00:13, 20.95it/s]
Epoch 7/50 [Train]:  41%|████      | 186/459 [00:08<00:13, 21.00it/s]
Epoch 7/50 [Train]:  41%|████      | 189/459 [00:09<00:12, 20.97it/s]
Epoch 7/50 [Train]:  42%|████▏     | 192/459 [00:09<00:12, 21.06it/s]
Epoch 7/50 [Train]:  42%|████▏     | 195/459 [00:09<00:12, 21.10it/s]
Epoch 7/50 [Train]:  43%|████▎     | 198/459 [00:09<00:12, 21.13it/s]
Epoch 7/50 [Train]:  44%|████▍     | 201/459 [00:09<00:12, 20.88it/s]
Epoch 7/50 [Train]:  44%|████▍     | 204/459 [00:09<00:12, 20.51it/s]
Epoch 7/50 [Train]:  45%|████▌     | 207/459 [00:09<00:12, 20.64it/s]
Epoch 7/50 [Train]:  46%|████▌     | 210/459 [00:10<00:11, 20.82it/s]
Epoch 7/50 [Train]:  46%|████▋     | 213/459 [00:10<00:11, 20.92it/s]
Epoch 7/50 [Train]:  47%|████▋     | 216/459 [00:10<00:11, 20.95it/s]
Epoch 7/50 [Train]:  48%|████▊     | 219/459 [00:10<00:11, 20.96it/s]
Epoch 7/50 [Train]:  48%|████▊     | 222/459 [00:10<00:11, 21.01it/s]
Epoch 7/50 [Train]:  49%|████▉     | 225/459 [00:10<00:11, 20.94it/s]
Epoch 7/50 [Train]:  50%|████▉     | 228/459 [00:10<00:11, 20.92it/s]
Epoch 7/50 [Train]:  50%|█████     | 231/459 [00:11<00:10, 20.80it/s]
Epoch 7/50 [Train]:  51%|█████     | 234/459 [00:11<00:10, 20.67it/s]
Epoch 7/50 [Train]:  52%|█████▏    | 237/459 [00:11<00:10, 20.70it/s]
Epoch 7/50 [Train]:  52%|█████▏    | 240/459 [00:11<00:10, 20.65it/s]
Epoch 7/50 [Train]:  53%|█████▎    | 243/459 [00:11<00:10, 20.31it/s]
Epoch 7/50 [Train]:  54%|█████▎    | 246/459 [00:11<00:10, 20.43it/s]
Epoch 7/50 [Train]:  54%|█████▍    | 249/459 [00:11<00:10, 20.63it/s]
Epoch 7/50 [Train]:  55%|█████▍    | 252/459 [00:12<00:09, 20.77it/s]
Epoch 7/50 [Train]:  56%|█████▌    | 255/459 [00:12<00:09, 20.79it/s]
Epoch 7/50 [Train]:  56%|█████▌    | 258/459 [00:12<00:09, 20.91it/s]
Epoch 7/50 [Train]:  57%|█████▋    | 261/459 [00:12<00:09, 20.99it/s]
Epoch 7/50 [Train]:  58%|█████▊    | 264/459 [00:12<00:09, 21.01it/s]
Epoch 7/50 [Train]:  58%|█████▊    | 267/459 [00:12<00:09, 21.12it/s]
Epoch 7/50 [Train]:  59%|█████▉    | 270/459 [00:12<00:08, 21.14it/s]
Epoch 7/50 [Train]:  59%|█████▉    | 273/459 [00:13<00:08, 21.18it/s]
Epoch 7/50 [Train]:  60%|██████    | 276/459 [00:13<00:08, 20.90it/s]
Epoch 7/50 [Train]:  61%|██████    | 279/459 [00:13<00:08, 20.76it/s]
Epoch 7/50 [Train]:  61%|██████▏   | 282/459 [00:13<00:08, 20.77it/s]
Epoch 7/50 [Train]:  62%|██████▏   | 285/459 [00:13<00:08, 20.84it/s]
Epoch 7/50 [Train]:  63%|██████▎   | 288/459 [00:13<00:08, 20.86it/s]
Epoch 7/50 [Train]:  63%|██████▎   | 291/459 [00:13<00:08, 20.81it/s]
Epoch 7/50 [Train]:  64%|██████▍   | 294/459 [00:14<00:07, 21.01it/s]
Epoch 7/50 [Train]:  65%|██████▍   | 297/459 [00:14<00:07, 20.99it/s]
Epoch 7/50 [Train]:  65%|██████▌   | 300/459 [00:14<00:07, 20.94it/s]
Epoch 7/50 [Train]:  66%|██████▌   | 303/459 [00:14<00:07, 20.67it/s]
Epoch 7/50 [Train]:  67%|██████▋   | 306/459 [00:14<00:07, 20.77it/s]
Epoch 7/50 [Train]:  67%|██████▋   | 309/459 [00:14<00:07, 20.71it/s]
Epoch 7/50 [Train]:  68%|██████▊   | 312/459 [00:14<00:07, 20.66it/s]
Epoch 7/50 [Train]:  69%|██████▊   | 315/459 [00:15<00:06, 20.73it/s]
Epoch 7/50 [Train]:  69%|██████▉   | 318/459 [00:15<00:06, 20.80it/s]
Epoch 7/50 [Train]:  70%|██████▉   | 321/459 [00:15<00:06, 20.94it/s]
Epoch 7/50 [Train]:  71%|███████   | 324/459 [00:15<00:06, 20.75it/s]
Epoch 7/50 [Train]:  71%|███████   | 327/459 [00:15<00:06, 20.69it/s]
Epoch 7/50 [Train]:  72%|███████▏  | 330/459 [00:15<00:06, 20.73it/s]
Epoch 7/50 [Train]:  73%|███████▎  | 333/459 [00:15<00:06, 20.74it/s]
Epoch 7/50 [Train]:  73%|███████▎  | 336/459 [00:16<00:05, 20.87it/s]
Epoch 7/50 [Train]:  74%|███████▍  | 339/459 [00:16<00:05, 20.94it/s]
Epoch 7/50 [Train]:  75%|███████▍  | 342/459 [00:16<00:05, 21.05it/s]
Epoch 7/50 [Train]:  75%|███████▌  | 345/459 [00:16<00:05, 21.13it/s]
Epoch 7/50 [Train]:  76%|███████▌  | 348/459 [00:16<00:05, 21.08it/s]
Epoch 7/50 [Train]:  76%|███████▋  | 351/459 [00:16<00:05, 21.06it/s]
Epoch 7/50 [Train]:  77%|███████▋  | 354/459 [00:16<00:04, 21.05it/s]
Epoch 7/50 [Train]:  78%|███████▊  | 357/459 [00:17<00:04, 20.96it/s]
Epoch 7/50 [Train]:  78%|███████▊  | 360/459 [00:17<00:04, 20.88it/s]
Epoch 7/50 [Train]:  79%|███████▉  | 363/459 [00:17<00:04, 21.01it/s]
Epoch 7/50 [Train]:  80%|███████▉  | 366/459 [00:17<00:04, 20.93it/s]
Epoch 7/50 [Train]:  80%|████████  | 369/459 [00:17<00:04, 21.04it/s]
Epoch 7/50 [Train]:  81%|████████  | 372/459 [00:17<00:04, 20.77it/s]
Epoch 7/50 [Train]:  82%|████████▏ | 375/459 [00:17<00:04, 20.88it/s]
Epoch 7/50 [Train]:  82%|████████▏ | 378/459 [00:18<00:03, 20.92it/s]
Epoch 7/50 [Train]:  83%|████████▎ | 381/459 [00:18<00:03, 20.85it/s]
Epoch 7/50 [Train]:  84%|████████▎ | 384/459 [00:18<00:03, 20.87it/s]
Epoch 7/50 [Train]:  84%|████████▍ | 387/459 [00:18<00:03, 20.94it/s]
Epoch 7/50 [Train]:  85%|████████▍ | 390/459 [00:18<00:03, 20.95it/s]
Epoch 7/50 [Train]:  86%|████████▌ | 393/459 [00:18<00:03, 20.94it/s]
Epoch 7/50 [Train]:  86%|████████▋ | 396/459 [00:18<00:03, 20.99it/s]
Epoch 7/50 [Train]:  87%|████████▋ | 399/459 [00:19<00:02, 20.99it/s]
Epoch 7/50 [Train]:  88%|████████▊ | 402/459 [00:19<00:02, 20.89it/s]
Epoch 7/50 [Train]:  88%|████████▊ | 405/459 [00:19<00:02, 20.96it/s]
Epoch 7/50 [Train]:  89%|████████▉ | 408/459 [00:19<00:02, 20.99it/s]
Epoch 7/50 [Train]:  90%|████████▉ | 411/459 [00:19<00:02, 20.92it/s]
Epoch 7/50 [Train]:  90%|█████████ | 414/459 [00:19<00:02, 20.88it/s]
Epoch 7/50 [Train]:  91%|█████████ | 417/459 [00:19<00:02, 20.97it/s]
Epoch 7/50 [Train]:  92%|█████████▏| 420/459 [00:20<00:01, 21.06it/s]
Epoch 7/50 [Train]:  92%|█████████▏| 423/459 [00:20<00:01, 21.09it/s]
Epoch 7/50 [Train]:  93%|█████████▎| 426/459 [00:20<00:01, 21.04it/s]
Epoch 7/50 [Train]:  93%|█████████▎| 429/459 [00:20<00:01, 20.93it/s]
Epoch 7/50 [Train]:  94%|█████████▍| 432/459 [00:20<00:01, 20.97it/s]
Epoch 7/50 [Train]:  95%|█████████▍| 435/459 [00:20<00:01, 20.75it/s]
Epoch 7/50 [Train]:  95%|█████████▌| 438/459 [00:20<00:01, 20.68it/s]
Epoch 7/50 [Train]:  96%|█████████▌| 441/459 [00:21<00:00, 20.79it/s]
Epoch 7/50 [Train]:  97%|█████████▋| 444/459 [00:21<00:00, 20.89it/s]
Epoch 7/50 [Train]:  97%|█████████▋| 447/459 [00:21<00:00, 20.98it/s]
Epoch 7/50 [Train]:  98%|█████████▊| 450/459 [00:21<00:00, 20.82it/s]
Epoch 7/50 [Train]:  99%|█████████▊| 453/459 [00:21<00:00, 20.70it/s]
Epoch 7/50 [Train]:  99%|█████████▉| 456/459 [00:21<00:00, 20.74it/s]
Epoch 7/50 [Train]: 100%|██████████| 459/459 [00:21<00:00, 20.81it/s]
                                                                     

Epoch 7/50 [Val]:   0%|          | 0/113 [00:00<?, ?it/s]
Epoch 7/50 [Val]:   2%|▏         | 2/113 [00:00<00:06, 17.04it/s]
Epoch 7/50 [Val]:   4%|▎         | 4/113 [00:00<00:06, 17.07it/s]
Epoch 7/50 [Val]:   5%|▌         | 6/113 [00:00<00:06, 17.04it/s]
Epoch 7/50 [Val]:   7%|▋         | 8/113 [00:00<00:06, 17.18it/s]
Epoch 7/50 [Val]:   9%|▉         | 10/113 [00:00<00:05, 17.48it/s]
Epoch 7/50 [Val]:  11%|█         | 12/113 [00:00<00:05, 17.34it/s]
Epoch 7/50 [Val]:  12%|█▏        | 14/113 [00:00<00:05, 17.42it/s]
Epoch 7/50 [Val]:  14%|█▍        | 16/113 [00:00<00:05, 16.70it/s]
Epoch 7/50 [Val]:  16%|█▌        | 18/113 [00:01<00:05, 16.30it/s]
Epoch 7/50 [Val]:  18%|█▊        | 20/113 [00:01<00:05, 15.93it/s]
Epoch 7/50 [Val]:  19%|█▉        | 22/113 [00:01<00:05, 15.61it/s]
Epoch 7/50 [Val]:  21%|██        | 24/113 [00:01<00:05, 15.57it/s]
Epoch 7/50 [Val]:  23%|██▎       | 26/113 [00:01<00:05, 15.61it/s]
Epoch 7/50 [Val]:  25%|██▍       | 28/113 [00:01<00:05, 15.87it/s]
Epoch 7/50 [Val]:  27%|██▋       | 30/113 [00:01<00:05, 16.17it/s]
Epoch 7/50 [Val]:  28%|██▊       | 32/113 [00:01<00:04, 16.40it/s]
Epoch 7/50 [Val]:  30%|███       | 34/113 [00:02<00:04, 16.55it/s]
Epoch 7/50 [Val]:  32%|███▏      | 36/113 [00:02<00:04, 16.92it/s]
Epoch 7/50 [Val]:  34%|███▎      | 38/113 [00:02<00:04, 17.24it/s]
Epoch 7/50 [Val]:  35%|███▌      | 40/113 [00:02<00:04, 17.40it/s]
Epoch 7/50 [Val]:  37%|███▋      | 42/113 [00:02<00:04, 17.52it/s]
Epoch 7/50 [Val]:  39%|███▉      | 44/113 [00:02<00:03, 17.34it/s]
Epoch 7/50 [Val]:  41%|████      | 46/113 [00:02<00:03, 17.16it/s]
Epoch 7/50 [Val]:  42%|████▏     | 48/113 [00:02<00:03, 17.16it/s]
Epoch 7/50 [Val]:  44%|████▍     | 50/113 [00:02<00:03, 17.54it/s]
Epoch 7/50 [Val]:  46%|████▌     | 52/113 [00:03<00:03, 17.73it/s]
Epoch 7/50 [Val]:  48%|████▊     | 54/113 [00:03<00:03, 17.58it/s]
Epoch 7/50 [Val]:  50%|████▉     | 56/113 [00:03<00:03, 17.61it/s]
Epoch 7/50 [Val]:  51%|█████▏    | 58/113 [00:03<00:03, 17.05it/s]
Epoch 7/50 [Val]:  53%|█████▎    | 60/113 [00:03<00:03, 17.44it/s]
Epoch 7/50 [Val]:  55%|█████▍    | 62/113 [00:03<00:02, 17.29it/s]
Epoch 7/50 [Val]:  57%|█████▋    | 64/113 [00:03<00:02, 17.18it/s]
Epoch 7/50 [Val]:  58%|█████▊    | 66/113 [00:03<00:02, 16.93it/s]
Epoch 7/50 [Val]:  60%|██████    | 68/113 [00:04<00:02, 16.89it/s]
Epoch 7/50 [Val]:  62%|██████▏   | 70/113 [00:04<00:02, 17.08it/s]
Epoch 7/50 [Val]:  64%|██████▎   | 72/113 [00:04<00:02, 17.35it/s]
Epoch 7/50 [Val]:  65%|██████▌   | 74/113 [00:04<00:02, 17.52it/s]
Epoch 7/50 [Val]:  67%|██████▋   | 76/113 [00:04<00:02, 17.76it/s]
Epoch 7/50 [Val]:  69%|██████▉   | 78/113 [00:04<00:02, 17.47it/s]
Epoch 7/50 [Val]:  71%|███████   | 80/113 [00:04<00:01, 17.28it/s]
Epoch 7/50 [Val]:  73%|███████▎  | 82/113 [00:04<00:01, 17.09it/s]
Epoch 7/50 [Val]:  74%|███████▍  | 84/113 [00:04<00:01, 17.20it/s]
Epoch 7/50 [Val]:  76%|███████▌  | 86/113 [00:05<00:01, 17.25it/s]
Epoch 7/50 [Val]:  78%|███████▊  | 88/113 [00:05<00:01, 17.04it/s]
Epoch 7/50 [Val]:  80%|███████▉  | 90/113 [00:05<00:01, 17.31it/s]
Epoch 7/50 [Val]:  81%|████████▏ | 92/113 [00:05<00:01, 17.32it/s]
Epoch 7/50 [Val]:  83%|████████▎ | 94/113 [00:05<00:01, 17.38it/s]
Epoch 7/50 [Val]:  85%|████████▍ | 96/113 [00:05<00:00, 17.66it/s]
Epoch 7/50 [Val]:  87%|████████▋ | 98/113 [00:05<00:00, 17.83it/s]
Epoch 7/50 [Val]:  88%|████████▊ | 100/113 [00:05<00:00, 17.44it/s]
Epoch 7/50 [Val]:  90%|█████████ | 102/113 [00:05<00:00, 17.22it/s]
Epoch 7/50 [Val]:  92%|█████████▏| 104/113 [00:06<00:00, 17.56it/s]
Epoch 7/50 [Val]:  94%|█████████▍| 106/113 [00:06<00:00, 17.70it/s]
Epoch 7/50 [Val]:  96%|█████████▌| 108/113 [00:06<00:00, 18.03it/s]
Epoch 7/50 [Val]:  97%|█████████▋| 110/113 [00:06<00:00, 18.17it/s]
Epoch 7/50 [Val]:  99%|█████████▉| 112/113 [00:06<00:00, 18.15it/s]
                                                                   

Epoch 8/50 [Train]:   0%|          | 0/459 [00:00<?, ?it/s]
Epoch 8/50 [Train]:   0%|          | 2/459 [00:00<00:23, 19.80it/s]
Epoch 8/50 [Train]:   1%|          | 4/459 [00:00<00:22, 19.88it/s]
Epoch 8/50 [Train]:   2%|▏         | 7/459 [00:00<00:22, 20.09it/s]
Epoch 8/50 [Train]:   2%|▏         | 10/459 [00:00<00:22, 20.34it/s]
Epoch 8/50 [Train]:   3%|▎         | 13/459 [00:00<00:21, 20.37it/s]
Epoch 8/50 [Train]:   3%|▎         | 16/459 [00:00<00:21, 20.55it/s]
Epoch 8/50 [Train]:   4%|▍         | 19/459 [00:00<00:21, 20.69it/s]
Epoch 8/50 [Train]:   5%|▍         | 22/459 [00:01<00:20, 20.81it/s]
Epoch 8/50 [Train]:   5%|▌         | 25/459 [00:01<00:20, 20.92it/s]
Epoch 8/50 [Train]:   6%|▌         | 28/459 [00:01<00:20, 20.94it/s]
Epoch 8/50 [Train]:   7%|▋         | 31/459 [00:01<00:20, 21.04it/s]
Epoch 8/50 [Train]:   7%|▋         | 34/459 [00:01<00:20, 20.98it/s]
Epoch 8/50 [Train]:   8%|▊         | 37/459 [00:01<00:19, 21.13it/s]
Epoch 8/50 [Train]:   9%|▊         | 40/459 [00:01<00:19, 21.08it/s]
Epoch 8/50 [Train]:   9%|▉         | 43/459 [00:02<00:19, 21.18it/s]
Epoch 8/50 [Train]:  10%|█         | 46/459 [00:02<00:19, 21.07it/s]
Epoch 8/50 [Train]:  11%|█         | 49/459 [00:02<00:19, 20.99it/s]
Epoch 8/50 [Train]:  11%|█▏        | 52/459 [00:02<00:19, 20.87it/s]
Epoch 8/50 [Train]:  12%|█▏        | 55/459 [00:02<00:19, 20.81it/s]
Epoch 8/50 [Train]:  13%|█▎        | 58/459 [00:02<00:19, 20.95it/s]
Epoch 8/50 [Train]:  13%|█▎        | 61/459 [00:02<00:18, 20.97it/s]
Epoch 8/50 [Train]:  14%|█▍        | 64/459 [00:03<00:18, 20.84it/s]
Epoch 8/50 [Train]:  15%|█▍        | 67/459 [00:03<00:18, 21.00it/s]
Epoch 8/50 [Train]:  15%|█▌        | 70/459 [00:03<00:18, 21.03it/s]
Epoch 8/50 [Train]:  16%|█▌        | 73/459 [00:03<00:18, 20.94it/s]
Epoch 8/50 [Train]:  17%|█▋        | 76/459 [00:03<00:18, 20.84it/s]
Epoch 8/50 [Train]:  17%|█▋        | 79/459 [00:03<00:18, 20.90it/s]
Epoch 8/50 [Train]:  18%|█▊        | 82/459 [00:03<00:18, 20.86it/s]
Epoch 8/50 [Train]:  19%|█▊        | 85/459 [00:04<00:17, 20.90it/s]
Epoch 8/50 [Train]:  19%|█▉        | 88/459 [00:04<00:17, 20.92it/s]
Epoch 8/50 [Train]:  20%|█▉        | 91/459 [00:04<00:17, 20.98it/s]
Epoch 8/50 [Train]:  20%|██        | 94/459 [00:04<00:17, 21.05it/s]
Epoch 8/50 [Train]:  21%|██        | 97/459 [00:04<00:17, 20.94it/s]
Epoch 8/50 [Train]:  22%|██▏       | 100/459 [00:04<00:17, 21.04it/s]
Epoch 8/50 [Train]:  22%|██▏       | 103/459 [00:04<00:17, 20.93it/s]
Epoch 8/50 [Train]:  23%|██▎       | 106/459 [00:05<00:16, 20.99it/s]
Epoch 8/50 [Train]:  24%|██▎       | 109/459 [00:05<00:16, 20.82it/s]
Epoch 8/50 [Train]:  24%|██▍       | 112/459 [00:05<00:16, 20.91it/s]
Epoch 8/50 [Train]:  25%|██▌       | 115/459 [00:05<00:16, 20.84it/s]
Epoch 8/50 [Train]:  26%|██▌       | 118/459 [00:05<00:16, 21.01it/s]
Epoch 8/50 [Train]:  26%|██▋       | 121/459 [00:05<00:16, 20.94it/s]
Epoch 8/50 [Train]:  27%|██▋       | 124/459 [00:05<00:16, 20.81it/s]
Epoch 8/50 [Train]:  28%|██▊       | 127/459 [00:06<00:15, 20.86it/s]
Epoch 8/50 [Train]:  28%|██▊       | 130/459 [00:06<00:15, 21.07it/s]
Epoch 8/50 [Train]:  29%|██▉       | 133/459 [00:06<00:15, 21.11it/s]
Epoch 8/50 [Train]:  30%|██▉       | 136/459 [00:06<00:15, 20.98it/s]
Epoch 8/50 [Train]:  30%|███       | 139/459 [00:06<00:15, 21.07it/s]
Epoch 8/50 [Train]:  31%|███       | 142/459 [00:06<00:15, 21.13it/s]
Epoch 8/50 [Train]:  32%|███▏      | 145/459 [00:06<00:14, 20.97it/s]
Epoch 8/50 [Train]:  32%|███▏      | 148/459 [00:07<00:14, 20.93it/s]
Epoch 8/50 [Train]:  33%|███▎      | 151/459 [00:07<00:15, 20.51it/s]
Epoch 8/50 [Train]:  34%|███▎      | 154/459 [00:07<00:14, 20.43it/s]
Epoch 8/50 [Train]:  34%|███▍      | 157/459 [00:07<00:14, 20.55it/s]
Epoch 8/50 [Train]:  35%|███▍      | 160/459 [00:07<00:14, 20.64it/s]
Epoch 8/50 [Train]:  36%|███▌      | 163/459 [00:07<00:14, 20.72it/s]
Epoch 8/50 [Train]:  36%|███▌      | 166/459 [00:07<00:14, 20.82it/s]
Epoch 8/50 [Train]:  37%|███▋      | 169/459 [00:08<00:13, 20.76it/s]
Epoch 8/50 [Train]:  37%|███▋      | 172/459 [00:08<00:13, 20.73it/s]
Epoch 8/50 [Train]:  38%|███▊      | 175/459 [00:08<00:13, 20.65it/s]
Epoch 8/50 [Train]:  39%|███▉      | 178/459 [00:08<00:13, 20.87it/s]
Epoch 8/50 [Train]:  39%|███▉      | 181/459 [00:08<00:13, 20.97it/s]
Epoch 8/50 [Train]:  40%|████      | 184/459 [00:08<00:13, 20.87it/s]
Epoch 8/50 [Train]:  41%|████      | 187/459 [00:08<00:12, 20.97it/s]
Epoch 8/50 [Train]:  41%|████▏     | 190/459 [00:09<00:12, 20.87it/s]
Epoch 8/50 [Train]:  42%|████▏     | 193/459 [00:09<00:12, 20.84it/s]
Epoch 8/50 [Train]:  43%|████▎     | 196/459 [00:09<00:12, 20.88it/s]
Epoch 8/50 [Train]:  43%|████▎     | 199/459 [00:09<00:12, 20.76it/s]
Epoch 8/50 [Train]:  44%|████▍     | 202/459 [00:09<00:12, 20.74it/s]
Epoch 8/50 [Train]:  45%|████▍     | 205/459 [00:09<00:12, 20.85it/s]
Epoch 8/50 [Train]:  45%|████▌     | 208/459 [00:09<00:11, 20.95it/s]
Epoch 8/50 [Train]:  46%|████▌     | 211/459 [00:10<00:11, 20.99it/s]
Epoch 8/50 [Train]:  47%|████▋     | 214/459 [00:10<00:11, 20.96it/s]
Epoch 8/50 [Train]:  47%|████▋     | 217/459 [00:10<00:11, 20.94it/s]
Epoch 8/50 [Train]:  48%|████▊     | 220/459 [00:10<00:11, 20.91it/s]
Epoch 8/50 [Train]:  49%|████▊     | 223/459 [00:10<00:11, 20.84it/s]
Epoch 8/50 [Train]:  49%|████▉     | 226/459 [00:10<00:11, 20.90it/s]
Epoch 8/50 [Train]:  50%|████▉     | 229/459 [00:10<00:10, 20.96it/s]
Epoch 8/50 [Train]:  51%|█████     | 232/459 [00:11<00:10, 20.86it/s]
Epoch 8/50 [Train]:  51%|█████     | 235/459 [00:11<00:10, 20.84it/s]
Epoch 8/50 [Train]:  52%|█████▏    | 238/459 [00:11<00:10, 20.94it/s]
Epoch 8/50 [Train]:  53%|█████▎    | 241/459 [00:11<00:10, 20.95it/s]
Epoch 8/50 [Train]:  53%|█████▎    | 244/459 [00:11<00:10, 20.96it/s]
Epoch 8/50 [Train]:  54%|█████▍    | 247/459 [00:11<00:10, 20.95it/s]
Epoch 8/50 [Train]:  54%|█████▍    | 250/459 [00:11<00:10, 20.79it/s]
Epoch 8/50 [Train]:  55%|█████▌    | 253/459 [00:12<00:09, 20.63it/s]
Epoch 8/50 [Train]:  56%|█████▌    | 256/459 [00:12<00:09, 20.72it/s]
Epoch 8/50 [Train]:  56%|█████▋    | 259/459 [00:12<00:09, 20.47it/s]
Epoch 8/50 [Train]:  57%|█████▋    | 262/459 [00:12<00:09, 20.28it/s]
Epoch 8/50 [Train]:  58%|█████▊    | 265/459 [00:12<00:09, 20.30it/s]
Epoch 8/50 [Train]:  58%|█████▊    | 268/459 [00:12<00:09, 20.39it/s]
Epoch 8/50 [Train]:  59%|█████▉    | 271/459 [00:13<00:09, 20.37it/s]
Epoch 8/50 [Train]:  60%|█████▉    | 274/459 [00:13<00:09, 20.31it/s]
Epoch 8/50 [Train]:  60%|██████    | 277/459 [00:13<00:08, 20.41it/s]
Epoch 8/50 [Train]:  61%|██████    | 280/459 [00:13<00:08, 20.65it/s]
Epoch 8/50 [Train]:  62%|██████▏   | 283/459 [00:13<00:08, 20.69it/s]
Epoch 8/50 [Train]:  62%|██████▏   | 286/459 [00:13<00:08, 20.75it/s]
Epoch 8/50 [Train]:  63%|██████▎   | 289/459 [00:13<00:08, 20.78it/s]
Epoch 8/50 [Train]:  64%|██████▎   | 292/459 [00:14<00:08, 20.80it/s]
Epoch 8/50 [Train]:  64%|██████▍   | 295/459 [00:14<00:07, 20.75it/s]
Epoch 8/50 [Train]:  65%|██████▍   | 298/459 [00:14<00:07, 20.75it/s]
Epoch 8/50 [Train]:  66%|██████▌   | 301/459 [00:14<00:07, 20.63it/s]
Epoch 8/50 [Train]:  66%|██████▌   | 304/459 [00:14<00:07, 20.48it/s]
Epoch 8/50 [Train]:  67%|██████▋   | 307/459 [00:14<00:07, 20.60it/s]
Epoch 8/50 [Train]:  68%|██████▊   | 310/459 [00:14<00:07, 20.60it/s]
Epoch 8/50 [Train]:  68%|██████▊   | 313/459 [00:15<00:07, 20.72it/s]
Epoch 8/50 [Train]:  69%|██████▉   | 316/459 [00:15<00:06, 20.70it/s]
Epoch 8/50 [Train]:  69%|██████▉   | 319/459 [00:15<00:06, 20.78it/s]
Epoch 8/50 [Train]:  70%|███████   | 322/459 [00:15<00:06, 20.83it/s]
Epoch 8/50 [Train]:  71%|███████   | 325/459 [00:15<00:06, 20.75it/s]
Epoch 8/50 [Train]:  71%|███████▏  | 328/459 [00:15<00:06, 20.92it/s]
Epoch 8/50 [Train]:  72%|███████▏  | 331/459 [00:15<00:06, 20.98it/s]
Epoch 8/50 [Train]:  73%|███████▎  | 334/459 [00:16<00:05, 20.87it/s]
Epoch 8/50 [Train]:  73%|███████▎  | 337/459 [00:16<00:05, 20.85it/s]
Epoch 8/50 [Train]:  74%|███████▍  | 340/459 [00:16<00:05, 20.99it/s]
Epoch 8/50 [Train]:  75%|███████▍  | 343/459 [00:16<00:05, 20.94it/s]
Epoch 8/50 [Train]:  75%|███████▌  | 346/459 [00:16<00:05, 20.91it/s]
Epoch 8/50 [Train]:  76%|███████▌  | 349/459 [00:16<00:05, 20.91it/s]
Epoch 8/50 [Train]:  77%|███████▋  | 352/459 [00:16<00:05, 20.97it/s]
Epoch 8/50 [Train]:  77%|███████▋  | 355/459 [00:17<00:04, 21.06it/s]
Epoch 8/50 [Train]:  78%|███████▊  | 358/459 [00:17<00:04, 21.04it/s]
Epoch 8/50 [Train]:  79%|███████▊  | 361/459 [00:17<00:04, 21.02it/s]
Epoch 8/50 [Train]:  79%|███████▉  | 364/459 [00:17<00:04, 21.07it/s]
Epoch 8/50 [Train]:  80%|███████▉  | 367/459 [00:17<00:04, 21.09it/s]
Epoch 8/50 [Train]:  81%|████████  | 370/459 [00:17<00:04, 21.00it/s]
Epoch 8/50 [Train]:  81%|████████▏ | 373/459 [00:17<00:04, 20.96it/s]
Epoch 8/50 [Train]:  82%|████████▏ | 376/459 [00:18<00:03, 20.97it/s]
Epoch 8/50 [Train]:  83%|████████▎ | 379/459 [00:18<00:03, 20.88it/s]
Epoch 8/50 [Train]:  83%|████████▎ | 382/459 [00:18<00:03, 20.86it/s]
Epoch 8/50 [Train]:  84%|████████▍ | 385/459 [00:18<00:03, 20.91it/s]
Epoch 8/50 [Train]:  85%|████████▍ | 388/459 [00:18<00:03, 20.80it/s]
Epoch 8/50 [Train]:  85%|████████▌ | 391/459 [00:18<00:03, 20.83it/s]
Epoch 8/50 [Train]:  86%|████████▌ | 394/459 [00:18<00:03, 20.91it/s]
Epoch 8/50 [Train]:  86%|████████▋ | 397/459 [00:19<00:02, 20.96it/s]
Epoch 8/50 [Train]:  87%|████████▋ | 400/459 [00:19<00:02, 20.80it/s]
Epoch 8/50 [Train]:  88%|████████▊ | 403/459 [00:19<00:02, 20.74it/s]
Epoch 8/50 [Train]:  88%|████████▊ | 406/459 [00:19<00:02, 20.71it/s]
Epoch 8/50 [Train]:  89%|████████▉ | 409/459 [00:19<00:02, 20.79it/s]
Epoch 8/50 [Train]:  90%|████████▉ | 412/459 [00:19<00:02, 20.76it/s]
Epoch 8/50 [Train]:  90%|█████████ | 415/459 [00:19<00:02, 20.76it/s]
Epoch 8/50 [Train]:  91%|█████████ | 418/459 [00:20<00:01, 20.82it/s]
Epoch 8/50 [Train]:  92%|█████████▏| 421/459 [00:20<00:01, 20.86it/s]
Epoch 8/50 [Train]:  92%|█████████▏| 424/459 [00:20<00:01, 20.78it/s]
Epoch 8/50 [Train]:  93%|█████████▎| 427/459 [00:20<00:01, 20.43it/s]
Epoch 8/50 [Train]:  94%|█████████▎| 430/459 [00:20<00:01, 20.38it/s]
Epoch 8/50 [Train]:  94%|█████████▍| 433/459 [00:20<00:01, 20.06it/s]
Epoch 8/50 [Train]:  95%|█████████▍| 436/459 [00:20<00:01, 20.12it/s]
Epoch 8/50 [Train]:  96%|█████████▌| 439/459 [00:21<00:00, 20.31it/s]
Epoch 8/50 [Train]:  96%|█████████▋| 442/459 [00:21<00:00, 20.44it/s]
Epoch 8/50 [Train]:  97%|█████████▋| 445/459 [00:21<00:00, 20.60it/s]
Epoch 8/50 [Train]:  98%|█████████▊| 448/459 [00:21<00:00, 20.66it/s]
Epoch 8/50 [Train]:  98%|█████████▊| 451/459 [00:21<00:00, 20.01it/s]
Epoch 8/50 [Train]:  99%|█████████▉| 454/459 [00:21<00:00, 19.80it/s]
Epoch 8/50 [Train]: 100%|█████████▉| 457/459 [00:21<00:00, 19.95it/s]
                                                                     

Epoch 8/50 [Val]:   0%|          | 0/113 [00:00<?, ?it/s]
Epoch 8/50 [Val]:   2%|▏         | 2/113 [00:00<00:06, 16.57it/s]
Epoch 8/50 [Val]:   4%|▎         | 4/113 [00:00<00:06, 16.95it/s]
Epoch 8/50 [Val]:   5%|▌         | 6/113 [00:00<00:06, 17.21it/s]
Epoch 8/50 [Val]:   7%|▋         | 8/113 [00:00<00:06, 17.22it/s]
Epoch 8/50 [Val]:   9%|▉         | 10/113 [00:00<00:05, 17.73it/s]
Epoch 8/50 [Val]:  11%|█         | 12/113 [00:00<00:05, 17.74it/s]
Epoch 8/50 [Val]:  12%|█▏        | 14/113 [00:00<00:05, 17.55it/s]
Epoch 8/50 [Val]:  14%|█▍        | 16/113 [00:00<00:05, 16.70it/s]
Epoch 8/50 [Val]:  16%|█▌        | 18/113 [00:01<00:05, 15.93it/s]
Epoch 8/50 [Val]:  18%|█▊        | 20/113 [00:01<00:05, 15.51it/s]
Epoch 8/50 [Val]:  19%|█▉        | 22/113 [00:01<00:05, 15.25it/s]
Epoch 8/50 [Val]:  21%|██        | 24/113 [00:01<00:05, 15.10it/s]
Epoch 8/50 [Val]:  23%|██▎       | 26/113 [00:01<00:05, 15.39it/s]
Epoch 8/50 [Val]:  25%|██▍       | 28/113 [00:01<00:05, 15.78it/s]
Epoch 8/50 [Val]:  27%|██▋       | 30/113 [00:01<00:05, 16.02it/s]
Epoch 8/50 [Val]:  28%|██▊       | 32/113 [00:01<00:04, 16.46it/s]
Epoch 8/50 [Val]:  30%|███       | 34/113 [00:02<00:04, 16.54it/s]
Epoch 8/50 [Val]:  32%|███▏      | 36/113 [00:02<00:04, 17.05it/s]
Epoch 8/50 [Val]:  34%|███▎      | 38/113 [00:02<00:04, 17.28it/s]
Epoch 8/50 [Val]:  35%|███▌      | 40/113 [00:02<00:04, 17.56it/s]
Epoch 8/50 [Val]:  37%|███▋      | 42/113 [00:02<00:04, 17.56it/s]
Epoch 8/50 [Val]:  39%|███▉      | 44/113 [00:02<00:03, 17.41it/s]
Epoch 8/50 [Val]:  41%|████      | 46/113 [00:02<00:03, 17.20it/s]
Epoch 8/50 [Val]:  42%|████▏     | 48/113 [00:02<00:03, 17.32it/s]
Epoch 8/50 [Val]:  44%|████▍     | 50/113 [00:02<00:03, 17.57it/s]
Epoch 8/50 [Val]:  46%|████▌     | 52/113 [00:03<00:03, 17.75it/s]
Epoch 8/50 [Val]:  48%|████▊     | 54/113 [00:03<00:03, 18.00it/s]
Epoch 8/50 [Val]:  50%|████▉     | 56/113 [00:03<00:03, 17.83it/s]
Epoch 8/50 [Val]:  51%|█████▏    | 58/113 [00:03<00:03, 16.81it/s]
Epoch 8/50 [Val]:  53%|█████▎    | 60/113 [00:03<00:03, 16.81it/s]
Epoch 8/50 [Val]:  55%|█████▍    | 62/113 [00:03<00:03, 16.76it/s]
Epoch 8/50 [Val]:  57%|█████▋    | 64/113 [00:03<00:02, 16.54it/s]
Epoch 8/50 [Val]:  58%|█████▊    | 66/113 [00:03<00:02, 16.15it/s]
Epoch 8/50 [Val]:  60%|██████    | 68/113 [00:04<00:02, 16.22it/s]
Epoch 8/50 [Val]:  62%|██████▏   | 70/113 [00:04<00:02, 16.69it/s]
Epoch 8/50 [Val]:  64%|██████▎   | 72/113 [00:04<00:02, 17.05it/s]
Epoch 8/50 [Val]:  65%|██████▌   | 74/113 [00:04<00:02, 17.25it/s]
Epoch 8/50 [Val]:  67%|██████▋   | 76/113 [00:04<00:02, 17.29it/s]
Epoch 8/50 [Val]:  69%|██████▉   | 78/113 [00:04<00:02, 17.41it/s]
Epoch 8/50 [Val]:  71%|███████   | 80/113 [00:04<00:01, 17.52it/s]
Epoch 8/50 [Val]:  73%|███████▎  | 82/113 [00:04<00:01, 17.53it/s]
Epoch 8/50 [Val]:  74%|███████▍  | 84/113 [00:04<00:01, 17.72it/s]
Epoch 8/50 [Val]:  76%|███████▌  | 86/113 [00:05<00:01, 17.67it/s]
Epoch 8/50 [Val]:  78%|███████▊  | 88/113 [00:05<00:01, 17.60it/s]
Epoch 8/50 [Val]:  80%|███████▉  | 90/113 [00:05<00:01, 17.96it/s]
Epoch 8/50 [Val]:  81%|████████▏ | 92/113 [00:05<00:01, 17.83it/s]
Epoch 8/50 [Val]:  83%|████████▎ | 94/113 [00:05<00:01, 18.03it/s]
Epoch 8/50 [Val]:  85%|████████▍ | 96/113 [00:05<00:00, 18.32it/s]
Epoch 8/50 [Val]:  87%|████████▋ | 98/113 [00:05<00:00, 18.33it/s]
Epoch 8/50 [Val]:  88%|████████▊ | 100/113 [00:05<00:00, 18.06it/s]
Epoch 8/50 [Val]:  90%|█████████ | 102/113 [00:05<00:00, 17.85it/s]
Epoch 8/50 [Val]:  92%|█████████▏| 104/113 [00:06<00:00, 18.00it/s]
Epoch 8/50 [Val]:  94%|█████████▍| 106/113 [00:06<00:00, 18.07it/s]
Epoch 8/50 [Val]:  96%|█████████▌| 108/113 [00:06<00:00, 18.28it/s]
Epoch 8/50 [Val]:  97%|█████████▋| 110/113 [00:06<00:00, 18.37it/s]
Epoch 8/50 [Val]:  99%|█████████▉| 112/113 [00:06<00:00, 18.22it/s]
                                                                   

Epoch 9/50 [Train]:   0%|          | 0/459 [00:00<?, ?it/s]
Epoch 9/50 [Train]:   0%|          | 2/459 [00:00<00:23, 19.61it/s]
Epoch 9/50 [Train]:   1%|          | 4/459 [00:00<00:23, 19.65it/s]
Epoch 9/50 [Train]:   2%|▏         | 7/459 [00:00<00:22, 20.25it/s]
Epoch 9/50 [Train]:   2%|▏         | 10/459 [00:00<00:22, 20.24it/s]
Epoch 9/50 [Train]:   3%|▎         | 13/459 [00:00<00:21, 20.28it/s]
Epoch 9/50 [Train]:   3%|▎         | 16/459 [00:00<00:21, 20.29it/s]
Epoch 9/50 [Train]:   4%|▍         | 19/459 [00:00<00:21, 20.33it/s]
Epoch 9/50 [Train]:   5%|▍         | 22/459 [00:01<00:21, 20.54it/s]
Epoch 9/50 [Train]:   5%|▌         | 25/459 [00:01<00:21, 20.44it/s]
Epoch 9/50 [Train]:   6%|▌         | 28/459 [00:01<00:22, 19.58it/s]
Epoch 9/50 [Train]:   7%|▋         | 30/459 [00:01<00:22, 19.32it/s]
Epoch 9/50 [Train]:   7%|▋         | 32/459 [00:01<00:22, 19.11it/s]
Epoch 9/50 [Train]:   7%|▋         | 34/459 [00:01<00:22, 19.09it/s]
Epoch 9/50 [Train]:   8%|▊         | 36/459 [00:01<00:22, 19.03it/s]
Epoch 9/50 [Train]:   8%|▊         | 38/459 [00:01<00:22, 18.93it/s]
Epoch 9/50 [Train]:   9%|▉         | 41/459 [00:02<00:21, 19.56it/s]
Epoch 9/50 [Train]:  10%|▉         | 44/459 [00:02<00:20, 19.98it/s]
Epoch 9/50 [Train]:  10%|█         | 47/459 [00:02<00:20, 20.21it/s]
Epoch 9/50 [Train]:  11%|█         | 50/459 [00:02<00:20, 20.31it/s]
Epoch 9/50 [Train]:  12%|█▏        | 53/459 [00:02<00:19, 20.36it/s]
Epoch 9/50 [Train]:  12%|█▏        | 56/459 [00:02<00:19, 20.54it/s]
Epoch 9/50 [Train]:  13%|█▎        | 59/459 [00:02<00:19, 20.72it/s]
Epoch 9/50 [Train]:  14%|█▎        | 62/459 [00:03<00:19, 20.80it/s]
Epoch 9/50 [Train]:  14%|█▍        | 65/459 [00:03<00:19, 20.02it/s]
Epoch 9/50 [Train]:  15%|█▍        | 68/459 [00:03<00:20, 19.17it/s]
Epoch 9/50 [Train]:  15%|█▌        | 70/459 [00:03<00:21, 18.29it/s]
Epoch 9/50 [Train]:  16%|█▌        | 72/459 [00:03<00:21, 18.34it/s]
Epoch 9/50 [Train]:  16%|█▌        | 74/459 [00:03<00:20, 18.39it/s]
Epoch 9/50 [Train]:  17%|█▋        | 76/459 [00:03<00:20, 18.46it/s]
Epoch 9/50 [Train]:  17%|█▋        | 78/459 [00:03<00:20, 18.70it/s]
Epoch 9/50 [Train]:  17%|█▋        | 80/459 [00:04<00:20, 18.68it/s]
Epoch 9/50 [Train]:  18%|█▊        | 82/459 [00:04<00:20, 18.49it/s]
Epoch 9/50 [Train]:  18%|█▊        | 84/459 [00:04<00:20, 18.55it/s]
Epoch 9/50 [Train]:  19%|█▊        | 86/459 [00:04<00:20, 18.48it/s]
Epoch 9/50 [Train]:  19%|█▉        | 88/459 [00:04<00:20, 18.47it/s]
Epoch 9/50 [Train]:  20%|█▉        | 90/459 [00:04<00:19, 18.86it/s]
Epoch 9/50 [Train]:  20%|██        | 92/459 [00:04<00:19, 19.14it/s]
Epoch 9/50 [Train]:  21%|██        | 95/459 [00:04<00:18, 19.57it/s]
Epoch 9/50 [Train]:  21%|██▏       | 98/459 [00:05<00:18, 19.78it/s]
Epoch 9/50 [Train]:  22%|██▏       | 100/459 [00:05<00:18, 19.00it/s]
Epoch 9/50 [Train]:  22%|██▏       | 102/459 [00:05<00:18, 19.02it/s]
Epoch 9/50 [Train]:  23%|██▎       | 104/459 [00:05<00:18, 19.20it/s]
Epoch 9/50 [Train]:  23%|██▎       | 107/459 [00:05<00:17, 19.59it/s]
Epoch 9/50 [Train]:  24%|██▍       | 110/459 [00:05<00:17, 19.75it/s]
Epoch 9/50 [Train]:  24%|██▍       | 112/459 [00:05<00:17, 19.81it/s]
Epoch 9/50 [Train]:  25%|██▌       | 115/459 [00:05<00:17, 20.19it/s]
Epoch 9/50 [Train]:  26%|██▌       | 118/459 [00:06<00:16, 20.54it/s]
Epoch 9/50 [Train]:  26%|██▋       | 121/459 [00:06<00:16, 20.69it/s]
Epoch 9/50 [Train]:  27%|██▋       | 124/459 [00:06<00:16, 20.76it/s]
Epoch 9/50 [Train]:  28%|██▊       | 127/459 [00:06<00:15, 20.93it/s]
Epoch 9/50 [Train]:  28%|██▊       | 130/459 [00:06<00:15, 20.90it/s]
Epoch 9/50 [Train]:  29%|██▉       | 133/459 [00:06<00:15, 20.88it/s]
Epoch 9/50 [Train]:  30%|██▉       | 136/459 [00:06<00:15, 20.98it/s]
Epoch 9/50 [Train]:  30%|███       | 139/459 [00:07<00:15, 20.96it/s]
Epoch 9/50 [Train]:  31%|███       | 142/459 [00:07<00:15, 21.07it/s]
Epoch 9/50 [Train]:  32%|███▏      | 145/459 [00:07<00:15, 20.87it/s]
Epoch 9/50 [Train]:  32%|███▏      | 148/459 [00:07<00:14, 20.89it/s]
Epoch 9/50 [Train]:  33%|███▎      | 151/459 [00:07<00:14, 20.82it/s]
Epoch 9/50 [Train]:  34%|███▎      | 154/459 [00:07<00:14, 20.92it/s]
Epoch 9/50 [Train]:  34%|███▍      | 157/459 [00:07<00:14, 20.94it/s]
Epoch 9/50 [Train]:  35%|███▍      | 160/459 [00:08<00:14, 20.95it/s]
Epoch 9/50 [Train]:  36%|███▌      | 163/459 [00:08<00:14, 20.95it/s]
Epoch 9/50 [Train]:  36%|███▌      | 166/459 [00:08<00:13, 20.94it/s]
Epoch 9/50 [Train]:  37%|███▋      | 169/459 [00:08<00:13, 20.95it/s]
Epoch 9/50 [Train]:  37%|███▋      | 172/459 [00:08<00:13, 20.76it/s]
Epoch 9/50 [Train]:  38%|███▊      | 175/459 [00:08<00:13, 20.74it/s]
Epoch 9/50 [Train]:  39%|███▉      | 178/459 [00:08<00:13, 20.83it/s]
Epoch 9/50 [Train]:  39%|███▉      | 181/459 [00:09<00:13, 20.83it/s]
Epoch 9/50 [Train]:  40%|████      | 184/459 [00:09<00:13, 20.78it/s]
Epoch 9/50 [Train]:  41%|████      | 187/459 [00:09<00:13, 20.77it/s]
Epoch 9/50 [Train]:  41%|████▏     | 190/459 [00:09<00:12, 20.82it/s]
Epoch 9/50 [Train]:  42%|████▏     | 193/459 [00:09<00:12, 20.85it/s]
Epoch 9/50 [Train]:  43%|████▎     | 196/459 [00:09<00:12, 20.84it/s]
Epoch 9/50 [Train]:  43%|████▎     | 199/459 [00:09<00:12, 20.77it/s]
Epoch 9/50 [Train]:  44%|████▍     | 202/459 [00:10<00:12, 20.97it/s]
Epoch 9/50 [Train]:  45%|████▍     | 205/459 [00:10<00:12, 21.00it/s]
Epoch 9/50 [Train]:  45%|████▌     | 208/459 [00:10<00:12, 20.79it/s]
Epoch 9/50 [Train]:  46%|████▌     | 211/459 [00:10<00:11, 20.84it/s]
Epoch 9/50 [Train]:  47%|████▋     | 214/459 [00:10<00:11, 20.82it/s]
Epoch 9/50 [Train]:  47%|████▋     | 217/459 [00:10<00:11, 20.96it/s]
Epoch 9/50 [Train]:  48%|████▊     | 220/459 [00:10<00:11, 20.90it/s]
Epoch 9/50 [Train]:  49%|████▊     | 223/459 [00:11<00:11, 20.88it/s]
Epoch 9/50 [Train]:  49%|████▉     | 226/459 [00:11<00:11, 20.95it/s]
Epoch 9/50 [Train]:  50%|████▉     | 229/459 [00:11<00:10, 20.92it/s]
Epoch 9/50 [Train]:  51%|█████     | 232/459 [00:11<00:10, 20.95it/s]
Epoch 9/50 [Train]:  51%|█████     | 235/459 [00:11<00:10, 20.89it/s]
Epoch 9/50 [Train]:  52%|█████▏    | 238/459 [00:11<00:10, 20.91it/s]
Epoch 9/50 [Train]:  53%|█████▎    | 241/459 [00:11<00:10, 20.89it/s]
Epoch 9/50 [Train]:  53%|█████▎    | 244/459 [00:12<00:10, 20.96it/s]
Epoch 9/50 [Train]:  54%|█████▍    | 247/459 [00:12<00:10, 20.88it/s]
Epoch 9/50 [Train]:  54%|█████▍    | 250/459 [00:12<00:09, 20.94it/s]
Epoch 9/50 [Train]:  55%|█████▌    | 253/459 [00:12<00:09, 20.92it/s]
Epoch 9/50 [Train]:  56%|█████▌    | 256/459 [00:12<00:09, 20.82it/s]
Epoch 9/50 [Train]:  56%|█████▋    | 259/459 [00:12<00:09, 20.72it/s]
Epoch 9/50 [Train]:  57%|█████▋    | 262/459 [00:12<00:09, 20.82it/s]
Epoch 9/50 [Train]:  58%|█████▊    | 265/459 [00:13<00:09, 20.91it/s]
Epoch 9/50 [Train]:  58%|█████▊    | 268/459 [00:13<00:09, 20.92it/s]
Epoch 9/50 [Train]:  59%|█████▉    | 271/459 [00:13<00:09, 20.87it/s]
Epoch 9/50 [Train]:  60%|█████▉    | 274/459 [00:13<00:08, 20.89it/s]
Epoch 9/50 [Train]:  60%|██████    | 277/459 [00:13<00:08, 20.78it/s]
Epoch 9/50 [Train]:  61%|██████    | 280/459 [00:13<00:08, 20.61it/s]
Epoch 9/50 [Train]:  62%|██████▏   | 283/459 [00:13<00:08, 20.43it/s]
Epoch 9/50 [Train]:  62%|██████▏   | 286/459 [00:14<00:08, 20.42it/s]
Epoch 9/50 [Train]:  63%|██████▎   | 289/459 [00:14<00:08, 20.43it/s]
Epoch 9/50 [Train]:  64%|██████▎   | 292/459 [00:14<00:08, 20.28it/s]
Epoch 9/50 [Train]:  64%|██████▍   | 295/459 [00:14<00:08, 20.44it/s]
Epoch 9/50 [Train]:  65%|██████▍   | 298/459 [00:14<00:07, 20.48it/s]
Epoch 9/50 [Train]:  66%|██████▌   | 301/459 [00:14<00:07, 20.55it/s]
Epoch 9/50 [Train]:  66%|██████▌   | 304/459 [00:14<00:07, 20.65it/s]
Epoch 9/50 [Train]:  67%|██████▋   | 307/459 [00:15<00:07, 20.74it/s]
Epoch 9/50 [Train]:  68%|██████▊   | 310/459 [00:15<00:07, 20.66it/s]
Epoch 9/50 [Train]:  68%|██████▊   | 313/459 [00:15<00:07, 20.67it/s]
Epoch 9/50 [Train]:  69%|██████▉   | 316/459 [00:15<00:06, 20.69it/s]
Epoch 9/50 [Train]:  69%|██████▉   | 319/459 [00:15<00:06, 20.77it/s]
Epoch 9/50 [Train]:  70%|███████   | 322/459 [00:15<00:06, 20.71it/s]
Epoch 9/50 [Train]:  71%|███████   | 325/459 [00:15<00:06, 20.66it/s]
Epoch 9/50 [Train]:  71%|███████▏  | 328/459 [00:16<00:06, 20.86it/s]
Epoch 9/50 [Train]:  72%|███████▏  | 331/459 [00:16<00:06, 20.84it/s]
Epoch 9/50 [Train]:  73%|███████▎  | 334/459 [00:16<00:05, 20.92it/s]
Epoch 9/50 [Train]:  73%|███████▎  | 337/459 [00:16<00:05, 20.67it/s]
Epoch 9/50 [Train]:  74%|███████▍  | 340/459 [00:16<00:05, 20.80it/s]
Epoch 9/50 [Train]:  75%|███████▍  | 343/459 [00:16<00:05, 20.78it/s]
Epoch 9/50 [Train]:  75%|███████▌  | 346/459 [00:16<00:05, 20.80it/s]
Epoch 9/50 [Train]:  76%|███████▌  | 349/459 [00:17<00:05, 20.74it/s]
Epoch 9/50 [Train]:  77%|███████▋  | 352/459 [00:17<00:05, 20.68it/s]
Epoch 9/50 [Train]:  77%|███████▋  | 355/459 [00:17<00:05, 20.75it/s]
Epoch 9/50 [Train]:  78%|███████▊  | 358/459 [00:17<00:04, 20.80it/s]
Epoch 9/50 [Train]:  79%|███████▊  | 361/459 [00:17<00:04, 20.55it/s]
Epoch 9/50 [Train]:  79%|███████▉  | 364/459 [00:17<00:04, 20.66it/s]
Epoch 9/50 [Train]:  80%|███████▉  | 367/459 [00:17<00:04, 20.84it/s]
Epoch 9/50 [Train]:  81%|████████  | 370/459 [00:18<00:04, 20.98it/s]
Epoch 9/50 [Train]:  81%|████████▏ | 373/459 [00:18<00:04, 20.98it/s]
Epoch 9/50 [Train]:  82%|████████▏ | 376/459 [00:18<00:03, 21.07it/s]
Epoch 9/50 [Train]:  83%|████████▎ | 379/459 [00:18<00:03, 20.97it/s]
Epoch 9/50 [Train]:  83%|████████▎ | 382/459 [00:18<00:03, 20.92it/s]
Epoch 9/50 [Train]:  84%|████████▍ | 385/459 [00:18<00:03, 20.96it/s]
Epoch 9/50 [Train]:  85%|████████▍ | 388/459 [00:18<00:03, 21.01it/s]
Epoch 9/50 [Train]:  85%|████████▌ | 391/459 [00:19<00:03, 20.94it/s]
Epoch 9/50 [Train]:  86%|████████▌ | 394/459 [00:19<00:03, 20.97it/s]
Epoch 9/50 [Train]:  86%|████████▋ | 397/459 [00:19<00:02, 20.88it/s]
Epoch 9/50 [Train]:  87%|████████▋ | 400/459 [00:19<00:02, 20.86it/s]
Epoch 9/50 [Train]:  88%|████████▊ | 403/459 [00:19<00:02, 20.89it/s]
Epoch 9/50 [Train]:  88%|████████▊ | 406/459 [00:19<00:02, 21.00it/s]
Epoch 9/50 [Train]:  89%|████████▉ | 409/459 [00:19<00:02, 20.95it/s]
Epoch 9/50 [Train]:  90%|████████▉ | 412/459 [00:20<00:02, 20.98it/s]
Epoch 9/50 [Train]:  90%|█████████ | 415/459 [00:20<00:02, 21.13it/s]
Epoch 9/50 [Train]:  91%|█████████ | 418/459 [00:20<00:01, 21.05it/s]
Epoch 9/50 [Train]:  92%|█████████▏| 421/459 [00:20<00:01, 20.98it/s]
Epoch 9/50 [Train]:  92%|█████████▏| 424/459 [00:20<00:01, 20.91it/s]
Epoch 9/50 [Train]:  93%|█████████▎| 427/459 [00:20<00:01, 21.06it/s]
Epoch 9/50 [Train]:  94%|█████████▎| 430/459 [00:20<00:01, 21.14it/s]
Epoch 9/50 [Train]:  94%|█████████▍| 433/459 [00:21<00:01, 21.10it/s]
Epoch 9/50 [Train]:  95%|█████████▍| 436/459 [00:21<00:01, 21.09it/s]
Epoch 9/50 [Train]:  96%|█████████▌| 439/459 [00:21<00:00, 21.02it/s]
Epoch 9/50 [Train]:  96%|█████████▋| 442/459 [00:21<00:00, 20.93it/s]
Epoch 9/50 [Train]:  97%|█████████▋| 445/459 [00:21<00:00, 20.93it/s]
Epoch 9/50 [Train]:  98%|█████████▊| 448/459 [00:21<00:00, 21.03it/s]
Epoch 9/50 [Train]:  98%|█████████▊| 451/459 [00:21<00:00, 20.88it/s]
Epoch 9/50 [Train]:  99%|█████████▉| 454/459 [00:22<00:00, 20.82it/s]
Epoch 9/50 [Train]: 100%|█████████▉| 457/459 [00:22<00:00, 20.84it/s]
                                                                     

Epoch 9/50 [Val]:   0%|          | 0/113 [00:00<?, ?it/s]
Epoch 9/50 [Val]:   2%|▏         | 2/113 [00:00<00:06, 17.50it/s]
Epoch 9/50 [Val]:   4%|▎         | 4/113 [00:00<00:06, 17.56it/s]
Epoch 9/50 [Val]:   5%|▌         | 6/113 [00:00<00:06, 17.43it/s]
Epoch 9/50 [Val]:   7%|▋         | 8/113 [00:00<00:05, 17.52it/s]
Epoch 9/50 [Val]:   9%|▉         | 10/113 [00:00<00:05, 17.99it/s]
Epoch 9/50 [Val]:  11%|█         | 12/113 [00:00<00:05, 18.00it/s]
Epoch 9/50 [Val]:  12%|█▏        | 14/113 [00:00<00:05, 17.89it/s]
Epoch 9/50 [Val]:  14%|█▍        | 16/113 [00:00<00:05, 16.90it/s]
Epoch 9/50 [Val]:  16%|█▌        | 18/113 [00:01<00:05, 16.35it/s]
Epoch 9/50 [Val]:  18%|█▊        | 20/113 [00:01<00:05, 15.97it/s]
Epoch 9/50 [Val]:  19%|█▉        | 22/113 [00:01<00:05, 15.69it/s]
Epoch 9/50 [Val]:  21%|██        | 24/113 [00:01<00:05, 15.71it/s]
Epoch 9/50 [Val]:  23%|██▎       | 26/113 [00:01<00:05, 15.96it/s]
Epoch 9/50 [Val]:  25%|██▍       | 28/113 [00:01<00:05, 16.21it/s]
Epoch 9/50 [Val]:  27%|██▋       | 30/113 [00:01<00:05, 16.54it/s]
Epoch 9/50 [Val]:  28%|██▊       | 32/113 [00:01<00:04, 16.81it/s]
Epoch 9/50 [Val]:  30%|███       | 34/113 [00:02<00:04, 16.98it/s]
Epoch 9/50 [Val]:  32%|███▏      | 36/113 [00:02<00:04, 17.30it/s]
Epoch 9/50 [Val]:  34%|███▎      | 38/113 [00:02<00:04, 17.48it/s]
Epoch 9/50 [Val]:  35%|███▌      | 40/113 [00:02<00:04, 17.47it/s]
Epoch 9/50 [Val]:  37%|███▋      | 42/113 [00:02<00:04, 17.56it/s]
Epoch 9/50 [Val]:  39%|███▉      | 44/113 [00:02<00:03, 17.42it/s]
Epoch 9/50 [Val]:  41%|████      | 46/113 [00:02<00:03, 17.23it/s]
Epoch 9/50 [Val]:  42%|████▏     | 48/113 [00:02<00:03, 17.28it/s]
Epoch 9/50 [Val]:  44%|████▍     | 50/113 [00:02<00:03, 17.49it/s]
Epoch 9/50 [Val]:  46%|████▌     | 52/113 [00:03<00:03, 17.78it/s]
Epoch 9/50 [Val]:  48%|████▊     | 54/113 [00:03<00:03, 17.93it/s]
Epoch 9/50 [Val]:  50%|████▉     | 56/113 [00:03<00:03, 17.79it/s]
Epoch 9/50 [Val]:  51%|█████▏    | 58/113 [00:03<00:03, 17.14it/s]
Epoch 9/50 [Val]:  53%|█████▎    | 60/113 [00:03<00:03, 17.64it/s]
Epoch 9/50 [Val]:  55%|█████▍    | 62/113 [00:03<00:02, 17.66it/s]
Epoch 9/50 [Val]:  57%|█████▋    | 64/113 [00:03<00:02, 17.62it/s]
Epoch 9/50 [Val]:  58%|█████▊    | 66/113 [00:03<00:02, 17.19it/s]
Epoch 9/50 [Val]:  60%|██████    | 68/113 [00:03<00:02, 16.92it/s]
Epoch 9/50 [Val]:  62%|██████▏   | 70/113 [00:04<00:02, 17.23it/s]
Epoch 9/50 [Val]:  64%|██████▎   | 72/113 [00:04<00:02, 17.43it/s]
Epoch 9/50 [Val]:  65%|██████▌   | 74/113 [00:04<00:02, 17.55it/s]
Epoch 9/50 [Val]:  67%|██████▋   | 76/113 [00:04<00:02, 17.70it/s]
Epoch 9/50 [Val]:  69%|██████▉   | 78/113 [00:04<00:01, 17.70it/s]
Epoch 9/50 [Val]:  71%|███████   | 80/113 [00:04<00:01, 17.65it/s]
Epoch 9/50 [Val]:  73%|███████▎  | 82/113 [00:04<00:01, 17.55it/s]
Epoch 9/50 [Val]:  74%|███████▍  | 84/113 [00:04<00:01, 17.73it/s]
Epoch 9/50 [Val]:  76%|███████▌  | 86/113 [00:04<00:01, 17.67it/s]
Epoch 9/50 [Val]:  78%|███████▊  | 88/113 [00:05<00:01, 17.38it/s]
Epoch 9/50 [Val]:  80%|███████▉  | 90/113 [00:05<00:01, 17.57it/s]
Epoch 9/50 [Val]:  81%|████████▏ | 92/113 [00:05<00:01, 17.58it/s]
Epoch 9/50 [Val]:  83%|████████▎ | 94/113 [00:05<00:01, 17.75it/s]
Epoch 9/50 [Val]:  85%|████████▍ | 96/113 [00:05<00:00, 17.97it/s]
Epoch 9/50 [Val]:  87%|████████▋ | 98/113 [00:05<00:00, 18.09it/s]
Epoch 9/50 [Val]:  88%|████████▊ | 100/113 [00:05<00:00, 17.86it/s]
Epoch 9/50 [Val]:  90%|█████████ | 102/113 [00:05<00:00, 17.52it/s]
Epoch 9/50 [Val]:  92%|█████████▏| 104/113 [00:06<00:00, 17.86it/s]
Epoch 9/50 [Val]:  94%|█████████▍| 106/113 [00:06<00:00, 17.95it/s]
Epoch 9/50 [Val]:  96%|█████████▌| 108/113 [00:06<00:00, 18.03it/s]
Epoch 9/50 [Val]:  97%|█████████▋| 110/113 [00:06<00:00, 18.02it/s]
Epoch 9/50 [Val]:  99%|█████████▉| 112/113 [00:06<00:00, 18.14it/s]
                                                                   

Epoch 10/50 [Train]:   0%|          | 0/459 [00:00<?, ?it/s]
Epoch 10/50 [Train]:   0%|          | 2/459 [00:00<00:23, 19.80it/s]
Epoch 10/50 [Train]:   1%|          | 5/459 [00:00<00:22, 20.21it/s]
Epoch 10/50 [Train]:   2%|▏         | 8/459 [00:00<00:21, 20.51it/s]
Epoch 10/50 [Train]:   2%|▏         | 11/459 [00:00<00:21, 20.79it/s]
Epoch 10/50 [Train]:   3%|▎         | 14/459 [00:00<00:21, 20.77it/s]
Epoch 10/50 [Train]:   4%|▎         | 17/459 [00:00<00:21, 20.84it/s]
Epoch 10/50 [Train]:   4%|▍         | 20/459 [00:00<00:21, 20.81it/s]
Epoch 10/50 [Train]:   5%|▌         | 23/459 [00:01<00:20, 20.93it/s]
Epoch 10/50 [Train]:   6%|▌         | 26/459 [00:01<00:20, 20.90it/s]
Epoch 10/50 [Train]:   6%|▋         | 29/459 [00:01<00:20, 20.97it/s]
Epoch 10/50 [Train]:   7%|▋         | 32/459 [00:01<00:20, 21.06it/s]
Epoch 10/50 [Train]:   8%|▊         | 35/459 [00:01<00:20, 21.06it/s]
Epoch 10/50 [Train]:   8%|▊         | 38/459 [00:01<00:20, 20.84it/s]
Epoch 10/50 [Train]:   9%|▉         | 41/459 [00:01<00:20, 20.68it/s]
Epoch 10/50 [Train]:  10%|▉         | 44/459 [00:02<00:20, 20.73it/s]
Epoch 10/50 [Train]:  10%|█         | 47/459 [00:02<00:19, 20.76it/s]
Epoch 10/50 [Train]:  11%|█         | 50/459 [00:02<00:19, 20.67it/s]
Epoch 10/50 [Train]:  12%|█▏        | 53/459 [00:02<00:19, 20.57it/s]
Epoch 10/50 [Train]:  12%|█▏        | 56/459 [00:02<00:19, 20.54it/s]
Epoch 10/50 [Train]:  13%|█▎        | 59/459 [00:02<00:19, 20.68it/s]
Epoch 10/50 [Train]:  14%|█▎        | 62/459 [00:02<00:19, 20.86it/s]
Epoch 10/50 [Train]:  14%|█▍        | 65/459 [00:03<00:18, 20.94it/s]
Epoch 10/50 [Train]:  15%|█▍        | 68/459 [00:03<00:18, 20.95it/s]
Epoch 10/50 [Train]:  15%|█▌        | 71/459 [00:03<00:18, 21.02it/s]
Epoch 10/50 [Train]:  16%|█▌        | 74/459 [00:03<00:18, 20.89it/s]
Epoch 10/50 [Train]:  17%|█▋        | 77/459 [00:03<00:18, 20.83it/s]
Epoch 10/50 [Train]:  17%|█▋        | 80/459 [00:03<00:18, 20.93it/s]
Epoch 10/50 [Train]:  18%|█▊        | 83/459 [00:03<00:17, 20.90it/s]
Epoch 10/50 [Train]:  19%|█▊        | 86/459 [00:04<00:18, 20.53it/s]
Epoch 10/50 [Train]:  19%|█▉        | 89/459 [00:04<00:17, 20.70it/s]
Epoch 10/50 [Train]:  20%|██        | 92/459 [00:04<00:17, 20.78it/s]
Epoch 10/50 [Train]:  21%|██        | 95/459 [00:04<00:17, 20.66it/s]
Epoch 10/50 [Train]:  21%|██▏       | 98/459 [00:04<00:17, 20.67it/s]
Epoch 10/50 [Train]:  22%|██▏       | 101/459 [00:04<00:17, 20.61it/s]
Epoch 10/50 [Train]:  23%|██▎       | 104/459 [00:05<00:17, 20.43it/s]
Epoch 10/50 [Train]:  23%|██▎       | 107/459 [00:05<00:17, 20.59it/s]
Epoch 10/50 [Train]:  24%|██▍       | 110/459 [00:05<00:16, 20.54it/s]
Epoch 10/50 [Train]:  25%|██▍       | 113/459 [00:05<00:16, 20.68it/s]
Epoch 10/50 [Train]:  25%|██▌       | 116/459 [00:05<00:16, 20.89it/s]
Epoch 10/50 [Train]:  26%|██▌       | 119/459 [00:05<00:16, 20.85it/s]
Epoch 10/50 [Train]:  27%|██▋       | 122/459 [00:05<00:16, 20.86it/s]
Epoch 10/50 [Train]:  27%|██▋       | 125/459 [00:06<00:16, 20.73it/s]
Epoch 10/50 [Train]:  28%|██▊       | 128/459 [00:06<00:15, 20.78it/s]
Epoch 10/50 [Train]:  29%|██▊       | 131/459 [00:06<00:15, 20.74it/s]
Epoch 10/50 [Train]:  29%|██▉       | 134/459 [00:06<00:15, 20.57it/s]
Epoch 10/50 [Train]:  30%|██▉       | 137/459 [00:06<00:15, 20.65it/s]
Epoch 10/50 [Train]:  31%|███       | 140/459 [00:06<00:15, 20.71it/s]
Epoch 10/50 [Train]:  31%|███       | 143/459 [00:06<00:15, 20.63it/s]
Epoch 10/50 [Train]:  32%|███▏      | 146/459 [00:07<00:15, 20.41it/s]
Epoch 10/50 [Train]:  32%|███▏      | 149/459 [00:07<00:15, 20.66it/s]
Epoch 10/50 [Train]:  33%|███▎      | 152/459 [00:07<00:14, 20.74it/s]
Epoch 10/50 [Train]:  34%|███▍      | 155/459 [00:07<00:14, 20.88it/s]
Epoch 10/50 [Train]:  34%|███▍      | 158/459 [00:07<00:14, 20.89it/s]
Epoch 10/50 [Train]:  35%|███▌      | 161/459 [00:07<00:14, 20.94it/s]
Epoch 10/50 [Train]:  36%|███▌      | 164/459 [00:07<00:14, 21.06it/s]
Epoch 10/50 [Train]:  36%|███▋      | 167/459 [00:08<00:13, 20.99it/s]
Epoch 10/50 [Train]:  37%|███▋      | 170/459 [00:08<00:13, 20.90it/s]
Epoch 10/50 [Train]:  38%|███▊      | 173/459 [00:08<00:13, 20.92it/s]
Epoch 10/50 [Train]:  38%|███▊      | 176/459 [00:08<00:13, 21.05it/s]
Epoch 10/50 [Train]:  39%|███▉      | 179/459 [00:08<00:13, 21.01it/s]
Epoch 10/50 [Train]:  40%|███▉      | 182/459 [00:08<00:13, 20.80it/s]
Epoch 10/50 [Train]:  40%|████      | 185/459 [00:08<00:13, 20.82it/s]
Epoch 10/50 [Train]:  41%|████      | 188/459 [00:09<00:12, 21.00it/s]
Epoch 10/50 [Train]:  42%|████▏     | 191/459 [00:09<00:12, 20.99it/s]
Epoch 10/50 [Train]:  42%|████▏     | 194/459 [00:09<00:12, 21.03it/s]
Epoch 10/50 [Train]:  43%|████▎     | 197/459 [00:09<00:12, 20.77it/s]
Epoch 10/50 [Train]:  44%|████▎     | 200/459 [00:09<00:12, 20.75it/s]
Epoch 10/50 [Train]:  44%|████▍     | 203/459 [00:09<00:12, 20.81it/s]
Epoch 10/50 [Train]:  45%|████▍     | 206/459 [00:09<00:12, 20.86it/s]
Epoch 10/50 [Train]:  46%|████▌     | 209/459 [00:10<00:12, 20.80it/s]
Epoch 10/50 [Train]:  46%|████▌     | 212/459 [00:10<00:11, 20.99it/s]
Epoch 10/50 [Train]:  47%|████▋     | 215/459 [00:10<00:11, 21.03it/s]
Epoch 10/50 [Train]:  47%|████▋     | 218/459 [00:10<00:11, 20.99it/s]
Epoch 10/50 [Train]:  48%|████▊     | 221/459 [00:10<00:11, 20.99it/s]
Epoch 10/50 [Train]:  49%|████▉     | 224/459 [00:10<00:11, 20.96it/s]
Epoch 10/50 [Train]:  49%|████▉     | 227/459 [00:10<00:11, 20.89it/s]
Epoch 10/50 [Train]:  50%|█████     | 230/459 [00:11<00:10, 20.97it/s]
Epoch 10/50 [Train]:  51%|█████     | 233/459 [00:11<00:10, 20.89it/s]
Epoch 10/50 [Train]:  51%|█████▏    | 236/459 [00:11<00:10, 20.94it/s]
Epoch 10/50 [Train]:  52%|█████▏    | 239/459 [00:11<00:10, 20.89it/s]
Epoch 10/50 [Train]:  53%|█████▎    | 242/459 [00:11<00:10, 20.92it/s]
Epoch 10/50 [Train]:  53%|█████▎    | 245/459 [00:11<00:10, 20.86it/s]
Epoch 10/50 [Train]:  54%|█████▍    | 248/459 [00:11<00:10, 20.84it/s]
Epoch 10/50 [Train]:  55%|█████▍    | 251/459 [00:12<00:09, 20.98it/s]
Epoch 10/50 [Train]:  55%|█████▌    | 254/459 [00:12<00:09, 21.06it/s]
Epoch 10/50 [Train]:  56%|█████▌    | 257/459 [00:12<00:09, 21.06it/s]
Epoch 10/50 [Train]:  57%|█████▋    | 260/459 [00:12<00:09, 21.09it/s]
Epoch 10/50 [Train]:  57%|█████▋    | 263/459 [00:12<00:09, 21.06it/s]
Epoch 10/50 [Train]:  58%|█████▊    | 266/459 [00:12<00:09, 20.89it/s]
Epoch 10/50 [Train]:  59%|█████▊    | 269/459 [00:12<00:09, 20.96it/s]
Epoch 10/50 [Train]:  59%|█████▉    | 272/459 [00:13<00:08, 20.92it/s]
Epoch 10/50 [Train]:  60%|█████▉    | 275/459 [00:13<00:08, 20.89it/s]
Epoch 10/50 [Train]:  61%|██████    | 278/459 [00:13<00:08, 21.05it/s]
Epoch 10/50 [Train]:  61%|██████    | 281/459 [00:13<00:08, 21.09it/s]
Epoch 10/50 [Train]:  62%|██████▏   | 284/459 [00:13<00:08, 21.08it/s]
Epoch 10/50 [Train]:  63%|██████▎   | 287/459 [00:13<00:08, 20.96it/s]
Epoch 10/50 [Train]:  63%|██████▎   | 290/459 [00:13<00:08, 21.05it/s]
Epoch 10/50 [Train]:  64%|██████▍   | 293/459 [00:14<00:07, 20.96it/s]
Epoch 10/50 [Train]:  64%|██████▍   | 296/459 [00:14<00:07, 20.97it/s]
Epoch 10/50 [Train]:  65%|██████▌   | 299/459 [00:14<00:07, 20.97it/s]
Epoch 10/50 [Train]:  66%|██████▌   | 302/459 [00:14<00:07, 20.86it/s]
Epoch 10/50 [Train]:  66%|██████▋   | 305/459 [00:14<00:07, 20.94it/s]
Epoch 10/50 [Train]:  67%|██████▋   | 308/459 [00:14<00:07, 20.86it/s]
Epoch 10/50 [Train]:  68%|██████▊   | 311/459 [00:14<00:07, 20.65it/s]
Epoch 10/50 [Train]:  68%|██████▊   | 314/459 [00:15<00:07, 20.58it/s]
Epoch 10/50 [Train]:  69%|██████▉   | 317/459 [00:15<00:06, 20.57it/s]
Epoch 10/50 [Train]:  70%|██████▉   | 320/459 [00:15<00:06, 20.52it/s]
Epoch 10/50 [Train]:  70%|███████   | 323/459 [00:15<00:06, 20.50it/s]
Epoch 10/50 [Train]:  71%|███████   | 326/459 [00:15<00:06, 20.22it/s]
Epoch 10/50 [Train]:  72%|███████▏  | 329/459 [00:15<00:06, 20.28it/s]
Epoch 10/50 [Train]:  72%|███████▏  | 332/459 [00:15<00:06, 20.56it/s]
Epoch 10/50 [Train]:  73%|███████▎  | 335/459 [00:16<00:05, 20.70it/s]
Epoch 10/50 [Train]:  74%|███████▎  | 338/459 [00:16<00:05, 20.81it/s]
Epoch 10/50 [Train]:  74%|███████▍  | 341/459 [00:16<00:05, 20.80it/s]
Epoch 10/50 [Train]:  75%|███████▍  | 344/459 [00:16<00:05, 20.86it/s]
Epoch 10/50 [Train]:  76%|███████▌  | 347/459 [00:16<00:05, 20.79it/s]
Epoch 10/50 [Train]:  76%|███████▋  | 350/459 [00:16<00:05, 20.89it/s]
Epoch 10/50 [Train]:  77%|███████▋  | 353/459 [00:16<00:05, 20.74it/s]
Epoch 10/50 [Train]:  78%|███████▊  | 356/459 [00:17<00:04, 20.81it/s]
Epoch 10/50 [Train]:  78%|███████▊  | 359/459 [00:17<00:04, 20.93it/s]
Epoch 10/50 [Train]:  79%|███████▉  | 362/459 [00:17<00:04, 20.87it/s]
Epoch 10/50 [Train]:  80%|███████▉  | 365/459 [00:17<00:04, 20.92it/s]
Epoch 10/50 [Train]:  80%|████████  | 368/459 [00:17<00:04, 20.92it/s]
Epoch 10/50 [Train]:  81%|████████  | 371/459 [00:17<00:04, 20.97it/s]
Epoch 10/50 [Train]:  81%|████████▏ | 374/459 [00:17<00:04, 20.94it/s]
Epoch 10/50 [Train]:  82%|████████▏ | 377/459 [00:18<00:03, 21.04it/s]
Epoch 10/50 [Train]:  83%|████████▎ | 380/459 [00:18<00:03, 20.89it/s]
Epoch 10/50 [Train]:  83%|████████▎ | 383/459 [00:18<00:03, 21.00it/s]
Epoch 10/50 [Train]:  84%|████████▍ | 386/459 [00:18<00:03, 21.04it/s]
Epoch 10/50 [Train]:  85%|████████▍ | 389/459 [00:18<00:03, 21.01it/s]
Epoch 10/50 [Train]:  85%|████████▌ | 392/459 [00:18<00:03, 20.93it/s]
Epoch 10/50 [Train]:  86%|████████▌ | 395/459 [00:18<00:03, 20.94it/s]
Epoch 10/50 [Train]:  87%|████████▋ | 398/459 [00:19<00:02, 20.87it/s]
Epoch 10/50 [Train]:  87%|████████▋ | 401/459 [00:19<00:02, 20.68it/s]
Epoch 10/50 [Train]:  88%|████████▊ | 404/459 [00:19<00:02, 20.68it/s]
Epoch 10/50 [Train]:  89%|████████▊ | 407/459 [00:19<00:02, 20.70it/s]
Epoch 10/50 [Train]:  89%|████████▉ | 410/459 [00:19<00:02, 20.68it/s]
Epoch 10/50 [Train]:  90%|████████▉ | 413/459 [00:19<00:02, 20.63it/s]
Epoch 10/50 [Train]:  91%|█████████ | 416/459 [00:19<00:02, 20.62it/s]
Epoch 10/50 [Train]:  91%|█████████▏| 419/459 [00:20<00:01, 20.77it/s]
Epoch 10/50 [Train]:  92%|█████████▏| 422/459 [00:20<00:01, 20.83it/s]
Epoch 10/50 [Train]:  93%|█████████▎| 425/459 [00:20<00:01, 20.76it/s]
Epoch 10/50 [Train]:  93%|█████████▎| 428/459 [00:20<00:01, 20.91it/s]
Epoch 10/50 [Train]:  94%|█████████▍| 431/459 [00:20<00:01, 20.94it/s]
Epoch 10/50 [Train]:  95%|█████████▍| 434/459 [00:20<00:01, 20.75it/s]
Epoch 10/50 [Train]:  95%|█████████▌| 437/459 [00:20<00:01, 20.82it/s]
Epoch 10/50 [Train]:  96%|█████████▌| 440/459 [00:21<00:00, 20.80it/s]
Epoch 10/50 [Train]:  97%|█████████▋| 443/459 [00:21<00:00, 20.72it/s]
Epoch 10/50 [Train]:  97%|█████████▋| 446/459 [00:21<00:00, 20.88it/s]
Epoch 10/50 [Train]:  98%|█████████▊| 449/459 [00:21<00:00, 20.87it/s]
Epoch 10/50 [Train]:  98%|█████████▊| 452/459 [00:21<00:00, 20.81it/s]
Epoch 10/50 [Train]:  99%|█████████▉| 455/459 [00:21<00:00, 20.89it/s]
Epoch 10/50 [Train]: 100%|█████████▉| 458/459 [00:21<00:00, 20.94it/s]
                                                                      

Epoch 10/50 [Val]:   0%|          | 0/113 [00:00<?, ?it/s]
Epoch 10/50 [Val]:   2%|▏         | 2/113 [00:00<00:06, 17.78it/s]
Epoch 10/50 [Val]:   4%|▎         | 4/113 [00:00<00:06, 17.73it/s]
Epoch 10/50 [Val]:   5%|▌         | 6/113 [00:00<00:06, 17.50it/s]
Epoch 10/50 [Val]:   7%|▋         | 8/113 [00:00<00:05, 17.79it/s]
Epoch 10/50 [Val]:   9%|▉         | 10/113 [00:00<00:05, 18.17it/s]
Epoch 10/50 [Val]:  11%|█         | 12/113 [00:00<00:05, 17.95it/s]
Epoch 10/50 [Val]:  12%|█▏        | 14/113 [00:00<00:05, 17.93it/s]
Epoch 10/50 [Val]:  14%|█▍        | 16/113 [00:00<00:05, 16.97it/s]
Epoch 10/50 [Val]:  16%|█▌        | 18/113 [00:01<00:05, 16.32it/s]
Epoch 10/50 [Val]:  18%|█▊        | 20/113 [00:01<00:05, 16.02it/s]
Epoch 10/50 [Val]:  19%|█▉        | 22/113 [00:01<00:05, 15.87it/s]
Epoch 10/50 [Val]:  21%|██        | 24/113 [00:01<00:05, 15.75it/s]
Epoch 10/50 [Val]:  23%|██▎       | 26/113 [00:01<00:05, 15.89it/s]
Epoch 10/50 [Val]:  25%|██▍       | 28/113 [00:01<00:05, 16.03it/s]
Epoch 10/50 [Val]:  27%|██▋       | 30/113 [00:01<00:05, 16.42it/s]
Epoch 10/50 [Val]:  28%|██▊       | 32/113 [00:01<00:04, 16.80it/s]
Epoch 10/50 [Val]:  30%|███       | 34/113 [00:02<00:04, 16.83it/s]
Epoch 10/50 [Val]:  32%|███▏      | 36/113 [00:02<00:04, 17.31it/s]
Epoch 10/50 [Val]:  34%|███▎      | 38/113 [00:02<00:04, 17.54it/s]
Epoch 10/50 [Val]:  35%|███▌      | 40/113 [00:02<00:04, 17.58it/s]
Epoch 10/50 [Val]:  37%|███▋      | 42/113 [00:02<00:03, 17.80it/s]
Epoch 10/50 [Val]:  39%|███▉      | 44/113 [00:02<00:03, 17.72it/s]
Epoch 10/50 [Val]:  41%|████      | 46/113 [00:02<00:03, 17.27it/s]
Epoch 10/50 [Val]:  42%|████▏     | 48/113 [00:02<00:03, 17.18it/s]
Epoch 10/50 [Val]:  44%|████▍     | 50/113 [00:02<00:03, 17.47it/s]
Epoch 10/50 [Val]:  46%|████▌     | 52/113 [00:03<00:03, 17.68it/s]
Epoch 10/50 [Val]:  48%|████▊     | 54/113 [00:03<00:03, 17.87it/s]
Epoch 10/50 [Val]:  50%|████▉     | 56/113 [00:03<00:03, 17.87it/s]
Epoch 10/50 [Val]:  51%|█████▏    | 58/113 [00:03<00:03, 17.25it/s]
Epoch 10/50 [Val]:  53%|█████▎    | 60/113 [00:03<00:02, 17.71it/s]
Epoch 10/50 [Val]:  55%|█████▍    | 62/113 [00:03<00:02, 17.74it/s]
Epoch 10/50 [Val]:  57%|█████▋    | 64/113 [00:03<00:02, 17.79it/s]
Epoch 10/50 [Val]:  58%|█████▊    | 66/113 [00:03<00:02, 17.27it/s]
Epoch 10/50 [Val]:  60%|██████    | 68/113 [00:03<00:02, 17.03it/s]
Epoch 10/50 [Val]:  62%|██████▏   | 70/113 [00:04<00:02, 17.22it/s]
Epoch 10/50 [Val]:  64%|██████▎   | 72/113 [00:04<00:02, 17.59it/s]
Epoch 10/50 [Val]:  65%|██████▌   | 74/113 [00:04<00:02, 17.83it/s]
Epoch 10/50 [Val]:  67%|██████▋   | 76/113 [00:04<00:02, 17.86it/s]
Epoch 10/50 [Val]:  69%|██████▉   | 78/113 [00:04<00:01, 17.81it/s]
Epoch 10/50 [Val]:  71%|███████   | 80/113 [00:04<00:01, 17.68it/s]
Epoch 10/50 [Val]:  73%|███████▎  | 82/113 [00:04<00:01, 17.51it/s]
Epoch 10/50 [Val]:  74%|███████▍  | 84/113 [00:04<00:01, 17.56it/s]
Epoch 10/50 [Val]:  76%|███████▌  | 86/113 [00:04<00:01, 17.44it/s]
Epoch 10/50 [Val]:  78%|███████▊  | 88/113 [00:05<00:01, 17.41it/s]
Epoch 10/50 [Val]:  80%|███████▉  | 90/113 [00:05<00:01, 17.63it/s]
Epoch 10/50 [Val]:  81%|████████▏ | 92/113 [00:05<00:01, 17.82it/s]
Epoch 10/50 [Val]:  83%|████████▎ | 94/113 [00:05<00:01, 17.97it/s]
Epoch 10/50 [Val]:  85%|████████▍ | 96/113 [00:05<00:00, 18.23it/s]
Epoch 10/50 [Val]:  87%|████████▋ | 98/113 [00:05<00:00, 18.23it/s]
Epoch 10/50 [Val]:  88%|████████▊ | 100/113 [00:05<00:00, 17.78it/s]
Epoch 10/50 [Val]:  90%|█████████ | 102/113 [00:05<00:00, 17.33it/s]
Epoch 10/50 [Val]:  92%|█████████▏| 104/113 [00:05<00:00, 17.56it/s]
Epoch 10/50 [Val]:  94%|█████████▍| 106/113 [00:06<00:00, 17.60it/s]
Epoch 10/50 [Val]:  96%|█████████▌| 108/113 [00:06<00:00, 17.96it/s]
Epoch 10/50 [Val]:  97%|█████████▋| 110/113 [00:06<00:00, 18.27it/s]
Epoch 10/50 [Val]:  99%|█████████▉| 112/113 [00:06<00:00, 18.22it/s]
                                                                    

Epoch 11/50 [Train]:   0%|          | 0/459 [00:00<?, ?it/s]
Epoch 11/50 [Train]:   1%|          | 3/459 [00:00<00:22, 20.19it/s]
Epoch 11/50 [Train]:   1%|▏         | 6/459 [00:00<00:22, 20.12it/s]
Epoch 11/50 [Train]:   2%|▏         | 9/459 [00:00<00:21, 20.49it/s]
Epoch 11/50 [Train]:   3%|▎         | 12/459 [00:00<00:21, 20.62it/s]
Epoch 11/50 [Train]:   3%|▎         | 15/459 [00:00<00:21, 20.59it/s]
Epoch 11/50 [Train]:   4%|▍         | 18/459 [00:00<00:21, 20.77it/s]
Epoch 11/50 [Train]:   5%|▍         | 21/459 [00:01<00:21, 20.72it/s]
Epoch 11/50 [Train]:   5%|▌         | 24/459 [00:01<00:20, 20.85it/s]
Epoch 11/50 [Train]:   6%|▌         | 27/459 [00:01<00:20, 20.88it/s]
Epoch 11/50 [Train]:   7%|▋         | 30/459 [00:01<00:20, 20.98it/s]
Epoch 11/50 [Train]:   7%|▋         | 33/459 [00:01<00:20, 20.96it/s]
Epoch 11/50 [Train]:   8%|▊         | 36/459 [00:01<00:20, 20.79it/s]
Epoch 11/50 [Train]:   8%|▊         | 39/459 [00:01<00:20, 20.82it/s]
Epoch 11/50 [Train]:   9%|▉         | 42/459 [00:02<00:20, 20.84it/s]
Epoch 11/50 [Train]:  10%|▉         | 45/459 [00:02<00:20, 20.64it/s]
Epoch 11/50 [Train]:  10%|█         | 48/459 [00:02<00:19, 20.74it/s]
Epoch 11/50 [Train]:  11%|█         | 51/459 [00:02<00:19, 20.87it/s]
Epoch 11/50 [Train]:  12%|█▏        | 54/459 [00:02<00:19, 20.79it/s]
Epoch 11/50 [Train]:  12%|█▏        | 57/459 [00:02<00:19, 20.85it/s]
Epoch 11/50 [Train]:  13%|█▎        | 60/459 [00:02<00:19, 20.86it/s]
Epoch 11/50 [Train]:  14%|█▎        | 63/459 [00:03<00:19, 20.83it/s]
Epoch 11/50 [Train]:  14%|█▍        | 66/459 [00:03<00:18, 20.72it/s]
Epoch 11/50 [Train]:  15%|█▌        | 69/459 [00:03<00:18, 20.64it/s]
Epoch 11/50 [Train]:  16%|█▌        | 72/459 [00:03<00:18, 20.74it/s]
Epoch 11/50 [Train]:  16%|█▋        | 75/459 [00:03<00:18, 20.55it/s]
Epoch 11/50 [Train]:  17%|█▋        | 78/459 [00:03<00:18, 20.59it/s]
Epoch 11/50 [Train]:  18%|█▊        | 81/459 [00:03<00:18, 20.70it/s]
Epoch 11/50 [Train]:  18%|█▊        | 84/459 [00:04<00:18, 20.80it/s]
Epoch 11/50 [Train]:  19%|█▉        | 87/459 [00:04<00:17, 20.70it/s]
Epoch 11/50 [Train]:  20%|█▉        | 90/459 [00:04<00:17, 20.72it/s]
Epoch 11/50 [Train]:  20%|██        | 93/459 [00:04<00:17, 20.60it/s]
Epoch 11/50 [Train]:  21%|██        | 96/459 [00:04<00:17, 20.47it/s]
Epoch 11/50 [Train]:  22%|██▏       | 99/459 [00:04<00:17, 20.68it/s]
Epoch 11/50 [Train]:  22%|██▏       | 102/459 [00:04<00:17, 20.80it/s]
Epoch 11/50 [Train]:  23%|██▎       | 105/459 [00:05<00:16, 20.86it/s]
Epoch 11/50 [Train]:  24%|██▎       | 108/459 [00:05<00:16, 20.91it/s]
Epoch 11/50 [Train]:  24%|██▍       | 111/459 [00:05<00:16, 20.92it/s]
Epoch 11/50 [Train]:  25%|██▍       | 114/459 [00:05<00:16, 20.89it/s]
Epoch 11/50 [Train]:  25%|██▌       | 117/459 [00:05<00:16, 20.92it/s]
Epoch 11/50 [Train]:  26%|██▌       | 120/459 [00:05<00:16, 20.98it/s]
Epoch 11/50 [Train]:  27%|██▋       | 123/459 [00:05<00:16, 20.94it/s]
Epoch 11/50 [Train]:  27%|██▋       | 126/459 [00:06<00:15, 20.88it/s]
Epoch 11/50 [Train]:  28%|██▊       | 129/459 [00:06<00:15, 20.86it/s]
Epoch 11/50 [Train]:  29%|██▉       | 132/459 [00:06<00:15, 20.84it/s]
Epoch 11/50 [Train]:  29%|██▉       | 135/459 [00:06<00:15, 20.93it/s]
Epoch 11/50 [Train]:  30%|███       | 138/459 [00:06<00:15, 20.99it/s]
Epoch 11/50 [Train]:  31%|███       | 141/459 [00:06<00:15, 20.79it/s]
Epoch 11/50 [Train]:  31%|███▏      | 144/459 [00:06<00:15, 20.88it/s]
Epoch 11/50 [Train]:  32%|███▏      | 147/459 [00:07<00:14, 20.91it/s]
Epoch 11/50 [Train]:  33%|███▎      | 150/459 [00:07<00:14, 21.00it/s]
Epoch 11/50 [Train]:  33%|███▎      | 153/459 [00:07<00:14, 20.87it/s]
Epoch 11/50 [Train]:  34%|███▍      | 156/459 [00:07<00:14, 20.98it/s]
Epoch 11/50 [Train]:  35%|███▍      | 159/459 [00:07<00:14, 21.02it/s]
Epoch 11/50 [Train]:  35%|███▌      | 162/459 [00:07<00:14, 21.14it/s]
Epoch 11/50 [Train]:  36%|███▌      | 165/459 [00:07<00:14, 20.99it/s]
Epoch 11/50 [Train]:  37%|███▋      | 168/459 [00:08<00:13, 20.81it/s]
Epoch 11/50 [Train]:  37%|███▋      | 171/459 [00:08<00:13, 20.78it/s]
Epoch 11/50 [Train]:  38%|███▊      | 174/459 [00:08<00:13, 20.90it/s]
Epoch 11/50 [Train]:  39%|███▊      | 177/459 [00:08<00:13, 20.70it/s]
Epoch 11/50 [Train]:  39%|███▉      | 180/459 [00:08<00:13, 20.66it/s]
Epoch 11/50 [Train]:  40%|███▉      | 183/459 [00:08<00:13, 20.80it/s]
Epoch 11/50 [Train]:  41%|████      | 186/459 [00:08<00:12, 21.00it/s]
Epoch 11/50 [Train]:  41%|████      | 189/459 [00:09<00:12, 20.91it/s]
Epoch 11/50 [Train]:  42%|████▏     | 192/459 [00:09<00:12, 20.87it/s]
Epoch 11/50 [Train]:  42%|████▏     | 195/459 [00:09<00:12, 20.80it/s]
Epoch 11/50 [Train]:  43%|████▎     | 198/459 [00:09<00:12, 20.92it/s]
Epoch 11/50 [Train]:  44%|████▍     | 201/459 [00:09<00:12, 20.98it/s]
Epoch 11/50 [Train]:  44%|████▍     | 204/459 [00:09<00:12, 20.98it/s]
Epoch 11/50 [Train]:  45%|████▌     | 207/459 [00:09<00:12, 20.99it/s]
Epoch 11/50 [Train]:  46%|████▌     | 210/459 [00:10<00:11, 21.00it/s]
Epoch 11/50 [Train]:  46%|████▋     | 213/459 [00:10<00:11, 20.84it/s]
Epoch 11/50 [Train]:  47%|████▋     | 216/459 [00:10<00:11, 20.78it/s]
Epoch 11/50 [Train]:  48%|████▊     | 219/459 [00:10<00:11, 20.79it/s]
Epoch 11/50 [Train]:  48%|████▊     | 222/459 [00:10<00:11, 20.76it/s]
Epoch 11/50 [Train]:  49%|████▉     | 225/459 [00:10<00:11, 20.78it/s]
Epoch 11/50 [Train]:  50%|████▉     | 228/459 [00:10<00:11, 20.85it/s]
Epoch 11/50 [Train]:  50%|█████     | 231/459 [00:11<00:10, 20.89it/s]
Epoch 11/50 [Train]:  51%|█████     | 234/459 [00:11<00:10, 20.72it/s]
Epoch 11/50 [Train]:  52%|█████▏    | 237/459 [00:11<00:10, 20.77it/s]
Epoch 11/50 [Train]:  52%|█████▏    | 240/459 [00:11<00:10, 20.87it/s]
Epoch 11/50 [Train]:  53%|█████▎    | 243/459 [00:11<00:10, 20.90it/s]
Epoch 11/50 [Train]:  54%|█████▎    | 246/459 [00:11<00:10, 21.01it/s]
Epoch 11/50 [Train]:  54%|█████▍    | 249/459 [00:11<00:10, 20.76it/s]
Epoch 11/50 [Train]:  55%|█████▍    | 252/459 [00:12<00:09, 20.78it/s]
Epoch 11/50 [Train]:  56%|█████▌    | 255/459 [00:12<00:09, 20.85it/s]
Epoch 11/50 [Train]:  56%|█████▌    | 258/459 [00:12<00:09, 20.95it/s]
Epoch 11/50 [Train]:  57%|█████▋    | 261/459 [00:12<00:09, 21.06it/s]
Epoch 11/50 [Train]:  58%|█████▊    | 264/459 [00:12<00:09, 21.04it/s]
Epoch 11/50 [Train]:  58%|█████▊    | 267/459 [00:12<00:09, 21.11it/s]
Epoch 11/50 [Train]:  59%|█████▉    | 270/459 [00:12<00:08, 21.08it/s]
Epoch 11/50 [Train]:  59%|█████▉    | 273/459 [00:13<00:08, 21.19it/s]
Epoch 11/50 [Train]:  60%|██████    | 276/459 [00:13<00:08, 21.12it/s]
Epoch 11/50 [Train]:  61%|██████    | 279/459 [00:13<00:08, 21.09it/s]
Epoch 11/50 [Train]:  61%|██████▏   | 282/459 [00:13<00:08, 21.12it/s]
Epoch 11/50 [Train]:  62%|██████▏   | 285/459 [00:13<00:08, 21.03it/s]
Epoch 11/50 [Train]:  63%|██████▎   | 288/459 [00:13<00:08, 21.02it/s]
Epoch 11/50 [Train]:  63%|██████▎   | 291/459 [00:13<00:07, 21.09it/s]
Epoch 11/50 [Train]:  64%|██████▍   | 294/459 [00:14<00:07, 21.10it/s]
Epoch 11/50 [Train]:  65%|██████▍   | 297/459 [00:14<00:07, 20.96it/s]
Epoch 11/50 [Train]:  65%|██████▌   | 300/459 [00:14<00:07, 20.90it/s]
Epoch 11/50 [Train]:  66%|██████▌   | 303/459 [00:14<00:07, 20.88it/s]
Epoch 11/50 [Train]:  67%|██████▋   | 306/459 [00:14<00:07, 20.84it/s]
Epoch 11/50 [Train]:  67%|██████▋   | 309/459 [00:14<00:07, 20.74it/s]
Epoch 11/50 [Train]:  68%|██████▊   | 312/459 [00:14<00:07, 20.76it/s]
Epoch 11/50 [Train]:  69%|██████▊   | 315/459 [00:15<00:06, 20.79it/s]
Epoch 11/50 [Train]:  69%|██████▉   | 318/459 [00:15<00:06, 20.75it/s]
Epoch 11/50 [Train]:  70%|██████▉   | 321/459 [00:15<00:06, 20.84it/s]
Epoch 11/50 [Train]:  71%|███████   | 324/459 [00:15<00:06, 20.94it/s]
Epoch 11/50 [Train]:  71%|███████   | 327/459 [00:15<00:06, 20.91it/s]
Epoch 11/50 [Train]:  72%|███████▏  | 330/459 [00:15<00:06, 20.84it/s]
Epoch 11/50 [Train]:  73%|███████▎  | 333/459 [00:15<00:06, 20.95it/s]
Epoch 11/50 [Train]:  73%|███████▎  | 336/459 [00:16<00:05, 20.74it/s]
Epoch 11/50 [Train]:  74%|███████▍  | 339/459 [00:16<00:05, 20.73it/s]
Epoch 11/50 [Train]:  75%|███████▍  | 342/459 [00:16<00:05, 20.58it/s]
Epoch 11/50 [Train]:  75%|███████▌  | 345/459 [00:16<00:05, 20.57it/s]
Epoch 11/50 [Train]:  76%|███████▌  | 348/459 [00:16<00:05, 20.60it/s]
Epoch 11/50 [Train]:  76%|███████▋  | 351/459 [00:16<00:05, 20.71it/s]
Epoch 11/50 [Train]:  77%|███████▋  | 354/459 [00:16<00:05, 20.85it/s]
Epoch 11/50 [Train]:  78%|███████▊  | 357/459 [00:17<00:04, 20.71it/s]
Epoch 11/50 [Train]:  78%|███████▊  | 360/459 [00:17<00:04, 20.79it/s]
Epoch 11/50 [Train]:  79%|███████▉  | 363/459 [00:17<00:04, 20.96it/s]
Epoch 11/50 [Train]:  80%|███████▉  | 366/459 [00:17<00:04, 21.03it/s]
Epoch 11/50 [Train]:  80%|████████  | 369/459 [00:17<00:04, 21.05it/s]
Epoch 11/50 [Train]:  81%|████████  | 372/459 [00:17<00:04, 21.03it/s]
Epoch 11/50 [Train]:  82%|████████▏ | 375/459 [00:17<00:03, 21.01it/s]
Epoch 11/50 [Train]:  82%|████████▏ | 378/459 [00:18<00:03, 21.00it/s]
Epoch 11/50 [Train]:  83%|████████▎ | 381/459 [00:18<00:03, 20.96it/s]
Epoch 11/50 [Train]:  84%|████████▎ | 384/459 [00:18<00:03, 20.96it/s]
Epoch 11/50 [Train]:  84%|████████▍ | 387/459 [00:18<00:03, 20.88it/s]
Epoch 11/50 [Train]:  85%|████████▍ | 390/459 [00:18<00:03, 20.96it/s]
Epoch 11/50 [Train]:  86%|████████▌ | 393/459 [00:18<00:03, 20.95it/s]
Epoch 11/50 [Train]:  86%|████████▋ | 396/459 [00:18<00:03, 20.88it/s]
Epoch 11/50 [Train]:  87%|████████▋ | 399/459 [00:19<00:02, 20.84it/s]
Epoch 11/50 [Train]:  88%|████████▊ | 402/459 [00:19<00:02, 20.82it/s]
Epoch 11/50 [Train]:  88%|████████▊ | 405/459 [00:19<00:02, 20.88it/s]
Epoch 11/50 [Train]:  89%|████████▉ | 408/459 [00:19<00:02, 20.89it/s]
Epoch 11/50 [Train]:  90%|████████▉ | 411/459 [00:19<00:02, 20.98it/s]
Epoch 11/50 [Train]:  90%|█████████ | 414/459 [00:19<00:02, 20.95it/s]
Epoch 11/50 [Train]:  91%|█████████ | 417/459 [00:19<00:01, 21.11it/s]
Epoch 11/50 [Train]:  92%|█████████▏| 420/459 [00:20<00:01, 21.08it/s]
Epoch 11/50 [Train]:  92%|█████████▏| 423/459 [00:20<00:01, 20.91it/s]
Epoch 11/50 [Train]:  93%|█████████▎| 426/459 [00:20<00:01, 20.93it/s]
Epoch 11/50 [Train]:  93%|█████████▎| 429/459 [00:20<00:01, 21.01it/s]
Epoch 11/50 [Train]:  94%|█████████▍| 432/459 [00:20<00:01, 21.04it/s]
Epoch 11/50 [Train]:  95%|█████████▍| 435/459 [00:20<00:01, 20.89it/s]
Epoch 11/50 [Train]:  95%|█████████▌| 438/459 [00:20<00:00, 21.02it/s]
Epoch 11/50 [Train]:  96%|█████████▌| 441/459 [00:21<00:00, 21.01it/s]
Epoch 11/50 [Train]:  97%|█████████▋| 444/459 [00:21<00:00, 20.66it/s]
Epoch 11/50 [Train]:  97%|█████████▋| 447/459 [00:21<00:00, 20.61it/s]
Epoch 11/50 [Train]:  98%|█████████▊| 450/459 [00:21<00:00, 20.54it/s]
Epoch 11/50 [Train]:  99%|█████████▊| 453/459 [00:21<00:00, 20.60it/s]
Epoch 11/50 [Train]:  99%|█████████▉| 456/459 [00:21<00:00, 20.40it/s]
Epoch 11/50 [Train]: 100%|██████████| 459/459 [00:22<00:00, 20.40it/s]
                                                                      

Epoch 11/50 [Val]:   0%|          | 0/113 [00:00<?, ?it/s]
Epoch 11/50 [Val]:   2%|▏         | 2/113 [00:00<00:06, 17.02it/s]
Epoch 11/50 [Val]:   4%|▎         | 4/113 [00:00<00:06, 17.10it/s]
Epoch 11/50 [Val]:   5%|▌         | 6/113 [00:00<00:06, 16.95it/s]
Epoch 11/50 [Val]:   7%|▋         | 8/113 [00:00<00:06, 17.04it/s]
Epoch 11/50 [Val]:   9%|▉         | 10/113 [00:00<00:05, 17.62it/s]
Epoch 11/50 [Val]:  11%|█         | 12/113 [00:00<00:05, 17.52it/s]
Epoch 11/50 [Val]:  12%|█▏        | 14/113 [00:00<00:05, 17.58it/s]
Epoch 11/50 [Val]:  14%|█▍        | 16/113 [00:00<00:05, 16.85it/s]
Epoch 11/50 [Val]:  16%|█▌        | 18/113 [00:01<00:05, 16.44it/s]
Epoch 11/50 [Val]:  18%|█▊        | 20/113 [00:01<00:05, 15.96it/s]
Epoch 11/50 [Val]:  19%|█▉        | 22/113 [00:01<00:05, 15.72it/s]
Epoch 11/50 [Val]:  21%|██        | 24/113 [00:01<00:05, 15.62it/s]
Epoch 11/50 [Val]:  23%|██▎       | 26/113 [00:01<00:05, 15.84it/s]
Epoch 11/50 [Val]:  25%|██▍       | 28/113 [00:01<00:05, 16.10it/s]
Epoch 11/50 [Val]:  27%|██▋       | 30/113 [00:01<00:05, 16.45it/s]
Epoch 11/50 [Val]:  28%|██▊       | 32/113 [00:01<00:04, 16.73it/s]
Epoch 11/50 [Val]:  30%|███       | 34/113 [00:02<00:04, 16.93it/s]
Epoch 11/50 [Val]:  32%|███▏      | 36/113 [00:02<00:04, 17.29it/s]
Epoch 11/50 [Val]:  34%|███▎      | 38/113 [00:02<00:04, 17.50it/s]
Epoch 11/50 [Val]:  35%|███▌      | 40/113 [00:02<00:04, 17.45it/s]
Epoch 11/50 [Val]:  37%|███▋      | 42/113 [00:02<00:04, 17.61it/s]
Epoch 11/50 [Val]:  39%|███▉      | 44/113 [00:02<00:03, 17.40it/s]
Epoch 11/50 [Val]:  41%|████      | 46/113 [00:02<00:03, 16.95it/s]
Epoch 11/50 [Val]:  42%|████▏     | 48/113 [00:02<00:03, 17.05it/s]
Epoch 11/50 [Val]:  44%|████▍     | 50/113 [00:02<00:03, 17.34it/s]
Epoch 11/50 [Val]:  46%|████▌     | 52/113 [00:03<00:03, 17.62it/s]
Epoch 11/50 [Val]:  48%|████▊     | 54/113 [00:03<00:03, 17.74it/s]
Epoch 11/50 [Val]:  50%|████▉     | 56/113 [00:03<00:03, 17.84it/s]
Epoch 11/50 [Val]:  51%|█████▏    | 58/113 [00:03<00:03, 17.09it/s]
Epoch 11/50 [Val]:  53%|█████▎    | 60/113 [00:03<00:03, 17.45it/s]
Epoch 11/50 [Val]:  55%|█████▍    | 62/113 [00:03<00:02, 17.39it/s]
Epoch 11/50 [Val]:  57%|█████▋    | 64/113 [00:03<00:02, 17.48it/s]
Epoch 11/50 [Val]:  58%|█████▊    | 66/113 [00:03<00:02, 17.18it/s]
Epoch 11/50 [Val]:  60%|██████    | 68/113 [00:04<00:02, 16.98it/s]
Epoch 11/50 [Val]:  62%|██████▏   | 70/113 [00:04<00:02, 17.23it/s]
Epoch 11/50 [Val]:  64%|██████▎   | 72/113 [00:04<00:02, 17.42it/s]
Epoch 11/50 [Val]:  65%|██████▌   | 74/113 [00:04<00:02, 17.70it/s]
Epoch 11/50 [Val]:  67%|██████▋   | 76/113 [00:04<00:02, 17.86it/s]
Epoch 11/50 [Val]:  69%|██████▉   | 78/113 [00:04<00:01, 17.71it/s]
Epoch 11/50 [Val]:  71%|███████   | 80/113 [00:04<00:01, 17.43it/s]
Epoch 11/50 [Val]:  73%|███████▎  | 82/113 [00:04<00:01, 17.33it/s]
Epoch 11/50 [Val]:  74%|███████▍  | 84/113 [00:04<00:01, 17.38it/s]
Epoch 11/50 [Val]:  76%|███████▌  | 86/113 [00:05<00:01, 17.38it/s]
Epoch 11/50 [Val]:  78%|███████▊  | 88/113 [00:05<00:01, 17.25it/s]
Epoch 11/50 [Val]:  80%|███████▉  | 90/113 [00:05<00:01, 17.48it/s]
Epoch 11/50 [Val]:  81%|████████▏ | 92/113 [00:05<00:01, 17.69it/s]
Epoch 11/50 [Val]:  83%|████████▎ | 94/113 [00:05<00:01, 17.76it/s]
Epoch 11/50 [Val]:  85%|████████▍ | 96/113 [00:05<00:00, 17.95it/s]
Epoch 11/50 [Val]:  87%|████████▋ | 98/113 [00:05<00:00, 17.88it/s]
Epoch 11/50 [Val]:  88%|████████▊ | 100/113 [00:05<00:00, 17.56it/s]
Epoch 11/50 [Val]:  90%|█████████ | 102/113 [00:05<00:00, 17.33it/s]
Epoch 11/50 [Val]:  92%|█████████▏| 104/113 [00:06<00:00, 17.72it/s]
Epoch 11/50 [Val]:  94%|█████████▍| 106/113 [00:06<00:00, 17.76it/s]
Epoch 11/50 [Val]:  96%|█████████▌| 108/113 [00:06<00:00, 18.10it/s]
Epoch 11/50 [Val]:  97%|█████████▋| 110/113 [00:06<00:00, 18.21it/s]
Epoch 11/50 [Val]:  99%|█████████▉| 112/113 [00:06<00:00, 18.28it/s]
                                                                    

Epoch 12/50 [Train]:   0%|          | 0/459 [00:00<?, ?it/s]
Epoch 12/50 [Train]:   0%|          | 2/459 [00:00<00:22, 19.95it/s]
Epoch 12/50 [Train]:   1%|          | 4/459 [00:00<00:23, 19.35it/s]
Epoch 12/50 [Train]:   2%|▏         | 7/459 [00:00<00:22, 19.86it/s]
Epoch 12/50 [Train]:   2%|▏         | 10/459 [00:00<00:22, 20.25it/s]
Epoch 12/50 [Train]:   3%|▎         | 13/459 [00:00<00:21, 20.56it/s]
Epoch 12/50 [Train]:   3%|▎         | 16/459 [00:00<00:21, 20.62it/s]
Epoch 12/50 [Train]:   4%|▍         | 19/459 [00:00<00:21, 20.81it/s]
Epoch 12/50 [Train]:   5%|▍         | 22/459 [00:01<00:20, 20.89it/s]
Epoch 12/50 [Train]:   5%|▌         | 25/459 [00:01<00:20, 20.88it/s]
Epoch 12/50 [Train]:   6%|▌         | 28/459 [00:01<00:20, 20.85it/s]
Epoch 12/50 [Train]:   7%|▋         | 31/459 [00:01<00:20, 20.42it/s]
Epoch 12/50 [Train]:   7%|▋         | 34/459 [00:01<00:20, 20.57it/s]
Epoch 12/50 [Train]:   8%|▊         | 37/459 [00:01<00:20, 20.78it/s]
Epoch 12/50 [Train]:   9%|▊         | 40/459 [00:01<00:19, 20.99it/s]
Epoch 12/50 [Train]:   9%|▉         | 43/459 [00:02<00:19, 20.94it/s]
Epoch 12/50 [Train]:  10%|█         | 46/459 [00:02<00:19, 20.95it/s]
Epoch 12/50 [Train]:  11%|█         | 49/459 [00:02<00:19, 21.06it/s]
Epoch 12/50 [Train]:  11%|█▏        | 52/459 [00:02<00:19, 20.99it/s]
Epoch 12/50 [Train]:  12%|█▏        | 55/459 [00:02<00:19, 20.96it/s]
Epoch 12/50 [Train]:  13%|█▎        | 58/459 [00:02<00:19, 21.00it/s]
Epoch 12/50 [Train]:  13%|█▎        | 61/459 [00:02<00:19, 20.94it/s]
Epoch 12/50 [Train]:  14%|█▍        | 64/459 [00:03<00:18, 21.00it/s]
Epoch 12/50 [Train]:  15%|█▍        | 67/459 [00:03<00:18, 20.77it/s]
Epoch 12/50 [Train]:  15%|█▌        | 70/459 [00:03<00:18, 20.80it/s]
Epoch 12/50 [Train]:  16%|█▌        | 73/459 [00:03<00:18, 20.72it/s]
Epoch 12/50 [Train]:  17%|█▋        | 76/459 [00:03<00:18, 20.50it/s]
Epoch 12/50 [Train]:  17%|█▋        | 79/459 [00:03<00:18, 20.68it/s]
Epoch 12/50 [Train]:  18%|█▊        | 82/459 [00:03<00:18, 20.83it/s]
Epoch 12/50 [Train]:  19%|█▊        | 85/459 [00:04<00:17, 20.87it/s]
Epoch 12/50 [Train]:  19%|█▉        | 88/459 [00:04<00:17, 20.95it/s]
Epoch 12/50 [Train]:  20%|█▉        | 91/459 [00:04<00:17, 20.95it/s]
Epoch 12/50 [Train]:  20%|██        | 94/459 [00:04<00:17, 20.83it/s]
Epoch 12/50 [Train]:  21%|██        | 97/459 [00:04<00:17, 20.70it/s]
Epoch 12/50 [Train]:  22%|██▏       | 100/459 [00:04<00:17, 20.73it/s]
Epoch 12/50 [Train]:  22%|██▏       | 103/459 [00:04<00:17, 20.89it/s]
Epoch 12/50 [Train]:  23%|██▎       | 106/459 [00:05<00:16, 20.96it/s]
Epoch 12/50 [Train]:  24%|██▎       | 109/459 [00:05<00:16, 20.92it/s]
Epoch 12/50 [Train]:  24%|██▍       | 112/459 [00:05<00:16, 20.82it/s]
Epoch 12/50 [Train]:  25%|██▌       | 115/459 [00:05<00:16, 20.82it/s]
Epoch 12/50 [Train]:  26%|██▌       | 118/459 [00:05<00:16, 20.72it/s]
Epoch 12/50 [Train]:  26%|██▋       | 121/459 [00:05<00:16, 20.81it/s]
Epoch 12/50 [Train]:  27%|██▋       | 124/459 [00:05<00:16, 20.82it/s]
Epoch 12/50 [Train]:  28%|██▊       | 127/459 [00:06<00:15, 20.89it/s]
Epoch 12/50 [Train]:  28%|██▊       | 130/459 [00:06<00:15, 20.83it/s]
Epoch 12/50 [Train]:  29%|██▉       | 133/459 [00:06<00:15, 20.82it/s]
Epoch 12/50 [Train]:  30%|██▉       | 136/459 [00:06<00:15, 20.84it/s]
Epoch 12/50 [Train]:  30%|███       | 139/459 [00:06<00:15, 20.64it/s]
Epoch 12/50 [Train]:  31%|███       | 142/459 [00:06<00:15, 20.66it/s]
Epoch 12/50 [Train]:  32%|███▏      | 145/459 [00:06<00:15, 20.78it/s]
Epoch 12/50 [Train]:  32%|███▏      | 148/459 [00:07<00:14, 20.84it/s]
Epoch 12/50 [Train]:  33%|███▎      | 151/459 [00:07<00:14, 21.01it/s]
Epoch 12/50 [Train]:  34%|███▎      | 154/459 [00:07<00:14, 21.10it/s]
Epoch 12/50 [Train]:  34%|███▍      | 157/459 [00:07<00:14, 21.15it/s]
Epoch 12/50 [Train]:  35%|███▍      | 160/459 [00:07<00:14, 21.04it/s]
Epoch 12/50 [Train]:  36%|███▌      | 163/459 [00:07<00:14, 21.09it/s]
Epoch 12/50 [Train]:  36%|███▌      | 166/459 [00:07<00:13, 21.05it/s]
Epoch 12/50 [Train]:  37%|███▋      | 169/459 [00:08<00:13, 21.03it/s]
Epoch 12/50 [Train]:  37%|███▋      | 172/459 [00:08<00:13, 21.01it/s]
Epoch 12/50 [Train]:  38%|███▊      | 175/459 [00:08<00:13, 20.88it/s]
Epoch 12/50 [Train]:  39%|███▉      | 178/459 [00:08<00:13, 20.87it/s]
Epoch 12/50 [Train]:  39%|███▉      | 181/459 [00:08<00:13, 20.89it/s]
Epoch 12/50 [Train]:  40%|████      | 184/459 [00:08<00:13, 20.85it/s]
Epoch 12/50 [Train]:  41%|████      | 187/459 [00:08<00:13, 20.89it/s]
Epoch 12/50 [Train]:  41%|████▏     | 190/459 [00:09<00:12, 20.96it/s]
Epoch 12/50 [Train]:  42%|████▏     | 193/459 [00:09<00:12, 20.77it/s]
Epoch 12/50 [Train]:  43%|████▎     | 196/459 [00:09<00:12, 20.75it/s]
Epoch 12/50 [Train]:  43%|████▎     | 199/459 [00:09<00:12, 20.86it/s]
Epoch 12/50 [Train]:  44%|████▍     | 202/459 [00:09<00:12, 20.92it/s]
Epoch 12/50 [Train]:  45%|████▍     | 205/459 [00:09<00:12, 20.95it/s]
Epoch 12/50 [Train]:  45%|████▌     | 208/459 [00:09<00:12, 20.87it/s]
Epoch 12/50 [Train]:  46%|████▌     | 211/459 [00:10<00:11, 20.74it/s]
Epoch 12/50 [Train]:  47%|████▋     | 214/459 [00:10<00:11, 20.77it/s]
Epoch 12/50 [Train]:  47%|████▋     | 217/459 [00:10<00:11, 20.77it/s]
Epoch 12/50 [Train]:  48%|████▊     | 220/459 [00:10<00:11, 20.87it/s]
Epoch 12/50 [Train]:  49%|████▊     | 223/459 [00:10<00:11, 20.86it/s]
Epoch 12/50 [Train]:  49%|████▉     | 226/459 [00:10<00:11, 20.93it/s]
Epoch 12/50 [Train]:  50%|████▉     | 229/459 [00:10<00:10, 21.01it/s]
Epoch 12/50 [Train]:  51%|█████     | 232/459 [00:11<00:10, 21.05it/s]
Epoch 12/50 [Train]:  51%|█████     | 235/459 [00:11<00:10, 20.71it/s]
Epoch 12/50 [Train]:  52%|█████▏    | 238/459 [00:11<00:10, 20.68it/s]
Epoch 12/50 [Train]:  53%|█████▎    | 241/459 [00:11<00:10, 20.83it/s]
Epoch 12/50 [Train]:  53%|█████▎    | 244/459 [00:11<00:10, 20.81it/s]
Epoch 12/50 [Train]:  54%|█████▍    | 247/459 [00:11<00:10, 20.88it/s]
Epoch 12/50 [Train]:  54%|█████▍    | 250/459 [00:11<00:09, 20.93it/s]
Epoch 12/50 [Train]:  55%|█████▌    | 253/459 [00:12<00:09, 20.86it/s]
Epoch 12/50 [Train]:  56%|█████▌    | 256/459 [00:12<00:09, 20.91it/s]
Epoch 12/50 [Train]:  56%|█████▋    | 259/459 [00:12<00:09, 20.88it/s]
Epoch 12/50 [Train]:  57%|█████▋    | 262/459 [00:12<00:09, 21.04it/s]
Epoch 12/50 [Train]:  58%|█████▊    | 265/459 [00:12<00:09, 20.84it/s]
Epoch 12/50 [Train]:  58%|█████▊    | 268/459 [00:12<00:09, 20.84it/s]
Epoch 12/50 [Train]:  59%|█████▉    | 271/459 [00:13<00:09, 20.71it/s]
Epoch 12/50 [Train]:  60%|█████▉    | 274/459 [00:13<00:08, 20.79it/s]
Epoch 12/50 [Train]:  60%|██████    | 277/459 [00:13<00:08, 20.82it/s]
Epoch 12/50 [Train]:  61%|██████    | 280/459 [00:13<00:08, 20.95it/s]
Epoch 12/50 [Train]:  62%|██████▏   | 283/459 [00:13<00:08, 20.73it/s]
Epoch 12/50 [Train]:  62%|██████▏   | 286/459 [00:13<00:08, 20.72it/s]
Epoch 12/50 [Train]:  63%|██████▎   | 289/459 [00:13<00:08, 20.75it/s]
Epoch 12/50 [Train]:  64%|██████▎   | 292/459 [00:14<00:08, 20.80it/s]
Epoch 12/50 [Train]:  64%|██████▍   | 295/459 [00:14<00:07, 20.81it/s]
Epoch 12/50 [Train]:  65%|██████▍   | 298/459 [00:14<00:07, 20.90it/s]
Epoch 12/50 [Train]:  66%|██████▌   | 301/459 [00:14<00:07, 20.96it/s]
Epoch 12/50 [Train]:  66%|██████▌   | 304/459 [00:14<00:07, 20.81it/s]
Epoch 12/50 [Train]:  67%|██████▋   | 307/459 [00:14<00:07, 20.88it/s]
Epoch 12/50 [Train]:  68%|██████▊   | 310/459 [00:14<00:07, 20.90it/s]
Epoch 12/50 [Train]:  68%|██████▊   | 313/459 [00:15<00:06, 20.97it/s]
Epoch 12/50 [Train]:  69%|██████▉   | 316/459 [00:15<00:06, 20.88it/s]
Epoch 12/50 [Train]:  69%|██████▉   | 319/459 [00:15<00:06, 20.83it/s]
Epoch 12/50 [Train]:  70%|███████   | 322/459 [00:15<00:06, 20.83it/s]
Epoch 12/50 [Train]:  71%|███████   | 325/459 [00:15<00:06, 20.86it/s]
Epoch 12/50 [Train]:  71%|███████▏  | 328/459 [00:15<00:06, 20.85it/s]
Epoch 12/50 [Train]:  72%|███████▏  | 331/459 [00:15<00:06, 20.76it/s]
Epoch 12/50 [Train]:  73%|███████▎  | 334/459 [00:16<00:06, 20.70it/s]
Epoch 12/50 [Train]:  73%|███████▎  | 337/459 [00:16<00:05, 20.78it/s]
Epoch 12/50 [Train]:  74%|███████▍  | 340/459 [00:16<00:05, 20.77it/s]
Epoch 12/50 [Train]:  75%|███████▍  | 343/459 [00:16<00:05, 20.79it/s]
Epoch 12/50 [Train]:  75%|███████▌  | 346/459 [00:16<00:05, 20.67it/s]
Epoch 12/50 [Train]:  76%|███████▌  | 349/459 [00:16<00:05, 20.71it/s]
Epoch 12/50 [Train]:  77%|███████▋  | 352/459 [00:16<00:05, 20.75it/s]
Epoch 12/50 [Train]:  77%|███████▋  | 355/459 [00:17<00:04, 20.91it/s]
Epoch 12/50 [Train]:  78%|███████▊  | 358/459 [00:17<00:04, 20.97it/s]
Epoch 12/50 [Train]:  79%|███████▊  | 361/459 [00:17<00:04, 20.95it/s]
Epoch 12/50 [Train]:  79%|███████▉  | 364/459 [00:17<00:04, 20.85it/s]
Epoch 12/50 [Train]:  80%|███████▉  | 367/459 [00:17<00:04, 20.84it/s]
Epoch 12/50 [Train]:  81%|████████  | 370/459 [00:17<00:04, 20.81it/s]
Epoch 12/50 [Train]:  81%|████████▏ | 373/459 [00:17<00:04, 20.69it/s]
Epoch 12/50 [Train]:  82%|████████▏ | 376/459 [00:18<00:04, 20.52it/s]
Epoch 12/50 [Train]:  83%|████████▎ | 379/459 [00:18<00:03, 20.57it/s]
Epoch 12/50 [Train]:  83%|████████▎ | 382/459 [00:18<00:03, 20.70it/s]
Epoch 12/50 [Train]:  84%|████████▍ | 385/459 [00:18<00:03, 20.49it/s]
Epoch 12/50 [Train]:  85%|████████▍ | 388/459 [00:18<00:03, 20.62it/s]
Epoch 12/50 [Train]:  85%|████████▌ | 391/459 [00:18<00:03, 20.59it/s]
Epoch 12/50 [Train]:  86%|████████▌ | 394/459 [00:18<00:03, 20.77it/s]
Epoch 12/50 [Train]:  86%|████████▋ | 397/459 [00:19<00:02, 20.77it/s]
Epoch 12/50 [Train]:  87%|████████▋ | 400/459 [00:19<00:02, 20.87it/s]
Epoch 12/50 [Train]:  88%|████████▊ | 403/459 [00:19<00:02, 20.87it/s]
Epoch 12/50 [Train]:  88%|████████▊ | 406/459 [00:19<00:02, 20.99it/s]
Epoch 12/50 [Train]:  89%|████████▉ | 409/459 [00:19<00:02, 20.98it/s]
Epoch 12/50 [Train]:  90%|████████▉ | 412/459 [00:19<00:02, 20.95it/s]
Epoch 12/50 [Train]:  90%|█████████ | 415/459 [00:19<00:02, 21.04it/s]
Epoch 12/50 [Train]:  91%|█████████ | 418/459 [00:20<00:01, 21.06it/s]
Epoch 12/50 [Train]:  92%|█████████▏| 421/459 [00:20<00:01, 21.06it/s]
Epoch 12/50 [Train]:  92%|█████████▏| 424/459 [00:20<00:01, 21.07it/s]
Epoch 12/50 [Train]:  93%|█████████▎| 427/459 [00:20<00:01, 21.00it/s]
Epoch 12/50 [Train]:  94%|█████████▎| 430/459 [00:20<00:01, 20.98it/s]
Epoch 12/50 [Train]:  94%|█████████▍| 433/459 [00:20<00:01, 20.97it/s]
Epoch 12/50 [Train]:  95%|█████████▍| 436/459 [00:20<00:01, 20.91it/s]
Epoch 12/50 [Train]:  96%|█████████▌| 439/459 [00:21<00:00, 20.92it/s]
Epoch 12/50 [Train]:  96%|█████████▋| 442/459 [00:21<00:00, 20.98it/s]
Epoch 12/50 [Train]:  97%|█████████▋| 445/459 [00:21<00:00, 20.94it/s]
Epoch 12/50 [Train]:  98%|█████████▊| 448/459 [00:21<00:00, 20.96it/s]
Epoch 12/50 [Train]:  98%|█████████▊| 451/459 [00:21<00:00, 20.86it/s]
Epoch 12/50 [Train]:  99%|█████████▉| 454/459 [00:21<00:00, 21.03it/s]
Epoch 12/50 [Train]: 100%|█████████▉| 457/459 [00:21<00:00, 21.09it/s]
                                                                      

Epoch 12/50 [Val]:   0%|          | 0/113 [00:00<?, ?it/s]
Epoch 12/50 [Val]:   2%|▏         | 2/113 [00:00<00:06, 17.70it/s]
Epoch 12/50 [Val]:   4%|▎         | 4/113 [00:00<00:06, 17.56it/s]
Epoch 12/50 [Val]:   5%|▌         | 6/113 [00:00<00:06, 17.50it/s]
Epoch 12/50 [Val]:   7%|▋         | 8/113 [00:00<00:05, 17.70it/s]
Epoch 12/50 [Val]:   9%|▉         | 10/113 [00:00<00:05, 18.15it/s]
Epoch 12/50 [Val]:  11%|█         | 12/113 [00:00<00:05, 18.22it/s]
Epoch 12/50 [Val]:  12%|█▏        | 14/113 [00:00<00:05, 17.98it/s]
Epoch 12/50 [Val]:  14%|█▍        | 16/113 [00:00<00:05, 17.15it/s]
Epoch 12/50 [Val]:  16%|█▌        | 18/113 [00:01<00:05, 16.82it/s]
Epoch 12/50 [Val]:  18%|█▊        | 20/113 [00:01<00:05, 16.56it/s]
Epoch 12/50 [Val]:  19%|█▉        | 22/113 [00:01<00:05, 16.21it/s]
Epoch 12/50 [Val]:  21%|██        | 24/113 [00:01<00:05, 16.01it/s]
Epoch 12/50 [Val]:  23%|██▎       | 26/113 [00:01<00:05, 16.05it/s]
Epoch 12/50 [Val]:  25%|██▍       | 28/113 [00:01<00:05, 16.30it/s]
Epoch 12/50 [Val]:  27%|██▋       | 30/113 [00:01<00:04, 16.69it/s]
Epoch 12/50 [Val]:  28%|██▊       | 32/113 [00:01<00:04, 16.93it/s]
Epoch 12/50 [Val]:  30%|███       | 34/113 [00:02<00:04, 17.09it/s]
Epoch 12/50 [Val]:  32%|███▏      | 36/113 [00:02<00:04, 17.49it/s]
Epoch 12/50 [Val]:  34%|███▎      | 38/113 [00:02<00:04, 17.79it/s]
Epoch 12/50 [Val]:  35%|███▌      | 40/113 [00:02<00:04, 17.70it/s]
Epoch 12/50 [Val]:  37%|███▋      | 42/113 [00:02<00:03, 17.89it/s]
Epoch 12/50 [Val]:  39%|███▉      | 44/113 [00:02<00:03, 17.79it/s]
Epoch 12/50 [Val]:  41%|████      | 46/113 [00:02<00:03, 17.49it/s]
Epoch 12/50 [Val]:  42%|████▏     | 48/113 [00:02<00:03, 17.47it/s]
Epoch 12/50 [Val]:  44%|████▍     | 50/113 [00:02<00:03, 17.84it/s]
Epoch 12/50 [Val]:  46%|████▌     | 52/113 [00:02<00:03, 18.14it/s]
Epoch 12/50 [Val]:  48%|████▊     | 54/113 [00:03<00:03, 18.35it/s]
Epoch 12/50 [Val]:  50%|████▉     | 56/113 [00:03<00:03, 18.15it/s]
Epoch 12/50 [Val]:  51%|█████▏    | 58/113 [00:03<00:03, 17.51it/s]
Epoch 12/50 [Val]:  53%|█████▎    | 60/113 [00:03<00:02, 17.99it/s]
Epoch 12/50 [Val]:  55%|█████▍    | 62/113 [00:03<00:02, 17.97it/s]
Epoch 12/50 [Val]:  57%|█████▋    | 64/113 [00:03<00:02, 18.03it/s]
Epoch 12/50 [Val]:  58%|█████▊    | 66/113 [00:03<00:02, 17.70it/s]
Epoch 12/50 [Val]:  60%|██████    | 68/113 [00:03<00:02, 17.58it/s]
Epoch 12/50 [Val]:  62%|██████▏   | 70/113 [00:04<00:02, 17.66it/s]
Epoch 12/50 [Val]:  64%|██████▎   | 72/113 [00:04<00:02, 17.96it/s]
Epoch 12/50 [Val]:  65%|██████▌   | 74/113 [00:04<00:02, 18.12it/s]
Epoch 12/50 [Val]:  67%|██████▋   | 76/113 [00:04<00:02, 18.21it/s]
Epoch 12/50 [Val]:  69%|██████▉   | 78/113 [00:04<00:01, 18.13it/s]
Epoch 12/50 [Val]:  71%|███████   | 80/113 [00:04<00:01, 17.99it/s]
Epoch 12/50 [Val]:  73%|███████▎  | 82/113 [00:04<00:01, 17.89it/s]
Epoch 12/50 [Val]:  74%|███████▍  | 84/113 [00:04<00:01, 17.98it/s]
Epoch 12/50 [Val]:  76%|███████▌  | 86/113 [00:04<00:01, 18.03it/s]
Epoch 12/50 [Val]:  78%|███████▊  | 88/113 [00:05<00:01, 17.79it/s]
Epoch 12/50 [Val]:  80%|███████▉  | 90/113 [00:05<00:01, 18.00it/s]
Epoch 12/50 [Val]:  81%|████████▏ | 92/113 [00:05<00:01, 18.13it/s]
Epoch 12/50 [Val]:  83%|████████▎ | 94/113 [00:05<00:01, 18.31it/s]
Epoch 12/50 [Val]:  85%|████████▍ | 96/113 [00:05<00:00, 18.47it/s]
Epoch 12/50 [Val]:  87%|████████▋ | 98/113 [00:05<00:00, 18.57it/s]
Epoch 12/50 [Val]:  88%|████████▊ | 100/113 [00:05<00:00, 18.05it/s]
Epoch 12/50 [Val]:  90%|█████████ | 102/113 [00:05<00:00, 17.73it/s]
Epoch 12/50 [Val]:  92%|█████████▏| 104/113 [00:05<00:00, 18.00it/s]
Epoch 12/50 [Val]:  94%|█████████▍| 106/113 [00:05<00:00, 18.16it/s]
Epoch 12/50 [Val]:  96%|█████████▌| 108/113 [00:06<00:00, 18.36it/s]
Epoch 12/50 [Val]:  97%|█████████▋| 110/113 [00:06<00:00, 18.51it/s]
Epoch 12/50 [Val]:  99%|█████████▉| 112/113 [00:06<00:00, 18.45it/s]
                                                                    

Epoch 13/50 [Train]:   0%|          | 0/459 [00:00<?, ?it/s]
Epoch 13/50 [Train]:   0%|          | 2/459 [00:00<00:22, 20.00it/s]
Epoch 13/50 [Train]:   1%|          | 5/459 [00:00<00:21, 20.69it/s]
Epoch 13/50 [Train]:   2%|▏         | 8/459 [00:00<00:21, 20.78it/s]
Epoch 13/50 [Train]:   2%|▏         | 11/459 [00:00<00:21, 20.58it/s]
Epoch 13/50 [Train]:   3%|▎         | 14/459 [00:00<00:21, 20.66it/s]
Epoch 13/50 [Train]:   4%|▎         | 17/459 [00:00<00:21, 20.80it/s]
Epoch 13/50 [Train]:   4%|▍         | 20/459 [00:00<00:21, 20.71it/s]
Epoch 13/50 [Train]:   5%|▌         | 23/459 [00:01<00:20, 20.79it/s]
Epoch 13/50 [Train]:   6%|▌         | 26/459 [00:01<00:20, 20.67it/s]
Epoch 13/50 [Train]:   6%|▋         | 29/459 [00:01<00:20, 20.67it/s]
Epoch 13/50 [Train]:   7%|▋         | 32/459 [00:01<00:20, 20.76it/s]
Epoch 13/50 [Train]:   8%|▊         | 35/459 [00:01<00:20, 20.74it/s]
Epoch 13/50 [Train]:   8%|▊         | 38/459 [00:01<00:20, 20.81it/s]
Epoch 13/50 [Train]:   9%|▉         | 41/459 [00:01<00:20, 20.89it/s]
Epoch 13/50 [Train]:  10%|▉         | 44/459 [00:02<00:19, 20.84it/s]
Epoch 13/50 [Train]:  10%|█         | 47/459 [00:02<00:19, 20.90it/s]
Epoch 13/50 [Train]:  11%|█         | 50/459 [00:02<00:19, 20.94it/s]
Epoch 13/50 [Train]:  12%|█▏        | 53/459 [00:02<00:19, 20.97it/s]
Epoch 13/50 [Train]:  12%|█▏        | 56/459 [00:02<00:19, 21.02it/s]
Epoch 13/50 [Train]:  13%|█▎        | 59/459 [00:02<00:19, 21.05it/s]
Epoch 13/50 [Train]:  14%|█▎        | 62/459 [00:02<00:18, 21.00it/s]
Epoch 13/50 [Train]:  14%|█▍        | 65/459 [00:03<00:18, 21.05it/s]
Epoch 13/50 [Train]:  15%|█▍        | 68/459 [00:03<00:18, 21.07it/s]
Epoch 13/50 [Train]:  15%|█▌        | 71/459 [00:03<00:18, 21.09it/s]
Epoch 13/50 [Train]:  16%|█▌        | 74/459 [00:03<00:18, 21.03it/s]
Epoch 13/50 [Train]:  17%|█▋        | 77/459 [00:03<00:18, 21.10it/s]
Epoch 13/50 [Train]:  17%|█▋        | 80/459 [00:03<00:18, 20.94it/s]
Epoch 13/50 [Train]:  18%|█▊        | 83/459 [00:03<00:17, 20.91it/s]
Epoch 13/50 [Train]:  19%|█▊        | 86/459 [00:04<00:17, 21.02it/s]
Epoch 13/50 [Train]:  19%|█▉        | 89/459 [00:04<00:17, 21.01it/s]
Epoch 13/50 [Train]:  20%|██        | 92/459 [00:04<00:17, 21.06it/s]
Epoch 13/50 [Train]:  21%|██        | 95/459 [00:04<00:17, 21.05it/s]
Epoch 13/50 [Train]:  21%|██▏       | 98/459 [00:04<00:17, 21.07it/s]
Epoch 13/50 [Train]:  22%|██▏       | 101/459 [00:04<00:17, 20.95it/s]
Epoch 13/50 [Train]:  23%|██▎       | 104/459 [00:04<00:16, 20.93it/s]
Epoch 13/50 [Train]:  23%|██▎       | 107/459 [00:05<00:16, 21.03it/s]
Epoch 13/50 [Train]:  24%|██▍       | 110/459 [00:05<00:16, 20.90it/s]
Epoch 13/50 [Train]:  25%|██▍       | 113/459 [00:05<00:16, 20.95it/s]
Epoch 13/50 [Train]:  25%|██▌       | 116/459 [00:05<00:16, 20.95it/s]
Epoch 13/50 [Train]:  26%|██▌       | 119/459 [00:05<00:16, 20.95it/s]
Epoch 13/50 [Train]:  27%|██▋       | 122/459 [00:05<00:16, 20.87it/s]
Epoch 13/50 [Train]:  27%|██▋       | 125/459 [00:05<00:16, 20.85it/s]
Epoch 13/50 [Train]:  28%|██▊       | 128/459 [00:06<00:15, 20.84it/s]
Epoch 13/50 [Train]:  29%|██▊       | 131/459 [00:06<00:15, 20.97it/s]
Epoch 13/50 [Train]:  29%|██▉       | 134/459 [00:06<00:15, 20.99it/s]
Epoch 13/50 [Train]:  30%|██▉       | 137/459 [00:06<00:15, 21.00it/s]
Epoch 13/50 [Train]:  31%|███       | 140/459 [00:06<00:15, 20.91it/s]
Epoch 13/50 [Train]:  31%|███       | 143/459 [00:06<00:15, 20.93it/s]
Epoch 13/50 [Train]:  32%|███▏      | 146/459 [00:06<00:15, 20.83it/s]
Epoch 13/50 [Train]:  32%|███▏      | 149/459 [00:07<00:14, 20.96it/s]
Epoch 13/50 [Train]:  33%|███▎      | 152/459 [00:07<00:14, 21.00it/s]
Epoch 13/50 [Train]:  34%|███▍      | 155/459 [00:07<00:14, 20.92it/s]
Epoch 13/50 [Train]:  34%|███▍      | 158/459 [00:07<00:14, 20.87it/s]
Epoch 13/50 [Train]:  35%|███▌      | 161/459 [00:07<00:14, 20.82it/s]
Epoch 13/50 [Train]:  36%|███▌      | 164/459 [00:07<00:14, 20.65it/s]
Epoch 13/50 [Train]:  36%|███▋      | 167/459 [00:07<00:14, 20.67it/s]
Epoch 13/50 [Train]:  37%|███▋      | 170/459 [00:08<00:13, 20.67it/s]
Epoch 13/50 [Train]:  38%|███▊      | 173/459 [00:08<00:13, 20.70it/s]
Epoch 13/50 [Train]:  38%|███▊      | 176/459 [00:08<00:13, 20.71it/s]
Epoch 13/50 [Train]:  39%|███▉      | 179/459 [00:08<00:13, 20.74it/s]
Epoch 13/50 [Train]:  40%|███▉      | 182/459 [00:08<00:13, 20.71it/s]
Epoch 13/50 [Train]:  40%|████      | 185/459 [00:08<00:13, 20.83it/s]
Epoch 13/50 [Train]:  41%|████      | 188/459 [00:09<00:13, 20.78it/s]
Epoch 13/50 [Train]:  42%|████▏     | 191/459 [00:09<00:12, 20.80it/s]
Epoch 13/50 [Train]:  42%|████▏     | 194/459 [00:09<00:12, 20.65it/s]
Epoch 13/50 [Train]:  43%|████▎     | 197/459 [00:09<00:12, 20.70it/s]
Epoch 13/50 [Train]:  44%|████▎     | 200/459 [00:09<00:12, 20.81it/s]
Epoch 13/50 [Train]:  44%|████▍     | 203/459 [00:09<00:12, 20.86it/s]
Epoch 13/50 [Train]:  45%|████▍     | 206/459 [00:09<00:12, 20.76it/s]
Epoch 13/50 [Train]:  46%|████▌     | 209/459 [00:10<00:12, 20.71it/s]
Epoch 13/50 [Train]:  46%|████▌     | 212/459 [00:10<00:11, 20.75it/s]
Epoch 13/50 [Train]:  47%|████▋     | 215/459 [00:10<00:11, 20.79it/s]
Epoch 13/50 [Train]:  47%|████▋     | 218/459 [00:10<00:11, 20.75it/s]
Epoch 13/50 [Train]:  48%|████▊     | 221/459 [00:10<00:11, 20.62it/s]
Epoch 13/50 [Train]:  49%|████▉     | 224/459 [00:10<00:11, 20.61it/s]
Epoch 13/50 [Train]:  49%|████▉     | 227/459 [00:10<00:11, 20.58it/s]
Epoch 13/50 [Train]:  50%|█████     | 230/459 [00:11<00:11, 20.70it/s]
Epoch 13/50 [Train]:  51%|█████     | 233/459 [00:11<00:11, 20.54it/s]
Epoch 13/50 [Train]:  51%|█████▏    | 236/459 [00:11<00:10, 20.55it/s]
Epoch 13/50 [Train]:  52%|█████▏    | 239/459 [00:11<00:10, 20.57it/s]
Epoch 13/50 [Train]:  53%|█████▎    | 242/459 [00:11<00:10, 20.55it/s]
Epoch 13/50 [Train]:  53%|█████▎    | 245/459 [00:11<00:10, 20.66it/s]
Epoch 13/50 [Train]:  54%|█████▍    | 248/459 [00:11<00:10, 20.61it/s]
Epoch 13/50 [Train]:  55%|█████▍    | 251/459 [00:12<00:10, 20.70it/s]
Epoch 13/50 [Train]:  55%|█████▌    | 254/459 [00:12<00:09, 20.68it/s]
Epoch 13/50 [Train]:  56%|█████▌    | 257/459 [00:12<00:09, 20.69it/s]
Epoch 13/50 [Train]:  57%|█████▋    | 260/459 [00:12<00:09, 20.68it/s]
Epoch 13/50 [Train]:  57%|█████▋    | 263/459 [00:12<00:09, 20.90it/s]
Epoch 13/50 [Train]:  58%|█████▊    | 266/459 [00:12<00:09, 20.75it/s]
Epoch 13/50 [Train]:  59%|█████▊    | 269/459 [00:12<00:09, 20.89it/s]
Epoch 13/50 [Train]:  59%|█████▉    | 272/459 [00:13<00:08, 20.92it/s]
Epoch 13/50 [Train]:  60%|█████▉    | 275/459 [00:13<00:08, 20.84it/s]
Epoch 13/50 [Train]:  61%|██████    | 278/459 [00:13<00:08, 20.64it/s]
Epoch 13/50 [Train]:  61%|██████    | 281/459 [00:13<00:08, 20.71it/s]
Epoch 13/50 [Train]:  62%|██████▏   | 284/459 [00:13<00:08, 20.80it/s]
Epoch 13/50 [Train]:  63%|██████▎   | 287/459 [00:13<00:08, 20.89it/s]
Epoch 13/50 [Train]:  63%|██████▎   | 290/459 [00:13<00:08, 20.75it/s]
Epoch 13/50 [Train]:  64%|██████▍   | 293/459 [00:14<00:07, 20.78it/s]
Epoch 13/50 [Train]:  64%|██████▍   | 296/459 [00:14<00:07, 20.83it/s]
Epoch 13/50 [Train]:  65%|██████▌   | 299/459 [00:14<00:07, 20.92it/s]
Epoch 13/50 [Train]:  66%|██████▌   | 302/459 [00:14<00:07, 20.88it/s]
Epoch 13/50 [Train]:  66%|██████▋   | 305/459 [00:14<00:07, 20.87it/s]
Epoch 13/50 [Train]:  67%|██████▋   | 308/459 [00:14<00:07, 20.86it/s]
Epoch 13/50 [Train]:  68%|██████▊   | 311/459 [00:14<00:07, 20.78it/s]
Epoch 13/50 [Train]:  68%|██████▊   | 314/459 [00:15<00:06, 20.93it/s]
Epoch 13/50 [Train]:  69%|██████▉   | 317/459 [00:15<00:06, 20.88it/s]
Epoch 13/50 [Train]:  70%|██████▉   | 320/459 [00:15<00:06, 20.91it/s]
Epoch 13/50 [Train]:  70%|███████   | 323/459 [00:15<00:06, 20.98it/s]
Epoch 13/50 [Train]:  71%|███████   | 326/459 [00:15<00:06, 20.83it/s]
Epoch 13/50 [Train]:  72%|███████▏  | 329/459 [00:15<00:06, 20.92it/s]
Epoch 13/50 [Train]:  72%|███████▏  | 332/459 [00:15<00:06, 20.81it/s]
Epoch 13/50 [Train]:  73%|███████▎  | 335/459 [00:16<00:05, 20.84it/s]
Epoch 13/50 [Train]:  74%|███████▎  | 338/459 [00:16<00:05, 20.88it/s]
Epoch 13/50 [Train]:  74%|███████▍  | 341/459 [00:16<00:05, 21.00it/s]
Epoch 13/50 [Train]:  75%|███████▍  | 344/459 [00:16<00:05, 20.94it/s]
Epoch 13/50 [Train]:  76%|███████▌  | 347/459 [00:16<00:05, 20.82it/s]
Epoch 13/50 [Train]:  76%|███████▋  | 350/459 [00:16<00:05, 20.83it/s]
Epoch 13/50 [Train]:  77%|███████▋  | 353/459 [00:16<00:05, 20.84it/s]
Epoch 13/50 [Train]:  78%|███████▊  | 356/459 [00:17<00:04, 21.01it/s]
Epoch 13/50 [Train]:  78%|███████▊  | 359/459 [00:17<00:04, 21.08it/s]
Epoch 13/50 [Train]:  79%|███████▉  | 362/459 [00:17<00:04, 21.14it/s]
Epoch 13/50 [Train]:  80%|███████▉  | 365/459 [00:17<00:04, 21.03it/s]
Epoch 13/50 [Train]:  80%|████████  | 368/459 [00:17<00:04, 21.06it/s]
Epoch 13/50 [Train]:  81%|████████  | 371/459 [00:17<00:04, 21.08it/s]
Epoch 13/50 [Train]:  81%|████████▏ | 374/459 [00:17<00:04, 20.98it/s]
Epoch 13/50 [Train]:  82%|████████▏ | 377/459 [00:18<00:03, 20.88it/s]
Epoch 13/50 [Train]:  83%|████████▎ | 380/459 [00:18<00:03, 20.93it/s]
Epoch 13/50 [Train]:  83%|████████▎ | 383/459 [00:18<00:03, 20.89it/s]
Epoch 13/50 [Train]:  84%|████████▍ | 386/459 [00:18<00:03, 20.91it/s]
Epoch 13/50 [Train]:  85%|████████▍ | 389/459 [00:18<00:03, 20.68it/s]
Epoch 13/50 [Train]:  85%|████████▌ | 392/459 [00:18<00:03, 20.60it/s]
Epoch 13/50 [Train]:  86%|████████▌ | 395/459 [00:18<00:03, 20.73it/s]
Epoch 13/50 [Train]:  87%|████████▋ | 398/459 [00:19<00:02, 20.76it/s]
Epoch 13/50 [Train]:  87%|████████▋ | 401/459 [00:19<00:02, 20.78it/s]
Epoch 13/50 [Train]:  88%|████████▊ | 404/459 [00:19<00:02, 20.77it/s]
Epoch 13/50 [Train]:  89%|████████▊ | 407/459 [00:19<00:02, 20.74it/s]
Epoch 13/50 [Train]:  89%|████████▉ | 410/459 [00:19<00:02, 20.47it/s]
Epoch 13/50 [Train]:  90%|████████▉ | 413/459 [00:19<00:02, 20.62it/s]
Epoch 13/50 [Train]:  91%|█████████ | 416/459 [00:19<00:02, 20.52it/s]
Epoch 13/50 [Train]:  91%|█████████▏| 419/459 [00:20<00:01, 20.44it/s]
Epoch 13/50 [Train]:  92%|█████████▏| 422/459 [00:20<00:01, 20.54it/s]
Epoch 13/50 [Train]:  93%|█████████▎| 425/459 [00:20<00:01, 20.56it/s]
Epoch 13/50 [Train]:  93%|█████████▎| 428/459 [00:20<00:01, 20.67it/s]
Epoch 13/50 [Train]:  94%|█████████▍| 431/459 [00:20<00:01, 20.71it/s]
Epoch 13/50 [Train]:  95%|█████████▍| 434/459 [00:20<00:01, 20.71it/s]
Epoch 13/50 [Train]:  95%|█████████▌| 437/459 [00:20<00:01, 20.78it/s]
Epoch 13/50 [Train]:  96%|█████████▌| 440/459 [00:21<00:00, 20.82it/s]
Epoch 13/50 [Train]:  97%|█████████▋| 443/459 [00:21<00:00, 20.73it/s]
Epoch 13/50 [Train]:  97%|█████████▋| 446/459 [00:21<00:00, 20.78it/s]
Epoch 13/50 [Train]:  98%|█████████▊| 449/459 [00:21<00:00, 20.92it/s]
Epoch 13/50 [Train]:  98%|█████████▊| 452/459 [00:21<00:00, 20.98it/s]
Epoch 13/50 [Train]:  99%|█████████▉| 455/459 [00:21<00:00, 20.96it/s]
Epoch 13/50 [Train]: 100%|█████████▉| 458/459 [00:21<00:00, 20.87it/s]
                                                                      

Epoch 13/50 [Val]:   0%|          | 0/113 [00:00<?, ?it/s]
Epoch 13/50 [Val]:   2%|▏         | 2/113 [00:00<00:06, 17.15it/s]
Epoch 13/50 [Val]:   4%|▎         | 4/113 [00:00<00:06, 17.24it/s]
Epoch 13/50 [Val]:   5%|▌         | 6/113 [00:00<00:06, 17.10it/s]
Epoch 13/50 [Val]:   7%|▋         | 8/113 [00:00<00:06, 17.14it/s]
Epoch 13/50 [Val]:   9%|▉         | 10/113 [00:00<00:05, 17.53it/s]
Epoch 13/50 [Val]:  11%|█         | 12/113 [00:00<00:05, 17.53it/s]
Epoch 13/50 [Val]:  12%|█▏        | 14/113 [00:00<00:05, 17.54it/s]
Epoch 13/50 [Val]:  14%|█▍        | 16/113 [00:00<00:05, 16.47it/s]
Epoch 13/50 [Val]:  16%|█▌        | 18/113 [00:01<00:05, 16.14it/s]
Epoch 13/50 [Val]:  18%|█▊        | 20/113 [00:01<00:05, 15.91it/s]
Epoch 13/50 [Val]:  19%|█▉        | 22/113 [00:01<00:05, 15.78it/s]
Epoch 13/50 [Val]:  21%|██        | 24/113 [00:01<00:05, 15.73it/s]
Epoch 13/50 [Val]:  23%|██▎       | 26/113 [00:01<00:05, 15.94it/s]
Epoch 13/50 [Val]:  25%|██▍       | 28/113 [00:01<00:05, 16.19it/s]
Epoch 13/50 [Val]:  27%|██▋       | 30/113 [00:01<00:05, 16.49it/s]
Epoch 13/50 [Val]:  28%|██▊       | 32/113 [00:01<00:04, 16.59it/s]
Epoch 13/50 [Val]:  30%|███       | 34/113 [00:02<00:04, 16.74it/s]
Epoch 13/50 [Val]:  32%|███▏      | 36/113 [00:02<00:04, 17.14it/s]
Epoch 13/50 [Val]:  34%|███▎      | 38/113 [00:02<00:04, 17.24it/s]
Epoch 13/50 [Val]:  35%|███▌      | 40/113 [00:02<00:04, 17.31it/s]
Epoch 13/50 [Val]:  37%|███▋      | 42/113 [00:02<00:04, 17.37it/s]
Epoch 13/50 [Val]:  39%|███▉      | 44/113 [00:02<00:03, 17.29it/s]
Epoch 13/50 [Val]:  41%|████      | 46/113 [00:02<00:03, 17.05it/s]
Epoch 13/50 [Val]:  42%|████▏     | 48/113 [00:02<00:03, 17.04it/s]
Epoch 13/50 [Val]:  44%|████▍     | 50/113 [00:02<00:03, 17.28it/s]
Epoch 13/50 [Val]:  46%|████▌     | 52/113 [00:03<00:03, 17.54it/s]
Epoch 13/50 [Val]:  48%|████▊     | 54/113 [00:03<00:03, 17.81it/s]
Epoch 13/50 [Val]:  50%|████▉     | 56/113 [00:03<00:03, 17.61it/s]
Epoch 13/50 [Val]:  51%|█████▏    | 58/113 [00:03<00:03, 16.96it/s]
Epoch 13/50 [Val]:  53%|█████▎    | 60/113 [00:03<00:03, 17.51it/s]
Epoch 13/50 [Val]:  55%|█████▍    | 62/113 [00:03<00:02, 17.48it/s]
Epoch 13/50 [Val]:  57%|█████▋    | 64/113 [00:03<00:02, 17.45it/s]
Epoch 13/50 [Val]:  58%|█████▊    | 66/113 [00:03<00:02, 17.05it/s]
Epoch 13/50 [Val]:  60%|██████    | 68/113 [00:04<00:02, 16.72it/s]
Epoch 13/50 [Val]:  62%|██████▏   | 70/113 [00:04<00:02, 16.87it/s]
Epoch 13/50 [Val]:  64%|██████▎   | 72/113 [00:04<00:02, 17.09it/s]
Epoch 13/50 [Val]:  65%|██████▌   | 74/113 [00:04<00:02, 17.36it/s]
Epoch 13/50 [Val]:  67%|██████▋   | 76/113 [00:04<00:02, 17.57it/s]
Epoch 13/50 [Val]:  69%|██████▉   | 78/113 [00:04<00:02, 17.47it/s]
Epoch 13/50 [Val]:  71%|███████   | 80/113 [00:04<00:01, 17.40it/s]
Epoch 13/50 [Val]:  73%|███████▎  | 82/113 [00:04<00:01, 17.40it/s]
Epoch 13/50 [Val]:  74%|███████▍  | 84/113 [00:04<00:01, 17.39it/s]
Epoch 13/50 [Val]:  76%|███████▌  | 86/113 [00:05<00:01, 17.35it/s]
Epoch 13/50 [Val]:  78%|███████▊  | 88/113 [00:05<00:01, 17.11it/s]
Epoch 13/50 [Val]:  80%|███████▉  | 90/113 [00:05<00:01, 17.42it/s]
Epoch 13/50 [Val]:  81%|████████▏ | 92/113 [00:05<00:01, 17.48it/s]
Epoch 13/50 [Val]:  83%|████████▎ | 94/113 [00:05<00:01, 17.59it/s]
Epoch 13/50 [Val]:  85%|████████▍ | 96/113 [00:05<00:00, 17.95it/s]
Epoch 13/50 [Val]:  87%|████████▋ | 98/113 [00:05<00:00, 18.02it/s]
Epoch 13/50 [Val]:  88%|████████▊ | 100/113 [00:05<00:00, 17.63it/s]
Epoch 13/50 [Val]:  90%|█████████ | 102/113 [00:05<00:00, 17.13it/s]
Epoch 13/50 [Val]:  92%|█████████▏| 104/113 [00:06<00:00, 17.43it/s]
Epoch 13/50 [Val]:  94%|█████████▍| 106/113 [00:06<00:00, 17.57it/s]
Epoch 13/50 [Val]:  96%|█████████▌| 108/113 [00:06<00:00, 17.88it/s]
Epoch 13/50 [Val]:  97%|█████████▋| 110/113 [00:06<00:00, 18.02it/s]
Epoch 13/50 [Val]:  99%|█████████▉| 112/113 [00:06<00:00, 17.98it/s]
                                                                    

Epoch 14/50 [Train]:   0%|          | 0/459 [00:00<?, ?it/s]
Epoch 14/50 [Train]:   1%|          | 3/459 [00:00<00:22, 20.27it/s]
Epoch 14/50 [Train]:   1%|▏         | 6/459 [00:00<00:22, 20.39it/s]
Epoch 14/50 [Train]:   2%|▏         | 9/459 [00:00<00:22, 20.41it/s]
Epoch 14/50 [Train]:   3%|▎         | 12/459 [00:00<00:21, 20.46it/s]
Epoch 14/50 [Train]:   3%|▎         | 15/459 [00:00<00:21, 20.61it/s]
Epoch 14/50 [Train]:   4%|▍         | 18/459 [00:00<00:21, 20.54it/s]
Epoch 14/50 [Train]:   5%|▍         | 21/459 [00:01<00:21, 20.61it/s]
Epoch 14/50 [Train]:   5%|▌         | 24/459 [00:01<00:21, 20.46it/s]
Epoch 14/50 [Train]:   6%|▌         | 27/459 [00:01<00:21, 20.48it/s]
Epoch 14/50 [Train]:   7%|▋         | 30/459 [00:01<00:21, 20.30it/s]
Epoch 14/50 [Train]:   7%|▋         | 33/459 [00:01<00:20, 20.29it/s]
Epoch 14/50 [Train]:   8%|▊         | 36/459 [00:01<00:20, 20.34it/s]
Epoch 14/50 [Train]:   8%|▊         | 39/459 [00:01<00:20, 20.48it/s]
Epoch 14/50 [Train]:   9%|▉         | 42/459 [00:02<00:20, 20.51it/s]
Epoch 14/50 [Train]:  10%|▉         | 45/459 [00:02<00:20, 20.52it/s]
Epoch 14/50 [Train]:  10%|█         | 48/459 [00:02<00:19, 20.65it/s]
Epoch 14/50 [Train]:  11%|█         | 51/459 [00:02<00:19, 20.66it/s]
Epoch 14/50 [Train]:  12%|█▏        | 54/459 [00:02<00:19, 20.52it/s]
Epoch 14/50 [Train]:  12%|█▏        | 57/459 [00:02<00:19, 20.63it/s]
Epoch 14/50 [Train]:  13%|█▎        | 60/459 [00:02<00:19, 20.55it/s]
Epoch 14/50 [Train]:  14%|█▎        | 63/459 [00:03<00:19, 20.64it/s]
Epoch 14/50 [Train]:  14%|█▍        | 66/459 [00:03<00:19, 20.65it/s]
Epoch 14/50 [Train]:  15%|█▌        | 69/459 [00:03<00:18, 20.62it/s]
Epoch 14/50 [Train]:  16%|█▌        | 72/459 [00:03<00:18, 20.53it/s]
Epoch 14/50 [Train]:  16%|█▋        | 75/459 [00:03<00:18, 20.60it/s]
Epoch 14/50 [Train]:  17%|█▋        | 78/459 [00:03<00:18, 20.50it/s]
Epoch 14/50 [Train]:  18%|█▊        | 81/459 [00:03<00:18, 20.69it/s]
Epoch 14/50 [Train]:  18%|█▊        | 84/459 [00:04<00:18, 20.73it/s]
Epoch 14/50 [Train]:  19%|█▉        | 87/459 [00:04<00:17, 20.80it/s]
Epoch 14/50 [Train]:  20%|█▉        | 90/459 [00:04<00:17, 20.83it/s]
Epoch 14/50 [Train]:  20%|██        | 93/459 [00:04<00:17, 20.73it/s]
Epoch 14/50 [Train]:  21%|██        | 96/459 [00:04<00:17, 20.86it/s]
Epoch 14/50 [Train]:  22%|██▏       | 99/459 [00:04<00:17, 20.59it/s]
Epoch 14/50 [Train]:  22%|██▏       | 102/459 [00:04<00:17, 20.57it/s]
Epoch 14/50 [Train]:  23%|██▎       | 105/459 [00:05<00:17, 20.65it/s]
Epoch 14/50 [Train]:  24%|██▎       | 108/459 [00:05<00:16, 20.68it/s]
Epoch 14/50 [Train]:  24%|██▍       | 111/459 [00:05<00:16, 20.71it/s]
Epoch 14/50 [Train]:  25%|██▍       | 114/459 [00:05<00:16, 20.70it/s]
Epoch 14/50 [Train]:  25%|██▌       | 117/459 [00:05<00:16, 20.75it/s]
Epoch 14/50 [Train]:  26%|██▌       | 120/459 [00:05<00:16, 20.75it/s]
Epoch 14/50 [Train]:  27%|██▋       | 123/459 [00:05<00:16, 20.53it/s]
Epoch 14/50 [Train]:  27%|██▋       | 126/459 [00:06<00:16, 20.66it/s]
Epoch 14/50 [Train]:  28%|██▊       | 129/459 [00:06<00:16, 20.59it/s]
Epoch 14/50 [Train]:  29%|██▉       | 132/459 [00:06<00:15, 20.71it/s]
Epoch 14/50 [Train]:  29%|██▉       | 135/459 [00:06<00:15, 20.70it/s]
Epoch 14/50 [Train]:  30%|███       | 138/459 [00:06<00:15, 20.78it/s]
Epoch 14/50 [Train]:  31%|███       | 141/459 [00:06<00:15, 20.80it/s]
Epoch 14/50 [Train]:  31%|███▏      | 144/459 [00:06<00:15, 20.84it/s]
Epoch 14/50 [Train]:  32%|███▏      | 147/459 [00:07<00:14, 20.93it/s]
Epoch 14/50 [Train]:  33%|███▎      | 150/459 [00:07<00:14, 20.81it/s]
Epoch 14/50 [Train]:  33%|███▎      | 153/459 [00:07<00:14, 20.83it/s]
Epoch 14/50 [Train]:  34%|███▍      | 156/459 [00:07<00:14, 20.96it/s]
Epoch 14/50 [Train]:  35%|███▍      | 159/459 [00:07<00:14, 20.98it/s]
Epoch 14/50 [Train]:  35%|███▌      | 162/459 [00:07<00:14, 20.87it/s]
Epoch 14/50 [Train]:  36%|███▌      | 165/459 [00:07<00:14, 20.83it/s]
Epoch 14/50 [Train]:  37%|███▋      | 168/459 [00:08<00:13, 20.83it/s]
Epoch 14/50 [Train]:  37%|███▋      | 171/459 [00:08<00:13, 20.88it/s]
Epoch 14/50 [Train]:  38%|███▊      | 174/459 [00:08<00:13, 20.90it/s]
Epoch 14/50 [Train]:  39%|███▊      | 177/459 [00:08<00:13, 20.88it/s]
Epoch 14/50 [Train]:  39%|███▉      | 180/459 [00:08<00:13, 20.82it/s]
Epoch 14/50 [Train]:  40%|███▉      | 183/459 [00:08<00:13, 20.95it/s]
Epoch 14/50 [Train]:  41%|████      | 186/459 [00:08<00:13, 20.84it/s]
Epoch 14/50 [Train]:  41%|████      | 189/459 [00:09<00:13, 20.75it/s]
Epoch 14/50 [Train]:  42%|████▏     | 192/459 [00:09<00:12, 20.78it/s]
Epoch 14/50 [Train]:  42%|████▏     | 195/459 [00:09<00:12, 20.72it/s]
Epoch 14/50 [Train]:  43%|████▎     | 198/459 [00:09<00:12, 20.81it/s]
Epoch 14/50 [Train]:  44%|████▍     | 201/459 [00:09<00:12, 20.81it/s]
Epoch 14/50 [Train]:  44%|████▍     | 204/459 [00:09<00:12, 20.41it/s]
Epoch 14/50 [Train]:  45%|████▌     | 207/459 [00:10<00:12, 20.45it/s]
Epoch 14/50 [Train]:  46%|████▌     | 210/459 [00:10<00:12, 20.56it/s]
Epoch 14/50 [Train]:  46%|████▋     | 213/459 [00:10<00:11, 20.64it/s]
Epoch 14/50 [Train]:  47%|████▋     | 216/459 [00:10<00:11, 20.55it/s]
Epoch 14/50 [Train]:  48%|████▊     | 219/459 [00:10<00:11, 20.42it/s]
Epoch 14/50 [Train]:  48%|████▊     | 222/459 [00:10<00:11, 20.58it/s]
Epoch 14/50 [Train]:  49%|████▉     | 225/459 [00:10<00:11, 20.65it/s]
Epoch 14/50 [Train]:  50%|████▉     | 228/459 [00:11<00:11, 20.61it/s]
Epoch 14/50 [Train]:  50%|█████     | 231/459 [00:11<00:11, 20.72it/s]
Epoch 14/50 [Train]:  51%|█████     | 234/459 [00:11<00:10, 20.73it/s]
Epoch 14/50 [Train]:  52%|█████▏    | 237/459 [00:11<00:10, 20.71it/s]
Epoch 14/50 [Train]:  52%|█████▏    | 240/459 [00:11<00:10, 20.75it/s]
Epoch 14/50 [Train]:  53%|█████▎    | 243/459 [00:11<00:10, 20.75it/s]
Epoch 14/50 [Train]:  54%|█████▎    | 246/459 [00:11<00:10, 20.84it/s]
Epoch 14/50 [Train]:  54%|█████▍    | 249/459 [00:12<00:10, 20.78it/s]
Epoch 14/50 [Train]:  55%|█████▍    | 252/459 [00:12<00:09, 20.88it/s]
Epoch 14/50 [Train]:  56%|█████▌    | 255/459 [00:12<00:09, 20.91it/s]
Epoch 14/50 [Train]:  56%|█████▌    | 258/459 [00:12<00:09, 20.82it/s]
Epoch 14/50 [Train]:  57%|█████▋    | 261/459 [00:12<00:09, 20.82it/s]
Epoch 14/50 [Train]:  58%|█████▊    | 264/459 [00:12<00:09, 20.83it/s]
Epoch 14/50 [Train]:  58%|█████▊    | 267/459 [00:12<00:09, 20.91it/s]
Epoch 14/50 [Train]:  59%|█████▉    | 270/459 [00:13<00:09, 20.91it/s]
Epoch 14/50 [Train]:  59%|█████▉    | 273/459 [00:13<00:08, 20.97it/s]
Epoch 14/50 [Train]:  60%|██████    | 276/459 [00:13<00:08, 20.93it/s]
Epoch 14/50 [Train]:  61%|██████    | 279/459 [00:13<00:08, 20.96it/s]
Epoch 14/50 [Train]:  61%|██████▏   | 282/459 [00:13<00:08, 20.79it/s]
Epoch 14/50 [Train]:  62%|██████▏   | 285/459 [00:13<00:08, 20.82it/s]
Epoch 14/50 [Train]:  63%|██████▎   | 288/459 [00:13<00:08, 20.76it/s]
Epoch 14/50 [Train]:  63%|██████▎   | 291/459 [00:14<00:08, 20.85it/s]
Epoch 14/50 [Train]:  64%|██████▍   | 294/459 [00:14<00:07, 20.89it/s]
Epoch 14/50 [Train]:  65%|██████▍   | 297/459 [00:14<00:07, 20.91it/s]
Epoch 14/50 [Train]:  65%|██████▌   | 300/459 [00:14<00:07, 20.92it/s]
Epoch 14/50 [Train]:  66%|██████▌   | 303/459 [00:14<00:07, 20.94it/s]
Epoch 14/50 [Train]:  67%|██████▋   | 306/459 [00:14<00:07, 20.88it/s]
Epoch 14/50 [Train]:  67%|██████▋   | 309/459 [00:14<00:07, 20.80it/s]
Epoch 14/50 [Train]:  68%|██████▊   | 312/459 [00:15<00:07, 20.68it/s]
Epoch 14/50 [Train]:  69%|██████▊   | 315/459 [00:15<00:06, 20.81it/s]
Epoch 14/50 [Train]:  69%|██████▉   | 318/459 [00:15<00:06, 20.86it/s]
Epoch 14/50 [Train]:  70%|██████▉   | 321/459 [00:15<00:06, 20.91it/s]
Epoch 14/50 [Train]:  71%|███████   | 324/459 [00:15<00:06, 20.75it/s]
Epoch 14/50 [Train]:  71%|███████   | 327/459 [00:15<00:06, 20.86it/s]
Epoch 14/50 [Train]:  72%|███████▏  | 330/459 [00:15<00:06, 20.94it/s]
Epoch 14/50 [Train]:  73%|███████▎  | 333/459 [00:16<00:06, 20.91it/s]
Epoch 14/50 [Train]:  73%|███████▎  | 336/459 [00:16<00:05, 20.93it/s]
Epoch 14/50 [Train]:  74%|███████▍  | 339/459 [00:16<00:05, 21.03it/s]
Epoch 14/50 [Train]:  75%|███████▍  | 342/459 [00:16<00:05, 20.93it/s]
Epoch 14/50 [Train]:  75%|███████▌  | 345/459 [00:16<00:05, 20.64it/s]
Epoch 14/50 [Train]:  76%|███████▌  | 348/459 [00:16<00:05, 20.68it/s]
Epoch 14/50 [Train]:  76%|███████▋  | 351/459 [00:16<00:05, 20.66it/s]
Epoch 14/50 [Train]:  77%|███████▋  | 354/459 [00:17<00:05, 20.79it/s]
Epoch 14/50 [Train]:  78%|███████▊  | 357/459 [00:17<00:04, 20.68it/s]
Epoch 14/50 [Train]:  78%|███████▊  | 360/459 [00:17<00:04, 20.83it/s]
Epoch 14/50 [Train]:  79%|███████▉  | 363/459 [00:17<00:04, 20.70it/s]
Epoch 14/50 [Train]:  80%|███████▉  | 366/459 [00:17<00:04, 20.52it/s]
Epoch 14/50 [Train]:  80%|████████  | 369/459 [00:17<00:04, 20.64it/s]
Epoch 14/50 [Train]:  81%|████████  | 372/459 [00:17<00:04, 20.69it/s]
Epoch 14/50 [Train]:  82%|████████▏ | 375/459 [00:18<00:04, 20.77it/s]
Epoch 14/50 [Train]:  82%|████████▏ | 378/459 [00:18<00:03, 20.66it/s]
Epoch 14/50 [Train]:  83%|████████▎ | 381/459 [00:18<00:03, 20.73it/s]
Epoch 14/50 [Train]:  84%|████████▎ | 384/459 [00:18<00:03, 20.80it/s]
Epoch 14/50 [Train]:  84%|████████▍ | 387/459 [00:18<00:03, 20.78it/s]
Epoch 14/50 [Train]:  85%|████████▍ | 390/459 [00:18<00:03, 20.86it/s]
Epoch 14/50 [Train]:  86%|████████▌ | 393/459 [00:18<00:03, 20.82it/s]
Epoch 14/50 [Train]:  86%|████████▋ | 396/459 [00:19<00:03, 20.87it/s]
Epoch 14/50 [Train]:  87%|████████▋ | 399/459 [00:19<00:02, 20.77it/s]
Epoch 14/50 [Train]:  88%|████████▊ | 402/459 [00:19<00:02, 20.80it/s]
Epoch 14/50 [Train]:  88%|████████▊ | 405/459 [00:19<00:02, 20.73it/s]
Epoch 14/50 [Train]:  89%|████████▉ | 408/459 [00:19<00:02, 20.76it/s]
Epoch 14/50 [Train]:  90%|████████▉ | 411/459 [00:19<00:02, 20.89it/s]
Epoch 14/50 [Train]:  90%|█████████ | 414/459 [00:19<00:02, 20.80it/s]
Epoch 14/50 [Train]:  91%|█████████ | 417/459 [00:20<00:02, 20.77it/s]
Epoch 14/50 [Train]:  92%|█████████▏| 420/459 [00:20<00:01, 20.62it/s]
Epoch 14/50 [Train]:  92%|█████████▏| 423/459 [00:20<00:01, 20.74it/s]
Epoch 14/50 [Train]:  93%|█████████▎| 426/459 [00:20<00:01, 20.85it/s]
Epoch 14/50 [Train]:  93%|█████████▎| 429/459 [00:20<00:01, 20.74it/s]
Epoch 14/50 [Train]:  94%|█████████▍| 432/459 [00:20<00:01, 20.82it/s]
Epoch 14/50 [Train]:  95%|█████████▍| 435/459 [00:20<00:01, 20.82it/s]
Epoch 14/50 [Train]:  95%|█████████▌| 438/459 [00:21<00:01, 20.82it/s]
Epoch 14/50 [Train]:  96%|█████████▌| 441/459 [00:21<00:00, 20.65it/s]
Epoch 14/50 [Train]:  97%|█████████▋| 444/459 [00:21<00:00, 20.69it/s]
Epoch 14/50 [Train]:  97%|█████████▋| 447/459 [00:21<00:00, 20.60it/s]
Epoch 14/50 [Train]:  98%|█████████▊| 450/459 [00:21<00:00, 20.74it/s]
Epoch 14/50 [Train]:  99%|█████████▊| 453/459 [00:21<00:00, 20.77it/s]
Epoch 14/50 [Train]:  99%|█████████▉| 456/459 [00:21<00:00, 20.84it/s]
Epoch 14/50 [Train]: 100%|██████████| 459/459 [00:22<00:00, 20.83it/s]
                                                                      

Epoch 14/50 [Val]:   0%|          | 0/113 [00:00<?, ?it/s]
Epoch 14/50 [Val]:   2%|▏         | 2/113 [00:00<00:06, 16.87it/s]
Epoch 14/50 [Val]:   4%|▎         | 4/113 [00:00<00:06, 17.13it/s]
Epoch 14/50 [Val]:   5%|▌         | 6/113 [00:00<00:06, 17.06it/s]
Epoch 14/50 [Val]:   7%|▋         | 8/113 [00:00<00:06, 17.25it/s]
Epoch 14/50 [Val]:   9%|▉         | 10/113 [00:00<00:05, 17.59it/s]
Epoch 14/50 [Val]:  11%|█         | 12/113 [00:00<00:05, 17.70it/s]
Epoch 14/50 [Val]:  12%|█▏        | 14/113 [00:00<00:05, 17.65it/s]
Epoch 14/50 [Val]:  14%|█▍        | 16/113 [00:00<00:05, 16.72it/s]
Epoch 14/50 [Val]:  16%|█▌        | 18/113 [00:01<00:05, 16.40it/s]
Epoch 14/50 [Val]:  18%|█▊        | 20/113 [00:01<00:05, 16.05it/s]
Epoch 14/50 [Val]:  19%|█▉        | 22/113 [00:01<00:05, 15.76it/s]
Epoch 14/50 [Val]:  21%|██        | 24/113 [00:01<00:05, 15.65it/s]
Epoch 14/50 [Val]:  23%|██▎       | 26/113 [00:01<00:05, 15.88it/s]
Epoch 14/50 [Val]:  25%|██▍       | 28/113 [00:01<00:05, 16.09it/s]
Epoch 14/50 [Val]:  27%|██▋       | 30/113 [00:01<00:05, 16.41it/s]
Epoch 14/50 [Val]:  28%|██▊       | 32/113 [00:01<00:04, 16.57it/s]
Epoch 14/50 [Val]:  30%|███       | 34/113 [00:02<00:04, 16.68it/s]
Epoch 14/50 [Val]:  32%|███▏      | 36/113 [00:02<00:04, 16.93it/s]
Epoch 14/50 [Val]:  34%|███▎      | 38/113 [00:02<00:04, 17.16it/s]
Epoch 14/50 [Val]:  35%|███▌      | 40/113 [00:02<00:04, 17.31it/s]
Epoch 14/50 [Val]:  37%|███▋      | 42/113 [00:02<00:04, 17.35it/s]
Epoch 14/50 [Val]:  39%|███▉      | 44/113 [00:02<00:04, 17.24it/s]
Epoch 14/50 [Val]:  41%|████      | 46/113 [00:02<00:03, 16.91it/s]
Epoch 14/50 [Val]:  42%|████▏     | 48/113 [00:02<00:03, 17.00it/s]
Epoch 14/50 [Val]:  44%|████▍     | 50/113 [00:02<00:03, 17.29it/s]
Epoch 14/50 [Val]:  46%|████▌     | 52/113 [00:03<00:03, 17.55it/s]
Epoch 14/50 [Val]:  48%|████▊     | 54/113 [00:03<00:03, 17.71it/s]
Epoch 14/50 [Val]:  50%|████▉     | 56/113 [00:03<00:03, 17.67it/s]
Epoch 14/50 [Val]:  51%|█████▏    | 58/113 [00:03<00:03, 16.95it/s]
Epoch 14/50 [Val]:  53%|█████▎    | 60/113 [00:03<00:03, 17.19it/s]
Epoch 14/50 [Val]:  55%|█████▍    | 62/113 [00:03<00:02, 17.21it/s]
Epoch 14/50 [Val]:  57%|█████▋    | 64/113 [00:03<00:02, 17.18it/s]
Epoch 14/50 [Val]:  58%|█████▊    | 66/113 [00:03<00:02, 16.81it/s]
Epoch 14/50 [Val]:  60%|██████    | 68/113 [00:04<00:02, 16.60it/s]
Epoch 14/50 [Val]:  62%|██████▏   | 70/113 [00:04<00:02, 16.83it/s]
Epoch 14/50 [Val]:  64%|██████▎   | 72/113 [00:04<00:02, 17.18it/s]
Epoch 14/50 [Val]:  65%|██████▌   | 74/113 [00:04<00:02, 17.42it/s]
Epoch 14/50 [Val]:  67%|██████▋   | 76/113 [00:04<00:02, 17.50it/s]
Epoch 14/50 [Val]:  69%|██████▉   | 78/113 [00:04<00:02, 17.37it/s]
Epoch 14/50 [Val]:  71%|███████   | 80/113 [00:04<00:01, 17.32it/s]
Epoch 14/50 [Val]:  73%|███████▎  | 82/113 [00:04<00:01, 17.26it/s]
Epoch 14/50 [Val]:  74%|███████▍  | 84/113 [00:04<00:01, 17.32it/s]
Epoch 14/50 [Val]:  76%|███████▌  | 86/113 [00:05<00:01, 17.32it/s]
Epoch 14/50 [Val]:  78%|███████▊  | 88/113 [00:05<00:01, 17.16it/s]
Epoch 14/50 [Val]:  80%|███████▉  | 90/113 [00:05<00:01, 17.43it/s]
Epoch 14/50 [Val]:  81%|████████▏ | 92/113 [00:05<00:01, 17.65it/s]
Epoch 14/50 [Val]:  83%|████████▎ | 94/113 [00:05<00:01, 17.65it/s]
Epoch 14/50 [Val]:  85%|████████▍ | 96/113 [00:05<00:00, 17.86it/s]
Epoch 14/50 [Val]:  87%|████████▋ | 98/113 [00:05<00:00, 17.95it/s]
Epoch 14/50 [Val]:  88%|████████▊ | 100/113 [00:05<00:00, 17.59it/s]
Epoch 14/50 [Val]:  90%|█████████ | 102/113 [00:05<00:00, 17.25it/s]
Epoch 14/50 [Val]:  92%|█████████▏| 104/113 [00:06<00:00, 17.62it/s]
Epoch 14/50 [Val]:  94%|█████████▍| 106/113 [00:06<00:00, 17.73it/s]
Epoch 14/50 [Val]:  96%|█████████▌| 108/113 [00:06<00:00, 17.88it/s]
Epoch 14/50 [Val]:  97%|█████████▋| 110/113 [00:06<00:00, 18.02it/s]
Epoch 14/50 [Val]:  99%|█████████▉| 112/113 [00:06<00:00, 17.94it/s]
                                                                    

Epoch 15/50 [Train]:   0%|          | 0/459 [00:00<?, ?it/s]
Epoch 15/50 [Train]:   1%|          | 3/459 [00:00<00:22, 19.93it/s]
Epoch 15/50 [Train]:   1%|▏         | 6/459 [00:00<00:22, 20.36it/s]
Epoch 15/50 [Train]:   2%|▏         | 9/459 [00:00<00:21, 20.57it/s]
Epoch 15/50 [Train]:   3%|▎         | 12/459 [00:00<00:21, 20.51it/s]
Epoch 15/50 [Train]:   3%|▎         | 15/459 [00:00<00:21, 20.69it/s]
Epoch 15/50 [Train]:   4%|▍         | 18/459 [00:00<00:21, 20.91it/s]
Epoch 15/50 [Train]:   5%|▍         | 21/459 [00:01<00:21, 20.83it/s]
Epoch 15/50 [Train]:   5%|▌         | 24/459 [00:01<00:20, 20.92it/s]
Epoch 15/50 [Train]:   6%|▌         | 27/459 [00:01<00:20, 20.89it/s]
Epoch 15/50 [Train]:   7%|▋         | 30/459 [00:01<00:20, 21.01it/s]
Epoch 15/50 [Train]:   7%|▋         | 33/459 [00:01<00:20, 20.95it/s]
Epoch 15/50 [Train]:   8%|▊         | 36/459 [00:01<00:20, 20.99it/s]
Epoch 15/50 [Train]:   8%|▊         | 39/459 [00:01<00:19, 21.08it/s]
Epoch 15/50 [Train]:   9%|▉         | 42/459 [00:02<00:19, 21.07it/s]
Epoch 15/50 [Train]:  10%|▉         | 45/459 [00:02<00:19, 21.11it/s]
Epoch 15/50 [Train]:  10%|█         | 48/459 [00:02<00:19, 20.95it/s]
Epoch 15/50 [Train]:  11%|█         | 51/459 [00:02<00:19, 20.72it/s]
Epoch 15/50 [Train]:  12%|█▏        | 54/459 [00:02<00:19, 20.80it/s]
Epoch 15/50 [Train]:  12%|█▏        | 57/459 [00:02<00:19, 20.84it/s]
Epoch 15/50 [Train]:  13%|█▎        | 60/459 [00:02<00:19, 20.88it/s]
Epoch 15/50 [Train]:  14%|█▎        | 63/459 [00:03<00:19, 20.81it/s]
Epoch 15/50 [Train]:  14%|█▍        | 66/459 [00:03<00:19, 20.67it/s]
Epoch 15/50 [Train]:  15%|█▌        | 69/459 [00:03<00:18, 20.82it/s]
Epoch 15/50 [Train]:  16%|█▌        | 72/459 [00:03<00:18, 20.83it/s]
Epoch 15/50 [Train]:  16%|█▋        | 75/459 [00:03<00:18, 20.74it/s]
Epoch 15/50 [Train]:  17%|█▋        | 78/459 [00:03<00:18, 20.76it/s]
Epoch 15/50 [Train]:  18%|█▊        | 81/459 [00:03<00:18, 20.80it/s]
Epoch 15/50 [Train]:  18%|█▊        | 84/459 [00:04<00:17, 20.93it/s]
Epoch 15/50 [Train]:  19%|█▉        | 87/459 [00:04<00:17, 20.90it/s]
Epoch 15/50 [Train]:  20%|█▉        | 90/459 [00:04<00:17, 20.96it/s]
Epoch 15/50 [Train]:  20%|██        | 93/459 [00:04<00:17, 20.92it/s]
Epoch 15/50 [Train]:  21%|██        | 96/459 [00:04<00:17, 20.94it/s]
Epoch 15/50 [Train]:  22%|██▏       | 99/459 [00:04<00:17, 20.75it/s]
Epoch 15/50 [Train]:  22%|██▏       | 102/459 [00:04<00:17, 20.69it/s]
Epoch 15/50 [Train]:  23%|██▎       | 105/459 [00:05<00:17, 20.53it/s]
Epoch 15/50 [Train]:  24%|██▎       | 108/459 [00:05<00:17, 20.48it/s]
Epoch 15/50 [Train]:  24%|██▍       | 111/459 [00:05<00:16, 20.48it/s]
Epoch 15/50 [Train]:  25%|██▍       | 114/459 [00:05<00:16, 20.46it/s]
Epoch 15/50 [Train]:  25%|██▌       | 117/459 [00:05<00:16, 20.61it/s]
Epoch 15/50 [Train]:  26%|██▌       | 120/459 [00:05<00:16, 20.50it/s]
Epoch 15/50 [Train]:  27%|██▋       | 123/459 [00:05<00:16, 20.58it/s]
Epoch 15/50 [Train]:  27%|██▋       | 126/459 [00:06<00:16, 20.67it/s]
Epoch 15/50 [Train]:  28%|██▊       | 129/459 [00:06<00:15, 20.68it/s]
Epoch 15/50 [Train]:  29%|██▉       | 132/459 [00:06<00:15, 20.57it/s]
Epoch 15/50 [Train]:  29%|██▉       | 135/459 [00:06<00:15, 20.52it/s]
Epoch 15/50 [Train]:  30%|███       | 138/459 [00:06<00:15, 20.52it/s]
Epoch 15/50 [Train]:  31%|███       | 141/459 [00:06<00:15, 20.59it/s]
Epoch 15/50 [Train]:  31%|███▏      | 144/459 [00:06<00:15, 20.58it/s]
Epoch 15/50 [Train]:  32%|███▏      | 147/459 [00:07<00:15, 20.58it/s]
Epoch 15/50 [Train]:  33%|███▎      | 150/459 [00:07<00:15, 20.35it/s]
Epoch 15/50 [Train]:  33%|███▎      | 153/459 [00:07<00:15, 20.39it/s]
Epoch 15/50 [Train]:  34%|███▍      | 156/459 [00:07<00:14, 20.50it/s]
Epoch 15/50 [Train]:  35%|███▍      | 159/459 [00:07<00:14, 20.59it/s]
Epoch 15/50 [Train]:  35%|███▌      | 162/459 [00:07<00:14, 20.59it/s]
Epoch 15/50 [Train]:  36%|███▌      | 165/459 [00:07<00:14, 20.65it/s]
Epoch 15/50 [Train]:  37%|███▋      | 168/459 [00:08<00:14, 20.49it/s]
Epoch 15/50 [Train]:  37%|███▋      | 171/459 [00:08<00:13, 20.58it/s]
Epoch 15/50 [Train]:  38%|███▊      | 174/459 [00:08<00:13, 20.46it/s]
Epoch 15/50 [Train]:  39%|███▊      | 177/459 [00:08<00:13, 20.61it/s]
Epoch 15/50 [Train]:  39%|███▉      | 180/459 [00:08<00:13, 20.66it/s]
Epoch 15/50 [Train]:  40%|███▉      | 183/459 [00:08<00:13, 20.67it/s]
Epoch 15/50 [Train]:  41%|████      | 186/459 [00:08<00:13, 20.79it/s]
Epoch 15/50 [Train]:  41%|████      | 189/459 [00:09<00:12, 20.84it/s]
Epoch 15/50 [Train]:  42%|████▏     | 192/459 [00:09<00:12, 20.82it/s]
Epoch 15/50 [Train]:  42%|████▏     | 195/459 [00:09<00:12, 20.74it/s]
Epoch 15/50 [Train]:  43%|████▎     | 198/459 [00:09<00:12, 20.77it/s]
Epoch 15/50 [Train]:  44%|████▍     | 201/459 [00:09<00:12, 20.85it/s]
Epoch 15/50 [Train]:  44%|████▍     | 204/459 [00:09<00:12, 20.80it/s]
Epoch 15/50 [Train]:  45%|████▌     | 207/459 [00:09<00:12, 20.78it/s]
Epoch 15/50 [Train]:  46%|████▌     | 210/459 [00:10<00:12, 20.55it/s]
Epoch 15/50 [Train]:  46%|████▋     | 213/459 [00:10<00:11, 20.61it/s]
Epoch 15/50 [Train]:  47%|████▋     | 216/459 [00:10<00:11, 20.78it/s]
Epoch 15/50 [Train]:  48%|████▊     | 219/459 [00:10<00:11, 20.82it/s]
Epoch 15/50 [Train]:  48%|████▊     | 222/459 [00:10<00:11, 20.84it/s]
Epoch 15/50 [Train]:  49%|████▉     | 225/459 [00:10<00:11, 20.87it/s]
Epoch 15/50 [Train]:  50%|████▉     | 228/459 [00:10<00:11, 20.96it/s]
Epoch 15/50 [Train]:  50%|█████     | 231/459 [00:11<00:10, 20.97it/s]
Epoch 15/50 [Train]:  51%|█████     | 234/459 [00:11<00:10, 20.98it/s]
Epoch 15/50 [Train]:  52%|█████▏    | 237/459 [00:11<00:10, 21.03it/s]
Epoch 15/50 [Train]:  52%|█████▏    | 240/459 [00:11<00:10, 21.01it/s]
Epoch 15/50 [Train]:  53%|█████▎    | 243/459 [00:11<00:10, 20.97it/s]
Epoch 15/50 [Train]:  54%|█████▎    | 246/459 [00:11<00:10, 20.95it/s]
Epoch 15/50 [Train]:  54%|█████▍    | 249/459 [00:12<00:10, 20.94it/s]
Epoch 15/50 [Train]:  55%|█████▍    | 252/459 [00:12<00:09, 20.86it/s]
Epoch 15/50 [Train]:  56%|█████▌    | 255/459 [00:12<00:09, 20.98it/s]
Epoch 15/50 [Train]:  56%|█████▌    | 258/459 [00:12<00:09, 20.98it/s]
Epoch 15/50 [Train]:  57%|█████▋    | 261/459 [00:12<00:09, 20.93it/s]
Epoch 15/50 [Train]:  58%|█████▊    | 264/459 [00:12<00:09, 21.02it/s]
Epoch 15/50 [Train]:  58%|█████▊    | 267/459 [00:12<00:09, 21.03it/s]
Epoch 15/50 [Train]:  59%|█████▉    | 270/459 [00:13<00:09, 20.97it/s]
Epoch 15/50 [Train]:  59%|█████▉    | 273/459 [00:13<00:08, 20.99it/s]
Epoch 15/50 [Train]:  60%|██████    | 276/459 [00:13<00:08, 20.85it/s]
Epoch 15/50 [Train]:  61%|██████    | 279/459 [00:13<00:08, 20.82it/s]
Epoch 15/50 [Train]:  61%|██████▏   | 282/459 [00:13<00:08, 20.93it/s]
Epoch 15/50 [Train]:  62%|██████▏   | 285/459 [00:13<00:08, 20.94it/s]
Epoch 15/50 [Train]:  63%|██████▎   | 288/459 [00:13<00:08, 20.82it/s]
Epoch 15/50 [Train]:  63%|██████▎   | 291/459 [00:14<00:08, 20.93it/s]
Epoch 15/50 [Train]:  64%|██████▍   | 294/459 [00:14<00:07, 21.01it/s]
Epoch 15/50 [Train]:  65%|██████▍   | 297/459 [00:14<00:07, 20.83it/s]
Epoch 15/50 [Train]:  65%|██████▌   | 300/459 [00:14<00:07, 20.70it/s]
Epoch 15/50 [Train]:  66%|██████▌   | 303/459 [00:14<00:07, 20.57it/s]
Epoch 15/50 [Train]:  67%|██████▋   | 306/459 [00:14<00:07, 20.71it/s]
Epoch 15/50 [Train]:  67%|██████▋   | 309/459 [00:14<00:07, 20.75it/s]
Epoch 15/50 [Train]:  68%|██████▊   | 312/459 [00:15<00:07, 20.72it/s]
Epoch 15/50 [Train]:  69%|██████▊   | 315/459 [00:15<00:06, 20.70it/s]
Epoch 15/50 [Train]:  69%|██████▉   | 318/459 [00:15<00:06, 20.70it/s]
Epoch 15/50 [Train]:  70%|██████▉   | 321/459 [00:15<00:06, 20.72it/s]
Epoch 15/50 [Train]:  71%|███████   | 324/459 [00:15<00:06, 20.72it/s]
Epoch 15/50 [Train]:  71%|███████   | 327/459 [00:15<00:06, 20.80it/s]
Epoch 15/50 [Train]:  72%|███████▏  | 330/459 [00:15<00:06, 20.82it/s]
Epoch 15/50 [Train]:  73%|███████▎  | 333/459 [00:16<00:06, 20.89it/s]
Epoch 15/50 [Train]:  73%|███████▎  | 336/459 [00:16<00:05, 20.78it/s]
Epoch 15/50 [Train]:  74%|███████▍  | 339/459 [00:16<00:05, 20.68it/s]
Epoch 15/50 [Train]:  75%|███████▍  | 342/459 [00:16<00:05, 20.64it/s]
Epoch 15/50 [Train]:  75%|███████▌  | 345/459 [00:16<00:05, 20.53it/s]
Epoch 15/50 [Train]:  76%|███████▌  | 348/459 [00:16<00:05, 20.64it/s]
Epoch 15/50 [Train]:  76%|███████▋  | 351/459 [00:16<00:05, 20.69it/s]
Epoch 15/50 [Train]:  77%|███████▋  | 354/459 [00:17<00:05, 20.60it/s]
Epoch 15/50 [Train]:  78%|███████▊  | 357/459 [00:17<00:04, 20.66it/s]
Epoch 15/50 [Train]:  78%|███████▊  | 360/459 [00:17<00:04, 20.59it/s]
Epoch 15/50 [Train]:  79%|███████▉  | 363/459 [00:17<00:04, 20.49it/s]
Epoch 15/50 [Train]:  80%|███████▉  | 366/459 [00:17<00:04, 20.57it/s]
Epoch 15/50 [Train]:  80%|████████  | 369/459 [00:17<00:04, 20.56it/s]
Epoch 15/50 [Train]:  81%|████████  | 372/459 [00:17<00:04, 20.67it/s]
Epoch 15/50 [Train]:  82%|████████▏ | 375/459 [00:18<00:04, 20.54it/s]
Epoch 15/50 [Train]:  82%|████████▏ | 378/459 [00:18<00:03, 20.71it/s]
Epoch 15/50 [Train]:  83%|████████▎ | 381/459 [00:18<00:03, 20.76it/s]
Epoch 15/50 [Train]:  84%|████████▎ | 384/459 [00:18<00:03, 20.83it/s]
Epoch 15/50 [Train]:  84%|████████▍ | 387/459 [00:18<00:03, 20.74it/s]
Epoch 15/50 [Train]:  85%|████████▍ | 390/459 [00:18<00:03, 20.71it/s]
Epoch 15/50 [Train]:  86%|████████▌ | 393/459 [00:18<00:03, 20.71it/s]
Epoch 15/50 [Train]:  86%|████████▋ | 396/459 [00:19<00:03, 20.83it/s]
Epoch 15/50 [Train]:  87%|████████▋ | 399/459 [00:19<00:02, 20.91it/s]
Epoch 15/50 [Train]:  88%|████████▊ | 402/459 [00:19<00:02, 20.78it/s]
Epoch 15/50 [Train]:  88%|████████▊ | 405/459 [00:19<00:02, 20.75it/s]
Epoch 15/50 [Train]:  89%|████████▉ | 408/459 [00:19<00:02, 20.77it/s]
Epoch 15/50 [Train]:  90%|████████▉ | 411/459 [00:19<00:02, 20.64it/s]
Epoch 15/50 [Train]:  90%|█████████ | 414/459 [00:19<00:02, 20.77it/s]
Epoch 15/50 [Train]:  91%|█████████ | 417/459 [00:20<00:02, 20.76it/s]
Epoch 15/50 [Train]:  92%|█████████▏| 420/459 [00:20<00:01, 20.71it/s]
Epoch 15/50 [Train]:  92%|█████████▏| 423/459 [00:20<00:01, 20.71it/s]
Epoch 15/50 [Train]:  93%|█████████▎| 426/459 [00:20<00:01, 20.88it/s]
Epoch 15/50 [Train]:  93%|█████████▎| 429/459 [00:20<00:01, 20.89it/s]
Epoch 15/50 [Train]:  94%|█████████▍| 432/459 [00:20<00:01, 20.84it/s]
Epoch 15/50 [Train]:  95%|█████████▍| 435/459 [00:20<00:01, 20.94it/s]
Epoch 15/50 [Train]:  95%|█████████▌| 438/459 [00:21<00:01, 20.89it/s]
Epoch 15/50 [Train]:  96%|█████████▌| 441/459 [00:21<00:00, 20.91it/s]
Epoch 15/50 [Train]:  97%|█████████▋| 444/459 [00:21<00:00, 20.84it/s]
Epoch 15/50 [Train]:  97%|█████████▋| 447/459 [00:21<00:00, 20.75it/s]
Epoch 15/50 [Train]:  98%|█████████▊| 450/459 [00:21<00:00, 20.88it/s]
Epoch 15/50 [Train]:  99%|█████████▊| 453/459 [00:21<00:00, 20.83it/s]
Epoch 15/50 [Train]:  99%|█████████▉| 456/459 [00:21<00:00, 20.64it/s]
Epoch 15/50 [Train]: 100%|██████████| 459/459 [00:22<00:00, 20.63it/s]
                                                                      

Epoch 15/50 [Val]:   0%|          | 0/113 [00:00<?, ?it/s]
Epoch 15/50 [Val]:   2%|▏         | 2/113 [00:00<00:06, 17.38it/s]
Epoch 15/50 [Val]:   4%|▎         | 4/113 [00:00<00:06, 17.19it/s]
Epoch 15/50 [Val]:   5%|▌         | 6/113 [00:00<00:06, 17.08it/s]
Epoch 15/50 [Val]:   7%|▋         | 8/113 [00:00<00:06, 17.31it/s]
Epoch 15/50 [Val]:   9%|▉         | 10/113 [00:00<00:05, 17.80it/s]
Epoch 15/50 [Val]:  11%|█         | 12/113 [00:00<00:05, 17.71it/s]
Epoch 15/50 [Val]:  12%|█▏        | 14/113 [00:00<00:05, 17.65it/s]
Epoch 15/50 [Val]:  14%|█▍        | 16/113 [00:00<00:05, 16.63it/s]
Epoch 15/50 [Val]:  16%|█▌        | 18/113 [00:01<00:05, 16.29it/s]
Epoch 15/50 [Val]:  18%|█▊        | 20/113 [00:01<00:05, 15.99it/s]
Epoch 15/50 [Val]:  19%|█▉        | 22/113 [00:01<00:05, 15.87it/s]
Epoch 15/50 [Val]:  21%|██        | 24/113 [00:01<00:05, 15.83it/s]
Epoch 15/50 [Val]:  23%|██▎       | 26/113 [00:01<00:05, 16.06it/s]
Epoch 15/50 [Val]:  25%|██▍       | 28/113 [00:01<00:05, 16.32it/s]
Epoch 15/50 [Val]:  27%|██▋       | 30/113 [00:01<00:05, 16.50it/s]
Epoch 15/50 [Val]:  28%|██▊       | 32/113 [00:01<00:04, 16.70it/s]
Epoch 15/50 [Val]:  30%|███       | 34/113 [00:02<00:04, 16.92it/s]
Epoch 15/50 [Val]:  32%|███▏      | 36/113 [00:02<00:04, 17.30it/s]
Epoch 15/50 [Val]:  34%|███▎      | 38/113 [00:02<00:04, 17.56it/s]
Epoch 15/50 [Val]:  35%|███▌      | 40/113 [00:02<00:04, 17.74it/s]
Epoch 15/50 [Val]:  37%|███▋      | 42/113 [00:02<00:03, 17.89it/s]
Epoch 15/50 [Val]:  39%|███▉      | 44/113 [00:02<00:03, 17.75it/s]
Epoch 15/50 [Val]:  41%|████      | 46/113 [00:02<00:03, 17.32it/s]
Epoch 15/50 [Val]:  42%|████▏     | 48/113 [00:02<00:03, 17.48it/s]
Epoch 15/50 [Val]:  44%|████▍     | 50/113 [00:02<00:03, 17.74it/s]
Epoch 15/50 [Val]:  46%|████▌     | 52/113 [00:03<00:03, 17.93it/s]
Epoch 15/50 [Val]:  48%|████▊     | 54/113 [00:03<00:03, 18.10it/s]
Epoch 15/50 [Val]:  50%|████▉     | 56/113 [00:03<00:03, 18.11it/s]
Epoch 15/50 [Val]:  51%|█████▏    | 58/113 [00:03<00:03, 17.49it/s]
Epoch 15/50 [Val]:  53%|█████▎    | 60/113 [00:03<00:02, 17.89it/s]
Epoch 15/50 [Val]:  55%|█████▍    | 62/113 [00:03<00:02, 17.90it/s]
Epoch 15/50 [Val]:  57%|█████▋    | 64/113 [00:03<00:02, 17.93it/s]
Epoch 15/50 [Val]:  58%|█████▊    | 66/113 [00:03<00:02, 17.47it/s]
Epoch 15/50 [Val]:  60%|██████    | 68/113 [00:03<00:02, 17.30it/s]
Epoch 15/50 [Val]:  62%|██████▏   | 70/113 [00:04<00:02, 17.44it/s]
Epoch 15/50 [Val]:  64%|██████▎   | 72/113 [00:04<00:02, 17.78it/s]
Epoch 15/50 [Val]:  65%|██████▌   | 74/113 [00:04<00:02, 18.04it/s]
Epoch 15/50 [Val]:  67%|██████▋   | 76/113 [00:04<00:02, 18.13it/s]
Epoch 15/50 [Val]:  69%|██████▉   | 78/113 [00:04<00:01, 18.05it/s]
Epoch 15/50 [Val]:  71%|███████   | 80/113 [00:04<00:01, 17.82it/s]
Epoch 15/50 [Val]:  73%|███████▎  | 82/113 [00:04<00:01, 17.69it/s]
Epoch 15/50 [Val]:  74%|███████▍  | 84/113 [00:04<00:01, 17.69it/s]
Epoch 15/50 [Val]:  76%|███████▌  | 86/113 [00:04<00:01, 17.69it/s]
Epoch 15/50 [Val]:  78%|███████▊  | 88/113 [00:05<00:01, 17.57it/s]
Epoch 15/50 [Val]:  80%|███████▉  | 90/113 [00:05<00:01, 17.94it/s]
Epoch 15/50 [Val]:  81%|████████▏ | 92/113 [00:05<00:01, 18.06it/s]
Epoch 15/50 [Val]:  83%|████████▎ | 94/113 [00:05<00:01, 18.34it/s]
Epoch 15/50 [Val]:  85%|████████▍ | 96/113 [00:05<00:00, 18.65it/s]
Epoch 15/50 [Val]:  87%|████████▋ | 98/113 [00:05<00:00, 18.77it/s]
Epoch 15/50 [Val]:  88%|████████▊ | 100/113 [00:05<00:00, 18.32it/s]
Epoch 15/50 [Val]:  90%|█████████ | 102/113 [00:05<00:00, 17.81it/s]
Epoch 15/50 [Val]:  92%|█████████▏| 104/113 [00:05<00:00, 18.12it/s]
Epoch 15/50 [Val]:  94%|█████████▍| 106/113 [00:06<00:00, 18.06it/s]
Epoch 15/50 [Val]:  96%|█████████▌| 108/113 [00:06<00:00, 18.41it/s]
Epoch 15/50 [Val]:  97%|█████████▋| 110/113 [00:06<00:00, 18.62it/s]
Epoch 15/50 [Val]:  99%|█████████▉| 112/113 [00:06<00:00, 18.48it/s]
                                                                    

Epoch 16/50 [Train]:   0%|          | 0/459 [00:00<?, ?it/s]
Epoch 16/50 [Train]:   1%|          | 3/459 [00:00<00:22, 20.62it/s]
Epoch 16/50 [Train]:   1%|▏         | 6/459 [00:00<00:21, 21.00it/s]
Epoch 16/50 [Train]:   2%|▏         | 9/459 [00:00<00:21, 20.85it/s]
Epoch 16/50 [Train]:   3%|▎         | 12/459 [00:00<00:21, 20.92it/s]
Epoch 16/50 [Train]:   3%|▎         | 15/459 [00:00<00:21, 20.80it/s]
Epoch 16/50 [Train]:   4%|▍         | 18/459 [00:00<00:21, 20.99it/s]
Epoch 16/50 [Train]:   5%|▍         | 21/459 [00:01<00:20, 20.89it/s]
Epoch 16/50 [Train]:   5%|▌         | 24/459 [00:01<00:20, 20.96it/s]
Epoch 16/50 [Train]:   6%|▌         | 27/459 [00:01<00:20, 21.01it/s]
Epoch 16/50 [Train]:   7%|▋         | 30/459 [00:01<00:20, 21.09it/s]
Epoch 16/50 [Train]:   7%|▋         | 33/459 [00:01<00:20, 21.14it/s]
Epoch 16/50 [Train]:   8%|▊         | 36/459 [00:01<00:20, 21.00it/s]
Epoch 16/50 [Train]:   8%|▊         | 39/459 [00:01<00:20, 20.88it/s]
Epoch 16/50 [Train]:   9%|▉         | 42/459 [00:02<00:20, 20.82it/s]
Epoch 16/50 [Train]:  10%|▉         | 45/459 [00:02<00:19, 20.84it/s]
Epoch 16/50 [Train]:  10%|█         | 48/459 [00:02<00:19, 20.94it/s]
Epoch 16/50 [Train]:  11%|█         | 51/459 [00:02<00:19, 20.99it/s]
Epoch 16/50 [Train]:  12%|█▏        | 54/459 [00:02<00:19, 20.99it/s]
Epoch 16/50 [Train]:  12%|█▏        | 57/459 [00:02<00:19, 21.00it/s]
Epoch 16/50 [Train]:  13%|█▎        | 60/459 [00:02<00:19, 20.99it/s]
Epoch 16/50 [Train]:  14%|█▎        | 63/459 [00:03<00:18, 20.94it/s]
Epoch 16/50 [Train]:  14%|█▍        | 66/459 [00:03<00:18, 21.04it/s]
Epoch 16/50 [Train]:  15%|█▌        | 69/459 [00:03<00:18, 21.02it/s]
Epoch 16/50 [Train]:  16%|█▌        | 72/459 [00:03<00:18, 20.96it/s]
Epoch 16/50 [Train]:  16%|█▋        | 75/459 [00:03<00:18, 20.94it/s]
Epoch 16/50 [Train]:  17%|█▋        | 78/459 [00:03<00:18, 20.92it/s]
Epoch 16/50 [Train]:  18%|█▊        | 81/459 [00:03<00:18, 20.96it/s]
Epoch 16/50 [Train]:  18%|█▊        | 84/459 [00:04<00:17, 20.92it/s]
Epoch 16/50 [Train]:  19%|█▉        | 87/459 [00:04<00:17, 20.89it/s]
Epoch 16/50 [Train]:  20%|█▉        | 90/459 [00:04<00:17, 20.86it/s]
Epoch 16/50 [Train]:  20%|██        | 93/459 [00:04<00:17, 20.91it/s]
Epoch 16/50 [Train]:  21%|██        | 96/459 [00:04<00:17, 20.92it/s]
Epoch 16/50 [Train]:  22%|██▏       | 99/459 [00:04<00:17, 20.93it/s]
Epoch 16/50 [Train]:  22%|██▏       | 102/459 [00:04<00:17, 20.90it/s]
Epoch 16/50 [Train]:  23%|██▎       | 105/459 [00:05<00:16, 20.88it/s]
Epoch 16/50 [Train]:  24%|██▎       | 108/459 [00:05<00:16, 20.99it/s]
Epoch 16/50 [Train]:  24%|██▍       | 111/459 [00:05<00:16, 20.97it/s]
Epoch 16/50 [Train]:  25%|██▍       | 114/459 [00:05<00:16, 20.84it/s]
Epoch 16/50 [Train]:  25%|██▌       | 117/459 [00:05<00:16, 20.96it/s]
Epoch 16/50 [Train]:  26%|██▌       | 120/459 [00:05<00:16, 20.96it/s]
Epoch 16/50 [Train]:  27%|██▋       | 123/459 [00:05<00:15, 21.05it/s]
Epoch 16/50 [Train]:  27%|██▋       | 126/459 [00:06<00:15, 20.99it/s]
Epoch 16/50 [Train]:  28%|██▊       | 129/459 [00:06<00:15, 21.02it/s]
Epoch 16/50 [Train]:  29%|██▉       | 132/459 [00:06<00:15, 21.11it/s]
Epoch 16/50 [Train]:  29%|██▉       | 135/459 [00:06<00:15, 21.12it/s]
Epoch 16/50 [Train]:  30%|███       | 138/459 [00:06<00:15, 21.18it/s]
Epoch 16/50 [Train]:  31%|███       | 141/459 [00:06<00:15, 21.13it/s]
Epoch 16/50 [Train]:  31%|███▏      | 144/459 [00:06<00:15, 20.99it/s]
Epoch 16/50 [Train]:  32%|███▏      | 147/459 [00:07<00:14, 20.93it/s]
Epoch 16/50 [Train]:  33%|███▎      | 150/459 [00:07<00:14, 20.94it/s]
Epoch 16/50 [Train]:  33%|███▎      | 153/459 [00:07<00:14, 20.97it/s]
Epoch 16/50 [Train]:  34%|███▍      | 156/459 [00:07<00:14, 20.99it/s]
Epoch 16/50 [Train]:  35%|███▍      | 159/459 [00:07<00:14, 21.07it/s]
Epoch 16/50 [Train]:  35%|███▌      | 162/459 [00:07<00:14, 21.04it/s]
Epoch 16/50 [Train]:  36%|███▌      | 165/459 [00:07<00:14, 20.87it/s]
Epoch 16/50 [Train]:  37%|███▋      | 168/459 [00:08<00:13, 20.99it/s]
Epoch 16/50 [Train]:  37%|███▋      | 171/459 [00:08<00:13, 21.00it/s]
Epoch 16/50 [Train]:  38%|███▊      | 174/459 [00:08<00:13, 21.10it/s]
Epoch 16/50 [Train]:  39%|███▊      | 177/459 [00:08<00:13, 21.06it/s]
Epoch 16/50 [Train]:  39%|███▉      | 180/459 [00:08<00:13, 20.95it/s]
Epoch 16/50 [Train]:  40%|███▉      | 183/459 [00:08<00:13, 20.99it/s]
Epoch 16/50 [Train]:  41%|████      | 186/459 [00:08<00:13, 20.98it/s]
Epoch 16/50 [Train]:  41%|████      | 189/459 [00:09<00:12, 20.94it/s]
Epoch 16/50 [Train]:  42%|████▏     | 192/459 [00:09<00:12, 20.81it/s]
Epoch 16/50 [Train]:  42%|████▏     | 195/459 [00:09<00:12, 20.92it/s]
Epoch 16/50 [Train]:  43%|████▎     | 198/459 [00:09<00:12, 20.76it/s]
Epoch 16/50 [Train]:  44%|████▍     | 201/459 [00:09<00:12, 20.69it/s]
Epoch 16/50 [Train]:  44%|████▍     | 204/459 [00:09<00:12, 20.69it/s]
Epoch 16/50 [Train]:  45%|████▌     | 207/459 [00:09<00:12, 20.73it/s]
Epoch 16/50 [Train]:  46%|████▌     | 210/459 [00:10<00:12, 20.72it/s]
Epoch 16/50 [Train]:  46%|████▋     | 213/459 [00:10<00:11, 20.83it/s]
Epoch 16/50 [Train]:  47%|████▋     | 216/459 [00:10<00:11, 20.88it/s]
Epoch 16/50 [Train]:  48%|████▊     | 219/459 [00:10<00:11, 20.80it/s]
Epoch 16/50 [Train]:  48%|████▊     | 222/459 [00:10<00:11, 20.64it/s]
Epoch 16/50 [Train]:  49%|████▉     | 225/459 [00:10<00:11, 20.67it/s]
Epoch 16/50 [Train]:  50%|████▉     | 228/459 [00:10<00:11, 20.55it/s]
Epoch 16/50 [Train]:  50%|█████     | 231/459 [00:11<00:11, 20.49it/s]
Epoch 16/50 [Train]:  51%|█████     | 234/459 [00:11<00:10, 20.63it/s]
Epoch 16/50 [Train]:  52%|█████▏    | 237/459 [00:11<00:10, 20.67it/s]
Epoch 16/50 [Train]:  52%|█████▏    | 240/459 [00:11<00:10, 20.53it/s]
Epoch 16/50 [Train]:  53%|█████▎    | 243/459 [00:11<00:10, 20.51it/s]
Epoch 16/50 [Train]:  54%|█████▎    | 246/459 [00:11<00:10, 20.59it/s]
Epoch 16/50 [Train]:  54%|█████▍    | 249/459 [00:11<00:10, 20.51it/s]
Epoch 16/50 [Train]:  55%|█████▍    | 252/459 [00:12<00:10, 20.69it/s]
Epoch 16/50 [Train]:  56%|█████▌    | 255/459 [00:12<00:09, 20.81it/s]
Epoch 16/50 [Train]:  56%|█████▌    | 258/459 [00:12<00:09, 20.64it/s]
Epoch 16/50 [Train]:  57%|█████▋    | 261/459 [00:12<00:09, 20.45it/s]
Epoch 16/50 [Train]:  58%|█████▊    | 264/459 [00:12<00:09, 20.55it/s]
Epoch 16/50 [Train]:  58%|█████▊    | 267/459 [00:12<00:09, 20.65it/s]
Epoch 16/50 [Train]:  59%|█████▉    | 270/459 [00:12<00:09, 20.75it/s]
Epoch 16/50 [Train]:  59%|█████▉    | 273/459 [00:13<00:08, 20.86it/s]
Epoch 16/50 [Train]:  60%|██████    | 276/459 [00:13<00:08, 20.87it/s]
Epoch 16/50 [Train]:  61%|██████    | 279/459 [00:13<00:08, 20.79it/s]
Epoch 16/50 [Train]:  61%|██████▏   | 282/459 [00:13<00:08, 20.75it/s]
Epoch 16/50 [Train]:  62%|██████▏   | 285/459 [00:13<00:08, 20.56it/s]
Epoch 16/50 [Train]:  63%|██████▎   | 288/459 [00:13<00:08, 20.63it/s]
Epoch 16/50 [Train]:  63%|██████▎   | 291/459 [00:13<00:08, 20.73it/s]
Epoch 16/50 [Train]:  64%|██████▍   | 294/459 [00:14<00:07, 20.80it/s]
Epoch 16/50 [Train]:  65%|██████▍   | 297/459 [00:14<00:07, 20.97it/s]
Epoch 16/50 [Train]:  65%|██████▌   | 300/459 [00:14<00:07, 20.88it/s]
Epoch 16/50 [Train]:  66%|██████▌   | 303/459 [00:14<00:07, 20.86it/s]
Epoch 16/50 [Train]:  67%|██████▋   | 306/459 [00:14<00:07, 20.71it/s]
Epoch 16/50 [Train]:  67%|██████▋   | 309/459 [00:14<00:07, 20.83it/s]
Epoch 16/50 [Train]:  68%|██████▊   | 312/459 [00:14<00:07, 20.92it/s]
Epoch 16/50 [Train]:  69%|██████▊   | 315/459 [00:15<00:06, 20.89it/s]
Epoch 16/50 [Train]:  69%|██████▉   | 318/459 [00:15<00:06, 20.98it/s]
Epoch 16/50 [Train]:  70%|██████▉   | 321/459 [00:15<00:06, 21.02it/s]
Epoch 16/50 [Train]:  71%|███████   | 324/459 [00:15<00:06, 20.91it/s]
Epoch 16/50 [Train]:  71%|███████   | 327/459 [00:15<00:06, 20.91it/s]
Epoch 16/50 [Train]:  72%|███████▏  | 330/459 [00:15<00:06, 20.95it/s]
Epoch 16/50 [Train]:  73%|███████▎  | 333/459 [00:15<00:06, 20.96it/s]
Epoch 16/50 [Train]:  73%|███████▎  | 336/459 [00:16<00:05, 20.88it/s]
Epoch 16/50 [Train]:  74%|███████▍  | 339/459 [00:16<00:05, 20.84it/s]
Epoch 16/50 [Train]:  75%|███████▍  | 342/459 [00:16<00:05, 20.49it/s]
Epoch 16/50 [Train]:  75%|███████▌  | 345/459 [00:16<00:05, 20.38it/s]
Epoch 16/50 [Train]:  76%|███████▌  | 348/459 [00:16<00:05, 20.33it/s]
Epoch 16/50 [Train]:  76%|███████▋  | 351/459 [00:16<00:05, 20.36it/s]
Epoch 16/50 [Train]:  77%|███████▋  | 354/459 [00:16<00:05, 20.55it/s]
Epoch 16/50 [Train]:  78%|███████▊  | 357/459 [00:17<00:04, 20.64it/s]
Epoch 16/50 [Train]:  78%|███████▊  | 360/459 [00:17<00:04, 20.56it/s]
Epoch 16/50 [Train]:  79%|███████▉  | 363/459 [00:17<00:04, 20.63it/s]
Epoch 16/50 [Train]:  80%|███████▉  | 366/459 [00:17<00:04, 20.81it/s]
Epoch 16/50 [Train]:  80%|████████  | 369/459 [00:17<00:04, 20.75it/s]
Epoch 16/50 [Train]:  81%|████████  | 372/459 [00:17<00:04, 20.83it/s]
Epoch 16/50 [Train]:  82%|████████▏ | 375/459 [00:17<00:04, 20.68it/s]
Epoch 16/50 [Train]:  82%|████████▏ | 378/459 [00:18<00:03, 20.32it/s]
Epoch 16/50 [Train]:  83%|████████▎ | 381/459 [00:18<00:03, 20.11it/s]
Epoch 16/50 [Train]:  84%|████████▎ | 384/459 [00:18<00:03, 20.29it/s]
Epoch 16/50 [Train]:  84%|████████▍ | 387/459 [00:18<00:03, 20.55it/s]
Epoch 16/50 [Train]:  85%|████████▍ | 390/459 [00:18<00:03, 20.62it/s]
Epoch 16/50 [Train]:  86%|████████▌ | 393/459 [00:18<00:03, 20.51it/s]
Epoch 16/50 [Train]:  86%|████████▋ | 396/459 [00:19<00:03, 20.62it/s]
Epoch 16/50 [Train]:  87%|████████▋ | 399/459 [00:19<00:02, 20.66it/s]
Epoch 16/50 [Train]:  88%|████████▊ | 402/459 [00:19<00:02, 20.61it/s]
Epoch 16/50 [Train]:  88%|████████▊ | 405/459 [00:19<00:02, 20.79it/s]
Epoch 16/50 [Train]:  89%|████████▉ | 408/459 [00:19<00:02, 20.61it/s]
Epoch 16/50 [Train]:  90%|████████▉ | 411/459 [00:19<00:02, 20.37it/s]
Epoch 16/50 [Train]:  90%|█████████ | 414/459 [00:19<00:02, 20.20it/s]
Epoch 16/50 [Train]:  91%|█████████ | 417/459 [00:20<00:02, 20.13it/s]
Epoch 16/50 [Train]:  92%|█████████▏| 420/459 [00:20<00:01, 19.71it/s]
Epoch 16/50 [Train]:  92%|█████████▏| 422/459 [00:20<00:01, 19.45it/s]
Epoch 16/50 [Train]:  92%|█████████▏| 424/459 [00:20<00:01, 19.28it/s]
Epoch 16/50 [Train]:  93%|█████████▎| 427/459 [00:20<00:01, 19.57it/s]
Epoch 16/50 [Train]:  93%|█████████▎| 429/459 [00:20<00:01, 19.53it/s]
Epoch 16/50 [Train]:  94%|█████████▍| 431/459 [00:20<00:01, 19.47it/s]
Epoch 16/50 [Train]:  94%|█████████▍| 433/459 [00:20<00:01, 19.10it/s]
Epoch 16/50 [Train]:  95%|█████████▍| 435/459 [00:21<00:01, 18.85it/s]
Epoch 16/50 [Train]:  95%|█████████▌| 437/459 [00:21<00:01, 18.78it/s]
Epoch 16/50 [Train]:  96%|█████████▌| 439/459 [00:21<00:01, 18.93it/s]
Epoch 16/50 [Train]:  96%|█████████▌| 441/459 [00:21<00:00, 18.80it/s]
Epoch 16/50 [Train]:  97%|█████████▋| 443/459 [00:21<00:00, 18.85it/s]
Epoch 16/50 [Train]:  97%|█████████▋| 446/459 [00:21<00:00, 19.40it/s]
Epoch 16/50 [Train]:  98%|█████████▊| 449/459 [00:21<00:00, 19.93it/s]
Epoch 16/50 [Train]:  98%|█████████▊| 452/459 [00:21<00:00, 20.04it/s]
Epoch 16/50 [Train]:  99%|█████████▉| 455/459 [00:22<00:00, 20.10it/s]
Epoch 16/50 [Train]: 100%|█████████▉| 458/459 [00:22<00:00, 20.30it/s]
                                                                      

Epoch 16/50 [Val]:   0%|          | 0/113 [00:00<?, ?it/s]
Epoch 16/50 [Val]:   2%|▏         | 2/113 [00:00<00:06, 17.36it/s]
Epoch 16/50 [Val]:   4%|▎         | 4/113 [00:00<00:06, 17.37it/s]
Epoch 16/50 [Val]:   5%|▌         | 6/113 [00:00<00:06, 16.99it/s]
Epoch 16/50 [Val]:   7%|▋         | 8/113 [00:00<00:06, 17.26it/s]
Epoch 16/50 [Val]:   9%|▉         | 10/113 [00:00<00:05, 17.66it/s]
Epoch 16/50 [Val]:  11%|█         | 12/113 [00:00<00:05, 17.65it/s]
Epoch 16/50 [Val]:  12%|█▏        | 14/113 [00:00<00:05, 17.54it/s]
Epoch 16/50 [Val]:  14%|█▍        | 16/113 [00:00<00:05, 16.71it/s]
Epoch 16/50 [Val]:  16%|█▌        | 18/113 [00:01<00:05, 16.37it/s]
Epoch 16/50 [Val]:  18%|█▊        | 20/113 [00:01<00:05, 15.91it/s]
Epoch 16/50 [Val]:  19%|█▉        | 22/113 [00:01<00:05, 15.70it/s]
Epoch 16/50 [Val]:  21%|██        | 24/113 [00:01<00:05, 15.44it/s]
Epoch 16/50 [Val]:  23%|██▎       | 26/113 [00:01<00:05, 15.45it/s]
Epoch 16/50 [Val]:  25%|██▍       | 28/113 [00:01<00:05, 15.55it/s]
Epoch 16/50 [Val]:  27%|██▋       | 30/113 [00:01<00:05, 15.96it/s]
Epoch 16/50 [Val]:  28%|██▊       | 32/113 [00:01<00:04, 16.21it/s]
Epoch 16/50 [Val]:  30%|███       | 34/113 [00:02<00:04, 16.06it/s]
Epoch 16/50 [Val]:  32%|███▏      | 36/113 [00:02<00:04, 16.41it/s]
Epoch 16/50 [Val]:  34%|███▎      | 38/113 [00:02<00:04, 16.61it/s]
Epoch 16/50 [Val]:  35%|███▌      | 40/113 [00:02<00:04, 16.80it/s]
Epoch 16/50 [Val]:  37%|███▋      | 42/113 [00:02<00:04, 16.99it/s]
Epoch 16/50 [Val]:  39%|███▉      | 44/113 [00:02<00:04, 16.95it/s]
Epoch 16/50 [Val]:  41%|████      | 46/113 [00:02<00:04, 16.67it/s]
Epoch 16/50 [Val]:  42%|████▏     | 48/113 [00:02<00:03, 16.74it/s]
Epoch 16/50 [Val]:  44%|████▍     | 50/113 [00:03<00:03, 17.10it/s]
Epoch 16/50 [Val]:  46%|████▌     | 52/113 [00:03<00:03, 17.40it/s]
Epoch 16/50 [Val]:  48%|████▊     | 54/113 [00:03<00:03, 17.67it/s]
Epoch 16/50 [Val]:  50%|████▉     | 56/113 [00:03<00:03, 17.65it/s]
Epoch 16/50 [Val]:  51%|█████▏    | 58/113 [00:03<00:03, 17.03it/s]
Epoch 16/50 [Val]:  53%|█████▎    | 60/113 [00:03<00:03, 17.33it/s]
Epoch 16/50 [Val]:  55%|█████▍    | 62/113 [00:03<00:02, 17.28it/s]
Epoch 16/50 [Val]:  57%|█████▋    | 64/113 [00:03<00:02, 17.25it/s]
Epoch 16/50 [Val]:  58%|█████▊    | 66/113 [00:03<00:02, 16.91it/s]
Epoch 16/50 [Val]:  60%|██████    | 68/113 [00:04<00:02, 16.86it/s]
Epoch 16/50 [Val]:  62%|██████▏   | 70/113 [00:04<00:02, 17.08it/s]
Epoch 16/50 [Val]:  64%|██████▎   | 72/113 [00:04<00:02, 17.23it/s]
Epoch 16/50 [Val]:  65%|██████▌   | 74/113 [00:04<00:02, 17.11it/s]
Epoch 16/50 [Val]:  67%|██████▋   | 76/113 [00:04<00:02, 17.26it/s]
Epoch 16/50 [Val]:  69%|██████▉   | 78/113 [00:04<00:02, 17.25it/s]
Epoch 16/50 [Val]:  71%|███████   | 80/113 [00:04<00:01, 17.31it/s]
Epoch 16/50 [Val]:  73%|███████▎  | 82/113 [00:04<00:01, 17.09it/s]
Epoch 16/50 [Val]:  74%|███████▍  | 84/113 [00:04<00:01, 17.24it/s]
Epoch 16/50 [Val]:  76%|███████▌  | 86/113 [00:05<00:01, 17.18it/s]
Epoch 16/50 [Val]:  78%|███████▊  | 88/113 [00:05<00:01, 17.06it/s]
Epoch 16/50 [Val]:  80%|███████▉  | 90/113 [00:05<00:01, 17.28it/s]
Epoch 16/50 [Val]:  81%|████████▏ | 92/113 [00:05<00:01, 17.40it/s]
Epoch 16/50 [Val]:  83%|████████▎ | 94/113 [00:05<00:01, 17.55it/s]
Epoch 16/50 [Val]:  85%|████████▍ | 96/113 [00:05<00:00, 17.81it/s]
Epoch 16/50 [Val]:  87%|████████▋ | 98/113 [00:05<00:00, 17.94it/s]
Epoch 16/50 [Val]:  88%|████████▊ | 100/113 [00:05<00:00, 17.56it/s]
Epoch 16/50 [Val]:  90%|█████████ | 102/113 [00:06<00:00, 17.19it/s]
Epoch 16/50 [Val]:  92%|█████████▏| 104/113 [00:06<00:00, 17.54it/s]
Epoch 16/50 [Val]:  94%|█████████▍| 106/113 [00:06<00:00, 17.75it/s]
Epoch 16/50 [Val]:  96%|█████████▌| 108/113 [00:06<00:00, 18.00it/s]
Epoch 16/50 [Val]:  97%|█████████▋| 110/113 [00:06<00:00, 18.03it/s]
Epoch 16/50 [Val]:  99%|█████████▉| 112/113 [00:06<00:00, 17.86it/s]
                                                                    

Epoch 17/50 [Train]:   0%|          | 0/459 [00:00<?, ?it/s]
Epoch 17/50 [Train]:   0%|          | 2/459 [00:00<00:23, 19.14it/s]
Epoch 17/50 [Train]:   1%|          | 5/459 [00:00<00:22, 20.07it/s]
Epoch 17/50 [Train]:   2%|▏         | 8/459 [00:00<00:22, 20.43it/s]
Epoch 17/50 [Train]:   2%|▏         | 11/459 [00:00<00:21, 20.56it/s]
Epoch 17/50 [Train]:   3%|▎         | 14/459 [00:00<00:21, 20.78it/s]
Epoch 17/50 [Train]:   4%|▎         | 17/459 [00:00<00:21, 20.92it/s]
Epoch 17/50 [Train]:   4%|▍         | 20/459 [00:00<00:20, 20.91it/s]
Epoch 17/50 [Train]:   5%|▌         | 23/459 [00:01<00:20, 20.77it/s]
Epoch 17/50 [Train]:   6%|▌         | 26/459 [00:01<00:20, 20.72it/s]
Epoch 17/50 [Train]:   6%|▋         | 29/459 [00:01<00:20, 20.54it/s]
Epoch 17/50 [Train]:   7%|▋         | 32/459 [00:01<00:20, 20.55it/s]
Epoch 17/50 [Train]:   8%|▊         | 35/459 [00:01<00:20, 20.74it/s]
Epoch 17/50 [Train]:   8%|▊         | 38/459 [00:01<00:20, 20.72it/s]
Epoch 17/50 [Train]:   9%|▉         | 41/459 [00:01<00:20, 20.75it/s]
Epoch 17/50 [Train]:  10%|▉         | 44/459 [00:02<00:19, 20.86it/s]
Epoch 17/50 [Train]:  10%|█         | 47/459 [00:02<00:19, 20.85it/s]
Epoch 17/50 [Train]:  11%|█         | 50/459 [00:02<00:19, 20.78it/s]
Epoch 17/50 [Train]:  12%|█▏        | 53/459 [00:02<00:19, 20.68it/s]
Epoch 17/50 [Train]:  12%|█▏        | 56/459 [00:02<00:19, 20.64it/s]
Epoch 17/50 [Train]:  13%|█▎        | 59/459 [00:02<00:19, 20.68it/s]
Epoch 17/50 [Train]:  14%|█▎        | 62/459 [00:02<00:19, 20.72it/s]
Epoch 17/50 [Train]:  14%|█▍        | 65/459 [00:03<00:19, 20.71it/s]
Epoch 17/50 [Train]:  15%|█▍        | 68/459 [00:03<00:18, 20.86it/s]
Epoch 17/50 [Train]:  15%|█▌        | 71/459 [00:03<00:18, 20.79it/s]
Epoch 17/50 [Train]:  16%|█▌        | 74/459 [00:03<00:18, 20.76it/s]
Epoch 17/50 [Train]:  17%|█▋        | 77/459 [00:03<00:18, 20.85it/s]
Epoch 17/50 [Train]:  17%|█▋        | 80/459 [00:03<00:18, 20.62it/s]
Epoch 17/50 [Train]:  18%|█▊        | 83/459 [00:04<00:18, 20.70it/s]
Epoch 17/50 [Train]:  19%|█▊        | 86/459 [00:04<00:17, 20.74it/s]
Epoch 17/50 [Train]:  19%|█▉        | 89/459 [00:04<00:17, 20.72it/s]
Epoch 17/50 [Train]:  20%|██        | 92/459 [00:04<00:17, 20.81it/s]
Epoch 17/50 [Train]:  21%|██        | 95/459 [00:04<00:17, 20.92it/s]
Epoch 17/50 [Train]:  21%|██▏       | 98/459 [00:04<00:17, 20.96it/s]
Epoch 17/50 [Train]:  22%|██▏       | 101/459 [00:04<00:17, 20.79it/s]
Epoch 17/50 [Train]:  23%|██▎       | 104/459 [00:05<00:17, 20.84it/s]
Epoch 17/50 [Train]:  23%|██▎       | 107/459 [00:05<00:16, 20.84it/s]
Epoch 17/50 [Train]:  24%|██▍       | 110/459 [00:05<00:16, 20.88it/s]
Epoch 17/50 [Train]:  25%|██▍       | 113/459 [00:05<00:16, 20.82it/s]
Epoch 17/50 [Train]:  25%|██▌       | 116/459 [00:05<00:16, 20.78it/s]
Epoch 17/50 [Train]:  26%|██▌       | 119/459 [00:05<00:16, 20.51it/s]
Epoch 17/50 [Train]:  27%|██▋       | 122/459 [00:05<00:16, 20.66it/s]
Epoch 17/50 [Train]:  27%|██▋       | 125/459 [00:06<00:16, 20.66it/s]
Epoch 17/50 [Train]:  28%|██▊       | 128/459 [00:06<00:15, 20.74it/s]
Epoch 17/50 [Train]:  29%|██▊       | 131/459 [00:06<00:15, 20.70it/s]
Epoch 17/50 [Train]:  29%|██▉       | 134/459 [00:06<00:15, 20.73it/s]
Epoch 17/50 [Train]:  30%|██▉       | 137/459 [00:06<00:15, 20.72it/s]
Epoch 17/50 [Train]:  31%|███       | 140/459 [00:06<00:15, 20.74it/s]
Epoch 17/50 [Train]:  31%|███       | 143/459 [00:06<00:15, 20.75it/s]
Epoch 17/50 [Train]:  32%|███▏      | 146/459 [00:07<00:15, 20.73it/s]
Epoch 17/50 [Train]:  32%|███▏      | 149/459 [00:07<00:14, 20.79it/s]
Epoch 17/50 [Train]:  33%|███▎      | 152/459 [00:07<00:14, 20.76it/s]
Epoch 17/50 [Train]:  34%|███▍      | 155/459 [00:07<00:14, 20.82it/s]
Epoch 17/50 [Train]:  34%|███▍      | 158/459 [00:07<00:14, 21.00it/s]
Epoch 17/50 [Train]:  35%|███▌      | 161/459 [00:07<00:14, 20.98it/s]
Epoch 17/50 [Train]:  36%|███▌      | 164/459 [00:07<00:14, 20.98it/s]
Epoch 17/50 [Train]:  36%|███▋      | 167/459 [00:08<00:13, 21.06it/s]
Epoch 17/50 [Train]:  37%|███▋      | 170/459 [00:08<00:13, 20.99it/s]
Epoch 17/50 [Train]:  38%|███▊      | 173/459 [00:08<00:13, 21.06it/s]
Epoch 17/50 [Train]:  38%|███▊      | 176/459 [00:08<00:13, 21.03it/s]
Epoch 17/50 [Train]:  39%|███▉      | 179/459 [00:08<00:13, 21.06it/s]
Epoch 17/50 [Train]:  40%|███▉      | 182/459 [00:08<00:13, 19.87it/s]
Epoch 17/50 [Train]:  40%|████      | 185/459 [00:08<00:13, 20.03it/s]
Epoch 17/50 [Train]:  41%|████      | 188/459 [00:09<00:13, 20.03it/s]
Epoch 17/50 [Train]:  42%|████▏     | 191/459 [00:09<00:13, 20.05it/s]
Epoch 17/50 [Train]:  42%|████▏     | 194/459 [00:09<00:13, 20.07it/s]
Epoch 17/50 [Train]:  43%|████▎     | 197/459 [00:09<00:13, 19.97it/s]
Epoch 17/50 [Train]:  43%|████▎     | 199/459 [00:09<00:13, 19.78it/s]
Epoch 17/50 [Train]:  44%|████▍     | 202/459 [00:09<00:12, 20.13it/s]
Epoch 17/50 [Train]:  45%|████▍     | 205/459 [00:09<00:12, 20.30it/s]
Epoch 17/50 [Train]:  45%|████▌     | 208/459 [00:10<00:12, 20.44it/s]
Epoch 17/50 [Train]:  46%|████▌     | 211/459 [00:10<00:12, 20.51it/s]
Epoch 17/50 [Train]:  47%|████▋     | 214/459 [00:10<00:11, 20.59it/s]
Epoch 17/50 [Train]:  47%|████▋     | 217/459 [00:10<00:11, 20.65it/s]
Epoch 17/50 [Train]:  48%|████▊     | 220/459 [00:10<00:11, 20.81it/s]
Epoch 17/50 [Train]:  49%|████▊     | 223/459 [00:10<00:11, 20.86it/s]
Epoch 17/50 [Train]:  49%|████▉     | 226/459 [00:10<00:11, 20.91it/s]
Epoch 17/50 [Train]:  50%|████▉     | 229/459 [00:11<00:11, 20.81it/s]
Epoch 17/50 [Train]:  51%|█████     | 232/459 [00:11<00:10, 20.86it/s]
Epoch 17/50 [Train]:  51%|█████     | 235/459 [00:11<00:10, 20.98it/s]
Epoch 17/50 [Train]:  52%|█████▏    | 238/459 [00:11<00:10, 20.99it/s]
Epoch 17/50 [Train]:  53%|█████▎    | 241/459 [00:11<00:10, 20.91it/s]
Epoch 17/50 [Train]:  53%|█████▎    | 244/459 [00:11<00:10, 20.98it/s]
Epoch 17/50 [Train]:  54%|█████▍    | 247/459 [00:11<00:10, 20.90it/s]
Epoch 17/50 [Train]:  54%|█████▍    | 250/459 [00:12<00:09, 20.92it/s]
Epoch 17/50 [Train]:  55%|█████▌    | 253/459 [00:12<00:09, 20.90it/s]
Epoch 17/50 [Train]:  56%|█████▌    | 256/459 [00:12<00:09, 20.83it/s]
Epoch 17/50 [Train]:  56%|█████▋    | 259/459 [00:12<00:09, 20.94it/s]
Epoch 17/50 [Train]:  57%|█████▋    | 262/459 [00:12<00:09, 20.85it/s]
Epoch 17/50 [Train]:  58%|█████▊    | 265/459 [00:12<00:09, 20.75it/s]
Epoch 17/50 [Train]:  58%|█████▊    | 268/459 [00:12<00:09, 20.72it/s]
Epoch 17/50 [Train]:  59%|█████▉    | 271/459 [00:13<00:09, 20.74it/s]
Epoch 17/50 [Train]:  60%|█████▉    | 274/459 [00:13<00:08, 20.66it/s]
Epoch 17/50 [Train]:  60%|██████    | 277/459 [00:13<00:08, 20.73it/s]
Epoch 17/50 [Train]:  61%|██████    | 280/459 [00:13<00:08, 20.53it/s]
Epoch 17/50 [Train]:  62%|██████▏   | 283/459 [00:13<00:08, 20.54it/s]
Epoch 17/50 [Train]:  62%|██████▏   | 286/459 [00:13<00:08, 20.58it/s]
Epoch 17/50 [Train]:  63%|██████▎   | 289/459 [00:13<00:08, 20.55it/s]
Epoch 17/50 [Train]:  64%|██████▎   | 292/459 [00:14<00:08, 20.71it/s]
Epoch 17/50 [Train]:  64%|██████▍   | 295/459 [00:14<00:07, 20.69it/s]
Epoch 17/50 [Train]:  65%|██████▍   | 298/459 [00:14<00:07, 20.67it/s]
Epoch 17/50 [Train]:  66%|██████▌   | 301/459 [00:14<00:07, 20.71it/s]
Epoch 17/50 [Train]:  66%|██████▌   | 304/459 [00:14<00:07, 20.52it/s]
Epoch 17/50 [Train]:  67%|██████▋   | 307/459 [00:14<00:07, 20.62it/s]
Epoch 17/50 [Train]:  68%|██████▊   | 310/459 [00:14<00:07, 20.43it/s]
Epoch 17/50 [Train]:  68%|██████▊   | 313/459 [00:15<00:07, 20.32it/s]
Epoch 17/50 [Train]:  69%|██████▉   | 316/459 [00:15<00:07, 20.39it/s]
Epoch 17/50 [Train]:  69%|██████▉   | 319/459 [00:15<00:06, 20.51it/s]
Epoch 17/50 [Train]:  70%|███████   | 322/459 [00:15<00:06, 20.62it/s]
Epoch 17/50 [Train]:  71%|███████   | 325/459 [00:15<00:06, 20.60it/s]
Epoch 17/50 [Train]:  71%|███████▏  | 328/459 [00:15<00:06, 20.71it/s]
Epoch 17/50 [Train]:  72%|███████▏  | 331/459 [00:16<00:06, 20.79it/s]
Epoch 17/50 [Train]:  73%|███████▎  | 334/459 [00:16<00:06, 20.80it/s]
Epoch 17/50 [Train]:  73%|███████▎  | 337/459 [00:16<00:05, 20.76it/s]
Epoch 17/50 [Train]:  74%|███████▍  | 340/459 [00:16<00:05, 20.56it/s]
Epoch 17/50 [Train]:  75%|███████▍  | 343/459 [00:16<00:05, 20.49it/s]
Epoch 17/50 [Train]:  75%|███████▌  | 346/459 [00:16<00:05, 20.59it/s]
Epoch 17/50 [Train]:  76%|███████▌  | 349/459 [00:16<00:05, 20.59it/s]
Epoch 17/50 [Train]:  77%|███████▋  | 352/459 [00:17<00:05, 20.61it/s]
Epoch 17/50 [Train]:  77%|███████▋  | 355/459 [00:17<00:05, 20.66it/s]
Epoch 17/50 [Train]:  78%|███████▊  | 358/459 [00:17<00:04, 20.67it/s]
Epoch 17/50 [Train]:  79%|███████▊  | 361/459 [00:17<00:04, 20.72it/s]
Epoch 17/50 [Train]:  79%|███████▉  | 364/459 [00:17<00:04, 20.79it/s]
Epoch 17/50 [Train]:  80%|███████▉  | 367/459 [00:17<00:04, 20.82it/s]
Epoch 17/50 [Train]:  81%|████████  | 370/459 [00:17<00:04, 20.88it/s]
Epoch 17/50 [Train]:  81%|████████▏ | 373/459 [00:18<00:04, 20.85it/s]
Epoch 17/50 [Train]:  82%|████████▏ | 376/459 [00:18<00:03, 20.80it/s]
Epoch 17/50 [Train]:  83%|████████▎ | 379/459 [00:18<00:03, 20.74it/s]
Epoch 17/50 [Train]:  83%|████████▎ | 382/459 [00:18<00:03, 20.72it/s]
Epoch 17/50 [Train]:  84%|████████▍ | 385/459 [00:18<00:03, 20.66it/s]
Epoch 17/50 [Train]:  85%|████████▍ | 388/459 [00:18<00:03, 20.75it/s]
Epoch 17/50 [Train]:  85%|████████▌ | 391/459 [00:18<00:03, 20.83it/s]
Epoch 17/50 [Train]:  86%|████████▌ | 394/459 [00:19<00:03, 20.90it/s]
Epoch 17/50 [Train]:  86%|████████▋ | 397/459 [00:19<00:02, 20.88it/s]
Epoch 17/50 [Train]:  87%|████████▋ | 400/459 [00:19<00:02, 20.89it/s]
Epoch 17/50 [Train]:  88%|████████▊ | 403/459 [00:19<00:02, 20.95it/s]
Epoch 17/50 [Train]:  88%|████████▊ | 406/459 [00:19<00:02, 20.96it/s]
Epoch 17/50 [Train]:  89%|████████▉ | 409/459 [00:19<00:02, 20.90it/s]
Epoch 17/50 [Train]:  90%|████████▉ | 412/459 [00:19<00:02, 20.86it/s]
Epoch 17/50 [Train]:  90%|█████████ | 415/459 [00:20<00:02, 20.92it/s]
Epoch 17/50 [Train]:  91%|█████████ | 418/459 [00:20<00:01, 21.03it/s]
Epoch 17/50 [Train]:  92%|█████████▏| 421/459 [00:20<00:01, 20.90it/s]
Epoch 17/50 [Train]:  92%|█████████▏| 424/459 [00:20<00:01, 20.97it/s]
Epoch 17/50 [Train]:  93%|█████████▎| 427/459 [00:20<00:01, 21.06it/s]
Epoch 17/50 [Train]:  94%|█████████▎| 430/459 [00:20<00:01, 20.89it/s]
Epoch 17/50 [Train]:  94%|█████████▍| 433/459 [00:20<00:01, 20.85it/s]
Epoch 17/50 [Train]:  95%|█████████▍| 436/459 [00:21<00:01, 20.88it/s]
Epoch 17/50 [Train]:  96%|█████████▌| 439/459 [00:21<00:00, 20.82it/s]
Epoch 17/50 [Train]:  96%|█████████▋| 442/459 [00:21<00:00, 20.82it/s]
Epoch 17/50 [Train]:  97%|█████████▋| 445/459 [00:21<00:00, 20.78it/s]
Epoch 17/50 [Train]:  98%|█████████▊| 448/459 [00:21<00:00, 20.88it/s]
Epoch 17/50 [Train]:  98%|█████████▊| 451/459 [00:21<00:00, 21.01it/s]
Epoch 17/50 [Train]:  99%|█████████▉| 454/459 [00:21<00:00, 20.98it/s]
Epoch 17/50 [Train]: 100%|█████████▉| 457/459 [00:22<00:00, 21.02it/s]
                                                                      

Epoch 17/50 [Val]:   0%|          | 0/113 [00:00<?, ?it/s]
Epoch 17/50 [Val]:   2%|▏         | 2/113 [00:00<00:06, 17.25it/s]
Epoch 17/50 [Val]:   4%|▎         | 4/113 [00:00<00:06, 17.20it/s]
Epoch 17/50 [Val]:   5%|▌         | 6/113 [00:00<00:06, 17.15it/s]
Epoch 17/50 [Val]:   7%|▋         | 8/113 [00:00<00:06, 17.42it/s]
Epoch 17/50 [Val]:   9%|▉         | 10/113 [00:00<00:05, 17.58it/s]
Epoch 17/50 [Val]:  11%|█         | 12/113 [00:00<00:05, 17.71it/s]
Epoch 17/50 [Val]:  12%|█▏        | 14/113 [00:00<00:05, 17.65it/s]
Epoch 17/50 [Val]:  14%|█▍        | 16/113 [00:00<00:05, 16.65it/s]
Epoch 17/50 [Val]:  16%|█▌        | 18/113 [00:01<00:05, 16.19it/s]
Epoch 17/50 [Val]:  18%|█▊        | 20/113 [00:01<00:05, 15.93it/s]
Epoch 17/50 [Val]:  19%|█▉        | 22/113 [00:01<00:05, 15.69it/s]
Epoch 17/50 [Val]:  21%|██        | 24/113 [00:01<00:05, 15.50it/s]
Epoch 17/50 [Val]:  23%|██▎       | 26/113 [00:01<00:05, 15.51it/s]
Epoch 17/50 [Val]:  25%|██▍       | 28/113 [00:01<00:05, 15.80it/s]
Epoch 17/50 [Val]:  27%|██▋       | 30/113 [00:01<00:05, 16.14it/s]
Epoch 17/50 [Val]:  28%|██▊       | 32/113 [00:01<00:04, 16.38it/s]
Epoch 17/50 [Val]:  30%|███       | 34/113 [00:02<00:04, 16.59it/s]
Epoch 17/50 [Val]:  32%|███▏      | 36/113 [00:02<00:04, 16.95it/s]
Epoch 17/50 [Val]:  34%|███▎      | 38/113 [00:02<00:04, 17.06it/s]
Epoch 17/50 [Val]:  35%|███▌      | 40/113 [00:02<00:04, 17.22it/s]
Epoch 17/50 [Val]:  37%|███▋      | 42/113 [00:02<00:04, 17.34it/s]
Epoch 17/50 [Val]:  39%|███▉      | 44/113 [00:02<00:04, 17.13it/s]
Epoch 17/50 [Val]:  41%|████      | 46/113 [00:02<00:03, 16.80it/s]
Epoch 17/50 [Val]:  42%|████▏     | 48/113 [00:02<00:03, 16.62it/s]
Epoch 17/50 [Val]:  44%|████▍     | 50/113 [00:02<00:03, 16.93it/s]
Epoch 17/50 [Val]:  46%|████▌     | 52/113 [00:03<00:03, 17.17it/s]
Epoch 17/50 [Val]:  48%|████▊     | 54/113 [00:03<00:03, 17.31it/s]
Epoch 17/50 [Val]:  50%|████▉     | 56/113 [00:03<00:03, 17.17it/s]
Epoch 17/50 [Val]:  51%|█████▏    | 58/113 [00:03<00:03, 16.55it/s]
Epoch 17/50 [Val]:  53%|█████▎    | 60/113 [00:03<00:03, 16.99it/s]
Epoch 17/50 [Val]:  55%|█████▍    | 62/113 [00:03<00:02, 17.13it/s]
Epoch 17/50 [Val]:  57%|█████▋    | 64/113 [00:03<00:02, 17.18it/s]
Epoch 17/50 [Val]:  58%|█████▊    | 66/113 [00:03<00:02, 16.92it/s]
Epoch 17/50 [Val]:  60%|██████    | 68/113 [00:04<00:02, 16.91it/s]
Epoch 17/50 [Val]:  62%|██████▏   | 70/113 [00:04<00:02, 17.14it/s]
Epoch 17/50 [Val]:  64%|██████▎   | 72/113 [00:04<00:02, 17.39it/s]
Epoch 17/50 [Val]:  65%|██████▌   | 74/113 [00:04<00:02, 17.61it/s]
Epoch 17/50 [Val]:  67%|██████▋   | 76/113 [00:04<00:02, 17.74it/s]
Epoch 17/50 [Val]:  69%|██████▉   | 78/113 [00:04<00:01, 17.63it/s]
Epoch 17/50 [Val]:  71%|███████   | 80/113 [00:04<00:01, 17.49it/s]
Epoch 17/50 [Val]:  73%|███████▎  | 82/113 [00:04<00:01, 17.41it/s]
Epoch 17/50 [Val]:  74%|███████▍  | 84/113 [00:04<00:01, 17.49it/s]
Epoch 17/50 [Val]:  76%|███████▌  | 86/113 [00:05<00:01, 17.58it/s]
Epoch 17/50 [Val]:  78%|███████▊  | 88/113 [00:05<00:01, 17.32it/s]
Epoch 17/50 [Val]:  80%|███████▉  | 90/113 [00:05<00:01, 17.64it/s]
Epoch 17/50 [Val]:  81%|████████▏ | 92/113 [00:05<00:01, 17.80it/s]
Epoch 17/50 [Val]:  83%|████████▎ | 94/113 [00:05<00:01, 18.01it/s]
Epoch 17/50 [Val]:  85%|████████▍ | 96/113 [00:05<00:00, 18.36it/s]
Epoch 17/50 [Val]:  87%|████████▋ | 98/113 [00:05<00:00, 18.13it/s]
Epoch 17/50 [Val]:  88%|████████▊ | 100/113 [00:05<00:00, 17.89it/s]
Epoch 17/50 [Val]:  90%|█████████ | 102/113 [00:05<00:00, 17.60it/s]
Epoch 17/50 [Val]:  92%|█████████▏| 104/113 [00:06<00:00, 17.82it/s]
Epoch 17/50 [Val]:  94%|█████████▍| 106/113 [00:06<00:00, 17.95it/s]
Epoch 17/50 [Val]:  96%|█████████▌| 108/113 [00:06<00:00, 18.19it/s]
Epoch 17/50 [Val]:  97%|█████████▋| 110/113 [00:06<00:00, 18.36it/s]
Epoch 17/50 [Val]:  99%|█████████▉| 112/113 [00:06<00:00, 18.41it/s]
                                                                    

Epoch 18/50 [Train]:   0%|          | 0/459 [00:00<?, ?it/s]
Epoch 18/50 [Train]:   1%|          | 3/459 [00:00<00:22, 20.45it/s]
Epoch 18/50 [Train]:   1%|▏         | 6/459 [00:00<00:21, 20.70it/s]
Epoch 18/50 [Train]:   2%|▏         | 9/459 [00:00<00:21, 20.76it/s]
Epoch 18/50 [Train]:   3%|▎         | 12/459 [00:00<00:21, 21.02it/s]
Epoch 18/50 [Train]:   3%|▎         | 15/459 [00:00<00:21, 21.08it/s]
Epoch 18/50 [Train]:   4%|▍         | 18/459 [00:00<00:21, 21.00it/s]
Epoch 18/50 [Train]:   5%|▍         | 21/459 [00:01<00:20, 21.08it/s]
Epoch 18/50 [Train]:   5%|▌         | 24/459 [00:01<00:20, 21.16it/s]
Epoch 18/50 [Train]:   6%|▌         | 27/459 [00:01<00:20, 21.11it/s]
Epoch 18/50 [Train]:   7%|▋         | 30/459 [00:01<00:20, 21.03it/s]
Epoch 18/50 [Train]:   7%|▋         | 33/459 [00:01<00:20, 21.01it/s]
Epoch 18/50 [Train]:   8%|▊         | 36/459 [00:01<00:20, 20.99it/s]
Epoch 18/50 [Train]:   8%|▊         | 39/459 [00:01<00:19, 21.01it/s]
Epoch 18/50 [Train]:   9%|▉         | 42/459 [00:02<00:19, 21.00it/s]
Epoch 18/50 [Train]:  10%|▉         | 45/459 [00:02<00:19, 21.05it/s]
Epoch 18/50 [Train]:  10%|█         | 48/459 [00:02<00:19, 21.13it/s]
Epoch 18/50 [Train]:  11%|█         | 51/459 [00:02<00:19, 21.19it/s]
Epoch 18/50 [Train]:  12%|█▏        | 54/459 [00:02<00:19, 21.08it/s]
Epoch 18/50 [Train]:  12%|█▏        | 57/459 [00:02<00:19, 20.99it/s]
Epoch 18/50 [Train]:  13%|█▎        | 60/459 [00:02<00:18, 21.09it/s]
Epoch 18/50 [Train]:  14%|█▎        | 63/459 [00:02<00:18, 20.94it/s]
Epoch 18/50 [Train]:  14%|█▍        | 66/459 [00:03<00:18, 21.08it/s]
Epoch 18/50 [Train]:  15%|█▌        | 69/459 [00:03<00:18, 20.87it/s]
Epoch 18/50 [Train]:  16%|█▌        | 72/459 [00:03<00:18, 21.03it/s]
Epoch 18/50 [Train]:  16%|█▋        | 75/459 [00:03<00:18, 20.93it/s]
Epoch 18/50 [Train]:  17%|█▋        | 78/459 [00:03<00:18, 20.97it/s]
Epoch 18/50 [Train]:  18%|█▊        | 81/459 [00:03<00:18, 20.79it/s]
Epoch 18/50 [Train]:  18%|█▊        | 84/459 [00:04<00:17, 20.89it/s]
Epoch 18/50 [Train]:  19%|█▉        | 87/459 [00:04<00:17, 20.82it/s]
Epoch 18/50 [Train]:  20%|█▉        | 90/459 [00:04<00:17, 20.91it/s]
Epoch 18/50 [Train]:  20%|██        | 93/459 [00:04<00:17, 20.93it/s]
Epoch 18/50 [Train]:  21%|██        | 96/459 [00:04<00:17, 21.05it/s]
Epoch 18/50 [Train]:  22%|██▏       | 99/459 [00:04<00:17, 21.02it/s]
Epoch 18/50 [Train]:  22%|██▏       | 102/459 [00:04<00:16, 21.08it/s]
Epoch 18/50 [Train]:  23%|██▎       | 105/459 [00:04<00:16, 21.13it/s]
Epoch 18/50 [Train]:  24%|██▎       | 108/459 [00:05<00:16, 21.11it/s]
Epoch 18/50 [Train]:  24%|██▍       | 111/459 [00:05<00:16, 21.03it/s]
Epoch 18/50 [Train]:  25%|██▍       | 114/459 [00:05<00:16, 20.84it/s]
Epoch 18/50 [Train]:  25%|██▌       | 117/459 [00:05<00:16, 20.88it/s]
Epoch 18/50 [Train]:  26%|██▌       | 120/459 [00:05<00:16, 20.95it/s]
Epoch 18/50 [Train]:  27%|██▋       | 123/459 [00:05<00:15, 21.00it/s]
Epoch 18/50 [Train]:  27%|██▋       | 126/459 [00:06<00:15, 20.99it/s]
Epoch 18/50 [Train]:  28%|██▊       | 129/459 [00:06<00:15, 21.03it/s]
Epoch 18/50 [Train]:  29%|██▉       | 132/459 [00:06<00:15, 21.04it/s]
Epoch 18/50 [Train]:  29%|██▉       | 135/459 [00:06<00:15, 20.96it/s]
Epoch 18/50 [Train]:  30%|███       | 138/459 [00:06<00:15, 20.91it/s]
Epoch 18/50 [Train]:  31%|███       | 141/459 [00:06<00:15, 20.99it/s]
Epoch 18/50 [Train]:  31%|███▏      | 144/459 [00:06<00:14, 21.02it/s]
Epoch 18/50 [Train]:  32%|███▏      | 147/459 [00:07<00:14, 20.96it/s]
Epoch 18/50 [Train]:  33%|███▎      | 150/459 [00:07<00:14, 20.96it/s]
Epoch 18/50 [Train]:  33%|███▎      | 153/459 [00:07<00:14, 21.14it/s]
Epoch 18/50 [Train]:  34%|███▍      | 156/459 [00:07<00:14, 21.09it/s]
Epoch 18/50 [Train]:  35%|███▍      | 159/459 [00:07<00:14, 21.14it/s]
Epoch 18/50 [Train]:  35%|███▌      | 162/459 [00:07<00:14, 21.05it/s]
Epoch 18/50 [Train]:  36%|███▌      | 165/459 [00:07<00:13, 21.12it/s]
Epoch 18/50 [Train]:  37%|███▋      | 168/459 [00:07<00:13, 21.18it/s]
Epoch 18/50 [Train]:  37%|███▋      | 171/459 [00:08<00:13, 21.08it/s]
Epoch 18/50 [Train]:  38%|███▊      | 174/459 [00:08<00:13, 21.16it/s]
Epoch 18/50 [Train]:  39%|███▊      | 177/459 [00:08<00:13, 21.01it/s]
Epoch 18/50 [Train]:  39%|███▉      | 180/459 [00:08<00:13, 21.00it/s]
Epoch 18/50 [Train]:  40%|███▉      | 183/459 [00:08<00:13, 21.08it/s]
Epoch 18/50 [Train]:  41%|████      | 186/459 [00:08<00:12, 21.11it/s]
Epoch 18/50 [Train]:  41%|████      | 189/459 [00:08<00:12, 20.78it/s]
Epoch 18/50 [Train]:  42%|████▏     | 192/459 [00:09<00:12, 20.79it/s]
Epoch 18/50 [Train]:  42%|████▏     | 195/459 [00:09<00:12, 21.00it/s]
Epoch 18/50 [Train]:  43%|████▎     | 198/459 [00:09<00:12, 20.95it/s]
Epoch 18/50 [Train]:  44%|████▍     | 201/459 [00:09<00:12, 20.89it/s]
Epoch 18/50 [Train]:  44%|████▍     | 204/459 [00:09<00:12, 20.96it/s]
Epoch 18/50 [Train]:  45%|████▌     | 207/459 [00:09<00:11, 21.02it/s]
Epoch 18/50 [Train]:  46%|████▌     | 210/459 [00:09<00:11, 21.12it/s]
Epoch 18/50 [Train]:  46%|████▋     | 213/459 [00:10<00:11, 21.05it/s]
Epoch 18/50 [Train]:  47%|████▋     | 216/459 [00:10<00:11, 21.20it/s]
Epoch 18/50 [Train]:  48%|████▊     | 219/459 [00:10<00:11, 21.00it/s]
Epoch 18/50 [Train]:  48%|████▊     | 222/459 [00:10<00:11, 21.04it/s]
Epoch 18/50 [Train]:  49%|████▉     | 225/459 [00:10<00:11, 20.99it/s]
Epoch 18/50 [Train]:  50%|████▉     | 228/459 [00:10<00:10, 21.02it/s]
Epoch 18/50 [Train]:  50%|█████     | 231/459 [00:10<00:10, 21.02it/s]
Epoch 18/50 [Train]:  51%|█████     | 234/459 [00:11<00:10, 21.04it/s]
Epoch 18/50 [Train]:  52%|█████▏    | 237/459 [00:11<00:10, 20.96it/s]
Epoch 18/50 [Train]:  52%|█████▏    | 240/459 [00:11<00:10, 20.87it/s]
Epoch 18/50 [Train]:  53%|█████▎    | 243/459 [00:11<00:10, 20.99it/s]
Epoch 18/50 [Train]:  54%|█████▎    | 246/459 [00:11<00:10, 21.05it/s]
Epoch 18/50 [Train]:  54%|█████▍    | 249/459 [00:11<00:09, 21.02it/s]
Epoch 18/50 [Train]:  55%|█████▍    | 252/459 [00:11<00:09, 21.09it/s]
Epoch 18/50 [Train]:  56%|█████▌    | 255/459 [00:12<00:09, 21.12it/s]
Epoch 18/50 [Train]:  56%|█████▌    | 258/459 [00:12<00:09, 21.06it/s]
Epoch 18/50 [Train]:  57%|█████▋    | 261/459 [00:12<00:09, 20.97it/s]
Epoch 18/50 [Train]:  58%|█████▊    | 264/459 [00:12<00:09, 21.02it/s]
Epoch 18/50 [Train]:  58%|█████▊    | 267/459 [00:12<00:09, 21.00it/s]
Epoch 18/50 [Train]:  59%|█████▉    | 270/459 [00:12<00:09, 20.99it/s]
Epoch 18/50 [Train]:  59%|█████▉    | 273/459 [00:12<00:08, 21.06it/s]
Epoch 18/50 [Train]:  60%|██████    | 276/459 [00:13<00:08, 21.17it/s]
Epoch 18/50 [Train]:  61%|██████    | 279/459 [00:13<00:08, 21.11it/s]
Epoch 18/50 [Train]:  61%|██████▏   | 282/459 [00:13<00:08, 21.07it/s]
Epoch 18/50 [Train]:  62%|██████▏   | 285/459 [00:13<00:08, 21.00it/s]
Epoch 18/50 [Train]:  63%|██████▎   | 288/459 [00:13<00:08, 20.77it/s]
Epoch 18/50 [Train]:  63%|██████▎   | 291/459 [00:13<00:08, 20.78it/s]
Epoch 18/50 [Train]:  64%|██████▍   | 294/459 [00:14<00:08, 20.58it/s]
Epoch 18/50 [Train]:  65%|██████▍   | 297/459 [00:14<00:07, 20.69it/s]
Epoch 18/50 [Train]:  65%|██████▌   | 300/459 [00:14<00:07, 20.60it/s]
Epoch 18/50 [Train]:  66%|██████▌   | 303/459 [00:14<00:07, 20.67it/s]
Epoch 18/50 [Train]:  67%|██████▋   | 306/459 [00:14<00:07, 20.63it/s]
Epoch 18/50 [Train]:  67%|██████▋   | 309/459 [00:14<00:07, 20.71it/s]
Epoch 18/50 [Train]:  68%|██████▊   | 312/459 [00:14<00:07, 20.66it/s]
Epoch 18/50 [Train]:  69%|██████▊   | 315/459 [00:15<00:06, 20.68it/s]
Epoch 18/50 [Train]:  69%|██████▉   | 318/459 [00:15<00:06, 20.90it/s]
Epoch 18/50 [Train]:  70%|██████▉   | 321/459 [00:15<00:06, 20.98it/s]
Epoch 18/50 [Train]:  71%|███████   | 324/459 [00:15<00:06, 20.85it/s]
Epoch 18/50 [Train]:  71%|███████   | 327/459 [00:15<00:06, 20.89it/s]
Epoch 18/50 [Train]:  72%|███████▏  | 330/459 [00:15<00:06, 20.89it/s]
Epoch 18/50 [Train]:  73%|███████▎  | 333/459 [00:15<00:06, 20.94it/s]
Epoch 18/50 [Train]:  73%|███████▎  | 336/459 [00:16<00:05, 20.91it/s]
Epoch 18/50 [Train]:  74%|███████▍  | 339/459 [00:16<00:05, 20.86it/s]
Epoch 18/50 [Train]:  75%|███████▍  | 342/459 [00:16<00:05, 20.94it/s]
Epoch 18/50 [Train]:  75%|███████▌  | 345/459 [00:16<00:05, 20.78it/s]
Epoch 18/50 [Train]:  76%|███████▌  | 348/459 [00:16<00:05, 20.92it/s]
Epoch 18/50 [Train]:  76%|███████▋  | 351/459 [00:16<00:05, 20.96it/s]
Epoch 18/50 [Train]:  77%|███████▋  | 354/459 [00:16<00:04, 21.07it/s]
Epoch 18/50 [Train]:  78%|███████▊  | 357/459 [00:17<00:04, 20.99it/s]
Epoch 18/50 [Train]:  78%|███████▊  | 360/459 [00:17<00:04, 20.96it/s]
Epoch 18/50 [Train]:  79%|███████▉  | 363/459 [00:17<00:04, 20.62it/s]
Epoch 18/50 [Train]:  80%|███████▉  | 366/459 [00:17<00:04, 20.76it/s]
Epoch 18/50 [Train]:  80%|████████  | 369/459 [00:17<00:04, 20.65it/s]
Epoch 18/50 [Train]:  81%|████████  | 372/459 [00:17<00:04, 20.68it/s]
Epoch 18/50 [Train]:  82%|████████▏ | 375/459 [00:17<00:04, 20.49it/s]
Epoch 18/50 [Train]:  82%|████████▏ | 378/459 [00:18<00:03, 20.49it/s]
Epoch 18/50 [Train]:  83%|████████▎ | 381/459 [00:18<00:03, 20.25it/s]
Epoch 18/50 [Train]:  84%|████████▎ | 384/459 [00:18<00:03, 20.37it/s]
Epoch 18/50 [Train]:  84%|████████▍ | 387/459 [00:18<00:03, 20.57it/s]
Epoch 18/50 [Train]:  85%|████████▍ | 390/459 [00:18<00:03, 20.69it/s]
Epoch 18/50 [Train]:  86%|████████▌ | 393/459 [00:18<00:03, 20.82it/s]
Epoch 18/50 [Train]:  86%|████████▋ | 396/459 [00:18<00:03, 20.75it/s]
Epoch 18/50 [Train]:  87%|████████▋ | 399/459 [00:19<00:02, 20.65it/s]
Epoch 18/50 [Train]:  88%|████████▊ | 402/459 [00:19<00:02, 20.43it/s]
Epoch 18/50 [Train]:  88%|████████▊ | 405/459 [00:19<00:02, 20.64it/s]
Epoch 18/50 [Train]:  89%|████████▉ | 408/459 [00:19<00:02, 20.70it/s]
Epoch 18/50 [Train]:  90%|████████▉ | 411/459 [00:19<00:02, 20.55it/s]
Epoch 18/50 [Train]:  90%|█████████ | 414/459 [00:19<00:02, 20.39it/s]
Epoch 18/50 [Train]:  91%|█████████ | 417/459 [00:19<00:02, 20.50it/s]
Epoch 18/50 [Train]:  92%|█████████▏| 420/459 [00:20<00:01, 20.46it/s]
Epoch 18/50 [Train]:  92%|█████████▏| 423/459 [00:20<00:01, 20.64it/s]
Epoch 18/50 [Train]:  93%|█████████▎| 426/459 [00:20<00:01, 20.67it/s]
Epoch 18/50 [Train]:  93%|█████████▎| 429/459 [00:20<00:01, 20.76it/s]
Epoch 18/50 [Train]:  94%|█████████▍| 432/459 [00:20<00:01, 20.85it/s]
Epoch 18/50 [Train]:  95%|█████████▍| 435/459 [00:20<00:01, 20.75it/s]
Epoch 18/50 [Train]:  95%|█████████▌| 438/459 [00:20<00:01, 20.86it/s]
Epoch 18/50 [Train]:  96%|█████████▌| 441/459 [00:21<00:00, 20.64it/s]
Epoch 18/50 [Train]:  97%|█████████▋| 444/459 [00:21<00:00, 20.56it/s]
Epoch 18/50 [Train]:  97%|█████████▋| 447/459 [00:21<00:00, 20.56it/s]
Epoch 18/50 [Train]:  98%|█████████▊| 450/459 [00:21<00:00, 20.43it/s]
Epoch 18/50 [Train]:  99%|█████████▊| 453/459 [00:21<00:00, 20.61it/s]
Epoch 18/50 [Train]:  99%|█████████▉| 456/459 [00:21<00:00, 20.57it/s]
Epoch 18/50 [Train]: 100%|██████████| 459/459 [00:21<00:00, 20.78it/s]
                                                                      

Epoch 18/50 [Val]:   0%|          | 0/113 [00:00<?, ?it/s]
Epoch 18/50 [Val]:   2%|▏         | 2/113 [00:00<00:06, 17.09it/s]
Epoch 18/50 [Val]:   4%|▎         | 4/113 [00:00<00:06, 17.48it/s]
Epoch 18/50 [Val]:   5%|▌         | 6/113 [00:00<00:06, 17.42it/s]
Epoch 18/50 [Val]:   7%|▋         | 8/113 [00:00<00:05, 17.65it/s]
Epoch 18/50 [Val]:   9%|▉         | 10/113 [00:00<00:05, 18.01it/s]
Epoch 18/50 [Val]:  11%|█         | 12/113 [00:00<00:05, 18.04it/s]
Epoch 18/50 [Val]:  12%|█▏        | 14/113 [00:00<00:05, 17.95it/s]
Epoch 18/50 [Val]:  14%|█▍        | 16/113 [00:00<00:05, 17.16it/s]
Epoch 18/50 [Val]:  16%|█▌        | 18/113 [00:01<00:05, 16.62it/s]
Epoch 18/50 [Val]:  18%|█▊        | 20/113 [00:01<00:05, 16.44it/s]
Epoch 18/50 [Val]:  19%|█▉        | 22/113 [00:01<00:05, 16.23it/s]
Epoch 18/50 [Val]:  21%|██        | 24/113 [00:01<00:05, 15.78it/s]
Epoch 18/50 [Val]:  23%|██▎       | 26/113 [00:01<00:05, 16.03it/s]
Epoch 18/50 [Val]:  25%|██▍       | 28/113 [00:01<00:05, 16.30it/s]
Epoch 18/50 [Val]:  27%|██▋       | 30/113 [00:01<00:05, 16.55it/s]
Epoch 18/50 [Val]:  28%|██▊       | 32/113 [00:01<00:04, 16.77it/s]
Epoch 18/50 [Val]:  30%|███       | 34/113 [00:02<00:04, 16.82it/s]
Epoch 18/50 [Val]:  32%|███▏      | 36/113 [00:02<00:04, 17.25it/s]
Epoch 18/50 [Val]:  34%|███▎      | 38/113 [00:02<00:04, 17.54it/s]
Epoch 18/50 [Val]:  35%|███▌      | 40/113 [00:02<00:04, 17.74it/s]
Epoch 18/50 [Val]:  37%|███▋      | 42/113 [00:02<00:03, 17.82it/s]
Epoch 18/50 [Val]:  39%|███▉      | 44/113 [00:02<00:03, 17.74it/s]
Epoch 18/50 [Val]:  41%|████      | 46/113 [00:02<00:03, 17.24it/s]
Epoch 18/50 [Val]:  42%|████▏     | 48/113 [00:02<00:03, 17.22it/s]
Epoch 18/50 [Val]:  44%|████▍     | 50/113 [00:02<00:03, 17.53it/s]
Epoch 18/50 [Val]:  46%|████▌     | 52/113 [00:03<00:03, 17.83it/s]
Epoch 18/50 [Val]:  48%|████▊     | 54/113 [00:03<00:03, 17.95it/s]
Epoch 18/50 [Val]:  50%|████▉     | 56/113 [00:03<00:03, 17.93it/s]
Epoch 18/50 [Val]:  51%|█████▏    | 58/113 [00:03<00:03, 17.28it/s]
Epoch 18/50 [Val]:  53%|█████▎    | 60/113 [00:03<00:02, 17.68it/s]
Epoch 18/50 [Val]:  55%|█████▍    | 62/113 [00:03<00:02, 17.69it/s]
Epoch 18/50 [Val]:  57%|█████▋    | 64/113 [00:03<00:02, 17.54it/s]
Epoch 18/50 [Val]:  58%|█████▊    | 66/113 [00:03<00:02, 17.11it/s]
Epoch 18/50 [Val]:  60%|██████    | 68/113 [00:03<00:02, 17.02it/s]
Epoch 18/50 [Val]:  62%|██████▏   | 70/113 [00:04<00:02, 17.16it/s]
Epoch 18/50 [Val]:  64%|██████▎   | 72/113 [00:04<00:02, 17.29it/s]
Epoch 18/50 [Val]:  65%|██████▌   | 74/113 [00:04<00:02, 17.30it/s]
Epoch 18/50 [Val]:  67%|██████▋   | 76/113 [00:04<00:02, 17.12it/s]
Epoch 18/50 [Val]:  69%|██████▉   | 78/113 [00:04<00:02, 17.07it/s]
Epoch 18/50 [Val]:  71%|███████   | 80/113 [00:04<00:01, 17.03it/s]
Epoch 18/50 [Val]:  73%|███████▎  | 82/113 [00:04<00:01, 16.96it/s]
Epoch 18/50 [Val]:  74%|███████▍  | 84/113 [00:04<00:01, 16.93it/s]
Epoch 18/50 [Val]:  76%|███████▌  | 86/113 [00:05<00:01, 16.87it/s]
Epoch 18/50 [Val]:  78%|███████▊  | 88/113 [00:05<00:01, 17.02it/s]
Epoch 18/50 [Val]:  80%|███████▉  | 90/113 [00:05<00:01, 17.54it/s]
Epoch 18/50 [Val]:  81%|████████▏ | 92/113 [00:05<00:01, 17.79it/s]
Epoch 18/50 [Val]:  83%|████████▎ | 94/113 [00:05<00:01, 17.97it/s]
Epoch 18/50 [Val]:  85%|████████▍ | 96/113 [00:05<00:00, 18.33it/s]
Epoch 18/50 [Val]:  87%|████████▋ | 98/113 [00:05<00:00, 18.28it/s]
Epoch 18/50 [Val]:  88%|████████▊ | 100/113 [00:05<00:00, 17.93it/s]
Epoch 18/50 [Val]:  90%|█████████ | 102/113 [00:05<00:00, 17.46it/s]
Epoch 18/50 [Val]:  92%|█████████▏| 104/113 [00:06<00:00, 17.82it/s]
Epoch 18/50 [Val]:  94%|█████████▍| 106/113 [00:06<00:00, 17.88it/s]
Epoch 18/50 [Val]:  96%|█████████▌| 108/113 [00:06<00:00, 18.11it/s]
Epoch 18/50 [Val]:  97%|█████████▋| 110/113 [00:06<00:00, 18.40it/s]
Epoch 18/50 [Val]:  99%|█████████▉| 112/113 [00:06<00:00, 18.30it/s]
                                                                    

Epoch 19/50 [Train]:   0%|          | 0/459 [00:00<?, ?it/s]
Epoch 19/50 [Train]:   1%|          | 3/459 [00:00<00:22, 20.30it/s]
Epoch 19/50 [Train]:   1%|▏         | 6/459 [00:00<00:22, 20.47it/s]
Epoch 19/50 [Train]:   2%|▏         | 9/459 [00:00<00:21, 20.79it/s]
Epoch 19/50 [Train]:   3%|▎         | 12/459 [00:00<00:21, 20.75it/s]
Epoch 19/50 [Train]:   3%|▎         | 15/459 [00:00<00:21, 20.88it/s]
Epoch 19/50 [Train]:   4%|▍         | 18/459 [00:00<00:21, 20.89it/s]
Epoch 19/50 [Train]:   5%|▍         | 21/459 [00:01<00:21, 20.85it/s]
Epoch 19/50 [Train]:   5%|▌         | 24/459 [00:01<00:20, 20.89it/s]
Epoch 19/50 [Train]:   6%|▌         | 27/459 [00:01<00:20, 20.83it/s]
Epoch 19/50 [Train]:   7%|▋         | 30/459 [00:01<00:20, 20.91it/s]
Epoch 19/50 [Train]:   7%|▋         | 33/459 [00:01<00:20, 20.98it/s]
Epoch 19/50 [Train]:   8%|▊         | 36/459 [00:01<00:20, 20.97it/s]
Epoch 19/50 [Train]:   8%|▊         | 39/459 [00:01<00:20, 20.95it/s]
Epoch 19/50 [Train]:   9%|▉         | 42/459 [00:02<00:19, 20.92it/s]
Epoch 19/50 [Train]:  10%|▉         | 45/459 [00:02<00:19, 20.98it/s]
Epoch 19/50 [Train]:  10%|█         | 48/459 [00:02<00:19, 20.89it/s]
Epoch 19/50 [Train]:  11%|█         | 51/459 [00:02<00:19, 20.93it/s]
Epoch 19/50 [Train]:  12%|█▏        | 54/459 [00:02<00:19, 20.86it/s]
Epoch 19/50 [Train]:  12%|█▏        | 57/459 [00:02<00:19, 20.87it/s]
Epoch 19/50 [Train]:  13%|█▎        | 60/459 [00:02<00:19, 20.77it/s]
Epoch 19/50 [Train]:  14%|█▎        | 63/459 [00:03<00:19, 20.69it/s]
Epoch 19/50 [Train]:  14%|█▍        | 66/459 [00:03<00:18, 20.82it/s]
Epoch 19/50 [Train]:  15%|█▌        | 69/459 [00:03<00:18, 20.75it/s]
Epoch 19/50 [Train]:  16%|█▌        | 72/459 [00:03<00:18, 20.84it/s]
Epoch 19/50 [Train]:  16%|█▋        | 75/459 [00:03<00:18, 20.81it/s]
Epoch 19/50 [Train]:  17%|█▋        | 78/459 [00:03<00:18, 20.92it/s]
Epoch 19/50 [Train]:  18%|█▊        | 81/459 [00:03<00:18, 20.78it/s]
Epoch 19/50 [Train]:  18%|█▊        | 84/459 [00:04<00:18, 20.80it/s]
Epoch 19/50 [Train]:  19%|█▉        | 87/459 [00:04<00:17, 20.81it/s]
Epoch 19/50 [Train]:  20%|█▉        | 90/459 [00:04<00:17, 20.83it/s]
Epoch 19/50 [Train]:  20%|██        | 93/459 [00:04<00:17, 20.89it/s]
Epoch 19/50 [Train]:  21%|██        | 96/459 [00:04<00:17, 20.86it/s]
Epoch 19/50 [Train]:  22%|██▏       | 99/459 [00:04<00:17, 20.94it/s]
Epoch 19/50 [Train]:  22%|██▏       | 102/459 [00:04<00:17, 20.88it/s]
Epoch 19/50 [Train]:  23%|██▎       | 105/459 [00:05<00:16, 20.97it/s]
Epoch 19/50 [Train]:  24%|██▎       | 108/459 [00:05<00:16, 21.09it/s]
Epoch 19/50 [Train]:  24%|██▍       | 111/459 [00:05<00:16, 20.99it/s]
Epoch 19/50 [Train]:  25%|██▍       | 114/459 [00:05<00:16, 20.96it/s]
Epoch 19/50 [Train]:  25%|██▌       | 117/459 [00:05<00:16, 20.92it/s]
Epoch 19/50 [Train]:  26%|██▌       | 120/459 [00:05<00:16, 20.77it/s]
Epoch 19/50 [Train]:  27%|██▋       | 123/459 [00:05<00:16, 20.84it/s]
Epoch 19/50 [Train]:  27%|██▋       | 126/459 [00:06<00:15, 20.84it/s]
Epoch 19/50 [Train]:  28%|██▊       | 129/459 [00:06<00:15, 20.84it/s]
Epoch 19/50 [Train]:  29%|██▉       | 132/459 [00:06<00:15, 20.84it/s]
Epoch 19/50 [Train]:  29%|██▉       | 135/459 [00:06<00:15, 20.83it/s]
Epoch 19/50 [Train]:  30%|███       | 138/459 [00:06<00:15, 20.84it/s]
Epoch 19/50 [Train]:  31%|███       | 141/459 [00:06<00:15, 20.88it/s]
Epoch 19/50 [Train]:  31%|███▏      | 144/459 [00:06<00:15, 20.76it/s]
Epoch 19/50 [Train]:  32%|███▏      | 147/459 [00:07<00:14, 20.87it/s]
Epoch 19/50 [Train]:  33%|███▎      | 150/459 [00:07<00:14, 20.86it/s]
Epoch 19/50 [Train]:  33%|███▎      | 153/459 [00:07<00:14, 20.77it/s]
Epoch 19/50 [Train]:  34%|███▍      | 156/459 [00:07<00:14, 20.59it/s]
Epoch 19/50 [Train]:  35%|███▍      | 159/459 [00:07<00:14, 20.59it/s]
Epoch 19/50 [Train]:  35%|███▌      | 162/459 [00:07<00:14, 20.60it/s]
Epoch 19/50 [Train]:  36%|███▌      | 165/459 [00:07<00:14, 20.64it/s]
Epoch 19/50 [Train]:  37%|███▋      | 168/459 [00:08<00:14, 20.74it/s]
Epoch 19/50 [Train]:  37%|███▋      | 171/459 [00:08<00:13, 20.85it/s]
Epoch 19/50 [Train]:  38%|███▊      | 174/459 [00:08<00:13, 20.76it/s]
Epoch 19/50 [Train]:  39%|███▊      | 177/459 [00:08<00:13, 20.85it/s]
Epoch 19/50 [Train]:  39%|███▉      | 180/459 [00:08<00:13, 20.76it/s]
Epoch 19/50 [Train]:  40%|███▉      | 183/459 [00:08<00:13, 20.69it/s]
Epoch 19/50 [Train]:  41%|████      | 186/459 [00:08<00:13, 20.73it/s]
Epoch 19/50 [Train]:  41%|████      | 189/459 [00:09<00:12, 20.85it/s]
Epoch 19/50 [Train]:  42%|████▏     | 192/459 [00:09<00:12, 20.82it/s]
Epoch 19/50 [Train]:  42%|████▏     | 195/459 [00:09<00:12, 20.80it/s]
Epoch 19/50 [Train]:  43%|████▎     | 198/459 [00:09<00:12, 20.70it/s]
Epoch 19/50 [Train]:  44%|████▍     | 201/459 [00:09<00:12, 20.77it/s]
Epoch 19/50 [Train]:  44%|████▍     | 204/459 [00:09<00:12, 20.72it/s]
Epoch 19/50 [Train]:  45%|████▌     | 207/459 [00:09<00:12, 20.81it/s]
Epoch 19/50 [Train]:  46%|████▌     | 210/459 [00:10<00:11, 20.90it/s]
Epoch 19/50 [Train]:  46%|████▋     | 213/459 [00:10<00:11, 20.90it/s]
Epoch 19/50 [Train]:  47%|████▋     | 216/459 [00:10<00:11, 20.86it/s]
Epoch 19/50 [Train]:  48%|████▊     | 219/459 [00:10<00:11, 20.92it/s]
Epoch 19/50 [Train]:  48%|████▊     | 222/459 [00:10<00:11, 20.84it/s]
Epoch 19/50 [Train]:  49%|████▉     | 225/459 [00:10<00:11, 20.83it/s]
Epoch 19/50 [Train]:  50%|████▉     | 228/459 [00:10<00:11, 20.87it/s]
Epoch 19/50 [Train]:  50%|█████     | 231/459 [00:11<00:10, 20.82it/s]
Epoch 19/50 [Train]:  51%|█████     | 234/459 [00:11<00:10, 20.76it/s]
Epoch 19/50 [Train]:  52%|█████▏    | 237/459 [00:11<00:10, 20.73it/s]
Epoch 19/50 [Train]:  52%|█████▏    | 240/459 [00:11<00:10, 20.85it/s]
Epoch 19/50 [Train]:  53%|█████▎    | 243/459 [00:11<00:10, 20.78it/s]
Epoch 19/50 [Train]:  54%|█████▎    | 246/459 [00:11<00:10, 20.86it/s]
Epoch 19/50 [Train]:  54%|█████▍    | 249/459 [00:11<00:10, 20.93it/s]
Epoch 19/50 [Train]:  55%|█████▍    | 252/459 [00:12<00:09, 20.95it/s]
Epoch 19/50 [Train]:  56%|█████▌    | 255/459 [00:12<00:09, 20.98it/s]
Epoch 19/50 [Train]:  56%|█████▌    | 258/459 [00:12<00:09, 20.96it/s]
Epoch 19/50 [Train]:  57%|█████▋    | 261/459 [00:12<00:09, 20.93it/s]
Epoch 19/50 [Train]:  58%|█████▊    | 264/459 [00:12<00:09, 20.84it/s]
Epoch 19/50 [Train]:  58%|█████▊    | 267/459 [00:12<00:09, 20.78it/s]
Epoch 19/50 [Train]:  59%|█████▉    | 270/459 [00:12<00:09, 20.82it/s]
Epoch 19/50 [Train]:  59%|█████▉    | 273/459 [00:13<00:08, 20.95it/s]
Epoch 19/50 [Train]:  60%|██████    | 276/459 [00:13<00:08, 20.98it/s]
Epoch 19/50 [Train]:  61%|██████    | 279/459 [00:13<00:08, 20.97it/s]
Epoch 19/50 [Train]:  61%|██████▏   | 282/459 [00:13<00:08, 20.90it/s]
Epoch 19/50 [Train]:  62%|██████▏   | 285/459 [00:13<00:08, 20.81it/s]
Epoch 19/50 [Train]:  63%|██████▎   | 288/459 [00:13<00:08, 20.95it/s]
Epoch 19/50 [Train]:  63%|██████▎   | 291/459 [00:13<00:08, 20.84it/s]
Epoch 19/50 [Train]:  64%|██████▍   | 294/459 [00:14<00:07, 20.79it/s]
Epoch 19/50 [Train]:  65%|██████▍   | 297/459 [00:14<00:07, 20.93it/s]
Epoch 19/50 [Train]:  65%|██████▌   | 300/459 [00:14<00:07, 20.99it/s]
Epoch 19/50 [Train]:  66%|██████▌   | 303/459 [00:14<00:07, 20.75it/s]
Epoch 19/50 [Train]:  67%|██████▋   | 306/459 [00:14<00:07, 20.69it/s]
Epoch 19/50 [Train]:  67%|██████▋   | 309/459 [00:14<00:07, 20.68it/s]
Epoch 19/50 [Train]:  68%|██████▊   | 312/459 [00:14<00:07, 20.83it/s]
Epoch 19/50 [Train]:  69%|██████▊   | 315/459 [00:15<00:06, 20.83it/s]
Epoch 19/50 [Train]:  69%|██████▉   | 318/459 [00:15<00:06, 20.82it/s]
Epoch 19/50 [Train]:  70%|██████▉   | 321/459 [00:15<00:06, 20.72it/s]
Epoch 19/50 [Train]:  71%|███████   | 324/459 [00:15<00:06, 20.80it/s]
Epoch 19/50 [Train]:  71%|███████   | 327/459 [00:15<00:06, 20.81it/s]
Epoch 19/50 [Train]:  72%|███████▏  | 330/459 [00:15<00:06, 20.78it/s]
Epoch 19/50 [Train]:  73%|███████▎  | 333/459 [00:15<00:06, 20.76it/s]
Epoch 19/50 [Train]:  73%|███████▎  | 336/459 [00:16<00:05, 20.91it/s]
Epoch 19/50 [Train]:  74%|███████▍  | 339/459 [00:16<00:05, 20.90it/s]
Epoch 19/50 [Train]:  75%|███████▍  | 342/459 [00:16<00:05, 21.00it/s]
Epoch 19/50 [Train]:  75%|███████▌  | 345/459 [00:16<00:05, 20.90it/s]
Epoch 19/50 [Train]:  76%|███████▌  | 348/459 [00:16<00:05, 20.93it/s]
Epoch 19/50 [Train]:  76%|███████▋  | 351/459 [00:16<00:05, 20.76it/s]
Epoch 19/50 [Train]:  77%|███████▋  | 354/459 [00:16<00:05, 20.46it/s]
Epoch 19/50 [Train]:  78%|███████▊  | 357/459 [00:17<00:04, 20.53it/s]
Epoch 19/50 [Train]:  78%|███████▊  | 360/459 [00:17<00:04, 20.66it/s]
Epoch 19/50 [Train]:  79%|███████▉  | 363/459 [00:17<00:04, 20.69it/s]
Epoch 19/50 [Train]:  80%|███████▉  | 366/459 [00:17<00:04, 20.54it/s]
Epoch 19/50 [Train]:  80%|████████  | 369/459 [00:17<00:04, 20.56it/s]
Epoch 19/50 [Train]:  81%|████████  | 372/459 [00:17<00:04, 20.72it/s]
Epoch 19/50 [Train]:  82%|████████▏ | 375/459 [00:18<00:04, 20.65it/s]
Epoch 19/50 [Train]:  82%|████████▏ | 378/459 [00:18<00:03, 20.66it/s]
Epoch 19/50 [Train]:  83%|████████▎ | 381/459 [00:18<00:03, 20.68it/s]
Epoch 19/50 [Train]:  84%|████████▎ | 384/459 [00:18<00:03, 20.54it/s]
Epoch 19/50 [Train]:  84%|████████▍ | 387/459 [00:18<00:03, 20.45it/s]
Epoch 19/50 [Train]:  85%|████████▍ | 390/459 [00:18<00:03, 20.60it/s]
Epoch 19/50 [Train]:  86%|████████▌ | 393/459 [00:18<00:03, 20.78it/s]
Epoch 19/50 [Train]:  86%|████████▋ | 396/459 [00:19<00:03, 20.88it/s]
Epoch 19/50 [Train]:  87%|████████▋ | 399/459 [00:19<00:02, 21.06it/s]
Epoch 19/50 [Train]:  88%|████████▊ | 402/459 [00:19<00:02, 20.97it/s]
Epoch 19/50 [Train]:  88%|████████▊ | 405/459 [00:19<00:02, 20.99it/s]
Epoch 19/50 [Train]:  89%|████████▉ | 408/459 [00:19<00:02, 20.97it/s]
Epoch 19/50 [Train]:  90%|████████▉ | 411/459 [00:19<00:02, 20.95it/s]
Epoch 19/50 [Train]:  90%|█████████ | 414/459 [00:19<00:02, 20.96it/s]
Epoch 19/50 [Train]:  91%|█████████ | 417/459 [00:20<00:01, 21.00it/s]
Epoch 19/50 [Train]:  92%|█████████▏| 420/459 [00:20<00:01, 21.13it/s]
Epoch 19/50 [Train]:  92%|█████████▏| 423/459 [00:20<00:01, 21.05it/s]
Epoch 19/50 [Train]:  93%|█████████▎| 426/459 [00:20<00:01, 21.13it/s]
Epoch 19/50 [Train]:  93%|█████████▎| 429/459 [00:20<00:01, 21.16it/s]
Epoch 19/50 [Train]:  94%|█████████▍| 432/459 [00:20<00:01, 21.12it/s]
Epoch 19/50 [Train]:  95%|█████████▍| 435/459 [00:20<00:01, 21.18it/s]
Epoch 19/50 [Train]:  95%|█████████▌| 438/459 [00:21<00:00, 21.04it/s]
Epoch 19/50 [Train]:  96%|█████████▌| 441/459 [00:21<00:00, 21.09it/s]
Epoch 19/50 [Train]:  97%|█████████▋| 444/459 [00:21<00:00, 21.00it/s]
Epoch 19/50 [Train]:  97%|█████████▋| 447/459 [00:21<00:00, 21.04it/s]
Epoch 19/50 [Train]:  98%|█████████▊| 450/459 [00:21<00:00, 20.96it/s]
Epoch 19/50 [Train]:  99%|█████████▊| 453/459 [00:21<00:00, 21.07it/s]
Epoch 19/50 [Train]:  99%|█████████▉| 456/459 [00:21<00:00, 21.05it/s]
Epoch 19/50 [Train]: 100%|██████████| 459/459 [00:22<00:00, 21.03it/s]
                                                                      

Epoch 19/50 [Val]:   0%|          | 0/113 [00:00<?, ?it/s]
Epoch 19/50 [Val]:   2%|▏         | 2/113 [00:00<00:06, 17.39it/s]
Epoch 19/50 [Val]:   4%|▎         | 4/113 [00:00<00:06, 16.87it/s]
Epoch 19/50 [Val]:   5%|▌         | 6/113 [00:00<00:06, 16.97it/s]
Epoch 19/50 [Val]:   7%|▋         | 8/113 [00:00<00:06, 17.28it/s]
Epoch 19/50 [Val]:   9%|▉         | 10/113 [00:00<00:05, 17.61it/s]
Epoch 19/50 [Val]:  11%|█         | 12/113 [00:00<00:05, 17.58it/s]
Epoch 19/50 [Val]:  12%|█▏        | 14/113 [00:00<00:05, 17.52it/s]
Epoch 19/50 [Val]:  14%|█▍        | 16/113 [00:00<00:05, 16.84it/s]
Epoch 19/50 [Val]:  16%|█▌        | 18/113 [00:01<00:05, 16.44it/s]
Epoch 19/50 [Val]:  18%|█▊        | 20/113 [00:01<00:05, 16.22it/s]
Epoch 19/50 [Val]:  19%|█▉        | 22/113 [00:01<00:05, 16.03it/s]
Epoch 19/50 [Val]:  21%|██        | 24/113 [00:01<00:05, 15.92it/s]
Epoch 19/50 [Val]:  23%|██▎       | 26/113 [00:01<00:05, 16.19it/s]
Epoch 19/50 [Val]:  25%|██▍       | 28/113 [00:01<00:05, 16.37it/s]
Epoch 19/50 [Val]:  27%|██▋       | 30/113 [00:01<00:04, 16.62it/s]
Epoch 19/50 [Val]:  28%|██▊       | 32/113 [00:01<00:04, 16.87it/s]
Epoch 19/50 [Val]:  30%|███       | 34/113 [00:02<00:04, 17.07it/s]
Epoch 19/50 [Val]:  32%|███▏      | 36/113 [00:02<00:04, 17.48it/s]
Epoch 19/50 [Val]:  34%|███▎      | 38/113 [00:02<00:04, 17.65it/s]
Epoch 19/50 [Val]:  35%|███▌      | 40/113 [00:02<00:04, 17.69it/s]
Epoch 19/50 [Val]:  37%|███▋      | 42/113 [00:02<00:03, 17.80it/s]
Epoch 19/50 [Val]:  39%|███▉      | 44/113 [00:02<00:03, 17.47it/s]
Epoch 19/50 [Val]:  41%|████      | 46/113 [00:02<00:03, 17.19it/s]
Epoch 19/50 [Val]:  42%|████▏     | 48/113 [00:02<00:03, 17.32it/s]
Epoch 19/50 [Val]:  44%|████▍     | 50/113 [00:02<00:03, 17.45it/s]
Epoch 19/50 [Val]:  46%|████▌     | 52/113 [00:03<00:03, 17.81it/s]
Epoch 19/50 [Val]:  48%|████▊     | 54/113 [00:03<00:03, 18.01it/s]
Epoch 19/50 [Val]:  50%|████▉     | 56/113 [00:03<00:03, 18.04it/s]
Epoch 19/50 [Val]:  51%|█████▏    | 58/113 [00:03<00:03, 17.31it/s]
Epoch 19/50 [Val]:  53%|█████▎    | 60/113 [00:03<00:03, 17.66it/s]
Epoch 19/50 [Val]:  55%|█████▍    | 62/113 [00:03<00:02, 17.52it/s]
Epoch 19/50 [Val]:  57%|█████▋    | 64/113 [00:03<00:02, 17.57it/s]
Epoch 19/50 [Val]:  58%|█████▊    | 66/113 [00:03<00:02, 17.27it/s]
Epoch 19/50 [Val]:  60%|██████    | 68/113 [00:03<00:02, 17.15it/s]
Epoch 19/50 [Val]:  62%|██████▏   | 70/113 [00:04<00:02, 17.36it/s]
Epoch 19/50 [Val]:  64%|██████▎   | 72/113 [00:04<00:02, 17.60it/s]
Epoch 19/50 [Val]:  65%|██████▌   | 74/113 [00:04<00:02, 17.77it/s]
Epoch 19/50 [Val]:  67%|██████▋   | 76/113 [00:04<00:02, 17.93it/s]
Epoch 19/50 [Val]:  69%|██████▉   | 78/113 [00:04<00:01, 17.78it/s]
Epoch 19/50 [Val]:  71%|███████   | 80/113 [00:04<00:01, 17.68it/s]
Epoch 19/50 [Val]:  73%|███████▎  | 82/113 [00:04<00:01, 17.52it/s]
Epoch 19/50 [Val]:  74%|███████▍  | 84/113 [00:04<00:01, 17.66it/s]
Epoch 19/50 [Val]:  76%|███████▌  | 86/113 [00:04<00:01, 17.63it/s]
Epoch 19/50 [Val]:  78%|███████▊  | 88/113 [00:05<00:01, 17.36it/s]
Epoch 19/50 [Val]:  80%|███████▉  | 90/113 [00:05<00:01, 17.69it/s]
Epoch 19/50 [Val]:  81%|████████▏ | 92/113 [00:05<00:01, 17.80it/s]
Epoch 19/50 [Val]:  83%|████████▎ | 94/113 [00:05<00:01, 17.96it/s]
Epoch 19/50 [Val]:  85%|████████▍ | 96/113 [00:05<00:00, 18.19it/s]
Epoch 19/50 [Val]:  87%|████████▋ | 98/113 [00:05<00:00, 18.24it/s]
Epoch 19/50 [Val]:  88%|████████▊ | 100/113 [00:05<00:00, 17.64it/s]
Epoch 19/50 [Val]:  90%|█████████ | 102/113 [00:05<00:00, 17.04it/s]
Epoch 19/50 [Val]:  92%|█████████▏| 104/113 [00:05<00:00, 17.27it/s]
Epoch 19/50 [Val]:  94%|█████████▍| 106/113 [00:06<00:00, 17.31it/s]
Epoch 19/50 [Val]:  96%|█████████▌| 108/113 [00:06<00:00, 17.49it/s]
Epoch 19/50 [Val]:  97%|█████████▋| 110/113 [00:06<00:00, 17.35it/s]
Epoch 19/50 [Val]:  99%|█████████▉| 112/113 [00:06<00:00, 17.38it/s]
                                                                    

Epoch 20/50 [Train]:   0%|          | 0/459 [00:00<?, ?it/s]
Epoch 20/50 [Train]:   0%|          | 2/459 [00:00<00:23, 19.76it/s]
Epoch 20/50 [Train]:   1%|          | 4/459 [00:00<00:22, 19.78it/s]
Epoch 20/50 [Train]:   2%|▏         | 7/459 [00:00<00:22, 20.31it/s]
Epoch 20/50 [Train]:   2%|▏         | 10/459 [00:00<00:21, 20.82it/s]
Epoch 20/50 [Train]:   3%|▎         | 13/459 [00:00<00:21, 20.91it/s]
Epoch 20/50 [Train]:   3%|▎         | 16/459 [00:00<00:21, 20.82it/s]
Epoch 20/50 [Train]:   4%|▍         | 19/459 [00:00<00:21, 20.92it/s]
Epoch 20/50 [Train]:   5%|▍         | 22/459 [00:01<00:20, 20.89it/s]
Epoch 20/50 [Train]:   5%|▌         | 25/459 [00:01<00:20, 21.01it/s]
Epoch 20/50 [Train]:   6%|▌         | 28/459 [00:01<00:20, 20.93it/s]
Epoch 20/50 [Train]:   7%|▋         | 31/459 [00:01<00:20, 20.96it/s]
Epoch 20/50 [Train]:   7%|▋         | 34/459 [00:01<00:20, 20.83it/s]
Epoch 20/50 [Train]:   8%|▊         | 37/459 [00:01<00:20, 20.85it/s]
Epoch 20/50 [Train]:   9%|▊         | 40/459 [00:01<00:20, 20.67it/s]
Epoch 20/50 [Train]:   9%|▉         | 43/459 [00:02<00:20, 20.73it/s]
Epoch 20/50 [Train]:  10%|█         | 46/459 [00:02<00:19, 20.89it/s]
Epoch 20/50 [Train]:  11%|█         | 49/459 [00:02<00:19, 21.00it/s]
Epoch 20/50 [Train]:  11%|█▏        | 52/459 [00:02<00:19, 20.88it/s]
Epoch 20/50 [Train]:  12%|█▏        | 55/459 [00:02<00:19, 20.95it/s]
Epoch 20/50 [Train]:  13%|█▎        | 58/459 [00:02<00:19, 21.03it/s]
Epoch 20/50 [Train]:  13%|█▎        | 61/459 [00:02<00:18, 21.01it/s]
Epoch 20/50 [Train]:  14%|█▍        | 64/459 [00:03<00:18, 21.10it/s]
Epoch 20/50 [Train]:  15%|█▍        | 67/459 [00:03<00:18, 21.05it/s]
Epoch 20/50 [Train]:  15%|█▌        | 70/459 [00:03<00:18, 20.98it/s]
Epoch 20/50 [Train]:  16%|█▌        | 73/459 [00:03<00:18, 20.96it/s]
Epoch 20/50 [Train]:  17%|█▋        | 76/459 [00:03<00:18, 20.98it/s]
Epoch 20/50 [Train]:  17%|█▋        | 79/459 [00:03<00:18, 20.88it/s]
Epoch 20/50 [Train]:  18%|█▊        | 82/459 [00:03<00:18, 20.82it/s]
Epoch 20/50 [Train]:  19%|█▊        | 85/459 [00:04<00:17, 20.96it/s]
Epoch 20/50 [Train]:  19%|█▉        | 88/459 [00:04<00:17, 21.05it/s]
Epoch 20/50 [Train]:  20%|█▉        | 91/459 [00:04<00:17, 20.94it/s]
Epoch 20/50 [Train]:  20%|██        | 94/459 [00:04<00:17, 20.92it/s]
Epoch 20/50 [Train]:  21%|██        | 97/459 [00:04<00:17, 20.94it/s]
Epoch 20/50 [Train]:  22%|██▏       | 100/459 [00:04<00:17, 20.83it/s]
Epoch 20/50 [Train]:  22%|██▏       | 103/459 [00:04<00:17, 20.89it/s]
Epoch 20/50 [Train]:  23%|██▎       | 106/459 [00:05<00:16, 20.90it/s]
Epoch 20/50 [Train]:  24%|██▎       | 109/459 [00:05<00:16, 20.86it/s]
Epoch 20/50 [Train]:  24%|██▍       | 112/459 [00:05<00:16, 20.75it/s]
Epoch 20/50 [Train]:  25%|██▌       | 115/459 [00:05<00:16, 20.85it/s]
Epoch 20/50 [Train]:  26%|██▌       | 118/459 [00:05<00:16, 20.80it/s]
Epoch 20/50 [Train]:  26%|██▋       | 121/459 [00:05<00:16, 20.68it/s]
Epoch 20/50 [Train]:  27%|██▋       | 124/459 [00:05<00:16, 20.70it/s]
Epoch 20/50 [Train]:  28%|██▊       | 127/459 [00:06<00:16, 20.71it/s]
Epoch 20/50 [Train]:  28%|██▊       | 130/459 [00:06<00:15, 20.74it/s]
Epoch 20/50 [Train]:  29%|██▉       | 133/459 [00:06<00:15, 20.85it/s]
Epoch 20/50 [Train]:  30%|██▉       | 136/459 [00:06<00:15, 20.91it/s]
Epoch 20/50 [Train]:  30%|███       | 139/459 [00:06<00:15, 20.84it/s]
Epoch 20/50 [Train]:  31%|███       | 142/459 [00:06<00:15, 20.93it/s]
Epoch 20/50 [Train]:  32%|███▏      | 145/459 [00:06<00:15, 20.91it/s]
Epoch 20/50 [Train]:  32%|███▏      | 148/459 [00:07<00:14, 20.96it/s]
Epoch 20/50 [Train]:  33%|███▎      | 151/459 [00:07<00:14, 20.99it/s]
Epoch 20/50 [Train]:  34%|███▎      | 154/459 [00:07<00:14, 20.90it/s]
Epoch 20/50 [Train]:  34%|███▍      | 157/459 [00:07<00:14, 21.02it/s]
Epoch 20/50 [Train]:  35%|███▍      | 160/459 [00:07<00:14, 21.01it/s]
Epoch 20/50 [Train]:  36%|███▌      | 163/459 [00:07<00:14, 20.97it/s]
Epoch 20/50 [Train]:  36%|███▌      | 166/459 [00:07<00:14, 20.78it/s]
Epoch 20/50 [Train]:  37%|███▋      | 169/459 [00:08<00:13, 20.86it/s]
Epoch 20/50 [Train]:  37%|███▋      | 172/459 [00:08<00:13, 21.04it/s]
Epoch 20/50 [Train]:  38%|███▊      | 175/459 [00:08<00:13, 20.89it/s]
Epoch 20/50 [Train]:  39%|███▉      | 178/459 [00:08<00:13, 20.87it/s]
Epoch 20/50 [Train]:  39%|███▉      | 181/459 [00:08<00:13, 20.68it/s]
Epoch 20/50 [Train]:  40%|████      | 184/459 [00:08<00:13, 20.66it/s]
Epoch 20/50 [Train]:  41%|████      | 187/459 [00:08<00:13, 20.79it/s]
Epoch 20/50 [Train]:  41%|████▏     | 190/459 [00:09<00:13, 20.66it/s]
Epoch 20/50 [Train]:  42%|████▏     | 193/459 [00:09<00:12, 20.71it/s]
Epoch 20/50 [Train]:  43%|████▎     | 196/459 [00:09<00:12, 20.82it/s]
Epoch 20/50 [Train]:  43%|████▎     | 199/459 [00:09<00:12, 20.83it/s]
Epoch 20/50 [Train]:  44%|████▍     | 202/459 [00:09<00:12, 20.87it/s]
Epoch 20/50 [Train]:  45%|████▍     | 205/459 [00:09<00:12, 20.86it/s]
Epoch 20/50 [Train]:  45%|████▌     | 208/459 [00:09<00:12, 20.83it/s]
Epoch 20/50 [Train]:  46%|████▌     | 211/459 [00:10<00:11, 20.84it/s]
Epoch 20/50 [Train]:  47%|████▋     | 214/459 [00:10<00:11, 20.97it/s]
Epoch 20/50 [Train]:  47%|████▋     | 217/459 [00:10<00:11, 20.87it/s]
Epoch 20/50 [Train]:  48%|████▊     | 220/459 [00:10<00:11, 21.03it/s]
Epoch 20/50 [Train]:  49%|████▊     | 223/459 [00:10<00:11, 21.06it/s]
Epoch 20/50 [Train]:  49%|████▉     | 226/459 [00:10<00:11, 20.93it/s]
Epoch 20/50 [Train]:  50%|████▉     | 229/459 [00:10<00:11, 20.88it/s]
Epoch 20/50 [Train]:  51%|█████     | 232/459 [00:11<00:10, 20.83it/s]
Epoch 20/50 [Train]:  51%|█████     | 235/459 [00:11<00:10, 20.89it/s]
Epoch 20/50 [Train]:  52%|█████▏    | 238/459 [00:11<00:10, 20.80it/s]
Epoch 20/50 [Train]:  53%|█████▎    | 241/459 [00:11<00:10, 20.81it/s]
Epoch 20/50 [Train]:  53%|█████▎    | 244/459 [00:11<00:10, 20.95it/s]
Epoch 20/50 [Train]:  54%|█████▍    | 247/459 [00:11<00:10, 20.87it/s]
Epoch 20/50 [Train]:  54%|█████▍    | 250/459 [00:11<00:10, 20.87it/s]
Epoch 20/50 [Train]:  55%|█████▌    | 253/459 [00:12<00:09, 20.82it/s]
Epoch 20/50 [Train]:  56%|█████▌    | 256/459 [00:12<00:09, 20.85it/s]
Epoch 20/50 [Train]:  56%|█████▋    | 259/459 [00:12<00:09, 20.66it/s]
Epoch 20/50 [Train]:  57%|█████▋    | 262/459 [00:12<00:09, 20.80it/s]
Epoch 20/50 [Train]:  58%|█████▊    | 265/459 [00:12<00:09, 20.87it/s]
Epoch 20/50 [Train]:  58%|█████▊    | 268/459 [00:12<00:09, 20.90it/s]
Epoch 20/50 [Train]:  59%|█████▉    | 271/459 [00:12<00:08, 20.93it/s]
Epoch 20/50 [Train]:  60%|█████▉    | 274/459 [00:13<00:08, 20.96it/s]
Epoch 20/50 [Train]:  60%|██████    | 277/459 [00:13<00:08, 21.03it/s]
Epoch 20/50 [Train]:  61%|██████    | 280/459 [00:13<00:08, 21.05it/s]
Epoch 20/50 [Train]:  62%|██████▏   | 283/459 [00:13<00:08, 21.09it/s]
Epoch 20/50 [Train]:  62%|██████▏   | 286/459 [00:13<00:08, 21.06it/s]
Epoch 20/50 [Train]:  63%|██████▎   | 289/459 [00:13<00:08, 20.87it/s]
Epoch 20/50 [Train]:  64%|██████▎   | 292/459 [00:13<00:08, 20.78it/s]
Epoch 20/50 [Train]:  64%|██████▍   | 295/459 [00:14<00:07, 20.87it/s]
Epoch 20/50 [Train]:  65%|██████▍   | 298/459 [00:14<00:07, 20.87it/s]
Epoch 20/50 [Train]:  66%|██████▌   | 301/459 [00:14<00:07, 20.83it/s]
Epoch 20/50 [Train]:  66%|██████▌   | 304/459 [00:14<00:07, 20.89it/s]
Epoch 20/50 [Train]:  67%|██████▋   | 307/459 [00:14<00:07, 20.92it/s]
Epoch 20/50 [Train]:  68%|██████▊   | 310/459 [00:14<00:07, 20.92it/s]
Epoch 20/50 [Train]:  68%|██████▊   | 313/459 [00:14<00:06, 20.91it/s]
Epoch 20/50 [Train]:  69%|██████▉   | 316/459 [00:15<00:06, 20.85it/s]
Epoch 20/50 [Train]:  69%|██████▉   | 319/459 [00:15<00:06, 20.89it/s]
Epoch 20/50 [Train]:  70%|███████   | 322/459 [00:15<00:06, 20.78it/s]
Epoch 20/50 [Train]:  71%|███████   | 325/459 [00:15<00:06, 20.79it/s]
Epoch 20/50 [Train]:  71%|███████▏  | 328/459 [00:15<00:06, 20.74it/s]
Epoch 20/50 [Train]:  72%|███████▏  | 331/459 [00:15<00:06, 20.81it/s]
Epoch 20/50 [Train]:  73%|███████▎  | 334/459 [00:16<00:06, 20.68it/s]
Epoch 20/50 [Train]:  73%|███████▎  | 337/459 [00:16<00:05, 20.67it/s]
Epoch 20/50 [Train]:  74%|███████▍  | 340/459 [00:16<00:05, 20.91it/s]
Epoch 20/50 [Train]:  75%|███████▍  | 343/459 [00:16<00:05, 20.90it/s]
Epoch 20/50 [Train]:  75%|███████▌  | 346/459 [00:16<00:05, 20.84it/s]
Epoch 20/50 [Train]:  76%|███████▌  | 349/459 [00:16<00:05, 20.64it/s]
Epoch 20/50 [Train]:  77%|███████▋  | 352/459 [00:16<00:05, 20.80it/s]
Epoch 20/50 [Train]:  77%|███████▋  | 355/459 [00:17<00:05, 20.74it/s]
Epoch 20/50 [Train]:  78%|███████▊  | 358/459 [00:17<00:04, 20.72it/s]
Epoch 20/50 [Train]:  79%|███████▊  | 361/459 [00:17<00:04, 20.68it/s]
Epoch 20/50 [Train]:  79%|███████▉  | 364/459 [00:17<00:04, 20.74it/s]
Epoch 20/50 [Train]:  80%|███████▉  | 367/459 [00:17<00:04, 20.70it/s]
Epoch 20/50 [Train]:  81%|████████  | 370/459 [00:17<00:04, 20.96it/s]
Epoch 20/50 [Train]:  81%|████████▏ | 373/459 [00:17<00:04, 20.81it/s]
Epoch 20/50 [Train]:  82%|████████▏ | 376/459 [00:18<00:03, 20.88it/s]
Epoch 20/50 [Train]:  83%|████████▎ | 379/459 [00:18<00:03, 20.96it/s]
Epoch 20/50 [Train]:  83%|████████▎ | 382/459 [00:18<00:03, 20.94it/s]
Epoch 20/50 [Train]:  84%|████████▍ | 385/459 [00:18<00:03, 20.84it/s]
Epoch 20/50 [Train]:  85%|████████▍ | 388/459 [00:18<00:03, 20.86it/s]
Epoch 20/50 [Train]:  85%|████████▌ | 391/459 [00:18<00:03, 20.88it/s]
Epoch 20/50 [Train]:  86%|████████▌ | 394/459 [00:18<00:03, 20.84it/s]
Epoch 20/50 [Train]:  86%|████████▋ | 397/459 [00:19<00:02, 20.84it/s]
Epoch 20/50 [Train]:  87%|████████▋ | 400/459 [00:19<00:02, 20.86it/s]
Epoch 20/50 [Train]:  88%|████████▊ | 403/459 [00:19<00:02, 20.89it/s]
Epoch 20/50 [Train]:  88%|████████▊ | 406/459 [00:19<00:02, 20.70it/s]
Epoch 20/50 [Train]:  89%|████████▉ | 409/459 [00:19<00:02, 20.70it/s]
Epoch 20/50 [Train]:  90%|████████▉ | 412/459 [00:19<00:02, 20.76it/s]
Epoch 20/50 [Train]:  90%|█████████ | 415/459 [00:19<00:02, 20.69it/s]
Epoch 20/50 [Train]:  91%|█████████ | 418/459 [00:20<00:01, 20.83it/s]
Epoch 20/50 [Train]:  92%|█████████▏| 421/459 [00:20<00:01, 20.84it/s]
Epoch 20/50 [Train]:  92%|█████████▏| 424/459 [00:20<00:01, 20.81it/s]
Epoch 20/50 [Train]:  93%|█████████▎| 427/459 [00:20<00:01, 20.91it/s]
Epoch 20/50 [Train]:  94%|█████████▎| 430/459 [00:20<00:01, 21.02it/s]
Epoch 20/50 [Train]:  94%|█████████▍| 433/459 [00:20<00:01, 20.87it/s]
Epoch 20/50 [Train]:  95%|█████████▍| 436/459 [00:20<00:01, 20.88it/s]
Epoch 20/50 [Train]:  96%|█████████▌| 439/459 [00:21<00:00, 20.90it/s]
Epoch 20/50 [Train]:  96%|█████████▋| 442/459 [00:21<00:00, 20.93it/s]
Epoch 20/50 [Train]:  97%|█████████▋| 445/459 [00:21<00:00, 20.88it/s]
Epoch 20/50 [Train]:  98%|█████████▊| 448/459 [00:21<00:00, 20.80it/s]
Epoch 20/50 [Train]:  98%|█████████▊| 451/459 [00:21<00:00, 20.94it/s]
Epoch 20/50 [Train]:  99%|█████████▉| 454/459 [00:21<00:00, 20.97it/s]
Epoch 20/50 [Train]: 100%|█████████▉| 457/459 [00:21<00:00, 20.87it/s]
                                                                      

Epoch 20/50 [Val]:   0%|          | 0/113 [00:00<?, ?it/s]
Epoch 20/50 [Val]:   2%|▏         | 2/113 [00:00<00:06, 17.28it/s]
Epoch 20/50 [Val]:   4%|▎         | 4/113 [00:00<00:06, 17.29it/s]
Epoch 20/50 [Val]:   5%|▌         | 6/113 [00:00<00:06, 17.31it/s]
Epoch 20/50 [Val]:   7%|▋         | 8/113 [00:00<00:06, 17.49it/s]
Epoch 20/50 [Val]:  10%|▉         | 11/113 [00:00<00:05, 18.36it/s]
Epoch 20/50 [Val]:  12%|█▏        | 13/113 [00:00<00:05, 18.13it/s]
Epoch 20/50 [Val]:  13%|█▎        | 15/113 [00:00<00:05, 17.56it/s]
Epoch 20/50 [Val]:  15%|█▌        | 17/113 [00:00<00:05, 16.83it/s]
Epoch 20/50 [Val]:  17%|█▋        | 19/113 [00:01<00:05, 16.27it/s]
Epoch 20/50 [Val]:  19%|█▊        | 21/113 [00:01<00:05, 15.86it/s]
Epoch 20/50 [Val]:  20%|██        | 23/113 [00:01<00:05, 15.67it/s]
Epoch 20/50 [Val]:  22%|██▏       | 25/113 [00:01<00:05, 15.43it/s]
Epoch 20/50 [Val]:  24%|██▍       | 27/113 [00:01<00:05, 15.71it/s]
Epoch 20/50 [Val]:  26%|██▌       | 29/113 [00:01<00:05, 16.09it/s]
Epoch 20/50 [Val]:  27%|██▋       | 31/113 [00:01<00:05, 16.40it/s]
Epoch 20/50 [Val]:  29%|██▉       | 33/113 [00:01<00:04, 16.49it/s]
Epoch 20/50 [Val]:  31%|███       | 35/113 [00:02<00:04, 16.74it/s]
Epoch 20/50 [Val]:  33%|███▎      | 37/113 [00:02<00:04, 17.24it/s]
Epoch 20/50 [Val]:  35%|███▍      | 39/113 [00:02<00:04, 17.41it/s]
Epoch 20/50 [Val]:  36%|███▋      | 41/113 [00:02<00:04, 17.43it/s]
Epoch 20/50 [Val]:  38%|███▊      | 43/113 [00:02<00:03, 17.62it/s]
Epoch 20/50 [Val]:  40%|███▉      | 45/113 [00:02<00:04, 16.95it/s]
Epoch 20/50 [Val]:  42%|████▏     | 47/113 [00:02<00:03, 17.03it/s]
Epoch 20/50 [Val]:  43%|████▎     | 49/113 [00:02<00:03, 16.93it/s]
Epoch 20/50 [Val]:  45%|████▌     | 51/113 [00:03<00:03, 17.15it/s]
Epoch 20/50 [Val]:  47%|████▋     | 53/113 [00:03<00:03, 17.56it/s]
Epoch 20/50 [Val]:  49%|████▊     | 55/113 [00:03<00:03, 17.71it/s]
Epoch 20/50 [Val]:  50%|█████     | 57/113 [00:03<00:03, 17.22it/s]
Epoch 20/50 [Val]:  52%|█████▏    | 59/113 [00:03<00:03, 17.01it/s]
Epoch 20/50 [Val]:  54%|█████▍    | 61/113 [00:03<00:03, 17.33it/s]
Epoch 20/50 [Val]:  56%|█████▌    | 63/113 [00:03<00:02, 17.41it/s]
Epoch 20/50 [Val]:  58%|█████▊    | 65/113 [00:03<00:02, 17.14it/s]
Epoch 20/50 [Val]:  59%|█████▉    | 67/113 [00:03<00:02, 16.87it/s]
Epoch 20/50 [Val]:  61%|██████    | 69/113 [00:04<00:02, 16.71it/s]
Epoch 20/50 [Val]:  63%|██████▎   | 71/113 [00:04<00:02, 16.90it/s]
Epoch 20/50 [Val]:  65%|██████▍   | 73/113 [00:04<00:02, 16.97it/s]
Epoch 20/50 [Val]:  66%|██████▋   | 75/113 [00:04<00:02, 17.17it/s]
Epoch 20/50 [Val]:  68%|██████▊   | 77/113 [00:04<00:02, 17.21it/s]
Epoch 20/50 [Val]:  70%|██████▉   | 79/113 [00:04<00:01, 17.33it/s]
Epoch 20/50 [Val]:  72%|███████▏  | 81/113 [00:04<00:01, 17.08it/s]
Epoch 20/50 [Val]:  73%|███████▎  | 83/113 [00:04<00:01, 17.16it/s]
Epoch 20/50 [Val]:  75%|███████▌  | 85/113 [00:05<00:01, 17.18it/s]
Epoch 20/50 [Val]:  77%|███████▋  | 87/113 [00:05<00:01, 17.31it/s]
Epoch 20/50 [Val]:  79%|███████▉  | 89/113 [00:05<00:01, 17.28it/s]
Epoch 20/50 [Val]:  81%|████████  | 91/113 [00:05<00:01, 17.68it/s]
Epoch 20/50 [Val]:  82%|████████▏ | 93/113 [00:05<00:01, 17.75it/s]
Epoch 20/50 [Val]:  84%|████████▍ | 95/113 [00:05<00:01, 17.88it/s]
Epoch 20/50 [Val]:  86%|████████▌ | 97/113 [00:05<00:00, 18.14it/s]
Epoch 20/50 [Val]:  88%|████████▊ | 99/113 [00:05<00:00, 17.92it/s]
Epoch 20/50 [Val]:  89%|████████▉ | 101/113 [00:05<00:00, 17.34it/s]
Epoch 20/50 [Val]:  91%|█████████ | 103/113 [00:06<00:00, 17.33it/s]
Epoch 20/50 [Val]:  93%|█████████▎| 105/113 [00:06<00:00, 17.36it/s]
Epoch 20/50 [Val]:  95%|█████████▍| 107/113 [00:06<00:00, 17.49it/s]
Epoch 20/50 [Val]:  96%|█████████▋| 109/113 [00:06<00:00, 18.09it/s]
Epoch 20/50 [Val]:  98%|█████████▊| 111/113 [00:06<00:00, 18.02it/s]
                                                                    

Epoch 21/50 [Train]:   0%|          | 0/459 [00:00<?, ?it/s]
Epoch 21/50 [Train]:   0%|          | 2/459 [00:00<00:23, 19.23it/s]
Epoch 21/50 [Train]:   1%|          | 5/459 [00:00<00:22, 20.13it/s]
Epoch 21/50 [Train]:   2%|▏         | 8/459 [00:00<00:22, 20.29it/s]
Epoch 21/50 [Train]:   2%|▏         | 11/459 [00:00<00:22, 20.19it/s]
Epoch 21/50 [Train]:   3%|▎         | 14/459 [00:00<00:22, 20.02it/s]
Epoch 21/50 [Train]:   4%|▎         | 17/459 [00:00<00:22, 19.79it/s]
Epoch 21/50 [Train]:   4%|▍         | 19/459 [00:00<00:22, 19.36it/s]
Epoch 21/50 [Train]:   5%|▍         | 21/459 [00:01<00:22, 19.47it/s]
Epoch 21/50 [Train]:   5%|▌         | 24/459 [00:01<00:21, 19.91it/s]
Epoch 21/50 [Train]:   6%|▌         | 27/459 [00:01<00:21, 20.12it/s]
Epoch 21/50 [Train]:   7%|▋         | 30/459 [00:01<00:21, 19.88it/s]
Epoch 21/50 [Train]:   7%|▋         | 33/459 [00:01<00:21, 20.03it/s]
Epoch 21/50 [Train]:   8%|▊         | 36/459 [00:01<00:20, 20.20it/s]
Epoch 21/50 [Train]:   8%|▊         | 39/459 [00:01<00:20, 20.34it/s]
Epoch 21/50 [Train]:   9%|▉         | 42/459 [00:02<00:20, 20.45it/s]
Epoch 21/50 [Train]:  10%|▉         | 45/459 [00:02<00:20, 20.33it/s]
Epoch 21/50 [Train]:  10%|█         | 48/459 [00:02<00:20, 20.30it/s]
Epoch 21/50 [Train]:  11%|█         | 51/459 [00:02<00:19, 20.54it/s]
Epoch 21/50 [Train]:  12%|█▏        | 54/459 [00:02<00:19, 20.73it/s]
Epoch 21/50 [Train]:  12%|█▏        | 57/459 [00:02<00:19, 20.75it/s]
Epoch 21/50 [Train]:  13%|█▎        | 60/459 [00:02<00:19, 20.77it/s]
Epoch 21/50 [Train]:  14%|█▎        | 63/459 [00:03<00:18, 20.88it/s]
Epoch 21/50 [Train]:  14%|█▍        | 66/459 [00:03<00:18, 20.86it/s]
Epoch 21/50 [Train]:  15%|█▌        | 69/459 [00:03<00:18, 20.73it/s]
Epoch 21/50 [Train]:  16%|█▌        | 72/459 [00:03<00:18, 20.68it/s]
Epoch 21/50 [Train]:  16%|█▋        | 75/459 [00:03<00:18, 20.79it/s]
Epoch 21/50 [Train]:  17%|█▋        | 78/459 [00:03<00:18, 20.81it/s]
Epoch 21/50 [Train]:  18%|█▊        | 81/459 [00:03<00:18, 20.87it/s]
Epoch 21/50 [Train]:  18%|█▊        | 84/459 [00:04<00:18, 20.82it/s]
Epoch 21/50 [Train]:  19%|█▉        | 87/459 [00:04<00:17, 20.84it/s]
Epoch 21/50 [Train]:  20%|█▉        | 90/459 [00:04<00:17, 20.69it/s]
Epoch 21/50 [Train]:  20%|██        | 93/459 [00:04<00:17, 20.74it/s]
Epoch 21/50 [Train]:  21%|██        | 96/459 [00:04<00:17, 20.59it/s]
Epoch 21/50 [Train]:  22%|██▏       | 99/459 [00:04<00:17, 20.34it/s]
Epoch 21/50 [Train]:  22%|██▏       | 102/459 [00:05<00:17, 20.16it/s]
Epoch 21/50 [Train]:  23%|██▎       | 105/459 [00:05<00:17, 20.21it/s]
Epoch 21/50 [Train]:  24%|██▎       | 108/459 [00:05<00:17, 20.35it/s]
Epoch 21/50 [Train]:  24%|██▍       | 111/459 [00:05<00:17, 20.25it/s]
Epoch 21/50 [Train]:  25%|██▍       | 114/459 [00:05<00:16, 20.39it/s]
Epoch 21/50 [Train]:  25%|██▌       | 117/459 [00:05<00:16, 20.60it/s]
Epoch 21/50 [Train]:  26%|██▌       | 120/459 [00:05<00:16, 20.74it/s]
Epoch 21/50 [Train]:  27%|██▋       | 123/459 [00:06<00:16, 20.81it/s]
Epoch 21/50 [Train]:  27%|██▋       | 126/459 [00:06<00:16, 20.80it/s]
Epoch 21/50 [Train]:  28%|██▊       | 129/459 [00:06<00:16, 20.50it/s]
Epoch 21/50 [Train]:  29%|██▉       | 132/459 [00:06<00:15, 20.44it/s]
Epoch 21/50 [Train]:  29%|██▉       | 135/459 [00:06<00:15, 20.41it/s]
Epoch 21/50 [Train]:  30%|███       | 138/459 [00:06<00:15, 20.63it/s]
Epoch 21/50 [Train]:  31%|███       | 141/459 [00:06<00:15, 20.77it/s]
Epoch 21/50 [Train]:  31%|███▏      | 144/459 [00:07<00:15, 20.49it/s]
Epoch 21/50 [Train]:  32%|███▏      | 147/459 [00:07<00:15, 20.78it/s]
Epoch 21/50 [Train]:  33%|███▎      | 150/459 [00:07<00:14, 20.70it/s]
Epoch 21/50 [Train]:  33%|███▎      | 153/459 [00:07<00:14, 20.78it/s]
Epoch 21/50 [Train]:  34%|███▍      | 156/459 [00:07<00:14, 20.62it/s]
Epoch 21/50 [Train]:  35%|███▍      | 159/459 [00:07<00:14, 20.51it/s]
Epoch 21/50 [Train]:  35%|███▌      | 162/459 [00:07<00:14, 20.45it/s]
Epoch 21/50 [Train]:  36%|███▌      | 165/459 [00:08<00:14, 20.23it/s]
Epoch 21/50 [Train]:  37%|███▋      | 168/459 [00:08<00:14, 20.38it/s]
Epoch 21/50 [Train]:  37%|███▋      | 171/459 [00:08<00:14, 20.57it/s]
Epoch 21/50 [Train]:  38%|███▊      | 174/459 [00:08<00:13, 20.53it/s]
Epoch 21/50 [Train]:  39%|███▊      | 177/459 [00:08<00:13, 20.32it/s]
Epoch 21/50 [Train]:  39%|███▉      | 180/459 [00:08<00:13, 20.47it/s]
Epoch 21/50 [Train]:  40%|███▉      | 183/459 [00:08<00:13, 20.64it/s]
Epoch 21/50 [Train]:  41%|████      | 186/459 [00:09<00:13, 20.59it/s]
Epoch 21/50 [Train]:  41%|████      | 189/459 [00:09<00:13, 20.24it/s]
Epoch 21/50 [Train]:  42%|████▏     | 192/459 [00:09<00:13, 20.24it/s]
Epoch 21/50 [Train]:  42%|████▏     | 195/459 [00:09<00:12, 20.49it/s]
Epoch 21/50 [Train]:  43%|████▎     | 198/459 [00:09<00:12, 20.56it/s]
Epoch 21/50 [Train]:  44%|████▍     | 201/459 [00:09<00:12, 20.50it/s]
Epoch 21/50 [Train]:  44%|████▍     | 204/459 [00:09<00:12, 20.05it/s]
Epoch 21/50 [Train]:  45%|████▌     | 207/459 [00:10<00:12, 19.99it/s]
Epoch 21/50 [Train]:  46%|████▌     | 210/459 [00:10<00:12, 20.00it/s]
Epoch 21/50 [Train]:  46%|████▋     | 213/459 [00:10<00:12, 19.86it/s]
Epoch 21/50 [Train]:  47%|████▋     | 215/459 [00:10<00:12, 19.77it/s]
Epoch 21/50 [Train]:  47%|████▋     | 217/459 [00:10<00:12, 19.78it/s]
Epoch 21/50 [Train]:  48%|████▊     | 219/459 [00:10<00:12, 19.73it/s]
Epoch 21/50 [Train]:  48%|████▊     | 222/459 [00:10<00:11, 19.94it/s]
Epoch 21/50 [Train]:  49%|████▉     | 225/459 [00:11<00:11, 20.23it/s]
Epoch 21/50 [Train]:  50%|████▉     | 228/459 [00:11<00:11, 20.39it/s]
Epoch 21/50 [Train]:  50%|█████     | 231/459 [00:11<00:11, 20.50it/s]
Epoch 21/50 [Train]:  51%|█████     | 234/459 [00:11<00:10, 20.53it/s]
Epoch 21/50 [Train]:  52%|█████▏    | 237/459 [00:11<00:10, 20.64it/s]
Epoch 21/50 [Train]:  52%|█████▏    | 240/459 [00:11<00:10, 20.67it/s]
Epoch 21/50 [Train]:  53%|█████▎    | 243/459 [00:11<00:10, 20.59it/s]
Epoch 21/50 [Train]:  54%|█████▎    | 246/459 [00:12<00:10, 20.61it/s]
Epoch 21/50 [Train]:  54%|█████▍    | 249/459 [00:12<00:10, 20.58it/s]
Epoch 21/50 [Train]:  55%|█████▍    | 252/459 [00:12<00:10, 20.26it/s]
Epoch 21/50 [Train]:  56%|█████▌    | 255/459 [00:12<00:10, 20.03it/s]
Epoch 21/50 [Train]:  56%|█████▌    | 258/459 [00:12<00:10, 19.93it/s]
Epoch 21/50 [Train]:  57%|█████▋    | 260/459 [00:12<00:10, 19.86it/s]
Epoch 21/50 [Train]:  57%|█████▋    | 263/459 [00:12<00:09, 19.97it/s]
Epoch 21/50 [Train]:  58%|█████▊    | 265/459 [00:13<00:09, 19.94it/s]
Epoch 21/50 [Train]:  58%|█████▊    | 267/459 [00:13<00:09, 19.93it/s]
Epoch 21/50 [Train]:  59%|█████▉    | 270/459 [00:13<00:09, 20.07it/s]
Epoch 21/50 [Train]:  59%|█████▉    | 273/459 [00:13<00:09, 20.11it/s]
Epoch 21/50 [Train]:  60%|██████    | 276/459 [00:13<00:09, 20.31it/s]
Epoch 21/50 [Train]:  61%|██████    | 279/459 [00:13<00:08, 20.29it/s]
Epoch 21/50 [Train]:  61%|██████▏   | 282/459 [00:13<00:08, 20.39it/s]
Epoch 21/50 [Train]:  62%|██████▏   | 285/459 [00:13<00:08, 20.30it/s]
Epoch 21/50 [Train]:  63%|██████▎   | 288/459 [00:14<00:08, 20.23it/s]
Epoch 21/50 [Train]:  63%|██████▎   | 291/459 [00:14<00:08, 20.23it/s]
Epoch 21/50 [Train]:  64%|██████▍   | 294/459 [00:14<00:08, 20.17it/s]
Epoch 21/50 [Train]:  65%|██████▍   | 297/459 [00:14<00:08, 20.17it/s]
Epoch 21/50 [Train]:  65%|██████▌   | 300/459 [00:14<00:07, 20.21it/s]
Epoch 21/50 [Train]:  66%|██████▌   | 303/459 [00:14<00:07, 20.27it/s]
Epoch 21/50 [Train]:  67%|██████▋   | 306/459 [00:15<00:07, 20.37it/s]
Epoch 21/50 [Train]:  67%|██████▋   | 309/459 [00:15<00:07, 20.26it/s]
Epoch 21/50 [Train]:  68%|██████▊   | 312/459 [00:15<00:07, 20.34it/s]
Epoch 21/50 [Train]:  69%|██████▊   | 315/459 [00:15<00:07, 20.31it/s]
Epoch 21/50 [Train]:  69%|██████▉   | 318/459 [00:15<00:07, 20.12it/s]
Epoch 21/50 [Train]:  70%|██████▉   | 321/459 [00:15<00:06, 20.03it/s]
Epoch 21/50 [Train]:  71%|███████   | 324/459 [00:15<00:06, 19.93it/s]
Epoch 21/50 [Train]:  71%|███████   | 327/459 [00:16<00:06, 20.11it/s]
Epoch 21/50 [Train]:  72%|███████▏  | 330/459 [00:16<00:06, 20.12it/s]
Epoch 21/50 [Train]:  73%|███████▎  | 333/459 [00:16<00:06, 20.16it/s]
Epoch 21/50 [Train]:  73%|███████▎  | 336/459 [00:16<00:06, 20.33it/s]
Epoch 21/50 [Train]:  74%|███████▍  | 339/459 [00:16<00:05, 20.31it/s]
Epoch 21/50 [Train]:  75%|███████▍  | 342/459 [00:16<00:05, 20.25it/s]
Epoch 21/50 [Train]:  75%|███████▌  | 345/459 [00:16<00:05, 20.28it/s]
Epoch 21/50 [Train]:  76%|███████▌  | 348/459 [00:17<00:05, 20.25it/s]
Epoch 21/50 [Train]:  76%|███████▋  | 351/459 [00:17<00:05, 20.38it/s]
Epoch 21/50 [Train]:  77%|███████▋  | 354/459 [00:17<00:05, 20.31it/s]
Epoch 21/50 [Train]:  78%|███████▊  | 357/459 [00:17<00:05, 20.35it/s]
Epoch 21/50 [Train]:  78%|███████▊  | 360/459 [00:17<00:04, 20.35it/s]
Epoch 21/50 [Train]:  79%|███████▉  | 363/459 [00:17<00:04, 20.24it/s]
Epoch 21/50 [Train]:  80%|███████▉  | 366/459 [00:17<00:04, 20.35it/s]
Epoch 21/50 [Train]:  80%|████████  | 369/459 [00:18<00:04, 20.37it/s]
Epoch 21/50 [Train]:  81%|████████  | 372/459 [00:18<00:04, 20.45it/s]
Epoch 21/50 [Train]:  82%|████████▏ | 375/459 [00:18<00:04, 20.41it/s]
Epoch 21/50 [Train]:  82%|████████▏ | 378/459 [00:18<00:03, 20.60it/s]
Epoch 21/50 [Train]:  83%|████████▎ | 381/459 [00:18<00:03, 20.56it/s]
Epoch 21/50 [Train]:  84%|████████▎ | 384/459 [00:18<00:03, 20.75it/s]
Epoch 21/50 [Train]:  84%|████████▍ | 387/459 [00:19<00:03, 20.75it/s]
Epoch 21/50 [Train]:  85%|████████▍ | 390/459 [00:19<00:03, 20.69it/s]
Epoch 21/50 [Train]:  86%|████████▌ | 393/459 [00:19<00:03, 20.81it/s]
Epoch 21/50 [Train]:  86%|████████▋ | 396/459 [00:19<00:03, 20.52it/s]
Epoch 21/50 [Train]:  87%|████████▋ | 399/459 [00:19<00:02, 20.48it/s]
Epoch 21/50 [Train]:  88%|████████▊ | 402/459 [00:19<00:02, 20.54it/s]
Epoch 21/50 [Train]:  88%|████████▊ | 405/459 [00:19<00:02, 20.52it/s]
Epoch 21/50 [Train]:  89%|████████▉ | 408/459 [00:20<00:02, 20.65it/s]
Epoch 21/50 [Train]:  90%|████████▉ | 411/459 [00:20<00:02, 20.60it/s]
Epoch 21/50 [Train]:  90%|█████████ | 414/459 [00:20<00:02, 20.69it/s]
Epoch 21/50 [Train]:  91%|█████████ | 417/459 [00:20<00:02, 20.68it/s]
Epoch 21/50 [Train]:  92%|█████████▏| 420/459 [00:20<00:01, 20.70it/s]
Epoch 21/50 [Train]:  92%|█████████▏| 423/459 [00:20<00:01, 20.67it/s]
Epoch 21/50 [Train]:  93%|█████████▎| 426/459 [00:20<00:01, 20.78it/s]
Epoch 21/50 [Train]:  93%|█████████▎| 429/459 [00:21<00:01, 20.84it/s]
Epoch 21/50 [Train]:  94%|█████████▍| 432/459 [00:21<00:01, 20.77it/s]
Epoch 21/50 [Train]:  95%|█████████▍| 435/459 [00:21<00:01, 20.78it/s]
Epoch 21/50 [Train]:  95%|█████████▌| 438/459 [00:21<00:01, 20.67it/s]
Epoch 21/50 [Train]:  96%|█████████▌| 441/459 [00:21<00:00, 20.70it/s]
Epoch 21/50 [Train]:  97%|█████████▋| 444/459 [00:21<00:00, 20.54it/s]
Epoch 21/50 [Train]:  97%|█████████▋| 447/459 [00:21<00:00, 20.68it/s]
Epoch 21/50 [Train]:  98%|█████████▊| 450/459 [00:22<00:00, 20.73it/s]
Epoch 21/50 [Train]:  99%|█████████▊| 453/459 [00:22<00:00, 20.71it/s]
Epoch 21/50 [Train]:  99%|█████████▉| 456/459 [00:22<00:00, 20.85it/s]
Epoch 21/50 [Train]: 100%|██████████| 459/459 [00:22<00:00, 20.78it/s]
                                                                      

Epoch 21/50 [Val]:   0%|          | 0/113 [00:00<?, ?it/s]
Epoch 21/50 [Val]:   2%|▏         | 2/113 [00:00<00:06, 16.80it/s]
Epoch 21/50 [Val]:   4%|▎         | 4/113 [00:00<00:06, 16.12it/s]
Epoch 21/50 [Val]:   5%|▌         | 6/113 [00:00<00:06, 16.39it/s]
Epoch 21/50 [Val]:   7%|▋         | 8/113 [00:00<00:06, 16.96it/s]
Epoch 21/50 [Val]:   9%|▉         | 10/113 [00:00<00:05, 17.66it/s]
Epoch 21/50 [Val]:  11%|█         | 12/113 [00:00<00:05, 17.78it/s]
Epoch 21/50 [Val]:  12%|█▏        | 14/113 [00:00<00:05, 17.83it/s]
Epoch 21/50 [Val]:  14%|█▍        | 16/113 [00:00<00:05, 16.99it/s]
Epoch 21/50 [Val]:  16%|█▌        | 18/113 [00:01<00:05, 16.60it/s]
Epoch 21/50 [Val]:  18%|█▊        | 20/113 [00:01<00:05, 16.18it/s]
Epoch 21/50 [Val]:  19%|█▉        | 22/113 [00:01<00:05, 16.05it/s]
Epoch 21/50 [Val]:  21%|██        | 24/113 [00:01<00:05, 15.93it/s]
Epoch 21/50 [Val]:  23%|██▎       | 26/113 [00:01<00:05, 16.17it/s]
Epoch 21/50 [Val]:  25%|██▍       | 28/113 [00:01<00:05, 16.39it/s]
Epoch 21/50 [Val]:  27%|██▋       | 30/113 [00:01<00:04, 16.64it/s]
Epoch 21/50 [Val]:  28%|██▊       | 32/113 [00:01<00:04, 16.75it/s]
Epoch 21/50 [Val]:  30%|███       | 34/113 [00:02<00:04, 16.69it/s]
Epoch 21/50 [Val]:  32%|███▏      | 36/113 [00:02<00:04, 16.86it/s]
Epoch 21/50 [Val]:  34%|███▎      | 38/113 [00:02<00:04, 17.16it/s]
Epoch 21/50 [Val]:  35%|███▌      | 40/113 [00:02<00:04, 17.34it/s]
Epoch 21/50 [Val]:  37%|███▋      | 42/113 [00:02<00:04, 17.51it/s]
Epoch 21/50 [Val]:  39%|███▉      | 44/113 [00:02<00:03, 17.34it/s]
Epoch 21/50 [Val]:  41%|████      | 46/113 [00:02<00:03, 17.02it/s]
Epoch 21/50 [Val]:  42%|████▏     | 48/113 [00:02<00:03, 17.02it/s]
Epoch 21/50 [Val]:  44%|████▍     | 50/113 [00:02<00:03, 17.17it/s]
Epoch 21/50 [Val]:  46%|████▌     | 52/113 [00:03<00:03, 17.44it/s]
Epoch 21/50 [Val]:  48%|████▊     | 54/113 [00:03<00:03, 17.60it/s]
Epoch 21/50 [Val]:  50%|████▉     | 56/113 [00:03<00:03, 17.65it/s]
Epoch 21/50 [Val]:  51%|█████▏    | 58/113 [00:03<00:03, 16.83it/s]
Epoch 21/50 [Val]:  53%|█████▎    | 60/113 [00:03<00:03, 17.26it/s]
Epoch 21/50 [Val]:  55%|█████▍    | 62/113 [00:03<00:02, 17.32it/s]
Epoch 21/50 [Val]:  57%|█████▋    | 64/113 [00:03<00:02, 17.34it/s]
Epoch 21/50 [Val]:  58%|█████▊    | 66/113 [00:03<00:02, 16.98it/s]
Epoch 21/50 [Val]:  60%|██████    | 68/113 [00:04<00:02, 16.94it/s]
Epoch 21/50 [Val]:  62%|██████▏   | 70/113 [00:04<00:02, 17.17it/s]
Epoch 21/50 [Val]:  64%|██████▎   | 72/113 [00:04<00:02, 17.37it/s]
Epoch 21/50 [Val]:  65%|██████▌   | 74/113 [00:04<00:02, 17.60it/s]
Epoch 21/50 [Val]:  67%|██████▋   | 76/113 [00:04<00:02, 17.72it/s]
Epoch 21/50 [Val]:  69%|██████▉   | 78/113 [00:04<00:01, 17.71it/s]
Epoch 21/50 [Val]:  71%|███████   | 80/113 [00:04<00:01, 17.52it/s]
Epoch 21/50 [Val]:  73%|███████▎  | 82/113 [00:04<00:01, 17.39it/s]
Epoch 21/50 [Val]:  74%|███████▍  | 84/113 [00:04<00:01, 17.45it/s]
Epoch 21/50 [Val]:  76%|███████▌  | 86/113 [00:05<00:01, 17.47it/s]
Epoch 21/50 [Val]:  78%|███████▊  | 88/113 [00:05<00:01, 17.45it/s]
Epoch 21/50 [Val]:  80%|███████▉  | 90/113 [00:05<00:01, 17.72it/s]
Epoch 21/50 [Val]:  81%|████████▏ | 92/113 [00:05<00:01, 17.76it/s]
Epoch 21/50 [Val]:  83%|████████▎ | 94/113 [00:05<00:01, 18.05it/s]
Epoch 21/50 [Val]:  85%|████████▍ | 96/113 [00:05<00:00, 18.24it/s]
Epoch 21/50 [Val]:  87%|████████▋ | 98/113 [00:05<00:00, 18.37it/s]
Epoch 21/50 [Val]:  88%|████████▊ | 100/113 [00:05<00:00, 18.02it/s]
Epoch 21/50 [Val]:  90%|█████████ | 102/113 [00:05<00:00, 17.56it/s]
Epoch 21/50 [Val]:  92%|█████████▏| 104/113 [00:06<00:00, 17.79it/s]
Epoch 21/50 [Val]:  94%|█████████▍| 106/113 [00:06<00:00, 17.76it/s]
Epoch 21/50 [Val]:  96%|█████████▌| 108/113 [00:06<00:00, 18.01it/s]
Epoch 21/50 [Val]:  97%|█████████▋| 110/113 [00:06<00:00, 18.15it/s]
Epoch 21/50 [Val]:  99%|█████████▉| 112/113 [00:06<00:00, 18.08it/s]
                                                                    

Epoch 22/50 [Train]:   0%|          | 0/459 [00:00<?, ?it/s]
Epoch 22/50 [Train]:   0%|          | 2/459 [00:00<00:23, 19.79it/s]
Epoch 22/50 [Train]:   1%|          | 5/459 [00:00<00:22, 20.35it/s]
Epoch 22/50 [Train]:   2%|▏         | 8/459 [00:00<00:21, 20.65it/s]
Epoch 22/50 [Train]:   2%|▏         | 11/459 [00:00<00:21, 20.77it/s]
Epoch 22/50 [Train]:   3%|▎         | 14/459 [00:00<00:21, 20.52it/s]
Epoch 22/50 [Train]:   4%|▎         | 17/459 [00:00<00:21, 20.67it/s]
Epoch 22/50 [Train]:   4%|▍         | 20/459 [00:00<00:21, 20.69it/s]
Epoch 22/50 [Train]:   5%|▌         | 23/459 [00:01<00:20, 20.79it/s]
Epoch 22/50 [Train]:   6%|▌         | 26/459 [00:01<00:20, 20.77it/s]
Epoch 22/50 [Train]:   6%|▋         | 29/459 [00:01<00:20, 20.75it/s]
Epoch 22/50 [Train]:   7%|▋         | 32/459 [00:01<00:20, 20.75it/s]
Epoch 22/50 [Train]:   8%|▊         | 35/459 [00:01<00:20, 20.75it/s]
Epoch 22/50 [Train]:   8%|▊         | 38/459 [00:01<00:20, 20.48it/s]
Epoch 22/50 [Train]:   9%|▉         | 41/459 [00:01<00:20, 20.39it/s]
Epoch 22/50 [Train]:  10%|▉         | 44/459 [00:02<00:20, 20.48it/s]
Epoch 22/50 [Train]:  10%|█         | 47/459 [00:02<00:20, 20.37it/s]
Epoch 22/50 [Train]:  11%|█         | 50/459 [00:02<00:19, 20.48it/s]
Epoch 22/50 [Train]:  12%|█▏        | 53/459 [00:02<00:19, 20.32it/s]
Epoch 22/50 [Train]:  12%|█▏        | 56/459 [00:02<00:19, 20.56it/s]
Epoch 22/50 [Train]:  13%|█▎        | 59/459 [00:02<00:19, 20.66it/s]
Epoch 22/50 [Train]:  14%|█▎        | 62/459 [00:03<00:19, 20.59it/s]
Epoch 22/50 [Train]:  14%|█▍        | 65/459 [00:03<00:19, 20.58it/s]
Epoch 22/50 [Train]:  15%|█▍        | 68/459 [00:03<00:19, 20.50it/s]
Epoch 22/50 [Train]:  15%|█▌        | 71/459 [00:03<00:18, 20.53it/s]
Epoch 22/50 [Train]:  16%|█▌        | 74/459 [00:03<00:18, 20.69it/s]
Epoch 22/50 [Train]:  17%|█▋        | 77/459 [00:03<00:18, 20.67it/s]
Epoch 22/50 [Train]:  17%|█▋        | 80/459 [00:03<00:18, 20.55it/s]
Epoch 22/50 [Train]:  18%|█▊        | 83/459 [00:04<00:18, 20.69it/s]
Epoch 22/50 [Train]:  19%|█▊        | 86/459 [00:04<00:17, 20.76it/s]
Epoch 22/50 [Train]:  19%|█▉        | 89/459 [00:04<00:17, 20.62it/s]
Epoch 22/50 [Train]:  20%|██        | 92/459 [00:04<00:17, 20.66it/s]
Epoch 22/50 [Train]:  21%|██        | 95/459 [00:04<00:17, 20.75it/s]
Epoch 22/50 [Train]:  21%|██▏       | 98/459 [00:04<00:17, 20.71it/s]
Epoch 22/50 [Train]:  22%|██▏       | 101/459 [00:04<00:17, 20.74it/s]
Epoch 22/50 [Train]:  23%|██▎       | 104/459 [00:05<00:17, 20.79it/s]
Epoch 22/50 [Train]:  23%|██▎       | 107/459 [00:05<00:16, 20.84it/s]
Epoch 22/50 [Train]:  24%|██▍       | 110/459 [00:05<00:16, 20.75it/s]
Epoch 22/50 [Train]:  25%|██▍       | 113/459 [00:05<00:16, 20.62it/s]
Epoch 22/50 [Train]:  25%|██▌       | 116/459 [00:05<00:16, 20.72it/s]
Epoch 22/50 [Train]:  26%|██▌       | 119/459 [00:05<00:16, 20.69it/s]
Epoch 22/50 [Train]:  27%|██▋       | 122/459 [00:05<00:16, 20.71it/s]
Epoch 22/50 [Train]:  27%|██▋       | 125/459 [00:06<00:16, 20.73it/s]
Epoch 22/50 [Train]:  28%|██▊       | 128/459 [00:06<00:15, 20.80it/s]
Epoch 22/50 [Train]:  29%|██▊       | 131/459 [00:06<00:15, 20.91it/s]
Epoch 22/50 [Train]:  29%|██▉       | 134/459 [00:06<00:15, 21.00it/s]
Epoch 22/50 [Train]:  30%|██▉       | 137/459 [00:06<00:15, 20.81it/s]
Epoch 22/50 [Train]:  31%|███       | 140/459 [00:06<00:15, 20.94it/s]
Epoch 22/50 [Train]:  31%|███       | 143/459 [00:06<00:15, 20.73it/s]
Epoch 22/50 [Train]:  32%|███▏      | 146/459 [00:07<00:15, 20.85it/s]
Epoch 22/50 [Train]:  32%|███▏      | 149/459 [00:07<00:14, 21.04it/s]
Epoch 22/50 [Train]:  33%|███▎      | 152/459 [00:07<00:14, 21.00it/s]
Epoch 22/50 [Train]:  34%|███▍      | 155/459 [00:07<00:14, 21.02it/s]
Epoch 22/50 [Train]:  34%|███▍      | 158/459 [00:07<00:14, 20.90it/s]
Epoch 22/50 [Train]:  35%|███▌      | 161/459 [00:07<00:14, 20.87it/s]
Epoch 22/50 [Train]:  36%|███▌      | 164/459 [00:07<00:14, 20.92it/s]
Epoch 22/50 [Train]:  36%|███▋      | 167/459 [00:08<00:14, 20.68it/s]
Epoch 22/50 [Train]:  37%|███▋      | 170/459 [00:08<00:13, 20.72it/s]
Epoch 22/50 [Train]:  38%|███▊      | 173/459 [00:08<00:13, 20.73it/s]
Epoch 22/50 [Train]:  38%|███▊      | 176/459 [00:08<00:13, 20.87it/s]
Epoch 22/50 [Train]:  39%|███▉      | 179/459 [00:08<00:13, 20.84it/s]
Epoch 22/50 [Train]:  40%|███▉      | 182/459 [00:08<00:13, 20.94it/s]
Epoch 22/50 [Train]:  40%|████      | 185/459 [00:08<00:13, 20.99it/s]
Epoch 22/50 [Train]:  41%|████      | 188/459 [00:09<00:12, 21.03it/s]
Epoch 22/50 [Train]:  42%|████▏     | 191/459 [00:09<00:12, 21.04it/s]
Epoch 22/50 [Train]:  42%|████▏     | 194/459 [00:09<00:12, 21.04it/s]
Epoch 22/50 [Train]:  43%|████▎     | 197/459 [00:09<00:12, 21.04it/s]
Epoch 22/50 [Train]:  44%|████▎     | 200/459 [00:09<00:12, 20.93it/s]
Epoch 22/50 [Train]:  44%|████▍     | 203/459 [00:09<00:12, 20.85it/s]
Epoch 22/50 [Train]:  45%|████▍     | 206/459 [00:09<00:12, 20.71it/s]
Epoch 22/50 [Train]:  46%|████▌     | 209/459 [00:10<00:12, 20.65it/s]
Epoch 22/50 [Train]:  46%|████▌     | 212/459 [00:10<00:12, 20.43it/s]
Epoch 22/50 [Train]:  47%|████▋     | 215/459 [00:10<00:11, 20.52it/s]
Epoch 22/50 [Train]:  47%|████▋     | 218/459 [00:10<00:11, 20.70it/s]
Epoch 22/50 [Train]:  48%|████▊     | 221/459 [00:10<00:11, 20.75it/s]
Epoch 22/50 [Train]:  49%|████▉     | 224/459 [00:10<00:11, 20.73it/s]
Epoch 22/50 [Train]:  49%|████▉     | 227/459 [00:10<00:11, 20.46it/s]
Epoch 22/50 [Train]:  50%|█████     | 230/459 [00:11<00:11, 20.62it/s]
Epoch 22/50 [Train]:  51%|█████     | 233/459 [00:11<00:10, 20.55it/s]
Epoch 22/50 [Train]:  51%|█████▏    | 236/459 [00:11<00:10, 20.74it/s]
Epoch 22/50 [Train]:  52%|█████▏    | 239/459 [00:11<00:10, 20.75it/s]
Epoch 22/50 [Train]:  53%|█████▎    | 242/459 [00:11<00:10, 20.63it/s]
Epoch 22/50 [Train]:  53%|█████▎    | 245/459 [00:11<00:10, 20.61it/s]
Epoch 22/50 [Train]:  54%|█████▍    | 248/459 [00:11<00:10, 20.67it/s]
Epoch 22/50 [Train]:  55%|█████▍    | 251/459 [00:12<00:09, 20.85it/s]
Epoch 22/50 [Train]:  55%|█████▌    | 254/459 [00:12<00:09, 20.80it/s]
Epoch 22/50 [Train]:  56%|█████▌    | 257/459 [00:12<00:09, 20.74it/s]
Epoch 22/50 [Train]:  57%|█████▋    | 260/459 [00:12<00:09, 20.61it/s]
Epoch 22/50 [Train]:  57%|█████▋    | 263/459 [00:12<00:09, 20.57it/s]
Epoch 22/50 [Train]:  58%|█████▊    | 266/459 [00:12<00:09, 20.51it/s]
Epoch 22/50 [Train]:  59%|█████▊    | 269/459 [00:12<00:09, 20.66it/s]
Epoch 22/50 [Train]:  59%|█████▉    | 272/459 [00:13<00:09, 20.67it/s]
Epoch 22/50 [Train]:  60%|█████▉    | 275/459 [00:13<00:08, 20.59it/s]
Epoch 22/50 [Train]:  61%|██████    | 278/459 [00:13<00:08, 20.51it/s]
Epoch 22/50 [Train]:  61%|██████    | 281/459 [00:13<00:08, 20.59it/s]
Epoch 22/50 [Train]:  62%|██████▏   | 284/459 [00:13<00:08, 20.73it/s]
Epoch 22/50 [Train]:  63%|██████▎   | 287/459 [00:13<00:08, 20.65it/s]
Epoch 22/50 [Train]:  63%|██████▎   | 290/459 [00:14<00:08, 20.64it/s]
Epoch 22/50 [Train]:  64%|██████▍   | 293/459 [00:14<00:08, 20.61it/s]
Epoch 22/50 [Train]:  64%|██████▍   | 296/459 [00:14<00:07, 20.62it/s]
Epoch 22/50 [Train]:  65%|██████▌   | 299/459 [00:14<00:07, 20.53it/s]
Epoch 22/50 [Train]:  66%|██████▌   | 302/459 [00:14<00:07, 20.67it/s]
Epoch 22/50 [Train]:  66%|██████▋   | 305/459 [00:14<00:07, 20.80it/s]
Epoch 22/50 [Train]:  67%|██████▋   | 308/459 [00:14<00:07, 20.89it/s]
Epoch 22/50 [Train]:  68%|██████▊   | 311/459 [00:15<00:07, 20.89it/s]
Epoch 22/50 [Train]:  68%|██████▊   | 314/459 [00:15<00:06, 20.92it/s]
Epoch 22/50 [Train]:  69%|██████▉   | 317/459 [00:15<00:06, 20.96it/s]
Epoch 22/50 [Train]:  70%|██████▉   | 320/459 [00:15<00:06, 20.80it/s]
Epoch 22/50 [Train]:  70%|███████   | 323/459 [00:15<00:06, 20.75it/s]
Epoch 22/50 [Train]:  71%|███████   | 326/459 [00:15<00:06, 20.80it/s]
Epoch 22/50 [Train]:  72%|███████▏  | 329/459 [00:15<00:06, 20.76it/s]
Epoch 22/50 [Train]:  72%|███████▏  | 332/459 [00:16<00:06, 20.72it/s]
Epoch 22/50 [Train]:  73%|███████▎  | 335/459 [00:16<00:06, 20.58it/s]
Epoch 22/50 [Train]:  74%|███████▎  | 338/459 [00:16<00:05, 20.75it/s]
Epoch 22/50 [Train]:  74%|███████▍  | 341/459 [00:16<00:05, 20.82it/s]
Epoch 22/50 [Train]:  75%|███████▍  | 344/459 [00:16<00:05, 20.82it/s]
Epoch 22/50 [Train]:  76%|███████▌  | 347/459 [00:16<00:05, 20.83it/s]
Epoch 22/50 [Train]:  76%|███████▋  | 350/459 [00:16<00:05, 20.85it/s]
Epoch 22/50 [Train]:  77%|███████▋  | 353/459 [00:17<00:05, 20.86it/s]
Epoch 22/50 [Train]:  78%|███████▊  | 356/459 [00:17<00:04, 20.89it/s]
Epoch 22/50 [Train]:  78%|███████▊  | 359/459 [00:17<00:04, 20.70it/s]
Epoch 22/50 [Train]:  79%|███████▉  | 362/459 [00:17<00:04, 20.84it/s]
Epoch 22/50 [Train]:  80%|███████▉  | 365/459 [00:17<00:04, 20.65it/s]
Epoch 22/50 [Train]:  80%|████████  | 368/459 [00:17<00:04, 20.63it/s]
Epoch 22/50 [Train]:  81%|████████  | 371/459 [00:17<00:04, 20.56it/s]
Epoch 22/50 [Train]:  81%|████████▏ | 374/459 [00:18<00:04, 20.68it/s]
Epoch 22/50 [Train]:  82%|████████▏ | 377/459 [00:18<00:03, 20.73it/s]
Epoch 22/50 [Train]:  83%|████████▎ | 380/459 [00:18<00:03, 20.76it/s]
Epoch 22/50 [Train]:  83%|████████▎ | 383/459 [00:18<00:03, 20.73it/s]
Epoch 22/50 [Train]:  84%|████████▍ | 386/459 [00:18<00:03, 20.83it/s]
Epoch 22/50 [Train]:  85%|████████▍ | 389/459 [00:18<00:03, 20.85it/s]
Epoch 22/50 [Train]:  85%|████████▌ | 392/459 [00:18<00:03, 20.84it/s]
Epoch 22/50 [Train]:  86%|████████▌ | 395/459 [00:19<00:03, 20.86it/s]
Epoch 22/50 [Train]:  87%|████████▋ | 398/459 [00:19<00:02, 20.92it/s]
Epoch 22/50 [Train]:  87%|████████▋ | 401/459 [00:19<00:02, 20.76it/s]
Epoch 22/50 [Train]:  88%|████████▊ | 404/459 [00:19<00:02, 20.75it/s]
Epoch 22/50 [Train]:  89%|████████▊ | 407/459 [00:19<00:02, 20.65it/s]
Epoch 22/50 [Train]:  89%|████████▉ | 410/459 [00:19<00:02, 20.62it/s]
Epoch 22/50 [Train]:  90%|████████▉ | 413/459 [00:19<00:02, 20.74it/s]
Epoch 22/50 [Train]:  91%|█████████ | 416/459 [00:20<00:02, 20.60it/s]
Epoch 22/50 [Train]:  91%|█████████▏| 419/459 [00:20<00:01, 20.71it/s]
Epoch 22/50 [Train]:  92%|█████████▏| 422/459 [00:20<00:01, 20.87it/s]
Epoch 22/50 [Train]:  93%|█████████▎| 425/459 [00:20<00:01, 20.92it/s]
Epoch 22/50 [Train]:  93%|█████████▎| 428/459 [00:20<00:01, 20.67it/s]
Epoch 22/50 [Train]:  94%|█████████▍| 431/459 [00:20<00:01, 20.75it/s]
Epoch 22/50 [Train]:  95%|█████████▍| 434/459 [00:20<00:01, 20.73it/s]
Epoch 22/50 [Train]:  95%|█████████▌| 437/459 [00:21<00:01, 20.75it/s]
Epoch 22/50 [Train]:  96%|█████████▌| 440/459 [00:21<00:00, 20.81it/s]
Epoch 22/50 [Train]:  97%|█████████▋| 443/459 [00:21<00:00, 20.75it/s]
Epoch 22/50 [Train]:  97%|█████████▋| 446/459 [00:21<00:00, 20.73it/s]
Epoch 22/50 [Train]:  98%|█████████▊| 449/459 [00:21<00:00, 20.71it/s]
Epoch 22/50 [Train]:  98%|█████████▊| 452/459 [00:21<00:00, 20.77it/s]
Epoch 22/50 [Train]:  99%|█████████▉| 455/459 [00:21<00:00, 20.72it/s]
Epoch 22/50 [Train]: 100%|█████████▉| 458/459 [00:22<00:00, 20.67it/s]
                                                                      

Epoch 22/50 [Val]:   0%|          | 0/113 [00:00<?, ?it/s]
Epoch 22/50 [Val]:   2%|▏         | 2/113 [00:00<00:06, 17.85it/s]
Epoch 22/50 [Val]:   4%|▎         | 4/113 [00:00<00:06, 17.31it/s]
Epoch 22/50 [Val]:   5%|▌         | 6/113 [00:00<00:06, 17.37it/s]
Epoch 22/50 [Val]:   7%|▋         | 8/113 [00:00<00:05, 17.50it/s]
Epoch 22/50 [Val]:   9%|▉         | 10/113 [00:00<00:05, 17.97it/s]
Epoch 22/50 [Val]:  11%|█         | 12/113 [00:00<00:05, 17.89it/s]
Epoch 22/50 [Val]:  12%|█▏        | 14/113 [00:00<00:05, 17.90it/s]
Epoch 22/50 [Val]:  14%|█▍        | 16/113 [00:00<00:05, 16.93it/s]
Epoch 22/50 [Val]:  16%|█▌        | 18/113 [00:01<00:05, 16.41it/s]
Epoch 22/50 [Val]:  18%|█▊        | 20/113 [00:01<00:05, 16.11it/s]
Epoch 22/50 [Val]:  19%|█▉        | 22/113 [00:01<00:05, 15.90it/s]
Epoch 22/50 [Val]:  21%|██        | 24/113 [00:01<00:05, 15.73it/s]
Epoch 22/50 [Val]:  23%|██▎       | 26/113 [00:01<00:05, 15.94it/s]
Epoch 22/50 [Val]:  25%|██▍       | 28/113 [00:01<00:05, 16.15it/s]
Epoch 22/50 [Val]:  27%|██▋       | 30/113 [00:01<00:05, 16.40it/s]
Epoch 22/50 [Val]:  28%|██▊       | 32/113 [00:01<00:04, 16.69it/s]
Epoch 22/50 [Val]:  30%|███       | 34/113 [00:02<00:04, 16.85it/s]
Epoch 22/50 [Val]:  32%|███▏      | 36/113 [00:02<00:04, 17.20it/s]
Epoch 22/50 [Val]:  34%|███▎      | 38/113 [00:02<00:04, 17.35it/s]
Epoch 22/50 [Val]:  35%|███▌      | 40/113 [00:02<00:04, 17.45it/s]
Epoch 22/50 [Val]:  37%|███▋      | 42/113 [00:02<00:04, 17.46it/s]
Epoch 22/50 [Val]:  39%|███▉      | 44/113 [00:02<00:03, 17.27it/s]
Epoch 22/50 [Val]:  41%|████      | 46/113 [00:02<00:03, 16.98it/s]
Epoch 22/50 [Val]:  42%|████▏     | 48/113 [00:02<00:03, 16.85it/s]
Epoch 22/50 [Val]:  44%|████▍     | 50/113 [00:02<00:03, 17.10it/s]
Epoch 22/50 [Val]:  46%|████▌     | 52/113 [00:03<00:03, 17.36it/s]
Epoch 22/50 [Val]:  48%|████▊     | 54/113 [00:03<00:03, 17.59it/s]
Epoch 22/50 [Val]:  50%|████▉     | 56/113 [00:03<00:03, 17.60it/s]
Epoch 22/50 [Val]:  51%|█████▏    | 58/113 [00:03<00:03, 16.94it/s]
Epoch 22/50 [Val]:  53%|█████▎    | 60/113 [00:03<00:03, 17.34it/s]
Epoch 22/50 [Val]:  55%|█████▍    | 62/113 [00:03<00:02, 17.30it/s]
Epoch 22/50 [Val]:  57%|█████▋    | 64/113 [00:03<00:02, 17.32it/s]
Epoch 22/50 [Val]:  58%|█████▊    | 66/113 [00:03<00:02, 17.05it/s]
Epoch 22/50 [Val]:  60%|██████    | 68/113 [00:04<00:02, 16.93it/s]
Epoch 22/50 [Val]:  62%|██████▏   | 70/113 [00:04<00:02, 17.20it/s]
Epoch 22/50 [Val]:  64%|██████▎   | 72/113 [00:04<00:02, 17.46it/s]
Epoch 22/50 [Val]:  65%|██████▌   | 74/113 [00:04<00:02, 17.58it/s]
Epoch 22/50 [Val]:  67%|██████▋   | 76/113 [00:04<00:02, 17.53it/s]
Epoch 22/50 [Val]:  69%|██████▉   | 78/113 [00:04<00:02, 17.42it/s]
Epoch 22/50 [Val]:  71%|███████   | 80/113 [00:04<00:01, 17.45it/s]
Epoch 22/50 [Val]:  73%|███████▎  | 82/113 [00:04<00:01, 17.50it/s]
Epoch 22/50 [Val]:  74%|███████▍  | 84/113 [00:04<00:01, 17.60it/s]
Epoch 22/50 [Val]:  76%|███████▌  | 86/113 [00:05<00:01, 17.59it/s]
Epoch 22/50 [Val]:  78%|███████▊  | 88/113 [00:05<00:01, 17.53it/s]
Epoch 22/50 [Val]:  80%|███████▉  | 90/113 [00:05<00:01, 17.86it/s]
Epoch 22/50 [Val]:  81%|████████▏ | 92/113 [00:05<00:01, 17.83it/s]
Epoch 22/50 [Val]:  83%|████████▎ | 94/113 [00:05<00:01, 17.97it/s]
Epoch 22/50 [Val]:  85%|████████▍ | 96/113 [00:05<00:00, 18.20it/s]
Epoch 22/50 [Val]:  87%|████████▋ | 98/113 [00:05<00:00, 18.14it/s]
Epoch 22/50 [Val]:  88%|████████▊ | 100/113 [00:05<00:00, 17.71it/s]
Epoch 22/50 [Val]:  90%|█████████ | 102/113 [00:05<00:00, 17.52it/s]
Epoch 22/50 [Val]:  92%|█████████▏| 104/113 [00:06<00:00, 17.71it/s]
Epoch 22/50 [Val]:  94%|█████████▍| 106/113 [00:06<00:00, 17.79it/s]
Epoch 22/50 [Val]:  96%|█████████▌| 108/113 [00:06<00:00, 18.05it/s]
Epoch 22/50 [Val]:  97%|█████████▋| 110/113 [00:06<00:00, 18.21it/s]
Epoch 22/50 [Val]:  99%|█████████▉| 112/113 [00:06<00:00, 18.22it/s]
                                                                    

Epoch 23/50 [Train]:   0%|          | 0/459 [00:00<?, ?it/s]
Epoch 23/50 [Train]:   0%|          | 2/459 [00:00<00:22, 19.87it/s]
Epoch 23/50 [Train]:   1%|          | 5/459 [00:00<00:22, 20.14it/s]
Epoch 23/50 [Train]:   2%|▏         | 8/459 [00:00<00:21, 20.51it/s]
Epoch 23/50 [Train]:   2%|▏         | 11/459 [00:00<00:21, 20.82it/s]
Epoch 23/50 [Train]:   3%|▎         | 14/459 [00:00<00:21, 20.90it/s]
Epoch 23/50 [Train]:   4%|▎         | 17/459 [00:00<00:21, 20.93it/s]
Epoch 23/50 [Train]:   4%|▍         | 20/459 [00:00<00:20, 21.04it/s]
Epoch 23/50 [Train]:   5%|▌         | 23/459 [00:01<00:20, 21.00it/s]
Epoch 23/50 [Train]:   6%|▌         | 26/459 [00:01<00:20, 20.88it/s]
Epoch 23/50 [Train]:   6%|▋         | 29/459 [00:01<00:20, 20.75it/s]
Epoch 23/50 [Train]:   7%|▋         | 32/459 [00:01<00:20, 20.82it/s]
Epoch 23/50 [Train]:   8%|▊         | 35/459 [00:01<00:20, 20.80it/s]
Epoch 23/50 [Train]:   8%|▊         | 38/459 [00:01<00:20, 20.70it/s]
Epoch 23/50 [Train]:   9%|▉         | 41/459 [00:01<00:20, 20.77it/s]
Epoch 23/50 [Train]:  10%|▉         | 44/459 [00:02<00:19, 20.79it/s]
Epoch 23/50 [Train]:  10%|█         | 47/459 [00:02<00:19, 20.84it/s]
Epoch 23/50 [Train]:  11%|█         | 50/459 [00:02<00:19, 20.88it/s]
Epoch 23/50 [Train]:  12%|█▏        | 53/459 [00:02<00:19, 20.91it/s]
Epoch 23/50 [Train]:  12%|█▏        | 56/459 [00:02<00:19, 20.90it/s]
Epoch 23/50 [Train]:  13%|█▎        | 59/459 [00:02<00:19, 20.99it/s]
Epoch 23/50 [Train]:  14%|█▎        | 62/459 [00:02<00:18, 21.02it/s]
Epoch 23/50 [Train]:  14%|█▍        | 65/459 [00:03<00:18, 20.76it/s]
Epoch 23/50 [Train]:  15%|█▍        | 68/459 [00:03<00:19, 20.26it/s]
Epoch 23/50 [Train]:  15%|█▌        | 71/459 [00:03<00:19, 20.24it/s]
Epoch 23/50 [Train]:  16%|█▌        | 74/459 [00:03<00:18, 20.41it/s]
Epoch 23/50 [Train]:  17%|█▋        | 77/459 [00:03<00:18, 20.53it/s]
Epoch 23/50 [Train]:  17%|█▋        | 80/459 [00:03<00:18, 20.63it/s]
Epoch 23/50 [Train]:  18%|█▊        | 83/459 [00:04<00:18, 20.55it/s]
Epoch 23/50 [Train]:  19%|█▊        | 86/459 [00:04<00:18, 20.54it/s]
Epoch 23/50 [Train]:  19%|█▉        | 89/459 [00:04<00:17, 20.71it/s]
Epoch 23/50 [Train]:  20%|██        | 92/459 [00:04<00:17, 20.69it/s]
Epoch 23/50 [Train]:  21%|██        | 95/459 [00:04<00:17, 20.69it/s]
Epoch 23/50 [Train]:  21%|██▏       | 98/459 [00:04<00:17, 20.76it/s]
Epoch 23/50 [Train]:  22%|██▏       | 101/459 [00:04<00:17, 20.91it/s]
Epoch 23/50 [Train]:  23%|██▎       | 104/459 [00:05<00:16, 20.94it/s]
Epoch 23/50 [Train]:  23%|██▎       | 107/459 [00:05<00:16, 20.97it/s]
Epoch 23/50 [Train]:  24%|██▍       | 110/459 [00:05<00:16, 20.88it/s]
Epoch 23/50 [Train]:  25%|██▍       | 113/459 [00:05<00:16, 20.86it/s]
Epoch 23/50 [Train]:  25%|██▌       | 116/459 [00:05<00:16, 20.88it/s]
Epoch 23/50 [Train]:  26%|██▌       | 119/459 [00:05<00:16, 20.86it/s]
Epoch 23/50 [Train]:  27%|██▋       | 122/459 [00:05<00:16, 20.74it/s]
Epoch 23/50 [Train]:  27%|██▋       | 125/459 [00:06<00:16, 20.60it/s]
Epoch 23/50 [Train]:  28%|██▊       | 128/459 [00:06<00:15, 20.79it/s]
Epoch 23/50 [Train]:  29%|██▊       | 131/459 [00:06<00:15, 20.65it/s]
Epoch 23/50 [Train]:  29%|██▉       | 134/459 [00:06<00:15, 20.58it/s]
Epoch 23/50 [Train]:  30%|██▉       | 137/459 [00:06<00:15, 20.52it/s]
Epoch 23/50 [Train]:  31%|███       | 140/459 [00:06<00:15, 20.42it/s]
Epoch 23/50 [Train]:  31%|███       | 143/459 [00:06<00:15, 20.19it/s]
Epoch 23/50 [Train]:  32%|███▏      | 146/459 [00:07<00:15, 20.42it/s]
Epoch 23/50 [Train]:  32%|███▏      | 149/459 [00:07<00:15, 20.52it/s]
Epoch 23/50 [Train]:  33%|███▎      | 152/459 [00:07<00:14, 20.68it/s]
Epoch 23/50 [Train]:  34%|███▍      | 155/459 [00:07<00:14, 20.77it/s]
Epoch 23/50 [Train]:  34%|███▍      | 158/459 [00:07<00:14, 20.51it/s]
Epoch 23/50 [Train]:  35%|███▌      | 161/459 [00:07<00:14, 20.41it/s]
Epoch 23/50 [Train]:  36%|███▌      | 164/459 [00:07<00:14, 20.55it/s]
Epoch 23/50 [Train]:  36%|███▋      | 167/459 [00:08<00:14, 20.61it/s]
Epoch 23/50 [Train]:  37%|███▋      | 170/459 [00:08<00:14, 20.63it/s]
Epoch 23/50 [Train]:  38%|███▊      | 173/459 [00:08<00:13, 20.60it/s]
Epoch 23/50 [Train]:  38%|███▊      | 176/459 [00:08<00:13, 20.67it/s]
Epoch 23/50 [Train]:  39%|███▉      | 179/459 [00:08<00:13, 20.84it/s]
Epoch 23/50 [Train]:  40%|███▉      | 182/459 [00:08<00:13, 20.66it/s]
Epoch 23/50 [Train]:  40%|████      | 185/459 [00:08<00:13, 20.53it/s]
Epoch 23/50 [Train]:  41%|████      | 188/459 [00:09<00:13, 20.46it/s]
Epoch 23/50 [Train]:  42%|████▏     | 191/459 [00:09<00:13, 20.34it/s]
Epoch 23/50 [Train]:  42%|████▏     | 194/459 [00:09<00:13, 20.23it/s]
Epoch 23/50 [Train]:  43%|████▎     | 197/459 [00:09<00:13, 20.13it/s]
Epoch 23/50 [Train]:  44%|████▎     | 200/459 [00:09<00:12, 20.24it/s]
Epoch 23/50 [Train]:  44%|████▍     | 203/459 [00:09<00:12, 20.38it/s]
Epoch 23/50 [Train]:  45%|████▍     | 206/459 [00:09<00:12, 20.04it/s]
Epoch 23/50 [Train]:  46%|████▌     | 209/459 [00:10<00:12, 20.26it/s]
Epoch 23/50 [Train]:  46%|████▌     | 212/459 [00:10<00:12, 20.32it/s]
Epoch 23/50 [Train]:  47%|████▋     | 215/459 [00:10<00:12, 20.31it/s]
Epoch 23/50 [Train]:  47%|████▋     | 218/459 [00:10<00:11, 20.30it/s]
Epoch 23/50 [Train]:  48%|████▊     | 221/459 [00:10<00:11, 20.12it/s]
Epoch 23/50 [Train]:  49%|████▉     | 224/459 [00:10<00:11, 20.03it/s]
Epoch 23/50 [Train]:  49%|████▉     | 227/459 [00:11<00:11, 19.87it/s]
Epoch 23/50 [Train]:  50%|█████     | 230/459 [00:11<00:11, 20.16it/s]
Epoch 23/50 [Train]:  51%|█████     | 233/459 [00:11<00:11, 20.27it/s]
Epoch 23/50 [Train]:  51%|█████▏    | 236/459 [00:11<00:11, 20.20it/s]
Epoch 23/50 [Train]:  52%|█████▏    | 239/459 [00:11<00:10, 20.34it/s]
Epoch 23/50 [Train]:  53%|█████▎    | 242/459 [00:11<00:10, 20.52it/s]
Epoch 23/50 [Train]:  53%|█████▎    | 245/459 [00:11<00:10, 20.57it/s]
Epoch 23/50 [Train]:  54%|█████▍    | 248/459 [00:12<00:10, 20.53it/s]
Epoch 23/50 [Train]:  55%|█████▍    | 251/459 [00:12<00:10, 20.51it/s]
Epoch 23/50 [Train]:  55%|█████▌    | 254/459 [00:12<00:10, 20.27it/s]
Epoch 23/50 [Train]:  56%|█████▌    | 257/459 [00:12<00:09, 20.23it/s]
Epoch 23/50 [Train]:  57%|█████▋    | 260/459 [00:12<00:09, 20.37it/s]
Epoch 23/50 [Train]:  57%|█████▋    | 263/459 [00:12<00:09, 20.52it/s]
Epoch 23/50 [Train]:  58%|█████▊    | 266/459 [00:12<00:09, 20.37it/s]
Epoch 23/50 [Train]:  59%|█████▊    | 269/459 [00:13<00:09, 20.29it/s]
Epoch 23/50 [Train]:  59%|█████▉    | 272/459 [00:13<00:09, 20.44it/s]
Epoch 23/50 [Train]:  60%|█████▉    | 275/459 [00:13<00:09, 20.36it/s]
Epoch 23/50 [Train]:  61%|██████    | 278/459 [00:13<00:08, 20.56it/s]
Epoch 23/50 [Train]:  61%|██████    | 281/459 [00:13<00:08, 20.39it/s]
Epoch 23/50 [Train]:  62%|██████▏   | 284/459 [00:13<00:08, 20.23it/s]
Epoch 23/50 [Train]:  63%|██████▎   | 287/459 [00:13<00:08, 20.45it/s]
Epoch 23/50 [Train]:  63%|██████▎   | 290/459 [00:14<00:08, 20.59it/s]
Epoch 23/50 [Train]:  64%|██████▍   | 293/459 [00:14<00:08, 20.61it/s]
Epoch 23/50 [Train]:  64%|██████▍   | 296/459 [00:14<00:07, 20.70it/s]
Epoch 23/50 [Train]:  65%|██████▌   | 299/459 [00:14<00:07, 20.89it/s]
Epoch 23/50 [Train]:  66%|██████▌   | 302/459 [00:14<00:07, 20.84it/s]
Epoch 23/50 [Train]:  66%|██████▋   | 305/459 [00:14<00:07, 20.86it/s]
Epoch 23/50 [Train]:  67%|██████▋   | 308/459 [00:14<00:07, 20.82it/s]
Epoch 23/50 [Train]:  68%|██████▊   | 311/459 [00:15<00:07, 20.75it/s]
Epoch 23/50 [Train]:  68%|██████▊   | 314/459 [00:15<00:06, 20.88it/s]
Epoch 23/50 [Train]:  69%|██████▉   | 317/459 [00:15<00:06, 20.88it/s]
Epoch 23/50 [Train]:  70%|██████▉   | 320/459 [00:15<00:06, 20.93it/s]
Epoch 23/50 [Train]:  70%|███████   | 323/459 [00:15<00:06, 20.90it/s]
Epoch 23/50 [Train]:  71%|███████   | 326/459 [00:15<00:06, 20.83it/s]
Epoch 23/50 [Train]:  72%|███████▏  | 329/459 [00:15<00:06, 20.88it/s]
Epoch 23/50 [Train]:  72%|███████▏  | 332/459 [00:16<00:06, 20.88it/s]
Epoch 23/50 [Train]:  73%|███████▎  | 335/459 [00:16<00:05, 20.91it/s]
Epoch 23/50 [Train]:  74%|███████▎  | 338/459 [00:16<00:05, 20.81it/s]
Epoch 23/50 [Train]:  74%|███████▍  | 341/459 [00:16<00:05, 20.88it/s]
Epoch 23/50 [Train]:  75%|███████▍  | 344/459 [00:16<00:05, 20.81it/s]
Epoch 23/50 [Train]:  76%|███████▌  | 347/459 [00:16<00:05, 20.71it/s]
Epoch 23/50 [Train]:  76%|███████▋  | 350/459 [00:16<00:05, 20.71it/s]
Epoch 23/50 [Train]:  77%|███████▋  | 353/459 [00:17<00:05, 20.69it/s]
Epoch 23/50 [Train]:  78%|███████▊  | 356/459 [00:17<00:04, 20.73it/s]
Epoch 23/50 [Train]:  78%|███████▊  | 359/459 [00:17<00:04, 20.87it/s]
Epoch 23/50 [Train]:  79%|███████▉  | 362/459 [00:17<00:04, 20.90it/s]
Epoch 23/50 [Train]:  80%|███████▉  | 365/459 [00:17<00:04, 20.84it/s]
Epoch 23/50 [Train]:  80%|████████  | 368/459 [00:17<00:04, 20.86it/s]
Epoch 23/50 [Train]:  81%|████████  | 371/459 [00:17<00:04, 20.91it/s]
Epoch 23/50 [Train]:  81%|████████▏ | 374/459 [00:18<00:04, 20.83it/s]
Epoch 23/50 [Train]:  82%|████████▏ | 377/459 [00:18<00:03, 20.87it/s]
Epoch 23/50 [Train]:  83%|████████▎ | 380/459 [00:18<00:03, 20.78it/s]
Epoch 23/50 [Train]:  83%|████████▎ | 383/459 [00:18<00:03, 20.83it/s]
Epoch 23/50 [Train]:  84%|████████▍ | 386/459 [00:18<00:03, 20.89it/s]
Epoch 23/50 [Train]:  85%|████████▍ | 389/459 [00:18<00:03, 20.76it/s]
Epoch 23/50 [Train]:  85%|████████▌ | 392/459 [00:19<00:03, 20.80it/s]
Epoch 23/50 [Train]:  86%|████████▌ | 395/459 [00:19<00:03, 20.89it/s]
Epoch 23/50 [Train]:  87%|████████▋ | 398/459 [00:19<00:02, 20.85it/s]
Epoch 23/50 [Train]:  87%|████████▋ | 401/459 [00:19<00:02, 20.82it/s]
Epoch 23/50 [Train]:  88%|████████▊ | 404/459 [00:19<00:02, 20.79it/s]
Epoch 23/50 [Train]:  89%|████████▊ | 407/459 [00:19<00:02, 20.80it/s]
Epoch 23/50 [Train]:  89%|████████▉ | 410/459 [00:19<00:02, 20.86it/s]
Epoch 23/50 [Train]:  90%|████████▉ | 413/459 [00:20<00:02, 20.77it/s]
Epoch 23/50 [Train]:  91%|█████████ | 416/459 [00:20<00:02, 20.79it/s]
Epoch 23/50 [Train]:  91%|█████████▏| 419/459 [00:20<00:01, 20.84it/s]
Epoch 23/50 [Train]:  92%|█████████▏| 422/459 [00:20<00:01, 20.81it/s]
Epoch 23/50 [Train]:  93%|█████████▎| 425/459 [00:20<00:01, 20.88it/s]
Epoch 23/50 [Train]:  93%|█████████▎| 428/459 [00:20<00:01, 20.86it/s]
Epoch 23/50 [Train]:  94%|█████████▍| 431/459 [00:20<00:01, 20.82it/s]
Epoch 23/50 [Train]:  95%|█████████▍| 434/459 [00:21<00:01, 20.85it/s]
Epoch 23/50 [Train]:  95%|█████████▌| 437/459 [00:21<00:01, 20.83it/s]
Epoch 23/50 [Train]:  96%|█████████▌| 440/459 [00:21<00:00, 20.67it/s]
Epoch 23/50 [Train]:  97%|█████████▋| 443/459 [00:21<00:00, 20.59it/s]
Epoch 23/50 [Train]:  97%|█████████▋| 446/459 [00:21<00:00, 20.30it/s]
Epoch 23/50 [Train]:  98%|█████████▊| 449/459 [00:21<00:00, 20.32it/s]
Epoch 23/50 [Train]:  98%|█████████▊| 452/459 [00:21<00:00, 20.21it/s]
Epoch 23/50 [Train]:  99%|█████████▉| 455/459 [00:22<00:00, 20.23it/s]
Epoch 23/50 [Train]: 100%|█████████▉| 458/459 [00:22<00:00, 20.17it/s]
                                                                      

Epoch 23/50 [Val]:   0%|          | 0/113 [00:00<?, ?it/s]
Epoch 23/50 [Val]:   2%|▏         | 2/113 [00:00<00:07, 15.76it/s]
Epoch 23/50 [Val]:   4%|▎         | 4/113 [00:00<00:06, 16.67it/s]
Epoch 23/50 [Val]:   5%|▌         | 6/113 [00:00<00:06, 16.90it/s]
Epoch 23/50 [Val]:   7%|▋         | 8/113 [00:00<00:06, 17.26it/s]
Epoch 23/50 [Val]:  10%|▉         | 11/113 [00:00<00:05, 18.22it/s]
Epoch 23/50 [Val]:  12%|█▏        | 13/113 [00:00<00:05, 18.12it/s]
Epoch 23/50 [Val]:  13%|█▎        | 15/113 [00:00<00:05, 17.46it/s]
Epoch 23/50 [Val]:  15%|█▌        | 17/113 [00:00<00:05, 16.49it/s]
Epoch 23/50 [Val]:  17%|█▋        | 19/113 [00:01<00:05, 16.12it/s]
Epoch 23/50 [Val]:  19%|█▊        | 21/113 [00:01<00:05, 16.00it/s]
Epoch 23/50 [Val]:  20%|██        | 23/113 [00:01<00:05, 15.96it/s]
Epoch 23/50 [Val]:  22%|██▏       | 25/113 [00:01<00:05, 15.82it/s]
Epoch 23/50 [Val]:  24%|██▍       | 27/113 [00:01<00:05, 16.07it/s]
Epoch 23/50 [Val]:  26%|██▌       | 29/113 [00:01<00:05, 16.21it/s]
Epoch 23/50 [Val]:  27%|██▋       | 31/113 [00:01<00:04, 16.53it/s]
Epoch 23/50 [Val]:  29%|██▉       | 33/113 [00:01<00:04, 16.67it/s]
Epoch 23/50 [Val]:  31%|███       | 35/113 [00:02<00:04, 16.84it/s]
Epoch 23/50 [Val]:  33%|███▎      | 37/113 [00:02<00:04, 17.30it/s]
Epoch 23/50 [Val]:  35%|███▍      | 39/113 [00:02<00:04, 17.60it/s]
Epoch 23/50 [Val]:  36%|███▋      | 41/113 [00:02<00:04, 17.60it/s]
Epoch 23/50 [Val]:  38%|███▊      | 43/113 [00:02<00:03, 17.82it/s]
Epoch 23/50 [Val]:  40%|███▉      | 45/113 [00:02<00:03, 17.25it/s]
Epoch 23/50 [Val]:  42%|████▏     | 47/113 [00:02<00:03, 17.25it/s]
Epoch 23/50 [Val]:  43%|████▎     | 49/113 [00:02<00:03, 17.29it/s]
Epoch 23/50 [Val]:  45%|████▌     | 51/113 [00:03<00:03, 17.66it/s]
Epoch 23/50 [Val]:  47%|████▋     | 53/113 [00:03<00:03, 17.86it/s]
Epoch 23/50 [Val]:  49%|████▊     | 55/113 [00:03<00:03, 18.05it/s]
Epoch 23/50 [Val]:  50%|█████     | 57/113 [00:03<00:03, 17.52it/s]
Epoch 23/50 [Val]:  52%|█████▏    | 59/113 [00:03<00:03, 17.36it/s]
Epoch 23/50 [Val]:  54%|█████▍    | 61/113 [00:03<00:02, 17.60it/s]
Epoch 23/50 [Val]:  56%|█████▌    | 63/113 [00:03<00:02, 17.62it/s]
Epoch 23/50 [Val]:  58%|█████▊    | 65/113 [00:03<00:02, 17.33it/s]
Epoch 23/50 [Val]:  59%|█████▉    | 67/113 [00:03<00:02, 17.16it/s]
Epoch 23/50 [Val]:  61%|██████    | 69/113 [00:04<00:02, 17.10it/s]
Epoch 23/50 [Val]:  63%|██████▎   | 71/113 [00:04<00:02, 17.25it/s]
Epoch 23/50 [Val]:  65%|██████▍   | 73/113 [00:04<00:02, 17.43it/s]
Epoch 23/50 [Val]:  66%|██████▋   | 75/113 [00:04<00:02, 17.67it/s]
Epoch 23/50 [Val]:  68%|██████▊   | 77/113 [00:04<00:02, 17.53it/s]
Epoch 23/50 [Val]:  70%|██████▉   | 79/113 [00:04<00:01, 17.61it/s]
Epoch 23/50 [Val]:  72%|███████▏  | 81/113 [00:04<00:01, 17.24it/s]
Epoch 23/50 [Val]:  73%|███████▎  | 83/113 [00:04<00:01, 17.29it/s]
Epoch 23/50 [Val]:  75%|███████▌  | 85/113 [00:04<00:01, 16.96it/s]
Epoch 23/50 [Val]:  77%|███████▋  | 87/113 [00:05<00:01, 16.89it/s]
Epoch 23/50 [Val]:  79%|███████▉  | 89/113 [00:05<00:01, 16.91it/s]
Epoch 23/50 [Val]:  81%|████████  | 91/113 [00:05<00:01, 17.36it/s]
Epoch 23/50 [Val]:  82%|████████▏ | 93/113 [00:05<00:01, 17.46it/s]
Epoch 23/50 [Val]:  84%|████████▍ | 95/113 [00:05<00:01, 17.72it/s]
Epoch 23/50 [Val]:  86%|████████▌ | 97/113 [00:05<00:00, 17.77it/s]
Epoch 23/50 [Val]:  88%|████████▊ | 99/113 [00:05<00:00, 17.61it/s]
Epoch 23/50 [Val]:  89%|████████▉ | 101/113 [00:05<00:00, 17.02it/s]
Epoch 23/50 [Val]:  91%|█████████ | 103/113 [00:06<00:00, 16.92it/s]
Epoch 23/50 [Val]:  93%|█████████▎| 105/113 [00:06<00:00, 17.08it/s]
Epoch 23/50 [Val]:  95%|█████████▍| 107/113 [00:06<00:00, 17.21it/s]
Epoch 23/50 [Val]:  96%|█████████▋| 109/113 [00:06<00:00, 17.61it/s]
Epoch 23/50 [Val]:  98%|█████████▊| 111/113 [00:06<00:00, 17.37it/s]
                                                                    

Epoch 24/50 [Train]:   0%|          | 0/459 [00:00<?, ?it/s]
Epoch 24/50 [Train]:   0%|          | 2/459 [00:00<00:23, 19.28it/s]
Epoch 24/50 [Train]:   1%|          | 4/459 [00:00<00:23, 19.32it/s]
Epoch 24/50 [Train]:   2%|▏         | 7/459 [00:00<00:22, 19.70it/s]
Epoch 24/50 [Train]:   2%|▏         | 10/459 [00:00<00:22, 20.02it/s]
Epoch 24/50 [Train]:   3%|▎         | 12/459 [00:00<00:22, 19.63it/s]
Epoch 24/50 [Train]:   3%|▎         | 14/459 [00:00<00:22, 19.67it/s]
Epoch 24/50 [Train]:   3%|▎         | 16/459 [00:00<00:22, 19.67it/s]
Epoch 24/50 [Train]:   4%|▍         | 19/459 [00:00<00:22, 19.98it/s]
Epoch 24/50 [Train]:   5%|▍         | 22/459 [00:01<00:21, 20.11it/s]
Epoch 24/50 [Train]:   5%|▌         | 25/459 [00:01<00:21, 20.23it/s]
Epoch 24/50 [Train]:   6%|▌         | 28/459 [00:01<00:21, 20.48it/s]
Epoch 24/50 [Train]:   7%|▋         | 31/459 [00:01<00:20, 20.38it/s]
Epoch 24/50 [Train]:   7%|▋         | 34/459 [00:01<00:21, 20.15it/s]
Epoch 24/50 [Train]:   8%|▊         | 37/459 [00:01<00:20, 20.29it/s]
Epoch 24/50 [Train]:   9%|▊         | 40/459 [00:01<00:20, 20.17it/s]
Epoch 24/50 [Train]:   9%|▉         | 43/459 [00:02<00:20, 20.40it/s]
Epoch 24/50 [Train]:  10%|█         | 46/459 [00:02<00:20, 20.36it/s]
Epoch 24/50 [Train]:  11%|█         | 49/459 [00:02<00:20, 20.30it/s]
Epoch 24/50 [Train]:  11%|█▏        | 52/459 [00:02<00:19, 20.49it/s]
Epoch 24/50 [Train]:  12%|█▏        | 55/459 [00:02<00:19, 20.59it/s]
Epoch 24/50 [Train]:  13%|█▎        | 58/459 [00:02<00:19, 20.57it/s]
Epoch 24/50 [Train]:  13%|█▎        | 61/459 [00:03<00:19, 20.72it/s]
Epoch 24/50 [Train]:  14%|█▍        | 64/459 [00:03<00:19, 20.38it/s]
Epoch 24/50 [Train]:  15%|█▍        | 67/459 [00:03<00:19, 20.42it/s]
Epoch 24/50 [Train]:  15%|█▌        | 70/459 [00:03<00:19, 20.27it/s]
Epoch 24/50 [Train]:  16%|█▌        | 73/459 [00:03<00:19, 20.20it/s]
Epoch 24/50 [Train]:  17%|█▋        | 76/459 [00:03<00:18, 20.28it/s]
Epoch 24/50 [Train]:  17%|█▋        | 79/459 [00:03<00:18, 20.13it/s]
Epoch 24/50 [Train]:  18%|█▊        | 82/459 [00:04<00:18, 20.25it/s]
Epoch 24/50 [Train]:  19%|█▊        | 85/459 [00:04<00:18, 20.43it/s]
Epoch 24/50 [Train]:  19%|█▉        | 88/459 [00:04<00:18, 20.28it/s]
Epoch 24/50 [Train]:  20%|█▉        | 91/459 [00:04<00:18, 19.94it/s]
Epoch 24/50 [Train]:  20%|██        | 93/459 [00:04<00:18, 19.93it/s]
Epoch 24/50 [Train]:  21%|██        | 96/459 [00:04<00:18, 20.16it/s]
Epoch 24/50 [Train]:  22%|██▏       | 99/459 [00:04<00:17, 20.21it/s]
Epoch 24/50 [Train]:  22%|██▏       | 102/459 [00:05<00:17, 20.21it/s]
Epoch 24/50 [Train]:  23%|██▎       | 105/459 [00:05<00:17, 20.27it/s]
Epoch 24/50 [Train]:  24%|██▎       | 108/459 [00:05<00:17, 20.28it/s]
Epoch 24/50 [Train]:  24%|██▍       | 111/459 [00:05<00:17, 20.41it/s]
Epoch 24/50 [Train]:  25%|██▍       | 114/459 [00:05<00:16, 20.37it/s]
Epoch 24/50 [Train]:  25%|██▌       | 117/459 [00:05<00:16, 20.36it/s]
Epoch 24/50 [Train]:  26%|██▌       | 120/459 [00:05<00:16, 20.39it/s]
Epoch 24/50 [Train]:  27%|██▋       | 123/459 [00:06<00:16, 20.70it/s]
Epoch 24/50 [Train]:  27%|██▋       | 126/459 [00:06<00:16, 20.67it/s]
Epoch 24/50 [Train]:  28%|██▊       | 129/459 [00:06<00:15, 20.80it/s]
Epoch 24/50 [Train]:  29%|██▉       | 132/459 [00:06<00:15, 20.94it/s]
Epoch 24/50 [Train]:  29%|██▉       | 135/459 [00:06<00:15, 21.04it/s]
Epoch 24/50 [Train]:  30%|███       | 138/459 [00:06<00:15, 20.97it/s]
Epoch 24/50 [Train]:  31%|███       | 141/459 [00:06<00:15, 20.93it/s]
Epoch 24/50 [Train]:  31%|███▏      | 144/459 [00:07<00:14, 21.06it/s]
Epoch 24/50 [Train]:  32%|███▏      | 147/459 [00:07<00:14, 20.82it/s]
Epoch 24/50 [Train]:  33%|███▎      | 150/459 [00:07<00:14, 20.82it/s]
Epoch 24/50 [Train]:  33%|███▎      | 153/459 [00:07<00:14, 20.86it/s]
Epoch 24/50 [Train]:  34%|███▍      | 156/459 [00:07<00:14, 20.87it/s]
Epoch 24/50 [Train]:  35%|███▍      | 159/459 [00:07<00:14, 20.97it/s]
Epoch 24/50 [Train]:  35%|███▌      | 162/459 [00:07<00:14, 20.91it/s]
Epoch 24/50 [Train]:  36%|███▌      | 165/459 [00:08<00:14, 20.72it/s]
Epoch 24/50 [Train]:  37%|███▋      | 168/459 [00:08<00:14, 20.65it/s]
Epoch 24/50 [Train]:  37%|███▋      | 171/459 [00:08<00:13, 20.79it/s]
Epoch 24/50 [Train]:  38%|███▊      | 174/459 [00:08<00:13, 20.70it/s]
Epoch 24/50 [Train]:  39%|███▊      | 177/459 [00:08<00:13, 20.80it/s]
Epoch 24/50 [Train]:  39%|███▉      | 180/459 [00:08<00:13, 20.85it/s]
Epoch 24/50 [Train]:  40%|███▉      | 183/459 [00:08<00:13, 20.84it/s]
Epoch 24/50 [Train]:  41%|████      | 186/459 [00:09<00:13, 20.82it/s]
Epoch 24/50 [Train]:  41%|████      | 189/459 [00:09<00:13, 20.74it/s]
Epoch 24/50 [Train]:  42%|████▏     | 192/459 [00:09<00:12, 20.76it/s]
Epoch 24/50 [Train]:  42%|████▏     | 195/459 [00:09<00:12, 20.80it/s]
Epoch 24/50 [Train]:  43%|████▎     | 198/459 [00:09<00:12, 20.74it/s]
Epoch 24/50 [Train]:  44%|████▍     | 201/459 [00:09<00:12, 20.74it/s]
Epoch 24/50 [Train]:  44%|████▍     | 204/459 [00:09<00:12, 20.81it/s]
Epoch 24/50 [Train]:  45%|████▌     | 207/459 [00:10<00:12, 20.67it/s]
Epoch 24/50 [Train]:  46%|████▌     | 210/459 [00:10<00:12, 20.42it/s]
Epoch 24/50 [Train]:  46%|████▋     | 213/459 [00:10<00:12, 20.37it/s]
Epoch 24/50 [Train]:  47%|████▋     | 216/459 [00:10<00:11, 20.48it/s]
Epoch 24/50 [Train]:  48%|████▊     | 219/459 [00:10<00:11, 20.45it/s]
Epoch 24/50 [Train]:  48%|████▊     | 222/459 [00:10<00:11, 20.58it/s]
Epoch 24/50 [Train]:  49%|████▉     | 225/459 [00:10<00:11, 20.47it/s]
Epoch 24/50 [Train]:  50%|████▉     | 228/459 [00:11<00:11, 20.28it/s]
Epoch 24/50 [Train]:  50%|█████     | 231/459 [00:11<00:11, 20.42it/s]
Epoch 24/50 [Train]:  51%|█████     | 234/459 [00:11<00:10, 20.56it/s]
Epoch 24/50 [Train]:  52%|█████▏    | 237/459 [00:11<00:10, 20.78it/s]
Epoch 24/50 [Train]:  52%|█████▏    | 240/459 [00:11<00:10, 20.42it/s]
Epoch 24/50 [Train]:  53%|█████▎    | 243/459 [00:11<00:10, 20.50it/s]
Epoch 24/50 [Train]:  54%|█████▎    | 246/459 [00:12<00:10, 20.68it/s]
Epoch 24/50 [Train]:  54%|█████▍    | 249/459 [00:12<00:10, 20.82it/s]
Epoch 24/50 [Train]:  55%|█████▍    | 252/459 [00:12<00:09, 20.84it/s]
Epoch 24/50 [Train]:  56%|█████▌    | 255/459 [00:12<00:09, 20.62it/s]
Epoch 24/50 [Train]:  56%|█████▌    | 258/459 [00:12<00:09, 20.70it/s]
Epoch 24/50 [Train]:  57%|█████▋    | 261/459 [00:12<00:09, 20.74it/s]
Epoch 24/50 [Train]:  58%|█████▊    | 264/459 [00:12<00:09, 20.20it/s]
Epoch 24/50 [Train]:  58%|█████▊    | 267/459 [00:13<00:09, 19.88it/s]
Epoch 24/50 [Train]:  59%|█████▊    | 269/459 [00:13<00:09, 19.85it/s]
Epoch 24/50 [Train]:  59%|█████▉    | 271/459 [00:13<00:09, 19.79it/s]
Epoch 24/50 [Train]:  60%|█████▉    | 274/459 [00:13<00:09, 20.14it/s]
Epoch 24/50 [Train]:  60%|██████    | 277/459 [00:13<00:08, 20.38it/s]
Epoch 24/50 [Train]:  61%|██████    | 280/459 [00:13<00:08, 20.17it/s]
Epoch 24/50 [Train]:  62%|██████▏   | 283/459 [00:13<00:08, 20.29it/s]
Epoch 24/50 [Train]:  62%|██████▏   | 286/459 [00:13<00:08, 20.49it/s]
Epoch 24/50 [Train]:  63%|██████▎   | 289/459 [00:14<00:08, 20.56it/s]
Epoch 24/50 [Train]:  64%|██████▎   | 292/459 [00:14<00:08, 20.58it/s]
Epoch 24/50 [Train]:  64%|██████▍   | 295/459 [00:14<00:08, 20.44it/s]
Epoch 24/50 [Train]:  65%|██████▍   | 298/459 [00:14<00:07, 20.20it/s]
Epoch 24/50 [Train]:  66%|██████▌   | 301/459 [00:14<00:07, 20.43it/s]
Epoch 24/50 [Train]:  66%|██████▌   | 304/459 [00:14<00:07, 20.32it/s]
Epoch 24/50 [Train]:  67%|██████▋   | 307/459 [00:15<00:07, 20.32it/s]
Epoch 24/50 [Train]:  68%|██████▊   | 310/459 [00:15<00:07, 20.53it/s]
Epoch 24/50 [Train]:  68%|██████▊   | 313/459 [00:15<00:07, 20.57it/s]
Epoch 24/50 [Train]:  69%|██████▉   | 316/459 [00:15<00:06, 20.62it/s]
Epoch 24/50 [Train]:  69%|██████▉   | 319/459 [00:15<00:06, 20.68it/s]
Epoch 24/50 [Train]:  70%|███████   | 322/459 [00:15<00:06, 20.77it/s]
Epoch 24/50 [Train]:  71%|███████   | 325/459 [00:15<00:06, 20.85it/s]
Epoch 24/50 [Train]:  71%|███████▏  | 328/459 [00:16<00:06, 20.92it/s]
Epoch 24/50 [Train]:  72%|███████▏  | 331/459 [00:16<00:06, 20.86it/s]
Epoch 24/50 [Train]:  73%|███████▎  | 334/459 [00:16<00:05, 20.93it/s]
Epoch 24/50 [Train]:  73%|███████▎  | 337/459 [00:16<00:05, 20.94it/s]
Epoch 24/50 [Train]:  74%|███████▍  | 340/459 [00:16<00:05, 20.86it/s]
Epoch 24/50 [Train]:  75%|███████▍  | 343/459 [00:16<00:05, 20.89it/s]
Epoch 24/50 [Train]:  75%|███████▌  | 346/459 [00:16<00:05, 20.95it/s]
Epoch 24/50 [Train]:  76%|███████▌  | 349/459 [00:17<00:05, 21.01it/s]
Epoch 24/50 [Train]:  77%|███████▋  | 352/459 [00:17<00:05, 20.98it/s]
Epoch 24/50 [Train]:  77%|███████▋  | 355/459 [00:17<00:04, 20.97it/s]
Epoch 24/50 [Train]:  78%|███████▊  | 358/459 [00:17<00:04, 21.01it/s]
Epoch 24/50 [Train]:  79%|███████▊  | 361/459 [00:17<00:04, 21.00it/s]
Epoch 24/50 [Train]:  79%|███████▉  | 364/459 [00:17<00:04, 20.99it/s]
Epoch 24/50 [Train]:  80%|███████▉  | 367/459 [00:17<00:04, 21.03it/s]
Epoch 24/50 [Train]:  81%|████████  | 370/459 [00:18<00:04, 21.01it/s]
Epoch 24/50 [Train]:  81%|████████▏ | 373/459 [00:18<00:04, 20.96it/s]
Epoch 24/50 [Train]:  82%|████████▏ | 376/459 [00:18<00:03, 20.91it/s]
Epoch 24/50 [Train]:  83%|████████▎ | 379/459 [00:18<00:03, 21.00it/s]
Epoch 24/50 [Train]:  83%|████████▎ | 382/459 [00:18<00:03, 20.97it/s]
Epoch 24/50 [Train]:  84%|████████▍ | 385/459 [00:18<00:03, 20.88it/s]
Epoch 24/50 [Train]:  85%|████████▍ | 388/459 [00:18<00:03, 20.89it/s]
Epoch 24/50 [Train]:  85%|████████▌ | 391/459 [00:19<00:03, 20.83it/s]
Epoch 24/50 [Train]:  86%|████████▌ | 394/459 [00:19<00:03, 20.84it/s]
Epoch 24/50 [Train]:  86%|████████▋ | 397/459 [00:19<00:02, 20.79it/s]
Epoch 24/50 [Train]:  87%|████████▋ | 400/459 [00:19<00:02, 20.68it/s]
Epoch 24/50 [Train]:  88%|████████▊ | 403/459 [00:19<00:02, 20.75it/s]
Epoch 24/50 [Train]:  88%|████████▊ | 406/459 [00:19<00:02, 20.82it/s]
Epoch 24/50 [Train]:  89%|████████▉ | 409/459 [00:19<00:02, 20.91it/s]
Epoch 24/50 [Train]:  90%|████████▉ | 412/459 [00:20<00:02, 20.93it/s]
Epoch 24/50 [Train]:  90%|█████████ | 415/459 [00:20<00:02, 20.95it/s]
Epoch 24/50 [Train]:  91%|█████████ | 418/459 [00:20<00:01, 21.11it/s]
Epoch 24/50 [Train]:  92%|█████████▏| 421/459 [00:20<00:01, 21.18it/s]
Epoch 24/50 [Train]:  92%|█████████▏| 424/459 [00:20<00:01, 21.09it/s]
Epoch 24/50 [Train]:  93%|█████████▎| 427/459 [00:20<00:01, 21.05it/s]
Epoch 24/50 [Train]:  94%|█████████▎| 430/459 [00:20<00:01, 21.06it/s]
Epoch 24/50 [Train]:  94%|█████████▍| 433/459 [00:21<00:01, 20.99it/s]
Epoch 24/50 [Train]:  95%|█████████▍| 436/459 [00:21<00:01, 20.73it/s]
Epoch 24/50 [Train]:  96%|█████████▌| 439/459 [00:21<00:00, 20.92it/s]
Epoch 24/50 [Train]:  96%|█████████▋| 442/459 [00:21<00:00, 21.02it/s]
Epoch 24/50 [Train]:  97%|█████████▋| 445/459 [00:21<00:00, 20.93it/s]
Epoch 24/50 [Train]:  98%|█████████▊| 448/459 [00:21<00:00, 20.95it/s]
Epoch 24/50 [Train]:  98%|█████████▊| 451/459 [00:21<00:00, 21.02it/s]
Epoch 24/50 [Train]:  99%|█████████▉| 454/459 [00:22<00:00, 21.01it/s]
Epoch 24/50 [Train]: 100%|█████████▉| 457/459 [00:22<00:00, 20.95it/s]
                                                                      

Epoch 24/50 [Val]:   0%|          | 0/113 [00:00<?, ?it/s]
Epoch 24/50 [Val]:   2%|▏         | 2/113 [00:00<00:06, 17.22it/s]
Epoch 24/50 [Val]:   4%|▎         | 4/113 [00:00<00:06, 17.40it/s]
Epoch 24/50 [Val]:   5%|▌         | 6/113 [00:00<00:06, 17.08it/s]
Epoch 24/50 [Val]:   7%|▋         | 8/113 [00:00<00:06, 17.38it/s]
Epoch 24/50 [Val]:   9%|▉         | 10/113 [00:00<00:05, 17.92it/s]
Epoch 24/50 [Val]:  11%|█         | 12/113 [00:00<00:05, 17.78it/s]
Epoch 24/50 [Val]:  12%|█▏        | 14/113 [00:00<00:05, 17.40it/s]
Epoch 24/50 [Val]:  14%|█▍        | 16/113 [00:00<00:05, 16.52it/s]
Epoch 24/50 [Val]:  16%|█▌        | 18/113 [00:01<00:05, 16.19it/s]
Epoch 24/50 [Val]:  18%|█▊        | 20/113 [00:01<00:05, 15.95it/s]
Epoch 24/50 [Val]:  19%|█▉        | 22/113 [00:01<00:05, 15.76it/s]
Epoch 24/50 [Val]:  21%|██        | 24/113 [00:01<00:05, 15.57it/s]
Epoch 24/50 [Val]:  23%|██▎       | 26/113 [00:01<00:05, 15.79it/s]
Epoch 24/50 [Val]:  25%|██▍       | 28/113 [00:01<00:05, 16.10it/s]
Epoch 24/50 [Val]:  27%|██▋       | 30/113 [00:01<00:05, 16.35it/s]
Epoch 24/50 [Val]:  28%|██▊       | 32/113 [00:01<00:04, 16.63it/s]
Epoch 24/50 [Val]:  30%|███       | 34/113 [00:02<00:04, 16.80it/s]
Epoch 24/50 [Val]:  32%|███▏      | 36/113 [00:02<00:04, 17.19it/s]
Epoch 24/50 [Val]:  34%|███▎      | 38/113 [00:02<00:04, 17.31it/s]
Epoch 24/50 [Val]:  35%|███▌      | 40/113 [00:02<00:04, 17.43it/s]
Epoch 24/50 [Val]:  37%|███▋      | 42/113 [00:02<00:04, 17.37it/s]
Epoch 24/50 [Val]:  39%|███▉      | 44/113 [00:02<00:04, 17.23it/s]
Epoch 24/50 [Val]:  41%|████      | 46/113 [00:02<00:03, 17.06it/s]
Epoch 24/50 [Val]:  42%|████▏     | 48/113 [00:02<00:03, 17.01it/s]
Epoch 24/50 [Val]:  44%|████▍     | 50/113 [00:02<00:03, 17.38it/s]
Epoch 24/50 [Val]:  46%|████▌     | 52/113 [00:03<00:03, 17.64it/s]
Epoch 24/50 [Val]:  48%|████▊     | 54/113 [00:03<00:03, 17.96it/s]
Epoch 24/50 [Val]:  50%|████▉     | 56/113 [00:03<00:03, 17.85it/s]
Epoch 24/50 [Val]:  51%|█████▏    | 58/113 [00:03<00:03, 17.16it/s]
Epoch 24/50 [Val]:  53%|█████▎    | 60/113 [00:03<00:03, 17.50it/s]
Epoch 24/50 [Val]:  55%|█████▍    | 62/113 [00:03<00:02, 17.41it/s]
Epoch 24/50 [Val]:  57%|█████▋    | 64/113 [00:03<00:02, 17.45it/s]
Epoch 24/50 [Val]:  58%|█████▊    | 66/113 [00:03<00:02, 17.12it/s]
Epoch 24/50 [Val]:  60%|██████    | 68/113 [00:04<00:02, 17.05it/s]
Epoch 24/50 [Val]:  62%|██████▏   | 70/113 [00:04<00:02, 17.19it/s]
Epoch 24/50 [Val]:  64%|██████▎   | 72/113 [00:04<00:02, 17.45it/s]
Epoch 24/50 [Val]:  65%|██████▌   | 74/113 [00:04<00:02, 17.66it/s]
Epoch 24/50 [Val]:  67%|██████▋   | 76/113 [00:04<00:02, 17.62it/s]
Epoch 24/50 [Val]:  69%|██████▉   | 78/113 [00:04<00:01, 17.60it/s]
Epoch 24/50 [Val]:  71%|███████   | 80/113 [00:04<00:01, 17.44it/s]
Epoch 24/50 [Val]:  73%|███████▎  | 82/113 [00:04<00:01, 17.37it/s]
Epoch 24/50 [Val]:  74%|███████▍  | 84/113 [00:04<00:01, 17.46it/s]
Epoch 24/50 [Val]:  76%|███████▌  | 86/113 [00:05<00:01, 17.50it/s]
Epoch 24/50 [Val]:  78%|███████▊  | 88/113 [00:05<00:01, 17.40it/s]
Epoch 24/50 [Val]:  80%|███████▉  | 90/113 [00:05<00:01, 17.30it/s]
Epoch 24/50 [Val]:  81%|████████▏ | 92/113 [00:05<00:01, 17.49it/s]
Epoch 24/50 [Val]:  83%|████████▎ | 94/113 [00:05<00:01, 17.69it/s]
Epoch 24/50 [Val]:  85%|████████▍ | 96/113 [00:05<00:00, 18.11it/s]
Epoch 24/50 [Val]:  87%|████████▋ | 98/113 [00:05<00:00, 18.06it/s]
Epoch 24/50 [Val]:  88%|████████▊ | 100/113 [00:05<00:00, 17.83it/s]
Epoch 24/50 [Val]:  90%|█████████ | 102/113 [00:05<00:00, 17.46it/s]
Epoch 24/50 [Val]:  92%|█████████▏| 104/113 [00:06<00:00, 17.84it/s]
Epoch 24/50 [Val]:  94%|█████████▍| 106/113 [00:06<00:00, 17.95it/s]
Epoch 24/50 [Val]:  96%|█████████▌| 108/113 [00:06<00:00, 18.06it/s]
Epoch 24/50 [Val]:  97%|█████████▋| 110/113 [00:06<00:00, 18.20it/s]
Epoch 24/50 [Val]:  99%|█████████▉| 112/113 [00:06<00:00, 18.00it/s]
                                                                    

Epoch 25/50 [Train]:   0%|          | 0/459 [00:00<?, ?it/s]
Epoch 25/50 [Train]:   0%|          | 2/459 [00:00<00:23, 19.68it/s]
Epoch 25/50 [Train]:   1%|          | 5/459 [00:00<00:22, 20.45it/s]
Epoch 25/50 [Train]:   2%|▏         | 8/459 [00:00<00:21, 20.59it/s]
Epoch 25/50 [Train]:   2%|▏         | 11/459 [00:00<00:21, 20.63it/s]
Epoch 25/50 [Train]:   3%|▎         | 14/459 [00:00<00:21, 20.89it/s]
Epoch 25/50 [Train]:   4%|▎         | 17/459 [00:00<00:21, 20.79it/s]
Epoch 25/50 [Train]:   4%|▍         | 20/459 [00:00<00:21, 20.90it/s]
Epoch 25/50 [Train]:   5%|▌         | 23/459 [00:01<00:20, 20.92it/s]
Epoch 25/50 [Train]:   6%|▌         | 26/459 [00:01<00:20, 20.99it/s]
Epoch 25/50 [Train]:   6%|▋         | 29/459 [00:01<00:20, 20.85it/s]
Epoch 25/50 [Train]:   7%|▋         | 32/459 [00:01<00:20, 20.96it/s]
Epoch 25/50 [Train]:   8%|▊         | 35/459 [00:01<00:20, 20.89it/s]
Epoch 25/50 [Train]:   8%|▊         | 38/459 [00:01<00:20, 20.89it/s]
Epoch 25/50 [Train]:   9%|▉         | 41/459 [00:01<00:20, 20.83it/s]
Epoch 25/50 [Train]:  10%|▉         | 44/459 [00:02<00:19, 20.91it/s]
Epoch 25/50 [Train]:  10%|█         | 47/459 [00:02<00:19, 20.99it/s]
Epoch 25/50 [Train]:  11%|█         | 50/459 [00:02<00:19, 20.89it/s]
Epoch 25/50 [Train]:  12%|█▏        | 53/459 [00:02<00:19, 20.91it/s]
Epoch 25/50 [Train]:  12%|█▏        | 56/459 [00:02<00:19, 20.85it/s]
Epoch 25/50 [Train]:  13%|█▎        | 59/459 [00:02<00:19, 20.84it/s]
Epoch 25/50 [Train]:  14%|█▎        | 62/459 [00:02<00:18, 20.92it/s]
Epoch 25/50 [Train]:  14%|█▍        | 65/459 [00:03<00:18, 20.93it/s]
Epoch 25/50 [Train]:  15%|█▍        | 68/459 [00:03<00:18, 20.99it/s]
Epoch 25/50 [Train]:  15%|█▌        | 71/459 [00:03<00:18, 20.93it/s]
Epoch 25/50 [Train]:  16%|█▌        | 74/459 [00:03<00:18, 20.88it/s]
Epoch 25/50 [Train]:  17%|█▋        | 77/459 [00:03<00:18, 20.93it/s]
Epoch 25/50 [Train]:  17%|█▋        | 80/459 [00:03<00:18, 20.88it/s]
Epoch 25/50 [Train]:  18%|█▊        | 83/459 [00:03<00:18, 20.82it/s]
Epoch 25/50 [Train]:  19%|█▊        | 86/459 [00:04<00:17, 20.97it/s]
Epoch 25/50 [Train]:  19%|█▉        | 89/459 [00:04<00:17, 20.95it/s]
Epoch 25/50 [Train]:  20%|██        | 92/459 [00:04<00:17, 20.82it/s]
Epoch 25/50 [Train]:  21%|██        | 95/459 [00:04<00:17, 20.94it/s]
Epoch 25/50 [Train]:  21%|██▏       | 98/459 [00:04<00:17, 21.04it/s]
Epoch 25/50 [Train]:  22%|██▏       | 101/459 [00:04<00:17, 21.01it/s]
Epoch 25/50 [Train]:  23%|██▎       | 104/459 [00:04<00:17, 20.76it/s]
Epoch 25/50 [Train]:  23%|██▎       | 107/459 [00:05<00:17, 20.66it/s]
Epoch 25/50 [Train]:  24%|██▍       | 110/459 [00:05<00:16, 20.58it/s]
Epoch 25/50 [Train]:  25%|██▍       | 113/459 [00:05<00:16, 20.74it/s]
Epoch 25/50 [Train]:  25%|██▌       | 116/459 [00:05<00:16, 20.80it/s]
Epoch 25/50 [Train]:  26%|██▌       | 119/459 [00:05<00:16, 20.68it/s]
Epoch 25/50 [Train]:  27%|██▋       | 122/459 [00:05<00:16, 20.41it/s]
Epoch 25/50 [Train]:  27%|██▋       | 125/459 [00:06<00:16, 20.34it/s]
Epoch 25/50 [Train]:  28%|██▊       | 128/459 [00:06<00:16, 20.47it/s]
Epoch 25/50 [Train]:  29%|██▊       | 131/459 [00:06<00:16, 20.34it/s]
Epoch 25/50 [Train]:  29%|██▉       | 134/459 [00:06<00:15, 20.57it/s]
Epoch 25/50 [Train]:  30%|██▉       | 137/459 [00:06<00:15, 20.74it/s]
Epoch 25/50 [Train]:  31%|███       | 140/459 [00:06<00:15, 20.67it/s]
Epoch 25/50 [Train]:  31%|███       | 143/459 [00:06<00:15, 20.67it/s]
Epoch 25/50 [Train]:  32%|███▏      | 146/459 [00:07<00:14, 20.87it/s]
Epoch 25/50 [Train]:  32%|███▏      | 149/459 [00:07<00:14, 20.75it/s]
Epoch 25/50 [Train]:  33%|███▎      | 152/459 [00:07<00:14, 20.77it/s]
Epoch 25/50 [Train]:  34%|███▍      | 155/459 [00:07<00:14, 20.84it/s]
Epoch 25/50 [Train]:  34%|███▍      | 158/459 [00:07<00:14, 20.95it/s]
Epoch 25/50 [Train]:  35%|███▌      | 161/459 [00:07<00:14, 20.91it/s]
Epoch 25/50 [Train]:  36%|███▌      | 164/459 [00:07<00:14, 20.91it/s]
Epoch 25/50 [Train]:  36%|███▋      | 167/459 [00:08<00:13, 20.99it/s]
Epoch 25/50 [Train]:  37%|███▋      | 170/459 [00:08<00:13, 20.95it/s]
Epoch 25/50 [Train]:  38%|███▊      | 173/459 [00:08<00:13, 20.85it/s]
Epoch 25/50 [Train]:  38%|███▊      | 176/459 [00:08<00:13, 20.88it/s]
Epoch 25/50 [Train]:  39%|███▉      | 179/459 [00:08<00:13, 21.04it/s]
Epoch 25/50 [Train]:  40%|███▉      | 182/459 [00:08<00:13, 20.98it/s]
Epoch 25/50 [Train]:  40%|████      | 185/459 [00:08<00:13, 20.82it/s]
Epoch 25/50 [Train]:  41%|████      | 188/459 [00:09<00:12, 20.86it/s]
Epoch 25/50 [Train]:  42%|████▏     | 191/459 [00:09<00:12, 20.79it/s]
Epoch 25/50 [Train]:  42%|████▏     | 194/459 [00:09<00:12, 20.85it/s]
Epoch 25/50 [Train]:  43%|████▎     | 197/459 [00:09<00:12, 20.87it/s]
Epoch 25/50 [Train]:  44%|████▎     | 200/459 [00:09<00:12, 21.00it/s]
Epoch 25/50 [Train]:  44%|████▍     | 203/459 [00:09<00:12, 20.90it/s]
Epoch 25/50 [Train]:  45%|████▍     | 206/459 [00:09<00:12, 20.95it/s]
Epoch 25/50 [Train]:  46%|████▌     | 209/459 [00:10<00:11, 20.98it/s]
Epoch 25/50 [Train]:  46%|████▌     | 212/459 [00:10<00:11, 20.87it/s]
Epoch 25/50 [Train]:  47%|████▋     | 215/459 [00:10<00:11, 21.01it/s]
Epoch 25/50 [Train]:  47%|████▋     | 218/459 [00:10<00:11, 21.01it/s]
Epoch 25/50 [Train]:  48%|████▊     | 221/459 [00:10<00:11, 21.03it/s]
Epoch 25/50 [Train]:  49%|████▉     | 224/459 [00:10<00:11, 20.97it/s]
Epoch 25/50 [Train]:  49%|████▉     | 227/459 [00:10<00:11, 21.04it/s]
Epoch 25/50 [Train]:  50%|█████     | 230/459 [00:11<00:10, 21.11it/s]
Epoch 25/50 [Train]:  51%|█████     | 233/459 [00:11<00:10, 20.95it/s]
Epoch 25/50 [Train]:  51%|█████▏    | 236/459 [00:11<00:10, 20.85it/s]
Epoch 25/50 [Train]:  52%|█████▏    | 239/459 [00:11<00:10, 20.97it/s]
Epoch 25/50 [Train]:  53%|█████▎    | 242/459 [00:11<00:10, 21.03it/s]
Epoch 25/50 [Train]:  53%|█████▎    | 245/459 [00:11<00:10, 21.06it/s]
Epoch 25/50 [Train]:  54%|█████▍    | 248/459 [00:11<00:10, 21.06it/s]
Epoch 25/50 [Train]:  55%|█████▍    | 251/459 [00:12<00:09, 21.12it/s]
Epoch 25/50 [Train]:  55%|█████▌    | 254/459 [00:12<00:09, 20.99it/s]
Epoch 25/50 [Train]:  56%|█████▌    | 257/459 [00:12<00:09, 20.72it/s]
Epoch 25/50 [Train]:  57%|█████▋    | 260/459 [00:12<00:09, 20.75it/s]
Epoch 25/50 [Train]:  57%|█████▋    | 263/459 [00:12<00:09, 20.82it/s]
Epoch 25/50 [Train]:  58%|█████▊    | 266/459 [00:12<00:09, 20.97it/s]
Epoch 25/50 [Train]:  59%|█████▊    | 269/459 [00:12<00:09, 20.94it/s]
Epoch 25/50 [Train]:  59%|█████▉    | 272/459 [00:13<00:09, 20.77it/s]
Epoch 25/50 [Train]:  60%|█████▉    | 275/459 [00:13<00:08, 20.86it/s]
Epoch 25/50 [Train]:  61%|██████    | 278/459 [00:13<00:08, 21.00it/s]
Epoch 25/50 [Train]:  61%|██████    | 281/459 [00:13<00:08, 20.92it/s]
Epoch 25/50 [Train]:  62%|██████▏   | 284/459 [00:13<00:08, 20.97it/s]
Epoch 25/50 [Train]:  63%|██████▎   | 287/459 [00:13<00:08, 20.79it/s]
Epoch 25/50 [Train]:  63%|██████▎   | 290/459 [00:13<00:08, 20.97it/s]
Epoch 25/50 [Train]:  64%|██████▍   | 293/459 [00:14<00:07, 20.99it/s]
Epoch 25/50 [Train]:  64%|██████▍   | 296/459 [00:14<00:07, 20.90it/s]
Epoch 25/50 [Train]:  65%|██████▌   | 299/459 [00:14<00:07, 20.96it/s]
Epoch 25/50 [Train]:  66%|██████▌   | 302/459 [00:14<00:07, 20.90it/s]
Epoch 25/50 [Train]:  66%|██████▋   | 305/459 [00:14<00:07, 21.10it/s]
Epoch 25/50 [Train]:  67%|██████▋   | 308/459 [00:14<00:07, 21.00it/s]
Epoch 25/50 [Train]:  68%|██████▊   | 311/459 [00:14<00:07, 20.74it/s]
Epoch 25/50 [Train]:  68%|██████▊   | 314/459 [00:15<00:07, 20.52it/s]
Epoch 25/50 [Train]:  69%|██████▉   | 317/459 [00:15<00:06, 20.53it/s]
Epoch 25/50 [Train]:  70%|██████▉   | 320/459 [00:15<00:06, 20.47it/s]
Epoch 25/50 [Train]:  70%|███████   | 323/459 [00:15<00:06, 20.53it/s]
Epoch 25/50 [Train]:  71%|███████   | 326/459 [00:15<00:06, 20.73it/s]
Epoch 25/50 [Train]:  72%|███████▏  | 329/459 [00:15<00:06, 20.54it/s]
Epoch 25/50 [Train]:  72%|███████▏  | 332/459 [00:15<00:06, 20.61it/s]
Epoch 25/50 [Train]:  73%|███████▎  | 335/459 [00:16<00:05, 20.74it/s]
Epoch 25/50 [Train]:  74%|███████▎  | 338/459 [00:16<00:05, 20.70it/s]
Epoch 25/50 [Train]:  74%|███████▍  | 341/459 [00:16<00:05, 20.62it/s]
Epoch 25/50 [Train]:  75%|███████▍  | 344/459 [00:16<00:05, 20.72it/s]
Epoch 25/50 [Train]:  76%|███████▌  | 347/459 [00:16<00:05, 20.32it/s]
Epoch 25/50 [Train]:  76%|███████▋  | 350/459 [00:16<00:05, 20.24it/s]
Epoch 25/50 [Train]:  77%|███████▋  | 353/459 [00:16<00:05, 20.44it/s]
Epoch 25/50 [Train]:  78%|███████▊  | 356/459 [00:17<00:05, 20.35it/s]
Epoch 25/50 [Train]:  78%|███████▊  | 359/459 [00:17<00:04, 20.50it/s]
Epoch 25/50 [Train]:  79%|███████▉  | 362/459 [00:17<00:04, 20.46it/s]
Epoch 25/50 [Train]:  80%|███████▉  | 365/459 [00:17<00:04, 20.51it/s]
Epoch 25/50 [Train]:  80%|████████  | 368/459 [00:17<00:04, 20.68it/s]
Epoch 25/50 [Train]:  81%|████████  | 371/459 [00:17<00:04, 20.70it/s]
Epoch 25/50 [Train]:  81%|████████▏ | 374/459 [00:17<00:04, 20.70it/s]
Epoch 25/50 [Train]:  82%|████████▏ | 377/459 [00:18<00:03, 20.75it/s]
Epoch 25/50 [Train]:  83%|████████▎ | 380/459 [00:18<00:03, 20.86it/s]
Epoch 25/50 [Train]:  83%|████████▎ | 383/459 [00:18<00:03, 20.87it/s]
Epoch 25/50 [Train]:  84%|████████▍ | 386/459 [00:18<00:03, 20.91it/s]
Epoch 25/50 [Train]:  85%|████████▍ | 389/459 [00:18<00:03, 20.87it/s]
Epoch 25/50 [Train]:  85%|████████▌ | 392/459 [00:18<00:03, 20.92it/s]
Epoch 25/50 [Train]:  86%|████████▌ | 395/459 [00:18<00:03, 20.98it/s]
Epoch 25/50 [Train]:  87%|████████▋ | 398/459 [00:19<00:02, 21.08it/s]
Epoch 25/50 [Train]:  87%|████████▋ | 401/459 [00:19<00:02, 21.05it/s]
Epoch 25/50 [Train]:  88%|████████▊ | 404/459 [00:19<00:02, 20.84it/s]
Epoch 25/50 [Train]:  89%|████████▊ | 407/459 [00:19<00:02, 20.93it/s]
Epoch 25/50 [Train]:  89%|████████▉ | 410/459 [00:19<00:02, 20.90it/s]
Epoch 25/50 [Train]:  90%|████████▉ | 413/459 [00:19<00:02, 20.77it/s]
Epoch 25/50 [Train]:  91%|█████████ | 416/459 [00:19<00:02, 20.79it/s]
Epoch 25/50 [Train]:  91%|█████████▏| 419/459 [00:20<00:01, 20.82it/s]
Epoch 25/50 [Train]:  92%|█████████▏| 422/459 [00:20<00:01, 20.87it/s]
Epoch 25/50 [Train]:  93%|█████████▎| 425/459 [00:20<00:01, 20.69it/s]
Epoch 25/50 [Train]:  93%|█████████▎| 428/459 [00:20<00:01, 20.85it/s]
Epoch 25/50 [Train]:  94%|█████████▍| 431/459 [00:20<00:01, 20.96it/s]
Epoch 25/50 [Train]:  95%|█████████▍| 434/459 [00:20<00:01, 20.72it/s]
Epoch 25/50 [Train]:  95%|█████████▌| 437/459 [00:20<00:01, 20.76it/s]
Epoch 25/50 [Train]:  96%|█████████▌| 440/459 [00:21<00:00, 20.75it/s]
Epoch 25/50 [Train]:  97%|█████████▋| 443/459 [00:21<00:00, 20.65it/s]
Epoch 25/50 [Train]:  97%|█████████▋| 446/459 [00:21<00:00, 20.55it/s]
Epoch 25/50 [Train]:  98%|█████████▊| 449/459 [00:21<00:00, 20.78it/s]
Epoch 25/50 [Train]:  98%|█████████▊| 452/459 [00:21<00:00, 20.87it/s]
Epoch 25/50 [Train]:  99%|█████████▉| 455/459 [00:21<00:00, 20.97it/s]
Epoch 25/50 [Train]: 100%|█████████▉| 458/459 [00:21<00:00, 21.02it/s]
                                                                      

Epoch 25/50 [Val]:   0%|          | 0/113 [00:00<?, ?it/s]
Epoch 25/50 [Val]:   2%|▏         | 2/113 [00:00<00:06, 17.17it/s]
Epoch 25/50 [Val]:   4%|▎         | 4/113 [00:00<00:06, 17.57it/s]
Epoch 25/50 [Val]:   5%|▌         | 6/113 [00:00<00:06, 17.16it/s]
Epoch 25/50 [Val]:   7%|▋         | 8/113 [00:00<00:06, 17.36it/s]
Epoch 25/50 [Val]:   9%|▉         | 10/113 [00:00<00:05, 17.95it/s]
Epoch 25/50 [Val]:  11%|█         | 12/113 [00:00<00:05, 18.02it/s]
Epoch 25/50 [Val]:  12%|█▏        | 14/113 [00:00<00:05, 17.75it/s]
Epoch 25/50 [Val]:  14%|█▍        | 16/113 [00:00<00:05, 17.02it/s]
Epoch 25/50 [Val]:  16%|█▌        | 18/113 [00:01<00:05, 16.66it/s]
Epoch 25/50 [Val]:  18%|█▊        | 20/113 [00:01<00:05, 16.32it/s]
Epoch 25/50 [Val]:  19%|█▉        | 22/113 [00:01<00:05, 16.05it/s]
Epoch 25/50 [Val]:  21%|██        | 24/113 [00:01<00:05, 15.99it/s]
Epoch 25/50 [Val]:  23%|██▎       | 26/113 [00:01<00:05, 16.27it/s]
Epoch 25/50 [Val]:  25%|██▍       | 28/113 [00:01<00:05, 16.32it/s]
Epoch 25/50 [Val]:  27%|██▋       | 30/113 [00:01<00:05, 16.58it/s]
Epoch 25/50 [Val]:  28%|██▊       | 32/113 [00:01<00:04, 16.81it/s]
Epoch 25/50 [Val]:  30%|███       | 34/113 [00:02<00:04, 16.94it/s]
Epoch 25/50 [Val]:  32%|███▏      | 36/113 [00:02<00:04, 17.31it/s]
Epoch 25/50 [Val]:  34%|███▎      | 38/113 [00:02<00:04, 17.56it/s]
Epoch 25/50 [Val]:  35%|███▌      | 40/113 [00:02<00:04, 17.58it/s]
Epoch 25/50 [Val]:  37%|███▋      | 42/113 [00:02<00:04, 17.74it/s]
Epoch 25/50 [Val]:  39%|███▉      | 44/113 [00:02<00:03, 17.54it/s]
Epoch 25/50 [Val]:  41%|████      | 46/113 [00:02<00:03, 17.34it/s]
Epoch 25/50 [Val]:  42%|████▏     | 48/113 [00:02<00:03, 17.30it/s]
Epoch 25/50 [Val]:  44%|████▍     | 50/113 [00:02<00:03, 17.46it/s]
Epoch 25/50 [Val]:  46%|████▌     | 52/113 [00:03<00:03, 17.73it/s]
Epoch 25/50 [Val]:  48%|████▊     | 54/113 [00:03<00:03, 17.84it/s]
Epoch 25/50 [Val]:  50%|████▉     | 56/113 [00:03<00:03, 17.75it/s]
Epoch 25/50 [Val]:  51%|█████▏    | 58/113 [00:03<00:03, 16.97it/s]
Epoch 25/50 [Val]:  53%|█████▎    | 60/113 [00:03<00:03, 17.52it/s]
Epoch 25/50 [Val]:  55%|█████▍    | 62/113 [00:03<00:02, 17.46it/s]
Epoch 25/50 [Val]:  57%|█████▋    | 64/113 [00:03<00:02, 17.48it/s]
Epoch 25/50 [Val]:  58%|█████▊    | 66/113 [00:03<00:02, 17.25it/s]
Epoch 25/50 [Val]:  60%|██████    | 68/113 [00:03<00:02, 17.11it/s]
Epoch 25/50 [Val]:  62%|██████▏   | 70/113 [00:04<00:02, 17.16it/s]
Epoch 25/50 [Val]:  64%|██████▎   | 72/113 [00:04<00:02, 17.42it/s]
Epoch 25/50 [Val]:  65%|██████▌   | 74/113 [00:04<00:02, 17.57it/s]
Epoch 25/50 [Val]:  67%|██████▋   | 76/113 [00:04<00:02, 17.70it/s]
Epoch 25/50 [Val]:  69%|██████▉   | 78/113 [00:04<00:01, 17.52it/s]
Epoch 25/50 [Val]:  71%|███████   | 80/113 [00:04<00:01, 17.50it/s]
Epoch 25/50 [Val]:  73%|███████▎  | 82/113 [00:04<00:01, 17.52it/s]
Epoch 25/50 [Val]:  74%|███████▍  | 84/113 [00:04<00:01, 17.57it/s]
Epoch 25/50 [Val]:  76%|███████▌  | 86/113 [00:04<00:01, 17.65it/s]
Epoch 25/50 [Val]:  78%|███████▊  | 88/113 [00:05<00:01, 17.29it/s]
Epoch 25/50 [Val]:  80%|███████▉  | 90/113 [00:05<00:01, 17.55it/s]
Epoch 25/50 [Val]:  81%|████████▏ | 92/113 [00:05<00:01, 17.63it/s]
Epoch 25/50 [Val]:  83%|████████▎ | 94/113 [00:05<00:01, 17.84it/s]
Epoch 25/50 [Val]:  85%|████████▍ | 96/113 [00:05<00:00, 18.06it/s]
Epoch 25/50 [Val]:  87%|████████▋ | 98/113 [00:05<00:00, 18.13it/s]
Epoch 25/50 [Val]:  88%|████████▊ | 100/113 [00:05<00:00, 17.82it/s]
Epoch 25/50 [Val]:  90%|█████████ | 102/113 [00:05<00:00, 17.46it/s]
Epoch 25/50 [Val]:  92%|█████████▏| 104/113 [00:05<00:00, 17.74it/s]
Epoch 25/50 [Val]:  94%|█████████▍| 106/113 [00:06<00:00, 17.77it/s]
Epoch 25/50 [Val]:  96%|█████████▌| 108/113 [00:06<00:00, 17.99it/s]
Epoch 25/50 [Val]:  97%|█████████▋| 110/113 [00:06<00:00, 18.22it/s]
Epoch 25/50 [Val]:  99%|█████████▉| 112/113 [00:06<00:00, 18.11it/s]
                                                                    

Epoch 26/50 [Train]:   0%|          | 0/459 [00:00<?, ?it/s]
Epoch 26/50 [Train]:   0%|          | 2/459 [00:00<00:22, 19.89it/s]
Epoch 26/50 [Train]:   1%|          | 4/459 [00:00<00:22, 19.85it/s]
Epoch 26/50 [Train]:   2%|▏         | 7/459 [00:00<00:22, 20.42it/s]
Epoch 26/50 [Train]:   2%|▏         | 10/459 [00:00<00:21, 20.50it/s]
Epoch 26/50 [Train]:   3%|▎         | 13/459 [00:00<00:21, 20.50it/s]
Epoch 26/50 [Train]:   3%|▎         | 16/459 [00:00<00:21, 20.60it/s]
Epoch 26/50 [Train]:   4%|▍         | 19/459 [00:00<00:21, 20.56it/s]
Epoch 26/50 [Train]:   5%|▍         | 22/459 [00:01<00:21, 20.73it/s]
Epoch 26/50 [Train]:   5%|▌         | 25/459 [00:01<00:20, 20.78it/s]
Epoch 26/50 [Train]:   6%|▌         | 28/459 [00:01<00:20, 20.64it/s]
Epoch 26/50 [Train]:   7%|▋         | 31/459 [00:01<00:20, 20.79it/s]
Epoch 26/50 [Train]:   7%|▋         | 34/459 [00:01<00:20, 20.76it/s]
Epoch 26/50 [Train]:   8%|▊         | 37/459 [00:01<00:20, 20.96it/s]
Epoch 26/50 [Train]:   9%|▊         | 40/459 [00:01<00:20, 20.80it/s]
Epoch 26/50 [Train]:   9%|▉         | 43/459 [00:02<00:20, 20.76it/s]
Epoch 26/50 [Train]:  10%|█         | 46/459 [00:02<00:19, 20.72it/s]
Epoch 26/50 [Train]:  11%|█         | 49/459 [00:02<00:19, 20.56it/s]
Epoch 26/50 [Train]:  11%|█▏        | 52/459 [00:02<00:19, 20.70it/s]
Epoch 26/50 [Train]:  12%|█▏        | 55/459 [00:02<00:19, 20.70it/s]
Epoch 26/50 [Train]:  13%|█▎        | 58/459 [00:02<00:19, 20.87it/s]
Epoch 26/50 [Train]:  13%|█▎        | 61/459 [00:02<00:19, 20.83it/s]
Epoch 26/50 [Train]:  14%|█▍        | 64/459 [00:03<00:18, 20.90it/s]
Epoch 26/50 [Train]:  15%|█▍        | 67/459 [00:03<00:18, 20.94it/s]
Epoch 26/50 [Train]:  15%|█▌        | 70/459 [00:03<00:18, 20.93it/s]
Epoch 26/50 [Train]:  16%|█▌        | 73/459 [00:03<00:18, 20.98it/s]
Epoch 26/50 [Train]:  17%|█▋        | 76/459 [00:03<00:18, 20.98it/s]
Epoch 26/50 [Train]:  17%|█▋        | 79/459 [00:03<00:18, 20.98it/s]
Epoch 26/50 [Train]:  18%|█▊        | 82/459 [00:03<00:18, 20.93it/s]
Epoch 26/50 [Train]:  19%|█▊        | 85/459 [00:04<00:17, 20.91it/s]
Epoch 26/50 [Train]:  19%|█▉        | 88/459 [00:04<00:17, 20.77it/s]
Epoch 26/50 [Train]:  20%|█▉        | 91/459 [00:04<00:17, 20.75it/s]
Epoch 26/50 [Train]:  20%|██        | 94/459 [00:04<00:17, 20.86it/s]
Epoch 26/50 [Train]:  21%|██        | 97/459 [00:04<00:17, 20.96it/s]
Epoch 26/50 [Train]:  22%|██▏       | 100/459 [00:04<00:17, 20.83it/s]
Epoch 26/50 [Train]:  22%|██▏       | 103/459 [00:04<00:17, 20.81it/s]
Epoch 26/50 [Train]:  23%|██▎       | 106/459 [00:05<00:16, 20.77it/s]
Epoch 26/50 [Train]:  24%|██▎       | 109/459 [00:05<00:16, 20.80it/s]
Epoch 26/50 [Train]:  24%|██▍       | 112/459 [00:05<00:16, 20.96it/s]
Epoch 26/50 [Train]:  25%|██▌       | 115/459 [00:05<00:16, 20.86it/s]
Epoch 26/50 [Train]:  26%|██▌       | 118/459 [00:05<00:16, 20.80it/s]
Epoch 26/50 [Train]:  26%|██▋       | 121/459 [00:05<00:16, 20.95it/s]
Epoch 26/50 [Train]:  27%|██▋       | 124/459 [00:05<00:15, 20.95it/s]
Epoch 26/50 [Train]:  28%|██▊       | 127/459 [00:06<00:15, 20.80it/s]
Epoch 26/50 [Train]:  28%|██▊       | 130/459 [00:06<00:15, 20.78it/s]
Epoch 26/50 [Train]:  29%|██▉       | 133/459 [00:06<00:15, 20.90it/s]
Epoch 26/50 [Train]:  30%|██▉       | 136/459 [00:06<00:15, 20.86it/s]
Epoch 26/50 [Train]:  30%|███       | 139/459 [00:06<00:15, 20.60it/s]
Epoch 26/50 [Train]:  31%|███       | 142/459 [00:06<00:15, 20.72it/s]
Epoch 26/50 [Train]:  32%|███▏      | 145/459 [00:06<00:15, 20.71it/s]
Epoch 26/50 [Train]:  32%|███▏      | 148/459 [00:07<00:15, 20.55it/s]
Epoch 26/50 [Train]:  33%|███▎      | 151/459 [00:07<00:15, 20.50it/s]
Epoch 26/50 [Train]:  34%|███▎      | 154/459 [00:07<00:14, 20.41it/s]
Epoch 26/50 [Train]:  34%|███▍      | 157/459 [00:07<00:14, 20.56it/s]
Epoch 26/50 [Train]:  35%|███▍      | 160/459 [00:07<00:14, 20.36it/s]
Epoch 26/50 [Train]:  36%|███▌      | 163/459 [00:07<00:14, 20.24it/s]
Epoch 26/50 [Train]:  36%|███▌      | 166/459 [00:08<00:14, 20.41it/s]
Epoch 26/50 [Train]:  37%|███▋      | 169/459 [00:08<00:14, 20.57it/s]
Epoch 26/50 [Train]:  37%|███▋      | 172/459 [00:08<00:13, 20.63it/s]
Epoch 26/50 [Train]:  38%|███▊      | 175/459 [00:08<00:13, 20.55it/s]
Epoch 26/50 [Train]:  39%|███▉      | 178/459 [00:08<00:13, 20.65it/s]
Epoch 26/50 [Train]:  39%|███▉      | 181/459 [00:08<00:13, 20.66it/s]
Epoch 26/50 [Train]:  40%|████      | 184/459 [00:08<00:13, 20.70it/s]
Epoch 26/50 [Train]:  41%|████      | 187/459 [00:09<00:13, 20.76it/s]
Epoch 26/50 [Train]:  41%|████▏     | 190/459 [00:09<00:12, 20.89it/s]
Epoch 26/50 [Train]:  42%|████▏     | 193/459 [00:09<00:12, 20.92it/s]
Epoch 26/50 [Train]:  43%|████▎     | 196/459 [00:09<00:12, 20.78it/s]
Epoch 26/50 [Train]:  43%|████▎     | 199/459 [00:09<00:12, 20.90it/s]
Epoch 26/50 [Train]:  44%|████▍     | 202/459 [00:09<00:12, 20.97it/s]
Epoch 26/50 [Train]:  45%|████▍     | 205/459 [00:09<00:12, 20.97it/s]
Epoch 26/50 [Train]:  45%|████▌     | 208/459 [00:10<00:11, 20.97it/s]
Epoch 26/50 [Train]:  46%|████▌     | 211/459 [00:10<00:11, 20.79it/s]
Epoch 26/50 [Train]:  47%|████▋     | 214/459 [00:10<00:11, 20.86it/s]
Epoch 26/50 [Train]:  47%|████▋     | 217/459 [00:10<00:11, 20.80it/s]
Epoch 26/50 [Train]:  48%|████▊     | 220/459 [00:10<00:11, 20.65it/s]
Epoch 26/50 [Train]:  49%|████▊     | 223/459 [00:10<00:11, 20.80it/s]
Epoch 26/50 [Train]:  49%|████▉     | 226/459 [00:10<00:11, 20.82it/s]
Epoch 26/50 [Train]:  50%|████▉     | 229/459 [00:11<00:11, 20.66it/s]
Epoch 26/50 [Train]:  51%|█████     | 232/459 [00:11<00:11, 20.62it/s]
Epoch 26/50 [Train]:  51%|█████     | 235/459 [00:11<00:10, 20.79it/s]
Epoch 26/50 [Train]:  52%|█████▏    | 238/459 [00:11<00:10, 20.93it/s]
Epoch 26/50 [Train]:  53%|█████▎    | 241/459 [00:11<00:10, 21.03it/s]
Epoch 26/50 [Train]:  53%|█████▎    | 244/459 [00:11<00:10, 21.02it/s]
Epoch 26/50 [Train]:  54%|█████▍    | 247/459 [00:11<00:10, 20.77it/s]
Epoch 26/50 [Train]:  54%|█████▍    | 250/459 [00:12<00:10, 20.68it/s]
Epoch 26/50 [Train]:  55%|█████▌    | 253/459 [00:12<00:09, 20.63it/s]
Epoch 26/50 [Train]:  56%|█████▌    | 256/459 [00:12<00:09, 20.63it/s]
Epoch 26/50 [Train]:  56%|█████▋    | 259/459 [00:12<00:09, 20.86it/s]
Epoch 26/50 [Train]:  57%|█████▋    | 262/459 [00:12<00:09, 20.85it/s]
Epoch 26/50 [Train]:  58%|█████▊    | 265/459 [00:12<00:09, 20.86it/s]
Epoch 26/50 [Train]:  58%|█████▊    | 268/459 [00:12<00:09, 20.91it/s]
Epoch 26/50 [Train]:  59%|█████▉    | 271/459 [00:13<00:08, 20.91it/s]
Epoch 26/50 [Train]:  60%|█████▉    | 274/459 [00:13<00:08, 20.92it/s]
Epoch 26/50 [Train]:  60%|██████    | 277/459 [00:13<00:08, 21.00it/s]
Epoch 26/50 [Train]:  61%|██████    | 280/459 [00:13<00:08, 20.91it/s]
Epoch 26/50 [Train]:  62%|██████▏   | 283/459 [00:13<00:08, 20.90it/s]
Epoch 26/50 [Train]:  62%|██████▏   | 286/459 [00:13<00:08, 20.80it/s]
Epoch 26/50 [Train]:  63%|██████▎   | 289/459 [00:13<00:08, 20.84it/s]
Epoch 26/50 [Train]:  64%|██████▎   | 292/459 [00:14<00:08, 20.87it/s]
Epoch 26/50 [Train]:  64%|██████▍   | 295/459 [00:14<00:07, 20.82it/s]
Epoch 26/50 [Train]:  65%|██████▍   | 298/459 [00:14<00:07, 20.91it/s]
Epoch 26/50 [Train]:  66%|██████▌   | 301/459 [00:14<00:07, 20.89it/s]
Epoch 26/50 [Train]:  66%|██████▌   | 304/459 [00:14<00:07, 20.93it/s]
Epoch 26/50 [Train]:  67%|██████▋   | 307/459 [00:14<00:07, 20.99it/s]
Epoch 26/50 [Train]:  68%|██████▊   | 310/459 [00:14<00:07, 21.06it/s]
Epoch 26/50 [Train]:  68%|██████▊   | 313/459 [00:15<00:06, 21.03it/s]
Epoch 26/50 [Train]:  69%|██████▉   | 316/459 [00:15<00:06, 20.97it/s]
Epoch 26/50 [Train]:  69%|██████▉   | 319/459 [00:15<00:06, 20.86it/s]
Epoch 26/50 [Train]:  70%|███████   | 322/459 [00:15<00:06, 20.90it/s]
Epoch 26/50 [Train]:  71%|███████   | 325/459 [00:15<00:06, 20.81it/s]
Epoch 26/50 [Train]:  71%|███████▏  | 328/459 [00:15<00:06, 20.88it/s]
Epoch 26/50 [Train]:  72%|███████▏  | 331/459 [00:15<00:06, 20.87it/s]
Epoch 26/50 [Train]:  73%|███████▎  | 334/459 [00:16<00:05, 20.98it/s]
Epoch 26/50 [Train]:  73%|███████▎  | 337/459 [00:16<00:05, 20.93it/s]
Epoch 26/50 [Train]:  74%|███████▍  | 340/459 [00:16<00:05, 20.88it/s]
Epoch 26/50 [Train]:  75%|███████▍  | 343/459 [00:16<00:05, 20.90it/s]
Epoch 26/50 [Train]:  75%|███████▌  | 346/459 [00:16<00:05, 20.94it/s]
Epoch 26/50 [Train]:  76%|███████▌  | 349/459 [00:16<00:05, 20.90it/s]
Epoch 26/50 [Train]:  77%|███████▋  | 352/459 [00:16<00:05, 20.87it/s]
Epoch 26/50 [Train]:  77%|███████▋  | 355/459 [00:17<00:04, 20.98it/s]
Epoch 26/50 [Train]:  78%|███████▊  | 358/459 [00:17<00:04, 20.94it/s]
Epoch 26/50 [Train]:  79%|███████▊  | 361/459 [00:17<00:04, 20.92it/s]
Epoch 26/50 [Train]:  79%|███████▉  | 364/459 [00:17<00:04, 20.72it/s]
Epoch 26/50 [Train]:  80%|███████▉  | 367/459 [00:17<00:04, 20.80it/s]
Epoch 26/50 [Train]:  81%|████████  | 370/459 [00:17<00:04, 20.77it/s]
Epoch 26/50 [Train]:  81%|████████▏ | 373/459 [00:17<00:04, 20.85it/s]
Epoch 26/50 [Train]:  82%|████████▏ | 376/459 [00:18<00:03, 20.95it/s]
Epoch 26/50 [Train]:  83%|████████▎ | 379/459 [00:18<00:03, 20.95it/s]
Epoch 26/50 [Train]:  83%|████████▎ | 382/459 [00:18<00:03, 20.93it/s]
Epoch 26/50 [Train]:  84%|████████▍ | 385/459 [00:18<00:03, 20.95it/s]
Epoch 26/50 [Train]:  85%|████████▍ | 388/459 [00:18<00:03, 20.97it/s]
Epoch 26/50 [Train]:  85%|████████▌ | 391/459 [00:18<00:03, 20.71it/s]
Epoch 26/50 [Train]:  86%|████████▌ | 394/459 [00:18<00:03, 20.84it/s]
Epoch 26/50 [Train]:  86%|████████▋ | 397/459 [00:19<00:02, 20.67it/s]
Epoch 26/50 [Train]:  87%|████████▋ | 400/459 [00:19<00:02, 20.63it/s]
Epoch 26/50 [Train]:  88%|████████▊ | 403/459 [00:19<00:02, 20.67it/s]
Epoch 26/50 [Train]:  88%|████████▊ | 406/459 [00:19<00:02, 20.70it/s]
Epoch 26/50 [Train]:  89%|████████▉ | 409/459 [00:19<00:02, 20.72it/s]
Epoch 26/50 [Train]:  90%|████████▉ | 412/459 [00:19<00:02, 20.88it/s]
Epoch 26/50 [Train]:  90%|█████████ | 415/459 [00:19<00:02, 20.79it/s]
Epoch 26/50 [Train]:  91%|█████████ | 418/459 [00:20<00:01, 20.85it/s]
Epoch 26/50 [Train]:  92%|█████████▏| 421/459 [00:20<00:01, 20.82it/s]
Epoch 26/50 [Train]:  92%|█████████▏| 424/459 [00:20<00:01, 20.58it/s]
Epoch 26/50 [Train]:  93%|█████████▎| 427/459 [00:20<00:01, 20.36it/s]
Epoch 26/50 [Train]:  94%|█████████▎| 430/459 [00:20<00:01, 20.22it/s]
Epoch 26/50 [Train]:  94%|█████████▍| 433/459 [00:20<00:01, 20.45it/s]
Epoch 26/50 [Train]:  95%|█████████▍| 436/459 [00:20<00:01, 20.52it/s]
Epoch 26/50 [Train]:  96%|█████████▌| 439/459 [00:21<00:00, 20.42it/s]
Epoch 26/50 [Train]:  96%|█████████▋| 442/459 [00:21<00:00, 20.63it/s]
Epoch 26/50 [Train]:  97%|█████████▋| 445/459 [00:21<00:00, 20.66it/s]
Epoch 26/50 [Train]:  98%|█████████▊| 448/459 [00:21<00:00, 20.69it/s]
Epoch 26/50 [Train]:  98%|█████████▊| 451/459 [00:21<00:00, 20.69it/s]
Epoch 26/50 [Train]:  99%|█████████▉| 454/459 [00:21<00:00, 20.62it/s]
Epoch 26/50 [Train]: 100%|█████████▉| 457/459 [00:21<00:00, 20.70it/s]
                                                                      

Epoch 26/50 [Val]:   0%|          | 0/113 [00:00<?, ?it/s]
Epoch 26/50 [Val]:   2%|▏         | 2/113 [00:00<00:06, 17.38it/s]
Epoch 26/50 [Val]:   4%|▎         | 4/113 [00:00<00:06, 17.39it/s]
Epoch 26/50 [Val]:   5%|▌         | 6/113 [00:00<00:06, 17.49it/s]
Epoch 26/50 [Val]:   7%|▋         | 8/113 [00:00<00:05, 17.63it/s]
Epoch 26/50 [Val]:   9%|▉         | 10/113 [00:00<00:05, 18.14it/s]
Epoch 26/50 [Val]:  11%|█         | 12/113 [00:00<00:05, 17.99it/s]
Epoch 26/50 [Val]:  12%|█▏        | 14/113 [00:00<00:05, 17.86it/s]
Epoch 26/50 [Val]:  14%|█▍        | 16/113 [00:00<00:05, 17.08it/s]
Epoch 26/50 [Val]:  16%|█▌        | 18/113 [00:01<00:05, 16.68it/s]
Epoch 26/50 [Val]:  18%|█▊        | 20/113 [00:01<00:05, 16.31it/s]
Epoch 26/50 [Val]:  19%|█▉        | 22/113 [00:01<00:05, 16.15it/s]
Epoch 26/50 [Val]:  21%|██        | 24/113 [00:01<00:05, 16.14it/s]
Epoch 26/50 [Val]:  23%|██▎       | 26/113 [00:01<00:05, 16.14it/s]
Epoch 26/50 [Val]:  25%|██▍       | 28/113 [00:01<00:05, 16.37it/s]
Epoch 26/50 [Val]:  27%|██▋       | 30/113 [00:01<00:04, 16.64it/s]
Epoch 26/50 [Val]:  28%|██▊       | 32/113 [00:01<00:04, 16.90it/s]
Epoch 26/50 [Val]:  30%|███       | 34/113 [00:02<00:04, 17.01it/s]
Epoch 26/50 [Val]:  32%|███▏      | 36/113 [00:02<00:04, 17.37it/s]
Epoch 26/50 [Val]:  34%|███▎      | 38/113 [00:02<00:04, 17.74it/s]
Epoch 26/50 [Val]:  35%|███▌      | 40/113 [00:02<00:04, 17.69it/s]
Epoch 26/50 [Val]:  37%|███▋      | 42/113 [00:02<00:03, 17.78it/s]
Epoch 26/50 [Val]:  39%|███▉      | 44/113 [00:02<00:03, 17.60it/s]
Epoch 26/50 [Val]:  41%|████      | 46/113 [00:02<00:03, 17.22it/s]
Epoch 26/50 [Val]:  42%|████▏     | 48/113 [00:02<00:03, 17.31it/s]
Epoch 26/50 [Val]:  44%|████▍     | 50/113 [00:02<00:03, 17.56it/s]
Epoch 26/50 [Val]:  46%|████▌     | 52/113 [00:03<00:03, 17.95it/s]
Epoch 26/50 [Val]:  48%|████▊     | 54/113 [00:03<00:03, 18.06it/s]
Epoch 26/50 [Val]:  50%|████▉     | 56/113 [00:03<00:03, 17.97it/s]
Epoch 26/50 [Val]:  51%|█████▏    | 58/113 [00:03<00:03, 17.26it/s]
Epoch 26/50 [Val]:  53%|█████▎    | 60/113 [00:03<00:02, 17.71it/s]
Epoch 26/50 [Val]:  55%|█████▍    | 62/113 [00:03<00:02, 17.67it/s]
Epoch 26/50 [Val]:  57%|█████▋    | 64/113 [00:03<00:02, 17.64it/s]
Epoch 26/50 [Val]:  58%|█████▊    | 66/113 [00:03<00:02, 17.22it/s]
Epoch 26/50 [Val]:  60%|██████    | 68/113 [00:03<00:02, 17.08it/s]
Epoch 26/50 [Val]:  62%|██████▏   | 70/113 [00:04<00:02, 17.37it/s]
Epoch 26/50 [Val]:  64%|██████▎   | 72/113 [00:04<00:02, 17.61it/s]
Epoch 26/50 [Val]:  65%|██████▌   | 74/113 [00:04<00:02, 17.84it/s]
Epoch 26/50 [Val]:  67%|██████▋   | 76/113 [00:04<00:02, 17.80it/s]
Epoch 26/50 [Val]:  69%|██████▉   | 78/113 [00:04<00:01, 17.84it/s]
Epoch 26/50 [Val]:  71%|███████   | 80/113 [00:04<00:01, 17.73it/s]
Epoch 26/50 [Val]:  73%|███████▎  | 82/113 [00:04<00:01, 17.51it/s]
Epoch 26/50 [Val]:  74%|███████▍  | 84/113 [00:04<00:01, 17.63it/s]
Epoch 26/50 [Val]:  76%|███████▌  | 86/113 [00:04<00:01, 17.60it/s]
Epoch 26/50 [Val]:  78%|███████▊  | 88/113 [00:05<00:01, 17.39it/s]
Epoch 26/50 [Val]:  80%|███████▉  | 90/113 [00:05<00:01, 17.67it/s]
Epoch 26/50 [Val]:  81%|████████▏ | 92/113 [00:05<00:01, 17.84it/s]
Epoch 26/50 [Val]:  83%|████████▎ | 94/113 [00:05<00:01, 17.94it/s]
Epoch 26/50 [Val]:  85%|████████▍ | 96/113 [00:05<00:00, 18.44it/s]
Epoch 26/50 [Val]:  87%|████████▋ | 98/113 [00:05<00:00, 18.45it/s]
Epoch 26/50 [Val]:  88%|████████▊ | 100/113 [00:05<00:00, 17.88it/s]
Epoch 26/50 [Val]:  90%|█████████ | 102/113 [00:05<00:00, 17.47it/s]
Epoch 26/50 [Val]:  92%|█████████▏| 104/113 [00:05<00:00, 17.73it/s]
Epoch 26/50 [Val]:  94%|█████████▍| 106/113 [00:06<00:00, 17.87it/s]
Epoch 26/50 [Val]:  96%|█████████▌| 108/113 [00:06<00:00, 18.12it/s]
Epoch 26/50 [Val]:  97%|█████████▋| 110/113 [00:06<00:00, 18.23it/s]
Epoch 26/50 [Val]:  99%|█████████▉| 112/113 [00:06<00:00, 18.31it/s]
                                                                    

Epoch 27/50 [Train]:   0%|          | 0/459 [00:00<?, ?it/s]
Epoch 27/50 [Train]:   1%|          | 3/459 [00:00<00:22, 20.40it/s]
Epoch 27/50 [Train]:   1%|▏         | 6/459 [00:00<00:22, 20.57it/s]
Epoch 27/50 [Train]:   2%|▏         | 9/459 [00:00<00:21, 20.74it/s]
Epoch 27/50 [Train]:   3%|▎         | 12/459 [00:00<00:21, 20.71it/s]
Epoch 27/50 [Train]:   3%|▎         | 15/459 [00:00<00:21, 20.85it/s]
Epoch 27/50 [Train]:   4%|▍         | 18/459 [00:00<00:21, 20.82it/s]
Epoch 27/50 [Train]:   5%|▍         | 21/459 [00:01<00:20, 20.89it/s]
Epoch 27/50 [Train]:   5%|▌         | 24/459 [00:01<00:20, 20.76it/s]
Epoch 27/50 [Train]:   6%|▌         | 27/459 [00:01<00:20, 20.87it/s]
Epoch 27/50 [Train]:   7%|▋         | 30/459 [00:01<00:20, 20.84it/s]
Epoch 27/50 [Train]:   7%|▋         | 33/459 [00:01<00:20, 20.88it/s]
Epoch 27/50 [Train]:   8%|▊         | 36/459 [00:01<00:20, 20.89it/s]
Epoch 27/50 [Train]:   8%|▊         | 39/459 [00:01<00:20, 20.76it/s]
Epoch 27/50 [Train]:   9%|▉         | 42/459 [00:02<00:20, 20.77it/s]
Epoch 27/50 [Train]:  10%|▉         | 45/459 [00:02<00:19, 20.77it/s]
Epoch 27/50 [Train]:  10%|█         | 48/459 [00:02<00:20, 20.49it/s]
Epoch 27/50 [Train]:  11%|█         | 51/459 [00:02<00:19, 20.69it/s]
Epoch 27/50 [Train]:  12%|█▏        | 54/459 [00:02<00:19, 20.72it/s]
Epoch 27/50 [Train]:  12%|█▏        | 57/459 [00:02<00:19, 20.71it/s]
Epoch 27/50 [Train]:  13%|█▎        | 60/459 [00:02<00:19, 20.72it/s]
Epoch 27/50 [Train]:  14%|█▎        | 63/459 [00:03<00:19, 20.65it/s]
Epoch 27/50 [Train]:  14%|█▍        | 66/459 [00:03<00:19, 20.62it/s]
Epoch 27/50 [Train]:  15%|█▌        | 69/459 [00:03<00:18, 20.73it/s]
Epoch 27/50 [Train]:  16%|█▌        | 72/459 [00:03<00:18, 20.59it/s]
Epoch 27/50 [Train]:  16%|█▋        | 75/459 [00:03<00:18, 20.62it/s]
Epoch 27/50 [Train]:  17%|█▋        | 78/459 [00:03<00:18, 20.68it/s]
Epoch 27/50 [Train]:  18%|█▊        | 81/459 [00:03<00:18, 20.81it/s]
Epoch 27/50 [Train]:  18%|█▊        | 84/459 [00:04<00:17, 20.90it/s]
Epoch 27/50 [Train]:  19%|█▉        | 87/459 [00:04<00:17, 20.99it/s]
Epoch 27/50 [Train]:  20%|█▉        | 90/459 [00:04<00:17, 20.79it/s]
Epoch 27/50 [Train]:  20%|██        | 93/459 [00:04<00:17, 20.68it/s]
Epoch 27/50 [Train]:  21%|██        | 96/459 [00:04<00:17, 20.77it/s]
Epoch 27/50 [Train]:  22%|██▏       | 99/459 [00:04<00:17, 20.72it/s]
Epoch 27/50 [Train]:  22%|██▏       | 102/459 [00:04<00:17, 20.65it/s]
Epoch 27/50 [Train]:  23%|██▎       | 105/459 [00:05<00:17, 20.66it/s]
Epoch 27/50 [Train]:  24%|██▎       | 108/459 [00:05<00:16, 20.68it/s]
Epoch 27/50 [Train]:  24%|██▍       | 111/459 [00:05<00:16, 20.77it/s]
Epoch 27/50 [Train]:  25%|██▍       | 114/459 [00:05<00:16, 20.70it/s]
Epoch 27/50 [Train]:  25%|██▌       | 117/459 [00:05<00:16, 20.68it/s]
Epoch 27/50 [Train]:  26%|██▌       | 120/459 [00:05<00:16, 20.58it/s]
Epoch 27/50 [Train]:  27%|██▋       | 123/459 [00:05<00:16, 20.59it/s]
Epoch 27/50 [Train]:  27%|██▋       | 126/459 [00:06<00:16, 20.52it/s]
Epoch 27/50 [Train]:  28%|██▊       | 129/459 [00:06<00:16, 20.53it/s]
Epoch 27/50 [Train]:  29%|██▉       | 132/459 [00:06<00:15, 20.64it/s]
Epoch 27/50 [Train]:  29%|██▉       | 135/459 [00:06<00:15, 20.74it/s]
Epoch 27/50 [Train]:  30%|███       | 138/459 [00:06<00:15, 20.59it/s]
Epoch 27/50 [Train]:  31%|███       | 141/459 [00:06<00:15, 20.71it/s]
Epoch 27/50 [Train]:  31%|███▏      | 144/459 [00:06<00:15, 20.75it/s]
Epoch 27/50 [Train]:  32%|███▏      | 147/459 [00:07<00:15, 20.79it/s]
Epoch 27/50 [Train]:  33%|███▎      | 150/459 [00:07<00:14, 20.67it/s]
Epoch 27/50 [Train]:  33%|███▎      | 153/459 [00:07<00:14, 20.71it/s]
Epoch 27/50 [Train]:  34%|███▍      | 156/459 [00:07<00:14, 20.67it/s]
Epoch 27/50 [Train]:  35%|███▍      | 159/459 [00:07<00:14, 20.68it/s]
Epoch 27/50 [Train]:  35%|███▌      | 162/459 [00:07<00:14, 20.68it/s]
Epoch 27/50 [Train]:  36%|███▌      | 165/459 [00:07<00:14, 20.79it/s]
Epoch 27/50 [Train]:  37%|███▋      | 168/459 [00:08<00:13, 20.87it/s]
Epoch 27/50 [Train]:  37%|███▋      | 171/459 [00:08<00:13, 20.87it/s]
Epoch 27/50 [Train]:  38%|███▊      | 174/459 [00:08<00:13, 20.69it/s]
Epoch 27/50 [Train]:  39%|███▊      | 177/459 [00:08<00:13, 20.50it/s]
Epoch 27/50 [Train]:  39%|███▉      | 180/459 [00:08<00:13, 20.50it/s]
Epoch 27/50 [Train]:  40%|███▉      | 183/459 [00:08<00:13, 20.22it/s]
Epoch 27/50 [Train]:  41%|████      | 186/459 [00:08<00:13, 20.44it/s]
Epoch 27/50 [Train]:  41%|████      | 189/459 [00:09<00:13, 20.53it/s]
Epoch 27/50 [Train]:  42%|████▏     | 192/459 [00:09<00:12, 20.62it/s]
Epoch 27/50 [Train]:  42%|████▏     | 195/459 [00:09<00:12, 20.55it/s]
Epoch 27/50 [Train]:  43%|████▎     | 198/459 [00:09<00:12, 20.61it/s]
Epoch 27/50 [Train]:  44%|████▍     | 201/459 [00:09<00:12, 20.42it/s]
Epoch 27/50 [Train]:  44%|████▍     | 204/459 [00:09<00:12, 20.54it/s]
Epoch 27/50 [Train]:  45%|████▌     | 207/459 [00:10<00:12, 20.69it/s]
Epoch 27/50 [Train]:  46%|████▌     | 210/459 [00:10<00:12, 20.71it/s]
Epoch 27/50 [Train]:  46%|████▋     | 213/459 [00:10<00:11, 20.55it/s]
Epoch 27/50 [Train]:  47%|████▋     | 216/459 [00:10<00:11, 20.54it/s]
Epoch 27/50 [Train]:  48%|████▊     | 219/459 [00:10<00:11, 20.56it/s]
Epoch 27/50 [Train]:  48%|████▊     | 222/459 [00:10<00:11, 20.66it/s]
Epoch 27/50 [Train]:  49%|████▉     | 225/459 [00:10<00:11, 20.65it/s]
Epoch 27/50 [Train]:  50%|████▉     | 228/459 [00:11<00:11, 20.72it/s]
Epoch 27/50 [Train]:  50%|█████     | 231/459 [00:11<00:11, 20.64it/s]
Epoch 27/50 [Train]:  51%|█████     | 234/459 [00:11<00:10, 20.83it/s]
Epoch 27/50 [Train]:  52%|█████▏    | 237/459 [00:11<00:10, 20.84it/s]
Epoch 27/50 [Train]:  52%|█████▏    | 240/459 [00:11<00:10, 20.89it/s]
Epoch 27/50 [Train]:  53%|█████▎    | 243/459 [00:11<00:10, 20.90it/s]
Epoch 27/50 [Train]:  54%|█████▎    | 246/459 [00:11<00:10, 20.94it/s]
Epoch 27/50 [Train]:  54%|█████▍    | 249/459 [00:12<00:10, 20.84it/s]
Epoch 27/50 [Train]:  55%|█████▍    | 252/459 [00:12<00:09, 20.90it/s]
Epoch 27/50 [Train]:  56%|█████▌    | 255/459 [00:12<00:09, 20.91it/s]
Epoch 27/50 [Train]:  56%|█████▌    | 258/459 [00:12<00:09, 20.87it/s]
Epoch 27/50 [Train]:  57%|█████▋    | 261/459 [00:12<00:09, 20.94it/s]
Epoch 27/50 [Train]:  58%|█████▊    | 264/459 [00:12<00:09, 20.97it/s]
Epoch 27/50 [Train]:  58%|█████▊    | 267/459 [00:12<00:09, 20.77it/s]
Epoch 27/50 [Train]:  59%|█████▉    | 270/459 [00:13<00:09, 20.79it/s]
Epoch 27/50 [Train]:  59%|█████▉    | 273/459 [00:13<00:08, 20.74it/s]
Epoch 27/50 [Train]:  60%|██████    | 276/459 [00:13<00:08, 20.90it/s]
Epoch 27/50 [Train]:  61%|██████    | 279/459 [00:13<00:08, 20.93it/s]
Epoch 27/50 [Train]:  61%|██████▏   | 282/459 [00:13<00:08, 20.90it/s]
Epoch 27/50 [Train]:  62%|██████▏   | 285/459 [00:13<00:08, 20.94it/s]
Epoch 27/50 [Train]:  63%|██████▎   | 288/459 [00:13<00:08, 20.84it/s]
Epoch 27/50 [Train]:  63%|██████▎   | 291/459 [00:14<00:08, 20.74it/s]
Epoch 27/50 [Train]:  64%|██████▍   | 294/459 [00:14<00:07, 20.83it/s]
Epoch 27/50 [Train]:  65%|██████▍   | 297/459 [00:14<00:07, 20.80it/s]
Epoch 27/50 [Train]:  65%|██████▌   | 300/459 [00:14<00:07, 20.92it/s]
Epoch 27/50 [Train]:  66%|██████▌   | 303/459 [00:14<00:07, 20.89it/s]
Epoch 27/50 [Train]:  67%|██████▋   | 306/459 [00:14<00:07, 20.89it/s]
Epoch 27/50 [Train]:  67%|██████▋   | 309/459 [00:14<00:07, 20.72it/s]
Epoch 27/50 [Train]:  68%|██████▊   | 312/459 [00:15<00:07, 20.82it/s]
Epoch 27/50 [Train]:  69%|██████▊   | 315/459 [00:15<00:06, 20.84it/s]
Epoch 27/50 [Train]:  69%|██████▉   | 318/459 [00:15<00:06, 20.81it/s]
Epoch 27/50 [Train]:  70%|██████▉   | 321/459 [00:15<00:06, 20.88it/s]
Epoch 27/50 [Train]:  71%|███████   | 324/459 [00:15<00:06, 20.91it/s]
Epoch 27/50 [Train]:  71%|███████   | 327/459 [00:15<00:06, 20.88it/s]
Epoch 27/50 [Train]:  72%|███████▏  | 330/459 [00:15<00:06, 20.98it/s]
Epoch 27/50 [Train]:  73%|███████▎  | 333/459 [00:16<00:06, 20.74it/s]
Epoch 27/50 [Train]:  73%|███████▎  | 336/459 [00:16<00:05, 20.87it/s]
Epoch 27/50 [Train]:  74%|███████▍  | 339/459 [00:16<00:05, 20.88it/s]
Epoch 27/50 [Train]:  75%|███████▍  | 342/459 [00:16<00:05, 21.01it/s]
Epoch 27/50 [Train]:  75%|███████▌  | 345/459 [00:16<00:05, 20.99it/s]
Epoch 27/50 [Train]:  76%|███████▌  | 348/459 [00:16<00:05, 21.03it/s]
Epoch 27/50 [Train]:  76%|███████▋  | 351/459 [00:16<00:05, 20.86it/s]
Epoch 27/50 [Train]:  77%|███████▋  | 354/459 [00:17<00:05, 20.83it/s]
Epoch 27/50 [Train]:  78%|███████▊  | 357/459 [00:17<00:04, 20.84it/s]
Epoch 27/50 [Train]:  78%|███████▊  | 360/459 [00:17<00:04, 20.78it/s]
Epoch 27/50 [Train]:  79%|███████▉  | 363/459 [00:17<00:04, 20.86it/s]
Epoch 27/50 [Train]:  80%|███████▉  | 366/459 [00:17<00:04, 20.80it/s]
Epoch 27/50 [Train]:  80%|████████  | 369/459 [00:17<00:04, 20.86it/s]
Epoch 27/50 [Train]:  81%|████████  | 372/459 [00:17<00:04, 20.83it/s]
Epoch 27/50 [Train]:  82%|████████▏ | 375/459 [00:18<00:04, 20.89it/s]
Epoch 27/50 [Train]:  82%|████████▏ | 378/459 [00:18<00:03, 21.03it/s]
Epoch 27/50 [Train]:  83%|████████▎ | 381/459 [00:18<00:03, 20.80it/s]
Epoch 27/50 [Train]:  84%|████████▎ | 384/459 [00:18<00:03, 20.82it/s]
Epoch 27/50 [Train]:  84%|████████▍ | 387/459 [00:18<00:03, 20.80it/s]
Epoch 27/50 [Train]:  85%|████████▍ | 390/459 [00:18<00:03, 20.86it/s]
Epoch 27/50 [Train]:  86%|████████▌ | 393/459 [00:18<00:03, 20.96it/s]
Epoch 27/50 [Train]:  86%|████████▋ | 396/459 [00:19<00:03, 20.92it/s]
Epoch 27/50 [Train]:  87%|████████▋ | 399/459 [00:19<00:02, 20.91it/s]
Epoch 27/50 [Train]:  88%|████████▊ | 402/459 [00:19<00:02, 20.95it/s]
Epoch 27/50 [Train]:  88%|████████▊ | 405/459 [00:19<00:02, 20.89it/s]
Epoch 27/50 [Train]:  89%|████████▉ | 408/459 [00:19<00:02, 20.78it/s]
Epoch 27/50 [Train]:  90%|████████▉ | 411/459 [00:19<00:02, 20.82it/s]
Epoch 27/50 [Train]:  90%|█████████ | 414/459 [00:19<00:02, 20.91it/s]
Epoch 27/50 [Train]:  91%|█████████ | 417/459 [00:20<00:02, 20.81it/s]
Epoch 27/50 [Train]:  92%|█████████▏| 420/459 [00:20<00:01, 20.78it/s]
Epoch 27/50 [Train]:  92%|█████████▏| 423/459 [00:20<00:01, 20.80it/s]
Epoch 27/50 [Train]:  93%|█████████▎| 426/459 [00:20<00:01, 20.85it/s]
Epoch 27/50 [Train]:  93%|█████████▎| 429/459 [00:20<00:01, 20.82it/s]
Epoch 27/50 [Train]:  94%|█████████▍| 432/459 [00:20<00:01, 20.78it/s]
Epoch 27/50 [Train]:  95%|█████████▍| 435/459 [00:20<00:01, 20.71it/s]
Epoch 27/50 [Train]:  95%|█████████▌| 438/459 [00:21<00:01, 20.70it/s]
Epoch 27/50 [Train]:  96%|█████████▌| 441/459 [00:21<00:00, 20.61it/s]
Epoch 27/50 [Train]:  97%|█████████▋| 444/459 [00:21<00:00, 20.62it/s]
Epoch 27/50 [Train]:  97%|█████████▋| 447/459 [00:21<00:00, 20.74it/s]
Epoch 27/50 [Train]:  98%|█████████▊| 450/459 [00:21<00:00, 20.82it/s]
Epoch 27/50 [Train]:  99%|█████████▊| 453/459 [00:21<00:00, 20.68it/s]
Epoch 27/50 [Train]:  99%|█████████▉| 456/459 [00:21<00:00, 20.78it/s]
Epoch 27/50 [Train]: 100%|██████████| 459/459 [00:22<00:00, 20.79it/s]
                                                                      

Epoch 27/50 [Val]:   0%|          | 0/113 [00:00<?, ?it/s]
Epoch 27/50 [Val]:   2%|▏         | 2/113 [00:00<00:06, 17.41it/s]
Epoch 27/50 [Val]:   4%|▎         | 4/113 [00:00<00:06, 17.52it/s]
Epoch 27/50 [Val]:   5%|▌         | 6/113 [00:00<00:06, 17.42it/s]
Epoch 27/50 [Val]:   7%|▋         | 8/113 [00:00<00:05, 17.59it/s]
Epoch 27/50 [Val]:   9%|▉         | 10/113 [00:00<00:05, 18.06it/s]
Epoch 27/50 [Val]:  11%|█         | 12/113 [00:00<00:05, 17.97it/s]
Epoch 27/50 [Val]:  12%|█▏        | 14/113 [00:00<00:05, 18.01it/s]
Epoch 27/50 [Val]:  14%|█▍        | 16/113 [00:00<00:05, 17.06it/s]
Epoch 27/50 [Val]:  16%|█▌        | 18/113 [00:01<00:05, 16.66it/s]
Epoch 27/50 [Val]:  18%|█▊        | 20/113 [00:01<00:05, 16.21it/s]
Epoch 27/50 [Val]:  19%|█▉        | 22/113 [00:01<00:05, 15.96it/s]
Epoch 27/50 [Val]:  21%|██        | 24/113 [00:01<00:05, 15.84it/s]
Epoch 27/50 [Val]:  23%|██▎       | 26/113 [00:01<00:05, 16.06it/s]
Epoch 27/50 [Val]:  25%|██▍       | 28/113 [00:01<00:05, 16.11it/s]
Epoch 27/50 [Val]:  27%|██▋       | 30/113 [00:01<00:05, 16.41it/s]
Epoch 27/50 [Val]:  28%|██▊       | 32/113 [00:01<00:04, 16.62it/s]
Epoch 27/50 [Val]:  30%|███       | 34/113 [00:02<00:04, 16.85it/s]
Epoch 27/50 [Val]:  32%|███▏      | 36/113 [00:02<00:04, 17.18it/s]
Epoch 27/50 [Val]:  34%|███▎      | 38/113 [00:02<00:04, 17.36it/s]
Epoch 27/50 [Val]:  35%|███▌      | 40/113 [00:02<00:04, 17.48it/s]
Epoch 27/50 [Val]:  37%|███▋      | 42/113 [00:02<00:04, 17.59it/s]
Epoch 27/50 [Val]:  39%|███▉      | 44/113 [00:02<00:03, 17.45it/s]
Epoch 27/50 [Val]:  41%|████      | 46/113 [00:02<00:03, 17.17it/s]
Epoch 27/50 [Val]:  42%|████▏     | 48/113 [00:02<00:03, 17.09it/s]
Epoch 27/50 [Val]:  44%|████▍     | 50/113 [00:02<00:03, 17.47it/s]
Epoch 27/50 [Val]:  46%|████▌     | 52/113 [00:03<00:03, 17.67it/s]
Epoch 27/50 [Val]:  48%|████▊     | 54/113 [00:03<00:03, 17.89it/s]
Epoch 27/50 [Val]:  50%|████▉     | 56/113 [00:03<00:03, 17.73it/s]
Epoch 27/50 [Val]:  51%|█████▏    | 58/113 [00:03<00:03, 16.97it/s]
Epoch 27/50 [Val]:  53%|█████▎    | 60/113 [00:03<00:03, 17.54it/s]
Epoch 27/50 [Val]:  55%|█████▍    | 62/113 [00:03<00:02, 17.55it/s]
Epoch 27/50 [Val]:  57%|█████▋    | 64/113 [00:03<00:02, 17.55it/s]
Epoch 27/50 [Val]:  58%|█████▊    | 66/113 [00:03<00:02, 17.11it/s]
Epoch 27/50 [Val]:  60%|██████    | 68/113 [00:03<00:02, 17.12it/s]
Epoch 27/50 [Val]:  62%|██████▏   | 70/113 [00:04<00:02, 17.36it/s]
Epoch 27/50 [Val]:  64%|██████▎   | 72/113 [00:04<00:02, 17.53it/s]
Epoch 27/50 [Val]:  65%|██████▌   | 74/113 [00:04<00:02, 17.74it/s]
Epoch 27/50 [Val]:  67%|██████▋   | 76/113 [00:04<00:02, 17.81it/s]
Epoch 27/50 [Val]:  69%|██████▉   | 78/113 [00:04<00:01, 17.64it/s]
Epoch 27/50 [Val]:  71%|███████   | 80/113 [00:04<00:01, 17.60it/s]
Epoch 27/50 [Val]:  73%|███████▎  | 82/113 [00:04<00:01, 17.46it/s]
Epoch 27/50 [Val]:  74%|███████▍  | 84/113 [00:04<00:01, 17.53it/s]
Epoch 27/50 [Val]:  76%|███████▌  | 86/113 [00:04<00:01, 17.64it/s]
Epoch 27/50 [Val]:  78%|███████▊  | 88/113 [00:05<00:01, 17.31it/s]
Epoch 27/50 [Val]:  80%|███████▉  | 90/113 [00:05<00:01, 17.62it/s]
Epoch 27/50 [Val]:  81%|████████▏ | 92/113 [00:05<00:01, 17.73it/s]
Epoch 27/50 [Val]:  83%|████████▎ | 94/113 [00:05<00:01, 17.78it/s]
Epoch 27/50 [Val]:  85%|████████▍ | 96/113 [00:05<00:00, 18.12it/s]
Epoch 27/50 [Val]:  87%|████████▋ | 98/113 [00:05<00:00, 18.29it/s]
Epoch 27/50 [Val]:  88%|████████▊ | 100/113 [00:05<00:00, 17.82it/s]
Epoch 27/50 [Val]:  90%|█████████ | 102/113 [00:05<00:00, 17.43it/s]
Epoch 27/50 [Val]:  92%|█████████▏| 104/113 [00:05<00:00, 17.78it/s]
Epoch 27/50 [Val]:  94%|█████████▍| 106/113 [00:06<00:00, 17.85it/s]
Epoch 27/50 [Val]:  96%|█████████▌| 108/113 [00:06<00:00, 18.14it/s]
Epoch 27/50 [Val]:  97%|█████████▋| 110/113 [00:06<00:00, 18.22it/s]
Epoch 27/50 [Val]:  99%|█████████▉| 112/113 [00:06<00:00, 18.21it/s]
                                                                    

Epoch 28/50 [Train]:   0%|          | 0/459 [00:00<?, ?it/s]
Epoch 28/50 [Train]:   1%|          | 3/459 [00:00<00:22, 20.28it/s]
Epoch 28/50 [Train]:   1%|▏         | 6/459 [00:00<00:22, 20.56it/s]
Epoch 28/50 [Train]:   2%|▏         | 9/459 [00:00<00:21, 20.61it/s]
Epoch 28/50 [Train]:   3%|▎         | 12/459 [00:00<00:21, 20.69it/s]
Epoch 28/50 [Train]:   3%|▎         | 15/459 [00:00<00:21, 20.69it/s]
Epoch 28/50 [Train]:   4%|▍         | 18/459 [00:00<00:21, 20.71it/s]
Epoch 28/50 [Train]:   5%|▍         | 21/459 [00:01<00:21, 20.71it/s]
Epoch 28/50 [Train]:   5%|▌         | 24/459 [00:01<00:20, 20.81it/s]
Epoch 28/50 [Train]:   6%|▌         | 27/459 [00:01<00:20, 20.88it/s]
Epoch 28/50 [Train]:   7%|▋         | 30/459 [00:01<00:20, 20.86it/s]
Epoch 28/50 [Train]:   7%|▋         | 33/459 [00:01<00:20, 20.87it/s]
Epoch 28/50 [Train]:   8%|▊         | 36/459 [00:01<00:20, 20.91it/s]
Epoch 28/50 [Train]:   8%|▊         | 39/459 [00:01<00:20, 20.89it/s]
Epoch 28/50 [Train]:   9%|▉         | 42/459 [00:02<00:19, 20.89it/s]
Epoch 28/50 [Train]:  10%|▉         | 45/459 [00:02<00:19, 20.83it/s]
Epoch 28/50 [Train]:  10%|█         | 48/459 [00:02<00:19, 20.76it/s]
Epoch 28/50 [Train]:  11%|█         | 51/459 [00:02<00:19, 20.89it/s]
Epoch 28/50 [Train]:  12%|█▏        | 54/459 [00:02<00:19, 20.89it/s]
Epoch 28/50 [Train]:  12%|█▏        | 57/459 [00:02<00:19, 21.01it/s]
Epoch 28/50 [Train]:  13%|█▎        | 60/459 [00:02<00:18, 21.04it/s]
Epoch 28/50 [Train]:  14%|█▎        | 63/459 [00:03<00:18, 20.94it/s]
Epoch 28/50 [Train]:  14%|█▍        | 66/459 [00:03<00:18, 20.98it/s]
Epoch 28/50 [Train]:  15%|█▌        | 69/459 [00:03<00:18, 20.94it/s]
Epoch 28/50 [Train]:  16%|█▌        | 72/459 [00:03<00:18, 20.90it/s]
Epoch 28/50 [Train]:  16%|█▋        | 75/459 [00:03<00:18, 20.92it/s]
Epoch 28/50 [Train]:  17%|█▋        | 78/459 [00:03<00:18, 20.97it/s]
Epoch 28/50 [Train]:  18%|█▊        | 81/459 [00:03<00:18, 20.86it/s]
Epoch 28/50 [Train]:  18%|█▊        | 84/459 [00:04<00:17, 20.97it/s]
Epoch 28/50 [Train]:  19%|█▉        | 87/459 [00:04<00:17, 20.90it/s]
Epoch 28/50 [Train]:  20%|█▉        | 90/459 [00:04<00:17, 21.01it/s]
Epoch 28/50 [Train]:  20%|██        | 93/459 [00:04<00:17, 20.79it/s]
Epoch 28/50 [Train]:  21%|██        | 96/459 [00:04<00:17, 20.91it/s]
Epoch 28/50 [Train]:  22%|██▏       | 99/459 [00:04<00:17, 20.98it/s]
Epoch 28/50 [Train]:  22%|██▏       | 102/459 [00:04<00:17, 20.90it/s]
Epoch 28/50 [Train]:  23%|██▎       | 105/459 [00:05<00:17, 20.75it/s]
Epoch 28/50 [Train]:  24%|██▎       | 108/459 [00:05<00:16, 20.84it/s]
Epoch 28/50 [Train]:  24%|██▍       | 111/459 [00:05<00:16, 20.81it/s]
Epoch 28/50 [Train]:  25%|██▍       | 114/459 [00:05<00:16, 20.79it/s]
Epoch 28/50 [Train]:  25%|██▌       | 117/459 [00:05<00:16, 20.78it/s]
Epoch 28/50 [Train]:  26%|██▌       | 120/459 [00:05<00:16, 20.82it/s]
Epoch 28/50 [Train]:  27%|██▋       | 123/459 [00:05<00:16, 20.81it/s]
Epoch 28/50 [Train]:  27%|██▋       | 126/459 [00:06<00:15, 20.84it/s]
Epoch 28/50 [Train]:  28%|██▊       | 129/459 [00:06<00:15, 20.77it/s]
Epoch 28/50 [Train]:  29%|██▉       | 132/459 [00:06<00:15, 20.80it/s]
Epoch 28/50 [Train]:  29%|██▉       | 135/459 [00:06<00:15, 20.76it/s]
Epoch 28/50 [Train]:  30%|███       | 138/459 [00:06<00:15, 20.69it/s]
Epoch 28/50 [Train]:  31%|███       | 141/459 [00:06<00:15, 20.69it/s]
Epoch 28/50 [Train]:  31%|███▏      | 144/459 [00:06<00:15, 20.79it/s]
Epoch 28/50 [Train]:  32%|███▏      | 147/459 [00:07<00:14, 20.84it/s]
Epoch 28/50 [Train]:  33%|███▎      | 150/459 [00:07<00:14, 20.90it/s]
Epoch 28/50 [Train]:  33%|███▎      | 153/459 [00:07<00:14, 20.95it/s]
Epoch 28/50 [Train]:  34%|███▍      | 156/459 [00:07<00:14, 20.87it/s]
Epoch 28/50 [Train]:  35%|███▍      | 159/459 [00:07<00:14, 20.81it/s]
Epoch 28/50 [Train]:  35%|███▌      | 162/459 [00:07<00:14, 20.70it/s]
Epoch 28/50 [Train]:  36%|███▌      | 165/459 [00:07<00:14, 20.71it/s]
Epoch 28/50 [Train]:  37%|███▋      | 168/459 [00:08<00:13, 20.83it/s]
Epoch 28/50 [Train]:  37%|███▋      | 171/459 [00:08<00:13, 20.92it/s]
Epoch 28/50 [Train]:  38%|███▊      | 174/459 [00:08<00:13, 21.01it/s]
Epoch 28/50 [Train]:  39%|███▊      | 177/459 [00:08<00:13, 20.86it/s]
Epoch 28/50 [Train]:  39%|███▉      | 180/459 [00:08<00:13, 20.78it/s]
Epoch 28/50 [Train]:  40%|███▉      | 183/459 [00:08<00:13, 20.74it/s]
Epoch 28/50 [Train]:  41%|████      | 186/459 [00:08<00:13, 20.88it/s]
Epoch 28/50 [Train]:  41%|████      | 189/459 [00:09<00:12, 20.86it/s]
Epoch 28/50 [Train]:  42%|████▏     | 192/459 [00:09<00:12, 20.80it/s]
Epoch 28/50 [Train]:  42%|████▏     | 195/459 [00:09<00:12, 20.98it/s]
Epoch 28/50 [Train]:  43%|████▎     | 198/459 [00:09<00:12, 20.92it/s]
Epoch 28/50 [Train]:  44%|████▍     | 201/459 [00:09<00:12, 20.91it/s]
Epoch 28/50 [Train]:  44%|████▍     | 204/459 [00:09<00:12, 20.79it/s]
Epoch 28/50 [Train]:  45%|████▌     | 207/459 [00:09<00:12, 20.86it/s]
Epoch 28/50 [Train]:  46%|████▌     | 210/459 [00:10<00:12, 20.44it/s]
Epoch 28/50 [Train]:  46%|████▋     | 213/459 [00:10<00:12, 20.25it/s]
Epoch 28/50 [Train]:  47%|████▋     | 216/459 [00:10<00:11, 20.27it/s]
Epoch 28/50 [Train]:  48%|████▊     | 219/459 [00:10<00:11, 20.43it/s]
Epoch 28/50 [Train]:  48%|████▊     | 222/459 [00:10<00:11, 20.44it/s]
Epoch 28/50 [Train]:  49%|████▉     | 225/459 [00:10<00:11, 20.27it/s]
Epoch 28/50 [Train]:  50%|████▉     | 228/459 [00:10<00:11, 20.37it/s]
Epoch 28/50 [Train]:  50%|█████     | 231/459 [00:11<00:11, 20.51it/s]
Epoch 28/50 [Train]:  51%|█████     | 234/459 [00:11<00:10, 20.63it/s]
Epoch 28/50 [Train]:  52%|█████▏    | 237/459 [00:11<00:10, 20.54it/s]
Epoch 28/50 [Train]:  52%|█████▏    | 240/459 [00:11<00:10, 20.69it/s]
Epoch 28/50 [Train]:  53%|█████▎    | 243/459 [00:11<00:10, 20.77it/s]
Epoch 28/50 [Train]:  54%|█████▎    | 246/459 [00:11<00:10, 20.86it/s]
Epoch 28/50 [Train]:  54%|█████▍    | 249/459 [00:11<00:10, 20.68it/s]
Epoch 28/50 [Train]:  55%|█████▍    | 252/459 [00:12<00:09, 20.85it/s]
Epoch 28/50 [Train]:  56%|█████▌    | 255/459 [00:12<00:09, 20.63it/s]
Epoch 28/50 [Train]:  56%|█████▌    | 258/459 [00:12<00:09, 20.60it/s]
Epoch 28/50 [Train]:  57%|█████▋    | 261/459 [00:12<00:09, 20.48it/s]
Epoch 28/50 [Train]:  58%|█████▊    | 264/459 [00:12<00:09, 20.52it/s]
Epoch 28/50 [Train]:  58%|█████▊    | 267/459 [00:12<00:09, 20.61it/s]
Epoch 28/50 [Train]:  59%|█████▉    | 270/459 [00:12<00:09, 20.69it/s]
Epoch 28/50 [Train]:  59%|█████▉    | 273/459 [00:13<00:08, 20.69it/s]
Epoch 28/50 [Train]:  60%|██████    | 276/459 [00:13<00:08, 20.73it/s]
Epoch 28/50 [Train]:  61%|██████    | 279/459 [00:13<00:08, 20.70it/s]
Epoch 28/50 [Train]:  61%|██████▏   | 282/459 [00:13<00:08, 20.69it/s]
Epoch 28/50 [Train]:  62%|██████▏   | 285/459 [00:13<00:08, 20.62it/s]
Epoch 28/50 [Train]:  63%|██████▎   | 288/459 [00:13<00:08, 20.57it/s]
Epoch 28/50 [Train]:  63%|██████▎   | 291/459 [00:14<00:08, 20.60it/s]
Epoch 28/50 [Train]:  64%|██████▍   | 294/459 [00:14<00:07, 20.74it/s]
Epoch 28/50 [Train]:  65%|██████▍   | 297/459 [00:14<00:07, 20.83it/s]
Epoch 28/50 [Train]:  65%|██████▌   | 300/459 [00:14<00:07, 20.94it/s]
Epoch 28/50 [Train]:  66%|██████▌   | 303/459 [00:14<00:07, 20.92it/s]
Epoch 28/50 [Train]:  67%|██████▋   | 306/459 [00:14<00:07, 20.93it/s]
Epoch 28/50 [Train]:  67%|██████▋   | 309/459 [00:14<00:07, 20.85it/s]
Epoch 28/50 [Train]:  68%|██████▊   | 312/459 [00:15<00:07, 20.90it/s]
Epoch 28/50 [Train]:  69%|██████▊   | 315/459 [00:15<00:06, 20.85it/s]
Epoch 28/50 [Train]:  69%|██████▉   | 318/459 [00:15<00:06, 20.74it/s]
Epoch 28/50 [Train]:  70%|██████▉   | 321/459 [00:15<00:06, 20.66it/s]
Epoch 28/50 [Train]:  71%|███████   | 324/459 [00:15<00:06, 20.71it/s]
Epoch 28/50 [Train]:  71%|███████   | 327/459 [00:15<00:06, 20.79it/s]
Epoch 28/50 [Train]:  72%|███████▏  | 330/459 [00:15<00:06, 20.81it/s]
Epoch 28/50 [Train]:  73%|███████▎  | 333/459 [00:16<00:06, 20.68it/s]
Epoch 28/50 [Train]:  73%|███████▎  | 336/459 [00:16<00:05, 20.75it/s]
Epoch 28/50 [Train]:  74%|███████▍  | 339/459 [00:16<00:05, 20.70it/s]
Epoch 28/50 [Train]:  75%|███████▍  | 342/459 [00:16<00:05, 20.78it/s]
Epoch 28/50 [Train]:  75%|███████▌  | 345/459 [00:16<00:05, 20.65it/s]
Epoch 28/50 [Train]:  76%|███████▌  | 348/459 [00:16<00:05, 20.62it/s]
Epoch 28/50 [Train]:  76%|███████▋  | 351/459 [00:16<00:05, 20.63it/s]
Epoch 28/50 [Train]:  77%|███████▋  | 354/459 [00:17<00:05, 20.70it/s]
Epoch 28/50 [Train]:  78%|███████▊  | 357/459 [00:17<00:04, 20.76it/s]
Epoch 28/50 [Train]:  78%|███████▊  | 360/459 [00:17<00:04, 20.84it/s]
Epoch 28/50 [Train]:  79%|███████▉  | 363/459 [00:17<00:04, 20.92it/s]
Epoch 28/50 [Train]:  80%|███████▉  | 366/459 [00:17<00:04, 20.97it/s]
Epoch 28/50 [Train]:  80%|████████  | 369/459 [00:17<00:04, 20.89it/s]
Epoch 28/50 [Train]:  81%|████████  | 372/459 [00:17<00:04, 20.84it/s]
Epoch 28/50 [Train]:  82%|████████▏ | 375/459 [00:18<00:04, 20.91it/s]
Epoch 28/50 [Train]:  82%|████████▏ | 378/459 [00:18<00:03, 20.99it/s]
Epoch 28/50 [Train]:  83%|████████▎ | 381/459 [00:18<00:03, 20.87it/s]
Epoch 28/50 [Train]:  84%|████████▎ | 384/459 [00:18<00:03, 20.92it/s]
Epoch 28/50 [Train]:  84%|████████▍ | 387/459 [00:18<00:03, 21.00it/s]
Epoch 28/50 [Train]:  85%|████████▍ | 390/459 [00:18<00:03, 20.82it/s]
Epoch 28/50 [Train]:  86%|████████▌ | 393/459 [00:18<00:03, 20.76it/s]
Epoch 28/50 [Train]:  86%|████████▋ | 396/459 [00:19<00:03, 20.75it/s]
Epoch 28/50 [Train]:  87%|████████▋ | 399/459 [00:19<00:02, 20.69it/s]
Epoch 28/50 [Train]:  88%|████████▊ | 402/459 [00:19<00:02, 20.88it/s]
Epoch 28/50 [Train]:  88%|████████▊ | 405/459 [00:19<00:02, 20.79it/s]
Epoch 28/50 [Train]:  89%|████████▉ | 408/459 [00:19<00:02, 20.72it/s]
Epoch 28/50 [Train]:  90%|████████▉ | 411/459 [00:19<00:02, 20.57it/s]
Epoch 28/50 [Train]:  90%|█████████ | 414/459 [00:19<00:02, 20.75it/s]
Epoch 28/50 [Train]:  91%|█████████ | 417/459 [00:20<00:02, 20.73it/s]
Epoch 28/50 [Train]:  92%|█████████▏| 420/459 [00:20<00:01, 20.71it/s]
Epoch 28/50 [Train]:  92%|█████████▏| 423/459 [00:20<00:01, 20.72it/s]
Epoch 28/50 [Train]:  93%|█████████▎| 426/459 [00:20<00:01, 20.84it/s]
Epoch 28/50 [Train]:  93%|█████████▎| 429/459 [00:20<00:01, 20.86it/s]
Epoch 28/50 [Train]:  94%|█████████▍| 432/459 [00:20<00:01, 20.69it/s]
Epoch 28/50 [Train]:  95%|█████████▍| 435/459 [00:20<00:01, 20.83it/s]
Epoch 28/50 [Train]:  95%|█████████▌| 438/459 [00:21<00:01, 20.88it/s]
Epoch 28/50 [Train]:  96%|█████████▌| 441/459 [00:21<00:00, 20.85it/s]
Epoch 28/50 [Train]:  97%|█████████▋| 444/459 [00:21<00:00, 20.99it/s]
Epoch 28/50 [Train]:  97%|█████████▋| 447/459 [00:21<00:00, 21.03it/s]
Epoch 28/50 [Train]:  98%|█████████▊| 450/459 [00:21<00:00, 21.09it/s]
Epoch 28/50 [Train]:  99%|█████████▊| 453/459 [00:21<00:00, 20.74it/s]
Epoch 28/50 [Train]:  99%|█████████▉| 456/459 [00:21<00:00, 20.87it/s]
Epoch 28/50 [Train]: 100%|██████████| 459/459 [00:22<00:00, 20.78it/s]
                                                                      

Epoch 28/50 [Val]:   0%|          | 0/113 [00:00<?, ?it/s]
Epoch 28/50 [Val]:   2%|▏         | 2/113 [00:00<00:06, 17.70it/s]
Epoch 28/50 [Val]:   4%|▎         | 4/113 [00:00<00:06, 17.84it/s]
Epoch 28/50 [Val]:   5%|▌         | 6/113 [00:00<00:06, 17.70it/s]
Epoch 28/50 [Val]:   7%|▋         | 8/113 [00:00<00:05, 17.81it/s]
Epoch 28/50 [Val]:   9%|▉         | 10/113 [00:00<00:05, 18.18it/s]
Epoch 28/50 [Val]:  11%|█         | 12/113 [00:00<00:05, 18.35it/s]
Epoch 28/50 [Val]:  12%|█▏        | 14/113 [00:00<00:05, 18.07it/s]
Epoch 28/50 [Val]:  14%|█▍        | 16/113 [00:00<00:05, 17.28it/s]
Epoch 28/50 [Val]:  16%|█▌        | 18/113 [00:01<00:05, 16.88it/s]
Epoch 28/50 [Val]:  18%|█▊        | 20/113 [00:01<00:05, 16.51it/s]
Epoch 28/50 [Val]:  19%|█▉        | 22/113 [00:01<00:05, 16.33it/s]
Epoch 28/50 [Val]:  21%|██        | 24/113 [00:01<00:05, 16.18it/s]
Epoch 28/50 [Val]:  23%|██▎       | 26/113 [00:01<00:05, 16.32it/s]
Epoch 28/50 [Val]:  25%|██▍       | 28/113 [00:01<00:05, 16.60it/s]
Epoch 28/50 [Val]:  27%|██▋       | 30/113 [00:01<00:04, 16.85it/s]
Epoch 28/50 [Val]:  28%|██▊       | 32/113 [00:01<00:04, 17.09it/s]
Epoch 28/50 [Val]:  30%|███       | 34/113 [00:01<00:04, 17.10it/s]
Epoch 28/50 [Val]:  32%|███▏      | 36/113 [00:02<00:04, 17.50it/s]
Epoch 28/50 [Val]:  34%|███▎      | 38/113 [00:02<00:04, 17.75it/s]
Epoch 28/50 [Val]:  35%|███▌      | 40/113 [00:02<00:04, 17.85it/s]
Epoch 28/50 [Val]:  37%|███▋      | 42/113 [00:02<00:03, 17.92it/s]
Epoch 28/50 [Val]:  39%|███▉      | 44/113 [00:02<00:03, 17.85it/s]
Epoch 28/50 [Val]:  41%|████      | 46/113 [00:02<00:03, 17.62it/s]
Epoch 28/50 [Val]:  42%|████▏     | 48/113 [00:02<00:03, 17.59it/s]
Epoch 28/50 [Val]:  44%|████▍     | 50/113 [00:02<00:03, 17.74it/s]
Epoch 28/50 [Val]:  46%|████▌     | 52/113 [00:02<00:03, 18.06it/s]
Epoch 28/50 [Val]:  48%|████▊     | 54/113 [00:03<00:03, 18.15it/s]
Epoch 28/50 [Val]:  50%|████▉     | 56/113 [00:03<00:03, 18.01it/s]
Epoch 28/50 [Val]:  51%|█████▏    | 58/113 [00:03<00:03, 17.38it/s]
Epoch 28/50 [Val]:  53%|█████▎    | 60/113 [00:03<00:02, 17.87it/s]
Epoch 28/50 [Val]:  55%|█████▍    | 62/113 [00:03<00:02, 17.79it/s]
Epoch 28/50 [Val]:  57%|█████▋    | 64/113 [00:03<00:02, 17.86it/s]
Epoch 28/50 [Val]:  58%|█████▊    | 66/113 [00:03<00:02, 17.38it/s]
Epoch 28/50 [Val]:  60%|██████    | 68/113 [00:03<00:02, 17.27it/s]
Epoch 28/50 [Val]:  62%|██████▏   | 70/113 [00:04<00:02, 17.42it/s]
Epoch 28/50 [Val]:  64%|██████▎   | 72/113 [00:04<00:02, 17.61it/s]
Epoch 28/50 [Val]:  65%|██████▌   | 74/113 [00:04<00:02, 18.04it/s]
Epoch 28/50 [Val]:  67%|██████▋   | 76/113 [00:04<00:02, 18.13it/s]
Epoch 28/50 [Val]:  69%|██████▉   | 78/113 [00:04<00:01, 18.02it/s]
Epoch 28/50 [Val]:  71%|███████   | 80/113 [00:04<00:01, 17.92it/s]
Epoch 28/50 [Val]:  73%|███████▎  | 82/113 [00:04<00:01, 17.73it/s]
Epoch 28/50 [Val]:  74%|███████▍  | 84/113 [00:04<00:01, 17.69it/s]
Epoch 28/50 [Val]:  76%|███████▌  | 86/113 [00:04<00:01, 17.67it/s]
Epoch 28/50 [Val]:  78%|███████▊  | 88/113 [00:05<00:01, 17.47it/s]
Epoch 28/50 [Val]:  80%|███████▉  | 90/113 [00:05<00:01, 17.77it/s]
Epoch 28/50 [Val]:  81%|████████▏ | 92/113 [00:05<00:01, 17.86it/s]
Epoch 28/50 [Val]:  83%|████████▎ | 94/113 [00:05<00:01, 18.00it/s]
Epoch 28/50 [Val]:  85%|████████▍ | 96/113 [00:05<00:00, 18.20it/s]
Epoch 28/50 [Val]:  87%|████████▋ | 98/113 [00:05<00:00, 18.27it/s]
Epoch 28/50 [Val]:  88%|████████▊ | 100/113 [00:05<00:00, 17.89it/s]
Epoch 28/50 [Val]:  90%|█████████ | 102/113 [00:05<00:00, 17.67it/s]
Epoch 28/50 [Val]:  92%|█████████▏| 104/113 [00:05<00:00, 17.83it/s]
Epoch 28/50 [Val]:  94%|█████████▍| 106/113 [00:06<00:00, 17.86it/s]
Epoch 28/50 [Val]:  96%|█████████▌| 108/113 [00:06<00:00, 18.05it/s]
Epoch 28/50 [Val]:  97%|█████████▋| 110/113 [00:06<00:00, 18.11it/s]
Epoch 28/50 [Val]:  99%|█████████▉| 112/113 [00:06<00:00, 18.06it/s]
                                                                    

Epoch 29/50 [Train]:   0%|          | 0/459 [00:00<?, ?it/s]
Epoch 29/50 [Train]:   1%|          | 3/459 [00:00<00:22, 20.34it/s]
Epoch 29/50 [Train]:   1%|▏         | 6/459 [00:00<00:22, 20.28it/s]
Epoch 29/50 [Train]:   2%|▏         | 9/459 [00:00<00:21, 20.68it/s]
Epoch 29/50 [Train]:   3%|▎         | 12/459 [00:00<00:21, 20.52it/s]
Epoch 29/50 [Train]:   3%|▎         | 15/459 [00:00<00:21, 20.55it/s]
Epoch 29/50 [Train]:   4%|▍         | 18/459 [00:00<00:21, 20.72it/s]
Epoch 29/50 [Train]:   5%|▍         | 21/459 [00:01<00:21, 20.59it/s]
Epoch 29/50 [Train]:   5%|▌         | 24/459 [00:01<00:21, 20.60it/s]
Epoch 29/50 [Train]:   6%|▌         | 27/459 [00:01<00:20, 20.66it/s]
Epoch 29/50 [Train]:   7%|▋         | 30/459 [00:01<00:20, 20.78it/s]
Epoch 29/50 [Train]:   7%|▋         | 33/459 [00:01<00:20, 20.69it/s]
Epoch 29/50 [Train]:   8%|▊         | 36/459 [00:01<00:20, 20.78it/s]
Epoch 29/50 [Train]:   8%|▊         | 39/459 [00:01<00:20, 20.85it/s]
Epoch 29/50 [Train]:   9%|▉         | 42/459 [00:02<00:19, 20.89it/s]
Epoch 29/50 [Train]:  10%|▉         | 45/459 [00:02<00:19, 20.93it/s]
Epoch 29/50 [Train]:  10%|█         | 48/459 [00:02<00:19, 20.85it/s]
Epoch 29/50 [Train]:  11%|█         | 51/459 [00:02<00:19, 20.79it/s]
Epoch 29/50 [Train]:  12%|█▏        | 54/459 [00:02<00:19, 20.81it/s]
Epoch 29/50 [Train]:  12%|█▏        | 57/459 [00:02<00:19, 20.83it/s]
Epoch 29/50 [Train]:  13%|█▎        | 60/459 [00:02<00:19, 20.81it/s]
Epoch 29/50 [Train]:  14%|█▎        | 63/459 [00:03<00:18, 20.90it/s]
Epoch 29/50 [Train]:  14%|█▍        | 66/459 [00:03<00:18, 20.83it/s]
Epoch 29/50 [Train]:  15%|█▌        | 69/459 [00:03<00:18, 20.63it/s]
Epoch 29/50 [Train]:  16%|█▌        | 72/459 [00:03<00:18, 20.76it/s]
Epoch 29/50 [Train]:  16%|█▋        | 75/459 [00:03<00:18, 20.77it/s]
Epoch 29/50 [Train]:  17%|█▋        | 78/459 [00:03<00:18, 20.88it/s]
Epoch 29/50 [Train]:  18%|█▊        | 81/459 [00:03<00:18, 20.97it/s]
Epoch 29/50 [Train]:  18%|█▊        | 84/459 [00:04<00:17, 20.95it/s]
Epoch 29/50 [Train]:  19%|█▉        | 87/459 [00:04<00:17, 21.03it/s]
Epoch 29/50 [Train]:  20%|█▉        | 90/459 [00:04<00:17, 21.12it/s]
Epoch 29/50 [Train]:  20%|██        | 93/459 [00:04<00:17, 20.96it/s]
Epoch 29/50 [Train]:  21%|██        | 96/459 [00:04<00:17, 20.82it/s]
Epoch 29/50 [Train]:  22%|██▏       | 99/459 [00:04<00:17, 20.78it/s]
Epoch 29/50 [Train]:  22%|██▏       | 102/459 [00:04<00:17, 20.77it/s]
Epoch 29/50 [Train]:  23%|██▎       | 105/459 [00:05<00:16, 20.84it/s]
Epoch 29/50 [Train]:  24%|██▎       | 108/459 [00:05<00:16, 20.90it/s]
Epoch 29/50 [Train]:  24%|██▍       | 111/459 [00:05<00:16, 20.77it/s]
Epoch 29/50 [Train]:  25%|██▍       | 114/459 [00:05<00:16, 20.85it/s]
Epoch 29/50 [Train]:  25%|██▌       | 117/459 [00:05<00:16, 20.94it/s]
Epoch 29/50 [Train]:  26%|██▌       | 120/459 [00:05<00:16, 20.69it/s]
Epoch 29/50 [Train]:  27%|██▋       | 123/459 [00:05<00:16, 20.88it/s]
Epoch 29/50 [Train]:  27%|██▋       | 126/459 [00:06<00:15, 20.98it/s]
Epoch 29/50 [Train]:  28%|██▊       | 129/459 [00:06<00:15, 20.66it/s]
Epoch 29/50 [Train]:  29%|██▉       | 132/459 [00:06<00:15, 20.81it/s]
Epoch 29/50 [Train]:  29%|██▉       | 135/459 [00:06<00:15, 20.83it/s]
Epoch 29/50 [Train]:  30%|███       | 138/459 [00:06<00:15, 20.92it/s]
Epoch 29/50 [Train]:  31%|███       | 141/459 [00:06<00:15, 20.81it/s]
Epoch 29/50 [Train]:  31%|███▏      | 144/459 [00:06<00:15, 20.84it/s]
Epoch 29/50 [Train]:  32%|███▏      | 147/459 [00:07<00:14, 20.86it/s]
Epoch 29/50 [Train]:  33%|███▎      | 150/459 [00:07<00:14, 20.87it/s]
Epoch 29/50 [Train]:  33%|███▎      | 153/459 [00:07<00:14, 20.87it/s]
Epoch 29/50 [Train]:  34%|███▍      | 156/459 [00:07<00:14, 20.91it/s]
Epoch 29/50 [Train]:  35%|███▍      | 159/459 [00:07<00:14, 21.05it/s]
Epoch 29/50 [Train]:  35%|███▌      | 162/459 [00:07<00:14, 20.79it/s]
Epoch 29/50 [Train]:  36%|███▌      | 165/459 [00:07<00:14, 20.92it/s]
Epoch 29/50 [Train]:  37%|███▋      | 168/459 [00:08<00:14, 20.61it/s]
Epoch 29/50 [Train]:  37%|███▋      | 171/459 [00:08<00:14, 20.46it/s]
Epoch 29/50 [Train]:  38%|███▊      | 174/459 [00:08<00:13, 20.54it/s]
Epoch 29/50 [Train]:  39%|███▊      | 177/459 [00:08<00:13, 20.55it/s]
Epoch 29/50 [Train]:  39%|███▉      | 180/459 [00:08<00:13, 20.70it/s]
Epoch 29/50 [Train]:  40%|███▉      | 183/459 [00:08<00:13, 20.82it/s]
Epoch 29/50 [Train]:  41%|████      | 186/459 [00:08<00:13, 20.82it/s]
Epoch 29/50 [Train]:  41%|████      | 189/459 [00:09<00:12, 20.80it/s]
Epoch 29/50 [Train]:  42%|████▏     | 192/459 [00:09<00:12, 20.86it/s]
Epoch 29/50 [Train]:  42%|████▏     | 195/459 [00:09<00:12, 20.90it/s]
Epoch 29/50 [Train]:  43%|████▎     | 198/459 [00:09<00:12, 20.89it/s]
Epoch 29/50 [Train]:  44%|████▍     | 201/459 [00:09<00:12, 20.83it/s]
Epoch 29/50 [Train]:  44%|████▍     | 204/459 [00:09<00:12, 20.92it/s]
Epoch 29/50 [Train]:  45%|████▌     | 207/459 [00:09<00:12, 20.95it/s]
Epoch 29/50 [Train]:  46%|████▌     | 210/459 [00:10<00:11, 20.92it/s]
Epoch 29/50 [Train]:  46%|████▋     | 213/459 [00:10<00:11, 20.93it/s]
Epoch 29/50 [Train]:  47%|████▋     | 216/459 [00:10<00:11, 20.82it/s]
Epoch 29/50 [Train]:  48%|████▊     | 219/459 [00:10<00:11, 20.83it/s]
Epoch 29/50 [Train]:  48%|████▊     | 222/459 [00:10<00:11, 20.89it/s]
Epoch 29/50 [Train]:  49%|████▉     | 225/459 [00:10<00:11, 20.88it/s]
Epoch 29/50 [Train]:  50%|████▉     | 228/459 [00:10<00:11, 20.97it/s]
Epoch 29/50 [Train]:  50%|█████     | 231/459 [00:11<00:10, 20.84it/s]
Epoch 29/50 [Train]:  51%|█████     | 234/459 [00:11<00:10, 20.73it/s]
Epoch 29/50 [Train]:  52%|█████▏    | 237/459 [00:11<00:10, 20.76it/s]
Epoch 29/50 [Train]:  52%|█████▏    | 240/459 [00:11<00:10, 20.71it/s]
Epoch 29/50 [Train]:  53%|█████▎    | 243/459 [00:11<00:10, 20.74it/s]
Epoch 29/50 [Train]:  54%|█████▎    | 246/459 [00:11<00:10, 20.49it/s]
Epoch 29/50 [Train]:  54%|█████▍    | 249/459 [00:11<00:10, 20.51it/s]
Epoch 29/50 [Train]:  55%|█████▍    | 252/459 [00:12<00:10, 20.45it/s]
Epoch 29/50 [Train]:  56%|█████▌    | 255/459 [00:12<00:09, 20.52it/s]
Epoch 29/50 [Train]:  56%|█████▌    | 258/459 [00:12<00:09, 20.62it/s]
Epoch 29/50 [Train]:  57%|█████▋    | 261/459 [00:12<00:09, 20.67it/s]
Epoch 29/50 [Train]:  58%|█████▊    | 264/459 [00:12<00:09, 20.72it/s]
Epoch 29/50 [Train]:  58%|█████▊    | 267/459 [00:12<00:09, 20.71it/s]
Epoch 29/50 [Train]:  59%|█████▉    | 270/459 [00:12<00:09, 20.85it/s]
Epoch 29/50 [Train]:  59%|█████▉    | 273/459 [00:13<00:08, 20.82it/s]
Epoch 29/50 [Train]:  60%|██████    | 276/459 [00:13<00:08, 20.96it/s]
Epoch 29/50 [Train]:  61%|██████    | 279/459 [00:13<00:08, 20.81it/s]
Epoch 29/50 [Train]:  61%|██████▏   | 282/459 [00:13<00:08, 20.94it/s]
Epoch 29/50 [Train]:  62%|██████▏   | 285/459 [00:13<00:08, 20.89it/s]
Epoch 29/50 [Train]:  63%|██████▎   | 288/459 [00:13<00:08, 21.00it/s]
Epoch 29/50 [Train]:  63%|██████▎   | 291/459 [00:13<00:08, 20.90it/s]
Epoch 29/50 [Train]:  64%|██████▍   | 294/459 [00:14<00:07, 20.83it/s]
Epoch 29/50 [Train]:  65%|██████▍   | 297/459 [00:14<00:07, 20.88it/s]
Epoch 29/50 [Train]:  65%|██████▌   | 300/459 [00:14<00:07, 20.87it/s]
Epoch 29/50 [Train]:  66%|██████▌   | 303/459 [00:14<00:07, 20.90it/s]
Epoch 29/50 [Train]:  67%|██████▋   | 306/459 [00:14<00:07, 20.90it/s]
Epoch 29/50 [Train]:  67%|██████▋   | 309/459 [00:14<00:07, 20.92it/s]
Epoch 29/50 [Train]:  68%|██████▊   | 312/459 [00:14<00:07, 20.96it/s]
Epoch 29/50 [Train]:  69%|██████▊   | 315/459 [00:15<00:06, 20.81it/s]
Epoch 29/50 [Train]:  69%|██████▉   | 318/459 [00:15<00:06, 20.68it/s]
Epoch 29/50 [Train]:  70%|██████▉   | 321/459 [00:15<00:06, 20.68it/s]
Epoch 29/50 [Train]:  71%|███████   | 324/459 [00:15<00:06, 20.74it/s]
Epoch 29/50 [Train]:  71%|███████   | 327/459 [00:15<00:06, 20.83it/s]
Epoch 29/50 [Train]:  72%|███████▏  | 330/459 [00:15<00:06, 20.94it/s]
Epoch 29/50 [Train]:  73%|███████▎  | 333/459 [00:16<00:06, 20.97it/s]
Epoch 29/50 [Train]:  73%|███████▎  | 336/459 [00:16<00:05, 20.98it/s]
Epoch 29/50 [Train]:  74%|███████▍  | 339/459 [00:16<00:05, 21.03it/s]
Epoch 29/50 [Train]:  75%|███████▍  | 342/459 [00:16<00:05, 20.98it/s]
Epoch 29/50 [Train]:  75%|███████▌  | 345/459 [00:16<00:05, 20.86it/s]
Epoch 29/50 [Train]:  76%|███████▌  | 348/459 [00:16<00:05, 20.81it/s]
Epoch 29/50 [Train]:  76%|███████▋  | 351/459 [00:16<00:05, 20.66it/s]
Epoch 29/50 [Train]:  77%|███████▋  | 354/459 [00:17<00:05, 20.75it/s]
Epoch 29/50 [Train]:  78%|███████▊  | 357/459 [00:17<00:04, 20.68it/s]
Epoch 29/50 [Train]:  78%|███████▊  | 360/459 [00:17<00:04, 20.63it/s]
Epoch 29/50 [Train]:  79%|███████▉  | 363/459 [00:17<00:04, 20.80it/s]
Epoch 29/50 [Train]:  80%|███████▉  | 366/459 [00:17<00:04, 20.91it/s]
Epoch 29/50 [Train]:  80%|████████  | 369/459 [00:17<00:04, 20.80it/s]
Epoch 29/50 [Train]:  81%|████████  | 372/459 [00:17<00:04, 20.66it/s]
Epoch 29/50 [Train]:  82%|████████▏ | 375/459 [00:18<00:04, 20.79it/s]
Epoch 29/50 [Train]:  82%|████████▏ | 378/459 [00:18<00:03, 20.86it/s]
Epoch 29/50 [Train]:  83%|████████▎ | 381/459 [00:18<00:03, 20.82it/s]
Epoch 29/50 [Train]:  84%|████████▎ | 384/459 [00:18<00:03, 20.76it/s]
Epoch 29/50 [Train]:  84%|████████▍ | 387/459 [00:18<00:03, 20.80it/s]
Epoch 29/50 [Train]:  85%|████████▍ | 390/459 [00:18<00:03, 20.90it/s]
Epoch 29/50 [Train]:  86%|████████▌ | 393/459 [00:18<00:03, 20.85it/s]
Epoch 29/50 [Train]:  86%|████████▋ | 396/459 [00:19<00:03, 20.91it/s]
Epoch 29/50 [Train]:  87%|████████▋ | 399/459 [00:19<00:02, 20.87it/s]
Epoch 29/50 [Train]:  88%|████████▊ | 402/459 [00:19<00:02, 20.86it/s]
Epoch 29/50 [Train]:  88%|████████▊ | 405/459 [00:19<00:02, 20.96it/s]
Epoch 29/50 [Train]:  89%|████████▉ | 408/459 [00:19<00:02, 20.92it/s]
Epoch 29/50 [Train]:  90%|████████▉ | 411/459 [00:19<00:02, 20.98it/s]
Epoch 29/50 [Train]:  90%|█████████ | 414/459 [00:19<00:02, 21.04it/s]
Epoch 29/50 [Train]:  91%|█████████ | 417/459 [00:20<00:01, 21.13it/s]
Epoch 29/50 [Train]:  92%|█████████▏| 420/459 [00:20<00:01, 21.05it/s]
Epoch 29/50 [Train]:  92%|█████████▏| 423/459 [00:20<00:01, 20.83it/s]
Epoch 29/50 [Train]:  93%|█████████▎| 426/459 [00:20<00:01, 20.89it/s]
Epoch 29/50 [Train]:  93%|█████████▎| 429/459 [00:20<00:01, 20.66it/s]
Epoch 29/50 [Train]:  94%|█████████▍| 432/459 [00:20<00:01, 20.67it/s]
Epoch 29/50 [Train]:  95%|█████████▍| 435/459 [00:20<00:01, 20.78it/s]
Epoch 29/50 [Train]:  95%|█████████▌| 438/459 [00:21<00:01, 20.77it/s]
Epoch 29/50 [Train]:  96%|█████████▌| 441/459 [00:21<00:00, 20.81it/s]
Epoch 29/50 [Train]:  97%|█████████▋| 444/459 [00:21<00:00, 20.93it/s]
Epoch 29/50 [Train]:  97%|█████████▋| 447/459 [00:21<00:00, 20.96it/s]
Epoch 29/50 [Train]:  98%|█████████▊| 450/459 [00:21<00:00, 20.88it/s]
Epoch 29/50 [Train]:  99%|█████████▊| 453/459 [00:21<00:00, 20.95it/s]
Epoch 29/50 [Train]:  99%|█████████▉| 456/459 [00:21<00:00, 21.03it/s]
Epoch 29/50 [Train]: 100%|██████████| 459/459 [00:22<00:00, 20.76it/s]
                                                                      

Epoch 29/50 [Val]:   0%|          | 0/113 [00:00<?, ?it/s]
Epoch 29/50 [Val]:   2%|▏         | 2/113 [00:00<00:06, 17.94it/s]
Epoch 29/50 [Val]:   4%|▎         | 4/113 [00:00<00:06, 17.80it/s]
Epoch 29/50 [Val]:   5%|▌         | 6/113 [00:00<00:06, 17.66it/s]
Epoch 29/50 [Val]:   7%|▋         | 8/113 [00:00<00:05, 17.73it/s]
Epoch 29/50 [Val]:   9%|▉         | 10/113 [00:00<00:05, 18.02it/s]
Epoch 29/50 [Val]:  11%|█         | 12/113 [00:00<00:05, 18.06it/s]
Epoch 29/50 [Val]:  12%|█▏        | 14/113 [00:00<00:05, 18.02it/s]
Epoch 29/50 [Val]:  14%|█▍        | 16/113 [00:00<00:05, 17.06it/s]
Epoch 29/50 [Val]:  16%|█▌        | 18/113 [00:01<00:05, 16.56it/s]
Epoch 29/50 [Val]:  18%|█▊        | 20/113 [00:01<00:05, 16.32it/s]
Epoch 29/50 [Val]:  19%|█▉        | 22/113 [00:01<00:05, 16.08it/s]
Epoch 29/50 [Val]:  21%|██        | 24/113 [00:01<00:05, 16.07it/s]
Epoch 29/50 [Val]:  23%|██▎       | 26/113 [00:01<00:05, 16.22it/s]
Epoch 29/50 [Val]:  25%|██▍       | 28/113 [00:01<00:05, 16.39it/s]
Epoch 29/50 [Val]:  27%|██▋       | 30/113 [00:01<00:04, 16.68it/s]
Epoch 29/50 [Val]:  28%|██▊       | 32/113 [00:01<00:04, 16.75it/s]
Epoch 29/50 [Val]:  30%|███       | 34/113 [00:02<00:04, 17.02it/s]
Epoch 29/50 [Val]:  32%|███▏      | 36/113 [00:02<00:04, 17.44it/s]
Epoch 29/50 [Val]:  34%|███▎      | 38/113 [00:02<00:04, 17.66it/s]
Epoch 29/50 [Val]:  35%|███▌      | 40/113 [00:02<00:04, 17.75it/s]
Epoch 29/50 [Val]:  37%|███▋      | 42/113 [00:02<00:03, 17.78it/s]
Epoch 29/50 [Val]:  39%|███▉      | 44/113 [00:02<00:03, 17.61it/s]
Epoch 29/50 [Val]:  41%|████      | 46/113 [00:02<00:03, 17.41it/s]
Epoch 29/50 [Val]:  42%|████▏     | 48/113 [00:02<00:03, 17.40it/s]
Epoch 29/50 [Val]:  44%|████▍     | 50/113 [00:02<00:03, 17.55it/s]
Epoch 29/50 [Val]:  46%|████▌     | 52/113 [00:03<00:03, 17.85it/s]
Epoch 29/50 [Val]:  48%|████▊     | 54/113 [00:03<00:03, 17.95it/s]
Epoch 29/50 [Val]:  50%|████▉     | 56/113 [00:03<00:03, 18.07it/s]
Epoch 29/50 [Val]:  51%|█████▏    | 58/113 [00:03<00:03, 17.39it/s]
Epoch 29/50 [Val]:  53%|█████▎    | 60/113 [00:03<00:02, 17.80it/s]
Epoch 29/50 [Val]:  55%|█████▍    | 62/113 [00:03<00:02, 17.84it/s]
Epoch 29/50 [Val]:  57%|█████▋    | 64/113 [00:03<00:02, 17.66it/s]
Epoch 29/50 [Val]:  58%|█████▊    | 66/113 [00:03<00:02, 17.37it/s]
Epoch 29/50 [Val]:  60%|██████    | 68/113 [00:03<00:02, 17.24it/s]
Epoch 29/50 [Val]:  62%|██████▏   | 70/113 [00:04<00:02, 17.51it/s]
Epoch 29/50 [Val]:  64%|██████▎   | 72/113 [00:04<00:02, 17.72it/s]
Epoch 29/50 [Val]:  65%|██████▌   | 74/113 [00:04<00:02, 17.85it/s]
Epoch 29/50 [Val]:  67%|██████▋   | 76/113 [00:04<00:02, 18.02it/s]
Epoch 29/50 [Val]:  69%|██████▉   | 78/113 [00:04<00:01, 17.95it/s]
Epoch 29/50 [Val]:  71%|███████   | 80/113 [00:04<00:01, 17.70it/s]
Epoch 29/50 [Val]:  73%|███████▎  | 82/113 [00:04<00:01, 17.56it/s]
Epoch 29/50 [Val]:  74%|███████▍  | 84/113 [00:04<00:01, 17.67it/s]
Epoch 29/50 [Val]:  76%|███████▌  | 86/113 [00:04<00:01, 17.70it/s]
Epoch 29/50 [Val]:  78%|███████▊  | 88/113 [00:05<00:01, 17.63it/s]
Epoch 29/50 [Val]:  80%|███████▉  | 90/113 [00:05<00:01, 17.88it/s]
Epoch 29/50 [Val]:  81%|████████▏ | 92/113 [00:05<00:01, 18.03it/s]
Epoch 29/50 [Val]:  83%|████████▎ | 94/113 [00:05<00:01, 18.15it/s]
Epoch 29/50 [Val]:  85%|████████▍ | 96/113 [00:05<00:00, 18.45it/s]
Epoch 29/50 [Val]:  87%|████████▋ | 98/113 [00:05<00:00, 18.47it/s]
Epoch 29/50 [Val]:  88%|████████▊ | 100/113 [00:05<00:00, 18.15it/s]
Epoch 29/50 [Val]:  90%|█████████ | 102/113 [00:05<00:00, 17.75it/s]
Epoch 29/50 [Val]:  92%|█████████▏| 104/113 [00:05<00:00, 18.12it/s]
Epoch 29/50 [Val]:  94%|█████████▍| 106/113 [00:06<00:00, 18.09it/s]
Epoch 29/50 [Val]:  96%|█████████▌| 108/113 [00:06<00:00, 18.37it/s]
Epoch 29/50 [Val]:  97%|█████████▋| 110/113 [00:06<00:00, 18.45it/s]
Epoch 29/50 [Val]:  99%|█████████▉| 112/113 [00:06<00:00, 18.36it/s]
                                                                    

Epoch 30/50 [Train]:   0%|          | 0/459 [00:00<?, ?it/s]
Epoch 30/50 [Train]:   0%|          | 2/459 [00:00<00:23, 19.50it/s]
Epoch 30/50 [Train]:   1%|          | 5/459 [00:00<00:22, 20.15it/s]
Epoch 30/50 [Train]:   2%|▏         | 8/459 [00:00<00:22, 20.48it/s]
Epoch 30/50 [Train]:   2%|▏         | 11/459 [00:00<00:21, 20.65it/s]
Epoch 30/50 [Train]:   3%|▎         | 14/459 [00:00<00:21, 20.79it/s]
Epoch 30/50 [Train]:   4%|▎         | 17/459 [00:00<00:21, 20.38it/s]
Epoch 30/50 [Train]:   4%|▍         | 20/459 [00:00<00:21, 20.41it/s]
Epoch 30/50 [Train]:   5%|▌         | 23/459 [00:01<00:21, 20.68it/s]
Epoch 30/50 [Train]:   6%|▌         | 26/459 [00:01<00:20, 20.81it/s]
Epoch 30/50 [Train]:   6%|▋         | 29/459 [00:01<00:20, 20.82it/s]
Epoch 30/50 [Train]:   7%|▋         | 32/459 [00:01<00:20, 20.89it/s]
Epoch 30/50 [Train]:   8%|▊         | 35/459 [00:01<00:20, 20.92it/s]
Epoch 30/50 [Train]:   8%|▊         | 38/459 [00:01<00:20, 20.87it/s]
Epoch 30/50 [Train]:   9%|▉         | 41/459 [00:01<00:20, 20.81it/s]
Epoch 30/50 [Train]:  10%|▉         | 44/459 [00:02<00:19, 20.94it/s]
Epoch 30/50 [Train]:  10%|█         | 47/459 [00:02<00:19, 20.90it/s]
Epoch 30/50 [Train]:  11%|█         | 50/459 [00:02<00:19, 20.88it/s]
Epoch 30/50 [Train]:  12%|█▏        | 53/459 [00:02<00:19, 20.86it/s]
Epoch 30/50 [Train]:  12%|█▏        | 56/459 [00:02<00:19, 20.85it/s]
Epoch 30/50 [Train]:  13%|█▎        | 59/459 [00:02<00:19, 20.67it/s]
Epoch 30/50 [Train]:  14%|█▎        | 62/459 [00:02<00:19, 20.72it/s]
Epoch 30/50 [Train]:  14%|█▍        | 65/459 [00:03<00:19, 20.67it/s]
Epoch 30/50 [Train]:  15%|█▍        | 68/459 [00:03<00:18, 20.67it/s]
Epoch 30/50 [Train]:  15%|█▌        | 71/459 [00:03<00:18, 20.68it/s]
Epoch 30/50 [Train]:  16%|█▌        | 74/459 [00:03<00:18, 20.72it/s]
Epoch 30/50 [Train]:  17%|█▋        | 77/459 [00:03<00:18, 20.80it/s]
Epoch 30/50 [Train]:  17%|█▋        | 80/459 [00:03<00:18, 20.91it/s]
Epoch 30/50 [Train]:  18%|█▊        | 83/459 [00:03<00:17, 20.95it/s]
Epoch 30/50 [Train]:  19%|█▊        | 86/459 [00:04<00:17, 20.81it/s]
Epoch 30/50 [Train]:  19%|█▉        | 89/459 [00:04<00:17, 20.71it/s]
Epoch 30/50 [Train]:  20%|██        | 92/459 [00:04<00:17, 20.74it/s]
Epoch 30/50 [Train]:  21%|██        | 95/459 [00:04<00:17, 20.79it/s]
Epoch 30/50 [Train]:  21%|██▏       | 98/459 [00:04<00:17, 20.55it/s]
Epoch 30/50 [Train]:  22%|██▏       | 101/459 [00:04<00:17, 20.62it/s]
Epoch 30/50 [Train]:  23%|██▎       | 104/459 [00:05<00:17, 20.59it/s]
Epoch 30/50 [Train]:  23%|██▎       | 107/459 [00:05<00:17, 20.54it/s]
Epoch 30/50 [Train]:  24%|██▍       | 110/459 [00:05<00:16, 20.62it/s]
Epoch 30/50 [Train]:  25%|██▍       | 113/459 [00:05<00:16, 20.62it/s]
Epoch 30/50 [Train]:  25%|██▌       | 116/459 [00:05<00:16, 20.70it/s]
Epoch 30/50 [Train]:  26%|██▌       | 119/459 [00:05<00:16, 20.83it/s]
Epoch 30/50 [Train]:  27%|██▋       | 122/459 [00:05<00:16, 20.71it/s]
Epoch 30/50 [Train]:  27%|██▋       | 125/459 [00:06<00:16, 20.81it/s]
Epoch 30/50 [Train]:  28%|██▊       | 128/459 [00:06<00:16, 20.60it/s]
Epoch 30/50 [Train]:  29%|██▊       | 131/459 [00:06<00:15, 20.50it/s]
Epoch 30/50 [Train]:  29%|██▉       | 134/459 [00:06<00:15, 20.62it/s]
Epoch 30/50 [Train]:  30%|██▉       | 137/459 [00:06<00:15, 20.44it/s]
Epoch 30/50 [Train]:  31%|███       | 140/459 [00:06<00:15, 20.47it/s]
Epoch 30/50 [Train]:  31%|███       | 143/459 [00:06<00:15, 20.45it/s]
Epoch 30/50 [Train]:  32%|███▏      | 146/459 [00:07<00:15, 20.35it/s]
Epoch 30/50 [Train]:  32%|███▏      | 149/459 [00:07<00:15, 20.51it/s]
Epoch 30/50 [Train]:  33%|███▎      | 152/459 [00:07<00:14, 20.67it/s]
Epoch 30/50 [Train]:  34%|███▍      | 155/459 [00:07<00:14, 20.69it/s]
Epoch 30/50 [Train]:  34%|███▍      | 158/459 [00:07<00:14, 20.79it/s]
Epoch 30/50 [Train]:  35%|███▌      | 161/459 [00:07<00:14, 20.69it/s]
Epoch 30/50 [Train]:  36%|███▌      | 164/459 [00:07<00:14, 20.69it/s]
Epoch 30/50 [Train]:  36%|███▋      | 167/459 [00:08<00:14, 20.78it/s]
Epoch 30/50 [Train]:  37%|███▋      | 170/459 [00:08<00:14, 20.60it/s]
Epoch 30/50 [Train]:  38%|███▊      | 173/459 [00:08<00:13, 20.76it/s]
Epoch 30/50 [Train]:  38%|███▊      | 176/459 [00:08<00:13, 20.78it/s]
Epoch 30/50 [Train]:  39%|███▉      | 179/459 [00:08<00:13, 20.77it/s]
Epoch 30/50 [Train]:  40%|███▉      | 182/459 [00:08<00:13, 20.83it/s]
Epoch 30/50 [Train]:  40%|████      | 185/459 [00:08<00:13, 20.97it/s]
Epoch 30/50 [Train]:  41%|████      | 188/459 [00:09<00:12, 21.01it/s]
Epoch 30/50 [Train]:  42%|████▏     | 191/459 [00:09<00:12, 21.02it/s]
Epoch 30/50 [Train]:  42%|████▏     | 194/459 [00:09<00:12, 21.01it/s]
Epoch 30/50 [Train]:  43%|████▎     | 197/459 [00:09<00:12, 20.93it/s]
Epoch 30/50 [Train]:  44%|████▎     | 200/459 [00:09<00:12, 20.85it/s]
Epoch 30/50 [Train]:  44%|████▍     | 203/459 [00:09<00:12, 20.86it/s]
Epoch 30/50 [Train]:  45%|████▍     | 206/459 [00:09<00:12, 20.88it/s]
Epoch 30/50 [Train]:  46%|████▌     | 209/459 [00:10<00:11, 20.84it/s]
Epoch 30/50 [Train]:  46%|████▌     | 212/459 [00:10<00:11, 20.86it/s]
Epoch 30/50 [Train]:  47%|████▋     | 215/459 [00:10<00:11, 20.85it/s]
Epoch 30/50 [Train]:  47%|████▋     | 218/459 [00:10<00:11, 20.99it/s]
Epoch 30/50 [Train]:  48%|████▊     | 221/459 [00:10<00:11, 21.07it/s]
Epoch 30/50 [Train]:  49%|████▉     | 224/459 [00:10<00:11, 21.09it/s]
Epoch 30/50 [Train]:  49%|████▉     | 227/459 [00:10<00:11, 20.93it/s]
Epoch 30/50 [Train]:  50%|█████     | 230/459 [00:11<00:10, 20.86it/s]
Epoch 30/50 [Train]:  51%|█████     | 233/459 [00:11<00:10, 21.03it/s]
Epoch 30/50 [Train]:  51%|█████▏    | 236/459 [00:11<00:10, 20.93it/s]
Epoch 30/50 [Train]:  52%|█████▏    | 239/459 [00:11<00:10, 20.83it/s]
Epoch 30/50 [Train]:  53%|█████▎    | 242/459 [00:11<00:10, 20.94it/s]
Epoch 30/50 [Train]:  53%|█████▎    | 245/459 [00:11<00:10, 20.92it/s]
Epoch 30/50 [Train]:  54%|█████▍    | 248/459 [00:11<00:10, 20.98it/s]
Epoch 30/50 [Train]:  55%|█████▍    | 251/459 [00:12<00:09, 20.98it/s]
Epoch 30/50 [Train]:  55%|█████▌    | 254/459 [00:12<00:09, 21.02it/s]
Epoch 30/50 [Train]:  56%|█████▌    | 257/459 [00:12<00:09, 20.99it/s]
Epoch 30/50 [Train]:  57%|█████▋    | 260/459 [00:12<00:09, 20.84it/s]
Epoch 30/50 [Train]:  57%|█████▋    | 263/459 [00:12<00:09, 20.86it/s]
Epoch 30/50 [Train]:  58%|█████▊    | 266/459 [00:12<00:09, 20.78it/s]
Epoch 30/50 [Train]:  59%|█████▊    | 269/459 [00:12<00:09, 20.81it/s]
Epoch 30/50 [Train]:  59%|█████▉    | 272/459 [00:13<00:09, 20.69it/s]
Epoch 30/50 [Train]:  60%|█████▉    | 275/459 [00:13<00:08, 20.60it/s]
Epoch 30/50 [Train]:  61%|██████    | 278/459 [00:13<00:08, 20.46it/s]
Epoch 30/50 [Train]:  61%|██████    | 281/459 [00:13<00:08, 20.40it/s]
Epoch 30/50 [Train]:  62%|██████▏   | 284/459 [00:13<00:08, 20.29it/s]
Epoch 30/50 [Train]:  63%|██████▎   | 287/459 [00:13<00:08, 20.26it/s]
Epoch 30/50 [Train]:  63%|██████▎   | 290/459 [00:13<00:08, 20.38it/s]
Epoch 30/50 [Train]:  64%|██████▍   | 293/459 [00:14<00:08, 20.49it/s]
Epoch 30/50 [Train]:  64%|██████▍   | 296/459 [00:14<00:07, 20.57it/s]
Epoch 30/50 [Train]:  65%|██████▌   | 299/459 [00:14<00:07, 20.69it/s]
Epoch 30/50 [Train]:  66%|██████▌   | 302/459 [00:14<00:07, 20.75it/s]
Epoch 30/50 [Train]:  66%|██████▋   | 305/459 [00:14<00:07, 20.71it/s]
Epoch 30/50 [Train]:  67%|██████▋   | 308/459 [00:14<00:07, 20.83it/s]
Epoch 30/50 [Train]:  68%|██████▊   | 311/459 [00:14<00:07, 20.88it/s]
Epoch 30/50 [Train]:  68%|██████▊   | 314/459 [00:15<00:06, 20.97it/s]
Epoch 30/50 [Train]:  69%|██████▉   | 317/459 [00:15<00:06, 20.91it/s]
Epoch 30/50 [Train]:  70%|██████▉   | 320/459 [00:15<00:06, 20.89it/s]
Epoch 30/50 [Train]:  70%|███████   | 323/459 [00:15<00:06, 20.91it/s]
Epoch 30/50 [Train]:  71%|███████   | 326/459 [00:15<00:06, 21.06it/s]
Epoch 30/50 [Train]:  72%|███████▏  | 329/459 [00:15<00:06, 20.98it/s]
Epoch 30/50 [Train]:  72%|███████▏  | 332/459 [00:15<00:06, 20.90it/s]
Epoch 30/50 [Train]:  73%|███████▎  | 335/459 [00:16<00:05, 20.96it/s]
Epoch 30/50 [Train]:  74%|███████▎  | 338/459 [00:16<00:05, 20.92it/s]
Epoch 30/50 [Train]:  74%|███████▍  | 341/459 [00:16<00:05, 20.90it/s]
Epoch 30/50 [Train]:  75%|███████▍  | 344/459 [00:16<00:05, 21.01it/s]
Epoch 30/50 [Train]:  76%|███████▌  | 347/459 [00:16<00:05, 21.04it/s]
Epoch 30/50 [Train]:  76%|███████▋  | 350/459 [00:16<00:05, 21.07it/s]
Epoch 30/50 [Train]:  77%|███████▋  | 353/459 [00:16<00:05, 21.00it/s]
Epoch 30/50 [Train]:  78%|███████▊  | 356/459 [00:17<00:04, 21.04it/s]
Epoch 30/50 [Train]:  78%|███████▊  | 359/459 [00:17<00:04, 21.02it/s]
Epoch 30/50 [Train]:  79%|███████▉  | 362/459 [00:17<00:04, 21.10it/s]
Epoch 30/50 [Train]:  80%|███████▉  | 365/459 [00:17<00:04, 21.14it/s]
Epoch 30/50 [Train]:  80%|████████  | 368/459 [00:17<00:04, 21.03it/s]
Epoch 30/50 [Train]:  81%|████████  | 371/459 [00:17<00:04, 20.97it/s]
Epoch 30/50 [Train]:  81%|████████▏ | 374/459 [00:17<00:04, 20.80it/s]
Epoch 30/50 [Train]:  82%|████████▏ | 377/459 [00:18<00:03, 20.90it/s]
Epoch 30/50 [Train]:  83%|████████▎ | 380/459 [00:18<00:03, 20.90it/s]
Epoch 30/50 [Train]:  83%|████████▎ | 383/459 [00:18<00:03, 20.92it/s]
Epoch 30/50 [Train]:  84%|████████▍ | 386/459 [00:18<00:03, 20.85it/s]
Epoch 30/50 [Train]:  85%|████████▍ | 389/459 [00:18<00:03, 21.02it/s]
Epoch 30/50 [Train]:  85%|████████▌ | 392/459 [00:18<00:03, 21.04it/s]
Epoch 30/50 [Train]:  86%|████████▌ | 395/459 [00:18<00:03, 21.00it/s]
Epoch 30/50 [Train]:  87%|████████▋ | 398/459 [00:19<00:02, 20.98it/s]
Epoch 30/50 [Train]:  87%|████████▋ | 401/459 [00:19<00:02, 21.14it/s]
Epoch 30/50 [Train]:  88%|████████▊ | 404/459 [00:19<00:02, 21.17it/s]
Epoch 30/50 [Train]:  89%|████████▊ | 407/459 [00:19<00:02, 20.92it/s]
Epoch 30/50 [Train]:  89%|████████▉ | 410/459 [00:19<00:02, 21.00it/s]
Epoch 30/50 [Train]:  90%|████████▉ | 413/459 [00:19<00:02, 21.04it/s]
Epoch 30/50 [Train]:  91%|█████████ | 416/459 [00:19<00:02, 20.97it/s]
Epoch 30/50 [Train]:  91%|█████████▏| 419/459 [00:20<00:01, 21.01it/s]
Epoch 30/50 [Train]:  92%|█████████▏| 422/459 [00:20<00:01, 21.00it/s]
Epoch 30/50 [Train]:  93%|█████████▎| 425/459 [00:20<00:01, 20.99it/s]
Epoch 30/50 [Train]:  93%|█████████▎| 428/459 [00:20<00:01, 20.98it/s]
Epoch 30/50 [Train]:  94%|█████████▍| 431/459 [00:20<00:01, 20.87it/s]
Epoch 30/50 [Train]:  95%|█████████▍| 434/459 [00:20<00:01, 20.82it/s]
Epoch 30/50 [Train]:  95%|█████████▌| 437/459 [00:20<00:01, 20.92it/s]
Epoch 30/50 [Train]:  96%|█████████▌| 440/459 [00:21<00:00, 21.05it/s]
Epoch 30/50 [Train]:  97%|█████████▋| 443/459 [00:21<00:00, 21.11it/s]
Epoch 30/50 [Train]:  97%|█████████▋| 446/459 [00:21<00:00, 21.12it/s]
Epoch 30/50 [Train]:  98%|█████████▊| 449/459 [00:21<00:00, 21.08it/s]
Epoch 30/50 [Train]:  98%|█████████▊| 452/459 [00:21<00:00, 21.12it/s]
Epoch 30/50 [Train]:  99%|█████████▉| 455/459 [00:21<00:00, 21.19it/s]
Epoch 30/50 [Train]: 100%|█████████▉| 458/459 [00:21<00:00, 21.06it/s]
                                                                      

Epoch 30/50 [Val]:   0%|          | 0/113 [00:00<?, ?it/s]
Epoch 30/50 [Val]:   2%|▏         | 2/113 [00:00<00:06, 17.99it/s]
Epoch 30/50 [Val]:   4%|▎         | 4/113 [00:00<00:06, 17.91it/s]
Epoch 30/50 [Val]:   5%|▌         | 6/113 [00:00<00:06, 17.74it/s]
Epoch 30/50 [Val]:   7%|▋         | 8/113 [00:00<00:05, 17.87it/s]
Epoch 30/50 [Val]:   9%|▉         | 10/113 [00:00<00:05, 18.16it/s]
Epoch 30/50 [Val]:  11%|█         | 12/113 [00:00<00:05, 18.02it/s]
Epoch 30/50 [Val]:  12%|█▏        | 14/113 [00:00<00:05, 17.86it/s]
Epoch 30/50 [Val]:  14%|█▍        | 16/113 [00:00<00:05, 16.96it/s]
Epoch 30/50 [Val]:  16%|█▌        | 18/113 [00:01<00:05, 16.62it/s]
Epoch 30/50 [Val]:  18%|█▊        | 20/113 [00:01<00:05, 16.44it/s]
Epoch 30/50 [Val]:  19%|█▉        | 22/113 [00:01<00:05, 16.04it/s]
Epoch 30/50 [Val]:  21%|██        | 24/113 [00:01<00:05, 15.84it/s]
Epoch 30/50 [Val]:  23%|██▎       | 26/113 [00:01<00:05, 15.93it/s]
Epoch 30/50 [Val]:  25%|██▍       | 28/113 [00:01<00:05, 16.16it/s]
Epoch 30/50 [Val]:  27%|██▋       | 30/113 [00:01<00:05, 16.37it/s]
Epoch 30/50 [Val]:  28%|██▊       | 32/113 [00:01<00:04, 16.46it/s]
Epoch 30/50 [Val]:  30%|███       | 34/113 [00:02<00:04, 16.65it/s]
Epoch 30/50 [Val]:  32%|███▏      | 36/113 [00:02<00:04, 17.14it/s]
Epoch 30/50 [Val]:  34%|███▎      | 38/113 [00:02<00:04, 17.49it/s]
Epoch 30/50 [Val]:  35%|███▌      | 40/113 [00:02<00:04, 17.58it/s]
Epoch 30/50 [Val]:  37%|███▋      | 42/113 [00:02<00:04, 17.73it/s]
Epoch 30/50 [Val]:  39%|███▉      | 44/113 [00:02<00:03, 17.55it/s]
Epoch 30/50 [Val]:  41%|████      | 46/113 [00:02<00:03, 17.32it/s]
Epoch 30/50 [Val]:  42%|████▏     | 48/113 [00:02<00:03, 17.34it/s]
Epoch 30/50 [Val]:  44%|████▍     | 50/113 [00:02<00:03, 17.49it/s]
Epoch 30/50 [Val]:  46%|████▌     | 52/113 [00:03<00:03, 17.81it/s]
Epoch 30/50 [Val]:  48%|████▊     | 54/113 [00:03<00:03, 18.15it/s]
Epoch 30/50 [Val]:  50%|████▉     | 56/113 [00:03<00:03, 18.06it/s]
Epoch 30/50 [Val]:  51%|█████▏    | 58/113 [00:03<00:03, 17.30it/s]
Epoch 30/50 [Val]:  53%|█████▎    | 60/113 [00:03<00:03, 17.62it/s]
Epoch 30/50 [Val]:  55%|█████▍    | 62/113 [00:03<00:02, 17.51it/s]
Epoch 30/50 [Val]:  57%|█████▋    | 64/113 [00:03<00:02, 17.66it/s]
Epoch 30/50 [Val]:  58%|█████▊    | 66/113 [00:03<00:02, 17.32it/s]
Epoch 30/50 [Val]:  60%|██████    | 68/113 [00:03<00:02, 17.24it/s]
Epoch 30/50 [Val]:  62%|██████▏   | 70/113 [00:04<00:02, 17.51it/s]
Epoch 30/50 [Val]:  64%|██████▎   | 72/113 [00:04<00:02, 17.75it/s]
Epoch 30/50 [Val]:  65%|██████▌   | 74/113 [00:04<00:02, 17.88it/s]
Epoch 30/50 [Val]:  67%|██████▋   | 76/113 [00:04<00:02, 18.02it/s]
Epoch 30/50 [Val]:  69%|██████▉   | 78/113 [00:04<00:01, 17.82it/s]
Epoch 30/50 [Val]:  71%|███████   | 80/113 [00:04<00:01, 17.80it/s]
Epoch 30/50 [Val]:  73%|███████▎  | 82/113 [00:04<00:01, 17.69it/s]
Epoch 30/50 [Val]:  74%|███████▍  | 84/113 [00:04<00:01, 17.66it/s]
Epoch 30/50 [Val]:  76%|███████▌  | 86/113 [00:04<00:01, 17.69it/s]
Epoch 30/50 [Val]:  78%|███████▊  | 88/113 [00:05<00:01, 17.47it/s]
Epoch 30/50 [Val]:  80%|███████▉  | 90/113 [00:05<00:01, 17.79it/s]
Epoch 30/50 [Val]:  81%|████████▏ | 92/113 [00:05<00:01, 17.87it/s]
Epoch 30/50 [Val]:  83%|████████▎ | 94/113 [00:05<00:01, 18.06it/s]
Epoch 30/50 [Val]:  85%|████████▍ | 96/113 [00:05<00:00, 18.37it/s]
Epoch 30/50 [Val]:  87%|████████▋ | 98/113 [00:05<00:00, 18.38it/s]
Epoch 30/50 [Val]:  88%|████████▊ | 100/113 [00:05<00:00, 18.09it/s]
Epoch 30/50 [Val]:  90%|█████████ | 102/113 [00:05<00:00, 17.68it/s]
Epoch 30/50 [Val]:  92%|█████████▏| 104/113 [00:05<00:00, 18.04it/s]
Epoch 30/50 [Val]:  94%|█████████▍| 106/113 [00:06<00:00, 18.05it/s]
Epoch 30/50 [Val]:  96%|█████████▌| 108/113 [00:06<00:00, 18.23it/s]
Epoch 30/50 [Val]:  97%|█████████▋| 110/113 [00:06<00:00, 18.17it/s]
Epoch 30/50 [Val]:  99%|█████████▉| 112/113 [00:06<00:00, 17.88it/s]
                                                                    

Epoch 31/50 [Train]:   0%|          | 0/459 [00:00<?, ?it/s]
Epoch 31/50 [Train]:   0%|          | 2/459 [00:00<00:23, 19.70it/s]
Epoch 31/50 [Train]:   1%|          | 5/459 [00:00<00:22, 20.41it/s]
Epoch 31/50 [Train]:   2%|▏         | 8/459 [00:00<00:21, 20.55it/s]
Epoch 31/50 [Train]:   2%|▏         | 11/459 [00:00<00:22, 20.12it/s]
Epoch 31/50 [Train]:   3%|▎         | 14/459 [00:00<00:21, 20.32it/s]
Epoch 31/50 [Train]:   4%|▎         | 17/459 [00:00<00:21, 20.39it/s]
Epoch 31/50 [Train]:   4%|▍         | 20/459 [00:00<00:21, 20.66it/s]
Epoch 31/50 [Train]:   5%|▌         | 23/459 [00:01<00:20, 20.78it/s]
Epoch 31/50 [Train]:   6%|▌         | 26/459 [00:01<00:20, 20.88it/s]
Epoch 31/50 [Train]:   6%|▋         | 29/459 [00:01<00:20, 20.83it/s]
Epoch 31/50 [Train]:   7%|▋         | 32/459 [00:01<00:20, 20.79it/s]
Epoch 31/50 [Train]:   8%|▊         | 35/459 [00:01<00:20, 20.95it/s]
Epoch 31/50 [Train]:   8%|▊         | 38/459 [00:01<00:20, 21.05it/s]
Epoch 31/50 [Train]:   9%|▉         | 41/459 [00:01<00:19, 20.92it/s]
Epoch 31/50 [Train]:  10%|▉         | 44/459 [00:02<00:19, 21.04it/s]
Epoch 31/50 [Train]:  10%|█         | 47/459 [00:02<00:19, 20.96it/s]
Epoch 31/50 [Train]:  11%|█         | 50/459 [00:02<00:19, 21.01it/s]
Epoch 31/50 [Train]:  12%|█▏        | 53/459 [00:02<00:19, 20.96it/s]
Epoch 31/50 [Train]:  12%|█▏        | 56/459 [00:02<00:19, 21.00it/s]
Epoch 31/50 [Train]:  13%|█▎        | 59/459 [00:02<00:19, 20.99it/s]
Epoch 31/50 [Train]:  14%|█▎        | 62/459 [00:02<00:18, 21.08it/s]
Epoch 31/50 [Train]:  14%|█▍        | 65/459 [00:03<00:18, 21.13it/s]
Epoch 31/50 [Train]:  15%|█▍        | 68/459 [00:03<00:18, 21.17it/s]
Epoch 31/50 [Train]:  15%|█▌        | 71/459 [00:03<00:18, 21.19it/s]
Epoch 31/50 [Train]:  16%|█▌        | 74/459 [00:03<00:18, 21.11it/s]
Epoch 31/50 [Train]:  17%|█▋        | 77/459 [00:03<00:18, 21.14it/s]
Epoch 31/50 [Train]:  17%|█▋        | 80/459 [00:03<00:17, 21.20it/s]
Epoch 31/50 [Train]:  18%|█▊        | 83/459 [00:03<00:17, 21.18it/s]
Epoch 31/50 [Train]:  19%|█▊        | 86/459 [00:04<00:17, 21.17it/s]
Epoch 31/50 [Train]:  19%|█▉        | 89/459 [00:04<00:17, 21.12it/s]
Epoch 31/50 [Train]:  20%|██        | 92/459 [00:04<00:17, 21.17it/s]
Epoch 31/50 [Train]:  21%|██        | 95/459 [00:04<00:17, 21.14it/s]
Epoch 31/50 [Train]:  21%|██▏       | 98/459 [00:04<00:17, 21.04it/s]
Epoch 31/50 [Train]:  22%|██▏       | 101/459 [00:04<00:17, 20.89it/s]
Epoch 31/50 [Train]:  23%|██▎       | 104/459 [00:04<00:17, 20.87it/s]
Epoch 31/50 [Train]:  23%|██▎       | 107/459 [00:05<00:17, 20.67it/s]
Epoch 31/50 [Train]:  24%|██▍       | 110/459 [00:05<00:16, 20.78it/s]
Epoch 31/50 [Train]:  25%|██▍       | 113/459 [00:05<00:16, 20.81it/s]
Epoch 31/50 [Train]:  25%|██▌       | 116/459 [00:05<00:16, 20.85it/s]
Epoch 31/50 [Train]:  26%|██▌       | 119/459 [00:05<00:16, 20.88it/s]
Epoch 31/50 [Train]:  27%|██▋       | 122/459 [00:05<00:16, 20.95it/s]
Epoch 31/50 [Train]:  27%|██▋       | 125/459 [00:05<00:15, 21.00it/s]
Epoch 31/50 [Train]:  28%|██▊       | 128/459 [00:06<00:15, 21.00it/s]
Epoch 31/50 [Train]:  29%|██▊       | 131/459 [00:06<00:15, 21.02it/s]
Epoch 31/50 [Train]:  29%|██▉       | 134/459 [00:06<00:15, 21.05it/s]
Epoch 31/50 [Train]:  30%|██▉       | 137/459 [00:06<00:15, 20.94it/s]
Epoch 31/50 [Train]:  31%|███       | 140/459 [00:06<00:15, 20.97it/s]
Epoch 31/50 [Train]:  31%|███       | 143/459 [00:06<00:14, 21.10it/s]
Epoch 31/50 [Train]:  32%|███▏      | 146/459 [00:06<00:14, 21.11it/s]
Epoch 31/50 [Train]:  32%|███▏      | 149/459 [00:07<00:14, 21.11it/s]
Epoch 31/50 [Train]:  33%|███▎      | 152/459 [00:07<00:14, 21.15it/s]
Epoch 31/50 [Train]:  34%|███▍      | 155/459 [00:07<00:14, 21.14it/s]
Epoch 31/50 [Train]:  34%|███▍      | 158/459 [00:07<00:14, 20.97it/s]
Epoch 31/50 [Train]:  35%|███▌      | 161/459 [00:07<00:14, 20.99it/s]
Epoch 31/50 [Train]:  36%|███▌      | 164/459 [00:07<00:14, 21.07it/s]
Epoch 31/50 [Train]:  36%|███▋      | 167/459 [00:07<00:13, 21.00it/s]
Epoch 31/50 [Train]:  37%|███▋      | 170/459 [00:08<00:13, 21.10it/s]
Epoch 31/50 [Train]:  38%|███▊      | 173/459 [00:08<00:13, 21.09it/s]
Epoch 31/50 [Train]:  38%|███▊      | 176/459 [00:08<00:13, 21.03it/s]
Epoch 31/50 [Train]:  39%|███▉      | 179/459 [00:08<00:13, 20.91it/s]
Epoch 31/50 [Train]:  40%|███▉      | 182/459 [00:08<00:13, 21.01it/s]
Epoch 31/50 [Train]:  40%|████      | 185/459 [00:08<00:13, 21.01it/s]
Epoch 31/50 [Train]:  41%|████      | 188/459 [00:08<00:12, 20.87it/s]
Epoch 31/50 [Train]:  42%|████▏     | 191/459 [00:09<00:12, 20.85it/s]
Epoch 31/50 [Train]:  42%|████▏     | 194/459 [00:09<00:12, 21.00it/s]
Epoch 31/50 [Train]:  43%|████▎     | 197/459 [00:09<00:12, 21.08it/s]
Epoch 31/50 [Train]:  44%|████▎     | 200/459 [00:09<00:12, 21.14it/s]
Epoch 31/50 [Train]:  44%|████▍     | 203/459 [00:09<00:12, 21.15it/s]
Epoch 31/50 [Train]:  45%|████▍     | 206/459 [00:09<00:12, 21.07it/s]
Epoch 31/50 [Train]:  46%|████▌     | 209/459 [00:09<00:11, 21.00it/s]
Epoch 31/50 [Train]:  46%|████▌     | 212/459 [00:10<00:11, 21.12it/s]
Epoch 31/50 [Train]:  47%|████▋     | 215/459 [00:10<00:11, 21.06it/s]
Epoch 31/50 [Train]:  47%|████▋     | 218/459 [00:10<00:11, 20.98it/s]
Epoch 31/50 [Train]:  48%|████▊     | 221/459 [00:10<00:11, 20.88it/s]
Epoch 31/50 [Train]:  49%|████▉     | 224/459 [00:10<00:11, 21.08it/s]
Epoch 31/50 [Train]:  49%|████▉     | 227/459 [00:10<00:11, 20.99it/s]
Epoch 31/50 [Train]:  50%|█████     | 230/459 [00:10<00:10, 20.95it/s]
Epoch 31/50 [Train]:  51%|█████     | 233/459 [00:11<00:10, 20.93it/s]
Epoch 31/50 [Train]:  51%|█████▏    | 236/459 [00:11<00:10, 20.96it/s]
Epoch 31/50 [Train]:  52%|█████▏    | 239/459 [00:11<00:10, 20.93it/s]
Epoch 31/50 [Train]:  53%|█████▎    | 242/459 [00:11<00:10, 20.95it/s]
Epoch 31/50 [Train]:  53%|█████▎    | 245/459 [00:11<00:10, 20.93it/s]
Epoch 31/50 [Train]:  54%|█████▍    | 248/459 [00:11<00:10, 20.80it/s]
Epoch 31/50 [Train]:  55%|█████▍    | 251/459 [00:11<00:10, 20.48it/s]
Epoch 31/50 [Train]:  55%|█████▌    | 254/459 [00:12<00:09, 20.71it/s]
Epoch 31/50 [Train]:  56%|█████▌    | 257/459 [00:12<00:09, 20.73it/s]
Epoch 31/50 [Train]:  57%|█████▋    | 260/459 [00:12<00:09, 20.74it/s]
Epoch 31/50 [Train]:  57%|█████▋    | 263/459 [00:12<00:09, 20.70it/s]
Epoch 31/50 [Train]:  58%|█████▊    | 266/459 [00:12<00:09, 20.61it/s]
Epoch 31/50 [Train]:  59%|█████▊    | 269/459 [00:12<00:09, 20.74it/s]
Epoch 31/50 [Train]:  59%|█████▉    | 272/459 [00:12<00:08, 20.82it/s]
Epoch 31/50 [Train]:  60%|█████▉    | 275/459 [00:13<00:08, 20.95it/s]
Epoch 31/50 [Train]:  61%|██████    | 278/459 [00:13<00:08, 21.01it/s]
Epoch 31/50 [Train]:  61%|██████    | 281/459 [00:13<00:08, 20.98it/s]
Epoch 31/50 [Train]:  62%|██████▏   | 284/459 [00:13<00:08, 21.04it/s]
Epoch 31/50 [Train]:  63%|██████▎   | 287/459 [00:13<00:08, 21.01it/s]
Epoch 31/50 [Train]:  63%|██████▎   | 290/459 [00:13<00:08, 21.09it/s]
Epoch 31/50 [Train]:  64%|██████▍   | 293/459 [00:13<00:07, 21.12it/s]
Epoch 31/50 [Train]:  64%|██████▍   | 296/459 [00:14<00:07, 21.18it/s]
Epoch 31/50 [Train]:  65%|██████▌   | 299/459 [00:14<00:07, 21.13it/s]
Epoch 31/50 [Train]:  66%|██████▌   | 302/459 [00:14<00:07, 21.11it/s]
Epoch 31/50 [Train]:  66%|██████▋   | 305/459 [00:14<00:07, 21.06it/s]
Epoch 31/50 [Train]:  67%|██████▋   | 308/459 [00:14<00:07, 20.96it/s]
Epoch 31/50 [Train]:  68%|██████▊   | 311/459 [00:14<00:07, 20.83it/s]
Epoch 31/50 [Train]:  68%|██████▊   | 314/459 [00:14<00:07, 20.70it/s]
Epoch 31/50 [Train]:  69%|██████▉   | 317/459 [00:15<00:06, 20.74it/s]
Epoch 31/50 [Train]:  70%|██████▉   | 320/459 [00:15<00:06, 20.79it/s]
Epoch 31/50 [Train]:  70%|███████   | 323/459 [00:15<00:06, 20.69it/s]
Epoch 31/50 [Train]:  71%|███████   | 326/459 [00:15<00:06, 20.46it/s]
Epoch 31/50 [Train]:  72%|███████▏  | 329/459 [00:15<00:06, 20.47it/s]
Epoch 31/50 [Train]:  72%|███████▏  | 332/459 [00:15<00:06, 20.77it/s]
Epoch 31/50 [Train]:  73%|███████▎  | 335/459 [00:16<00:05, 20.90it/s]
Epoch 31/50 [Train]:  74%|███████▎  | 338/459 [00:16<00:05, 20.92it/s]
Epoch 31/50 [Train]:  74%|███████▍  | 341/459 [00:16<00:05, 20.91it/s]
Epoch 31/50 [Train]:  75%|███████▍  | 344/459 [00:16<00:05, 20.84it/s]
Epoch 31/50 [Train]:  76%|███████▌  | 347/459 [00:16<00:05, 21.03it/s]
Epoch 31/50 [Train]:  76%|███████▋  | 350/459 [00:16<00:05, 21.07it/s]
Epoch 31/50 [Train]:  77%|███████▋  | 353/459 [00:16<00:05, 21.18it/s]
Epoch 31/50 [Train]:  78%|███████▊  | 356/459 [00:16<00:04, 21.20it/s]
Epoch 31/50 [Train]:  78%|███████▊  | 359/459 [00:17<00:04, 21.22it/s]
Epoch 31/50 [Train]:  79%|███████▉  | 362/459 [00:17<00:04, 21.03it/s]
Epoch 31/50 [Train]:  80%|███████▉  | 365/459 [00:17<00:04, 21.06it/s]
Epoch 31/50 [Train]:  80%|████████  | 368/459 [00:17<00:04, 21.08it/s]
Epoch 31/50 [Train]:  81%|████████  | 371/459 [00:17<00:04, 21.09it/s]
Epoch 31/50 [Train]:  81%|████████▏ | 374/459 [00:17<00:04, 20.99it/s]
Epoch 31/50 [Train]:  82%|████████▏ | 377/459 [00:17<00:03, 21.05it/s]
Epoch 31/50 [Train]:  83%|████████▎ | 380/459 [00:18<00:03, 21.11it/s]
Epoch 31/50 [Train]:  83%|████████▎ | 383/459 [00:18<00:03, 21.20it/s]
Epoch 31/50 [Train]:  84%|████████▍ | 386/459 [00:18<00:03, 21.08it/s]
Epoch 31/50 [Train]:  85%|████████▍ | 389/459 [00:18<00:03, 20.90it/s]
Epoch 31/50 [Train]:  85%|████████▌ | 392/459 [00:18<00:03, 21.00it/s]
Epoch 31/50 [Train]:  86%|████████▌ | 395/459 [00:18<00:03, 21.08it/s]
Epoch 31/50 [Train]:  87%|████████▋ | 398/459 [00:18<00:02, 21.19it/s]
Epoch 31/50 [Train]:  87%|████████▋ | 401/459 [00:19<00:02, 21.21it/s]
Epoch 31/50 [Train]:  88%|████████▊ | 404/459 [00:19<00:02, 21.12it/s]
Epoch 31/50 [Train]:  89%|████████▊ | 407/459 [00:19<00:02, 20.97it/s]
Epoch 31/50 [Train]:  89%|████████▉ | 410/459 [00:19<00:02, 21.03it/s]
Epoch 31/50 [Train]:  90%|████████▉ | 413/459 [00:19<00:02, 21.03it/s]
Epoch 31/50 [Train]:  91%|█████████ | 416/459 [00:19<00:02, 21.02it/s]
Epoch 31/50 [Train]:  91%|█████████▏| 419/459 [00:19<00:01, 21.05it/s]
Epoch 31/50 [Train]:  92%|█████████▏| 422/459 [00:20<00:01, 20.98it/s]
Epoch 31/50 [Train]:  93%|█████████▎| 425/459 [00:20<00:01, 21.11it/s]
Epoch 31/50 [Train]:  93%|█████████▎| 428/459 [00:20<00:01, 20.97it/s]
Epoch 31/50 [Train]:  94%|█████████▍| 431/459 [00:20<00:01, 20.95it/s]
Epoch 31/50 [Train]:  95%|█████████▍| 434/459 [00:20<00:01, 21.02it/s]
Epoch 31/50 [Train]:  95%|█████████▌| 437/459 [00:20<00:01, 21.07it/s]
Epoch 31/50 [Train]:  96%|█████████▌| 440/459 [00:20<00:00, 21.13it/s]
Epoch 31/50 [Train]:  97%|█████████▋| 443/459 [00:21<00:00, 21.14it/s]
Epoch 31/50 [Train]:  97%|█████████▋| 446/459 [00:21<00:00, 21.04it/s]
Epoch 31/50 [Train]:  98%|█████████▊| 449/459 [00:21<00:00, 20.94it/s]
Epoch 31/50 [Train]:  98%|█████████▊| 452/459 [00:21<00:00, 20.90it/s]
Epoch 31/50 [Train]:  99%|█████████▉| 455/459 [00:21<00:00, 20.98it/s]
Epoch 31/50 [Train]: 100%|█████████▉| 458/459 [00:21<00:00, 20.89it/s]
                                                                      

Epoch 31/50 [Val]:   0%|          | 0/113 [00:00<?, ?it/s]
Epoch 31/50 [Val]:   2%|▏         | 2/113 [00:00<00:06, 17.61it/s]
Epoch 31/50 [Val]:   4%|▎         | 4/113 [00:00<00:06, 17.52it/s]
Epoch 31/50 [Val]:   5%|▌         | 6/113 [00:00<00:06, 17.43it/s]
Epoch 31/50 [Val]:   7%|▋         | 8/113 [00:00<00:05, 17.53it/s]
Epoch 31/50 [Val]:   9%|▉         | 10/113 [00:00<00:05, 17.72it/s]
Epoch 31/50 [Val]:  11%|█         | 12/113 [00:00<00:05, 17.85it/s]
Epoch 31/50 [Val]:  12%|█▏        | 14/113 [00:00<00:05, 17.69it/s]
Epoch 31/50 [Val]:  14%|█▍        | 16/113 [00:00<00:05, 16.97it/s]
Epoch 31/50 [Val]:  16%|█▌        | 18/113 [00:01<00:05, 16.66it/s]
Epoch 31/50 [Val]:  18%|█▊        | 20/113 [00:01<00:05, 16.38it/s]
Epoch 31/50 [Val]:  19%|█▉        | 22/113 [00:01<00:05, 16.10it/s]
Epoch 31/50 [Val]:  21%|██        | 24/113 [00:01<00:05, 15.95it/s]
Epoch 31/50 [Val]:  23%|██▎       | 26/113 [00:01<00:05, 16.06it/s]
Epoch 31/50 [Val]:  25%|██▍       | 28/113 [00:01<00:05, 16.42it/s]
Epoch 31/50 [Val]:  27%|██▋       | 30/113 [00:01<00:04, 16.73it/s]
Epoch 31/50 [Val]:  28%|██▊       | 32/113 [00:01<00:04, 16.98it/s]
Epoch 31/50 [Val]:  30%|███       | 34/113 [00:02<00:04, 17.15it/s]
Epoch 31/50 [Val]:  32%|███▏      | 36/113 [00:02<00:04, 17.55it/s]
Epoch 31/50 [Val]:  34%|███▎      | 38/113 [00:02<00:04, 17.76it/s]
Epoch 31/50 [Val]:  35%|███▌      | 40/113 [00:02<00:04, 17.86it/s]
Epoch 31/50 [Val]:  37%|███▋      | 42/113 [00:02<00:03, 17.88it/s]
Epoch 31/50 [Val]:  39%|███▉      | 44/113 [00:02<00:03, 17.60it/s]
Epoch 31/50 [Val]:  41%|████      | 46/113 [00:02<00:03, 17.39it/s]
Epoch 31/50 [Val]:  42%|████▏     | 48/113 [00:02<00:03, 17.49it/s]
Epoch 31/50 [Val]:  44%|████▍     | 50/113 [00:02<00:03, 17.52it/s]
Epoch 31/50 [Val]:  46%|████▌     | 52/113 [00:03<00:03, 17.86it/s]
Epoch 31/50 [Val]:  48%|████▊     | 54/113 [00:03<00:03, 18.07it/s]
Epoch 31/50 [Val]:  50%|████▉     | 56/113 [00:03<00:03, 18.03it/s]
Epoch 31/50 [Val]:  51%|█████▏    | 58/113 [00:03<00:03, 17.32it/s]
Epoch 31/50 [Val]:  53%|█████▎    | 60/113 [00:03<00:02, 17.76it/s]
Epoch 31/50 [Val]:  55%|█████▍    | 62/113 [00:03<00:02, 17.55it/s]
Epoch 31/50 [Val]:  57%|█████▋    | 64/113 [00:03<00:02, 17.40it/s]
Epoch 31/50 [Val]:  58%|█████▊    | 66/113 [00:03<00:02, 17.03it/s]
Epoch 31/50 [Val]:  60%|██████    | 68/113 [00:03<00:02, 17.03it/s]
Epoch 31/50 [Val]:  62%|██████▏   | 70/113 [00:04<00:02, 17.36it/s]
Epoch 31/50 [Val]:  64%|██████▎   | 72/113 [00:04<00:02, 17.66it/s]
Epoch 31/50 [Val]:  65%|██████▌   | 74/113 [00:04<00:02, 17.86it/s]
Epoch 31/50 [Val]:  67%|██████▋   | 76/113 [00:04<00:02, 17.88it/s]
Epoch 31/50 [Val]:  69%|██████▉   | 78/113 [00:04<00:01, 17.73it/s]
Epoch 31/50 [Val]:  71%|███████   | 80/113 [00:04<00:01, 17.60it/s]
Epoch 31/50 [Val]:  73%|███████▎  | 82/113 [00:04<00:01, 17.51it/s]
Epoch 31/50 [Val]:  74%|███████▍  | 84/113 [00:04<00:01, 17.72it/s]
Epoch 31/50 [Val]:  76%|███████▌  | 86/113 [00:04<00:01, 17.76it/s]
Epoch 31/50 [Val]:  78%|███████▊  | 88/113 [00:05<00:01, 17.55it/s]
Epoch 31/50 [Val]:  80%|███████▉  | 90/113 [00:05<00:01, 17.76it/s]
Epoch 31/50 [Val]:  81%|████████▏ | 92/113 [00:05<00:01, 17.83it/s]
Epoch 31/50 [Val]:  83%|████████▎ | 94/113 [00:05<00:01, 17.99it/s]
Epoch 31/50 [Val]:  85%|████████▍ | 96/113 [00:05<00:00, 18.24it/s]
Epoch 31/50 [Val]:  87%|████████▋ | 98/113 [00:05<00:00, 18.29it/s]
Epoch 31/50 [Val]:  88%|████████▊ | 100/113 [00:05<00:00, 17.96it/s]
Epoch 31/50 [Val]:  90%|█████████ | 102/113 [00:05<00:00, 17.70it/s]
Epoch 31/50 [Val]:  92%|█████████▏| 104/113 [00:05<00:00, 17.94it/s]
Epoch 31/50 [Val]:  94%|█████████▍| 106/113 [00:06<00:00, 18.11it/s]
Epoch 31/50 [Val]:  96%|█████████▌| 108/113 [00:06<00:00, 18.35it/s]
Epoch 31/50 [Val]:  97%|█████████▋| 110/113 [00:06<00:00, 18.50it/s]
Epoch 31/50 [Val]:  99%|█████████▉| 112/113 [00:06<00:00, 18.40it/s]
                                                                    

Test:   0%|          | 0/109 [00:00<?, ?it/s]
Test:   2%|▏         | 2/109 [00:00<00:06, 16.20it/s]
Test:   4%|▎         | 4/109 [00:00<00:06, 16.47it/s]
Test:   6%|▌         | 6/109 [00:00<00:06, 16.76it/s]
Test:   7%|▋         | 8/109 [00:00<00:06, 16.56it/s]
Test:   9%|▉         | 10/109 [00:00<00:05, 16.65it/s]
Test:  11%|█         | 12/109 [00:00<00:05, 16.74it/s]
Test:  13%|█▎        | 14/109 [00:00<00:05, 16.69it/s]
Test:  15%|█▍        | 16/109 [00:00<00:05, 16.40it/s]
Test:  17%|█▋        | 18/109 [00:01<00:05, 16.40it/s]
Test:  18%|█▊        | 20/109 [00:01<00:05, 15.96it/s]
Test:  20%|██        | 22/109 [00:01<00:05, 15.56it/s]
Test:  22%|██▏       | 24/109 [00:01<00:05, 15.51it/s]
Test:  24%|██▍       | 26/109 [00:01<00:05, 15.73it/s]
Test:  26%|██▌       | 28/109 [00:01<00:05, 15.44it/s]
Test:  28%|██▊       | 30/109 [00:01<00:05, 15.40it/s]
Test:  29%|██▉       | 32/109 [00:01<00:04, 15.73it/s]
Test:  31%|███       | 34/109 [00:02<00:04, 16.03it/s]
Test:  33%|███▎      | 36/109 [00:02<00:04, 16.27it/s]
Test:  35%|███▍      | 38/109 [00:02<00:04, 16.41it/s]
Test:  37%|███▋      | 40/109 [00:02<00:04, 16.14it/s]
Test:  39%|███▊      | 42/109 [00:02<00:04, 16.18it/s]
Test:  40%|████      | 44/109 [00:02<00:04, 16.18it/s]
Test:  42%|████▏     | 46/109 [00:02<00:03, 16.01it/s]
Test:  44%|████▍     | 48/109 [00:02<00:03, 15.90it/s]
Test:  46%|████▌     | 50/109 [00:03<00:03, 15.99it/s]
Test:  48%|████▊     | 52/109 [00:03<00:03, 15.94it/s]
Test:  50%|████▉     | 54/109 [00:03<00:03, 16.14it/s]
Test:  51%|█████▏    | 56/109 [00:03<00:03, 16.24it/s]
Test:  53%|█████▎    | 58/109 [00:03<00:03, 16.78it/s]
Test:  55%|█████▌    | 60/109 [00:03<00:02, 16.91it/s]
Test:  57%|█████▋    | 62/109 [00:03<00:02, 17.04it/s]
Test:  59%|█████▊    | 64/109 [00:03<00:02, 17.35it/s]
Test:  61%|██████    | 66/109 [00:04<00:02, 17.52it/s]
Test:  62%|██████▏   | 68/109 [00:04<00:02, 17.61it/s]
Test:  64%|██████▍   | 70/109 [00:04<00:02, 17.76it/s]
Test:  66%|██████▌   | 72/109 [00:04<00:02, 17.67it/s]
Test:  68%|██████▊   | 74/109 [00:04<00:01, 17.67it/s]
Test:  70%|██████▉   | 76/109 [00:04<00:01, 17.85it/s]
Test:  72%|███████▏  | 78/109 [00:04<00:01, 18.21it/s]
Test:  73%|███████▎  | 80/109 [00:04<00:01, 18.07it/s]
Test:  75%|███████▌  | 82/109 [00:04<00:01, 18.27it/s]
Test:  77%|███████▋  | 84/109 [00:05<00:01, 18.20it/s]
Test:  79%|███████▉  | 86/109 [00:05<00:01, 17.90it/s]
Test:  81%|████████  | 88/109 [00:05<00:01, 18.09it/s]
Test:  83%|████████▎ | 90/109 [00:05<00:01, 17.68it/s]
Test:  84%|████████▍ | 92/109 [00:05<00:00, 17.45it/s]
Test:  86%|████████▌ | 94/109 [00:05<00:00, 17.48it/s]
Test:  88%|████████▊ | 96/109 [00:05<00:00, 17.68it/s]
Test:  90%|████████▉ | 98/109 [00:05<00:00, 17.95it/s]
Test:  92%|█████████▏| 100/109 [00:05<00:00, 18.16it/s]
Test:  94%|█████████▎| 102/109 [00:06<00:00, 17.58it/s]
Test:  95%|█████████▌| 104/109 [00:06<00:00, 18.04it/s]
Test:  97%|█████████▋| 106/109 [00:06<00:00, 18.43it/s]
Test:  99%|█████████▉| 108/109 [00:06<00:00, 18.53it/s]
Test: 100%|██████████| 109/109 [00:06<00:00, 16.96it/s]
