===== STDOUT =====
[*] SMP baseline: unetplusplus, encoder=efficientnet-b3, weights=imagenet
[*] dataset: all_filtered (./dataset_all_filtered)
[*] save_path: ./results/experiments\all_filtered/smp_unetplusplus_efficientnet_b3_20260623_imagenet\0625_1703
[*] device: cuda, seed=42, seg_loss=bce_dice
Epoch 001 | LR=0.000100 | TrainLoss=0.7689 | ValLoss=0.5453 | Dice=0.6995 | IoU=0.5598 | Recall=0.6819 | Precision=0.8025 | HD95=30.58 | clDice=0.7938 | BoundaryF1=0.5673
[*] Saved best model: val Dice=0.6995
Epoch 002 | LR=0.000100 | TrainLoss=0.5316 | ValLoss=0.4022 | Dice=0.7705 | IoU=0.6348 | Recall=0.7659 | Precision=0.7999 | HD95=21.70 | clDice=0.8648 | BoundaryF1=0.6569
[*] Saved best model: val Dice=0.7705
Epoch 003 | LR=0.000099 | TrainLoss=0.4832 | ValLoss=0.3956 | Dice=0.7671 | IoU=0.6329 | Recall=0.7600 | Precision=0.8060 | HD95=22.74 | clDice=0.8600 | BoundaryF1=0.6537
Epoch 004 | LR=0.000098 | TrainLoss=0.4656 | ValLoss=0.3840 | Dice=0.7712 | IoU=0.6363 | Recall=0.7632 | Precision=0.8059 | HD95=20.07 | clDice=0.8656 | BoundaryF1=0.6551
[*] Saved best model: val Dice=0.7712
Epoch 005 | LR=0.000098 | TrainLoss=0.4506 | ValLoss=0.3839 | Dice=0.7692 | IoU=0.6359 | Recall=0.7630 | Precision=0.8066 | HD95=20.20 | clDice=0.8645 | BoundaryF1=0.6592
Epoch 006 | LR=0.000097 | TrainLoss=0.4353 | ValLoss=0.3775 | Dice=0.7723 | IoU=0.6387 | Recall=0.7567 | Precision=0.8184 | HD95=20.62 | clDice=0.8687 | BoundaryF1=0.6673
[*] Saved best model: val Dice=0.7723
Epoch 007 | LR=0.000095 | TrainLoss=0.4217 | ValLoss=0.3791 | Dice=0.7741 | IoU=0.6403 | Recall=0.7793 | Precision=0.7979 | HD95=21.05 | clDice=0.8702 | BoundaryF1=0.6620
[*] Saved best model: val Dice=0.7741
Epoch 008 | LR=0.000094 | TrainLoss=0.4126 | ValLoss=0.3906 | Dice=0.7647 | IoU=0.6313 | Recall=0.7744 | Precision=0.7949 | HD95=23.03 | clDice=0.8591 | BoundaryF1=0.6537
Epoch 009 | LR=0.000092 | TrainLoss=0.4017 | ValLoss=0.3927 | Dice=0.7625 | IoU=0.6287 | Recall=0.7418 | Precision=0.8247 | HD95=22.28 | clDice=0.8607 | BoundaryF1=0.6552
Epoch 010 | LR=0.000091 | TrainLoss=0.3937 | ValLoss=0.3799 | Dice=0.7733 | IoU=0.6405 | Recall=0.7748 | Precision=0.8023 | HD95=22.20 | clDice=0.8700 | BoundaryF1=0.6643
Epoch 011 | LR=0.000089 | TrainLoss=0.3855 | ValLoss=0.3746 | Dice=0.7742 | IoU=0.6420 | Recall=0.7773 | Precision=0.8030 | HD95=21.53 | clDice=0.8693 | BoundaryF1=0.6650
[*] Saved best model: val Dice=0.7742
Epoch 012 | LR=0.000087 | TrainLoss=0.3812 | ValLoss=0.3969 | Dice=0.7570 | IoU=0.6203 | Recall=0.7248 | Precision=0.8309 | HD95=22.29 | clDice=0.8607 | BoundaryF1=0.6485
Epoch 013 | LR=0.000084 | TrainLoss=0.3733 | ValLoss=0.3783 | Dice=0.7717 | IoU=0.6368 | Recall=0.7561 | Precision=0.8142 | HD95=20.62 | clDice=0.8702 | BoundaryF1=0.6669
Epoch 014 | LR=0.000082 | TrainLoss=0.3655 | ValLoss=0.4130 | Dice=0.7464 | IoU=0.6088 | Recall=0.7102 | Precision=0.8333 | HD95=24.47 | clDice=0.8491 | BoundaryF1=0.6357
Epoch 015 | LR=0.000080 | TrainLoss=0.3601 | ValLoss=0.3843 | Dice=0.7685 | IoU=0.6349 | Recall=0.7573 | Precision=0.8139 | HD95=23.51 | clDice=0.8649 | BoundaryF1=0.6634
Epoch 016 | LR=0.000077 | TrainLoss=0.3527 | ValLoss=0.4063 | Dice=0.7534 | IoU=0.6165 | Recall=0.7269 | Precision=0.8238 | HD95=24.42 | clDice=0.8555 | BoundaryF1=0.6482
Epoch 017 | LR=0.000074 | TrainLoss=0.3489 | ValLoss=0.3794 | Dice=0.7729 | IoU=0.6389 | Recall=0.7683 | Precision=0.8056 | HD95=21.51 | clDice=0.8690 | BoundaryF1=0.6596
Epoch 018 | LR=0.000072 | TrainLoss=0.3419 | ValLoss=0.3778 | Dice=0.7722 | IoU=0.6371 | Recall=0.7600 | Precision=0.8109 | HD95=21.02 | clDice=0.8708 | BoundaryF1=0.6623
Epoch 019 | LR=0.000069 | TrainLoss=0.3396 | ValLoss=0.3721 | Dice=0.7761 | IoU=0.6425 | Recall=0.7750 | Precision=0.8024 | HD95=20.84 | clDice=0.8724 | BoundaryF1=0.6689
[*] Saved best model: val Dice=0.7761
Epoch 020 | LR=0.000066 | TrainLoss=0.3334 | ValLoss=0.3707 | Dice=0.7801 | IoU=0.6481 | Recall=0.8036 | Precision=0.7814 | HD95=21.65 | clDice=0.8746 | BoundaryF1=0.6686
[*] Saved best model: val Dice=0.7801
Epoch 021 | LR=0.000063 | TrainLoss=0.3308 | ValLoss=0.3779 | Dice=0.7734 | IoU=0.6388 | Recall=0.7743 | Precision=0.7970 | HD95=21.88 | clDice=0.8711 | BoundaryF1=0.6612
Epoch 022 | LR=0.000060 | TrainLoss=0.3269 | ValLoss=0.3786 | Dice=0.7723 | IoU=0.6373 | Recall=0.7522 | Precision=0.8186 | HD95=20.98 | clDice=0.8727 | BoundaryF1=0.6662
Epoch 023 | LR=0.000057 | TrainLoss=0.3237 | ValLoss=0.3795 | Dice=0.7718 | IoU=0.6369 | Recall=0.7545 | Precision=0.8136 | HD95=20.42 | clDice=0.8703 | BoundaryF1=0.6642
Epoch 024 | LR=0.000054 | TrainLoss=0.3180 | ValLoss=0.3773 | Dice=0.7746 | IoU=0.6408 | Recall=0.7702 | Precision=0.8039 | HD95=22.03 | clDice=0.8701 | BoundaryF1=0.6644
Epoch 025 | LR=0.000050 | TrainLoss=0.3147 | ValLoss=0.3818 | Dice=0.7708 | IoU=0.6351 | Recall=0.7452 | Precision=0.8236 | HD95=21.68 | clDice=0.8698 | BoundaryF1=0.6645
Epoch 026 | LR=0.000047 | TrainLoss=0.3111 | ValLoss=0.3842 | Dice=0.7695 | IoU=0.6335 | Recall=0.7554 | Precision=0.8116 | HD95=22.11 | clDice=0.8702 | BoundaryF1=0.6599
Epoch 027 | LR=0.000044 | TrainLoss=0.3087 | ValLoss=0.3709 | Dice=0.7800 | IoU=0.6469 | Recall=0.7774 | Precision=0.8035 | HD95=20.76 | clDice=0.8741 | BoundaryF1=0.6676
Epoch 028 | LR=0.000041 | TrainLoss=0.3023 | ValLoss=0.3773 | Dice=0.7743 | IoU=0.6397 | Recall=0.7647 | Precision=0.8076 | HD95=20.59 | clDice=0.8732 | BoundaryF1=0.6669
Epoch 029 | LR=0.000038 | TrainLoss=0.2994 | ValLoss=0.3742 | Dice=0.7761 | IoU=0.6417 | Recall=0.7681 | Precision=0.8065 | HD95=20.54 | clDice=0.8735 | BoundaryF1=0.6694
Epoch 030 | LR=0.000035 | TrainLoss=0.2984 | ValLoss=0.3742 | Dice=0.7786 | IoU=0.6456 | Recall=0.7850 | Precision=0.7939 | HD95=20.51 | clDice=0.8722 | BoundaryF1=0.6635
Epoch 031 | LR=0.000032 | TrainLoss=0.2936 | ValLoss=0.3697 | Dice=0.7791 | IoU=0.6459 | Recall=0.7776 | Precision=0.8014 | HD95=20.57 | clDice=0.8752 | BoundaryF1=0.6724
Epoch 032 | LR=0.000029 | TrainLoss=0.2924 | ValLoss=0.3777 | Dice=0.7746 | IoU=0.6399 | Recall=0.7612 | Precision=0.8114 | HD95=20.97 | clDice=0.8712 | BoundaryF1=0.6657
Epoch 033 | LR=0.000027 | TrainLoss=0.2900 | ValLoss=0.3767 | Dice=0.7759 | IoU=0.6417 | Recall=0.7714 | Precision=0.8031 | HD95=21.04 | clDice=0.8723 | BoundaryF1=0.6665
Epoch 034 | LR=0.000024 | TrainLoss=0.2884 | ValLoss=0.3744 | Dice=0.7780 | IoU=0.6444 | Recall=0.7824 | Precision=0.7954 | HD95=20.57 | clDice=0.8741 | BoundaryF1=0.6707
Epoch 035 | LR=0.000021 | TrainLoss=0.2843 | ValLoss=0.3754 | Dice=0.7772 | IoU=0.6432 | Recall=0.7734 | Precision=0.8014 | HD95=21.09 | clDice=0.8725 | BoundaryF1=0.6673
Epoch 036 | LR=0.000019 | TrainLoss=0.2828 | ValLoss=0.3785 | Dice=0.7743 | IoU=0.6396 | Recall=0.7625 | Precision=0.8085 | HD95=20.72 | clDice=0.8719 | BoundaryF1=0.6651
Epoch 037 | LR=0.000017 | TrainLoss=0.2822 | ValLoss=0.3822 | Dice=0.7717 | IoU=0.6361 | Recall=0.7491 | Precision=0.8188 | HD95=21.14 | clDice=0.8700 | BoundaryF1=0.6626
Epoch 038 | LR=0.000014 | TrainLoss=0.2807 | ValLoss=0.3755 | Dice=0.7769 | IoU=0.6429 | Recall=0.7682 | Precision=0.8068 | HD95=20.27 | clDice=0.8730 | BoundaryF1=0.6688
Epoch 039 | LR=0.000012 | TrainLoss=0.2787 | ValLoss=0.3889 | Dice=0.7681 | IoU=0.6314 | Recall=0.7409 | Precision=0.8222 | HD95=20.82 | clDice=0.8688 | BoundaryF1=0.6579
Epoch 040 | LR=0.000010 | TrainLoss=0.2772 | ValLoss=0.3820 | Dice=0.7735 | IoU=0.6384 | Recall=0.7632 | Precision=0.8070 | HD95=20.99 | clDice=0.8709 | BoundaryF1=0.6633
[*] Early stopping at epoch 40

[SMP Evaluation Complete]
Aggregate CSV: ./results/experiments\all_filtered/smp_unetplusplus_efficientnet_b3_20260623_imagenet\0625_1703\aggregate_results.csv
all_filtered/smp_unetplusplus_efficientnet_b3_20260623_imagenet: Dice=0.7505, IoU=0.6116, Recall=0.7894, Precision=0.7326, HD95=23.34, clDice=0.8395, BoundaryF1=0.6315
===== STDERR =====
Downloading: "https://github.com/lukemelas/EfficientNet-PyTorch/releases/download/1.0/efficientnet-b3-5fb5a3c3.pth" to C:\Users\Xiaoju/.cache\torch\hub\checkpoints\efficientnet-b3-5fb5a3c3.pth

  0%|          | 0.00/47.1M [00:00<?, ?B/s]
  3%|▎         | 1.25M/47.1M [00:00<00:08, 5.46MB/s]
 18%|█▊        | 8.25M/47.1M [00:00<00:01, 30.5MB/s]
 27%|██▋       | 12.5M/47.1M [00:01<00:03, 10.8MB/s]
 41%|████      | 19.4M/47.1M [00:01<00:01, 18.7MB/s]
 50%|█████     | 23.6M/47.1M [00:01<00:01, 12.9MB/s]
 60%|█████▉    | 28.2M/47.1M [00:01<00:01, 16.8MB/s]
 67%|██████▋   | 31.8M/47.1M [00:02<00:01, 10.9MB/s]
 77%|███████▋  | 36.2M/47.1M [00:02<00:01, 11.3MB/s]
 81%|████████▏ | 38.4M/47.1M [00:03<00:00, 11.8MB/s]
 96%|█████████▌| 45.1M/47.1M [00:03<00:00, 18.8MB/s]
100%|██████████| 47.1M/47.1M [00:03<00:00, 13.7MB/s]

Epoch 1/50 [Train]:   0%|          | 0/459 [00:00<?, ?it/s]
Epoch 1/50 [Train]:   0%|          | 1/459 [00:00<03:07,  2.45it/s]
Epoch 1/50 [Train]:   0%|          | 2/459 [00:00<01:45,  4.33it/s]
Epoch 1/50 [Train]:   1%|          | 3/459 [00:00<01:18,  5.83it/s]
Epoch 1/50 [Train]:   1%|          | 5/459 [00:00<00:58,  7.70it/s]
Epoch 1/50 [Train]:   1%|▏         | 6/459 [00:00<00:55,  8.22it/s]
Epoch 1/50 [Train]:   2%|▏         | 8/459 [00:01<00:49,  9.02it/s]
Epoch 1/50 [Train]:   2%|▏         | 9/459 [00:01<00:49,  9.16it/s]
Epoch 1/50 [Train]:   2%|▏         | 11/459 [00:01<00:46,  9.56it/s]
Epoch 1/50 [Train]:   3%|▎         | 13/459 [00:01<00:45,  9.80it/s]
Epoch 1/50 [Train]:   3%|▎         | 15/459 [00:01<00:44,  9.92it/s]
Epoch 1/50 [Train]:   4%|▎         | 17/459 [00:01<00:43, 10.08it/s]
Epoch 1/50 [Train]:   4%|▍         | 19/459 [00:02<00:43, 10.12it/s]
Epoch 1/50 [Train]:   5%|▍         | 21/459 [00:02<00:42, 10.23it/s]
Epoch 1/50 [Train]:   5%|▌         | 23/459 [00:02<00:42, 10.19it/s]
Epoch 1/50 [Train]:   5%|▌         | 25/459 [00:02<00:42, 10.24it/s]
Epoch 1/50 [Train]:   6%|▌         | 27/459 [00:02<00:41, 10.32it/s]
Epoch 1/50 [Train]:   6%|▋         | 29/459 [00:03<00:41, 10.29it/s]
Epoch 1/50 [Train]:   7%|▋         | 31/459 [00:03<00:41, 10.29it/s]
Epoch 1/50 [Train]:   7%|▋         | 33/459 [00:03<00:41, 10.31it/s]
Epoch 1/50 [Train]:   8%|▊         | 35/459 [00:03<00:41, 10.23it/s]
Epoch 1/50 [Train]:   8%|▊         | 37/459 [00:03<00:40, 10.30it/s]
Epoch 1/50 [Train]:   8%|▊         | 39/459 [00:04<00:40, 10.35it/s]
Epoch 1/50 [Train]:   9%|▉         | 41/459 [00:04<00:40, 10.31it/s]
Epoch 1/50 [Train]:   9%|▉         | 43/459 [00:04<00:40, 10.39it/s]
Epoch 1/50 [Train]:  10%|▉         | 45/459 [00:04<00:39, 10.41it/s]
Epoch 1/50 [Train]:  10%|█         | 47/459 [00:04<00:39, 10.38it/s]
Epoch 1/50 [Train]:  11%|█         | 49/459 [00:05<00:39, 10.25it/s]
Epoch 1/50 [Train]:  11%|█         | 51/459 [00:05<00:39, 10.29it/s]
Epoch 1/50 [Train]:  12%|█▏        | 53/459 [00:05<00:39, 10.21it/s]
Epoch 1/50 [Train]:  12%|█▏        | 55/459 [00:05<00:39, 10.31it/s]
Epoch 1/50 [Train]:  12%|█▏        | 57/459 [00:05<00:38, 10.35it/s]
Epoch 1/50 [Train]:  13%|█▎        | 59/459 [00:06<00:38, 10.35it/s]
Epoch 1/50 [Train]:  13%|█▎        | 61/459 [00:06<00:38, 10.40it/s]
Epoch 1/50 [Train]:  14%|█▎        | 63/459 [00:06<00:38, 10.35it/s]
Epoch 1/50 [Train]:  14%|█▍        | 65/459 [00:06<00:38, 10.35it/s]
Epoch 1/50 [Train]:  15%|█▍        | 67/459 [00:06<00:38, 10.23it/s]
Epoch 1/50 [Train]:  15%|█▌        | 69/459 [00:07<00:37, 10.29it/s]
Epoch 1/50 [Train]:  15%|█▌        | 71/459 [00:07<00:37, 10.35it/s]
Epoch 1/50 [Train]:  16%|█▌        | 73/459 [00:07<00:37, 10.32it/s]
Epoch 1/50 [Train]:  16%|█▋        | 75/459 [00:07<00:37, 10.28it/s]
Epoch 1/50 [Train]:  17%|█▋        | 77/459 [00:07<00:37, 10.25it/s]
Epoch 1/50 [Train]:  17%|█▋        | 79/459 [00:08<00:37, 10.25it/s]
Epoch 1/50 [Train]:  18%|█▊        | 81/459 [00:08<00:36, 10.31it/s]
Epoch 1/50 [Train]:  18%|█▊        | 83/459 [00:08<00:36, 10.24it/s]
Epoch 1/50 [Train]:  19%|█▊        | 85/459 [00:08<00:36, 10.29it/s]
Epoch 1/50 [Train]:  19%|█▉        | 87/459 [00:08<00:36, 10.27it/s]
Epoch 1/50 [Train]:  19%|█▉        | 89/459 [00:08<00:36, 10.28it/s]
Epoch 1/50 [Train]:  20%|█▉        | 91/459 [00:09<00:35, 10.34it/s]
Epoch 1/50 [Train]:  20%|██        | 93/459 [00:09<00:35, 10.38it/s]
Epoch 1/50 [Train]:  21%|██        | 95/459 [00:09<00:34, 10.45it/s]
Epoch 1/50 [Train]:  21%|██        | 97/459 [00:09<00:34, 10.44it/s]
Epoch 1/50 [Train]:  22%|██▏       | 99/459 [00:09<00:34, 10.42it/s]
Epoch 1/50 [Train]:  22%|██▏       | 101/459 [00:10<00:34, 10.45it/s]
Epoch 1/50 [Train]:  22%|██▏       | 103/459 [00:10<00:34, 10.42it/s]
Epoch 1/50 [Train]:  23%|██▎       | 105/459 [00:10<00:34, 10.37it/s]
Epoch 1/50 [Train]:  23%|██▎       | 107/459 [00:10<00:33, 10.43it/s]
Epoch 1/50 [Train]:  24%|██▎       | 109/459 [00:10<00:33, 10.30it/s]
Epoch 1/50 [Train]:  24%|██▍       | 111/459 [00:11<00:33, 10.25it/s]
Epoch 1/50 [Train]:  25%|██▍       | 113/459 [00:11<00:33, 10.25it/s]
Epoch 1/50 [Train]:  25%|██▌       | 115/459 [00:11<00:33, 10.35it/s]
Epoch 1/50 [Train]:  25%|██▌       | 117/459 [00:11<00:32, 10.40it/s]
Epoch 1/50 [Train]:  26%|██▌       | 119/459 [00:11<00:32, 10.42it/s]
Epoch 1/50 [Train]:  26%|██▋       | 121/459 [00:12<00:32, 10.33it/s]
Epoch 1/50 [Train]:  27%|██▋       | 123/459 [00:12<00:32, 10.33it/s]
Epoch 1/50 [Train]:  27%|██▋       | 125/459 [00:12<00:32, 10.32it/s]
Epoch 1/50 [Train]:  28%|██▊       | 127/459 [00:12<00:32, 10.29it/s]
Epoch 1/50 [Train]:  28%|██▊       | 129/459 [00:12<00:31, 10.35it/s]
Epoch 1/50 [Train]:  29%|██▊       | 131/459 [00:13<00:31, 10.32it/s]
Epoch 1/50 [Train]:  29%|██▉       | 133/459 [00:13<00:31, 10.32it/s]
Epoch 1/50 [Train]:  29%|██▉       | 135/459 [00:13<00:30, 10.46it/s]
Epoch 1/50 [Train]:  30%|██▉       | 137/459 [00:13<00:30, 10.43it/s]
Epoch 1/50 [Train]:  30%|███       | 139/459 [00:13<00:30, 10.36it/s]
Epoch 1/50 [Train]:  31%|███       | 141/459 [00:13<00:30, 10.30it/s]
Epoch 1/50 [Train]:  31%|███       | 143/459 [00:14<00:30, 10.25it/s]
Epoch 1/50 [Train]:  32%|███▏      | 145/459 [00:14<00:30, 10.29it/s]
Epoch 1/50 [Train]:  32%|███▏      | 147/459 [00:14<00:30, 10.24it/s]
Epoch 1/50 [Train]:  32%|███▏      | 149/459 [00:14<00:30, 10.14it/s]
Epoch 1/50 [Train]:  33%|███▎      | 151/459 [00:14<00:30, 10.24it/s]
Epoch 1/50 [Train]:  33%|███▎      | 153/459 [00:15<00:29, 10.31it/s]
Epoch 1/50 [Train]:  34%|███▍      | 155/459 [00:15<00:29, 10.36it/s]
Epoch 1/50 [Train]:  34%|███▍      | 157/459 [00:15<00:29, 10.39it/s]
Epoch 1/50 [Train]:  35%|███▍      | 159/459 [00:15<00:29, 10.20it/s]
Epoch 1/50 [Train]:  35%|███▌      | 161/459 [00:15<00:28, 10.29it/s]
Epoch 1/50 [Train]:  36%|███▌      | 163/459 [00:16<00:28, 10.26it/s]
Epoch 1/50 [Train]:  36%|███▌      | 165/459 [00:16<00:28, 10.28it/s]
Epoch 1/50 [Train]:  36%|███▋      | 167/459 [00:16<00:28, 10.25it/s]
Epoch 1/50 [Train]:  37%|███▋      | 169/459 [00:16<00:27, 10.36it/s]
Epoch 1/50 [Train]:  37%|███▋      | 171/459 [00:16<00:27, 10.34it/s]
Epoch 1/50 [Train]:  38%|███▊      | 173/459 [00:17<00:27, 10.29it/s]
Epoch 1/50 [Train]:  38%|███▊      | 175/459 [00:17<00:27, 10.28it/s]
Epoch 1/50 [Train]:  39%|███▊      | 177/459 [00:17<00:27, 10.36it/s]
Epoch 1/50 [Train]:  39%|███▉      | 179/459 [00:17<00:26, 10.41it/s]
Epoch 1/50 [Train]:  39%|███▉      | 181/459 [00:17<00:26, 10.32it/s]
Epoch 1/50 [Train]:  40%|███▉      | 183/459 [00:18<00:26, 10.31it/s]
Epoch 1/50 [Train]:  40%|████      | 185/459 [00:18<00:26, 10.22it/s]
Epoch 1/50 [Train]:  41%|████      | 187/459 [00:18<00:26, 10.19it/s]
Epoch 1/50 [Train]:  41%|████      | 189/459 [00:18<00:26, 10.25it/s]
Epoch 1/50 [Train]:  42%|████▏     | 191/459 [00:18<00:26, 10.30it/s]
Epoch 1/50 [Train]:  42%|████▏     | 193/459 [00:19<00:25, 10.36it/s]
Epoch 1/50 [Train]:  42%|████▏     | 195/459 [00:19<00:25, 10.26it/s]
Epoch 1/50 [Train]:  43%|████▎     | 197/459 [00:19<00:25, 10.38it/s]
Epoch 1/50 [Train]:  43%|████▎     | 199/459 [00:19<00:25, 10.39it/s]
Epoch 1/50 [Train]:  44%|████▍     | 201/459 [00:19<00:25, 10.31it/s]
Epoch 1/50 [Train]:  44%|████▍     | 203/459 [00:20<00:24, 10.28it/s]
Epoch 1/50 [Train]:  45%|████▍     | 205/459 [00:20<00:24, 10.37it/s]
Epoch 1/50 [Train]:  45%|████▌     | 207/459 [00:20<00:24, 10.40it/s]
Epoch 1/50 [Train]:  46%|████▌     | 209/459 [00:20<00:24, 10.40it/s]
Epoch 1/50 [Train]:  46%|████▌     | 211/459 [00:20<00:23, 10.35it/s]
Epoch 1/50 [Train]:  46%|████▋     | 213/459 [00:20<00:23, 10.37it/s]
Epoch 1/50 [Train]:  47%|████▋     | 215/459 [00:21<00:23, 10.41it/s]
Epoch 1/50 [Train]:  47%|████▋     | 217/459 [00:21<00:23, 10.38it/s]
Epoch 1/50 [Train]:  48%|████▊     | 219/459 [00:21<00:23, 10.27it/s]
Epoch 1/50 [Train]:  48%|████▊     | 221/459 [00:21<00:23, 10.23it/s]
Epoch 1/50 [Train]:  49%|████▊     | 223/459 [00:21<00:23, 10.23it/s]
Epoch 1/50 [Train]:  49%|████▉     | 225/459 [00:22<00:22, 10.22it/s]
Epoch 1/50 [Train]:  49%|████▉     | 227/459 [00:22<00:22, 10.29it/s]
Epoch 1/50 [Train]:  50%|████▉     | 229/459 [00:22<00:22, 10.38it/s]
Epoch 1/50 [Train]:  50%|█████     | 231/459 [00:22<00:22, 10.36it/s]
Epoch 1/50 [Train]:  51%|█████     | 233/459 [00:22<00:21, 10.39it/s]
Epoch 1/50 [Train]:  51%|█████     | 235/459 [00:23<00:21, 10.42it/s]
Epoch 1/50 [Train]:  52%|█████▏    | 237/459 [00:23<00:21, 10.41it/s]
Epoch 1/50 [Train]:  52%|█████▏    | 239/459 [00:23<00:21, 10.31it/s]
Epoch 1/50 [Train]:  53%|█████▎    | 241/459 [00:23<00:21, 10.38it/s]
Epoch 1/50 [Train]:  53%|█████▎    | 243/459 [00:23<00:20, 10.36it/s]
Epoch 1/50 [Train]:  53%|█████▎    | 245/459 [00:24<00:20, 10.40it/s]
Epoch 1/50 [Train]:  54%|█████▍    | 247/459 [00:24<00:20, 10.44it/s]
Epoch 1/50 [Train]:  54%|█████▍    | 249/459 [00:24<00:20, 10.33it/s]
Epoch 1/50 [Train]:  55%|█████▍    | 251/459 [00:24<00:20, 10.36it/s]
Epoch 1/50 [Train]:  55%|█████▌    | 253/459 [00:24<00:20,  9.86it/s]
Epoch 1/50 [Train]:  56%|█████▌    | 255/459 [00:25<00:20, 10.02it/s]
Epoch 1/50 [Train]:  56%|█████▌    | 257/459 [00:25<00:19, 10.15it/s]
Epoch 1/50 [Train]:  56%|█████▋    | 259/459 [00:25<00:19, 10.21it/s]
Epoch 1/50 [Train]:  57%|█████▋    | 261/459 [00:25<00:19, 10.19it/s]
Epoch 1/50 [Train]:  57%|█████▋    | 263/459 [00:25<00:19, 10.23it/s]
Epoch 1/50 [Train]:  58%|█████▊    | 265/459 [00:26<00:18, 10.32it/s]
Epoch 1/50 [Train]:  58%|█████▊    | 267/459 [00:26<00:18, 10.30it/s]
Epoch 1/50 [Train]:  59%|█████▊    | 269/459 [00:26<00:18, 10.35it/s]
Epoch 1/50 [Train]:  59%|█████▉    | 271/459 [00:26<00:18, 10.37it/s]
Epoch 1/50 [Train]:  59%|█████▉    | 273/459 [00:26<00:17, 10.34it/s]
Epoch 1/50 [Train]:  60%|█████▉    | 275/459 [00:26<00:17, 10.38it/s]
Epoch 1/50 [Train]:  60%|██████    | 277/459 [00:27<00:17, 10.28it/s]
Epoch 1/50 [Train]:  61%|██████    | 279/459 [00:27<00:17, 10.27it/s]
Epoch 1/50 [Train]:  61%|██████    | 281/459 [00:27<00:17, 10.35it/s]
Epoch 1/50 [Train]:  62%|██████▏   | 283/459 [00:27<00:17, 10.28it/s]
Epoch 1/50 [Train]:  62%|██████▏   | 285/459 [00:27<00:17, 10.20it/s]
Epoch 1/50 [Train]:  63%|██████▎   | 287/459 [00:28<00:16, 10.18it/s]
Epoch 1/50 [Train]:  63%|██████▎   | 289/459 [00:28<00:16, 10.21it/s]
Epoch 1/50 [Train]:  63%|██████▎   | 291/459 [00:28<00:16, 10.17it/s]
Epoch 1/50 [Train]:  64%|██████▍   | 293/459 [00:28<00:16, 10.05it/s]
Epoch 1/50 [Train]:  64%|██████▍   | 295/459 [00:28<00:16, 10.13it/s]
Epoch 1/50 [Train]:  65%|██████▍   | 297/459 [00:29<00:15, 10.18it/s]
Epoch 1/50 [Train]:  65%|██████▌   | 299/459 [00:29<00:15, 10.19it/s]
Epoch 1/50 [Train]:  66%|██████▌   | 301/459 [00:29<00:15, 10.33it/s]
Epoch 1/50 [Train]:  66%|██████▌   | 303/459 [00:29<00:15, 10.29it/s]
Epoch 1/50 [Train]:  66%|██████▋   | 305/459 [00:29<00:14, 10.32it/s]
Epoch 1/50 [Train]:  67%|██████▋   | 307/459 [00:30<00:14, 10.27it/s]
Epoch 1/50 [Train]:  67%|██████▋   | 309/459 [00:30<00:14, 10.34it/s]
Epoch 1/50 [Train]:  68%|██████▊   | 311/459 [00:30<00:14, 10.40it/s]
Epoch 1/50 [Train]:  68%|██████▊   | 313/459 [00:30<00:14, 10.33it/s]
Epoch 1/50 [Train]:  69%|██████▊   | 315/459 [00:30<00:14, 10.25it/s]
Epoch 1/50 [Train]:  69%|██████▉   | 317/459 [00:31<00:13, 10.22it/s]
Epoch 1/50 [Train]:  69%|██████▉   | 319/459 [00:31<00:13, 10.30it/s]
Epoch 1/50 [Train]:  70%|██████▉   | 321/459 [00:31<00:13, 10.35it/s]
Epoch 1/50 [Train]:  70%|███████   | 323/459 [00:31<00:13, 10.39it/s]
Epoch 1/50 [Train]:  71%|███████   | 325/459 [00:31<00:12, 10.37it/s]
Epoch 1/50 [Train]:  71%|███████   | 327/459 [00:32<00:12, 10.36it/s]
Epoch 1/50 [Train]:  72%|███████▏  | 329/459 [00:32<00:12, 10.24it/s]
Epoch 1/50 [Train]:  72%|███████▏  | 331/459 [00:32<00:12, 10.26it/s]
Epoch 1/50 [Train]:  73%|███████▎  | 333/459 [00:32<00:12, 10.18it/s]
Epoch 1/50 [Train]:  73%|███████▎  | 335/459 [00:32<00:12, 10.16it/s]
Epoch 1/50 [Train]:  73%|███████▎  | 337/459 [00:33<00:11, 10.21it/s]
Epoch 1/50 [Train]:  74%|███████▍  | 339/459 [00:33<00:11, 10.25it/s]
Epoch 1/50 [Train]:  74%|███████▍  | 341/459 [00:33<00:11, 10.30it/s]
Epoch 1/50 [Train]:  75%|███████▍  | 343/459 [00:33<00:11, 10.24it/s]
Epoch 1/50 [Train]:  75%|███████▌  | 345/459 [00:33<00:11, 10.33it/s]
Epoch 1/50 [Train]:  76%|███████▌  | 347/459 [00:34<00:10, 10.38it/s]
Epoch 1/50 [Train]:  76%|███████▌  | 349/459 [00:34<00:10, 10.38it/s]
Epoch 1/50 [Train]:  76%|███████▋  | 351/459 [00:34<00:10, 10.38it/s]
Epoch 1/50 [Train]:  77%|███████▋  | 353/459 [00:34<00:10, 10.30it/s]
Epoch 1/50 [Train]:  77%|███████▋  | 355/459 [00:34<00:10, 10.34it/s]
Epoch 1/50 [Train]:  78%|███████▊  | 357/459 [00:34<00:09, 10.24it/s]
Epoch 1/50 [Train]:  78%|███████▊  | 359/459 [00:35<00:09, 10.31it/s]
Epoch 1/50 [Train]:  79%|███████▊  | 361/459 [00:35<00:09, 10.24it/s]
Epoch 1/50 [Train]:  79%|███████▉  | 363/459 [00:35<00:09, 10.17it/s]
Epoch 1/50 [Train]:  80%|███████▉  | 365/459 [00:35<00:09, 10.22it/s]
Epoch 1/50 [Train]:  80%|███████▉  | 367/459 [00:35<00:08, 10.27it/s]
Epoch 1/50 [Train]:  80%|████████  | 369/459 [00:36<00:08, 10.28it/s]
Epoch 1/50 [Train]:  81%|████████  | 371/459 [00:36<00:08, 10.24it/s]
Epoch 1/50 [Train]:  81%|████████▏ | 373/459 [00:36<00:08, 10.31it/s]
Epoch 1/50 [Train]:  82%|████████▏ | 375/459 [00:36<00:08, 10.37it/s]
Epoch 1/50 [Train]:  82%|████████▏ | 377/459 [00:36<00:07, 10.37it/s]
Epoch 1/50 [Train]:  83%|████████▎ | 379/459 [00:37<00:07, 10.35it/s]
Epoch 1/50 [Train]:  83%|████████▎ | 381/459 [00:37<00:07, 10.26it/s]
Epoch 1/50 [Train]:  83%|████████▎ | 383/459 [00:37<00:07, 10.30it/s]
Epoch 1/50 [Train]:  84%|████████▍ | 385/459 [00:37<00:07, 10.32it/s]
Epoch 1/50 [Train]:  84%|████████▍ | 387/459 [00:37<00:07, 10.25it/s]
Epoch 1/50 [Train]:  85%|████████▍ | 389/459 [00:38<00:06, 10.27it/s]
Epoch 1/50 [Train]:  85%|████████▌ | 391/459 [00:38<00:06, 10.29it/s]
Epoch 1/50 [Train]:  86%|████████▌ | 393/459 [00:38<00:06, 10.34it/s]
Epoch 1/50 [Train]:  86%|████████▌ | 395/459 [00:38<00:06, 10.39it/s]
Epoch 1/50 [Train]:  86%|████████▋ | 397/459 [00:38<00:05, 10.41it/s]
Epoch 1/50 [Train]:  87%|████████▋ | 399/459 [00:39<00:05, 10.41it/s]
Epoch 1/50 [Train]:  87%|████████▋ | 401/459 [00:39<00:05, 10.39it/s]
Epoch 1/50 [Train]:  88%|████████▊ | 403/459 [00:39<00:05, 10.41it/s]
Epoch 1/50 [Train]:  88%|████████▊ | 405/459 [00:39<00:05, 10.31it/s]
Epoch 1/50 [Train]:  89%|████████▊ | 407/459 [00:39<00:05, 10.30it/s]
Epoch 1/50 [Train]:  89%|████████▉ | 409/459 [00:40<00:04, 10.26it/s]
Epoch 1/50 [Train]:  90%|████████▉ | 411/459 [00:40<00:04, 10.26it/s]
Epoch 1/50 [Train]:  90%|████████▉ | 413/459 [00:40<00:04, 10.35it/s]
Epoch 1/50 [Train]:  90%|█████████ | 415/459 [00:40<00:04, 10.43it/s]
Epoch 1/50 [Train]:  91%|█████████ | 417/459 [00:40<00:04, 10.35it/s]
Epoch 1/50 [Train]:  91%|█████████▏| 419/459 [00:40<00:03, 10.41it/s]
Epoch 1/50 [Train]:  92%|█████████▏| 421/459 [00:41<00:03, 10.35it/s]
Epoch 1/50 [Train]:  92%|█████████▏| 423/459 [00:41<00:03, 10.36it/s]
Epoch 1/50 [Train]:  93%|█████████▎| 425/459 [00:41<00:03, 10.39it/s]
Epoch 1/50 [Train]:  93%|█████████▎| 427/459 [00:41<00:03, 10.27it/s]
Epoch 1/50 [Train]:  93%|█████████▎| 429/459 [00:41<00:02, 10.37it/s]
Epoch 1/50 [Train]:  94%|█████████▍| 431/459 [00:42<00:02, 10.42it/s]
Epoch 1/50 [Train]:  94%|█████████▍| 433/459 [00:42<00:02, 10.39it/s]
Epoch 1/50 [Train]:  95%|█████████▍| 435/459 [00:42<00:02, 10.39it/s]
Epoch 1/50 [Train]:  95%|█████████▌| 437/459 [00:42<00:02, 10.44it/s]
Epoch 1/50 [Train]:  96%|█████████▌| 439/459 [00:42<00:01, 10.42it/s]
Epoch 1/50 [Train]:  96%|█████████▌| 441/459 [00:43<00:01, 10.46it/s]
Epoch 1/50 [Train]:  97%|█████████▋| 443/459 [00:43<00:01, 10.38it/s]
Epoch 1/50 [Train]:  97%|█████████▋| 445/459 [00:43<00:01, 10.37it/s]
Epoch 1/50 [Train]:  97%|█████████▋| 447/459 [00:43<00:01, 10.42it/s]
Epoch 1/50 [Train]:  98%|█████████▊| 449/459 [00:43<00:00, 10.35it/s]
Epoch 1/50 [Train]:  98%|█████████▊| 451/459 [00:44<00:00, 10.30it/s]
Epoch 1/50 [Train]:  99%|█████████▊| 453/459 [00:44<00:00, 10.27it/s]
Epoch 1/50 [Train]:  99%|█████████▉| 455/459 [00:44<00:00, 10.23it/s]
Epoch 1/50 [Train]: 100%|█████████▉| 457/459 [00:44<00:00, 10.24it/s]
Epoch 1/50 [Train]: 100%|██████████| 459/459 [00:44<00:00, 10.29it/s]
                                                                     

Epoch 1/50 [Val]:   0%|          | 0/113 [00:00<?, ?it/s]
Epoch 1/50 [Val]:   2%|▏         | 2/113 [00:00<00:08, 13.24it/s]
Epoch 1/50 [Val]:   4%|▎         | 4/113 [00:00<00:07, 13.70it/s]
Epoch 1/50 [Val]:   5%|▌         | 6/113 [00:00<00:07, 13.77it/s]
Epoch 1/50 [Val]:   7%|▋         | 8/113 [00:00<00:07, 13.94it/s]
Epoch 1/50 [Val]:   9%|▉         | 10/113 [00:00<00:07, 14.20it/s]
Epoch 1/50 [Val]:  11%|█         | 12/113 [00:00<00:07, 14.27it/s]
Epoch 1/50 [Val]:  12%|█▏        | 14/113 [00:00<00:06, 14.23it/s]
Epoch 1/50 [Val]:  14%|█▍        | 16/113 [00:01<00:07, 13.57it/s]
Epoch 1/50 [Val]:  16%|█▌        | 18/113 [00:01<00:07, 13.44it/s]
Epoch 1/50 [Val]:  18%|█▊        | 20/113 [00:01<00:07, 13.18it/s]
Epoch 1/50 [Val]:  19%|█▉        | 22/113 [00:01<00:07, 12.93it/s]
Epoch 1/50 [Val]:  21%|██        | 24/113 [00:01<00:06, 12.76it/s]
Epoch 1/50 [Val]:  23%|██▎       | 26/113 [00:01<00:06, 12.89it/s]
Epoch 1/50 [Val]:  25%|██▍       | 28/113 [00:02<00:06, 12.98it/s]
Epoch 1/50 [Val]:  27%|██▋       | 30/113 [00:02<00:06, 13.18it/s]
Epoch 1/50 [Val]:  28%|██▊       | 32/113 [00:02<00:06, 13.30it/s]
Epoch 1/50 [Val]:  30%|███       | 34/113 [00:02<00:05, 13.50it/s]
Epoch 1/50 [Val]:  32%|███▏      | 36/113 [00:02<00:05, 13.73it/s]
Epoch 1/50 [Val]:  34%|███▎      | 38/113 [00:02<00:05, 13.64it/s]
Epoch 1/50 [Val]:  35%|███▌      | 40/113 [00:02<00:05, 13.73it/s]
Epoch 1/50 [Val]:  37%|███▋      | 42/113 [00:03<00:05, 13.98it/s]
Epoch 1/50 [Val]:  39%|███▉      | 44/113 [00:03<00:04, 13.95it/s]
Epoch 1/50 [Val]:  41%|████      | 46/113 [00:03<00:04, 13.75it/s]
Epoch 1/50 [Val]:  42%|████▏     | 48/113 [00:03<00:04, 13.84it/s]
Epoch 1/50 [Val]:  44%|████▍     | 50/113 [00:03<00:04, 14.00it/s]
Epoch 1/50 [Val]:  46%|████▌     | 52/113 [00:03<00:04, 14.08it/s]
Epoch 1/50 [Val]:  48%|████▊     | 54/113 [00:03<00:04, 14.33it/s]
Epoch 1/50 [Val]:  50%|████▉     | 56/113 [00:04<00:03, 14.35it/s]
Epoch 1/50 [Val]:  51%|█████▏    | 58/113 [00:04<00:03, 14.13it/s]
Epoch 1/50 [Val]:  53%|█████▎    | 60/113 [00:04<00:03, 14.22it/s]
Epoch 1/50 [Val]:  55%|█████▍    | 62/113 [00:04<00:03, 14.24it/s]
Epoch 1/50 [Val]:  57%|█████▋    | 64/113 [00:04<00:03, 14.16it/s]
Epoch 1/50 [Val]:  58%|█████▊    | 66/113 [00:04<00:03, 13.78it/s]
Epoch 1/50 [Val]:  60%|██████    | 68/113 [00:04<00:03, 13.81it/s]
Epoch 1/50 [Val]:  62%|██████▏   | 70/113 [00:05<00:03, 13.88it/s]
Epoch 1/50 [Val]:  64%|██████▎   | 72/113 [00:05<00:02, 13.83it/s]
Epoch 1/50 [Val]:  65%|██████▌   | 74/113 [00:05<00:02, 13.99it/s]
Epoch 1/50 [Val]:  67%|██████▋   | 76/113 [00:05<00:02, 14.06it/s]
Epoch 1/50 [Val]:  69%|██████▉   | 78/113 [00:05<00:02, 14.01it/s]
Epoch 1/50 [Val]:  71%|███████   | 80/113 [00:05<00:02, 14.00it/s]
Epoch 1/50 [Val]:  73%|███████▎  | 82/113 [00:05<00:02, 13.97it/s]
Epoch 1/50 [Val]:  74%|███████▍  | 84/113 [00:06<00:02, 14.13it/s]
Epoch 1/50 [Val]:  76%|███████▌  | 86/113 [00:06<00:01, 14.19it/s]
Epoch 1/50 [Val]:  78%|███████▊  | 88/113 [00:06<00:01, 14.32it/s]
Epoch 1/50 [Val]:  80%|███████▉  | 90/113 [00:06<00:01, 14.56it/s]
Epoch 1/50 [Val]:  81%|████████▏ | 92/113 [00:06<00:01, 14.50it/s]
Epoch 1/50 [Val]:  83%|████████▎ | 94/113 [00:06<00:01, 14.66it/s]
Epoch 1/50 [Val]:  85%|████████▍ | 96/113 [00:06<00:01, 14.73it/s]
Epoch 1/50 [Val]:  87%|████████▋ | 98/113 [00:07<00:01, 14.85it/s]
Epoch 1/50 [Val]:  88%|████████▊ | 100/113 [00:07<00:00, 14.68it/s]
Epoch 1/50 [Val]:  90%|█████████ | 102/113 [00:07<00:00, 14.31it/s]
Epoch 1/50 [Val]:  92%|█████████▏| 104/113 [00:07<00:00, 14.40it/s]
Epoch 1/50 [Val]:  94%|█████████▍| 106/113 [00:07<00:00, 14.42it/s]
Epoch 1/50 [Val]:  96%|█████████▌| 108/113 [00:07<00:00, 14.54it/s]
Epoch 1/50 [Val]:  97%|█████████▋| 110/113 [00:07<00:00, 14.54it/s]
Epoch 1/50 [Val]:  99%|█████████▉| 112/113 [00:08<00:00, 14.63it/s]
                                                                   

Epoch 2/50 [Train]:   0%|          | 0/459 [00:00<?, ?it/s]
Epoch 2/50 [Train]:   0%|          | 1/459 [00:00<00:46,  9.80it/s]
Epoch 2/50 [Train]:   0%|          | 2/459 [00:00<00:46,  9.92it/s]
Epoch 2/50 [Train]:   1%|          | 4/459 [00:00<00:44, 10.26it/s]
Epoch 2/50 [Train]:   1%|▏         | 6/459 [00:00<00:43, 10.30it/s]
Epoch 2/50 [Train]:   2%|▏         | 8/459 [00:00<00:44, 10.23it/s]
Epoch 2/50 [Train]:   2%|▏         | 10/459 [00:00<00:43, 10.38it/s]
Epoch 2/50 [Train]:   3%|▎         | 12/459 [00:01<00:43, 10.32it/s]
Epoch 2/50 [Train]:   3%|▎         | 14/459 [00:01<00:42, 10.35it/s]
Epoch 2/50 [Train]:   3%|▎         | 16/459 [00:01<00:42, 10.38it/s]
Epoch 2/50 [Train]:   4%|▍         | 18/459 [00:01<00:42, 10.40it/s]
Epoch 2/50 [Train]:   4%|▍         | 20/459 [00:01<00:41, 10.48it/s]
Epoch 2/50 [Train]:   5%|▍         | 22/459 [00:02<00:42, 10.37it/s]
Epoch 2/50 [Train]:   5%|▌         | 24/459 [00:02<00:41, 10.46it/s]
Epoch 2/50 [Train]:   6%|▌         | 26/459 [00:02<00:41, 10.51it/s]
Epoch 2/50 [Train]:   6%|▌         | 28/459 [00:02<00:41, 10.50it/s]
Epoch 2/50 [Train]:   7%|▋         | 30/459 [00:02<00:40, 10.47it/s]
Epoch 2/50 [Train]:   7%|▋         | 32/459 [00:03<00:40, 10.49it/s]
Epoch 2/50 [Train]:   7%|▋         | 34/459 [00:03<00:40, 10.49it/s]
Epoch 2/50 [Train]:   8%|▊         | 36/459 [00:03<00:40, 10.50it/s]
Epoch 2/50 [Train]:   8%|▊         | 38/459 [00:03<00:40, 10.47it/s]
Epoch 2/50 [Train]:   9%|▊         | 40/459 [00:03<00:40, 10.45it/s]
Epoch 2/50 [Train]:   9%|▉         | 42/459 [00:04<00:40, 10.28it/s]
Epoch 2/50 [Train]:  10%|▉         | 44/459 [00:04<00:40, 10.24it/s]
Epoch 2/50 [Train]:  10%|█         | 46/459 [00:04<00:39, 10.33it/s]
Epoch 2/50 [Train]:  10%|█         | 48/459 [00:04<00:39, 10.38it/s]
Epoch 2/50 [Train]:  11%|█         | 50/459 [00:04<00:39, 10.37it/s]
Epoch 2/50 [Train]:  11%|█▏        | 52/459 [00:05<00:39, 10.40it/s]
Epoch 2/50 [Train]:  12%|█▏        | 54/459 [00:05<00:38, 10.44it/s]
Epoch 2/50 [Train]:  12%|█▏        | 56/459 [00:05<00:38, 10.38it/s]
Epoch 2/50 [Train]:  13%|█▎        | 58/459 [00:05<00:38, 10.40it/s]
Epoch 2/50 [Train]:  13%|█▎        | 60/459 [00:05<00:38, 10.35it/s]
Epoch 2/50 [Train]:  14%|█▎        | 62/459 [00:05<00:38, 10.37it/s]
Epoch 2/50 [Train]:  14%|█▍        | 64/459 [00:06<00:38, 10.28it/s]
Epoch 2/50 [Train]:  14%|█▍        | 66/459 [00:06<00:38, 10.32it/s]
Epoch 2/50 [Train]:  15%|█▍        | 68/459 [00:06<00:37, 10.35it/s]
Epoch 2/50 [Train]:  15%|█▌        | 70/459 [00:06<00:37, 10.30it/s]
Epoch 2/50 [Train]:  16%|█▌        | 72/459 [00:06<00:37, 10.34it/s]
Epoch 2/50 [Train]:  16%|█▌        | 74/459 [00:07<00:37, 10.32it/s]
Epoch 2/50 [Train]:  17%|█▋        | 76/459 [00:07<00:37, 10.33it/s]
Epoch 2/50 [Train]:  17%|█▋        | 78/459 [00:07<00:36, 10.39it/s]
Epoch 2/50 [Train]:  17%|█▋        | 80/459 [00:07<00:36, 10.46it/s]
Epoch 2/50 [Train]:  18%|█▊        | 82/459 [00:07<00:36, 10.44it/s]
Epoch 2/50 [Train]:  18%|█▊        | 84/459 [00:08<00:36, 10.40it/s]
Epoch 2/50 [Train]:  19%|█▊        | 86/459 [00:08<00:35, 10.39it/s]
Epoch 2/50 [Train]:  19%|█▉        | 88/459 [00:08<00:35, 10.31it/s]
Epoch 2/50 [Train]:  20%|█▉        | 90/459 [00:08<00:35, 10.33it/s]
Epoch 2/50 [Train]:  20%|██        | 92/459 [00:08<00:35, 10.33it/s]
Epoch 2/50 [Train]:  20%|██        | 94/459 [00:09<00:35, 10.37it/s]
Epoch 2/50 [Train]:  21%|██        | 96/459 [00:09<00:34, 10.37it/s]
Epoch 2/50 [Train]:  21%|██▏       | 98/459 [00:09<00:34, 10.35it/s]
Epoch 2/50 [Train]:  22%|██▏       | 100/459 [00:09<00:34, 10.36it/s]
Epoch 2/50 [Train]:  22%|██▏       | 102/459 [00:09<00:34, 10.40it/s]
Epoch 2/50 [Train]:  23%|██▎       | 104/459 [00:10<00:34, 10.33it/s]
Epoch 2/50 [Train]:  23%|██▎       | 106/459 [00:10<00:34, 10.35it/s]
Epoch 2/50 [Train]:  24%|██▎       | 108/459 [00:10<00:34, 10.32it/s]
Epoch 2/50 [Train]:  24%|██▍       | 110/459 [00:10<00:33, 10.38it/s]
Epoch 2/50 [Train]:  24%|██▍       | 112/459 [00:10<00:33, 10.34it/s]
Epoch 2/50 [Train]:  25%|██▍       | 114/459 [00:10<00:33, 10.38it/s]
Epoch 2/50 [Train]:  25%|██▌       | 116/459 [00:11<00:33, 10.36it/s]
Epoch 2/50 [Train]:  26%|██▌       | 118/459 [00:11<00:33, 10.32it/s]
Epoch 2/50 [Train]:  26%|██▌       | 120/459 [00:11<00:33, 10.27it/s]
Epoch 2/50 [Train]:  27%|██▋       | 122/459 [00:11<00:32, 10.21it/s]
Epoch 2/50 [Train]:  27%|██▋       | 124/459 [00:11<00:32, 10.32it/s]
Epoch 2/50 [Train]:  27%|██▋       | 126/459 [00:12<00:32, 10.23it/s]
Epoch 2/50 [Train]:  28%|██▊       | 128/459 [00:12<00:32, 10.31it/s]
Epoch 2/50 [Train]:  28%|██▊       | 130/459 [00:12<00:32, 10.23it/s]
Epoch 2/50 [Train]:  29%|██▉       | 132/459 [00:12<00:31, 10.25it/s]
Epoch 2/50 [Train]:  29%|██▉       | 134/459 [00:12<00:31, 10.18it/s]
Epoch 2/50 [Train]:  30%|██▉       | 136/459 [00:13<00:31, 10.21it/s]
Epoch 2/50 [Train]:  30%|███       | 138/459 [00:13<00:31, 10.32it/s]
Epoch 2/50 [Train]:  31%|███       | 140/459 [00:13<00:30, 10.34it/s]
Epoch 2/50 [Train]:  31%|███       | 142/459 [00:13<00:30, 10.39it/s]
Epoch 2/50 [Train]:  31%|███▏      | 144/459 [00:13<00:30, 10.33it/s]
Epoch 2/50 [Train]:  32%|███▏      | 146/459 [00:14<00:30, 10.41it/s]
Epoch 2/50 [Train]:  32%|███▏      | 148/459 [00:14<00:29, 10.41it/s]
Epoch 2/50 [Train]:  33%|███▎      | 150/459 [00:14<00:29, 10.47it/s]
Epoch 2/50 [Train]:  33%|███▎      | 152/459 [00:14<00:29, 10.51it/s]
Epoch 2/50 [Train]:  34%|███▎      | 154/459 [00:14<00:29, 10.38it/s]
Epoch 2/50 [Train]:  34%|███▍      | 156/459 [00:15<00:29, 10.36it/s]
Epoch 2/50 [Train]:  34%|███▍      | 158/459 [00:15<00:28, 10.42it/s]
Epoch 2/50 [Train]:  35%|███▍      | 160/459 [00:15<00:28, 10.39it/s]
Epoch 2/50 [Train]:  35%|███▌      | 162/459 [00:15<00:28, 10.32it/s]
Epoch 2/50 [Train]:  36%|███▌      | 164/459 [00:15<00:28, 10.37it/s]
Epoch 2/50 [Train]:  36%|███▌      | 166/459 [00:16<00:28, 10.36it/s]
Epoch 2/50 [Train]:  37%|███▋      | 168/459 [00:16<00:27, 10.44it/s]
Epoch 2/50 [Train]:  37%|███▋      | 170/459 [00:16<00:27, 10.41it/s]
Epoch 2/50 [Train]:  37%|███▋      | 172/459 [00:16<00:27, 10.44it/s]
Epoch 2/50 [Train]:  38%|███▊      | 174/459 [00:16<00:27, 10.39it/s]
Epoch 2/50 [Train]:  38%|███▊      | 176/459 [00:16<00:27, 10.40it/s]
Epoch 2/50 [Train]:  39%|███▉      | 178/459 [00:17<00:27, 10.40it/s]
Epoch 2/50 [Train]:  39%|███▉      | 180/459 [00:17<00:26, 10.45it/s]
Epoch 2/50 [Train]:  40%|███▉      | 182/459 [00:17<00:26, 10.45it/s]
Epoch 2/50 [Train]:  40%|████      | 184/459 [00:17<00:26, 10.32it/s]
Epoch 2/50 [Train]:  41%|████      | 186/459 [00:17<00:26, 10.32it/s]
Epoch 2/50 [Train]:  41%|████      | 188/459 [00:18<00:26, 10.36it/s]
Epoch 2/50 [Train]:  41%|████▏     | 190/459 [00:18<00:25, 10.39it/s]
Epoch 2/50 [Train]:  42%|████▏     | 192/459 [00:18<00:25, 10.43it/s]
Epoch 2/50 [Train]:  42%|████▏     | 194/459 [00:18<00:25, 10.42it/s]
Epoch 2/50 [Train]:  43%|████▎     | 196/459 [00:18<00:25, 10.42it/s]
Epoch 2/50 [Train]:  43%|████▎     | 198/459 [00:19<00:24, 10.47it/s]
Epoch 2/50 [Train]:  44%|████▎     | 200/459 [00:19<00:24, 10.40it/s]
Epoch 2/50 [Train]:  44%|████▍     | 202/459 [00:19<00:24, 10.41it/s]
Epoch 2/50 [Train]:  44%|████▍     | 204/459 [00:19<00:24, 10.37it/s]
Epoch 2/50 [Train]:  45%|████▍     | 206/459 [00:19<00:24, 10.26it/s]
Epoch 2/50 [Train]:  45%|████▌     | 208/459 [00:20<00:24, 10.23it/s]
Epoch 2/50 [Train]:  46%|████▌     | 210/459 [00:20<00:24, 10.26it/s]
Epoch 2/50 [Train]:  46%|████▌     | 212/459 [00:20<00:24, 10.29it/s]
Epoch 2/50 [Train]:  47%|████▋     | 214/459 [00:20<00:23, 10.36it/s]
Epoch 2/50 [Train]:  47%|████▋     | 216/459 [00:20<00:23, 10.39it/s]
Epoch 2/50 [Train]:  47%|████▋     | 218/459 [00:21<00:23, 10.27it/s]
Epoch 2/50 [Train]:  48%|████▊     | 220/459 [00:21<00:23, 10.11it/s]
Epoch 2/50 [Train]:  48%|████▊     | 222/459 [00:21<00:23, 10.11it/s]
Epoch 2/50 [Train]:  49%|████▉     | 224/459 [00:21<00:23, 10.15it/s]
Epoch 2/50 [Train]:  49%|████▉     | 226/459 [00:21<00:22, 10.22it/s]
Epoch 2/50 [Train]:  50%|████▉     | 228/459 [00:22<00:22, 10.31it/s]
Epoch 2/50 [Train]:  50%|█████     | 230/459 [00:22<00:22, 10.37it/s]
Epoch 2/50 [Train]:  51%|█████     | 232/459 [00:22<00:21, 10.38it/s]
Epoch 2/50 [Train]:  51%|█████     | 234/459 [00:22<00:21, 10.44it/s]
Epoch 2/50 [Train]:  51%|█████▏    | 236/459 [00:22<00:21, 10.35it/s]
Epoch 2/50 [Train]:  52%|█████▏    | 238/459 [00:22<00:21, 10.40it/s]
Epoch 2/50 [Train]:  52%|█████▏    | 240/459 [00:23<00:20, 10.43it/s]
Epoch 2/50 [Train]:  53%|█████▎    | 242/459 [00:23<00:20, 10.40it/s]
Epoch 2/50 [Train]:  53%|█████▎    | 244/459 [00:23<00:20, 10.44it/s]
Epoch 2/50 [Train]:  54%|█████▎    | 246/459 [00:23<00:20, 10.40it/s]
Epoch 2/50 [Train]:  54%|█████▍    | 248/459 [00:23<00:20, 10.43it/s]
Epoch 2/50 [Train]:  54%|█████▍    | 250/459 [00:24<00:20, 10.39it/s]
Epoch 2/50 [Train]:  55%|█████▍    | 252/459 [00:24<00:20, 10.30it/s]
Epoch 2/50 [Train]:  55%|█████▌    | 254/459 [00:24<00:19, 10.37it/s]
Epoch 2/50 [Train]:  56%|█████▌    | 256/459 [00:24<00:19, 10.38it/s]
Epoch 2/50 [Train]:  56%|█████▌    | 258/459 [00:24<00:19, 10.30it/s]
Epoch 2/50 [Train]:  57%|█████▋    | 260/459 [00:25<00:19, 10.37it/s]
Epoch 2/50 [Train]:  57%|█████▋    | 262/459 [00:25<00:19, 10.34it/s]
Epoch 2/50 [Train]:  58%|█████▊    | 264/459 [00:25<00:18, 10.30it/s]
Epoch 2/50 [Train]:  58%|█████▊    | 266/459 [00:25<00:18, 10.20it/s]
Epoch 2/50 [Train]:  58%|█████▊    | 268/459 [00:25<00:18, 10.25it/s]
Epoch 2/50 [Train]:  59%|█████▉    | 270/459 [00:26<00:18, 10.27it/s]
Epoch 2/50 [Train]:  59%|█████▉    | 272/459 [00:26<00:18, 10.35it/s]
Epoch 2/50 [Train]:  60%|█████▉    | 274/459 [00:26<00:17, 10.38it/s]
Epoch 2/50 [Train]:  60%|██████    | 276/459 [00:26<00:17, 10.42it/s]
Epoch 2/50 [Train]:  61%|██████    | 278/459 [00:26<00:17, 10.38it/s]
Epoch 2/50 [Train]:  61%|██████    | 280/459 [00:27<00:17, 10.39it/s]
Epoch 2/50 [Train]:  61%|██████▏   | 282/459 [00:27<00:17, 10.38it/s]
Epoch 2/50 [Train]:  62%|██████▏   | 284/459 [00:27<00:16, 10.36it/s]
Epoch 2/50 [Train]:  62%|██████▏   | 286/459 [00:27<00:16, 10.37it/s]
Epoch 2/50 [Train]:  63%|██████▎   | 288/459 [00:27<00:16, 10.43it/s]
Epoch 2/50 [Train]:  63%|██████▎   | 290/459 [00:27<00:16, 10.44it/s]
Epoch 2/50 [Train]:  64%|██████▎   | 292/459 [00:28<00:16, 10.40it/s]
Epoch 2/50 [Train]:  64%|██████▍   | 294/459 [00:28<00:15, 10.40it/s]
Epoch 2/50 [Train]:  64%|██████▍   | 296/459 [00:28<00:15, 10.42it/s]
Epoch 2/50 [Train]:  65%|██████▍   | 298/459 [00:28<00:15, 10.38it/s]
Epoch 2/50 [Train]:  65%|██████▌   | 300/459 [00:28<00:15, 10.37it/s]
Epoch 2/50 [Train]:  66%|██████▌   | 302/459 [00:29<00:15, 10.29it/s]
Epoch 2/50 [Train]:  66%|██████▌   | 304/459 [00:29<00:15, 10.21it/s]
Epoch 2/50 [Train]:  67%|██████▋   | 306/459 [00:29<00:14, 10.28it/s]
Epoch 2/50 [Train]:  67%|██████▋   | 308/459 [00:29<00:14, 10.22it/s]
Epoch 2/50 [Train]:  68%|██████▊   | 310/459 [00:29<00:14, 10.27it/s]
Epoch 2/50 [Train]:  68%|██████▊   | 312/459 [00:30<00:14, 10.30it/s]
Epoch 2/50 [Train]:  68%|██████▊   | 314/459 [00:30<00:13, 10.38it/s]
Epoch 2/50 [Train]:  69%|██████▉   | 316/459 [00:30<00:13, 10.30it/s]
Epoch 2/50 [Train]:  69%|██████▉   | 318/459 [00:30<00:13, 10.33it/s]
Epoch 2/50 [Train]:  70%|██████▉   | 320/459 [00:30<00:13, 10.41it/s]
Epoch 2/50 [Train]:  70%|███████   | 322/459 [00:31<00:13, 10.36it/s]
Epoch 2/50 [Train]:  71%|███████   | 324/459 [00:31<00:13, 10.38it/s]
Epoch 2/50 [Train]:  71%|███████   | 326/459 [00:31<00:12, 10.41it/s]
Epoch 2/50 [Train]:  71%|███████▏  | 328/459 [00:31<00:12, 10.38it/s]
Epoch 2/50 [Train]:  72%|███████▏  | 330/459 [00:31<00:12, 10.16it/s]
Epoch 2/50 [Train]:  72%|███████▏  | 332/459 [00:32<00:12, 10.27it/s]
Epoch 2/50 [Train]:  73%|███████▎  | 334/459 [00:32<00:12, 10.40it/s]
Epoch 2/50 [Train]:  73%|███████▎  | 336/459 [00:32<00:11, 10.31it/s]
Epoch 2/50 [Train]:  74%|███████▎  | 338/459 [00:32<00:11, 10.38it/s]
Epoch 2/50 [Train]:  74%|███████▍  | 340/459 [00:32<00:11, 10.42it/s]
Epoch 2/50 [Train]:  75%|███████▍  | 342/459 [00:33<00:11, 10.39it/s]
Epoch 2/50 [Train]:  75%|███████▍  | 344/459 [00:33<00:11, 10.30it/s]
Epoch 2/50 [Train]:  75%|███████▌  | 346/459 [00:33<00:11, 10.22it/s]
Epoch 2/50 [Train]:  76%|███████▌  | 348/459 [00:33<00:10, 10.28it/s]
Epoch 2/50 [Train]:  76%|███████▋  | 350/459 [00:33<00:10, 10.35it/s]
Epoch 2/50 [Train]:  77%|███████▋  | 352/459 [00:33<00:10, 10.42it/s]
Epoch 2/50 [Train]:  77%|███████▋  | 354/459 [00:34<00:10, 10.33it/s]
Epoch 2/50 [Train]:  78%|███████▊  | 356/459 [00:34<00:09, 10.32it/s]
Epoch 2/50 [Train]:  78%|███████▊  | 358/459 [00:34<00:09, 10.33it/s]
Epoch 2/50 [Train]:  78%|███████▊  | 360/459 [00:34<00:09, 10.30it/s]
Epoch 2/50 [Train]:  79%|███████▉  | 362/459 [00:34<00:09, 10.34it/s]
Epoch 2/50 [Train]:  79%|███████▉  | 364/459 [00:35<00:09, 10.31it/s]
Epoch 2/50 [Train]:  80%|███████▉  | 366/459 [00:35<00:09, 10.33it/s]
Epoch 2/50 [Train]:  80%|████████  | 368/459 [00:35<00:08, 10.39it/s]
Epoch 2/50 [Train]:  81%|████████  | 370/459 [00:35<00:08, 10.36it/s]
Epoch 2/50 [Train]:  81%|████████  | 372/459 [00:35<00:08, 10.41it/s]
Epoch 2/50 [Train]:  81%|████████▏ | 374/459 [00:36<00:08, 10.35it/s]
Epoch 2/50 [Train]:  82%|████████▏ | 376/459 [00:36<00:08, 10.36it/s]
Epoch 2/50 [Train]:  82%|████████▏ | 378/459 [00:36<00:07, 10.37it/s]
Epoch 2/50 [Train]:  83%|████████▎ | 380/459 [00:36<00:07, 10.38it/s]
Epoch 2/50 [Train]:  83%|████████▎ | 382/459 [00:36<00:07, 10.32it/s]
Epoch 2/50 [Train]:  84%|████████▎ | 384/459 [00:37<00:07, 10.29it/s]
Epoch 2/50 [Train]:  84%|████████▍ | 386/459 [00:37<00:07, 10.32it/s]
Epoch 2/50 [Train]:  85%|████████▍ | 388/459 [00:37<00:06, 10.36it/s]
Epoch 2/50 [Train]:  85%|████████▍ | 390/459 [00:37<00:06, 10.36it/s]
Epoch 2/50 [Train]:  85%|████████▌ | 392/459 [00:37<00:06, 10.36it/s]
Epoch 2/50 [Train]:  86%|████████▌ | 394/459 [00:38<00:06, 10.36it/s]
Epoch 2/50 [Train]:  86%|████████▋ | 396/459 [00:38<00:06, 10.40it/s]
Epoch 2/50 [Train]:  87%|████████▋ | 398/459 [00:38<00:05, 10.38it/s]
Epoch 2/50 [Train]:  87%|████████▋ | 400/459 [00:38<00:05, 10.27it/s]
Epoch 2/50 [Train]:  88%|████████▊ | 402/459 [00:38<00:05, 10.34it/s]
Epoch 2/50 [Train]:  88%|████████▊ | 404/459 [00:39<00:05, 10.38it/s]
Epoch 2/50 [Train]:  88%|████████▊ | 406/459 [00:39<00:05, 10.37it/s]
Epoch 2/50 [Train]:  89%|████████▉ | 408/459 [00:39<00:04, 10.41it/s]
Epoch 2/50 [Train]:  89%|████████▉ | 410/459 [00:39<00:04, 10.41it/s]
Epoch 2/50 [Train]:  90%|████████▉ | 412/459 [00:39<00:04, 10.38it/s]
Epoch 2/50 [Train]:  90%|█████████ | 414/459 [00:39<00:04, 10.38it/s]
Epoch 2/50 [Train]:  91%|█████████ | 416/459 [00:40<00:04, 10.37it/s]
Epoch 2/50 [Train]:  91%|█████████ | 418/459 [00:40<00:03, 10.39it/s]
Epoch 2/50 [Train]:  92%|█████████▏| 420/459 [00:40<00:03, 10.37it/s]
Epoch 2/50 [Train]:  92%|█████████▏| 422/459 [00:40<00:03, 10.27it/s]
Epoch 2/50 [Train]:  92%|█████████▏| 424/459 [00:40<00:03, 10.30it/s]
Epoch 2/50 [Train]:  93%|█████████▎| 426/459 [00:41<00:03, 10.33it/s]
Epoch 2/50 [Train]:  93%|█████████▎| 428/459 [00:41<00:02, 10.39it/s]
Epoch 2/50 [Train]:  94%|█████████▎| 430/459 [00:41<00:02, 10.35it/s]
Epoch 2/50 [Train]:  94%|█████████▍| 432/459 [00:41<00:02, 10.40it/s]
Epoch 2/50 [Train]:  95%|█████████▍| 434/459 [00:41<00:02, 10.46it/s]
Epoch 2/50 [Train]:  95%|█████████▍| 436/459 [00:42<00:02, 10.40it/s]
Epoch 2/50 [Train]:  95%|█████████▌| 438/459 [00:42<00:02, 10.41it/s]
Epoch 2/50 [Train]:  96%|█████████▌| 440/459 [00:42<00:01, 10.34it/s]
Epoch 2/50 [Train]:  96%|█████████▋| 442/459 [00:42<00:01, 10.43it/s]
Epoch 2/50 [Train]:  97%|█████████▋| 444/459 [00:42<00:01, 10.43it/s]
Epoch 2/50 [Train]:  97%|█████████▋| 446/459 [00:43<00:01, 10.41it/s]
Epoch 2/50 [Train]:  98%|█████████▊| 448/459 [00:43<00:01, 10.29it/s]
Epoch 2/50 [Train]:  98%|█████████▊| 450/459 [00:43<00:00, 10.35it/s]
Epoch 2/50 [Train]:  98%|█████████▊| 452/459 [00:43<00:00, 10.29it/s]
Epoch 2/50 [Train]:  99%|█████████▉| 454/459 [00:43<00:00, 10.30it/s]
Epoch 2/50 [Train]:  99%|█████████▉| 456/459 [00:44<00:00, 10.25it/s]
Epoch 2/50 [Train]: 100%|█████████▉| 458/459 [00:44<00:00, 10.33it/s]
                                                                     

Epoch 2/50 [Val]:   0%|          | 0/113 [00:00<?, ?it/s]
Epoch 2/50 [Val]:   2%|▏         | 2/113 [00:00<00:07, 14.24it/s]
Epoch 2/50 [Val]:   4%|▎         | 4/113 [00:00<00:07, 14.09it/s]
Epoch 2/50 [Val]:   5%|▌         | 6/113 [00:00<00:07, 13.94it/s]
Epoch 2/50 [Val]:   7%|▋         | 8/113 [00:00<00:07, 14.11it/s]
Epoch 2/50 [Val]:   9%|▉         | 10/113 [00:00<00:07, 14.39it/s]
Epoch 2/50 [Val]:  11%|█         | 12/113 [00:00<00:07, 14.18it/s]
Epoch 2/50 [Val]:  12%|█▏        | 14/113 [00:00<00:07, 14.07it/s]
Epoch 2/50 [Val]:  14%|█▍        | 16/113 [00:01<00:07, 13.69it/s]
Epoch 2/50 [Val]:  16%|█▌        | 18/113 [00:01<00:07, 13.39it/s]
Epoch 2/50 [Val]:  18%|█▊        | 20/113 [00:01<00:07, 13.14it/s]
Epoch 2/50 [Val]:  19%|█▉        | 22/113 [00:01<00:07, 12.92it/s]
Epoch 2/50 [Val]:  21%|██        | 24/113 [00:01<00:06, 12.94it/s]
Epoch 2/50 [Val]:  23%|██▎       | 26/113 [00:01<00:06, 13.03it/s]
Epoch 2/50 [Val]:  25%|██▍       | 28/113 [00:02<00:06, 13.09it/s]
Epoch 2/50 [Val]:  27%|██▋       | 30/113 [00:02<00:06, 13.15it/s]
Epoch 2/50 [Val]:  28%|██▊       | 32/113 [00:02<00:06, 13.35it/s]
Epoch 2/50 [Val]:  30%|███       | 34/113 [00:02<00:05, 13.45it/s]
Epoch 2/50 [Val]:  32%|███▏      | 36/113 [00:02<00:05, 13.62it/s]
Epoch 2/50 [Val]:  34%|███▎      | 38/113 [00:02<00:05, 13.67it/s]
Epoch 2/50 [Val]:  35%|███▌      | 40/113 [00:02<00:05, 13.84it/s]
Epoch 2/50 [Val]:  37%|███▋      | 42/113 [00:03<00:05, 13.84it/s]
Epoch 2/50 [Val]:  39%|███▉      | 44/113 [00:03<00:05, 13.79it/s]
Epoch 2/50 [Val]:  41%|████      | 46/113 [00:03<00:04, 13.70it/s]
Epoch 2/50 [Val]:  42%|████▏     | 48/113 [00:03<00:04, 13.90it/s]
Epoch 2/50 [Val]:  44%|████▍     | 50/113 [00:03<00:04, 14.03it/s]
Epoch 2/50 [Val]:  46%|████▌     | 52/113 [00:03<00:04, 13.99it/s]
Epoch 2/50 [Val]:  48%|████▊     | 54/113 [00:03<00:04, 14.27it/s]
Epoch 2/50 [Val]:  50%|████▉     | 56/113 [00:04<00:04, 14.13it/s]
Epoch 2/50 [Val]:  51%|█████▏    | 58/113 [00:04<00:04, 13.66it/s]
Epoch 2/50 [Val]:  53%|█████▎    | 60/113 [00:04<00:03, 13.83it/s]
Epoch 2/50 [Val]:  55%|█████▍    | 62/113 [00:04<00:03, 13.91it/s]
Epoch 2/50 [Val]:  57%|█████▋    | 64/113 [00:04<00:03, 13.97it/s]
Epoch 2/50 [Val]:  58%|█████▊    | 66/113 [00:04<00:03, 13.75it/s]
Epoch 2/50 [Val]:  60%|██████    | 68/113 [00:04<00:03, 13.76it/s]
Epoch 2/50 [Val]:  62%|██████▏   | 70/113 [00:05<00:03, 13.77it/s]
Epoch 2/50 [Val]:  64%|██████▎   | 72/113 [00:05<00:02, 13.89it/s]
Epoch 2/50 [Val]:  65%|██████▌   | 74/113 [00:05<00:02, 13.75it/s]
Epoch 2/50 [Val]:  67%|██████▋   | 76/113 [00:05<00:02, 13.89it/s]
Epoch 2/50 [Val]:  69%|██████▉   | 78/113 [00:05<00:02, 13.95it/s]
Epoch 2/50 [Val]:  71%|███████   | 80/113 [00:05<00:02, 13.96it/s]
Epoch 2/50 [Val]:  73%|███████▎  | 82/113 [00:05<00:02, 13.79it/s]
Epoch 2/50 [Val]:  74%|███████▍  | 84/113 [00:06<00:02, 13.89it/s]
Epoch 2/50 [Val]:  76%|███████▌  | 86/113 [00:06<00:01, 13.92it/s]
Epoch 2/50 [Val]:  78%|███████▊  | 88/113 [00:06<00:01, 14.02it/s]
Epoch 2/50 [Val]:  80%|███████▉  | 90/113 [00:06<00:01, 14.17it/s]
Epoch 2/50 [Val]:  81%|████████▏ | 92/113 [00:06<00:01, 14.02it/s]
Epoch 2/50 [Val]:  83%|████████▎ | 94/113 [00:06<00:01, 13.92it/s]
Epoch 2/50 [Val]:  85%|████████▍ | 96/113 [00:06<00:01, 14.16it/s]
Epoch 2/50 [Val]:  87%|████████▋ | 98/113 [00:07<00:01, 14.27it/s]
Epoch 2/50 [Val]:  88%|████████▊ | 100/113 [00:07<00:00, 13.94it/s]
Epoch 2/50 [Val]:  90%|█████████ | 102/113 [00:07<00:00, 13.59it/s]
Epoch 2/50 [Val]:  92%|█████████▏| 104/113 [00:07<00:00, 13.90it/s]
Epoch 2/50 [Val]:  94%|█████████▍| 106/113 [00:07<00:00, 13.90it/s]
Epoch 2/50 [Val]:  96%|█████████▌| 108/113 [00:07<00:00, 13.99it/s]
Epoch 2/50 [Val]:  97%|█████████▋| 110/113 [00:07<00:00, 14.18it/s]
Epoch 2/50 [Val]:  99%|█████████▉| 112/113 [00:08<00:00, 14.29it/s]
                                                                   

Epoch 3/50 [Train]:   0%|          | 0/459 [00:00<?, ?it/s]
Epoch 3/50 [Train]:   0%|          | 2/459 [00:00<00:46,  9.90it/s]
Epoch 3/50 [Train]:   1%|          | 4/459 [00:00<00:45, 10.06it/s]
Epoch 3/50 [Train]:   1%|▏         | 6/459 [00:00<00:44, 10.11it/s]
Epoch 3/50 [Train]:   2%|▏         | 8/459 [00:00<00:44, 10.23it/s]
Epoch 3/50 [Train]:   2%|▏         | 10/459 [00:00<00:44, 10.20it/s]
Epoch 3/50 [Train]:   3%|▎         | 12/459 [00:01<00:44, 10.13it/s]
Epoch 3/50 [Train]:   3%|▎         | 14/459 [00:01<00:43, 10.23it/s]
Epoch 3/50 [Train]:   3%|▎         | 16/459 [00:01<00:43, 10.27it/s]
Epoch 3/50 [Train]:   4%|▍         | 18/459 [00:01<00:42, 10.32it/s]
Epoch 3/50 [Train]:   4%|▍         | 20/459 [00:01<00:42, 10.36it/s]
Epoch 3/50 [Train]:   5%|▍         | 22/459 [00:02<00:42, 10.34it/s]
Epoch 3/50 [Train]:   5%|▌         | 24/459 [00:02<00:41, 10.37it/s]
Epoch 3/50 [Train]:   6%|▌         | 26/459 [00:02<00:41, 10.43it/s]
Epoch 3/50 [Train]:   6%|▌         | 28/459 [00:02<00:41, 10.40it/s]
Epoch 3/50 [Train]:   7%|▋         | 30/459 [00:02<00:41, 10.43it/s]
Epoch 3/50 [Train]:   7%|▋         | 32/459 [00:03<00:40, 10.43it/s]
Epoch 3/50 [Train]:   7%|▋         | 34/459 [00:03<00:40, 10.37it/s]
Epoch 3/50 [Train]:   8%|▊         | 36/459 [00:03<00:40, 10.39it/s]
Epoch 3/50 [Train]:   8%|▊         | 38/459 [00:03<00:40, 10.36it/s]
Epoch 3/50 [Train]:   9%|▊         | 40/459 [00:03<00:40, 10.35it/s]
Epoch 3/50 [Train]:   9%|▉         | 42/459 [00:04<00:40, 10.42it/s]
Epoch 3/50 [Train]:  10%|▉         | 44/459 [00:04<00:39, 10.41it/s]
Epoch 3/50 [Train]:  10%|█         | 46/459 [00:04<00:39, 10.45it/s]
Epoch 3/50 [Train]:  10%|█         | 48/459 [00:04<00:39, 10.42it/s]
Epoch 3/50 [Train]:  11%|█         | 50/459 [00:04<00:39, 10.44it/s]
Epoch 3/50 [Train]:  11%|█▏        | 52/459 [00:05<00:38, 10.45it/s]
Epoch 3/50 [Train]:  12%|█▏        | 54/459 [00:05<00:38, 10.43it/s]
Epoch 3/50 [Train]:  12%|█▏        | 56/459 [00:05<00:38, 10.39it/s]
Epoch 3/50 [Train]:  13%|█▎        | 58/459 [00:05<00:38, 10.36it/s]
Epoch 3/50 [Train]:  13%|█▎        | 60/459 [00:05<00:39, 10.22it/s]
Epoch 3/50 [Train]:  14%|█▎        | 62/459 [00:05<00:38, 10.33it/s]
Epoch 3/50 [Train]:  14%|█▍        | 64/459 [00:06<00:38, 10.30it/s]
Epoch 3/50 [Train]:  14%|█▍        | 66/459 [00:06<00:38, 10.28it/s]
Epoch 3/50 [Train]:  15%|█▍        | 68/459 [00:06<00:38, 10.27it/s]
Epoch 3/50 [Train]:  15%|█▌        | 70/459 [00:06<00:37, 10.35it/s]
Epoch 3/50 [Train]:  16%|█▌        | 72/459 [00:06<00:37, 10.40it/s]
Epoch 3/50 [Train]:  16%|█▌        | 74/459 [00:07<00:37, 10.39it/s]
Epoch 3/50 [Train]:  17%|█▋        | 76/459 [00:07<00:36, 10.43it/s]
Epoch 3/50 [Train]:  17%|█▋        | 78/459 [00:07<00:36, 10.46it/s]
Epoch 3/50 [Train]:  17%|█▋        | 80/459 [00:07<00:36, 10.50it/s]
Epoch 3/50 [Train]:  18%|█▊        | 82/459 [00:07<00:35, 10.53it/s]
Epoch 3/50 [Train]:  18%|█▊        | 84/459 [00:08<00:35, 10.55it/s]
Epoch 3/50 [Train]:  19%|█▊        | 86/459 [00:08<00:35, 10.48it/s]
Epoch 3/50 [Train]:  19%|█▉        | 88/459 [00:08<00:35, 10.40it/s]
Epoch 3/50 [Train]:  20%|█▉        | 90/459 [00:08<00:35, 10.32it/s]
Epoch 3/50 [Train]:  20%|██        | 92/459 [00:08<00:35, 10.25it/s]
Epoch 3/50 [Train]:  20%|██        | 94/459 [00:09<00:35, 10.19it/s]
Epoch 3/50 [Train]:  21%|██        | 96/459 [00:09<00:35, 10.13it/s]
Epoch 3/50 [Train]:  21%|██▏       | 98/459 [00:09<00:35, 10.05it/s]
Epoch 3/50 [Train]:  22%|██▏       | 100/459 [00:09<00:35,  9.98it/s]
Epoch 3/50 [Train]:  22%|██▏       | 101/459 [00:09<00:37,  9.67it/s]
Epoch 3/50 [Train]:  22%|██▏       | 102/459 [00:09<00:37,  9.64it/s]
Epoch 3/50 [Train]:  22%|██▏       | 103/459 [00:10<00:37,  9.56it/s]
Epoch 3/50 [Train]:  23%|██▎       | 104/459 [00:10<00:37,  9.47it/s]
Epoch 3/50 [Train]:  23%|██▎       | 105/459 [00:10<00:37,  9.42it/s]
Epoch 3/50 [Train]:  23%|██▎       | 106/459 [00:10<00:37,  9.43it/s]
Epoch 3/50 [Train]:  24%|██▎       | 108/459 [00:10<00:37,  9.47it/s]
Epoch 3/50 [Train]:  24%|██▎       | 109/459 [00:10<00:36,  9.50it/s]
Epoch 3/50 [Train]:  24%|██▍       | 110/459 [00:10<00:36,  9.51it/s]
Epoch 3/50 [Train]:  24%|██▍       | 112/459 [00:10<00:35,  9.75it/s]
Epoch 3/50 [Train]:  25%|██▍       | 113/459 [00:11<00:35,  9.72it/s]
Epoch 3/50 [Train]:  25%|██▍       | 114/459 [00:11<00:35,  9.75it/s]
Epoch 3/50 [Train]:  25%|██▌       | 115/459 [00:11<00:35,  9.64it/s]
Epoch 3/50 [Train]:  25%|██▌       | 116/459 [00:11<00:35,  9.73it/s]
Epoch 3/50 [Train]:  25%|██▌       | 117/459 [00:11<00:35,  9.76it/s]
Epoch 3/50 [Train]:  26%|██▌       | 118/459 [00:11<00:35,  9.63it/s]
Epoch 3/50 [Train]:  26%|██▌       | 119/459 [00:11<00:35,  9.71it/s]
Epoch 3/50 [Train]:  26%|██▋       | 121/459 [00:11<00:34,  9.87it/s]
Epoch 3/50 [Train]:  27%|██▋       | 123/459 [00:12<00:33,  9.95it/s]
Epoch 3/50 [Train]:  27%|██▋       | 124/459 [00:12<00:33,  9.94it/s]
Epoch 3/50 [Train]:  27%|██▋       | 125/459 [00:12<00:34,  9.70it/s]
Epoch 3/50 [Train]:  27%|██▋       | 126/459 [00:12<00:34,  9.69it/s]
Epoch 3/50 [Train]:  28%|██▊       | 127/459 [00:12<00:34,  9.69it/s]
Epoch 3/50 [Train]:  28%|██▊       | 129/459 [00:12<00:33,  9.93it/s]
Epoch 3/50 [Train]:  29%|██▊       | 131/459 [00:12<00:32,  9.99it/s]
Epoch 3/50 [Train]:  29%|██▉       | 133/459 [00:13<00:32, 10.02it/s]
Epoch 3/50 [Train]:  29%|██▉       | 135/459 [00:13<00:31, 10.14it/s]
Epoch 3/50 [Train]:  30%|██▉       | 137/459 [00:13<00:31, 10.20it/s]
Epoch 3/50 [Train]:  30%|███       | 139/459 [00:13<00:31, 10.26it/s]
Epoch 3/50 [Train]:  31%|███       | 141/459 [00:13<00:31, 10.24it/s]
Epoch 3/50 [Train]:  31%|███       | 143/459 [00:14<00:30, 10.28it/s]
Epoch 3/50 [Train]:  32%|███▏      | 145/459 [00:14<00:30, 10.24it/s]
Epoch 3/50 [Train]:  32%|███▏      | 147/459 [00:14<00:30, 10.30it/s]
Epoch 3/50 [Train]:  32%|███▏      | 149/459 [00:14<00:29, 10.34it/s]
Epoch 3/50 [Train]:  33%|███▎      | 151/459 [00:14<00:30, 10.23it/s]
Epoch 3/50 [Train]:  33%|███▎      | 153/459 [00:15<00:29, 10.28it/s]
Epoch 3/50 [Train]:  34%|███▍      | 155/459 [00:15<00:29, 10.32it/s]
Epoch 3/50 [Train]:  34%|███▍      | 157/459 [00:15<00:29, 10.35it/s]
Epoch 3/50 [Train]:  35%|███▍      | 159/459 [00:15<00:29, 10.33it/s]
Epoch 3/50 [Train]:  35%|███▌      | 161/459 [00:15<00:28, 10.35it/s]
Epoch 3/50 [Train]:  36%|███▌      | 163/459 [00:15<00:28, 10.37it/s]
Epoch 3/50 [Train]:  36%|███▌      | 165/459 [00:16<00:28, 10.41it/s]
Epoch 3/50 [Train]:  36%|███▋      | 167/459 [00:16<00:27, 10.44it/s]
Epoch 3/50 [Train]:  37%|███▋      | 169/459 [00:16<00:27, 10.39it/s]
Epoch 3/50 [Train]:  37%|███▋      | 171/459 [00:16<00:27, 10.39it/s]
Epoch 3/50 [Train]:  38%|███▊      | 173/459 [00:16<00:27, 10.39it/s]
Epoch 3/50 [Train]:  38%|███▊      | 175/459 [00:17<00:27, 10.38it/s]
Epoch 3/50 [Train]:  39%|███▊      | 177/459 [00:17<00:27, 10.37it/s]
Epoch 3/50 [Train]:  39%|███▉      | 179/459 [00:17<00:26, 10.38it/s]
Epoch 3/50 [Train]:  39%|███▉      | 181/459 [00:17<00:26, 10.36it/s]
Epoch 3/50 [Train]:  40%|███▉      | 183/459 [00:17<00:27, 10.15it/s]
Epoch 3/50 [Train]:  40%|████      | 185/459 [00:18<00:26, 10.18it/s]
Epoch 3/50 [Train]:  41%|████      | 187/459 [00:18<00:26, 10.25it/s]
Epoch 3/50 [Train]:  41%|████      | 189/459 [00:18<00:26, 10.32it/s]
Epoch 3/50 [Train]:  42%|████▏     | 191/459 [00:18<00:25, 10.36it/s]
Epoch 3/50 [Train]:  42%|████▏     | 193/459 [00:18<00:25, 10.23it/s]
Epoch 3/50 [Train]:  42%|████▏     | 195/459 [00:19<00:25, 10.30it/s]
Epoch 3/50 [Train]:  43%|████▎     | 197/459 [00:19<00:25, 10.34it/s]
Epoch 3/50 [Train]:  43%|████▎     | 199/459 [00:19<00:25, 10.27it/s]
Epoch 3/50 [Train]:  44%|████▍     | 201/459 [00:19<00:25, 10.24it/s]
Epoch 3/50 [Train]:  44%|████▍     | 203/459 [00:19<00:24, 10.31it/s]
Epoch 3/50 [Train]:  45%|████▍     | 205/459 [00:20<00:24, 10.25it/s]
Epoch 3/50 [Train]:  45%|████▌     | 207/459 [00:20<00:24, 10.31it/s]
Epoch 3/50 [Train]:  46%|████▌     | 209/459 [00:20<00:24, 10.23it/s]
Epoch 3/50 [Train]:  46%|████▌     | 211/459 [00:20<00:24, 10.21it/s]
Epoch 3/50 [Train]:  46%|████▋     | 213/459 [00:20<00:24, 10.15it/s]
Epoch 3/50 [Train]:  47%|████▋     | 215/459 [00:21<00:23, 10.17it/s]
Epoch 3/50 [Train]:  47%|████▋     | 217/459 [00:21<00:23, 10.24it/s]
Epoch 3/50 [Train]:  48%|████▊     | 219/459 [00:21<00:23, 10.13it/s]
Epoch 3/50 [Train]:  48%|████▊     | 221/459 [00:21<00:23, 10.16it/s]
Epoch 3/50 [Train]:  49%|████▊     | 223/459 [00:21<00:23, 10.24it/s]
Epoch 3/50 [Train]:  49%|████▉     | 225/459 [00:22<00:22, 10.22it/s]
Epoch 3/50 [Train]:  49%|████▉     | 227/459 [00:22<00:22, 10.15it/s]
Epoch 3/50 [Train]:  50%|████▉     | 229/459 [00:22<00:22, 10.24it/s]
Epoch 3/50 [Train]:  50%|█████     | 231/459 [00:22<00:22, 10.19it/s]
Epoch 3/50 [Train]:  51%|█████     | 233/459 [00:22<00:22, 10.19it/s]
Epoch 3/50 [Train]:  51%|█████     | 235/459 [00:23<00:21, 10.21it/s]
Epoch 3/50 [Train]:  52%|█████▏    | 237/459 [00:23<00:21, 10.27it/s]
Epoch 3/50 [Train]:  52%|█████▏    | 239/459 [00:23<00:21, 10.30it/s]
Epoch 3/50 [Train]:  53%|█████▎    | 241/459 [00:23<00:21, 10.24it/s]
Epoch 3/50 [Train]:  53%|█████▎    | 243/459 [00:23<00:20, 10.31it/s]
Epoch 3/50 [Train]:  53%|█████▎    | 245/459 [00:23<00:20, 10.20it/s]
Epoch 3/50 [Train]:  54%|█████▍    | 247/459 [00:24<00:20, 10.28it/s]
Epoch 3/50 [Train]:  54%|█████▍    | 249/459 [00:24<00:20, 10.30it/s]
Epoch 3/50 [Train]:  55%|█████▍    | 251/459 [00:24<00:20, 10.19it/s]
Epoch 3/50 [Train]:  55%|█████▌    | 253/459 [00:24<00:20, 10.26it/s]
Epoch 3/50 [Train]:  56%|█████▌    | 255/459 [00:24<00:19, 10.32it/s]
Epoch 3/50 [Train]:  56%|█████▌    | 257/459 [00:25<00:19, 10.25it/s]
Epoch 3/50 [Train]:  56%|█████▋    | 259/459 [00:25<00:19, 10.06it/s]
Epoch 3/50 [Train]:  57%|█████▋    | 261/459 [00:25<00:19, 10.16it/s]
Epoch 3/50 [Train]:  57%|█████▋    | 263/459 [00:25<00:19, 10.23it/s]
Epoch 3/50 [Train]:  58%|█████▊    | 265/459 [00:25<00:18, 10.26it/s]
Epoch 3/50 [Train]:  58%|█████▊    | 267/459 [00:26<00:18, 10.32it/s]
Epoch 3/50 [Train]:  59%|█████▊    | 269/459 [00:26<00:18, 10.33it/s]
Epoch 3/50 [Train]:  59%|█████▉    | 271/459 [00:26<00:18, 10.29it/s]
Epoch 3/50 [Train]:  59%|█████▉    | 273/459 [00:26<00:18, 10.31it/s]
Epoch 3/50 [Train]:  60%|█████▉    | 275/459 [00:26<00:17, 10.31it/s]
Epoch 3/50 [Train]:  60%|██████    | 277/459 [00:27<00:17, 10.37it/s]
Epoch 3/50 [Train]:  61%|██████    | 279/459 [00:27<00:17, 10.32it/s]
Epoch 3/50 [Train]:  61%|██████    | 281/459 [00:27<00:17, 10.32it/s]
Epoch 3/50 [Train]:  62%|██████▏   | 283/459 [00:27<00:17, 10.24it/s]
Epoch 3/50 [Train]:  62%|██████▏   | 285/459 [00:27<00:16, 10.28it/s]
Epoch 3/50 [Train]:  63%|██████▎   | 287/459 [00:28<00:16, 10.29it/s]
Epoch 3/50 [Train]:  63%|██████▎   | 289/459 [00:28<00:16, 10.21it/s]
Epoch 3/50 [Train]:  63%|██████▎   | 291/459 [00:28<00:16, 10.19it/s]
Epoch 3/50 [Train]:  64%|██████▍   | 293/459 [00:28<00:16, 10.22it/s]
Epoch 3/50 [Train]:  64%|██████▍   | 295/459 [00:28<00:15, 10.27it/s]
Epoch 3/50 [Train]:  65%|██████▍   | 297/459 [00:29<00:15, 10.31it/s]
Epoch 3/50 [Train]:  65%|██████▌   | 299/459 [00:29<00:15, 10.21it/s]
Epoch 3/50 [Train]:  66%|██████▌   | 301/459 [00:29<00:15, 10.26it/s]
Epoch 3/50 [Train]:  66%|██████▌   | 303/459 [00:29<00:15, 10.26it/s]
Epoch 3/50 [Train]:  66%|██████▋   | 305/459 [00:29<00:15, 10.12it/s]
Epoch 3/50 [Train]:  67%|██████▋   | 307/459 [00:30<00:15, 10.12it/s]
Epoch 3/50 [Train]:  67%|██████▋   | 309/459 [00:30<00:14, 10.21it/s]
Epoch 3/50 [Train]:  68%|██████▊   | 311/459 [00:30<00:14, 10.16it/s]
Epoch 3/50 [Train]:  68%|██████▊   | 313/459 [00:30<00:14, 10.22it/s]
Epoch 3/50 [Train]:  69%|██████▊   | 315/459 [00:30<00:14, 10.22it/s]
Epoch 3/50 [Train]:  69%|██████▉   | 317/459 [00:31<00:14, 10.10it/s]
Epoch 3/50 [Train]:  69%|██████▉   | 319/459 [00:31<00:13, 10.15it/s]
Epoch 3/50 [Train]:  70%|██████▉   | 321/459 [00:31<00:13, 10.20it/s]
Epoch 3/50 [Train]:  70%|███████   | 323/459 [00:31<00:13, 10.22it/s]
Epoch 3/50 [Train]:  71%|███████   | 325/459 [00:31<00:13, 10.22it/s]
Epoch 3/50 [Train]:  71%|███████   | 327/459 [00:31<00:12, 10.21it/s]
Epoch 3/50 [Train]:  72%|███████▏  | 329/459 [00:32<00:12, 10.08it/s]
Epoch 3/50 [Train]:  72%|███████▏  | 331/459 [00:32<00:12, 10.14it/s]
Epoch 3/50 [Train]:  73%|███████▎  | 333/459 [00:32<00:12, 10.16it/s]
Epoch 3/50 [Train]:  73%|███████▎  | 335/459 [00:32<00:12, 10.12it/s]
Epoch 3/50 [Train]:  73%|███████▎  | 337/459 [00:32<00:11, 10.20it/s]
Epoch 3/50 [Train]:  74%|███████▍  | 339/459 [00:33<00:11, 10.16it/s]
Epoch 3/50 [Train]:  74%|███████▍  | 341/459 [00:33<00:11, 10.09it/s]
Epoch 3/50 [Train]:  75%|███████▍  | 343/459 [00:33<00:11, 10.09it/s]
Epoch 3/50 [Train]:  75%|███████▌  | 345/459 [00:33<00:11, 10.12it/s]
Epoch 3/50 [Train]:  76%|███████▌  | 347/459 [00:33<00:10, 10.23it/s]
Epoch 3/50 [Train]:  76%|███████▌  | 349/459 [00:34<00:10, 10.24it/s]
Epoch 3/50 [Train]:  76%|███████▋  | 351/459 [00:34<00:10, 10.28it/s]
Epoch 3/50 [Train]:  77%|███████▋  | 353/459 [00:34<00:10, 10.24it/s]
Epoch 3/50 [Train]:  77%|███████▋  | 355/459 [00:34<00:10, 10.13it/s]
Epoch 3/50 [Train]:  78%|███████▊  | 357/459 [00:34<00:10, 10.13it/s]
Epoch 3/50 [Train]:  78%|███████▊  | 359/459 [00:35<00:09, 10.17it/s]
Epoch 3/50 [Train]:  79%|███████▊  | 361/459 [00:35<00:09, 10.21it/s]
Epoch 3/50 [Train]:  79%|███████▉  | 363/459 [00:35<00:09, 10.29it/s]
Epoch 3/50 [Train]:  80%|███████▉  | 365/459 [00:35<00:09, 10.11it/s]
Epoch 3/50 [Train]:  80%|███████▉  | 367/459 [00:35<00:09, 10.14it/s]
Epoch 3/50 [Train]:  80%|████████  | 369/459 [00:36<00:08, 10.08it/s]
Epoch 3/50 [Train]:  81%|████████  | 371/459 [00:36<00:08, 10.11it/s]
Epoch 3/50 [Train]:  81%|████████▏ | 373/459 [00:36<00:08, 10.17it/s]
Epoch 3/50 [Train]:  82%|████████▏ | 375/459 [00:36<00:08, 10.12it/s]
Epoch 3/50 [Train]:  82%|████████▏ | 377/459 [00:36<00:08, 10.22it/s]
Epoch 3/50 [Train]:  83%|████████▎ | 379/459 [00:37<00:07, 10.23it/s]
Epoch 3/50 [Train]:  83%|████████▎ | 381/459 [00:37<00:07, 10.17it/s]
Epoch 3/50 [Train]:  83%|████████▎ | 383/459 [00:37<00:07, 10.09it/s]
Epoch 3/50 [Train]:  84%|████████▍ | 385/459 [00:37<00:07, 10.17it/s]
Epoch 3/50 [Train]:  84%|████████▍ | 387/459 [00:37<00:07, 10.18it/s]
Epoch 3/50 [Train]:  85%|████████▍ | 389/459 [00:38<00:06, 10.25it/s]
Epoch 3/50 [Train]:  85%|████████▌ | 391/459 [00:38<00:06, 10.26it/s]
Epoch 3/50 [Train]:  86%|████████▌ | 393/459 [00:38<00:06, 10.25it/s]
Epoch 3/50 [Train]:  86%|████████▌ | 395/459 [00:38<00:06, 10.22it/s]
Epoch 3/50 [Train]:  86%|████████▋ | 397/459 [00:38<00:06, 10.11it/s]
Epoch 3/50 [Train]:  87%|████████▋ | 399/459 [00:39<00:05, 10.13it/s]
Epoch 3/50 [Train]:  87%|████████▋ | 401/459 [00:39<00:05, 10.15it/s]
Epoch 3/50 [Train]:  88%|████████▊ | 403/459 [00:39<00:05, 10.10it/s]
Epoch 3/50 [Train]:  88%|████████▊ | 405/459 [00:39<00:05, 10.09it/s]
Epoch 3/50 [Train]:  89%|████████▊ | 407/459 [00:39<00:05, 10.14it/s]
Epoch 3/50 [Train]:  89%|████████▉ | 409/459 [00:40<00:04, 10.13it/s]
Epoch 3/50 [Train]:  90%|████████▉ | 411/459 [00:40<00:04, 10.17it/s]
Epoch 3/50 [Train]:  90%|████████▉ | 413/459 [00:40<00:04, 10.21it/s]
Epoch 3/50 [Train]:  90%|█████████ | 415/459 [00:40<00:04, 10.27it/s]
Epoch 3/50 [Train]:  91%|█████████ | 417/459 [00:40<00:04, 10.30it/s]
Epoch 3/50 [Train]:  91%|█████████▏| 419/459 [00:41<00:03, 10.14it/s]
Epoch 3/50 [Train]:  92%|█████████▏| 421/459 [00:41<00:03, 10.09it/s]
Epoch 3/50 [Train]:  92%|█████████▏| 423/459 [00:41<00:03, 10.15it/s]
Epoch 3/50 [Train]:  93%|█████████▎| 425/459 [00:41<00:03, 10.17it/s]
Epoch 3/50 [Train]:  93%|█████████▎| 427/459 [00:41<00:03,  9.99it/s]
Epoch 3/50 [Train]:  93%|█████████▎| 429/459 [00:42<00:03, 10.00it/s]
Epoch 3/50 [Train]:  94%|█████████▍| 431/459 [00:42<00:02,  9.93it/s]
Epoch 3/50 [Train]:  94%|█████████▍| 433/459 [00:42<00:02, 10.03it/s]
Epoch 3/50 [Train]:  95%|█████████▍| 435/459 [00:42<00:02, 10.03it/s]
Epoch 3/50 [Train]:  95%|█████████▌| 437/459 [00:42<00:02, 10.12it/s]
Epoch 3/50 [Train]:  96%|█████████▌| 439/459 [00:43<00:01, 10.17it/s]
Epoch 3/50 [Train]:  96%|█████████▌| 441/459 [00:43<00:01, 10.06it/s]
Epoch 3/50 [Train]:  97%|█████████▋| 443/459 [00:43<00:01, 10.08it/s]
Epoch 3/50 [Train]:  97%|█████████▋| 445/459 [00:43<00:01, 10.04it/s]
Epoch 3/50 [Train]:  97%|█████████▋| 447/459 [00:43<00:01, 10.05it/s]
Epoch 3/50 [Train]:  98%|█████████▊| 449/459 [00:44<00:00, 10.10it/s]
Epoch 3/50 [Train]:  98%|█████████▊| 451/459 [00:44<00:00, 10.15it/s]
Epoch 3/50 [Train]:  99%|█████████▊| 453/459 [00:44<00:00, 10.08it/s]
Epoch 3/50 [Train]:  99%|█████████▉| 455/459 [00:44<00:00, 10.09it/s]
Epoch 3/50 [Train]: 100%|█████████▉| 457/459 [00:44<00:00, 10.04it/s]
Epoch 3/50 [Train]: 100%|██████████| 459/459 [00:45<00:00,  9.87it/s]
                                                                     

Epoch 3/50 [Val]:   0%|          | 0/113 [00:00<?, ?it/s]
Epoch 3/50 [Val]:   2%|▏         | 2/113 [00:00<00:09, 12.19it/s]
Epoch 3/50 [Val]:   4%|▎         | 4/113 [00:00<00:08, 12.91it/s]
Epoch 3/50 [Val]:   5%|▌         | 6/113 [00:00<00:08, 12.88it/s]
Epoch 3/50 [Val]:   7%|▋         | 8/113 [00:00<00:08, 13.08it/s]
Epoch 3/50 [Val]:   9%|▉         | 10/113 [00:00<00:07, 13.52it/s]
Epoch 3/50 [Val]:  11%|█         | 12/113 [00:00<00:07, 13.35it/s]
Epoch 3/50 [Val]:  12%|█▏        | 14/113 [00:01<00:07, 13.32it/s]
Epoch 3/50 [Val]:  14%|█▍        | 16/113 [00:01<00:07, 12.86it/s]
Epoch 3/50 [Val]:  16%|█▌        | 18/113 [00:01<00:07, 12.66it/s]
Epoch 3/50 [Val]:  18%|█▊        | 20/113 [00:01<00:07, 12.53it/s]
Epoch 3/50 [Val]:  19%|█▉        | 22/113 [00:01<00:07, 12.22it/s]
Epoch 3/50 [Val]:  21%|██        | 24/113 [00:01<00:07, 12.10it/s]
Epoch 3/50 [Val]:  23%|██▎       | 26/113 [00:02<00:07, 12.30it/s]
Epoch 3/50 [Val]:  25%|██▍       | 28/113 [00:02<00:06, 12.32it/s]
Epoch 3/50 [Val]:  27%|██▋       | 30/113 [00:02<00:06, 12.54it/s]
Epoch 3/50 [Val]:  28%|██▊       | 32/113 [00:02<00:06, 12.52it/s]
Epoch 3/50 [Val]:  30%|███       | 34/113 [00:02<00:06, 12.75it/s]
Epoch 3/50 [Val]:  32%|███▏      | 36/113 [00:02<00:05, 13.05it/s]
Epoch 3/50 [Val]:  34%|███▎      | 38/113 [00:02<00:05, 13.14it/s]
Epoch 3/50 [Val]:  35%|███▌      | 40/113 [00:03<00:05, 13.06it/s]
Epoch 3/50 [Val]:  37%|███▋      | 42/113 [00:03<00:05, 13.38it/s]
Epoch 3/50 [Val]:  39%|███▉      | 44/113 [00:03<00:05, 13.37it/s]
Epoch 3/50 [Val]:  41%|████      | 46/113 [00:03<00:05, 13.23it/s]
Epoch 3/50 [Val]:  42%|████▏     | 48/113 [00:03<00:04, 13.15it/s]
Epoch 3/50 [Val]:  44%|████▍     | 50/113 [00:03<00:04, 13.35it/s]
Epoch 3/50 [Val]:  46%|████▌     | 52/113 [00:04<00:04, 13.41it/s]
Epoch 3/50 [Val]:  48%|████▊     | 54/113 [00:04<00:04, 13.58it/s]
Epoch 3/50 [Val]:  50%|████▉     | 56/113 [00:04<00:04, 13.29it/s]
Epoch 3/50 [Val]:  51%|█████▏    | 58/113 [00:04<00:04, 13.09it/s]
Epoch 3/50 [Val]:  53%|█████▎    | 60/113 [00:04<00:04, 13.22it/s]
Epoch 3/50 [Val]:  55%|█████▍    | 62/113 [00:04<00:03, 13.44it/s]
Epoch 3/50 [Val]:  57%|█████▋    | 64/113 [00:04<00:03, 13.54it/s]
Epoch 3/50 [Val]:  58%|█████▊    | 66/113 [00:05<00:03, 13.25it/s]
Epoch 3/50 [Val]:  60%|██████    | 68/113 [00:05<00:03, 13.20it/s]
Epoch 3/50 [Val]:  62%|██████▏   | 70/113 [00:05<00:03, 13.25it/s]
Epoch 3/50 [Val]:  64%|██████▎   | 72/113 [00:05<00:03, 13.33it/s]
Epoch 3/50 [Val]:  65%|██████▌   | 74/113 [00:05<00:02, 13.42it/s]
Epoch 3/50 [Val]:  67%|██████▋   | 76/113 [00:05<00:02, 13.25it/s]
Epoch 3/50 [Val]:  69%|██████▉   | 78/113 [00:05<00:02, 13.30it/s]
Epoch 3/50 [Val]:  71%|███████   | 80/113 [00:06<00:02, 13.30it/s]
Epoch 3/50 [Val]:  73%|███████▎  | 82/113 [00:06<00:02, 13.24it/s]
Epoch 3/50 [Val]:  74%|███████▍  | 84/113 [00:06<00:02, 13.31it/s]
Epoch 3/50 [Val]:  76%|███████▌  | 86/113 [00:06<00:02, 13.17it/s]
Epoch 3/50 [Val]:  78%|███████▊  | 88/113 [00:06<00:01, 13.05it/s]
Epoch 3/50 [Val]:  80%|███████▉  | 90/113 [00:06<00:01, 13.19it/s]
Epoch 3/50 [Val]:  81%|████████▏ | 92/113 [00:07<00:01, 13.44it/s]
Epoch 3/50 [Val]:  83%|████████▎ | 94/113 [00:07<00:01, 13.59it/s]
Epoch 3/50 [Val]:  85%|████████▍ | 96/113 [00:07<00:01, 13.74it/s]
Epoch 3/50 [Val]:  87%|████████▋ | 98/113 [00:07<00:01, 13.68it/s]
Epoch 3/50 [Val]:  88%|████████▊ | 100/113 [00:07<00:00, 13.68it/s]
Epoch 3/50 [Val]:  90%|█████████ | 102/113 [00:07<00:00, 13.43it/s]
Epoch 3/50 [Val]:  92%|█████████▏| 104/113 [00:07<00:00, 13.72it/s]
Epoch 3/50 [Val]:  94%|█████████▍| 106/113 [00:08<00:00, 13.78it/s]
Epoch 3/50 [Val]:  96%|█████████▌| 108/113 [00:08<00:00, 13.95it/s]
Epoch 3/50 [Val]:  97%|█████████▋| 110/113 [00:08<00:00, 13.69it/s]
Epoch 3/50 [Val]:  99%|█████████▉| 112/113 [00:08<00:00, 13.70it/s]
                                                                   

Epoch 4/50 [Train]:   0%|          | 0/459 [00:00<?, ?it/s]
Epoch 4/50 [Train]:   0%|          | 1/459 [00:00<00:46,  9.80it/s]
Epoch 4/50 [Train]:   1%|          | 3/459 [00:00<00:44, 10.21it/s]
Epoch 4/50 [Train]:   1%|          | 5/459 [00:00<00:44, 10.31it/s]
Epoch 4/50 [Train]:   2%|▏         | 7/459 [00:00<00:44, 10.24it/s]
Epoch 4/50 [Train]:   2%|▏         | 9/459 [00:00<00:44, 10.22it/s]
Epoch 4/50 [Train]:   2%|▏         | 11/459 [00:01<00:43, 10.25it/s]
Epoch 4/50 [Train]:   3%|▎         | 13/459 [00:01<00:43, 10.24it/s]
Epoch 4/50 [Train]:   3%|▎         | 15/459 [00:01<00:43, 10.28it/s]
Epoch 4/50 [Train]:   4%|▎         | 17/459 [00:01<00:43, 10.17it/s]
Epoch 4/50 [Train]:   4%|▍         | 19/459 [00:01<00:43, 10.18it/s]
Epoch 4/50 [Train]:   5%|▍         | 21/459 [00:02<00:42, 10.24it/s]
Epoch 4/50 [Train]:   5%|▌         | 23/459 [00:02<00:42, 10.25it/s]
Epoch 4/50 [Train]:   5%|▌         | 25/459 [00:02<00:42, 10.11it/s]
Epoch 4/50 [Train]:   6%|▌         | 27/459 [00:02<00:42, 10.17it/s]
Epoch 4/50 [Train]:   6%|▋         | 29/459 [00:02<00:42, 10.20it/s]
Epoch 4/50 [Train]:   7%|▋         | 31/459 [00:03<00:42, 10.16it/s]
Epoch 4/50 [Train]:   7%|▋         | 33/459 [00:03<00:42, 10.08it/s]
Epoch 4/50 [Train]:   8%|▊         | 35/459 [00:03<00:41, 10.16it/s]
Epoch 4/50 [Train]:   8%|▊         | 37/459 [00:03<00:41, 10.23it/s]
Epoch 4/50 [Train]:   8%|▊         | 39/459 [00:03<00:41, 10.24it/s]
Epoch 4/50 [Train]:   9%|▉         | 41/459 [00:04<00:40, 10.24it/s]
Epoch 4/50 [Train]:   9%|▉         | 43/459 [00:04<00:40, 10.28it/s]
Epoch 4/50 [Train]:  10%|▉         | 45/459 [00:04<00:40, 10.25it/s]
Epoch 4/50 [Train]:  10%|█         | 47/459 [00:04<00:40, 10.27it/s]
Epoch 4/50 [Train]:  11%|█         | 49/459 [00:04<00:40, 10.20it/s]
Epoch 4/50 [Train]:  11%|█         | 51/459 [00:05<00:40, 10.12it/s]
Epoch 4/50 [Train]:  12%|█▏        | 53/459 [00:05<00:39, 10.20it/s]
Epoch 4/50 [Train]:  12%|█▏        | 55/459 [00:05<00:39, 10.18it/s]
Epoch 4/50 [Train]:  12%|█▏        | 57/459 [00:05<00:39, 10.23it/s]
Epoch 4/50 [Train]:  13%|█▎        | 59/459 [00:05<00:39, 10.22it/s]
Epoch 4/50 [Train]:  13%|█▎        | 61/459 [00:05<00:38, 10.26it/s]
Epoch 4/50 [Train]:  14%|█▎        | 63/459 [00:06<00:38, 10.25it/s]
Epoch 4/50 [Train]:  14%|█▍        | 65/459 [00:06<00:38, 10.14it/s]
Epoch 4/50 [Train]:  15%|█▍        | 67/459 [00:06<00:38, 10.15it/s]
Epoch 4/50 [Train]:  15%|█▌        | 69/459 [00:06<00:38, 10.14it/s]
Epoch 4/50 [Train]:  15%|█▌        | 71/459 [00:06<00:38, 10.10it/s]
Epoch 4/50 [Train]:  16%|█▌        | 73/459 [00:07<00:38, 10.11it/s]
Epoch 4/50 [Train]:  16%|█▋        | 75/459 [00:07<00:37, 10.14it/s]
Epoch 4/50 [Train]:  17%|█▋        | 77/459 [00:07<00:37, 10.07it/s]
Epoch 4/50 [Train]:  17%|█▋        | 79/459 [00:07<00:37, 10.01it/s]
Epoch 4/50 [Train]:  18%|█▊        | 81/459 [00:07<00:37, 10.14it/s]
Epoch 4/50 [Train]:  18%|█▊        | 83/459 [00:08<00:36, 10.23it/s]
Epoch 4/50 [Train]:  19%|█▊        | 85/459 [00:08<00:36, 10.27it/s]
Epoch 4/50 [Train]:  19%|█▉        | 87/459 [00:08<00:36, 10.21it/s]
Epoch 4/50 [Train]:  19%|█▉        | 89/459 [00:08<00:36, 10.27it/s]
Epoch 4/50 [Train]:  20%|█▉        | 91/459 [00:08<00:35, 10.26it/s]
Epoch 4/50 [Train]:  20%|██        | 93/459 [00:09<00:35, 10.33it/s]
Epoch 4/50 [Train]:  21%|██        | 95/459 [00:09<00:35, 10.31it/s]
Epoch 4/50 [Train]:  21%|██        | 97/459 [00:09<00:35, 10.30it/s]
Epoch 4/50 [Train]:  22%|██▏       | 99/459 [00:09<00:34, 10.32it/s]
Epoch 4/50 [Train]:  22%|██▏       | 101/459 [00:09<00:34, 10.31it/s]
Epoch 4/50 [Train]:  22%|██▏       | 103/459 [00:10<00:34, 10.23it/s]
Epoch 4/50 [Train]:  23%|██▎       | 105/459 [00:10<00:34, 10.24it/s]
Epoch 4/50 [Train]:  23%|██▎       | 107/459 [00:10<00:34, 10.31it/s]
Epoch 4/50 [Train]:  24%|██▎       | 109/459 [00:10<00:34, 10.26it/s]
Epoch 4/50 [Train]:  24%|██▍       | 111/459 [00:10<00:34, 10.19it/s]
Epoch 4/50 [Train]:  25%|██▍       | 113/459 [00:11<00:34, 10.11it/s]
Epoch 4/50 [Train]:  25%|██▌       | 115/459 [00:11<00:33, 10.17it/s]
Epoch 4/50 [Train]:  25%|██▌       | 117/459 [00:11<00:33, 10.28it/s]
Epoch 4/50 [Train]:  26%|██▌       | 119/459 [00:11<00:33, 10.24it/s]
Epoch 4/50 [Train]:  26%|██▋       | 121/459 [00:11<00:33, 10.17it/s]
Epoch 4/50 [Train]:  27%|██▋       | 123/459 [00:12<00:32, 10.23it/s]
Epoch 4/50 [Train]:  27%|██▋       | 125/459 [00:12<00:33, 10.11it/s]
Epoch 4/50 [Train]:  28%|██▊       | 127/459 [00:12<00:32, 10.15it/s]
Epoch 4/50 [Train]:  28%|██▊       | 129/459 [00:12<00:32, 10.15it/s]
Epoch 4/50 [Train]:  29%|██▊       | 131/459 [00:12<00:32, 10.11it/s]
Epoch 4/50 [Train]:  29%|██▉       | 133/459 [00:13<00:32, 10.15it/s]
Epoch 4/50 [Train]:  29%|██▉       | 135/459 [00:13<00:31, 10.16it/s]
Epoch 4/50 [Train]:  30%|██▉       | 137/459 [00:13<00:31, 10.15it/s]
Epoch 4/50 [Train]:  30%|███       | 139/459 [00:13<00:31, 10.21it/s]
Epoch 4/50 [Train]:  31%|███       | 141/459 [00:13<00:30, 10.29it/s]
Epoch 4/50 [Train]:  31%|███       | 143/459 [00:14<00:30, 10.29it/s]
Epoch 4/50 [Train]:  32%|███▏      | 145/459 [00:14<00:30, 10.34it/s]
Epoch 4/50 [Train]:  32%|███▏      | 147/459 [00:14<00:30, 10.31it/s]
Epoch 4/50 [Train]:  32%|███▏      | 149/459 [00:14<00:30, 10.25it/s]
Epoch 4/50 [Train]:  33%|███▎      | 151/459 [00:14<00:30, 10.11it/s]
Epoch 4/50 [Train]:  33%|███▎      | 153/459 [00:14<00:29, 10.21it/s]
Epoch 4/50 [Train]:  34%|███▍      | 155/459 [00:15<00:29, 10.27it/s]
Epoch 4/50 [Train]:  34%|███▍      | 157/459 [00:15<00:29, 10.16it/s]
Epoch 4/50 [Train]:  35%|███▍      | 159/459 [00:15<00:29, 10.23it/s]
Epoch 4/50 [Train]:  35%|███▌      | 161/459 [00:15<00:29, 10.26it/s]
Epoch 4/50 [Train]:  36%|███▌      | 163/459 [00:15<00:28, 10.22it/s]
Epoch 4/50 [Train]:  36%|███▌      | 165/459 [00:16<00:28, 10.19it/s]
Epoch 4/50 [Train]:  36%|███▋      | 167/459 [00:16<00:30,  9.66it/s]
Epoch 4/50 [Train]:  37%|███▋      | 169/459 [00:16<00:29,  9.86it/s]
Epoch 4/50 [Train]:  37%|███▋      | 171/459 [00:16<00:28, 10.00it/s]
Epoch 4/50 [Train]:  38%|███▊      | 173/459 [00:16<00:28, 10.06it/s]
Epoch 4/50 [Train]:  38%|███▊      | 175/459 [00:17<00:27, 10.15it/s]
Epoch 4/50 [Train]:  39%|███▊      | 177/459 [00:17<00:27, 10.18it/s]
Epoch 4/50 [Train]:  39%|███▉      | 179/459 [00:17<00:27, 10.10it/s]
Epoch 4/50 [Train]:  39%|███▉      | 181/459 [00:17<00:27, 10.12it/s]
Epoch 4/50 [Train]:  40%|███▉      | 183/459 [00:17<00:27, 10.20it/s]
Epoch 4/50 [Train]:  40%|████      | 185/459 [00:18<00:26, 10.20it/s]
Epoch 4/50 [Train]:  41%|████      | 187/459 [00:18<00:26, 10.18it/s]
Epoch 4/50 [Train]:  41%|████      | 189/459 [00:18<00:26, 10.21it/s]
Epoch 4/50 [Train]:  42%|████▏     | 191/459 [00:18<00:26, 10.24it/s]
Epoch 4/50 [Train]:  42%|████▏     | 193/459 [00:18<00:25, 10.26it/s]
Epoch 4/50 [Train]:  42%|████▏     | 195/459 [00:19<00:25, 10.16it/s]
Epoch 4/50 [Train]:  43%|████▎     | 197/459 [00:19<00:25, 10.28it/s]
Epoch 4/50 [Train]:  43%|████▎     | 199/459 [00:19<00:25, 10.31it/s]
Epoch 4/50 [Train]:  44%|████▍     | 201/459 [00:19<00:24, 10.35it/s]
Epoch 4/50 [Train]:  44%|████▍     | 203/459 [00:19<00:24, 10.41it/s]
Epoch 4/50 [Train]:  45%|████▍     | 205/459 [00:20<00:24, 10.35it/s]
Epoch 4/50 [Train]:  45%|████▌     | 207/459 [00:20<00:24, 10.41it/s]
Epoch 4/50 [Train]:  46%|████▌     | 209/459 [00:20<00:24, 10.41it/s]
Epoch 4/50 [Train]:  46%|████▌     | 211/459 [00:20<00:23, 10.39it/s]
Epoch 4/50 [Train]:  46%|████▋     | 213/459 [00:20<00:23, 10.42it/s]
Epoch 4/50 [Train]:  47%|████▋     | 215/459 [00:21<00:23, 10.40it/s]
Epoch 4/50 [Train]:  47%|████▋     | 217/459 [00:21<00:23, 10.40it/s]
Epoch 4/50 [Train]:  48%|████▊     | 219/459 [00:21<00:23, 10.38it/s]
Epoch 4/50 [Train]:  48%|████▊     | 221/459 [00:21<00:23, 10.35it/s]
Epoch 4/50 [Train]:  49%|████▊     | 223/459 [00:21<00:22, 10.38it/s]
Epoch 4/50 [Train]:  49%|████▉     | 225/459 [00:22<00:22, 10.37it/s]
Epoch 4/50 [Train]:  49%|████▉     | 227/459 [00:22<00:22, 10.37it/s]
Epoch 4/50 [Train]:  50%|████▉     | 229/459 [00:22<00:22, 10.30it/s]
Epoch 4/50 [Train]:  50%|█████     | 231/459 [00:22<00:22, 10.21it/s]
Epoch 4/50 [Train]:  51%|█████     | 233/459 [00:22<00:21, 10.28it/s]
Epoch 4/50 [Train]:  51%|█████     | 235/459 [00:22<00:21, 10.31it/s]
Epoch 4/50 [Train]:  52%|█████▏    | 237/459 [00:23<00:21, 10.30it/s]
Epoch 4/50 [Train]:  52%|█████▏    | 239/459 [00:23<00:21, 10.22it/s]
Epoch 4/50 [Train]:  53%|█████▎    | 241/459 [00:23<00:21, 10.28it/s]
Epoch 4/50 [Train]:  53%|█████▎    | 243/459 [00:23<00:21, 10.19it/s]
Epoch 4/50 [Train]:  53%|█████▎    | 245/459 [00:23<00:20, 10.26it/s]
Epoch 4/50 [Train]:  54%|█████▍    | 247/459 [00:24<00:20, 10.29it/s]
Epoch 4/50 [Train]:  54%|█████▍    | 249/459 [00:24<00:20, 10.33it/s]
Epoch 4/50 [Train]:  55%|█████▍    | 251/459 [00:24<00:20, 10.33it/s]
Epoch 4/50 [Train]:  55%|█████▌    | 253/459 [00:24<00:19, 10.31it/s]
Epoch 4/50 [Train]:  56%|█████▌    | 255/459 [00:24<00:19, 10.33it/s]
Epoch 4/50 [Train]:  56%|█████▌    | 257/459 [00:25<00:19, 10.36it/s]
Epoch 4/50 [Train]:  56%|█████▋    | 259/459 [00:25<00:19, 10.39it/s]
Epoch 4/50 [Train]:  57%|█████▋    | 261/459 [00:25<00:19, 10.36it/s]
Epoch 4/50 [Train]:  57%|█████▋    | 263/459 [00:25<00:18, 10.33it/s]
Epoch 4/50 [Train]:  58%|█████▊    | 265/459 [00:25<00:18, 10.33it/s]
Epoch 4/50 [Train]:  58%|█████▊    | 267/459 [00:26<00:18, 10.31it/s]
Epoch 4/50 [Train]:  59%|█████▊    | 269/459 [00:26<00:18, 10.27it/s]
Epoch 4/50 [Train]:  59%|█████▉    | 271/459 [00:26<00:18, 10.31it/s]
Epoch 4/50 [Train]:  59%|█████▉    | 273/459 [00:26<00:18, 10.26it/s]
Epoch 4/50 [Train]:  60%|█████▉    | 275/459 [00:26<00:17, 10.31it/s]
Epoch 4/50 [Train]:  60%|██████    | 277/459 [00:27<00:17, 10.32it/s]
Epoch 4/50 [Train]:  61%|██████    | 279/459 [00:27<00:17, 10.27it/s]
Epoch 4/50 [Train]:  61%|██████    | 281/459 [00:27<00:17, 10.33it/s]
Epoch 4/50 [Train]:  62%|██████▏   | 283/459 [00:27<00:17, 10.34it/s]
Epoch 4/50 [Train]:  62%|██████▏   | 285/459 [00:27<00:16, 10.37it/s]
Epoch 4/50 [Train]:  63%|██████▎   | 287/459 [00:28<00:16, 10.37it/s]
Epoch 4/50 [Train]:  63%|██████▎   | 289/459 [00:28<00:16, 10.31it/s]
Epoch 4/50 [Train]:  63%|██████▎   | 291/459 [00:28<00:16, 10.30it/s]
Epoch 4/50 [Train]:  64%|██████▍   | 293/459 [00:28<00:16, 10.27it/s]
Epoch 4/50 [Train]:  64%|██████▍   | 295/459 [00:28<00:15, 10.34it/s]
Epoch 4/50 [Train]:  65%|██████▍   | 297/459 [00:29<00:15, 10.34it/s]
Epoch 4/50 [Train]:  65%|██████▌   | 299/459 [00:29<00:15, 10.33it/s]
Epoch 4/50 [Train]:  66%|██████▌   | 301/459 [00:29<00:15, 10.30it/s]
Epoch 4/50 [Train]:  66%|██████▌   | 303/459 [00:29<00:15, 10.18it/s]
Epoch 4/50 [Train]:  66%|██████▋   | 305/459 [00:29<00:15, 10.22it/s]
Epoch 4/50 [Train]:  67%|██████▋   | 307/459 [00:29<00:14, 10.28it/s]
Epoch 4/50 [Train]:  67%|██████▋   | 309/459 [00:30<00:14, 10.28it/s]
Epoch 4/50 [Train]:  68%|██████▊   | 311/459 [00:30<00:14, 10.30it/s]
Epoch 4/50 [Train]:  68%|██████▊   | 313/459 [00:30<00:14, 10.29it/s]
Epoch 4/50 [Train]:  69%|██████▊   | 315/459 [00:30<00:14, 10.26it/s]
Epoch 4/50 [Train]:  69%|██████▉   | 317/459 [00:30<00:13, 10.30it/s]
Epoch 4/50 [Train]:  69%|██████▉   | 319/459 [00:31<00:13, 10.31it/s]
Epoch 4/50 [Train]:  70%|██████▉   | 321/459 [00:31<00:13, 10.31it/s]
Epoch 4/50 [Train]:  70%|███████   | 323/459 [00:31<00:13, 10.26it/s]
Epoch 4/50 [Train]:  71%|███████   | 325/459 [00:31<00:13, 10.28it/s]
Epoch 4/50 [Train]:  71%|███████   | 327/459 [00:31<00:12, 10.28it/s]
Epoch 4/50 [Train]:  72%|███████▏  | 329/459 [00:32<00:12, 10.33it/s]
Epoch 4/50 [Train]:  72%|███████▏  | 331/459 [00:32<00:12, 10.27it/s]
Epoch 4/50 [Train]:  73%|███████▎  | 333/459 [00:32<00:12, 10.31it/s]
Epoch 4/50 [Train]:  73%|███████▎  | 335/459 [00:32<00:12, 10.23it/s]
Epoch 4/50 [Train]:  73%|███████▎  | 337/459 [00:32<00:11, 10.31it/s]
Epoch 4/50 [Train]:  74%|███████▍  | 339/459 [00:33<00:11, 10.28it/s]
Epoch 4/50 [Train]:  74%|███████▍  | 341/459 [00:33<00:11, 10.29it/s]
Epoch 4/50 [Train]:  75%|███████▍  | 343/459 [00:33<00:11, 10.26it/s]
Epoch 4/50 [Train]:  75%|███████▌  | 345/459 [00:33<00:11, 10.31it/s]
Epoch 4/50 [Train]:  76%|███████▌  | 347/459 [00:33<00:10, 10.30it/s]
Epoch 4/50 [Train]:  76%|███████▌  | 349/459 [00:34<00:10, 10.36it/s]
Epoch 4/50 [Train]:  76%|███████▋  | 351/459 [00:34<00:10, 10.37it/s]
Epoch 4/50 [Train]:  77%|███████▋  | 353/459 [00:34<00:10, 10.37it/s]
Epoch 4/50 [Train]:  77%|███████▋  | 355/459 [00:34<00:10, 10.36it/s]
Epoch 4/50 [Train]:  78%|███████▊  | 357/459 [00:34<00:09, 10.39it/s]
Epoch 4/50 [Train]:  78%|███████▊  | 359/459 [00:35<00:09, 10.37it/s]
Epoch 4/50 [Train]:  79%|███████▊  | 361/459 [00:35<00:09, 10.37it/s]
Epoch 4/50 [Train]:  79%|███████▉  | 363/459 [00:35<00:09, 10.32it/s]
Epoch 4/50 [Train]:  80%|███████▉  | 365/459 [00:35<00:09, 10.33it/s]
Epoch 4/50 [Train]:  80%|███████▉  | 367/459 [00:35<00:08, 10.33it/s]
Epoch 4/50 [Train]:  80%|████████  | 369/459 [00:35<00:08, 10.38it/s]
Epoch 4/50 [Train]:  81%|████████  | 371/459 [00:36<00:08, 10.36it/s]
Epoch 4/50 [Train]:  81%|████████▏ | 373/459 [00:36<00:08, 10.34it/s]
Epoch 4/50 [Train]:  82%|████████▏ | 375/459 [00:36<00:08, 10.34it/s]
Epoch 4/50 [Train]:  82%|████████▏ | 377/459 [00:36<00:07, 10.32it/s]
Epoch 4/50 [Train]:  83%|████████▎ | 379/459 [00:36<00:07, 10.27it/s]
Epoch 4/50 [Train]:  83%|████████▎ | 381/459 [00:37<00:07, 10.28it/s]
Epoch 4/50 [Train]:  83%|████████▎ | 383/459 [00:37<00:07, 10.34it/s]
Epoch 4/50 [Train]:  84%|████████▍ | 385/459 [00:37<00:07, 10.39it/s]
Epoch 4/50 [Train]:  84%|████████▍ | 387/459 [00:37<00:06, 10.29it/s]
Epoch 4/50 [Train]:  85%|████████▍ | 389/459 [00:37<00:06, 10.30it/s]
Epoch 4/50 [Train]:  85%|████████▌ | 391/459 [00:38<00:06, 10.35it/s]
Epoch 4/50 [Train]:  86%|████████▌ | 393/459 [00:38<00:06, 10.37it/s]
Epoch 4/50 [Train]:  86%|████████▌ | 395/459 [00:38<00:06, 10.40it/s]
Epoch 4/50 [Train]:  86%|████████▋ | 397/459 [00:38<00:05, 10.42it/s]
Epoch 4/50 [Train]:  87%|████████▋ | 399/459 [00:38<00:05, 10.45it/s]
Epoch 4/50 [Train]:  87%|████████▋ | 401/459 [00:39<00:05, 10.35it/s]
Epoch 4/50 [Train]:  88%|████████▊ | 403/459 [00:39<00:05, 10.36it/s]
Epoch 4/50 [Train]:  88%|████████▊ | 405/459 [00:39<00:05, 10.39it/s]
Epoch 4/50 [Train]:  89%|████████▊ | 407/459 [00:39<00:05, 10.36it/s]
Epoch 4/50 [Train]:  89%|████████▉ | 409/459 [00:39<00:04, 10.32it/s]
Epoch 4/50 [Train]:  90%|████████▉ | 411/459 [00:40<00:04, 10.36it/s]
Epoch 4/50 [Train]:  90%|████████▉ | 413/459 [00:40<00:04, 10.39it/s]
Epoch 4/50 [Train]:  90%|█████████ | 415/459 [00:40<00:04, 10.35it/s]
Epoch 4/50 [Train]:  91%|█████████ | 417/459 [00:40<00:04, 10.34it/s]
Epoch 4/50 [Train]:  91%|█████████▏| 419/459 [00:40<00:03, 10.28it/s]
Epoch 4/50 [Train]:  92%|█████████▏| 421/459 [00:41<00:03, 10.33it/s]
Epoch 4/50 [Train]:  92%|█████████▏| 423/459 [00:41<00:03, 10.33it/s]
Epoch 4/50 [Train]:  93%|█████████▎| 425/459 [00:41<00:03, 10.29it/s]
Epoch 4/50 [Train]:  93%|█████████▎| 427/459 [00:41<00:03, 10.27it/s]
Epoch 4/50 [Train]:  93%|█████████▎| 429/459 [00:41<00:02, 10.16it/s]
Epoch 4/50 [Train]:  94%|█████████▍| 431/459 [00:42<00:02, 10.09it/s]
Epoch 4/50 [Train]:  94%|█████████▍| 433/459 [00:42<00:02, 10.19it/s]
Epoch 4/50 [Train]:  95%|█████████▍| 435/459 [00:42<00:02, 10.22it/s]
Epoch 4/50 [Train]:  95%|█████████▌| 437/459 [00:42<00:02, 10.21it/s]
Epoch 4/50 [Train]:  96%|█████████▌| 439/459 [00:42<00:01, 10.19it/s]
Epoch 4/50 [Train]:  96%|█████████▌| 441/459 [00:42<00:01, 10.20it/s]
Epoch 4/50 [Train]:  97%|█████████▋| 443/459 [00:43<00:01, 10.23it/s]
Epoch 4/50 [Train]:  97%|█████████▋| 445/459 [00:43<00:01, 10.30it/s]
Epoch 4/50 [Train]:  97%|█████████▋| 447/459 [00:43<00:01, 10.30it/s]
Epoch 4/50 [Train]:  98%|█████████▊| 449/459 [00:43<00:00, 10.31it/s]
Epoch 4/50 [Train]:  98%|█████████▊| 451/459 [00:43<00:00, 10.21it/s]
Epoch 4/50 [Train]:  99%|█████████▊| 453/459 [00:44<00:00, 10.09it/s]
Epoch 4/50 [Train]:  99%|█████████▉| 455/459 [00:44<00:00,  9.93it/s]
Epoch 4/50 [Train]: 100%|█████████▉| 457/459 [00:44<00:00, 10.01it/s]
Epoch 4/50 [Train]: 100%|██████████| 459/459 [00:44<00:00, 10.00it/s]
                                                                     

Epoch 4/50 [Val]:   0%|          | 0/113 [00:00<?, ?it/s]
Epoch 4/50 [Val]:   2%|▏         | 2/113 [00:00<00:08, 13.33it/s]
Epoch 4/50 [Val]:   4%|▎         | 4/113 [00:00<00:08, 13.41it/s]
Epoch 4/50 [Val]:   5%|▌         | 6/113 [00:00<00:08, 13.29it/s]
Epoch 4/50 [Val]:   7%|▋         | 8/113 [00:00<00:07, 13.17it/s]
Epoch 4/50 [Val]:   9%|▉         | 10/113 [00:00<00:07, 13.35it/s]
Epoch 4/50 [Val]:  11%|█         | 12/113 [00:00<00:07, 13.41it/s]
Epoch 4/50 [Val]:  12%|█▏        | 14/113 [00:01<00:07, 13.40it/s]
Epoch 4/50 [Val]:  14%|█▍        | 16/113 [00:01<00:07, 12.96it/s]
Epoch 4/50 [Val]:  16%|█▌        | 18/113 [00:01<00:07, 12.76it/s]
Epoch 4/50 [Val]:  18%|█▊        | 20/113 [00:01<00:07, 12.43it/s]
Epoch 4/50 [Val]:  19%|█▉        | 22/113 [00:01<00:07, 12.37it/s]
Epoch 4/50 [Val]:  21%|██        | 24/113 [00:01<00:07, 12.21it/s]
Epoch 4/50 [Val]:  23%|██▎       | 26/113 [00:02<00:06, 12.44it/s]
Epoch 4/50 [Val]:  25%|██▍       | 28/113 [00:02<00:06, 12.70it/s]
Epoch 4/50 [Val]:  27%|██▋       | 30/113 [00:02<00:06, 12.82it/s]
Epoch 4/50 [Val]:  28%|██▊       | 32/113 [00:02<00:06, 12.93it/s]
Epoch 4/50 [Val]:  30%|███       | 34/113 [00:02<00:06, 13.00it/s]
Epoch 4/50 [Val]:  32%|███▏      | 36/113 [00:02<00:05, 13.16it/s]
Epoch 4/50 [Val]:  34%|███▎      | 38/113 [00:02<00:05, 13.22it/s]
Epoch 4/50 [Val]:  35%|███▌      | 40/113 [00:03<00:05, 13.29it/s]
Epoch 4/50 [Val]:  37%|███▋      | 42/113 [00:03<00:05, 13.50it/s]
Epoch 4/50 [Val]:  39%|███▉      | 44/113 [00:03<00:05, 13.13it/s]
Epoch 4/50 [Val]:  41%|████      | 46/113 [00:03<00:05, 12.81it/s]
Epoch 4/50 [Val]:  42%|████▏     | 48/113 [00:03<00:04, 13.04it/s]
Epoch 4/50 [Val]:  44%|████▍     | 50/113 [00:03<00:04, 13.00it/s]
Epoch 4/50 [Val]:  46%|████▌     | 52/113 [00:03<00:04, 13.30it/s]
Epoch 4/50 [Val]:  48%|████▊     | 54/113 [00:04<00:04, 13.30it/s]
Epoch 4/50 [Val]:  50%|████▉     | 56/113 [00:04<00:04, 13.24it/s]
Epoch 4/50 [Val]:  51%|█████▏    | 58/113 [00:04<00:04, 13.11it/s]
Epoch 4/50 [Val]:  53%|█████▎    | 60/113 [00:04<00:03, 13.40it/s]
Epoch 4/50 [Val]:  55%|█████▍    | 62/113 [00:04<00:03, 13.47it/s]
Epoch 4/50 [Val]:  57%|█████▋    | 64/113 [00:04<00:03, 13.50it/s]
Epoch 4/50 [Val]:  58%|█████▊    | 66/113 [00:05<00:03, 13.34it/s]
Epoch 4/50 [Val]:  60%|██████    | 68/113 [00:05<00:03, 13.14it/s]
Epoch 4/50 [Val]:  62%|██████▏   | 70/113 [00:05<00:03, 13.25it/s]
Epoch 4/50 [Val]:  64%|██████▎   | 72/113 [00:05<00:03, 13.50it/s]
Epoch 4/50 [Val]:  65%|██████▌   | 74/113 [00:05<00:02, 13.46it/s]
Epoch 4/50 [Val]:  67%|██████▋   | 76/113 [00:05<00:02, 13.49it/s]
Epoch 4/50 [Val]:  69%|██████▉   | 78/113 [00:05<00:02, 13.24it/s]
Epoch 4/50 [Val]:  71%|███████   | 80/113 [00:06<00:02, 13.39it/s]
Epoch 4/50 [Val]:  73%|███████▎  | 82/113 [00:06<00:02, 13.41it/s]
Epoch 4/50 [Val]:  74%|███████▍  | 84/113 [00:06<00:02, 13.51it/s]
Epoch 4/50 [Val]:  76%|███████▌  | 86/113 [00:06<00:01, 13.56it/s]
Epoch 4/50 [Val]:  78%|███████▊  | 88/113 [00:06<00:01, 13.48it/s]
Epoch 4/50 [Val]:  80%|███████▉  | 90/113 [00:06<00:01, 13.50it/s]
Epoch 4/50 [Val]:  81%|████████▏ | 92/113 [00:06<00:01, 13.61it/s]
Epoch 4/50 [Val]:  83%|████████▎ | 94/113 [00:07<00:01, 13.76it/s]
Epoch 4/50 [Val]:  85%|████████▍ | 96/113 [00:07<00:01, 13.87it/s]
Epoch 4/50 [Val]:  87%|████████▋ | 98/113 [00:07<00:01, 13.93it/s]
Epoch 4/50 [Val]:  88%|████████▊ | 100/113 [00:07<00:00, 13.71it/s]
Epoch 4/50 [Val]:  90%|█████████ | 102/113 [00:07<00:00, 13.42it/s]
Epoch 4/50 [Val]:  92%|█████████▏| 104/113 [00:07<00:00, 13.55it/s]
Epoch 4/50 [Val]:  94%|█████████▍| 106/113 [00:07<00:00, 13.58it/s]
Epoch 4/50 [Val]:  96%|█████████▌| 108/113 [00:08<00:00, 13.82it/s]
Epoch 4/50 [Val]:  97%|█████████▋| 110/113 [00:08<00:00, 13.80it/s]
Epoch 4/50 [Val]:  99%|█████████▉| 112/113 [00:08<00:00, 13.76it/s]
                                                                   

Epoch 5/50 [Train]:   0%|          | 0/459 [00:00<?, ?it/s]
Epoch 5/50 [Train]:   0%|          | 1/459 [00:00<00:46,  9.88it/s]
Epoch 5/50 [Train]:   0%|          | 2/459 [00:00<00:46,  9.91it/s]
Epoch 5/50 [Train]:   1%|          | 3/459 [00:00<00:45,  9.92it/s]
Epoch 5/50 [Train]:   1%|          | 5/459 [00:00<00:44, 10.09it/s]
Epoch 5/50 [Train]:   2%|▏         | 7/459 [00:00<00:44, 10.22it/s]
Epoch 5/50 [Train]:   2%|▏         | 9/459 [00:00<00:44, 10.15it/s]
Epoch 5/50 [Train]:   2%|▏         | 11/459 [00:01<00:43, 10.27it/s]
Epoch 5/50 [Train]:   3%|▎         | 13/459 [00:01<00:43, 10.27it/s]
Epoch 5/50 [Train]:   3%|▎         | 15/459 [00:01<00:43, 10.29it/s]
Epoch 5/50 [Train]:   4%|▎         | 17/459 [00:01<00:43, 10.21it/s]
Epoch 5/50 [Train]:   4%|▍         | 19/459 [00:01<00:42, 10.27it/s]
Epoch 5/50 [Train]:   5%|▍         | 21/459 [00:02<00:42, 10.19it/s]
Epoch 5/50 [Train]:   5%|▌         | 23/459 [00:02<00:42, 10.24it/s]
Epoch 5/50 [Train]:   5%|▌         | 25/459 [00:02<00:43, 10.09it/s]
Epoch 5/50 [Train]:   6%|▌         | 27/459 [00:02<00:42, 10.14it/s]
Epoch 5/50 [Train]:   6%|▋         | 29/459 [00:02<00:42, 10.17it/s]
Epoch 5/50 [Train]:   7%|▋         | 31/459 [00:03<00:41, 10.23it/s]
Epoch 5/50 [Train]:   7%|▋         | 33/459 [00:03<00:41, 10.21it/s]
Epoch 5/50 [Train]:   8%|▊         | 35/459 [00:03<00:41, 10.17it/s]
Epoch 5/50 [Train]:   8%|▊         | 37/459 [00:03<00:41, 10.22it/s]
Epoch 5/50 [Train]:   8%|▊         | 39/459 [00:03<00:41, 10.23it/s]
Epoch 5/50 [Train]:   9%|▉         | 41/459 [00:04<00:40, 10.21it/s]
Epoch 5/50 [Train]:   9%|▉         | 43/459 [00:04<00:40, 10.17it/s]
Epoch 5/50 [Train]:  10%|▉         | 45/459 [00:04<00:40, 10.24it/s]
Epoch 5/50 [Train]:  10%|█         | 47/459 [00:04<00:40, 10.22it/s]
Epoch 5/50 [Train]:  11%|█         | 49/459 [00:04<00:39, 10.28it/s]
Epoch 5/50 [Train]:  11%|█         | 51/459 [00:04<00:39, 10.34it/s]
Epoch 5/50 [Train]:  12%|█▏        | 53/459 [00:05<00:39, 10.34it/s]
Epoch 5/50 [Train]:  12%|█▏        | 55/459 [00:05<00:39, 10.32it/s]
Epoch 5/50 [Train]:  12%|█▏        | 57/459 [00:05<00:38, 10.34it/s]
Epoch 5/50 [Train]:  13%|█▎        | 59/459 [00:05<00:38, 10.37it/s]
Epoch 5/50 [Train]:  13%|█▎        | 61/459 [00:05<00:38, 10.27it/s]
Epoch 5/50 [Train]:  14%|█▎        | 63/459 [00:06<00:38, 10.32it/s]
Epoch 5/50 [Train]:  14%|█▍        | 65/459 [00:06<00:38, 10.30it/s]
Epoch 5/50 [Train]:  15%|█▍        | 67/459 [00:06<00:37, 10.36it/s]
Epoch 5/50 [Train]:  15%|█▌        | 69/459 [00:06<00:37, 10.29it/s]
Epoch 5/50 [Train]:  15%|█▌        | 71/459 [00:06<00:37, 10.26it/s]
Epoch 5/50 [Train]:  16%|█▌        | 73/459 [00:07<00:37, 10.31it/s]
Epoch 5/50 [Train]:  16%|█▋        | 75/459 [00:07<00:37, 10.33it/s]
Epoch 5/50 [Train]:  17%|█▋        | 77/459 [00:07<00:36, 10.36it/s]
Epoch 5/50 [Train]:  17%|█▋        | 79/459 [00:07<00:36, 10.36it/s]
Epoch 5/50 [Train]:  18%|█▊        | 81/459 [00:07<00:36, 10.36it/s]
Epoch 5/50 [Train]:  18%|█▊        | 83/459 [00:08<00:36, 10.35it/s]
Epoch 5/50 [Train]:  19%|█▊        | 85/459 [00:08<00:36, 10.37it/s]
Epoch 5/50 [Train]:  19%|█▉        | 87/459 [00:08<00:36, 10.33it/s]
Epoch 5/50 [Train]:  19%|█▉        | 89/459 [00:08<00:35, 10.32it/s]
Epoch 5/50 [Train]:  20%|█▉        | 91/459 [00:08<00:35, 10.38it/s]
Epoch 5/50 [Train]:  20%|██        | 93/459 [00:09<00:35, 10.36it/s]
Epoch 5/50 [Train]:  21%|██        | 95/459 [00:09<00:35, 10.36it/s]
Epoch 5/50 [Train]:  21%|██        | 97/459 [00:09<00:34, 10.35it/s]
Epoch 5/50 [Train]:  22%|██▏       | 99/459 [00:09<00:34, 10.33it/s]
Epoch 5/50 [Train]:  22%|██▏       | 101/459 [00:09<00:34, 10.36it/s]
Epoch 5/50 [Train]:  22%|██▏       | 103/459 [00:10<00:34, 10.35it/s]
Epoch 5/50 [Train]:  23%|██▎       | 105/459 [00:10<00:34, 10.31it/s]
Epoch 5/50 [Train]:  23%|██▎       | 107/459 [00:10<00:34, 10.30it/s]
Epoch 5/50 [Train]:  24%|██▎       | 109/459 [00:10<00:33, 10.34it/s]
Epoch 5/50 [Train]:  24%|██▍       | 111/459 [00:10<00:33, 10.33it/s]
Epoch 5/50 [Train]:  25%|██▍       | 113/459 [00:10<00:33, 10.31it/s]
Epoch 5/50 [Train]:  25%|██▌       | 115/459 [00:11<00:33, 10.37it/s]
Epoch 5/50 [Train]:  25%|██▌       | 117/459 [00:11<00:33, 10.35it/s]
Epoch 5/50 [Train]:  26%|██▌       | 119/459 [00:11<00:32, 10.35it/s]
Epoch 5/50 [Train]:  26%|██▋       | 121/459 [00:11<00:33, 10.10it/s]
Epoch 5/50 [Train]:  27%|██▋       | 123/459 [00:11<00:33, 10.01it/s]
Epoch 5/50 [Train]:  27%|██▋       | 125/459 [00:12<00:33, 10.07it/s]
Epoch 5/50 [Train]:  28%|██▊       | 127/459 [00:12<00:32, 10.09it/s]
Epoch 5/50 [Train]:  28%|██▊       | 129/459 [00:12<00:33,  9.97it/s]
Epoch 5/50 [Train]:  29%|██▊       | 131/459 [00:12<00:32, 10.09it/s]
Epoch 5/50 [Train]:  29%|██▉       | 133/459 [00:12<00:32, 10.14it/s]
Epoch 5/50 [Train]:  29%|██▉       | 135/459 [00:13<00:31, 10.22it/s]
Epoch 5/50 [Train]:  30%|██▉       | 137/459 [00:13<00:31, 10.21it/s]
Epoch 5/50 [Train]:  30%|███       | 139/459 [00:13<00:31, 10.25it/s]
Epoch 5/50 [Train]:  31%|███       | 141/459 [00:13<00:31, 10.25it/s]
Epoch 5/50 [Train]:  31%|███       | 143/459 [00:13<00:30, 10.32it/s]
Epoch 5/50 [Train]:  32%|███▏      | 145/459 [00:14<00:30, 10.38it/s]
Epoch 5/50 [Train]:  32%|███▏      | 147/459 [00:14<00:30, 10.37it/s]
Epoch 5/50 [Train]:  32%|███▏      | 149/459 [00:14<00:30, 10.18it/s]
Epoch 5/50 [Train]:  33%|███▎      | 151/459 [00:14<00:30, 10.09it/s]
Epoch 5/50 [Train]:  33%|███▎      | 153/459 [00:14<00:30, 10.11it/s]
Epoch 5/50 [Train]:  34%|███▍      | 155/459 [00:15<00:30, 10.04it/s]
Epoch 5/50 [Train]:  34%|███▍      | 157/459 [00:15<00:30,  9.99it/s]
Epoch 5/50 [Train]:  35%|███▍      | 159/459 [00:15<00:29, 10.06it/s]
Epoch 5/50 [Train]:  35%|███▌      | 161/459 [00:15<00:29, 10.12it/s]
Epoch 5/50 [Train]:  36%|███▌      | 163/459 [00:15<00:29, 10.19it/s]
Epoch 5/50 [Train]:  36%|███▌      | 165/459 [00:16<00:29, 10.11it/s]
Epoch 5/50 [Train]:  36%|███▋      | 167/459 [00:16<00:28, 10.13it/s]
Epoch 5/50 [Train]:  37%|███▋      | 169/459 [00:16<00:28, 10.22it/s]
Epoch 5/50 [Train]:  37%|███▋      | 171/459 [00:16<00:28, 10.21it/s]
Epoch 5/50 [Train]:  38%|███▊      | 173/459 [00:16<00:27, 10.24it/s]
Epoch 5/50 [Train]:  38%|███▊      | 175/459 [00:17<00:27, 10.24it/s]
Epoch 5/50 [Train]:  39%|███▊      | 177/459 [00:17<00:27, 10.25it/s]
Epoch 5/50 [Train]:  39%|███▉      | 179/459 [00:17<00:27, 10.22it/s]
Epoch 5/50 [Train]:  39%|███▉      | 181/459 [00:17<00:27, 10.27it/s]
Epoch 5/50 [Train]:  40%|███▉      | 183/459 [00:17<00:26, 10.32it/s]
Epoch 5/50 [Train]:  40%|████      | 185/459 [00:18<00:26, 10.34it/s]
Epoch 5/50 [Train]:  41%|████      | 187/459 [00:18<00:26, 10.36it/s]
Epoch 5/50 [Train]:  41%|████      | 189/459 [00:18<00:26, 10.24it/s]
Epoch 5/50 [Train]:  42%|████▏     | 191/459 [00:18<00:26, 10.28it/s]
Epoch 5/50 [Train]:  42%|████▏     | 193/459 [00:18<00:26, 10.22it/s]
Epoch 5/50 [Train]:  42%|████▏     | 195/459 [00:19<00:25, 10.25it/s]
Epoch 5/50 [Train]:  43%|████▎     | 197/459 [00:19<00:25, 10.17it/s]
Epoch 5/50 [Train]:  43%|████▎     | 199/459 [00:19<00:25, 10.09it/s]
Epoch 5/50 [Train]:  44%|████▍     | 201/459 [00:19<00:25, 10.17it/s]
Epoch 5/50 [Train]:  44%|████▍     | 203/459 [00:19<00:25, 10.20it/s]
Epoch 5/50 [Train]:  45%|████▍     | 205/459 [00:20<00:24, 10.24it/s]
Epoch 5/50 [Train]:  45%|████▌     | 207/459 [00:20<00:24, 10.30it/s]
Epoch 5/50 [Train]:  46%|████▌     | 209/459 [00:20<00:24, 10.32it/s]
Epoch 5/50 [Train]:  46%|████▌     | 211/459 [00:20<00:23, 10.34it/s]
Epoch 5/50 [Train]:  46%|████▋     | 213/459 [00:20<00:23, 10.28it/s]
Epoch 5/50 [Train]:  47%|████▋     | 215/459 [00:20<00:23, 10.27it/s]
Epoch 5/50 [Train]:  47%|████▋     | 217/459 [00:21<00:23, 10.26it/s]
Epoch 5/50 [Train]:  48%|████▊     | 219/459 [00:21<00:23, 10.24it/s]
Epoch 5/50 [Train]:  48%|████▊     | 221/459 [00:21<00:23, 10.23it/s]
Epoch 5/50 [Train]:  49%|████▊     | 223/459 [00:21<00:23, 10.24it/s]
Epoch 5/50 [Train]:  49%|████▉     | 225/459 [00:21<00:22, 10.27it/s]
Epoch 5/50 [Train]:  49%|████▉     | 227/459 [00:22<00:22, 10.26it/s]
Epoch 5/50 [Train]:  50%|████▉     | 229/459 [00:22<00:22, 10.26it/s]
Epoch 5/50 [Train]:  50%|█████     | 231/459 [00:22<00:22, 10.31it/s]
Epoch 5/50 [Train]:  51%|█████     | 233/459 [00:22<00:22, 10.18it/s]
Epoch 5/50 [Train]:  51%|█████     | 235/459 [00:22<00:21, 10.20it/s]
Epoch 5/50 [Train]:  52%|█████▏    | 237/459 [00:23<00:21, 10.22it/s]
Epoch 5/50 [Train]:  52%|█████▏    | 239/459 [00:23<00:21, 10.26it/s]
Epoch 5/50 [Train]:  53%|█████▎    | 241/459 [00:23<00:21, 10.28it/s]
Epoch 5/50 [Train]:  53%|█████▎    | 243/459 [00:23<00:21, 10.19it/s]
Epoch 5/50 [Train]:  53%|█████▎    | 245/459 [00:23<00:21, 10.19it/s]
Epoch 5/50 [Train]:  54%|█████▍    | 247/459 [00:24<00:20, 10.21it/s]
Epoch 5/50 [Train]:  54%|█████▍    | 249/459 [00:24<00:20, 10.21it/s]
Epoch 5/50 [Train]:  55%|█████▍    | 251/459 [00:24<00:20, 10.20it/s]
Epoch 5/50 [Train]:  55%|█████▌    | 253/459 [00:24<00:20, 10.23it/s]
Epoch 5/50 [Train]:  56%|█████▌    | 255/459 [00:24<00:19, 10.32it/s]
Epoch 5/50 [Train]:  56%|█████▌    | 257/459 [00:25<00:19, 10.32it/s]
Epoch 5/50 [Train]:  56%|█████▋    | 259/459 [00:25<00:19, 10.34it/s]
Epoch 5/50 [Train]:  57%|█████▋    | 261/459 [00:25<00:19, 10.37it/s]
Epoch 5/50 [Train]:  57%|█████▋    | 263/459 [00:25<00:19, 10.24it/s]
Epoch 5/50 [Train]:  58%|█████▊    | 265/459 [00:25<00:18, 10.27it/s]
Epoch 5/50 [Train]:  58%|█████▊    | 267/459 [00:26<00:18, 10.28it/s]
Epoch 5/50 [Train]:  59%|█████▊    | 269/459 [00:26<00:18, 10.33it/s]
Epoch 5/50 [Train]:  59%|█████▉    | 271/459 [00:26<00:18, 10.33it/s]
Epoch 5/50 [Train]:  59%|█████▉    | 273/459 [00:26<00:17, 10.37it/s]
Epoch 5/50 [Train]:  60%|█████▉    | 275/459 [00:26<00:17, 10.27it/s]
Epoch 5/50 [Train]:  60%|██████    | 277/459 [00:27<00:17, 10.32it/s]
Epoch 5/50 [Train]:  61%|██████    | 279/459 [00:27<00:17, 10.27it/s]
Epoch 5/50 [Train]:  61%|██████    | 281/459 [00:27<00:17, 10.25it/s]
Epoch 5/50 [Train]:  62%|██████▏   | 283/459 [00:27<00:17, 10.26it/s]
Epoch 5/50 [Train]:  62%|██████▏   | 285/459 [00:27<00:17, 10.19it/s]
Epoch 5/50 [Train]:  63%|██████▎   | 287/459 [00:28<00:16, 10.26it/s]
Epoch 5/50 [Train]:  63%|██████▎   | 289/459 [00:28<00:16, 10.25it/s]
Epoch 5/50 [Train]:  63%|██████▎   | 291/459 [00:28<00:16, 10.22it/s]
Epoch 5/50 [Train]:  64%|██████▍   | 293/459 [00:28<00:16, 10.26it/s]
Epoch 5/50 [Train]:  64%|██████▍   | 295/459 [00:28<00:16, 10.23it/s]
Epoch 5/50 [Train]:  65%|██████▍   | 297/459 [00:28<00:15, 10.27it/s]
Epoch 5/50 [Train]:  65%|██████▌   | 299/459 [00:29<00:15, 10.20it/s]
Epoch 5/50 [Train]:  66%|██████▌   | 301/459 [00:29<00:15, 10.23it/s]
Epoch 5/50 [Train]:  66%|██████▌   | 303/459 [00:29<00:15, 10.24it/s]
Epoch 5/50 [Train]:  66%|██████▋   | 305/459 [00:29<00:15, 10.12it/s]
Epoch 5/50 [Train]:  67%|██████▋   | 307/459 [00:29<00:14, 10.21it/s]
Epoch 5/50 [Train]:  67%|██████▋   | 309/459 [00:30<00:14, 10.28it/s]
Epoch 5/50 [Train]:  68%|██████▊   | 311/459 [00:30<00:14, 10.31it/s]
Epoch 5/50 [Train]:  68%|██████▊   | 313/459 [00:30<00:14, 10.34it/s]
Epoch 5/50 [Train]:  69%|██████▊   | 315/459 [00:30<00:13, 10.34it/s]
Epoch 5/50 [Train]:  69%|██████▉   | 317/459 [00:30<00:13, 10.32it/s]
Epoch 5/50 [Train]:  69%|██████▉   | 319/459 [00:31<00:13, 10.29it/s]
Epoch 5/50 [Train]:  70%|██████▉   | 321/459 [00:31<00:13, 10.25it/s]
Epoch 5/50 [Train]:  70%|███████   | 323/459 [00:31<00:13, 10.06it/s]
Epoch 5/50 [Train]:  71%|███████   | 325/459 [00:31<00:13, 10.10it/s]
Epoch 5/50 [Train]:  71%|███████   | 327/459 [00:31<00:12, 10.20it/s]
Epoch 5/50 [Train]:  72%|███████▏  | 329/459 [00:32<00:12, 10.10it/s]
Epoch 5/50 [Train]:  72%|███████▏  | 331/459 [00:32<00:12, 10.14it/s]
Epoch 5/50 [Train]:  73%|███████▎  | 333/459 [00:32<00:12, 10.24it/s]
Epoch 5/50 [Train]:  73%|███████▎  | 335/459 [00:32<00:12, 10.23it/s]
Epoch 5/50 [Train]:  73%|███████▎  | 337/459 [00:32<00:12, 10.14it/s]
Epoch 5/50 [Train]:  74%|███████▍  | 339/459 [00:33<00:11, 10.22it/s]
Epoch 5/50 [Train]:  74%|███████▍  | 341/459 [00:33<00:11, 10.26it/s]
Epoch 5/50 [Train]:  75%|███████▍  | 343/459 [00:33<00:11, 10.17it/s]
Epoch 5/50 [Train]:  75%|███████▌  | 345/459 [00:33<00:11, 10.24it/s]
Epoch 5/50 [Train]:  76%|███████▌  | 347/459 [00:33<00:10, 10.27it/s]
Epoch 5/50 [Train]:  76%|███████▌  | 349/459 [00:34<00:10, 10.33it/s]
Epoch 5/50 [Train]:  76%|███████▋  | 351/459 [00:34<00:10, 10.36it/s]
Epoch 5/50 [Train]:  77%|███████▋  | 353/459 [00:34<00:10, 10.24it/s]
Epoch 5/50 [Train]:  77%|███████▋  | 355/459 [00:34<00:10, 10.24it/s]
Epoch 5/50 [Train]:  78%|███████▊  | 357/459 [00:34<00:10, 10.18it/s]
Epoch 5/50 [Train]:  78%|███████▊  | 359/459 [00:35<00:09, 10.25it/s]
Epoch 5/50 [Train]:  79%|███████▊  | 361/459 [00:35<00:09, 10.26it/s]
Epoch 5/50 [Train]:  79%|███████▉  | 363/459 [00:35<00:09, 10.19it/s]
Epoch 5/50 [Train]:  80%|███████▉  | 365/459 [00:35<00:09, 10.23it/s]
Epoch 5/50 [Train]:  80%|███████▉  | 367/459 [00:35<00:08, 10.31it/s]
Epoch 5/50 [Train]:  80%|████████  | 369/459 [00:36<00:08, 10.31it/s]
Epoch 5/50 [Train]:  81%|████████  | 371/459 [00:36<00:08, 10.34it/s]
Epoch 5/50 [Train]:  81%|████████▏ | 373/459 [00:36<00:08, 10.32it/s]
Epoch 5/50 [Train]:  82%|████████▏ | 375/459 [00:36<00:08, 10.38it/s]
Epoch 5/50 [Train]:  82%|████████▏ | 377/459 [00:36<00:07, 10.31it/s]
Epoch 5/50 [Train]:  83%|████████▎ | 379/459 [00:36<00:07, 10.32it/s]
Epoch 5/50 [Train]:  83%|████████▎ | 381/459 [00:37<00:07, 10.36it/s]
Epoch 5/50 [Train]:  83%|████████▎ | 383/459 [00:37<00:07, 10.27it/s]
Epoch 5/50 [Train]:  84%|████████▍ | 385/459 [00:37<00:07, 10.18it/s]
Epoch 5/50 [Train]:  84%|████████▍ | 387/459 [00:37<00:07, 10.23it/s]
Epoch 5/50 [Train]:  85%|████████▍ | 389/459 [00:37<00:06, 10.23it/s]
Epoch 5/50 [Train]:  85%|████████▌ | 391/459 [00:38<00:06, 10.27it/s]
Epoch 5/50 [Train]:  86%|████████▌ | 393/459 [00:38<00:06, 10.11it/s]
Epoch 5/50 [Train]:  86%|████████▌ | 395/459 [00:38<00:06, 10.18it/s]
Epoch 5/50 [Train]:  86%|████████▋ | 397/459 [00:38<00:06, 10.21it/s]
Epoch 5/50 [Train]:  87%|████████▋ | 399/459 [00:38<00:05, 10.14it/s]
Epoch 5/50 [Train]:  87%|████████▋ | 401/459 [00:39<00:05, 10.12it/s]
Epoch 5/50 [Train]:  88%|████████▊ | 403/459 [00:39<00:05, 10.06it/s]
Epoch 5/50 [Train]:  88%|████████▊ | 405/459 [00:39<00:05, 10.08it/s]
Epoch 5/50 [Train]:  89%|████████▊ | 407/459 [00:39<00:05, 10.12it/s]
Epoch 5/50 [Train]:  89%|████████▉ | 409/459 [00:39<00:04, 10.22it/s]
Epoch 5/50 [Train]:  90%|████████▉ | 411/459 [00:40<00:04, 10.21it/s]
Epoch 5/50 [Train]:  90%|████████▉ | 413/459 [00:40<00:04, 10.13it/s]
Epoch 5/50 [Train]:  90%|█████████ | 415/459 [00:40<00:04, 10.14it/s]
Epoch 5/50 [Train]:  91%|█████████ | 417/459 [00:40<00:04, 10.20it/s]
Epoch 5/50 [Train]:  91%|█████████▏| 419/459 [00:40<00:03, 10.25it/s]
Epoch 5/50 [Train]:  92%|█████████▏| 421/459 [00:41<00:03, 10.34it/s]
Epoch 5/50 [Train]:  92%|█████████▏| 423/459 [00:41<00:03, 10.38it/s]
Epoch 5/50 [Train]:  93%|█████████▎| 425/459 [00:41<00:03, 10.32it/s]
Epoch 5/50 [Train]:  93%|█████████▎| 427/459 [00:41<00:03, 10.25it/s]
Epoch 5/50 [Train]:  93%|█████████▎| 429/459 [00:41<00:02, 10.20it/s]
Epoch 5/50 [Train]:  94%|█████████▍| 431/459 [00:42<00:02, 10.20it/s]
Epoch 5/50 [Train]:  94%|█████████▍| 433/459 [00:42<00:02, 10.06it/s]
Epoch 5/50 [Train]:  95%|█████████▍| 435/459 [00:42<00:02, 10.16it/s]
Epoch 5/50 [Train]:  95%|█████████▌| 437/459 [00:42<00:02, 10.19it/s]
Epoch 5/50 [Train]:  96%|█████████▌| 439/459 [00:42<00:01, 10.06it/s]
Epoch 5/50 [Train]:  96%|█████████▌| 441/459 [00:43<00:01, 10.15it/s]
Epoch 5/50 [Train]:  97%|█████████▋| 443/459 [00:43<00:01, 10.23it/s]
Epoch 5/50 [Train]:  97%|█████████▋| 445/459 [00:43<00:01, 10.18it/s]
Epoch 5/50 [Train]:  97%|█████████▋| 447/459 [00:43<00:01, 10.21it/s]
Epoch 5/50 [Train]:  98%|█████████▊| 449/459 [00:43<00:00, 10.09it/s]
Epoch 5/50 [Train]:  98%|█████████▊| 451/459 [00:44<00:00, 10.18it/s]
Epoch 5/50 [Train]:  99%|█████████▊| 453/459 [00:44<00:00, 10.24it/s]
Epoch 5/50 [Train]:  99%|█████████▉| 455/459 [00:44<00:00, 10.23it/s]
Epoch 5/50 [Train]: 100%|█████████▉| 457/459 [00:44<00:00, 10.17it/s]
Epoch 5/50 [Train]: 100%|██████████| 459/459 [00:44<00:00, 10.17it/s]
                                                                     

Epoch 5/50 [Val]:   0%|          | 0/113 [00:00<?, ?it/s]
Epoch 5/50 [Val]:   2%|▏         | 2/113 [00:00<00:08, 13.37it/s]
Epoch 5/50 [Val]:   4%|▎         | 4/113 [00:00<00:08, 13.19it/s]
Epoch 5/50 [Val]:   5%|▌         | 6/113 [00:00<00:08, 13.17it/s]
Epoch 5/50 [Val]:   7%|▋         | 8/113 [00:00<00:07, 13.34it/s]
Epoch 5/50 [Val]:   9%|▉         | 10/113 [00:00<00:07, 13.51it/s]
Epoch 5/50 [Val]:  11%|█         | 12/113 [00:00<00:07, 13.60it/s]
Epoch 5/50 [Val]:  12%|█▏        | 14/113 [00:01<00:07, 13.55it/s]
Epoch 5/50 [Val]:  14%|█▍        | 16/113 [00:01<00:07, 13.16it/s]
Epoch 5/50 [Val]:  16%|█▌        | 18/113 [00:01<00:07, 12.86it/s]
Epoch 5/50 [Val]:  18%|█▊        | 20/113 [00:01<00:07, 12.55it/s]
Epoch 5/50 [Val]:  19%|█▉        | 22/113 [00:01<00:07, 12.51it/s]
Epoch 5/50 [Val]:  21%|██        | 24/113 [00:01<00:07, 12.28it/s]
Epoch 5/50 [Val]:  23%|██▎       | 26/113 [00:02<00:07, 12.36it/s]
Epoch 5/50 [Val]:  25%|██▍       | 28/113 [00:02<00:06, 12.46it/s]
Epoch 5/50 [Val]:  27%|██▋       | 30/113 [00:02<00:06, 12.79it/s]
Epoch 5/50 [Val]:  28%|██▊       | 32/113 [00:02<00:06, 12.81it/s]
Epoch 5/50 [Val]:  30%|███       | 34/113 [00:02<00:06, 12.95it/s]
Epoch 5/50 [Val]:  32%|███▏      | 36/113 [00:02<00:05, 13.19it/s]
Epoch 5/50 [Val]:  34%|███▎      | 38/113 [00:02<00:05, 13.22it/s]
Epoch 5/50 [Val]:  35%|███▌      | 40/113 [00:03<00:05, 13.37it/s]
Epoch 5/50 [Val]:  37%|███▋      | 42/113 [00:03<00:05, 13.56it/s]
Epoch 5/50 [Val]:  39%|███▉      | 44/113 [00:03<00:05, 13.36it/s]
Epoch 5/50 [Val]:  41%|████      | 46/113 [00:03<00:05, 13.28it/s]
Epoch 5/50 [Val]:  42%|████▏     | 48/113 [00:03<00:04, 13.37it/s]
Epoch 5/50 [Val]:  44%|████▍     | 50/113 [00:03<00:04, 13.53it/s]
Epoch 5/50 [Val]:  46%|████▌     | 52/113 [00:03<00:04, 13.76it/s]
Epoch 5/50 [Val]:  48%|████▊     | 54/113 [00:04<00:04, 13.83it/s]
Epoch 5/50 [Val]:  50%|████▉     | 56/113 [00:04<00:04, 13.82it/s]
Epoch 5/50 [Val]:  51%|█████▏    | 58/113 [00:04<00:04, 13.35it/s]
Epoch 5/50 [Val]:  53%|█████▎    | 60/113 [00:04<00:03, 13.61it/s]
Epoch 5/50 [Val]:  55%|█████▍    | 62/113 [00:04<00:03, 13.51it/s]
Epoch 5/50 [Val]:  57%|█████▋    | 64/113 [00:04<00:03, 13.41it/s]
Epoch 5/50 [Val]:  58%|█████▊    | 66/113 [00:05<00:03, 13.27it/s]
Epoch 5/50 [Val]:  60%|██████    | 68/113 [00:05<00:03, 13.18it/s]
Epoch 5/50 [Val]:  62%|██████▏   | 70/113 [00:05<00:03, 13.37it/s]
Epoch 5/50 [Val]:  64%|██████▎   | 72/113 [00:05<00:03, 13.48it/s]
Epoch 5/50 [Val]:  65%|██████▌   | 74/113 [00:05<00:02, 13.57it/s]
Epoch 5/50 [Val]:  67%|██████▋   | 76/113 [00:05<00:02, 13.70it/s]
Epoch 5/50 [Val]:  69%|██████▉   | 78/113 [00:05<00:02, 13.70it/s]
Epoch 5/50 [Val]:  71%|███████   | 80/113 [00:06<00:02, 13.68it/s]
Epoch 5/50 [Val]:  73%|███████▎  | 82/113 [00:06<00:02, 13.54it/s]
Epoch 5/50 [Val]:  74%|███████▍  | 84/113 [00:06<00:02, 13.49it/s]
Epoch 5/50 [Val]:  76%|███████▌  | 86/113 [00:06<00:01, 13.54it/s]
Epoch 5/50 [Val]:  78%|███████▊  | 88/113 [00:06<00:01, 13.41it/s]
Epoch 5/50 [Val]:  80%|███████▉  | 90/113 [00:06<00:01, 13.63it/s]
Epoch 5/50 [Val]:  81%|████████▏ | 92/113 [00:06<00:01, 13.69it/s]
Epoch 5/50 [Val]:  83%|████████▎ | 94/113 [00:07<00:01, 13.75it/s]
Epoch 5/50 [Val]:  85%|████████▍ | 96/113 [00:07<00:01, 13.93it/s]
Epoch 5/50 [Val]:  87%|████████▋ | 98/113 [00:07<00:01, 13.99it/s]
Epoch 5/50 [Val]:  88%|████████▊ | 100/113 [00:07<00:00, 13.71it/s]
Epoch 5/50 [Val]:  90%|█████████ | 102/113 [00:07<00:00, 13.55it/s]
Epoch 5/50 [Val]:  92%|█████████▏| 104/113 [00:07<00:00, 13.71it/s]
Epoch 5/50 [Val]:  94%|█████████▍| 106/113 [00:07<00:00, 13.72it/s]
Epoch 5/50 [Val]:  96%|█████████▌| 108/113 [00:08<00:00, 13.77it/s]
Epoch 5/50 [Val]:  97%|█████████▋| 110/113 [00:08<00:00, 13.92it/s]
Epoch 5/50 [Val]:  99%|█████████▉| 112/113 [00:08<00:00, 13.94it/s]
                                                                   

Epoch 6/50 [Train]:   0%|          | 0/459 [00:00<?, ?it/s]
Epoch 6/50 [Train]:   0%|          | 1/459 [00:00<00:46,  9.78it/s]
Epoch 6/50 [Train]:   0%|          | 2/459 [00:00<00:47,  9.57it/s]
Epoch 6/50 [Train]:   1%|          | 3/459 [00:00<00:47,  9.65it/s]
Epoch 6/50 [Train]:   1%|          | 5/459 [00:00<00:45, 10.08it/s]
Epoch 6/50 [Train]:   2%|▏         | 7/459 [00:00<00:44, 10.16it/s]
Epoch 6/50 [Train]:   2%|▏         | 9/459 [00:00<00:44, 10.19it/s]
Epoch 6/50 [Train]:   2%|▏         | 11/459 [00:01<00:43, 10.19it/s]
Epoch 6/50 [Train]:   3%|▎         | 13/459 [00:01<00:43, 10.18it/s]
Epoch 6/50 [Train]:   3%|▎         | 15/459 [00:01<00:43, 10.20it/s]
Epoch 6/50 [Train]:   4%|▎         | 17/459 [00:01<00:43, 10.28it/s]
Epoch 6/50 [Train]:   4%|▍         | 19/459 [00:01<00:42, 10.29it/s]
Epoch 6/50 [Train]:   5%|▍         | 21/459 [00:02<00:42, 10.35it/s]
Epoch 6/50 [Train]:   5%|▌         | 23/459 [00:02<00:42, 10.29it/s]
Epoch 6/50 [Train]:   5%|▌         | 25/459 [00:02<00:42, 10.23it/s]
Epoch 6/50 [Train]:   6%|▌         | 27/459 [00:02<00:41, 10.30it/s]
Epoch 6/50 [Train]:   6%|▋         | 29/459 [00:02<00:41, 10.36it/s]
Epoch 6/50 [Train]:   7%|▋         | 31/459 [00:03<00:41, 10.32it/s]
Epoch 6/50 [Train]:   7%|▋         | 33/459 [00:03<00:41, 10.28it/s]
Epoch 6/50 [Train]:   8%|▊         | 35/459 [00:03<00:41, 10.33it/s]
Epoch 6/50 [Train]:   8%|▊         | 37/459 [00:03<00:42, 10.05it/s]
Epoch 6/50 [Train]:   8%|▊         | 39/459 [00:03<00:41, 10.14it/s]
Epoch 6/50 [Train]:   9%|▉         | 41/459 [00:04<00:41, 10.09it/s]
Epoch 6/50 [Train]:   9%|▉         | 43/459 [00:04<00:41, 10.10it/s]
Epoch 6/50 [Train]:  10%|▉         | 45/459 [00:04<00:40, 10.13it/s]
Epoch 6/50 [Train]:  10%|█         | 47/459 [00:04<00:40, 10.22it/s]
Epoch 6/50 [Train]:  11%|█         | 49/459 [00:04<00:39, 10.26it/s]
Epoch 6/50 [Train]:  11%|█         | 51/459 [00:04<00:39, 10.23it/s]
Epoch 6/50 [Train]:  12%|█▏        | 53/459 [00:05<00:39, 10.23it/s]
Epoch 6/50 [Train]:  12%|█▏        | 55/459 [00:05<00:39, 10.19it/s]
Epoch 6/50 [Train]:  12%|█▏        | 57/459 [00:05<00:39, 10.15it/s]
Epoch 6/50 [Train]:  13%|█▎        | 59/459 [00:05<00:39, 10.21it/s]
Epoch 6/50 [Train]:  13%|█▎        | 61/459 [00:05<00:38, 10.22it/s]
Epoch 6/50 [Train]:  14%|█▎        | 63/459 [00:06<00:38, 10.25it/s]
Epoch 6/50 [Train]:  14%|█▍        | 65/459 [00:06<00:38, 10.30it/s]
Epoch 6/50 [Train]:  15%|█▍        | 67/459 [00:06<00:38, 10.20it/s]
Epoch 6/50 [Train]:  15%|█▌        | 69/459 [00:06<00:37, 10.29it/s]
Epoch 6/50 [Train]:  15%|█▌        | 71/459 [00:06<00:37, 10.23it/s]
Epoch 6/50 [Train]:  16%|█▌        | 73/459 [00:07<00:37, 10.20it/s]
Epoch 6/50 [Train]:  16%|█▋        | 75/459 [00:07<00:37, 10.22it/s]
Epoch 6/50 [Train]:  17%|█▋        | 77/459 [00:07<00:37, 10.31it/s]
Epoch 6/50 [Train]:  17%|█▋        | 79/459 [00:07<00:36, 10.30it/s]
Epoch 6/50 [Train]:  18%|█▊        | 81/459 [00:07<00:36, 10.33it/s]
Epoch 6/50 [Train]:  18%|█▊        | 83/459 [00:08<00:36, 10.22it/s]
Epoch 6/50 [Train]:  19%|█▊        | 85/459 [00:08<00:36, 10.28it/s]
Epoch 6/50 [Train]:  19%|█▉        | 87/459 [00:08<00:36, 10.29it/s]
Epoch 6/50 [Train]:  19%|█▉        | 89/459 [00:08<00:35, 10.36it/s]
Epoch 6/50 [Train]:  20%|█▉        | 91/459 [00:08<00:35, 10.36it/s]
Epoch 6/50 [Train]:  20%|██        | 93/459 [00:09<00:35, 10.28it/s]
Epoch 6/50 [Train]:  21%|██        | 95/459 [00:09<00:35, 10.29it/s]
Epoch 6/50 [Train]:  21%|██        | 97/459 [00:09<00:35, 10.33it/s]
Epoch 6/50 [Train]:  22%|██▏       | 99/459 [00:09<00:34, 10.38it/s]
Epoch 6/50 [Train]:  22%|██▏       | 101/459 [00:09<00:34, 10.35it/s]
Epoch 6/50 [Train]:  22%|██▏       | 103/459 [00:10<00:34, 10.26it/s]
Epoch 6/50 [Train]:  23%|██▎       | 105/459 [00:10<00:34, 10.20it/s]
Epoch 6/50 [Train]:  23%|██▎       | 107/459 [00:10<00:34, 10.25it/s]
Epoch 6/50 [Train]:  24%|██▎       | 109/459 [00:10<00:34, 10.15it/s]
Epoch 6/50 [Train]:  24%|██▍       | 111/459 [00:10<00:34, 10.23it/s]
Epoch 6/50 [Train]:  25%|██▍       | 113/459 [00:11<00:33, 10.23it/s]
Epoch 6/50 [Train]:  25%|██▌       | 115/459 [00:11<00:33, 10.21it/s]
Epoch 6/50 [Train]:  25%|██▌       | 117/459 [00:11<00:33, 10.20it/s]
Epoch 6/50 [Train]:  26%|██▌       | 119/459 [00:11<00:33, 10.19it/s]
Epoch 6/50 [Train]:  26%|██▋       | 121/459 [00:11<00:33, 10.23it/s]
Epoch 6/50 [Train]:  27%|██▋       | 123/459 [00:12<00:32, 10.25it/s]
Epoch 6/50 [Train]:  27%|██▋       | 125/459 [00:12<00:32, 10.23it/s]
Epoch 6/50 [Train]:  28%|██▊       | 127/459 [00:12<00:32, 10.23it/s]
Epoch 6/50 [Train]:  28%|██▊       | 129/459 [00:12<00:32, 10.30it/s]
Epoch 6/50 [Train]:  29%|██▊       | 131/459 [00:12<00:31, 10.29it/s]
Epoch 6/50 [Train]:  29%|██▉       | 133/459 [00:12<00:31, 10.34it/s]
Epoch 6/50 [Train]:  29%|██▉       | 135/459 [00:13<00:31, 10.33it/s]
Epoch 6/50 [Train]:  30%|██▉       | 137/459 [00:13<00:31, 10.33it/s]
Epoch 6/50 [Train]:  30%|███       | 139/459 [00:13<00:31, 10.30it/s]
Epoch 6/50 [Train]:  31%|███       | 141/459 [00:13<00:30, 10.33it/s]
Epoch 6/50 [Train]:  31%|███       | 143/459 [00:13<00:30, 10.28it/s]
Epoch 6/50 [Train]:  32%|███▏      | 145/459 [00:14<00:30, 10.29it/s]
Epoch 6/50 [Train]:  32%|███▏      | 147/459 [00:14<00:30, 10.22it/s]
Epoch 6/50 [Train]:  32%|███▏      | 149/459 [00:14<00:30, 10.25it/s]
Epoch 6/50 [Train]:  33%|███▎      | 151/459 [00:14<00:30, 10.25it/s]
Epoch 6/50 [Train]:  33%|███▎      | 153/459 [00:14<00:30, 10.18it/s]
Epoch 6/50 [Train]:  34%|███▍      | 155/459 [00:15<00:29, 10.14it/s]
Epoch 6/50 [Train]:  34%|███▍      | 157/459 [00:15<00:29, 10.14it/s]
Epoch 6/50 [Train]:  35%|███▍      | 159/459 [00:15<00:29, 10.16it/s]
Epoch 6/50 [Train]:  35%|███▌      | 161/459 [00:15<00:29, 10.16it/s]
Epoch 6/50 [Train]:  36%|███▌      | 163/459 [00:15<00:29, 10.17it/s]
Epoch 6/50 [Train]:  36%|███▌      | 165/459 [00:16<00:29, 10.13it/s]
Epoch 6/50 [Train]:  36%|███▋      | 167/459 [00:16<00:28, 10.18it/s]
Epoch 6/50 [Train]:  37%|███▋      | 169/459 [00:16<00:28, 10.17it/s]
Epoch 6/50 [Train]:  37%|███▋      | 171/459 [00:16<00:28, 10.16it/s]
Epoch 6/50 [Train]:  38%|███▊      | 173/459 [00:16<00:28, 10.12it/s]
Epoch 6/50 [Train]:  38%|███▊      | 175/459 [00:17<00:28, 10.13it/s]
Epoch 6/50 [Train]:  39%|███▊      | 177/459 [00:17<00:27, 10.15it/s]
Epoch 6/50 [Train]:  39%|███▉      | 179/459 [00:17<00:27, 10.20it/s]
Epoch 6/50 [Train]:  39%|███▉      | 181/459 [00:17<00:27, 10.20it/s]
Epoch 6/50 [Train]:  40%|███▉      | 183/459 [00:17<00:27, 10.18it/s]
Epoch 6/50 [Train]:  40%|████      | 185/459 [00:18<00:26, 10.29it/s]
Epoch 6/50 [Train]:  41%|████      | 187/459 [00:18<00:26, 10.20it/s]
Epoch 6/50 [Train]:  41%|████      | 189/459 [00:18<00:26, 10.16it/s]
Epoch 6/50 [Train]:  42%|████▏     | 191/459 [00:18<00:26, 10.11it/s]
Epoch 6/50 [Train]:  42%|████▏     | 193/459 [00:18<00:26, 10.17it/s]
Epoch 6/50 [Train]:  42%|████▏     | 195/459 [00:19<00:25, 10.15it/s]
Epoch 6/50 [Train]:  43%|████▎     | 197/459 [00:19<00:25, 10.15it/s]
Epoch 6/50 [Train]:  43%|████▎     | 199/459 [00:19<00:25, 10.26it/s]
Epoch 6/50 [Train]:  44%|████▍     | 201/459 [00:19<00:25, 10.32it/s]
Epoch 6/50 [Train]:  44%|████▍     | 203/459 [00:19<00:24, 10.25it/s]
Epoch 6/50 [Train]:  45%|████▍     | 205/459 [00:20<00:25, 10.15it/s]
Epoch 6/50 [Train]:  45%|████▌     | 207/459 [00:20<00:24, 10.17it/s]
Epoch 6/50 [Train]:  46%|████▌     | 209/459 [00:20<00:24, 10.23it/s]
Epoch 6/50 [Train]:  46%|████▌     | 211/459 [00:20<00:24, 10.29it/s]
Epoch 6/50 [Train]:  46%|████▋     | 213/459 [00:20<00:23, 10.31it/s]
Epoch 6/50 [Train]:  47%|████▋     | 215/459 [00:21<00:23, 10.34it/s]
Epoch 6/50 [Train]:  47%|████▋     | 217/459 [00:21<00:23, 10.25it/s]
Epoch 6/50 [Train]:  48%|████▊     | 219/459 [00:21<00:23, 10.30it/s]
Epoch 6/50 [Train]:  48%|████▊     | 221/459 [00:21<00:23, 10.26it/s]
Epoch 6/50 [Train]:  49%|████▊     | 223/459 [00:21<00:22, 10.28it/s]
Epoch 6/50 [Train]:  49%|████▉     | 225/459 [00:21<00:22, 10.27it/s]
Epoch 6/50 [Train]:  49%|████▉     | 227/459 [00:22<00:22, 10.25it/s]
Epoch 6/50 [Train]:  50%|████▉     | 229/459 [00:22<00:22, 10.29it/s]
Epoch 6/50 [Train]:  50%|█████     | 231/459 [00:22<00:22, 10.32it/s]
Epoch 6/50 [Train]:  51%|█████     | 233/459 [00:22<00:21, 10.30it/s]
Epoch 6/50 [Train]:  51%|█████     | 235/459 [00:22<00:21, 10.22it/s]
Epoch 6/50 [Train]:  52%|█████▏    | 237/459 [00:23<00:21, 10.30it/s]
Epoch 6/50 [Train]:  52%|█████▏    | 239/459 [00:23<00:21, 10.35it/s]
Epoch 6/50 [Train]:  53%|█████▎    | 241/459 [00:23<00:21, 10.35it/s]
Epoch 6/50 [Train]:  53%|█████▎    | 243/459 [00:23<00:20, 10.33it/s]
Epoch 6/50 [Train]:  53%|█████▎    | 245/459 [00:23<00:20, 10.27it/s]
Epoch 6/50 [Train]:  54%|█████▍    | 247/459 [00:24<00:20, 10.10it/s]
Epoch 6/50 [Train]:  54%|█████▍    | 249/459 [00:24<00:20, 10.13it/s]
Epoch 6/50 [Train]:  55%|█████▍    | 251/459 [00:24<00:20, 10.18it/s]
Epoch 6/50 [Train]:  55%|█████▌    | 253/459 [00:24<00:20, 10.24it/s]
Epoch 6/50 [Train]:  56%|█████▌    | 255/459 [00:24<00:19, 10.25it/s]
Epoch 6/50 [Train]:  56%|█████▌    | 257/459 [00:25<00:19, 10.27it/s]
Epoch 6/50 [Train]:  56%|█████▋    | 259/459 [00:25<00:19, 10.27it/s]
Epoch 6/50 [Train]:  57%|█████▋    | 261/459 [00:25<00:19, 10.24it/s]
Epoch 6/50 [Train]:  57%|█████▋    | 263/459 [00:25<00:19, 10.25it/s]
Epoch 6/50 [Train]:  58%|█████▊    | 265/459 [00:25<00:18, 10.27it/s]
Epoch 6/50 [Train]:  58%|█████▊    | 267/459 [00:26<00:18, 10.35it/s]
Epoch 6/50 [Train]:  59%|█████▊    | 269/459 [00:26<00:18, 10.35it/s]
Epoch 6/50 [Train]:  59%|█████▉    | 271/459 [00:26<00:18, 10.37it/s]
Epoch 6/50 [Train]:  59%|█████▉    | 273/459 [00:26<00:18, 10.27it/s]
Epoch 6/50 [Train]:  60%|█████▉    | 275/459 [00:26<00:17, 10.29it/s]
Epoch 6/50 [Train]:  60%|██████    | 277/459 [00:27<00:17, 10.30it/s]
Epoch 6/50 [Train]:  61%|██████    | 279/459 [00:27<00:17, 10.32it/s]
Epoch 6/50 [Train]:  61%|██████    | 281/459 [00:27<00:17, 10.37it/s]
Epoch 6/50 [Train]:  62%|██████▏   | 283/459 [00:27<00:16, 10.36it/s]
Epoch 6/50 [Train]:  62%|██████▏   | 285/459 [00:27<00:16, 10.31it/s]
Epoch 6/50 [Train]:  63%|██████▎   | 287/459 [00:28<00:16, 10.33it/s]
Epoch 6/50 [Train]:  63%|██████▎   | 289/459 [00:28<00:16, 10.33it/s]
Epoch 6/50 [Train]:  63%|██████▎   | 291/459 [00:28<00:16, 10.32it/s]
Epoch 6/50 [Train]:  64%|██████▍   | 293/459 [00:28<00:16, 10.31it/s]
Epoch 6/50 [Train]:  64%|██████▍   | 295/459 [00:28<00:15, 10.33it/s]
Epoch 6/50 [Train]:  65%|██████▍   | 297/459 [00:28<00:15, 10.35it/s]
Epoch 6/50 [Train]:  65%|██████▌   | 299/459 [00:29<00:15, 10.31it/s]
Epoch 6/50 [Train]:  66%|██████▌   | 301/459 [00:29<00:15, 10.25it/s]
Epoch 6/50 [Train]:  66%|██████▌   | 303/459 [00:29<00:15, 10.28it/s]
Epoch 6/50 [Train]:  66%|██████▋   | 305/459 [00:29<00:15, 10.21it/s]
Epoch 6/50 [Train]:  67%|██████▋   | 307/459 [00:29<00:14, 10.26it/s]
Epoch 6/50 [Train]:  67%|██████▋   | 309/459 [00:30<00:14, 10.23it/s]
Epoch 6/50 [Train]:  68%|██████▊   | 311/459 [00:30<00:14, 10.20it/s]
Epoch 6/50 [Train]:  68%|██████▊   | 313/459 [00:30<00:14, 10.29it/s]
Epoch 6/50 [Train]:  69%|██████▊   | 315/459 [00:30<00:13, 10.33it/s]
Epoch 6/50 [Train]:  69%|██████▉   | 317/459 [00:30<00:13, 10.36it/s]
Epoch 6/50 [Train]:  69%|██████▉   | 319/459 [00:31<00:13, 10.30it/s]
Epoch 6/50 [Train]:  70%|██████▉   | 321/459 [00:31<00:13, 10.36it/s]
Epoch 6/50 [Train]:  70%|███████   | 323/459 [00:31<00:13, 10.39it/s]
Epoch 6/50 [Train]:  71%|███████   | 325/459 [00:31<00:12, 10.31it/s]
Epoch 6/50 [Train]:  71%|███████   | 327/459 [00:31<00:12, 10.33it/s]
Epoch 6/50 [Train]:  72%|███████▏  | 329/459 [00:32<00:12, 10.25it/s]
Epoch 6/50 [Train]:  72%|███████▏  | 331/459 [00:32<00:12, 10.29it/s]
Epoch 6/50 [Train]:  73%|███████▎  | 333/459 [00:32<00:12, 10.34it/s]
Epoch 6/50 [Train]:  73%|███████▎  | 335/459 [00:32<00:11, 10.39it/s]
Epoch 6/50 [Train]:  73%|███████▎  | 337/459 [00:32<00:11, 10.39it/s]
Epoch 6/50 [Train]:  74%|███████▍  | 339/459 [00:33<00:11, 10.36it/s]
Epoch 6/50 [Train]:  74%|███████▍  | 341/459 [00:33<00:11, 10.38it/s]
Epoch 6/50 [Train]:  75%|███████▍  | 343/459 [00:33<00:11, 10.38it/s]
Epoch 6/50 [Train]:  75%|███████▌  | 345/459 [00:33<00:10, 10.43it/s]
Epoch 6/50 [Train]:  76%|███████▌  | 347/459 [00:33<00:10, 10.38it/s]
Epoch 6/50 [Train]:  76%|███████▌  | 349/459 [00:34<00:10, 10.38it/s]
Epoch 6/50 [Train]:  76%|███████▋  | 351/459 [00:34<00:10, 10.37it/s]
Epoch 6/50 [Train]:  77%|███████▋  | 353/459 [00:34<00:10, 10.40it/s]
Epoch 6/50 [Train]:  77%|███████▋  | 355/459 [00:34<00:10, 10.37it/s]
Epoch 6/50 [Train]:  78%|███████▊  | 357/459 [00:34<00:09, 10.33it/s]
Epoch 6/50 [Train]:  78%|███████▊  | 359/459 [00:34<00:09, 10.31it/s]
Epoch 6/50 [Train]:  79%|███████▊  | 361/459 [00:35<00:09, 10.30it/s]
Epoch 6/50 [Train]:  79%|███████▉  | 363/459 [00:35<00:09, 10.26it/s]
Epoch 6/50 [Train]:  80%|███████▉  | 365/459 [00:35<00:09, 10.29it/s]
Epoch 6/50 [Train]:  80%|███████▉  | 367/459 [00:35<00:08, 10.28it/s]
Epoch 6/50 [Train]:  80%|████████  | 369/459 [00:35<00:08, 10.26it/s]
Epoch 6/50 [Train]:  81%|████████  | 371/459 [00:36<00:08, 10.31it/s]
Epoch 6/50 [Train]:  81%|████████▏ | 373/459 [00:36<00:08, 10.38it/s]
Epoch 6/50 [Train]:  82%|████████▏ | 375/459 [00:36<00:08, 10.38it/s]
Epoch 6/50 [Train]:  82%|████████▏ | 377/459 [00:36<00:07, 10.41it/s]
Epoch 6/50 [Train]:  83%|████████▎ | 379/459 [00:36<00:07, 10.31it/s]
Epoch 6/50 [Train]:  83%|████████▎ | 381/459 [00:37<00:07, 10.23it/s]
Epoch 6/50 [Train]:  83%|████████▎ | 383/459 [00:37<00:07, 10.29it/s]
Epoch 6/50 [Train]:  84%|████████▍ | 385/459 [00:37<00:07, 10.31it/s]
Epoch 6/50 [Train]:  84%|████████▍ | 387/459 [00:37<00:06, 10.34it/s]
Epoch 6/50 [Train]:  85%|████████▍ | 389/459 [00:37<00:06, 10.24it/s]
Epoch 6/50 [Train]:  85%|████████▌ | 391/459 [00:38<00:06, 10.22it/s]
Epoch 6/50 [Train]:  86%|████████▌ | 393/459 [00:38<00:06, 10.27it/s]
Epoch 6/50 [Train]:  86%|████████▌ | 395/459 [00:38<00:06, 10.28it/s]
Epoch 6/50 [Train]:  86%|████████▋ | 397/459 [00:38<00:06, 10.32it/s]
Epoch 6/50 [Train]:  87%|████████▋ | 399/459 [00:38<00:05, 10.34it/s]
Epoch 6/50 [Train]:  87%|████████▋ | 401/459 [00:39<00:05, 10.38it/s]
Epoch 6/50 [Train]:  88%|████████▊ | 403/459 [00:39<00:05, 10.42it/s]
Epoch 6/50 [Train]:  88%|████████▊ | 405/459 [00:39<00:05, 10.41it/s]
Epoch 6/50 [Train]:  89%|████████▊ | 407/459 [00:39<00:04, 10.44it/s]
Epoch 6/50 [Train]:  89%|████████▉ | 409/459 [00:39<00:04, 10.46it/s]
Epoch 6/50 [Train]:  90%|████████▉ | 411/459 [00:40<00:04, 10.39it/s]
Epoch 6/50 [Train]:  90%|████████▉ | 413/459 [00:40<00:04, 10.35it/s]
Epoch 6/50 [Train]:  90%|█████████ | 415/459 [00:40<00:04, 10.34it/s]
Epoch 6/50 [Train]:  91%|█████████ | 417/459 [00:40<00:04, 10.30it/s]
Epoch 6/50 [Train]:  91%|█████████▏| 419/459 [00:40<00:03, 10.29it/s]
Epoch 6/50 [Train]:  92%|█████████▏| 421/459 [00:40<00:03, 10.33it/s]
Epoch 6/50 [Train]:  92%|█████████▏| 423/459 [00:41<00:03, 10.31it/s]
Epoch 6/50 [Train]:  93%|█████████▎| 425/459 [00:41<00:03, 10.34it/s]
Epoch 6/50 [Train]:  93%|█████████▎| 427/459 [00:41<00:03, 10.36it/s]
Epoch 6/50 [Train]:  93%|█████████▎| 429/459 [00:41<00:02, 10.31it/s]
Epoch 6/50 [Train]:  94%|█████████▍| 431/459 [00:41<00:02, 10.19it/s]
Epoch 6/50 [Train]:  94%|█████████▍| 433/459 [00:42<00:02, 10.22it/s]
Epoch 6/50 [Train]:  95%|█████████▍| 435/459 [00:42<00:02, 10.29it/s]
Epoch 6/50 [Train]:  95%|█████████▌| 437/459 [00:42<00:02, 10.30it/s]
Epoch 6/50 [Train]:  96%|█████████▌| 439/459 [00:42<00:01, 10.33it/s]
Epoch 6/50 [Train]:  96%|█████████▌| 441/459 [00:42<00:01, 10.35it/s]
Epoch 6/50 [Train]:  97%|█████████▋| 443/459 [00:43<00:01, 10.35it/s]
Epoch 6/50 [Train]:  97%|█████████▋| 445/459 [00:43<00:01, 10.37it/s]
Epoch 6/50 [Train]:  97%|█████████▋| 447/459 [00:43<00:01, 10.35it/s]
Epoch 6/50 [Train]:  98%|█████████▊| 449/459 [00:43<00:00, 10.26it/s]
Epoch 6/50 [Train]:  98%|█████████▊| 451/459 [00:43<00:00, 10.30it/s]
Epoch 6/50 [Train]:  99%|█████████▊| 453/459 [00:44<00:00, 10.12it/s]
Epoch 6/50 [Train]:  99%|█████████▉| 455/459 [00:44<00:00, 10.22it/s]
Epoch 6/50 [Train]: 100%|█████████▉| 457/459 [00:44<00:00, 10.28it/s]
Epoch 6/50 [Train]: 100%|██████████| 459/459 [00:44<00:00, 10.30it/s]
                                                                     

Epoch 6/50 [Val]:   0%|          | 0/113 [00:00<?, ?it/s]
Epoch 6/50 [Val]:   2%|▏         | 2/113 [00:00<00:08, 13.69it/s]
Epoch 6/50 [Val]:   4%|▎         | 4/113 [00:00<00:07, 13.70it/s]
Epoch 6/50 [Val]:   5%|▌         | 6/113 [00:00<00:07, 13.69it/s]
Epoch 6/50 [Val]:   7%|▋         | 8/113 [00:00<00:07, 13.73it/s]
Epoch 6/50 [Val]:   9%|▉         | 10/113 [00:00<00:07, 14.06it/s]
Epoch 6/50 [Val]:  11%|█         | 12/113 [00:00<00:07, 14.03it/s]
Epoch 6/50 [Val]:  12%|█▏        | 14/113 [00:01<00:07, 13.60it/s]
Epoch 6/50 [Val]:  14%|█▍        | 16/113 [00:01<00:07, 13.11it/s]
Epoch 6/50 [Val]:  16%|█▌        | 18/113 [00:01<00:07, 12.75it/s]
Epoch 6/50 [Val]:  18%|█▊        | 20/113 [00:01<00:07, 12.45it/s]
Epoch 6/50 [Val]:  19%|█▉        | 22/113 [00:01<00:07, 12.23it/s]
Epoch 6/50 [Val]:  21%|██        | 24/113 [00:01<00:07, 12.25it/s]
Epoch 6/50 [Val]:  23%|██▎       | 26/113 [00:02<00:06, 12.48it/s]
Epoch 6/50 [Val]:  25%|██▍       | 28/113 [00:02<00:06, 12.64it/s]
Epoch 6/50 [Val]:  27%|██▋       | 30/113 [00:02<00:06, 12.90it/s]
Epoch 6/50 [Val]:  28%|██▊       | 32/113 [00:02<00:06, 13.02it/s]
Epoch 6/50 [Val]:  30%|███       | 34/113 [00:02<00:05, 13.28it/s]
Epoch 6/50 [Val]:  32%|███▏      | 36/113 [00:02<00:05, 13.51it/s]
Epoch 6/50 [Val]:  34%|███▎      | 38/113 [00:02<00:05, 13.62it/s]
Epoch 6/50 [Val]:  35%|███▌      | 40/113 [00:03<00:05, 13.61it/s]
Epoch 6/50 [Val]:  37%|███▋      | 42/113 [00:03<00:05, 13.68it/s]
Epoch 6/50 [Val]:  39%|███▉      | 44/113 [00:03<00:05, 13.59it/s]
Epoch 6/50 [Val]:  41%|████      | 46/113 [00:03<00:04, 13.44it/s]
Epoch 6/50 [Val]:  42%|████▏     | 48/113 [00:03<00:04, 13.28it/s]
Epoch 6/50 [Val]:  44%|████▍     | 50/113 [00:03<00:04, 13.45it/s]
Epoch 6/50 [Val]:  46%|████▌     | 52/113 [00:03<00:04, 13.40it/s]
Epoch 6/50 [Val]:  48%|████▊     | 54/113 [00:04<00:04, 13.12it/s]
Epoch 6/50 [Val]:  50%|████▉     | 56/113 [00:04<00:04, 13.14it/s]
Epoch 6/50 [Val]:  51%|█████▏    | 58/113 [00:04<00:04, 12.81it/s]
Epoch 6/50 [Val]:  53%|█████▎    | 60/113 [00:04<00:04, 13.25it/s]
Epoch 6/50 [Val]:  55%|█████▍    | 62/113 [00:04<00:03, 13.36it/s]
Epoch 6/50 [Val]:  57%|█████▋    | 64/113 [00:04<00:03, 13.49it/s]
Epoch 6/50 [Val]:  58%|█████▊    | 66/113 [00:04<00:03, 13.41it/s]
Epoch 6/50 [Val]:  60%|██████    | 68/113 [00:05<00:03, 13.40it/s]
Epoch 6/50 [Val]:  62%|██████▏   | 70/113 [00:05<00:03, 13.51it/s]
Epoch 6/50 [Val]:  64%|██████▎   | 72/113 [00:05<00:03, 13.52it/s]
Epoch 6/50 [Val]:  65%|██████▌   | 74/113 [00:05<00:02, 13.75it/s]
Epoch 6/50 [Val]:  67%|██████▋   | 76/113 [00:05<00:02, 13.79it/s]
Epoch 6/50 [Val]:  69%|██████▉   | 78/113 [00:05<00:02, 13.75it/s]
Epoch 6/50 [Val]:  71%|███████   | 80/113 [00:06<00:02, 13.76it/s]
Epoch 6/50 [Val]:  73%|███████▎  | 82/113 [00:06<00:02, 13.51it/s]
Epoch 6/50 [Val]:  74%|███████▍  | 84/113 [00:06<00:02, 13.65it/s]
Epoch 6/50 [Val]:  76%|███████▌  | 86/113 [00:06<00:01, 13.73it/s]
Epoch 6/50 [Val]:  78%|███████▊  | 88/113 [00:06<00:01, 13.75it/s]
Epoch 6/50 [Val]:  80%|███████▉  | 90/113 [00:06<00:01, 13.84it/s]
Epoch 6/50 [Val]:  81%|████████▏ | 92/113 [00:06<00:01, 14.04it/s]
Epoch 6/50 [Val]:  83%|████████▎ | 94/113 [00:07<00:01, 13.86it/s]
Epoch 6/50 [Val]:  85%|████████▍ | 96/113 [00:07<00:01, 14.06it/s]
Epoch 6/50 [Val]:  87%|████████▋ | 98/113 [00:07<00:01, 14.04it/s]
Epoch 6/50 [Val]:  88%|████████▊ | 100/113 [00:07<00:00, 13.71it/s]
Epoch 6/50 [Val]:  90%|█████████ | 102/113 [00:07<00:00, 13.53it/s]
Epoch 6/50 [Val]:  92%|█████████▏| 104/113 [00:07<00:00, 13.74it/s]
Epoch 6/50 [Val]:  94%|█████████▍| 106/113 [00:07<00:00, 13.86it/s]
Epoch 6/50 [Val]:  96%|█████████▌| 108/113 [00:08<00:00, 14.01it/s]
Epoch 6/50 [Val]:  97%|█████████▋| 110/113 [00:08<00:00, 14.06it/s]
Epoch 6/50 [Val]:  99%|█████████▉| 112/113 [00:08<00:00, 13.95it/s]
                                                                   

Epoch 7/50 [Train]:   0%|          | 0/459 [00:00<?, ?it/s]
Epoch 7/50 [Train]:   0%|          | 1/459 [00:00<00:46,  9.85it/s]
Epoch 7/50 [Train]:   0%|          | 2/459 [00:00<00:46,  9.77it/s]
Epoch 7/50 [Train]:   1%|          | 4/459 [00:00<00:44, 10.11it/s]
Epoch 7/50 [Train]:   1%|▏         | 6/459 [00:00<00:44, 10.18it/s]
Epoch 7/50 [Train]:   2%|▏         | 8/459 [00:00<00:44, 10.15it/s]
Epoch 7/50 [Train]:   2%|▏         | 10/459 [00:00<00:43, 10.23it/s]
Epoch 7/50 [Train]:   3%|▎         | 12/459 [00:01<00:43, 10.27it/s]
Epoch 7/50 [Train]:   3%|▎         | 14/459 [00:01<00:42, 10.36it/s]
Epoch 7/50 [Train]:   3%|▎         | 16/459 [00:01<00:42, 10.34it/s]
Epoch 7/50 [Train]:   4%|▍         | 18/459 [00:01<00:42, 10.27it/s]
Epoch 7/50 [Train]:   4%|▍         | 20/459 [00:01<00:42, 10.28it/s]
Epoch 7/50 [Train]:   5%|▍         | 22/459 [00:02<00:42, 10.30it/s]
Epoch 7/50 [Train]:   5%|▌         | 24/459 [00:02<00:42, 10.33it/s]
Epoch 7/50 [Train]:   6%|▌         | 26/459 [00:02<00:41, 10.33it/s]
Epoch 7/50 [Train]:   6%|▌         | 28/459 [00:02<00:41, 10.37it/s]
Epoch 7/50 [Train]:   7%|▋         | 30/459 [00:02<00:41, 10.34it/s]
Epoch 7/50 [Train]:   7%|▋         | 32/459 [00:03<00:41, 10.36it/s]
Epoch 7/50 [Train]:   7%|▋         | 34/459 [00:03<00:41, 10.21it/s]
Epoch 7/50 [Train]:   8%|▊         | 36/459 [00:03<00:41, 10.26it/s]
Epoch 7/50 [Train]:   8%|▊         | 38/459 [00:03<00:41, 10.27it/s]
Epoch 7/50 [Train]:   9%|▊         | 40/459 [00:03<00:40, 10.33it/s]
Epoch 7/50 [Train]:   9%|▉         | 42/459 [00:04<00:40, 10.29it/s]
Epoch 7/50 [Train]:  10%|▉         | 44/459 [00:04<00:40, 10.29it/s]
Epoch 7/50 [Train]:  10%|█         | 46/459 [00:04<00:39, 10.38it/s]
Epoch 7/50 [Train]:  10%|█         | 48/459 [00:04<00:39, 10.30it/s]
Epoch 7/50 [Train]:  11%|█         | 50/459 [00:04<00:39, 10.27it/s]
Epoch 7/50 [Train]:  11%|█▏        | 52/459 [00:05<00:39, 10.27it/s]
Epoch 7/50 [Train]:  12%|█▏        | 54/459 [00:05<00:39, 10.33it/s]
Epoch 7/50 [Train]:  12%|█▏        | 56/459 [00:05<00:38, 10.38it/s]
Epoch 7/50 [Train]:  13%|█▎        | 58/459 [00:05<00:38, 10.39it/s]
Epoch 7/50 [Train]:  13%|█▎        | 60/459 [00:05<00:38, 10.37it/s]
Epoch 7/50 [Train]:  14%|█▎        | 62/459 [00:06<00:38, 10.37it/s]
Epoch 7/50 [Train]:  14%|█▍        | 64/459 [00:06<00:38, 10.38it/s]
Epoch 7/50 [Train]:  14%|█▍        | 66/459 [00:06<00:37, 10.35it/s]
Epoch 7/50 [Train]:  15%|█▍        | 68/459 [00:06<00:37, 10.32it/s]
Epoch 7/50 [Train]:  15%|█▌        | 70/459 [00:06<00:37, 10.32it/s]
Epoch 7/50 [Train]:  16%|█▌        | 72/459 [00:07<00:39,  9.79it/s]
Epoch 7/50 [Train]:  16%|█▌        | 74/459 [00:07<00:38,  9.94it/s]
Epoch 7/50 [Train]:  17%|█▋        | 76/459 [00:07<00:38,  9.96it/s]
Epoch 7/50 [Train]:  17%|█▋        | 78/459 [00:07<00:37, 10.09it/s]
Epoch 7/50 [Train]:  17%|█▋        | 80/459 [00:07<00:37, 10.17it/s]
Epoch 7/50 [Train]:  18%|█▊        | 82/459 [00:07<00:37, 10.15it/s]
Epoch 7/50 [Train]:  18%|█▊        | 84/459 [00:08<00:36, 10.24it/s]
Epoch 7/50 [Train]:  19%|█▊        | 86/459 [00:08<00:36, 10.27it/s]
Epoch 7/50 [Train]:  19%|█▉        | 88/459 [00:08<00:36, 10.22it/s]
Epoch 7/50 [Train]:  20%|█▉        | 90/459 [00:08<00:35, 10.27it/s]
Epoch 7/50 [Train]:  20%|██        | 92/459 [00:08<00:35, 10.23it/s]
Epoch 7/50 [Train]:  20%|██        | 94/459 [00:09<00:35, 10.26it/s]
Epoch 7/50 [Train]:  21%|██        | 96/459 [00:09<00:35, 10.32it/s]
Epoch 7/50 [Train]:  21%|██▏       | 98/459 [00:09<00:34, 10.38it/s]
Epoch 7/50 [Train]:  22%|██▏       | 100/459 [00:09<00:34, 10.36it/s]
Epoch 7/50 [Train]:  22%|██▏       | 102/459 [00:09<00:34, 10.29it/s]
Epoch 7/50 [Train]:  23%|██▎       | 104/459 [00:10<00:34, 10.31it/s]
Epoch 7/50 [Train]:  23%|██▎       | 106/459 [00:10<00:34, 10.31it/s]
Epoch 7/50 [Train]:  24%|██▎       | 108/459 [00:10<00:33, 10.34it/s]
Epoch 7/50 [Train]:  24%|██▍       | 110/459 [00:10<00:33, 10.35it/s]
Epoch 7/50 [Train]:  24%|██▍       | 112/459 [00:10<00:33, 10.26it/s]
Epoch 7/50 [Train]:  25%|██▍       | 114/459 [00:11<00:33, 10.31it/s]
Epoch 7/50 [Train]:  25%|██▌       | 116/459 [00:11<00:33, 10.32it/s]
Epoch 7/50 [Train]:  26%|██▌       | 118/459 [00:11<00:33, 10.26it/s]
Epoch 7/50 [Train]:  26%|██▌       | 120/459 [00:11<00:32, 10.32it/s]
Epoch 7/50 [Train]:  27%|██▋       | 122/459 [00:11<00:32, 10.32it/s]
Epoch 7/50 [Train]:  27%|██▋       | 124/459 [00:12<00:32, 10.32it/s]
Epoch 7/50 [Train]:  27%|██▋       | 126/459 [00:12<00:32, 10.33it/s]
Epoch 7/50 [Train]:  28%|██▊       | 128/459 [00:12<00:31, 10.39it/s]
Epoch 7/50 [Train]:  28%|██▊       | 130/459 [00:12<00:31, 10.36it/s]
Epoch 7/50 [Train]:  29%|██▉       | 132/459 [00:12<00:31, 10.33it/s]
Epoch 7/50 [Train]:  29%|██▉       | 134/459 [00:13<00:31, 10.24it/s]
Epoch 7/50 [Train]:  30%|██▉       | 136/459 [00:13<00:31, 10.29it/s]
Epoch 7/50 [Train]:  30%|███       | 138/459 [00:13<00:31, 10.32it/s]
Epoch 7/50 [Train]:  31%|███       | 140/459 [00:13<00:31, 10.28it/s]
Epoch 7/50 [Train]:  31%|███       | 142/459 [00:13<00:31, 10.00it/s]
Epoch 7/50 [Train]:  31%|███▏      | 144/459 [00:14<00:31, 10.08it/s]
Epoch 7/50 [Train]:  32%|███▏      | 146/459 [00:14<00:30, 10.16it/s]
Epoch 7/50 [Train]:  32%|███▏      | 148/459 [00:14<00:30, 10.27it/s]
Epoch 7/50 [Train]:  33%|███▎      | 150/459 [00:14<00:29, 10.32it/s]
Epoch 7/50 [Train]:  33%|███▎      | 152/459 [00:14<00:29, 10.36it/s]
Epoch 7/50 [Train]:  34%|███▎      | 154/459 [00:14<00:29, 10.32it/s]
Epoch 7/50 [Train]:  34%|███▍      | 156/459 [00:15<00:29, 10.32it/s]
Epoch 7/50 [Train]:  34%|███▍      | 158/459 [00:15<00:29, 10.37it/s]
Epoch 7/50 [Train]:  35%|███▍      | 160/459 [00:15<00:28, 10.36it/s]
Epoch 7/50 [Train]:  35%|███▌      | 162/459 [00:15<00:28, 10.26it/s]
Epoch 7/50 [Train]:  36%|███▌      | 164/459 [00:15<00:28, 10.20it/s]
Epoch 7/50 [Train]:  36%|███▌      | 166/459 [00:16<00:28, 10.21it/s]
Epoch 7/50 [Train]:  37%|███▋      | 168/459 [00:16<00:28, 10.21it/s]
Epoch 7/50 [Train]:  37%|███▋      | 170/459 [00:16<00:28, 10.14it/s]
Epoch 7/50 [Train]:  37%|███▋      | 172/459 [00:16<00:28, 10.16it/s]
Epoch 7/50 [Train]:  38%|███▊      | 174/459 [00:16<00:27, 10.22it/s]
Epoch 7/50 [Train]:  38%|███▊      | 176/459 [00:17<00:27, 10.26it/s]
Epoch 7/50 [Train]:  39%|███▉      | 178/459 [00:17<00:27, 10.36it/s]
Epoch 7/50 [Train]:  39%|███▉      | 180/459 [00:17<00:26, 10.41it/s]
Epoch 7/50 [Train]:  40%|███▉      | 182/459 [00:17<00:26, 10.38it/s]
Epoch 7/50 [Train]:  40%|████      | 184/459 [00:17<00:26, 10.35it/s]
Epoch 7/50 [Train]:  41%|████      | 186/459 [00:18<00:26, 10.26it/s]
Epoch 7/50 [Train]:  41%|████      | 188/459 [00:18<00:26, 10.33it/s]
Epoch 7/50 [Train]:  41%|████▏     | 190/459 [00:18<00:25, 10.36it/s]
Epoch 7/50 [Train]:  42%|████▏     | 192/459 [00:18<00:25, 10.39it/s]
Epoch 7/50 [Train]:  42%|████▏     | 194/459 [00:18<00:25, 10.25it/s]
Epoch 7/50 [Train]:  43%|████▎     | 196/459 [00:19<00:25, 10.23it/s]
Epoch 7/50 [Train]:  43%|████▎     | 198/459 [00:19<00:25, 10.26it/s]
Epoch 7/50 [Train]:  44%|████▎     | 200/459 [00:19<00:25, 10.31it/s]
Epoch 7/50 [Train]:  44%|████▍     | 202/459 [00:19<00:24, 10.35it/s]
Epoch 7/50 [Train]:  44%|████▍     | 204/459 [00:19<00:24, 10.32it/s]
Epoch 7/50 [Train]:  45%|████▍     | 206/459 [00:20<00:24, 10.19it/s]
Epoch 7/50 [Train]:  45%|████▌     | 208/459 [00:20<00:24, 10.27it/s]
Epoch 7/50 [Train]:  46%|████▌     | 210/459 [00:20<00:24, 10.29it/s]
Epoch 7/50 [Train]:  46%|████▌     | 212/459 [00:20<00:23, 10.36it/s]
Epoch 7/50 [Train]:  47%|████▋     | 214/459 [00:20<00:23, 10.38it/s]
Epoch 7/50 [Train]:  47%|████▋     | 216/459 [00:21<00:23, 10.34it/s]
Epoch 7/50 [Train]:  47%|████▋     | 218/459 [00:21<00:23, 10.38it/s]
Epoch 7/50 [Train]:  48%|████▊     | 220/459 [00:21<00:22, 10.41it/s]
Epoch 7/50 [Train]:  48%|████▊     | 222/459 [00:21<00:22, 10.38it/s]
Epoch 7/50 [Train]:  49%|████▉     | 224/459 [00:21<00:22, 10.40it/s]
Epoch 7/50 [Train]:  49%|████▉     | 226/459 [00:21<00:22, 10.43it/s]
Epoch 7/50 [Train]:  50%|████▉     | 228/459 [00:22<00:22, 10.43it/s]
Epoch 7/50 [Train]:  50%|█████     | 230/459 [00:22<00:21, 10.47it/s]
Epoch 7/50 [Train]:  51%|█████     | 232/459 [00:22<00:21, 10.46it/s]
Epoch 7/50 [Train]:  51%|█████     | 234/459 [00:22<00:21, 10.47it/s]
Epoch 7/50 [Train]:  51%|█████▏    | 236/459 [00:22<00:21, 10.44it/s]
Epoch 7/50 [Train]:  52%|█████▏    | 238/459 [00:23<00:21, 10.39it/s]
Epoch 7/50 [Train]:  52%|█████▏    | 240/459 [00:23<00:21, 10.35it/s]
Epoch 7/50 [Train]:  53%|█████▎    | 242/459 [00:23<00:20, 10.38it/s]
Epoch 7/50 [Train]:  53%|█████▎    | 244/459 [00:23<00:20, 10.39it/s]
Epoch 7/50 [Train]:  54%|█████▎    | 246/459 [00:23<00:20, 10.36it/s]
Epoch 7/50 [Train]:  54%|█████▍    | 248/459 [00:24<00:20, 10.35it/s]
Epoch 7/50 [Train]:  54%|█████▍    | 250/459 [00:24<00:20, 10.31it/s]
Epoch 7/50 [Train]:  55%|█████▍    | 252/459 [00:24<00:20, 10.33it/s]
Epoch 7/50 [Train]:  55%|█████▌    | 254/459 [00:24<00:19, 10.29it/s]
Epoch 7/50 [Train]:  56%|█████▌    | 256/459 [00:24<00:19, 10.22it/s]
Epoch 7/50 [Train]:  56%|█████▌    | 258/459 [00:25<00:19, 10.22it/s]
Epoch 7/50 [Train]:  57%|█████▋    | 260/459 [00:25<00:19, 10.25it/s]
Epoch 7/50 [Train]:  57%|█████▋    | 262/459 [00:25<00:19, 10.23it/s]
Epoch 7/50 [Train]:  58%|█████▊    | 264/459 [00:25<00:19, 10.23it/s]
Epoch 7/50 [Train]:  58%|█████▊    | 266/459 [00:25<00:18, 10.29it/s]
Epoch 7/50 [Train]:  58%|█████▊    | 268/459 [00:26<00:18, 10.26it/s]
Epoch 7/50 [Train]:  59%|█████▉    | 270/459 [00:26<00:18, 10.32it/s]
Epoch 7/50 [Train]:  59%|█████▉    | 272/459 [00:26<00:18, 10.25it/s]
Epoch 7/50 [Train]:  60%|█████▉    | 274/459 [00:26<00:17, 10.30it/s]
Epoch 7/50 [Train]:  60%|██████    | 276/459 [00:26<00:17, 10.23it/s]
Epoch 7/50 [Train]:  61%|██████    | 278/459 [00:27<00:17, 10.17it/s]
Epoch 7/50 [Train]:  61%|██████    | 280/459 [00:27<00:17, 10.21it/s]
Epoch 7/50 [Train]:  61%|██████▏   | 282/459 [00:27<00:17, 10.29it/s]
Epoch 7/50 [Train]:  62%|██████▏   | 284/459 [00:27<00:17, 10.28it/s]
Epoch 7/50 [Train]:  62%|██████▏   | 286/459 [00:27<00:16, 10.31it/s]
Epoch 7/50 [Train]:  63%|██████▎   | 288/459 [00:27<00:16, 10.28it/s]
Epoch 7/50 [Train]:  63%|██████▎   | 290/459 [00:28<00:16, 10.26it/s]
Epoch 7/50 [Train]:  64%|██████▎   | 292/459 [00:28<00:16, 10.31it/s]
Epoch 7/50 [Train]:  64%|██████▍   | 294/459 [00:28<00:15, 10.32it/s]
Epoch 7/50 [Train]:  64%|██████▍   | 296/459 [00:28<00:15, 10.25it/s]
Epoch 7/50 [Train]:  65%|██████▍   | 298/459 [00:28<00:15, 10.25it/s]
Epoch 7/50 [Train]:  65%|██████▌   | 300/459 [00:29<00:15, 10.28it/s]
Epoch 7/50 [Train]:  66%|██████▌   | 302/459 [00:29<00:15, 10.30it/s]
Epoch 7/50 [Train]:  66%|██████▌   | 304/459 [00:29<00:15, 10.28it/s]
Epoch 7/50 [Train]:  67%|██████▋   | 306/459 [00:29<00:14, 10.22it/s]
Epoch 7/50 [Train]:  67%|██████▋   | 308/459 [00:29<00:14, 10.25it/s]
Epoch 7/50 [Train]:  68%|██████▊   | 310/459 [00:30<00:14, 10.27it/s]
Epoch 7/50 [Train]:  68%|██████▊   | 312/459 [00:30<00:14, 10.28it/s]
Epoch 7/50 [Train]:  68%|██████▊   | 314/459 [00:30<00:14, 10.31it/s]
Epoch 7/50 [Train]:  69%|██████▉   | 316/459 [00:30<00:13, 10.34it/s]
Epoch 7/50 [Train]:  69%|██████▉   | 318/459 [00:30<00:13, 10.33it/s]
Epoch 7/50 [Train]:  70%|██████▉   | 320/459 [00:31<00:13, 10.33it/s]
Epoch 7/50 [Train]:  70%|███████   | 322/459 [00:31<00:13, 10.33it/s]
Epoch 7/50 [Train]:  71%|███████   | 324/459 [00:31<00:13, 10.33it/s]
Epoch 7/50 [Train]:  71%|███████   | 326/459 [00:31<00:12, 10.34it/s]
Epoch 7/50 [Train]:  71%|███████▏  | 328/459 [00:31<00:12, 10.35it/s]
Epoch 7/50 [Train]:  72%|███████▏  | 330/459 [00:32<00:12, 10.31it/s]
Epoch 7/50 [Train]:  72%|███████▏  | 332/459 [00:32<00:12, 10.22it/s]
Epoch 7/50 [Train]:  73%|███████▎  | 334/459 [00:32<00:12, 10.22it/s]
Epoch 7/50 [Train]:  73%|███████▎  | 336/459 [00:32<00:11, 10.30it/s]
Epoch 7/50 [Train]:  74%|███████▎  | 338/459 [00:32<00:11, 10.27it/s]
Epoch 7/50 [Train]:  74%|███████▍  | 340/459 [00:33<00:11, 10.20it/s]
Epoch 7/50 [Train]:  75%|███████▍  | 342/459 [00:33<00:11, 10.19it/s]
Epoch 7/50 [Train]:  75%|███████▍  | 344/459 [00:33<00:11, 10.22it/s]
Epoch 7/50 [Train]:  75%|███████▌  | 346/459 [00:33<00:11, 10.18it/s]
Epoch 7/50 [Train]:  76%|███████▌  | 348/459 [00:33<00:10, 10.25it/s]
Epoch 7/50 [Train]:  76%|███████▋  | 350/459 [00:34<00:10, 10.18it/s]
Epoch 7/50 [Train]:  77%|███████▋  | 352/459 [00:34<00:10, 10.20it/s]
Epoch 7/50 [Train]:  77%|███████▋  | 354/459 [00:34<00:10, 10.21it/s]
Epoch 7/50 [Train]:  78%|███████▊  | 356/459 [00:34<00:10, 10.28it/s]
Epoch 7/50 [Train]:  78%|███████▊  | 358/459 [00:34<00:09, 10.19it/s]
Epoch 7/50 [Train]:  78%|███████▊  | 360/459 [00:35<00:09, 10.18it/s]
Epoch 7/50 [Train]:  79%|███████▉  | 362/459 [00:35<00:09, 10.25it/s]
Epoch 7/50 [Train]:  79%|███████▉  | 364/459 [00:35<00:09, 10.26it/s]
Epoch 7/50 [Train]:  80%|███████▉  | 366/459 [00:35<00:09, 10.25it/s]
Epoch 7/50 [Train]:  80%|████████  | 368/459 [00:35<00:08, 10.31it/s]
Epoch 7/50 [Train]:  81%|████████  | 370/459 [00:35<00:08, 10.32it/s]
Epoch 7/50 [Train]:  81%|████████  | 372/459 [00:36<00:08, 10.19it/s]
Epoch 7/50 [Train]:  81%|████████▏ | 374/459 [00:36<00:08, 10.29it/s]
Epoch 7/50 [Train]:  82%|████████▏ | 376/459 [00:36<00:08, 10.31it/s]
Epoch 7/50 [Train]:  82%|████████▏ | 378/459 [00:36<00:07, 10.32it/s]
Epoch 7/50 [Train]:  83%|████████▎ | 380/459 [00:36<00:07, 10.24it/s]
Epoch 7/50 [Train]:  83%|████████▎ | 382/459 [00:37<00:07, 10.26it/s]
Epoch 7/50 [Train]:  84%|████████▎ | 384/459 [00:37<00:07, 10.24it/s]
Epoch 7/50 [Train]:  84%|████████▍ | 386/459 [00:37<00:07, 10.30it/s]
Epoch 7/50 [Train]:  85%|████████▍ | 388/459 [00:37<00:06, 10.21it/s]
Epoch 7/50 [Train]:  85%|████████▍ | 390/459 [00:37<00:06, 10.24it/s]
Epoch 7/50 [Train]:  85%|████████▌ | 392/459 [00:38<00:06, 10.21it/s]
Epoch 7/50 [Train]:  86%|████████▌ | 394/459 [00:38<00:06, 10.27it/s]
Epoch 7/50 [Train]:  86%|████████▋ | 396/459 [00:38<00:06, 10.20it/s]
Epoch 7/50 [Train]:  87%|████████▋ | 398/459 [00:38<00:05, 10.31it/s]
Epoch 7/50 [Train]:  87%|████████▋ | 400/459 [00:38<00:05, 10.35it/s]
Epoch 7/50 [Train]:  88%|████████▊ | 402/459 [00:39<00:05, 10.33it/s]
Epoch 7/50 [Train]:  88%|████████▊ | 404/459 [00:39<00:05, 10.27it/s]
Epoch 7/50 [Train]:  88%|████████▊ | 406/459 [00:39<00:05, 10.27it/s]
Epoch 7/50 [Train]:  89%|████████▉ | 408/459 [00:39<00:04, 10.26it/s]
Epoch 7/50 [Train]:  89%|████████▉ | 410/459 [00:39<00:04, 10.30it/s]
Epoch 7/50 [Train]:  90%|████████▉ | 412/459 [00:40<00:04, 10.25it/s]
Epoch 7/50 [Train]:  90%|█████████ | 414/459 [00:40<00:04, 10.30it/s]
Epoch 7/50 [Train]:  91%|█████████ | 416/459 [00:40<00:04, 10.38it/s]
Epoch 7/50 [Train]:  91%|█████████ | 418/459 [00:40<00:03, 10.40it/s]
Epoch 7/50 [Train]:  92%|█████████▏| 420/459 [00:40<00:03, 10.08it/s]
Epoch 7/50 [Train]:  92%|█████████▏| 422/459 [00:41<00:03, 10.12it/s]
Epoch 7/50 [Train]:  92%|█████████▏| 424/459 [00:41<00:03, 10.25it/s]
Epoch 7/50 [Train]:  93%|█████████▎| 426/459 [00:41<00:03, 10.26it/s]
Epoch 7/50 [Train]:  93%|█████████▎| 428/459 [00:41<00:03, 10.30it/s]
Epoch 7/50 [Train]:  94%|█████████▎| 430/459 [00:41<00:02, 10.28it/s]
Epoch 7/50 [Train]:  94%|█████████▍| 432/459 [00:42<00:02, 10.25it/s]
Epoch 7/50 [Train]:  95%|█████████▍| 434/459 [00:42<00:02, 10.29it/s]
Epoch 7/50 [Train]:  95%|█████████▍| 436/459 [00:42<00:02, 10.34it/s]
Epoch 7/50 [Train]:  95%|█████████▌| 438/459 [00:42<00:02, 10.36it/s]
Epoch 7/50 [Train]:  96%|█████████▌| 440/459 [00:42<00:01, 10.34it/s]
Epoch 7/50 [Train]:  96%|█████████▋| 442/459 [00:42<00:01, 10.31it/s]
Epoch 7/50 [Train]:  97%|█████████▋| 444/459 [00:43<00:01, 10.25it/s]
Epoch 7/50 [Train]:  97%|█████████▋| 446/459 [00:43<00:01, 10.26it/s]
Epoch 7/50 [Train]:  98%|█████████▊| 448/459 [00:43<00:01, 10.31it/s]
Epoch 7/50 [Train]:  98%|█████████▊| 450/459 [00:43<00:00, 10.30it/s]
Epoch 7/50 [Train]:  98%|█████████▊| 452/459 [00:43<00:00, 10.27it/s]
Epoch 7/50 [Train]:  99%|█████████▉| 454/459 [00:44<00:00, 10.29it/s]
Epoch 7/50 [Train]:  99%|█████████▉| 456/459 [00:44<00:00, 10.35it/s]
Epoch 7/50 [Train]: 100%|█████████▉| 458/459 [00:44<00:00, 10.37it/s]
                                                                     

Epoch 7/50 [Val]:   0%|          | 0/113 [00:00<?, ?it/s]
Epoch 7/50 [Val]:   2%|▏         | 2/113 [00:00<00:08, 13.11it/s]
Epoch 7/50 [Val]:   4%|▎         | 4/113 [00:00<00:08, 13.51it/s]
Epoch 7/50 [Val]:   5%|▌         | 6/113 [00:00<00:07, 13.39it/s]
Epoch 7/50 [Val]:   7%|▋         | 8/113 [00:00<00:07, 13.29it/s]
Epoch 7/50 [Val]:   9%|▉         | 10/113 [00:00<00:07, 13.57it/s]
Epoch 7/50 [Val]:  11%|█         | 12/113 [00:00<00:07, 13.50it/s]
Epoch 7/50 [Val]:  12%|█▏        | 14/113 [00:01<00:07, 13.67it/s]
Epoch 7/50 [Val]:  14%|█▍        | 16/113 [00:01<00:07, 13.12it/s]
Epoch 7/50 [Val]:  16%|█▌        | 18/113 [00:01<00:07, 12.19it/s]
Epoch 7/50 [Val]:  18%|█▊        | 20/113 [00:01<00:07, 12.23it/s]
Epoch 7/50 [Val]:  19%|█▉        | 22/113 [00:01<00:07, 12.12it/s]
Epoch 7/50 [Val]:  21%|██        | 24/113 [00:01<00:07, 12.24it/s]
Epoch 7/50 [Val]:  23%|██▎       | 26/113 [00:02<00:07, 12.36it/s]
Epoch 7/50 [Val]:  25%|██▍       | 28/113 [00:02<00:06, 12.55it/s]
Epoch 7/50 [Val]:  27%|██▋       | 30/113 [00:02<00:06, 12.58it/s]
Epoch 7/50 [Val]:  28%|██▊       | 32/113 [00:02<00:06, 12.73it/s]
Epoch 7/50 [Val]:  30%|███       | 34/113 [00:02<00:06, 12.85it/s]
Epoch 7/50 [Val]:  32%|███▏      | 36/113 [00:02<00:05, 13.12it/s]
Epoch 7/50 [Val]:  34%|███▎      | 38/113 [00:02<00:05, 13.36it/s]
Epoch 7/50 [Val]:  35%|███▌      | 40/113 [00:03<00:05, 13.33it/s]
Epoch 7/50 [Val]:  37%|███▋      | 42/113 [00:03<00:05, 13.58it/s]
Epoch 7/50 [Val]:  39%|███▉      | 44/113 [00:03<00:05, 13.36it/s]
Epoch 7/50 [Val]:  41%|████      | 46/113 [00:03<00:05, 13.27it/s]
Epoch 7/50 [Val]:  42%|████▏     | 48/113 [00:03<00:04, 13.39it/s]
Epoch 7/50 [Val]:  44%|████▍     | 50/113 [00:03<00:04, 13.40it/s]
Epoch 7/50 [Val]:  46%|████▌     | 52/113 [00:03<00:04, 13.43it/s]
Epoch 7/50 [Val]:  48%|████▊     | 54/113 [00:04<00:04, 13.74it/s]
Epoch 7/50 [Val]:  50%|████▉     | 56/113 [00:04<00:04, 13.75it/s]
Epoch 7/50 [Val]:  51%|█████▏    | 58/113 [00:04<00:04, 13.27it/s]
Epoch 7/50 [Val]:  53%|█████▎    | 60/113 [00:04<00:03, 13.50it/s]
Epoch 7/50 [Val]:  55%|█████▍    | 62/113 [00:04<00:03, 13.49it/s]
Epoch 7/50 [Val]:  57%|█████▋    | 64/113 [00:04<00:03, 13.65it/s]
Epoch 7/50 [Val]:  58%|█████▊    | 66/113 [00:05<00:03, 13.42it/s]
Epoch 7/50 [Val]:  60%|██████    | 68/113 [00:05<00:03, 13.41it/s]
Epoch 7/50 [Val]:  62%|██████▏   | 70/113 [00:05<00:03, 13.36it/s]
Epoch 7/50 [Val]:  64%|██████▎   | 72/113 [00:05<00:03, 13.59it/s]
Epoch 7/50 [Val]:  65%|██████▌   | 74/113 [00:05<00:02, 13.64it/s]
Epoch 7/50 [Val]:  67%|██████▋   | 76/113 [00:05<00:02, 13.66it/s]
Epoch 7/50 [Val]:  69%|██████▉   | 78/113 [00:05<00:02, 13.63it/s]
Epoch 7/50 [Val]:  71%|███████   | 80/113 [00:06<00:02, 13.66it/s]
Epoch 7/50 [Val]:  73%|███████▎  | 82/113 [00:06<00:02, 13.44it/s]
Epoch 7/50 [Val]:  74%|███████▍  | 84/113 [00:06<00:02, 13.43it/s]
Epoch 7/50 [Val]:  76%|███████▌  | 86/113 [00:06<00:01, 13.55it/s]
Epoch 7/50 [Val]:  78%|███████▊  | 88/113 [00:06<00:01, 13.53it/s]
Epoch 7/50 [Val]:  80%|███████▉  | 90/113 [00:06<00:01, 13.73it/s]
Epoch 7/50 [Val]:  81%|████████▏ | 92/113 [00:06<00:01, 13.78it/s]
Epoch 7/50 [Val]:  83%|████████▎ | 94/113 [00:07<00:01, 13.82it/s]
Epoch 7/50 [Val]:  85%|████████▍ | 96/113 [00:07<00:01, 14.04it/s]
Epoch 7/50 [Val]:  87%|████████▋ | 98/113 [00:07<00:01, 13.79it/s]
Epoch 7/50 [Val]:  88%|████████▊ | 100/113 [00:07<00:00, 13.56it/s]
Epoch 7/50 [Val]:  90%|█████████ | 102/113 [00:07<00:00, 13.48it/s]
Epoch 7/50 [Val]:  92%|█████████▏| 104/113 [00:07<00:00, 13.64it/s]
Epoch 7/50 [Val]:  94%|█████████▍| 106/113 [00:07<00:00, 13.71it/s]
Epoch 7/50 [Val]:  96%|█████████▌| 108/113 [00:08<00:00, 13.90it/s]
Epoch 7/50 [Val]:  97%|█████████▋| 110/113 [00:08<00:00, 13.93it/s]
Epoch 7/50 [Val]:  99%|█████████▉| 112/113 [00:08<00:00, 13.81it/s]
                                                                   

Epoch 8/50 [Train]:   0%|          | 0/459 [00:00<?, ?it/s]
Epoch 8/50 [Train]:   0%|          | 1/459 [00:00<00:46,  9.85it/s]
Epoch 8/50 [Train]:   1%|          | 3/459 [00:00<00:45, 10.11it/s]
Epoch 8/50 [Train]:   1%|          | 5/459 [00:00<00:44, 10.21it/s]
Epoch 8/50 [Train]:   2%|▏         | 7/459 [00:00<00:44, 10.27it/s]
Epoch 8/50 [Train]:   2%|▏         | 9/459 [00:00<00:43, 10.25it/s]
Epoch 8/50 [Train]:   2%|▏         | 11/459 [00:01<00:43, 10.21it/s]
Epoch 8/50 [Train]:   3%|▎         | 13/459 [00:01<00:43, 10.20it/s]
Epoch 8/50 [Train]:   3%|▎         | 15/459 [00:01<00:43, 10.19it/s]
Epoch 8/50 [Train]:   4%|▎         | 17/459 [00:01<00:43, 10.15it/s]
Epoch 8/50 [Train]:   4%|▍         | 19/459 [00:01<00:43, 10.12it/s]
Epoch 8/50 [Train]:   5%|▍         | 21/459 [00:02<00:42, 10.20it/s]
Epoch 8/50 [Train]:   5%|▌         | 23/459 [00:02<00:42, 10.18it/s]
Epoch 8/50 [Train]:   5%|▌         | 25/459 [00:02<00:42, 10.19it/s]
Epoch 8/50 [Train]:   6%|▌         | 27/459 [00:02<00:42, 10.23it/s]
Epoch 8/50 [Train]:   6%|▋         | 29/459 [00:02<00:42, 10.13it/s]
Epoch 8/50 [Train]:   7%|▋         | 31/459 [00:03<00:42, 10.15it/s]
Epoch 8/50 [Train]:   7%|▋         | 33/459 [00:03<00:41, 10.18it/s]
Epoch 8/50 [Train]:   8%|▊         | 35/459 [00:03<00:41, 10.18it/s]
Epoch 8/50 [Train]:   8%|▊         | 37/459 [00:03<00:41, 10.26it/s]
Epoch 8/50 [Train]:   8%|▊         | 39/459 [00:03<00:40, 10.27it/s]
Epoch 8/50 [Train]:   9%|▉         | 41/459 [00:04<00:40, 10.29it/s]
Epoch 8/50 [Train]:   9%|▉         | 43/459 [00:04<00:40, 10.31it/s]
Epoch 8/50 [Train]:  10%|▉         | 45/459 [00:04<00:40, 10.33it/s]
Epoch 8/50 [Train]:  10%|█         | 47/459 [00:04<00:40, 10.29it/s]
Epoch 8/50 [Train]:  11%|█         | 49/459 [00:04<00:40, 10.23it/s]
Epoch 8/50 [Train]:  11%|█         | 51/459 [00:04<00:39, 10.24it/s]
Epoch 8/50 [Train]:  12%|█▏        | 53/459 [00:05<00:39, 10.17it/s]
Epoch 8/50 [Train]:  12%|█▏        | 55/459 [00:05<00:39, 10.24it/s]
Epoch 8/50 [Train]:  12%|█▏        | 57/459 [00:05<00:39, 10.28it/s]
Epoch 8/50 [Train]:  13%|█▎        | 59/459 [00:05<00:38, 10.26it/s]
Epoch 8/50 [Train]:  13%|█▎        | 61/459 [00:05<00:38, 10.22it/s]
Epoch 8/50 [Train]:  14%|█▎        | 63/459 [00:06<00:38, 10.30it/s]
Epoch 8/50 [Train]:  14%|█▍        | 65/459 [00:06<00:37, 10.38it/s]
Epoch 8/50 [Train]:  15%|█▍        | 67/459 [00:06<00:37, 10.35it/s]
Epoch 8/50 [Train]:  15%|█▌        | 69/459 [00:06<00:37, 10.31it/s]
Epoch 8/50 [Train]:  15%|█▌        | 71/459 [00:06<00:37, 10.30it/s]
Epoch 8/50 [Train]:  16%|█▌        | 73/459 [00:07<00:37, 10.29it/s]
Epoch 8/50 [Train]:  16%|█▋        | 75/459 [00:07<00:37, 10.29it/s]
Epoch 8/50 [Train]:  17%|█▋        | 77/459 [00:07<00:36, 10.35it/s]
Epoch 8/50 [Train]:  17%|█▋        | 79/459 [00:07<00:36, 10.30it/s]
Epoch 8/50 [Train]:  18%|█▊        | 81/459 [00:07<00:37, 10.16it/s]
Epoch 8/50 [Train]:  18%|█▊        | 83/459 [00:08<00:36, 10.24it/s]
Epoch 8/50 [Train]:  19%|█▊        | 85/459 [00:08<00:36, 10.26it/s]
Epoch 8/50 [Train]:  19%|█▉        | 87/459 [00:08<00:36, 10.31it/s]
Epoch 8/50 [Train]:  19%|█▉        | 89/459 [00:08<00:35, 10.34it/s]
Epoch 8/50 [Train]:  20%|█▉        | 91/459 [00:08<00:35, 10.24it/s]
Epoch 8/50 [Train]:  20%|██        | 93/459 [00:09<00:35, 10.29it/s]
Epoch 8/50 [Train]:  21%|██        | 95/459 [00:09<00:35, 10.26it/s]
Epoch 8/50 [Train]:  21%|██        | 97/459 [00:09<00:35, 10.31it/s]
Epoch 8/50 [Train]:  22%|██▏       | 99/459 [00:09<00:34, 10.30it/s]
Epoch 8/50 [Train]:  22%|██▏       | 101/459 [00:09<00:34, 10.24it/s]
Epoch 8/50 [Train]:  22%|██▏       | 103/459 [00:10<00:34, 10.21it/s]
Epoch 8/50 [Train]:  23%|██▎       | 105/459 [00:10<00:34, 10.14it/s]
Epoch 8/50 [Train]:  23%|██▎       | 107/459 [00:10<00:34, 10.26it/s]
Epoch 8/50 [Train]:  24%|██▎       | 109/459 [00:10<00:33, 10.30it/s]
Epoch 8/50 [Train]:  24%|██▍       | 111/459 [00:10<00:33, 10.32it/s]
Epoch 8/50 [Train]:  25%|██▍       | 113/459 [00:11<00:33, 10.37it/s]
Epoch 8/50 [Train]:  25%|██▌       | 115/459 [00:11<00:33, 10.20it/s]
Epoch 8/50 [Train]:  25%|██▌       | 117/459 [00:11<00:33, 10.28it/s]
Epoch 8/50 [Train]:  26%|██▌       | 119/459 [00:11<00:32, 10.32it/s]
Epoch 8/50 [Train]:  26%|██▋       | 121/459 [00:11<00:32, 10.32it/s]
Epoch 8/50 [Train]:  27%|██▋       | 123/459 [00:11<00:32, 10.33it/s]
Epoch 8/50 [Train]:  27%|██▋       | 125/459 [00:12<00:32, 10.26it/s]
Epoch 8/50 [Train]:  28%|██▊       | 127/459 [00:12<00:32, 10.25it/s]
Epoch 8/50 [Train]:  28%|██▊       | 129/459 [00:12<00:32, 10.28it/s]
Epoch 8/50 [Train]:  29%|██▊       | 131/459 [00:12<00:31, 10.34it/s]
Epoch 8/50 [Train]:  29%|██▉       | 133/459 [00:12<00:31, 10.29it/s]
Epoch 8/50 [Train]:  29%|██▉       | 135/459 [00:13<00:31, 10.33it/s]
Epoch 8/50 [Train]:  30%|██▉       | 137/459 [00:13<00:31, 10.25it/s]
Epoch 8/50 [Train]:  30%|███       | 139/459 [00:13<00:31, 10.28it/s]
Epoch 8/50 [Train]:  31%|███       | 141/459 [00:13<00:30, 10.28it/s]
Epoch 8/50 [Train]:  31%|███       | 143/459 [00:13<00:30, 10.23it/s]
Epoch 8/50 [Train]:  32%|███▏      | 145/459 [00:14<00:30, 10.21it/s]
Epoch 8/50 [Train]:  32%|███▏      | 147/459 [00:14<00:30, 10.25it/s]
Epoch 8/50 [Train]:  32%|███▏      | 149/459 [00:14<00:30, 10.32it/s]
Epoch 8/50 [Train]:  33%|███▎      | 151/459 [00:14<00:29, 10.32it/s]
Epoch 8/50 [Train]:  33%|███▎      | 153/459 [00:14<00:29, 10.24it/s]
Epoch 8/50 [Train]:  34%|███▍      | 155/459 [00:15<00:29, 10.24it/s]
Epoch 8/50 [Train]:  34%|███▍      | 157/459 [00:15<00:29, 10.25it/s]
Epoch 8/50 [Train]:  35%|███▍      | 159/459 [00:15<00:29, 10.30it/s]
Epoch 8/50 [Train]:  35%|███▌      | 161/459 [00:15<00:28, 10.30it/s]
Epoch 8/50 [Train]:  36%|███▌      | 163/459 [00:15<00:28, 10.29it/s]
Epoch 8/50 [Train]:  36%|███▌      | 165/459 [00:16<00:28, 10.30it/s]
Epoch 8/50 [Train]:  36%|███▋      | 167/459 [00:16<00:28, 10.34it/s]
Epoch 8/50 [Train]:  37%|███▋      | 169/459 [00:16<00:28, 10.31it/s]
Epoch 8/50 [Train]:  37%|███▋      | 171/459 [00:16<00:27, 10.37it/s]
Epoch 8/50 [Train]:  38%|███▊      | 173/459 [00:16<00:27, 10.36it/s]
Epoch 8/50 [Train]:  38%|███▊      | 175/459 [00:17<00:27, 10.38it/s]
Epoch 8/50 [Train]:  39%|███▊      | 177/459 [00:17<00:27, 10.32it/s]
Epoch 8/50 [Train]:  39%|███▉      | 179/459 [00:17<00:26, 10.37it/s]
Epoch 8/50 [Train]:  39%|███▉      | 181/459 [00:17<00:26, 10.39it/s]
Epoch 8/50 [Train]:  40%|███▉      | 183/459 [00:17<00:27, 10.10it/s]
Epoch 8/50 [Train]:  40%|████      | 185/459 [00:18<00:26, 10.15it/s]
Epoch 8/50 [Train]:  41%|████      | 187/459 [00:18<00:26, 10.23it/s]
Epoch 8/50 [Train]:  41%|████      | 189/459 [00:18<00:26, 10.24it/s]
Epoch 8/50 [Train]:  42%|████▏     | 191/459 [00:18<00:26, 10.28it/s]
Epoch 8/50 [Train]:  42%|████▏     | 193/459 [00:18<00:25, 10.29it/s]
Epoch 8/50 [Train]:  42%|████▏     | 195/459 [00:19<00:26, 10.13it/s]
Epoch 8/50 [Train]:  43%|████▎     | 197/459 [00:19<00:25, 10.16it/s]
Epoch 8/50 [Train]:  43%|████▎     | 199/459 [00:19<00:26, 10.00it/s]
Epoch 8/50 [Train]:  44%|████▍     | 201/459 [00:19<00:25, 10.09it/s]
Epoch 8/50 [Train]:  44%|████▍     | 203/459 [00:19<00:25, 10.19it/s]
Epoch 8/50 [Train]:  45%|████▍     | 205/459 [00:19<00:24, 10.23it/s]
Epoch 8/50 [Train]:  45%|████▌     | 207/459 [00:20<00:24, 10.30it/s]
Epoch 8/50 [Train]:  46%|████▌     | 209/459 [00:20<00:24, 10.27it/s]
Epoch 8/50 [Train]:  46%|████▌     | 211/459 [00:20<00:24, 10.24it/s]
Epoch 8/50 [Train]:  46%|████▋     | 213/459 [00:20<00:23, 10.27it/s]
Epoch 8/50 [Train]:  47%|████▋     | 215/459 [00:20<00:24, 10.13it/s]
Epoch 8/50 [Train]:  47%|████▋     | 217/459 [00:21<00:23, 10.19it/s]
Epoch 8/50 [Train]:  48%|████▊     | 219/459 [00:21<00:23, 10.25it/s]
Epoch 8/50 [Train]:  48%|████▊     | 221/459 [00:21<00:23, 10.26it/s]
Epoch 8/50 [Train]:  49%|████▊     | 223/459 [00:21<00:23, 10.25it/s]
Epoch 8/50 [Train]:  49%|████▉     | 225/459 [00:21<00:22, 10.26it/s]
Epoch 8/50 [Train]:  49%|████▉     | 227/459 [00:22<00:22, 10.22it/s]
Epoch 8/50 [Train]:  50%|████▉     | 229/459 [00:22<00:22, 10.26it/s]
Epoch 8/50 [Train]:  50%|█████     | 231/459 [00:22<00:22, 10.29it/s]
Epoch 8/50 [Train]:  51%|█████     | 233/459 [00:22<00:21, 10.31it/s]
Epoch 8/50 [Train]:  51%|█████     | 235/459 [00:22<00:21, 10.28it/s]
Epoch 8/50 [Train]:  52%|█████▏    | 237/459 [00:23<00:21, 10.33it/s]
Epoch 8/50 [Train]:  52%|█████▏    | 239/459 [00:23<00:21, 10.32it/s]
Epoch 8/50 [Train]:  53%|█████▎    | 241/459 [00:23<00:21, 10.33it/s]
Epoch 8/50 [Train]:  53%|█████▎    | 243/459 [00:23<00:20, 10.30it/s]
Epoch 8/50 [Train]:  53%|█████▎    | 245/459 [00:23<00:20, 10.22it/s]
Epoch 8/50 [Train]:  54%|█████▍    | 247/459 [00:24<00:20, 10.22it/s]
Epoch 8/50 [Train]:  54%|█████▍    | 249/459 [00:24<00:20, 10.29it/s]
Epoch 8/50 [Train]:  55%|█████▍    | 251/459 [00:24<00:20, 10.32it/s]
Epoch 8/50 [Train]:  55%|█████▌    | 253/459 [00:24<00:19, 10.32it/s]
Epoch 8/50 [Train]:  56%|█████▌    | 255/459 [00:24<00:20, 10.17it/s]
Epoch 8/50 [Train]:  56%|█████▌    | 257/459 [00:25<00:19, 10.16it/s]
Epoch 8/50 [Train]:  56%|█████▋    | 259/459 [00:25<00:19, 10.20it/s]
Epoch 8/50 [Train]:  57%|█████▋    | 261/459 [00:25<00:19, 10.09it/s]
Epoch 8/50 [Train]:  57%|█████▋    | 263/459 [00:25<00:19, 10.18it/s]
Epoch 8/50 [Train]:  58%|█████▊    | 265/459 [00:25<00:19, 10.20it/s]
Epoch 8/50 [Train]:  58%|█████▊    | 267/459 [00:26<00:18, 10.22it/s]
Epoch 8/50 [Train]:  59%|█████▊    | 269/459 [00:26<00:18, 10.26it/s]
Epoch 8/50 [Train]:  59%|█████▉    | 271/459 [00:26<00:18, 10.27it/s]
Epoch 8/50 [Train]:  59%|█████▉    | 273/459 [00:26<00:18, 10.29it/s]
Epoch 8/50 [Train]:  60%|█████▉    | 275/459 [00:26<00:17, 10.31it/s]
Epoch 8/50 [Train]:  60%|██████    | 277/459 [00:27<00:17, 10.33it/s]
Epoch 8/50 [Train]:  61%|██████    | 279/459 [00:27<00:17, 10.31it/s]
Epoch 8/50 [Train]:  61%|██████    | 281/459 [00:27<00:17, 10.26it/s]
Epoch 8/50 [Train]:  62%|██████▏   | 283/459 [00:27<00:17, 10.23it/s]
Epoch 8/50 [Train]:  62%|██████▏   | 285/459 [00:27<00:17, 10.19it/s]
Epoch 8/50 [Train]:  63%|██████▎   | 287/459 [00:27<00:16, 10.24it/s]
Epoch 8/50 [Train]:  63%|██████▎   | 289/459 [00:28<00:16, 10.28it/s]
Epoch 8/50 [Train]:  63%|██████▎   | 291/459 [00:28<00:16, 10.28it/s]
Epoch 8/50 [Train]:  64%|██████▍   | 293/459 [00:28<00:16, 10.34it/s]
Epoch 8/50 [Train]:  64%|██████▍   | 295/459 [00:28<00:15, 10.35it/s]
Epoch 8/50 [Train]:  65%|██████▍   | 297/459 [00:28<00:15, 10.35it/s]
Epoch 8/50 [Train]:  65%|██████▌   | 299/459 [00:29<00:15, 10.32it/s]
Epoch 8/50 [Train]:  66%|██████▌   | 301/459 [00:29<00:15, 10.32it/s]
Epoch 8/50 [Train]:  66%|██████▌   | 303/459 [00:29<00:15, 10.26it/s]
Epoch 8/50 [Train]:  66%|██████▋   | 305/459 [00:29<00:15, 10.20it/s]
Epoch 8/50 [Train]:  67%|██████▋   | 307/459 [00:29<00:14, 10.26it/s]
Epoch 8/50 [Train]:  67%|██████▋   | 309/459 [00:30<00:14, 10.28it/s]
Epoch 8/50 [Train]:  68%|██████▊   | 311/459 [00:30<00:14, 10.30it/s]
Epoch 8/50 [Train]:  68%|██████▊   | 313/459 [00:30<00:14, 10.37it/s]
Epoch 8/50 [Train]:  69%|██████▊   | 315/459 [00:30<00:13, 10.40it/s]
Epoch 8/50 [Train]:  69%|██████▉   | 317/459 [00:30<00:13, 10.34it/s]
Epoch 8/50 [Train]:  69%|██████▉   | 319/459 [00:31<00:13, 10.36it/s]
Epoch 8/50 [Train]:  70%|██████▉   | 321/459 [00:31<00:13, 10.40it/s]
Epoch 8/50 [Train]:  70%|███████   | 323/459 [00:31<00:13, 10.08it/s]
Epoch 8/50 [Train]:  71%|███████   | 325/459 [00:31<00:13,  9.96it/s]
Epoch 8/50 [Train]:  71%|███████   | 326/459 [00:31<00:13,  9.74it/s]
Epoch 8/50 [Train]:  71%|███████   | 327/459 [00:31<00:13,  9.61it/s]
Epoch 8/50 [Train]:  72%|███████▏  | 329/459 [00:32<00:13,  9.78it/s]
Epoch 8/50 [Train]:  72%|███████▏  | 331/459 [00:32<00:12, 10.00it/s]
Epoch 8/50 [Train]:  73%|███████▎  | 333/459 [00:32<00:12, 10.09it/s]
Epoch 8/50 [Train]:  73%|███████▎  | 335/459 [00:32<00:12, 10.20it/s]
Epoch 8/50 [Train]:  73%|███████▎  | 337/459 [00:32<00:12,  9.96it/s]
Epoch 8/50 [Train]:  74%|███████▍  | 339/459 [00:33<00:11, 10.03it/s]
Epoch 8/50 [Train]:  74%|███████▍  | 341/459 [00:33<00:11, 10.14it/s]
Epoch 8/50 [Train]:  75%|███████▍  | 343/459 [00:33<00:11, 10.23it/s]
Epoch 8/50 [Train]:  75%|███████▌  | 345/459 [00:33<00:11, 10.16it/s]
Epoch 8/50 [Train]:  76%|███████▌  | 347/459 [00:33<00:11, 10.17it/s]
Epoch 8/50 [Train]:  76%|███████▌  | 349/459 [00:34<00:10, 10.25it/s]
Epoch 8/50 [Train]:  76%|███████▋  | 351/459 [00:34<00:10, 10.29it/s]
Epoch 8/50 [Train]:  77%|███████▋  | 353/459 [00:34<00:10, 10.27it/s]
Epoch 8/50 [Train]:  77%|███████▋  | 355/459 [00:34<00:10, 10.23it/s]
Epoch 8/50 [Train]:  78%|███████▊  | 357/459 [00:34<00:10, 10.14it/s]
Epoch 8/50 [Train]:  78%|███████▊  | 359/459 [00:35<00:09, 10.10it/s]
Epoch 8/50 [Train]:  79%|███████▊  | 361/459 [00:35<00:09, 10.09it/s]
Epoch 8/50 [Train]:  79%|███████▉  | 363/459 [00:35<00:09, 10.15it/s]
Epoch 8/50 [Train]:  80%|███████▉  | 365/459 [00:35<00:09, 10.18it/s]
Epoch 8/50 [Train]:  80%|███████▉  | 367/459 [00:35<00:09, 10.13it/s]
Epoch 8/50 [Train]:  80%|████████  | 369/459 [00:36<00:08, 10.13it/s]
Epoch 8/50 [Train]:  81%|████████  | 371/459 [00:36<00:08, 10.24it/s]
Epoch 8/50 [Train]:  81%|████████▏ | 373/459 [00:36<00:08, 10.30it/s]
Epoch 8/50 [Train]:  82%|████████▏ | 375/459 [00:36<00:08, 10.28it/s]
Epoch 8/50 [Train]:  82%|████████▏ | 377/459 [00:36<00:08, 10.21it/s]
Epoch 8/50 [Train]:  83%|████████▎ | 379/459 [00:37<00:07, 10.25it/s]
Epoch 8/50 [Train]:  83%|████████▎ | 381/459 [00:37<00:07, 10.17it/s]
Epoch 8/50 [Train]:  83%|████████▎ | 383/459 [00:37<00:07, 10.19it/s]
Epoch 8/50 [Train]:  84%|████████▍ | 385/459 [00:37<00:07, 10.18it/s]
Epoch 8/50 [Train]:  84%|████████▍ | 387/459 [00:37<00:07, 10.16it/s]
Epoch 8/50 [Train]:  85%|████████▍ | 389/459 [00:37<00:06, 10.20it/s]
Epoch 8/50 [Train]:  85%|████████▌ | 391/459 [00:38<00:06, 10.23it/s]
Epoch 8/50 [Train]:  86%|████████▌ | 393/459 [00:38<00:06, 10.26it/s]
Epoch 8/50 [Train]:  86%|████████▌ | 395/459 [00:38<00:06, 10.23it/s]
Epoch 8/50 [Train]:  86%|████████▋ | 397/459 [00:38<00:06, 10.27it/s]
Epoch 8/50 [Train]:  87%|████████▋ | 399/459 [00:38<00:05, 10.26it/s]
Epoch 8/50 [Train]:  87%|████████▋ | 401/459 [00:39<00:05, 10.22it/s]
Epoch 8/50 [Train]:  88%|████████▊ | 403/459 [00:39<00:05, 10.26it/s]
Epoch 8/50 [Train]:  88%|████████▊ | 405/459 [00:39<00:05, 10.25it/s]
Epoch 8/50 [Train]:  89%|████████▊ | 407/459 [00:39<00:05, 10.19it/s]
Epoch 8/50 [Train]:  89%|████████▉ | 409/459 [00:39<00:04, 10.14it/s]
Epoch 8/50 [Train]:  90%|████████▉ | 411/459 [00:40<00:04, 10.18it/s]
Epoch 8/50 [Train]:  90%|████████▉ | 413/459 [00:40<00:04, 10.19it/s]
Epoch 8/50 [Train]:  90%|█████████ | 415/459 [00:40<00:04, 10.18it/s]
Epoch 8/50 [Train]:  91%|█████████ | 417/459 [00:40<00:04, 10.08it/s]
Epoch 8/50 [Train]:  91%|█████████▏| 419/459 [00:40<00:03, 10.14it/s]
Epoch 8/50 [Train]:  92%|█████████▏| 421/459 [00:41<00:03, 10.18it/s]
Epoch 8/50 [Train]:  92%|█████████▏| 423/459 [00:41<00:03, 10.13it/s]
Epoch 8/50 [Train]:  93%|█████████▎| 425/459 [00:41<00:03, 10.20it/s]
Epoch 8/50 [Train]:  93%|█████████▎| 427/459 [00:41<00:03, 10.20it/s]
Epoch 8/50 [Train]:  93%|█████████▎| 429/459 [00:41<00:02, 10.21it/s]
Epoch 8/50 [Train]:  94%|█████████▍| 431/459 [00:42<00:02, 10.16it/s]
Epoch 8/50 [Train]:  94%|█████████▍| 433/459 [00:42<00:02, 10.21it/s]
Epoch 8/50 [Train]:  95%|█████████▍| 435/459 [00:42<00:02, 10.28it/s]
Epoch 8/50 [Train]:  95%|█████████▌| 437/459 [00:42<00:02, 10.28it/s]
Epoch 8/50 [Train]:  96%|█████████▌| 439/459 [00:42<00:01, 10.30it/s]
Epoch 8/50 [Train]:  96%|█████████▌| 441/459 [00:43<00:01, 10.24it/s]
Epoch 8/50 [Train]:  97%|█████████▋| 443/459 [00:43<00:01, 10.24it/s]
Epoch 8/50 [Train]:  97%|█████████▋| 445/459 [00:43<00:01, 10.25it/s]
Epoch 8/50 [Train]:  97%|█████████▋| 447/459 [00:43<00:01, 10.27it/s]
Epoch 8/50 [Train]:  98%|█████████▊| 449/459 [00:43<00:00, 10.23it/s]
Epoch 8/50 [Train]:  98%|█████████▊| 451/459 [00:44<00:00, 10.21it/s]
Epoch 8/50 [Train]:  99%|█████████▊| 453/459 [00:44<00:00, 10.23it/s]
Epoch 8/50 [Train]:  99%|█████████▉| 455/459 [00:44<00:00, 10.22it/s]
Epoch 8/50 [Train]: 100%|█████████▉| 457/459 [00:44<00:00, 10.23it/s]
Epoch 8/50 [Train]: 100%|██████████| 459/459 [00:44<00:00, 10.24it/s]
                                                                     

Epoch 8/50 [Val]:   0%|          | 0/113 [00:00<?, ?it/s]
Epoch 8/50 [Val]:   2%|▏         | 2/113 [00:00<00:08, 12.98it/s]
Epoch 8/50 [Val]:   4%|▎         | 4/113 [00:00<00:08, 13.09it/s]
Epoch 8/50 [Val]:   5%|▌         | 6/113 [00:00<00:08, 13.15it/s]
Epoch 8/50 [Val]:   7%|▋         | 8/113 [00:00<00:08, 13.10it/s]
Epoch 8/50 [Val]:   9%|▉         | 10/113 [00:00<00:07, 13.47it/s]
Epoch 8/50 [Val]:  11%|█         | 12/113 [00:00<00:07, 13.55it/s]
Epoch 8/50 [Val]:  12%|█▏        | 14/113 [00:01<00:07, 13.51it/s]
Epoch 8/50 [Val]:  14%|█▍        | 16/113 [00:01<00:07, 13.06it/s]
Epoch 8/50 [Val]:  16%|█▌        | 18/113 [00:01<00:07, 12.69it/s]
Epoch 8/50 [Val]:  18%|█▊        | 20/113 [00:01<00:07, 12.59it/s]
Epoch 8/50 [Val]:  19%|█▉        | 22/113 [00:01<00:07, 12.48it/s]
Epoch 8/50 [Val]:  21%|██        | 24/113 [00:01<00:07, 12.38it/s]
Epoch 8/50 [Val]:  23%|██▎       | 26/113 [00:02<00:07, 12.35it/s]
Epoch 8/50 [Val]:  25%|██▍       | 28/113 [00:02<00:06, 12.54it/s]
Epoch 8/50 [Val]:  27%|██▋       | 30/113 [00:02<00:06, 12.68it/s]
Epoch 8/50 [Val]:  28%|██▊       | 32/113 [00:02<00:06, 12.81it/s]
Epoch 8/50 [Val]:  30%|███       | 34/113 [00:02<00:06, 12.80it/s]
Epoch 8/50 [Val]:  32%|███▏      | 36/113 [00:02<00:05, 13.18it/s]
Epoch 8/50 [Val]:  34%|███▎      | 38/113 [00:02<00:05, 13.38it/s]
Epoch 8/50 [Val]:  35%|███▌      | 40/113 [00:03<00:05, 13.31it/s]
Epoch 8/50 [Val]:  37%|███▋      | 42/113 [00:03<00:05, 13.52it/s]
Epoch 8/50 [Val]:  39%|███▉      | 44/113 [00:03<00:05, 13.29it/s]
Epoch 8/50 [Val]:  41%|████      | 46/113 [00:03<00:05, 13.00it/s]
Epoch 8/50 [Val]:  42%|████▏     | 48/113 [00:03<00:04, 13.12it/s]
Epoch 8/50 [Val]:  44%|████▍     | 50/113 [00:03<00:04, 13.31it/s]
Epoch 8/50 [Val]:  46%|████▌     | 52/113 [00:03<00:04, 13.42it/s]
Epoch 8/50 [Val]:  48%|████▊     | 54/113 [00:04<00:04, 13.47it/s]
Epoch 8/50 [Val]:  50%|████▉     | 56/113 [00:04<00:04, 13.55it/s]
Epoch 8/50 [Val]:  51%|█████▏    | 58/113 [00:04<00:04, 13.18it/s]
Epoch 8/50 [Val]:  53%|█████▎    | 60/113 [00:04<00:03, 13.45it/s]
Epoch 8/50 [Val]:  55%|█████▍    | 62/113 [00:04<00:03, 13.45it/s]
Epoch 8/50 [Val]:  57%|█████▋    | 64/113 [00:04<00:03, 13.52it/s]
Epoch 8/50 [Val]:  58%|█████▊    | 66/113 [00:05<00:03, 13.19it/s]
Epoch 8/50 [Val]:  60%|██████    | 68/113 [00:05<00:03, 13.29it/s]
Epoch 8/50 [Val]:  62%|██████▏   | 70/113 [00:05<00:03, 13.38it/s]
Epoch 8/50 [Val]:  64%|██████▎   | 72/113 [00:05<00:03, 13.44it/s]
Epoch 8/50 [Val]:  65%|██████▌   | 74/113 [00:05<00:02, 13.67it/s]
Epoch 8/50 [Val]:  67%|██████▋   | 76/113 [00:05<00:02, 13.48it/s]
Epoch 8/50 [Val]:  69%|██████▉   | 78/113 [00:05<00:02, 13.56it/s]
Epoch 8/50 [Val]:  71%|███████   | 80/113 [00:06<00:02, 13.22it/s]
Epoch 8/50 [Val]:  73%|███████▎  | 82/113 [00:06<00:02, 13.27it/s]
Epoch 8/50 [Val]:  74%|███████▍  | 84/113 [00:06<00:02, 13.31it/s]
Epoch 8/50 [Val]:  76%|███████▌  | 86/113 [00:06<00:02, 13.45it/s]
Epoch 8/50 [Val]:  78%|███████▊  | 88/113 [00:06<00:01, 13.45it/s]
Epoch 8/50 [Val]:  80%|███████▉  | 90/113 [00:06<00:01, 13.42it/s]
Epoch 8/50 [Val]:  81%|████████▏ | 92/113 [00:06<00:01, 13.18it/s]
Epoch 8/50 [Val]:  83%|████████▎ | 94/113 [00:07<00:01, 13.48it/s]
Epoch 8/50 [Val]:  85%|████████▍ | 96/113 [00:07<00:01, 13.73it/s]
Epoch 8/50 [Val]:  87%|████████▋ | 98/113 [00:07<00:01, 13.82it/s]
Epoch 8/50 [Val]:  88%|████████▊ | 100/113 [00:07<00:00, 13.70it/s]
Epoch 8/50 [Val]:  90%|█████████ | 102/113 [00:07<00:00, 13.56it/s]
Epoch 8/50 [Val]:  92%|█████████▏| 104/113 [00:07<00:00, 13.58it/s]
Epoch 8/50 [Val]:  94%|█████████▍| 106/113 [00:07<00:00, 13.57it/s]
Epoch 8/50 [Val]:  96%|█████████▌| 108/113 [00:08<00:00, 13.67it/s]
Epoch 8/50 [Val]:  97%|█████████▋| 110/113 [00:08<00:00, 13.52it/s]
Epoch 8/50 [Val]:  99%|█████████▉| 112/113 [00:08<00:00, 13.58it/s]
                                                                   

Epoch 9/50 [Train]:   0%|          | 0/459 [00:00<?, ?it/s]
Epoch 9/50 [Train]:   0%|          | 1/459 [00:00<00:45,  9.97it/s]
Epoch 9/50 [Train]:   0%|          | 2/459 [00:00<00:49,  9.22it/s]
Epoch 9/50 [Train]:   1%|          | 4/459 [00:00<00:45,  9.91it/s]
Epoch 9/50 [Train]:   1%|▏         | 6/459 [00:00<00:45, 10.07it/s]
Epoch 9/50 [Train]:   2%|▏         | 8/459 [00:00<00:44, 10.08it/s]
Epoch 9/50 [Train]:   2%|▏         | 10/459 [00:00<00:44, 10.09it/s]
Epoch 9/50 [Train]:   3%|▎         | 12/459 [00:01<00:44, 10.11it/s]
Epoch 9/50 [Train]:   3%|▎         | 14/459 [00:01<00:44, 10.09it/s]
Epoch 9/50 [Train]:   3%|▎         | 16/459 [00:01<00:43, 10.13it/s]
Epoch 9/50 [Train]:   4%|▍         | 18/459 [00:01<00:43, 10.14it/s]
Epoch 9/50 [Train]:   4%|▍         | 20/459 [00:01<00:43, 10.14it/s]
Epoch 9/50 [Train]:   5%|▍         | 22/459 [00:02<00:43, 10.16it/s]
Epoch 9/50 [Train]:   5%|▌         | 24/459 [00:02<00:42, 10.15it/s]
Epoch 9/50 [Train]:   6%|▌         | 26/459 [00:02<00:42, 10.25it/s]
Epoch 9/50 [Train]:   6%|▌         | 28/459 [00:02<00:41, 10.32it/s]
Epoch 9/50 [Train]:   7%|▋         | 30/459 [00:02<00:41, 10.27it/s]
Epoch 9/50 [Train]:   7%|▋         | 32/459 [00:03<00:41, 10.34it/s]
Epoch 9/50 [Train]:   7%|▋         | 34/459 [00:03<00:41, 10.33it/s]
Epoch 9/50 [Train]:   8%|▊         | 36/459 [00:03<00:41, 10.26it/s]
Epoch 9/50 [Train]:   8%|▊         | 38/459 [00:03<00:41, 10.26it/s]
Epoch 9/50 [Train]:   9%|▊         | 40/459 [00:03<00:40, 10.25it/s]
Epoch 9/50 [Train]:   9%|▉         | 42/459 [00:04<00:40, 10.24it/s]
Epoch 9/50 [Train]:  10%|▉         | 44/459 [00:04<00:40, 10.20it/s]
Epoch 9/50 [Train]:  10%|█         | 46/459 [00:04<00:40, 10.21it/s]
Epoch 9/50 [Train]:  10%|█         | 48/459 [00:04<00:40, 10.20it/s]
Epoch 9/50 [Train]:  11%|█         | 50/459 [00:04<00:39, 10.24it/s]
Epoch 9/50 [Train]:  11%|█▏        | 52/459 [00:05<00:39, 10.22it/s]
Epoch 9/50 [Train]:  12%|█▏        | 54/459 [00:05<00:39, 10.16it/s]
Epoch 9/50 [Train]:  12%|█▏        | 56/459 [00:05<00:39, 10.20it/s]
Epoch 9/50 [Train]:  13%|█▎        | 58/459 [00:05<00:39, 10.18it/s]
Epoch 9/50 [Train]:  13%|█▎        | 60/459 [00:05<00:39, 10.21it/s]
Epoch 9/50 [Train]:  14%|█▎        | 62/459 [00:06<00:38, 10.20it/s]
Epoch 9/50 [Train]:  14%|█▍        | 64/459 [00:06<00:38, 10.23it/s]
Epoch 9/50 [Train]:  14%|█▍        | 66/459 [00:06<00:38, 10.08it/s]
Epoch 9/50 [Train]:  15%|█▍        | 68/459 [00:06<00:38, 10.14it/s]
Epoch 9/50 [Train]:  15%|█▌        | 70/459 [00:06<00:38, 10.17it/s]
Epoch 9/50 [Train]:  16%|█▌        | 72/459 [00:07<00:38, 10.09it/s]
Epoch 9/50 [Train]:  16%|█▌        | 74/459 [00:07<00:38, 10.08it/s]
Epoch 9/50 [Train]:  17%|█▋        | 76/459 [00:07<00:37, 10.15it/s]
Epoch 9/50 [Train]:  17%|█▋        | 78/459 [00:07<00:37, 10.13it/s]
Epoch 9/50 [Train]:  17%|█▋        | 80/459 [00:07<00:37, 10.14it/s]
Epoch 9/50 [Train]:  18%|█▊        | 82/459 [00:08<00:36, 10.24it/s]
Epoch 9/50 [Train]:  18%|█▊        | 84/459 [00:08<00:36, 10.30it/s]
Epoch 9/50 [Train]:  19%|█▊        | 86/459 [00:08<00:36, 10.29it/s]
Epoch 9/50 [Train]:  19%|█▉        | 88/459 [00:08<00:36, 10.15it/s]
Epoch 9/50 [Train]:  20%|█▉        | 90/459 [00:08<00:36, 10.09it/s]
Epoch 9/50 [Train]:  20%|██        | 92/459 [00:09<00:36, 10.05it/s]
Epoch 9/50 [Train]:  20%|██        | 94/459 [00:09<00:36, 10.00it/s]
Epoch 9/50 [Train]:  21%|██        | 96/459 [00:09<00:36, 10.01it/s]
Epoch 9/50 [Train]:  21%|██▏       | 98/459 [00:09<00:36,  9.85it/s]
Epoch 9/50 [Train]:  22%|██▏       | 100/459 [00:09<00:35,  9.99it/s]
Epoch 9/50 [Train]:  22%|██▏       | 102/459 [00:10<00:35, 10.06it/s]
Epoch 9/50 [Train]:  23%|██▎       | 104/459 [00:10<00:35, 10.11it/s]
Epoch 9/50 [Train]:  23%|██▎       | 106/459 [00:10<00:34, 10.19it/s]
Epoch 9/50 [Train]:  24%|██▎       | 108/459 [00:10<00:34, 10.19it/s]
Epoch 9/50 [Train]:  24%|██▍       | 110/459 [00:10<00:34, 10.19it/s]
Epoch 9/50 [Train]:  24%|██▍       | 112/459 [00:11<00:33, 10.21it/s]
Epoch 9/50 [Train]:  25%|██▍       | 114/459 [00:11<00:33, 10.26it/s]
Epoch 9/50 [Train]:  25%|██▌       | 116/459 [00:11<00:33, 10.26it/s]
Epoch 9/50 [Train]:  26%|██▌       | 118/459 [00:11<00:33, 10.31it/s]
Epoch 9/50 [Train]:  26%|██▌       | 120/459 [00:11<00:32, 10.33it/s]
Epoch 9/50 [Train]:  27%|██▋       | 122/459 [00:11<00:32, 10.36it/s]
Epoch 9/50 [Train]:  27%|██▋       | 124/459 [00:12<00:32, 10.40it/s]
Epoch 9/50 [Train]:  27%|██▋       | 126/459 [00:12<00:32, 10.35it/s]
Epoch 9/50 [Train]:  28%|██▊       | 128/459 [00:12<00:32, 10.29it/s]
Epoch 9/50 [Train]:  28%|██▊       | 130/459 [00:12<00:31, 10.29it/s]
Epoch 9/50 [Train]:  29%|██▉       | 132/459 [00:12<00:31, 10.36it/s]
Epoch 9/50 [Train]:  29%|██▉       | 134/459 [00:13<00:31, 10.38it/s]
Epoch 9/50 [Train]:  30%|██▉       | 136/459 [00:13<00:31, 10.39it/s]
Epoch 9/50 [Train]:  30%|███       | 138/459 [00:13<00:31, 10.35it/s]
Epoch 9/50 [Train]:  31%|███       | 140/459 [00:13<00:30, 10.29it/s]
Epoch 9/50 [Train]:  31%|███       | 142/459 [00:13<00:30, 10.34it/s]
Epoch 9/50 [Train]:  31%|███▏      | 144/459 [00:14<00:30, 10.38it/s]
Epoch 9/50 [Train]:  32%|███▏      | 146/459 [00:14<00:30, 10.37it/s]
Epoch 9/50 [Train]:  32%|███▏      | 148/459 [00:14<00:29, 10.42it/s]
Epoch 9/50 [Train]:  33%|███▎      | 150/459 [00:14<00:29, 10.44it/s]
Epoch 9/50 [Train]:  33%|███▎      | 152/459 [00:14<00:29, 10.46it/s]
Epoch 9/50 [Train]:  34%|███▎      | 154/459 [00:15<00:29, 10.44it/s]
Epoch 9/50 [Train]:  34%|███▍      | 156/459 [00:15<00:29, 10.43it/s]
Epoch 9/50 [Train]:  34%|███▍      | 158/459 [00:15<00:28, 10.44it/s]
Epoch 9/50 [Train]:  35%|███▍      | 160/459 [00:15<00:28, 10.34it/s]
Epoch 9/50 [Train]:  35%|███▌      | 162/459 [00:15<00:28, 10.34it/s]
Epoch 9/50 [Train]:  36%|███▌      | 164/459 [00:16<00:28, 10.34it/s]
Epoch 9/50 [Train]:  36%|███▌      | 166/459 [00:16<00:28, 10.37it/s]
Epoch 9/50 [Train]:  37%|███▋      | 168/459 [00:16<00:28, 10.35it/s]
Epoch 9/50 [Train]:  37%|███▋      | 170/459 [00:16<00:27, 10.35it/s]
Epoch 9/50 [Train]:  37%|███▋      | 172/459 [00:16<00:27, 10.33it/s]
Epoch 9/50 [Train]:  38%|███▊      | 174/459 [00:17<00:27, 10.35it/s]
Epoch 9/50 [Train]:  38%|███▊      | 176/459 [00:17<00:27, 10.36it/s]
Epoch 9/50 [Train]:  39%|███▉      | 178/459 [00:17<00:27, 10.40it/s]
Epoch 9/50 [Train]:  39%|███▉      | 180/459 [00:17<00:26, 10.38it/s]
Epoch 9/50 [Train]:  40%|███▉      | 182/459 [00:17<00:26, 10.41it/s]
Epoch 9/50 [Train]:  40%|████      | 184/459 [00:17<00:26, 10.44it/s]
Epoch 9/50 [Train]:  41%|████      | 186/459 [00:18<00:26, 10.44it/s]
Epoch 9/50 [Train]:  41%|████      | 188/459 [00:18<00:26, 10.38it/s]
Epoch 9/50 [Train]:  41%|████▏     | 190/459 [00:18<00:25, 10.35it/s]
Epoch 9/50 [Train]:  42%|████▏     | 192/459 [00:18<00:25, 10.36it/s]
Epoch 9/50 [Train]:  42%|████▏     | 194/459 [00:18<00:25, 10.31it/s]
Epoch 9/50 [Train]:  43%|████▎     | 196/459 [00:19<00:25, 10.36it/s]
Epoch 9/50 [Train]:  43%|████▎     | 198/459 [00:19<00:25, 10.31it/s]
Epoch 9/50 [Train]:  44%|████▎     | 200/459 [00:19<00:25, 10.36it/s]
Epoch 9/50 [Train]:  44%|████▍     | 202/459 [00:19<00:24, 10.33it/s]
Epoch 9/50 [Train]:  44%|████▍     | 204/459 [00:19<00:24, 10.40it/s]
Epoch 9/50 [Train]:  45%|████▍     | 206/459 [00:20<00:24, 10.37it/s]
Epoch 9/50 [Train]:  45%|████▌     | 208/459 [00:20<00:24, 10.39it/s]
Epoch 9/50 [Train]:  46%|████▌     | 210/459 [00:20<00:24, 10.34it/s]
Epoch 9/50 [Train]:  46%|████▌     | 212/459 [00:20<00:24, 10.26it/s]
Epoch 9/50 [Train]:  47%|████▋     | 214/459 [00:20<00:23, 10.33it/s]
Epoch 9/50 [Train]:  47%|████▋     | 216/459 [00:21<00:23, 10.36it/s]
Epoch 9/50 [Train]:  47%|████▋     | 218/459 [00:21<00:23, 10.40it/s]
Epoch 9/50 [Train]:  48%|████▊     | 220/459 [00:21<00:23, 10.34it/s]
Epoch 9/50 [Train]:  48%|████▊     | 222/459 [00:21<00:23, 10.27it/s]
Epoch 9/50 [Train]:  49%|████▉     | 224/459 [00:21<00:22, 10.26it/s]
Epoch 9/50 [Train]:  49%|████▉     | 226/459 [00:22<00:22, 10.20it/s]
Epoch 9/50 [Train]:  50%|████▉     | 228/459 [00:22<00:22, 10.31it/s]
Epoch 9/50 [Train]:  50%|█████     | 230/459 [00:22<00:22, 10.29it/s]
Epoch 9/50 [Train]:  51%|█████     | 232/459 [00:22<00:22, 10.27it/s]
Epoch 9/50 [Train]:  51%|█████     | 234/459 [00:22<00:21, 10.32it/s]
Epoch 9/50 [Train]:  51%|█████▏    | 236/459 [00:22<00:21, 10.38it/s]
Epoch 9/50 [Train]:  52%|█████▏    | 238/459 [00:23<00:21, 10.29it/s]
Epoch 9/50 [Train]:  52%|█████▏    | 240/459 [00:23<00:21, 10.34it/s]
Epoch 9/50 [Train]:  53%|█████▎    | 242/459 [00:23<00:20, 10.37it/s]
Epoch 9/50 [Train]:  53%|█████▎    | 244/459 [00:23<00:20, 10.41it/s]
Epoch 9/50 [Train]:  54%|█████▎    | 246/459 [00:23<00:20, 10.38it/s]
Epoch 9/50 [Train]:  54%|█████▍    | 248/459 [00:24<00:20, 10.26it/s]
Epoch 9/50 [Train]:  54%|█████▍    | 250/459 [00:24<00:20, 10.30it/s]
Epoch 9/50 [Train]:  55%|█████▍    | 252/459 [00:24<00:20, 10.27it/s]
Epoch 9/50 [Train]:  55%|█████▌    | 254/459 [00:24<00:19, 10.26it/s]
Epoch 9/50 [Train]:  56%|█████▌    | 256/459 [00:24<00:19, 10.31it/s]
Epoch 9/50 [Train]:  56%|█████▌    | 258/459 [00:25<00:19, 10.16it/s]
Epoch 9/50 [Train]:  57%|█████▋    | 260/459 [00:25<00:19, 10.24it/s]
Epoch 9/50 [Train]:  57%|█████▋    | 262/459 [00:25<00:19, 10.28it/s]
Epoch 9/50 [Train]:  58%|█████▊    | 264/459 [00:25<00:18, 10.29it/s]
Epoch 9/50 [Train]:  58%|█████▊    | 266/459 [00:25<00:18, 10.29it/s]
Epoch 9/50 [Train]:  58%|█████▊    | 268/459 [00:26<00:18, 10.35it/s]
Epoch 9/50 [Train]:  59%|█████▉    | 270/459 [00:26<00:18, 10.24it/s]
Epoch 9/50 [Train]:  59%|█████▉    | 272/459 [00:26<00:18, 10.29it/s]
Epoch 9/50 [Train]:  60%|█████▉    | 274/459 [00:26<00:17, 10.33it/s]
Epoch 9/50 [Train]:  60%|██████    | 276/459 [00:26<00:17, 10.32it/s]
Epoch 9/50 [Train]:  61%|██████    | 278/459 [00:27<00:17, 10.19it/s]
Epoch 9/50 [Train]:  61%|██████    | 280/459 [00:27<00:17, 10.19it/s]
Epoch 9/50 [Train]:  61%|██████▏   | 282/459 [00:27<00:17, 10.07it/s]
Epoch 9/50 [Train]:  62%|██████▏   | 284/459 [00:27<00:17, 10.17it/s]
Epoch 9/50 [Train]:  62%|██████▏   | 286/459 [00:27<00:16, 10.29it/s]
Epoch 9/50 [Train]:  63%|██████▎   | 288/459 [00:28<00:16, 10.39it/s]
Epoch 9/50 [Train]:  63%|██████▎   | 290/459 [00:28<00:16, 10.35it/s]
Epoch 9/50 [Train]:  64%|██████▎   | 292/459 [00:28<00:16, 10.39it/s]
Epoch 9/50 [Train]:  64%|██████▍   | 294/459 [00:28<00:15, 10.41it/s]
Epoch 9/50 [Train]:  64%|██████▍   | 296/459 [00:28<00:15, 10.43it/s]
Epoch 9/50 [Train]:  65%|██████▍   | 298/459 [00:29<00:15, 10.32it/s]
Epoch 9/50 [Train]:  65%|██████▌   | 300/459 [00:29<00:15, 10.38it/s]
Epoch 9/50 [Train]:  66%|██████▌   | 302/459 [00:29<00:15, 10.39it/s]
Epoch 9/50 [Train]:  66%|██████▌   | 304/459 [00:29<00:14, 10.37it/s]
Epoch 9/50 [Train]:  67%|██████▋   | 306/459 [00:29<00:14, 10.31it/s]
Epoch 9/50 [Train]:  67%|██████▋   | 308/459 [00:29<00:14, 10.28it/s]
Epoch 9/50 [Train]:  68%|██████▊   | 310/459 [00:30<00:14, 10.21it/s]
Epoch 9/50 [Train]:  68%|██████▊   | 312/459 [00:30<00:14, 10.28it/s]
Epoch 9/50 [Train]:  68%|██████▊   | 314/459 [00:30<00:14, 10.27it/s]
Epoch 9/50 [Train]:  69%|██████▉   | 316/459 [00:30<00:13, 10.34it/s]
Epoch 9/50 [Train]:  69%|██████▉   | 318/459 [00:30<00:13, 10.35it/s]
Epoch 9/50 [Train]:  70%|██████▉   | 320/459 [00:31<00:13, 10.30it/s]
Epoch 9/50 [Train]:  70%|███████   | 322/459 [00:31<00:13, 10.35it/s]
Epoch 9/50 [Train]:  71%|███████   | 324/459 [00:31<00:13, 10.35it/s]
Epoch 9/50 [Train]:  71%|███████   | 326/459 [00:31<00:12, 10.39it/s]
Epoch 9/50 [Train]:  71%|███████▏  | 328/459 [00:31<00:12, 10.29it/s]
Epoch 9/50 [Train]:  72%|███████▏  | 330/459 [00:32<00:12, 10.35it/s]
Epoch 9/50 [Train]:  72%|███████▏  | 332/459 [00:32<00:12, 10.35it/s]
Epoch 9/50 [Train]:  73%|███████▎  | 334/459 [00:32<00:11, 10.42it/s]
Epoch 9/50 [Train]:  73%|███████▎  | 336/459 [00:32<00:11, 10.41it/s]
Epoch 9/50 [Train]:  74%|███████▎  | 338/459 [00:32<00:11, 10.40it/s]
Epoch 9/50 [Train]:  74%|███████▍  | 340/459 [00:33<00:11, 10.42it/s]
Epoch 9/50 [Train]:  75%|███████▍  | 342/459 [00:33<00:11, 10.30it/s]
Epoch 9/50 [Train]:  75%|███████▍  | 344/459 [00:33<00:11, 10.38it/s]
Epoch 9/50 [Train]:  75%|███████▌  | 346/459 [00:33<00:10, 10.43it/s]
Epoch 9/50 [Train]:  76%|███████▌  | 348/459 [00:33<00:10, 10.45it/s]
Epoch 9/50 [Train]:  76%|███████▋  | 350/459 [00:34<00:10, 10.53it/s]
Epoch 9/50 [Train]:  77%|███████▋  | 352/459 [00:34<00:10, 10.55it/s]
Epoch 9/50 [Train]:  77%|███████▋  | 354/459 [00:34<00:10, 10.47it/s]
Epoch 9/50 [Train]:  78%|███████▊  | 356/459 [00:34<00:09, 10.35it/s]
Epoch 9/50 [Train]:  78%|███████▊  | 358/459 [00:34<00:09, 10.37it/s]
Epoch 9/50 [Train]:  78%|███████▊  | 360/459 [00:35<00:09, 10.33it/s]
Epoch 9/50 [Train]:  79%|███████▉  | 362/459 [00:35<00:09, 10.32it/s]
Epoch 9/50 [Train]:  79%|███████▉  | 364/459 [00:35<00:09, 10.35it/s]
Epoch 9/50 [Train]:  80%|███████▉  | 366/459 [00:35<00:08, 10.38it/s]
Epoch 9/50 [Train]:  80%|████████  | 368/459 [00:35<00:08, 10.34it/s]
Epoch 9/50 [Train]:  81%|████████  | 370/459 [00:35<00:08, 10.43it/s]
Epoch 9/50 [Train]:  81%|████████  | 372/459 [00:36<00:08, 10.40it/s]
Epoch 9/50 [Train]:  81%|████████▏ | 374/459 [00:36<00:08, 10.44it/s]
Epoch 9/50 [Train]:  82%|████████▏ | 376/459 [00:36<00:08, 10.33it/s]
Epoch 9/50 [Train]:  82%|████████▏ | 378/459 [00:36<00:07, 10.39it/s]
Epoch 9/50 [Train]:  83%|████████▎ | 380/459 [00:36<00:07, 10.34it/s]
Epoch 9/50 [Train]:  83%|████████▎ | 382/459 [00:37<00:07, 10.34it/s]
Epoch 9/50 [Train]:  84%|████████▎ | 384/459 [00:37<00:07, 10.29it/s]
Epoch 9/50 [Train]:  84%|████████▍ | 386/459 [00:37<00:07, 10.20it/s]
Epoch 9/50 [Train]:  85%|████████▍ | 388/459 [00:37<00:06, 10.27it/s]
Epoch 9/50 [Train]:  85%|████████▍ | 390/459 [00:37<00:06, 10.28it/s]
Epoch 9/50 [Train]:  85%|████████▌ | 392/459 [00:38<00:06, 10.29it/s]
Epoch 9/50 [Train]:  86%|████████▌ | 394/459 [00:38<00:06, 10.30it/s]
Epoch 9/50 [Train]:  86%|████████▋ | 396/459 [00:38<00:06, 10.26it/s]
Epoch 9/50 [Train]:  87%|████████▋ | 398/459 [00:38<00:05, 10.33it/s]
Epoch 9/50 [Train]:  87%|████████▋ | 400/459 [00:38<00:05, 10.33it/s]
Epoch 9/50 [Train]:  88%|████████▊ | 402/459 [00:39<00:05, 10.09it/s]
Epoch 9/50 [Train]:  88%|████████▊ | 404/459 [00:39<00:05, 10.18it/s]
Epoch 9/50 [Train]:  88%|████████▊ | 406/459 [00:39<00:05, 10.09it/s]
Epoch 9/50 [Train]:  89%|████████▉ | 408/459 [00:39<00:05, 10.08it/s]
Epoch 9/50 [Train]:  89%|████████▉ | 410/459 [00:39<00:04, 10.17it/s]
Epoch 9/50 [Train]:  90%|████████▉ | 412/459 [00:40<00:04, 10.25it/s]
Epoch 9/50 [Train]:  90%|█████████ | 414/459 [00:40<00:04, 10.32it/s]
Epoch 9/50 [Train]:  91%|█████████ | 416/459 [00:40<00:04, 10.38it/s]
Epoch 9/50 [Train]:  91%|█████████ | 418/459 [00:40<00:03, 10.26it/s]
Epoch 9/50 [Train]:  92%|█████████▏| 420/459 [00:40<00:03, 10.26it/s]
Epoch 9/50 [Train]:  92%|█████████▏| 422/459 [00:41<00:03, 10.37it/s]
Epoch 9/50 [Train]:  92%|█████████▏| 424/459 [00:41<00:03, 10.40it/s]
Epoch 9/50 [Train]:  93%|█████████▎| 426/459 [00:41<00:03, 10.40it/s]
Epoch 9/50 [Train]:  93%|█████████▎| 428/459 [00:41<00:02, 10.43it/s]
Epoch 9/50 [Train]:  94%|█████████▎| 430/459 [00:41<00:02, 10.38it/s]
Epoch 9/50 [Train]:  94%|█████████▍| 432/459 [00:41<00:02, 10.47it/s]
Epoch 9/50 [Train]:  95%|█████████▍| 434/459 [00:42<00:02, 10.48it/s]
Epoch 9/50 [Train]:  95%|█████████▍| 436/459 [00:42<00:02, 10.41it/s]
Epoch 9/50 [Train]:  95%|█████████▌| 438/459 [00:42<00:02, 10.35it/s]
Epoch 9/50 [Train]:  96%|█████████▌| 440/459 [00:42<00:01, 10.27it/s]
Epoch 9/50 [Train]:  96%|█████████▋| 442/459 [00:42<00:01, 10.34it/s]
Epoch 9/50 [Train]:  97%|█████████▋| 444/459 [00:43<00:01, 10.32it/s]
Epoch 9/50 [Train]:  97%|█████████▋| 446/459 [00:43<00:01, 10.31it/s]
Epoch 9/50 [Train]:  98%|█████████▊| 448/459 [00:43<00:01, 10.30it/s]
Epoch 9/50 [Train]:  98%|█████████▊| 450/459 [00:43<00:00, 10.33it/s]
Epoch 9/50 [Train]:  98%|█████████▊| 452/459 [00:43<00:00, 10.36it/s]
Epoch 9/50 [Train]:  99%|█████████▉| 454/459 [00:44<00:00, 10.31it/s]
Epoch 9/50 [Train]:  99%|█████████▉| 456/459 [00:44<00:00, 10.33it/s]
Epoch 9/50 [Train]: 100%|█████████▉| 458/459 [00:44<00:00, 10.35it/s]
                                                                     

Epoch 9/50 [Val]:   0%|          | 0/113 [00:00<?, ?it/s]
Epoch 9/50 [Val]:   2%|▏         | 2/113 [00:00<00:08, 13.82it/s]
Epoch 9/50 [Val]:   4%|▎         | 4/113 [00:00<00:07, 13.70it/s]
Epoch 9/50 [Val]:   5%|▌         | 6/113 [00:00<00:07, 13.48it/s]
Epoch 9/50 [Val]:   7%|▋         | 8/113 [00:00<00:07, 13.71it/s]
Epoch 9/50 [Val]:   9%|▉         | 10/113 [00:00<00:07, 13.93it/s]
Epoch 9/50 [Val]:  11%|█         | 12/113 [00:00<00:07, 13.86it/s]
Epoch 9/50 [Val]:  12%|█▏        | 14/113 [00:01<00:07, 13.97it/s]
Epoch 9/50 [Val]:  14%|█▍        | 16/113 [00:01<00:07, 13.46it/s]
Epoch 9/50 [Val]:  16%|█▌        | 18/113 [00:01<00:07, 13.25it/s]
Epoch 9/50 [Val]:  18%|█▊        | 20/113 [00:01<00:07, 13.11it/s]
Epoch 9/50 [Val]:  19%|█▉        | 22/113 [00:01<00:06, 13.00it/s]
Epoch 9/50 [Val]:  21%|██        | 24/113 [00:01<00:06, 13.04it/s]
Epoch 9/50 [Val]:  23%|██▎       | 26/113 [00:01<00:06, 12.94it/s]
Epoch 9/50 [Val]:  25%|██▍       | 28/113 [00:02<00:06, 13.16it/s]
Epoch 9/50 [Val]:  27%|██▋       | 30/113 [00:02<00:06, 13.20it/s]
Epoch 9/50 [Val]:  28%|██▊       | 32/113 [00:02<00:06, 13.37it/s]
Epoch 9/50 [Val]:  30%|███       | 34/113 [00:02<00:05, 13.56it/s]
Epoch 9/50 [Val]:  32%|███▏      | 36/113 [00:02<00:05, 13.92it/s]
Epoch 9/50 [Val]:  34%|███▎      | 38/113 [00:02<00:05, 14.00it/s]
Epoch 9/50 [Val]:  35%|███▌      | 40/113 [00:02<00:05, 14.09it/s]
Epoch 9/50 [Val]:  37%|███▋      | 42/113 [00:03<00:04, 14.22it/s]
Epoch 9/50 [Val]:  39%|███▉      | 44/113 [00:03<00:04, 14.10it/s]
Epoch 9/50 [Val]:  41%|████      | 46/113 [00:03<00:04, 13.98it/s]
Epoch 9/50 [Val]:  42%|████▏     | 48/113 [00:03<00:04, 13.97it/s]
Epoch 9/50 [Val]:  44%|████▍     | 50/113 [00:03<00:04, 14.08it/s]
Epoch 9/50 [Val]:  46%|████▌     | 52/113 [00:03<00:04, 14.34it/s]
Epoch 9/50 [Val]:  48%|████▊     | 54/113 [00:03<00:04, 14.33it/s]
Epoch 9/50 [Val]:  50%|████▉     | 56/113 [00:04<00:03, 14.28it/s]
Epoch 9/50 [Val]:  51%|█████▏    | 58/113 [00:04<00:03, 13.86it/s]
Epoch 9/50 [Val]:  53%|█████▎    | 60/113 [00:04<00:03, 14.14it/s]
Epoch 9/50 [Val]:  55%|█████▍    | 62/113 [00:04<00:03, 14.12it/s]
Epoch 9/50 [Val]:  57%|█████▋    | 64/113 [00:04<00:03, 14.09it/s]
Epoch 9/50 [Val]:  58%|█████▊    | 66/113 [00:04<00:03, 13.74it/s]
Epoch 9/50 [Val]:  60%|██████    | 68/113 [00:04<00:03, 13.60it/s]
Epoch 9/50 [Val]:  62%|██████▏   | 70/113 [00:05<00:03, 13.86it/s]
Epoch 9/50 [Val]:  64%|██████▎   | 72/113 [00:05<00:02, 13.95it/s]
Epoch 9/50 [Val]:  65%|██████▌   | 74/113 [00:05<00:02, 13.92it/s]
Epoch 9/50 [Val]:  67%|██████▋   | 76/113 [00:05<00:02, 13.80it/s]
Epoch 9/50 [Val]:  69%|██████▉   | 78/113 [00:05<00:02, 13.39it/s]
Epoch 9/50 [Val]:  71%|███████   | 80/113 [00:05<00:02, 13.35it/s]
Epoch 9/50 [Val]:  73%|███████▎  | 82/113 [00:05<00:02, 13.33it/s]
Epoch 9/50 [Val]:  74%|███████▍  | 84/113 [00:06<00:02, 13.60it/s]
Epoch 9/50 [Val]:  76%|███████▌  | 86/113 [00:06<00:01, 13.80it/s]
Epoch 9/50 [Val]:  78%|███████▊  | 88/113 [00:06<00:01, 13.71it/s]
Epoch 9/50 [Val]:  80%|███████▉  | 90/113 [00:06<00:01, 14.05it/s]
Epoch 9/50 [Val]:  81%|████████▏ | 92/113 [00:06<00:01, 14.16it/s]
Epoch 9/50 [Val]:  83%|████████▎ | 94/113 [00:06<00:01, 14.35it/s]
Epoch 9/50 [Val]:  85%|████████▍ | 96/113 [00:06<00:01, 14.53it/s]
Epoch 9/50 [Val]:  87%|████████▋ | 98/113 [00:07<00:01, 14.59it/s]
Epoch 9/50 [Val]:  88%|████████▊ | 100/113 [00:07<00:00, 14.10it/s]
Epoch 9/50 [Val]:  90%|█████████ | 102/113 [00:07<00:00, 14.00it/s]
Epoch 9/50 [Val]:  92%|█████████▏| 104/113 [00:07<00:00, 14.50it/s]
Epoch 9/50 [Val]:  94%|█████████▍| 106/113 [00:07<00:00, 14.47it/s]
Epoch 9/50 [Val]:  96%|█████████▌| 108/113 [00:07<00:00, 14.34it/s]
Epoch 9/50 [Val]:  97%|█████████▋| 110/113 [00:07<00:00, 14.21it/s]
Epoch 9/50 [Val]:  99%|█████████▉| 112/113 [00:08<00:00, 14.35it/s]
                                                                   

Epoch 10/50 [Train]:   0%|          | 0/459 [00:00<?, ?it/s]
Epoch 10/50 [Train]:   0%|          | 2/459 [00:00<00:44, 10.29it/s]
Epoch 10/50 [Train]:   1%|          | 4/459 [00:00<00:44, 10.22it/s]
Epoch 10/50 [Train]:   1%|▏         | 6/459 [00:00<00:48,  9.43it/s]
Epoch 10/50 [Train]:   2%|▏         | 8/459 [00:00<00:46,  9.66it/s]
Epoch 10/50 [Train]:   2%|▏         | 10/459 [00:01<00:45,  9.96it/s]
Epoch 10/50 [Train]:   3%|▎         | 12/459 [00:01<00:44, 10.07it/s]
Epoch 10/50 [Train]:   3%|▎         | 14/459 [00:01<00:43, 10.19it/s]
Epoch 10/50 [Train]:   3%|▎         | 16/459 [00:01<00:43, 10.25it/s]
Epoch 10/50 [Train]:   4%|▍         | 18/459 [00:01<00:43, 10.19it/s]
Epoch 10/50 [Train]:   4%|▍         | 20/459 [00:01<00:43, 10.19it/s]
Epoch 10/50 [Train]:   5%|▍         | 22/459 [00:02<00:42, 10.28it/s]
Epoch 10/50 [Train]:   5%|▌         | 24/459 [00:02<00:42, 10.19it/s]
Epoch 10/50 [Train]:   6%|▌         | 26/459 [00:02<00:42, 10.28it/s]
Epoch 10/50 [Train]:   6%|▌         | 28/459 [00:02<00:41, 10.33it/s]
Epoch 10/50 [Train]:   7%|▋         | 30/459 [00:02<00:41, 10.37it/s]
Epoch 10/50 [Train]:   7%|▋         | 32/459 [00:03<00:41, 10.40it/s]
Epoch 10/50 [Train]:   7%|▋         | 34/459 [00:03<00:40, 10.44it/s]
Epoch 10/50 [Train]:   8%|▊         | 36/459 [00:03<00:40, 10.45it/s]
Epoch 10/50 [Train]:   8%|▊         | 38/459 [00:03<00:40, 10.43it/s]
Epoch 10/50 [Train]:   9%|▊         | 40/459 [00:03<00:40, 10.38it/s]
Epoch 10/50 [Train]:   9%|▉         | 42/459 [00:04<00:40, 10.38it/s]
Epoch 10/50 [Train]:  10%|▉         | 44/459 [00:04<00:39, 10.44it/s]
Epoch 10/50 [Train]:  10%|█         | 46/459 [00:04<00:39, 10.45it/s]
Epoch 10/50 [Train]:  10%|█         | 48/459 [00:04<00:39, 10.38it/s]
Epoch 10/50 [Train]:  11%|█         | 50/459 [00:04<00:39, 10.45it/s]
Epoch 10/50 [Train]:  11%|█▏        | 52/459 [00:05<00:39, 10.32it/s]
Epoch 10/50 [Train]:  12%|█▏        | 54/459 [00:05<00:39, 10.21it/s]
Epoch 10/50 [Train]:  12%|█▏        | 56/459 [00:05<00:39, 10.27it/s]
Epoch 10/50 [Train]:  13%|█▎        | 58/459 [00:05<00:38, 10.33it/s]
Epoch 10/50 [Train]:  13%|█▎        | 60/459 [00:05<00:38, 10.33it/s]
Epoch 10/50 [Train]:  14%|█▎        | 62/459 [00:06<00:38, 10.37it/s]
Epoch 10/50 [Train]:  14%|█▍        | 64/459 [00:06<00:38, 10.38it/s]
Epoch 10/50 [Train]:  14%|█▍        | 66/459 [00:06<00:37, 10.44it/s]
Epoch 10/50 [Train]:  15%|█▍        | 68/459 [00:06<00:37, 10.39it/s]
Epoch 10/50 [Train]:  15%|█▌        | 70/459 [00:06<00:37, 10.41it/s]
Epoch 10/50 [Train]:  16%|█▌        | 72/459 [00:06<00:37, 10.44it/s]
Epoch 10/50 [Train]:  16%|█▌        | 74/459 [00:07<00:36, 10.43it/s]
Epoch 10/50 [Train]:  17%|█▋        | 76/459 [00:07<00:36, 10.45it/s]
Epoch 10/50 [Train]:  17%|█▋        | 78/459 [00:07<00:36, 10.47it/s]
Epoch 10/50 [Train]:  17%|█▋        | 80/459 [00:07<00:36, 10.46it/s]
Epoch 10/50 [Train]:  18%|█▊        | 82/459 [00:07<00:36, 10.46it/s]
Epoch 10/50 [Train]:  18%|█▊        | 84/459 [00:08<00:35, 10.49it/s]
Epoch 10/50 [Train]:  19%|█▊        | 86/459 [00:08<00:35, 10.45it/s]
Epoch 10/50 [Train]:  19%|█▉        | 88/459 [00:08<00:35, 10.46it/s]
Epoch 10/50 [Train]:  20%|█▉        | 90/459 [00:08<00:35, 10.49it/s]
Epoch 10/50 [Train]:  20%|██        | 92/459 [00:08<00:35, 10.44it/s]
Epoch 10/50 [Train]:  20%|██        | 94/459 [00:09<00:34, 10.47it/s]
Epoch 10/50 [Train]:  21%|██        | 96/459 [00:09<00:34, 10.42it/s]
Epoch 10/50 [Train]:  21%|██▏       | 98/459 [00:09<00:34, 10.41it/s]
Epoch 10/50 [Train]:  22%|██▏       | 100/459 [00:09<00:34, 10.42it/s]
Epoch 10/50 [Train]:  22%|██▏       | 102/459 [00:09<00:34, 10.37it/s]
Epoch 10/50 [Train]:  23%|██▎       | 104/459 [00:10<00:33, 10.44it/s]
Epoch 10/50 [Train]:  23%|██▎       | 106/459 [00:10<00:33, 10.45it/s]
Epoch 10/50 [Train]:  24%|██▎       | 108/459 [00:10<00:33, 10.47it/s]
Epoch 10/50 [Train]:  24%|██▍       | 110/459 [00:10<00:33, 10.47it/s]
Epoch 10/50 [Train]:  24%|██▍       | 112/459 [00:10<00:33, 10.31it/s]
Epoch 10/50 [Train]:  25%|██▍       | 114/459 [00:11<00:33, 10.28it/s]
Epoch 10/50 [Train]:  25%|██▌       | 116/459 [00:11<00:33, 10.30it/s]
Epoch 10/50 [Train]:  26%|██▌       | 118/459 [00:11<00:33, 10.32it/s]
Epoch 10/50 [Train]:  26%|██▌       | 120/459 [00:11<00:32, 10.39it/s]
Epoch 10/50 [Train]:  27%|██▋       | 122/459 [00:11<00:32, 10.37it/s]
Epoch 10/50 [Train]:  27%|██▋       | 124/459 [00:11<00:32, 10.35it/s]
Epoch 10/50 [Train]:  27%|██▋       | 126/459 [00:12<00:32, 10.37it/s]
Epoch 10/50 [Train]:  28%|██▊       | 128/459 [00:12<00:31, 10.40it/s]
Epoch 10/50 [Train]:  28%|██▊       | 130/459 [00:12<00:31, 10.34it/s]
Epoch 10/50 [Train]:  29%|██▉       | 132/459 [00:12<00:31, 10.38it/s]
Epoch 10/50 [Train]:  29%|██▉       | 134/459 [00:12<00:31, 10.32it/s]
Epoch 10/50 [Train]:  30%|██▉       | 136/459 [00:13<00:31, 10.38it/s]
Epoch 10/50 [Train]:  30%|███       | 138/459 [00:13<00:30, 10.41it/s]
Epoch 10/50 [Train]:  31%|███       | 140/459 [00:13<00:30, 10.44it/s]
Epoch 10/50 [Train]:  31%|███       | 142/459 [00:13<00:30, 10.49it/s]
Epoch 10/50 [Train]:  31%|███▏      | 144/459 [00:13<00:30, 10.47it/s]
Epoch 10/50 [Train]:  32%|███▏      | 146/459 [00:14<00:29, 10.46it/s]
Epoch 10/50 [Train]:  32%|███▏      | 148/459 [00:14<00:29, 10.45it/s]
Epoch 10/50 [Train]:  33%|███▎      | 150/459 [00:14<00:29, 10.50it/s]
Epoch 10/50 [Train]:  33%|███▎      | 152/459 [00:14<00:29, 10.43it/s]
Epoch 10/50 [Train]:  34%|███▎      | 154/459 [00:14<00:29, 10.41it/s]
Epoch 10/50 [Train]:  34%|███▍      | 156/459 [00:15<00:29, 10.44it/s]
Epoch 10/50 [Train]:  34%|███▍      | 158/459 [00:15<00:28, 10.45it/s]
Epoch 10/50 [Train]:  35%|███▍      | 160/459 [00:15<00:28, 10.44it/s]
Epoch 10/50 [Train]:  35%|███▌      | 162/459 [00:15<00:28, 10.38it/s]
Epoch 10/50 [Train]:  36%|███▌      | 164/459 [00:15<00:28, 10.34it/s]
Epoch 10/50 [Train]:  36%|███▌      | 166/459 [00:16<00:28, 10.34it/s]
Epoch 10/50 [Train]:  37%|███▋      | 168/459 [00:16<00:28, 10.32it/s]
Epoch 10/50 [Train]:  37%|███▋      | 170/459 [00:16<00:28, 10.16it/s]
Epoch 10/50 [Train]:  37%|███▋      | 172/459 [00:16<00:28, 10.19it/s]
Epoch 10/50 [Train]:  38%|███▊      | 174/459 [00:16<00:27, 10.18it/s]
Epoch 10/50 [Train]:  38%|███▊      | 176/459 [00:17<00:28, 10.10it/s]
Epoch 10/50 [Train]:  39%|███▉      | 178/459 [00:17<00:27, 10.18it/s]
Epoch 10/50 [Train]:  39%|███▉      | 180/459 [00:17<00:27, 10.26it/s]
Epoch 10/50 [Train]:  40%|███▉      | 182/459 [00:17<00:26, 10.31it/s]
Epoch 10/50 [Train]:  40%|████      | 184/459 [00:17<00:26, 10.31it/s]
Epoch 10/50 [Train]:  41%|████      | 186/459 [00:17<00:26, 10.30it/s]
Epoch 10/50 [Train]:  41%|████      | 188/459 [00:18<00:26, 10.36it/s]
Epoch 10/50 [Train]:  41%|████▏     | 190/459 [00:18<00:25, 10.39it/s]
Epoch 10/50 [Train]:  42%|████▏     | 192/459 [00:18<00:25, 10.35it/s]
Epoch 10/50 [Train]:  42%|████▏     | 194/459 [00:18<00:25, 10.19it/s]
Epoch 10/50 [Train]:  43%|████▎     | 196/459 [00:18<00:25, 10.23it/s]
Epoch 10/50 [Train]:  43%|████▎     | 198/459 [00:19<00:25, 10.32it/s]
Epoch 10/50 [Train]:  44%|████▎     | 200/459 [00:19<00:25, 10.32it/s]
Epoch 10/50 [Train]:  44%|████▍     | 202/459 [00:19<00:24, 10.35it/s]
Epoch 10/50 [Train]:  44%|████▍     | 204/459 [00:19<00:24, 10.41it/s]
Epoch 10/50 [Train]:  45%|████▍     | 206/459 [00:19<00:24, 10.41it/s]
Epoch 10/50 [Train]:  45%|████▌     | 208/459 [00:20<00:24, 10.41it/s]
Epoch 10/50 [Train]:  46%|████▌     | 210/459 [00:20<00:23, 10.40it/s]
Epoch 10/50 [Train]:  46%|████▌     | 212/459 [00:20<00:23, 10.43it/s]
Epoch 10/50 [Train]:  47%|████▋     | 214/459 [00:20<00:23, 10.41it/s]
Epoch 10/50 [Train]:  47%|████▋     | 216/459 [00:20<00:23, 10.25it/s]
Epoch 10/50 [Train]:  47%|████▋     | 218/459 [00:21<00:23, 10.31it/s]
Epoch 10/50 [Train]:  48%|████▊     | 220/459 [00:21<00:23, 10.38it/s]
Epoch 10/50 [Train]:  48%|████▊     | 222/459 [00:21<00:23, 10.30it/s]
Epoch 10/50 [Train]:  49%|████▉     | 224/459 [00:21<00:23, 10.11it/s]
Epoch 10/50 [Train]:  49%|████▉     | 226/459 [00:21<00:23, 10.00it/s]
Epoch 10/50 [Train]:  50%|████▉     | 228/459 [00:22<00:22, 10.10it/s]
Epoch 10/50 [Train]:  50%|█████     | 230/459 [00:22<00:22, 10.16it/s]
Epoch 10/50 [Train]:  51%|█████     | 232/459 [00:22<00:22, 10.25it/s]
Epoch 10/50 [Train]:  51%|█████     | 234/459 [00:22<00:21, 10.23it/s]
Epoch 10/50 [Train]:  51%|█████▏    | 236/459 [00:22<00:22, 10.11it/s]
Epoch 10/50 [Train]:  52%|█████▏    | 238/459 [00:23<00:21, 10.12it/s]
Epoch 10/50 [Train]:  52%|█████▏    | 240/459 [00:23<00:21, 10.25it/s]
Epoch 10/50 [Train]:  53%|█████▎    | 242/459 [00:23<00:21, 10.26it/s]
Epoch 10/50 [Train]:  53%|█████▎    | 244/459 [00:23<00:20, 10.24it/s]
Epoch 10/50 [Train]:  54%|█████▎    | 246/459 [00:23<00:20, 10.25it/s]
Epoch 10/50 [Train]:  54%|█████▍    | 248/459 [00:24<00:20, 10.24it/s]
Epoch 10/50 [Train]:  54%|█████▍    | 250/459 [00:24<00:20, 10.31it/s]
Epoch 10/50 [Train]:  55%|█████▍    | 252/459 [00:24<00:19, 10.38it/s]
Epoch 10/50 [Train]:  55%|█████▌    | 254/459 [00:24<00:19, 10.31it/s]
Epoch 10/50 [Train]:  56%|█████▌    | 256/459 [00:24<00:19, 10.29it/s]
Epoch 10/50 [Train]:  56%|█████▌    | 258/459 [00:24<00:19, 10.36it/s]
Epoch 10/50 [Train]:  57%|█████▋    | 260/459 [00:25<00:19, 10.39it/s]
Epoch 10/50 [Train]:  57%|█████▋    | 262/459 [00:25<00:19, 10.32it/s]
Epoch 10/50 [Train]:  58%|█████▊    | 264/459 [00:25<00:18, 10.27it/s]
Epoch 10/50 [Train]:  58%|█████▊    | 266/459 [00:25<00:18, 10.33it/s]
Epoch 10/50 [Train]:  58%|█████▊    | 268/459 [00:25<00:18, 10.27it/s]
Epoch 10/50 [Train]:  59%|█████▉    | 270/459 [00:26<00:18, 10.33it/s]
Epoch 10/50 [Train]:  59%|█████▉    | 272/459 [00:26<00:18, 10.35it/s]
Epoch 10/50 [Train]:  60%|█████▉    | 274/459 [00:26<00:17, 10.35it/s]
Epoch 10/50 [Train]:  60%|██████    | 276/459 [00:26<00:17, 10.34it/s]
Epoch 10/50 [Train]:  61%|██████    | 278/459 [00:26<00:17, 10.34it/s]
Epoch 10/50 [Train]:  61%|██████    | 280/459 [00:27<00:17, 10.26it/s]
Epoch 10/50 [Train]:  61%|██████▏   | 282/459 [00:27<00:17, 10.30it/s]
Epoch 10/50 [Train]:  62%|██████▏   | 284/459 [00:27<00:17, 10.24it/s]
Epoch 10/50 [Train]:  62%|██████▏   | 286/459 [00:27<00:16, 10.20it/s]
Epoch 10/50 [Train]:  63%|██████▎   | 288/459 [00:27<00:16, 10.28it/s]
Epoch 10/50 [Train]:  63%|██████▎   | 290/459 [00:28<00:16, 10.32it/s]
Epoch 10/50 [Train]:  64%|██████▎   | 292/459 [00:28<00:16, 10.35it/s]
Epoch 10/50 [Train]:  64%|██████▍   | 294/459 [00:28<00:15, 10.38it/s]
Epoch 10/50 [Train]:  64%|██████▍   | 296/459 [00:28<00:15, 10.33it/s]
Epoch 10/50 [Train]:  65%|██████▍   | 298/459 [00:28<00:15, 10.22it/s]
Epoch 10/50 [Train]:  65%|██████▌   | 300/459 [00:29<00:15, 10.30it/s]
Epoch 10/50 [Train]:  66%|██████▌   | 302/459 [00:29<00:15, 10.25it/s]
Epoch 10/50 [Train]:  66%|██████▌   | 304/459 [00:29<00:15, 10.30it/s]
Epoch 10/50 [Train]:  67%|██████▋   | 306/459 [00:29<00:14, 10.35it/s]
Epoch 10/50 [Train]:  67%|██████▋   | 308/459 [00:29<00:14, 10.34it/s]
Epoch 10/50 [Train]:  68%|██████▊   | 310/459 [00:30<00:14, 10.31it/s]
Epoch 10/50 [Train]:  68%|██████▊   | 312/459 [00:30<00:14, 10.31it/s]
Epoch 10/50 [Train]:  68%|██████▊   | 314/459 [00:30<00:14, 10.36it/s]
Epoch 10/50 [Train]:  69%|██████▉   | 316/459 [00:30<00:13, 10.34it/s]
Epoch 10/50 [Train]:  69%|██████▉   | 318/459 [00:30<00:13, 10.08it/s]
Epoch 10/50 [Train]:  70%|██████▉   | 320/459 [00:31<00:13, 10.08it/s]
Epoch 10/50 [Train]:  70%|███████   | 322/459 [00:31<00:13, 10.11it/s]
Epoch 10/50 [Train]:  71%|███████   | 324/459 [00:31<00:13, 10.21it/s]
Epoch 10/50 [Train]:  71%|███████   | 326/459 [00:31<00:12, 10.24it/s]
Epoch 10/50 [Train]:  71%|███████▏  | 328/459 [00:31<00:12, 10.27it/s]
Epoch 10/50 [Train]:  72%|███████▏  | 330/459 [00:31<00:12, 10.22it/s]
Epoch 10/50 [Train]:  72%|███████▏  | 332/459 [00:32<00:12, 10.30it/s]
Epoch 10/50 [Train]:  73%|███████▎  | 334/459 [00:32<00:12, 10.34it/s]
Epoch 10/50 [Train]:  73%|███████▎  | 336/459 [00:32<00:11, 10.35it/s]
Epoch 10/50 [Train]:  74%|███████▎  | 338/459 [00:32<00:11, 10.35it/s]
Epoch 10/50 [Train]:  74%|███████▍  | 340/459 [00:32<00:11, 10.33it/s]
Epoch 10/50 [Train]:  75%|███████▍  | 342/459 [00:33<00:11, 10.37it/s]
Epoch 10/50 [Train]:  75%|███████▍  | 344/459 [00:33<00:11, 10.31it/s]
Epoch 10/50 [Train]:  75%|███████▌  | 346/459 [00:33<00:11, 10.27it/s]
Epoch 10/50 [Train]:  76%|███████▌  | 348/459 [00:33<00:10, 10.35it/s]
Epoch 10/50 [Train]:  76%|███████▋  | 350/459 [00:33<00:10, 10.29it/s]
Epoch 10/50 [Train]:  77%|███████▋  | 352/459 [00:34<00:10, 10.24it/s]
Epoch 10/50 [Train]:  77%|███████▋  | 354/459 [00:34<00:10, 10.25it/s]
Epoch 10/50 [Train]:  78%|███████▊  | 356/459 [00:34<00:09, 10.32it/s]
Epoch 10/50 [Train]:  78%|███████▊  | 358/459 [00:34<00:09, 10.37it/s]
Epoch 10/50 [Train]:  78%|███████▊  | 360/459 [00:34<00:09, 10.40it/s]
Epoch 10/50 [Train]:  79%|███████▉  | 362/459 [00:35<00:09, 10.17it/s]
Epoch 10/50 [Train]:  79%|███████▉  | 364/459 [00:35<00:09, 10.29it/s]
Epoch 10/50 [Train]:  80%|███████▉  | 366/459 [00:35<00:09, 10.19it/s]
Epoch 10/50 [Train]:  80%|████████  | 368/459 [00:35<00:08, 10.26it/s]
Epoch 10/50 [Train]:  81%|████████  | 370/459 [00:35<00:08, 10.32it/s]
Epoch 10/50 [Train]:  81%|████████  | 372/459 [00:36<00:08, 10.24it/s]
Epoch 10/50 [Train]:  81%|████████▏ | 374/459 [00:36<00:08, 10.33it/s]
Epoch 10/50 [Train]:  82%|████████▏ | 376/459 [00:36<00:08, 10.34it/s]
Epoch 10/50 [Train]:  82%|████████▏ | 378/459 [00:36<00:07, 10.44it/s]
Epoch 10/50 [Train]:  83%|████████▎ | 380/459 [00:36<00:07, 10.39it/s]
Epoch 10/50 [Train]:  83%|████████▎ | 382/459 [00:37<00:07, 10.41it/s]
Epoch 10/50 [Train]:  84%|████████▎ | 384/459 [00:37<00:07, 10.47it/s]
Epoch 10/50 [Train]:  84%|████████▍ | 386/459 [00:37<00:06, 10.49it/s]
Epoch 10/50 [Train]:  85%|████████▍ | 388/459 [00:37<00:06, 10.31it/s]
Epoch 10/50 [Train]:  85%|████████▍ | 390/459 [00:37<00:06, 10.35it/s]
Epoch 10/50 [Train]:  85%|████████▌ | 392/459 [00:37<00:06, 10.33it/s]
Epoch 10/50 [Train]:  86%|████████▌ | 394/459 [00:38<00:06, 10.34it/s]
Epoch 10/50 [Train]:  86%|████████▋ | 396/459 [00:38<00:06, 10.43it/s]
Epoch 10/50 [Train]:  87%|████████▋ | 398/459 [00:38<00:05, 10.48it/s]
Epoch 10/50 [Train]:  87%|████████▋ | 400/459 [00:38<00:05, 10.51it/s]
Epoch 10/50 [Train]:  88%|████████▊ | 402/459 [00:38<00:05, 10.45it/s]
Epoch 10/50 [Train]:  88%|████████▊ | 404/459 [00:39<00:05, 10.50it/s]
Epoch 10/50 [Train]:  88%|████████▊ | 406/459 [00:39<00:05, 10.37it/s]
Epoch 10/50 [Train]:  89%|████████▉ | 408/459 [00:39<00:05, 10.17it/s]
Epoch 10/50 [Train]:  89%|████████▉ | 410/459 [00:39<00:04, 10.26it/s]
Epoch 10/50 [Train]:  90%|████████▉ | 412/459 [00:39<00:04, 10.23it/s]
Epoch 10/50 [Train]:  90%|█████████ | 414/459 [00:40<00:04, 10.23it/s]
Epoch 10/50 [Train]:  91%|█████████ | 416/459 [00:40<00:04, 10.32it/s]
Epoch 10/50 [Train]:  91%|█████████ | 418/459 [00:40<00:03, 10.35it/s]
Epoch 10/50 [Train]:  92%|█████████▏| 420/459 [00:40<00:03, 10.34it/s]
Epoch 10/50 [Train]:  92%|█████████▏| 422/459 [00:40<00:03, 10.39it/s]
Epoch 10/50 [Train]:  92%|█████████▏| 424/459 [00:41<00:03, 10.34it/s]
Epoch 10/50 [Train]:  93%|█████████▎| 426/459 [00:41<00:03, 10.34it/s]
Epoch 10/50 [Train]:  93%|█████████▎| 428/459 [00:41<00:02, 10.38it/s]
Epoch 10/50 [Train]:  94%|█████████▎| 430/459 [00:41<00:02, 10.42it/s]
Epoch 10/50 [Train]:  94%|█████████▍| 432/459 [00:41<00:02, 10.35it/s]
Epoch 10/50 [Train]:  95%|█████████▍| 434/459 [00:42<00:02, 10.19it/s]
Epoch 10/50 [Train]:  95%|█████████▍| 436/459 [00:42<00:02, 10.19it/s]
Epoch 10/50 [Train]:  95%|█████████▌| 438/459 [00:42<00:02, 10.23it/s]
Epoch 10/50 [Train]:  96%|█████████▌| 440/459 [00:42<00:01, 10.25it/s]
Epoch 10/50 [Train]:  96%|█████████▋| 442/459 [00:42<00:01, 10.23it/s]
Epoch 10/50 [Train]:  97%|█████████▋| 444/459 [00:43<00:01, 10.26it/s]
Epoch 10/50 [Train]:  97%|█████████▋| 446/459 [00:43<00:01, 10.26it/s]
Epoch 10/50 [Train]:  98%|█████████▊| 448/459 [00:43<00:01, 10.32it/s]
Epoch 10/50 [Train]:  98%|█████████▊| 450/459 [00:43<00:00, 10.30it/s]
Epoch 10/50 [Train]:  98%|█████████▊| 452/459 [00:43<00:00, 10.35it/s]
Epoch 10/50 [Train]:  99%|█████████▉| 454/459 [00:43<00:00, 10.39it/s]
Epoch 10/50 [Train]:  99%|█████████▉| 456/459 [00:44<00:00, 10.31it/s]
Epoch 10/50 [Train]: 100%|█████████▉| 458/459 [00:44<00:00, 10.39it/s]
                                                                      

Epoch 10/50 [Val]:   0%|          | 0/113 [00:00<?, ?it/s]
Epoch 10/50 [Val]:   2%|▏         | 2/113 [00:00<00:08, 13.59it/s]
Epoch 10/50 [Val]:   4%|▎         | 4/113 [00:00<00:07, 13.81it/s]
Epoch 10/50 [Val]:   5%|▌         | 6/113 [00:00<00:07, 13.46it/s]
Epoch 10/50 [Val]:   7%|▋         | 8/113 [00:00<00:07, 13.64it/s]
Epoch 10/50 [Val]:   9%|▉         | 10/113 [00:00<00:07, 13.80it/s]
Epoch 10/50 [Val]:  11%|█         | 12/113 [00:00<00:07, 13.29it/s]
Epoch 10/50 [Val]:  12%|█▏        | 14/113 [00:01<00:07, 13.19it/s]
Epoch 10/50 [Val]:  14%|█▍        | 16/113 [00:01<00:07, 12.90it/s]
Epoch 10/50 [Val]:  16%|█▌        | 18/113 [00:01<00:07, 12.76it/s]
Epoch 10/50 [Val]:  18%|█▊        | 20/113 [00:01<00:07, 12.69it/s]
Epoch 10/50 [Val]:  19%|█▉        | 22/113 [00:01<00:07, 12.60it/s]
Epoch 10/50 [Val]:  21%|██        | 24/113 [00:01<00:07, 12.50it/s]
Epoch 10/50 [Val]:  23%|██▎       | 26/113 [00:02<00:06, 12.61it/s]
Epoch 10/50 [Val]:  25%|██▍       | 28/113 [00:02<00:06, 12.78it/s]
Epoch 10/50 [Val]:  27%|██▋       | 30/113 [00:02<00:06, 12.91it/s]
Epoch 10/50 [Val]:  28%|██▊       | 32/113 [00:02<00:06, 13.12it/s]
Epoch 10/50 [Val]:  30%|███       | 34/113 [00:02<00:05, 13.37it/s]
Epoch 10/50 [Val]:  32%|███▏      | 36/113 [00:02<00:05, 13.75it/s]
Epoch 10/50 [Val]:  34%|███▎      | 38/113 [00:02<00:05, 13.97it/s]
Epoch 10/50 [Val]:  35%|███▌      | 40/113 [00:03<00:05, 14.04it/s]
Epoch 10/50 [Val]:  37%|███▋      | 42/113 [00:03<00:05, 13.96it/s]
Epoch 10/50 [Val]:  39%|███▉      | 44/113 [00:03<00:04, 14.00it/s]
Epoch 10/50 [Val]:  41%|████      | 46/113 [00:03<00:04, 13.86it/s]
Epoch 10/50 [Val]:  42%|████▏     | 48/113 [00:03<00:04, 13.85it/s]
Epoch 10/50 [Val]:  44%|████▍     | 50/113 [00:03<00:04, 13.95it/s]
Epoch 10/50 [Val]:  46%|████▌     | 52/113 [00:03<00:04, 14.15it/s]
Epoch 10/50 [Val]:  48%|████▊     | 54/113 [00:04<00:04, 14.25it/s]
Epoch 10/50 [Val]:  50%|████▉     | 56/113 [00:04<00:03, 14.34it/s]
Epoch 10/50 [Val]:  51%|█████▏    | 58/113 [00:04<00:03, 13.94it/s]
Epoch 10/50 [Val]:  53%|█████▎    | 60/113 [00:04<00:03, 13.92it/s]
Epoch 10/50 [Val]:  55%|█████▍    | 62/113 [00:04<00:03, 13.89it/s]
Epoch 10/50 [Val]:  57%|█████▋    | 64/113 [00:04<00:03, 13.95it/s]
Epoch 10/50 [Val]:  58%|█████▊    | 66/113 [00:04<00:03, 13.83it/s]
Epoch 10/50 [Val]:  60%|██████    | 68/113 [00:05<00:03, 13.56it/s]
Epoch 10/50 [Val]:  62%|██████▏   | 70/113 [00:05<00:03, 13.71it/s]
Epoch 10/50 [Val]:  64%|██████▎   | 72/113 [00:05<00:02, 13.83it/s]
Epoch 10/50 [Val]:  65%|██████▌   | 74/113 [00:05<00:02, 14.08it/s]
Epoch 10/50 [Val]:  67%|██████▋   | 76/113 [00:05<00:02, 14.05it/s]
Epoch 10/50 [Val]:  69%|██████▉   | 78/113 [00:05<00:02, 13.72it/s]
Epoch 10/50 [Val]:  71%|███████   | 80/113 [00:05<00:02, 13.82it/s]
Epoch 10/50 [Val]:  73%|███████▎  | 82/113 [00:06<00:02, 13.77it/s]
Epoch 10/50 [Val]:  74%|███████▍  | 84/113 [00:06<00:02, 13.77it/s]
Epoch 10/50 [Val]:  76%|███████▌  | 86/113 [00:06<00:01, 13.82it/s]
Epoch 10/50 [Val]:  78%|███████▊  | 88/113 [00:06<00:01, 13.82it/s]
Epoch 10/50 [Val]:  80%|███████▉  | 90/113 [00:06<00:01, 14.04it/s]
Epoch 10/50 [Val]:  81%|████████▏ | 92/113 [00:06<00:01, 14.05it/s]
Epoch 10/50 [Val]:  83%|████████▎ | 94/113 [00:06<00:01, 14.21it/s]
Epoch 10/50 [Val]:  85%|████████▍ | 96/113 [00:07<00:01, 14.45it/s]
Epoch 10/50 [Val]:  87%|████████▋ | 98/113 [00:07<00:01, 14.54it/s]
Epoch 10/50 [Val]:  88%|████████▊ | 100/113 [00:07<00:00, 14.12it/s]
Epoch 10/50 [Val]:  90%|█████████ | 102/113 [00:07<00:00, 13.68it/s]
Epoch 10/50 [Val]:  92%|█████████▏| 104/113 [00:07<00:00, 13.91it/s]
Epoch 10/50 [Val]:  94%|█████████▍| 106/113 [00:07<00:00, 14.08it/s]
Epoch 10/50 [Val]:  96%|█████████▌| 108/113 [00:07<00:00, 14.32it/s]
Epoch 10/50 [Val]:  97%|█████████▋| 110/113 [00:08<00:00, 14.37it/s]
Epoch 10/50 [Val]:  99%|█████████▉| 112/113 [00:08<00:00, 14.40it/s]
                                                                    

Epoch 11/50 [Train]:   0%|          | 0/459 [00:00<?, ?it/s]
Epoch 11/50 [Train]:   0%|          | 2/459 [00:00<00:46,  9.88it/s]
Epoch 11/50 [Train]:   1%|          | 4/459 [00:00<00:44, 10.19it/s]
Epoch 11/50 [Train]:   1%|▏         | 6/459 [00:00<00:44, 10.29it/s]
Epoch 11/50 [Train]:   2%|▏         | 8/459 [00:00<00:44, 10.23it/s]
Epoch 11/50 [Train]:   2%|▏         | 10/459 [00:00<00:44, 10.20it/s]
Epoch 11/50 [Train]:   3%|▎         | 12/459 [00:01<00:44, 10.16it/s]
Epoch 11/50 [Train]:   3%|▎         | 14/459 [00:01<00:43, 10.26it/s]
Epoch 11/50 [Train]:   3%|▎         | 16/459 [00:01<00:42, 10.30it/s]
Epoch 11/50 [Train]:   4%|▍         | 18/459 [00:01<00:42, 10.35it/s]
Epoch 11/50 [Train]:   4%|▍         | 20/459 [00:01<00:42, 10.36it/s]
Epoch 11/50 [Train]:   5%|▍         | 22/459 [00:02<00:42, 10.27it/s]
Epoch 11/50 [Train]:   5%|▌         | 24/459 [00:02<00:42, 10.31it/s]
Epoch 11/50 [Train]:   6%|▌         | 26/459 [00:02<00:41, 10.31it/s]
Epoch 11/50 [Train]:   6%|▌         | 28/459 [00:02<00:41, 10.37it/s]
Epoch 11/50 [Train]:   7%|▋         | 30/459 [00:02<00:41, 10.36it/s]
Epoch 11/50 [Train]:   7%|▋         | 32/459 [00:03<00:41, 10.37it/s]
Epoch 11/50 [Train]:   7%|▋         | 34/459 [00:03<00:41, 10.32it/s]
Epoch 11/50 [Train]:   8%|▊         | 36/459 [00:03<00:40, 10.34it/s]
Epoch 11/50 [Train]:   8%|▊         | 38/459 [00:03<00:40, 10.30it/s]
Epoch 11/50 [Train]:   9%|▊         | 40/459 [00:03<00:40, 10.23it/s]
Epoch 11/50 [Train]:   9%|▉         | 42/459 [00:04<00:40, 10.26it/s]
Epoch 11/50 [Train]:  10%|▉         | 44/459 [00:04<00:40, 10.19it/s]
Epoch 11/50 [Train]:  10%|█         | 46/459 [00:04<00:40, 10.22it/s]
Epoch 11/50 [Train]:  10%|█         | 48/459 [00:04<00:40, 10.24it/s]
Epoch 11/50 [Train]:  11%|█         | 50/459 [00:04<00:39, 10.26it/s]
Epoch 11/50 [Train]:  11%|█▏        | 52/459 [00:05<00:39, 10.30it/s]
Epoch 11/50 [Train]:  12%|█▏        | 54/459 [00:05<00:39, 10.27it/s]
Epoch 11/50 [Train]:  12%|█▏        | 56/459 [00:05<00:39, 10.30it/s]
Epoch 11/50 [Train]:  13%|█▎        | 58/459 [00:05<00:38, 10.28it/s]
Epoch 11/50 [Train]:  13%|█▎        | 60/459 [00:05<00:38, 10.35it/s]
Epoch 11/50 [Train]:  14%|█▎        | 62/459 [00:06<00:38, 10.40it/s]
Epoch 11/50 [Train]:  14%|█▍        | 64/459 [00:06<00:38, 10.38it/s]
Epoch 11/50 [Train]:  14%|█▍        | 66/459 [00:06<00:37, 10.37it/s]
Epoch 11/50 [Train]:  15%|█▍        | 68/459 [00:06<00:37, 10.37it/s]
Epoch 11/50 [Train]:  15%|█▌        | 70/459 [00:06<00:37, 10.34it/s]
Epoch 11/50 [Train]:  16%|█▌        | 72/459 [00:06<00:37, 10.30it/s]
Epoch 11/50 [Train]:  16%|█▌        | 74/459 [00:07<00:37, 10.24it/s]
Epoch 11/50 [Train]:  17%|█▋        | 76/459 [00:07<00:37, 10.30it/s]
Epoch 11/50 [Train]:  17%|█▋        | 78/459 [00:07<00:36, 10.30it/s]
Epoch 11/50 [Train]:  17%|█▋        | 80/459 [00:07<00:36, 10.29it/s]
Epoch 11/50 [Train]:  18%|█▊        | 82/459 [00:07<00:36, 10.35it/s]
Epoch 11/50 [Train]:  18%|█▊        | 84/459 [00:08<00:36, 10.27it/s]
Epoch 11/50 [Train]:  19%|█▊        | 86/459 [00:08<00:36, 10.32it/s]
Epoch 11/50 [Train]:  19%|█▉        | 88/459 [00:08<00:36, 10.24it/s]
Epoch 11/50 [Train]:  20%|█▉        | 90/459 [00:08<00:36, 10.12it/s]
Epoch 11/50 [Train]:  20%|██        | 92/459 [00:08<00:36, 10.10it/s]
Epoch 11/50 [Train]:  20%|██        | 94/459 [00:09<00:36, 10.12it/s]
Epoch 11/50 [Train]:  21%|██        | 96/459 [00:09<00:35, 10.18it/s]
Epoch 11/50 [Train]:  21%|██▏       | 98/459 [00:09<00:35, 10.24it/s]
Epoch 11/50 [Train]:  22%|██▏       | 100/459 [00:09<00:34, 10.27it/s]
Epoch 11/50 [Train]:  22%|██▏       | 102/459 [00:09<00:34, 10.31it/s]
Epoch 11/50 [Train]:  23%|██▎       | 104/459 [00:10<00:34, 10.26it/s]
Epoch 11/50 [Train]:  23%|██▎       | 106/459 [00:10<00:34, 10.22it/s]
Epoch 11/50 [Train]:  24%|██▎       | 108/459 [00:10<00:34, 10.29it/s]
Epoch 11/50 [Train]:  24%|██▍       | 110/459 [00:10<00:33, 10.33it/s]
Epoch 11/50 [Train]:  24%|██▍       | 112/459 [00:10<00:33, 10.33it/s]
Epoch 11/50 [Train]:  25%|██▍       | 114/459 [00:11<00:33, 10.39it/s]
Epoch 11/50 [Train]:  25%|██▌       | 116/459 [00:11<00:33, 10.33it/s]
Epoch 11/50 [Train]:  26%|██▌       | 118/459 [00:11<00:33, 10.31it/s]
Epoch 11/50 [Train]:  26%|██▌       | 120/459 [00:11<00:32, 10.32it/s]
Epoch 11/50 [Train]:  27%|██▋       | 122/459 [00:11<00:32, 10.36it/s]
Epoch 11/50 [Train]:  27%|██▋       | 124/459 [00:12<00:32, 10.29it/s]
Epoch 11/50 [Train]:  27%|██▋       | 126/459 [00:12<00:32, 10.26it/s]
Epoch 11/50 [Train]:  28%|██▊       | 128/459 [00:12<00:32, 10.32it/s]
Epoch 11/50 [Train]:  28%|██▊       | 130/459 [00:12<00:31, 10.34it/s]
Epoch 11/50 [Train]:  29%|██▉       | 132/459 [00:12<00:31, 10.37it/s]
Epoch 11/50 [Train]:  29%|██▉       | 134/459 [00:13<00:31, 10.41it/s]
Epoch 11/50 [Train]:  30%|██▉       | 136/459 [00:13<00:31, 10.36it/s]
Epoch 11/50 [Train]:  30%|███       | 138/459 [00:13<00:30, 10.39it/s]
Epoch 11/50 [Train]:  31%|███       | 140/459 [00:13<00:30, 10.37it/s]
Epoch 11/50 [Train]:  31%|███       | 142/459 [00:13<00:30, 10.41it/s]
Epoch 11/50 [Train]:  31%|███▏      | 144/459 [00:13<00:30, 10.30it/s]
Epoch 11/50 [Train]:  32%|███▏      | 146/459 [00:14<00:30, 10.32it/s]
Epoch 11/50 [Train]:  32%|███▏      | 148/459 [00:14<00:29, 10.38it/s]
Epoch 11/50 [Train]:  33%|███▎      | 150/459 [00:14<00:30, 10.27it/s]
Epoch 11/50 [Train]:  33%|███▎      | 152/459 [00:14<00:29, 10.30it/s]
Epoch 11/50 [Train]:  34%|███▎      | 154/459 [00:14<00:29, 10.26it/s]
Epoch 11/50 [Train]:  34%|███▍      | 156/459 [00:15<00:29, 10.29it/s]
Epoch 11/50 [Train]:  34%|███▍      | 158/459 [00:15<00:29, 10.23it/s]
Epoch 11/50 [Train]:  35%|███▍      | 160/459 [00:15<00:29, 10.24it/s]
Epoch 11/50 [Train]:  35%|███▌      | 162/459 [00:15<00:29, 10.18it/s]
Epoch 11/50 [Train]:  36%|███▌      | 164/459 [00:15<00:28, 10.18it/s]
Epoch 11/50 [Train]:  36%|███▌      | 166/459 [00:16<00:28, 10.24it/s]
Epoch 11/50 [Train]:  37%|███▋      | 168/459 [00:16<00:28, 10.30it/s]
Epoch 11/50 [Train]:  37%|███▋      | 170/459 [00:16<00:27, 10.35it/s]
Epoch 11/50 [Train]:  37%|███▋      | 172/459 [00:16<00:27, 10.31it/s]
Epoch 11/50 [Train]:  38%|███▊      | 174/459 [00:16<00:27, 10.31it/s]
Epoch 11/50 [Train]:  38%|███▊      | 176/459 [00:17<00:27, 10.22it/s]
Epoch 11/50 [Train]:  39%|███▉      | 178/459 [00:17<00:27, 10.19it/s]
Epoch 11/50 [Train]:  39%|███▉      | 180/459 [00:17<00:27, 10.23it/s]
Epoch 11/50 [Train]:  40%|███▉      | 182/459 [00:17<00:27, 10.26it/s]
Epoch 11/50 [Train]:  40%|████      | 184/459 [00:17<00:26, 10.28it/s]
Epoch 11/50 [Train]:  41%|████      | 186/459 [00:18<00:26, 10.33it/s]
Epoch 11/50 [Train]:  41%|████      | 188/459 [00:18<00:26, 10.35it/s]
Epoch 11/50 [Train]:  41%|████▏     | 190/459 [00:18<00:26, 10.32it/s]
Epoch 11/50 [Train]:  42%|████▏     | 192/459 [00:18<00:25, 10.30it/s]
Epoch 11/50 [Train]:  42%|████▏     | 194/459 [00:18<00:25, 10.28it/s]
Epoch 11/50 [Train]:  43%|████▎     | 196/459 [00:19<00:25, 10.29it/s]
Epoch 11/50 [Train]:  43%|████▎     | 198/459 [00:19<00:25, 10.35it/s]
Epoch 11/50 [Train]:  44%|████▎     | 200/459 [00:19<00:25, 10.34it/s]
Epoch 11/50 [Train]:  44%|████▍     | 202/459 [00:19<00:24, 10.42it/s]
Epoch 11/50 [Train]:  44%|████▍     | 204/459 [00:19<00:24, 10.43it/s]
Epoch 11/50 [Train]:  45%|████▍     | 206/459 [00:20<00:24, 10.35it/s]
Epoch 11/50 [Train]:  45%|████▌     | 208/459 [00:20<00:24, 10.37it/s]
Epoch 11/50 [Train]:  46%|████▌     | 210/459 [00:20<00:23, 10.42it/s]
Epoch 11/50 [Train]:  46%|████▌     | 212/459 [00:20<00:23, 10.44it/s]
Epoch 11/50 [Train]:  47%|████▋     | 214/459 [00:20<00:23, 10.43it/s]
Epoch 11/50 [Train]:  47%|████▋     | 216/459 [00:20<00:23, 10.42it/s]
Epoch 11/50 [Train]:  47%|████▋     | 218/459 [00:21<00:23, 10.36it/s]
Epoch 11/50 [Train]:  48%|████▊     | 220/459 [00:21<00:22, 10.41it/s]
Epoch 11/50 [Train]:  48%|████▊     | 222/459 [00:21<00:22, 10.39it/s]
Epoch 11/50 [Train]:  49%|████▉     | 224/459 [00:21<00:22, 10.45it/s]
Epoch 11/50 [Train]:  49%|████▉     | 226/459 [00:21<00:22, 10.44it/s]
Epoch 11/50 [Train]:  50%|████▉     | 228/459 [00:22<00:22, 10.42it/s]
Epoch 11/50 [Train]:  50%|█████     | 230/459 [00:22<00:21, 10.46it/s]
Epoch 11/50 [Train]:  51%|█████     | 232/459 [00:22<00:21, 10.40it/s]
Epoch 11/50 [Train]:  51%|█████     | 234/459 [00:22<00:21, 10.37it/s]
Epoch 11/50 [Train]:  51%|█████▏    | 236/459 [00:22<00:21, 10.37it/s]
Epoch 11/50 [Train]:  52%|█████▏    | 238/459 [00:23<00:21, 10.39it/s]
Epoch 11/50 [Train]:  52%|█████▏    | 240/459 [00:23<00:21, 10.40it/s]
Epoch 11/50 [Train]:  53%|█████▎    | 242/459 [00:23<00:20, 10.35it/s]
Epoch 11/50 [Train]:  53%|█████▎    | 244/459 [00:23<00:21, 10.23it/s]
Epoch 11/50 [Train]:  54%|█████▎    | 246/459 [00:23<00:20, 10.29it/s]
Epoch 11/50 [Train]:  54%|█████▍    | 248/459 [00:24<00:20, 10.32it/s]
Epoch 11/50 [Train]:  54%|█████▍    | 250/459 [00:24<00:20, 10.33it/s]
Epoch 11/50 [Train]:  55%|█████▍    | 252/459 [00:24<00:20, 10.27it/s]
Epoch 11/50 [Train]:  55%|█████▌    | 254/459 [00:24<00:19, 10.27it/s]
Epoch 11/50 [Train]:  56%|█████▌    | 256/459 [00:24<00:19, 10.30it/s]
Epoch 11/50 [Train]:  56%|█████▌    | 258/459 [00:25<00:19, 10.33it/s]
Epoch 11/50 [Train]:  57%|█████▋    | 260/459 [00:25<00:19, 10.29it/s]
Epoch 11/50 [Train]:  57%|█████▋    | 262/459 [00:25<00:19, 10.29it/s]
Epoch 11/50 [Train]:  58%|█████▊    | 264/459 [00:25<00:18, 10.35it/s]
Epoch 11/50 [Train]:  58%|█████▊    | 266/459 [00:25<00:18, 10.36it/s]
Epoch 11/50 [Train]:  58%|█████▊    | 268/459 [00:25<00:18, 10.32it/s]
Epoch 11/50 [Train]:  59%|█████▉    | 270/459 [00:26<00:18, 10.31it/s]
Epoch 11/50 [Train]:  59%|█████▉    | 272/459 [00:26<00:17, 10.40it/s]
Epoch 11/50 [Train]:  60%|█████▉    | 274/459 [00:26<00:17, 10.36it/s]
Epoch 11/50 [Train]:  60%|██████    | 276/459 [00:26<00:17, 10.43it/s]
Epoch 11/50 [Train]:  61%|██████    | 278/459 [00:26<00:17, 10.38it/s]
Epoch 11/50 [Train]:  61%|██████    | 280/459 [00:27<00:17, 10.37it/s]
Epoch 11/50 [Train]:  61%|██████▏   | 282/459 [00:27<00:16, 10.42it/s]
Epoch 11/50 [Train]:  62%|██████▏   | 284/459 [00:27<00:16, 10.45it/s]
Epoch 11/50 [Train]:  62%|██████▏   | 286/459 [00:27<00:16, 10.44it/s]
Epoch 11/50 [Train]:  63%|██████▎   | 288/459 [00:27<00:16, 10.46it/s]
Epoch 11/50 [Train]:  63%|██████▎   | 290/459 [00:28<00:16, 10.41it/s]
Epoch 11/50 [Train]:  64%|██████▎   | 292/459 [00:28<00:16, 10.34it/s]
Epoch 11/50 [Train]:  64%|██████▍   | 294/459 [00:28<00:15, 10.33it/s]
Epoch 11/50 [Train]:  64%|██████▍   | 296/459 [00:28<00:15, 10.36it/s]
Epoch 11/50 [Train]:  65%|██████▍   | 298/459 [00:28<00:15, 10.34it/s]
Epoch 11/50 [Train]:  65%|██████▌   | 300/459 [00:29<00:15, 10.30it/s]
Epoch 11/50 [Train]:  66%|██████▌   | 302/459 [00:29<00:15, 10.23it/s]
Epoch 11/50 [Train]:  66%|██████▌   | 304/459 [00:29<00:15, 10.28it/s]
Epoch 11/50 [Train]:  67%|██████▋   | 306/459 [00:29<00:14, 10.27it/s]
Epoch 11/50 [Train]:  67%|██████▋   | 308/459 [00:29<00:14, 10.11it/s]
Epoch 11/50 [Train]:  68%|██████▊   | 310/459 [00:30<00:14, 10.14it/s]
Epoch 11/50 [Train]:  68%|██████▊   | 312/459 [00:30<00:14, 10.14it/s]
Epoch 11/50 [Train]:  68%|██████▊   | 314/459 [00:30<00:14, 10.20it/s]
Epoch 11/50 [Train]:  69%|██████▉   | 316/459 [00:30<00:13, 10.25it/s]
Epoch 11/50 [Train]:  69%|██████▉   | 318/459 [00:30<00:13, 10.27it/s]
Epoch 11/50 [Train]:  70%|██████▉   | 320/459 [00:31<00:13, 10.32it/s]
Epoch 11/50 [Train]:  70%|███████   | 322/459 [00:31<00:13, 10.28it/s]
Epoch 11/50 [Train]:  71%|███████   | 324/459 [00:31<00:13, 10.35it/s]
Epoch 11/50 [Train]:  71%|███████   | 326/459 [00:31<00:12, 10.27it/s]
Epoch 11/50 [Train]:  71%|███████▏  | 328/459 [00:31<00:12, 10.29it/s]
Epoch 11/50 [Train]:  72%|███████▏  | 330/459 [00:32<00:12, 10.31it/s]
Epoch 11/50 [Train]:  72%|███████▏  | 332/459 [00:32<00:12, 10.29it/s]
Epoch 11/50 [Train]:  73%|███████▎  | 334/459 [00:32<00:12, 10.34it/s]
Epoch 11/50 [Train]:  73%|███████▎  | 336/459 [00:32<00:11, 10.31it/s]
Epoch 11/50 [Train]:  74%|███████▎  | 338/459 [00:32<00:11, 10.32it/s]
Epoch 11/50 [Train]:  74%|███████▍  | 340/459 [00:32<00:11, 10.04it/s]
Epoch 11/50 [Train]:  75%|███████▍  | 342/459 [00:33<00:11,  9.86it/s]
Epoch 11/50 [Train]:  75%|███████▍  | 344/459 [00:33<00:11,  9.96it/s]
Epoch 11/50 [Train]:  75%|███████▌  | 346/459 [00:33<00:11, 10.04it/s]
Epoch 11/50 [Train]:  76%|███████▌  | 348/459 [00:33<00:11, 10.07it/s]
Epoch 11/50 [Train]:  76%|███████▋  | 350/459 [00:33<00:10, 10.18it/s]
Epoch 11/50 [Train]:  77%|███████▋  | 352/459 [00:34<00:10, 10.19it/s]
Epoch 11/50 [Train]:  77%|███████▋  | 354/459 [00:34<00:10, 10.29it/s]
Epoch 11/50 [Train]:  78%|███████▊  | 356/459 [00:34<00:09, 10.32it/s]
Epoch 11/50 [Train]:  78%|███████▊  | 358/459 [00:34<00:09, 10.33it/s]
Epoch 11/50 [Train]:  78%|███████▊  | 360/459 [00:34<00:09, 10.36it/s]
Epoch 11/50 [Train]:  79%|███████▉  | 362/459 [00:35<00:09, 10.35it/s]
Epoch 11/50 [Train]:  79%|███████▉  | 364/459 [00:35<00:09, 10.24it/s]
Epoch 11/50 [Train]:  80%|███████▉  | 366/459 [00:35<00:08, 10.35it/s]
Epoch 11/50 [Train]:  80%|████████  | 368/459 [00:35<00:08, 10.34it/s]
Epoch 11/50 [Train]:  81%|████████  | 370/459 [00:35<00:08, 10.29it/s]
Epoch 11/50 [Train]:  81%|████████  | 372/459 [00:36<00:08, 10.34it/s]
Epoch 11/50 [Train]:  81%|████████▏ | 374/459 [00:36<00:08, 10.38it/s]
Epoch 11/50 [Train]:  82%|████████▏ | 376/459 [00:36<00:08, 10.35it/s]
Epoch 11/50 [Train]:  82%|████████▏ | 378/459 [00:36<00:07, 10.38it/s]
Epoch 11/50 [Train]:  83%|████████▎ | 380/459 [00:36<00:07, 10.37it/s]
Epoch 11/50 [Train]:  83%|████████▎ | 382/459 [00:37<00:07, 10.35it/s]
Epoch 11/50 [Train]:  84%|████████▎ | 384/459 [00:37<00:07, 10.24it/s]
Epoch 11/50 [Train]:  84%|████████▍ | 386/459 [00:37<00:07, 10.29it/s]
Epoch 11/50 [Train]:  85%|████████▍ | 388/459 [00:37<00:06, 10.25it/s]
Epoch 11/50 [Train]:  85%|████████▍ | 390/459 [00:37<00:06, 10.32it/s]
Epoch 11/50 [Train]:  85%|████████▌ | 392/459 [00:38<00:06, 10.34it/s]
Epoch 11/50 [Train]:  86%|████████▌ | 394/459 [00:38<00:06, 10.33it/s]
Epoch 11/50 [Train]:  86%|████████▋ | 396/459 [00:38<00:06, 10.36it/s]
Epoch 11/50 [Train]:  87%|████████▋ | 398/459 [00:38<00:05, 10.37it/s]
Epoch 11/50 [Train]:  87%|████████▋ | 400/459 [00:38<00:05, 10.40it/s]
Epoch 11/50 [Train]:  88%|████████▊ | 402/459 [00:39<00:05, 10.39it/s]
Epoch 11/50 [Train]:  88%|████████▊ | 404/459 [00:39<00:05, 10.40it/s]
Epoch 11/50 [Train]:  88%|████████▊ | 406/459 [00:39<00:05, 10.38it/s]
Epoch 11/50 [Train]:  89%|████████▉ | 408/459 [00:39<00:04, 10.41it/s]
Epoch 11/50 [Train]:  89%|████████▉ | 410/459 [00:39<00:04, 10.40it/s]
Epoch 11/50 [Train]:  90%|████████▉ | 412/459 [00:39<00:04, 10.35it/s]
Epoch 11/50 [Train]:  90%|█████████ | 414/459 [00:40<00:04, 10.30it/s]
Epoch 11/50 [Train]:  91%|█████████ | 416/459 [00:40<00:04, 10.35it/s]
Epoch 11/50 [Train]:  91%|█████████ | 418/459 [00:40<00:03, 10.40it/s]
Epoch 11/50 [Train]:  92%|█████████▏| 420/459 [00:40<00:03, 10.34it/s]
Epoch 11/50 [Train]:  92%|█████████▏| 422/459 [00:40<00:03, 10.21it/s]
Epoch 11/50 [Train]:  92%|█████████▏| 424/459 [00:41<00:03, 10.26it/s]
Epoch 11/50 [Train]:  93%|█████████▎| 426/459 [00:41<00:03, 10.32it/s]
Epoch 11/50 [Train]:  93%|█████████▎| 428/459 [00:41<00:02, 10.37it/s]
Epoch 11/50 [Train]:  94%|█████████▎| 430/459 [00:41<00:02, 10.31it/s]
Epoch 11/50 [Train]:  94%|█████████▍| 432/459 [00:41<00:02, 10.29it/s]
Epoch 11/50 [Train]:  95%|█████████▍| 434/459 [00:42<00:02, 10.36it/s]
Epoch 11/50 [Train]:  95%|█████████▍| 436/459 [00:42<00:02, 10.34it/s]
Epoch 11/50 [Train]:  95%|█████████▌| 438/459 [00:42<00:02, 10.36it/s]
Epoch 11/50 [Train]:  96%|█████████▌| 440/459 [00:42<00:01, 10.37it/s]
Epoch 11/50 [Train]:  96%|█████████▋| 442/459 [00:42<00:01, 10.37it/s]
Epoch 11/50 [Train]:  97%|█████████▋| 444/459 [00:43<00:01, 10.39it/s]
Epoch 11/50 [Train]:  97%|█████████▋| 446/459 [00:43<00:01, 10.16it/s]
Epoch 11/50 [Train]:  98%|█████████▊| 448/459 [00:43<00:01, 10.08it/s]
Epoch 11/50 [Train]:  98%|█████████▊| 450/459 [00:43<00:00, 10.14it/s]
Epoch 11/50 [Train]:  98%|█████████▊| 452/459 [00:43<00:00, 10.08it/s]
Epoch 11/50 [Train]:  99%|█████████▉| 454/459 [00:44<00:00, 10.16it/s]
Epoch 11/50 [Train]:  99%|█████████▉| 456/459 [00:44<00:00, 10.05it/s]
Epoch 11/50 [Train]: 100%|█████████▉| 458/459 [00:44<00:00, 10.08it/s]
                                                                      

Epoch 11/50 [Val]:   0%|          | 0/113 [00:00<?, ?it/s]
Epoch 11/50 [Val]:   2%|▏         | 2/113 [00:00<00:08, 13.49it/s]
Epoch 11/50 [Val]:   4%|▎         | 4/113 [00:00<00:08, 13.57it/s]
Epoch 11/50 [Val]:   5%|▌         | 6/113 [00:00<00:07, 13.53it/s]
Epoch 11/50 [Val]:   7%|▋         | 8/113 [00:00<00:07, 13.72it/s]
Epoch 11/50 [Val]:   9%|▉         | 10/113 [00:00<00:07, 14.04it/s]
Epoch 11/50 [Val]:  11%|█         | 12/113 [00:00<00:07, 14.00it/s]
Epoch 11/50 [Val]:  12%|█▏        | 14/113 [00:01<00:07, 13.93it/s]
Epoch 11/50 [Val]:  14%|█▍        | 16/113 [00:01<00:07, 13.36it/s]
Epoch 11/50 [Val]:  16%|█▌        | 18/113 [00:01<00:07, 13.17it/s]
Epoch 11/50 [Val]:  18%|█▊        | 20/113 [00:01<00:07, 12.85it/s]
Epoch 11/50 [Val]:  19%|█▉        | 22/113 [00:01<00:07, 12.60it/s]
Epoch 11/50 [Val]:  21%|██        | 24/113 [00:01<00:07, 12.57it/s]
Epoch 11/50 [Val]:  23%|██▎       | 26/113 [00:01<00:06, 12.80it/s]
Epoch 11/50 [Val]:  25%|██▍       | 28/113 [00:02<00:06, 12.93it/s]
Epoch 11/50 [Val]:  27%|██▋       | 30/113 [00:02<00:06, 13.11it/s]
Epoch 11/50 [Val]:  28%|██▊       | 32/113 [00:02<00:06, 13.30it/s]
Epoch 11/50 [Val]:  30%|███       | 34/113 [00:02<00:05, 13.30it/s]
Epoch 11/50 [Val]:  32%|███▏      | 36/113 [00:02<00:05, 13.43it/s]
Epoch 11/50 [Val]:  34%|███▎      | 38/113 [00:02<00:05, 13.64it/s]
Epoch 11/50 [Val]:  35%|███▌      | 40/113 [00:02<00:05, 13.80it/s]
Epoch 11/50 [Val]:  37%|███▋      | 42/113 [00:03<00:05, 13.97it/s]
Epoch 11/50 [Val]:  39%|███▉      | 44/113 [00:03<00:04, 13.83it/s]
Epoch 11/50 [Val]:  41%|████      | 46/113 [00:03<00:04, 13.55it/s]
Epoch 11/50 [Val]:  42%|████▏     | 48/113 [00:03<00:04, 13.41it/s]
Epoch 11/50 [Val]:  44%|████▍     | 50/113 [00:03<00:04, 13.65it/s]
Epoch 11/50 [Val]:  46%|████▌     | 52/113 [00:03<00:04, 13.86it/s]
Epoch 11/50 [Val]:  48%|████▊     | 54/113 [00:04<00:04, 13.68it/s]
Epoch 11/50 [Val]:  50%|████▉     | 56/113 [00:04<00:04, 13.70it/s]
Epoch 11/50 [Val]:  51%|█████▏    | 58/113 [00:04<00:04, 13.41it/s]
Epoch 11/50 [Val]:  53%|█████▎    | 60/113 [00:04<00:03, 13.63it/s]
Epoch 11/50 [Val]:  55%|█████▍    | 62/113 [00:04<00:03, 13.67it/s]
Epoch 11/50 [Val]:  57%|█████▋    | 64/113 [00:04<00:03, 13.77it/s]
Epoch 11/50 [Val]:  58%|█████▊    | 66/113 [00:04<00:03, 13.56it/s]
Epoch 11/50 [Val]:  60%|██████    | 68/113 [00:05<00:03, 13.55it/s]
Epoch 11/50 [Val]:  62%|██████▏   | 70/113 [00:05<00:03, 13.55it/s]
Epoch 11/50 [Val]:  64%|██████▎   | 72/113 [00:05<00:02, 13.68it/s]
Epoch 11/50 [Val]:  65%|██████▌   | 74/113 [00:05<00:02, 13.82it/s]
Epoch 11/50 [Val]:  67%|██████▋   | 76/113 [00:05<00:02, 13.66it/s]
Epoch 11/50 [Val]:  69%|██████▉   | 78/113 [00:05<00:02, 13.67it/s]
Epoch 11/50 [Val]:  71%|███████   | 80/113 [00:05<00:02, 13.68it/s]
Epoch 11/50 [Val]:  73%|███████▎  | 82/113 [00:06<00:02, 13.82it/s]
Epoch 11/50 [Val]:  74%|███████▍  | 84/113 [00:06<00:02, 13.93it/s]
Epoch 11/50 [Val]:  76%|███████▌  | 86/113 [00:06<00:01, 13.80it/s]
Epoch 11/50 [Val]:  78%|███████▊  | 88/113 [00:06<00:01, 14.06it/s]
Epoch 11/50 [Val]:  80%|███████▉  | 90/113 [00:06<00:01, 14.26it/s]
Epoch 11/50 [Val]:  81%|████████▏ | 92/113 [00:06<00:01, 14.30it/s]
Epoch 11/50 [Val]:  83%|████████▎ | 94/113 [00:06<00:01, 14.34it/s]
Epoch 11/50 [Val]:  85%|████████▍ | 96/113 [00:07<00:01, 14.20it/s]
Epoch 11/50 [Val]:  87%|████████▋ | 98/113 [00:07<00:01, 14.11it/s]
Epoch 11/50 [Val]:  88%|████████▊ | 100/113 [00:07<00:00, 13.96it/s]
Epoch 11/50 [Val]:  90%|█████████ | 102/113 [00:07<00:00, 13.79it/s]
Epoch 11/50 [Val]:  92%|█████████▏| 104/113 [00:07<00:00, 13.90it/s]
Epoch 11/50 [Val]:  94%|█████████▍| 106/113 [00:07<00:00, 13.90it/s]
Epoch 11/50 [Val]:  96%|█████████▌| 108/113 [00:07<00:00, 14.04it/s]
Epoch 11/50 [Val]:  97%|█████████▋| 110/113 [00:08<00:00, 14.24it/s]
Epoch 11/50 [Val]:  99%|█████████▉| 112/113 [00:08<00:00, 14.22it/s]
                                                                    

Epoch 12/50 [Train]:   0%|          | 0/459 [00:00<?, ?it/s]
Epoch 12/50 [Train]:   0%|          | 1/459 [00:00<00:46,  9.87it/s]
Epoch 12/50 [Train]:   1%|          | 3/459 [00:00<00:44, 10.14it/s]
Epoch 12/50 [Train]:   1%|          | 5/459 [00:00<00:44, 10.24it/s]
Epoch 12/50 [Train]:   2%|▏         | 7/459 [00:00<00:44, 10.25it/s]
Epoch 12/50 [Train]:   2%|▏         | 9/459 [00:00<00:43, 10.31it/s]
Epoch 12/50 [Train]:   2%|▏         | 11/459 [00:01<00:44, 10.18it/s]
Epoch 12/50 [Train]:   3%|▎         | 13/459 [00:01<00:43, 10.22it/s]
Epoch 12/50 [Train]:   3%|▎         | 15/459 [00:01<00:43, 10.24it/s]
Epoch 12/50 [Train]:   4%|▎         | 17/459 [00:01<00:42, 10.32it/s]
Epoch 12/50 [Train]:   4%|▍         | 19/459 [00:01<00:42, 10.34it/s]
Epoch 12/50 [Train]:   5%|▍         | 21/459 [00:02<00:42, 10.34it/s]
Epoch 12/50 [Train]:   5%|▌         | 23/459 [00:02<00:42, 10.30it/s]
Epoch 12/50 [Train]:   5%|▌         | 25/459 [00:02<00:42, 10.27it/s]
Epoch 12/50 [Train]:   6%|▌         | 27/459 [00:02<00:41, 10.32it/s]
Epoch 12/50 [Train]:   6%|▋         | 29/459 [00:02<00:41, 10.28it/s]
Epoch 12/50 [Train]:   7%|▋         | 31/459 [00:03<00:41, 10.35it/s]
Epoch 12/50 [Train]:   7%|▋         | 33/459 [00:03<00:41, 10.35it/s]
Epoch 12/50 [Train]:   8%|▊         | 35/459 [00:03<00:40, 10.36it/s]
Epoch 12/50 [Train]:   8%|▊         | 37/459 [00:03<00:40, 10.38it/s]
Epoch 12/50 [Train]:   8%|▊         | 39/459 [00:03<00:40, 10.33it/s]
Epoch 12/50 [Train]:   9%|▉         | 41/459 [00:03<00:40, 10.21it/s]
Epoch 12/50 [Train]:   9%|▉         | 43/459 [00:04<00:40, 10.20it/s]
Epoch 12/50 [Train]:  10%|▉         | 45/459 [00:04<00:40, 10.18it/s]
Epoch 12/50 [Train]:  10%|█         | 47/459 [00:04<00:40, 10.22it/s]
Epoch 12/50 [Train]:  11%|█         | 49/459 [00:04<00:39, 10.27it/s]
Epoch 12/50 [Train]:  11%|█         | 51/459 [00:04<00:39, 10.28it/s]
Epoch 12/50 [Train]:  12%|█▏        | 53/459 [00:05<00:39, 10.29it/s]
Epoch 12/50 [Train]:  12%|█▏        | 55/459 [00:05<00:39, 10.29it/s]
Epoch 12/50 [Train]:  12%|█▏        | 57/459 [00:05<00:38, 10.37it/s]
Epoch 12/50 [Train]:  13%|█▎        | 59/459 [00:05<00:38, 10.39it/s]
Epoch 12/50 [Train]:  13%|█▎        | 61/459 [00:05<00:38, 10.41it/s]
Epoch 12/50 [Train]:  14%|█▎        | 63/459 [00:06<00:38, 10.38it/s]
Epoch 12/50 [Train]:  14%|█▍        | 65/459 [00:06<00:37, 10.38it/s]
Epoch 12/50 [Train]:  15%|█▍        | 67/459 [00:06<00:37, 10.40it/s]
Epoch 12/50 [Train]:  15%|█▌        | 69/459 [00:06<00:37, 10.44it/s]
Epoch 12/50 [Train]:  15%|█▌        | 71/459 [00:06<00:37, 10.39it/s]
Epoch 12/50 [Train]:  16%|█▌        | 73/459 [00:07<00:37, 10.35it/s]
Epoch 12/50 [Train]:  16%|█▋        | 75/459 [00:07<00:37, 10.36it/s]
Epoch 12/50 [Train]:  17%|█▋        | 77/459 [00:07<00:36, 10.41it/s]
Epoch 12/50 [Train]:  17%|█▋        | 79/459 [00:07<00:36, 10.44it/s]
Epoch 12/50 [Train]:  18%|█▊        | 81/459 [00:07<00:36, 10.42it/s]
Epoch 12/50 [Train]:  18%|█▊        | 83/459 [00:08<00:36, 10.42it/s]
Epoch 12/50 [Train]:  19%|█▊        | 85/459 [00:08<00:35, 10.47it/s]
Epoch 12/50 [Train]:  19%|█▉        | 87/459 [00:08<00:35, 10.41it/s]
Epoch 12/50 [Train]:  19%|█▉        | 89/459 [00:08<00:35, 10.40it/s]
Epoch 12/50 [Train]:  20%|█▉        | 91/459 [00:08<00:35, 10.41it/s]
Epoch 12/50 [Train]:  20%|██        | 93/459 [00:09<00:35, 10.35it/s]
Epoch 12/50 [Train]:  21%|██        | 95/459 [00:09<00:35, 10.38it/s]
Epoch 12/50 [Train]:  21%|██        | 97/459 [00:09<00:34, 10.36it/s]
Epoch 12/50 [Train]:  22%|██▏       | 99/459 [00:09<00:34, 10.38it/s]
Epoch 12/50 [Train]:  22%|██▏       | 101/459 [00:09<00:34, 10.42it/s]
Epoch 12/50 [Train]:  22%|██▏       | 103/459 [00:09<00:33, 10.49it/s]
Epoch 12/50 [Train]:  23%|██▎       | 105/459 [00:10<00:33, 10.51it/s]
Epoch 12/50 [Train]:  23%|██▎       | 107/459 [00:10<00:33, 10.52it/s]
Epoch 12/50 [Train]:  24%|██▎       | 109/459 [00:10<00:33, 10.32it/s]
Epoch 12/50 [Train]:  24%|██▍       | 111/459 [00:10<00:33, 10.41it/s]
Epoch 12/50 [Train]:  25%|██▍       | 113/459 [00:10<00:33, 10.41it/s]
Epoch 12/50 [Train]:  25%|██▌       | 115/459 [00:11<00:32, 10.43it/s]
Epoch 12/50 [Train]:  25%|██▌       | 117/459 [00:11<00:32, 10.40it/s]
Epoch 12/50 [Train]:  26%|██▌       | 119/459 [00:11<00:32, 10.42it/s]
Epoch 12/50 [Train]:  26%|██▋       | 121/459 [00:11<00:32, 10.42it/s]
Epoch 12/50 [Train]:  27%|██▋       | 123/459 [00:11<00:32, 10.41it/s]
Epoch 12/50 [Train]:  27%|██▋       | 125/459 [00:12<00:32, 10.39it/s]
Epoch 12/50 [Train]:  28%|██▊       | 127/459 [00:12<00:31, 10.40it/s]
Epoch 12/50 [Train]:  28%|██▊       | 129/459 [00:12<00:31, 10.32it/s]
Epoch 12/50 [Train]:  29%|██▊       | 131/459 [00:12<00:31, 10.39it/s]
Epoch 12/50 [Train]:  29%|██▉       | 133/459 [00:12<00:31, 10.42it/s]
Epoch 12/50 [Train]:  29%|██▉       | 135/459 [00:13<00:31, 10.43it/s]
Epoch 12/50 [Train]:  30%|██▉       | 137/459 [00:13<00:30, 10.41it/s]
Epoch 12/50 [Train]:  30%|███       | 139/459 [00:13<00:30, 10.39it/s]
Epoch 12/50 [Train]:  31%|███       | 141/459 [00:13<00:30, 10.38it/s]
Epoch 12/50 [Train]:  31%|███       | 143/459 [00:13<00:30, 10.35it/s]
Epoch 12/50 [Train]:  32%|███▏      | 145/459 [00:13<00:30, 10.38it/s]
Epoch 12/50 [Train]:  32%|███▏      | 147/459 [00:14<00:29, 10.40it/s]
Epoch 12/50 [Train]:  32%|███▏      | 149/459 [00:14<00:29, 10.40it/s]
Epoch 12/50 [Train]:  33%|███▎      | 151/459 [00:14<00:29, 10.43it/s]
Epoch 12/50 [Train]:  33%|███▎      | 153/459 [00:14<00:29, 10.46it/s]
Epoch 12/50 [Train]:  34%|███▍      | 155/459 [00:14<00:28, 10.50it/s]
Epoch 12/50 [Train]:  34%|███▍      | 157/459 [00:15<00:28, 10.50it/s]
Epoch 12/50 [Train]:  35%|███▍      | 159/459 [00:15<00:28, 10.47it/s]
Epoch 12/50 [Train]:  35%|███▌      | 161/459 [00:15<00:28, 10.47it/s]
Epoch 12/50 [Train]:  36%|███▌      | 163/459 [00:15<00:28, 10.40it/s]
Epoch 12/50 [Train]:  36%|███▌      | 165/459 [00:15<00:28, 10.42it/s]
Epoch 12/50 [Train]:  36%|███▋      | 167/459 [00:16<00:28, 10.41it/s]
Epoch 12/50 [Train]:  37%|███▋      | 169/459 [00:16<00:27, 10.38it/s]
Epoch 12/50 [Train]:  37%|███▋      | 171/459 [00:16<00:27, 10.42it/s]
Epoch 12/50 [Train]:  38%|███▊      | 173/459 [00:16<00:27, 10.44it/s]
Epoch 12/50 [Train]:  38%|███▊      | 175/459 [00:16<00:27, 10.42it/s]
Epoch 12/50 [Train]:  39%|███▊      | 177/459 [00:17<00:27, 10.43it/s]
Epoch 12/50 [Train]:  39%|███▉      | 179/459 [00:17<00:26, 10.42it/s]
Epoch 12/50 [Train]:  39%|███▉      | 181/459 [00:17<00:26, 10.47it/s]
Epoch 12/50 [Train]:  40%|███▉      | 183/459 [00:17<00:26, 10.42it/s]
Epoch 12/50 [Train]:  40%|████      | 185/459 [00:17<00:26, 10.45it/s]
Epoch 12/50 [Train]:  41%|████      | 187/459 [00:18<00:26, 10.36it/s]
Epoch 12/50 [Train]:  41%|████      | 189/459 [00:18<00:25, 10.43it/s]
Epoch 12/50 [Train]:  42%|████▏     | 191/459 [00:18<00:26, 10.24it/s]
Epoch 12/50 [Train]:  42%|████▏     | 193/459 [00:18<00:25, 10.26it/s]
Epoch 12/50 [Train]:  42%|████▏     | 195/459 [00:18<00:25, 10.21it/s]
Epoch 12/50 [Train]:  43%|████▎     | 197/459 [00:19<00:25, 10.23it/s]
Epoch 12/50 [Train]:  43%|████▎     | 199/459 [00:19<00:25, 10.29it/s]
Epoch 12/50 [Train]:  44%|████▍     | 201/459 [00:19<00:25, 10.30it/s]
Epoch 12/50 [Train]:  44%|████▍     | 203/459 [00:19<00:24, 10.38it/s]
Epoch 12/50 [Train]:  45%|████▍     | 205/459 [00:19<00:24, 10.37it/s]
Epoch 12/50 [Train]:  45%|████▌     | 207/459 [00:19<00:24, 10.37it/s]
Epoch 12/50 [Train]:  46%|████▌     | 209/459 [00:20<00:24, 10.34it/s]
Epoch 12/50 [Train]:  46%|████▌     | 211/459 [00:20<00:23, 10.40it/s]
Epoch 12/50 [Train]:  46%|████▋     | 213/459 [00:20<00:23, 10.38it/s]
Epoch 12/50 [Train]:  47%|████▋     | 215/459 [00:20<00:23, 10.39it/s]
Epoch 12/50 [Train]:  47%|████▋     | 217/459 [00:20<00:23, 10.39it/s]
Epoch 12/50 [Train]:  48%|████▊     | 219/459 [00:21<00:23, 10.35it/s]
Epoch 12/50 [Train]:  48%|████▊     | 221/459 [00:21<00:23, 10.32it/s]
Epoch 12/50 [Train]:  49%|████▊     | 223/459 [00:21<00:22, 10.35it/s]
Epoch 12/50 [Train]:  49%|████▉     | 225/459 [00:21<00:22, 10.39it/s]
Epoch 12/50 [Train]:  49%|████▉     | 227/459 [00:21<00:22, 10.41it/s]
Epoch 12/50 [Train]:  50%|████▉     | 229/459 [00:22<00:22, 10.39it/s]
Epoch 12/50 [Train]:  50%|█████     | 231/459 [00:22<00:21, 10.41it/s]
Epoch 12/50 [Train]:  51%|█████     | 233/459 [00:22<00:21, 10.39it/s]
Epoch 12/50 [Train]:  51%|█████     | 235/459 [00:22<00:21, 10.40it/s]
Epoch 12/50 [Train]:  52%|█████▏    | 237/459 [00:22<00:21, 10.39it/s]
Epoch 12/50 [Train]:  52%|█████▏    | 239/459 [00:23<00:21, 10.44it/s]
Epoch 12/50 [Train]:  53%|█████▎    | 241/459 [00:23<00:21, 10.33it/s]
Epoch 12/50 [Train]:  53%|█████▎    | 243/459 [00:23<00:20, 10.29it/s]
Epoch 12/50 [Train]:  53%|█████▎    | 245/459 [00:23<00:20, 10.34it/s]
Epoch 12/50 [Train]:  54%|█████▍    | 247/459 [00:23<00:20, 10.32it/s]
Epoch 12/50 [Train]:  54%|█████▍    | 249/459 [00:24<00:20, 10.36it/s]
Epoch 12/50 [Train]:  55%|█████▍    | 251/459 [00:24<00:19, 10.42it/s]
Epoch 12/50 [Train]:  55%|█████▌    | 253/459 [00:24<00:19, 10.36it/s]
Epoch 12/50 [Train]:  56%|█████▌    | 255/459 [00:24<00:19, 10.42it/s]
Epoch 12/50 [Train]:  56%|█████▌    | 257/459 [00:24<00:19, 10.44it/s]
Epoch 12/50 [Train]:  56%|█████▋    | 259/459 [00:24<00:19, 10.40it/s]
Epoch 12/50 [Train]:  57%|█████▋    | 261/459 [00:25<00:18, 10.45it/s]
Epoch 12/50 [Train]:  57%|█████▋    | 263/459 [00:25<00:18, 10.47it/s]
Epoch 12/50 [Train]:  58%|█████▊    | 265/459 [00:25<00:18, 10.49it/s]
Epoch 12/50 [Train]:  58%|█████▊    | 267/459 [00:25<00:18, 10.47it/s]
Epoch 12/50 [Train]:  59%|█████▊    | 269/459 [00:25<00:18, 10.44it/s]
Epoch 12/50 [Train]:  59%|█████▉    | 271/459 [00:26<00:18, 10.42it/s]
Epoch 12/50 [Train]:  59%|█████▉    | 273/459 [00:26<00:18, 10.26it/s]
Epoch 12/50 [Train]:  60%|█████▉    | 275/459 [00:26<00:17, 10.31it/s]
Epoch 12/50 [Train]:  60%|██████    | 277/459 [00:26<00:17, 10.30it/s]
Epoch 12/50 [Train]:  61%|██████    | 279/459 [00:26<00:17, 10.34it/s]
Epoch 12/50 [Train]:  61%|██████    | 281/459 [00:27<00:17, 10.40it/s]
Epoch 12/50 [Train]:  62%|██████▏   | 283/459 [00:27<00:16, 10.44it/s]
Epoch 12/50 [Train]:  62%|██████▏   | 285/459 [00:27<00:16, 10.33it/s]
Epoch 12/50 [Train]:  63%|██████▎   | 287/459 [00:27<00:16, 10.40it/s]
Epoch 12/50 [Train]:  63%|██████▎   | 289/459 [00:27<00:16, 10.45it/s]
Epoch 12/50 [Train]:  63%|██████▎   | 291/459 [00:28<00:16, 10.40it/s]
Epoch 12/50 [Train]:  64%|██████▍   | 293/459 [00:28<00:15, 10.38it/s]
Epoch 12/50 [Train]:  64%|██████▍   | 295/459 [00:28<00:15, 10.26it/s]
Epoch 12/50 [Train]:  65%|██████▍   | 297/459 [00:28<00:15, 10.35it/s]
Epoch 12/50 [Train]:  65%|██████▌   | 299/459 [00:28<00:15, 10.38it/s]
Epoch 12/50 [Train]:  66%|██████▌   | 301/459 [00:29<00:15, 10.41it/s]
Epoch 12/50 [Train]:  66%|██████▌   | 303/459 [00:29<00:14, 10.40it/s]
Epoch 12/50 [Train]:  66%|██████▋   | 305/459 [00:29<00:14, 10.37it/s]
Epoch 12/50 [Train]:  67%|██████▋   | 307/459 [00:29<00:14, 10.34it/s]
Epoch 12/50 [Train]:  67%|██████▋   | 309/459 [00:29<00:14, 10.41it/s]
Epoch 12/50 [Train]:  68%|██████▊   | 311/459 [00:29<00:14, 10.37it/s]
Epoch 12/50 [Train]:  68%|██████▊   | 313/459 [00:30<00:14, 10.30it/s]
Epoch 12/50 [Train]:  69%|██████▊   | 315/459 [00:30<00:13, 10.35it/s]
Epoch 12/50 [Train]:  69%|██████▉   | 317/459 [00:30<00:13, 10.31it/s]
Epoch 12/50 [Train]:  69%|██████▉   | 319/459 [00:30<00:13, 10.26it/s]
Epoch 12/50 [Train]:  70%|██████▉   | 321/459 [00:30<00:13, 10.22it/s]
Epoch 12/50 [Train]:  70%|███████   | 323/459 [00:31<00:13, 10.08it/s]
Epoch 12/50 [Train]:  71%|███████   | 325/459 [00:31<00:13,  9.85it/s]
Epoch 12/50 [Train]:  71%|███████   | 327/459 [00:31<00:13, 10.04it/s]
Epoch 12/50 [Train]:  72%|███████▏  | 329/459 [00:31<00:12, 10.09it/s]
Epoch 12/50 [Train]:  72%|███████▏  | 331/459 [00:31<00:12, 10.18it/s]
Epoch 12/50 [Train]:  73%|███████▎  | 333/459 [00:32<00:12, 10.25it/s]
Epoch 12/50 [Train]:  73%|███████▎  | 335/459 [00:32<00:12, 10.26it/s]
Epoch 12/50 [Train]:  73%|███████▎  | 337/459 [00:32<00:11, 10.22it/s]
Epoch 12/50 [Train]:  74%|███████▍  | 339/459 [00:32<00:11, 10.21it/s]
Epoch 12/50 [Train]:  74%|███████▍  | 341/459 [00:32<00:11, 10.32it/s]
Epoch 12/50 [Train]:  75%|███████▍  | 343/459 [00:33<00:11, 10.26it/s]
Epoch 12/50 [Train]:  75%|███████▌  | 345/459 [00:33<00:11, 10.23it/s]
Epoch 12/50 [Train]:  76%|███████▌  | 347/459 [00:33<00:10, 10.30it/s]
Epoch 12/50 [Train]:  76%|███████▌  | 349/459 [00:33<00:10, 10.36it/s]
Epoch 12/50 [Train]:  76%|███████▋  | 351/459 [00:33<00:10, 10.27it/s]
Epoch 12/50 [Train]:  77%|███████▋  | 353/459 [00:34<00:10, 10.30it/s]
Epoch 12/50 [Train]:  77%|███████▋  | 355/459 [00:34<00:10, 10.33it/s]
Epoch 12/50 [Train]:  78%|███████▊  | 357/459 [00:34<00:09, 10.26it/s]
Epoch 12/50 [Train]:  78%|███████▊  | 359/459 [00:34<00:09, 10.35it/s]
Epoch 12/50 [Train]:  79%|███████▊  | 361/459 [00:34<00:09, 10.35it/s]
Epoch 12/50 [Train]:  79%|███████▉  | 363/459 [00:35<00:09, 10.40it/s]
Epoch 12/50 [Train]:  80%|███████▉  | 365/459 [00:35<00:09, 10.39it/s]
Epoch 12/50 [Train]:  80%|███████▉  | 367/459 [00:35<00:08, 10.41it/s]
Epoch 12/50 [Train]:  80%|████████  | 369/459 [00:35<00:08, 10.45it/s]
Epoch 12/50 [Train]:  81%|████████  | 371/459 [00:35<00:08, 10.47it/s]
Epoch 12/50 [Train]:  81%|████████▏ | 373/459 [00:36<00:08, 10.50it/s]
Epoch 12/50 [Train]:  82%|████████▏ | 375/459 [00:36<00:08, 10.42it/s]
Epoch 12/50 [Train]:  82%|████████▏ | 377/459 [00:36<00:07, 10.42it/s]
Epoch 12/50 [Train]:  83%|████████▎ | 379/459 [00:36<00:07, 10.45it/s]
Epoch 12/50 [Train]:  83%|████████▎ | 381/459 [00:36<00:07, 10.50it/s]
Epoch 12/50 [Train]:  83%|████████▎ | 383/459 [00:36<00:07, 10.46it/s]
Epoch 12/50 [Train]:  84%|████████▍ | 385/459 [00:37<00:07, 10.36it/s]
Epoch 12/50 [Train]:  84%|████████▍ | 387/459 [00:37<00:06, 10.37it/s]
Epoch 12/50 [Train]:  85%|████████▍ | 389/459 [00:37<00:06, 10.34it/s]
Epoch 12/50 [Train]:  85%|████████▌ | 391/459 [00:37<00:06, 10.38it/s]
Epoch 12/50 [Train]:  86%|████████▌ | 393/459 [00:37<00:06, 10.35it/s]
Epoch 12/50 [Train]:  86%|████████▌ | 395/459 [00:38<00:06, 10.41it/s]
Epoch 12/50 [Train]:  86%|████████▋ | 397/459 [00:38<00:05, 10.38it/s]
Epoch 12/50 [Train]:  87%|████████▋ | 399/459 [00:38<00:05, 10.41it/s]
Epoch 12/50 [Train]:  87%|████████▋ | 401/459 [00:38<00:05, 10.41it/s]
Epoch 12/50 [Train]:  88%|████████▊ | 403/459 [00:38<00:05, 10.46it/s]
Epoch 12/50 [Train]:  88%|████████▊ | 405/459 [00:39<00:05, 10.44it/s]
Epoch 12/50 [Train]:  89%|████████▊ | 407/459 [00:39<00:04, 10.45it/s]
Epoch 12/50 [Train]:  89%|████████▉ | 409/459 [00:39<00:04, 10.44it/s]
Epoch 12/50 [Train]:  90%|████████▉ | 411/459 [00:39<00:04, 10.39it/s]
Epoch 12/50 [Train]:  90%|████████▉ | 413/459 [00:39<00:04, 10.42it/s]
Epoch 12/50 [Train]:  90%|█████████ | 415/459 [00:40<00:04, 10.47it/s]
Epoch 12/50 [Train]:  91%|█████████ | 417/459 [00:40<00:04, 10.42it/s]
Epoch 12/50 [Train]:  91%|█████████▏| 419/459 [00:40<00:03, 10.46it/s]
Epoch 12/50 [Train]:  92%|█████████▏| 421/459 [00:40<00:03, 10.40it/s]
Epoch 12/50 [Train]:  92%|█████████▏| 423/459 [00:40<00:03, 10.37it/s]
Epoch 12/50 [Train]:  93%|█████████▎| 425/459 [00:41<00:03, 10.36it/s]
Epoch 12/50 [Train]:  93%|█████████▎| 427/459 [00:41<00:03, 10.37it/s]
Epoch 12/50 [Train]:  93%|█████████▎| 429/459 [00:41<00:02, 10.23it/s]
Epoch 12/50 [Train]:  94%|█████████▍| 431/459 [00:41<00:02, 10.22it/s]
Epoch 12/50 [Train]:  94%|█████████▍| 433/459 [00:41<00:02, 10.32it/s]
Epoch 12/50 [Train]:  95%|█████████▍| 435/459 [00:41<00:02, 10.33it/s]
Epoch 12/50 [Train]:  95%|█████████▌| 437/459 [00:42<00:02, 10.29it/s]
Epoch 12/50 [Train]:  96%|█████████▌| 439/459 [00:42<00:01, 10.36it/s]
Epoch 12/50 [Train]:  96%|█████████▌| 441/459 [00:42<00:01, 10.38it/s]
Epoch 12/50 [Train]:  97%|█████████▋| 443/459 [00:42<00:01, 10.37it/s]
Epoch 12/50 [Train]:  97%|█████████▋| 445/459 [00:42<00:01, 10.40it/s]
Epoch 12/50 [Train]:  97%|█████████▋| 447/459 [00:43<00:01, 10.43it/s]
Epoch 12/50 [Train]:  98%|█████████▊| 449/459 [00:43<00:01,  9.88it/s]
Epoch 12/50 [Train]:  98%|█████████▊| 451/459 [00:43<00:00, 10.02it/s]
Epoch 12/50 [Train]:  99%|█████████▊| 453/459 [00:43<00:00, 10.17it/s]
Epoch 12/50 [Train]:  99%|█████████▉| 455/459 [00:43<00:00, 10.27it/s]
Epoch 12/50 [Train]: 100%|█████████▉| 457/459 [00:44<00:00, 10.35it/s]
Epoch 12/50 [Train]: 100%|██████████| 459/459 [00:44<00:00, 10.23it/s]
                                                                      

Epoch 12/50 [Val]:   0%|          | 0/113 [00:00<?, ?it/s]
Epoch 12/50 [Val]:   2%|▏         | 2/113 [00:00<00:08, 13.70it/s]
Epoch 12/50 [Val]:   4%|▎         | 4/113 [00:00<00:07, 13.85it/s]
Epoch 12/50 [Val]:   5%|▌         | 6/113 [00:00<00:07, 13.65it/s]
Epoch 12/50 [Val]:   7%|▋         | 8/113 [00:00<00:07, 13.56it/s]
Epoch 12/50 [Val]:   9%|▉         | 10/113 [00:00<00:07, 13.65it/s]
Epoch 12/50 [Val]:  11%|█         | 12/113 [00:00<00:07, 13.60it/s]
Epoch 12/50 [Val]:  12%|█▏        | 14/113 [00:01<00:07, 13.68it/s]
Epoch 12/50 [Val]:  14%|█▍        | 16/113 [00:01<00:07, 13.37it/s]
Epoch 12/50 [Val]:  16%|█▌        | 18/113 [00:01<00:07, 13.16it/s]
Epoch 12/50 [Val]:  18%|█▊        | 20/113 [00:01<00:07, 13.02it/s]
Epoch 12/50 [Val]:  19%|█▉        | 22/113 [00:01<00:07, 12.85it/s]
Epoch 12/50 [Val]:  21%|██        | 24/113 [00:01<00:06, 12.84it/s]
Epoch 12/50 [Val]:  23%|██▎       | 26/113 [00:01<00:06, 12.95it/s]
Epoch 12/50 [Val]:  25%|██▍       | 28/113 [00:02<00:06, 13.12it/s]
Epoch 12/50 [Val]:  27%|██▋       | 30/113 [00:02<00:06, 13.05it/s]
Epoch 12/50 [Val]:  28%|██▊       | 32/113 [00:02<00:06, 13.26it/s]
Epoch 12/50 [Val]:  30%|███       | 34/113 [00:02<00:05, 13.37it/s]
Epoch 12/50 [Val]:  32%|███▏      | 36/113 [00:02<00:05, 13.76it/s]
Epoch 12/50 [Val]:  34%|███▎      | 38/113 [00:02<00:05, 14.00it/s]
Epoch 12/50 [Val]:  35%|███▌      | 40/113 [00:02<00:05, 13.98it/s]
Epoch 12/50 [Val]:  37%|███▋      | 42/113 [00:03<00:05, 14.16it/s]
Epoch 12/50 [Val]:  39%|███▉      | 44/113 [00:03<00:04, 14.12it/s]
Epoch 12/50 [Val]:  41%|████      | 46/113 [00:03<00:04, 13.84it/s]
Epoch 12/50 [Val]:  42%|████▏     | 48/113 [00:03<00:04, 13.80it/s]
Epoch 12/50 [Val]:  44%|████▍     | 50/113 [00:03<00:04, 13.97it/s]
Epoch 12/50 [Val]:  46%|████▌     | 52/113 [00:03<00:04, 14.21it/s]
Epoch 12/50 [Val]:  48%|████▊     | 54/113 [00:03<00:04, 14.21it/s]
Epoch 12/50 [Val]:  50%|████▉     | 56/113 [00:04<00:04, 14.10it/s]
Epoch 12/50 [Val]:  51%|█████▏    | 58/113 [00:04<00:03, 13.80it/s]
Epoch 12/50 [Val]:  53%|█████▎    | 60/113 [00:04<00:03, 14.01it/s]
Epoch 12/50 [Val]:  55%|█████▍    | 62/113 [00:04<00:03, 14.11it/s]
Epoch 12/50 [Val]:  57%|█████▋    | 64/113 [00:04<00:03, 14.11it/s]
Epoch 12/50 [Val]:  58%|█████▊    | 66/113 [00:04<00:03, 13.83it/s]
Epoch 12/50 [Val]:  60%|██████    | 68/113 [00:04<00:03, 13.67it/s]
Epoch 12/50 [Val]:  62%|██████▏   | 70/113 [00:05<00:03, 13.74it/s]
Epoch 12/50 [Val]:  64%|██████▎   | 72/113 [00:05<00:02, 13.96it/s]
Epoch 12/50 [Val]:  65%|██████▌   | 74/113 [00:05<00:02, 14.01it/s]
Epoch 12/50 [Val]:  67%|██████▋   | 76/113 [00:05<00:02, 14.11it/s]
Epoch 12/50 [Val]:  69%|██████▉   | 78/113 [00:05<00:02, 13.98it/s]
Epoch 12/50 [Val]:  71%|███████   | 80/113 [00:05<00:02, 14.07it/s]
Epoch 12/50 [Val]:  73%|███████▎  | 82/113 [00:05<00:02, 14.01it/s]
Epoch 12/50 [Val]:  74%|███████▍  | 84/113 [00:06<00:02, 14.18it/s]
Epoch 12/50 [Val]:  76%|███████▌  | 86/113 [00:06<00:01, 14.06it/s]
Epoch 12/50 [Val]:  78%|███████▊  | 88/113 [00:06<00:01, 14.03it/s]
Epoch 12/50 [Val]:  80%|███████▉  | 90/113 [00:06<00:01, 14.31it/s]
Epoch 12/50 [Val]:  81%|████████▏ | 92/113 [00:06<00:01, 14.47it/s]
Epoch 12/50 [Val]:  83%|████████▎ | 94/113 [00:06<00:01, 14.47it/s]
Epoch 12/50 [Val]:  85%|████████▍ | 96/113 [00:06<00:01, 14.46it/s]
Epoch 12/50 [Val]:  87%|████████▋ | 98/113 [00:07<00:01, 14.36it/s]
Epoch 12/50 [Val]:  88%|████████▊ | 100/113 [00:07<00:00, 14.19it/s]
Epoch 12/50 [Val]:  90%|█████████ | 102/113 [00:07<00:00, 13.96it/s]
Epoch 12/50 [Val]:  92%|█████████▏| 104/113 [00:07<00:00, 13.95it/s]
Epoch 12/50 [Val]:  94%|█████████▍| 106/113 [00:07<00:00, 13.66it/s]
Epoch 12/50 [Val]:  96%|█████████▌| 108/113 [00:07<00:00, 13.81it/s]
Epoch 12/50 [Val]:  97%|█████████▋| 110/113 [00:07<00:00, 13.86it/s]
Epoch 12/50 [Val]:  99%|█████████▉| 112/113 [00:08<00:00, 13.74it/s]
                                                                    

Epoch 13/50 [Train]:   0%|          | 0/459 [00:00<?, ?it/s]
Epoch 13/50 [Train]:   0%|          | 1/459 [00:00<00:45,  9.99it/s]
Epoch 13/50 [Train]:   1%|          | 3/459 [00:00<00:45, 10.11it/s]
Epoch 13/50 [Train]:   1%|          | 5/459 [00:00<00:44, 10.30it/s]
Epoch 13/50 [Train]:   2%|▏         | 7/459 [00:00<00:43, 10.34it/s]
Epoch 13/50 [Train]:   2%|▏         | 9/459 [00:00<00:43, 10.34it/s]
Epoch 13/50 [Train]:   2%|▏         | 11/459 [00:01<00:43, 10.31it/s]
Epoch 13/50 [Train]:   3%|▎         | 13/459 [00:01<00:43, 10.32it/s]
Epoch 13/50 [Train]:   3%|▎         | 15/459 [00:01<00:42, 10.35it/s]
Epoch 13/50 [Train]:   4%|▎         | 17/459 [00:01<00:42, 10.40it/s]
Epoch 13/50 [Train]:   4%|▍         | 19/459 [00:01<00:42, 10.38it/s]
Epoch 13/50 [Train]:   5%|▍         | 21/459 [00:02<00:42, 10.38it/s]
Epoch 13/50 [Train]:   5%|▌         | 23/459 [00:02<00:41, 10.46it/s]
Epoch 13/50 [Train]:   5%|▌         | 25/459 [00:02<00:41, 10.41it/s]
Epoch 13/50 [Train]:   6%|▌         | 27/459 [00:02<00:41, 10.44it/s]
Epoch 13/50 [Train]:   6%|▋         | 29/459 [00:02<00:41, 10.38it/s]
Epoch 13/50 [Train]:   7%|▋         | 31/459 [00:02<00:41, 10.39it/s]
Epoch 13/50 [Train]:   7%|▋         | 33/459 [00:03<00:40, 10.44it/s]
Epoch 13/50 [Train]:   8%|▊         | 35/459 [00:03<00:40, 10.48it/s]
Epoch 13/50 [Train]:   8%|▊         | 37/459 [00:03<00:40, 10.51it/s]
Epoch 13/50 [Train]:   8%|▊         | 39/459 [00:03<00:40, 10.50it/s]
Epoch 13/50 [Train]:   9%|▉         | 41/459 [00:03<00:40, 10.42it/s]
Epoch 13/50 [Train]:   9%|▉         | 43/459 [00:04<00:40, 10.35it/s]
Epoch 13/50 [Train]:  10%|▉         | 45/459 [00:04<00:39, 10.39it/s]
Epoch 13/50 [Train]:  10%|█         | 47/459 [00:04<00:39, 10.34it/s]
Epoch 13/50 [Train]:  11%|█         | 49/459 [00:04<00:39, 10.36it/s]
Epoch 13/50 [Train]:  11%|█         | 51/459 [00:04<00:39, 10.28it/s]
Epoch 13/50 [Train]:  12%|█▏        | 53/459 [00:05<00:39, 10.34it/s]
Epoch 13/50 [Train]:  12%|█▏        | 55/459 [00:05<00:38, 10.37it/s]
Epoch 13/50 [Train]:  12%|█▏        | 57/459 [00:05<00:38, 10.33it/s]
Epoch 13/50 [Train]:  13%|█▎        | 59/459 [00:05<00:38, 10.38it/s]
Epoch 13/50 [Train]:  13%|█▎        | 61/459 [00:05<00:38, 10.30it/s]
Epoch 13/50 [Train]:  14%|█▎        | 63/459 [00:06<00:38, 10.31it/s]
Epoch 13/50 [Train]:  14%|█▍        | 65/459 [00:06<00:38, 10.31it/s]
Epoch 13/50 [Train]:  15%|█▍        | 67/459 [00:06<00:38, 10.31it/s]
Epoch 13/50 [Train]:  15%|█▌        | 69/459 [00:06<00:37, 10.27it/s]
Epoch 13/50 [Train]:  15%|█▌        | 71/459 [00:06<00:37, 10.24it/s]
Epoch 13/50 [Train]:  16%|█▌        | 73/459 [00:07<00:37, 10.26it/s]
Epoch 13/50 [Train]:  16%|█▋        | 75/459 [00:07<00:37, 10.31it/s]
Epoch 13/50 [Train]:  17%|█▋        | 77/459 [00:07<00:36, 10.36it/s]
Epoch 13/50 [Train]:  17%|█▋        | 79/459 [00:07<00:36, 10.39it/s]
Epoch 13/50 [Train]:  18%|█▊        | 81/459 [00:07<00:36, 10.42it/s]
Epoch 13/50 [Train]:  18%|█▊        | 83/459 [00:08<00:36, 10.42it/s]
Epoch 13/50 [Train]:  19%|█▊        | 85/459 [00:08<00:35, 10.39it/s]
Epoch 13/50 [Train]:  19%|█▉        | 87/459 [00:08<00:36, 10.05it/s]
Epoch 13/50 [Train]:  19%|█▉        | 89/459 [00:08<00:37,  9.99it/s]
Epoch 13/50 [Train]:  20%|█▉        | 91/459 [00:08<00:36,  9.97it/s]
Epoch 13/50 [Train]:  20%|██        | 93/459 [00:09<00:36,  9.97it/s]
Epoch 13/50 [Train]:  21%|██        | 95/459 [00:09<00:36, 10.07it/s]
Epoch 13/50 [Train]:  21%|██        | 97/459 [00:09<00:35, 10.18it/s]
Epoch 13/50 [Train]:  22%|██▏       | 99/459 [00:09<00:35, 10.19it/s]
Epoch 13/50 [Train]:  22%|██▏       | 101/459 [00:09<00:35, 10.13it/s]
Epoch 13/50 [Train]:  22%|██▏       | 103/459 [00:09<00:34, 10.22it/s]
Epoch 13/50 [Train]:  23%|██▎       | 105/459 [00:10<00:34, 10.30it/s]
Epoch 13/50 [Train]:  23%|██▎       | 107/459 [00:10<00:33, 10.36it/s]
Epoch 13/50 [Train]:  24%|██▎       | 109/459 [00:10<00:33, 10.38it/s]
Epoch 13/50 [Train]:  24%|██▍       | 111/459 [00:10<00:33, 10.36it/s]
Epoch 13/50 [Train]:  25%|██▍       | 113/459 [00:10<00:33, 10.39it/s]
Epoch 13/50 [Train]:  25%|██▌       | 115/459 [00:11<00:33, 10.39it/s]
Epoch 13/50 [Train]:  25%|██▌       | 117/459 [00:11<00:32, 10.48it/s]
Epoch 13/50 [Train]:  26%|██▌       | 119/459 [00:11<00:32, 10.50it/s]
Epoch 13/50 [Train]:  26%|██▋       | 121/459 [00:11<00:32, 10.49it/s]
Epoch 13/50 [Train]:  27%|██▋       | 123/459 [00:11<00:32, 10.46it/s]
Epoch 13/50 [Train]:  27%|██▋       | 125/459 [00:12<00:32, 10.42it/s]
Epoch 13/50 [Train]:  28%|██▊       | 127/459 [00:12<00:31, 10.45it/s]
Epoch 13/50 [Train]:  28%|██▊       | 129/459 [00:12<00:31, 10.50it/s]
Epoch 13/50 [Train]:  29%|██▊       | 131/459 [00:12<00:31, 10.49it/s]
Epoch 13/50 [Train]:  29%|██▉       | 133/459 [00:12<00:31, 10.40it/s]
Epoch 13/50 [Train]:  29%|██▉       | 135/459 [00:13<00:30, 10.47it/s]
Epoch 13/50 [Train]:  30%|██▉       | 137/459 [00:13<00:30, 10.43it/s]
Epoch 13/50 [Train]:  30%|███       | 139/459 [00:13<00:30, 10.46it/s]
Epoch 13/50 [Train]:  31%|███       | 141/459 [00:13<00:30, 10.51it/s]
Epoch 13/50 [Train]:  31%|███       | 143/459 [00:13<00:30, 10.47it/s]
Epoch 13/50 [Train]:  32%|███▏      | 145/459 [00:14<00:30, 10.46it/s]
Epoch 13/50 [Train]:  32%|███▏      | 147/459 [00:14<00:29, 10.42it/s]
Epoch 13/50 [Train]:  32%|███▏      | 149/459 [00:14<00:29, 10.44it/s]
Epoch 13/50 [Train]:  33%|███▎      | 151/459 [00:14<00:29, 10.34it/s]
Epoch 13/50 [Train]:  33%|███▎      | 153/459 [00:14<00:29, 10.39it/s]
Epoch 13/50 [Train]:  34%|███▍      | 155/459 [00:14<00:29, 10.40it/s]
Epoch 13/50 [Train]:  34%|███▍      | 157/459 [00:15<00:28, 10.43it/s]
Epoch 13/50 [Train]:  35%|███▍      | 159/459 [00:15<00:28, 10.43it/s]
Epoch 13/50 [Train]:  35%|███▌      | 161/459 [00:15<00:28, 10.41it/s]
Epoch 13/50 [Train]:  36%|███▌      | 163/459 [00:15<00:28, 10.48it/s]
Epoch 13/50 [Train]:  36%|███▌      | 165/459 [00:15<00:28, 10.41it/s]
Epoch 13/50 [Train]:  36%|███▋      | 167/459 [00:16<00:27, 10.44it/s]
Epoch 13/50 [Train]:  37%|███▋      | 169/459 [00:16<00:27, 10.40it/s]
Epoch 13/50 [Train]:  37%|███▋      | 171/459 [00:16<00:27, 10.42it/s]
Epoch 13/50 [Train]:  38%|███▊      | 173/459 [00:16<00:27, 10.45it/s]
Epoch 13/50 [Train]:  38%|███▊      | 175/459 [00:16<00:27, 10.44it/s]
Epoch 13/50 [Train]:  39%|███▊      | 177/459 [00:17<00:26, 10.47it/s]
Epoch 13/50 [Train]:  39%|███▉      | 179/459 [00:17<00:26, 10.53it/s]
Epoch 13/50 [Train]:  39%|███▉      | 181/459 [00:17<00:26, 10.53it/s]
Epoch 13/50 [Train]:  40%|███▉      | 183/459 [00:17<00:26, 10.48it/s]
Epoch 13/50 [Train]:  40%|████      | 185/459 [00:17<00:26, 10.47it/s]
Epoch 13/50 [Train]:  41%|████      | 187/459 [00:18<00:25, 10.50it/s]
Epoch 13/50 [Train]:  41%|████      | 189/459 [00:18<00:25, 10.47it/s]
Epoch 13/50 [Train]:  42%|████▏     | 191/459 [00:18<00:25, 10.55it/s]
Epoch 13/50 [Train]:  42%|████▏     | 193/459 [00:18<00:25, 10.51it/s]
Epoch 13/50 [Train]:  42%|████▏     | 195/459 [00:18<00:25, 10.50it/s]
Epoch 13/50 [Train]:  43%|████▎     | 197/459 [00:18<00:24, 10.50it/s]
Epoch 13/50 [Train]:  43%|████▎     | 199/459 [00:19<00:24, 10.54it/s]
Epoch 13/50 [Train]:  44%|████▍     | 201/459 [00:19<00:24, 10.54it/s]
Epoch 13/50 [Train]:  44%|████▍     | 203/459 [00:19<00:24, 10.53it/s]
Epoch 13/50 [Train]:  45%|████▍     | 205/459 [00:19<00:24, 10.38it/s]
Epoch 13/50 [Train]:  45%|████▌     | 207/459 [00:19<00:24, 10.38it/s]
Epoch 13/50 [Train]:  46%|████▌     | 209/459 [00:20<00:24, 10.39it/s]
Epoch 13/50 [Train]:  46%|████▌     | 211/459 [00:20<00:23, 10.45it/s]
Epoch 13/50 [Train]:  46%|████▋     | 213/459 [00:20<00:23, 10.50it/s]
Epoch 13/50 [Train]:  47%|████▋     | 215/459 [00:20<00:23, 10.45it/s]
Epoch 13/50 [Train]:  47%|████▋     | 217/459 [00:20<00:23, 10.42it/s]
Epoch 13/50 [Train]:  48%|████▊     | 219/459 [00:21<00:23, 10.37it/s]
Epoch 13/50 [Train]:  48%|████▊     | 221/459 [00:21<00:22, 10.39it/s]
Epoch 13/50 [Train]:  49%|████▊     | 223/459 [00:21<00:22, 10.45it/s]
Epoch 13/50 [Train]:  49%|████▉     | 225/459 [00:21<00:22, 10.40it/s]
Epoch 13/50 [Train]:  49%|████▉     | 227/459 [00:21<00:22, 10.38it/s]
Epoch 13/50 [Train]:  50%|████▉     | 229/459 [00:22<00:22, 10.40it/s]
Epoch 13/50 [Train]:  50%|█████     | 231/459 [00:22<00:21, 10.47it/s]
Epoch 13/50 [Train]:  51%|█████     | 233/459 [00:22<00:21, 10.47it/s]
Epoch 13/50 [Train]:  51%|█████     | 235/459 [00:22<00:21, 10.44it/s]
Epoch 13/50 [Train]:  52%|█████▏    | 237/459 [00:22<00:21, 10.45it/s]
Epoch 13/50 [Train]:  52%|█████▏    | 239/459 [00:23<00:21, 10.45it/s]
Epoch 13/50 [Train]:  53%|█████▎    | 241/459 [00:23<00:20, 10.45it/s]
Epoch 13/50 [Train]:  53%|█████▎    | 243/459 [00:23<00:20, 10.45it/s]
Epoch 13/50 [Train]:  53%|█████▎    | 245/459 [00:23<00:20, 10.45it/s]
Epoch 13/50 [Train]:  54%|█████▍    | 247/459 [00:23<00:20, 10.48it/s]
Epoch 13/50 [Train]:  54%|█████▍    | 249/459 [00:23<00:20, 10.50it/s]
Epoch 13/50 [Train]:  55%|█████▍    | 251/459 [00:24<00:19, 10.49it/s]
Epoch 13/50 [Train]:  55%|█████▌    | 253/459 [00:24<00:19, 10.52it/s]
Epoch 13/50 [Train]:  56%|█████▌    | 255/459 [00:24<00:19, 10.54it/s]
Epoch 13/50 [Train]:  56%|█████▌    | 257/459 [00:24<00:19, 10.43it/s]
Epoch 13/50 [Train]:  56%|█████▋    | 259/459 [00:24<00:19, 10.39it/s]
Epoch 13/50 [Train]:  57%|█████▋    | 261/459 [00:25<00:18, 10.43it/s]
Epoch 13/50 [Train]:  57%|█████▋    | 263/459 [00:25<00:18, 10.42it/s]
Epoch 13/50 [Train]:  58%|█████▊    | 265/459 [00:25<00:18, 10.47it/s]
Epoch 13/50 [Train]:  58%|█████▊    | 267/459 [00:25<00:18, 10.52it/s]
Epoch 13/50 [Train]:  59%|█████▊    | 269/459 [00:25<00:18, 10.45it/s]
Epoch 13/50 [Train]:  59%|█████▉    | 271/459 [00:26<00:17, 10.49it/s]
Epoch 13/50 [Train]:  59%|█████▉    | 273/459 [00:26<00:17, 10.51it/s]
Epoch 13/50 [Train]:  60%|█████▉    | 275/459 [00:26<00:17, 10.50it/s]
Epoch 13/50 [Train]:  60%|██████    | 277/459 [00:26<00:17, 10.48it/s]
Epoch 13/50 [Train]:  61%|██████    | 279/459 [00:26<00:17, 10.41it/s]
Epoch 13/50 [Train]:  61%|██████    | 281/459 [00:27<00:17, 10.38it/s]
Epoch 13/50 [Train]:  62%|██████▏   | 283/459 [00:27<00:16, 10.40it/s]
Epoch 13/50 [Train]:  62%|██████▏   | 285/459 [00:27<00:16, 10.48it/s]
Epoch 13/50 [Train]:  63%|██████▎   | 287/459 [00:27<00:16, 10.52it/s]
Epoch 13/50 [Train]:  63%|██████▎   | 289/459 [00:27<00:16, 10.51it/s]
Epoch 13/50 [Train]:  63%|██████▎   | 291/459 [00:27<00:16, 10.49it/s]
Epoch 13/50 [Train]:  64%|██████▍   | 293/459 [00:28<00:15, 10.51it/s]
Epoch 13/50 [Train]:  64%|██████▍   | 295/459 [00:28<00:15, 10.47it/s]
Epoch 13/50 [Train]:  65%|██████▍   | 297/459 [00:28<00:15, 10.51it/s]
Epoch 13/50 [Train]:  65%|██████▌   | 299/459 [00:28<00:15, 10.51it/s]
Epoch 13/50 [Train]:  66%|██████▌   | 301/459 [00:28<00:15, 10.38it/s]
Epoch 13/50 [Train]:  66%|██████▌   | 303/459 [00:29<00:15, 10.33it/s]
Epoch 13/50 [Train]:  66%|██████▋   | 305/459 [00:29<00:14, 10.32it/s]
Epoch 13/50 [Train]:  67%|██████▋   | 307/459 [00:29<00:14, 10.36it/s]
Epoch 13/50 [Train]:  67%|██████▋   | 309/459 [00:29<00:14, 10.32it/s]
Epoch 13/50 [Train]:  68%|██████▊   | 311/459 [00:29<00:14, 10.38it/s]
Epoch 13/50 [Train]:  68%|██████▊   | 313/459 [00:30<00:13, 10.47it/s]
Epoch 13/50 [Train]:  69%|██████▊   | 315/459 [00:30<00:13, 10.49it/s]
Epoch 13/50 [Train]:  69%|██████▉   | 317/459 [00:30<00:13, 10.51it/s]
Epoch 13/50 [Train]:  69%|██████▉   | 319/459 [00:30<00:13, 10.53it/s]
Epoch 13/50 [Train]:  70%|██████▉   | 321/459 [00:30<00:13, 10.36it/s]
Epoch 13/50 [Train]:  70%|███████   | 323/459 [00:31<00:13, 10.36it/s]
Epoch 13/50 [Train]:  71%|███████   | 325/459 [00:31<00:12, 10.44it/s]
Epoch 13/50 [Train]:  71%|███████   | 327/459 [00:31<00:12, 10.43it/s]
Epoch 13/50 [Train]:  72%|███████▏  | 329/459 [00:31<00:12, 10.38it/s]
Epoch 13/50 [Train]:  72%|███████▏  | 331/459 [00:31<00:12, 10.41it/s]
Epoch 13/50 [Train]:  73%|███████▎  | 333/459 [00:32<00:12, 10.44it/s]
Epoch 13/50 [Train]:  73%|███████▎  | 335/459 [00:32<00:11, 10.44it/s]
Epoch 13/50 [Train]:  73%|███████▎  | 337/459 [00:32<00:11, 10.52it/s]
Epoch 13/50 [Train]:  74%|███████▍  | 339/459 [00:32<00:11, 10.48it/s]
Epoch 13/50 [Train]:  74%|███████▍  | 341/459 [00:32<00:11, 10.55it/s]
Epoch 13/50 [Train]:  75%|███████▍  | 343/459 [00:32<00:11, 10.42it/s]
Epoch 13/50 [Train]:  75%|███████▌  | 345/459 [00:33<00:10, 10.42it/s]
Epoch 13/50 [Train]:  76%|███████▌  | 347/459 [00:33<00:10, 10.44it/s]
Epoch 13/50 [Train]:  76%|███████▌  | 349/459 [00:33<00:10, 10.47it/s]
Epoch 13/50 [Train]:  76%|███████▋  | 351/459 [00:33<00:10, 10.44it/s]
Epoch 13/50 [Train]:  77%|███████▋  | 353/459 [00:33<00:10, 10.38it/s]
Epoch 13/50 [Train]:  77%|███████▋  | 355/459 [00:34<00:09, 10.48it/s]
Epoch 13/50 [Train]:  78%|███████▊  | 357/459 [00:34<00:09, 10.51it/s]
Epoch 13/50 [Train]:  78%|███████▊  | 359/459 [00:34<00:09, 10.49it/s]
Epoch 13/50 [Train]:  79%|███████▊  | 361/459 [00:34<00:09, 10.50it/s]
Epoch 13/50 [Train]:  79%|███████▉  | 363/459 [00:34<00:09, 10.40it/s]
Epoch 13/50 [Train]:  80%|███████▉  | 365/459 [00:35<00:08, 10.46it/s]
Epoch 13/50 [Train]:  80%|███████▉  | 367/459 [00:35<00:08, 10.53it/s]
Epoch 13/50 [Train]:  80%|████████  | 369/459 [00:35<00:08, 10.55it/s]
Epoch 13/50 [Train]:  81%|████████  | 371/459 [00:35<00:08, 10.59it/s]
Epoch 13/50 [Train]:  81%|████████▏ | 373/459 [00:35<00:08, 10.54it/s]
Epoch 13/50 [Train]:  82%|████████▏ | 375/459 [00:36<00:08, 10.48it/s]
Epoch 13/50 [Train]:  82%|████████▏ | 377/459 [00:36<00:07, 10.45it/s]
Epoch 13/50 [Train]:  83%|████████▎ | 379/459 [00:36<00:07, 10.41it/s]
Epoch 13/50 [Train]:  83%|████████▎ | 381/459 [00:36<00:07, 10.50it/s]
Epoch 13/50 [Train]:  83%|████████▎ | 383/459 [00:36<00:07, 10.49it/s]
Epoch 13/50 [Train]:  84%|████████▍ | 385/459 [00:36<00:07, 10.50it/s]
Epoch 13/50 [Train]:  84%|████████▍ | 387/459 [00:37<00:06, 10.51it/s]
Epoch 13/50 [Train]:  85%|████████▍ | 389/459 [00:37<00:06, 10.50it/s]
Epoch 13/50 [Train]:  85%|████████▌ | 391/459 [00:37<00:06, 10.42it/s]
Epoch 13/50 [Train]:  86%|████████▌ | 393/459 [00:37<00:06, 10.45it/s]
Epoch 13/50 [Train]:  86%|████████▌ | 395/459 [00:37<00:06, 10.41it/s]
Epoch 13/50 [Train]:  86%|████████▋ | 397/459 [00:38<00:05, 10.39it/s]
Epoch 13/50 [Train]:  87%|████████▋ | 399/459 [00:38<00:05, 10.35it/s]
Epoch 13/50 [Train]:  87%|████████▋ | 401/459 [00:38<00:05, 10.30it/s]
Epoch 13/50 [Train]:  88%|████████▊ | 403/459 [00:38<00:05, 10.19it/s]
Epoch 13/50 [Train]:  88%|████████▊ | 405/459 [00:38<00:05, 10.14it/s]
Epoch 13/50 [Train]:  89%|████████▊ | 407/459 [00:39<00:05, 10.25it/s]
Epoch 13/50 [Train]:  89%|████████▉ | 409/459 [00:39<00:04, 10.36it/s]
Epoch 13/50 [Train]:  90%|████████▉ | 411/459 [00:39<00:04, 10.43it/s]
Epoch 13/50 [Train]:  90%|████████▉ | 413/459 [00:39<00:04, 10.47it/s]
Epoch 13/50 [Train]:  90%|█████████ | 415/459 [00:39<00:04, 10.44it/s]
Epoch 13/50 [Train]:  91%|█████████ | 417/459 [00:40<00:04, 10.47it/s]
Epoch 13/50 [Train]:  91%|█████████▏| 419/459 [00:40<00:03, 10.44it/s]
Epoch 13/50 [Train]:  92%|█████████▏| 421/459 [00:40<00:03, 10.53it/s]
Epoch 13/50 [Train]:  92%|█████████▏| 423/459 [00:40<00:03, 10.51it/s]
Epoch 13/50 [Train]:  93%|█████████▎| 425/459 [00:40<00:03, 10.42it/s]
Epoch 13/50 [Train]:  93%|█████████▎| 427/459 [00:41<00:03, 10.43it/s]
Epoch 13/50 [Train]:  93%|█████████▎| 429/459 [00:41<00:02, 10.48it/s]
Epoch 13/50 [Train]:  94%|█████████▍| 431/459 [00:41<00:02, 10.54it/s]
Epoch 13/50 [Train]:  94%|█████████▍| 433/459 [00:41<00:02, 10.53it/s]
Epoch 13/50 [Train]:  95%|█████████▍| 435/459 [00:41<00:02, 10.51it/s]
Epoch 13/50 [Train]:  95%|█████████▌| 437/459 [00:41<00:02, 10.53it/s]
Epoch 13/50 [Train]:  96%|█████████▌| 439/459 [00:42<00:01, 10.50it/s]
Epoch 13/50 [Train]:  96%|█████████▌| 441/459 [00:42<00:01, 10.47it/s]
Epoch 13/50 [Train]:  97%|█████████▋| 443/459 [00:42<00:01, 10.46it/s]
Epoch 13/50 [Train]:  97%|█████████▋| 445/459 [00:42<00:01, 10.50it/s]
Epoch 13/50 [Train]:  97%|█████████▋| 447/459 [00:42<00:01, 10.49it/s]
Epoch 13/50 [Train]:  98%|█████████▊| 449/459 [00:43<00:00, 10.50it/s]
Epoch 13/50 [Train]:  98%|█████████▊| 451/459 [00:43<00:00, 10.53it/s]
Epoch 13/50 [Train]:  99%|█████████▊| 453/459 [00:43<00:00, 10.52it/s]
Epoch 13/50 [Train]:  99%|█████████▉| 455/459 [00:43<00:00, 10.55it/s]
Epoch 13/50 [Train]: 100%|█████████▉| 457/459 [00:43<00:00, 10.52it/s]
Epoch 13/50 [Train]: 100%|██████████| 459/459 [00:44<00:00, 10.55it/s]
                                                                      

Epoch 13/50 [Val]:   0%|          | 0/113 [00:00<?, ?it/s]
Epoch 13/50 [Val]:   2%|▏         | 2/113 [00:00<00:07, 14.43it/s]
Epoch 13/50 [Val]:   4%|▎         | 4/113 [00:00<00:07, 14.34it/s]
Epoch 13/50 [Val]:   5%|▌         | 6/113 [00:00<00:07, 14.21it/s]
Epoch 13/50 [Val]:   7%|▋         | 8/113 [00:00<00:07, 14.04it/s]
Epoch 13/50 [Val]:   9%|▉         | 10/113 [00:00<00:07, 14.39it/s]
Epoch 13/50 [Val]:  11%|█         | 12/113 [00:00<00:06, 14.44it/s]
Epoch 13/50 [Val]:  12%|█▏        | 14/113 [00:00<00:06, 14.45it/s]
Epoch 13/50 [Val]:  14%|█▍        | 16/113 [00:01<00:06, 13.86it/s]
Epoch 13/50 [Val]:  16%|█▌        | 18/113 [00:01<00:06, 13.66it/s]
Epoch 13/50 [Val]:  18%|█▊        | 20/113 [00:01<00:06, 13.46it/s]
Epoch 13/50 [Val]:  19%|█▉        | 22/113 [00:01<00:06, 13.26it/s]
Epoch 13/50 [Val]:  21%|██        | 24/113 [00:01<00:06, 13.18it/s]
Epoch 13/50 [Val]:  23%|██▎       | 26/113 [00:01<00:06, 13.22it/s]
Epoch 13/50 [Val]:  25%|██▍       | 28/113 [00:02<00:06, 13.37it/s]
Epoch 13/50 [Val]:  27%|██▋       | 30/113 [00:02<00:06, 13.58it/s]
Epoch 13/50 [Val]:  28%|██▊       | 32/113 [00:02<00:05, 13.75it/s]
Epoch 13/50 [Val]:  30%|███       | 34/113 [00:02<00:05, 13.79it/s]
Epoch 13/50 [Val]:  32%|███▏      | 36/113 [00:02<00:05, 14.11it/s]
Epoch 13/50 [Val]:  34%|███▎      | 38/113 [00:02<00:05, 14.29it/s]
Epoch 13/50 [Val]:  35%|███▌      | 40/113 [00:02<00:05, 14.32it/s]
Epoch 13/50 [Val]:  37%|███▋      | 42/113 [00:03<00:04, 14.37it/s]
Epoch 13/50 [Val]:  39%|███▉      | 44/113 [00:03<00:04, 14.40it/s]
Epoch 13/50 [Val]:  41%|████      | 46/113 [00:03<00:04, 14.24it/s]
Epoch 13/50 [Val]:  42%|████▏     | 48/113 [00:03<00:04, 14.32it/s]
Epoch 13/50 [Val]:  44%|████▍     | 50/113 [00:03<00:04, 14.39it/s]
Epoch 13/50 [Val]:  46%|████▌     | 52/113 [00:03<00:04, 14.39it/s]
Epoch 13/50 [Val]:  48%|████▊     | 54/113 [00:03<00:04, 14.33it/s]
Epoch 13/50 [Val]:  50%|████▉     | 56/113 [00:03<00:03, 14.43it/s]
Epoch 13/50 [Val]:  51%|█████▏    | 58/113 [00:04<00:03, 14.02it/s]
Epoch 13/50 [Val]:  53%|█████▎    | 60/113 [00:04<00:03, 14.37it/s]
Epoch 13/50 [Val]:  55%|█████▍    | 62/113 [00:04<00:03, 14.45it/s]
Epoch 13/50 [Val]:  57%|█████▋    | 64/113 [00:04<00:03, 14.35it/s]
Epoch 13/50 [Val]:  58%|█████▊    | 66/113 [00:04<00:03, 14.15it/s]
Epoch 13/50 [Val]:  60%|██████    | 68/113 [00:04<00:03, 14.06it/s]
Epoch 13/50 [Val]:  62%|██████▏   | 70/113 [00:04<00:03, 14.26it/s]
Epoch 13/50 [Val]:  64%|██████▎   | 72/113 [00:05<00:02, 14.38it/s]
Epoch 13/50 [Val]:  65%|██████▌   | 74/113 [00:05<00:02, 14.58it/s]
Epoch 13/50 [Val]:  67%|██████▋   | 76/113 [00:05<00:02, 14.64it/s]
Epoch 13/50 [Val]:  69%|██████▉   | 78/113 [00:05<00:02, 14.15it/s]
Epoch 13/50 [Val]:  71%|███████   | 80/113 [00:05<00:02, 14.19it/s]
Epoch 13/50 [Val]:  73%|███████▎  | 82/113 [00:05<00:02, 14.16it/s]
Epoch 13/50 [Val]:  74%|███████▍  | 84/113 [00:05<00:02, 14.13it/s]
Epoch 13/50 [Val]:  76%|███████▌  | 86/113 [00:06<00:01, 14.20it/s]
Epoch 13/50 [Val]:  78%|███████▊  | 88/113 [00:06<00:01, 14.14it/s]
Epoch 13/50 [Val]:  80%|███████▉  | 90/113 [00:06<00:01, 14.46it/s]
Epoch 13/50 [Val]:  81%|████████▏ | 92/113 [00:06<00:01, 14.59it/s]
Epoch 13/50 [Val]:  83%|████████▎ | 94/113 [00:06<00:01, 14.71it/s]
Epoch 13/50 [Val]:  85%|████████▍ | 96/113 [00:06<00:01, 14.66it/s]
Epoch 13/50 [Val]:  87%|████████▋ | 98/113 [00:06<00:01, 14.66it/s]
Epoch 13/50 [Val]:  88%|████████▊ | 100/113 [00:07<00:00, 14.60it/s]
Epoch 13/50 [Val]:  90%|█████████ | 102/113 [00:07<00:00, 14.30it/s]
Epoch 13/50 [Val]:  92%|█████████▏| 104/113 [00:07<00:00, 14.55it/s]
Epoch 13/50 [Val]:  94%|█████████▍| 106/113 [00:07<00:00, 14.64it/s]
Epoch 13/50 [Val]:  96%|█████████▌| 108/113 [00:07<00:00, 14.71it/s]
Epoch 13/50 [Val]:  97%|█████████▋| 110/113 [00:07<00:00, 14.69it/s]
Epoch 13/50 [Val]:  99%|█████████▉| 112/113 [00:07<00:00, 14.60it/s]
                                                                    

Epoch 14/50 [Train]:   0%|          | 0/459 [00:00<?, ?it/s]
Epoch 14/50 [Train]:   0%|          | 2/459 [00:00<00:44, 10.17it/s]
Epoch 14/50 [Train]:   1%|          | 4/459 [00:00<00:44, 10.31it/s]
Epoch 14/50 [Train]:   1%|▏         | 6/459 [00:00<00:43, 10.37it/s]
Epoch 14/50 [Train]:   2%|▏         | 8/459 [00:00<00:43, 10.47it/s]
Epoch 14/50 [Train]:   2%|▏         | 10/459 [00:00<00:42, 10.45it/s]
Epoch 14/50 [Train]:   3%|▎         | 12/459 [00:01<00:42, 10.55it/s]
Epoch 14/50 [Train]:   3%|▎         | 14/459 [00:01<00:41, 10.61it/s]
Epoch 14/50 [Train]:   3%|▎         | 16/459 [00:01<00:42, 10.55it/s]
Epoch 14/50 [Train]:   4%|▍         | 18/459 [00:01<00:41, 10.55it/s]
Epoch 14/50 [Train]:   4%|▍         | 20/459 [00:01<00:41, 10.48it/s]
Epoch 14/50 [Train]:   5%|▍         | 22/459 [00:02<00:41, 10.52it/s]
Epoch 14/50 [Train]:   5%|▌         | 24/459 [00:02<00:41, 10.53it/s]
Epoch 14/50 [Train]:   6%|▌         | 26/459 [00:02<00:40, 10.58it/s]
Epoch 14/50 [Train]:   6%|▌         | 28/459 [00:02<00:41, 10.40it/s]
Epoch 14/50 [Train]:   7%|▋         | 30/459 [00:02<00:41, 10.37it/s]
Epoch 14/50 [Train]:   7%|▋         | 32/459 [00:03<00:40, 10.42it/s]
Epoch 14/50 [Train]:   7%|▋         | 34/459 [00:03<00:40, 10.47it/s]
Epoch 14/50 [Train]:   8%|▊         | 36/459 [00:03<00:40, 10.56it/s]
Epoch 14/50 [Train]:   8%|▊         | 38/459 [00:03<00:39, 10.54it/s]
Epoch 14/50 [Train]:   9%|▊         | 40/459 [00:03<00:39, 10.49it/s]
Epoch 14/50 [Train]:   9%|▉         | 42/459 [00:04<00:39, 10.48it/s]
Epoch 14/50 [Train]:  10%|▉         | 44/459 [00:04<00:39, 10.54it/s]
Epoch 14/50 [Train]:  10%|█         | 46/459 [00:04<00:39, 10.52it/s]
Epoch 14/50 [Train]:  10%|█         | 48/459 [00:04<00:39, 10.47it/s]
Epoch 14/50 [Train]:  11%|█         | 50/459 [00:04<00:39, 10.48it/s]
Epoch 14/50 [Train]:  11%|█▏        | 52/459 [00:04<00:39, 10.42it/s]
Epoch 14/50 [Train]:  12%|█▏        | 54/459 [00:05<00:38, 10.45it/s]
Epoch 14/50 [Train]:  12%|█▏        | 56/459 [00:05<00:38, 10.45it/s]
Epoch 14/50 [Train]:  13%|█▎        | 58/459 [00:05<00:38, 10.51it/s]
Epoch 14/50 [Train]:  13%|█▎        | 60/459 [00:05<00:37, 10.57it/s]
Epoch 14/50 [Train]:  14%|█▎        | 62/459 [00:05<00:37, 10.55it/s]
Epoch 14/50 [Train]:  14%|█▍        | 64/459 [00:06<00:37, 10.51it/s]
Epoch 14/50 [Train]:  14%|█▍        | 66/459 [00:06<00:37, 10.52it/s]
Epoch 14/50 [Train]:  15%|█▍        | 68/459 [00:06<00:37, 10.45it/s]
Epoch 14/50 [Train]:  15%|█▌        | 70/459 [00:06<00:37, 10.50it/s]
Epoch 14/50 [Train]:  16%|█▌        | 72/459 [00:06<00:36, 10.47it/s]
Epoch 14/50 [Train]:  16%|█▌        | 74/459 [00:07<00:36, 10.44it/s]
Epoch 14/50 [Train]:  17%|█▋        | 76/459 [00:07<00:36, 10.45it/s]
Epoch 14/50 [Train]:  17%|█▋        | 78/459 [00:07<00:36, 10.45it/s]
Epoch 14/50 [Train]:  17%|█▋        | 80/459 [00:07<00:36, 10.48it/s]
Epoch 14/50 [Train]:  18%|█▊        | 82/459 [00:07<00:35, 10.49it/s]
Epoch 14/50 [Train]:  18%|█▊        | 84/459 [00:08<00:35, 10.50it/s]
Epoch 14/50 [Train]:  19%|█▊        | 86/459 [00:08<00:36, 10.35it/s]
Epoch 14/50 [Train]:  19%|█▉        | 88/459 [00:08<00:35, 10.34it/s]
Epoch 14/50 [Train]:  20%|█▉        | 90/459 [00:08<00:35, 10.29it/s]
Epoch 14/50 [Train]:  20%|██        | 92/459 [00:08<00:36, 10.12it/s]
Epoch 14/50 [Train]:  20%|██        | 94/459 [00:09<00:36, 10.12it/s]
Epoch 14/50 [Train]:  21%|██        | 96/459 [00:09<00:35, 10.27it/s]
Epoch 14/50 [Train]:  21%|██▏       | 98/459 [00:09<00:34, 10.34it/s]
Epoch 14/50 [Train]:  22%|██▏       | 100/459 [00:09<00:34, 10.39it/s]
Epoch 14/50 [Train]:  22%|██▏       | 102/459 [00:09<00:34, 10.37it/s]
Epoch 14/50 [Train]:  23%|██▎       | 104/459 [00:09<00:34, 10.27it/s]
Epoch 14/50 [Train]:  23%|██▎       | 106/459 [00:10<00:34, 10.35it/s]
Epoch 14/50 [Train]:  24%|██▎       | 108/459 [00:10<00:33, 10.43it/s]
Epoch 14/50 [Train]:  24%|██▍       | 110/459 [00:10<00:33, 10.39it/s]
Epoch 14/50 [Train]:  24%|██▍       | 112/459 [00:10<00:33, 10.46it/s]
Epoch 14/50 [Train]:  25%|██▍       | 114/459 [00:10<00:33, 10.30it/s]
Epoch 14/50 [Train]:  25%|██▌       | 116/459 [00:11<00:33, 10.35it/s]
Epoch 14/50 [Train]:  26%|██▌       | 118/459 [00:11<00:32, 10.42it/s]
Epoch 14/50 [Train]:  26%|██▌       | 120/459 [00:11<00:32, 10.47it/s]
Epoch 14/50 [Train]:  27%|██▋       | 122/459 [00:11<00:32, 10.49it/s]
Epoch 14/50 [Train]:  27%|██▋       | 124/459 [00:11<00:32, 10.42it/s]
Epoch 14/50 [Train]:  27%|██▋       | 126/459 [00:12<00:31, 10.45it/s]
Epoch 14/50 [Train]:  28%|██▊       | 128/459 [00:12<00:31, 10.50it/s]
Epoch 14/50 [Train]:  28%|██▊       | 130/459 [00:12<00:31, 10.54it/s]
Epoch 14/50 [Train]:  29%|██▉       | 132/459 [00:12<00:31, 10.52it/s]
Epoch 14/50 [Train]:  29%|██▉       | 134/459 [00:12<00:30, 10.52it/s]
Epoch 14/50 [Train]:  30%|██▉       | 136/459 [00:13<00:30, 10.50it/s]
Epoch 14/50 [Train]:  30%|███       | 138/459 [00:13<00:30, 10.55it/s]
Epoch 14/50 [Train]:  31%|███       | 140/459 [00:13<00:30, 10.48it/s]
Epoch 14/50 [Train]:  31%|███       | 142/459 [00:13<00:30, 10.52it/s]
Epoch 14/50 [Train]:  31%|███▏      | 144/459 [00:13<00:29, 10.53it/s]
Epoch 14/50 [Train]:  32%|███▏      | 146/459 [00:13<00:29, 10.44it/s]
Epoch 14/50 [Train]:  32%|███▏      | 148/459 [00:14<00:29, 10.42it/s]
Epoch 14/50 [Train]:  33%|███▎      | 150/459 [00:14<00:29, 10.45it/s]
Epoch 14/50 [Train]:  33%|███▎      | 152/459 [00:14<00:29, 10.50it/s]
Epoch 14/50 [Train]:  34%|███▎      | 154/459 [00:14<00:29, 10.43it/s]
Epoch 14/50 [Train]:  34%|███▍      | 156/459 [00:14<00:29, 10.44it/s]
Epoch 14/50 [Train]:  34%|███▍      | 158/459 [00:15<00:28, 10.50it/s]
Epoch 14/50 [Train]:  35%|███▍      | 160/459 [00:15<00:28, 10.53it/s]
Epoch 14/50 [Train]:  35%|███▌      | 162/459 [00:15<00:28, 10.56it/s]
Epoch 14/50 [Train]:  36%|███▌      | 164/459 [00:15<00:28, 10.39it/s]
Epoch 14/50 [Train]:  36%|███▌      | 166/459 [00:15<00:28, 10.41it/s]
Epoch 14/50 [Train]:  37%|███▋      | 168/459 [00:16<00:27, 10.42it/s]
Epoch 14/50 [Train]:  37%|███▋      | 170/459 [00:16<00:27, 10.40it/s]
Epoch 14/50 [Train]:  37%|███▋      | 172/459 [00:16<00:27, 10.42it/s]
Epoch 14/50 [Train]:  38%|███▊      | 174/459 [00:16<00:27, 10.43it/s]
Epoch 14/50 [Train]:  38%|███▊      | 176/459 [00:16<00:27, 10.37it/s]
Epoch 14/50 [Train]:  39%|███▉      | 178/459 [00:17<00:27, 10.35it/s]
Epoch 14/50 [Train]:  39%|███▉      | 180/459 [00:17<00:26, 10.43it/s]
Epoch 14/50 [Train]:  40%|███▉      | 182/459 [00:17<00:26, 10.50it/s]
Epoch 14/50 [Train]:  40%|████      | 184/459 [00:17<00:26, 10.47it/s]
Epoch 14/50 [Train]:  41%|████      | 186/459 [00:17<00:26, 10.48it/s]
Epoch 14/50 [Train]:  41%|████      | 188/459 [00:17<00:25, 10.43it/s]
Epoch 14/50 [Train]:  41%|████▏     | 190/459 [00:18<00:25, 10.46it/s]
Epoch 14/50 [Train]:  42%|████▏     | 192/459 [00:18<00:25, 10.38it/s]
Epoch 14/50 [Train]:  42%|████▏     | 194/459 [00:18<00:25, 10.38it/s]
Epoch 14/50 [Train]:  43%|████▎     | 196/459 [00:18<00:25, 10.37it/s]
Epoch 14/50 [Train]:  43%|████▎     | 198/459 [00:18<00:25, 10.32it/s]
Epoch 14/50 [Train]:  44%|████▎     | 200/459 [00:19<00:24, 10.37it/s]
Epoch 14/50 [Train]:  44%|████▍     | 202/459 [00:19<00:24, 10.40it/s]
Epoch 14/50 [Train]:  44%|████▍     | 204/459 [00:19<00:24, 10.43it/s]
Epoch 14/50 [Train]:  45%|████▍     | 206/459 [00:19<00:24, 10.47it/s]
Epoch 14/50 [Train]:  45%|████▌     | 208/459 [00:19<00:24, 10.46it/s]
Epoch 14/50 [Train]:  46%|████▌     | 210/459 [00:20<00:23, 10.46it/s]
Epoch 14/50 [Train]:  46%|████▌     | 212/459 [00:20<00:23, 10.36it/s]
Epoch 14/50 [Train]:  47%|████▋     | 214/459 [00:20<00:23, 10.44it/s]
Epoch 14/50 [Train]:  47%|████▋     | 216/459 [00:20<00:23, 10.43it/s]
Epoch 14/50 [Train]:  47%|████▋     | 218/459 [00:20<00:23, 10.27it/s]
Epoch 14/50 [Train]:  48%|████▊     | 220/459 [00:21<00:23, 10.28it/s]
Epoch 14/50 [Train]:  48%|████▊     | 222/459 [00:21<00:22, 10.35it/s]
Epoch 14/50 [Train]:  49%|████▉     | 224/459 [00:21<00:22, 10.29it/s]
Epoch 14/50 [Train]:  49%|████▉     | 226/459 [00:21<00:22, 10.21it/s]
Epoch 14/50 [Train]:  50%|████▉     | 228/459 [00:21<00:22, 10.19it/s]
Epoch 14/50 [Train]:  50%|█████     | 230/459 [00:22<00:22, 10.31it/s]
Epoch 14/50 [Train]:  51%|█████     | 232/459 [00:22<00:22, 10.30it/s]
Epoch 14/50 [Train]:  51%|█████     | 234/459 [00:22<00:21, 10.26it/s]
Epoch 14/50 [Train]:  51%|█████▏    | 236/459 [00:22<00:21, 10.33it/s]
Epoch 14/50 [Train]:  52%|█████▏    | 238/459 [00:22<00:21, 10.35it/s]
Epoch 14/50 [Train]:  52%|█████▏    | 240/459 [00:23<00:21, 10.15it/s]
Epoch 14/50 [Train]:  53%|█████▎    | 242/459 [00:23<00:21, 10.20it/s]
Epoch 14/50 [Train]:  53%|█████▎    | 244/459 [00:23<00:21, 10.20it/s]
Epoch 14/50 [Train]:  54%|█████▎    | 246/459 [00:23<00:20, 10.29it/s]
Epoch 14/50 [Train]:  54%|█████▍    | 248/459 [00:23<00:20, 10.34it/s]
Epoch 14/50 [Train]:  54%|█████▍    | 250/459 [00:23<00:20, 10.38it/s]
Epoch 14/50 [Train]:  55%|█████▍    | 252/459 [00:24<00:19, 10.38it/s]
Epoch 14/50 [Train]:  55%|█████▌    | 254/459 [00:24<00:19, 10.34it/s]
Epoch 14/50 [Train]:  56%|█████▌    | 256/459 [00:24<00:19, 10.40it/s]
Epoch 14/50 [Train]:  56%|█████▌    | 258/459 [00:24<00:19, 10.31it/s]
Epoch 14/50 [Train]:  57%|█████▋    | 260/459 [00:24<00:19, 10.26it/s]
Epoch 14/50 [Train]:  57%|█████▋    | 262/459 [00:25<00:19, 10.21it/s]
Epoch 14/50 [Train]:  58%|█████▊    | 264/459 [00:25<00:18, 10.32it/s]
Epoch 14/50 [Train]:  58%|█████▊    | 266/459 [00:25<00:18, 10.32it/s]
Epoch 14/50 [Train]:  58%|█████▊    | 268/459 [00:25<00:18, 10.33it/s]
Epoch 14/50 [Train]:  59%|█████▉    | 270/459 [00:25<00:18, 10.36it/s]
Epoch 14/50 [Train]:  59%|█████▉    | 272/459 [00:26<00:17, 10.41it/s]
Epoch 14/50 [Train]:  60%|█████▉    | 274/459 [00:26<00:18, 10.25it/s]
Epoch 14/50 [Train]:  60%|██████    | 276/459 [00:26<00:17, 10.23it/s]
Epoch 14/50 [Train]:  61%|██████    | 278/459 [00:26<00:17, 10.20it/s]
Epoch 14/50 [Train]:  61%|██████    | 280/459 [00:26<00:17, 10.14it/s]
Epoch 14/50 [Train]:  61%|██████▏   | 282/459 [00:27<00:17, 10.19it/s]
Epoch 14/50 [Train]:  62%|██████▏   | 284/459 [00:27<00:17, 10.20it/s]
Epoch 14/50 [Train]:  62%|██████▏   | 286/459 [00:27<00:16, 10.23it/s]
Epoch 14/50 [Train]:  63%|██████▎   | 288/459 [00:27<00:16, 10.32it/s]
Epoch 14/50 [Train]:  63%|██████▎   | 290/459 [00:27<00:16, 10.21it/s]
Epoch 14/50 [Train]:  64%|██████▎   | 292/459 [00:28<00:16, 10.32it/s]
Epoch 14/50 [Train]:  64%|██████▍   | 294/459 [00:28<00:16, 10.25it/s]
Epoch 14/50 [Train]:  64%|██████▍   | 296/459 [00:28<00:15, 10.27it/s]
Epoch 14/50 [Train]:  65%|██████▍   | 298/459 [00:28<00:15, 10.29it/s]
Epoch 14/50 [Train]:  65%|██████▌   | 300/459 [00:28<00:15, 10.20it/s]
Epoch 14/50 [Train]:  66%|██████▌   | 302/459 [00:29<00:15, 10.12it/s]
Epoch 14/50 [Train]:  66%|██████▌   | 304/459 [00:29<00:15, 10.18it/s]
Epoch 14/50 [Train]:  67%|██████▋   | 306/459 [00:29<00:15, 10.19it/s]
Epoch 14/50 [Train]:  67%|██████▋   | 308/459 [00:29<00:14, 10.23it/s]
Epoch 14/50 [Train]:  68%|██████▊   | 310/459 [00:29<00:14, 10.28it/s]
Epoch 14/50 [Train]:  68%|██████▊   | 312/459 [00:30<00:14, 10.22it/s]
Epoch 14/50 [Train]:  68%|██████▊   | 314/459 [00:30<00:14, 10.34it/s]
Epoch 14/50 [Train]:  69%|██████▉   | 316/459 [00:30<00:13, 10.41it/s]
Epoch 14/50 [Train]:  69%|██████▉   | 318/459 [00:30<00:13, 10.40it/s]
Epoch 14/50 [Train]:  70%|██████▉   | 320/459 [00:30<00:13, 10.40it/s]
Epoch 14/50 [Train]:  70%|███████   | 322/459 [00:31<00:13, 10.36it/s]
Epoch 14/50 [Train]:  71%|███████   | 324/459 [00:31<00:12, 10.39it/s]
Epoch 14/50 [Train]:  71%|███████   | 326/459 [00:31<00:12, 10.42it/s]
Epoch 14/50 [Train]:  71%|███████▏  | 328/459 [00:31<00:12, 10.47it/s]
Epoch 14/50 [Train]:  72%|███████▏  | 330/459 [00:31<00:12, 10.52it/s]
Epoch 14/50 [Train]:  72%|███████▏  | 332/459 [00:31<00:12, 10.51it/s]
Epoch 14/50 [Train]:  73%|███████▎  | 334/459 [00:32<00:11, 10.50it/s]
Epoch 14/50 [Train]:  73%|███████▎  | 336/459 [00:32<00:11, 10.49it/s]
Epoch 14/50 [Train]:  74%|███████▎  | 338/459 [00:32<00:11, 10.47it/s]
Epoch 14/50 [Train]:  74%|███████▍  | 340/459 [00:32<00:11, 10.42it/s]
Epoch 14/50 [Train]:  75%|███████▍  | 342/459 [00:32<00:11, 10.37it/s]
Epoch 14/50 [Train]:  75%|███████▍  | 344/459 [00:33<00:11, 10.33it/s]
Epoch 14/50 [Train]:  75%|███████▌  | 346/459 [00:33<00:11, 10.22it/s]
Epoch 14/50 [Train]:  76%|███████▌  | 348/459 [00:33<00:10, 10.30it/s]
Epoch 14/50 [Train]:  76%|███████▋  | 350/459 [00:33<00:10, 10.38it/s]
Epoch 14/50 [Train]:  77%|███████▋  | 352/459 [00:33<00:10, 10.35it/s]
Epoch 14/50 [Train]:  77%|███████▋  | 354/459 [00:34<00:10, 10.40it/s]
Epoch 14/50 [Train]:  78%|███████▊  | 356/459 [00:34<00:09, 10.34it/s]
Epoch 14/50 [Train]:  78%|███████▊  | 358/459 [00:34<00:09, 10.40it/s]
Epoch 14/50 [Train]:  78%|███████▊  | 360/459 [00:34<00:09, 10.37it/s]
Epoch 14/50 [Train]:  79%|███████▉  | 362/459 [00:34<00:09, 10.36it/s]
Epoch 14/50 [Train]:  79%|███████▉  | 364/459 [00:35<00:09, 10.29it/s]
Epoch 14/50 [Train]:  80%|███████▉  | 366/459 [00:35<00:09, 10.33it/s]
Epoch 14/50 [Train]:  80%|████████  | 368/459 [00:35<00:08, 10.31it/s]
Epoch 14/50 [Train]:  81%|████████  | 370/459 [00:35<00:08, 10.34it/s]
Epoch 14/50 [Train]:  81%|████████  | 372/459 [00:35<00:08, 10.43it/s]
Epoch 14/50 [Train]:  81%|████████▏ | 374/459 [00:36<00:08, 10.48it/s]
Epoch 14/50 [Train]:  82%|████████▏ | 376/459 [00:36<00:07, 10.47it/s]
Epoch 14/50 [Train]:  82%|████████▏ | 378/459 [00:36<00:07, 10.42it/s]
Epoch 14/50 [Train]:  83%|████████▎ | 380/459 [00:36<00:07, 10.46it/s]
Epoch 14/50 [Train]:  83%|████████▎ | 382/459 [00:36<00:07, 10.50it/s]
Epoch 14/50 [Train]:  84%|████████▎ | 384/459 [00:36<00:07, 10.49it/s]
Epoch 14/50 [Train]:  84%|████████▍ | 386/459 [00:37<00:06, 10.44it/s]
Epoch 14/50 [Train]:  85%|████████▍ | 388/459 [00:37<00:06, 10.44it/s]
Epoch 14/50 [Train]:  85%|████████▍ | 390/459 [00:37<00:06, 10.48it/s]
Epoch 14/50 [Train]:  85%|████████▌ | 392/459 [00:37<00:06, 10.46it/s]
Epoch 14/50 [Train]:  86%|████████▌ | 394/459 [00:37<00:06, 10.41it/s]
Epoch 14/50 [Train]:  86%|████████▋ | 396/459 [00:38<00:06, 10.43it/s]
Epoch 14/50 [Train]:  87%|████████▋ | 398/459 [00:38<00:05, 10.42it/s]
Epoch 14/50 [Train]:  87%|████████▋ | 400/459 [00:38<00:05, 10.34it/s]
Epoch 14/50 [Train]:  88%|████████▊ | 402/459 [00:38<00:05, 10.26it/s]
Epoch 14/50 [Train]:  88%|████████▊ | 404/459 [00:38<00:05, 10.22it/s]
Epoch 14/50 [Train]:  88%|████████▊ | 406/459 [00:39<00:05, 10.33it/s]
Epoch 14/50 [Train]:  89%|████████▉ | 408/459 [00:39<00:04, 10.35it/s]
Epoch 14/50 [Train]:  89%|████████▉ | 410/459 [00:39<00:04, 10.36it/s]
Epoch 14/50 [Train]:  90%|████████▉ | 412/459 [00:39<00:04, 10.32it/s]
Epoch 14/50 [Train]:  90%|█████████ | 414/459 [00:39<00:04, 10.26it/s]
Epoch 14/50 [Train]:  91%|█████████ | 416/459 [00:40<00:04, 10.31it/s]
Epoch 14/50 [Train]:  91%|█████████ | 418/459 [00:40<00:03, 10.43it/s]
Epoch 14/50 [Train]:  92%|█████████▏| 420/459 [00:40<00:03, 10.43it/s]
Epoch 14/50 [Train]:  92%|█████████▏| 422/459 [00:40<00:03, 10.37it/s]
Epoch 14/50 [Train]:  92%|█████████▏| 424/459 [00:40<00:03, 10.38it/s]
Epoch 14/50 [Train]:  93%|█████████▎| 426/459 [00:41<00:03, 10.44it/s]
Epoch 14/50 [Train]:  93%|█████████▎| 428/459 [00:41<00:02, 10.43it/s]
Epoch 14/50 [Train]:  94%|█████████▎| 430/459 [00:41<00:02, 10.42it/s]
Epoch 14/50 [Train]:  94%|█████████▍| 432/459 [00:41<00:02, 10.41it/s]
Epoch 14/50 [Train]:  95%|█████████▍| 434/459 [00:41<00:02, 10.31it/s]
Epoch 14/50 [Train]:  95%|█████████▍| 436/459 [00:41<00:02, 10.24it/s]
Epoch 14/50 [Train]:  95%|█████████▌| 438/459 [00:42<00:02, 10.13it/s]
Epoch 14/50 [Train]:  96%|█████████▌| 440/459 [00:42<00:01, 10.26it/s]
Epoch 14/50 [Train]:  96%|█████████▋| 442/459 [00:42<00:01, 10.24it/s]
Epoch 14/50 [Train]:  97%|█████████▋| 444/459 [00:42<00:01, 10.25it/s]
Epoch 14/50 [Train]:  97%|█████████▋| 446/459 [00:42<00:01, 10.25it/s]
Epoch 14/50 [Train]:  98%|█████████▊| 448/459 [00:43<00:01, 10.23it/s]
Epoch 14/50 [Train]:  98%|█████████▊| 450/459 [00:43<00:00, 10.33it/s]
Epoch 14/50 [Train]:  98%|█████████▊| 452/459 [00:43<00:00, 10.39it/s]
Epoch 14/50 [Train]:  99%|█████████▉| 454/459 [00:43<00:00, 10.41it/s]
Epoch 14/50 [Train]:  99%|█████████▉| 456/459 [00:43<00:00, 10.28it/s]
Epoch 14/50 [Train]: 100%|█████████▉| 458/459 [00:44<00:00, 10.31it/s]
                                                                      

Epoch 14/50 [Val]:   0%|          | 0/113 [00:00<?, ?it/s]
Epoch 14/50 [Val]:   2%|▏         | 2/113 [00:00<00:08, 13.51it/s]
Epoch 14/50 [Val]:   4%|▎         | 4/113 [00:00<00:07, 14.06it/s]
Epoch 14/50 [Val]:   5%|▌         | 6/113 [00:00<00:07, 14.10it/s]
Epoch 14/50 [Val]:   7%|▋         | 8/113 [00:00<00:07, 14.17it/s]
Epoch 14/50 [Val]:   9%|▉         | 10/113 [00:00<00:07, 14.14it/s]
Epoch 14/50 [Val]:  11%|█         | 12/113 [00:00<00:07, 14.13it/s]
Epoch 14/50 [Val]:  12%|█▏        | 14/113 [00:00<00:06, 14.19it/s]
Epoch 14/50 [Val]:  14%|█▍        | 16/113 [00:01<00:07, 13.66it/s]
Epoch 14/50 [Val]:  16%|█▌        | 18/113 [00:01<00:07, 13.44it/s]
Epoch 14/50 [Val]:  18%|█▊        | 20/113 [00:01<00:07, 13.26it/s]
Epoch 14/50 [Val]:  19%|█▉        | 22/113 [00:01<00:06, 13.09it/s]
Epoch 14/50 [Val]:  21%|██        | 24/113 [00:01<00:06, 13.00it/s]
Epoch 14/50 [Val]:  23%|██▎       | 26/113 [00:01<00:06, 12.90it/s]
Epoch 14/50 [Val]:  25%|██▍       | 28/113 [00:02<00:06, 13.04it/s]
Epoch 14/50 [Val]:  27%|██▋       | 30/113 [00:02<00:06, 13.18it/s]
Epoch 14/50 [Val]:  28%|██▊       | 32/113 [00:02<00:06, 13.30it/s]
Epoch 14/50 [Val]:  30%|███       | 34/113 [00:02<00:05, 13.44it/s]
Epoch 14/50 [Val]:  32%|███▏      | 36/113 [00:02<00:05, 13.59it/s]
Epoch 14/50 [Val]:  34%|███▎      | 38/113 [00:02<00:05, 13.93it/s]
Epoch 14/50 [Val]:  35%|███▌      | 40/113 [00:02<00:05, 14.11it/s]
Epoch 14/50 [Val]:  37%|███▋      | 42/113 [00:03<00:04, 14.25it/s]
Epoch 14/50 [Val]:  39%|███▉      | 44/113 [00:03<00:04, 14.15it/s]
Epoch 14/50 [Val]:  41%|████      | 46/113 [00:03<00:04, 13.86it/s]
Epoch 14/50 [Val]:  42%|████▏     | 48/113 [00:03<00:04, 13.86it/s]
Epoch 14/50 [Val]:  44%|████▍     | 50/113 [00:03<00:04, 13.83it/s]
Epoch 14/50 [Val]:  46%|████▌     | 52/113 [00:03<00:04, 14.09it/s]
Epoch 14/50 [Val]:  48%|████▊     | 54/113 [00:03<00:04, 14.22it/s]
Epoch 14/50 [Val]:  50%|████▉     | 56/113 [00:04<00:03, 14.36it/s]
Epoch 14/50 [Val]:  51%|█████▏    | 58/113 [00:04<00:03, 14.08it/s]
Epoch 14/50 [Val]:  53%|█████▎    | 60/113 [00:04<00:03, 14.09it/s]
Epoch 14/50 [Val]:  55%|█████▍    | 62/113 [00:04<00:03, 14.10it/s]
Epoch 14/50 [Val]:  57%|█████▋    | 64/113 [00:04<00:03, 14.11it/s]
Epoch 14/50 [Val]:  58%|█████▊    | 66/113 [00:04<00:03, 13.97it/s]
Epoch 14/50 [Val]:  60%|██████    | 68/113 [00:04<00:03, 13.72it/s]
Epoch 14/50 [Val]:  62%|██████▏   | 70/113 [00:05<00:03, 13.93it/s]
Epoch 14/50 [Val]:  64%|██████▎   | 72/113 [00:05<00:02, 14.15it/s]
Epoch 14/50 [Val]:  65%|██████▌   | 74/113 [00:05<00:02, 14.12it/s]
Epoch 14/50 [Val]:  67%|██████▋   | 76/113 [00:05<00:02, 14.32it/s]
Epoch 14/50 [Val]:  69%|██████▉   | 78/113 [00:05<00:02, 14.30it/s]
Epoch 14/50 [Val]:  71%|███████   | 80/113 [00:05<00:02, 14.07it/s]
Epoch 14/50 [Val]:  73%|███████▎  | 82/113 [00:05<00:02, 14.16it/s]
Epoch 14/50 [Val]:  74%|███████▍  | 84/113 [00:06<00:02, 14.29it/s]
Epoch 14/50 [Val]:  76%|███████▌  | 86/113 [00:06<00:01, 14.38it/s]
Epoch 14/50 [Val]:  78%|███████▊  | 88/113 [00:06<00:01, 14.38it/s]
Epoch 14/50 [Val]:  80%|███████▉  | 90/113 [00:06<00:01, 14.54it/s]
Epoch 14/50 [Val]:  81%|████████▏ | 92/113 [00:06<00:01, 14.43it/s]
Epoch 14/50 [Val]:  83%|████████▎ | 94/113 [00:06<00:01, 14.35it/s]
Epoch 14/50 [Val]:  85%|████████▍ | 96/113 [00:06<00:01, 14.54it/s]
Epoch 14/50 [Val]:  87%|████████▋ | 98/113 [00:07<00:01, 14.50it/s]
Epoch 14/50 [Val]:  88%|████████▊ | 100/113 [00:07<00:00, 14.29it/s]
Epoch 14/50 [Val]:  90%|█████████ | 102/113 [00:07<00:00, 14.12it/s]
Epoch 14/50 [Val]:  92%|█████████▏| 104/113 [00:07<00:00, 14.49it/s]
Epoch 14/50 [Val]:  94%|█████████▍| 106/113 [00:07<00:00, 14.48it/s]
Epoch 14/50 [Val]:  96%|█████████▌| 108/113 [00:07<00:00, 14.51it/s]
Epoch 14/50 [Val]:  97%|█████████▋| 110/113 [00:07<00:00, 14.61it/s]
Epoch 14/50 [Val]:  99%|█████████▉| 112/113 [00:07<00:00, 14.70it/s]
                                                                    

Epoch 15/50 [Train]:   0%|          | 0/459 [00:00<?, ?it/s]
Epoch 15/50 [Train]:   0%|          | 2/459 [00:00<00:45, 10.10it/s]
Epoch 15/50 [Train]:   1%|          | 4/459 [00:00<00:43, 10.42it/s]
Epoch 15/50 [Train]:   1%|▏         | 6/459 [00:00<00:44, 10.23it/s]
Epoch 15/50 [Train]:   2%|▏         | 8/459 [00:00<00:43, 10.31it/s]
Epoch 15/50 [Train]:   2%|▏         | 10/459 [00:00<00:43, 10.31it/s]
Epoch 15/50 [Train]:   3%|▎         | 12/459 [00:01<00:43, 10.30it/s]
Epoch 15/50 [Train]:   3%|▎         | 14/459 [00:01<00:43, 10.33it/s]
Epoch 15/50 [Train]:   3%|▎         | 16/459 [00:01<00:42, 10.35it/s]
Epoch 15/50 [Train]:   4%|▍         | 18/459 [00:01<00:42, 10.39it/s]
Epoch 15/50 [Train]:   4%|▍         | 20/459 [00:01<00:42, 10.37it/s]
Epoch 15/50 [Train]:   5%|▍         | 22/459 [00:02<00:41, 10.42it/s]
Epoch 15/50 [Train]:   5%|▌         | 24/459 [00:02<00:42, 10.34it/s]
Epoch 15/50 [Train]:   6%|▌         | 26/459 [00:02<00:42, 10.29it/s]
Epoch 15/50 [Train]:   6%|▌         | 28/459 [00:02<00:41, 10.31it/s]
Epoch 15/50 [Train]:   7%|▋         | 30/459 [00:02<00:41, 10.34it/s]
Epoch 15/50 [Train]:   7%|▋         | 32/459 [00:03<00:41, 10.37it/s]
Epoch 15/50 [Train]:   7%|▋         | 34/459 [00:03<00:40, 10.40it/s]
Epoch 15/50 [Train]:   8%|▊         | 36/459 [00:03<00:40, 10.39it/s]
Epoch 15/50 [Train]:   8%|▊         | 38/459 [00:03<00:40, 10.43it/s]
Epoch 15/50 [Train]:   9%|▊         | 40/459 [00:03<00:39, 10.48it/s]
Epoch 15/50 [Train]:   9%|▉         | 42/459 [00:04<00:39, 10.49it/s]
Epoch 15/50 [Train]:  10%|▉         | 44/459 [00:04<00:39, 10.40it/s]
Epoch 15/50 [Train]:  10%|█         | 46/459 [00:04<00:39, 10.43it/s]
Epoch 15/50 [Train]:  10%|█         | 48/459 [00:04<00:39, 10.45it/s]
Epoch 15/50 [Train]:  11%|█         | 50/459 [00:04<00:39, 10.48it/s]
Epoch 15/50 [Train]:  11%|█▏        | 52/459 [00:05<00:38, 10.49it/s]
Epoch 15/50 [Train]:  12%|█▏        | 54/459 [00:05<00:38, 10.49it/s]
Epoch 15/50 [Train]:  12%|█▏        | 56/459 [00:05<00:38, 10.39it/s]
Epoch 15/50 [Train]:  13%|█▎        | 58/459 [00:05<00:38, 10.40it/s]
Epoch 15/50 [Train]:  13%|█▎        | 60/459 [00:05<00:38, 10.27it/s]
Epoch 15/50 [Train]:  14%|█▎        | 62/459 [00:05<00:38, 10.28it/s]
Epoch 15/50 [Train]:  14%|█▍        | 64/459 [00:06<00:38, 10.28it/s]
Epoch 15/50 [Train]:  14%|█▍        | 66/459 [00:06<00:37, 10.39it/s]
Epoch 15/50 [Train]:  15%|█▍        | 68/459 [00:06<00:37, 10.39it/s]
Epoch 15/50 [Train]:  15%|█▌        | 70/459 [00:06<00:37, 10.28it/s]
Epoch 15/50 [Train]:  16%|█▌        | 72/459 [00:06<00:37, 10.33it/s]
Epoch 15/50 [Train]:  16%|█▌        | 74/459 [00:07<00:37, 10.38it/s]
Epoch 15/50 [Train]:  17%|█▋        | 76/459 [00:07<00:36, 10.36it/s]
Epoch 15/50 [Train]:  17%|█▋        | 78/459 [00:07<00:36, 10.35it/s]
Epoch 15/50 [Train]:  17%|█▋        | 80/459 [00:07<00:36, 10.24it/s]
Epoch 15/50 [Train]:  18%|█▊        | 82/459 [00:07<00:36, 10.35it/s]
Epoch 15/50 [Train]:  18%|█▊        | 84/459 [00:08<00:36, 10.27it/s]
Epoch 15/50 [Train]:  19%|█▊        | 86/459 [00:08<00:35, 10.38it/s]
Epoch 15/50 [Train]:  19%|█▉        | 88/459 [00:08<00:35, 10.41it/s]
Epoch 15/50 [Train]:  20%|█▉        | 90/459 [00:08<00:35, 10.36it/s]
Epoch 15/50 [Train]:  20%|██        | 92/459 [00:08<00:35, 10.31it/s]
Epoch 15/50 [Train]:  20%|██        | 94/459 [00:09<00:35, 10.31it/s]
Epoch 15/50 [Train]:  21%|██        | 96/459 [00:09<00:34, 10.42it/s]
Epoch 15/50 [Train]:  21%|██▏       | 98/459 [00:09<00:34, 10.48it/s]
Epoch 15/50 [Train]:  22%|██▏       | 100/459 [00:09<00:34, 10.46it/s]
Epoch 15/50 [Train]:  22%|██▏       | 102/459 [00:09<00:34, 10.42it/s]
Epoch 15/50 [Train]:  23%|██▎       | 104/459 [00:10<00:34, 10.40it/s]
Epoch 15/50 [Train]:  23%|██▎       | 106/459 [00:10<00:33, 10.41it/s]
Epoch 15/50 [Train]:  24%|██▎       | 108/459 [00:10<00:33, 10.33it/s]
Epoch 15/50 [Train]:  24%|██▍       | 110/459 [00:10<00:33, 10.33it/s]
Epoch 15/50 [Train]:  24%|██▍       | 112/459 [00:10<00:33, 10.38it/s]
Epoch 15/50 [Train]:  25%|██▍       | 114/459 [00:10<00:33, 10.41it/s]
Epoch 15/50 [Train]:  25%|██▌       | 116/459 [00:11<00:33, 10.34it/s]
Epoch 15/50 [Train]:  26%|██▌       | 118/459 [00:11<00:32, 10.43it/s]
Epoch 15/50 [Train]:  26%|██▌       | 120/459 [00:11<00:32, 10.50it/s]
Epoch 15/50 [Train]:  27%|██▋       | 122/459 [00:11<00:32, 10.38it/s]
Epoch 15/50 [Train]:  27%|██▋       | 124/459 [00:11<00:32, 10.45it/s]
Epoch 15/50 [Train]:  27%|██▋       | 126/459 [00:12<00:31, 10.49it/s]
Epoch 15/50 [Train]:  28%|██▊       | 128/459 [00:12<00:31, 10.50it/s]
Epoch 15/50 [Train]:  28%|██▊       | 130/459 [00:12<00:31, 10.37it/s]
Epoch 15/50 [Train]:  29%|██▉       | 132/459 [00:12<00:31, 10.31it/s]
Epoch 15/50 [Train]:  29%|██▉       | 134/459 [00:12<00:31, 10.36it/s]
Epoch 15/50 [Train]:  30%|██▉       | 136/459 [00:13<00:31, 10.40it/s]
Epoch 15/50 [Train]:  30%|███       | 138/459 [00:13<00:30, 10.46it/s]
Epoch 15/50 [Train]:  31%|███       | 140/459 [00:13<00:30, 10.37it/s]
Epoch 15/50 [Train]:  31%|███       | 142/459 [00:13<00:30, 10.32it/s]
Epoch 15/50 [Train]:  31%|███▏      | 144/459 [00:13<00:30, 10.34it/s]
Epoch 15/50 [Train]:  32%|███▏      | 146/459 [00:14<00:30, 10.35it/s]
Epoch 15/50 [Train]:  32%|███▏      | 148/459 [00:14<00:29, 10.41it/s]
Epoch 15/50 [Train]:  33%|███▎      | 150/459 [00:14<00:29, 10.45it/s]
Epoch 15/50 [Train]:  33%|███▎      | 152/459 [00:14<00:29, 10.42it/s]
Epoch 15/50 [Train]:  34%|███▎      | 154/459 [00:14<00:29, 10.45it/s]
Epoch 15/50 [Train]:  34%|███▍      | 156/459 [00:15<00:28, 10.47it/s]
Epoch 15/50 [Train]:  34%|███▍      | 158/459 [00:15<00:28, 10.46it/s]
Epoch 15/50 [Train]:  35%|███▍      | 160/459 [00:15<00:28, 10.43it/s]
Epoch 15/50 [Train]:  35%|███▌      | 162/459 [00:15<00:28, 10.41it/s]
Epoch 15/50 [Train]:  36%|███▌      | 164/459 [00:15<00:28, 10.40it/s]
Epoch 15/50 [Train]:  36%|███▌      | 166/459 [00:15<00:28, 10.45it/s]
Epoch 15/50 [Train]:  37%|███▋      | 168/459 [00:16<00:27, 10.46it/s]
Epoch 15/50 [Train]:  37%|███▋      | 170/459 [00:16<00:27, 10.45it/s]
Epoch 15/50 [Train]:  37%|███▋      | 172/459 [00:16<00:27, 10.45it/s]
Epoch 15/50 [Train]:  38%|███▊      | 174/459 [00:16<00:27, 10.43it/s]
Epoch 15/50 [Train]:  38%|███▊      | 176/459 [00:16<00:27, 10.42it/s]
Epoch 15/50 [Train]:  39%|███▉      | 178/459 [00:17<00:26, 10.42it/s]
Epoch 15/50 [Train]:  39%|███▉      | 180/459 [00:17<00:26, 10.45it/s]
Epoch 15/50 [Train]:  40%|███▉      | 182/459 [00:17<00:26, 10.46it/s]
Epoch 15/50 [Train]:  40%|████      | 184/459 [00:17<00:26, 10.37it/s]
Epoch 15/50 [Train]:  41%|████      | 186/459 [00:17<00:26, 10.27it/s]
Epoch 15/50 [Train]:  41%|████      | 188/459 [00:18<00:26, 10.26it/s]
Epoch 15/50 [Train]:  41%|████▏     | 190/459 [00:18<00:26, 10.31it/s]
Epoch 15/50 [Train]:  42%|████▏     | 192/459 [00:18<00:26, 10.22it/s]
Epoch 15/50 [Train]:  42%|████▏     | 194/459 [00:18<00:26, 10.12it/s]
Epoch 15/50 [Train]:  43%|████▎     | 196/459 [00:18<00:25, 10.25it/s]
Epoch 15/50 [Train]:  43%|████▎     | 198/459 [00:19<00:25, 10.30it/s]
Epoch 15/50 [Train]:  44%|████▎     | 200/459 [00:19<00:24, 10.36it/s]
Epoch 15/50 [Train]:  44%|████▍     | 202/459 [00:19<00:25, 10.28it/s]
Epoch 15/50 [Train]:  44%|████▍     | 204/459 [00:19<00:24, 10.27it/s]
Epoch 15/50 [Train]:  45%|████▍     | 206/459 [00:19<00:24, 10.29it/s]
Epoch 15/50 [Train]:  45%|████▌     | 208/459 [00:20<00:24, 10.27it/s]
Epoch 15/50 [Train]:  46%|████▌     | 210/459 [00:20<00:24, 10.32it/s]
Epoch 15/50 [Train]:  46%|████▌     | 212/459 [00:20<00:23, 10.35it/s]
Epoch 15/50 [Train]:  47%|████▋     | 214/459 [00:20<00:23, 10.41it/s]
Epoch 15/50 [Train]:  47%|████▋     | 216/459 [00:20<00:23, 10.44it/s]
Epoch 15/50 [Train]:  47%|████▋     | 218/459 [00:21<00:23, 10.40it/s]
Epoch 15/50 [Train]:  48%|████▊     | 220/459 [00:21<00:22, 10.46it/s]
Epoch 15/50 [Train]:  48%|████▊     | 222/459 [00:21<00:22, 10.49it/s]
Epoch 15/50 [Train]:  49%|████▉     | 224/459 [00:21<00:22, 10.48it/s]
Epoch 15/50 [Train]:  49%|████▉     | 226/459 [00:21<00:22, 10.43it/s]
Epoch 15/50 [Train]:  50%|████▉     | 228/459 [00:21<00:22, 10.37it/s]
Epoch 15/50 [Train]:  50%|█████     | 230/459 [00:22<00:22, 10.32it/s]
Epoch 15/50 [Train]:  51%|█████     | 232/459 [00:22<00:22, 10.29it/s]
Epoch 15/50 [Train]:  51%|█████     | 234/459 [00:22<00:21, 10.28it/s]
Epoch 15/50 [Train]:  51%|█████▏    | 236/459 [00:22<00:21, 10.31it/s]
Epoch 15/50 [Train]:  52%|█████▏    | 238/459 [00:22<00:21, 10.33it/s]
Epoch 15/50 [Train]:  52%|█████▏    | 240/459 [00:23<00:21, 10.37it/s]
Epoch 15/50 [Train]:  53%|█████▎    | 242/459 [00:23<00:20, 10.36it/s]
Epoch 15/50 [Train]:  53%|█████▎    | 244/459 [00:23<00:20, 10.44it/s]
Epoch 15/50 [Train]:  54%|█████▎    | 246/459 [00:23<00:20, 10.39it/s]
Epoch 15/50 [Train]:  54%|█████▍    | 248/459 [00:23<00:20, 10.29it/s]
Epoch 15/50 [Train]:  54%|█████▍    | 250/459 [00:24<00:20, 10.28it/s]
Epoch 15/50 [Train]:  55%|█████▍    | 252/459 [00:24<00:20, 10.34it/s]
Epoch 15/50 [Train]:  55%|█████▌    | 254/459 [00:24<00:19, 10.29it/s]
Epoch 15/50 [Train]:  56%|█████▌    | 256/459 [00:24<00:19, 10.25it/s]
Epoch 15/50 [Train]:  56%|█████▌    | 258/459 [00:24<00:19, 10.28it/s]
Epoch 15/50 [Train]:  57%|█████▋    | 260/459 [00:25<00:19, 10.32it/s]
Epoch 15/50 [Train]:  57%|█████▋    | 262/459 [00:25<00:18, 10.39it/s]
Epoch 15/50 [Train]:  58%|█████▊    | 264/459 [00:25<00:18, 10.45it/s]
Epoch 15/50 [Train]:  58%|█████▊    | 266/459 [00:25<00:18, 10.48it/s]
Epoch 15/50 [Train]:  58%|█████▊    | 268/459 [00:25<00:18, 10.44it/s]
Epoch 15/50 [Train]:  59%|█████▉    | 270/459 [00:26<00:18, 10.43it/s]
Epoch 15/50 [Train]:  59%|█████▉    | 272/459 [00:26<00:17, 10.46it/s]
Epoch 15/50 [Train]:  60%|█████▉    | 274/459 [00:26<00:17, 10.45it/s]
Epoch 15/50 [Train]:  60%|██████    | 276/459 [00:26<00:17, 10.47it/s]
Epoch 15/50 [Train]:  61%|██████    | 278/459 [00:26<00:17, 10.47it/s]
Epoch 15/50 [Train]:  61%|██████    | 280/459 [00:26<00:17, 10.52it/s]
Epoch 15/50 [Train]:  61%|██████▏   | 282/459 [00:27<00:16, 10.52it/s]
Epoch 15/50 [Train]:  62%|██████▏   | 284/459 [00:27<00:16, 10.43it/s]
Epoch 15/50 [Train]:  62%|██████▏   | 286/459 [00:27<00:16, 10.42it/s]
Epoch 15/50 [Train]:  63%|██████▎   | 288/459 [00:27<00:16, 10.46it/s]
Epoch 15/50 [Train]:  63%|██████▎   | 290/459 [00:27<00:16, 10.32it/s]
Epoch 15/50 [Train]:  64%|██████▎   | 292/459 [00:28<00:16, 10.24it/s]
Epoch 15/50 [Train]:  64%|██████▍   | 294/459 [00:28<00:16, 10.19it/s]
Epoch 15/50 [Train]:  64%|██████▍   | 296/459 [00:28<00:15, 10.23it/s]
Epoch 15/50 [Train]:  65%|██████▍   | 298/459 [00:28<00:15, 10.28it/s]
Epoch 15/50 [Train]:  65%|██████▌   | 300/459 [00:28<00:15, 10.27it/s]
Epoch 15/50 [Train]:  66%|██████▌   | 302/459 [00:29<00:15, 10.29it/s]
Epoch 15/50 [Train]:  66%|██████▌   | 304/459 [00:29<00:15, 10.20it/s]
Epoch 15/50 [Train]:  67%|██████▋   | 306/459 [00:29<00:14, 10.27it/s]
Epoch 15/50 [Train]:  67%|██████▋   | 308/459 [00:29<00:14, 10.21it/s]
Epoch 15/50 [Train]:  68%|██████▊   | 310/459 [00:29<00:14, 10.23it/s]
Epoch 15/50 [Train]:  68%|██████▊   | 312/459 [00:30<00:14, 10.35it/s]
Epoch 15/50 [Train]:  68%|██████▊   | 314/459 [00:30<00:13, 10.37it/s]
Epoch 15/50 [Train]:  69%|██████▉   | 316/459 [00:30<00:13, 10.39it/s]
Epoch 15/50 [Train]:  69%|██████▉   | 318/459 [00:30<00:13, 10.35it/s]
Epoch 15/50 [Train]:  70%|██████▉   | 320/459 [00:30<00:13, 10.36it/s]
Epoch 15/50 [Train]:  70%|███████   | 322/459 [00:31<00:13, 10.30it/s]
Epoch 15/50 [Train]:  71%|███████   | 324/459 [00:31<00:13, 10.36it/s]
Epoch 15/50 [Train]:  71%|███████   | 326/459 [00:31<00:12, 10.42it/s]
Epoch 15/50 [Train]:  71%|███████▏  | 328/459 [00:31<00:12, 10.38it/s]
Epoch 15/50 [Train]:  72%|███████▏  | 330/459 [00:31<00:12, 10.35it/s]
Epoch 15/50 [Train]:  72%|███████▏  | 332/459 [00:32<00:12, 10.32it/s]
Epoch 15/50 [Train]:  73%|███████▎  | 334/459 [00:32<00:12, 10.37it/s]
Epoch 15/50 [Train]:  73%|███████▎  | 336/459 [00:32<00:11, 10.44it/s]
Epoch 15/50 [Train]:  74%|███████▎  | 338/459 [00:32<00:11, 10.39it/s]
Epoch 15/50 [Train]:  74%|███████▍  | 340/459 [00:32<00:11, 10.40it/s]
Epoch 15/50 [Train]:  75%|███████▍  | 342/459 [00:32<00:11, 10.27it/s]
Epoch 15/50 [Train]:  75%|███████▍  | 344/459 [00:33<00:11, 10.22it/s]
Epoch 15/50 [Train]:  75%|███████▌  | 346/459 [00:33<00:10, 10.31it/s]
Epoch 15/50 [Train]:  76%|███████▌  | 348/459 [00:33<00:10, 10.35it/s]
Epoch 15/50 [Train]:  76%|███████▋  | 350/459 [00:33<00:10, 10.18it/s]
Epoch 15/50 [Train]:  77%|███████▋  | 352/459 [00:33<00:10, 10.18it/s]
Epoch 15/50 [Train]:  77%|███████▋  | 354/459 [00:34<00:10, 10.29it/s]
Epoch 15/50 [Train]:  78%|███████▊  | 356/459 [00:34<00:09, 10.34it/s]
Epoch 15/50 [Train]:  78%|███████▊  | 358/459 [00:34<00:09, 10.34it/s]
Epoch 15/50 [Train]:  78%|███████▊  | 360/459 [00:34<00:09, 10.31it/s]
Epoch 15/50 [Train]:  79%|███████▉  | 362/459 [00:34<00:09, 10.31it/s]
Epoch 15/50 [Train]:  79%|███████▉  | 364/459 [00:35<00:09, 10.30it/s]
Epoch 15/50 [Train]:  80%|███████▉  | 366/459 [00:35<00:09, 10.28it/s]
Epoch 15/50 [Train]:  80%|████████  | 368/459 [00:35<00:08, 10.27it/s]
Epoch 15/50 [Train]:  81%|████████  | 370/459 [00:35<00:08, 10.28it/s]
Epoch 15/50 [Train]:  81%|████████  | 372/459 [00:35<00:08, 10.35it/s]
Epoch 15/50 [Train]:  81%|████████▏ | 374/459 [00:36<00:08, 10.38it/s]
Epoch 15/50 [Train]:  82%|████████▏ | 376/459 [00:36<00:07, 10.39it/s]
Epoch 15/50 [Train]:  82%|████████▏ | 378/459 [00:36<00:07, 10.40it/s]
Epoch 15/50 [Train]:  83%|████████▎ | 380/459 [00:36<00:07, 10.39it/s]
Epoch 15/50 [Train]:  83%|████████▎ | 382/459 [00:36<00:07, 10.38it/s]
Epoch 15/50 [Train]:  84%|████████▎ | 384/459 [00:37<00:07, 10.42it/s]
Epoch 15/50 [Train]:  84%|████████▍ | 386/459 [00:37<00:06, 10.50it/s]
Epoch 15/50 [Train]:  85%|████████▍ | 388/459 [00:37<00:06, 10.49it/s]
Epoch 15/50 [Train]:  85%|████████▍ | 390/459 [00:37<00:06, 10.47it/s]
Epoch 15/50 [Train]:  85%|████████▌ | 392/459 [00:37<00:06, 10.46it/s]
Epoch 15/50 [Train]:  86%|████████▌ | 394/459 [00:38<00:06, 10.49it/s]
Epoch 15/50 [Train]:  86%|████████▋ | 396/459 [00:38<00:06, 10.39it/s]
Epoch 15/50 [Train]:  87%|████████▋ | 398/459 [00:38<00:05, 10.43it/s]
Epoch 15/50 [Train]:  87%|████████▋ | 400/459 [00:38<00:05, 10.48it/s]
Epoch 15/50 [Train]:  88%|████████▊ | 402/459 [00:38<00:05, 10.42it/s]
Epoch 15/50 [Train]:  88%|████████▊ | 404/459 [00:38<00:05, 10.38it/s]
Epoch 15/50 [Train]:  88%|████████▊ | 406/459 [00:39<00:05, 10.36it/s]
Epoch 15/50 [Train]:  89%|████████▉ | 408/459 [00:39<00:04, 10.29it/s]
Epoch 15/50 [Train]:  89%|████████▉ | 410/459 [00:39<00:04, 10.33it/s]
Epoch 15/50 [Train]:  90%|████████▉ | 412/459 [00:39<00:04, 10.36it/s]
Epoch 15/50 [Train]:  90%|█████████ | 414/459 [00:39<00:04, 10.40it/s]
Epoch 15/50 [Train]:  91%|█████████ | 416/459 [00:40<00:04, 10.42it/s]
Epoch 15/50 [Train]:  91%|█████████ | 418/459 [00:40<00:03, 10.49it/s]
Epoch 15/50 [Train]:  92%|█████████▏| 420/459 [00:40<00:03, 10.39it/s]
Epoch 15/50 [Train]:  92%|█████████▏| 422/459 [00:40<00:03, 10.42it/s]
Epoch 15/50 [Train]:  92%|█████████▏| 424/459 [00:40<00:03, 10.38it/s]
Epoch 15/50 [Train]:  93%|█████████▎| 426/459 [00:41<00:03, 10.43it/s]
Epoch 15/50 [Train]:  93%|█████████▎| 428/459 [00:41<00:02, 10.39it/s]
Epoch 15/50 [Train]:  94%|█████████▎| 430/459 [00:41<00:02, 10.38it/s]
Epoch 15/50 [Train]:  94%|█████████▍| 432/459 [00:41<00:02, 10.39it/s]
Epoch 15/50 [Train]:  95%|█████████▍| 434/459 [00:41<00:02, 10.44it/s]
Epoch 15/50 [Train]:  95%|█████████▍| 436/459 [00:42<00:02, 10.39it/s]
Epoch 15/50 [Train]:  95%|█████████▌| 438/459 [00:42<00:02,  9.91it/s]
Epoch 15/50 [Train]:  96%|█████████▌| 440/459 [00:42<00:01, 10.06it/s]
Epoch 15/50 [Train]:  96%|█████████▋| 442/459 [00:42<00:01, 10.08it/s]
Epoch 15/50 [Train]:  97%|█████████▋| 444/459 [00:42<00:01, 10.15it/s]
Epoch 15/50 [Train]:  97%|█████████▋| 446/459 [00:43<00:01, 10.19it/s]
Epoch 15/50 [Train]:  98%|█████████▊| 448/459 [00:43<00:01, 10.10it/s]
Epoch 15/50 [Train]:  98%|█████████▊| 450/459 [00:43<00:00, 10.15it/s]
Epoch 15/50 [Train]:  98%|█████████▊| 452/459 [00:43<00:00, 10.21it/s]
Epoch 15/50 [Train]:  99%|█████████▉| 454/459 [00:43<00:00, 10.31it/s]
Epoch 15/50 [Train]:  99%|█████████▉| 456/459 [00:44<00:00, 10.27it/s]
Epoch 15/50 [Train]: 100%|█████████▉| 458/459 [00:44<00:00, 10.36it/s]
                                                                      

Epoch 15/50 [Val]:   0%|          | 0/113 [00:00<?, ?it/s]
Epoch 15/50 [Val]:   2%|▏         | 2/113 [00:00<00:08, 13.78it/s]
Epoch 15/50 [Val]:   4%|▎         | 4/113 [00:00<00:07, 13.77it/s]
Epoch 15/50 [Val]:   5%|▌         | 6/113 [00:00<00:07, 13.74it/s]
Epoch 15/50 [Val]:   7%|▋         | 8/113 [00:00<00:07, 13.85it/s]
Epoch 15/50 [Val]:   9%|▉         | 10/113 [00:00<00:07, 14.36it/s]
Epoch 15/50 [Val]:  11%|█         | 12/113 [00:00<00:07, 14.25it/s]
Epoch 15/50 [Val]:  12%|█▏        | 14/113 [00:00<00:07, 14.03it/s]
Epoch 15/50 [Val]:  14%|█▍        | 16/113 [00:01<00:07, 13.52it/s]
Epoch 15/50 [Val]:  16%|█▌        | 18/113 [00:01<00:07, 13.02it/s]
Epoch 15/50 [Val]:  18%|█▊        | 20/113 [00:01<00:07, 12.96it/s]
Epoch 15/50 [Val]:  19%|█▉        | 22/113 [00:01<00:07, 12.88it/s]
Epoch 15/50 [Val]:  21%|██        | 24/113 [00:01<00:06, 12.80it/s]
Epoch 15/50 [Val]:  23%|██▎       | 26/113 [00:01<00:06, 12.99it/s]
Epoch 15/50 [Val]:  25%|██▍       | 28/113 [00:02<00:06, 13.21it/s]
Epoch 15/50 [Val]:  27%|██▋       | 30/113 [00:02<00:06, 13.36it/s]
Epoch 15/50 [Val]:  28%|██▊       | 32/113 [00:02<00:05, 13.55it/s]
Epoch 15/50 [Val]:  30%|███       | 34/113 [00:02<00:05, 13.64it/s]
Epoch 15/50 [Val]:  32%|███▏      | 36/113 [00:02<00:05, 13.94it/s]
Epoch 15/50 [Val]:  34%|███▎      | 38/113 [00:02<00:05, 14.18it/s]
Epoch 15/50 [Val]:  35%|███▌      | 40/113 [00:02<00:05, 14.27it/s]
Epoch 15/50 [Val]:  37%|███▋      | 42/113 [00:03<00:04, 14.25it/s]
Epoch 15/50 [Val]:  39%|███▉      | 44/113 [00:03<00:04, 14.11it/s]
Epoch 15/50 [Val]:  41%|████      | 46/113 [00:03<00:04, 13.94it/s]
Epoch 15/50 [Val]:  42%|████▏     | 48/113 [00:03<00:04, 13.95it/s]
Epoch 15/50 [Val]:  44%|████▍     | 50/113 [00:03<00:04, 14.22it/s]
Epoch 15/50 [Val]:  46%|████▌     | 52/113 [00:03<00:04, 14.37it/s]
Epoch 15/50 [Val]:  48%|████▊     | 54/113 [00:03<00:04, 14.50it/s]
Epoch 15/50 [Val]:  50%|████▉     | 56/113 [00:04<00:03, 14.53it/s]
Epoch 15/50 [Val]:  51%|█████▏    | 58/113 [00:04<00:03, 14.12it/s]
Epoch 15/50 [Val]:  53%|█████▎    | 60/113 [00:04<00:03, 14.17it/s]
Epoch 15/50 [Val]:  55%|█████▍    | 62/113 [00:04<00:03, 14.19it/s]
Epoch 15/50 [Val]:  57%|█████▋    | 64/113 [00:04<00:03, 14.12it/s]
Epoch 15/50 [Val]:  58%|█████▊    | 66/113 [00:04<00:03, 13.77it/s]
Epoch 15/50 [Val]:  60%|██████    | 68/113 [00:04<00:03, 13.78it/s]
Epoch 15/50 [Val]:  62%|██████▏   | 70/113 [00:05<00:03, 14.05it/s]
Epoch 15/50 [Val]:  64%|██████▎   | 72/113 [00:05<00:02, 14.12it/s]
Epoch 15/50 [Val]:  65%|██████▌   | 74/113 [00:05<00:02, 14.11it/s]
Epoch 15/50 [Val]:  67%|██████▋   | 76/113 [00:05<00:02, 14.30it/s]
Epoch 15/50 [Val]:  69%|██████▉   | 78/113 [00:05<00:02, 14.34it/s]
Epoch 15/50 [Val]:  71%|███████   | 80/113 [00:05<00:02, 14.23it/s]
Epoch 15/50 [Val]:  73%|███████▎  | 82/113 [00:05<00:02, 14.22it/s]
Epoch 15/50 [Val]:  74%|███████▍  | 84/113 [00:06<00:02, 14.14it/s]
Epoch 15/50 [Val]:  76%|███████▌  | 86/113 [00:06<00:01, 14.04it/s]
Epoch 15/50 [Val]:  78%|███████▊  | 88/113 [00:06<00:01, 14.01it/s]
Epoch 15/50 [Val]:  80%|███████▉  | 90/113 [00:06<00:01, 14.19it/s]
Epoch 15/50 [Val]:  81%|████████▏ | 92/113 [00:06<00:01, 14.20it/s]
Epoch 15/50 [Val]:  83%|████████▎ | 94/113 [00:06<00:01, 14.19it/s]
Epoch 15/50 [Val]:  85%|████████▍ | 96/113 [00:06<00:01, 14.39it/s]
Epoch 15/50 [Val]:  87%|████████▋ | 98/113 [00:07<00:01, 14.58it/s]
Epoch 15/50 [Val]:  88%|████████▊ | 100/113 [00:07<00:00, 14.16it/s]
Epoch 15/50 [Val]:  90%|█████████ | 102/113 [00:07<00:00, 13.91it/s]
Epoch 15/50 [Val]:  92%|█████████▏| 104/113 [00:07<00:00, 14.24it/s]
Epoch 15/50 [Val]:  94%|█████████▍| 106/113 [00:07<00:00, 14.44it/s]
Epoch 15/50 [Val]:  96%|█████████▌| 108/113 [00:07<00:00, 14.41it/s]
Epoch 15/50 [Val]:  97%|█████████▋| 110/113 [00:07<00:00, 14.65it/s]
Epoch 15/50 [Val]:  99%|█████████▉| 112/113 [00:07<00:00, 14.72it/s]
                                                                    

Epoch 16/50 [Train]:   0%|          | 0/459 [00:00<?, ?it/s]
Epoch 16/50 [Train]:   0%|          | 1/459 [00:00<00:47,  9.69it/s]
Epoch 16/50 [Train]:   1%|          | 3/459 [00:00<00:45,  9.93it/s]
Epoch 16/50 [Train]:   1%|          | 5/459 [00:00<00:44, 10.17it/s]
Epoch 16/50 [Train]:   2%|▏         | 7/459 [00:00<00:43, 10.29it/s]
Epoch 16/50 [Train]:   2%|▏         | 9/459 [00:00<00:43, 10.34it/s]
Epoch 16/50 [Train]:   2%|▏         | 11/459 [00:01<00:43, 10.36it/s]
Epoch 16/50 [Train]:   3%|▎         | 13/459 [00:01<00:42, 10.39it/s]
Epoch 16/50 [Train]:   3%|▎         | 15/459 [00:01<00:43, 10.26it/s]
Epoch 16/50 [Train]:   4%|▎         | 17/459 [00:01<00:43, 10.28it/s]
Epoch 16/50 [Train]:   4%|▍         | 19/459 [00:01<00:44,  9.97it/s]
Epoch 16/50 [Train]:   4%|▍         | 20/459 [00:01<00:44,  9.98it/s]
Epoch 16/50 [Train]:   5%|▍         | 22/459 [00:02<00:43, 10.13it/s]
Epoch 16/50 [Train]:   5%|▌         | 24/459 [00:02<00:42, 10.19it/s]
Epoch 16/50 [Train]:   6%|▌         | 26/459 [00:02<00:42, 10.28it/s]
Epoch 16/50 [Train]:   6%|▌         | 28/459 [00:02<00:41, 10.36it/s]
Epoch 16/50 [Train]:   7%|▋         | 30/459 [00:02<00:41, 10.29it/s]
Epoch 16/50 [Train]:   7%|▋         | 32/459 [00:03<00:41, 10.25it/s]
Epoch 16/50 [Train]:   7%|▋         | 34/459 [00:03<00:41, 10.25it/s]
Epoch 16/50 [Train]:   8%|▊         | 36/459 [00:03<00:41, 10.32it/s]
Epoch 16/50 [Train]:   8%|▊         | 38/459 [00:03<00:40, 10.28it/s]
Epoch 16/50 [Train]:   9%|▊         | 40/459 [00:03<00:40, 10.35it/s]
Epoch 16/50 [Train]:   9%|▉         | 42/459 [00:04<00:40, 10.34it/s]
Epoch 16/50 [Train]:  10%|▉         | 44/459 [00:04<00:40, 10.30it/s]
Epoch 16/50 [Train]:  10%|█         | 46/459 [00:04<00:40, 10.30it/s]
Epoch 16/50 [Train]:  10%|█         | 48/459 [00:04<00:39, 10.31it/s]
Epoch 16/50 [Train]:  11%|█         | 50/459 [00:04<00:39, 10.33it/s]
Epoch 16/50 [Train]:  11%|█▏        | 52/459 [00:05<00:39, 10.26it/s]
Epoch 16/50 [Train]:  12%|█▏        | 54/459 [00:05<00:39, 10.28it/s]
Epoch 16/50 [Train]:  12%|█▏        | 56/459 [00:05<00:38, 10.36it/s]
Epoch 16/50 [Train]:  13%|█▎        | 58/459 [00:05<00:38, 10.39it/s]
Epoch 16/50 [Train]:  13%|█▎        | 60/459 [00:05<00:38, 10.46it/s]
Epoch 16/50 [Train]:  14%|█▎        | 62/459 [00:06<00:38, 10.39it/s]
Epoch 16/50 [Train]:  14%|█▍        | 64/459 [00:06<00:37, 10.43it/s]
Epoch 16/50 [Train]:  14%|█▍        | 66/459 [00:06<00:38, 10.31it/s]
Epoch 16/50 [Train]:  15%|█▍        | 68/459 [00:06<00:37, 10.39it/s]
Epoch 16/50 [Train]:  15%|█▌        | 70/459 [00:06<00:37, 10.37it/s]
Epoch 16/50 [Train]:  16%|█▌        | 72/459 [00:06<00:37, 10.33it/s]
Epoch 16/50 [Train]:  16%|█▌        | 74/459 [00:07<00:37, 10.34it/s]
Epoch 16/50 [Train]:  17%|█▋        | 76/459 [00:07<00:37, 10.22it/s]
Epoch 16/50 [Train]:  17%|█▋        | 78/459 [00:07<00:37, 10.17it/s]
Epoch 16/50 [Train]:  17%|█▋        | 80/459 [00:07<00:37, 10.22it/s]
Epoch 16/50 [Train]:  18%|█▊        | 82/459 [00:07<00:36, 10.31it/s]
Epoch 16/50 [Train]:  18%|█▊        | 84/459 [00:08<00:36, 10.37it/s]
Epoch 16/50 [Train]:  19%|█▊        | 86/459 [00:08<00:35, 10.40it/s]
Epoch 16/50 [Train]:  19%|█▉        | 88/459 [00:08<00:36, 10.28it/s]
Epoch 16/50 [Train]:  20%|█▉        | 90/459 [00:08<00:35, 10.31it/s]
Epoch 16/50 [Train]:  20%|██        | 92/459 [00:08<00:35, 10.28it/s]
Epoch 16/50 [Train]:  20%|██        | 94/459 [00:09<00:35, 10.34it/s]
Epoch 16/50 [Train]:  21%|██        | 96/459 [00:09<00:34, 10.38it/s]
Epoch 16/50 [Train]:  21%|██▏       | 98/459 [00:09<00:34, 10.45it/s]
Epoch 16/50 [Train]:  22%|██▏       | 100/459 [00:09<00:34, 10.43it/s]
Epoch 16/50 [Train]:  22%|██▏       | 102/459 [00:09<00:34, 10.47it/s]
Epoch 16/50 [Train]:  23%|██▎       | 104/459 [00:10<00:33, 10.45it/s]
Epoch 16/50 [Train]:  23%|██▎       | 106/459 [00:10<00:33, 10.50it/s]
Epoch 16/50 [Train]:  24%|██▎       | 108/459 [00:10<00:33, 10.53it/s]
Epoch 16/50 [Train]:  24%|██▍       | 110/459 [00:10<00:33, 10.54it/s]
Epoch 16/50 [Train]:  24%|██▍       | 112/459 [00:10<00:33, 10.45it/s]
Epoch 16/50 [Train]:  25%|██▍       | 114/459 [00:11<00:33, 10.29it/s]
Epoch 16/50 [Train]:  25%|██▌       | 116/459 [00:11<00:33, 10.26it/s]
Epoch 16/50 [Train]:  26%|██▌       | 118/459 [00:11<00:33, 10.27it/s]
Epoch 16/50 [Train]:  26%|██▌       | 120/459 [00:11<00:32, 10.34it/s]
Epoch 16/50 [Train]:  27%|██▋       | 122/459 [00:11<00:32, 10.31it/s]
Epoch 16/50 [Train]:  27%|██▋       | 124/459 [00:12<00:32, 10.37it/s]
Epoch 16/50 [Train]:  27%|██▋       | 126/459 [00:12<00:32, 10.39it/s]
Epoch 16/50 [Train]:  28%|██▊       | 128/459 [00:12<00:32, 10.31it/s]
Epoch 16/50 [Train]:  28%|██▊       | 130/459 [00:12<00:31, 10.34it/s]
Epoch 16/50 [Train]:  29%|██▉       | 132/459 [00:12<00:31, 10.33it/s]
Epoch 16/50 [Train]:  29%|██▉       | 134/459 [00:12<00:31, 10.40it/s]
Epoch 16/50 [Train]:  30%|██▉       | 136/459 [00:13<00:30, 10.47it/s]
Epoch 16/50 [Train]:  30%|███       | 138/459 [00:13<00:30, 10.40it/s]
Epoch 16/50 [Train]:  31%|███       | 140/459 [00:13<00:30, 10.43it/s]
Epoch 16/50 [Train]:  31%|███       | 142/459 [00:13<00:30, 10.48it/s]
Epoch 16/50 [Train]:  31%|███▏      | 144/459 [00:13<00:30, 10.48it/s]
Epoch 16/50 [Train]:  32%|███▏      | 146/459 [00:14<00:30, 10.41it/s]
Epoch 16/50 [Train]:  32%|███▏      | 148/459 [00:14<00:30, 10.32it/s]
Epoch 16/50 [Train]:  33%|███▎      | 150/459 [00:14<00:30, 10.28it/s]
Epoch 16/50 [Train]:  33%|███▎      | 152/459 [00:14<00:29, 10.31it/s]
Epoch 16/50 [Train]:  34%|███▎      | 154/459 [00:14<00:29, 10.36it/s]
Epoch 16/50 [Train]:  34%|███▍      | 156/459 [00:15<00:29, 10.38it/s]
Epoch 16/50 [Train]:  34%|███▍      | 158/459 [00:15<00:29, 10.36it/s]
Epoch 16/50 [Train]:  35%|███▍      | 160/459 [00:15<00:28, 10.34it/s]
Epoch 16/50 [Train]:  35%|███▌      | 162/459 [00:15<00:28, 10.42it/s]
Epoch 16/50 [Train]:  36%|███▌      | 164/459 [00:15<00:28, 10.40it/s]
Epoch 16/50 [Train]:  36%|███▌      | 166/459 [00:16<00:28, 10.36it/s]
Epoch 16/50 [Train]:  37%|███▋      | 168/459 [00:16<00:28, 10.34it/s]
Epoch 16/50 [Train]:  37%|███▋      | 170/459 [00:16<00:27, 10.42it/s]
Epoch 16/50 [Train]:  37%|███▋      | 172/459 [00:16<00:27, 10.41it/s]
Epoch 16/50 [Train]:  38%|███▊      | 174/459 [00:16<00:27, 10.32it/s]
Epoch 16/50 [Train]:  38%|███▊      | 176/459 [00:17<00:27, 10.40it/s]
Epoch 16/50 [Train]:  39%|███▉      | 178/459 [00:17<00:26, 10.43it/s]
Epoch 16/50 [Train]:  39%|███▉      | 180/459 [00:17<00:26, 10.37it/s]
Epoch 16/50 [Train]:  40%|███▉      | 182/459 [00:17<00:26, 10.39it/s]
Epoch 16/50 [Train]:  40%|████      | 184/459 [00:17<00:26, 10.37it/s]
Epoch 16/50 [Train]:  41%|████      | 186/459 [00:17<00:26, 10.38it/s]
Epoch 16/50 [Train]:  41%|████      | 188/459 [00:18<00:26, 10.38it/s]
Epoch 16/50 [Train]:  41%|████▏     | 190/459 [00:18<00:26, 10.27it/s]
Epoch 16/50 [Train]:  42%|████▏     | 192/459 [00:18<00:25, 10.37it/s]
Epoch 16/50 [Train]:  42%|████▏     | 194/459 [00:18<00:25, 10.36it/s]
Epoch 16/50 [Train]:  43%|████▎     | 196/459 [00:18<00:25, 10.33it/s]
Epoch 16/50 [Train]:  43%|████▎     | 198/459 [00:19<00:25, 10.40it/s]
Epoch 16/50 [Train]:  44%|████▎     | 200/459 [00:19<00:24, 10.41it/s]
Epoch 16/50 [Train]:  44%|████▍     | 202/459 [00:19<00:24, 10.41it/s]
Epoch 16/50 [Train]:  44%|████▍     | 204/459 [00:19<00:24, 10.40it/s]
Epoch 16/50 [Train]:  45%|████▍     | 206/459 [00:19<00:24, 10.39it/s]
Epoch 16/50 [Train]:  45%|████▌     | 208/459 [00:20<00:24, 10.45it/s]
Epoch 16/50 [Train]:  46%|████▌     | 210/459 [00:20<00:23, 10.42it/s]
Epoch 16/50 [Train]:  46%|████▌     | 212/459 [00:20<00:23, 10.33it/s]
Epoch 16/50 [Train]:  47%|████▋     | 214/459 [00:20<00:23, 10.29it/s]
Epoch 16/50 [Train]:  47%|████▋     | 216/459 [00:20<00:23, 10.36it/s]
Epoch 16/50 [Train]:  47%|████▋     | 218/459 [00:21<00:23, 10.41it/s]
Epoch 16/50 [Train]:  48%|████▊     | 220/459 [00:21<00:23, 10.36it/s]
Epoch 16/50 [Train]:  48%|████▊     | 222/459 [00:21<00:23, 10.14it/s]
Epoch 16/50 [Train]:  49%|████▉     | 224/459 [00:21<00:22, 10.28it/s]
Epoch 16/50 [Train]:  49%|████▉     | 226/459 [00:21<00:22, 10.27it/s]
Epoch 16/50 [Train]:  50%|████▉     | 228/459 [00:22<00:22, 10.28it/s]
Epoch 16/50 [Train]:  50%|█████     | 230/459 [00:22<00:22, 10.33it/s]
Epoch 16/50 [Train]:  51%|█████     | 232/459 [00:22<00:22, 10.27it/s]
Epoch 16/50 [Train]:  51%|█████     | 234/459 [00:22<00:21, 10.30it/s]
Epoch 16/50 [Train]:  51%|█████▏    | 236/459 [00:22<00:21, 10.38it/s]
Epoch 16/50 [Train]:  52%|█████▏    | 238/459 [00:23<00:21, 10.39it/s]
Epoch 16/50 [Train]:  52%|█████▏    | 240/459 [00:23<00:20, 10.44it/s]
Epoch 16/50 [Train]:  53%|█████▎    | 242/459 [00:23<00:20, 10.43it/s]
Epoch 16/50 [Train]:  53%|█████▎    | 244/459 [00:23<00:20, 10.46it/s]
Epoch 16/50 [Train]:  54%|█████▎    | 246/459 [00:23<00:20, 10.45it/s]
Epoch 16/50 [Train]:  54%|█████▍    | 248/459 [00:23<00:20, 10.42it/s]
Epoch 16/50 [Train]:  54%|█████▍    | 250/459 [00:24<00:20, 10.29it/s]
Epoch 16/50 [Train]:  55%|█████▍    | 252/459 [00:24<00:20, 10.35it/s]
Epoch 16/50 [Train]:  55%|█████▌    | 254/459 [00:24<00:19, 10.44it/s]
Epoch 16/50 [Train]:  56%|█████▌    | 256/459 [00:24<00:19, 10.49it/s]
Epoch 16/50 [Train]:  56%|█████▌    | 258/459 [00:24<00:19, 10.50it/s]
Epoch 16/50 [Train]:  57%|█████▋    | 260/459 [00:25<00:18, 10.49it/s]
Epoch 16/50 [Train]:  57%|█████▋    | 262/459 [00:25<00:18, 10.38it/s]
Epoch 16/50 [Train]:  58%|█████▊    | 264/459 [00:25<00:18, 10.40it/s]
Epoch 16/50 [Train]:  58%|█████▊    | 266/459 [00:25<00:18, 10.31it/s]
Epoch 16/50 [Train]:  58%|█████▊    | 268/459 [00:25<00:18, 10.24it/s]
Epoch 16/50 [Train]:  59%|█████▉    | 270/459 [00:26<00:18, 10.26it/s]
Epoch 16/50 [Train]:  59%|█████▉    | 272/459 [00:26<00:18, 10.30it/s]
Epoch 16/50 [Train]:  60%|█████▉    | 274/459 [00:26<00:17, 10.33it/s]
Epoch 16/50 [Train]:  60%|██████    | 276/459 [00:26<00:17, 10.33it/s]
Epoch 16/50 [Train]:  61%|██████    | 278/459 [00:26<00:17, 10.38it/s]
Epoch 16/50 [Train]:  61%|██████    | 280/459 [00:27<00:17, 10.29it/s]
Epoch 16/50 [Train]:  61%|██████▏   | 282/459 [00:27<00:17, 10.32it/s]
Epoch 16/50 [Train]:  62%|██████▏   | 284/459 [00:27<00:16, 10.36it/s]
Epoch 16/50 [Train]:  62%|██████▏   | 286/459 [00:27<00:16, 10.44it/s]
Epoch 16/50 [Train]:  63%|██████▎   | 288/459 [00:27<00:16, 10.39it/s]
Epoch 16/50 [Train]:  63%|██████▎   | 290/459 [00:28<00:16, 10.37it/s]
Epoch 16/50 [Train]:  64%|██████▎   | 292/459 [00:28<00:16, 10.38it/s]
Epoch 16/50 [Train]:  64%|██████▍   | 294/459 [00:28<00:15, 10.32it/s]
Epoch 16/50 [Train]:  64%|██████▍   | 296/459 [00:28<00:15, 10.38it/s]
Epoch 16/50 [Train]:  65%|██████▍   | 298/459 [00:28<00:15, 10.38it/s]
Epoch 16/50 [Train]:  65%|██████▌   | 300/459 [00:28<00:15, 10.34it/s]
Epoch 16/50 [Train]:  66%|██████▌   | 302/459 [00:29<00:15, 10.39it/s]
Epoch 16/50 [Train]:  66%|██████▌   | 304/459 [00:29<00:14, 10.36it/s]
Epoch 16/50 [Train]:  67%|██████▋   | 306/459 [00:29<00:14, 10.31it/s]
Epoch 16/50 [Train]:  67%|██████▋   | 308/459 [00:29<00:14, 10.35it/s]
Epoch 16/50 [Train]:  68%|██████▊   | 310/459 [00:29<00:14, 10.39it/s]
Epoch 16/50 [Train]:  68%|██████▊   | 312/459 [00:30<00:14, 10.41it/s]
Epoch 16/50 [Train]:  68%|██████▊   | 314/459 [00:30<00:13, 10.40it/s]
Epoch 16/50 [Train]:  69%|██████▉   | 316/459 [00:30<00:13, 10.31it/s]
Epoch 16/50 [Train]:  69%|██████▉   | 318/459 [00:30<00:13, 10.35it/s]
Epoch 16/50 [Train]:  70%|██████▉   | 320/459 [00:30<00:13, 10.38it/s]
Epoch 16/50 [Train]:  70%|███████   | 322/459 [00:31<00:13, 10.41it/s]
Epoch 16/50 [Train]:  71%|███████   | 324/459 [00:31<00:13, 10.38it/s]
Epoch 16/50 [Train]:  71%|███████   | 326/459 [00:31<00:12, 10.35it/s]
Epoch 16/50 [Train]:  71%|███████▏  | 328/459 [00:31<00:12, 10.35it/s]
Epoch 16/50 [Train]:  72%|███████▏  | 330/459 [00:31<00:12, 10.26it/s]
Epoch 16/50 [Train]:  72%|███████▏  | 332/459 [00:32<00:12, 10.24it/s]
Epoch 16/50 [Train]:  73%|███████▎  | 334/459 [00:32<00:12, 10.27it/s]
Epoch 16/50 [Train]:  73%|███████▎  | 336/459 [00:32<00:12, 10.15it/s]
Epoch 16/50 [Train]:  74%|███████▎  | 338/459 [00:32<00:11, 10.27it/s]
Epoch 16/50 [Train]:  74%|███████▍  | 340/459 [00:32<00:11, 10.26it/s]
Epoch 16/50 [Train]:  75%|███████▍  | 342/459 [00:33<00:11, 10.34it/s]
Epoch 16/50 [Train]:  75%|███████▍  | 344/459 [00:33<00:11, 10.39it/s]
Epoch 16/50 [Train]:  75%|███████▌  | 346/459 [00:33<00:10, 10.32it/s]
Epoch 16/50 [Train]:  76%|███████▌  | 348/459 [00:33<00:10, 10.28it/s]
Epoch 16/50 [Train]:  76%|███████▋  | 350/459 [00:33<00:10, 10.36it/s]
Epoch 16/50 [Train]:  77%|███████▋  | 352/459 [00:34<00:10, 10.37it/s]
Epoch 16/50 [Train]:  77%|███████▋  | 354/459 [00:34<00:10, 10.34it/s]
Epoch 16/50 [Train]:  78%|███████▊  | 356/459 [00:34<00:09, 10.35it/s]
Epoch 16/50 [Train]:  78%|███████▊  | 358/459 [00:34<00:09, 10.33it/s]
Epoch 16/50 [Train]:  78%|███████▊  | 360/459 [00:34<00:09, 10.35it/s]
Epoch 16/50 [Train]:  79%|███████▉  | 362/459 [00:34<00:09, 10.40it/s]
Epoch 16/50 [Train]:  79%|███████▉  | 364/459 [00:35<00:09, 10.42it/s]
Epoch 16/50 [Train]:  80%|███████▉  | 366/459 [00:35<00:08, 10.46it/s]
Epoch 16/50 [Train]:  80%|████████  | 368/459 [00:35<00:08, 10.50it/s]
Epoch 16/50 [Train]:  81%|████████  | 370/459 [00:35<00:08, 10.50it/s]
Epoch 16/50 [Train]:  81%|████████  | 372/459 [00:35<00:08, 10.42it/s]
Epoch 16/50 [Train]:  81%|████████▏ | 374/459 [00:36<00:08, 10.41it/s]
Epoch 16/50 [Train]:  82%|████████▏ | 376/459 [00:36<00:07, 10.40it/s]
Epoch 16/50 [Train]:  82%|████████▏ | 378/459 [00:36<00:07, 10.36it/s]
Epoch 16/50 [Train]:  83%|████████▎ | 380/459 [00:36<00:07, 10.40it/s]
Epoch 16/50 [Train]:  83%|████████▎ | 382/459 [00:36<00:07, 10.48it/s]
Epoch 16/50 [Train]:  84%|████████▎ | 384/459 [00:37<00:07, 10.47it/s]
Epoch 16/50 [Train]:  84%|████████▍ | 386/459 [00:37<00:07, 10.43it/s]
Epoch 16/50 [Train]:  85%|████████▍ | 388/459 [00:37<00:06, 10.44it/s]
Epoch 16/50 [Train]:  85%|████████▍ | 390/459 [00:37<00:06, 10.48it/s]
Epoch 16/50 [Train]:  85%|████████▌ | 392/459 [00:37<00:06, 10.45it/s]
Epoch 16/50 [Train]:  86%|████████▌ | 394/459 [00:38<00:06, 10.48it/s]
Epoch 16/50 [Train]:  86%|████████▋ | 396/459 [00:38<00:06, 10.42it/s]
Epoch 16/50 [Train]:  87%|████████▋ | 398/459 [00:38<00:05, 10.42it/s]
Epoch 16/50 [Train]:  87%|████████▋ | 400/459 [00:38<00:05, 10.40it/s]
Epoch 16/50 [Train]:  88%|████████▊ | 402/459 [00:38<00:05, 10.47it/s]
Epoch 16/50 [Train]:  88%|████████▊ | 404/459 [00:39<00:05, 10.47it/s]
Epoch 16/50 [Train]:  88%|████████▊ | 406/459 [00:39<00:05, 10.40it/s]
Epoch 16/50 [Train]:  89%|████████▉ | 408/459 [00:39<00:04, 10.43it/s]
Epoch 16/50 [Train]:  89%|████████▉ | 410/459 [00:39<00:04, 10.38it/s]
Epoch 16/50 [Train]:  90%|████████▉ | 412/459 [00:39<00:04, 10.24it/s]
Epoch 16/50 [Train]:  90%|█████████ | 414/459 [00:39<00:04, 10.33it/s]
Epoch 16/50 [Train]:  91%|█████████ | 416/459 [00:40<00:04, 10.40it/s]
Epoch 16/50 [Train]:  91%|█████████ | 418/459 [00:40<00:03, 10.32it/s]
Epoch 16/50 [Train]:  92%|█████████▏| 420/459 [00:40<00:03, 10.34it/s]
Epoch 16/50 [Train]:  92%|█████████▏| 422/459 [00:40<00:03, 10.37it/s]
Epoch 16/50 [Train]:  92%|█████████▏| 424/459 [00:40<00:03, 10.32it/s]
Epoch 16/50 [Train]:  93%|█████████▎| 426/459 [00:41<00:03, 10.39it/s]
Epoch 16/50 [Train]:  93%|█████████▎| 428/459 [00:41<00:02, 10.37it/s]
Epoch 16/50 [Train]:  94%|█████████▎| 430/459 [00:41<00:02, 10.35it/s]
Epoch 16/50 [Train]:  94%|█████████▍| 432/459 [00:41<00:02, 10.20it/s]
Epoch 16/50 [Train]:  95%|█████████▍| 434/459 [00:41<00:02, 10.32it/s]
Epoch 16/50 [Train]:  95%|█████████▍| 436/459 [00:42<00:02, 10.36it/s]
Epoch 16/50 [Train]:  95%|█████████▌| 438/459 [00:42<00:02, 10.35it/s]
Epoch 16/50 [Train]:  96%|█████████▌| 440/459 [00:42<00:01, 10.38it/s]
Epoch 16/50 [Train]:  96%|█████████▋| 442/459 [00:42<00:01, 10.37it/s]
Epoch 16/50 [Train]:  97%|█████████▋| 444/459 [00:42<00:01, 10.41it/s]
Epoch 16/50 [Train]:  97%|█████████▋| 446/459 [00:43<00:01, 10.44it/s]
Epoch 16/50 [Train]:  98%|█████████▊| 448/459 [00:43<00:01, 10.37it/s]
Epoch 16/50 [Train]:  98%|█████████▊| 450/459 [00:43<00:00, 10.42it/s]
Epoch 16/50 [Train]:  98%|█████████▊| 452/459 [00:43<00:00, 10.46it/s]
Epoch 16/50 [Train]:  99%|█████████▉| 454/459 [00:43<00:00, 10.39it/s]
Epoch 16/50 [Train]:  99%|█████████▉| 456/459 [00:44<00:00, 10.36it/s]
Epoch 16/50 [Train]: 100%|█████████▉| 458/459 [00:44<00:00, 10.37it/s]
                                                                      

Epoch 16/50 [Val]:   0%|          | 0/113 [00:00<?, ?it/s]
Epoch 16/50 [Val]:   2%|▏         | 2/113 [00:00<00:08, 13.12it/s]
Epoch 16/50 [Val]:   4%|▎         | 4/113 [00:00<00:07, 13.81it/s]
Epoch 16/50 [Val]:   5%|▌         | 6/113 [00:00<00:07, 13.76it/s]
Epoch 16/50 [Val]:   7%|▋         | 8/113 [00:00<00:07, 14.00it/s]
Epoch 16/50 [Val]:   9%|▉         | 10/113 [00:00<00:07, 14.18it/s]
Epoch 16/50 [Val]:  11%|█         | 12/113 [00:00<00:07, 13.87it/s]
Epoch 16/50 [Val]:  12%|█▏        | 14/113 [00:01<00:07, 13.89it/s]
Epoch 16/50 [Val]:  14%|█▍        | 16/113 [00:01<00:07, 13.43it/s]
Epoch 16/50 [Val]:  16%|█▌        | 18/113 [00:01<00:07, 13.07it/s]
Epoch 16/50 [Val]:  18%|█▊        | 20/113 [00:01<00:07, 12.96it/s]
Epoch 16/50 [Val]:  19%|█▉        | 22/113 [00:01<00:07, 12.79it/s]
Epoch 16/50 [Val]:  21%|██        | 24/113 [00:01<00:06, 12.79it/s]
Epoch 16/50 [Val]:  23%|██▎       | 26/113 [00:01<00:06, 13.01it/s]
Epoch 16/50 [Val]:  25%|██▍       | 28/113 [00:02<00:06, 13.10it/s]
Epoch 16/50 [Val]:  27%|██▋       | 30/113 [00:02<00:06, 13.34it/s]
Epoch 16/50 [Val]:  28%|██▊       | 32/113 [00:02<00:06, 13.33it/s]
Epoch 16/50 [Val]:  30%|███       | 34/113 [00:02<00:05, 13.48it/s]
Epoch 16/50 [Val]:  32%|███▏      | 36/113 [00:02<00:05, 13.93it/s]
Epoch 16/50 [Val]:  34%|███▎      | 38/113 [00:02<00:05, 14.01it/s]
Epoch 16/50 [Val]:  35%|███▌      | 40/113 [00:02<00:05, 14.05it/s]
Epoch 16/50 [Val]:  37%|███▋      | 42/113 [00:03<00:05, 14.18it/s]
Epoch 16/50 [Val]:  39%|███▉      | 44/113 [00:03<00:04, 14.20it/s]
Epoch 16/50 [Val]:  41%|████      | 46/113 [00:03<00:04, 13.92it/s]
Epoch 16/50 [Val]:  42%|████▏     | 48/113 [00:03<00:04, 13.97it/s]
Epoch 16/50 [Val]:  44%|████▍     | 50/113 [00:03<00:04, 14.06it/s]
Epoch 16/50 [Val]:  46%|████▌     | 52/113 [00:03<00:04, 14.05it/s]
Epoch 16/50 [Val]:  48%|████▊     | 54/113 [00:03<00:04, 13.86it/s]
Epoch 16/50 [Val]:  50%|████▉     | 56/113 [00:04<00:04, 14.00it/s]
Epoch 16/50 [Val]:  51%|█████▏    | 58/113 [00:04<00:03, 13.76it/s]
Epoch 16/50 [Val]:  53%|█████▎    | 60/113 [00:04<00:03, 14.15it/s]
Epoch 16/50 [Val]:  55%|█████▍    | 62/113 [00:04<00:03, 14.13it/s]
Epoch 16/50 [Val]:  57%|█████▋    | 64/113 [00:04<00:03, 14.13it/s]
Epoch 16/50 [Val]:  58%|█████▊    | 66/113 [00:04<00:03, 13.85it/s]
Epoch 16/50 [Val]:  60%|██████    | 68/113 [00:04<00:03, 13.78it/s]
Epoch 16/50 [Val]:  62%|██████▏   | 70/113 [00:05<00:03, 13.77it/s]
Epoch 16/50 [Val]:  64%|██████▎   | 72/113 [00:05<00:02, 14.04it/s]
Epoch 16/50 [Val]:  65%|██████▌   | 74/113 [00:05<00:02, 14.12it/s]
Epoch 16/50 [Val]:  67%|██████▋   | 76/113 [00:05<00:02, 14.26it/s]
Epoch 16/50 [Val]:  69%|██████▉   | 78/113 [00:05<00:02, 14.02it/s]
Epoch 16/50 [Val]:  71%|███████   | 80/113 [00:05<00:02, 14.06it/s]
Epoch 16/50 [Val]:  73%|███████▎  | 82/113 [00:05<00:02, 13.99it/s]
Epoch 16/50 [Val]:  74%|███████▍  | 84/113 [00:06<00:02, 13.99it/s]
Epoch 16/50 [Val]:  76%|███████▌  | 86/113 [00:06<00:01, 14.07it/s]
Epoch 16/50 [Val]:  78%|███████▊  | 88/113 [00:06<00:01, 14.06it/s]
Epoch 16/50 [Val]:  80%|███████▉  | 90/113 [00:06<00:01, 14.16it/s]
Epoch 16/50 [Val]:  81%|████████▏ | 92/113 [00:06<00:01, 14.33it/s]
Epoch 16/50 [Val]:  83%|████████▎ | 94/113 [00:06<00:01, 14.44it/s]
Epoch 16/50 [Val]:  85%|████████▍ | 96/113 [00:06<00:01, 14.67it/s]
Epoch 16/50 [Val]:  87%|████████▋ | 98/113 [00:07<00:01, 14.61it/s]
Epoch 16/50 [Val]:  88%|████████▊ | 100/113 [00:07<00:00, 14.35it/s]
Epoch 16/50 [Val]:  90%|█████████ | 102/113 [00:07<00:00, 14.20it/s]
Epoch 16/50 [Val]:  92%|█████████▏| 104/113 [00:07<00:00, 14.45it/s]
Epoch 16/50 [Val]:  94%|█████████▍| 106/113 [00:07<00:00, 14.35it/s]
Epoch 16/50 [Val]:  96%|█████████▌| 108/113 [00:07<00:00, 14.47it/s]
Epoch 16/50 [Val]:  97%|█████████▋| 110/113 [00:07<00:00, 14.65it/s]
Epoch 16/50 [Val]:  99%|█████████▉| 112/113 [00:08<00:00, 14.70it/s]
                                                                    

Epoch 17/50 [Train]:   0%|          | 0/459 [00:00<?, ?it/s]
Epoch 17/50 [Train]:   0%|          | 1/459 [00:00<00:47,  9.66it/s]
Epoch 17/50 [Train]:   1%|          | 3/459 [00:00<00:45, 10.06it/s]
Epoch 17/50 [Train]:   1%|          | 5/459 [00:00<00:45, 10.07it/s]
Epoch 17/50 [Train]:   2%|▏         | 7/459 [00:00<00:44, 10.15it/s]
Epoch 17/50 [Train]:   2%|▏         | 9/459 [00:00<00:44, 10.07it/s]
Epoch 17/50 [Train]:   2%|▏         | 11/459 [00:01<00:43, 10.21it/s]
Epoch 17/50 [Train]:   3%|▎         | 13/459 [00:01<00:43, 10.31it/s]
Epoch 17/50 [Train]:   3%|▎         | 15/459 [00:01<00:42, 10.39it/s]
Epoch 17/50 [Train]:   4%|▎         | 17/459 [00:01<00:42, 10.44it/s]
Epoch 17/50 [Train]:   4%|▍         | 19/459 [00:01<00:42, 10.45it/s]
Epoch 17/50 [Train]:   5%|▍         | 21/459 [00:02<00:41, 10.44it/s]
Epoch 17/50 [Train]:   5%|▌         | 23/459 [00:02<00:42, 10.37it/s]
Epoch 17/50 [Train]:   5%|▌         | 25/459 [00:02<00:41, 10.37it/s]
Epoch 17/50 [Train]:   6%|▌         | 27/459 [00:02<00:41, 10.42it/s]
Epoch 17/50 [Train]:   6%|▋         | 29/459 [00:02<00:41, 10.39it/s]
Epoch 17/50 [Train]:   7%|▋         | 31/459 [00:03<00:41, 10.38it/s]
Epoch 17/50 [Train]:   7%|▋         | 33/459 [00:03<00:40, 10.45it/s]
Epoch 17/50 [Train]:   8%|▊         | 35/459 [00:03<00:40, 10.42it/s]
Epoch 17/50 [Train]:   8%|▊         | 37/459 [00:03<00:40, 10.42it/s]
Epoch 17/50 [Train]:   8%|▊         | 39/459 [00:03<00:40, 10.44it/s]
Epoch 17/50 [Train]:   9%|▉         | 41/459 [00:03<00:40, 10.40it/s]
Epoch 17/50 [Train]:   9%|▉         | 43/459 [00:04<00:40, 10.38it/s]
Epoch 17/50 [Train]:  10%|▉         | 45/459 [00:04<00:39, 10.40it/s]
Epoch 17/50 [Train]:  10%|█         | 47/459 [00:04<00:39, 10.48it/s]
Epoch 17/50 [Train]:  11%|█         | 49/459 [00:04<00:39, 10.48it/s]
Epoch 17/50 [Train]:  11%|█         | 51/459 [00:04<00:39, 10.38it/s]
Epoch 17/50 [Train]:  12%|█▏        | 53/459 [00:05<00:39, 10.40it/s]
Epoch 17/50 [Train]:  12%|█▏        | 55/459 [00:05<00:39, 10.34it/s]
Epoch 17/50 [Train]:  12%|█▏        | 57/459 [00:05<00:38, 10.33it/s]
Epoch 17/50 [Train]:  13%|█▎        | 59/459 [00:05<00:38, 10.30it/s]
Epoch 17/50 [Train]:  13%|█▎        | 61/459 [00:05<00:38, 10.33it/s]
Epoch 17/50 [Train]:  14%|█▎        | 63/459 [00:06<00:38, 10.29it/s]
Epoch 17/50 [Train]:  14%|█▍        | 65/459 [00:06<00:38, 10.14it/s]
Epoch 17/50 [Train]:  15%|█▍        | 67/459 [00:06<00:38, 10.30it/s]
Epoch 17/50 [Train]:  15%|█▌        | 69/459 [00:06<00:37, 10.36it/s]
Epoch 17/50 [Train]:  15%|█▌        | 71/459 [00:06<00:37, 10.39it/s]
Epoch 17/50 [Train]:  16%|█▌        | 73/459 [00:07<00:37, 10.33it/s]
Epoch 17/50 [Train]:  16%|█▋        | 75/459 [00:07<00:37, 10.31it/s]
Epoch 17/50 [Train]:  17%|█▋        | 77/459 [00:07<00:36, 10.38it/s]
Epoch 17/50 [Train]:  17%|█▋        | 79/459 [00:07<00:36, 10.38it/s]
Epoch 17/50 [Train]:  18%|█▊        | 81/459 [00:07<00:36, 10.29it/s]
Epoch 17/50 [Train]:  18%|█▊        | 83/459 [00:08<00:36, 10.25it/s]
Epoch 17/50 [Train]:  19%|█▊        | 85/459 [00:08<00:36, 10.21it/s]
Epoch 17/50 [Train]:  19%|█▉        | 87/459 [00:08<00:36, 10.26it/s]
Epoch 17/50 [Train]:  19%|█▉        | 89/459 [00:08<00:35, 10.28it/s]
Epoch 17/50 [Train]:  20%|█▉        | 91/459 [00:08<00:36, 10.20it/s]
Epoch 17/50 [Train]:  20%|██        | 93/459 [00:09<00:35, 10.20it/s]
Epoch 17/50 [Train]:  21%|██        | 95/459 [00:09<00:35, 10.23it/s]
Epoch 17/50 [Train]:  21%|██        | 97/459 [00:09<00:36, 10.03it/s]
Epoch 17/50 [Train]:  22%|██▏       | 99/459 [00:09<00:35, 10.12it/s]
Epoch 17/50 [Train]:  22%|██▏       | 101/459 [00:09<00:35, 10.18it/s]
Epoch 17/50 [Train]:  22%|██▏       | 103/459 [00:09<00:34, 10.22it/s]
Epoch 17/50 [Train]:  23%|██▎       | 105/459 [00:10<00:34, 10.29it/s]
Epoch 17/50 [Train]:  23%|██▎       | 107/459 [00:10<00:34, 10.32it/s]
Epoch 17/50 [Train]:  24%|██▎       | 109/459 [00:10<00:33, 10.37it/s]
Epoch 17/50 [Train]:  24%|██▍       | 111/459 [00:10<00:33, 10.41it/s]
Epoch 17/50 [Train]:  25%|██▍       | 113/459 [00:10<00:33, 10.28it/s]
Epoch 17/50 [Train]:  25%|██▌       | 115/459 [00:11<00:33, 10.29it/s]
Epoch 17/50 [Train]:  25%|██▌       | 117/459 [00:11<00:33, 10.35it/s]
Epoch 17/50 [Train]:  26%|██▌       | 119/459 [00:11<00:32, 10.32it/s]
Epoch 17/50 [Train]:  26%|██▋       | 121/459 [00:11<00:32, 10.40it/s]
Epoch 17/50 [Train]:  27%|██▋       | 123/459 [00:11<00:32, 10.31it/s]
Epoch 17/50 [Train]:  27%|██▋       | 125/459 [00:12<00:32, 10.33it/s]
Epoch 17/50 [Train]:  28%|██▊       | 127/459 [00:12<00:32, 10.32it/s]
Epoch 17/50 [Train]:  28%|██▊       | 129/459 [00:12<00:31, 10.35it/s]
Epoch 17/50 [Train]:  29%|██▊       | 131/459 [00:12<00:31, 10.29it/s]
Epoch 17/50 [Train]:  29%|██▉       | 133/459 [00:12<00:31, 10.36it/s]
Epoch 17/50 [Train]:  29%|██▉       | 135/459 [00:13<00:31, 10.37it/s]
Epoch 17/50 [Train]:  30%|██▉       | 137/459 [00:13<00:31, 10.38it/s]
Epoch 17/50 [Train]:  30%|███       | 139/459 [00:13<00:30, 10.36it/s]
Epoch 17/50 [Train]:  31%|███       | 141/459 [00:13<00:30, 10.36it/s]
Epoch 17/50 [Train]:  31%|███       | 143/459 [00:13<00:30, 10.32it/s]
Epoch 17/50 [Train]:  32%|███▏      | 145/459 [00:14<00:30, 10.29it/s]
Epoch 17/50 [Train]:  32%|███▏      | 147/459 [00:14<00:30, 10.38it/s]
Epoch 17/50 [Train]:  32%|███▏      | 149/459 [00:14<00:29, 10.45it/s]
Epoch 17/50 [Train]:  33%|███▎      | 151/459 [00:14<00:29, 10.37it/s]
Epoch 17/50 [Train]:  33%|███▎      | 153/459 [00:14<00:29, 10.43it/s]
Epoch 17/50 [Train]:  34%|███▍      | 155/459 [00:15<00:29, 10.45it/s]
Epoch 17/50 [Train]:  34%|███▍      | 157/459 [00:15<00:28, 10.52it/s]
Epoch 17/50 [Train]:  35%|███▍      | 159/459 [00:15<00:28, 10.50it/s]
Epoch 17/50 [Train]:  35%|███▌      | 161/459 [00:15<00:28, 10.42it/s]
Epoch 17/50 [Train]:  36%|███▌      | 163/459 [00:15<00:28, 10.42it/s]
Epoch 17/50 [Train]:  36%|███▌      | 165/459 [00:15<00:28, 10.41it/s]
Epoch 17/50 [Train]:  36%|███▋      | 167/459 [00:16<00:27, 10.46it/s]
Epoch 17/50 [Train]:  37%|███▋      | 169/459 [00:16<00:27, 10.46it/s]
Epoch 17/50 [Train]:  37%|███▋      | 171/459 [00:16<00:27, 10.50it/s]
Epoch 17/50 [Train]:  38%|███▊      | 173/459 [00:16<00:27, 10.25it/s]
Epoch 17/50 [Train]:  38%|███▊      | 175/459 [00:16<00:27, 10.27it/s]
Epoch 17/50 [Train]:  39%|███▊      | 177/459 [00:17<00:27, 10.24it/s]
Epoch 17/50 [Train]:  39%|███▉      | 179/459 [00:17<00:27, 10.32it/s]
Epoch 17/50 [Train]:  39%|███▉      | 181/459 [00:17<00:27, 10.24it/s]
Epoch 17/50 [Train]:  40%|███▉      | 183/459 [00:17<00:26, 10.25it/s]
Epoch 17/50 [Train]:  40%|████      | 185/459 [00:17<00:26, 10.32it/s]
Epoch 17/50 [Train]:  41%|████      | 187/459 [00:18<00:26, 10.34it/s]
Epoch 17/50 [Train]:  41%|████      | 189/459 [00:18<00:25, 10.42it/s]
Epoch 17/50 [Train]:  42%|████▏     | 191/459 [00:18<00:25, 10.40it/s]
Epoch 17/50 [Train]:  42%|████▏     | 193/459 [00:18<00:25, 10.40it/s]
Epoch 17/50 [Train]:  42%|████▏     | 195/459 [00:18<00:25, 10.32it/s]
Epoch 17/50 [Train]:  43%|████▎     | 197/459 [00:19<00:25, 10.24it/s]
Epoch 17/50 [Train]:  43%|████▎     | 199/459 [00:19<00:25, 10.32it/s]
Epoch 17/50 [Train]:  44%|████▍     | 201/459 [00:19<00:25, 10.28it/s]
Epoch 17/50 [Train]:  44%|████▍     | 203/459 [00:19<00:24, 10.27it/s]
Epoch 17/50 [Train]:  45%|████▍     | 205/459 [00:19<00:24, 10.30it/s]
Epoch 17/50 [Train]:  45%|████▌     | 207/459 [00:20<00:24, 10.26it/s]
Epoch 17/50 [Train]:  46%|████▌     | 209/459 [00:20<00:24, 10.25it/s]
Epoch 17/50 [Train]:  46%|████▌     | 211/459 [00:20<00:24, 10.26it/s]
Epoch 17/50 [Train]:  46%|████▋     | 213/459 [00:20<00:23, 10.28it/s]
Epoch 17/50 [Train]:  47%|████▋     | 215/459 [00:20<00:23, 10.27it/s]
Epoch 17/50 [Train]:  47%|████▋     | 217/459 [00:21<00:23, 10.28it/s]
Epoch 17/50 [Train]:  48%|████▊     | 219/459 [00:21<00:23, 10.26it/s]
Epoch 17/50 [Train]:  48%|████▊     | 221/459 [00:21<00:23, 10.27it/s]
Epoch 17/50 [Train]:  49%|████▊     | 223/459 [00:21<00:22, 10.32it/s]
Epoch 17/50 [Train]:  49%|████▉     | 225/459 [00:21<00:22, 10.31it/s]
Epoch 17/50 [Train]:  49%|████▉     | 227/459 [00:21<00:22, 10.23it/s]
Epoch 17/50 [Train]:  50%|████▉     | 229/459 [00:22<00:22, 10.28it/s]
Epoch 17/50 [Train]:  50%|█████     | 231/459 [00:22<00:22, 10.34it/s]
Epoch 17/50 [Train]:  51%|█████     | 233/459 [00:22<00:21, 10.34it/s]
Epoch 17/50 [Train]:  51%|█████     | 235/459 [00:22<00:21, 10.41it/s]
Epoch 17/50 [Train]:  52%|█████▏    | 237/459 [00:22<00:21, 10.27it/s]
Epoch 17/50 [Train]:  52%|█████▏    | 239/459 [00:23<00:21, 10.27it/s]
Epoch 17/50 [Train]:  53%|█████▎    | 241/459 [00:23<00:21, 10.32it/s]
Epoch 17/50 [Train]:  53%|█████▎    | 243/459 [00:23<00:21, 10.27it/s]
Epoch 17/50 [Train]:  53%|█████▎    | 245/459 [00:23<00:20, 10.35it/s]
Epoch 17/50 [Train]:  54%|█████▍    | 247/459 [00:23<00:20, 10.33it/s]
Epoch 17/50 [Train]:  54%|█████▍    | 249/459 [00:24<00:20, 10.36it/s]
Epoch 17/50 [Train]:  55%|█████▍    | 251/459 [00:24<00:19, 10.43it/s]
Epoch 17/50 [Train]:  55%|█████▌    | 253/459 [00:24<00:20, 10.25it/s]
Epoch 17/50 [Train]:  56%|█████▌    | 255/459 [00:24<00:20, 10.17it/s]
Epoch 17/50 [Train]:  56%|█████▌    | 257/459 [00:24<00:19, 10.13it/s]
Epoch 17/50 [Train]:  56%|█████▋    | 259/459 [00:25<00:19, 10.14it/s]
Epoch 17/50 [Train]:  57%|█████▋    | 261/459 [00:25<00:19, 10.19it/s]
Epoch 17/50 [Train]:  57%|█████▋    | 263/459 [00:25<00:19, 10.22it/s]
Epoch 17/50 [Train]:  58%|█████▊    | 265/459 [00:25<00:19, 10.16it/s]
Epoch 17/50 [Train]:  58%|█████▊    | 267/459 [00:25<00:18, 10.16it/s]
Epoch 17/50 [Train]:  59%|█████▊    | 269/459 [00:26<00:18, 10.18it/s]
Epoch 17/50 [Train]:  59%|█████▉    | 271/459 [00:26<00:18, 10.21it/s]
Epoch 17/50 [Train]:  59%|█████▉    | 273/459 [00:26<00:18, 10.09it/s]
Epoch 17/50 [Train]:  60%|█████▉    | 275/459 [00:26<00:18, 10.05it/s]
Epoch 17/50 [Train]:  60%|██████    | 277/459 [00:26<00:17, 10.20it/s]
Epoch 17/50 [Train]:  61%|██████    | 279/459 [00:27<00:17, 10.18it/s]
Epoch 17/50 [Train]:  61%|██████    | 281/459 [00:27<00:17, 10.18it/s]
Epoch 17/50 [Train]:  62%|██████▏   | 283/459 [00:27<00:17, 10.28it/s]
Epoch 17/50 [Train]:  62%|██████▏   | 285/459 [00:27<00:16, 10.32it/s]
Epoch 17/50 [Train]:  63%|██████▎   | 287/459 [00:27<00:16, 10.35it/s]
Epoch 17/50 [Train]:  63%|██████▎   | 289/459 [00:28<00:16, 10.28it/s]
Epoch 17/50 [Train]:  63%|██████▎   | 291/459 [00:28<00:16, 10.36it/s]
Epoch 17/50 [Train]:  64%|██████▍   | 293/459 [00:28<00:16, 10.28it/s]
Epoch 17/50 [Train]:  64%|██████▍   | 295/459 [00:28<00:15, 10.30it/s]
Epoch 17/50 [Train]:  65%|██████▍   | 297/459 [00:28<00:15, 10.30it/s]
Epoch 17/50 [Train]:  65%|██████▌   | 299/459 [00:28<00:15, 10.35it/s]
Epoch 17/50 [Train]:  66%|██████▌   | 301/459 [00:29<00:15, 10.39it/s]
Epoch 17/50 [Train]:  66%|██████▌   | 303/459 [00:29<00:14, 10.41it/s]
Epoch 17/50 [Train]:  66%|██████▋   | 305/459 [00:29<00:14, 10.42it/s]
Epoch 17/50 [Train]:  67%|██████▋   | 307/459 [00:29<00:14, 10.47it/s]
Epoch 17/50 [Train]:  67%|██████▋   | 309/459 [00:29<00:14, 10.45it/s]
Epoch 17/50 [Train]:  68%|██████▊   | 311/459 [00:30<00:14, 10.36it/s]
Epoch 17/50 [Train]:  68%|██████▊   | 313/459 [00:30<00:14, 10.32it/s]
Epoch 17/50 [Train]:  69%|██████▊   | 315/459 [00:30<00:13, 10.44it/s]
Epoch 17/50 [Train]:  69%|██████▉   | 317/459 [00:30<00:13, 10.42it/s]
Epoch 17/50 [Train]:  69%|██████▉   | 319/459 [00:30<00:13, 10.36it/s]
Epoch 17/50 [Train]:  70%|██████▉   | 321/459 [00:31<00:13, 10.35it/s]
Epoch 17/50 [Train]:  70%|███████   | 323/459 [00:31<00:13, 10.39it/s]
Epoch 17/50 [Train]:  71%|███████   | 325/459 [00:31<00:12, 10.37it/s]
Epoch 17/50 [Train]:  71%|███████   | 327/459 [00:31<00:12, 10.36it/s]
Epoch 17/50 [Train]:  72%|███████▏  | 329/459 [00:31<00:12, 10.39it/s]
Epoch 17/50 [Train]:  72%|███████▏  | 331/459 [00:32<00:12, 10.34it/s]
Epoch 17/50 [Train]:  73%|███████▎  | 333/459 [00:32<00:12, 10.39it/s]
Epoch 17/50 [Train]:  73%|███████▎  | 335/459 [00:32<00:11, 10.36it/s]
Epoch 17/50 [Train]:  73%|███████▎  | 337/459 [00:32<00:11, 10.39it/s]
Epoch 17/50 [Train]:  74%|███████▍  | 339/459 [00:32<00:11, 10.32it/s]
Epoch 17/50 [Train]:  74%|███████▍  | 341/459 [00:33<00:11, 10.35it/s]
Epoch 17/50 [Train]:  75%|███████▍  | 343/459 [00:33<00:11, 10.32it/s]
Epoch 17/50 [Train]:  75%|███████▌  | 345/459 [00:33<00:11, 10.24it/s]
Epoch 17/50 [Train]:  76%|███████▌  | 347/459 [00:33<00:10, 10.21it/s]
Epoch 17/50 [Train]:  76%|███████▌  | 349/459 [00:33<00:10, 10.23it/s]
Epoch 17/50 [Train]:  76%|███████▋  | 351/459 [00:34<00:10, 10.16it/s]
Epoch 17/50 [Train]:  77%|███████▋  | 353/459 [00:34<00:10, 10.26it/s]
Epoch 17/50 [Train]:  77%|███████▋  | 355/459 [00:34<00:10, 10.29it/s]
Epoch 17/50 [Train]:  78%|███████▊  | 357/459 [00:34<00:09, 10.25it/s]
Epoch 17/50 [Train]:  78%|███████▊  | 359/459 [00:34<00:09, 10.17it/s]
Epoch 17/50 [Train]:  79%|███████▊  | 361/459 [00:35<00:09, 10.05it/s]
Epoch 17/50 [Train]:  79%|███████▉  | 363/459 [00:35<00:09, 10.11it/s]
Epoch 17/50 [Train]:  80%|███████▉  | 365/459 [00:35<00:09, 10.22it/s]
Epoch 17/50 [Train]:  80%|███████▉  | 367/459 [00:35<00:08, 10.29it/s]
Epoch 17/50 [Train]:  80%|████████  | 369/459 [00:35<00:08, 10.33it/s]
Epoch 17/50 [Train]:  81%|████████  | 371/459 [00:35<00:08, 10.36it/s]
Epoch 17/50 [Train]:  81%|████████▏ | 373/459 [00:36<00:08, 10.38it/s]
Epoch 17/50 [Train]:  82%|████████▏ | 375/459 [00:36<00:08, 10.41it/s]
Epoch 17/50 [Train]:  82%|████████▏ | 377/459 [00:36<00:07, 10.44it/s]
Epoch 17/50 [Train]:  83%|████████▎ | 379/459 [00:36<00:07, 10.42it/s]
Epoch 17/50 [Train]:  83%|████████▎ | 381/459 [00:36<00:07, 10.33it/s]
Epoch 17/50 [Train]:  83%|████████▎ | 383/459 [00:37<00:07, 10.40it/s]
Epoch 17/50 [Train]:  84%|████████▍ | 385/459 [00:37<00:07, 10.40it/s]
Epoch 17/50 [Train]:  84%|████████▍ | 387/459 [00:37<00:06, 10.39it/s]
Epoch 17/50 [Train]:  85%|████████▍ | 389/459 [00:37<00:06, 10.37it/s]
Epoch 17/50 [Train]:  85%|████████▌ | 391/459 [00:37<00:06, 10.35it/s]
Epoch 17/50 [Train]:  86%|████████▌ | 393/459 [00:38<00:06, 10.38it/s]
Epoch 17/50 [Train]:  86%|████████▌ | 395/459 [00:38<00:06, 10.45it/s]
Epoch 17/50 [Train]:  86%|████████▋ | 397/459 [00:38<00:05, 10.46it/s]
Epoch 17/50 [Train]:  87%|████████▋ | 399/459 [00:38<00:05, 10.42it/s]
Epoch 17/50 [Train]:  87%|████████▋ | 401/459 [00:38<00:05, 10.43it/s]
Epoch 17/50 [Train]:  88%|████████▊ | 403/459 [00:39<00:05, 10.34it/s]
Epoch 17/50 [Train]:  88%|████████▊ | 405/459 [00:39<00:05, 10.31it/s]
Epoch 17/50 [Train]:  89%|████████▊ | 407/459 [00:39<00:05, 10.36it/s]
Epoch 17/50 [Train]:  89%|████████▉ | 409/459 [00:39<00:04, 10.33it/s]
Epoch 17/50 [Train]:  90%|████████▉ | 411/459 [00:39<00:04, 10.23it/s]
Epoch 17/50 [Train]:  90%|████████▉ | 413/459 [00:40<00:04, 10.26it/s]
Epoch 17/50 [Train]:  90%|█████████ | 415/459 [00:40<00:04, 10.37it/s]
Epoch 17/50 [Train]:  91%|█████████ | 417/459 [00:40<00:04, 10.32it/s]
Epoch 17/50 [Train]:  91%|█████████▏| 419/459 [00:40<00:03, 10.30it/s]
Epoch 17/50 [Train]:  92%|█████████▏| 421/459 [00:40<00:03, 10.16it/s]
Epoch 17/50 [Train]:  92%|█████████▏| 423/459 [00:41<00:03, 10.21it/s]
Epoch 17/50 [Train]:  93%|█████████▎| 425/459 [00:41<00:03, 10.30it/s]
Epoch 17/50 [Train]:  93%|█████████▎| 427/459 [00:41<00:03, 10.37it/s]
Epoch 17/50 [Train]:  93%|█████████▎| 429/459 [00:41<00:02, 10.34it/s]
Epoch 17/50 [Train]:  94%|█████████▍| 431/459 [00:41<00:02, 10.34it/s]
Epoch 17/50 [Train]:  94%|█████████▍| 433/459 [00:41<00:02, 10.35it/s]
Epoch 17/50 [Train]:  95%|█████████▍| 435/459 [00:42<00:02, 10.38it/s]
Epoch 17/50 [Train]:  95%|█████████▌| 437/459 [00:42<00:02, 10.02it/s]
Epoch 17/50 [Train]:  96%|█████████▌| 439/459 [00:42<00:01, 10.14it/s]
Epoch 17/50 [Train]:  96%|█████████▌| 441/459 [00:42<00:01, 10.22it/s]
Epoch 17/50 [Train]:  97%|█████████▋| 443/459 [00:42<00:01, 10.23it/s]
Epoch 17/50 [Train]:  97%|█████████▋| 445/459 [00:43<00:01, 10.23it/s]
Epoch 17/50 [Train]:  97%|█████████▋| 447/459 [00:43<00:01, 10.31it/s]
Epoch 17/50 [Train]:  98%|█████████▊| 449/459 [00:43<00:00, 10.36it/s]
Epoch 17/50 [Train]:  98%|█████████▊| 451/459 [00:43<00:00, 10.37it/s]
Epoch 17/50 [Train]:  99%|█████████▊| 453/459 [00:43<00:00, 10.32it/s]
Epoch 17/50 [Train]:  99%|█████████▉| 455/459 [00:44<00:00, 10.34it/s]
Epoch 17/50 [Train]: 100%|█████████▉| 457/459 [00:44<00:00, 10.36it/s]
Epoch 17/50 [Train]: 100%|██████████| 459/459 [00:44<00:00, 10.39it/s]
                                                                      

Epoch 17/50 [Val]:   0%|          | 0/113 [00:00<?, ?it/s]
Epoch 17/50 [Val]:   2%|▏         | 2/113 [00:00<00:07, 13.98it/s]
Epoch 17/50 [Val]:   4%|▎         | 4/113 [00:00<00:07, 13.99it/s]
Epoch 17/50 [Val]:   5%|▌         | 6/113 [00:00<00:07, 13.66it/s]
Epoch 17/50 [Val]:   7%|▋         | 8/113 [00:00<00:07, 13.67it/s]
Epoch 17/50 [Val]:   9%|▉         | 10/113 [00:00<00:07, 13.92it/s]
Epoch 17/50 [Val]:  11%|█         | 12/113 [00:00<00:07, 13.99it/s]
Epoch 17/50 [Val]:  12%|█▏        | 14/113 [00:01<00:07, 13.99it/s]
Epoch 17/50 [Val]:  14%|█▍        | 16/113 [00:01<00:07, 13.55it/s]
Epoch 17/50 [Val]:  16%|█▌        | 18/113 [00:01<00:07, 13.11it/s]
Epoch 17/50 [Val]:  18%|█▊        | 20/113 [00:01<00:07, 12.90it/s]
Epoch 17/50 [Val]:  19%|█▉        | 22/113 [00:01<00:07, 12.79it/s]
Epoch 17/50 [Val]:  21%|██        | 24/113 [00:01<00:07, 12.70it/s]
Epoch 17/50 [Val]:  23%|██▎       | 26/113 [00:01<00:06, 12.88it/s]
Epoch 17/50 [Val]:  25%|██▍       | 28/113 [00:02<00:06, 13.09it/s]
Epoch 17/50 [Val]:  27%|██▋       | 30/113 [00:02<00:06, 13.07it/s]
Epoch 17/50 [Val]:  28%|██▊       | 32/113 [00:02<00:06, 13.22it/s]
Epoch 17/50 [Val]:  30%|███       | 34/113 [00:02<00:05, 13.43it/s]
Epoch 17/50 [Val]:  32%|███▏      | 36/113 [00:02<00:05, 13.79it/s]
Epoch 17/50 [Val]:  34%|███▎      | 38/113 [00:02<00:05, 14.02it/s]
Epoch 17/50 [Val]:  35%|███▌      | 40/113 [00:02<00:05, 14.10it/s]
Epoch 17/50 [Val]:  37%|███▋      | 42/113 [00:03<00:05, 14.17it/s]
Epoch 17/50 [Val]:  39%|███▉      | 44/113 [00:03<00:04, 13.96it/s]
Epoch 17/50 [Val]:  41%|████      | 46/113 [00:03<00:04, 13.83it/s]
Epoch 17/50 [Val]:  42%|████▏     | 48/113 [00:03<00:04, 13.87it/s]
Epoch 17/50 [Val]:  44%|████▍     | 50/113 [00:03<00:04, 13.96it/s]
Epoch 17/50 [Val]:  46%|████▌     | 52/113 [00:03<00:04, 14.16it/s]
Epoch 17/50 [Val]:  48%|████▊     | 54/113 [00:03<00:04, 14.33it/s]
Epoch 17/50 [Val]:  50%|████▉     | 56/113 [00:04<00:03, 14.29it/s]
Epoch 17/50 [Val]:  51%|█████▏    | 58/113 [00:04<00:03, 13.88it/s]
Epoch 17/50 [Val]:  53%|█████▎    | 60/113 [00:04<00:03, 14.03it/s]
Epoch 17/50 [Val]:  55%|█████▍    | 62/113 [00:04<00:03, 13.81it/s]
Epoch 17/50 [Val]:  57%|█████▋    | 64/113 [00:04<00:03, 13.92it/s]
Epoch 17/50 [Val]:  58%|█████▊    | 66/113 [00:04<00:03, 13.63it/s]
Epoch 17/50 [Val]:  60%|██████    | 68/113 [00:04<00:03, 13.63it/s]
Epoch 17/50 [Val]:  62%|██████▏   | 70/113 [00:05<00:03, 13.78it/s]
Epoch 17/50 [Val]:  64%|██████▎   | 72/113 [00:05<00:02, 14.03it/s]
Epoch 17/50 [Val]:  65%|██████▌   | 74/113 [00:05<00:02, 14.00it/s]
Epoch 17/50 [Val]:  67%|██████▋   | 76/113 [00:05<00:02, 14.11it/s]
Epoch 17/50 [Val]:  69%|██████▉   | 78/113 [00:05<00:02, 14.00it/s]
Epoch 17/50 [Val]:  71%|███████   | 80/113 [00:05<00:02, 13.93it/s]
Epoch 17/50 [Val]:  73%|███████▎  | 82/113 [00:05<00:02, 14.05it/s]
Epoch 17/50 [Val]:  74%|███████▍  | 84/113 [00:06<00:02, 14.02it/s]
Epoch 17/50 [Val]:  76%|███████▌  | 86/113 [00:06<00:01, 14.07it/s]
Epoch 17/50 [Val]:  78%|███████▊  | 88/113 [00:06<00:01, 13.65it/s]
Epoch 17/50 [Val]:  80%|███████▉  | 90/113 [00:06<00:01, 13.89it/s]
Epoch 17/50 [Val]:  81%|████████▏ | 92/113 [00:06<00:01, 13.85it/s]
Epoch 17/50 [Val]:  83%|████████▎ | 94/113 [00:06<00:01, 13.96it/s]
Epoch 17/50 [Val]:  85%|████████▍ | 96/113 [00:06<00:01, 14.28it/s]
Epoch 17/50 [Val]:  87%|████████▋ | 98/113 [00:07<00:01, 14.43it/s]
Epoch 17/50 [Val]:  88%|████████▊ | 100/113 [00:07<00:00, 14.21it/s]
Epoch 17/50 [Val]:  90%|█████████ | 102/113 [00:07<00:00, 13.86it/s]
Epoch 17/50 [Val]:  92%|█████████▏| 104/113 [00:07<00:00, 14.13it/s]
Epoch 17/50 [Val]:  94%|█████████▍| 106/113 [00:07<00:00, 14.16it/s]
Epoch 17/50 [Val]:  96%|█████████▌| 108/113 [00:07<00:00, 14.26it/s]
Epoch 17/50 [Val]:  97%|█████████▋| 110/113 [00:07<00:00, 14.01it/s]
Epoch 17/50 [Val]:  99%|█████████▉| 112/113 [00:08<00:00, 14.07it/s]
                                                                    

Epoch 18/50 [Train]:   0%|          | 0/459 [00:00<?, ?it/s]
Epoch 18/50 [Train]:   0%|          | 1/459 [00:00<00:45,  9.99it/s]
Epoch 18/50 [Train]:   0%|          | 2/459 [00:00<00:45,  9.95it/s]
Epoch 18/50 [Train]:   1%|          | 4/459 [00:00<00:44, 10.23it/s]
Epoch 18/50 [Train]:   1%|▏         | 6/459 [00:00<00:43, 10.30it/s]
Epoch 18/50 [Train]:   2%|▏         | 8/459 [00:00<00:44, 10.25it/s]
Epoch 18/50 [Train]:   2%|▏         | 10/459 [00:00<00:43, 10.32it/s]
Epoch 18/50 [Train]:   3%|▎         | 12/459 [00:01<00:43, 10.31it/s]
Epoch 18/50 [Train]:   3%|▎         | 14/459 [00:01<00:42, 10.38it/s]
Epoch 18/50 [Train]:   3%|▎         | 16/459 [00:01<00:42, 10.39it/s]
Epoch 18/50 [Train]:   4%|▍         | 18/459 [00:01<00:42, 10.42it/s]
Epoch 18/50 [Train]:   4%|▍         | 20/459 [00:01<00:42, 10.41it/s]
Epoch 18/50 [Train]:   5%|▍         | 22/459 [00:02<00:42, 10.39it/s]
Epoch 18/50 [Train]:   5%|▌         | 24/459 [00:02<00:41, 10.44it/s]
Epoch 18/50 [Train]:   6%|▌         | 26/459 [00:02<00:41, 10.36it/s]
Epoch 18/50 [Train]:   6%|▌         | 28/459 [00:02<00:41, 10.41it/s]
Epoch 18/50 [Train]:   7%|▋         | 30/459 [00:02<00:41, 10.38it/s]
Epoch 18/50 [Train]:   7%|▋         | 32/459 [00:03<00:41, 10.37it/s]
Epoch 18/50 [Train]:   7%|▋         | 34/459 [00:03<00:41, 10.30it/s]
Epoch 18/50 [Train]:   8%|▊         | 36/459 [00:03<00:41, 10.25it/s]
Epoch 18/50 [Train]:   8%|▊         | 38/459 [00:03<00:41, 10.25it/s]
Epoch 18/50 [Train]:   9%|▊         | 40/459 [00:03<00:40, 10.27it/s]
Epoch 18/50 [Train]:   9%|▉         | 42/459 [00:04<00:40, 10.24it/s]
Epoch 18/50 [Train]:  10%|▉         | 44/459 [00:04<00:40, 10.26it/s]
Epoch 18/50 [Train]:  10%|█         | 46/459 [00:04<00:40, 10.28it/s]
Epoch 18/50 [Train]:  10%|█         | 48/459 [00:04<00:39, 10.34it/s]
Epoch 18/50 [Train]:  11%|█         | 50/459 [00:04<00:39, 10.35it/s]
Epoch 18/50 [Train]:  11%|█▏        | 52/459 [00:05<00:39, 10.32it/s]
Epoch 18/50 [Train]:  12%|█▏        | 54/459 [00:05<00:39, 10.33it/s]
Epoch 18/50 [Train]:  12%|█▏        | 56/459 [00:05<00:39, 10.25it/s]
Epoch 18/50 [Train]:  13%|█▎        | 58/459 [00:05<00:38, 10.33it/s]
Epoch 18/50 [Train]:  13%|█▎        | 60/459 [00:05<00:38, 10.34it/s]
Epoch 18/50 [Train]:  14%|█▎        | 62/459 [00:06<00:38, 10.40it/s]
Epoch 18/50 [Train]:  14%|█▍        | 64/459 [00:06<00:38, 10.38it/s]
Epoch 18/50 [Train]:  14%|█▍        | 66/459 [00:06<00:37, 10.39it/s]
Epoch 18/50 [Train]:  15%|█▍        | 68/459 [00:06<00:37, 10.31it/s]
Epoch 18/50 [Train]:  15%|█▌        | 70/459 [00:06<00:37, 10.30it/s]
Epoch 18/50 [Train]:  16%|█▌        | 72/459 [00:06<00:37, 10.33it/s]
Epoch 18/50 [Train]:  16%|█▌        | 74/459 [00:07<00:37, 10.34it/s]
Epoch 18/50 [Train]:  17%|█▋        | 76/459 [00:07<00:37, 10.22it/s]
Epoch 18/50 [Train]:  17%|█▋        | 78/459 [00:07<00:37, 10.27it/s]
Epoch 18/50 [Train]:  17%|█▋        | 80/459 [00:07<00:36, 10.27it/s]
Epoch 18/50 [Train]:  18%|█▊        | 82/459 [00:07<00:36, 10.24it/s]
Epoch 18/50 [Train]:  18%|█▊        | 84/459 [00:08<00:36, 10.20it/s]
Epoch 18/50 [Train]:  19%|█▊        | 86/459 [00:08<00:36, 10.09it/s]
Epoch 18/50 [Train]:  19%|█▉        | 88/459 [00:08<00:36, 10.19it/s]
Epoch 18/50 [Train]:  20%|█▉        | 90/459 [00:08<00:35, 10.28it/s]
Epoch 18/50 [Train]:  20%|██        | 92/459 [00:08<00:35, 10.28it/s]
Epoch 18/50 [Train]:  20%|██        | 94/459 [00:09<00:35, 10.31it/s]
Epoch 18/50 [Train]:  21%|██        | 96/459 [00:09<00:35, 10.36it/s]
Epoch 18/50 [Train]:  21%|██▏       | 98/459 [00:09<00:35, 10.30it/s]
Epoch 18/50 [Train]:  22%|██▏       | 100/459 [00:09<00:34, 10.32it/s]
Epoch 18/50 [Train]:  22%|██▏       | 102/459 [00:09<00:34, 10.34it/s]
Epoch 18/50 [Train]:  23%|██▎       | 104/459 [00:10<00:34, 10.38it/s]
Epoch 18/50 [Train]:  23%|██▎       | 106/459 [00:10<00:34, 10.37it/s]
Epoch 18/50 [Train]:  24%|██▎       | 108/459 [00:10<00:33, 10.41it/s]
Epoch 18/50 [Train]:  24%|██▍       | 110/459 [00:10<00:33, 10.43it/s]
Epoch 18/50 [Train]:  24%|██▍       | 112/459 [00:10<00:33, 10.45it/s]
Epoch 18/50 [Train]:  25%|██▍       | 114/459 [00:11<00:33, 10.44it/s]
Epoch 18/50 [Train]:  25%|██▌       | 116/459 [00:11<00:32, 10.45it/s]
Epoch 18/50 [Train]:  26%|██▌       | 118/459 [00:11<00:32, 10.35it/s]
Epoch 18/50 [Train]:  26%|██▌       | 120/459 [00:11<00:32, 10.33it/s]
Epoch 18/50 [Train]:  27%|██▋       | 122/459 [00:11<00:32, 10.34it/s]
Epoch 18/50 [Train]:  27%|██▋       | 124/459 [00:12<00:32, 10.40it/s]
Epoch 18/50 [Train]:  27%|██▋       | 126/459 [00:12<00:32, 10.39it/s]
Epoch 18/50 [Train]:  28%|██▊       | 128/459 [00:12<00:32, 10.32it/s]
Epoch 18/50 [Train]:  28%|██▊       | 130/459 [00:12<00:31, 10.37it/s]
Epoch 18/50 [Train]:  29%|██▉       | 132/459 [00:12<00:31, 10.38it/s]
Epoch 18/50 [Train]:  29%|██▉       | 134/459 [00:12<00:31, 10.37it/s]
Epoch 18/50 [Train]:  30%|██▉       | 136/459 [00:13<00:31, 10.41it/s]
Epoch 18/50 [Train]:  30%|███       | 138/459 [00:13<00:30, 10.38it/s]
Epoch 18/50 [Train]:  31%|███       | 140/459 [00:13<00:30, 10.44it/s]
Epoch 18/50 [Train]:  31%|███       | 142/459 [00:13<00:30, 10.41it/s]
Epoch 18/50 [Train]:  31%|███▏      | 144/459 [00:13<00:30, 10.37it/s]
Epoch 18/50 [Train]:  32%|███▏      | 146/459 [00:14<00:30, 10.36it/s]
Epoch 18/50 [Train]:  32%|███▏      | 148/459 [00:14<00:30, 10.34it/s]
Epoch 18/50 [Train]:  33%|███▎      | 150/459 [00:14<00:29, 10.37it/s]
Epoch 18/50 [Train]:  33%|███▎      | 152/459 [00:14<00:29, 10.37it/s]
Epoch 18/50 [Train]:  34%|███▎      | 154/459 [00:14<00:29, 10.34it/s]
Epoch 18/50 [Train]:  34%|███▍      | 156/459 [00:15<00:29, 10.37it/s]
Epoch 18/50 [Train]:  34%|███▍      | 158/459 [00:15<00:29, 10.38it/s]
Epoch 18/50 [Train]:  35%|███▍      | 160/459 [00:15<00:29, 10.28it/s]
Epoch 18/50 [Train]:  35%|███▌      | 162/459 [00:15<00:28, 10.33it/s]
Epoch 18/50 [Train]:  36%|███▌      | 164/459 [00:15<00:28, 10.39it/s]
Epoch 18/50 [Train]:  36%|███▌      | 166/459 [00:16<00:28, 10.37it/s]
Epoch 18/50 [Train]:  37%|███▋      | 168/459 [00:16<00:28, 10.37it/s]
Epoch 18/50 [Train]:  37%|███▋      | 170/459 [00:16<00:28, 10.26it/s]
Epoch 18/50 [Train]:  37%|███▋      | 172/459 [00:16<00:27, 10.28it/s]
Epoch 18/50 [Train]:  38%|███▊      | 174/459 [00:16<00:27, 10.27it/s]
Epoch 18/50 [Train]:  38%|███▊      | 176/459 [00:17<00:27, 10.27it/s]
Epoch 18/50 [Train]:  39%|███▉      | 178/459 [00:17<00:27, 10.28it/s]
Epoch 18/50 [Train]:  39%|███▉      | 180/459 [00:17<00:27, 10.19it/s]
Epoch 18/50 [Train]:  40%|███▉      | 182/459 [00:17<00:27, 10.20it/s]
Epoch 18/50 [Train]:  40%|████      | 184/459 [00:17<00:26, 10.23it/s]
Epoch 18/50 [Train]:  41%|████      | 186/459 [00:18<00:26, 10.29it/s]
Epoch 18/50 [Train]:  41%|████      | 188/459 [00:18<00:26, 10.36it/s]
Epoch 18/50 [Train]:  41%|████▏     | 190/459 [00:18<00:26, 10.32it/s]
Epoch 18/50 [Train]:  42%|████▏     | 192/459 [00:18<00:25, 10.29it/s]
Epoch 18/50 [Train]:  42%|████▏     | 194/459 [00:18<00:25, 10.24it/s]
Epoch 18/50 [Train]:  43%|████▎     | 196/459 [00:18<00:25, 10.19it/s]
Epoch 18/50 [Train]:  43%|████▎     | 198/459 [00:19<00:25, 10.19it/s]
Epoch 18/50 [Train]:  44%|████▎     | 200/459 [00:19<00:25, 10.25it/s]
Epoch 18/50 [Train]:  44%|████▍     | 202/459 [00:19<00:25, 10.26it/s]
Epoch 18/50 [Train]:  44%|████▍     | 204/459 [00:19<00:24, 10.29it/s]
Epoch 18/50 [Train]:  45%|████▍     | 206/459 [00:19<00:24, 10.32it/s]
Epoch 18/50 [Train]:  45%|████▌     | 208/459 [00:20<00:24, 10.35it/s]
Epoch 18/50 [Train]:  46%|████▌     | 210/459 [00:20<00:24, 10.33it/s]
Epoch 18/50 [Train]:  46%|████▌     | 212/459 [00:20<00:23, 10.32it/s]
Epoch 18/50 [Train]:  47%|████▋     | 214/459 [00:20<00:23, 10.29it/s]
Epoch 18/50 [Train]:  47%|████▋     | 216/459 [00:20<00:23, 10.31it/s]
Epoch 18/50 [Train]:  47%|████▋     | 218/459 [00:21<00:23, 10.25it/s]
Epoch 18/50 [Train]:  48%|████▊     | 220/459 [00:21<00:23, 10.23it/s]
Epoch 18/50 [Train]:  48%|████▊     | 222/459 [00:21<00:23, 10.24it/s]
Epoch 18/50 [Train]:  49%|████▉     | 224/459 [00:21<00:22, 10.26it/s]
Epoch 18/50 [Train]:  49%|████▉     | 226/459 [00:21<00:22, 10.30it/s]
Epoch 18/50 [Train]:  50%|████▉     | 228/459 [00:22<00:22, 10.33it/s]
Epoch 18/50 [Train]:  50%|█████     | 230/459 [00:22<00:22, 10.33it/s]
Epoch 18/50 [Train]:  51%|█████     | 232/459 [00:22<00:21, 10.33it/s]
Epoch 18/50 [Train]:  51%|█████     | 234/459 [00:22<00:21, 10.34it/s]
Epoch 18/50 [Train]:  51%|█████▏    | 236/459 [00:22<00:21, 10.34it/s]
Epoch 18/50 [Train]:  52%|█████▏    | 238/459 [00:23<00:21, 10.34it/s]
Epoch 18/50 [Train]:  52%|█████▏    | 240/459 [00:23<00:21, 10.30it/s]
Epoch 18/50 [Train]:  53%|█████▎    | 242/459 [00:23<00:20, 10.36it/s]
Epoch 18/50 [Train]:  53%|█████▎    | 244/459 [00:23<00:20, 10.43it/s]
Epoch 18/50 [Train]:  54%|█████▎    | 246/459 [00:23<00:20, 10.47it/s]
Epoch 18/50 [Train]:  54%|█████▍    | 248/459 [00:24<00:20, 10.33it/s]
Epoch 18/50 [Train]:  54%|█████▍    | 250/459 [00:24<00:20, 10.33it/s]
Epoch 18/50 [Train]:  55%|█████▍    | 252/459 [00:24<00:20, 10.26it/s]
Epoch 18/50 [Train]:  55%|█████▌    | 254/459 [00:24<00:19, 10.31it/s]
Epoch 18/50 [Train]:  56%|█████▌    | 256/459 [00:24<00:19, 10.33it/s]
Epoch 18/50 [Train]:  56%|█████▌    | 258/459 [00:24<00:19, 10.32it/s]
Epoch 18/50 [Train]:  57%|█████▋    | 260/459 [00:25<00:19, 10.28it/s]
Epoch 18/50 [Train]:  57%|█████▋    | 262/459 [00:25<00:19, 10.30it/s]
Epoch 18/50 [Train]:  58%|█████▊    | 264/459 [00:25<00:19, 10.25it/s]
Epoch 18/50 [Train]:  58%|█████▊    | 266/459 [00:25<00:18, 10.25it/s]
Epoch 18/50 [Train]:  58%|█████▊    | 268/459 [00:25<00:18, 10.30it/s]
Epoch 18/50 [Train]:  59%|█████▉    | 270/459 [00:26<00:18, 10.26it/s]
Epoch 18/50 [Train]:  59%|█████▉    | 272/459 [00:26<00:18, 10.24it/s]
Epoch 18/50 [Train]:  60%|█████▉    | 274/459 [00:26<00:17, 10.30it/s]
Epoch 18/50 [Train]:  60%|██████    | 276/459 [00:26<00:17, 10.37it/s]
Epoch 18/50 [Train]:  61%|██████    | 278/459 [00:26<00:17, 10.33it/s]
Epoch 18/50 [Train]:  61%|██████    | 280/459 [00:27<00:17, 10.36it/s]
Epoch 18/50 [Train]:  61%|██████▏   | 282/459 [00:27<00:17, 10.35it/s]
Epoch 18/50 [Train]:  62%|██████▏   | 284/459 [00:27<00:16, 10.36it/s]
Epoch 18/50 [Train]:  62%|██████▏   | 286/459 [00:27<00:16, 10.36it/s]
Epoch 18/50 [Train]:  63%|██████▎   | 288/459 [00:27<00:16, 10.35it/s]
Epoch 18/50 [Train]:  63%|██████▎   | 290/459 [00:28<00:16, 10.28it/s]
Epoch 18/50 [Train]:  64%|██████▎   | 292/459 [00:28<00:16, 10.32it/s]
Epoch 18/50 [Train]:  64%|██████▍   | 294/459 [00:28<00:16, 10.23it/s]
Epoch 18/50 [Train]:  64%|██████▍   | 296/459 [00:28<00:15, 10.26it/s]
Epoch 18/50 [Train]:  65%|██████▍   | 298/459 [00:28<00:15, 10.30it/s]
Epoch 18/50 [Train]:  65%|██████▌   | 300/459 [00:29<00:15, 10.33it/s]
Epoch 18/50 [Train]:  66%|██████▌   | 302/459 [00:29<00:15, 10.39it/s]
Epoch 18/50 [Train]:  66%|██████▌   | 304/459 [00:29<00:14, 10.39it/s]
Epoch 18/50 [Train]:  67%|██████▋   | 306/459 [00:29<00:14, 10.36it/s]
Epoch 18/50 [Train]:  67%|██████▋   | 308/459 [00:29<00:14, 10.28it/s]
Epoch 18/50 [Train]:  68%|██████▊   | 310/459 [00:30<00:14, 10.33it/s]
Epoch 18/50 [Train]:  68%|██████▊   | 312/459 [00:30<00:14, 10.32it/s]
Epoch 18/50 [Train]:  68%|██████▊   | 314/459 [00:30<00:14, 10.34it/s]
Epoch 18/50 [Train]:  69%|██████▉   | 316/459 [00:30<00:13, 10.37it/s]
Epoch 18/50 [Train]:  69%|██████▉   | 318/459 [00:30<00:13, 10.41it/s]
Epoch 18/50 [Train]:  70%|██████▉   | 320/459 [00:31<00:13, 10.37it/s]
Epoch 18/50 [Train]:  70%|███████   | 322/459 [00:31<00:13, 10.42it/s]
Epoch 18/50 [Train]:  71%|███████   | 324/459 [00:31<00:13, 10.29it/s]
Epoch 18/50 [Train]:  71%|███████   | 326/459 [00:31<00:12, 10.26it/s]
Epoch 18/50 [Train]:  71%|███████▏  | 328/459 [00:31<00:12, 10.24it/s]
Epoch 18/50 [Train]:  72%|███████▏  | 330/459 [00:31<00:12, 10.27it/s]
Epoch 18/50 [Train]:  72%|███████▏  | 332/459 [00:32<00:12, 10.31it/s]
Epoch 18/50 [Train]:  73%|███████▎  | 334/459 [00:32<00:12, 10.34it/s]
Epoch 18/50 [Train]:  73%|███████▎  | 336/459 [00:32<00:11, 10.37it/s]
Epoch 18/50 [Train]:  74%|███████▎  | 338/459 [00:32<00:11, 10.38it/s]
Epoch 18/50 [Train]:  74%|███████▍  | 340/459 [00:32<00:11, 10.36it/s]
Epoch 18/50 [Train]:  75%|███████▍  | 342/459 [00:33<00:11, 10.38it/s]
Epoch 18/50 [Train]:  75%|███████▍  | 344/459 [00:33<00:11, 10.35it/s]
Epoch 18/50 [Train]:  75%|███████▌  | 346/459 [00:33<00:10, 10.39it/s]
Epoch 18/50 [Train]:  76%|███████▌  | 348/459 [00:33<00:10, 10.40it/s]
Epoch 18/50 [Train]:  76%|███████▋  | 350/459 [00:33<00:10, 10.42it/s]
Epoch 18/50 [Train]:  77%|███████▋  | 352/459 [00:34<00:10, 10.38it/s]
Epoch 18/50 [Train]:  77%|███████▋  | 354/459 [00:34<00:10, 10.39it/s]
Epoch 18/50 [Train]:  78%|███████▊  | 356/459 [00:34<00:09, 10.39it/s]
Epoch 18/50 [Train]:  78%|███████▊  | 358/459 [00:34<00:09, 10.38it/s]
Epoch 18/50 [Train]:  78%|███████▊  | 360/459 [00:34<00:09, 10.41it/s]
Epoch 18/50 [Train]:  79%|███████▉  | 362/459 [00:35<00:09, 10.40it/s]
Epoch 18/50 [Train]:  79%|███████▉  | 364/459 [00:35<00:09, 10.46it/s]
Epoch 18/50 [Train]:  80%|███████▉  | 366/459 [00:35<00:08, 10.42it/s]
Epoch 18/50 [Train]:  80%|████████  | 368/459 [00:35<00:08, 10.46it/s]
Epoch 18/50 [Train]:  81%|████████  | 370/459 [00:35<00:08, 10.42it/s]
Epoch 18/50 [Train]:  81%|████████  | 372/459 [00:36<00:08, 10.38it/s]
Epoch 18/50 [Train]:  81%|████████▏ | 374/459 [00:36<00:08, 10.41it/s]
Epoch 18/50 [Train]:  82%|████████▏ | 376/459 [00:36<00:08, 10.37it/s]
Epoch 18/50 [Train]:  82%|████████▏ | 378/459 [00:36<00:07, 10.40it/s]
Epoch 18/50 [Train]:  83%|████████▎ | 380/459 [00:36<00:07, 10.45it/s]
Epoch 18/50 [Train]:  83%|████████▎ | 382/459 [00:36<00:07, 10.45it/s]
Epoch 18/50 [Train]:  84%|████████▎ | 384/459 [00:37<00:07, 10.46it/s]
Epoch 18/50 [Train]:  84%|████████▍ | 386/459 [00:37<00:06, 10.45it/s]
Epoch 18/50 [Train]:  85%|████████▍ | 388/459 [00:37<00:06, 10.41it/s]
Epoch 18/50 [Train]:  85%|████████▍ | 390/459 [00:37<00:06, 10.36it/s]
Epoch 18/50 [Train]:  85%|████████▌ | 392/459 [00:37<00:06, 10.35it/s]
Epoch 18/50 [Train]:  86%|████████▌ | 394/459 [00:38<00:06, 10.29it/s]
Epoch 18/50 [Train]:  86%|████████▋ | 396/459 [00:38<00:06, 10.32it/s]
Epoch 18/50 [Train]:  87%|████████▋ | 398/459 [00:38<00:05, 10.41it/s]
Epoch 18/50 [Train]:  87%|████████▋ | 400/459 [00:38<00:05, 10.44it/s]
Epoch 18/50 [Train]:  88%|████████▊ | 402/459 [00:38<00:05, 10.46it/s]
Epoch 18/50 [Train]:  88%|████████▊ | 404/459 [00:39<00:05, 10.45it/s]
Epoch 18/50 [Train]:  88%|████████▊ | 406/459 [00:39<00:05, 10.42it/s]
Epoch 18/50 [Train]:  89%|████████▉ | 408/459 [00:39<00:04, 10.39it/s]
Epoch 18/50 [Train]:  89%|████████▉ | 410/459 [00:39<00:04, 10.31it/s]
Epoch 18/50 [Train]:  90%|████████▉ | 412/459 [00:39<00:04, 10.33it/s]
Epoch 18/50 [Train]:  90%|█████████ | 414/459 [00:40<00:04, 10.32it/s]
Epoch 18/50 [Train]:  91%|█████████ | 416/459 [00:40<00:04, 10.38it/s]
Epoch 18/50 [Train]:  91%|█████████ | 418/459 [00:40<00:03, 10.32it/s]
Epoch 18/50 [Train]:  92%|█████████▏| 420/459 [00:40<00:03, 10.33it/s]
Epoch 18/50 [Train]:  92%|█████████▏| 422/459 [00:40<00:03, 10.29it/s]
Epoch 18/50 [Train]:  92%|█████████▏| 424/459 [00:41<00:03, 10.17it/s]
Epoch 18/50 [Train]:  93%|█████████▎| 426/459 [00:41<00:03, 10.21it/s]
Epoch 18/50 [Train]:  93%|█████████▎| 428/459 [00:41<00:03, 10.28it/s]
Epoch 18/50 [Train]:  94%|█████████▎| 430/459 [00:41<00:02,  9.86it/s]
Epoch 18/50 [Train]:  94%|█████████▍| 432/459 [00:41<00:02, 10.06it/s]
Epoch 18/50 [Train]:  95%|█████████▍| 434/459 [00:42<00:02, 10.04it/s]
Epoch 18/50 [Train]:  95%|█████████▍| 436/459 [00:42<00:02, 10.14it/s]
Epoch 18/50 [Train]:  95%|█████████▌| 438/459 [00:42<00:02, 10.11it/s]
Epoch 18/50 [Train]:  96%|█████████▌| 440/459 [00:42<00:01, 10.13it/s]
Epoch 18/50 [Train]:  96%|█████████▋| 442/459 [00:42<00:01, 10.22it/s]
Epoch 18/50 [Train]:  97%|█████████▋| 444/459 [00:43<00:01, 10.09it/s]
Epoch 18/50 [Train]:  97%|█████████▋| 446/459 [00:43<00:01, 10.07it/s]
Epoch 18/50 [Train]:  98%|█████████▊| 448/459 [00:43<00:01, 10.07it/s]
Epoch 18/50 [Train]:  98%|█████████▊| 450/459 [00:43<00:00, 10.11it/s]
Epoch 18/50 [Train]:  98%|█████████▊| 452/459 [00:43<00:00, 10.21it/s]
Epoch 18/50 [Train]:  99%|█████████▉| 454/459 [00:43<00:00, 10.26it/s]
Epoch 18/50 [Train]:  99%|█████████▉| 456/459 [00:44<00:00, 10.29it/s]
Epoch 18/50 [Train]: 100%|█████████▉| 458/459 [00:44<00:00, 10.23it/s]
                                                                      

Epoch 18/50 [Val]:   0%|          | 0/113 [00:00<?, ?it/s]
Epoch 18/50 [Val]:   2%|▏         | 2/113 [00:00<00:07, 14.03it/s]
Epoch 18/50 [Val]:   4%|▎         | 4/113 [00:00<00:07, 13.86it/s]
Epoch 18/50 [Val]:   5%|▌         | 6/113 [00:00<00:07, 13.98it/s]
Epoch 18/50 [Val]:   7%|▋         | 8/113 [00:00<00:07, 13.86it/s]
Epoch 18/50 [Val]:   9%|▉         | 10/113 [00:00<00:07, 14.18it/s]
Epoch 18/50 [Val]:  11%|█         | 12/113 [00:00<00:07, 14.15it/s]
Epoch 18/50 [Val]:  12%|█▏        | 14/113 [00:00<00:07, 14.11it/s]
Epoch 18/50 [Val]:  14%|█▍        | 16/113 [00:01<00:07, 13.61it/s]
Epoch 18/50 [Val]:  16%|█▌        | 18/113 [00:01<00:07, 13.27it/s]
Epoch 18/50 [Val]:  18%|█▊        | 20/113 [00:01<00:07, 13.15it/s]
Epoch 18/50 [Val]:  19%|█▉        | 22/113 [00:01<00:07, 12.96it/s]
Epoch 18/50 [Val]:  21%|██        | 24/113 [00:01<00:06, 13.02it/s]
Epoch 18/50 [Val]:  23%|██▎       | 26/113 [00:01<00:06, 13.05it/s]
Epoch 18/50 [Val]:  25%|██▍       | 28/113 [00:02<00:06, 13.10it/s]
Epoch 18/50 [Val]:  27%|██▋       | 30/113 [00:02<00:06, 13.20it/s]
Epoch 18/50 [Val]:  28%|██▊       | 32/113 [00:02<00:06, 13.35it/s]
Epoch 18/50 [Val]:  30%|███       | 34/113 [00:02<00:05, 13.44it/s]
Epoch 18/50 [Val]:  32%|███▏      | 36/113 [00:02<00:05, 13.70it/s]
Epoch 18/50 [Val]:  34%|███▎      | 38/113 [00:02<00:05, 13.85it/s]
Epoch 18/50 [Val]:  35%|███▌      | 40/113 [00:02<00:05, 14.02it/s]
Epoch 18/50 [Val]:  37%|███▋      | 42/113 [00:03<00:05, 14.07it/s]
Epoch 18/50 [Val]:  39%|███▉      | 44/113 [00:03<00:04, 13.96it/s]
Epoch 18/50 [Val]:  41%|████      | 46/113 [00:03<00:04, 13.81it/s]
Epoch 18/50 [Val]:  42%|████▏     | 48/113 [00:03<00:04, 13.83it/s]
Epoch 18/50 [Val]:  44%|████▍     | 50/113 [00:03<00:04, 13.93it/s]
Epoch 18/50 [Val]:  46%|████▌     | 52/113 [00:03<00:04, 14.11it/s]
Epoch 18/50 [Val]:  48%|████▊     | 54/113 [00:03<00:04, 14.17it/s]
Epoch 18/50 [Val]:  50%|████▉     | 56/113 [00:04<00:04, 14.23it/s]
Epoch 18/50 [Val]:  51%|█████▏    | 58/113 [00:04<00:03, 13.78it/s]
Epoch 18/50 [Val]:  53%|█████▎    | 60/113 [00:04<00:03, 14.12it/s]
Epoch 18/50 [Val]:  55%|█████▍    | 62/113 [00:04<00:03, 13.96it/s]
Epoch 18/50 [Val]:  57%|█████▋    | 64/113 [00:04<00:03, 14.12it/s]
Epoch 18/50 [Val]:  58%|█████▊    | 66/113 [00:04<00:03, 13.94it/s]
Epoch 18/50 [Val]:  60%|██████    | 68/113 [00:04<00:03, 13.78it/s]
Epoch 18/50 [Val]:  62%|██████▏   | 70/113 [00:05<00:03, 13.96it/s]
Epoch 18/50 [Val]:  64%|██████▎   | 72/113 [00:05<00:02, 13.99it/s]
Epoch 18/50 [Val]:  65%|██████▌   | 74/113 [00:05<00:02, 14.27it/s]
Epoch 18/50 [Val]:  67%|██████▋   | 76/113 [00:05<00:02, 14.31it/s]
Epoch 18/50 [Val]:  69%|██████▉   | 78/113 [00:05<00:02, 14.17it/s]
Epoch 18/50 [Val]:  71%|███████   | 80/113 [00:05<00:02, 14.11it/s]
Epoch 18/50 [Val]:  73%|███████▎  | 82/113 [00:05<00:02, 14.18it/s]
Epoch 18/50 [Val]:  74%|███████▍  | 84/113 [00:06<00:02, 14.20it/s]
Epoch 18/50 [Val]:  76%|███████▌  | 86/113 [00:06<00:01, 14.20it/s]
Epoch 18/50 [Val]:  78%|███████▊  | 88/113 [00:06<00:01, 14.09it/s]
Epoch 18/50 [Val]:  80%|███████▉  | 90/113 [00:06<00:01, 14.25it/s]
Epoch 18/50 [Val]:  81%|████████▏ | 92/113 [00:06<00:01, 14.23it/s]
Epoch 18/50 [Val]:  83%|████████▎ | 94/113 [00:06<00:01, 14.36it/s]
Epoch 18/50 [Val]:  85%|████████▍ | 96/113 [00:06<00:01, 14.56it/s]
Epoch 18/50 [Val]:  87%|████████▋ | 98/113 [00:07<00:01, 14.52it/s]
Epoch 18/50 [Val]:  88%|████████▊ | 100/113 [00:07<00:00, 14.26it/s]
Epoch 18/50 [Val]:  90%|█████████ | 102/113 [00:07<00:00, 14.12it/s]
Epoch 18/50 [Val]:  92%|█████████▏| 104/113 [00:07<00:00, 14.29it/s]
Epoch 18/50 [Val]:  94%|█████████▍| 106/113 [00:07<00:00, 14.27it/s]
Epoch 18/50 [Val]:  96%|█████████▌| 108/113 [00:07<00:00, 14.13it/s]
Epoch 18/50 [Val]:  97%|█████████▋| 110/113 [00:07<00:00, 14.36it/s]
Epoch 18/50 [Val]:  99%|█████████▉| 112/113 [00:08<00:00, 14.48it/s]
                                                                    

Epoch 19/50 [Train]:   0%|          | 0/459 [00:00<?, ?it/s]
Epoch 19/50 [Train]:   0%|          | 2/459 [00:00<00:45,  9.96it/s]
Epoch 19/50 [Train]:   1%|          | 4/459 [00:00<00:44, 10.25it/s]
Epoch 19/50 [Train]:   1%|▏         | 6/459 [00:00<00:43, 10.32it/s]
Epoch 19/50 [Train]:   2%|▏         | 8/459 [00:00<00:44, 10.21it/s]
Epoch 19/50 [Train]:   2%|▏         | 10/459 [00:00<00:44, 10.20it/s]
Epoch 19/50 [Train]:   3%|▎         | 12/459 [00:01<00:43, 10.27it/s]
Epoch 19/50 [Train]:   3%|▎         | 14/459 [00:01<00:42, 10.36it/s]
Epoch 19/50 [Train]:   3%|▎         | 16/459 [00:01<00:42, 10.41it/s]
Epoch 19/50 [Train]:   4%|▍         | 18/459 [00:01<00:42, 10.34it/s]
Epoch 19/50 [Train]:   4%|▍         | 20/459 [00:01<00:42, 10.38it/s]
Epoch 19/50 [Train]:   5%|▍         | 22/459 [00:02<00:42, 10.33it/s]
Epoch 19/50 [Train]:   5%|▌         | 24/459 [00:02<00:41, 10.38it/s]
Epoch 19/50 [Train]:   6%|▌         | 26/459 [00:02<00:41, 10.39it/s]
Epoch 19/50 [Train]:   6%|▌         | 28/459 [00:02<00:41, 10.37it/s]
Epoch 19/50 [Train]:   7%|▋         | 30/459 [00:02<00:41, 10.40it/s]
Epoch 19/50 [Train]:   7%|▋         | 32/459 [00:03<00:41, 10.40it/s]
Epoch 19/50 [Train]:   7%|▋         | 34/459 [00:03<00:40, 10.40it/s]
Epoch 19/50 [Train]:   8%|▊         | 36/459 [00:03<00:40, 10.43it/s]
Epoch 19/50 [Train]:   8%|▊         | 38/459 [00:03<00:40, 10.48it/s]
Epoch 19/50 [Train]:   9%|▊         | 40/459 [00:03<00:40, 10.42it/s]
Epoch 19/50 [Train]:   9%|▉         | 42/459 [00:04<00:40, 10.31it/s]
Epoch 19/50 [Train]:  10%|▉         | 44/459 [00:04<00:40, 10.27it/s]
Epoch 19/50 [Train]:  10%|█         | 46/459 [00:04<00:40, 10.32it/s]
Epoch 19/50 [Train]:  10%|█         | 48/459 [00:04<00:40, 10.23it/s]
Epoch 19/50 [Train]:  11%|█         | 50/459 [00:04<00:40, 10.12it/s]
Epoch 19/50 [Train]:  11%|█▏        | 52/459 [00:05<00:39, 10.19it/s]
Epoch 19/50 [Train]:  12%|█▏        | 54/459 [00:05<00:39, 10.25it/s]
Epoch 19/50 [Train]:  12%|█▏        | 56/459 [00:05<00:39, 10.22it/s]
Epoch 19/50 [Train]:  13%|█▎        | 58/459 [00:05<00:39, 10.28it/s]
Epoch 19/50 [Train]:  13%|█▎        | 60/459 [00:05<00:39, 10.11it/s]
Epoch 19/50 [Train]:  14%|█▎        | 62/459 [00:06<00:39, 10.18it/s]
Epoch 19/50 [Train]:  14%|█▍        | 64/459 [00:06<00:38, 10.23it/s]
Epoch 19/50 [Train]:  14%|█▍        | 66/459 [00:06<00:37, 10.35it/s]
Epoch 19/50 [Train]:  15%|█▍        | 68/459 [00:06<00:37, 10.42it/s]
Epoch 19/50 [Train]:  15%|█▌        | 70/459 [00:06<00:37, 10.33it/s]
Epoch 19/50 [Train]:  16%|█▌        | 72/459 [00:06<00:37, 10.36it/s]
Epoch 19/50 [Train]:  16%|█▌        | 74/459 [00:07<00:37, 10.36it/s]
Epoch 19/50 [Train]:  17%|█▋        | 76/459 [00:07<00:36, 10.43it/s]
Epoch 19/50 [Train]:  17%|█▋        | 78/459 [00:07<00:36, 10.33it/s]
Epoch 19/50 [Train]:  17%|█▋        | 80/459 [00:07<00:37, 10.22it/s]
Epoch 19/50 [Train]:  18%|█▊        | 82/459 [00:07<00:36, 10.26it/s]
Epoch 19/50 [Train]:  18%|█▊        | 84/459 [00:08<00:36, 10.34it/s]
Epoch 19/50 [Train]:  19%|█▊        | 86/459 [00:08<00:35, 10.36it/s]
Epoch 19/50 [Train]:  19%|█▉        | 88/459 [00:08<00:35, 10.33it/s]
Epoch 19/50 [Train]:  20%|█▉        | 90/459 [00:08<00:35, 10.33it/s]
Epoch 19/50 [Train]:  20%|██        | 92/459 [00:08<00:35, 10.36it/s]
Epoch 19/50 [Train]:  20%|██        | 94/459 [00:09<00:34, 10.43it/s]
Epoch 19/50 [Train]:  21%|██        | 96/459 [00:09<00:34, 10.42it/s]
Epoch 19/50 [Train]:  21%|██▏       | 98/459 [00:09<00:34, 10.41it/s]
Epoch 19/50 [Train]:  22%|██▏       | 100/459 [00:09<00:34, 10.39it/s]
Epoch 19/50 [Train]:  22%|██▏       | 102/459 [00:09<00:34, 10.22it/s]
Epoch 19/50 [Train]:  23%|██▎       | 104/459 [00:10<00:34, 10.22it/s]
Epoch 19/50 [Train]:  23%|██▎       | 106/459 [00:10<00:34, 10.27it/s]
Epoch 19/50 [Train]:  24%|██▎       | 108/459 [00:10<00:34, 10.29it/s]
Epoch 19/50 [Train]:  24%|██▍       | 110/459 [00:10<00:33, 10.38it/s]
Epoch 19/50 [Train]:  24%|██▍       | 112/459 [00:10<00:33, 10.29it/s]
Epoch 19/50 [Train]:  25%|██▍       | 114/459 [00:11<00:33, 10.28it/s]
Epoch 19/50 [Train]:  25%|██▌       | 116/459 [00:11<00:33, 10.24it/s]
Epoch 19/50 [Train]:  26%|██▌       | 118/459 [00:11<00:33, 10.27it/s]
Epoch 19/50 [Train]:  26%|██▌       | 120/459 [00:11<00:32, 10.32it/s]
Epoch 19/50 [Train]:  27%|██▋       | 122/459 [00:11<00:32, 10.33it/s]
Epoch 19/50 [Train]:  27%|██▋       | 124/459 [00:12<00:32, 10.39it/s]
Epoch 19/50 [Train]:  27%|██▋       | 126/459 [00:12<00:32, 10.39it/s]
Epoch 19/50 [Train]:  28%|██▊       | 128/459 [00:12<00:31, 10.38it/s]
Epoch 19/50 [Train]:  28%|██▊       | 130/459 [00:12<00:31, 10.34it/s]
Epoch 19/50 [Train]:  29%|██▉       | 132/459 [00:12<00:31, 10.35it/s]
Epoch 19/50 [Train]:  29%|██▉       | 134/459 [00:12<00:31, 10.34it/s]
Epoch 19/50 [Train]:  30%|██▉       | 136/459 [00:13<00:31, 10.33it/s]
Epoch 19/50 [Train]:  30%|███       | 138/459 [00:13<00:31, 10.33it/s]
Epoch 19/50 [Train]:  31%|███       | 140/459 [00:13<00:30, 10.36it/s]
Epoch 19/50 [Train]:  31%|███       | 142/459 [00:13<00:30, 10.30it/s]
Epoch 19/50 [Train]:  31%|███▏      | 144/459 [00:13<00:30, 10.33it/s]
Epoch 19/50 [Train]:  32%|███▏      | 146/459 [00:14<00:30, 10.38it/s]
Epoch 19/50 [Train]:  32%|███▏      | 148/459 [00:14<00:30, 10.35it/s]
Epoch 19/50 [Train]:  33%|███▎      | 150/459 [00:14<00:30, 10.26it/s]
Epoch 19/50 [Train]:  33%|███▎      | 152/459 [00:14<00:29, 10.31it/s]
Epoch 19/50 [Train]:  34%|███▎      | 154/459 [00:14<00:29, 10.33it/s]
Epoch 19/50 [Train]:  34%|███▍      | 156/459 [00:15<00:29, 10.32it/s]
Epoch 19/50 [Train]:  34%|███▍      | 158/459 [00:15<00:29, 10.29it/s]
Epoch 19/50 [Train]:  35%|███▍      | 160/459 [00:15<00:29, 10.26it/s]
Epoch 19/50 [Train]:  35%|███▌      | 162/459 [00:15<00:28, 10.27it/s]
Epoch 19/50 [Train]:  36%|███▌      | 164/459 [00:15<00:28, 10.34it/s]
Epoch 19/50 [Train]:  36%|███▌      | 166/459 [00:16<00:28, 10.35it/s]
Epoch 19/50 [Train]:  37%|███▋      | 168/459 [00:16<00:28, 10.34it/s]
Epoch 19/50 [Train]:  37%|███▋      | 170/459 [00:16<00:27, 10.33it/s]
Epoch 19/50 [Train]:  37%|███▋      | 172/459 [00:16<00:27, 10.37it/s]
Epoch 19/50 [Train]:  38%|███▊      | 174/459 [00:16<00:27, 10.31it/s]
Epoch 19/50 [Train]:  38%|███▊      | 176/459 [00:17<00:27, 10.26it/s]
Epoch 19/50 [Train]:  39%|███▉      | 178/459 [00:17<00:27, 10.29it/s]
Epoch 19/50 [Train]:  39%|███▉      | 180/459 [00:17<00:26, 10.34it/s]
Epoch 19/50 [Train]:  40%|███▉      | 182/459 [00:17<00:26, 10.30it/s]
Epoch 19/50 [Train]:  40%|████      | 184/459 [00:17<00:26, 10.24it/s]
Epoch 19/50 [Train]:  41%|████      | 186/459 [00:18<00:26, 10.20it/s]
Epoch 19/50 [Train]:  41%|████      | 188/459 [00:18<00:26, 10.23it/s]
Epoch 19/50 [Train]:  41%|████▏     | 190/459 [00:18<00:26, 10.27it/s]
Epoch 19/50 [Train]:  42%|████▏     | 192/459 [00:18<00:25, 10.29it/s]
Epoch 19/50 [Train]:  42%|████▏     | 194/459 [00:18<00:25, 10.27it/s]
Epoch 19/50 [Train]:  43%|████▎     | 196/459 [00:19<00:25, 10.22it/s]
Epoch 19/50 [Train]:  43%|████▎     | 198/459 [00:19<00:25, 10.20it/s]
Epoch 19/50 [Train]:  44%|████▎     | 200/459 [00:19<00:25, 10.28it/s]
Epoch 19/50 [Train]:  44%|████▍     | 202/459 [00:19<00:25, 10.25it/s]
Epoch 19/50 [Train]:  44%|████▍     | 204/459 [00:19<00:24, 10.25it/s]
Epoch 19/50 [Train]:  45%|████▍     | 206/459 [00:19<00:24, 10.29it/s]
Epoch 19/50 [Train]:  45%|████▌     | 208/459 [00:20<00:24, 10.27it/s]
Epoch 19/50 [Train]:  46%|████▌     | 210/459 [00:20<00:24, 10.27it/s]
Epoch 19/50 [Train]:  46%|████▌     | 212/459 [00:20<00:24, 10.27it/s]
Epoch 19/50 [Train]:  47%|████▋     | 214/459 [00:20<00:23, 10.21it/s]
Epoch 19/50 [Train]:  47%|████▋     | 216/459 [00:20<00:23, 10.22it/s]
Epoch 19/50 [Train]:  47%|████▋     | 218/459 [00:21<00:23, 10.22it/s]
Epoch 19/50 [Train]:  48%|████▊     | 220/459 [00:21<00:23, 10.22it/s]
Epoch 19/50 [Train]:  48%|████▊     | 222/459 [00:21<00:23, 10.16it/s]
Epoch 19/50 [Train]:  49%|████▉     | 224/459 [00:21<00:23, 10.16it/s]
Epoch 19/50 [Train]:  49%|████▉     | 226/459 [00:21<00:22, 10.15it/s]
Epoch 19/50 [Train]:  50%|████▉     | 228/459 [00:22<00:22, 10.11it/s]
Epoch 19/50 [Train]:  50%|█████     | 230/459 [00:22<00:22, 10.13it/s]
Epoch 19/50 [Train]:  51%|█████     | 232/459 [00:22<00:22, 10.16it/s]
Epoch 19/50 [Train]:  51%|█████     | 234/459 [00:22<00:22, 10.22it/s]
Epoch 19/50 [Train]:  51%|█████▏    | 236/459 [00:22<00:21, 10.32it/s]
Epoch 19/50 [Train]:  52%|█████▏    | 238/459 [00:23<00:21, 10.32it/s]
Epoch 19/50 [Train]:  52%|█████▏    | 240/459 [00:23<00:21, 10.32it/s]
Epoch 19/50 [Train]:  53%|█████▎    | 242/459 [00:23<00:20, 10.34it/s]
Epoch 19/50 [Train]:  53%|█████▎    | 244/459 [00:23<00:20, 10.34it/s]
Epoch 19/50 [Train]:  54%|█████▎    | 246/459 [00:23<00:20, 10.36it/s]
Epoch 19/50 [Train]:  54%|█████▍    | 248/459 [00:24<00:20, 10.36it/s]
Epoch 19/50 [Train]:  54%|█████▍    | 250/459 [00:24<00:20, 10.37it/s]
Epoch 19/50 [Train]:  55%|█████▍    | 252/459 [00:24<00:20, 10.22it/s]
Epoch 19/50 [Train]:  55%|█████▌    | 254/459 [00:24<00:19, 10.26it/s]
Epoch 19/50 [Train]:  56%|█████▌    | 256/459 [00:24<00:19, 10.23it/s]
Epoch 19/50 [Train]:  56%|█████▌    | 258/459 [00:25<00:19, 10.30it/s]
Epoch 19/50 [Train]:  57%|█████▋    | 260/459 [00:25<00:19, 10.27it/s]
Epoch 19/50 [Train]:  57%|█████▋    | 262/459 [00:25<00:19, 10.26it/s]
Epoch 19/50 [Train]:  58%|█████▊    | 264/459 [00:25<00:18, 10.30it/s]
Epoch 19/50 [Train]:  58%|█████▊    | 266/459 [00:25<00:18, 10.29it/s]
Epoch 19/50 [Train]:  58%|█████▊    | 268/459 [00:26<00:18, 10.36it/s]
Epoch 19/50 [Train]:  59%|█████▉    | 270/459 [00:26<00:18, 10.41it/s]
Epoch 19/50 [Train]:  59%|█████▉    | 272/459 [00:26<00:17, 10.44it/s]
Epoch 19/50 [Train]:  60%|█████▉    | 274/459 [00:26<00:17, 10.46it/s]
Epoch 19/50 [Train]:  60%|██████    | 276/459 [00:26<00:17, 10.48it/s]
Epoch 19/50 [Train]:  61%|██████    | 278/459 [00:26<00:17, 10.47it/s]
Epoch 19/50 [Train]:  61%|██████    | 280/459 [00:27<00:17, 10.49it/s]
Epoch 19/50 [Train]:  61%|██████▏   | 282/459 [00:27<00:16, 10.50it/s]
Epoch 19/50 [Train]:  62%|██████▏   | 284/459 [00:27<00:16, 10.51it/s]
Epoch 19/50 [Train]:  62%|██████▏   | 286/459 [00:27<00:16, 10.48it/s]
Epoch 19/50 [Train]:  63%|██████▎   | 288/459 [00:27<00:16, 10.36it/s]
Epoch 19/50 [Train]:  63%|██████▎   | 290/459 [00:28<00:16, 10.32it/s]
Epoch 19/50 [Train]:  64%|██████▎   | 292/459 [00:28<00:16, 10.27it/s]
Epoch 19/50 [Train]:  64%|██████▍   | 294/459 [00:28<00:16, 10.31it/s]
Epoch 19/50 [Train]:  64%|██████▍   | 296/459 [00:28<00:15, 10.30it/s]
Epoch 19/50 [Train]:  65%|██████▍   | 298/459 [00:28<00:15, 10.29it/s]
Epoch 19/50 [Train]:  65%|██████▌   | 300/459 [00:29<00:15, 10.28it/s]
Epoch 19/50 [Train]:  66%|██████▌   | 302/459 [00:29<00:15, 10.25it/s]
Epoch 19/50 [Train]:  66%|██████▌   | 304/459 [00:29<00:15, 10.25it/s]
Epoch 19/50 [Train]:  67%|██████▋   | 306/459 [00:29<00:14, 10.35it/s]
Epoch 19/50 [Train]:  67%|██████▋   | 308/459 [00:29<00:14, 10.39it/s]
Epoch 19/50 [Train]:  68%|██████▊   | 310/459 [00:30<00:14, 10.38it/s]
Epoch 19/50 [Train]:  68%|██████▊   | 312/459 [00:30<00:14, 10.33it/s]
Epoch 19/50 [Train]:  68%|██████▊   | 314/459 [00:30<00:13, 10.39it/s]
Epoch 19/50 [Train]:  69%|██████▉   | 316/459 [00:30<00:13, 10.40it/s]
Epoch 19/50 [Train]:  69%|██████▉   | 318/459 [00:30<00:13, 10.27it/s]
Epoch 19/50 [Train]:  70%|██████▉   | 320/459 [00:31<00:13, 10.34it/s]
Epoch 19/50 [Train]:  70%|███████   | 322/459 [00:31<00:13, 10.35it/s]
Epoch 19/50 [Train]:  71%|███████   | 324/459 [00:31<00:13, 10.31it/s]
Epoch 19/50 [Train]:  71%|███████   | 326/459 [00:31<00:12, 10.34it/s]
Epoch 19/50 [Train]:  71%|███████▏  | 328/459 [00:31<00:12, 10.39it/s]
Epoch 19/50 [Train]:  72%|███████▏  | 330/459 [00:32<00:12, 10.32it/s]
Epoch 19/50 [Train]:  72%|███████▏  | 332/459 [00:32<00:12, 10.35it/s]
Epoch 19/50 [Train]:  73%|███████▎  | 334/459 [00:32<00:12, 10.39it/s]
Epoch 19/50 [Train]:  73%|███████▎  | 336/459 [00:32<00:11, 10.40it/s]
Epoch 19/50 [Train]:  74%|███████▎  | 338/459 [00:32<00:11, 10.34it/s]
Epoch 19/50 [Train]:  74%|███████▍  | 340/459 [00:32<00:11, 10.27it/s]
Epoch 19/50 [Train]:  75%|███████▍  | 342/459 [00:33<00:11, 10.32it/s]
Epoch 19/50 [Train]:  75%|███████▍  | 344/459 [00:33<00:11, 10.36it/s]
Epoch 19/50 [Train]:  75%|███████▌  | 346/459 [00:33<00:10, 10.37it/s]
Epoch 19/50 [Train]:  76%|███████▌  | 348/459 [00:33<00:10, 10.40it/s]
Epoch 19/50 [Train]:  76%|███████▋  | 350/459 [00:33<00:10, 10.41it/s]
Epoch 19/50 [Train]:  77%|███████▋  | 352/459 [00:34<00:10, 10.36it/s]
Epoch 19/50 [Train]:  77%|███████▋  | 354/459 [00:34<00:10, 10.29it/s]
Epoch 19/50 [Train]:  78%|███████▊  | 356/459 [00:34<00:09, 10.36it/s]
Epoch 19/50 [Train]:  78%|███████▊  | 358/459 [00:34<00:09, 10.37it/s]
Epoch 19/50 [Train]:  78%|███████▊  | 360/459 [00:34<00:09, 10.23it/s]
Epoch 19/50 [Train]:  79%|███████▉  | 362/459 [00:35<00:09, 10.25it/s]
Epoch 19/50 [Train]:  79%|███████▉  | 364/459 [00:35<00:09, 10.30it/s]
Epoch 19/50 [Train]:  80%|███████▉  | 366/459 [00:35<00:08, 10.37it/s]
Epoch 19/50 [Train]:  80%|████████  | 368/459 [00:35<00:08, 10.37it/s]
Epoch 19/50 [Train]:  81%|████████  | 370/459 [00:35<00:08, 10.39it/s]
Epoch 19/50 [Train]:  81%|████████  | 372/459 [00:36<00:08, 10.45it/s]
Epoch 19/50 [Train]:  81%|████████▏ | 374/459 [00:36<00:08, 10.47it/s]
Epoch 19/50 [Train]:  82%|████████▏ | 376/459 [00:36<00:07, 10.45it/s]
Epoch 19/50 [Train]:  82%|████████▏ | 378/459 [00:36<00:07, 10.23it/s]
Epoch 19/50 [Train]:  83%|████████▎ | 380/459 [00:36<00:07, 10.28it/s]
Epoch 19/50 [Train]:  83%|████████▎ | 382/459 [00:37<00:07, 10.34it/s]
Epoch 19/50 [Train]:  84%|████████▎ | 384/459 [00:37<00:07, 10.34it/s]
Epoch 19/50 [Train]:  84%|████████▍ | 386/459 [00:37<00:07, 10.32it/s]
Epoch 19/50 [Train]:  85%|████████▍ | 388/459 [00:37<00:06, 10.33it/s]
Epoch 19/50 [Train]:  85%|████████▍ | 390/459 [00:37<00:06, 10.34it/s]
Epoch 19/50 [Train]:  85%|████████▌ | 392/459 [00:37<00:06, 10.36it/s]
Epoch 19/50 [Train]:  86%|████████▌ | 394/459 [00:38<00:06, 10.31it/s]
Epoch 19/50 [Train]:  86%|████████▋ | 396/459 [00:38<00:06, 10.39it/s]
Epoch 19/50 [Train]:  87%|████████▋ | 398/459 [00:38<00:05, 10.43it/s]
Epoch 19/50 [Train]:  87%|████████▋ | 400/459 [00:38<00:05, 10.45it/s]
Epoch 19/50 [Train]:  88%|████████▊ | 402/459 [00:38<00:05, 10.42it/s]
Epoch 19/50 [Train]:  88%|████████▊ | 404/459 [00:39<00:05, 10.44it/s]
Epoch 19/50 [Train]:  88%|████████▊ | 406/459 [00:39<00:05, 10.47it/s]
Epoch 19/50 [Train]:  89%|████████▉ | 408/459 [00:39<00:04, 10.43it/s]
Epoch 19/50 [Train]:  89%|████████▉ | 410/459 [00:39<00:04, 10.44it/s]
Epoch 19/50 [Train]:  90%|████████▉ | 412/459 [00:39<00:04, 10.43it/s]
Epoch 19/50 [Train]:  90%|█████████ | 414/459 [00:40<00:04, 10.41it/s]
Epoch 19/50 [Train]:  91%|█████████ | 416/459 [00:40<00:04, 10.43it/s]
Epoch 19/50 [Train]:  91%|█████████ | 418/459 [00:40<00:03, 10.43it/s]
Epoch 19/50 [Train]:  92%|█████████▏| 420/459 [00:40<00:03, 10.48it/s]
Epoch 19/50 [Train]:  92%|█████████▏| 422/459 [00:40<00:03, 10.32it/s]
Epoch 19/50 [Train]:  92%|█████████▏| 424/459 [00:41<00:03, 10.36it/s]
Epoch 19/50 [Train]:  93%|█████████▎| 426/459 [00:41<00:03, 10.33it/s]
Epoch 19/50 [Train]:  93%|█████████▎| 428/459 [00:41<00:02, 10.38it/s]
Epoch 19/50 [Train]:  94%|█████████▎| 430/459 [00:41<00:02, 10.37it/s]
Epoch 19/50 [Train]:  94%|█████████▍| 432/459 [00:41<00:02, 10.34it/s]
Epoch 19/50 [Train]:  95%|█████████▍| 434/459 [00:42<00:02, 10.33it/s]
Epoch 19/50 [Train]:  95%|█████████▍| 436/459 [00:42<00:02, 10.33it/s]
Epoch 19/50 [Train]:  95%|█████████▌| 438/459 [00:42<00:02, 10.37it/s]
Epoch 19/50 [Train]:  96%|█████████▌| 440/459 [00:42<00:01, 10.41it/s]
Epoch 19/50 [Train]:  96%|█████████▋| 442/459 [00:42<00:01, 10.35it/s]
Epoch 19/50 [Train]:  97%|█████████▋| 444/459 [00:43<00:01, 10.30it/s]
Epoch 19/50 [Train]:  97%|█████████▋| 446/459 [00:43<00:01, 10.31it/s]
Epoch 19/50 [Train]:  98%|█████████▊| 448/459 [00:43<00:01, 10.37it/s]
Epoch 19/50 [Train]:  98%|█████████▊| 450/459 [00:43<00:00, 10.41it/s]
Epoch 19/50 [Train]:  98%|█████████▊| 452/459 [00:43<00:00, 10.43it/s]
Epoch 19/50 [Train]:  99%|█████████▉| 454/459 [00:43<00:00, 10.45it/s]
Epoch 19/50 [Train]:  99%|█████████▉| 456/459 [00:44<00:00, 10.41it/s]
Epoch 19/50 [Train]: 100%|█████████▉| 458/459 [00:44<00:00, 10.40it/s]
                                                                      

Epoch 19/50 [Val]:   0%|          | 0/113 [00:00<?, ?it/s]
Epoch 19/50 [Val]:   2%|▏         | 2/113 [00:00<00:07, 13.94it/s]
Epoch 19/50 [Val]:   4%|▎         | 4/113 [00:00<00:07, 14.16it/s]
Epoch 19/50 [Val]:   5%|▌         | 6/113 [00:00<00:07, 13.99it/s]
Epoch 19/50 [Val]:   7%|▋         | 8/113 [00:00<00:07, 14.08it/s]
Epoch 19/50 [Val]:   9%|▉         | 10/113 [00:00<00:07, 14.37it/s]
Epoch 19/50 [Val]:  11%|█         | 12/113 [00:00<00:07, 14.27it/s]
Epoch 19/50 [Val]:  12%|█▏        | 14/113 [00:00<00:06, 14.27it/s]
Epoch 19/50 [Val]:  14%|█▍        | 16/113 [00:01<00:07, 13.61it/s]
Epoch 19/50 [Val]:  16%|█▌        | 18/113 [00:01<00:07, 13.18it/s]
Epoch 19/50 [Val]:  18%|█▊        | 20/113 [00:01<00:07, 13.01it/s]
Epoch 19/50 [Val]:  19%|█▉        | 22/113 [00:01<00:07, 12.97it/s]
Epoch 19/50 [Val]:  21%|██        | 24/113 [00:01<00:06, 12.85it/s]
Epoch 19/50 [Val]:  23%|██▎       | 26/113 [00:01<00:06, 13.00it/s]
Epoch 19/50 [Val]:  25%|██▍       | 28/113 [00:02<00:06, 13.11it/s]
Epoch 19/50 [Val]:  27%|██▋       | 30/113 [00:02<00:06, 13.39it/s]
Epoch 19/50 [Val]:  28%|██▊       | 32/113 [00:02<00:06, 13.50it/s]
Epoch 19/50 [Val]:  30%|███       | 34/113 [00:02<00:05, 13.63it/s]
Epoch 19/50 [Val]:  32%|███▏      | 36/113 [00:02<00:05, 13.91it/s]
Epoch 19/50 [Val]:  34%|███▎      | 38/113 [00:02<00:05, 14.12it/s]
Epoch 19/50 [Val]:  35%|███▌      | 40/113 [00:02<00:05, 14.11it/s]
Epoch 19/50 [Val]:  37%|███▋      | 42/113 [00:03<00:05, 14.14it/s]
Epoch 19/50 [Val]:  39%|███▉      | 44/113 [00:03<00:04, 14.10it/s]
Epoch 19/50 [Val]:  41%|████      | 46/113 [00:03<00:04, 13.88it/s]
Epoch 19/50 [Val]:  42%|████▏     | 48/113 [00:03<00:04, 13.92it/s]
Epoch 19/50 [Val]:  44%|████▍     | 50/113 [00:03<00:04, 14.07it/s]
Epoch 19/50 [Val]:  46%|████▌     | 52/113 [00:03<00:04, 14.13it/s]
Epoch 19/50 [Val]:  48%|████▊     | 54/113 [00:03<00:04, 14.34it/s]
Epoch 19/50 [Val]:  50%|████▉     | 56/113 [00:04<00:03, 14.32it/s]
Epoch 19/50 [Val]:  51%|█████▏    | 58/113 [00:04<00:03, 13.94it/s]
Epoch 19/50 [Val]:  53%|█████▎    | 60/113 [00:04<00:03, 13.92it/s]
Epoch 19/50 [Val]:  55%|█████▍    | 62/113 [00:04<00:03, 13.94it/s]
Epoch 19/50 [Val]:  57%|█████▋    | 64/113 [00:04<00:03, 13.95it/s]
Epoch 19/50 [Val]:  58%|█████▊    | 66/113 [00:04<00:03, 13.74it/s]
Epoch 19/50 [Val]:  60%|██████    | 68/113 [00:04<00:03, 13.64it/s]
Epoch 19/50 [Val]:  62%|██████▏   | 70/113 [00:05<00:03, 13.78it/s]
Epoch 19/50 [Val]:  64%|██████▎   | 72/113 [00:05<00:02, 14.05it/s]
Epoch 19/50 [Val]:  65%|██████▌   | 74/113 [00:05<00:02, 14.09it/s]
Epoch 19/50 [Val]:  67%|██████▋   | 76/113 [00:05<00:02, 14.19it/s]
Epoch 19/50 [Val]:  69%|██████▉   | 78/113 [00:05<00:02, 14.05it/s]
Epoch 19/50 [Val]:  71%|███████   | 80/113 [00:05<00:02, 14.12it/s]
Epoch 19/50 [Val]:  73%|███████▎  | 82/113 [00:05<00:02, 13.97it/s]
Epoch 19/50 [Val]:  74%|███████▍  | 84/113 [00:06<00:02, 14.03it/s]
Epoch 19/50 [Val]:  76%|███████▌  | 86/113 [00:06<00:01, 14.02it/s]
Epoch 19/50 [Val]:  78%|███████▊  | 88/113 [00:06<00:01, 13.84it/s]
Epoch 19/50 [Val]:  80%|███████▉  | 90/113 [00:06<00:01, 13.98it/s]
Epoch 19/50 [Val]:  81%|████████▏ | 92/113 [00:06<00:01, 13.95it/s]
Epoch 19/50 [Val]:  83%|████████▎ | 94/113 [00:06<00:01, 14.12it/s]
Epoch 19/50 [Val]:  85%|████████▍ | 96/113 [00:06<00:01, 14.29it/s]
Epoch 19/50 [Val]:  87%|████████▋ | 98/113 [00:07<00:01, 14.41it/s]
Epoch 19/50 [Val]:  88%|████████▊ | 100/113 [00:07<00:00, 14.02it/s]
Epoch 19/50 [Val]:  90%|█████████ | 102/113 [00:07<00:00, 13.87it/s]
Epoch 19/50 [Val]:  92%|█████████▏| 104/113 [00:07<00:00, 13.79it/s]
Epoch 19/50 [Val]:  94%|█████████▍| 106/113 [00:07<00:00, 14.05it/s]
Epoch 19/50 [Val]:  96%|█████████▌| 108/113 [00:07<00:00, 14.21it/s]
Epoch 19/50 [Val]:  97%|█████████▋| 110/113 [00:07<00:00, 14.37it/s]
Epoch 19/50 [Val]:  99%|█████████▉| 112/113 [00:08<00:00, 14.26it/s]
                                                                    

Epoch 20/50 [Train]:   0%|          | 0/459 [00:00<?, ?it/s]
Epoch 20/50 [Train]:   0%|          | 1/459 [00:00<00:46,  9.92it/s]
Epoch 20/50 [Train]:   0%|          | 2/459 [00:00<00:45,  9.94it/s]
Epoch 20/50 [Train]:   1%|          | 4/459 [00:00<00:44, 10.21it/s]
Epoch 20/50 [Train]:   1%|▏         | 6/459 [00:00<00:44, 10.16it/s]
Epoch 20/50 [Train]:   2%|▏         | 8/459 [00:00<00:43, 10.30it/s]
Epoch 20/50 [Train]:   2%|▏         | 10/459 [00:00<00:43, 10.41it/s]
Epoch 20/50 [Train]:   3%|▎         | 12/459 [00:01<00:43, 10.29it/s]
Epoch 20/50 [Train]:   3%|▎         | 14/459 [00:01<00:43, 10.32it/s]
Epoch 20/50 [Train]:   3%|▎         | 16/459 [00:01<00:43, 10.28it/s]
Epoch 20/50 [Train]:   4%|▍         | 18/459 [00:01<00:42, 10.26it/s]
Epoch 20/50 [Train]:   4%|▍         | 20/459 [00:01<00:42, 10.22it/s]
Epoch 20/50 [Train]:   5%|▍         | 22/459 [00:02<00:42, 10.16it/s]
Epoch 20/50 [Train]:   5%|▌         | 24/459 [00:02<00:42, 10.19it/s]
Epoch 20/50 [Train]:   6%|▌         | 26/459 [00:02<00:42, 10.28it/s]
Epoch 20/50 [Train]:   6%|▌         | 28/459 [00:02<00:41, 10.27it/s]
Epoch 20/50 [Train]:   7%|▋         | 30/459 [00:02<00:41, 10.30it/s]
Epoch 20/50 [Train]:   7%|▋         | 32/459 [00:03<00:41, 10.33it/s]
Epoch 20/50 [Train]:   7%|▋         | 34/459 [00:03<00:41, 10.32it/s]
Epoch 20/50 [Train]:   8%|▊         | 36/459 [00:03<00:41, 10.25it/s]
Epoch 20/50 [Train]:   8%|▊         | 38/459 [00:03<00:40, 10.30it/s]
Epoch 20/50 [Train]:   9%|▊         | 40/459 [00:03<00:40, 10.32it/s]
Epoch 20/50 [Train]:   9%|▉         | 42/459 [00:04<00:40, 10.40it/s]
Epoch 20/50 [Train]:  10%|▉         | 44/459 [00:04<00:40, 10.31it/s]
Epoch 20/50 [Train]:  10%|█         | 46/459 [00:04<00:39, 10.43it/s]
Epoch 20/50 [Train]:  10%|█         | 48/459 [00:04<00:39, 10.47it/s]
Epoch 20/50 [Train]:  11%|█         | 50/459 [00:04<00:38, 10.51it/s]
Epoch 20/50 [Train]:  11%|█▏        | 52/459 [00:05<00:38, 10.44it/s]
Epoch 20/50 [Train]:  12%|█▏        | 54/459 [00:05<00:38, 10.44it/s]
Epoch 20/50 [Train]:  12%|█▏        | 56/459 [00:05<00:38, 10.48it/s]
Epoch 20/50 [Train]:  13%|█▎        | 58/459 [00:05<00:38, 10.48it/s]
Epoch 20/50 [Train]:  13%|█▎        | 60/459 [00:05<00:38, 10.48it/s]
Epoch 20/50 [Train]:  14%|█▎        | 62/459 [00:05<00:37, 10.47it/s]
Epoch 20/50 [Train]:  14%|█▍        | 64/459 [00:06<00:37, 10.44it/s]
Epoch 20/50 [Train]:  14%|█▍        | 66/459 [00:06<00:37, 10.42it/s]
Epoch 20/50 [Train]:  15%|█▍        | 68/459 [00:06<00:37, 10.47it/s]
Epoch 20/50 [Train]:  15%|█▌        | 70/459 [00:06<00:37, 10.48it/s]
Epoch 20/50 [Train]:  16%|█▌        | 72/459 [00:06<00:36, 10.48it/s]
Epoch 20/50 [Train]:  16%|█▌        | 74/459 [00:07<00:37, 10.40it/s]
Epoch 20/50 [Train]:  17%|█▋        | 76/459 [00:07<00:36, 10.45it/s]
Epoch 20/50 [Train]:  17%|█▋        | 78/459 [00:07<00:36, 10.42it/s]
Epoch 20/50 [Train]:  17%|█▋        | 80/459 [00:07<00:36, 10.45it/s]
Epoch 20/50 [Train]:  18%|█▊        | 82/459 [00:07<00:35, 10.49it/s]
Epoch 20/50 [Train]:  18%|█▊        | 84/459 [00:08<00:35, 10.51it/s]
Epoch 20/50 [Train]:  19%|█▊        | 86/459 [00:08<00:36, 10.33it/s]
Epoch 20/50 [Train]:  19%|█▉        | 88/459 [00:08<00:35, 10.40it/s]
Epoch 20/50 [Train]:  20%|█▉        | 90/459 [00:08<00:35, 10.42it/s]
Epoch 20/50 [Train]:  20%|██        | 92/459 [00:08<00:35, 10.45it/s]
Epoch 20/50 [Train]:  20%|██        | 94/459 [00:09<00:34, 10.49it/s]
Epoch 20/50 [Train]:  21%|██        | 96/459 [00:09<00:34, 10.47it/s]
Epoch 20/50 [Train]:  21%|██▏       | 98/459 [00:09<00:34, 10.50it/s]
Epoch 20/50 [Train]:  22%|██▏       | 100/459 [00:09<00:34, 10.52it/s]
Epoch 20/50 [Train]:  22%|██▏       | 102/459 [00:09<00:33, 10.54it/s]
Epoch 20/50 [Train]:  23%|██▎       | 104/459 [00:10<00:33, 10.55it/s]
Epoch 20/50 [Train]:  23%|██▎       | 106/459 [00:10<00:33, 10.57it/s]
Epoch 20/50 [Train]:  24%|██▎       | 108/459 [00:10<00:33, 10.57it/s]
Epoch 20/50 [Train]:  24%|██▍       | 110/459 [00:10<00:33, 10.54it/s]
Epoch 20/50 [Train]:  24%|██▍       | 112/459 [00:10<00:32, 10.52it/s]
Epoch 20/50 [Train]:  25%|██▍       | 114/459 [00:10<00:32, 10.53it/s]
Epoch 20/50 [Train]:  25%|██▌       | 116/459 [00:11<00:32, 10.43it/s]
Epoch 20/50 [Train]:  26%|██▌       | 118/459 [00:11<00:32, 10.46it/s]
Epoch 20/50 [Train]:  26%|██▌       | 120/459 [00:11<00:32, 10.46it/s]
Epoch 20/50 [Train]:  27%|██▋       | 122/459 [00:11<00:32, 10.51it/s]
Epoch 20/50 [Train]:  27%|██▋       | 124/459 [00:11<00:31, 10.51it/s]
Epoch 20/50 [Train]:  27%|██▋       | 126/459 [00:12<00:31, 10.53it/s]
Epoch 20/50 [Train]:  28%|██▊       | 128/459 [00:12<00:31, 10.53it/s]
Epoch 20/50 [Train]:  28%|██▊       | 130/459 [00:12<00:31, 10.57it/s]
Epoch 20/50 [Train]:  29%|██▉       | 132/459 [00:12<00:30, 10.61it/s]
Epoch 20/50 [Train]:  29%|██▉       | 134/459 [00:12<00:30, 10.54it/s]
Epoch 20/50 [Train]:  30%|██▉       | 136/459 [00:13<00:30, 10.54it/s]
Epoch 20/50 [Train]:  30%|███       | 138/459 [00:13<00:30, 10.44it/s]
Epoch 20/50 [Train]:  31%|███       | 140/459 [00:13<00:30, 10.47it/s]
Epoch 20/50 [Train]:  31%|███       | 142/459 [00:13<00:30, 10.50it/s]
Epoch 20/50 [Train]:  31%|███▏      | 144/459 [00:13<00:29, 10.51it/s]
Epoch 20/50 [Train]:  32%|███▏      | 146/459 [00:13<00:29, 10.55it/s]
Epoch 20/50 [Train]:  32%|███▏      | 148/459 [00:14<00:29, 10.53it/s]
Epoch 20/50 [Train]:  33%|███▎      | 150/459 [00:14<00:29, 10.53it/s]
Epoch 20/50 [Train]:  33%|███▎      | 152/459 [00:14<00:29, 10.57it/s]
Epoch 20/50 [Train]:  34%|███▎      | 154/459 [00:14<00:28, 10.52it/s]
Epoch 20/50 [Train]:  34%|███▍      | 156/459 [00:14<00:28, 10.55it/s]
Epoch 20/50 [Train]:  34%|███▍      | 158/459 [00:15<00:28, 10.53it/s]
Epoch 20/50 [Train]:  35%|███▍      | 160/459 [00:15<00:28, 10.53it/s]
Epoch 20/50 [Train]:  35%|███▌      | 162/459 [00:15<00:28, 10.52it/s]
Epoch 20/50 [Train]:  36%|███▌      | 164/459 [00:15<00:28, 10.38it/s]
Epoch 20/50 [Train]:  36%|███▌      | 166/459 [00:15<00:28, 10.45it/s]
Epoch 20/50 [Train]:  37%|███▋      | 168/459 [00:16<00:28, 10.39it/s]
Epoch 20/50 [Train]:  37%|███▋      | 170/459 [00:16<00:27, 10.38it/s]
Epoch 20/50 [Train]:  37%|███▋      | 172/459 [00:16<00:27, 10.42it/s]
Epoch 20/50 [Train]:  38%|███▊      | 174/459 [00:16<00:27, 10.44it/s]
Epoch 20/50 [Train]:  38%|███▊      | 176/459 [00:16<00:26, 10.48it/s]
Epoch 20/50 [Train]:  39%|███▉      | 178/459 [00:17<00:26, 10.42it/s]
Epoch 20/50 [Train]:  39%|███▉      | 180/459 [00:17<00:27, 10.31it/s]
Epoch 20/50 [Train]:  40%|███▉      | 182/459 [00:17<00:26, 10.35it/s]
Epoch 20/50 [Train]:  40%|████      | 184/459 [00:17<00:26, 10.43it/s]
Epoch 20/50 [Train]:  41%|████      | 186/459 [00:17<00:26, 10.38it/s]
Epoch 20/50 [Train]:  41%|████      | 188/459 [00:18<00:26, 10.38it/s]
Epoch 20/50 [Train]:  41%|████▏     | 190/459 [00:18<00:25, 10.40it/s]
Epoch 20/50 [Train]:  42%|████▏     | 192/459 [00:18<00:25, 10.44it/s]
Epoch 20/50 [Train]:  42%|████▏     | 194/459 [00:18<00:25, 10.42it/s]
Epoch 20/50 [Train]:  43%|████▎     | 196/459 [00:18<00:25, 10.47it/s]
Epoch 20/50 [Train]:  43%|████▎     | 198/459 [00:18<00:25, 10.30it/s]
Epoch 20/50 [Train]:  44%|████▎     | 200/459 [00:19<00:25, 10.21it/s]
Epoch 20/50 [Train]:  44%|████▍     | 202/459 [00:19<00:25, 10.13it/s]
Epoch 20/50 [Train]:  44%|████▍     | 204/459 [00:19<00:24, 10.21it/s]
Epoch 20/50 [Train]:  45%|████▍     | 206/459 [00:19<00:24, 10.31it/s]
Epoch 20/50 [Train]:  45%|████▌     | 208/459 [00:19<00:24, 10.35it/s]
Epoch 20/50 [Train]:  46%|████▌     | 210/459 [00:20<00:24, 10.36it/s]
Epoch 20/50 [Train]:  46%|████▌     | 212/459 [00:20<00:23, 10.41it/s]
Epoch 20/50 [Train]:  47%|████▋     | 214/459 [00:20<00:23, 10.45it/s]
Epoch 20/50 [Train]:  47%|████▋     | 216/459 [00:20<00:23, 10.50it/s]
Epoch 20/50 [Train]:  47%|████▋     | 218/459 [00:20<00:23, 10.43it/s]
Epoch 20/50 [Train]:  48%|████▊     | 220/459 [00:21<00:22, 10.47it/s]
Epoch 20/50 [Train]:  48%|████▊     | 222/459 [00:21<00:22, 10.44it/s]
Epoch 20/50 [Train]:  49%|████▉     | 224/459 [00:21<00:22, 10.51it/s]
Epoch 20/50 [Train]:  49%|████▉     | 226/459 [00:21<00:22, 10.50it/s]
Epoch 20/50 [Train]:  50%|████▉     | 228/459 [00:21<00:22, 10.43it/s]
Epoch 20/50 [Train]:  50%|█████     | 230/459 [00:22<00:21, 10.45it/s]
Epoch 20/50 [Train]:  51%|█████     | 232/459 [00:22<00:21, 10.42it/s]
Epoch 20/50 [Train]:  51%|█████     | 234/459 [00:22<00:21, 10.39it/s]
Epoch 20/50 [Train]:  51%|█████▏    | 236/459 [00:22<00:21, 10.43it/s]
Epoch 20/50 [Train]:  52%|█████▏    | 238/459 [00:22<00:21, 10.44it/s]
Epoch 20/50 [Train]:  52%|█████▏    | 240/459 [00:23<00:21, 10.42it/s]
Epoch 20/50 [Train]:  53%|█████▎    | 242/459 [00:23<00:20, 10.48it/s]
Epoch 20/50 [Train]:  53%|█████▎    | 244/459 [00:23<00:20, 10.48it/s]
Epoch 20/50 [Train]:  54%|█████▎    | 246/459 [00:23<00:20, 10.51it/s]
Epoch 20/50 [Train]:  54%|█████▍    | 248/459 [00:23<00:20, 10.52it/s]
Epoch 20/50 [Train]:  54%|█████▍    | 250/459 [00:23<00:19, 10.50it/s]
Epoch 20/50 [Train]:  55%|█████▍    | 252/459 [00:24<00:19, 10.40it/s]
Epoch 20/50 [Train]:  55%|█████▌    | 254/459 [00:24<00:19, 10.46it/s]
Epoch 20/50 [Train]:  56%|█████▌    | 256/459 [00:24<00:19, 10.49it/s]
Epoch 20/50 [Train]:  56%|█████▌    | 258/459 [00:24<00:19, 10.41it/s]
Epoch 20/50 [Train]:  57%|█████▋    | 260/459 [00:24<00:19, 10.47it/s]
Epoch 20/50 [Train]:  57%|█████▋    | 262/459 [00:25<00:19, 10.36it/s]
Epoch 20/50 [Train]:  58%|█████▊    | 264/459 [00:25<00:18, 10.43it/s]
Epoch 20/50 [Train]:  58%|█████▊    | 266/459 [00:25<00:18, 10.48it/s]
Epoch 20/50 [Train]:  58%|█████▊    | 268/459 [00:25<00:18, 10.48it/s]
Epoch 20/50 [Train]:  59%|█████▉    | 270/459 [00:25<00:17, 10.54it/s]
Epoch 20/50 [Train]:  59%|█████▉    | 272/459 [00:26<00:17, 10.56it/s]
Epoch 20/50 [Train]:  60%|█████▉    | 274/459 [00:26<00:17, 10.52it/s]
Epoch 20/50 [Train]:  60%|██████    | 276/459 [00:26<00:17, 10.54it/s]
Epoch 20/50 [Train]:  61%|██████    | 278/459 [00:26<00:17, 10.61it/s]
Epoch 20/50 [Train]:  61%|██████    | 280/459 [00:26<00:16, 10.59it/s]
Epoch 20/50 [Train]:  61%|██████▏   | 282/459 [00:27<00:16, 10.58it/s]
Epoch 20/50 [Train]:  62%|██████▏   | 284/459 [00:27<00:16, 10.55it/s]
Epoch 20/50 [Train]:  62%|██████▏   | 286/459 [00:27<00:16, 10.53it/s]
Epoch 20/50 [Train]:  63%|██████▎   | 288/459 [00:27<00:16, 10.56it/s]
Epoch 20/50 [Train]:  63%|██████▎   | 290/459 [00:27<00:16, 10.54it/s]
Epoch 20/50 [Train]:  64%|██████▎   | 292/459 [00:27<00:15, 10.47it/s]
Epoch 20/50 [Train]:  64%|██████▍   | 294/459 [00:28<00:15, 10.44it/s]
Epoch 20/50 [Train]:  64%|██████▍   | 296/459 [00:28<00:15, 10.50it/s]
Epoch 20/50 [Train]:  65%|██████▍   | 298/459 [00:28<00:15, 10.51it/s]
Epoch 20/50 [Train]:  65%|██████▌   | 300/459 [00:28<00:15, 10.51it/s]
Epoch 20/50 [Train]:  66%|██████▌   | 302/459 [00:28<00:14, 10.50it/s]
Epoch 20/50 [Train]:  66%|██████▌   | 304/459 [00:29<00:14, 10.49it/s]
Epoch 20/50 [Train]:  67%|██████▋   | 306/459 [00:29<00:14, 10.48it/s]
Epoch 20/50 [Train]:  67%|██████▋   | 308/459 [00:29<00:14, 10.54it/s]
Epoch 20/50 [Train]:  68%|██████▊   | 310/459 [00:29<00:14, 10.57it/s]
Epoch 20/50 [Train]:  68%|██████▊   | 312/459 [00:29<00:13, 10.58it/s]
Epoch 20/50 [Train]:  68%|██████▊   | 314/459 [00:30<00:13, 10.56it/s]
Epoch 20/50 [Train]:  69%|██████▉   | 316/459 [00:30<00:13, 10.50it/s]
Epoch 20/50 [Train]:  69%|██████▉   | 318/459 [00:30<00:13, 10.52it/s]
Epoch 20/50 [Train]:  70%|██████▉   | 320/459 [00:30<00:13, 10.46it/s]
Epoch 20/50 [Train]:  70%|███████   | 322/459 [00:30<00:13, 10.43it/s]
Epoch 20/50 [Train]:  71%|███████   | 324/459 [00:31<00:12, 10.42it/s]
Epoch 20/50 [Train]:  71%|███████   | 326/459 [00:31<00:12, 10.43it/s]
Epoch 20/50 [Train]:  71%|███████▏  | 328/459 [00:31<00:12, 10.36it/s]
Epoch 20/50 [Train]:  72%|███████▏  | 330/459 [00:31<00:12, 10.21it/s]
Epoch 20/50 [Train]:  72%|███████▏  | 332/459 [00:31<00:12, 10.20it/s]
Epoch 20/50 [Train]:  73%|███████▎  | 334/459 [00:32<00:12, 10.24it/s]
Epoch 20/50 [Train]:  73%|███████▎  | 336/459 [00:32<00:12, 10.22it/s]
Epoch 20/50 [Train]:  74%|███████▎  | 338/459 [00:32<00:11, 10.30it/s]
Epoch 20/50 [Train]:  74%|███████▍  | 340/459 [00:32<00:11, 10.39it/s]
Epoch 20/50 [Train]:  75%|███████▍  | 342/459 [00:32<00:11, 10.43it/s]
Epoch 20/50 [Train]:  75%|███████▍  | 344/459 [00:32<00:11, 10.37it/s]
Epoch 20/50 [Train]:  75%|███████▌  | 346/459 [00:33<00:10, 10.34it/s]
Epoch 20/50 [Train]:  76%|███████▌  | 348/459 [00:33<00:10, 10.34it/s]
Epoch 20/50 [Train]:  76%|███████▋  | 350/459 [00:33<00:10, 10.34it/s]
Epoch 20/50 [Train]:  77%|███████▋  | 352/459 [00:33<00:10, 10.40it/s]
Epoch 20/50 [Train]:  77%|███████▋  | 354/459 [00:33<00:10, 10.39it/s]
Epoch 20/50 [Train]:  78%|███████▊  | 356/459 [00:34<00:09, 10.37it/s]
Epoch 20/50 [Train]:  78%|███████▊  | 358/459 [00:34<00:09, 10.42it/s]
Epoch 20/50 [Train]:  78%|███████▊  | 360/459 [00:34<00:09, 10.43it/s]
Epoch 20/50 [Train]:  79%|███████▉  | 362/459 [00:34<00:09, 10.46it/s]
Epoch 20/50 [Train]:  79%|███████▉  | 364/459 [00:34<00:09, 10.47it/s]
Epoch 20/50 [Train]:  80%|███████▉  | 366/459 [00:35<00:08, 10.38it/s]
Epoch 20/50 [Train]:  80%|████████  | 368/459 [00:35<00:08, 10.42it/s]
Epoch 20/50 [Train]:  81%|████████  | 370/459 [00:35<00:08, 10.48it/s]
Epoch 20/50 [Train]:  81%|████████  | 372/459 [00:35<00:08, 10.49it/s]
Epoch 20/50 [Train]:  81%|████████▏ | 374/459 [00:35<00:08, 10.39it/s]
Epoch 20/50 [Train]:  82%|████████▏ | 376/459 [00:36<00:08, 10.36it/s]
Epoch 20/50 [Train]:  82%|████████▏ | 378/459 [00:36<00:07, 10.27it/s]
Epoch 20/50 [Train]:  83%|████████▎ | 380/459 [00:36<00:07, 10.35it/s]
Epoch 20/50 [Train]:  83%|████████▎ | 382/459 [00:36<00:07, 10.30it/s]
Epoch 20/50 [Train]:  84%|████████▎ | 384/459 [00:36<00:07, 10.38it/s]
Epoch 20/50 [Train]:  84%|████████▍ | 386/459 [00:37<00:07, 10.41it/s]
Epoch 20/50 [Train]:  85%|████████▍ | 388/459 [00:37<00:06, 10.43it/s]
Epoch 20/50 [Train]:  85%|████████▍ | 390/459 [00:37<00:06, 10.46it/s]
Epoch 20/50 [Train]:  85%|████████▌ | 392/459 [00:37<00:06, 10.51it/s]
Epoch 20/50 [Train]:  86%|████████▌ | 394/459 [00:37<00:06, 10.46it/s]
Epoch 20/50 [Train]:  86%|████████▋ | 396/459 [00:37<00:06, 10.41it/s]
Epoch 20/50 [Train]:  87%|████████▋ | 398/459 [00:38<00:05, 10.34it/s]
Epoch 20/50 [Train]:  87%|████████▋ | 400/459 [00:38<00:05, 10.34it/s]
Epoch 20/50 [Train]:  88%|████████▊ | 402/459 [00:38<00:05, 10.32it/s]
Epoch 20/50 [Train]:  88%|████████▊ | 404/459 [00:38<00:05, 10.40it/s]
Epoch 20/50 [Train]:  88%|████████▊ | 406/459 [00:38<00:05, 10.42it/s]
Epoch 20/50 [Train]:  89%|████████▉ | 408/459 [00:39<00:04, 10.47it/s]
Epoch 20/50 [Train]:  89%|████████▉ | 410/459 [00:39<00:04, 10.52it/s]
Epoch 20/50 [Train]:  90%|████████▉ | 412/459 [00:39<00:04, 10.52it/s]
Epoch 20/50 [Train]:  90%|█████████ | 414/459 [00:39<00:04, 10.53it/s]
Epoch 20/50 [Train]:  91%|█████████ | 416/459 [00:39<00:04, 10.54it/s]
Epoch 20/50 [Train]:  91%|█████████ | 418/459 [00:40<00:03, 10.56it/s]
Epoch 20/50 [Train]:  92%|█████████▏| 420/459 [00:40<00:03, 10.39it/s]
Epoch 20/50 [Train]:  92%|█████████▏| 422/459 [00:40<00:03, 10.47it/s]
Epoch 20/50 [Train]:  92%|█████████▏| 424/459 [00:40<00:03, 10.48it/s]
Epoch 20/50 [Train]:  93%|█████████▎| 426/459 [00:40<00:03, 10.43it/s]
Epoch 20/50 [Train]:  93%|█████████▎| 428/459 [00:41<00:02, 10.43it/s]
Epoch 20/50 [Train]:  94%|█████████▎| 430/459 [00:41<00:02, 10.47it/s]
Epoch 20/50 [Train]:  94%|█████████▍| 432/459 [00:41<00:02, 10.46it/s]
Epoch 20/50 [Train]:  95%|█████████▍| 434/459 [00:41<00:02, 10.56it/s]
Epoch 20/50 [Train]:  95%|█████████▍| 436/459 [00:41<00:02, 10.60it/s]
Epoch 20/50 [Train]:  95%|█████████▌| 438/459 [00:41<00:01, 10.57it/s]
Epoch 20/50 [Train]:  96%|█████████▌| 440/459 [00:42<00:01, 10.44it/s]
Epoch 20/50 [Train]:  96%|█████████▋| 442/459 [00:42<00:01, 10.48it/s]
Epoch 20/50 [Train]:  97%|█████████▋| 444/459 [00:42<00:01, 10.50it/s]
Epoch 20/50 [Train]:  97%|█████████▋| 446/459 [00:42<00:01, 10.50it/s]
Epoch 20/50 [Train]:  98%|█████████▊| 448/459 [00:42<00:01, 10.51it/s]
Epoch 20/50 [Train]:  98%|█████████▊| 450/459 [00:43<00:00, 10.52it/s]
Epoch 20/50 [Train]:  98%|█████████▊| 452/459 [00:43<00:00, 10.43it/s]
Epoch 20/50 [Train]:  99%|█████████▉| 454/459 [00:43<00:00, 10.47it/s]
Epoch 20/50 [Train]:  99%|█████████▉| 456/459 [00:43<00:00, 10.46it/s]
Epoch 20/50 [Train]: 100%|█████████▉| 458/459 [00:43<00:00, 10.49it/s]
                                                                      

Epoch 20/50 [Val]:   0%|          | 0/113 [00:00<?, ?it/s]
Epoch 20/50 [Val]:   2%|▏         | 2/113 [00:00<00:08, 13.68it/s]
Epoch 20/50 [Val]:   4%|▎         | 4/113 [00:00<00:07, 13.79it/s]
Epoch 20/50 [Val]:   5%|▌         | 6/113 [00:00<00:07, 14.07it/s]
Epoch 20/50 [Val]:   7%|▋         | 8/113 [00:00<00:07, 14.07it/s]
Epoch 20/50 [Val]:   9%|▉         | 10/113 [00:00<00:07, 14.38it/s]
Epoch 20/50 [Val]:  11%|█         | 12/113 [00:00<00:06, 14.47it/s]
Epoch 20/50 [Val]:  12%|█▏        | 14/113 [00:00<00:06, 14.40it/s]
Epoch 20/50 [Val]:  14%|█▍        | 16/113 [00:01<00:07, 13.78it/s]
Epoch 20/50 [Val]:  16%|█▌        | 18/113 [00:01<00:07, 13.54it/s]
Epoch 20/50 [Val]:  18%|█▊        | 20/113 [00:01<00:06, 13.31it/s]
Epoch 20/50 [Val]:  19%|█▉        | 22/113 [00:01<00:06, 13.08it/s]
Epoch 20/50 [Val]:  21%|██        | 24/113 [00:01<00:06, 13.07it/s]
Epoch 20/50 [Val]:  23%|██▎       | 26/113 [00:01<00:06, 13.27it/s]
Epoch 20/50 [Val]:  25%|██▍       | 28/113 [00:02<00:06, 13.27it/s]
Epoch 20/50 [Val]:  27%|██▋       | 30/113 [00:02<00:06, 13.42it/s]
Epoch 20/50 [Val]:  28%|██▊       | 32/113 [00:02<00:05, 13.65it/s]
Epoch 20/50 [Val]:  30%|███       | 34/113 [00:02<00:05, 13.86it/s]
Epoch 20/50 [Val]:  32%|███▏      | 36/113 [00:02<00:05, 14.21it/s]
Epoch 20/50 [Val]:  34%|███▎      | 38/113 [00:02<00:05, 14.44it/s]
Epoch 20/50 [Val]:  35%|███▌      | 40/113 [00:02<00:05, 14.31it/s]
Epoch 20/50 [Val]:  37%|███▋      | 42/113 [00:03<00:04, 14.40it/s]
Epoch 20/50 [Val]:  39%|███▉      | 44/113 [00:03<00:04, 14.17it/s]
Epoch 20/50 [Val]:  41%|████      | 46/113 [00:03<00:04, 14.13it/s]
Epoch 20/50 [Val]:  42%|████▏     | 48/113 [00:03<00:04, 14.08it/s]
Epoch 20/50 [Val]:  44%|████▍     | 50/113 [00:03<00:04, 14.19it/s]
Epoch 20/50 [Val]:  46%|████▌     | 52/113 [00:03<00:04, 14.42it/s]
Epoch 20/50 [Val]:  48%|████▊     | 54/113 [00:03<00:04, 14.65it/s]
Epoch 20/50 [Val]:  50%|████▉     | 56/113 [00:04<00:03, 14.62it/s]
Epoch 20/50 [Val]:  51%|█████▏    | 58/113 [00:04<00:03, 14.10it/s]
Epoch 20/50 [Val]:  53%|█████▎    | 60/113 [00:04<00:03, 14.28it/s]
Epoch 20/50 [Val]:  55%|█████▍    | 62/113 [00:04<00:03, 14.06it/s]
Epoch 20/50 [Val]:  57%|█████▋    | 64/113 [00:04<00:03, 14.19it/s]
Epoch 20/50 [Val]:  58%|█████▊    | 66/113 [00:04<00:03, 14.10it/s]
Epoch 20/50 [Val]:  60%|██████    | 68/113 [00:04<00:03, 14.09it/s]
Epoch 20/50 [Val]:  62%|██████▏   | 70/113 [00:05<00:03, 14.10it/s]
Epoch 20/50 [Val]:  64%|██████▎   | 72/113 [00:05<00:02, 14.24it/s]
Epoch 20/50 [Val]:  65%|██████▌   | 74/113 [00:05<00:02, 14.32it/s]
Epoch 20/50 [Val]:  67%|██████▋   | 76/113 [00:05<00:02, 14.33it/s]
Epoch 20/50 [Val]:  69%|██████▉   | 78/113 [00:05<00:02, 14.30it/s]
Epoch 20/50 [Val]:  71%|███████   | 80/113 [00:05<00:02, 14.33it/s]
Epoch 20/50 [Val]:  73%|███████▎  | 82/113 [00:05<00:02, 14.13it/s]
Epoch 20/50 [Val]:  74%|███████▍  | 84/113 [00:05<00:02, 14.23it/s]
Epoch 20/50 [Val]:  76%|███████▌  | 86/113 [00:06<00:01, 14.31it/s]
Epoch 20/50 [Val]:  78%|███████▊  | 88/113 [00:06<00:01, 14.22it/s]
Epoch 20/50 [Val]:  80%|███████▉  | 90/113 [00:06<00:01, 14.27it/s]
Epoch 20/50 [Val]:  81%|████████▏ | 92/113 [00:06<00:01, 14.46it/s]
Epoch 20/50 [Val]:  83%|████████▎ | 94/113 [00:06<00:01, 14.56it/s]
Epoch 20/50 [Val]:  85%|████████▍ | 96/113 [00:06<00:01, 14.57it/s]
Epoch 20/50 [Val]:  87%|████████▋ | 98/113 [00:06<00:01, 14.78it/s]
Epoch 20/50 [Val]:  88%|████████▊ | 100/113 [00:07<00:00, 14.61it/s]
Epoch 20/50 [Val]:  90%|█████████ | 102/113 [00:07<00:00, 14.26it/s]
Epoch 20/50 [Val]:  92%|█████████▏| 104/113 [00:07<00:00, 14.33it/s]
Epoch 20/50 [Val]:  94%|█████████▍| 106/113 [00:07<00:00, 14.47it/s]
Epoch 20/50 [Val]:  96%|█████████▌| 108/113 [00:07<00:00, 14.70it/s]
Epoch 20/50 [Val]:  97%|█████████▋| 110/113 [00:07<00:00, 14.79it/s]
Epoch 20/50 [Val]:  99%|█████████▉| 112/113 [00:07<00:00, 14.83it/s]
                                                                    

Epoch 21/50 [Train]:   0%|          | 0/459 [00:00<?, ?it/s]
Epoch 21/50 [Train]:   0%|          | 2/459 [00:00<00:46,  9.93it/s]
Epoch 21/50 [Train]:   1%|          | 4/459 [00:00<00:44, 10.31it/s]
Epoch 21/50 [Train]:   1%|▏         | 6/459 [00:00<00:43, 10.42it/s]
Epoch 21/50 [Train]:   2%|▏         | 8/459 [00:00<00:43, 10.37it/s]
Epoch 21/50 [Train]:   2%|▏         | 10/459 [00:00<00:42, 10.49it/s]
Epoch 21/50 [Train]:   3%|▎         | 12/459 [00:01<00:42, 10.54it/s]
Epoch 21/50 [Train]:   3%|▎         | 14/459 [00:01<00:42, 10.41it/s]
Epoch 21/50 [Train]:   3%|▎         | 16/459 [00:01<00:42, 10.48it/s]
Epoch 21/50 [Train]:   4%|▍         | 18/459 [00:01<00:42, 10.49it/s]
Epoch 21/50 [Train]:   4%|▍         | 20/459 [00:01<00:41, 10.49it/s]
Epoch 21/50 [Train]:   5%|▍         | 22/459 [00:02<00:41, 10.55it/s]
Epoch 21/50 [Train]:   5%|▌         | 24/459 [00:02<00:41, 10.50it/s]
Epoch 21/50 [Train]:   6%|▌         | 26/459 [00:02<00:41, 10.49it/s]
Epoch 21/50 [Train]:   6%|▌         | 28/459 [00:02<00:40, 10.53it/s]
Epoch 21/50 [Train]:   7%|▋         | 30/459 [00:02<00:40, 10.54it/s]
Epoch 21/50 [Train]:   7%|▋         | 32/459 [00:03<00:40, 10.59it/s]
Epoch 21/50 [Train]:   7%|▋         | 34/459 [00:03<00:40, 10.55it/s]
Epoch 21/50 [Train]:   8%|▊         | 36/459 [00:03<00:40, 10.51it/s]
Epoch 21/50 [Train]:   8%|▊         | 38/459 [00:03<00:39, 10.55it/s]
Epoch 21/50 [Train]:   9%|▊         | 40/459 [00:03<00:40, 10.37it/s]
Epoch 21/50 [Train]:   9%|▉         | 42/459 [00:04<00:40, 10.37it/s]
Epoch 21/50 [Train]:  10%|▉         | 44/459 [00:04<00:40, 10.35it/s]
Epoch 21/50 [Train]:  10%|█         | 46/459 [00:04<00:40, 10.32it/s]
Epoch 21/50 [Train]:  10%|█         | 48/459 [00:04<00:39, 10.40it/s]
Epoch 21/50 [Train]:  11%|█         | 50/459 [00:04<00:39, 10.47it/s]
Epoch 21/50 [Train]:  11%|█▏        | 52/459 [00:04<00:38, 10.50it/s]
Epoch 21/50 [Train]:  12%|█▏        | 54/459 [00:05<00:38, 10.47it/s]
Epoch 21/50 [Train]:  12%|█▏        | 56/459 [00:05<00:38, 10.47it/s]
Epoch 21/50 [Train]:  13%|█▎        | 58/459 [00:05<00:39, 10.11it/s]
Epoch 21/50 [Train]:  13%|█▎        | 60/459 [00:05<00:39, 10.20it/s]
Epoch 21/50 [Train]:  14%|█▎        | 62/459 [00:05<00:38, 10.30it/s]
Epoch 21/50 [Train]:  14%|█▍        | 64/459 [00:06<00:38, 10.39it/s]
Epoch 21/50 [Train]:  14%|█▍        | 66/459 [00:06<00:37, 10.37it/s]
Epoch 21/50 [Train]:  15%|█▍        | 68/459 [00:06<00:37, 10.44it/s]
Epoch 21/50 [Train]:  15%|█▌        | 70/459 [00:06<00:37, 10.45it/s]
Epoch 21/50 [Train]:  16%|█▌        | 72/459 [00:06<00:37, 10.43it/s]
Epoch 21/50 [Train]:  16%|█▌        | 74/459 [00:07<00:36, 10.43it/s]
Epoch 21/50 [Train]:  17%|█▋        | 76/459 [00:07<00:36, 10.37it/s]
Epoch 21/50 [Train]:  17%|█▋        | 78/459 [00:07<00:36, 10.40it/s]
Epoch 21/50 [Train]:  17%|█▋        | 80/459 [00:07<00:36, 10.40it/s]
Epoch 21/50 [Train]:  18%|█▊        | 82/459 [00:07<00:36, 10.38it/s]
Epoch 21/50 [Train]:  18%|█▊        | 84/459 [00:08<00:36, 10.39it/s]
Epoch 21/50 [Train]:  19%|█▊        | 86/459 [00:08<00:35, 10.40it/s]
Epoch 21/50 [Train]:  19%|█▉        | 88/459 [00:08<00:35, 10.41it/s]
Epoch 21/50 [Train]:  20%|█▉        | 90/459 [00:08<00:35, 10.46it/s]
Epoch 21/50 [Train]:  20%|██        | 92/459 [00:08<00:35, 10.46it/s]
Epoch 21/50 [Train]:  20%|██        | 94/459 [00:09<00:34, 10.54it/s]
Epoch 21/50 [Train]:  21%|██        | 96/459 [00:09<00:34, 10.52it/s]
Epoch 21/50 [Train]:  21%|██▏       | 98/459 [00:09<00:34, 10.46it/s]
Epoch 21/50 [Train]:  22%|██▏       | 100/459 [00:09<00:34, 10.40it/s]
Epoch 21/50 [Train]:  22%|██▏       | 102/459 [00:09<00:34, 10.32it/s]
Epoch 21/50 [Train]:  23%|██▎       | 104/459 [00:09<00:34, 10.35it/s]
Epoch 21/50 [Train]:  23%|██▎       | 106/459 [00:10<00:34, 10.30it/s]
Epoch 21/50 [Train]:  24%|██▎       | 108/459 [00:10<00:34, 10.28it/s]
Epoch 21/50 [Train]:  24%|██▍       | 110/459 [00:10<00:33, 10.31it/s]
Epoch 21/50 [Train]:  24%|██▍       | 112/459 [00:10<00:33, 10.41it/s]
Epoch 21/50 [Train]:  25%|██▍       | 114/459 [00:10<00:33, 10.38it/s]
Epoch 21/50 [Train]:  25%|██▌       | 116/459 [00:11<00:32, 10.40it/s]
Epoch 21/50 [Train]:  26%|██▌       | 118/459 [00:11<00:32, 10.42it/s]
Epoch 21/50 [Train]:  26%|██▌       | 120/459 [00:11<00:32, 10.37it/s]
Epoch 21/50 [Train]:  27%|██▋       | 122/459 [00:11<00:32, 10.21it/s]
Epoch 21/50 [Train]:  27%|██▋       | 124/459 [00:11<00:32, 10.24it/s]
Epoch 21/50 [Train]:  27%|██▋       | 126/459 [00:12<00:32, 10.26it/s]
Epoch 21/50 [Train]:  28%|██▊       | 128/459 [00:12<00:32, 10.30it/s]
Epoch 21/50 [Train]:  28%|██▊       | 130/459 [00:12<00:31, 10.34it/s]
Epoch 21/50 [Train]:  29%|██▉       | 132/459 [00:12<00:31, 10.32it/s]
Epoch 21/50 [Train]:  29%|██▉       | 134/459 [00:12<00:31, 10.41it/s]
Epoch 21/50 [Train]:  30%|██▉       | 136/459 [00:13<00:31, 10.33it/s]
Epoch 21/50 [Train]:  30%|███       | 138/459 [00:13<00:30, 10.36it/s]
Epoch 21/50 [Train]:  31%|███       | 140/459 [00:13<00:30, 10.39it/s]
Epoch 21/50 [Train]:  31%|███       | 142/459 [00:13<00:30, 10.28it/s]
Epoch 21/50 [Train]:  31%|███▏      | 144/459 [00:13<00:30, 10.31it/s]
Epoch 21/50 [Train]:  32%|███▏      | 146/459 [00:14<00:30, 10.38it/s]
Epoch 21/50 [Train]:  32%|███▏      | 148/459 [00:14<00:29, 10.39it/s]
Epoch 21/50 [Train]:  33%|███▎      | 150/459 [00:14<00:29, 10.41it/s]
Epoch 21/50 [Train]:  33%|███▎      | 152/459 [00:14<00:29, 10.40it/s]
Epoch 21/50 [Train]:  34%|███▎      | 154/459 [00:14<00:29, 10.40it/s]
Epoch 21/50 [Train]:  34%|███▍      | 156/459 [00:14<00:29, 10.44it/s]
Epoch 21/50 [Train]:  34%|███▍      | 158/459 [00:15<00:29, 10.35it/s]
Epoch 21/50 [Train]:  35%|███▍      | 160/459 [00:15<00:29, 10.27it/s]
Epoch 21/50 [Train]:  35%|███▌      | 162/459 [00:15<00:28, 10.31it/s]
Epoch 21/50 [Train]:  36%|███▌      | 164/459 [00:15<00:28, 10.36it/s]
Epoch 21/50 [Train]:  36%|███▌      | 166/459 [00:15<00:28, 10.45it/s]
Epoch 21/50 [Train]:  37%|███▋      | 168/459 [00:16<00:27, 10.43it/s]
Epoch 21/50 [Train]:  37%|███▋      | 170/459 [00:16<00:27, 10.44it/s]
Epoch 21/50 [Train]:  37%|███▋      | 172/459 [00:16<00:27, 10.40it/s]
Epoch 21/50 [Train]:  38%|███▊      | 174/459 [00:16<00:27, 10.40it/s]
Epoch 21/50 [Train]:  38%|███▊      | 176/459 [00:16<00:27, 10.41it/s]
Epoch 21/50 [Train]:  39%|███▉      | 178/459 [00:17<00:27, 10.38it/s]
Epoch 21/50 [Train]:  39%|███▉      | 180/459 [00:17<00:26, 10.40it/s]
Epoch 21/50 [Train]:  40%|███▉      | 182/459 [00:17<00:26, 10.30it/s]
Epoch 21/50 [Train]:  40%|████      | 184/459 [00:17<00:26, 10.34it/s]
Epoch 21/50 [Train]:  41%|████      | 186/459 [00:17<00:26, 10.41it/s]
Epoch 21/50 [Train]:  41%|████      | 188/459 [00:18<00:26, 10.42it/s]
Epoch 21/50 [Train]:  41%|████▏     | 190/459 [00:18<00:25, 10.36it/s]
Epoch 21/50 [Train]:  42%|████▏     | 192/459 [00:18<00:25, 10.28it/s]
Epoch 21/50 [Train]:  42%|████▏     | 194/459 [00:18<00:25, 10.24it/s]
Epoch 21/50 [Train]:  43%|████▎     | 196/459 [00:18<00:25, 10.25it/s]
Epoch 21/50 [Train]:  43%|████▎     | 198/459 [00:19<00:25, 10.34it/s]
Epoch 21/50 [Train]:  44%|████▎     | 200/459 [00:19<00:25, 10.33it/s]
Epoch 21/50 [Train]:  44%|████▍     | 202/459 [00:19<00:24, 10.34it/s]
Epoch 21/50 [Train]:  44%|████▍     | 204/459 [00:19<00:24, 10.28it/s]
Epoch 21/50 [Train]:  45%|████▍     | 206/459 [00:19<00:24, 10.29it/s]
Epoch 21/50 [Train]:  45%|████▌     | 208/459 [00:20<00:24, 10.34it/s]
Epoch 21/50 [Train]:  46%|████▌     | 210/459 [00:20<00:24, 10.35it/s]
Epoch 21/50 [Train]:  46%|████▌     | 212/459 [00:20<00:23, 10.42it/s]
Epoch 21/50 [Train]:  47%|████▋     | 214/459 [00:20<00:23, 10.41it/s]
Epoch 21/50 [Train]:  47%|████▋     | 216/459 [00:20<00:23, 10.24it/s]
Epoch 21/50 [Train]:  47%|████▋     | 218/459 [00:21<00:23, 10.11it/s]
Epoch 21/50 [Train]:  48%|████▊     | 220/459 [00:21<00:23, 10.10it/s]
Epoch 21/50 [Train]:  48%|████▊     | 222/459 [00:21<00:23, 10.13it/s]
Epoch 21/50 [Train]:  49%|████▉     | 224/459 [00:21<00:23, 10.16it/s]
Epoch 21/50 [Train]:  49%|████▉     | 226/459 [00:21<00:22, 10.21it/s]
Epoch 21/50 [Train]:  50%|████▉     | 228/459 [00:21<00:22, 10.31it/s]
Epoch 21/50 [Train]:  50%|█████     | 230/459 [00:22<00:22, 10.32it/s]
Epoch 21/50 [Train]:  51%|█████     | 232/459 [00:22<00:21, 10.34it/s]
Epoch 21/50 [Train]:  51%|█████     | 234/459 [00:22<00:21, 10.29it/s]
Epoch 21/50 [Train]:  51%|█████▏    | 236/459 [00:22<00:21, 10.30it/s]
Epoch 21/50 [Train]:  52%|█████▏    | 238/459 [00:22<00:21, 10.34it/s]
Epoch 21/50 [Train]:  52%|█████▏    | 240/459 [00:23<00:21, 10.35it/s]
Epoch 21/50 [Train]:  53%|█████▎    | 242/459 [00:23<00:20, 10.39it/s]
Epoch 21/50 [Train]:  53%|█████▎    | 244/459 [00:23<00:20, 10.46it/s]
Epoch 21/50 [Train]:  54%|█████▎    | 246/459 [00:23<00:20, 10.45it/s]
Epoch 21/50 [Train]:  54%|█████▍    | 248/459 [00:23<00:20, 10.41it/s]
Epoch 21/50 [Train]:  54%|█████▍    | 250/459 [00:24<00:20, 10.30it/s]
Epoch 21/50 [Train]:  55%|█████▍    | 252/459 [00:24<00:20, 10.26it/s]
Epoch 21/50 [Train]:  55%|█████▌    | 254/459 [00:24<00:19, 10.34it/s]
Epoch 21/50 [Train]:  56%|█████▌    | 256/459 [00:24<00:19, 10.34it/s]
Epoch 21/50 [Train]:  56%|█████▌    | 258/459 [00:24<00:19, 10.20it/s]
Epoch 21/50 [Train]:  57%|█████▋    | 260/459 [00:25<00:19, 10.21it/s]
Epoch 21/50 [Train]:  57%|█████▋    | 262/459 [00:25<00:19, 10.27it/s]
Epoch 21/50 [Train]:  58%|█████▊    | 264/459 [00:25<00:18, 10.29it/s]
Epoch 21/50 [Train]:  58%|█████▊    | 266/459 [00:25<00:18, 10.28it/s]
Epoch 21/50 [Train]:  58%|█████▊    | 268/459 [00:25<00:18, 10.23it/s]
Epoch 21/50 [Train]:  59%|█████▉    | 270/459 [00:26<00:18, 10.24it/s]
Epoch 21/50 [Train]:  59%|█████▉    | 272/459 [00:26<00:18, 10.27it/s]
Epoch 21/50 [Train]:  60%|█████▉    | 274/459 [00:26<00:17, 10.32it/s]
Epoch 21/50 [Train]:  60%|██████    | 276/459 [00:26<00:17, 10.41it/s]
Epoch 21/50 [Train]:  61%|██████    | 278/459 [00:26<00:17, 10.40it/s]
Epoch 21/50 [Train]:  61%|██████    | 280/459 [00:27<00:17, 10.44it/s]
Epoch 21/50 [Train]:  61%|██████▏   | 282/459 [00:27<00:16, 10.48it/s]
Epoch 21/50 [Train]:  62%|██████▏   | 284/459 [00:27<00:16, 10.43it/s]
Epoch 21/50 [Train]:  62%|██████▏   | 286/459 [00:27<00:16, 10.45it/s]
Epoch 21/50 [Train]:  63%|██████▎   | 288/459 [00:27<00:16, 10.41it/s]
Epoch 21/50 [Train]:  63%|██████▎   | 290/459 [00:27<00:16, 10.41it/s]
Epoch 21/50 [Train]:  64%|██████▎   | 292/459 [00:28<00:16, 10.41it/s]
Epoch 21/50 [Train]:  64%|██████▍   | 294/459 [00:28<00:15, 10.35it/s]
Epoch 21/50 [Train]:  64%|██████▍   | 296/459 [00:28<00:15, 10.35it/s]
Epoch 21/50 [Train]:  65%|██████▍   | 298/459 [00:28<00:15, 10.33it/s]
Epoch 21/50 [Train]:  65%|██████▌   | 300/459 [00:28<00:15, 10.34it/s]
Epoch 21/50 [Train]:  66%|██████▌   | 302/459 [00:29<00:15, 10.20it/s]
Epoch 21/50 [Train]:  66%|██████▌   | 304/459 [00:29<00:15, 10.22it/s]
Epoch 21/50 [Train]:  67%|██████▋   | 306/459 [00:29<00:15, 10.19it/s]
Epoch 21/50 [Train]:  67%|██████▋   | 308/459 [00:29<00:14, 10.19it/s]
Epoch 21/50 [Train]:  68%|██████▊   | 310/459 [00:29<00:14, 10.20it/s]
Epoch 21/50 [Train]:  68%|██████▊   | 312/459 [00:30<00:14, 10.24it/s]
Epoch 21/50 [Train]:  68%|██████▊   | 314/459 [00:30<00:14, 10.19it/s]
Epoch 21/50 [Train]:  69%|██████▉   | 316/459 [00:30<00:13, 10.24it/s]
Epoch 21/50 [Train]:  69%|██████▉   | 318/459 [00:30<00:13, 10.30it/s]
Epoch 21/50 [Train]:  70%|██████▉   | 320/459 [00:30<00:13, 10.22it/s]
Epoch 21/50 [Train]:  70%|███████   | 322/459 [00:31<00:13, 10.20it/s]
Epoch 21/50 [Train]:  71%|███████   | 324/459 [00:31<00:13, 10.24it/s]
Epoch 21/50 [Train]:  71%|███████   | 326/459 [00:31<00:12, 10.33it/s]
Epoch 21/50 [Train]:  71%|███████▏  | 328/459 [00:31<00:12, 10.41it/s]
Epoch 21/50 [Train]:  72%|███████▏  | 330/459 [00:31<00:12, 10.43it/s]
Epoch 21/50 [Train]:  72%|███████▏  | 332/459 [00:32<00:12, 10.47it/s]
Epoch 21/50 [Train]:  73%|███████▎  | 334/459 [00:32<00:11, 10.43it/s]
Epoch 21/50 [Train]:  73%|███████▎  | 336/459 [00:32<00:11, 10.44it/s]
Epoch 21/50 [Train]:  74%|███████▎  | 338/459 [00:32<00:11, 10.43it/s]
Epoch 21/50 [Train]:  74%|███████▍  | 340/459 [00:32<00:11, 10.46it/s]
Epoch 21/50 [Train]:  75%|███████▍  | 342/459 [00:33<00:11, 10.44it/s]
Epoch 21/50 [Train]:  75%|███████▍  | 344/459 [00:33<00:11, 10.44it/s]
Epoch 21/50 [Train]:  75%|███████▌  | 346/459 [00:33<00:10, 10.45it/s]
Epoch 21/50 [Train]:  76%|███████▌  | 348/459 [00:33<00:10, 10.43it/s]
Epoch 21/50 [Train]:  76%|███████▋  | 350/459 [00:33<00:10, 10.46it/s]
Epoch 21/50 [Train]:  77%|███████▋  | 352/459 [00:33<00:10, 10.36it/s]
Epoch 21/50 [Train]:  77%|███████▋  | 354/459 [00:34<00:10, 10.37it/s]
Epoch 21/50 [Train]:  78%|███████▊  | 356/459 [00:34<00:10, 10.14it/s]
Epoch 21/50 [Train]:  78%|███████▊  | 358/459 [00:34<00:09, 10.31it/s]
Epoch 21/50 [Train]:  78%|███████▊  | 360/459 [00:34<00:09, 10.39it/s]
Epoch 21/50 [Train]:  79%|███████▉  | 362/459 [00:34<00:09, 10.33it/s]
Epoch 21/50 [Train]:  79%|███████▉  | 364/459 [00:35<00:09, 10.31it/s]
Epoch 21/50 [Train]:  80%|███████▉  | 366/459 [00:35<00:09, 10.31it/s]
Epoch 21/50 [Train]:  80%|████████  | 368/459 [00:35<00:08, 10.35it/s]
Epoch 21/50 [Train]:  81%|████████  | 370/459 [00:35<00:08, 10.26it/s]
Epoch 21/50 [Train]:  81%|████████  | 372/459 [00:35<00:08, 10.38it/s]
Epoch 21/50 [Train]:  81%|████████▏ | 374/459 [00:36<00:08, 10.34it/s]
Epoch 21/50 [Train]:  82%|████████▏ | 376/459 [00:36<00:08, 10.33it/s]
Epoch 21/50 [Train]:  82%|████████▏ | 378/459 [00:36<00:07, 10.40it/s]
Epoch 21/50 [Train]:  83%|████████▎ | 380/459 [00:36<00:07, 10.42it/s]
Epoch 21/50 [Train]:  83%|████████▎ | 382/459 [00:36<00:07,  9.88it/s]
Epoch 21/50 [Train]:  84%|████████▎ | 384/459 [00:37<00:07, 10.06it/s]
Epoch 21/50 [Train]:  84%|████████▍ | 386/459 [00:37<00:07, 10.17it/s]
Epoch 21/50 [Train]:  85%|████████▍ | 388/459 [00:37<00:06, 10.20it/s]
Epoch 21/50 [Train]:  85%|████████▍ | 390/459 [00:37<00:06, 10.30it/s]
Epoch 21/50 [Train]:  85%|████████▌ | 392/459 [00:37<00:06, 10.38it/s]
Epoch 21/50 [Train]:  86%|████████▌ | 394/459 [00:38<00:06, 10.41it/s]
Epoch 21/50 [Train]:  86%|████████▋ | 396/459 [00:38<00:06, 10.31it/s]
Epoch 21/50 [Train]:  87%|████████▋ | 398/459 [00:38<00:05, 10.22it/s]
Epoch 21/50 [Train]:  87%|████████▋ | 400/459 [00:38<00:05, 10.20it/s]
Epoch 21/50 [Train]:  88%|████████▊ | 402/459 [00:38<00:05, 10.28it/s]
Epoch 21/50 [Train]:  88%|████████▊ | 404/459 [00:39<00:05, 10.28it/s]
Epoch 21/50 [Train]:  88%|████████▊ | 406/459 [00:39<00:05, 10.28it/s]
Epoch 21/50 [Train]:  89%|████████▉ | 408/459 [00:39<00:04, 10.29it/s]
Epoch 21/50 [Train]:  89%|████████▉ | 410/459 [00:39<00:04, 10.31it/s]
Epoch 21/50 [Train]:  90%|████████▉ | 412/459 [00:39<00:04, 10.32it/s]
Epoch 21/50 [Train]:  90%|█████████ | 414/459 [00:40<00:04, 10.26it/s]
Epoch 21/50 [Train]:  91%|█████████ | 416/459 [00:40<00:04, 10.28it/s]
Epoch 21/50 [Train]:  91%|█████████ | 418/459 [00:40<00:03, 10.35it/s]
Epoch 21/50 [Train]:  92%|█████████▏| 420/459 [00:40<00:03, 10.44it/s]
Epoch 21/50 [Train]:  92%|█████████▏| 422/459 [00:40<00:03, 10.43it/s]
Epoch 21/50 [Train]:  92%|█████████▏| 424/459 [00:40<00:03, 10.44it/s]
Epoch 21/50 [Train]:  93%|█████████▎| 426/459 [00:41<00:03, 10.38it/s]
Epoch 21/50 [Train]:  93%|█████████▎| 428/459 [00:41<00:03, 10.32it/s]
Epoch 21/50 [Train]:  94%|█████████▎| 430/459 [00:41<00:02, 10.38it/s]
Epoch 21/50 [Train]:  94%|█████████▍| 432/459 [00:41<00:02, 10.34it/s]
Epoch 21/50 [Train]:  95%|█████████▍| 434/459 [00:41<00:02, 10.40it/s]
Epoch 21/50 [Train]:  95%|█████████▍| 436/459 [00:42<00:02, 10.48it/s]
Epoch 21/50 [Train]:  95%|█████████▌| 438/459 [00:42<00:02, 10.41it/s]
Epoch 21/50 [Train]:  96%|█████████▌| 440/459 [00:42<00:01, 10.39it/s]
Epoch 21/50 [Train]:  96%|█████████▋| 442/459 [00:42<00:01, 10.45it/s]
Epoch 21/50 [Train]:  97%|█████████▋| 444/459 [00:42<00:01, 10.45it/s]
Epoch 21/50 [Train]:  97%|█████████▋| 446/459 [00:43<00:01, 10.42it/s]
Epoch 21/50 [Train]:  98%|█████████▊| 448/459 [00:43<00:01, 10.41it/s]
Epoch 21/50 [Train]:  98%|█████████▊| 450/459 [00:43<00:00, 10.41it/s]
Epoch 21/50 [Train]:  98%|█████████▊| 452/459 [00:43<00:00, 10.36it/s]
Epoch 21/50 [Train]:  99%|█████████▉| 454/459 [00:43<00:00, 10.34it/s]
Epoch 21/50 [Train]:  99%|█████████▉| 456/459 [00:44<00:00, 10.37it/s]
Epoch 21/50 [Train]: 100%|█████████▉| 458/459 [00:44<00:00, 10.38it/s]
                                                                      

Epoch 21/50 [Val]:   0%|          | 0/113 [00:00<?, ?it/s]
Epoch 21/50 [Val]:   2%|▏         | 2/113 [00:00<00:07, 13.97it/s]
Epoch 21/50 [Val]:   4%|▎         | 4/113 [00:00<00:07, 14.15it/s]
Epoch 21/50 [Val]:   5%|▌         | 6/113 [00:00<00:07, 14.05it/s]
Epoch 21/50 [Val]:   7%|▋         | 8/113 [00:00<00:07, 14.18it/s]
Epoch 21/50 [Val]:   9%|▉         | 10/113 [00:00<00:07, 14.51it/s]
Epoch 21/50 [Val]:  11%|█         | 12/113 [00:00<00:06, 14.46it/s]
Epoch 21/50 [Val]:  12%|█▏        | 14/113 [00:00<00:06, 14.53it/s]
Epoch 21/50 [Val]:  14%|█▍        | 16/113 [00:01<00:07, 13.83it/s]
Epoch 21/50 [Val]:  16%|█▌        | 18/113 [00:01<00:07, 13.57it/s]
Epoch 21/50 [Val]:  18%|█▊        | 20/113 [00:01<00:07, 13.26it/s]
Epoch 21/50 [Val]:  19%|█▉        | 22/113 [00:01<00:06, 13.13it/s]
Epoch 21/50 [Val]:  21%|██        | 24/113 [00:01<00:06, 12.98it/s]
Epoch 21/50 [Val]:  23%|██▎       | 26/113 [00:01<00:06, 13.08it/s]
Epoch 21/50 [Val]:  25%|██▍       | 28/113 [00:02<00:06, 13.29it/s]
Epoch 21/50 [Val]:  27%|██▋       | 30/113 [00:02<00:06, 13.46it/s]
Epoch 21/50 [Val]:  28%|██▊       | 32/113 [00:02<00:05, 13.58it/s]
Epoch 21/50 [Val]:  30%|███       | 34/113 [00:02<00:05, 13.53it/s]
Epoch 21/50 [Val]:  32%|███▏      | 36/113 [00:02<00:05, 13.91it/s]
Epoch 21/50 [Val]:  34%|███▎      | 38/113 [00:02<00:05, 14.08it/s]
Epoch 21/50 [Val]:  35%|███▌      | 40/113 [00:02<00:05, 14.11it/s]
Epoch 21/50 [Val]:  37%|███▋      | 42/113 [00:03<00:04, 14.22it/s]
Epoch 21/50 [Val]:  39%|███▉      | 44/113 [00:03<00:04, 14.05it/s]
Epoch 21/50 [Val]:  41%|████      | 46/113 [00:03<00:04, 13.92it/s]
Epoch 21/50 [Val]:  42%|████▏     | 48/113 [00:03<00:04, 14.02it/s]
Epoch 21/50 [Val]:  44%|████▍     | 50/113 [00:03<00:04, 14.12it/s]
Epoch 21/50 [Val]:  46%|████▌     | 52/113 [00:03<00:04, 14.35it/s]
Epoch 21/50 [Val]:  48%|████▊     | 54/113 [00:03<00:04, 14.38it/s]
Epoch 21/50 [Val]:  50%|████▉     | 56/113 [00:04<00:04, 14.14it/s]
Epoch 21/50 [Val]:  51%|█████▏    | 58/113 [00:04<00:04, 13.74it/s]
Epoch 21/50 [Val]:  53%|█████▎    | 60/113 [00:04<00:03, 14.00it/s]
Epoch 21/50 [Val]:  55%|█████▍    | 62/113 [00:04<00:03, 13.94it/s]
Epoch 21/50 [Val]:  57%|█████▋    | 64/113 [00:04<00:03, 14.13it/s]
Epoch 21/50 [Val]:  58%|█████▊    | 66/113 [00:04<00:03, 14.04it/s]
Epoch 21/50 [Val]:  60%|██████    | 68/113 [00:04<00:03, 13.75it/s]
Epoch 21/50 [Val]:  62%|██████▏   | 70/113 [00:05<00:03, 13.87it/s]
Epoch 21/50 [Val]:  64%|██████▎   | 72/113 [00:05<00:02, 14.02it/s]
Epoch 21/50 [Val]:  65%|██████▌   | 74/113 [00:05<00:02, 14.22it/s]
Epoch 21/50 [Val]:  67%|██████▋   | 76/113 [00:05<00:02, 14.36it/s]
Epoch 21/50 [Val]:  69%|██████▉   | 78/113 [00:05<00:02, 14.18it/s]
Epoch 21/50 [Val]:  71%|███████   | 80/113 [00:05<00:02, 14.12it/s]
Epoch 21/50 [Val]:  73%|███████▎  | 82/113 [00:05<00:02, 14.11it/s]
Epoch 21/50 [Val]:  74%|███████▍  | 84/113 [00:06<00:02, 14.21it/s]
Epoch 21/50 [Val]:  76%|███████▌  | 86/113 [00:06<00:01, 14.15it/s]
Epoch 21/50 [Val]:  78%|███████▊  | 88/113 [00:06<00:01, 14.13it/s]
Epoch 21/50 [Val]:  80%|███████▉  | 90/113 [00:06<00:01, 14.28it/s]
Epoch 21/50 [Val]:  81%|████████▏ | 92/113 [00:06<00:01, 14.27it/s]
Epoch 21/50 [Val]:  83%|████████▎ | 94/113 [00:06<00:01, 14.24it/s]
Epoch 21/50 [Val]:  85%|████████▍ | 96/113 [00:06<00:01, 14.29it/s]
Epoch 21/50 [Val]:  87%|████████▋ | 98/113 [00:07<00:01, 14.45it/s]
Epoch 21/50 [Val]:  88%|████████▊ | 100/113 [00:07<00:00, 14.34it/s]
Epoch 21/50 [Val]:  90%|█████████ | 102/113 [00:07<00:00, 14.09it/s]
Epoch 21/50 [Val]:  92%|█████████▏| 104/113 [00:07<00:00, 14.32it/s]
Epoch 21/50 [Val]:  94%|█████████▍| 106/113 [00:07<00:00, 14.41it/s]
Epoch 21/50 [Val]:  96%|█████████▌| 108/113 [00:07<00:00, 14.56it/s]
Epoch 21/50 [Val]:  97%|█████████▋| 110/113 [00:07<00:00, 14.58it/s]
Epoch 21/50 [Val]:  99%|█████████▉| 112/113 [00:07<00:00, 14.32it/s]
                                                                    

Epoch 22/50 [Train]:   0%|          | 0/459 [00:00<?, ?it/s]
Epoch 22/50 [Train]:   0%|          | 1/459 [00:00<00:46,  9.94it/s]
Epoch 22/50 [Train]:   0%|          | 2/459 [00:00<00:46,  9.92it/s]
Epoch 22/50 [Train]:   1%|          | 4/459 [00:00<00:45, 10.09it/s]
Epoch 22/50 [Train]:   1%|▏         | 6/459 [00:00<00:44, 10.28it/s]
Epoch 22/50 [Train]:   2%|▏         | 8/459 [00:00<00:44, 10.16it/s]
Epoch 22/50 [Train]:   2%|▏         | 10/459 [00:00<00:43, 10.30it/s]
Epoch 22/50 [Train]:   3%|▎         | 12/459 [00:01<00:43, 10.29it/s]
Epoch 22/50 [Train]:   3%|▎         | 14/459 [00:01<00:43, 10.28it/s]
Epoch 22/50 [Train]:   3%|▎         | 16/459 [00:01<00:43, 10.26it/s]
Epoch 22/50 [Train]:   4%|▍         | 18/459 [00:01<00:42, 10.34it/s]
Epoch 22/50 [Train]:   4%|▍         | 20/459 [00:01<00:42, 10.36it/s]
Epoch 22/50 [Train]:   5%|▍         | 22/459 [00:02<00:42, 10.39it/s]
Epoch 22/50 [Train]:   5%|▌         | 24/459 [00:02<00:41, 10.44it/s]
Epoch 22/50 [Train]:   6%|▌         | 26/459 [00:02<00:41, 10.48it/s]
Epoch 22/50 [Train]:   6%|▌         | 28/459 [00:02<00:41, 10.49it/s]
Epoch 22/50 [Train]:   7%|▋         | 30/459 [00:02<00:41, 10.42it/s]
Epoch 22/50 [Train]:   7%|▋         | 32/459 [00:03<00:41, 10.38it/s]
Epoch 22/50 [Train]:   7%|▋         | 34/459 [00:03<00:41, 10.33it/s]
Epoch 22/50 [Train]:   8%|▊         | 36/459 [00:03<00:40, 10.39it/s]
Epoch 22/50 [Train]:   8%|▊         | 38/459 [00:03<00:40, 10.44it/s]
Epoch 22/50 [Train]:   9%|▊         | 40/459 [00:03<00:40, 10.43it/s]
Epoch 22/50 [Train]:   9%|▉         | 42/459 [00:04<00:40, 10.37it/s]
Epoch 22/50 [Train]:  10%|▉         | 44/459 [00:04<00:39, 10.41it/s]
Epoch 22/50 [Train]:  10%|█         | 46/459 [00:04<00:40, 10.27it/s]
Epoch 22/50 [Train]:  10%|█         | 48/459 [00:04<00:39, 10.34it/s]
Epoch 22/50 [Train]:  11%|█         | 50/459 [00:04<00:39, 10.29it/s]
Epoch 22/50 [Train]:  11%|█▏        | 52/459 [00:05<00:39, 10.29it/s]
Epoch 22/50 [Train]:  12%|█▏        | 54/459 [00:05<00:39, 10.27it/s]
Epoch 22/50 [Train]:  12%|█▏        | 56/459 [00:05<00:39, 10.26it/s]
Epoch 22/50 [Train]:  13%|█▎        | 58/459 [00:05<00:38, 10.35it/s]
Epoch 22/50 [Train]:  13%|█▎        | 60/459 [00:05<00:38, 10.35it/s]
Epoch 22/50 [Train]:  14%|█▎        | 62/459 [00:06<00:38, 10.29it/s]
Epoch 22/50 [Train]:  14%|█▍        | 64/459 [00:06<00:38, 10.32it/s]
Epoch 22/50 [Train]:  14%|█▍        | 66/459 [00:06<00:37, 10.40it/s]
Epoch 22/50 [Train]:  15%|█▍        | 68/459 [00:06<00:37, 10.38it/s]
Epoch 22/50 [Train]:  15%|█▌        | 70/459 [00:06<00:37, 10.41it/s]
Epoch 22/50 [Train]:  16%|█▌        | 72/459 [00:06<00:37, 10.37it/s]
Epoch 22/50 [Train]:  16%|█▌        | 74/459 [00:07<00:37, 10.31it/s]
Epoch 22/50 [Train]:  17%|█▋        | 76/459 [00:07<00:36, 10.39it/s]
Epoch 22/50 [Train]:  17%|█▋        | 78/459 [00:07<00:36, 10.40it/s]
Epoch 22/50 [Train]:  17%|█▋        | 80/459 [00:07<00:36, 10.43it/s]
Epoch 22/50 [Train]:  18%|█▊        | 82/459 [00:07<00:36, 10.38it/s]
Epoch 22/50 [Train]:  18%|█▊        | 84/459 [00:08<00:36, 10.37it/s]
Epoch 22/50 [Train]:  19%|█▊        | 86/459 [00:08<00:36, 10.36it/s]
Epoch 22/50 [Train]:  19%|█▉        | 88/459 [00:08<00:35, 10.38it/s]
Epoch 22/50 [Train]:  20%|█▉        | 90/459 [00:08<00:35, 10.40it/s]
Epoch 22/50 [Train]:  20%|██        | 92/459 [00:08<00:35, 10.38it/s]
Epoch 22/50 [Train]:  20%|██        | 94/459 [00:09<00:35, 10.38it/s]
Epoch 22/50 [Train]:  21%|██        | 96/459 [00:09<00:34, 10.39it/s]
Epoch 22/50 [Train]:  21%|██▏       | 98/459 [00:09<00:34, 10.41it/s]
Epoch 22/50 [Train]:  22%|██▏       | 100/459 [00:09<00:34, 10.42it/s]
Epoch 22/50 [Train]:  22%|██▏       | 102/459 [00:09<00:34, 10.38it/s]
Epoch 22/50 [Train]:  23%|██▎       | 104/459 [00:10<00:34, 10.38it/s]
Epoch 22/50 [Train]:  23%|██▎       | 106/459 [00:10<00:34, 10.33it/s]
Epoch 22/50 [Train]:  24%|██▎       | 108/459 [00:10<00:33, 10.37it/s]
Epoch 22/50 [Train]:  24%|██▍       | 110/459 [00:10<00:33, 10.37it/s]
Epoch 22/50 [Train]:  24%|██▍       | 112/459 [00:10<00:33, 10.39it/s]
Epoch 22/50 [Train]:  25%|██▍       | 114/459 [00:11<00:33, 10.44it/s]
Epoch 22/50 [Train]:  25%|██▌       | 116/459 [00:11<00:33, 10.36it/s]
Epoch 22/50 [Train]:  26%|██▌       | 118/459 [00:11<00:32, 10.38it/s]
Epoch 22/50 [Train]:  26%|██▌       | 120/459 [00:11<00:32, 10.40it/s]
Epoch 22/50 [Train]:  27%|██▋       | 122/459 [00:11<00:32, 10.32it/s]
Epoch 22/50 [Train]:  27%|██▋       | 124/459 [00:11<00:32, 10.36it/s]
Epoch 22/50 [Train]:  27%|██▋       | 126/459 [00:12<00:32, 10.29it/s]
Epoch 22/50 [Train]:  28%|██▊       | 128/459 [00:12<00:32, 10.26it/s]
Epoch 22/50 [Train]:  28%|██▊       | 130/459 [00:12<00:31, 10.32it/s]
Epoch 22/50 [Train]:  29%|██▉       | 132/459 [00:12<00:31, 10.32it/s]
Epoch 22/50 [Train]:  29%|██▉       | 134/459 [00:12<00:31, 10.35it/s]
Epoch 22/50 [Train]:  30%|██▉       | 136/459 [00:13<00:31, 10.25it/s]
Epoch 22/50 [Train]:  30%|███       | 138/459 [00:13<00:31, 10.30it/s]
Epoch 22/50 [Train]:  31%|███       | 140/459 [00:13<00:30, 10.29it/s]
Epoch 22/50 [Train]:  31%|███       | 142/459 [00:13<00:30, 10.24it/s]
Epoch 22/50 [Train]:  31%|███▏      | 144/459 [00:13<00:30, 10.27it/s]
Epoch 22/50 [Train]:  32%|███▏      | 146/459 [00:14<00:30, 10.25it/s]
Epoch 22/50 [Train]:  32%|███▏      | 148/459 [00:14<00:30, 10.31it/s]
Epoch 22/50 [Train]:  33%|███▎      | 150/459 [00:14<00:30, 10.28it/s]
Epoch 22/50 [Train]:  33%|███▎      | 152/459 [00:14<00:29, 10.31it/s]
Epoch 22/50 [Train]:  34%|███▎      | 154/459 [00:14<00:29, 10.27it/s]
Epoch 22/50 [Train]:  34%|███▍      | 156/459 [00:15<00:29, 10.35it/s]
Epoch 22/50 [Train]:  34%|███▍      | 158/459 [00:15<00:29, 10.23it/s]
Epoch 22/50 [Train]:  35%|███▍      | 160/459 [00:15<00:28, 10.31it/s]
Epoch 22/50 [Train]:  35%|███▌      | 162/459 [00:15<00:28, 10.27it/s]
Epoch 22/50 [Train]:  36%|███▌      | 164/459 [00:15<00:28, 10.30it/s]
Epoch 22/50 [Train]:  36%|███▌      | 166/459 [00:16<00:28, 10.35it/s]
Epoch 22/50 [Train]:  37%|███▋      | 168/459 [00:16<00:28, 10.35it/s]
Epoch 22/50 [Train]:  37%|███▋      | 170/459 [00:16<00:27, 10.36it/s]
Epoch 22/50 [Train]:  37%|███▋      | 172/459 [00:16<00:27, 10.37it/s]
Epoch 22/50 [Train]:  38%|███▊      | 174/459 [00:16<00:27, 10.37it/s]
Epoch 22/50 [Train]:  38%|███▊      | 176/459 [00:17<00:27, 10.19it/s]
Epoch 22/50 [Train]:  39%|███▉      | 178/459 [00:17<00:27, 10.19it/s]
Epoch 22/50 [Train]:  39%|███▉      | 180/459 [00:17<00:27, 10.25it/s]
Epoch 22/50 [Train]:  40%|███▉      | 182/459 [00:17<00:26, 10.31it/s]
Epoch 22/50 [Train]:  40%|████      | 184/459 [00:17<00:26, 10.28it/s]
Epoch 22/50 [Train]:  41%|████      | 186/459 [00:18<00:26, 10.26it/s]
Epoch 22/50 [Train]:  41%|████      | 188/459 [00:18<00:26, 10.33it/s]
Epoch 22/50 [Train]:  41%|████▏     | 190/459 [00:18<00:26, 10.34it/s]
Epoch 22/50 [Train]:  42%|████▏     | 192/459 [00:18<00:25, 10.29it/s]
Epoch 22/50 [Train]:  42%|████▏     | 194/459 [00:18<00:25, 10.33it/s]
Epoch 22/50 [Train]:  43%|████▎     | 196/459 [00:18<00:25, 10.24it/s]
Epoch 22/50 [Train]:  43%|████▎     | 198/459 [00:19<00:25, 10.24it/s]
Epoch 22/50 [Train]:  44%|████▎     | 200/459 [00:19<00:25, 10.27it/s]
Epoch 22/50 [Train]:  44%|████▍     | 202/459 [00:19<00:24, 10.31it/s]
Epoch 22/50 [Train]:  44%|████▍     | 204/459 [00:19<00:24, 10.39it/s]
Epoch 22/50 [Train]:  45%|████▍     | 206/459 [00:19<00:24, 10.30it/s]
Epoch 22/50 [Train]:  45%|████▌     | 208/459 [00:20<00:24, 10.33it/s]
Epoch 22/50 [Train]:  46%|████▌     | 210/459 [00:20<00:24, 10.32it/s]
Epoch 22/50 [Train]:  46%|████▌     | 212/459 [00:20<00:23, 10.41it/s]
Epoch 22/50 [Train]:  47%|████▋     | 214/459 [00:20<00:23, 10.40it/s]
Epoch 22/50 [Train]:  47%|████▋     | 216/459 [00:20<00:23, 10.41it/s]
Epoch 22/50 [Train]:  47%|████▋     | 218/459 [00:21<00:23, 10.36it/s]
Epoch 22/50 [Train]:  48%|████▊     | 220/459 [00:21<00:22, 10.40it/s]
Epoch 22/50 [Train]:  48%|████▊     | 222/459 [00:21<00:22, 10.37it/s]
Epoch 22/50 [Train]:  49%|████▉     | 224/459 [00:21<00:22, 10.37it/s]
Epoch 22/50 [Train]:  49%|████▉     | 226/459 [00:21<00:22, 10.36it/s]
Epoch 22/50 [Train]:  50%|████▉     | 228/459 [00:22<00:22, 10.41it/s]
Epoch 22/50 [Train]:  50%|█████     | 230/459 [00:22<00:22, 10.40it/s]
Epoch 22/50 [Train]:  51%|█████     | 232/459 [00:22<00:21, 10.42it/s]
Epoch 22/50 [Train]:  51%|█████     | 234/459 [00:22<00:21, 10.45it/s]
Epoch 22/50 [Train]:  51%|█████▏    | 236/459 [00:22<00:21, 10.46it/s]
Epoch 22/50 [Train]:  52%|█████▏    | 238/459 [00:23<00:21, 10.44it/s]
Epoch 22/50 [Train]:  52%|█████▏    | 240/459 [00:23<00:20, 10.45it/s]
Epoch 22/50 [Train]:  53%|█████▎    | 242/459 [00:23<00:20, 10.42it/s]
Epoch 22/50 [Train]:  53%|█████▎    | 244/459 [00:23<00:20, 10.36it/s]
Epoch 22/50 [Train]:  54%|█████▎    | 246/459 [00:23<00:20, 10.32it/s]
Epoch 22/50 [Train]:  54%|█████▍    | 248/459 [00:23<00:20, 10.34it/s]
Epoch 22/50 [Train]:  54%|█████▍    | 250/459 [00:24<00:20, 10.33it/s]
Epoch 22/50 [Train]:  55%|█████▍    | 252/459 [00:24<00:20, 10.19it/s]
Epoch 22/50 [Train]:  55%|█████▌    | 254/459 [00:24<00:20, 10.14it/s]
Epoch 22/50 [Train]:  56%|█████▌    | 256/459 [00:24<00:19, 10.30it/s]
Epoch 22/50 [Train]:  56%|█████▌    | 258/459 [00:24<00:19, 10.33it/s]
Epoch 22/50 [Train]:  57%|█████▋    | 260/459 [00:25<00:19, 10.38it/s]
Epoch 22/50 [Train]:  57%|█████▋    | 262/459 [00:25<00:19, 10.29it/s]
Epoch 22/50 [Train]:  58%|█████▊    | 264/459 [00:25<00:18, 10.32it/s]
Epoch 22/50 [Train]:  58%|█████▊    | 266/459 [00:25<00:18, 10.42it/s]
Epoch 22/50 [Train]:  58%|█████▊    | 268/459 [00:25<00:18, 10.33it/s]
Epoch 22/50 [Train]:  59%|█████▉    | 270/459 [00:26<00:18, 10.30it/s]
Epoch 22/50 [Train]:  59%|█████▉    | 272/459 [00:26<00:18, 10.33it/s]
Epoch 22/50 [Train]:  60%|█████▉    | 274/459 [00:26<00:18, 10.25it/s]
Epoch 22/50 [Train]:  60%|██████    | 276/459 [00:26<00:17, 10.28it/s]
Epoch 22/50 [Train]:  61%|██████    | 278/459 [00:26<00:17, 10.24it/s]
Epoch 22/50 [Train]:  61%|██████    | 280/459 [00:27<00:17, 10.22it/s]
Epoch 22/50 [Train]:  61%|██████▏   | 282/459 [00:27<00:17, 10.23it/s]
Epoch 22/50 [Train]:  62%|██████▏   | 284/459 [00:27<00:17, 10.22it/s]
Epoch 22/50 [Train]:  62%|██████▏   | 286/459 [00:27<00:17, 10.16it/s]
Epoch 22/50 [Train]:  63%|██████▎   | 288/459 [00:27<00:16, 10.24it/s]
Epoch 22/50 [Train]:  63%|██████▎   | 290/459 [00:28<00:16, 10.29it/s]
Epoch 22/50 [Train]:  64%|██████▎   | 292/459 [00:28<00:16, 10.30it/s]
Epoch 22/50 [Train]:  64%|██████▍   | 294/459 [00:28<00:16, 10.27it/s]
Epoch 22/50 [Train]:  64%|██████▍   | 296/459 [00:28<00:15, 10.29it/s]
Epoch 22/50 [Train]:  65%|██████▍   | 298/459 [00:28<00:15, 10.22it/s]
Epoch 22/50 [Train]:  65%|██████▌   | 300/459 [00:29<00:15, 10.17it/s]
Epoch 22/50 [Train]:  66%|██████▌   | 302/459 [00:29<00:15, 10.31it/s]
Epoch 22/50 [Train]:  66%|██████▌   | 304/459 [00:29<00:14, 10.34it/s]
Epoch 22/50 [Train]:  67%|██████▋   | 306/459 [00:29<00:14, 10.40it/s]
Epoch 22/50 [Train]:  67%|██████▋   | 308/459 [00:29<00:14, 10.35it/s]
Epoch 22/50 [Train]:  68%|██████▊   | 310/459 [00:30<00:14, 10.32it/s]
Epoch 22/50 [Train]:  68%|██████▊   | 312/459 [00:30<00:14, 10.20it/s]
Epoch 22/50 [Train]:  68%|██████▊   | 314/459 [00:30<00:14, 10.22it/s]
Epoch 22/50 [Train]:  69%|██████▉   | 316/459 [00:30<00:13, 10.26it/s]
Epoch 22/50 [Train]:  69%|██████▉   | 318/459 [00:30<00:13, 10.29it/s]
Epoch 22/50 [Train]:  70%|██████▉   | 320/459 [00:30<00:13, 10.34it/s]
Epoch 22/50 [Train]:  70%|███████   | 322/459 [00:31<00:13, 10.34it/s]
Epoch 22/50 [Train]:  71%|███████   | 324/459 [00:31<00:13, 10.28it/s]
Epoch 22/50 [Train]:  71%|███████   | 326/459 [00:31<00:12, 10.36it/s]
Epoch 22/50 [Train]:  71%|███████▏  | 328/459 [00:31<00:12, 10.43it/s]
Epoch 22/50 [Train]:  72%|███████▏  | 330/459 [00:31<00:12, 10.44it/s]
Epoch 22/50 [Train]:  72%|███████▏  | 332/459 [00:32<00:12, 10.46it/s]
Epoch 22/50 [Train]:  73%|███████▎  | 334/459 [00:32<00:11, 10.47it/s]
Epoch 22/50 [Train]:  73%|███████▎  | 336/459 [00:32<00:11, 10.42it/s]
Epoch 22/50 [Train]:  74%|███████▎  | 338/459 [00:32<00:11, 10.48it/s]
Epoch 22/50 [Train]:  74%|███████▍  | 340/459 [00:32<00:11, 10.46it/s]
Epoch 22/50 [Train]:  75%|███████▍  | 342/459 [00:33<00:11, 10.51it/s]
Epoch 22/50 [Train]:  75%|███████▍  | 344/459 [00:33<00:11, 10.39it/s]
Epoch 22/50 [Train]:  75%|███████▌  | 346/459 [00:33<00:10, 10.40it/s]
Epoch 22/50 [Train]:  76%|███████▌  | 348/459 [00:33<00:10, 10.26it/s]
Epoch 22/50 [Train]:  76%|███████▋  | 350/459 [00:33<00:10, 10.31it/s]
Epoch 22/50 [Train]:  77%|███████▋  | 352/459 [00:34<00:10, 10.34it/s]
Epoch 22/50 [Train]:  77%|███████▋  | 354/459 [00:34<00:10, 10.43it/s]
Epoch 22/50 [Train]:  78%|███████▊  | 356/459 [00:34<00:09, 10.49it/s]
Epoch 22/50 [Train]:  78%|███████▊  | 358/459 [00:34<00:09, 10.47it/s]
Epoch 22/50 [Train]:  78%|███████▊  | 360/459 [00:34<00:09, 10.44it/s]
Epoch 22/50 [Train]:  79%|███████▉  | 362/459 [00:35<00:09, 10.37it/s]
Epoch 22/50 [Train]:  79%|███████▉  | 364/459 [00:35<00:09, 10.36it/s]
Epoch 22/50 [Train]:  80%|███████▉  | 366/459 [00:35<00:08, 10.44it/s]
Epoch 22/50 [Train]:  80%|████████  | 368/459 [00:35<00:08, 10.41it/s]
Epoch 22/50 [Train]:  81%|████████  | 370/459 [00:35<00:08, 10.39it/s]
Epoch 22/50 [Train]:  81%|████████  | 372/459 [00:35<00:08, 10.40it/s]
Epoch 22/50 [Train]:  81%|████████▏ | 374/459 [00:36<00:08, 10.43it/s]
Epoch 22/50 [Train]:  82%|████████▏ | 376/459 [00:36<00:08, 10.31it/s]
Epoch 22/50 [Train]:  82%|████████▏ | 378/459 [00:36<00:07, 10.26it/s]
Epoch 22/50 [Train]:  83%|████████▎ | 380/459 [00:36<00:07, 10.16it/s]
Epoch 22/50 [Train]:  83%|████████▎ | 382/459 [00:36<00:07, 10.29it/s]
Epoch 22/50 [Train]:  84%|████████▎ | 384/459 [00:37<00:07, 10.25it/s]
Epoch 22/50 [Train]:  84%|████████▍ | 386/459 [00:37<00:07, 10.35it/s]
Epoch 22/50 [Train]:  85%|████████▍ | 388/459 [00:37<00:06, 10.41it/s]
Epoch 22/50 [Train]:  85%|████████▍ | 390/459 [00:37<00:06, 10.36it/s]
Epoch 22/50 [Train]:  85%|████████▌ | 392/459 [00:37<00:06, 10.33it/s]
Epoch 22/50 [Train]:  86%|████████▌ | 394/459 [00:38<00:06, 10.30it/s]
Epoch 22/50 [Train]:  86%|████████▋ | 396/459 [00:38<00:06, 10.36it/s]
Epoch 22/50 [Train]:  87%|████████▋ | 398/459 [00:38<00:05, 10.29it/s]
Epoch 22/50 [Train]:  87%|████████▋ | 400/459 [00:38<00:05, 10.34it/s]
Epoch 22/50 [Train]:  88%|████████▊ | 402/459 [00:38<00:05, 10.38it/s]
Epoch 22/50 [Train]:  88%|████████▊ | 404/459 [00:39<00:05, 10.39it/s]
Epoch 22/50 [Train]:  88%|████████▊ | 406/459 [00:39<00:05, 10.40it/s]
Epoch 22/50 [Train]:  89%|████████▉ | 408/459 [00:39<00:04, 10.39it/s]
Epoch 22/50 [Train]:  89%|████████▉ | 410/459 [00:39<00:04, 10.31it/s]
Epoch 22/50 [Train]:  90%|████████▉ | 412/459 [00:39<00:04, 10.38it/s]
Epoch 22/50 [Train]:  90%|█████████ | 414/459 [00:40<00:04, 10.22it/s]
Epoch 22/50 [Train]:  91%|█████████ | 416/459 [00:40<00:04, 10.17it/s]
Epoch 22/50 [Train]:  91%|█████████ | 418/459 [00:40<00:03, 10.25it/s]
Epoch 22/50 [Train]:  92%|█████████▏| 420/459 [00:40<00:03, 10.26it/s]
Epoch 22/50 [Train]:  92%|█████████▏| 422/459 [00:40<00:03, 10.31it/s]
Epoch 22/50 [Train]:  92%|█████████▏| 424/459 [00:41<00:03, 10.34it/s]
Epoch 22/50 [Train]:  93%|█████████▎| 426/459 [00:41<00:03, 10.28it/s]
Epoch 22/50 [Train]:  93%|█████████▎| 428/459 [00:41<00:03, 10.28it/s]
Epoch 22/50 [Train]:  94%|█████████▎| 430/459 [00:41<00:02, 10.39it/s]
Epoch 22/50 [Train]:  94%|█████████▍| 432/459 [00:41<00:02, 10.41it/s]
Epoch 22/50 [Train]:  95%|█████████▍| 434/459 [00:41<00:02, 10.39it/s]
Epoch 22/50 [Train]:  95%|█████████▍| 436/459 [00:42<00:02, 10.07it/s]
Epoch 22/50 [Train]:  95%|█████████▌| 438/459 [00:42<00:02, 10.15it/s]
Epoch 22/50 [Train]:  96%|█████████▌| 440/459 [00:42<00:01, 10.18it/s]
Epoch 22/50 [Train]:  96%|█████████▋| 442/459 [00:42<00:01, 10.24it/s]
Epoch 22/50 [Train]:  97%|█████████▋| 444/459 [00:42<00:01, 10.32it/s]
Epoch 22/50 [Train]:  97%|█████████▋| 446/459 [00:43<00:01, 10.30it/s]
Epoch 22/50 [Train]:  98%|█████████▊| 448/459 [00:43<00:01, 10.28it/s]
Epoch 22/50 [Train]:  98%|█████████▊| 450/459 [00:43<00:00, 10.27it/s]
Epoch 22/50 [Train]:  98%|█████████▊| 452/459 [00:43<00:00, 10.33it/s]
Epoch 22/50 [Train]:  99%|█████████▉| 454/459 [00:43<00:00, 10.21it/s]
Epoch 22/50 [Train]:  99%|█████████▉| 456/459 [00:44<00:00, 10.31it/s]
Epoch 22/50 [Train]: 100%|█████████▉| 458/459 [00:44<00:00, 10.34it/s]
                                                                      

Epoch 22/50 [Val]:   0%|          | 0/113 [00:00<?, ?it/s]
Epoch 22/50 [Val]:   2%|▏         | 2/113 [00:00<00:08, 13.64it/s]
Epoch 22/50 [Val]:   4%|▎         | 4/113 [00:00<00:07, 13.81it/s]
Epoch 22/50 [Val]:   5%|▌         | 6/113 [00:00<00:07, 13.54it/s]
Epoch 22/50 [Val]:   7%|▋         | 8/113 [00:00<00:07, 13.58it/s]
Epoch 22/50 [Val]:   9%|▉         | 10/113 [00:00<00:07, 14.03it/s]
Epoch 22/50 [Val]:  11%|█         | 12/113 [00:00<00:07, 14.08it/s]
Epoch 22/50 [Val]:  12%|█▏        | 14/113 [00:01<00:07, 14.03it/s]
Epoch 22/50 [Val]:  14%|█▍        | 16/113 [00:01<00:07, 13.53it/s]
Epoch 22/50 [Val]:  16%|█▌        | 18/113 [00:01<00:07, 13.30it/s]
Epoch 22/50 [Val]:  18%|█▊        | 20/113 [00:01<00:07, 13.03it/s]
Epoch 22/50 [Val]:  19%|█▉        | 22/113 [00:01<00:07, 12.87it/s]
Epoch 22/50 [Val]:  21%|██        | 24/113 [00:01<00:06, 12.77it/s]
Epoch 22/50 [Val]:  23%|██▎       | 26/113 [00:01<00:06, 13.06it/s]
Epoch 22/50 [Val]:  25%|██▍       | 28/113 [00:02<00:06, 13.23it/s]
Epoch 22/50 [Val]:  27%|██▋       | 30/113 [00:02<00:06, 13.26it/s]
Epoch 22/50 [Val]:  28%|██▊       | 32/113 [00:02<00:06, 13.41it/s]
Epoch 22/50 [Val]:  30%|███       | 34/113 [00:02<00:05, 13.53it/s]
Epoch 22/50 [Val]:  32%|███▏      | 36/113 [00:02<00:05, 13.68it/s]
Epoch 22/50 [Val]:  34%|███▎      | 38/113 [00:02<00:05, 13.85it/s]
Epoch 22/50 [Val]:  35%|███▌      | 40/113 [00:02<00:05, 13.86it/s]
Epoch 22/50 [Val]:  37%|███▋      | 42/113 [00:03<00:05, 13.82it/s]
Epoch 22/50 [Val]:  39%|███▉      | 44/113 [00:03<00:05, 13.75it/s]
Epoch 22/50 [Val]:  41%|████      | 46/113 [00:03<00:04, 13.60it/s]
Epoch 22/50 [Val]:  42%|████▏     | 48/113 [00:03<00:04, 13.72it/s]
Epoch 22/50 [Val]:  44%|████▍     | 50/113 [00:03<00:04, 14.01it/s]
Epoch 22/50 [Val]:  46%|████▌     | 52/113 [00:03<00:04, 14.28it/s]
Epoch 22/50 [Val]:  48%|████▊     | 54/113 [00:03<00:04, 14.22it/s]
Epoch 22/50 [Val]:  50%|████▉     | 56/113 [00:04<00:03, 14.25it/s]
Epoch 22/50 [Val]:  51%|█████▏    | 58/113 [00:04<00:03, 13.92it/s]
Epoch 22/50 [Val]:  53%|█████▎    | 60/113 [00:04<00:03, 14.17it/s]
Epoch 22/50 [Val]:  55%|█████▍    | 62/113 [00:04<00:03, 14.19it/s]
Epoch 22/50 [Val]:  57%|█████▋    | 64/113 [00:04<00:03, 14.24it/s]
Epoch 22/50 [Val]:  58%|█████▊    | 66/113 [00:04<00:03, 13.70it/s]
Epoch 22/50 [Val]:  60%|██████    | 68/113 [00:04<00:03, 13.81it/s]
Epoch 22/50 [Val]:  62%|██████▏   | 70/113 [00:05<00:03, 13.90it/s]
Epoch 22/50 [Val]:  64%|██████▎   | 72/113 [00:05<00:02, 14.06it/s]
Epoch 22/50 [Val]:  65%|██████▌   | 74/113 [00:05<00:02, 14.18it/s]
Epoch 22/50 [Val]:  67%|██████▋   | 76/113 [00:05<00:02, 14.23it/s]
Epoch 22/50 [Val]:  69%|██████▉   | 78/113 [00:05<00:02, 14.16it/s]
Epoch 22/50 [Val]:  71%|███████   | 80/113 [00:05<00:02, 14.02it/s]
Epoch 22/50 [Val]:  73%|███████▎  | 82/113 [00:05<00:02, 14.03it/s]
Epoch 22/50 [Val]:  74%|███████▍  | 84/113 [00:06<00:02, 14.14it/s]
Epoch 22/50 [Val]:  76%|███████▌  | 86/113 [00:06<00:01, 14.05it/s]
Epoch 22/50 [Val]:  78%|███████▊  | 88/113 [00:06<00:01, 13.98it/s]
Epoch 22/50 [Val]:  80%|███████▉  | 90/113 [00:06<00:01, 13.95it/s]
Epoch 22/50 [Val]:  81%|████████▏ | 92/113 [00:06<00:01, 14.12it/s]
Epoch 22/50 [Val]:  83%|████████▎ | 94/113 [00:06<00:01, 14.18it/s]
Epoch 22/50 [Val]:  85%|████████▍ | 96/113 [00:06<00:01, 14.47it/s]
Epoch 22/50 [Val]:  87%|████████▋ | 98/113 [00:07<00:01, 14.56it/s]
Epoch 22/50 [Val]:  88%|████████▊ | 100/113 [00:07<00:00, 14.25it/s]
Epoch 22/50 [Val]:  90%|█████████ | 102/113 [00:07<00:00, 13.71it/s]
Epoch 22/50 [Val]:  92%|█████████▏| 104/113 [00:07<00:00, 14.03it/s]
Epoch 22/50 [Val]:  94%|█████████▍| 106/113 [00:07<00:00, 14.13it/s]
Epoch 22/50 [Val]:  96%|█████████▌| 108/113 [00:07<00:00, 14.32it/s]
Epoch 22/50 [Val]:  97%|█████████▋| 110/113 [00:07<00:00, 14.17it/s]
Epoch 22/50 [Val]:  99%|█████████▉| 112/113 [00:08<00:00, 14.26it/s]
                                                                    

Epoch 23/50 [Train]:   0%|          | 0/459 [00:00<?, ?it/s]
Epoch 23/50 [Train]:   0%|          | 2/459 [00:00<00:44, 10.30it/s]
Epoch 23/50 [Train]:   1%|          | 4/459 [00:00<00:44, 10.30it/s]
Epoch 23/50 [Train]:   1%|▏         | 6/459 [00:00<00:44, 10.26it/s]
Epoch 23/50 [Train]:   2%|▏         | 8/459 [00:00<00:43, 10.37it/s]
Epoch 23/50 [Train]:   2%|▏         | 10/459 [00:00<00:43, 10.35it/s]
Epoch 23/50 [Train]:   3%|▎         | 12/459 [00:01<00:43, 10.37it/s]
Epoch 23/50 [Train]:   3%|▎         | 14/459 [00:01<00:43, 10.31it/s]
Epoch 23/50 [Train]:   3%|▎         | 16/459 [00:01<00:42, 10.36it/s]
Epoch 23/50 [Train]:   4%|▍         | 18/459 [00:01<00:42, 10.41it/s]
Epoch 23/50 [Train]:   4%|▍         | 20/459 [00:01<00:42, 10.45it/s]
Epoch 23/50 [Train]:   5%|▍         | 22/459 [00:02<00:41, 10.44it/s]
Epoch 23/50 [Train]:   5%|▌         | 24/459 [00:02<00:41, 10.40it/s]
Epoch 23/50 [Train]:   6%|▌         | 26/459 [00:02<00:41, 10.36it/s]
Epoch 23/50 [Train]:   6%|▌         | 28/459 [00:02<00:41, 10.32it/s]
Epoch 23/50 [Train]:   7%|▋         | 30/459 [00:02<00:41, 10.23it/s]
Epoch 23/50 [Train]:   7%|▋         | 32/459 [00:03<00:41, 10.29it/s]
Epoch 23/50 [Train]:   7%|▋         | 34/459 [00:03<00:41, 10.25it/s]
Epoch 23/50 [Train]:   8%|▊         | 36/459 [00:03<00:41, 10.26it/s]
Epoch 23/50 [Train]:   8%|▊         | 38/459 [00:03<00:41, 10.19it/s]
Epoch 23/50 [Train]:   9%|▊         | 40/459 [00:03<00:41, 10.20it/s]
Epoch 23/50 [Train]:   9%|▉         | 42/459 [00:04<00:40, 10.22it/s]
Epoch 23/50 [Train]:  10%|▉         | 44/459 [00:04<00:40, 10.26it/s]
Epoch 23/50 [Train]:  10%|█         | 46/459 [00:04<00:40, 10.32it/s]
Epoch 23/50 [Train]:  10%|█         | 48/459 [00:04<00:39, 10.33it/s]
Epoch 23/50 [Train]:  11%|█         | 50/459 [00:04<00:39, 10.40it/s]
Epoch 23/50 [Train]:  11%|█▏        | 52/459 [00:05<00:38, 10.48it/s]
Epoch 23/50 [Train]:  12%|█▏        | 54/459 [00:05<00:38, 10.48it/s]
Epoch 23/50 [Train]:  12%|█▏        | 56/459 [00:05<00:38, 10.45it/s]
Epoch 23/50 [Train]:  13%|█▎        | 58/459 [00:05<00:38, 10.48it/s]
Epoch 23/50 [Train]:  13%|█▎        | 60/459 [00:05<00:38, 10.49it/s]
Epoch 23/50 [Train]:  14%|█▎        | 62/459 [00:05<00:38, 10.44it/s]
Epoch 23/50 [Train]:  14%|█▍        | 64/459 [00:06<00:38, 10.35it/s]
Epoch 23/50 [Train]:  14%|█▍        | 66/459 [00:06<00:38, 10.31it/s]
Epoch 23/50 [Train]:  15%|█▍        | 68/459 [00:06<00:37, 10.34it/s]
Epoch 23/50 [Train]:  15%|█▌        | 70/459 [00:06<00:37, 10.38it/s]
Epoch 23/50 [Train]:  16%|█▌        | 72/459 [00:06<00:37, 10.40it/s]
Epoch 23/50 [Train]:  16%|█▌        | 74/459 [00:07<00:36, 10.43it/s]
Epoch 23/50 [Train]:  17%|█▋        | 76/459 [00:07<00:36, 10.48it/s]
Epoch 23/50 [Train]:  17%|█▋        | 78/459 [00:07<00:36, 10.50it/s]
Epoch 23/50 [Train]:  17%|█▋        | 80/459 [00:07<00:36, 10.47it/s]
Epoch 23/50 [Train]:  18%|█▊        | 82/459 [00:07<00:36, 10.41it/s]
Epoch 23/50 [Train]:  18%|█▊        | 84/459 [00:08<00:36, 10.37it/s]
Epoch 23/50 [Train]:  19%|█▊        | 86/459 [00:08<00:35, 10.39it/s]
Epoch 23/50 [Train]:  19%|█▉        | 88/459 [00:08<00:35, 10.38it/s]
Epoch 23/50 [Train]:  20%|█▉        | 90/459 [00:08<00:35, 10.39it/s]
Epoch 23/50 [Train]:  20%|██        | 92/459 [00:08<00:35, 10.43it/s]
Epoch 23/50 [Train]:  20%|██        | 94/459 [00:09<00:35, 10.40it/s]
Epoch 23/50 [Train]:  21%|██        | 96/459 [00:09<00:34, 10.39it/s]
Epoch 23/50 [Train]:  21%|██▏       | 98/459 [00:09<00:34, 10.43it/s]
Epoch 23/50 [Train]:  22%|██▏       | 100/459 [00:09<00:34, 10.50it/s]
Epoch 23/50 [Train]:  22%|██▏       | 102/459 [00:09<00:33, 10.50it/s]
Epoch 23/50 [Train]:  23%|██▎       | 104/459 [00:10<00:34, 10.42it/s]
Epoch 23/50 [Train]:  23%|██▎       | 106/459 [00:10<00:33, 10.47it/s]
Epoch 23/50 [Train]:  24%|██▎       | 108/459 [00:10<00:33, 10.42it/s]
Epoch 23/50 [Train]:  24%|██▍       | 110/459 [00:10<00:33, 10.36it/s]
Epoch 23/50 [Train]:  24%|██▍       | 112/459 [00:10<00:33, 10.27it/s]
Epoch 23/50 [Train]:  25%|██▍       | 114/459 [00:10<00:33, 10.35it/s]
Epoch 23/50 [Train]:  25%|██▌       | 116/459 [00:11<00:33, 10.32it/s]
Epoch 23/50 [Train]:  26%|██▌       | 118/459 [00:11<00:33, 10.28it/s]
Epoch 23/50 [Train]:  26%|██▌       | 120/459 [00:11<00:32, 10.33it/s]
Epoch 23/50 [Train]:  27%|██▋       | 122/459 [00:11<00:32, 10.40it/s]
Epoch 23/50 [Train]:  27%|██▋       | 124/459 [00:11<00:32, 10.38it/s]
Epoch 23/50 [Train]:  27%|██▋       | 126/459 [00:12<00:32, 10.32it/s]
Epoch 23/50 [Train]:  28%|██▊       | 128/459 [00:12<00:31, 10.36it/s]
Epoch 23/50 [Train]:  28%|██▊       | 130/459 [00:12<00:31, 10.37it/s]
Epoch 23/50 [Train]:  29%|██▉       | 132/459 [00:12<00:31, 10.35it/s]
Epoch 23/50 [Train]:  29%|██▉       | 134/459 [00:12<00:31, 10.37it/s]
Epoch 23/50 [Train]:  30%|██▉       | 136/459 [00:13<00:31, 10.37it/s]
Epoch 23/50 [Train]:  30%|███       | 138/459 [00:13<00:31, 10.33it/s]
Epoch 23/50 [Train]:  31%|███       | 140/459 [00:13<00:30, 10.30it/s]
Epoch 23/50 [Train]:  31%|███       | 142/459 [00:13<00:30, 10.36it/s]
Epoch 23/50 [Train]:  31%|███▏      | 144/459 [00:13<00:30, 10.41it/s]
Epoch 23/50 [Train]:  32%|███▏      | 146/459 [00:14<00:30, 10.37it/s]
Epoch 23/50 [Train]:  32%|███▏      | 148/459 [00:14<00:29, 10.42it/s]
Epoch 23/50 [Train]:  33%|███▎      | 150/459 [00:14<00:29, 10.45it/s]
Epoch 23/50 [Train]:  33%|███▎      | 152/459 [00:14<00:29, 10.45it/s]
Epoch 23/50 [Train]:  34%|███▎      | 154/459 [00:14<00:29, 10.31it/s]
Epoch 23/50 [Train]:  34%|███▍      | 156/459 [00:15<00:29, 10.33it/s]
Epoch 23/50 [Train]:  34%|███▍      | 158/459 [00:15<00:29, 10.38it/s]
Epoch 23/50 [Train]:  35%|███▍      | 160/459 [00:15<00:28, 10.36it/s]
Epoch 23/50 [Train]:  35%|███▌      | 162/459 [00:15<00:28, 10.38it/s]
Epoch 23/50 [Train]:  36%|███▌      | 164/459 [00:15<00:28, 10.45it/s]
Epoch 23/50 [Train]:  36%|███▌      | 166/459 [00:16<00:28, 10.39it/s]
Epoch 23/50 [Train]:  37%|███▋      | 168/459 [00:16<00:27, 10.41it/s]
Epoch 23/50 [Train]:  37%|███▋      | 170/459 [00:16<00:27, 10.42it/s]
Epoch 23/50 [Train]:  37%|███▋      | 172/459 [00:16<00:27, 10.41it/s]
Epoch 23/50 [Train]:  38%|███▊      | 174/459 [00:16<00:27, 10.38it/s]
Epoch 23/50 [Train]:  38%|███▊      | 176/459 [00:16<00:27, 10.33it/s]
Epoch 23/50 [Train]:  39%|███▉      | 178/459 [00:17<00:27, 10.36it/s]
Epoch 23/50 [Train]:  39%|███▉      | 180/459 [00:17<00:26, 10.38it/s]
Epoch 23/50 [Train]:  40%|███▉      | 182/459 [00:17<00:26, 10.47it/s]
Epoch 23/50 [Train]:  40%|████      | 184/459 [00:17<00:26, 10.45it/s]
Epoch 23/50 [Train]:  41%|████      | 186/459 [00:17<00:26, 10.38it/s]
Epoch 23/50 [Train]:  41%|████      | 188/459 [00:18<00:26, 10.39it/s]
Epoch 23/50 [Train]:  41%|████▏     | 190/459 [00:18<00:26, 10.34it/s]
Epoch 23/50 [Train]:  42%|████▏     | 192/459 [00:18<00:25, 10.32it/s]
Epoch 23/50 [Train]:  42%|████▏     | 194/459 [00:18<00:25, 10.39it/s]
Epoch 23/50 [Train]:  43%|████▎     | 196/459 [00:18<00:25, 10.44it/s]
Epoch 23/50 [Train]:  43%|████▎     | 198/459 [00:19<00:25, 10.31it/s]
Epoch 23/50 [Train]:  44%|████▎     | 200/459 [00:19<00:25, 10.36it/s]
Epoch 23/50 [Train]:  44%|████▍     | 202/459 [00:19<00:24, 10.34it/s]
Epoch 23/50 [Train]:  44%|████▍     | 204/459 [00:19<00:24, 10.29it/s]
Epoch 23/50 [Train]:  45%|████▍     | 206/459 [00:19<00:24, 10.29it/s]
Epoch 23/50 [Train]:  45%|████▌     | 208/459 [00:20<00:24, 10.35it/s]
Epoch 23/50 [Train]:  46%|████▌     | 210/459 [00:20<00:24, 10.37it/s]
Epoch 23/50 [Train]:  46%|████▌     | 212/459 [00:20<00:23, 10.31it/s]
Epoch 23/50 [Train]:  47%|████▋     | 214/459 [00:20<00:23, 10.34it/s]
Epoch 23/50 [Train]:  47%|████▋     | 216/459 [00:20<00:23, 10.42it/s]
Epoch 23/50 [Train]:  47%|████▋     | 218/459 [00:21<00:23, 10.43it/s]
Epoch 23/50 [Train]:  48%|████▊     | 220/459 [00:21<00:22, 10.47it/s]
Epoch 23/50 [Train]:  48%|████▊     | 222/459 [00:21<00:22, 10.43it/s]
Epoch 23/50 [Train]:  49%|████▉     | 224/459 [00:21<00:22, 10.40it/s]
Epoch 23/50 [Train]:  49%|████▉     | 226/459 [00:21<00:22, 10.20it/s]
Epoch 23/50 [Train]:  50%|████▉     | 228/459 [00:21<00:22, 10.18it/s]
Epoch 23/50 [Train]:  50%|█████     | 230/459 [00:22<00:22, 10.28it/s]
Epoch 23/50 [Train]:  51%|█████     | 232/459 [00:22<00:22, 10.23it/s]
Epoch 23/50 [Train]:  51%|█████     | 234/459 [00:22<00:21, 10.30it/s]
Epoch 23/50 [Train]:  51%|█████▏    | 236/459 [00:22<00:21, 10.34it/s]
Epoch 23/50 [Train]:  52%|█████▏    | 238/459 [00:22<00:21, 10.41it/s]
Epoch 23/50 [Train]:  52%|█████▏    | 240/459 [00:23<00:21, 10.25it/s]
Epoch 23/50 [Train]:  53%|█████▎    | 242/459 [00:23<00:21, 10.23it/s]
Epoch 23/50 [Train]:  53%|█████▎    | 244/459 [00:23<00:20, 10.30it/s]
Epoch 23/50 [Train]:  54%|█████▎    | 246/459 [00:23<00:20, 10.32it/s]
Epoch 23/50 [Train]:  54%|█████▍    | 248/459 [00:23<00:20, 10.27it/s]
Epoch 23/50 [Train]:  54%|█████▍    | 250/459 [00:24<00:20, 10.35it/s]
Epoch 23/50 [Train]:  55%|█████▍    | 252/459 [00:24<00:20, 10.31it/s]
Epoch 23/50 [Train]:  55%|█████▌    | 254/459 [00:24<00:19, 10.33it/s]
Epoch 23/50 [Train]:  56%|█████▌    | 256/459 [00:24<00:19, 10.28it/s]
Epoch 23/50 [Train]:  56%|█████▌    | 258/459 [00:24<00:19, 10.30it/s]
Epoch 23/50 [Train]:  57%|█████▋    | 260/459 [00:25<00:19, 10.34it/s]
Epoch 23/50 [Train]:  57%|█████▋    | 262/459 [00:25<00:19, 10.31it/s]
Epoch 23/50 [Train]:  58%|█████▊    | 264/459 [00:25<00:19, 10.18it/s]
Epoch 23/50 [Train]:  58%|█████▊    | 266/459 [00:25<00:18, 10.28it/s]
Epoch 23/50 [Train]:  58%|█████▊    | 268/459 [00:25<00:18, 10.33it/s]
Epoch 23/50 [Train]:  59%|█████▉    | 270/459 [00:26<00:18, 10.28it/s]
Epoch 23/50 [Train]:  59%|█████▉    | 272/459 [00:26<00:18, 10.22it/s]
Epoch 23/50 [Train]:  60%|█████▉    | 274/459 [00:26<00:17, 10.33it/s]
Epoch 23/50 [Train]:  60%|██████    | 276/459 [00:26<00:17, 10.33it/s]
Epoch 23/50 [Train]:  61%|██████    | 278/459 [00:26<00:17, 10.40it/s]
Epoch 23/50 [Train]:  61%|██████    | 280/459 [00:27<00:17, 10.43it/s]
Epoch 23/50 [Train]:  61%|██████▏   | 282/459 [00:27<00:16, 10.45it/s]
Epoch 23/50 [Train]:  62%|██████▏   | 284/459 [00:27<00:16, 10.45it/s]
Epoch 23/50 [Train]:  62%|██████▏   | 286/459 [00:27<00:16, 10.49it/s]
Epoch 23/50 [Train]:  63%|██████▎   | 288/459 [00:27<00:16, 10.35it/s]
Epoch 23/50 [Train]:  63%|██████▎   | 290/459 [00:27<00:16, 10.36it/s]
Epoch 23/50 [Train]:  64%|██████▎   | 292/459 [00:28<00:16, 10.35it/s]
Epoch 23/50 [Train]:  64%|██████▍   | 294/459 [00:28<00:15, 10.34it/s]
Epoch 23/50 [Train]:  64%|██████▍   | 296/459 [00:28<00:15, 10.21it/s]
Epoch 23/50 [Train]:  65%|██████▍   | 298/459 [00:28<00:15, 10.32it/s]
Epoch 23/50 [Train]:  65%|██████▌   | 300/459 [00:28<00:15, 10.37it/s]
Epoch 23/50 [Train]:  66%|██████▌   | 302/459 [00:29<00:15, 10.33it/s]
Epoch 23/50 [Train]:  66%|██████▌   | 304/459 [00:29<00:15, 10.29it/s]
Epoch 23/50 [Train]:  67%|██████▋   | 306/459 [00:29<00:14, 10.35it/s]
Epoch 23/50 [Train]:  67%|██████▋   | 308/459 [00:29<00:14, 10.35it/s]
Epoch 23/50 [Train]:  68%|██████▊   | 310/459 [00:29<00:14, 10.30it/s]
Epoch 23/50 [Train]:  68%|██████▊   | 312/459 [00:30<00:14, 10.34it/s]
Epoch 23/50 [Train]:  68%|██████▊   | 314/459 [00:30<00:14, 10.35it/s]
Epoch 23/50 [Train]:  69%|██████▉   | 316/459 [00:30<00:14, 10.20it/s]
Epoch 23/50 [Train]:  69%|██████▉   | 318/459 [00:30<00:13, 10.21it/s]
Epoch 23/50 [Train]:  70%|██████▉   | 320/459 [00:30<00:13, 10.28it/s]
Epoch 23/50 [Train]:  70%|███████   | 322/459 [00:31<00:13, 10.27it/s]
Epoch 23/50 [Train]:  71%|███████   | 324/459 [00:31<00:13, 10.21it/s]
Epoch 23/50 [Train]:  71%|███████   | 326/459 [00:31<00:13, 10.18it/s]
Epoch 23/50 [Train]:  71%|███████▏  | 328/459 [00:31<00:12, 10.29it/s]
Epoch 23/50 [Train]:  72%|███████▏  | 330/459 [00:31<00:12, 10.21it/s]
Epoch 23/50 [Train]:  72%|███████▏  | 332/459 [00:32<00:12, 10.27it/s]
Epoch 23/50 [Train]:  73%|███████▎  | 334/459 [00:32<00:12, 10.17it/s]
Epoch 23/50 [Train]:  73%|███████▎  | 336/459 [00:32<00:12, 10.25it/s]
Epoch 23/50 [Train]:  74%|███████▎  | 338/459 [00:32<00:11, 10.20it/s]
Epoch 23/50 [Train]:  74%|███████▍  | 340/459 [00:32<00:11, 10.21it/s]
Epoch 23/50 [Train]:  75%|███████▍  | 342/459 [00:33<00:11, 10.10it/s]
Epoch 23/50 [Train]:  75%|███████▍  | 344/459 [00:33<00:11, 10.17it/s]
Epoch 23/50 [Train]:  75%|███████▌  | 346/459 [00:33<00:11, 10.18it/s]
Epoch 23/50 [Train]:  76%|███████▌  | 348/459 [00:33<00:10, 10.12it/s]
Epoch 23/50 [Train]:  76%|███████▋  | 350/459 [00:33<00:10, 10.16it/s]
Epoch 23/50 [Train]:  77%|███████▋  | 352/459 [00:34<00:10, 10.21it/s]
Epoch 23/50 [Train]:  77%|███████▋  | 354/459 [00:34<00:10, 10.26it/s]
Epoch 23/50 [Train]:  78%|███████▊  | 356/459 [00:34<00:10, 10.28it/s]
Epoch 23/50 [Train]:  78%|███████▊  | 358/459 [00:34<00:09, 10.28it/s]
Epoch 23/50 [Train]:  78%|███████▊  | 360/459 [00:34<00:09, 10.35it/s]
Epoch 23/50 [Train]:  79%|███████▉  | 362/459 [00:35<00:09, 10.23it/s]
Epoch 23/50 [Train]:  79%|███████▉  | 364/459 [00:35<00:09, 10.34it/s]
Epoch 23/50 [Train]:  80%|███████▉  | 366/459 [00:35<00:08, 10.38it/s]
Epoch 23/50 [Train]:  80%|████████  | 368/459 [00:35<00:08, 10.43it/s]
Epoch 23/50 [Train]:  81%|████████  | 370/459 [00:35<00:08, 10.48it/s]
Epoch 23/50 [Train]:  81%|████████  | 372/459 [00:35<00:08, 10.38it/s]
Epoch 23/50 [Train]:  81%|████████▏ | 374/459 [00:36<00:08, 10.29it/s]
Epoch 23/50 [Train]:  82%|████████▏ | 376/459 [00:36<00:08, 10.26it/s]
Epoch 23/50 [Train]:  82%|████████▏ | 378/459 [00:36<00:07, 10.23it/s]
Epoch 23/50 [Train]:  83%|████████▎ | 380/459 [00:36<00:07, 10.25it/s]
Epoch 23/50 [Train]:  83%|████████▎ | 382/459 [00:36<00:07, 10.27it/s]
Epoch 23/50 [Train]:  84%|████████▎ | 384/459 [00:37<00:07, 10.33it/s]
Epoch 23/50 [Train]:  84%|████████▍ | 386/459 [00:37<00:07, 10.40it/s]
Epoch 23/50 [Train]:  85%|████████▍ | 388/459 [00:37<00:06, 10.41it/s]
Epoch 23/50 [Train]:  85%|████████▍ | 390/459 [00:37<00:06, 10.43it/s]
Epoch 23/50 [Train]:  85%|████████▌ | 392/459 [00:37<00:06, 10.42it/s]
Epoch 23/50 [Train]:  86%|████████▌ | 394/459 [00:38<00:06, 10.41it/s]
Epoch 23/50 [Train]:  86%|████████▋ | 396/459 [00:38<00:06, 10.40it/s]
Epoch 23/50 [Train]:  87%|████████▋ | 398/459 [00:38<00:05, 10.41it/s]
Epoch 23/50 [Train]:  87%|████████▋ | 400/459 [00:38<00:05, 10.47it/s]
Epoch 23/50 [Train]:  88%|████████▊ | 402/459 [00:38<00:05, 10.45it/s]
Epoch 23/50 [Train]:  88%|████████▊ | 404/459 [00:39<00:05, 10.36it/s]
Epoch 23/50 [Train]:  88%|████████▊ | 406/459 [00:39<00:05, 10.35it/s]
Epoch 23/50 [Train]:  89%|████████▉ | 408/459 [00:39<00:04, 10.37it/s]
Epoch 23/50 [Train]:  89%|████████▉ | 410/459 [00:39<00:04, 10.46it/s]
Epoch 23/50 [Train]:  90%|████████▉ | 412/459 [00:39<00:04, 10.52it/s]
Epoch 23/50 [Train]:  90%|█████████ | 414/459 [00:40<00:04, 10.48it/s]
Epoch 23/50 [Train]:  91%|█████████ | 416/459 [00:40<00:04, 10.40it/s]
Epoch 23/50 [Train]:  91%|█████████ | 418/459 [00:40<00:03, 10.41it/s]
Epoch 23/50 [Train]:  92%|█████████▏| 420/459 [00:40<00:03, 10.49it/s]
Epoch 23/50 [Train]:  92%|█████████▏| 422/459 [00:40<00:03, 10.47it/s]
Epoch 23/50 [Train]:  92%|█████████▏| 424/459 [00:40<00:03, 10.46it/s]
Epoch 23/50 [Train]:  93%|█████████▎| 426/459 [00:41<00:03, 10.45it/s]
Epoch 23/50 [Train]:  93%|█████████▎| 428/459 [00:41<00:02, 10.51it/s]
Epoch 23/50 [Train]:  94%|█████████▎| 430/459 [00:41<00:02, 10.42it/s]
Epoch 23/50 [Train]:  94%|█████████▍| 432/459 [00:41<00:02, 10.42it/s]
Epoch 23/50 [Train]:  95%|█████████▍| 434/459 [00:41<00:02, 10.48it/s]
Epoch 23/50 [Train]:  95%|█████████▍| 436/459 [00:42<00:02, 10.43it/s]
Epoch 23/50 [Train]:  95%|█████████▌| 438/459 [00:42<00:02, 10.41it/s]
Epoch 23/50 [Train]:  96%|█████████▌| 440/459 [00:42<00:01, 10.43it/s]
Epoch 23/50 [Train]:  96%|█████████▋| 442/459 [00:42<00:01, 10.40it/s]
Epoch 23/50 [Train]:  97%|█████████▋| 444/459 [00:42<00:01, 10.40it/s]
Epoch 23/50 [Train]:  97%|█████████▋| 446/459 [00:43<00:01, 10.40it/s]
Epoch 23/50 [Train]:  98%|█████████▊| 448/459 [00:43<00:01, 10.35it/s]
Epoch 23/50 [Train]:  98%|█████████▊| 450/459 [00:43<00:00, 10.38it/s]
Epoch 23/50 [Train]:  98%|█████████▊| 452/459 [00:43<00:00, 10.39it/s]
Epoch 23/50 [Train]:  99%|█████████▉| 454/459 [00:43<00:00, 10.26it/s]
Epoch 23/50 [Train]:  99%|█████████▉| 456/459 [00:44<00:00, 10.20it/s]
Epoch 23/50 [Train]: 100%|█████████▉| 458/459 [00:44<00:00, 10.14it/s]
                                                                      

Epoch 23/50 [Val]:   0%|          | 0/113 [00:00<?, ?it/s]
Epoch 23/50 [Val]:   2%|▏         | 2/113 [00:00<00:08, 13.54it/s]
Epoch 23/50 [Val]:   4%|▎         | 4/113 [00:00<00:07, 13.66it/s]
Epoch 23/50 [Val]:   5%|▌         | 6/113 [00:00<00:07, 13.76it/s]
Epoch 23/50 [Val]:   7%|▋         | 8/113 [00:00<00:07, 13.50it/s]
Epoch 23/50 [Val]:   9%|▉         | 10/113 [00:00<00:07, 13.91it/s]
Epoch 23/50 [Val]:  11%|█         | 12/113 [00:00<00:07, 14.00it/s]
Epoch 23/50 [Val]:  12%|█▏        | 14/113 [00:01<00:07, 14.05it/s]
Epoch 23/50 [Val]:  14%|█▍        | 16/113 [00:01<00:07, 13.50it/s]
Epoch 23/50 [Val]:  16%|█▌        | 18/113 [00:01<00:07, 13.32it/s]
Epoch 23/50 [Val]:  18%|█▊        | 20/113 [00:01<00:07, 13.14it/s]
Epoch 23/50 [Val]:  19%|█▉        | 22/113 [00:01<00:07, 12.97it/s]
Epoch 23/50 [Val]:  21%|██        | 24/113 [00:01<00:06, 13.00it/s]
Epoch 23/50 [Val]:  23%|██▎       | 26/113 [00:01<00:06, 13.13it/s]
Epoch 23/50 [Val]:  25%|██▍       | 28/113 [00:02<00:06, 13.00it/s]
Epoch 23/50 [Val]:  27%|██▋       | 30/113 [00:02<00:06, 13.30it/s]
Epoch 23/50 [Val]:  28%|██▊       | 32/113 [00:02<00:05, 13.52it/s]
Epoch 23/50 [Val]:  30%|███       | 34/113 [00:02<00:05, 13.59it/s]
Epoch 23/50 [Val]:  32%|███▏      | 36/113 [00:02<00:05, 13.74it/s]
Epoch 23/50 [Val]:  34%|███▎      | 38/113 [00:02<00:05, 13.96it/s]
Epoch 23/50 [Val]:  35%|███▌      | 40/113 [00:02<00:05, 14.07it/s]
Epoch 23/50 [Val]:  37%|███▋      | 42/113 [00:03<00:05, 13.95it/s]
Epoch 23/50 [Val]:  39%|███▉      | 44/113 [00:03<00:04, 13.94it/s]
Epoch 23/50 [Val]:  41%|████      | 46/113 [00:03<00:04, 13.90it/s]
Epoch 23/50 [Val]:  42%|████▏     | 48/113 [00:03<00:04, 13.81it/s]
Epoch 23/50 [Val]:  44%|████▍     | 50/113 [00:03<00:04, 13.75it/s]
Epoch 23/50 [Val]:  46%|████▌     | 52/113 [00:03<00:04, 14.00it/s]
Epoch 23/50 [Val]:  48%|████▊     | 54/113 [00:03<00:04, 14.25it/s]
Epoch 23/50 [Val]:  50%|████▉     | 56/113 [00:04<00:04, 14.20it/s]
Epoch 23/50 [Val]:  51%|█████▏    | 58/113 [00:04<00:03, 13.81it/s]
Epoch 23/50 [Val]:  53%|█████▎    | 60/113 [00:04<00:03, 14.11it/s]
Epoch 23/50 [Val]:  55%|█████▍    | 62/113 [00:04<00:03, 13.93it/s]
Epoch 23/50 [Val]:  57%|█████▋    | 64/113 [00:04<00:03, 14.00it/s]
Epoch 23/50 [Val]:  58%|█████▊    | 66/113 [00:04<00:03, 13.79it/s]
Epoch 23/50 [Val]:  60%|██████    | 68/113 [00:04<00:03, 13.81it/s]
Epoch 23/50 [Val]:  62%|██████▏   | 70/113 [00:05<00:03, 13.79it/s]
Epoch 23/50 [Val]:  64%|██████▎   | 72/113 [00:05<00:02, 13.99it/s]
Epoch 23/50 [Val]:  65%|██████▌   | 74/113 [00:05<00:02, 14.26it/s]
Epoch 23/50 [Val]:  67%|██████▋   | 76/113 [00:05<00:02, 14.31it/s]
Epoch 23/50 [Val]:  69%|██████▉   | 78/113 [00:05<00:02, 14.18it/s]
Epoch 23/50 [Val]:  71%|███████   | 80/113 [00:05<00:02, 14.00it/s]
Epoch 23/50 [Val]:  73%|███████▎  | 82/113 [00:05<00:02, 13.98it/s]
Epoch 23/50 [Val]:  74%|███████▍  | 84/113 [00:06<00:02, 13.92it/s]
Epoch 23/50 [Val]:  76%|███████▌  | 86/113 [00:06<00:01, 13.90it/s]
Epoch 23/50 [Val]:  78%|███████▊  | 88/113 [00:06<00:01, 13.87it/s]
Epoch 23/50 [Val]:  80%|███████▉  | 90/113 [00:06<00:01, 13.87it/s]
Epoch 23/50 [Val]:  81%|████████▏ | 92/113 [00:06<00:01, 14.00it/s]
Epoch 23/50 [Val]:  83%|████████▎ | 94/113 [00:06<00:01, 14.28it/s]
Epoch 23/50 [Val]:  85%|████████▍ | 96/113 [00:06<00:01, 14.39it/s]
Epoch 23/50 [Val]:  87%|████████▋ | 98/113 [00:07<00:01, 14.37it/s]
Epoch 23/50 [Val]:  88%|████████▊ | 100/113 [00:07<00:00, 14.12it/s]
Epoch 23/50 [Val]:  90%|█████████ | 102/113 [00:07<00:00, 13.90it/s]
Epoch 23/50 [Val]:  92%|█████████▏| 104/113 [00:07<00:00, 14.28it/s]
Epoch 23/50 [Val]:  94%|█████████▍| 106/113 [00:07<00:00, 14.28it/s]
Epoch 23/50 [Val]:  96%|█████████▌| 108/113 [00:07<00:00, 14.34it/s]
Epoch 23/50 [Val]:  97%|█████████▋| 110/113 [00:07<00:00, 14.44it/s]
Epoch 23/50 [Val]:  99%|█████████▉| 112/113 [00:08<00:00, 14.42it/s]
                                                                    

Epoch 24/50 [Train]:   0%|          | 0/459 [00:00<?, ?it/s]
Epoch 24/50 [Train]:   0%|          | 2/459 [00:00<00:46,  9.87it/s]
Epoch 24/50 [Train]:   1%|          | 4/459 [00:00<00:44, 10.12it/s]
Epoch 24/50 [Train]:   1%|▏         | 6/459 [00:00<00:44, 10.24it/s]
Epoch 24/50 [Train]:   2%|▏         | 8/459 [00:00<00:43, 10.34it/s]
Epoch 24/50 [Train]:   2%|▏         | 10/459 [00:00<00:43, 10.35it/s]
Epoch 24/50 [Train]:   3%|▎         | 12/459 [00:01<00:42, 10.41it/s]
Epoch 24/50 [Train]:   3%|▎         | 14/459 [00:01<00:42, 10.46it/s]
Epoch 24/50 [Train]:   3%|▎         | 16/459 [00:01<00:42, 10.49it/s]
Epoch 24/50 [Train]:   4%|▍         | 18/459 [00:01<00:42, 10.48it/s]
Epoch 24/50 [Train]:   4%|▍         | 20/459 [00:01<00:42, 10.22it/s]
Epoch 24/50 [Train]:   5%|▍         | 22/459 [00:02<00:42, 10.29it/s]
Epoch 24/50 [Train]:   5%|▌         | 24/459 [00:02<00:42, 10.32it/s]
Epoch 24/50 [Train]:   6%|▌         | 26/459 [00:02<00:42, 10.11it/s]
Epoch 24/50 [Train]:   6%|▌         | 28/459 [00:02<00:42, 10.18it/s]
Epoch 24/50 [Train]:   7%|▋         | 30/459 [00:02<00:42, 10.00it/s]
Epoch 24/50 [Train]:   7%|▋         | 32/459 [00:03<00:42, 10.14it/s]
Epoch 24/50 [Train]:   7%|▋         | 34/459 [00:03<00:41, 10.27it/s]
Epoch 24/50 [Train]:   8%|▊         | 36/459 [00:03<00:41, 10.30it/s]
Epoch 24/50 [Train]:   8%|▊         | 38/459 [00:03<00:40, 10.33it/s]
Epoch 24/50 [Train]:   9%|▊         | 40/459 [00:03<00:40, 10.35it/s]
Epoch 24/50 [Train]:   9%|▉         | 42/459 [00:04<00:40, 10.42it/s]
Epoch 24/50 [Train]:  10%|▉         | 44/459 [00:04<00:39, 10.38it/s]
Epoch 24/50 [Train]:  10%|█         | 46/459 [00:04<00:39, 10.35it/s]
Epoch 24/50 [Train]:  10%|█         | 48/459 [00:04<00:39, 10.37it/s]
Epoch 24/50 [Train]:  11%|█         | 50/459 [00:04<00:39, 10.33it/s]
Epoch 24/50 [Train]:  11%|█▏        | 52/459 [00:05<00:39, 10.26it/s]
Epoch 24/50 [Train]:  12%|█▏        | 54/459 [00:05<00:39, 10.16it/s]
Epoch 24/50 [Train]:  12%|█▏        | 56/459 [00:05<00:39, 10.16it/s]
Epoch 24/50 [Train]:  13%|█▎        | 58/459 [00:05<00:39, 10.18it/s]
Epoch 24/50 [Train]:  13%|█▎        | 60/459 [00:05<00:38, 10.24it/s]
Epoch 24/50 [Train]:  14%|█▎        | 62/459 [00:06<00:38, 10.31it/s]
Epoch 24/50 [Train]:  14%|█▍        | 64/459 [00:06<00:38, 10.29it/s]
Epoch 24/50 [Train]:  14%|█▍        | 66/459 [00:06<00:37, 10.36it/s]
Epoch 24/50 [Train]:  15%|█▍        | 68/459 [00:06<00:38, 10.19it/s]
Epoch 24/50 [Train]:  15%|█▌        | 70/459 [00:06<00:37, 10.26it/s]
Epoch 24/50 [Train]:  16%|█▌        | 72/459 [00:07<00:37, 10.30it/s]
Epoch 24/50 [Train]:  16%|█▌        | 74/459 [00:07<00:37, 10.27it/s]
Epoch 24/50 [Train]:  17%|█▋        | 76/459 [00:07<00:36, 10.38it/s]
Epoch 24/50 [Train]:  17%|█▋        | 78/459 [00:07<00:36, 10.39it/s]
Epoch 24/50 [Train]:  17%|█▋        | 80/459 [00:07<00:36, 10.40it/s]
Epoch 24/50 [Train]:  18%|█▊        | 82/459 [00:07<00:36, 10.35it/s]
Epoch 24/50 [Train]:  18%|█▊        | 84/459 [00:08<00:36, 10.31it/s]
Epoch 24/50 [Train]:  19%|█▊        | 86/459 [00:08<00:36, 10.30it/s]
Epoch 24/50 [Train]:  19%|█▉        | 88/459 [00:08<00:35, 10.34it/s]
Epoch 24/50 [Train]:  20%|█▉        | 90/459 [00:08<00:35, 10.39it/s]
Epoch 24/50 [Train]:  20%|██        | 92/459 [00:08<00:35, 10.37it/s]
Epoch 24/50 [Train]:  20%|██        | 94/459 [00:09<00:35, 10.35it/s]
Epoch 24/50 [Train]:  21%|██        | 96/459 [00:09<00:34, 10.41it/s]
Epoch 24/50 [Train]:  21%|██▏       | 98/459 [00:09<00:34, 10.41it/s]
Epoch 24/50 [Train]:  22%|██▏       | 100/459 [00:09<00:34, 10.43it/s]
Epoch 24/50 [Train]:  22%|██▏       | 102/459 [00:09<00:34, 10.43it/s]
Epoch 24/50 [Train]:  23%|██▎       | 104/459 [00:10<00:34, 10.32it/s]
Epoch 24/50 [Train]:  23%|██▎       | 106/459 [00:10<00:33, 10.40it/s]
Epoch 24/50 [Train]:  24%|██▎       | 108/459 [00:10<00:33, 10.40it/s]
Epoch 24/50 [Train]:  24%|██▍       | 110/459 [00:10<00:33, 10.39it/s]
Epoch 24/50 [Train]:  24%|██▍       | 112/459 [00:10<00:33, 10.42it/s]
Epoch 24/50 [Train]:  25%|██▍       | 114/459 [00:11<00:33, 10.42it/s]
Epoch 24/50 [Train]:  25%|██▌       | 116/459 [00:11<00:33, 10.38it/s]
Epoch 24/50 [Train]:  26%|██▌       | 118/459 [00:11<00:32, 10.43it/s]
Epoch 24/50 [Train]:  26%|██▌       | 120/459 [00:11<00:32, 10.33it/s]
Epoch 24/50 [Train]:  27%|██▋       | 122/459 [00:11<00:32, 10.35it/s]
Epoch 24/50 [Train]:  27%|██▋       | 124/459 [00:12<00:32, 10.36it/s]
Epoch 24/50 [Train]:  27%|██▋       | 126/459 [00:12<00:31, 10.42it/s]
Epoch 24/50 [Train]:  28%|██▊       | 128/459 [00:12<00:31, 10.42it/s]
Epoch 24/50 [Train]:  28%|██▊       | 130/459 [00:12<00:31, 10.29it/s]
Epoch 24/50 [Train]:  29%|██▉       | 132/459 [00:12<00:31, 10.33it/s]
Epoch 24/50 [Train]:  29%|██▉       | 134/459 [00:12<00:31, 10.43it/s]
Epoch 24/50 [Train]:  30%|██▉       | 136/459 [00:13<00:31, 10.37it/s]
Epoch 24/50 [Train]:  30%|███       | 138/459 [00:13<00:31, 10.28it/s]
Epoch 24/50 [Train]:  31%|███       | 140/459 [00:13<00:31, 10.23it/s]
Epoch 24/50 [Train]:  31%|███       | 142/459 [00:13<00:30, 10.27it/s]
Epoch 24/50 [Train]:  31%|███▏      | 144/459 [00:13<00:30, 10.33it/s]
Epoch 24/50 [Train]:  32%|███▏      | 146/459 [00:14<00:30, 10.32it/s]
Epoch 24/50 [Train]:  32%|███▏      | 148/459 [00:14<00:30, 10.32it/s]
Epoch 24/50 [Train]:  33%|███▎      | 150/459 [00:14<00:29, 10.32it/s]
Epoch 24/50 [Train]:  33%|███▎      | 152/459 [00:14<00:29, 10.37it/s]
Epoch 24/50 [Train]:  34%|███▎      | 154/459 [00:14<00:29, 10.35it/s]
Epoch 24/50 [Train]:  34%|███▍      | 156/459 [00:15<00:29, 10.30it/s]
Epoch 24/50 [Train]:  34%|███▍      | 158/459 [00:15<00:29, 10.32it/s]
Epoch 24/50 [Train]:  35%|███▍      | 160/459 [00:15<00:28, 10.41it/s]
Epoch 24/50 [Train]:  35%|███▌      | 162/459 [00:15<00:28, 10.34it/s]
Epoch 24/50 [Train]:  36%|███▌      | 164/459 [00:15<00:28, 10.23it/s]
Epoch 24/50 [Train]:  36%|███▌      | 166/459 [00:16<00:28, 10.23it/s]
Epoch 24/50 [Train]:  37%|███▋      | 168/459 [00:16<00:28, 10.25it/s]
Epoch 24/50 [Train]:  37%|███▋      | 170/459 [00:16<00:28, 10.13it/s]
Epoch 24/50 [Train]:  37%|███▋      | 172/459 [00:16<00:28, 10.10it/s]
Epoch 24/50 [Train]:  38%|███▊      | 174/459 [00:16<00:28, 10.09it/s]
Epoch 24/50 [Train]:  38%|███▊      | 176/459 [00:17<00:27, 10.19it/s]
Epoch 24/50 [Train]:  39%|███▉      | 178/459 [00:17<00:27, 10.31it/s]
Epoch 24/50 [Train]:  39%|███▉      | 180/459 [00:17<00:26, 10.37it/s]
Epoch 24/50 [Train]:  40%|███▉      | 182/459 [00:17<00:26, 10.35it/s]
Epoch 24/50 [Train]:  40%|████      | 184/459 [00:17<00:26, 10.32it/s]
Epoch 24/50 [Train]:  41%|████      | 186/459 [00:18<00:26, 10.22it/s]
Epoch 24/50 [Train]:  41%|████      | 188/459 [00:18<00:26, 10.26it/s]
Epoch 24/50 [Train]:  41%|████▏     | 190/459 [00:18<00:26, 10.26it/s]
Epoch 24/50 [Train]:  42%|████▏     | 192/459 [00:18<00:26, 10.17it/s]
Epoch 24/50 [Train]:  42%|████▏     | 194/459 [00:18<00:25, 10.20it/s]
Epoch 24/50 [Train]:  43%|████▎     | 196/459 [00:19<00:26, 10.03it/s]
Epoch 24/50 [Train]:  43%|████▎     | 198/459 [00:19<00:25, 10.10it/s]
Epoch 24/50 [Train]:  44%|████▎     | 200/459 [00:19<00:25, 10.10it/s]
Epoch 24/50 [Train]:  44%|████▍     | 202/459 [00:19<00:25, 10.15it/s]
Epoch 24/50 [Train]:  44%|████▍     | 204/459 [00:19<00:25, 10.01it/s]
Epoch 24/50 [Train]:  45%|████▍     | 206/459 [00:20<00:25, 10.06it/s]
Epoch 24/50 [Train]:  45%|████▌     | 208/459 [00:20<00:24, 10.14it/s]
Epoch 24/50 [Train]:  46%|████▌     | 210/459 [00:20<00:24, 10.12it/s]
Epoch 24/50 [Train]:  46%|████▌     | 212/459 [00:20<00:24, 10.18it/s]
Epoch 24/50 [Train]:  47%|████▋     | 214/459 [00:20<00:24, 10.21it/s]
Epoch 24/50 [Train]:  47%|████▋     | 216/459 [00:21<00:24, 10.08it/s]
Epoch 24/50 [Train]:  47%|████▋     | 218/459 [00:21<00:23, 10.21it/s]
Epoch 24/50 [Train]:  48%|████▊     | 220/459 [00:21<00:23, 10.21it/s]
Epoch 24/50 [Train]:  48%|████▊     | 222/459 [00:21<00:22, 10.31it/s]
Epoch 24/50 [Train]:  49%|████▉     | 224/459 [00:21<00:23, 10.19it/s]
Epoch 24/50 [Train]:  49%|████▉     | 226/459 [00:21<00:22, 10.27it/s]
Epoch 24/50 [Train]:  50%|████▉     | 228/459 [00:22<00:22, 10.21it/s]
Epoch 24/50 [Train]:  50%|█████     | 230/459 [00:22<00:22, 10.22it/s]
Epoch 24/50 [Train]:  51%|█████     | 232/459 [00:22<00:22, 10.24it/s]
Epoch 24/50 [Train]:  51%|█████     | 234/459 [00:22<00:21, 10.24it/s]
Epoch 24/50 [Train]:  51%|█████▏    | 236/459 [00:22<00:21, 10.25it/s]
Epoch 24/50 [Train]:  52%|█████▏    | 238/459 [00:23<00:21, 10.28it/s]
Epoch 24/50 [Train]:  52%|█████▏    | 240/459 [00:23<00:21, 10.28it/s]
Epoch 24/50 [Train]:  53%|█████▎    | 242/459 [00:23<00:20, 10.37it/s]
Epoch 24/50 [Train]:  53%|█████▎    | 244/459 [00:23<00:20, 10.39it/s]
Epoch 24/50 [Train]:  54%|█████▎    | 246/459 [00:23<00:20, 10.29it/s]
Epoch 24/50 [Train]:  54%|█████▍    | 248/459 [00:24<00:20, 10.26it/s]
Epoch 24/50 [Train]:  54%|█████▍    | 250/459 [00:24<00:20, 10.27it/s]
Epoch 24/50 [Train]:  55%|█████▍    | 252/459 [00:24<00:19, 10.37it/s]
Epoch 24/50 [Train]:  55%|█████▌    | 254/459 [00:24<00:19, 10.40it/s]
Epoch 24/50 [Train]:  56%|█████▌    | 256/459 [00:24<00:19, 10.41it/s]
Epoch 24/50 [Train]:  56%|█████▌    | 258/459 [00:25<00:19, 10.39it/s]
Epoch 24/50 [Train]:  57%|█████▋    | 260/459 [00:25<00:19, 10.36it/s]
Epoch 24/50 [Train]:  57%|█████▋    | 262/459 [00:25<00:19, 10.30it/s]
Epoch 24/50 [Train]:  58%|█████▊    | 264/459 [00:25<00:19, 10.17it/s]
Epoch 24/50 [Train]:  58%|█████▊    | 266/459 [00:25<00:18, 10.28it/s]
Epoch 24/50 [Train]:  58%|█████▊    | 268/459 [00:26<00:18, 10.35it/s]
Epoch 24/50 [Train]:  59%|█████▉    | 270/459 [00:26<00:18, 10.36it/s]
Epoch 24/50 [Train]:  59%|█████▉    | 272/459 [00:26<00:17, 10.40it/s]
Epoch 24/50 [Train]:  60%|█████▉    | 274/459 [00:26<00:17, 10.44it/s]
Epoch 24/50 [Train]:  60%|██████    | 276/459 [00:26<00:17, 10.40it/s]
Epoch 24/50 [Train]:  61%|██████    | 278/459 [00:27<00:17, 10.38it/s]
Epoch 24/50 [Train]:  61%|██████    | 280/459 [00:27<00:17, 10.42it/s]
Epoch 24/50 [Train]:  61%|██████▏   | 282/459 [00:27<00:16, 10.42it/s]
Epoch 24/50 [Train]:  62%|██████▏   | 284/459 [00:27<00:16, 10.45it/s]
Epoch 24/50 [Train]:  62%|██████▏   | 286/459 [00:27<00:16, 10.39it/s]
Epoch 24/50 [Train]:  63%|██████▎   | 288/459 [00:27<00:16, 10.39it/s]
Epoch 24/50 [Train]:  63%|██████▎   | 290/459 [00:28<00:16, 10.33it/s]
Epoch 24/50 [Train]:  64%|██████▎   | 292/459 [00:28<00:16, 10.31it/s]
Epoch 24/50 [Train]:  64%|██████▍   | 294/459 [00:28<00:16, 10.20it/s]
Epoch 24/50 [Train]:  64%|██████▍   | 296/459 [00:28<00:15, 10.22it/s]
Epoch 24/50 [Train]:  65%|██████▍   | 298/459 [00:28<00:15, 10.12it/s]
Epoch 24/50 [Train]:  65%|██████▌   | 300/459 [00:29<00:15, 10.18it/s]
Epoch 24/50 [Train]:  66%|██████▌   | 302/459 [00:29<00:15, 10.20it/s]
Epoch 24/50 [Train]:  66%|██████▌   | 304/459 [00:29<00:15, 10.23it/s]
Epoch 24/50 [Train]:  67%|██████▋   | 306/459 [00:29<00:14, 10.24it/s]
Epoch 24/50 [Train]:  67%|██████▋   | 308/459 [00:29<00:14, 10.32it/s]
Epoch 24/50 [Train]:  68%|██████▊   | 310/459 [00:30<00:14, 10.25it/s]
Epoch 24/50 [Train]:  68%|██████▊   | 312/459 [00:30<00:14, 10.29it/s]
Epoch 24/50 [Train]:  68%|██████▊   | 314/459 [00:30<00:13, 10.41it/s]
Epoch 24/50 [Train]:  69%|██████▉   | 316/459 [00:30<00:13, 10.40it/s]
Epoch 24/50 [Train]:  69%|██████▉   | 318/459 [00:30<00:13, 10.36it/s]
Epoch 24/50 [Train]:  70%|██████▉   | 320/459 [00:31<00:13, 10.27it/s]
Epoch 24/50 [Train]:  70%|███████   | 322/459 [00:31<00:13, 10.34it/s]
Epoch 24/50 [Train]:  71%|███████   | 324/459 [00:31<00:13, 10.36it/s]
Epoch 24/50 [Train]:  71%|███████   | 326/459 [00:31<00:12, 10.34it/s]
Epoch 24/50 [Train]:  71%|███████▏  | 328/459 [00:31<00:12, 10.37it/s]
Epoch 24/50 [Train]:  72%|███████▏  | 330/459 [00:32<00:12, 10.37it/s]
Epoch 24/50 [Train]:  72%|███████▏  | 332/459 [00:32<00:12, 10.27it/s]
Epoch 24/50 [Train]:  73%|███████▎  | 334/459 [00:32<00:12, 10.25it/s]
Epoch 24/50 [Train]:  73%|███████▎  | 336/459 [00:32<00:11, 10.29it/s]
Epoch 24/50 [Train]:  74%|███████▎  | 338/459 [00:32<00:11, 10.27it/s]
Epoch 24/50 [Train]:  74%|███████▍  | 340/459 [00:33<00:11, 10.13it/s]
Epoch 24/50 [Train]:  75%|███████▍  | 342/459 [00:33<00:11, 10.15it/s]
Epoch 24/50 [Train]:  75%|███████▍  | 344/459 [00:33<00:11, 10.24it/s]
Epoch 24/50 [Train]:  75%|███████▌  | 346/459 [00:33<00:10, 10.32it/s]
Epoch 24/50 [Train]:  76%|███████▌  | 348/459 [00:33<00:10, 10.22it/s]
Epoch 24/50 [Train]:  76%|███████▋  | 350/459 [00:34<00:10, 10.23it/s]
Epoch 24/50 [Train]:  77%|███████▋  | 352/459 [00:34<00:10, 10.25it/s]
Epoch 24/50 [Train]:  77%|███████▋  | 354/459 [00:34<00:10, 10.24it/s]
Epoch 24/50 [Train]:  78%|███████▊  | 356/459 [00:34<00:10, 10.30it/s]
Epoch 24/50 [Train]:  78%|███████▊  | 358/459 [00:34<00:09, 10.25it/s]
Epoch 24/50 [Train]:  78%|███████▊  | 360/459 [00:34<00:09, 10.31it/s]
Epoch 24/50 [Train]:  79%|███████▉  | 362/459 [00:35<00:09, 10.36it/s]
Epoch 24/50 [Train]:  79%|███████▉  | 364/459 [00:35<00:09, 10.38it/s]
Epoch 24/50 [Train]:  80%|███████▉  | 366/459 [00:35<00:08, 10.34it/s]
Epoch 24/50 [Train]:  80%|████████  | 368/459 [00:35<00:08, 10.40it/s]
Epoch 24/50 [Train]:  81%|████████  | 370/459 [00:35<00:08, 10.33it/s]
Epoch 24/50 [Train]:  81%|████████  | 372/459 [00:36<00:08, 10.38it/s]
Epoch 24/50 [Train]:  81%|████████▏ | 374/459 [00:36<00:08,  9.82it/s]
Epoch 24/50 [Train]:  82%|████████▏ | 376/459 [00:36<00:08,  9.96it/s]
Epoch 24/50 [Train]:  82%|████████▏ | 378/459 [00:36<00:07, 10.13it/s]
Epoch 24/50 [Train]:  83%|████████▎ | 380/459 [00:36<00:07, 10.18it/s]
Epoch 24/50 [Train]:  83%|████████▎ | 382/459 [00:37<00:07, 10.30it/s]
Epoch 24/50 [Train]:  84%|████████▎ | 384/459 [00:37<00:07, 10.27it/s]
Epoch 24/50 [Train]:  84%|████████▍ | 386/459 [00:37<00:07, 10.39it/s]
Epoch 24/50 [Train]:  85%|████████▍ | 388/459 [00:37<00:06, 10.39it/s]
Epoch 24/50 [Train]:  85%|████████▍ | 390/459 [00:37<00:06, 10.42it/s]
Epoch 24/50 [Train]:  85%|████████▌ | 392/459 [00:38<00:06, 10.44it/s]
Epoch 24/50 [Train]:  86%|████████▌ | 394/459 [00:38<00:06, 10.41it/s]
Epoch 24/50 [Train]:  86%|████████▋ | 396/459 [00:38<00:06, 10.41it/s]
Epoch 24/50 [Train]:  87%|████████▋ | 398/459 [00:38<00:05, 10.38it/s]
Epoch 24/50 [Train]:  87%|████████▋ | 400/459 [00:38<00:05, 10.32it/s]
Epoch 24/50 [Train]:  88%|████████▊ | 402/459 [00:39<00:05, 10.35it/s]
Epoch 24/50 [Train]:  88%|████████▊ | 404/459 [00:39<00:05, 10.37it/s]
Epoch 24/50 [Train]:  88%|████████▊ | 406/459 [00:39<00:05, 10.32it/s]
Epoch 24/50 [Train]:  89%|████████▉ | 408/459 [00:39<00:04, 10.35it/s]
Epoch 24/50 [Train]:  89%|████████▉ | 410/459 [00:39<00:04, 10.31it/s]
Epoch 24/50 [Train]:  90%|████████▉ | 412/459 [00:40<00:04, 10.32it/s]
Epoch 24/50 [Train]:  90%|█████████ | 414/459 [00:40<00:04, 10.39it/s]
Epoch 24/50 [Train]:  91%|█████████ | 416/459 [00:40<00:04, 10.45it/s]
Epoch 24/50 [Train]:  91%|█████████ | 418/459 [00:40<00:03, 10.44it/s]
Epoch 24/50 [Train]:  92%|█████████▏| 420/459 [00:40<00:03, 10.41it/s]
Epoch 24/50 [Train]:  92%|█████████▏| 422/459 [00:40<00:03, 10.18it/s]
Epoch 24/50 [Train]:  92%|█████████▏| 424/459 [00:41<00:03, 10.25it/s]
Epoch 24/50 [Train]:  93%|█████████▎| 426/459 [00:41<00:03, 10.28it/s]
Epoch 24/50 [Train]:  93%|█████████▎| 428/459 [00:41<00:03, 10.23it/s]
Epoch 24/50 [Train]:  94%|█████████▎| 430/459 [00:41<00:02, 10.27it/s]
Epoch 24/50 [Train]:  94%|█████████▍| 432/459 [00:41<00:02, 10.22it/s]
Epoch 24/50 [Train]:  95%|█████████▍| 434/459 [00:42<00:02, 10.11it/s]
Epoch 24/50 [Train]:  95%|█████████▍| 436/459 [00:42<00:02, 10.10it/s]
Epoch 24/50 [Train]:  95%|█████████▌| 438/459 [00:42<00:02, 10.18it/s]
Epoch 24/50 [Train]:  96%|█████████▌| 440/459 [00:42<00:01, 10.22it/s]
Epoch 24/50 [Train]:  96%|█████████▋| 442/459 [00:42<00:01, 10.26it/s]
Epoch 24/50 [Train]:  97%|█████████▋| 444/459 [00:43<00:01, 10.22it/s]
Epoch 24/50 [Train]:  97%|█████████▋| 446/459 [00:43<00:01, 10.27it/s]
Epoch 24/50 [Train]:  98%|█████████▊| 448/459 [00:43<00:01, 10.26it/s]
Epoch 24/50 [Train]:  98%|█████████▊| 450/459 [00:43<00:00, 10.23it/s]
Epoch 24/50 [Train]:  98%|█████████▊| 452/459 [00:43<00:00, 10.18it/s]
Epoch 24/50 [Train]:  99%|█████████▉| 454/459 [00:44<00:00, 10.13it/s]
Epoch 24/50 [Train]:  99%|█████████▉| 456/459 [00:44<00:00, 10.12it/s]
Epoch 24/50 [Train]: 100%|█████████▉| 458/459 [00:44<00:00, 10.02it/s]
                                                                      

Epoch 24/50 [Val]:   0%|          | 0/113 [00:00<?, ?it/s]
Epoch 24/50 [Val]:   2%|▏         | 2/113 [00:00<00:08, 12.78it/s]
Epoch 24/50 [Val]:   4%|▎         | 4/113 [00:00<00:08, 13.17it/s]
Epoch 24/50 [Val]:   5%|▌         | 6/113 [00:00<00:08, 13.12it/s]
Epoch 24/50 [Val]:   7%|▋         | 8/113 [00:00<00:07, 13.34it/s]
Epoch 24/50 [Val]:   9%|▉         | 10/113 [00:00<00:07, 13.56it/s]
Epoch 24/50 [Val]:  11%|█         | 12/113 [00:00<00:07, 13.54it/s]
Epoch 24/50 [Val]:  12%|█▏        | 14/113 [00:01<00:07, 13.50it/s]
Epoch 24/50 [Val]:  14%|█▍        | 16/113 [00:01<00:07, 12.97it/s]
Epoch 24/50 [Val]:  16%|█▌        | 18/113 [00:01<00:07, 12.47it/s]
Epoch 24/50 [Val]:  18%|█▊        | 20/113 [00:01<00:07, 12.36it/s]
Epoch 24/50 [Val]:  19%|█▉        | 22/113 [00:01<00:07, 12.15it/s]
Epoch 24/50 [Val]:  21%|██        | 24/113 [00:01<00:07, 12.12it/s]
Epoch 24/50 [Val]:  23%|██▎       | 26/113 [00:02<00:07, 12.26it/s]
Epoch 24/50 [Val]:  25%|██▍       | 28/113 [00:02<00:06, 12.44it/s]
Epoch 24/50 [Val]:  27%|██▋       | 30/113 [00:02<00:06, 12.60it/s]
Epoch 24/50 [Val]:  28%|██▊       | 32/113 [00:02<00:06, 12.78it/s]
Epoch 24/50 [Val]:  30%|███       | 34/113 [00:02<00:06, 12.94it/s]
Epoch 24/50 [Val]:  32%|███▏      | 36/113 [00:02<00:05, 13.27it/s]
Epoch 24/50 [Val]:  34%|███▎      | 38/113 [00:02<00:05, 13.35it/s]
Epoch 24/50 [Val]:  35%|███▌      | 40/113 [00:03<00:05, 13.48it/s]
Epoch 24/50 [Val]:  37%|███▋      | 42/113 [00:03<00:05, 13.69it/s]
Epoch 24/50 [Val]:  39%|███▉      | 44/113 [00:03<00:05, 13.60it/s]
Epoch 24/50 [Val]:  41%|████      | 46/113 [00:03<00:04, 13.43it/s]
Epoch 24/50 [Val]:  42%|████▏     | 48/113 [00:03<00:04, 13.45it/s]
Epoch 24/50 [Val]:  44%|████▍     | 50/113 [00:03<00:04, 13.66it/s]
Epoch 24/50 [Val]:  46%|████▌     | 52/113 [00:03<00:04, 13.91it/s]
Epoch 24/50 [Val]:  48%|████▊     | 54/113 [00:04<00:04, 13.96it/s]
Epoch 24/50 [Val]:  50%|████▉     | 56/113 [00:04<00:04, 13.92it/s]
Epoch 24/50 [Val]:  51%|█████▏    | 58/113 [00:04<00:04, 13.55it/s]
Epoch 24/50 [Val]:  53%|█████▎    | 60/113 [00:04<00:03, 13.84it/s]
Epoch 24/50 [Val]:  55%|█████▍    | 62/113 [00:04<00:03, 13.86it/s]
Epoch 24/50 [Val]:  57%|█████▋    | 64/113 [00:04<00:03, 13.87it/s]
Epoch 24/50 [Val]:  58%|█████▊    | 66/113 [00:04<00:03, 13.70it/s]
Epoch 24/50 [Val]:  60%|██████    | 68/113 [00:05<00:03, 13.47it/s]
Epoch 24/50 [Val]:  62%|██████▏   | 70/113 [00:05<00:03, 13.51it/s]
Epoch 24/50 [Val]:  64%|██████▎   | 72/113 [00:05<00:03, 13.65it/s]
Epoch 24/50 [Val]:  65%|██████▌   | 74/113 [00:05<00:02, 13.87it/s]
Epoch 24/50 [Val]:  67%|██████▋   | 76/113 [00:05<00:02, 14.03it/s]
Epoch 24/50 [Val]:  69%|██████▉   | 78/113 [00:05<00:02, 13.89it/s]
Epoch 24/50 [Val]:  71%|███████   | 80/113 [00:05<00:02, 13.88it/s]
Epoch 24/50 [Val]:  73%|███████▎  | 82/113 [00:06<00:02, 13.83it/s]
Epoch 24/50 [Val]:  74%|███████▍  | 84/113 [00:06<00:02, 13.87it/s]
Epoch 24/50 [Val]:  76%|███████▌  | 86/113 [00:06<00:01, 13.91it/s]
Epoch 24/50 [Val]:  78%|███████▊  | 88/113 [00:06<00:01, 13.82it/s]
Epoch 24/50 [Val]:  80%|███████▉  | 90/113 [00:06<00:01, 14.12it/s]
Epoch 24/50 [Val]:  81%|████████▏ | 92/113 [00:06<00:01, 14.23it/s]
Epoch 24/50 [Val]:  83%|████████▎ | 94/113 [00:06<00:01, 14.33it/s]
Epoch 24/50 [Val]:  85%|████████▍ | 96/113 [00:07<00:01, 14.29it/s]
Epoch 24/50 [Val]:  87%|████████▋ | 98/113 [00:07<00:01, 14.39it/s]
Epoch 24/50 [Val]:  88%|████████▊ | 100/113 [00:07<00:00, 14.20it/s]
Epoch 24/50 [Val]:  90%|█████████ | 102/113 [00:07<00:00, 13.96it/s]
Epoch 24/50 [Val]:  92%|█████████▏| 104/113 [00:07<00:00, 14.19it/s]
Epoch 24/50 [Val]:  94%|█████████▍| 106/113 [00:07<00:00, 14.27it/s]
Epoch 24/50 [Val]:  96%|█████████▌| 108/113 [00:07<00:00, 14.31it/s]
Epoch 24/50 [Val]:  97%|█████████▋| 110/113 [00:08<00:00, 14.46it/s]
Epoch 24/50 [Val]:  99%|█████████▉| 112/113 [00:08<00:00, 14.25it/s]
                                                                    

Epoch 25/50 [Train]:   0%|          | 0/459 [00:00<?, ?it/s]
Epoch 25/50 [Train]:   0%|          | 1/459 [00:00<00:46,  9.89it/s]
Epoch 25/50 [Train]:   1%|          | 3/459 [00:00<00:44, 10.26it/s]
Epoch 25/50 [Train]:   1%|          | 5/459 [00:00<00:44, 10.31it/s]
Epoch 25/50 [Train]:   2%|▏         | 7/459 [00:00<00:43, 10.33it/s]
Epoch 25/50 [Train]:   2%|▏         | 9/459 [00:00<00:43, 10.26it/s]
Epoch 25/50 [Train]:   2%|▏         | 11/459 [00:01<00:43, 10.30it/s]
Epoch 25/50 [Train]:   3%|▎         | 13/459 [00:01<00:43, 10.35it/s]
Epoch 25/50 [Train]:   3%|▎         | 15/459 [00:01<00:43, 10.27it/s]
Epoch 25/50 [Train]:   4%|▎         | 17/459 [00:01<00:43, 10.25it/s]
Epoch 25/50 [Train]:   4%|▍         | 19/459 [00:01<00:42, 10.27it/s]
Epoch 25/50 [Train]:   5%|▍         | 21/459 [00:02<00:42, 10.33it/s]
Epoch 25/50 [Train]:   5%|▌         | 23/459 [00:02<00:42, 10.34it/s]
Epoch 25/50 [Train]:   5%|▌         | 25/459 [00:02<00:41, 10.34it/s]
Epoch 25/50 [Train]:   6%|▌         | 27/459 [00:02<00:41, 10.37it/s]
Epoch 25/50 [Train]:   6%|▋         | 29/459 [00:02<00:41, 10.33it/s]
Epoch 25/50 [Train]:   7%|▋         | 31/459 [00:03<00:41, 10.33it/s]
Epoch 25/50 [Train]:   7%|▋         | 33/459 [00:03<00:41, 10.33it/s]
Epoch 25/50 [Train]:   8%|▊         | 35/459 [00:03<00:40, 10.36it/s]
Epoch 25/50 [Train]:   8%|▊         | 37/459 [00:03<00:40, 10.42it/s]
Epoch 25/50 [Train]:   8%|▊         | 39/459 [00:03<00:40, 10.32it/s]
Epoch 25/50 [Train]:   9%|▉         | 41/459 [00:03<00:40, 10.40it/s]
Epoch 25/50 [Train]:   9%|▉         | 43/459 [00:04<00:39, 10.44it/s]
Epoch 25/50 [Train]:  10%|▉         | 45/459 [00:04<00:39, 10.43it/s]
Epoch 25/50 [Train]:  10%|█         | 47/459 [00:04<00:39, 10.41it/s]
Epoch 25/50 [Train]:  11%|█         | 49/459 [00:04<00:39, 10.47it/s]
Epoch 25/50 [Train]:  11%|█         | 51/459 [00:04<00:39, 10.40it/s]
Epoch 25/50 [Train]:  12%|█▏        | 53/459 [00:05<00:39, 10.35it/s]
Epoch 25/50 [Train]:  12%|█▏        | 55/459 [00:05<00:39, 10.31it/s]
Epoch 25/50 [Train]:  12%|█▏        | 57/459 [00:05<00:39, 10.19it/s]
Epoch 25/50 [Train]:  13%|█▎        | 59/459 [00:05<00:39, 10.24it/s]
Epoch 25/50 [Train]:  13%|█▎        | 61/459 [00:05<00:39, 10.20it/s]
Epoch 25/50 [Train]:  14%|█▎        | 63/459 [00:06<00:38, 10.19it/s]
Epoch 25/50 [Train]:  14%|█▍        | 65/459 [00:06<00:38, 10.27it/s]
Epoch 25/50 [Train]:  15%|█▍        | 67/459 [00:06<00:38, 10.30it/s]
Epoch 25/50 [Train]:  15%|█▌        | 69/459 [00:06<00:37, 10.30it/s]
Epoch 25/50 [Train]:  15%|█▌        | 71/459 [00:06<00:37, 10.32it/s]
Epoch 25/50 [Train]:  16%|█▌        | 73/459 [00:07<00:37, 10.27it/s]
Epoch 25/50 [Train]:  16%|█▋        | 75/459 [00:07<00:37, 10.28it/s]
Epoch 25/50 [Train]:  17%|█▋        | 77/459 [00:07<00:37, 10.23it/s]
Epoch 25/50 [Train]:  17%|█▋        | 79/459 [00:07<00:37, 10.26it/s]
Epoch 25/50 [Train]:  18%|█▊        | 81/459 [00:07<00:36, 10.35it/s]
Epoch 25/50 [Train]:  18%|█▊        | 83/459 [00:08<00:36, 10.32it/s]
Epoch 25/50 [Train]:  19%|█▊        | 85/459 [00:08<00:36, 10.35it/s]
Epoch 25/50 [Train]:  19%|█▉        | 87/459 [00:08<00:36, 10.30it/s]
Epoch 25/50 [Train]:  19%|█▉        | 89/459 [00:08<00:35, 10.36it/s]
Epoch 25/50 [Train]:  20%|█▉        | 91/459 [00:08<00:35, 10.34it/s]
Epoch 25/50 [Train]:  20%|██        | 93/459 [00:09<00:35, 10.19it/s]
Epoch 25/50 [Train]:  21%|██        | 95/459 [00:09<00:36, 10.10it/s]
Epoch 25/50 [Train]:  21%|██        | 97/459 [00:09<00:35, 10.15it/s]
Epoch 25/50 [Train]:  22%|██▏       | 99/459 [00:09<00:35, 10.14it/s]
Epoch 25/50 [Train]:  22%|██▏       | 101/459 [00:09<00:35, 10.08it/s]
Epoch 25/50 [Train]:  22%|██▏       | 103/459 [00:10<00:35,  9.94it/s]
Epoch 25/50 [Train]:  23%|██▎       | 105/459 [00:10<00:35, 10.03it/s]
Epoch 25/50 [Train]:  23%|██▎       | 107/459 [00:10<00:35,  9.97it/s]
Epoch 25/50 [Train]:  24%|██▎       | 108/459 [00:10<00:35,  9.97it/s]
Epoch 25/50 [Train]:  24%|██▍       | 110/459 [00:10<00:34, 10.01it/s]
Epoch 25/50 [Train]:  24%|██▍       | 112/459 [00:10<00:34, 10.08it/s]
Epoch 25/50 [Train]:  25%|██▍       | 114/459 [00:11<00:34, 10.13it/s]
Epoch 25/50 [Train]:  25%|██▌       | 116/459 [00:11<00:34, 10.07it/s]
Epoch 25/50 [Train]:  26%|██▌       | 118/459 [00:11<00:33, 10.16it/s]
Epoch 25/50 [Train]:  26%|██▌       | 120/459 [00:11<00:33, 10.23it/s]
Epoch 25/50 [Train]:  27%|██▋       | 122/459 [00:11<00:32, 10.22it/s]
Epoch 25/50 [Train]:  27%|██▋       | 124/459 [00:12<00:32, 10.26it/s]
Epoch 25/50 [Train]:  27%|██▋       | 126/459 [00:12<00:32, 10.30it/s]
Epoch 25/50 [Train]:  28%|██▊       | 128/459 [00:12<00:31, 10.41it/s]
Epoch 25/50 [Train]:  28%|██▊       | 130/459 [00:12<00:31, 10.46it/s]
Epoch 25/50 [Train]:  29%|██▉       | 132/459 [00:12<00:31, 10.45it/s]
Epoch 25/50 [Train]:  29%|██▉       | 134/459 [00:13<00:31, 10.41it/s]
Epoch 25/50 [Train]:  30%|██▉       | 136/459 [00:13<00:30, 10.45it/s]
Epoch 25/50 [Train]:  30%|███       | 138/459 [00:13<00:30, 10.44it/s]
Epoch 25/50 [Train]:  31%|███       | 140/459 [00:13<00:30, 10.47it/s]
Epoch 25/50 [Train]:  31%|███       | 142/459 [00:13<00:30, 10.45it/s]
Epoch 25/50 [Train]:  31%|███▏      | 144/459 [00:13<00:30, 10.45it/s]
Epoch 25/50 [Train]:  32%|███▏      | 146/459 [00:14<00:30, 10.41it/s]
Epoch 25/50 [Train]:  32%|███▏      | 148/459 [00:14<00:29, 10.46it/s]
Epoch 25/50 [Train]:  33%|███▎      | 150/459 [00:14<00:29, 10.45it/s]
Epoch 25/50 [Train]:  33%|███▎      | 152/459 [00:14<00:29, 10.41it/s]
Epoch 25/50 [Train]:  34%|███▎      | 154/459 [00:14<00:29, 10.38it/s]
Epoch 25/50 [Train]:  34%|███▍      | 156/459 [00:15<00:29, 10.40it/s]
Epoch 25/50 [Train]:  34%|███▍      | 158/459 [00:15<00:29, 10.37it/s]
Epoch 25/50 [Train]:  35%|███▍      | 160/459 [00:15<00:28, 10.37it/s]
Epoch 25/50 [Train]:  35%|███▌      | 162/459 [00:15<00:28, 10.36it/s]
Epoch 25/50 [Train]:  36%|███▌      | 164/459 [00:15<00:28, 10.33it/s]
Epoch 25/50 [Train]:  36%|███▌      | 166/459 [00:16<00:28, 10.34it/s]
Epoch 25/50 [Train]:  37%|███▋      | 168/459 [00:16<00:28, 10.34it/s]
Epoch 25/50 [Train]:  37%|███▋      | 170/459 [00:16<00:27, 10.39it/s]
Epoch 25/50 [Train]:  37%|███▋      | 172/459 [00:16<00:27, 10.38it/s]
Epoch 25/50 [Train]:  38%|███▊      | 174/459 [00:16<00:27, 10.32it/s]
Epoch 25/50 [Train]:  38%|███▊      | 176/459 [00:17<00:27, 10.37it/s]
Epoch 25/50 [Train]:  39%|███▉      | 178/459 [00:17<00:27, 10.36it/s]
Epoch 25/50 [Train]:  39%|███▉      | 180/459 [00:17<00:27, 10.26it/s]
Epoch 25/50 [Train]:  40%|███▉      | 182/459 [00:17<00:27, 10.18it/s]
Epoch 25/50 [Train]:  40%|████      | 184/459 [00:17<00:26, 10.26it/s]
Epoch 25/50 [Train]:  41%|████      | 186/459 [00:18<00:26, 10.28it/s]
Epoch 25/50 [Train]:  41%|████      | 188/459 [00:18<00:26, 10.35it/s]
Epoch 25/50 [Train]:  41%|████▏     | 190/459 [00:18<00:25, 10.37it/s]
Epoch 25/50 [Train]:  42%|████▏     | 192/459 [00:18<00:25, 10.37it/s]
Epoch 25/50 [Train]:  42%|████▏     | 194/459 [00:18<00:25, 10.35it/s]
Epoch 25/50 [Train]:  43%|████▎     | 196/459 [00:19<00:25, 10.37it/s]
Epoch 25/50 [Train]:  43%|████▎     | 198/459 [00:19<00:25, 10.37it/s]
Epoch 25/50 [Train]:  44%|████▎     | 200/459 [00:19<00:24, 10.36it/s]
Epoch 25/50 [Train]:  44%|████▍     | 202/459 [00:19<00:24, 10.37it/s]
Epoch 25/50 [Train]:  44%|████▍     | 204/459 [00:19<00:24, 10.40it/s]
Epoch 25/50 [Train]:  45%|████▍     | 206/459 [00:19<00:24, 10.39it/s]
Epoch 25/50 [Train]:  45%|████▌     | 208/459 [00:20<00:24, 10.41it/s]
Epoch 25/50 [Train]:  46%|████▌     | 210/459 [00:20<00:23, 10.38it/s]
Epoch 25/50 [Train]:  46%|████▌     | 212/459 [00:20<00:23, 10.40it/s]
Epoch 25/50 [Train]:  47%|████▋     | 214/459 [00:20<00:23, 10.37it/s]
Epoch 25/50 [Train]:  47%|████▋     | 216/459 [00:20<00:23, 10.37it/s]
Epoch 25/50 [Train]:  47%|████▋     | 218/459 [00:21<00:23, 10.28it/s]
Epoch 25/50 [Train]:  48%|████▊     | 220/459 [00:21<00:23, 10.29it/s]
Epoch 25/50 [Train]:  48%|████▊     | 222/459 [00:21<00:23, 10.28it/s]
Epoch 25/50 [Train]:  49%|████▉     | 224/459 [00:21<00:22, 10.31it/s]
Epoch 25/50 [Train]:  49%|████▉     | 226/459 [00:21<00:22, 10.32it/s]
Epoch 25/50 [Train]:  50%|████▉     | 228/459 [00:22<00:22, 10.25it/s]
Epoch 25/50 [Train]:  50%|█████     | 230/459 [00:22<00:22, 10.29it/s]
Epoch 25/50 [Train]:  51%|█████     | 232/459 [00:22<00:22, 10.30it/s]
Epoch 25/50 [Train]:  51%|█████     | 234/459 [00:22<00:22, 10.17it/s]
Epoch 25/50 [Train]:  51%|█████▏    | 236/459 [00:22<00:21, 10.23it/s]
Epoch 25/50 [Train]:  52%|█████▏    | 238/459 [00:23<00:21, 10.27it/s]
Epoch 25/50 [Train]:  52%|█████▏    | 240/459 [00:23<00:21, 10.32it/s]
Epoch 25/50 [Train]:  53%|█████▎    | 242/459 [00:23<00:20, 10.38it/s]
Epoch 25/50 [Train]:  53%|█████▎    | 244/459 [00:23<00:20, 10.36it/s]
Epoch 25/50 [Train]:  54%|█████▎    | 246/459 [00:23<00:20, 10.31it/s]
Epoch 25/50 [Train]:  54%|█████▍    | 248/459 [00:24<00:20, 10.32it/s]
Epoch 25/50 [Train]:  54%|█████▍    | 250/459 [00:24<00:20, 10.34it/s]
Epoch 25/50 [Train]:  55%|█████▍    | 252/459 [00:24<00:20, 10.32it/s]
Epoch 25/50 [Train]:  55%|█████▌    | 254/459 [00:24<00:20, 10.24it/s]
Epoch 25/50 [Train]:  56%|█████▌    | 256/459 [00:24<00:19, 10.32it/s]
Epoch 25/50 [Train]:  56%|█████▌    | 258/459 [00:25<00:19, 10.26it/s]
Epoch 25/50 [Train]:  57%|█████▋    | 260/459 [00:25<00:19, 10.29it/s]
Epoch 25/50 [Train]:  57%|█████▋    | 262/459 [00:25<00:19, 10.31it/s]
Epoch 25/50 [Train]:  58%|█████▊    | 264/459 [00:25<00:18, 10.31it/s]
Epoch 25/50 [Train]:  58%|█████▊    | 266/459 [00:25<00:18, 10.33it/s]
Epoch 25/50 [Train]:  58%|█████▊    | 268/459 [00:26<00:18, 10.30it/s]
Epoch 25/50 [Train]:  59%|█████▉    | 270/459 [00:26<00:18, 10.26it/s]
Epoch 25/50 [Train]:  59%|█████▉    | 272/459 [00:26<00:18, 10.31it/s]
Epoch 25/50 [Train]:  60%|█████▉    | 274/459 [00:26<00:17, 10.35it/s]
Epoch 25/50 [Train]:  60%|██████    | 276/459 [00:26<00:17, 10.40it/s]
Epoch 25/50 [Train]:  61%|██████    | 278/459 [00:26<00:17, 10.42it/s]
Epoch 25/50 [Train]:  61%|██████    | 280/459 [00:27<00:17, 10.39it/s]
Epoch 25/50 [Train]:  61%|██████▏   | 282/459 [00:27<00:16, 10.46it/s]
Epoch 25/50 [Train]:  62%|██████▏   | 284/459 [00:27<00:16, 10.40it/s]
Epoch 25/50 [Train]:  62%|██████▏   | 286/459 [00:27<00:16, 10.42it/s]
Epoch 25/50 [Train]:  63%|██████▎   | 288/459 [00:27<00:16, 10.40it/s]
Epoch 25/50 [Train]:  63%|██████▎   | 290/459 [00:28<00:16, 10.45it/s]
Epoch 25/50 [Train]:  64%|██████▎   | 292/459 [00:28<00:16, 10.42it/s]
Epoch 25/50 [Train]:  64%|██████▍   | 294/459 [00:28<00:15, 10.43it/s]
Epoch 25/50 [Train]:  64%|██████▍   | 296/459 [00:28<00:15, 10.41it/s]
Epoch 25/50 [Train]:  65%|██████▍   | 298/459 [00:28<00:15, 10.44it/s]
Epoch 25/50 [Train]:  65%|██████▌   | 300/459 [00:29<00:15, 10.39it/s]
Epoch 25/50 [Train]:  66%|██████▌   | 302/459 [00:29<00:15, 10.35it/s]
Epoch 25/50 [Train]:  66%|██████▌   | 304/459 [00:29<00:14, 10.41it/s]
Epoch 25/50 [Train]:  67%|██████▋   | 306/459 [00:29<00:14, 10.45it/s]
Epoch 25/50 [Train]:  67%|██████▋   | 308/459 [00:29<00:14, 10.42it/s]
Epoch 25/50 [Train]:  68%|██████▊   | 310/459 [00:30<00:14, 10.43it/s]
Epoch 25/50 [Train]:  68%|██████▊   | 312/459 [00:30<00:14, 10.41it/s]
Epoch 25/50 [Train]:  68%|██████▊   | 314/459 [00:30<00:13, 10.41it/s]
Epoch 25/50 [Train]:  69%|██████▉   | 316/459 [00:30<00:13, 10.29it/s]
Epoch 25/50 [Train]:  69%|██████▉   | 318/459 [00:30<00:13, 10.33it/s]
Epoch 25/50 [Train]:  70%|██████▉   | 320/459 [00:31<00:13, 10.32it/s]
Epoch 25/50 [Train]:  70%|███████   | 322/459 [00:31<00:13, 10.25it/s]
Epoch 25/50 [Train]:  71%|███████   | 324/459 [00:31<00:13, 10.26it/s]
Epoch 25/50 [Train]:  71%|███████   | 326/459 [00:31<00:12, 10.24it/s]
Epoch 25/50 [Train]:  71%|███████▏  | 328/459 [00:31<00:12, 10.22it/s]
Epoch 25/50 [Train]:  72%|███████▏  | 330/459 [00:31<00:12, 10.25it/s]
Epoch 25/50 [Train]:  72%|███████▏  | 332/459 [00:32<00:12, 10.31it/s]
Epoch 25/50 [Train]:  73%|███████▎  | 334/459 [00:32<00:12, 10.36it/s]
Epoch 25/50 [Train]:  73%|███████▎  | 336/459 [00:32<00:11, 10.32it/s]
Epoch 25/50 [Train]:  74%|███████▎  | 338/459 [00:32<00:11, 10.33it/s]
Epoch 25/50 [Train]:  74%|███████▍  | 340/459 [00:32<00:11, 10.40it/s]
Epoch 25/50 [Train]:  75%|███████▍  | 342/459 [00:33<00:11, 10.34it/s]
Epoch 25/50 [Train]:  75%|███████▍  | 344/459 [00:33<00:11, 10.41it/s]
Epoch 25/50 [Train]:  75%|███████▌  | 346/459 [00:33<00:10, 10.42it/s]
Epoch 25/50 [Train]:  76%|███████▌  | 348/459 [00:33<00:10, 10.38it/s]
Epoch 25/50 [Train]:  76%|███████▋  | 350/459 [00:33<00:10, 10.40it/s]
Epoch 25/50 [Train]:  77%|███████▋  | 352/459 [00:34<00:10, 10.35it/s]
Epoch 25/50 [Train]:  77%|███████▋  | 354/459 [00:34<00:10, 10.33it/s]
Epoch 25/50 [Train]:  78%|███████▊  | 356/459 [00:34<00:09, 10.36it/s]
Epoch 25/50 [Train]:  78%|███████▊  | 358/459 [00:34<00:09, 10.39it/s]
Epoch 25/50 [Train]:  78%|███████▊  | 360/459 [00:34<00:09, 10.35it/s]
Epoch 25/50 [Train]:  79%|███████▉  | 362/459 [00:35<00:09, 10.43it/s]
Epoch 25/50 [Train]:  79%|███████▉  | 364/459 [00:35<00:09, 10.34it/s]
Epoch 25/50 [Train]:  80%|███████▉  | 366/459 [00:35<00:09, 10.31it/s]
Epoch 25/50 [Train]:  80%|████████  | 368/459 [00:35<00:08, 10.31it/s]
Epoch 25/50 [Train]:  81%|████████  | 370/459 [00:35<00:08, 10.33it/s]
Epoch 25/50 [Train]:  81%|████████  | 372/459 [00:36<00:08, 10.35it/s]
Epoch 25/50 [Train]:  81%|████████▏ | 374/459 [00:36<00:08, 10.30it/s]
Epoch 25/50 [Train]:  82%|████████▏ | 376/459 [00:36<00:08, 10.30it/s]
Epoch 25/50 [Train]:  82%|████████▏ | 378/459 [00:36<00:07, 10.29it/s]
Epoch 25/50 [Train]:  83%|████████▎ | 380/459 [00:36<00:07, 10.35it/s]
Epoch 25/50 [Train]:  83%|████████▎ | 382/459 [00:37<00:07, 10.32it/s]
Epoch 25/50 [Train]:  84%|████████▎ | 384/459 [00:37<00:07, 10.35it/s]
Epoch 25/50 [Train]:  84%|████████▍ | 386/459 [00:37<00:07, 10.35it/s]
Epoch 25/50 [Train]:  85%|████████▍ | 388/459 [00:37<00:06, 10.29it/s]
Epoch 25/50 [Train]:  85%|████████▍ | 390/459 [00:37<00:06, 10.36it/s]
Epoch 25/50 [Train]:  85%|████████▌ | 392/459 [00:37<00:06, 10.28it/s]
Epoch 25/50 [Train]:  86%|████████▌ | 394/459 [00:38<00:06, 10.33it/s]
Epoch 25/50 [Train]:  86%|████████▋ | 396/459 [00:38<00:06, 10.36it/s]
Epoch 25/50 [Train]:  87%|████████▋ | 398/459 [00:38<00:05, 10.37it/s]
Epoch 25/50 [Train]:  87%|████████▋ | 400/459 [00:38<00:05, 10.39it/s]
Epoch 25/50 [Train]:  88%|████████▊ | 402/459 [00:38<00:05, 10.29it/s]
Epoch 25/50 [Train]:  88%|████████▊ | 404/459 [00:39<00:05, 10.35it/s]
Epoch 25/50 [Train]:  88%|████████▊ | 406/459 [00:39<00:05, 10.30it/s]
Epoch 25/50 [Train]:  89%|████████▉ | 408/459 [00:39<00:04, 10.29it/s]
Epoch 25/50 [Train]:  89%|████████▉ | 410/459 [00:39<00:04, 10.26it/s]
Epoch 25/50 [Train]:  90%|████████▉ | 412/459 [00:39<00:04, 10.22it/s]
Epoch 25/50 [Train]:  90%|█████████ | 414/459 [00:40<00:04, 10.25it/s]
Epoch 25/50 [Train]:  91%|█████████ | 416/459 [00:40<00:04, 10.26it/s]
Epoch 25/50 [Train]:  91%|█████████ | 418/459 [00:40<00:04, 10.22it/s]
Epoch 25/50 [Train]:  92%|█████████▏| 420/459 [00:40<00:03, 10.28it/s]
Epoch 25/50 [Train]:  92%|█████████▏| 422/459 [00:40<00:03, 10.32it/s]
Epoch 25/50 [Train]:  92%|█████████▏| 424/459 [00:41<00:03, 10.32it/s]
Epoch 25/50 [Train]:  93%|█████████▎| 426/459 [00:41<00:03, 10.33it/s]
Epoch 25/50 [Train]:  93%|█████████▎| 428/459 [00:41<00:02, 10.39it/s]
Epoch 25/50 [Train]:  94%|█████████▎| 430/459 [00:41<00:02, 10.42it/s]
Epoch 25/50 [Train]:  94%|█████████▍| 432/459 [00:41<00:02, 10.39it/s]
Epoch 25/50 [Train]:  95%|█████████▍| 434/459 [00:42<00:02, 10.42it/s]
Epoch 25/50 [Train]:  95%|█████████▍| 436/459 [00:42<00:02, 10.42it/s]
Epoch 25/50 [Train]:  95%|█████████▌| 438/459 [00:42<00:02, 10.46it/s]
Epoch 25/50 [Train]:  96%|█████████▌| 440/459 [00:42<00:01, 10.48it/s]
Epoch 25/50 [Train]:  96%|█████████▋| 442/459 [00:42<00:01, 10.52it/s]
Epoch 25/50 [Train]:  97%|█████████▋| 444/459 [00:42<00:01, 10.48it/s]
Epoch 25/50 [Train]:  97%|█████████▋| 446/459 [00:43<00:01, 10.45it/s]
Epoch 25/50 [Train]:  98%|█████████▊| 448/459 [00:43<00:01, 10.47it/s]
Epoch 25/50 [Train]:  98%|█████████▊| 450/459 [00:43<00:00, 10.48it/s]
Epoch 25/50 [Train]:  98%|█████████▊| 452/459 [00:43<00:00, 10.40it/s]
Epoch 25/50 [Train]:  99%|█████████▉| 454/459 [00:43<00:00, 10.40it/s]
Epoch 25/50 [Train]:  99%|█████████▉| 456/459 [00:44<00:00, 10.43it/s]
Epoch 25/50 [Train]: 100%|█████████▉| 458/459 [00:44<00:00, 10.35it/s]
                                                                      

Epoch 25/50 [Val]:   0%|          | 0/113 [00:00<?, ?it/s]
Epoch 25/50 [Val]:   2%|▏         | 2/113 [00:00<00:07, 14.34it/s]
Epoch 25/50 [Val]:   4%|▎         | 4/113 [00:00<00:07, 13.86it/s]
Epoch 25/50 [Val]:   5%|▌         | 6/113 [00:00<00:07, 13.95it/s]
Epoch 25/50 [Val]:   7%|▋         | 8/113 [00:00<00:07, 14.16it/s]
Epoch 25/50 [Val]:   9%|▉         | 10/113 [00:00<00:07, 14.20it/s]
Epoch 25/50 [Val]:  11%|█         | 12/113 [00:00<00:07, 14.13it/s]
Epoch 25/50 [Val]:  12%|█▏        | 14/113 [00:00<00:06, 14.23it/s]
Epoch 25/50 [Val]:  14%|█▍        | 16/113 [00:01<00:07, 13.66it/s]
Epoch 25/50 [Val]:  16%|█▌        | 18/113 [00:01<00:07, 13.39it/s]
Epoch 25/50 [Val]:  18%|█▊        | 20/113 [00:01<00:07, 13.02it/s]
Epoch 25/50 [Val]:  19%|█▉        | 22/113 [00:01<00:07, 12.83it/s]
Epoch 25/50 [Val]:  21%|██        | 24/113 [00:01<00:07, 12.52it/s]
Epoch 25/50 [Val]:  23%|██▎       | 26/113 [00:01<00:06, 12.69it/s]
Epoch 25/50 [Val]:  25%|██▍       | 28/113 [00:02<00:06, 13.02it/s]
Epoch 25/50 [Val]:  27%|██▋       | 30/113 [00:02<00:06, 13.27it/s]
Epoch 25/50 [Val]:  28%|██▊       | 32/113 [00:02<00:05, 13.56it/s]
Epoch 25/50 [Val]:  30%|███       | 34/113 [00:02<00:05, 13.52it/s]
Epoch 25/50 [Val]:  32%|███▏      | 36/113 [00:02<00:05, 13.76it/s]
Epoch 25/50 [Val]:  34%|███▎      | 38/113 [00:02<00:05, 13.96it/s]
Epoch 25/50 [Val]:  35%|███▌      | 40/113 [00:02<00:05, 13.97it/s]
Epoch 25/50 [Val]:  37%|███▋      | 42/113 [00:03<00:05, 14.05it/s]
Epoch 25/50 [Val]:  39%|███▉      | 44/113 [00:03<00:04, 14.00it/s]
Epoch 25/50 [Val]:  41%|████      | 46/113 [00:03<00:04, 13.89it/s]
Epoch 25/50 [Val]:  42%|████▏     | 48/113 [00:03<00:04, 13.78it/s]
Epoch 25/50 [Val]:  44%|████▍     | 50/113 [00:03<00:04, 13.68it/s]
Epoch 25/50 [Val]:  46%|████▌     | 52/113 [00:03<00:04, 13.69it/s]
Epoch 25/50 [Val]:  48%|████▊     | 54/113 [00:03<00:04, 13.95it/s]
Epoch 25/50 [Val]:  50%|████▉     | 56/113 [00:04<00:04, 14.09it/s]
Epoch 25/50 [Val]:  51%|█████▏    | 58/113 [00:04<00:04, 13.65it/s]
Epoch 25/50 [Val]:  53%|█████▎    | 60/113 [00:04<00:03, 14.07it/s]
Epoch 25/50 [Val]:  55%|█████▍    | 62/113 [00:04<00:03, 13.96it/s]
Epoch 25/50 [Val]:  57%|█████▋    | 64/113 [00:04<00:03, 14.05it/s]
Epoch 25/50 [Val]:  58%|█████▊    | 66/113 [00:04<00:03, 13.88it/s]
Epoch 25/50 [Val]:  60%|██████    | 68/113 [00:04<00:03, 13.77it/s]
Epoch 25/50 [Val]:  62%|██████▏   | 70/113 [00:05<00:03, 13.95it/s]
Epoch 25/50 [Val]:  64%|██████▎   | 72/113 [00:05<00:02, 14.13it/s]
Epoch 25/50 [Val]:  65%|██████▌   | 74/113 [00:05<00:02, 14.30it/s]
Epoch 25/50 [Val]:  67%|██████▋   | 76/113 [00:05<00:02, 14.28it/s]
Epoch 25/50 [Val]:  69%|██████▉   | 78/113 [00:05<00:02, 14.28it/s]
Epoch 25/50 [Val]:  71%|███████   | 80/113 [00:05<00:02, 14.21it/s]
Epoch 25/50 [Val]:  73%|███████▎  | 82/113 [00:05<00:02, 14.08it/s]
Epoch 25/50 [Val]:  74%|███████▍  | 84/113 [00:06<00:02, 14.13it/s]
Epoch 25/50 [Val]:  76%|███████▌  | 86/113 [00:06<00:01, 14.11it/s]
Epoch 25/50 [Val]:  78%|███████▊  | 88/113 [00:06<00:01, 14.13it/s]
Epoch 25/50 [Val]:  80%|███████▉  | 90/113 [00:06<00:01, 14.34it/s]
Epoch 25/50 [Val]:  81%|████████▏ | 92/113 [00:06<00:01, 14.40it/s]
Epoch 25/50 [Val]:  83%|████████▎ | 94/113 [00:06<00:01, 14.26it/s]
Epoch 25/50 [Val]:  85%|████████▍ | 96/113 [00:06<00:01, 14.47it/s]
Epoch 25/50 [Val]:  87%|████████▋ | 98/113 [00:07<00:01, 14.50it/s]
Epoch 25/50 [Val]:  88%|████████▊ | 100/113 [00:07<00:00, 14.13it/s]
Epoch 25/50 [Val]:  90%|█████████ | 102/113 [00:07<00:00, 13.85it/s]
Epoch 25/50 [Val]:  92%|█████████▏| 104/113 [00:07<00:00, 14.00it/s]
Epoch 25/50 [Val]:  94%|█████████▍| 106/113 [00:07<00:00, 14.06it/s]
Epoch 25/50 [Val]:  96%|█████████▌| 108/113 [00:07<00:00, 14.24it/s]
Epoch 25/50 [Val]:  97%|█████████▋| 110/113 [00:07<00:00, 14.41it/s]
Epoch 25/50 [Val]:  99%|█████████▉| 112/113 [00:08<00:00, 14.38it/s]
                                                                    

Epoch 26/50 [Train]:   0%|          | 0/459 [00:00<?, ?it/s]
Epoch 26/50 [Train]:   0%|          | 2/459 [00:00<00:45, 10.12it/s]
Epoch 26/50 [Train]:   1%|          | 4/459 [00:00<00:44, 10.12it/s]
Epoch 26/50 [Train]:   1%|▏         | 6/459 [00:00<00:44, 10.19it/s]
Epoch 26/50 [Train]:   2%|▏         | 8/459 [00:00<00:43, 10.31it/s]
Epoch 26/50 [Train]:   2%|▏         | 10/459 [00:00<00:43, 10.35it/s]
Epoch 26/50 [Train]:   3%|▎         | 12/459 [00:01<00:43, 10.36it/s]
Epoch 26/50 [Train]:   3%|▎         | 14/459 [00:01<00:43, 10.19it/s]
Epoch 26/50 [Train]:   3%|▎         | 16/459 [00:01<00:43, 10.25it/s]
Epoch 26/50 [Train]:   4%|▍         | 18/459 [00:01<00:42, 10.28it/s]
Epoch 26/50 [Train]:   4%|▍         | 20/459 [00:01<00:42, 10.35it/s]
Epoch 26/50 [Train]:   5%|▍         | 22/459 [00:02<00:42, 10.39it/s]
Epoch 26/50 [Train]:   5%|▌         | 24/459 [00:02<00:41, 10.40it/s]
Epoch 26/50 [Train]:   6%|▌         | 26/459 [00:02<00:41, 10.34it/s]
Epoch 26/50 [Train]:   6%|▌         | 28/459 [00:02<00:41, 10.39it/s]
Epoch 26/50 [Train]:   7%|▋         | 30/459 [00:02<00:41, 10.39it/s]
Epoch 26/50 [Train]:   7%|▋         | 32/459 [00:03<00:41, 10.40it/s]
Epoch 26/50 [Train]:   7%|▋         | 34/459 [00:03<00:40, 10.42it/s]
Epoch 26/50 [Train]:   8%|▊         | 36/459 [00:03<00:40, 10.41it/s]
Epoch 26/50 [Train]:   8%|▊         | 38/459 [00:03<00:40, 10.43it/s]
Epoch 26/50 [Train]:   9%|▊         | 40/459 [00:03<00:40, 10.39it/s]
Epoch 26/50 [Train]:   9%|▉         | 42/459 [00:04<00:40, 10.41it/s]
Epoch 26/50 [Train]:  10%|▉         | 44/459 [00:04<00:39, 10.42it/s]
Epoch 26/50 [Train]:  10%|█         | 46/459 [00:04<00:39, 10.36it/s]
Epoch 26/50 [Train]:  10%|█         | 48/459 [00:04<00:39, 10.37it/s]
Epoch 26/50 [Train]:  11%|█         | 50/459 [00:04<00:39, 10.38it/s]
Epoch 26/50 [Train]:  11%|█▏        | 52/459 [00:05<00:39, 10.32it/s]
Epoch 26/50 [Train]:  12%|█▏        | 54/459 [00:05<00:39, 10.34it/s]
Epoch 26/50 [Train]:  12%|█▏        | 56/459 [00:05<00:38, 10.39it/s]
Epoch 26/50 [Train]:  13%|█▎        | 58/459 [00:05<00:38, 10.37it/s]
Epoch 26/50 [Train]:  13%|█▎        | 60/459 [00:05<00:38, 10.35it/s]
Epoch 26/50 [Train]:  14%|█▎        | 62/459 [00:05<00:38, 10.35it/s]
Epoch 26/50 [Train]:  14%|█▍        | 64/459 [00:06<00:37, 10.42it/s]
Epoch 26/50 [Train]:  14%|█▍        | 66/459 [00:06<00:38, 10.31it/s]
Epoch 26/50 [Train]:  15%|█▍        | 68/459 [00:06<00:38, 10.26it/s]
Epoch 26/50 [Train]:  15%|█▌        | 70/459 [00:06<00:38, 10.15it/s]
Epoch 26/50 [Train]:  16%|█▌        | 72/459 [00:06<00:38,  9.93it/s]
Epoch 26/50 [Train]:  16%|█▌        | 74/459 [00:07<00:38, 10.09it/s]
Epoch 26/50 [Train]:  17%|█▋        | 76/459 [00:07<00:37, 10.14it/s]
Epoch 26/50 [Train]:  17%|█▋        | 78/459 [00:07<00:37, 10.15it/s]
Epoch 26/50 [Train]:  17%|█▋        | 80/459 [00:07<00:37, 10.21it/s]
Epoch 26/50 [Train]:  18%|█▊        | 82/459 [00:07<00:36, 10.24it/s]
Epoch 26/50 [Train]:  18%|█▊        | 84/459 [00:08<00:36, 10.28it/s]
Epoch 26/50 [Train]:  19%|█▊        | 86/459 [00:08<00:36, 10.24it/s]
Epoch 26/50 [Train]:  19%|█▉        | 88/459 [00:08<00:36, 10.29it/s]
Epoch 26/50 [Train]:  20%|█▉        | 90/459 [00:08<00:35, 10.28it/s]
Epoch 26/50 [Train]:  20%|██        | 92/459 [00:08<00:35, 10.27it/s]
Epoch 26/50 [Train]:  20%|██        | 94/459 [00:09<00:35, 10.35it/s]
Epoch 26/50 [Train]:  21%|██        | 96/459 [00:09<00:35, 10.36it/s]
Epoch 26/50 [Train]:  21%|██▏       | 98/459 [00:09<00:34, 10.36it/s]
Epoch 26/50 [Train]:  22%|██▏       | 100/459 [00:09<00:34, 10.41it/s]
Epoch 26/50 [Train]:  22%|██▏       | 102/459 [00:09<00:34, 10.40it/s]
Epoch 26/50 [Train]:  23%|██▎       | 104/459 [00:10<00:34, 10.35it/s]
Epoch 26/50 [Train]:  23%|██▎       | 106/459 [00:10<00:34, 10.23it/s]
Epoch 26/50 [Train]:  24%|██▎       | 108/459 [00:10<00:34, 10.29it/s]
Epoch 26/50 [Train]:  24%|██▍       | 110/459 [00:10<00:34, 10.23it/s]
Epoch 26/50 [Train]:  24%|██▍       | 112/459 [00:10<00:33, 10.31it/s]
Epoch 26/50 [Train]:  25%|██▍       | 114/459 [00:11<00:33, 10.25it/s]
Epoch 26/50 [Train]:  25%|██▌       | 116/459 [00:11<00:33, 10.29it/s]
Epoch 26/50 [Train]:  26%|██▌       | 118/459 [00:11<00:33, 10.29it/s]
Epoch 26/50 [Train]:  26%|██▌       | 120/459 [00:11<00:32, 10.34it/s]
Epoch 26/50 [Train]:  27%|██▋       | 122/459 [00:11<00:32, 10.35it/s]
Epoch 26/50 [Train]:  27%|██▋       | 124/459 [00:12<00:32, 10.37it/s]
Epoch 26/50 [Train]:  27%|██▋       | 126/459 [00:12<00:32, 10.31it/s]
Epoch 26/50 [Train]:  28%|██▊       | 128/459 [00:12<00:32, 10.32it/s]
Epoch 26/50 [Train]:  28%|██▊       | 130/459 [00:12<00:31, 10.36it/s]
Epoch 26/50 [Train]:  29%|██▉       | 132/459 [00:12<00:31, 10.36it/s]
Epoch 26/50 [Train]:  29%|██▉       | 134/459 [00:12<00:31, 10.42it/s]
Epoch 26/50 [Train]:  30%|██▉       | 136/459 [00:13<00:31, 10.30it/s]
Epoch 26/50 [Train]:  30%|███       | 138/459 [00:13<00:31, 10.21it/s]
Epoch 26/50 [Train]:  31%|███       | 140/459 [00:13<00:31, 10.25it/s]
Epoch 26/50 [Train]:  31%|███       | 142/459 [00:13<00:30, 10.29it/s]
Epoch 26/50 [Train]:  31%|███▏      | 144/459 [00:13<00:30, 10.34it/s]
Epoch 26/50 [Train]:  32%|███▏      | 146/459 [00:14<00:30, 10.31it/s]
Epoch 26/50 [Train]:  32%|███▏      | 148/459 [00:14<00:30, 10.33it/s]
Epoch 26/50 [Train]:  33%|███▎      | 150/459 [00:14<00:30, 10.28it/s]
Epoch 26/50 [Train]:  33%|███▎      | 152/459 [00:14<00:29, 10.24it/s]
Epoch 26/50 [Train]:  34%|███▎      | 154/459 [00:14<00:29, 10.28it/s]
Epoch 26/50 [Train]:  34%|███▍      | 156/459 [00:15<00:29, 10.29it/s]
Epoch 26/50 [Train]:  34%|███▍      | 158/459 [00:15<00:29, 10.30it/s]
Epoch 26/50 [Train]:  35%|███▍      | 160/459 [00:15<00:29, 10.29it/s]
Epoch 26/50 [Train]:  35%|███▌      | 162/459 [00:15<00:28, 10.26it/s]
Epoch 26/50 [Train]:  36%|███▌      | 164/459 [00:15<00:28, 10.32it/s]
Epoch 26/50 [Train]:  36%|███▌      | 166/459 [00:16<00:28, 10.31it/s]
Epoch 26/50 [Train]:  37%|███▋      | 168/459 [00:16<00:28, 10.29it/s]
Epoch 26/50 [Train]:  37%|███▋      | 170/459 [00:16<00:28, 10.29it/s]
Epoch 26/50 [Train]:  37%|███▋      | 172/459 [00:16<00:27, 10.27it/s]
Epoch 26/50 [Train]:  38%|███▊      | 174/459 [00:16<00:27, 10.26it/s]
Epoch 26/50 [Train]:  38%|███▊      | 176/459 [00:17<00:27, 10.21it/s]
Epoch 26/50 [Train]:  39%|███▉      | 178/459 [00:17<00:27, 10.22it/s]
Epoch 26/50 [Train]:  39%|███▉      | 180/459 [00:17<00:27, 10.00it/s]
Epoch 26/50 [Train]:  40%|███▉      | 182/459 [00:17<00:27, 10.06it/s]
Epoch 26/50 [Train]:  40%|████      | 184/459 [00:17<00:27, 10.15it/s]
Epoch 26/50 [Train]:  41%|████      | 186/459 [00:18<00:26, 10.22it/s]
Epoch 26/50 [Train]:  41%|████      | 188/459 [00:18<00:26, 10.26it/s]
Epoch 26/50 [Train]:  41%|████▏     | 190/459 [00:18<00:26, 10.31it/s]
Epoch 26/50 [Train]:  42%|████▏     | 192/459 [00:18<00:25, 10.28it/s]
Epoch 26/50 [Train]:  42%|████▏     | 194/459 [00:18<00:25, 10.33it/s]
Epoch 26/50 [Train]:  43%|████▎     | 196/459 [00:19<00:25, 10.34it/s]
Epoch 26/50 [Train]:  43%|████▎     | 198/459 [00:19<00:25, 10.37it/s]
Epoch 26/50 [Train]:  44%|████▎     | 200/459 [00:19<00:24, 10.45it/s]
Epoch 26/50 [Train]:  44%|████▍     | 202/459 [00:19<00:24, 10.43it/s]
Epoch 26/50 [Train]:  44%|████▍     | 204/459 [00:19<00:24, 10.35it/s]
Epoch 26/50 [Train]:  45%|████▍     | 206/459 [00:19<00:24, 10.37it/s]
Epoch 26/50 [Train]:  45%|████▌     | 208/459 [00:20<00:24, 10.43it/s]
Epoch 26/50 [Train]:  46%|████▌     | 210/459 [00:20<00:23, 10.41it/s]
Epoch 26/50 [Train]:  46%|████▌     | 212/459 [00:20<00:23, 10.31it/s]
Epoch 26/50 [Train]:  47%|████▋     | 214/459 [00:20<00:23, 10.34it/s]
Epoch 26/50 [Train]:  47%|████▋     | 216/459 [00:20<00:23, 10.33it/s]
Epoch 26/50 [Train]:  47%|████▋     | 218/459 [00:21<00:23, 10.33it/s]
Epoch 26/50 [Train]:  48%|████▊     | 220/459 [00:21<00:23, 10.36it/s]
Epoch 26/50 [Train]:  48%|████▊     | 222/459 [00:21<00:22, 10.39it/s]
Epoch 26/50 [Train]:  49%|████▉     | 224/459 [00:21<00:22, 10.37it/s]
Epoch 26/50 [Train]:  49%|████▉     | 226/459 [00:21<00:22, 10.42it/s]
Epoch 26/50 [Train]:  50%|████▉     | 228/459 [00:22<00:22, 10.33it/s]
Epoch 26/50 [Train]:  50%|█████     | 230/459 [00:22<00:22, 10.33it/s]
Epoch 26/50 [Train]:  51%|█████     | 232/459 [00:22<00:21, 10.38it/s]
Epoch 26/50 [Train]:  51%|█████     | 234/459 [00:22<00:21, 10.39it/s]
Epoch 26/50 [Train]:  51%|█████▏    | 236/459 [00:22<00:21, 10.37it/s]
Epoch 26/50 [Train]:  52%|█████▏    | 238/459 [00:23<00:21, 10.29it/s]
Epoch 26/50 [Train]:  52%|█████▏    | 240/459 [00:23<00:21, 10.29it/s]
Epoch 26/50 [Train]:  53%|█████▎    | 242/459 [00:23<00:20, 10.34it/s]
Epoch 26/50 [Train]:  53%|█████▎    | 244/459 [00:23<00:20, 10.28it/s]
Epoch 26/50 [Train]:  54%|█████▎    | 246/459 [00:23<00:20, 10.33it/s]
Epoch 26/50 [Train]:  54%|█████▍    | 248/459 [00:24<00:20, 10.30it/s]
Epoch 26/50 [Train]:  54%|█████▍    | 250/459 [00:24<00:20, 10.33it/s]
Epoch 26/50 [Train]:  55%|█████▍    | 252/459 [00:24<00:19, 10.37it/s]
Epoch 26/50 [Train]:  55%|█████▌    | 254/459 [00:24<00:19, 10.33it/s]
Epoch 26/50 [Train]:  56%|█████▌    | 256/459 [00:24<00:19, 10.36it/s]
Epoch 26/50 [Train]:  56%|█████▌    | 258/459 [00:25<00:19, 10.38it/s]
Epoch 26/50 [Train]:  57%|█████▋    | 260/459 [00:25<00:19, 10.29it/s]
Epoch 26/50 [Train]:  57%|█████▋    | 262/459 [00:25<00:19, 10.22it/s]
Epoch 26/50 [Train]:  58%|█████▊    | 264/459 [00:25<00:18, 10.28it/s]
Epoch 26/50 [Train]:  58%|█████▊    | 266/459 [00:25<00:18, 10.34it/s]
Epoch 26/50 [Train]:  58%|█████▊    | 268/459 [00:25<00:18, 10.36it/s]
Epoch 26/50 [Train]:  59%|█████▉    | 270/459 [00:26<00:18, 10.39it/s]
Epoch 26/50 [Train]:  59%|█████▉    | 272/459 [00:26<00:18, 10.26it/s]
Epoch 26/50 [Train]:  60%|█████▉    | 274/459 [00:26<00:17, 10.30it/s]
Epoch 26/50 [Train]:  60%|██████    | 276/459 [00:26<00:17, 10.28it/s]
Epoch 26/50 [Train]:  61%|██████    | 278/459 [00:26<00:17, 10.27it/s]
Epoch 26/50 [Train]:  61%|██████    | 280/459 [00:27<00:17, 10.26it/s]
Epoch 26/50 [Train]:  61%|██████▏   | 282/459 [00:27<00:17, 10.28it/s]
Epoch 26/50 [Train]:  62%|██████▏   | 284/459 [00:27<00:16, 10.33it/s]
Epoch 26/50 [Train]:  62%|██████▏   | 286/459 [00:27<00:16, 10.35it/s]
Epoch 26/50 [Train]:  63%|██████▎   | 288/459 [00:27<00:16, 10.41it/s]
Epoch 26/50 [Train]:  63%|██████▎   | 290/459 [00:28<00:16, 10.38it/s]
Epoch 26/50 [Train]:  64%|██████▎   | 292/459 [00:28<00:16, 10.38it/s]
Epoch 26/50 [Train]:  64%|██████▍   | 294/459 [00:28<00:16, 10.25it/s]
Epoch 26/50 [Train]:  64%|██████▍   | 296/459 [00:28<00:15, 10.31it/s]
Epoch 26/50 [Train]:  65%|██████▍   | 298/459 [00:28<00:15, 10.25it/s]
Epoch 26/50 [Train]:  65%|██████▌   | 300/459 [00:29<00:15, 10.29it/s]
Epoch 26/50 [Train]:  66%|██████▌   | 302/459 [00:29<00:15, 10.30it/s]
Epoch 26/50 [Train]:  66%|██████▌   | 304/459 [00:29<00:15, 10.30it/s]
Epoch 26/50 [Train]:  67%|██████▋   | 306/459 [00:29<00:14, 10.29it/s]
Epoch 26/50 [Train]:  67%|██████▋   | 308/459 [00:29<00:14, 10.22it/s]
Epoch 26/50 [Train]:  68%|██████▊   | 310/459 [00:30<00:14, 10.25it/s]
Epoch 26/50 [Train]:  68%|██████▊   | 312/459 [00:30<00:14, 10.22it/s]
Epoch 26/50 [Train]:  68%|██████▊   | 314/459 [00:30<00:14, 10.04it/s]
Epoch 26/50 [Train]:  69%|██████▉   | 316/459 [00:30<00:14, 10.07it/s]
Epoch 26/50 [Train]:  69%|██████▉   | 318/459 [00:30<00:13, 10.16it/s]
Epoch 26/50 [Train]:  70%|██████▉   | 320/459 [00:31<00:13, 10.10it/s]
Epoch 26/50 [Train]:  70%|███████   | 322/459 [00:31<00:13, 10.19it/s]
Epoch 26/50 [Train]:  71%|███████   | 324/459 [00:31<00:13, 10.28it/s]
Epoch 26/50 [Train]:  71%|███████   | 326/459 [00:31<00:12, 10.34it/s]
Epoch 26/50 [Train]:  71%|███████▏  | 328/459 [00:31<00:12, 10.35it/s]
Epoch 26/50 [Train]:  72%|███████▏  | 330/459 [00:32<00:12, 10.32it/s]
Epoch 26/50 [Train]:  72%|███████▏  | 332/459 [00:32<00:12, 10.30it/s]
Epoch 26/50 [Train]:  73%|███████▎  | 334/459 [00:32<00:12, 10.28it/s]
Epoch 26/50 [Train]:  73%|███████▎  | 336/459 [00:32<00:11, 10.33it/s]
Epoch 26/50 [Train]:  74%|███████▎  | 338/459 [00:32<00:11, 10.34it/s]
Epoch 26/50 [Train]:  74%|███████▍  | 340/459 [00:32<00:11, 10.33it/s]
Epoch 26/50 [Train]:  75%|███████▍  | 342/459 [00:33<00:11, 10.37it/s]
Epoch 26/50 [Train]:  75%|███████▍  | 344/459 [00:33<00:11, 10.40it/s]
Epoch 26/50 [Train]:  75%|███████▌  | 346/459 [00:33<00:10, 10.30it/s]
Epoch 26/50 [Train]:  76%|███████▌  | 348/459 [00:33<00:10, 10.32it/s]
Epoch 26/50 [Train]:  76%|███████▋  | 350/459 [00:33<00:10, 10.26it/s]
Epoch 26/50 [Train]:  77%|███████▋  | 352/459 [00:34<00:10, 10.25it/s]
Epoch 26/50 [Train]:  77%|███████▋  | 354/459 [00:34<00:10, 10.34it/s]
Epoch 26/50 [Train]:  78%|███████▊  | 356/459 [00:34<00:09, 10.37it/s]
Epoch 26/50 [Train]:  78%|███████▊  | 358/459 [00:34<00:09, 10.38it/s]
Epoch 26/50 [Train]:  78%|███████▊  | 360/459 [00:34<00:09, 10.37it/s]
Epoch 26/50 [Train]:  79%|███████▉  | 362/459 [00:35<00:09, 10.40it/s]
Epoch 26/50 [Train]:  79%|███████▉  | 364/459 [00:35<00:09, 10.38it/s]
Epoch 26/50 [Train]:  80%|███████▉  | 366/459 [00:35<00:08, 10.37it/s]
Epoch 26/50 [Train]:  80%|████████  | 368/459 [00:35<00:08, 10.39it/s]
Epoch 26/50 [Train]:  81%|████████  | 370/459 [00:35<00:08, 10.34it/s]
Epoch 26/50 [Train]:  81%|████████  | 372/459 [00:36<00:08, 10.39it/s]
Epoch 26/50 [Train]:  81%|████████▏ | 374/459 [00:36<00:08, 10.42it/s]
Epoch 26/50 [Train]:  82%|████████▏ | 376/459 [00:36<00:07, 10.40it/s]
Epoch 26/50 [Train]:  82%|████████▏ | 378/459 [00:36<00:07, 10.39it/s]
Epoch 26/50 [Train]:  83%|████████▎ | 380/459 [00:36<00:07, 10.44it/s]
Epoch 26/50 [Train]:  83%|████████▎ | 382/459 [00:37<00:07, 10.45it/s]
Epoch 26/50 [Train]:  84%|████████▎ | 384/459 [00:37<00:07, 10.43it/s]
Epoch 26/50 [Train]:  84%|████████▍ | 386/459 [00:37<00:06, 10.44it/s]
Epoch 26/50 [Train]:  85%|████████▍ | 388/459 [00:37<00:06, 10.47it/s]
Epoch 26/50 [Train]:  85%|████████▍ | 390/459 [00:37<00:06, 10.40it/s]
Epoch 26/50 [Train]:  85%|████████▌ | 392/459 [00:38<00:06, 10.39it/s]
Epoch 26/50 [Train]:  86%|████████▌ | 394/459 [00:38<00:06, 10.37it/s]
Epoch 26/50 [Train]:  86%|████████▋ | 396/459 [00:38<00:06, 10.34it/s]
Epoch 26/50 [Train]:  87%|████████▋ | 398/459 [00:38<00:05, 10.32it/s]
Epoch 26/50 [Train]:  87%|████████▋ | 400/459 [00:38<00:05, 10.33it/s]
Epoch 26/50 [Train]:  88%|████████▊ | 402/459 [00:38<00:05, 10.25it/s]
Epoch 26/50 [Train]:  88%|████████▊ | 404/459 [00:39<00:05, 10.33it/s]
Epoch 26/50 [Train]:  88%|████████▊ | 406/459 [00:39<00:05, 10.30it/s]
Epoch 26/50 [Train]:  89%|████████▉ | 408/459 [00:39<00:04, 10.31it/s]
Epoch 26/50 [Train]:  89%|████████▉ | 410/459 [00:39<00:04, 10.26it/s]
Epoch 26/50 [Train]:  90%|████████▉ | 412/459 [00:39<00:04, 10.32it/s]
Epoch 26/50 [Train]:  90%|█████████ | 414/459 [00:40<00:04, 10.29it/s]
Epoch 26/50 [Train]:  91%|█████████ | 416/459 [00:40<00:04, 10.23it/s]
Epoch 26/50 [Train]:  91%|█████████ | 418/459 [00:40<00:04, 10.22it/s]
Epoch 26/50 [Train]:  92%|█████████▏| 420/459 [00:40<00:03, 10.23it/s]
Epoch 26/50 [Train]:  92%|█████████▏| 422/459 [00:40<00:03, 10.31it/s]
Epoch 26/50 [Train]:  92%|█████████▏| 424/459 [00:41<00:03, 10.39it/s]
Epoch 26/50 [Train]:  93%|█████████▎| 426/459 [00:41<00:03, 10.37it/s]
Epoch 26/50 [Train]:  93%|█████████▎| 428/459 [00:41<00:02, 10.38it/s]
Epoch 26/50 [Train]:  94%|█████████▎| 430/459 [00:41<00:02, 10.26it/s]
Epoch 26/50 [Train]:  94%|█████████▍| 432/459 [00:41<00:02, 10.29it/s]
Epoch 26/50 [Train]:  95%|█████████▍| 434/459 [00:42<00:02, 10.35it/s]
Epoch 26/50 [Train]:  95%|█████████▍| 436/459 [00:42<00:02, 10.36it/s]
Epoch 26/50 [Train]:  95%|█████████▌| 438/459 [00:42<00:02, 10.37it/s]
Epoch 26/50 [Train]:  96%|█████████▌| 440/459 [00:42<00:01, 10.33it/s]
Epoch 26/50 [Train]:  96%|█████████▋| 442/459 [00:42<00:01, 10.37it/s]
Epoch 26/50 [Train]:  97%|█████████▋| 444/459 [00:43<00:01, 10.37it/s]
Epoch 26/50 [Train]:  97%|█████████▋| 446/459 [00:43<00:01, 10.40it/s]
Epoch 26/50 [Train]:  98%|█████████▊| 448/459 [00:43<00:01, 10.40it/s]
Epoch 26/50 [Train]:  98%|█████████▊| 450/459 [00:43<00:00, 10.41it/s]
Epoch 26/50 [Train]:  98%|█████████▊| 452/459 [00:43<00:00, 10.40it/s]
Epoch 26/50 [Train]:  99%|█████████▉| 454/459 [00:44<00:00, 10.41it/s]
Epoch 26/50 [Train]:  99%|█████████▉| 456/459 [00:44<00:00, 10.30it/s]
Epoch 26/50 [Train]: 100%|█████████▉| 458/459 [00:44<00:00, 10.31it/s]
                                                                      

Epoch 26/50 [Val]:   0%|          | 0/113 [00:00<?, ?it/s]
Epoch 26/50 [Val]:   2%|▏         | 2/113 [00:00<00:07, 14.07it/s]
Epoch 26/50 [Val]:   4%|▎         | 4/113 [00:00<00:07, 13.71it/s]
Epoch 26/50 [Val]:   5%|▌         | 6/113 [00:00<00:07, 13.75it/s]
Epoch 26/50 [Val]:   7%|▋         | 8/113 [00:00<00:07, 13.76it/s]
Epoch 26/50 [Val]:   9%|▉         | 10/113 [00:00<00:07, 14.04it/s]
Epoch 26/50 [Val]:  11%|█         | 12/113 [00:00<00:07, 14.00it/s]
Epoch 26/50 [Val]:  12%|█▏        | 14/113 [00:01<00:07, 14.04it/s]
Epoch 26/50 [Val]:  14%|█▍        | 16/113 [00:01<00:07, 13.57it/s]
Epoch 26/50 [Val]:  16%|█▌        | 18/113 [00:01<00:07, 13.45it/s]
Epoch 26/50 [Val]:  18%|█▊        | 20/113 [00:01<00:07, 13.19it/s]
Epoch 26/50 [Val]:  19%|█▉        | 22/113 [00:01<00:07, 12.94it/s]
Epoch 26/50 [Val]:  21%|██        | 24/113 [00:01<00:06, 12.92it/s]
Epoch 26/50 [Val]:  23%|██▎       | 26/113 [00:01<00:06, 12.86it/s]
Epoch 26/50 [Val]:  25%|██▍       | 28/113 [00:02<00:06, 12.92it/s]
Epoch 26/50 [Val]:  27%|██▋       | 30/113 [00:02<00:06, 12.96it/s]
Epoch 26/50 [Val]:  28%|██▊       | 32/113 [00:02<00:06, 13.03it/s]
Epoch 26/50 [Val]:  30%|███       | 34/113 [00:02<00:05, 13.28it/s]
Epoch 26/50 [Val]:  32%|███▏      | 36/113 [00:02<00:05, 13.57it/s]
Epoch 26/50 [Val]:  34%|███▎      | 38/113 [00:02<00:05, 13.56it/s]
Epoch 26/50 [Val]:  35%|███▌      | 40/113 [00:02<00:05, 13.68it/s]
Epoch 26/50 [Val]:  37%|███▋      | 42/113 [00:03<00:05, 13.84it/s]
Epoch 26/50 [Val]:  39%|███▉      | 44/113 [00:03<00:05, 13.79it/s]
Epoch 26/50 [Val]:  41%|████      | 46/113 [00:03<00:04, 13.76it/s]
Epoch 26/50 [Val]:  42%|████▏     | 48/113 [00:03<00:04, 13.85it/s]
Epoch 26/50 [Val]:  44%|████▍     | 50/113 [00:03<00:04, 13.89it/s]
Epoch 26/50 [Val]:  46%|████▌     | 52/113 [00:03<00:04, 14.11it/s]
Epoch 26/50 [Val]:  48%|████▊     | 54/113 [00:03<00:04, 14.28it/s]
Epoch 26/50 [Val]:  50%|████▉     | 56/113 [00:04<00:03, 14.34it/s]
Epoch 26/50 [Val]:  51%|█████▏    | 58/113 [00:04<00:03, 13.99it/s]
Epoch 26/50 [Val]:  53%|█████▎    | 60/113 [00:04<00:03, 14.31it/s]
Epoch 26/50 [Val]:  55%|█████▍    | 62/113 [00:04<00:03, 14.24it/s]
Epoch 26/50 [Val]:  57%|█████▋    | 64/113 [00:04<00:03, 14.26it/s]
Epoch 26/50 [Val]:  58%|█████▊    | 66/113 [00:04<00:03, 14.15it/s]
Epoch 26/50 [Val]:  60%|██████    | 68/113 [00:04<00:03, 13.65it/s]
Epoch 26/50 [Val]:  62%|██████▏   | 70/113 [00:05<00:03, 13.89it/s]
Epoch 26/50 [Val]:  64%|██████▎   | 72/113 [00:05<00:02, 14.01it/s]
Epoch 26/50 [Val]:  65%|██████▌   | 74/113 [00:05<00:02, 14.25it/s]
Epoch 26/50 [Val]:  67%|██████▋   | 76/113 [00:05<00:02, 14.29it/s]
Epoch 26/50 [Val]:  69%|██████▉   | 78/113 [00:05<00:02, 13.91it/s]
Epoch 26/50 [Val]:  71%|███████   | 80/113 [00:05<00:02, 13.93it/s]
Epoch 26/50 [Val]:  73%|███████▎  | 82/113 [00:05<00:02, 13.63it/s]
Epoch 26/50 [Val]:  74%|███████▍  | 84/113 [00:06<00:02, 13.79it/s]
Epoch 26/50 [Val]:  76%|███████▌  | 86/113 [00:06<00:01, 13.90it/s]
Epoch 26/50 [Val]:  78%|███████▊  | 88/113 [00:06<00:01, 13.69it/s]
Epoch 26/50 [Val]:  80%|███████▉  | 90/113 [00:06<00:01, 14.00it/s]
Epoch 26/50 [Val]:  81%|████████▏ | 92/113 [00:06<00:01, 14.25it/s]
Epoch 26/50 [Val]:  83%|████████▎ | 94/113 [00:06<00:01, 14.45it/s]
Epoch 26/50 [Val]:  85%|████████▍ | 96/113 [00:06<00:01, 14.55it/s]
Epoch 26/50 [Val]:  87%|████████▋ | 98/113 [00:07<00:01, 14.61it/s]
Epoch 26/50 [Val]:  88%|████████▊ | 100/113 [00:07<00:00, 14.41it/s]
Epoch 26/50 [Val]:  90%|█████████ | 102/113 [00:07<00:00, 14.26it/s]
Epoch 26/50 [Val]:  92%|█████████▏| 104/113 [00:07<00:00, 14.53it/s]
Epoch 26/50 [Val]:  94%|█████████▍| 106/113 [00:07<00:00, 14.64it/s]
Epoch 26/50 [Val]:  96%|█████████▌| 108/113 [00:07<00:00, 14.77it/s]
Epoch 26/50 [Val]:  97%|█████████▋| 110/113 [00:07<00:00, 14.81it/s]
Epoch 26/50 [Val]:  99%|█████████▉| 112/113 [00:08<00:00, 14.80it/s]
                                                                    

Epoch 27/50 [Train]:   0%|          | 0/459 [00:00<?, ?it/s]
Epoch 27/50 [Train]:   0%|          | 2/459 [00:00<00:44, 10.18it/s]
Epoch 27/50 [Train]:   1%|          | 4/459 [00:00<00:43, 10.37it/s]
Epoch 27/50 [Train]:   1%|▏         | 6/459 [00:00<00:43, 10.41it/s]
Epoch 27/50 [Train]:   2%|▏         | 8/459 [00:00<00:43, 10.44it/s]
Epoch 27/50 [Train]:   2%|▏         | 10/459 [00:00<00:43, 10.23it/s]
Epoch 27/50 [Train]:   3%|▎         | 12/459 [00:01<00:43, 10.30it/s]
Epoch 27/50 [Train]:   3%|▎         | 14/459 [00:01<00:43, 10.33it/s]
Epoch 27/50 [Train]:   3%|▎         | 16/459 [00:01<00:42, 10.38it/s]
Epoch 27/50 [Train]:   4%|▍         | 18/459 [00:01<00:42, 10.44it/s]
Epoch 27/50 [Train]:   4%|▍         | 20/459 [00:01<00:42, 10.36it/s]
Epoch 27/50 [Train]:   5%|▍         | 22/459 [00:02<00:41, 10.44it/s]
Epoch 27/50 [Train]:   5%|▌         | 24/459 [00:02<00:41, 10.50it/s]
Epoch 27/50 [Train]:   6%|▌         | 26/459 [00:02<00:41, 10.38it/s]
Epoch 27/50 [Train]:   6%|▌         | 28/459 [00:02<00:41, 10.41it/s]
Epoch 27/50 [Train]:   7%|▋         | 30/459 [00:02<00:41, 10.38it/s]
Epoch 27/50 [Train]:   7%|▋         | 32/459 [00:03<00:41, 10.36it/s]
Epoch 27/50 [Train]:   7%|▋         | 34/459 [00:03<00:40, 10.37it/s]
Epoch 27/50 [Train]:   8%|▊         | 36/459 [00:03<00:40, 10.39it/s]
Epoch 27/50 [Train]:   8%|▊         | 38/459 [00:03<00:40, 10.44it/s]
Epoch 27/50 [Train]:   9%|▊         | 40/459 [00:03<00:40, 10.45it/s]
Epoch 27/50 [Train]:   9%|▉         | 42/459 [00:04<00:39, 10.49it/s]
Epoch 27/50 [Train]:  10%|▉         | 44/459 [00:04<00:39, 10.54it/s]
Epoch 27/50 [Train]:  10%|█         | 46/459 [00:04<00:39, 10.52it/s]
Epoch 27/50 [Train]:  10%|█         | 48/459 [00:04<00:39, 10.39it/s]
Epoch 27/50 [Train]:  11%|█         | 50/459 [00:04<00:39, 10.42it/s]
Epoch 27/50 [Train]:  11%|█▏        | 52/459 [00:04<00:38, 10.46it/s]
Epoch 27/50 [Train]:  12%|█▏        | 54/459 [00:05<00:38, 10.46it/s]
Epoch 27/50 [Train]:  12%|█▏        | 56/459 [00:05<00:38, 10.44it/s]
Epoch 27/50 [Train]:  13%|█▎        | 58/459 [00:05<00:38, 10.39it/s]
Epoch 27/50 [Train]:  13%|█▎        | 60/459 [00:05<00:38, 10.41it/s]
Epoch 27/50 [Train]:  14%|█▎        | 62/459 [00:05<00:38, 10.42it/s]
Epoch 27/50 [Train]:  14%|█▍        | 64/459 [00:06<00:38, 10.27it/s]
Epoch 27/50 [Train]:  14%|█▍        | 66/459 [00:06<00:37, 10.36it/s]
Epoch 27/50 [Train]:  15%|█▍        | 68/459 [00:06<00:37, 10.30it/s]
Epoch 27/50 [Train]:  15%|█▌        | 70/459 [00:06<00:37, 10.38it/s]
Epoch 27/50 [Train]:  16%|█▌        | 72/459 [00:06<00:37, 10.37it/s]
Epoch 27/50 [Train]:  16%|█▌        | 74/459 [00:07<00:36, 10.41it/s]
Epoch 27/50 [Train]:  17%|█▋        | 76/459 [00:07<00:36, 10.46it/s]
Epoch 27/50 [Train]:  17%|█▋        | 78/459 [00:07<00:36, 10.49it/s]
Epoch 27/50 [Train]:  17%|█▋        | 80/459 [00:07<00:36, 10.51it/s]
Epoch 27/50 [Train]:  18%|█▊        | 82/459 [00:07<00:35, 10.51it/s]
Epoch 27/50 [Train]:  18%|█▊        | 84/459 [00:08<00:35, 10.51it/s]
Epoch 27/50 [Train]:  19%|█▊        | 86/459 [00:08<00:35, 10.44it/s]
Epoch 27/50 [Train]:  19%|█▉        | 88/459 [00:08<00:35, 10.48it/s]
Epoch 27/50 [Train]:  20%|█▉        | 90/459 [00:08<00:35, 10.36it/s]
Epoch 27/50 [Train]:  20%|██        | 92/459 [00:08<00:35, 10.36it/s]
Epoch 27/50 [Train]:  20%|██        | 94/459 [00:09<00:35, 10.18it/s]
Epoch 27/50 [Train]:  21%|██        | 96/459 [00:09<00:35, 10.23it/s]
Epoch 27/50 [Train]:  21%|██▏       | 98/459 [00:09<00:34, 10.34it/s]
Epoch 27/50 [Train]:  22%|██▏       | 100/459 [00:09<00:34, 10.43it/s]
Epoch 27/50 [Train]:  22%|██▏       | 102/459 [00:09<00:34, 10.37it/s]
Epoch 27/50 [Train]:  23%|██▎       | 104/459 [00:09<00:34, 10.42it/s]
Epoch 27/50 [Train]:  23%|██▎       | 106/459 [00:10<00:33, 10.48it/s]
Epoch 27/50 [Train]:  24%|██▎       | 108/459 [00:10<00:33, 10.54it/s]
Epoch 27/50 [Train]:  24%|██▍       | 110/459 [00:10<00:33, 10.54it/s]
Epoch 27/50 [Train]:  24%|██▍       | 112/459 [00:10<00:32, 10.57it/s]
Epoch 27/50 [Train]:  25%|██▍       | 114/459 [00:10<00:32, 10.53it/s]
Epoch 27/50 [Train]:  25%|██▌       | 116/459 [00:11<00:32, 10.53it/s]
Epoch 27/50 [Train]:  26%|██▌       | 118/459 [00:11<00:32, 10.53it/s]
Epoch 27/50 [Train]:  26%|██▌       | 120/459 [00:11<00:32, 10.49it/s]
Epoch 27/50 [Train]:  27%|██▋       | 122/459 [00:11<00:32, 10.31it/s]
Epoch 27/50 [Train]:  27%|██▋       | 124/459 [00:11<00:32, 10.28it/s]
Epoch 27/50 [Train]:  27%|██▋       | 126/459 [00:12<00:32, 10.24it/s]
Epoch 27/50 [Train]:  28%|██▊       | 128/459 [00:12<00:31, 10.35it/s]
Epoch 27/50 [Train]:  28%|██▊       | 130/459 [00:12<00:31, 10.37it/s]
Epoch 27/50 [Train]:  29%|██▉       | 132/459 [00:12<00:31, 10.43it/s]
Epoch 27/50 [Train]:  29%|██▉       | 134/459 [00:12<00:31, 10.41it/s]
Epoch 27/50 [Train]:  30%|██▉       | 136/459 [00:13<00:31, 10.37it/s]
Epoch 27/50 [Train]:  30%|███       | 138/459 [00:13<00:30, 10.38it/s]
Epoch 27/50 [Train]:  31%|███       | 140/459 [00:13<00:30, 10.46it/s]
Epoch 27/50 [Train]:  31%|███       | 142/459 [00:13<00:30, 10.46it/s]
Epoch 27/50 [Train]:  31%|███▏      | 144/459 [00:13<00:30, 10.47it/s]
Epoch 27/50 [Train]:  32%|███▏      | 146/459 [00:14<00:30, 10.40it/s]
Epoch 27/50 [Train]:  32%|███▏      | 148/459 [00:14<00:30, 10.30it/s]
Epoch 27/50 [Train]:  33%|███▎      | 150/459 [00:14<00:30, 10.29it/s]
Epoch 27/50 [Train]:  33%|███▎      | 152/459 [00:14<00:29, 10.36it/s]
Epoch 27/50 [Train]:  34%|███▎      | 154/459 [00:14<00:29, 10.35it/s]
Epoch 27/50 [Train]:  34%|███▍      | 156/459 [00:14<00:29, 10.30it/s]
Epoch 27/50 [Train]:  34%|███▍      | 158/459 [00:15<00:28, 10.41it/s]
Epoch 27/50 [Train]:  35%|███▍      | 160/459 [00:15<00:28, 10.45it/s]
Epoch 27/50 [Train]:  35%|███▌      | 162/459 [00:15<00:28, 10.52it/s]
Epoch 27/50 [Train]:  36%|███▌      | 164/459 [00:15<00:27, 10.54it/s]
Epoch 27/50 [Train]:  36%|███▌      | 166/459 [00:15<00:27, 10.47it/s]
Epoch 27/50 [Train]:  37%|███▋      | 168/459 [00:16<00:27, 10.46it/s]
Epoch 27/50 [Train]:  37%|███▋      | 170/459 [00:16<00:27, 10.45it/s]
Epoch 27/50 [Train]:  37%|███▋      | 172/459 [00:16<00:27, 10.44it/s]
Epoch 27/50 [Train]:  38%|███▊      | 174/459 [00:16<00:27, 10.47it/s]
Epoch 27/50 [Train]:  38%|███▊      | 176/459 [00:16<00:27, 10.42it/s]
Epoch 27/50 [Train]:  39%|███▉      | 178/459 [00:17<00:26, 10.42it/s]
Epoch 27/50 [Train]:  39%|███▉      | 180/459 [00:17<00:26, 10.47it/s]
Epoch 27/50 [Train]:  40%|███▉      | 182/459 [00:17<00:26, 10.42it/s]
Epoch 27/50 [Train]:  40%|████      | 184/459 [00:17<00:26, 10.43it/s]
Epoch 27/50 [Train]:  41%|████      | 186/459 [00:17<00:26, 10.46it/s]
Epoch 27/50 [Train]:  41%|████      | 188/459 [00:18<00:25, 10.47it/s]
Epoch 27/50 [Train]:  41%|████▏     | 190/459 [00:18<00:25, 10.45it/s]
Epoch 27/50 [Train]:  42%|████▏     | 192/459 [00:18<00:25, 10.51it/s]
Epoch 27/50 [Train]:  42%|████▏     | 194/459 [00:18<00:25, 10.52it/s]
Epoch 27/50 [Train]:  43%|████▎     | 196/459 [00:18<00:25, 10.42it/s]
Epoch 27/50 [Train]:  43%|████▎     | 198/459 [00:19<00:25, 10.43it/s]
Epoch 27/50 [Train]:  44%|████▎     | 200/459 [00:19<00:24, 10.44it/s]
Epoch 27/50 [Train]:  44%|████▍     | 202/459 [00:19<00:24, 10.35it/s]
Epoch 27/50 [Train]:  44%|████▍     | 204/459 [00:19<00:24, 10.42it/s]
Epoch 27/50 [Train]:  45%|████▍     | 206/459 [00:19<00:24, 10.44it/s]
Epoch 27/50 [Train]:  45%|████▌     | 208/459 [00:19<00:24, 10.39it/s]
Epoch 27/50 [Train]:  46%|████▌     | 210/459 [00:20<00:23, 10.41it/s]
Epoch 27/50 [Train]:  46%|████▌     | 212/459 [00:20<00:23, 10.41it/s]
Epoch 27/50 [Train]:  47%|████▋     | 214/459 [00:20<00:23, 10.45it/s]
Epoch 27/50 [Train]:  47%|████▋     | 216/459 [00:20<00:23, 10.39it/s]
Epoch 27/50 [Train]:  47%|████▋     | 218/459 [00:20<00:23, 10.41it/s]
Epoch 27/50 [Train]:  48%|████▊     | 220/459 [00:21<00:23, 10.36it/s]
Epoch 27/50 [Train]:  48%|████▊     | 222/459 [00:21<00:22, 10.37it/s]
Epoch 27/50 [Train]:  49%|████▉     | 224/459 [00:21<00:22, 10.38it/s]
Epoch 27/50 [Train]:  49%|████▉     | 226/459 [00:21<00:22, 10.43it/s]
Epoch 27/50 [Train]:  50%|████▉     | 228/459 [00:21<00:22, 10.43it/s]
Epoch 27/50 [Train]:  50%|█████     | 230/459 [00:22<00:22, 10.40it/s]
Epoch 27/50 [Train]:  51%|█████     | 232/459 [00:22<00:21, 10.43it/s]
Epoch 27/50 [Train]:  51%|█████     | 234/459 [00:22<00:21, 10.45it/s]
Epoch 27/50 [Train]:  51%|█████▏    | 236/459 [00:22<00:21, 10.47it/s]
Epoch 27/50 [Train]:  52%|█████▏    | 238/459 [00:22<00:21, 10.33it/s]
Epoch 27/50 [Train]:  52%|█████▏    | 240/459 [00:23<00:21, 10.36it/s]
Epoch 27/50 [Train]:  53%|█████▎    | 242/459 [00:23<00:20, 10.45it/s]
Epoch 27/50 [Train]:  53%|█████▎    | 244/459 [00:23<00:20, 10.46it/s]
Epoch 27/50 [Train]:  54%|█████▎    | 246/459 [00:23<00:20, 10.50it/s]
Epoch 27/50 [Train]:  54%|█████▍    | 248/459 [00:23<00:20, 10.49it/s]
Epoch 27/50 [Train]:  54%|█████▍    | 250/459 [00:24<00:20, 10.33it/s]
Epoch 27/50 [Train]:  55%|█████▍    | 252/459 [00:24<00:20, 10.30it/s]
Epoch 27/50 [Train]:  55%|█████▌    | 254/459 [00:24<00:19, 10.34it/s]
Epoch 27/50 [Train]:  56%|█████▌    | 256/459 [00:24<00:19, 10.31it/s]
Epoch 27/50 [Train]:  56%|█████▌    | 258/459 [00:24<00:19, 10.25it/s]
Epoch 27/50 [Train]:  57%|█████▋    | 260/459 [00:24<00:19, 10.28it/s]
Epoch 27/50 [Train]:  57%|█████▋    | 262/459 [00:25<00:18, 10.38it/s]
Epoch 27/50 [Train]:  58%|█████▊    | 264/459 [00:25<00:18, 10.42it/s]
Epoch 27/50 [Train]:  58%|█████▊    | 266/459 [00:25<00:18, 10.49it/s]
Epoch 27/50 [Train]:  58%|█████▊    | 268/459 [00:25<00:18, 10.49it/s]
Epoch 27/50 [Train]:  59%|█████▉    | 270/459 [00:25<00:18, 10.47it/s]
Epoch 27/50 [Train]:  59%|█████▉    | 272/459 [00:26<00:17, 10.49it/s]
Epoch 27/50 [Train]:  60%|█████▉    | 274/459 [00:26<00:17, 10.50it/s]
Epoch 27/50 [Train]:  60%|██████    | 276/459 [00:26<00:17, 10.46it/s]
Epoch 27/50 [Train]:  61%|██████    | 278/459 [00:26<00:17, 10.44it/s]
Epoch 27/50 [Train]:  61%|██████    | 280/459 [00:26<00:17, 10.44it/s]
Epoch 27/50 [Train]:  61%|██████▏   | 282/459 [00:27<00:17, 10.41it/s]
Epoch 27/50 [Train]:  62%|██████▏   | 284/459 [00:27<00:16, 10.43it/s]
Epoch 27/50 [Train]:  62%|██████▏   | 286/459 [00:27<00:16, 10.45it/s]
Epoch 27/50 [Train]:  63%|██████▎   | 288/459 [00:27<00:16, 10.49it/s]
Epoch 27/50 [Train]:  63%|██████▎   | 290/459 [00:27<00:16, 10.32it/s]
Epoch 27/50 [Train]:  64%|██████▎   | 292/459 [00:28<00:16, 10.39it/s]
Epoch 27/50 [Train]:  64%|██████▍   | 294/459 [00:28<00:15, 10.45it/s]
Epoch 27/50 [Train]:  64%|██████▍   | 296/459 [00:28<00:15, 10.47it/s]
Epoch 27/50 [Train]:  65%|██████▍   | 298/459 [00:28<00:15, 10.49it/s]
Epoch 27/50 [Train]:  65%|██████▌   | 300/459 [00:28<00:15, 10.46it/s]
Epoch 27/50 [Train]:  66%|██████▌   | 302/459 [00:28<00:15, 10.45it/s]
Epoch 27/50 [Train]:  66%|██████▌   | 304/459 [00:29<00:14, 10.44it/s]
Epoch 27/50 [Train]:  67%|██████▋   | 306/459 [00:29<00:14, 10.48it/s]
Epoch 27/50 [Train]:  67%|██████▋   | 308/459 [00:29<00:14, 10.47it/s]
Epoch 27/50 [Train]:  68%|██████▊   | 310/459 [00:29<00:14, 10.42it/s]
Epoch 27/50 [Train]:  68%|██████▊   | 312/459 [00:29<00:14, 10.22it/s]
Epoch 27/50 [Train]:  68%|██████▊   | 314/459 [00:30<00:14, 10.33it/s]
Epoch 27/50 [Train]:  69%|██████▉   | 316/459 [00:30<00:13, 10.44it/s]
Epoch 27/50 [Train]:  69%|██████▉   | 318/459 [00:30<00:13, 10.43it/s]
Epoch 27/50 [Train]:  70%|██████▉   | 320/459 [00:30<00:13, 10.37it/s]
Epoch 27/50 [Train]:  70%|███████   | 322/459 [00:30<00:13, 10.39it/s]
Epoch 27/50 [Train]:  71%|███████   | 324/459 [00:31<00:12, 10.42it/s]
Epoch 27/50 [Train]:  71%|███████   | 326/459 [00:31<00:12, 10.43it/s]
Epoch 27/50 [Train]:  71%|███████▏  | 328/459 [00:31<00:12, 10.38it/s]
Epoch 27/50 [Train]:  72%|███████▏  | 330/459 [00:31<00:12, 10.41it/s]
Epoch 27/50 [Train]:  72%|███████▏  | 332/459 [00:31<00:12, 10.36it/s]
Epoch 27/50 [Train]:  73%|███████▎  | 334/459 [00:32<00:12, 10.20it/s]
Epoch 27/50 [Train]:  73%|███████▎  | 336/459 [00:32<00:11, 10.29it/s]
Epoch 27/50 [Train]:  74%|███████▎  | 338/459 [00:32<00:11, 10.29it/s]
Epoch 27/50 [Train]:  74%|███████▍  | 340/459 [00:32<00:11, 10.31it/s]
Epoch 27/50 [Train]:  75%|███████▍  | 342/459 [00:32<00:11, 10.34it/s]
Epoch 27/50 [Train]:  75%|███████▍  | 344/459 [00:33<00:11, 10.39it/s]
Epoch 27/50 [Train]:  75%|███████▌  | 346/459 [00:33<00:10, 10.47it/s]
Epoch 27/50 [Train]:  76%|███████▌  | 348/459 [00:33<00:10, 10.38it/s]
Epoch 27/50 [Train]:  76%|███████▋  | 350/459 [00:33<00:10, 10.49it/s]
Epoch 27/50 [Train]:  77%|███████▋  | 352/459 [00:33<00:10, 10.49it/s]
Epoch 27/50 [Train]:  77%|███████▋  | 354/459 [00:33<00:10, 10.48it/s]
Epoch 27/50 [Train]:  78%|███████▊  | 356/459 [00:34<00:09, 10.52it/s]
Epoch 27/50 [Train]:  78%|███████▊  | 358/459 [00:34<00:09, 10.56it/s]
Epoch 27/50 [Train]:  78%|███████▊  | 360/459 [00:34<00:09, 10.57it/s]
Epoch 27/50 [Train]:  79%|███████▉  | 362/459 [00:34<00:09, 10.60it/s]
Epoch 27/50 [Train]:  79%|███████▉  | 364/459 [00:34<00:09, 10.48it/s]
Epoch 27/50 [Train]:  80%|███████▉  | 366/459 [00:35<00:09,  9.97it/s]
Epoch 27/50 [Train]:  80%|████████  | 368/459 [00:35<00:08, 10.11it/s]
Epoch 27/50 [Train]:  81%|████████  | 370/459 [00:35<00:08, 10.24it/s]
Epoch 27/50 [Train]:  81%|████████  | 372/459 [00:35<00:08, 10.27it/s]
Epoch 27/50 [Train]:  81%|████████▏ | 374/459 [00:35<00:08, 10.34it/s]
Epoch 27/50 [Train]:  82%|████████▏ | 376/459 [00:36<00:08, 10.29it/s]
Epoch 27/50 [Train]:  82%|████████▏ | 378/459 [00:36<00:07, 10.41it/s]
Epoch 27/50 [Train]:  83%|████████▎ | 380/459 [00:36<00:07, 10.47it/s]
Epoch 27/50 [Train]:  83%|████████▎ | 382/459 [00:36<00:07, 10.45it/s]
Epoch 27/50 [Train]:  84%|████████▎ | 384/459 [00:36<00:07, 10.25it/s]
Epoch 27/50 [Train]:  84%|████████▍ | 386/459 [00:37<00:07, 10.32it/s]
Epoch 27/50 [Train]:  85%|████████▍ | 388/459 [00:37<00:06, 10.40it/s]
Epoch 27/50 [Train]:  85%|████████▍ | 390/459 [00:37<00:06, 10.43it/s]
Epoch 27/50 [Train]:  85%|████████▌ | 392/459 [00:37<00:06, 10.34it/s]
Epoch 27/50 [Train]:  86%|████████▌ | 394/459 [00:37<00:06, 10.38it/s]
Epoch 27/50 [Train]:  86%|████████▋ | 396/459 [00:38<00:06, 10.43it/s]
Epoch 27/50 [Train]:  87%|████████▋ | 398/459 [00:38<00:05, 10.48it/s]
Epoch 27/50 [Train]:  87%|████████▋ | 400/459 [00:38<00:05, 10.51it/s]
Epoch 27/50 [Train]:  88%|████████▊ | 402/459 [00:38<00:05, 10.51it/s]
Epoch 27/50 [Train]:  88%|████████▊ | 404/459 [00:38<00:05, 10.49it/s]
Epoch 27/50 [Train]:  88%|████████▊ | 406/459 [00:38<00:05, 10.51it/s]
Epoch 27/50 [Train]:  89%|████████▉ | 408/459 [00:39<00:04, 10.54it/s]
Epoch 27/50 [Train]:  89%|████████▉ | 410/459 [00:39<00:04, 10.52it/s]
Epoch 27/50 [Train]:  90%|████████▉ | 412/459 [00:39<00:04, 10.54it/s]
Epoch 27/50 [Train]:  90%|█████████ | 414/459 [00:39<00:04, 10.57it/s]
Epoch 27/50 [Train]:  91%|█████████ | 416/459 [00:39<00:04, 10.54it/s]
Epoch 27/50 [Train]:  91%|█████████ | 418/459 [00:40<00:03, 10.52it/s]
Epoch 27/50 [Train]:  92%|█████████▏| 420/459 [00:40<00:03, 10.50it/s]
Epoch 27/50 [Train]:  92%|█████████▏| 422/459 [00:40<00:03, 10.49it/s]
Epoch 27/50 [Train]:  92%|█████████▏| 424/459 [00:40<00:03, 10.52it/s]
Epoch 27/50 [Train]:  93%|█████████▎| 426/459 [00:40<00:03, 10.48it/s]
Epoch 27/50 [Train]:  93%|█████████▎| 428/459 [00:41<00:02, 10.52it/s]
Epoch 27/50 [Train]:  94%|█████████▎| 430/459 [00:41<00:02, 10.43it/s]
Epoch 27/50 [Train]:  94%|█████████▍| 432/459 [00:41<00:02, 10.42it/s]
Epoch 27/50 [Train]:  95%|█████████▍| 434/459 [00:41<00:02, 10.44it/s]
Epoch 27/50 [Train]:  95%|█████████▍| 436/459 [00:41<00:02, 10.45it/s]
Epoch 27/50 [Train]:  95%|█████████▌| 438/459 [00:42<00:02, 10.44it/s]
Epoch 27/50 [Train]:  96%|█████████▌| 440/459 [00:42<00:01, 10.47it/s]
Epoch 27/50 [Train]:  96%|█████████▋| 442/459 [00:42<00:01, 10.51it/s]
Epoch 27/50 [Train]:  97%|█████████▋| 444/459 [00:42<00:01, 10.54it/s]
Epoch 27/50 [Train]:  97%|█████████▋| 446/459 [00:42<00:01, 10.51it/s]
Epoch 27/50 [Train]:  98%|█████████▊| 448/459 [00:42<00:01, 10.50it/s]
Epoch 27/50 [Train]:  98%|█████████▊| 450/459 [00:43<00:00, 10.52it/s]
Epoch 27/50 [Train]:  98%|█████████▊| 452/459 [00:43<00:00, 10.57it/s]
Epoch 27/50 [Train]:  99%|█████████▉| 454/459 [00:43<00:00, 10.60it/s]
Epoch 27/50 [Train]:  99%|█████████▉| 456/459 [00:43<00:00, 10.52it/s]
Epoch 27/50 [Train]: 100%|█████████▉| 458/459 [00:43<00:00, 10.49it/s]
                                                                      

Epoch 27/50 [Val]:   0%|          | 0/113 [00:00<?, ?it/s]
Epoch 27/50 [Val]:   2%|▏         | 2/113 [00:00<00:07, 14.33it/s]
Epoch 27/50 [Val]:   4%|▎         | 4/113 [00:00<00:07, 14.43it/s]
Epoch 27/50 [Val]:   5%|▌         | 6/113 [00:00<00:07, 14.18it/s]
Epoch 27/50 [Val]:   7%|▋         | 8/113 [00:00<00:07, 14.38it/s]
Epoch 27/50 [Val]:   9%|▉         | 10/113 [00:00<00:07, 14.58it/s]
Epoch 27/50 [Val]:  11%|█         | 12/113 [00:00<00:07, 14.33it/s]
Epoch 27/50 [Val]:  12%|█▏        | 14/113 [00:00<00:06, 14.45it/s]
Epoch 27/50 [Val]:  14%|█▍        | 16/113 [00:01<00:06, 13.90it/s]
Epoch 27/50 [Val]:  16%|█▌        | 18/113 [00:01<00:06, 13.71it/s]
Epoch 27/50 [Val]:  18%|█▊        | 20/113 [00:01<00:06, 13.43it/s]
Epoch 27/50 [Val]:  19%|█▉        | 22/113 [00:01<00:06, 13.27it/s]
Epoch 27/50 [Val]:  21%|██        | 24/113 [00:01<00:06, 13.05it/s]
Epoch 27/50 [Val]:  23%|██▎       | 26/113 [00:01<00:06, 13.11it/s]
Epoch 27/50 [Val]:  25%|██▍       | 28/113 [00:02<00:06, 13.30it/s]
Epoch 27/50 [Val]:  27%|██▋       | 30/113 [00:02<00:06, 13.49it/s]
Epoch 27/50 [Val]:  28%|██▊       | 32/113 [00:02<00:05, 13.62it/s]
Epoch 27/50 [Val]:  30%|███       | 34/113 [00:02<00:05, 13.78it/s]
Epoch 27/50 [Val]:  32%|███▏      | 36/113 [00:02<00:05, 13.95it/s]
Epoch 27/50 [Val]:  34%|███▎      | 38/113 [00:02<00:05, 14.12it/s]
Epoch 27/50 [Val]:  35%|███▌      | 40/113 [00:02<00:05, 14.13it/s]
Epoch 27/50 [Val]:  37%|███▋      | 42/113 [00:03<00:04, 14.21it/s]
Epoch 27/50 [Val]:  39%|███▉      | 44/113 [00:03<00:04, 14.08it/s]
Epoch 27/50 [Val]:  41%|████      | 46/113 [00:03<00:04, 13.96it/s]
Epoch 27/50 [Val]:  42%|████▏     | 48/113 [00:03<00:04, 14.12it/s]
Epoch 27/50 [Val]:  44%|████▍     | 50/113 [00:03<00:04, 14.32it/s]
Epoch 27/50 [Val]:  46%|████▌     | 52/113 [00:03<00:04, 14.22it/s]
Epoch 27/50 [Val]:  48%|████▊     | 54/113 [00:03<00:04, 14.38it/s]
Epoch 27/50 [Val]:  50%|████▉     | 56/113 [00:04<00:03, 14.37it/s]
Epoch 27/50 [Val]:  51%|█████▏    | 58/113 [00:04<00:03, 14.00it/s]
Epoch 27/50 [Val]:  53%|█████▎    | 60/113 [00:04<00:03, 14.38it/s]
Epoch 27/50 [Val]:  55%|█████▍    | 62/113 [00:04<00:03, 14.28it/s]
Epoch 27/50 [Val]:  57%|█████▋    | 64/113 [00:04<00:03, 14.35it/s]
Epoch 27/50 [Val]:  58%|█████▊    | 66/113 [00:04<00:03, 14.01it/s]
Epoch 27/50 [Val]:  60%|██████    | 68/113 [00:04<00:03, 13.94it/s]
Epoch 27/50 [Val]:  62%|██████▏   | 70/113 [00:05<00:03, 14.02it/s]
Epoch 27/50 [Val]:  64%|██████▎   | 72/113 [00:05<00:02, 14.07it/s]
Epoch 27/50 [Val]:  65%|██████▌   | 74/113 [00:05<00:02, 14.33it/s]
Epoch 27/50 [Val]:  67%|██████▋   | 76/113 [00:05<00:02, 14.53it/s]
Epoch 27/50 [Val]:  69%|██████▉   | 78/113 [00:05<00:02, 14.53it/s]
Epoch 27/50 [Val]:  71%|███████   | 80/113 [00:05<00:02, 14.43it/s]
Epoch 27/50 [Val]:  73%|███████▎  | 82/113 [00:05<00:02, 14.33it/s]
Epoch 27/50 [Val]:  74%|███████▍  | 84/113 [00:05<00:02, 14.42it/s]
Epoch 27/50 [Val]:  76%|███████▌  | 86/113 [00:06<00:01, 14.40it/s]
Epoch 27/50 [Val]:  78%|███████▊  | 88/113 [00:06<00:01, 14.28it/s]
Epoch 27/50 [Val]:  80%|███████▉  | 90/113 [00:06<00:01, 14.50it/s]
Epoch 27/50 [Val]:  81%|████████▏ | 92/113 [00:06<00:01, 14.58it/s]
Epoch 27/50 [Val]:  83%|████████▎ | 94/113 [00:06<00:01, 14.58it/s]
Epoch 27/50 [Val]:  85%|████████▍ | 96/113 [00:06<00:01, 14.63it/s]
Epoch 27/50 [Val]:  87%|████████▋ | 98/113 [00:06<00:01, 14.49it/s]
Epoch 27/50 [Val]:  88%|████████▊ | 100/113 [00:07<00:00, 14.17it/s]
Epoch 27/50 [Val]:  90%|█████████ | 102/113 [00:07<00:00, 14.03it/s]
Epoch 27/50 [Val]:  92%|█████████▏| 104/113 [00:07<00:00, 14.38it/s]
Epoch 27/50 [Val]:  94%|█████████▍| 106/113 [00:07<00:00, 14.55it/s]
Epoch 27/50 [Val]:  96%|█████████▌| 108/113 [00:07<00:00, 14.77it/s]
Epoch 27/50 [Val]:  97%|█████████▋| 110/113 [00:07<00:00, 14.69it/s]
Epoch 27/50 [Val]:  99%|█████████▉| 112/113 [00:07<00:00, 14.70it/s]
                                                                    

Epoch 28/50 [Train]:   0%|          | 0/459 [00:00<?, ?it/s]
Epoch 28/50 [Train]:   0%|          | 1/459 [00:00<00:46,  9.85it/s]
Epoch 28/50 [Train]:   1%|          | 3/459 [00:00<00:44, 10.20it/s]
Epoch 28/50 [Train]:   1%|          | 5/459 [00:00<00:43, 10.37it/s]
Epoch 28/50 [Train]:   2%|▏         | 7/459 [00:00<00:43, 10.51it/s]
Epoch 28/50 [Train]:   2%|▏         | 9/459 [00:00<00:43, 10.44it/s]
Epoch 28/50 [Train]:   2%|▏         | 11/459 [00:01<00:42, 10.43it/s]
Epoch 28/50 [Train]:   3%|▎         | 13/459 [00:01<00:42, 10.50it/s]
Epoch 28/50 [Train]:   3%|▎         | 15/459 [00:01<00:42, 10.52it/s]
Epoch 28/50 [Train]:   4%|▎         | 17/459 [00:01<00:41, 10.55it/s]
Epoch 28/50 [Train]:   4%|▍         | 19/459 [00:01<00:42, 10.37it/s]
Epoch 28/50 [Train]:   5%|▍         | 21/459 [00:02<00:41, 10.44it/s]
Epoch 28/50 [Train]:   5%|▌         | 23/459 [00:02<00:41, 10.43it/s]
Epoch 28/50 [Train]:   5%|▌         | 25/459 [00:02<00:41, 10.37it/s]
Epoch 28/50 [Train]:   6%|▌         | 27/459 [00:02<00:42, 10.21it/s]
Epoch 28/50 [Train]:   6%|▋         | 29/459 [00:02<00:41, 10.26it/s]
Epoch 28/50 [Train]:   7%|▋         | 31/459 [00:02<00:42, 10.19it/s]
Epoch 28/50 [Train]:   7%|▋         | 33/459 [00:03<00:41, 10.19it/s]
Epoch 28/50 [Train]:   8%|▊         | 35/459 [00:03<00:41, 10.17it/s]
Epoch 28/50 [Train]:   8%|▊         | 37/459 [00:03<00:40, 10.31it/s]
Epoch 28/50 [Train]:   8%|▊         | 39/459 [00:03<00:40, 10.35it/s]
Epoch 28/50 [Train]:   9%|▉         | 41/459 [00:03<00:40, 10.40it/s]
Epoch 28/50 [Train]:   9%|▉         | 43/459 [00:04<00:39, 10.43it/s]
Epoch 28/50 [Train]:  10%|▉         | 45/459 [00:04<00:40, 10.24it/s]
Epoch 28/50 [Train]:  10%|█         | 47/459 [00:04<00:40, 10.27it/s]
Epoch 28/50 [Train]:  11%|█         | 49/459 [00:04<00:39, 10.32it/s]
Epoch 28/50 [Train]:  11%|█         | 51/459 [00:04<00:39, 10.31it/s]
Epoch 28/50 [Train]:  12%|█▏        | 53/459 [00:05<00:39, 10.35it/s]
Epoch 28/50 [Train]:  12%|█▏        | 55/459 [00:05<00:39, 10.32it/s]
Epoch 28/50 [Train]:  12%|█▏        | 57/459 [00:05<00:39, 10.30it/s]
Epoch 28/50 [Train]:  13%|█▎        | 59/459 [00:05<00:38, 10.29it/s]
Epoch 28/50 [Train]:  13%|█▎        | 61/459 [00:05<00:38, 10.34it/s]
Epoch 28/50 [Train]:  14%|█▎        | 63/459 [00:06<00:38, 10.27it/s]
Epoch 28/50 [Train]:  14%|█▍        | 65/459 [00:06<00:38, 10.26it/s]
Epoch 28/50 [Train]:  15%|█▍        | 67/459 [00:06<00:38, 10.31it/s]
Epoch 28/50 [Train]:  15%|█▌        | 69/459 [00:06<00:38, 10.12it/s]
Epoch 28/50 [Train]:  15%|█▌        | 71/459 [00:06<00:38, 10.04it/s]
Epoch 28/50 [Train]:  16%|█▌        | 73/459 [00:07<00:38,  9.93it/s]
Epoch 28/50 [Train]:  16%|█▌        | 74/459 [00:07<00:38,  9.93it/s]
Epoch 28/50 [Train]:  16%|█▋        | 75/459 [00:07<00:38,  9.86it/s]
Epoch 28/50 [Train]:  17%|█▋        | 77/459 [00:07<00:37, 10.09it/s]
Epoch 28/50 [Train]:  17%|█▋        | 79/459 [00:07<00:37, 10.27it/s]
Epoch 28/50 [Train]:  18%|█▊        | 81/459 [00:07<00:36, 10.31it/s]
Epoch 28/50 [Train]:  18%|█▊        | 83/459 [00:08<00:36, 10.38it/s]
Epoch 28/50 [Train]:  19%|█▊        | 85/459 [00:08<00:35, 10.40it/s]
Epoch 28/50 [Train]:  19%|█▉        | 87/459 [00:08<00:35, 10.39it/s]
Epoch 28/50 [Train]:  19%|█▉        | 89/459 [00:08<00:35, 10.42it/s]
Epoch 28/50 [Train]:  20%|█▉        | 91/459 [00:08<00:35, 10.27it/s]
Epoch 28/50 [Train]:  20%|██        | 93/459 [00:09<00:35, 10.32it/s]
Epoch 28/50 [Train]:  21%|██        | 95/459 [00:09<00:35, 10.26it/s]
Epoch 28/50 [Train]:  21%|██        | 97/459 [00:09<00:35, 10.21it/s]
Epoch 28/50 [Train]:  22%|██▏       | 99/459 [00:09<00:35, 10.26it/s]
Epoch 28/50 [Train]:  22%|██▏       | 101/459 [00:09<00:34, 10.31it/s]
Epoch 28/50 [Train]:  22%|██▏       | 103/459 [00:10<00:34, 10.32it/s]
Epoch 28/50 [Train]:  23%|██▎       | 105/459 [00:10<00:34, 10.39it/s]
Epoch 28/50 [Train]:  23%|██▎       | 107/459 [00:10<00:33, 10.38it/s]
Epoch 28/50 [Train]:  24%|██▎       | 109/459 [00:10<00:33, 10.37it/s]
Epoch 28/50 [Train]:  24%|██▍       | 111/459 [00:10<00:33, 10.37it/s]
Epoch 28/50 [Train]:  25%|██▍       | 113/459 [00:10<00:33, 10.42it/s]
Epoch 28/50 [Train]:  25%|██▌       | 115/459 [00:11<00:32, 10.43it/s]
Epoch 28/50 [Train]:  25%|██▌       | 117/459 [00:11<00:32, 10.46it/s]
Epoch 28/50 [Train]:  26%|██▌       | 119/459 [00:11<00:32, 10.50it/s]
Epoch 28/50 [Train]:  26%|██▋       | 121/459 [00:11<00:32, 10.45it/s]
Epoch 28/50 [Train]:  27%|██▋       | 123/459 [00:11<00:32, 10.36it/s]
Epoch 28/50 [Train]:  27%|██▋       | 125/459 [00:12<00:32, 10.33it/s]
Epoch 28/50 [Train]:  28%|██▊       | 127/459 [00:12<00:32, 10.33it/s]
Epoch 28/50 [Train]:  28%|██▊       | 129/459 [00:12<00:31, 10.32it/s]
Epoch 28/50 [Train]:  29%|██▊       | 131/459 [00:12<00:31, 10.34it/s]
Epoch 28/50 [Train]:  29%|██▉       | 133/459 [00:12<00:31, 10.40it/s]
Epoch 28/50 [Train]:  29%|██▉       | 135/459 [00:13<00:31, 10.39it/s]
Epoch 28/50 [Train]:  30%|██▉       | 137/459 [00:13<00:31, 10.36it/s]
Epoch 28/50 [Train]:  30%|███       | 139/459 [00:13<00:31, 10.32it/s]
Epoch 28/50 [Train]:  31%|███       | 141/459 [00:13<00:30, 10.30it/s]
Epoch 28/50 [Train]:  31%|███       | 143/459 [00:13<00:30, 10.32it/s]
Epoch 28/50 [Train]:  32%|███▏      | 145/459 [00:14<00:30, 10.29it/s]
Epoch 28/50 [Train]:  32%|███▏      | 147/459 [00:14<00:30, 10.30it/s]
Epoch 28/50 [Train]:  32%|███▏      | 149/459 [00:14<00:30, 10.23it/s]
Epoch 28/50 [Train]:  33%|███▎      | 151/459 [00:14<00:29, 10.28it/s]
Epoch 28/50 [Train]:  33%|███▎      | 153/459 [00:14<00:29, 10.24it/s]
Epoch 28/50 [Train]:  34%|███▍      | 155/459 [00:15<00:29, 10.25it/s]
Epoch 28/50 [Train]:  34%|███▍      | 157/459 [00:15<00:29, 10.26it/s]
Epoch 28/50 [Train]:  35%|███▍      | 159/459 [00:15<00:29, 10.30it/s]
Epoch 28/50 [Train]:  35%|███▌      | 161/459 [00:15<00:29, 10.27it/s]
Epoch 28/50 [Train]:  36%|███▌      | 163/459 [00:15<00:28, 10.32it/s]
Epoch 28/50 [Train]:  36%|███▌      | 165/459 [00:16<00:28, 10.22it/s]
Epoch 28/50 [Train]:  36%|███▋      | 167/459 [00:16<00:28, 10.31it/s]
Epoch 28/50 [Train]:  37%|███▋      | 169/459 [00:16<00:28, 10.30it/s]
Epoch 28/50 [Train]:  37%|███▋      | 171/459 [00:16<00:27, 10.33it/s]
Epoch 28/50 [Train]:  38%|███▊      | 173/459 [00:16<00:27, 10.32it/s]
Epoch 28/50 [Train]:  38%|███▊      | 175/459 [00:16<00:27, 10.30it/s]
Epoch 28/50 [Train]:  39%|███▊      | 177/459 [00:17<00:27, 10.29it/s]
Epoch 28/50 [Train]:  39%|███▉      | 179/459 [00:17<00:27, 10.22it/s]
Epoch 28/50 [Train]:  39%|███▉      | 181/459 [00:17<00:27, 10.26it/s]
Epoch 28/50 [Train]:  40%|███▉      | 183/459 [00:17<00:26, 10.31it/s]
Epoch 28/50 [Train]:  40%|████      | 185/459 [00:17<00:26, 10.38it/s]
Epoch 28/50 [Train]:  41%|████      | 187/459 [00:18<00:26, 10.38it/s]
Epoch 28/50 [Train]:  41%|████      | 189/459 [00:18<00:26, 10.30it/s]
Epoch 28/50 [Train]:  42%|████▏     | 191/459 [00:18<00:26, 10.23it/s]
Epoch 28/50 [Train]:  42%|████▏     | 193/459 [00:18<00:25, 10.28it/s]
Epoch 28/50 [Train]:  42%|████▏     | 195/459 [00:18<00:25, 10.35it/s]
Epoch 28/50 [Train]:  43%|████▎     | 197/459 [00:19<00:25, 10.30it/s]
Epoch 28/50 [Train]:  43%|████▎     | 199/459 [00:19<00:25, 10.22it/s]
Epoch 28/50 [Train]:  44%|████▍     | 201/459 [00:19<00:25, 10.26it/s]
Epoch 28/50 [Train]:  44%|████▍     | 203/459 [00:19<00:25, 10.18it/s]
Epoch 28/50 [Train]:  45%|████▍     | 205/459 [00:19<00:24, 10.21it/s]
Epoch 28/50 [Train]:  45%|████▌     | 207/459 [00:20<00:24, 10.24it/s]
Epoch 28/50 [Train]:  46%|████▌     | 209/459 [00:20<00:24, 10.31it/s]
Epoch 28/50 [Train]:  46%|████▌     | 211/459 [00:20<00:23, 10.35it/s]
Epoch 28/50 [Train]:  46%|████▋     | 213/459 [00:20<00:23, 10.36it/s]
Epoch 28/50 [Train]:  47%|████▋     | 215/459 [00:20<00:23, 10.28it/s]
Epoch 28/50 [Train]:  47%|████▋     | 217/459 [00:21<00:23, 10.35it/s]
Epoch 28/50 [Train]:  48%|████▊     | 219/459 [00:21<00:23, 10.38it/s]
Epoch 28/50 [Train]:  48%|████▊     | 221/459 [00:21<00:23, 10.31it/s]
Epoch 28/50 [Train]:  49%|████▊     | 223/459 [00:21<00:22, 10.31it/s]
Epoch 28/50 [Train]:  49%|████▉     | 225/459 [00:21<00:22, 10.23it/s]
Epoch 28/50 [Train]:  49%|████▉     | 227/459 [00:22<00:22, 10.27it/s]
Epoch 28/50 [Train]:  50%|████▉     | 229/459 [00:22<00:22, 10.24it/s]
Epoch 28/50 [Train]:  50%|█████     | 231/459 [00:22<00:22, 10.25it/s]
Epoch 28/50 [Train]:  51%|█████     | 233/459 [00:22<00:21, 10.29it/s]
Epoch 28/50 [Train]:  51%|█████     | 235/459 [00:22<00:21, 10.28it/s]
Epoch 28/50 [Train]:  52%|█████▏    | 237/459 [00:23<00:21, 10.25it/s]
Epoch 28/50 [Train]:  52%|█████▏    | 239/459 [00:23<00:21, 10.16it/s]
Epoch 28/50 [Train]:  53%|█████▎    | 241/459 [00:23<00:21, 10.22it/s]
Epoch 28/50 [Train]:  53%|█████▎    | 243/459 [00:23<00:20, 10.35it/s]
Epoch 28/50 [Train]:  53%|█████▎    | 245/459 [00:23<00:20, 10.41it/s]
Epoch 28/50 [Train]:  54%|█████▍    | 247/459 [00:23<00:20, 10.32it/s]
Epoch 28/50 [Train]:  54%|█████▍    | 249/459 [00:24<00:20, 10.34it/s]
Epoch 28/50 [Train]:  55%|█████▍    | 251/459 [00:24<00:19, 10.42it/s]
Epoch 28/50 [Train]:  55%|█████▌    | 253/459 [00:24<00:19, 10.46it/s]
Epoch 28/50 [Train]:  56%|█████▌    | 255/459 [00:24<00:19, 10.47it/s]
Epoch 28/50 [Train]:  56%|█████▌    | 257/459 [00:24<00:19, 10.50it/s]
Epoch 28/50 [Train]:  56%|█████▋    | 259/459 [00:25<00:19, 10.44it/s]
Epoch 28/50 [Train]:  57%|█████▋    | 261/459 [00:25<00:19, 10.34it/s]
Epoch 28/50 [Train]:  57%|█████▋    | 263/459 [00:25<00:19, 10.28it/s]
Epoch 28/50 [Train]:  58%|█████▊    | 265/459 [00:25<00:18, 10.32it/s]
Epoch 28/50 [Train]:  58%|█████▊    | 267/459 [00:25<00:18, 10.29it/s]
Epoch 28/50 [Train]:  59%|█████▊    | 269/459 [00:26<00:18, 10.37it/s]
Epoch 28/50 [Train]:  59%|█████▉    | 271/459 [00:26<00:18, 10.40it/s]
Epoch 28/50 [Train]:  59%|█████▉    | 273/459 [00:26<00:17, 10.41it/s]
Epoch 28/50 [Train]:  60%|█████▉    | 275/459 [00:26<00:17, 10.41it/s]
Epoch 28/50 [Train]:  60%|██████    | 277/459 [00:26<00:17, 10.28it/s]
Epoch 28/50 [Train]:  61%|██████    | 279/459 [00:27<00:17, 10.31it/s]
Epoch 28/50 [Train]:  61%|██████    | 281/459 [00:27<00:17, 10.26it/s]
Epoch 28/50 [Train]:  62%|██████▏   | 283/459 [00:27<00:17, 10.27it/s]
Epoch 28/50 [Train]:  62%|██████▏   | 285/459 [00:27<00:17, 10.16it/s]
Epoch 28/50 [Train]:  63%|██████▎   | 287/459 [00:27<00:16, 10.14it/s]
Epoch 28/50 [Train]:  63%|██████▎   | 289/459 [00:28<00:16, 10.26it/s]
Epoch 28/50 [Train]:  63%|██████▎   | 291/459 [00:28<00:16, 10.26it/s]
Epoch 28/50 [Train]:  64%|██████▍   | 293/459 [00:28<00:16, 10.31it/s]
Epoch 28/50 [Train]:  64%|██████▍   | 295/459 [00:28<00:15, 10.35it/s]
Epoch 28/50 [Train]:  65%|██████▍   | 297/459 [00:28<00:15, 10.33it/s]
Epoch 28/50 [Train]:  65%|██████▌   | 299/459 [00:29<00:15, 10.36it/s]
Epoch 28/50 [Train]:  66%|██████▌   | 301/459 [00:29<00:15, 10.35it/s]
Epoch 28/50 [Train]:  66%|██████▌   | 303/459 [00:29<00:15, 10.38it/s]
Epoch 28/50 [Train]:  66%|██████▋   | 305/459 [00:29<00:15, 10.27it/s]
Epoch 28/50 [Train]:  67%|██████▋   | 307/459 [00:29<00:14, 10.31it/s]
Epoch 28/50 [Train]:  67%|██████▋   | 309/459 [00:29<00:14, 10.38it/s]
Epoch 28/50 [Train]:  68%|██████▊   | 311/459 [00:30<00:14, 10.33it/s]
Epoch 28/50 [Train]:  68%|██████▊   | 313/459 [00:30<00:14, 10.34it/s]
Epoch 28/50 [Train]:  69%|██████▊   | 315/459 [00:30<00:13, 10.42it/s]
Epoch 28/50 [Train]:  69%|██████▉   | 317/459 [00:30<00:13, 10.33it/s]
Epoch 28/50 [Train]:  69%|██████▉   | 319/459 [00:30<00:13, 10.32it/s]
Epoch 28/50 [Train]:  70%|██████▉   | 321/459 [00:31<00:13, 10.36it/s]
Epoch 28/50 [Train]:  70%|███████   | 323/459 [00:31<00:13, 10.39it/s]
Epoch 28/50 [Train]:  71%|███████   | 325/459 [00:31<00:13, 10.31it/s]
Epoch 28/50 [Train]:  71%|███████   | 327/459 [00:31<00:12, 10.20it/s]
Epoch 28/50 [Train]:  72%|███████▏  | 329/459 [00:31<00:12, 10.26it/s]
Epoch 28/50 [Train]:  72%|███████▏  | 331/459 [00:32<00:12, 10.13it/s]
Epoch 28/50 [Train]:  73%|███████▎  | 333/459 [00:32<00:12, 10.18it/s]
Epoch 28/50 [Train]:  73%|███████▎  | 335/459 [00:32<00:12, 10.18it/s]
Epoch 28/50 [Train]:  73%|███████▎  | 337/459 [00:32<00:11, 10.25it/s]
Epoch 28/50 [Train]:  74%|███████▍  | 339/459 [00:32<00:11, 10.08it/s]
Epoch 28/50 [Train]:  74%|███████▍  | 341/459 [00:33<00:11, 10.19it/s]
Epoch 28/50 [Train]:  75%|███████▍  | 343/459 [00:33<00:11, 10.24it/s]
Epoch 28/50 [Train]:  75%|███████▌  | 345/459 [00:33<00:11, 10.33it/s]
Epoch 28/50 [Train]:  76%|███████▌  | 347/459 [00:33<00:10, 10.26it/s]
Epoch 28/50 [Train]:  76%|███████▌  | 349/459 [00:33<00:10, 10.29it/s]
Epoch 28/50 [Train]:  76%|███████▋  | 351/459 [00:34<00:10, 10.26it/s]
Epoch 28/50 [Train]:  77%|███████▋  | 353/459 [00:34<00:10, 10.21it/s]
Epoch 28/50 [Train]:  77%|███████▋  | 355/459 [00:34<00:10, 10.25it/s]
Epoch 28/50 [Train]:  78%|███████▊  | 357/459 [00:34<00:10, 10.11it/s]
Epoch 28/50 [Train]:  78%|███████▊  | 359/459 [00:34<00:09, 10.11it/s]
Epoch 28/50 [Train]:  79%|███████▊  | 361/459 [00:35<00:09, 10.22it/s]
Epoch 28/50 [Train]:  79%|███████▉  | 363/459 [00:35<00:09, 10.31it/s]
Epoch 28/50 [Train]:  80%|███████▉  | 365/459 [00:35<00:09, 10.31it/s]
Epoch 28/50 [Train]:  80%|███████▉  | 367/459 [00:35<00:08, 10.35it/s]
Epoch 28/50 [Train]:  80%|████████  | 369/459 [00:35<00:08, 10.39it/s]
Epoch 28/50 [Train]:  81%|████████  | 371/459 [00:36<00:08, 10.26it/s]
Epoch 28/50 [Train]:  81%|████████▏ | 373/459 [00:36<00:08, 10.31it/s]
Epoch 28/50 [Train]:  82%|████████▏ | 375/459 [00:36<00:08, 10.34it/s]
Epoch 28/50 [Train]:  82%|████████▏ | 377/459 [00:36<00:07, 10.40it/s]
Epoch 28/50 [Train]:  83%|████████▎ | 379/459 [00:36<00:07, 10.43it/s]
Epoch 28/50 [Train]:  83%|████████▎ | 381/459 [00:36<00:07, 10.25it/s]
Epoch 28/50 [Train]:  83%|████████▎ | 383/459 [00:37<00:07, 10.35it/s]
Epoch 28/50 [Train]:  84%|████████▍ | 385/459 [00:37<00:07, 10.39it/s]
Epoch 28/50 [Train]:  84%|████████▍ | 387/459 [00:37<00:06, 10.34it/s]
Epoch 28/50 [Train]:  85%|████████▍ | 389/459 [00:37<00:06, 10.33it/s]
Epoch 28/50 [Train]:  85%|████████▌ | 391/459 [00:37<00:06, 10.29it/s]
Epoch 28/50 [Train]:  86%|████████▌ | 393/459 [00:38<00:06, 10.31it/s]
Epoch 28/50 [Train]:  86%|████████▌ | 395/459 [00:38<00:06, 10.33it/s]
Epoch 28/50 [Train]:  86%|████████▋ | 397/459 [00:38<00:05, 10.35it/s]
Epoch 28/50 [Train]:  87%|████████▋ | 399/459 [00:38<00:05, 10.42it/s]
Epoch 28/50 [Train]:  87%|████████▋ | 401/459 [00:38<00:05, 10.32it/s]
Epoch 28/50 [Train]:  88%|████████▊ | 403/459 [00:39<00:05, 10.33it/s]
Epoch 28/50 [Train]:  88%|████████▊ | 405/459 [00:39<00:05, 10.32it/s]
Epoch 28/50 [Train]:  89%|████████▊ | 407/459 [00:39<00:05, 10.30it/s]
Epoch 28/50 [Train]:  89%|████████▉ | 409/459 [00:39<00:04, 10.38it/s]
Epoch 28/50 [Train]:  90%|████████▉ | 411/459 [00:39<00:04, 10.19it/s]
Epoch 28/50 [Train]:  90%|████████▉ | 413/459 [00:40<00:04, 10.20it/s]
Epoch 28/50 [Train]:  90%|█████████ | 415/459 [00:40<00:04, 10.24it/s]
Epoch 28/50 [Train]:  91%|█████████ | 417/459 [00:40<00:04, 10.30it/s]
Epoch 28/50 [Train]:  91%|█████████▏| 419/459 [00:40<00:03, 10.29it/s]
Epoch 28/50 [Train]:  92%|█████████▏| 421/459 [00:40<00:03, 10.25it/s]
Epoch 28/50 [Train]:  92%|█████████▏| 423/459 [00:41<00:03, 10.25it/s]
Epoch 28/50 [Train]:  93%|█████████▎| 425/459 [00:41<00:03, 10.29it/s]
Epoch 28/50 [Train]:  93%|█████████▎| 427/459 [00:41<00:03, 10.34it/s]
Epoch 28/50 [Train]:  93%|█████████▎| 429/459 [00:41<00:02, 10.38it/s]
Epoch 28/50 [Train]:  94%|█████████▍| 431/459 [00:41<00:02, 10.34it/s]
Epoch 28/50 [Train]:  94%|█████████▍| 433/459 [00:42<00:02, 10.38it/s]
Epoch 28/50 [Train]:  95%|█████████▍| 435/459 [00:42<00:02, 10.37it/s]
Epoch 28/50 [Train]:  95%|█████████▌| 437/459 [00:42<00:02, 10.41it/s]
Epoch 28/50 [Train]:  96%|█████████▌| 439/459 [00:42<00:01, 10.44it/s]
Epoch 28/50 [Train]:  96%|█████████▌| 441/459 [00:42<00:01, 10.45it/s]
Epoch 28/50 [Train]:  97%|█████████▋| 443/459 [00:42<00:01, 10.51it/s]
Epoch 28/50 [Train]:  97%|█████████▋| 445/459 [00:43<00:01, 10.50it/s]
Epoch 28/50 [Train]:  97%|█████████▋| 447/459 [00:43<00:01, 10.45it/s]
Epoch 28/50 [Train]:  98%|█████████▊| 449/459 [00:43<00:00, 10.38it/s]
Epoch 28/50 [Train]:  98%|█████████▊| 451/459 [00:43<00:00, 10.44it/s]
Epoch 28/50 [Train]:  99%|█████████▊| 453/459 [00:43<00:00, 10.43it/s]
Epoch 28/50 [Train]:  99%|█████████▉| 455/459 [00:44<00:00, 10.24it/s]
Epoch 28/50 [Train]: 100%|█████████▉| 457/459 [00:44<00:00, 10.33it/s]
Epoch 28/50 [Train]: 100%|██████████| 459/459 [00:44<00:00, 10.33it/s]
                                                                      

Epoch 28/50 [Val]:   0%|          | 0/113 [00:00<?, ?it/s]
Epoch 28/50 [Val]:   2%|▏         | 2/113 [00:00<00:07, 14.18it/s]
Epoch 28/50 [Val]:   4%|▎         | 4/113 [00:00<00:07, 13.99it/s]
Epoch 28/50 [Val]:   5%|▌         | 6/113 [00:00<00:07, 13.99it/s]
Epoch 28/50 [Val]:   7%|▋         | 8/113 [00:00<00:07, 14.14it/s]
Epoch 28/50 [Val]:   9%|▉         | 10/113 [00:00<00:07, 14.32it/s]
Epoch 28/50 [Val]:  11%|█         | 12/113 [00:00<00:07, 14.43it/s]
Epoch 28/50 [Val]:  12%|█▏        | 14/113 [00:00<00:06, 14.41it/s]
Epoch 28/50 [Val]:  14%|█▍        | 16/113 [00:01<00:06, 13.93it/s]
Epoch 28/50 [Val]:  16%|█▌        | 18/113 [00:01<00:07, 13.56it/s]
Epoch 28/50 [Val]:  18%|█▊        | 20/113 [00:01<00:07, 13.18it/s]
Epoch 28/50 [Val]:  19%|█▉        | 22/113 [00:01<00:06, 13.00it/s]
Epoch 28/50 [Val]:  21%|██        | 24/113 [00:01<00:06, 12.94it/s]
Epoch 28/50 [Val]:  23%|██▎       | 26/113 [00:01<00:06, 13.14it/s]
Epoch 28/50 [Val]:  25%|██▍       | 28/113 [00:02<00:06, 13.37it/s]
Epoch 28/50 [Val]:  27%|██▋       | 30/113 [00:02<00:06, 13.51it/s]
Epoch 28/50 [Val]:  28%|██▊       | 32/113 [00:02<00:06, 13.34it/s]
Epoch 28/50 [Val]:  30%|███       | 34/113 [00:02<00:05, 13.60it/s]
Epoch 28/50 [Val]:  32%|███▏      | 36/113 [00:02<00:05, 13.75it/s]
Epoch 28/50 [Val]:  34%|███▎      | 38/113 [00:02<00:05, 13.84it/s]
Epoch 28/50 [Val]:  35%|███▌      | 40/113 [00:02<00:05, 14.03it/s]
Epoch 28/50 [Val]:  37%|███▋      | 42/113 [00:03<00:05, 14.03it/s]
Epoch 28/50 [Val]:  39%|███▉      | 44/113 [00:03<00:04, 14.05it/s]
Epoch 28/50 [Val]:  41%|████      | 46/113 [00:03<00:04, 13.84it/s]
Epoch 28/50 [Val]:  42%|████▏     | 48/113 [00:03<00:04, 13.99it/s]
Epoch 28/50 [Val]:  44%|████▍     | 50/113 [00:03<00:04, 14.03it/s]
Epoch 28/50 [Val]:  46%|████▌     | 52/113 [00:03<00:04, 14.04it/s]
Epoch 28/50 [Val]:  48%|████▊     | 54/113 [00:03<00:04, 14.14it/s]
Epoch 28/50 [Val]:  50%|████▉     | 56/113 [00:04<00:04, 14.23it/s]
Epoch 28/50 [Val]:  51%|█████▏    | 58/113 [00:04<00:03, 13.86it/s]
Epoch 28/50 [Val]:  53%|█████▎    | 60/113 [00:04<00:03, 14.01it/s]
Epoch 28/50 [Val]:  55%|█████▍    | 62/113 [00:04<00:03, 13.96it/s]
Epoch 28/50 [Val]:  57%|█████▋    | 64/113 [00:04<00:03, 13.88it/s]
Epoch 28/50 [Val]:  58%|█████▊    | 66/113 [00:04<00:03, 13.77it/s]
Epoch 28/50 [Val]:  60%|██████    | 68/113 [00:04<00:03, 13.80it/s]
Epoch 28/50 [Val]:  62%|██████▏   | 70/113 [00:05<00:03, 13.99it/s]
Epoch 28/50 [Val]:  64%|██████▎   | 72/113 [00:05<00:02, 14.18it/s]
Epoch 28/50 [Val]:  65%|██████▌   | 74/113 [00:05<00:02, 14.07it/s]
Epoch 28/50 [Val]:  67%|██████▋   | 76/113 [00:05<00:02, 14.22it/s]
Epoch 28/50 [Val]:  69%|██████▉   | 78/113 [00:05<00:02, 14.01it/s]
Epoch 28/50 [Val]:  71%|███████   | 80/113 [00:05<00:02, 13.72it/s]
Epoch 28/50 [Val]:  73%|███████▎  | 82/113 [00:05<00:02, 13.75it/s]
Epoch 28/50 [Val]:  74%|███████▍  | 84/113 [00:06<00:02, 13.86it/s]
Epoch 28/50 [Val]:  76%|███████▌  | 86/113 [00:06<00:01, 13.86it/s]
Epoch 28/50 [Val]:  78%|███████▊  | 88/113 [00:06<00:01, 13.78it/s]
Epoch 28/50 [Val]:  80%|███████▉  | 90/113 [00:06<00:01, 14.20it/s]
Epoch 28/50 [Val]:  81%|████████▏ | 92/113 [00:06<00:01, 14.38it/s]
Epoch 28/50 [Val]:  83%|████████▎ | 94/113 [00:06<00:01, 14.55it/s]
Epoch 28/50 [Val]:  85%|████████▍ | 96/113 [00:06<00:01, 14.82it/s]
Epoch 28/50 [Val]:  87%|████████▋ | 98/113 [00:07<00:01, 14.80it/s]
Epoch 28/50 [Val]:  88%|████████▊ | 100/113 [00:07<00:00, 14.61it/s]
Epoch 28/50 [Val]:  90%|█████████ | 102/113 [00:07<00:00, 14.23it/s]
Epoch 28/50 [Val]:  92%|█████████▏| 104/113 [00:07<00:00, 14.40it/s]
Epoch 28/50 [Val]:  94%|█████████▍| 106/113 [00:07<00:00, 14.55it/s]
Epoch 28/50 [Val]:  96%|█████████▌| 108/113 [00:07<00:00, 14.68it/s]
Epoch 28/50 [Val]:  97%|█████████▋| 110/113 [00:07<00:00, 14.56it/s]
Epoch 28/50 [Val]:  99%|█████████▉| 112/113 [00:07<00:00, 14.63it/s]
                                                                    

Epoch 29/50 [Train]:   0%|          | 0/459 [00:00<?, ?it/s]
Epoch 29/50 [Train]:   0%|          | 2/459 [00:00<00:44, 10.19it/s]
Epoch 29/50 [Train]:   1%|          | 4/459 [00:00<00:44, 10.29it/s]
Epoch 29/50 [Train]:   1%|▏         | 6/459 [00:00<00:43, 10.34it/s]
Epoch 29/50 [Train]:   2%|▏         | 8/459 [00:00<00:43, 10.40it/s]
Epoch 29/50 [Train]:   2%|▏         | 10/459 [00:00<00:43, 10.38it/s]
Epoch 29/50 [Train]:   3%|▎         | 12/459 [00:01<00:43, 10.33it/s]
Epoch 29/50 [Train]:   3%|▎         | 14/459 [00:01<00:43, 10.27it/s]
Epoch 29/50 [Train]:   3%|▎         | 16/459 [00:01<00:43, 10.21it/s]
Epoch 29/50 [Train]:   4%|▍         | 18/459 [00:01<00:43, 10.22it/s]
Epoch 29/50 [Train]:   4%|▍         | 20/459 [00:01<00:42, 10.31it/s]
Epoch 29/50 [Train]:   5%|▍         | 22/459 [00:02<00:42, 10.23it/s]
Epoch 29/50 [Train]:   5%|▌         | 24/459 [00:02<00:42, 10.26it/s]
Epoch 29/50 [Train]:   6%|▌         | 26/459 [00:02<00:41, 10.36it/s]
Epoch 29/50 [Train]:   6%|▌         | 28/459 [00:02<00:41, 10.36it/s]
Epoch 29/50 [Train]:   7%|▋         | 30/459 [00:02<00:41, 10.46it/s]
Epoch 29/50 [Train]:   7%|▋         | 32/459 [00:03<00:41, 10.41it/s]
Epoch 29/50 [Train]:   7%|▋         | 34/459 [00:03<00:40, 10.41it/s]
Epoch 29/50 [Train]:   8%|▊         | 36/459 [00:03<00:40, 10.44it/s]
Epoch 29/50 [Train]:   8%|▊         | 38/459 [00:03<00:40, 10.43it/s]
Epoch 29/50 [Train]:   9%|▊         | 40/459 [00:03<00:40, 10.37it/s]
Epoch 29/50 [Train]:   9%|▉         | 42/459 [00:04<00:40, 10.37it/s]
Epoch 29/50 [Train]:  10%|▉         | 44/459 [00:04<00:39, 10.44it/s]
Epoch 29/50 [Train]:  10%|█         | 46/459 [00:04<00:39, 10.42it/s]
Epoch 29/50 [Train]:  10%|█         | 48/459 [00:04<00:39, 10.29it/s]
Epoch 29/50 [Train]:  11%|█         | 50/459 [00:04<00:39, 10.24it/s]
Epoch 29/50 [Train]:  11%|█▏        | 52/459 [00:05<00:39, 10.28it/s]
Epoch 29/50 [Train]:  12%|█▏        | 54/459 [00:05<00:39, 10.32it/s]
Epoch 29/50 [Train]:  12%|█▏        | 56/459 [00:05<00:38, 10.35it/s]
Epoch 29/50 [Train]:  13%|█▎        | 58/459 [00:05<00:38, 10.32it/s]
Epoch 29/50 [Train]:  13%|█▎        | 60/459 [00:05<00:38, 10.26it/s]
Epoch 29/50 [Train]:  14%|█▎        | 62/459 [00:06<00:38, 10.28it/s]
Epoch 29/50 [Train]:  14%|█▍        | 64/459 [00:06<00:38, 10.27it/s]
Epoch 29/50 [Train]:  14%|█▍        | 66/459 [00:06<00:38, 10.32it/s]
Epoch 29/50 [Train]:  15%|█▍        | 68/459 [00:06<00:37, 10.35it/s]
Epoch 29/50 [Train]:  15%|█▌        | 70/459 [00:06<00:37, 10.36it/s]
Epoch 29/50 [Train]:  16%|█▌        | 72/459 [00:06<00:37, 10.32it/s]
Epoch 29/50 [Train]:  16%|█▌        | 74/459 [00:07<00:37, 10.30it/s]
Epoch 29/50 [Train]:  17%|█▋        | 76/459 [00:07<00:36, 10.35it/s]
Epoch 29/50 [Train]:  17%|█▋        | 78/459 [00:07<00:36, 10.33it/s]
Epoch 29/50 [Train]:  17%|█▋        | 80/459 [00:07<00:36, 10.41it/s]
Epoch 29/50 [Train]:  18%|█▊        | 82/459 [00:07<00:36, 10.35it/s]
Epoch 29/50 [Train]:  18%|█▊        | 84/459 [00:08<00:36, 10.39it/s]
Epoch 29/50 [Train]:  19%|█▊        | 86/459 [00:08<00:36, 10.17it/s]
Epoch 29/50 [Train]:  19%|█▉        | 88/459 [00:08<00:36, 10.26it/s]
Epoch 29/50 [Train]:  20%|█▉        | 90/459 [00:08<00:35, 10.29it/s]
Epoch 29/50 [Train]:  20%|██        | 92/459 [00:08<00:35, 10.29it/s]
Epoch 29/50 [Train]:  20%|██        | 94/459 [00:09<00:35, 10.29it/s]
Epoch 29/50 [Train]:  21%|██        | 96/459 [00:09<00:35, 10.24it/s]
Epoch 29/50 [Train]:  21%|██▏       | 98/459 [00:09<00:35, 10.30it/s]
Epoch 29/50 [Train]:  22%|██▏       | 100/459 [00:09<00:35, 10.23it/s]
Epoch 29/50 [Train]:  22%|██▏       | 102/459 [00:09<00:34, 10.24it/s]
Epoch 29/50 [Train]:  23%|██▎       | 104/459 [00:10<00:34, 10.26it/s]
Epoch 29/50 [Train]:  23%|██▎       | 106/459 [00:10<00:34, 10.22it/s]
Epoch 29/50 [Train]:  24%|██▎       | 108/459 [00:10<00:34, 10.20it/s]
Epoch 29/50 [Train]:  24%|██▍       | 110/459 [00:10<00:33, 10.27it/s]
Epoch 29/50 [Train]:  24%|██▍       | 112/459 [00:10<00:33, 10.38it/s]
Epoch 29/50 [Train]:  25%|██▍       | 114/459 [00:11<00:33, 10.35it/s]
Epoch 29/50 [Train]:  25%|██▌       | 116/459 [00:11<00:32, 10.43it/s]
Epoch 29/50 [Train]:  26%|██▌       | 118/459 [00:11<00:32, 10.36it/s]
Epoch 29/50 [Train]:  26%|██▌       | 120/459 [00:11<00:32, 10.38it/s]
Epoch 29/50 [Train]:  27%|██▋       | 122/459 [00:11<00:32, 10.40it/s]
Epoch 29/50 [Train]:  27%|██▋       | 124/459 [00:12<00:32, 10.37it/s]
Epoch 29/50 [Train]:  27%|██▋       | 126/459 [00:12<00:31, 10.44it/s]
Epoch 29/50 [Train]:  28%|██▊       | 128/459 [00:12<00:31, 10.39it/s]
Epoch 29/50 [Train]:  28%|██▊       | 130/459 [00:12<00:31, 10.43it/s]
Epoch 29/50 [Train]:  29%|██▉       | 132/459 [00:12<00:31, 10.42it/s]
Epoch 29/50 [Train]:  29%|██▉       | 134/459 [00:12<00:30, 10.49it/s]
Epoch 29/50 [Train]:  30%|██▉       | 136/459 [00:13<00:31, 10.39it/s]
Epoch 29/50 [Train]:  30%|███       | 138/459 [00:13<00:30, 10.41it/s]
Epoch 29/50 [Train]:  31%|███       | 140/459 [00:13<00:30, 10.38it/s]
Epoch 29/50 [Train]:  31%|███       | 142/459 [00:13<00:30, 10.37it/s]
Epoch 29/50 [Train]:  31%|███▏      | 144/459 [00:13<00:30, 10.29it/s]
Epoch 29/50 [Train]:  32%|███▏      | 146/459 [00:14<00:30, 10.25it/s]
Epoch 29/50 [Train]:  32%|███▏      | 148/459 [00:14<00:30, 10.33it/s]
Epoch 29/50 [Train]:  33%|███▎      | 150/459 [00:14<00:29, 10.36it/s]
Epoch 29/50 [Train]:  33%|███▎      | 152/459 [00:14<00:29, 10.30it/s]
Epoch 29/50 [Train]:  34%|███▎      | 154/459 [00:14<00:29, 10.30it/s]
Epoch 29/50 [Train]:  34%|███▍      | 156/459 [00:15<00:29, 10.39it/s]
Epoch 29/50 [Train]:  34%|███▍      | 158/459 [00:15<00:29, 10.35it/s]
Epoch 29/50 [Train]:  35%|███▍      | 160/459 [00:15<00:29, 10.25it/s]
Epoch 29/50 [Train]:  35%|███▌      | 162/459 [00:15<00:29, 10.18it/s]
Epoch 29/50 [Train]:  36%|███▌      | 164/459 [00:15<00:28, 10.23it/s]
Epoch 29/50 [Train]:  36%|███▌      | 166/459 [00:16<00:28, 10.20it/s]
Epoch 29/50 [Train]:  37%|███▋      | 168/459 [00:16<00:28, 10.10it/s]
Epoch 29/50 [Train]:  37%|███▋      | 170/459 [00:16<00:28, 10.21it/s]
Epoch 29/50 [Train]:  37%|███▋      | 172/459 [00:16<00:27, 10.31it/s]
Epoch 29/50 [Train]:  38%|███▊      | 174/459 [00:16<00:27, 10.28it/s]
Epoch 29/50 [Train]:  38%|███▊      | 176/459 [00:17<00:27, 10.27it/s]
Epoch 29/50 [Train]:  39%|███▉      | 178/459 [00:17<00:27, 10.31it/s]
Epoch 29/50 [Train]:  39%|███▉      | 180/459 [00:17<00:26, 10.37it/s]
Epoch 29/50 [Train]:  40%|███▉      | 182/459 [00:17<00:26, 10.35it/s]
Epoch 29/50 [Train]:  40%|████      | 184/459 [00:17<00:26, 10.33it/s]
Epoch 29/50 [Train]:  41%|████      | 186/459 [00:18<00:26, 10.28it/s]
Epoch 29/50 [Train]:  41%|████      | 188/459 [00:18<00:26, 10.27it/s]
Epoch 29/50 [Train]:  41%|████▏     | 190/459 [00:18<00:26, 10.31it/s]
Epoch 29/50 [Train]:  42%|████▏     | 192/459 [00:18<00:25, 10.34it/s]
Epoch 29/50 [Train]:  42%|████▏     | 194/459 [00:18<00:25, 10.35it/s]
Epoch 29/50 [Train]:  43%|████▎     | 196/459 [00:18<00:25, 10.34it/s]
Epoch 29/50 [Train]:  43%|████▎     | 198/459 [00:19<00:25, 10.42it/s]
Epoch 29/50 [Train]:  44%|████▎     | 200/459 [00:19<00:25, 10.29it/s]
Epoch 29/50 [Train]:  44%|████▍     | 202/459 [00:19<00:24, 10.30it/s]
Epoch 29/50 [Train]:  44%|████▍     | 204/459 [00:19<00:24, 10.39it/s]
Epoch 29/50 [Train]:  45%|████▍     | 206/459 [00:19<00:24, 10.42it/s]
Epoch 29/50 [Train]:  45%|████▌     | 208/459 [00:20<00:24, 10.41it/s]
Epoch 29/50 [Train]:  46%|████▌     | 210/459 [00:20<00:23, 10.43it/s]
Epoch 29/50 [Train]:  46%|████▌     | 212/459 [00:20<00:23, 10.49it/s]
Epoch 29/50 [Train]:  47%|████▋     | 214/459 [00:20<00:23, 10.35it/s]
Epoch 29/50 [Train]:  47%|████▋     | 216/459 [00:20<00:23, 10.36it/s]
Epoch 29/50 [Train]:  47%|████▋     | 218/459 [00:21<00:23, 10.40it/s]
Epoch 29/50 [Train]:  48%|████▊     | 220/459 [00:21<00:23, 10.32it/s]
Epoch 29/50 [Train]:  48%|████▊     | 222/459 [00:21<00:22, 10.33it/s]
Epoch 29/50 [Train]:  49%|████▉     | 224/459 [00:21<00:22, 10.36it/s]
Epoch 29/50 [Train]:  49%|████▉     | 226/459 [00:21<00:22, 10.27it/s]
Epoch 29/50 [Train]:  50%|████▉     | 228/459 [00:22<00:22, 10.38it/s]
Epoch 29/50 [Train]:  50%|█████     | 230/459 [00:22<00:22, 10.37it/s]
Epoch 29/50 [Train]:  51%|█████     | 232/459 [00:22<00:21, 10.36it/s]
Epoch 29/50 [Train]:  51%|█████     | 234/459 [00:22<00:21, 10.37it/s]
Epoch 29/50 [Train]:  51%|█████▏    | 236/459 [00:22<00:21, 10.39it/s]
Epoch 29/50 [Train]:  52%|█████▏    | 238/459 [00:23<00:21, 10.47it/s]
Epoch 29/50 [Train]:  52%|█████▏    | 240/459 [00:23<00:20, 10.47it/s]
Epoch 29/50 [Train]:  53%|█████▎    | 242/459 [00:23<00:20, 10.48it/s]
Epoch 29/50 [Train]:  53%|█████▎    | 244/459 [00:23<00:20, 10.40it/s]
Epoch 29/50 [Train]:  54%|█████▎    | 246/459 [00:23<00:20, 10.43it/s]
Epoch 29/50 [Train]:  54%|█████▍    | 248/459 [00:23<00:20, 10.37it/s]
Epoch 29/50 [Train]:  54%|█████▍    | 250/459 [00:24<00:20, 10.44it/s]
Epoch 29/50 [Train]:  55%|█████▍    | 252/459 [00:24<00:20, 10.31it/s]
Epoch 29/50 [Train]:  55%|█████▌    | 254/459 [00:24<00:19, 10.30it/s]
Epoch 29/50 [Train]:  56%|█████▌    | 256/459 [00:24<00:19, 10.39it/s]
Epoch 29/50 [Train]:  56%|█████▌    | 258/459 [00:24<00:19, 10.45it/s]
Epoch 29/50 [Train]:  57%|█████▋    | 260/459 [00:25<00:19, 10.46it/s]
Epoch 29/50 [Train]:  57%|█████▋    | 262/459 [00:25<00:18, 10.50it/s]
Epoch 29/50 [Train]:  58%|█████▊    | 264/459 [00:25<00:18, 10.47it/s]
Epoch 29/50 [Train]:  58%|█████▊    | 266/459 [00:25<00:18, 10.46it/s]
Epoch 29/50 [Train]:  58%|█████▊    | 268/459 [00:25<00:18, 10.42it/s]
Epoch 29/50 [Train]:  59%|█████▉    | 270/459 [00:26<00:18, 10.44it/s]
Epoch 29/50 [Train]:  59%|█████▉    | 272/459 [00:26<00:17, 10.40it/s]
Epoch 29/50 [Train]:  60%|█████▉    | 274/459 [00:26<00:17, 10.44it/s]
Epoch 29/50 [Train]:  60%|██████    | 276/459 [00:26<00:17, 10.44it/s]
Epoch 29/50 [Train]:  61%|██████    | 278/459 [00:26<00:17, 10.51it/s]
Epoch 29/50 [Train]:  61%|██████    | 280/459 [00:27<00:17, 10.39it/s]
Epoch 29/50 [Train]:  61%|██████▏   | 282/459 [00:27<00:17, 10.35it/s]
Epoch 29/50 [Train]:  62%|██████▏   | 284/459 [00:27<00:17, 10.27it/s]
Epoch 29/50 [Train]:  62%|██████▏   | 286/459 [00:27<00:16, 10.25it/s]
Epoch 29/50 [Train]:  63%|██████▎   | 288/459 [00:27<00:16, 10.36it/s]
Epoch 29/50 [Train]:  63%|██████▎   | 290/459 [00:28<00:16, 10.39it/s]
Epoch 29/50 [Train]:  64%|██████▎   | 292/459 [00:28<00:15, 10.45it/s]
Epoch 29/50 [Train]:  64%|██████▍   | 294/459 [00:28<00:15, 10.46it/s]
Epoch 29/50 [Train]:  64%|██████▍   | 296/459 [00:28<00:15, 10.47it/s]
Epoch 29/50 [Train]:  65%|██████▍   | 298/459 [00:28<00:15, 10.50it/s]
Epoch 29/50 [Train]:  65%|██████▌   | 300/459 [00:28<00:15, 10.49it/s]
Epoch 29/50 [Train]:  66%|██████▌   | 302/459 [00:29<00:14, 10.49it/s]
Epoch 29/50 [Train]:  66%|██████▌   | 304/459 [00:29<00:14, 10.51it/s]
Epoch 29/50 [Train]:  67%|██████▋   | 306/459 [00:29<00:14, 10.50it/s]
Epoch 29/50 [Train]:  67%|██████▋   | 308/459 [00:29<00:14, 10.50it/s]
Epoch 29/50 [Train]:  68%|██████▊   | 310/459 [00:29<00:14, 10.50it/s]
Epoch 29/50 [Train]:  68%|██████▊   | 312/459 [00:30<00:14, 10.50it/s]
Epoch 29/50 [Train]:  68%|██████▊   | 314/459 [00:30<00:13, 10.45it/s]
Epoch 29/50 [Train]:  69%|██████▉   | 316/459 [00:30<00:13, 10.43it/s]
Epoch 29/50 [Train]:  69%|██████▉   | 318/459 [00:30<00:13, 10.45it/s]
Epoch 29/50 [Train]:  70%|██████▉   | 320/459 [00:30<00:13, 10.48it/s]
Epoch 29/50 [Train]:  70%|███████   | 322/459 [00:31<00:13, 10.42it/s]
Epoch 29/50 [Train]:  71%|███████   | 324/459 [00:31<00:12, 10.43it/s]
Epoch 29/50 [Train]:  71%|███████   | 326/459 [00:31<00:12, 10.45it/s]
Epoch 29/50 [Train]:  71%|███████▏  | 328/459 [00:31<00:12, 10.46it/s]
Epoch 29/50 [Train]:  72%|███████▏  | 330/459 [00:31<00:12, 10.39it/s]
Epoch 29/50 [Train]:  72%|███████▏  | 332/459 [00:32<00:12, 10.42it/s]
Epoch 29/50 [Train]:  73%|███████▎  | 334/459 [00:32<00:11, 10.46it/s]
Epoch 29/50 [Train]:  73%|███████▎  | 336/459 [00:32<00:11, 10.41it/s]
Epoch 29/50 [Train]:  74%|███████▎  | 338/459 [00:32<00:11, 10.33it/s]
Epoch 29/50 [Train]:  74%|███████▍  | 340/459 [00:32<00:11, 10.28it/s]
Epoch 29/50 [Train]:  75%|███████▍  | 342/459 [00:33<00:11, 10.32it/s]
Epoch 29/50 [Train]:  75%|███████▍  | 344/459 [00:33<00:11, 10.37it/s]
Epoch 29/50 [Train]:  75%|███████▌  | 346/459 [00:33<00:10, 10.37it/s]
Epoch 29/50 [Train]:  76%|███████▌  | 348/459 [00:33<00:10, 10.31it/s]
Epoch 29/50 [Train]:  76%|███████▋  | 350/459 [00:33<00:10, 10.33it/s]
Epoch 29/50 [Train]:  77%|███████▋  | 352/459 [00:33<00:10, 10.41it/s]
Epoch 29/50 [Train]:  77%|███████▋  | 354/459 [00:34<00:10, 10.43it/s]
Epoch 29/50 [Train]:  78%|███████▊  | 356/459 [00:34<00:09, 10.36it/s]
Epoch 29/50 [Train]:  78%|███████▊  | 358/459 [00:34<00:09, 10.42it/s]
Epoch 29/50 [Train]:  78%|███████▊  | 360/459 [00:34<00:09, 10.43it/s]
Epoch 29/50 [Train]:  79%|███████▉  | 362/459 [00:34<00:09, 10.44it/s]
Epoch 29/50 [Train]:  79%|███████▉  | 364/459 [00:35<00:09, 10.49it/s]
Epoch 29/50 [Train]:  80%|███████▉  | 366/459 [00:35<00:08, 10.40it/s]
Epoch 29/50 [Train]:  80%|████████  | 368/459 [00:35<00:08, 10.42it/s]
Epoch 29/50 [Train]:  81%|████████  | 370/459 [00:35<00:08, 10.37it/s]
Epoch 29/50 [Train]:  81%|████████  | 372/459 [00:35<00:08, 10.37it/s]
Epoch 29/50 [Train]:  81%|████████▏ | 374/459 [00:36<00:08, 10.39it/s]
Epoch 29/50 [Train]:  82%|████████▏ | 376/459 [00:36<00:08, 10.30it/s]
Epoch 29/50 [Train]:  82%|████████▏ | 378/459 [00:36<00:07, 10.38it/s]
Epoch 29/50 [Train]:  83%|████████▎ | 380/459 [00:36<00:07, 10.27it/s]
Epoch 29/50 [Train]:  83%|████████▎ | 382/459 [00:36<00:07, 10.35it/s]
Epoch 29/50 [Train]:  84%|████████▎ | 384/459 [00:37<00:07, 10.33it/s]
Epoch 29/50 [Train]:  84%|████████▍ | 386/459 [00:37<00:07, 10.32it/s]
Epoch 29/50 [Train]:  85%|████████▍ | 388/459 [00:37<00:06, 10.35it/s]
Epoch 29/50 [Train]:  85%|████████▍ | 390/459 [00:37<00:06, 10.40it/s]
Epoch 29/50 [Train]:  85%|████████▌ | 392/459 [00:37<00:06, 10.38it/s]
Epoch 29/50 [Train]:  86%|████████▌ | 394/459 [00:38<00:06, 10.41it/s]
Epoch 29/50 [Train]:  86%|████████▋ | 396/459 [00:38<00:06, 10.39it/s]
Epoch 29/50 [Train]:  87%|████████▋ | 398/459 [00:38<00:05, 10.38it/s]
Epoch 29/50 [Train]:  87%|████████▋ | 400/459 [00:38<00:05, 10.45it/s]
Epoch 29/50 [Train]:  88%|████████▊ | 402/459 [00:38<00:05, 10.41it/s]
Epoch 29/50 [Train]:  88%|████████▊ | 404/459 [00:38<00:05, 10.45it/s]
Epoch 29/50 [Train]:  88%|████████▊ | 406/459 [00:39<00:05, 10.44it/s]
Epoch 29/50 [Train]:  89%|████████▉ | 408/459 [00:39<00:04, 10.31it/s]
Epoch 29/50 [Train]:  89%|████████▉ | 410/459 [00:39<00:04, 10.29it/s]
Epoch 29/50 [Train]:  90%|████████▉ | 412/459 [00:39<00:04, 10.29it/s]
Epoch 29/50 [Train]:  90%|█████████ | 414/459 [00:39<00:04, 10.32it/s]
Epoch 29/50 [Train]:  91%|█████████ | 416/459 [00:40<00:04, 10.27it/s]
Epoch 29/50 [Train]:  91%|█████████ | 418/459 [00:40<00:04, 10.16it/s]
Epoch 29/50 [Train]:  92%|█████████▏| 420/459 [00:40<00:03, 10.26it/s]
Epoch 29/50 [Train]:  92%|█████████▏| 422/459 [00:40<00:03, 10.23it/s]
Epoch 29/50 [Train]:  92%|█████████▏| 424/459 [00:40<00:03, 10.30it/s]
Epoch 29/50 [Train]:  93%|█████████▎| 426/459 [00:41<00:03, 10.17it/s]
Epoch 29/50 [Train]:  93%|█████████▎| 428/459 [00:41<00:03, 10.20it/s]
Epoch 29/50 [Train]:  94%|█████████▎| 430/459 [00:41<00:02, 10.27it/s]
Epoch 29/50 [Train]:  94%|█████████▍| 432/459 [00:41<00:02, 10.25it/s]
Epoch 29/50 [Train]:  95%|█████████▍| 434/459 [00:41<00:02, 10.28it/s]
Epoch 29/50 [Train]:  95%|█████████▍| 436/459 [00:42<00:02, 10.33it/s]
Epoch 29/50 [Train]:  95%|█████████▌| 438/459 [00:42<00:02, 10.39it/s]
Epoch 29/50 [Train]:  96%|█████████▌| 440/459 [00:42<00:01, 10.35it/s]
Epoch 29/50 [Train]:  96%|█████████▋| 442/459 [00:42<00:01, 10.37it/s]
Epoch 29/50 [Train]:  97%|█████████▋| 444/459 [00:42<00:01, 10.38it/s]
Epoch 29/50 [Train]:  97%|█████████▋| 446/459 [00:43<00:01, 10.40it/s]
Epoch 29/50 [Train]:  98%|█████████▊| 448/459 [00:43<00:01, 10.45it/s]
Epoch 29/50 [Train]:  98%|█████████▊| 450/459 [00:43<00:00, 10.46it/s]
Epoch 29/50 [Train]:  98%|█████████▊| 452/459 [00:43<00:00, 10.49it/s]
Epoch 29/50 [Train]:  99%|█████████▉| 454/459 [00:43<00:00, 10.47it/s]
Epoch 29/50 [Train]:  99%|█████████▉| 456/459 [00:44<00:00, 10.36it/s]
Epoch 29/50 [Train]: 100%|█████████▉| 458/459 [00:44<00:00, 10.39it/s]
                                                                      

Epoch 29/50 [Val]:   0%|          | 0/113 [00:00<?, ?it/s]
Epoch 29/50 [Val]:   2%|▏         | 2/113 [00:00<00:07, 14.37it/s]
Epoch 29/50 [Val]:   4%|▎         | 4/113 [00:00<00:07, 14.53it/s]
Epoch 29/50 [Val]:   5%|▌         | 6/113 [00:00<00:07, 14.20it/s]
Epoch 29/50 [Val]:   7%|▋         | 8/113 [00:00<00:07, 14.07it/s]
Epoch 29/50 [Val]:   9%|▉         | 10/113 [00:00<00:07, 14.31it/s]
Epoch 29/50 [Val]:  11%|█         | 12/113 [00:00<00:07, 14.16it/s]
Epoch 29/50 [Val]:  12%|█▏        | 14/113 [00:00<00:07, 14.03it/s]
Epoch 29/50 [Val]:  14%|█▍        | 16/113 [00:01<00:07, 13.58it/s]
Epoch 29/50 [Val]:  16%|█▌        | 18/113 [00:01<00:07, 13.35it/s]
Epoch 29/50 [Val]:  18%|█▊        | 20/113 [00:01<00:06, 13.29it/s]
Epoch 29/50 [Val]:  19%|█▉        | 22/113 [00:01<00:06, 13.12it/s]
Epoch 29/50 [Val]:  21%|██        | 24/113 [00:01<00:06, 13.01it/s]
Epoch 29/50 [Val]:  23%|██▎       | 26/113 [00:01<00:06, 12.99it/s]
Epoch 29/50 [Val]:  25%|██▍       | 28/113 [00:02<00:06, 13.22it/s]
Epoch 29/50 [Val]:  27%|██▋       | 30/113 [00:02<00:06, 13.45it/s]
Epoch 29/50 [Val]:  28%|██▊       | 32/113 [00:02<00:05, 13.60it/s]
Epoch 29/50 [Val]:  30%|███       | 34/113 [00:02<00:05, 13.78it/s]
Epoch 29/50 [Val]:  32%|███▏      | 36/113 [00:02<00:05, 13.87it/s]
Epoch 29/50 [Val]:  34%|███▎      | 38/113 [00:02<00:05, 14.12it/s]
Epoch 29/50 [Val]:  35%|███▌      | 40/113 [00:02<00:05, 14.27it/s]
Epoch 29/50 [Val]:  37%|███▋      | 42/113 [00:03<00:04, 14.21it/s]
Epoch 29/50 [Val]:  39%|███▉      | 44/113 [00:03<00:04, 14.10it/s]
Epoch 29/50 [Val]:  41%|████      | 46/113 [00:03<00:04, 13.83it/s]
Epoch 29/50 [Val]:  42%|████▏     | 48/113 [00:03<00:04, 13.91it/s]
Epoch 29/50 [Val]:  44%|████▍     | 50/113 [00:03<00:04, 14.02it/s]
Epoch 29/50 [Val]:  46%|████▌     | 52/113 [00:03<00:04, 14.23it/s]
Epoch 29/50 [Val]:  48%|████▊     | 54/113 [00:03<00:04, 14.48it/s]
Epoch 29/50 [Val]:  50%|████▉     | 56/113 [00:04<00:03, 14.25it/s]
Epoch 29/50 [Val]:  51%|█████▏    | 58/113 [00:04<00:03, 13.95it/s]
Epoch 29/50 [Val]:  53%|█████▎    | 60/113 [00:04<00:03, 14.05it/s]
Epoch 29/50 [Val]:  55%|█████▍    | 62/113 [00:04<00:03, 14.04it/s]
Epoch 29/50 [Val]:  57%|█████▋    | 64/113 [00:04<00:03, 14.17it/s]
Epoch 29/50 [Val]:  58%|█████▊    | 66/113 [00:04<00:03, 13.94it/s]
Epoch 29/50 [Val]:  60%|██████    | 68/113 [00:04<00:03, 13.94it/s]
Epoch 29/50 [Val]:  62%|██████▏   | 70/113 [00:05<00:03, 13.90it/s]
Epoch 29/50 [Val]:  64%|██████▎   | 72/113 [00:05<00:02, 13.98it/s]
Epoch 29/50 [Val]:  65%|██████▌   | 74/113 [00:05<00:02, 14.10it/s]
Epoch 29/50 [Val]:  67%|██████▋   | 76/113 [00:05<00:02, 14.08it/s]
Epoch 29/50 [Val]:  69%|██████▉   | 78/113 [00:05<00:02, 14.21it/s]
Epoch 29/50 [Val]:  71%|███████   | 80/113 [00:05<00:02, 14.22it/s]
Epoch 29/50 [Val]:  73%|███████▎  | 82/113 [00:05<00:02, 14.07it/s]
Epoch 29/50 [Val]:  74%|███████▍  | 84/113 [00:06<00:02, 13.98it/s]
Epoch 29/50 [Val]:  76%|███████▌  | 86/113 [00:06<00:01, 14.12it/s]
Epoch 29/50 [Val]:  78%|███████▊  | 88/113 [00:06<00:01, 14.00it/s]
Epoch 29/50 [Val]:  80%|███████▉  | 90/113 [00:06<00:01, 14.10it/s]
Epoch 29/50 [Val]:  81%|████████▏ | 92/113 [00:06<00:01, 14.13it/s]
Epoch 29/50 [Val]:  83%|████████▎ | 94/113 [00:06<00:01, 14.24it/s]
Epoch 29/50 [Val]:  85%|████████▍ | 96/113 [00:06<00:01, 14.45it/s]
Epoch 29/50 [Val]:  87%|████████▋ | 98/113 [00:07<00:01, 14.40it/s]
Epoch 29/50 [Val]:  88%|████████▊ | 100/113 [00:07<00:00, 14.27it/s]
Epoch 29/50 [Val]:  90%|█████████ | 102/113 [00:07<00:00, 13.89it/s]
Epoch 29/50 [Val]:  92%|█████████▏| 104/113 [00:07<00:00, 13.95it/s]
Epoch 29/50 [Val]:  94%|█████████▍| 106/113 [00:07<00:00, 14.21it/s]
Epoch 29/50 [Val]:  96%|█████████▌| 108/113 [00:07<00:00, 14.27it/s]
Epoch 29/50 [Val]:  97%|█████████▋| 110/113 [00:07<00:00, 14.46it/s]
Epoch 29/50 [Val]:  99%|█████████▉| 112/113 [00:08<00:00, 14.25it/s]
                                                                    

Epoch 30/50 [Train]:   0%|          | 0/459 [00:00<?, ?it/s]
Epoch 30/50 [Train]:   0%|          | 1/459 [00:00<00:45,  9.98it/s]
Epoch 30/50 [Train]:   1%|          | 3/459 [00:00<00:45, 10.08it/s]
Epoch 30/50 [Train]:   1%|          | 5/459 [00:00<00:44, 10.24it/s]
Epoch 30/50 [Train]:   2%|▏         | 7/459 [00:00<00:43, 10.37it/s]
Epoch 30/50 [Train]:   2%|▏         | 9/459 [00:00<00:43, 10.38it/s]
Epoch 30/50 [Train]:   2%|▏         | 11/459 [00:01<00:43, 10.39it/s]
Epoch 30/50 [Train]:   3%|▎         | 13/459 [00:01<00:42, 10.45it/s]
Epoch 30/50 [Train]:   3%|▎         | 15/459 [00:01<00:42, 10.43it/s]
Epoch 30/50 [Train]:   4%|▎         | 17/459 [00:01<00:42, 10.43it/s]
Epoch 30/50 [Train]:   4%|▍         | 19/459 [00:01<00:42, 10.33it/s]
Epoch 30/50 [Train]:   5%|▍         | 21/459 [00:02<00:42, 10.35it/s]
Epoch 30/50 [Train]:   5%|▌         | 23/459 [00:02<00:42, 10.38it/s]
Epoch 30/50 [Train]:   5%|▌         | 25/459 [00:02<00:41, 10.35it/s]
Epoch 30/50 [Train]:   6%|▌         | 27/459 [00:02<00:41, 10.41it/s]
Epoch 30/50 [Train]:   6%|▋         | 29/459 [00:02<00:41, 10.38it/s]
Epoch 30/50 [Train]:   7%|▋         | 31/459 [00:02<00:41, 10.42it/s]
Epoch 30/50 [Train]:   7%|▋         | 33/459 [00:03<00:40, 10.44it/s]
Epoch 30/50 [Train]:   8%|▊         | 35/459 [00:03<00:40, 10.46it/s]
Epoch 30/50 [Train]:   8%|▊         | 37/459 [00:03<00:40, 10.47it/s]
Epoch 30/50 [Train]:   8%|▊         | 39/459 [00:03<00:40, 10.43it/s]
Epoch 30/50 [Train]:   9%|▉         | 41/459 [00:03<00:40, 10.39it/s]
Epoch 30/50 [Train]:   9%|▉         | 43/459 [00:04<00:39, 10.46it/s]
Epoch 30/50 [Train]:  10%|▉         | 45/459 [00:04<00:39, 10.50it/s]
Epoch 30/50 [Train]:  10%|█         | 47/459 [00:04<00:39, 10.39it/s]
Epoch 30/50 [Train]:  11%|█         | 49/459 [00:04<00:40, 10.19it/s]
Epoch 30/50 [Train]:  11%|█         | 51/459 [00:04<00:40, 10.07it/s]
Epoch 30/50 [Train]:  12%|█▏        | 53/459 [00:05<00:40, 10.05it/s]
Epoch 30/50 [Train]:  12%|█▏        | 55/459 [00:05<00:39, 10.13it/s]
Epoch 30/50 [Train]:  12%|█▏        | 57/459 [00:05<00:39, 10.17it/s]
Epoch 30/50 [Train]:  13%|█▎        | 59/459 [00:05<00:38, 10.27it/s]
Epoch 30/50 [Train]:  13%|█▎        | 61/459 [00:05<00:38, 10.23it/s]
Epoch 30/50 [Train]:  14%|█▎        | 63/459 [00:06<00:38, 10.21it/s]
Epoch 30/50 [Train]:  14%|█▍        | 65/459 [00:06<00:38, 10.29it/s]
Epoch 30/50 [Train]:  15%|█▍        | 67/459 [00:06<00:37, 10.37it/s]
Epoch 30/50 [Train]:  15%|█▌        | 69/459 [00:06<00:37, 10.41it/s]
Epoch 30/50 [Train]:  15%|█▌        | 71/459 [00:06<00:37, 10.45it/s]
Epoch 30/50 [Train]:  16%|█▌        | 73/459 [00:07<00:37, 10.39it/s]
Epoch 30/50 [Train]:  16%|█▋        | 75/459 [00:07<00:37, 10.35it/s]
Epoch 30/50 [Train]:  17%|█▋        | 77/459 [00:07<00:37, 10.31it/s]
Epoch 30/50 [Train]:  17%|█▋        | 79/459 [00:07<00:36, 10.39it/s]
Epoch 30/50 [Train]:  18%|█▊        | 81/459 [00:07<00:36, 10.38it/s]
Epoch 30/50 [Train]:  18%|█▊        | 83/459 [00:08<00:36, 10.34it/s]
Epoch 30/50 [Train]:  19%|█▊        | 85/459 [00:08<00:36, 10.31it/s]
Epoch 30/50 [Train]:  19%|█▉        | 87/459 [00:08<00:35, 10.36it/s]
Epoch 30/50 [Train]:  19%|█▉        | 89/459 [00:08<00:35, 10.31it/s]
Epoch 30/50 [Train]:  20%|█▉        | 91/459 [00:08<00:35, 10.30it/s]
Epoch 30/50 [Train]:  20%|██        | 93/459 [00:08<00:35, 10.31it/s]
Epoch 30/50 [Train]:  21%|██        | 95/459 [00:09<00:35, 10.29it/s]
Epoch 30/50 [Train]:  21%|██        | 97/459 [00:09<00:35, 10.32it/s]
Epoch 30/50 [Train]:  22%|██▏       | 99/459 [00:09<00:34, 10.40it/s]
Epoch 30/50 [Train]:  22%|██▏       | 101/459 [00:09<00:34, 10.43it/s]
Epoch 30/50 [Train]:  22%|██▏       | 103/459 [00:09<00:34, 10.36it/s]
Epoch 30/50 [Train]:  23%|██▎       | 105/459 [00:10<00:34, 10.33it/s]
Epoch 30/50 [Train]:  23%|██▎       | 107/459 [00:10<00:33, 10.35it/s]
Epoch 30/50 [Train]:  24%|██▎       | 109/459 [00:10<00:33, 10.41it/s]
Epoch 30/50 [Train]:  24%|██▍       | 111/459 [00:10<00:33, 10.37it/s]
Epoch 30/50 [Train]:  25%|██▍       | 113/459 [00:10<00:33, 10.33it/s]
Epoch 30/50 [Train]:  25%|██▌       | 115/459 [00:11<00:33, 10.32it/s]
Epoch 30/50 [Train]:  25%|██▌       | 117/459 [00:11<00:33, 10.36it/s]
Epoch 30/50 [Train]:  26%|██▌       | 119/459 [00:11<00:32, 10.34it/s]
Epoch 30/50 [Train]:  26%|██▋       | 121/459 [00:11<00:32, 10.39it/s]
Epoch 30/50 [Train]:  27%|██▋       | 123/459 [00:11<00:32, 10.38it/s]
Epoch 30/50 [Train]:  27%|██▋       | 125/459 [00:12<00:32, 10.28it/s]
Epoch 30/50 [Train]:  28%|██▊       | 127/459 [00:12<00:32, 10.32it/s]
Epoch 30/50 [Train]:  28%|██▊       | 129/459 [00:12<00:31, 10.39it/s]
Epoch 30/50 [Train]:  29%|██▊       | 131/459 [00:12<00:31, 10.26it/s]
Epoch 30/50 [Train]:  29%|██▉       | 133/459 [00:12<00:31, 10.27it/s]
Epoch 30/50 [Train]:  29%|██▉       | 135/459 [00:13<00:31, 10.33it/s]
Epoch 30/50 [Train]:  30%|██▉       | 137/459 [00:13<00:31, 10.31it/s]
Epoch 30/50 [Train]:  30%|███       | 139/459 [00:13<00:30, 10.40it/s]
Epoch 30/50 [Train]:  31%|███       | 141/459 [00:13<00:30, 10.43it/s]
Epoch 30/50 [Train]:  31%|███       | 143/459 [00:13<00:30, 10.41it/s]
Epoch 30/50 [Train]:  32%|███▏      | 145/459 [00:14<00:30, 10.27it/s]
Epoch 30/50 [Train]:  32%|███▏      | 147/459 [00:14<00:30, 10.35it/s]
Epoch 30/50 [Train]:  32%|███▏      | 149/459 [00:14<00:30, 10.33it/s]
Epoch 30/50 [Train]:  33%|███▎      | 151/459 [00:14<00:29, 10.29it/s]
Epoch 30/50 [Train]:  33%|███▎      | 153/459 [00:14<00:29, 10.33it/s]
Epoch 30/50 [Train]:  34%|███▍      | 155/459 [00:14<00:29, 10.29it/s]
Epoch 30/50 [Train]:  34%|███▍      | 157/459 [00:15<00:29, 10.23it/s]
Epoch 30/50 [Train]:  35%|███▍      | 159/459 [00:15<00:29, 10.26it/s]
Epoch 30/50 [Train]:  35%|███▌      | 161/459 [00:15<00:28, 10.34it/s]
Epoch 30/50 [Train]:  36%|███▌      | 163/459 [00:15<00:28, 10.37it/s]
Epoch 30/50 [Train]:  36%|███▌      | 165/459 [00:15<00:28, 10.41it/s]
Epoch 30/50 [Train]:  36%|███▋      | 167/459 [00:16<00:28, 10.42it/s]
Epoch 30/50 [Train]:  37%|███▋      | 169/459 [00:16<00:27, 10.38it/s]
Epoch 30/50 [Train]:  37%|███▋      | 171/459 [00:16<00:27, 10.39it/s]
Epoch 30/50 [Train]:  38%|███▊      | 173/459 [00:16<00:27, 10.41it/s]
Epoch 30/50 [Train]:  38%|███▊      | 175/459 [00:16<00:27, 10.43it/s]
Epoch 30/50 [Train]:  39%|███▊      | 177/459 [00:17<00:27, 10.36it/s]
Epoch 30/50 [Train]:  39%|███▉      | 179/459 [00:17<00:27, 10.36it/s]
Epoch 30/50 [Train]:  39%|███▉      | 181/459 [00:17<00:27, 10.28it/s]
Epoch 30/50 [Train]:  40%|███▉      | 183/459 [00:17<00:26, 10.29it/s]
Epoch 30/50 [Train]:  40%|████      | 185/459 [00:17<00:26, 10.33it/s]
Epoch 30/50 [Train]:  41%|████      | 187/459 [00:18<00:26, 10.36it/s]
Epoch 30/50 [Train]:  41%|████      | 189/459 [00:18<00:25, 10.42it/s]
Epoch 30/50 [Train]:  42%|████▏     | 191/459 [00:18<00:25, 10.41it/s]
Epoch 30/50 [Train]:  42%|████▏     | 193/459 [00:18<00:25, 10.45it/s]
Epoch 30/50 [Train]:  42%|████▏     | 195/459 [00:18<00:25, 10.51it/s]
Epoch 30/50 [Train]:  43%|████▎     | 197/459 [00:19<00:24, 10.51it/s]
Epoch 30/50 [Train]:  43%|████▎     | 199/459 [00:19<00:24, 10.45it/s]
Epoch 30/50 [Train]:  44%|████▍     | 201/459 [00:19<00:24, 10.45it/s]
Epoch 30/50 [Train]:  44%|████▍     | 203/459 [00:19<00:24, 10.33it/s]
Epoch 30/50 [Train]:  45%|████▍     | 205/459 [00:19<00:24, 10.35it/s]
Epoch 30/50 [Train]:  45%|████▌     | 207/459 [00:20<00:24, 10.31it/s]
Epoch 30/50 [Train]:  46%|████▌     | 209/459 [00:20<00:24, 10.30it/s]
Epoch 30/50 [Train]:  46%|████▌     | 211/459 [00:20<00:23, 10.37it/s]
Epoch 30/50 [Train]:  46%|████▋     | 213/459 [00:20<00:23, 10.45it/s]
Epoch 30/50 [Train]:  47%|████▋     | 215/459 [00:20<00:23, 10.49it/s]
Epoch 30/50 [Train]:  47%|████▋     | 217/459 [00:20<00:23, 10.46it/s]
Epoch 30/50 [Train]:  48%|████▊     | 219/459 [00:21<00:22, 10.51it/s]
Epoch 30/50 [Train]:  48%|████▊     | 221/459 [00:21<00:22, 10.48it/s]
Epoch 30/50 [Train]:  49%|████▊     | 223/459 [00:21<00:22, 10.40it/s]
Epoch 30/50 [Train]:  49%|████▉     | 225/459 [00:21<00:22, 10.47it/s]
Epoch 30/50 [Train]:  49%|████▉     | 227/459 [00:21<00:22, 10.39it/s]
Epoch 30/50 [Train]:  50%|████▉     | 229/459 [00:22<00:22, 10.37it/s]
Epoch 30/50 [Train]:  50%|█████     | 231/459 [00:22<00:22, 10.36it/s]
Epoch 30/50 [Train]:  51%|█████     | 233/459 [00:22<00:21, 10.46it/s]
Epoch 30/50 [Train]:  51%|█████     | 235/459 [00:22<00:21, 10.46it/s]
Epoch 30/50 [Train]:  52%|█████▏    | 237/459 [00:22<00:21, 10.48it/s]
Epoch 30/50 [Train]:  52%|█████▏    | 239/459 [00:23<00:21, 10.45it/s]
Epoch 30/50 [Train]:  53%|█████▎    | 241/459 [00:23<00:20, 10.38it/s]
Epoch 30/50 [Train]:  53%|█████▎    | 243/459 [00:23<00:20, 10.43it/s]
Epoch 30/50 [Train]:  53%|█████▎    | 245/459 [00:23<00:20, 10.48it/s]
Epoch 30/50 [Train]:  54%|█████▍    | 247/459 [00:23<00:20, 10.40it/s]
Epoch 30/50 [Train]:  54%|█████▍    | 249/459 [00:24<00:20, 10.24it/s]
Epoch 30/50 [Train]:  55%|█████▍    | 251/459 [00:24<00:20, 10.33it/s]
Epoch 30/50 [Train]:  55%|█████▌    | 253/459 [00:24<00:19, 10.32it/s]
Epoch 30/50 [Train]:  56%|█████▌    | 255/459 [00:24<00:19, 10.36it/s]
Epoch 30/50 [Train]:  56%|█████▌    | 257/459 [00:24<00:19, 10.36it/s]
Epoch 30/50 [Train]:  56%|█████▋    | 259/459 [00:24<00:19, 10.31it/s]
Epoch 30/50 [Train]:  57%|█████▋    | 261/459 [00:25<00:19, 10.27it/s]
Epoch 30/50 [Train]:  57%|█████▋    | 263/459 [00:25<00:19, 10.18it/s]
Epoch 30/50 [Train]:  58%|█████▊    | 265/459 [00:25<00:19, 10.20it/s]
Epoch 30/50 [Train]:  58%|█████▊    | 267/459 [00:25<00:18, 10.31it/s]
Epoch 30/50 [Train]:  59%|█████▊    | 269/459 [00:25<00:18, 10.36it/s]
Epoch 30/50 [Train]:  59%|█████▉    | 271/459 [00:26<00:18, 10.37it/s]
Epoch 30/50 [Train]:  59%|█████▉    | 273/459 [00:26<00:17, 10.40it/s]
Epoch 30/50 [Train]:  60%|█████▉    | 275/459 [00:26<00:17, 10.42it/s]
Epoch 30/50 [Train]:  60%|██████    | 277/459 [00:26<00:17, 10.36it/s]
Epoch 30/50 [Train]:  61%|██████    | 279/459 [00:26<00:17, 10.34it/s]
Epoch 30/50 [Train]:  61%|██████    | 281/459 [00:27<00:17, 10.41it/s]
Epoch 30/50 [Train]:  62%|██████▏   | 283/459 [00:27<00:17, 10.33it/s]
Epoch 30/50 [Train]:  62%|██████▏   | 285/459 [00:27<00:16, 10.32it/s]
Epoch 30/50 [Train]:  63%|██████▎   | 287/459 [00:27<00:16, 10.38it/s]
Epoch 30/50 [Train]:  63%|██████▎   | 289/459 [00:27<00:16, 10.38it/s]
Epoch 30/50 [Train]:  63%|██████▎   | 291/459 [00:28<00:16, 10.38it/s]
Epoch 30/50 [Train]:  64%|██████▍   | 293/459 [00:28<00:15, 10.43it/s]
Epoch 30/50 [Train]:  64%|██████▍   | 295/459 [00:28<00:15, 10.47it/s]
Epoch 30/50 [Train]:  65%|██████▍   | 297/459 [00:28<00:15, 10.40it/s]
Epoch 30/50 [Train]:  65%|██████▌   | 299/459 [00:28<00:15, 10.43it/s]
Epoch 30/50 [Train]:  66%|██████▌   | 301/459 [00:29<00:15, 10.44it/s]
Epoch 30/50 [Train]:  66%|██████▌   | 303/459 [00:29<00:15, 10.37it/s]
Epoch 30/50 [Train]:  66%|██████▋   | 305/459 [00:29<00:14, 10.38it/s]
Epoch 30/50 [Train]:  67%|██████▋   | 307/459 [00:29<00:14, 10.30it/s]
Epoch 30/50 [Train]:  67%|██████▋   | 309/459 [00:29<00:14, 10.38it/s]
Epoch 30/50 [Train]:  68%|██████▊   | 311/459 [00:30<00:14, 10.40it/s]
Epoch 30/50 [Train]:  68%|██████▊   | 313/459 [00:30<00:14, 10.38it/s]
Epoch 30/50 [Train]:  69%|██████▊   | 315/459 [00:30<00:13, 10.35it/s]
Epoch 30/50 [Train]:  69%|██████▉   | 317/459 [00:30<00:13, 10.38it/s]
Epoch 30/50 [Train]:  69%|██████▉   | 319/459 [00:30<00:13, 10.37it/s]
Epoch 30/50 [Train]:  70%|██████▉   | 321/459 [00:30<00:13, 10.32it/s]
Epoch 30/50 [Train]:  70%|███████   | 323/459 [00:31<00:13, 10.35it/s]
Epoch 30/50 [Train]:  71%|███████   | 325/459 [00:31<00:12, 10.35it/s]
Epoch 30/50 [Train]:  71%|███████   | 327/459 [00:31<00:12, 10.40it/s]
Epoch 30/50 [Train]:  72%|███████▏  | 329/459 [00:31<00:12, 10.37it/s]
Epoch 30/50 [Train]:  72%|███████▏  | 331/459 [00:31<00:12, 10.41it/s]
Epoch 30/50 [Train]:  73%|███████▎  | 333/459 [00:32<00:12, 10.38it/s]
Epoch 30/50 [Train]:  73%|███████▎  | 335/459 [00:32<00:11, 10.34it/s]
Epoch 30/50 [Train]:  73%|███████▎  | 337/459 [00:32<00:11, 10.46it/s]
Epoch 30/50 [Train]:  74%|███████▍  | 339/459 [00:32<00:11, 10.42it/s]
Epoch 30/50 [Train]:  74%|███████▍  | 341/459 [00:32<00:11, 10.28it/s]
Epoch 30/50 [Train]:  75%|███████▍  | 343/459 [00:33<00:11, 10.33it/s]
Epoch 30/50 [Train]:  75%|███████▌  | 345/459 [00:33<00:11, 10.33it/s]
Epoch 30/50 [Train]:  76%|███████▌  | 347/459 [00:33<00:10, 10.25it/s]
Epoch 30/50 [Train]:  76%|███████▌  | 349/459 [00:33<00:10, 10.31it/s]
Epoch 30/50 [Train]:  76%|███████▋  | 351/459 [00:33<00:10, 10.35it/s]
Epoch 30/50 [Train]:  77%|███████▋  | 353/459 [00:34<00:10, 10.41it/s]
Epoch 30/50 [Train]:  77%|███████▋  | 355/459 [00:34<00:09, 10.43it/s]
Epoch 30/50 [Train]:  78%|███████▊  | 357/459 [00:34<00:10,  9.90it/s]
Epoch 30/50 [Train]:  78%|███████▊  | 359/459 [00:34<00:09, 10.05it/s]
Epoch 30/50 [Train]:  79%|███████▊  | 361/459 [00:34<00:09, 10.19it/s]
Epoch 30/50 [Train]:  79%|███████▉  | 363/459 [00:35<00:09, 10.21it/s]
Epoch 30/50 [Train]:  80%|███████▉  | 365/459 [00:35<00:09, 10.23it/s]
Epoch 30/50 [Train]:  80%|███████▉  | 367/459 [00:35<00:08, 10.32it/s]
Epoch 30/50 [Train]:  80%|████████  | 369/459 [00:35<00:08, 10.36it/s]
Epoch 30/50 [Train]:  81%|████████  | 371/459 [00:35<00:08, 10.33it/s]
Epoch 30/50 [Train]:  81%|████████▏ | 373/459 [00:36<00:08, 10.37it/s]
Epoch 30/50 [Train]:  82%|████████▏ | 375/459 [00:36<00:08, 10.42it/s]
Epoch 30/50 [Train]:  82%|████████▏ | 377/459 [00:36<00:07, 10.41it/s]
Epoch 30/50 [Train]:  83%|████████▎ | 379/459 [00:36<00:07, 10.42it/s]
Epoch 30/50 [Train]:  83%|████████▎ | 381/459 [00:36<00:07, 10.44it/s]
Epoch 30/50 [Train]:  83%|████████▎ | 383/459 [00:36<00:07, 10.39it/s]
Epoch 30/50 [Train]:  84%|████████▍ | 385/459 [00:37<00:07, 10.36it/s]
Epoch 30/50 [Train]:  84%|████████▍ | 387/459 [00:37<00:06, 10.39it/s]
Epoch 30/50 [Train]:  85%|████████▍ | 389/459 [00:37<00:06, 10.44it/s]
Epoch 30/50 [Train]:  85%|████████▌ | 391/459 [00:37<00:06, 10.42it/s]
Epoch 30/50 [Train]:  86%|████████▌ | 393/459 [00:37<00:06, 10.39it/s]
Epoch 30/50 [Train]:  86%|████████▌ | 395/459 [00:38<00:06, 10.44it/s]
Epoch 30/50 [Train]:  86%|████████▋ | 397/459 [00:38<00:05, 10.38it/s]
Epoch 30/50 [Train]:  87%|████████▋ | 399/459 [00:38<00:05, 10.43it/s]
Epoch 30/50 [Train]:  87%|████████▋ | 401/459 [00:38<00:05, 10.43it/s]
Epoch 30/50 [Train]:  88%|████████▊ | 403/459 [00:38<00:05, 10.40it/s]
Epoch 30/50 [Train]:  88%|████████▊ | 405/459 [00:39<00:05, 10.28it/s]
Epoch 30/50 [Train]:  89%|████████▊ | 407/459 [00:39<00:05, 10.33it/s]
Epoch 30/50 [Train]:  89%|████████▉ | 409/459 [00:39<00:04, 10.31it/s]
Epoch 30/50 [Train]:  90%|████████▉ | 411/459 [00:39<00:04, 10.37it/s]
Epoch 30/50 [Train]:  90%|████████▉ | 413/459 [00:39<00:04, 10.31it/s]
Epoch 30/50 [Train]:  90%|█████████ | 415/459 [00:40<00:04, 10.34it/s]
Epoch 30/50 [Train]:  91%|█████████ | 417/459 [00:40<00:04, 10.24it/s]
Epoch 30/50 [Train]:  91%|█████████▏| 419/459 [00:40<00:03, 10.22it/s]
Epoch 30/50 [Train]:  92%|█████████▏| 421/459 [00:40<00:03, 10.29it/s]
Epoch 30/50 [Train]:  92%|█████████▏| 423/459 [00:40<00:03, 10.34it/s]
Epoch 30/50 [Train]:  93%|█████████▎| 425/459 [00:41<00:03, 10.24it/s]
Epoch 30/50 [Train]:  93%|█████████▎| 427/459 [00:41<00:03, 10.30it/s]
Epoch 30/50 [Train]:  93%|█████████▎| 429/459 [00:41<00:02, 10.34it/s]
Epoch 30/50 [Train]:  94%|█████████▍| 431/459 [00:41<00:02, 10.39it/s]
Epoch 30/50 [Train]:  94%|█████████▍| 433/459 [00:41<00:02, 10.44it/s]
Epoch 30/50 [Train]:  95%|█████████▍| 435/459 [00:42<00:02, 10.24it/s]
Epoch 30/50 [Train]:  95%|█████████▌| 437/459 [00:42<00:02, 10.28it/s]
Epoch 30/50 [Train]:  96%|█████████▌| 439/459 [00:42<00:01, 10.28it/s]
Epoch 30/50 [Train]:  96%|█████████▌| 441/459 [00:42<00:01, 10.40it/s]
Epoch 30/50 [Train]:  97%|█████████▋| 443/459 [00:42<00:01, 10.35it/s]
Epoch 30/50 [Train]:  97%|█████████▋| 445/459 [00:42<00:01, 10.40it/s]
Epoch 30/50 [Train]:  97%|█████████▋| 447/459 [00:43<00:01, 10.28it/s]
Epoch 30/50 [Train]:  98%|█████████▊| 449/459 [00:43<00:00, 10.26it/s]
Epoch 30/50 [Train]:  98%|█████████▊| 451/459 [00:43<00:00, 10.25it/s]
Epoch 30/50 [Train]:  99%|█████████▊| 453/459 [00:43<00:00, 10.22it/s]
Epoch 30/50 [Train]:  99%|█████████▉| 455/459 [00:43<00:00,  9.85it/s]
Epoch 30/50 [Train]: 100%|█████████▉| 457/459 [00:44<00:00, 10.04it/s]
Epoch 30/50 [Train]: 100%|██████████| 459/459 [00:44<00:00, 10.18it/s]
                                                                      

Epoch 30/50 [Val]:   0%|          | 0/113 [00:00<?, ?it/s]
Epoch 30/50 [Val]:   2%|▏         | 2/113 [00:00<00:08, 13.87it/s]
Epoch 30/50 [Val]:   4%|▎         | 4/113 [00:00<00:07, 14.02it/s]
Epoch 30/50 [Val]:   5%|▌         | 6/113 [00:00<00:07, 13.78it/s]
Epoch 30/50 [Val]:   7%|▋         | 8/113 [00:00<00:07, 13.53it/s]
Epoch 30/50 [Val]:   9%|▉         | 10/113 [00:00<00:07, 13.86it/s]
Epoch 30/50 [Val]:  11%|█         | 12/113 [00:00<00:07, 13.98it/s]
Epoch 30/50 [Val]:  12%|█▏        | 14/113 [00:01<00:07, 14.01it/s]
Epoch 30/50 [Val]:  14%|█▍        | 16/113 [00:01<00:07, 13.36it/s]
Epoch 30/50 [Val]:  16%|█▌        | 18/113 [00:01<00:07, 13.07it/s]
Epoch 30/50 [Val]:  18%|█▊        | 20/113 [00:01<00:07, 12.80it/s]
Epoch 30/50 [Val]:  19%|█▉        | 22/113 [00:01<00:07, 12.75it/s]
Epoch 30/50 [Val]:  21%|██        | 24/113 [00:01<00:06, 12.72it/s]
Epoch 30/50 [Val]:  23%|██▎       | 26/113 [00:01<00:06, 13.00it/s]
Epoch 30/50 [Val]:  25%|██▍       | 28/113 [00:02<00:06, 13.24it/s]
Epoch 30/50 [Val]:  27%|██▋       | 30/113 [00:02<00:06, 13.31it/s]
Epoch 30/50 [Val]:  28%|██▊       | 32/113 [00:02<00:06, 13.41it/s]
Epoch 30/50 [Val]:  30%|███       | 34/113 [00:02<00:05, 13.52it/s]
Epoch 30/50 [Val]:  32%|███▏      | 36/113 [00:02<00:05, 13.74it/s]
Epoch 30/50 [Val]:  34%|███▎      | 38/113 [00:02<00:05, 13.84it/s]
Epoch 30/50 [Val]:  35%|███▌      | 40/113 [00:02<00:05, 13.94it/s]
Epoch 30/50 [Val]:  37%|███▋      | 42/113 [00:03<00:05, 13.89it/s]
Epoch 30/50 [Val]:  39%|███▉      | 44/113 [00:03<00:04, 13.84it/s]
Epoch 30/50 [Val]:  41%|████      | 46/113 [00:03<00:04, 13.56it/s]
Epoch 30/50 [Val]:  42%|████▏     | 48/113 [00:03<00:04, 13.42it/s]
Epoch 30/50 [Val]:  44%|████▍     | 50/113 [00:03<00:04, 13.78it/s]
Epoch 30/50 [Val]:  46%|████▌     | 52/113 [00:03<00:04, 14.08it/s]
Epoch 30/50 [Val]:  48%|████▊     | 54/113 [00:03<00:04, 14.29it/s]
Epoch 30/50 [Val]:  50%|████▉     | 56/113 [00:04<00:04, 14.13it/s]
Epoch 30/50 [Val]:  51%|█████▏    | 58/113 [00:04<00:03, 13.81it/s]
Epoch 30/50 [Val]:  53%|█████▎    | 60/113 [00:04<00:03, 14.16it/s]
Epoch 30/50 [Val]:  55%|█████▍    | 62/113 [00:04<00:03, 14.07it/s]
Epoch 30/50 [Val]:  57%|█████▋    | 64/113 [00:04<00:03, 14.06it/s]
Epoch 30/50 [Val]:  58%|█████▊    | 66/113 [00:04<00:03, 13.96it/s]
Epoch 30/50 [Val]:  60%|██████    | 68/113 [00:04<00:03, 13.83it/s]
Epoch 30/50 [Val]:  62%|██████▏   | 70/113 [00:05<00:03, 13.94it/s]
Epoch 30/50 [Val]:  64%|██████▎   | 72/113 [00:05<00:02, 14.03it/s]
Epoch 30/50 [Val]:  65%|██████▌   | 74/113 [00:05<00:02, 14.24it/s]
Epoch 30/50 [Val]:  67%|██████▋   | 76/113 [00:05<00:02, 14.21it/s]
Epoch 30/50 [Val]:  69%|██████▉   | 78/113 [00:05<00:02, 14.17it/s]
Epoch 30/50 [Val]:  71%|███████   | 80/113 [00:05<00:02, 14.14it/s]
Epoch 30/50 [Val]:  73%|███████▎  | 82/113 [00:05<00:02, 14.04it/s]
Epoch 30/50 [Val]:  74%|███████▍  | 84/113 [00:06<00:02, 14.13it/s]
Epoch 30/50 [Val]:  76%|███████▌  | 86/113 [00:06<00:01, 14.23it/s]
Epoch 30/50 [Val]:  78%|███████▊  | 88/113 [00:06<00:01, 13.94it/s]
Epoch 30/50 [Val]:  80%|███████▉  | 90/113 [00:06<00:01, 14.02it/s]
Epoch 30/50 [Val]:  81%|████████▏ | 92/113 [00:06<00:01, 14.05it/s]
Epoch 30/50 [Val]:  83%|████████▎ | 94/113 [00:06<00:01, 14.22it/s]
Epoch 30/50 [Val]:  85%|████████▍ | 96/113 [00:06<00:01, 14.45it/s]
Epoch 30/50 [Val]:  87%|████████▋ | 98/113 [00:07<00:01, 14.43it/s]
Epoch 30/50 [Val]:  88%|████████▊ | 100/113 [00:07<00:00, 14.28it/s]
Epoch 30/50 [Val]:  90%|█████████ | 102/113 [00:07<00:00, 13.95it/s]
Epoch 30/50 [Val]:  92%|█████████▏| 104/113 [00:07<00:00, 14.18it/s]
Epoch 30/50 [Val]:  94%|█████████▍| 106/113 [00:07<00:00, 14.27it/s]
Epoch 30/50 [Val]:  96%|█████████▌| 108/113 [00:07<00:00, 14.38it/s]
Epoch 30/50 [Val]:  97%|█████████▋| 110/113 [00:07<00:00, 14.45it/s]
Epoch 30/50 [Val]:  99%|█████████▉| 112/113 [00:08<00:00, 14.23it/s]
                                                                    

Epoch 31/50 [Train]:   0%|          | 0/459 [00:00<?, ?it/s]
Epoch 31/50 [Train]:   0%|          | 2/459 [00:00<00:44, 10.19it/s]
Epoch 31/50 [Train]:   1%|          | 4/459 [00:00<00:43, 10.42it/s]
Epoch 31/50 [Train]:   1%|▏         | 6/459 [00:00<00:43, 10.40it/s]
Epoch 31/50 [Train]:   2%|▏         | 8/459 [00:00<00:43, 10.32it/s]
Epoch 31/50 [Train]:   2%|▏         | 10/459 [00:00<00:43, 10.31it/s]
Epoch 31/50 [Train]:   3%|▎         | 12/459 [00:01<00:43, 10.32it/s]
Epoch 31/50 [Train]:   3%|▎         | 14/459 [00:01<00:42, 10.38it/s]
Epoch 31/50 [Train]:   3%|▎         | 16/459 [00:01<00:43, 10.26it/s]
Epoch 31/50 [Train]:   4%|▍         | 18/459 [00:01<00:42, 10.31it/s]
Epoch 31/50 [Train]:   4%|▍         | 20/459 [00:01<00:42, 10.23it/s]
Epoch 31/50 [Train]:   5%|▍         | 22/459 [00:02<00:42, 10.29it/s]
Epoch 31/50 [Train]:   5%|▌         | 24/459 [00:02<00:42, 10.29it/s]
Epoch 31/50 [Train]:   6%|▌         | 26/459 [00:02<00:41, 10.34it/s]
Epoch 31/50 [Train]:   6%|▌         | 28/459 [00:02<00:41, 10.43it/s]
Epoch 31/50 [Train]:   7%|▋         | 30/459 [00:02<00:41, 10.42it/s]
Epoch 31/50 [Train]:   7%|▋         | 32/459 [00:03<00:41, 10.35it/s]
Epoch 31/50 [Train]:   7%|▋         | 34/459 [00:03<00:40, 10.39it/s]
Epoch 31/50 [Train]:   8%|▊         | 36/459 [00:03<00:41, 10.16it/s]
Epoch 31/50 [Train]:   8%|▊         | 38/459 [00:03<00:40, 10.30it/s]
Epoch 31/50 [Train]:   9%|▊         | 40/459 [00:03<00:40, 10.37it/s]
Epoch 31/50 [Train]:   9%|▉         | 42/459 [00:04<00:40, 10.28it/s]
Epoch 31/50 [Train]:  10%|▉         | 44/459 [00:04<00:39, 10.39it/s]
Epoch 31/50 [Train]:  10%|█         | 46/459 [00:04<00:39, 10.35it/s]
Epoch 31/50 [Train]:  10%|█         | 48/459 [00:04<00:39, 10.32it/s]
Epoch 31/50 [Train]:  11%|█         | 50/459 [00:04<00:40, 10.20it/s]
Epoch 31/50 [Train]:  11%|█▏        | 52/459 [00:05<00:39, 10.27it/s]
Epoch 31/50 [Train]:  12%|█▏        | 54/459 [00:05<00:39, 10.25it/s]
Epoch 31/50 [Train]:  12%|█▏        | 56/459 [00:05<00:39, 10.26it/s]
Epoch 31/50 [Train]:  13%|█▎        | 58/459 [00:05<00:38, 10.37it/s]
Epoch 31/50 [Train]:  13%|█▎        | 60/459 [00:05<00:38, 10.40it/s]
Epoch 31/50 [Train]:  14%|█▎        | 62/459 [00:06<00:38, 10.43it/s]
Epoch 31/50 [Train]:  14%|█▍        | 64/459 [00:06<00:37, 10.47it/s]
Epoch 31/50 [Train]:  14%|█▍        | 66/459 [00:06<00:37, 10.41it/s]
Epoch 31/50 [Train]:  15%|█▍        | 68/459 [00:06<00:37, 10.35it/s]
Epoch 31/50 [Train]:  15%|█▌        | 70/459 [00:06<00:37, 10.38it/s]
Epoch 31/50 [Train]:  16%|█▌        | 72/459 [00:06<00:37, 10.21it/s]
Epoch 31/50 [Train]:  16%|█▌        | 74/459 [00:07<00:37, 10.25it/s]
Epoch 31/50 [Train]:  17%|█▋        | 76/459 [00:07<00:37, 10.28it/s]
Epoch 31/50 [Train]:  17%|█▋        | 78/459 [00:07<00:37, 10.27it/s]
Epoch 31/50 [Train]:  17%|█▋        | 80/459 [00:07<00:36, 10.26it/s]
Epoch 31/50 [Train]:  18%|█▊        | 82/459 [00:07<00:36, 10.30it/s]
Epoch 31/50 [Train]:  18%|█▊        | 84/459 [00:08<00:36, 10.27it/s]
Epoch 31/50 [Train]:  19%|█▊        | 86/459 [00:08<00:36, 10.35it/s]
Epoch 31/50 [Train]:  19%|█▉        | 88/459 [00:08<00:35, 10.35it/s]
Epoch 31/50 [Train]:  20%|█▉        | 90/459 [00:08<00:35, 10.33it/s]
Epoch 31/50 [Train]:  20%|██        | 92/459 [00:08<00:36, 10.17it/s]
Epoch 31/50 [Train]:  20%|██        | 94/459 [00:09<00:35, 10.24it/s]
Epoch 31/50 [Train]:  21%|██        | 96/459 [00:09<00:35, 10.26it/s]
Epoch 31/50 [Train]:  21%|██▏       | 98/459 [00:09<00:35, 10.31it/s]
Epoch 31/50 [Train]:  22%|██▏       | 100/459 [00:09<00:34, 10.38it/s]
Epoch 31/50 [Train]:  22%|██▏       | 102/459 [00:09<00:34, 10.33it/s]
Epoch 31/50 [Train]:  23%|██▎       | 104/459 [00:10<00:34, 10.21it/s]
Epoch 31/50 [Train]:  23%|██▎       | 106/459 [00:10<00:34, 10.31it/s]
Epoch 31/50 [Train]:  24%|██▎       | 108/459 [00:10<00:33, 10.35it/s]
Epoch 31/50 [Train]:  24%|██▍       | 110/459 [00:10<00:33, 10.30it/s]
Epoch 31/50 [Train]:  24%|██▍       | 112/459 [00:10<00:33, 10.36it/s]
Epoch 31/50 [Train]:  25%|██▍       | 114/459 [00:11<00:33, 10.37it/s]
Epoch 31/50 [Train]:  25%|██▌       | 116/459 [00:11<00:33, 10.30it/s]
Epoch 31/50 [Train]:  26%|██▌       | 118/459 [00:11<00:33, 10.32it/s]
Epoch 31/50 [Train]:  26%|██▌       | 120/459 [00:11<00:32, 10.32it/s]
Epoch 31/50 [Train]:  27%|██▋       | 122/459 [00:11<00:32, 10.33it/s]
Epoch 31/50 [Train]:  27%|██▋       | 124/459 [00:12<00:32, 10.30it/s]
Epoch 31/50 [Train]:  27%|██▋       | 126/459 [00:12<00:32, 10.34it/s]
Epoch 31/50 [Train]:  28%|██▊       | 128/459 [00:12<00:32, 10.30it/s]
Epoch 31/50 [Train]:  28%|██▊       | 130/459 [00:12<00:31, 10.34it/s]
Epoch 31/50 [Train]:  29%|██▉       | 132/459 [00:12<00:31, 10.36it/s]
Epoch 31/50 [Train]:  29%|██▉       | 134/459 [00:12<00:31, 10.40it/s]
Epoch 31/50 [Train]:  30%|██▉       | 136/459 [00:13<00:31, 10.26it/s]
Epoch 31/50 [Train]:  30%|███       | 138/459 [00:13<00:31, 10.25it/s]
Epoch 31/50 [Train]:  31%|███       | 140/459 [00:13<00:31, 10.23it/s]
Epoch 31/50 [Train]:  31%|███       | 142/459 [00:13<00:30, 10.29it/s]
Epoch 31/50 [Train]:  31%|███▏      | 144/459 [00:13<00:30, 10.19it/s]
Epoch 31/50 [Train]:  32%|███▏      | 146/459 [00:14<00:30, 10.27it/s]
Epoch 31/50 [Train]:  32%|███▏      | 148/459 [00:14<00:30, 10.25it/s]
Epoch 31/50 [Train]:  33%|███▎      | 150/459 [00:14<00:30, 10.20it/s]
Epoch 31/50 [Train]:  33%|███▎      | 152/459 [00:14<00:29, 10.29it/s]
Epoch 31/50 [Train]:  34%|███▎      | 154/459 [00:14<00:29, 10.38it/s]
Epoch 31/50 [Train]:  34%|███▍      | 156/459 [00:15<00:29, 10.31it/s]
Epoch 31/50 [Train]:  34%|███▍      | 158/459 [00:15<00:29, 10.28it/s]
Epoch 31/50 [Train]:  35%|███▍      | 160/459 [00:15<00:28, 10.34it/s]
Epoch 31/50 [Train]:  35%|███▌      | 162/459 [00:15<00:28, 10.37it/s]
Epoch 31/50 [Train]:  36%|███▌      | 164/459 [00:15<00:28, 10.45it/s]
Epoch 31/50 [Train]:  36%|███▌      | 166/459 [00:16<00:28, 10.29it/s]
Epoch 31/50 [Train]:  37%|███▋      | 168/459 [00:16<00:28, 10.31it/s]
Epoch 31/50 [Train]:  37%|███▋      | 170/459 [00:16<00:27, 10.32it/s]
Epoch 31/50 [Train]:  37%|███▋      | 172/459 [00:16<00:27, 10.37it/s]
Epoch 31/50 [Train]:  38%|███▊      | 174/459 [00:16<00:27, 10.19it/s]
Epoch 31/50 [Train]:  38%|███▊      | 176/459 [00:17<00:27, 10.26it/s]
Epoch 31/50 [Train]:  39%|███▉      | 178/459 [00:17<00:27, 10.33it/s]
Epoch 31/50 [Train]:  39%|███▉      | 180/459 [00:17<00:26, 10.35it/s]
Epoch 31/50 [Train]:  40%|███▉      | 182/459 [00:17<00:26, 10.33it/s]
Epoch 31/50 [Train]:  40%|████      | 184/459 [00:17<00:26, 10.33it/s]
Epoch 31/50 [Train]:  41%|████      | 186/459 [00:18<00:26, 10.30it/s]
Epoch 31/50 [Train]:  41%|████      | 188/459 [00:18<00:26, 10.28it/s]
Epoch 31/50 [Train]:  41%|████▏     | 190/459 [00:18<00:25, 10.35it/s]
Epoch 31/50 [Train]:  42%|████▏     | 192/459 [00:18<00:25, 10.34it/s]
Epoch 31/50 [Train]:  42%|████▏     | 194/459 [00:18<00:25, 10.36it/s]
Epoch 31/50 [Train]:  43%|████▎     | 196/459 [00:18<00:25, 10.45it/s]
Epoch 31/50 [Train]:  43%|████▎     | 198/459 [00:19<00:25, 10.40it/s]
Epoch 31/50 [Train]:  44%|████▎     | 200/459 [00:19<00:24, 10.44it/s]
Epoch 31/50 [Train]:  44%|████▍     | 202/459 [00:19<00:24, 10.35it/s]
Epoch 31/50 [Train]:  44%|████▍     | 204/459 [00:19<00:24, 10.40it/s]
Epoch 31/50 [Train]:  45%|████▍     | 206/459 [00:19<00:24, 10.35it/s]
Epoch 31/50 [Train]:  45%|████▌     | 208/459 [00:20<00:24, 10.32it/s]
Epoch 31/50 [Train]:  46%|████▌     | 210/459 [00:20<00:24, 10.35it/s]
Epoch 31/50 [Train]:  46%|████▌     | 212/459 [00:20<00:23, 10.41it/s]
Epoch 31/50 [Train]:  47%|████▋     | 214/459 [00:20<00:23, 10.39it/s]
Epoch 31/50 [Train]:  47%|████▋     | 216/459 [00:20<00:23, 10.41it/s]
Epoch 31/50 [Train]:  47%|████▋     | 218/459 [00:21<00:23, 10.34it/s]
Epoch 31/50 [Train]:  48%|████▊     | 220/459 [00:21<00:23, 10.32it/s]
Epoch 31/50 [Train]:  48%|████▊     | 222/459 [00:21<00:23, 10.30it/s]
Epoch 31/50 [Train]:  49%|████▉     | 224/459 [00:21<00:22, 10.30it/s]
Epoch 31/50 [Train]:  49%|████▉     | 226/459 [00:21<00:22, 10.34it/s]
Epoch 31/50 [Train]:  50%|████▉     | 228/459 [00:22<00:22, 10.36it/s]
Epoch 31/50 [Train]:  50%|█████     | 230/459 [00:22<00:22, 10.33it/s]
Epoch 31/50 [Train]:  51%|█████     | 232/459 [00:22<00:21, 10.34it/s]
Epoch 31/50 [Train]:  51%|█████     | 234/459 [00:22<00:21, 10.38it/s]
Epoch 31/50 [Train]:  51%|█████▏    | 236/459 [00:22<00:21, 10.19it/s]
Epoch 31/50 [Train]:  52%|█████▏    | 238/459 [00:23<00:21, 10.20it/s]
Epoch 31/50 [Train]:  52%|█████▏    | 240/459 [00:23<00:21, 10.25it/s]
Epoch 31/50 [Train]:  53%|█████▎    | 242/459 [00:23<00:21, 10.18it/s]
Epoch 31/50 [Train]:  53%|█████▎    | 244/459 [00:23<00:21, 10.23it/s]
Epoch 31/50 [Train]:  54%|█████▎    | 246/459 [00:23<00:20, 10.27it/s]
Epoch 31/50 [Train]:  54%|█████▍    | 248/459 [00:24<00:20, 10.18it/s]
Epoch 31/50 [Train]:  54%|█████▍    | 250/459 [00:24<00:20, 10.28it/s]
Epoch 31/50 [Train]:  55%|█████▍    | 252/459 [00:24<00:20, 10.28it/s]
Epoch 31/50 [Train]:  55%|█████▌    | 254/459 [00:24<00:19, 10.35it/s]
Epoch 31/50 [Train]:  56%|█████▌    | 256/459 [00:24<00:19, 10.35it/s]
Epoch 31/50 [Train]:  56%|█████▌    | 258/459 [00:25<00:19, 10.30it/s]
Epoch 31/50 [Train]:  57%|█████▋    | 260/459 [00:25<00:19, 10.28it/s]
Epoch 31/50 [Train]:  57%|█████▋    | 262/459 [00:25<00:19, 10.24it/s]
Epoch 31/50 [Train]:  58%|█████▊    | 264/459 [00:25<00:19, 10.25it/s]
Epoch 31/50 [Train]:  58%|█████▊    | 266/459 [00:25<00:18, 10.28it/s]
Epoch 31/50 [Train]:  58%|█████▊    | 268/459 [00:25<00:18, 10.34it/s]
Epoch 31/50 [Train]:  59%|█████▉    | 270/459 [00:26<00:18, 10.42it/s]
Epoch 31/50 [Train]:  59%|█████▉    | 272/459 [00:26<00:17, 10.42it/s]
Epoch 31/50 [Train]:  60%|█████▉    | 274/459 [00:26<00:17, 10.41it/s]
Epoch 31/50 [Train]:  60%|██████    | 276/459 [00:26<00:17, 10.44it/s]
Epoch 31/50 [Train]:  61%|██████    | 278/459 [00:26<00:17, 10.43it/s]
Epoch 31/50 [Train]:  61%|██████    | 280/459 [00:27<00:17, 10.43it/s]
Epoch 31/50 [Train]:  61%|██████▏   | 282/459 [00:27<00:16, 10.44it/s]
Epoch 31/50 [Train]:  62%|██████▏   | 284/459 [00:27<00:16, 10.44it/s]
Epoch 31/50 [Train]:  62%|██████▏   | 286/459 [00:27<00:16, 10.40it/s]
Epoch 31/50 [Train]:  63%|██████▎   | 288/459 [00:27<00:16, 10.42it/s]
Epoch 31/50 [Train]:  63%|██████▎   | 290/459 [00:28<00:16, 10.40it/s]
Epoch 31/50 [Train]:  64%|██████▎   | 292/459 [00:28<00:16, 10.41it/s]
Epoch 31/50 [Train]:  64%|██████▍   | 294/459 [00:28<00:16, 10.28it/s]
Epoch 31/50 [Train]:  64%|██████▍   | 296/459 [00:28<00:15, 10.31it/s]
Epoch 31/50 [Train]:  65%|██████▍   | 298/459 [00:28<00:15, 10.31it/s]
Epoch 31/50 [Train]:  65%|██████▌   | 300/459 [00:29<00:15, 10.37it/s]
Epoch 31/50 [Train]:  66%|██████▌   | 302/459 [00:29<00:15, 10.42it/s]
Epoch 31/50 [Train]:  66%|██████▌   | 304/459 [00:29<00:15, 10.29it/s]
Epoch 31/50 [Train]:  67%|██████▋   | 306/459 [00:29<00:14, 10.32it/s]
Epoch 31/50 [Train]:  67%|██████▋   | 308/459 [00:29<00:14, 10.28it/s]
Epoch 31/50 [Train]:  68%|██████▊   | 310/459 [00:30<00:14, 10.32it/s]
Epoch 31/50 [Train]:  68%|██████▊   | 312/459 [00:30<00:14, 10.34it/s]
Epoch 31/50 [Train]:  68%|██████▊   | 314/459 [00:30<00:14, 10.34it/s]
Epoch 31/50 [Train]:  69%|██████▉   | 316/459 [00:30<00:13, 10.36it/s]
Epoch 31/50 [Train]:  69%|██████▉   | 318/459 [00:30<00:13, 10.36it/s]
Epoch 31/50 [Train]:  70%|██████▉   | 320/459 [00:30<00:13, 10.37it/s]
Epoch 31/50 [Train]:  70%|███████   | 322/459 [00:31<00:13, 10.28it/s]
Epoch 31/50 [Train]:  71%|███████   | 324/459 [00:31<00:13, 10.35it/s]
Epoch 31/50 [Train]:  71%|███████   | 326/459 [00:31<00:12, 10.34it/s]
Epoch 31/50 [Train]:  71%|███████▏  | 328/459 [00:31<00:12, 10.35it/s]
Epoch 31/50 [Train]:  72%|███████▏  | 330/459 [00:31<00:12, 10.35it/s]
Epoch 31/50 [Train]:  72%|███████▏  | 332/459 [00:32<00:12, 10.40it/s]
Epoch 31/50 [Train]:  73%|███████▎  | 334/459 [00:32<00:12, 10.37it/s]
Epoch 31/50 [Train]:  73%|███████▎  | 336/459 [00:32<00:12, 10.13it/s]
Epoch 31/50 [Train]:  74%|███████▎  | 338/459 [00:32<00:11, 10.16it/s]
Epoch 31/50 [Train]:  74%|███████▍  | 340/459 [00:32<00:11, 10.22it/s]
Epoch 31/50 [Train]:  75%|███████▍  | 342/459 [00:33<00:11, 10.19it/s]
Epoch 31/50 [Train]:  75%|███████▍  | 344/459 [00:33<00:11, 10.19it/s]
Epoch 31/50 [Train]:  75%|███████▌  | 346/459 [00:33<00:11, 10.26it/s]
Epoch 31/50 [Train]:  76%|███████▌  | 348/459 [00:33<00:10, 10.25it/s]
Epoch 31/50 [Train]:  76%|███████▋  | 350/459 [00:33<00:10, 10.30it/s]
Epoch 31/50 [Train]:  77%|███████▋  | 352/459 [00:34<00:10, 10.34it/s]
Epoch 31/50 [Train]:  77%|███████▋  | 354/459 [00:34<00:10, 10.42it/s]
Epoch 31/50 [Train]:  78%|███████▊  | 356/459 [00:34<00:09, 10.38it/s]
Epoch 31/50 [Train]:  78%|███████▊  | 358/459 [00:34<00:09, 10.42it/s]
Epoch 31/50 [Train]:  78%|███████▊  | 360/459 [00:34<00:09, 10.45it/s]
Epoch 31/50 [Train]:  79%|███████▉  | 362/459 [00:35<00:09, 10.34it/s]
Epoch 31/50 [Train]:  79%|███████▉  | 364/459 [00:35<00:09, 10.37it/s]
Epoch 31/50 [Train]:  80%|███████▉  | 366/459 [00:35<00:08, 10.39it/s]
Epoch 31/50 [Train]:  80%|████████  | 368/459 [00:35<00:08, 10.37it/s]
Epoch 31/50 [Train]:  81%|████████  | 370/459 [00:35<00:08, 10.36it/s]
Epoch 31/50 [Train]:  81%|████████  | 372/459 [00:36<00:08, 10.37it/s]
Epoch 31/50 [Train]:  81%|████████▏ | 374/459 [00:36<00:08, 10.38it/s]
Epoch 31/50 [Train]:  82%|████████▏ | 376/459 [00:36<00:07, 10.41it/s]
Epoch 31/50 [Train]:  82%|████████▏ | 378/459 [00:36<00:07, 10.42it/s]
Epoch 31/50 [Train]:  83%|████████▎ | 380/459 [00:36<00:07, 10.47it/s]
Epoch 31/50 [Train]:  83%|████████▎ | 382/459 [00:36<00:07, 10.48it/s]
Epoch 31/50 [Train]:  84%|████████▎ | 384/459 [00:37<00:07, 10.46it/s]
Epoch 31/50 [Train]:  84%|████████▍ | 386/459 [00:37<00:06, 10.44it/s]
Epoch 31/50 [Train]:  85%|████████▍ | 388/459 [00:37<00:06, 10.31it/s]
Epoch 31/50 [Train]:  85%|████████▍ | 390/459 [00:37<00:06, 10.32it/s]
Epoch 31/50 [Train]:  85%|████████▌ | 392/459 [00:37<00:06, 10.33it/s]
Epoch 31/50 [Train]:  86%|████████▌ | 394/459 [00:38<00:06, 10.36it/s]
Epoch 31/50 [Train]:  86%|████████▋ | 396/459 [00:38<00:06, 10.38it/s]
Epoch 31/50 [Train]:  87%|████████▋ | 398/459 [00:38<00:05, 10.39it/s]
Epoch 31/50 [Train]:  87%|████████▋ | 400/459 [00:38<00:05, 10.45it/s]
Epoch 31/50 [Train]:  88%|████████▊ | 402/459 [00:38<00:05, 10.39it/s]
Epoch 31/50 [Train]:  88%|████████▊ | 404/459 [00:39<00:05, 10.43it/s]
Epoch 31/50 [Train]:  88%|████████▊ | 406/459 [00:39<00:05, 10.45it/s]
Epoch 31/50 [Train]:  89%|████████▉ | 408/459 [00:39<00:04, 10.34it/s]
Epoch 31/50 [Train]:  89%|████████▉ | 410/459 [00:39<00:04, 10.37it/s]
Epoch 31/50 [Train]:  90%|████████▉ | 412/459 [00:39<00:04, 10.33it/s]
Epoch 31/50 [Train]:  90%|█████████ | 414/459 [00:40<00:04, 10.34it/s]
Epoch 31/50 [Train]:  91%|█████████ | 416/459 [00:40<00:04, 10.32it/s]
Epoch 31/50 [Train]:  91%|█████████ | 418/459 [00:40<00:03, 10.33it/s]
Epoch 31/50 [Train]:  92%|█████████▏| 420/459 [00:40<00:03, 10.39it/s]
Epoch 31/50 [Train]:  92%|█████████▏| 422/459 [00:40<00:03, 10.38it/s]
Epoch 31/50 [Train]:  92%|█████████▏| 424/459 [00:41<00:03, 10.42it/s]
Epoch 31/50 [Train]:  93%|█████████▎| 426/459 [00:41<00:03, 10.42it/s]
Epoch 31/50 [Train]:  93%|█████████▎| 428/459 [00:41<00:02, 10.43it/s]
Epoch 31/50 [Train]:  94%|█████████▎| 430/459 [00:41<00:02, 10.46it/s]
Epoch 31/50 [Train]:  94%|█████████▍| 432/459 [00:41<00:02, 10.46it/s]
Epoch 31/50 [Train]:  95%|█████████▍| 434/459 [00:42<00:02, 10.30it/s]
Epoch 31/50 [Train]:  95%|█████████▍| 436/459 [00:42<00:02, 10.36it/s]
Epoch 31/50 [Train]:  95%|█████████▌| 438/459 [00:42<00:02, 10.37it/s]
Epoch 31/50 [Train]:  96%|█████████▌| 440/459 [00:42<00:01, 10.40it/s]
Epoch 31/50 [Train]:  96%|█████████▋| 442/459 [00:42<00:01, 10.38it/s]
Epoch 31/50 [Train]:  97%|█████████▋| 444/459 [00:42<00:01, 10.35it/s]
Epoch 31/50 [Train]:  97%|█████████▋| 446/459 [00:43<00:01, 10.30it/s]
Epoch 31/50 [Train]:  98%|█████████▊| 448/459 [00:43<00:01, 10.33it/s]
Epoch 31/50 [Train]:  98%|█████████▊| 450/459 [00:43<00:00, 10.29it/s]
Epoch 31/50 [Train]:  98%|█████████▊| 452/459 [00:43<00:00, 10.29it/s]
Epoch 31/50 [Train]:  99%|█████████▉| 454/459 [00:43<00:00, 10.35it/s]
Epoch 31/50 [Train]:  99%|█████████▉| 456/459 [00:44<00:00, 10.30it/s]
Epoch 31/50 [Train]: 100%|█████████▉| 458/459 [00:44<00:00, 10.36it/s]
                                                                      

Epoch 31/50 [Val]:   0%|          | 0/113 [00:00<?, ?it/s]
Epoch 31/50 [Val]:   2%|▏         | 2/113 [00:00<00:08, 13.42it/s]
Epoch 31/50 [Val]:   4%|▎         | 4/113 [00:00<00:07, 13.76it/s]
Epoch 31/50 [Val]:   5%|▌         | 6/113 [00:00<00:07, 13.69it/s]
Epoch 31/50 [Val]:   7%|▋         | 8/113 [00:00<00:07, 14.01it/s]
Epoch 31/50 [Val]:   9%|▉         | 10/113 [00:00<00:07, 14.16it/s]
Epoch 31/50 [Val]:  11%|█         | 12/113 [00:00<00:07, 13.75it/s]
Epoch 31/50 [Val]:  12%|█▏        | 14/113 [00:01<00:07, 13.87it/s]
Epoch 31/50 [Val]:  14%|█▍        | 16/113 [00:01<00:07, 13.47it/s]
Epoch 31/50 [Val]:  16%|█▌        | 18/113 [00:01<00:07, 13.13it/s]
Epoch 31/50 [Val]:  18%|█▊        | 20/113 [00:01<00:07, 12.98it/s]
Epoch 31/50 [Val]:  19%|█▉        | 22/113 [00:01<00:07, 12.78it/s]
Epoch 31/50 [Val]:  21%|██        | 24/113 [00:01<00:07, 12.65it/s]
Epoch 31/50 [Val]:  23%|██▎       | 26/113 [00:01<00:06, 12.75it/s]
Epoch 31/50 [Val]:  25%|██▍       | 28/113 [00:02<00:06, 12.88it/s]
Epoch 31/50 [Val]:  27%|██▋       | 30/113 [00:02<00:06, 12.95it/s]
Epoch 31/50 [Val]:  28%|██▊       | 32/113 [00:02<00:06, 13.11it/s]
Epoch 31/50 [Val]:  30%|███       | 34/113 [00:02<00:05, 13.32it/s]
Epoch 31/50 [Val]:  32%|███▏      | 36/113 [00:02<00:05, 13.64it/s]
Epoch 31/50 [Val]:  34%|███▎      | 38/113 [00:02<00:05, 13.84it/s]
Epoch 31/50 [Val]:  35%|███▌      | 40/113 [00:02<00:05, 13.98it/s]
Epoch 31/50 [Val]:  37%|███▋      | 42/113 [00:03<00:05, 13.88it/s]
Epoch 31/50 [Val]:  39%|███▉      | 44/113 [00:03<00:04, 13.82it/s]
Epoch 31/50 [Val]:  41%|████      | 46/113 [00:03<00:04, 13.65it/s]
Epoch 31/50 [Val]:  42%|████▏     | 48/113 [00:03<00:04, 13.43it/s]
Epoch 31/50 [Val]:  44%|████▍     | 50/113 [00:03<00:04, 13.18it/s]
Epoch 31/50 [Val]:  46%|████▌     | 52/113 [00:03<00:04, 13.31it/s]
Epoch 31/50 [Val]:  48%|████▊     | 54/113 [00:04<00:04, 13.51it/s]
Epoch 31/50 [Val]:  50%|████▉     | 56/113 [00:04<00:04, 13.54it/s]
Epoch 31/50 [Val]:  51%|█████▏    | 58/113 [00:04<00:04, 13.39it/s]
Epoch 31/50 [Val]:  53%|█████▎    | 60/113 [00:04<00:03, 13.76it/s]
Epoch 31/50 [Val]:  55%|█████▍    | 62/113 [00:04<00:03, 13.88it/s]
Epoch 31/50 [Val]:  57%|█████▋    | 64/113 [00:04<00:03, 14.00it/s]
Epoch 31/50 [Val]:  58%|█████▊    | 66/113 [00:04<00:03, 13.71it/s]
Epoch 31/50 [Val]:  60%|██████    | 68/113 [00:05<00:03, 13.53it/s]
Epoch 31/50 [Val]:  62%|██████▏   | 70/113 [00:05<00:03, 13.77it/s]
Epoch 31/50 [Val]:  64%|██████▎   | 72/113 [00:05<00:02, 13.99it/s]
Epoch 31/50 [Val]:  65%|██████▌   | 74/113 [00:05<00:02, 13.92it/s]
Epoch 31/50 [Val]:  67%|██████▋   | 76/113 [00:05<00:02, 14.06it/s]
Epoch 31/50 [Val]:  69%|██████▉   | 78/113 [00:05<00:02, 14.10it/s]
Epoch 31/50 [Val]:  71%|███████   | 80/113 [00:05<00:02, 13.98it/s]
Epoch 31/50 [Val]:  73%|███████▎  | 82/113 [00:06<00:02, 13.84it/s]
Epoch 31/50 [Val]:  74%|███████▍  | 84/113 [00:06<00:02, 13.91it/s]
Epoch 31/50 [Val]:  76%|███████▌  | 86/113 [00:06<00:01, 13.85it/s]
Epoch 31/50 [Val]:  78%|███████▊  | 88/113 [00:06<00:01, 13.86it/s]
Epoch 31/50 [Val]:  80%|███████▉  | 90/113 [00:06<00:01, 14.05it/s]
Epoch 31/50 [Val]:  81%|████████▏ | 92/113 [00:06<00:01, 14.11it/s]
Epoch 31/50 [Val]:  83%|████████▎ | 94/113 [00:06<00:01, 14.31it/s]
Epoch 31/50 [Val]:  85%|████████▍ | 96/113 [00:07<00:01, 14.42it/s]
Epoch 31/50 [Val]:  87%|████████▋ | 98/113 [00:07<00:01, 14.37it/s]
Epoch 31/50 [Val]:  88%|████████▊ | 100/113 [00:07<00:00, 14.05it/s]
Epoch 31/50 [Val]:  90%|█████████ | 102/113 [00:07<00:00, 13.85it/s]
Epoch 31/50 [Val]:  92%|█████████▏| 104/113 [00:07<00:00, 14.12it/s]
Epoch 31/50 [Val]:  94%|█████████▍| 106/113 [00:07<00:00, 14.11it/s]
Epoch 31/50 [Val]:  96%|█████████▌| 108/113 [00:07<00:00, 14.07it/s]
Epoch 31/50 [Val]:  97%|█████████▋| 110/113 [00:08<00:00, 14.23it/s]
Epoch 31/50 [Val]:  99%|█████████▉| 112/113 [00:08<00:00, 14.24it/s]
                                                                    

Epoch 32/50 [Train]:   0%|          | 0/459 [00:00<?, ?it/s]
Epoch 32/50 [Train]:   0%|          | 1/459 [00:00<00:45,  9.99it/s]
Epoch 32/50 [Train]:   1%|          | 3/459 [00:00<00:44, 10.30it/s]
Epoch 32/50 [Train]:   1%|          | 5/459 [00:00<00:44, 10.28it/s]
Epoch 32/50 [Train]:   2%|▏         | 7/459 [00:00<00:44, 10.24it/s]
Epoch 32/50 [Train]:   2%|▏         | 9/459 [00:00<00:43, 10.31it/s]
Epoch 32/50 [Train]:   2%|▏         | 11/459 [00:01<00:43, 10.33it/s]
Epoch 32/50 [Train]:   3%|▎         | 13/459 [00:01<00:43, 10.36it/s]
Epoch 32/50 [Train]:   3%|▎         | 15/459 [00:01<00:42, 10.35it/s]
Epoch 32/50 [Train]:   4%|▎         | 17/459 [00:01<00:42, 10.39it/s]
Epoch 32/50 [Train]:   4%|▍         | 19/459 [00:01<00:43, 10.21it/s]
Epoch 32/50 [Train]:   5%|▍         | 21/459 [00:02<00:42, 10.21it/s]
Epoch 32/50 [Train]:   5%|▌         | 23/459 [00:02<00:42, 10.24it/s]
Epoch 32/50 [Train]:   5%|▌         | 25/459 [00:02<00:42, 10.27it/s]
Epoch 32/50 [Train]:   6%|▌         | 27/459 [00:02<00:42, 10.26it/s]
Epoch 32/50 [Train]:   6%|▋         | 29/459 [00:02<00:41, 10.33it/s]
Epoch 32/50 [Train]:   7%|▋         | 31/459 [00:03<00:41, 10.27it/s]
Epoch 32/50 [Train]:   7%|▋         | 33/459 [00:03<00:41, 10.28it/s]
Epoch 32/50 [Train]:   8%|▊         | 35/459 [00:03<00:41, 10.19it/s]
Epoch 32/50 [Train]:   8%|▊         | 37/459 [00:03<00:41, 10.20it/s]
Epoch 32/50 [Train]:   8%|▊         | 39/459 [00:03<00:40, 10.28it/s]
Epoch 32/50 [Train]:   9%|▉         | 41/459 [00:03<00:40, 10.30it/s]
Epoch 32/50 [Train]:   9%|▉         | 43/459 [00:04<00:40, 10.25it/s]
Epoch 32/50 [Train]:  10%|▉         | 45/459 [00:04<00:40, 10.29it/s]
Epoch 32/50 [Train]:  10%|█         | 47/459 [00:04<00:40, 10.27it/s]
Epoch 32/50 [Train]:  11%|█         | 49/459 [00:04<00:39, 10.29it/s]
Epoch 32/50 [Train]:  11%|█         | 51/459 [00:04<00:39, 10.28it/s]
Epoch 32/50 [Train]:  12%|█▏        | 53/459 [00:05<00:39, 10.34it/s]
Epoch 32/50 [Train]:  12%|█▏        | 55/459 [00:05<00:38, 10.39it/s]
Epoch 32/50 [Train]:  12%|█▏        | 57/459 [00:05<00:38, 10.35it/s]
Epoch 32/50 [Train]:  13%|█▎        | 59/459 [00:05<00:38, 10.37it/s]
Epoch 32/50 [Train]:  13%|█▎        | 61/459 [00:05<00:38, 10.25it/s]
Epoch 32/50 [Train]:  14%|█▎        | 63/459 [00:06<00:38, 10.31it/s]
Epoch 32/50 [Train]:  14%|█▍        | 65/459 [00:06<00:38, 10.28it/s]
Epoch 32/50 [Train]:  15%|█▍        | 67/459 [00:06<00:38, 10.30it/s]
Epoch 32/50 [Train]:  15%|█▌        | 69/459 [00:06<00:38, 10.22it/s]
Epoch 32/50 [Train]:  15%|█▌        | 71/459 [00:06<00:37, 10.27it/s]
Epoch 32/50 [Train]:  16%|█▌        | 73/459 [00:07<00:37, 10.26it/s]
Epoch 32/50 [Train]:  16%|█▋        | 75/459 [00:07<00:37, 10.31it/s]
Epoch 32/50 [Train]:  17%|█▋        | 77/459 [00:07<00:36, 10.36it/s]
Epoch 32/50 [Train]:  17%|█▋        | 79/459 [00:07<00:36, 10.38it/s]
Epoch 32/50 [Train]:  18%|█▊        | 81/459 [00:07<00:36, 10.42it/s]
Epoch 32/50 [Train]:  18%|█▊        | 83/459 [00:08<00:36, 10.40it/s]
Epoch 32/50 [Train]:  19%|█▊        | 85/459 [00:08<00:35, 10.40it/s]
Epoch 32/50 [Train]:  19%|█▉        | 87/459 [00:08<00:35, 10.43it/s]
Epoch 32/50 [Train]:  19%|█▉        | 89/459 [00:08<00:35, 10.44it/s]
Epoch 32/50 [Train]:  20%|█▉        | 91/459 [00:08<00:35, 10.38it/s]
Epoch 32/50 [Train]:  20%|██        | 93/459 [00:09<00:35, 10.30it/s]
Epoch 32/50 [Train]:  21%|██        | 95/459 [00:09<00:35, 10.38it/s]
Epoch 32/50 [Train]:  21%|██        | 97/459 [00:09<00:34, 10.43it/s]
Epoch 32/50 [Train]:  22%|██▏       | 99/459 [00:09<00:34, 10.38it/s]
Epoch 32/50 [Train]:  22%|██▏       | 101/459 [00:09<00:34, 10.37it/s]
Epoch 32/50 [Train]:  22%|██▏       | 103/459 [00:09<00:34, 10.39it/s]
Epoch 32/50 [Train]:  23%|██▎       | 105/459 [00:10<00:34, 10.39it/s]
Epoch 32/50 [Train]:  23%|██▎       | 107/459 [00:10<00:34, 10.34it/s]
Epoch 32/50 [Train]:  24%|██▎       | 109/459 [00:10<00:33, 10.39it/s]
Epoch 32/50 [Train]:  24%|██▍       | 111/459 [00:10<00:33, 10.35it/s]
Epoch 32/50 [Train]:  25%|██▍       | 113/459 [00:10<00:33, 10.25it/s]
Epoch 32/50 [Train]:  25%|██▌       | 115/459 [00:11<00:33, 10.18it/s]
Epoch 32/50 [Train]:  25%|██▌       | 117/459 [00:11<00:33, 10.23it/s]
Epoch 32/50 [Train]:  26%|██▌       | 119/459 [00:11<00:33, 10.30it/s]
Epoch 32/50 [Train]:  26%|██▋       | 121/459 [00:11<00:32, 10.32it/s]
Epoch 32/50 [Train]:  27%|██▋       | 123/459 [00:11<00:32, 10.32it/s]
Epoch 32/50 [Train]:  27%|██▋       | 125/459 [00:12<00:32, 10.34it/s]
Epoch 32/50 [Train]:  28%|██▊       | 127/459 [00:12<00:32, 10.35it/s]
Epoch 32/50 [Train]:  28%|██▊       | 129/459 [00:12<00:31, 10.37it/s]
Epoch 32/50 [Train]:  29%|██▊       | 131/459 [00:12<00:31, 10.33it/s]
Epoch 32/50 [Train]:  29%|██▉       | 133/459 [00:12<00:31, 10.36it/s]
Epoch 32/50 [Train]:  29%|██▉       | 135/459 [00:13<00:31, 10.37it/s]
Epoch 32/50 [Train]:  30%|██▉       | 137/459 [00:13<00:30, 10.40it/s]
Epoch 32/50 [Train]:  30%|███       | 139/459 [00:13<00:30, 10.42it/s]
Epoch 32/50 [Train]:  31%|███       | 141/459 [00:13<00:30, 10.32it/s]
Epoch 32/50 [Train]:  31%|███       | 143/459 [00:13<00:30, 10.34it/s]
Epoch 32/50 [Train]:  32%|███▏      | 145/459 [00:14<00:30, 10.33it/s]
Epoch 32/50 [Train]:  32%|███▏      | 147/459 [00:14<00:30, 10.35it/s]
Epoch 32/50 [Train]:  32%|███▏      | 149/459 [00:14<00:30, 10.32it/s]
Epoch 32/50 [Train]:  33%|███▎      | 151/459 [00:14<00:29, 10.36it/s]
Epoch 32/50 [Train]:  33%|███▎      | 153/459 [00:14<00:29, 10.33it/s]
Epoch 32/50 [Train]:  34%|███▍      | 155/459 [00:15<00:29, 10.34it/s]
Epoch 32/50 [Train]:  34%|███▍      | 157/459 [00:15<00:29, 10.34it/s]
Epoch 32/50 [Train]:  35%|███▍      | 159/459 [00:15<00:28, 10.37it/s]
Epoch 32/50 [Train]:  35%|███▌      | 161/459 [00:15<00:28, 10.32it/s]
Epoch 32/50 [Train]:  36%|███▌      | 163/459 [00:15<00:28, 10.32it/s]
Epoch 32/50 [Train]:  36%|███▌      | 165/459 [00:15<00:28, 10.31it/s]
Epoch 32/50 [Train]:  36%|███▋      | 167/459 [00:16<00:28, 10.32it/s]
Epoch 32/50 [Train]:  37%|███▋      | 169/459 [00:16<00:28, 10.26it/s]
Epoch 32/50 [Train]:  37%|███▋      | 171/459 [00:16<00:28, 10.27it/s]
Epoch 32/50 [Train]:  38%|███▊      | 173/459 [00:16<00:27, 10.30it/s]
Epoch 32/50 [Train]:  38%|███▊      | 175/459 [00:16<00:27, 10.31it/s]
Epoch 32/50 [Train]:  39%|███▊      | 177/459 [00:17<00:27, 10.35it/s]
Epoch 32/50 [Train]:  39%|███▉      | 179/459 [00:17<00:27, 10.32it/s]
Epoch 32/50 [Train]:  39%|███▉      | 181/459 [00:17<00:27, 10.29it/s]
Epoch 32/50 [Train]:  40%|███▉      | 183/459 [00:17<00:26, 10.24it/s]
Epoch 32/50 [Train]:  40%|████      | 185/459 [00:17<00:26, 10.23it/s]
Epoch 32/50 [Train]:  41%|████      | 187/459 [00:18<00:26, 10.23it/s]
Epoch 32/50 [Train]:  41%|████      | 189/459 [00:18<00:26, 10.24it/s]
Epoch 32/50 [Train]:  42%|████▏     | 191/459 [00:18<00:26, 10.27it/s]
Epoch 32/50 [Train]:  42%|████▏     | 193/459 [00:18<00:25, 10.30it/s]
Epoch 32/50 [Train]:  42%|████▏     | 195/459 [00:18<00:25, 10.25it/s]
Epoch 32/50 [Train]:  43%|████▎     | 197/459 [00:19<00:25, 10.30it/s]
Epoch 32/50 [Train]:  43%|████▎     | 199/459 [00:19<00:25, 10.34it/s]
Epoch 32/50 [Train]:  44%|████▍     | 201/459 [00:19<00:25, 10.30it/s]
Epoch 32/50 [Train]:  44%|████▍     | 203/459 [00:19<00:24, 10.30it/s]
Epoch 32/50 [Train]:  45%|████▍     | 205/459 [00:19<00:24, 10.32it/s]
Epoch 32/50 [Train]:  45%|████▌     | 207/459 [00:20<00:24, 10.29it/s]
Epoch 32/50 [Train]:  46%|████▌     | 209/459 [00:20<00:24, 10.32it/s]
Epoch 32/50 [Train]:  46%|████▌     | 211/459 [00:20<00:24, 10.31it/s]
Epoch 32/50 [Train]:  46%|████▋     | 213/459 [00:20<00:24, 10.24it/s]
Epoch 32/50 [Train]:  47%|████▋     | 215/459 [00:20<00:23, 10.24it/s]
Epoch 32/50 [Train]:  47%|████▋     | 217/459 [00:21<00:23, 10.26it/s]
Epoch 32/50 [Train]:  48%|████▊     | 219/459 [00:21<00:23, 10.17it/s]
Epoch 32/50 [Train]:  48%|████▊     | 221/459 [00:21<00:23, 10.23it/s]
Epoch 32/50 [Train]:  49%|████▊     | 223/459 [00:21<00:22, 10.30it/s]
Epoch 32/50 [Train]:  49%|████▉     | 225/459 [00:21<00:23, 10.15it/s]
Epoch 32/50 [Train]:  49%|████▉     | 227/459 [00:22<00:22, 10.22it/s]
Epoch 32/50 [Train]:  50%|████▉     | 229/459 [00:22<00:22, 10.27it/s]
Epoch 32/50 [Train]:  50%|█████     | 231/459 [00:22<00:22, 10.35it/s]
Epoch 32/50 [Train]:  51%|█████     | 233/459 [00:22<00:21, 10.34it/s]
Epoch 32/50 [Train]:  51%|█████     | 235/459 [00:22<00:21, 10.27it/s]
Epoch 32/50 [Train]:  52%|█████▏    | 237/459 [00:22<00:21, 10.24it/s]
Epoch 32/50 [Train]:  52%|█████▏    | 239/459 [00:23<00:21, 10.20it/s]
Epoch 32/50 [Train]:  53%|█████▎    | 241/459 [00:23<00:21, 10.25it/s]
Epoch 32/50 [Train]:  53%|█████▎    | 243/459 [00:23<00:20, 10.30it/s]
Epoch 32/50 [Train]:  53%|█████▎    | 245/459 [00:23<00:20, 10.21it/s]
Epoch 32/50 [Train]:  54%|█████▍    | 247/459 [00:23<00:20, 10.19it/s]
Epoch 32/50 [Train]:  54%|█████▍    | 249/459 [00:24<00:20, 10.29it/s]
Epoch 32/50 [Train]:  55%|█████▍    | 251/459 [00:24<00:20, 10.33it/s]
Epoch 32/50 [Train]:  55%|█████▌    | 253/459 [00:24<00:19, 10.37it/s]
Epoch 32/50 [Train]:  56%|█████▌    | 255/459 [00:24<00:19, 10.37it/s]
Epoch 32/50 [Train]:  56%|█████▌    | 257/459 [00:24<00:19, 10.37it/s]
Epoch 32/50 [Train]:  56%|█████▋    | 259/459 [00:25<00:19, 10.36it/s]
Epoch 32/50 [Train]:  57%|█████▋    | 261/459 [00:25<00:19, 10.28it/s]
Epoch 32/50 [Train]:  57%|█████▋    | 263/459 [00:25<00:19, 10.28it/s]
Epoch 32/50 [Train]:  58%|█████▊    | 265/459 [00:25<00:18, 10.31it/s]
Epoch 32/50 [Train]:  58%|█████▊    | 267/459 [00:25<00:18, 10.36it/s]
Epoch 32/50 [Train]:  59%|█████▊    | 269/459 [00:26<00:18, 10.27it/s]
Epoch 32/50 [Train]:  59%|█████▉    | 271/459 [00:26<00:18, 10.33it/s]
Epoch 32/50 [Train]:  59%|█████▉    | 273/459 [00:26<00:18, 10.33it/s]
Epoch 32/50 [Train]:  60%|█████▉    | 275/459 [00:26<00:17, 10.37it/s]
Epoch 32/50 [Train]:  60%|██████    | 277/459 [00:26<00:17, 10.35it/s]
Epoch 32/50 [Train]:  61%|██████    | 279/459 [00:27<00:17, 10.28it/s]
Epoch 32/50 [Train]:  61%|██████    | 281/459 [00:27<00:17, 10.32it/s]
Epoch 32/50 [Train]:  62%|██████▏   | 283/459 [00:27<00:17, 10.32it/s]
Epoch 32/50 [Train]:  62%|██████▏   | 285/459 [00:27<00:16, 10.36it/s]
Epoch 32/50 [Train]:  63%|██████▎   | 287/459 [00:27<00:16, 10.36it/s]
Epoch 32/50 [Train]:  63%|██████▎   | 289/459 [00:28<00:16, 10.41it/s]
Epoch 32/50 [Train]:  63%|██████▎   | 291/459 [00:28<00:16, 10.39it/s]
Epoch 32/50 [Train]:  64%|██████▍   | 293/459 [00:28<00:15, 10.39it/s]
Epoch 32/50 [Train]:  64%|██████▍   | 295/459 [00:28<00:15, 10.42it/s]
Epoch 32/50 [Train]:  65%|██████▍   | 297/459 [00:28<00:15, 10.32it/s]
Epoch 32/50 [Train]:  65%|██████▌   | 299/459 [00:28<00:15, 10.37it/s]
Epoch 32/50 [Train]:  66%|██████▌   | 301/459 [00:29<00:15, 10.40it/s]
Epoch 32/50 [Train]:  66%|██████▌   | 303/459 [00:29<00:15, 10.35it/s]
Epoch 32/50 [Train]:  66%|██████▋   | 305/459 [00:29<00:14, 10.38it/s]
Epoch 32/50 [Train]:  67%|██████▋   | 307/459 [00:29<00:14, 10.41it/s]
Epoch 32/50 [Train]:  67%|██████▋   | 309/459 [00:29<00:14, 10.39it/s]
Epoch 32/50 [Train]:  68%|██████▊   | 311/459 [00:30<00:14, 10.38it/s]
Epoch 32/50 [Train]:  68%|██████▊   | 313/459 [00:30<00:13, 10.44it/s]
Epoch 32/50 [Train]:  69%|██████▊   | 315/459 [00:30<00:13, 10.40it/s]
Epoch 32/50 [Train]:  69%|██████▉   | 317/459 [00:30<00:13, 10.36it/s]
Epoch 32/50 [Train]:  69%|██████▉   | 319/459 [00:30<00:13, 10.37it/s]
Epoch 32/50 [Train]:  70%|██████▉   | 321/459 [00:31<00:13, 10.33it/s]
Epoch 32/50 [Train]:  70%|███████   | 323/459 [00:31<00:13, 10.39it/s]
Epoch 32/50 [Train]:  71%|███████   | 325/459 [00:31<00:12, 10.32it/s]
Epoch 32/50 [Train]:  71%|███████   | 327/459 [00:31<00:12, 10.35it/s]
Epoch 32/50 [Train]:  72%|███████▏  | 329/459 [00:31<00:12, 10.31it/s]
Epoch 32/50 [Train]:  72%|███████▏  | 331/459 [00:32<00:12, 10.32it/s]
Epoch 32/50 [Train]:  73%|███████▎  | 333/459 [00:32<00:12, 10.30it/s]
Epoch 32/50 [Train]:  73%|███████▎  | 335/459 [00:32<00:12, 10.20it/s]
Epoch 32/50 [Train]:  73%|███████▎  | 337/459 [00:32<00:11, 10.22it/s]
Epoch 32/50 [Train]:  74%|███████▍  | 339/459 [00:32<00:11, 10.17it/s]
Epoch 32/50 [Train]:  74%|███████▍  | 341/459 [00:33<00:11, 10.21it/s]
Epoch 32/50 [Train]:  75%|███████▍  | 343/459 [00:33<00:11, 10.28it/s]
Epoch 32/50 [Train]:  75%|███████▌  | 345/459 [00:33<00:11, 10.34it/s]
Epoch 32/50 [Train]:  76%|███████▌  | 347/459 [00:33<00:10, 10.32it/s]
Epoch 32/50 [Train]:  76%|███████▌  | 349/459 [00:33<00:10, 10.29it/s]
Epoch 32/50 [Train]:  76%|███████▋  | 351/459 [00:34<00:10, 10.31it/s]
Epoch 32/50 [Train]:  77%|███████▋  | 353/459 [00:34<00:10, 10.35it/s]
Epoch 32/50 [Train]:  77%|███████▋  | 355/459 [00:34<00:10, 10.39it/s]
Epoch 32/50 [Train]:  78%|███████▊  | 357/459 [00:34<00:09, 10.37it/s]
Epoch 32/50 [Train]:  78%|███████▊  | 359/459 [00:34<00:09, 10.25it/s]
Epoch 32/50 [Train]:  79%|███████▊  | 361/459 [00:34<00:09, 10.35it/s]
Epoch 32/50 [Train]:  79%|███████▉  | 363/459 [00:35<00:09, 10.29it/s]
Epoch 32/50 [Train]:  80%|███████▉  | 365/459 [00:35<00:09, 10.33it/s]
Epoch 32/50 [Train]:  80%|███████▉  | 367/459 [00:35<00:08, 10.34it/s]
Epoch 32/50 [Train]:  80%|████████  | 369/459 [00:35<00:08, 10.35it/s]
Epoch 32/50 [Train]:  81%|████████  | 371/459 [00:35<00:08, 10.38it/s]
Epoch 32/50 [Train]:  81%|████████▏ | 373/459 [00:36<00:08, 10.40it/s]
Epoch 32/50 [Train]:  82%|████████▏ | 375/459 [00:36<00:08, 10.39it/s]
Epoch 32/50 [Train]:  82%|████████▏ | 377/459 [00:36<00:07, 10.43it/s]
Epoch 32/50 [Train]:  83%|████████▎ | 379/459 [00:36<00:07, 10.43it/s]
Epoch 32/50 [Train]:  83%|████████▎ | 381/459 [00:36<00:07, 10.42it/s]
Epoch 32/50 [Train]:  83%|████████▎ | 383/459 [00:37<00:07, 10.39it/s]
Epoch 32/50 [Train]:  84%|████████▍ | 385/459 [00:37<00:07, 10.38it/s]
Epoch 32/50 [Train]:  84%|████████▍ | 387/459 [00:37<00:06, 10.40it/s]
Epoch 32/50 [Train]:  85%|████████▍ | 389/459 [00:37<00:06, 10.43it/s]
Epoch 32/50 [Train]:  85%|████████▌ | 391/459 [00:37<00:06, 10.36it/s]
Epoch 32/50 [Train]:  86%|████████▌ | 393/459 [00:38<00:06, 10.32it/s]
Epoch 32/50 [Train]:  86%|████████▌ | 395/459 [00:38<00:06, 10.34it/s]
Epoch 32/50 [Train]:  86%|████████▋ | 397/459 [00:38<00:05, 10.41it/s]
Epoch 32/50 [Train]:  87%|████████▋ | 399/459 [00:38<00:05, 10.44it/s]
Epoch 32/50 [Train]:  87%|████████▋ | 401/459 [00:38<00:05, 10.40it/s]
Epoch 32/50 [Train]:  88%|████████▊ | 403/459 [00:39<00:05, 10.41it/s]
Epoch 32/50 [Train]:  88%|████████▊ | 405/459 [00:39<00:05, 10.36it/s]
Epoch 32/50 [Train]:  89%|████████▊ | 407/459 [00:39<00:05, 10.39it/s]
Epoch 32/50 [Train]:  89%|████████▉ | 409/459 [00:39<00:04, 10.36it/s]
Epoch 32/50 [Train]:  90%|████████▉ | 411/459 [00:39<00:04, 10.32it/s]
Epoch 32/50 [Train]:  90%|████████▉ | 413/459 [00:40<00:04, 10.35it/s]
Epoch 32/50 [Train]:  90%|█████████ | 415/459 [00:40<00:04, 10.31it/s]
Epoch 32/50 [Train]:  91%|█████████ | 417/459 [00:40<00:04, 10.37it/s]
Epoch 32/50 [Train]:  91%|█████████▏| 419/459 [00:40<00:03, 10.39it/s]
Epoch 32/50 [Train]:  92%|█████████▏| 421/459 [00:40<00:03, 10.31it/s]
Epoch 32/50 [Train]:  92%|█████████▏| 423/459 [00:40<00:03, 10.34it/s]
Epoch 32/50 [Train]:  93%|█████████▎| 425/459 [00:41<00:03, 10.40it/s]
Epoch 32/50 [Train]:  93%|█████████▎| 427/459 [00:41<00:03, 10.40it/s]
Epoch 32/50 [Train]:  93%|█████████▎| 429/459 [00:41<00:02, 10.24it/s]
Epoch 32/50 [Train]:  94%|█████████▍| 431/459 [00:41<00:02, 10.31it/s]
Epoch 32/50 [Train]:  94%|█████████▍| 433/459 [00:41<00:02, 10.20it/s]
Epoch 32/50 [Train]:  95%|█████████▍| 435/459 [00:42<00:02, 10.26it/s]
Epoch 32/50 [Train]:  95%|█████████▌| 437/459 [00:42<00:02, 10.32it/s]
Epoch 32/50 [Train]:  96%|█████████▌| 439/459 [00:42<00:01, 10.28it/s]
Epoch 32/50 [Train]:  96%|█████████▌| 441/459 [00:42<00:01, 10.27it/s]
Epoch 32/50 [Train]:  97%|█████████▋| 443/459 [00:42<00:01, 10.31it/s]
Epoch 32/50 [Train]:  97%|█████████▋| 445/459 [00:43<00:01, 10.30it/s]
Epoch 32/50 [Train]:  97%|█████████▋| 447/459 [00:43<00:01, 10.31it/s]
Epoch 32/50 [Train]:  98%|█████████▊| 449/459 [00:43<00:00, 10.36it/s]
Epoch 32/50 [Train]:  98%|█████████▊| 451/459 [00:43<00:00, 10.41it/s]
Epoch 32/50 [Train]:  99%|█████████▊| 453/459 [00:43<00:00, 10.41it/s]
Epoch 32/50 [Train]:  99%|█████████▉| 455/459 [00:44<00:00, 10.39it/s]
Epoch 32/50 [Train]: 100%|█████████▉| 457/459 [00:44<00:00, 10.44it/s]
Epoch 32/50 [Train]: 100%|██████████| 459/459 [00:44<00:00, 10.39it/s]
                                                                      

Epoch 32/50 [Val]:   0%|          | 0/113 [00:00<?, ?it/s]
Epoch 32/50 [Val]:   2%|▏         | 2/113 [00:00<00:08, 13.74it/s]
Epoch 32/50 [Val]:   4%|▎         | 4/113 [00:00<00:07, 13.94it/s]
Epoch 32/50 [Val]:   5%|▌         | 6/113 [00:00<00:07, 13.72it/s]
Epoch 32/50 [Val]:   7%|▋         | 8/113 [00:00<00:07, 13.93it/s]
Epoch 32/50 [Val]:   9%|▉         | 10/113 [00:00<00:07, 14.07it/s]
Epoch 32/50 [Val]:  11%|█         | 12/113 [00:00<00:07, 14.04it/s]
Epoch 32/50 [Val]:  12%|█▏        | 14/113 [00:01<00:07, 14.00it/s]
Epoch 32/50 [Val]:  14%|█▍        | 16/113 [00:01<00:07, 13.51it/s]
Epoch 32/50 [Val]:  16%|█▌        | 18/113 [00:01<00:07, 13.07it/s]
Epoch 32/50 [Val]:  18%|█▊        | 20/113 [00:01<00:07, 13.03it/s]
Epoch 32/50 [Val]:  19%|█▉        | 22/113 [00:01<00:07, 12.78it/s]
Epoch 32/50 [Val]:  21%|██        | 24/113 [00:01<00:06, 12.80it/s]
Epoch 32/50 [Val]:  23%|██▎       | 26/113 [00:01<00:06, 13.02it/s]
Epoch 32/50 [Val]:  25%|██▍       | 28/113 [00:02<00:06, 13.14it/s]
Epoch 32/50 [Val]:  27%|██▋       | 30/113 [00:02<00:06, 13.30it/s]
Epoch 32/50 [Val]:  28%|██▊       | 32/113 [00:02<00:06, 13.23it/s]
Epoch 32/50 [Val]:  30%|███       | 34/113 [00:02<00:05, 13.47it/s]
Epoch 32/50 [Val]:  32%|███▏      | 36/113 [00:02<00:05, 13.82it/s]
Epoch 32/50 [Val]:  34%|███▎      | 38/113 [00:02<00:05, 13.98it/s]
Epoch 32/50 [Val]:  35%|███▌      | 40/113 [00:02<00:05, 14.05it/s]
Epoch 32/50 [Val]:  37%|███▋      | 42/113 [00:03<00:05, 14.19it/s]
Epoch 32/50 [Val]:  39%|███▉      | 44/113 [00:03<00:04, 14.10it/s]
Epoch 32/50 [Val]:  41%|████      | 46/113 [00:03<00:04, 13.86it/s]
Epoch 32/50 [Val]:  42%|████▏     | 48/113 [00:03<00:04, 13.88it/s]
Epoch 32/50 [Val]:  44%|████▍     | 50/113 [00:03<00:04, 14.02it/s]
Epoch 32/50 [Val]:  46%|████▌     | 52/113 [00:03<00:04, 14.19it/s]
Epoch 32/50 [Val]:  48%|████▊     | 54/113 [00:03<00:04, 14.32it/s]
Epoch 32/50 [Val]:  50%|████▉     | 56/113 [00:04<00:03, 14.26it/s]
Epoch 32/50 [Val]:  51%|█████▏    | 58/113 [00:04<00:03, 13.80it/s]
Epoch 32/50 [Val]:  53%|█████▎    | 60/113 [00:04<00:03, 13.88it/s]
Epoch 32/50 [Val]:  55%|█████▍    | 62/113 [00:04<00:03, 13.89it/s]
Epoch 32/50 [Val]:  57%|█████▋    | 64/113 [00:04<00:03, 13.93it/s]
Epoch 32/50 [Val]:  58%|█████▊    | 66/113 [00:04<00:03, 13.62it/s]
Epoch 32/50 [Val]:  60%|██████    | 68/113 [00:04<00:03, 13.59it/s]
Epoch 32/50 [Val]:  62%|██████▏   | 70/113 [00:05<00:03, 13.81it/s]
Epoch 32/50 [Val]:  64%|██████▎   | 72/113 [00:05<00:02, 13.96it/s]
Epoch 32/50 [Val]:  65%|██████▌   | 74/113 [00:05<00:02, 13.99it/s]
Epoch 32/50 [Val]:  67%|██████▋   | 76/113 [00:05<00:02, 14.15it/s]
Epoch 32/50 [Val]:  69%|██████▉   | 78/113 [00:05<00:02, 14.07it/s]
Epoch 32/50 [Val]:  71%|███████   | 80/113 [00:05<00:02, 13.93it/s]
Epoch 32/50 [Val]:  73%|███████▎  | 82/113 [00:05<00:02, 13.88it/s]
Epoch 32/50 [Val]:  74%|███████▍  | 84/113 [00:06<00:02, 14.00it/s]
Epoch 32/50 [Val]:  76%|███████▌  | 86/113 [00:06<00:01, 14.08it/s]
Epoch 32/50 [Val]:  78%|███████▊  | 88/113 [00:06<00:01, 13.65it/s]
Epoch 32/50 [Val]:  80%|███████▉  | 90/113 [00:06<00:01, 13.93it/s]
Epoch 32/50 [Val]:  81%|████████▏ | 92/113 [00:06<00:01, 14.18it/s]
Epoch 32/50 [Val]:  83%|████████▎ | 94/113 [00:06<00:01, 14.31it/s]
Epoch 32/50 [Val]:  85%|████████▍ | 96/113 [00:06<00:01, 14.36it/s]
Epoch 32/50 [Val]:  87%|████████▋ | 98/113 [00:07<00:01, 14.39it/s]
Epoch 32/50 [Val]:  88%|████████▊ | 100/113 [00:07<00:00, 14.18it/s]
Epoch 32/50 [Val]:  90%|█████████ | 102/113 [00:07<00:00, 13.83it/s]
Epoch 32/50 [Val]:  92%|█████████▏| 104/113 [00:07<00:00, 14.02it/s]
Epoch 32/50 [Val]:  94%|█████████▍| 106/113 [00:07<00:00, 13.86it/s]
Epoch 32/50 [Val]:  96%|█████████▌| 108/113 [00:07<00:00, 14.10it/s]
Epoch 32/50 [Val]:  97%|█████████▋| 110/113 [00:07<00:00, 14.20it/s]
Epoch 32/50 [Val]:  99%|█████████▉| 112/113 [00:08<00:00, 14.24it/s]
                                                                    

Epoch 33/50 [Train]:   0%|          | 0/459 [00:00<?, ?it/s]
Epoch 33/50 [Train]:   0%|          | 1/459 [00:00<00:46,  9.87it/s]
Epoch 33/50 [Train]:   0%|          | 2/459 [00:00<00:46,  9.75it/s]
Epoch 33/50 [Train]:   1%|          | 4/459 [00:00<00:44, 10.16it/s]
Epoch 33/50 [Train]:   1%|▏         | 6/459 [00:00<00:43, 10.33it/s]
Epoch 33/50 [Train]:   2%|▏         | 8/459 [00:00<00:43, 10.39it/s]
Epoch 33/50 [Train]:   2%|▏         | 10/459 [00:00<00:43, 10.35it/s]
Epoch 33/50 [Train]:   3%|▎         | 12/459 [00:01<00:42, 10.43it/s]
Epoch 33/50 [Train]:   3%|▎         | 14/459 [00:01<00:42, 10.40it/s]
Epoch 33/50 [Train]:   3%|▎         | 16/459 [00:01<00:42, 10.37it/s]
Epoch 33/50 [Train]:   4%|▍         | 18/459 [00:01<00:42, 10.34it/s]
Epoch 33/50 [Train]:   4%|▍         | 20/459 [00:01<00:42, 10.39it/s]
Epoch 33/50 [Train]:   5%|▍         | 22/459 [00:02<00:42, 10.40it/s]
Epoch 33/50 [Train]:   5%|▌         | 24/459 [00:02<00:41, 10.42it/s]
Epoch 33/50 [Train]:   6%|▌         | 26/459 [00:02<00:41, 10.42it/s]
Epoch 33/50 [Train]:   6%|▌         | 28/459 [00:02<00:41, 10.42it/s]
Epoch 33/50 [Train]:   7%|▋         | 30/459 [00:02<00:41, 10.41it/s]
Epoch 33/50 [Train]:   7%|▋         | 32/459 [00:03<00:40, 10.45it/s]
Epoch 33/50 [Train]:   7%|▋         | 34/459 [00:03<00:40, 10.39it/s]
Epoch 33/50 [Train]:   8%|▊         | 36/459 [00:03<00:40, 10.39it/s]
Epoch 33/50 [Train]:   8%|▊         | 38/459 [00:03<00:40, 10.44it/s]
Epoch 33/50 [Train]:   9%|▊         | 40/459 [00:03<00:40, 10.47it/s]
Epoch 33/50 [Train]:   9%|▉         | 42/459 [00:04<00:40, 10.36it/s]
Epoch 33/50 [Train]:  10%|▉         | 44/459 [00:04<00:40, 10.30it/s]
Epoch 33/50 [Train]:  10%|█         | 46/459 [00:04<00:40, 10.30it/s]
Epoch 33/50 [Train]:  10%|█         | 48/459 [00:04<00:40, 10.24it/s]
Epoch 33/50 [Train]:  11%|█         | 50/459 [00:04<00:39, 10.30it/s]
Epoch 33/50 [Train]:  11%|█▏        | 52/459 [00:05<00:39, 10.28it/s]
Epoch 33/50 [Train]:  12%|█▏        | 54/459 [00:05<00:39, 10.30it/s]
Epoch 33/50 [Train]:  12%|█▏        | 56/459 [00:05<00:39, 10.32it/s]
Epoch 33/50 [Train]:  13%|█▎        | 58/459 [00:05<00:39, 10.25it/s]
Epoch 33/50 [Train]:  13%|█▎        | 60/459 [00:05<00:39, 10.18it/s]
Epoch 33/50 [Train]:  14%|█▎        | 62/459 [00:06<00:38, 10.23it/s]
Epoch 33/50 [Train]:  14%|█▍        | 64/459 [00:06<00:38, 10.28it/s]
Epoch 33/50 [Train]:  14%|█▍        | 66/459 [00:06<00:38, 10.14it/s]
Epoch 33/50 [Train]:  15%|█▍        | 68/459 [00:06<00:38, 10.18it/s]
Epoch 33/50 [Train]:  15%|█▌        | 70/459 [00:06<00:37, 10.25it/s]
Epoch 33/50 [Train]:  16%|█▌        | 72/459 [00:06<00:37, 10.27it/s]
Epoch 33/50 [Train]:  16%|█▌        | 74/459 [00:07<00:37, 10.27it/s]
Epoch 33/50 [Train]:  17%|█▋        | 76/459 [00:07<00:37, 10.28it/s]
Epoch 33/50 [Train]:  17%|█▋        | 78/459 [00:07<00:37, 10.25it/s]
Epoch 33/50 [Train]:  17%|█▋        | 80/459 [00:07<00:37, 10.21it/s]
Epoch 33/50 [Train]:  18%|█▊        | 82/459 [00:07<00:36, 10.27it/s]
Epoch 33/50 [Train]:  18%|█▊        | 84/459 [00:08<00:36, 10.29it/s]
Epoch 33/50 [Train]:  19%|█▊        | 86/459 [00:08<00:36, 10.27it/s]
Epoch 33/50 [Train]:  19%|█▉        | 88/459 [00:08<00:36, 10.21it/s]
Epoch 33/50 [Train]:  20%|█▉        | 90/459 [00:08<00:36, 10.17it/s]
Epoch 33/50 [Train]:  20%|██        | 92/459 [00:08<00:35, 10.22it/s]
Epoch 33/50 [Train]:  20%|██        | 94/459 [00:09<00:35, 10.26it/s]
Epoch 33/50 [Train]:  21%|██        | 96/459 [00:09<00:35, 10.30it/s]
Epoch 33/50 [Train]:  21%|██▏       | 98/459 [00:09<00:35, 10.29it/s]
Epoch 33/50 [Train]:  22%|██▏       | 100/459 [00:09<00:34, 10.31it/s]
Epoch 33/50 [Train]:  22%|██▏       | 102/459 [00:09<00:35, 10.14it/s]
Epoch 33/50 [Train]:  23%|██▎       | 104/459 [00:10<00:34, 10.18it/s]
Epoch 33/50 [Train]:  23%|██▎       | 106/459 [00:10<00:34, 10.22it/s]
Epoch 33/50 [Train]:  24%|██▎       | 108/459 [00:10<00:34, 10.24it/s]
Epoch 33/50 [Train]:  24%|██▍       | 110/459 [00:10<00:33, 10.27it/s]
Epoch 33/50 [Train]:  24%|██▍       | 112/459 [00:10<00:33, 10.30it/s]
Epoch 33/50 [Train]:  25%|██▍       | 114/459 [00:11<00:33, 10.29it/s]
Epoch 33/50 [Train]:  25%|██▌       | 116/459 [00:11<00:33, 10.32it/s]
Epoch 33/50 [Train]:  26%|██▌       | 118/459 [00:11<00:33, 10.27it/s]
Epoch 33/50 [Train]:  26%|██▌       | 120/459 [00:11<00:32, 10.28it/s]
Epoch 33/50 [Train]:  27%|██▋       | 122/459 [00:11<00:32, 10.32it/s]
Epoch 33/50 [Train]:  27%|██▋       | 124/459 [00:12<00:32, 10.36it/s]
Epoch 33/50 [Train]:  27%|██▋       | 126/459 [00:12<00:32, 10.38it/s]
Epoch 33/50 [Train]:  28%|██▊       | 128/459 [00:12<00:31, 10.35it/s]
Epoch 33/50 [Train]:  28%|██▊       | 130/459 [00:12<00:31, 10.33it/s]
Epoch 33/50 [Train]:  29%|██▉       | 132/459 [00:12<00:31, 10.33it/s]
Epoch 33/50 [Train]:  29%|██▉       | 134/459 [00:13<00:31, 10.33it/s]
Epoch 33/50 [Train]:  30%|██▉       | 136/459 [00:13<00:31, 10.42it/s]
Epoch 33/50 [Train]:  30%|███       | 138/459 [00:13<00:30, 10.39it/s]
Epoch 33/50 [Train]:  31%|███       | 140/459 [00:13<00:31, 10.28it/s]
Epoch 33/50 [Train]:  31%|███       | 142/459 [00:13<00:30, 10.27it/s]
Epoch 33/50 [Train]:  31%|███▏      | 144/459 [00:13<00:30, 10.37it/s]
Epoch 33/50 [Train]:  32%|███▏      | 146/459 [00:14<00:30, 10.37it/s]
Epoch 33/50 [Train]:  32%|███▏      | 148/459 [00:14<00:29, 10.40it/s]
Epoch 33/50 [Train]:  33%|███▎      | 150/459 [00:14<00:29, 10.39it/s]
Epoch 33/50 [Train]:  33%|███▎      | 152/459 [00:14<00:29, 10.33it/s]
Epoch 33/50 [Train]:  34%|███▎      | 154/459 [00:14<00:29, 10.39it/s]
Epoch 33/50 [Train]:  34%|███▍      | 156/459 [00:15<00:29, 10.34it/s]
Epoch 33/50 [Train]:  34%|███▍      | 158/459 [00:15<00:29, 10.29it/s]
Epoch 33/50 [Train]:  35%|███▍      | 160/459 [00:15<00:29, 10.30it/s]
Epoch 33/50 [Train]:  35%|███▌      | 162/459 [00:15<00:28, 10.33it/s]
Epoch 33/50 [Train]:  36%|███▌      | 164/459 [00:15<00:28, 10.34it/s]
Epoch 33/50 [Train]:  36%|███▌      | 166/459 [00:16<00:28, 10.21it/s]
Epoch 33/50 [Train]:  37%|███▋      | 168/459 [00:16<00:28, 10.26it/s]
Epoch 33/50 [Train]:  37%|███▋      | 170/459 [00:16<00:28, 10.31it/s]
Epoch 33/50 [Train]:  37%|███▋      | 172/459 [00:16<00:27, 10.36it/s]
Epoch 33/50 [Train]:  38%|███▊      | 174/459 [00:16<00:27, 10.32it/s]
Epoch 33/50 [Train]:  38%|███▊      | 176/459 [00:17<00:27, 10.32it/s]
Epoch 33/50 [Train]:  39%|███▉      | 178/459 [00:17<00:27, 10.37it/s]
Epoch 33/50 [Train]:  39%|███▉      | 180/459 [00:17<00:27, 10.32it/s]
Epoch 33/50 [Train]:  40%|███▉      | 182/459 [00:17<00:26, 10.34it/s]
Epoch 33/50 [Train]:  40%|████      | 184/459 [00:17<00:26, 10.35it/s]
Epoch 33/50 [Train]:  41%|████      | 186/459 [00:18<00:26, 10.34it/s]
Epoch 33/50 [Train]:  41%|████      | 188/459 [00:18<00:26, 10.30it/s]
Epoch 33/50 [Train]:  41%|████▏     | 190/459 [00:18<00:26, 10.32it/s]
Epoch 33/50 [Train]:  42%|████▏     | 192/459 [00:18<00:25, 10.36it/s]
Epoch 33/50 [Train]:  42%|████▏     | 194/459 [00:18<00:25, 10.31it/s]
Epoch 33/50 [Train]:  43%|████▎     | 196/459 [00:19<00:25, 10.33it/s]
Epoch 33/50 [Train]:  43%|████▎     | 198/459 [00:19<00:25, 10.31it/s]
Epoch 33/50 [Train]:  44%|████▎     | 200/459 [00:19<00:25, 10.35it/s]
Epoch 33/50 [Train]:  44%|████▍     | 202/459 [00:19<00:24, 10.37it/s]
Epoch 33/50 [Train]:  44%|████▍     | 204/459 [00:19<00:24, 10.31it/s]
Epoch 33/50 [Train]:  45%|████▍     | 206/459 [00:19<00:24, 10.26it/s]
Epoch 33/50 [Train]:  45%|████▌     | 208/459 [00:20<00:24, 10.32it/s]
Epoch 33/50 [Train]:  46%|████▌     | 210/459 [00:20<00:24, 10.20it/s]
Epoch 33/50 [Train]:  46%|████▌     | 212/459 [00:20<00:24, 10.09it/s]
Epoch 33/50 [Train]:  47%|████▋     | 214/459 [00:20<00:24, 10.12it/s]
Epoch 33/50 [Train]:  47%|████▋     | 216/459 [00:20<00:23, 10.15it/s]
Epoch 33/50 [Train]:  47%|████▋     | 218/459 [00:21<00:23, 10.21it/s]
Epoch 33/50 [Train]:  48%|████▊     | 220/459 [00:21<00:23, 10.26it/s]
Epoch 33/50 [Train]:  48%|████▊     | 222/459 [00:21<00:22, 10.33it/s]
Epoch 33/50 [Train]:  49%|████▉     | 224/459 [00:21<00:22, 10.38it/s]
Epoch 33/50 [Train]:  49%|████▉     | 226/459 [00:21<00:22, 10.25it/s]
Epoch 33/50 [Train]:  50%|████▉     | 228/459 [00:22<00:22, 10.32it/s]
Epoch 33/50 [Train]:  50%|█████     | 230/459 [00:22<00:22, 10.28it/s]
Epoch 33/50 [Train]:  51%|█████     | 232/459 [00:22<00:21, 10.33it/s]
Epoch 33/50 [Train]:  51%|█████     | 234/459 [00:22<00:21, 10.29it/s]
Epoch 33/50 [Train]:  51%|█████▏    | 236/459 [00:22<00:21, 10.36it/s]
Epoch 33/50 [Train]:  52%|█████▏    | 238/459 [00:23<00:21, 10.39it/s]
Epoch 33/50 [Train]:  52%|█████▏    | 240/459 [00:23<00:21, 10.41it/s]
Epoch 33/50 [Train]:  53%|█████▎    | 242/459 [00:23<00:20, 10.42it/s]
Epoch 33/50 [Train]:  53%|█████▎    | 244/459 [00:23<00:20, 10.42it/s]
Epoch 33/50 [Train]:  54%|█████▎    | 246/459 [00:23<00:20, 10.39it/s]
Epoch 33/50 [Train]:  54%|█████▍    | 248/459 [00:24<00:20, 10.38it/s]
Epoch 33/50 [Train]:  54%|█████▍    | 250/459 [00:24<00:20, 10.33it/s]
Epoch 33/50 [Train]:  55%|█████▍    | 252/459 [00:24<00:20, 10.33it/s]
Epoch 33/50 [Train]:  55%|█████▌    | 254/459 [00:24<00:19, 10.29it/s]
Epoch 33/50 [Train]:  56%|█████▌    | 256/459 [00:24<00:19, 10.28it/s]
Epoch 33/50 [Train]:  56%|█████▌    | 258/459 [00:25<00:19, 10.30it/s]
Epoch 33/50 [Train]:  57%|█████▋    | 260/459 [00:25<00:19, 10.36it/s]
Epoch 33/50 [Train]:  57%|█████▋    | 262/459 [00:25<00:18, 10.42it/s]
Epoch 33/50 [Train]:  58%|█████▊    | 264/459 [00:25<00:18, 10.29it/s]
Epoch 33/50 [Train]:  58%|█████▊    | 266/459 [00:25<00:18, 10.31it/s]
Epoch 33/50 [Train]:  58%|█████▊    | 268/459 [00:25<00:18, 10.36it/s]
Epoch 33/50 [Train]:  59%|█████▉    | 270/459 [00:26<00:18, 10.41it/s]
Epoch 33/50 [Train]:  59%|█████▉    | 272/459 [00:26<00:18, 10.22it/s]
Epoch 33/50 [Train]:  60%|█████▉    | 274/459 [00:26<00:17, 10.28it/s]
Epoch 33/50 [Train]:  60%|██████    | 276/459 [00:26<00:17, 10.33it/s]
Epoch 33/50 [Train]:  61%|██████    | 278/459 [00:26<00:17, 10.22it/s]
Epoch 33/50 [Train]:  61%|██████    | 280/459 [00:27<00:17, 10.29it/s]
Epoch 33/50 [Train]:  61%|██████▏   | 282/459 [00:27<00:17, 10.30it/s]
Epoch 33/50 [Train]:  62%|██████▏   | 284/459 [00:27<00:17, 10.23it/s]
Epoch 33/50 [Train]:  62%|██████▏   | 286/459 [00:27<00:16, 10.25it/s]
Epoch 33/50 [Train]:  63%|██████▎   | 288/459 [00:27<00:16, 10.31it/s]
Epoch 33/50 [Train]:  63%|██████▎   | 290/459 [00:28<00:16, 10.35it/s]
Epoch 33/50 [Train]:  64%|██████▎   | 292/459 [00:28<00:16, 10.28it/s]
Epoch 33/50 [Train]:  64%|██████▍   | 294/459 [00:28<00:16, 10.22it/s]
Epoch 33/50 [Train]:  64%|██████▍   | 296/459 [00:28<00:15, 10.31it/s]
Epoch 33/50 [Train]:  65%|██████▍   | 298/459 [00:28<00:15, 10.35it/s]
Epoch 33/50 [Train]:  65%|██████▌   | 300/459 [00:29<00:15, 10.29it/s]
Epoch 33/50 [Train]:  66%|██████▌   | 302/459 [00:29<00:15, 10.26it/s]
Epoch 33/50 [Train]:  66%|██████▌   | 304/459 [00:29<00:14, 10.37it/s]
Epoch 33/50 [Train]:  67%|██████▋   | 306/459 [00:29<00:14, 10.38it/s]
Epoch 33/50 [Train]:  67%|██████▋   | 308/459 [00:29<00:14, 10.36it/s]
Epoch 33/50 [Train]:  68%|██████▊   | 310/459 [00:30<00:14, 10.39it/s]
Epoch 33/50 [Train]:  68%|██████▊   | 312/459 [00:30<00:14, 10.38it/s]
Epoch 33/50 [Train]:  68%|██████▊   | 314/459 [00:30<00:13, 10.40it/s]
Epoch 33/50 [Train]:  69%|██████▉   | 316/459 [00:30<00:13, 10.40it/s]
Epoch 33/50 [Train]:  69%|██████▉   | 318/459 [00:30<00:13, 10.42it/s]
Epoch 33/50 [Train]:  70%|██████▉   | 320/459 [00:31<00:13, 10.41it/s]
Epoch 33/50 [Train]:  70%|███████   | 322/459 [00:31<00:13, 10.41it/s]
Epoch 33/50 [Train]:  71%|███████   | 324/459 [00:31<00:13, 10.33it/s]
Epoch 33/50 [Train]:  71%|███████   | 326/459 [00:31<00:12, 10.32it/s]
Epoch 33/50 [Train]:  71%|███████▏  | 328/459 [00:31<00:12, 10.30it/s]
Epoch 33/50 [Train]:  72%|███████▏  | 330/459 [00:32<00:12, 10.28it/s]
Epoch 33/50 [Train]:  72%|███████▏  | 332/459 [00:32<00:12, 10.33it/s]
Epoch 33/50 [Train]:  73%|███████▎  | 334/459 [00:32<00:12, 10.32it/s]
Epoch 33/50 [Train]:  73%|███████▎  | 336/459 [00:32<00:11, 10.25it/s]
Epoch 33/50 [Train]:  74%|███████▎  | 338/459 [00:32<00:11, 10.27it/s]
Epoch 33/50 [Train]:  74%|███████▍  | 340/459 [00:32<00:11, 10.34it/s]
Epoch 33/50 [Train]:  75%|███████▍  | 342/459 [00:33<00:11, 10.39it/s]
Epoch 33/50 [Train]:  75%|███████▍  | 344/459 [00:33<00:11, 10.37it/s]
Epoch 33/50 [Train]:  75%|███████▌  | 346/459 [00:33<00:10, 10.33it/s]
Epoch 33/50 [Train]:  76%|███████▌  | 348/459 [00:33<00:10, 10.33it/s]
Epoch 33/50 [Train]:  76%|███████▋  | 350/459 [00:33<00:11,  9.84it/s]
Epoch 33/50 [Train]:  76%|███████▋  | 351/459 [00:34<00:11,  9.80it/s]
Epoch 33/50 [Train]:  77%|███████▋  | 353/459 [00:34<00:10,  9.90it/s]
Epoch 33/50 [Train]:  77%|███████▋  | 355/459 [00:34<00:10, 10.07it/s]
Epoch 33/50 [Train]:  78%|███████▊  | 357/459 [00:34<00:10, 10.10it/s]
Epoch 33/50 [Train]:  78%|███████▊  | 359/459 [00:34<00:09, 10.23it/s]
Epoch 33/50 [Train]:  79%|███████▊  | 361/459 [00:35<00:09, 10.24it/s]
Epoch 33/50 [Train]:  79%|███████▉  | 363/459 [00:35<00:09, 10.25it/s]
Epoch 33/50 [Train]:  80%|███████▉  | 365/459 [00:35<00:09, 10.33it/s]
Epoch 33/50 [Train]:  80%|███████▉  | 367/459 [00:35<00:08, 10.32it/s]
Epoch 33/50 [Train]:  80%|████████  | 369/459 [00:35<00:08, 10.38it/s]
Epoch 33/50 [Train]:  81%|████████  | 371/459 [00:36<00:08, 10.40it/s]
Epoch 33/50 [Train]:  81%|████████▏ | 373/459 [00:36<00:08, 10.40it/s]
Epoch 33/50 [Train]:  82%|████████▏ | 375/459 [00:36<00:08, 10.32it/s]
Epoch 33/50 [Train]:  82%|████████▏ | 377/459 [00:36<00:07, 10.28it/s]
Epoch 33/50 [Train]:  83%|████████▎ | 379/459 [00:36<00:07, 10.30it/s]
Epoch 33/50 [Train]:  83%|████████▎ | 381/459 [00:36<00:07, 10.37it/s]
Epoch 33/50 [Train]:  83%|████████▎ | 383/459 [00:37<00:07, 10.35it/s]
Epoch 33/50 [Train]:  84%|████████▍ | 385/459 [00:37<00:07, 10.35it/s]
Epoch 33/50 [Train]:  84%|████████▍ | 387/459 [00:37<00:06, 10.33it/s]
Epoch 33/50 [Train]:  85%|████████▍ | 389/459 [00:37<00:06, 10.22it/s]
Epoch 33/50 [Train]:  85%|████████▌ | 391/459 [00:37<00:06, 10.26it/s]
Epoch 33/50 [Train]:  86%|████████▌ | 393/459 [00:38<00:06, 10.12it/s]
Epoch 33/50 [Train]:  86%|████████▌ | 395/459 [00:38<00:06, 10.11it/s]
Epoch 33/50 [Train]:  86%|████████▋ | 397/459 [00:38<00:06, 10.14it/s]
Epoch 33/50 [Train]:  87%|████████▋ | 399/459 [00:38<00:05, 10.26it/s]
Epoch 33/50 [Train]:  87%|████████▋ | 401/459 [00:38<00:05, 10.32it/s]
Epoch 33/50 [Train]:  88%|████████▊ | 403/459 [00:39<00:05, 10.38it/s]
Epoch 33/50 [Train]:  88%|████████▊ | 405/459 [00:39<00:05, 10.40it/s]
Epoch 33/50 [Train]:  89%|████████▊ | 407/459 [00:39<00:05, 10.38it/s]
Epoch 33/50 [Train]:  89%|████████▉ | 409/459 [00:39<00:04, 10.29it/s]
Epoch 33/50 [Train]:  90%|████████▉ | 411/459 [00:39<00:04, 10.13it/s]
Epoch 33/50 [Train]:  90%|████████▉ | 413/459 [00:40<00:04, 10.17it/s]
Epoch 33/50 [Train]:  90%|█████████ | 415/459 [00:40<00:04, 10.08it/s]
Epoch 33/50 [Train]:  91%|█████████ | 417/459 [00:40<00:04, 10.20it/s]
Epoch 33/50 [Train]:  91%|█████████▏| 419/459 [00:40<00:03, 10.13it/s]
Epoch 33/50 [Train]:  92%|█████████▏| 421/459 [00:40<00:03, 10.24it/s]
Epoch 33/50 [Train]:  92%|█████████▏| 423/459 [00:41<00:03, 10.31it/s]
Epoch 33/50 [Train]:  93%|█████████▎| 425/459 [00:41<00:03, 10.25it/s]
Epoch 33/50 [Train]:  93%|█████████▎| 427/459 [00:41<00:03, 10.26it/s]
Epoch 33/50 [Train]:  93%|█████████▎| 429/459 [00:41<00:02, 10.32it/s]
Epoch 33/50 [Train]:  94%|█████████▍| 431/459 [00:41<00:02, 10.35it/s]
Epoch 33/50 [Train]:  94%|█████████▍| 433/459 [00:42<00:02, 10.39it/s]
Epoch 33/50 [Train]:  95%|█████████▍| 435/459 [00:42<00:02, 10.42it/s]
Epoch 33/50 [Train]:  95%|█████████▌| 437/459 [00:42<00:02, 10.46it/s]
Epoch 33/50 [Train]:  96%|█████████▌| 439/459 [00:42<00:01, 10.52it/s]
Epoch 33/50 [Train]:  96%|█████████▌| 441/459 [00:42<00:01, 10.50it/s]
Epoch 33/50 [Train]:  97%|█████████▋| 443/459 [00:42<00:01, 10.53it/s]
Epoch 33/50 [Train]:  97%|█████████▋| 445/459 [00:43<00:01, 10.39it/s]
Epoch 33/50 [Train]:  97%|█████████▋| 447/459 [00:43<00:01, 10.35it/s]
Epoch 33/50 [Train]:  98%|█████████▊| 449/459 [00:43<00:00, 10.42it/s]
Epoch 33/50 [Train]:  98%|█████████▊| 451/459 [00:43<00:00, 10.48it/s]
Epoch 33/50 [Train]:  99%|█████████▊| 453/459 [00:43<00:00, 10.54it/s]
Epoch 33/50 [Train]:  99%|█████████▉| 455/459 [00:44<00:00, 10.52it/s]
Epoch 33/50 [Train]: 100%|█████████▉| 457/459 [00:44<00:00, 10.56it/s]
Epoch 33/50 [Train]: 100%|██████████| 459/459 [00:44<00:00, 10.57it/s]
                                                                      

Epoch 33/50 [Val]:   0%|          | 0/113 [00:00<?, ?it/s]
Epoch 33/50 [Val]:   2%|▏         | 2/113 [00:00<00:07, 14.49it/s]
Epoch 33/50 [Val]:   4%|▎         | 4/113 [00:00<00:07, 14.49it/s]
Epoch 33/50 [Val]:   5%|▌         | 6/113 [00:00<00:07, 14.29it/s]
Epoch 33/50 [Val]:   7%|▋         | 8/113 [00:00<00:07, 14.39it/s]
Epoch 33/50 [Val]:   9%|▉         | 10/113 [00:00<00:07, 14.60it/s]
Epoch 33/50 [Val]:  11%|█         | 12/113 [00:00<00:06, 14.55it/s]
Epoch 33/50 [Val]:  12%|█▏        | 14/113 [00:00<00:06, 14.42it/s]
Epoch 33/50 [Val]:  14%|█▍        | 16/113 [00:01<00:06, 13.97it/s]
Epoch 33/50 [Val]:  16%|█▌        | 18/113 [00:01<00:06, 13.71it/s]
Epoch 33/50 [Val]:  18%|█▊        | 20/113 [00:01<00:06, 13.51it/s]
Epoch 33/50 [Val]:  19%|█▉        | 22/113 [00:01<00:06, 13.25it/s]
Epoch 33/50 [Val]:  21%|██        | 24/113 [00:01<00:06, 13.13it/s]
Epoch 33/50 [Val]:  23%|██▎       | 26/113 [00:01<00:06, 13.38it/s]
Epoch 33/50 [Val]:  25%|██▍       | 28/113 [00:02<00:06, 13.59it/s]
Epoch 33/50 [Val]:  27%|██▋       | 30/113 [00:02<00:06, 13.82it/s]
Epoch 33/50 [Val]:  28%|██▊       | 32/113 [00:02<00:05, 13.91it/s]
Epoch 33/50 [Val]:  30%|███       | 34/113 [00:02<00:05, 14.08it/s]
Epoch 33/50 [Val]:  32%|███▏      | 36/113 [00:02<00:05, 14.33it/s]
Epoch 33/50 [Val]:  34%|███▎      | 38/113 [00:02<00:05, 14.36it/s]
Epoch 33/50 [Val]:  35%|███▌      | 40/113 [00:02<00:05, 14.34it/s]
Epoch 33/50 [Val]:  37%|███▋      | 42/113 [00:02<00:04, 14.42it/s]
Epoch 33/50 [Val]:  39%|███▉      | 44/113 [00:03<00:04, 14.41it/s]
Epoch 33/50 [Val]:  41%|████      | 46/113 [00:03<00:04, 14.28it/s]
Epoch 33/50 [Val]:  42%|████▏     | 48/113 [00:03<00:04, 14.25it/s]
Epoch 33/50 [Val]:  44%|████▍     | 50/113 [00:03<00:04, 14.45it/s]
Epoch 33/50 [Val]:  46%|████▌     | 52/113 [00:03<00:04, 14.57it/s]
Epoch 33/50 [Val]:  48%|████▊     | 54/113 [00:03<00:04, 14.64it/s]
Epoch 33/50 [Val]:  50%|████▉     | 56/113 [00:03<00:03, 14.45it/s]
Epoch 33/50 [Val]:  51%|█████▏    | 58/113 [00:04<00:03, 14.02it/s]
Epoch 33/50 [Val]:  53%|█████▎    | 60/113 [00:04<00:03, 14.34it/s]
Epoch 33/50 [Val]:  55%|█████▍    | 62/113 [00:04<00:03, 14.34it/s]
Epoch 33/50 [Val]:  57%|█████▋    | 64/113 [00:04<00:03, 14.35it/s]
Epoch 33/50 [Val]:  58%|█████▊    | 66/113 [00:04<00:03, 14.00it/s]
Epoch 33/50 [Val]:  60%|██████    | 68/113 [00:04<00:03, 13.49it/s]
Epoch 33/50 [Val]:  62%|██████▏   | 70/113 [00:04<00:03, 13.56it/s]
Epoch 33/50 [Val]:  64%|██████▎   | 72/113 [00:05<00:02, 13.75it/s]
Epoch 33/50 [Val]:  65%|██████▌   | 74/113 [00:05<00:02, 14.02it/s]
Epoch 33/50 [Val]:  67%|██████▋   | 76/113 [00:05<00:02, 14.13it/s]
Epoch 33/50 [Val]:  69%|██████▉   | 78/113 [00:05<00:02, 14.14it/s]
Epoch 33/50 [Val]:  71%|███████   | 80/113 [00:05<00:02, 14.19it/s]
Epoch 33/50 [Val]:  73%|███████▎  | 82/113 [00:05<00:02, 14.04it/s]
Epoch 33/50 [Val]:  74%|███████▍  | 84/113 [00:05<00:02, 14.17it/s]
Epoch 33/50 [Val]:  76%|███████▌  | 86/113 [00:06<00:01, 14.29it/s]
Epoch 33/50 [Val]:  78%|███████▊  | 88/113 [00:06<00:01, 14.32it/s]
Epoch 33/50 [Val]:  80%|███████▉  | 90/113 [00:06<00:01, 14.56it/s]
Epoch 33/50 [Val]:  81%|████████▏ | 92/113 [00:06<00:01, 14.56it/s]
Epoch 33/50 [Val]:  83%|████████▎ | 94/113 [00:06<00:01, 14.70it/s]
Epoch 33/50 [Val]:  85%|████████▍ | 96/113 [00:06<00:01, 14.72it/s]
Epoch 33/50 [Val]:  87%|████████▋ | 98/113 [00:06<00:01, 14.72it/s]
Epoch 33/50 [Val]:  88%|████████▊ | 100/113 [00:07<00:00, 14.45it/s]
Epoch 33/50 [Val]:  90%|█████████ | 102/113 [00:07<00:00, 14.33it/s]
Epoch 33/50 [Val]:  92%|█████████▏| 104/113 [00:07<00:00, 14.55it/s]
Epoch 33/50 [Val]:  94%|█████████▍| 106/113 [00:07<00:00, 14.53it/s]
Epoch 33/50 [Val]:  96%|█████████▌| 108/113 [00:07<00:00, 14.52it/s]
Epoch 33/50 [Val]:  97%|█████████▋| 110/113 [00:07<00:00, 14.58it/s]
Epoch 33/50 [Val]:  99%|█████████▉| 112/113 [00:07<00:00, 14.43it/s]
                                                                    

Epoch 34/50 [Train]:   0%|          | 0/459 [00:00<?, ?it/s]
Epoch 34/50 [Train]:   0%|          | 2/459 [00:00<00:45, 10.09it/s]
Epoch 34/50 [Train]:   1%|          | 4/459 [00:00<00:44, 10.23it/s]
Epoch 34/50 [Train]:   1%|▏         | 6/459 [00:00<00:43, 10.34it/s]
Epoch 34/50 [Train]:   2%|▏         | 8/459 [00:00<00:43, 10.42it/s]
Epoch 34/50 [Train]:   2%|▏         | 10/459 [00:00<00:42, 10.50it/s]
Epoch 34/50 [Train]:   3%|▎         | 12/459 [00:01<00:42, 10.52it/s]
Epoch 34/50 [Train]:   3%|▎         | 14/459 [00:01<00:42, 10.50it/s]
Epoch 34/50 [Train]:   3%|▎         | 16/459 [00:01<00:41, 10.55it/s]
Epoch 34/50 [Train]:   4%|▍         | 18/459 [00:01<00:41, 10.56it/s]
Epoch 34/50 [Train]:   4%|▍         | 20/459 [00:01<00:41, 10.53it/s]
Epoch 34/50 [Train]:   5%|▍         | 22/459 [00:02<00:41, 10.49it/s]
Epoch 34/50 [Train]:   5%|▌         | 24/459 [00:02<00:41, 10.45it/s]
Epoch 34/50 [Train]:   6%|▌         | 26/459 [00:02<00:42, 10.20it/s]
Epoch 34/50 [Train]:   6%|▌         | 28/459 [00:02<00:42, 10.20it/s]
Epoch 34/50 [Train]:   7%|▋         | 30/459 [00:02<00:42, 10.19it/s]
Epoch 34/50 [Train]:   7%|▋         | 32/459 [00:03<00:41, 10.31it/s]
Epoch 34/50 [Train]:   7%|▋         | 34/459 [00:03<00:41, 10.35it/s]
Epoch 34/50 [Train]:   8%|▊         | 36/459 [00:03<00:40, 10.44it/s]
Epoch 34/50 [Train]:   8%|▊         | 38/459 [00:03<00:40, 10.47it/s]
Epoch 34/50 [Train]:   9%|▊         | 40/459 [00:03<00:40, 10.41it/s]
Epoch 34/50 [Train]:   9%|▉         | 42/459 [00:04<00:40, 10.42it/s]
Epoch 34/50 [Train]:  10%|▉         | 44/459 [00:04<00:40, 10.17it/s]
Epoch 34/50 [Train]:  10%|█         | 46/459 [00:04<00:40, 10.29it/s]
Epoch 34/50 [Train]:  10%|█         | 48/459 [00:04<00:39, 10.33it/s]
Epoch 34/50 [Train]:  11%|█         | 50/459 [00:04<00:39, 10.36it/s]
Epoch 34/50 [Train]:  11%|█▏        | 52/459 [00:05<00:39, 10.40it/s]
Epoch 34/50 [Train]:  12%|█▏        | 54/459 [00:05<00:38, 10.42it/s]
Epoch 34/50 [Train]:  12%|█▏        | 56/459 [00:05<00:38, 10.52it/s]
Epoch 34/50 [Train]:  13%|█▎        | 58/459 [00:05<00:38, 10.46it/s]
Epoch 34/50 [Train]:  13%|█▎        | 60/459 [00:05<00:38, 10.49it/s]
Epoch 34/50 [Train]:  14%|█▎        | 62/459 [00:05<00:37, 10.49it/s]
Epoch 34/50 [Train]:  14%|█▍        | 64/459 [00:06<00:37, 10.51it/s]
Epoch 34/50 [Train]:  14%|█▍        | 66/459 [00:06<00:37, 10.52it/s]
Epoch 34/50 [Train]:  15%|█▍        | 68/459 [00:06<00:37, 10.54it/s]
Epoch 34/50 [Train]:  15%|█▌        | 70/459 [00:06<00:36, 10.54it/s]
Epoch 34/50 [Train]:  16%|█▌        | 72/459 [00:06<00:36, 10.53it/s]
Epoch 34/50 [Train]:  16%|█▌        | 74/459 [00:07<00:36, 10.50it/s]
Epoch 34/50 [Train]:  17%|█▋        | 76/459 [00:07<00:36, 10.49it/s]
Epoch 34/50 [Train]:  17%|█▋        | 78/459 [00:07<00:36, 10.50it/s]
Epoch 34/50 [Train]:  17%|█▋        | 80/459 [00:07<00:35, 10.54it/s]
Epoch 34/50 [Train]:  18%|█▊        | 82/459 [00:07<00:36, 10.25it/s]
Epoch 34/50 [Train]:  18%|█▊        | 84/459 [00:08<00:36, 10.25it/s]
Epoch 34/50 [Train]:  19%|█▊        | 86/459 [00:08<00:36, 10.26it/s]
Epoch 34/50 [Train]:  19%|█▉        | 88/459 [00:08<00:35, 10.31it/s]
Epoch 34/50 [Train]:  20%|█▉        | 90/459 [00:08<00:35, 10.39it/s]
Epoch 34/50 [Train]:  20%|██        | 92/459 [00:08<00:35, 10.44it/s]
Epoch 34/50 [Train]:  20%|██        | 94/459 [00:09<00:34, 10.47it/s]
Epoch 34/50 [Train]:  21%|██        | 96/459 [00:09<00:34, 10.52it/s]
Epoch 34/50 [Train]:  21%|██▏       | 98/459 [00:09<00:34, 10.51it/s]
Epoch 34/50 [Train]:  22%|██▏       | 100/459 [00:09<00:34, 10.40it/s]
Epoch 34/50 [Train]:  22%|██▏       | 102/459 [00:09<00:34, 10.36it/s]
Epoch 34/50 [Train]:  23%|██▎       | 104/459 [00:09<00:34, 10.42it/s]
Epoch 34/50 [Train]:  23%|██▎       | 106/459 [00:10<00:33, 10.47it/s]
Epoch 34/50 [Train]:  24%|██▎       | 108/459 [00:10<00:33, 10.45it/s]
Epoch 34/50 [Train]:  24%|██▍       | 110/459 [00:10<00:33, 10.52it/s]
Epoch 34/50 [Train]:  24%|██▍       | 112/459 [00:10<00:33, 10.48it/s]
Epoch 34/50 [Train]:  25%|██▍       | 114/459 [00:10<00:33, 10.43it/s]
Epoch 34/50 [Train]:  25%|██▌       | 116/459 [00:11<00:32, 10.50it/s]
Epoch 34/50 [Train]:  26%|██▌       | 118/459 [00:11<00:32, 10.41it/s]
Epoch 34/50 [Train]:  26%|██▌       | 120/459 [00:11<00:32, 10.45it/s]
Epoch 34/50 [Train]:  27%|██▋       | 122/459 [00:11<00:32, 10.48it/s]
Epoch 34/50 [Train]:  27%|██▋       | 124/459 [00:11<00:32, 10.32it/s]
Epoch 34/50 [Train]:  27%|██▋       | 126/459 [00:12<00:32, 10.39it/s]
Epoch 34/50 [Train]:  28%|██▊       | 128/459 [00:12<00:31, 10.42it/s]
Epoch 34/50 [Train]:  28%|██▊       | 130/459 [00:12<00:31, 10.44it/s]
Epoch 34/50 [Train]:  29%|██▉       | 132/459 [00:12<00:31, 10.49it/s]
Epoch 34/50 [Train]:  29%|██▉       | 134/459 [00:12<00:31, 10.45it/s]
Epoch 34/50 [Train]:  30%|██▉       | 136/459 [00:13<00:30, 10.46it/s]
Epoch 34/50 [Train]:  30%|███       | 138/459 [00:13<00:31, 10.31it/s]
Epoch 34/50 [Train]:  31%|███       | 140/459 [00:13<00:30, 10.37it/s]
Epoch 34/50 [Train]:  31%|███       | 142/459 [00:13<00:30, 10.31it/s]
Epoch 34/50 [Train]:  31%|███▏      | 144/459 [00:13<00:30, 10.25it/s]
Epoch 34/50 [Train]:  32%|███▏      | 146/459 [00:14<00:30, 10.38it/s]
Epoch 34/50 [Train]:  32%|███▏      | 148/459 [00:14<00:29, 10.42it/s]
Epoch 34/50 [Train]:  33%|███▎      | 150/459 [00:14<00:29, 10.48it/s]
Epoch 34/50 [Train]:  33%|███▎      | 152/459 [00:14<00:29, 10.38it/s]
Epoch 34/50 [Train]:  34%|███▎      | 154/459 [00:14<00:29, 10.41it/s]
Epoch 34/50 [Train]:  34%|███▍      | 156/459 [00:14<00:28, 10.46it/s]
Epoch 34/50 [Train]:  34%|███▍      | 158/459 [00:15<00:28, 10.52it/s]
Epoch 34/50 [Train]:  35%|███▍      | 160/459 [00:15<00:28, 10.52it/s]
Epoch 34/50 [Train]:  35%|███▌      | 162/459 [00:15<00:28, 10.56it/s]
Epoch 34/50 [Train]:  36%|███▌      | 164/459 [00:15<00:28, 10.52it/s]
Epoch 34/50 [Train]:  36%|███▌      | 166/459 [00:15<00:28, 10.44it/s]
Epoch 34/50 [Train]:  37%|███▋      | 168/459 [00:16<00:27, 10.49it/s]
Epoch 34/50 [Train]:  37%|███▋      | 170/459 [00:16<00:27, 10.50it/s]
Epoch 34/50 [Train]:  37%|███▋      | 172/459 [00:16<00:27, 10.54it/s]
Epoch 34/50 [Train]:  38%|███▊      | 174/459 [00:16<00:27, 10.49it/s]
Epoch 34/50 [Train]:  38%|███▊      | 176/459 [00:16<00:26, 10.50it/s]
Epoch 34/50 [Train]:  39%|███▉      | 178/459 [00:17<00:26, 10.46it/s]
Epoch 34/50 [Train]:  39%|███▉      | 180/459 [00:17<00:27, 10.27it/s]
Epoch 34/50 [Train]:  40%|███▉      | 182/459 [00:17<00:27, 10.18it/s]
Epoch 34/50 [Train]:  40%|████      | 184/459 [00:17<00:26, 10.23it/s]
Epoch 34/50 [Train]:  41%|████      | 186/459 [00:17<00:26, 10.25it/s]
Epoch 34/50 [Train]:  41%|████      | 188/459 [00:18<00:26, 10.28it/s]
Epoch 34/50 [Train]:  41%|████▏     | 190/459 [00:18<00:26, 10.23it/s]
Epoch 34/50 [Train]:  42%|████▏     | 192/459 [00:18<00:25, 10.36it/s]
Epoch 34/50 [Train]:  42%|████▏     | 194/459 [00:18<00:25, 10.33it/s]
Epoch 34/50 [Train]:  43%|████▎     | 196/459 [00:18<00:25, 10.34it/s]
Epoch 34/50 [Train]:  43%|████▎     | 198/459 [00:19<00:25, 10.40it/s]
Epoch 34/50 [Train]:  44%|████▎     | 200/459 [00:19<00:25, 10.35it/s]
Epoch 34/50 [Train]:  44%|████▍     | 202/459 [00:19<00:24, 10.38it/s]
Epoch 34/50 [Train]:  44%|████▍     | 204/459 [00:19<00:24, 10.41it/s]
Epoch 34/50 [Train]:  45%|████▍     | 206/459 [00:19<00:24, 10.46it/s]
Epoch 34/50 [Train]:  45%|████▌     | 208/459 [00:19<00:24, 10.43it/s]
Epoch 34/50 [Train]:  46%|████▌     | 210/459 [00:20<00:24, 10.34it/s]
Epoch 34/50 [Train]:  46%|████▌     | 212/459 [00:20<00:23, 10.41it/s]
Epoch 34/50 [Train]:  47%|████▋     | 214/459 [00:20<00:23, 10.45it/s]
Epoch 34/50 [Train]:  47%|████▋     | 216/459 [00:20<00:23, 10.50it/s]
Epoch 34/50 [Train]:  47%|████▋     | 218/459 [00:20<00:23, 10.38it/s]
Epoch 34/50 [Train]:  48%|████▊     | 220/459 [00:21<00:22, 10.43it/s]
Epoch 34/50 [Train]:  48%|████▊     | 222/459 [00:21<00:22, 10.47it/s]
Epoch 34/50 [Train]:  49%|████▉     | 224/459 [00:21<00:22, 10.54it/s]
Epoch 34/50 [Train]:  49%|████▉     | 226/459 [00:21<00:22, 10.46it/s]
Epoch 34/50 [Train]:  50%|████▉     | 228/459 [00:21<00:22, 10.45it/s]
Epoch 34/50 [Train]:  50%|█████     | 230/459 [00:22<00:21, 10.50it/s]
Epoch 34/50 [Train]:  51%|█████     | 232/459 [00:22<00:21, 10.49it/s]
Epoch 34/50 [Train]:  51%|█████     | 234/459 [00:22<00:21, 10.53it/s]
Epoch 34/50 [Train]:  51%|█████▏    | 236/459 [00:22<00:21, 10.57it/s]
Epoch 34/50 [Train]:  52%|█████▏    | 238/459 [00:22<00:20, 10.56it/s]
Epoch 34/50 [Train]:  52%|█████▏    | 240/459 [00:23<00:20, 10.47it/s]
Epoch 34/50 [Train]:  53%|█████▎    | 242/459 [00:23<00:20, 10.50it/s]
Epoch 34/50 [Train]:  53%|█████▎    | 244/459 [00:23<00:20, 10.53it/s]
Epoch 34/50 [Train]:  54%|█████▎    | 246/459 [00:23<00:20, 10.54it/s]
Epoch 34/50 [Train]:  54%|█████▍    | 248/459 [00:23<00:19, 10.56it/s]
Epoch 34/50 [Train]:  54%|█████▍    | 250/459 [00:23<00:19, 10.48it/s]
Epoch 34/50 [Train]:  55%|█████▍    | 252/459 [00:24<00:19, 10.52it/s]
Epoch 34/50 [Train]:  55%|█████▌    | 254/459 [00:24<00:19, 10.37it/s]
Epoch 34/50 [Train]:  56%|█████▌    | 256/459 [00:24<00:19, 10.38it/s]
Epoch 34/50 [Train]:  56%|█████▌    | 258/459 [00:24<00:19, 10.40it/s]
Epoch 34/50 [Train]:  57%|█████▋    | 260/459 [00:24<00:19, 10.41it/s]
Epoch 34/50 [Train]:  57%|█████▋    | 262/459 [00:25<00:18, 10.44it/s]
Epoch 34/50 [Train]:  58%|█████▊    | 264/459 [00:25<00:18, 10.45it/s]
Epoch 34/50 [Train]:  58%|█████▊    | 266/459 [00:25<00:18, 10.45it/s]
Epoch 34/50 [Train]:  58%|█████▊    | 268/459 [00:25<00:18, 10.46it/s]
Epoch 34/50 [Train]:  59%|█████▉    | 270/459 [00:25<00:18, 10.42it/s]
Epoch 34/50 [Train]:  59%|█████▉    | 272/459 [00:26<00:17, 10.43it/s]
Epoch 34/50 [Train]:  60%|█████▉    | 274/459 [00:26<00:17, 10.40it/s]
Epoch 34/50 [Train]:  60%|██████    | 276/459 [00:26<00:17, 10.47it/s]
Epoch 34/50 [Train]:  61%|██████    | 278/459 [00:26<00:17, 10.50it/s]
Epoch 34/50 [Train]:  61%|██████    | 280/459 [00:26<00:17, 10.49it/s]
Epoch 34/50 [Train]:  61%|██████▏   | 282/459 [00:27<00:16, 10.51it/s]
Epoch 34/50 [Train]:  62%|██████▏   | 284/459 [00:27<00:16, 10.46it/s]
Epoch 34/50 [Train]:  62%|██████▏   | 286/459 [00:27<00:16, 10.48it/s]
Epoch 34/50 [Train]:  63%|██████▎   | 288/459 [00:27<00:16, 10.54it/s]
Epoch 34/50 [Train]:  63%|██████▎   | 290/459 [00:27<00:16, 10.50it/s]
Epoch 34/50 [Train]:  64%|██████▎   | 292/459 [00:27<00:16, 10.43it/s]
Epoch 34/50 [Train]:  64%|██████▍   | 294/459 [00:28<00:15, 10.49it/s]
Epoch 34/50 [Train]:  64%|██████▍   | 296/459 [00:28<00:15, 10.55it/s]
Epoch 34/50 [Train]:  65%|██████▍   | 298/459 [00:28<00:15, 10.52it/s]
Epoch 34/50 [Train]:  65%|██████▌   | 300/459 [00:28<00:15, 10.51it/s]
Epoch 34/50 [Train]:  66%|██████▌   | 302/459 [00:28<00:15, 10.39it/s]
Epoch 34/50 [Train]:  66%|██████▌   | 304/459 [00:29<00:14, 10.47it/s]
Epoch 34/50 [Train]:  67%|██████▋   | 306/459 [00:29<00:14, 10.49it/s]
Epoch 34/50 [Train]:  67%|██████▋   | 308/459 [00:29<00:14, 10.56it/s]
Epoch 34/50 [Train]:  68%|██████▊   | 310/459 [00:29<00:14, 10.58it/s]
Epoch 34/50 [Train]:  68%|██████▊   | 312/459 [00:29<00:13, 10.55it/s]
Epoch 34/50 [Train]:  68%|██████▊   | 314/459 [00:30<00:13, 10.58it/s]
Epoch 34/50 [Train]:  69%|██████▉   | 316/459 [00:30<00:13, 10.55it/s]
Epoch 34/50 [Train]:  69%|██████▉   | 318/459 [00:30<00:13, 10.56it/s]
Epoch 34/50 [Train]:  70%|██████▉   | 320/459 [00:30<00:13, 10.56it/s]
Epoch 34/50 [Train]:  70%|███████   | 322/459 [00:30<00:13, 10.50it/s]
Epoch 34/50 [Train]:  71%|███████   | 324/459 [00:31<00:12, 10.43it/s]
Epoch 34/50 [Train]:  71%|███████   | 326/459 [00:31<00:12, 10.47it/s]
Epoch 34/50 [Train]:  71%|███████▏  | 328/459 [00:31<00:12, 10.32it/s]
Epoch 34/50 [Train]:  72%|███████▏  | 330/459 [00:31<00:12, 10.36it/s]
Epoch 34/50 [Train]:  72%|███████▏  | 332/459 [00:31<00:12, 10.41it/s]
Epoch 34/50 [Train]:  73%|███████▎  | 334/459 [00:32<00:12, 10.41it/s]
Epoch 34/50 [Train]:  73%|███████▎  | 336/459 [00:32<00:11, 10.48it/s]
Epoch 34/50 [Train]:  74%|███████▎  | 338/459 [00:32<00:11, 10.55it/s]
Epoch 34/50 [Train]:  74%|███████▍  | 340/459 [00:32<00:11, 10.55it/s]
Epoch 34/50 [Train]:  75%|███████▍  | 342/459 [00:32<00:11, 10.56it/s]
Epoch 34/50 [Train]:  75%|███████▍  | 344/459 [00:32<00:11, 10.39it/s]
Epoch 34/50 [Train]:  75%|███████▌  | 346/459 [00:33<00:10, 10.45it/s]
Epoch 34/50 [Train]:  76%|███████▌  | 348/459 [00:33<00:10, 10.44it/s]
Epoch 34/50 [Train]:  76%|███████▋  | 350/459 [00:33<00:10, 10.46it/s]
Epoch 34/50 [Train]:  77%|███████▋  | 352/459 [00:33<00:10, 10.55it/s]
Epoch 34/50 [Train]:  77%|███████▋  | 354/459 [00:33<00:10, 10.46it/s]
Epoch 34/50 [Train]:  78%|███████▊  | 356/459 [00:34<00:09, 10.41it/s]
Epoch 34/50 [Train]:  78%|███████▊  | 358/459 [00:34<00:09, 10.37it/s]
Epoch 34/50 [Train]:  78%|███████▊  | 360/459 [00:34<00:09, 10.28it/s]
Epoch 34/50 [Train]:  79%|███████▉  | 362/459 [00:34<00:09, 10.36it/s]
Epoch 34/50 [Train]:  79%|███████▉  | 364/459 [00:34<00:09, 10.38it/s]
Epoch 34/50 [Train]:  80%|███████▉  | 366/459 [00:35<00:08, 10.38it/s]
Epoch 34/50 [Train]:  80%|████████  | 368/459 [00:35<00:08, 10.51it/s]
Epoch 34/50 [Train]:  81%|████████  | 370/459 [00:35<00:08, 10.56it/s]
Epoch 34/50 [Train]:  81%|████████  | 372/459 [00:35<00:08, 10.52it/s]
Epoch 34/50 [Train]:  81%|████████▏ | 374/459 [00:35<00:08, 10.26it/s]
Epoch 34/50 [Train]:  82%|████████▏ | 376/459 [00:36<00:08, 10.34it/s]
Epoch 34/50 [Train]:  82%|████████▏ | 378/459 [00:36<00:07, 10.41it/s]
Epoch 34/50 [Train]:  83%|████████▎ | 380/459 [00:36<00:07, 10.41it/s]
Epoch 34/50 [Train]:  83%|████████▎ | 382/459 [00:36<00:07, 10.47it/s]
Epoch 34/50 [Train]:  84%|████████▎ | 384/459 [00:36<00:07, 10.52it/s]
Epoch 34/50 [Train]:  84%|████████▍ | 386/459 [00:36<00:07, 10.39it/s]
Epoch 34/50 [Train]:  85%|████████▍ | 388/459 [00:37<00:06, 10.44it/s]
Epoch 34/50 [Train]:  85%|████████▍ | 390/459 [00:37<00:06, 10.44it/s]
Epoch 34/50 [Train]:  85%|████████▌ | 392/459 [00:37<00:06, 10.47it/s]
Epoch 34/50 [Train]:  86%|████████▌ | 394/459 [00:37<00:06, 10.52it/s]
Epoch 34/50 [Train]:  86%|████████▋ | 396/459 [00:37<00:06, 10.27it/s]
Epoch 34/50 [Train]:  87%|████████▋ | 398/459 [00:38<00:05, 10.33it/s]
Epoch 34/50 [Train]:  87%|████████▋ | 400/459 [00:38<00:05, 10.34it/s]
Epoch 34/50 [Train]:  88%|████████▊ | 402/459 [00:38<00:05, 10.38it/s]
Epoch 34/50 [Train]:  88%|████████▊ | 404/459 [00:38<00:05, 10.46it/s]
Epoch 34/50 [Train]:  88%|████████▊ | 406/459 [00:38<00:05, 10.39it/s]
Epoch 34/50 [Train]:  89%|████████▉ | 408/459 [00:39<00:04, 10.45it/s]
Epoch 34/50 [Train]:  89%|████████▉ | 410/459 [00:39<00:04, 10.53it/s]
Epoch 34/50 [Train]:  90%|████████▉ | 412/459 [00:39<00:04, 10.54it/s]
Epoch 34/50 [Train]:  90%|█████████ | 414/459 [00:39<00:04, 10.57it/s]
Epoch 34/50 [Train]:  91%|█████████ | 416/459 [00:39<00:04, 10.56it/s]
Epoch 34/50 [Train]:  91%|█████████ | 418/459 [00:40<00:03, 10.55it/s]
Epoch 34/50 [Train]:  92%|█████████▏| 420/459 [00:40<00:03, 10.60it/s]
Epoch 34/50 [Train]:  92%|█████████▏| 422/459 [00:40<00:03, 10.60it/s]
Epoch 34/50 [Train]:  92%|█████████▏| 424/459 [00:40<00:03, 10.59it/s]
Epoch 34/50 [Train]:  93%|█████████▎| 426/459 [00:40<00:03, 10.59it/s]
Epoch 34/50 [Train]:  93%|█████████▎| 428/459 [00:40<00:02, 10.45it/s]
Epoch 34/50 [Train]:  94%|█████████▎| 430/459 [00:41<00:02, 10.40it/s]
Epoch 34/50 [Train]:  94%|█████████▍| 432/459 [00:41<00:02, 10.49it/s]
Epoch 34/50 [Train]:  95%|█████████▍| 434/459 [00:41<00:02, 10.50it/s]
Epoch 34/50 [Train]:  95%|█████████▍| 436/459 [00:41<00:02, 10.54it/s]
Epoch 34/50 [Train]:  95%|█████████▌| 438/459 [00:41<00:02, 10.49it/s]
Epoch 34/50 [Train]:  96%|█████████▌| 440/459 [00:42<00:01, 10.53it/s]
Epoch 34/50 [Train]:  96%|█████████▋| 442/459 [00:42<00:01, 10.54it/s]
Epoch 34/50 [Train]:  97%|█████████▋| 444/459 [00:42<00:01, 10.56it/s]
Epoch 34/50 [Train]:  97%|█████████▋| 446/459 [00:42<00:01, 10.56it/s]
Epoch 34/50 [Train]:  98%|█████████▊| 448/459 [00:42<00:01, 10.55it/s]
Epoch 34/50 [Train]:  98%|█████████▊| 450/459 [00:43<00:00, 10.49it/s]
Epoch 34/50 [Train]:  98%|█████████▊| 452/459 [00:43<00:00, 10.52it/s]
Epoch 34/50 [Train]:  99%|█████████▉| 454/459 [00:43<00:00, 10.52it/s]
Epoch 34/50 [Train]:  99%|█████████▉| 456/459 [00:43<00:00, 10.47it/s]
Epoch 34/50 [Train]: 100%|█████████▉| 458/459 [00:43<00:00, 10.36it/s]
                                                                      

Epoch 34/50 [Val]:   0%|          | 0/113 [00:00<?, ?it/s]
Epoch 34/50 [Val]:   2%|▏         | 2/113 [00:00<00:07, 14.33it/s]
Epoch 34/50 [Val]:   4%|▎         | 4/113 [00:00<00:07, 14.18it/s]
Epoch 34/50 [Val]:   5%|▌         | 6/113 [00:00<00:07, 13.90it/s]
Epoch 34/50 [Val]:   7%|▋         | 8/113 [00:00<00:07, 13.97it/s]
Epoch 34/50 [Val]:   9%|▉         | 10/113 [00:00<00:07, 14.34it/s]
Epoch 34/50 [Val]:  11%|█         | 12/113 [00:00<00:07, 14.35it/s]
Epoch 34/50 [Val]:  12%|█▏        | 14/113 [00:00<00:07, 14.12it/s]
Epoch 34/50 [Val]:  14%|█▍        | 16/113 [00:01<00:07, 13.65it/s]
Epoch 34/50 [Val]:  16%|█▌        | 18/113 [00:01<00:07, 13.46it/s]
Epoch 34/50 [Val]:  18%|█▊        | 20/113 [00:01<00:07, 13.18it/s]
Epoch 34/50 [Val]:  19%|█▉        | 22/113 [00:01<00:06, 13.07it/s]
Epoch 34/50 [Val]:  21%|██        | 24/113 [00:01<00:06, 13.01it/s]
Epoch 34/50 [Val]:  23%|██▎       | 26/113 [00:01<00:06, 13.07it/s]
Epoch 34/50 [Val]:  25%|██▍       | 28/113 [00:02<00:06, 13.26it/s]
Epoch 34/50 [Val]:  27%|██▋       | 30/113 [00:02<00:06, 13.39it/s]
Epoch 34/50 [Val]:  28%|██▊       | 32/113 [00:02<00:05, 13.59it/s]
Epoch 34/50 [Val]:  30%|███       | 34/113 [00:02<00:05, 13.79it/s]
Epoch 34/50 [Val]:  32%|███▏      | 36/113 [00:02<00:05, 14.08it/s]
Epoch 34/50 [Val]:  34%|███▎      | 38/113 [00:02<00:05, 14.35it/s]
Epoch 34/50 [Val]:  35%|███▌      | 40/113 [00:02<00:05, 14.36it/s]
Epoch 34/50 [Val]:  37%|███▋      | 42/113 [00:03<00:04, 14.33it/s]
Epoch 34/50 [Val]:  39%|███▉      | 44/113 [00:03<00:04, 13.96it/s]
Epoch 34/50 [Val]:  41%|████      | 46/113 [00:03<00:04, 13.79it/s]
Epoch 34/50 [Val]:  42%|████▏     | 48/113 [00:03<00:04, 13.81it/s]
Epoch 34/50 [Val]:  44%|████▍     | 50/113 [00:03<00:04, 13.97it/s]
Epoch 34/50 [Val]:  46%|████▌     | 52/113 [00:03<00:04, 14.09it/s]
Epoch 34/50 [Val]:  48%|████▊     | 54/113 [00:03<00:04, 14.18it/s]
Epoch 34/50 [Val]:  50%|████▉     | 56/113 [00:04<00:04, 14.24it/s]
Epoch 34/50 [Val]:  51%|█████▏    | 58/113 [00:04<00:03, 13.95it/s]
Epoch 34/50 [Val]:  53%|█████▎    | 60/113 [00:04<00:03, 14.23it/s]
Epoch 34/50 [Val]:  55%|█████▍    | 62/113 [00:04<00:03, 14.31it/s]
Epoch 34/50 [Val]:  57%|█████▋    | 64/113 [00:04<00:03, 14.20it/s]
Epoch 34/50 [Val]:  58%|█████▊    | 66/113 [00:04<00:03, 14.11it/s]
Epoch 34/50 [Val]:  60%|██████    | 68/113 [00:04<00:03, 13.90it/s]
Epoch 34/50 [Val]:  62%|██████▏   | 70/113 [00:05<00:03, 14.04it/s]
Epoch 34/50 [Val]:  64%|██████▎   | 72/113 [00:05<00:02, 14.20it/s]
Epoch 34/50 [Val]:  65%|██████▌   | 74/113 [00:05<00:02, 14.47it/s]
Epoch 34/50 [Val]:  67%|██████▋   | 76/113 [00:05<00:02, 14.38it/s]
Epoch 34/50 [Val]:  69%|██████▉   | 78/113 [00:05<00:02, 14.27it/s]
Epoch 34/50 [Val]:  71%|███████   | 80/113 [00:05<00:02, 14.15it/s]
Epoch 34/50 [Val]:  73%|███████▎  | 82/113 [00:05<00:02, 14.07it/s]
Epoch 34/50 [Val]:  74%|███████▍  | 84/113 [00:06<00:02, 14.09it/s]
Epoch 34/50 [Val]:  76%|███████▌  | 86/113 [00:06<00:01, 14.10it/s]
Epoch 34/50 [Val]:  78%|███████▊  | 88/113 [00:06<00:01, 14.01it/s]
Epoch 34/50 [Val]:  80%|███████▉  | 90/113 [00:06<00:01, 14.30it/s]
Epoch 34/50 [Val]:  81%|████████▏ | 92/113 [00:06<00:01, 14.07it/s]
Epoch 34/50 [Val]:  83%|████████▎ | 94/113 [00:06<00:01, 14.19it/s]
Epoch 34/50 [Val]:  85%|████████▍ | 96/113 [00:06<00:01, 14.26it/s]
Epoch 34/50 [Val]:  87%|████████▋ | 98/113 [00:07<00:01, 14.31it/s]
Epoch 34/50 [Val]:  88%|████████▊ | 100/113 [00:07<00:00, 14.18it/s]
Epoch 34/50 [Val]:  90%|█████████ | 102/113 [00:07<00:00, 13.95it/s]
Epoch 34/50 [Val]:  92%|█████████▏| 104/113 [00:07<00:00, 14.11it/s]
Epoch 34/50 [Val]:  94%|█████████▍| 106/113 [00:07<00:00, 14.32it/s]
Epoch 34/50 [Val]:  96%|█████████▌| 108/113 [00:07<00:00, 14.43it/s]
Epoch 34/50 [Val]:  97%|█████████▋| 110/113 [00:07<00:00, 14.28it/s]
Epoch 34/50 [Val]:  99%|█████████▉| 112/113 [00:07<00:00, 14.37it/s]
                                                                    

Epoch 35/50 [Train]:   0%|          | 0/459 [00:00<?, ?it/s]
Epoch 35/50 [Train]:   0%|          | 1/459 [00:00<00:48,  9.54it/s]
Epoch 35/50 [Train]:   0%|          | 2/459 [00:00<00:47,  9.64it/s]
Epoch 35/50 [Train]:   1%|          | 4/459 [00:00<00:45, 10.08it/s]
Epoch 35/50 [Train]:   1%|▏         | 6/459 [00:00<00:43, 10.32it/s]
Epoch 35/50 [Train]:   2%|▏         | 8/459 [00:00<00:43, 10.28it/s]
Epoch 35/50 [Train]:   2%|▏         | 10/459 [00:00<00:43, 10.35it/s]
Epoch 35/50 [Train]:   3%|▎         | 12/459 [00:01<00:43, 10.31it/s]
Epoch 35/50 [Train]:   3%|▎         | 14/459 [00:01<00:43, 10.31it/s]
Epoch 35/50 [Train]:   3%|▎         | 16/459 [00:01<00:43, 10.19it/s]
Epoch 35/50 [Train]:   4%|▍         | 18/459 [00:01<00:43, 10.24it/s]
Epoch 35/50 [Train]:   4%|▍         | 20/459 [00:01<00:42, 10.26it/s]
Epoch 35/50 [Train]:   5%|▍         | 22/459 [00:02<00:42, 10.23it/s]
Epoch 35/50 [Train]:   5%|▌         | 24/459 [00:02<00:42, 10.25it/s]
Epoch 35/50 [Train]:   6%|▌         | 26/459 [00:02<00:42, 10.27it/s]
Epoch 35/50 [Train]:   6%|▌         | 28/459 [00:02<00:41, 10.33it/s]
Epoch 35/50 [Train]:   7%|▋         | 30/459 [00:02<00:41, 10.37it/s]
Epoch 35/50 [Train]:   7%|▋         | 32/459 [00:03<00:41, 10.40it/s]
Epoch 35/50 [Train]:   7%|▋         | 34/459 [00:03<00:40, 10.40it/s]
Epoch 35/50 [Train]:   8%|▊         | 36/459 [00:03<00:40, 10.43it/s]
Epoch 35/50 [Train]:   8%|▊         | 38/459 [00:03<00:40, 10.44it/s]
Epoch 35/50 [Train]:   9%|▊         | 40/459 [00:03<00:40, 10.42it/s]
Epoch 35/50 [Train]:   9%|▉         | 42/459 [00:04<00:40, 10.42it/s]
Epoch 35/50 [Train]:  10%|▉         | 44/459 [00:04<00:39, 10.40it/s]
Epoch 35/50 [Train]:  10%|█         | 46/459 [00:04<00:39, 10.45it/s]
Epoch 35/50 [Train]:  10%|█         | 48/459 [00:04<00:39, 10.49it/s]
Epoch 35/50 [Train]:  11%|█         | 50/459 [00:04<00:39, 10.45it/s]
Epoch 35/50 [Train]:  11%|█▏        | 52/459 [00:05<00:38, 10.44it/s]
Epoch 35/50 [Train]:  12%|█▏        | 54/459 [00:05<00:38, 10.41it/s]
Epoch 35/50 [Train]:  12%|█▏        | 56/459 [00:05<00:38, 10.40it/s]
Epoch 35/50 [Train]:  13%|█▎        | 58/459 [00:05<00:38, 10.40it/s]
Epoch 35/50 [Train]:  13%|█▎        | 60/459 [00:05<00:38, 10.44it/s]
Epoch 35/50 [Train]:  14%|█▎        | 62/459 [00:05<00:38, 10.37it/s]
Epoch 35/50 [Train]:  14%|█▍        | 64/459 [00:06<00:38, 10.31it/s]
Epoch 35/50 [Train]:  14%|█▍        | 66/459 [00:06<00:37, 10.35it/s]
Epoch 35/50 [Train]:  15%|█▍        | 68/459 [00:06<00:38, 10.24it/s]
Epoch 35/50 [Train]:  15%|█▌        | 70/459 [00:06<00:37, 10.32it/s]
Epoch 35/50 [Train]:  16%|█▌        | 72/459 [00:06<00:37, 10.37it/s]
Epoch 35/50 [Train]:  16%|█▌        | 74/459 [00:07<00:37, 10.33it/s]
Epoch 35/50 [Train]:  17%|█▋        | 76/459 [00:07<00:36, 10.38it/s]
Epoch 35/50 [Train]:  17%|█▋        | 78/459 [00:07<00:37, 10.29it/s]
Epoch 35/50 [Train]:  17%|█▋        | 80/459 [00:07<00:36, 10.31it/s]
Epoch 35/50 [Train]:  18%|█▊        | 82/459 [00:07<00:36, 10.33it/s]
Epoch 35/50 [Train]:  18%|█▊        | 84/459 [00:08<00:36, 10.42it/s]
Epoch 35/50 [Train]:  19%|█▊        | 86/459 [00:08<00:35, 10.41it/s]
Epoch 35/50 [Train]:  19%|█▉        | 88/459 [00:08<00:35, 10.39it/s]
Epoch 35/50 [Train]:  20%|█▉        | 90/459 [00:08<00:35, 10.37it/s]
Epoch 35/50 [Train]:  20%|██        | 92/459 [00:08<00:35, 10.29it/s]
Epoch 35/50 [Train]:  20%|██        | 94/459 [00:09<00:35, 10.41it/s]
Epoch 35/50 [Train]:  21%|██        | 96/459 [00:09<00:35, 10.35it/s]
Epoch 35/50 [Train]:  21%|██▏       | 98/459 [00:09<00:34, 10.35it/s]
Epoch 35/50 [Train]:  22%|██▏       | 100/459 [00:09<00:34, 10.42it/s]
Epoch 35/50 [Train]:  22%|██▏       | 102/459 [00:09<00:34, 10.30it/s]
Epoch 35/50 [Train]:  23%|██▎       | 104/459 [00:10<00:34, 10.35it/s]
Epoch 35/50 [Train]:  23%|██▎       | 106/459 [00:10<00:34, 10.35it/s]
Epoch 35/50 [Train]:  24%|██▎       | 108/459 [00:10<00:34, 10.27it/s]
Epoch 35/50 [Train]:  24%|██▍       | 110/459 [00:10<00:34, 10.24it/s]
Epoch 35/50 [Train]:  24%|██▍       | 112/459 [00:10<00:33, 10.21it/s]
Epoch 35/50 [Train]:  25%|██▍       | 114/459 [00:11<00:33, 10.26it/s]
Epoch 35/50 [Train]:  25%|██▌       | 116/459 [00:11<00:33, 10.37it/s]
Epoch 35/50 [Train]:  26%|██▌       | 118/459 [00:11<00:32, 10.40it/s]
Epoch 35/50 [Train]:  26%|██▌       | 120/459 [00:11<00:32, 10.44it/s]
Epoch 35/50 [Train]:  27%|██▋       | 122/459 [00:11<00:32, 10.41it/s]
Epoch 35/50 [Train]:  27%|██▋       | 124/459 [00:11<00:32, 10.44it/s]
Epoch 35/50 [Train]:  27%|██▋       | 126/459 [00:12<00:31, 10.43it/s]
Epoch 35/50 [Train]:  28%|██▊       | 128/459 [00:12<00:31, 10.35it/s]
Epoch 35/50 [Train]:  28%|██▊       | 130/459 [00:12<00:31, 10.39it/s]
Epoch 35/50 [Train]:  29%|██▉       | 132/459 [00:12<00:31, 10.45it/s]
Epoch 35/50 [Train]:  29%|██▉       | 134/459 [00:12<00:31, 10.31it/s]
Epoch 35/50 [Train]:  30%|██▉       | 136/459 [00:13<00:31, 10.35it/s]
Epoch 35/50 [Train]:  30%|███       | 138/459 [00:13<00:31, 10.31it/s]
Epoch 35/50 [Train]:  31%|███       | 140/459 [00:13<00:30, 10.31it/s]
Epoch 35/50 [Train]:  31%|███       | 142/459 [00:13<00:30, 10.36it/s]
Epoch 35/50 [Train]:  31%|███▏      | 144/459 [00:13<00:30, 10.34it/s]
Epoch 35/50 [Train]:  32%|███▏      | 146/459 [00:14<00:30, 10.43it/s]
Epoch 35/50 [Train]:  32%|███▏      | 148/459 [00:14<00:29, 10.39it/s]
Epoch 35/50 [Train]:  33%|███▎      | 150/459 [00:14<00:29, 10.45it/s]
Epoch 35/50 [Train]:  33%|███▎      | 152/459 [00:14<00:29, 10.43it/s]
Epoch 35/50 [Train]:  34%|███▎      | 154/459 [00:14<00:29, 10.37it/s]
Epoch 35/50 [Train]:  34%|███▍      | 156/459 [00:15<00:28, 10.45it/s]
Epoch 35/50 [Train]:  34%|███▍      | 158/459 [00:15<00:29, 10.35it/s]
Epoch 35/50 [Train]:  35%|███▍      | 160/459 [00:15<00:28, 10.41it/s]
Epoch 35/50 [Train]:  35%|███▌      | 162/459 [00:15<00:28, 10.42it/s]
Epoch 35/50 [Train]:  36%|███▌      | 164/459 [00:15<00:28, 10.37it/s]
Epoch 35/50 [Train]:  36%|███▌      | 166/459 [00:16<00:28, 10.37it/s]
Epoch 35/50 [Train]:  37%|███▋      | 168/459 [00:16<00:28, 10.29it/s]
Epoch 35/50 [Train]:  37%|███▋      | 170/459 [00:16<00:27, 10.34it/s]
Epoch 35/50 [Train]:  37%|███▋      | 172/459 [00:16<00:27, 10.32it/s]
Epoch 35/50 [Train]:  38%|███▊      | 174/459 [00:16<00:27, 10.32it/s]
Epoch 35/50 [Train]:  38%|███▊      | 176/459 [00:17<00:27, 10.30it/s]
Epoch 35/50 [Train]:  39%|███▉      | 178/459 [00:17<00:27, 10.27it/s]
Epoch 35/50 [Train]:  39%|███▉      | 180/459 [00:17<00:27, 10.19it/s]
Epoch 35/50 [Train]:  40%|███▉      | 182/459 [00:17<00:27, 10.25it/s]
Epoch 35/50 [Train]:  40%|████      | 184/459 [00:17<00:26, 10.30it/s]
Epoch 35/50 [Train]:  41%|████      | 186/459 [00:17<00:26, 10.33it/s]
Epoch 35/50 [Train]:  41%|████      | 188/459 [00:18<00:26, 10.40it/s]
Epoch 35/50 [Train]:  41%|████▏     | 190/459 [00:18<00:25, 10.41it/s]
Epoch 35/50 [Train]:  42%|████▏     | 192/459 [00:18<00:25, 10.43it/s]
Epoch 35/50 [Train]:  42%|████▏     | 194/459 [00:18<00:25, 10.39it/s]
Epoch 35/50 [Train]:  43%|████▎     | 196/459 [00:18<00:25, 10.36it/s]
Epoch 35/50 [Train]:  43%|████▎     | 198/459 [00:19<00:25, 10.40it/s]
Epoch 35/50 [Train]:  44%|████▎     | 200/459 [00:19<00:24, 10.42it/s]
Epoch 35/50 [Train]:  44%|████▍     | 202/459 [00:19<00:24, 10.38it/s]
Epoch 35/50 [Train]:  44%|████▍     | 204/459 [00:19<00:24, 10.38it/s]
Epoch 35/50 [Train]:  45%|████▍     | 206/459 [00:19<00:24, 10.45it/s]
Epoch 35/50 [Train]:  45%|████▌     | 208/459 [00:20<00:23, 10.50it/s]
Epoch 35/50 [Train]:  46%|████▌     | 210/459 [00:20<00:23, 10.46it/s]
Epoch 35/50 [Train]:  46%|████▌     | 212/459 [00:20<00:23, 10.48it/s]
Epoch 35/50 [Train]:  47%|████▋     | 214/459 [00:20<00:23, 10.40it/s]
Epoch 35/50 [Train]:  47%|████▋     | 216/459 [00:20<00:23, 10.44it/s]
Epoch 35/50 [Train]:  47%|████▋     | 218/459 [00:21<00:23, 10.44it/s]
Epoch 35/50 [Train]:  48%|████▊     | 220/459 [00:21<00:22, 10.46it/s]
Epoch 35/50 [Train]:  48%|████▊     | 222/459 [00:21<00:22, 10.46it/s]
Epoch 35/50 [Train]:  49%|████▉     | 224/459 [00:21<00:22, 10.38it/s]
Epoch 35/50 [Train]:  49%|████▉     | 226/459 [00:21<00:22, 10.40it/s]
Epoch 35/50 [Train]:  50%|████▉     | 228/459 [00:22<00:22, 10.44it/s]
Epoch 35/50 [Train]:  50%|█████     | 230/459 [00:22<00:22, 10.31it/s]
Epoch 35/50 [Train]:  51%|█████     | 232/459 [00:22<00:21, 10.33it/s]
Epoch 35/50 [Train]:  51%|█████     | 234/459 [00:22<00:21, 10.38it/s]
Epoch 35/50 [Train]:  51%|█████▏    | 236/459 [00:22<00:21, 10.44it/s]
Epoch 35/50 [Train]:  52%|█████▏    | 238/459 [00:22<00:21, 10.41it/s]
Epoch 35/50 [Train]:  52%|█████▏    | 240/459 [00:23<00:21, 10.40it/s]
Epoch 35/50 [Train]:  53%|█████▎    | 242/459 [00:23<00:20, 10.37it/s]
Epoch 35/50 [Train]:  53%|█████▎    | 244/459 [00:23<00:20, 10.32it/s]
Epoch 35/50 [Train]:  54%|█████▎    | 246/459 [00:23<00:20, 10.24it/s]
Epoch 35/50 [Train]:  54%|█████▍    | 248/459 [00:23<00:20, 10.24it/s]
Epoch 35/50 [Train]:  54%|█████▍    | 250/459 [00:24<00:20, 10.24it/s]
Epoch 35/50 [Train]:  55%|█████▍    | 252/459 [00:24<00:20, 10.29it/s]
Epoch 35/50 [Train]:  55%|█████▌    | 254/459 [00:24<00:19, 10.34it/s]
Epoch 35/50 [Train]:  56%|█████▌    | 256/459 [00:24<00:19, 10.24it/s]
Epoch 35/50 [Train]:  56%|█████▌    | 258/459 [00:24<00:19, 10.25it/s]
Epoch 35/50 [Train]:  57%|█████▋    | 260/459 [00:25<00:19, 10.29it/s]
Epoch 35/50 [Train]:  57%|█████▋    | 262/459 [00:25<00:19,  9.95it/s]
Epoch 35/50 [Train]:  58%|█████▊    | 264/459 [00:25<00:19,  9.96it/s]
Epoch 35/50 [Train]:  58%|█████▊    | 266/459 [00:25<00:19, 10.06it/s]
Epoch 35/50 [Train]:  58%|█████▊    | 268/459 [00:25<00:18, 10.09it/s]
Epoch 35/50 [Train]:  59%|█████▉    | 270/459 [00:26<00:18, 10.15it/s]
Epoch 35/50 [Train]:  59%|█████▉    | 272/459 [00:26<00:18, 10.25it/s]
Epoch 35/50 [Train]:  60%|█████▉    | 274/459 [00:26<00:17, 10.32it/s]
Epoch 35/50 [Train]:  60%|██████    | 276/459 [00:26<00:17, 10.44it/s]
Epoch 35/50 [Train]:  61%|██████    | 278/459 [00:26<00:17, 10.43it/s]
Epoch 35/50 [Train]:  61%|██████    | 280/459 [00:27<00:17, 10.43it/s]
Epoch 35/50 [Train]:  61%|██████▏   | 282/459 [00:27<00:16, 10.48it/s]
Epoch 35/50 [Train]:  62%|██████▏   | 284/459 [00:27<00:16, 10.47it/s]
Epoch 35/50 [Train]:  62%|██████▏   | 286/459 [00:27<00:16, 10.47it/s]
Epoch 35/50 [Train]:  63%|██████▎   | 288/459 [00:27<00:16, 10.37it/s]
Epoch 35/50 [Train]:  63%|██████▎   | 290/459 [00:28<00:16, 10.31it/s]
Epoch 35/50 [Train]:  64%|██████▎   | 292/459 [00:28<00:16, 10.33it/s]
Epoch 35/50 [Train]:  64%|██████▍   | 294/459 [00:28<00:15, 10.34it/s]
Epoch 35/50 [Train]:  64%|██████▍   | 296/459 [00:28<00:15, 10.35it/s]
Epoch 35/50 [Train]:  65%|██████▍   | 298/459 [00:28<00:15, 10.33it/s]
Epoch 35/50 [Train]:  65%|██████▌   | 300/459 [00:28<00:15, 10.35it/s]
Epoch 35/50 [Train]:  66%|██████▌   | 302/459 [00:29<00:15, 10.35it/s]
Epoch 35/50 [Train]:  66%|██████▌   | 304/459 [00:29<00:14, 10.37it/s]
Epoch 35/50 [Train]:  67%|██████▋   | 306/459 [00:29<00:14, 10.32it/s]
Epoch 35/50 [Train]:  67%|██████▋   | 308/459 [00:29<00:14, 10.37it/s]
Epoch 35/50 [Train]:  68%|██████▊   | 310/459 [00:29<00:14, 10.31it/s]
Epoch 35/50 [Train]:  68%|██████▊   | 312/459 [00:30<00:14, 10.34it/s]
Epoch 35/50 [Train]:  68%|██████▊   | 314/459 [00:30<00:13, 10.36it/s]
Epoch 35/50 [Train]:  69%|██████▉   | 316/459 [00:30<00:13, 10.39it/s]
Epoch 35/50 [Train]:  69%|██████▉   | 318/459 [00:30<00:13, 10.33it/s]
Epoch 35/50 [Train]:  70%|██████▉   | 320/459 [00:30<00:13, 10.18it/s]
Epoch 35/50 [Train]:  70%|███████   | 322/459 [00:31<00:13, 10.23it/s]
Epoch 35/50 [Train]:  71%|███████   | 324/459 [00:31<00:13, 10.32it/s]
Epoch 35/50 [Train]:  71%|███████   | 326/459 [00:31<00:12, 10.28it/s]
Epoch 35/50 [Train]:  71%|███████▏  | 328/459 [00:31<00:12, 10.28it/s]
Epoch 35/50 [Train]:  72%|███████▏  | 330/459 [00:31<00:12, 10.24it/s]
Epoch 35/50 [Train]:  72%|███████▏  | 332/459 [00:32<00:12, 10.29it/s]
Epoch 35/50 [Train]:  73%|███████▎  | 334/459 [00:32<00:12, 10.30it/s]
Epoch 35/50 [Train]:  73%|███████▎  | 336/459 [00:32<00:12, 10.20it/s]
Epoch 35/50 [Train]:  74%|███████▎  | 338/459 [00:32<00:11, 10.29it/s]
Epoch 35/50 [Train]:  74%|███████▍  | 340/459 [00:32<00:11, 10.31it/s]
Epoch 35/50 [Train]:  75%|███████▍  | 342/459 [00:33<00:11, 10.39it/s]
Epoch 35/50 [Train]:  75%|███████▍  | 344/459 [00:33<00:11, 10.42it/s]
Epoch 35/50 [Train]:  75%|███████▌  | 346/459 [00:33<00:10, 10.45it/s]
Epoch 35/50 [Train]:  76%|███████▌  | 348/459 [00:33<00:10, 10.37it/s]
Epoch 35/50 [Train]:  76%|███████▋  | 350/459 [00:33<00:10, 10.37it/s]
Epoch 35/50 [Train]:  77%|███████▋  | 352/459 [00:34<00:10, 10.25it/s]
Epoch 35/50 [Train]:  77%|███████▋  | 354/459 [00:34<00:10, 10.33it/s]
Epoch 35/50 [Train]:  78%|███████▊  | 356/459 [00:34<00:09, 10.37it/s]
Epoch 35/50 [Train]:  78%|███████▊  | 358/459 [00:34<00:09, 10.47it/s]
Epoch 35/50 [Train]:  78%|███████▊  | 360/459 [00:34<00:09, 10.48it/s]
Epoch 35/50 [Train]:  79%|███████▉  | 362/459 [00:34<00:09, 10.44it/s]
Epoch 35/50 [Train]:  79%|███████▉  | 364/459 [00:35<00:09, 10.32it/s]
Epoch 35/50 [Train]:  80%|███████▉  | 366/459 [00:35<00:08, 10.35it/s]
Epoch 35/50 [Train]:  80%|████████  | 368/459 [00:35<00:08, 10.41it/s]
Epoch 35/50 [Train]:  81%|████████  | 370/459 [00:35<00:08, 10.40it/s]
Epoch 35/50 [Train]:  81%|████████  | 372/459 [00:35<00:08, 10.40it/s]
Epoch 35/50 [Train]:  81%|████████▏ | 374/459 [00:36<00:08, 10.38it/s]
Epoch 35/50 [Train]:  82%|████████▏ | 376/459 [00:36<00:08, 10.29it/s]
Epoch 35/50 [Train]:  82%|████████▏ | 378/459 [00:36<00:07, 10.39it/s]
Epoch 35/50 [Train]:  83%|████████▎ | 380/459 [00:36<00:07, 10.38it/s]
Epoch 35/50 [Train]:  83%|████████▎ | 382/459 [00:36<00:07, 10.41it/s]
Epoch 35/50 [Train]:  84%|████████▎ | 384/459 [00:37<00:07, 10.43it/s]
Epoch 35/50 [Train]:  84%|████████▍ | 386/459 [00:37<00:07, 10.42it/s]
Epoch 35/50 [Train]:  85%|████████▍ | 388/459 [00:37<00:06, 10.37it/s]
Epoch 35/50 [Train]:  85%|████████▍ | 390/459 [00:37<00:06, 10.40it/s]
Epoch 35/50 [Train]:  85%|████████▌ | 392/459 [00:37<00:06, 10.37it/s]
Epoch 35/50 [Train]:  86%|████████▌ | 394/459 [00:38<00:06, 10.38it/s]
Epoch 35/50 [Train]:  86%|████████▋ | 396/459 [00:38<00:06, 10.35it/s]
Epoch 35/50 [Train]:  87%|████████▋ | 398/459 [00:38<00:05, 10.38it/s]
Epoch 35/50 [Train]:  87%|████████▋ | 400/459 [00:38<00:05, 10.41it/s]
Epoch 35/50 [Train]:  88%|████████▊ | 402/459 [00:38<00:05, 10.25it/s]
Epoch 35/50 [Train]:  88%|████████▊ | 404/459 [00:39<00:05, 10.24it/s]
Epoch 35/50 [Train]:  88%|████████▊ | 406/459 [00:39<00:05, 10.22it/s]
Epoch 35/50 [Train]:  89%|████████▉ | 408/459 [00:39<00:04, 10.23it/s]
Epoch 35/50 [Train]:  89%|████████▉ | 410/459 [00:39<00:04, 10.25it/s]
Epoch 35/50 [Train]:  90%|████████▉ | 412/459 [00:39<00:04, 10.19it/s]
Epoch 35/50 [Train]:  90%|█████████ | 414/459 [00:40<00:04, 10.25it/s]
Epoch 35/50 [Train]:  91%|█████████ | 416/459 [00:40<00:04, 10.33it/s]
Epoch 35/50 [Train]:  91%|█████████ | 418/459 [00:40<00:03, 10.36it/s]
Epoch 35/50 [Train]:  92%|█████████▏| 420/459 [00:40<00:03, 10.43it/s]
Epoch 35/50 [Train]:  92%|█████████▏| 422/459 [00:40<00:03, 10.38it/s]
Epoch 35/50 [Train]:  92%|█████████▏| 424/459 [00:40<00:03, 10.42it/s]
Epoch 35/50 [Train]:  93%|█████████▎| 426/459 [00:41<00:03, 10.48it/s]
Epoch 35/50 [Train]:  93%|█████████▎| 428/459 [00:41<00:02, 10.47it/s]
Epoch 35/50 [Train]:  94%|█████████▎| 430/459 [00:41<00:02, 10.43it/s]
Epoch 35/50 [Train]:  94%|█████████▍| 432/459 [00:41<00:02, 10.38it/s]
Epoch 35/50 [Train]:  95%|█████████▍| 434/459 [00:41<00:02, 10.34it/s]
Epoch 35/50 [Train]:  95%|█████████▍| 436/459 [00:42<00:02, 10.18it/s]
Epoch 35/50 [Train]:  95%|█████████▌| 438/459 [00:42<00:02, 10.26it/s]
Epoch 35/50 [Train]:  96%|█████████▌| 440/459 [00:42<00:01, 10.26it/s]
Epoch 35/50 [Train]:  96%|█████████▋| 442/459 [00:42<00:01, 10.25it/s]
Epoch 35/50 [Train]:  97%|█████████▋| 444/459 [00:42<00:01, 10.20it/s]
Epoch 35/50 [Train]:  97%|█████████▋| 446/459 [00:43<00:01, 10.27it/s]
Epoch 35/50 [Train]:  98%|█████████▊| 448/459 [00:43<00:01, 10.27it/s]
Epoch 35/50 [Train]:  98%|█████████▊| 450/459 [00:43<00:00, 10.26it/s]
Epoch 35/50 [Train]:  98%|█████████▊| 452/459 [00:43<00:00, 10.24it/s]
Epoch 35/50 [Train]:  99%|█████████▉| 454/459 [00:43<00:00, 10.35it/s]
Epoch 35/50 [Train]:  99%|█████████▉| 456/459 [00:44<00:00, 10.30it/s]
Epoch 35/50 [Train]: 100%|█████████▉| 458/459 [00:44<00:00, 10.35it/s]
                                                                      

Epoch 35/50 [Val]:   0%|          | 0/113 [00:00<?, ?it/s]
Epoch 35/50 [Val]:   2%|▏         | 2/113 [00:00<00:07, 14.34it/s]
Epoch 35/50 [Val]:   4%|▎         | 4/113 [00:00<00:07, 14.33it/s]
Epoch 35/50 [Val]:   5%|▌         | 6/113 [00:00<00:07, 14.17it/s]
Epoch 35/50 [Val]:   7%|▋         | 8/113 [00:00<00:07, 14.06it/s]
Epoch 35/50 [Val]:   9%|▉         | 10/113 [00:00<00:07, 14.27it/s]
Epoch 35/50 [Val]:  11%|█         | 12/113 [00:00<00:07, 14.41it/s]
Epoch 35/50 [Val]:  12%|█▏        | 14/113 [00:00<00:06, 14.39it/s]
Epoch 35/50 [Val]:  14%|█▍        | 16/113 [00:01<00:06, 13.95it/s]
Epoch 35/50 [Val]:  16%|█▌        | 18/113 [00:01<00:07, 13.54it/s]
Epoch 35/50 [Val]:  18%|█▊        | 20/113 [00:01<00:06, 13.29it/s]
Epoch 35/50 [Val]:  19%|█▉        | 22/113 [00:01<00:07, 12.94it/s]
Epoch 35/50 [Val]:  21%|██        | 24/113 [00:01<00:06, 12.89it/s]
Epoch 35/50 [Val]:  23%|██▎       | 26/113 [00:01<00:06, 13.02it/s]
Epoch 35/50 [Val]:  25%|██▍       | 28/113 [00:02<00:06, 13.03it/s]
Epoch 35/50 [Val]:  27%|██▋       | 30/113 [00:02<00:06, 12.95it/s]
Epoch 35/50 [Val]:  28%|██▊       | 32/113 [00:02<00:06, 13.04it/s]
Epoch 35/50 [Val]:  30%|███       | 34/113 [00:02<00:06, 12.91it/s]
Epoch 35/50 [Val]:  32%|███▏      | 36/113 [00:02<00:05, 13.29it/s]
Epoch 35/50 [Val]:  34%|███▎      | 38/113 [00:02<00:05, 13.68it/s]
Epoch 35/50 [Val]:  35%|███▌      | 40/113 [00:02<00:05, 13.90it/s]
Epoch 35/50 [Val]:  37%|███▋      | 42/113 [00:03<00:05, 14.04it/s]
Epoch 35/50 [Val]:  39%|███▉      | 44/113 [00:03<00:04, 13.97it/s]
Epoch 35/50 [Val]:  41%|████      | 46/113 [00:03<00:04, 13.91it/s]
Epoch 35/50 [Val]:  42%|████▏     | 48/113 [00:03<00:04, 13.89it/s]
Epoch 35/50 [Val]:  44%|████▍     | 50/113 [00:03<00:04, 14.11it/s]
Epoch 35/50 [Val]:  46%|████▌     | 52/113 [00:03<00:04, 14.28it/s]
Epoch 35/50 [Val]:  48%|████▊     | 54/113 [00:03<00:04, 14.31it/s]
Epoch 35/50 [Val]:  50%|████▉     | 56/113 [00:04<00:03, 14.36it/s]
Epoch 35/50 [Val]:  51%|█████▏    | 58/113 [00:04<00:03, 13.84it/s]
Epoch 35/50 [Val]:  53%|█████▎    | 60/113 [00:04<00:03, 14.13it/s]
Epoch 35/50 [Val]:  55%|█████▍    | 62/113 [00:04<00:03, 13.74it/s]
Epoch 35/50 [Val]:  57%|█████▋    | 64/113 [00:04<00:03, 13.70it/s]
Epoch 35/50 [Val]:  58%|█████▊    | 66/113 [00:04<00:03, 13.69it/s]
Epoch 35/50 [Val]:  60%|██████    | 68/113 [00:04<00:03, 13.61it/s]
Epoch 35/50 [Val]:  62%|██████▏   | 70/113 [00:05<00:03, 13.82it/s]
Epoch 35/50 [Val]:  64%|██████▎   | 72/113 [00:05<00:02, 13.91it/s]
Epoch 35/50 [Val]:  65%|██████▌   | 74/113 [00:05<00:02, 14.05it/s]
Epoch 35/50 [Val]:  67%|██████▋   | 76/113 [00:05<00:02, 14.15it/s]
Epoch 35/50 [Val]:  69%|██████▉   | 78/113 [00:05<00:02, 14.05it/s]
Epoch 35/50 [Val]:  71%|███████   | 80/113 [00:05<00:02, 14.02it/s]
Epoch 35/50 [Val]:  73%|███████▎  | 82/113 [00:05<00:02, 13.83it/s]
Epoch 35/50 [Val]:  74%|███████▍  | 84/113 [00:06<00:02, 14.02it/s]
Epoch 35/50 [Val]:  76%|███████▌  | 86/113 [00:06<00:01, 14.23it/s]
Epoch 35/50 [Val]:  78%|███████▊  | 88/113 [00:06<00:01, 14.22it/s]
Epoch 35/50 [Val]:  80%|███████▉  | 90/113 [00:06<00:01, 14.21it/s]
Epoch 35/50 [Val]:  81%|████████▏ | 92/113 [00:06<00:01, 14.29it/s]
Epoch 35/50 [Val]:  83%|████████▎ | 94/113 [00:06<00:01, 14.48it/s]
Epoch 35/50 [Val]:  85%|████████▍ | 96/113 [00:06<00:01, 14.55it/s]
Epoch 35/50 [Val]:  87%|████████▋ | 98/113 [00:07<00:01, 14.66it/s]
Epoch 35/50 [Val]:  88%|████████▊ | 100/113 [00:07<00:00, 14.54it/s]
Epoch 35/50 [Val]:  90%|█████████ | 102/113 [00:07<00:00, 14.37it/s]
Epoch 35/50 [Val]:  92%|█████████▏| 104/113 [00:07<00:00, 14.33it/s]
Epoch 35/50 [Val]:  94%|█████████▍| 106/113 [00:07<00:00, 14.22it/s]
Epoch 35/50 [Val]:  96%|█████████▌| 108/113 [00:07<00:00, 14.39it/s]
Epoch 35/50 [Val]:  97%|█████████▋| 110/113 [00:07<00:00, 14.39it/s]
Epoch 35/50 [Val]:  99%|█████████▉| 112/113 [00:08<00:00, 14.33it/s]
                                                                    

Epoch 36/50 [Train]:   0%|          | 0/459 [00:00<?, ?it/s]
Epoch 36/50 [Train]:   0%|          | 2/459 [00:00<00:46,  9.91it/s]
Epoch 36/50 [Train]:   1%|          | 4/459 [00:00<00:44, 10.25it/s]
Epoch 36/50 [Train]:   1%|▏         | 6/459 [00:00<00:44, 10.27it/s]
Epoch 36/50 [Train]:   2%|▏         | 8/459 [00:00<00:43, 10.30it/s]
Epoch 36/50 [Train]:   2%|▏         | 10/459 [00:00<00:43, 10.27it/s]
Epoch 36/50 [Train]:   3%|▎         | 12/459 [00:01<00:43, 10.29it/s]
Epoch 36/50 [Train]:   3%|▎         | 14/459 [00:01<00:43, 10.24it/s]
Epoch 36/50 [Train]:   3%|▎         | 16/459 [00:01<00:42, 10.34it/s]
Epoch 36/50 [Train]:   4%|▍         | 18/459 [00:01<00:42, 10.40it/s]
Epoch 36/50 [Train]:   4%|▍         | 20/459 [00:01<00:42, 10.44it/s]
Epoch 36/50 [Train]:   5%|▍         | 22/459 [00:02<00:42, 10.39it/s]
Epoch 36/50 [Train]:   5%|▌         | 24/459 [00:02<00:41, 10.48it/s]
Epoch 36/50 [Train]:   6%|▌         | 26/459 [00:02<00:41, 10.44it/s]
Epoch 36/50 [Train]:   6%|▌         | 28/459 [00:02<00:41, 10.41it/s]
Epoch 36/50 [Train]:   7%|▋         | 30/459 [00:02<00:41, 10.36it/s]
Epoch 36/50 [Train]:   7%|▋         | 32/459 [00:03<00:41, 10.29it/s]
Epoch 36/50 [Train]:   7%|▋         | 34/459 [00:03<00:42, 10.08it/s]
Epoch 36/50 [Train]:   8%|▊         | 36/459 [00:03<00:42,  9.98it/s]
Epoch 36/50 [Train]:   8%|▊         | 38/459 [00:03<00:41, 10.09it/s]
Epoch 36/50 [Train]:   9%|▊         | 40/459 [00:03<00:41, 10.14it/s]
Epoch 36/50 [Train]:   9%|▉         | 42/459 [00:04<00:40, 10.18it/s]
Epoch 36/50 [Train]:  10%|▉         | 44/459 [00:04<00:40, 10.19it/s]
Epoch 36/50 [Train]:  10%|█         | 46/459 [00:04<00:40, 10.20it/s]
Epoch 36/50 [Train]:  10%|█         | 48/459 [00:04<00:40, 10.27it/s]
Epoch 36/50 [Train]:  11%|█         | 50/459 [00:04<00:39, 10.32it/s]
Epoch 36/50 [Train]:  11%|█▏        | 52/459 [00:05<00:39, 10.35it/s]
Epoch 36/50 [Train]:  12%|█▏        | 54/459 [00:05<00:39, 10.35it/s]
Epoch 36/50 [Train]:  12%|█▏        | 56/459 [00:05<00:38, 10.34it/s]
Epoch 36/50 [Train]:  13%|█▎        | 58/459 [00:05<00:38, 10.38it/s]
Epoch 36/50 [Train]:  13%|█▎        | 60/459 [00:05<00:38, 10.41it/s]
Epoch 36/50 [Train]:  14%|█▎        | 62/459 [00:06<00:38, 10.39it/s]
Epoch 36/50 [Train]:  14%|█▍        | 64/459 [00:06<00:38, 10.32it/s]
Epoch 36/50 [Train]:  14%|█▍        | 66/459 [00:06<00:38, 10.30it/s]
Epoch 36/50 [Train]:  15%|█▍        | 68/459 [00:06<00:37, 10.40it/s]
Epoch 36/50 [Train]:  15%|█▌        | 70/459 [00:06<00:37, 10.35it/s]
Epoch 36/50 [Train]:  16%|█▌        | 72/459 [00:06<00:37, 10.37it/s]
Epoch 36/50 [Train]:  16%|█▌        | 74/459 [00:07<00:37, 10.31it/s]
Epoch 36/50 [Train]:  17%|█▋        | 76/459 [00:07<00:36, 10.37it/s]
Epoch 36/50 [Train]:  17%|█▋        | 78/459 [00:07<00:36, 10.37it/s]
Epoch 36/50 [Train]:  17%|█▋        | 80/459 [00:07<00:36, 10.42it/s]
Epoch 36/50 [Train]:  18%|█▊        | 82/459 [00:07<00:36, 10.39it/s]
Epoch 36/50 [Train]:  18%|█▊        | 84/459 [00:08<00:35, 10.47it/s]
Epoch 36/50 [Train]:  19%|█▊        | 86/459 [00:08<00:35, 10.45it/s]
Epoch 36/50 [Train]:  19%|█▉        | 88/459 [00:08<00:35, 10.32it/s]
Epoch 36/50 [Train]:  20%|█▉        | 90/459 [00:08<00:35, 10.38it/s]
Epoch 36/50 [Train]:  20%|██        | 92/459 [00:08<00:35, 10.41it/s]
Epoch 36/50 [Train]:  20%|██        | 94/459 [00:09<00:35, 10.42it/s]
Epoch 36/50 [Train]:  21%|██        | 96/459 [00:09<00:35, 10.34it/s]
Epoch 36/50 [Train]:  21%|██▏       | 98/459 [00:09<00:35, 10.26it/s]
Epoch 36/50 [Train]:  22%|██▏       | 100/459 [00:09<00:34, 10.35it/s]
Epoch 36/50 [Train]:  22%|██▏       | 102/459 [00:09<00:34, 10.30it/s]
Epoch 36/50 [Train]:  23%|██▎       | 104/459 [00:10<00:34, 10.36it/s]
Epoch 36/50 [Train]:  23%|██▎       | 106/459 [00:10<00:34, 10.36it/s]
Epoch 36/50 [Train]:  24%|██▎       | 108/459 [00:10<00:33, 10.40it/s]
Epoch 36/50 [Train]:  24%|██▍       | 110/459 [00:10<00:33, 10.43it/s]
Epoch 36/50 [Train]:  24%|██▍       | 112/459 [00:10<00:33, 10.46it/s]
Epoch 36/50 [Train]:  25%|██▍       | 114/459 [00:11<00:32, 10.48it/s]
Epoch 36/50 [Train]:  25%|██▌       | 116/459 [00:11<00:32, 10.51it/s]
Epoch 36/50 [Train]:  26%|██▌       | 118/459 [00:11<00:32, 10.36it/s]
Epoch 36/50 [Train]:  26%|██▌       | 120/459 [00:11<00:32, 10.39it/s]
Epoch 36/50 [Train]:  27%|██▋       | 122/459 [00:11<00:32, 10.39it/s]
Epoch 36/50 [Train]:  27%|██▋       | 124/459 [00:11<00:32, 10.45it/s]
Epoch 36/50 [Train]:  27%|██▋       | 126/459 [00:12<00:31, 10.51it/s]
Epoch 36/50 [Train]:  28%|██▊       | 128/459 [00:12<00:31, 10.53it/s]
Epoch 36/50 [Train]:  28%|██▊       | 130/459 [00:12<00:31, 10.55it/s]
Epoch 36/50 [Train]:  29%|██▉       | 132/459 [00:12<00:30, 10.56it/s]
Epoch 36/50 [Train]:  29%|██▉       | 134/459 [00:12<00:31, 10.45it/s]
Epoch 36/50 [Train]:  30%|██▉       | 136/459 [00:13<00:30, 10.47it/s]
Epoch 36/50 [Train]:  30%|███       | 138/459 [00:13<00:30, 10.47it/s]
Epoch 36/50 [Train]:  31%|███       | 140/459 [00:13<00:30, 10.39it/s]
Epoch 36/50 [Train]:  31%|███       | 142/459 [00:13<00:30, 10.35it/s]
Epoch 36/50 [Train]:  31%|███▏      | 144/459 [00:13<00:30, 10.35it/s]
Epoch 36/50 [Train]:  32%|███▏      | 146/459 [00:14<00:30, 10.41it/s]
Epoch 36/50 [Train]:  32%|███▏      | 148/459 [00:14<00:29, 10.51it/s]
Epoch 36/50 [Train]:  33%|███▎      | 150/459 [00:14<00:29, 10.51it/s]
Epoch 36/50 [Train]:  33%|███▎      | 152/459 [00:14<00:29, 10.46it/s]
Epoch 36/50 [Train]:  34%|███▎      | 154/459 [00:14<00:29, 10.45it/s]
Epoch 36/50 [Train]:  34%|███▍      | 156/459 [00:15<00:28, 10.46it/s]
Epoch 36/50 [Train]:  34%|███▍      | 158/459 [00:15<00:28, 10.46it/s]
Epoch 36/50 [Train]:  35%|███▍      | 160/459 [00:15<00:28, 10.44it/s]
Epoch 36/50 [Train]:  35%|███▌      | 162/459 [00:15<00:28, 10.44it/s]
Epoch 36/50 [Train]:  36%|███▌      | 164/459 [00:15<00:28, 10.40it/s]
Epoch 36/50 [Train]:  36%|███▌      | 166/459 [00:16<00:28, 10.45it/s]
Epoch 36/50 [Train]:  37%|███▋      | 168/459 [00:16<00:27, 10.43it/s]
Epoch 36/50 [Train]:  37%|███▋      | 170/459 [00:16<00:27, 10.33it/s]
Epoch 36/50 [Train]:  37%|███▋      | 172/459 [00:16<00:27, 10.38it/s]
Epoch 36/50 [Train]:  38%|███▊      | 174/459 [00:16<00:27, 10.38it/s]
Epoch 36/50 [Train]:  38%|███▊      | 176/459 [00:16<00:27, 10.41it/s]
Epoch 36/50 [Train]:  39%|███▉      | 178/459 [00:17<00:27, 10.36it/s]
Epoch 36/50 [Train]:  39%|███▉      | 180/459 [00:17<00:26, 10.34it/s]
Epoch 36/50 [Train]:  40%|███▉      | 182/459 [00:17<00:26, 10.38it/s]
Epoch 36/50 [Train]:  40%|████      | 184/459 [00:17<00:26, 10.39it/s]
Epoch 36/50 [Train]:  41%|████      | 186/459 [00:17<00:26, 10.33it/s]
Epoch 36/50 [Train]:  41%|████      | 188/459 [00:18<00:26, 10.41it/s]
Epoch 36/50 [Train]:  41%|████▏     | 190/459 [00:18<00:25, 10.47it/s]
Epoch 36/50 [Train]:  42%|████▏     | 192/459 [00:18<00:25, 10.39it/s]
Epoch 36/50 [Train]:  42%|████▏     | 194/459 [00:18<00:25, 10.40it/s]
Epoch 36/50 [Train]:  43%|████▎     | 196/459 [00:18<00:25, 10.48it/s]
Epoch 36/50 [Train]:  43%|████▎     | 198/459 [00:19<00:24, 10.46it/s]
Epoch 36/50 [Train]:  44%|████▎     | 200/459 [00:19<00:24, 10.41it/s]
Epoch 36/50 [Train]:  44%|████▍     | 202/459 [00:19<00:24, 10.41it/s]
Epoch 36/50 [Train]:  44%|████▍     | 204/459 [00:19<00:24, 10.41it/s]
Epoch 36/50 [Train]:  45%|████▍     | 206/459 [00:19<00:24, 10.32it/s]
Epoch 36/50 [Train]:  45%|████▌     | 208/459 [00:20<00:24, 10.34it/s]
Epoch 36/50 [Train]:  46%|████▌     | 210/459 [00:20<00:23, 10.42it/s]
Epoch 36/50 [Train]:  46%|████▌     | 212/459 [00:20<00:24, 10.29it/s]
Epoch 36/50 [Train]:  47%|████▋     | 214/459 [00:20<00:23, 10.28it/s]
Epoch 36/50 [Train]:  47%|████▋     | 216/459 [00:20<00:23, 10.28it/s]
Epoch 36/50 [Train]:  47%|████▋     | 218/459 [00:21<00:23, 10.21it/s]
Epoch 36/50 [Train]:  48%|████▊     | 220/459 [00:21<00:23, 10.24it/s]
Epoch 36/50 [Train]:  48%|████▊     | 222/459 [00:21<00:23, 10.18it/s]
Epoch 36/50 [Train]:  49%|████▉     | 224/459 [00:21<00:23, 10.13it/s]
Epoch 36/50 [Train]:  49%|████▉     | 226/459 [00:21<00:22, 10.31it/s]
Epoch 36/50 [Train]:  50%|████▉     | 228/459 [00:21<00:22, 10.37it/s]
Epoch 36/50 [Train]:  50%|█████     | 230/459 [00:22<00:22, 10.30it/s]
Epoch 36/50 [Train]:  51%|█████     | 232/459 [00:22<00:22, 10.29it/s]
Epoch 36/50 [Train]:  51%|█████     | 234/459 [00:22<00:21, 10.34it/s]
Epoch 36/50 [Train]:  51%|█████▏    | 236/459 [00:22<00:21, 10.27it/s]
Epoch 36/50 [Train]:  52%|█████▏    | 238/459 [00:22<00:21, 10.32it/s]
Epoch 36/50 [Train]:  52%|█████▏    | 240/459 [00:23<00:21, 10.29it/s]
Epoch 36/50 [Train]:  53%|█████▎    | 242/459 [00:23<00:20, 10.34it/s]
Epoch 36/50 [Train]:  53%|█████▎    | 244/459 [00:23<00:20, 10.42it/s]
Epoch 36/50 [Train]:  54%|█████▎    | 246/459 [00:23<00:20, 10.39it/s]
Epoch 36/50 [Train]:  54%|█████▍    | 248/459 [00:23<00:20, 10.41it/s]
Epoch 36/50 [Train]:  54%|█████▍    | 250/459 [00:24<00:20, 10.33it/s]
Epoch 36/50 [Train]:  55%|█████▍    | 252/459 [00:24<00:19, 10.38it/s]
Epoch 36/50 [Train]:  55%|█████▌    | 254/459 [00:24<00:19, 10.37it/s]
Epoch 36/50 [Train]:  56%|█████▌    | 256/459 [00:24<00:19, 10.42it/s]
Epoch 36/50 [Train]:  56%|█████▌    | 258/459 [00:24<00:19, 10.43it/s]
Epoch 36/50 [Train]:  57%|█████▋    | 260/459 [00:25<00:19, 10.38it/s]
Epoch 36/50 [Train]:  57%|█████▋    | 262/459 [00:25<00:18, 10.40it/s]
Epoch 36/50 [Train]:  58%|█████▊    | 264/459 [00:25<00:18, 10.40it/s]
Epoch 36/50 [Train]:  58%|█████▊    | 266/459 [00:25<00:18, 10.39it/s]
Epoch 36/50 [Train]:  58%|█████▊    | 268/459 [00:25<00:18, 10.33it/s]
Epoch 36/50 [Train]:  59%|█████▉    | 270/459 [00:26<00:18, 10.37it/s]
Epoch 36/50 [Train]:  59%|█████▉    | 272/459 [00:26<00:18, 10.37it/s]
Epoch 36/50 [Train]:  60%|█████▉    | 274/459 [00:26<00:17, 10.34it/s]
Epoch 36/50 [Train]:  60%|██████    | 276/459 [00:26<00:17, 10.38it/s]
Epoch 36/50 [Train]:  61%|██████    | 278/459 [00:26<00:17, 10.42it/s]
Epoch 36/50 [Train]:  61%|██████    | 280/459 [00:27<00:17, 10.42it/s]
Epoch 36/50 [Train]:  61%|██████▏   | 282/459 [00:27<00:17, 10.37it/s]
Epoch 36/50 [Train]:  62%|██████▏   | 284/459 [00:27<00:16, 10.32it/s]
Epoch 36/50 [Train]:  62%|██████▏   | 286/459 [00:27<00:16, 10.39it/s]
Epoch 36/50 [Train]:  63%|██████▎   | 288/459 [00:27<00:16, 10.40it/s]
Epoch 36/50 [Train]:  63%|██████▎   | 290/459 [00:27<00:16, 10.34it/s]
Epoch 36/50 [Train]:  64%|██████▎   | 292/459 [00:28<00:16, 10.40it/s]
Epoch 36/50 [Train]:  64%|██████▍   | 294/459 [00:28<00:15, 10.42it/s]
Epoch 36/50 [Train]:  64%|██████▍   | 296/459 [00:28<00:15, 10.47it/s]
Epoch 36/50 [Train]:  65%|██████▍   | 298/459 [00:28<00:15, 10.43it/s]
Epoch 36/50 [Train]:  65%|██████▌   | 300/459 [00:28<00:15, 10.44it/s]
Epoch 36/50 [Train]:  66%|██████▌   | 302/459 [00:29<00:15, 10.30it/s]
Epoch 36/50 [Train]:  66%|██████▌   | 304/459 [00:29<00:15, 10.27it/s]
Epoch 36/50 [Train]:  67%|██████▋   | 306/459 [00:29<00:14, 10.33it/s]
Epoch 36/50 [Train]:  67%|██████▋   | 308/459 [00:29<00:14, 10.35it/s]
Epoch 36/50 [Train]:  68%|██████▊   | 310/459 [00:29<00:14, 10.38it/s]
Epoch 36/50 [Train]:  68%|██████▊   | 312/459 [00:30<00:14, 10.27it/s]
Epoch 36/50 [Train]:  68%|██████▊   | 314/459 [00:30<00:14, 10.33it/s]
Epoch 36/50 [Train]:  69%|██████▉   | 316/459 [00:30<00:13, 10.30it/s]
Epoch 36/50 [Train]:  69%|██████▉   | 318/459 [00:30<00:13, 10.29it/s]
Epoch 36/50 [Train]:  70%|██████▉   | 320/459 [00:30<00:13, 10.35it/s]
Epoch 36/50 [Train]:  70%|███████   | 322/459 [00:31<00:13, 10.35it/s]
Epoch 36/50 [Train]:  71%|███████   | 324/459 [00:31<00:13, 10.36it/s]
Epoch 36/50 [Train]:  71%|███████   | 326/459 [00:31<00:12, 10.36it/s]
Epoch 36/50 [Train]:  71%|███████▏  | 328/459 [00:31<00:12, 10.36it/s]
Epoch 36/50 [Train]:  72%|███████▏  | 330/459 [00:31<00:12, 10.30it/s]
Epoch 36/50 [Train]:  72%|███████▏  | 332/459 [00:32<00:12, 10.26it/s]
Epoch 36/50 [Train]:  73%|███████▎  | 334/459 [00:32<00:12, 10.34it/s]
Epoch 36/50 [Train]:  73%|███████▎  | 336/459 [00:32<00:11, 10.36it/s]
Epoch 36/50 [Train]:  74%|███████▎  | 338/459 [00:32<00:11, 10.40it/s]
Epoch 36/50 [Train]:  74%|███████▍  | 340/459 [00:32<00:11, 10.36it/s]
Epoch 36/50 [Train]:  75%|███████▍  | 342/459 [00:33<00:12,  9.65it/s]
Epoch 36/50 [Train]:  75%|███████▍  | 344/459 [00:33<00:11,  9.85it/s]
Epoch 36/50 [Train]:  75%|███████▌  | 345/459 [00:33<00:11,  9.81it/s]
Epoch 36/50 [Train]:  76%|███████▌  | 347/459 [00:33<00:11,  9.95it/s]
Epoch 36/50 [Train]:  76%|███████▌  | 349/459 [00:33<00:10, 10.14it/s]
Epoch 36/50 [Train]:  76%|███████▋  | 351/459 [00:33<00:10, 10.19it/s]
Epoch 36/50 [Train]:  77%|███████▋  | 353/459 [00:34<00:10, 10.24it/s]
Epoch 36/50 [Train]:  77%|███████▋  | 355/459 [00:34<00:10, 10.28it/s]
Epoch 36/50 [Train]:  78%|███████▊  | 357/459 [00:34<00:09, 10.31it/s]
Epoch 36/50 [Train]:  78%|███████▊  | 359/459 [00:34<00:09, 10.34it/s]
Epoch 36/50 [Train]:  79%|███████▊  | 361/459 [00:34<00:09, 10.35it/s]
Epoch 36/50 [Train]:  79%|███████▉  | 363/459 [00:35<00:09, 10.38it/s]
Epoch 36/50 [Train]:  80%|███████▉  | 365/459 [00:35<00:09, 10.40it/s]
Epoch 36/50 [Train]:  80%|███████▉  | 367/459 [00:35<00:08, 10.48it/s]
Epoch 36/50 [Train]:  80%|████████  | 369/459 [00:35<00:08, 10.50it/s]
Epoch 36/50 [Train]:  81%|████████  | 371/459 [00:35<00:08, 10.24it/s]
Epoch 36/50 [Train]:  81%|████████▏ | 373/459 [00:36<00:08, 10.27it/s]
Epoch 36/50 [Train]:  82%|████████▏ | 375/459 [00:36<00:08, 10.24it/s]
Epoch 36/50 [Train]:  82%|████████▏ | 377/459 [00:36<00:07, 10.26it/s]
Epoch 36/50 [Train]:  83%|████████▎ | 379/459 [00:36<00:07, 10.37it/s]
Epoch 36/50 [Train]:  83%|████████▎ | 381/459 [00:36<00:07, 10.38it/s]
Epoch 36/50 [Train]:  83%|████████▎ | 383/459 [00:37<00:07, 10.40it/s]
Epoch 36/50 [Train]:  84%|████████▍ | 385/459 [00:37<00:07, 10.42it/s]
Epoch 36/50 [Train]:  84%|████████▍ | 387/459 [00:37<00:06, 10.39it/s]
Epoch 36/50 [Train]:  85%|████████▍ | 389/459 [00:37<00:06, 10.35it/s]
Epoch 36/50 [Train]:  85%|████████▌ | 391/459 [00:37<00:06, 10.35it/s]
Epoch 36/50 [Train]:  86%|████████▌ | 393/459 [00:37<00:06, 10.39it/s]
Epoch 36/50 [Train]:  86%|████████▌ | 395/459 [00:38<00:06, 10.34it/s]
Epoch 36/50 [Train]:  86%|████████▋ | 397/459 [00:38<00:06, 10.24it/s]
Epoch 36/50 [Train]:  87%|████████▋ | 399/459 [00:38<00:05, 10.35it/s]
Epoch 36/50 [Train]:  87%|████████▋ | 401/459 [00:38<00:05, 10.36it/s]
Epoch 36/50 [Train]:  88%|████████▊ | 403/459 [00:38<00:05, 10.30it/s]
Epoch 36/50 [Train]:  88%|████████▊ | 405/459 [00:39<00:05, 10.34it/s]
Epoch 36/50 [Train]:  89%|████████▊ | 407/459 [00:39<00:05, 10.40it/s]
Epoch 36/50 [Train]:  89%|████████▉ | 409/459 [00:39<00:04, 10.31it/s]
Epoch 36/50 [Train]:  90%|████████▉ | 411/459 [00:39<00:04, 10.37it/s]
Epoch 36/50 [Train]:  90%|████████▉ | 413/459 [00:39<00:04, 10.39it/s]
Epoch 36/50 [Train]:  90%|█████████ | 415/459 [00:40<00:04, 10.42it/s]
Epoch 36/50 [Train]:  91%|█████████ | 417/459 [00:40<00:04, 10.45it/s]
Epoch 36/50 [Train]:  91%|█████████▏| 419/459 [00:40<00:03, 10.48it/s]
Epoch 36/50 [Train]:  92%|█████████▏| 421/459 [00:40<00:03, 10.37it/s]
Epoch 36/50 [Train]:  92%|█████████▏| 423/459 [00:40<00:03, 10.38it/s]
Epoch 36/50 [Train]:  93%|█████████▎| 425/459 [00:41<00:03, 10.46it/s]
Epoch 36/50 [Train]:  93%|█████████▎| 427/459 [00:41<00:03, 10.35it/s]
Epoch 36/50 [Train]:  93%|█████████▎| 429/459 [00:41<00:02, 10.35it/s]
Epoch 36/50 [Train]:  94%|█████████▍| 431/459 [00:41<00:02, 10.40it/s]
Epoch 36/50 [Train]:  94%|█████████▍| 433/459 [00:41<00:02, 10.44it/s]
Epoch 36/50 [Train]:  95%|█████████▍| 435/459 [00:42<00:02, 10.42it/s]
Epoch 36/50 [Train]:  95%|█████████▌| 437/459 [00:42<00:02, 10.47it/s]
Epoch 36/50 [Train]:  96%|█████████▌| 439/459 [00:42<00:01, 10.35it/s]
Epoch 36/50 [Train]:  96%|█████████▌| 441/459 [00:42<00:01, 10.37it/s]
Epoch 36/50 [Train]:  97%|█████████▋| 443/459 [00:42<00:01, 10.29it/s]
Epoch 36/50 [Train]:  97%|█████████▋| 445/459 [00:42<00:01, 10.28it/s]
Epoch 36/50 [Train]:  97%|█████████▋| 447/459 [00:43<00:01, 10.37it/s]
Epoch 36/50 [Train]:  98%|█████████▊| 449/459 [00:43<00:00, 10.36it/s]
Epoch 36/50 [Train]:  98%|█████████▊| 451/459 [00:43<00:00, 10.13it/s]
Epoch 36/50 [Train]:  99%|█████████▊| 453/459 [00:43<00:00, 10.23it/s]
Epoch 36/50 [Train]:  99%|█████████▉| 455/459 [00:43<00:00, 10.26it/s]
Epoch 36/50 [Train]: 100%|█████████▉| 457/459 [00:44<00:00, 10.25it/s]
Epoch 36/50 [Train]: 100%|██████████| 459/459 [00:44<00:00, 10.29it/s]
                                                                      

Epoch 36/50 [Val]:   0%|          | 0/113 [00:00<?, ?it/s]
Epoch 36/50 [Val]:   2%|▏         | 2/113 [00:00<00:07, 13.93it/s]
Epoch 36/50 [Val]:   4%|▎         | 4/113 [00:00<00:07, 14.09it/s]
Epoch 36/50 [Val]:   5%|▌         | 6/113 [00:00<00:07, 13.98it/s]
Epoch 36/50 [Val]:   7%|▋         | 8/113 [00:00<00:07, 13.80it/s]
Epoch 36/50 [Val]:   9%|▉         | 10/113 [00:00<00:07, 14.09it/s]
Epoch 36/50 [Val]:  11%|█         | 12/113 [00:00<00:07, 13.94it/s]
Epoch 36/50 [Val]:  12%|█▏        | 14/113 [00:01<00:07, 13.67it/s]
Epoch 36/50 [Val]:  14%|█▍        | 16/113 [00:01<00:07, 13.12it/s]
Epoch 36/50 [Val]:  16%|█▌        | 18/113 [00:01<00:07, 12.95it/s]
Epoch 36/50 [Val]:  18%|█▊        | 20/113 [00:01<00:07, 12.96it/s]
Epoch 36/50 [Val]:  19%|█▉        | 22/113 [00:01<00:07, 12.91it/s]
Epoch 36/50 [Val]:  21%|██        | 24/113 [00:01<00:06, 12.85it/s]
Epoch 36/50 [Val]:  23%|██▎       | 26/113 [00:01<00:06, 13.05it/s]
Epoch 36/50 [Val]:  25%|██▍       | 28/113 [00:02<00:06, 13.17it/s]
Epoch 36/50 [Val]:  27%|██▋       | 30/113 [00:02<00:06, 13.24it/s]
Epoch 36/50 [Val]:  28%|██▊       | 32/113 [00:02<00:06, 13.40it/s]
Epoch 36/50 [Val]:  30%|███       | 34/113 [00:02<00:05, 13.57it/s]
Epoch 36/50 [Val]:  32%|███▏      | 36/113 [00:02<00:05, 13.83it/s]
Epoch 36/50 [Val]:  34%|███▎      | 38/113 [00:02<00:05, 14.14it/s]
Epoch 36/50 [Val]:  35%|███▌      | 40/113 [00:02<00:05, 14.24it/s]
Epoch 36/50 [Val]:  37%|███▋      | 42/113 [00:03<00:04, 14.21it/s]
Epoch 36/50 [Val]:  39%|███▉      | 44/113 [00:03<00:04, 14.09it/s]
Epoch 36/50 [Val]:  41%|████      | 46/113 [00:03<00:04, 13.93it/s]
Epoch 36/50 [Val]:  42%|████▏     | 48/113 [00:03<00:04, 13.92it/s]
Epoch 36/50 [Val]:  44%|████▍     | 50/113 [00:03<00:04, 14.17it/s]
Epoch 36/50 [Val]:  46%|████▌     | 52/113 [00:03<00:04, 14.37it/s]
Epoch 36/50 [Val]:  48%|████▊     | 54/113 [00:03<00:04, 14.47it/s]
Epoch 36/50 [Val]:  50%|████▉     | 56/113 [00:04<00:03, 14.32it/s]
Epoch 36/50 [Val]:  51%|█████▏    | 58/113 [00:04<00:03, 13.88it/s]
Epoch 36/50 [Val]:  53%|█████▎    | 60/113 [00:04<00:03, 14.09it/s]
Epoch 36/50 [Val]:  55%|█████▍    | 62/113 [00:04<00:03, 14.12it/s]
Epoch 36/50 [Val]:  57%|█████▋    | 64/113 [00:04<00:03, 13.96it/s]
Epoch 36/50 [Val]:  58%|█████▊    | 66/113 [00:04<00:03, 13.80it/s]
Epoch 36/50 [Val]:  60%|██████    | 68/113 [00:04<00:03, 13.89it/s]
Epoch 36/50 [Val]:  62%|██████▏   | 70/113 [00:05<00:03, 14.00it/s]
Epoch 36/50 [Val]:  64%|██████▎   | 72/113 [00:05<00:02, 14.03it/s]
Epoch 36/50 [Val]:  65%|██████▌   | 74/113 [00:05<00:02, 14.04it/s]
Epoch 36/50 [Val]:  67%|██████▋   | 76/113 [00:05<00:02, 14.17it/s]
Epoch 36/50 [Val]:  69%|██████▉   | 78/113 [00:05<00:02, 14.14it/s]
Epoch 36/50 [Val]:  71%|███████   | 80/113 [00:05<00:02, 14.15it/s]
Epoch 36/50 [Val]:  73%|███████▎  | 82/113 [00:05<00:02, 14.10it/s]
Epoch 36/50 [Val]:  74%|███████▍  | 84/113 [00:06<00:02, 13.90it/s]
Epoch 36/50 [Val]:  76%|███████▌  | 86/113 [00:06<00:01, 14.04it/s]
Epoch 36/50 [Val]:  78%|███████▊  | 88/113 [00:06<00:01, 13.58it/s]
Epoch 36/50 [Val]:  80%|███████▉  | 90/113 [00:06<00:01, 13.90it/s]
Epoch 36/50 [Val]:  81%|████████▏ | 92/113 [00:06<00:01, 14.22it/s]
Epoch 36/50 [Val]:  83%|████████▎ | 94/113 [00:06<00:01, 14.14it/s]
Epoch 36/50 [Val]:  85%|████████▍ | 96/113 [00:06<00:01, 14.25it/s]
Epoch 36/50 [Val]:  87%|████████▋ | 98/113 [00:07<00:01, 14.27it/s]
Epoch 36/50 [Val]:  88%|████████▊ | 100/113 [00:07<00:00, 14.05it/s]
Epoch 36/50 [Val]:  90%|█████████ | 102/113 [00:07<00:00, 13.79it/s]
Epoch 36/50 [Val]:  92%|█████████▏| 104/113 [00:07<00:00, 14.17it/s]
Epoch 36/50 [Val]:  94%|█████████▍| 106/113 [00:07<00:00, 14.15it/s]
Epoch 36/50 [Val]:  96%|█████████▌| 108/113 [00:07<00:00, 14.25it/s]
Epoch 36/50 [Val]:  97%|█████████▋| 110/113 [00:07<00:00, 14.33it/s]
Epoch 36/50 [Val]:  99%|█████████▉| 112/113 [00:08<00:00, 14.38it/s]
                                                                    

Epoch 37/50 [Train]:   0%|          | 0/459 [00:00<?, ?it/s]
Epoch 37/50 [Train]:   0%|          | 1/459 [00:00<00:48,  9.43it/s]
Epoch 37/50 [Train]:   1%|          | 3/459 [00:00<00:44, 10.19it/s]
Epoch 37/50 [Train]:   1%|          | 5/459 [00:00<00:44, 10.30it/s]
Epoch 37/50 [Train]:   2%|▏         | 7/459 [00:00<00:43, 10.35it/s]
Epoch 37/50 [Train]:   2%|▏         | 9/459 [00:00<00:43, 10.33it/s]
Epoch 37/50 [Train]:   2%|▏         | 11/459 [00:01<00:43, 10.34it/s]
Epoch 37/50 [Train]:   3%|▎         | 13/459 [00:01<00:42, 10.39it/s]
Epoch 37/50 [Train]:   3%|▎         | 15/459 [00:01<00:42, 10.44it/s]
Epoch 37/50 [Train]:   4%|▎         | 17/459 [00:01<00:42, 10.45it/s]
Epoch 37/50 [Train]:   4%|▍         | 19/459 [00:01<00:42, 10.36it/s]
Epoch 37/50 [Train]:   5%|▍         | 21/459 [00:02<00:42, 10.37it/s]
Epoch 37/50 [Train]:   5%|▌         | 23/459 [00:02<00:42, 10.37it/s]
Epoch 37/50 [Train]:   5%|▌         | 25/459 [00:02<00:41, 10.44it/s]
Epoch 37/50 [Train]:   6%|▌         | 27/459 [00:02<00:41, 10.44it/s]
Epoch 37/50 [Train]:   6%|▋         | 29/459 [00:02<00:41, 10.39it/s]
Epoch 37/50 [Train]:   7%|▋         | 31/459 [00:02<00:41, 10.40it/s]
Epoch 37/50 [Train]:   7%|▋         | 33/459 [00:03<00:40, 10.41it/s]
Epoch 37/50 [Train]:   8%|▊         | 35/459 [00:03<00:40, 10.44it/s]
Epoch 37/50 [Train]:   8%|▊         | 37/459 [00:03<00:40, 10.48it/s]
Epoch 37/50 [Train]:   8%|▊         | 39/459 [00:03<00:40, 10.49it/s]
Epoch 37/50 [Train]:   9%|▉         | 41/459 [00:03<00:40, 10.41it/s]
Epoch 37/50 [Train]:   9%|▉         | 43/459 [00:04<00:39, 10.44it/s]
Epoch 37/50 [Train]:  10%|▉         | 45/459 [00:04<00:39, 10.41it/s]
Epoch 37/50 [Train]:  10%|█         | 47/459 [00:04<00:39, 10.45it/s]
Epoch 37/50 [Train]:  11%|█         | 49/459 [00:04<00:39, 10.42it/s]
Epoch 37/50 [Train]:  11%|█         | 51/459 [00:04<00:39, 10.37it/s]
Epoch 37/50 [Train]:  12%|█▏        | 53/459 [00:05<00:39, 10.35it/s]
Epoch 37/50 [Train]:  12%|█▏        | 55/459 [00:05<00:39, 10.35it/s]
Epoch 37/50 [Train]:  12%|█▏        | 57/459 [00:05<00:39, 10.26it/s]
Epoch 37/50 [Train]:  13%|█▎        | 59/459 [00:05<00:39, 10.15it/s]
Epoch 37/50 [Train]:  13%|█▎        | 61/459 [00:05<00:39,  9.99it/s]
Epoch 37/50 [Train]:  14%|█▎        | 62/459 [00:06<00:39,  9.94it/s]
Epoch 37/50 [Train]:  14%|█▍        | 64/459 [00:06<00:39, 10.06it/s]
Epoch 37/50 [Train]:  14%|█▍        | 66/459 [00:06<00:38, 10.18it/s]
Epoch 37/50 [Train]:  15%|█▍        | 68/459 [00:06<00:38, 10.11it/s]
Epoch 37/50 [Train]:  15%|█▌        | 70/459 [00:06<00:38, 10.17it/s]
Epoch 37/50 [Train]:  16%|█▌        | 72/459 [00:06<00:38, 10.17it/s]
Epoch 37/50 [Train]:  16%|█▌        | 74/459 [00:07<00:37, 10.20it/s]
Epoch 37/50 [Train]:  17%|█▋        | 76/459 [00:07<00:37, 10.22it/s]
Epoch 37/50 [Train]:  17%|█▋        | 78/459 [00:07<00:37, 10.26it/s]
Epoch 37/50 [Train]:  17%|█▋        | 80/459 [00:07<00:36, 10.28it/s]
Epoch 37/50 [Train]:  18%|█▊        | 82/459 [00:07<00:36, 10.21it/s]
Epoch 37/50 [Train]:  18%|█▊        | 84/459 [00:08<00:36, 10.22it/s]
Epoch 37/50 [Train]:  19%|█▊        | 86/459 [00:08<00:36, 10.24it/s]
Epoch 37/50 [Train]:  19%|█▉        | 88/459 [00:08<00:36, 10.28it/s]
Epoch 37/50 [Train]:  20%|█▉        | 90/459 [00:08<00:35, 10.33it/s]
Epoch 37/50 [Train]:  20%|██        | 92/459 [00:08<00:35, 10.24it/s]
Epoch 37/50 [Train]:  20%|██        | 94/459 [00:09<00:35, 10.33it/s]
Epoch 37/50 [Train]:  21%|██        | 96/459 [00:09<00:34, 10.40it/s]
Epoch 37/50 [Train]:  21%|██▏       | 98/459 [00:09<00:34, 10.44it/s]
Epoch 37/50 [Train]:  22%|██▏       | 100/459 [00:09<00:34, 10.50it/s]
Epoch 37/50 [Train]:  22%|██▏       | 102/459 [00:09<00:34, 10.46it/s]
Epoch 37/50 [Train]:  23%|██▎       | 104/459 [00:10<00:33, 10.47it/s]
Epoch 37/50 [Train]:  23%|██▎       | 106/459 [00:10<00:33, 10.42it/s]
Epoch 37/50 [Train]:  24%|██▎       | 108/459 [00:10<00:34, 10.24it/s]
Epoch 37/50 [Train]:  24%|██▍       | 110/459 [00:10<00:34, 10.25it/s]
Epoch 37/50 [Train]:  24%|██▍       | 112/459 [00:10<00:34, 10.12it/s]
Epoch 37/50 [Train]:  25%|██▍       | 114/459 [00:11<00:34, 10.09it/s]
Epoch 37/50 [Train]:  25%|██▌       | 116/459 [00:11<00:33, 10.19it/s]
Epoch 37/50 [Train]:  26%|██▌       | 118/459 [00:11<00:33, 10.11it/s]
Epoch 37/50 [Train]:  26%|██▌       | 120/459 [00:11<00:33, 10.16it/s]
Epoch 37/50 [Train]:  27%|██▋       | 122/459 [00:11<00:32, 10.24it/s]
Epoch 37/50 [Train]:  27%|██▋       | 124/459 [00:12<00:32, 10.23it/s]
Epoch 37/50 [Train]:  27%|██▋       | 126/459 [00:12<00:32, 10.24it/s]
Epoch 37/50 [Train]:  28%|██▊       | 128/459 [00:12<00:32, 10.20it/s]
Epoch 37/50 [Train]:  28%|██▊       | 130/459 [00:12<00:31, 10.29it/s]
Epoch 37/50 [Train]:  29%|██▉       | 132/459 [00:12<00:31, 10.37it/s]
Epoch 37/50 [Train]:  29%|██▉       | 134/459 [00:13<00:31, 10.41it/s]
Epoch 37/50 [Train]:  30%|██▉       | 136/459 [00:13<00:31, 10.42it/s]
Epoch 37/50 [Train]:  30%|███       | 138/459 [00:13<00:30, 10.40it/s]
Epoch 37/50 [Train]:  31%|███       | 140/459 [00:13<00:30, 10.37it/s]
Epoch 37/50 [Train]:  31%|███       | 142/459 [00:13<00:30, 10.43it/s]
Epoch 37/50 [Train]:  31%|███▏      | 144/459 [00:13<00:30, 10.29it/s]
Epoch 37/50 [Train]:  32%|███▏      | 146/459 [00:14<00:30, 10.38it/s]
Epoch 37/50 [Train]:  32%|███▏      | 148/459 [00:14<00:30, 10.36it/s]
Epoch 37/50 [Train]:  33%|███▎      | 150/459 [00:14<00:29, 10.37it/s]
Epoch 37/50 [Train]:  33%|███▎      | 152/459 [00:14<00:29, 10.39it/s]
Epoch 37/50 [Train]:  34%|███▎      | 154/459 [00:14<00:29, 10.44it/s]
Epoch 37/50 [Train]:  34%|███▍      | 156/459 [00:15<00:28, 10.46it/s]
Epoch 37/50 [Train]:  34%|███▍      | 158/459 [00:15<00:28, 10.48it/s]
Epoch 37/50 [Train]:  35%|███▍      | 160/459 [00:15<00:28, 10.46it/s]
Epoch 37/50 [Train]:  35%|███▌      | 162/459 [00:15<00:28, 10.49it/s]
Epoch 37/50 [Train]:  36%|███▌      | 164/459 [00:15<00:28, 10.45it/s]
Epoch 37/50 [Train]:  36%|███▌      | 166/459 [00:16<00:27, 10.47it/s]
Epoch 37/50 [Train]:  37%|███▋      | 168/459 [00:16<00:27, 10.41it/s]
Epoch 37/50 [Train]:  37%|███▋      | 170/459 [00:16<00:27, 10.45it/s]
Epoch 37/50 [Train]:  37%|███▋      | 172/459 [00:16<00:27, 10.43it/s]
Epoch 37/50 [Train]:  38%|███▊      | 174/459 [00:16<00:27, 10.46it/s]
Epoch 37/50 [Train]:  38%|███▊      | 176/459 [00:17<00:27, 10.41it/s]
Epoch 37/50 [Train]:  39%|███▉      | 178/459 [00:17<00:26, 10.44it/s]
Epoch 37/50 [Train]:  39%|███▉      | 180/459 [00:17<00:26, 10.51it/s]
Epoch 37/50 [Train]:  40%|███▉      | 182/459 [00:17<00:26, 10.47it/s]
Epoch 37/50 [Train]:  40%|████      | 184/459 [00:17<00:26, 10.46it/s]
Epoch 37/50 [Train]:  41%|████      | 186/459 [00:17<00:26, 10.38it/s]
Epoch 37/50 [Train]:  41%|████      | 188/459 [00:18<00:26, 10.41it/s]
Epoch 37/50 [Train]:  41%|████▏     | 190/459 [00:18<00:25, 10.43it/s]
Epoch 37/50 [Train]:  42%|████▏     | 192/459 [00:18<00:25, 10.44it/s]
Epoch 37/50 [Train]:  42%|████▏     | 194/459 [00:18<00:25, 10.49it/s]
Epoch 37/50 [Train]:  43%|████▎     | 196/459 [00:18<00:25, 10.42it/s]
Epoch 37/50 [Train]:  43%|████▎     | 198/459 [00:19<00:24, 10.45it/s]
Epoch 37/50 [Train]:  44%|████▎     | 200/459 [00:19<00:24, 10.39it/s]
Epoch 37/50 [Train]:  44%|████▍     | 202/459 [00:19<00:24, 10.30it/s]
Epoch 37/50 [Train]:  44%|████▍     | 204/459 [00:19<00:24, 10.35it/s]
Epoch 37/50 [Train]:  45%|████▍     | 206/459 [00:19<00:24, 10.35it/s]
Epoch 37/50 [Train]:  45%|████▌     | 208/459 [00:20<00:24, 10.42it/s]
Epoch 37/50 [Train]:  46%|████▌     | 210/459 [00:20<00:23, 10.43it/s]
Epoch 37/50 [Train]:  46%|████▌     | 212/459 [00:20<00:23, 10.51it/s]
Epoch 37/50 [Train]:  47%|████▋     | 214/459 [00:20<00:23, 10.49it/s]
Epoch 37/50 [Train]:  47%|████▋     | 216/459 [00:20<00:23, 10.43it/s]
Epoch 37/50 [Train]:  47%|████▋     | 218/459 [00:21<00:23, 10.44it/s]
Epoch 37/50 [Train]:  48%|████▊     | 220/459 [00:21<00:22, 10.48it/s]
Epoch 37/50 [Train]:  48%|████▊     | 222/459 [00:21<00:22, 10.46it/s]
Epoch 37/50 [Train]:  49%|████▉     | 224/459 [00:21<00:22, 10.42it/s]
Epoch 37/50 [Train]:  49%|████▉     | 226/459 [00:21<00:22, 10.47it/s]
Epoch 37/50 [Train]:  50%|████▉     | 228/459 [00:22<00:22, 10.33it/s]
Epoch 37/50 [Train]:  50%|█████     | 230/459 [00:22<00:22, 10.36it/s]
Epoch 37/50 [Train]:  51%|█████     | 232/459 [00:22<00:21, 10.35it/s]
Epoch 37/50 [Train]:  51%|█████     | 234/459 [00:22<00:21, 10.39it/s]
Epoch 37/50 [Train]:  51%|█████▏    | 236/459 [00:22<00:21, 10.31it/s]
Epoch 37/50 [Train]:  52%|█████▏    | 238/459 [00:22<00:21, 10.32it/s]
Epoch 37/50 [Train]:  52%|█████▏    | 240/459 [00:23<00:21, 10.10it/s]
Epoch 37/50 [Train]:  53%|█████▎    | 242/459 [00:23<00:21, 10.20it/s]
Epoch 37/50 [Train]:  53%|█████▎    | 244/459 [00:23<00:21, 10.17it/s]
Epoch 37/50 [Train]:  54%|█████▎    | 246/459 [00:23<00:20, 10.17it/s]
Epoch 37/50 [Train]:  54%|█████▍    | 248/459 [00:23<00:20, 10.19it/s]
Epoch 37/50 [Train]:  54%|█████▍    | 250/459 [00:24<00:20, 10.25it/s]
Epoch 37/50 [Train]:  55%|█████▍    | 252/459 [00:24<00:20, 10.34it/s]
Epoch 37/50 [Train]:  55%|█████▌    | 254/459 [00:24<00:19, 10.33it/s]
Epoch 37/50 [Train]:  56%|█████▌    | 256/459 [00:24<00:19, 10.38it/s]
Epoch 37/50 [Train]:  56%|█████▌    | 258/459 [00:24<00:19, 10.32it/s]
Epoch 37/50 [Train]:  57%|█████▋    | 260/459 [00:25<00:19, 10.41it/s]
Epoch 37/50 [Train]:  57%|█████▋    | 262/459 [00:25<00:19, 10.32it/s]
Epoch 37/50 [Train]:  58%|█████▊    | 264/459 [00:25<00:18, 10.37it/s]
Epoch 37/50 [Train]:  58%|█████▊    | 266/459 [00:25<00:18, 10.41it/s]
Epoch 37/50 [Train]:  58%|█████▊    | 268/459 [00:25<00:18, 10.33it/s]
Epoch 37/50 [Train]:  59%|█████▉    | 270/459 [00:26<00:18, 10.32it/s]
Epoch 37/50 [Train]:  59%|█████▉    | 272/459 [00:26<00:17, 10.40it/s]
Epoch 37/50 [Train]:  60%|█████▉    | 274/459 [00:26<00:17, 10.29it/s]
Epoch 37/50 [Train]:  60%|██████    | 276/459 [00:26<00:17, 10.28it/s]
Epoch 37/50 [Train]:  61%|██████    | 278/459 [00:26<00:17, 10.34it/s]
Epoch 37/50 [Train]:  61%|██████    | 280/459 [00:27<00:17, 10.36it/s]
Epoch 37/50 [Train]:  61%|██████▏   | 282/459 [00:27<00:17, 10.34it/s]
Epoch 37/50 [Train]:  62%|██████▏   | 284/459 [00:27<00:16, 10.32it/s]
Epoch 37/50 [Train]:  62%|██████▏   | 286/459 [00:27<00:16, 10.32it/s]
Epoch 37/50 [Train]:  63%|██████▎   | 288/459 [00:27<00:16, 10.36it/s]
Epoch 37/50 [Train]:  63%|██████▎   | 290/459 [00:28<00:16, 10.28it/s]
Epoch 37/50 [Train]:  64%|██████▎   | 292/459 [00:28<00:16, 10.17it/s]
Epoch 37/50 [Train]:  64%|██████▍   | 294/459 [00:28<00:16, 10.22it/s]
Epoch 37/50 [Train]:  64%|██████▍   | 296/459 [00:28<00:15, 10.21it/s]
Epoch 37/50 [Train]:  65%|██████▍   | 298/459 [00:28<00:15, 10.29it/s]
Epoch 37/50 [Train]:  65%|██████▌   | 300/459 [00:29<00:15, 10.30it/s]
Epoch 37/50 [Train]:  66%|██████▌   | 302/459 [00:29<00:15, 10.23it/s]
Epoch 37/50 [Train]:  66%|██████▌   | 304/459 [00:29<00:15, 10.32it/s]
Epoch 37/50 [Train]:  67%|██████▋   | 306/459 [00:29<00:14, 10.41it/s]
Epoch 37/50 [Train]:  67%|██████▋   | 308/459 [00:29<00:14, 10.40it/s]
Epoch 37/50 [Train]:  68%|██████▊   | 310/459 [00:29<00:14, 10.40it/s]
Epoch 37/50 [Train]:  68%|██████▊   | 312/459 [00:30<00:14, 10.32it/s]
Epoch 37/50 [Train]:  68%|██████▊   | 314/459 [00:30<00:13, 10.42it/s]
Epoch 37/50 [Train]:  69%|██████▉   | 316/459 [00:30<00:13, 10.42it/s]
Epoch 37/50 [Train]:  69%|██████▉   | 318/459 [00:30<00:13, 10.40it/s]
Epoch 37/50 [Train]:  70%|██████▉   | 320/459 [00:30<00:13, 10.28it/s]
Epoch 37/50 [Train]:  70%|███████   | 322/459 [00:31<00:13, 10.33it/s]
Epoch 37/50 [Train]:  71%|███████   | 324/459 [00:31<00:13, 10.37it/s]
Epoch 37/50 [Train]:  71%|███████   | 326/459 [00:31<00:12, 10.39it/s]
Epoch 37/50 [Train]:  71%|███████▏  | 328/459 [00:31<00:12, 10.22it/s]
Epoch 37/50 [Train]:  72%|███████▏  | 330/459 [00:31<00:12, 10.31it/s]
Epoch 37/50 [Train]:  72%|███████▏  | 332/459 [00:32<00:12, 10.24it/s]
Epoch 37/50 [Train]:  73%|███████▎  | 334/459 [00:32<00:12, 10.27it/s]
Epoch 37/50 [Train]:  73%|███████▎  | 336/459 [00:32<00:11, 10.26it/s]
Epoch 37/50 [Train]:  74%|███████▎  | 338/459 [00:32<00:11, 10.37it/s]
Epoch 37/50 [Train]:  74%|███████▍  | 340/459 [00:32<00:11, 10.41it/s]
Epoch 37/50 [Train]:  75%|███████▍  | 342/459 [00:33<00:11, 10.39it/s]
Epoch 37/50 [Train]:  75%|███████▍  | 344/459 [00:33<00:11, 10.34it/s]
Epoch 37/50 [Train]:  75%|███████▌  | 346/459 [00:33<00:10, 10.37it/s]
Epoch 37/50 [Train]:  76%|███████▌  | 348/459 [00:33<00:10, 10.34it/s]
Epoch 37/50 [Train]:  76%|███████▋  | 350/459 [00:33<00:10, 10.33it/s]
Epoch 37/50 [Train]:  77%|███████▋  | 352/459 [00:34<00:10, 10.31it/s]
Epoch 37/50 [Train]:  77%|███████▋  | 354/459 [00:34<00:10, 10.37it/s]
Epoch 37/50 [Train]:  78%|███████▊  | 356/459 [00:34<00:09, 10.43it/s]
Epoch 37/50 [Train]:  78%|███████▊  | 358/459 [00:34<00:09, 10.39it/s]
Epoch 37/50 [Train]:  78%|███████▊  | 360/459 [00:34<00:09, 10.43it/s]
Epoch 37/50 [Train]:  79%|███████▉  | 362/459 [00:34<00:09, 10.46it/s]
Epoch 37/50 [Train]:  79%|███████▉  | 364/459 [00:35<00:09, 10.50it/s]
Epoch 37/50 [Train]:  80%|███████▉  | 366/459 [00:35<00:08, 10.54it/s]
Epoch 37/50 [Train]:  80%|████████  | 368/459 [00:35<00:08, 10.50it/s]
Epoch 37/50 [Train]:  81%|████████  | 370/459 [00:35<00:08, 10.43it/s]
Epoch 37/50 [Train]:  81%|████████  | 372/459 [00:35<00:08, 10.40it/s]
Epoch 37/50 [Train]:  81%|████████▏ | 374/459 [00:36<00:08, 10.41it/s]
Epoch 37/50 [Train]:  82%|████████▏ | 376/459 [00:36<00:08, 10.33it/s]
Epoch 37/50 [Train]:  82%|████████▏ | 378/459 [00:36<00:07, 10.34it/s]
Epoch 37/50 [Train]:  83%|████████▎ | 380/459 [00:36<00:07, 10.40it/s]
Epoch 37/50 [Train]:  83%|████████▎ | 382/459 [00:36<00:07, 10.27it/s]
Epoch 37/50 [Train]:  84%|████████▎ | 384/459 [00:37<00:07, 10.25it/s]
Epoch 37/50 [Train]:  84%|████████▍ | 386/459 [00:37<00:07, 10.30it/s]
Epoch 37/50 [Train]:  85%|████████▍ | 388/459 [00:37<00:06, 10.34it/s]
Epoch 37/50 [Train]:  85%|████████▍ | 390/459 [00:37<00:06, 10.37it/s]
Epoch 37/50 [Train]:  85%|████████▌ | 392/459 [00:37<00:06, 10.34it/s]
Epoch 37/50 [Train]:  86%|████████▌ | 394/459 [00:38<00:06, 10.39it/s]
Epoch 37/50 [Train]:  86%|████████▋ | 396/459 [00:38<00:06, 10.40it/s]
Epoch 37/50 [Train]:  87%|████████▋ | 398/459 [00:38<00:05, 10.32it/s]
Epoch 37/50 [Train]:  87%|████████▋ | 400/459 [00:38<00:05, 10.35it/s]
Epoch 37/50 [Train]:  88%|████████▊ | 402/459 [00:38<00:05, 10.30it/s]
Epoch 37/50 [Train]:  88%|████████▊ | 404/459 [00:39<00:05, 10.30it/s]
Epoch 37/50 [Train]:  88%|████████▊ | 406/459 [00:39<00:05, 10.37it/s]
Epoch 37/50 [Train]:  89%|████████▉ | 408/459 [00:39<00:04, 10.29it/s]
Epoch 37/50 [Train]:  89%|████████▉ | 410/459 [00:39<00:04, 10.25it/s]
Epoch 37/50 [Train]:  90%|████████▉ | 412/459 [00:39<00:04, 10.37it/s]
Epoch 37/50 [Train]:  90%|█████████ | 414/459 [00:40<00:04, 10.22it/s]
Epoch 37/50 [Train]:  91%|█████████ | 416/459 [00:40<00:04, 10.25it/s]
Epoch 37/50 [Train]:  91%|█████████ | 418/459 [00:40<00:04, 10.03it/s]
Epoch 37/50 [Train]:  92%|█████████▏| 420/459 [00:40<00:03, 10.11it/s]
Epoch 37/50 [Train]:  92%|█████████▏| 422/459 [00:40<00:03, 10.15it/s]
Epoch 37/50 [Train]:  92%|█████████▏| 424/459 [00:41<00:03, 10.20it/s]
Epoch 37/50 [Train]:  93%|█████████▎| 426/459 [00:41<00:03, 10.31it/s]
Epoch 37/50 [Train]:  93%|█████████▎| 428/459 [00:41<00:02, 10.34it/s]
Epoch 37/50 [Train]:  94%|█████████▎| 430/459 [00:41<00:02, 10.38it/s]
Epoch 37/50 [Train]:  94%|█████████▍| 432/459 [00:41<00:02, 10.37it/s]
Epoch 37/50 [Train]:  95%|█████████▍| 434/459 [00:41<00:02, 10.42it/s]
Epoch 37/50 [Train]:  95%|█████████▍| 436/459 [00:42<00:02, 10.44it/s]
Epoch 37/50 [Train]:  95%|█████████▌| 438/459 [00:42<00:02, 10.39it/s]
Epoch 37/50 [Train]:  96%|█████████▌| 440/459 [00:42<00:01, 10.21it/s]
Epoch 37/50 [Train]:  96%|█████████▋| 442/459 [00:42<00:01, 10.26it/s]
Epoch 37/50 [Train]:  97%|█████████▋| 444/459 [00:42<00:01, 10.21it/s]
Epoch 37/50 [Train]:  97%|█████████▋| 446/459 [00:43<00:01, 10.18it/s]
Epoch 37/50 [Train]:  98%|█████████▊| 448/459 [00:43<00:01, 10.18it/s]
Epoch 37/50 [Train]:  98%|█████████▊| 450/459 [00:43<00:00, 10.26it/s]
Epoch 37/50 [Train]:  98%|█████████▊| 452/459 [00:43<00:00, 10.21it/s]
Epoch 37/50 [Train]:  99%|█████████▉| 454/459 [00:43<00:00, 10.15it/s]
Epoch 37/50 [Train]:  99%|█████████▉| 456/459 [00:44<00:00, 10.18it/s]
Epoch 37/50 [Train]: 100%|█████████▉| 458/459 [00:44<00:00, 10.24it/s]
                                                                      

Epoch 37/50 [Val]:   0%|          | 0/113 [00:00<?, ?it/s]
Epoch 37/50 [Val]:   2%|▏         | 2/113 [00:00<00:08, 13.68it/s]
Epoch 37/50 [Val]:   4%|▎         | 4/113 [00:00<00:07, 13.92it/s]
Epoch 37/50 [Val]:   5%|▌         | 6/113 [00:00<00:07, 14.00it/s]
Epoch 37/50 [Val]:   7%|▋         | 8/113 [00:00<00:07, 13.85it/s]
Epoch 37/50 [Val]:   9%|▉         | 10/113 [00:00<00:07, 14.06it/s]
Epoch 37/50 [Val]:  11%|█         | 12/113 [00:00<00:07, 14.34it/s]
Epoch 37/50 [Val]:  12%|█▏        | 14/113 [00:00<00:07, 14.12it/s]
Epoch 37/50 [Val]:  14%|█▍        | 16/113 [00:01<00:07, 13.46it/s]
Epoch 37/50 [Val]:  16%|█▌        | 18/113 [00:01<00:07, 13.21it/s]
Epoch 37/50 [Val]:  18%|█▊        | 20/113 [00:01<00:07, 13.19it/s]
Epoch 37/50 [Val]:  19%|█▉        | 22/113 [00:01<00:06, 13.02it/s]
Epoch 37/50 [Val]:  21%|██        | 24/113 [00:01<00:06, 13.07it/s]
Epoch 37/50 [Val]:  23%|██▎       | 26/113 [00:01<00:06, 13.24it/s]
Epoch 37/50 [Val]:  25%|██▍       | 28/113 [00:02<00:06, 13.43it/s]
Epoch 37/50 [Val]:  27%|██▋       | 30/113 [00:02<00:06, 13.51it/s]
Epoch 37/50 [Val]:  28%|██▊       | 32/113 [00:02<00:05, 13.66it/s]
Epoch 37/50 [Val]:  30%|███       | 34/113 [00:02<00:05, 13.72it/s]
Epoch 37/50 [Val]:  32%|███▏      | 36/113 [00:02<00:05, 14.05it/s]
Epoch 37/50 [Val]:  34%|███▎      | 38/113 [00:02<00:05, 14.28it/s]
Epoch 37/50 [Val]:  35%|███▌      | 40/113 [00:02<00:05, 14.30it/s]
Epoch 37/50 [Val]:  37%|███▋      | 42/113 [00:03<00:04, 14.27it/s]
Epoch 37/50 [Val]:  39%|███▉      | 44/113 [00:03<00:04, 14.24it/s]
Epoch 37/50 [Val]:  41%|████      | 46/113 [00:03<00:04, 14.06it/s]
Epoch 37/50 [Val]:  42%|████▏     | 48/113 [00:03<00:04, 14.03it/s]
Epoch 37/50 [Val]:  44%|████▍     | 50/113 [00:03<00:04, 14.20it/s]
Epoch 37/50 [Val]:  46%|████▌     | 52/113 [00:03<00:04, 14.38it/s]
Epoch 37/50 [Val]:  48%|████▊     | 54/113 [00:03<00:04, 14.49it/s]
Epoch 37/50 [Val]:  50%|████▉     | 56/113 [00:04<00:03, 14.56it/s]
Epoch 37/50 [Val]:  51%|█████▏    | 58/113 [00:04<00:03, 13.87it/s]
Epoch 37/50 [Val]:  53%|█████▎    | 60/113 [00:04<00:03, 13.97it/s]
Epoch 37/50 [Val]:  55%|█████▍    | 62/113 [00:04<00:03, 14.05it/s]
Epoch 37/50 [Val]:  57%|█████▋    | 64/113 [00:04<00:03, 14.06it/s]
Epoch 37/50 [Val]:  58%|█████▊    | 66/113 [00:04<00:03, 13.82it/s]
Epoch 37/50 [Val]:  60%|██████    | 68/113 [00:04<00:03, 13.87it/s]
Epoch 37/50 [Val]:  62%|██████▏   | 70/113 [00:05<00:03, 14.02it/s]
Epoch 37/50 [Val]:  64%|██████▎   | 72/113 [00:05<00:02, 14.10it/s]
Epoch 37/50 [Val]:  65%|██████▌   | 74/113 [00:05<00:02, 14.13it/s]
Epoch 37/50 [Val]:  67%|██████▋   | 76/113 [00:05<00:02, 14.19it/s]
Epoch 37/50 [Val]:  69%|██████▉   | 78/113 [00:05<00:02, 14.17it/s]
Epoch 37/50 [Val]:  71%|███████   | 80/113 [00:05<00:02, 14.10it/s]
Epoch 37/50 [Val]:  73%|███████▎  | 82/113 [00:05<00:02, 13.77it/s]
Epoch 37/50 [Val]:  74%|███████▍  | 84/113 [00:06<00:02, 13.78it/s]
Epoch 37/50 [Val]:  76%|███████▌  | 86/113 [00:06<00:01, 13.91it/s]
Epoch 37/50 [Val]:  78%|███████▊  | 88/113 [00:06<00:01, 13.95it/s]
Epoch 37/50 [Val]:  80%|███████▉  | 90/113 [00:06<00:01, 14.06it/s]
Epoch 37/50 [Val]:  81%|████████▏ | 92/113 [00:06<00:01, 14.07it/s]
Epoch 37/50 [Val]:  83%|████████▎ | 94/113 [00:06<00:01, 14.13it/s]
Epoch 37/50 [Val]:  85%|████████▍ | 96/113 [00:06<00:01, 14.39it/s]
Epoch 37/50 [Val]:  87%|████████▋ | 98/113 [00:07<00:01, 14.40it/s]
Epoch 37/50 [Val]:  88%|████████▊ | 100/113 [00:07<00:00, 14.18it/s]
Epoch 37/50 [Val]:  90%|█████████ | 102/113 [00:07<00:00, 13.84it/s]
Epoch 37/50 [Val]:  92%|█████████▏| 104/113 [00:07<00:00, 14.21it/s]
Epoch 37/50 [Val]:  94%|█████████▍| 106/113 [00:07<00:00, 14.28it/s]
Epoch 37/50 [Val]:  96%|█████████▌| 108/113 [00:07<00:00, 14.45it/s]
Epoch 37/50 [Val]:  97%|█████████▋| 110/113 [00:07<00:00, 14.31it/s]
Epoch 37/50 [Val]:  99%|█████████▉| 112/113 [00:08<00:00, 14.20it/s]
                                                                    

Epoch 38/50 [Train]:   0%|          | 0/459 [00:00<?, ?it/s]
Epoch 38/50 [Train]:   0%|          | 1/459 [00:00<00:46,  9.95it/s]
Epoch 38/50 [Train]:   1%|          | 3/459 [00:00<00:45, 10.09it/s]
Epoch 38/50 [Train]:   1%|          | 5/459 [00:00<00:44, 10.17it/s]
Epoch 38/50 [Train]:   2%|▏         | 7/459 [00:00<00:44, 10.21it/s]
Epoch 38/50 [Train]:   2%|▏         | 9/459 [00:00<00:43, 10.30it/s]
Epoch 38/50 [Train]:   2%|▏         | 11/459 [00:01<00:43, 10.26it/s]
Epoch 38/50 [Train]:   3%|▎         | 13/459 [00:01<00:43, 10.27it/s]
Epoch 38/50 [Train]:   3%|▎         | 15/459 [00:01<00:42, 10.40it/s]
Epoch 38/50 [Train]:   4%|▎         | 17/459 [00:01<00:42, 10.39it/s]
Epoch 38/50 [Train]:   4%|▍         | 19/459 [00:01<00:42, 10.45it/s]
Epoch 38/50 [Train]:   5%|▍         | 21/459 [00:02<00:42, 10.42it/s]
Epoch 38/50 [Train]:   5%|▌         | 23/459 [00:02<00:41, 10.45it/s]
Epoch 38/50 [Train]:   5%|▌         | 25/459 [00:02<00:41, 10.34it/s]
Epoch 38/50 [Train]:   6%|▌         | 27/459 [00:02<00:41, 10.36it/s]
Epoch 38/50 [Train]:   6%|▋         | 29/459 [00:02<00:41, 10.35it/s]
Epoch 38/50 [Train]:   7%|▋         | 31/459 [00:03<00:41, 10.31it/s]
Epoch 38/50 [Train]:   7%|▋         | 33/459 [00:03<00:41, 10.27it/s]
Epoch 38/50 [Train]:   8%|▊         | 35/459 [00:03<00:41, 10.34it/s]
Epoch 38/50 [Train]:   8%|▊         | 37/459 [00:03<00:40, 10.37it/s]
Epoch 38/50 [Train]:   8%|▊         | 39/459 [00:03<00:40, 10.33it/s]
Epoch 38/50 [Train]:   9%|▉         | 41/459 [00:03<00:40, 10.29it/s]
Epoch 38/50 [Train]:   9%|▉         | 43/459 [00:04<00:40, 10.26it/s]
Epoch 38/50 [Train]:  10%|▉         | 45/459 [00:04<00:40, 10.28it/s]
Epoch 38/50 [Train]:  10%|█         | 47/459 [00:04<00:39, 10.32it/s]
Epoch 38/50 [Train]:  11%|█         | 49/459 [00:04<00:39, 10.31it/s]
Epoch 38/50 [Train]:  11%|█         | 51/459 [00:04<00:39, 10.36it/s]
Epoch 38/50 [Train]:  12%|█▏        | 53/459 [00:05<00:38, 10.43it/s]
Epoch 38/50 [Train]:  12%|█▏        | 55/459 [00:05<00:38, 10.41it/s]
Epoch 38/50 [Train]:  12%|█▏        | 57/459 [00:05<00:39, 10.30it/s]
Epoch 38/50 [Train]:  13%|█▎        | 59/459 [00:05<00:38, 10.33it/s]
Epoch 38/50 [Train]:  13%|█▎        | 61/459 [00:05<00:38, 10.29it/s]
Epoch 38/50 [Train]:  14%|█▎        | 63/459 [00:06<00:38, 10.27it/s]
Epoch 38/50 [Train]:  14%|█▍        | 65/459 [00:06<00:38, 10.35it/s]
Epoch 38/50 [Train]:  15%|█▍        | 67/459 [00:06<00:37, 10.36it/s]
Epoch 38/50 [Train]:  15%|█▌        | 69/459 [00:06<00:37, 10.38it/s]
Epoch 38/50 [Train]:  15%|█▌        | 71/459 [00:06<00:37, 10.41it/s]
Epoch 38/50 [Train]:  16%|█▌        | 73/459 [00:07<00:37, 10.41it/s]
Epoch 38/50 [Train]:  16%|█▋        | 75/459 [00:07<00:36, 10.42it/s]
Epoch 38/50 [Train]:  17%|█▋        | 77/459 [00:07<00:36, 10.33it/s]
Epoch 38/50 [Train]:  17%|█▋        | 79/459 [00:07<00:36, 10.42it/s]
Epoch 38/50 [Train]:  18%|█▊        | 81/459 [00:07<00:36, 10.36it/s]
Epoch 38/50 [Train]:  18%|█▊        | 83/459 [00:08<00:36, 10.39it/s]
Epoch 38/50 [Train]:  19%|█▊        | 85/459 [00:08<00:35, 10.39it/s]
Epoch 38/50 [Train]:  19%|█▉        | 87/459 [00:08<00:35, 10.45it/s]
Epoch 38/50 [Train]:  19%|█▉        | 89/459 [00:08<00:35, 10.41it/s]
Epoch 38/50 [Train]:  20%|█▉        | 91/459 [00:08<00:35, 10.43it/s]
Epoch 38/50 [Train]:  20%|██        | 93/459 [00:08<00:35, 10.39it/s]
Epoch 38/50 [Train]:  21%|██        | 95/459 [00:09<00:35, 10.34it/s]
Epoch 38/50 [Train]:  21%|██        | 97/459 [00:09<00:35, 10.33it/s]
Epoch 38/50 [Train]:  22%|██▏       | 99/459 [00:09<00:34, 10.32it/s]
Epoch 38/50 [Train]:  22%|██▏       | 101/459 [00:09<00:34, 10.25it/s]
Epoch 38/50 [Train]:  22%|██▏       | 103/459 [00:09<00:34, 10.30it/s]
Epoch 38/50 [Train]:  23%|██▎       | 105/459 [00:10<00:34, 10.20it/s]
Epoch 38/50 [Train]:  23%|██▎       | 107/459 [00:10<00:34, 10.09it/s]
Epoch 38/50 [Train]:  24%|██▎       | 109/459 [00:10<00:34, 10.18it/s]
Epoch 38/50 [Train]:  24%|██▍       | 111/459 [00:10<00:34, 10.19it/s]
Epoch 38/50 [Train]:  25%|██▍       | 113/459 [00:10<00:33, 10.22it/s]
Epoch 38/50 [Train]:  25%|██▌       | 115/459 [00:11<00:33, 10.26it/s]
Epoch 38/50 [Train]:  25%|██▌       | 117/459 [00:11<00:33, 10.30it/s]
Epoch 38/50 [Train]:  26%|██▌       | 119/459 [00:11<00:33, 10.21it/s]
Epoch 38/50 [Train]:  26%|██▋       | 121/459 [00:11<00:33, 10.23it/s]
Epoch 38/50 [Train]:  27%|██▋       | 123/459 [00:11<00:33, 10.18it/s]
Epoch 38/50 [Train]:  27%|██▋       | 125/459 [00:12<00:32, 10.19it/s]
Epoch 38/50 [Train]:  28%|██▊       | 127/459 [00:12<00:32, 10.15it/s]
Epoch 38/50 [Train]:  28%|██▊       | 129/459 [00:12<00:32, 10.18it/s]
Epoch 38/50 [Train]:  29%|██▊       | 131/459 [00:12<00:32, 10.24it/s]
Epoch 38/50 [Train]:  29%|██▉       | 133/459 [00:12<00:31, 10.30it/s]
Epoch 38/50 [Train]:  29%|██▉       | 135/459 [00:13<00:31, 10.28it/s]
Epoch 38/50 [Train]:  30%|██▉       | 137/459 [00:13<00:31, 10.25it/s]
Epoch 38/50 [Train]:  30%|███       | 139/459 [00:13<00:31, 10.29it/s]
Epoch 38/50 [Train]:  31%|███       | 141/459 [00:13<00:30, 10.28it/s]
Epoch 38/50 [Train]:  31%|███       | 143/459 [00:13<00:30, 10.37it/s]
Epoch 38/50 [Train]:  32%|███▏      | 145/459 [00:14<00:30, 10.35it/s]
Epoch 38/50 [Train]:  32%|███▏      | 147/459 [00:14<00:30, 10.38it/s]
Epoch 38/50 [Train]:  32%|███▏      | 149/459 [00:14<00:29, 10.34it/s]
Epoch 38/50 [Train]:  33%|███▎      | 151/459 [00:14<00:30, 10.24it/s]
Epoch 38/50 [Train]:  33%|███▎      | 153/459 [00:14<00:29, 10.21it/s]
Epoch 38/50 [Train]:  34%|███▍      | 155/459 [00:15<00:29, 10.19it/s]
Epoch 38/50 [Train]:  34%|███▍      | 157/459 [00:15<00:29, 10.16it/s]
Epoch 38/50 [Train]:  35%|███▍      | 159/459 [00:15<00:29, 10.25it/s]
Epoch 38/50 [Train]:  35%|███▌      | 161/459 [00:15<00:28, 10.32it/s]
Epoch 38/50 [Train]:  36%|███▌      | 163/459 [00:15<00:28, 10.32it/s]
Epoch 38/50 [Train]:  36%|███▌      | 165/459 [00:16<00:28, 10.34it/s]
Epoch 38/50 [Train]:  36%|███▋      | 167/459 [00:16<00:28, 10.35it/s]
Epoch 38/50 [Train]:  37%|███▋      | 169/459 [00:16<00:28, 10.34it/s]
Epoch 38/50 [Train]:  37%|███▋      | 171/459 [00:16<00:27, 10.33it/s]
Epoch 38/50 [Train]:  38%|███▊      | 173/459 [00:16<00:27, 10.34it/s]
Epoch 38/50 [Train]:  38%|███▊      | 175/459 [00:16<00:27, 10.38it/s]
Epoch 38/50 [Train]:  39%|███▊      | 177/459 [00:17<00:27, 10.36it/s]
Epoch 38/50 [Train]:  39%|███▉      | 179/459 [00:17<00:26, 10.39it/s]
Epoch 38/50 [Train]:  39%|███▉      | 181/459 [00:17<00:26, 10.39it/s]
Epoch 38/50 [Train]:  40%|███▉      | 183/459 [00:17<00:26, 10.37it/s]
Epoch 38/50 [Train]:  40%|████      | 185/459 [00:17<00:26, 10.34it/s]
Epoch 38/50 [Train]:  41%|████      | 187/459 [00:18<00:26, 10.34it/s]
Epoch 38/50 [Train]:  41%|████      | 189/459 [00:18<00:26, 10.34it/s]
Epoch 38/50 [Train]:  42%|████▏     | 191/459 [00:18<00:25, 10.31it/s]
Epoch 38/50 [Train]:  42%|████▏     | 193/459 [00:18<00:25, 10.28it/s]
Epoch 38/50 [Train]:  42%|████▏     | 195/459 [00:18<00:25, 10.32it/s]
Epoch 38/50 [Train]:  43%|████▎     | 197/459 [00:19<00:25, 10.33it/s]
Epoch 38/50 [Train]:  43%|████▎     | 199/459 [00:19<00:25, 10.37it/s]
Epoch 38/50 [Train]:  44%|████▍     | 201/459 [00:19<00:25, 10.28it/s]
Epoch 38/50 [Train]:  44%|████▍     | 203/459 [00:19<00:24, 10.28it/s]
Epoch 38/50 [Train]:  45%|████▍     | 205/459 [00:19<00:24, 10.34it/s]
Epoch 38/50 [Train]:  45%|████▌     | 207/459 [00:20<00:24, 10.41it/s]
Epoch 38/50 [Train]:  46%|████▌     | 209/459 [00:20<00:24, 10.41it/s]
Epoch 38/50 [Train]:  46%|████▌     | 211/459 [00:20<00:23, 10.37it/s]
Epoch 38/50 [Train]:  46%|████▋     | 213/459 [00:20<00:23, 10.41it/s]
Epoch 38/50 [Train]:  47%|████▋     | 215/459 [00:20<00:23, 10.41it/s]
Epoch 38/50 [Train]:  47%|████▋     | 217/459 [00:21<00:23, 10.38it/s]
Epoch 38/50 [Train]:  48%|████▊     | 219/459 [00:21<00:23, 10.35it/s]
Epoch 38/50 [Train]:  48%|████▊     | 221/459 [00:21<00:22, 10.36it/s]
Epoch 38/50 [Train]:  49%|████▊     | 223/459 [00:21<00:22, 10.36it/s]
Epoch 38/50 [Train]:  49%|████▉     | 225/459 [00:21<00:22, 10.40it/s]
Epoch 38/50 [Train]:  49%|████▉     | 227/459 [00:21<00:22, 10.37it/s]
Epoch 38/50 [Train]:  50%|████▉     | 229/459 [00:22<00:22, 10.34it/s]
Epoch 38/50 [Train]:  50%|█████     | 231/459 [00:22<00:22, 10.36it/s]
Epoch 38/50 [Train]:  51%|█████     | 233/459 [00:22<00:22, 10.23it/s]
Epoch 38/50 [Train]:  51%|█████     | 235/459 [00:22<00:21, 10.27it/s]
Epoch 38/50 [Train]:  52%|█████▏    | 237/459 [00:22<00:21, 10.29it/s]
Epoch 38/50 [Train]:  52%|█████▏    | 239/459 [00:23<00:21, 10.30it/s]
Epoch 38/50 [Train]:  53%|█████▎    | 241/459 [00:23<00:21, 10.33it/s]
Epoch 38/50 [Train]:  53%|█████▎    | 243/459 [00:23<00:20, 10.33it/s]
Epoch 38/50 [Train]:  53%|█████▎    | 245/459 [00:23<00:20, 10.35it/s]
Epoch 38/50 [Train]:  54%|█████▍    | 247/459 [00:23<00:20, 10.39it/s]
Epoch 38/50 [Train]:  54%|█████▍    | 249/459 [00:24<00:20, 10.37it/s]
Epoch 38/50 [Train]:  55%|█████▍    | 251/459 [00:24<00:20, 10.38it/s]
Epoch 38/50 [Train]:  55%|█████▌    | 253/459 [00:24<00:19, 10.37it/s]
Epoch 38/50 [Train]:  56%|█████▌    | 255/459 [00:24<00:19, 10.41it/s]
Epoch 38/50 [Train]:  56%|█████▌    | 257/459 [00:24<00:19, 10.38it/s]
Epoch 38/50 [Train]:  56%|█████▋    | 259/459 [00:25<00:19, 10.29it/s]
Epoch 38/50 [Train]:  57%|█████▋    | 261/459 [00:25<00:19, 10.21it/s]
Epoch 38/50 [Train]:  57%|█████▋    | 263/459 [00:25<00:19, 10.16it/s]
Epoch 38/50 [Train]:  58%|█████▊    | 265/459 [00:25<00:19, 10.04it/s]
Epoch 38/50 [Train]:  58%|█████▊    | 267/459 [00:25<00:18, 10.12it/s]
Epoch 38/50 [Train]:  59%|█████▊    | 269/459 [00:26<00:18, 10.22it/s]
Epoch 38/50 [Train]:  59%|█████▉    | 271/459 [00:26<00:18, 10.31it/s]
Epoch 38/50 [Train]:  59%|█████▉    | 273/459 [00:26<00:18, 10.32it/s]
Epoch 38/50 [Train]:  60%|█████▉    | 275/459 [00:26<00:17, 10.23it/s]
Epoch 38/50 [Train]:  60%|██████    | 277/459 [00:26<00:17, 10.26it/s]
Epoch 38/50 [Train]:  61%|██████    | 279/459 [00:27<00:17, 10.21it/s]
Epoch 38/50 [Train]:  61%|██████    | 281/459 [00:27<00:17, 10.24it/s]
Epoch 38/50 [Train]:  62%|██████▏   | 283/459 [00:27<00:17, 10.27it/s]
Epoch 38/50 [Train]:  62%|██████▏   | 285/459 [00:27<00:16, 10.31it/s]
Epoch 38/50 [Train]:  63%|██████▎   | 287/459 [00:27<00:16, 10.38it/s]
Epoch 38/50 [Train]:  63%|██████▎   | 289/459 [00:28<00:16, 10.30it/s]
Epoch 38/50 [Train]:  63%|██████▎   | 291/459 [00:28<00:16, 10.35it/s]
Epoch 38/50 [Train]:  64%|██████▍   | 293/459 [00:28<00:16, 10.36it/s]
Epoch 38/50 [Train]:  64%|██████▍   | 295/459 [00:28<00:15, 10.32it/s]
Epoch 38/50 [Train]:  65%|██████▍   | 297/459 [00:28<00:15, 10.33it/s]
Epoch 38/50 [Train]:  65%|██████▌   | 299/459 [00:28<00:15, 10.32it/s]
Epoch 38/50 [Train]:  66%|██████▌   | 301/459 [00:29<00:15, 10.39it/s]
Epoch 38/50 [Train]:  66%|██████▌   | 303/459 [00:29<00:15, 10.29it/s]
Epoch 38/50 [Train]:  66%|██████▋   | 305/459 [00:29<00:14, 10.31it/s]
Epoch 38/50 [Train]:  67%|██████▋   | 307/459 [00:29<00:14, 10.36it/s]
Epoch 38/50 [Train]:  67%|██████▋   | 309/459 [00:29<00:14, 10.34it/s]
Epoch 38/50 [Train]:  68%|██████▊   | 311/459 [00:30<00:14, 10.39it/s]
Epoch 38/50 [Train]:  68%|██████▊   | 313/459 [00:30<00:14, 10.39it/s]
Epoch 38/50 [Train]:  69%|██████▊   | 315/459 [00:30<00:13, 10.30it/s]
Epoch 38/50 [Train]:  69%|██████▉   | 317/459 [00:30<00:13, 10.35it/s]
Epoch 38/50 [Train]:  69%|██████▉   | 319/459 [00:30<00:13, 10.36it/s]
Epoch 38/50 [Train]:  70%|██████▉   | 321/459 [00:31<00:13, 10.37it/s]
Epoch 38/50 [Train]:  70%|███████   | 323/459 [00:31<00:13, 10.37it/s]
Epoch 38/50 [Train]:  71%|███████   | 325/459 [00:31<00:12, 10.33it/s]
Epoch 38/50 [Train]:  71%|███████   | 327/459 [00:31<00:12, 10.27it/s]
Epoch 38/50 [Train]:  72%|███████▏  | 329/459 [00:31<00:12, 10.34it/s]
Epoch 38/50 [Train]:  72%|███████▏  | 331/459 [00:32<00:12, 10.43it/s]
Epoch 38/50 [Train]:  73%|███████▎  | 333/459 [00:32<00:12, 10.35it/s]
Epoch 38/50 [Train]:  73%|███████▎  | 335/459 [00:32<00:11, 10.39it/s]
Epoch 38/50 [Train]:  73%|███████▎  | 337/459 [00:32<00:11, 10.42it/s]
Epoch 38/50 [Train]:  74%|███████▍  | 339/459 [00:32<00:11, 10.38it/s]
Epoch 38/50 [Train]:  74%|███████▍  | 341/459 [00:33<00:11, 10.42it/s]
Epoch 38/50 [Train]:  75%|███████▍  | 343/459 [00:33<00:11, 10.38it/s]
Epoch 38/50 [Train]:  75%|███████▌  | 345/459 [00:33<00:11, 10.36it/s]
Epoch 38/50 [Train]:  76%|███████▌  | 347/459 [00:33<00:10, 10.38it/s]
Epoch 38/50 [Train]:  76%|███████▌  | 349/459 [00:33<00:10, 10.41it/s]
Epoch 38/50 [Train]:  76%|███████▋  | 351/459 [00:34<00:10, 10.42it/s]
Epoch 38/50 [Train]:  77%|███████▋  | 353/459 [00:34<00:10, 10.37it/s]
Epoch 38/50 [Train]:  77%|███████▋  | 355/459 [00:34<00:10, 10.36it/s]
Epoch 38/50 [Train]:  78%|███████▊  | 357/459 [00:34<00:09, 10.35it/s]
Epoch 38/50 [Train]:  78%|███████▊  | 359/459 [00:34<00:09, 10.36it/s]
Epoch 38/50 [Train]:  79%|███████▊  | 361/459 [00:34<00:09, 10.31it/s]
Epoch 38/50 [Train]:  79%|███████▉  | 363/459 [00:35<00:09, 10.24it/s]
Epoch 38/50 [Train]:  80%|███████▉  | 365/459 [00:35<00:09, 10.27it/s]
Epoch 38/50 [Train]:  80%|███████▉  | 367/459 [00:35<00:08, 10.28it/s]
Epoch 38/50 [Train]:  80%|████████  | 369/459 [00:35<00:08, 10.33it/s]
Epoch 38/50 [Train]:  81%|████████  | 371/459 [00:35<00:08, 10.37it/s]
Epoch 38/50 [Train]:  81%|████████▏ | 373/459 [00:36<00:08, 10.32it/s]
Epoch 38/50 [Train]:  82%|████████▏ | 375/459 [00:36<00:08, 10.37it/s]
Epoch 38/50 [Train]:  82%|████████▏ | 377/459 [00:36<00:07, 10.34it/s]
Epoch 38/50 [Train]:  83%|████████▎ | 379/459 [00:36<00:07, 10.37it/s]
Epoch 38/50 [Train]:  83%|████████▎ | 381/459 [00:36<00:07, 10.37it/s]
Epoch 38/50 [Train]:  83%|████████▎ | 383/459 [00:37<00:07, 10.33it/s]
Epoch 38/50 [Train]:  84%|████████▍ | 385/459 [00:37<00:07, 10.31it/s]
Epoch 38/50 [Train]:  84%|████████▍ | 387/459 [00:37<00:07, 10.28it/s]
Epoch 38/50 [Train]:  85%|████████▍ | 389/459 [00:37<00:06, 10.37it/s]
Epoch 38/50 [Train]:  85%|████████▌ | 391/459 [00:37<00:06, 10.38it/s]
Epoch 38/50 [Train]:  86%|████████▌ | 393/459 [00:38<00:06, 10.36it/s]
Epoch 38/50 [Train]:  86%|████████▌ | 395/459 [00:38<00:06, 10.37it/s]
Epoch 38/50 [Train]:  86%|████████▋ | 397/459 [00:38<00:06, 10.22it/s]
Epoch 38/50 [Train]:  87%|████████▋ | 399/459 [00:38<00:05, 10.26it/s]
Epoch 38/50 [Train]:  87%|████████▋ | 401/459 [00:38<00:05, 10.34it/s]
Epoch 38/50 [Train]:  88%|████████▊ | 403/459 [00:39<00:05, 10.36it/s]
Epoch 38/50 [Train]:  88%|████████▊ | 405/459 [00:39<00:05, 10.37it/s]
Epoch 38/50 [Train]:  89%|████████▊ | 407/459 [00:39<00:05, 10.40it/s]
Epoch 38/50 [Train]:  89%|████████▉ | 409/459 [00:39<00:04, 10.35it/s]
Epoch 38/50 [Train]:  90%|████████▉ | 411/459 [00:39<00:04, 10.25it/s]
Epoch 38/50 [Train]:  90%|████████▉ | 413/459 [00:40<00:04, 10.19it/s]
Epoch 38/50 [Train]:  90%|█████████ | 415/459 [00:40<00:04, 10.24it/s]
Epoch 38/50 [Train]:  91%|█████████ | 417/459 [00:40<00:04, 10.28it/s]
Epoch 38/50 [Train]:  91%|█████████▏| 419/459 [00:40<00:03, 10.28it/s]
Epoch 38/50 [Train]:  92%|█████████▏| 421/459 [00:40<00:03, 10.30it/s]
Epoch 38/50 [Train]:  92%|█████████▏| 423/459 [00:40<00:03, 10.30it/s]
Epoch 38/50 [Train]:  93%|█████████▎| 425/459 [00:41<00:03, 10.32it/s]
Epoch 38/50 [Train]:  93%|█████████▎| 427/459 [00:41<00:03, 10.35it/s]
Epoch 38/50 [Train]:  93%|█████████▎| 429/459 [00:41<00:02, 10.13it/s]
Epoch 38/50 [Train]:  94%|█████████▍| 431/459 [00:41<00:02, 10.21it/s]
Epoch 38/50 [Train]:  94%|█████████▍| 433/459 [00:41<00:02, 10.25it/s]
Epoch 38/50 [Train]:  95%|█████████▍| 435/459 [00:42<00:02, 10.27it/s]
Epoch 38/50 [Train]:  95%|█████████▌| 437/459 [00:42<00:02, 10.27it/s]
Epoch 38/50 [Train]:  96%|█████████▌| 439/459 [00:42<00:01, 10.31it/s]
Epoch 38/50 [Train]:  96%|█████████▌| 441/459 [00:42<00:01, 10.34it/s]
Epoch 38/50 [Train]:  97%|█████████▋| 443/459 [00:42<00:01, 10.35it/s]
Epoch 38/50 [Train]:  97%|█████████▋| 445/459 [00:43<00:01, 10.25it/s]
Epoch 38/50 [Train]:  97%|█████████▋| 447/459 [00:43<00:01, 10.25it/s]
Epoch 38/50 [Train]:  98%|█████████▊| 449/459 [00:43<00:00, 10.29it/s]
Epoch 38/50 [Train]:  98%|█████████▊| 451/459 [00:43<00:00, 10.31it/s]
Epoch 38/50 [Train]:  99%|█████████▊| 453/459 [00:43<00:00, 10.31it/s]
Epoch 38/50 [Train]:  99%|█████████▉| 455/459 [00:44<00:00, 10.32it/s]
Epoch 38/50 [Train]: 100%|█████████▉| 457/459 [00:44<00:00, 10.37it/s]
Epoch 38/50 [Train]: 100%|██████████| 459/459 [00:44<00:00, 10.33it/s]
                                                                      

Epoch 38/50 [Val]:   0%|          | 0/113 [00:00<?, ?it/s]
Epoch 38/50 [Val]:   2%|▏         | 2/113 [00:00<00:08, 13.38it/s]
Epoch 38/50 [Val]:   4%|▎         | 4/113 [00:00<00:08, 13.61it/s]
Epoch 38/50 [Val]:   5%|▌         | 6/113 [00:00<00:07, 13.69it/s]
Epoch 38/50 [Val]:   7%|▋         | 8/113 [00:00<00:07, 13.71it/s]
Epoch 38/50 [Val]:   9%|▉         | 10/113 [00:00<00:07, 13.89it/s]
Epoch 38/50 [Val]:  11%|█         | 12/113 [00:00<00:07, 13.84it/s]
Epoch 38/50 [Val]:  12%|█▏        | 14/113 [00:01<00:07, 13.70it/s]
Epoch 38/50 [Val]:  14%|█▍        | 16/113 [00:01<00:07, 13.35it/s]
Epoch 38/50 [Val]:  16%|█▌        | 18/113 [00:01<00:07, 13.20it/s]
Epoch 38/50 [Val]:  18%|█▊        | 20/113 [00:01<00:07, 12.90it/s]
Epoch 38/50 [Val]:  19%|█▉        | 22/113 [00:01<00:07, 12.67it/s]
Epoch 38/50 [Val]:  21%|██        | 24/113 [00:01<00:07, 12.63it/s]
Epoch 38/50 [Val]:  23%|██▎       | 26/113 [00:01<00:06, 12.64it/s]
Epoch 38/50 [Val]:  25%|██▍       | 28/113 [00:02<00:06, 12.83it/s]
Epoch 38/50 [Val]:  27%|██▋       | 30/113 [00:02<00:06, 13.01it/s]
Epoch 38/50 [Val]:  28%|██▊       | 32/113 [00:02<00:06, 13.26it/s]
Epoch 38/50 [Val]:  30%|███       | 34/113 [00:02<00:05, 13.39it/s]
Epoch 38/50 [Val]:  32%|███▏      | 36/113 [00:02<00:05, 13.62it/s]
Epoch 38/50 [Val]:  34%|███▎      | 38/113 [00:02<00:05, 13.72it/s]
Epoch 38/50 [Val]:  35%|███▌      | 40/113 [00:02<00:05, 13.82it/s]
Epoch 38/50 [Val]:  37%|███▋      | 42/113 [00:03<00:05, 13.94it/s]
Epoch 38/50 [Val]:  39%|███▉      | 44/113 [00:03<00:05, 13.74it/s]
Epoch 38/50 [Val]:  41%|████      | 46/113 [00:03<00:04, 13.59it/s]
Epoch 38/50 [Val]:  42%|████▏     | 48/113 [00:03<00:04, 13.65it/s]
Epoch 38/50 [Val]:  44%|████▍     | 50/113 [00:03<00:04, 13.83it/s]
Epoch 38/50 [Val]:  46%|████▌     | 52/113 [00:03<00:04, 13.98it/s]
Epoch 38/50 [Val]:  48%|████▊     | 54/113 [00:03<00:04, 14.12it/s]
Epoch 38/50 [Val]:  50%|████▉     | 56/113 [00:04<00:04, 14.15it/s]
Epoch 38/50 [Val]:  51%|█████▏    | 58/113 [00:04<00:04, 13.62it/s]
Epoch 38/50 [Val]:  53%|█████▎    | 60/113 [00:04<00:03, 13.97it/s]
Epoch 38/50 [Val]:  55%|█████▍    | 62/113 [00:04<00:03, 13.92it/s]
Epoch 38/50 [Val]:  57%|█████▋    | 64/113 [00:04<00:03, 13.95it/s]
Epoch 38/50 [Val]:  58%|█████▊    | 66/113 [00:04<00:03, 13.69it/s]
Epoch 38/50 [Val]:  60%|██████    | 68/113 [00:05<00:03, 13.67it/s]
Epoch 38/50 [Val]:  62%|██████▏   | 70/113 [00:05<00:03, 13.85it/s]
Epoch 38/50 [Val]:  64%|██████▎   | 72/113 [00:05<00:02, 14.02it/s]
Epoch 38/50 [Val]:  65%|██████▌   | 74/113 [00:05<00:02, 14.07it/s]
Epoch 38/50 [Val]:  67%|██████▋   | 76/113 [00:05<00:02, 14.10it/s]
Epoch 38/50 [Val]:  69%|██████▉   | 78/113 [00:05<00:02, 13.98it/s]
Epoch 38/50 [Val]:  71%|███████   | 80/113 [00:05<00:02, 13.89it/s]
Epoch 38/50 [Val]:  73%|███████▎  | 82/113 [00:06<00:02, 13.88it/s]
Epoch 38/50 [Val]:  74%|███████▍  | 84/113 [00:06<00:02, 13.97it/s]
Epoch 38/50 [Val]:  76%|███████▌  | 86/113 [00:06<00:01, 14.01it/s]
Epoch 38/50 [Val]:  78%|███████▊  | 88/113 [00:06<00:01, 13.61it/s]
Epoch 38/50 [Val]:  80%|███████▉  | 90/113 [00:06<00:01, 13.77it/s]
Epoch 38/50 [Val]:  81%|████████▏ | 92/113 [00:06<00:01, 14.02it/s]
Epoch 38/50 [Val]:  83%|████████▎ | 94/113 [00:06<00:01, 14.09it/s]
Epoch 38/50 [Val]:  85%|████████▍ | 96/113 [00:07<00:01, 14.30it/s]
Epoch 38/50 [Val]:  87%|████████▋ | 98/113 [00:07<00:01, 14.17it/s]
Epoch 38/50 [Val]:  88%|████████▊ | 100/113 [00:07<00:00, 14.08it/s]
Epoch 38/50 [Val]:  90%|█████████ | 102/113 [00:07<00:00, 13.93it/s]
Epoch 38/50 [Val]:  92%|█████████▏| 104/113 [00:07<00:00, 14.13it/s]
Epoch 38/50 [Val]:  94%|█████████▍| 106/113 [00:07<00:00, 13.98it/s]
Epoch 38/50 [Val]:  96%|█████████▌| 108/113 [00:07<00:00, 14.21it/s]
Epoch 38/50 [Val]:  97%|█████████▋| 110/113 [00:08<00:00, 14.15it/s]
Epoch 38/50 [Val]:  99%|█████████▉| 112/113 [00:08<00:00, 13.94it/s]
                                                                    

Epoch 39/50 [Train]:   0%|          | 0/459 [00:00<?, ?it/s]
Epoch 39/50 [Train]:   0%|          | 2/459 [00:00<00:45, 10.10it/s]
Epoch 39/50 [Train]:   1%|          | 4/459 [00:00<00:44, 10.25it/s]
Epoch 39/50 [Train]:   1%|▏         | 6/459 [00:00<00:44, 10.19it/s]
Epoch 39/50 [Train]:   2%|▏         | 8/459 [00:00<00:44, 10.19it/s]
Epoch 39/50 [Train]:   2%|▏         | 10/459 [00:00<00:43, 10.29it/s]
Epoch 39/50 [Train]:   3%|▎         | 12/459 [00:01<00:43, 10.37it/s]
Epoch 39/50 [Train]:   3%|▎         | 14/459 [00:01<00:43, 10.33it/s]
Epoch 39/50 [Train]:   3%|▎         | 16/459 [00:01<00:42, 10.41it/s]
Epoch 39/50 [Train]:   4%|▍         | 18/459 [00:01<00:42, 10.30it/s]
Epoch 39/50 [Train]:   4%|▍         | 20/459 [00:01<00:42, 10.36it/s]
Epoch 39/50 [Train]:   5%|▍         | 22/459 [00:02<00:42, 10.37it/s]
Epoch 39/50 [Train]:   5%|▌         | 24/459 [00:02<00:42, 10.26it/s]
Epoch 39/50 [Train]:   6%|▌         | 26/459 [00:02<00:42, 10.23it/s]
Epoch 39/50 [Train]:   6%|▌         | 28/459 [00:02<00:41, 10.26it/s]
Epoch 39/50 [Train]:   7%|▋         | 30/459 [00:02<00:41, 10.32it/s]
Epoch 39/50 [Train]:   7%|▋         | 32/459 [00:03<00:41, 10.34it/s]
Epoch 39/50 [Train]:   7%|▋         | 34/459 [00:03<00:41, 10.33it/s]
Epoch 39/50 [Train]:   8%|▊         | 36/459 [00:03<00:40, 10.35it/s]
Epoch 39/50 [Train]:   8%|▊         | 38/459 [00:03<00:40, 10.28it/s]
Epoch 39/50 [Train]:   9%|▊         | 40/459 [00:03<00:40, 10.24it/s]
Epoch 39/50 [Train]:   9%|▉         | 42/459 [00:04<00:40, 10.24it/s]
Epoch 39/50 [Train]:  10%|▉         | 44/459 [00:04<00:40, 10.29it/s]
Epoch 39/50 [Train]:  10%|█         | 46/459 [00:04<00:39, 10.33it/s]
Epoch 39/50 [Train]:  10%|█         | 48/459 [00:04<00:39, 10.34it/s]
Epoch 39/50 [Train]:  11%|█         | 50/459 [00:04<00:39, 10.37it/s]
Epoch 39/50 [Train]:  11%|█▏        | 52/459 [00:05<00:39, 10.35it/s]
Epoch 39/50 [Train]:  12%|█▏        | 54/459 [00:05<00:39, 10.35it/s]
Epoch 39/50 [Train]:  12%|█▏        | 56/459 [00:05<00:38, 10.35it/s]
Epoch 39/50 [Train]:  13%|█▎        | 58/459 [00:05<00:38, 10.37it/s]
Epoch 39/50 [Train]:  13%|█▎        | 60/459 [00:05<00:38, 10.35it/s]
Epoch 39/50 [Train]:  14%|█▎        | 62/459 [00:06<00:38, 10.31it/s]
Epoch 39/50 [Train]:  14%|█▍        | 64/459 [00:06<00:38, 10.35it/s]
Epoch 39/50 [Train]:  14%|█▍        | 66/459 [00:06<00:38, 10.24it/s]
Epoch 39/50 [Train]:  15%|█▍        | 68/459 [00:06<00:38, 10.25it/s]
Epoch 39/50 [Train]:  15%|█▌        | 70/459 [00:06<00:37, 10.29it/s]
Epoch 39/50 [Train]:  16%|█▌        | 72/459 [00:06<00:37, 10.30it/s]
Epoch 39/50 [Train]:  16%|█▌        | 74/459 [00:07<00:37, 10.25it/s]
Epoch 39/50 [Train]:  17%|█▋        | 76/459 [00:07<00:37, 10.30it/s]
Epoch 39/50 [Train]:  17%|█▋        | 78/459 [00:07<00:36, 10.35it/s]
Epoch 39/50 [Train]:  17%|█▋        | 80/459 [00:07<00:36, 10.35it/s]
Epoch 39/50 [Train]:  18%|█▊        | 82/459 [00:07<00:36, 10.33it/s]
Epoch 39/50 [Train]:  18%|█▊        | 84/459 [00:08<00:36, 10.31it/s]
Epoch 39/50 [Train]:  19%|█▊        | 86/459 [00:08<00:35, 10.38it/s]
Epoch 39/50 [Train]:  19%|█▉        | 88/459 [00:08<00:35, 10.39it/s]
Epoch 39/50 [Train]:  20%|█▉        | 90/459 [00:08<00:35, 10.33it/s]
Epoch 39/50 [Train]:  20%|██        | 92/459 [00:08<00:35, 10.26it/s]
Epoch 39/50 [Train]:  20%|██        | 94/459 [00:09<00:35, 10.31it/s]
Epoch 39/50 [Train]:  21%|██        | 96/459 [00:09<00:35, 10.36it/s]
Epoch 39/50 [Train]:  21%|██▏       | 98/459 [00:09<00:34, 10.36it/s]
Epoch 39/50 [Train]:  22%|██▏       | 100/459 [00:09<00:34, 10.32it/s]
Epoch 39/50 [Train]:  22%|██▏       | 102/459 [00:09<00:34, 10.29it/s]
Epoch 39/50 [Train]:  23%|██▎       | 104/459 [00:10<00:34, 10.29it/s]
Epoch 39/50 [Train]:  23%|██▎       | 106/459 [00:10<00:34, 10.31it/s]
Epoch 39/50 [Train]:  24%|██▎       | 108/459 [00:10<00:34, 10.26it/s]
Epoch 39/50 [Train]:  24%|██▍       | 110/459 [00:10<00:34, 10.21it/s]
Epoch 39/50 [Train]:  24%|██▍       | 112/459 [00:10<00:33, 10.23it/s]
Epoch 39/50 [Train]:  25%|██▍       | 114/459 [00:11<00:33, 10.28it/s]
Epoch 39/50 [Train]:  25%|██▌       | 116/459 [00:11<00:33, 10.23it/s]
Epoch 39/50 [Train]:  26%|██▌       | 118/459 [00:11<00:33, 10.31it/s]
Epoch 39/50 [Train]:  26%|██▌       | 120/459 [00:11<00:32, 10.36it/s]
Epoch 39/50 [Train]:  27%|██▋       | 122/459 [00:11<00:32, 10.33it/s]
Epoch 39/50 [Train]:  27%|██▋       | 124/459 [00:12<00:32, 10.32it/s]
Epoch 39/50 [Train]:  27%|██▋       | 126/459 [00:12<00:32, 10.39it/s]
Epoch 39/50 [Train]:  28%|██▊       | 128/459 [00:12<00:31, 10.38it/s]
Epoch 39/50 [Train]:  28%|██▊       | 130/459 [00:12<00:31, 10.36it/s]
Epoch 39/50 [Train]:  29%|██▉       | 132/459 [00:12<00:31, 10.38it/s]
Epoch 39/50 [Train]:  29%|██▉       | 134/459 [00:12<00:31, 10.39it/s]
Epoch 39/50 [Train]:  30%|██▉       | 136/459 [00:13<00:31, 10.36it/s]
Epoch 39/50 [Train]:  30%|███       | 138/459 [00:13<00:31, 10.35it/s]
Epoch 39/50 [Train]:  31%|███       | 140/459 [00:13<00:31, 10.26it/s]
Epoch 39/50 [Train]:  31%|███       | 142/459 [00:13<00:30, 10.28it/s]
Epoch 39/50 [Train]:  31%|███▏      | 144/459 [00:13<00:30, 10.30it/s]
Epoch 39/50 [Train]:  32%|███▏      | 146/459 [00:14<00:30, 10.33it/s]
Epoch 39/50 [Train]:  32%|███▏      | 148/459 [00:14<00:30, 10.35it/s]
Epoch 39/50 [Train]:  33%|███▎      | 150/459 [00:14<00:29, 10.37it/s]
Epoch 39/50 [Train]:  33%|███▎      | 152/459 [00:14<00:29, 10.38it/s]
Epoch 39/50 [Train]:  34%|███▎      | 154/459 [00:14<00:29, 10.32it/s]
Epoch 39/50 [Train]:  34%|███▍      | 156/459 [00:15<00:29, 10.32it/s]
Epoch 39/50 [Train]:  34%|███▍      | 158/459 [00:15<00:29, 10.25it/s]
Epoch 39/50 [Train]:  35%|███▍      | 160/459 [00:15<00:29, 10.31it/s]
Epoch 39/50 [Train]:  35%|███▌      | 162/459 [00:15<00:28, 10.29it/s]
Epoch 39/50 [Train]:  36%|███▌      | 164/459 [00:15<00:28, 10.28it/s]
Epoch 39/50 [Train]:  36%|███▌      | 166/459 [00:16<00:28, 10.29it/s]
Epoch 39/50 [Train]:  37%|███▋      | 168/459 [00:16<00:28, 10.33it/s]
Epoch 39/50 [Train]:  37%|███▋      | 170/459 [00:16<00:28, 10.31it/s]
Epoch 39/50 [Train]:  37%|███▋      | 172/459 [00:16<00:27, 10.31it/s]
Epoch 39/50 [Train]:  38%|███▊      | 174/459 [00:16<00:27, 10.29it/s]
Epoch 39/50 [Train]:  38%|███▊      | 176/459 [00:17<00:27, 10.26it/s]
Epoch 39/50 [Train]:  39%|███▉      | 178/459 [00:17<00:27, 10.31it/s]
Epoch 39/50 [Train]:  39%|███▉      | 180/459 [00:17<00:26, 10.34it/s]
Epoch 39/50 [Train]:  40%|███▉      | 182/459 [00:17<00:27, 10.16it/s]
Epoch 39/50 [Train]:  40%|████      | 184/459 [00:17<00:27, 10.14it/s]
Epoch 39/50 [Train]:  41%|████      | 186/459 [00:18<00:26, 10.11it/s]
Epoch 39/50 [Train]:  41%|████      | 188/459 [00:18<00:26, 10.21it/s]
Epoch 39/50 [Train]:  41%|████▏     | 190/459 [00:18<00:26, 10.16it/s]
Epoch 39/50 [Train]:  42%|████▏     | 192/459 [00:18<00:26, 10.23it/s]
Epoch 39/50 [Train]:  42%|████▏     | 194/459 [00:18<00:25, 10.23it/s]
Epoch 39/50 [Train]:  43%|████▎     | 196/459 [00:19<00:25, 10.29it/s]
Epoch 39/50 [Train]:  43%|████▎     | 198/459 [00:19<00:25, 10.35it/s]
Epoch 39/50 [Train]:  44%|████▎     | 200/459 [00:19<00:24, 10.39it/s]
Epoch 39/50 [Train]:  44%|████▍     | 202/459 [00:19<00:24, 10.33it/s]
Epoch 39/50 [Train]:  44%|████▍     | 204/459 [00:19<00:24, 10.29it/s]
Epoch 39/50 [Train]:  45%|████▍     | 206/459 [00:19<00:24, 10.25it/s]
Epoch 39/50 [Train]:  45%|████▌     | 208/459 [00:20<00:24, 10.23it/s]
Epoch 39/50 [Train]:  46%|████▌     | 210/459 [00:20<00:24, 10.22it/s]
Epoch 39/50 [Train]:  46%|████▌     | 212/459 [00:20<00:24, 10.21it/s]
Epoch 39/50 [Train]:  47%|████▋     | 214/459 [00:20<00:23, 10.23it/s]
Epoch 39/50 [Train]:  47%|████▋     | 216/459 [00:20<00:23, 10.28it/s]
Epoch 39/50 [Train]:  47%|████▋     | 218/459 [00:21<00:23, 10.30it/s]
Epoch 39/50 [Train]:  48%|████▊     | 220/459 [00:21<00:23, 10.32it/s]
Epoch 39/50 [Train]:  48%|████▊     | 222/459 [00:21<00:22, 10.37it/s]
Epoch 39/50 [Train]:  49%|████▉     | 224/459 [00:21<00:22, 10.31it/s]
Epoch 39/50 [Train]:  49%|████▉     | 226/459 [00:21<00:22, 10.34it/s]
Epoch 39/50 [Train]:  50%|████▉     | 228/459 [00:22<00:22, 10.31it/s]
Epoch 39/50 [Train]:  50%|█████     | 230/459 [00:22<00:22, 10.35it/s]
Epoch 39/50 [Train]:  51%|█████     | 232/459 [00:22<00:21, 10.38it/s]
Epoch 39/50 [Train]:  51%|█████     | 234/459 [00:22<00:21, 10.40it/s]
Epoch 39/50 [Train]:  51%|█████▏    | 236/459 [00:22<00:21, 10.35it/s]
Epoch 39/50 [Train]:  52%|█████▏    | 238/459 [00:23<00:21, 10.35it/s]
Epoch 39/50 [Train]:  52%|█████▏    | 240/459 [00:23<00:21, 10.37it/s]
Epoch 39/50 [Train]:  53%|█████▎    | 242/459 [00:23<00:20, 10.34it/s]
Epoch 39/50 [Train]:  53%|█████▎    | 244/459 [00:23<00:20, 10.36it/s]
Epoch 39/50 [Train]:  54%|█████▎    | 246/459 [00:23<00:20, 10.36it/s]
Epoch 39/50 [Train]:  54%|█████▍    | 248/459 [00:24<00:20, 10.40it/s]
Epoch 39/50 [Train]:  54%|█████▍    | 250/459 [00:24<00:20, 10.39it/s]
Epoch 39/50 [Train]:  55%|█████▍    | 252/459 [00:24<00:19, 10.46it/s]
Epoch 39/50 [Train]:  55%|█████▌    | 254/459 [00:24<00:19, 10.49it/s]
Epoch 39/50 [Train]:  56%|█████▌    | 256/459 [00:24<00:19, 10.45it/s]
Epoch 39/50 [Train]:  56%|█████▌    | 258/459 [00:25<00:19, 10.43it/s]
Epoch 39/50 [Train]:  57%|█████▋    | 260/459 [00:25<00:19, 10.41it/s]
Epoch 39/50 [Train]:  57%|█████▋    | 262/459 [00:25<00:18, 10.39it/s]
Epoch 39/50 [Train]:  58%|█████▊    | 264/459 [00:25<00:18, 10.38it/s]
Epoch 39/50 [Train]:  58%|█████▊    | 266/459 [00:25<00:18, 10.30it/s]
Epoch 39/50 [Train]:  58%|█████▊    | 268/459 [00:25<00:18, 10.32it/s]
Epoch 39/50 [Train]:  59%|█████▉    | 270/459 [00:26<00:18, 10.35it/s]
Epoch 39/50 [Train]:  59%|█████▉    | 272/459 [00:26<00:18, 10.32it/s]
Epoch 39/50 [Train]:  60%|█████▉    | 274/459 [00:26<00:17, 10.35it/s]
Epoch 39/50 [Train]:  60%|██████    | 276/459 [00:26<00:17, 10.30it/s]
Epoch 39/50 [Train]:  61%|██████    | 278/459 [00:26<00:17, 10.35it/s]
Epoch 39/50 [Train]:  61%|██████    | 280/459 [00:27<00:17, 10.24it/s]
Epoch 39/50 [Train]:  61%|██████▏   | 282/459 [00:27<00:17, 10.32it/s]
Epoch 39/50 [Train]:  62%|██████▏   | 284/459 [00:27<00:16, 10.39it/s]
Epoch 39/50 [Train]:  62%|██████▏   | 286/459 [00:27<00:16, 10.41it/s]
Epoch 39/50 [Train]:  63%|██████▎   | 288/459 [00:27<00:16, 10.37it/s]
Epoch 39/50 [Train]:  63%|██████▎   | 290/459 [00:28<00:16, 10.39it/s]
Epoch 39/50 [Train]:  64%|██████▎   | 292/459 [00:28<00:16, 10.43it/s]
Epoch 39/50 [Train]:  64%|██████▍   | 294/459 [00:28<00:15, 10.40it/s]
Epoch 39/50 [Train]:  64%|██████▍   | 296/459 [00:28<00:15, 10.31it/s]
Epoch 39/50 [Train]:  65%|██████▍   | 298/459 [00:28<00:15, 10.30it/s]
Epoch 39/50 [Train]:  65%|██████▌   | 300/459 [00:29<00:15, 10.35it/s]
Epoch 39/50 [Train]:  66%|██████▌   | 302/459 [00:29<00:15, 10.35it/s]
Epoch 39/50 [Train]:  66%|██████▌   | 304/459 [00:29<00:14, 10.38it/s]
Epoch 39/50 [Train]:  67%|██████▋   | 306/459 [00:29<00:14, 10.43it/s]
Epoch 39/50 [Train]:  67%|██████▋   | 308/459 [00:29<00:14, 10.44it/s]
Epoch 39/50 [Train]:  68%|██████▊   | 310/459 [00:30<00:14, 10.37it/s]
Epoch 39/50 [Train]:  68%|██████▊   | 312/459 [00:30<00:14, 10.26it/s]
Epoch 39/50 [Train]:  68%|██████▊   | 314/459 [00:30<00:14, 10.25it/s]
Epoch 39/50 [Train]:  69%|██████▉   | 316/459 [00:30<00:13, 10.25it/s]
Epoch 39/50 [Train]:  69%|██████▉   | 318/459 [00:30<00:13, 10.19it/s]
Epoch 39/50 [Train]:  70%|██████▉   | 320/459 [00:31<00:13, 10.26it/s]
Epoch 39/50 [Train]:  70%|███████   | 322/459 [00:31<00:13, 10.31it/s]
Epoch 39/50 [Train]:  71%|███████   | 324/459 [00:31<00:13, 10.34it/s]
Epoch 39/50 [Train]:  71%|███████   | 326/459 [00:31<00:12, 10.40it/s]
Epoch 39/50 [Train]:  71%|███████▏  | 328/459 [00:31<00:12, 10.31it/s]
Epoch 39/50 [Train]:  72%|███████▏  | 330/459 [00:31<00:12, 10.27it/s]
Epoch 39/50 [Train]:  72%|███████▏  | 332/459 [00:32<00:12, 10.27it/s]
Epoch 39/50 [Train]:  73%|███████▎  | 334/459 [00:32<00:12,  9.80it/s]
Epoch 39/50 [Train]:  73%|███████▎  | 336/459 [00:32<00:12, 10.03it/s]
Epoch 39/50 [Train]:  74%|███████▎  | 338/459 [00:32<00:12, 10.05it/s]
Epoch 39/50 [Train]:  74%|███████▍  | 340/459 [00:32<00:11, 10.15it/s]
Epoch 39/50 [Train]:  75%|███████▍  | 342/459 [00:33<00:11, 10.20it/s]
Epoch 39/50 [Train]:  75%|███████▍  | 344/459 [00:33<00:11, 10.20it/s]
Epoch 39/50 [Train]:  75%|███████▌  | 346/459 [00:33<00:11, 10.24it/s]
Epoch 39/50 [Train]:  76%|███████▌  | 348/459 [00:33<00:10, 10.24it/s]
Epoch 39/50 [Train]:  76%|███████▋  | 350/459 [00:33<00:10, 10.26it/s]
Epoch 39/50 [Train]:  77%|███████▋  | 352/459 [00:34<00:10, 10.25it/s]
Epoch 39/50 [Train]:  77%|███████▋  | 354/459 [00:34<00:10, 10.33it/s]
Epoch 39/50 [Train]:  78%|███████▊  | 356/459 [00:34<00:10, 10.29it/s]
Epoch 39/50 [Train]:  78%|███████▊  | 358/459 [00:34<00:09, 10.32it/s]
Epoch 39/50 [Train]:  78%|███████▊  | 360/459 [00:34<00:09, 10.09it/s]
Epoch 39/50 [Train]:  79%|███████▉  | 362/459 [00:35<00:09, 10.18it/s]
Epoch 39/50 [Train]:  79%|███████▉  | 364/459 [00:35<00:09, 10.22it/s]
Epoch 39/50 [Train]:  80%|███████▉  | 366/459 [00:35<00:09, 10.27it/s]
Epoch 39/50 [Train]:  80%|████████  | 368/459 [00:35<00:08, 10.31it/s]
Epoch 39/50 [Train]:  81%|████████  | 370/459 [00:35<00:08, 10.27it/s]
Epoch 39/50 [Train]:  81%|████████  | 372/459 [00:36<00:08, 10.32it/s]
Epoch 39/50 [Train]:  81%|████████▏ | 374/459 [00:36<00:08, 10.26it/s]
Epoch 39/50 [Train]:  82%|████████▏ | 376/459 [00:36<00:08, 10.15it/s]
Epoch 39/50 [Train]:  82%|████████▏ | 378/459 [00:36<00:07, 10.15it/s]
Epoch 39/50 [Train]:  83%|████████▎ | 380/459 [00:36<00:07, 10.13it/s]
Epoch 39/50 [Train]:  83%|████████▎ | 382/459 [00:37<00:07, 10.17it/s]
Epoch 39/50 [Train]:  84%|████████▎ | 384/459 [00:37<00:07, 10.21it/s]
Epoch 39/50 [Train]:  84%|████████▍ | 386/459 [00:37<00:07, 10.28it/s]
Epoch 39/50 [Train]:  85%|████████▍ | 388/459 [00:37<00:06, 10.26it/s]
Epoch 39/50 [Train]:  85%|████████▍ | 390/459 [00:37<00:06, 10.24it/s]
Epoch 39/50 [Train]:  85%|████████▌ | 392/459 [00:38<00:06, 10.29it/s]
Epoch 39/50 [Train]:  86%|████████▌ | 394/459 [00:38<00:06, 10.26it/s]
Epoch 39/50 [Train]:  86%|████████▋ | 396/459 [00:38<00:06, 10.34it/s]
Epoch 39/50 [Train]:  87%|████████▋ | 398/459 [00:38<00:05, 10.37it/s]
Epoch 39/50 [Train]:  87%|████████▋ | 400/459 [00:38<00:05, 10.37it/s]
Epoch 39/50 [Train]:  88%|████████▊ | 402/459 [00:39<00:05, 10.39it/s]
Epoch 39/50 [Train]:  88%|████████▊ | 404/459 [00:39<00:05, 10.33it/s]
Epoch 39/50 [Train]:  88%|████████▊ | 406/459 [00:39<00:05, 10.33it/s]
Epoch 39/50 [Train]:  89%|████████▉ | 408/459 [00:39<00:04, 10.28it/s]
Epoch 39/50 [Train]:  89%|████████▉ | 410/459 [00:39<00:04, 10.29it/s]
Epoch 39/50 [Train]:  90%|████████▉ | 412/459 [00:39<00:04, 10.35it/s]
Epoch 39/50 [Train]:  90%|█████████ | 414/459 [00:40<00:04, 10.35it/s]
Epoch 39/50 [Train]:  91%|█████████ | 416/459 [00:40<00:04, 10.40it/s]
Epoch 39/50 [Train]:  91%|█████████ | 418/459 [00:40<00:03, 10.29it/s]
Epoch 39/50 [Train]:  92%|█████████▏| 420/459 [00:40<00:03, 10.31it/s]
Epoch 39/50 [Train]:  92%|█████████▏| 422/459 [00:40<00:03, 10.34it/s]
Epoch 39/50 [Train]:  92%|█████████▏| 424/459 [00:41<00:03, 10.37it/s]
Epoch 39/50 [Train]:  93%|█████████▎| 426/459 [00:41<00:03, 10.40it/s]
Epoch 39/50 [Train]:  93%|█████████▎| 428/459 [00:41<00:02, 10.39it/s]
Epoch 39/50 [Train]:  94%|█████████▎| 430/459 [00:41<00:02, 10.40it/s]
Epoch 39/50 [Train]:  94%|█████████▍| 432/459 [00:41<00:02, 10.35it/s]
Epoch 39/50 [Train]:  95%|█████████▍| 434/459 [00:42<00:02, 10.34it/s]
Epoch 39/50 [Train]:  95%|█████████▍| 436/459 [00:42<00:02, 10.35it/s]
Epoch 39/50 [Train]:  95%|█████████▌| 438/459 [00:42<00:02, 10.39it/s]
Epoch 39/50 [Train]:  96%|█████████▌| 440/459 [00:42<00:01, 10.43it/s]
Epoch 39/50 [Train]:  96%|█████████▋| 442/459 [00:42<00:01, 10.36it/s]
Epoch 39/50 [Train]:  97%|█████████▋| 444/459 [00:43<00:01, 10.35it/s]
Epoch 39/50 [Train]:  97%|█████████▋| 446/459 [00:43<00:01, 10.23it/s]
Epoch 39/50 [Train]:  98%|█████████▊| 448/459 [00:43<00:01, 10.26it/s]
Epoch 39/50 [Train]:  98%|█████████▊| 450/459 [00:43<00:00, 10.35it/s]
Epoch 39/50 [Train]:  98%|█████████▊| 452/459 [00:43<00:00, 10.30it/s]
Epoch 39/50 [Train]:  99%|█████████▉| 454/459 [00:44<00:00, 10.30it/s]
Epoch 39/50 [Train]:  99%|█████████▉| 456/459 [00:44<00:00, 10.30it/s]
Epoch 39/50 [Train]: 100%|█████████▉| 458/459 [00:44<00:00, 10.29it/s]
                                                                      

Epoch 39/50 [Val]:   0%|          | 0/113 [00:00<?, ?it/s]
Epoch 39/50 [Val]:   2%|▏         | 2/113 [00:00<00:07, 14.41it/s]
Epoch 39/50 [Val]:   4%|▎         | 4/113 [00:00<00:07, 14.14it/s]
Epoch 39/50 [Val]:   5%|▌         | 6/113 [00:00<00:07, 14.04it/s]
Epoch 39/50 [Val]:   7%|▋         | 8/113 [00:00<00:07, 13.49it/s]
Epoch 39/50 [Val]:   9%|▉         | 10/113 [00:00<00:07, 13.84it/s]
Epoch 39/50 [Val]:  11%|█         | 12/113 [00:00<00:07, 13.92it/s]
Epoch 39/50 [Val]:  12%|█▏        | 14/113 [00:01<00:07, 13.92it/s]
Epoch 39/50 [Val]:  14%|█▍        | 16/113 [00:01<00:07, 13.45it/s]
Epoch 39/50 [Val]:  16%|█▌        | 18/113 [00:01<00:07, 13.08it/s]
Epoch 39/50 [Val]:  18%|█▊        | 20/113 [00:01<00:07, 13.04it/s]
Epoch 39/50 [Val]:  19%|█▉        | 22/113 [00:01<00:07, 12.81it/s]
Epoch 39/50 [Val]:  21%|██        | 24/113 [00:01<00:06, 12.84it/s]
Epoch 39/50 [Val]:  23%|██▎       | 26/113 [00:01<00:06, 13.01it/s]
Epoch 39/50 [Val]:  25%|██▍       | 28/113 [00:02<00:06, 13.13it/s]
Epoch 39/50 [Val]:  27%|██▋       | 30/113 [00:02<00:06, 13.33it/s]
Epoch 39/50 [Val]:  28%|██▊       | 32/113 [00:02<00:05, 13.52it/s]
Epoch 39/50 [Val]:  30%|███       | 34/113 [00:02<00:05, 13.68it/s]
Epoch 39/50 [Val]:  32%|███▏      | 36/113 [00:02<00:05, 13.95it/s]
Epoch 39/50 [Val]:  34%|███▎      | 38/113 [00:02<00:05, 14.00it/s]
Epoch 39/50 [Val]:  35%|███▌      | 40/113 [00:02<00:05, 14.15it/s]
Epoch 39/50 [Val]:  37%|███▋      | 42/113 [00:03<00:05, 14.02it/s]
Epoch 39/50 [Val]:  39%|███▉      | 44/113 [00:03<00:05, 13.77it/s]
Epoch 39/50 [Val]:  41%|████      | 46/113 [00:03<00:04, 13.76it/s]
Epoch 39/50 [Val]:  42%|████▏     | 48/113 [00:03<00:04, 13.69it/s]
Epoch 39/50 [Val]:  44%|████▍     | 50/113 [00:03<00:04, 13.72it/s]
Epoch 39/50 [Val]:  46%|████▌     | 52/113 [00:03<00:04, 13.92it/s]
Epoch 39/50 [Val]:  48%|████▊     | 54/113 [00:03<00:04, 14.06it/s]
Epoch 39/50 [Val]:  50%|████▉     | 56/113 [00:04<00:04, 13.99it/s]
Epoch 39/50 [Val]:  51%|█████▏    | 58/113 [00:04<00:04, 13.64it/s]
Epoch 39/50 [Val]:  53%|█████▎    | 60/113 [00:04<00:03, 13.96it/s]
Epoch 39/50 [Val]:  55%|█████▍    | 62/113 [00:04<00:03, 14.03it/s]
Epoch 39/50 [Val]:  57%|█████▋    | 64/113 [00:04<00:03, 14.15it/s]
Epoch 39/50 [Val]:  58%|█████▊    | 66/113 [00:04<00:03, 13.98it/s]
Epoch 39/50 [Val]:  60%|██████    | 68/113 [00:04<00:03, 13.80it/s]
Epoch 39/50 [Val]:  62%|██████▏   | 70/113 [00:05<00:03, 14.04it/s]
Epoch 39/50 [Val]:  64%|██████▎   | 72/113 [00:05<00:02, 14.12it/s]
Epoch 39/50 [Val]:  65%|██████▌   | 74/113 [00:05<00:02, 14.28it/s]
Epoch 39/50 [Val]:  67%|██████▋   | 76/113 [00:05<00:02, 14.22it/s]
Epoch 39/50 [Val]:  69%|██████▉   | 78/113 [00:05<00:02, 13.96it/s]
Epoch 39/50 [Val]:  71%|███████   | 80/113 [00:05<00:02, 13.94it/s]
Epoch 39/50 [Val]:  73%|███████▎  | 82/113 [00:05<00:02, 14.02it/s]
Epoch 39/50 [Val]:  74%|███████▍  | 84/113 [00:06<00:02, 14.02it/s]
Epoch 39/50 [Val]:  76%|███████▌  | 86/113 [00:06<00:01, 13.97it/s]
Epoch 39/50 [Val]:  78%|███████▊  | 88/113 [00:06<00:01, 13.94it/s]
Epoch 39/50 [Val]:  80%|███████▉  | 90/113 [00:06<00:01, 14.23it/s]
Epoch 39/50 [Val]:  81%|████████▏ | 92/113 [00:06<00:01, 14.46it/s]
Epoch 39/50 [Val]:  83%|████████▎ | 94/113 [00:06<00:01, 14.50it/s]
Epoch 39/50 [Val]:  85%|████████▍ | 96/113 [00:06<00:01, 14.68it/s]
Epoch 39/50 [Val]:  87%|████████▋ | 98/113 [00:07<00:01, 14.60it/s]
Epoch 39/50 [Val]:  88%|████████▊ | 100/113 [00:07<00:00, 14.20it/s]
Epoch 39/50 [Val]:  90%|█████████ | 102/113 [00:07<00:00, 14.05it/s]
Epoch 39/50 [Val]:  92%|█████████▏| 104/113 [00:07<00:00, 14.28it/s]
Epoch 39/50 [Val]:  94%|█████████▍| 106/113 [00:07<00:00, 14.26it/s]
Epoch 39/50 [Val]:  96%|█████████▌| 108/113 [00:07<00:00, 14.27it/s]
Epoch 39/50 [Val]:  97%|█████████▋| 110/113 [00:07<00:00, 14.34it/s]
Epoch 39/50 [Val]:  99%|█████████▉| 112/113 [00:08<00:00, 14.38it/s]
                                                                    

Epoch 40/50 [Train]:   0%|          | 0/459 [00:00<?, ?it/s]
Epoch 40/50 [Train]:   0%|          | 1/459 [00:00<00:47,  9.65it/s]
Epoch 40/50 [Train]:   1%|          | 3/459 [00:00<00:44, 10.18it/s]
Epoch 40/50 [Train]:   1%|          | 5/459 [00:00<00:44, 10.31it/s]
Epoch 40/50 [Train]:   2%|▏         | 7/459 [00:00<00:44, 10.14it/s]
Epoch 40/50 [Train]:   2%|▏         | 9/459 [00:00<00:44, 10.18it/s]
Epoch 40/50 [Train]:   2%|▏         | 11/459 [00:01<00:44, 10.16it/s]
Epoch 40/50 [Train]:   3%|▎         | 13/459 [00:01<00:44,  9.99it/s]
Epoch 40/50 [Train]:   3%|▎         | 15/459 [00:01<00:43, 10.16it/s]
Epoch 40/50 [Train]:   4%|▎         | 17/459 [00:01<00:43, 10.18it/s]
Epoch 40/50 [Train]:   4%|▍         | 19/459 [00:01<00:43, 10.19it/s]
Epoch 40/50 [Train]:   5%|▍         | 21/459 [00:02<00:43, 10.18it/s]
Epoch 40/50 [Train]:   5%|▌         | 23/459 [00:02<00:42, 10.27it/s]
Epoch 40/50 [Train]:   5%|▌         | 25/459 [00:02<00:42, 10.28it/s]
Epoch 40/50 [Train]:   6%|▌         | 27/459 [00:02<00:42, 10.24it/s]
Epoch 40/50 [Train]:   6%|▋         | 29/459 [00:02<00:41, 10.29it/s]
Epoch 40/50 [Train]:   7%|▋         | 31/459 [00:03<00:41, 10.27it/s]
Epoch 40/50 [Train]:   7%|▋         | 33/459 [00:03<00:41, 10.22it/s]
Epoch 40/50 [Train]:   8%|▊         | 35/459 [00:03<00:41, 10.15it/s]
Epoch 40/50 [Train]:   8%|▊         | 37/459 [00:03<00:41, 10.22it/s]
Epoch 40/50 [Train]:   8%|▊         | 39/459 [00:03<00:40, 10.27it/s]
Epoch 40/50 [Train]:   9%|▉         | 41/459 [00:04<00:40, 10.26it/s]
Epoch 40/50 [Train]:   9%|▉         | 43/459 [00:04<00:40, 10.26it/s]
Epoch 40/50 [Train]:  10%|▉         | 45/459 [00:04<00:40, 10.33it/s]
Epoch 40/50 [Train]:  10%|█         | 47/459 [00:04<00:40, 10.26it/s]
Epoch 40/50 [Train]:  11%|█         | 49/459 [00:04<00:39, 10.29it/s]
Epoch 40/50 [Train]:  11%|█         | 51/459 [00:04<00:39, 10.36it/s]
Epoch 40/50 [Train]:  12%|█▏        | 53/459 [00:05<00:39, 10.38it/s]
Epoch 40/50 [Train]:  12%|█▏        | 55/459 [00:05<00:38, 10.42it/s]
Epoch 40/50 [Train]:  12%|█▏        | 57/459 [00:05<00:38, 10.33it/s]
Epoch 40/50 [Train]:  13%|█▎        | 59/459 [00:05<00:38, 10.38it/s]
Epoch 40/50 [Train]:  13%|█▎        | 61/459 [00:05<00:38, 10.37it/s]
Epoch 40/50 [Train]:  14%|█▎        | 63/459 [00:06<00:38, 10.39it/s]
Epoch 40/50 [Train]:  14%|█▍        | 65/459 [00:06<00:37, 10.43it/s]
Epoch 40/50 [Train]:  15%|█▍        | 67/459 [00:06<00:37, 10.44it/s]
Epoch 40/50 [Train]:  15%|█▌        | 69/459 [00:06<00:37, 10.41it/s]
Epoch 40/50 [Train]:  15%|█▌        | 71/459 [00:06<00:37, 10.34it/s]
Epoch 40/50 [Train]:  16%|█▌        | 73/459 [00:07<00:37, 10.34it/s]
Epoch 40/50 [Train]:  16%|█▋        | 75/459 [00:07<00:37, 10.33it/s]
Epoch 40/50 [Train]:  17%|█▋        | 77/459 [00:07<00:36, 10.37it/s]
Epoch 40/50 [Train]:  17%|█▋        | 79/459 [00:07<00:36, 10.30it/s]
Epoch 40/50 [Train]:  18%|█▊        | 81/459 [00:07<00:36, 10.27it/s]
Epoch 40/50 [Train]:  18%|█▊        | 83/459 [00:08<00:36, 10.36it/s]
Epoch 40/50 [Train]:  19%|█▊        | 85/459 [00:08<00:36, 10.38it/s]
Epoch 40/50 [Train]:  19%|█▉        | 87/459 [00:08<00:35, 10.42it/s]
Epoch 40/50 [Train]:  19%|█▉        | 89/459 [00:08<00:35, 10.42it/s]
Epoch 40/50 [Train]:  20%|█▉        | 91/459 [00:08<00:35, 10.45it/s]
Epoch 40/50 [Train]:  20%|██        | 93/459 [00:09<00:35, 10.45it/s]
Epoch 40/50 [Train]:  21%|██        | 95/459 [00:09<00:34, 10.42it/s]
Epoch 40/50 [Train]:  21%|██        | 97/459 [00:09<00:34, 10.36it/s]
Epoch 40/50 [Train]:  22%|██▏       | 99/459 [00:09<00:34, 10.39it/s]
Epoch 40/50 [Train]:  22%|██▏       | 101/459 [00:09<00:34, 10.32it/s]
Epoch 40/50 [Train]:  22%|██▏       | 103/459 [00:09<00:34, 10.39it/s]
Epoch 40/50 [Train]:  23%|██▎       | 105/459 [00:10<00:33, 10.43it/s]
Epoch 40/50 [Train]:  23%|██▎       | 107/459 [00:10<00:33, 10.43it/s]
Epoch 40/50 [Train]:  24%|██▎       | 109/459 [00:10<00:33, 10.46it/s]
Epoch 40/50 [Train]:  24%|██▍       | 111/459 [00:10<00:33, 10.46it/s]
Epoch 40/50 [Train]:  25%|██▍       | 113/459 [00:10<00:33, 10.46it/s]
Epoch 40/50 [Train]:  25%|██▌       | 115/459 [00:11<00:32, 10.43it/s]
Epoch 40/50 [Train]:  25%|██▌       | 117/459 [00:11<00:32, 10.45it/s]
Epoch 40/50 [Train]:  26%|██▌       | 119/459 [00:11<00:32, 10.38it/s]
Epoch 40/50 [Train]:  26%|██▋       | 121/459 [00:11<00:32, 10.33it/s]
Epoch 40/50 [Train]:  27%|██▋       | 123/459 [00:11<00:32, 10.36it/s]
Epoch 40/50 [Train]:  27%|██▋       | 125/459 [00:12<00:32, 10.35it/s]
Epoch 40/50 [Train]:  28%|██▊       | 127/459 [00:12<00:32, 10.24it/s]
Epoch 40/50 [Train]:  28%|██▊       | 129/459 [00:12<00:31, 10.31it/s]
Epoch 40/50 [Train]:  29%|██▊       | 131/459 [00:12<00:31, 10.34it/s]
Epoch 40/50 [Train]:  29%|██▉       | 133/459 [00:12<00:31, 10.24it/s]
Epoch 40/50 [Train]:  29%|██▉       | 135/459 [00:13<00:31, 10.29it/s]
Epoch 40/50 [Train]:  30%|██▉       | 137/459 [00:13<00:31, 10.27it/s]
Epoch 40/50 [Train]:  30%|███       | 139/459 [00:13<00:31, 10.30it/s]
Epoch 40/50 [Train]:  31%|███       | 141/459 [00:13<00:30, 10.27it/s]
Epoch 40/50 [Train]:  31%|███       | 143/459 [00:13<00:30, 10.32it/s]
Epoch 40/50 [Train]:  32%|███▏      | 145/459 [00:14<00:30, 10.29it/s]
Epoch 40/50 [Train]:  32%|███▏      | 147/459 [00:14<00:30, 10.28it/s]
Epoch 40/50 [Train]:  32%|███▏      | 149/459 [00:14<00:30, 10.26it/s]
Epoch 40/50 [Train]:  33%|███▎      | 151/459 [00:14<00:29, 10.31it/s]
Epoch 40/50 [Train]:  33%|███▎      | 153/459 [00:14<00:29, 10.35it/s]
Epoch 40/50 [Train]:  34%|███▍      | 155/459 [00:15<00:29, 10.38it/s]
Epoch 40/50 [Train]:  34%|███▍      | 157/459 [00:15<00:28, 10.43it/s]
Epoch 40/50 [Train]:  35%|███▍      | 159/459 [00:15<00:28, 10.46it/s]
Epoch 40/50 [Train]:  35%|███▌      | 161/459 [00:15<00:28, 10.50it/s]
Epoch 40/50 [Train]:  36%|███▌      | 163/459 [00:15<00:28, 10.49it/s]
Epoch 40/50 [Train]:  36%|███▌      | 165/459 [00:15<00:28, 10.45it/s]
Epoch 40/50 [Train]:  36%|███▋      | 167/459 [00:16<00:27, 10.43it/s]
Epoch 40/50 [Train]:  37%|███▋      | 169/459 [00:16<00:28, 10.33it/s]
Epoch 40/50 [Train]:  37%|███▋      | 171/459 [00:16<00:27, 10.39it/s]
Epoch 40/50 [Train]:  38%|███▊      | 173/459 [00:16<00:27, 10.25it/s]
Epoch 40/50 [Train]:  38%|███▊      | 175/459 [00:16<00:27, 10.22it/s]
Epoch 40/50 [Train]:  39%|███▊      | 177/459 [00:17<00:27, 10.22it/s]
Epoch 40/50 [Train]:  39%|███▉      | 179/459 [00:17<00:27, 10.16it/s]
Epoch 40/50 [Train]:  39%|███▉      | 181/459 [00:17<00:27, 10.23it/s]
Epoch 40/50 [Train]:  40%|███▉      | 183/459 [00:17<00:27, 10.14it/s]
Epoch 40/50 [Train]:  40%|████      | 185/459 [00:17<00:26, 10.24it/s]
Epoch 40/50 [Train]:  41%|████      | 187/459 [00:18<00:26, 10.32it/s]
Epoch 40/50 [Train]:  41%|████      | 189/459 [00:18<00:26, 10.22it/s]
Epoch 40/50 [Train]:  42%|████▏     | 191/459 [00:18<00:26, 10.26it/s]
Epoch 40/50 [Train]:  42%|████▏     | 193/459 [00:18<00:25, 10.27it/s]
Epoch 40/50 [Train]:  42%|████▏     | 195/459 [00:18<00:25, 10.27it/s]
Epoch 40/50 [Train]:  43%|████▎     | 197/459 [00:19<00:25, 10.31it/s]
Epoch 40/50 [Train]:  43%|████▎     | 199/459 [00:19<00:25, 10.30it/s]
Epoch 40/50 [Train]:  44%|████▍     | 201/459 [00:19<00:25, 10.30it/s]
Epoch 40/50 [Train]:  44%|████▍     | 203/459 [00:19<00:24, 10.32it/s]
Epoch 40/50 [Train]:  45%|████▍     | 205/459 [00:19<00:24, 10.35it/s]
Epoch 40/50 [Train]:  45%|████▌     | 207/459 [00:20<00:24, 10.35it/s]
Epoch 40/50 [Train]:  46%|████▌     | 209/459 [00:20<00:24, 10.36it/s]
Epoch 40/50 [Train]:  46%|████▌     | 211/459 [00:20<00:23, 10.40it/s]
Epoch 40/50 [Train]:  46%|████▋     | 213/459 [00:20<00:23, 10.34it/s]
Epoch 40/50 [Train]:  47%|████▋     | 215/459 [00:20<00:23, 10.39it/s]
Epoch 40/50 [Train]:  47%|████▋     | 217/459 [00:21<00:23, 10.34it/s]
Epoch 40/50 [Train]:  48%|████▊     | 219/459 [00:21<00:23, 10.34it/s]
Epoch 40/50 [Train]:  48%|████▊     | 221/459 [00:21<00:22, 10.37it/s]
Epoch 40/50 [Train]:  49%|████▊     | 223/459 [00:21<00:22, 10.32it/s]
Epoch 40/50 [Train]:  49%|████▉     | 225/459 [00:21<00:22, 10.33it/s]
Epoch 40/50 [Train]:  49%|████▉     | 227/459 [00:21<00:22, 10.34it/s]
Epoch 40/50 [Train]:  50%|████▉     | 229/459 [00:22<00:22, 10.22it/s]
Epoch 40/50 [Train]:  50%|█████     | 231/459 [00:22<00:22, 10.24it/s]
Epoch 40/50 [Train]:  51%|█████     | 233/459 [00:22<00:22, 10.27it/s]
Epoch 40/50 [Train]:  51%|█████     | 235/459 [00:22<00:21, 10.30it/s]
Epoch 40/50 [Train]:  52%|█████▏    | 237/459 [00:22<00:21, 10.34it/s]
Epoch 40/50 [Train]:  52%|█████▏    | 239/459 [00:23<00:21, 10.37it/s]
Epoch 40/50 [Train]:  53%|█████▎    | 241/459 [00:23<00:20, 10.41it/s]
Epoch 40/50 [Train]:  53%|█████▎    | 243/459 [00:23<00:20, 10.34it/s]
Epoch 40/50 [Train]:  53%|█████▎    | 245/459 [00:23<00:20, 10.33it/s]
Epoch 40/50 [Train]:  54%|█████▍    | 247/459 [00:23<00:20, 10.36it/s]
Epoch 40/50 [Train]:  54%|█████▍    | 249/459 [00:24<00:20, 10.38it/s]
Epoch 40/50 [Train]:  55%|█████▍    | 251/459 [00:24<00:20, 10.33it/s]
Epoch 40/50 [Train]:  55%|█████▌    | 253/459 [00:24<00:19, 10.37it/s]
Epoch 40/50 [Train]:  56%|█████▌    | 255/459 [00:24<00:19, 10.37it/s]
Epoch 40/50 [Train]:  56%|█████▌    | 257/459 [00:24<00:19, 10.37it/s]
Epoch 40/50 [Train]:  56%|█████▋    | 259/459 [00:25<00:19, 10.37it/s]
Epoch 40/50 [Train]:  57%|█████▋    | 261/459 [00:25<00:19, 10.25it/s]
Epoch 40/50 [Train]:  57%|█████▋    | 263/459 [00:25<00:19, 10.25it/s]
Epoch 40/50 [Train]:  58%|█████▊    | 265/459 [00:25<00:18, 10.26it/s]
Epoch 40/50 [Train]:  58%|█████▊    | 267/459 [00:25<00:18, 10.27it/s]
Epoch 40/50 [Train]:  59%|█████▊    | 269/459 [00:26<00:18, 10.32it/s]
Epoch 40/50 [Train]:  59%|█████▉    | 271/459 [00:26<00:18, 10.34it/s]
Epoch 40/50 [Train]:  59%|█████▉    | 273/459 [00:26<00:17, 10.35it/s]
Epoch 40/50 [Train]:  60%|█████▉    | 275/459 [00:26<00:17, 10.38it/s]
Epoch 40/50 [Train]:  60%|██████    | 277/459 [00:26<00:17, 10.39it/s]
Epoch 40/50 [Train]:  61%|██████    | 279/459 [00:27<00:17, 10.42it/s]
Epoch 40/50 [Train]:  61%|██████    | 281/459 [00:27<00:17, 10.41it/s]
Epoch 40/50 [Train]:  62%|██████▏   | 283/459 [00:27<00:16, 10.37it/s]
Epoch 40/50 [Train]:  62%|██████▏   | 285/459 [00:27<00:16, 10.39it/s]
Epoch 40/50 [Train]:  63%|██████▎   | 287/459 [00:27<00:16, 10.35it/s]
Epoch 40/50 [Train]:  63%|██████▎   | 289/459 [00:27<00:16, 10.29it/s]
Epoch 40/50 [Train]:  63%|██████▎   | 291/459 [00:28<00:16, 10.33it/s]
Epoch 40/50 [Train]:  64%|██████▍   | 293/459 [00:28<00:16, 10.31it/s]
Epoch 40/50 [Train]:  64%|██████▍   | 295/459 [00:28<00:15, 10.32it/s]
Epoch 40/50 [Train]:  65%|██████▍   | 297/459 [00:28<00:15, 10.38it/s]
Epoch 40/50 [Train]:  65%|██████▌   | 299/459 [00:28<00:15, 10.38it/s]
Epoch 40/50 [Train]:  66%|██████▌   | 301/459 [00:29<00:15, 10.40it/s]
Epoch 40/50 [Train]:  66%|██████▌   | 303/459 [00:29<00:14, 10.43it/s]
Epoch 40/50 [Train]:  66%|██████▋   | 305/459 [00:29<00:14, 10.43it/s]
Epoch 40/50 [Train]:  67%|██████▋   | 307/459 [00:29<00:14, 10.50it/s]
Epoch 40/50 [Train]:  67%|██████▋   | 309/459 [00:29<00:14, 10.45it/s]
Epoch 40/50 [Train]:  68%|██████▊   | 311/459 [00:30<00:14, 10.42it/s]
Epoch 40/50 [Train]:  68%|██████▊   | 313/459 [00:30<00:14, 10.29it/s]
Epoch 40/50 [Train]:  69%|██████▊   | 315/459 [00:30<00:13, 10.35it/s]
Epoch 40/50 [Train]:  69%|██████▉   | 317/459 [00:30<00:13, 10.36it/s]
Epoch 40/50 [Train]:  69%|██████▉   | 319/459 [00:30<00:13, 10.29it/s]
Epoch 40/50 [Train]:  70%|██████▉   | 321/459 [00:31<00:13, 10.28it/s]
Epoch 40/50 [Train]:  70%|███████   | 323/459 [00:31<00:13, 10.16it/s]
Epoch 40/50 [Train]:  71%|███████   | 325/459 [00:31<00:13, 10.20it/s]
Epoch 40/50 [Train]:  71%|███████   | 327/459 [00:31<00:12, 10.28it/s]
Epoch 40/50 [Train]:  72%|███████▏  | 329/459 [00:31<00:12, 10.26it/s]
Epoch 40/50 [Train]:  72%|███████▏  | 331/459 [00:32<00:12, 10.30it/s]
Epoch 40/50 [Train]:  73%|███████▎  | 333/459 [00:32<00:12, 10.34it/s]
Epoch 40/50 [Train]:  73%|███████▎  | 335/459 [00:32<00:11, 10.37it/s]
Epoch 40/50 [Train]:  73%|███████▎  | 337/459 [00:32<00:11, 10.28it/s]
Epoch 40/50 [Train]:  74%|███████▍  | 339/459 [00:32<00:11, 10.30it/s]
Epoch 40/50 [Train]:  74%|███████▍  | 341/459 [00:33<00:11, 10.31it/s]
Epoch 40/50 [Train]:  75%|███████▍  | 343/459 [00:33<00:11, 10.28it/s]
Epoch 40/50 [Train]:  75%|███████▌  | 345/459 [00:33<00:11, 10.36it/s]
Epoch 40/50 [Train]:  76%|███████▌  | 347/459 [00:33<00:10, 10.41it/s]
Epoch 40/50 [Train]:  76%|███████▌  | 349/459 [00:33<00:10, 10.45it/s]
Epoch 40/50 [Train]:  76%|███████▋  | 351/459 [00:33<00:10, 10.43it/s]
Epoch 40/50 [Train]:  77%|███████▋  | 353/459 [00:34<00:10, 10.34it/s]
Epoch 40/50 [Train]:  77%|███████▋  | 355/459 [00:34<00:10, 10.38it/s]
Epoch 40/50 [Train]:  78%|███████▊  | 357/459 [00:34<00:09, 10.42it/s]
Epoch 40/50 [Train]:  78%|███████▊  | 359/459 [00:34<00:09, 10.43it/s]
Epoch 40/50 [Train]:  79%|███████▊  | 361/459 [00:34<00:09, 10.39it/s]
Epoch 40/50 [Train]:  79%|███████▉  | 363/459 [00:35<00:09, 10.46it/s]
Epoch 40/50 [Train]:  80%|███████▉  | 365/459 [00:35<00:09, 10.41it/s]
Epoch 40/50 [Train]:  80%|███████▉  | 367/459 [00:35<00:08, 10.48it/s]
Epoch 40/50 [Train]:  80%|████████  | 369/459 [00:35<00:08, 10.50it/s]
Epoch 40/50 [Train]:  81%|████████  | 371/459 [00:35<00:08, 10.49it/s]
Epoch 40/50 [Train]:  81%|████████▏ | 373/459 [00:36<00:08, 10.54it/s]
Epoch 40/50 [Train]:  82%|████████▏ | 375/459 [00:36<00:08, 10.43it/s]
Epoch 40/50 [Train]:  82%|████████▏ | 377/459 [00:36<00:07, 10.39it/s]
Epoch 40/50 [Train]:  83%|████████▎ | 379/459 [00:36<00:07, 10.48it/s]
Epoch 40/50 [Train]:  83%|████████▎ | 381/459 [00:36<00:07, 10.46it/s]
Epoch 40/50 [Train]:  83%|████████▎ | 383/459 [00:37<00:07, 10.46it/s]
Epoch 40/50 [Train]:  84%|████████▍ | 385/459 [00:37<00:07, 10.49it/s]
Epoch 40/50 [Train]:  84%|████████▍ | 387/459 [00:37<00:06, 10.51it/s]
Epoch 40/50 [Train]:  85%|████████▍ | 389/459 [00:37<00:06, 10.51it/s]
Epoch 40/50 [Train]:  85%|████████▌ | 391/459 [00:37<00:06, 10.46it/s]
Epoch 40/50 [Train]:  86%|████████▌ | 393/459 [00:37<00:06, 10.47it/s]
Epoch 40/50 [Train]:  86%|████████▌ | 395/459 [00:38<00:06, 10.37it/s]
Epoch 40/50 [Train]:  86%|████████▋ | 397/459 [00:38<00:05, 10.35it/s]
Epoch 40/50 [Train]:  87%|████████▋ | 399/459 [00:38<00:05, 10.40it/s]
Epoch 40/50 [Train]:  87%|████████▋ | 401/459 [00:38<00:05, 10.35it/s]
Epoch 40/50 [Train]:  88%|████████▊ | 403/459 [00:38<00:05, 10.38it/s]
Epoch 40/50 [Train]:  88%|████████▊ | 405/459 [00:39<00:05, 10.33it/s]
Epoch 40/50 [Train]:  89%|████████▊ | 407/459 [00:39<00:05, 10.37it/s]
Epoch 40/50 [Train]:  89%|████████▉ | 409/459 [00:39<00:04, 10.44it/s]
Epoch 40/50 [Train]:  90%|████████▉ | 411/459 [00:39<00:04, 10.49it/s]
Epoch 40/50 [Train]:  90%|████████▉ | 413/459 [00:39<00:04, 10.50it/s]
Epoch 40/50 [Train]:  90%|█████████ | 415/459 [00:40<00:04, 10.49it/s]
Epoch 40/50 [Train]:  91%|█████████ | 417/459 [00:40<00:04, 10.48it/s]
Epoch 40/50 [Train]:  91%|█████████▏| 419/459 [00:40<00:03, 10.47it/s]
Epoch 40/50 [Train]:  92%|█████████▏| 421/459 [00:40<00:03, 10.53it/s]
Epoch 40/50 [Train]:  92%|█████████▏| 423/459 [00:40<00:03, 10.50it/s]
Epoch 40/50 [Train]:  93%|█████████▎| 425/459 [00:41<00:03, 10.45it/s]
Epoch 40/50 [Train]:  93%|█████████▎| 427/459 [00:41<00:03, 10.41it/s]
Epoch 40/50 [Train]:  93%|█████████▎| 429/459 [00:41<00:02, 10.46it/s]
Epoch 40/50 [Train]:  94%|█████████▍| 431/459 [00:41<00:02, 10.50it/s]
Epoch 40/50 [Train]:  94%|█████████▍| 433/459 [00:41<00:02, 10.50it/s]
Epoch 40/50 [Train]:  95%|█████████▍| 435/459 [00:42<00:02, 10.52it/s]
Epoch 40/50 [Train]:  95%|█████████▌| 437/459 [00:42<00:02, 10.43it/s]
Epoch 40/50 [Train]:  96%|█████████▌| 439/459 [00:42<00:01, 10.45it/s]
Epoch 40/50 [Train]:  96%|█████████▌| 441/459 [00:42<00:01, 10.52it/s]
Epoch 40/50 [Train]:  97%|█████████▋| 443/459 [00:42<00:01, 10.40it/s]
Epoch 40/50 [Train]:  97%|█████████▋| 445/459 [00:42<00:01, 10.43it/s]
Epoch 40/50 [Train]:  97%|█████████▋| 447/459 [00:43<00:01, 10.36it/s]
Epoch 40/50 [Train]:  98%|█████████▊| 449/459 [00:43<00:00, 10.40it/s]
Epoch 40/50 [Train]:  98%|█████████▊| 451/459 [00:43<00:00, 10.47it/s]
Epoch 40/50 [Train]:  99%|█████████▊| 453/459 [00:43<00:00, 10.51it/s]
Epoch 40/50 [Train]:  99%|█████████▉| 455/459 [00:43<00:00, 10.42it/s]
Epoch 40/50 [Train]: 100%|█████████▉| 457/459 [00:44<00:00, 10.44it/s]
Epoch 40/50 [Train]: 100%|██████████| 459/459 [00:44<00:00, 10.42it/s]
                                                                      

Epoch 40/50 [Val]:   0%|          | 0/113 [00:00<?, ?it/s]
Epoch 40/50 [Val]:   2%|▏         | 2/113 [00:00<00:07, 14.54it/s]
Epoch 40/50 [Val]:   4%|▎         | 4/113 [00:00<00:07, 14.36it/s]
Epoch 40/50 [Val]:   5%|▌         | 6/113 [00:00<00:07, 13.95it/s]
Epoch 40/50 [Val]:   7%|▋         | 8/113 [00:00<00:07, 14.16it/s]
Epoch 40/50 [Val]:   9%|▉         | 10/113 [00:00<00:07, 14.24it/s]
Epoch 40/50 [Val]:  11%|█         | 12/113 [00:00<00:07, 14.17it/s]
Epoch 40/50 [Val]:  12%|█▏        | 14/113 [00:00<00:07, 14.08it/s]
Epoch 40/50 [Val]:  14%|█▍        | 16/113 [00:01<00:07, 13.64it/s]
Epoch 40/50 [Val]:  16%|█▌        | 18/113 [00:01<00:07, 13.43it/s]
Epoch 40/50 [Val]:  18%|█▊        | 20/113 [00:01<00:06, 13.34it/s]
Epoch 40/50 [Val]:  19%|█▉        | 22/113 [00:01<00:06, 13.29it/s]
Epoch 40/50 [Val]:  21%|██        | 24/113 [00:01<00:06, 13.10it/s]
Epoch 40/50 [Val]:  23%|██▎       | 26/113 [00:01<00:06, 13.18it/s]
Epoch 40/50 [Val]:  25%|██▍       | 28/113 [00:02<00:06, 13.37it/s]
Epoch 40/50 [Val]:  27%|██▋       | 30/113 [00:02<00:06, 13.60it/s]
Epoch 40/50 [Val]:  28%|██▊       | 32/113 [00:02<00:05, 13.79it/s]
Epoch 40/50 [Val]:  30%|███       | 34/113 [00:02<00:05, 13.91it/s]
Epoch 40/50 [Val]:  32%|███▏      | 36/113 [00:02<00:05, 14.18it/s]
Epoch 40/50 [Val]:  34%|███▎      | 38/113 [00:02<00:05, 14.28it/s]
Epoch 40/50 [Val]:  35%|███▌      | 40/113 [00:02<00:05, 14.35it/s]
Epoch 40/50 [Val]:  37%|███▋      | 42/113 [00:03<00:04, 14.48it/s]
Epoch 40/50 [Val]:  39%|███▉      | 44/113 [00:03<00:04, 14.05it/s]
Epoch 40/50 [Val]:  41%|████      | 46/113 [00:03<00:04, 13.96it/s]
Epoch 40/50 [Val]:  42%|████▏     | 48/113 [00:03<00:04, 13.98it/s]
Epoch 40/50 [Val]:  44%|████▍     | 50/113 [00:03<00:04, 14.10it/s]
Epoch 40/50 [Val]:  46%|████▌     | 52/113 [00:03<00:04, 14.39it/s]
Epoch 40/50 [Val]:  48%|████▊     | 54/113 [00:03<00:04, 14.09it/s]
Epoch 40/50 [Val]:  50%|████▉     | 56/113 [00:04<00:04, 13.91it/s]
Epoch 40/50 [Val]:  51%|█████▏    | 58/113 [00:04<00:04, 13.72it/s]
Epoch 40/50 [Val]:  53%|█████▎    | 60/113 [00:04<00:03, 13.90it/s]
Epoch 40/50 [Val]:  55%|█████▍    | 62/113 [00:04<00:03, 13.67it/s]
Epoch 40/50 [Val]:  57%|█████▋    | 64/113 [00:04<00:03, 13.80it/s]
Epoch 40/50 [Val]:  58%|█████▊    | 66/113 [00:04<00:03, 13.67it/s]
Epoch 40/50 [Val]:  60%|██████    | 68/113 [00:04<00:03, 13.60it/s]
Epoch 40/50 [Val]:  62%|██████▏   | 70/113 [00:05<00:03, 13.90it/s]
Epoch 40/50 [Val]:  64%|██████▎   | 72/113 [00:05<00:02, 14.09it/s]
Epoch 40/50 [Val]:  65%|██████▌   | 74/113 [00:05<00:02, 14.10it/s]
Epoch 40/50 [Val]:  67%|██████▋   | 76/113 [00:05<00:02, 14.27it/s]
Epoch 40/50 [Val]:  69%|██████▉   | 78/113 [00:05<00:02, 14.09it/s]
Epoch 40/50 [Val]:  71%|███████   | 80/113 [00:05<00:02, 14.15it/s]
Epoch 40/50 [Val]:  73%|███████▎  | 82/113 [00:05<00:02, 14.12it/s]
Epoch 40/50 [Val]:  74%|███████▍  | 84/113 [00:06<00:02, 14.35it/s]
Epoch 40/50 [Val]:  76%|███████▌  | 86/113 [00:06<00:01, 14.34it/s]
Epoch 40/50 [Val]:  78%|███████▊  | 88/113 [00:06<00:01, 14.28it/s]
Epoch 40/50 [Val]:  80%|███████▉  | 90/113 [00:06<00:01, 14.47it/s]
Epoch 40/50 [Val]:  81%|████████▏ | 92/113 [00:06<00:01, 14.38it/s]
Epoch 40/50 [Val]:  83%|████████▎ | 94/113 [00:06<00:01, 14.53it/s]
Epoch 40/50 [Val]:  85%|████████▍ | 96/113 [00:06<00:01, 14.68it/s]
Epoch 40/50 [Val]:  87%|████████▋ | 98/113 [00:06<00:01, 14.80it/s]
Epoch 40/50 [Val]:  88%|████████▊ | 100/113 [00:07<00:00, 14.66it/s]
Epoch 40/50 [Val]:  90%|█████████ | 102/113 [00:07<00:00, 14.47it/s]
Epoch 40/50 [Val]:  92%|█████████▏| 104/113 [00:07<00:00, 14.70it/s]
Epoch 40/50 [Val]:  94%|█████████▍| 106/113 [00:07<00:00, 14.65it/s]
Epoch 40/50 [Val]:  96%|█████████▌| 108/113 [00:07<00:00, 14.69it/s]
Epoch 40/50 [Val]:  97%|█████████▋| 110/113 [00:07<00:00, 14.76it/s]
Epoch 40/50 [Val]:  99%|█████████▉| 112/113 [00:07<00:00, 14.81it/s]
                                                                    

Test:   0%|          | 0/109 [00:00<?, ?it/s]
Test:   2%|▏         | 2/109 [00:00<00:07, 13.49it/s]
Test:   4%|▎         | 4/109 [00:00<00:07, 13.61it/s]
Test:   6%|▌         | 6/109 [00:00<00:07, 13.42it/s]
Test:   7%|▋         | 8/109 [00:00<00:07, 13.53it/s]
Test:   9%|▉         | 10/109 [00:00<00:07, 13.40it/s]
Test:  11%|█         | 12/109 [00:00<00:07, 13.58it/s]
Test:  13%|█▎        | 14/109 [00:01<00:06, 13.63it/s]
Test:  15%|█▍        | 16/109 [00:01<00:06, 13.63it/s]
Test:  17%|█▋        | 18/109 [00:01<00:06, 13.65it/s]
Test:  18%|█▊        | 20/109 [00:01<00:06, 13.15it/s]
Test:  20%|██        | 22/109 [00:01<00:06, 12.96it/s]
Test:  22%|██▏       | 24/109 [00:01<00:06, 12.88it/s]
Test:  24%|██▍       | 26/109 [00:01<00:06, 13.21it/s]
Test:  26%|██▌       | 28/109 [00:02<00:06, 13.11it/s]
Test:  28%|██▊       | 30/109 [00:02<00:06, 13.09it/s]
Test:  29%|██▉       | 32/109 [00:02<00:05, 13.27it/s]
Test:  31%|███       | 34/109 [00:02<00:05, 13.39it/s]
Test:  33%|███▎      | 36/109 [00:02<00:05, 13.42it/s]
Test:  35%|███▍      | 38/109 [00:02<00:05, 13.49it/s]
Test:  37%|███▋      | 40/109 [00:03<00:05, 13.19it/s]
Test:  39%|███▊      | 42/109 [00:03<00:05, 13.31it/s]
Test:  40%|████      | 44/109 [00:03<00:04, 13.34it/s]
Test:  42%|████▏     | 46/109 [00:03<00:04, 13.15it/s]
Test:  44%|████▍     | 48/109 [00:03<00:04, 13.10it/s]
Test:  46%|████▌     | 50/109 [00:03<00:04, 13.15it/s]
Test:  48%|████▊     | 52/109 [00:03<00:04, 13.07it/s]
Test:  50%|████▉     | 54/109 [00:04<00:04, 13.24it/s]
Test:  51%|█████▏    | 56/109 [00:04<00:03, 13.27it/s]
Test:  53%|█████▎    | 58/109 [00:04<00:03, 13.67it/s]
Test:  55%|█████▌    | 60/109 [00:04<00:03, 13.77it/s]
Test:  57%|█████▋    | 62/109 [00:04<00:03, 13.95it/s]
Test:  59%|█████▊    | 64/109 [00:04<00:03, 14.08it/s]
Test:  61%|██████    | 66/109 [00:04<00:03, 14.22it/s]
Test:  62%|██████▏   | 68/109 [00:05<00:02, 14.24it/s]
Test:  64%|██████▍   | 70/109 [00:05<00:02, 14.29it/s]
Test:  66%|██████▌   | 72/109 [00:05<00:02, 14.29it/s]
Test:  68%|██████▊   | 74/109 [00:05<00:02, 14.29it/s]
Test:  70%|██████▉   | 76/109 [00:05<00:02, 14.35it/s]
Test:  72%|███████▏  | 78/109 [00:05<00:02, 14.46it/s]
Test:  73%|███████▎  | 80/109 [00:05<00:02, 14.33it/s]
Test:  75%|███████▌  | 82/109 [00:06<00:01, 14.41it/s]
Test:  77%|███████▋  | 84/109 [00:06<00:01, 14.43it/s]
Test:  79%|███████▉  | 86/109 [00:06<00:01, 14.38it/s]
Test:  81%|████████  | 88/109 [00:06<00:01, 14.48it/s]
Test:  83%|████████▎ | 90/109 [00:06<00:01, 14.14it/s]
Test:  84%|████████▍ | 92/109 [00:06<00:01, 13.90it/s]
Test:  86%|████████▌ | 94/109 [00:06<00:01, 13.61it/s]
Test:  88%|████████▊ | 96/109 [00:07<00:00, 13.85it/s]
Test:  90%|████████▉ | 98/109 [00:07<00:00, 14.20it/s]
Test:  92%|█████████▏| 100/109 [00:07<00:00, 14.35it/s]
Test:  94%|█████████▎| 102/109 [00:07<00:00, 14.13it/s]
Test:  95%|█████████▌| 104/109 [00:07<00:00, 14.42it/s]
Test:  97%|█████████▋| 106/109 [00:07<00:00, 14.70it/s]
Test:  99%|█████████▉| 108/109 [00:07<00:00, 14.61it/s]
Test: 100%|██████████| 109/109 [00:07<00:00, 13.78it/s]
